UniProtKB-AC,SUPERFAMILY_Ndomains,SUPERFAMILY_domains,Gene3D_Ndomains,Gene3D_domains,PANTHER_Ndomains,PANTHER_domains,Pfam_Ndomains,Pfam_domains,PROSITE_PROFILE_Ndomains,PROSITE_PROFILE_domains,PROSITE_PATTERN_Ndomains,PROSITE_PATTERN_domains,SMART_Ndomains,SMART_domains,TIGRFAM_Ndomains,TIGRFAM_domains
A0A178W0K0,1.0,{'1': '83-293'},2.0,"{'1': '72-208', '2': '209-304'}",1.0,{'1': '76-294'},,,,,,,,,,
A0A1P8B2U5,1.0,{'1': '110-183'},1.0,{'1': '103-209'},1.0,{'1': '45-352'},1.0,{'1': '115-180'},2.0,"{'1': '139-154', '2': '155-175'}",1.0,{'1': '115-183'},1.0,{'1': '114-175'},,
A0A1P8B4A5,1.0,{'1': '47-311'},,,1.0,{'1': '40-709'},1.0,{'1': '49-309'},,,2.0,"{'1': '49-310', '2': '55-78'}",1.0,{'1': '49-310'},,
A0A1P8BA53,,,2.0,"{'1': '78-219', '2': '220-365'}",,,2.0,"{'1': '82-210', '2': '233-358'}",,,2.0,"{'1': '78-210', '2': '230-358'}",2.0,"{'1': '83-191', '2': '232-339'}",,
A1A6M1,2.0,"{'1': '176-243', '2': '324-385'}",1.0,{'1': '170-244'},,,1.0,{'1': '184-242'},,,,,,,,
A2RVM0,1.0,{'1': '29-292'},,,1.0,{'1': '1-309'},1.0,{'1': '31-179'},4.0,"{'1': '31-48', '2': '107-118', '3': '157-173', '4': '221-238'}",,,,,,
A2RVS6,1.0,{'1': '6-188'},2.0,"{'1': '2-117', '2': '122-199'}",1.0,{'1': '5-287'},2.0,"{'1': '9-76', '2': '124-186'}",,,2.0,"{'1': '7-82', '2': '122-200'}",2.0,"{'1': '8-78', '2': '123-196'}",,
A3KPF2,1.0,{'1': '154-465'},1.0,{'1': '130-291'},1.0,{'1': '66-467'},2.0,"{'1': '309-449', '2': '9-116'}",,,1.0,{'1': '144-459'},,,,
A4GSN8,,,,,,,3.0,"{'1': '1045-1171', '2': '171-250', '3': '491-596'}",,,,,,,,
A6QRA1,2.0,"{'1': '84-174', '2': '1-81'}",2.0,"{'1': '85-175', '2': '1-84'}",1.0,{'1': '1-163'},1.0,{'1': '9-68'},,,,,,,,
A8MR31,,,1.0,{'1': '148-239'},1.0,{'1': '28-238'},1.0,{'1': '172-224'},,,,,,,,
A8MR65,,,,,1.0,{'1': '11-201'},,,,,,,,,,
A8MS68,2.0,"{'1': '436-552', '2': '79-427'}",3.0,"{'1': '436-562', '2': '88-419', '3': '229-356'}",1.0,{'1': '84-554'},2.0,"{'1': '437-548', '2': '87-418'}",,,1.0,{'1': '121-131'},,,1.0,{'1': '87-554'}
A8MS85,6.0,"{'1': '887-976', '2': '989-1077', '3': '716-871', '4': '1098-1178', '5': '1228-1314', '6': '1360-1411'}",7.0,"{'1': '1096-1185', '2': '281-471', '3': '472-909', '4': '1211-1322', '5': '1323-1420', '6': '706-1095', '7': '984-1076'}",1.0,{'1': '10-1460'},7.0,"{'1': '31-118', '2': '715-871', '3': '875-975', '4': '1192-1409', '5': '990-1075', '6': '1089-1174', '7': '510-681'}",,,1.0,{'1': '1103-1174'},2.0,"{'1': '1101-1174', '2': '716-834'}",,
A8R7E6,1.0,{'1': '303-590'},,,1.0,{'1': '12-606'},3.0,"{'1': '325-589', '2': '101-149', '3': '168-211'}",,,4.0,"{'1': '322-594', '2': '437-449', '3': '328-350', '4': '168-211'}",1.0,{'1': '322-594'},,
A9LLI7,2.0,"{'1': '461-555', '2': '195-459'}",2.0,"{'1': '188-467', '2': '468-559'}",1.0,{'1': '29-868'},2.0,"{'1': '482-549', '2': '262-428'}",,,1.0,{'1': '479-559'},2.0,"{'1': '479-559', '2': '260-429'}",,
A9LNK9,1.0,{'1': '62-85'},,,1.0,{'1': '31-626'},1.0,{'1': '237-371'},,,3.0,"{'1': '60-87', '2': '114-141', '3': '237-372'}",3.0,"{'1': '60-86', '2': '88-114', '3': '116-140'}",,
A9QM73,1.0,{'1': '29-587'},1.0,{'1': '21-262'},1.0,{'1': '10-1014'},2.0,"{'1': '203-531', '2': '68-190'}",,,,,,,,
B3H5K9,1.0,{'1': '12-325'},2.0,"{'1': '6-182', '2': '183-347'}",1.0,{'1': '4-781'},2.0,"{'1': '44-70', '2': '141-321'}",,,1.0,{'1': '193-216'},6.0,"{'1': '31-71', '2': '73-121', '3': '124-163', '4': '166-207', '5': '211-251', '6': '253-292'}",,
B3LF48,2.0,"{'1': '15-90', '2': '192-467'}",1.0,{'1': '200-428'},,,4.0,"{'1': '17-90', '2': '163-195', '3': '435-536', '4': '200-360'}",,,4.0,"{'1': '16-94', '2': '15-50', '3': '52-84', '4': '194-430'}",3.0,"{'1': '9-104', '2': '19-47', '3': '53-81'}",,
B7U179,3.0,"{'1': '559-662', '2': '64-214', '3': '199-537'}",5.0,"{'1': '559-703', '2': '17-194', '3': '195-296', '4': '297-458', '5': '459-548'}",1.0,{'1': '29-730'},4.0,"{'1': '562-663', '2': '215-250', '3': '256-295', '4': '298-333'}",,,5.0,"{'1': '568-635', '2': '225-260', '3': '267-309', '4': '351-393', '5': '392-434'}",9.0,"{'1': '568-665', '2': '111-162', '3': '164-212', '4': '213-254', '5': '256-296', '6': '298-338', '7': '340-380', '8': '381-421', '9': '496-536'}",,
B7ZWR6,1.0,{'1': '99-224'},1.0,{'1': '89-231'},1.0,{'1': '5-281'},1.0,{'1': '180-213'},,,1.0,{'1': '180-213'},3.0,"{'1': '103-136', '2': '146-179', '3': '180-213'}",,
B9DFI7,2.0,"{'1': '129-323', '2': '443-581'}",1.0,{'1': '190-368'},1.0,{'1': '22-608'},1.0,{'1': '95-605'},,,,,,,,
B9DGT7,2.0,"{'1': '246-435', '2': '1-244'}",3.0,"{'1': '384-436', '2': '1-268', '3': '269-383'}",1.0,{'1': '2-438'},2.0,"{'1': '3-213', '2': '263-392'}",22.0,"{'1': '10-30', '2': '53-72', '3': '95-106', '4': '108-132', '5': '134-152', '6': '153-174', '7': '178-191', '8': '192-212', '9': '380-408', '10': '18-33', '11': '45-58', '12': '88-101', '13': '120-128', '14': '148-160', '15': '161-172', '16': '214-226', '17': '274-289', '18': '321-342', '19': '347-360', '20': '360-379', '21': '385-401', '22': '422-438'}",1.0,{'1': '142-148'},2.0,"{'1': '49-246', '2': '248-393'}",,
B9DHD7,1.0,{'1': '5-133'},1.0,{'1': '2-129'},1.0,{'1': '4-383'},1.0,{'1': '6-110'},,,1.0,{'1': '5-125'},,,,
B9DHQ0,2.0,"{'1': '246-435', '2': '1-244'}",3.0,"{'1': '384-436', '2': '1-268', '3': '269-383'}",1.0,{'1': '2-438'},2.0,"{'1': '3-213', '2': '263-392'}",22.0,"{'1': '10-30', '2': '53-72', '3': '95-106', '4': '108-132', '5': '134-152', '6': '153-174', '7': '178-191', '8': '192-212', '9': '380-408', '10': '18-33', '11': '45-58', '12': '88-101', '13': '120-128', '14': '148-160', '15': '161-172', '16': '214-226', '17': '274-289', '18': '321-342', '19': '347-360', '20': '360-379', '21': '385-401', '22': '422-438'}",2.0,"{'1': '1-4', '2': '142-148'}",2.0,"{'1': '49-246', '2': '248-393'}",,
C0LGD7,1.0,{'1': '610-928'},3.0,"{'1': '36-189', '2': '190-293', '3': '294-431'}",,,4.0,"{'1': '628-894', '2': '155-215', '3': '300-336', '4': '37-73'}",,,3.0,"{'1': '625-897', '2': '745-757', '3': '631-653'}",1.0,{'1': '625-897'},,
C0LGG8,1.0,{'1': '653-951'},3.0,"{'1': '41-200', '2': '201-268', '3': '269-378'}",1.0,{'1': '58-945'},7.0,"{'1': '672-939', '2': '115-136', '3': '186-208', '4': '210-232', '5': '235-256', '6': '284-342', '7': '409-592'}",,,2.0,"{'1': '669-950', '2': '791-803'}",4.0,"{'1': '669-950', '2': '113-137', '3': '184-208', '4': '305-328'}",,
C0LGG9,1.0,{'1': '651-951'},3.0,"{'1': '39-163', '2': '166-267', '3': '268-374'}",1.0,{'1': '60-943'},5.0,"{'1': '670-937', '2': '184-206', '3': '208-230', '4': '306-327', '5': '407-590'}",,,2.0,"{'1': '667-948', '2': '789-801'}",1.0,{'1': '667-936'},,
C0LGI2,1.0,{'1': '594-873'},1.0,{'1': '376-524'},,,4.0,"{'1': '608-873', '2': '462-484', '3': '486-505', '4': '29-362'}",,,3.0,"{'1': '606-880', '2': '727-739', '3': '612-634'}",1.0,{'1': '606-880'},,
C0LGL9,1.0,{'1': '290-571'},1.0,{'1': '30-215'},1.0,{'1': '73-573'},3.0,"{'1': '306-569', '2': '123-179', '3': '30-69'}",,,3.0,"{'1': '304-576', '2': '423-435', '3': '310-336'}",3.0,"{'1': '304-576', '2': '96-120', '3': '144-168'}",,
C0LGN2,1.0,{'1': '654-956'},2.0,"{'1': '30-261', '2': '262-398'}",1.0,{'1': '37-951'},7.0,"{'1': '676-942', '2': '113-132', '3': '160-181', '4': '183-205', '5': '208-229', '6': '303-324', '7': '405-590'}",,,2.0,"{'1': '672-949', '2': '794-806'}",1.0,{'1': '672-943'},,
C0LGQ9,1.0,{'1': '773-1050'},2.0,"{'1': '21-263', '2': '264-622'}",1.0,{'1': '8-1053'},11.0,"{'1': '774-973', '2': '264-284', '3': '288-305', '4': '312-330', '5': '338-354', '6': '360-378', '7': '403-422', '8': '430-486', '9': '500-559', '10': '22-67', '11': '112-222'}",,,1.0,{'1': '770-1053'},8.0,"{'1': '93-116', '2': '117-141', '3': '165-189', '4': '213-237', '5': '286-308', '6': '309-333', '7': '522-545', '8': '546-570'}",,
C0LGT1,1.0,{'1': '270-565'},1.0,{'1': '27-210'},1.0,{'1': '73-566'},4.0,"{'1': '293-564', '2': '143-165', '3': '28-67', '4': '95-131'}",,,3.0,"{'1': '290-569', '2': '413-425', '3': '296-318'}",5.0,"{'1': '290-564', '2': '93-116', '3': '117-140', '4': '141-164', '5': '165-189'}",,
C0LGT6,1.0,{'1': '688-993'},4.0,"{'1': '27-178', '2': '179-262', '3': '263-329', '4': '330-633'}",1.0,{'1': '405-994'},10.0,"{'1': '714-933', '2': '345-367', '3': '371-392', '4': '394-416', '5': '418-440', '6': '442-464', '7': '490-512', '8': '561-583', '9': '29-68', '10': '88-323'}",,,3.0,"{'1': '712-1001', '2': '845-857', '3': '718-741'}",9.0,"{'1': '712-1001', '2': '96-120', '3': '168-191', '4': '192-216', '5': '265-288', '6': '392-415', '7': '416-439', '8': '440-464', '9': '583-608'}",,
C0LGW6,1.0,{'1': '629-914'},3.0,"{'1': '25-189', '2': '190-280', '3': '291-573'}",1.0,{'1': '331-915'},13.0,"{'1': '652-910', '2': '96-118', '3': '217-238', '4': '242-262', '5': '288-309', '6': '314-333', '7': '336-357', '8': '360-381', '9': '407-428', '10': '503-525', '11': '139-179', '12': '431-490', '13': '27-67'}",,,3.0,"{'1': '648-921', '2': '769-781', '3': '654-676'}",11.0,"{'1': '648-915', '2': '94-118', '3': '142-165', '4': '166-190', '5': '214-238', '6': '285-309', '7': '333-356', '8': '357-381', '9': '405-429', '10': '453-476', '11': '501-525'}",,
C0SUU8,,,,,1.0,{'1': '60-870'},1.0,{'1': '721-820'},,,1.0,{'1': '614-837'},1.0,{'1': '595-837'},,
C0SV51,,,,,1.0,{'1': '15-476'},3.0,"{'1': '329-388', '2': '257-323', '3': '98-245'}",,,,,,,,
C0Z361,3.0,"{'1': '235-426', '2': '191-254', '3': '61-574'}",3.0,"{'1': '242-423', '2': '188-460', '3': '57-575'}",1.0,{'1': '51-583'},1.0,{'1': '74-576'},5.0,"{'1': '78-104', '2': '134-161', '3': '318-341', '4': '400-425', '5': '448-469'}",1.0,{'1': '455-466'},,,1.0,{'1': '52-579'}
C6KIE6,2.0,"{'1': '490-628', '2': '465-795'}",2.0,"{'1': '497-631', '2': '464-797'}",1.0,{'1': '22-387'},1.0,{'1': '460-805'},,,1.0,{'1': '461-853'},1.0,{'1': '443-805'},,
E5KGE0,,,1.0,{'1': '191-306'},,,2.0,"{'1': '225-285', '2': '64-160'}",,,2.0,"{'1': '208-301', '2': '174-214'}",1.0,{'1': '224-273'},,
F4HQA1,,,,,1.0,{'1': '172-587'},1.0,{'1': '194-516'},,,,,,,,
F4HRT5,,,,,1.0,{'1': '45-1132'},1.0,{'1': '48-344'},,,,,,,,
F4HW92,3.0,"{'1': '669-735', '2': '43-123', '3': '157-234'}",2.0,"{'1': '55-122', '2': '177-234'}",1.0,{'1': '50-722'},3.0,"{'1': '68-119', '2': '182-233', '3': '251-460'}",,,2.0,"{'1': '70-112', '2': '184-226'}",2.0,"{'1': '68-121', '2': '182-235'}",,
F4HWC3,,,,,1.0,{'1': '220-1353'},1.0,{'1': '1209-1244'},,,,,,,,
F4HWU0,1.0,{'1': '40-344'},,,1.0,{'1': '38-350'},1.0,{'1': '72-344'},,,3.0,"{'1': '68-348', '2': '194-206', '3': '74-97'}",1.0,{'1': '68-348'},,
F4HXQ7,,,,,1.0,{'1': '248-1112'},1.0,{'1': '892-982'},,,1.0,{'1': '888-986'},,,,
F4HXZ1,,,1.0,{'1': '6-370'},,,2.0,"{'1': '10-388', '2': '425-709'}",,,1.0,{'1': '5-403'},1.0,{'1': '9-393'},,
F4HY56,1.0,{'1': '31-96'},,,1.0,{'1': '10-1703'},5.0,"{'1': '40-96', '2': '731-798', '3': '550-605', '4': '1099-1172', '5': '933-975'}",,,3.0,"{'1': '37-97', '2': '731-800', '3': '549-608'}",2.0,"{'1': '39-101', '2': '549-608'}",,
F4HYF3,1.0,{'1': '54-369'},2.0,"{'1': '54-366', '2': '92-204'}",1.0,{'1': '32-377'},1.0,{'1': '56-363'},,,,,,,1.0,{'1': '54-375'}
F4HYK7,1.0,{'1': '129-428'},,,,,1.0,{'1': '155-428'},,,1.0,{'1': '147-429'},,,,
F4HZB2,5.0,"{'1': '1124-1237', '2': '237-630', '3': '693-989', '4': '3298-3581', '5': '2957-3244'}",4.0,"{'1': '485-988', '2': '2763-2926', '3': '3321-3599', '4': '2956-3244'}",1.0,{'1': '45-3574'},5.0,"{'1': '2965-3244', '2': '3328-3357', '3': '3374-3408', '4': '2875-2926', '5': '749-989'}",,,4.0,"{'1': '2952-3244', '2': '3376-3417', '3': '3395-3409', '4': '2760-2927'}",5.0,"{'1': '2964-3244', '2': '3317-3358', '3': '3369-3408', '4': '3464-3498', '5': '3531-3570'}",,
F4I0P8,1.0,{'1': '209-520'},1.0,{'1': '466-775'},1.0,{'1': '7-789'},1.0,{'1': '13-747'},,,,,,,,
F4I2J8,,,,,,,3.0,"{'1': '194-260', '2': '301-435', '3': '592-716'}",,,,,,,,
F4I5R5,,,,,,,1.0,{'1': '256-849'},,,,,,,,
F4I907,2.0,"{'1': '228-353', '2': '68-228'}",1.0,{'1': '230-357'},1.0,{'1': '56-351'},2.0,"{'1': '68-227', '2': '230-349'}",,,,,,,,
F4I9J7,1.0,{'1': '87-200'},1.0,{'1': '41-186'},1.0,{'1': '8-195'},1.0,{'1': '97-163'},4.0,"{'1': '49-61', '2': '86-100', '3': '142-158', '4': '160-172'}",1.0,{'1': '95-173'},1.0,{'1': '96-169'},,
F4IAN2,1.0,{'1': '702-966'},,,1.0,{'1': '604-977'},2.0,"{'1': '716-967', '2': '155-359'}",5.0,"{'1': '789-802', '2': '828-846', '3': '875-885', '4': '894-916', '5': '938-960'}",3.0,"{'1': '715-970', '2': '834-846', '3': '721-743'}",1.0,{'1': '715-974'},,
F4IDB2,,,,,1.0,{'1': '1-1217'},2.0,"{'1': '667-818', '2': '62-210'}",,,,,,,,
F4IEM5,,,1.0,{'1': '1-410'},,,1.0,{'1': '70-410'},11.0,"{'1': '72-90', '2': '163-178', '3': '224-240', '4': '279-299', '5': '325-338', '6': '380-397', '7': '2-15', '8': '213-225', '9': '259-274', '10': '296-317', '11': '341-359'}",,,1.0,{'1': '69-410'},,
F4IHD7,,,1.0,{'1': '4-186'},1.0,{'1': '11-373'},1.0,{'1': '15-178'},,,,,,,,
F4IHY7,,,,,1.0,{'1': '12-524'},,,,,,,,,,
F4IIM1,5.0,"{'1': '56-640', '2': '576-1521', '3': '1537-1654', '4': '1621-2028', '5': '2029-2147'}",8.0,"{'1': '50-412', '2': '444-605', '3': '613-817', '4': '818-1185', '5': '1186-1380', '6': '1381-1617', '7': '1618-2029', '8': '2030-2150'}",1.0,{'1': '27-2150'},3.0,"{'1': '2030-2124', '2': '524-563', '3': '86-312'}",,,2.0,"{'1': '2011-2128', '2': '535-577'}",20.0,"{'1': '2031-2127', '2': '94-135', '3': '136-176', '4': '267-308', '5': '310-359', '6': '483-522', '7': '524-564', '8': '566-606', '9': '645-685', '10': '732-770', '11': '816-858', '12': '1229-1269', '13': '1311-1352', '14': '1398-1438', '15': '1439-1479', '16': '1481-1520', '17': '1568-1607', '18': '1730-1769', '19': '1814-1855', '20': '1857-1897'}",,
F4IIU4,,,2.0,"{'1': '271-350', '2': '351-450'}",,,12.0,"{'1': '340-375', '2': '495-584', '3': '596-681', '4': '692-777', '5': '788-879', '6': '890-978', '7': '989-1069', '8': '1084-1167', '9': '1182-1273', '10': '1297-1362', '11': '1484-1569', '12': '1599-1695'}",,,2.0,"{'1': '293-314', '2': '339-360'}",,,,
F4IK69,,,,,1.0,{'1': '1-687'},2.0,"{'1': '221-277', '2': '552-627'}",,,2.0,"{'1': '5-46', '2': '200-221'}",4.0,"{'1': '109-146', '2': '198-221', '3': '222-252', '4': '253-282'}",,
F4IP06,,,,,,,2.0,"{'1': '270-298', '2': '14-239'}",,,,,1.0,{'1': '269-298'},,
F4IPK2,,,1.0,{'1': '35-189'},1.0,{'1': '30-261'},1.0,{'1': '61-140'},,,1.0,{'1': '34-180'},,,,
F4IQV7,1.0,{'1': '136-558'},1.0,{'1': '139-565'},1.0,{'1': '144-562'},1.0,{'1': '207-552'},,,,,,,,
F4IS91,1.0,{'1': '1272-1318'},,,1.0,{'1': '6-1337'},2.0,"{'1': '597-712', '2': '987-1050'}",,,1.0,{'1': '1270-1305'},1.0,{'1': '595-720'},,
F4ISN0,,,,,,,1.0,{'1': '2366-2484'},,,,,,,,
F4ISU2,,,,,,,1.0,{'1': '181-314'},,,,,,,,
F4ITL6,,,,,1.0,{'1': '27-219'},1.0,{'1': '45-193'},,,,,,,,
F4IUW3,,,,,,,1.0,{'1': '159-540'},,,,,,,,
F4IV99,4.0,"{'1': '416-500', '2': '512-588', '3': '612-846', '4': '849-1128'}",2.0,"{'1': '856-1084', '2': '616-855'}",,,5.0,"{'1': '628-912', '2': '940-1053', '3': '534-588', '4': '1533-1627', '5': '1367-1450'}",,,4.0,"{'1': '420-499', '2': '533-597', '3': '943-1094', '4': '637-809'}",4.0,"{'1': '531-590', '2': '969-1053', '3': '621-817', '4': '1523-1628'}",,
F4IVP3,1.0,{'1': '735-1007'},3.0,"{'1': '22-141', '2': '142-213', '3': '214-546'}",1.0,{'1': '459-1014'},7.0,"{'1': '735-934', '2': '315-335', '3': '408-426', '4': '431-447', '5': '482-501', '6': '117-176', '7': '22-66'}",,,1.0,{'1': '731-1020'},5.0,"{'1': '115-139', '2': '164-187', '3': '264-288', '4': '405-429', '5': '480-504'}",,
F4IVV0,,,,,,,1.0,{'1': '28-61'},,,1.0,{'1': '29-42'},1.0,{'1': '29-60'},,
F4IXE7,2.0,"{'1': '718-769', '2': '913-1000'}",1.0,{'1': '714-820'},,,3.0,"{'1': '729-768', '2': '651-701', '3': '883-1021'}",,,2.0,"{'1': '879-1024', '2': '726-771'}",2.0,"{'1': '728-769', '2': '770-822'}",,
F4J355,1.0,{'1': '75-258'},,,1.0,{'1': '51-261'},2.0,"{'1': '78-173', '2': '213-261'}",3.0,"{'1': '79-96', '2': '122-138', '3': '155-170'}",,,1.0,{'1': '77-257'},,
F4J4V4,2.0,"{'1': '326-438', '2': '17-271'}",4.0,"{'1': '325-439', '2': '9-121', '3': '122-187', '4': '188-310'}",1.0,{'1': '7-444'},4.0,"{'1': '21-117', '2': '119-183', '3': '192-272', '4': '325-398'}",2.0,"{'1': '122-137', '2': '234-248'}",6.0,"{'1': '88-120', '2': '121-153', '3': '153-185', '4': '186-218', '5': '218-250', '6': '327-360'}",10.0,"{'1': '54-84', '2': '88-117', '3': '121-150', '4': '153-182', '5': '186-215', '6': '218-247', '7': '250-279', '8': '327-360', '9': '361-394', '10': '395-428'}",,
F4J5I0,1.0,{'1': '174-409'},,,1.0,{'1': '1-766'},1.0,{'1': '130-490'},,,,,,,,
F4J738,1.0,{'1': '1-1000'},1.0,{'1': '5-947'},,,3.0,"{'1': '25-96', '2': '153-437', '3': '631-920'}",,,1.0,{'1': '25-99'},1.0,{'1': '25-99'},,
F4J8D3,1.0,{'1': '4-620'},1.0,{'1': '4-418'},1.0,{'1': '1-1173'},,,,,,,,,,
F4J8U4,,,,,,,1.0,{'1': '5-57'},,,,,,,,
F4J9A0,3.0,"{'1': '515-845', '2': '229-390', '3': '414-511'}",1.0,{'1': '415-510'},,,2.0,"{'1': '230-357', '2': '515-845'}",,,1.0,{'1': '517-852'},1.0,{'1': '514-770'},,
F4JAE0,1.0,{'1': '144-444'},1.0,{'1': '18-523'},1.0,{'1': '10-531'},2.0,"{'1': '303-331', '2': '348-373'}",,,1.0,{'1': '341-382'},5.0,"{'1': '217-263', '2': '292-331', '3': '334-373', '4': '376-428', '5': '476-513'}",,
F4JEX5,1.0,{'1': '398-675'},1.0,{'1': '398-672'},1.0,{'1': '236-677'},4.0,"{'1': '439-569', '2': '643-676', '3': '594-634', '4': '63-132'}",,,1.0,{'1': '541-560'},1.0,{'1': '435-571'},,
F4JH53,,,1.0,{'1': '114-278'},1.0,{'1': '4-635'},3.0,"{'1': '503-633', '2': '117-224', '3': '42-84'}",,,,,,,,
F4JLC1,1.0,{'1': '204-313'},,,1.0,{'1': '46-328'},,,,,,,,,,
F4JLY4,1.0,{'1': '85-548'},1.0,{'1': '71-542'},,,1.0,{'1': '85-538'},11.0,"{'1': '355-372', '2': '408-419', '3': '485-494', '4': '113-132', '5': '231-249', '6': '344-361', '7': '364-390', '8': '407-425', '9': '448-472', '10': '484-494', '11': '494-517'}",1.0,{'1': '487-496'},,,,
F4JNA9,3.0,"{'1': '178-434', '2': '2-151', '3': '411-492'}",6.0,"{'1': '177-336', '2': '533-689', '3': '690-860', '4': '861-1092', '5': '9-176', '6': '343-425'}",1.0,{'1': '12-687'},5.0,"{'1': '13-177', '2': '189-359', '3': '608-626', '4': '745-764', '5': '425-492'}",,,1.0,{'1': '11-175'},1.0,{'1': '12-149'},,
F4JNS8,,,1.0,{'1': '20-206'},1.0,{'1': '30-459'},1.0,{'1': '32-196'},,,,,,,,
F4JP43,,,,,1.0,{'1': '835-2034'},1.0,{'1': '1576-1640'},,,,,2.0,"{'1': '1571-1635', '2': '1662-1720'}",,
F4JRR1,,,,,1.0,{'1': '1-753'},2.0,"{'1': '31-105', '2': '414-718'}",,,,,,,,
F4JS25,1.0,{'1': '38-563'},4.0,"{'1': '2-136', '2': '275-397', '3': '398-497', '4': '498-594'}",1.0,{'1': '4-1051'},1.0,{'1': '468-498'},,,5.0,"{'1': '297-330', '2': '331-364', '3': '365-398', '4': '433-466', '5': '467-500'}",10.0,"{'1': '39-72', '2': '73-106', '3': '297-330', '4': '331-364', '5': '365-398', '6': '399-432', '7': '433-466', '8': '467-500', '9': '501-534', '10': '535-567'}",,
F4JTI1,2.0,"{'1': '40-162', '2': '437-614'}",2.0,"{'1': '48-175', '2': '459-631'}",1.0,{'1': '1-776'},1.0,{'1': '317-394'},,,2.0,"{'1': '51-84', '2': '317-396'}",5.0,"{'1': '317-396', '2': '51-84', '3': '89-124', '4': '125-158', '5': '532-565'}",,
F4JTS9,1.0,{'1': '15-403'},1.0,{'1': '19-402'},,,1.0,{'1': '63-390'},,,1.0,{'1': '239-252'},5.0,"{'1': '182-208', '2': '209-230', '3': '262-283', '4': '293-314', '5': '362-382'}",,
F4JUL9,1.0,{'1': '3-168'},1.0,{'1': '1-168'},1.0,{'1': '1-168'},1.0,{'1': '1-167'},,,,,,,,
F4JXM9,,,,,,,2.0,"{'1': '270-539', '2': '773-927'}",,,,,,,,
F4JY24,5.0,"{'1': '850-899', '2': '901-1023', '3': '184-409', '4': '411-692', '5': '759-848'}",3.0,"{'1': '415-707', '2': '747-845', '3': '195-410'}",,,4.0,"{'1': '197-474', '2': '496-609', '3': '759-835', '4': '903-1013'}",,,3.0,"{'1': '499-650', '2': '206-371', '3': '845-897'}",4.0,"{'1': '846-895', '2': '948-1009', '3': '525-609', '4': '190-382'}",,
F4JY76,,,,,1.0,{'1': '15-511'},1.0,{'1': '105-500'},,,1.0,{'1': '288-488'},,,,
F4JZX8,2.0,"{'1': '82-218', '2': '268-570'}",3.0,"{'1': '122-331', '2': '332-483', '3': '484-686'}",1.0,{'1': '26-698'},3.0,"{'1': '86-321', '2': '328-488', '3': '529-634'}",,,,,14.0,"{'1': '72-104', '2': '106-138', '3': '140-172', '4': '174-205', '5': '207-238', '6': '240-275', '7': '277-311', '8': '321-353', '9': '355-389', '10': '399-435', '11': '437-468', '12': '470-502', '13': '504-538', '14': '540-571'}",,
F4JZY1,,,,,,,,,,,1.0,{'1': '10-84'},,,,
F4K0J3,1.0,{'1': '7-393'},1.0,{'1': '1-394'},1.0,{'1': '3-1257'},1.0,{'1': '35-360'},4.0,"{'1': '76-97', '2': '215-232', '3': '256-274', '4': '310-331'}",2.0,"{'1': '6-360', '2': '255-266'}",1.0,{'1': '4-368'},,
F4K128,2.0,"{'1': '362-610', '2': '612-866'}",2.0,"{'1': '616-920', '2': '357-609'}",,,3.0,"{'1': '389-676', '2': '696-809', '3': '902-964'}",,,2.0,"{'1': '699-866', '2': '398-563'}",3.0,"{'1': '725-809', '2': '382-574', '3': '902-964'}",,
F4K265,,,,,1.0,{'1': '1-208'},1.0,{'1': '10-177'},,,,,,,,
F4K4E3,1.0,{'1': '3-127'},,,1.0,{'1': '2-112'},1.0,{'1': '6-70'},,,1.0,{'1': '2-75'},1.0,{'1': '5-71'},,
F4K4J0,,,,,1.0,{'1': '26-818'},1.0,{'1': '81-437'},,,,,,,,
F4K5J1,2.0,"{'1': '34-784', '2': '783-882'}",1.0,{'1': '65-662'},,,7.0,"{'1': '761-774', '2': '785-803', '3': '807-827', '4': '833-852', '5': '64-720', '6': '1345-1449', '7': '9-48'}",5.0,"{'1': '92-111', '2': '149-174', '3': '196-223', '4': '429-457', '5': '482-510'}",3.0,"{'1': '62-732', '2': '1159-1470', '3': '8-57'}",7.0,"{'1': '757-779', '2': '782-804', '3': '805-827', '4': '830-852', '5': '853-875', '6': '56-733', '7': '1345-1452'}",,
F4K9W6,,,4.0,"{'1': '79-220', '2': '330-472', '3': '26-78', '4': '274-329'}",1.0,{'1': '17-486'},4.0,"{'1': '31-82', '2': '278-333', '3': '99-220', '4': '347-472'}",,,,,2.0,"{'1': '33-193', '2': '284-444'}",2.0,"{'1': '35-216', '2': '285-476'}"
F4KB54,,,,,1.0,{'1': '1-721'},4.0,"{'1': '24-120', '2': '298-355', '3': '603-667', '4': '396-435'}",,,2.0,"{'1': '22-128', '2': '297-358'}",1.0,{'1': '297-358'},,
F4KB73,2.0,"{'1': '405-1194', '2': '1143-2049'}",,,1.0,{'1': '11-2125'},4.0,"{'1': '1767-2047', '2': '85-432', '3': '444-585', '4': '622-1742'}",,,,,,,,
F4KBP5,6.0,"{'1': '1704-1752', '2': '71-123', '3': '550-588', '4': '594-653', '5': '676-913', '6': '915-1166'}",3.0,"{'1': '52-133', '2': '923-1150', '3': '680-922'}",,,5.0,"{'1': '692-981', '2': '1005-1119', '3': '1304-1341', '4': '78-119', '5': '602-653'}",,,6.0,"{'1': '531-587', '2': '601-663', '3': '1008-1167', '4': '701-878', '5': '78-119', '6': '75-122'}",6.0,"{'1': '530-589', '2': '599-656', '3': '1034-1119', '4': '77-120', '5': '1283-1347', '6': '685-889'}",,
F4KCL7,2.0,"{'1': '488-594', '2': '37-457'}",2.0,"{'1': '477-587', '2': '42-463'}",,,1.0,{'1': '68-455'},,,2.0,"{'1': '488-521', '2': '556-589'}",3.0,"{'1': '488-521', '2': '522-555', '3': '556-589'}",,
F4KFY5,3.0,"{'1': '178-439', '2': '2-150', '3': '417-500'}",5.0,"{'1': '172-340', '2': '520-680', '3': '735-976', '4': '4-171', '5': '343-430'}",1.0,{'1': '11-689'},4.0,"{'1': '12-184', '2': '203-359', '3': '597-615', '4': '433-498'}",,,1.0,{'1': '10-174'},1.0,{'1': '11-148'},,
F4KIB2,1.0,{'1': '293-469'},,,1.0,{'1': '33-648'},1.0,{'1': '65-604'},,,,,,,,
F4KIH8,1.0,{'1': '6-389'},1.0,{'1': '3-356'},1.0,{'1': '1-1260'},1.0,{'1': '209-243'},,,1.0,{'1': '259-303'},5.0,"{'1': '1-39', '2': '155-197', '3': '200-243', '4': '252-294', '5': '357-397'}",,
O03986,3.0,"{'1': '263-518', '2': '5-212', '3': '542-663'}",2.0,"{'1': '2-229', '2': '518-668'}",1.0,{'1': '4-685'},1.0,{'1': '184-689'},7.0,"{'1': '5-25', '2': '26-48', '3': '75-92', '4': '93-110', '5': '118-140', '6': '170-187', '7': '188-206'}",1.0,{'1': '25-34'},1.0,{'1': '27-182'},,
O04019,1.0,{'1': '167-411'},2.0,"{'1': '32-158', '2': '159-340'}",1.0,{'1': '24-416'},3.0,"{'1': '207-339', '2': '73-149', '3': '362-406'}",,,1.0,{'1': '310-328'},1.0,{'1': '203-342'},,
O04023,1.0,{'1': '4-137'},1.0,{'1': '4-135'},,,1.0,{'1': '5-109'},,,1.0,{'1': '1-111'},1.0,{'1': '5-110'},,
O04027,1.0,{'1': '4-118'},1.0,{'1': '1-133'},1.0,{'1': '3-120'},1.0,{'1': '7-71'},,,1.0,{'1': '38-54'},,,,
O04090,1.0,{'1': '36-144'},1.0,{'1': '52-148'},,,1.0,{'1': '61-134'},,,2.0,"{'1': '55-145', '2': '91-99'}",,,1.0,{'1': '53-147'}
O04130,3.0,"{'1': '400-546', '2': '181-363', '3': '542-618'}",1.0,{'1': '398-550'},,,4.0,"{'1': '553-610', '2': '85-394', '3': '187-362', '4': '405-521'}",,,4.0,"{'1': '552-624', '2': '224-251', '3': '272-294', '4': '301-317'}",,,1.0,{'1': '84-622'}
O04151,2.0,"{'1': '204-319', '2': '19-221'}",1.0,{'1': '208-309'},1.0,{'1': '8-382'},2.0,"{'1': '26-261', '2': '263-336'}",6.0,"{'1': '103-121', '2': '129-145', '3': '218-231', '4': '246-268', '5': '284-303', '6': '317-337'}",3.0,"{'1': '101-116', '2': '133-141', '3': '246-258'}",,,,
O04173,,,,,1.0,{'1': '6-126'},1.0,{'1': '18-119'},3.0,"{'1': '30-46', '2': '50-72', '3': '94-116'}",,,,,,
O04197,,,1.0,{'1': '53-592'},,,2.0,"{'1': '73-119', '2': '14-54'}",,,,,,,,
O04204,1.0,{'1': '8-134'},2.0,"{'1': '6-209', '2': '114-185'}",1.0,{'1': '4-316'},2.0,"{'1': '8-108', '2': '114-183'}",,,,,,,,
O04209,,,,,1.0,{'1': '1-254'},1.0,{'1': '81-175'},,,,,,,,
O04211,,,,,1.0,{'1': '8-97'},1.0,{'1': '21-101'},,,,,,,,
O04292,1.0,{'1': '20-82'},1.0,{'1': '205-387'},1.0,{'1': '14-841'},3.0,"{'1': '21-79', '2': '170-378', '3': '694-840'}",,,2.0,"{'1': '16-80', '2': '160-388'}",2.0,"{'1': '18-84', '2': '169-379'}",,
O04294,1.0,{'1': '12-501'},2.0,"{'1': '78-498', '2': '11-50'}",,,10.0,"{'1': '108-148', '2': '151-189', '3': '192-233', '4': '245-274', '5': '276-315', '6': '319-359', '7': '361-400', '8': '405-443', '9': '12-96', '10': '459-513'}",,,5.0,"{'1': '118-161', '2': '161-203', '3': '245-287', '4': '329-372', '5': '1-58'}",8.0,"{'1': '107-148', '2': '150-190', '3': '192-233', '4': '235-274', '5': '276-316', '6': '318-359', '7': '361-401', '8': '404-444'}",,
O04308,2.0,"{'1': '73-283', '2': '289-492'}",,,1.0,{'1': '57-489'},2.0,"{'1': '236-418', '2': '85-230'}",,,1.0,{'1': '104-127'},,,,
O04309,3.0,"{'1': '2-143', '2': '156-297', '3': '305-448'}",3.0,"{'1': '1-142', '2': '156-296', '3': '304-451'}",,,3.0,"{'1': '6-140', '2': '160-294', '3': '311-444'}",,,3.0,"{'1': '2-143', '2': '156-297', '3': '306-448'}",3.0,"{'1': '13-143', '2': '167-297', '3': '317-448'}",,
O04310,4.0,"{'1': '2-127', '2': '251-395', '3': '404-548', '4': '558-702'}",4.0,"{'1': '1-130', '2': '239-394', '3': '407-550', '4': '557-705'}",,,4.0,"{'1': '2-124', '2': '256-392', '3': '411-545', '4': '566-699'}",,,4.0,"{'1': '1-127', '2': '252-395', '3': '406-548', '4': '560-702'}",4.0,"{'1': '1-127', '2': '264-395', '3': '417-548', '4': '571-702'}",,
O04350,1.0,{'1': '3-104'},,,1.0,{'1': '1-110'},1.0,{'1': '3-100'},,,,,,,,
O04375,1.0,{'1': '84-466'},1.0,{'1': '80-482'},1.0,{'1': '1-485'},1.0,{'1': '72-482'},,,,,,,,
O04376,1.0,{'1': '84-465'},1.0,{'1': '79-482'},1.0,{'1': '1-485'},1.0,{'1': '72-483'},,,,,,,,
O04379,2.0,"{'1': '671-997', '2': '194-529'}",1.0,{'1': '745-1048'},,,7.0,"{'1': '409-517', '2': '677-996', '3': '335-385', '4': '75-172', '5': '527-573', '6': '584-659', '7': '190-325'}",,,2.0,"{'1': '388-501', '2': '676-997'}",3.0,"{'1': '391-523', '2': '676-997', '3': '334-386'}",,
O04420,,,,,1.0,{'1': '6-309'},2.0,"{'1': '13-137', '2': '149-299'}",5.0,"{'1': '15-26', '2': '56-70', '3': '93-106', '4': '155-171', '5': '171-183'}",1.0,{'1': '155-182'},,,1.0,{'1': '12-304'}
O04421,1.0,{'1': '1-96'},1.0,{'1': '1-121'},1.0,{'1': '1-110'},1.0,{'1': '4-93'},,,,,,,,
O04425,3.0,"{'1': '112-205', '2': '211-316', '3': '596-628'}",2.0,"{'1': '111-207', '2': '208-296'}",,,3.0,"{'1': '122-184', '2': '213-279', '3': '597-622'}",,,3.0,"{'1': '120-201', '2': '211-291', '3': '591-624'}",3.0,"{'1': '121-197', '2': '212-287', '3': '592-624'}",,
O04450,3.0,"{'1': '217-385', '2': '154-411', '3': '21-532'}",3.0,"{'1': '222-376', '2': '150-412', '3': '37-530'}",1.0,{'1': '24-530'},1.0,{'1': '40-532'},5.0,"{'1': '42-58', '2': '64-82', '3': '94-113', '4': '380-402', '5': '414-426'}",3.0,"{'1': '45-57', '2': '66-82', '3': '94-102'}",,,1.0,{'1': '3-532'}
O04479,,,,,,,1.0,{'1': '9-106'},,,1.0,{'1': '8-109'},,,,
O04482,1.0,{'1': '2-223'},1.0,{'1': '1-224'},1.0,{'1': '2-324'},2.0,"{'1': '3-206', '2': '269-314'}",5.0,"{'1': '5-22', '2': '40-52', '3': '76-93', '4': '152-163', '5': '168-178'}",1.0,{'1': '2-222'},,,,
O04486,1.0,{'1': '7-183'},1.0,{'1': '6-214'},1.0,{'1': '8-195'},1.0,{'1': '14-174'},,,1.0,{'1': '7-217'},1.0,{'1': '15-172'},1.0,{'1': '11-170'}
O04492,,,,,,,2.0,"{'1': '17-82', '2': '103-166'}",,,2.0,"{'1': '15-84', '2': '101-170'}",2.0,"{'1': '16-83', '2': '102-169'}",,
O04551,,,,,,,1.0,{'1': '25-272'},,,,,1.0,{'1': '20-305'},,
O04567,1.0,{'1': '278-576'},1.0,{'1': '24-212'},1.0,{'1': '10-578'},6.0,"{'1': '325-576', '2': '97-118', '3': '123-141', '4': '147-168', '5': '170-191', '6': '25-67'}",,,1.0,{'1': '301-586'},,,,
O04603,1.0,{'1': '58-233'},1.0,{'1': '50-234'},1.0,{'1': '60-235'},2.0,"{'1': '139-232', '2': '79-135'}",,,1.0,{'1': '112-128'},,,,
O04608,,,,,1.0,{'1': '23-309'},1.0,{'1': '107-204'},,,,,,,,
O04630,3.0,"{'1': '75-135', '2': '137-314', '3': '316-599'}",3.0,"{'1': '73-134', '2': '606-708', '3': '298-605'}",,,4.0,"{'1': '391-602', '2': '75-135', '3': '614-703', '4': '243-292'}",5.0,"{'1': '402-430', '2': '435-458', '3': '536-564', '4': '580-593', '5': '607-619'}",2.0,"{'1': '73-135', '2': '304-607'}",1.0,{'1': '243-292'},1.0,{'1': '146-704'}
O04658,1.0,{'1': '153-397'},1.0,{'1': '285-397'},1.0,{'1': '1-530'},2.0,"{'1': '166-394', '2': '2-66'}",,,1.0,{'1': '280-398'},1.0,{'1': '159-211'},,
O04663,1.0,{'1': '20-193'},1.0,{'1': '6-197'},1.0,{'1': '18-192'},1.0,{'1': '27-194'},,,1.0,{'1': '80-103'},,,,
O04714,,,,,,,,,16.0,"{'1': '19-34', '2': '36-50', '3': '52-74', '4': '82-95', '5': '97-115', '6': '120-135', '7': '159-171', '8': '172-195', '9': '215-236', '10': '245-262', '11': '263-279', '12': '30-48', '13': '49-64', '14': '80-98', '15': '221-239', '16': '253-272'}",1.0,{'1': '19-273'},,,,
O04719,1.0,{'1': '101-413'},1.0,{'1': '100-423'},1.0,{'1': '83-412'},1.0,{'1': '130-404'},,,2.0,"{'1': '160-168', '2': '112-411'}",1.0,{'1': '100-409'},,
O04834,1.0,{'1': '17-192'},1.0,{'1': '1-193'},1.0,{'1': '1-193'},1.0,{'1': '8-192'},5.0,"{'1': '22-45', '2': '50-74', '3': '77-102', '4': '122-143', '5': '166-190'}",,,1.0,{'1': '4-192'},1.0,{'1': '19-135'}
O04921,,,,,1.0,{'1': '94-450'},1.0,{'1': '100-423'},,,1.0,{'1': '290-311'},,,1.0,{'1': '98-424'}
O04951,1.0,{'1': '7-294'},1.0,{'1': '3-307'},1.0,{'1': '6-307'},1.0,{'1': '49-242'},7.0,"{'1': '49-76', '2': '78-105', '3': '111-135', '4': '146-172', '5': '175-202', '6': '231-251', '7': '253-269'}",1.0,{'1': '112-117'},1.0,{'1': '21-291'},,
O04983,2.0,"{'1': '403-519', '2': '75-185'}",1.0,{'1': '204-274'},1.0,{'1': '37-525'},3.0,"{'1': '187-394', '2': '75-182', '3': '408-513'}",,,4.0,"{'1': '225-239', '2': '358-365', '3': '192-389', '4': '73-518'}",1.0,{'1': '408-514'},1.0,{'1': '75-519'}
O22040,1.0,{'1': '69-349'},,,1.0,{'1': '45-340'},1.0,{'1': '70-331'},,,3.0,"{'1': '69-331', '2': '193-205', '3': '75-98'}",1.0,{'1': '69-331'},,
O22173,4.0,"{'1': '37-130', '2': '135-306', '3': '326-428', '4': '506-645'}",4.0,"{'1': '41-132', '2': '133-221', '3': '222-321', '4': '323-421'}",,,5.0,"{'1': '48-117', '2': '136-204', '3': '227-295', '4': '330-398', '5': '566-630'}",,,5.0,"{'1': '46-124', '2': '134-206', '3': '225-302', '4': '328-405', '5': '558-635'}",9.0,"{'1': '47-120', '2': '135-207', '3': '226-298', '4': '329-401', '5': '570-633', '6': '47-120', '7': '135-207', '8': '226-298', '9': '329-401'}",1.0,{'1': '47-631'}
O22207,2.0,"{'1': '16-144', '2': '315-915'}",1.0,{'1': '5-157'},1.0,{'1': '212-915'},3.0,"{'1': '317-913', '2': '38-144', '3': '163-216'}",,,4.0,"{'1': '15-145', '2': '318-333', '3': '858-875', '4': '317-916'}",1.0,{'1': '34-147'},,
O22216,2.0,"{'1': '274-429', '2': '42-274'}",1.0,{'1': '274-434'},,,2.0,"{'1': '274-428', '2': '146-246'}",2.0,"{'1': '46-63', '2': '267-291'}",,,,,,
O22263,3.0,"{'1': '19-128', '2': '141-251', '3': '263-359'}",1.0,{'1': '263-361'},1.0,{'1': '20-342'},3.0,"{'1': '264-357', '2': '25-127', '3': '143-246'}",,,3.0,"{'1': '16-131', '2': '132-250', '3': '163-181'}",,,2.0,"{'1': '28-129', '2': '146-248'}"
O22265,4.0,"{'1': '81-132', '2': '268-316', '3': '322-370', '4': '127-236'}",1.0,{'1': '122-265'},1.0,{'1': '57-290'},2.0,"{'1': '134-224', '2': '321-366'}",,,3.0,"{'1': '320-373', '2': '159-191', '3': '193-225'}",6.0,"{'1': '82-133', '2': '268-318', '3': '319-370', '4': '127-155', '5': '159-188', '6': '193-222'}",,
O22267,3.0,"{'1': '984-1118', '2': '383-463', '3': '450-667'}",1.0,{'1': '463-673'},1.0,{'1': '58-1115'},3.0,"{'1': '988-1109', '2': '576-668', '3': '396-461'}",3.0,"{'1': '595-609', '2': '613-623', '3': '629-647'}",2.0,"{'1': '987-1120', '2': '402-671'}",3.0,"{'1': '986-1114', '2': '511-671', '3': '395-461'}",,
O22287,1.0,{'1': '1-312'},1.0,{'1': '1-233'},1.0,{'1': '1-360'},2.0,"{'1': '2-233', '2': '251-360'}",,,,,,,,
O22446,1.0,{'1': '17-381'},1.0,{'1': '15-388'},,,1.0,{'1': '36-324'},10.0,"{'1': '145-168', '2': '177-192', '3': '262-272', '4': '38-55', '5': '71-89', '6': '102-119', '7': '123-143', '8': '164-180', '9': '223-236', '10': '240-258'}",,,,,,
O22467,1.0,{'1': '112-408'},1.0,{'1': '2-422'},1.0,{'1': '9-413'},6.0,"{'1': '173-207', '2': '221-256', '3': '264-302', '4': '309-346', '5': '367-402', '6': '19-88'}",3.0,"{'1': '194-208', '2': '289-303', '3': '390-404'}",6.0,"{'1': '174-216', '2': '223-265', '3': '269-311', '4': '313-355', '5': '370-404', '6': '194-208'}",6.0,"{'1': '115-154', '2': '167-207', '3': '216-256', '4': '262-302', '5': '306-346', '6': '363-403'}",,
O22469,1.0,{'1': '111-397'},1.0,{'1': '3-415'},1.0,{'1': '13-408'},6.0,"{'1': '173-198', '2': '209-247', '3': '254-290', '4': '297-334', '5': '356-392', '6': '17-88'}",3.0,"{'1': '185-199', '2': '277-291', '3': '321-335'}",6.0,"{'1': '165-207', '2': '214-256', '3': '301-336', '4': '360-394', '5': '185-199', '6': '321-335'}",5.0,"{'1': '158-198', '2': '207-247', '3': '250-290', '4': '294-334', '5': '353-393'}",,
O22476,1.0,{'1': '865-1155'},1.0,{'1': '39-770'},,,14.0,"{'1': '886-1116', '2': '223-239', '3': '247-267', '4': '292-313', '5': '318-339', '6': '367-388', '7': '391-412', '8': '418-439', '9': '442-463', '10': '490-511', '11': '513-571', '12': '700-738', '13': '35-69', '14': '585-651'}",,,3.0,"{'1': '883-1158', '2': '1005-1017', '3': '889-912'}",8.0,"{'1': '883-1155', '2': '98-120', '3': '172-202', '4': '290-314', '5': '364-388', '6': '487-511', '7': '535-559', '8': '701-725'}",,
O22533,1.0,{'1': '88-170'},,,1.0,{'1': '35-208'},2.0,"{'1': '89-114', '2': '148-171'}",,,4.0,"{'1': '91-111', '2': '150-170', '3': '89-111', '4': '148-175'}",2.0,"{'1': '89-111', '2': '148-170'}",,
O22607,1.0,{'1': '153-504'},1.0,{'1': '41-495'},1.0,{'1': '58-492'},5.0,"{'1': '214-248', '2': '285-321', '3': '333-366', '4': '376-415', '5': '66-133'}",,,3.0,"{'1': '288-330', '2': '333-366', '3': '382-415'}",6.0,"{'1': '154-193', '2': '208-248', '3': '281-321', '4': '326-366', '5': '375-415', '6': '430-477'}",,
O22715,2.0,"{'1': '6-141', '2': '159-426'}",,,1.0,{'1': '6-426'},2.0,"{'1': '7-128', '2': '159-426'}",6.0,"{'1': '15-35', '2': '103-130', '3': '161-189', '4': '236-263', '5': '305-320', '6': '345-356'}",3.0,"{'1': '159-179', '2': '256-270', '3': '170-426'}",,,,
O22775,,,1.0,{'1': '148-300'},1.0,{'1': '14-442'},1.0,{'1': '149-388'},,,,,,,,
O22791,2.0,"{'1': '4-99', '2': '104-217'}",2.0,"{'1': '4-87', '2': '106-194'}",1.0,{'1': '1-403'},2.0,"{'1': '8-71', '2': '112-169'}",,,2.0,"{'1': '6-82', '2': '110-187'}",2.0,"{'1': '7-78', '2': '111-183'}",,
O22793,,,1.0,{'1': '82-165'},1.0,{'1': '11-217'},1.0,{'1': '84-174'},,,,,,,,
O22795,1.0,{'1': '68-141'},1.0,{'1': '67-143'},1.0,{'1': '16-142'},1.0,{'1': '68-127'},,,,,,,1.0,{'1': '68-123'}
O22806,,,,,1.0,{'1': '26-213'},1.0,{'1': '65-186'},,,1.0,{'1': '69-224'},1.0,{'1': '62-186'},,
O22808,1.0,{'1': '351-640'},,,1.0,{'1': '9-653'},4.0,"{'1': '380-638', '2': '57-114', '3': '121-178', '4': '193-240'}",,,2.0,"{'1': '351-643', '2': '195-238'}",,,,
O22810,1.0,{'1': '4-315'},,,1.0,{'1': '8-309'},1.0,{'1': '9-250'},,,,,,,,
O22832,1.0,{'1': '59-400'},1.0,{'1': '56-401'},1.0,{'1': '57-400'},1.0,{'1': '74-395'},,,1.0,{'1': '321-340'},,,,
O22842,2.0,"{'1': '88-281', '2': '28-72'}",1.0,{'1': '28-74'},,,3.0,"{'1': '92-228', '2': '235-281', '3': '31-64'}",,,2.0,"{'1': '28-66', '2': '36-55'}",1.0,{'1': '30-64'},,
O22860,,,1.0,{'1': '1-69'},1.0,{'1': '1-69'},1.0,{'1': '2-68'},,,,,,,,
O22886,1.0,{'1': '51-393'},1.0,{'1': '42-394'},,,1.0,{'1': '52-391'},,,2.0,"{'1': '69-78', '2': '189-205'}",,,1.0,{'1': '56-390'}
O22921,2.0,"{'1': '163-224', '2': '319-387'}",2.0,"{'1': '152-225', '2': '312-388'}",1.0,{'1': '207-389'},2.0,"{'1': '166-222', '2': '329-385'}",,,2.0,"{'1': '166-224', '2': '322-387'}",2.0,"{'1': '165-223', '2': '327-386'}",,
O22922,2.0,"{'1': '6-95', '2': '148-231'}",2.0,"{'1': '3-111', '2': '151-232'}",,,2.0,"{'1': '12-82', '2': '160-219'}",,,2.0,"{'1': '10-89', '2': '158-232'}",2.0,"{'1': '11-85', '2': '159-228'}",,
O22929,,,,,1.0,{'1': '7-152'},,,,,,,,,,
O22932,1.0,{'1': '18-285'},,,,,2.0,"{'1': '21-277', '2': '305-364'}",,,4.0,"{'1': '21-277', '2': '141-153', '3': '27-50', '4': '302-326'}",1.0,{'1': '21-277'},,
O22967,,,,,1.0,{'1': '1-112'},1.0,{'1': '56-111'},,,2.0,"{'1': '60-96', '2': '58-112'}",,,,
O22969,1.0,{'1': '20-115'},1.0,{'1': '19-130'},1.0,{'1': '1-124'},1.0,{'1': '21-80'},,,,,,,,
O23016,1.0,{'1': '1-319'},1.0,{'1': '1-323'},1.0,{'1': '1-328'},1.0,{'1': '16-315'},5.0,"{'1': '110-120', '2': '161-180', '3': '206-212', '4': '258-270', '5': '271-284'}",,,,,,
O23049,2.0,"{'1': '44-125', '2': '126-219'}",2.0,"{'1': '42-125', '2': '126-223'}",1.0,{'1': '44-218'},2.0,"{'1': '53-125', '2': '133-207'}",3.0,"{'1': '114-139', '2': '142-158', '3': '184-205'}",1.0,{'1': '197-205'},,,1.0,{'1': '44-219'}
O23087,4.0,"{'1': '135-245', '2': '9-1044', '3': '373-621', '4': '364-829'}",2.0,"{'1': '363-770', '2': '376-624'}",,,3.0,"{'1': '10-77', '2': '810-1039', '3': '130-246'}",,,1.0,{'1': '368-374'},1.0,{'1': '8-82'},3.0,"{'1': '101-291', '2': '304-389', '3': '698-810'}"
O23126,,,,,1.0,{'1': '1-346'},2.0,"{'1': '42-186', '2': '204-306'}",,,,,,,,
O23138,1.0,{'1': '9-109'},1.0,{'1': '1-112'},1.0,{'1': '3-111'},1.0,{'1': '12-109'},6.0,"{'1': '22-29', '2': '35-50', '3': '51-61', '4': '65-81', '5': '84-94', '6': '101-109'}",1.0,{'1': '10-111'},,,,
O23144,,,,,1.0,{'1': '4-597'},1.0,{'1': '478-513'},,,,,,,,
O23160,1.0,{'1': '10-106'},,,1.0,{'1': '13-181'},2.0,"{'1': '13-59', '2': '67-109'}",,,4.0,"{'1': '8-59', '2': '60-110', '3': '8-63', '4': '65-114'}",2.0,"{'1': '12-61', '2': '64-112'}",,
O23207,1.0,{'1': '74-270'},1.0,{'1': '73-271'},,,1.0,{'1': '77-209'},,,1.0,{'1': '75-263'},,,1.0,{'1': '74-270'}
O23210,,,,,1.0,{'1': '124-480'},1.0,{'1': '124-485'},,,1.0,{'1': '113-485'},,,,
O23212,2.0,"{'1': '239-324', '2': '360-565'}",3.0,"{'1': '234-334', '2': '350-450', '3': '468-571'}",,,1.0,{'1': '361-430'},,,2.0,"{'1': '239-322', '2': '359-437'}",2.0,"{'1': '240-318', '2': '360-433'}",1.0,{'1': '73-571'}
O23249,1.0,{'1': '1-81'},1.0,{'1': '1-84'},,,1.0,{'1': '4-70'},4.0,"{'1': '3-17', '2': '18-32', '3': '40-54', '4': '55-69'}",1.0,{'1': '6-24'},1.0,{'1': '3-72'},,
O23252,1.0,{'1': '41-232'},1.0,{'1': '52-235'},1.0,{'1': '43-223'},1.0,{'1': '61-231'},,,1.0,{'1': '116-139'},,,,
O23254,1.0,{'1': '6-463'},2.0,"{'1': '41-316', '2': '16-460'}",1.0,{'1': '10-463'},1.0,{'1': '13-411'},,,1.0,{'1': '236-252'},,,,
O23255,1.0,{'1': '240-403'},1.0,{'1': '15-485'},1.0,{'1': '6-485'},2.0,"{'1': '13-484', '2': '240-403'}",,,2.0,"{'1': '85-99', '2': '262-279'}",2.0,"{'1': '13-484', '2': '240-403'}",1.0,{'1': '14-477'}
O23290,1.0,{'1': '2-94'},1.0,{'1': '1-105'},1.0,{'1': '1-105'},1.0,{'1': '19-94'},,,1.0,{'1': '63-74'},,,,
O23310,1.0,{'1': '22-126'},1.0,{'1': '13-130'},1.0,{'1': '7-117'},1.0,{'1': '25-89'},,,1.0,{'1': '56-72'},,,,
O23339,,,,,,,1.0,{'1': '72-160'},,,,,,,,
O23487,1.0,{'1': '316-382'},1.0,{'1': '309-383'},1.0,{'1': '18-464'},2.0,"{'1': '320-366', '2': '50-226'}",,,1.0,{'1': '316-365'},1.0,{'1': '322-371'},,
O23530,3.0,"{'1': '183-442', '2': '15-158', '3': '419-499'}",7.0,"{'1': '179-343', '2': '545-718', '3': '734-873', '4': '874-1031', '5': '1032-1229', '6': '18-178', '7': '350-432'}",1.0,{'1': '20-711'},7.0,"{'1': '21-195', '2': '196-366', '3': '600-618', '4': '761-779', '5': '1226-1351', '6': '433-499', '7': '1008-1090'}",,,1.0,{'1': '19-182'},1.0,{'1': '20-156'},,
O23617,1.0,{'1': '592-843'},1.0,{'1': '594-826'},1.0,{'1': '56-840'},2.0,"{'1': '61-545', '2': '595-829'}",,,,,,,2.0,"{'1': '590-839', '2': '594-796'}"
O23627,2.0,"{'1': '56-102', '2': '117-620'}",2.0,"{'1': '615-726', '2': '122-483'}",1.0,{'1': '84-724'},3.0,"{'1': '56-96', '2': '292-590', '3': '617-703'}",,,3.0,"{'1': '61-89', '2': '50-106', '3': '255-596'}",1.0,{'1': '54-110'},1.0,{'1': '118-703'}
O23676,1.0,{'1': '8-150'},1.0,{'1': '6-149'},1.0,{'1': '5-150'},1.0,{'1': '9-150'},,,,,,,,
O23680,1.0,{'1': '6-252'},1.0,{'1': '1-262'},1.0,{'1': '37-241'},1.0,{'1': '38-200'},,,1.0,{'1': '34-258'},,,1.0,{'1': '4-294'}
O23708,1.0,{'1': '5-234'},1.0,{'1': '1-235'},1.0,{'1': '10-233'},2.0,"{'1': '6-28', '2': '31-213'}",,,2.0,"{'1': '6-28', '2': '21-231'}",1.0,{'1': '6-28'},,
O23710,1.0,{'1': '12-228'},1.0,{'1': '40-260'},1.0,{'1': '10-222'},1.0,{'1': '37-217'},4.0,"{'1': '47-62', '2': '167-178', '3': '178-189', '4': '203-214'}",2.0,"{'1': '43-90', '2': '39-217'}",,,,
O23712,1.0,{'1': '4-237'},1.0,{'1': '2-232'},1.0,{'1': '10-234'},2.0,"{'1': '6-28', '2': '29-213'}",,,2.0,"{'1': '6-28', '2': '21-232'}",1.0,{'1': '6-28'},,
O24409,,,,,1.0,{'1': '8-185'},1.0,{'1': '11-188'},,,1.0,{'1': '96-184'},,,,
O24456,1.0,{'1': '7-324'},1.0,{'1': '4-327'},1.0,{'1': '2-324'},7.0,"{'1': '8-43', '2': '56-91', '3': '97-133', '4': '137-180', '5': '185-222', '6': '226-262', '7': '298-322'}",3.0,"{'1': '120-134', '2': '167-181', '3': '209-223'}",9.0,"{'1': '11-53', '2': '59-100', '3': '101-133', '4': '146-189', '5': '190-231', '6': '299-327', '7': '78-92', '8': '167-181', '9': '209-223'}",7.0,"{'1': '4-44', '2': '52-91', '3': '94-133', '4': '135-180', '5': '183-222', '6': '225-262', '7': '288-323'}",,
O24457,1.0,{'1': '79-403'},,,1.0,{'1': '66-409'},1.0,{'1': '90-390'},,,,,,,1.0,{'1': '81-401'}
O24496,1.0,{'1': '1-256'},1.0,{'1': '1-258'},,,2.0,"{'1': '13-174', '2': '175-256'}",,,,,1.0,{'1': '11-174'},1.0,{'1': '4-256'}
O24606,1.0,{'1': '175-299'},2.0,"{'1': '81-159', '2': '173-306'}",1.0,{'1': '30-606'},2.0,"{'1': '175-296', '2': '84-155'}",,,,,,,,
O24616,1.0,{'1': '3-235'},1.0,{'1': '1-246'},1.0,{'1': '8-235'},2.0,"{'1': '4-26', '2': '27-210'}",,,2.0,"{'1': '4-26', '2': '19-229'}",1.0,{'1': '4-26'},,
O24646,1.0,{'1': '90-148'},,,1.0,{'1': '1-164'},1.0,{'1': '86-147'},,,2.0,"{'1': '93-108', '2': '88-151'}",1.0,{'1': '86-150'},,
O24653,2.0,"{'1': '1-356', '2': '390-433'}",1.0,{'1': '2-430'},1.0,{'1': '1-433'},1.0,{'1': '1-433'},16.0,"{'1': '16-28', '2': '75-88', '3': '125-140', '4': '182-196', '5': '280-294', '6': '323-339', '7': '348-366', '8': '381-400', '9': '402-422', '10': '6-24', '11': '24-41', '12': '69-86', '13': '86-102', '14': '135-150', '15': '212-229', '16': '230-251'}",,,,,,
O48528,,,,,1.0,{'1': '14-145'},,,,,,,,,,
O48533,,,,,1.0,{'1': '1-259'},,,,,,,,,,
O48538,3.0,"{'1': '194-346', '2': '625-738', '3': '744-944'}",1.0,{'1': '737-944'},1.0,{'1': '229-944'},4.0,"{'1': '625-740', '2': '746-927', '3': '435-583', '4': '168-267'}",3.0,"{'1': '528-551', '2': '728-741', '3': '751-768'}",3.0,"{'1': '264-299', '2': '622-742', '3': '277-289'}",,,,
O48549,,,,,1.0,{'1': '1-241'},1.0,{'1': '1-128'},,,,,1.0,{'1': '1-128'},,
O48646,1.0,{'1': '72-228'},,,1.0,{'1': '65-228'},1.0,{'1': '73-181'},3.0,"{'1': '91-108', '2': '127-143', '3': '192-201'}",4.0,"{'1': '63-232', '2': '67-229', '3': '93-108', '4': '130-137'}",,,,
O48661,1.0,{'1': '47-336'},2.0,"{'1': '102-340', '2': '42-101'}",1.0,{'1': '42-338'},1.0,{'1': '50-104'},,,2.0,"{'1': '128-141', '2': '49-286'}",,,1.0,{'1': '51-330'}
O48724,,,,,,,1.0,{'1': '162-728'},,,,,,,,
O48726,,,2.0,"{'1': '180-289', '2': '10-122'}",1.0,{'1': '12-295'},2.0,"{'1': '178-285', '2': '15-111'}",,,2.0,"{'1': '192-295', '2': '9-121'}",,,,
O48737,1.0,{'1': '72-179'},,,,,1.0,{'1': '78-176'},,,2.0,"{'1': '67-179', '2': '96-114'}",,,1.0,{'1': '80-178'}
O48741,1.0,{'1': '89-367'},,,1.0,{'1': '1-401'},1.0,{'1': '91-234'},3.0,"{'1': '91-108', '2': '166-177', '3': '298-315'}",,,,,1.0,{'1': '88-401'}
O48790,2.0,"{'1': '122-257', '2': '261-380'}",,,1.0,{'1': '86-366'},2.0,"{'1': '260-378', '2': '133-257'}",,,1.0,{'1': '162-193'},3.0,"{'1': '260-379', '2': '167-251', '3': '264-348'}",,
O48814,1.0,{'1': '51-359'},,,1.0,{'1': '36-353'},1.0,{'1': '71-349'},,,3.0,"{'1': '67-356', '2': '198-210', '3': '73-106'}",1.0,{'1': '67-352'},,
O48847,1.0,{'1': '498-787'},2.0,"{'1': '486-634', '2': '635-787'}",1.0,{'1': '1-787'},6.0,"{'1': '511-538', '2': '549-580', '3': '587-624', '4': '668-704', '5': '753-786', '6': '10-36'}",3.0,"{'1': '525-539', '2': '567-581', '3': '774-787'}",8.0,"{'1': '506-547', '2': '548-580', '3': '591-626', '4': '673-713', '5': '755-787', '6': '8-40', '7': '525-539', '8': '611-625'}",8.0,"{'1': '499-538', '2': '541-580', '3': '584-624', '4': '626-662', '5': '666-704', '6': '707-746', '7': '748-787', '8': '8-40'}",,
O48890,1.0,{'1': '3-134'},1.0,{'1': '2-138'},1.0,{'1': '4-138'},1.0,{'1': '23-133'},,,,,1.0,{'1': '16-138'},,
O48915,,,,,1.0,{'1': '12-188'},,,,,,,,,,
O48917,1.0,{'1': '85-456'},,,,,1.0,{'1': '87-375'},,,,,,,,
O48946,1.0,{'1': '372-662'},2.0,"{'1': '22-112', '2': '512-654'}",,,2.0,"{'1': '354-1071', '2': '29-106'}",,,,,,,,
O48963,3.0,"{'1': '641-972', '2': '205-297', '3': '478-577'}",,,,,3.0,"{'1': '205-301', '2': '485-577', '3': '665-952'}",,,7.0,"{'1': '184-233', '2': '466-535', '3': '258-312', '4': '536-590', '5': '663-952', '6': '784-796', '7': '669-692'}",5.0,"{'1': '186-255', '2': '464-533', '3': '663-952', '4': '261-303', '5': '539-581'}",2.0,"{'1': '211-305', '2': '487-580'}"
O49006,2.0,"{'1': '276-591', '2': '59-217'}",2.0,"{'1': '275-592', '2': '55-217'}",,,2.0,"{'1': '281-577', '2': '59-212'}",,,2.0,"{'1': '306-325', '2': '425-434'}",1.0,{'1': '54-212'},1.0,{'1': '45-216'}
O49048,1.0,{'1': '3-557'},3.0,"{'1': '138-556', '2': '238-352', '3': '3-128'}",1.0,{'1': '14-555'},1.0,{'1': '22-554'},,,,,,,,
O49160,1.0,{'1': '700-776'},1.0,{'1': '715-780'},1.0,{'1': '1-894'},3.0,"{'1': '701-773', '2': '38-636', '3': '780-804'}",,,1.0,{'1': '604-776'},1.0,{'1': '705-793'},,
O49195,1.0,{'1': '112-251'},1.0,{'1': '51-270'},,,1.0,{'1': '43-268'},,,,,,,1.0,{'1': '43-269'}
O49203,1.0,{'1': '88-235'},1.0,{'1': '84-238'},,,1.0,{'1': '89-222'},5.0,"{'1': '91-113', '2': '135-154', '3': '155-172', '4': '176-192', '5': '199-218'}",1.0,{'1': '199-207'},1.0,{'1': '88-225'},,
O49255,1.0,{'1': '4-161'},1.0,{'1': '18-164'},,,1.0,{'1': '10-134'},,,1.0,{'1': '9-161'},,,,
O49286,1.0,{'1': '27-63'},1.0,{'1': '24-291'},,,2.0,"{'1': '28-63', '2': '104-282'}",,,,,9.0,"{'1': '63-88', '2': '89-115', '3': '116-141', '4': '142-167', '5': '168-194', '6': '195-220', '7': '221-246', '8': '247-272', '9': '291-316'}",,
O49299,4.0,"{'1': '3-228', '2': '198-313', '3': '300-447', '4': '442-583'}",,,1.0,{'1': '3-583'},3.0,"{'1': '16-163', '2': '198-308', '3': '317-417'}",4.0,"{'1': '116-130', '2': '221-240', '3': '257-270', '4': '292-307'}",1.0,{'1': '117-126'},,,,
O49313,,,,,1.0,{'1': '12-141'},1.0,{'1': '20-138'},,,,,,,,
O49339,1.0,{'1': '56-361'},,,1.0,{'1': '4-355'},1.0,{'1': '75-349'},,,3.0,"{'1': '71-353', '2': '199-211', '3': '77-99'}",1.0,{'1': '71-349'},,
O49344,1.0,{'1': '2-124'},,,,,1.0,{'1': '1-124'},,,,,,,,
O49377,1.0,{'1': '3-118'},,,1.0,{'1': '1-206'},2.0,"{'1': '29-108', '2': '126-205'}",3.0,"{'1': '131-150', '2': '151-170', '3': '187-206'}",3.0,"{'1': '144-163', '2': '7-111', '3': '126-186'}",1.0,{'1': '28-110'},,
O49403,1.0,{'1': '11-105'},1.0,{'1': '8-106'},,,1.0,{'1': '16-105'},3.0,"{'1': '16-39', '2': '54-66', '3': '67-79'}",,,1.0,{'1': '12-105'},,
O49453,1.0,{'1': '15-149'},1.0,{'1': '32-141'},,,1.0,{'1': '28-124'},,,,,,,,
O49482,2.0,"{'1': '16-181', '2': '155-318'}",,,1.0,{'1': '7-352'},2.0,"{'1': '191-314', '2': '33-151'}",,,1.0,{'1': '68-82'},1.0,{'1': '20-348'},,
O49484,2.0,"{'1': '4-66', '2': '75-150'}",1.0,{'1': '1-152'},1.0,{'1': '1-147'},2.0,"{'1': '103-150', '2': '4-64'}",,,,,1.0,{'1': '3-102'},,
O49485,3.0,"{'1': '379-525', '2': '160-342', '3': '521-600'}",1.0,{'1': '377-529'},,,4.0,"{'1': '531-593', '2': '64-373', '3': '166-341', '4': '384-503'}",,,4.0,"{'1': '531-603', '2': '203-230', '3': '251-273', '4': '280-296'}",1.0,{'1': '191-345'},1.0,{'1': '64-601'}
O49513,1.0,{'1': '9-181'},1.0,{'1': '6-215'},1.0,{'1': '9-186'},1.0,{'1': '15-175'},,,1.0,{'1': '8-217'},1.0,{'1': '16-173'},1.0,{'1': '12-170'}
O49543,1.0,{'1': '55-421'},2.0,"{'1': '66-311', '2': '56-417'}",,,1.0,{'1': '56-417'},,,,,,,1.0,{'1': '53-453'}
O49545,1.0,{'1': '686-965'},3.0,"{'1': '21-84', '2': '85-330', '3': '331-625'}",1.0,{'1': '384-966'},10.0,"{'1': '696-963', '2': '288-310', '3': '312-334', '4': '361-380', '5': '456-478', '6': '529-548', '7': '553-574', '8': '576-593', '9': '24-65', '10': '86-222'}",,,2.0,"{'1': '694-971', '2': '816-828'}",8.0,"{'1': '694-942', '2': '116-140', '3': '141-165', '4': '286-309', '5': '334-358', '6': '359-382', '7': '502-526', '8': '574-597'}",,
O49552,2.0,"{'1': '264-571', '2': '585-896'}",3.0,"{'1': '5-997', '2': '15-347', '3': '386-703'}",1.0,{'1': '5-1077'},3.0,"{'1': '744-1057', '2': '16-341', '3': '389-698'}",,,,,,,,
O49597,1.0,{'1': '21-112'},1.0,{'1': '19-120'},1.0,{'1': '6-121'},1.0,{'1': '34-103'},,,1.0,{'1': '34-103'},1.0,{'1': '33-104'},,
O49627,,,,,1.0,{'1': '26-160'},1.0,{'1': '28-153'},,,,,,,1.0,{'1': '29-152'}
O49675,,,,,1.0,{'1': '118-588'},1.0,{'1': '115-587'},,,,,,,,
O49686,,,1.0,{'1': '1-191'},1.0,{'1': '30-176'},1.0,{'1': '36-176'},,,,,,,,
O49687,1.0,{'1': '415-482'},1.0,{'1': '404-493'},1.0,{'1': '33-584'},3.0,"{'1': '416-462', '2': '63-250', '3': '510-582'}",,,1.0,{'1': '412-461'},1.0,{'1': '418-467'},,
O50008,2.0,"{'1': '3-395', '2': '398-759'}",2.0,"{'1': '5-525', '2': '390-758'}",,,2.0,"{'1': '432-755', '2': '3-315'}",,,,,,,1.0,{'1': '6-760'}
O50039,1.0,{'1': '72-374'},2.0,"{'1': '73-203', '2': '204-369'}",,,2.0,"{'1': '220-371', '2': '73-214'}",9.0,"{'1': '117-131', '2': '150-163', '3': '190-204', '4': '290-300', '5': '352-363', '6': '119-138', '7': '201-212', '8': '326-335', '9': '338-361'}",,,,,1.0,{'1': '73-373'}
O50055,,,,,1.0,{'1': '12-334'},2.0,"{'1': '51-97', '2': '286-328'}",,,3.0,"{'1': '7-54', '2': '50-97', '3': '286-328'}",2.0,"{'1': '7-54', '2': '55-97'}",,
O64380,3.0,"{'1': '47-215', '2': '228-413', '3': '513-645'}",4.0,"{'1': '40-136', '2': '137-209', '3': '210-313', '4': '314-418'}",,,5.0,"{'1': '51-120', '2': '138-205', '3': '231-299', '4': '334-402', '5': '579-643'}",,,5.0,"{'1': '49-126', '2': '136-208', '3': '229-306', '4': '332-409', '5': '571-648'}",8.0,"{'1': '50-122', '2': '137-209', '3': '230-302', '4': '333-405', '5': '583-646', '6': '50-122', '7': '137-209', '8': '333-405'}",1.0,{'1': '49-644'}
O64483,1.0,{'1': '559-842'},1.0,{'1': '372-493'},,,3.0,"{'1': '577-839', '2': '414-474', '3': '33-359'}",,,3.0,"{'1': '574-847', '2': '693-705', '3': '580-601'}",1.0,{'1': '574-845'},,
O64490,3.0,"{'1': '241-355', '2': '356-453', '3': '23-243'}",1.0,{'1': '31-241'},1.0,{'1': '1-460'},3.0,"{'1': '33-237', '2': '269-351', '3': '363-452'}",4.0,"{'1': '35-48', '2': '124-134', '3': '140-151', '4': '178-187'}",1.0,{'1': '31-240'},,,,
O64587,1.0,{'1': '26-205'},1.0,{'1': '1-206'},1.0,{'1': '1-197'},1.0,{'1': '31-169'},,,,,,,,
O64592,,,,,1.0,{'1': '37-303'},1.0,{'1': '241-303'},,,2.0,"{'1': '23-249', '2': '238-305'}",,,,
O64631,1.0,{'1': '47-508'},1.0,{'1': '43-509'},,,1.0,{'1': '54-486'},9.0,"{'1': '305-322', '2': '368-379', '3': '446-455', '4': '455-466', '5': '294-311', '6': '314-340', '7': '367-385', '8': '445-455', '9': '455-478'}",1.0,{'1': '448-457'},,,,
O64644,,,1.0,{'1': '19-152'},1.0,{'1': '25-152'},1.0,{'1': '33-151'},,,,,,,,
O64645,1.0,{'1': '3-83'},1.0,{'1': '14-94'},1.0,{'1': '3-181'},2.0,"{'1': '10-57', '2': '83-171'}",3.0,"{'1': '3-23', '2': '23-38', '3': '38-59'}",3.0,"{'1': '3-57', '2': '1-61', '3': '87-177'}",1.0,{'1': '1-60'},,
O64682,1.0,{'1': '61-424'},,,,,2.0,"{'1': '76-227', '2': '289-394'}",,,2.0,"{'1': '75-394', '2': '201-213'}",1.0,{'1': '75-394'},,
O64688,2.0,"{'1': '270-405', '2': '89-284'}",1.0,{'1': '274-406'},,,2.0,"{'1': '90-260', '2': '276-397'}",,,,,1.0,{'1': '86-261'},,
O64728,2.0,"{'1': '696-797', '2': '475-672'}",1.0,{'1': '443-623'},1.0,{'1': '453-852'},3.0,"{'1': '679-799', '2': '630-670', '3': '905-988'}",,,,,,,1.0,{'1': '450-799'}
O64740,1.0,{'1': '8-287'},1.0,{'1': '2-302'},1.0,{'1': '1-301'},6.0,"{'1': '7-37', '2': '47-85', '3': '95-132', '4': '147-191', '5': '205-241', '6': '260-286'}",3.0,"{'1': '73-87', '2': '179-193', '3': '229-243'}",3.0,"{'1': '52-86', '2': '99-132', '3': '206-243'}",6.0,"{'1': '2-39', '2': '45-86', '3': '92-133', '4': '139-192', '5': '199-242', '6': '251-287'}",,
O64760,3.0,"{'1': '276-436', '2': '555-713', '3': '22-377'}",1.0,{'1': '10-310'},1.0,{'1': '11-724'},3.0,"{'1': '641-720', '2': '27-168', '3': '326-430'}",,,1.0,{'1': '549-720'},1.0,{'1': '629-716'},,
O64816,1.0,{'1': '104-421'},,,1.0,{'1': '75-427'},1.0,{'1': '132-417'},,,3.0,"{'1': '132-417', '2': '245-257', '3': '138-161'}",1.0,{'1': '132-417'},,
O64817,1.0,{'1': '8-322'},,,1.0,{'1': '2-328'},1.0,{'1': '34-319'},,,3.0,"{'1': '34-319', '2': '147-159', '3': '40-63'}",1.0,{'1': '34-319'},,
O64818,,,1.0,{'1': '1-78'},1.0,{'1': '1-77'},2.0,"{'1': '3-36', '2': '39-76'}",,,,,,,,
O64825,1.0,{'1': '341-602'},1.0,{'1': '113-179'},1.0,{'1': '8-609'},4.0,"{'1': '384-594', '2': '54-111', '3': '116-168', '4': '184-233'}",,,4.0,"{'1': '283-601', '2': '81-153', '3': '119-165', '4': '186-231'}",2.0,"{'1': '120-166', '2': '187-232'}",,
O64843,1.0,{'1': '483-565'},1.0,{'1': '455-566'},1.0,{'1': '1-567'},1.0,{'1': '408-471'},,,1.0,{'1': '485-567'},2.0,"{'1': '482-567', '2': '407-472'}",,
O64851,,,,,1.0,{'1': '47-511'},,,,,,,,,,
O64862,,,1.0,{'1': '13-330'},,,2.0,"{'1': '62-246', '2': '289-319'}",,,,,,,1.0,{'1': '211-311'}
O64883,1.0,{'1': '16-492'},,,1.0,{'1': '19-498'},1.0,{'1': '17-493'},5.0,"{'1': '317-331', '2': '394-402', '3': '419-430', '4': '441-458', '5': '465-477'}",1.0,{'1': '23-37'},,,,
O64888,1.0,{'1': '143-379'},2.0,"{'1': '81-379', '2': '221-364'}",1.0,{'1': '77-382'},2.0,"{'1': '279-382', '2': '79-194'}",,,1.0,{'1': '202-217'},,,1.0,{'1': '79-381'}
O64903,1.0,{'1': '83-229'},1.0,{'1': '79-231'},,,1.0,{'1': '84-217'},5.0,"{'1': '86-108', '2': '130-149', '3': '150-167', '4': '171-187', '5': '194-213'}",1.0,{'1': '194-202'},1.0,{'1': '83-220'},,
O64973,1.0,{'1': '152-415'},5.0,"{'1': '143-305', '2': '503-622', '3': '628-849', '4': '400-486', '5': '312-399'}",1.0,{'1': '27-842'},3.0,"{'1': '161-331', '2': '519-832', '3': '417-485'}",,,,,,,,
O65155,1.0,{'1': '98-160'},1.0,{'1': '88-165'},1.0,{'1': '1-163'},2.0,"{'1': '99-150', '2': '4-59'}",,,1.0,{'1': '3-60'},,,,
O65202,3.0,"{'1': '95-260', '2': '276-459', '3': '464-656'}",2.0,"{'1': '17-132', '2': '133-269'}",1.0,{'1': '5-654'},4.0,"{'1': '479-656', '2': '134-235', '3': '17-132', '4': '278-439'}",,,,,,,,
O65282,2.0,"{'1': '60-153', '2': '159-252'}",2.0,"{'1': '54-154', '2': '155-253'}",1.0,{'1': '157-252'},2.0,"{'1': '62-151', '2': '160-251'}",4.0,"{'1': '62-77', '2': '84-105', '3': '118-130', '4': '139-152'}",2.0,"{'1': '62-86', '2': '160-184'}",2.0,"{'1': '61-152', '2': '159-252'}",,
O65312,1.0,{'1': '442-666'},1.0,{'1': '447-660'},1.0,{'1': '335-672'},3.0,"{'1': '555-658', '2': '485-515', '3': '193-238'}",,,3.0,"{'1': '544-659', '2': '1-689', '3': '428-532'}",2.0,"{'1': '544-665', '2': '481-519'}",,
O65351,1.0,{'1': '105-614'},2.0,"{'1': '132-623', '2': '19-106'}",1.0,{'1': '32-753'},4.0,"{'1': '132-578', '2': '385-456', '3': '31-106', '4': '657-754'}",3.0,"{'1': '130-149', '2': '208-221', '3': '539-555'}",1.0,{'1': '540-550'},,,,
O65359,1.0,{'1': '75-281'},,,1.0,{'1': '83-310'},1.0,{'1': '262-314'},,,2.0,"{'1': '226-288', '2': '232-271'}",2.0,"{'1': '221-288', '2': '70-185'}",,
O65390,2.0,"{'1': '313-415', '2': '12-505'}",2.0,"{'1': '31-240', '2': '241-506'}",1.0,{'1': '23-504'},3.0,"{'1': '379-415', '2': '315-348', '3': '81-505'}",4.0,"{'1': '88-108', '2': '234-247', '3': '284-295', '4': '479-494'}",5.0,"{'1': '97-108', '2': '284-295', '3': '312-352', '4': '376-417', '5': '82-503'}",1.0,{'1': '276-348'},,
O65421,2.0,"{'1': '2-97', '2': '111-204'}",2.0,"{'1': '106-205', '2': '3-97'}",1.0,{'1': '2-206'},1.0,{'1': '18-204'},,,2.0,"{'1': '1-99', '2': '109-205'}",,,,
O65502,1.0,{'1': '82-376'},,,1.0,{'1': '38-395'},1.0,{'1': '81-330'},,,,,,,,
O65554,1.0,{'1': '20-290'},,,,,2.0,"{'1': '24-278', '2': '313-373'}",,,4.0,"{'1': '24-278', '2': '142-154', '3': '30-57', '4': '310-334'}",1.0,{'1': '24-278'},,
O65628,,,1.0,{'1': '37-394'},1.0,{'1': '33-447'},1.0,{'1': '299-395'},,,,,,,,
O65639,6.0,"{'1': '8-80', '2': '92-149', '3': '126-183', '4': '186-217', '5': '224-272', '6': '271-297'}",1.0,{'1': '1-75'},,,8.0,"{'1': '101-115', '2': '133-149', '3': '165-181', '4': '199-215', '5': '230-246', '6': '253-270', '7': '281-296', '8': '12-76'}",3.0,"{'1': '13-28', '2': '34-43', '3': '49-67'}",9.0,"{'1': '102-115', '2': '134-149', '3': '166-181', '4': '200-215', '5': '232-245', '6': '255-270', '7': '282-295', '8': '10-76', '9': '24-43'}",8.0,"{'1': '101-117', '2': '133-149', '3': '165-181', '4': '199-215', '5': '231-247', '6': '254-270', '7': '281-297', '8': '12-77'}",,
O65655,2.0,"{'1': '450-536', '2': '14-51'}",1.0,{'1': '2-62'},,,2.0,"{'1': '14-49', '2': '589-631'}",,,1.0,{'1': '14-48'},1.0,{'1': '14-48'},,
O65660,1.0,{'1': '30-147'},,,,,1.0,{'1': '31-150'},,,1.0,{'1': '29-156'},,,,
O65674,2.0,"{'1': '4-65', '2': '75-150'}",1.0,{'1': '1-152'},1.0,{'1': '1-147'},2.0,"{'1': '103-150', '2': '4-64'}",,,,,1.0,{'1': '3-102'},,
O65686,1.0,{'1': '3-94'},1.0,{'1': '1-108'},1.0,{'1': '1-94'},1.0,{'1': '9-70'},,,,,,,1.0,{'1': '3-82'}
O65719,4.0,"{'1': '392-549', '2': '543-624', '3': '8-191', '4': '198-388'}",2.0,"{'1': '391-545', '2': '546-619'}",1.0,{'1': '9-582'},1.0,{'1': '9-618'},,,3.0,"{'1': '12-19', '2': '203-216', '3': '340-354'}",,,,
O65782,1.0,{'1': '27-494'},1.0,{'1': '15-497'},,,1.0,{'1': '30-492'},12.0,"{'1': '299-316', '2': '352-363', '3': '432-441', '4': '58-77', '5': '82-103', '6': '176-194', '7': '288-305', '8': '308-334', '9': '351-369', '10': '393-417', '11': '431-441', '12': '441-464'}",1.0,{'1': '434-443'},,,,
O78310,1.0,{'1': '66-213'},1.0,{'1': '61-215'},1.0,{'1': '58-214'},1.0,{'1': '77-211'},4.0,"{'1': '106-128', '2': '142-151', '3': '161-183', '4': '186-212'}",2.0,"{'1': '106-116', '2': '200-211'}",,,,
O80337,1.0,{'1': '147-207'},1.0,{'1': '146-208'},1.0,{'1': '134-221'},1.0,{'1': '147-198'},2.0,"{'1': '148-159', '2': '171-187'}",1.0,{'1': '147-205'},1.0,{'1': '147-211'},,
O80340,1.0,{'1': '24-82'},1.0,{'1': '23-83'},,,1.0,{'1': '24-73'},2.0,"{'1': '25-36', '2': '47-63'}",1.0,{'1': '24-81'},1.0,{'1': '24-87'},,
O80345,1.0,{'1': '10-439'},,,1.0,{'1': '19-424'},2.0,"{'1': '21-174', '2': '286-418'}",,,3.0,"{'1': '21-418', '2': '142-154', '3': '27-50'}",1.0,{'1': '21-418'},,
O80397,1.0,{'1': '77-362'},,,1.0,{'1': '68-336'},1.0,{'1': '82-334'},,,3.0,"{'1': '79-334', '2': '192-204', '3': '85-108'}",1.0,{'1': '79-334'},,
O80448,1.0,{'1': '35-283'},1.0,{'1': '15-307'},1.0,{'1': '10-307'},1.0,{'1': '24-229'},,,2.0,"{'1': '222-240', '2': '26-309'}",,,1.0,{'1': '26-299'}
O80452,1.0,{'1': '219-838'},,,1.0,{'1': '141-830'},1.0,{'1': '227-831'},,,1.0,{'1': '732-738'},,,1.0,{'1': '279-825'}
O80480,1.0,{'1': '15-505'},2.0,"{'1': '80-502', '2': '11-50'}",,,10.0,"{'1': '112-152', '2': '155-193', '3': '196-237', '4': '250-278', '5': '281-319', '6': '323-363', '7': '367-404', '8': '408-447', '9': '12-101', '10': '463-507'}",,,4.0,"{'1': '122-165', '2': '165-207', '3': '333-376', '4': '1-58'}",8.0,"{'1': '111-152', '2': '154-194', '3': '195-237', '4': '239-278', '5': '280-320', '6': '322-363', '7': '365-405', '8': '408-448'}",,
O80489,1.0,{'1': '18-192'},1.0,{'1': '1-193'},1.0,{'1': '1-193'},1.0,{'1': '8-192'},5.0,"{'1': '22-45', '2': '50-74', '3': '77-102', '4': '122-143', '5': '166-190'}",,,1.0,{'1': '4-192'},1.0,{'1': '19-135'}
O80504,1.0,{'1': '51-139'},1.0,{'1': '47-139'},1.0,{'1': '50-137'},1.0,{'1': '51-137'},,,,,1.0,{'1': '51-138'},,
O80506,,,,,1.0,{'1': '13-92'},1.0,{'1': '12-58'},,,1.0,{'1': '15-59'},,,,
O80517,1.0,{'1': '35-125'},1.0,{'1': '29-134'},1.0,{'1': '31-173'},1.0,{'1': '36-114'},,,1.0,{'1': '30-126'},,,,
O80536,1.0,{'1': '340-402'},1.0,{'1': '338-402'},1.0,{'1': '7-518'},1.0,{'1': '346-393'},,,1.0,{'1': '343-392'},1.0,{'1': '349-398'},,
O80567,2.0,"{'1': '273-393', '2': '190-281'}",2.0,"{'1': '275-413', '2': '185-274'}",1.0,{'1': '54-532'},1.0,{'1': '197-255'},4.0,"{'1': '200-217', '2': '226-241', '3': '257-270', '4': '279-295'}",1.0,{'1': '187-278'},1.0,{'1': '191-271'},,
O80588,,,,,,,1.0,{'1': '80-433'},,,,,,,,
O80653,,,,,1.0,{'1': '1-597'},1.0,{'1': '187-346'},,,,,,,,
O80673,2.0,"{'1': '120-447', '2': '413-567'}",,,1.0,{'1': '109-555'},1.0,{'1': '123-385'},,,3.0,"{'1': '123-385', '2': '247-259', '3': '129-155'}",1.0,{'1': '123-385'},,
O80703,,,1.0,{'1': '176-406'},1.0,{'1': '49-299'},1.0,{'1': '88-297'},,,,,6.0,"{'1': '102-133', '2': '138-169', '3': '240-270', '4': '275-305', '5': '310-341', '6': '342-376'}",,
O80739,,,,,1.0,{'1': '82-825'},2.0,"{'1': '92-577', '2': '592-825'}",,,,,,,1.0,{'1': '91-826'}
O80763,4.0,"{'1': '28-137', '2': '189-299', '3': '348-458', '4': '487-546'}",,,1.0,{'1': '7-305'},4.0,"{'1': '502-544', '2': '43-135', '3': '203-295', '4': '363-455'}",,,3.0,"{'1': '18-172', '2': '325-485', '3': '367-385'}",,,,
O80774,1.0,{'1': '10-465'},1.0,{'1': '9-473'},1.0,{'1': '19-468'},2.0,"{'1': '77-459', '2': '42-76'}",,,1.0,{'1': '77-96'},,,1.0,{'1': '31-467'}
O80786,2.0,"{'1': '34-291', '2': '335-642'}",2.0,"{'1': '134-269', '2': '306-664'}",1.0,{'1': '33-678'},5.0,"{'1': '313-535', '2': '34-125', '3': '134-269', '4': '553-642', '5': '667-725'}",10.0,"{'1': '366-381', '2': '426-440', '3': '454-467', '4': '478-490', '5': '505-513', '6': '135-150', '7': '161-173', '8': '285-297', '9': '561-576', '10': '637-654'}",2.0,"{'1': '325-531', '2': '434-442'}",1.0,{'1': '130-644'},,
O80796,,,,,1.0,{'1': '68-330'},1.0,{'1': '73-285'},,,,,,,,
O80807,1.0,{'1': '7-89'},1.0,{'1': '18-88'},,,1.0,{'1': '15-62'},3.0,"{'1': '8-28', '2': '28-43', '3': '43-64'}",1.0,{'1': '6-66'},1.0,{'1': '6-65'},,
O80809,,,3.0,"{'1': '31-313', '2': '314-384', '3': '385-669'}",1.0,{'1': '365-708'},9.0,"{'1': '172-192', '2': '289-309', '3': '317-336', '4': '340-362', '5': '365-384', '6': '412-434', '7': '597-615', '8': '86-133', '9': '436-495'}",,,1.0,{'1': '573-595'},10.0,"{'1': '96-119', '2': '120-143', '3': '194-216', '4': '263-288', '5': '338-362', '6': '410-433', '7': '434-457', '8': '458-482', '9': '547-571', '10': '594-618'}",,
O80837,,,,,,,2.0,"{'1': '80-184', '2': '30-76'}",,,,,,,,
O80840,1.0,{'1': '10-243'},2.0,"{'1': '9-240', '2': '87-188'}",1.0,{'1': '6-245'},1.0,{'1': '30-245'},,,,,,,1.0,{'1': '10-228'}
O80842,2.0,"{'1': '161-365', '2': '64-142'}",2.0,"{'1': '156-366', '2': '54-155'}",,,2.0,"{'1': '164-365', '2': '94-143'}",,,1.0,{'1': '339-352'},3.0,"{'1': '164-366', '2': '163-317', '3': '67-148'}",1.0,{'1': '93-365'}
O80845,,,,,,,1.0,{'1': '13-226'},,,,,,,,
O80871,1.0,{'1': '140-393'},1.0,{'1': '139-395'},1.0,{'1': '121-391'},1.0,{'1': '140-385'},,,2.0,"{'1': '170-178', '2': '139-392'}",1.0,{'1': '127-390'},,
O80897,1.0,{'1': '48-82'},,,1.0,{'1': '1-271'},2.0,"{'1': '52-76', '2': '110-204'}",,,1.0,{'1': '52-82'},1.0,{'1': '49-83'},,
O80910,1.0,{'1': '10-145'},2.0,"{'1': '2-161', '2': '231-320'}",1.0,{'1': '8-521'},2.0,"{'1': '6-126', '2': '244-318'}",,,2.0,"{'1': '15-144', '2': '229-317'}",1.0,{'1': '8-140'},,
O80920,,,1.0,{'1': '21-206'},1.0,{'1': '50-195'},1.0,{'1': '58-195'},,,,,,,,
O80925,1.0,{'1': '5-116'},1.0,{'1': '1-128'},1.0,{'1': '1-455'},1.0,{'1': '5-110'},3.0,"{'1': '16-35', '2': '35-52', '3': '56-77'}",1.0,{'1': '4-120'},1.0,{'1': '4-120'},,
O80931,1.0,{'1': '4-98'},,,1.0,{'1': '1-363'},,,,,4.0,"{'1': '1-53', '2': '54-104', '3': '1-53', '4': '54-108'}",2.0,"{'1': '3-55', '2': '58-106'}",,
O80934,1.0,{'1': '78-302'},,,1.0,{'1': '73-325'},1.0,{'1': '83-289'},,,,,,,,
O80988,2.0,"{'1': '87-515', '2': '528-1031'}",4.0,"{'1': '168-428', '2': '596-847', '3': '157-510', '4': '848-983'}",1.0,{'1': '65-1035'},3.0,"{'1': '87-514', '2': '526-807', '3': '858-979'}",,,,,,,1.0,{'1': '87-1029'}
O80996,,,2.0,"{'1': '162-207', '2': '208-287'}",,,3.0,"{'1': '218-277', '2': '166-207', '3': '55-147'}",,,2.0,"{'1': '201-294', '2': '167-207'}",2.0,"{'1': '217-266', '2': '167-206'}",,
O80998,3.0,"{'1': '2-144', '2': '143-292', '3': '299-446'}",3.0,"{'1': '1-144', '2': '145-292', '3': '301-449'}",,,3.0,"{'1': '6-141', '2': '152-291', '3': '309-442'}",,,3.0,"{'1': '2-144', '2': '147-294', '3': '303-446'}",3.0,"{'1': '13-144', '2': '158-294', '3': '314-446'}",,
O81015,1.0,{'1': '161-198'},,,,,,,,,1.0,{'1': '143-195'},,,,
O81098,2.0,"{'1': '130-205', '2': '4-133'}",2.0,"{'1': '130-205', '2': '1-129'}",1.0,{'1': '4-205'},2.0,"{'1': '132-204', '2': '4-89'}",,,1.0,{'1': '137-150'},,,,
O81108,4.0,"{'1': '236-332', '2': '116-1013', '3': '458-662', '4': '450-858'}",2.0,"{'1': '449-798', '2': '462-657'}",,,4.0,"{'1': '116-184', '2': '838-1010', '3': '5-49', '4': '235-333'}",3.0,"{'1': '609-627', '2': '753-769', '3': '785-810'}",1.0,{'1': '454-460'},1.0,{'1': '118-189'},4.0,"{'1': '204-476', '2': '546-698', '3': '723-836', '4': '106-1014'}"
O81126,2.0,"{'1': '3-96', '2': '93-119'}",1.0,{'1': '1-96'},1.0,{'1': '2-177'},2.0,"{'1': '4-61', '2': '100-115'}",,,2.0,"{'1': '2-71', '2': '100-116'}",2.0,"{'1': '3-67', '2': '100-116'}",,
O81127,2.0,"{'1': '2-84', '2': '81-109'}",1.0,{'1': '1-70'},1.0,{'1': '2-171'},2.0,"{'1': '4-61', '2': '90-105'}",,,2.0,"{'1': '2-73', '2': '90-106'}",2.0,"{'1': '3-69', '2': '90-106'}",,
O81147,1.0,{'1': '8-245'},1.0,{'1': '1-246'},1.0,{'1': '13-241'},2.0,"{'1': '9-31', '2': '36-220'}",,,2.0,"{'1': '9-31', '2': '24-239'}",1.0,{'1': '9-31'},,
O81153,1.0,{'1': '4-204'},1.0,{'1': '1-204'},1.0,{'1': '1-197'},1.0,{'1': '7-189'},,,2.0,"{'1': '12-59', '2': '8-189'}",,,,
O81223,1.0,{'1': '22-206'},,,1.0,{'1': '1-213'},2.0,"{'1': '77-98', '2': '111-180'}",,,3.0,"{'1': '71-106', '2': '108-143', '3': '152-187'}",3.0,"{'1': '75-103', '2': '112-140', '3': '156-184'}",,
O81283,1.0,{'1': '853-989'},1.0,{'1': '833-1087'},1.0,{'1': '855-1201'},2.0,"{'1': '856-990', '2': '1225-1489'}",,,1.0,{'1': '853-1087'},,,1.0,{'1': '739-1503'}
O81439,,,,,1.0,{'1': '74-311'},1.0,{'1': '93-308'},,,,,,,,
O81629,3.0,"{'1': '138-288', '2': '267-461', '3': '436-573'}",3.0,"{'1': '130-292', '2': '293-467', '3': '468-585'}",,,,,,,2.0,"{'1': '307-340', '2': '516-549'}",9.0,"{'1': '140-173', '2': '183-216', '3': '225-258', '4': '307-340', '5': '349-382', '6': '392-425', '7': '433-466', '8': '474-507', '9': '516-549'}",,
O81775,,,,,1.0,{'1': '14-153'},,,,,,,,,,
O81796,,,,,,,1.0,{'1': '40-363'},,,,,1.0,{'1': '40-363'},1.0,{'1': '37-366'}
O81821,1.0,{'1': '23-117'},1.0,{'1': '21-118'},,,1.0,{'1': '28-117'},3.0,"{'1': '28-51', '2': '66-78', '3': '79-91'}",1.0,{'1': '67-91'},1.0,{'1': '24-117'},,
O81845,1.0,{'1': '8-292'},1.0,{'1': '5-305'},1.0,{'1': '13-293'},3.0,"{'1': '8-106', '2': '112-206', '3': '212-298'}",6.0,"{'1': '16-28', '2': '43-62', '3': '96-108', '4': '166-183', '5': '209-227', '6': '285-306'}",3.0,"{'1': '9-102', '2': '112-203', '3': '212-296'}",,,,
O81851,,,1.0,{'1': '245-303'},,,,,,,1.0,{'1': '254-291'},,,,
O82132,1.0,{'1': '79-136'},1.0,{'1': '78-136'},,,1.0,{'1': '78-127'},2.0,"{'1': '79-90', '2': '101-117'}",1.0,{'1': '78-135'},1.0,{'1': '78-141'},,
O82169,,,1.0,{'1': '94-177'},1.0,{'1': '5-230'},1.0,{'1': '96-186'},,,,,,,,
O82191,2.0,"{'1': '297-580', '2': '20-296'}",1.0,{'1': '40-294'},,,2.0,"{'1': '106-286', '2': '297-550'}",7.0,"{'1': '112-136', '2': '172-201', '3': '208-230', '4': '268-286', '5': '293-309', '6': '324-340', '7': '427-443'}",1.0,{'1': '293-309'},2.0,"{'1': '106-287', '2': '297-550'}",,
O82204,,,,,1.0,{'1': '1-142'},1.0,{'1': '8-126'},,,,,,,,
O82226,1.0,{'1': '443-633'},1.0,{'1': '512-632'},,,1.0,{'1': '119-440'},5.0,"{'1': '170-179', '2': '383-400', '3': '409-420', '4': '427-436', '5': '477-484'}",1.0,{'1': '514-598'},1.0,{'1': '514-645'},,
O82240,,,1.0,{'1': '2-161'},,,1.0,{'1': '10-156'},3.0,"{'1': '7-25', '2': '116-128', '3': '134-156'}",,,,,,
O82243,,,,,1.0,{'1': '6-578'},2.0,"{'1': '348-431', '2': '446-560'}",,,,,,,,
O82245,,,1.0,{'1': '45-196'},1.0,{'1': '42-194'},1.0,{'1': '53-193'},,,,,,,,
O82387,2.0,"{'1': '119-406', '2': '434-537'}",2.0,"{'1': '109-285', '2': '439-531'}",1.0,{'1': '48-537'},3.0,"{'1': '436-527', '2': '151-280', '3': '341-398'}",,,,,1.0,{'1': '449-528'},,
O82462,2.0,"{'1': '520-716', '2': '64-158'}",2.0,"{'1': '185-523', '2': '630-710'}",1.0,{'1': '5-717'},4.0,"{'1': '101-156', '2': '213-516', '3': '520-609', '4': '624-697'}",5.0,"{'1': '217-229', '2': '231-242', '3': '246-259', '4': '391-401', '5': '407-415'}",1.0,{'1': '220-231'},,,1.0,{'1': '192-697'}
O82481,1.0,{'1': '7-179'},1.0,{'1': '2-203'},1.0,{'1': '7-194'},1.0,{'1': '10-180'},,,1.0,{'1': '4-207'},1.0,{'1': '11-182'},1.0,{'1': '7-173'}
O82486,1.0,{'1': '457-614'},,,,,1.0,{'1': '476-636'},,,1.0,{'1': '438-656'},,,,
O82504,,,,,1.0,{'1': '9-1117'},5.0,"{'1': '111-264', '2': '386-964', '3': '280-365', '4': '982-1132', '5': '11-94'}",,,,,,,,
O82533,2.0,"{'1': '313-427', '2': '119-317'}",2.0,"{'1': '111-329', '2': '330-439'}",1.0,{'1': '53-436'},2.0,"{'1': '120-281', '2': '331-425'}",4.0,"{'1': '207-227', '2': '235-256', '3': '298-320', '4': '321-342'}",1.0,{'1': '206-227'},2.0,"{'1': '120-314', '2': '316-433'}",1.0,{'1': '114-439'}
O82597,1.0,{'1': '31-212'},1.0,{'1': '34-212'},1.0,{'1': '14-216'},1.0,{'1': '55-206'},,,,,,,,
O82733,1.0,{'1': '18-297'},1.0,{'1': '3-305'},1.0,{'1': '10-299'},2.0,"{'1': '54-247', '2': '6-52'}",7.0,"{'1': '54-81', '2': '83-110', '3': '116-140', '4': '150-176', '5': '179-206', '6': '236-256', '7': '258-274'}",1.0,{'1': '117-122'},1.0,{'1': '26-296'},,
O82741,,,,,,,1.0,{'1': '57-207'},,,,,,,,
O82775,,,,,1.0,{'1': '78-254'},,,,,,,,,,
O82798,1.0,{'1': '33-163'},,,1.0,{'1': '34-174'},1.0,{'1': '36-154'},,,1.0,{'1': '35-162'},1.0,{'1': '34-158'},,
O82804,,,,,1.0,{'1': '1-691'},1.0,{'1': '334-360'},,,,,,,,
P04778,,,,,1.0,{'1': '1-267'},1.0,{'1': '67-233'},,,,,,,,
P0CB21,,,,,1.0,{'1': '1-708'},,,,,,,,,,
P0CJ46,2.0,"{'1': '6-155', '2': '149-377'}",,,1.0,{'1': '10-371'},1.0,{'1': '5-377'},6.0,"{'1': '28-37', '2': '51-62', '3': '63-85', '4': '117-130', '5': '142-161', '6': '238-254'}",3.0,"{'1': '55-65', '2': '358-366', '3': '106-118'}",1.0,{'1': '7-377'},,
P0CJ48,,,,,1.0,{'1': '1-267'},1.0,{'1': '67-233'},,,,,,,,
P0CW77,4.0,"{'1': '208-294', '2': '148-389', '3': '397-524', '4': '11-84'}",2.0,"{'1': '386-541', '2': '406-529'}",1.0,{'1': '9-542'},1.0,{'1': '206-295'},,,2.0,"{'1': '13-79', '2': '397-403'}",,,2.0,"{'1': '169-412', '2': '146-541'}"
P0CZ23,3.0,"{'1': '97-306', '2': '324-497', '3': '520-660'}",1.0,{'1': '184-321'},1.0,{'1': '43-662'},3.0,"{'1': '528-659', '2': '185-293', '3': '332-482'}",,,,,,,,
P0DH91,1.0,{'1': '14-177'},1.0,{'1': '4-181'},1.0,{'1': '1-175'},1.0,{'1': '6-177'},4.0,"{'1': '19-42', '2': '47-71', '3': '74-99', '4': '119-140'}",,,1.0,{'1': '1-177'},1.0,{'1': '16-157'}
P0DH95,1.0,{'1': '2-147'},,,1.0,{'1': '2-148'},2.0,"{'1': '12-73', '2': '83-147'}",,,8.0,"{'1': '8-43', '2': '44-79', '3': '81-116', '4': '117-149', '5': '21-33', '6': '57-69', '7': '94-106', '8': '130-142'}",4.0,"{'1': '12-40', '2': '48-76', '3': '85-113', '4': '121-149'}",,
P0DH96,1.0,{'1': '2-147'},,,1.0,{'1': '2-148'},2.0,"{'1': '12-73', '2': '83-147'}",,,8.0,"{'1': '8-43', '2': '44-79', '3': '81-116', '4': '117-149', '5': '21-33', '6': '57-69', '7': '94-106', '8': '130-142'}",4.0,"{'1': '12-40', '2': '48-76', '3': '85-113', '4': '121-149'}",,
P0DH97,1.0,{'1': '2-147'},,,1.0,{'1': '2-148'},2.0,"{'1': '12-73', '2': '83-147'}",,,8.0,"{'1': '8-43', '2': '44-79', '3': '81-116', '4': '117-149', '5': '21-33', '6': '57-69', '7': '94-106', '8': '130-142'}",4.0,"{'1': '12-40', '2': '48-76', '3': '85-113', '4': '121-149'}",,
P0DH98,1.0,{'1': '2-147'},,,1.0,{'1': '2-148'},2.0,"{'1': '12-73', '2': '83-147'}",,,8.0,"{'1': '8-43', '2': '44-79', '3': '81-116', '4': '117-149', '5': '21-33', '6': '57-69', '7': '94-106', '8': '130-142'}",4.0,"{'1': '12-40', '2': '48-76', '3': '85-113', '4': '121-149'}",,
P0DH99,3.0,"{'1': '226-321', '2': '326-430', '3': '3-249'}",1.0,{'1': '1-226'},1.0,{'1': '2-433'},3.0,"{'1': '7-223', '2': '248-313', '3': '327-427'}",5.0,"{'1': '9-22', '2': '68-76', '3': '88-98', '4': '104-115', '5': '148-157'}",2.0,"{'1': '5-230', '2': '61-76'}",,,1.0,{'1': '1-433'}
P0DI12,1.0,{'1': '7-315'},,,1.0,{'1': '9-311'},1.0,{'1': '14-306'},2.0,"{'1': '35-59', '2': '156-183'}",,,,,,
P0DI13,1.0,{'1': '7-315'},,,1.0,{'1': '9-311'},1.0,{'1': '14-306'},2.0,"{'1': '35-59', '2': '156-183'}",,,,,,
P0DI79,,,,,1.0,{'1': '11-381'},1.0,{'1': '28-380'},,,,,,,,
P0DKC5,1.0,{'1': '43-310'},,,,,1.0,{'1': '48-235'},8.0,"{'1': '124-135', '2': '177-185', '3': '197-216', '4': '49-66', '5': '124-135', '6': '171-187', '7': '197-216', '8': '217-234'}",1.0,{'1': '184-212'},,,,
P10795,1.0,{'1': '56-177'},1.0,{'1': '56-180'},1.0,{'1': '1-176'},2.0,"{'1': '67-175', '2': '2-42'}",6.0,"{'1': '17-34', '2': '44-62', '3': '65-91', '4': '93-108', '5': '115-144', '6': '149-175'}",,,1.0,{'1': '66-175'},,
P11035,5.0,"{'1': '360-487', '2': '656-773', '3': '94-358', '4': '540-620', '5': '759-909'}",3.0,"{'1': '116-359', '2': '538-618', '3': '767-912'}",,,5.0,"{'1': '146-328', '2': '547-616', '3': '791-899', '4': '356-487', '5': '665-771'}",26.0,"{'1': '567-577', '2': '577-591', '3': '592-599', '4': '604-616', '5': '576-586', '6': '712-719', '7': '744-753', '8': '790-809', '9': '816-825', '10': '828-839', '11': '860-876', '12': '885-893', '13': '112-126', '14': '134-150', '15': '187-198', '16': '198-210', '17': '213-228', '18': '274-290', '19': '291-304', '20': '307-320', '21': '358-370', '22': '389-403', '23': '403-415', '24': '430-440', '25': '455-467', '26': '468-481'}",4.0,"{'1': '542-617', '2': '660-772', '3': '573-580', '4': '163-198'}",1.0,{'1': '545-617'},,
P11574,1.0,{'1': '92-381'},,,1.0,{'1': '8-485'},3.0,"{'1': '145-375', '2': '22-88', '3': '381-480'}",,,1.0,{'1': '366-375'},,,1.0,{'1': '18-485'}
P11832,5.0,"{'1': '363-490', '2': '653-773', '3': '100-361', '4': '544-622', '5': '760-909'}",3.0,"{'1': '101-353', '2': '541-622', '3': '767-912'}",,,5.0,"{'1': '152-331', '2': '551-619', '3': '791-898', '4': '359-490', '5': '665-771'}",25.0,"{'1': '570-580', '2': '580-594', '3': '595-602', '4': '607-619', '5': '579-589', '6': '712-719', '7': '790-809', '8': '816-825', '9': '828-839', '10': '860-876', '11': '885-893', '12': '118-132', '13': '140-156', '14': '193-204', '15': '204-216', '16': '219-234', '17': '277-293', '18': '294-307', '19': '310-323', '20': '361-373', '21': '392-406', '22': '406-418', '23': '433-443', '24': '458-470', '25': '471-484'}",4.0,"{'1': '545-620', '2': '660-772', '3': '576-583', '4': '169-204'}",1.0,{'1': '548-620'},,
P12411,2.0,"{'1': '245-430', '2': '1-244'}",3.0,"{'1': '375-431', '2': '1-263', '3': '264-374'}",1.0,{'1': '3-427'},2.0,"{'1': '3-212', '2': '262-383'}",22.0,"{'1': '10-30', '2': '52-71', '3': '94-105', '4': '107-131', '5': '133-151', '6': '152-173', '7': '177-190', '8': '191-211', '9': '371-399', '10': '42-59', '11': '89-100', '12': '109-127', '13': '153-165', '14': '213-225', '15': '231-240', '16': '246-259', '17': '266-282', '18': '312-330', '19': '330-344', '20': '348-371', '21': '378-389', '22': '413-431'}",2.0,"{'1': '1-4', '2': '141-147'}",2.0,"{'1': '48-245', '2': '247-384'}",,
P13114,2.0,"{'1': '10-237', '2': '241-393'}",2.0,"{'1': '1-241', '2': '242-395'}",1.0,{'1': '10-393'},2.0,"{'1': '10-233', '2': '244-394'}",,,1.0,{'1': '161-177'},,,,
P14671,1.0,{'1': '75-468'},2.0,"{'1': '81-283', '2': '126-461'}",1.0,{'1': '44-469'},1.0,{'1': '127-455'},,,1.0,{'1': '158-172'},,,1.0,{'1': '79-467'}
P14712,4.0,"{'1': '74-186', '2': '624-731', '3': '765-871', '4': '956-1111'}",3.0,"{'1': '199-563', '2': '963-1121', '3': '407-580'}",,,7.0,"{'1': '219-400', '2': '1007-1116', '3': '896-956', '4': '415-590', '5': '70-185', '6': '621-734', '7': '751-873'}",10.0,"{'1': '133-155', '2': '233-252', '3': '318-339', '4': '432-452', '5': '517-536', '6': '550-568', '7': '621-637', '8': '640-655', '9': '713-730', '10': '733-753'}",5.0,"{'1': '618-688', '2': '748-803', '3': '902-1119', '4': '318-327', '5': '218-392'}",5.0,"{'1': '620-686', '2': '750-819', '3': '218-412', '4': '1007-1119', '5': '895-959'}",1.0,{'1': '625-740'}
P14713,4.0,"{'1': '108-220', '2': '657-766', '3': '800-903', '4': '984-1147'}",3.0,"{'1': '233-594', '2': '966-1143', '3': '438-611'}",,,7.0,"{'1': '253-433', '2': '1039-1151', '3': '928-991', '4': '446-621', '5': '103-219', '6': '655-770', '7': '786-905'}",10.0,"{'1': '167-189', '2': '267-286', '3': '352-373', '4': '463-483', '5': '548-567', '6': '581-599', '7': '655-671', '8': '674-689', '9': '748-765', '10': '768-788'}",5.0,"{'1': '652-723', '2': '786-838', '3': '934-1153', '4': '352-361', '5': '252-423'}",5.0,"{'1': '654-721', '2': '785-855', '3': '252-443', '4': '1039-1153', '5': '927-991'}",1.0,{'1': '659-774'}
P14714,4.0,"{'1': '69-183', '2': '610-717', '3': '751-857', '4': '942-1094'}",3.0,"{'1': '194-553', '2': '906-1104', '3': '398-570'}",,,6.0,"{'1': '216-390', '2': '994-1098', '3': '406-580', '4': '65-180', '5': '607-721', '6': '737-860'}",10.0,"{'1': '128-150', '2': '228-247', '3': '313-334', '4': '423-443', '5': '508-527', '6': '540-558', '7': '607-623', '8': '626-641', '9': '699-716', '10': '719-739'}",5.0,"{'1': '604-674', '2': '737-793', '3': '889-1111', '4': '313-322', '5': '213-383'}",5.0,"{'1': '606-672', '2': '737-806', '3': '823-865', '4': '213-403', '5': '994-1107'}",2.0,"{'1': '611-730', '2': '751-859'}"
P15459,1.0,{'1': '10-153'},1.0,{'1': '41-156'},1.0,{'1': '1-156'},1.0,{'1': '58-149'},5.0,"{'1': '44-65', '2': '94-111', '3': '111-124', '4': '129-143', '5': '143-155'}",,,1.0,{'1': '58-151'},,
P16127,1.0,{'1': '86-412'},1.0,{'1': '85-290'},1.0,{'1': '25-424'},2.0,"{'1': '200-270', '2': '350-408'}",,,,,1.0,{'1': '111-293'},1.0,{'1': '88-423'}
P16180,1.0,{'1': '50-128'},1.0,{'1': '49-137'},1.0,{'1': '38-129'},1.0,{'1': '55-120'},3.0,"{'1': '69-92', '2': '101-111', '3': '111-118'}",1.0,{'1': '101-113'},,,,
P16972,1.0,{'1': '35-144'},1.0,{'1': '52-148'},,,1.0,{'1': '61-134'},,,2.0,"{'1': '55-145', '2': '91-99'}",,,1.0,{'1': '53-147'}
P17094,1.0,{'1': '4-369'},1.0,{'1': '1-274'},1.0,{'1': '1-386'},1.0,{'1': '1-370'},,,1.0,{'1': '212-235'},,,,
P17562,3.0,"{'1': '3-109', '2': '115-239', '3': '240-388'}",,,1.0,{'1': '2-389'},3.0,"{'1': '4-101', '2': '117-238', '3': '240-381'}",,,2.0,"{'1': '119-129', '2': '266-274'}",,,1.0,{'1': '5-386'}
P17745,3.0,"{'1': '282-378', '2': '375-474', '3': '75-303'}",1.0,{'1': '68-280'},1.0,{'1': '59-475'},3.0,"{'1': '77-278', '2': '375-474', '3': '302-371'}",5.0,"{'1': '81-94', '2': '125-133', '3': '145-155', '4': '161-172', '5': '198-207'}",2.0,"{'1': '77-281', '2': '118-133'}",,,2.0,"{'1': '69-476', '2': '80-216'}"
P18064,2.0,"{'1': '66-191', '2': '35-380'}",2.0,"{'1': '67-192', '2': '40-371'}",1.0,{'1': '16-379'},1.0,{'1': '20-371'},13.0,"{'1': '40-55', '2': '179-201', '3': '214-231', '4': '236-264', '5': '282-291', '6': '26-35', '7': '76-89', '8': '91-105', '9': '115-129', '10': '199-214', '11': '269-280', '12': '318-333', '13': '335-347'}",1.0,{'1': '37-383'},1.0,{'1': '18-382'},,
P18612,,,,,,,1.0,{'1': '6-66'},,,,,,,,
P18616,,,5.0,"{'1': '687-805', '2': '1161-1296', '3': '529-682', '4': '6-129', '5': '267-316'}",1.0,{'1': '19-1464'},21.0,"{'1': '1552-1565', '2': '1566-1579', '3': '1580-1593', '4': '1594-1607', '5': '1608-1621', '6': '1622-1635', '7': '1636-1649', '8': '1650-1663', '9': '1664-1677', '10': '1678-1691', '11': '1692-1705', '12': '1706-1719', '13': '1721-1733', '14': '1753-1766', '15': '353-521', '16': '524-688', '17': '1161-1295', '18': '892-1076', '19': '14-351', '20': '826-1416', '21': '719-819'}",,,14.0,"{'1': '1600-1606', '2': '1607-1613', '3': '1614-1620', '4': '1621-1627', '5': '1663-1669', '6': '1670-1676', '7': '1677-1683', '8': '1684-1690', '9': '1705-1711', '10': '1712-1718', '11': '1752-1758', '12': '1759-1765', '13': '1766-1772', '14': '1773-1779'}",1.0,{'1': '243-549'},,
P19171,2.0,"{'1': '86-326', '2': '35-79'}",1.0,{'1': '33-75'},,,2.0,"{'1': '89-320', '2': '35-73'}",3.0,"{'1': '43-51', '2': '51-58', '3': '58-65'}",4.0,"{'1': '107-129', '2': '233-243', '3': '33-75', '4': '45-64'}",1.0,{'1': '35-73'},,
P19456,3.0,"{'1': '130-227', '2': '13-845', '3': '323-633'}",2.0,"{'1': '324-623', '2': '339-486'}",,,2.0,"{'1': '16-79', '2': '129-227'}",5.0,"{'1': '443-461', '2': '558-574', '3': '586-602', '4': '617-642', '5': '758-779'}",1.0,{'1': '329-335'},1.0,{'1': '13-85'},3.0,"{'1': '99-534', '2': '561-666', '3': '32-804'}"
P20649,3.0,"{'1': '130-227', '2': '13-845', '3': '323-633'}",2.0,"{'1': '324-623', '2': '339-486'}",,,2.0,"{'1': '16-79', '2': '129-227'}",5.0,"{'1': '443-461', '2': '558-574', '3': '586-602', '4': '617-642', '5': '758-779'}",1.0,{'1': '329-335'},1.0,{'1': '13-85'},3.0,"{'1': '99-534', '2': '561-666', '3': '32-804'}"
P21218,1.0,{'1': '85-368'},,,1.0,{'1': '1-401'},1.0,{'1': '91-234'},3.0,"{'1': '90-107', '2': '165-176', '3': '298-315'}",,,,,1.0,{'1': '87-401'}
P21238,4.0,"{'1': '228-420', '2': '181-245', '3': '407-452', '4': '58-567'}",3.0,"{'1': '236-417', '2': '181-454', '3': '51-568'}",1.0,{'1': '40-575'},1.0,{'1': '68-571'},5.0,"{'1': '72-98', '2': '127-154', '3': '312-335', '4': '394-419', '5': '442-463'}",1.0,{'1': '449-460'},,,1.0,{'1': '49-572'}
P21240,3.0,"{'1': '238-430', '2': '195-249', '3': '66-578'}",3.0,"{'1': '246-427', '2': '192-464', '3': '61-579'}",1.0,{'1': '51-585'},1.0,{'1': '78-580'},5.0,"{'1': '82-108', '2': '138-165', '3': '322-345', '4': '404-429', '5': '452-473'}",1.0,{'1': '459-470'},,,1.0,{'1': '56-583'}
P21276,2.0,"{'1': '97-207', '2': '9-96'}",2.0,"{'1': '96-211', '2': '28-94'}",,,2.0,"{'1': '11-95', '2': '102-203'}",5.0,"{'1': '14-25', '2': '35-48', '3': '78-91', '4': '131-139', '5': '167-179'}",1.0,{'1': '169-176'},,,,
P22953,4.0,"{'1': '392-549', '2': '543-624', '3': '8-191', '4': '198-388'}",2.0,"{'1': '391-544', '2': '545-619'}",1.0,{'1': '9-583'},1.0,{'1': '9-618'},,,3.0,"{'1': '12-19', '2': '203-216', '3': '340-354'}",,,,
P22954,4.0,"{'1': '392-549', '2': '543-624', '3': '8-191', '4': '198-388'}",2.0,"{'1': '391-544', '2': '545-653'}",1.0,{'1': '9-583'},1.0,{'1': '9-618'},,,3.0,"{'1': '12-19', '2': '203-216', '3': '340-354'}",,,,
P23321,1.0,{'1': '100-332'},,,1.0,{'1': '1-332'},1.0,{'1': '99-331'},,,,,,,,
P23586,1.0,{'1': '27-485'},1.0,{'1': '16-492'},1.0,{'1': '13-499'},1.0,{'1': '27-489'},5.0,"{'1': '34-44', '2': '137-156', '3': '294-304', '4': '391-412', '5': '414-426'}",3.0,"{'1': '338-355', '2': '142-167', '3': '26-478'}",,,1.0,{'1': '14-485'}
P23686,3.0,"{'1': '3-109', '2': '116-239', '3': '240-388'}",,,1.0,{'1': '2-389'},3.0,"{'1': '4-101', '2': '117-238', '3': '240-381'}",,,2.0,"{'1': '119-129', '2': '266-274'}",,,1.0,{'1': '5-386'}
P24100,1.0,{'1': '1-289'},,,1.0,{'1': '2-287'},1.0,{'1': '4-287'},,,3.0,"{'1': '4-287', '2': '123-135', '3': '10-33'}",1.0,{'1': '4-287'},,
P24636,2.0,"{'1': '244-429', '2': '1-243'}",3.0,"{'1': '374-430', '2': '1-262', '3': '263-373'}",1.0,{'1': '3-426'},2.0,"{'1': '3-211', '2': '261-382'}",22.0,"{'1': '10-30', '2': '51-70', '3': '93-104', '4': '106-130', '5': '132-150', '6': '151-172', '7': '176-189', '8': '190-210', '9': '370-398', '10': '41-58', '11': '88-99', '12': '108-126', '13': '152-164', '14': '212-224', '15': '230-239', '16': '245-258', '17': '265-281', '18': '311-329', '19': '329-343', '20': '347-370', '21': '377-388', '22': '412-430'}",2.0,"{'1': '1-4', '2': '140-146'}",2.0,"{'1': '47-244', '2': '246-383'}",,
P24704,1.0,{'1': '5-150'},1.0,{'1': '1-152'},1.0,{'1': '3-150'},1.0,{'1': '14-148'},4.0,"{'1': '43-65', '2': '79-88', '3': '98-120', '4': '123-149'}",2.0,"{'1': '43-53', '2': '137-148'}",,,,
P25070,1.0,{'1': '15-155'},,,1.0,{'1': '93-156'},2.0,"{'1': '16-79', '2': '93-156'}",,,8.0,"{'1': '13-48', '2': '49-84', '3': '90-125', '4': '126-161', '5': '26-38', '6': '62-74', '7': '103-115', '8': '139-151'}",4.0,"{'1': '17-45', '2': '53-81', '3': '94-122', '4': '130-158'}",,
P25269,1.0,{'1': '80-473'},2.0,"{'1': '86-288', '2': '131-466'}",1.0,{'1': '60-474'},1.0,{'1': '132-460'},,,1.0,{'1': '163-177'},,,1.0,{'1': '84-472'}
P25697,1.0,{'1': '50-321'},1.0,{'1': '47-276'},,,1.0,{'1': '52-250'},4.0,"{'1': '57-74', '2': '166-184', '3': '201-218', '4': '219-242'}",1.0,{'1': '201-214'},,,,
P25819,1.0,{'1': '11-489'},,,1.0,{'1': '6-487'},2.0,"{'1': '423-486', '2': '18-398'}",6.0,"{'1': '31-54', '2': '94-112', '3': '115-132', '4': '134-152', '5': '299-326', '6': '331-357'}",3.0,"{'1': '344-352', '2': '14-492', '3': '54-70'}",1.0,{'1': '18-401'},,
P25851,,,,,1.0,{'1': '71-416'},2.0,"{'1': '82-283', '2': '287-416'}",6.0,"{'1': '105-132', '2': '142-168', '3': '237-260', '4': '268-291', '5': '294-321', '6': '392-417'}",1.0,{'1': '358-370'},,,,
P25856,1.0,{'1': '61-229'},,,1.0,{'1': '59-396'},2.0,"{'1': '63-164', '2': '218-374'}",5.0,"{'1': '171-184', '2': '207-225', '3': '234-250', '4': '290-307', '5': '330-345'}",1.0,{'1': '211-218'},1.0,{'1': '62-213'},1.0,{'1': '63-386'}
P25857,1.0,{'1': '81-251'},,,1.0,{'1': '79-418'},2.0,"{'1': '83-184', '2': '240-397'}",5.0,"{'1': '191-204', '2': '229-247', '3': '256-272', '4': '312-329', '5': '353-368'}",1.0,{'1': '233-240'},1.0,{'1': '82-235'},1.0,{'1': '83-409'}
P25858,1.0,{'1': '5-172'},,,1.0,{'1': '5-337'},2.0,"{'1': '6-109', '2': '161-318'}",5.0,"{'1': '115-128', '2': '150-168', '3': '177-193', '4': '234-251', '5': '274-289'}",1.0,{'1': '154-161'},1.0,{'1': '6-156'},1.0,{'1': '7-330'}
P25859,1.0,{'1': '1-304'},,,1.0,{'1': '2-301'},1.0,{'1': '4-301'},,,3.0,"{'1': '4-301', '2': '138-150', '3': '10-33'}",1.0,{'1': '4-301'},,
P27140,1.0,{'1': '128-331'},1.0,{'1': '117-336'},1.0,{'1': '69-329'},1.0,{'1': '162-320'},,,2.0,"{'1': '167-174', '2': '211-231'}",1.0,{'1': '155-325'},,
P27202,,,,,1.0,{'1': '1-140'},1.0,{'1': '42-139'},,,,,,,,
P27521,,,,,1.0,{'1': '42-249'},1.0,{'1': '64-223'},,,,,,,,
P27900,1.0,{'1': '14-110'},,,1.0,{'1': '8-171'},2.0,"{'1': '16-63', '2': '69-114'}",,,4.0,"{'1': '11-63', '2': '64-114', '3': '11-63', '4': '64-118'}",2.0,"{'1': '15-65', '2': '68-116'}",,
P28185,1.0,{'1': '8-179'},1.0,{'1': '6-214'},1.0,{'1': '9-184'},1.0,{'1': '15-175'},,,1.0,{'1': '8-208'},1.0,{'1': '16-176'},1.0,{'1': '12-170'}
P28186,1.0,{'1': '11-190'},1.0,{'1': '9-214'},1.0,{'1': '8-214'},1.0,{'1': '17-178'},,,1.0,{'1': '6-216'},1.0,{'1': '18-179'},1.0,{'1': '14-170'}
P28187,1.0,{'1': '9-188'},1.0,{'1': '7-212'},1.0,{'1': '10-192'},1.0,{'1': '14-174'},,,1.0,{'1': '7-199'},1.0,{'1': '15-176'},1.0,{'1': '11-169'}
P28297,1.0,{'1': '10-535'},1.0,{'1': '17-535'},1.0,{'1': '10-556'},1.0,{'1': '21-551'},,,1.0,{'1': '211-216'},,,1.0,{'1': '22-551'}
P28769,3.0,"{'1': '210-382', '2': '150-409', '3': '13-535'}",3.0,"{'1': '215-373', '2': '141-409', '3': '28-535'}",1.0,{'1': '15-537'},1.0,{'1': '31-535'},5.0,"{'1': '33-49', '2': '55-73', '3': '85-104', '4': '377-399', '5': '411-423'}",3.0,"{'1': '36-48', '2': '57-73', '3': '85-93'}",,,1.0,{'1': '10-542'}
P29197,3.0,"{'1': '215-406', '2': '168-236', '3': '36-552'}",3.0,"{'1': '222-403', '2': '167-440', '3': '36-553'}",1.0,{'1': '30-561'},1.0,{'1': '53-554'},5.0,"{'1': '57-83', '2': '113-140', '3': '298-321', '4': '380-405', '5': '428-449'}",1.0,{'1': '435-446'},,,1.0,{'1': '33-557'}
P29511,2.0,"{'1': '246-435', '2': '1-244'}",3.0,"{'1': '384-436', '2': '1-268', '3': '269-383'}",1.0,{'1': '2-438'},2.0,"{'1': '3-213', '2': '263-392'}",22.0,"{'1': '10-30', '2': '53-72', '3': '95-106', '4': '108-132', '5': '134-152', '6': '153-174', '7': '178-191', '8': '192-212', '9': '380-408', '10': '18-33', '11': '45-58', '12': '88-101', '13': '120-128', '14': '148-160', '15': '161-172', '16': '214-226', '17': '274-289', '18': '321-342', '19': '347-360', '20': '360-379', '21': '385-401', '22': '422-438'}",1.0,{'1': '142-148'},2.0,"{'1': '49-246', '2': '248-393'}",,
P29513,2.0,"{'1': '245-430', '2': '1-244'}",3.0,"{'1': '375-446', '2': '1-263', '3': '264-374'}",1.0,{'1': '3-427'},2.0,"{'1': '3-212', '2': '262-383'}",22.0,"{'1': '10-30', '2': '52-71', '3': '94-105', '4': '107-131', '5': '133-151', '6': '152-173', '7': '177-190', '8': '191-211', '9': '371-399', '10': '42-59', '11': '89-100', '12': '109-127', '13': '153-165', '14': '213-225', '15': '231-240', '16': '246-259', '17': '266-282', '18': '312-330', '19': '330-344', '20': '348-371', '21': '378-389', '22': '413-431'}",2.0,"{'1': '1-4', '2': '141-147'}",2.0,"{'1': '48-245', '2': '247-384'}",,
P29515,2.0,"{'1': '244-429', '2': '1-243'}",3.0,"{'1': '374-445', '2': '1-262', '3': '263-373'}",1.0,{'1': '3-426'},2.0,"{'1': '3-211', '2': '261-382'}",22.0,"{'1': '10-30', '2': '51-70', '3': '93-104', '4': '106-130', '5': '132-150', '6': '151-172', '7': '176-189', '8': '190-210', '9': '370-398', '10': '41-58', '11': '88-99', '12': '108-126', '13': '152-164', '14': '212-224', '15': '230-239', '16': '245-258', '17': '265-281', '18': '311-329', '19': '329-343', '20': '347-370', '21': '377-388', '22': '412-430'}",2.0,"{'1': '1-4', '2': '140-146'}",2.0,"{'1': '47-244', '2': '246-383'}",,
P29516,2.0,"{'1': '244-429', '2': '1-243'}",3.0,"{'1': '374-430', '2': '1-262', '3': '263-373'}",1.0,{'1': '3-426'},2.0,"{'1': '3-211', '2': '261-382'}",22.0,"{'1': '10-30', '2': '51-70', '3': '93-104', '4': '106-130', '5': '132-150', '6': '151-172', '7': '176-189', '8': '190-210', '9': '370-398', '10': '41-58', '11': '88-99', '12': '108-126', '13': '152-164', '14': '212-224', '15': '230-239', '16': '245-258', '17': '265-281', '18': '311-329', '19': '329-343', '20': '347-370', '21': '377-388', '22': '412-430'}",2.0,"{'1': '1-4', '2': '140-146'}",2.0,"{'1': '47-244', '2': '246-383'}",,
P29525,,,,,1.0,{'1': '36-157'},1.0,{'1': '41-153'},,,1.0,{'1': '66-88'},,,,
P29976,,,1.0,{'1': '250-516'},1.0,{'1': '41-522'},1.0,{'1': '75-511'},,,,,,,1.0,{'1': '75-518'}
P30183,2.0,"{'1': '157-292', '2': '294-419'}",,,1.0,{'1': '133-406'},2.0,"{'1': '295-417', '2': '168-293'}",,,1.0,{'1': '197-228'},3.0,"{'1': '295-418', '2': '202-286', '3': '299-382'}",,
P30184,1.0,{'1': '19-202'},1.0,{'1': '1-188'},1.0,{'1': '34-518'},2.0,"{'1': '205-511', '2': '36-168'}",5.0,"{'1': '283-300', '2': '307-328', '3': '345-366', '4': '367-387', '5': '395-410'}",1.0,{'1': '371-378'},,,,
P30186,1.0,{'1': '3-235'},1.0,{'1': '3-247'},1.0,{'1': '8-233'},2.0,"{'1': '4-26', '2': '27-210'}",,,2.0,"{'1': '4-26', '2': '19-229'}",1.0,{'1': '4-26'},,
P30187,1.0,{'1': '2-145'},,,1.0,{'1': '2-145'},2.0,"{'1': '12-73', '2': '80-144'}",,,6.0,"{'1': '8-43', '2': '78-113', '3': '114-149', '4': '21-33', '5': '91-103', '6': '127-139'}",4.0,"{'1': '12-40', '2': '48-76', '3': '82-110', '4': '118-146'}",,
P30302,1.0,{'1': '29-269'},1.0,{'1': '22-285'},1.0,{'1': '12-272'},1.0,{'1': '29-264'},6.0,"{'1': '37-56', '2': '85-109', '3': '122-141', '4': '171-189', '5': '207-229', '6': '247-267'}",1.0,{'1': '103-111'},,,1.0,{'1': '41-264'}
P30366,1.0,{'1': '38-312'},1.0,{'1': '12-317'},1.0,{'1': '13-315'},2.0,"{'1': '71-263', '2': '20-69'}",7.0,"{'1': '71-98', '2': '100-127', '3': '133-157', '4': '167-193', '5': '196-223', '6': '252-272', '7': '274-290'}",1.0,{'1': '134-139'},1.0,{'1': '43-312'},,
P31167,1.0,{'1': '77-366'},1.0,{'1': '81-377'},1.0,{'1': '67-380'},3.0,"{'1': '79-175', '2': '183-278', '3': '284-372'}",11.0,"{'1': '83-96', '2': '96-110', '3': '146-166', '4': '198-216', '5': '249-267', '6': '293-315', '7': '80-92', '8': '124-145', '9': '157-169', '10': '183-196', '11': '289-305'}",3.0,"{'1': '78-171', '2': '183-276', '3': '284-370'}",,,,
P31170,1.0,{'1': '97-225'},1.0,{'1': '85-227'},1.0,{'1': '2-227'},1.0,{'1': '130-227'},,,1.0,{'1': '120-227'},,,,
P31265,1.0,{'1': '1-168'},1.0,{'1': '1-168'},1.0,{'1': '1-168'},1.0,{'1': '1-164'},3.0,"{'1': '1-21', '2': '46-57', '3': '60-79'}",3.0,"{'1': '45-55', '2': '125-147', '3': '1-168'}",,,,
P31414,,,,,1.0,{'1': '7-759'},1.0,{'1': '65-755'},,,,,,,1.0,{'1': '12-765'}
P33077,,,,,1.0,{'1': '12-178'},1.0,{'1': '16-182'},,,1.0,{'1': '88-175'},,,,
P33207,1.0,{'1': '78-317'},,,1.0,{'1': '73-317'},1.0,{'1': '78-271'},9.0,"{'1': '153-164', '2': '206-214', '3': '226-245', '4': '78-95', '5': '153-164', '6': '200-216', '7': '226-245', '8': '247-264', '9': '280-300'}",1.0,{'1': '213-241'},1.0,{'1': '77-262'},1.0,{'1': '79-317'}
P33487,1.0,{'1': '41-190'},1.0,{'1': '36-198'},1.0,{'1': '16-198'},1.0,{'1': '34-198'},7.0,"{'1': '42-61', '2': '62-82', '3': '85-109', '4': '115-128', '5': '128-143', '6': '148-170', '7': '170-189'}",,,,,,
P34788,1.0,{'1': '13-152'},1.0,{'1': '92-142'},,,1.0,{'1': '14-142'},,,1.0,{'1': '121-134'},,,,
P34789,1.0,{'1': '2-64'},1.0,{'1': '1-64'},1.0,{'1': '1-64'},1.0,{'1': '4-63'},,,1.0,{'1': '55-63'},,,,
P34790,1.0,{'1': '2-171'},1.0,{'1': '2-172'},,,1.0,{'1': '7-169'},5.0,"{'1': '24-39', '2': '60-72', '3': '103-118', '4': '118-130', '5': '131-146'}",2.0,"{'1': '7-170', '2': '55-72'}",,,,
P34791,1.0,{'1': '88-256'},1.0,{'1': '85-259'},,,1.0,{'1': '98-254'},5.0,"{'1': '115-130', '2': '144-156', '3': '187-202', '4': '202-214', '5': '215-230'}",2.0,"{'1': '98-255', '2': '139-156'}",,,,
P34802,1.0,{'1': '76-351'},1.0,{'1': '72-371'},,,1.0,{'1': '103-340'},,,2.0,"{'1': '289-301', '2': '152-168'}",,,,
P34881,1.0,{'1': '1095-1524'},3.0,"{'1': '1098-1301', '2': '703-887', '3': '888-1097'}",1.0,{'1': '343-1529'},6.0,"{'1': '735-869', '2': '909-1049', '3': '1094-1143', '4': '1175-1521', '5': '79-214', '6': '386-534'}",3.0,"{'1': '1094-1110', '2': '1231-1245', '3': '1277-1290'}",5.0,"{'1': '735-869', '2': '909-1049', '3': '1093-1527', '4': '1190-1202', '5': '1502-1520'}",2.0,"{'1': '735-869', '2': '909-1049'}",1.0,{'1': '1096-1519'}
P35131,1.0,{'1': '2-147'},1.0,{'1': '1-148'},,,1.0,{'1': '5-141'},,,2.0,"{'1': '1-147', '2': '74-89'}",,,,
P35132,1.0,{'1': '2-147'},1.0,{'1': '1-148'},,,1.0,{'1': '5-141'},,,2.0,"{'1': '1-147', '2': '74-89'}",,,,
P35402,,,,,1.0,{'1': '1-214'},1.0,{'1': '28-171'},7.0,"{'1': '4-23', '2': '31-51', '3': '52-68', '4': '122-142', '5': '144-158', '6': '158-176', '7': '187-202'}",2.0,"{'1': '31-48', '2': '128-137'}",,,,
P35510,1.0,{'1': '33-725'},2.0,"{'1': '538-659', '2': '25-271'}",1.0,{'1': '34-725'},1.0,{'1': '72-549'},,,1.0,{'1': '207-223'},,,1.0,{'1': '34-715'}
P35631,1.0,{'1': '2-89'},1.0,{'1': '13-86'},1.0,{'1': '3-187'},2.0,"{'1': '10-57', '2': '85-172'}",3.0,"{'1': '3-23', '2': '23-38', '3': '38-59'}",3.0,"{'1': '3-57', '2': '1-61', '3': '88-178'}",1.0,{'1': '1-60'},,
P35632,1.0,{'1': '3-94'},1.0,{'1': '13-107'},1.0,{'1': '3-157'},2.0,"{'1': '10-57', '2': '81-168'}",3.0,"{'1': '3-23', '2': '23-38', '3': '38-59'}",3.0,"{'1': '3-57', '2': '1-61', '3': '84-174'}",1.0,{'1': '1-60'},,
P36210,2.0,"{'1': '119-190', '2': '65-126'}",2.0,"{'1': '120-190', '2': '65-119'}",1.0,{'1': '48-190'},2.0,"{'1': '65-115', '2': '124-190'}",,,,,,,1.0,{'1': '65-190'}
P36212,2.0,"{'1': '115-186', '2': '61-122'}",2.0,"{'1': '116-186', '2': '61-115'}",1.0,{'1': '40-186'},2.0,"{'1': '61-111', '2': '120-186'}",,,,,,,1.0,{'1': '61-186'}
P37107,2.0,"{'1': '118-429', '2': '402-503'}",3.0,"{'1': '166-360', '2': '382-506', '3': '80-381'}",1.0,{'1': '77-510'},3.0,"{'1': '176-371', '2': '385-507', '3': '81-158'}",,,1.0,{'1': '344-357'},3.0,"{'1': '176-371', '2': '175-322', '3': '77-162'}",1.0,{'1': '79-503'}
P37702,1.0,{'1': '28-512'},,,1.0,{'1': '48-516'},1.0,{'1': '41-513'},5.0,"{'1': '339-353', '2': '416-424', '3': '437-448', '4': '459-476', '5': '483-495'}",2.0,"{'1': '416-424', '2': '47-61'}",,,,
P38418,2.0,"{'1': '204-896', '2': '48-203'}",1.0,{'1': '325-410'},1.0,{'1': '75-896'},2.0,"{'1': '135-198', '2': '211-879'}",12.0,"{'1': '169-187', '2': '195-216', '3': '237-253', '4': '269-288', '5': '335-356', '6': '379-395', '7': '418-437', '8': '486-510', '9': '809-823', '10': '531-548', '11': '549-566', '12': '569-589'}",4.0,"{'1': '79-199', '2': '202-896', '3': '549-563', '4': '576-586'}",1.0,{'1': '73-200'},,
P38558,2.0,"{'1': '247-446', '2': '2-246'}",3.0,"{'1': '384-445', '2': '1-269', '3': '270-383'}",1.0,{'1': '3-441'},2.0,"{'1': '4-214', '2': '264-394'}",17.0,"{'1': '11-31', '2': '52-71', '3': '96-107', '4': '108-132', '5': '134-152', '6': '153-174', '7': '179-192', '8': '193-213', '9': '382-410', '10': '31-51', '11': '116-131', '12': '193-206', '13': '251-262', '14': '286-301', '15': '341-364', '16': '366-386', '17': '423-446'}",1.0,{'1': '142-148'},2.0,"{'1': '48-247', '2': '249-395'}",,
P38666,,,1.0,{'1': '3-64'},1.0,{'1': '4-142'},1.0,{'1': '3-67'},,,1.0,{'1': '10-27'},1.0,{'1': '8-46'},,
P39207,1.0,{'1': '1-148'},1.0,{'1': '1-149'},,,1.0,{'1': '2-133'},5.0,"{'1': '4-26', '2': '48-67', '3': '68-85', '4': '89-105', '5': '112-131'}",1.0,{'1': '112-120'},1.0,{'1': '1-138'},,
P41127,,,,,1.0,{'1': '2-205'},1.0,{'1': '6-184'},,,1.0,{'1': '69-83'},,,,
P41151,1.0,{'1': '50-142'},1.0,{'1': '46-143'},,,1.0,{'1': '53-142'},3.0,"{'1': '53-76', '2': '91-103', '3': '104-116'}",1.0,{'1': '92-116'},1.0,{'1': '49-142'},,
P41376,1.0,{'1': '108-393'},2.0,"{'1': '30-247', '2': '248-412'}",,,2.0,"{'1': '265-373', '2': '64-226'}",,,4.0,"{'1': '186-194', '2': '251-412', '3': '70-240', '4': '39-67'}",2.0,"{'1': '292-373', '2': '58-255'}",,
P41916,1.0,{'1': '14-191'},1.0,{'1': '4-219'},1.0,{'1': '1-219'},1.0,{'1': '15-171'},5.0,"{'1': '27-41', '2': '74-92', '3': '94-115', '4': '130-148', '5': '168-190'}",2.0,"{'1': '5-205', '2': '7-171'}",1.0,{'1': '16-170'},1.0,{'1': '14-164'}
P41917,1.0,{'1': '14-192'},1.0,{'1': '4-219'},1.0,{'1': '1-219'},1.0,{'1': '15-171'},5.0,"{'1': '27-41', '2': '74-92', '3': '94-115', '4': '130-148', '5': '168-190'}",2.0,"{'1': '5-205', '2': '7-171'}",1.0,{'1': '16-170'},1.0,{'1': '14-164'}
P42158,1.0,{'1': '5-290'},,,1.0,{'1': '13-356'},1.0,{'1': '10-224'},,,3.0,"{'1': '9-278', '2': '124-136', '3': '15-38'}",1.0,{'1': '9-287'},,
P42497,4.0,"{'1': '110-223', '2': '661-770', '3': '804-907', '4': '1008-1154'}",3.0,"{'1': '236-598', '2': '976-1145', '3': '442-615'}",,,7.0,"{'1': '256-437', '2': '1043-1154', '3': '932-995', '4': '450-625', '5': '105-222', '6': '659-774', '7': '790-909'}",10.0,"{'1': '170-192', '2': '270-289', '3': '355-376', '4': '467-487', '5': '552-571', '6': '585-603', '7': '659-675', '8': '678-693', '9': '752-769', '10': '772-792'}",5.0,"{'1': '656-727', '2': '790-842', '3': '938-1157', '4': '355-364', '5': '255-427'}",5.0,"{'1': '658-725', '2': '789-859', '3': '255-447', '4': '1043-1157', '5': '931-995'}",1.0,{'1': '663-778'}
P42643,1.0,{'1': '9-242'},1.0,{'1': '2-253'},1.0,{'1': '10-244'},1.0,{'1': '16-240'},6.0,"{'1': '44-73', '2': '93-117', '3': '124-146', '4': '159-185', '5': '186-212', '6': '213-242'}",2.0,"{'1': '50-60', '2': '222-241'}",1.0,{'1': '10-253'},,
P42644,1.0,{'1': '1-236'},1.0,{'1': '1-247'},1.0,{'1': '4-237'},1.0,{'1': '10-234'},6.0,"{'1': '38-67', '2': '87-111', '3': '118-140', '4': '153-179', '5': '180-206', '6': '207-236'}",2.0,"{'1': '44-54', '2': '216-235'}",1.0,{'1': '4-247'},,
P42645,1.0,{'1': '6-239'},1.0,{'1': '1-250'},1.0,{'1': '7-241'},1.0,{'1': '13-237'},6.0,"{'1': '41-70', '2': '90-114', '3': '121-143', '4': '156-182', '5': '183-209', '6': '210-239'}",2.0,"{'1': '47-57', '2': '219-238'}",1.0,{'1': '7-250'},,
P42697,1.0,{'1': '23-308'},1.0,{'1': '1-309'},1.0,{'1': '2-606'},3.0,"{'1': '221-489', '2': '514-606', '3': '37-213'}",6.0,"{'1': '34-52', '2': '59-76', '3': '132-149', '4': '182-200', '5': '201-217', '6': '224-243'}",3.0,"{'1': '60-69', '2': '518-610', '3': '31-300'}",2.0,"{'1': '1-251', '2': '513-606'}",,
P42698,1.0,{'1': '287-372'},1.0,{'1': '278-377'},1.0,{'1': '2-379'},1.0,{'1': '216-256'},,,2.0,"{'1': '214-260', '2': '283-369'}",2.0,"{'1': '212-258', '2': '284-365'}",,
P42699,1.0,{'1': '66-167'},1.0,{'1': '69-167'},,,1.0,{'1': '70-167'},6.0,"{'1': '88-101', '2': '103-118', '3': '144-158', '4': '74-93', '5': '97-115', '6': '146-165'}",1.0,{'1': '146-160'},,,1.0,{'1': '69-167'}
P42731,4.0,"{'1': '35-204', '2': '210-302', '3': '313-417', '4': '498-616'}",4.0,"{'1': '29-124', '2': '125-197', '3': '200-303', '4': '304-406'}",,,5.0,"{'1': '38-108', '2': '126-194', '3': '217-285', '4': '320-388', '5': '547-611'}",4.0,"{'1': '215-230', '2': '305-322', '3': '323-338', '4': '338-350'}",5.0,"{'1': '36-114', '2': '124-196', '3': '215-292', '4': '318-395', '5': '539-616'}",9.0,"{'1': '37-110', '2': '125-197', '3': '216-288', '4': '319-391', '5': '551-614', '6': '37-110', '7': '125-197', '8': '216-288', '9': '319-391'}",1.0,{'1': '37-612'}
P42732,1.0,{'1': '48-158'},1.0,{'1': '117-169'},,,1.0,{'1': '49-153'},,,1.0,{'1': '132-145'},,,1.0,{'1': '49-158'}
P42733,1.0,{'1': '68-147'},,,1.0,{'1': '28-158'},2.0,"{'1': '74-142', '2': '4-72'}",3.0,"{'1': '88-111', '2': '121-131', '3': '131-138'}",1.0,{'1': '121-133'},,,1.0,{'1': '56-143'}
P42736,1.0,{'1': '78-136'},1.0,{'1': '78-136'},1.0,{'1': '63-170'},1.0,{'1': '78-127'},2.0,"{'1': '79-90', '2': '101-117'}",1.0,{'1': '78-135'},1.0,{'1': '78-141'},,
P42742,1.0,{'1': '9-222'},1.0,{'1': '8-223'},1.0,{'1': '5-216'},1.0,{'1': '13-207'},,,2.0,"{'1': '19-66', '2': '15-208'}",,,,
P42752,1.0,{'1': '62-196'},,,1.0,{'1': '62-288'},2.0,"{'1': '200-293', '2': '67-196'}",,,1.0,{'1': '97-128'},2.0,"{'1': '199-313', '2': '102-190'}",,
P42753,2.0,"{'1': '56-187', '2': '171-283'}",,,1.0,{'1': '45-292'},2.0,"{'1': '189-285', '2': '85-186'}",,,1.0,{'1': '87-118'},3.0,"{'1': '189-310', '2': '92-180', '3': '193-281'}",,
P42759,,,,,1.0,{'1': '30-201'},1.0,{'1': '186-245'},,,2.0,"{'1': '108-124', '2': '236-243'}",,,,
P42763,,,,,1.0,{'1': '28-172'},1.0,{'1': '115-172'},,,2.0,"{'1': '81-99', '2': '163-170'}",,,,
P42770,2.0,"{'1': '427-543', '2': '86-457'}",3.0,"{'1': '430-558', '2': '88-419', '3': '245-364'}",1.0,{'1': '81-542'},2.0,"{'1': '431-539', '2': '89-411'}",,,1.0,{'1': '132-142'},,,1.0,{'1': '86-540'}
P42774,1.0,{'1': '223-280'},,,1.0,{'1': '15-296'},2.0,"{'1': '220-282', '2': '1-94'}",,,2.0,"{'1': '227-242', '2': '222-285'}",1.0,{'1': '220-284'},,
P42798,1.0,{'1': '4-130'},,,1.0,{'1': '1-129'},1.0,{'1': '7-130'},,,1.0,{'1': '100-117'},,,,
P42799,1.0,{'1': '50-473'},2.0,"{'1': '118-366', '2': '55-467'}",,,1.0,{'1': '82-391'},,,1.0,{'1': '283-319'},,,1.0,{'1': '52-473'}
P42801,1.0,{'1': '4-510'},,,1.0,{'1': '1-511'},2.0,"{'1': '63-495', '2': '311-424'}",,,,,,,,
P42818,1.0,{'1': '131-460'},,,,,2.0,"{'1': '134-389', '2': '410-450'}",,,4.0,"{'1': '134-389', '2': '390-460', '3': '253-265', '4': '140-163'}",2.0,"{'1': '134-389', '2': '390-452'}",,
P43254,1.0,{'1': '372-670'},2.0,"{'1': '39-142', '2': '342-675'}",1.0,{'1': '38-674'},4.0,"{'1': '369-399', '2': '455-491', '3': '540-576', '4': '52-89'}",,,5.0,"{'1': '459-491', '2': '545-585', '3': '52-90', '4': '67-76', '5': '563-577'}",8.0,"{'1': '355-399', '2': '410-449', '3': '452-492', '4': '493-534', '5': '538-576', '6': '579-618', '7': '633-672', '8': '52-89'}",,
P43255,,,,,1.0,{'1': '1-197'},1.0,{'1': '37-176'},,,1.0,{'1': '20-190'},,,,
P43273,1.0,{'1': '46-89'},,,,,2.0,"{'1': '46-86', '2': '128-203'}",,,3.0,"{'1': '49-64', '2': '44-88', '3': '111-327'}",1.0,{'1': '42-105'},,
P43286,1.0,{'1': '31-271'},1.0,{'1': '24-287'},1.0,{'1': '14-274'},1.0,{'1': '31-266'},6.0,"{'1': '39-58', '2': '87-111', '3': '124-143', '4': '173-191', '5': '209-231', '6': '249-269'}",1.0,{'1': '105-113'},,,1.0,{'1': '43-266'}
P43289,1.0,{'1': '72-383'},,,1.0,{'1': '39-403'},1.0,{'1': '74-357'},,,3.0,"{'1': '73-357', '2': '194-206', '3': '79-103'}",1.0,{'1': '73-357'},,
P43291,1.0,{'1': '2-296'},,,,,1.0,{'1': '4-260'},,,3.0,"{'1': '4-260', '2': '119-131', '3': '10-33'}",1.0,{'1': '4-260'},,
P43297,1.0,{'1': '43-352'},1.0,{'1': '372-434'},1.0,{'1': '43-346'},3.0,"{'1': '386-433', '2': '137-352', '3': '50-108'}",3.0,"{'1': '155-170', '2': '297-307', '3': '312-318'}",3.0,"{'1': '155-166', '2': '295-305', '3': '312-331'}",3.0,"{'1': '375-432', '2': '137-352', '3': '50-108'}",,
P43298,1.0,{'1': '576-878'},2.0,"{'1': '24-321', '2': '323-447'}",1.0,{'1': '5-942'},5.0,"{'1': '591-817', '2': '257-278', '3': '107-146', '4': '26-61', '5': '325-360'}",,,4.0,"{'1': '588-869', '2': '112-133', '3': '713-725', '4': '594-626'}",6.0,"{'1': '588-869', '2': '87-109', '3': '110-133', '4': '134-158', '5': '254-278', '6': '409-431'}",,
P43299,2.0,"{'1': '14-294', '2': '336-647'}",2.0,"{'1': '143-271', '2': '304-643'}",1.0,{'1': '17-658'},4.0,"{'1': '314-536', '2': '15-116', '3': '143-274', '4': '553-636'}",10.0,"{'1': '367-382', '2': '427-441', '3': '455-468', '4': '479-491', '5': '506-514', '6': '120-132', '7': '158-169', '8': '176-187', '9': '193-205', '10': '285-295'}",2.0,"{'1': '326-532', '2': '435-443'}",1.0,{'1': '139-638'},,
P43333,,,1.0,{'1': '1-176'},1.0,{'1': '1-243'},,,,,,,1.0,{'1': '128-146'},,
P45432,1.0,{'1': '324-404'},,,1.0,{'1': '23-436'},3.0,"{'1': '314-396', '2': '104-278', '3': '400-426'}",,,1.0,{'1': '230-400'},1.0,{'1': '329-412'},,
P45434,,,,,,,1.0,{'1': '73-240'},,,,,,,,
P45724,1.0,{'1': '26-717'},2.0,"{'1': '530-651', '2': '17-263'}",1.0,{'1': '26-717'},1.0,{'1': '64-541'},,,1.0,{'1': '199-215'},,,1.0,{'1': '26-707'}
P45725,1.0,{'1': '13-694'},2.0,"{'1': '517-628', '2': '5-250'}",1.0,{'1': '13-694'},1.0,{'1': '51-527'},,,1.0,{'1': '187-203'},,,1.0,{'1': '13-684'}
P46014,2.0,"{'1': '180-293', '2': '317-578'}",1.0,{'1': '313-580'},1.0,{'1': '300-573'},2.0,"{'1': '208-284', '2': '311-570'}",,,3.0,"{'1': '341-349', '2': '208-259', '3': '304-577'}",2.0,"{'1': '207-259', '2': '298-575'}",,
P46248,1.0,{'1': '51-447'},2.0,"{'1': '111-352', '2': '56-445'}",1.0,{'1': '44-451'},1.0,{'1': '79-445'},4.0,"{'1': '226-245', '2': '257-269', '3': '325-350', '4': '394-412'}",1.0,{'1': '295-308'},,,,
P46283,,,,,1.0,{'1': '76-379'},2.0,"{'1': '69-251', '2': '257-377'}",6.0,"{'1': '129-144', '2': '145-165', '3': '205-223', '4': '259-275', '5': '289-309', '6': '351-375'}",1.0,{'1': '320-332'},,,,
P46286,2.0,"{'1': '99-246', '2': '1-97'}",3.0,"{'1': '1-86', '2': '90-169', '3': '170-247'}",1.0,{'1': '4-251'},2.0,"{'1': '2-90', '2': '98-224'}",,,1.0,{'1': '197-208'},2.0,"{'1': '11-90', '2': '96-231'}",,
P46422,2.0,"{'1': '2-83', '2': '94-211'}",,,,,2.0,"{'1': '4-76', '2': '115-206'}",,,2.0,"{'1': '2-83', '2': '93-212'}",,,,
P46603,1.0,{'1': '110-176'},,,1.0,{'1': '39-226'},2.0,"{'1': '112-166', '2': '168-201'}",,,2.0,"{'1': '108-168', '2': '143-166'}",2.0,"{'1': '110-172', '2': '168-211'}",,
P46637,1.0,{'1': '61-338'},,,1.0,{'1': '9-342'},1.0,{'1': '65-336'},,,2.0,"{'1': '56-342', '2': '268-289'}",,,,
P46639,1.0,{'1': '300-374'},,,1.0,{'1': '64-368'},4.0,"{'1': '279-300', '2': '133-174', '3': '189-234', '4': '319-358'}",,,3.0,"{'1': '299-362', '2': '279-299', '3': '337-360'}",4.0,"{'1': '301-366', '2': '279-300', '3': '132-176', '4': '184-235'}",,
P46644,1.0,{'1': '47-445'},2.0,"{'1': '108-349', '2': '53-441'}",1.0,{'1': '46-447'},1.0,{'1': '75-441'},4.0,"{'1': '223-242', '2': '254-266', '3': '322-347', '4': '390-408'}",1.0,{'1': '292-305'},,,,
P46668,1.0,{'1': '59-119'},,,1.0,{'1': '50-238'},2.0,"{'1': '62-115', '2': '117-158'}",2.0,"{'1': '88-97', '2': '97-113'}",2.0,"{'1': '57-117', '2': '92-115'}",1.0,{'1': '60-121'},,
P46689,,,,,,,1.0,{'1': '39-98'},,,,,,,,
P47192,1.0,{'1': '6-121'},,,1.0,{'1': '4-215'},2.0,"{'1': '32-111', '2': '130-210'}",3.0,"{'1': '135-154', '2': '155-174', '3': '191-210'}",3.0,"{'1': '148-167', '2': '10-114', '3': '130-190'}",1.0,{'1': '31-113'},,
P47998,1.0,{'1': '4-313'},2.0,"{'1': '11-304', '2': '47-149'}",1.0,{'1': '5-314'},1.0,{'1': '9-295'},,,1.0,{'1': '35-53'},,,2.0,"{'1': '10-308', '2': '10-308'}"
P47999,1.0,{'1': '75-384'},2.0,"{'1': '81-374', '2': '117-219'}",1.0,{'1': '75-384'},1.0,{'1': '81-366'},,,1.0,{'1': '105-123'},,,2.0,"{'1': '80-378', '2': '80-378'}"
P48000,1.0,{'1': '344-408'},,,1.0,{'1': '109-410'},4.0,"{'1': '322-343', '2': '160-200', '3': '217-267', '4': '362-401'}",,,2.0,"{'1': '342-405', '2': '322-342'}",4.0,"{'1': '344-409', '2': '322-343', '3': '157-201', '4': '213-268'}",,
P48001,1.0,{'1': '308-372'},,,1.0,{'1': '32-375'},4.0,"{'1': '286-307', '2': '124-164', '3': '182-231', '4': '326-365'}",,,2.0,"{'1': '306-369', '2': '286-306'}",4.0,"{'1': '308-373', '2': '286-307', '3': '121-165', '4': '177-232'}",,
P48002,1.0,{'1': '303-367'},,,1.0,{'1': '153-368'},4.0,"{'1': '281-302', '2': '118-159', '3': '171-221', '4': '321-360'}",,,2.0,"{'1': '301-364', '2': '281-301'}",4.0,"{'1': '303-368', '2': '281-302', '3': '116-160', '4': '167-222'}",,
P48006,2.0,"{'1': '139-231', '2': '10-66'}",1.0,{'1': '135-231'},1.0,{'1': '8-231'},1.0,{'1': '144-231'},,,2.0,"{'1': '106-114', '2': '220-231'}",1.0,{'1': '142-231'},,
P48347,1.0,{'1': '3-235'},1.0,{'1': '1-247'},1.0,{'1': '5-237'},1.0,{'1': '11-233'},6.0,"{'1': '37-66', '2': '86-110', '3': '117-139', '4': '152-178', '5': '179-205', '6': '206-235'}",2.0,"{'1': '43-53', '2': '215-234'}",1.0,{'1': '5-246'},,
P48349,1.0,{'1': '6-240'},1.0,{'1': '1-248'},1.0,{'1': '7-242'},1.0,{'1': '13-238'},6.0,"{'1': '42-71', '2': '91-115', '3': '122-144', '4': '157-183', '5': '184-210', '6': '211-240'}",2.0,"{'1': '48-58', '2': '220-239'}",1.0,{'1': '7-247'},,
P48421,1.0,{'1': '29-495'},1.0,{'1': '17-501'},,,1.0,{'1': '31-489'},13.0,"{'1': '300-317', '2': '355-366', '3': '433-442', '4': '442-453', '5': '59-78', '6': '83-104', '7': '177-195', '8': '289-306', '9': '309-335', '10': '354-372', '11': '396-420', '12': '432-442', '13': '442-465'}",1.0,{'1': '435-444'},,,,
P48482,1.0,{'1': '31-309'},1.0,{'1': '7-311'},1.0,{'1': '17-307'},2.0,"{'1': '64-257', '2': '14-62'}",7.0,"{'1': '64-91', '2': '93-120', '3': '126-150', '4': '160-186', '5': '189-216', '6': '246-266', '7': '268-284'}",1.0,{'1': '127-132'},1.0,{'1': '36-306'},,
P48483,1.0,{'1': '22-297'},1.0,{'1': '1-306'},1.0,{'1': '18-298'},2.0,"{'1': '55-248', '2': '6-53'}",7.0,"{'1': '55-82', '2': '84-111', '3': '117-141', '4': '151-177', '5': '180-207', '6': '237-257', '7': '259-275'}",1.0,{'1': '118-123'},1.0,{'1': '27-297'},,
P48484,1.0,{'1': '28-315'},1.0,{'1': '11-319'},1.0,{'1': '13-313'},2.0,"{'1': '68-261', '2': '19-66'}",7.0,"{'1': '68-95', '2': '97-124', '3': '130-154', '4': '164-190', '5': '193-220', '6': '250-270', '7': '272-288'}",1.0,{'1': '131-136'},1.0,{'1': '40-310'},,
P48485,1.0,{'1': '31-309'},1.0,{'1': '7-312'},1.0,{'1': '17-308'},2.0,"{'1': '64-257', '2': '14-61'}",7.0,"{'1': '64-91', '2': '93-120', '3': '126-150', '4': '160-186', '5': '189-216', '6': '246-266', '7': '268-284'}",1.0,{'1': '127-132'},1.0,{'1': '36-306'},,
P48486,1.0,{'1': '22-298'},1.0,{'1': '1-306'},1.0,{'1': '20-298'},2.0,"{'1': '55-248', '2': '6-53'}",7.0,"{'1': '55-82', '2': '84-111', '3': '117-141', '4': '151-177', '5': '180-207', '6': '237-257', '7': '259-275'}",1.0,{'1': '118-123'},1.0,{'1': '27-297'},,
P48491,1.0,{'1': '2-247'},1.0,{'1': '1-254'},1.0,{'1': '2-250'},1.0,{'1': '6-248'},,,2.0,"{'1': '4-247', '2': '164-174'}",,,1.0,{'1': '6-240'}
P48512,2.0,"{'1': '105-196', '2': '207-309'}",,,1.0,{'1': '4-309'},3.0,"{'1': '5-47', '2': '102-185', '3': '206-290'}",8.0,"{'1': '19-39', '2': '41-54', '3': '55-76', '4': '152-171', '5': '179-194', '6': '212-230', '7': '244-260', '8': '276-290'}",2.0,"{'1': '2-34', '2': '144-159'}",2.0,"{'1': '110-192', '2': '211-290'}",,
P48529,1.0,{'1': '2-294'},1.0,{'1': '1-305'},1.0,{'1': '1-305'},1.0,{'1': '45-239'},7.0,"{'1': '45-72', '2': '74-101', '3': '107-131', '4': '142-168', '5': '171-198', '6': '228-248', '7': '250-266'}",1.0,{'1': '108-113'},1.0,{'1': '17-288'},,
P48578,1.0,{'1': '12-298'},1.0,{'1': '8-313'},1.0,{'1': '13-313'},1.0,{'1': '55-248'},7.0,"{'1': '55-82', '2': '84-111', '3': '117-141', '4': '152-178', '5': '181-208', '6': '237-257', '7': '259-275'}",1.0,{'1': '118-123'},1.0,{'1': '27-297'},,
P48623,,,,,1.0,{'1': '22-372'},2.0,"{'1': '79-333', '2': '17-70'}",,,,,,,,
P48732,1.0,{'1': '318-458'},,,1.0,{'1': '249-542'},1.0,{'1': '122-543'},,,,,,,,
P49107,,,1.0,{'1': '87-171'},1.0,{'1': '1-171'},1.0,{'1': '44-171'},,,,,,,,
P49177,1.0,{'1': '54-368'},1.0,{'1': '2-369'},1.0,{'1': '5-369'},1.0,{'1': '17-368'},7.0,"{'1': '61-77', '2': '80-94', '3': '99-114', '4': '117-134', '5': '80-94', '6': '172-186', '7': '220-234'}",6.0,"{'1': '61-102', '2': '152-194', '3': '200-242', '4': '244-285', '5': '337-368', '6': '172-186'}",7.0,"{'1': '54-93', '2': '96-135', '3': '145-185', '4': '192-233', '5': '237-276', '6': '279-323', '7': '326-369'}",,
P49200,1.0,{'1': '24-121'},1.0,{'1': '11-123'},1.0,{'1': '20-123'},1.0,{'1': '26-120'},3.0,"{'1': '24-37', '2': '59-74', '3': '81-95'}",1.0,{'1': '48-63'},1.0,{'1': '26-120'},1.0,{'1': '23-121'}
P49201,1.0,{'1': '20-140'},1.0,{'1': '25-142'},1.0,{'1': '1-142'},1.0,{'1': '38-141'},,,1.0,{'1': '59-66'},,,1.0,{'1': '6-141'}
P49205,1.0,{'1': '1-62'},1.0,{'1': '1-62'},1.0,{'1': '1-125'},1.0,{'1': '1-117'},,,1.0,{'1': '41-56'},,,,
P49206,,,1.0,{'1': '1-114'},1.0,{'1': '1-122'},1.0,{'1': '1-106'},,,1.0,{'1': '73-80'},,,,
P49209,2.0,"{'1': '1-90', '2': '91-187'}",2.0,"{'1': '1-90', '2': '91-194'}",1.0,{'1': '1-190'},2.0,"{'1': '12-90', '2': '102-181'}",,,1.0,{'1': '166-187'},,,,
P49211,1.0,{'1': '2-131'},,,1.0,{'1': '1-133'},1.0,{'1': '16-122'},,,1.0,{'1': '18-38'},1.0,{'1': '15-122'},,
P49333,3.0,"{'1': '606-730', '2': '329-409', '3': '397-581'}",2.0,"{'1': '136-308', '2': '408-589'}",,,5.0,"{'1': '612-724', '2': '158-307', '3': '455-581', '4': '343-408', '5': '17-115'}",3.0,"{'1': '507-521', '2': '525-535', '3': '542-560'}",2.0,"{'1': '611-729', '2': '350-585'}",4.0,"{'1': '610-725', '2': '158-317', '3': '455-583', '4': '343-408'}",,
P49597,1.0,{'1': '118-424'},1.0,{'1': '119-434'},1.0,{'1': '95-423'},1.0,{'1': '129-415'},,,2.0,"{'1': '172-180', '2': '128-422'}",1.0,{'1': '118-420'},,
P49598,1.0,{'1': '100-390'},1.0,{'1': '98-399'},1.0,{'1': '84-389'},1.0,{'1': '106-381'},,,2.0,"{'1': '137-145', '2': '104-389'}",2.0,"{'1': '116-389', '2': '92-387'}",,
P49637,1.0,{'1': '6-145'},,,,,1.0,{'1': '72-143'},,,1.0,{'1': '107-139'},,,,
P49677,,,,,1.0,{'1': '8-164'},1.0,{'1': '36-164'},,,1.0,{'1': '74-161'},,,,
P49688,1.0,{'1': '172-252'},1.0,{'1': '159-252'},1.0,{'1': '48-242'},2.0,"{'1': '180-252', '2': '96-160'}",,,2.0,"{'1': '96-159', '2': '113-145'}",,,1.0,{'1': '49-256'}
P49689,,,,,,,1.0,{'1': '3-59'},,,,,,,,
P49690,1.0,{'1': '11-140'},1.0,{'1': '1-140'},1.0,{'1': '1-140'},1.0,{'1': '21-140'},,,1.0,{'1': '79-105'},1.0,{'1': '19-140'},,
P49691,1.0,{'1': '20-269'},1.0,{'1': '5-310'},1.0,{'1': '6-401'},2.0,"{'1': '29-269', '2': '282-354'}",,,1.0,{'1': '122-148'},,,,
P49692,1.0,{'1': '84-218'},1.0,{'1': '49-232'},1.0,{'1': '41-243'},1.0,{'1': '114-203'},11.0,"{'1': '28-45', '2': '45-62', '3': '65-84', '4': '89-102', '5': '123-143', '6': '184-208', '7': '216-236', '8': '127-141', '9': '146-159', '10': '162-172', '11': '172-186'}",1.0,{'1': '165-182'},,,,
P49967,3.0,"{'1': '98-298', '2': '1-92', '3': '298-433'}",3.0,"{'1': '91-285', '2': '311-451', '3': '5-306'}",1.0,{'1': '1-484'},3.0,"{'1': '102-296', '2': '310-441', '3': '6-83'}",,,1.0,{'1': '269-282'},3.0,"{'1': '101-296', '2': '100-277', '3': '2-87'}",1.0,{'1': '2-427'}
P50651,1.0,{'1': '14-319'},1.0,{'1': '3-319'},1.0,{'1': '19-340'},1.0,{'1': '28-294'},,,1.0,{'1': '117-133'},,,,
P50883,2.0,"{'1': '76-149', '2': '1-87'}",2.0,"{'1': '82-164', '2': '1-81'}",1.0,{'1': '1-164'},2.0,"{'1': '75-144', '2': '13-70'}",,,1.0,{'1': '131-146'},1.0,{'1': '13-145'},,
P51414,1.0,{'1': '8-125'},1.0,{'1': '1-144'},1.0,{'1': '1-141'},2.0,"{'1': '8-121', '2': '51-82'}",,,1.0,{'1': '52-69'},1.0,{'1': '48-75'},1.0,{'1': '9-122'}
P51419,1.0,{'1': '3-135'},1.0,{'1': '1-135'},1.0,{'1': '1-135'},1.0,{'1': '52-135'},,,1.0,{'1': '124-135'},,,,
P51424,1.0,{'1': '3-50'},1.0,{'1': '1-51'},,,1.0,{'1': '9-49'},,,1.0,{'1': '30-46'},,,,
P51430,,,,,1.0,{'1': '1-240'},1.0,{'1': '1-128'},,,1.0,{'1': '52-63'},1.0,{'1': '1-128'},,
P51818,3.0,"{'1': '263-518', '2': '5-212', '3': '542-663'}",2.0,"{'1': '2-229', '2': '518-668'}",1.0,{'1': '4-685'},1.0,{'1': '184-689'},7.0,"{'1': '5-25', '2': '26-48', '3': '75-92', '4': '93-110', '5': '118-140', '6': '170-187', '7': '188-206'}",1.0,{'1': '25-34'},1.0,{'1': '27-182'},,
P52839,1.0,{'1': '38-324'},1.0,{'1': '1-326'},,,1.0,{'1': '65-321'},,,,,,,,
P52901,1.0,{'1': '51-370'},,,1.0,{'1': '28-371'},1.0,{'1': '65-360'},,,,,,,1.0,{'1': '57-369'}
P53492,2.0,"{'1': '6-155', '2': '148-377'}",,,1.0,{'1': '10-371'},1.0,{'1': '5-377'},6.0,"{'1': '28-37', '2': '51-62', '3': '63-85', '4': '117-130', '5': '142-161', '6': '238-254'}",3.0,"{'1': '55-65', '2': '358-366', '3': '106-118'}",1.0,{'1': '7-377'},,
P53496,2.0,"{'1': '6-155', '2': '149-377'}",,,1.0,{'1': '10-371'},1.0,{'1': '5-377'},6.0,"{'1': '28-37', '2': '51-62', '3': '63-85', '4': '117-130', '5': '142-161', '6': '238-254'}",3.0,"{'1': '55-65', '2': '358-366', '3': '106-118'}",1.0,{'1': '7-377'},,
P53497,2.0,"{'1': '6-155', '2': '149-377'}",,,1.0,{'1': '10-371'},1.0,{'1': '5-377'},6.0,"{'1': '28-37', '2': '51-62', '3': '63-85', '4': '117-130', '5': '142-161', '6': '238-254'}",3.0,"{'1': '55-65', '2': '358-366', '3': '106-118'}",1.0,{'1': '7-377'},,
P54144,,,1.0,{'1': '24-485'},,,1.0,{'1': '45-467'},,,1.0,{'1': '198-223'},,,1.0,{'1': '42-467'}
P54609,4.0,"{'1': '25-109', '2': '203-465', '3': '475-764', '4': '111-203'}",2.0,"{'1': '209-373', '2': '467-651'}",1.0,{'1': '35-768'},6.0,"{'1': '29-110', '2': '244-373', '3': '517-651', '4': '130-194', '5': '396-437', '6': '673-714'}",,,2.0,"{'1': '344-362', '2': '621-639'}",4.0,"{'1': '29-112', '2': '240-376', '3': '513-653', '4': '129-195'}",1.0,{'1': '30-767'}
P54887,2.0,"{'1': '294-699', '2': '15-282'}",3.0,"{'1': '303-698', '2': '512-658', '3': '5-286'}",,,2.0,"{'1': '15-260', '2': '291-558'}",5.0,"{'1': '52-66', '2': '96-124', '3': '136-157', '4': '175-202', '5': '234-254'}",2.0,"{'1': '232-249', '2': '607-628'}",,,3.0,"{'1': '302-689', '2': '15-284', '3': '8-716'}"
P55034,1.0,{'1': '4-174'},1.0,{'1': '3-187'},1.0,{'1': '1-385'},3.0,"{'1': '6-115', '2': '223-236', '3': '305-319'}",,,4.0,"{'1': '5-190', '2': '221-240', '3': '282-301', '4': '305-324'}",4.0,"{'1': '2-176', '2': '221-240', '3': '282-301', '4': '305-324'}",,
P55228,2.0,"{'1': '383-520', '2': '89-481'}",1.0,{'1': '70-385'},1.0,{'1': '69-519'},1.0,{'1': '92-365'},,,3.0,"{'1': '96-115', '2': '185-193', '3': '297-307'}",,,1.0,{'1': '90-484'}
P55229,2.0,"{'1': '386-522', '2': '91-483'}",1.0,{'1': '71-387'},1.0,{'1': '52-521'},1.0,{'1': '92-368'},,,3.0,"{'1': '96-115', '2': '186-194', '3': '301-311'}",,,1.0,{'1': '91-486'}
P55737,3.0,"{'1': '263-518', '2': '5-212', '3': '542-663'}",2.0,"{'1': '2-229', '2': '518-668'}",1.0,{'1': '4-685'},1.0,{'1': '184-689'},7.0,"{'1': '5-25', '2': '26-48', '3': '75-92', '4': '93-110', '5': '118-140', '6': '170-187', '7': '188-206'}",1.0,{'1': '25-34'},1.0,{'1': '27-182'},,
P55852,1.0,{'1': '5-93'},,,,,1.0,{'1': '18-88'},,,1.0,{'1': '16-93'},1.0,{'1': '18-89'},,
P57106,2.0,"{'1': '157-331', '2': '4-154'}",1.0,{'1': '156-332'},1.0,{'1': '3-330'},2.0,"{'1': '6-153', '2': '157-326'}",,,1.0,{'1': '156-168'},,,2.0,"{'1': '3-326', '2': '7-329'}"
P57720,1.0,{'1': '55-422'},1.0,{'1': '58-434'},1.0,{'1': '53-423'},1.0,{'1': '59-406'},,,3.0,"{'1': '65-80', '2': '173-189', '3': '380-396'}",,,1.0,{'1': '59-410'}
P57741,,,1.0,{'1': '40-180'},1.0,{'1': '11-184'},1.0,{'1': '54-175'},,,,,,,,
P57742,,,1.0,{'1': '9-149'},1.0,{'1': '7-147'},1.0,{'1': '28-144'},,,,,,,1.0,{'1': '15-144'}
P58684,,,,,1.0,{'1': '3-187'},1.0,{'1': '24-181'},,,,,,,,
P58728,,,,,1.0,{'1': '1-86'},1.0,{'1': '5-82'},,,,,,,,
P59169,1.0,{'1': '2-133'},1.0,{'1': '2-136'},1.0,{'1': '1-136'},1.0,{'1': '44-131'},7.0,"{'1': '3-17', '2': '17-31', '3': '34-55', '4': '58-75', '5': '80-98', '6': '98-114', '7': '114-135'}",2.0,"{'1': '15-21', '2': '67-75'}",1.0,{'1': '34-136'},,
P59220,1.0,{'1': '2-147'},,,1.0,{'1': '2-148'},2.0,"{'1': '12-73', '2': '83-147'}",,,8.0,"{'1': '8-43', '2': '44-79', '3': '81-116', '4': '117-149', '5': '21-33', '6': '57-69', '7': '94-106', '8': '130-142'}",4.0,"{'1': '12-40', '2': '48-76', '3': '85-113', '4': '121-149'}",,
P59224,1.0,{'1': '66-142'},,,1.0,{'1': '1-151'},2.0,"{'1': '74-146', '2': '1-60'}",,,1.0,{'1': '98-128'},2.0,"{'1': '70-149', '2': '1-60'}",,
P59226,1.0,{'1': '2-133'},1.0,{'1': '2-136'},1.0,{'1': '1-136'},1.0,{'1': '44-131'},7.0,"{'1': '3-17', '2': '17-31', '3': '34-55', '4': '58-75', '5': '80-98', '6': '98-114', '7': '114-135'}",2.0,"{'1': '15-21', '2': '67-75'}",1.0,{'1': '34-136'},,
P59232,2.0,"{'1': '100-154', '2': '1-93'}",1.0,{'1': '81-155'},1.0,{'1': '1-87'},2.0,"{'1': '3-74', '2': '102-149'}",3.0,"{'1': '11-31', '2': '32-52', '3': '53-74'}",2.0,"{'1': '1-76', '2': '27-52'}",2.0,"{'1': '1-72', '2': '102-147'}",,
P59233,2.0,"{'1': '100-154', '2': '1-93'}",1.0,{'1': '81-154'},1.0,{'1': '1-87'},2.0,"{'1': '3-74', '2': '102-149'}",3.0,"{'1': '11-31', '2': '32-52', '3': '53-74'}",2.0,"{'1': '1-76', '2': '27-52'}",2.0,"{'1': '1-72', '2': '102-147'}",,
P59259,1.0,{'1': '3-102'},1.0,{'1': '2-103'},1.0,{'1': '1-102'},1.0,{'1': '44-96'},6.0,"{'1': '5-16', '2': '20-39', '3': '40-60', '4': '62-76', '5': '77-89', '6': '89-100'}",1.0,{'1': '15-19'},1.0,{'1': '16-90'},,
P59583,2.0,"{'1': '163-226', '2': '326-390'}",2.0,"{'1': '156-227', '2': '315-391'}",1.0,{'1': '121-416'},2.0,"{'1': '169-224', '2': '332-388'}",,,2.0,"{'1': '169-226', '2': '325-390'}",2.0,"{'1': '167-225', '2': '330-389'}",,
P60039,1.0,{'1': '83-242'},1.0,{'1': '83-242'},1.0,{'1': '5-242'},2.0,"{'1': '8-79', '2': '84-134'}",,,1.0,{'1': '102-134'},,,1.0,{'1': '9-242'}
P60040,1.0,{'1': '83-242'},1.0,{'1': '83-242'},1.0,{'1': '5-242'},2.0,"{'1': '8-79', '2': '84-134'}",,,1.0,{'1': '102-134'},,,1.0,{'1': '9-242'}
P60300,2.0,"{'1': '48-562', '2': '562-738'}",1.0,{'1': '561-739'},1.0,{'1': '19-744'},2.0,"{'1': '691-738', '2': '127-540'}",12.0,"{'1': '139-156', '2': '170-189', '3': '234-253', '4': '459-479', '5': '491-507', '6': '509-528', '7': '547-561', '8': '44-52', '9': '255-263', '10': '269-279', '11': '287-294', '12': '411-427'}",1.0,{'1': '687-748'},,,,
P61837,1.0,{'1': '45-278'},1.0,{'1': '37-284'},1.0,{'1': '12-281'},1.0,{'1': '44-273'},6.0,"{'1': '52-71', '2': '94-118', '3': '131-150', '4': '180-198', '5': '216-238', '6': '256-276'}",1.0,{'1': '112-120'},,,1.0,{'1': '56-273'}
P62598,2.0,"{'1': '193-252', '2': '16-136'}",,,1.0,{'1': '17-403'},2.0,"{'1': '197-246', '2': '19-127'}",,,2.0,"{'1': '18-133', '2': '192-251'}",1.0,{'1': '17-129'},1.0,{'1': '195-248'}
P82280,2.0,"{'1': '185-289', '2': '63-119'}",2.0,"{'1': '176-299', '2': '63-120'}",1.0,{'1': '63-313'},2.0,"{'1': '63-111', '2': '188-286'}",,,2.0,"{'1': '64-119', '2': '188-291'}",2.0,"{'1': '64-125', '2': '188-293'}",,
P84634,3.0,"{'1': '172-608', '2': '1102-1265', '3': '1290-1454'}",5.0,"{'1': '122-360', '2': '464-626', '3': '1098-1262', '4': '1286-1454', '5': '652-752'}",,,5.0,"{'1': '1119-1251', '2': '1327-1436', '3': '474-589', '4': '656-744', '5': '126-289'}",,,8.0,"{'1': '1327-1335', '2': '1113-1251', '3': '1292-1436', '4': '475-629', '5': '932-1054', '6': '656-748', '7': '131-307', '8': '1621-1697'}",7.0,"{'1': '1101-1271', '2': '1307-1459', '3': '502-592', '4': '931-1080', '5': '120-317', '6': '1463-1527', '7': '1622-1696'}",,
P92937,1.0,{'1': '11-274'},,,,,2.0,"{'1': '12-266', '2': '303-359'}",,,4.0,"{'1': '12-266', '2': '130-142', '3': '18-50', '4': '299-323'}",1.0,{'1': '12-266'},,
P92939,4.0,"{'1': '149-260', '2': '25-1043', '3': '388-627', '4': '379-833'}",2.0,"{'1': '378-774', '2': '391-630'}",,,3.0,"{'1': '27-94', '2': '815-1040', '3': '147-262'}",,,1.0,{'1': '383-389'},1.0,{'1': '25-99'},3.0,"{'1': '118-307', '2': '320-402', '3': '703-813'}"
P92942,2.0,"{'1': '63-577', '2': '579-761'}",1.0,{'1': '583-763'},1.0,{'1': '40-765'},2.0,"{'1': '709-761', '2': '142-555'}",12.0,"{'1': '154-171', '2': '185-204', '3': '249-268', '4': '474-494', '5': '506-522', '6': '524-543', '7': '562-576', '8': '59-67', '9': '270-278', '10': '284-294', '11': '302-309', '12': '426-442'}",1.0,{'1': '708-770'},2.0,"{'1': '597-656', '2': '711-764'}",,
P92947,2.0,"{'1': '59-262', '2': '217-382'}",3.0,"{'1': '396-483', '2': '64-379', '3': '186-313'}",1.0,{'1': '60-478'},2.0,"{'1': '63-376', '2': '394-474'}",,,,,,,,
P92948,1.0,{'1': '33-108'},,,1.0,{'1': '1-801'},1.0,{'1': '407-655'},,,4.0,"{'1': '2-53', '2': '54-103', '3': '2-57', '4': '58-107'}",2.0,"{'1': '6-55', '2': '58-105'}",,
P92958,3.0,"{'1': '293-336', '2': '17-294', '3': '329-511'}",,,,,3.0,"{'1': '20-272', '2': '468-511', '3': '294-330'}",,,5.0,"{'1': '20-272', '2': '463-511', '3': '139-151', '4': '293-333', '5': '26-49'}",2.0,"{'1': '20-272', '2': '295-332'}",,
P92963,1.0,{'1': '2-179'},1.0,{'1': '1-182'},1.0,{'1': '1-194'},1.0,{'1': '8-168'},,,1.0,{'1': '1-211'},1.0,{'1': '9-170'},1.0,{'1': '7-160'}
P92964,1.0,{'1': '2-168'},2.0,"{'1': '1-85', '2': '86-175'}",1.0,{'1': '4-105'},2.0,"{'1': '4-60', '2': '95-157'}",,,2.0,"{'1': '2-74', '2': '93-164'}",2.0,"{'1': '3-70', '2': '94-160'}",,
P92973,1.0,{'1': '18-74'},,,,,1.0,{'1': '24-67'},,,3.0,"{'1': '19-69', '2': '22-73', '3': '19-73'}",1.0,{'1': '23-71'},1.0,{'1': '22-71'}
P92980,1.0,{'1': '346-455'},1.0,{'1': '83-307'},,,2.0,"{'1': '112-292', '2': '362-454'}",,,1.0,{'1': '337-458'},,,1.0,{'1': '1-458'}
P92981,1.0,{'1': '341-451'},1.0,{'1': '83-307'},,,2.0,"{'1': '111-292', '2': '358-450'}",,,1.0,{'1': '333-454'},,,1.0,{'1': '1-454'}
P92994,1.0,{'1': '34-503'},1.0,{'1': '23-494'},,,1.0,{'1': '34-497'},12.0,"{'1': '306-323', '2': '359-370', '3': '438-447', '4': '62-81', '5': '86-107', '6': '181-199', '7': '295-312', '8': '315-341', '9': '358-376', '10': '399-423', '11': '437-447', '12': '447-470'}",1.0,{'1': '440-449'},,,,
P93002,2.0,"{'1': '61-192', '2': '266-371'}",2.0,"{'1': '43-229', '2': '238-408'}",1.0,{'1': '8-587'},3.0,"{'1': '62-143', '2': '370-575', '3': '231-271'}",,,3.0,"{'1': '65-144', '2': '328-360', '3': '147-161'}",3.0,"{'1': '65-194', '2': '265-295', '3': '328-357'}",,
P93004,1.0,{'1': '30-264'},1.0,{'1': '23-280'},1.0,{'1': '6-273'},1.0,{'1': '30-259'},6.0,"{'1': '38-57', '2': '80-104', '3': '117-136', '4': '166-184', '5': '202-224', '6': '242-262'}",1.0,{'1': '98-106'},,,1.0,{'1': '42-258'}
P93008,1.0,{'1': '389-692'},2.0,"{'1': '274-543', '2': '544-727'}",,,3.0,"{'1': '563-671', '2': '337-527', '3': '186-269'}",,,4.0,"{'1': '468-476', '2': '566-710', '3': '344-539', '4': '313-341'}",2.0,"{'1': '590-671', '2': '332-554'}",,
P93022,1.0,{'1': '117-256'},1.0,{'1': '125-228'},1.0,{'1': '18-615'},3.0,"{'1': '127-228', '2': '276-358', '3': '1034-1124'}",,,2.0,"{'1': '127-229', '2': '1037-1130'}",1.0,{'1': '127-229'},,
P93024,1.0,{'1': '148-287'},1.0,{'1': '155-259'},1.0,{'1': '50-883'},3.0,"{'1': '158-260', '2': '307-389', '3': '785-879'}",,,2.0,"{'1': '158-260', '2': '793-877'}",1.0,{'1': '158-260'},,
P93025,3.0,"{'1': '551-890', '2': '141-233', '3': '395-491'}",,,,,3.0,"{'1': '141-237', '2': '399-491', '3': '579-864'}",,,7.0,"{'1': '120-193', '2': '376-449', '3': '194-248', '4': '450-504', '5': '577-864', '6': '698-710', '7': '583-606'}",5.0,"{'1': '122-191', '2': '378-447', '3': '577-864', '4': '197-239', '5': '453-495'}",2.0,"{'1': '146-237', '2': '402-494'}"
P93026,1.0,{'1': '90-169'},,,,,2.0,"{'1': '58-159', '2': '186-393'}",,,1.0,{'1': '512-538'},1.0,{'1': '512-554'},,
P93028,2.0,"{'1': '72-459', '2': '469-971'}",4.0,"{'1': '988-1078', '2': '647-922', '3': '240-321', '4': '68-186'}",1.0,{'1': '464-1048'},5.0,"{'1': '475-967', '2': '986-1075', '3': '662-915', '4': '252-322', '5': '323-393'}",5.0,"{'1': '99-123', '2': '214-241', '3': '522-545', '4': '569-594', '5': '723-750'}",2.0,"{'1': '437-445', '2': '654-662'}",1.0,{'1': '953-1075'},1.0,{'1': '72-1080'}
P93030,,,1.0,{'1': '3-88'},1.0,{'1': '15-188'},1.0,{'1': '21-55'},,,2.0,"{'1': '21-75', '2': '36-45'}",1.0,{'1': '21-74'},,
P93031,1.0,{'1': '29-353'},,,1.0,{'1': '11-372'},1.0,{'1': '32-347'},,,,,,,1.0,{'1': '29-354'}
P93046,1.0,{'1': '61-280'},,,1.0,{'1': '37-293'},2.0,"{'1': '40-222', '2': '253-293'}",,,1.0,{'1': '29-230'},,,,
P93654,1.0,{'1': '22-230'},,,1.0,{'1': '25-260'},2.0,"{'1': '211-263', '2': '25-156'}",,,2.0,"{'1': '175-237', '2': '181-220'}",2.0,"{'1': '170-237', '2': '13-126'}",,
P93755,1.0,{'1': '40-183'},1.0,{'1': '28-213'},1.0,{'1': '51-667'},3.0,"{'1': '305-326', '2': '57-158', '3': '261-294'}",2.0,"{'1': '91-106', '2': '144-158'}",2.0,"{'1': '306-328', '2': '125-160'}",4.0,"{'1': '301-327', '2': '336-359', '3': '90-120', '4': '125-157'}",,
P93819,2.0,"{'1': '157-331', '2': '4-154'}",1.0,{'1': '156-332'},1.0,{'1': '3-330'},2.0,"{'1': '6-153', '2': '157-326'}",,,1.0,{'1': '156-168'},,,2.0,"{'1': '3-326', '2': '7-329'}"
P93823,,,1.0,{'1': '92-182'},1.0,{'1': '18-377'},1.0,{'1': '132-176'},,,1.0,{'1': '134-176'},1.0,{'1': '134-175'},,
P93825,1.0,{'1': '367-439'},1.0,{'1': '169-360'},,,3.0,"{'1': '190-346', '2': '383-438', '3': '48-146'}",,,,,1.0,{'1': '190-356'},,
P93831,1.0,{'1': '626-872'},1.0,{'1': '652-869'},1.0,{'1': '27-873'},3.0,"{'1': '763-866', '2': '690-721', '3': '198-242'}",,,3.0,"{'1': '752-867', '2': '1-902', '3': '638-737'}",2.0,"{'1': '752-873', '2': '686-723'}",,
P93832,,,,,1.0,{'1': '39-403'},1.0,{'1': '44-393'},,,1.0,{'1': '284-303'},1.0,{'1': '44-393'},1.0,{'1': '45-393'}
P94072,1.0,{'1': '22-205'},1.0,{'1': '20-210'},,,1.0,{'1': '56-201'},3.0,"{'1': '103-123', '2': '133-153', '3': '166-181'}",1.0,{'1': '98-111'},1.0,{'1': '55-201'},,
Q00218,,,2.0,"{'1': '85-250', '2': '251-493'}",1.0,{'1': '28-498'},1.0,{'1': '52-488'},,,,,,,1.0,{'1': '52-495'}
Q00IB6,2.0,"{'1': '117-279', '2': '341-429'}",2.0,"{'1': '105-341', '2': '342-429'}",1.0,{'1': '43-434'},2.0,"{'1': '340-413', '2': '124-293'}",,,2.0,"{'1': '337-412', '2': '118-292'}",2.0,"{'1': '339-419', '2': '121-279'}",1.0,{'1': '117-275'}
Q01474,1.0,{'1': '17-192'},1.0,{'1': '1-193'},1.0,{'1': '1-193'},1.0,{'1': '8-192'},5.0,"{'1': '22-45', '2': '50-74', '3': '77-102', '4': '122-143', '5': '166-190'}",,,1.0,{'1': '4-192'},1.0,{'1': '19-135'}
Q01593,1.0,{'1': '571-666'},1.0,{'1': '568-682'},1.0,{'1': '241-695'},1.0,{'1': '573-669'},,,1.0,{'1': '572-674'},1.0,{'1': '572-674'},,
Q01667,,,,,1.0,{'1': '45-237'},1.0,{'1': '55-209'},,,,,,,,
Q01908,1.0,{'1': '51-371'},,,1.0,{'1': '5-371'},1.0,{'1': '52-371'},4.0,"{'1': '124-143', '2': '217-234', '3': '319-338', '4': '350-371'}",1.0,{'1': '358-371'},,,1.0,{'1': '51-371'}
Q02166,2.0,"{'1': '179-438', '2': '108-173'}",1.0,{'1': '175-443'},1.0,{'1': '103-438'},2.0,"{'1': '178-426', '2': '110-170'}",,,,,,,1.0,{'1': '112-435'}
Q02283,1.0,{'1': '54-125'},,,1.0,{'1': '57-211'},2.0,"{'1': '68-121', '2': '123-165'}",2.0,"{'1': '94-103', '2': '103-119'}",2.0,"{'1': '63-123', '2': '98-121'}",1.0,{'1': '66-127'},,
Q03251,1.0,{'1': '6-127'},1.0,{'1': '2-102'},1.0,{'1': '7-164'},1.0,{'1': '9-78'},,,1.0,{'1': '6-84'},1.0,{'1': '7-80'},,
Q03509,1.0,{'1': '2-147'},,,1.0,{'1': '2-148'},2.0,"{'1': '12-73', '2': '83-147'}",,,8.0,"{'1': '8-43', '2': '44-79', '3': '81-116', '4': '117-149', '5': '21-33', '6': '57-69', '7': '94-106', '8': '130-142'}",4.0,"{'1': '12-40', '2': '48-76', '3': '85-113', '4': '121-149'}",,
Q04836,2.0,"{'1': '146-237', '2': '238-327'}",2.0,"{'1': '80-234', '2': '235-328'}",1.0,{'1': '41-326'},2.0,"{'1': '152-221', '2': '246-316'}",,,2.0,"{'1': '150-228', '2': '244-322'}",2.0,"{'1': '151-224', '2': '245-318'}",,
Q04996,2.0,"{'1': '617-668', '2': '257-322'}",1.0,{'1': '261-324'},,,2.0,"{'1': '623-666', '2': '268-319'}",,,3.0,"{'1': '622-672', '2': '268-319', '3': '265-322'}",2.0,"{'1': '614-676', '2': '267-320'}",,
Q05085,1.0,{'1': '22-568'},1.0,{'1': '1-576'},,,1.0,{'1': '99-532'},,,2.0,"{'1': '88-112', '2': '190-202'}",,,,
Q05153,1.0,{'1': '548-631'},4.0,"{'1': '1-93', '2': '339-446', '3': '546-640', '4': '97-179'}",1.0,{'1': '1-625'},5.0,"{'1': '562-630', '2': '350-440', '3': '106-174', '4': '5-97', '5': '207-336'}",8.0,"{'1': '219-235', '2': '241-257', '3': '264-280', '4': '329-342', '5': '356-374', '6': '374-391', '7': '400-416', '8': '416-434'}",1.0,{'1': '562-630'},2.0,"{'1': '561-631', '2': '348-441'}",,
Q05196,3.0,"{'1': '57-225', '2': '238-423', '3': '501-665'}",4.0,"{'1': '45-146', '2': '147-220', '3': '221-329', '4': '330-429'}",,,5.0,"{'1': '61-130', '2': '148-215', '3': '241-308', '4': '344-412', '5': '596-660'}",,,5.0,"{'1': '59-136', '2': '146-223', '3': '239-316', '4': '342-419', '5': '588-665'}",9.0,"{'1': '60-132', '2': '147-219', '3': '240-312', '4': '343-415', '5': '600-663', '6': '60-132', '7': '147-219', '8': '240-312', '9': '343-415'}",1.0,{'1': '59-661'}
Q05431,1.0,{'1': '3-247'},,,1.0,{'1': '8-246'},1.0,{'1': '24-227'},15.0,"{'1': '33-47', '2': '91-108', '3': '109-121', '4': '155-170', '5': '179-194', '6': '12-32', '7': '33-48', '8': '51-61', '9': '65-89', '10': '90-108', '11': '109-121', '12': '130-147', '13': '149-170', '14': '171-195', '15': '223-247'}",3.0,"{'1': '33-250', '2': '155-165', '3': '33-44'}",,,,
Q05609,1.0,{'1': '541-805'},,,1.0,{'1': '298-808'},2.0,"{'1': '551-804', '2': '207-412'}",5.0,"{'1': '625-638', '2': '666-684', '3': '713-723', '4': '732-754', '5': '776-798'}",3.0,"{'1': '551-809', '2': '672-684', '3': '557-578'}",1.0,{'1': '551-809'},,
Q05762,2.0,"{'1': '14-198', '2': '225-519'}",2.0,"{'1': '5-198', '2': '228-519'}",1.0,{'1': '45-519'},2.0,"{'1': '23-198', '2': '239-519'}",5.0,"{'1': '277-298', '2': '370-389', '3': '396-411', '4': '414-440', '5': '452-469'}",3.0,"{'1': '21-198', '2': '33-55', '3': '381-409'}",,,1.0,{'1': '239-519'}
Q06738,,,,,1.0,{'1': '10-667'},3.0,"{'1': '21-83', '2': '200-255', '3': '570-600'}",,,,,,,,
Q06850,2.0,"{'1': '149-409', '2': '448-588'}",,,1.0,{'1': '139-579'},3.0,"{'1': '150-408', '2': '456-515', '3': '525-587'}",,,11.0,"{'1': '150-408', '2': '451-486', '3': '487-522', '4': '523-558', '5': '561-592', '6': '270-282', '7': '156-183', '8': '464-476', '9': '500-512', '10': '536-548', '11': '570-582'}",5.0,"{'1': '150-408', '2': '455-483', '3': '491-519', '4': '527-555', '5': '561-589'}",,
Q07098,1.0,{'1': '6-293'},1.0,{'1': '2-306'},1.0,{'1': '5-306'},1.0,{'1': '48-241'},7.0,"{'1': '48-75', '2': '77-104', '3': '110-134', '4': '145-171', '5': '174-201', '6': '230-250', '7': '252-268'}",1.0,{'1': '111-116'},1.0,{'1': '20-290'},,
Q07099,1.0,{'1': '6-293'},1.0,{'1': '3-306'},1.0,{'1': '5-306'},1.0,{'1': '48-241'},7.0,"{'1': '48-75', '2': '77-104', '3': '110-134', '4': '145-171', '5': '174-201', '6': '230-250', '7': '252-268'}",1.0,{'1': '111-116'},1.0,{'1': '20-290'},,
Q07100,1.0,{'1': '11-298'},1.0,{'1': '8-313'},1.0,{'1': '13-313'},1.0,{'1': '55-248'},7.0,"{'1': '55-82', '2': '84-111', '3': '117-141', '4': '152-178', '5': '181-208', '6': '237-257', '7': '259-275'}",1.0,{'1': '118-123'},1.0,{'1': '27-297'},,
Q07473,,,,,1.0,{'1': '6-287'},1.0,{'1': '65-260'},,,,,,,,
Q08112,1.0,{'1': '55-136'},1.0,{'1': '9-152'},1.0,{'1': '11-152'},1.0,{'1': '50-135'},3.0,"{'1': '85-104', '2': '105-117', '3': '117-132'}",1.0,{'1': '105-129'},,,1.0,{'1': '19-152'}
Q08298,,,,,1.0,{'1': '22-391'},1.0,{'1': '175-390'},,,1.0,{'1': '176-392'},1.0,{'1': '174-392'},,
Q08466,1.0,{'1': '74-393'},,,1.0,{'1': '67-399'},1.0,{'1': '104-389'},,,3.0,"{'1': '104-389', '2': '217-229', '3': '110-133'}",1.0,{'1': '104-389'},,
Q08467,1.0,{'1': '81-399'},,,1.0,{'1': '71-404'},1.0,{'1': '110-395'},,,3.0,"{'1': '110-395', '2': '223-235', '3': '116-139'}",1.0,{'1': '110-395'},,
Q08682,1.0,{'1': '14-204'},,,1.0,{'1': '8-297'},2.0,"{'1': '23-117', '2': '120-186'}",6.0,"{'1': '19-37', '2': '49-58', '3': '98-115', '4': '123-140', '5': '140-151', '6': '161-175'}",2.0,"{'1': '19-30', '2': '123-147'}",,,1.0,{'1': '14-210'}
Q08733,1.0,{'1': '45-278'},1.0,{'1': '37-284'},1.0,{'1': '12-281'},1.0,{'1': '44-273'},6.0,"{'1': '52-71', '2': '94-118', '3': '131-150', '4': '180-198', '5': '216-238', '6': '256-276'}",1.0,{'1': '112-120'},,,1.0,{'1': '56-273'}
Q0IGM7,,,,,1.0,{'1': '1-202'},1.0,{'1': '55-92'},,,2.0,"{'1': '1-47', '2': '53-100'}",2.0,"{'1': '4-47', '2': '53-100'}",,
Q0PCS3,2.0,"{'1': '142-421', '2': '425-731'}",2.0,"{'1': '421-731', '2': '152-420'}",1.0,{'1': '34-835'},2.0,"{'1': '183-488', '2': '535-649'}",,,2.0,"{'1': '538-696', '2': '198-371'}",2.0,"{'1': '565-649', '2': '176-383'}",,
Q0WLB5,6.0,"{'1': '345-500', '2': '457-793', '3': '901-1066', '4': '1052-1195', '5': '1196-1531', '6': '5-343'}",3.0,"{'1': '1052-1196', '2': '1197-1536', '3': '1-377'}",,,10.0,"{'1': '344-367', '2': '20-56', '3': '155-197', '4': '553-692', '5': '701-841', '6': '850-984', '7': '993-1131', '8': '1144-1281', '9': '1290-1431', '10': '1438-1579'}",,,7.0,"{'1': '551-697', '2': '700-842', '3': '847-986', '4': '993-1138', '5': '1142-1283', '6': '1288-1434', '7': '1437-1580'}",7.0,"{'1': '551-693', '2': '700-842', '3': '847-986', '4': '993-1138', '5': '1142-1283', '6': '1288-1434', '7': '1437-1596'}",,
Q0WNJ6,6.0,"{'1': '345-500', '2': '457-793', '3': '901-1067', '4': '1052-1194', '5': '1196-1531', '6': '5-343'}",4.0,"{'1': '902-1055', '2': '1056-1196', '3': '1197-1536', '4': '1-377'}",,,10.0,"{'1': '344-367', '2': '20-56', '3': '155-197', '4': '557-692', '5': '701-841', '6': '850-984', '7': '993-1131', '8': '1144-1281', '9': '1290-1431', '10': '1438-1579'}",,,7.0,"{'1': '551-697', '2': '700-842', '3': '847-986', '4': '993-1138', '5': '1142-1283', '6': '1288-1434', '7': '1437-1580'}",7.0,"{'1': '551-693', '2': '700-842', '3': '847-986', '4': '993-1138', '5': '1142-1283', '6': '1288-1434', '7': '1437-1596'}",,
Q0WNP7,,,,,1.0,{'1': '47-461'},1.0,{'1': '93-459'},,,1.0,{'1': '84-463'},,,,
Q0WNW4,,,,,1.0,{'1': '1-666'},1.0,{'1': '359-449'},,,1.0,{'1': '355-453'},,,,
Q0WNX9,,,1.0,{'1': '134-196'},1.0,{'1': '4-196'},1.0,{'1': '150-196'},,,,,,,,
Q0WPF2,1.0,{'1': '61-186'},1.0,{'1': '58-187'},1.0,{'1': '62-802'},2.0,"{'1': '79-180', '2': '725-791'}",,,2.0,"{'1': '61-189', '2': '653-673'}",1.0,{'1': '64-186'},,
Q0WPH8,1.0,{'1': '4-263'},,,1.0,{'1': '5-896'},1.0,{'1': '8-262'},,,3.0,"{'1': '8-262', '2': '129-141', '3': '14-37'}",1.0,{'1': '8-262'},,
Q0WPQ2,2.0,"{'1': '644-766', '2': '352-425'}",2.0,"{'1': '174-333', '2': '428-615'}",,,4.0,"{'1': '648-759', '2': '187-331', '3': '367-425', '4': '47-144'}",,,1.0,{'1': '647-766'},3.0,"{'1': '646-762', '2': '187-341', '3': '367-432'}",,
Q0WPU1,2.0,"{'1': '37-790', '2': '791-886'}",1.0,{'1': '70-667'},,,7.0,"{'1': '764-783', '2': '790-808', '3': '837-857', '4': '861-880', '5': '69-725', '6': '1332-1435', '7': '16-54'}",5.0,"{'1': '97-116', '2': '154-179', '3': '201-228', '4': '433-461', '5': '486-514'}",3.0,"{'1': '67-737', '2': '1164-1456', '3': '12-61'}",7.0,"{'1': '762-784', '2': '787-809', '3': '810-832', '4': '835-857', '5': '858-880', '6': '61-738', '7': '1331-1438'}",,
Q0WPZ7,,,1.0,{'1': '322-568'},1.0,{'1': '18-586'},1.0,{'1': '339-537'},,,,,,,,
Q0WQ63,1.0,{'1': '39-466'},1.0,{'1': '27-470'},1.0,{'1': '28-466'},1.0,{'1': '55-468'},4.0,"{'1': '129-148', '2': '281-291', '3': '371-392', '4': '394-406'}",2.0,"{'1': '92-109', '2': '38-458'}",,,1.0,{'1': '29-465'}
Q0WQ75,,,,,1.0,{'1': '6-775'},1.0,{'1': '380-615'},,,,,,,,
Q0WQD2,1.0,{'1': '369-677'},1.0,{'1': '371-671'},1.0,{'1': '197-678'},1.0,{'1': '334-651'},,,,,,,,
Q0WQF7,3.0,"{'1': '86-176', '2': '212-303', '3': '326-368'}",2.0,"{'1': '390-635', '2': '330-372'}",1.0,{'1': '215-637'},4.0,"{'1': '88-160', '2': '215-287', '3': '406-637', '4': '330-363'}",,,5.0,"{'1': '85-161', '2': '212-288', '3': '110-139', '4': '237-266', '5': '330-367'}",,,,
Q0WQG8,,,,,1.0,{'1': '13-463'},2.0,"{'1': '142-209', '2': '285-455'}",,,,,,,,
Q0WQN9,1.0,{'1': '33-168'},,,1.0,{'1': '34-239'},2.0,"{'1': '171-283', '2': '37-169'}",,,1.0,{'1': '69-100'},2.0,"{'1': '171-294', '2': '74-162'}",,
Q0WSY2,,,,,,,1.0,{'1': '82-898'},,,,,,,,
Q0WT48,2.0,"{'1': '454-608', '2': '96-193'}",2.0,"{'1': '452-613', '2': '86-174'}",,,2.0,"{'1': '99-160', '2': '222-602'}",4.0,"{'1': '101-119', '2': '119-134', '3': '136-156', '4': '156-175'}",1.0,{'1': '99-164'},2.0,"{'1': '98-156', '2': '209-604'}",,
Q0WTY4,,,,,1.0,{'1': '3-221'},1.0,{'1': '18-185'},,,,,,,,
Q0WUG6,1.0,{'1': '92-559'},1.0,{'1': '172-469'},1.0,{'1': '36-457'},4.0,"{'1': '203-455', '2': '55-127', '3': '612-881', '4': '483-611'}",3.0,"{'1': '203-222', '2': '239-252', '3': '406-422'}",2.0,"{'1': '243-253', '2': '407-417'}",,,,
Q0WUU6,1.0,{'1': '39-497'},1.0,{'1': '47-503'},1.0,{'1': '26-507'},1.0,{'1': '58-500'},5.0,"{'1': '66-76', '2': '149-168', '3': '311-321', '4': '401-422', '5': '424-436'}",3.0,"{'1': '112-129', '2': '154-179', '3': '58-489'}",,,1.0,{'1': '23-496'}
Q0WVF5,2.0,"{'1': '143-386', '2': '446-762'}",3.0,"{'1': '236-373', '2': '413-753', '3': '754-846'}",1.0,{'1': '142-789'},4.0,"{'1': '423-645', '2': '136-229', '3': '236-365', '4': '661-747'}",10.0,"{'1': '476-491', '2': '536-550', '3': '564-577', '4': '588-600', '5': '615-623', '6': '258-271', '7': '309-321', '8': '451-462', '9': '597-614', '10': '749-758'}",2.0,"{'1': '435-641', '2': '544-552'}",2.0,"{'1': '477-630', '2': '232-749'}",,
Q0WW26,3.0,"{'1': '771-883', '2': '615-770', '3': '30-540'}",4.0,"{'1': '23-316', '2': '333-554', '3': '768-884', '4': '616-767'}",1.0,{'1': '1-884'},3.0,"{'1': '27-540', '2': '622-766', '3': '769-883'}",,,,,,,,
Q0WWQ1,,,,,,,1.0,{'1': '37-302'},,,,,,,,
Q0WWT7,1.0,{'1': '87-216'},1.0,{'1': '88-259'},1.0,{'1': '1-290'},1.0,{'1': '106-215'},,,1.0,{'1': '101-224'},1.0,{'1': '91-221'},,
Q11207,4.0,"{'1': '3-38', '2': '68-102', '3': '287-420', '4': '134-260'}",3.0,"{'1': '2-45', '2': '46-115', '3': '277-421'}",1.0,{'1': '128-635'},5.0,"{'1': '2-36', '2': '69-101', '3': '287-418', '4': '169-248', '5': '432-633'}",,,5.0,"{'1': '2-36', '2': '69-103', '3': '286-404', '4': '158-255', '5': '412-637'}",3.0,"{'1': '2-36', '2': '69-103', '3': '169-249'}",,
Q147G5,2.0,"{'1': '164-301', '2': '303-428'}",,,1.0,{'1': '144-414'},2.0,"{'1': '304-426', '2': '175-302'}",,,1.0,{'1': '206-237'},3.0,"{'1': '304-427', '2': '211-295', '3': '308-396'}",,
Q1EC66,4.0,"{'1': '1-76', '2': '76-152', '3': '152-228', '4': '228-304'}",,,1.0,{'1': '153-230'},4.0,"{'1': '3-74', '2': '79-150', '3': '155-226', '4': '231-302'}",3.0,"{'1': '11-31', '2': '32-52', '3': '53-74'}",8.0,"{'1': '1-76', '2': '77-152', '3': '153-228', '4': '229-304', '5': '27-52', '6': '103-128', '7': '179-204', '8': '255-280'}",4.0,"{'1': '1-72', '2': '77-148', '3': '153-224', '4': '229-300'}",,
Q1ECF1,,,1.0,{'1': '1-189'},1.0,{'1': '33-176'},1.0,{'1': '42-180'},,,,,,,,
Q1H583,,,1.0,{'1': '24-343'},1.0,{'1': '9-354'},1.0,{'1': '37-337'},,,,,,,,
Q1H595,1.0,{'1': '3-92'},,,1.0,{'1': '1-91'},1.0,{'1': '6-71'},,,1.0,{'1': '2-76'},1.0,{'1': '5-72'},,
Q1H5C9,,,,,1.0,{'1': '2-213'},1.0,{'1': '2-212'},,,,,,,,
Q1PDT6,2.0,"{'1': '14-114', '2': '177-268'}",2.0,"{'1': '11-115', '2': '173-279'}",1.0,{'1': '14-263'},1.0,{'1': '31-113'},,,1.0,{'1': '20-114'},2.0,"{'1': '19-114', '2': '184-280'}",,
Q1PDV6,1.0,{'1': '69-368'},,,,,1.0,{'1': '88-288'},,,3.0,"{'1': '83-360', '2': '206-218', '3': '89-112'}",1.0,{'1': '83-360'},,
Q1PEF6,2.0,"{'1': '2-37', '2': '42-81'}",1.0,{'1': '1-85'},1.0,{'1': '2-81'},1.0,{'1': '2-37'},,,,,1.0,{'1': '1-73'},,
Q27GK7,2.0,"{'1': '350-669', '2': '845-1105'}",4.0,"{'1': '321-546', '2': '547-690', '3': '754-972', '4': '973-1127'}",1.0,{'1': '1-1122'},6.0,"{'1': '460-494', '2': '499-537', '3': '922-957', '4': '164-204', '5': '37-161', '6': '5-34'}",,,4.0,"{'1': '460-503', '2': '925-966', '3': '4-36', '4': '34-92'}",13.0,"{'1': '347-386', '2': '407-447', '3': '453-494', '4': '497-538', '5': '541-584', '6': '587-627', '7': '830-872', '8': '875-915', '9': '918-957', '10': '1011-1050', '11': '1068-1102', '12': '4-36', '13': '34-92'}",,
Q29PU2,,,,,1.0,{'1': '21-126'},1.0,{'1': '11-105'},,,,,,,,
Q29Q26,1.0,{'1': '219-338'},2.0,"{'1': '212-290', '2': '291-341'}",,,2.0,"{'1': '225-316', '2': '155-198'}",,,2.0,"{'1': '252-284', '2': '285-317'}",3.0,"{'1': '219-248', '2': '252-281', '3': '285-314'}",,
Q29Q81,,,,,1.0,{'1': '37-110'},,,,,,,,,,
Q2HIK4,,,1.0,{'1': '6-123'},,,1.0,{'1': '15-117'},,,,,,,,
Q2PS26,1.0,{'1': '324-576'},,,,,1.0,{'1': '357-560'},,,1.0,{'1': '343-536'},,,,
Q2V359,,,,,1.0,{'1': '65-139'},1.0,{'1': '18-141'},,,,,,,,
Q2V3B2,1.0,{'1': '39-173'},,,1.0,{'1': '43-249'},1.0,{'1': '66-173'},,,,,1.0,{'1': '77-166'},,
Q2V3L3,3.0,"{'1': '82-132', '2': '119-175', '3': '225-253'}",,,,,2.0,"{'1': '108-132', '2': '138-162'}",,,9.0,"{'1': '81-103', '2': '110-132', '3': '140-162', '4': '170-193', '5': '232-255', '6': '79-108', '7': '108-137', '8': '138-167', '9': '230-260'}",5.0,"{'1': '79-103', '2': '108-132', '3': '138-162', '4': '168-193', '5': '230-255'}",,
Q2V419,1.0,{'1': '1-306'},,,1.0,{'1': '2-303'},1.0,{'1': '4-303'},,,3.0,"{'1': '4-303', '2': '140-152', '3': '10-33'}",1.0,{'1': '4-303'},,
Q37001,1.0,{'1': '13-428'},2.0,"{'1': '63-318', '2': '29-423'}",1.0,{'1': '4-427'},1.0,{'1': '41-424'},,,1.0,{'1': '269-282'},,,,
Q38796,2.0,"{'1': '66-129', '2': '231-324'}",,,,,,,,,1.0,{'1': '63-123'},1.0,{'1': '65-127'},,
Q38798,2.0,"{'1': '218-358', '2': '24-254'}",1.0,{'1': '218-362'},1.0,{'1': '9-512'},1.0,{'1': '32-388'},6.0,"{'1': '105-123', '2': '134-150', '3': '232-245', '4': '280-302', '5': '337-356', '6': '369-389'}",3.0,"{'1': '103-118', '2': '138-146', '3': '280-292'}",,,,
Q38799,2.0,"{'1': '224-357', '2': '34-239'}",1.0,{'1': '228-359'},1.0,{'1': '25-361'},2.0,"{'1': '35-209', '2': '229-351'}",,,,,1.0,{'1': '36-211'},,
Q38806,1.0,{'1': '50-174'},1.0,{'1': '35-178'},1.0,{'1': '64-176'},1.0,{'1': '74-177'},,,2.0,"{'1': '62-180', '2': '68-175'}",,,,
Q38814,1.0,{'1': '46-314'},1.0,{'1': '83-318'},,,,,,,,,,,1.0,{'1': '63-318'}
Q38819,2.0,"{'1': '180-317', '2': '320-445'}",,,1.0,{'1': '142-429'},2.0,"{'1': '320-442', '2': '192-317'}",,,,,3.0,"{'1': '320-443', '2': '227-311', '3': '324-412'}",,
Q38820,,,,,1.0,{'1': '31-175'},,,,,,,,,1.0,{'1': '34-174'}
Q38825,,,,,1.0,{'1': '7-227'},1.0,{'1': '10-233'},,,1.0,{'1': '124-224'},,,,
Q38830,,,,,1.0,{'1': '19-220'},1.0,{'1': '53-226'},,,1.0,{'1': '124-217'},,,,
Q38832,,,,,1.0,{'1': '3-214'},1.0,{'1': '5-219'},,,1.0,{'1': '110-210'},,,,
Q38833,,,1.0,{'1': '104-263'},1.0,{'1': '52-386'},1.0,{'1': '110-358'},,,,,,,2.0,"{'1': '98-384', '2': '83-387'}"
Q38834,1.0,{'1': '149-421'},4.0,"{'1': '150-313', '2': '498-667', '3': '669-838', '4': '318-412'}",1.0,{'1': '31-830'},4.0,"{'1': '164-336', '2': '5-90', '3': '551-772', '4': '424-495'}",,,,,,,,
Q38845,1.0,{'1': '8-580'},1.0,{'1': '2-582'},1.0,{'1': '4-581'},3.0,"{'1': '242-271', '2': '440-465', '3': '274-351'}",,,12.0,"{'1': '10-48', '2': '87-125', '3': '164-202', '4': '203-241', '5': '242-280', '6': '281-319', '7': '320-358', '8': '359-397', '9': '398-436', '10': '437-475', '11': '476-514', '12': '515-553'}",,,,
Q38846,2.0,"{'1': '329-409', '2': '397-584'}",2.0,"{'1': '138-308', '2': '408-589'}",,,4.0,"{'1': '158-307', '2': '455-585', '3': '343-408', '4': '17-115'}",2.0,"{'1': '511-525', '2': '546-564'}",1.0,{'1': '350-589'},3.0,"{'1': '158-317', '2': '455-587', '3': '343-408'}",,
Q38847,1.0,{'1': '2-81'},1.0,{'1': '14-92'},1.0,{'1': '3-220'},2.0,"{'1': '10-57', '2': '75-165'}",3.0,"{'1': '3-23', '2': '23-38', '3': '38-59'}",3.0,"{'1': '3-57', '2': '1-61', '3': '80-170'}",1.0,{'1': '1-60'},,
Q38856,,,,,,,1.0,{'1': '50-344'},,,,,,,1.0,{'1': '34-347'}
Q38858,2.0,"{'1': '204-319', '2': '18-220'}",1.0,{'1': '208-309'},1.0,{'1': '4-382'},2.0,"{'1': '26-261', '2': '263-336'}",6.0,"{'1': '103-121', '2': '129-145', '3': '218-231', '4': '246-268', '5': '284-303', '6': '317-337'}",3.0,"{'1': '101-116', '2': '133-141', '3': '246-258'}",,,,
Q38859,1.0,{'1': '1-112'},1.0,{'1': '1-115'},,,1.0,{'1': '31-103'},,,1.0,{'1': '35-66'},,,,
Q38862,1.0,{'1': '4-510'},,,1.0,{'1': '1-510'},2.0,"{'1': '62-494', '2': '310-423'}",,,,,,,,
Q38871,2.0,"{'1': '79-379', '2': '395-535'}",,,1.0,{'1': '89-526'},3.0,"{'1': '97-355', '2': '403-462', '3': '472-534'}",,,11.0,"{'1': '97-355', '2': '398-433', '3': '434-469', '4': '470-505', '5': '509-539', '6': '217-229', '7': '103-126', '8': '411-423', '9': '447-459', '10': '483-495', '11': '517-529'}",5.0,"{'1': '97-355', '2': '402-430', '3': '438-466', '4': '474-502', '5': '508-536'}",,
Q38872,2.0,"{'1': '66-367', '2': '383-523'}",,,1.0,{'1': '77-514'},3.0,"{'1': '85-343', '2': '391-450', '3': '460-522'}",,,11.0,"{'1': '85-343', '2': '386-421', '3': '422-457', '4': '458-493', '5': '497-527', '6': '205-217', '7': '91-114', '8': '399-411', '9': '435-447', '10': '471-483', '11': '505-517'}",5.0,"{'1': '85-343', '2': '390-418', '3': '426-454', '4': '462-490', '5': '496-524'}",,
Q38874,1.0,{'1': '284-360'},,,1.0,{'1': '46-351'},4.0,"{'1': '262-283', '2': '121-159', '3': '173-219', '4': '302-341'}",,,3.0,"{'1': '282-345', '2': '262-282', '3': '320-343'}",4.0,"{'1': '284-349', '2': '262-283', '3': '119-163', '4': '170-221'}",,
Q38876,1.0,{'1': '2-91'},1.0,{'1': '13-84'},1.0,{'1': '3-174'},2.0,"{'1': '10-57', '2': '85-172'}",3.0,"{'1': '3-23', '2': '23-38', '3': '38-59'}",3.0,"{'1': '3-57', '2': '1-61', '3': '88-178'}",1.0,{'1': '1-60'},,
Q38882,1.0,{'1': '6-151'},1.0,{'1': '7-161'},1.0,{'1': '5-800'},4.0,"{'1': '45-127', '2': '328-366', '3': '658-683', '4': '728-800'}",,,3.0,"{'1': '1-126', '2': '327-366', '3': '656-683'}",3.0,"{'1': '9-125', '2': '327-366', '3': '656-683'}",,
Q38884,1.0,{'1': '4-316'},1.0,{'1': '1-328'},,,1.0,{'1': '1-327'},3.0,"{'1': '67-81', '2': '163-177', '3': '208-222'}",7.0,"{'1': '6-47', '2': '48-89', '3': '151-185', '4': '189-230', '5': '286-316', '6': '67-81', '7': '163-177'}",5.0,"{'1': '1-38', '2': '41-80', '3': '135-176', '4': '179-221', '5': '279-318'}",,
Q38885,1.0,{'1': '134-532'},1.0,{'1': '133-538'},1.0,{'1': '134-542'},1.0,{'1': '194-525'},,,2.0,"{'1': '193-212', '2': '285-302'}",,,1.0,{'1': '141-538'}
Q38890,1.0,{'1': '106-589'},1.0,{'1': '107-589'},,,1.0,{'1': '109-583'},,,2.0,"{'1': '489-515', '2': '559-577'}",,,,
Q38896,3.0,"{'1': '14-79', '2': '119-156', '3': '163-196'}",1.0,{'1': '9-91'},,,3.0,"{'1': '137-153', '2': '182-197', '3': '16-80'}",3.0,"{'1': '17-32', '2': '38-47', '3': '53-71'}",4.0,"{'1': '138-153', '2': '182-197', '3': '14-80', '4': '28-47'}",3.0,"{'1': '137-153', '2': '181-197', '3': '16-81'}",,
Q38898,2.0,"{'1': '321-512', '2': '528-705'}",2.0,"{'1': '361-534', '2': '542-719'}",1.0,{'1': '33-797'},5.0,"{'1': '414-497', '2': '548-628', '3': '641-698', '4': '75-323', '5': '725-796'}",7.0,"{'1': '574-589', '2': '653-667', '3': '112-122', '4': '123-132', '5': '264-281', '6': '290-301', '7': '308-317'}",4.0,"{'1': '394-513', '2': '573-605', '3': '670-702', '4': '725-802'}",6.0,"{'1': '394-511', '2': '540-569', '3': '573-602', '4': '606-637', '5': '638-666', '6': '670-699'}",,
Q38900,1.0,{'1': '3-172'},1.0,{'1': '1-173'},,,1.0,{'1': '8-170'},5.0,"{'1': '25-40', '2': '61-73', '3': '104-119', '4': '119-131', '5': '132-147'}",2.0,"{'1': '8-171', '2': '56-73'}",,,,
Q38906,1.0,{'1': '8-256'},1.0,{'1': '2-269'},1.0,{'1': '39-189'},1.0,{'1': '39-227'},,,1.0,{'1': '36-260'},,,1.0,{'1': '1-313'}
Q38912,1.0,{'1': '6-178'},1.0,{'1': '1-198'},1.0,{'1': '5-190'},1.0,{'1': '8-178'},,,1.0,{'1': '2-198'},1.0,{'1': '9-180'},1.0,{'1': '7-171'}
Q38919,1.0,{'1': '5-177'},1.0,{'1': '4-191'},1.0,{'1': '4-192'},1.0,{'1': '7-177'},,,1.0,{'1': '1-195'},1.0,{'1': '8-179'},1.0,{'1': '6-170'}
Q38922,1.0,{'1': '1-179'},1.0,{'1': '1-185'},1.0,{'1': '1-190'},1.0,{'1': '8-168'},,,1.0,{'1': '1-204'},1.0,{'1': '9-170'},1.0,{'1': '7-160'}
Q38929,1.0,{'1': '79-274'},,,,,1.0,{'1': '110-249'},,,1.0,{'1': '109-261'},,,1.0,{'1': '80-262'}
Q38935,,,1.0,{'1': '20-153'},1.0,{'1': '15-142'},1.0,{'1': '46-137'},,,1.0,{'1': '52-140'},,,,
Q38937,1.0,{'1': '6-178'},1.0,{'1': '5-192'},1.0,{'1': '5-194'},1.0,{'1': '8-178'},,,1.0,{'1': '2-196'},1.0,{'1': '9-180'},1.0,{'1': '7-171'}
Q38942,1.0,{'1': '24-307'},1.0,{'1': '2-343'},,,4.0,"{'1': '25-52', '2': '70-99', '3': '112-142', '4': '235-274'}",3.0,"{'1': '40-54', '2': '129-143', '3': '261-275'}",4.0,"{'1': '21-62', '2': '68-109', '3': '110-151', '4': '249-283'}",5.0,"{'1': '11-53', '2': '62-100', '3': '104-142', '4': '145-181', '5': '230-274'}",,
Q38945,,,,,1.0,{'1': '5-371'},1.0,{'1': '45-367'},,,2.0,"{'1': '309-323', '2': '141-154'}",,,1.0,{'1': '5-372'}
Q38950,1.0,{'1': '8-580'},1.0,{'1': '3-582'},1.0,{'1': '5-586'},4.0,"{'1': '167-192', '2': '242-271', '3': '440-465', '4': '276-351'}",,,13.0,"{'1': '10-48', '2': '87-125', '3': '164-202', '4': '203-241', '5': '242-280', '6': '281-319', '7': '320-358', '8': '359-397', '9': '398-436', '10': '437-475', '11': '476-514', '12': '515-553', '13': '554-587'}",,,,
Q38951,1.0,{'1': '8-580'},1.0,{'1': '3-582'},1.0,{'1': '4-586'},3.0,"{'1': '242-271', '2': '276-351', '3': '361-517'}",,,12.0,"{'1': '10-48', '2': '164-202', '3': '203-241', '4': '242-280', '5': '281-319', '6': '320-358', '7': '359-397', '8': '398-436', '9': '437-475', '10': '476-514', '11': '515-553', '12': '554-587'}",,,,
Q38953,2.0,"{'1': '212-290', '2': '506-1038'}",3.0,"{'1': '208-294', '2': '482-690', '3': '691-864'}",,,5.0,"{'1': '715-845', '2': '212-281', '3': '521-671', '4': '1053-1129', '5': '907-935'}",,,4.0,"{'1': '706-886', '2': '630-639', '3': '214-283', '4': '525-688'}",4.0,"{'1': '741-845', '2': '212-283', '3': '906-996', '4': '513-697'}",,
Q38997,3.0,"{'1': '281-330', '2': '16-288', '3': '328-511'}",,,,,3.0,"{'1': '19-271', '2': '469-511', '3': '293-329'}",,,5.0,"{'1': '19-271', '2': '463-511', '3': '138-150', '4': '292-332', '5': '25-48'}",2.0,"{'1': '19-271', '2': '294-331'}",,
Q38998,2.0,"{'1': '297-492', '2': '521-702'}",2.0,"{'1': '336-497', '2': '518-702'}",1.0,{'1': '23-854'},5.0,"{'1': '392-477', '2': '522-612', '3': '621-700', '4': '57-299', '5': '790-853'}",7.0,"{'1': '551-566', '2': '663-677', '3': '70-77', '4': '93-103', '5': '240-257', '6': '266-277', '7': '284-293'}",5.0,"{'1': '372-474', '2': '550-582', '3': '583-615', '4': '647-679', '5': '790-857'}",6.0,"{'1': '372-489', '2': '517-546', '3': '550-579', '4': '583-612', '5': '614-643', '6': '647-676'}",,
Q39009,2.0,"{'1': '23-90', '2': '107-341'}",1.0,{'1': '91-344'},,,1.0,{'1': '101-342'},,,2.0,"{'1': '281-344', '2': '104-275'}",1.0,{'1': '125-311'},1.0,{'1': '31-342'}
Q39010,1.0,{'1': '71-382'},,,1.0,{'1': '39-401'},1.0,{'1': '73-356'},,,3.0,"{'1': '72-356', '2': '193-205', '3': '78-102'}",1.0,{'1': '72-356'},,
Q39011,1.0,{'1': '39-349'},,,1.0,{'1': '7-368'},1.0,{'1': '41-324'},,,3.0,"{'1': '40-324', '2': '161-173', '3': '46-70'}",1.0,{'1': '40-324'},,
Q39019,1.0,{'1': '82-396'},,,1.0,{'1': '52-413'},1.0,{'1': '84-367'},,,3.0,"{'1': '83-367', '2': '204-216', '3': '89-113'}",1.0,{'1': '83-367'},,
Q39022,1.0,{'1': '24-326'},,,1.0,{'1': '31-341'},1.0,{'1': '33-319'},,,4.0,"{'1': '32-319', '2': '67-170', '3': '154-166', '4': '38-62'}",1.0,{'1': '32-319'},,
Q39023,1.0,{'1': '43-333'},,,1.0,{'1': '36-332'},1.0,{'1': '44-324'},,,4.0,"{'1': '38-324', '2': '73-176', '3': '160-172', '4': '44-67'}",1.0,{'1': '38-324'},,
Q39024,1.0,{'1': '46-336'},,,1.0,{'1': '41-338'},1.0,{'1': '47-329'},,,4.0,"{'1': '43-329', '2': '78-181', '3': '165-177', '4': '49-73'}",1.0,{'1': '43-329'},,
Q39026,1.0,{'1': '68-356'},,,1.0,{'1': '61-358'},1.0,{'1': '68-348'},,,4.0,"{'1': '63-348', '2': '98-201', '3': '185-197', '4': '69-93'}",1.0,{'1': '63-348'},,
Q39027,1.0,{'1': '24-325'},,,1.0,{'1': '31-328'},1.0,{'1': '33-319'},,,4.0,"{'1': '32-319', '2': '67-170', '3': '154-166', '4': '38-62'}",1.0,{'1': '32-319'},,
Q39030,1.0,{'1': '137-464'},,,,,2.0,"{'1': '140-395', '2': '416-456'}",,,4.0,"{'1': '140-395', '2': '396-466', '3': '259-271', '4': '146-169'}",2.0,"{'1': '140-395', '2': '396-458'}",,
Q39033,3.0,"{'1': '14-105', '2': '103-434', '3': '453-580'}",2.0,"{'1': '100-445', '2': '448-581'}",1.0,{'1': '10-580'},4.0,"{'1': '454-553', '2': '105-248', '3': '345-430', '4': '25-89'}",6.0,"{'1': '108-126', '2': '134-154', '3': '232-249', '4': '371-392', '5': '392-410', '6': '547-557'}",2.0,"{'1': '434-563', '2': '346-432'}",3.0,"{'1': '453-561', '2': '103-248', '3': '316-433'}",,
Q39043,4.0,"{'1': '418-574', '2': '568-651', '3': '36-219', '4': '222-413'}",2.0,"{'1': '415-556', '2': '557-655'}",1.0,{'1': '37-607'},1.0,{'1': '37-644'},,,3.0,"{'1': '40-47', '2': '228-241', '3': '365-379'}",,,,
Q39048,,,2.0,"{'1': '5-208', '2': '234-417'}",1.0,{'1': '14-393'},,,,,,,,,,
Q39050,1.0,{'1': '10-296'},,,1.0,{'1': '12-394'},1.0,{'1': '16-235'},,,3.0,"{'1': '15-284', '2': '130-142', '3': '21-44'}",1.0,{'1': '15-293'},,
Q39054,4.0,"{'1': '14-189', '2': '191-348', '3': '467-624', '4': '353-435'}",3.0,"{'1': '190-346', '2': '458-641', '3': '354-442'}",1.0,{'1': '14-435'},4.0,"{'1': '194-342', '2': '470-618', '3': '17-181', '4': '356-431'}",,,2.0,"{'1': '535-548', '2': '269-302'}",2.0,"{'1': '194-343', '2': '470-619'}",2.0,"{'1': '193-339', '2': '467-613'}"
Q39067,2.0,"{'1': '174-309', '2': '311-430'}",,,1.0,{'1': '142-417'},2.0,"{'1': '312-428', '2': '185-310'}",,,1.0,{'1': '214-245'},3.0,"{'1': '312-429', '2': '219-303', '3': '316-398'}",,
Q39069,2.0,"{'1': '152-286', '2': '288-407'}",,,1.0,{'1': '125-384'},2.0,"{'1': '289-405', '2': '163-287'}",,,1.0,{'1': '191-222'},3.0,"{'1': '289-406', '2': '196-280', '3': '293-375'}",,
Q39070,2.0,"{'1': '164-300', '2': '303-418'}",,,1.0,{'1': '140-408'},2.0,"{'1': '303-417', '2': '175-301'}",,,1.0,{'1': '205-236'},3.0,"{'1': '303-420', '2': '210-294', '3': '307-389'}",,
Q39085,1.0,{'1': '107-231'},1.0,{'1': '113-232'},1.0,{'1': '1-550'},1.0,{'1': '110-199'},,,1.0,{'1': '49-232'},,,,
Q39090,2.0,"{'1': '111-398', '2': '45-112'}",1.0,{'1': '100-403'},1.0,{'1': '38-423'},2.0,"{'1': '47-86', '2': '152-343'}",,,1.0,{'1': '44-90'},1.0,{'1': '50-90'},,
Q39099,1.0,{'1': '34-294'},,,1.0,{'1': '24-290'},2.0,"{'1': '36-215', '2': '245-290'}",3.0,"{'1': '67-85', '2': '125-138', '3': '143-160'}",2.0,"{'1': '26-223', '2': '109-119'}",,,,
Q39102,2.0,"{'1': '259-502', '2': '512-706'}",2.0,"{'1': '249-431', '2': '508-711'}",,,3.0,"{'1': '512-704', '2': '298-430', '3': '453-496'}",,,1.0,{'1': '401-419'},1.0,{'1': '294-433'},1.0,{'1': '129-701'}
Q39119,,,1.0,{'1': '354-481'},1.0,{'1': '14-478'},2.0,"{'1': '59-330', '2': '381-477'}",5.0,"{'1': '60-84', '2': '85-114', '3': '132-147', '4': '160-179', '5': '209-225'}",,,,,,
Q39128,1.0,{'1': '304-497'},1.0,{'1': '371-505'},1.0,{'1': '24-502'},3.0,"{'1': '397-481', '2': '59-306', '3': '611-674'}",6.0,"{'1': '72-79', '2': '95-105', '3': '106-115', '4': '247-264', '5': '273-284', '6': '291-300'}",2.0,"{'1': '377-496', '2': '612-677'}",1.0,{'1': '377-494'},,
Q39141,,,,,1.0,{'1': '1-265'},1.0,{'1': '64-231'},,,,,,,,
Q39161,4.0,"{'1': '46-197', '2': '334-470', '3': '198-354', '4': '459-570'}",2.0,"{'1': '190-375', '2': '455-585'}",1.0,{'1': '3-586'},4.0,"{'1': '123-188', '2': '381-443', '3': '198-355', '4': '461-570'}",2.0,"{'1': '459-477', '2': '503-521'}",1.0,{'1': '503-519'},,,,
Q39165,,,,,1.0,{'1': '44-173'},1.0,{'1': '52-164'},,,,,,,,
Q39189,2.0,"{'1': '174-453', '2': '534-611'}",2.0,"{'1': '9-312', '2': '325-548'}",1.0,{'1': '20-657'},4.0,"{'1': '340-441', '2': '121-297', '3': '530-626', '4': '475-527'}",,,3.0,"{'1': '253-261', '2': '339-479', '3': '127-309'}",2.0,"{'1': '360-441', '2': '115-327'}",,
Q39190,1.0,{'1': '155-456'},1.0,{'1': '145-479'},1.0,{'1': '11-478'},6.0,"{'1': '161-198', '2': '204-240', '3': '245-282', '4': '291-323', '5': '327-359', '6': '429-455'}",3.0,"{'1': '185-199', '2': '269-283', '3': '310-324'}",6.0,"{'1': '166-207', '2': '208-249', '3': '250-291', '4': '291-332', '5': '269-283', '6': '310-324'}",7.0,"{'1': '159-198', '2': '201-240', '3': '243-282', '4': '285-323', '5': '326-364', '6': '368-406', '7': '418-456'}",,
Q39191,1.0,{'1': '392-680'},,,1.0,{'1': '27-687'},3.0,"{'1': '413-679', '2': '32-84', '3': '282-327'}",,,6.0,"{'1': '303-314', '2': '409-692', '3': '234-281', '4': '282-324', '5': '530-542', '6': '282-312'}",5.0,"{'1': '409-682', '2': '237-281', '3': '285-328', '4': '238-281', '5': '282-328'}",,
Q39192,1.0,{'1': '10-311'},,,,,1.0,{'1': '23-279'},,,3.0,"{'1': '23-279', '2': '138-150', '3': '29-52'}",1.0,{'1': '23-279'},,
Q39193,1.0,{'1': '14-313'},,,,,1.0,{'1': '22-278'},,,3.0,"{'1': '22-278', '2': '137-149', '3': '28-51'}",1.0,{'1': '22-278'},,
Q39195,,,,,1.0,{'1': '1-102'},,,,,,,,,,
Q39196,1.0,{'1': '46-279'},1.0,{'1': '38-286'},1.0,{'1': '12-282'},1.0,{'1': '45-274'},6.0,"{'1': '53-72', '2': '95-119', '3': '132-151', '4': '181-199', '5': '217-239', '6': '257-277'}",1.0,{'1': '113-121'},,,1.0,{'1': '57-274'}
Q39204,1.0,{'1': '447-514'},1.0,{'1': '440-527'},1.0,{'1': '22-621'},3.0,"{'1': '452-498', '2': '68-252', '3': '547-606'}",,,1.0,{'1': '448-497'},1.0,{'1': '454-503'},,
Q39211,2.0,"{'1': '10-301', '2': '46-182'}",2.0,"{'1': '12-292', '2': '47-178'}",1.0,{'1': '4-317'},2.0,"{'1': '58-179', '2': '23-293'}",,,1.0,{'1': '35-75'},1.0,{'1': '21-299'},,
Q39212,2.0,"{'1': '10-300', '2': '46-182'}",2.0,"{'1': '12-292', '2': '47-178'}",1.0,{'1': '4-317'},2.0,"{'1': '58-179', '2': '23-293'}",,,1.0,{'1': '35-75'},1.0,{'1': '21-299'},,
Q39214,1.0,{'1': '157-438'},4.0,"{'1': '154-323', '2': '550-901', '3': '424-514', '4': '335-423'}",1.0,{'1': '31-844'},4.0,"{'1': '177-354', '2': '6-93', '3': '561-881', '4': '440-511'}",,,,,,,,
Q39218,1.0,{'1': '125-361'},1.0,{'1': '110-258'},,,2.0,"{'1': '309-343', '2': '125-229'}",,,1.0,{'1': '318-346'},1.0,{'1': '125-229'},1.0,{'1': '198-358'}
Q39219,,,1.0,{'1': '108-351'},1.0,{'1': '39-354'},1.0,{'1': '144-335'},,,,,,,,
Q39227,1.0,{'1': '77-354'},1.0,{'1': '44-312'},,,2.0,"{'1': '128-224', '2': '291-355'}",,,1.0,{'1': '77-354'},,,,
Q39228,1.0,{'1': '19-484'},1.0,{'1': '15-490'},1.0,{'1': '14-496'},1.0,{'1': '27-487'},5.0,"{'1': '34-44', '2': '136-155', '3': '293-303', '4': '389-410', '5': '412-424'}",3.0,"{'1': '337-354', '2': '141-166', '3': '26-476'}",,,1.0,{'1': '16-483'}
Q39231,1.0,{'1': '27-498'},1.0,{'1': '28-251'},,,1.0,{'1': '38-451'},,,,,,,1.0,{'1': '29-500'}
Q39232,1.0,{'1': '31-500'},1.0,{'1': '26-507'},,,1.0,{'1': '39-453'},,,,,,,1.0,{'1': '29-501'}
Q39250,,,1.0,{'1': '1-139'},1.0,{'1': '2-138'},1.0,{'1': '7-138'},,,1.0,{'1': '5-139'},1.0,{'1': '12-139'},,
Q39253,,,2.0,"{'1': '126-267', '2': '278-432'}",1.0,{'1': '33-434'},2.0,"{'1': '96-257', '2': '288-431'}",,,,,,,1.0,{'1': '81-431'}
Q39254,,,2.0,"{'1': '128-266', '2': '275-432'}",1.0,{'1': '31-436'},2.0,"{'1': '99-254', '2': '289-430'}",,,,,,,1.0,{'1': '80-431'}
Q39255,2.0,"{'1': '5-64', '2': '83-158'}",1.0,{'1': '1-160'},1.0,{'1': '1-155'},2.0,"{'1': '111-158', '2': '4-63'}",,,,,1.0,{'1': '3-110'},,
Q39264,1.0,{'1': '58-87'},,,1.0,{'1': '7-208'},1.0,{'1': '59-85'},,,2.0,"{'1': '62-82', '2': '60-87'}",,,,
Q3E7T8,4.0,"{'1': '1-76', '2': '76-152', '3': '152-228', '4': '228-304'}",,,1.0,{'1': '153-230'},4.0,"{'1': '3-74', '2': '79-150', '3': '155-226', '4': '231-302'}",3.0,"{'1': '11-31', '2': '32-52', '3': '53-74'}",8.0,"{'1': '1-76', '2': '77-152', '3': '153-228', '4': '229-304', '5': '27-52', '6': '103-128', '7': '179-204', '8': '255-280'}",4.0,"{'1': '1-72', '2': '77-148', '3': '153-224', '4': '229-300'}",,
Q3E870,,,,,1.0,{'1': '1-97'},1.0,{'1': '1-86'},,,,,,,,
Q3EBD3,2.0,"{'1': '94-319', '2': '258-468'}",2.0,"{'1': '79-320', '2': '321-496'}",,,3.0,"{'1': '342-453', '2': '28-55', '3': '134-307'}",,,3.0,"{'1': '342-492', '2': '141-318', '3': '110-138'}",2.0,"{'1': '371-453', '2': '129-333'}",,
Q3EBL9,1.0,{'1': '150-205'},1.0,{'1': '141-209'},,,1.0,{'1': '63-207'},,,1.0,{'1': '137-218'},,,,
Q3EC60,2.0,"{'1': '2-167', '2': '146-302'}",3.0,"{'1': '1-141', '2': '145-223', '3': '224-311'}",1.0,{'1': '3-216'},2.0,"{'1': '190-290', '2': '22-136'}",,,2.0,"{'1': '126-290', '2': '1-132'}",2.0,"{'1': '74-296', '2': '1-136'}",,
Q3ECW2,2.0,"{'1': '88-227', '2': '230-354'}",,,1.0,{'1': '67-345'},2.0,"{'1': '230-352', '2': '98-227'}",,,1.0,{'1': '131-162'},3.0,"{'1': '230-353', '2': '136-221', '3': '234-322'}",,
Q3S4A7,4.0,"{'1': '776-921', '2': '209-320', '3': '361-431', '4': '420-612'}",1.0,{'1': '432-617'},,,3.0,"{'1': '780-847', '2': '477-612', '3': '368-431'}",3.0,"{'1': '539-553', '2': '574-592', '3': '598-611'}",2.0,"{'1': '779-921', '2': '373-614'}",3.0,"{'1': '778-917', '2': '477-614', '3': '366-431'}",,
Q41931,,,1.0,{'1': '5-317'},1.0,{'1': '5-285'},2.0,"{'1': '8-100', '2': '162-256'}",,,1.0,{'1': '156-256'},,,,
Q41932,1.0,{'1': '119-229'},1.0,{'1': '83-230'},1.0,{'1': '44-229'},1.0,{'1': '1-230'},,,,,,,,
Q41951,1.0,{'1': '14-243'},1.0,{'1': '2-250'},1.0,{'1': '4-242'},1.0,{'1': '14-232'},6.0,"{'1': '19-38', '2': '63-87', '3': '100-119', '4': '145-163', '5': '178-200', '6': '215-235'}",1.0,{'1': '81-89'},,,1.0,{'1': '23-232'}
Q41963,1.0,{'1': '14-242'},1.0,{'1': '5-253'},1.0,{'1': '6-248'},1.0,{'1': '17-235'},6.0,"{'1': '22-41', '2': '66-90', '3': '103-122', '4': '148-166', '5': '181-203', '6': '218-238'}",1.0,{'1': '84-92'},,,,
Q42029,1.0,{'1': '94-262'},,,,,1.0,{'1': '94-262'},,,,,,,,
Q42044,1.0,{'1': '55-133'},1.0,{'1': '49-134'},1.0,{'1': '9-133'},1.0,{'1': '51-134'},,,,,1.0,{'1': '52-133'},,
Q42134,1.0,{'1': '7-234'},1.0,{'1': '1-237'},1.0,{'1': '12-233'},2.0,"{'1': '8-30', '2': '32-218'}",,,2.0,"{'1': '8-30', '2': '23-234'}",1.0,{'1': '8-30'},,
Q42139,,,,,1.0,{'1': '70-218'},1.0,{'1': '88-217'},,,,,,,,
Q42262,,,,,,,1.0,{'1': '16-221'},,,1.0,{'1': '61-73'},1.0,{'1': '15-221'},,
Q42290,2.0,"{'1': '93-300', '2': '321-520'}",,,1.0,{'1': '83-517'},2.0,"{'1': '260-446', '2': '107-254'}",,,1.0,{'1': '128-151'},,,,
Q42342,1.0,{'1': '4-93'},1.0,{'1': '1-86'},1.0,{'1': '3-130'},1.0,{'1': '10-80'},4.0,"{'1': '30-40', '2': '40-54', '3': '55-62', '4': '68-80'}",2.0,"{'1': '5-81', '2': '36-43'}",1.0,{'1': '8-81'},,
Q42344,1.0,{'1': '23-109'},1.0,{'1': '19-123'},1.0,{'1': '1-133'},1.0,{'1': '35-104'},,,1.0,{'1': '35-104'},1.0,{'1': '34-105'},,
Q42347,,,1.0,{'1': '3-64'},1.0,{'1': '4-153'},1.0,{'1': '3-67'},,,1.0,{'1': '10-27'},1.0,{'1': '8-46'},,
Q42351,,,1.0,{'1': '39-120'},1.0,{'1': '1-115'},1.0,{'1': '1-96'},4.0,"{'1': '13-26', '2': '26-43', '3': '44-54', '4': '66-88'}",1.0,{'1': '15-28'},,,,
Q42371,1.0,{'1': '626-914'},3.0,"{'1': '23-186', '2': '187-297', '3': '298-571'}",1.0,{'1': '162-914'},12.0,"{'1': '651-911', '2': '93-115', '3': '214-235', '4': '239-258', '5': '285-306', '6': '310-330', '7': '332-354', '8': '523-540', '9': '117-176', '10': '373-415', '11': '428-487', '12': '24-63'}",,,5.0,"{'1': '648-918', '2': '165-187', '3': '428-449', '4': '769-781', '5': '654-676'}",9.0,"{'1': '648-919', '2': '91-115', '3': '163-187', '4': '211-235', '5': '282-306', '6': '330-354', '7': '426-449', '8': '450-473', '9': '474-498'}",,
Q42374,1.0,{'1': '44-267'},,,1.0,{'1': '39-295'},2.0,"{'1': '248-300', '2': '42-200'}",,,2.0,"{'1': '212-274', '2': '218-258'}",2.0,"{'1': '207-274', '2': '40-162'}",,
Q42384,1.0,{'1': '161-463'},1.0,{'1': '153-486'},1.0,{'1': '14-485'},7.0,"{'1': '167-204', '2': '210-246', '3': '251-288', '4': '295-330', '5': '334-367', '6': '382-413', '7': '435-462'}",3.0,"{'1': '191-205', '2': '275-289', '3': '317-331'}",7.0,"{'1': '172-213', '2': '214-255', '3': '256-297', '4': '298-339', '5': '382-422', '6': '275-289', '7': '317-331'}",7.0,"{'1': '165-204', '2': '207-246', '3': '249-288', '4': '291-330', '5': '333-371', '6': '375-413', '7': '425-463'}",,
Q42403,1.0,{'1': '5-112'},,,1.0,{'1': '7-109'},1.0,{'1': '9-109'},,,2.0,"{'1': '1-113', '2': '31-49'}",,,,
Q42404,1.0,{'1': '126-239'},1.0,{'1': '125-243'},1.0,{'1': '61-349'},2.0,"{'1': '140-209', '2': '41-129'}",,,1.0,{'1': '138-216'},1.0,{'1': '139-212'},,
Q42406,1.0,{'1': '2-171'},1.0,{'1': '1-172'},,,1.0,{'1': '8-169'},5.0,"{'1': '24-39', '2': '60-72', '3': '103-118', '4': '118-130', '5': '131-146'}",2.0,"{'1': '7-170', '2': '55-72'}",,,,
Q42438,2.0,"{'1': '57-323', '2': '339-509'}",,,1.0,{'1': '45-489'},3.0,"{'1': '57-315', '2': '363-422', '3': '434-497'}",,,10.0,"{'1': '57-315', '2': '358-393', '3': '395-430', '4': '431-466', '5': '467-502', '6': '177-189', '7': '63-86', '8': '408-420', '9': '444-456', '10': '480-492'}",5.0,"{'1': '57-315', '2': '362-390', '3': '399-427', '4': '435-463', '5': '471-499'}",,
Q42479,2.0,"{'1': '76-343', '2': '375-516'}",,,1.0,{'1': '74-508'},3.0,"{'1': '78-336', '2': '384-444', '3': '453-516'}",,,10.0,"{'1': '78-336', '2': '379-414', '3': '415-450', '4': '451-485', '5': '486-521', '6': '198-210', '7': '84-107', '8': '392-404', '9': '428-440', '10': '499-511'}",5.0,"{'1': '78-336', '2': '383-411', '3': '419-447', '4': '455-483', '5': '490-518'}",,
Q42484,1.0,{'1': '150-411'},5.0,"{'1': '142-308', '2': '483-652', '3': '659-880', '4': '396-480', '5': '309-395'}",1.0,{'1': '16-868'},3.0,"{'1': '159-328', '2': '556-860', '3': '413-478'}",,,,,1.0,{'1': '174-311'},,
Q42510,2.0,"{'1': '353-1358', '2': '559-746'}",1.0,{'1': '638-755'},,,3.0,"{'1': '562-745', '2': '316-476', '3': '1245-1419'}",,,1.0,{'1': '554-743'},1.0,{'1': '558-745'},,
Q42521,1.0,{'1': '15-444'},1.0,{'1': '66-360'},1.0,{'1': '1-502'},1.0,{'1': '33-381'},,,,,,,1.0,{'1': '16-444'}
Q42525,2.0,"{'1': '23-242', '2': '244-490'}",,,1.0,{'1': '10-490'},2.0,"{'1': '41-240', '2': '247-487'}",,,2.0,"{'1': '35-487', '2': '172-197'}",,,,
Q42536,1.0,{'1': '89-372'},,,1.0,{'1': '1-405'},1.0,{'1': '95-238'},3.0,"{'1': '94-111', '2': '169-180', '3': '302-319'}",,,,,1.0,{'1': '91-405'}
Q42538,1.0,{'1': '45-281'},1.0,{'1': '26-178'},,,3.0,"{'1': '229-262', '2': '196-212', '3': '45-149'}",,,1.0,{'1': '238-266'},1.0,{'1': '45-149'},1.0,{'1': '119-278'}
Q42545,2.0,"{'1': '269-384', '2': '74-270'}",2.0,"{'1': '67-282', '2': '283-388'}",1.0,{'1': '36-390'},2.0,"{'1': '75-235', '2': '284-377'}",4.0,"{'1': '160-180', '2': '188-209', '3': '251-273', '4': '274-295'}",3.0,"{'1': '168-174', '2': '106-140', '3': '159-180'}",2.0,"{'1': '75-267', '2': '269-386'}",1.0,{'1': '64-385'}
Q42551,1.0,{'1': '4-156'},1.0,{'1': '1-158'},1.0,{'1': '5-149'},1.0,{'1': '9-151'},,,2.0,"{'1': '5-158', '2': '83-98'}",,,,
Q42564,1.0,{'1': '12-252'},,,1.0,{'1': '7-247'},1.0,{'1': '18-224'},15.0,"{'1': '31-45', '2': '89-106', '3': '107-119', '4': '152-167', '5': '176-191', '6': '10-30', '7': '31-46', '8': '49-59', '9': '63-87', '10': '88-106', '11': '107-119', '12': '128-145', '13': '146-167', '14': '168-192', '15': '220-244'}",3.0,"{'1': '31-287', '2': '152-162', '3': '31-42'}",,,,
Q42581,1.0,{'1': '158-394'},2.0,"{'1': '96-394', '2': '236-379'}",1.0,{'1': '92-402'},2.0,"{'1': '294-402', '2': '93-209'}",,,1.0,{'1': '217-232'},,,1.0,{'1': '94-402'}
Q42583,1.0,{'1': '155-391'},2.0,"{'1': '93-391', '2': '233-376'}",1.0,{'1': '89-399'},2.0,"{'1': '291-399', '2': '90-206'}",,,1.0,{'1': '214-229'},,,1.0,{'1': '91-399'}
Q42589,1.0,{'1': '28-116'},1.0,{'1': '26-118'},1.0,{'1': '5-115'},1.0,{'1': '29-114'},5.0,"{'1': '28-44', '2': '48-62', '3': '69-84', '4': '87-104', '5': '105-116'}",1.0,{'1': '96-117'},1.0,{'1': '29-114'},,
Q42599,,,,,1.0,{'1': '55-222'},1.0,{'1': '122-176'},,,4.0,"{'1': '114-143', '2': '153-182', '3': '123-134', '4': '162-173'}",,,1.0,{'1': '79-200'}
Q42600,1.0,{'1': '32-515'},1.0,{'1': '32-513'},1.0,{'1': '18-520'},1.0,{'1': '41-504'},12.0,"{'1': '319-336', '2': '372-383', '3': '449-458', '4': '458-469', '5': '68-87', '6': '92-113', '7': '308-325', '8': '328-354', '9': '371-389', '10': '411-435', '11': '448-458', '12': '458-481'}",1.0,{'1': '451-460'},,,,
Q42601,4.0,"{'1': '94-218', '2': '647-779', '3': '487-645', '4': '1041-1177'}",3.0,"{'1': '790-859', '2': '496-644', '3': '1042-1179'}",,,6.0,"{'1': '219-426', '2': '777-980', '3': '518-596', '4': '1062-1148', '5': '98-215', '6': '649-773'}",7.0,"{'1': '110-124', '2': '139-149', '3': '260-272', '4': '296-315', '5': '331-348', '6': '389-418', '7': '471-489'}",7.0,"{'1': '256-270', '2': '813-827', '3': '389-396', '4': '944-951', '5': '1042-1183', '6': '224-420', '7': '782-975'}",2.0,"{'1': '515-638', '2': '1061-1148'}",1.0,{'1': '94-1158'}
Q43127,2.0,"{'1': '162-411', '2': '77-160'}",1.0,{'1': '59-161'},1.0,{'1': '65-412'},1.0,{'1': '174-313'},,,4.0,"{'1': '161-430', '2': '77-157', '3': '113-130', '4': '295-311'}",1.0,{'1': '161-409'},,
Q43128,3.0,"{'1': '139-235', '2': '23-851', '3': '331-640'}",2.0,"{'1': '332-630', '2': '347-494'}",,,2.0,"{'1': '25-87', '2': '139-235'}",5.0,"{'1': '451-469', '2': '565-581', '3': '593-609', '4': '624-649', '5': '765-786'}",1.0,{'1': '337-343'},1.0,{'1': '21-93'},3.0,"{'1': '107-353', '2': '568-674', '3': '40-811'}"
Q43291,1.0,{'1': '3-99'},1.0,{'1': '1-98'},1.0,{'1': '1-163'},1.0,{'1': '1-101'},,,1.0,{'1': '37-62'},,,,
Q43314,2.0,"{'1': '176-409', '2': '5-178'}",,,,,2.0,"{'1': '176-408', '2': '33-159'}",4.0,"{'1': '88-102', '2': '167-189', '3': '209-229', '4': '336-347'}",1.0,{'1': '96-109'},1.0,{'1': '178-408'},,
Q43349,2.0,"{'1': '94-209', '2': '201-333'}",2.0,"{'1': '64-186', '2': '218-341'}",1.0,{'1': '32-339'},2.0,"{'1': '101-171', '2': '259-329'}",,,2.0,"{'1': '99-177', '2': '257-335'}",2.0,"{'1': '100-173', '2': '258-331'}",,
Q43386,1.0,{'1': '19-98'},1.0,{'1': '21-115'},,,1.0,{'1': '24-85'},6.0,"{'1': '95-107', '2': '130-141', '3': '144-163', '4': '97-107', '5': '128-139', '6': '153-163'}",1.0,{'1': '22-91'},5.0,"{'1': '20-86', '2': '97-109', '3': '130-142', '4': '155-167', '5': '185-197'}",,
Q43725,1.0,{'1': '112-422'},2.0,"{'1': '119-412', '2': '155-257'}",1.0,{'1': '113-422'},1.0,{'1': '117-404'},,,1.0,{'1': '143-161'},,,2.0,"{'1': '118-416', '2': '118-416'}"
Q43727,1.0,{'1': '88-276'},,,1.0,{'1': '76-569'},2.0,"{'1': '95-273', '2': '276-570'}",5.0,"{'1': '229-242', '2': '253-281', '3': '305-322', '4': '323-339', '5': '410-436'}",1.0,{'1': '263-269'},,,1.0,{'1': '92-571'}
Q4F883,1.0,{'1': '124-204'},1.0,{'1': '61-209'},1.0,{'1': '274-535'},2.0,"{'1': '109-202', '2': '306-518'}",,,,,,,,
Q4V3C1,,,,,1.0,{'1': '2-524'},,,,,,,,,,
Q4V3D3,2.0,"{'1': '4-43', '2': '377-464'}",,,1.0,{'1': '10-466'},3.0,"{'1': '386-466', '2': '189-203', '3': '232-245'}",,,3.0,"{'1': '386-464', '2': '188-207', '3': '231-250'}",3.0,"{'1': '383-467', '2': '188-207', '3': '231-250'}",,
Q4V3D6,1.0,{'1': '31-172'},1.0,{'1': '39-155'},1.0,{'1': '1-461'},1.0,{'1': '9-184'},,,,,,,,
Q4V3E2,1.0,{'1': '48-186'},1.0,{'1': '162-326'},1.0,{'1': '48-320'},2.0,"{'1': '147-317', '2': '52-116'}",,,,,2.0,"{'1': '52-119', '2': '50-132'}",,
Q501D5,,,,,1.0,{'1': '4-588'},1.0,{'1': '44-588'},,,,,,,,
Q501F9,1.0,{'1': '39-346'},1.0,{'1': '29-352'},1.0,{'1': '36-343'},1.0,{'1': '47-313'},,,2.0,"{'1': '72-80', '2': '35-344'}",2.0,"{'1': '51-344', '2': '24-342'}",,
Q52T38,1.0,{'1': '35-252'},1.0,{'1': '3-285'},,,3.0,"{'1': '371-498', '2': '37-128', '3': '136-222'}",,,4.0,"{'1': '64-96', '2': '97-129', '3': '164-196', '4': '197-221'}",7.0,"{'1': '30-60', '2': '64-93', '3': '97-126', '4': '130-160', '5': '164-196', '6': '197-228', '7': '232-261'}",,
Q56WD9,2.0,"{'1': '44-309', '2': '317-438'}",1.0,{'1': '47-462'},1.0,{'1': '45-440'},2.0,"{'1': '52-307', '2': '316-438'}",,,3.0,"{'1': '420-433', '2': '383-399', '3': '134-152'}",,,1.0,{'1': '54-437'}
Q56WH4,,,,,,,1.0,{'1': '3-91'},,,,,,,,
Q56WK6,3.0,"{'1': '90-295', '2': '491-570', '3': '305-466'}",1.0,{'1': '289-478'},1.0,{'1': '126-572'},3.0,"{'1': '304-462', '2': '240-279', '3': '480-564'}",,,2.0,"{'1': '295-468', '2': '471-572'}",2.0,"{'1': '299-465', '2': '255-280'}",,
Q56WN1,2.0,"{'1': '103-352', '2': '13-102'}",1.0,{'1': '1-103'},1.0,{'1': '5-354'},2.0,"{'1': '126-254', '2': '48-97'}",,,4.0,"{'1': '106-356', '2': '19-99', '3': '55-72', '4': '237-253'}",1.0,{'1': '103-351'},,
Q56XG6,1.0,{'1': '115-402'},2.0,"{'1': '42-258', '2': '259-426'}",,,2.0,"{'1': '275-383', '2': '71-236'}",,,3.0,"{'1': '278-423', '2': '77-250', '3': '46-74'}",2.0,"{'1': '302-383', '2': '65-266'}",,
Q56XM9,2.0,"{'1': '334-449', '2': '11-191'}",1.0,{'1': '32-188'},,,2.0,"{'1': '200-332', '2': '12-194'}",,,,,,,,
Q56XU4,,,,,,,,,,,1.0,{'1': '357-385'},,,,
Q56Y52,2.0,"{'1': '10-146', '2': '171-267'}",1.0,{'1': '10-152'},1.0,{'1': '8-465'},2.0,"{'1': '12-143', '2': '322-451'}",,,,,1.0,{'1': '10-145'},,
Q56Y74,1.0,{'1': '129-329'},1.0,{'1': '111-320'},1.0,{'1': '58-660'},1.0,{'1': '353-491'},,,,,,,,
Q56YA5,1.0,{'1': '8-375'},2.0,"{'1': '21-269', '2': '16-386'}",,,1.0,{'1': '45-297'},,,1.0,{'1': '192-212'},,,,
Q56YJ8,1.0,{'1': '194-259'},1.0,{'1': '172-259'},1.0,{'1': '21-393'},2.0,"{'1': '195-246', '2': '317-393'}",,,1.0,{'1': '194-245'},1.0,{'1': '200-251'},,
Q56YP2,,,2.0,"{'1': '522-748', '2': '340-521'}",1.0,{'1': '90-748'},8.0,"{'1': '438-747', '2': '81-103', '3': '104-125', '4': '127-149', '5': '150-171', '6': '173-194', '7': '196-218', '8': '219-240'}",,,1.0,{'1': '349-748'},8.0,"{'1': '380-749', '2': '79-100', '3': '102-123', '4': '125-146', '5': '148-169', '6': '171-192', '7': '194-215', '8': '217-238'}",,
Q56YW9,2.0,"{'1': '244-429', '2': '1-243'}",3.0,"{'1': '374-430', '2': '1-262', '3': '263-373'}",1.0,{'1': '3-426'},2.0,"{'1': '3-211', '2': '261-382'}",22.0,"{'1': '10-30', '2': '51-70', '3': '93-104', '4': '106-130', '5': '132-150', '6': '151-172', '7': '176-189', '8': '190-210', '9': '370-398', '10': '41-58', '11': '88-99', '12': '108-126', '13': '152-164', '14': '212-224', '15': '230-239', '16': '245-258', '17': '265-281', '18': '311-329', '19': '329-343', '20': '347-370', '21': '377-388', '22': '412-430'}",2.0,"{'1': '1-4', '2': '140-146'}",2.0,"{'1': '47-244', '2': '246-383'}",,
Q56Z59,3.0,"{'1': '115-204', '2': '387-484', '3': '212-380'}",1.0,{'1': '111-390'},1.0,{'1': '74-489'},3.0,"{'1': '211-371', '2': '127-187', '3': '395-479'}",,,2.0,"{'1': '202-377', '2': '353-487'}",2.0,"{'1': '207-374', '2': '163-188'}",,
Q56ZN6,,,,,1.0,{'1': '92-801'},1.0,{'1': '76-797'},,,,,,,1.0,{'1': '70-801'}
Q570C0,1.0,{'1': '4-42'},1.0,{'1': '46-576'},,,2.0,"{'1': '66-112', '2': '8-46'}",,,,,7.0,"{'1': '9-50', '2': '129-154', '3': '155-192', '4': '313-336', '5': '371-395', '6': '431-454', '7': '480-504'}",,
Q570R7,1.0,{'1': '169-236'},1.0,{'1': '161-225'},1.0,{'1': '6-356'},1.0,{'1': '171-216'},,,1.0,{'1': '166-215'},1.0,{'1': '172-221'},,
Q58G47,,,,,1.0,{'1': '50-287'},2.0,"{'1': '143-175', '2': '259-284'}",,,1.0,{'1': '141-176'},1.0,{'1': '141-176'},,
Q5CCK4,1.0,{'1': '283-386'},1.0,{'1': '260-391'},,,3.0,"{'1': '286-384', '2': '520-562', '3': '51-98'}",,,2.0,"{'1': '286-387', '2': '515-565'}",1.0,{'1': '286-386'},,
Q5D869,,,2.0,"{'1': '483-618', '2': '4-122'}",1.0,{'1': '19-1231'},3.0,"{'1': '321-475', '2': '478-624', '3': '748-1171'}",,,,,1.0,{'1': '204-503'},,
Q5GM68,1.0,{'1': '33-963'},,,1.0,{'1': '4-963'},1.0,{'1': '34-963'},7.0,"{'1': '167-180', '2': '220-236', '3': '280-295', '4': '439-459', '5': '588-608', '6': '630-659', '7': '762-788'}",2.0,"{'1': '168-179', '2': '590-602'}",,,,
Q5HZ54,1.0,{'1': '55-90'},,,1.0,{'1': '4-98'},,,,,,,,,,
Q5M755,,,,,1.0,{'1': '44-269'},1.0,{'1': '85-267'},,,,,,,,
Q5PP23,,,1.0,{'1': '497-562'},1.0,{'1': '179-561'},2.0,"{'1': '511-556', '2': '256-490'}",,,1.0,{'1': '512-556'},2.0,"{'1': '512-555', '2': '511-556'}",,
Q5S1W2,3.0,"{'1': '54-168', '2': '199-292', '3': '343-525'}",2.0,"{'1': '52-196', '2': '198-320'}",1.0,{'1': '31-581'},3.0,"{'1': '54-158', '2': '199-293', '3': '363-578'}",,,3.0,"{'1': '25-164', '2': '176-303', '3': '344-563'}",3.0,"{'1': '52-161', '2': '194-298', '3': '342-539'}",,
Q5W7F2,3.0,"{'1': '6-315', '2': '655-816', '3': '502-638'}",4.0,"{'1': '285-442', '2': '4-251', '3': '701-825', '4': '480-644'}",1.0,{'1': '4-819'},4.0,"{'1': '503-593', '2': '294-429', '3': '733-817', '4': '6-235'}",3.0,"{'1': '513-532', '2': '532-549', '3': '555-576'}",4.0,"{'1': '501-643', '2': '292-430', '3': '728-760', '4': '761-793'}",6.0,"{'1': '501-643', '2': '293-432', '3': '728-757', '4': '761-790', '5': '794-826', '6': '11-218'}",,
Q5XEM9,1.0,{'1': '195-257'},1.0,{'1': '196-255'},1.0,{'1': '9-259'},2.0,"{'1': '207-253', '2': '12-139'}",,,2.0,"{'1': '207-253', '2': '204-256'}",1.0,{'1': '206-254'},,
Q5XEP2,3.0,"{'1': '2-114', '2': '242-370', '3': '383-494'}",3.0,"{'1': '1-116', '2': '241-374', '3': '382-495'}",,,4.0,"{'1': '71-103', '2': '451-483', '3': '135-187', '4': '512-564'}",,,6.0,"{'1': '2-35', '2': '70-103', '3': '243-276', '4': '382-415', '5': '416-449', '6': '450-483'}",11.0,"{'1': '134-173', '2': '520-559', '3': '2-35', '4': '36-69', '5': '70-103', '6': '243-276', '7': '277-310', '8': '318-355', '9': '382-415', '10': '416-449', '11': '450-483'}",,
Q5XPJ9,,,,,1.0,{'1': '1-1398'},,,,,1.0,{'1': '1335-1353'},,,,
Q5YDB6,1.0,{'1': '150-401'},1.0,{'1': '148-409'},1.0,{'1': '52-803'},3.0,"{'1': '263-371', '2': '749-790', '3': '858-921'}",,,3.0,"{'1': '151-401', '2': '755-792', '3': '855-925'}",3.0,"{'1': '210-386', '2': '727-791', '3': '856-924'}",,
Q66GR3,1.0,{'1': '288-347'},1.0,{'1': '286-359'},1.0,{'1': '119-354'},1.0,{'1': '291-336'},,,1.0,{'1': '285-335'},1.0,{'1': '291-341'},,
Q67XG0,1.0,{'1': '26-145'},1.0,{'1': '1-151'},1.0,{'1': '1-174'},1.0,{'1': '26-142'},,,,,,,,
Q67Y93,,,1.0,{'1': '124-191'},1.0,{'1': '13-190'},1.0,{'1': '146-190'},,,,,,,,
Q67Z93,,,,,,,1.0,{'1': '138-311'},,,,,,,,
Q67ZF6,,,,,1.0,{'1': '18-219'},1.0,{'1': '56-187'},,,1.0,{'1': '20-219'},1.0,{'1': '56-182'},,
Q680A5,2.0,"{'1': '29-173', '2': '194-335'}",2.0,"{'1': '28-176', '2': '179-319'}",1.0,{'1': '27-336'},2.0,"{'1': '228-281', '2': '30-141'}",,,,,,,,
Q680D9,2.0,"{'1': '13-115', '2': '180-268'}",2.0,"{'1': '10-115', '2': '166-281'}",1.0,{'1': '14-265'},1.0,{'1': '31-113'},,,1.0,{'1': '20-114'},2.0,"{'1': '19-114', '2': '187-282'}",,
Q681K2,1.0,{'1': '44-155'},,,,,1.0,{'1': '36-158'},,,,,,,,
Q68KI4,,,,,1.0,{'1': '13-514'},1.0,{'1': '28-439'},4.0,"{'1': '81-92', '2': '95-109', '3': '110-118', '4': '150-160'}",,,,,1.0,{'1': '21-455'}
Q6A329,1.0,{'1': '33-491'},1.0,{'1': '27-490'},,,,,,,,,,,1.0,{'1': '29-492'}
Q6AWX6,,,,,1.0,{'1': '1-818'},,,,,,,,,,
Q6DBG8,,,,,1.0,{'1': '48-391'},1.0,{'1': '57-368'},,,,,,,,
Q6EVK6,3.0,"{'1': '960-1211', '2': '1215-1552', '3': '1947-2009'}",3.0,"{'1': '1221-1431', '2': '1895-2020', '3': '972-1220'}",,,2.0,"{'1': '984-1288', '2': '1309-1422'}",,,3.0,"{'1': '1312-1489', '2': '993-1158', '3': '463-499'}",4.0,"{'1': '1900-2007', '2': '1338-1422', '3': '977-1166', '4': '462-499'}",,
Q6IDB6,1.0,{'1': '7-167'},,,,,1.0,{'1': '8-116'},,,2.0,"{'1': '7-135', '2': '58-104'}",,,,
Q6IDS6,1.0,{'1': '4-26'},1.0,{'1': '144-253'},1.0,{'1': '5-293'},3.0,"{'1': '34-54', '2': '170-227', '3': '6-26'}",,,6.0,"{'1': '1-28', '2': '29-56', '3': '101-128', '4': '257-286', '5': '170-228', '6': '194-203'}",5.0,"{'1': '2-27', '2': '30-55', '3': '101-127', '4': '257-285', '5': '170-227'}",,
Q6NLH0,,,,,1.0,{'1': '1-114'},2.0,"{'1': '75-113', '2': '4-36'}",,,2.0,"{'1': '72-113', '2': '6-32'}",2.0,"{'1': '74-114', '2': '5-58'}",,
Q6NLQ6,2.0,"{'1': '61-329', '2': '350-527'}",,,1.0,{'1': '57-493'},3.0,"{'1': '63-321', '2': '369-427', '3': '439-501'}",,,9.0,"{'1': '63-321', '2': '364-399', '3': '400-435', '4': '436-470', '5': '471-506', '6': '183-195', '7': '69-96', '8': '413-425', '9': '484-496'}",5.0,"{'1': '63-321', '2': '368-396', '3': '404-432', '4': '440-468', '5': '475-503'}",,
Q6NMI3,,,,,1.0,{'1': '3-679'},2.0,"{'1': '35-147', '2': '177-678'}",,,,,1.0,{'1': '30-678'},,
Q6NNI8,1.0,{'1': '95-163'},1.0,{'1': '86-164'},1.0,{'1': '16-168'},2.0,"{'1': '111-145', '2': '18-40'}",,,2.0,"{'1': '103-149', '2': '13-47'}",2.0,"{'1': '109-146', '2': '16-40'}",,
Q6NNP0,1.0,{'1': '213-508'},3.0,"{'1': '209-351', '2': '352-441', '3': '442-509'}",1.0,{'1': '2-480'},6.0,"{'1': '216-253', '2': '300-338', '3': '352-379', '4': '383-421', '5': '446-467', '6': '43-168'}",3.0,"{'1': '240-254', '2': '325-339', '3': '366-380'}",9.0,"{'1': '221-262', '2': '263-304', '3': '305-347', '4': '362-388', '5': '389-424', '6': '448-476', '7': '240-254', '8': '325-339', '9': '366-380'}",7.0,"{'1': '214-253', '2': '256-295', '3': '298-338', '4': '341-379', '5': '382-421', '6': '424-467', '7': '470-509'}",,
Q6NPM5,1.0,{'1': '43-155'},,,,,1.0,{'1': '35-158'},,,,,,,,
Q6NPN9,1.0,{'1': '17-343'},1.0,{'1': '18-340'},1.0,{'1': '1-348'},2.0,"{'1': '306-340', '2': '5-280'}",,,,,6.0,"{'1': '55-97', '2': '109-149', '3': '157-196', '4': '199-237', '5': '241-281', '6': '302-342'}",,
Q6NQ72,1.0,{'1': '29-166'},1.0,{'1': '88-168'},1.0,{'1': '5-286'},2.0,"{'1': '96-163', '2': '231-282'}",,,1.0,{'1': '93-170'},2.0,"{'1': '94-166', '2': '208-288'}",,
Q6Q151,2.0,"{'1': '1-179', '2': '230-337'}",2.0,"{'1': '178-323', '2': '1-172'}",1.0,{'1': '1-504'},3.0,"{'1': '245-315', '2': '341-355', '3': '4-160'}",4.0,"{'1': '16-31', '2': '42-54', '3': '92-107', '4': '121-136'}",3.0,"{'1': '243-321', '2': '342-355', '3': '7-161'}",2.0,"{'1': '244-317', '2': '341-357'}",,
Q6Q152,1.0,{'1': '14-186'},1.0,{'1': '2-183'},1.0,{'1': '11-200'},1.0,{'1': '15-168'},5.0,"{'1': '28-43', '2': '54-66', '3': '98-113', '4': '113-125', '5': '126-141'}",2.0,"{'1': '22-159', '2': '49-66'}",,,,
Q6Q4D0,3.0,"{'1': '10-200', '2': '157-285', '3': '369-497'}",4.0,"{'1': '5-157', '2': '158-344', '3': '351-519', '4': '810-1282'}",1.0,{'1': '5-1311'},2.0,"{'1': '1149-1166', '2': '68-101'}",,,,,6.0,"{'1': '26-59', '2': '66-99', '3': '164-197', '4': '207-240', '5': '247-280', '6': '418-451'}",,
Q6R053,1.0,{'1': '93-186'},,,1.0,{'1': '81-209'},,,,,4.0,"{'1': '93-139', '2': '140-190', '3': '88-139', '4': '140-194'}",2.0,"{'1': '92-141', '2': '144-192'}",,
Q6R0H1,1.0,{'1': '18-74'},,,,,1.0,{'1': '24-67'},,,3.0,"{'1': '19-69', '2': '22-73', '3': '19-73'}",1.0,{'1': '23-71'},1.0,{'1': '22-71'}
Q6R2J8,1.0,{'1': '373-669'},1.0,{'1': '27-258'},1.0,{'1': '12-671'},5.0,"{'1': '397-669', '2': '215-235', '3': '97-111', '4': '119-179', '5': '31-70'}",,,1.0,{'1': '395-672'},,,,
Q6S7B0,2.0,"{'1': '341-663', '2': '55-195'}",4.0,"{'1': '250-494', '2': '495-574', '3': '575-665', '4': '41-196'}",,,7.0,"{'1': '350-380', '2': '414-446', '3': '455-488', '4': '493-530', '5': '534-572', '6': '577-614', '7': '61-190'}",3.0,"{'1': '433-447', '2': '517-531', '3': '601-615'}",10.0,"{'1': '348-381', '2': '414-446', '3': '456-497', '4': '498-539', '5': '540-581', '6': '582-623', '7': '367-381', '8': '517-531', '9': '559-573', '10': '601-615'}",6.0,"{'1': '341-380', '2': '406-446', '3': '449-488', '4': '491-530', '5': '533-572', '6': '575-614'}",,
Q6STH5,2.0,"{'1': '177-423', '2': '78-160'}",3.0,"{'1': '171-428', '2': '74-163', '3': '429-519'}",1.0,{'1': '75-456'},3.0,"{'1': '80-153', '2': '448-508', '3': '175-411'}",,,1.0,{'1': '281-297'},,,,
Q6X5Y6,2.0,"{'1': '64-132', '2': '166-227'}",2.0,"{'1': '65-133', '2': '166-227'}",,,2.0,"{'1': '66-123', '2': '166-217'}",2.0,"{'1': '66-77', '2': '207-227'}",2.0,"{'1': '65-131', '2': '167-225'}",2.0,"{'1': '65-137', '2': '167-231'}",,
Q6X7J9,1.0,{'1': '85-153'},,,1.0,{'1': '1-251'},1.0,{'1': '89-148'},,,1.0,{'1': '84-149'},1.0,{'1': '86-153'},,
Q70E96,1.0,{'1': '8-456'},2.0,"{'1': '16-438', '2': '217-420'}",1.0,{'1': '4-475'},1.0,{'1': '3-439'},,,,,,,,
Q710E8,2.0,"{'1': '153-217', '2': '428-671'}",3.0,"{'1': '152-224', '2': '414-614', '3': '106-358'}",1.0,{'1': '273-804'},5.0,"{'1': '247-339', '2': '462-608', '3': '704-795', '4': '166-210', '5': '636-671'}",,,3.0,"{'1': '223-341', '2': '166-210', '3': '163-213'}",3.0,"{'1': '135-341', '2': '165-211', '3': '458-612'}",,
Q76FS5,1.0,{'1': '95-415'},1.0,{'1': '94-416'},,,1.0,{'1': '123-368'},,,2.0,"{'1': '301-313', '2': '179-193'}",,,,
Q7DLR9,1.0,{'1': '26-233'},1.0,{'1': '28-243'},1.0,{'1': '31-212'},1.0,{'1': '30-213'},,,2.0,"{'1': '35-82', '2': '31-213'}",,,,
Q7DLS1,1.0,{'1': '12-228'},1.0,{'1': '40-260'},1.0,{'1': '10-222'},1.0,{'1': '37-217'},4.0,"{'1': '47-62', '2': '167-178', '3': '178-189', '4': '203-214'}",2.0,"{'1': '43-90', '2': '39-217'}",,,,
Q7DMA9,1.0,{'1': '398-533'},4.0,"{'1': '394-548', '2': '3-151', '3': '152-260', '4': '261-385'}",1.0,{'1': '256-552'},4.0,"{'1': '45-144', '2': '170-256', '3': '290-380', '4': '486-511'}",,,3.0,"{'1': '51-147', '2': '291-383', '3': '483-516'}",3.0,"{'1': '400-433', '2': '449-482', '3': '483-516'}",,
Q7G8V2,1.0,{'1': '17-147'},,,1.0,{'1': '18-175'},1.0,{'1': '20-138'},,,1.0,{'1': '19-146'},1.0,{'1': '18-145'},,
Q7XA67,1.0,{'1': '15-230'},1.0,{'1': '1-254'},1.0,{'1': '4-254'},1.0,{'1': '15-243'},,,,,,,,
Q7XA73,,,,,1.0,{'1': '13-277'},2.0,"{'1': '156-184', '2': '232-254'}",,,1.0,{'1': '150-185'},1.0,{'1': '150-185'},,
Q7XA74,,,1.0,{'1': '45-348'},1.0,{'1': '44-361'},1.0,{'1': '53-343'},,,,,,,,
Q7XJ98,,,,,1.0,{'1': '129-534'},1.0,{'1': '151-488'},,,,,,,,
Q7XJM8,,,,,1.0,{'1': '244-635'},1.0,{'1': '270-639'},,,1.0,{'1': '259-639'},,,,
Q7XYY2,,,,,,,1.0,{'1': '3-226'},,,,,,,,
Q7Y175,3.0,"{'1': '4-46', '2': '304-419', '3': '225-316'}",1.0,{'1': '230-293'},,,2.0,"{'1': '344-420', '2': '236-309'}",,,2.0,"{'1': '343-420', '2': '231-295'}",2.0,"{'1': '342-421', '2': '228-321'}",,
Q7Y1C4,4.0,"{'1': '627-755', '2': '757-990', '3': '995-1128', '4': '458-626'}",4.0,"{'1': '627-753', '2': '755-848', '3': '856-993', '4': '994-1151'}",1.0,{'1': '169-1128'},5.0,"{'1': '69-94', '2': '167-193', '3': '261-288', '4': '628-752', '5': '550-624'}",,,2.0,"{'1': '163-197', '2': '257-291'}",,,,
Q84J71,,,3.0,"{'1': '54-224', '2': '225-326', '3': '327-462'}",,,3.0,"{'1': '166-188', '2': '192-242', '3': '282-447'}",,,7.0,"{'1': '158-192', '2': '193-223', '3': '229-263', '4': '264-298', '5': '299-333', '6': '334-368', '7': '369-403'}",,,7.0,"{'1': '163-194', '2': '195-229', '3': '231-265', '4': '267-299', '5': '301-335', '6': '337-369', '7': '371-402'}"
Q84J78,1.0,{'1': '70-175'},1.0,{'1': '70-183'},1.0,{'1': '45-187'},1.0,{'1': '71-174'},,,1.0,{'1': '71-180'},,,,
Q84JF5,2.0,"{'1': '336-480', '2': '100-342'}",1.0,{'1': '362-481'},1.0,{'1': '48-450'},2.0,"{'1': '101-324', '2': '412-464'}",,,1.0,{'1': '80-325'},,,,
Q84JG2,2.0,"{'1': '47-149', '2': '224-283'}",1.0,{'1': '54-140'},,,3.0,"{'1': '225-269', '2': '58-136', '3': '390-462'}",,,4.0,"{'1': '220-270', '2': '48-145', '3': '223-274', '4': '225-262'}",1.0,{'1': '224-272'},,
Q84JI6,2.0,"{'1': '128-282', '2': '297-452'}",,,,,2.0,"{'1': '311-410', '2': '206-295'}",,,2.0,"{'1': '381-416', '2': '394-406'}",,,,
Q84JM4,2.0,"{'1': '357-937', '2': '739-1079'}",4.0,"{'1': '317-537', '2': '559-670', '3': '721-951', '4': '952-1096'}",1.0,{'1': '1-1091'},6.0,"{'1': '446-482', '2': '488-524', '3': '897-932', '4': '164-204', '5': '37-161', '6': '5-34'}",,,6.0,"{'1': '448-484', '2': '592-623', '3': '900-941', '4': '4-36', '5': '34-92', '6': '469-483'}",12.0,"{'1': '333-374', '2': '391-435', '3': '441-482', '4': '484-525', '5': '528-571', '6': '574-614', '7': '850-890', '8': '893-932', '9': '982-1024', '10': '1033-1075', '11': '4-36', '12': '34-92'}",,
Q84JT7,1.0,{'1': '56-139'},1.0,{'1': '54-145'},,,1.0,{'1': '57-131'},,,2.0,"{'1': '358-419', '2': '43-136'}",2.0,"{'1': '360-413', '2': '44-137'}",,
Q84JU6,,,1.0,{'1': '26-100'},1.0,{'1': '1-927'},1.0,{'1': '324-595'},,,,,,,,
Q84JW1,,,,,,,1.0,{'1': '12-221'},,,,,,,,
Q84JZ6,,,1.0,{'1': '91-175'},1.0,{'1': '2-218'},1.0,{'1': '94-183'},,,,,,,,
Q84K16,2.0,"{'1': '734-875', '2': '25-593'}",1.0,{'1': '2-594'},1.0,{'1': '11-864'},2.0,"{'1': '26-579', '2': '760-873'}",,,1.0,{'1': '756-873'},1.0,{'1': '753-873'},,
Q84K25,1.0,{'1': '131-348'},,,1.0,{'1': '2-552'},1.0,{'1': '29-362'},,,,,,,,
Q84L30,4.0,"{'1': '147-198', '2': '315-375', '3': '1-89', '4': '249-314'}",1.0,{'1': '242-309'},,,4.0,"{'1': '3-75', '2': '253-308', '3': '149-186', '4': '333-368'}",4.0,"{'1': '279-301', '2': '327-343', '3': '344-358', '4': '359-374'}",3.0,"{'1': '1-78', '2': '146-189', '3': '330-371'}",4.0,"{'1': '1-74', '2': '251-294', '3': '148-188', '4': '333-370'}",1.0,{'1': '1-376'}
Q84L31,4.0,"{'1': '184-242', '2': '355-417', '3': '1-88', '4': '286-353'}",1.0,{'1': '282-346'},,,4.0,"{'1': '3-76', '2': '290-345', '3': '188-225', '4': '375-410'}",4.0,"{'1': '316-338', '2': '369-385', '3': '386-400', '4': '401-416'}",3.0,"{'1': '1-79', '2': '185-228', '3': '372-413'}",4.0,"{'1': '1-75', '2': '288-331', '3': '187-227', '4': '375-412'}",1.0,{'1': '1-418'}
Q84M92,2.0,"{'1': '5-177', '2': '170-440'}",,,1.0,{'1': '10-435'},1.0,{'1': '4-440'},,,,,1.0,{'1': '7-441'},,
Q84M97,1.0,{'1': '572-631'},1.0,{'1': '582-631'},1.0,{'1': '7-738'},2.0,"{'1': '567-631', '2': '185-324'}",,,,,,,,
Q84MB2,,,,,1.0,{'1': '104-318'},1.0,{'1': '234-266'},,,1.0,{'1': '232-267'},1.0,{'1': '232-267'},,
Q84MB5,1.0,{'1': '79-268'},1.0,{'1': '77-273'},,,1.0,{'1': '118-266'},,,,,,,,
Q84MC7,,,1.0,{'1': '1-187'},1.0,{'1': '31-176'},1.0,{'1': '39-178'},,,,,,,,
Q84RQ7,2.0,"{'1': '86-159', '2': '165-234'}",2.0,"{'1': '81-162', '2': '163-236'}",,,2.0,"{'1': '89-154', '2': '171-232'}",,,,,,,,
Q84TI3,,,,,1.0,{'1': '1-1160'},2.0,"{'1': '1022-1150', '2': '807-930'}",8.0,"{'1': '718-740', '2': '757-772', '3': '772-787', '4': '798-819', '5': '844-864', '6': '917-936', '7': '1057-1077', '8': '1096-1118'}",,,,,,
Q84TI6,1.0,{'1': '20-335'},,,1.0,{'1': '23-339'},1.0,{'1': '25-333'},,,3.0,"{'1': '25-333', '2': '150-162', '3': '31-56'}",1.0,{'1': '25-333'},,
Q84V03,1.0,{'1': '459-505'},,,1.0,{'1': '79-454'},2.0,"{'1': '470-505', '2': '642-753'}",,,,,1.0,{'1': '473-514'},,
Q84VQ3,1.0,{'1': '9-298'},,,,,2.0,"{'1': '13-268', '2': '308-367'}",,,4.0,"{'1': '13-268', '2': '132-144', '3': '19-42', '4': '306-330'}",1.0,{'1': '13-268'},,
Q84VW9,1.0,{'1': '33-968'},,,1.0,{'1': '6-968'},1.0,{'1': '34-968'},7.0,"{'1': '168-181', '2': '221-237', '3': '281-296', '4': '442-462', '5': '592-612', '6': '634-663', '7': '766-792'}",2.0,"{'1': '169-180', '2': '594-606'}",,,,
Q84WJ2,,,,,1.0,{'1': '13-448'},1.0,{'1': '270-438'},,,,,,,,
Q84WK5,,,,,1.0,{'1': '20-224'},2.0,"{'1': '42-68', '2': '79-221'}",,,2.0,"{'1': '40-72', '2': '78-135'}",3.0,"{'1': '40-72', '2': '78-135', '3': '131-227'}",,
Q84WL9,1.0,{'1': '1-136'},,,1.0,{'1': '2-141'},1.0,{'1': '1-141'},,,,,,,,
Q84WU8,2.0,"{'1': '318-564', '2': '574-763'}",2.0,"{'1': '308-491', '2': '576-775'}",1.0,{'1': '67-788'},4.0,"{'1': '573-755', '2': '359-490', '3': '136-246', '4': '520-558'}",,,1.0,{'1': '461-479'},1.0,{'1': '354-493'},1.0,{'1': '140-753'}
Q84WV6,1.0,{'1': '102-289'},1.0,{'1': '85-292'},1.0,{'1': '41-634'},1.0,{'1': '332-470'},,,,,,,,
Q8GRN0,,,,,1.0,{'1': '4-221'},1.0,{'1': '144-190'},,,1.0,{'1': '149-192'},,,,
Q8GTY0,3.0,"{'1': '226-321', '2': '326-430', '3': '3-249'}",1.0,{'1': '1-226'},1.0,{'1': '2-433'},3.0,"{'1': '7-223', '2': '248-313', '3': '327-427'}",5.0,"{'1': '9-22', '2': '68-76', '3': '88-98', '4': '104-115', '5': '148-157'}",2.0,"{'1': '5-230', '2': '61-76'}",,,1.0,{'1': '1-433'}
Q8GUL2,1.0,{'1': '1-830'},1.0,{'1': '2-932'},1.0,{'1': '6-945'},5.0,"{'1': '26-91', '2': '98-243', '3': '285-352', '4': '473-562', '5': '652-748'}",,,,,1.0,{'1': '26-93'},,
Q8GUM2,3.0,"{'1': '428-584', '2': '54-234', '3': '235-426'}",2.0,"{'1': '425-550', '2': '551-650'}",1.0,{'1': '54-607'},1.0,{'1': '54-647'},,,3.0,"{'1': '57-64', '2': '240-253', '3': '381-395'}",,,1.0,{'1': '54-647'}
Q8GUN2,1.0,{'1': '33-146'},1.0,{'1': '16-147'},1.0,{'1': '14-147'},1.0,{'1': '44-141'},3.0,"{'1': '37-53', '2': '58-76', '3': '127-137'}",2.0,"{'1': '37-147', '2': '120-138'}",,,,
Q8GUP1,1.0,{'1': '6-511'},,,1.0,{'1': '2-706'},1.0,{'1': '17-503'},,,1.0,{'1': '266-299'},10.0,"{'1': '20-52', '2': '54-85', '3': '93-128', '4': '139-172', '5': '246-278', '6': '280-312', '7': '314-345', '8': '347-379', '9': '382-414', '10': '416-450'}",,
Q8GUQ8,6.0,"{'1': '16-102', '2': '236-440', '3': '444-558', '4': '575-720', '5': '109-178', '6': '719-1344'}",3.0,"{'1': '14-102', '2': '252-312', '3': '313-439'}",1.0,{'1': '11-1346'},7.0,"{'1': '612-719', '2': '21-86', '3': '262-439', '4': '98-171', '5': '448-553', '6': '735-975', '7': '1001-1272'}",,,3.0,"{'1': '15-101', '2': '53-61', '3': '257-442'}",2.0,"{'1': '612-719', '2': '447-553'}",,
Q8GUU3,1.0,{'1': '4-446'},1.0,{'1': '8-427'},1.0,{'1': '4-610'},3.0,"{'1': '21-191', '2': '378-438', '3': '244-362'}",,,,,2.0,"{'1': '15-224', '2': '244-362'}",,
Q8GW31,2.0,"{'1': '108-234', '2': '16-105'}",1.0,{'1': '23-106'},,,2.0,"{'1': '109-218', '2': '22-104'}",,,2.0,"{'1': '106-234', '2': '139-160'}",1.0,{'1': '21-105'},,
Q8GW38,,,1.0,{'1': '119-191'},,,1.0,{'1': '143-186'},,,1.0,{'1': '144-186'},1.0,{'1': '144-185'},,
Q8GW61,1.0,{'1': '21-484'},1.0,{'1': '18-492'},1.0,{'1': '16-499'},1.0,{'1': '30-488'},5.0,"{'1': '37-47', '2': '140-159', '3': '297-307', '4': '391-412', '5': '414-426'}",3.0,"{'1': '341-358', '2': '145-170', '3': '29-478'}",,,1.0,{'1': '24-485'}
Q8GWH3,1.0,{'1': '179-238'},1.0,{'1': '118-233'},1.0,{'1': '8-270'},1.0,{'1': '121-194'},,,1.0,{'1': '120-239'},,,,
Q8GWR1,,,2.0,"{'1': '52-188', '2': '209-435'}",1.0,{'1': '3-443'},1.0,{'1': '101-439'},,,,,4.0,"{'1': '134-172', '2': '200-241', '3': '246-282', '4': '342-386'}",,
Q8GWT4,1.0,{'1': '329-641'},1.0,{'1': '307-473'},1.0,{'1': '12-642'},3.0,"{'1': '302-471', '2': '39-296', '3': '474-640'}",,,1.0,{'1': '314-620'},,,,
Q8GWW8,4.0,"{'1': '210-345', '2': '349-435', '3': '225-301', '4': '89-200'}",1.0,{'1': '91-206'},,,3.0,"{'1': '238-297', '2': '94-156', '3': '212-424'}",4.0,"{'1': '96-114', '2': '114-129', '3': '131-151', '4': '151-170'}",3.0,"{'1': '225-303', '2': '94-159', '3': '136-155'}",1.0,{'1': '93-151'},,
Q8GX92,,,1.0,{'1': '61-470'},1.0,{'1': '32-805'},3.0,"{'1': '73-457', '2': '653-802', '3': '518-641'}",,,,,,,,
Q8GXA4,,,,,1.0,{'1': '1-489'},1.0,{'1': '323-416'},,,,,,,,
Q8GXC7,2.0,"{'1': '168-398', '2': '34-89'}",,,1.0,{'1': '31-393'},2.0,"{'1': '36-72', '2': '156-389'}",,,,,1.0,{'1': '36-76'},1.0,{'1': '169-369'}
Q8GXJ1,1.0,{'1': '149-496'},1.0,{'1': '143-524'},,,1.0,{'1': '171-460'},3.0,"{'1': '273-296', '2': '306-321', '3': '394-404'}",1.0,{'1': '90-109'},,,,
Q8GXL7,,,1.0,{'1': '210-270'},1.0,{'1': '20-283'},3.0,"{'1': '219-255', '2': '78-107', '3': '143-185'}",,,4.0,"{'1': '219-246', '2': '213-261', '3': '73-108', '4': '143-185'}",2.0,"{'1': '213-266', '2': '73-108'}",,
Q8GXS3,1.0,{'1': '53-152'},,,1.0,{'1': '2-199'},1.0,{'1': '6-193'},,,,,,,,
Q8GXV7,,,2.0,"{'1': '25-136', '2': '162-248'}",1.0,{'1': '8-292'},2.0,"{'1': '33-133', '2': '191-245'}",,,2.0,"{'1': '27-136', '2': '141-248'}",,,,
Q8GXW1,,,1.0,{'1': '42-105'},1.0,{'1': '142-540'},2.0,"{'1': '180-545', '2': '44-109'}",,,1.0,{'1': '171-545'},,,,
Q8GY11,1.0,{'1': '21-88'},1.0,{'1': '14-88'},1.0,{'1': '10-89'},1.0,{'1': '30-87'},,,1.0,{'1': '24-89'},1.0,{'1': '29-88'},,
Q8GY61,1.0,{'1': '176-246'},1.0,{'1': '175-243'},1.0,{'1': '97-286'},1.0,{'1': '182-229'},,,1.0,{'1': '178-228'},1.0,{'1': '184-234'},,
Q8GYC7,,,,,1.0,{'1': '16-305'},,,,,,,,,,
Q8GYF5,1.0,{'1': '295-591'},,,,,1.0,{'1': '317-590'},,,3.0,"{'1': '314-594', '2': '435-447', '3': '320-342'}",1.0,{'1': '314-594'},,
Q8GYF7,,,,,1.0,{'1': '1-374'},1.0,{'1': '162-305'},,,,,,,,
Q8GYJ3,,,1.0,{'1': '234-289'},1.0,{'1': '1-288'},1.0,{'1': '244-287'},,,,,,,,
Q8GYL9,,,,,1.0,{'1': '1-374'},3.0,"{'1': '143-197', '2': '318-373', '3': '40-64'}",,,2.0,"{'1': '143-198', '2': '319-374'}",,,,
Q8GYM1,2.0,"{'1': '5-106', '2': '76-216'}",,,1.0,{'1': '8-205'},2.0,"{'1': '5-76', '2': '115-192'}",,,2.0,"{'1': '3-82', '2': '88-208'}",,,,
Q8GZ99,1.0,{'1': '617-913'},3.0,"{'1': '27-183', '2': '184-283', '3': '284-422'}",,,5.0,"{'1': '633-899', '2': '91-113', '3': '115-137', '4': '267-284', '5': '29-62'}",,,4.0,"{'1': '631-905', '2': '267-289', '3': '751-763', '4': '637-659'}",1.0,{'1': '631-905'},,
Q8GZM7,1.0,{'1': '287-362'},1.0,{'1': '279-342'},1.0,{'1': '26-468'},1.0,{'1': '287-334'},,,1.0,{'1': '284-333'},1.0,{'1': '290-339'},,
Q8H0T4,3.0,"{'1': '1248-1320', '2': '88-462', '3': '3279-3650'}",1.0,{'1': '266-799'},1.0,{'1': '218-3656'},8.0,"{'1': '3347-3657', '2': '86-164', '3': '201-356', '4': '416-764', '5': '1273-1317', '6': '2587-2616', '7': '2626-2656', '8': '2660-2693'}",,,3.0,"{'1': '3317-3658', '2': '1318-1337', '3': '1271-1312'}",2.0,"{'1': '3315-3658', '2': '1273-1311'}",,
Q8H0T9,1.0,{'1': '6-294'},2.0,"{'1': '1-136', '2': '137-297'}",,,7.0,"{'1': '9-44', '2': '52-87', '3': '92-129', '4': '135-171', '5': '175-213', '6': '227-252', '7': '675-831'}",3.0,"{'1': '116-130', '2': '158-172', '3': '200-214'}",7.0,"{'1': '12-54', '2': '55-96', '3': '97-138', '4': '139-180', '5': '181-222', '6': '158-172', '7': '200-214'}",6.0,"{'1': '5-45', '2': '48-87', '3': '90-129', '4': '132-171', '5': '174-213', '6': '216-254'}",,
Q8H0U8,1.0,{'1': '601-887'},2.0,"{'1': '481-738', '2': '739-913'}",,,3.0,"{'1': '764-871', '2': '554-726', '3': '1068-1145'}",,,4.0,"{'1': '684-692', '2': '749-910', '3': '560-738', '4': '529-557'}",2.0,"{'1': '790-871', '2': '548-753'}",,
Q8H0X6,2.0,"{'1': '33-126', '2': '137-222'}",,,1.0,{'1': '27-184'},1.0,{'1': '49-124'},,,1.0,{'1': '81-94'},1.0,{'1': '35-125'},,
Q8H111,,,,,1.0,{'1': '80-894'},4.0,"{'1': '812-893', '2': '601-677', '3': '145-280', '4': '299-469'}",,,2.0,"{'1': '595-676', '2': '811-894'}",1.0,{'1': '811-894'},,
Q8H112,,,,,1.0,{'1': '9-317'},,,,,,,,,,
Q8H156,1.0,{'1': '14-192'},1.0,{'1': '4-219'},1.0,{'1': '1-219'},1.0,{'1': '15-171'},5.0,"{'1': '27-41', '2': '74-92', '3': '94-115', '4': '130-148', '5': '168-190'}",2.0,"{'1': '5-205', '2': '7-171'}",1.0,{'1': '16-170'},1.0,{'1': '14-164'}
Q8H159,6.0,"{'1': '1-76', '2': '76-152', '3': '152-228', '4': '228-304', '5': '304-380', '6': '381-456'}",,,1.0,{'1': '305-382'},6.0,"{'1': '3-74', '2': '79-150', '3': '155-226', '4': '231-302', '5': '307-378', '6': '383-454'}",3.0,"{'1': '11-31', '2': '32-52', '3': '53-74'}",12.0,"{'1': '1-76', '2': '77-152', '3': '153-228', '4': '229-304', '5': '305-380', '6': '381-456', '7': '27-52', '8': '103-128', '9': '179-204', '10': '255-280', '11': '331-356', '12': '407-432'}",6.0,"{'1': '1-72', '2': '77-148', '3': '153-224', '4': '229-300', '5': '305-376', '6': '381-452'}",,
Q8H174,,,,,1.0,{'1': '28-154'},1.0,{'1': '47-154'},,,1.0,{'1': '72-157'},,,,
Q8H199,1.0,{'1': '322-629'},2.0,"{'1': '18-125', '2': '134-240'}",,,3.0,"{'1': '341-606', '2': '25-122', '3': '146-236'}",,,5.0,"{'1': '337-614', '2': '19-125', '3': '131-240', '4': '457-469', '5': '343-364'}",1.0,{'1': '337-614'},,
Q8H1D2,1.0,{'1': '23-86'},,,1.0,{'1': '12-97'},1.0,{'1': '22-82'},,,1.0,{'1': '18-83'},1.0,{'1': '20-87'},,
Q8H1E8,2.0,"{'1': '441-564', '2': '587-673'}",1.0,{'1': '581-710'},1.0,{'1': '31-710'},,,,,1.0,{'1': '379-710'},,,,
Q8H1F0,1.0,{'1': '396-452'},,,,,1.0,{'1': '396-453'},,,1.0,{'1': '394-457'},1.0,{'1': '392-456'},,
Q8H1F4,1.0,{'1': '11-153'},,,1.0,{'1': '7-180'},1.0,{'1': '11-151'},,,,,,,,
Q8H1G0,,,1.0,{'1': '213-274'},1.0,{'1': '17-288'},3.0,"{'1': '223-258', '2': '79-111', '3': '147-189'}",,,4.0,"{'1': '223-250', '2': '217-273', '3': '77-112', '4': '147-189'}",2.0,"{'1': '217-270', '2': '77-112'}",,
Q8H1G6,1.0,{'1': '50-346'},,,1.0,{'1': '4-352'},1.0,{'1': '73-346'},,,3.0,"{'1': '68-350', '2': '196-208', '3': '74-96'}",1.0,{'1': '68-346'},,
Q8H1R0,,,1.0,{'1': '1-182'},1.0,{'1': '23-170'},1.0,{'1': '27-171'},,,,,,,,
Q8H1U5,2.0,"{'1': '517-763', '2': '794-863'}",1.0,{'1': '780-865'},1.0,{'1': '20-864'},3.0,"{'1': '804-862', '2': '347-455', '3': '636-748'}",,,1.0,{'1': '542-741'},2.0,"{'1': '804-863', '2': '538-691'}",,
Q8L3W1,2.0,"{'1': '3-97', '2': '237-338'}",2.0,"{'1': '2-99', '2': '221-341'}",1.0,{'1': '4-324'},2.0,"{'1': '5-96', '2': '244-337'}",,,2.0,"{'1': '5-98', '2': '244-338'}",2.0,"{'1': '5-98', '2': '244-338'}",,
Q8L3X8,1.0,{'1': '15-134'},1.0,{'1': '20-142'},1.0,{'1': '41-234'},1.0,{'1': '49-119'},,,1.0,{'1': '47-125'},1.0,{'1': '48-121'},,
Q8L3Z8,1.0,{'1': '166-465'},1.0,{'1': '154-463'},1.0,{'1': '46-466'},1.0,{'1': '168-457'},,,3.0,"{'1': '296-337', '2': '426-459', '3': '445-459'}",7.0,"{'1': '161-202', '2': '205-245', '3': '248-285', '4': '289-328', '5': '331-373', '6': '376-416', '7': '419-458'}",,
Q8L4B2,1.0,{'1': '48-152'},1.0,{'1': '41-158'},1.0,{'1': '44-176'},1.0,{'1': '69-143'},,,,,,,,
Q8L4H0,1.0,{'1': '241-498'},,,1.0,{'1': '47-496'},1.0,{'1': '249-495'},,,3.0,"{'1': '249-495', '2': '368-380', '3': '255-278'}",1.0,{'1': '249-495'},,
Q8L4M1,1.0,{'1': '41-354'},2.0,"{'1': '7-147', '2': '148-366'}",1.0,{'1': '4-364'},1.0,{'1': '192-229'},,,1.0,{'1': '197-238'},5.0,"{'1': '79-120', '2': '137-187', '3': '190-229', '4': '232-274', '5': '315-353'}",,
Q8L4R0,,,,,1.0,{'1': '2-350'},1.0,{'1': '127-336'},,,,,,,1.0,{'1': '107-341'}
Q8L500,1.0,{'1': '37-172'},,,1.0,{'1': '37-369'},2.0,"{'1': '39-150', '2': '417-458'}",,,2.0,"{'1': '38-156', '2': '417-459'}",1.0,{'1': '37-152'},,
Q8L557,,,,,1.0,{'1': '26-177'},,,,,,,,,,
Q8L5T5,,,,,,,1.0,{'1': '45-142'},,,1.0,{'1': '44-145'},,,,
Q8L5U0,1.0,{'1': '294-367'},1.0,{'1': '289-368'},1.0,{'1': '2-393'},2.0,"{'1': '288-362', '2': '14-207'}",,,1.0,{'1': '197-365'},1.0,{'1': '294-377'},,
Q8L5W8,1.0,{'1': '227-304'},1.0,{'1': '225-287'},1.0,{'1': '91-403'},1.0,{'1': '233-279'},,,1.0,{'1': '229-278'},1.0,{'1': '235-284'},,
Q8L5Y6,1.0,{'1': '9-1210'},1.0,{'1': '2-1209'},1.0,{'1': '1-1217'},1.0,{'1': '1040-1202'},,,,,,,,
Q8L617,1.0,{'1': '20-308'},,,1.0,{'1': '21-309'},1.0,{'1': '56-307'},,,1.0,{'1': '43-311'},,,,
Q8L706,2.0,"{'1': '260-391', '2': '431-552'}",2.0,"{'1': '255-390', '2': '415-554'}",1.0,{'1': '2-551'},3.0,"{'1': '262-366', '2': '435-537', '3': '70-248'}",3.0,"{'1': '452-464', '2': '478-491', '3': '500-508'}",3.0,"{'1': '243-364', '2': '417-535', '3': '67-249'}",2.0,"{'1': '263-363', '2': '436-534'}",,
Q8L719,1.0,{'1': '22-182'},1.0,{'1': '100-275'},1.0,{'1': '5-290'},2.0,"{'1': '110-178', '2': '240-286'}",,,1.0,{'1': '108-185'},2.0,"{'1': '109-181', '2': '219-292'}",,
Q8L743,1.0,{'1': '110-298'},,,1.0,{'1': '85-591'},2.0,"{'1': '117-295', '2': '298-592'}",5.0,"{'1': '251-264', '2': '275-303', '3': '327-344', '4': '345-361', '5': '432-458'}",1.0,{'1': '285-291'},,,1.0,{'1': '113-593'}
Q8L793,,,,,1.0,{'1': '29-581'},3.0,"{'1': '205-273', '2': '464-476', '3': '52-129'}",,,1.0,{'1': '51-132'},1.0,{'1': '205-276'},,
Q8L7B5,3.0,"{'1': '216-407', '2': '169-235', '3': '38-553'}",3.0,"{'1': '223-404', '2': '168-441', '3': '37-554'}",1.0,{'1': '32-562'},1.0,{'1': '54-555'},5.0,"{'1': '58-84', '2': '114-141', '3': '299-322', '4': '381-406', '5': '429-450'}",1.0,{'1': '436-447'},,,1.0,{'1': '34-558'}
Q8L7C9,2.0,"{'1': '6-106', '2': '76-214'}",,,1.0,{'1': '8-206'},1.0,{'1': '7-76'},,,2.0,"{'1': '3-82', '2': '88-208'}",,,,
Q8L7E5,,,,,1.0,{'1': '1-702'},1.0,{'1': '46-192'},,,,,,,,
Q8L7F7,,,,,1.0,{'1': '2-731'},1.0,{'1': '534-633'},,,,,,,,
Q8L7K4,2.0,"{'1': '170-248', '2': '92-165'}",2.0,"{'1': '170-252', '2': '59-164'}",1.0,{'1': '5-252'},1.0,{'1': '178-248'},,,1.0,{'1': '93-165'},,,1.0,{'1': '104-247'}
Q8L7N0,3.0,"{'1': '206-380', '2': '144-406', '3': '11-525'}",3.0,"{'1': '211-371', '2': '139-407', '3': '26-524'}",1.0,{'1': '15-526'},1.0,{'1': '29-527'},5.0,"{'1': '31-47', '2': '53-71', '3': '83-102', '4': '375-397', '5': '409-421'}",2.0,"{'1': '34-46', '2': '55-71'}",,,1.0,{'1': '2-532'}
Q8L7S3,3.0,"{'1': '263-809', '2': '176-243', '3': '77-111'}",2.0,"{'1': '173-241', '2': '495-808'}",1.0,{'1': '96-809'},3.0,"{'1': '80-106', '2': '696-744', '3': '562-635'}",,,3.0,"{'1': '79-107', '2': '261-809', '3': '704-736'}",1.0,{'1': '79-106'},,
Q8L7U5,2.0,"{'1': '69-361', '2': '539-840'}",3.0,"{'1': '10-141', '2': '142-368', '3': '498-840'}",,,1.0,{'1': '578-785'},7.0,"{'1': '578-605', '2': '613-640', '3': '646-670', '4': '684-710', '5': '714-741', '6': '774-794', '7': '796-812'}",1.0,{'1': '647-652'},1.0,{'1': '550-834'},,
Q8L7W0,2.0,"{'1': '48-258', '2': '284-342'}",1.0,{'1': '45-267'},1.0,{'1': '162-337'},1.0,{'1': '288-336'},,,1.0,{'1': '281-340'},1.0,{'1': '284-339'},,
Q8L7Z3,,,1.0,{'1': '3-153'},1.0,{'1': '4-272'},1.0,{'1': '224-263'},,,,,,,,
Q8L831,1.0,{'1': '4-170'},,,1.0,{'1': '30-771'},2.0,"{'1': '31-157', '2': '394-600'}",,,1.0,{'1': '30-172'},,,,
Q8L850,,,2.0,"{'1': '563-809', '2': '380-562'}",1.0,{'1': '68-810'},9.0,"{'1': '479-807', '2': '58-80', '3': '81-102', '4': '104-123', '5': '127-149', '6': '150-171', '7': '173-194', '8': '196-217', '9': '219-236'}",,,1.0,{'1': '391-809'},9.0,"{'1': '421-810', '2': '56-77', '3': '79-100', '4': '102-123', '5': '125-146', '6': '148-169', '7': '171-192', '8': '194-215', '9': '217-238'}",,
Q8L8A5,,,,,,,1.0,{'1': '19-74'},,,,,,,,
Q8L8A6,,,,,1.0,{'1': '15-225'},2.0,"{'1': '82-122', '2': '16-50'}",,,2.0,"{'1': '81-125', '2': '16-51'}",1.0,{'1': '15-51'},,
Q8L8A7,,,,,1.0,{'1': '61-310'},2.0,"{'1': '152-194', '2': '83-115'}",,,2.0,"{'1': '151-195', '2': '82-117'}",1.0,{'1': '81-117'},,
Q8L940,1.0,{'1': '34-280'},1.0,{'1': '15-308'},1.0,{'1': '10-308'},1.0,{'1': '23-228'},,,2.0,"{'1': '221-239', '2': '25-309'}",,,1.0,{'1': '25-298'}
Q8L9A0,1.0,{'1': '141-241'},,,1.0,{'1': '62-245'},1.0,{'1': '141-241'},,,1.0,{'1': '212-234'},,,1.0,{'1': '141-242'}
Q8L9C4,1.0,{'1': '48-298'},,,1.0,{'1': '10-315'},1.0,{'1': '53-247'},8.0,"{'1': '129-140', '2': '184-192', '3': '206-225', '4': '53-70', '5': '129-140', '6': '178-194', '7': '206-225', '8': '227-244'}",1.0,{'1': '193-221'},,,,
Q8L9G7,,,,,1.0,{'1': '1-246'},1.0,{'1': '5-238'},,,,,,,,
Q8LA13,1.0,{'1': '231-519'},2.0,"{'1': '111-368', '2': '369-546'}",,,2.0,"{'1': '390-503', '2': '175-354'}",,,3.0,"{'1': '377-542', '2': '182-366', '3': '151-179'}",2.0,"{'1': '422-503', '2': '170-381'}",,
Q8LA16,1.0,{'1': '187-249'},1.0,{'1': '187-246'},1.0,{'1': '9-249'},2.0,"{'1': '198-244', '2': '11-138'}",,,2.0,"{'1': '198-244', '2': '195-247'}",1.0,{'1': '197-245'},,
Q8LAA6,1.0,{'1': '45-279'},1.0,{'1': '38-286'},1.0,{'1': '12-282'},1.0,{'1': '45-274'},6.0,"{'1': '53-72', '2': '95-119', '3': '132-151', '4': '181-199', '5': '217-239', '6': '257-277'}",1.0,{'1': '113-121'},,,1.0,{'1': '57-274'}
Q8LAS7,1.0,{'1': '33-218'},,,1.0,{'1': '15-225'},2.0,"{'1': '122-187', '2': '64-110'}",,,3.0,"{'1': '82-117', '2': '119-154', '3': '163-198'}",3.0,"{'1': '86-114', '2': '123-151', '3': '167-195'}",,
Q8LAZ7,,,,,1.0,{'1': '47-344'},2.0,"{'1': '55-167', '2': '255-336'}",,,1.0,{'1': '59-196'},1.0,{'1': '58-195'},,
Q8LB54,,,,,1.0,{'1': '1-322'},2.0,"{'1': '10-174', '2': '179-269'}",,,,,,,,
Q8LBC0,2.0,"{'1': '30-176', '2': '177-278'}",,,1.0,{'1': '32-277'},1.0,{'1': '50-136'},,,,,2.0,"{'1': '66-168', '2': '181-263'}",,
Q8LBH4,,,,,1.0,{'1': '1-241'},2.0,"{'1': '1-37', '2': '105-157'}",,,1.0,{'1': '1-155'},,,,
Q8LBK6,1.0,{'1': '64-164'},,,1.0,{'1': '39-164'},1.0,{'1': '78-142'},,,,,,,1.0,{'1': '67-162'}
Q8LBL1,1.0,{'1': '290-354'},,,1.0,{'1': '107-329'},2.0,"{'1': '82-162', '2': '203-275'}",2.0,"{'1': '118-146', '2': '235-244'}",2.0,"{'1': '301-313', '2': '340-352'}",,,,
Q8LBP4,,,,,1.0,{'1': '96-399'},1.0,{'1': '139-354'},,,,,,,1.0,{'1': '140-353'}
Q8LBX7,,,,,1.0,{'1': '10-103'},,,,,,,,,,
Q8LC68,1.0,{'1': '7-219'},,,1.0,{'1': '7-235'},1.0,{'1': '71-219'},,,,,,,,
Q8LC83,1.0,{'1': '6-108'},1.0,{'1': '1-132'},1.0,{'1': '1-132'},1.0,{'1': '6-97'},,,1.0,{'1': '66-88'},,,,
Q8LCW9,,,1.0,{'1': '1-64'},,,,,,,,,,,,
Q8LD03,,,,,1.0,{'1': '1-189'},1.0,{'1': '7-186'},,,1.0,{'1': '79-92'},,,,
Q8LD27,1.0,{'1': '9-214'},1.0,{'1': '13-216'},1.0,{'1': '7-207'},1.0,{'1': '11-191'},4.0,"{'1': '20-35', '2': '141-152', '3': '152-163', '4': '177-188'}",2.0,"{'1': '16-63', '2': '12-191'}",,,,
Q8LD49,1.0,{'1': '67-178'},,,,,1.0,{'1': '73-173'},,,1.0,{'1': '20-177'},,,,
Q8LDL0,,,,,1.0,{'1': '1-230'},1.0,{'1': '55-200'},,,,,,,,
Q8LDP4,1.0,{'1': '30-199'},1.0,{'1': '20-200'},,,1.0,{'1': '35-195'},5.0,"{'1': '52-67', '2': '88-100', '3': '131-146', '4': '146-158', '5': '159-174'}",2.0,"{'1': '35-198', '2': '83-100'}",,,,
Q8LDQ4,,,1.0,{'1': '10-230'},1.0,{'1': '10-402'},1.0,{'1': '11-393'},,,,,,,,
Q8LDU4,,,,,1.0,{'1': '1-317'},1.0,{'1': '62-314'},,,,,,,,
Q8LDU5,,,2.0,"{'1': '156-275', '2': '276-459'}",,,5.0,"{'1': '121-150', '2': '369-395', '3': '185-216', '4': '227-272', '5': '293-342'}",,,5.0,"{'1': '189-223', '2': '224-258', '3': '259-293', '4': '294-328', '5': '329-363'}",,,6.0,"{'1': '121-152', '2': '192-225', '3': '227-259', '4': '262-294', '5': '297-330', '6': '331-363'}"
Q8LE47,1.0,{'1': '291-400'},3.0,"{'1': '18-215', '2': '234-338', '3': '339-406'}",1.0,{'1': '30-391'},5.0,"{'1': '153-179', '2': '258-287', '3': '366-391', '4': '185-232', '5': '290-339'}",,,4.0,"{'1': '186-220', '2': '256-290', '3': '291-325', '4': '326-360'}",,,5.0,"{'1': '153-186', '2': '189-222', '3': '259-292', '4': '293-327', '5': '332-361'}"
Q8LE52,2.0,"{'1': '65-133', '2': '129-256'}",,,1.0,{'1': '48-255'},1.0,{'1': '66-128'},,,1.0,{'1': '56-134'},,,,
Q8LE58,,,,,1.0,{'1': '13-200'},1.0,{'1': '12-173'},,,,,,,,
Q8LE98,,,,,1.0,{'1': '147-341'},1.0,{'1': '169-273'},,,,,,,,
Q8LEC0,1.0,{'1': '6-237'},1.0,{'1': '2-309'},,,1.0,{'1': '8-131'},,,,,,,,
Q8LEE7,,,1.0,{'1': '77-315'},1.0,{'1': '56-318'},1.0,{'1': '107-299'},,,,,,,,
Q8LEK2,,,,,1.0,{'1': '9-183'},1.0,{'1': '16-155'},,,,,,,,
Q8LEM7,1.0,{'1': '33-218'},,,1.0,{'1': '16-225'},2.0,"{'1': '88-109', '2': '121-187'}",,,3.0,"{'1': '82-117', '2': '119-154', '3': '163-198'}",3.0,"{'1': '86-114', '2': '123-151', '3': '167-195'}",,
Q8LEQ0,,,1.0,{'1': '1-64'},,,,,,,,,,,,
Q8LF21,1.0,{'1': '4-309'},1.0,{'1': '4-310'},1.0,{'1': '6-611'},3.0,"{'1': '222-489', '2': '519-611', '3': '38-214'}",6.0,"{'1': '35-53', '2': '60-77', '3': '133-150', '4': '183-201', '5': '202-218', '6': '225-244'}",3.0,"{'1': '61-70', '2': '523-614', '3': '32-301'}",2.0,"{'1': '4-252', '2': '518-611'}",,
Q8LF36,1.0,{'1': '85-466'},1.0,{'1': '80-483'},1.0,{'1': '1-487'},1.0,{'1': '73-482'},,,,,,,,
Q8LF80,1.0,{'1': '8-308'},,,1.0,{'1': '11-306'},1.0,{'1': '14-304'},,,3.0,"{'1': '14-304', '2': '141-153', '3': '20-43'}",1.0,{'1': '14-304'},,
Q8LFC0,,,,,,,1.0,{'1': '40-362'},,,,,1.0,{'1': '39-362'},1.0,{'1': '36-366'}
Q8LFD3,1.0,{'1': '52-128'},,,1.0,{'1': '60-221'},2.0,"{'1': '71-124', '2': '126-166'}",2.0,"{'1': '97-106', '2': '106-122'}",2.0,"{'1': '66-126', '2': '101-124'}",2.0,"{'1': '69-130', '2': '126-169'}",,
Q8LFL8,1.0,{'1': '13-85'},,,1.0,{'1': '11-111'},1.0,{'1': '14-80'},,,1.0,{'1': '10-85'},1.0,{'1': '13-81'},,
Q8LG05,,,,,1.0,{'1': '9-341'},2.0,"{'1': '141-228', '2': '276-342'}",,,,,,,,
Q8LG50,,,,,,,2.0,"{'1': '77-225', '2': '238-311'}",,,,,1.0,{'1': '85-207'},,
Q8LG64,1.0,{'1': '11-311'},,,1.0,{'1': '13-308'},1.0,{'1': '16-306'},,,3.0,"{'1': '16-306', '2': '143-155', '3': '22-45'}",1.0,{'1': '16-306'},,
Q8LG76,,,,,1.0,{'1': '6-400'},2.0,"{'1': '14-57', '2': '357-399'}",,,2.0,"{'1': '12-59', '2': '357-399'}",1.0,{'1': '12-59'},,
Q8LG88,,,,,,,1.0,{'1': '70-525'},,,,,,,1.0,{'1': '71-524'}
Q8LG98,1.0,{'1': '48-296'},2.0,"{'1': '87-238', '2': '47-293'}",,,1.0,{'1': '42-294'},,,1.0,{'1': '81-295'},,,,
Q8LGA1,1.0,{'1': '41-177'},,,1.0,{'1': '40-259'},2.0,"{'1': '181-272', '2': '45-178'}",,,1.0,{'1': '78-109'},2.0,"{'1': '180-307', '2': '83-171'}",,
Q8LGA5,,,1.0,{'1': '82-172'},1.0,{'1': '36-174'},1.0,{'1': '123-166'},,,1.0,{'1': '124-166'},1.0,{'1': '124-165'},,
Q8LGB6,1.0,{'1': '32-311'},,,1.0,{'1': '4-330'},1.0,{'1': '70-284'},,,1.0,{'1': '49-334'},,,,
Q8LGC6,,,1.0,{'1': '76-128'},1.0,{'1': '23-208'},2.0,"{'1': '65-120', '2': '169-208'}",,,1.0,{'1': '62-127'},1.0,{'1': '65-121'},,
Q8LGD5,,,,,1.0,{'1': '17-180'},1.0,{'1': '71-95'},,,,,,,,
Q8LGE3,2.0,"{'1': '3-135', '2': '152-420'}",,,1.0,{'1': '5-412'},1.0,{'1': '4-420'},,,,,1.0,{'1': '2-420'},,
Q8LGH4,3.0,"{'1': '90-432', '2': '433-703', '3': '704-792'}",1.0,{'1': '719-792'},1.0,{'1': '91-788'},3.0,"{'1': '96-537', '2': '724-784', '3': '560-693'}",,,2.0,"{'1': '765-792', '2': '436-665'}",2.0,"{'1': '466-615', '2': '721-786'}",,
Q8LGI2,1.0,{'1': '14-161'},,,1.0,{'1': '10-449'},1.0,{'1': '14-149'},,,,,,,,
Q8LGU6,2.0,"{'1': '34-476', '2': '518-722'}",4.0,"{'1': '1-156', '2': '409-482', '3': '483-615', '4': '616-719'}",,,2.0,"{'1': '519-551', '2': '104-132'}",,,5.0,"{'1': '101-134', '2': '518-551', '3': '552-585', '4': '586-619', '5': '688-721'}",8.0,"{'1': '101-134', '2': '450-483', '3': '518-551', '4': '552-585', '5': '586-619', '6': '620-653', '7': '654-687', '8': '688-721'}",,
Q8LKS5,,,1.0,{'1': '80-546'},,,1.0,{'1': '114-513'},,,1.0,{'1': '266-277'},,,,
Q8LPF0,2.0,"{'1': '457-925', '2': '20-256'}",2.0,"{'1': '262-513', '2': '24-255'}",1.0,{'1': '1-1331'},3.0,"{'1': '284-489', '2': '513-659', '3': '662-964'}",,,,,,,,
Q8LPK5,1.0,{'1': '277-763'},2.0,"{'1': '1-88', '2': '413-554'}",,,2.0,"{'1': '263-977', '2': '4-59'}",,,,,,,,
Q8LPL5,1.0,{'1': '157-457'},1.0,{'1': '115-458'},1.0,{'1': '42-473'},1.0,{'1': '166-455'},,,5.0,"{'1': '211-252', '2': '294-335', '3': '336-380', '4': '424-457', '5': '443-457'}",7.0,"{'1': '159-200', '2': '203-243', '3': '246-283', '4': '287-326', '5': '329-371', '6': '374-414', '7': '417-456'}",,
Q8LPL6,3.0,"{'1': '856-971', '2': '728-855', '3': '3-582'}",2.0,"{'1': '1-610', '2': '857-971'}",1.0,{'1': '9-947'},3.0,"{'1': '26-580', '2': '855-971', '3': '748-842'}",,,,,1.0,{'1': '741-850'},,
Q8LPR5,,,,,1.0,{'1': '40-336'},1.0,{'1': '44-141'},,,1.0,{'1': '45-103'},,,,
Q8LPR8,,,,,,,3.0,"{'1': '219-240', '2': '243-257', '3': '337-352'}",,,,,,,,
Q8LPR9,,,,,1.0,{'1': '1-1016'},1.0,{'1': '77-650'},,,,,,,,
Q8LPT1,4.0,"{'1': '402-646', '2': '1148-1394', '3': '74-387', '4': '819-1143'}",5.0,"{'1': '402-649', '2': '1148-1395', '3': '73-658', '4': '779-1003', '5': '1059-1147'}",1.0,{'1': '51-644'},4.0,"{'1': '432-577', '2': '1176-1324', '3': '90-362', '4': '840-1103'}",,,4.0,"{'1': '412-647', '2': '1158-1395', '3': '87-379', '4': '836-1111'}",2.0,"{'1': '439-610', '2': '1185-1372'}",,
Q8LSZ4,2.0,"{'1': '33-97', '2': '171-251'}",2.0,"{'1': '29-101', '2': '163-252'}",1.0,{'1': '21-306'},2.0,"{'1': '35-99', '2': '170-250'}",,,,,2.0,"{'1': '34-99', '2': '169-250'}",,
Q8RUC6,2.0,"{'1': '1-76', '2': '78-152'}",,,1.0,{'1': '1-78'},2.0,"{'1': '3-74', '2': '79-149'}",3.0,"{'1': '11-31', '2': '32-52', '3': '53-74'}",4.0,"{'1': '1-76', '2': '77-152', '3': '27-52', '4': '103-128'}",2.0,"{'1': '1-72', '2': '77-148'}",,
Q8RVL2,3.0,"{'1': '1425-1610', '2': '2003-2149', '3': '1691-2004'}",,,1.0,{'1': '1103-2149'},2.0,"{'1': '1696-1995', '2': '2006-2141'}",5.0,"{'1': '1755-1771', '2': '1818-1841', '3': '1843-1870', '4': '1973-1994', '5': '2115-2143'}",2.0,"{'1': '1755-1766', '2': '1695-1997'}",2.0,"{'1': '1680-2005', '2': '1999-2149'}",,
Q8RW96,1.0,{'1': '94-475'},1.0,{'1': '89-492'},1.0,{'1': '1-500'},1.0,{'1': '82-493'},,,,,,,,
Q8RWC9,1.0,{'1': '17-276'},,,,,2.0,"{'1': '20-275', '2': '315-374'}",,,4.0,"{'1': '20-275', '2': '139-151', '3': '26-49', '4': '313-337'}",1.0,{'1': '20-275'},,
Q8RWF0,1.0,{'1': '277-348'},,,1.0,{'1': '4-385'},2.0,"{'1': '262-344', '2': '21-242'}",,,1.0,{'1': '173-347'},1.0,{'1': '272-365'},,
Q8RWG8,,,1.0,{'1': '13-178'},1.0,{'1': '8-185'},1.0,{'1': '41-158'},,,1.0,{'1': '29-164'},1.0,{'1': '30-158'},,
Q8RWH9,,,,,1.0,{'1': '3-483'},,,,,,,,,,
Q8RWL0,2.0,"{'1': '20-84', '2': '147-226'}",2.0,"{'1': '17-89', '2': '140-227'}",1.0,{'1': '17-304'},2.0,"{'1': '22-86', '2': '146-225'}",,,,,2.0,"{'1': '21-86', '2': '145-225'}",,
Q8RWL4,1.0,{'1': '239-336'},1.0,{'1': '241-349'},1.0,{'1': '223-343'},,,,,1.0,{'1': '233-349'},,,,
Q8RWN5,2.0,"{'1': '5-116', '2': '107-149'}",1.0,{'1': '1-122'},,,2.0,"{'1': '9-78', '2': '127-143'}",,,2.0,"{'1': '7-85', '2': '128-143'}",2.0,"{'1': '8-81', '2': '127-143'}",,
Q8RWQ8,,,1.0,{'1': '92-623'},,,2.0,"{'1': '111-157', '2': '52-90'}",,,,,4.0,"{'1': '174-199', '2': '417-441', '3': '477-500', '4': '526-550'}",,
Q8RWS9,1.0,{'1': '427-618'},1.0,{'1': '496-616'},,,2.0,"{'1': '519-609', '2': '102-424'}",,,1.0,{'1': '498-628'},1.0,{'1': '498-629'},,
Q8RWU4,1.0,{'1': '52-120'},1.0,{'1': '328-484'},1.0,{'1': '61-757'},3.0,"{'1': '63-118', '2': '263-481', '3': '500-759'}",,,3.0,"{'1': '60-120', '2': '253-484', '3': '95-118'}",2.0,"{'1': '61-124', '2': '262-481'}",,
Q8RWU6,,,,,1.0,{'1': '12-522'},1.0,{'1': '39-437'},4.0,"{'1': '89-100', '2': '103-117', '3': '118-126', '4': '158-168'}",,,,,1.0,{'1': '30-452'}
Q8RWV0,3.0,"{'1': '607-740', '2': '82-407', '3': '413-604'}",1.0,{'1': '614-741'},1.0,{'1': '82-739'},3.0,"{'1': '83-414', '2': '432-602', '3': '615-729'}",,,2.0,"{'1': '545-561', '2': '89-109'}",1.0,{'1': '431-603'},1.0,{'1': '83-739'}
Q8RWW1,,,,,1.0,{'1': '23-637'},1.0,{'1': '55-593'},,,,,,,,
Q8RWX4,1.0,{'1': '39-305'},,,1.0,{'1': '1-608'},1.0,{'1': '39-300'},,,1.0,{'1': '39-306'},,,,
Q8RWY3,5.0,"{'1': '845-894', '2': '896-1018', '3': '175-404', '4': '406-687', '5': '753-843'}",3.0,"{'1': '410-702', '2': '742-840', '3': '190-405'}",,,4.0,"{'1': '192-469', '2': '491-604', '3': '754-832', '4': '898-1008'}",,,3.0,"{'1': '494-645', '2': '201-366', '3': '840-892'}",4.0,"{'1': '841-890', '2': '943-1004', '3': '520-604', '4': '185-377'}",,
Q8RWZ1,1.0,{'1': '475-764'},2.0,"{'1': '38-178', '2': '179-237'}",1.0,{'1': '16-766'},3.0,"{'1': '498-762', '2': '94-114', '3': '116-173'}",,,1.0,{'1': '497-768'},,,,
Q8RX22,,,1.0,{'1': '631-708'},1.0,{'1': '1-706'},1.0,{'1': '84-202'},,,1.0,{'1': '653-697'},,,,
Q8RX28,1.0,{'1': '24-381'},1.0,{'1': '19-398'},,,1.0,{'1': '46-346'},2.0,"{'1': '154-177', '2': '281-291'}",,,,,,
Q8RX66,1.0,{'1': '1-301'},,,1.0,{'1': '1-518'},1.0,{'1': '4-257'},,,3.0,"{'1': '4-258', '2': '125-137', '3': '10-33'}",1.0,{'1': '4-258'},,
Q8RXD3,,,1.0,{'1': '196-278'},,,1.0,{'1': '229-271'},,,1.0,{'1': '230-271'},1.0,{'1': '230-270'},,
Q8RXD9,3.0,"{'1': '15-120', '2': '160-252', '3': '268-921'}",2.0,"{'1': '9-122', '2': '154-260'}",,,3.0,"{'1': '19-110', '2': '163-249', '3': '275-903'}",,,2.0,"{'1': '13-122', '2': '157-270'}",2.0,"{'1': '18-114', '2': '162-256'}",,
Q8RXF8,3.0,"{'1': '182-384', '2': '17-181', '3': '426-600'}",2.0,"{'1': '14-185', '2': '495-594'}",1.0,{'1': '149-623'},4.0,"{'1': '19-180', '2': '433-589', '3': '356-424', '4': '234-319'}",,,3.0,"{'1': '211-223', '2': '15-182', '3': '427-595'}",1.0,{'1': '20-183'},,
Q8RXG3,1.0,{'1': '68-344'},,,1.0,{'1': '48-327'},1.0,{'1': '71-325'},,,3.0,"{'1': '70-325', '2': '183-195', '3': '76-99'}",1.0,{'1': '70-325'},,
Q8RXN0,1.0,{'1': '50-286'},1.0,{'1': '44-288'},1.0,{'1': '29-670'},3.0,"{'1': '71-221', '2': '383-592', '3': '250-305'}",,,2.0,"{'1': '50-293', '2': '193-207'}",1.0,{'1': '79-269'},,
Q8RXN3,2.0,"{'1': '151-243', '2': '320-398'}",,,1.0,{'1': '108-402'},1.0,{'1': '107-396'},,,,,,,1.0,{'1': '106-406'}
Q8RXT4,1.0,{'1': '1-311'},,,1.0,{'1': '1-511'},1.0,{'1': '4-257'},,,3.0,"{'1': '4-258', '2': '125-137', '3': '10-33'}",1.0,{'1': '4-258'},,
Q8RXU5,1.0,{'1': '10-82'},1.0,{'1': '1-92'},1.0,{'1': '1-91'},1.0,{'1': '4-88'},,,,,,,1.0,{'1': '1-91'}
Q8RXX9,,,1.0,{'1': '87-176'},1.0,{'1': '29-178'},1.0,{'1': '127-170'},,,1.0,{'1': '128-170'},1.0,{'1': '128-169'},,
Q8RY11,2.0,"{'1': '96-209', '2': '413-672'}",3.0,"{'1': '75-226', '2': '229-374', '3': '410-710'}",1.0,{'1': '61-708'},3.0,"{'1': '96-209', '2': '419-634', '3': '647-707'}",,,,,,,,
Q8RY59,,,,,1.0,{'1': '64-569'},3.0,"{'1': '320-421', '2': '502-568', '3': '83-162'}",,,3.0,"{'1': '64-153', '2': '248-469', '3': '501-572'}",,,,
Q8RY71,1.0,{'1': '6-260'},2.0,"{'1': '3-206', '2': '207-341'}",,,,,,,,,2.0,"{'1': '87-138', '2': '139-194'}",,
Q8RY82,1.0,{'1': '54-150'},,,,,1.0,{'1': '63-105'},,,1.0,{'1': '59-105'},,,,
Q8RYD6,1.0,{'1': '249-298'},,,1.0,{'1': '36-303'},1.0,{'1': '249-301'},,,2.0,"{'1': '252-267', '2': '247-299'}",1.0,{'1': '242-310'},,
Q8S2T0,,,,,,,1.0,{'1': '712-752'},,,1.0,{'1': '708-755'},1.0,{'1': '711-755'},,
Q8S307,,,,,1.0,{'1': '16-335'},1.0,{'1': '21-144'},,,,,,,,
Q8S396,,,,,1.0,{'1': '12-512'},1.0,{'1': '38-437'},4.0,"{'1': '88-99', '2': '102-116', '3': '117-125', '4': '157-167'}",,,,,1.0,{'1': '30-496'}
Q8S3U9,1.0,{'1': '339-458'},,,1.0,{'1': '86-1054'},1.0,{'1': '189-1042'},,,,,,,,
Q8S4Q6,,,,,1.0,{'1': '112-202'},,,,,,,,,,
Q8S4Y1,2.0,"{'1': '12-280', '2': '283-402'}",1.0,{'1': '9-402'},,,2.0,"{'1': '13-272', '2': '282-401'}",,,3.0,"{'1': '384-397', '2': '349-365', '3': '93-111'}",,,1.0,{'1': '15-401'}
Q8S8E3,,,1.0,{'1': '20-215'},1.0,{'1': '60-209'},1.0,{'1': '65-209'},,,,,,,,
Q8S8F7,,,,,1.0,{'1': '7-100'},1.0,{'1': '35-80'},,,,,,,,
Q8S8F8,,,1.0,{'1': '173-292'},1.0,{'1': '89-293'},1.0,{'1': '176-292'},,,,,1.0,{'1': '175-252'},,
Q8S8K8,,,,,1.0,{'1': '1-151'},,,,,,,,,,
Q8S8L9,3.0,"{'1': '236-472', '2': '4-77', '3': '570-707'}",3.0,"{'1': '222-302', '2': '303-392', '3': '393-496'}",,,,,,,5.0,"{'1': '6-41', '2': '229-262', '3': '339-372', '4': '373-406', '5': '407-440'}",7.0,"{'1': '229-262', '2': '263-296', '3': '305-338', '4': '339-372', '5': '373-406', '6': '407-440', '7': '441-474'}",,
Q8S8M9,1.0,{'1': '191-253'},1.0,{'1': '192-251'},1.0,{'1': '9-255'},2.0,"{'1': '203-249', '2': '11-138'}",,,2.0,"{'1': '203-249', '2': '200-252'}",1.0,{'1': '202-250'},,
Q8S8P5,2.0,"{'1': '183-242', '2': '353-421'}",2.0,"{'1': '168-243', '2': '348-414'}",1.0,{'1': '226-480'},2.0,"{'1': '184-240', '2': '362-419'}",,,2.0,"{'1': '184-242', '2': '356-421'}",2.0,"{'1': '183-241', '2': '361-420'}",,
Q8S905,1.0,{'1': '31-384'},1.0,{'1': '22-384'},1.0,{'1': '29-961'},2.0,"{'1': '37-353', '2': '792-954'}",4.0,"{'1': '108-129', '2': '218-235', '3': '252-270', '4': '303-324'}",2.0,"{'1': '31-353', '2': '251-262'}",1.0,{'1': '29-361'},,
Q8S926,1.0,{'1': '5-118'},,,1.0,{'1': '2-118'},1.0,{'1': '15-118'},,,,,,,,
Q8S948,1.0,{'1': '85-404'},1.0,{'1': '83-405'},,,1.0,{'1': '112-357'},,,2.0,"{'1': '290-302', '2': '168-182'}",,,,
Q8S9J8,1.0,{'1': '29-150'},2.0,"{'1': '1-153', '2': '217-368'}",1.0,{'1': '5-578'},1.0,{'1': '30-355'},,,1.0,{'1': '23-159'},1.0,{'1': '29-159'},,
Q8S9K3,1.0,{'1': '271-305'},,,,,2.0,"{'1': '277-303', '2': '310-337'}",,,4.0,"{'1': '280-299', '2': '313-332', '3': '276-305', '4': '308-338'}",2.0,"{'1': '278-302', '2': '311-335'}",,
Q8S9K8,1.0,{'1': '18-272'},1.0,{'1': '14-275'},1.0,{'1': '20-272'},1.0,{'1': '22-264'},,,,,,,,
Q8S9L5,2.0,"{'1': '365-543', '2': '96-232'}",3.0,"{'1': '96-229', '2': '230-496', '3': '256-363'}",1.0,{'1': '74-524'},2.0,"{'1': '379-537', '2': '97-238'}",,,1.0,{'1': '271-366'},,,,
Q8S9M3,,,,,1.0,{'1': '19-220'},3.0,"{'1': '91-132', '2': '309-347', '3': '25-58'}",,,3.0,"{'1': '89-133', '2': '307-351', '3': '24-59'}",1.0,{'1': '23-59'},,
Q8S9N6,1.0,{'1': '124-195'},,,1.0,{'1': '116-257'},2.0,"{'1': '138-192', '2': '194-228'}",,,2.0,"{'1': '134-194', '2': '169-192'}",2.0,"{'1': '136-198', '2': '194-237'}",,
Q8SAB7,,,3.0,"{'1': '464-632', '2': '1380-1532', '3': '1698-1825'}",1.0,{'1': '19-1825'},5.0,"{'1': '462-630', '2': '1375-1527', '3': '1596-1678', '4': '1728-1822', '5': '658-887'}",,,2.0,"{'1': '463-622', '2': '1379-1828'}",,,,
Q8VWF1,2.0,"{'1': '44-255', '2': '298-359'}",1.0,{'1': '43-267'},1.0,{'1': '35-356'},1.0,{'1': '306-354'},,,1.0,{'1': '299-358'},1.0,{'1': '302-357'},,
Q8VWF5,2.0,"{'1': '165-328', '2': '654-738'}",2.0,"{'1': '156-251', '2': '252-344'}",,,3.0,"{'1': '170-234', '2': '255-320', '3': '652-748'}",,,2.0,"{'1': '168-241', '2': '253-326'}",3.0,"{'1': '169-237', '2': '254-322', '3': '654-730'}",,
Q8VWG3,1.0,{'1': '127-167'},,,1.0,{'1': '37-296'},2.0,"{'1': '228-252', '2': '191-225'}",,,2.0,"{'1': '147-167', '2': '145-172'}",,,,
Q8VX13,4.0,"{'1': '92-203', '2': '209-317', '3': '306-436', '4': '434-548'}",,,,,2.0,"{'1': '101-201', '2': '439-523'}",,,4.0,"{'1': '81-204', '2': '416-546', '3': '120-138', '4': '459-477'}",,,1.0,{'1': '99-579'}
Q8VXV7,2.0,"{'1': '158-257', '2': '265-705'}",2.0,"{'1': '268-702', '2': '160-260'}",1.0,{'1': '190-709'},2.0,"{'1': '275-704', '2': '172-246'}",,,1.0,{'1': '154-255'},,,,
Q8VXX0,4.0,"{'1': '54-126', '2': '528-630', '3': '631-771', '4': '133-401'}",2.0,"{'1': '630-734', '2': '133-409'}",1.0,{'1': '13-771'},5.0,"{'1': '62-100', '2': '131-400', '3': '528-626', '4': '641-728', '5': '411-514'}",,,,,,,,
Q8VXX5,3.0,"{'1': '23-175', '2': '155-347', '3': '369-555'}",3.0,"{'1': '21-147', '2': '158-350', '3': '363-563'}",1.0,{'1': '34-529'},3.0,"{'1': '162-314', '2': '398-534', '3': '35-148'}",,,,,,,,
Q8VY05,2.0,"{'1': '142-239', '2': '362-421'}",2.0,"{'1': '151-236', '2': '299-351'}",,,4.0,"{'1': '307-343', '2': '365-408', '3': '155-233', '4': '837-915'}",,,6.0,"{'1': '310-336', '2': '305-359', '3': '359-409', '4': '145-242', '5': '362-413', '6': '359-413'}",2.0,"{'1': '304-348', '2': '363-411'}",,
Q8VY07,1.0,{'1': '7-151'},1.0,{'1': '24-164'},,,1.0,{'1': '27-147'},,,1.0,{'1': '20-152'},1.0,{'1': '26-152'},,
Q8VY21,1.0,{'1': '101-406'},1.0,{'1': '109-406'},,,1.0,{'1': '113-401'},7.0,"{'1': '168-184', '2': '184-208', '3': '233-260', '4': '318-335', '5': '336-352', '6': '363-382', '7': '384-406'}",,,,,,
Q8VY64,,,,,1.0,{'1': '15-185'},1.0,{'1': '58-167'},2.0,"{'1': '99-121', '2': '130-153'}",2.0,"{'1': '96-156', '2': '101-121'}",1.0,{'1': '95-156'},,
Q8VY78,1.0,{'1': '7-314'},,,1.0,{'1': '9-311'},1.0,{'1': '14-308'},,,,,,,,
Q8VY89,2.0,"{'1': '43-377', '2': '321-518'}",2.0,"{'1': '5-150', '2': '194-531'}",,,,,,,1.0,{'1': '482-515'},6.0,"{'1': '43-76', '2': '138-171', '3': '212-245', '4': '246-279', '5': '347-380', '6': '482-515'}",,
Q8VY98,,,,,1.0,{'1': '1-264'},,,,,,,,,,
Q8VYA5,2.0,"{'1': '9-100', '2': '93-139'}",1.0,{'1': '3-89'},,,3.0,"{'1': '13-74', '2': '100-115', '3': '121-138'}",,,3.0,"{'1': '11-81', '2': '100-114', '3': '122-138'}",3.0,"{'1': '12-77', '2': '100-116', '3': '122-138'}",,
Q8VYF5,1.0,{'1': '10-292'},1.0,{'1': '2-298'},1.0,{'1': '4-294'},1.0,{'1': '15-275'},,,1.0,{'1': '10-268'},,,1.0,{'1': '10-291'}
Q8VYH6,,,,,,,2.0,"{'1': '233-343', '2': '95-196'}",,,2.0,"{'1': '54-171', '2': '183-379'}",1.0,{'1': '218-343'},,
Q8VYJ7,3.0,"{'1': '239-630', '2': '631-941', '3': '86-237'}",4.0,"{'1': '230-423', '2': '424-629', '3': '634-855', '4': '83-229'}",1.0,{'1': '92-955'},5.0,"{'1': '285-419', '2': '681-850', '3': '87-203', '4': '857-937', '5': '423-525'}",4.0,"{'1': '686-704', '2': '731-749', '3': '760-778', '4': '793-807'}",3.0,"{'1': '83-227', '2': '375-387', '3': '716-734'}",3.0,"{'1': '279-424', '2': '682-837', '3': '857-950'}",1.0,{'1': '88-940'}
Q8VYK7,1.0,{'1': '3-117'},,,1.0,{'1': '3-117'},1.0,{'1': '14-117'},,,,,,,,
Q8VYM2,1.0,{'1': '12-514'},1.0,{'1': '20-524'},,,1.0,{'1': '26-513'},,,1.0,{'1': '24-507'},,,1.0,{'1': '11-516'}
Q8VYM4,2.0,"{'1': '69-155', '2': '173-253'}",2.0,"{'1': '56-161', '2': '163-253'}",1.0,{'1': '58-252'},2.0,"{'1': '78-148', '2': '179-249'}",,,2.0,"{'1': '76-154', '2': '177-253'}",2.0,"{'1': '77-150', '2': '178-251'}",,
Q8VYN9,,,1.0,{'1': '38-219'},1.0,{'1': '3-217'},1.0,{'1': '47-203'},2.0,"{'1': '47-65', '2': '181-203'}",,,,,,
Q8VYP6,1.0,{'1': '30-83'},1.0,{'1': '12-240'},1.0,{'1': '31-362'},2.0,"{'1': '36-190', '2': '256-346'}",,,,,,,,
Q8VYR5,,,2.0,"{'1': '30-237', '2': '245-430'}",,,1.0,{'1': '109-157'},,,1.0,{'1': '110-144'},,,1.0,{'1': '113-145'}
Q8VYV7,,,,,1.0,{'1': '79-438'},2.0,"{'1': '146-258', '2': '260-404'}",,,,,,,1.0,{'1': '90-431'}
Q8VZ55,1.0,{'1': '75-137'},1.0,{'1': '76-138'},1.0,{'1': '22-140'},1.0,{'1': '75-131'},3.0,"{'1': '76-93', '2': '94-108', '3': '109-127'}",1.0,{'1': '78-104'},,,1.0,{'1': '75-137'}
Q8VZ74,2.0,"{'1': '305-420', '2': '132-330'}",2.0,"{'1': '310-424', '2': '124-309'}",1.0,{'1': '81-417'},2.0,"{'1': '332-409', '2': '132-249'}",2.0,"{'1': '132-152', '2': '181-196'}",1.0,{'1': '128-298'},,,2.0,"{'1': '132-289', '2': '130-403'}"
Q8VZ79,,,1.0,{'1': '119-290'},1.0,{'1': '9-645'},3.0,"{'1': '511-643', '2': '124-235', '3': '48-91'}",,,,,,,,
Q8VZ80,1.0,{'1': '27-496'},1.0,{'1': '30-501'},1.0,{'1': '34-503'},1.0,{'1': '39-498'},5.0,"{'1': '47-57', '2': '130-149', '3': '305-315', '4': '399-420', '5': '422-434'}",3.0,"{'1': '93-110', '2': '135-160', '3': '39-487'}",,,1.0,{'1': '22-493'}
Q8VZ87,,,,,1.0,{'1': '1-267'},1.0,{'1': '67-233'},,,,,,,,
Q8VZ95,1.0,{'1': '17-157'},1.0,{'1': '15-146'},1.0,{'1': '21-253'},1.0,{'1': '23-128'},,,1.0,{'1': '22-142'},,,,
Q8VZB2,,,,,1.0,{'1': '9-216'},1.0,{'1': '55-216'},,,,,,,,
Q8VZB9,1.0,{'1': '20-216'},1.0,{'1': '65-154'},1.0,{'1': '11-209'},1.0,{'1': '21-211'},,,1.0,{'1': '116-135'},,,,
Q8VZG2,1.0,{'1': '250-487'},1.0,{'1': '252-434'},1.0,{'1': '62-506'},3.0,"{'1': '302-437', '2': '83-176', '3': '439-509'}",,,1.0,{'1': '408-426'},1.0,{'1': '298-440'},,
Q8VZG8,1.0,{'1': '757-1040'},4.0,"{'1': '47-204', '2': '205-336', '3': '337-401', '4': '402-693'}",1.0,{'1': '478-1044'},8.0,"{'1': '779-1040', '2': '360-380', '3': '480-501', '4': '504-524', '5': '550-610', '6': '616-658', '7': '50-91', '8': '139-265'}",,,5.0,"{'1': '775-1045', '2': '551-574', '3': '623-645', '4': '901-913', '5': '781-803'}",9.0,"{'1': '165-189', '2': '237-260', '3': '261-285', '4': '357-381', '5': '501-525', '6': '549-573', '7': '597-620', '8': '621-644', '9': '645-678'}",,
Q8VZL6,1.0,{'1': '125-177'},,,1.0,{'1': '3-428'},2.0,"{'1': '319-386', '2': '102-176'}",,,,,1.0,{'1': '126-175'},,
Q8VZM1,3.0,"{'1': '13-124', '2': '132-267', '3': '233-704'}",,,,,2.0,"{'1': '79-110', '2': '186-693'}",,,1.0,{'1': '77-110'},2.0,"{'1': '77-110', '2': '380-413'}",,
Q8VZQ4,2.0,"{'1': '135-288', '2': '300-458'}",,,,,2.0,"{'1': '317-416', '2': '212-301'}",,,2.0,"{'1': '387-422', '2': '400-412'}",,,,
Q8VZS8,,,1.0,{'1': '20-221'},1.0,{'1': '57-204'},1.0,{'1': '64-203'},,,,,,,,
Q8VZS9,1.0,{'1': '167-458'},1.0,{'1': '146-455'},1.0,{'1': '31-459'},1.0,{'1': '160-449'},,,3.0,"{'1': '288-329', '2': '418-451', '3': '437-451'}",5.0,"{'1': '197-237', '2': '240-277', '3': '281-320', '4': '323-365', '5': '411-450'}",,
Q8VZT0,1.0,{'1': '59-133'},1.0,{'1': '54-145'},,,1.0,{'1': '58-144'},,,,,,,,
Q8VZU2,1.0,{'1': '33-259'},,,1.0,{'1': '36-284'},2.0,"{'1': '240-292', '2': '31-192'}",,,2.0,"{'1': '204-266', '2': '210-249'}",2.0,"{'1': '199-266', '2': '29-155'}",,
Q8VZU9,1.0,{'1': '9-186'},,,,,1.0,{'1': '11-202'},,,,,,,,
Q8VZW3,1.0,{'1': '3-208'},2.0,"{'1': '12-185', '2': '53-206'}",1.0,{'1': '1-208'},1.0,{'1': '10-206'},,,,,,,,
Q8W0Z7,2.0,"{'1': '10-192', '2': '263-541'}",3.0,"{'1': '5-214', '2': '255-378', '3': '381-549'}",1.0,{'1': '5-549'},1.0,{'1': '291-517'},,,,,,,,
Q8W104,1.0,{'1': '140-171'},3.0,"{'1': '139-314', '2': '315-444', '3': '459-570'}",1.0,{'1': '154-504'},1.0,{'1': '140-169'},,,,,5.0,"{'1': '252-277', '2': '294-320', '3': '351-376', '4': '377-401', '5': '492-517'}",,
Q8W117,1.0,{'1': '205-510'},1.0,{'1': '189-511'},1.0,{'1': '2-509'},2.0,"{'1': '6-36', '2': '221-510'}",3.0,"{'1': '228-242', '2': '278-292', '3': '362-376'}",7.0,"{'1': '221-250', '2': '259-300', '3': '301-342', '4': '343-384', '5': '478-511', '6': '6-38', '7': '40-92'}",9.0,"{'1': '201-241', '2': '252-291', '3': '294-333', '4': '336-375', '5': '378-424', '6': '426-468', '7': '471-510', '8': '6-38', '9': '40-92'}",,
Q8W191,1.0,{'1': '80-138'},,,1.0,{'1': '4-147'},1.0,{'1': '77-136'},,,2.0,"{'1': '83-98', '2': '78-141'}",1.0,{'1': '76-140'},,
Q8W1E3,,,,,1.0,{'1': '1-297'},1.0,{'1': '52-108'},,,2.0,"{'1': '56-92', '2': '54-108'}",,,,
Q8W1X2,1.0,{'1': '16-305'},1.0,{'1': '13-308'},1.0,{'1': '9-306'},1.0,{'1': '93-197'},,,,,,,1.0,{'1': '17-307'}
Q8W206,,,,,,,2.0,"{'1': '7-135', '2': '184-298'}",,,1.0,{'1': '30-164'},1.0,{'1': '10-163'},,
Q8W207,1.0,{'1': '335-411'},,,1.0,{'1': '9-437'},2.0,"{'1': '326-405', '2': '417-438'}",,,1.0,{'1': '243-412'},1.0,{'1': '341-423'},,
Q8W234,,,,,1.0,{'1': '29-850'},1.0,{'1': '309-563'},,,,,,,,
Q8W2B8,1.0,{'1': '72-322'},1.0,{'1': '63-206'},,,2.0,"{'1': '257-290', '2': '73-177'}",,,1.0,{'1': '266-294'},1.0,{'1': '73-177'},1.0,{'1': '145-306'}
Q8W420,4.0,"{'1': '281-497', '2': '480-601', '3': '43-153', '4': '192-264'}",2.0,"{'1': '273-422', '2': '423-564'}",,,3.0,"{'1': '45-153', '2': '206-244', '3': '516-561'}",,,1.0,{'1': '52-114'},,,1.0,{'1': '57-152'}
Q8W475,2.0,"{'1': '19-102', '2': '226-264'}",1.0,{'1': '19-104'},,,3.0,"{'1': '228-266', '2': '24-101', '3': '423-493'}",,,3.0,"{'1': '228-262', '2': '13-110', '3': '223-274'}",1.0,{'1': '224-272'},,
Q8W493,2.0,"{'1': '73-211', '2': '210-369'}",1.0,{'1': '207-369'},1.0,{'1': '6-369'},1.0,{'1': '222-336'},8.0,"{'1': '125-135', '2': '148-155', '3': '185-194', '4': '221-240', '5': '251-260', '6': '263-274', '7': '299-315', '8': '323-331'}",1.0,{'1': '90-212'},,,,
Q8W4B1,5.0,"{'1': '60-118', '2': '167-255', '3': '316-377', '4': '402-484', '5': '567-648'}",3.0,"{'1': '66-149', '2': '172-254', '3': '575-646'}",,,3.0,"{'1': '69-118', '2': '178-245', '3': '578-641'}",,,,,5.0,"{'1': '66-147', '2': '174-250', '3': '323-399', '4': '407-481', '5': '575-645'}",,
Q8W4B2,,,,,1.0,{'1': '3-332'},,,,,,,,,,
Q8W4D0,2.0,"{'1': '477-628', '2': '71-299'}",2.0,"{'1': '56-321', '2': '463-631'}",1.0,{'1': '474-627'},2.0,"{'1': '69-96', '2': '478-628'}",5.0,"{'1': '491-506', '2': '517-529', '3': '560-575', '4': '575-587', '5': '588-603'}",1.0,{'1': '474-628'},4.0,"{'1': '60-97', '2': '102-141', '3': '192-231', '4': '248-287'}",,
Q8W4D8,1.0,{'1': '187-307'},,,1.0,{'1': '99-313'},1.0,{'1': '219-299'},,,1.0,{'1': '219-282'},1.0,{'1': '218-282'},,
Q8W4E2,1.0,{'1': '92-382'},,,1.0,{'1': '8-486'},3.0,"{'1': '145-376', '2': '22-88', '3': '382-481'}",,,1.0,{'1': '367-376'},,,1.0,{'1': '18-486'}
Q8W4F0,,,,,1.0,{'1': '105-553'},2.0,"{'1': '190-244', '2': '339-549'}",,,5.0,"{'1': '190-224', '2': '188-248', '3': '42-61', '4': '87-106', '5': '149-168'}",4.0,"{'1': '189-241', '2': '42-61', '3': '87-106', '4': '149-168'}",,
Q8W4H7,3.0,"{'1': '226-321', '2': '326-430', '3': '3-249'}",1.0,{'1': '1-226'},1.0,{'1': '2-433'},3.0,"{'1': '7-223', '2': '248-313', '3': '327-427'}",5.0,"{'1': '9-22', '2': '68-76', '3': '88-98', '4': '104-115', '5': '148-157'}",2.0,"{'1': '5-230', '2': '61-76'}",,,1.0,{'1': '1-433'}
Q8W4H8,,,1.0,{'1': '30-342'},1.0,{'1': '9-355'},1.0,{'1': '37-337'},,,,,,,,
Q8W4I4,,,,,1.0,{'1': '10-780'},2.0,"{'1': '22-521', '2': '534-608'}",,,,,,,1.0,{'1': '22-782'}
Q8W4J9,1.0,{'1': '147-430'},5.0,"{'1': '144-310', '2': '565-661', '3': '663-885', '4': '416-504', '5': '320-415'}",,,4.0,"{'1': '169-339', '2': '5-92', '3': '551-880', '4': '433-499'}",,,,,,,,
Q8W4L3,2.0,"{'1': '30-318', '2': '385-478'}",1.0,{'1': '379-486'},1.0,{'1': '1-482'},2.0,"{'1': '71-309', '2': '340-456'}",,,1.0,{'1': '58-324'},,,,
Q8W4L5,1.0,{'1': '292-390'},1.0,{'1': '273-400'},,,3.0,"{'1': '295-388', '2': '544-585', '3': '55-102'}",,,2.0,"{'1': '295-396', '2': '538-588'}",1.0,{'1': '295-395'},,
Q8W4M5,1.0,{'1': '31-561'},1.0,{'1': '243-552'},,,1.0,{'1': '97-359'},4.0,"{'1': '100-119', '2': '189-205', '3': '222-239', '4': '325-337'}",,,,,1.0,{'1': '33-562'}
Q8W4M7,1.0,{'1': '31-679'},2.0,"{'1': '15-284', '2': '501-698'}",1.0,{'1': '5-722'},3.0,"{'1': '524-697', '2': '72-255', '3': '270-412'}",9.0,"{'1': '8-25', '2': '273-292', '3': '308-326', '4': '333-354', '5': '372-394', '6': '403-421', '7': '492-509', '8': '636-658', '9': '707-727'}",2.0,"{'1': '229-238', '2': '7-285'}",2.0,"{'1': '8-280', '2': '542-686'}",1.0,{'1': '9-714'}
Q8W4P1,1.0,{'1': '18-333'},,,1.0,{'1': '23-331'},1.0,{'1': '26-325'},,,3.0,"{'1': '26-325', '2': '160-172', '3': '32-55'}",1.0,{'1': '26-325'},,
Q8W575,1.0,{'1': '296-368'},,,1.0,{'1': '13-424'},2.0,"{'1': '286-360', '2': '25-247'}",,,1.0,{'1': '196-365'},1.0,{'1': '293-383'},,
Q8W5B1,,,,,,,2.0,"{'1': '259-381', '2': '66-132'}",,,,,,,,
Q93V43,,,,,1.0,{'1': '38-293'},1.0,{'1': '41-171'},,,2.0,"{'1': '42-100', '2': '151-172'}",,,,
Q93V56,1.0,{'1': '28-208'},1.0,{'1': '30-208'},1.0,{'1': '10-212'},1.0,{'1': '51-202'},,,,,,,,
Q93V99,1.0,{'1': '49-120'},1.0,{'1': '321-474'},1.0,{'1': '61-735'},3.0,"{'1': '63-118', '2': '254-473', '3': '491-737'}",,,3.0,"{'1': '60-120', '2': '244-476', '3': '95-118'}",2.0,"{'1': '61-124', '2': '253-473'}",,
Q93VB8,1.0,{'1': '171-251'},1.0,{'1': '158-251'},1.0,{'1': '47-241'},2.0,"{'1': '179-251', '2': '95-159'}",,,2.0,"{'1': '95-158', '2': '112-144'}",,,1.0,{'1': '48-255'}
Q93VD3,1.0,{'1': '28-292'},,,,,2.0,"{'1': '31-286', '2': '330-389'}",,,4.0,"{'1': '31-286', '2': '150-162', '3': '37-60', '4': '328-352'}",1.0,{'1': '31-286'},,
Q93VG5,,,1.0,{'1': '109-180'},1.0,{'1': '1-219'},1.0,{'1': '5-201'},,,1.0,{'1': '11-30'},,,1.0,{'1': '1-203'}
Q93VH6,,,,,,,1.0,{'1': '20-75'},,,,,,,,
Q93VI8,1.0,{'1': '96-379'},1.0,{'1': '100-379'},,,1.0,{'1': '105-374'},7.0,"{'1': '159-175', '2': '175-199', '3': '224-251', '4': '289-306', '5': '307-323', '6': '336-355', '7': '357-379'}",2.0,"{'1': '307-320', '2': '364-379'}",,,,
Q93VM9,,,,,1.0,{'1': '4-577'},1.0,{'1': '86-511'},,,,,,,,
Q93VP3,2.0,"{'1': '14-92', '2': '85-155'}",2.0,"{'1': '85-159', '2': '1-84'}",1.0,{'1': '1-158'},2.0,"{'1': '84-153', '2': '16-78'}",,,1.0,{'1': '49-56'},1.0,{'1': '84-153'},1.0,{'1': '16-152'}
Q93VR4,,,1.0,{'1': '1-152'},1.0,{'1': '3-150'},1.0,{'1': '4-151'},5.0,"{'1': '26-36', '2': '51-60', '3': '68-87', '4': '110-126', '5': '141-151'}",,,1.0,{'1': '2-152'},,
Q93VT9,1.0,{'1': '4-173'},1.0,{'1': '1-215'},1.0,{'1': '1-213'},1.0,{'1': '13-166'},,,1.0,{'1': '108-129'},,,1.0,{'1': '1-174'}
Q93W28,,,,,1.0,{'1': '14-337'},1.0,{'1': '270-335'},,,,,,,,
Q93WB5,,,1.0,{'1': '1-151'},1.0,{'1': '1-150'},1.0,{'1': '2-151'},,,,,1.0,{'1': '2-151'},,
Q93WL3,1.0,{'1': '85-219'},1.0,{'1': '85-235'},1.0,{'1': '1-233'},1.0,{'1': '87-210'},,,1.0,{'1': '83-228'},,,,
Q93WN0,,,,,1.0,{'1': '19-487'},1.0,{'1': '20-487'},,,,,,,,
Q93WY4,1.0,{'1': '136-201'},1.0,{'1': '130-204'},1.0,{'1': '16-204'},1.0,{'1': '145-201'},,,1.0,{'1': '139-201'},1.0,{'1': '144-203'},,
Q93Y22,2.0,"{'1': '6-142', '2': '283-525'}",,,1.0,{'1': '1-526'},1.0,{'1': '279-526'},,,1.0,{'1': '282-527'},,,,
Q93YQ1,2.0,"{'1': '456-864', '2': '1032-1338'}",2.0,"{'1': '474-741', '2': '1027-1344'}",1.0,{'1': '37-1336'},3.0,"{'1': '1079-1101', '2': '1255-1288', '3': '104-255'}",,,,,8.0,"{'1': '1015-1055', '2': '1058-1102', '3': '1109-1155', '4': '1158-1199', '5': '1203-1246', '6': '1250-1289', '7': '1302-1337', '8': '103-256'}",,
Q93YU5,,,,,1.0,{'1': '11-1053'},1.0,{'1': '16-151'},,,,,,,,
Q93YV6,1.0,{'1': '83-461'},1.0,{'1': '77-477'},1.0,{'1': '1-479'},1.0,{'1': '71-478'},,,,,,,,
Q93Z00,,,,,1.0,{'1': '82-450'},1.0,{'1': '116-298'},,,1.0,{'1': '117-171'},,,,
Q93Z04,1.0,{'1': '79-411'},1.0,{'1': '78-413'},1.0,{'1': '60-412'},1.0,{'1': '162-411'},7.0,"{'1': '102-119', '2': '126-151', '3': '162-178', '4': '297-316', '5': '319-338', '6': '362-386', '7': '391-414'}",,,1.0,{'1': '154-342'},,
Q93Z13,,,,,1.0,{'1': '5-605'},3.0,"{'1': '9-181', '2': '204-374', '3': '457-599'}",,,,,,,,
Q93Z16,,,,,1.0,{'1': '10-690'},4.0,"{'1': '28-304', '2': '426-550', '3': '312-418', '4': '583-683'}",,,,,,,,
Q93Z27,1.0,{'1': '85-199'},,,1.0,{'1': '76-201'},1.0,{'1': '135-199'},,,2.0,"{'1': '132-167', '2': '145-157'}",2.0,"{'1': '136-164', '2': '174-202'}",,
Q93Z53,3.0,"{'1': '168-259', '2': '93-433', '3': '417-567'}",3.0,"{'1': '168-263', '2': '430-547', '3': '99-429'}",1.0,{'1': '84-545'},2.0,"{'1': '99-419', '2': '466-548'}",7.0,"{'1': '157-173', '2': '281-295', '3': '311-337', '4': '338-362', '5': '363-387', '6': '388-406', '7': '407-423'}",1.0,{'1': '309-321'},,,1.0,{'1': '99-566'}
Q93Z70,1.0,{'1': '57-231'},,,1.0,{'1': '54-401'},2.0,"{'1': '60-197', '2': '205-369'}",,,1.0,{'1': '200-216'},1.0,{'1': '60-197'},1.0,{'1': '59-401'}
Q93ZA0,1.0,{'1': '161-394'},,,1.0,{'1': '92-452'},1.0,{'1': '163-367'},5.0,"{'1': '163-180', '2': '254-265', '3': '303-319', '4': '330-349', '5': '351-368'}",,,,,,
Q93ZB6,1.0,{'1': '61-399'},1.0,{'1': '52-399'},,,1.0,{'1': '60-396'},,,2.0,"{'1': '75-84', '2': '194-210'}",,,1.0,{'1': '62-395'}
Q93ZG3,1.0,{'1': '39-428'},1.0,{'1': '1-429'},1.0,{'1': '1-450'},4.0,"{'1': '100-132', '2': '182-219', '3': '309-340', '4': '393-427'}",3.0,"{'1': '119-133', '2': '206-220', '3': '327-341'}",6.0,"{'1': '99-141', '2': '186-228', '3': '308-349', '4': '395-427', '5': '206-220', '6': '327-341'}",5.0,"{'1': '33-72', '2': '87-132', '3': '179-219', '4': '298-340', '5': '388-427'}",,
Q93ZG7,1.0,{'1': '162-456'},2.0,"{'1': '70-307', '2': '308-483'}",,,2.0,"{'1': '326-442', '2': '117-290'}",,,3.0,"{'1': '329-483', '2': '125-301', '3': '91-120'}",2.0,"{'1': '354-442', '2': '111-316'}",,
Q93ZH7,,,,,,,2.0,"{'1': '116-135', '2': '366-435'}",,,,,1.0,{'1': '113-135'},,
Q93ZL5,,,,,1.0,{'1': '3-457'},1.0,{'1': '136-192'},,,2.0,"{'1': '140-176', '2': '138-192'}",,,,
Q93ZM7,3.0,"{'1': '214-406', '2': '168-235', '3': '37-550'}",3.0,"{'1': '222-403', '2': '167-440', '3': '36-552'}",1.0,{'1': '31-558'},1.0,{'1': '53-543'},5.0,"{'1': '57-83', '2': '113-140', '3': '298-321', '4': '380-405', '5': '428-449'}",1.0,{'1': '435-446'},,,1.0,{'1': '33-553'}
Q93ZR1,2.0,"{'1': '373-560', '2': '137-376'}",,,1.0,{'1': '19-564'},4.0,"{'1': '452-553', '2': '126-312', '3': '331-409', '4': '34-102'}",,,2.0,"{'1': '414-565', '2': '100-390'}",1.0,{'1': '107-369'},1.0,{'1': '43-564'}
Q93ZT6,2.0,"{'1': '209-444', '2': '610-769'}",,,,,2.0,"{'1': '216-440', '2': '617-728'}",,,1.0,{'1': '616-738'},2.0,"{'1': '216-441', '2': '617-729'}",,
Q93ZV7,2.0,"{'1': '116-356', '2': '4-102'}",3.0,"{'1': '109-205', '2': '287-401', '3': '6-106'}",1.0,{'1': '12-280'},3.0,"{'1': '123-184', '2': '15-74', '3': '309-404'}",3.0,"{'1': '17-34', '2': '43-58', '3': '157-175'}",3.0,"{'1': '116-193', '2': '4-108', '3': '298-419'}",2.0,"{'1': '117-189', '2': '8-100'}",,
Q93ZX1,2.0,"{'1': '241-326', '2': '8-235'}",1.0,{'1': '3-173'},1.0,{'1': '9-322'},2.0,"{'1': '45-173', '2': '243-326'}",,,,,1.0,{'1': '41-174'},,
Q93ZY2,,,,,1.0,{'1': '26-482'},1.0,{'1': '89-456'},,,1.0,{'1': '81-462'},,,,
Q940B0,1.0,{'1': '20-139'},,,1.0,{'1': '1-187'},1.0,{'1': '2-187'},,,,,,,,
Q940B8,1.0,{'1': '189-526'},1.0,{'1': '167-529'},1.0,{'1': '24-787'},1.0,{'1': '199-525'},4.0,"{'1': '273-294', '2': '383-400', '3': '426-444', '4': '476-497'}",2.0,"{'1': '193-526', '2': '425-436'}",1.0,{'1': '191-532'},,
Q940D0,2.0,"{'1': '235-294', '2': '35-173'}",,,1.0,{'1': '37-475'},2.0,"{'1': '239-289', '2': '39-147'}",,,2.0,"{'1': '38-153', '2': '234-293'}",1.0,{'1': '37-149'},1.0,{'1': '237-290'}
Q940H6,1.0,{'1': '13-304'},,,,,1.0,{'1': '21-277'},,,3.0,"{'1': '21-277', '2': '136-148', '3': '27-50'}",1.0,{'1': '21-277'},,
Q940I0,,,,,1.0,{'1': '52-399'},1.0,{'1': '222-339'},,,1.0,{'1': '217-359'},2.0,"{'1': '131-143', '2': '196-208'}",,
Q940J9,2.0,"{'1': '119-350', '2': '431-580'}",1.0,{'1': '189-359'},1.0,{'1': '19-613'},1.0,{'1': '94-590'},,,,,,,,
Q940P8,3.0,"{'1': '206-372', '2': '152-399', '3': '13-519'}",3.0,"{'1': '211-363', '2': '142-399', '3': '27-516'}",1.0,{'1': '12-520'},1.0,{'1': '30-518'},5.0,"{'1': '32-48', '2': '56-74', '3': '86-105', '4': '367-389', '5': '401-413'}",3.0,"{'1': '35-47', '2': '58-74', '3': '86-94'}",,,1.0,{'1': '5-523'}
Q940T9,,,,,1.0,{'1': '6-340'},3.0,"{'1': '4-42', '2': '46-91', '3': '295-337'}",,,3.0,"{'1': '1-48', '2': '44-91', '3': '295-337'}",2.0,"{'1': '1-48', '2': '49-91'}",,
Q940X7,,,1.0,{'1': '19-118'},1.0,{'1': '29-117'},1.0,{'1': '50-108'},,,1.0,{'1': '63-108'},,,,
Q940X9,1.0,{'1': '270-360'},1.0,{'1': '272-363'},1.0,{'1': '41-782'},2.0,"{'1': '659-808', '2': '282-336'}",,,1.0,{'1': '272-361'},4.0,"{'1': '669-710', '2': '711-749', '3': '750-785', '4': '276-354'}",,
Q940Y1,1.0,{'1': '339-714'},1.0,{'1': '47-178'},1.0,{'1': '51-698'},1.0,{'1': '344-698'},,,1.0,{'1': '50-177'},1.0,{'1': '51-179'},,
Q940Y3,2.0,"{'1': '695-782', '2': '489-589'}",2.0,"{'1': '679-786', '2': '494-592'}",1.0,{'1': '225-784'},2.0,"{'1': '497-581', '2': '704-784'}",,,2.0,"{'1': '494-585', '2': '686-786'}",1.0,{'1': '495-586'},,
Q940Z2,2.0,"{'1': '21-161', '2': '170-716'}",,,1.0,{'1': '21-711'},2.0,"{'1': '21-217', '2': '587-715'}",,,,,1.0,{'1': '19-724'},,
Q941A6,,,,,1.0,{'1': '4-142'},,,,,,,,,,
Q941L0,1.0,{'1': '352-857'},2.0,"{'1': '2-93', '2': '452-629'}",,,2.0,"{'1': '338-1057', '2': '10-86'}",,,1.0,{'1': '20-66'},,,,
Q941L3,3.0,"{'1': '55-166', '2': '199-291', '3': '340-522'}",2.0,"{'1': '52-184', '2': '185-300'}",1.0,{'1': '32-577'},3.0,"{'1': '55-161', '2': '199-291', '3': '360-575'}",,,3.0,"{'1': '26-163', '2': '176-303', '3': '341-560'}",3.0,"{'1': '49-162', '2': '199-298', '3': '339-536'}",,
Q944A6,3.0,"{'1': '21-101', '2': '151-322', '3': '349-485'}",3.0,"{'1': '18-101', '2': '132-322', '3': '323-485'}",1.0,{'1': '147-484'},3.0,"{'1': '351-398', '2': '441-485', '3': '22-99'}",,,2.0,"{'1': '165-227', '2': '350-408'}",3.0,"{'1': '171-220', '2': '353-401', '3': '436-485'}",,
Q944A7,2.0,"{'1': '57-332', '2': '405-505'}",1.0,{'1': '401-509'},1.0,{'1': '55-507'},2.0,"{'1': '90-327', '2': '363-479'}",,,1.0,{'1': '76-331'},,,,
Q944A9,,,,,,,1.0,{'1': '152-232'},,,1.0,{'1': '144-206'},1.0,{'1': '139-206'},,
Q944G9,,,1.0,{'1': '32-397'},1.0,{'1': '51-398'},1.0,{'1': '54-398'},,,1.0,{'1': '259-269'},,,,
Q944K2,,,,,1.0,{'1': '9-437'},2.0,"{'1': '32-285', '2': '299-437'}",,,,,,,,
Q944S1,1.0,{'1': '111-529'},2.0,"{'1': '45-380', '2': '396-580'}",,,2.0,"{'1': '409-518', '2': '107-271'}",,,3.0,"{'1': '408-566', '2': '111-380', '3': '80-108'}",2.0,"{'1': '438-518', '2': '99-399'}",,
Q945K7,,,,,,,1.0,{'1': '47-370'},,,1.0,{'1': '265-284'},1.0,{'1': '45-370'},1.0,{'1': '43-374'}
Q945M1,,,,,1.0,{'1': '5-111'},,,,,,,,,,
Q945Q1,1.0,{'1': '11-99'},,,1.0,{'1': '8-99'},1.0,{'1': '19-97'},,,1.0,{'1': '54-67'},1.0,{'1': '8-98'},,
Q946J2,1.0,{'1': '416-719'},2.0,"{'1': '1-60', '2': '410-721'}",,,3.0,"{'1': '578-696', '2': '412-558', '3': '6-59'}",,,3.0,"{'1': '566-696', '2': '460-563', '3': '1-733'}",2.0,"{'1': '566-702', '2': '407-550'}",,
Q946J8,1.0,{'1': '95-157'},,,1.0,{'1': '9-444'},1.0,{'1': '108-156'},3.0,"{'1': '105-113', '2': '118-132', '3': '133-145'}",2.0,"{'1': '108-156', '2': '125-145'}",2.0,"{'1': '107-160', '2': '372-444'}",,
Q949U7,1.0,{'1': '72-234'},,,1.0,{'1': '70-234'},1.0,{'1': '75-231'},,,1.0,{'1': '73-234'},,,,
Q949W8,2.0,"{'1': '11-290', '2': '295-496'}",,,,,2.0,"{'1': '12-288', '2': '299-496'}",,,,,,,,
Q949Y0,2.0,"{'1': '3-90', '2': '102-476'}",,,1.0,{'1': '2-478'},2.0,"{'1': '17-73', '2': '104-475'}",,,5.0,"{'1': '27-71', '2': '105-120', '3': '413-431', '4': '28-53', '5': '104-478'}",1.0,{'1': '2-73'},,
Q94A41,1.0,{'1': '498-812'},1.0,{'1': '830-886'},,,4.0,"{'1': '517-590', '2': '827-885', '3': '95-213', '4': '268-385'}",,,,,2.0,"{'1': '496-825', '2': '826-886'}",,
Q94A52,1.0,{'1': '103-391'},2.0,"{'1': '25-243', '2': '244-408'}",,,2.0,"{'1': '261-369', '2': '60-222'}",,,3.0,"{'1': '247-408', '2': '66-236', '3': '35-63'}",2.0,"{'1': '288-369', '2': '54-251'}",,
Q94A76,2.0,"{'1': '314-503', '2': '535-715'}",3.0,"{'1': '370-511', '2': '522-628', '3': '629-722'}",1.0,{'1': '52-815'},5.0,"{'1': '405-490', '2': '538-627', '3': '636-713', '4': '65-313', '5': '739-812'}",5.0,"{'1': '78-85', '2': '101-111', '3': '210-220', '4': '258-275', '5': '302-311'}",5.0,"{'1': '386-489', '2': '563-595', '3': '596-628', '4': '660-692', '5': '740-820'}",6.0,"{'1': '386-504', '2': '563-592', '3': '596-625', '4': '627-656', '5': '660-690', '6': '693-722'}",,
Q94AG2,1.0,{'1': '281-577'},1.0,{'1': '26-212'},,,6.0,"{'1': '305-576', '2': '94-116', '3': '118-140', '4': '142-163', '5': '167-184', '6': '27-66'}",,,3.0,"{'1': '302-589', '2': '425-437', '3': '308-330'}",1.0,{'1': '302-576'},,
Q94AH9,1.0,{'1': '82-309'},1.0,{'1': '133-310'},,,1.0,{'1': '82-309'},7.0,"{'1': '100-119', '2': '128-147', '3': '155-176', '4': '180-197', '5': '205-234', '6': '235-264', '7': '287-308'}",,,1.0,{'1': '82-310'},,
Q94AI6,,,1.0,{'1': '564-733'},1.0,{'1': '3-738'},1.0,{'1': '173-704'},,,,,,,,
Q94AI7,3.0,"{'1': '350-447', '2': '419-699', '3': '832-1094'}",3.0,"{'1': '322-514', '2': '515-730', '3': '766-1101'}",1.0,{'1': '1-1111'},6.0,"{'1': '457-492', '2': '498-535', '3': '912-947', '4': '164-204', '5': '37-161', '6': '5-34'}",,,6.0,"{'1': '458-501', '2': '593-634', '3': '915-956', '4': '4-36', '5': '34-92', '6': '479-493'}",13.0,"{'1': '345-384', '2': '406-445', '3': '451-492', '4': '495-536', '5': '539-582', '6': '585-625', '7': '825-862', '8': '865-905', '9': '908-947', '10': '999-1040', '11': '1053-1093', '12': '4-36', '13': '34-92'}",,
Q94AM9,,,,,1.0,{'1': '30-587'},3.0,"{'1': '206-275', '2': '463-474', '3': '47-130'}",,,1.0,{'1': '48-113'},1.0,{'1': '206-277'},,
Q94AQ8,1.0,{'1': '41-343'},1.0,{'1': '46-348'},,,,,,,,,,,,
Q94AQ9,,,,,,,1.0,{'1': '72-224'},,,,,,,,
Q94AT1,1.0,{'1': '99-348'},1.0,{'1': '93-375'},1.0,{'1': '81-347'},1.0,{'1': '102-340'},,,2.0,"{'1': '132-140', '2': '101-347'}",2.0,"{'1': '84-347', '2': '91-345'}",,
Q94AU9,1.0,{'1': '54-173'},1.0,{'1': '47-174'},1.0,{'1': '8-173'},1.0,{'1': '60-164'},,,,,,,,
Q94AW8,4.0,"{'1': '114-272', '2': '265-354', '3': '145-216', '4': '10-107'}",1.0,{'1': '11-110'},1.0,{'1': '12-397'},3.0,"{'1': '148-214', '2': '15-72', '3': '122-343'}",3.0,"{'1': '16-34', '2': '47-67', '3': '67-86'}",3.0,"{'1': '135-219', '2': '14-75', '3': '52-71'}",1.0,{'1': '13-67'},,
Q94AZ2,1.0,{'1': '28-486'},1.0,{'1': '15-490'},1.0,{'1': '14-499'},1.0,{'1': '27-486'},5.0,"{'1': '34-44', '2': '138-157', '3': '295-305', '4': '390-411', '5': '413-425'}",2.0,"{'1': '339-356', '2': '26-477'}",,,1.0,{'1': '20-484'}
Q94AZ4,1.0,{'1': '6-145'},,,1.0,{'1': '4-146'},2.0,"{'1': '14-42', '2': '83-145'}",,,4.0,"{'1': '9-44', '2': '80-115', '3': '116-148', '4': '22-34'}",3.0,"{'1': '13-41', '2': '84-112', '3': '120-148'}",,
Q94B60,1.0,{'1': '78-254'},,,1.0,{'1': '38-255'},1.0,{'1': '78-251'},5.0,"{'1': '79-94', '2': '119-139', '3': '150-167', '4': '171-190', '5': '228-247'}",1.0,{'1': '172-185'},,,,
Q94B71,,,,,1.0,{'1': '44-732'},2.0,"{'1': '624-722', '2': '408-532'}",6.0,"{'1': '319-341', '2': '358-373', '3': '373-388', '4': '399-420', '5': '445-465', '6': '518-537'}",,,,,,
Q94BM7,2.0,"{'1': '57-270', '2': '481-791'}",1.0,{'1': '458-794'},1.0,{'1': '152-794'},3.0,"{'1': '484-511', '2': '567-605', '3': '654-689'}",3.0,"{'1': '549-563', '2': '592-606', '3': '676-690'}",4.0,"{'1': '1-268', '2': '572-614', '3': '658-691', '4': '676-690'}",8.0,"{'1': '15-268', '2': '477-512', '3': '523-562', '4': '565-605', '5': '608-647', '6': '651-689', '7': '698-737', '8': '751-792'}",,
Q94BN2,1.0,{'1': '71-352'},2.0,"{'1': '121-356', '2': '46-120'}",1.0,{'1': '44-354'},1.0,{'1': '76-123'},,,2.0,"{'1': '147-160', '2': '53-304'}",,,1.0,{'1': '80-348'}
Q94BP0,,,,,1.0,{'1': '30-784'},1.0,{'1': '295-555'},,,,,,,,
Q94BR1,4.0,"{'1': '121-280', '2': '283-401', '3': '418-577', '4': '581-696'}",,,1.0,{'1': '37-696'},4.0,"{'1': '124-234', '2': '288-398', '3': '422-531', '4': '585-692'}",,,4.0,"{'1': '122-243', '2': '286-407', '3': '420-541', '4': '583-702'}",4.0,"{'1': '123-234', '2': '287-398', '3': '421-532', '4': '584-693'}",,
Q94BR5,2.0,"{'1': '207-564', '2': '572-980'}",5.0,"{'1': '663-730', '2': '579-980', '3': '197-285', '4': '325-423', '5': '431-565'}",,,3.0,"{'1': '229-641', '2': '828-923', '3': '679-715'}",,,4.0,"{'1': '804-976', '2': '679-718', '3': '241-526', '4': '694-703'}",3.0,"{'1': '840-923', '2': '679-719', '3': '222-531'}",,
Q94BT0,,,1.0,{'1': '782-993'},1.0,{'1': '1-1038'},3.0,"{'1': '170-393', '2': '472-646', '3': '769-993'}",,,,,,,1.0,{'1': '1-1038'}
Q94BT6,4.0,"{'1': '447-591', '2': '279-497', '3': '43-154', '4': '189-258'}",2.0,"{'1': '270-495', '2': '496-607'}",,,3.0,"{'1': '44-154', '2': '205-243', '3': '518-563'}",,,2.0,"{'1': '39-114', '2': '208-241'}",1.0,{'1': '200-241'},1.0,{'1': '55-153'}
Q94BV4,1.0,{'1': '224-507'},2.0,"{'1': '154-359', '2': '360-528'}",,,2.0,"{'1': '378-486', '2': '178-342'}",,,4.0,"{'1': '301-309', '2': '365-525', '3': '185-355', '4': '154-182'}",2.0,"{'1': '405-486', '2': '173-369'}",,
Q94C26,,,,,,,1.0,{'1': '29-78'},,,,,,,,
Q94C32,1.0,{'1': '21-173'},1.0,{'1': '151-315'},1.0,{'1': '25-307'},2.0,"{'1': '135-306', '2': '29-95'}",,,,,1.0,{'1': '28-99'},,
Q94C59,2.0,"{'1': '157-259', '2': '269-423'}",1.0,{'1': '164-438'},1.0,{'1': '104-536'},3.0,"{'1': '269-422', '2': '192-243', '3': '442-526'}",,,2.0,"{'1': '258-428', '2': '433-534'}",2.0,"{'1': '263-425', '2': '219-244'}",,
Q94CD5,1.0,{'1': '351-664'},2.0,"{'1': '16-321', '2': '11-292'}",1.0,{'1': '317-664'},2.0,"{'1': '342-584', '2': '11-325'}",,,,,,,1.0,{'1': '13-692'}
Q94CE4,1.0,{'1': '65-274'},1.0,{'1': '61-279'},1.0,{'1': '54-271'},1.0,{'1': '105-263'},,,2.0,"{'1': '109-116', '2': '153-173'}",1.0,{'1': '97-268'},,
Q94CK3,1.0,{'1': '22-166'},1.0,{'1': '29-166'},1.0,{'1': '5-163'},2.0,"{'1': '53-84', '2': '92-144'}",,,1.0,{'1': '92-125'},,,,
Q94CL6,1.0,{'1': '60-461'},,,1.0,{'1': '12-473'},2.0,"{'1': '429-462', '2': '92-398'}",,,,,1.0,{'1': '406-464'},,
Q94CL7,1.0,{'1': '224-279'},,,1.0,{'1': '180-391'},2.0,"{'1': '227-278', '2': '313-356'}",,,1.0,{'1': '229-282'},,,1.0,{'1': '225-279'}
Q94EH8,1.0,{'1': '46-180'},1.0,{'1': '102-182'},1.0,{'1': '5-293'},2.0,"{'1': '109-177', '2': '236-289'}",,,1.0,{'1': '107-184'},2.0,"{'1': '108-180', '2': '215-295'}",,
Q94EJ2,1.0,{'1': '3-374'},1.0,{'1': '5-371'},,,1.0,{'1': '39-332'},3.0,"{'1': '141-164', '2': '175-190', '3': '264-274'}",,,,,,
Q94F00,,,,,,,1.0,{'1': '87-350'},6.0,"{'1': '119-139', '2': '141-157', '3': '162-178', '4': '217-240', '5': '264-285', '6': '295-319'}",2.0,"{'1': '298-312', '2': '162-175'}",,,,
Q94F47,1.0,{'1': '2-147'},1.0,{'1': '1-148'},,,1.0,{'1': '5-141'},,,2.0,"{'1': '1-147', '2': '74-89'}",,,,
Q94F62,1.0,{'1': '268-564'},1.0,{'1': '25-203'},,,4.0,"{'1': '292-563', '2': '166-182', '3': '92-152', '4': '26-65'}",,,3.0,"{'1': '289-576', '2': '412-424', '3': '295-317'}",1.0,{'1': '289-563'},,
Q94F88,2.0,"{'1': '371-437', '2': '268-806'}",3.0,"{'1': '254-356', '2': '374-824', '3': '43-212'}",1.0,{'1': '13-828'},3.0,"{'1': '110-217', '2': '447-806', '3': '382-437'}",3.0,"{'1': '270-286', '2': '495-509', '3': '541-554'}",5.0,"{'1': '382-437', '2': '108-227', '3': '269-813', '4': '452-464', '5': '405-425'}",2.0,"{'1': '381-440', '2': '108-227'}",1.0,{'1': '451-803'}
Q94FB9,4.0,"{'1': '444-652', '2': '1095-1323', '3': '145-419', '4': '763-999'}",3.0,"{'1': '434-717', '2': '1082-1322', '3': '107-424'}",1.0,{'1': '713-1335'},4.0,"{'1': '465-610', '2': '1115-1280', '3': '93-361', '4': '747-1013'}",,,6.0,"{'1': '448-695', '2': '1091-1337', '3': '153-343', '4': '760-998', '5': '582-596', '6': '1252-1266'}",2.0,"{'1': '473-652', '2': '1122-1333'}",,
Q94FL9,2.0,"{'1': '26-81', '2': '78-174'}",,,1.0,{'1': '81-278'},3.0,"{'1': '29-75', '2': '81-127', '3': '133-175'}",,,6.0,"{'1': '24-75', '2': '76-127', '3': '128-178', '4': '29-75', '5': '76-131', '6': '132-182'}",3.0,"{'1': '28-77', '2': '80-129', '3': '132-180'}",,
Q94IB8,1.0,{'1': '78-477'},2.0,"{'1': '125-366', '2': '104-409'}",1.0,{'1': '36-473'},1.0,{'1': '109-464'},,,,,,,,
Q94JM3,1.0,{'1': '160-293'},1.0,{'1': '161-266'},1.0,{'1': '57-822'},3.0,"{'1': '164-265', '2': '313-395', '3': '779-820'}",,,2.0,"{'1': '164-266', '2': '733-817'}",1.0,{'1': '164-266'},,
Q94JQ3,1.0,{'1': '83-528'},2.0,"{'1': '112-377', '2': '87-527'}",1.0,{'1': '82-528'},1.0,{'1': '85-473'},,,1.0,{'1': '306-322'},,,,
Q94JQ6,1.0,{'1': '369-900'},2.0,"{'1': '21-112', '2': '497-655'}",,,2.0,"{'1': '355-1072', '2': '30-105'}",,,1.0,{'1': '39-85'},,,,
Q94JS0,1.0,{'1': '136-271'},1.0,{'1': '141-272'},1.0,{'1': '79-272'},2.0,"{'1': '104-143', '2': '201-257'}",3.0,"{'1': '210-221', '2': '232-244', '3': '244-256'}",1.0,{'1': '201-270'},,,1.0,{'1': '122-272'}
Q94JU3,,,,,1.0,{'1': '9-233'},1.0,{'1': '80-154'},,,1.0,{'1': '1-159'},1.0,{'1': '86-177'},,
Q94JX5,,,,,,,2.0,"{'1': '10-66', '2': '110-164'}",,,3.0,"{'1': '10-44', '2': '8-68', '3': '108-168'}",2.0,"{'1': '9-61', '2': '109-161'}",,
Q94JX9,,,1.0,{'1': '79-132'},1.0,{'1': '15-216'},2.0,"{'1': '73-128', '2': '177-216'}",,,1.0,{'1': '70-135'},1.0,{'1': '73-129'},,
Q94JY0,,,,,1.0,{'1': '12-330'},2.0,"{'1': '172-256', '2': '260-328'}",,,,,,,,
Q94K05,3.0,"{'1': '218-382', '2': '158-409', '3': '24-530'}",3.0,"{'1': '221-374', '2': '151-409', '3': '32-526'}",1.0,{'1': '20-529'},1.0,{'1': '39-530'},5.0,"{'1': '41-57', '2': '63-81', '3': '93-112', '4': '377-399', '5': '411-423'}",2.0,"{'1': '44-56', '2': '65-81'}",,,1.0,{'1': '10-539'}
Q94K07,1.0,{'1': '29-296'},,,1.0,{'1': '32-315'},1.0,{'1': '53-297'},,,,,,,,
Q94KB4,,,,,1.0,{'1': '13-459'},1.0,{'1': '14-459'},,,,,,,,
Q94KB7,,,,,1.0,{'1': '7-536'},1.0,{'1': '7-495'},,,,,,,,
Q94KD0,2.0,"{'1': '278-400', '2': '78-116'}",1.0,{'1': '249-417'},,,2.0,"{'1': '282-312', '2': '84-115'}",,,3.0,"{'1': '280-371', '2': '88-109', '3': '84-115'}",2.0,"{'1': '281-367', '2': '86-112'}",,
Q94KD3,,,,,1.0,{'1': '39-706'},2.0,"{'1': '93-266', '2': '283-587'}",,,,,,,,
Q96251,1.0,{'1': '58-157'},1.0,{'1': '57-149'},1.0,{'1': '28-231'},1.0,{'1': '60-228'},5.0,"{'1': '56-75', '2': '126-137', '3': '137-151', '4': '189-204', '5': '204-222'}",,,,,1.0,{'1': '60-229'}
Q96253,1.0,{'1': '7-53'},1.0,{'1': '9-64'},1.0,{'1': '1-67'},1.0,{'1': '9-56'},,,,,,,,
Q96254,2.0,"{'1': '1-356', '2': '390-433'}",1.0,{'1': '2-430'},1.0,{'1': '1-433'},1.0,{'1': '1-433'},16.0,"{'1': '16-28', '2': '75-88', '3': '125-140', '4': '182-196', '5': '280-294', '6': '323-339', '7': '348-366', '8': '381-400', '9': '402-422', '10': '6-24', '11': '24-41', '12': '69-86', '13': '86-102', '14': '135-150', '15': '212-229', '16': '230-251'}",,,,,,
Q96283,1.0,{'1': '7-179'},1.0,{'1': '5-215'},1.0,{'1': '8-189'},1.0,{'1': '14-174'},,,1.0,{'1': '6-202'},1.0,{'1': '15-172'},1.0,{'1': '11-169'}
Q96287,1.0,{'1': '137-448'},,,1.0,{'1': '101-466'},1.0,{'1': '139-422'},,,3.0,"{'1': '138-422', '2': '259-271', '3': '144-168'}",1.0,{'1': '138-422'},,
Q96288,,,,,1.0,{'1': '1-247'},2.0,"{'1': '3-45', '2': '55-95'}",,,2.0,"{'1': '1-47', '2': '52-99'}",2.0,"{'1': '4-47', '2': '52-99'}",,
Q96290,1.0,{'1': '8-713'},2.0,"{'1': '2-244', '2': '496-728'}",1.0,{'1': '5-721'},2.0,"{'1': '7-224', '2': '499-717'}",5.0,"{'1': '15-25', '2': '98-117', '3': '521-531', '4': '620-641', '5': '643-655'}",3.0,"{'1': '61-78', '2': '103-128', '3': '7-708'}",,,,
Q96291,1.0,{'1': '73-264'},,,1.0,{'1': '60-265'},2.0,"{'1': '75-208', '2': '229-264'}",,,1.0,{'1': '73-232'},,,,
Q96292,2.0,"{'1': '5-155', '2': '149-377'}",,,1.0,{'1': '9-369'},1.0,{'1': '5-377'},6.0,"{'1': '28-37', '2': '51-62', '3': '63-85', '4': '117-130', '5': '142-161', '6': '238-254'}",3.0,"{'1': '55-65', '2': '358-366', '3': '106-118'}",1.0,{'1': '7-377'},,
Q96293,2.0,"{'1': '5-155', '2': '149-377'}",,,1.0,{'1': '9-369'},1.0,{'1': '5-377'},6.0,"{'1': '28-37', '2': '51-62', '3': '63-85', '4': '117-130', '5': '142-161', '6': '238-254'}",3.0,"{'1': '55-65', '2': '358-366', '3': '106-118'}",1.0,{'1': '7-377'},,
Q96299,1.0,{'1': '6-237'},1.0,{'1': '1-247'},1.0,{'1': '7-239'},1.0,{'1': '13-235'},6.0,"{'1': '39-68', '2': '88-112', '3': '119-141', '4': '154-180', '5': '181-207', '6': '208-237'}",2.0,"{'1': '45-55', '2': '217-236'}",1.0,{'1': '7-248'},,
Q96300,1.0,{'1': '4-237'},1.0,{'1': '1-248'},1.0,{'1': '5-239'},1.0,{'1': '11-235'},6.0,"{'1': '39-68', '2': '88-112', '3': '119-141', '4': '154-180', '5': '181-207', '6': '208-237'}",2.0,"{'1': '45-55', '2': '217-236'}",1.0,{'1': '5-249'},,
Q96301,2.0,"{'1': '37-269', '2': '261-798'}",4.0,"{'1': '24-156', '2': '157-190', '3': '191-260', '4': '261-459'}",1.0,{'1': '31-853'},7.0,"{'1': '186-212', '2': '220-253', '3': '329-362', '4': '397-429', '5': '295-323', '6': '468-633', '7': '650-826'}",,,8.0,"{'1': '77-110', '2': '152-185', '3': '186-219', '4': '220-253', '5': '295-328', '6': '329-362', '7': '363-396', '8': '397-430'}",15.0,"{'1': '186-217', '2': '220-251', '3': '295-326', '4': '329-360', '5': '43-76', '6': '77-110', '7': '111-144', '8': '152-185', '9': '186-219', '10': '220-253', '11': '261-294', '12': '295-328', '13': '329-362', '14': '363-396', '15': '397-430'}",,
Q96303,1.0,{'1': '12-515'},1.0,{'1': '20-532'},,,1.0,{'1': '26-515'},,,1.0,{'1': '24-508'},,,1.0,{'1': '11-517'}
Q96305,1.0,{'1': '31-135'},,,1.0,{'1': '31-136'},1.0,{'1': '41-109'},,,,,,,1.0,{'1': '33-136'}
Q96321,1.0,{'1': '12-499'},2.0,"{'1': '72-495', '2': '11-50'}",,,10.0,"{'1': '105-145', '2': '148-186', '3': '189-230', '4': '243-271', '5': '274-312', '6': '318-356', '7': '358-397', '8': '401-440', '9': '12-94', '10': '456-505'}",,,5.0,"{'1': '115-154', '2': '158-186', '3': '242-284', '4': '326-361', '5': '1-58'}",8.0,"{'1': '104-145', '2': '147-187', '3': '188-230', '4': '232-271', '5': '273-313', '6': '315-356', '7': '358-398', '8': '401-441'}",,
Q96327,2.0,"{'1': '11-332', '2': '237-308'}",2.0,"{'1': '19-336', '2': '243-303'}",1.0,{'1': '5-373'},1.0,{'1': '22-224'},3.0,"{'1': '81-94', '2': '106-122', '3': '213-225'}",,,,,1.0,{'1': '1-385'}
Q96329,2.0,"{'1': '46-275', '2': '280-425'}",2.0,"{'1': '36-169', '2': '170-276'}",1.0,{'1': '1-434'},3.0,"{'1': '171-263', '2': '281-421', '3': '56-165'}",,,2.0,"{'1': '173-185', '2': '381-400'}",,,,
Q96519,1.0,{'1': '30-335'},,,1.0,{'1': '30-334'},1.0,{'1': '47-298'},14.0,"{'1': '39-58', '2': '63-83', '3': '103-116', '4': '122-132', '5': '141-156', '6': '188-200', '7': '249-264', '8': '265-282', '9': '308-321', '10': '61-75', '11': '123-140', '12': '141-153', '13': '189-204', '14': '251-266'}",3.0,"{'1': '29-335', '2': '189-199', '3': '61-72'}",,,,
Q96524,2.0,"{'1': '197-491', '2': '7-177'}",1.0,{'1': '8-210'},1.0,{'1': '5-508'},2.0,"{'1': '287-485', '2': '7-160'}",3.0,"{'1': '143-159', '2': '336-352', '3': '356-374'}",3.0,"{'1': '5-134', '2': '336-348', '3': '356-375'}",,,1.0,{'1': '6-486'}
Q96528,1.0,{'1': '11-489'},,,1.0,{'1': '7-487'},2.0,"{'1': '424-486', '2': '18-397'}",6.0,"{'1': '31-54', '2': '94-112', '3': '115-132', '4': '134-152', '5': '299-326', '6': '331-357'}",3.0,"{'1': '344-352', '2': '14-492', '3': '54-70'}",1.0,{'1': '18-401'},,
Q96533,3.0,"{'1': '3-193', '2': '327-375', '3': '168-341'}",,,,,2.0,"{'1': '206-329', '2': '34-163'}",,,1.0,{'1': '68-82'},,,1.0,{'1': '10-376'}
Q9AR19,2.0,"{'1': '227-376', '2': '455-558'}",1.0,{'1': '449-565'},1.0,{'1': '10-564'},2.0,"{'1': '258-342', '2': '465-547'}",4.0,"{'1': '475-488', '2': '489-505', '3': '506-524', '4': '524-543'}",3.0,"{'1': '222-371', '2': '472-543', '3': '477-535'}",1.0,{'1': '453-562'},,
Q9ASR0,2.0,"{'1': '244-429', '2': '1-243'}",3.0,"{'1': '374-430', '2': '1-262', '3': '263-373'}",1.0,{'1': '3-426'},2.0,"{'1': '3-211', '2': '261-382'}",22.0,"{'1': '10-30', '2': '51-70', '3': '93-104', '4': '106-130', '5': '132-150', '6': '151-172', '7': '176-189', '8': '190-210', '9': '370-398', '10': '41-58', '11': '88-99', '12': '108-126', '13': '152-164', '14': '212-224', '15': '230-239', '16': '245-258', '17': '265-281', '18': '311-329', '19': '329-343', '20': '347-370', '21': '377-388', '22': '412-430'}",2.0,"{'1': '1-4', '2': '140-146'}",2.0,"{'1': '47-244', '2': '246-383'}",,
Q9ASS2,1.0,{'1': '450-520'},1.0,{'1': '442-520'},1.0,{'1': '1-601'},1.0,{'1': '451-515'},,,1.0,{'1': '455-515'},1.0,{'1': '447-516'},,
Q9ASS4,1.0,{'1': '281-586'},1.0,{'1': '29-219'},1.0,{'1': '281-589'},5.0,"{'1': '305-517', '2': '102-123', '3': '128-147', '4': '151-172', '5': '32-71'}",,,1.0,{'1': '303-596'},,,,
Q9ASS6,1.0,{'1': '83-254'},1.0,{'1': '76-259'},,,1.0,{'1': '100-252'},5.0,"{'1': '113-128', '2': '142-154', '3': '185-200', '4': '200-212', '5': '213-228'}",2.0,"{'1': '103-253', '2': '137-154'}",,,,
Q9ASV5,,,,,1.0,{'1': '4-650'},1.0,{'1': '70-645'},,,,,,,,
Q9ATB4,2.0,"{'1': '99-151', '2': '404-484'}",2.0,"{'1': '402-486', '2': '42-93'}",,,3.0,"{'1': '47-93', '2': '104-146', '3': '231-302'}",,,6.0,"{'1': '47-74', '2': '42-98', '3': '105-148', '4': '401-487', '5': '100-152', '6': '105-152'}",2.0,"{'1': '41-85', '2': '101-150'}",,
Q9C4Z6,1.0,{'1': '5-321'},1.0,{'1': '4-326'},1.0,{'1': '2-323'},7.0,"{'1': '8-43', '2': '56-91', '3': '96-133', '4': '137-179', '5': '184-221', '6': '226-261', '7': '297-321'}",3.0,"{'1': '120-134', '2': '166-180', '3': '208-222'}",10.0,"{'1': '11-53', '2': '59-100', '3': '101-133', '4': '145-188', '5': '189-230', '6': '237-270', '7': '298-326', '8': '78-92', '9': '166-180', '10': '208-222'}",7.0,"{'1': '4-44', '2': '52-91', '3': '94-133', '4': '135-179', '5': '182-221', '6': '224-261', '7': '288-322'}",,
Q9C500,,,1.0,{'1': '57-151'},1.0,{'1': '20-177'},1.0,{'1': '57-148'},,,,,,,,
Q9C504,1.0,{'1': '28-110'},1.0,{'1': '27-112'},,,1.0,{'1': '36-108'},,,1.0,{'1': '32-110'},1.0,{'1': '33-111'},,
Q9C512,1.0,{'1': '86-536'},1.0,{'1': '79-546'},1.0,{'1': '13-539'},1.0,{'1': '104-536'},8.0,"{'1': '104-124', '2': '137-151', '3': '174-192', '4': '213-232', '5': '308-325', '6': '371-387', '7': '441-465', '8': '500-520'}",,,,,,
Q9C514,,,,,1.0,{'1': '1-190'},1.0,{'1': '7-186'},,,1.0,{'1': '79-92'},,,,
Q9C518,,,,,1.0,{'1': '43-319'},1.0,{'1': '59-220'},,,1.0,{'1': '60-114'},,,,
Q9C519,1.0,{'1': '304-372'},1.0,{'1': '296-373'},1.0,{'1': '136-539'},1.0,{'1': '313-370'},,,1.0,{'1': '306-372'},1.0,{'1': '311-371'},,
Q9C554,2.0,"{'1': '154-246', '2': '26-175'}",2.0,"{'1': '157-249', '2': '13-152'}",1.0,{'1': '7-248'},2.0,"{'1': '158-234', '2': '62-147'}",15.0,"{'1': '57-71', '2': '84-95', '3': '96-106', '4': '115-132', '5': '132-145', '6': '156-168', '7': '168-189', '8': '203-224', '9': '232-248', '10': '26-41', '11': '44-62', '12': '66-84', '13': '140-156', '14': '194-208', '15': '232-246'}",2.0,"{'1': '45-157', '2': '167-246'}",1.0,{'1': '62-147'},,
Q9C576,1.0,{'1': '238-299'},1.0,{'1': '241-310'},1.0,{'1': '15-382'},,,,,,,,,,
Q9C598,1.0,{'1': '4-159'},1.0,{'1': '16-164'},,,1.0,{'1': '8-131'},,,1.0,{'1': '7-159'},,,,
Q9C5C2,1.0,{'1': '36-523'},,,1.0,{'1': '57-528'},1.0,{'1': '52-523'},5.0,"{'1': '350-364', '2': '426-434', '3': '448-459', '4': '470-487', '5': '494-506'}",2.0,"{'1': '426-434', '2': '59-73'}",,,,
Q9C5D3,2.0,"{'1': '72-130', '2': '169-234'}",,,1.0,{'1': '53-355'},2.0,"{'1': '79-130', '2': '175-231'}",,,2.0,"{'1': '72-136', '2': '170-234'}",,,,
Q9C5G0,1.0,{'1': '12-61'},,,,,,,,,3.0,"{'1': '7-66', '2': '14-35', '3': '38-59'}",2.0,"{'1': '12-35', '2': '36-59'}",,
Q9C5H4,1.0,{'1': '33-404'},1.0,{'1': '2-140'},1.0,{'1': '5-680'},1.0,{'1': '17-128'},,,1.0,{'1': '35-89'},1.0,{'1': '13-148'},,
Q9C5H5,1.0,{'1': '332-624'},,,1.0,{'1': '13-650'},1.0,{'1': '347-607'},,,2.0,"{'1': '346-607', '2': '352-375'}",1.0,{'1': '346-607'},,
Q9C5J3,3.0,"{'1': '440-578', '2': '303-384', '3': '172-266'}",3.0,"{'1': '438-582', '2': '96-263', '3': '315-384'}",1.0,{'1': '2-885'},4.0,"{'1': '327-379', '2': '181-253', '3': '444-571', '4': '796-836'}",,,4.0,"{'1': '329-372', '2': '179-260', '3': '631-665', '4': '437-582'}",4.0,"{'1': '327-381', '2': '180-256', '3': '444-579', '4': '791-840'}",,
Q9C5J8,,,,,1.0,{'1': '122-729'},1.0,{'1': '429-731'},,,1.0,{'1': '314-396'},,,,
Q9C5K8,,,,,1.0,{'1': '37-166'},2.0,"{'1': '55-85', '2': '139-164'}",,,1.0,{'1': '51-86'},1.0,{'1': '51-86'},,
Q9C5M0,1.0,{'1': '12-286'},1.0,{'1': '15-296'},1.0,{'1': '13-289'},3.0,"{'1': '14-90', '2': '102-197', '3': '208-293'}",4.0,"{'1': '17-30', '2': '30-44', '3': '118-136', '4': '211-233'}",3.0,"{'1': '12-93', '2': '103-194', '3': '202-292'}",,,,
Q9C5M3,2.0,"{'1': '122-408', '2': '349-753'}",,,1.0,{'1': '1-753'},2.0,"{'1': '415-751', '2': '101-363'}",,,1.0,{'1': '603-617'},,,1.0,{'1': '98-751'}
Q9C5M8,1.0,{'1': '49-402'},1.0,{'1': '59-401'},1.0,{'1': '27-406'},1.0,{'1': '166-338'},8.0,"{'1': '82-99', '2': '106-131', '3': '142-158', '4': '206-227', '5': '286-305', '6': '308-327', '7': '350-374', '8': '379-402'}",,,1.0,{'1': '134-331'},,
Q9C5N2,1.0,{'1': '289-465'},,,1.0,{'1': '27-644'},1.0,{'1': '59-600'},,,,,,,,
Q9C5P4,2.0,"{'1': '190-379', '2': '394-666'}",2.0,"{'1': '190-377', '2': '378-668'}",1.0,{'1': '95-664'},3.0,"{'1': '505-638', '2': '206-359', '3': '389-486'}",,,5.0,"{'1': '494-638', '2': '208-355', '3': '653-669', '4': '430-491', '5': '72-669'}",3.0,"{'1': '494-644', '2': '203-359', '3': '384-478'}",,
Q9C5R8,1.0,{'1': '80-271'},,,1.0,{'1': '67-272'},2.0,"{'1': '82-215', '2': '236-271'}",,,1.0,{'1': '80-239'},,,,
Q9C5S2,1.0,{'1': '414-709'},1.0,{'1': '707-840'},1.0,{'1': '184-839'},2.0,"{'1': '417-704', '2': '710-836'}",,,3.0,"{'1': '414-704', '2': '566-578', '3': '707-838'}",1.0,{'1': '414-704'},,
Q9C5S9,1.0,{'1': '338-658'},2.0,"{'1': '27-131', '2': '142-245'}",,,4.0,"{'1': '354-619', '2': '34-129', '3': '156-242', '4': '251-317'}",,,5.0,"{'1': '351-637', '2': '28-132', '3': '139-245', '4': '472-484', '5': '357-379'}",1.0,{'1': '351-622'},,
Q9C5T4,1.0,{'1': '171-234'},1.0,{'1': '159-237'},1.0,{'1': '36-304'},1.0,{'1': '176-233'},,,1.0,{'1': '177-236'},1.0,{'1': '175-235'},,
Q9C5U0,4.0,"{'1': '781-922', '2': '943-1069', '3': '458-538', '4': '526-755'}",2.0,"{'1': '536-764', '2': '202-418'}",1.0,{'1': '89-1065'},5.0,"{'1': '947-1067', '2': '679-756', '3': '472-537', '4': '201-382', '5': '779-920'}",3.0,"{'1': '685-699', '2': '703-713', '3': '720-738'}",4.0,"{'1': '786-920', '2': '946-1071', '3': '479-760', '4': '198-411'}",4.0,"{'1': '945-1067', '2': '584-760', '3': '472-537', '4': '198-384'}",,
Q9C5U3,1.0,{'1': '156-410'},2.0,"{'1': '38-150', '2': '151-332'}",1.0,{'1': '42-409'},3.0,"{'1': '198-331', '2': '85-140', '3': '355-397'}",,,1.0,{'1': '302-320'},1.0,{'1': '194-334'},,
Q9C5W6,1.0,{'1': '9-240'},1.0,{'1': '1-252'},1.0,{'1': '10-241'},1.0,{'1': '16-238'},6.0,"{'1': '42-71', '2': '91-115', '3': '122-144', '4': '157-183', '5': '184-210', '6': '211-240'}",2.0,"{'1': '48-58', '2': '220-239'}",1.0,{'1': '10-252'},,
Q9C5W9,1.0,{'1': '117-257'},1.0,{'1': '125-229'},1.0,{'1': '20-577'},3.0,"{'1': '128-228', '2': '275-356', '3': '480-573'}",,,2.0,"{'1': '128-230', '2': '489-581'}",1.0,{'1': '128-230'},,
Q9C5Z1,1.0,{'1': '75-136'},3.0,"{'1': '51-150', '2': '176-380', '3': '405-629'}",1.0,{'1': '26-709'},2.0,"{'1': '79-133', '2': '402-602'}",,,1.0,{'1': '56-143'},1.0,{'1': '57-138'},,
Q9C5Z2,,,,,1.0,{'1': '19-312'},2.0,"{'1': '23-127', '2': '145-335'}",,,1.0,{'1': '25-158'},1.0,{'1': '24-157'},,
Q9C5Z3,1.0,{'1': '336-408'},,,1.0,{'1': '6-439'},2.0,"{'1': '311-403', '2': '9-141'}",,,1.0,{'1': '223-407'},2.0,"{'1': '336-422', '2': '9-141'}",,
Q9C639,,,,,1.0,{'1': '40-251'},1.0,{'1': '55-224'},,,,,,,,
Q9C658,1.0,{'1': '16-93'},,,,,2.0,"{'1': '459-554', '2': '17-89'}",,,4.0,"{'1': '512-527', '2': '453-489', '3': '534-554', '4': '9-92'}",2.0,"{'1': '459-554', '2': '11-112'}",,
Q9C670,1.0,{'1': '227-297'},1.0,{'1': '226-298'},1.0,{'1': '144-335'},1.0,{'1': '232-280'},,,1.0,{'1': '229-279'},1.0,{'1': '235-285'},,
Q9C682,1.0,{'1': '70-136'},1.0,{'1': '67-147'},1.0,{'1': '6-226'},1.0,{'1': '68-156'},,,1.0,{'1': '66-117'},1.0,{'1': '72-123'},,
Q9C685,,,,,1.0,{'1': '1-211'},,,,,,,,,,
Q9C6B3,1.0,{'1': '47-213'},,,1.0,{'1': '32-239'},2.0,"{'1': '120-151', '2': '197-261'}",,,,,,,,
Q9C6B8,,,,,1.0,{'1': '1-622'},1.0,{'1': '9-617'},,,,,,,1.0,{'1': '1-622'}
Q9C6C2,2.0,"{'1': '72-374', '2': '110-262'}",2.0,"{'1': '76-368', '2': '111-258'}",1.0,{'1': '29-373'},2.0,"{'1': '127-259', '2': '87-369'}",,,,,1.0,{'1': '85-375'},,
Q9C6D2,1.0,{'1': '5-418'},,,,,1.0,{'1': '40-274'},,,,,,,1.0,{'1': '7-416'}
Q9C6T7,,,1.0,{'1': '1-111'},1.0,{'1': '5-112'},1.0,{'1': '6-103'},,,,,,,,
Q9C6W5,1.0,{'1': '77-296'},1.0,{'1': '70-298'},1.0,{'1': '41-639'},3.0,"{'1': '82-232', '2': '384-590', '3': '261-377'}",,,2.0,"{'1': '53-304', '2': '204-218'}",1.0,{'1': '91-281'},,
Q9C6Y3,2.0,"{'1': '186-323', '2': '326-450'}",,,1.0,{'1': '136-441'},2.0,"{'1': '326-445', '2': '197-324'}",,,1.0,{'1': '228-259'},3.0,"{'1': '326-449', '2': '233-317', '3': '330-418'}",,
Q9C6Z3,2.0,"{'1': '269-405', '2': '89-284'}",1.0,{'1': '274-406'},,,2.0,"{'1': '90-260', '2': '276-397'}",,,,,1.0,{'1': '86-261'},,
Q9C744,1.0,{'1': '31-662'},1.0,{'1': '4-600'},1.0,{'1': '5-852'},1.0,{'1': '32-538'},,,,,,,,
Q9C758,,,,,1.0,{'1': '27-288'},1.0,{'1': '49-133'},,,2.0,"{'1': '50-108', '2': '144-162'}",,,,
Q9C773,2.0,"{'1': '31-86', '2': '123-176'}",,,,,2.0,"{'1': '31-77', '2': '127-172'}",,,4.0,"{'1': '31-79', '2': '121-173', '3': '129-177', '4': '121-177'}",2.0,"{'1': '29-81', '2': '125-175'}",1.0,{'1': '124-176'}
Q9C7E7,,,,,1.0,{'1': '99-786'},2.0,"{'1': '655-780', '2': '404-631'}",,,,,,,,
Q9C7F5,1.0,{'1': '6-124'},,,1.0,{'1': '3-125'},1.0,{'1': '9-123'},,,1.0,{'1': '9-123'},,,,
Q9C7G4,,,,,1.0,{'1': '42-351'},1.0,{'1': '63-159'},,,1.0,{'1': '63-117'},,,,
Q9C7S6,1.0,{'1': '24-204'},,,1.0,{'1': '10-167'},1.0,{'1': '27-165'},,,,,1.0,{'1': '26-202'},,
Q9C7V7,,,,,,,1.0,{'1': '14-78'},,,1.0,{'1': '10-84'},,,,
Q9C7Y2,,,1.0,{'1': '91-174'},1.0,{'1': '6-227'},1.0,{'1': '93-183'},,,,,,,,
Q9C829,,,1.0,{'1': '282-426'},1.0,{'1': '37-424'},2.0,"{'1': '298-412', '2': '12-77'}",,,1.0,{'1': '291-410'},1.0,{'1': '289-411'},,
Q9C865,2.0,"{'1': '43-254', '2': '369-427'}",1.0,{'1': '42-258'},1.0,{'1': '178-423'},1.0,{'1': '373-421'},,,1.0,{'1': '366-425'},1.0,{'1': '369-424'},,
Q9C8D8,,,1.0,{'1': '116-192'},1.0,{'1': '1-226'},1.0,{'1': '2-226'},,,,,,,,
Q9C8G3,,,,,,,1.0,{'1': '395-498'},,,,,,,,
Q9C8G5,,,,,1.0,{'1': '4-678'},3.0,"{'1': '362-634', '2': '191-351', '3': '5-169'}",,,,,,,,
Q9C8G9,4.0,"{'1': '608-837', '2': '1227-1463', '3': '286-598', '4': '914-1217'}",4.0,"{'1': '604-863', '2': '1220-1473', '3': '274-599', '4': '879-1218'}",1.0,{'1': '229-1473'},4.0,"{'1': '632-767', '2': '1254-1402', '3': '306-570', '4': '917-1168'}",,,6.0,"{'1': '614-838', '2': '1237-1471', '3': '303-582', '4': '919-1200', '5': '740-754', '6': '1374-1388'}",2.0,"{'1': '641-824', '2': '1263-1456'}",,
Q9C8I6,1.0,{'1': '566-854'},1.0,{'1': '365-491'},,,3.0,"{'1': '589-851', '2': '412-468', '3': '32-353'}",,,3.0,"{'1': '586-858', '2': '706-718', '3': '592-613'}",1.0,{'1': '586-858'},,
Q9C8J8,1.0,{'1': '12-248'},1.0,{'1': '3-248'},1.0,{'1': '7-645'},3.0,"{'1': '31-182', '2': '356-566', '3': '211-270'}",,,2.0,"{'1': '10-254', '2': '154-168'}",1.0,{'1': '40-231'},,
Q9C8K2,1.0,{'1': '24-254'},1.0,{'1': '37-261'},1.0,{'1': '21-653'},3.0,"{'1': '45-196', '2': '362-571', '3': '226-280'}",,,2.0,"{'1': '24-269', '2': '168-182'}",1.0,{'1': '54-246'},,
Q9C8K8,,,2.0,"{'1': '141-296', '2': '308-391'}",,,1.0,{'1': '151-295'},,,,,,,,
Q9C8P0,2.0,"{'1': '38-128', '2': '176-222'}",2.0,"{'1': '241-464', '2': '178-225'}",1.0,{'1': '29-464'},3.0,"{'1': '41-112', '2': '246-463', '3': '183-218'}",,,3.0,"{'1': '39-114', '2': '64-93', '3': '184-221'}",,,,
Q9C8P8,1.0,{'1': '190-253'},1.0,{'1': '188-258'},1.0,{'1': '88-251'},1.0,{'1': '193-238'},,,1.0,{'1': '187-237'},1.0,{'1': '193-243'},,
Q9C8Y3,,,1.0,{'1': '30-91'},1.0,{'1': '127-501'},2.0,"{'1': '152-506', '2': '32-94'}",,,1.0,{'1': '143-506'},,,,
Q9C8Z9,1.0,{'1': '145-213'},1.0,{'1': '138-214'},1.0,{'1': '50-211'},1.0,{'1': '51-115'},,,1.0,{'1': '148-197'},,,,
Q9C901,,,,,1.0,{'1': '7-111'},1.0,{'1': '70-110'},,,,,,,,
Q9C942,1.0,{'1': '21-326'},1.0,{'1': '32-331'},1.0,{'1': '41-323'},1.0,{'1': '62-305'},,,,,,,,
Q9C944,1.0,{'1': '4-111'},1.0,{'1': '14-134'},1.0,{'1': '20-130'},2.0,"{'1': '16-102', '2': '104-133'}",5.0,"{'1': '25-47', '2': '55-70', '3': '70-83', '4': '84-98', '5': '111-129'}",1.0,{'1': '33-39'},1.0,{'1': '14-134'},,
Q9C952,1.0,{'1': '20-465'},1.0,{'1': '27-434'},1.0,{'1': '23-686'},4.0,"{'1': '41-204', '2': '392-445', '3': '487-687', '4': '256-377'}",,,,,3.0,"{'1': '34-244', '2': '484-688', '3': '256-377'}",,
Q9C958,1.0,{'1': '2-293'},,,,,1.0,{'1': '4-260'},,,3.0,"{'1': '4-260', '2': '119-131', '3': '10-33'}",1.0,{'1': '4-260'},,
Q9C977,,,3.0,"{'1': '142-276', '2': '277-397', '3': '401-589'}",,,5.0,"{'1': '407-429', '2': '436-466', '3': '472-495', '4': '512-536', '5': '251-309'}",,,2.0,"{'1': '228-262', '2': '434-468'}",,,3.0,"{'1': '230-262', '2': '437-467', '3': '472-499'}"
Q9C9A5,1.0,{'1': '17-90'},,,1.0,{'1': '19-117'},1.0,{'1': '37-80'},,,2.0,"{'1': '30-80', '2': '30-84'}",1.0,{'1': '34-82'},,
Q9C9A6,1.0,{'1': '340-618'},3.0,"{'1': '321-520', '2': '521-624', '3': '240-316'}",,,3.0,"{'1': '243-314', '2': '29-148', '3': '343-624'}",,,3.0,"{'1': '383-426', '2': '507-550', '3': '242-316'}",6.0,"{'1': '372-413', '2': '414-454', '3': '455-495', '4': '496-537', '5': '538-578', '6': '246-309'}",,
Q9C9C5,1.0,{'1': '87-177'},1.0,{'1': '87-171'},1.0,{'1': '9-233'},2.0,"{'1': '126-233', '2': '3-61'}",,,,,,,,
Q9C9C6,1.0,{'1': '87-177'},1.0,{'1': '87-171'},1.0,{'1': '9-233'},2.0,"{'1': '126-233', '2': '3-61'}",,,,,,,,
Q9C9E1,,,,,1.0,{'1': '24-117'},1.0,{'1': '9-101'},,,,,,,,
Q9C9E3,,,,,1.0,{'1': '5-222'},2.0,"{'1': '102-133', '2': '186-210'}",,,1.0,{'1': '100-135'},1.0,{'1': '100-135'},,
Q9C9H1,1.0,{'1': '69-100'},,,1.0,{'1': '7-243'},,,,,2.0,"{'1': '75-95', '2': '73-100'}",,,,
Q9C9L2,,,,,1.0,{'1': '30-319'},1.0,{'1': '50-172'},,,1.0,{'1': '52-106'},,,,
Q9C9M7,1.0,{'1': '9-299'},,,1.0,{'1': '11-297'},1.0,{'1': '15-293'},,,3.0,"{'1': '13-293', '2': '131-143', '3': '19-43'}",1.0,{'1': '13-293'},,
Q9C9P3,1.0,{'1': '9-357'},1.0,{'1': '1-276'},1.0,{'1': '10-415'},2.0,"{'1': '11-210', '2': '297-414'}",,,,,,,,
Q9C9Q4,1.0,{'1': '549-646'},1.0,{'1': '547-651'},,,,,,,,,,,,
Q9C9U2,1.0,{'1': '6-297'},,,1.0,{'1': '9-295'},1.0,{'1': '12-291'},,,3.0,"{'1': '11-291', '2': '129-141', '3': '17-41'}",1.0,{'1': '11-291'},,
Q9C9U5,1.0,{'1': '738-1018'},,,1.0,{'1': '551-1005'},2.0,"{'1': '748-1000', '2': '179-383'}",5.0,"{'1': '822-835', '2': '861-879', '3': '908-918', '4': '927-949', '5': '971-993'}",4.0,"{'1': '748-1003', '2': '139-158', '3': '867-879', '4': '754-776'}",1.0,{'1': '748-1007'},,
Q9C9V9,,,,,1.0,{'1': '38-826'},2.0,"{'1': '213-418', '2': '57-180'}",,,,,,,,
Q9C9W9,4.0,"{'1': '292-507', '2': '520-609', '3': '63-163', '4': '199-263'}",2.0,"{'1': '285-486', '2': '487-614'}",,,2.0,"{'1': '62-163', '2': '524-571'}",,,1.0,{'1': '68-123'},1.0,{'1': '127-168'},1.0,{'1': '68-162'}
Q9C9X0,,,,,1.0,{'1': '53-602'},1.0,{'1': '56-606'},,,,,,,,
Q9C9X3,1.0,{'1': '2-315'},4.0,"{'1': '1-82', '2': '83-153', '3': '157-242', '4': '244-314'}",,,4.0,"{'1': '16-79', '2': '87-151', '3': '171-236', '4': '246-311'}",6.0,"{'1': '25-47', '2': '65-81', '3': '92-113', '4': '175-201', '5': '255-275', '6': '283-298'}",5.0,"{'1': '259-311', '2': '11-82', '3': '83-154', '4': '166-238', '5': '242-313'}",4.0,"{'1': '28-80', '2': '101-152', '3': '184-236', '4': '259-311'}",,
Q9CA59,1.0,{'1': '6-224'},,,1.0,{'1': '14-239'},1.0,{'1': '75-215'},,,,,,,,
Q9CA64,1.0,{'1': '20-79'},1.0,{'1': '15-89'},1.0,{'1': '1-91'},1.0,{'1': '18-91'},,,1.0,{'1': '6-61'},,,,
Q9CA67,1.0,{'1': '54-437'},1.0,{'1': '53-466'},1.0,{'1': '54-460'},1.0,{'1': '56-89'},,,,,,,3.0,"{'1': '57-454', '2': '56-454', '3': '58-360'}"
Q9CA75,,,1.0,{'1': '149-295'},1.0,{'1': '41-442'},1.0,{'1': '149-388'},,,,,,,,
Q9CA78,,,,,,,1.0,{'1': '578-668'},,,,,,,,
Q9CA83,2.0,"{'1': '362-645', '2': '84-361'}",1.0,{'1': '105-359'},,,2.0,"{'1': '171-351', '2': '362-615'}",7.0,"{'1': '177-201', '2': '237-266', '3': '273-295', '4': '333-351', '5': '358-374', '6': '389-405', '7': '492-508'}",1.0,{'1': '358-374'},2.0,"{'1': '171-352', '2': '362-615'}",,
Q9CAC4,,,,,1.0,{'1': '1-742'},1.0,{'1': '415-505'},,,1.0,{'1': '411-509'},,,,
Q9CAD5,1.0,{'1': '398-748'},,,1.0,{'1': '60-689'},1.0,{'1': '401-656'},,,2.0,"{'1': '400-656', '2': '406-429'}",1.0,{'1': '400-656'},,
Q9CAF6,2.0,"{'1': '124-580', '2': '596-941'}",3.0,"{'1': '465-553', '2': '125-580', '3': '593-929'}",1.0,{'1': '97-939'},7.0,"{'1': '125-566', '2': '600-646', '3': '650-700', '4': '707-751', '5': '754-800', '6': '825-870', '7': '883-928'}",,,1.0,{'1': '127-595'},1.0,{'1': '104-560'},,
Q9CAG1,1.0,{'1': '398-703'},,,1.0,{'1': '403-703'},1.0,{'1': '406-697'},,,2.0,"{'1': '406-697', '2': '526-538'}",1.0,{'1': '406-697'},,
Q9CAI5,1.0,{'1': '5-289'},,,1.0,{'1': '13-382'},1.0,{'1': '10-225'},,,3.0,"{'1': '9-277', '2': '124-136', '3': '15-38'}",1.0,{'1': '9-286'},,
Q9CAI7,1.0,{'1': '110-395'},2.0,"{'1': '30-249', '2': '250-414'}",,,2.0,"{'1': '267-375', '2': '66-228'}",,,4.0,"{'1': '188-196', '2': '253-414', '3': '72-242', '4': '41-69'}",2.0,"{'1': '294-375', '2': '60-257'}",,
Q9CAJ0,1.0,{'1': '182-502'},1.0,{'1': '176-511'},1.0,{'1': '148-501'},1.0,{'1': '194-494'},,,2.0,"{'1': '238-246', '2': '189-501'}",1.0,{'1': '179-499'},,
Q9CAJ9,1.0,{'1': '129-251'},1.0,{'1': '116-254'},1.0,{'1': '111-534'},1.0,{'1': '300-527'},,,1.0,{'1': '141-220'},,,,
Q9CAK8,1.0,{'1': '74-230'},1.0,{'1': '72-231'},1.0,{'1': '34-231'},1.0,{'1': '75-228'},,,1.0,{'1': '109-124'},,,1.0,{'1': '76-230'}
Q9CAL3,1.0,{'1': '310-620'},2.0,"{'1': '33-134', '2': '144-245'}",1.0,{'1': '84-625'},3.0,"{'1': '327-553', '2': '47-132', '3': '147-243'}",,,5.0,"{'1': '325-608', '2': '33-134', '3': '139-245', '4': '446-458', '5': '331-353'}",1.0,{'1': '325-608'},,
Q9CAM7,2.0,"{'1': '236-327', '2': '13-235'}",1.0,{'1': '11-172'},1.0,{'1': '16-318'},2.0,"{'1': '51-168', '2': '237-322'}",,,,,1.0,{'1': '47-182'},,
Q9CAQ8,2.0,"{'1': '270-360', '2': '39-257'}",1.0,{'1': '34-196'},1.0,{'1': '40-351'},2.0,"{'1': '75-196', '2': '270-355'}",,,,,1.0,{'1': '71-200'},,
Q9CAR7,1.0,{'1': '45-172'},1.0,{'1': '41-167'},1.0,{'1': '5-284'},1.0,{'1': '9-182'},,,,,1.0,{'1': '5-165'},,
Q9CAT3,,,2.0,"{'1': '2-153', '2': '192-417'}",1.0,{'1': '7-504'},1.0,{'1': '214-407'},,,,,,,,
Q9CAT7,,,1.0,{'1': '48-104'},1.0,{'1': '1-159'},1.0,{'1': '36-91'},,,1.0,{'1': '33-97'},1.0,{'1': '36-91'},,
Q9CAV0,,,,,,,1.0,{'1': '16-221'},,,1.0,{'1': '61-73'},1.0,{'1': '15-221'},,
Q9CAV7,,,,,1.0,{'1': '51-448'},1.0,{'1': '138-234'},,,,,,,,
Q9CAW4,1.0,{'1': '4-172'},,,1.0,{'1': '5-172'},1.0,{'1': '11-172'},,,,,,,,
Q9CAX6,,,1.0,{'1': '1-150'},1.0,{'1': '4-146'},1.0,{'1': '28-146'},,,1.0,{'1': '115-137'},,,,
Q9CAY3,,,,,,,2.0,"{'1': '285-392', '2': '12-199'}",,,,,1.0,{'1': '294-395'},,
Q9FDZ9,1.0,{'1': '3-99'},1.0,{'1': '1-98'},1.0,{'1': '1-163'},1.0,{'1': '1-101'},,,1.0,{'1': '37-62'},,,,
Q9FE06,,,,,1.0,{'1': '20-304'},1.0,{'1': '33-304'},,,,,,,,
Q9FE20,1.0,{'1': '72-358'},,,,,1.0,{'1': '89-297'},,,3.0,"{'1': '86-363', '2': '209-221', '3': '92-115'}",,,,
Q9FE22,1.0,{'1': '144-194'},1.0,{'1': '134-192'},1.0,{'1': '83-266'},1.0,{'1': '143-184'},,,1.0,{'1': '134-183'},1.0,{'1': '139-189'},,
Q9FE25,1.0,{'1': '7-104'},,,1.0,{'1': '5-140'},2.0,"{'1': '10-57', '2': '63-108'}",,,4.0,"{'1': '5-57', '2': '58-108', '3': '5-57', '4': '58-112'}",2.0,"{'1': '9-59', '2': '62-110'}",,
Q9FE59,1.0,{'1': '37-502'},1.0,{'1': '36-499'},,,,,,,,,,,1.0,{'1': '39-503'}
Q9FE63,1.0,{'1': '39-167'},,,1.0,{'1': '38-167'},1.0,{'1': '38-167'},13.0,"{'1': '40-49', '2': '58-67', '3': '77-97', '4': '101-115', '5': '137-150', '6': '150-167', '7': '38-51', '8': '64-77', '9': '89-103', '10': '108-117', '11': '121-136', '12': '141-154', '13': '154-167'}",,,1.0,{'1': '38-168'},,
Q9FE67,1.0,{'1': '32-90'},1.0,{'1': '31-90'},,,1.0,{'1': '32-81'},2.0,"{'1': '33-44', '2': '55-71'}",1.0,{'1': '32-89'},1.0,{'1': '32-95'},,
Q9FE83,1.0,{'1': '35-75'},1.0,{'1': '82-436'},,,4.0,"{'1': '132-155', '2': '157-178', '3': '45-73', '4': '274-432'}",,,,,7.0,"{'1': '132-157', '2': '158-182', '3': '262-286', '4': '312-339', '5': '340-364', '6': '365-390', '7': '391-415'}",,
Q9FEF8,1.0,{'1': '70-295'},1.0,{'1': '122-299'},,,1.0,{'1': '71-298'},7.0,"{'1': '89-108', '2': '117-136', '3': '144-165', '4': '169-186', '5': '194-223', '6': '224-253', '7': '276-297'}",,,1.0,{'1': '71-299'},,
Q9FEP7,1.0,{'1': '526-649'},1.0,{'1': '505-651'},1.0,{'1': '46-649'},2.0,"{'1': '526-644', '2': '93-474'}",,,2.0,"{'1': '525-648', '2': '122-143'}",,,1.0,{'1': '80-644'}
Q9FF34,1.0,{'1': '10-254'},1.0,{'1': '41-256'},,,1.0,{'1': '64-173'},,,,,,,,
Q9FF55,4.0,"{'1': '96-208', '2': '212-322', '3': '310-440', '4': '439-549'}",,,,,2.0,"{'1': '105-205', '2': '443-530'}",,,4.0,"{'1': '85-208', '2': '429-550', '3': '124-142', '4': '463-481'}",,,2.0,"{'1': '109-206', '2': '103-597'}"
Q9FF61,2.0,"{'1': '217-524', '2': '525-878'}",4.0,"{'1': '616-699', '2': '534-880', '3': '207-317', '4': '329-525'}",,,3.0,"{'1': '234-595', '2': '708-824', '3': '59-155'}",,,4.0,"{'1': '711-876', '2': '635-674', '3': '272-486', '4': '650-659'}",4.0,"{'1': '739-824', '2': '635-673', '3': '227-493', '4': '59-155'}",,
Q9FF75,,,,,1.0,{'1': '34-450'},1.0,{'1': '315-450'},,,1.0,{'1': '288-452'},,,,
Q9FF86,,,2.0,"{'1': '1-217', '2': '218-444'}",1.0,{'1': '4-448'},,,,,,,,,,
Q9FFA5,,,,,,,2.0,"{'1': '92-197', '2': '31-88'}",,,,,,,,
Q9FFA7,1.0,{'1': '9-362'},1.0,{'1': '10-363'},1.0,{'1': '6-367'},1.0,{'1': '163-308'},,,1.0,{'1': '234-274'},7.0,"{'1': '29-68', '2': '90-129', '3': '132-175', '4': '180-223', '5': '227-265', '6': '268-309', '7': '320-363'}",,
Q9FFC0,1.0,{'1': '35-145'},1.0,{'1': '20-145'},1.0,{'1': '19-144'},1.0,{'1': '45-121'},5.0,"{'1': '58-76', '2': '77-97', '3': '99-116', '4': '116-129', '5': '129-142'}",1.0,{'1': '113-135'},1.0,{'1': '48-144'},,
Q9FFD2,,,,,1.0,{'1': '4-346'},1.0,{'1': '6-346'},,,,,,,,
Q9FFF2,1.0,{'1': '2-229'},1.0,{'1': '1-230'},1.0,{'1': '2-252'},2.0,"{'1': '3-211', '2': '280-325'}",5.0,"{'1': '5-22', '2': '40-52', '3': '76-93', '4': '158-169', '5': '174-184'}",1.0,{'1': '2-228'},,,,
Q9FFH1,1.0,{'1': '11-74'},,,1.0,{'1': '6-1691'},5.0,"{'1': '18-74', '2': '696-764', '3': '515-570', '4': '1071-1144', '5': '899-940'}",,,3.0,"{'1': '15-75', '2': '696-765', '3': '514-573'}",2.0,"{'1': '17-79', '2': '514-573'}",,
Q9FFI2,,,2.0,"{'1': '106-174', '2': '1-105'}",1.0,{'1': '2-333'},3.0,"{'1': '208-330', '2': '9-102', '3': '116-172'}",,,,,,,,
Q9FFJ8,,,,,1.0,{'1': '155-438'},2.0,"{'1': '7-100', '2': '169-263'}",,,,,,,,
Q9FFK1,1.0,{'1': '45-299'},,,1.0,{'1': '45-329'},1.0,{'1': '281-332'},,,2.0,"{'1': '244-306', '2': '250-289'}",1.0,{'1': '239-306'},,
Q9FFK6,1.0,{'1': '54-249'},,,1.0,{'1': '10-807'},2.0,"{'1': '29-197', '2': '462-799'}",,,,,,,,
Q9FFR3,2.0,"{'1': '182-481', '2': '8-181'}",1.0,{'1': '186-447'},1.0,{'1': '6-484'},2.0,"{'1': '184-479', '2': '8-179'}",6.0,"{'1': '7-30', '2': '72-101', '3': '125-150', '4': '173-201', '5': '255-282', '6': '369-391'}",,,1.0,{'1': '184-480'},1.0,{'1': '9-480'}
Q9FFS4,,,,,1.0,{'1': '1-95'},1.0,{'1': '3-68'},,,,,,,,
Q9FFS8,,,1.0,{'1': '1-105'},1.0,{'1': '1-167'},1.0,{'1': '3-95'},,,,,,,,
Q9FFT4,3.0,"{'1': '238-386', '2': '46-225', '3': '408-602'}",,,1.0,{'1': '36-607'},3.0,"{'1': '454-578', '2': '243-361', '3': '46-151'}",,,,,,,,
Q9FFV2,1.0,{'1': '18-176'},,,1.0,{'1': '6-185'},1.0,{'1': '24-171'},,,,,,,,
Q9FFV8,1.0,{'1': '288-635'},1.0,{'1': '429-635'},,,1.0,{'1': '333-625'},,,,,,,,
Q9FFW5,1.0,{'1': '317-614'},,,1.0,{'1': '246-658'},1.0,{'1': '342-614'},2.0,"{'1': '19-42', '2': '53-71'}",3.0,"{'1': '339-617', '2': '459-471', '3': '345-367'}",1.0,{'1': '339-617'},,
Q9FFW8,1.0,{'1': '83-481'},2.0,"{'1': '83-293', '2': '132-474'}",1.0,{'1': '72-484'},1.0,{'1': '130-468'},,,,,,,1.0,{'1': '67-483'}
Q9FFY6,2.0,"{'1': '19-158', '2': '292-352'}",1.0,{'1': '11-162'},1.0,{'1': '9-356'},2.0,"{'1': '38-158', '2': '288-349'}",,,2.0,"{'1': '18-162', '2': '292-360'}",,,,
Q9FFZ1,1.0,{'1': '91-412'},1.0,{'1': '84-416'},1.0,{'1': '1-475'},1.0,{'1': '119-403'},,,,,,,,
Q9FG01,,,,,1.0,{'1': '2-494'},4.0,"{'1': '80-106', '2': '385-504', '3': '235-299', '4': '128-175'}",,,1.0,{'1': '409-440'},,,,
Q9FG37,,,1.0,{'1': '498-830'},1.0,{'1': '120-832'},2.0,"{'1': '499-831', '2': '190-493'}",,,,,,,,
Q9FG96,,,,,1.0,{'1': '57-416'},2.0,"{'1': '203-413', '2': '71-177'}",,,1.0,{'1': '166-420'},,,,
Q9FGF3,,,,,1.0,{'1': '9-388'},1.0,{'1': '60-152'},,,,,1.0,{'1': '59-153'},,
Q9FGH3,1.0,{'1': '6-317'},,,1.0,{'1': '8-310'},1.0,{'1': '9-246'},,,,,,,,
Q9FGH9,1.0,{'1': '78-616'},,,1.0,{'1': '59-618'},1.0,{'1': '266-614'},,,,,,,,
Q9FGJ3,1.0,{'1': '28-138'},1.0,{'1': '19-140'},1.0,{'1': '5-156'},1.0,{'1': '31-95'},,,1.0,{'1': '62-78'},,,,
Q9FGJ8,2.0,"{'1': '43-124', '2': '166-250'}",1.0,{'1': '36-123'},1.0,{'1': '22-249'},,,,,,,,,,
Q9FGL5,1.0,{'1': '643-933'},2.0,"{'1': '72-368', '2': '369-576'}",1.0,{'1': '215-935'},10.0,"{'1': '659-931', '2': '146-168', '3': '220-242', '4': '293-314', '5': '318-338', '6': '415-434', '7': '437-458', '8': '461-483', '9': '509-531', '10': '29-68'}",,,3.0,"{'1': '656-934', '2': '784-796', '3': '662-685'}",7.0,"{'1': '656-940', '2': '95-125', '3': '144-168', '4': '218-242', '5': '291-315', '6': '483-506', '7': '507-531'}",,
Q9FGM1,,,1.0,{'1': '2-185'},1.0,{'1': '29-173'},1.0,{'1': '32-174'},,,,,,,,
Q9FGP6,1.0,{'1': '2-108'},1.0,{'1': '2-114'},1.0,{'1': '9-129'},1.0,{'1': '36-99'},,,,,,,,
Q9FGP7,1.0,{'1': '4-126'},1.0,{'1': '22-132'},1.0,{'1': '26-147'},1.0,{'1': '42-117'},,,,,,,,
Q9FGP8,1.0,{'1': '40-169'},1.0,{'1': '40-147'},1.0,{'1': '44-159'},1.0,{'1': '64-121'},,,,,,,,
Q9FGQ6,2.0,"{'1': '203-259', '2': '5-130'}",1.0,{'1': '6-132'},1.0,{'1': '5-268'},2.0,"{'1': '16-107', '2': '218-256'}",,,2.0,"{'1': '13-115', '2': '193-263'}",,,,
Q9FGQ7,2.0,"{'1': '60-196', '2': '180-290'}",,,1.0,{'1': '68-296'},2.0,"{'1': '198-292', '2': '93-195'}",,,1.0,{'1': '96-127'},2.0,"{'1': '198-316', '2': '101-189'}",,
Q9FGR0,,,2.0,"{'1': '57-447', '2': '971-1349'}",1.0,{'1': '5-1424'},3.0,"{'1': '1083-1407', '2': '103-444', '3': '564-1003'}",,,,,,,,
Q9FGU1,1.0,{'1': '23-193'},,,1.0,{'1': '4-194'},1.0,{'1': '30-182'},,,,,,,,
Q9FH18,,,,,1.0,{'1': '18-509'},1.0,{'1': '349-436'},,,,,,,,
Q9FH37,1.0,{'1': '62-137'},1.0,{'1': '62-120'},1.0,{'1': '19-234'},1.0,{'1': '72-161'},,,1.0,{'1': '71-122'},1.0,{'1': '77-128'},,
Q9FH40,,,1.0,{'1': '39-192'},1.0,{'1': '34-264'},1.0,{'1': '65-144'},,,1.0,{'1': '38-182'},,,,
Q9FH51,,,,,1.0,{'1': '1-235'},,,,,,,,,,
Q9FHA3,2.0,"{'1': '342-846', '2': '842-1292'}",4.0,"{'1': '883-1106', '2': '559-873', '3': '1316-1507', '4': '1120-1307'}",,,4.0,"{'1': '499-751', '2': '817-1278', '3': '1317-1522', '4': '26-97'}",3.0,"{'1': '914-927', '2': '989-1001', '3': '1042-1050'}",1.0,{'1': '1044-1052'},1.0,{'1': '559-1056'},,
Q9FHB7,,,,,1.0,{'1': '1-426'},,,,,,,,,,
Q9FHD7,2.0,"{'1': '38-316', '2': '380-476'}",1.0,{'1': '381-487'},1.0,{'1': '1-485'},2.0,"{'1': '72-309', '2': '341-458'}",,,1.0,{'1': '59-325'},,,,
Q9FHG2,1.0,{'1': '2-131'},,,1.0,{'1': '1-133'},1.0,{'1': '16-122'},,,1.0,{'1': '18-38'},1.0,{'1': '15-122'},,
Q9FHH2,2.0,"{'1': '604-969', '2': '12-162'}",3.0,"{'1': '201-382', '2': '605-807', '3': '9-167'}",1.0,{'1': '1-943'},4.0,"{'1': '708-774', '2': '12-112', '3': '214-385', '4': '887-973'}",,,1.0,{'1': '8-167'},,,,
Q9FHK4,,,,,1.0,{'1': '1-565'},2.0,"{'1': '494-538', '2': '8-41'}",,,,,,,,
Q9FHM7,1.0,{'1': '48-171'},1.0,{'1': '46-169'},1.0,{'1': '8-288'},1.0,{'1': '12-184'},,,,,1.0,{'1': '11-167'},,
Q9FHN8,3.0,"{'1': '831-892', '2': '888-1242', '3': '377-494'}",4.0,"{'1': '497-604', '2': '392-492', '3': '875-1211', '4': '93-276'}",1.0,{'1': '619-1244'},4.0,"{'1': '168-272', '2': '894-1209', '3': '510-586', '4': '385-500'}",4.0,"{'1': '960-981', '2': '1079-1096', '3': '1110-1128', '4': '1159-1180'}",4.0,"{'1': '279-593', '2': '115-274', '3': '888-1209', '4': '1109-1120'}",3.0,"{'1': '115-274', '2': '886-1217', '3': '275-499'}",,
Q9FHP6,1.0,{'1': '2-161'},1.0,{'1': '4-164'},1.0,{'1': '3-166'},1.0,{'1': '6-92'},,,1.0,{'1': '1-104'},1.0,{'1': '7-102'},,
Q9FHQ9,,,1.0,{'1': '1-163'},1.0,{'1': '2-163'},1.0,{'1': '4-147'},,,,,,,,
Q9FHW2,,,,,1.0,{'1': '6-171'},1.0,{'1': '131-158'},,,1.0,{'1': '134-166'},,,,
Q9FHW7,2.0,"{'1': '5-65', '2': '94-169'}",1.0,{'1': '3-171'},1.0,{'1': '6-166'},2.0,"{'1': '122-169', '2': '6-64'}",,,,,1.0,{'1': '4-121'},,
Q9FI10,,,,,1.0,{'1': '15-180'},1.0,{'1': '16-168'},,,,,,,1.0,{'1': '20-179'}
Q9FI15,1.0,{'1': '7-147'},,,1.0,{'1': '1-231'},1.0,{'1': '9-84'},,,1.0,{'1': '4-89'},1.0,{'1': '7-85'},,
Q9FI44,1.0,{'1': '73-138'},1.0,{'1': '56-157'},,,1.0,{'1': '74-147'},,,,,,,,
Q9FI78,,,2.0,"{'1': '1-205', '2': '210-433'}",1.0,{'1': '8-431'},,,,,,,,,,
Q9FIC3,1.0,{'1': '1-81'},1.0,{'1': '1-93'},1.0,{'1': '2-84'},1.0,{'1': '11-77'},,,,,,,,
Q9FIE3,1.0,{'1': '318-406'},1.0,{'1': '310-409'},1.0,{'1': '32-620'},3.0,"{'1': '130-238', '2': '531-603', '3': '318-408'}",,,1.0,{'1': '314-412'},,,,
Q9FII2,2.0,"{'1': '183-511', '2': '134-189'}",2.0,"{'1': '181-286', '2': '350-551'}",,,2.0,"{'1': '135-172', '2': '221-269'}",,,1.0,{'1': '129-175'},3.0,"{'1': '135-175', '2': '232-282', '3': '355-399'}",,
Q9FIJ0,3.0,"{'1': '186-330', '2': '615-728', '3': '733-921'}",1.0,{'1': '727-921'},1.0,{'1': '218-921'},4.0,"{'1': '615-730', '2': '736-903', '3': '425-571', '4': '157-256'}",3.0,"{'1': '517-540', '2': '718-731', '3': '741-758'}",3.0,"{'1': '253-288', '2': '611-732', '3': '266-278'}",,,,
Q9FIJ2,1.0,{'1': '11-92'},,,1.0,{'1': '2-93'},1.0,{'1': '28-78'},,,,,1.0,{'1': '20-93'},,
Q9FIL9,2.0,"{'1': '33-86', '2': '137-190'}",,,,,2.0,"{'1': '33-78', '2': '141-187'}",,,3.0,"{'1': '135-187', '2': '143-191', '3': '135-191'}",2.0,"{'1': '30-82', '2': '139-189'}",1.0,{'1': '138-190'}
Q9FIN7,1.0,{'1': '56-371'},1.0,{'1': '166-397'},,,4.0,"{'1': '913-1104', '2': '443-647', '3': '1671-1992', '4': '2014-2370'}",,,,,,,,
Q9FIP7,,,,,1.0,{'1': '9-236'},1.0,{'1': '48-70'},,,,,,,,
Q9FIP9,1.0,{'1': '414-480'},1.0,{'1': '403-489'},1.0,{'1': '22-587'},3.0,"{'1': '415-461', '2': '52-235', '3': '513-584'}",,,1.0,{'1': '411-460'},1.0,{'1': '417-466'},,
Q9FIQ0,1.0,{'1': '12-125'},1.0,{'1': '1-140'},,,1.0,{'1': '12-117'},3.0,"{'1': '22-41', '2': '41-58', '3': '62-83'}",1.0,{'1': '10-128'},1.0,{'1': '10-126'},,
Q9FIR1,,,,,1.0,{'1': '60-352'},1.0,{'1': '181-296'},,,1.0,{'1': '174-316'},2.0,"{'1': '102-114', '2': '155-167'}",,
Q9FIU5,1.0,{'1': '100-397'},,,,,1.0,{'1': '115-376'},,,2.0,"{'1': '113-380', '2': '233-245'}",1.0,{'1': '113-380'},,
Q9FJ62,2.0,"{'1': '49-348', '2': '365-667'}",2.0,"{'1': '48-349', '2': '365-668'}",,,1.0,{'1': '372-661'},,,2.0,"{'1': '50-349', '2': '365-668'}",,,,
Q9FJ98,1.0,{'1': '13-134'},1.0,{'1': '3-135'},,,1.0,{'1': '61-112'},,,1.0,{'1': '66-80'},1.0,{'1': '59-112'},,
Q9FJA6,2.0,"{'1': '10-99', '2': '93-191'}",2.0,"{'1': '1-91', '2': '93-219'}",1.0,{'1': '7-206'},2.0,"{'1': '106-188', '2': '20-94'}",,,1.0,{'1': '21-92'},,,1.0,{'1': '8-210'}
Q9FJB8,,,,,1.0,{'1': '33-246'},2.0,"{'1': '109-150', '2': '59-89'}",,,2.0,"{'1': '107-151', '2': '59-94'}",1.0,{'1': '58-94'},,
Q9FJD0,,,2.0,"{'1': '1-155', '2': '157-302'}",1.0,{'1': '1-300'},1.0,{'1': '8-283'},,,,,,,,
Q9FJD4,1.0,{'1': '3-863'},1.0,{'1': '1-870'},1.0,{'1': '7-850'},2.0,"{'1': '23-101', '2': '459-825'}",,,1.0,{'1': '23-103'},1.0,{'1': '23-103'},,
Q9FJF4,3.0,"{'1': '22-97', '2': '111-160', '3': '161-281'}",,,,,2.0,"{'1': '115-161', '2': '176-227'}",,,3.0,"{'1': '21-92', '2': '106-171', '3': '172-242'}",,,,
Q9FJG1,,,,,1.0,{'1': '9-89'},1.0,{'1': '15-88'},,,,,,,,
Q9FJJ5,2.0,"{'1': '187-247', '2': '5-132'}",1.0,{'1': '6-134'},1.0,{'1': '5-277'},2.0,"{'1': '16-112', '2': '205-243'}",,,2.0,"{'1': '13-115', '2': '180-250'}",,,,
Q9FJK7,2.0,"{'1': '24-144', '2': '146-243'}",,,1.0,{'1': '41-234'},1.0,{'1': '23-142'},,,,,2.0,"{'1': '46-136', '2': '149-229'}",,
Q9FJL3,1.0,{'1': '398-556'},4.0,"{'1': '396-553', '2': '41-155', '3': '156-271', '4': '272-395'}",1.0,{'1': '273-567'},3.0,"{'1': '61-150', '2': '175-268', '3': '293-390'}",,,4.0,"{'1': '65-153', '2': '181-271', '3': '299-393', '4': '493-526'}",3.0,"{'1': '410-443', '2': '459-492', '3': '493-526'}",,
Q9FJP3,1.0,{'1': '67-127'},1.0,{'1': '66-129'},1.0,{'1': '49-167'},1.0,{'1': '68-124'},,,,,,,1.0,{'1': '69-124'}
Q9FJQ0,2.0,"{'1': '236-460', '2': '474-585'}",1.0,{'1': '235-591'},1.0,{'1': '11-592'},1.0,{'1': '237-268'},,,2.0,"{'1': '236-269', '2': '424-457'}",7.0,"{'1': '236-269', '2': '270-303', '3': '304-337', '4': '424-457', '5': '470-503', '6': '504-537', '7': '538-571'}",,
Q9FJT8,1.0,{'1': '23-363'},1.0,{'1': '33-195'},1.0,{'1': '6-461'},2.0,"{'1': '220-284', '2': '30-195'}",,,,,,,,
Q9FJW2,,,,,,,1.0,{'1': '155-334'},,,,,,,,
Q9FJW6,,,3.0,"{'1': '204-409', '2': '410-491', '3': '492-600'}",1.0,{'1': '13-732'},5.0,"{'1': '257-283', '2': '412-442', '3': '483-511', '4': '514-563', '5': '337-385'}",,,4.0,"{'1': '340-374', '2': '375-409', '3': '410-444', '4': '515-545'}",,,1.0,{'1': '519-546'}
Q9FJX3,,,1.0,{'1': '1-275'},1.0,{'1': '1-276'},1.0,{'1': '4-269'},,,,,,,,
Q9FK25,2.0,"{'1': '119-358', '2': '17-118'}",2.0,"{'1': '114-361', '2': '1-113'}",1.0,{'1': '22-343'},2.0,"{'1': '138-343', '2': '24-115'}",,,1.0,{'1': '24-361'},,,,
Q9FK59,1.0,{'1': '38-217'},1.0,{'1': '18-214'},1.0,{'1': '26-207'},1.0,{'1': '44-216'},,,1.0,{'1': '99-122'},,,,
Q9FK68,1.0,{'1': '9-180'},1.0,{'1': '6-214'},1.0,{'1': '9-195'},1.0,{'1': '15-175'},,,1.0,{'1': '6-216'},1.0,{'1': '16-173'},1.0,{'1': '12-170'}
Q9FK81,1.0,{'1': '5-106'},,,1.0,{'1': '5-102'},1.0,{'1': '7-99'},,,1.0,{'1': '6-98'},1.0,{'1': '6-100'},,
Q9FKB0,1.0,{'1': '9-86'},,,1.0,{'1': '1-86'},1.0,{'1': '13-80'},,,1.0,{'1': '9-84'},1.0,{'1': '12-80'},,
Q9FKB5,,,1.0,{'1': '161-222'},1.0,{'1': '1-221'},1.0,{'1': '176-220'},,,,,,,,
Q9FKG1,1.0,{'1': '87-147'},1.0,{'1': '86-147'},1.0,{'1': '75-191'},1.0,{'1': '87-137'},2.0,"{'1': '88-99', '2': '127-147'}",1.0,{'1': '87-145'},1.0,{'1': '87-151'},,
Q9FKH1,2.0,"{'1': '63-114', '2': '138-442'}",1.0,{'1': '125-445'},,,,,,,,,,,,
Q9FKH4,,,,,1.0,{'1': '17-116'},1.0,{'1': '29-102'},,,,,1.0,{'1': '29-115'},,
Q9FKI4,1.0,{'1': '1-151'},,,1.0,{'1': '1-174'},1.0,{'1': '21-128'},,,1.0,{'1': '2-152'},,,,
Q9FKP8,1.0,{'1': '182-252'},,,,,1.0,{'1': '73-124'},,,2.0,"{'1': '75-124', '2': '111-135'}",,,2.0,"{'1': '191-247', '2': '74-124'}"
Q9FKW0,,,1.0,{'1': '72-205'},1.0,{'1': '47-521'},1.0,{'1': '135-175'},,,2.0,"{'1': '136-176', '2': '152-161'}",1.0,{'1': '136-175'},,
Q9FKW6,2.0,"{'1': '62-204', '2': '206-360'}",1.0,{'1': '198-360'},1.0,{'1': '4-360'},1.0,{'1': '213-327'},8.0,"{'1': '116-126', '2': '139-146', '3': '176-185', '4': '212-231', '5': '242-251', '6': '254-265', '7': '290-306', '8': '314-322'}",1.0,{'1': '81-203'},,,,
Q9FL26,1.0,{'1': '174-242'},1.0,{'1': '166-243'},1.0,{'1': '102-287'},1.0,{'1': '183-240'},,,1.0,{'1': '177-242'},1.0,{'1': '182-241'},,
Q9FL28,1.0,{'1': '848-1154'},6.0,"{'1': '26-177', '2': '178-280', '3': '281-376', '4': '377-472', '5': '473-551', '6': '552-801'}",1.0,{'1': '432-1153'},15.0,"{'1': '871-1152', '2': '98-119', '3': '147-166', '4': '337-359', '5': '385-407', '6': '410-431', '7': '432-454', '8': '456-478', '9': '480-502', '10': '629-648', '11': '651-671', '12': '544-587', '13': '702-758', '14': '30-69', '15': '186-305'}",,,2.0,"{'1': '870-1155', '2': '993-1005'}",14.0,"{'1': '870-1155', '2': '95-119', '3': '143-167', '4': '215-238', '5': '239-263', '6': '287-311', '7': '335-358', '8': '359-383', '9': '478-502', '10': '550-573', '11': '574-598', '12': '672-696', '13': '721-744', '14': '745-770'}",,
Q9FL33,2.0,"{'1': '15-255', '2': '295-644'}",2.0,"{'1': '105-235', '2': '267-656'}",1.0,{'1': '6-671'},5.0,"{'1': '273-495', '2': '13-93', '3': '105-235', '4': '548-632', '5': '704-776'}",10.0,"{'1': '326-341', '2': '386-400', '3': '414-427', '4': '438-450', '5': '465-473', '6': '177-191', '7': '203-215', '8': '454-464', '9': '487-497', '10': '622-637'}",2.0,"{'1': '285-491', '2': '394-402'}",2.0,"{'1': '327-480', '2': '100-635'}",,
Q9FL59,3.0,"{'1': '55-194', '2': '217-371', '3': '381-516'}",3.0,"{'1': '51-203', '2': '204-350', '3': '377-518'}",1.0,{'1': '10-794'},4.0,"{'1': '55-160', '2': '217-323', '3': '381-494', '4': '639-794'}",,,3.0,"{'1': '37-158', '2': '198-321', '3': '364-492'}",3.0,"{'1': '55-152', '2': '218-316', '3': '382-491'}",,
Q9FL69,1.0,{'1': '15-124'},1.0,{'1': '1-130'},1.0,{'1': '1-483'},1.0,{'1': '17-124'},3.0,"{'1': '28-47', '2': '47-64', '3': '68-89'}",1.0,{'1': '16-130'},1.0,{'1': '16-130'},,
Q9FL96,,,,,1.0,{'1': '4-72'},1.0,{'1': '11-68'},,,,,1.0,{'1': '9-68'},,
Q9FLA5,,,,,1.0,{'1': '62-390'},1.0,{'1': '64-364'},,,,,,,,
Q9FLB1,,,1.0,{'1': '30-203'},1.0,{'1': '56-198'},1.0,{'1': '60-198'},,,,,,,,
Q9FLF7,2.0,"{'1': '170-441', '2': '52-170'}",1.0,{'1': '348-428'},1.0,{'1': '48-442'},3.0,"{'1': '230-407', '2': '60-118', '3': '171-225'}",,,1.0,{'1': '169-440'},1.0,{'1': '74-133'},,
Q9FLL2,1.0,{'1': '326-609'},1.0,{'1': '29-212'},,,3.0,"{'1': '353-556', '2': '99-158', '3': '31-70'}",,,1.0,{'1': '348-623'},,,,
Q9FLP5,1.0,{'1': '2-93'},,,,,1.0,{'1': '20-86'},,,1.0,{'1': '16-93'},,,,
Q9FLP6,1.0,{'1': '3-92'},,,,,1.0,{'1': '17-87'},,,1.0,{'1': '15-92'},1.0,{'1': '17-88'},,
Q9FLQ4,1.0,{'1': '93-186'},1.0,{'1': '220-461'},1.0,{'1': '20-464'},2.0,"{'1': '98-167', '2': '234-462'}",,,2.0,"{'1': '93-168', '2': '118-147'}",,,1.0,{'1': '199-463'}
Q9FLT0,5.0,"{'1': '8-153', '2': '185-372', '3': '379-555', '4': '577-712', '5': '817-972'}",5.0,"{'1': '9-157', '2': '180-379', '3': '380-560', '4': '563-709', '5': '735-967'}",,,5.0,"{'1': '730-853', '2': '42-153', '3': '274-368', '4': '414-549', '5': '612-711'}",,,5.0,"{'1': '778-843', '2': '10-153', '3': '188-368', '4': '382-552', '5': '582-711'}",5.0,"{'1': '777-841', '2': '10-153', '3': '188-368', '4': '382-552', '5': '582-711'}",,
Q9FLW0,1.0,{'1': '464-760'},,,,,2.0,"{'1': '494-721', '2': '45-391'}",,,3.0,"{'1': '489-764', '2': '609-621', '3': '495-517'}",1.0,{'1': '489-763'},,
Q9FLX8,1.0,{'1': '157-225'},1.0,{'1': '147-218'},1.0,{'1': '6-315'},1.0,{'1': '166-223'},,,1.0,{'1': '159-225'},1.0,{'1': '164-224'},,
Q9FM19,1.0,{'1': '45-171'},1.0,{'1': '41-167'},1.0,{'1': '5-284'},1.0,{'1': '9-182'},,,,,1.0,{'1': '5-165'},,
Q9FM96,1.0,{'1': '534-620'},1.0,{'1': '522-620'},1.0,{'1': '14-647'},2.0,"{'1': '34-182', '2': '488-637'}",,,1.0,{'1': '527-622'},,,,
Q9FM97,3.0,"{'1': '76-175', '2': '7-349', '3': '332-497'}",3.0,"{'1': '76-176', '2': '344-483', '3': '9-343'}",1.0,{'1': '6-482'},2.0,"{'1': '9-333', '2': '368-486'}",7.0,"{'1': '65-81', '2': '195-209', '3': '225-251', '4': '252-276', '5': '277-301', '6': '302-320', '7': '321-337'}",1.0,{'1': '223-235'},,,1.0,{'1': '9-485'}
Q9FMA3,1.0,{'1': '441-728'},1.0,{'1': '440-728'},1.0,{'1': '1-726'},1.0,{'1': '659-690'},,,4.0,"{'1': '491-524', '2': '590-623', '3': '624-657', '4': '658-691'}",4.0,"{'1': '491-524', '2': '590-623', '3': '624-657', '4': '658-691'}",,
Q9FMA5,1.0,{'1': '28-462'},1.0,{'1': '25-462'},,,1.0,{'1': '35-448'},10.0,"{'1': '277-294', '2': '333-344', '3': '406-415', '4': '415-426', '5': '56-79', '6': '268-294', '7': '328-344', '8': '361-375', '9': '377-395', '10': '415-433'}",1.0,{'1': '408-417'},,,,
Q9FMD5,,,,,,,1.0,{'1': '387-438'},,,,,2.0,"{'1': '310-344', '2': '386-425'}",,
Q9FMD7,1.0,{'1': '347-609'},2.0,"{'1': '27-133', '2': '134-221'}",1.0,{'1': '11-615'},5.0,"{'1': '347-608', '2': '88-110', '3': '113-133', '4': '181-203', '5': '26-60'}",,,1.0,{'1': '343-613'},,,,
Q9FMD9,2.0,"{'1': '103-352', '2': '12-102'}",1.0,{'1': '1-103'},1.0,{'1': '6-354'},1.0,{'1': '168-347'},,,4.0,"{'1': '106-356', '2': '19-99', '3': '55-72', '4': '237-253'}",1.0,{'1': '103-351'},,
Q9FME2,2.0,"{'1': '11-131', '2': '272-384'}",1.0,{'1': '249-386'},1.0,{'1': '12-443'},2.0,"{'1': '295-353', '2': '15-131'}",,,2.0,"{'1': '293-370', '2': '15-131'}",1.0,{'1': '294-366'},,
Q9FME4,,,3.0,"{'1': '172-300', '2': '301-387', '3': '388-459'}",1.0,{'1': '17-388'},3.0,"{'1': '250-276', '2': '321-367', '3': '409-440'}",,,4.0,"{'1': '244-278', '2': '321-355', '3': '356-390', '4': '393-427'}",,,2.0,"{'1': '324-357', '2': '399-428'}"
Q9FMH5,2.0,"{'1': '79-216', '2': '219-343'}",,,1.0,{'1': '60-335'},2.0,"{'1': '219-341', '2': '91-216'}",,,1.0,{'1': '121-152'},3.0,"{'1': '219-342', '2': '126-210', '3': '223-311'}",,
Q9FMH6,,,1.0,{'1': '41-134'},1.0,{'1': '1-145'},1.0,{'1': '41-132'},,,,,,,,
Q9FMI7,1.0,{'1': '36-330'},,,1.0,{'1': '22-323'},1.0,{'1': '50-288'},14.0,"{'1': '43-62', '2': '67-87', '3': '103-116', '4': '122-132', '5': '141-156', '6': '186-198', '7': '245-260', '8': '261-278', '9': '304-317', '10': '65-79', '11': '123-140', '12': '141-153', '13': '187-202', '14': '247-262'}",3.0,"{'1': '33-330', '2': '187-197', '3': '65-76'}",,,,
Q9FMJ0,2.0,"{'1': '577-1114', '2': '57-128'}",1.0,{'1': '918-1119'},1.0,{'1': '33-1121'},2.0,"{'1': '861-1068', '2': '50-120'}",,,4.0,"{'1': '835-1106', '2': '1-143', '3': '863-877', '4': '957-977'}",1.0,{'1': '860-1119'},,
Q9FML2,1.0,{'1': '19-383'},1.0,{'1': '12-397'},,,1.0,{'1': '38-329'},10.0,"{'1': '149-172', '2': '181-196', '3': '266-276', '4': '40-57', '5': '73-91', '6': '106-123', '7': '127-147', '8': '168-184', '9': '227-240', '10': '244-262'}",,,,,,
Q9FMM3,1.0,{'1': '541-603'},1.0,{'1': '534-613'},,,1.0,{'1': '550-587'},,,1.0,{'1': '546-597'},1.0,{'1': '547-602'},,
Q9FMR5,1.0,{'1': '3-119'},,,1.0,{'1': '1-209'},2.0,"{'1': '30-109', '2': '128-207'}",3.0,"{'1': '132-151', '2': '152-171', '3': '188-207'}",3.0,"{'1': '145-164', '2': '7-112', '3': '127-187'}",1.0,{'1': '28-111'},,
Q9FMR9,1.0,{'1': '40-439'},2.0,"{'1': '14-365', '2': '122-247'}",1.0,{'1': '1-458'},2.0,"{'1': '17-369', '2': '376-441'}",,,,,1.0,{'1': '65-372'},,
Q9FMT1,,,,,1.0,{'1': '41-407'},1.0,{'1': '48-397'},,,1.0,{'1': '288-307'},1.0,{'1': '48-397'},1.0,{'1': '48-397'}
Q9FMT4,1.0,{'1': '309-399'},1.0,{'1': '311-396'},,,1.0,{'1': '317-389'},,,1.0,{'1': '314-391'},1.0,{'1': '315-394'},,
Q9FMU5,1.0,{'1': '243-540'},1.0,{'1': '222-541'},1.0,{'1': '19-543'},2.0,"{'1': '245-271', '2': '367-402'}",,,2.0,"{'1': '370-411', '2': '389-403'}",5.0,"{'1': '233-272', '2': '277-316', '3': '364-402', '4': '405-445', '5': '497-539'}",,
Q9FMV5,1.0,{'1': '23-150'},1.0,{'1': '44-156'},1.0,{'1': '48-164'},1.0,{'1': '70-141'},,,,,,,,
Q9FMX0,2.0,"{'1': '137-249', '2': '47-136'}",2.0,"{'1': '136-255', '2': '67-134'}",,,2.0,"{'1': '50-134', '2': '143-244'}",5.0,"{'1': '53-64', '2': '74-87', '3': '118-131', '4': '171-179', '5': '209-221'}",1.0,{'1': '211-218'},,,,
Q9FMZ0,,,,,1.0,{'1': '18-331'},,,,,,,,,,
Q9FN02,1.0,{'1': '44-388'},1.0,{'1': '38-411'},1.0,{'1': '10-390'},1.0,{'1': '78-304'},6.0,"{'1': '78-105', '2': '108-135', '3': '141-165', '4': '178-204', '5': '238-265', '6': '332-348'}",1.0,{'1': '142-147'},1.0,{'1': '45-378'},,
Q9FN03,1.0,{'1': '122-378'},1.0,{'1': '10-389'},1.0,{'1': '88-379'},2.0,"{'1': '36-81', '2': '117-377'}",7.0,"{'1': '35-51', '2': '89-105', '3': '139-155', '4': '177-193', '5': '193-207', '6': '284-302', '7': '342-363'}",12.0,"{'1': '20-30', '2': '177-187', '3': '229-239', '4': '281-291', '5': '333-343', '6': '34-85', '7': '87-138', '8': '139-190', '9': '191-242', '10': '243-294', '11': '295-346', '12': '347-393'}",,,,
Q9FN41,2.0,"{'1': '23-243', '2': '266-507'}",2.0,"{'1': '376-507', '2': '20-245'}",,,1.0,{'1': '28-227'},,,,,1.0,{'1': '26-229'},3.0,"{'1': '355-478', '2': '28-234', '3': '266-505'}"
Q9FN48,1.0,{'1': '207-345'},1.0,{'1': '219-357'},1.0,{'1': '25-350'},1.0,{'1': '223-339'},,,1.0,{'1': '231-352'},,,,
Q9FN91,1.0,{'1': '46-596'},,,1.0,{'1': '22-597'},1.0,{'1': '228-594'},,,,,,,,
Q9FN92,1.0,{'1': '458-753'},,,1.0,{'1': '469-759'},2.0,"{'1': '485-680', '2': '33-378'}",,,3.0,"{'1': '482-755', '2': '602-614', '3': '488-510'}",1.0,{'1': '482-755'},,
Q9FNB0,,,,,1.0,{'1': '36-1380'},2.0,"{'1': '244-1361', '2': '79-240'}",,,,,,,1.0,{'1': '79-1379'}
Q9FNC4,1.0,{'1': '94-255'},1.0,{'1': '53-272'},,,1.0,{'1': '44-271'},,,,,,,1.0,{'1': '49-272'}
Q9FND0,2.0,"{'1': '3-128', '2': '313-425'}",1.0,{'1': '311-441'},1.0,{'1': '8-441'},2.0,"{'1': '318-386', '2': '11-125'}",,,2.0,"{'1': '316-394', '2': '11-125'}",1.0,{'1': '317-390'},,
Q9FNE9,2.0,"{'1': '22-86', '2': '207-337'}",2.0,"{'1': '2-87', '2': '120-349'}",1.0,{'1': '35-349'},2.0,"{'1': '225-337', '2': '35-79'}",,,3.0,"{'1': '214-337', '2': '35-79', '3': '32-82'}",1.0,{'1': '34-80'},,
Q9FNH2,,,,,1.0,{'1': '1-260'},1.0,{'1': '35-259'},,,,,,,,
Q9FNH6,,,,,1.0,{'1': '17-228'},1.0,{'1': '103-206'},,,,,,,,
Q9FNI6,2.0,"{'1': '336-660', '2': '673-1023'}",4.0,"{'1': '789-846', '2': '676-1029', '3': '405-460', '4': '468-671'}",,,4.0,"{'1': '351-737', '2': '864-976', '3': '114-223', '4': '5-49'}",,,4.0,"{'1': '864-1029', '2': '794-834', '3': '406-622', '4': '809-818'}",4.0,"{'1': '893-976', '2': '794-833', '3': '344-641', '4': '113-227'}",,
Q9FNN2,1.0,{'1': '262-559'},2.0,"{'1': '255-523', '2': '524-579'}",1.0,{'1': '20-563'},6.0,"{'1': '268-301', '2': '311-347', '3': '364-389', '4': '398-431', '5': '478-516', '6': '521-559'}",3.0,"{'1': '289-303', '2': '376-390', '3': '547-561'}",6.0,"{'1': '270-311', '2': '315-356', '3': '527-569', '4': '64-96', '5': '97-154', '6': '289-303'}",9.0,"{'1': '263-302', '2': '308-347', '3': '350-389', '4': '391-431', '5': '433-471', '6': '475-517', '7': '520-560', '8': '64-96', '9': '97-154'}",,
Q9FNY0,2.0,"{'1': '167-230', '2': '247-350'}",1.0,{'1': '161-235'},1.0,{'1': '115-450'},2.0,"{'1': '169-232', '2': '249-349'}",,,,,1.0,{'1': '167-232'},,
Q9FNY2,2.0,"{'1': '102-183', '2': '189-340'}",2.0,"{'1': '94-187', '2': '188-320'}",1.0,{'1': '12-364'},2.0,"{'1': '102-182', '2': '190-295'}",,,,,2.0,"{'1': '99-182', '2': '189-344'}",,
Q9FNY3,2.0,"{'1': '52-134', '2': '140-282'}",2.0,"{'1': '43-139', '2': '140-285'}",1.0,{'1': '38-271'},2.0,"{'1': '52-133', '2': '140-264'}",,,,,2.0,"{'1': '49-133', '2': '140-292'}",,
Q9FNY4,3.0,"{'1': '194-275', '2': '10-110', '3': '336-528'}",4.0,"{'1': '188-275', '2': '11-111', '3': '459-527', '4': '336-458'}",1.0,{'1': '10-528'},4.0,"{'1': '201-270', '2': '287-333', '3': '336-450', '4': '457-528'}",12.0,"{'1': '252-269', '2': '324-338', '3': '364-383', '4': '441-449', '5': '456-463', '6': '510-527', '7': '293-310', '8': '363-377', '9': '377-385', '10': '442-451', '11': '458-471', '12': '509-527'}",2.0,"{'1': '14-109', '2': '366-385'}",1.0,{'1': '199-528'},,
Q9FNZ5,,,,,1.0,{'1': '29-142'},1.0,{'1': '38-139'},,,,,,,,
Q9FPF0,2.0,"{'1': '6-192', '2': '213-389'}",2.0,"{'1': '2-199', '2': '206-392'}",1.0,{'1': '6-183'},2.0,"{'1': '6-172', '2': '213-375'}",,,,,,,2.0,"{'1': '7-184', '2': '214-386'}"
Q9FPJ4,1.0,{'1': '4-176'},1.0,{'1': '2-196'},1.0,{'1': '8-187'},1.0,{'1': '10-170'},,,1.0,{'1': '1-202'},1.0,{'1': '11-171'},1.0,{'1': '7-164'}
Q9FPJ8,2.0,"{'1': '60-235', '2': '241-359'}",3.0,"{'1': '13-150', '2': '153-229', '3': '240-341'}",1.0,{'1': '31-336'},3.0,"{'1': '62-128', '2': '156-225', '3': '262-326'}",,,3.0,"{'1': '60-140', '2': '154-233', '3': '260-332'}",3.0,"{'1': '61-136', '2': '155-229', '3': '261-328'}",,
Q9FPR3,1.0,{'1': '657-920'},,,1.0,{'1': '362-921'},2.0,"{'1': '671-921', '2': '129-327'}",5.0,"{'1': '743-756', '2': '782-800', '3': '829-839', '4': '848-870', '5': '892-914'}",3.0,"{'1': '669-925', '2': '788-800', '3': '675-697'}",1.0,{'1': '669-924'},,
Q9FPS9,1.0,{'1': '437-745'},,,1.0,{'1': '229-744'},2.0,"{'1': '438-741', '2': '130-167'}",,,3.0,"{'1': '130-167', '2': '439-454', '3': '438-744'}",,,,
Q9FQ04,1.0,{'1': '260-284'},,,1.0,{'1': '1-888'},4.0,"{'1': '264-279', '2': '1-254', '3': '323-423', '4': '433-717'}",,,1.0,{'1': '264-279'},1.0,{'1': '264-280'},,
Q9FQ08,3.0,"{'1': '265-546', '2': '575-619', '3': '27-261'}",4.0,"{'1': '265-446', '2': '290-351', '3': '572-621', '4': '28-261'}",,,4.0,"{'1': '585-619', '2': '486-569', '3': '30-266', '4': '275-473'}",,,1.0,{'1': '585-619'},2.0,"{'1': '585-619', '2': '318-461'}",1.0,{'1': '27-619'}
Q9FQ09,3.0,"{'1': '215-518', '2': '4-199', '3': '534-675'}",3.0,"{'1': '216-418', '2': '1-198', '3': '527-676'}",,,4.0,"{'1': '452-533', '2': '8-161', '3': '226-430', '4': '558-671'}",,,,,1.0,{'1': '278-419'},,
Q9FQ24,,,,,,,1.0,{'1': '78-104'},,,1.0,{'1': '73-105'},,,,
Q9FR44,2.0,"{'1': '5-207', '2': '254-490'}",2.0,"{'1': '9-240', '2': '241-491'}",,,2.0,"{'1': '58-156', '2': '281-400'}",,,1.0,{'1': '1-491'},,,,
Q9FR53,4.0,"{'1': '2005-2354', '2': '119-453', '3': '353-1432', '4': '1924-2021'}",9.0,"{'1': '60-250', '2': '257-476', '3': '484-689', '4': '707-820', '5': '855-1024', '6': '1025-1141', '7': '1201-1777', '8': '1923-2023', '9': '2190-2351'}",1.0,{'1': '41-2481'},6.0,"{'1': '2091-2339', '2': '1449-1813', '3': '2451-2481', '4': '1920-2022', '5': '776-944', '6': '1827-1907'}",,,5.0,"{'1': '2065-2378', '2': '2449-2481', '3': '1309-1887', '4': '2095-2109', '5': '2232-2252'}",3.0,"{'1': '2092-2417', '2': '2449-2481', '3': '776-944'}",,
Q9FRH7,2.0,"{'1': '108-445', '2': '55-103'}",1.0,{'1': '116-445'},,,2.0,"{'1': '120-440', '2': '59-103'}",7.0,"{'1': '175-191', '2': '191-215', '3': '243-270', '4': '344-361', '5': '362-378', '6': '402-421', '7': '423-445'}",2.0,"{'1': '362-375', '2': '430-445'}",,,,
Q9FRL5,1.0,{'1': '234-301'},,,,,1.0,{'1': '74-126'},,,1.0,{'1': '76-125'},,,2.0,"{'1': '240-297', '2': '75-126'}"
Q9FTA2,,,,,1.0,{'1': '25-173'},1.0,{'1': '31-106'},,,1.0,{'1': '31-85'},,,,
Q9FV70,2.0,"{'1': '155-218', '2': '231-335'}",1.0,{'1': '150-222'},1.0,{'1': '114-341'},2.0,"{'1': '157-220', '2': '236-334'}",,,,,1.0,{'1': '155-220'},,
Q9FV71,2.0,"{'1': '129-192', '2': '207-310'}",1.0,{'1': '124-196'},1.0,{'1': '76-419'},2.0,"{'1': '131-194', '2': '210-309'}",,,,,1.0,{'1': '129-194'},,
Q9FV81,2.0,"{'1': '369-472', '2': '71-368'}",1.0,{'1': '486-547'},1.0,{'1': '62-549'},2.0,"{'1': '73-360', '2': '399-546'}",,,1.0,{'1': '214-228'},1.0,{'1': '399-546'},1.0,{'1': '69-547'}
Q9FVC8,,,1.0,{'1': '59-365'},1.0,{'1': '50-350'},1.0,{'1': '66-339'},4.0,"{'1': '98-119', '2': '134-152', '3': '166-182', '4': '189-206'}",2.0,"{'1': '101-118', '2': '194-224'}",1.0,{'1': '65-341'},1.0,{'1': '68-336'}
Q9FVE6,,,,,,,1.0,{'1': '3-92'},,,2.0,"{'1': '220-241', '2': '218-245'}",,,,
Q9FVI6,1.0,{'1': '27-95'},,,1.0,{'1': '40-682'},3.0,"{'1': '45-96', '2': '217-436', '3': '454-683'}",,,2.0,"{'1': '38-98', '2': '206-439'}",2.0,"{'1': '39-102', '2': '215-436'}",,
Q9FVQ1,2.0,"{'1': '289-399', '2': '399-511'}",2.0,"{'1': '213-382', '2': '397-515'}",,,2.0,"{'1': '300-368', '2': '403-470'}",,,2.0,"{'1': '297-374', '2': '401-481'}",2.0,"{'1': '298-370', '2': '402-477'}",,
Q9FVQ6,1.0,{'1': '9-282'},,,1.0,{'1': '8-316'},1.0,{'1': '9-313'},,,,,,,,
Q9FVT2,3.0,"{'1': '2-83', '2': '73-213', '3': '254-413'}",1.0,{'1': '253-413'},1.0,{'1': '1-413'},3.0,"{'1': '252-359', '2': '7-76', '3': '116-197'}",,,3.0,"{'1': '253-413', '2': '1-82', '3': '87-215'}",1.0,{'1': '252-360'},,
Q9FVU9,,,,,1.0,{'1': '47-343'},2.0,"{'1': '55-167', '2': '255-336'}",,,1.0,{'1': '59-196'},1.0,{'1': '58-195'},,
Q9FWA3,2.0,"{'1': '182-479', '2': '6-180'}",1.0,{'1': '186-444'},1.0,{'1': '6-482'},2.0,"{'1': '184-477', '2': '7-179'}",6.0,"{'1': '6-29', '2': '71-100', '3': '124-149', '4': '173-201', '5': '255-282', '6': '367-389'}",,,1.0,{'1': '184-478'},1.0,{'1': '8-478'}
Q9FWR4,2.0,"{'1': '18-87', '2': '83-211'}",,,1.0,{'1': '1-210'},1.0,{'1': '20-82'},,,2.0,"{'1': '10-88', '2': '66-213'}",,,,
Q9FWW9,2.0,"{'1': '8-243', '2': '269-441'}",2.0,"{'1': '14-435', '2': '185-288'}",1.0,{'1': '12-439'},2.0,"{'1': '12-244', '2': '268-377'}",5.0,"{'1': '12-28', '2': '36-60', '3': '224-239', '4': '275-302', '5': '340-353'}",,,,,,
Q9FWX0,,,1.0,{'1': '68-399'},1.0,{'1': '64-400'},1.0,{'1': '114-393'},,,,,,,,
Q9FWX6,,,,,1.0,{'1': '68-239'},2.0,"{'1': '40-118', '2': '168-233'}",2.0,"{'1': '77-105', '2': '194-203'}",,,,,,
Q9FWY7,1.0,{'1': '12-502'},2.0,"{'1': '76-499', '2': '11-50'}",,,9.0,"{'1': '109-149', '2': '151-190', '3': '247-275', '4': '277-316', '5': '322-360', '6': '363-401', '7': '405-444', '8': '12-97', '9': '460-506'}",,,6.0,"{'1': '119-162', '2': '162-190', '3': '246-288', '4': '288-320', '5': '330-373', '6': '1-58'}",8.0,"{'1': '108-149', '2': '151-191', '3': '193-234', '4': '236-275', '5': '277-317', '6': '319-360', '7': '362-402', '8': '405-445'}",,
Q9FX01,1.0,{'1': '9-375'},,,1.0,{'1': '12-359'},1.0,{'1': '13-288'},,,,,,,,
Q9FX08,1.0,{'1': '36-293'},1.0,{'1': '31-298'},1.0,{'1': '38-292'},1.0,{'1': '54-261'},,,1.0,{'1': '24-293'},2.0,"{'1': '46-293', '2': '21-291'}",,
Q9FX54,1.0,{'1': '5-172'},,,1.0,{'1': '5-337'},2.0,"{'1': '6-109', '2': '161-318'}",5.0,"{'1': '115-128', '2': '150-168', '3': '177-193', '4': '234-251', '5': '274-289'}",1.0,{'1': '154-161'},1.0,{'1': '6-156'},1.0,{'1': '7-330'}
Q9FX60,1.0,{'1': '2-132'},1.0,{'1': '2-136'},1.0,{'1': '1-135'},1.0,{'1': '44-131'},7.0,"{'1': '3-17', '2': '17-31', '3': '34-55', '4': '58-75', '5': '80-98', '6': '98-114', '7': '114-135'}",1.0,{'1': '67-75'},1.0,{'1': '34-136'},,
Q9FX95,3.0,"{'1': '297-432', '2': '8-248', '3': '404-582'}",,,1.0,{'1': '284-617'},3.0,"{'1': '9-209', '2': '439-574', '3': '315-399'}",8.0,"{'1': '91-102', '2': '148-156', '3': '168-187', '4': '8-25', '5': '91-102', '6': '142-158', '7': '168-187', '8': '188-205'}",2.0,"{'1': '428-449', '2': '155-183'}",1.0,{'1': '297-616'},,
Q9FXA2,4.0,"{'1': '44-209', '2': '216-308', '3': '322-425', '4': '514-663'}",4.0,"{'1': '13-120', '2': '134-206', '3': '209-309', '4': '310-413'}",,,5.0,"{'1': '47-117', '2': '135-203', '3': '226-293', '4': '329-396', '5': '581-645'}",,,5.0,"{'1': '45-123', '2': '133-205', '3': '224-301', '4': '327-404', '5': '573-650'}",9.0,"{'1': '46-119', '2': '134-206', '3': '225-297', '4': '328-400', '5': '585-648', '6': '46-119', '7': '134-206', '8': '225-297', '9': '328-400'}",1.0,{'1': '46-646'}
Q9FXB0,1.0,{'1': '5-145'},1.0,{'1': '6-147'},1.0,{'1': '22-141'},1.0,{'1': '26-138'},,,,,,,,
Q9FXT6,,,1.0,{'1': '45-110'},1.0,{'1': '1-489'},3.0,"{'1': '54-98', '2': '324-372', '3': '148-267'}",,,,,,,,
Q9FY48,2.0,"{'1': '148-428', '2': '500-802'}",3.0,"{'1': '5-86', '2': '457-680', '3': '681-911'}",1.0,{'1': '6-1622'},13.0,"{'1': '171-424', '2': '490-573', '3': '585-660', '4': '704-789', '5': '10-53', '6': '866-984', '7': '990-1047', '8': '1053-1110', '9': '1116-1160', '10': '1172-1234', '11': '1242-1363', '12': '1369-1490', '13': '1499-1617'}",2.0,"{'1': '726-741', '2': '774-788'}",8.0,"{'1': '141-427', '2': '10-56', '3': '510-534', '4': '544-576', '5': '579-611', '6': '725-757', '7': '758-790', '8': '29-38'}",10.0,"{'1': '10-55', '2': '510-540', '3': '544-573', '4': '579-608', '5': '612-641', '6': '647-678', '7': '685-720', '8': '725-754', '9': '758-787', '10': '791-826'}",,
Q9FY61,,,,,1.0,{'1': '1-1179'},6.0,"{'1': '12-197', '2': '205-268', '3': '329-496', '4': '544-644', '5': '860-1032', '6': '1048-1181'}",,,,,,,,
Q9FY75,,,,,1.0,{'1': '102-856'},2.0,"{'1': '107-593', '2': '608-856'}",,,,,,,1.0,{'1': '107-858'}
Q9FYA6,1.0,{'1': '77-411'},2.0,"{'1': '59-239', '2': '240-397'}",1.0,{'1': '68-414'},1.0,{'1': '133-371'},,,1.0,{'1': '297-326'},,,1.0,{'1': '109-414'}
Q9FYC2,1.0,{'1': '77-208'},1.0,{'1': '83-225'},1.0,{'1': '24-482'},2.0,"{'1': '296-390', '2': '87-170'}",,,1.0,{'1': '88-200'},,,,
Q9FYK5,1.0,{'1': '57-114'},1.0,{'1': '56-115'},,,1.0,{'1': '57-106'},2.0,"{'1': '58-69', '2': '80-96'}",1.0,{'1': '57-114'},1.0,{'1': '57-120'},,
Q9FZ45,,,,,1.0,{'1': '1-474'},,,,,,,,,,
Q9FZ70,1.0,{'1': '4-48'},1.0,{'1': '89-401'},,,3.0,"{'1': '8-44', '2': '347-381', '3': '99-230'}",,,1.0,{'1': '5-53'},1.0,{'1': '343-414'},,
Q9FZD1,,,2.0,"{'1': '111-332', '2': '451-608'}",1.0,{'1': '1-624'},3.0,"{'1': '503-549', '2': '152-201', '3': '348-494'}",,,3.0,"{'1': '190-224', '2': '504-538', '3': '539-573'}",,,1.0,{'1': '542-574'}
Q9FZE1,3.0,"{'1': '210-308', '2': '315-464', '3': '3-200'}",,,1.0,{'1': '2-471'},3.0,"{'1': '3-186', '2': '210-304', '3': '328-452'}",,,,,1.0,{'1': '328-453'},1.0,{'1': '3-449'}
Q9FZH0,1.0,{'1': '11-105'},1.0,{'1': '5-111'},1.0,{'1': '1-111'},1.0,{'1': '11-105'},,,1.0,{'1': '73-94'},,,,
Q9FZK4,1.0,{'1': '3-120'},,,1.0,{'1': '2-121'},1.0,{'1': '6-119'},,,1.0,{'1': '6-119'},,,,
Q9LD28,1.0,{'1': '9-124'},1.0,{'1': '1-129'},1.0,{'1': '13-121'},2.0,"{'1': '13-90', '2': '93-126'}",5.0,"{'1': '15-37', '2': '44-59', '3': '59-72', '4': '73-87', '5': '101-119'}",1.0,{'1': '23-29'},1.0,{'1': '4-124'},,
Q9LD45,,,,,1.0,{'1': '14-231'},1.0,{'1': '32-234'},,,1.0,{'1': '101-130'},,,,
Q9LD55,,,,,1.0,{'1': '1-976'},2.0,"{'1': '437-509', '2': '8-408'}",,,1.0,{'1': '316-513'},1.0,{'1': '441-532'},,
Q9LD57,1.0,{'1': '84-475'},3.0,"{'1': '20-148', '2': '150-476', '3': '264-451'}",1.0,{'1': '79-476'},1.0,{'1': '86-465'},9.0,"{'1': '89-105', '2': '111-133', '3': '188-203', '4': '216-238', '5': '247-269', '6': '270-289', '7': '392-417', '8': '428-439', '9': '451-468'}",1.0,{'1': '94-104'},,,,
Q9LD83,,,1.0,{'1': '184-504'},1.0,{'1': '106-519'},1.0,{'1': '187-494'},,,,,,,,
Q9LD90,2.0,"{'1': '287-368', '2': '40-285'}",1.0,{'1': '40-371'},1.0,{'1': '9-507'},4.0,"{'1': '288-361', '2': '101-217', '3': '40-97', '4': '218-284'}",,,,,2.0,"{'1': '288-362', '2': '39-97'}",2.0,"{'1': '283-359', '2': '47-372'}"
Q9LD95,3.0,"{'1': '384-457', '2': '442-542', '3': '231-381'}",2.0,"{'1': '384-460', '2': '461-544'}",1.0,{'1': '127-543'},3.0,"{'1': '391-465', '2': '311-380', '3': '479-532'}",5.0,"{'1': '335-348', '2': '359-367', '3': '483-495', '4': '504-519', '5': '519-530'}",2.0,"{'1': '335-348', '2': '504-530'}",,,1.0,{'1': '307-534'}
Q9LDC0,1.0,{'1': '171-326'},2.0,"{'1': '161-292', '2': '34-160'}",1.0,{'1': '78-332'},2.0,"{'1': '63-156', '2': '265-297'}",,,2.0,"{'1': '67-159', '2': '264-297'}",3.0,"{'1': '179-212', '2': '230-263', '3': '264-297'}",,
Q9LDD8,2.0,"{'1': '71-311', '2': '328-587'}",,,1.0,{'1': '40-587'},1.0,{'1': '94-577'},,,2.0,"{'1': '68-324', '2': '333-579'}",,,,
Q9LDE4,1.0,{'1': '26-85'},1.0,{'1': '26-85'},,,1.0,{'1': '25-75'},2.0,"{'1': '27-38', '2': '49-65'}",1.0,{'1': '26-83'},1.0,{'1': '26-89'},,
Q9LDH1,,,,,1.0,{'1': '18-141'},1.0,{'1': '45-70'},,,,,,,,
Q9LDI3,1.0,{'1': '7-265'},,,,,2.0,"{'1': '11-264', '2': '307-364'}",,,4.0,"{'1': '11-264', '2': '130-142', '3': '17-49', '4': '305-329'}",1.0,{'1': '11-264'},,
Q9LDK9,1.0,{'1': '29-598'},2.0,"{'1': '14-608', '2': '710-839'}",1.0,{'1': '20-806'},2.0,"{'1': '39-551', '2': '724-835'}",,,,,1.0,{'1': '719-836'},,
Q9LDM4,2.0,"{'1': '169-303', '2': '308-425'}",,,1.0,{'1': '144-411'},2.0,"{'1': '308-424', '2': '180-305'}",,,1.0,{'1': '210-241'},3.0,"{'1': '308-425', '2': '215-299', '3': '312-394'}",,
Q9LDN8,,,,,,,1.0,{'1': '56-142'},,,,,,,,
Q9LDR2,1.0,{'1': '487-681'},1.0,{'1': '558-680'},,,1.0,{'1': '172-488'},,,1.0,{'1': '560-628'},1.0,{'1': '560-693'},,
Q9LDU6,,,,,,,1.0,{'1': '62-432'},,,2.0,"{'1': '170-185', '2': '396-419'}",,,,
Q9LDX1,,,1.0,{'1': '294-470'},1.0,{'1': '7-623'},2.0,"{'1': '299-410', '2': '228-265'}",,,,,,,,
Q9LE59,1.0,{'1': '365-670'},1.0,{'1': '367-664'},1.0,{'1': '190-671'},1.0,{'1': '334-646'},,,,,,,,
Q9LE82,,,2.0,"{'1': '121-502', '2': '14-111'}",1.0,{'1': '13-532'},4.0,"{'1': '210-230', '2': '319-342', '3': '406-427', '4': '14-109'}",,,,,,,,
Q9LEQ3,1.0,{'1': '378-574'},1.0,{'1': '447-567'},,,2.0,"{'1': '472-559', '2': '49-375'}",,,1.0,{'1': '449-579'},1.0,{'1': '449-580'},,
Q9LER7,,,,,1.0,{'1': '1-148'},1.0,{'1': '99-146'},,,,,,,,
Q9LES2,2.0,"{'1': '139-220', '2': '234-351'}",2.0,"{'1': '36-219', '2': '229-360'}",,,2.0,"{'1': '142-205', '2': '247-315'}",,,2.0,"{'1': '140-217', '2': '245-321'}",2.0,"{'1': '141-213', '2': '246-318'}",,
Q9LEU7,1.0,{'1': '8-290'},,,,,2.0,"{'1': '12-267', '2': '309-367'}",,,4.0,"{'1': '12-267', '2': '131-143', '3': '18-41', '4': '307-332'}",1.0,{'1': '12-267'},,
Q9LEV3,1.0,{'1': '52-203'},1.0,{'1': '49-205'},1.0,{'1': '43-206'},2.0,"{'1': '74-120', '2': '132-188'}",,,2.0,"{'1': '61-127', '2': '136-194'}",2.0,"{'1': '71-121', '2': '141-188'}",,
Q9LF06,,,,,1.0,{'1': '21-376'},1.0,{'1': '47-137'},,,,,1.0,{'1': '45-138'},,
Q9LF27,1.0,{'1': '105-426'},1.0,{'1': '102-433'},,,5.0,"{'1': '140-181', '2': '199-233', '3': '263-299', '4': '350-387', '5': '13-79'}",3.0,"{'1': '220-234', '2': '286-300', '3': '374-388'}",4.0,"{'1': '201-242', '2': '268-308', '3': '354-396', '4': '374-388'}",7.0,"{'1': '99-137', '2': '139-182', '3': '194-233', '4': '261-299', '5': '302-341', '6': '347-387', '7': '390-428'}",,
Q9LF37,3.0,"{'1': '235-625', '2': '626-930', '3': '81-232'}",4.0,"{'1': '225-418', '2': '419-624', '3': '629-848', '4': '78-224'}",1.0,{'1': '86-956'},5.0,"{'1': '279-410', '2': '676-843', '3': '81-203', '4': '850-928', '5': '418-519'}",4.0,"{'1': '681-699', '2': '726-744', '3': '755-773', '4': '788-802'}",3.0,"{'1': '78-222', '2': '370-382', '3': '711-729'}",3.0,"{'1': '274-418', '2': '677-843', '3': '850-944'}",1.0,{'1': '82-934'}
Q9LF53,,,1.0,{'1': '32-96'},1.0,{'1': '123-512'},2.0,"{'1': '157-516', '2': '34-100'}",,,1.0,{'1': '148-516'},,,,
Q9LF60,,,,,1.0,{'1': '1-429'},1.0,{'1': '1-428'},,,,,,,,
Q9LF64,,,1.0,{'1': '116-191'},1.0,{'1': '36-315'},1.0,{'1': '141-184'},,,1.0,{'1': '142-184'},1.0,{'1': '142-183'},,
Q9LF79,4.0,"{'1': '257-353', '2': '136-1047', '3': '487-680', '4': '478-888'}",2.0,"{'1': '477-828', '2': '490-683'}",,,4.0,"{'1': '136-204', '2': '868-1045', '3': '30-71', '4': '258-354'}",3.0,"{'1': '629-647', '2': '783-799', '3': '815-840'}",1.0,{'1': '482-488'},1.0,{'1': '135-209'},3.0,"{'1': '420-516', '2': '750-863', '3': '132-1047'}"
Q9LF98,,,1.0,{'1': '1-358'},1.0,{'1': '10-358'},1.0,{'1': '11-358'},,,1.0,{'1': '217-227'},,,,
Q9LFA2,1.0,{'1': '514-895'},,,,,2.0,"{'1': '538-687', '2': '776-879'}",,,2.0,"{'1': '538-879', '2': '659-671'}",1.0,{'1': '538-879'},,
Q9LFB5,,,2.0,"{'1': '3-204', '2': '220-464'}",1.0,{'1': '9-466'},,,,,,,,,,
Q9LFD5,1.0,{'1': '4-81'},1.0,{'1': '1-79'},,,1.0,{'1': '9-66'},,,1.0,{'1': '6-77'},1.0,{'1': '7-73'},,
Q9LFF9,1.0,{'1': '31-211'},1.0,{'1': '34-212'},1.0,{'1': '14-215'},1.0,{'1': '55-206'},,,,,,,,
Q9LFG2,,,,,1.0,{'1': '65-360'},2.0,"{'1': '80-200', '2': '234-354'}",,,1.0,{'1': '141-155'},,,1.0,{'1': '79-359'}
Q9LFG8,1.0,{'1': '121-343'},1.0,{'1': '114-343'},1.0,{'1': '72-726'},2.0,"{'1': '127-279', '2': '435-643'}",,,2.0,"{'1': '88-351', '2': '251-265'}",1.0,{'1': '136-328'},,
Q9LFL3,1.0,{'1': '43-183'},2.0,"{'1': '41-200', '2': '221-316'}",1.0,{'1': '1-405'},2.0,"{'1': '47-179', '2': '241-313'}",,,2.0,"{'1': '55-183', '2': '228-315'}",1.0,{'1': '48-179'},,
Q9LFS4,1.0,{'1': '292-584'},1.0,{'1': '38-220'},,,3.0,"{'1': '315-583', '2': '39-78', '3': '100-184'}",,,3.0,"{'1': '312-593', '2': '431-443', '3': '318-340'}",1.0,{'1': '312-583'},,
Q9LFS8,1.0,{'1': '23-1002'},2.0,"{'1': '22-226', '2': '846-1021'}",,,1.0,{'1': '23-989'},,,,,,,,
Q9LFT8,1.0,{'1': '18-333'},,,1.0,{'1': '23-331'},1.0,{'1': '26-325'},,,3.0,"{'1': '26-325', '2': '160-172', '3': '32-55'}",1.0,{'1': '26-325'},,
Q9LFV6,1.0,{'1': '169-1011'},2.0,"{'1': '498-580', '2': '160-496'}",1.0,{'1': '130-1011'},2.0,"{'1': '180-497', '2': '620-985'}",,,2.0,"{'1': '781-795', '2': '708-719'}",1.0,{'1': '179-497'},,
Q9LFW1,1.0,{'1': '23-252'},,,1.0,{'1': '13-354'},1.0,{'1': '18-352'},,,,,,,,
Q9LFY0,1.0,{'1': '456-531'},1.0,{'1': '450-532'},,,1.0,{'1': '456-529'},,,,,,,,
Q9LFY3,,,,,,,1.0,{'1': '25-272'},,,,,1.0,{'1': '20-305'},,
Q9LG23,,,2.0,"{'1': '100-228', '2': '229-390'}",1.0,{'1': '53-381'},4.0,"{'1': '115-140', '2': '146-170', '3': '178-222', '4': '283-332'}",,,5.0,"{'1': '179-213', '2': '214-248', '3': '249-283', '4': '284-318', '5': '319-353'}",,,3.0,"{'1': '115-143', '2': '181-215', '3': '286-319'}"
Q9LH39,,,,,1.0,{'1': '10-457'},1.0,{'1': '23-423'},,,,,,,,
Q9LH52,,,1.0,{'1': '23-325'},1.0,{'1': '10-325'},7.0,"{'1': '116-138', '2': '140-162', '3': '164-185', '4': '193-210', '5': '260-281', '6': '282-299', '7': '27-64'}",,,,,,,,
Q9LHA4,1.0,{'1': '14-349'},3.0,"{'1': '91-199', '2': '206-309', '3': '14-335'}",1.0,{'1': '1-350'},1.0,{'1': '16-344'},,,,,,,,
Q9LHA6,,,2.0,"{'1': '69-225', '2': '227-363'}",,,2.0,"{'1': '82-216', '2': '239-358'}",,,2.0,"{'1': '80-216', '2': '236-359'}",2.0,"{'1': '85-196', '2': '238-340'}",,
Q9LHA8,4.0,"{'1': '392-549', '2': '543-622', '3': '8-191', '4': '198-388'}",2.0,"{'1': '391-544', '2': '545-619'}",1.0,{'1': '9-583'},1.0,{'1': '9-618'},,,3.0,"{'1': '12-19', '2': '203-216', '3': '340-354'}",,,,
Q9LHD9,,,,,1.0,{'1': '13-373'},1.0,{'1': '29-372'},,,,,,,,
Q9LHE5,,,1.0,{'1': '17-308'},1.0,{'1': '6-309'},1.0,{'1': '31-303'},,,,,,,,
Q9LHE7,1.0,{'1': '2-286'},1.0,{'1': '1-303'},1.0,{'1': '2-303'},1.0,{'1': '44-237'},7.0,"{'1': '44-71', '2': '73-100', '3': '106-130', '4': '141-167', '5': '170-197', '6': '226-246', '7': '249-265'}",1.0,{'1': '107-112'},1.0,{'1': '16-287'},,
Q9LHE9,1.0,{'1': '140-887'},1.0,{'1': '164-770'},,,4.0,"{'1': '843-859', '2': '913-929', '3': '167-825', '4': '115-159'}",5.0,"{'1': '195-214', '2': '249-274', '3': '291-318', '4': '523-551', '5': '576-604'}",2.0,"{'1': '165-837', '2': '112-161'}",5.0,"{'1': '838-860', '2': '861-883', '3': '887-909', '4': '910-932', '5': '159-838'}",,
Q9LHG0,1.0,{'1': '4-88'},1.0,{'1': '1-86'},1.0,{'1': '7-123'},1.0,{'1': '8-71'},,,,,,,,
Q9LHG9,,,1.0,{'1': '69-122'},1.0,{'1': '20-202'},2.0,"{'1': '63-118', '2': '164-202'}",,,1.0,{'1': '60-125'},1.0,{'1': '63-119'},,
Q9LHJ8,1.0,{'1': '87-154'},1.0,{'1': '77-156'},1.0,{'1': '23-159'},2.0,"{'1': '101-138', '2': '25-47'}",,,2.0,"{'1': '95-141', '2': '20-54'}",2.0,"{'1': '101-138', '2': '23-47'}",,
Q9LHP1,1.0,{'1': '85-244'},2.0,"{'1': '85-189', '2': '190-244'}",1.0,{'1': '6-244'},2.0,"{'1': '10-81', '2': '86-136'}",,,1.0,{'1': '104-136'},,,1.0,{'1': '11-244'}
Q9LHP2,1.0,{'1': '37-141'},1.0,{'1': '28-142'},1.0,{'1': '36-242'},1.0,{'1': '39-108'},,,1.0,{'1': '37-115'},1.0,{'1': '38-111'},,
Q9LHP4,1.0,{'1': '777-1063'},4.0,"{'1': '35-196', '2': '199-338', '3': '339-437', '4': '440-704'}",1.0,{'1': '495-1064'},11.0,"{'1': '790-1062', '2': '348-369', '3': '371-393', '4': '420-439', '5': '467-489', '6': '516-537', '7': '540-561', '8': '588-607', '9': '616-634', '10': '105-165', '11': '221-331'}",,,3.0,"{'1': '786-1074', '2': '915-927', '3': '792-815'}",6.0,"{'1': '786-1067', '2': '152-176', '3': '297-321', '4': '441-465', '5': '489-513', '6': '537-561'}",,
Q9LHQ7,1.0,{'1': '70-340'},1.0,{'1': '58-342'},1.0,{'1': '42-341'},1.0,{'1': '32-341'},,,1.0,{'1': '61-341'},,,,
Q9LHS5,3.0,"{'1': '475-518', '2': '605-658', '3': '78-178'}",1.0,{'1': '84-194'},1.0,{'1': '12-661'},4.0,"{'1': '607-650', '2': '475-544', '3': '100-179', '4': '196-299'}",3.0,"{'1': '105-123', '2': '123-138', '3': '154-174'}",4.0,"{'1': '469-524', '2': '607-653', '3': '100-182', '4': '159-178'}",3.0,"{'1': '473-526', '2': '603-655', '3': '99-174'}",,
Q9LI77,1.0,{'1': '46-530'},1.0,{'1': '43-527'},1.0,{'1': '40-527'},1.0,{'1': '62-513'},,,1.0,{'1': '189-220'},,,1.0,{'1': '53-523'}
Q9LIB2,,,,,1.0,{'1': '75-960'},2.0,"{'1': '181-504', '2': '557-956'}",,,1.0,{'1': '800-812'},,,1.0,{'1': '556-956'}
Q9LID3,1.0,{'1': '137-420'},,,1.0,{'1': '130-668'},2.0,"{'1': '137-372', '2': '436-703'}",,,3.0,"{'1': '137-435', '2': '263-275', '3': '143-175'}",1.0,{'1': '137-435'},,
Q9LII1,1.0,{'1': '79-190'},1.0,{'1': '80-198'},1.0,{'1': '47-202'},1.0,{'1': '81-189'},,,1.0,{'1': '80-195'},,,,
Q9LIJ8,,,,,1.0,{'1': '27-308'},1.0,{'1': '82-291'},,,,,,,1.0,{'1': '169-292'}
Q9LIK0,3.0,"{'1': '186-277', '2': '101-465', '3': '448-594'}",3.0,"{'1': '185-291', '2': '460-586', '3': '117-459'}",1.0,{'1': '99-584'},2.0,"{'1': '117-448', '2': '487-586'}",7.0,"{'1': '174-190', '2': '309-323', '3': '341-367', '4': '368-392', '5': '393-417', '6': '418-436', '7': '437-453'}",1.0,{'1': '339-351'},,,1.0,{'1': '117-585'}
Q9LIM8,,,,,,,1.0,{'1': '11-123'},,,1.0,{'1': '1-149'},,,,
Q9LIN0,,,1.0,{'1': '1-152'},1.0,{'1': '1-152'},1.0,{'1': '2-151'},,,,,1.0,{'1': '2-152'},,
Q9LIP2,1.0,{'1': '52-256'},1.0,{'1': '58-267'},1.0,{'1': '53-244'},1.0,{'1': '56-236'},4.0,"{'1': '65-80', '2': '186-197', '3': '197-208', '4': '222-233'}",2.0,"{'1': '61-108', '2': '57-236'}",,,,
Q9LIQ9,,,,,1.0,{'1': '77-714'},,,,,,,,,,
Q9LJB7,,,,,,,,,,,,,1.0,{'1': '1-46'},,
Q9LJD7,1.0,{'1': '29-181'},1.0,{'1': '26-182'},,,1.0,{'1': '40-176'},,,1.0,{'1': '36-182'},,,,
Q9LJD8,3.0,"{'1': '17-275', '2': '578-1255', '3': '1232-1341'}",3.0,"{'1': '563-780', '2': '1023-1171', '3': '1172-1360'}",1.0,{'1': '665-1368'},1.0,{'1': '21-274'},4.0,"{'1': '96-109', '2': '134-152', '3': '200-222', '4': '243-265'}",3.0,"{'1': '20-274', '2': '140-152', '3': '26-49'}",5.0,"{'1': '606-646', '2': '648-691', '3': '1102-1146', '4': '1148-1187', '5': '20-274'}",,
Q9LJE4,3.0,"{'1': '234-426', '2': '191-245', '3': '62-574'}",3.0,"{'1': '242-423', '2': '188-460', '3': '57-575'}",1.0,{'1': '47-583'},1.0,{'1': '74-576'},5.0,"{'1': '78-104', '2': '134-161', '3': '318-341', '4': '400-425', '5': '448-469'}",1.0,{'1': '455-466'},,,1.0,{'1': '52-579'}
Q9LJE5,,,,,1.0,{'1': '80-637'},1.0,{'1': '443-580'},,,1.0,{'1': '442-579'},,,,
Q9LJF3,1.0,{'1': '839-1132'},1.0,{'1': '81-756'},1.0,{'1': '449-1133'},13.0,"{'1': '860-1130', '2': '177-195', '3': '376-398', '4': '476-498', '5': '525-546', '6': '548-568', '7': '124-139', '8': '201-215', '9': '278-338', '10': '404-462', '11': '665-723', '12': '32-73', '13': '572-636'}",,,3.0,"{'1': '858-1136', '2': '981-993', '3': '864-887'}",9.0,"{'1': '858-1136', '2': '100-123', '3': '124-148', '4': '301-324', '5': '374-398', '6': '475-498', '7': '522-546', '8': '662-685', '9': '686-709'}",,
Q9LJG3,,,1.0,{'1': '34-344'},1.0,{'1': '34-357'},1.0,{'1': '37-339'},,,,,,,,
Q9LJH8,2.0,"{'1': '57-223', '2': '258-349'}",3.0,"{'1': '1-141', '2': '142-223', '3': '243-344'}",1.0,{'1': '26-224'},3.0,"{'1': '61-127', '2': '146-216', '3': '267-324'}",,,3.0,"{'1': '59-133', '2': '144-222', '3': '265-340'}",3.0,"{'1': '60-129', '2': '145-218', '3': '266-336'}",,
Q9LJI5,1.0,{'1': '14-349'},3.0,"{'1': '91-195', '2': '206-309', '3': '14-335'}",1.0,{'1': '1-350'},1.0,{'1': '16-344'},,,,,,,,
Q9LJL6,,,1.0,{'1': '41-127'},1.0,{'1': '18-129'},1.0,{'1': '78-121'},,,1.0,{'1': '79-121'},,,,
Q9LJN8,1.0,{'1': '16-303'},1.0,{'1': '2-334'},,,3.0,"{'1': '17-45', '2': '94-126', '3': '243-269'}",3.0,"{'1': '32-46', '2': '113-127', '3': '256-270'}",2.0,"{'1': '94-126', '2': '244-278'}",5.0,"{'1': '5-45', '2': '48-85', '3': '87-126', '4': '134-170', '5': '221-269'}",,
Q9LJR2,1.0,{'1': '17-270'},,,1.0,{'1': '6-271'},1.0,{'1': '20-270'},,,,,,,,
Q9LJR3,2.0,"{'1': '66-305', '2': '531-842'}",1.0,{'1': '508-845'},1.0,{'1': '50-844'},2.0,"{'1': '534-561', '2': '613-786'}",3.0,"{'1': '599-613', '2': '642-656', '3': '726-740'}",5.0,"{'1': '1-297', '2': '599-621', '3': '622-664', '4': '708-741', '5': '726-740'}",8.0,"{'1': '2-297', '2': '527-562', '3': '573-612', '4': '615-655', '5': '658-697', '6': '701-739', '7': '748-787', '8': '803-842'}",,
Q9LJW6,,,1.0,{'1': '39-120'},1.0,{'1': '1-116'},1.0,{'1': '1-96'},4.0,"{'1': '13-26', '2': '26-43', '3': '44-54', '4': '66-88'}",1.0,{'1': '15-28'},,,,
Q9LJX0,4.0,"{'1': '358-602', '2': '1002-1248', '3': '28-351', '4': '675-990'}",3.0,"{'1': '363-626', '2': '1000-1251', '3': '88-984'}",1.0,{'1': '12-603'},4.0,"{'1': '384-532', '2': '1029-1177', '3': '42-314', '4': '688-959'}",,,6.0,"{'1': '365-601', '2': '1010-1246', '3': '42-330', '4': '688-975', '5': '504-518', '6': '1149-1163'}",2.0,"{'1': '392-578', '2': '1037-1223'}",,
Q9LJX4,1.0,{'1': '610-944'},1.0,{'1': '606-953'},,,8.0,"{'1': '632-666', '2': '671-701', '3': '704-737', '4': '745-760', '5': '776-811', '6': '815-847', '7': '849-883', '8': '891-922'}",,,9.0,"{'1': '628-663', '2': '664-699', '3': '700-735', '4': '736-771', '5': '772-808', '6': '809-844', '7': '845-880', '8': '881-922', '9': '608-948'}",8.0,"{'1': '628-663', '2': '664-699', '3': '700-735', '4': '736-771', '5': '772-808', '6': '809-844', '7': '845-880', '8': '887-922'}",,
Q9LJY5,1.0,{'1': '41-508'},1.0,{'1': '30-502'},1.0,{'1': '15-500'},1.0,{'1': '43-503'},12.0,"{'1': '311-328', '2': '364-375', '3': '445-454', '4': '454-465', '5': '71-90', '6': '189-207', '7': '300-317', '8': '320-346', '9': '363-381', '10': '403-427', '11': '444-454', '12': '454-477'}",1.0,{'1': '447-456'},,,,
Q9LK22,1.0,{'1': '83-180'},,,1.0,{'1': '1-251'},1.0,{'1': '107-162'},,,1.0,{'1': '104-180'},,,,
Q9LK29,2.0,"{'1': '262-306', '2': '72-261'}",1.0,{'1': '67-262'},1.0,{'1': '32-304'},1.0,{'1': '78-294'},8.0,"{'1': '76-95', '2': '96-115', '3': '141-161', '4': '174-198', '5': '212-223', '6': '223-242', '7': '243-262', '8': '262-277'}",1.0,{'1': '90-246'},,,,
Q9LK34,2.0,"{'1': '58-255', '2': '265-482'}",2.0,"{'1': '59-265', '2': '266-481'}",,,2.0,"{'1': '280-481', '2': '64-250'}",,,,,,,1.0,{'1': '63-262'}
Q9LK43,1.0,{'1': '554-860'},2.0,"{'1': '23-317', '2': '320-442'}",1.0,{'1': '7-928'},7.0,"{'1': '581-852', '2': '183-204', '3': '386-406', '4': '410-428', '5': '86-143', '6': '24-59', '7': '320-357'}",,,3.0,"{'1': '578-858', '2': '703-715', '3': '584-606'}",6.0,"{'1': '578-858', '2': '107-130', '3': '131-157', '4': '158-180', '5': '181-205', '6': '384-407'}",,
Q9LK50,1.0,{'1': '102-321'},1.0,{'1': '89-324'},1.0,{'1': '41-673'},3.0,"{'1': '107-257', '2': '415-623', '3': '286-345'}",,,1.0,{'1': '65-329'},1.0,{'1': '116-306'},,
Q9LK52,,,,,1.0,{'1': '1-230'},1.0,{'1': '1-230'},,,,,,,,
Q9LK57,,,2.0,"{'1': '97-225', '2': '226-388'}",1.0,{'1': '59-377'},4.0,"{'1': '319-343', '2': '112-153', '3': '175-220', '4': '246-293'}",,,4.0,"{'1': '176-210', '2': '211-245', '3': '246-280', '4': '281-315'}",,,4.0,"{'1': '112-140', '2': '143-176', '3': '179-211', '4': '283-315'}"
Q9LK95,1.0,{'1': '20-116'},,,1.0,{'1': '17-181'},2.0,"{'1': '22-69', '2': '75-118'}",,,4.0,"{'1': '17-69', '2': '70-120', '3': '17-69', '4': '70-124'}",2.0,"{'1': '21-71', '2': '74-122'}",,
Q9LKA1,,,,,,,1.0,{'1': '25-243'},,,,,,,,
Q9LKA5,,,,,1.0,{'1': '15-365'},1.0,{'1': '97-188'},,,,,,,,
Q9LKL2,1.0,{'1': '17-144'},,,1.0,{'1': '19-425'},2.0,"{'1': '21-132', '2': '533-575'}",,,2.0,"{'1': '20-138', '2': '533-575'}",1.0,{'1': '19-134'},,
Q9LKR3,4.0,"{'1': '418-574', '2': '568-651', '3': '36-219', '4': '222-413'}",2.0,"{'1': '415-556', '2': '557-655'}",1.0,{'1': '37-607'},1.0,{'1': '37-644'},,,3.0,"{'1': '40-47', '2': '228-241', '3': '365-379'}",,,,
Q9LKR8,,,,,1.0,{'1': '2-434'},3.0,"{'1': '73-133', '2': '273-420', '3': '145-254'}",,,,,,,,
Q9LL84,4.0,"{'1': '451-602', '2': '655-740', '3': '796-911', '4': '3-209'}",4.0,"{'1': '446-606', '2': '665-780', '3': '798-909', '4': '1-219'}",1.0,{'1': '3-1212'},4.0,"{'1': '655-734', '2': '6-187', '3': '466-585', '4': '227-442'}",,,5.0,"{'1': '651-739', '2': '839-909', '3': '336-479', '4': '418-442', '5': '251-259'}",1.0,{'1': '653-729'},1.0,{'1': '61-600'}
Q9LLR6,1.0,{'1': '24-111'},1.0,{'1': '24-112'},1.0,{'1': '9-109'},1.0,{'1': '27-108'},4.0,"{'1': '26-42', '2': '46-60', '3': '81-98', '4': '99-110'}",1.0,{'1': '90-111'},1.0,{'1': '27-108'},,
Q9LLR7,1.0,{'1': '24-115'},1.0,{'1': '24-115'},1.0,{'1': '8-112'},1.0,{'1': '27-111'},5.0,"{'1': '26-42', '2': '46-60', '3': '67-82', '4': '84-101', '5': '102-113'}",1.0,{'1': '93-114'},1.0,{'1': '27-111'},,
Q9LM25,,,4.0,"{'1': '87-200', '2': '208-317', '3': '318-429', '4': '430-596'}",1.0,{'1': '4-656'},9.0,"{'1': '124-159', '2': '242-277', '3': '280-313', '4': '321-349', '5': '353-386', '6': '392-422', '7': '437-455', '8': '506-528', '9': '540-568'}",,,,,8.0,"{'1': '124-159', '2': '242-278', '3': '279-314', '4': '315-351', '5': '352-387', '6': '388-423', '7': '504-539', '8': '540-575'}",,
Q9LM33,1.0,{'1': '98-399'},,,1.0,{'1': '102-445'},1.0,{'1': '104-395'},,,3.0,"{'1': '104-395', '2': '139-242', '3': '110-134'}",1.0,{'1': '104-395'},,
Q9LM66,1.0,{'1': '45-352'},,,1.0,{'1': '44-348'},2.0,"{'1': '138-352', '2': '51-107'}",3.0,"{'1': '156-171', '2': '298-308', '3': '313-319'}",3.0,"{'1': '156-167', '2': '296-306', '3': '313-332'}",2.0,"{'1': '138-353', '2': '51-107'}",,
Q9LMA8,,,,,1.0,{'1': '18-238'},2.0,"{'1': '122-154', '2': '202-227'}",,,1.0,{'1': '120-155'},1.0,{'1': '120-155'},,
Q9LME4,1.0,{'1': '31-280'},1.0,{'1': '28-281'},1.0,{'1': '22-280'},1.0,{'1': '42-273'},,,1.0,{'1': '33-280'},2.0,"{'1': '44-280', '2': '29-278'}",,
Q9LMJ4,1.0,{'1': '82-594'},,,1.0,{'1': '62-595'},1.0,{'1': '248-591'},,,,,,,,
Q9LMK5,1.0,{'1': '13-148'},1.0,{'1': '4-158'},1.0,{'1': '4-156'},1.0,{'1': '41-128'},,,,,,,,
Q9LMK7,,,1.0,{'1': '11-177'},1.0,{'1': '10-184'},1.0,{'1': '39-156'},,,1.0,{'1': '27-162'},1.0,{'1': '28-156'},,
Q9LMM0,,,1.0,{'1': '101-226'},,,2.0,"{'1': '302-403', '2': '24-214'}",,,,,1.0,{'1': '305-406'},,
Q9LMM5,1.0,{'1': '43-332'},,,1.0,{'1': '37-335'},1.0,{'1': '44-326'},,,4.0,"{'1': '40-326', '2': '75-178', '3': '162-174', '4': '46-70'}",1.0,{'1': '40-326'},,
Q9LMP1,1.0,{'1': '387-672'},,,1.0,{'1': '25-681'},3.0,"{'1': '407-674', '2': '29-85', '3': '278-318'}",,,7.0,"{'1': '295-306', '2': '404-677', '3': '304-318', '4': '230-277', '5': '278-319', '6': '525-537', '7': '278-304'}",4.0,"{'1': '404-677', '2': '233-277', '3': '281-319', '4': '278-319'}",,
Q9LMR1,1.0,{'1': '90-306'},2.0,"{'1': '89-298', '2': '307-447'}",1.0,{'1': '86-447'},2.0,"{'1': '93-278', '2': '354-447'}",,,,,1.0,{'1': '353-447'},,
Q9LMT0,1.0,{'1': '7-299'},,,1.0,{'1': '10-296'},1.0,{'1': '13-292'},,,3.0,"{'1': '12-292', '2': '130-142', '3': '18-42'}",1.0,{'1': '12-292'},,
Q9LMT2,2.0,"{'1': '358-482', '2': '12-205'}",1.0,{'1': '44-200'},,,4.0,"{'1': '359-417', '2': '420-488', '3': '211-355', '4': '12-206'}",,,,,,,,
Q9LMU2,1.0,{'1': '27-195'},,,1.0,{'1': '6-194'},1.0,{'1': '29-194'},4.0,"{'1': '28-57', '2': '66-86', '3': '141-160', '4': '164-193'}",1.0,{'1': '29-45'},1.0,{'1': '28-196'},,
Q9LN09,1.0,{'1': '90-188'},1.0,{'1': '81-187'},1.0,{'1': '94-194'},1.0,{'1': '109-172'},,,,,,,,
Q9LNB6,1.0,{'1': '8-489'},3.0,"{'1': '1-116', '2': '241-375', '3': '383-496'}",,,3.0,"{'1': '72-103', '2': '134-186', '3': '513-565'}",,,6.0,"{'1': '2-35', '2': '70-103', '3': '244-277', '4': '383-416', '5': '417-450', '6': '451-484'}",11.0,"{'1': '133-172', '2': '521-560', '3': '2-35', '4': '36-69', '5': '70-103', '6': '244-277', '7': '278-311', '8': '319-356', '9': '383-416', '10': '417-450', '11': '451-484'}",,
Q9LND7,3.0,"{'1': '10-73', '2': '297-436', '3': '92-147'}",1.0,{'1': '293-435'},,,1.0,{'1': '317-408'},,,1.0,{'1': '295-436'},,,,
Q9LNJ0,1.0,{'1': '400-596'},1.0,{'1': '471-591'},,,1.0,{'1': '79-401'},,,1.0,{'1': '473-603'},1.0,{'1': '473-601'},,
Q9LNK1,1.0,{'1': '24-202'},1.0,{'1': '22-212'},1.0,{'1': '25-204'},1.0,{'1': '30-190'},,,1.0,{'1': '23-237'},1.0,{'1': '31-193'},1.0,{'1': '28-183'}
Q9LNK7,1.0,{'1': '65-138'},,,1.0,{'1': '18-316'},1.0,{'1': '18-310'},,,,,,,,
Q9LNP6,,,,,1.0,{'1': '53-276'},1.0,{'1': '127-241'},2.0,"{'1': '173-195', '2': '204-227'}",2.0,"{'1': '170-230', '2': '175-195'}",1.0,{'1': '169-230'},,
Q9LNP9,1.0,{'1': '180-502'},1.0,{'1': '175-511'},1.0,{'1': '143-501'},1.0,{'1': '230-494'},,,2.0,"{'1': '237-245', '2': '188-501'}",1.0,{'1': '178-499'},,
Q9LNR3,2.0,"{'1': '227-919', '2': '84-226'}",1.0,{'1': '329-417'},1.0,{'1': '93-919'},2.0,"{'1': '136-221', '2': '234-902'}",12.0,"{'1': '192-210', '2': '218-239', '3': '257-273', '4': '289-308', '5': '355-376', '6': '404-420', '7': '443-462', '8': '510-534', '9': '831-845', '10': '555-572', '11': '573-590', '12': '593-613'}",4.0,"{'1': '86-222', '2': '225-919', '3': '573-587', '4': '600-610'}",1.0,{'1': '84-223'},,
Q9LNT9,2.0,"{'1': '6-66', '2': '86-161'}",1.0,{'1': '1-163'},1.0,{'1': '5-158'},2.0,"{'1': '115-161', '2': '6-65'}",,,,,1.0,{'1': '5-113'},,
Q9LNU4,1.0,{'1': '346-422'},,,1.0,{'1': '15-479'},3.0,"{'1': '337-417', '2': '421-487', '3': '22-317'}",,,1.0,{'1': '240-421'},1.0,{'1': '346-439'},,
Q9LNV0,1.0,{'1': '9-151'},1.0,{'1': '7-153'},,,1.0,{'1': '9-104'},,,1.0,{'1': '1-113'},1.0,{'1': '8-110'},,
Q9LNV5,2.0,"{'1': '222-312', '2': '159-182'}",1.0,{'1': '213-310'},1.0,{'1': '1-378'},3.0,"{'1': '230-294', '2': '156-193', '3': '20-108'}",,,2.0,"{'1': '228-301', '2': '157-184'}",2.0,"{'1': '229-297', '2': '157-183'}",,
Q9LNW0,1.0,{'1': '17-148'},1.0,{'1': '10-157'},1.0,{'1': '14-156'},1.0,{'1': '51-156'},,,2.0,"{'1': '41-156', '2': '45-151'}",,,,
Q9LNX4,,,,,1.0,{'1': '13-78'},,,,,,,,,,
Q9LP45,2.0,"{'1': '127-320', '2': '311-393'}",,,1.0,{'1': '18-416'},3.0,"{'1': '302-384', '2': '15-136', '3': '389-415'}",,,1.0,{'1': '217-388'},1.0,{'1': '317-400'},,
Q9LP46,,,,,1.0,{'1': '3-1019'},,,,,,,,,,
Q9LP77,1.0,{'1': '375-642'},1.0,{'1': '33-191'},1.0,{'1': '15-644'},5.0,"{'1': '375-639', '2': '146-168', '3': '170-187', '4': '87-133', '5': '33-69'}",,,3.0,"{'1': '371-646', '2': '170-192', '3': '377-399'}",,,,
Q9LPD2,2.0,"{'1': '6-213', '2': '198-408'}",,,1.0,{'1': '1-581'},2.0,"{'1': '1-89', '2': '131-213'}",5.0,"{'1': '25-39', '2': '70-89', '3': '127-144', '4': '148-168', '5': '203-218'}",,,3.0,"{'1': '1-96', '2': '128-198', '3': '200-234'}",,
Q9LPL4,1.0,{'1': '27-63'},1.0,{'1': '65-354'},,,2.0,"{'1': '28-63', '2': '142-311'}",,,,,8.0,"{'1': '89-115', '2': '116-141', '3': '142-167', '4': '168-194', '5': '195-220', '6': '221-246', '7': '247-272', '8': '291-316'}",,
Q9LPN5,,,,,1.0,{'1': '3-206'},1.0,{'1': '12-209'},,,,,,,,
Q9LPP4,,,,,1.0,{'1': '22-115'},,,,,,,,,,
Q9LPR4,1.0,{'1': '491-611'},2.0,"{'1': '82-374', '2': '497-612'}",1.0,{'1': '77-612'},3.0,"{'1': '89-368', '2': '467-611', '3': '382-466'}",,,2.0,"{'1': '89-362', '2': '96-112'}",1.0,{'1': '467-612'},1.0,{'1': '89-609'}
Q9LPR8,,,,,1.0,{'1': '50-475'},1.0,{'1': '54-479'},,,1.0,{'1': '45-479'},,,,
Q9LPS1,2.0,"{'1': '23-241', '2': '243-495'}",,,1.0,{'1': '13-496'},2.0,"{'1': '41-236', '2': '246-494'}",,,1.0,{'1': '35-494'},,,,
Q9LPT6,1.0,{'1': '7-124'},,,,,2.0,"{'1': '11-112', '2': '173-207'}",,,1.0,{'1': '5-127'},,,,
Q9LPV8,2.0,"{'1': '4-138', '2': '276-418'}",3.0,"{'1': '1-133', '2': '277-434', '3': '134-275'}",1.0,{'1': '3-427'},3.0,"{'1': '15-137', '2': '142-275', '3': '279-416'}",,,,,1.0,{'1': '2-138'},1.0,{'1': '10-415'}
Q9LPV9,1.0,{'1': '31-340'},1.0,{'1': '19-345'},1.0,{'1': '12-346'},2.0,"{'1': '174-205', '2': '260-296'}",,,2.0,"{'1': '263-299', '2': '283-297'}",3.0,"{'1': '122-164', '2': '167-205', '3': '256-296'}",,
Q9LPW3,1.0,{'1': '266-337'},1.0,{'1': '250-327'},1.0,{'1': '113-445'},2.0,"{'1': '270-312', '2': '367-439'}",,,2.0,"{'1': '378-450', '2': '263-312'}",1.0,{'1': '269-318'},,
Q9LPZ1,,,1.0,{'1': '83-169'},1.0,{'1': '8-218'},1.0,{'1': '87-179'},,,,,,,,
Q9LQ04,1.0,{'1': '14-287'},,,1.0,{'1': '11-297'},1.0,{'1': '15-186'},,,,,,,,
Q9LQ10,1.0,{'1': '148-551'},2.0,"{'1': '190-440', '2': '158-545'}",1.0,{'1': '141-550'},1.0,{'1': '171-546'},,,,,,,,
Q9LQ55,1.0,{'1': '36-312'},2.0,"{'1': '572-706', '2': '37-318'}",1.0,{'1': '40-817'},4.0,"{'1': '257-494', '2': '583-702', '3': '735-817', '4': '41-205'}",4.0,"{'1': '38-56', '2': '63-80', '3': '175-193', '4': '194-210'}",4.0,"{'1': '579-703', '2': '64-73', '3': '737-830', '4': '35-303'}",2.0,"{'1': '11-249', '2': '580-705'}",,
Q9LQ73,,,,,,,1.0,{'1': '13-225'},,,,,,,,
Q9LQE3,1.0,{'1': '124-234'},1.0,{'1': '123-227'},1.0,{'1': '23-591'},3.0,"{'1': '126-227', '2': '273-354', '3': '505-547'}",,,2.0,"{'1': '126-228', '2': '511-592'}",1.0,{'1': '126-228'},,
Q9LQF2,1.0,{'1': '87-517'},1.0,{'1': '116-520'},1.0,{'1': '67-544'},1.0,{'1': '88-524'},,,,,,,,
Q9LQM3,3.0,"{'1': '89-122', '2': '172-199', '3': '257-291'}",,,1.0,{'1': '57-205'},3.0,"{'1': '92-115', '2': '261-286', '3': '176-198'}",,,3.0,"{'1': '91-118', '2': '172-200', '3': '260-288'}",3.0,"{'1': '91-117', '2': '172-199', '3': '260-287'}",,
Q9LQR8,1.0,{'1': '345-421'},,,1.0,{'1': '14-478'},3.0,"{'1': '335-416', '2': '420-486', '3': '22-316'}",,,1.0,{'1': '239-420'},1.0,{'1': '345-438'},,
Q9LQT8,,,1.0,{'1': '26-91'},1.0,{'1': '138-524'},2.0,"{'1': '169-529', '2': '28-95'}",,,1.0,{'1': '160-529'},,,,
Q9LQU4,,,,,1.0,{'1': '10-131'},1.0,{'1': '16-114'},,,,,,,1.0,{'1': '15-117'}
Q9LQZ2,1.0,{'1': '41-100'},1.0,{'1': '41-99'},,,1.0,{'1': '42-90'},2.0,"{'1': '42-53', '2': '64-80'}",1.0,{'1': '41-98'},1.0,{'1': '41-104'},,
Q9LQZ7,,,,,1.0,{'1': '1-319'},2.0,"{'1': '3-42', '2': '57-94'}",,,2.0,"{'1': '1-47', '2': '55-102'}",2.0,"{'1': '4-47', '2': '55-102'}",,
Q9LR33,1.0,{'1': '6-145'},,,,,1.0,{'1': '72-143'},,,1.0,{'1': '107-139'},,,,
Q9LR53,1.0,{'1': '207-503'},,,1.0,{'1': '211-501'},1.0,{'1': '213-497'},,,3.0,"{'1': '213-497', '2': '333-345', '3': '219-242'}",1.0,{'1': '213-497'},,
Q9LR64,,,1.0,{'1': '69-174'},1.0,{'1': '37-170'},1.0,{'1': '41-170'},,,,,,,,
Q9LR78,2.0,"{'1': '70-351', '2': '459-762'}",3.0,"{'1': '7-185', '2': '186-359', '3': '447-780'}",,,2.0,"{'1': '504-709', '2': '455-502'}",6.0,"{'1': '504-531', '2': '539-566', '3': '572-596', '4': '610-636', '5': '699-719', '6': '721-737'}",1.0,{'1': '573-578'},1.0,{'1': '476-759'},,
Q9LRP1,,,,,,,,,,,1.0,{'1': '146-208'},1.0,{'1': '141-208'},,
Q9LRR9,,,1.0,{'1': '1-367'},,,1.0,{'1': '13-355'},,,2.0,"{'1': '252-258', '2': '1-359'}",,,,
Q9LRS0,,,1.0,{'1': '1-366'},,,1.0,{'1': '13-355'},,,2.0,"{'1': '252-258', '2': '1-359'}",,,,
Q9LRW7,1.0,{'1': '98-196'},,,1.0,{'1': '50-483'},4.0,"{'1': '99-121', '2': '202-240', '3': '137-171', '4': '175-199'}",,,2.0,"{'1': '101-121', '2': '99-121'}",3.0,"{'1': '99-121', '2': '141-171', '3': '176-196'}",,
Q9LRX8,1.0,{'1': '12-154'},1.0,{'1': '7-154'},1.0,{'1': '3-184'},1.0,{'1': '10-115'},,,1.0,{'1': '89-112'},,,1.0,{'1': '12-153'}
Q9LRY0,,,1.0,{'1': '130-189'},1.0,{'1': '1-187'},1.0,{'1': '146-187'},,,,,,,,
Q9LRZ0,2.0,"{'1': '515-1091', '2': '347-657'}",4.0,"{'1': '316-574', '2': '575-702', '3': '735-964', '4': '965-1108'}",1.0,{'1': '1-1103'},6.0,"{'1': '448-483', '2': '486-525', '3': '908-942', '4': '164-204', '5': '37-161', '6': '5-34'}",,,5.0,"{'1': '449-492', '2': '911-952', '3': '4-36', '4': '34-92', '5': '470-484'}",13.0,"{'1': '337-376', '2': '393-437', '3': '442-483', '4': '485-526', '5': '529-572', '6': '575-615', '7': '817-858', '8': '861-901', '9': '904-943', '10': '993-1035', '11': '1055-1089', '12': '4-36', '13': '34-92'}",,
Q9LS26,2.0,"{'1': '33-307', '2': '384-483'}",1.0,{'1': '379-488'},1.0,{'1': '24-485'},2.0,"{'1': '69-301', '2': '340-457'}",,,1.0,{'1': '56-322'},,,,
Q9LS42,,,,,,,2.0,"{'1': '439-665', '2': '23-133'}",,,,,,,,
Q9LS90,1.0,{'1': '84-429'},1.0,{'1': '157-448'},1.0,{'1': '121-446'},1.0,{'1': '212-252'},,,1.0,{'1': '376-412'},,,,
Q9LSA3,1.0,{'1': '13-106'},1.0,{'1': '2-108'},1.0,{'1': '1-111'},1.0,{'1': '14-105'},,,2.0,"{'1': '24-48', '2': '80-100'}",,,,
Q9LSB4,,,,,,,3.0,"{'1': '624-771', '2': '189-323', '3': '343-466'}",,,,,,,,
Q9LSE1,1.0,{'1': '48-352'},,,,,1.0,{'1': '75-279'},,,3.0,"{'1': '74-354', '2': '196-208', '3': '80-102'}",1.0,{'1': '74-354'},,
Q9LSE2,1.0,{'1': '306-373'},1.0,{'1': '299-366'},1.0,{'1': '208-489'},2.0,"{'1': '310-352', '2': '411-481'}",,,1.0,{'1': '303-352'},1.0,{'1': '309-358'},,
Q9LSF1,1.0,{'1': '14-349'},,,,,2.0,"{'1': '18-178', '2': '229-329'}",,,3.0,"{'1': '17-329', '2': '330-421', '3': '145-157'}",1.0,{'1': '17-329'},,
Q9LSI9,1.0,{'1': '284-575'},1.0,{'1': '30-222'},1.0,{'1': '18-577'},4.0,"{'1': '329-572', '2': '103-125', '3': '129-150', '4': '31-73'}",,,1.0,{'1': '307-578'},,,,
Q9LSJ8,4.0,"{'1': '337-584', '2': '970-1222', '3': '18-328', '4': '638-960'}",3.0,"{'1': '336-584', '2': '971-1227', '3': '10-950'}",,,4.0,"{'1': '365-513', '2': '1000-1150', '3': '23-289', '4': '660-921'}",,,6.0,"{'1': '346-582', '2': '981-1219', '3': '24-311', '4': '661-946', '5': '485-499', '6': '1122-1136'}",2.0,"{'1': '373-559', '2': '1008-1182'}",,
Q9LSK7,1.0,{'1': '63-141'},1.0,{'1': '62-148'},,,1.0,{'1': '65-126'},3.0,"{'1': '178-188', '2': '231-242', '3': '329-339'}",1.0,{'1': '64-133'},7.0,"{'1': '62-128', '2': '178-190', '3': '233-245', '4': '262-274', '5': '297-309', '6': '331-343', '7': '352-364'}",,
Q9LSP5,,,1.0,{'1': '3-163'},,,1.0,{'1': '7-160'},3.0,"{'1': '6-24', '2': '120-132', '3': '138-160'}",,,,,,
Q9LST0,,,1.0,{'1': '87-246'},1.0,{'1': '3-476'},1.0,{'1': '13-463'},6.0,"{'1': '77-93', '2': '110-130', '3': '149-166', '4': '298-316', '5': '341-357', '6': '430-445'}",,,,,,
Q9LSX8,2.0,"{'1': '5-65', '2': '75-149'}",1.0,{'1': '1-152'},1.0,{'1': '1-147'},2.0,"{'1': '103-149', '2': '4-64'}",,,,,1.0,{'1': '3-102'},,
Q9LSX9,2.0,"{'1': '5-66', '2': '76-151'}",1.0,{'1': '1-153'},1.0,{'1': '1-148'},2.0,"{'1': '104-151', '2': '4-65'}",,,,,1.0,{'1': '3-103'},,
Q9LSY0,2.0,"{'1': '5-65', '2': '71-121'}",1.0,{'1': '1-123'},1.0,{'1': '1-120'},1.0,{'1': '4-64'},,,,,1.0,{'1': '3-102'},,
Q9LSY1,2.0,"{'1': '5-65', '2': '75-150'}",1.0,{'1': '1-152'},1.0,{'1': '1-147'},2.0,"{'1': '103-150', '2': '4-64'}",,,,,1.0,{'1': '3-102'},,
Q9LT39,,,2.0,"{'1': '18-86', '2': '87-365'}",1.0,{'1': '5-290'},6.0,"{'1': '129-150', '2': '227-246', '3': '249-267', '4': '152-211', '5': '271-330', '6': '22-61'}",,,,,,,,
Q9LT47,1.0,{'1': '21-366'},1.0,{'1': '18-367'},1.0,{'1': '3-367'},3.0,"{'1': '122-157', '2': '172-203', '3': '330-365'}",3.0,"{'1': '144-158', '2': '190-204', '3': '306-320'}",3.0,"{'1': '124-166', '2': '170-205', '3': '144-158'}",6.0,"{'1': '82-114', '2': '117-157', '3': '160-203', '4': '229-266', '5': '278-319', '6': '324-365'}",,
Q9LT78,1.0,{'1': '36-345'},1.0,{'1': '359-423'},1.0,{'1': '34-344'},3.0,"{'1': '374-420', '2': '129-345', '3': '43-100'}",3.0,"{'1': '147-162', '2': '290-300', '3': '305-311'}",3.0,"{'1': '147-158', '2': '288-298', '3': '305-324'}",3.0,"{'1': '363-420', '2': '129-345', '3': '43-100'}",,
Q9LT81,3.0,"{'1': '103-135', '2': '183-209', '3': '265-300'}",,,1.0,{'1': '46-210'},2.0,"{'1': '105-129', '2': '270-296'}",,,3.0,"{'1': '104-131', '2': '183-211', '3': '269-297'}",3.0,"{'1': '104-130', '2': '183-210', '3': '269-296'}",,
Q9LTB0,1.0,{'1': '134-368'},2.0,"{'1': '263-366', '2': '135-250'}",1.0,{'1': '15-737'},2.0,"{'1': '142-351', '2': '385-550'}",,,,,,,,
Q9LTB8,1.0,{'1': '21-203'},,,1.0,{'1': '1-210'},1.0,{'1': '111-172'},,,5.0,"{'1': '67-102', '2': '104-139', '3': '148-183', '4': '117-129', '5': '161-173'}",3.0,"{'1': '71-99', '2': '108-136', '3': '152-180'}",,
Q9LTF2,,,1.0,{'1': '1-104'},1.0,{'1': '1-165'},1.0,{'1': '3-94'},,,,,,,,
Q9LTH4,1.0,{'1': '138-198'},,,1.0,{'1': '12-278'},1.0,{'1': '144-193'},,,1.0,{'1': '138-197'},,,1.0,{'1': '142-194'}
Q9LTJ1,1.0,{'1': '56-192'},,,,,1.0,{'1': '73-176'},,,1.0,{'1': '71-146'},1.0,{'1': '73-143'},,
Q9LTJ6,1.0,{'1': '71-379'},1.0,{'1': '57-381'},1.0,{'1': '35-384'},1.0,{'1': '184-327'},,,2.0,"{'1': '184-205', '2': '252-292'}",6.0,"{'1': '60-99', '2': '112-151', '3': '154-196', '4': '200-241', '5': '245-283', '6': '287-328'}",,
Q9LTR2,,,,,1.0,{'1': '1-381'},1.0,{'1': '128-203'},,,,,,,,
Q9LTT8,1.0,{'1': '210-498'},2.0,"{'1': '189-529', '2': '1259-1342'}",1.0,{'1': '1-1341'},2.0,"{'1': '186-498', '2': '1216-1318'}",,,2.0,"{'1': '233-275', '2': '352-394'}",2.0,"{'1': '226-266', '2': '345-385'}",,
Q9LTX9,4.0,"{'1': '455-611', '2': '578-675', '3': '79-259', '4': '262-453'}",2.0,"{'1': '451-576', '2': '578-677'}",1.0,{'1': '80-642'},1.0,{'1': '80-674'},,,3.0,"{'1': '83-90', '2': '267-280', '3': '408-422'}",,,1.0,{'1': '79-674'}
Q9LTY1,,,,,1.0,{'1': '1-725'},1.0,{'1': '109-724'},,,,,,,,
Q9LU46,2.0,"{'1': '222-507', '2': '549-569'}",2.0,"{'1': '114-365', '2': '371-533'}",,,3.0,"{'1': '385-492', '2': '549-565', '3': '170-348'}",,,4.0,"{'1': '372-532', '2': '550-565', '3': '177-361', '4': '146-174'}",3.0,"{'1': '411-492', '2': '549-565', '3': '165-376'}",,
Q9LU63,1.0,{'1': '112-207'},1.0,{'1': '113-212'},1.0,{'1': '39-210'},1.0,{'1': '113-207'},,,,,,,,
Q9LU68,,,,,1.0,{'1': '1-427'},1.0,{'1': '383-425'},,,1.0,{'1': '383-425'},,,,
Q9LU77,,,,,1.0,{'1': '1-647'},1.0,{'1': '10-642'},,,,,,,1.0,{'1': '1-647'}
Q9LU92,,,,,,,3.0,"{'1': '54-141', '2': '240-299', '3': '305-370'}",,,1.0,{'1': '47-111'},1.0,{'1': '51-113'},,
Q9LU93,1.0,{'1': '11-204'},1.0,{'1': '2-204'},1.0,{'1': '8-202'},1.0,{'1': '17-192'},,,1.0,{'1': '15-198'},,,,
Q9LUB6,1.0,{'1': '21-110'},,,1.0,{'1': '4-156'},1.0,{'1': '32-73'},,,,,1.0,{'1': '32-70'},,
Q9LUB7,,,,,1.0,{'1': '19-553'},2.0,"{'1': '416-551', '2': '198-322'}",8.0,"{'1': '107-129', '2': '148-163', '3': '163-178', '4': '189-210', '5': '235-255', '6': '309-328', '7': '451-471', '8': '490-512'}",,,1.0,{'1': '228-289'},,
Q9LUB8,1.0,{'1': '21-389'},1.0,{'1': '32-385'},,,1.0,{'1': '48-374'},,,1.0,{'1': '226-239'},4.0,"{'1': '169-195', '2': '196-217', '3': '249-270', '4': '280-301'}",,
Q9LUD6,,,3.0,"{'1': '28-181', '2': '182-298', '3': '299-372'}",1.0,{'1': '88-290'},2.0,"{'1': '197-227', '2': '235-283'}",,,5.0,"{'1': '201-235', '2': '236-270', '3': '271-305', '4': '306-340', '5': '341-375'}",,,3.0,"{'1': '204-237', '2': '239-272', '3': '273-306'}"
Q9LUG1,4.0,"{'1': '48-120', '2': '521-623', '3': '624-764', '4': '130-394'}",2.0,"{'1': '623-727', '2': '130-402'}",1.0,{'1': '7-764'},5.0,"{'1': '56-94', '2': '129-393', '3': '521-618', '4': '634-721', '5': '404-506'}",,,,,,,,
Q9LUJ3,1.0,{'1': '42-162'},1.0,{'1': '42-163'},1.0,{'1': '3-162'},1.0,{'1': '44-162'},,,,,,,,
Q9LUJ5,,,,,1.0,{'1': '10-290'},1.0,{'1': '50-290'},,,,,,,,
Q9LUJ7,1.0,{'1': '17-457'},2.0,"{'1': '61-262', '2': '263-464'}",1.0,{'1': '11-464'},2.0,"{'1': '106-218', '2': '278-446'}",,,,,2.0,"{'1': '64-223', '2': '278-448'}",,
Q9LUK7,1.0,{'1': '339-408'},1.0,{'1': '330-406'},1.0,{'1': '30-509'},2.0,"{'1': '343-389', '2': '35-225'}",,,1.0,{'1': '339-388'},1.0,{'1': '345-394'},,
Q9LUL4,1.0,{'1': '400-691'},1.0,{'1': '28-248'},1.0,{'1': '10-690'},4.0,"{'1': '421-690', '2': '212-232', '3': '117-175', '4': '29-69'}",,,3.0,"{'1': '419-693', '2': '142-164', '3': '425-448'}",,,,
Q9LUM3,1.0,{'1': '102-621'},2.0,"{'1': '130-630', '2': '12-103'}",1.0,{'1': '28-769'},4.0,"{'1': '128-599', '2': '368-458', '3': '27-103', '4': '665-769'}",3.0,"{'1': '128-147', '2': '206-219', '3': '546-562'}",1.0,{'1': '547-557'},,,,
Q9LUR6,,,,,1.0,{'1': '1-150'},,,,,,,,,,
Q9LUT0,1.0,{'1': '42-345'},,,1.0,{'1': '34-351'},1.0,{'1': '73-345'},,,3.0,"{'1': '69-349', '2': '195-207', '3': '75-98'}",1.0,{'1': '69-349'},,
Q9LUT2,3.0,"{'1': '3-109', '2': '115-239', '3': '240-387'}",,,1.0,{'1': '2-388'},3.0,"{'1': '4-101', '2': '117-238', '3': '240-381'}",,,2.0,"{'1': '119-129', '2': '266-274'}",,,1.0,{'1': '5-388'}
Q9LUU3,1.0,{'1': '1-131'},,,1.0,{'1': '5-328'},2.0,"{'1': '4-44', '2': '56-377'}",,,1.0,{'1': '1-48'},1.0,{'1': '7-47'},1.0,{'1': '101-330'}
Q9LUV2,1.0,{'1': '7-105'},,,1.0,{'1': '6-105'},1.0,{'1': '8-103'},,,1.0,{'1': '8-102'},1.0,{'1': '8-104'},,
Q9LV09,1.0,{'1': '140-265'},1.0,{'1': '138-265'},1.0,{'1': '32-299'},1.0,{'1': '146-220'},,,1.0,{'1': '142-231'},,,,
Q9LV21,3.0,"{'1': '216-389', '2': '155-414', '3': '24-534'}",3.0,"{'1': '221-380', '2': '150-416', '3': '37-533'}",1.0,{'1': '23-533'},1.0,{'1': '40-534'},5.0,"{'1': '42-58', '2': '64-82', '3': '94-113', '4': '384-406', '5': '418-430'}",2.0,"{'1': '45-57', '2': '94-102'}",,,1.0,{'1': '22-535'}
Q9LV27,1.0,{'1': '7-282'},1.0,{'1': '5-305'},1.0,{'1': '4-305'},2.0,"{'1': '7-20', '2': '38-304'}",3.0,"{'1': '93-107', '2': '226-240', '3': '268-282'}",9.0,"{'1': '1-30', '2': '74-108', '3': '122-156', '4': '207-241', '5': '249-290', '6': '8-22', '7': '93-107', '8': '134-148', '9': '226-240'}",6.0,"{'1': '24-62', '2': '67-106', '3': '109-147', '4': '150-190', '5': '200-239', '6': '242-281'}",,
Q9LV28,1.0,{'1': '5-321'},1.0,{'1': '4-326'},1.0,{'1': '2-323'},7.0,"{'1': '9-43', '2': '56-91', '3': '96-133', '4': '137-179', '5': '184-221', '6': '226-261', '7': '297-321'}",3.0,"{'1': '120-134', '2': '166-180', '3': '208-222'}",10.0,"{'1': '11-53', '2': '59-100', '3': '101-133', '4': '145-188', '5': '189-230', '6': '237-270', '7': '298-326', '8': '78-92', '9': '166-180', '10': '208-222'}",7.0,"{'1': '4-44', '2': '52-91', '3': '94-133', '4': '135-179', '5': '182-221', '6': '224-261', '7': '288-322'}",,
Q9LV48,1.0,{'1': '259-553'},,,1.0,{'1': '140-615'},1.0,{'1': '284-553'},,,3.0,"{'1': '280-559', '2': '400-412', '3': '286-308'}",1.0,{'1': '280-553'},,
Q9LV85,,,,,1.0,{'1': '20-553'},1.0,{'1': '272-554'},,,,,,,,
Q9LVA0,,,,,1.0,{'1': '201-440'},,,,,,,,,,
Q9LVE2,1.0,{'1': '115-496'},1.0,{'1': '110-513'},1.0,{'1': '1-517'},1.0,{'1': '103-514'},,,,,,,,
Q9LVG2,1.0,{'1': '159-216'},1.0,{'1': '159-217'},,,1.0,{'1': '160-208'},,,1.0,{'1': '160-216'},1.0,{'1': '160-222'},,
Q9LVG4,1.0,{'1': '62-187'},,,1.0,{'1': '64-386'},2.0,"{'1': '66-177', '2': '442-484'}",,,2.0,"{'1': '65-183', '2': '442-484'}",1.0,{'1': '64-179'},,
Q9LVH4,1.0,{'1': '12-112'},1.0,{'1': '14-175'},1.0,{'1': '16-175'},1.0,{'1': '18-104'},,,1.0,{'1': '4-118'},1.0,{'1': '19-114'},,
Q9LVH5,2.0,"{'1': '472-579', '2': '15-445'}",2.0,"{'1': '447-589', '2': '48-446'}",,,1.0,{'1': '55-441'},,,2.0,"{'1': '508-541', '2': '542-575'}",3.0,"{'1': '474-507', '2': '508-541', '3': '542-575'}",,
Q9LVI6,1.0,{'1': '369-637'},1.0,{'1': '31-246'},1.0,{'1': '14-640'},4.0,"{'1': '369-634', '2': '121-142', '3': '144-166', '4': '32-68'}",,,2.0,"{'1': '365-639', '2': '371-393'}",,,,
Q9LVI8,2.0,"{'1': '103-354', '2': '12-102'}",1.0,{'1': '1-103'},1.0,{'1': '6-353'},2.0,"{'1': '124-351', '2': '51-97'}",,,4.0,"{'1': '106-354', '2': '19-99', '3': '55-72', '4': '237-253'}",1.0,{'1': '103-351'},,
Q9LVM1,2.0,"{'1': '469-714', '2': '138-462'}",2.0,"{'1': '470-723', '2': '130-467'}",1.0,{'1': '110-710'},2.0,"{'1': '495-644', '2': '144-432'}",,,3.0,"{'1': '479-713', '2': '144-445', '3': '616-630'}",1.0,{'1': '504-690'},,
Q9LVN2,1.0,{'1': '500-778'},4.0,"{'1': '25-180', '2': '181-229', '3': '230-301', '4': '302-413'}",1.0,{'1': '233-781'},5.0,"{'1': '545-776', '2': '138-160', '3': '261-281', '4': '80-125', '5': '286-344'}",,,2.0,"{'1': '521-785', '2': '91-113'}",6.0,"{'1': '89-111', '2': '112-136', '3': '160-184', '4': '185-208', '5': '307-330', '6': '331-354'}",,
Q9LVT8,,,,,1.0,{'1': '1-357'},2.0,"{'1': '147-257', '2': '1-67'}",,,,,1.0,{'1': '147-258'},,
Q9LVV6,,,,,1.0,{'1': '18-170'},1.0,{'1': '103-169'},,,,,,,,
Q9LVW7,2.0,"{'1': '208-426', '2': '56-201'}",2.0,"{'1': '205-427', '2': '56-204'}",,,2.0,"{'1': '60-184', '2': '247-421'}",,,,,1.0,{'1': '56-186'},1.0,{'1': '58-424'}
Q9LW57,,,,,1.0,{'1': '37-282'},1.0,{'1': '87-281'},,,,,,,,
Q9LW64,,,,,1.0,{'1': '1-86'},1.0,{'1': '5-82'},,,,,,,,
Q9LW66,1.0,{'1': '101-472'},,,1.0,{'1': '113-506'},3.0,"{'1': '122-269', '2': '318-421', '3': '440-484'}",,,4.0,"{'1': '120-421', '2': '422-494', '3': '239-251', '4': '126-149'}",2.0,"{'1': '120-421', '2': '422-486'}",,
Q9LW77,,,1.0,{'1': '264-338'},1.0,{'1': '1-433'},2.0,"{'1': '291-330', '2': '3-272'}",,,1.0,{'1': '292-330'},1.0,{'1': '292-329'},,
Q9LX13,1.0,{'1': '73-215'},,,1.0,{'1': '49-218'},1.0,{'1': '84-209'},,,,,,,1.0,{'1': '75-214'}
Q9LX49,1.0,{'1': '10-284'},2.0,"{'1': '23-277', '2': '143-250'}",1.0,{'1': '7-286'},2.0,"{'1': '40-121', '2': '175-281'}",,,,,,,,
Q9LX65,1.0,{'1': '8-431'},2.0,"{'1': '5-320', '2': '332-433'}",1.0,{'1': '2-440'},2.0,"{'1': '4-312', '2': '318-431'}",,,,,,,,
Q9LX99,1.0,{'1': '116-455'},1.0,{'1': '87-457'},1.0,{'1': '57-503'},1.0,{'1': '148-455'},3.0,"{'1': '214-235', '2': '357-375', '3': '406-427'}",2.0,"{'1': '142-456', '2': '356-367'}",1.0,{'1': '140-462'},,
Q9LXA7,1.0,{'1': '168-277'},2.0,"{'1': '128-288', '2': '392-469'}",,,2.0,"{'1': '178-263', '2': '398-460'}",4.0,"{'1': '189-202', '2': '205-221', '3': '221-239', '4': '239-258'}",2.0,"{'1': '186-258', '2': '389-470'}",1.0,{'1': '167-277'},,
Q9LXC6,,,,,1.0,{'1': '9-373'},1.0,{'1': '55-146'},,,,,1.0,{'1': '54-147'},,
Q9LXC9,1.0,{'1': '66-296'},1.0,{'1': '65-299'},1.0,{'1': '64-291'},1.0,{'1': '107-284'},,,,,,,,
Q9LXD7,2.0,"{'1': '170-441', '2': '50-170'}",1.0,{'1': '348-428'},1.0,{'1': '66-442'},3.0,"{'1': '230-407', '2': '60-118', '3': '171-225'}",,,1.0,{'1': '169-440'},1.0,{'1': '74-133'},,
Q9LXG0,1.0,{'1': '166-237'},,,,,1.0,{'1': '55-108'},,,1.0,{'1': '56-107'},,,2.0,"{'1': '179-235', '2': '55-107'}"
Q9LXL5,,,,,1.0,{'1': '9-806'},4.0,"{'1': '267-555', '2': '567-729', '3': '11-122', '4': '158-244'}",,,,,,,1.0,{'1': '27-804'}
Q9LXM8,,,1.0,{'1': '1-59'},1.0,{'1': '1-111'},,,,,,,,,,
Q9LXS6,1.0,{'1': '72-484'},2.0,"{'1': '112-466', '2': '327-432'}",1.0,{'1': '69-484'},1.0,{'1': '98-467'},6.0,"{'1': '224-237', '2': '278-293', '3': '300-328', '4': '353-373', '5': '415-431', '6': '435-449'}",1.0,{'1': '360-372'},,,,
Q9LXS7,1.0,{'1': '70-477'},2.0,"{'1': '109-459', '2': '324-429'}",1.0,{'1': '65-476'},1.0,{'1': '95-460'},5.0,"{'1': '221-234', '2': '275-290', '3': '297-325', '4': '350-370', '5': '412-428'}",1.0,{'1': '357-369'},,,,
Q9LXU1,1.0,{'1': '39-297'},1.0,{'1': '26-297'},1.0,{'1': '24-297'},1.0,{'1': '37-295'},,,,,,,,
Q9LXU9,,,,,1.0,{'1': '8-559'},1.0,{'1': '502-555'},,,,,,,,
Q9LXV3,,,,,1.0,{'1': '65-557'},1.0,{'1': '93-557'},,,,,,,1.0,{'1': '109-551'}
Q9LXZ4,2.0,"{'1': '30-149', '2': '124-286'}",,,1.0,{'1': '1-337'},2.0,"{'1': '162-286', '2': '38-120'}",,,1.0,{'1': '151-172'},1.0,{'1': '18-336'},,
Q9LXZ9,,,,,1.0,{'1': '61-352'},2.0,"{'1': '377-421', '2': '64-96'}",,,,,,,,
Q9LY29,1.0,{'1': '91-149'},1.0,{'1': '90-150'},1.0,{'1': '67-219'},1.0,{'1': '91-140'},2.0,"{'1': '92-103', '2': '114-130'}",1.0,{'1': '91-148'},1.0,{'1': '91-154'},,
Q9LY32,3.0,"{'1': '133-230', '2': '15-858', '3': '326-633'}",2.0,"{'1': '327-623', '2': '342-489'}",,,2.0,"{'1': '19-82', '2': '131-230'}",5.0,"{'1': '446-464', '2': '558-574', '3': '586-602', '4': '617-642', '5': '771-792'}",1.0,{'1': '332-338'},1.0,{'1': '16-88'},3.0,"{'1': '102-349', '2': '561-666', '3': '35-816'}"
Q9LY66,1.0,{'1': '115-334'},1.0,{'1': '176-267'},,,1.0,{'1': '138-328'},,,1.0,{'1': '229-247'},,,1.0,{'1': '112-336'}
Q9LY74,1.0,{'1': '69-259'},1.0,{'1': '78-268'},1.0,{'1': '11-338'},1.0,{'1': '115-209'},,,1.0,{'1': '65-274'},,,,
Q9LYA5,1.0,{'1': '16-208'},,,1.0,{'1': '10-248'},1.0,{'1': '59-187'},,,,,,,,
Q9LYC1,1.0,{'1': '53-341'},1.0,{'1': '1-343'},1.0,{'1': '59-322'},1.0,{'1': '109-322'},,,2.0,"{'1': '109-125', '2': '185-197'}",,,,
Q9LYC8,1.0,{'1': '2-101'},,,1.0,{'1': '1-101'},1.0,{'1': '13-75'},3.0,"{'1': '13-31', '2': '58-71', '3': '72-85'}",,,,,1.0,{'1': '4-102'}
Q9LYE1,,,,,1.0,{'1': '1-215'},1.0,{'1': '1-112'},,,,,,,,
Q9LYG3,2.0,"{'1': '304-587', '2': '28-303'}",1.0,{'1': '47-301'},,,2.0,"{'1': '113-293', '2': '304-555'}",7.0,"{'1': '119-143', '2': '179-208', '3': '215-237', '4': '275-293', '5': '300-316', '6': '331-347', '7': '434-450'}",1.0,{'1': '300-316'},2.0,"{'1': '113-294', '2': '304-557'}",,
Q9LYK9,,,1.0,{'1': '1-115'},1.0,{'1': '1-122'},1.0,{'1': '1-106'},,,1.0,{'1': '73-80'},,,,
Q9LYN2,1.0,{'1': '83-256'},1.0,{'1': '57-256'},1.0,{'1': '80-256'},1.0,{'1': '97-240'},,,2.0,"{'1': '89-242', '2': '209-229'}",,,,
Q9LYN8,1.0,{'1': '898-1189'},4.0,"{'1': '23-216', '2': '217-308', '3': '309-570', '4': '571-820'}",,,17.0,"{'1': '920-1188', '2': '164-185', '3': '235-257', '4': '426-446', '5': '473-495', '6': '521-541', '7': '545-562', '8': '585-603', '9': '606-627', '10': '629-650', '11': '653-674', '12': '677-699', '13': '702-722', '14': '90-149', '15': '331-389', '16': '726-784', '17': '24-62'}",,,3.0,"{'1': '917-1192', '2': '1039-1051', '3': '923-946'}",15.0,"{'1': '917-1189', '2': '88-111', '3': '112-135', '4': '136-160', '5': '161-185', '6': '233-256', '7': '352-376', '8': '400-424', '9': '495-519', '10': '543-569', '11': '627-651', '12': '675-698', '13': '699-723', '14': '747-770', '15': '771-796'}",,
Q9LYR2,1.0,{'1': '138-273'},1.0,{'1': '143-274'},1.0,{'1': '81-274'},2.0,"{'1': '106-145', '2': '204-259'}",3.0,"{'1': '212-223', '2': '234-246', '3': '246-258'}",1.0,{'1': '203-272'},,,1.0,{'1': '124-274'}
Q9LYU3,1.0,{'1': '38-96'},1.0,{'1': '37-97'},1.0,{'1': '26-190'},1.0,{'1': '38-87'},2.0,"{'1': '39-50', '2': '61-77'}",1.0,{'1': '38-95'},1.0,{'1': '38-101'},,
Q9LYU7,1.0,{'1': '122-395'},,,1.0,{'1': '41-398'},1.0,{'1': '122-392'},,,1.0,{'1': '118-401'},,,,
Q9LYU9,,,4.0,"{'1': '52-201', '2': '253-417', '3': '425-503', '4': '504-630'}",1.0,{'1': '278-656'},12.0,"{'1': '57-79', '2': '122-147', '3': '151-179', '4': '225-246', '5': '251-281', '6': '426-448', '7': '527-550', '8': '349-397', '9': '451-499', '10': '672-752', '11': '569-631', '12': '636-658'}",,,3.0,"{'1': '148-182', '2': '350-384', '3': '452-486'}",,,5.0,"{'1': '122-146', '2': '153-179', '3': '251-284', '4': '352-381', '5': '454-487'}"
Q9LZ57,,,1.0,{'1': '1-103'},1.0,{'1': '4-104'},1.0,{'1': '4-97'},,,1.0,{'1': '51-61'},,,,
Q9LZ61,1.0,{'1': '5-78'},1.0,{'1': '15-85'},,,1.0,{'1': '13-53'},2.0,"{'1': '5-25', '2': '25-40'}",1.0,{'1': '3-48'},1.0,{'1': '3-66'},,
Q9LZ71,,,,,,,2.0,"{'1': '432-524', '2': '28-84'}",,,,,,,,
Q9LZ78,,,,,1.0,{'1': '24-105'},,,,,,,,,,
Q9LZD3,1.0,{'1': '76-629'},,,1.0,{'1': '55-630'},1.0,{'1': '269-625'},,,,,,,,
Q9LZH9,1.0,{'1': '83-217'},1.0,{'1': '48-231'},1.0,{'1': '40-242'},1.0,{'1': '113-202'},11.0,"{'1': '27-44', '2': '44-61', '3': '64-83', '4': '88-101', '5': '122-142', '6': '183-207', '7': '215-235', '8': '126-140', '9': '145-158', '10': '161-171', '11': '171-185'}",1.0,{'1': '164-181'},,,,
Q9LZK5,3.0,"{'1': '133-257', '2': '254-340', '3': '24-125'}",1.0,{'1': '23-129'},1.0,{'1': '25-345'},2.0,"{'1': '26-88', '2': '140-330'}",4.0,"{'1': '28-46', '2': '46-61', '3': '63-83', '4': '83-102'}",2.0,"{'1': '26-91', '2': '68-87'}",1.0,{'1': '25-83'},,
Q9LZL7,1.0,{'1': '49-262'},1.0,{'1': '43-323'},1.0,{'1': '4-317'},1.0,{'1': '9-95'},,,,,1.0,{'1': '46-291'},,
Q9LZM6,1.0,{'1': '67-266'},1.0,{'1': '62-265'},1.0,{'1': '8-266'},1.0,{'1': '77-265'},,,,,,,,
Q9LZM7,,,,,1.0,{'1': '1-208'},1.0,{'1': '20-193'},,,,,,,,
Q9LZM8,1.0,{'1': '351-416'},,,1.0,{'1': '86-449'},2.0,"{'1': '170-291', '2': '366-405'}",,,1.0,{'1': '368-409'},2.0,"{'1': '349-413', '2': '165-292'}",,
Q9LZQ9,1.0,{'1': '58-609'},2.0,"{'1': '22-242', '2': '243-425'}",,,4.0,"{'1': '265-403', '2': '69-226', '3': '616-692', '4': '466-494'}",,,2.0,"{'1': '265-445', '2': '71-240'}",3.0,"{'1': '286-404', '2': '465-555', '3': '59-249'}",,
Q9LZR5,,,,,,,1.0,{'1': '3-93'},,,2.0,"{'1': '269-290', '2': '267-294'}",,,,
Q9LZU4,1.0,{'1': '337-654'},2.0,"{'1': '30-134', '2': '147-246'}",,,3.0,"{'1': '354-624', '2': '36-132', '3': '159-244'}",,,5.0,"{'1': '351-631', '2': '31-135', '3': '146-246', '4': '472-484', '5': '357-379'}",1.0,{'1': '351-626'},,
Q9LZW2,,,,,1.0,{'1': '43-260'},2.0,"{'1': '206-262', '2': '1-44'}",,,1.0,{'1': '202-261'},,,1.0,{'1': '201-262'}
Q9LZW4,1.0,{'1': '18-305'},,,,,2.0,"{'1': '22-276', '2': '309-366'}",,,4.0,"{'1': '22-276', '2': '140-152', '3': '28-51', '4': '305-329'}",1.0,{'1': '22-276'},,
Q9LZZ7,,,1.0,{'1': '150-268'},1.0,{'1': '1-272'},1.0,{'1': '8-262'},,,,,,,,
Q9M000,,,,,1.0,{'1': '242-618'},1.0,{'1': '245-622'},,,1.0,{'1': '235-622'},,,,
Q9M021,2.0,"{'1': '350-643', '2': '30-297'}",,,1.0,{'1': '20-642'},2.0,"{'1': '368-571', '2': '31-283'}",,,3.0,"{'1': '367-641', '2': '490-502', '3': '373-396'}",1.0,{'1': '367-635'},,
Q9M047,,,,,,,2.0,"{'1': '10-66', '2': '108-164'}",,,3.0,"{'1': '10-44', '2': '8-68', '3': '106-166'}",2.0,"{'1': '9-61', '2': '107-159'}",,
Q9M084,2.0,"{'1': '93-202', '2': '225-557'}",2.0,"{'1': '59-203', '2': '205-558'}",1.0,{'1': '13-558'},2.0,"{'1': '232-552', '2': '110-195'}",4.0,"{'1': '303-315', '2': '320-333', '3': '473-489', '4': '513-527'}",1.0,{'1': '253-550'},,,1.0,{'1': '99-558'}
Q9M085,1.0,{'1': '114-385'},,,1.0,{'1': '71-387'},1.0,{'1': '134-385'},5.0,"{'1': '209-222', '2': '247-265', '3': '293-303', '4': '312-334', '5': '356-378'}",2.0,"{'1': '131-393', '2': '253-265'}",1.0,{'1': '131-385'},,
Q9M086,1.0,{'1': '1461-1688'},1.0,{'1': '1453-1777'},1.0,{'1': '40-1183'},4.0,"{'1': '1089-1115', '2': '704-890', '3': '969-1075', '4': '505-620'}",,,1.0,{'1': '1087-1119'},1.0,{'1': '1087-1119'},,
Q9M0C3,,,1.0,{'1': '74-161'},,,1.0,{'1': '113-157'},,,1.0,{'1': '115-157'},1.0,{'1': '115-156'},,
Q9M0G7,1.0,{'1': '697-976'},4.0,"{'1': '29-137', '2': '138-249', '3': '250-306', '4': '307-620'}",1.0,{'1': '231-977'},14.0,"{'1': '701-973', '2': '142-163', '3': '165-187', '4': '189-211', '5': '261-282', '6': '286-307', '7': '309-331', '8': '333-354', '9': '358-378', '10': '381-403', '11': '429-449', '12': '501-523', '13': '525-584', '14': '29-68'}",,,3.0,"{'1': '699-983', '2': '827-839', '3': '705-729'}",9.0,"{'1': '699-976', '2': '94-117', '3': '163-186', '4': '187-211', '5': '259-283', '6': '307-330', '7': '331-355', '8': '427-451', '9': '547-570'}",,
Q9M0K4,1.0,{'1': '9-106'},,,1.0,{'1': '4-258'},2.0,"{'1': '12-59', '2': '69-110'}",,,4.0,"{'1': '7-59', '2': '60-110', '3': '7-59', '4': '60-114'}",2.0,"{'1': '11-61', '2': '64-112'}",,
Q9M0N8,,,,,1.0,{'1': '1-61'},1.0,{'1': '10-56'},,,,,,,,
Q9M0V3,1.0,{'1': '457-838'},3.0,"{'1': '5-997', '2': '15-347', '3': '386-703'}",1.0,{'1': '5-1077'},3.0,"{'1': '745-1057', '2': '15-343', '3': '389-698'}",,,,,,,,
Q9M0Y8,4.0,"{'1': '10-92', '2': '228-492', '3': '494-738', '4': '95-198'}",2.0,"{'1': '205-395', '2': '491-662'}",1.0,{'1': '9-739'},4.0,"{'1': '253-393', '2': '534-646', '3': '118-167', '4': '420-456'}",,,1.0,{'1': '364-382'},3.0,"{'1': '11-95', '2': '249-396', '3': '529-650'}",,
Q9M0Z6,1.0,{'1': '47-173'},,,1.0,{'1': '46-174'},1.0,{'1': '58-171'},,,1.0,{'1': '51-172'},,,1.0,{'1': '49-173'}
Q9M1A8,1.0,{'1': '6-145'},1.0,{'1': '8-146'},1.0,{'1': '1-146'},1.0,{'1': '9-145'},,,,,1.0,{'1': '4-145'},,
Q9M1C2,1.0,{'1': '50-137'},1.0,{'1': '46-138'},1.0,{'1': '49-136'},1.0,{'1': '50-137'},4.0,"{'1': '51-66', '2': '75-96', '3': '101-113', '4': '124-137'}",,,1.0,{'1': '50-137'},,
Q9M1E5,1.0,{'1': '43-390'},1.0,{'1': '36-392'},1.0,{'1': '17-458'},2.0,"{'1': '49-83', '2': '312-348'}",,,1.0,{'1': '51-92'},7.0,"{'1': '44-83', '2': '86-128', '3': '133-173', '4': '189-229', '5': '250-288', '6': '307-349', '7': '352-391'}",,
Q9M1Q0,,,,,1.0,{'1': '1-742'},2.0,"{'1': '221-277', '2': '574-650'}",,,2.0,"{'1': '5-46', '2': '200-221'}",4.0,"{'1': '108-146', '2': '198-221', '3': '222-252', '4': '253-282'}",,
Q9M1R2,2.0,"{'1': '452-530', '2': '57-321'}",3.0,"{'1': '451-530', '2': '328-448', '3': '50-327'}",1.0,{'1': '7-530'},3.0,"{'1': '148-315', '2': '334-430', '3': '457-530'}",4.0,"{'1': '108-126', '2': '149-160', '3': '179-187', '4': '189-200'}",1.0,{'1': '112-327'},1.0,{'1': '457-530'},1.0,{'1': '52-530'}
Q9M1V1,1.0,{'1': '33-329'},1.0,{'1': '2-329'},,,1.0,{'1': '64-326'},,,,,,,,
Q9M1X0,1.0,{'1': '95-274'},1.0,{'1': '101-272'},1.0,{'1': '66-274'},1.0,{'1': '111-273'},,,,,,,1.0,{'1': '100-275'}
Q9M1X4,2.0,"{'1': '4-64', '2': '70-151'}",1.0,{'1': '1-153'},1.0,{'1': '2-148'},2.0,"{'1': '99-151', '2': '4-63'}",,,,,1.0,{'1': '2-98'},,
Q9M1X5,2.0,"{'1': '3-64', '2': '75-152'}",1.0,{'1': '1-154'},1.0,{'1': '2-149'},2.0,"{'1': '105-152', '2': '3-62'}",,,,,1.0,{'1': '2-104'},,
Q9M1Z3,1.0,{'1': '14-81'},,,1.0,{'1': '12-84'},1.0,{'1': '17-81'},,,1.0,{'1': '14-86'},1.0,{'1': '17-82'},,
Q9M246,,,,,1.0,{'1': '129-230'},4.0,"{'1': '41-72', '2': '129-159', '3': '101-120', '4': '197-222'}",,,2.0,"{'1': '39-74', '2': '125-160'}",2.0,"{'1': '39-74', '2': '125-160'}",,
Q9M277,,,,,,,1.0,{'1': '88-265'},,,,,,,,
Q9M297,2.0,"{'1': '657-901', '2': '843-1213'}",2.0,"{'1': '981-1254', '2': '647-936'}",1.0,{'1': '54-1253'},3.0,"{'1': '677-940', '2': '1059-1175', '3': '26-121'}",,,2.0,"{'1': '1061-1222', '2': '699-898'}",2.0,"{'1': '1090-1175', '2': '670-906'}",,
Q9M2A0,3.0,"{'1': '133-230', '2': '15-847', '3': '326-636'}",2.0,"{'1': '327-626', '2': '342-489'}",,,2.0,"{'1': '19-82', '2': '131-230'}",5.0,"{'1': '446-464', '2': '561-577', '3': '589-605', '4': '620-645', '5': '761-782'}",1.0,{'1': '332-338'},1.0,{'1': '16-88'},3.0,"{'1': '102-350', '2': '564-679', '3': '35-807'}"
Q9M2D8,,,,,,,2.0,"{'1': '102-206', '2': '46-98'}",,,,,,,,
Q9M2E8,1.0,{'1': '99-168'},,,1.0,{'1': '109-804'},3.0,"{'1': '111-166', '2': '320-538', '3': '558-805'}",,,3.0,"{'1': '108-168', '2': '310-541', '3': '143-166'}",2.0,"{'1': '109-172', '2': '319-538'}",,
Q9M2F1,1.0,{'1': '30-84'},1.0,{'1': '5-85'},1.0,{'1': '2-85'},1.0,{'1': '30-84'},,,1.0,{'1': '38-70'},,,,
Q9M2K8,1.0,{'1': '2-83'},1.0,{'1': '14-95'},1.0,{'1': '3-206'},2.0,"{'1': '10-57', '2': '95-179'}",3.0,"{'1': '3-23', '2': '23-38', '3': '38-59'}",3.0,"{'1': '3-57', '2': '1-61', '3': '94-184'}",1.0,{'1': '1-60'},,
Q9M2R1,,,,,1.0,{'1': '1-243'},,,,,,,,,,
Q9M2U2,,,,,1.0,{'1': '10-310'},1.0,{'1': '159-309'},,,,,,,,
Q9M2U7,1.0,{'1': '86-424'},2.0,"{'1': '69-249', '2': '250-425'}",1.0,{'1': '6-420'},2.0,"{'1': '272-420', '2': '88-249'}",,,1.0,{'1': '88-420'},,,,
Q9M2V1,1.0,{'1': '200-321'},2.0,"{'1': '209-392', '2': '104-191'}",,,,,,,2.0,"{'1': '108-142', '2': '124-133'}",,,,
Q9M2Z1,1.0,{'1': '682-961'},4.0,"{'1': '26-139', '2': '140-224', '3': '225-387', '4': '388-621'}",1.0,{'1': '391-962'},9.0,"{'1': '692-961', '2': '288-310', '3': '361-380', '4': '460-479', '5': '483-503', '6': '530-550', '7': '554-574', '8': '26-65', '9': '112-223'}",,,3.0,"{'1': '690-967', '2': '143-166', '3': '812-824'}",7.0,"{'1': '690-938', '2': '116-140', '3': '141-165', '4': '334-358', '5': '359-382', '6': '503-527', '7': '575-598'}",,
Q9M2Z4,1.0,{'1': '62-167'},1.0,{'1': '69-167'},1.0,{'1': '22-169'},1.0,{'1': '72-165'},,,,,1.0,{'1': '71-167'},,
Q9M315,1.0,{'1': '43-309'},1.0,{'1': '41-322'},1.0,{'1': '37-327'},1.0,{'1': '43-306'},,,,,,,1.0,{'1': '45-310'}
Q9M328,,,1.0,{'1': '3-160'},,,1.0,{'1': '5-157'},3.0,"{'1': '4-22', '2': '117-129', '3': '135-157'}",,,,,,
Q9M339,2.0,"{'1': '10-99', '2': '93-191'}",2.0,"{'1': '1-91', '2': '93-220'}",1.0,{'1': '7-206'},2.0,"{'1': '106-188', '2': '20-94'}",,,1.0,{'1': '21-92'},,,1.0,{'1': '8-210'}
Q9M354,1.0,{'1': '4-113'},1.0,{'1': '1-129'},1.0,{'1': '1-458'},1.0,{'1': '5-110'},3.0,"{'1': '16-35', '2': '35-52', '3': '56-77'}",1.0,{'1': '4-120'},1.0,{'1': '4-120'},,
Q9M367,,,1.0,{'1': '305-481'},1.0,{'1': '11-490'},2.0,"{'1': '301-476', '2': '170-298'}",,,,,,,,
Q9M376,1.0,{'1': '6-139'},,,1.0,{'1': '5-233'},2.0,"{'1': '32-100', '2': '149-229'}",3.0,"{'1': '154-173', '2': '174-193', '3': '212-231'}",3.0,"{'1': '167-186', '2': '6-133', '3': '149-209'}",1.0,{'1': '31-111'},,
Q9M390,1.0,{'1': '16-562'},1.0,{'1': '1-566'},,,1.0,{'1': '96-526'},,,2.0,"{'1': '85-109', '2': '183-195'}",,,,
Q9M391,,,,,1.0,{'1': '1-277'},1.0,{'1': '15-173'},,,1.0,{'1': '7-187'},1.0,{'1': '14-175'},,
Q9M394,1.0,{'1': '138-455'},1.0,{'1': '125-466'},1.0,{'1': '103-460'},1.0,{'1': '134-443'},,,1.0,{'1': '148-172'},,,,
Q9M3A8,1.0,{'1': '270-516'},3.0,"{'1': '95-271', '2': '274-446', '3': '447-519'}",1.0,{'1': '17-571'},9.0,"{'1': '203-232', '2': '237-265', '3': '274-300', '4': '312-338', '5': '463-484', '6': '492-518', '7': '348-376', '8': '383-432', '9': '124-175'}",,,6.0,"{'1': '200-234', '2': '309-343', '3': '349-383', '4': '384-418', '5': '419-453', '6': '488-522'}",,,6.0,"{'1': '203-235', '2': '312-338', '3': '352-385', '4': '387-420', '5': '421-454', '6': '492-519'}"
Q9M3B4,1.0,{'1': '6-316'},2.0,"{'1': '2-214', '2': '215-342'}",1.0,{'1': '1-431'},3.0,"{'1': '110-148', '2': '167-203', '3': '264-291'}",3.0,"{'1': '135-149', '2': '190-204', '3': '278-292'}",3.0,"{'1': '116-149', '2': '169-212', '3': '259-300'}",5.0,"{'1': '69-106', '2': '109-148', '3': '162-203', '4': '206-244', '5': '252-291'}",,
Q9M3D6,1.0,{'1': '95-315'},1.0,{'1': '83-314'},1.0,{'1': '57-712'},2.0,"{'1': '100-253', '2': '421-629'}",,,2.0,"{'1': '73-325', '2': '225-239'}",1.0,{'1': '109-302'},,
Q9M401,1.0,{'1': '74-409'},2.0,"{'1': '58-237', '2': '238-395'}",1.0,{'1': '59-412'},1.0,{'1': '130-368'},,,1.0,{'1': '295-324'},,,1.0,{'1': '106-411'}
Q9M439,1.0,{'1': '50-384'},2.0,"{'1': '31-215', '2': '216-386'}",1.0,{'1': '37-387'},1.0,{'1': '108-343'},,,1.0,{'1': '271-300'},,,1.0,{'1': '83-386'}
Q9M4B5,,,,,1.0,{'1': '1-129'},1.0,{'1': '19-122'},,,,,,,,
Q9M4T3,,,,,,,1.0,{'1': '3-94'},,,,,,,,
Q9M591,1.0,{'1': '132-289'},,,1.0,{'1': '1-409'},1.0,{'1': '134-267'},,,,,,,1.0,{'1': '54-394'}
Q9M5K2,2.0,"{'1': '384-507', '2': '44-363'}",3.0,"{'1': '381-501', '2': '45-369', '3': '189-312'}",1.0,{'1': '43-502'},2.0,"{'1': '388-497', '2': '45-369'}",,,1.0,{'1': '79-89'},,,1.0,{'1': '45-507'}
Q9M5P2,,,,,1.0,{'1': '5-286'},1.0,{'1': '99-269'},,,,,,,,
Q9M651,,,3.0,"{'1': '126-409', '2': '410-508', '3': '13-109'}",1.0,{'1': '11-544'},6.0,"{'1': '216-234', '2': '324-346', '3': '355-374', '4': '385-404', '5': '412-432', '6': '13-107'}",,,,,,,,
Q9M7Q4,1.0,{'1': '338-387'},,,1.0,{'1': '21-416'},1.0,{'1': '338-391'},,,2.0,"{'1': '341-356', '2': '336-399'}",1.0,{'1': '334-398'},,
Q9M7Q5,1.0,{'1': '313-363'},,,1.0,{'1': '23-392'},1.0,{'1': '313-369'},,,2.0,"{'1': '316-331', '2': '311-362'}",1.0,{'1': '309-374'},,
Q9M7Q7,2.0,"{'1': '1-126', '2': '127-255'}",,,1.0,{'1': '1-261'},2.0,"{'1': '1-125', '2': '127-254'}",6.0,"{'1': '10-29', '2': '34-52', '3': '56-80', '4': '110-132', '5': '203-217', '6': '241-258'}",2.0,"{'1': '61-79', '2': '34-57'}",,,1.0,{'1': '1-259'}
Q9M7X9,1.0,{'1': '76-181'},,,1.0,{'1': '1-183'},1.0,{'1': '77-167'},,,1.0,{'1': '51-183'},,,,
Q9M7Z1,2.0,"{'1': '76-155', '2': '183-221'}",2.0,"{'1': '250-482', '2': '182-224'}",1.0,{'1': '71-482'},3.0,"{'1': '78-149', '2': '251-480', '3': '183-217'}",,,3.0,"{'1': '73-150', '2': '100-129', '3': '183-220'}",,,,
Q9M811,,,,,1.0,{'1': '35-491'},1.0,{'1': '105-450'},,,1.0,{'1': '95-456'},,,,
Q9M886,,,,,,,1.0,{'1': '4-103'},,,1.0,{'1': '3-109'},,,,
Q9M888,3.0,"{'1': '206-381', '2': '145-407', '3': '11-526'}",3.0,"{'1': '211-372', '2': '139-408', '3': '26-525'}",1.0,{'1': '15-527'},1.0,{'1': '29-528'},5.0,"{'1': '31-47', '2': '53-71', '3': '83-102', '4': '376-398', '5': '410-422'}",2.0,"{'1': '34-46', '2': '55-71'}",,,1.0,{'1': '2-533'}
Q9M898,,,,,1.0,{'1': '63-348'},1.0,{'1': '127-305'},,,,,,,,
Q9M8L2,2.0,"{'1': '78-342', '2': '3-59'}",1.0,{'1': '47-348'},1.0,{'1': '2-354'},3.0,"{'1': '4-42', '2': '107-150', '3': '164-199'}",,,,,2.0,"{'1': '115-163', '2': '166-213'}",,
Q9M8T0,1.0,{'1': '349-615'},2.0,"{'1': '28-137', '2': '143-224'}",1.0,{'1': '11-617'},4.0,"{'1': '349-610', '2': '185-205', '3': '68-125', '4': '27-63'}",,,1.0,{'1': '345-620'},,,,
Q9M8U1,1.0,{'1': '8-156'},,,1.0,{'1': '9-93'},2.0,"{'1': '20-81', '2': '93-155'}",,,8.0,"{'1': '16-51', '2': '52-87', '3': '90-125', '4': '126-161', '5': '29-41', '6': '65-77', '7': '103-115', '8': '139-151'}",4.0,"{'1': '20-48', '2': '56-84', '3': '94-122', '4': '130-158'}",,
Q9M8Y0,2.0,"{'1': '52-306', '2': '341-841'}",3.0,"{'1': '56-425', '2': '427-464', '3': '465-567'}",1.0,{'1': '41-750'},7.0,"{'1': '155-186', '2': '326-358', '3': '121-153', '4': '225-255', '5': '461-493', '6': '508-746', '7': '759-944'}",,,11.0,"{'1': '87-120', '2': '121-154', '3': '155-188', '4': '189-222', '5': '223-256', '6': '257-290', '7': '291-324', '8': '325-358', '9': '393-426', '10': '427-460', '11': '461-494'}",13.0,"{'1': '53-86', '2': '87-120', '3': '121-154', '4': '155-188', '5': '189-222', '6': '223-256', '7': '257-290', '8': '291-324', '9': '325-358', '10': '359-392', '11': '393-426', '12': '427-460', '13': '461-494'}",,
Q9M9E9,1.0,{'1': '1-274'},,,,,1.0,{'1': '4-260'},,,3.0,"{'1': '4-260', '2': '119-131', '3': '10-33'}",1.0,{'1': '4-260'},,
Q9M9F0,,,,,1.0,{'1': '24-309'},1.0,{'1': '78-103'},,,,,,,,
Q9M9L6,1.0,{'1': '145-200'},,,1.0,{'1': '66-198'},,,,,1.0,{'1': '135-184'},,,,
Q9M9S3,1.0,{'1': '80-263'},1.0,{'1': '73-251'},1.0,{'1': '50-263'},1.0,{'1': '87-221'},,,,,,,,
Q9M9S4,1.0,{'1': '425-706'},2.0,"{'1': '30-197', '2': '198-322'}",1.0,{'1': '67-710'},4.0,"{'1': '459-597', '2': '133-155', '3': '226-247', '4': '274-294'}",,,1.0,{'1': '421-709'},,,,
Q9M9T4,,,,,1.0,{'1': '210-406'},,,,,,,,,,
Q9M9W1,,,1.0,{'1': '6-124'},1.0,{'1': '6-123'},1.0,{'1': '14-123'},,,,,,,,
Q9M9W3,1.0,{'1': '17-306'},1.0,{'1': '8-308'},1.0,{'1': '20-305'},2.0,"{'1': '60-253', '2': '14-57'}",7.0,"{'1': '60-87', '2': '89-116', '3': '122-146', '4': '156-182', '5': '185-212', '6': '242-262', '7': '264-280'}",1.0,{'1': '123-128'},1.0,{'1': '32-302'},,
Q9M9X2,1.0,{'1': '475-551'},2.0,"{'1': '408-469', '2': '492-572'}",,,2.0,"{'1': '412-455', '2': '506-549'}",,,3.0,"{'1': '413-455', '2': '432-441', '3': '503-552'}",2.0,"{'1': '413-454', '2': '505-550'}",,
Q9M9X4,,,,,1.0,{'1': '79-247'},1.0,{'1': '96-208'},2.0,"{'1': '137-159', '2': '172-195'}",1.0,{'1': '134-198'},1.0,{'1': '133-198'},,
Q9M9Y6,2.0,"{'1': '79-190', '2': '1-78'}",2.0,"{'1': '80-195', '2': '1-79'}",1.0,{'1': '1-182'},2.0,"{'1': '8-64', '2': '83-194'}",,,,,,,,
Q9MA56,,,,,1.0,{'1': '45-955'},1.0,{'1': '136-219'},,,1.0,{'1': '135-196'},1.0,{'1': '133-194'},,
Q9MA75,1.0,{'1': '196-246'},,,,,1.0,{'1': '196-254'},,,1.0,{'1': '194-257'},1.0,{'1': '192-256'},,
Q9MAA7,1.0,{'1': '48-342'},1.0,{'1': '1-344'},1.0,{'1': '43-326'},1.0,{'1': '109-322'},,,2.0,"{'1': '109-125', '2': '185-197'}",,,,
Q9MAC8,,,,,,,1.0,{'1': '302-544'},,,,,,,1.0,{'1': '301-785'}
Q9MAH0,1.0,{'1': '33-967'},,,1.0,{'1': '22-967'},1.0,{'1': '34-967'},7.0,"{'1': '168-181', '2': '221-237', '3': '281-296', '4': '442-462', '5': '591-611', '6': '633-662', '7': '765-791'}",2.0,"{'1': '169-180', '2': '593-605'}",,,,
Q9MAH8,,,,,1.0,{'1': '44-291'},1.0,{'1': '48-152'},,,1.0,{'1': '49-107'},,,,
Q9MAK9,1.0,{'1': '136-385'},2.0,"{'1': '24-128', '2': '129-309'}",1.0,{'1': '25-386'},3.0,"{'1': '176-309', '2': '63-118', '3': '332-374'}",,,1.0,{'1': '279-297'},1.0,{'1': '172-311'},,
Q9MAM3,2.0,"{'1': '108-323', '2': '331-500'}",1.0,{'1': '124-501'},1.0,{'1': '73-525'},2.0,"{'1': '114-403', '2': '420-500'}",,,,,,,,
Q9MAP3,2.0,"{'1': '136-209', '2': '69-153'}",2.0,"{'1': '141-222', '2': '69-140'}",1.0,{'1': '68-209'},2.0,"{'1': '140-208', '2': '78-135'}",,,1.0,{'1': '195-209'},1.0,{'1': '78-209'},1.0,{'1': '72-209'}
Q9MAQ0,,,,,,,2.0,"{'1': '398-527', '2': '86-345'}",,,,,,,1.0,{'1': '84-583'}
Q9MAR2,3.0,"{'1': '296-340', '2': '13-96', '3': '98-171'}",2.0,"{'1': '1-96', '2': '100-172'}",1.0,{'1': '1-246'},3.0,"{'1': '111-171', '2': '16-102', '3': '174-238'}",,,1.0,{'1': '46-65'},1.0,{'1': '306-340'},1.0,{'1': '13-223'}
Q9MAT5,1.0,{'1': '39-367'},1.0,{'1': '30-174'},1.0,{'1': '30-365'},1.0,{'1': '194-366'},,,1.0,{'1': '29-360'},,,,
Q9MAU3,2.0,"{'1': '4-76', '2': '196-364'}",2.0,"{'1': '1-66', '2': '166-371'}",1.0,{'1': '2-547'},2.0,"{'1': '1-65', '2': '166-348'}",,,,,1.0,{'1': '2-68'},,
Q9MAX3,1.0,{'1': '524-645'},1.0,{'1': '502-648'},1.0,{'1': '42-646'},2.0,"{'1': '523-641', '2': '90-470'}",,,2.0,"{'1': '522-645', '2': '119-140'}",,,1.0,{'1': '77-641'}
Q9S6Z7,1.0,{'1': '8-312'},2.0,"{'1': '14-307', '2': '50-152'}",1.0,{'1': '8-317'},1.0,{'1': '13-299'},,,1.0,{'1': '38-56'},,,2.0,"{'1': '13-311', '2': '13-311'}"
Q9S701,,,,,,,2.0,"{'1': '87-179', '2': '212-302'}",,,,,,,,
Q9S709,1.0,{'1': '77-149'},1.0,{'1': '43-145'},1.0,{'1': '1-288'},3.0,"{'1': '83-139', '2': '14-38', '3': '150-173'}",6.0,"{'1': '18-37', '2': '37-57', '3': '75-90', '4': '103-125', '5': '130-154', '6': '165-177'}",3.0,"{'1': '44-146', '2': '12-40', '3': '148-175'}",3.0,"{'1': '13-39', '2': '148-174', '3': '67-142'}",,
Q9S714,1.0,{'1': '84-144'},,,1.0,{'1': '2-145'},1.0,{'1': '85-144'},,,,,,,,
Q9S726,1.0,{'1': '45-227'},,,1.0,{'1': '37-275'},1.0,{'1': '94-270'},,,,,,,1.0,{'1': '48-271'}
Q9S736,,,,,1.0,{'1': '33-547'},2.0,"{'1': '414-542', '2': '197-320'}",8.0,"{'1': '106-128', '2': '147-162', '3': '162-177', '4': '188-209', '5': '234-254', '6': '307-326', '7': '449-469', '8': '488-510'}",,,1.0,{'1': '227-287'},,
Q9S744,1.0,{'1': '3-147'},,,1.0,{'1': '2-147'},2.0,"{'1': '12-73', '2': '84-146'}",,,6.0,"{'1': '8-43', '2': '44-79', '3': '81-116', '4': '117-151', '5': '94-106', '6': '130-142'}",4.0,"{'1': '12-40', '2': '48-76', '3': '85-113', '4': '121-149'}",,
Q9S745,1.0,{'1': '110-199'},1.0,{'1': '85-237'},,,2.0,"{'1': '97-186', '2': '316-527'}",,,,,,,,
Q9S752,,,1.0,{'1': '300-368'},1.0,{'1': '1-378'},1.0,{'1': '136-292'},,,1.0,{'1': '319-358'},1.0,{'1': '319-357'},,
Q9S7C0,5.0,"{'1': '384-627', '2': '594-693', '3': '706-793', '4': '1-185', '5': '195-380'}",2.0,"{'1': '387-592', '2': '594-703'}",1.0,{'1': '1-823'},2.0,"{'1': '3-693', '2': '715-787'}",,,,,,,,
Q9S7H1,1.0,{'1': '73-207'},,,1.0,{'1': '1-208'},1.0,{'1': '75-206'},,,,,,,,
Q9S7I6,1.0,{'1': '854-1143'},4.0,"{'1': '42-239', '2': '240-349', '3': '361-490', '4': '532-769'}",1.0,{'1': '288-1145'},8.0,"{'1': '876-1073', '2': '263-285', '3': '311-333', '4': '437-456', '5': '635-655', '6': '185-228', '7': '661-719', '8': '44-83'}",,,3.0,"{'1': '874-1146', '2': '992-1004', '3': '880-902'}",10.0,"{'1': '874-1150', '2': '167-190', '3': '191-214', '4': '215-239', '5': '261-285', '6': '309-333', '7': '633-657', '8': '658-681', '9': '682-705', '10': '706-729'}",,
Q9S7J7,,,,,1.0,{'1': '4-265'},1.0,{'1': '66-231'},,,,,,,,
Q9S7J8,6.0,"{'1': '457-542', '2': '401-959', '3': '53-126', '4': '134-204', '5': '203-271', '6': '655-981'}",3.0,"{'1': '623-932', '2': '663-753', '3': '754-806'}",,,3.0,"{'1': '62-120', '2': '137-197', '3': '440-543'}",,,6.0,"{'1': '56-122', '2': '133-199', '3': '207-273', '4': '62-92', '5': '139-169', '6': '658-664'}",,,5.0,"{'1': '409-682', '2': '739-954', '3': '57-121', '4': '136-197', '5': '370-984'}"
Q9S7L2,1.0,{'1': '215-310'},,,1.0,{'1': '196-353'},,,,,4.0,"{'1': '212-263', '2': '264-314', '3': '212-267', '4': '268-318'}",2.0,"{'1': '216-265', '2': '268-316'}",,
Q9S7M0,,,,,1.0,{'1': '8-264'},1.0,{'1': '64-231'},,,,,,,,
Q9S7M2,,,,,1.0,{'1': '14-238'},2.0,"{'1': '115-147', '2': '204-229'}",,,1.0,{'1': '113-148'},1.0,{'1': '113-148'},,
Q9S7M9,1.0,{'1': '31-125'},,,1.0,{'1': '8-202'},1.0,{'1': '28-200'},,,1.0,{'1': '29-116'},1.0,{'1': '21-200'},,
Q9S7N7,,,1.0,{'1': '64-159'},1.0,{'1': '16-159'},1.0,{'1': '63-154'},,,1.0,{'1': '126-143'},,,1.0,{'1': '67-155'}
Q9S7P9,,,,,,,,,,,1.0,{'1': '235-297'},2.0,"{'1': '99-168', '2': '230-297'}",,
Q9S7Q7,1.0,{'1': '2-79'},1.0,{'1': '13-84'},1.0,{'1': '3-165'},2.0,"{'1': '10-57', '2': '89-164'}",3.0,"{'1': '3-23', '2': '23-38', '3': '38-59'}",3.0,"{'1': '3-57', '2': '1-61', '3': '80-170'}",1.0,{'1': '1-60'},,
Q9S7U9,1.0,{'1': '63-336'},,,,,1.0,{'1': '73-330'},,,3.0,"{'1': '70-330', '2': '188-200', '3': '76-99'}",1.0,{'1': '70-330'},,
Q9S7Y1,1.0,{'1': '177-231'},1.0,{'1': '168-230'},1.0,{'1': '106-353'},2.0,"{'1': '176-223', '2': '262-316'}",,,1.0,{'1': '173-222'},1.0,{'1': '179-228'},,
Q9S7Z3,1.0,{'1': '13-217'},1.0,{'1': '16-220'},1.0,{'1': '3-464'},2.0,"{'1': '7-213', '2': '231-465'}",,,1.0,{'1': '1-221'},,,,
Q9S7Z8,,,,,1.0,{'1': '1-640'},1.0,{'1': '10-635'},,,,,,,1.0,{'1': '1-640'}
Q9S814,,,,,1.0,{'1': '16-458'},1.0,{'1': '26-414'},5.0,"{'1': '97-123', '2': '125-144', '3': '199-222', '4': '301-320', '5': '361-380'}",,,,,,
Q9S823,,,,,1.0,{'1': '1-902'},1.0,{'1': '722-901'},,,,,,,,
Q9S829,,,,,,,1.0,{'1': '75-148'},,,,,,,,
Q9S831,1.0,{'1': '81-142'},,,1.0,{'1': '2-141'},1.0,{'1': '82-141'},,,,,,,,
Q9S834,1.0,{'1': '109-285'},,,1.0,{'1': '67-293'},1.0,{'1': '109-287'},5.0,"{'1': '114-129', '2': '154-174', '3': '185-202', '4': '206-225', '5': '263-282'}",2.0,"{'1': '185-196', '2': '207-220'}",,,,
Q9S836,,,,,,,1.0,{'1': '38-431'},,,,,,,,
Q9S841,1.0,{'1': '99-331'},,,1.0,{'1': '1-331'},1.0,{'1': '98-330'},,,,,,,,
Q9S850,2.0,"{'1': '263-387', '2': '5-259'}",1.0,{'1': '1-262'},,,2.0,"{'1': '53-236', '2': '260-386'}",12.0,"{'1': '20-34', '2': '41-57', '3': '94-105', '4': '105-117', '5': '120-135', '6': '182-198', '7': '199-212', '8': '215-228', '9': '286-300', '10': '300-312', '11': '354-366', '12': '369-382'}",,,,,,
Q9S851,1.0,{'1': '17-171'},1.0,{'1': '31-175'},,,1.0,{'1': '23-149'},,,1.0,{'1': '22-171'},,,,
Q9S9N1,4.0,"{'1': '391-548', '2': '542-623', '3': '7-190', '4': '196-387'}",2.0,"{'1': '388-530', '2': '538-646'}",1.0,{'1': '8-582'},1.0,{'1': '8-617'},,,3.0,"{'1': '11-18', '2': '202-215', '3': '339-353'}",,,,
Q9S9P1,1.0,{'1': '24-141'},1.0,{'1': '15-144'},,,1.0,{'1': '30-123'},4.0,"{'1': '34-47', '2': '48-64', '3': '89-110', '4': '114-127'}",1.0,{'1': '30-48'},,,,
Q9S9P3,,,1.0,{'1': '113-277'},1.0,{'1': '4-634'},3.0,"{'1': '502-632', '2': '116-223', '3': '41-83'}",,,,,,,,
Q9S9P6,,,,,,,1.0,{'1': '60-426'},,,,,,,,
Q9S9Q9,1.0,{'1': '16-115'},1.0,{'1': '6-119'},1.0,{'1': '22-618'},2.0,"{'1': '26-115', '2': '214-484'}",,,2.0,"{'1': '28-98', '2': '214-508'}",,,,
Q9S9Z8,1.0,{'1': '3-235'},1.0,{'1': '1-246'},1.0,{'1': '6-237'},1.0,{'1': '11-233'},6.0,"{'1': '37-66', '2': '86-110', '3': '117-139', '4': '152-178', '5': '179-205', '6': '206-235'}",2.0,"{'1': '43-53', '2': '215-234'}",1.0,{'1': '5-246'},,
Q9SA18,4.0,"{'1': '551-725', '2': '84-380', '3': '392-466', '4': '474-561'}",1.0,{'1': '84-380'},1.0,{'1': '82-911'},5.0,"{'1': '84-366', '2': '703-901', '3': '559-695', '4': '405-465', '5': '487-546'}",,,4.0,"{'1': '407-482', '2': '488-565', '3': '86-94', '4': '749-771'}",,,1.0,{'1': '84-546'}
Q9SA23,,,,,1.0,{'1': '45-216'},1.0,{'1': '173-224'},,,2.0,"{'1': '136-198', '2': '142-181'}",1.0,{'1': '131-198'},,
Q9SA51,,,,,,,1.0,{'1': '14-112'},,,1.0,{'1': '13-115'},,,,
Q9SA52,1.0,{'1': '54-350'},,,,,1.0,{'1': '56-273'},,,,,,,,
Q9SA56,1.0,{'1': '69-203'},,,1.0,{'1': '1-204'},1.0,{'1': '71-202'},,,,,,,,
Q9SA73,2.0,"{'1': '304-388', '2': '25-325'}",3.0,"{'1': '70-387', '2': '135-223', '3': '25-303'}",,,2.0,"{'1': '26-137', '2': '304-387'}",4.0,"{'1': '27-47', '2': '48-66', '3': '92-107', '4': '109-127'}",2.0,"{'1': '303-386', '2': '25-282'}",,,1.0,{'1': '25-388'}
Q9SAB3,3.0,"{'1': '40-128', '2': '149-247', '3': '255-358'}",3.0,"{'1': '61-140', '2': '141-238', '3': '239-343'}",1.0,{'1': '42-337'},3.0,"{'1': '64-128', '2': '157-219', '3': '263-327'}",,,3.0,"{'1': '62-143', '2': '155-234', '3': '261-333'}",3.0,"{'1': '63-136', '2': '156-230', '3': '262-329'}",,
Q9SAC6,,,1.0,{'1': '1084-1238'},,,5.0,"{'1': '1196-1398', '2': '942-1055', '3': '213-268', '4': '84-199', '5': '360-476'}",,,,,,,,
Q9SAD3,,,,,1.0,{'1': '43-106'},,,,,,,,,,
Q9SAD4,1.0,{'1': '56-114'},1.0,{'1': '55-114'},,,1.0,{'1': '55-105'},2.0,"{'1': '57-68', '2': '79-95'}",1.0,{'1': '56-113'},1.0,{'1': '56-119'},,
Q9SAD7,,,,,1.0,{'1': '1-543'},1.0,{'1': '1-532'},,,,,,,,
Q9SAF1,2.0,"{'1': '6-176', '2': '172-422'}",,,1.0,{'1': '9-416'},1.0,{'1': '7-418'},,,,,1.0,{'1': '6-422'},,
Q9SAH7,1.0,{'1': '141-206'},1.0,{'1': '135-207'},1.0,{'1': '25-293'},1.0,{'1': '146-204'},,,1.0,{'1': '140-206'},1.0,{'1': '145-205'},,
Q9SAJ2,1.0,{'1': '955-1225'},,,1.0,{'1': '244-1228'},2.0,"{'1': '193-276', '2': '966-1226'}",4.0,"{'1': '1046-1059', '2': '1083-1101', '3': '1154-1176', '4': '1198-1220'}",2.0,"{'1': '964-1229', '2': '970-995'}",2.0,"{'1': '191-278', '2': '964-1230'}",,
Q9SAJ4,1.0,{'1': '8-400'},2.0,"{'1': '8-184', '2': '187-400'}",1.0,{'1': '4-401'},1.0,{'1': '10-390'},9.0,"{'1': '14-30', '2': '36-58', '3': '113-128', '4': '141-163', '5': '172-194', '6': '195-214', '7': '317-342', '8': '353-364', '9': '376-393'}",,,,,,
Q9SAJ6,1.0,{'1': '86-252'},,,1.0,{'1': '86-416'},2.0,"{'1': '88-188', '2': '241-398'}",5.0,"{'1': '195-208', '2': '230-248', '3': '257-273', '4': '314-331', '5': '354-369'}",1.0,{'1': '234-241'},1.0,{'1': '87-236'},1.0,{'1': '88-410'}
Q9SAL0,1.0,{'1': '78-261'},1.0,{'1': '344-401'},1.0,{'1': '24-390'},1.0,{'1': '102-317'},,,1.0,{'1': '357-390'},2.0,"{'1': '357-389', '2': '77-280'}",,
Q9SAR0,1.0,{'1': '25-435'},2.0,"{'1': '74-326', '2': '40-431'}",1.0,{'1': '18-433'},1.0,{'1': '52-432'},,,1.0,{'1': '277-290'},,,,
Q9SAR5,1.0,{'1': '216-336'},1.0,{'1': '220-342'},,,2.0,"{'1': '223-313', '2': '151-194'}",,,2.0,"{'1': '250-282', '2': '283-315'}",3.0,"{'1': '217-246', '2': '250-279', '3': '283-312'}",,
Q9SAV0,3.0,"{'1': '5-148', '2': '155-300', '3': '306-453'}",3.0,"{'1': '5-151', '2': '158-303', '3': '308-455'}",,,3.0,"{'1': '10-145', '2': '160-297', '3': '314-450'}",,,3.0,"{'1': '6-148', '2': '157-300', '3': '310-453'}",3.0,"{'1': '17-148', '2': '168-300', '3': '321-453'}",,
Q9SB42,,,,,1.0,{'1': '36-365'},2.0,"{'1': '141-238', '2': '309-362'}",,,,,,,,
Q9SB51,1.0,{'1': '538-850'},,,1.0,{'1': '260-849'},2.0,"{'1': '542-844', '2': '74-111'}",,,3.0,"{'1': '74-111', '2': '543-558', '3': '542-847'}",,,,
Q9SB61,1.0,{'1': '145-218'},,,,,1.0,{'1': '47-99'},,,1.0,{'1': '49-98'},,,2.0,"{'1': '158-214', '2': '48-98'}"
Q9SB92,1.0,{'1': '21-99'},,,1.0,{'1': '14-267'},1.0,{'1': '37-97'},,,1.0,{'1': '32-98'},1.0,{'1': '34-102'},,
Q9SBJ6,1.0,{'1': '6-178'},1.0,{'1': '5-192'},1.0,{'1': '5-194'},1.0,{'1': '8-178'},,,1.0,{'1': '2-197'},1.0,{'1': '9-180'},1.0,{'1': '7-171'}
Q9SCK0,,,1.0,{'1': '12-231'},1.0,{'1': '8-599'},1.0,{'1': '18-226'},,,,,,,,
Q9SCL7,1.0,{'1': '69-346'},1.0,{'1': '65-347'},,,1.0,{'1': '86-324'},3.0,"{'1': '117-131', '2': '244-271', '3': '297-317'}",,,,,1.0,{'1': '87-322'}
Q9SCP9,1.0,{'1': '154-205'},1.0,{'1': '141-210'},,,1.0,{'1': '63-207'},,,1.0,{'1': '137-217'},,,,
Q9SCR2,,,1.0,{'1': '147-209'},1.0,{'1': '65-208'},1.0,{'1': '156-207'},,,,,,,,
Q9SCU7,1.0,{'1': '11-108'},,,1.0,{'1': '1-232'},2.0,"{'1': '14-61', '2': '67-112'}",,,4.0,"{'1': '9-61', '2': '62-112', '3': '9-61', '4': '62-116'}",2.0,"{'1': '13-63', '2': '66-114'}",,
Q9SCW1,3.0,"{'1': '408-579', '2': '588-756', '3': '33-350'}",1.0,{'1': '763-847'},1.0,{'1': '23-748'},5.0,"{'1': '769-846', '2': '41-345', '3': '368-424', '4': '477-528', '5': '626-712'}",9.0,"{'1': '44-61', '2': '65-83', '3': '120-139', '4': '177-192', '5': '256-271', '6': '293-308', '7': '313-329', '8': '624-638', '9': '651-667'}",2.0,"{'1': '761-847', '2': '179-191'}",,,,
Q9SCX3,2.0,"{'1': '132-224', '2': '10-63'}",1.0,{'1': '128-224'},1.0,{'1': '9-224'},1.0,{'1': '137-224'},,,2.0,"{'1': '99-107', '2': '213-224'}",1.0,{'1': '135-224'},,
Q9SCY0,4.0,"{'1': '67-280', '2': '251-361', '3': '347-493', '4': '488-623'}",,,1.0,{'1': '65-623'},3.0,"{'1': '80-219', '2': '252-355', '3': '364-465'}",4.0,"{'1': '174-188', '2': '274-293', '3': '310-323', '4': '339-354'}",1.0,{'1': '175-184'},,,,
Q9SCY3,,,1.0,{'1': '85-209'},1.0,{'1': '4-215'},1.0,{'1': '108-206'},,,1.0,{'1': '112-211'},,,,
Q9SCY5,2.0,"{'1': '100-181', '2': '184-286'}",1.0,{'1': '94-184'},1.0,{'1': '1-289'},2.0,"{'1': '215-286', '2': '102-181'}",,,,,1.0,{'1': '197-287'},,
Q9SCZ4,1.0,{'1': '511-809'},,,1.0,{'1': '12-475'},2.0,"{'1': '539-803', '2': '38-409'}",,,3.0,"{'1': '536-810', '2': '657-669', '3': '542-565'}",1.0,{'1': '536-810'},,
Q9SD33,,,,,1.0,{'1': '28-410'},1.0,{'1': '38-408'},,,,,,,,
Q9SDN0,1.0,{'1': '61-145'},1.0,{'1': '52-182'},1.0,{'1': '28-197'},1.0,{'1': '67-130'},4.0,"{'1': '68-86', '2': '86-101', '3': '105-125', '4': '125-144'}",2.0,"{'1': '66-133', '2': '110-129'}",1.0,{'1': '65-125'},,
Q9SDQ4,1.0,{'1': '25-451'},,,1.0,{'1': '32-858'},3.0,"{'1': '579-831', '2': '48-397', '3': '474-564'}",,,,,1.0,{'1': '460-802'},,
Q9SDS7,1.0,{'1': '1-374'},,,1.0,{'1': '1-374'},1.0,{'1': '5-368'},,,,,,,,
Q9SDY5,1.0,{'1': '13-182'},1.0,{'1': '26-184'},,,1.0,{'1': '34-169'},,,2.0,"{'1': '30-175', '2': '102-117'}",,,,
Q9SE45,1.0,{'1': '2-318'},4.0,"{'1': '1-82', '2': '83-158', '3': '171-246', '4': '248-320'}",,,4.0,"{'1': '15-80', '2': '107-155', '3': '177-237', '4': '252-316'}",4.0,"{'1': '25-47', '2': '65-81', '3': '260-280', '4': '304-317'}",5.0,"{'1': '264-316', '2': '11-82', '3': '83-159', '4': '171-243', '5': '247-318'}",4.0,"{'1': '28-80', '2': '109-157', '3': '190-240', '4': '264-316'}",,
Q9SE50,1.0,{'1': '37-516'},,,1.0,{'1': '44-517'},1.0,{'1': '43-516'},5.0,"{'1': '342-356', '2': '418-426', '3': '442-453', '4': '464-481', '5': '488-500'}",1.0,{'1': '48-62'},,,,
Q9SE83,1.0,{'1': '36-312'},2.0,"{'1': '565-699', '2': '34-318'}",1.0,{'1': '40-810'},4.0,"{'1': '256-494', '2': '576-695', '3': '728-810', '4': '41-205'}",4.0,"{'1': '38-56', '2': '63-80', '3': '175-193', '4': '194-210'}",4.0,"{'1': '572-696', '2': '64-73', '3': '730-823', '4': '35-303'}",2.0,"{'1': '4-250', '2': '573-698'}",,
Q9SE96,,,1.0,{'1': '136-256'},1.0,{'1': '65-257'},1.0,{'1': '139-257'},,,,,1.0,{'1': '138-215'},,
Q9SE97,,,1.0,{'1': '585-993'},1.0,{'1': '379-1029'},1.0,{'1': '591-983'},,,1.0,{'1': '588-1010'},1.0,{'1': '588-999'},,
Q9SEE5,2.0,"{'1': '27-239', '2': '242-472'}",1.0,{'1': '37-235'},,,3.0,"{'1': '125-217', '2': '391-464', '3': '38-86'}",3.0,"{'1': '55-73', '2': '149-167', '3': '363-377'}",2.0,"{'1': '158-169', '2': '55-66'}",,,1.0,{'1': '36-467'}
Q9SEI2,1.0,{'1': '168-412'},2.0,"{'1': '33-159', '2': '160-341'}",1.0,{'1': '21-417'},3.0,"{'1': '208-340', '2': '74-150', '3': '363-407'}",,,1.0,{'1': '311-329'},1.0,{'1': '204-343'},,
Q9SEI4,1.0,{'1': '150-393'},2.0,"{'1': '36-144', '2': '145-325'}",1.0,{'1': '34-401'},3.0,"{'1': '192-325', '2': '79-134', '3': '348-391'}",,,1.0,{'1': '295-313'},1.0,{'1': '188-327'},,
Q9SEL5,1.0,{'1': '6-93'},1.0,{'1': '1-101'},,,1.0,{'1': '1-92'},,,,,,,,
Q9SEU8,1.0,{'1': '71-185'},,,,,1.0,{'1': '82-182'},,,2.0,"{'1': '45-186', '2': '102-120'}",,,1.0,{'1': '86-184'}
Q9SEX2,1.0,{'1': '234-519'},1.0,{'1': '233-514'},1.0,{'1': '34-522'},3.0,"{'1': '275-412', '2': '434-476', '3': '13-73'}",,,1.0,{'1': '384-403'},1.0,{'1': '271-414'},,
Q9SF16,3.0,"{'1': '210-379', '2': '155-406', '3': '17-528'}",3.0,"{'1': '215-370', '2': '145-406', '3': '32-526'}",1.0,{'1': '17-529'},1.0,{'1': '36-528'},5.0,"{'1': '37-53', '2': '59-77', '3': '89-108', '4': '374-396', '5': '408-420'}",3.0,"{'1': '40-52', '2': '61-77', '3': '89-97'}",,,1.0,{'1': '6-531'}
Q9SF29,,,,,1.0,{'1': '46-255'},1.0,{'1': '209-258'},,,2.0,"{'1': '172-234', '2': '178-217'}",1.0,{'1': '167-234'},,
Q9SF36,,,,,1.0,{'1': '46-678'},1.0,{'1': '201-283'},,,1.0,{'1': '199-260'},1.0,{'1': '197-258'},,
Q9SF53,1.0,{'1': '4-65'},1.0,{'1': '1-77'},1.0,{'1': '1-123'},1.0,{'1': '8-64'},,,1.0,{'1': '43-57'},,,1.0,{'1': '8-64'}
Q9SF85,1.0,{'1': '11-337'},1.0,{'1': '11-330'},1.0,{'1': '6-344'},1.0,{'1': '28-338'},5.0,"{'1': '69-78', '2': '86-100', '3': '117-132', '4': '155-181', '5': '264-283'}",1.0,{'1': '293-306'},,,,
Q9SFB1,,,,,1.0,{'1': '21-362'},2.0,"{'1': '27-183', '2': '195-361'}",,,,,,,,
Q9SFC6,1.0,{'1': '50-238'},1.0,{'1': '59-239'},1.0,{'1': '41-238'},1.0,{'1': '52-236'},4.0,"{'1': '157-173', '2': '174-189', '3': '190-202', '4': '216-233'}",,,,,,
Q9SFT9,,,1.0,{'1': '1-162'},1.0,{'1': '6-189'},1.0,{'1': '6-145'},,,1.0,{'1': '6-146'},1.0,{'1': '6-147'},,
Q9SFU1,1.0,{'1': '12-154'},1.0,{'1': '8-154'},1.0,{'1': '3-184'},1.0,{'1': '11-116'},,,1.0,{'1': '89-112'},,,1.0,{'1': '12-153'}
Q9SG02,1.0,{'1': '8-122'},,,1.0,{'1': '11-1174'},5.0,"{'1': '131-292', '2': '8-111', '3': '416-999', '4': '315-400', '5': '1021-1190'}",,,,,,,,
Q9SG79,,,,,1.0,{'1': '14-445'},1.0,{'1': '312-445'},,,1.0,{'1': '285-447'},,,,
Q9SG86,1.0,{'1': '192-250'},,,,,1.0,{'1': '192-249'},,,1.0,{'1': '190-253'},1.0,{'1': '187-252'},,
Q9SGC1,4.0,"{'1': '5-229', '2': '199-315', '3': '302-449', '4': '444-585'}",,,1.0,{'1': '4-585'},3.0,"{'1': '17-164', '2': '199-310', '3': '319-420'}",4.0,"{'1': '117-131', '2': '222-241', '3': '258-271', '4': '294-309'}",1.0,{'1': '118-127'},,,,
Q9SGD1,2.0,"{'1': '159-203', '2': '250-285'}",,,1.0,{'1': '46-331'},3.0,"{'1': '180-199', '2': '264-288', '3': '227-261'}",,,3.0,"{'1': '182-202', '2': '180-207', '3': '285-318'}",3.0,"{'1': '180-202', '2': '228-260', '3': '265-285'}",,
Q9SGE0,1.0,{'1': '18-371'},,,1.0,{'1': '18-373'},1.0,{'1': '20-290'},,,,,,,,
Q9SGH2,3.0,"{'1': '79-139', '2': '1277-1338', '3': '261-308'}",3.0,"{'1': '66-139', '2': '1276-1356', '3': '1130-1250'}",,,7.0,"{'1': '259-372', '2': '404-438', '3': '669-695', '4': '86-130', '5': '1290-1334', '6': '1627-1725', '7': '1372-1413'}",,,7.0,"{'1': '258-327', '2': '403-456', '3': '550-698', '4': '86-130', '5': '1290-1334', '6': '83-133', '7': '1287-1337'}",2.0,"{'1': '85-131', '2': '1289-1335'}",,
Q9SGH4,1.0,{'1': '110-220'},1.0,{'1': '82-220'},1.0,{'1': '11-220'},1.0,{'1': '1-220'},,,,,,,,
Q9SGP6,1.0,{'1': '33-136'},,,1.0,{'1': '33-137'},1.0,{'1': '44-109'},,,,,,,1.0,{'1': '35-137'}
Q9SGS4,2.0,"{'1': '77-174', '2': '180-289'}",,,1.0,{'1': '1-302'},2.0,"{'1': '78-173', '2': '208-287'}",,,,,,,,
Q9SGW3,,,,,1.0,{'1': '1-267'},1.0,{'1': '106-241'},,,1.0,{'1': '79-251'},,,,
Q9SHC8,1.0,{'1': '3-140'},1.0,{'1': '1-129'},1.0,{'1': '4-236'},1.0,{'1': '6-111'},,,1.0,{'1': '5-125'},,,,
Q9SHE7,2.0,"{'1': '1-76', '2': '79-152'}",,,1.0,{'1': '1-78'},2.0,"{'1': '3-74', '2': '79-149'}",3.0,"{'1': '11-31', '2': '32-52', '3': '53-74'}",4.0,"{'1': '1-76', '2': '77-152', '3': '27-52', '4': '103-128'}",2.0,"{'1': '1-72', '2': '77-148'}",,
Q9SHE8,1.0,{'1': '68-220'},1.0,{'1': '68-221'},1.0,{'1': '1-221'},1.0,{'1': '55-220'},,,,,,,,
Q9SHF3,2.0,"{'1': '655-965', '2': '363-521'}",1.0,{'1': '736-1014'},,,5.0,"{'1': '371-493', '2': '667-962', '3': '316-366', '4': '509-555', '5': '174-306'}",,,2.0,"{'1': '369-482', '2': '666-965'}",3.0,"{'1': '368-505', '2': '666-964', '3': '315-367'}",,
Q9SHH7,2.0,"{'1': '5-106', '2': '76-216'}",,,1.0,{'1': '8-207'},1.0,{'1': '5-76'},,,2.0,"{'1': '3-82', '2': '88-208'}",,,,
Q9SHS7,2.0,"{'1': '148-438', '2': '661-966'}",3.0,"{'1': '50-270', '2': '271-467', '3': '639-982'}",,,2.0,"{'1': '703-910', '2': '336-382'}",7.0,"{'1': '703-730', '2': '738-765', '3': '771-795', '4': '809-835', '5': '839-866', '6': '899-919', '7': '921-937'}",1.0,{'1': '772-777'},1.0,{'1': '675-959'},,
Q9SHV1,1.0,{'1': '31-436'},,,1.0,{'1': '23-528'},3.0,"{'1': '580-841', '2': '49-393', '3': '475-562'}",,,,,1.0,{'1': '453-803'},,
Q9SHY1,,,,,1.0,{'1': '1-368'},1.0,{'1': '89-340'},,,,,,,,
Q9SI52,1.0,{'1': '34-100'},,,1.0,{'1': '10-647'},1.0,{'1': '177-425'},,,1.0,{'1': '166-463'},,,,
Q9SIB9,1.0,{'1': '110-725'},3.0,"{'1': '753-989', '2': '96-464', '3': '465-688'}",1.0,{'1': '92-987'},2.0,"{'1': '789-916', '2': '157-660'}",9.0,"{'1': '239-252', '2': '263-271', '3': '292-305', '4': '306-321', '5': '368-381', '6': '382-395', '7': '464-478', '8': '529-540', '9': '591-604'}",2.0,"{'1': '525-541', '2': '591-604'}",,,1.0,{'1': '115-987'}
Q9SID0,1.0,{'1': '10-322'},1.0,{'1': '7-325'},1.0,{'1': '9-322'},1.0,{'1': '9-313'},2.0,"{'1': '35-54', '2': '230-241'}",2.0,"{'1': '40-64', '2': '259-272'}",,,,
Q9SIE3,1.0,{'1': '74-215'},,,1.0,{'1': '50-216'},1.0,{'1': '85-210'},,,,,,,1.0,{'1': '76-215'}
Q9SIF2,3.0,"{'1': '332-590', '2': '77-292', '3': '612-733'}",2.0,"{'1': '62-306', '2': '591-736'}",1.0,{'1': '58-754'},1.0,{'1': '264-758'},7.0,"{'1': '77-97', '2': '98-120', '3': '147-164', '4': '165-182', '5': '194-216', '6': '249-266', '7': '268-286'}",1.0,{'1': '97-106'},1.0,{'1': '99-261'},,
Q9SII8,2.0,"{'1': '505-547', '2': '8-103'}",,,1.0,{'1': '14-547'},2.0,"{'1': '20-88', '2': '509-545'}",,,2.0,"{'1': '18-87', '2': '504-548'}",6.0,"{'1': '18-89', '2': '143-184', '3': '197-236', '4': '373-410', '5': '414-449', '6': '509-547'}",,
Q9SII9,2.0,"{'1': '492-534', '2': '17-104'}",,,1.0,{'1': '17-534'},2.0,"{'1': '20-87', '2': '498-532'}",,,2.0,"{'1': '18-87', '2': '491-535'}",6.0,"{'1': '18-89', '2': '138-179', '3': '192-231', '4': '357-394', '5': '398-433', '6': '496-534'}",,
Q9SIJ7,4.0,"{'1': '52-119', '2': '522-624', '3': '625-760', '4': '126-391'}",2.0,"{'1': '624-728', '2': '126-401'}",1.0,{'1': '3-760'},5.0,"{'1': '57-95', '2': '124-391', '3': '522-620', '4': '635-722', '5': '404-508'}",,,,,,,,
Q9SIK2,,,,,1.0,{'1': '1-108'},1.0,{'1': '10-105'},,,,,,,,
Q9SIL6,1.0,{'1': '65-201'},1.0,{'1': '62-196'},1.0,{'1': '1-280'},1.0,{'1': '36-211'},7.0,"{'1': '77-93', '2': '95-114', '3': '118-136', '4': '141-157', '5': '164-183', '6': '189-212', '7': '212-228'}",,,1.0,{'1': '33-194'},,
Q9SIM9,,,1.0,{'1': '17-476'},,,,,,,,,3.0,"{'1': '215-246', '2': '346-371', '3': '372-397'}",,
Q9SIN1,3.0,"{'1': '220-310', '2': '328-455', '3': '495-690'}",1.0,{'1': '219-579'},1.0,{'1': '25-688'},1.0,{'1': '594-680'},,,1.0,{'1': '220-253'},6.0,"{'1': '220-253', '2': '254-287', '3': '412-445', '4': '458-491', '5': '492-525', '6': '526-559'}",,
Q9SIP7,2.0,"{'1': '10-99', '2': '93-191'}",2.0,"{'1': '1-91', '2': '93-219'}",1.0,{'1': '7-206'},2.0,"{'1': '106-188', '2': '20-94'}",,,1.0,{'1': '21-92'},,,1.0,{'1': '8-210'}
Q9SIU0,2.0,"{'1': '310-619', '2': '19-309'}",1.0,{'1': '44-307'},,,2.0,"{'1': '120-300', '2': '310-578'}",7.0,"{'1': '126-150', '2': '186-215', '3': '222-244', '4': '281-299', '5': '306-322', '6': '340-356', '7': '454-470'}",1.0,{'1': '306-322'},2.0,"{'1': '120-300', '2': '310-578'}",,
Q9SIU2,3.0,"{'1': '2-293', '2': '292-477', '3': '481-840'}",,,1.0,{'1': '3-841'},3.0,"{'1': '20-226', '2': '313-466', '3': '498-813'}",,,,,1.0,{'1': '8-228'},,
Q9SIV2,1.0,{'1': '45-755'},1.0,{'1': '353-794'},,,5.0,"{'1': '414-446', '2': '485-513', '3': '706-739', '4': '50-352', '5': '835-888'}",,,,,,,,
Q9SIX1,2.0,"{'1': '94-312', '2': '316-487'}",1.0,{'1': '117-486'},1.0,{'1': '54-509'},2.0,"{'1': '100-389', '2': '406-485'}",,,,,,,,
Q9SIZ2,3.0,"{'1': '10-92', '2': '94-199', '3': '203-319'}",3.0,"{'1': '6-94', '2': '95-198', '3': '205-327'}",1.0,{'1': '6-334'},2.0,"{'1': '18-92', '2': '130-260'}",,,1.0,{'1': '21-92'},1.0,{'1': '19-92'},,
Q9SJ12,,,,,1.0,{'1': '1-240'},1.0,{'1': '33-219'},,,,,,,,
Q9SJ36,1.0,{'1': '1-62'},1.0,{'1': '1-62'},1.0,{'1': '1-126'},1.0,{'1': '1-120'},,,1.0,{'1': '41-56'},,,,
Q9SJ40,2.0,"{'1': '387-604', '2': '26-298'}",3.0,"{'1': '336-617', '2': '791-907', '3': '19-332'}",,,4.0,"{'1': '842-877', '2': '882-924', '3': '373-607', '4': '674-778'}",,,3.0,"{'1': '385-536', '2': '548-756', '3': '842-877'}",,,,
Q9SJ56,1.0,{'1': '387-453'},,,1.0,{'1': '149-479'},2.0,"{'1': '190-332', '2': '403-442'}",,,1.0,{'1': '383-446'},2.0,"{'1': '386-450', '2': '184-333'}",,
Q9SJ66,2.0,"{'1': '282-409', '2': '10-223'}",1.0,{'1': '11-258'},1.0,{'1': '1-400'},2.0,"{'1': '9-260', '2': '283-410'}",,,,,,,2.0,"{'1': '11-219', '2': '9-262'}"
Q9SJ96,1.0,{'1': '3-134'},1.0,{'1': '3-135'},,,1.0,{'1': '61-112'},,,1.0,{'1': '66-80'},1.0,{'1': '59-112'},,
Q9SJA6,2.0,"{'1': '3-90', '2': '79-117'}",1.0,{'1': '1-95'},1.0,{'1': '2-170'},2.0,"{'1': '4-61', '2': '97-112'}",,,2.0,"{'1': '2-71', '2': '97-113'}",2.0,"{'1': '3-67', '2': '97-113'}",,
Q9SJB9,1.0,{'1': '2-143'},1.0,{'1': '2-145'},1.0,{'1': '1-145'},1.0,{'1': '32-93'},,,2.0,"{'1': '22-96', '2': '41-63'}",1.0,{'1': '28-110'},1.0,{'1': '14-110'}
Q9SJF0,2.0,"{'1': '159-449', '2': '671-976'}",4.0,"{'1': '87-208', '2': '209-324', '3': '329-472', '4': '650-990'}",,,2.0,"{'1': '714-921', '2': '347-393'}",7.0,"{'1': '714-741', '2': '749-776', '3': '782-806', '4': '820-846', '5': '850-877', '6': '910-930', '7': '932-948'}",1.0,{'1': '783-788'},1.0,{'1': '686-970'},,
Q9SJG4,,,,,1.0,{'1': '23-218'},1.0,{'1': '84-193'},,,1.0,{'1': '77-214'},,,,
Q9SJH0,,,,,1.0,{'1': '18-106'},,,,,,,,,,
Q9SJH7,1.0,{'1': '69-479'},2.0,"{'1': '107-461', '2': '322-427'}",1.0,{'1': '68-479'},1.0,{'1': '93-462'},6.0,"{'1': '219-232', '2': '273-288', '3': '295-323', '4': '348-368', '5': '410-426', '6': '430-444'}",1.0,{'1': '355-367'},,,,
Q9SJJ5,1.0,{'1': '1-79'},1.0,{'1': '1-83'},,,1.0,{'1': '4-70'},4.0,"{'1': '3-17', '2': '18-32', '3': '40-54', '4': '55-69'}",1.0,{'1': '6-24'},1.0,{'1': '3-72'},,
Q9SJK7,,,,,1.0,{'1': '34-135'},1.0,{'1': '42-132'},,,1.0,{'1': '43-97'},,,,
Q9SJL8,3.0,"{'1': '3-109', '2': '115-239', '3': '240-386'}",,,1.0,{'1': '2-388'},3.0,"{'1': '4-101', '2': '117-238', '3': '240-381'}",,,2.0,"{'1': '119-129', '2': '266-274'}",,,1.0,{'1': '5-386'}
Q9SJN0,1.0,{'1': '357-406'},,,1.0,{'1': '37-410'},1.0,{'1': '357-405'},,,2.0,"{'1': '360-375', '2': '355-407'}",1.0,{'1': '353-417'},,
Q9SJQ0,3.0,"{'1': '96-186', '2': '7-375', '3': '358-520'}",3.0,"{'1': '96-202', '2': '371-513', '3': '30-370'}",1.0,{'1': '22-512'},2.0,"{'1': '30-360', '2': '395-515'}",6.0,"{'1': '85-101', '2': '221-235', '3': '253-279', '4': '280-304', '5': '329-347', '6': '348-364'}",,,,,1.0,{'1': '30-516'}
Q9SJQ6,1.0,{'1': '571-1059'},1.0,{'1': '966-1054'},1.0,{'1': '103-1389'},2.0,"{'1': '1249-1277', '2': '1280-1380'}",,,,,2.0,"{'1': '866-1036', '2': '1037-1057'}",,
Q9SJR5,,,,,1.0,{'1': '29-327'},2.0,"{'1': '145-187', '2': '77-109'}",,,2.0,"{'1': '144-188', '2': '76-111'}",1.0,{'1': '75-111'},,
Q9SJT1,1.0,{'1': '6-503'},2.0,"{'1': '163-374', '2': '1-108'}",1.0,{'1': '5-510'},3.0,"{'1': '4-405', '2': '327-369', '3': '442-531'}",,,,,,,,
Q9SJT9,2.0,"{'1': '235-548', '2': '4-315'}",1.0,{'1': '1-319'},1.0,{'1': '6-332'},9.0,"{'1': '4-37', '2': '42-79', '3': '84-121', '4': '126-163', '5': '198-231', '6': '241-276', '7': '340-584', '8': '815-1218', '9': '605-767'}",3.0,"{'1': '108-122', '2': '150-164', '3': '263-277'}",7.0,"{'1': '5-46', '2': '47-88', '3': '89-130', '4': '131-164', '5': '200-241', '6': '244-285', '7': '150-164'}",7.0,"{'1': '2-37', '2': '40-79', '3': '82-121', '4': '124-163', '5': '193-232', '6': '237-276', '7': '279-317'}",,
Q9SJU0,1.0,{'1': '104-456'},2.0,"{'1': '983-1055', '2': '95-452'}",1.0,{'1': '102-983'},1.0,{'1': '110-421'},4.0,"{'1': '175-196', '2': '289-306', '3': '322-340', '4': '371-392'}",3.0,"{'1': '104-421', '2': '1011-1046', '3': '321-332'}",1.0,{'1': '102-429'},,
Q9SJU4,,,1.0,{'1': '35-398'},1.0,{'1': '54-399'},1.0,{'1': '55-399'},,,1.0,{'1': '260-270'},,,,
Q9SJW1,,,,,1.0,{'1': '58-288'},1.0,{'1': '74-156'},,,,,,,,
Q9SJW3,,,,,1.0,{'1': '1-116'},,,,,,,,,,
Q9SJW9,1.0,{'1': '98-245'},1.0,{'1': '463-567'},1.0,{'1': '9-559'},2.0,"{'1': '111-230', '2': '443-536'}",,,,,1.0,{'1': '111-243'},,
Q9SJZ6,,,,,1.0,{'1': '3-203'},1.0,{'1': '84-193'},,,,,,,,
Q9SJZ7,4.0,"{'1': '191-346', '2': '339-425', '3': '211-291', '4': '83-184'}",1.0,{'1': '83-189'},,,3.0,"{'1': '224-287', '2': '86-147', '3': '199-414'}",4.0,"{'1': '88-106', '2': '106-121', '3': '122-142', '4': '142-161'}",3.0,"{'1': '211-292', '2': '86-150', '3': '127-146'}",1.0,{'1': '85-142'},1.0,{'1': '86-430'}
Q9SK03,2.0,"{'1': '152-209', '2': '244-289'}",1.0,{'1': '152-210'},,,1.0,{'1': '153-201'},,,1.0,{'1': '153-209'},2.0,"{'1': '153-215', '2': '245-293'}",,
Q9SK22,1.0,{'1': '9-146'},1.0,{'1': '2-146'},1.0,{'1': '6-143'},1.0,{'1': '14-146'},,,1.0,{'1': '74-92'},,,,
Q9SK33,1.0,{'1': '142-206'},1.0,{'1': '122-207'},1.0,{'1': '35-209'},1.0,{'1': '146-203'},,,1.0,{'1': '147-206'},1.0,{'1': '145-205'},,
Q9SK53,,,,,1.0,{'1': '8-274'},2.0,"{'1': '5-47', '2': '229-271'}",,,3.0,"{'1': '3-50', '2': '46-93', '3': '229-271'}",2.0,"{'1': '3-50', '2': '51-93'}",,
Q9SK55,1.0,{'1': '19-166'},1.0,{'1': '27-171'},,,1.0,{'1': '20-143'},,,1.0,{'1': '18-167'},,,,
Q9SK87,3.0,"{'1': '7-194', '2': '336-383', '3': '173-347'}",,,,,2.0,"{'1': '211-335', '2': '39-170'}",,,1.0,{'1': '73-87'},,,,
Q9SKB2,1.0,{'1': '345-636'},1.0,{'1': '38-241'},1.0,{'1': '94-638'},3.0,"{'1': '350-632', '2': '183-202', '3': '112-171'}",,,3.0,"{'1': '347-641', '2': '160-182', '3': '485-497'}",1.0,{'1': '347-640'},,
Q9SKE2,,,,,1.0,{'1': '7-575'},2.0,"{'1': '353-424', '2': '440-553'}",,,,,,,,
Q9SKI0,1.0,{'1': '210-290'},1.0,{'1': '206-290'},1.0,{'1': '10-289'},1.0,{'1': '207-290'},,,,,1.0,{'1': '208-289'},,
Q9SKI2,,,,,1.0,{'1': '5-224'},1.0,{'1': '18-187'},,,,,,,,
Q9SKI4,4.0,"{'1': '1-110', '2': '197-309', '3': '314-442', '4': '464-637'}",4.0,"{'1': '4-114', '2': '196-306', '3': '309-448', '4': '449-639'}",,,4.0,"{'1': '216-294', '2': '5-103', '3': '483-634', '4': '320-424'}",,,,,,,1.0,{'1': '4-638'}
Q9SKN2,,,,,,,2.0,"{'1': '2-68', '2': '88-153'}",,,2.0,"{'1': '1-70', '2': '87-155'}",2.0,"{'1': '2-69', '2': '88-154'}",,
Q9SKT0,,,,,1.0,{'1': '4-289'},1.0,{'1': '67-271'},,,,,,,1.0,{'1': '66-268'}
Q9SKU1,,,,,1.0,{'1': '16-278'},1.0,{'1': '65-196'},,,,,,,,
Q9SKX4,1.0,{'1': '55-267'},,,1.0,{'1': '48-263'},1.0,{'1': '150-237'},,,1.0,{'1': '157-180'},,,1.0,{'1': '57-258'}
Q9SKY2,1.0,{'1': '54-124'},1.0,{'1': '33-133'},,,1.0,{'1': '57-129'},,,,,,,,
Q9SL05,,,,,1.0,{'1': '1-133'},,,,,,,,,,
Q9SL15,,,,,1.0,{'1': '1-108'},1.0,{'1': '1-82'},,,,,,,,
Q9SL67,1.0,{'1': '186-436'},2.0,"{'1': '110-177', '2': '178-358'}",1.0,{'1': '56-435'},3.0,"{'1': '225-358', '2': '112-166', '3': '380-424'}",,,1.0,{'1': '328-346'},1.0,{'1': '221-360'},,
Q9SLB9,,,,,1.0,{'1': '10-439'},1.0,{'1': '18-53'},,,,,,,,
Q9SLC3,,,1.0,{'1': '71-156'},,,1.0,{'1': '107-150'},,,1.0,{'1': '108-150'},1.0,{'1': '108-149'},,
Q9SLE2,,,1.0,{'1': '32-314'},1.0,{'1': '11-324'},1.0,{'1': '97-270'},,,,,,,,
Q9SLF3,1.0,{'1': '569-710'},1.0,{'1': '541-795'},1.0,{'1': '575-901'},2.0,"{'1': '575-737', '2': '932-1196'}",,,1.0,{'1': '572-801'},,,1.0,{'1': '451-1205'}
Q9SLH0,1.0,{'1': '177-301'},2.0,"{'1': '82-160', '2': '175-308'}",1.0,{'1': '14-558'},2.0,"{'1': '177-298', '2': '85-156'}",,,,,,,,
Q9SLH3,,,1.0,{'1': '42-107'},1.0,{'1': '173-576'},2.0,"{'1': '221-581', '2': '44-111'}",,,1.0,{'1': '212-581'},,,,
Q9SLJ2,,,,,1.0,{'1': '1-97'},,,,,,,,,,
Q9SLK2,,,,,1.0,{'1': '22-345'},1.0,{'1': '69-333'},,,,,,,,
Q9SMN1,1.0,{'1': '70-224'},,,1.0,{'1': '36-255'},,,,,,,,,,
Q9SMP0,1.0,{'1': '26-137'},1.0,{'1': '31-143'},1.0,{'1': '36-154'},1.0,{'1': '57-128'},,,,,,,,
Q9SMT7,,,2.0,"{'1': '5-409', '2': '410-511'}",,,2.0,"{'1': '11-374', '2': '425-500'}",,,1.0,{'1': '167-178'},,,,
Q9SMU7,1.0,{'1': '5-79'},1.0,{'1': '2-83'},1.0,{'1': '1-103'},1.0,{'1': '5-66'},,,,,,,,
Q9SMX3,,,1.0,{'1': '1-273'},1.0,{'1': '1-274'},1.0,{'1': '4-267'},,,1.0,{'1': '217-239'},,,,
Q9SN11,1.0,{'1': '56-186'},,,1.0,{'1': '74-280'},2.0,"{'1': '188-297', '2': '85-185'}",,,1.0,{'1': '86-117'},2.0,"{'1': '188-310', '2': '91-179'}",,
Q9SN12,1.0,{'1': '3-99'},,,1.0,{'1': '6-212'},2.0,"{'1': '6-52', '2': '59-102'}",,,4.0,"{'1': '1-52', '2': '53-103', '3': '1-56', '4': '58-107'}",2.0,"{'1': '5-54', '2': '57-105'}",,
Q9SN35,1.0,{'1': '9-182'},1.0,{'1': '6-212'},1.0,{'1': '9-212'},1.0,{'1': '15-175'},,,1.0,{'1': '2-214'},1.0,{'1': '16-173'},1.0,{'1': '12-170'}
Q9SN46,,,2.0,"{'1': '80-247', '2': '248-367'}",1.0,{'1': '16-722'},3.0,"{'1': '318-339', '2': '153-209', '3': '84-116'}",,,,,,,,
Q9SN51,,,1.0,{'1': '1-164'},1.0,{'1': '7-157'},1.0,{'1': '10-157'},,,,,,,,
Q9SN86,2.0,"{'1': '227-395', '2': '80-227'}",1.0,{'1': '228-399'},,,2.0,"{'1': '84-226', '2': '228-393'}",,,1.0,{'1': '227-239'},,,1.0,{'1': '84-395'}
Q9SNB4,1.0,{'1': '141-201'},,,1.0,{'1': '6-307'},1.0,{'1': '147-196'},,,1.0,{'1': '149-200'},,,1.0,{'1': '145-197'}
Q9SNC0,1.0,{'1': '27-80'},,,,,1.0,{'1': '26-135'},,,1.0,{'1': '25-101'},,,,
Q9SNC6,1.0,{'1': '355-635'},4.0,"{'1': '338-491', '2': '505-647', '3': '256-329', '4': '6-117'}",,,3.0,"{'1': '256-326', '2': '30-141', '3': '367-627'}",,,3.0,"{'1': '394-436', '2': '517-559', '3': '255-329'}",7.0,"{'1': '383-423', '2': '424-464', '3': '465-505', '4': '506-546', '5': '547-587', '6': '589-629', '7': '259-322'}",,
Q9SND6,1.0,{'1': '3-276'},,,1.0,{'1': '3-285'},1.0,{'1': '4-268'},,,3.0,"{'1': '3-268', '2': '127-139', '3': '9-36'}",1.0,{'1': '3-268'},,
Q9SNY3,1.0,{'1': '17-341'},,,1.0,{'1': '5-360'},1.0,{'1': '20-335'},,,,,,,1.0,{'1': '17-342'}
Q9SP08,2.0,"{'1': '6-175', '2': '148-234'}",1.0,{'1': '1-238'},1.0,{'1': '10-226'},2.0,"{'1': '18-148', '2': '151-215'}",,,,,,,,
Q9SPE6,1.0,{'1': '8-280'},1.0,{'1': '6-288'},1.0,{'1': '8-279'},1.0,{'1': '7-278'},7.0,"{'1': '28-47', '2': '91-108', '3': '119-136', '4': '152-175', '5': '183-202', '6': '224-244', '7': '255-275'}",1.0,{'1': '112-145'},2.0,"{'1': '53-86', '2': '112-145'}",,
Q9SPU7,1.0,{'1': '693-910'},,,1.0,{'1': '4-1123'},2.0,"{'1': '452-589', '2': '962-1089'}",3.0,"{'1': '559-573', '2': '683-699', '3': '796-812'}",1.0,{'1': '596-929'},1.0,{'1': '451-592'},,
Q9SQH9,,,1.0,{'1': '27-486'},,,1.0,{'1': '49-471'},,,1.0,{'1': '202-227'},,,1.0,{'1': '46-471'}
Q9SQI2,,,,,1.0,{'1': '4-1170'},1.0,{'1': '873-1168'},13.0,"{'1': '6-24', '2': '124-148', '3': '184-204', '4': '204-222', '5': '232-250', '6': '250-271', '7': '277-295', '8': '301-321', '9': '326-345', '10': '345-365', '11': '377-399', '12': '449-472', '13': '509-530'}",,,,,,
Q9SQI8,2.0,"{'1': '54-147', '2': '180-223'}",2.0,"{'1': '256-479', '2': '187-224'}",1.0,{'1': '43-480'},3.0,"{'1': '57-126', '2': '259-479', '3': '187-221'}",,,3.0,"{'1': '55-133', '2': '80-109', '3': '187-224'}",,,,
Q9SQK3,1.0,{'1': '153-307'},2.0,"{'1': '110-220', '2': '221-310'}",,,1.0,{'1': '199-280'},,,3.0,"{'1': '184-216', '2': '217-249', '3': '250-282'}",4.0,"{'1': '151-180', '2': '184-213', '3': '217-246', '4': '250-279'}",,
Q9SR06,1.0,{'1': '131-218'},3.0,"{'1': '99-330', '2': '332-444', '3': '19-98'}",1.0,{'1': '25-443'},3.0,"{'1': '330-442', '2': '137-325', '3': '27-115'}",,,,,,,,
Q9SR13,3.0,"{'1': '180-241', '2': '270-360', '3': '457-545'}",1.0,{'1': '450-530'},,,3.0,"{'1': '189-241', '2': '279-346', '3': '459-522'}",,,,,3.0,"{'1': '185-265', '2': '275-350', '3': '456-526'}",,
Q9SR19,,,,,1.0,{'1': '9-449'},3.0,"{'1': '85-142', '2': '288-435', '3': '155-264'}",,,,,,,,
Q9SR37,1.0,{'1': '31-510'},,,1.0,{'1': '40-512'},1.0,{'1': '38-511'},5.0,"{'1': '337-351', '2': '414-422', '3': '437-448', '4': '459-476', '5': '483-495'}",1.0,{'1': '44-58'},,,,
Q9SR73,1.0,{'1': '2-64'},1.0,{'1': '1-64'},1.0,{'1': '1-64'},1.0,{'1': '4-63'},,,1.0,{'1': '55-63'},,,,
Q9SR82,,,3.0,"{'1': '116-229', '2': '230-343', '3': '350-563'}",1.0,{'1': '276-582'},10.0,"{'1': '78-107', '2': '149-175', '3': '351-379', '4': '380-410', '5': '452-477', '6': '176-213', '7': '276-324', '8': '593-685', '9': '497-557', '10': '562-589'}",,,5.0,"{'1': '75-109', '2': '176-210', '3': '246-276', '4': '277-311', '5': '347-381'}",,,5.0,"{'1': '78-108', '2': '178-212', '3': '251-279', '4': '279-312', '5': '352-380'}"
Q9SR96,2.0,"{'1': '194-303', '2': '22-125'}",1.0,{'1': '24-174'},1.0,{'1': '10-570'},1.0,{'1': '27-88'},4.0,"{'1': '29-47', '2': '47-62', '3': '63-83', '4': '83-102'}",2.0,"{'1': '27-91', '2': '68-87'}",1.0,{'1': '26-83'},,
Q9SRH5,,,1.0,{'1': '1-275'},1.0,{'1': '1-276'},1.0,{'1': '4-269'},,,1.0,{'1': '219-241'},,,,
Q9SRH6,1.0,{'1': '46-171'},1.0,{'1': '43-167'},1.0,{'1': '5-284'},1.0,{'1': '10-182'},,,,,1.0,{'1': '5-165'},,
Q9SRI1,1.0,{'1': '7-287'},1.0,{'1': '2-302'},1.0,{'1': '1-301'},6.0,"{'1': '7-37', '2': '47-85', '3': '94-132', '4': '147-191', '5': '205-241', '6': '259-286'}",3.0,"{'1': '73-87', '2': '179-193', '3': '229-243'}",2.0,"{'1': '52-86', '2': '206-243'}",6.0,"{'1': '2-39', '2': '45-86', '3': '92-133', '4': '139-192', '5': '199-242', '6': '248-287'}",,
Q9SRK7,,,,,1.0,{'1': '21-566'},2.0,"{'1': '124-240', '2': '277-529'}",,,,,,,,
Q9SRM4,1.0,{'1': '181-244'},1.0,{'1': '190-241'},1.0,{'1': '9-244'},2.0,"{'1': '193-239', '2': '12-137'}",,,2.0,"{'1': '193-239', '2': '190-242'}",1.0,{'1': '192-240'},,
Q9SRQ0,,,,,1.0,{'1': '118-294'},1.0,{'1': '129-242'},,,,,,,,
Q9SRQ3,,,1.0,{'1': '119-231'},1.0,{'1': '5-248'},1.0,{'1': '9-246'},,,,,,,,
Q9SRQ7,1.0,{'1': '168-356'},2.0,"{'1': '8-182', '2': '241-425'}",1.0,{'1': '11-478'},1.0,{'1': '14-381'},,,,,,,,
Q9SRQ8,,,1.0,{'1': '134-208'},1.0,{'1': '41-267'},1.0,{'1': '158-201'},,,1.0,{'1': '159-201'},1.0,{'1': '159-200'},,
Q9SRR0,,,,,1.0,{'1': '132-304'},,,,,,,,,,
Q9SRS9,1.0,{'1': '9-108'},2.0,"{'1': '5-140', '2': '178-275'}",,,2.0,"{'1': '200-272', '2': '79-107'}",,,1.0,{'1': '199-273'},4.0,"{'1': '203-266', '2': '10-43', '3': '44-77', '4': '78-111'}",,
Q9SRT9,1.0,{'1': '23-253'},,,1.0,{'1': '14-354'},1.0,{'1': '18-352'},,,,,,,,
Q9SRV5,2.0,"{'1': '3-395', '2': '397-759'}",2.0,"{'1': '5-525', '2': '390-758'}",,,2.0,"{'1': '432-755', '2': '3-316'}",,,,,,,1.0,{'1': '6-760'}
Q9SRX2,1.0,{'1': '3-144'},1.0,{'1': '2-56'},1.0,{'1': '1-186'},2.0,"{'1': '4-54', '2': '56-146'}",,,1.0,{'1': '7-26'},1.0,{'1': '3-146'},,
Q9SRZ6,,,,,1.0,{'1': '3-408'},1.0,{'1': '7-400'},,,1.0,{'1': '271-290'},1.0,{'1': '11-400'},1.0,{'1': '5-409'}
Q9SS45,1.0,{'1': '16-707'},2.0,"{'1': '520-641', '2': '7-253'}",1.0,{'1': '16-707'},1.0,{'1': '54-534'},,,1.0,{'1': '190-206'},,,1.0,{'1': '16-697'}
Q9SS94,2.0,"{'1': '231-516', '2': '523-797'}",2.0,"{'1': '223-409', '2': '523-793'}",1.0,{'1': '21-744'},4.0,"{'1': '270-408', '2': '566-694', '3': '434-468', '4': '716-755'}",,,2.0,"{'1': '380-398', '2': '664-682'}",2.0,"{'1': '266-412', '2': '561-696'}",,
Q9SS98,,,,,1.0,{'1': '21-155'},1.0,{'1': '35-146'},,,1.0,{'1': '60-82'},,,,
Q9SSF8,2.0,"{'1': '56-325', '2': '345-527'}",,,1.0,{'1': '50-490'},3.0,"{'1': '60-317', '2': '363-425', '3': '435-497'}",,,11.0,"{'1': '59-317', '2': '360-395', '3': '396-431', '4': '432-467', '5': '468-503', '6': '179-191', '7': '65-88', '8': '373-385', '9': '409-421', '10': '445-457', '11': '481-493'}",5.0,"{'1': '59-317', '2': '364-392', '3': '400-428', '4': '436-464', '5': '472-500'}",,
Q9SSJ0,1.0,{'1': '182-293'},1.0,{'1': '174-294'},,,2.0,"{'1': '215-281', '2': '31-158'}",,,1.0,{'1': '213-291'},1.0,{'1': '214-287'},,
Q9SSL1,1.0,{'1': '3-157'},1.0,{'1': '2-163'},1.0,{'1': '3-163'},1.0,{'1': '6-93'},,,1.0,{'1': '1-106'},1.0,{'1': '7-102'},,
Q9SSL9,1.0,{'1': '813-1108'},4.0,"{'1': '29-188', '2': '189-285', '3': '286-411', '4': '412-746'}",1.0,{'1': '507-1108'},15.0,"{'1': '829-1105', '2': '172-192', '3': '220-240', '4': '268-290', '5': '316-338', '6': '436-457', '7': '460-482', '8': '507-529', '9': '531-553', '10': '604-624', '11': '656-674', '12': '676-691', '13': '699-719', '14': '100-154', '15': '29-72'}",,,4.0,"{'1': '827-1115', '2': '676-698', '3': '950-962', '4': '833-855'}",10.0,"{'1': '827-1107', '2': '98-122', '3': '146-170', '4': '171-194', '5': '314-338', '6': '362-386', '7': '459-482', '8': '553-577', '9': '674-696', '10': '697-721'}",,
Q9SSM4,,,,,1.0,{'1': '13-200'},1.0,{'1': '12-173'},,,,,,,,
Q9SSM7,,,1.0,{'1': '22-209'},1.0,{'1': '49-201'},1.0,{'1': '57-201'},,,,,,,,
Q9SSN3,1.0,{'1': '4-148'},1.0,{'1': '1-176'},,,1.0,{'1': '8-172'},,,1.0,{'1': '7-170'},1.0,{'1': '8-146'},,
Q9SSR2,1.0,{'1': '35-146'},,,1.0,{'1': '15-179'},1.0,{'1': '35-106'},2.0,"{'1': '53-68', '2': '112-123'}",,,,,1.0,{'1': '24-176'}
Q9STE8,,,,,1.0,{'1': '130-815'},4.0,"{'1': '486-805', '2': '154-245', '3': '366-447', '4': '254-365'}",,,,,,,1.0,{'1': '102-818'}
Q9STF2,1.0,{'1': '92-210'},,,,,1.0,{'1': '98-309'},,,,,,,,
Q9STG2,,,,,1.0,{'1': '20-143'},2.0,"{'1': '32-73', '2': '85-132'}",,,,,,,,
Q9STG9,2.0,"{'1': '87-323', '2': '323-536'}",2.0,"{'1': '87-529', '2': '347-511'}",,,2.0,"{'1': '361-457', '2': '168-285'}",,,1.0,{'1': '87-307'},,,1.0,{'1': '87-529'}
Q9STH1,3.0,"{'1': '1-113', '2': '228-357', '3': '368-481'}",3.0,"{'1': '1-115', '2': '227-363', '3': '367-487'}",,,5.0,"{'1': '71-103', '2': '267-292', '3': '438-470', '4': '132-184', '5': '499-550'}",,,7.0,"{'1': '2-35', '2': '36-69', '3': '70-103', '4': '230-263', '5': '369-402', '6': '403-436', '7': '437-470'}",11.0,"{'1': '131-170', '2': '507-546', '3': '2-35', '4': '36-69', '5': '70-103', '6': '230-263', '7': '264-297', '8': '305-342', '9': '369-402', '10': '403-436', '11': '437-470'}",,
Q9STK4,,,,,1.0,{'1': '10-122'},1.0,{'1': '29-109'},,,,,1.0,{'1': '28-111'},,
Q9STM3,2.0,"{'1': '1282-1324', '2': '1314-1348'}",,,,,2.0,"{'1': '234-351', '2': '21-54'}",,,8.0,"{'1': '203-369', '2': '20-61', '3': '1268-1290', '4': '1298-1320', '5': '1328-1352', '6': '1266-1295', '7': '1296-1325', '8': '1326-1357'}",6.0,"{'1': '200-369', '2': '19-60', '3': '1243-1265', '4': '1266-1290', '5': '1296-1320', '6': '1326-1352'}",,
Q9STN3,2.0,"{'1': '418-456', '2': '469-528'}",5.0,"{'1': '273-315', '2': '420-477', '3': '480-529', '4': '694-760', '5': '163-266'}",1.0,{'1': '70-1018'},10.0,"{'1': '183-265', '2': '480-507', '3': '90-177', '4': '274-400', '5': '428-477', '6': '595-647', '7': '714-755', '8': '988-1037', '9': '936-985', '10': '536-587'}",,,1.0,{'1': '429-446'},7.0,"{'1': '273-300', '2': '425-452', '3': '477-504', '4': '601-628', '5': '712-739', '6': '988-1015', '7': '181-268'}",,
Q9STR4,1.0,{'1': '27-443'},2.0,"{'1': '78-331', '2': '43-436'}",1.0,{'1': '18-439'},1.0,{'1': '55-437'},,,1.0,{'1': '282-295'},,,,
Q9STS3,2.0,"{'1': '180-316', '2': '339-505'}",2.0,"{'1': '3-335', '2': '336-546'}",,,2.0,"{'1': '7-278', '2': '340-371'}",,,3.0,"{'1': '339-372', '2': '373-406', '3': '407-440'}",6.0,"{'1': '339-372', '2': '373-406', '3': '407-440', '4': '441-476', '5': '477-510', '6': '518-551'}",,
Q9STV4,1.0,{'1': '6-280'},,,,,2.0,"{'1': '9-262', '2': '304-362'}",,,4.0,"{'1': '9-262', '2': '128-140', '3': '15-47', '4': '302-326'}",1.0,{'1': '9-262'},,
Q9STW6,4.0,"{'1': '455-611', '2': '578-675', '3': '79-259', '4': '262-453'}",2.0,"{'1': '451-576', '2': '578-677'}",1.0,{'1': '80-642'},1.0,{'1': '80-674'},,,3.0,"{'1': '83-90', '2': '267-280', '3': '408-422'}",,,1.0,{'1': '79-674'}
Q9STX3,1.0,{'1': '23-83'},,,1.0,{'1': '15-143'},1.0,{'1': '32-73'},,,,,,,,
Q9STX5,3.0,"{'1': '344-624', '2': '77-286', '3': '643-765'}",2.0,"{'1': '63-301', '2': '631-777'}",1.0,{'1': '56-791'},1.0,{'1': '258-796'},7.0,"{'1': '77-97', '2': '98-120', '3': '149-166', '4': '167-184', '5': '192-214', '6': '244-261', '7': '262-280'}",1.0,{'1': '97-106'},1.0,{'1': '99-256'},,
Q9STY0,,,,,,,1.0,{'1': '6-225'},,,,,,,,
Q9STY6,1.0,{'1': '22-119'},1.0,{'1': '8-121'},1.0,{'1': '19-121'},1.0,{'1': '24-118'},3.0,"{'1': '22-35', '2': '57-72', '3': '79-93'}",1.0,{'1': '46-61'},1.0,{'1': '24-118'},1.0,{'1': '21-119'}
Q9SU13,2.0,"{'1': '32-177', '2': '191-329'}",2.0,"{'1': '24-169', '2': '170-329'}",1.0,{'1': '9-394'},2.0,"{'1': '37-130', '2': '199-328'}",,,2.0,"{'1': '26-174', '2': '187-326'}",2.0,"{'1': '62-162', '2': '225-329'}",,
Q9SU30,1.0,{'1': '3-50'},,,1.0,{'1': '4-349'},2.0,"{'1': '4-40', '2': '88-350'}",,,1.0,{'1': '1-48'},1.0,{'1': '4-44'},1.0,{'1': '96-333'}
Q9SU35,1.0,{'1': '80-160'},1.0,{'1': '77-161'},1.0,{'1': '6-160'},1.0,{'1': '78-161'},,,,,1.0,{'1': '78-160'},,
Q9SU63,1.0,{'1': '53-530'},2.0,"{'1': '72-528', '2': '310-499'}",,,1.0,{'1': '66-528'},,,2.0,"{'1': '332-343', '2': '304-311'}",,,,
Q9SU71,1.0,{'1': '35-194'},1.0,{'1': '12-245'},1.0,{'1': '4-615'},2.0,"{'1': '41-195', '2': '397-606'}",,,,,,,,
Q9SU72,1.0,{'1': '104-194'},1.0,{'1': '23-243'},1.0,{'1': '4-617'},2.0,"{'1': '82-195', '2': '393-612'}",,,,,,,,
Q9SU78,1.0,{'1': '133-458'},1.0,{'1': '33-475'},1.0,{'1': '48-473'},5.0,"{'1': '195-228', '2': '266-301', '3': '314-346', '4': '356-395', '5': '56-122'}",,,4.0,"{'1': '268-310', '2': '313-346', '3': '362-395', '4': '215-229'}",5.0,"{'1': '188-228', '2': '261-301', '3': '306-346', '4': '355-395', '5': '410-457'}",,
Q9SU81,1.0,{'1': '54-434'},1.0,{'1': '60-443'},,,1.0,{'1': '60-394'},,,,,,,,
Q9SU83,1.0,{'1': '103-475'},1.0,{'1': '109-483'},,,1.0,{'1': '109-435'},,,,,,,,
Q9SU94,1.0,{'1': '75-389'},1.0,{'1': '60-212'},1.0,{'1': '43-377'},2.0,"{'1': '111-197', '2': '213-377'}",,,1.0,{'1': '69-390'},,,,
Q9SUA1,,,,,1.0,{'1': '198-748'},1.0,{'1': '677-730'},,,1.0,{'1': '676-731'},,,,
Q9SUA4,,,,,1.0,{'1': '24-752'},1.0,{'1': '52-714'},,,,,,,2.0,"{'1': '29-720', '2': '35-716'}"
Q9SUI4,1.0,{'1': '61-218'},1.0,{'1': '56-219'},1.0,{'1': '1-219'},1.0,{'1': '61-212'},,,,,,,,
Q9SUI5,1.0,{'1': '99-124'},1.0,{'1': '47-130'},1.0,{'1': '1-129'},1.0,{'1': '52-128'},,,1.0,{'1': '100-117'},,,1.0,{'1': '48-130'}
Q9SUI6,,,,,1.0,{'1': '1-145'},1.0,{'1': '7-145'},,,,,,,,
Q9SUM2,1.0,{'1': '8-77'},,,1.0,{'1': '3-79'},1.0,{'1': '10-73'},,,1.0,{'1': '7-79'},1.0,{'1': '10-75'},,
Q9SUN5,1.0,{'1': '7-146'},,,1.0,{'1': '1-193'},1.0,{'1': '9-83'},,,1.0,{'1': '4-88'},1.0,{'1': '7-84'},,
Q9SUP0,,,,,1.0,{'1': '18-179'},1.0,{'1': '15-168'},,,,,,,1.0,{'1': '20-179'}
Q9SUP6,1.0,{'1': '156-218'},1.0,{'1': '146-220'},1.0,{'1': '10-244'},1.0,{'1': '158-217'},,,1.0,{'1': '152-215'},1.0,{'1': '157-219'},,
Q9SUQ4,1.0,{'1': '20-300'},1.0,{'1': '20-304'},,,1.0,{'1': '25-300'},,,,,,,,
Q9SUQ9,,,1.0,{'1': '1-149'},1.0,{'1': '1-150'},1.0,{'1': '2-150'},,,,,1.0,{'1': '2-151'},,
Q9SUR0,,,1.0,{'1': '1-149'},1.0,{'1': '1-151'},1.0,{'1': '2-150'},,,,,1.0,{'1': '2-151'},,
Q9SUR3,,,,,1.0,{'1': '64-265'},1.0,{'1': '90-244'},,,1.0,{'1': '89-274'},,,,
Q9SUR9,2.0,"{'1': '136-248', '2': '2-113'}",2.0,"{'1': '150-241', '2': '1-126'}",1.0,{'1': '1-348'},4.0,"{'1': '153-228', '2': '268-348', '3': '38-68', '4': '71-102'}",,,4.0,"{'1': '149-238', '2': '260-350', '3': '2-35', '4': '36-69'}",3.0,"{'1': '2-35', '2': '36-69', '3': '70-103'}",,
Q9SUS3,3.0,"{'1': '781-893', '2': '664-778', '3': '8-581'}",3.0,"{'1': '4-592', '2': '778-893', '3': '664-776'}",1.0,{'1': '2-838'},3.0,"{'1': '14-534', '2': '668-772', '3': '784-891'}",,,,,2.0,"{'1': '663-773', '2': '782-893'}",,
Q9SUT5,2.0,"{'1': '147-252', '2': '2-113'}",2.0,"{'1': '159-249', '2': '1-116'}",1.0,{'1': '1-356'},3.0,"{'1': '161-236', '2': '276-356', '3': '70-102'}",,,4.0,"{'1': '157-246', '2': '268-358', '3': '2-35', '4': '70-103'}",3.0,"{'1': '2-35', '2': '36-69', '3': '70-103'}",,
Q9SUT9,,,,,1.0,{'1': '57-261'},1.0,{'1': '86-240'},,,1.0,{'1': '85-271'},,,,
Q9SUU5,1.0,{'1': '4-117'},1.0,{'1': '5-112'},1.0,{'1': '3-122'},1.0,{'1': '16-109'},,,,,,,,
Q9SV20,1.0,{'1': '18-637'},1.0,{'1': '16-533'},1.0,{'1': '5-947'},3.0,"{'1': '19-479', '2': '669-807', '3': '813-940'}",,,,,,,,
Q9SV55,,,,,1.0,{'1': '2-411'},1.0,{'1': '386-409'},,,,,,,,
Q9SVC2,1.0,{'1': '41-268'},,,1.0,{'1': '68-298'},2.0,"{'1': '250-301', '2': '41-201'}",,,2.0,"{'1': '213-275', '2': '219-258'}",2.0,"{'1': '208-275', '2': '38-164'}",,
Q9SVC4,,,,,1.0,{'1': '3-60'},,,,,,,,,,
Q9SVC6,1.0,{'1': '106-407'},2.0,"{'1': '93-414', '2': '1-84'}",1.0,{'1': '3-429'},2.0,"{'1': '7-76', '2': '97-433'}",,,1.0,{'1': '6-81'},1.0,{'1': '10-74'},,
Q9SVD7,1.0,{'1': '11-146'},1.0,{'1': '4-146'},,,1.0,{'1': '44-134'},,,1.0,{'1': '13-146'},,,,
Q9SVM8,1.0,{'1': '34-145'},1.0,{'1': '29-157'},1.0,{'1': '33-151'},1.0,{'1': '37-107'},,,1.0,{'1': '35-113'},1.0,{'1': '36-109'},,
Q9SVU5,,,1.0,{'1': '21-348'},1.0,{'1': '29-359'},1.0,{'1': '33-343'},,,,,,,,
Q9SVV6,1.0,{'1': '373-429'},,,1.0,{'1': '182-406'},2.0,"{'1': '156-235', '2': '282-350'}",2.0,"{'1': '192-220', '2': '312-321'}",1.0,{'1': '378-390'},,,,
Q9SVW8,,,1.0,{'1': '203-508'},1.0,{'1': '328-495'},3.0,"{'1': '408-427', '2': '457-475', '3': '240-324'}",,,5.0,"{'1': '247-268', '2': '270-291', '3': '293-314', '4': '316-337', '5': '456-477'}",8.0,"{'1': '245-267', '2': '268-289', '3': '291-313', '4': '314-336', '5': '337-360', '6': '383-405', '7': '406-429', '8': '454-476'}",,
Q9SVY1,1.0,{'1': '283-321'},,,1.0,{'1': '18-375'},3.0,"{'1': '217-236', '2': '300-324', '3': '263-297'}",,,3.0,"{'1': '219-239', '2': '217-244', '3': '301-321'}",2.0,"{'1': '217-239', '2': '301-321'}",,
Q9SW09,,,1.0,{'1': '1-104'},1.0,{'1': '1-163'},1.0,{'1': '3-94'},,,,,,,,
Q9SW18,1.0,{'1': '83-294'},1.0,{'1': '86-312'},,,1.0,{'1': '215-310'},,,1.0,{'1': '1-311'},,,1.0,{'1': '89-308'}
Q9SW27,1.0,{'1': '2-97'},,,1.0,{'1': '1-118'},1.0,{'1': '5-116'},,,1.0,{'1': '7-73'},,,,
Q9SWG3,,,,,1.0,{'1': '46-674'},3.0,"{'1': '66-154', '2': '555-591', '3': '275-368'}",,,1.0,{'1': '555-591'},1.0,{'1': '566-593'},,
Q9SWH5,,,,,1.0,{'1': '41-558'},1.0,{'1': '92-531'},,,,,,,,
Q9SWI1,,,,,1.0,{'1': '214-406'},,,,,,,,,,
Q9SX22,,,1.0,{'1': '84-166'},1.0,{'1': '32-163'},1.0,{'1': '112-158'},,,,,,,,
Q9SX77,,,,,1.0,{'1': '59-257'},1.0,{'1': '7-257'},,,,,,,,
Q9SXB6,,,,,1.0,{'1': '6-531'},1.0,{'1': '7-499'},,,,,,,,
Q9SXJ6,1.0,{'1': '83-258'},,,1.0,{'1': '49-261'},1.0,{'1': '84-257'},5.0,"{'1': '85-100', '2': '125-145', '3': '156-173', '4': '177-196', '5': '234-253'}",2.0,"{'1': '156-167', '2': '178-191'}",,,,
Q9SXS7,1.0,{'1': '7-313'},2.0,"{'1': '13-306', '2': '49-151'}",1.0,{'1': '7-316'},1.0,{'1': '11-298'},,,1.0,{'1': '37-55'},,,2.0,"{'1': '11-310', '2': '11-310'}"
Q9SY09,1.0,{'1': '4-115'},,,1.0,{'1': '4-114'},1.0,{'1': '5-69'},,,1.0,{'1': '2-74'},1.0,{'1': '5-70'},,
Q9SY77,3.0,"{'1': '174-253', '2': '255-340', '3': '3-127'}",1.0,{'1': '3-126'},1.0,{'1': '1-346'},2.0,"{'1': '4-67', '2': '174-331'}",4.0,"{'1': '6-24', '2': '24-39', '3': '42-62', '4': '62-81'}",2.0,"{'1': '4-70', '2': '47-66'}",1.0,{'1': '3-62'},,
Q9SY97,,,,,1.0,{'1': '8-269'},1.0,{'1': '64-242'},,,,,,,,
Q9SYA9,,,,,1.0,{'1': '29-368'},2.0,"{'1': '155-245', '2': '300-365'}",,,,,,,,
Q9SYH2,1.0,{'1': '10-74'},1.0,{'1': '10-77'},1.0,{'1': '6-171'},1.0,{'1': '7-126'},,,,,,,,
Q9SYL9,1.0,{'1': '100-232'},1.0,{'1': '94-237'},1.0,{'1': '91-236'},1.0,{'1': '104-221'},,,1.0,{'1': '195-217'},,,1.0,{'1': '99-229'}
Q9SYM5,2.0,"{'1': '3-332', '2': '385-660'}",,,,,2.0,"{'1': '10-315', '2': '386-556'}",,,,,,,1.0,{'1': '8-328'}
Q9SYP1,7.0,"{'1': '2046-2161', '2': '449-693', '3': '700-912', '4': '1236-1537', '5': '1539-1750', '6': '912-1017', '7': '1750-1851'}",8.0,"{'1': '492-705', '2': '706-907', '3': '1314-1543', '4': '1544-1749', '5': '1205-1313', '6': '2044-2162', '7': '914-1005', '8': '1750-1846'}",1.0,{'1': '379-1231'},9.0,"{'1': '800-883', '2': '1006-1309', '3': '1839-2157', '4': '507-684', '5': '1352-1524', '6': '267-377', '7': '117-182', '8': '914-990', '9': '1752-1833'}",,,3.0,"{'1': '731-941', '2': '514-697', '3': '1360-1537'}",8.0,"{'1': '770-884', '2': '1634-1722', '3': '519-701', '4': '1365-1558', '5': '1005-1310', '6': '1839-2158', '7': '501-713', '8': '1347-1553'}",,
Q9SYP2,1.0,{'1': '13-559'},1.0,{'1': '234-549'},,,1.0,{'1': '88-452'},,,,,,,1.0,{'1': '14-560'}
Q9SYQ0,,,1.0,{'1': '359-463'},1.0,{'1': '289-459'},,,,,,,,,,
Q9SYQ8,1.0,{'1': '683-967'},4.0,"{'1': '24-185', '2': '186-279', '3': '280-348', '4': '349-623'}",1.0,{'1': '236-968'},9.0,"{'1': '694-967', '2': '242-264', '3': '290-312', '4': '362-382', '5': '386-408', '6': '459-479', '7': '481-502', '8': '530-588', '9': '26-67'}",,,2.0,"{'1': '692-968', '2': '813-825'}",7.0,"{'1': '692-967', '2': '143-167', '3': '264-287', '4': '288-312', '5': '336-360', '6': '479-503', '7': '551-575'}",,
Q9SYT0,1.0,{'1': '3-316'},4.0,"{'1': '1-82', '2': '83-153', '3': '165-241', '4': '242-317'}",,,4.0,"{'1': '16-79', '2': '88-152', '3': '170-222', '4': '246-311'}",8.0,"{'1': '25-47', '2': '65-81', '3': '92-113', '4': '255-275', '5': '299-312', '6': '119-133', '7': '161-181', '8': '227-245'}",5.0,"{'1': '259-311', '2': '11-82', '3': '83-154', '4': '166-238', '5': '242-313'}",4.0,"{'1': '28-80', '2': '100-152', '3': '183-232', '4': '259-311'}",,
Q9SYU4,,,1.0,{'1': '299-377'},1.0,{'1': '27-379'},2.0,"{'1': '326-365', '2': '41-266'}",,,2.0,"{'1': '327-365', '2': '342-351'}",1.0,{'1': '327-364'},,
Q9SYW8,,,,,1.0,{'1': '10-255'},1.0,{'1': '61-227'},,,,,,,,
Q9SZ05,2.0,"{'1': '14-105', '2': '298-384'}",1.0,{'1': '10-108'},1.0,{'1': '12-380'},1.0,{'1': '16-105'},,,1.0,{'1': '14-107'},2.0,"{'1': '16-107', '2': '303-395'}",,
Q9SZ15,,,1.0,{'1': '2-152'},1.0,{'1': '1-415'},2.0,"{'1': '12-148', '2': '376-413'}",,,,,,,,
Q9SZA4,1.0,{'1': '146-433'},1.0,{'1': '85-433'},1.0,{'1': '26-453'},1.0,{'1': '132-429'},,,5.0,"{'1': '178-219', '2': '262-303', '3': '310-354', '4': '398-431', '5': '417-431'}",7.0,"{'1': '125-166', '2': '171-210', '3': '213-250', '4': '255-294', '5': '303-345', '6': '348-388', '7': '391-430'}",,
Q9SZB7,,,1.0,{'1': '345-600'},1.0,{'1': '1-643'},2.0,"{'1': '272-588', '2': '54-215'}",,,,,,,,
Q9SZC9,4.0,"{'1': '397-485', '2': '373-893', '3': '149-204', '4': '594-912'}",2.0,"{'1': '588-856', '2': '607-737'}",,,2.0,"{'1': '152-208', '2': '383-486'}",,,3.0,"{'1': '148-222', '2': '154-183', '3': '598-604'}",,,3.0,"{'1': '355-618', '2': '636-885', '3': '318-915'}"
Q9SZD4,1.0,{'1': '186-436'},2.0,"{'1': '110-177', '2': '178-358'}",1.0,{'1': '56-435'},3.0,"{'1': '225-358', '2': '112-166', '3': '380-424'}",,,1.0,{'1': '328-346'},1.0,{'1': '221-360'},,
Q9SZD6,6.0,"{'1': '519-571', '2': '757-808', '3': '130-206', '4': '243-319', '5': '572-713', '6': '810-951'}",4.0,"{'1': '122-210', '2': '239-323', '3': '575-712', '4': '813-950'}",1.0,{'1': '111-633'},4.0,"{'1': '135-205', '2': '244-311', '3': '572-713', '4': '809-951'}",,,5.0,"{'1': '136-205', '2': '248-318', '3': '527-542', '4': '765-780', '5': '591-601'}",2.0,"{'1': '134-205', '2': '246-318'}",3.0,"{'1': '518-611', '2': '607-730', '3': '757-858'}"
Q9SZE4,,,,,1.0,{'1': '4-202'},1.0,{'1': '19-188'},,,,,,,,
Q9SZG1,,,1.0,{'1': '105-292'},1.0,{'1': '72-418'},1.0,{'1': '105-378'},,,,,,,,
Q9SZG3,,,,,1.0,{'1': '1-86'},1.0,{'1': '53-79'},,,,,,,,
Q9SZI2,1.0,{'1': '29-297'},,,1.0,{'1': '32-311'},1.0,{'1': '53-298'},,,,,,,,
Q9SZJ5,1.0,{'1': '44-508'},2.0,"{'1': '84-357', '2': '59-504'}",1.0,{'1': '38-510'},1.0,{'1': '55-452'},,,1.0,{'1': '278-294'},,,,
Q9SZM3,2.0,"{'1': '24-298', '2': '322-461'}",,,1.0,{'1': '18-453'},3.0,"{'1': '24-282', '2': '330-389', '3': '399-461'}",,,11.0,"{'1': '24-282', '2': '325-360', '3': '361-396', '4': '397-432', '5': '436-466', '6': '144-156', '7': '30-53', '8': '338-350', '9': '374-386', '10': '410-422', '11': '444-456'}",5.0,"{'1': '24-282', '2': '329-357', '3': '365-393', '4': '401-429', '5': '435-463'}",,
Q9SZN1,1.0,{'1': '93-382'},,,1.0,{'1': '11-486'},3.0,"{'1': '146-376', '2': '23-89', '3': '382-481'}",,,1.0,{'1': '367-376'},,,1.0,{'1': '19-486'}
Q9SZN7,1.0,{'1': '25-92'},,,,,1.0,{'1': '31-87'},,,1.0,{'1': '25-89'},,,,
Q9SZP8,,,,,1.0,{'1': '2-438'},1.0,{'1': '6-346'},,,,,,,,
Q9SZQ5,1.0,{'1': '9-320'},1.0,{'1': '5-321'},1.0,{'1': '7-321'},1.0,{'1': '34-319'},3.0,"{'1': '33-47', '2': '258-272', '3': '306-320'}",7.0,"{'1': '10-55', '2': '56-97', '3': '154-195', '4': '196-238', '5': '239-280', '6': '281-321', '7': '258-272'}",7.0,"{'1': '2-46', '2': '49-88', '3': '91-131', '4': '134-186', '5': '189-229', '6': '232-271', '7': '274-319'}",,
Q9SZR9,1.0,{'1': '62-283'},1.0,{'1': '53-285'},1.0,{'1': '29-626'},3.0,"{'1': '67-220', '2': '369-574', '3': '249-316'}",,,2.0,"{'1': '37-292', '2': '192-206'}",1.0,{'1': '76-269'},,
Q9SZY1,,,1.0,{'1': '74-127'},1.0,{'1': '25-211'},2.0,"{'1': '68-123', '2': '172-211'}",,,1.0,{'1': '65-130'},1.0,{'1': '68-124'},,
Q9T014,2.0,"{'1': '300-558', '2': '718-1034'}",1.0,{'1': '695-1036'},1.0,{'1': '10-1036'},2.0,"{'1': '808-844', '2': '895-928'}",3.0,"{'1': '788-802', '2': '831-845', '3': '915-929'}",7.0,"{'1': '200-550', '2': '786-810', '3': '811-853', '4': '897-930', '5': '788-802', '6': '831-845', '7': '915-929'}",7.0,"{'1': '712-751', '2': '762-801', '3': '804-844', '4': '847-886', '5': '890-928', '6': '939-978', '7': '994-1034'}",,
Q9T029,,,,,1.0,{'1': '1-108'},1.0,{'1': '10-105'},,,,,,,,
Q9T041,1.0,{'1': '46-836'},2.0,"{'1': '28-156', '2': '163-307'}",1.0,{'1': '29-844'},2.0,"{'1': '722-855', '2': '40-322'}",,,,,,,,
Q9T043,1.0,{'1': '5-93'},1.0,{'1': '1-84'},1.0,{'1': '1-131'},1.0,{'1': '45-117'},,,,,,,,
Q9T053,1.0,{'1': '39-187'},1.0,{'1': '28-173'},1.0,{'1': '34-856'},4.0,"{'1': '42-164', '2': '366-399', '3': '706-731', '4': '779-848'}",,,3.0,"{'1': '27-163', '2': '364-399', '3': '704-731'}",3.0,"{'1': '43-162', '2': '364-399', '3': '704-731'}",,
Q9T065,1.0,{'1': '10-428'},2.0,"{'1': '63-318', '2': '29-423'}",1.0,{'1': '4-427'},1.0,{'1': '41-424'},,,1.0,{'1': '269-282'},,,,
Q9T074,1.0,{'1': '149-347'},2.0,"{'1': '149-355', '2': '356-650'}",1.0,{'1': '77-671'},1.0,{'1': '150-617'},,,1.0,{'1': '386-401'},,,1.0,{'1': '148-669'}
Q9T075,,,1.0,{'1': '316-387'},1.0,{'1': '2-387'},2.0,"{'1': '150-291', '2': '330-372'}",,,4.0,"{'1': '330-374', '2': '112-144', '3': '150-207', '4': '330-374'}",2.0,"{'1': '150-207', '2': '203-297'}",,
Q9T091,1.0,{'1': '42-155'},2.0,"{'1': '1-155', '2': '157-303'}",1.0,{'1': '1-299'},1.0,{'1': '8-283'},,,,,,,,
Q9T0A7,1.0,{'1': '1-341'},,,,,1.0,{'1': '6-329'},,,,,,,1.0,{'1': '5-339'}
Q9T0D3,1.0,{'1': '57-149'},1.0,{'1': '52-150'},,,1.0,{'1': '60-149'},3.0,"{'1': '60-83', '2': '98-110', '3': '111-123'}",1.0,{'1': '99-123'},1.0,{'1': '56-149'},,
Q9XE58,,,,,1.0,{'1': '333-758'},1.0,{'1': '393-764'},,,1.0,{'1': '384-765'},,,,
Q9XEC3,1.0,{'1': '284-352'},1.0,{'1': '276-353'},1.0,{'1': '92-507'},1.0,{'1': '293-350'},,,1.0,{'1': '286-352'},1.0,{'1': '291-351'},,
Q9XEC6,1.0,{'1': '325-620'},2.0,"{'1': '24-127', '2': '145-246'}",,,3.0,"{'1': '341-604', '2': '30-125', '3': '156-244'}",,,5.0,"{'1': '340-612', '2': '23-128', '3': '139-246', '4': '461-473', '5': '346-368'}",1.0,{'1': '340-646'},,
Q9XED8,1.0,{'1': '108-245'},1.0,{'1': '113-217'},1.0,{'1': '8-611'},4.0,"{'1': '116-218', '2': '263-344', '3': '505-559', '4': '569-611'}",,,2.0,"{'1': '116-218', '2': '523-623'}",1.0,{'1': '116-218'},,
Q9XEE2,1.0,{'1': '2-316'},4.0,"{'1': '1-82', '2': '83-154', '3': '165-241', '4': '242-317'}",,,4.0,"{'1': '16-79', '2': '87-152', '3': '171-235', '4': '248-311'}",9.0,"{'1': '25-47', '2': '65-81', '3': '92-113', '4': '174-200', '5': '255-275', '6': '299-312', '7': '119-133', '8': '161-181', '9': '227-245'}",5.0,"{'1': '259-311', '2': '11-82', '3': '83-154', '4': '166-238', '5': '242-313'}",4.0,"{'1': '28-80', '2': '100-152', '3': '185-236', '4': '259-311'}",,
Q9XEX2,1.0,{'1': '1-162'},,,1.0,{'1': '1-162'},1.0,{'1': '6-159'},,,1.0,{'1': '4-162'},,,,
Q9XF57,1.0,{'1': '11-309'},1.0,{'1': '4-309'},1.0,{'1': '1-315'},3.0,"{'1': '61-89', '2': '97-134', '3': '151-264'}",3.0,"{'1': '165-179', '2': '208-222', '3': '252-266'}",5.0,"{'1': '102-144', '2': '145-187', '3': '188-230', '4': '232-265', '5': '208-222'}",6.0,"{'1': '49-89', '2': '95-135', '3': '138-178', '4': '181-221', '5': '225-265', '6': '269-309'}",,
Q9XF87,,,,,1.0,{'1': '4-266'},1.0,{'1': '67-232'},,,,,,,,
Q9XF89,,,,,1.0,{'1': '23-270'},1.0,{'1': '82-243'},,,,,,,,
Q9XF91,,,,,,,1.0,{'1': '84-208'},,,,,,,,
Q9XFD1,1.0,{'1': '25-144'},1.0,{'1': '4-150'},1.0,{'1': '2-254'},1.0,{'1': '36-106'},,,1.0,{'1': '34-112'},1.0,{'1': '35-108'},,
Q9XFH4,2.0,"{'1': '184-431', '2': '435-721'}",2.0,"{'1': '437-735', '2': '203-432'}",,,2.0,"{'1': '205-502', '2': '525-638'}",,,2.0,"{'1': '528-695', '2': '214-382'}",2.0,"{'1': '554-638', '2': '198-393'}",,
Q9XFH9,1.0,{'1': '73-182'},,,,,1.0,{'1': '80-179'},,,2.0,"{'1': '59-184', '2': '101-119'}",,,,
Q9XFM6,1.0,{'1': '67-170'},1.0,{'1': '72-171'},1.0,{'1': '22-172'},1.0,{'1': '76-169'},,,,,1.0,{'1': '75-171'},,
Q9XFR5,1.0,{'1': '6-174'},2.0,"{'1': '2-88', '2': '108-186'}",1.0,{'1': '1-258'},2.0,"{'1': '9-76', '2': '111-173'}",,,2.0,"{'1': '7-82', '2': '109-187'}",2.0,"{'1': '8-78', '2': '110-183'}",,
Q9XFS9,2.0,"{'1': '373-466', '2': '80-229'}",,,1.0,{'1': '73-467'},3.0,"{'1': '83-211', '2': '225-308', '3': '340-462'}",,,,,,,1.0,{'1': '81-464'}
Q9XGM1,,,,,1.0,{'1': '1-261'},1.0,{'1': '17-208'},,,,,,,1.0,{'1': '9-211'}
Q9XGM2,1.0,{'1': '10-348'},2.0,"{'1': '5-310', '2': '311-409'}",,,2.0,"{'1': '10-254', '2': '300-452'}",,,,,1.0,{'1': '299-452'},1.0,{'1': '8-401'}
Q9XGM3,2.0,"{'1': '206-460', '2': '6-151'}",5.0,"{'1': '194-363', '2': '558-752', '3': '753-942', '4': '9-178', '5': '364-450'}",1.0,{'1': '15-758'},5.0,"{'1': '16-186', '2': '211-378', '3': '638-657', '4': '964-1113', '5': '453-518'}",,,1.0,{'1': '14-175'},1.0,{'1': '15-149'},,
Q9XGM8,1.0,{'1': '107-441'},1.0,{'1': '104-327'},1.0,{'1': '10-437'},1.0,{'1': '13-443'},,,,,,,,
Q9XGN1,1.0,{'1': '24-296'},2.0,"{'1': '3-208', '2': '209-338'}",1.0,{'1': '10-341'},2.0,"{'1': '170-202', '2': '256-292'}",,,3.0,"{'1': '171-211', '2': '260-294', '3': '280-294'}",4.0,"{'1': '64-109', '2': '116-161', '3': '164-202', '4': '253-293'}",,
Q9XGR4,2.0,"{'1': '137-291', '2': '307-463'}",,,,,2.0,"{'1': '320-419', '2': '215-304'}",,,2.0,"{'1': '390-425', '2': '403-415'}",,,,
Q9XGW1,2.0,"{'1': '613-946', '2': '331-491'}",1.0,{'1': '694-988'},,,6.0,"{'1': '363-467', '2': '626-944', '3': '285-335', '4': '477-523', '5': '534-611', '6': '140-275'}",,,2.0,"{'1': '338-451', '2': '625-946'}",3.0,"{'1': '341-473', '2': '625-946', '3': '284-336'}",,
Q9XGY4,1.0,{'1': '21-76'},1.0,{'1': '2-77'},,,1.0,{'1': '13-75'},,,,,,,,
Q9XHZ8,1.0,{'1': '145-257'},1.0,{'1': '134-288'},1.0,{'1': '1-325'},1.0,{'1': '153-256'},,,1.0,{'1': '161-220'},1.0,{'1': '161-259'},,
Q9XI01,4.0,"{'1': '32-142', '2': '147-252', '3': '261-359', '4': '332-482'}",,,,,2.0,"{'1': '32-138', '2': '376-479'}",,,4.0,"{'1': '12-141', '2': '354-482', '3': '51-69', '4': '396-414'}",,,3.0,"{'1': '37-139', '2': '380-480', '3': '32-501'}"
Q9XI07,2.0,"{'1': '175-276', '2': '400-452'}",1.0,{'1': '182-269'},,,3.0,"{'1': '402-443', '2': '187-265', '3': '585-658'}",,,4.0,"{'1': '340-394', '2': '402-445', '3': '176-274', '4': '398-449'}",1.0,{'1': '399-447'},,
Q9XI84,2.0,"{'1': '305-479', '2': '46-302'}",1.0,{'1': '298-463'},1.0,{'1': '44-434'},1.0,{'1': '313-439'},,,2.0,"{'1': '59-282', '2': '1-482'}",,,,
Q9XI87,2.0,"{'1': '145-430', '2': '41-128'}",1.0,{'1': '12-136'},1.0,{'1': '76-425'},2.0,"{'1': '166-420', '2': '43-127'}",3.0,"{'1': '237-250', '2': '275-293', '3': '391-413'}",4.0,"{'1': '162-427', '2': '70-102', '3': '281-293', '4': '168-189'}",2.0,"{'1': '162-427', '2': '70-99'}",,
Q9XI93,,,,,1.0,{'1': '19-128'},,,,,,,,,,
Q9XIB5,1.0,{'1': '122-223'},1.0,{'1': '106-226'},1.0,{'1': '59-223'},1.0,{'1': '129-222'},,,1.0,{'1': '129-223'},1.0,{'1': '129-223'},,
Q9XIE2,2.0,"{'1': '178-459', '2': '889-1105'}",2.0,"{'1': '174-473', '2': '881-1116'}",,,8.0,"{'1': '187-368', '2': '895-1047', '3': '523-734', '4': '1193-1406', '5': '740-802', '6': '112-162', '7': '402-458', '8': '1076-1136'}",,,2.0,"{'1': '171-444', '2': '867-1119'}",2.0,"{'1': '196-428', '2': '904-1096'}",,
Q9XIK0,,,,,1.0,{'1': '29-178'},,,,,,,,,,
Q9XIP7,,,,,1.0,{'1': '12-465'},2.0,"{'1': '143-210', '2': '286-456'}",,,,,,,,
Q9XIR1,1.0,{'1': '3-39'},,,1.0,{'1': '2-357'},2.0,"{'1': '5-40', '2': '99-331'}",,,,,1.0,{'1': '8-49'},,
Q9XIR8,,,,,1.0,{'1': '1-72'},1.0,{'1': '12-69'},,,,,1.0,{'1': '10-69'},,
Q9XIW0,1.0,{'1': '21-316'},,,,,2.0,"{'1': '25-280', '2': '305-361'}",,,4.0,"{'1': '25-280', '2': '145-157', '3': '31-54', '4': '302-326'}",1.0,{'1': '25-280'},,
Q9XJ27,1.0,{'1': '83-208'},1.0,{'1': '74-208'},1.0,{'1': '78-208'},1.0,{'1': '87-208'},,,1.0,{'1': '147-165'},,,,
Q9XJ35,1.0,{'1': '167-356'},,,1.0,{'1': '127-357'},1.0,{'1': '173-354'},4.0,"{'1': '171-186', '2': '211-231', '3': '251-268', '4': '330-349'}",,,,,,
Q9XJ36,1.0,{'1': '83-263'},,,1.0,{'1': '57-265'},1.0,{'1': '86-261'},5.0,"{'1': '89-104', '2': '129-149', '3': '160-177', '4': '181-200', '5': '238-257'}",,,,,,
Q9ZNR6,1.0,{'1': '46-289'},1.0,{'1': '22-311'},1.0,{'1': '17-303'},1.0,{'1': '31-232'},,,2.0,"{'1': '226-244', '2': '33-314'}",,,,
Q9ZNT1,2.0,"{'1': '39-150', '2': '137-277'}",1.0,{'1': '139-281'},1.0,{'1': '36-281'},2.0,"{'1': '158-264', '2': '50-148'}",3.0,"{'1': '157-176', '2': '195-206', '3': '251-259'}",1.0,{'1': '45-149'},,,,
Q9ZNT7,1.0,{'1': '67-203'},1.0,{'1': '65-198'},1.0,{'1': '5-283'},1.0,{'1': '38-213'},7.0,"{'1': '79-95', '2': '97-116', '3': '120-138', '4': '143-159', '5': '166-185', '6': '191-214', '7': '214-230'}",,,1.0,{'1': '35-196'},,
Q9ZNV9,1.0,{'1': '5-140'},1.0,{'1': '1-154'},1.0,{'1': '5-142'},1.0,{'1': '44-126'},,,1.0,{'1': '38-143'},,,,
Q9ZNZ7,2.0,"{'1': '106-532', '2': '1344-1603'}",4.0,"{'1': '532-898', '2': '580-1306', '3': '106-642', '4': '1328-1603'}",1.0,{'1': '102-1589'},4.0,"{'1': '1354-1596', '2': '906-1291', '3': '555-847', '4': '106-528'}",,,1.0,{'1': '106-505'},,,,
Q9ZP54,3.0,"{'1': '397-484', '2': '634-768', '3': '489-616'}",5.0,"{'1': '390-492', '2': '624-767', '3': '2-107', '4': '108-214', '5': '303-362'}",1.0,{'1': '112-981'},8.0,"{'1': '397-471', '2': '11-87', '3': '117-186', '4': '634-764', '5': '522-600', '6': '778-979', '7': '303-342', '8': '244-301'}",,,6.0,"{'1': '394-484', '2': '8-91', '3': '114-186', '4': '633-751', '5': '511-611', '6': '758-983'}",4.0,"{'1': '396-474', '2': '11-88', '3': '117-191', '4': '522-605'}",,
Q9ZPH2,4.0,"{'1': '2-95', '2': '154-255', '3': '284-383', '4': '389-487'}",,,1.0,{'1': '1-254'},4.0,"{'1': '166-229', '2': '296-359', '3': '403-467', '4': '16-102'}",,,1.0,{'1': '1-107'},,,3.0,"{'1': '155-250', '2': '286-380', '3': '391-487'}"
Q9ZPI1,2.0,"{'1': '84-229', '2': '258-608'}",2.0,"{'1': '88-230', '2': '254-625'}",,,2.0,"{'1': '258-607', '2': '141-220'}",5.0,"{'1': '295-305', '2': '311-327', '3': '340-353', '4': '358-375', '5': '492-508'}",1.0,{'1': '280-609'},,,1.0,{'1': '240-609'}
Q9ZPJ8,,,1.0,{'1': '30-492'},,,1.0,{'1': '55-479'},,,1.0,{'1': '211-236'},,,1.0,{'1': '52-479'}
Q9ZPS9,1.0,{'1': '819-1126'},1.0,{'1': '83-727'},1.0,{'1': '430-1082'},12.0,"{'1': '841-1050', '2': '401-422', '3': '448-470', '4': '497-518', '5': '613-633', '6': '637-658', '7': '660-682', '8': '129-189', '9': '206-264', '10': '277-338', '11': '37-75', '12': '548-608'}",,,4.0,"{'1': '838-1129', '2': '178-200', '3': '962-974', '4': '844-867'}",6.0,"{'1': '838-1124', '2': '251-275', '3': '325-349', '4': '446-470', '5': '494-518', '6': '634-658'}",,
Q9ZPW2,1.0,{'1': '19-168'},,,1.0,{'1': '17-192'},1.0,{'1': '8-189'},,,1.0,{'1': '6-192'},1.0,{'1': '27-191'},,
Q9ZPX0,,,1.0,{'1': '90-143'},,,1.0,{'1': '94-128'},,,2.0,"{'1': '94-119', '2': '88-124'}",1.0,{'1': '88-140'},,
Q9ZPX5,3.0,"{'1': '277-395', '2': '39-470', '3': '491-632'}",2.0,"{'1': '287-390', '2': '49-456'}",1.0,{'1': '38-632'},2.0,"{'1': '49-445', '2': '500-632'}",,,1.0,{'1': '83-92'},,,2.0,"{'1': '46-632', '2': '49-632'}"
Q9ZPY8,1.0,{'1': '390-453'},1.0,{'1': '384-455'},1.0,{'1': '34-543'},2.0,"{'1': '395-441', '2': '48-239'}",,,1.0,{'1': '391-440'},1.0,{'1': '397-446'},,
Q9ZPY9,3.0,"{'1': '400-562', '2': '28-108', '3': '93-184'}",,,1.0,{'1': '44-538'},3.0,"{'1': '265-513', '2': '40-107', '3': '115-185'}",2.0,"{'1': '44-64', '2': '87-108'}",3.0,"{'1': '255-547', '2': '35-106', '3': '113-188'}",2.0,"{'1': '35-106', '2': '111-184'}",,
Q9ZQ19,2.0,"{'1': '42-167', '2': '211-277'}",2.0,"{'1': '35-169', '2': '207-278'}",1.0,{'1': '37-274'},2.0,"{'1': '73-148', '2': '163-271'}",,,,,,,,
Q9ZQ70,2.0,"{'1': '247-308', '2': '406-474'}",2.0,"{'1': '234-309', '2': '399-475'}",1.0,{'1': '332-491'},2.0,"{'1': '250-306', '2': '415-472'}",,,2.0,"{'1': '244-308', '2': '409-474'}",2.0,"{'1': '249-307', '2': '414-473'}",,
Q9ZQ80,,,,,1.0,{'1': '52-150'},,,,,,,,,,
Q9ZQH2,1.0,{'1': '12-101'},1.0,{'1': '1-104'},1.0,{'1': '2-182'},1.0,{'1': '10-79'},,,,,,,,
Q9ZQX4,1.0,{'1': '15-99'},1.0,{'1': '9-122'},,,1.0,{'1': '15-116'},,,,,,,1.0,{'1': '9-124'}
Q9ZQX6,4.0,"{'1': '180-276', '2': '375-545', '3': '520-671', '4': '697-879'}",4.0,"{'1': '174-320', '2': '359-548', '3': '602-780', '4': '781-887'}",1.0,{'1': '1-887'},,,,,,,5.0,"{'1': '381-414', '2': '511-544', '3': '603-636', '4': '711-744', '5': '840-873'}",,
Q9ZQY6,1.0,{'1': '72-454'},1.0,{'1': '68-471'},1.0,{'1': '1-474'},1.0,{'1': '60-470'},,,,,,,,
Q9ZR03,1.0,{'1': '57-228'},1.0,{'1': '94-229'},1.0,{'1': '48-217'},2.0,"{'1': '133-195', '2': '56-103'}",3.0,"{'1': '152-163', '2': '173-185', '3': '185-197'}",1.0,{'1': '115-211'},,,,
Q9ZR72,4.0,"{'1': '359-607', '2': '1015-1263', '3': '30-352', '4': '688-1010'}",5.0,"{'1': '358-608', '2': '1013-1264', '3': '31-622', '4': '680-989', '5': '990-1267'}",1.0,{'1': '20-610'},4.0,"{'1': '386-535', '2': '1043-1191', '3': '46-317', '4': '704-971'}",,,6.0,"{'1': '368-604', '2': '1024-1260', '3': '46-333', '4': '701-988', '5': '507-521', '6': '1163-1177'}",2.0,"{'1': '395-581', '2': '1051-1243'}",,
Q9ZRD6,1.0,{'1': '1-139'},,,,,2.0,"{'1': '47-112', '2': '140-193'}",,,3.0,"{'1': '157-176', '2': '7-123', '3': '139-199'}",1.0,{'1': '45-127'},,
Q9ZRT5,2.0,"{'1': '1-88', '2': '84-218'}",,,1.0,{'1': '2-245'},1.0,{'1': '2-76'},,,2.0,"{'1': '2-83', '2': '90-233'}",,,,
Q9ZRW8,2.0,"{'1': '4-107', '2': '76-216'}",,,1.0,{'1': '8-207'},1.0,{'1': '5-76'},,,2.0,"{'1': '3-82', '2': '88-208'}",,,,
Q9ZSA2,2.0,"{'1': '78-355', '2': '377-517'}",,,1.0,{'1': '75-506'},3.0,"{'1': '80-338', '2': '384-445', '3': '455-517'}",,,11.0,"{'1': '80-338', '2': '380-415', '3': '416-451', '4': '452-487', '5': '488-522', '6': '200-212', '7': '86-113', '8': '393-405', '9': '429-441', '10': '465-477', '11': '500-512'}",5.0,"{'1': '80-338', '2': '384-412', '3': '420-448', '4': '456-484', '5': '491-519'}",,
Q9ZSI6,1.0,{'1': '40-279'},,,,,1.0,{'1': '42-273'},,,1.0,{'1': '186-196'},,,,
Q9ZSI7,1.0,{'1': '231-299'},1.0,{'1': '222-300'},1.0,{'1': '90-450'},1.0,{'1': '239-297'},,,1.0,{'1': '233-299'},1.0,{'1': '238-298'},,
Q9ZSK4,,,1.0,{'1': '1-139'},1.0,{'1': '2-138'},1.0,{'1': '7-138'},,,1.0,{'1': '5-139'},1.0,{'1': '12-139'},,
Q9ZSM8,1.0,{'1': '608-825'},1.0,{'1': '608-824'},1.0,{'1': '24-855'},3.0,"{'1': '718-821', '2': '646-677', '3': '185-229'}",,,3.0,"{'1': '707-822', '2': '1-856', '3': '594-693'}",3.0,"{'1': '489-539', '2': '707-828', '3': '642-679'}",,
Q9ZST4,1.0,{'1': '75-185'},1.0,{'1': '62-196'},1.0,{'1': '42-192'},1.0,{'1': '76-180'},4.0,"{'1': '75-90', '2': '96-114', '3': '126-149', '4': '157-177'}",2.0,"{'1': '74-186', '2': '157-170'}",1.0,{'1': '77-179'},,
Q9ZSZ8,,,,,1.0,{'1': '25-304'},1.0,{'1': '127-280'},,,,,,,,
Q9ZT48,1.0,{'1': '326-482'},,,1.0,{'1': '16-630'},2.0,"{'1': '29-101', '2': '328-470'}",,,,,,,,
Q9ZT63,2.0,"{'1': '52-321', '2': '326-397'}",1.0,{'1': '54-319'},1.0,{'1': '5-398'},2.0,"{'1': '324-397', '2': '59-320'}",,,,,,,1.0,{'1': '55-398'}
Q9ZT82,,,,,,,3.0,"{'1': '877-1678', '2': '159-271', '3': '688-869'}",,,,,1.0,{'1': '157-273'},,
Q9ZT91,3.0,"{'1': '263-358', '2': '363-453', '3': '63-283'}",1.0,{'1': '57-260'},1.0,{'1': '59-453'},3.0,"{'1': '65-258', '2': '359-452', '3': '282-354'}",5.0,"{'1': '69-82', '2': '113-121', '3': '133-143', '4': '149-160', '5': '186-195'}",2.0,"{'1': '65-261', '2': '106-121'}",,,2.0,"{'1': '57-453', '2': '68-204'}"
Q9ZTC3,1.0,{'1': '7-104'},,,1.0,{'1': '5-125'},2.0,"{'1': '10-57', '2': '63-108'}",,,4.0,"{'1': '5-57', '2': '58-108', '3': '5-57', '4': '58-112'}",2.0,"{'1': '9-59', '2': '62-110'}",,
Q9ZTP3,3.0,"{'1': '639-762', '2': '352-433', '3': '421-601'}",2.0,"{'1': '158-332', '2': '431-615'}",,,4.0,"{'1': '644-750', '2': '183-331', '3': '369-432', '4': '40-137'}",,,1.0,{'1': '643-761'},3.0,"{'1': '642-761', '2': '181-341', '3': '367-432'}",,
Q9ZTW3,1.0,{'1': '6-121'},,,1.0,{'1': '4-215'},2.0,"{'1': '32-111', '2': '130-210'}",3.0,"{'1': '135-154', '2': '155-174', '3': '191-210'}",3.0,"{'1': '148-167', '2': '10-114', '3': '130-190'}",1.0,{'1': '31-113'},,
Q9ZU25,2.0,"{'1': '77-286', '2': '293-497'}",,,1.0,{'1': '69-493'},2.0,"{'1': '240-422', '2': '89-234'}",,,1.0,{'1': '108-131'},,,,
Q9ZU32,1.0,{'1': '151-333'},2.0,"{'1': '163-323', '2': '54-331'}",1.0,{'1': '38-347'},2.0,"{'1': '151-332', '2': '64-149'}",,,,,,,1.0,{'1': '51-333'}
Q9ZU38,1.0,{'1': '32-182'},,,1.0,{'1': '22-264'},1.0,{'1': '82-256'},,,,,,,1.0,{'1': '36-259'}
Q9ZU46,1.0,{'1': '409-708'},2.0,"{'1': '16-72', '2': '73-282'}",1.0,{'1': '131-709'},6.0,"{'1': '410-704', '2': '89-111', '3': '161-182', '4': '186-208', '5': '216-233', '6': '21-61'}",,,2.0,"{'1': '404-711', '2': '528-540'}",4.0,"{'1': '409-691', '2': '87-111', '3': '135-159', '4': '184-208'}",,
Q9ZU52,,,1.0,{'1': '34-390'},1.0,{'1': '46-391'},1.0,{'1': '47-391'},,,1.0,{'1': '252-262'},,,,
Q9ZU66,1.0,{'1': '24-195'},2.0,"{'1': '16-111', '2': '112-200'}",1.0,{'1': '14-357'},2.0,"{'1': '27-97', '2': '114-185'}",,,2.0,"{'1': '25-103', '2': '112-191'}",2.0,"{'1': '26-99', '2': '113-187'}",,
Q9ZUA5,,,,,1.0,{'1': '16-249'},1.0,{'1': '35-245'},,,,,,,,
Q9ZUF4,1.0,{'1': '63-364'},,,1.0,{'1': '48-367'},1.0,{'1': '91-363'},,,2.0,"{'1': '87-367', '2': '213-225'}",1.0,{'1': '87-363'},,
Q9ZUI4,2.0,"{'1': '17-245', '2': '217-298'}",1.0,{'1': '15-300'},1.0,{'1': '22-297'},2.0,"{'1': '46-180', '2': '222-287'}",,,,,,,,
Q9ZUL5,2.0,"{'1': '191-439', '2': '345-740'}",3.0,"{'1': '449-523', '2': '567-756', '3': '212-448'}",,,2.0,"{'1': '216-517', '2': '589-701'}",,,2.0,"{'1': '592-742', '2': '226-404'}",2.0,"{'1': '618-701', '2': '209-414'}",,
Q9ZUM1,,,,,,,1.0,{'1': '373-476'},,,,,,,,
Q9ZUN8,1.0,{'1': '137-451'},1.0,{'1': '3-461'},1.0,{'1': '11-461'},4.0,"{'1': '265-298', '2': '305-340', '3': '354-389', '4': '43-109'}",,,2.0,"{'1': '265-307', '2': '356-398'}",5.0,"{'1': '149-188', '2': '212-252', '3': '256-298', '4': '302-342', '5': '349-389'}",,
Q9ZUP3,1.0,{'1': '29-296'},,,1.0,{'1': '32-315'},1.0,{'1': '53-297'},,,,,,,,
Q9ZUT0,1.0,{'1': '128-350'},1.0,{'1': '123-353'},1.0,{'1': '66-742'},3.0,"{'1': '134-286', '2': '452-659', '3': '315-395'}",,,2.0,"{'1': '98-358', '2': '258-272'}",1.0,{'1': '143-335'},1.0,{'1': '89-754'}
Q9ZUU1,1.0,{'1': '53-271'},1.0,{'1': '41-273'},1.0,{'1': '49-268'},,,5.0,"{'1': '55-68', '2': '83-97', '3': '134-150', '4': '219-234', '5': '236-250'}",1.0,{'1': '134-145'},,,1.0,{'1': '53-271'}
Q9ZUU9,1.0,{'1': '115-350'},1.0,{'1': '108-351'},1.0,{'1': '107-712'},2.0,"{'1': '139-283', '2': '443-653'}",,,1.0,{'1': '114-356'},1.0,{'1': '143-333'},,
Q9ZUV0,,,,,,,2.0,"{'1': '278-408', '2': '20-59'}",,,1.0,{'1': '354-397'},,,,
Q9ZUY6,1.0,{'1': '19-372'},,,1.0,{'1': '19-374'},1.0,{'1': '20-290'},,,,,,,,
Q9ZUZ2,2.0,"{'1': '134-421', '2': '432-584'}",,,1.0,{'1': '127-568'},1.0,{'1': '143-405'},,,4.0,"{'1': '143-405', '2': '446-481', '3': '267-279', '4': '149-175'}",1.0,{'1': '143-405'},,
Q9ZV15,2.0,"{'1': '134-393', '2': '432-571'}",,,1.0,{'1': '126-563'},3.0,"{'1': '134-391', '2': '440-500', '3': '509-571'}",,,11.0,"{'1': '134-392', '2': '435-470', '3': '471-506', '4': '507-542', '5': '545-576', '6': '254-266', '7': '140-167', '8': '448-460', '9': '484-496', '10': '520-532', '11': '554-566'}",5.0,"{'1': '134-392', '2': '439-467', '3': '475-503', '4': '511-539', '5': '545-573'}",,
Q9ZV24,,,,,1.0,{'1': '5-144'},,,,,,,,,,
Q9ZV31,1.0,{'1': '357-642'},3.0,"{'1': '343-647', '2': '256-329', '3': '8-116'}",,,3.0,"{'1': '257-326', '2': '31-140', '3': '357-632'}",,,3.0,"{'1': '397-440', '2': '440-482', '3': '255-329'}",7.0,"{'1': '386-427', '2': '428-469', '3': '470-510', '4': '511-551', '5': '552-592', '6': '594-634', '7': '259-322'}",,
Q9ZV45,1.0,{'1': '12-85'},,,1.0,{'1': '2-86'},1.0,{'1': '19-84'},,,1.0,{'1': '16-88'},1.0,{'1': '19-85'},,
Q9ZVA5,1.0,{'1': '70-207'},1.0,{'1': '53-160'},1.0,{'1': '57-434'},1.0,{'1': '90-183'},,,2.0,"{'1': '29-159', '2': '356-433'}",1.0,{'1': '46-161'},,
Q9ZVD0,,,,,1.0,{'1': '330-719'},2.0,"{'1': '436-631', '2': '199-280'}",,,1.0,{'1': '500-523'},,,,
Q9ZVD5,2.0,"{'1': '563-883', '2': '285-448'}",1.0,{'1': '646-924'},,,6.0,"{'1': '294-424', '2': '577-885', '3': '240-289', '4': '434-479', '5': '488-539', '6': '67-228'}",,,2.0,"{'1': '292-408', '2': '577-885'}",2.0,"{'1': '577-885', '2': '238-290'}",,
Q9ZVF2,,,1.0,{'1': '1-151'},1.0,{'1': '1-151'},1.0,{'1': '2-150'},,,,,1.0,{'1': '2-151'},,
Q9ZVH4,3.0,"{'1': '22-372', '2': '368-640', '3': '643-732'}",1.0,{'1': '644-732'},1.0,{'1': '22-728'},3.0,"{'1': '29-475', '2': '662-724', '3': '495-630'}",,,1.0,{'1': '374-601'},2.0,"{'1': '404-550', '2': '659-726'}",,
Q9ZVI7,1.0,{'1': '327-618'},1.0,{'1': '329-612'},1.0,{'1': '167-617'},1.0,{'1': '335-591'},,,,,,,,
Q9ZVJ6,1.0,{'1': '16-317'},3.0,"{'1': '86-157', '2': '160-242', '3': '243-316'}",,,2.0,"{'1': '90-155', '2': '259-314'}",4.0,"{'1': '18-40', '2': '180-206', '3': '256-276', '4': '302-315'}",4.0,"{'1': '1-75', '2': '86-157', '3': '169-240', '4': '241-316'}",2.0,"{'1': '106-155', '2': '260-314'}",,
Q9ZVL3,1.0,{'1': '15-142'},1.0,{'1': '32-148'},1.0,{'1': '33-162'},1.0,{'1': '58-133'},,,,,,,,
Q9ZVM9,1.0,{'1': '112-407'},,,1.0,{'1': '115-406'},1.0,{'1': '118-402'},,,3.0,"{'1': '118-402', '2': '238-250', '3': '124-147'}",1.0,{'1': '118-402'},,
Q9ZVN9,2.0,"{'1': '79-244', '2': '334-408'}",2.0,"{'1': '337-416', '2': '77-262'}",,,3.0,"{'1': '361-409', '2': '87-277', '3': '302-331'}",,,3.0,"{'1': '362-408', '2': '83-272', '3': '382-402'}",2.0,"{'1': '81-257', '2': '361-409'}",1.0,{'1': '299-409'}
Q9ZVT6,1.0,{'1': '148-237'},1.0,{'1': '141-243'},1.0,{'1': '14-456'},1.0,{'1': '179-235'},,,1.0,{'1': '179-231'},1.0,{'1': '179-231'},,
Q9ZVT7,2.0,"{'1': '87-179', '2': '181-318'}",1.0,{'1': '90-180'},1.0,{'1': '31-283'},2.0,"{'1': '182-223', '2': '88-159'}",,,,,1.0,{'1': '92-172'},,
Q9ZVU5,1.0,{'1': '26-64'},2.0,"{'1': '355-411', '2': '60-160'}",1.0,{'1': '1-411'},4.0,"{'1': '59-177', '2': '293-346', '3': '355-411', '4': '24-53'}",,,,,1.0,{'1': '52-178'},,
Q9ZVX3,,,,,,,1.0,{'1': '161-380'},,,,,,,,
Q9ZVX6,3.0,"{'1': '172-438', '2': '2-150', '3': '415-497'}",5.0,"{'1': '176-339', '2': '526-717', '3': '718-855', '4': '5-175', '5': '346-428'}",1.0,{'1': '10-817'},5.0,"{'1': '11-188', '2': '203-362', '3': '601-620', '4': '429-497', '5': '622-838'}",,,1.0,{'1': '10-174'},2.0,"{'1': '11-148', '2': '205-346'}",,
Q9ZVY7,,,,,1.0,{'1': '8-234'},1.0,{'1': '37-203'},,,,,,,,
Q9ZVZ9,,,1.0,{'1': '91-199'},1.0,{'1': '15-199'},1.0,{'1': '41-199'},,,,,,,,
Q9ZW06,1.0,{'1': '617-951'},1.0,{'1': '615-960'},,,9.0,"{'1': '638-672', '2': '674-707', '3': '710-743', '4': '752-776', '5': '782-817', '6': '822-852', '7': '856-889', '8': '901-928', '9': '369-633'}",,,9.0,"{'1': '634-669', '2': '670-705', '3': '706-741', '4': '742-777', '5': '778-814', '6': '815-850', '7': '851-886', '8': '887-928', '9': '614-954'}",8.0,"{'1': '634-669', '2': '670-705', '3': '706-741', '4': '742-777', '5': '778-814', '6': '815-850', '7': '851-886', '8': '893-928'}",,
Q9ZW33,1.0,{'1': '21-76'},1.0,{'1': '9-78'},,,1.0,{'1': '15-76'},,,,,,,,
Q9ZW35,2.0,"{'1': '1-126', '2': '127-255'}",,,1.0,{'1': '1-261'},2.0,"{'1': '1-125', '2': '127-254'}",6.0,"{'1': '10-29', '2': '34-52', '3': '56-80', '4': '110-132', '5': '203-217', '6': '241-258'}",2.0,"{'1': '61-79', '2': '34-57'}",,,1.0,{'1': '1-259'}
Q9ZW36,2.0,"{'1': '222-313', '2': '159-182'}",1.0,{'1': '213-308'},1.0,{'1': '1-385'},3.0,"{'1': '230-294', '2': '156-193', '3': '20-110'}",,,2.0,"{'1': '228-301', '2': '157-184'}",2.0,"{'1': '229-297', '2': '157-183'}",,
Q9ZWC8,1.0,{'1': '845-1147'},1.0,{'1': '82-756'},1.0,{'1': '449-1136'},15.0,"{'1': '861-1132', '2': '176-195', '3': '202-218', '4': '253-269', '5': '278-298', '6': '304-324', '7': '376-398', '8': '427-447', '9': '476-498', '10': '502-522', '11': '548-568', '12': '125-139', '13': '665-723', '14': '34-74', '15': '572-636'}",,,5.0,"{'1': '859-1147', '2': '202-224', '3': '278-300', '4': '983-995', '5': '865-888'}",9.0,"{'1': '859-1134', '2': '101-124', '3': '174-198', '4': '276-300', '5': '449-473', '6': '475-498', '7': '522-546', '8': '662-685', '9': '686-709'}",,
Q9ZWM9,2.0,"{'1': '186-294', '2': '60-116'}",2.0,"{'1': '175-301', '2': '60-117'}",1.0,{'1': '60-315'},2.0,"{'1': '60-107', '2': '188-291'}",,,2.0,"{'1': '61-116', '2': '188-292'}",2.0,"{'1': '61-122', '2': '188-292'}",,
X5JA13,,,,,1.0,{'1': '20-812'},2.0,"{'1': '90-206', '2': '212-816'}",,,,,,,,
