UniProtKB-AC,PROSITE_PROFILE_Ndomains,PROSITE_PROFILE_domains,Gene3D_Ndomains,Gene3D_domains,PANTHER_Ndomains,PANTHER_domains,Pfam_Ndomains,Pfam_domains,SUPERFAMILY_Ndomains,SUPERFAMILY_domains,PROSITE_PATTERN_Ndomains,PROSITE_PATTERN_domains,SMART_Ndomains,SMART_domains,TIGRFAM_Ndomains,TIGRFAM_domains
D6VTK4,7.0,"{'1': '52-73', '2': '79-103', '3': '130-153', '4': '163-186', '5': '206-230', '6': '246-269', '7': '278-299'}",1.0,{'1': '31-110'},1.0,{'1': '4-424'},,,,,,,,,,
O13297,,,1.0,{'1': '239-549'},1.0,{'1': '15-535'},1.0,{'1': '279-497'},1.0,{'1': '240-538'},,,,,,
O13516,,,1.0,{'1': '106-163'},1.0,{'1': '11-179'},2.0,"{'1': '8-106', '2': '107-150'}",,,1.0,{'1': '105-129'},2.0,"{'1': '6-106', '2': '107-171'}",1.0,{'1': '4-164'}
O13525,,,,,1.0,{'1': '79-310'},1.0,{'1': '84-305'},,,,,,,,
O13539,,,,,,,1.0,{'1': '115-243'},,,,,,,,
O13547,,,,,,,1.0,{'1': '21-84'},,,1.0,{'1': '1-110'},1.0,{'1': '20-84'},,
O13563,,,1.0,{'1': '6-101'},1.0,{'1': '5-153'},1.0,{'1': '8-121'},,,1.0,{'1': '2-132'},,,,
O13585,,,1.0,{'1': '47-166'},1.0,{'1': '22-818'},2.0,"{'1': '557-606', '2': '673-725'}",1.0,{'1': '68-164'},1.0,{'1': '360-745'},1.0,{'1': '556-728'},,
O14455,,,1.0,{'1': '1-100'},1.0,{'1': '3-99'},1.0,{'1': '5-99'},,,1.0,{'1': '52-62'},,,,
O14464,,,,,1.0,{'1': '10-93'},1.0,{'1': '56-93'},1.0,{'1': '56-93'},1.0,{'1': '66-92'},,,1.0,{'1': '57-93'}
O14467,,,1.0,{'1': '69-151'},,,2.0,"{'1': '86-137', '2': '2-76'}",1.0,{'1': '80-136'},1.0,{'1': '85-139'},1.0,{'1': '84-139'},,
O60200,,,,,1.0,{'1': '2-81'},1.0,{'1': '7-75'},,,,,,,,
O75012,,,,,1.0,{'1': '10-92'},1.0,{'1': '30-63'},,,,,,,,
O94742,,,,,1.0,{'1': '15-86'},1.0,{'1': '22-82'},,,,,1.0,{'1': '21-83'},,
P00044,6.0,"{'1': '19-26', '2': '32-47', '3': '48-58', '4': '62-78', '5': '81-91', '6': '98-106'}",1.0,{'1': '4-109'},1.0,{'1': '3-106'},1.0,{'1': '9-106'},1.0,{'1': '6-105'},1.0,{'1': '7-108'},,,,
P00127,,,1.0,{'1': '74-147'},,,1.0,{'1': '76-147'},1.0,{'1': '74-147'},,,,,,
P00128,,,1.0,{'1': '2-127'},1.0,{'1': '18-124'},1.0,{'1': '20-117'},1.0,{'1': '4-126'},,,,,,
P00331,,,,,,,2.0,"{'1': '182-310', '2': '30-141'}",2.0,"{'1': '8-166', '2': '145-316'}",1.0,{'1': '66-80'},1.0,{'1': '14-344'},,
P00358,5.0,"{'1': '109-122', '2': '144-162', '3': '171-187', '4': '228-245', '5': '268-283'}",,,1.0,{'1': '2-331'},2.0,"{'1': '2-102', '2': '155-312'}",1.0,{'1': '1-168'},1.0,{'1': '148-155'},1.0,{'1': '2-150'},1.0,{'1': '3-324'}
P00359,5.0,"{'1': '109-122', '2': '144-162', '3': '171-187', '4': '228-245', '5': '268-283'}",,,1.0,{'1': '2-331'},2.0,"{'1': '2-102', '2': '155-312'}",1.0,{'1': '1-168'},1.0,{'1': '148-155'},1.0,{'1': '2-150'},1.0,{'1': '3-324'}
P00360,5.0,"{'1': '109-122', '2': '144-162', '3': '171-187', '4': '228-245', '5': '268-283'}",,,1.0,{'1': '2-331'},2.0,"{'1': '2-102', '2': '155-312'}",1.0,{'1': '1-168'},1.0,{'1': '148-155'},1.0,{'1': '2-150'},1.0,{'1': '3-324'}
P00401,12.0,"{'1': '4-29', '2': '53-76', '3': '81-105', '4': '123-135', '5': '155-173', '6': '184-203', '7': '235-256', '8': '281-296', '9': '305-326', '10': '340-358', '11': '368-387', '12': '418-439'}",1.0,{'1': '1-534'},1.0,{'1': '1-531'},1.0,{'1': '13-460'},1.0,{'1': '3-529'},2.0,"{'1': '237-291', '2': '1-534'}",,,,
P00410,,,2.0,"{'1': '112-251', '2': '1-111'}",1.0,{'1': '4-251'},2.0,"{'1': '115-239', '2': '18-102'}",2.0,"{'1': '113-251', '2': '9-110'}",3.0,"{'1': '184-232', '2': '112-250', '3': '17-111'}",,,1.0,{'1': '35-249'}
P00424,,,1.0,{'1': '22-152'},1.0,{'1': '19-149'},1.0,{'1': '23-149'},1.0,{'1': '28-148'},,,,,,
P00425,,,1.0,{'1': '20-150'},1.0,{'1': '7-147'},1.0,{'1': '21-147'},1.0,{'1': '30-146'},,,,,,
P00427,,,1.0,{'1': '47-148'},1.0,{'1': '25-143'},1.0,{'1': '46-144'},1.0,{'1': '46-145'},,,,,,
P00431,11.0,"{'1': '110-124', '2': '169-186', '3': '187-199', '4': '234-249', '5': '258-273', '6': '110-125', '7': '143-167', '8': '168-186', '9': '210-227', '10': '228-249', '11': '250-274'}",,,1.0,{'1': '90-344'},1.0,{'1': '103-321'},1.0,{'1': '73-344'},3.0,"{'1': '169-361', '2': '234-244', '3': '110-121'}",,,,
P00445,4.0,"{'1': '45-67', '2': '81-90', '3': '100-122', '4': '125-151'}",1.0,{'1': '1-154'},1.0,{'1': '1-153'},1.0,{'1': '14-150'},1.0,{'1': '4-152'},2.0,"{'1': '45-55', '2': '139-150'}",,,,
P00447,5.0,"{'1': '31-42', '2': '52-65', '3': '98-111', '4': '154-162', '5': '192-204'}",2.0,"{'1': '116-233', '2': '45-115'}",1.0,{'1': '15-230'},2.0,"{'1': '29-115', '2': '125-227'}",2.0,"{'1': '120-229', '2': '20-116'}",1.0,{'1': '194-201'},,,,
P00498,,,1.0,{'1': '225-291'},1.0,{'1': '7-296'},2.0,"{'1': '222-294', '2': '59-218'}",1.0,{'1': '225-296'},1.0,{'1': '157-178'},,,2.0,"{'1': '204-296', '2': '12-197'}"
P00546,,,,,1.0,{'1': '7-296'},1.0,{'1': '8-295'},1.0,{'1': '6-297'},3.0,"{'1': '8-295', '2': '132-144', '3': '14-40'}",1.0,{'1': '8-295'},,
P00549,7.0,"{'1': '77-93', '2': '207-221', '3': '237-263', '4': '264-288', '5': '289-313', '6': '314-332', '7': '333-349'}",3.0,"{'1': '88-189', '2': '356-487', '3': '19-355'}",1.0,{'1': '13-481'},2.0,"{'1': '19-345', '2': '380-497'}",3.0,"{'1': '88-188', '2': '16-361', '3': '369-500'}",1.0,{'1': '235-247'},,,1.0,{'1': '19-500'}
P00560,9.0,"{'1': '13-29', '2': '34-56', '3': '113-128', '4': '155-177', '5': '184-206', '6': '207-226', '7': '331-356', '8': '367-378', '9': '390-407'}",3.0,"{'1': '1-72', '2': '75-416', '3': '201-390'}",1.0,{'1': '5-415'},1.0,{'1': '9-404'},1.0,{'1': '4-415'},1.0,{'1': '18-28'},,,,
P00572,,,1.0,{'1': '1-216'},,,1.0,{'1': '10-196'},1.0,{'1': '2-210'},1.0,{'1': '91-103'},,,1.0,{'1': '2-196'}
P00635,,,1.0,{'1': '69-437'},,,1.0,{'1': '65-399'},1.0,{'1': '32-460'},2.0,"{'1': '66-80', '2': '331-347'}",,,,
P00729,4.0,"{'1': '191-203', '2': '204-214', '3': '239-264', '4': '498-511'}",1.0,{'1': '127-526'},1.0,{'1': '123-515'},2.0,"{'1': '123-528', '2': '47-106'}",1.0,{'1': '114-528'},2.0,"{'1': '253-260', '2': '498-515'}",,,,
P00812,5.0,"{'1': '119-134', '2': '142-169', '3': '199-217', '4': '251-280', '5': '286-300'}",,,1.0,{'1': '10-332'},1.0,{'1': '15-327'},1.0,{'1': '15-329'},2.0,"{'1': '3-333', '2': '254-275'}",,,1.0,{'1': '16-333'}
P00815,8.0,"{'1': '388-412', '2': '462-489', '3': '526-552', '4': '556-581', '5': '589-610', '6': '611-630', '7': '681-706', '8': '722-740'}",1.0,{'1': '131-230'},1.0,{'1': '248-790'},3.0,"{'1': '166-238', '2': '375-788', '3': '248-328'}",2.0,"{'1': '380-788', '2': '142-243'}",1.0,{'1': '589-621'},,,2.0,"{'1': '247-324', '2': '388-787'}"
P00817,,,1.0,{'1': '2-287'},1.0,{'1': '4-236'},1.0,{'1': '46-228'},1.0,{'1': '3-283'},,,,,,
P00830,,,2.0,"{'1': '391-511', '2': '116-390'}",1.0,{'1': '30-507'},3.0,"{'1': '170-388', '2': '46-113', '3': '395-483'}",2.0,"{'1': '117-394', '2': '41-115'}",1.0,{'1': '379-388'},1.0,{'1': '182-451'},1.0,{'1': '43-506'}
P00854,4.0,"{'1': '98-114', '2': '159-174', '3': '179-201', '4': '239-254'}",1.0,{'1': '92-259'},1.0,{'1': '2-259'},1.0,{'1': '41-253'},1.0,{'1': '89-252'},1.0,{'1': '182-191'},,,1.0,{'1': '13-255'}
P00890,6.0,"{'1': '217-230', '2': '265-280', '3': '288-316', '4': '348-368', '5': '409-425', '6': '430-444'}",2.0,"{'1': '50-461', '2': '315-429'}",1.0,{'1': '36-474'},1.0,{'1': '83-461'},1.0,{'1': '43-473'},1.0,{'1': '355-367'},,,1.0,{'1': '43-468'}
P00899,4.0,"{'1': '332-345', '2': '346-359', '3': '426-440', '4': '442-456'}",1.0,{'1': '2-503'},1.0,{'1': '8-498'},2.0,"{'1': '39-173', '2': '230-485'}",1.0,{'1': '26-493'},,,,,1.0,{'1': '39-493'}
P00912,,,1.0,{'1': '12-224'},1.0,{'1': '10-224'},1.0,{'1': '25-221'},1.0,{'1': '13-222'},,,,,,
P00924,6.0,"{'1': '35-49', '2': '107-123', '3': '166-179', '4': '320-331', '5': '343-357', '6': '372-389'}",2.0,"{'1': '1-127', '2': '128-437'}",1.0,{'1': '1-432'},2.0,"{'1': '145-432', '2': '3-134'}",2.0,"{'1': '3-137', '2': '145-433'}",1.0,{'1': '343-356'},2.0,"{'1': '144-434', '2': '3-134'}",1.0,{'1': '4-431'}
P00925,6.0,"{'1': '35-49', '2': '107-123', '3': '166-179', '4': '320-331', '5': '343-357', '6': '372-389'}",2.0,"{'1': '1-127', '2': '128-437'}",1.0,{'1': '1-432'},2.0,"{'1': '145-432', '2': '3-134'}",2.0,"{'1': '3-137', '2': '145-433'}",1.0,{'1': '343-356'},2.0,"{'1': '144-434', '2': '3-134'}",1.0,{'1': '4-431'}
P00927,,,3.0,"{'1': '83-351', '2': '112-203', '3': '392-576'}",1.0,{'1': '71-574'},3.0,"{'1': '383-480', '2': '486-574', '3': '78-348'}",2.0,"{'1': '44-419', '2': '482-574'}",3.0,"{'1': '100-113', '2': '393-473', '3': '495-566'}",,,1.0,{'1': '62-574'}
P00931,,,3.0,"{'1': '2-272', '2': '306-502', '3': '350-681'}",1.0,{'1': '1-690'},2.0,"{'1': '350-675', '2': '9-259'}",2.0,"{'1': '4-254', '2': '302-687'}",2.0,"{'1': '377-391', '2': '49-62'}",,,2.0,"{'1': '9-242', '2': '305-686'}"
P00937,,,2.0,"{'1': '209-484', '2': '12-202'}",1.0,{'1': '9-206'},2.0,"{'1': '217-482', '2': '15-197'}",2.0,"{'1': '250-483', '2': '10-204'}",1.0,{'1': '270-286'},,,1.0,{'1': '13-199'}
P00942,,,1.0,{'1': '1-248'},1.0,{'1': '2-246'},1.0,{'1': '6-246'},1.0,{'1': '2-245'},2.0,"{'1': '4-246', '2': '163-173'}",,,1.0,{'1': '6-239'}
P00950,,,1.0,{'1': '2-247'},1.0,{'1': '3-246'},1.0,{'1': '4-123'},1.0,{'1': '1-245'},1.0,{'1': '6-15'},1.0,{'1': '3-189'},1.0,{'1': '3-246'}
P00958,6.0,"{'1': '200-213', '2': '233-247', '3': '281-292', '4': '447-458', '5': '482-497', '6': '577-588'}",2.0,"{'1': '197-578', '2': '333-367'}",1.0,{'1': '132-750'},3.0,"{'1': '198-589', '2': '11-132', '3': '613-750'}",2.0,"{'1': '582-747', '2': '333-367'}",1.0,{'1': '205-216'},,,1.0,{'1': '198-735'}
P01094,,,,,,,1.0,{'1': '1-68'},1.0,{'1': '2-30'},,,,,,
P01097,,,,,,,1.0,{'1': '16-85'},,,,,,,,
P01119,,,1.0,{'1': '5-176'},1.0,{'1': '10-228'},1.0,{'1': '12-171'},1.0,{'1': '9-173'},1.0,{'1': '4-308'},1.0,{'1': '13-174'},1.0,{'1': '9-165'}
P01120,,,1.0,{'1': '4-178'},1.0,{'1': '10-192'},1.0,{'1': '12-171'},1.0,{'1': '9-180'},1.0,{'1': '4-229'},1.0,{'1': '13-174'},1.0,{'1': '9-167'}
P01123,,,1.0,{'1': '1-206'},1.0,{'1': '8-186'},1.0,{'1': '10-170'},1.0,{'1': '4-206'},1.0,{'1': '1-199'},1.0,{'1': '11-172'},1.0,{'1': '7-164'}
P02293,5.0,"{'1': '41-59', '2': '60-80', '3': '82-99', '4': '99-112', '5': '112-125'}",1.0,{'1': '1-129'},1.0,{'1': '14-126'},1.0,{'1': '6-104'},1.0,{'1': '12-128'},1.0,{'1': '96-118'},1.0,{'1': '31-127'},,
P02294,5.0,"{'1': '41-59', '2': '60-80', '3': '82-99', '4': '99-112', '5': '112-125'}",1.0,{'1': '1-129'},1.0,{'1': '14-126'},1.0,{'1': '6-104'},1.0,{'1': '13-128'},1.0,{'1': '96-118'},1.0,{'1': '31-127'},,
P02309,6.0,"{'1': '5-16', '2': '20-39', '3': '40-60', '4': '62-76', '5': '77-89', '6': '89-100'}",1.0,{'1': '2-103'},1.0,{'1': '1-102'},1.0,{'1': '33-96'},1.0,{'1': '3-102'},1.0,{'1': '15-19'},1.0,{'1': '16-90'},,
P02381,,,,,,,1.0,{'1': '135-398'},,,,,,,,
P02400,,,1.0,{'1': '1-60'},1.0,{'1': '1-110'},,,,,,,,,,
P02406,,,,,,,1.0,{'1': '72-146'},1.0,{'1': '6-148'},1.0,{'1': '111-142'},,,,
P02407,,,1.0,{'1': '1-62'},1.0,{'1': '1-121'},1.0,{'1': '1-117'},1.0,{'1': '1-62'},1.0,{'1': '41-56'},,,,
P02557,22.0,"{'1': '10-30', '2': '51-70', '3': '93-104', '4': '106-130', '5': '132-150', '6': '151-172', '7': '176-189', '8': '190-210', '9': '370-398', '10': '41-58', '11': '88-99', '12': '108-126', '13': '152-164', '14': '212-224', '15': '230-239', '16': '245-258', '17': '265-281', '18': '311-329', '19': '329-343', '20': '347-370', '21': '377-388', '22': '412-430'}",3.0,"{'1': '374-441', '2': '1-262', '3': '263-373'}",1.0,{'1': '2-426'},2.0,"{'1': '3-212', '2': '261-381'}",2.0,"{'1': '244-429', '2': '1-243'}",2.0,"{'1': '1-4', '2': '140-146'}",2.0,"{'1': '47-244', '2': '246-383'}",,
P02829,7.0,"{'1': '4-24', '2': '25-47', '3': '74-91', '4': '92-109', '5': '117-139', '6': '169-186', '7': '187-205'}",2.0,"{'1': '1-231', '2': '527-677'}",1.0,{'1': '4-701'},1.0,{'1': '183-693'},3.0,"{'1': '272-527', '2': '3-211', '3': '549-672'}",1.0,{'1': '24-33'},1.0,{'1': '26-164'},,
P02992,5.0,"{'1': '50-63', '2': '94-102', '3': '114-124', '4': '130-141', '5': '167-176'}",1.0,{'1': '39-241'},1.0,{'1': '40-437'},3.0,"{'1': '46-240', '2': '337-435', '3': '263-333'}",3.0,"{'1': '243-338', '2': '338-436', '3': '45-264'}",2.0,"{'1': '46-242', '2': '87-102'}",,,2.0,"{'1': '40-437', '2': '49-187'}"
P02994,5.0,"{'1': '9-22', '2': '68-76', '3': '88-98', '4': '104-115', '5': '148-157'}",1.0,{'1': '1-236'},1.0,{'1': '1-442'},3.0,"{'1': '5-232', '2': '258-324', '3': '337-437'}",3.0,"{'1': '241-332', '2': '335-440', '3': '3-259'}",2.0,"{'1': '5-240', '2': '61-76'}",,,1.0,{'1': '1-444'}
P03069,,,,,1.0,{'1': '76-279'},1.0,{'1': '225-276'},1.0,{'1': '225-279'},2.0,"{'1': '231-245', '2': '231-276'}",1.0,{'1': '223-280'},,
P03871,,,,,,,1.0,{'1': '10-117'},,,,,,,,
P03874,,,,,,,,,,,,,,,,
P03882,,,2.0,"{'1': '1-122', '2': '123-235'}",1.0,{'1': '23-221'},1.0,{'1': '35-208'},1.0,{'1': '22-225'},,,,,,
P03965,7.0,"{'1': '40-54', '2': '69-79', '3': '189-201', '4': '223-242', '5': '258-275', '6': '315-344', '7': '397-415'}",3.0,"{'1': '706-775', '2': '425-573', '3': '969-1101'}",,,6.0,"{'1': '149-352', '2': '694-891', '3': '438-517', '4': '984-1071', '5': '29-144', '6': '578-689'}",4.0,"{'1': '27-147', '2': '576-695', '3': '413-574', '4': '967-1086'}",7.0,"{'1': '185-199', '2': '729-743', '3': '315-322', '4': '859-866', '5': '960-1118', '6': '154-346', '7': '698-890'}",1.0,{'1': '436-567'},1.0,{'1': '26-1084'}
P04037,,,1.0,{'1': '51-150'},1.0,{'1': '22-152'},1.0,{'1': '31-155'},,,1.0,{'1': '51-150'},,,,
P04039,,,1.0,{'1': '28-74'},1.0,{'1': '1-75'},1.0,{'1': '16-74'},1.0,{'1': '29-74'},,,,,,
P04046,,,2.0,"{'1': '2-470', '2': '283-452'}",,,1.0,{'1': '287-401'},2.0,"{'1': '2-241', '2': '260-485'}",1.0,{'1': '2-239'},,,1.0,{'1': '2-470'}
P04050,,,5.0,"{'1': '668-786', '2': '1141-1275', '3': '515-663', '4': '1-128', '5': '257-305'}",1.0,{'1': '18-1444'},32.0,"{'1': '1539-1549', '2': '1543-1556', '3': '1550-1563', '4': '1557-1570', '5': '1564-1577', '6': '1571-1584', '7': '1578-1591', '8': '1585-1598', '9': '1592-1605', '10': '1599-1612', '11': '1606-1619', '12': '1613-1626', '13': '1620-1633', '14': '1627-1640', '15': '1634-1647', '16': '1641-1654', '17': '1648-1661', '18': '1655-1668', '19': '1662-1675', '20': '1669-1682', '21': '1676-1689', '22': '1683-1696', '23': '1690-1703', '24': '1697-1710', '25': '1704-1717', '26': '342-507', '27': '510-669', '28': '1141-1274', '29': '873-1056', '30': '12-340', '31': '807-1396', '32': '695-800'}",,,10.0,"{'1': '1563-1569', '2': '1570-1576', '3': '1577-1583', '4': '1584-1590', '5': '1598-1604', '6': '1605-1611', '7': '1612-1618', '8': '1619-1625', '9': '1689-1695', '10': '1696-1702'}",1.0,{'1': '232-535'},,
P04051,,,3.0,"{'1': '718-834', '2': '545-717', '3': '1-129'}",1.0,{'1': '5-1433'},5.0,"{'1': '370-537', '2': '540-717', '3': '11-368', '4': '855-1382', '5': '744-848'}",,,,,1.0,{'1': '254-565'},,
P04076,4.0,"{'1': '108-126', '2': '154-172', '3': '238-265', '4': '282-298'}",1.0,{'1': '27-236'},1.0,{'1': '5-462'},2.0,"{'1': '11-307', '2': '370-438'}",1.0,{'1': '11-462'},1.0,{'1': '282-291'},,,1.0,{'1': '8-462'}
P04147,,,4.0,"{'1': '6-123', '2': '124-207', '3': '208-306', '4': '307-428'}",,,5.0,"{'1': '40-109', '2': '128-196', '3': '221-289', '4': '324-392', '5': '498-563'}",3.0,"{'1': '37-207', '2': '218-403', '3': '432-575'}",5.0,"{'1': '38-116', '2': '126-203', '3': '219-296', '4': '322-399', '5': '489-568'}",9.0,"{'1': '39-112', '2': '127-199', '3': '220-292', '4': '323-395', '5': '501-566', '6': '39-112', '7': '127-199', '8': '220-292', '9': '323-395'}",1.0,{'1': '38-435'}
P04161,,,,,,,1.0,{'1': '3-205'},1.0,{'1': '3-209'},1.0,{'1': '156-179'},,,1.0,{'1': '2-214'}
P04387,,,,,1.0,{'1': '12-427'},2.0,"{'1': '18-146', '2': '156-307'}",2.0,"{'1': '3-196', '2': '349-430'}",,,,,,
P04449,,,1.0,{'1': '1-68'},1.0,{'1': '1-145'},1.0,{'1': '1-66'},,,1.0,{'1': '8-25'},,,,
P04456,,,1.0,{'1': '23-142'},1.0,{'1': '3-142'},2.0,"{'1': '3-53', '2': '61-122'}",1.0,{'1': '60-135'},1.0,{'1': '120-135'},,,,
P04650,,,1.0,{'1': '1-51'},,,1.0,{'1': '9-50'},1.0,{'1': '4-50'},1.0,{'1': '30-46'},,,,
P04786,6.0,"{'1': '292-301', '2': '406-425', '3': '429-443', '4': '451-467', '5': '510-524', '6': '721-732'}",4.0,"{'1': '132-361', '2': '160-251', '3': '363-561', '4': '621-769'}",1.0,{'1': '24-769'},3.0,"{'1': '143-361', '2': '364-589', '3': '699-769'}",2.0,"{'1': '364-768', '2': '129-362'}",1.0,{'1': '714-732'},1.0,{'1': '292-741'},,
P04801,5.0,"{'1': '415-443', '2': '448-471', '3': '549-577', '4': '595-608', '5': '622-634'}",3.0,"{'1': '74-137', '2': '621-732', '3': '311-620'}",,,4.0,"{'1': '404-616', '2': '76-133', '3': '629-722', '4': '257-305'}",3.0,"{'1': '76-133', '2': '142-325', '3': '329-613'}",2.0,"{'1': '69-135', '2': '316-622'}",1.0,{'1': '256-305'},1.0,{'1': '150-722'}
P04802,4.0,"{'1': '298-310', '2': '315-328', '3': '470-486', '4': '512-526'}",2.0,"{'1': '71-203', '2': '205-557'}",1.0,{'1': '24-557'},2.0,"{'1': '228-551', '2': '109-196'}",2.0,"{'1': '72-202', '2': '218-556'}",1.0,{'1': '248-549'},,,1.0,{'1': '94-557'}
P04806,,,,,1.0,{'1': '24-477'},2.0,"{'1': '27-221', '2': '227-469'}",2.0,"{'1': '19-224', '2': '226-483'}",2.0,"{'1': '21-468', '2': '153-178'}",,,,
P04807,,,,,1.0,{'1': '24-478'},2.0,"{'1': '27-221', '2': '227-470'}",2.0,"{'1': '19-224', '2': '226-484'}",2.0,"{'1': '21-469', '2': '153-178'}",,,,
P04819,,,2.0,"{'1': '603-755', '2': '130-395'}",1.0,{'1': '55-751'},3.0,"{'1': '147-323', '2': '623-732', '3': '393-598'}",2.0,"{'1': '606-750', '2': '140-383'}",3.0,"{'1': '499-636', '2': '571-598', '3': '417-425'}",,,1.0,{'1': '206-748'}
P04821,,,1.0,{'1': '1276-1542'},1.0,{'1': '774-1547'},3.0,"{'1': '1120-1215', '2': '77-119', '3': '1309-1489'}",2.0,"{'1': '1097-1546', '2': '44-141'}",4.0,"{'1': '1117-1247', '2': '58-128', '3': '1305-1542', '4': '1456-1488'}",3.0,"{'1': '1116-1247', '2': '61-127', '3': '1301-1543'}",,
P04840,4.0,"{'1': '4-19', '2': '68-83', '3': '145-156', '4': '247-264'}",1.0,{'1': '1-283'},1.0,{'1': '2-281'},1.0,{'1': '3-276'},,,1.0,{'1': '225-247'},,,,
P04912,5.0,"{'1': '15-37', '2': '44-59', '3': '59-72', '4': '73-87', '5': '101-119'}",1.0,{'1': '2-132'},1.0,{'1': '12-121'},2.0,"{'1': '8-90', '2': '93-127'}",1.0,{'1': '7-127'},1.0,{'1': '23-29'},1.0,{'1': '4-124'},,
P05030,5.0,"{'1': '498-516', '2': '604-620', '3': '632-648', '4': '663-688', '5': '796-817'}",2.0,"{'1': '373-669', '2': '388-533'}",,,1.0,{'1': '78-134'},3.0,"{'1': '178-276', '2': '78-869', '3': '373-681'}",1.0,{'1': '378-384'},1.0,{'1': '69-140'},4.0,"{'1': '146-399', '2': '432-574', '3': '607-712', '4': '87-842'}"
P05066,4.0,"{'1': '235-251', '2': '431-447', '3': '451-469', '4': '490-504'}",1.0,{'1': '79-301'},1.0,{'1': '76-563'},2.0,"{'1': '381-562', '2': '77-251'}",2.0,"{'1': '295-564', '2': '76-293'}",3.0,"{'1': '75-226', '2': '431-443', '3': '451-470'}",,,,
P05085,,,1.0,{'1': '13-52'},1.0,{'1': '6-860'},2.0,"{'1': '19-58', '2': '395-878'}",1.0,{'1': '12-57'},2.0,"{'1': '20-48', '2': '20-48'}",1.0,{'1': '15-59'},,
P05317,,,2.0,"{'1': '4-204', '2': '108-181'}",1.0,{'1': '6-312'},2.0,"{'1': '5-103', '2': '109-178'}",1.0,{'1': '4-127'},,,,,,
P05318,,,1.0,{'1': '1-61'},,,,,,,,,,,,
P05319,,,1.0,{'1': '1-57'},1.0,{'1': '1-106'},,,,,,,,,,
P05373,6.0,"{'1': '134-148', '2': '165-184', '3': '204-223', '4': '256-272', '5': '282-297', '6': '312-331'}",1.0,{'1': '1-342'},1.0,{'1': '10-341'},1.0,{'1': '22-337'},,,1.0,{'1': '256-268'},1.0,{'1': '13-338'},,
P05374,,,,,,,2.0,"{'1': '218-321', '2': '471-577'}",,,1.0,{'1': '2-869'},,,,
P05453,9.0,"{'1': '262-275', '2': '341-351', '3': '357-368', '4': '401-410', '5': '239-255', '6': '364-371', '7': '399-406', '8': '485-496', '9': '625-634'}",1.0,{'1': '238-484'},1.0,{'1': '257-683'},3.0,"{'1': '258-478', '2': '502-570', '3': '581-680'}",3.0,"{'1': '483-575', '2': '579-683', '3': '247-492'}",2.0,"{'1': '258-484', '2': '314-329'}",,,,
P05626,,,,,1.0,{'1': '36-242'},1.0,{'1': '75-237'},,,,,,,,
P05694,,,2.0,"{'1': '6-535', '2': '400-762'}",,,2.0,"{'1': '439-759', '2': '4-322'}",2.0,"{'1': '5-402', '2': '404-764'}",,,,,1.0,{'1': '7-764'}
P05737,,,2.0,"{'1': '83-186', '2': '187-244'}",1.0,{'1': '7-244'},2.0,"{'1': '9-79', '2': '84-134'}",1.0,{'1': '83-244'},1.0,{'1': '102-134'},,,1.0,{'1': '9-244'}
P05738,,,2.0,"{'1': '1-85', '2': '86-191'}",1.0,{'1': '1-187'},2.0,"{'1': '12-85', '2': '97-178'}",2.0,"{'1': '1-85', '2': '86-184'}",1.0,{'1': '163-184'},,,,
P05739,,,1.0,{'1': '33-117'},1.0,{'1': '2-176'},1.0,{'1': '71-176'},1.0,{'1': '32-118'},1.0,{'1': '72-90'},,,,
P05740,,,1.0,{'1': '1-156'},1.0,{'1': '1-173'},1.0,{'1': '17-151'},1.0,{'1': '7-153'},1.0,{'1': '126-150'},,,1.0,{'1': '4-153'}
P05743,,,1.0,{'1': '1-127'},1.0,{'1': '3-123'},2.0,"{'1': '9-122', '2': '53-83'}",1.0,{'1': '9-124'},1.0,{'1': '53-70'},,,1.0,{'1': '9-123'}
P05744,,,1.0,{'1': '1-107'},1.0,{'1': '3-107'},1.0,{'1': '7-101'},1.0,{'1': '7-101'},1.0,{'1': '69-90'},,,,
P05745,,,1.0,{'1': '1-100'},1.0,{'1': '3-99'},1.0,{'1': '5-99'},,,1.0,{'1': '52-62'},,,,
P05747,,,,,1.0,{'1': '1-58'},1.0,{'1': '3-42'},,,,,,,,
P05748,,,1.0,{'1': '1-204'},1.0,{'1': '1-203'},1.0,{'1': '2-187'},1.0,{'1': '1-193'},1.0,{'1': '46-69'},1.0,{'1': '2-192'},,
P05749,,,1.0,{'1': '1-121'},1.0,{'1': '6-120'},1.0,{'1': '11-118'},,,,,,,,
P05750,,,2.0,"{'1': '1-91', '2': '93-240'}",1.0,{'1': '7-204'},2.0,"{'1': '107-188', '2': '20-93'}",2.0,"{'1': '13-99', '2': '93-191'}",2.0,"{'1': '21-92', '2': '147-183'}",,,1.0,{'1': '8-210'}
P05755,,,1.0,{'1': '106-163'},1.0,{'1': '11-179'},2.0,"{'1': '8-106', '2': '107-150'}",,,1.0,{'1': '105-129'},2.0,"{'1': '6-106', '2': '107-171'}",1.0,{'1': '4-164'}
P05756,,,,,1.0,{'1': '1-150'},2.0,"{'1': '74-146', '2': '1-60'}",1.0,{'1': '66-142'},1.0,{'1': '98-128'},2.0,"{'1': '70-149', '2': '1-60'}",,
P05986,,,,,,,1.0,{'1': '88-342'},1.0,{'1': '72-369'},4.0,"{'1': '88-342', '2': '343-398', '3': '207-219', '4': '94-126'}",1.0,{'1': '88-342'},,
P06100,,,1.0,{'1': '1-191'},1.0,{'1': '3-189'},1.0,{'1': '55-189'},,,,,,,,
P06101,,,1.0,{'1': '232-365'},1.0,{'1': '1-474'},3.0,"{'1': '3-126', '2': '389-478', '3': '240-364'}",,,,,3.0,"{'1': '2-183', '2': '388-491', '3': '186-371'}",,
P06102,,,1.0,{'1': '635-785'},1.0,{'1': '33-785'},2.0,"{'1': '3-233', '2': '691-784'}",,,,,,,,
P06103,,,2.0,"{'1': '72-170', '2': '458-669'}",1.0,{'1': '43-762'},2.0,"{'1': '96-150', '2': '433-650'}",1.0,{'1': '98-150'},1.0,{'1': '77-162'},1.0,{'1': '78-158'},,
P06104,,,1.0,{'1': '5-165'},1.0,{'1': '3-150'},1.0,{'1': '8-144'},1.0,{'1': '1-151'},2.0,"{'1': '4-150', '2': '77-92'}",,,,
P06105,,,7.0,"{'1': '172-265', '2': '630-710', '3': '711-785', '4': '786-858', '5': '859-937', '6': '938-1012', '7': '1160-1222'}",,,9.0,"{'1': '181-250', '2': '637-702', '3': '714-772', '4': '786-852', '5': '863-930', '6': '941-1002', '7': '1166-1217', '8': '392-477', '9': '130-177'}",6.0,"{'1': '171-267', '2': '628-706', '3': '713-790', '4': '787-892', '5': '932-1007', '6': '1161-1220'}",,,7.0,"{'1': '176-254', '2': '633-707', '3': '711-776', '4': '781-856', '5': '860-934', '6': '938-1006', '7': '1139-1221'}",,
P06115,6.0,"{'1': '30-53', '2': '93-111', '3': '114-131', '4': '133-151', '5': '301-328', '6': '334-360'}",,,1.0,{'1': '4-541'},2.0,"{'1': '481-539', '2': '18-417'}",1.0,{'1': '9-556'},3.0,"{'1': '347-355', '2': '12-546', '3': '53-69'}",1.0,{'1': '16-422'},,
P06168,,,3.0,"{'1': '242-271', '2': '272-336', '3': '337-395'}",1.0,{'1': '47-390'},2.0,"{'1': '248-392', '2': '75-240'}",2.0,"{'1': '248-394', '2': '46-245'}",2.0,"{'1': '247-394', '2': '57-246'}",,,1.0,{'1': '75-394'}
P06169,,,,,1.0,{'1': '2-561'},3.0,"{'1': '403-512', '2': '201-324', '3': '5-108'}",3.0,"{'1': '184-339', '2': '4-183', '3': '362-553'}",1.0,{'1': '427-446'},,,,
P06182,,,,,1.0,{'1': '20-257'},1.0,{'1': '1-253'},,,2.0,"{'1': '128-143', '2': '189-195'}",,,,
P06197,,,1.0,{'1': '8-185'},,,1.0,{'1': '17-127'},,,1.0,{'1': '59-81'},,,,
P06208,,,2.0,"{'1': '40-410', '2': '411-593'}",,,3.0,"{'1': '61-342', '2': '456-594', '3': '359-426'}",1.0,{'1': '480-594'},3.0,"{'1': '61-336', '2': '68-84', '3': '272-285'}",1.0,{'1': '456-595'},1.0,{'1': '35-596'}
P06242,,,,,1.0,{'1': '6-292'},1.0,{'1': '7-290'},1.0,{'1': '6-297'},3.0,"{'1': '7-290', '2': '125-137', '3': '13-36'}",1.0,{'1': '7-290'},,
P06243,,,,,,,2.0,"{'1': '33-192', '2': '274-380'}",1.0,{'1': '13-475'},2.0,"{'1': '33-469', '2': '159-171'}",1.0,{'1': '33-469'},,
P06244,,,,,,,1.0,{'1': '87-341'},1.0,{'1': '60-366'},4.0,"{'1': '87-341', '2': '342-397', '3': '206-218', '4': '93-116'}",2.0,"{'1': '87-341', '2': '342-397'}",,
P06245,,,,,,,1.0,{'1': '70-324'},1.0,{'1': '46-353'},4.0,"{'1': '70-324', '2': '325-380', '3': '189-201', '4': '76-99'}",2.0,"{'1': '70-324', '2': '325-380'}",,
P06367,,,1.0,{'1': '2-137'},1.0,{'1': '6-133'},1.0,{'1': '15-133'},,,1.0,{'1': '102-124'},,,,
P06634,,,2.0,"{'1': '110-363', '2': '364-535'}",,,2.0,"{'1': '386-494', '2': '166-349'}",1.0,{'1': '227-509'},4.0,"{'1': '304-312', '2': '373-533', '3': '173-362', '4': '142-170'}",2.0,"{'1': '413-494', '2': '161-377'}",,
P06700,,,1.0,{'1': '268-450'},1.0,{'1': '242-532'},2.0,"{'1': '262-478', '2': '105-261'}",1.0,{'1': '240-540'},1.0,{'1': '237-527'},,,,
P06701,,,2.0,"{'1': '528-724', '2': '1-229'}",1.0,{'1': '334-911'},3.0,"{'1': '50-187', '2': '737-833', '3': '851-972'}",,,1.0,{'1': '48-188'},1.0,{'1': '48-188'},,
P06704,,,,,1.0,{'1': '16-157'},2.0,"{'1': '23-85', '2': '96-158'}",1.0,{'1': '17-159'},5.0,"{'1': '20-55', '2': '93-128', '3': '129-161', '4': '33-45', '5': '142-154'}",4.0,"{'1': '24-52', '2': '60-88', '3': '97-125', '4': '133-161'}",,
P06738,,,,,1.0,{'1': '37-901'},1.0,{'1': '166-898'},,,1.0,{'1': '743-755'},,,1.0,{'1': '64-898'}
P06773,,,,,1.0,{'1': '60-302'},1.0,{'1': '162-278'},1.0,{'1': '164-302'},2.0,"{'1': '162-291', '2': '233-267'}",,,,
P06775,,,,,1.0,{'1': '69-603'},1.0,{'1': '94-559'},,,1.0,{'1': '119-150'},,,1.0,{'1': '88-567'}
P06776,3.0,"{'1': '260-273', '2': '302-317', '3': '329-345'}",1.0,{'1': '196-524'},,,1.0,{'1': '264-511'},,,2.0,"{'1': '182-526', '2': '302-313'}",1.0,{'1': '262-414'},,
P06777,,,,,,,1.0,{'1': '824-967'},2.0,"{'1': '1004-1073', '2': '821-969'}",,,1.0,{'1': '821-901'},1.0,{'1': '203-1066'}
P06778,,,1.0,{'1': '16-161'},1.0,{'1': '15-445'},1.0,{'1': '19-165'},,,,,,,1.0,{'1': '20-179'}
P06779,,,3.0,"{'1': '144-372', '2': '373-476', '3': '477-554'}",,,,,,,,,4.0,"{'1': '233-258', '2': '259-284', '3': '312-337', '4': '505-530'}",,
P06780,,,1.0,{'1': '3-209'},1.0,{'1': '10-207'},1.0,{'1': '12-182'},1.0,{'1': '11-182'},1.0,{'1': '2-209'},1.0,{'1': '13-186'},1.0,{'1': '10-163'}
P06782,,,,,,,3.0,"{'1': '55-306', '2': '344-389', '3': '504-626'}",2.0,"{'1': '52-307', '2': '460-629'}",3.0,"{'1': '55-306', '2': '173-185', '3': '61-84'}",1.0,{'1': '55-306'},,
P06785,5.0,"{'1': '53-74', '2': '146-165', '3': '172-187', '4': '199-225', '5': '237-254'}",1.0,{'1': '1-304'},1.0,{'1': '3-304'},1.0,{'1': '11-304'},1.0,{'1': '3-304'},1.0,{'1': '157-185'},,,1.0,{'1': '11-304'}
P06786,11.0,"{'1': '428-438', '2': '443-450', '3': '491-504', '4': '534-549', '5': '555-566', '6': '605-617', '7': '718-741', '8': '765-787', '9': '795-815', '10': '900-914', '11': '982-1008'}",5.0,"{'1': '989-1177', '2': '692-987', '3': '429-691', '4': '279-406', '5': '15-258'}",1.0,{'1': '7-1403'},5.0,"{'1': '690-1160', '2': '60-167', '3': '445-543', '4': '247-374', '5': '559-688'}",3.0,"{'1': '419-1171', '2': '235-405', '3': '9-243'}",3.0,"{'1': '692-1159', '2': '443-557', '3': '447-455'}",3.0,"{'1': '59-659', '2': '670-1157', '3': '55-205'}",,
P06787,,,,,1.0,{'1': '3-143'},2.0,"{'1': '12-74', '2': '83-145'}",1.0,{'1': '2-146'},6.0,"{'1': '8-43', '2': '44-79', '3': '81-116', '4': '21-33', '5': '57-69', '6': '94-106'}",3.0,"{'1': '12-40', '2': '48-76', '3': '85-113'}",,
P06838,,,,,1.0,{'1': '39-207'},1.0,{'1': '92-208'},1.0,{'1': '92-209'},,,,,1.0,{'1': '91-206'}
P06839,9.0,"{'1': '8-25', '2': '274-293', '3': '310-328', '4': '335-356', '5': '374-396', '6': '405-423', '7': '494-511', '8': '638-660', '9': '707-727'}",3.0,"{'1': '29-249', '2': '502-697', '3': '110-194'}",1.0,{'1': '5-721'},3.0,"{'1': '526-699', '2': '71-257', '3': '271-415'}",2.0,"{'1': '13-242', '2': '36-681'}",2.0,"{'1': '230-239', '2': '7-285'}",2.0,"{'1': '8-281', '2': '544-688'}",1.0,{'1': '8-716'}
P06843,,,,,,,1.0,{'1': '219-330'},,,,,1.0,{'1': '207-331'},,
P06844,,,1.0,{'1': '7-49'},1.0,{'1': '4-254'},1.0,{'1': '5-96'},1.0,{'1': '7-48'},,,,,,
P07143,8.0,"{'1': '74-93', '2': '94-113', '3': '139-159', '4': '172-196', '5': '211-222', '6': '222-241', '7': '242-261', '8': '261-276'}",1.0,{'1': '65-261'},1.0,{'1': '16-303'},1.0,{'1': '76-293'},2.0,"{'1': '261-306', '2': '63-260'}",1.0,{'1': '88-241'},,,,
P07149,12.0,"{'1': '581-601', '2': '607-625', '3': '706-724', '4': '726-745', '5': '913-931', '6': '1012-1036', '7': '1547-1569', '8': '1569-1590', '9': '1654-1673', '10': '1675-1698', '11': '1796-1815', '12': '1832-1853'}",5.0,"{'1': '142-363', '2': '421-557', '3': '1664-1714', '4': '558-846', '5': '1052-1101'}",1.0,{'1': '94-2048'},7.0,"{'1': '1524-1647', '2': '727-1074', '3': '1663-2037', '4': '159-411', '5': '1285-1405', '6': '1134-1272', '7': '5-131'}",4.0,"{'1': '156-527', '2': '1663-2020', '3': '1290-1414', '4': '1537-1657'}",,,1.0,{'1': '1665-2018'},,
P07170,5.0,"{'1': '10-23', '2': '38-52', '3': '88-104', '4': '167-182', '5': '184-198'}",1.0,{'1': '1-221'},1.0,{'1': '5-216'},1.0,{'1': '134-169'},1.0,{'1': '10-217'},1.0,{'1': '88-99'},,,1.0,{'1': '8-218'}
P07213,,,2.0,"{'1': '94-220', '2': '221-607'}",,,2.0,"{'1': '99-131', '2': '398-430'}",2.0,"{'1': '97-363', '2': '365-572'}",3.0,"{'1': '99-132', '2': '363-396', '3': '397-430'}",8.0,"{'1': '99-132', '2': '133-165', '3': '166-198', '4': '363-396', '5': '397-430', '6': '431-464', '7': '465-498', '8': '542-575'}",1.0,{'1': '1-614'}
P07236,5.0,"{'1': '128-156', '2': '161-184', '3': '272-300', '4': '315-328', '5': '342-354'}",2.0,"{'1': '339-462', '2': '33-338'}",,,2.0,"{'1': '114-337', '2': '349-456'}",1.0,{'1': '44-334'},1.0,{'1': '67-342'},,,1.0,{'1': '44-453'}
P07244,,,4.0,"{'1': '126-197', '2': '618-801', '3': '451-617', '4': '345-450'}",1.0,{'1': '90-797'},5.0,"{'1': '625-789', '2': '500-611', '3': '346-438', '4': '108-308', '5': '3-107'}",4.0,"{'1': '344-440', '2': '2-107', '3': '622-788', '4': '450-614'}",2.0,"{'1': '114-330', '2': '302-309'}",1.0,{'1': '345-440'},2.0,"{'1': '2-440', '2': '450-785'}"
P07245,7.0,"{'1': '35-57', '2': '76-103', '3': '111-132', '4': '158-178', '5': '207-236', '6': '256-272', '7': '273-291'}",2.0,"{'1': '321-491', '2': '508-831'}",,,3.0,"{'1': '322-946', '2': '6-122', '3': '126-299'}",3.0,"{'1': '323-944', '2': '124-299', '3': '1-123'}",4.0,"{'1': '423-433', '2': '710-721', '3': '77-102', '4': '277-285'}",,,,
P07246,,,,,,,2.0,"{'1': '209-337', '2': '57-168'}",2.0,"{'1': '32-203', '2': '171-342'}",1.0,{'1': '93-107'},1.0,{'1': '44-371'},,
P07248,,,,,1.0,{'1': '1-1318'},2.0,"{'1': '104-126', '2': '132-155'}",1.0,{'1': '102-150'},4.0,"{'1': '106-126', '2': '134-155', '3': '104-131', '4': '132-160'}",2.0,"{'1': '104-126', '2': '132-155'}",,
P07249,3.0,"{'1': '80-100', '2': '100-115', '3': '115-136'}",1.0,{'1': '90-162'},1.0,{'1': '80-140'},1.0,{'1': '87-134'},1.0,{'1': '79-158'},2.0,"{'1': '80-134', '2': '78-138'}",1.0,{'1': '78-137'},,
P07250,,,1.0,{'1': '25-355'},1.0,{'1': '5-353'},1.0,{'1': '114-352'},,,,,,,,
P07251,,,3.0,"{'1': '36-130', '2': '131-416', '3': '417-545'}",1.0,{'1': '40-545'},3.0,"{'1': '186-409', '2': '416-541', '3': '64-129'}",2.0,"{'1': '133-415', '2': '47-131'}",1.0,{'1': '400-409'},,,1.0,{'1': '41-545'}
P07253,,,,,1.0,{'1': '1-162'},,,,,,,,,,
P07255,,,,,,,,,,,,,,,,
P07256,,,,,1.0,{'1': '21-440'},2.0,"{'1': '190-370', '2': '37-181'}",2.0,"{'1': '28-237', '2': '242-447'}",,,,,,
P07257,,,,,1.0,{'1': '18-232'},1.0,{'1': '18-162'},2.0,"{'1': '17-213', '2': '221-368'}",1.0,{'1': '37-59'},,,,
P07258,,,2.0,"{'1': '160-375', '2': '5-159'}",,,2.0,"{'1': '12-145', '2': '188-368'}",2.0,"{'1': '155-372', '2': '7-157'}",,,1.0,{'1': '6-146'},1.0,{'1': '8-372'}
P07259,11.0,"{'1': '450-464', '2': '479-489', '3': '597-609', '4': '631-650', '5': '666-683', '6': '723-752', '7': '805-823', '8': '1956-1975', '9': '2039-2050', '10': '2165-2174', '11': '2175-2198'}",7.0,"{'1': '1107-1176', '2': '191-412', '3': '20-178', '4': '829-973', '5': '1912-2207', '6': '2039-2197', '7': '1358-1503'}",,,10.0,"{'1': '24-160', '2': '557-760', '3': '1095-1294', '4': '846-926', '5': '2058-2208', '6': '1911-2052', '7': '1375-1473', '8': '231-405', '9': '438-552', '10': '979-1090'}",8.0,"{'1': '436-559', '2': '977-1095', '3': '222-411', '4': '1509-1779', '5': '23-170', '6': '821-975', '7': '1907-2211', '8': '1360-1504'}",8.0,"{'1': '593-607', '2': '1130-1144', '3': '723-730', '4': '1259-1266', '5': '1956-1963', '6': '1356-1508', '7': '562-754', '8': '1099-1290'}",3.0,"{'1': '18-162', '2': '843-968', '3': '1375-1473'}",3.0,"{'1': '1911-2210', '2': '23-408', '3': '437-1485'}"
P07260,,,1.0,{'1': '1-213'},1.0,{'1': '24-201'},1.0,{'1': '38-195'},1.0,{'1': '5-208'},1.0,{'1': '92-115'},,,,
P07261,,,,,1.0,{'1': '10-755'},1.0,{'1': '638-704'},,,,,,,,
P07262,4.0,"{'1': '96-110', '2': '175-197', '3': '220-240', '4': '373-384'}",,,1.0,{'1': '2-453'},2.0,"{'1': '184-451', '2': '39-166'}",2.0,"{'1': '184-451', '2': '2-186'}",1.0,{'1': '104-117'},1.0,{'1': '186-451'},,
P07263,,,2.0,"{'1': '422-531', '2': '43-420'}",,,2.0,"{'1': '427-526', '2': '61-341'}",1.0,{'1': '56-412'},1.0,{'1': '60-444'},,,1.0,{'1': '56-504'}
P07264,9.0,"{'1': '95-108', '2': '121-129', '3': '132-145', '4': '146-161', '5': '208-221', '6': '222-235', '7': '299-313', '8': '356-367', '9': '413-426'}",3.0,"{'1': '531-724', '2': '11-299', '3': '338-508'}",1.0,{'1': '5-480'},2.0,"{'1': '545-671', '2': '14-471'}",1.0,{'1': '8-491'},2.0,"{'1': '352-368', '2': '413-426'}",,,2.0,"{'1': '9-479', '2': '545-736'}"
P07267,4.0,"{'1': '97-117', '2': '243-256', '3': '291-302', '4': '378-393'}",2.0,"{'1': '38-249', '2': '251-404'}",1.0,{'1': '75-403'},1.0,{'1': '90-404'},1.0,{'1': '8-404'},3.0,"{'1': '106-117', '2': '291-302', '3': '91-402'}",,,,
P07269,,,,,1.0,{'1': '26-558'},1.0,{'1': '78-134'},1.0,{'1': '61-136'},2.0,"{'1': '75-135', '2': '110-133'}",1.0,{'1': '77-139'},,
P07270,,,1.0,{'1': '251-312'},,,1.0,{'1': '251-307'},1.0,{'1': '251-310'},1.0,{'1': '250-306'},1.0,{'1': '256-312'},,
P07271,,,1.0,{'1': '196-431'},1.0,{'1': '184-547'},2.0,"{'1': '236-441', '2': '498-542'}",2.0,"{'1': '61-442', '2': '366-761'}",,,,,,
P07273,,,2.0,"{'1': '1-77', '2': '127-238'}",,,3.0,"{'1': '269-307', '2': '146-256', '3': '25-76'}",2.0,"{'1': '1-76', '2': '129-238'}",4.0,"{'1': '271-306', '2': '267-307', '3': '148-264', '4': '5-79'}",3.0,"{'1': '269-308', '2': '6-78', '3': '146-247'}",1.0,{'1': '3-309'}
P07274,10.0,"{'1': '3-12', '2': '36-56', '3': '60-74', '4': '95-108', '5': '108-125', '6': '1-9', '7': '48-62', '8': '67-76', '9': '79-94', '10': '112-125'}",,,1.0,{'1': '1-122'},1.0,{'1': '1-126'},1.0,{'1': '2-126'},1.0,{'1': '1-8'},1.0,{'1': '1-126'},,
P07275,,,2.0,"{'1': '31-560', '2': '319-525'}",1.0,{'1': '26-573'},1.0,{'1': '74-556'},1.0,{'1': '40-559'},2.0,"{'1': '344-355', '2': '316-323'}",,,1.0,{'1': '29-573'}
P07278,,,2.0,"{'1': '157-283', '2': '284-416'}",1.0,{'1': '21-409'},3.0,"{'1': '203-282', '2': '322-401', '3': '8-45'}",2.0,"{'1': '165-284', '2': '292-403'}",6.0,"{'1': '184-299', '2': '302-409', '3': '211-227', '4': '329-345', '5': '247-264', '6': '366-383'}",3.0,"{'1': '184-300', '2': '302-416', '3': '7-45'}",,
P07280,,,1.0,{'1': '1-143'},1.0,{'1': '4-141'},1.0,{'1': '5-141'},1.0,{'1': '4-142'},1.0,{'1': '90-109'},1.0,{'1': '5-142'},,
P07281,,,1.0,{'1': '1-143'},1.0,{'1': '5-141'},1.0,{'1': '5-141'},1.0,{'1': '4-142'},1.0,{'1': '90-109'},1.0,{'1': '5-142'},,
P07283,,,2.0,"{'1': '15-248', '2': '93-194'}",1.0,{'1': '10-252'},1.0,{'1': '36-253'},1.0,{'1': '15-252'},,,,,1.0,{'1': '15-231'}
P07284,5.0,"{'1': '281-293', '2': '293-306', '3': '333-346', '4': '350-366', '5': '368-384'}",2.0,"{'1': '1-109', '2': '110-452'}",1.0,{'1': '1-448'},2.0,"{'1': '232-419', '2': '1-112'}",2.0,"{'1': '1-116', '2': '151-435'}",1.0,{'1': '197-428'},,,1.0,{'1': '1-435'}
P07285,,,1.0,{'1': '103-380'},1.0,{'1': '8-376'},1.0,{'1': '103-367'},1.0,{'1': '102-376'},,,,,1.0,{'1': '52-374'}
P07342,,,,,1.0,{'1': '92-663'},3.0,"{'1': '496-643', '2': '289-431', '3': '93-208'}",3.0,"{'1': '284-459', '2': '92-264', '3': '464-675'}",1.0,{'1': '533-552'},,,1.0,{'1': '92-667'}
P07347,,,,,1.0,{'1': '3-217'},1.0,{'1': '88-167'},1.0,{'1': '1-194'},1.0,{'1': '35-195'},,,,
P07560,,,1.0,{'1': '14-215'},1.0,{'1': '14-203'},1.0,{'1': '22-181'},1.0,{'1': '16-186'},1.0,{'1': '14-215'},1.0,{'1': '23-183'},1.0,{'1': '19-173'}
P07703,,,2.0,"{'1': '42-324', '2': '77-217'}",1.0,{'1': '5-328'},2.0,"{'1': '89-218', '2': '53-324'}",2.0,"{'1': '38-331', '2': '76-221'}",1.0,{'1': '65-105'},1.0,{'1': '51-331'},,
P07806,5.0,"{'1': '183-194', '2': '394-411', '3': '511-524', '4': '624-645', '5': '655-673'}",4.0,"{'1': '359-406', '2': '145-350', '3': '476-704', '4': '1028-1099'}",1.0,{'1': '121-1099'},2.0,"{'1': '157-780', '2': '825-972'}",3.0,"{'1': '355-506', '2': '791-1049', '3': '1035-1099'}",1.0,{'1': '190-201'},,,1.0,{'1': '145-1082'}
P07807,,,1.0,{'1': '4-211'},1.0,{'1': '11-211'},1.0,{'1': '11-163'},1.0,{'1': '5-210'},2.0,"{'1': '7-210', '2': '20-42'}",,,,
P07834,3.0,"{'1': '436-450', '2': '543-557', '3': '585-599'}",1.0,{'1': '370-744'},,,8.0,"{'1': '374-408', '2': '413-449', '3': '453-492', '4': '523-556', '5': '561-598', '6': '626-658', '7': '275-321', '8': '227-272'}",2.0,"{'1': '270-368', '2': '373-734'}",9.0,"{'1': '418-458', '2': '459-502', '3': '526-565', '4': '566-601', '5': '628-667', '6': '272-319', '7': '436-450', '8': '543-557', '9': '585-599'}",8.0,"{'1': '370-408', '2': '411-449', '3': '452-493', '4': '519-556', '5': '559-598', '6': '621-658', '7': '661-698', '8': '278-318'}",,
P07866,,,1.0,{'1': '1172-1435'},1.0,{'1': '525-1417'},2.0,"{'1': '29-133', '2': '1198-1387'}",1.0,{'1': '8-1434'},3.0,"{'1': '25-157', '2': '1194-1434', '3': '1356-1386'}",2.0,"{'1': '24-157', '2': '1190-1435'}",,
P07884,,,1.0,{'1': '16-339'},1.0,{'1': '14-338'},,,1.0,{'1': '16-160'},,,,,1.0,{'1': '16-319'}
P07991,,,2.0,"{'1': '62-324', '2': '15-412'}",1.0,{'1': '5-421'},1.0,{'1': '18-421'},1.0,{'1': '16-422'},1.0,{'1': '238-277'},,,1.0,{'1': '8-422'}
P08004,,,,,1.0,{'1': '275-1122'},1.0,{'1': '374-447'},1.0,{'1': '575-825'},,,,,,
P08018,,,,,,,1.0,{'1': '362-623'},1.0,{'1': '351-634'},2.0,"{'1': '360-623', '2': '481-493'}",1.0,{'1': '360-623'},,
P08067,3.0,"{'1': '154-165', '2': '176-188', '3': '188-200'}",2.0,"{'1': '86-215', '2': '31-85'}",1.0,{'1': '32-215'},2.0,"{'1': '32-87', '2': '147-199'}",1.0,{'1': '78-214'},1.0,{'1': '123-214'},,,1.0,{'1': '58-214'}
P08417,4.0,"{'1': '159-177', '2': '205-223', '3': '296-323', '4': '342-358'}",1.0,{'1': '29-163'},1.0,{'1': '20-488'},2.0,"{'1': '433-485', '2': '36-367'}",1.0,{'1': '28-485'},1.0,{'1': '342-351'},,,1.0,{'1': '28-486'}
P08425,,,2.0,"{'1': '369-469', '2': '21-368'}",,,3.0,"{'1': '49-176', '2': '257-360', '3': '372-469'}",2.0,"{'1': '368-469', '2': '52-360'}",2.0,"{'1': '372-469', '2': '151-370'}",1.0,{'1': '372-469'},1.0,{'1': '18-468'}
P08466,,,1.0,{'1': '41-310'},1.0,{'1': '54-300'},1.0,{'1': '56-288'},1.0,{'1': '57-308'},1.0,{'1': '135-143'},2.0,"{'1': '73-290', '2': '74-290'}",,
P08518,,,3.0,"{'1': '783-973', '2': '753-1110', '3': '226-397'}",1.0,{'1': '23-1216'},7.0,"{'1': '753-1124', '2': '1126-1218', '3': '220-407', '4': '42-455', '5': '481-543', '6': '580-641', '7': '681-745'}",,,1.0,{'1': '977-989'},,,,
P08524,,,1.0,{'1': '1-351'},1.0,{'1': '7-352'},1.0,{'1': '38-304'},1.0,{'1': '9-351'},2.0,"{'1': '232-244', '2': '97-111'}",,,,
P08525,,,1.0,{'1': '2-94'},1.0,{'1': '7-89'},1.0,{'1': '12-88'},1.0,{'1': '3-93'},,,,,,
P08536,,,2.0,"{'1': '175-392', '2': '393-511'}",1.0,{'1': '1-441'},2.0,"{'1': '172-386', '2': '3-162'}",2.0,"{'1': '3-168', '2': '390-510'}",,,,,1.0,{'1': '4-386'}
P08539,10.0,"{'1': '43-58', '2': '286-308', '3': '315-332', '4': '337-365', '5': '383-392', '6': '67-79', '7': '304-314', '8': '394-406', '9': '422-433', '10': '448-458'}",4.0,"{'1': '70-112', '2': '216-299', '3': '43-69', '4': '300-459'}",1.0,{'1': '12-469'},1.0,{'1': '21-461'},2.0,"{'1': '69-298', '2': '38-469'}",1.0,{'1': '40-472'},1.0,{'1': '21-471'},,
P08566,,,4.0,"{'1': '1067-1307', '2': '877-1063', '3': '419-862', '4': '425-652'}",,,8.0,"{'1': '1078-1298', '2': '411-865', '3': '1430-1505', '4': '1311-1393', '5': '72-184', '6': '897-1062', '7': '1556-1581', '8': '186-365'}",4.0,"{'1': '417-867', '2': '886-1033', '3': '1407-1586', '4': '1299-1406'}",4.0,"{'1': '1171-1199', '2': '945-973', '3': '494-508', '4': '763-781'}",,,4.0,"{'1': '1077-1298', '2': '420-867', '3': '1302-1585', '4': '14-397'}"
P08678,,,6.0,"{'1': '1657-1887', '2': '775-923', '3': '924-1034', '4': '1035-1153', '5': '1159-1308', '6': '1343-1626'}",1.0,{'1': '1000-1339'},9.0,"{'1': '1663-1840', '2': '865-921', '3': '933-989', '4': '1211-1269', '5': '1374-1617', '6': '368-418', '7': '1892-1989', '8': '680-773', '9': '1045-1163'}",2.0,"{'1': '1658-1881', '2': '1338-1624'}",10.0,"{'1': '676-755', '2': '1668-1805', '3': '887-909', '4': '933-954', '5': '956-977', '6': '978-999', '7': '1111-1133', '8': '1190-1210', '9': '1211-1232', '10': '1357-1624'}",15.0,"{'1': '676-756', '2': '1611-1833', '3': '1347-1622', '4': '885-907', '5': '908-931', '6': '932-954', '7': '976-999', '8': '1016-1039', '9': '1040-1062', '10': '1063-1085', '11': '1086-1108', '12': '1109-1132', '13': '1209-1232', '14': '1233-1256', '15': '367-420'}",,
P08679,6.0,"{'1': '198-211', '2': '246-261', '3': '269-297', '4': '329-349', '5': '390-406', '6': '411-425'}",2.0,"{'1': '32-442', '2': '296-410'}",1.0,{'1': '19-451'},1.0,{'1': '64-442'},1.0,{'1': '25-454'},1.0,{'1': '336-348'},,,1.0,{'1': '24-449'}
P08964,5.0,"{'1': '105-124', '2': '173-198', '3': '229-256', '4': '459-487', '5': '513-541'}",1.0,{'1': '73-716'},,,1.0,{'1': '77-779'},1.0,{'1': '57-847'},2.0,"{'1': '75-791', '2': '8-71'}",1.0,{'1': '69-792'},,
P09032,,,1.0,{'1': '55-304'},1.0,{'1': '2-521'},1.0,{'1': '428-487'},2.0,"{'1': '394-512', '2': '61-495'}",,,,,,
P09064,,,,,1.0,{'1': '133-282'},1.0,{'1': '155-264'},2.0,"{'1': '129-236', '2': '233-270'}",,,1.0,{'1': '155-265'},,
P09232,3.0,"{'1': '316-335', '2': '353-366', '3': '516-532'}",2.0,"{'1': '282-587', '2': '181-279'}",1.0,{'1': '168-586'},2.0,"{'1': '317-564', '2': '182-279'}",1.0,{'1': '280-581'},3.0,"{'1': '357-367', '2': '321-332', '3': '517-527'}",,,,
P09435,,,2.0,"{'1': '383-536', '2': '537-649'}",1.0,{'1': '4-573'},1.0,{'1': '4-609'},4.0,"{'1': '385-541', '2': '535-616', '3': '1-185', '4': '190-380'}",3.0,"{'1': '7-14', '2': '195-208', '3': '332-346'}",,,,
P09436,5.0,"{'1': '40-51', '2': '220-243', '3': '396-411', '4': '521-534', '5': '561-570'}",2.0,"{'1': '2-228', '2': '374-640'}",1.0,{'1': '4-1059'},2.0,"{'1': '17-640', '2': '693-851'}",2.0,"{'1': '198-398', '2': '657-914'}",1.0,{'1': '47-58'},,,1.0,{'1': '5-865'}
P09440,7.0,"{'1': '67-89', '2': '108-135', '3': '143-164', '4': '190-210', '5': '239-268', '6': '280-296', '7': '297-315'}",2.0,"{'1': '345-506', '2': '644-845'}",,,3.0,"{'1': '346-975', '2': '38-154', '3': '157-323'}",3.0,"{'1': '347-973', '2': '156-323', '3': '35-155'}",4.0,"{'1': '447-457', '2': '739-750', '3': '109-134', '4': '301-309'}",,,,
P09457,5.0,"{'1': '32-51', '2': '103-114', '3': '114-128', '4': '168-183', '5': '183-201'}",1.0,{'1': '31-126'},1.0,{'1': '17-210'},1.0,{'1': '32-208'},1.0,{'1': '28-134'},1.0,{'1': '170-189'},,,1.0,{'1': '35-208'}
P09547,,,1.0,{'1': '394-513'},1.0,{'1': '109-1081'},1.0,{'1': '408-489'},1.0,{'1': '406-504'},1.0,{'1': '406-493'},1.0,{'1': '407-494'},,
P09620,4.0,"{'1': '125-137', '2': '138-148', '3': '180-205', '4': '460-473'}",1.0,{'1': '23-505'},1.0,{'1': '53-476'},1.0,{'1': '51-483'},1.0,{'1': '26-495'},2.0,"{'1': '194-201', '2': '460-477'}",,,,
P09624,,,3.0,"{'1': '379-499', '2': '28-363', '3': '179-304'}",1.0,{'1': '25-493'},2.0,"{'1': '380-488', '2': '27-361'}",2.0,"{'1': '377-498', '2': '21-368'}",1.0,{'1': '62-72'},,,1.0,{'1': '27-498'}
P09733,22.0,"{'1': '10-30', '2': '54-73', '3': '96-107', '4': '109-133', '5': '135-153', '6': '154-175', '7': '179-192', '8': '193-213', '9': '381-409', '10': '18-33', '11': '46-59', '12': '89-102', '13': '121-129', '14': '149-161', '15': '162-173', '16': '215-227', '17': '275-290', '18': '322-343', '19': '348-361', '20': '361-380', '21': '386-402', '22': '423-439'}",3.0,"{'1': '385-447', '2': '1-269', '3': '270-384'}",1.0,{'1': '2-440'},2.0,"{'1': '3-215', '2': '264-393'}",2.0,"{'1': '247-440', '2': '1-245'}",1.0,{'1': '143-149'},2.0,"{'1': '50-247', '2': '249-394'}",,
P09734,22.0,"{'1': '10-30', '2': '54-73', '3': '96-107', '4': '109-133', '5': '135-153', '6': '154-175', '7': '179-192', '8': '193-213', '9': '381-409', '10': '18-33', '11': '46-59', '12': '89-102', '13': '121-129', '14': '149-161', '15': '162-173', '16': '215-227', '17': '275-290', '18': '322-343', '19': '348-361', '20': '361-380', '21': '386-402', '22': '423-439'}",3.0,"{'1': '385-437', '2': '1-269', '3': '270-384'}",1.0,{'1': '2-440'},2.0,"{'1': '3-215', '2': '264-393'}",2.0,"{'1': '247-440', '2': '1-245'}",1.0,{'1': '143-149'},2.0,"{'1': '50-247', '2': '249-394'}",,
P09798,,,1.0,{'1': '229-756'},,,2.0,"{'1': '361-389', '2': '709-741'}",2.0,"{'1': '260-399', '2': '366-752'}",5.0,"{'1': '359-392', '2': '531-564', '3': '633-666', '4': '674-707', '5': '708-741'}",8.0,"{'1': '359-392', '2': '463-496', '3': '531-564', '4': '565-598', '5': '599-632', '6': '633-666', '7': '674-707', '8': '708-741'}",,
P09938,,,1.0,{'1': '26-359'},1.0,{'1': '73-397'},1.0,{'1': '85-353'},1.0,{'1': '31-359'},1.0,{'1': '175-191'},,,,
P09950,,,2.0,"{'1': '129-388', '2': '112-480'}",1.0,{'1': '68-482'},1.0,{'1': '114-479'},1.0,{'1': '77-487'},1.0,{'1': '334-343'},,,1.0,{'1': '71-491'}
P09959,,,1.0,{'1': '212-514'},1.0,{'1': '46-784'},3.0,"{'1': '317-345', '2': '469-501', '3': '5-106'}",1.0,{'1': '305-509'},2.0,"{'1': '317-349', '2': '469-501'}",2.0,"{'1': '317-346', '2': '469-498'}",,
P0C0T4,,,,,1.0,{'1': '1-105'},1.0,{'1': '5-104'},1.0,{'1': '44-102'},,,,,,
P0C0V8,,,1.0,{'1': '1-87'},1.0,{'1': '1-80'},1.0,{'1': '1-80'},,,1.0,{'1': '11-19'},,,,
P0C0W1,,,,,1.0,{'1': '1-129'},1.0,{'1': '7-130'},1.0,{'1': '4-130'},1.0,{'1': '100-117'},,,,
P0C0W9,,,1.0,{'1': '1-174'},1.0,{'1': '4-173'},2.0,"{'1': '64-140', '2': '7-60'}",1.0,{'1': '7-169'},1.0,{'1': '37-53'},,,,
P0C0X0,,,1.0,{'1': '1-67'},1.0,{'1': '5-67'},1.0,{'1': '6-66'},1.0,{'1': '5-67'},1.0,{'1': '58-66'},,,,
P0C2H6,,,1.0,{'1': '1-136'},1.0,{'1': '1-136'},1.0,{'1': '52-136'},1.0,{'1': '3-136'},1.0,{'1': '125-136'},,,,
P0C2H7,,,1.0,{'1': '1-136'},1.0,{'1': '1-136'},1.0,{'1': '52-136'},1.0,{'1': '3-136'},1.0,{'1': '125-136'},,,,
P0C2H8,,,1.0,{'1': '1-113'},1.0,{'1': '4-111'},1.0,{'1': '6-87'},1.0,{'1': '6-88'},1.0,{'1': '49-63'},1.0,{'1': '5-88'},,
P0C2H9,,,1.0,{'1': '1-113'},1.0,{'1': '4-111'},1.0,{'1': '6-87'},1.0,{'1': '6-88'},1.0,{'1': '49-63'},1.0,{'1': '5-88'},,
P0C2I6,,,1.0,{'1': '656-834'},1.0,{'1': '592-873'},4.0,"{'1': '663-763', '2': '1281-1487', '3': '17-400', '4': '829-890'}",2.0,"{'1': '662-812', '2': '1332-1663'}",2.0,"{'1': '660-829', '2': '458-469'}",,,,
P0C2J1,,,1.0,{'1': '656-834'},1.0,{'1': '592-873'},4.0,"{'1': '663-763', '2': '1281-1487', '3': '17-400', '4': '829-890'}",2.0,"{'1': '662-812', '2': '1332-1661'}",2.0,"{'1': '660-829', '2': '458-469'}",,,,
P0CH08,3.0,"{'1': '11-31', '2': '32-52', '3': '53-74'}",1.0,{'1': '81-128'},1.0,{'1': '1-87'},2.0,"{'1': '3-74', '2': '78-127'}",1.0,{'1': '1-93'},2.0,"{'1': '1-76', '2': '27-52'}",2.0,"{'1': '1-72', '2': '77-128'}",,
P0CH09,3.0,"{'1': '11-31', '2': '32-52', '3': '53-74'}",1.0,{'1': '81-128'},1.0,{'1': '1-87'},2.0,"{'1': '3-74', '2': '78-127'}",1.0,{'1': '1-93'},2.0,"{'1': '1-76', '2': '27-52'}",2.0,"{'1': '1-72', '2': '77-128'}",,
P0CS90,,,2.0,"{'1': '406-545', '2': '547-635'}",1.0,{'1': '32-588'},1.0,{'1': '32-632'},4.0,"{'1': '407-562', '2': '530-633', '3': '32-212', '4': '214-405'}",3.0,"{'1': '35-42', '2': '219-232', '3': '360-374'}",,,1.0,{'1': '32-632'}
P0CT04,,,1.0,{'1': '1-75'},1.0,{'1': '2-75'},,,,,,,,,,
P0CX12,,,,,,,2.0,"{'1': '68-167', '2': '256-351'}",,,,,,,,
P0CX23,,,,,1.0,{'1': '4-171'},1.0,{'1': '5-127'},,,,,,,,
P0CX24,,,,,1.0,{'1': '4-171'},1.0,{'1': '5-127'},,,,,,,,
P0CX25,,,1.0,{'1': '1-92'},1.0,{'1': '1-91'},1.0,{'1': '4-88'},1.0,{'1': '10-82'},,,,,1.0,{'1': '1-92'}
P0CX26,,,1.0,{'1': '1-92'},1.0,{'1': '1-91'},1.0,{'1': '4-88'},1.0,{'1': '10-82'},,,,,1.0,{'1': '1-92'}
P0CX27,,,1.0,{'1': '1-106'},1.0,{'1': '1-106'},1.0,{'1': '19-94'},1.0,{'1': '2-94'},1.0,{'1': '63-74'},,,,
P0CX28,,,1.0,{'1': '1-106'},1.0,{'1': '1-106'},1.0,{'1': '19-94'},1.0,{'1': '2-94'},1.0,{'1': '63-74'},,,,
P0CX29,,,1.0,{'1': '27-145'},1.0,{'1': '4-145'},1.0,{'1': '38-144'},1.0,{'1': '22-143'},1.0,{'1': '62-69'},,,1.0,{'1': '8-144'}
P0CX30,,,1.0,{'1': '27-145'},1.0,{'1': '4-145'},1.0,{'1': '38-144'},1.0,{'1': '22-143'},1.0,{'1': '62-69'},,,1.0,{'1': '8-144'}
P0CX31,,,1.0,{'1': '1-135'},1.0,{'1': '1-127'},1.0,{'1': '8-102'},1.0,{'1': '5-105'},1.0,{'1': '64-86'},,,,
P0CX32,,,1.0,{'1': '1-135'},1.0,{'1': '1-127'},1.0,{'1': '8-102'},1.0,{'1': '5-105'},1.0,{'1': '64-86'},,,,
P0CX33,,,,,,,1.0,{'1': '3-58'},,,,,,,,
P0CX34,,,,,,,1.0,{'1': '3-58'},,,,,,,,
P0CX35,,,3.0,"{'1': '175-245', '2': '1-117', '3': '122-172'}",1.0,{'1': '2-255'},5.0,"{'1': '43-90', '2': '178-211', '3': '3-39', '4': '95-169', '5': '212-259'}",,,1.0,{'1': '8-22'},1.0,{'1': '42-106'},,
P0CX36,,,3.0,"{'1': '175-245', '2': '1-117', '3': '122-172'}",1.0,{'1': '2-255'},5.0,"{'1': '43-90', '2': '178-211', '3': '3-39', '4': '95-169', '5': '212-259'}",,,1.0,{'1': '8-22'},1.0,{'1': '42-106'},,
P0CX37,,,,,1.0,{'1': '1-233'},1.0,{'1': '1-126'},,,1.0,{'1': '52-63'},1.0,{'1': '1-126'},,
P0CX38,,,,,1.0,{'1': '1-233'},1.0,{'1': '1-126'},,,1.0,{'1': '52-63'},1.0,{'1': '1-126'},,
P0CX39,,,1.0,{'1': '108-163'},1.0,{'1': '1-200'},1.0,{'1': '5-184'},,,1.0,{'1': '11-30'},,,1.0,{'1': '1-186'}
P0CX40,,,1.0,{'1': '108-163'},1.0,{'1': '1-200'},1.0,{'1': '5-184'},,,1.0,{'1': '11-30'},,,1.0,{'1': '1-186'}
P0CX41,,,1.0,{'1': '1-137'},1.0,{'1': '5-134'},1.0,{'1': '18-136'},1.0,{'1': '7-137'},1.0,{'1': '76-102'},1.0,{'1': '16-137'},,
P0CX42,,,1.0,{'1': '1-137'},1.0,{'1': '5-134'},1.0,{'1': '18-136'},1.0,{'1': '7-137'},1.0,{'1': '76-102'},1.0,{'1': '16-137'},,
P0CX43,,,1.0,{'1': '66-155'},1.0,{'1': '13-197'},1.0,{'1': '22-212'},1.0,{'1': '12-217'},1.0,{'1': '117-136'},,,,
P0CX44,,,1.0,{'1': '66-155'},1.0,{'1': '13-197'},1.0,{'1': '22-212'},1.0,{'1': '12-217'},1.0,{'1': '117-136'},,,,
P0CX45,,,3.0,"{'1': '1-86', '2': '90-169', '3': '170-247'}",1.0,{'1': '3-249'},1.0,{'1': '97-223'},2.0,"{'1': '99-245', '2': '1-97'}",1.0,{'1': '197-208'},2.0,"{'1': '11-90', '2': '96-231'}",,
P0CX48,3.0,"{'1': '87-110', '2': '120-130', '3': '130-137'}",,,1.0,{'1': '29-149'},2.0,"{'1': '73-141', '2': '8-71'}",1.0,{'1': '67-147'},1.0,{'1': '120-132'},,,1.0,{'1': '54-142'}
P0CX50,,,,,1.0,{'1': '1-186'},1.0,{'1': '2-186'},1.0,{'1': '20-141'},1.0,{'1': '50-67'},,,,
P0CX51,,,1.0,{'1': '2-143'},1.0,{'1': '6-140'},1.0,{'1': '11-143'},1.0,{'1': '6-143'},1.0,{'1': '71-89'},,,,
P0CX53,,,2.0,"{'1': '81-163', '2': '1-80'}",1.0,{'1': '1-163'},2.0,"{'1': '74-143', '2': '14-69'}",2.0,"{'1': '75-147', '2': '1-86'}",1.0,{'1': '130-144'},1.0,{'1': '13-144'},,
P0CX54,,,2.0,"{'1': '81-163', '2': '1-80'}",1.0,{'1': '1-163'},2.0,"{'1': '74-143', '2': '14-69'}",2.0,"{'1': '75-147', '2': '1-86'}",1.0,{'1': '130-144'},1.0,{'1': '13-144'},,
P0CX55,,,1.0,{'1': '94-146'},,,1.0,{'1': '16-144'},1.0,{'1': '15-143'},1.0,{'1': '123-136'},,,,
P0CX56,,,1.0,{'1': '94-146'},,,1.0,{'1': '16-144'},1.0,{'1': '15-143'},1.0,{'1': '123-136'},,,,
P0CX80,,,1.0,{'1': '9-61'},,,1.0,{'1': '9-47'},1.0,{'1': '9-48'},,,,,,
P0CX81,,,1.0,{'1': '9-61'},,,1.0,{'1': '9-47'},1.0,{'1': '9-48'},,,,,,
P0CX82,,,1.0,{'1': '1-56'},1.0,{'1': '1-187'},2.0,"{'1': '3-54', '2': '57-145'}",1.0,{'1': '3-143'},1.0,{'1': '7-26'},1.0,{'1': '3-146'},,
P0CX83,,,1.0,{'1': '1-56'},1.0,{'1': '1-187'},2.0,"{'1': '3-54', '2': '57-145'}",1.0,{'1': '3-143'},1.0,{'1': '7-26'},1.0,{'1': '3-146'},,
P0CX84,,,1.0,{'1': '1-68'},1.0,{'1': '1-120'},1.0,{'1': '8-60'},1.0,{'1': '4-64'},1.0,{'1': '40-54'},,,1.0,{'1': '8-61'}
P0CX85,,,1.0,{'1': '1-68'},1.0,{'1': '1-120'},1.0,{'1': '8-60'},1.0,{'1': '4-64'},1.0,{'1': '40-54'},,,1.0,{'1': '8-61'}
P0CX86,,,,,,,1.0,{'1': '1-25'},,,,,,,,
P0CX87,,,,,,,1.0,{'1': '1-25'},,,,,,,,
P10080,,,2.0,"{'1': '5-175', '2': '177-283'}",1.0,{'1': '18-165'},1.0,{'1': '39-113'},2.0,"{'1': '26-150', '2': '145-272'}",2.0,"{'1': '37-119', '2': '186-274'}",2.0,"{'1': '38-115', '2': '187-270'}",,
P10081,,,2.0,"{'1': '9-229', '2': '230-394'}",,,2.0,"{'1': '247-355', '2': '47-210'}",2.0,"{'1': '58-100', '2': '91-374'}",4.0,"{'1': '168-176', '2': '233-394', '3': '53-222', '4': '22-50'}",2.0,"{'1': '274-355', '2': '41-237'}",,
P10127,,,,,1.0,{'1': '1-380'},2.0,"{'1': '10-178', '2': '189-380'}",,,2.0,"{'1': '261-281', '2': '174-202'}",,,,
P10174,,,,,,,1.0,{'1': '3-54'},,,,,,,,
P10363,,,,,,,1.0,{'1': '110-343'},,,,,,,1.0,{'1': '13-362'}
P10507,,,,,1.0,{'1': '20-451'},2.0,"{'1': '189-380', '2': '37-183'}",2.0,"{'1': '23-238', '2': '256-455'}",1.0,{'1': '57-80'},,,,
P10591,,,2.0,"{'1': '382-536', '2': '537-608'}",1.0,{'1': '4-568'},1.0,{'1': '4-607'},4.0,"{'1': '384-540', '2': '535-614', '3': '1-185', '4': '188-379'}",3.0,"{'1': '7-14', '2': '194-207', '3': '331-345'}",,,,
P10592,,,2.0,"{'1': '382-536', '2': '537-608'}",1.0,{'1': '4-566'},1.0,{'1': '4-607'},4.0,"{'1': '384-540', '2': '535-613', '3': '1-185', '4': '188-379'}",3.0,"{'1': '7-14', '2': '194-207', '3': '331-345'}",,,,
P10614,12.0,"{'1': '314-331', '2': '368-379', '3': '461-470', '4': '470-481', '5': '56-73', '6': '78-101', '7': '305-331', '8': '363-379', '9': '398-412', '10': '414-432', '11': '454-470', '12': '470-488'}",1.0,{'1': '53-530'},1.0,{'1': '40-518'},1.0,{'1': '59-520'},1.0,{'1': '52-524'},1.0,{'1': '463-472'},,,,
P10622,,,1.0,{'1': '1-59'},,,,,,,,,,,,
P10659,,,,,1.0,{'1': '3-381'},3.0,"{'1': '5-102', '2': '117-237', '3': '239-376'}",3.0,"{'1': '5-110', '2': '114-238', '3': '239-381'}",2.0,"{'1': '118-128', '2': '265-273'}",,,1.0,{'1': '6-381'}
P10662,,,1.0,{'1': '131-320'},,,,,1.0,{'1': '135-313'},,,,,,
P10663,,,,,1.0,{'1': '18-115'},1.0,{'1': '61-112'},,,1.0,{'1': '77-99'},,,,
P10664,,,1.0,{'1': '1-300'},1.0,{'1': '1-350'},2.0,"{'1': '22-260', '2': '273-346'}",1.0,{'1': '5-260'},1.0,{'1': '114-140'},,,,
P10834,,,,,,,,,1.0,{'1': '193-261'},,,1.0,{'1': '199-270'},,
P10849,,,,,1.0,{'1': '84-431'},1.0,{'1': '210-434'},,,,,,,,
P10862,,,1.0,{'1': '8-99'},1.0,{'1': '3-472'},1.0,{'1': '277-312'},,,4.0,"{'1': '28-65', '2': '278-312', '3': '187-215', '4': '43-52'}",3.0,"{'1': '28-65', '2': '278-312', '3': '187-211'}",1.0,{'1': '1-416'}
P10863,,,,,1.0,{'1': '1-231'},2.0,"{'1': '212-227', '2': '13-113'}",,,3.0,"{'1': '214-224', '2': '210-228', '3': '96-102'}",,,,
P10869,,,1.0,{'1': '13-325'},,,2.0,"{'1': '13-310', '2': '440-499'}",3.0,"{'1': '14-324', '2': '351-413', '3': '427-503'}",2.0,"{'1': '442-527', '2': '16-24'}",,,1.0,{'1': '13-501'}
P10961,3.0,"{'1': '175-198', '2': '213-225', '3': '226-238'}",1.0,{'1': '166-276'},,,1.0,{'1': '175-274'},1.0,{'1': '172-274'},1.0,{'1': '214-238'},1.0,{'1': '171-275'},,
P10962,,,,,,,2.0,"{'1': '138-235', '2': '5-117'}",,,,,,,,
P10964,,,3.0,"{'1': '828-991', '2': '661-827', '3': '3-131'}",1.0,{'1': '16-1657'},5.0,"{'1': '473-652', '2': '656-833', '3': '10-469', '4': '989-1610', '5': '892-982'}",,,,,1.0,{'1': '353-681'},,
P11075,,,1.0,{'1': '903-1023'},,,5.0,"{'1': '827-1010', '2': '1369-1449', '3': '226-427', '4': '497-663', '5': '1823-1999'}",2.0,"{'1': '1346-1690', '2': '818-1012'}",1.0,{'1': '820-1008'},1.0,{'1': '824-1010'},,
P11076,4.0,"{'1': '19-42', '2': '47-71', '3': '74-99', '4': '119-140'}",1.0,{'1': '6-181'},1.0,{'1': '1-175'},1.0,{'1': '6-176'},1.0,{'1': '14-179'},,,1.0,{'1': '1-177'},1.0,{'1': '16-160'}
P11154,,,1.0,{'1': '537-839'},1.0,{'1': '18-1169'},6.0,"{'1': '1103-1167', '2': '710-826', '3': '851-1051', '4': '135-343', '5': '20-130', '6': '359-466'}",3.0,"{'1': '1091-1169', '2': '354-472', '3': '13-131'}",7.0,"{'1': '1094-1169', '2': '557-824', '3': '1125-1142', '4': '173-187', '5': '306-313', '6': '140-337', '7': '18-470'}",1.0,{'1': '359-466'},1.0,{'1': '21-1169'}
P11325,7.0,"{'1': '141-158', '2': '167-183', '3': '200-213', '4': '230-249', '5': '512-530', '6': '551-573', '7': '588-598'}",2.0,"{'1': '47-301', '2': '419-606'}",1.0,{'1': '26-885'},2.0,"{'1': '441-601', '2': '236-380'}",2.0,"{'1': '238-444', '2': '696-823'}",1.0,{'1': '56-67'},,,1.0,{'1': '22-893'}
P11353,7.0,"{'1': '37-53', '2': '55-76', '3': '113-137', '4': '149-171', '5': '186-215', '6': '258-285', '7': '287-313'}",1.0,{'1': '4-328'},1.0,{'1': '9-327'},1.0,{'1': '15-326'},1.0,{'1': '9-327'},1.0,{'1': '190-214'},,,,
P11412,5.0,"{'1': '152-165', '2': '176-204', '3': '228-245', '4': '246-262', '5': '331-357'}",,,1.0,{'1': '10-486'},2.0,"{'1': '16-196', '2': '198-484'}",1.0,{'1': '9-199'},1.0,{'1': '186-192'},,,1.0,{'1': '11-487'}
P11433,,,3.0,"{'1': '460-683', '2': '281-459', '3': '146-280'}",1.0,{'1': '5-688'},2.0,"{'1': '282-452', '2': '156-242'}",1.0,{'1': '268-475'},5.0,"{'1': '278-454', '2': '403-428', '3': '135-246', '4': '478-668', '5': '761-854'}",4.0,"{'1': '282-453', '2': '761-854', '3': '137-240', '4': '479-670'}",,
P11484,,,2.0,"{'1': '381-512', '2': '515-613'}",1.0,{'1': '9-576'},1.0,{'1': '9-610'},4.0,"{'1': '391-547', '2': '541-598', '3': '9-188', '4': '193-385'}",3.0,"{'1': '12-19', '2': '200-213', '3': '337-351'}",,,,
P11491,5.0,"{'1': '66-86', '2': '120-135', '3': '157-177', '4': '206-216', '5': '301-330'}",1.0,{'1': '70-517'},1.0,{'1': '60-529'},1.0,{'1': '66-527'},1.0,{'1': '39-535'},1.0,{'1': '120-128'},1.0,{'1': '67-528'},,
P11745,,,1.0,{'1': '14-364'},1.0,{'1': '13-401'},2.0,"{'1': '45-63', '2': '106-121'}",,,,,,,,
P11746,3.0,"{'1': '18-38', '2': '38-53', '3': '53-74'}",1.0,{'1': '28-100'},1.0,{'1': '18-237'},1.0,{'1': '25-72'},1.0,{'1': '18-100'},2.0,"{'1': '18-72', '2': '16-76'}",1.0,{'1': '16-75'},,
P11747,,,1.0,{'1': '10-53'},1.0,{'1': '4-156'},1.0,{'1': '9-101'},1.0,{'1': '11-53'},,,,,,
P11792,,,1.0,{'1': '176-400'},,,4.0,"{'1': '183-210', '2': '321-363', '3': '412-671', '4': '694-738'}",2.0,"{'1': '410-732', '2': '321-401'}",5.0,"{'1': '166-378', '2': '412-671', '3': '672-748', '4': '534-546', '5': '418-451'}",3.0,"{'1': '184-397', '2': '412-671', '3': '672-740'}",,
P11914,,,,,1.0,{'1': '19-436'},2.0,"{'1': '182-374', '2': '29-176'}",2.0,"{'1': '19-229', '2': '235-459'}",1.0,{'1': '49-72'},,,,
P11938,,,2.0,"{'1': '115-216', '2': '778-827'}",1.0,{'1': '108-825'},4.0,"{'1': '362-411', '2': '126-206', '3': '448-579', '4': '741-823'}",3.0,"{'1': '360-439', '2': '446-594', '3': '95-213'}",3.0,"{'1': '355-411', '2': '121-208', '3': '355-415'}",2.0,"{'1': '359-413', '2': '123-198'}",,
P11972,,,2.0,"{'1': '268-361', '2': '394-689'}",,,2.0,"{'1': '289-353', '2': '421-538'}",2.0,"{'1': '416-687', '2': '257-366'}",2.0,"{'1': '273-358', '2': '420-689'}",3.0,"{'1': '50-135', '2': '279-358', '3': '420-689'}",,
P11978,,,,,,,1.0,{'1': '746-886'},,,,,,,,
P11986,,,,,1.0,{'1': '10-530'},2.0,"{'1': '66-515', '2': '324-439'}",1.0,{'1': '10-532'},,,,,,
P12383,,,1.0,{'1': '37-100'},1.0,{'1': '36-957'},2.0,"{'1': '44-78', '2': '311-651'}",1.0,{'1': '36-78'},2.0,"{'1': '45-72', '2': '45-74'}",2.0,"{'1': '40-83', '2': '490-563'}",,
P12385,,,3.0,"{'1': '1-133', '2': '275-430', '3': '134-273'}",1.0,{'1': '3-423'},3.0,"{'1': '15-136', '2': '142-273', '3': '277-412'}",2.0,"{'1': '5-138', '2': '274-416'}",,,1.0,{'1': '2-138'},1.0,{'1': '10-412'}
P12611,,,1.0,{'1': '13-191'},,,,,1.0,{'1': '40-119'},,,,,,
P12612,5.0,"{'1': '38-54', '2': '60-78', '3': '90-109', '4': '384-406', '5': '418-430'}",3.0,"{'1': '220-380', '2': '146-416', '3': '33-545'}",1.0,{'1': '21-547'},1.0,{'1': '36-546'},3.0,"{'1': '215-389', '2': '148-415', '3': '19-546'}",3.0,"{'1': '41-53', '2': '62-78', '3': '90-98'}",,,1.0,{'1': '14-553'}
P12630,4.0,"{'1': '51-71', '2': '222-235', '3': '284-295', '4': '369-384'}",2.0,"{'1': '36-227', '2': '229-406'}",1.0,{'1': '38-394'},1.0,{'1': '45-395'},1.0,{'1': '37-400'},2.0,"{'1': '284-295', '2': '45-393'}",,,,
P12683,6.0,"{'1': '681-702', '2': '708-728', '3': '799-817', '4': '841-866', '5': '892-918', '6': '944-965'}",3.0,"{'1': '742-860', '2': '692-1020', '3': '607-691'}",1.0,{'1': '212-1026'},3.0,"{'1': '646-1025', '2': '10-160', '3': '215-361'}",2.0,"{'1': '742-860', '2': '601-1015'}",5.0,"{'1': '189-357', '2': '618-1025', '3': '801-815', '4': '956-963', '5': '1010-1023'}",,,1.0,{'1': '616-1025'}
P12684,6.0,"{'1': '677-698', '2': '704-724', '3': '795-813', '4': '837-862', '5': '888-914', '6': '940-961'}",3.0,"{'1': '738-856', '2': '688-1016', '3': '601-687'}",1.0,{'1': '211-1024'},3.0,"{'1': '643-1021', '2': '10-159', '3': '213-361'}",2.0,"{'1': '738-856', '2': '598-1011'}",5.0,"{'1': '188-356', '2': '614-1021', '3': '797-811', '4': '952-959', '5': '1006-1019'}",,,1.0,{'1': '612-1021'}
P12685,,,,,1.0,{'1': '19-1189'},1.0,{'1': '625-1179'},,,,,,,1.0,{'1': '3-1173'}
P12687,3.0,"{'1': '30-54', '2': '55-79', '3': '80-104'}",,,1.0,{'1': '20-135'},2.0,"{'1': '28-109', '2': '135-371'}",,,1.0,{'1': '60-74'},,,1.0,{'1': '27-109'}
P12688,,,,,,,2.0,"{'1': '349-602', '2': '623-663'}",1.0,{'1': '344-668'},4.0,"{'1': '347-602', '2': '603-673', '3': '466-478', '4': '353-380'}",2.0,"{'1': '347-602', '2': '603-665'}",,
P12689,,,3.0,"{'1': '159-251', '2': '621-741', '3': '431-532'}",,,4.0,"{'1': '361-521', '2': '164-247', '3': '620-745', '4': '548-603'}",3.0,"{'1': '143-249', '2': '619-732', '3': '341-605'}",2.0,"{'1': '358-554', '2': '161-249'}",1.0,{'1': '163-239'},,
P12695,,,2.0,"{'1': '235-479', '2': '164-215'}",1.0,{'1': '21-482'},3.0,"{'1': '37-108', '2': '250-482', '3': '174-209'}",2.0,"{'1': '33-126', '2': '169-213'}",3.0,"{'1': '34-110', '2': '59-88', '3': '175-212'}",,,1.0,{'1': '37-482'}
P12709,6.0,"{'1': '161-180', '2': '273-291', '3': '350-371', '4': '471-489', '5': '489-503', '6': '503-516'}",1.0,{'1': '513-554'},1.0,{'1': '8-552'},1.0,{'1': '63-547'},1.0,{'1': '13-553'},3.0,"{'1': '15-553', '2': '503-520', '3': '277-290'}",,,,
P12753,,,2.0,"{'1': '3-298', '2': '1047-1304'}",,,2.0,"{'1': '666-718', '2': '6-250'}",1.0,{'1': '19-1278'},1.0,{'1': '640-741'},,,1.0,{'1': '3-1303'}
P12754,,,1.0,{'1': '382-647'},,,1.0,{'1': '286-637'},1.0,{'1': '269-647'},,,,,,
P12866,,,3.0,"{'1': '355-645', '2': '1044-1290', '3': '77-1015'}",1.0,{'1': '19-607'},4.0,"{'1': '375-533', '2': '1071-1218', '3': '27-304', '4': '717-992'}",4.0,"{'1': '349-598', '2': '1050-1288', '3': '20-327', '4': '712-1022'}",6.0,"{'1': '357-603', '2': '1052-1287', '3': '29-319', '4': '718-1007', '5': '506-520', '6': '1190-1204'}",2.0,"{'1': '384-586', '2': '1079-1263'}",,
P12868,,,2.0,"{'1': '877-997', '2': '35-308'}",,,3.0,"{'1': '976-1022', '2': '6-347', '3': '398-590'}",1.0,{'1': '31-269'},2.0,"{'1': '406-583', '2': '928-972'}",2.0,"{'1': '928-972', '2': '927-973'}",,
P12887,,,1.0,{'1': '81-339'},1.0,{'1': '27-336'},1.0,{'1': '153-323'},1.0,{'1': '101-335'},1.0,{'1': '155-164'},1.0,{'1': '147-323'},1.0,{'1': '104-326'}
P12904,,,2.0,"{'1': '1-182', '2': '183-322'}",1.0,{'1': '13-317'},3.0,"{'1': '124-174', '2': '195-245', '3': '270-318'}",2.0,"{'1': '14-181', '2': '182-319'}",3.0,"{'1': '118-181', '2': '194-253', '3': '262-322'}",4.0,"{'1': '40-89', '2': '122-175', '3': '198-246', '4': '270-318'}",,
P12945,,,,,,,2.0,"{'1': '199-510', '2': '548-736'}",2.0,"{'1': '27-286', '2': '240-472'}",,,6.0,"{'1': '20-53', '2': '54-87', '3': '91-124', '4': '241-274', '5': '384-417', '6': '418-451'}",,
P12962,,,,,,,1.0,{'1': '3-153'},,,,,,,,
P13090,,,2.0,"{'1': '68-264', '2': '265-521'}",,,1.0,{'1': '76-475'},1.0,{'1': '72-522'},1.0,{'1': '71-526'},,,,
P13099,5.0,"{'1': '115-128', '2': '229-247', '3': '351-360', '4': '445-461', '5': '544-558'}",3.0,"{'1': '178-634', '2': '253-528', '3': '317-459'}",1.0,{'1': '1-647'},2.0,"{'1': '3-155', '2': '171-625'}",1.0,{'1': '2-637'},3.0,"{'1': '2-156', '2': '172-635', '3': '346-360'}",3.0,"{'1': '147-259', '2': '309-585', '3': '2-141'}",,
P13134,3.0,"{'1': '166-185', '2': '209-222', '3': '382-398'}",1.0,{'1': '124-461'},,,2.0,"{'1': '166-445', '2': '505-590'}",2.0,"{'1': '462-598', '2': '130-459'}",4.0,"{'1': '462-596', '2': '213-223', '3': '171-182', '4': '383-393'}",,,,
P13181,5.0,"{'1': '82-92', '2': '177-196', '3': '341-351', '4': '436-457', '5': '459-471'}",1.0,{'1': '65-537'},1.0,{'1': '65-546'},1.0,{'1': '74-534'},1.0,{'1': '73-532'},2.0,"{'1': '182-207', '2': '74-523'}",,,1.0,{'1': '21-530'}
P13185,,,,,,,2.0,"{'1': '121-398', '2': '1021-1064'}",2.0,"{'1': '117-399', '2': '885-1064'}",4.0,"{'1': '120-398', '2': '1015-1064', '3': '265-277', '4': '126-149'}",1.0,{'1': '120-398'},,
P13186,,,,,,,2.0,"{'1': '100-377', '2': '1104-1147'}",2.0,"{'1': '96-378', '2': '914-1147'}",4.0,"{'1': '99-377', '2': '1098-1147', '3': '244-256', '4': '105-128'}",1.0,{'1': '99-377'},,
P13188,4.0,"{'1': '255-267', '2': '269-280', '3': '284-297', '4': '438-448'}",5.0,"{'1': '215-570', '2': '571-697', '3': '698-809', '4': '1-115', '5': '116-187'}",1.0,{'1': '13-806'},5.0,"{'1': '166-244', '2': '5-163', '3': '251-564', '4': '568-669', '5': '685-746'}",1.0,{'1': '568-805'},1.0,{'1': '258-269'},,,1.0,{'1': '252-809'}
P13298,,,1.0,{'1': '2-226'},,,1.0,{'1': '53-173'},1.0,{'1': '7-205'},,,,,1.0,{'1': '14-198'}
P13382,3.0,"{'1': '860-873', '2': '940-952', '3': '992-1000'}",5.0,"{'1': '773-977', '2': '811-1053', '3': '534-769', '4': '1263-1452', '5': '1071-1258'}",,,4.0,"{'1': '472-719', '2': '784-1229', '3': '1270-1463', '4': '11-76'}",2.0,"{'1': '348-813', '2': '794-1249'}",1.0,{'1': '994-1002'},1.0,{'1': '534-1006'},,
P13393,6.0,"{'1': '67-82', '2': '91-110', '3': '110-128', '4': '157-173', '5': '181-196', '6': '200-216'}",2.0,"{'1': '68-237', '2': '72-157'}",1.0,{'1': '44-239'},2.0,"{'1': '65-146', '2': '154-237'}",,,1.0,{'1': '185-234'},,,,
P13433,,,2.0,"{'1': '732-815', '2': '397-730'}",1.0,{'1': '335-1351'},2.0,"{'1': '415-731', '2': '855-1351'}",1.0,{'1': '387-1351'},2.0,"{'1': '1008-1022', '2': '941-952'}",1.0,{'1': '414-731'},,
P13517,5.0,"{'1': '5-25', '2': '26-47', '3': '58-84', '4': '103-130', '5': '229-255'}",2.0,"{'1': '96-287', '2': '1-89'}",1.0,{'1': '1-282'},1.0,{'1': '6-257'},1.0,{'1': '2-264'},1.0,{'1': '63-68'},,,,
P13574,,,,,1.0,{'1': '1-674'},1.0,{'1': '58-167'},,,,,1.0,{'1': '57-167'},,
P13586,4.0,"{'1': '533-551', '2': '650-666', '3': '678-694', '4': '710-735'}",2.0,"{'1': '366-723', '2': '379-581'}",,,2.0,"{'1': '39-108', '2': '762-935'}",4.0,"{'1': '150-269', '2': '37-939', '3': '375-586', '4': '367-781'}",1.0,{'1': '371-377'},1.0,{'1': '37-113'},3.0,"{'1': '247-389', '2': '626-767', '3': '35-940'}"
P13587,,,2.0,"{'1': '364-800', '2': '377-650'}",,,2.0,"{'1': '17-85', '2': '845-1044'}",4.0,"{'1': '128-239', '2': '17-1052', '3': '374-647', '4': '366-864'}",1.0,{'1': '369-375'},1.0,{'1': '16-90'},4.0,"{'1': '96-192', '2': '275-386', '3': '730-836', '4': '11-1055'}"
P13663,,,,,1.0,{'1': '4-365'},2.0,"{'1': '8-130', '2': '165-345'}",1.0,{'1': '8-181'},1.0,{'1': '243-257'},1.0,{'1': '6-132'},1.0,{'1': '8-359'}
P13711,,,2.0,"{'1': '30-175', '2': '184-322'}",1.0,{'1': '16-708'},4.0,"{'1': '549-724', '2': '185-295', '3': '31-172', '4': '331-502'}",3.0,"{'1': '133-310', '2': '331-506', '3': '554-711'}",,,,,,
P13712,,,1.0,{'1': '15-421'},1.0,{'1': '13-418'},3.0,"{'1': '376-412', '2': '204-356', '3': '21-88'}",1.0,{'1': '125-414'},3.0,"{'1': '292-334', '2': '336-379', '3': '312-326'}",6.0,"{'1': '119-158', '2': '189-229', '3': '240-280', '4': '285-325', '5': '330-370', '6': '371-413'}",,
P13856,,,1.0,{'1': '1-167'},1.0,{'1': '3-210'},1.0,{'1': '5-166'},1.0,{'1': '3-175'},1.0,{'1': '1-272'},1.0,{'1': '6-168'},1.0,{'1': '1-158'}
P14020,,,1.0,{'1': '2-238'},1.0,{'1': '4-235'},1.0,{'1': '6-170'},1.0,{'1': '5-262'},,,,,,
P14063,,,,,1.0,{'1': '1-131'},1.0,{'1': '10-131'},,,,,,,,
P14065,5.0,"{'1': '42-66', '2': '96-114', '3': '154-171', '4': '190-219', '5': '229-253'}",1.0,{'1': '3-308'},1.0,{'1': '12-293'},1.0,{'1': '23-292'},1.0,{'1': '12-301'},3.0,"{'1': '154-171', '2': '262-277', '3': '46-63'}",,,,
P14120,,,1.0,{'1': '2-105'},1.0,{'1': '5-104'},1.0,{'1': '9-101'},1.0,{'1': '9-102'},2.0,"{'1': '20-44', '2': '76-96'}",,,,
P14126,,,1.0,{'1': '1-271'},1.0,{'1': '1-384'},1.0,{'1': '1-366'},1.0,{'1': '4-366'},1.0,{'1': '209-232'},,,,
P14127,,,1.0,{'1': '1-62'},1.0,{'1': '1-122'},1.0,{'1': '1-117'},1.0,{'1': '1-62'},1.0,{'1': '41-56'},,,,
P14164,,,,,,,1.0,{'1': '7-731'},,,,,,,,
P14180,,,,,1.0,{'1': '125-939'},1.0,{'1': '237-291'},1.0,{'1': '288-674'},,,,,,
P14242,,,4.0,"{'1': '221-365', '2': '1-219', '3': '666-867', '4': '720-821'}",1.0,{'1': '1-862'},2.0,"{'1': '259-355', '2': '677-827'}",3.0,"{'1': '197-357', '2': '18-217', '3': '673-858'}",1.0,{'1': '94-100'},2.0,"{'1': '215-357', '2': '676-827'}",1.0,{'1': '4-423'}
P14306,,,1.0,{'1': '1-219'},1.0,{'1': '15-217'},1.0,{'1': '58-208'},1.0,{'1': '7-217'},1.0,{'1': '89-111'},,,,
P14540,,,1.0,{'1': '5-359'},1.0,{'1': '5-358'},1.0,{'1': '19-357'},,,2.0,"{'1': '101-112', '2': '172-183'}",,,2.0,"{'1': '14-358', '2': '8-358'}"
P14680,,,,,1.0,{'1': '58-707'},1.0,{'1': '371-704'},1.0,{'1': '364-719'},3.0,"{'1': '369-704', '2': '492-504', '3': '375-398'}",1.0,{'1': '369-704'},,
P14681,,,,,1.0,{'1': '13-324'},1.0,{'1': '13-313'},1.0,{'1': '5-322'},4.0,"{'1': '13-313', '2': '47-155', '3': '139-151', '4': '19-43'}",1.0,{'1': '13-313'},,
P14682,,,1.0,{'1': '4-173'},1.0,{'1': '7-167'},1.0,{'1': '16-162'},1.0,{'1': '9-167'},2.0,"{'1': '7-169', '2': '84-99'}",,,,
P14693,,,,,,,1.0,{'1': '5-133'},,,,,,,,
P14724,,,,,,,1.0,{'1': '1-85'},,,,,,,,
P14736,,,2.0,"{'1': '126-432', '2': '557-632'}",1.0,{'1': '301-686'},3.0,"{'1': '285-425', '2': '432-487', '3': '551-624'}",1.0,{'1': '144-445'},,,3.0,"{'1': '430-488', '2': '490-543', '3': '551-626'}",1.0,{'1': '32-667'}
P14737,,,1.0,{'1': '997-1144'},1.0,{'1': '138-1289'},2.0,"{'1': '996-1109', '2': '772-900'}",1.0,{'1': '995-1132'},1.0,{'1': '994-1122'},1.0,{'1': '996-1112'},,
P14741,,,2.0,"{'1': '2-105', '2': '106-305'}",1.0,{'1': '6-302'},1.0,{'1': '16-292'},1.0,{'1': '3-303'},,,,,,
P14742,,,1.0,{'1': '2-338'},,,2.0,"{'1': '395-521', '2': '565-699'}",2.0,"{'1': '2-324', '2': '349-717'}",3.0,"{'1': '390-529', '2': '562-707', '3': '2-318'}",,,,
P14743,,,,,1.0,{'1': '3-454'},2.0,"{'1': '58-217', '2': '231-453'}",2.0,"{'1': '35-218', '2': '219-455'}",2.0,"{'1': '167-175', '2': '412-418'}",,,,
P14747,7.0,"{'1': '138-165', '2': '167-194', '3': '200-224', '4': '234-260', '5': '263-290', '6': '351-371', '7': '379-395'}",1.0,{'1': '62-540'},1.0,{'1': '64-594'},1.0,{'1': '138-361'},1.0,{'1': '72-596'},1.0,{'1': '201-206'},1.0,{'1': '110-425'},,
P14772,,,4.0,"{'1': '604-891', '2': '1285-1552', '3': '262-596', '4': '945-1284'}",1.0,{'1': '220-1553'},5.0,"{'1': '659-795', '2': '1319-1484', '3': '297-565', '4': '981-1251', '5': '22-161'}",4.0,"{'1': '650-864', '2': '1294-1551', '3': '272-586', '4': '980-1288'}",6.0,"{'1': '639-871', '2': '1302-1553', '3': '302-578', '4': '981-1265', '5': '770-784', '6': '1456-1470'}",2.0,"{'1': '664-854', '2': '1328-1530'}",,
P14832,5.0,"{'1': '22-37', '2': '51-63', '3': '94-109', '4': '109-121', '5': '122-137'}",1.0,{'1': '1-162'},,,1.0,{'1': '5-156'},1.0,{'1': '2-162'},2.0,"{'1': '5-161', '2': '46-63'}",,,,
P14843,,,1.0,{'1': '9-369'},1.0,{'1': '10-368'},1.0,{'1': '46-354'},,,,,,,1.0,{'1': '15-365'}
P14904,6.0,"{'1': '126-142', '2': '160-180', '3': '198-215', '4': '336-354', '5': '379-395', '6': '468-483'}",1.0,{'1': '137-286'},1.0,{'1': '48-510'},1.0,{'1': '59-501'},,,,,,,,
P14905,,,1.0,{'1': '244-379'},1.0,{'1': '6-382'},1.0,{'1': '247-376'},1.0,{'1': '241-376'},,,,,,
P14906,3.0,"{'1': '127-145', '2': '145-160', '3': '168-188'}",1.0,{'1': '111-207'},,,1.0,{'1': '125-192'},2.0,"{'1': '431-612', '2': '121-198'}",2.0,"{'1': '125-196', '2': '173-192'}",2.0,"{'1': '124-188', '2': '249-608'}",,
P14907,,,,,1.0,{'1': '9-822'},1.0,{'1': '621-730'},,,,,,,,
P14922,,,3.0,"{'1': '42-123', '2': '124-275', '3': '276-422'}",1.0,{'1': '19-651'},2.0,"{'1': '332-361', '2': '82-113'}",1.0,{'1': '22-409'},8.0,"{'1': '46-79', '2': '80-113', '3': '114-147', '4': '150-183', '5': '187-220', '6': '224-257', '7': '296-329', '8': '330-363'}",10.0,"{'1': '46-79', '2': '80-113', '3': '114-147', '4': '150-183', '5': '187-220', '6': '224-257', '7': '258-295', '8': '296-329', '9': '330-363', '10': '364-398'}",,
P15019,,,1.0,{'1': '1-334'},1.0,{'1': '10-332'},1.0,{'1': '26-328'},,,2.0,"{'1': '141-158', '2': '43-51'}",,,1.0,{'1': '14-333'}
P15108,7.0,"{'1': '4-24', '2': '25-47', '3': '74-91', '4': '92-109', '5': '117-139', '6': '169-186', '7': '187-205'}",2.0,"{'1': '1-231', '2': '523-673'}",1.0,{'1': '3-697'},1.0,{'1': '183-690'},3.0,"{'1': '268-523', '2': '4-211', '3': '545-668'}",1.0,{'1': '24-33'},1.0,{'1': '26-164'},,
P15179,4.0,"{'1': '221-233', '2': '238-251', '3': '545-561', '4': '588-602'}",3.0,"{'1': '321-473', '2': '25-134', '3': '150-647'}",,,2.0,"{'1': '150-627', '2': '51-128'}",2.0,"{'1': '18-132', '2': '150-626'}",1.0,{'1': '168-642'},,,1.0,{'1': '33-657'}
P15180,5.0,"{'1': '262-272', '2': '278-294', '3': '307-320', '4': '325-342', '5': '461-477'}",2.0,"{'1': '64-217', '2': '221-591'}",,,2.0,"{'1': '225-576', '2': '124-209'}",2.0,"{'1': '68-217', '2': '225-577'}",1.0,{'1': '250-578'},,,1.0,{'1': '71-579'}
P15274,,,,,1.0,{'1': '80-802'},1.0,{'1': '160-802'},1.0,{'1': '180-796'},1.0,{'1': '703-709'},,,1.0,{'1': '188-797'}
P15303,,,2.0,"{'1': '626-730', '2': '121-398'}",1.0,{'1': '3-764'},5.0,"{'1': '53-93', '2': '120-387', '3': '524-622', '4': '637-724', '5': '399-510'}",4.0,"{'1': '45-117', '2': '524-626', '3': '627-764', '4': '120-389'}",,,,,,
P15315,3.0,"{'1': '1-13', '2': '14-26', '3': '27-39'}",1.0,{'1': '1-42'},1.0,{'1': '1-206'},1.0,{'1': '2-40'},1.0,{'1': '1-41'},2.0,"{'1': '1-39', '2': '1-40'}",2.0,"{'1': '1-40', '2': '1-40'}",,
P15367,2.0,"{'1': '40-55', '2': '98-109'}",,,1.0,{'1': '7-164'},1.0,{'1': '30-121'},1.0,{'1': '37-114'},2.0,"{'1': '42-49', '2': '98-111'}",,,1.0,{'1': '9-159'}
P15424,,,2.0,"{'1': '89-335', '2': '336-595'}",,,2.0,"{'1': '360-471', '2': '130-314'}",1.0,{'1': '182-491'},3.0,"{'1': '265-273', '2': '355-512', '3': '139-326'}",2.0,"{'1': '387-471', '2': '125-345'}",,
P15436,3.0,"{'1': '604-617', '2': '697-709', '3': '758-766'}",3.0,"{'1': '586-817', '2': '314-532', '3': '834-985'}",1.0,{'1': '98-1014'},4.0,"{'1': '248-482', '2': '546-973', '3': '1009-1080', '4': '159-225'}",2.0,"{'1': '130-552', '2': '573-976'}",1.0,{'1': '760-768'},1.0,{'1': '313-772'},,
P15442,,,3.0,"{'1': '1-138', '2': '1388-1493', '3': '1029-1366'}",1.0,{'1': '583-1014'},6.0,"{'1': '299-526', '2': '600-669', '3': '748-981', '4': '13-125', '5': '1387-1657', '6': '1076-1356'}",4.0,"{'1': '299-529', '2': '588-1019', '3': '2-132', '4': '1033-1361'}",5.0,"{'1': '256-527', '2': '599-981', '3': '17-128', '4': '831-843', '5': '605-629'}",2.0,"{'1': '599-981', '2': '17-128'}",,
P15496,,,,,,,1.0,{'1': '103-257'},1.0,{'1': '72-272'},1.0,{'1': '102-259'},,,1.0,{'1': '74-261'}
P15565,,,2.0,"{'1': '42-429', '2': '433-491'}",1.0,{'1': '37-566'},1.0,{'1': '33-490'},1.0,{'1': '43-490'},1.0,{'1': '43-489'},,,1.0,{'1': '45-496'}
P15624,,,2.0,"{'1': '85-293', '2': '384-595'}",1.0,{'1': '1-595'},4.0,"{'1': '102-253', '2': '297-365', '3': '1-79', '4': '381-590'}",3.0,"{'1': '5-72', '2': '295-369', '3': '363-594'}",1.0,{'1': '292-370'},2.0,"{'1': '103-268', '2': '294-365'}",1.0,{'1': '1-595'}
P15625,,,1.0,{'1': '228-500'},,,3.0,"{'1': '213-484', '2': '136-168', '3': '70-125'}",1.0,{'1': '218-483'},1.0,{'1': '231-493'},,,1.0,{'1': '155-492'}
P15646,7.0,"{'1': '106-125', '2': '140-159', '3': '167-188', '4': '192-209', '5': '217-246', '6': '247-276', '7': '299-320'}",1.0,{'1': '145-322'},,,1.0,{'1': '88-321'},1.0,{'1': '88-320'},1.0,{'1': '192-206'},1.0,{'1': '88-322'},,
P15700,5.0,"{'1': '20-33', '2': '48-62', '3': '100-116', '4': '148-163', '5': '165-179'}",1.0,{'1': '2-204'},1.0,{'1': '14-197'},,,1.0,{'1': '11-201'},1.0,{'1': '100-111'},,,1.0,{'1': '18-199'}
P15703,,,,,1.0,{'1': '6-311'},1.0,{'1': '27-310'},1.0,{'1': '32-310'},1.0,{'1': '227-240'},,,,
P15705,,,3.0,"{'1': '2-129', '2': '259-390', '3': '394-518'}",,,5.0,"{'1': '430-463', '2': '76-107', '3': '338-363', '4': '138-193', '5': '528-580'}",3.0,"{'1': '5-118', '2': '261-384', '3': '394-496'}",5.0,"{'1': '5-38', '2': '74-107', '3': '262-295', '4': '336-369', '5': '396-429'}",11.0,"{'1': '138-177', '2': '537-576', '3': '5-38', '4': '40-73', '5': '74-107', '6': '262-295', '7': '296-328', '8': '336-369', '9': '396-429', '10': '430-463', '11': '464-497'}",,
P15731,,,1.0,{'1': '1-148'},,,1.0,{'1': '6-142'},1.0,{'1': '3-147'},2.0,"{'1': '2-148', '2': '75-90'}",,,,
P15732,,,1.0,{'1': '1-148'},,,1.0,{'1': '6-142'},1.0,{'1': '3-147'},2.0,"{'1': '2-148', '2': '75-90'}",,,,
P15790,,,,,1.0,{'1': '7-369'},1.0,{'1': '128-363'},1.0,{'1': '16-367'},3.0,"{'1': '40-363', '2': '191-203', '3': '46-69'}",1.0,{'1': '40-363'},,
P15801,9.0,"{'1': '101-113', '2': '224-238', '3': '360-369', '4': '651-677', '5': '752-760', '6': '805-818', '7': '852-868', '8': '905-920', '9': '921-937'}",,,1.0,{'1': '18-1033'},2.0,"{'1': '673-909', '2': '96-362'}",2.0,"{'1': '163-376', '2': '362-949'}",1.0,{'1': '745-764'},1.0,{'1': '674-902'},,
P15873,6.0,"{'1': '10-29', '2': '34-52', '3': '56-80', '4': '110-132', '5': '203-217', '6': '240-257'}",,,1.0,{'1': '1-257'},2.0,"{'1': '1-124', '2': '127-253'}",2.0,"{'1': '1-125', '2': '128-257'}",2.0,"{'1': '61-79', '2': '34-57'}",,,1.0,{'1': '1-258'}
P15891,4.0,"{'1': '535-545', '2': '549-564', '3': '566-575', '4': '579-591'}",1.0,{'1': '1-141'},,,2.0,"{'1': '539-585', '2': '19-133'}",1.0,{'1': '514-589'},2.0,"{'1': '532-592', '2': '7-136'}",2.0,"{'1': '535-592', '2': '10-136'}",,
P15938,,,2.0,"{'1': '301-528', '2': '529-714'}",,,4.0,"{'1': '562-693', '2': '358-511', '3': '903-980', '4': '759-785'}",1.0,{'1': '351-886'},3.0,"{'1': '540-735', '2': '468-477', '3': '360-526'}",3.0,"{'1': '577-694', '2': '756-846', '3': '348-535'}",,
P15992,,,1.0,{'1': '59-207'},1.0,{'1': '91-207'},1.0,{'1': '96-207'},1.0,{'1': '66-198'},1.0,{'1': '86-207'},,,,
P16120,,,3.0,"{'1': '109-480', '2': '120-490', '3': '1-94'}",1.0,{'1': '8-511'},2.0,"{'1': '110-353', '2': '8-88'}",1.0,{'1': '5-508'},1.0,{'1': '114-128'},,,1.0,{'1': '65-472'}
P16140,,,,,1.0,{'1': '23-490'},3.0,"{'1': '154-380', '2': '31-97', '3': '386-485'}",1.0,{'1': '101-386'},1.0,{'1': '371-380'},,,1.0,{'1': '27-490'}
P16370,,,2.0,"{'1': '6-258', '2': '43-168'}",1.0,{'1': '3-204'},2.0,"{'1': '55-169', '2': '20-254'}",2.0,"{'1': '172-266', '2': '42-172'}",1.0,{'1': '31-71'},1.0,{'1': '17-261'},,
P16387,,,,,1.0,{'1': '52-396'},1.0,{'1': '87-381'},1.0,{'1': '76-395'},,,,,1.0,{'1': '79-391'}
P16451,,,1.0,{'1': '166-212'},1.0,{'1': '26-239'},1.0,{'1': '34-107'},2.0,"{'1': '31-126', '2': '168-211'}",3.0,"{'1': '32-108', '2': '57-86', '3': '169-210'}",,,,
P16467,,,,,1.0,{'1': '2-561'},3.0,"{'1': '407-515', '2': '202-335', '3': '5-110'}",3.0,"{'1': '183-339', '2': '4-181', '3': '362-550'}",1.0,{'1': '427-446'},,,,
P16474,,,2.0,"{'1': '428-582', '2': '583-655'}",1.0,{'1': '52-611'},1.0,{'1': '52-654'},4.0,"{'1': '429-586', '2': '580-661', '3': '50-233', '4': '235-427'}",3.0,"{'1': '55-62', '2': '242-255', '3': '379-393'}",,,,
P16521,,,5.0,"{'1': '1-328', '2': '419-636', '3': '643-969', '4': '329-418', '5': '762-871'}",1.0,{'1': '642-974'},4.0,"{'1': '446-572', '2': '685-780', '3': '861-925', '4': '336-411'}",3.0,"{'1': '6-1035', '2': '436-615', '3': '669-975'}",5.0,"{'1': '426-641', '2': '667-993', '3': '544-558', '4': '897-911', '5': '171-209'}",2.0,"{'1': '455-616', '2': '693-970'}",,
P16522,,,3.0,"{'1': '9-364', '2': '365-488', '3': '489-573'}",,,4.0,"{'1': '13-336', '2': '398-429', '3': '500-529', '4': '537-565'}",3.0,"{'1': '88-263', '2': '207-434', '3': '397-564'}",3.0,"{'1': '431-464', '2': '465-498', '3': '499-532'}",6.0,"{'1': '215-248', '2': '397-430', '3': '431-464', '4': '465-498', '5': '499-532', '6': '536-569'}",,
P16550,,,1.0,{'1': '1-321'},1.0,{'1': '2-314'},2.0,"{'1': '195-309', '2': '6-165'}",1.0,{'1': '43-165'},,,,,,
P16603,12.0,"{'1': '62-75', '2': '112-123', '3': '144-154', '4': '168-187', '5': '301-311', '6': '439-446', '7': '476-485', '8': '537-556', '9': '572-581', '10': '584-595', '11': '617-633', '12': '640-648'}",3.0,"{'1': '311-437', '2': '47-218', '3': '528-691'}",,,3.0,"{'1': '538-655', '2': '262-480', '3': '63-199'}",3.0,"{'1': '256-526', '2': '58-216', '3': '525-691'}",2.0,"{'1': '61-204', '2': '266-529'}",,,,
P16622,,,,,1.0,{'1': '31-368'},1.0,{'1': '39-356'},,,1.0,{'1': '230-250'},,,1.0,{'1': '34-358'}
P16639,,,,,1.0,{'1': '149-397'},2.0,"{'1': '19-115', '2': '165-309'}",1.0,{'1': '233-324'},,,,,,
P16649,3.0,"{'1': '458-472', '2': '500-514', '3': '591-605'}",2.0,"{'1': '317-397', '2': '398-713'}",,,8.0,"{'1': '341-370', '2': '443-471', '3': '476-513', '4': '518-555', '5': '573-604', '6': '620-658', '7': '662-705', '8': '11-88'}",1.0,{'1': '284-708'},9.0,"{'1': '446-480', '2': '481-522', '3': '522-564', '4': '572-613', '5': '626-667', '6': '458-472', '7': '500-514', '8': '542-556', '9': '591-605'}",7.0,"{'1': '334-371', '2': '430-471', '3': '474-513', '4': '516-555', '5': '558-604', '6': '619-658', '7': '661-706'}",,
P16658,,,1.0,{'1': '258-349'},1.0,{'1': '10-377'},1.0,{'1': '259-337'},1.0,{'1': '258-336'},,,,,1.0,{'1': '171-371'}
P16661,,,,,1.0,{'1': '35-445'},1.0,{'1': '256-427'},,,,,,,,
P16664,,,,,1.0,{'1': '14-660'},1.0,{'1': '132-614'},,,,,,,,
P16861,9.0,"{'1': '210-229', '2': '235-248', '3': '299-315', '4': '349-366', '5': '367-385', '6': '387-403', '7': '405-422', '8': '445-457', '9': '478-500'}",2.0,"{'1': '371-574', '2': '736-972'}",,,3.0,"{'1': '207-513', '2': '595-885', '3': '9-101'}",2.0,"{'1': '201-550', '2': '531-959'}",2.0,"{'1': '482-500', '2': '853-871'}",,,1.0,{'1': '206-972'}
P16862,9.0,"{'1': '201-220', '2': '226-239', '3': '291-307', '4': '341-358', '5': '359-377', '6': '379-395', '7': '397-414', '8': '437-449', '9': '471-493'}",3.0,"{'1': '3-151', '2': '363-566', '3': '730-955'}",,,2.0,"{'1': '199-506', '2': '588-878'}",3.0,"{'1': '17-151', '2': '189-512', '3': '522-938'}",2.0,"{'1': '475-493', '2': '847-865'}",,,1.0,{'1': '197-956'}
P16892,,,,,1.0,{'1': '17-313'},1.0,{'1': '14-309'},1.0,{'1': '6-318'},4.0,"{'1': '13-309', '2': '47-149', '3': '133-145', '4': '19-43'}",1.0,{'1': '13-309'},,
P17065,,,,,1.0,{'1': '2-498'},1.0,{'1': '80-167'},,,,,,,,
P17076,11.0,"{'1': '31-48', '2': '48-65', '3': '68-87', '4': '92-105', '5': '128-148', '6': '189-213', '7': '221-241', '8': '132-146', '9': '151-164', '10': '167-177', '11': '177-191'}",1.0,{'1': '52-237'},1.0,{'1': '44-239'},1.0,{'1': '119-208'},1.0,{'1': '87-220'},1.0,{'1': '170-187'},,,,
P17119,4.0,"{'1': '465-486', '2': '590-607', '3': '621-639', '4': '673-694'}",1.0,{'1': '383-727'},1.0,{'1': '125-725'},1.0,{'1': '392-722'},1.0,{'1': '343-721'},2.0,"{'1': '386-723', '2': '620-631'}",1.0,{'1': '384-729'},,
P17121,,,1.0,{'1': '67-406'},1.0,{'1': '135-652'},2.0,"{'1': '151-239', '2': '309-367'}",1.0,{'1': '119-389'},1.0,{'1': '134-393'},1.0,{'1': '148-390'},,
P17157,,,,,1.0,{'1': '5-298'},1.0,{'1': '7-297'},1.0,{'1': '4-302'},3.0,"{'1': '7-297', '2': '129-141', '3': '13-36'}",1.0,{'1': '7-297'},,
P17255,3.0,"{'1': '491-503', '2': '600-612', '3': '732-741'}",6.0,"{'1': '17-93', '2': '917-1071', '3': '95-292', '4': '726-915', '5': '466-586', '6': '587-681'}",1.0,{'1': '18-1070'},8.0,"{'1': '237-291', '2': '732-916', '3': '28-90', '4': '284-736', '5': '479-575', '6': '585-690', '7': '131-219', '8': '924-1024'}",6.0,"{'1': '199-291', '2': '733-921', '3': '464-581', '4': '583-692', '5': '22-93', '6': '282-736'}",4.0,"{'1': '494-642', '2': '284-366', '3': '907-916', '4': '713-738'}",2.0,"{'1': '699-743', '2': '282-389'}",,
P17260,,,,,,,1.0,{'1': '221-286'},,,,,,,,
P17442,,,3.0,"{'1': '889-1178', '2': '308-489', '3': '490-649'}",,,5.0,"{'1': '410-481', '2': '561-647', '3': '1-36', '4': '104-169', '5': '784-864'}",1.0,{'1': '416-647'},4.0,"{'1': '556-589', '2': '591-623', '3': '1-169', '4': '871-1178'}",6.0,"{'1': '423-454', '2': '458-488', '3': '506-535', '4': '556-586', '5': '591-620', '6': '624-653'}",,
P17505,,,1.0,{'1': '165-334'},,,2.0,"{'1': '19-163', '2': '165-331'}",2.0,"{'1': '164-331', '2': '8-164'}",1.0,{'1': '164-176'},,,1.0,{'1': '19-333'}
P17536,,,,,,,2.0,"{'1': '1-73', '2': '131-199'}",,,,,,,,
P17555,,,2.0,"{'1': '368-526', '2': '77-248'}",1.0,{'1': '14-526'},3.0,"{'1': '369-524', '2': '14-67', '3': '81-240'}",2.0,"{'1': '78-284', '2': '368-522'}",3.0,"{'1': '369-504', '2': '16-28', '3': '498-509'}",2.0,"{'1': '406-443', '2': '444-481'}",,
P17629,,,,,,,1.0,{'1': '100-617'},,,,,,,,
P17649,,,2.0,"{'1': '81-379', '2': '21-461'}",,,1.0,{'1': '45-466'},1.0,{'1': '38-471'},1.0,{'1': '292-331'},,,1.0,{'1': '5-468'}
P17695,3.0,"{'1': '53-71', '2': '102-115', '3': '116-129'}",,,,,1.0,{'1': '53-119'},1.0,{'1': '42-140'},1.0,{'1': '55-71'},,,1.0,{'1': '53-138'}
P17709,,,,,1.0,{'1': '14-500'},2.0,"{'1': '18-228', '2': '246-499'}",2.0,"{'1': '15-230', '2': '245-499'}",2.0,"{'1': '12-498', '2': '159-184'}",,,,
P17883,,,5.0,"{'1': '1-148', '2': '325-666', '3': '687-833', '4': '942-1091', '5': '1097-1383'}",1.0,{'1': '3-1429'},2.0,"{'1': '737-769', '2': '151-241'}",2.0,"{'1': '439-1074', '2': '1129-1278'}",3.0,"{'1': '702-735', '2': '736-769', '3': '1226-1259'}",8.0,"{'1': '4-37', '2': '425-458', '3': '508-541', '4': '702-735', '5': '736-769', '6': '770-803', '7': '1019-1052', '8': '1226-1259'}",,
P17890,,,,,1.0,{'1': '3-248'},1.0,{'1': '19-236'},,,,,,,,
P17891,,,,,1.0,{'1': '24-227'},1.0,{'1': '5-233'},,,1.0,{'1': '212-225'},,,,
P17898,,,1.0,{'1': '23-209'},1.0,{'1': '3-388'},1.0,{'1': '45-188'},,,1.0,{'1': '99-121'},,,,
P17967,,,,,,,2.0,"{'1': '34-136', '2': '378-482'}",4.0,"{'1': '29-139', '2': '142-239', '3': '240-363', '4': '366-498'}",4.0,"{'1': '15-141', '2': '356-485', '3': '53-71', '4': '398-416'}",,,1.0,{'1': '33-522'}
P18239,11.0,"{'1': '26-39', '2': '39-53', '3': '89-109', '4': '140-158', '5': '190-208', '6': '234-256', '7': '23-35', '8': '67-88', '9': '100-112', '10': '125-138', '11': '230-246'}",1.0,{'1': '24-318'},1.0,{'1': '17-317'},3.0,"{'1': '20-117', '2': '126-220', '3': '226-315'}",1.0,{'1': '19-308'},3.0,"{'1': '21-114', '2': '125-217', '3': '225-311'}",,,,
P18409,,,,,1.0,{'1': '1-493'},1.0,{'1': '1-493'},,,,,,,,
P18412,3.0,"{'1': '132-146', '2': '163-177', '3': '178-192'}",1.0,{'1': '128-202'},1.0,{'1': '5-466'},1.0,{'1': '130-195'},,,2.0,"{'1': '163-191', '2': '125-199'}",1.0,{'1': '123-192'},,
P18414,7.0,"{'1': '4-23', '2': '31-51', '3': '53-69', '4': '126-146', '5': '148-162', '6': '162-180', '7': '191-206'}",,,1.0,{'1': '1-208'},1.0,{'1': '29-175'},,,2.0,"{'1': '31-48', '2': '132-141'}",,,,
P18480,,,,,,,1.0,{'1': '452-672'},,,,,,,,
P18494,2.0,"{'1': '302-319', '2': '320-337'}",1.0,{'1': '297-360'},1.0,{'1': '54-518'},1.0,{'1': '306-340'},,,2.0,"{'1': '306-330', '2': '300-353'}",1.0,{'1': '300-350'},,
P18496,,,,,1.0,{'1': '7-279'},1.0,{'1': '26-279'},,,,,,,,
P18544,,,2.0,"{'1': '69-327', '2': '35-407'}",1.0,{'1': '13-421'},1.0,{'1': '33-418'},1.0,{'1': '25-419'},1.0,{'1': '242-281'},,,1.0,{'1': '24-419'}
P18562,,,1.0,{'1': '2-215'},,,1.0,{'1': '13-214'},1.0,{'1': '6-214'},,,,,,
P18634,,,1.0,{'1': '3-203'},,,,,,,,,,,,
P18759,,,2.0,"{'1': '227-419', '2': '518-689'}",1.0,{'1': '27-756'},4.0,"{'1': '277-417', '2': '560-689', '3': '134-204', '4': '444-477'}",4.0,"{'1': '27-106', '2': '242-520', '3': '519-735', '4': '109-221'}",1.0,{'1': '388-406'},4.0,"{'1': '28-105', '2': '273-420', '3': '556-692', '4': '133-204'}",,
P18851,7.0,"{'1': '88-104', '2': '107-121', '3': '126-141', '4': '144-161', '5': '107-121', '6': '195-209', '7': '406-420'}",1.0,{'1': '29-419'},1.0,{'1': '32-419'},2.0,"{'1': '382-419', '2': '38-309'}",1.0,{'1': '52-419'},5.0,"{'1': '88-129', '2': '177-217', '3': '266-307', '4': '387-419', '5': '195-209'}",7.0,"{'1': '81-120', '2': '123-162', '3': '170-208', '4': '211-256', '5': '259-298', '6': '332-377', '7': '380-419'}",,
P18852,,,1.0,{'1': '3-92'},1.0,{'1': '16-110'},1.0,{'1': '28-110'},,,,,2.0,"{'1': '32-99', '2': '28-110'}",,
P18898,,,,,1.0,{'1': '13-370'},1.0,{'1': '13-354'},1.0,{'1': '9-370'},,,,,,
P18961,,,,,,,2.0,"{'1': '346-599', '2': '620-660'}",1.0,{'1': '341-658'},4.0,"{'1': '344-599', '2': '600-670', '3': '463-475', '4': '350-373'}",2.0,"{'1': '344-599', '2': '600-662'}",,
P18963,,,2.0,"{'1': '1730-1940', '2': '2043-2160'}",1.0,{'1': '973-2736'},2.0,"{'1': '1731-1795', '2': '1803-1898'}",1.0,{'1': '1680-2005'},2.0,"{'1': '1709-1898', '2': '1855-1869'}",1.0,{'1': '1659-1998'},,
P19073,,,1.0,{'1': '1-182'},1.0,{'1': '3-188'},1.0,{'1': '5-174'},1.0,{'1': '3-173'},1.0,{'1': '1-191'},1.0,{'1': '6-179'},1.0,{'1': '1-157'}
P19097,,,2.0,"{'1': '979-1734', '2': '1766-1886'}",1.0,{'1': '6-1722'},5.0,"{'1': '1768-1864', '2': '1189-1390', '3': '1522-1611', '4': '142-302', '5': '332-533'}",5.0,"{'1': '12-64', '2': '1019-1400', '3': '1362-1659', '4': '673-914', '5': '1768-1883'}",3.0,"{'1': '145-220', '2': '1296-1312', '3': '1123-1657'}",,,1.0,{'1': '1766-1885'}
P19145,,,,,1.0,{'1': '64-602'},1.0,{'1': '94-558'},,,1.0,{'1': '119-150'},,,1.0,{'1': '87-566'}
P19146,4.0,"{'1': '19-42', '2': '47-71', '3': '74-99', '4': '119-140'}",1.0,{'1': '6-181'},1.0,{'1': '1-176'},1.0,{'1': '6-176'},1.0,{'1': '14-179'},,,1.0,{'1': '1-177'},1.0,{'1': '16-160'}
P19158,,,2.0,"{'1': '1722-1923', '2': '2038-2151'}",1.0,{'1': '201-2730'},2.0,"{'1': '1724-1783', '2': '1785-1890'}",1.0,{'1': '1672-2000'},2.0,"{'1': '1701-1890', '2': '1847-1861'}",1.0,{'1': '1651-1989'},,
P19211,,,2.0,"{'1': '85-157', '2': '1-83'}",1.0,{'1': '1-154'},2.0,"{'1': '84-151', '2': '16-78'}",2.0,"{'1': '14-92', '2': '85-154'}",1.0,{'1': '49-56'},1.0,{'1': '84-151'},1.0,{'1': '16-151'}
P19262,,,1.0,{'1': '217-461'},1.0,{'1': '25-462'},2.0,"{'1': '75-146', '2': '233-462'}",1.0,{'1': '73-166'},2.0,"{'1': '73-148', '2': '98-127'}",,,1.0,{'1': '75-463'}
P19263,,,,,1.0,{'1': '77-1013'},1.0,{'1': '89-291'},,,,,,,,
P19358,,,,,1.0,{'1': '4-383'},3.0,"{'1': '7-104', '2': '119-239', '3': '241-378'}",3.0,"{'1': '6-112', '2': '116-240', '3': '241-383'}",2.0,"{'1': '120-130', '2': '267-275'}",,,1.0,{'1': '8-383'}
P19414,9.0,"{'1': '136-149', '2': '159-167', '3': '179-192', '4': '193-208', '5': '255-268', '6': '269-282', '7': '344-358', '8': '378-389', '9': '437-450'}",4.0,"{'1': '558-777', '2': '25-224', '3': '343-514', '4': '225-342'}",1.0,{'1': '13-775'},2.0,"{'1': '579-708', '2': '63-500'}",1.0,{'1': '32-549'},2.0,"{'1': '374-390', '2': '437-450'}",,,1.0,{'1': '41-772'}
P19454,,,,,1.0,{'1': '6-335'},1.0,{'1': '50-334'},1.0,{'1': '42-336'},3.0,"{'1': '50-334', '2': '163-175', '3': '56-79'}",1.0,{'1': '50-334'},,
P19516,,,1.0,{'1': '130-271'},,,1.0,{'1': '103-254'},1.0,{'1': '133-257'},,,,,,
P19524,5.0,"{'1': '100-119', '2': '157-182', '3': '210-237', '4': '443-471', '5': '496-524'}",1.0,{'1': '73-700'},,,2.0,"{'1': '72-769', '2': '1382-1481'}",2.0,"{'1': '44-826', '2': '832-932'}",3.0,"{'1': '70-781', '2': '1226-1501', '3': '4-57'}",6.0,"{'1': '783-805', '2': '806-828', '3': '831-853', '4': '902-924', '5': '64-782', '6': '1381-1484'}",,
P19541,,,1.0,{'1': '15-45'},1.0,{'1': '61-445'},1.0,{'1': '341-414'},2.0,"{'1': '334-438', '2': '11-45'}",2.0,"{'1': '16-45', '2': '16-47'}",1.0,{'1': '11-56'},,
P19657,5.0,"{'1': '527-545', '2': '633-649', '3': '661-677', '4': '692-717', '5': '825-846'}",2.0,"{'1': '402-698', '2': '417-562'}",,,1.0,{'1': '107-163'},3.0,"{'1': '207-305', '2': '107-908', '3': '402-710'}",1.0,{'1': '407-413'},1.0,{'1': '96-169'},4.0,"{'1': '175-428', '2': '463-603', '3': '636-747', '4': '116-871'}"
P19658,,,,,1.0,{'1': '60-615'},1.0,{'1': '237-620'},1.0,{'1': '73-621'},,,,,,
P19659,,,1.0,{'1': '6-90'},,,3.0,"{'1': '509-620', '2': '158-238', '3': '9-86'}",,,,,,,,
P19735,,,3.0,"{'1': '159-301', '2': '419-713', '3': '714-856'}",1.0,{'1': '62-887'},1.0,{'1': '11-131'},3.0,"{'1': '219-286', '2': '299-771', '3': '732-870'}",,,10.0,"{'1': '221-253', '2': '255-287', '3': '322-350', '4': '379-411', '5': '682-714', '6': '717-749', '7': '751-783', '8': '668-701', '9': '737-770', '10': '805-838'}",,
P19736,,,,,1.0,{'1': '3-519'},4.0,"{'1': '280-305', '2': '397-530', '3': '3-148', '4': '169-215'}",1.0,{'1': '273-325'},3.0,"{'1': '280-310', '2': '421-452', '3': '282-304'}",4.0,"{'1': '277-311', '2': '418-453', '3': '280-304', '4': '421-446'}",,
P19812,,,,,1.0,{'1': '31-1804'},3.0,"{'1': '122-191', '2': '1401-1793', '3': '917-1014'}",,,1.0,{'1': '121-194'},1.0,{'1': '121-193'},,
P19880,,,,,1.0,{'1': '8-649'},2.0,"{'1': '67-105', '2': '351-646'}",2.0,"{'1': '280-650', '2': '66-124'}",2.0,"{'1': '69-84', '2': '64-127'}",1.0,{'1': '62-126'},,
P19881,,,2.0,"{'1': '25-303', '2': '92-229'}",,,1.0,{'1': '27-131'},1.0,{'1': '23-304'},,,,,2.0,"{'1': '24-303', '2': '27-277'}"
P19882,5.0,"{'1': '48-74', '2': '104-131', '3': '289-312', '4': '372-397', '5': '420-441'}",3.0,"{'1': '213-395', '2': '158-432', '3': '27-547'}",1.0,{'1': '21-551'},1.0,{'1': '44-544'},3.0,"{'1': '205-398', '2': '158-225', '3': '28-546'}",1.0,{'1': '427-438'},,,1.0,{'1': '25-551'}
P19955,,,,,1.0,{'1': '10-122'},1.0,{'1': '14-122'},,,,,,,,
P19956,,,,,1.0,{'1': '1-97'},1.0,{'1': '13-63'},,,,,,,,
P20051,,,,,1.0,{'1': '2-361'},1.0,{'1': '77-181'},1.0,{'1': '3-359'},2.0,"{'1': '12-20', '2': '256-267'}",,,1.0,{'1': '4-360'}
P20052,,,,,1.0,{'1': '13-283'},1.0,{'1': '34-170'},,,,,,,,
P20053,3.0,"{'1': '280-294', '2': '364-378', '3': '452-465'}",2.0,"{'1': '153-344', '2': '345-465'}",,,5.0,"{'1': '211-244', '2': '257-293', '3': '304-335', '4': '340-377', '5': '430-465'}",1.0,{'1': '174-465'},7.0,"{'1': '261-302', '2': '303-344', '3': '345-386', '4': '433-465', '5': '280-294', '6': '322-336', '7': '364-378'}",8.0,"{'1': '164-203', '2': '207-247', '3': '254-293', '4': '296-335', '5': '338-377', '6': '383-423', '7': '426-465', '8': '46-95'}",,
P20081,,,1.0,{'1': '2-114'},1.0,{'1': '7-113'},1.0,{'1': '20-111'},,,1.0,{'1': '26-114'},,,,
P20084,,,1.0,{'1': '1-86'},1.0,{'1': '4-69'},1.0,{'1': '4-54'},1.0,{'1': '2-57'},1.0,{'1': '22-54'},,,1.0,{'1': '4-57'}
P20095,,,2.0,"{'1': '173-401', '2': '402-576'}",,,4.0,"{'1': '431-557', '2': '230-385', '3': '775-862', '4': '619-646'}",1.0,{'1': '225-730'},3.0,"{'1': '424-598', '2': '341-350', '3': '233-399'}",3.0,"{'1': '456-557', '2': '618-708', '3': '221-408'}",,
P20107,,,1.0,{'1': '8-294'},,,2.0,"{'1': '13-295', '2': '301-372'}",2.0,"{'1': '7-296', '2': '302-374'}",,,,,1.0,{'1': '10-372'}
P20134,3.0,"{'1': '65-88', '2': '102-114', '3': '115-127'}",1.0,{'1': '60-207'},,,1.0,{'1': '65-205'},1.0,{'1': '64-141'},1.0,{'1': '103-127'},1.0,{'1': '61-205'},,
P20424,,,3.0,"{'1': '99-293', '2': '315-440', '3': '5-314'}",1.0,{'1': '1-526'},3.0,"{'1': '110-304', '2': '335-436', '3': '6-88'}",3.0,"{'1': '104-306', '2': '1-95', '3': '306-438'}",1.0,{'1': '277-290'},3.0,"{'1': '109-304', '2': '108-294', '3': '2-92'}",1.0,{'1': '2-436'}
P20433,,,1.0,{'1': '50-221'},1.0,{'1': '1-220'},1.0,{'1': '49-217'},1.0,{'1': '46-220'},,,1.0,{'1': '95-221'},,
P20434,,,2.0,"{'1': '140-215', '2': '1-139'}",1.0,{'1': '5-214'},2.0,"{'1': '142-214', '2': '6-99'}",2.0,"{'1': '140-215', '2': '6-143'}",1.0,{'1': '147-160'},,,,
P20435,,,1.0,{'1': '5-154'},,,1.0,{'1': '81-131'},1.0,{'1': '9-154'},1.0,{'1': '86-100'},1.0,{'1': '79-132'},,
P20436,,,1.0,{'1': '1-146'},1.0,{'1': '1-146'},1.0,{'1': '7-146'},1.0,{'1': '3-146'},,,1.0,{'1': '2-146'},,
P20437,,,,,,,1.0,{'1': '42-192'},1.0,{'1': '33-192'},1.0,{'1': '72-103'},1.0,{'1': '77-186'},,
P20447,,,2.0,"{'1': '74-317', '2': '318-496'}",,,2.0,"{'1': '344-454', '2': '136-303'}",1.0,{'1': '181-468'},3.0,"{'1': '260-268', '2': '344-493', '3': '143-315'}",2.0,"{'1': '373-454', '2': '131-332'}",,
P20448,,,2.0,"{'1': '18-251', '2': '263-511'}",,,3.0,"{'1': '278-388', '2': '65-234', '3': '440-489'}",1.0,{'1': '113-406'},4.0,"{'1': '192-200', '2': '278-437', '3': '72-246', '4': '41-69'}",3.0,"{'1': '305-388', '2': '60-269', '3': '428-491'}",,
P20449,,,2.0,"{'1': '70-297', '2': '298-482'}",,,2.0,"{'1': '317-431', '2': '117-278'}",1.0,{'1': '163-447'},4.0,"{'1': '237-245', '2': '303-480', '3': '125-292', '4': '92-120'}",2.0,"{'1': '344-431', '2': '111-307'}",,
P20457,,,,,1.0,{'1': '49-515'},1.0,{'1': '223-504'},,,,,,,,
P20459,,,3.0,"{'1': '2-90', '2': '91-176', '3': '181-304'}",1.0,{'1': '2-303'},2.0,"{'1': '13-88', '2': '126-237'}",3.0,"{'1': '12-91', '2': '90-176', '3': '180-296'}",1.0,{'1': '17-88'},1.0,{'1': '15-88'},,
P20484,3.0,"{'1': '122-136', '2': '164-178', '3': '317-331'}",2.0,"{'1': '3-114', '2': '115-413'}",1.0,{'1': '10-405'},4.0,"{'1': '44-78', '2': '87-134', '3': '140-177', '4': '293-330'}",1.0,{'1': '40-348'},5.0,"{'1': '48-87', '2': '145-186', '3': '296-339', '4': '164-178', '5': '317-331'}",5.0,"{'1': '41-78', '2': '81-135', '3': '138-177', '4': '185-221', '5': '289-330'}",,
P20485,,,,,,,1.0,{'1': '95-139'},1.0,{'1': '103-561'},,,,,,
P20486,4.0,"{'1': '27-41', '2': '42-56', '3': '73-87', '4': '88-102'}",1.0,{'1': '1-119'},,,1.0,{'1': '28-103'},1.0,{'1': '8-115'},2.0,"{'1': '30-48', '2': '91-101'}",1.0,{'1': '27-105'},,
P20604,7.0,"{'1': '47-74', '2': '77-104', '3': '110-134', '4': '145-171', '5': '174-201', '6': '230-250', '7': '253-269'}",1.0,{'1': '2-311'},1.0,{'1': '6-311'},1.0,{'1': '47-241'},1.0,{'1': '6-299'},1.0,{'1': '111-116'},1.0,{'1': '19-291'},,
P20606,5.0,"{'1': '25-48', '2': '53-77', '3': '80-105', '4': '125-146', '5': '164-188'}",1.0,{'1': '24-190'},1.0,{'1': '6-190'},1.0,{'1': '11-190'},1.0,{'1': '20-190'},,,1.0,{'1': '7-190'},1.0,{'1': '22-143'}
P20795,,,3.0,"{'1': '498-691', '2': '292-396', '3': '402-497'}",1.0,{'1': '22-689'},1.0,{'1': '31-689'},1.0,{'1': '1-690'},,,,,,
P20967,,,1.0,{'1': '776-1008'},1.0,{'1': '41-1011'},4.0,"{'1': '253-571', '2': '645-855', '3': '860-1011', '4': '42-80'}",2.0,"{'1': '159-588', '2': '629-862'}",,,1.0,{'1': '646-856'},1.0,{'1': '44-1011'}
P21147,7.0,"{'1': '113-133', '2': '138-160', '3': '161-181', '4': '198-227', '5': '256-274', '6': '288-309', '7': '331-345'}",1.0,{'1': '407-499'},1.0,{'1': '58-394'},2.0,"{'1': '417-486', '2': '143-358'}",1.0,{'1': '403-491'},3.0,"{'1': '409-487', '2': '331-345', '3': '440-447'}",1.0,{'1': '412-487'},,
P21182,,,,,1.0,{'1': '25-393'},1.0,{'1': '26-391'},1.0,{'1': '27-394'},1.0,{'1': '82-92'},,,1.0,{'1': '28-396'}
P21192,,,,,1.0,{'1': '577-706'},2.0,"{'1': '603-627', '2': '633-657'}",2.0,"{'1': '598-628', '2': '619-660'}",4.0,"{'1': '605-627', '2': '635-657', '3': '603-632', '4': '633-662'}",2.0,"{'1': '603-627', '2': '633-657'}",,
P21242,,,1.0,{'1': '5-248'},1.0,{'1': '13-234'},2.0,"{'1': '8-30', '2': '31-218'}",1.0,{'1': '6-246'},2.0,"{'1': '8-30', '2': '23-240'}",1.0,{'1': '8-30'},,
P21243,,,1.0,{'1': '10-252'},1.0,{'1': '16-240'},2.0,"{'1': '12-34', '2': '42-227'}",1.0,{'1': '11-251'},2.0,"{'1': '12-34', '2': '27-245'}",1.0,{'1': '12-34'},,
P21264,,,1.0,{'1': '115-184'},,,4.0,"{'1': '405-550', '2': '112-290', '3': '316-375', '4': '4-104'}",2.0,"{'1': '314-383', '2': '3-102'}",1.0,{'1': '110-298'},1.0,{'1': '403-552'},2.0,"{'1': '405-559', '2': '5-375'}"
P21269,,,1.0,{'1': '23-200'},,,2.0,"{'1': '63-205', '2': '232-291'}",1.0,{'1': '44-201'},,,,,,
P21304,,,1.0,{'1': '196-560'},1.0,{'1': '1-530'},1.0,{'1': '281-315'},1.0,{'1': '227-515'},2.0,"{'1': '282-324', '2': '302-316'}",5.0,"{'1': '275-315', '2': '321-360', '3': '366-405', '4': '411-452', '5': '461-505'}",,
P21306,,,1.0,{'1': '2-62'},1.0,{'1': '3-58'},1.0,{'1': '2-51'},1.0,{'1': '1-48'},,,,,,
P21339,,,,,1.0,{'1': '2-403'},1.0,{'1': '68-472'},,,,,,,,
P21373,,,2.0,"{'1': '294-419', '2': '91-293'}",,,1.0,{'1': '130-261'},1.0,{'1': '129-449'},,,,,,
P21374,,,1.0,{'1': '43-98'},1.0,{'1': '1-232'},1.0,{'1': '1-231'},1.0,{'1': '28-97'},,,,,,
P21375,,,2.0,"{'1': '278-437', '2': '37-496'}",1.0,{'1': '30-499'},1.0,{'1': '37-483'},2.0,"{'1': '281-441', '2': '33-499'}",,,,,1.0,{'1': '36-495'}
P21524,6.0,"{'1': '293-312', '2': '422-433', '3': '465-488', '4': '503-525', '5': '531-554', '6': '596-623'}",,,1.0,{'1': '1-887'},3.0,"{'1': '216-742', '2': '1-89', '3': '142-212'}",1.0,{'1': '6-214'},2.0,"{'1': '1-92', '2': '585-607'}",,,1.0,{'1': '145-746'}
P21538,,,,,1.0,{'1': '1-809'},2.0,"{'1': '475-518', '2': '411-469'}",2.0,"{'1': '449-525', '2': '686-732'}",4.0,"{'1': '474-519', '2': '692-717', '3': '470-523', '4': '692-721'}",4.0,"{'1': '401-471', '2': '474-521', '3': '526-719', '4': '724-780'}",,
P21560,,,,,1.0,{'1': '15-302'},1.0,{'1': '145-288'},,,,,,,,
P21576,6.0,"{'1': '29-47', '2': '54-71', '3': '168-185', '4': '218-236', '5': '237-253', '6': '260-279'}",1.0,{'1': '2-345'},1.0,{'1': '4-703'},3.0,"{'1': '257-541', '2': '613-704', '3': '32-249'}",1.0,{'1': '3-343'},3.0,"{'1': '55-64', '2': '618-704', '3': '26-336'}",2.0,"{'1': '2-287', '2': '613-704'}",,
P21672,6.0,"{'1': '293-312', '2': '422-433', '3': '465-488', '4': '503-525', '5': '531-554', '6': '596-623'}",,,1.0,{'1': '1-868'},3.0,"{'1': '216-742', '2': '1-89', '3': '142-212'}",1.0,{'1': '6-214'},2.0,"{'1': '1-92', '2': '585-607'}",,,1.0,{'1': '145-746'}
P21734,,,1.0,{'1': '2-150'},,,2.0,"{'1': '6-143', '2': '161-215'}",2.0,"{'1': '161-215', '2': '2-150'}",2.0,"{'1': '2-150', '2': '76-92'}",,,,
P21771,,,,,1.0,{'1': '21-242'},1.0,{'1': '158-236'},1.0,{'1': '154-237'},1.0,{'1': '188-218'},1.0,{'1': '156-237'},1.0,{'1': '162-237'}
P21801,,,2.0,"{'1': '137-266', '2': '23-136'}",1.0,{'1': '22-262'},1.0,{'1': '35-141'},1.0,{'1': '32-136'},4.0,"{'1': '36-127', '2': '87-95', '3': '169-199', '4': '179-190'}",,,1.0,{'1': '38-260'}
P21825,,,,,1.0,{'1': '18-270'},1.0,{'1': '45-237'},,,,,,,1.0,{'1': '26-262'}
P21827,8.0,"{'1': '47-63', '2': '86-99', '3': '105-121', '4': '184-200', '5': '226-242', '6': '242-256', '7': '338-356', '8': '408-429'}",1.0,{'1': '19-482'},1.0,{'1': '42-462'},,,1.0,{'1': '38-462'},9.0,"{'1': '109-120', '2': '399-409', '3': '46-102', '4': '103-183', '5': '184-239', '6': '240-292', '7': '293-348', '8': '349-412', '9': '413-467'}",,,,
P21951,,,3.0,"{'1': '622-979', '2': '286-484', '3': '983-1165'}",1.0,{'1': '35-2218'},4.0,"{'1': '241-442', '2': '1530-1919', '3': '2159-2214', '4': '988-1165'}",2.0,"{'1': '117-532', '2': '511-1193'}",,,2.0,"{'1': '282-885', '2': '1527-1920'}",,
P21954,,,,,1.0,{'1': '18-425'},1.0,{'1': '23-416'},,,1.0,{'1': '288-307'},1.0,{'1': '25-416'},1.0,{'1': '18-425'}
P21957,,,,,1.0,{'1': '92-403'},1.0,{'1': '131-361'},,,,,,,,
P21965,,,,,1.0,{'1': '16-372'},1.0,{'1': '37-327'},1.0,{'1': '38-345'},3.0,"{'1': '35-327', '2': '160-172', '3': '41-69'}",1.0,{'1': '35-327'},,
P22007,,,,,1.0,{'1': '78-425'},1.0,{'1': '78-409'},1.0,{'1': '47-425'},,,,,,
P22023,,,,,1.0,{'1': '61-1310'},3.0,"{'1': '1095-1313', '2': '418-536', '3': '256-378'}",,,,,,,,
P22035,,,,,1.0,{'1': '31-707'},2.0,"{'1': '116-160', '2': '171-213'}",1.0,{'1': '113-210'},6.0,"{'1': '34-110', '2': '111-161', '3': '172-214', '4': '114-159', '5': '111-165', '6': '172-218'}",3.0,"{'1': '38-112', '2': '115-163', '3': '168-216'}",,
P22082,3.0,"{'1': '1585-1601', '2': '1601-1619', '3': '1619-1638'}",3.0,"{'1': '1004-1232', '2': '1543-1672', '3': '758-1003'}",,,5.0,"{'1': '770-1063', '2': '1570-1641', '3': '1088-1201', '4': '248-281', '5': '1299-1369'}",3.0,"{'1': '741-994', '2': '996-1264', '3': '1544-1657'}",6.0,"{'1': '1568-1638', '2': '1091-1254', '3': '779-944', '4': '588-661', '5': '247-282', '6': '1573-1630'}",7.0,"{'1': '1547-1657', '2': '1117-1201', '3': '763-955', '4': '246-282', '5': '1446-1458', '6': '1518-1530', '7': '1302-1369'}",,
P22108,,,1.0,{'1': '1-325'},1.0,{'1': '4-323'},2.0,"{'1': '198-313', '2': '4-169'}",1.0,{'1': '39-168'},,,,,,
P22133,,,1.0,{'1': '179-375'},,,2.0,"{'1': '15-166', '2': '179-370'}",2.0,"{'1': '178-370', '2': '13-158'}",1.0,{'1': '178-190'},,,1.0,{'1': '15-372'}
P22135,,,2.0,"{'1': '115-324', '2': '45-114'}",1.0,{'1': '30-322'},1.0,{'1': '52-192'},,,,,,,,
P22136,,,,,,,1.0,{'1': '318-426'},,,,,,,,
P22137,,,5.0,"{'1': '449-777', '2': '894-1048', '3': '1049-1189', '4': '1190-1528', '5': '1-370'}",,,9.0,"{'1': '339-360', '2': '152-189', '3': '545-680', '4': '693-832', '5': '840-975', '6': '986-1126', '7': '1135-1273', '8': '1280-1423', '9': '1429-1569'}",7.0,"{'1': '339-491', '2': '448-785', '3': '806-931', '4': '893-1098', '5': '1089-1221', '6': '1189-1523', '7': '3-335'}",7.0,"{'1': '543-689', '2': '692-834', '3': '839-978', '4': '985-1130', '5': '1134-1275', '6': '1280-1426', '7': '1429-1572'}",7.0,"{'1': '543-685', '2': '692-834', '3': '839-978', '4': '985-1130', '5': '1134-1275', '6': '1280-1426', '7': '1429-1588'}",,
P22138,,,3.0,"{'1': '731-910', '2': '701-1051', '3': '215-393'}",1.0,{'1': '40-1197'},6.0,"{'1': '701-1065', '2': '1067-1127', '3': '210-402', '4': '41-458', '5': '486-551', '6': '593-651'}",,,1.0,{'1': '914-926'},,,,
P22139,,,,,1.0,{'1': '1-69'},1.0,{'1': '2-59'},1.0,{'1': '1-64'},1.0,{'1': '2-11'},,,,
P22140,,,1.0,{'1': '23-218'},1.0,{'1': '4-388'},1.0,{'1': '45-206'},,,1.0,{'1': '99-121'},,,,
P22141,,,1.0,{'1': '1-197'},1.0,{'1': '4-192'},1.0,{'1': '4-184'},1.0,{'1': '2-196'},2.0,"{'1': '5-52', '2': '1-184'}",,,,
P22146,,,,,1.0,{'1': '5-557'},2.0,"{'1': '20-330', '2': '378-452'}",1.0,{'1': '48-307'},,,1.0,{'1': '377-464'},,
P22147,,,3.0,"{'1': '915-962', '2': '741-914', '3': '1144-1254'}",1.0,{'1': '1-1225'},5.0,"{'1': '1-227', '2': '723-914', '3': '918-1145', '4': '1163-1233', '5': '272-680'}",,,,,,,,
P22149,,,,,,,1.0,{'1': '108-243'},,,,,,,,
P22202,,,2.0,"{'1': '383-537', '2': '538-610'}",1.0,{'1': '4-564'},1.0,{'1': '4-609'},4.0,"{'1': '386-541', '2': '535-617', '3': '1-185', '4': '188-380'}",3.0,"{'1': '7-14', '2': '195-208', '3': '332-346'}",,,,
P22203,,,1.0,{'1': '98-233'},1.0,{'1': '11-224'},1.0,{'1': '23-223'},,,,,,,,
P22204,,,,,1.0,{'1': '137-510'},3.0,"{'1': '178-332', '2': '369-477', '3': '496-545'}",1.0,{'1': '154-511'},4.0,"{'1': '177-477', '2': '478-555', '3': '296-308', '4': '183-206'}",2.0,"{'1': '177-477', '2': '478-547'}",,
P22211,,,,,,,1.0,{'1': '441-742'},1.0,{'1': '441-768'},3.0,"{'1': '438-742', '2': '557-569', '3': '444-467'}",1.0,{'1': '438-742'},,
P22213,,,3.0,"{'1': '166-656', '2': '277-549', '3': '19-158'}",1.0,{'1': '41-653'},1.0,{'1': '54-652'},1.0,{'1': '11-659'},,,,,,
P22214,,,,,1.0,{'1': '1-210'},2.0,"{'1': '35-115', '2': '130-213'}",1.0,{'1': '1-124'},2.0,"{'1': '6-117', '2': '132-192'}",1.0,{'1': '33-116'},,
P22216,,,,,1.0,{'1': '189-526'},3.0,"{'1': '66-133', '2': '602-680', '3': '201-466'}",3.0,"{'1': '1-161', '2': '551-729', '3': '190-467'}",5.0,"{'1': '66-116', '2': '601-664', '3': '198-466', '4': '315-327', '5': '204-227'}",3.0,"{'1': '65-116', '2': '600-664', '3': '198-466'}",,
P22217,,,,,,,1.0,{'1': '5-100'},1.0,{'1': '2-99'},2.0,"{'1': '1-103', '2': '22-40'}",,,1.0,{'1': '7-101'}
P22219,,,3.0,"{'1': '406-747', '2': '1058-1182', '3': '1183-1454'}",1.0,{'1': '1-1453'},2.0,"{'1': '43-293', '2': '396-774'}",3.0,"{'1': '26-296', '2': '419-749', '3': '1073-1452'}",4.0,"{'1': '27-300', '2': '1076-1111', '3': '143-155', '4': '620-658'}",6.0,"{'1': '33-304', '2': '1068-1109', '3': '1120-1156', '4': '1218-1259', '5': '1262-1306', '6': '1414-1454'}",,
P22224,,,2.0,"{'1': '663-839', '2': '475-650'}",1.0,{'1': '40-894'},2.0,"{'1': '477-863', '2': '83-257'}",,,,,,,,
P22276,,,3.0,"{'1': '715-905', '2': '685-1042', '3': '208-368'}",1.0,{'1': '35-1141'},7.0,"{'1': '684-1056', '2': '1058-1143', '3': '202-378', '4': '56-431', '5': '457-520', '6': '555-615', '7': '637-669'}",,,1.0,{'1': '909-921'},,,,
P22289,,,1.0,{'1': '2-66'},1.0,{'1': '3-60'},1.0,{'1': '4-55'},1.0,{'1': '3-56'},,,,,,
P22336,,,4.0,"{'1': '4-117', '2': '181-289', '3': '293-427', '4': '431-618'}",,,3.0,"{'1': '197-268', '2': '466-611', '3': '305-400'}",4.0,"{'1': '3-112', '2': '183-296', '3': '299-422', '4': '445-618'}",,,,,1.0,{'1': '4-617'}
P22353,,,1.0,{'1': '1-136'},1.0,{'1': '6-158'},2.0,"{'1': '19-127', '2': '130-238'}",1.0,{'1': '6-130'},1.0,{'1': '33-55'},,,1.0,{'1': '7-128'}
P22354,,,,,1.0,{'1': '2-194'},,,,,,,,,,
P22438,6.0,"{'1': '17-30', '2': '49-63', '3': '98-109', '4': '244-255', '5': '300-315', '6': '391-402'}",1.0,{'1': '16-377'},1.0,{'1': '12-566'},1.0,{'1': '17-403'},1.0,{'1': '392-547'},1.0,{'1': '24-33'},,,1.0,{'1': '16-549'}
P22470,,,1.0,{'1': '144-287'},,,1.0,{'1': '250-280'},,,1.0,{'1': '255-280'},1.0,{'1': '165-279'},,
P22515,5.0,"{'1': '40-64', '2': '154-181', '3': '464-487', '4': '513-538', '5': '664-691'}",4.0,"{'1': '930-1024', '2': '591-863', '3': '180-258', '4': '9-127'}",1.0,{'1': '413-982'},6.0,"{'1': '19-396', '2': '417-911', '3': '928-1020', '4': '606-856', '5': '191-259', '6': '260-329'}",2.0,"{'1': '13-398', '2': '411-912'}",2.0,"{'1': '376-384', '2': '598-606'}",1.0,{'1': '894-1020'},1.0,{'1': '13-1023'}
P22517,,,,,,,1.0,{'1': '48-309'},1.0,{'1': '41-319'},3.0,"{'1': '47-309', '2': '167-179', '3': '53-76'}",1.0,{'1': '47-309'},,
P22543,,,3.0,"{'1': '14-169', '2': '676-875', '3': '255-522'}",1.0,{'1': '40-871'},3.0,"{'1': '619-821', '2': '295-532', '3': '53-184'}",3.0,"{'1': '527-871', '2': '278-517', '3': '41-146'}",5.0,"{'1': '593-859', '2': '293-526', '3': '14-188', '4': '623-637', '5': '716-736'}",3.0,"{'1': '620-872', '2': '294-535', '3': '20-130'}",,
P22579,,,3.0,"{'1': '223-285', '2': '403-475', '3': '658-729'}",1.0,{'1': '210-1255'},5.0,"{'1': '240-284', '2': '427-471', '3': '682-724', '4': '750-845', '5': '1138-1410'}",3.0,"{'1': '217-286', '2': '403-473', '3': '658-727'}",3.0,"{'1': '217-287', '2': '404-474', '3': '656-727'}",1.0,{'1': '747-848'},,
P22696,,,1.0,{'1': '60-169'},1.0,{'1': '9-168'},2.0,"{'1': '64-168', '2': '11-41'}",1.0,{'1': '5-41'},4.0,"{'1': '57-170', '2': '15-41', '3': '9-43', '4': '110-130'}",1.0,{'1': '10-43'},,
P22803,,,,,,,1.0,{'1': '6-101'},1.0,{'1': '2-102'},2.0,"{'1': '1-104', '2': '23-41'}",,,1.0,{'1': '7-103'}
P22804,,,,,,,,,,,1.0,{'1': '52-114'},1.0,{'1': '47-114'},,
P22855,,,2.0,"{'1': '286-565', '2': '569-670'}",,,5.0,"{'1': '290-559', '2': '709-928', '3': '565-664', '4': '986-1079', '5': '91-206'}",3.0,"{'1': '707-1083', '2': '289-563', '3': '564-669'}",,,1.0,{'1': '565-645'},,
P22936,,,,,1.0,{'1': '5-297'},1.0,{'1': '34-290'},1.0,{'1': '16-291'},4.0,"{'1': '14-295', '2': '83-91', '3': '188-195', '4': '228-244'}",1.0,{'1': '16-294'},1.0,{'1': '16-293'}
P22943,,,,,,,1.0,{'1': '1-59'},,,,,,,,
P23059,,,,,,,1.0,{'1': '5-67'},1.0,{'1': '5-73'},1.0,{'1': '1-72'},1.0,{'1': '4-68'},,
P23180,,,1.0,{'1': '133-464'},1.0,{'1': '68-456'},1.0,{'1': '173-444'},,,,,,,,
P23201,,,,,1.0,{'1': '3-1465'},3.0,"{'1': '44-71', '2': '94-121', '3': '1324-1449'}",,,,,4.0,"{'1': '44-74', '2': '94-124', '3': '292-321', '4': '336-366'}",,
P23202,,,,,,,2.0,"{'1': '114-190', '2': '224-345'}",2.0,"{'1': '103-195', '2': '201-351'}",2.0,"{'1': '112-196', '2': '205-354'}",,,,
P23248,,,,,,,1.0,{'1': '17-221'},,,1.0,{'1': '61-73'},1.0,{'1': '15-221'},,
P23250,,,,,,,,,,,1.0,{'1': '90-158'},,,,
P23254,,,1.0,{'1': '544-680'},1.0,{'1': '9-664'},3.0,"{'1': '8-339', '2': '355-532', '3': '545-652'}",3.0,"{'1': '538-672', '2': '11-335', '3': '338-534'}",2.0,"{'1': '475-491', '2': '16-36'}",1.0,{'1': '356-533'},1.0,{'1': '10-664'}
P23255,,,2.0,"{'1': '426-678', '2': '28-275'}",1.0,{'1': '20-1351'},2.0,"{'1': '677-860', '2': '861-1074'}",1.0,{'1': '25-385'},,,,,,
P23287,7.0,"{'1': '113-140', '2': '142-169', '3': '175-199', '4': '209-235', '5': '238-265', '6': '309-329', '7': '337-353'}",1.0,{'1': '36-493'},1.0,{'1': '38-542'},1.0,{'1': '113-319'},1.0,{'1': '50-545'},1.0,{'1': '176-181'},1.0,{'1': '85-383'},,
P23291,,,,,1.0,{'1': '69-446'},1.0,{'1': '69-284'},1.0,{'1': '68-352'},3.0,"{'1': '69-353', '2': '184-196', '3': '75-98'}",1.0,{'1': '69-353'},,
P23292,,,,,1.0,{'1': '76-435'},1.0,{'1': '76-292'},1.0,{'1': '75-359'},3.0,"{'1': '76-360', '2': '191-203', '3': '82-105'}",1.0,{'1': '76-360'},,
P23293,,,,,1.0,{'1': '59-372'},1.0,{'1': '60-366'},1.0,{'1': '55-372'},3.0,"{'1': '60-366', '2': '191-203', '3': '66-89'}",1.0,{'1': '60-366'},,
P23301,,,2.0,"{'1': '85-157', '2': '1-83'}",1.0,{'1': '1-154'},2.0,"{'1': '84-151', '2': '16-78'}",2.0,"{'1': '14-92', '2': '85-153'}",1.0,{'1': '49-56'},1.0,{'1': '84-151'},1.0,{'1': '16-151'}
P23337,,,,,1.0,{'1': '3-679'},1.0,{'1': '12-682'},,,,,,,,
P23369,,,,,1.0,{'1': '4-157'},1.0,{'1': '13-137'},,,,,,,,
P23394,,,2.0,"{'1': '127-402', '2': '403-588'}",,,2.0,"{'1': '424-531', '2': '198-387'}",1.0,{'1': '253-550'},3.0,"{'1': '339-347', '2': '427-579', '3': '208-399'}",2.0,"{'1': '450-532', '2': '193-414'}",,
P23493,,,,,,,1.0,{'1': '29-248'},,,,,,,,
P23500,3.0,"{'1': '36-54', '2': '81-99', '3': '127-149'}",2.0,"{'1': '10-153', '2': '154-304'}",,,3.0,"{'1': '21-110', '2': '118-202', '3': '207-303'}",1.0,{'1': '21-295'},3.0,"{'1': '21-108', '2': '118-200', '3': '207-300'}",,,,
P23542,4.0,"{'1': '180-199', '2': '211-223', '3': '286-311', '4': '354-372'}",2.0,"{'1': '49-328', '2': '15-407'}",1.0,{'1': '3-410'},1.0,{'1': '31-405'},1.0,{'1': '3-410'},1.0,{'1': '252-265'},,,,
P23561,,,1.0,{'1': '16-83'},,,3.0,"{'1': '493-712', '2': '19-81', '3': '120-227'}",2.0,"{'1': '413-712', '2': '20-82'}",4.0,"{'1': '415-712', '2': '25-84', '3': '575-587', '4': '421-444'}",3.0,"{'1': '415-712', '2': '17-84', '3': '120-229'}",,
P23585,5.0,"{'1': '67-77', '2': '162-181', '3': '326-336', '4': '421-442', '5': '444-456'}",1.0,{'1': '51-521'},1.0,{'1': '52-532'},1.0,{'1': '59-519'},1.0,{'1': '54-517'},3.0,"{'1': '368-385', '2': '167-192', '3': '59-508'}",,,1.0,{'1': '30-515'}
P23594,7.0,"{'1': '111-138', '2': '140-167', '3': '173-197', '4': '208-234', '5': '237-264', '6': '293-313', '7': '315-331'}",1.0,{'1': '61-369'},1.0,{'1': '69-369'},1.0,{'1': '111-304'},1.0,{'1': '63-354'},1.0,{'1': '174-179'},1.0,{'1': '83-353'},,
P23595,7.0,"{'1': '119-146', '2': '148-175', '3': '181-205', '4': '216-242', '5': '245-272', '6': '301-321', '7': '323-339'}",1.0,{'1': '70-377'},1.0,{'1': '77-377'},1.0,{'1': '119-312'},1.0,{'1': '68-363'},1.0,{'1': '182-187'},1.0,{'1': '91-361'},,
P23615,,,7.0,"{'1': '333-484', '2': '501-931', '3': '1163-1258', '4': '1259-1351', '5': '1352-1451', '6': '743-1128', '7': '1003-1108'}",1.0,{'1': '18-1445'},7.0,"{'1': '38-127', '2': '337-445', '3': '744-895', '4': '897-1000', '5': '1225-1436', '6': '1119-1209', '7': '540-724'}",3.0,"{'1': '908-1000', '2': '746-898', '3': '1250-1343'}",1.0,{'1': '1257-1354'},2.0,"{'1': '1256-1345', '2': '750-858'}",,
P23638,,,1.0,{'1': '2-258'},1.0,{'1': '10-245'},2.0,"{'1': '6-27', '2': '30-216'}",1.0,{'1': '4-249'},3.0,"{'1': '6-28', '2': '36-83', '3': '21-239'}",1.0,{'1': '6-28'},,
P23639,,,1.0,{'1': '1-250'},1.0,{'1': '9-225'},2.0,"{'1': '5-27', '2': '28-214'}",1.0,{'1': '1-249'},2.0,"{'1': '5-27', '2': '20-247'}",1.0,{'1': '5-27'},,
P23641,4.0,"{'1': '33-47', '2': '128-146', '3': '170-188', '4': '221-243'}",1.0,{'1': '14-298'},1.0,{'1': '8-303'},3.0,"{'1': '18-104', '2': '117-199', '3': '212-298'}",1.0,{'1': '15-291'},3.0,"{'1': '15-100', '2': '114-197', '3': '212-297'}",,,,
P23642,,,2.0,"{'1': '168-276', '2': '277-516'}",1.0,{'1': '50-521'},,,1.0,{'1': '192-520'},,,,,,
P23643,,,,,1.0,{'1': '130-997'},,,,,1.0,{'1': '143-418'},,,,
P23644,,,1.0,{'1': '59-364'},1.0,{'1': '48-359'},1.0,{'1': '59-354'},,,,,,,1.0,{'1': '57-218'}
P23724,,,1.0,{'1': '20-241'},1.0,{'1': '12-234'},1.0,{'1': '27-225'},1.0,{'1': '22-238'},2.0,"{'1': '32-79', '2': '28-226'}",,,,
P23748,4.0,"{'1': '244-264', '2': '312-332', '3': '344-365', '4': '372-389'}",1.0,{'1': '225-410'},,,1.0,{'1': '252-364'},1.0,{'1': '241-393'},1.0,{'1': '261-373'},1.0,{'1': '251-370'},,
P23776,,,,,1.0,{'1': '9-436'},1.0,{'1': '104-269'},1.0,{'1': '51-445'},1.0,{'1': '225-234'},,,,
P23796,,,,,1.0,{'1': '19-513'},2.0,"{'1': '402-512', '2': '35-318'}",,,,,,,,
P23900,4.0,"{'1': '254-273', '2': '429-447', '3': '461-483', '4': '510-530'}",1.0,{'1': '246-540'},1.0,{'1': '245-537'},1.0,{'1': '249-527'},1.0,{'1': '252-533'},1.0,{'1': '350-358'},,,1.0,{'1': '258-527'}
P23968,4.0,"{'1': '75-99', '2': '101-125', '3': '157-183', '4': '184-207'}",1.0,{'1': '57-212'},,,2.0,"{'1': '62-120', '2': '146-205'}",2.0,"{'1': '54-123', '2': '138-207'}",,,,,,
P24000,,,1.0,{'1': '1-68'},1.0,{'1': '1-145'},1.0,{'1': '1-66'},,,1.0,{'1': '8-25'},,,,
P24004,,,2.0,"{'1': '399-618', '2': '692-1012'}",1.0,{'1': '316-1013'},4.0,"{'1': '458-589', '2': '734-860', '3': '108-183', '4': '896-936'}",3.0,"{'1': '401-645', '2': '693-949', '3': '105-183'}",1.0,{'1': '834-852'},2.0,"{'1': '453-626', '2': '730-866'}",,
P24031,,,1.0,{'1': '69-437'},,,1.0,{'1': '65-399'},1.0,{'1': '34-460'},2.0,"{'1': '66-80', '2': '331-347'}",,,,
P24276,,,1.0,{'1': '1066-1152'},1.0,{'1': '42-1160'},3.0,"{'1': '694-1015', '2': '1064-1148', '3': '582-657'}",2.0,"{'1': '338-549', '2': '613-1058'}",1.0,{'1': '983-1007'},1.0,{'1': '689-1016'},,
P24279,10.0,"{'1': '400-415', '2': '460-474', '3': '488-501', '4': '512-524', '5': '539-547', '6': '243-257', '7': '269-281', '8': '528-538', '9': '561-571', '10': '725-740'}",2.0,"{'1': '169-301', '2': '340-756'}",1.0,{'1': '26-777'},6.0,"{'1': '347-569', '2': '26-141', '3': '169-300', '4': '655-734', '5': '798-846', '6': '897-971'}",2.0,"{'1': '94-312', '2': '369-750'}",2.0,"{'1': '359-565', '2': '468-476'}",2.0,"{'1': '401-554', '2': '164-738'}",,
P24280,,,1.0,{'1': '87-299'},1.0,{'1': '30-290'},2.0,"{'1': '108-266', '2': '36-78'}",2.0,"{'1': '8-95', '2': '98-296'}",1.0,{'1': '99-272'},2.0,"{'1': '99-269', '2': '54-79'}",,
P24309,,,1.0,{'1': '12-271'},,,2.0,"{'1': '4-234', '2': '293-355'}",1.0,{'1': '3-237'},,,1.0,{'1': '284-403'},,
P24384,,,3.0,"{'1': '175-259', '2': '426-658', '3': '659-834'}",,,5.0,"{'1': '680-813', '2': '178-250', '3': '490-639', '4': '1021-1097', '5': '875-902'}",2.0,"{'1': '174-253', '2': '474-984'}",4.0,"{'1': '678-854', '2': '598-607', '3': '178-250', '4': '493-656'}",4.0,"{'1': '705-813', '2': '176-250', '3': '874-964', '4': '481-665'}",,
P24482,,,,,1.0,{'1': '15-687'},1.0,{'1': '400-650'},,,,,,,,
P24583,,,1.0,{'1': '205-325'},,,7.0,"{'1': '209-280', '2': '826-1083', '3': '415-463', '4': '482-533', '5': '8-68', '6': '119-182', '7': '1104-1144'}",5.0,"{'1': '821-1138', '2': '205-382', '3': '113-186', '4': '406-463', '5': '473-535'}",11.0,"{'1': '190-309', '2': '824-1083', '3': '1084-1151', '4': '415-461', '5': '482-531', '6': '414-461', '7': '481-531', '8': '945-957', '9': '1-67', '10': '106-183', '11': '830-853'}",7.0,"{'1': '210-305', '2': '824-1083', '3': '1084-1146', '4': '413-461', '5': '482-531', '6': '5-68', '7': '118-184'}",,
P24720,,,,,,,1.0,{'1': '367-516'},,,,,,,,
P24783,,,2.0,"{'1': '86-323', '2': '324-497'}",,,2.0,"{'1': '344-455', '2': '138-307'}",1.0,{'1': '185-468'},4.0,"{'1': '265-273', '2': '347-494', '3': '144-319', '4': '113-141'}",2.0,"{'1': '374-455', '2': '132-335'}",,
P24813,,,,,1.0,{'1': '22-404'},2.0,"{'1': '46-90', '2': '351-405'}",2.0,"{'1': '301-408', '2': '44-100'}",2.0,"{'1': '48-63', '2': '43-106'}",1.0,{'1': '41-105'},,
P24814,,,2.0,"{'1': '311-572', '2': '573-703'}",,,1.0,{'1': '319-362'},,,1.0,{'1': '314-361'},12.0,"{'1': '320-361', '2': '413-438', '3': '439-464', '4': '491-516', '5': '517-542', '6': '543-568', '7': '572-597', '8': '598-623', '9': '624-649', '10': '650-675', '11': '676-700', '12': '707-729'}",,
P24868,,,,,1.0,{'1': '161-410'},2.0,"{'1': '340-452', '2': '212-337'}",2.0,"{'1': '201-336', '2': '340-457'}",1.0,{'1': '241-272'},3.0,"{'1': '339-454', '2': '246-330', '3': '343-425'}",,
P24869,,,,,1.0,{'1': '178-460'},2.0,"{'1': '359-472', '2': '232-357'}",2.0,"{'1': '221-357', '2': '358-472'}",1.0,{'1': '261-292'},3.0,"{'1': '359-474', '2': '266-350', '3': '363-445'}",,
P24870,,,,,1.0,{'1': '119-402'},2.0,"{'1': '299-412', '2': '171-296'}",2.0,"{'1': '161-296', '2': '301-416'}",1.0,{'1': '201-232'},3.0,"{'1': '299-414', '2': '206-290', '3': '303-384'}",,
P24871,,,,,1.0,{'1': '154-408'},2.0,"{'1': '338-452', '2': '210-335'}",2.0,"{'1': '199-335', '2': '340-455'}",1.0,{'1': '240-271'},3.0,"{'1': '338-453', '2': '245-329', '3': '342-423'}",,
P25037,,,,,1.0,{'1': '75-737'},1.0,{'1': '101-735'},1.0,{'1': '96-736'},3.0,"{'1': '102-117', '2': '681-698', '3': '101-738'}",,,,
P25038,,,2.0,"{'1': '140-323', '2': '466-571'}",1.0,{'1': '43-673'},4.0,"{'1': '145-310', '2': '64-114', '3': '450-560', '4': '329-407'}",4.0,"{'1': '327-408', '2': '572-674', '3': '127-320', '4': '462-575'}",2.0,"{'1': '626-648', '2': '143-326'}",,,2.0,"{'1': '59-673', '2': '146-275'}"
P25043,3.0,"{'1': '37-52', '2': '157-168', '3': '168-179'}",1.0,{'1': '30-255'},1.0,{'1': '17-211'},2.0,"{'1': '27-207', '2': '222-257'}",1.0,{'1': '2-226'},2.0,"{'1': '33-80', '2': '29-207'}",,,,
P25045,,,1.0,{'1': '162-405'},1.0,{'1': '58-547'},1.0,{'1': '146-544'},1.0,{'1': '143-547'},,,,,,
P25046,,,,,1.0,{'1': '1-220'},1.0,{'1': '26-218'},,,,,,,,
P25087,,,1.0,{'1': '39-327'},1.0,{'1': '26-371'},2.0,"{'1': '124-221', '2': '305-369'}",1.0,{'1': '72-370'},1.0,{'1': '73-368'},,,,
P25270,,,2.0,"{'1': '234-411', '2': '116-194'}",1.0,{'1': '40-409'},2.0,"{'1': '243-405', '2': '125-197'}",2.0,"{'1': '232-405', '2': '117-195'}",,,1.0,{'1': '125-198'},1.0,{'1': '123-412'}
P25293,,,,,1.0,{'1': '83-379'},1.0,{'1': '96-362'},1.0,{'1': '70-385'},,,,,,
P25294,3.0,"{'1': '8-26', '2': '40-60', '3': '60-79'}",1.0,{'1': '1-89'},1.0,{'1': '7-349'},2.0,"{'1': '7-65', '2': '182-337'}",3.0,"{'1': '182-259', '2': '261-346', '3': '2-102'}",2.0,"{'1': '6-68', '2': '45-64'}",1.0,{'1': '5-60'},,
P25296,,,,,,,2.0,"{'1': '24-81', '2': '93-160'}",1.0,{'1': '8-162'},8.0,"{'1': '21-56', '2': '60-88', '3': '90-125', '4': '131-166', '5': '34-46', '6': '66-78', '7': '103-115', '8': '144-156'}",4.0,"{'1': '25-53', '2': '57-85', '3': '94-122', '4': '135-163'}",,
P25297,,,2.0,"{'1': '61-290', '2': '326-565'}",,,1.0,{'1': '71-557'},1.0,{'1': '46-555'},3.0,"{'1': '409-425', '2': '170-195', '3': '65-547'}",,,1.0,{'1': '49-555'}
P25298,,,,,1.0,{'1': '24-670'},1.0,{'1': '29-576'},1.0,{'1': '33-580'},,,8.0,"{'1': '56-88', '2': '90-124', '3': '134-170', '4': '181-214', '5': '251-289', '6': '298-330', '7': '463-495', '8': '497-532'}",,
P25299,,,2.0,"{'1': '2-125', '2': '253-291'}",,,2.0,"{'1': '20-90', '2': '254-291'}",1.0,{'1': '13-125'},1.0,{'1': '18-96'},1.0,{'1': '19-92'},,
P25301,,,2.0,"{'1': '91-307', '2': '337-460'}",,,1.0,{'1': '100-280'},1.0,{'1': '99-458'},1.0,{'1': '96-274'},1.0,{'1': '117-294'},,
P25302,,,2.0,"{'1': '437-684', '2': '24-158'}",1.0,{'1': '11-1091'},2.0,"{'1': '521-551', '2': '56-131'}",2.0,"{'1': '478-680', '2': '36-157'}",3.0,"{'1': '520-552', '2': '641-673', '3': '37-147'}",3.0,"{'1': '520-549', '2': '641-670', '3': '57-145'}",,
P25303,4.0,"{'1': '25-43', '2': '43-58', '3': '60-80', '4': '80-99'}",1.0,{'1': '20-130'},1.0,{'1': '23-370'},3.0,"{'1': '169-232', '2': '23-85', '3': '143-363'}",4.0,"{'1': '135-279', '2': '285-371', '3': '168-235', '4': '22-131'}",3.0,"{'1': '156-237', '2': '23-88', '3': '65-84'}",1.0,{'1': '22-80'},,
P25332,5.0,"{'1': '5-26', '2': '32-51', '3': '111-124', '4': '182-197', '5': '245-256'}",1.0,{'1': '1-333'},,,1.0,{'1': '3-324'},1.0,{'1': '2-327'},1.0,{'1': '277-290'},,,,
P25333,,,,,,,1.0,{'1': '319-589'},1.0,{'1': '301-594'},3.0,"{'1': '316-590', '2': '445-457', '3': '322-353'}",1.0,{'1': '316-590'},,
P25336,,,3.0,"{'1': '120-266', '2': '743-1010', '3': '274-365'}",1.0,{'1': '139-995'},5.0,"{'1': '788-978', '2': '133-259', '3': '423-735', '4': '276-405', '5': '611-689'}",3.0,"{'1': '128-257', '2': '743-979', '3': '421-741'}",1.0,{'1': '865-881'},2.0,"{'1': '784-976', '2': '435-768'}",,
P25337,5.0,"{'1': '13-33', '2': '50-73', '3': '74-99', '4': '100-125', '5': '145-154'}",,,1.0,{'1': '1-157'},1.0,{'1': '1-155'},,,2.0,"{'1': '103-125', '2': '145-154'}",,,,
P25339,,,1.0,{'1': '554-886'},,,8.0,"{'1': '568-599', '2': '605-631', '3': '639-671', '4': '678-709', '5': '713-746', '6': '752-767', '7': '790-808', '8': '834-846'}",1.0,{'1': '551-884'},8.0,"{'1': '563-598', '2': '599-634', '3': '635-671', '4': '672-707', '5': '708-743', '6': '744-783', '7': '784-821', '8': '539-888'}",8.0,"{'1': '563-598', '2': '599-634', '3': '635-671', '4': '672-707', '5': '708-743', '6': '744-779', '7': '784-821', '8': '823-857'}",,
P25340,,,,,,,1.0,{'1': '34-473'},,,2.0,"{'1': '206-221', '2': '437-460'}",,,,
P25341,,,,,,,1.0,{'1': '324-602'},1.0,{'1': '312-620'},2.0,"{'1': '324-602', '2': '445-457'}",1.0,{'1': '324-602'},,
P25342,,,1.0,{'1': '9-303'},,,1.0,{'1': '29-308'},1.0,{'1': '7-275'},1.0,{'1': '29-302'},,,,
P25343,,,1.0,{'1': '3-237'},1.0,{'1': '1-262'},1.0,{'1': '6-231'},1.0,{'1': '22-238'},1.0,{'1': '15-239'},1.0,{'1': '5-232'},,
P25344,,,1.0,{'1': '28-107'},,,2.0,"{'1': '246-327', '2': '30-104'}",2.0,"{'1': '28-105', '2': '248-327'}",1.0,{'1': '233-327'},1.0,{'1': '235-327'},,
P25345,4.0,"{'1': '213-225', '2': '229-242', '3': '405-421', '4': '446-460'}",2.0,"{'1': '16-123', '2': '128-489'}",,,2.0,"{'1': '142-485', '2': '34-109'}",2.0,"{'1': '29-110', '2': '136-485'}",1.0,{'1': '154-481'},,,1.0,{'1': '17-491'}
P25348,,,,,1.0,{'1': '11-128'},1.0,{'1': '72-122'},1.0,{'1': '70-125'},,,,,,
P25349,,,1.0,{'1': '1-200'},,,1.0,{'1': '6-137'},1.0,{'1': '1-200'},1.0,{'1': '4-193'},,,1.0,{'1': '2-200'}
P25355,,,1.0,{'1': '344-523'},1.0,{'1': '34-548'},1.0,{'1': '446-543'},1.0,{'1': '356-517'},,,,,,
P25357,,,,,1.0,{'1': '4-1177'},2.0,"{'1': '672-714', '2': '891-932'}",2.0,"{'1': '671-724', '2': '875-938'}",3.0,"{'1': '884-934', '2': '668-720', '3': '884-938'}",2.0,"{'1': '669-718', '2': '888-936'}",,
P25358,,,,,1.0,{'1': '53-301'},1.0,{'1': '65-306'},,,1.0,{'1': '174-182'},,,,
P25359,,,1.0,{'1': '1-394'},1.0,{'1': '32-391'},1.0,{'1': '48-244'},1.0,{'1': '25-279'},,,,,,
P25360,,,,,,,2.0,"{'1': '1-334', '2': '495-843'}",,,1.0,{'1': '1-334'},,,,
P25365,,,1.0,{'1': '2-338'},1.0,{'1': '1-821'},1.0,{'1': '302-330'},1.0,{'1': '11-334'},,,2.0,"{'1': '254-289', '2': '292-332'}",,
P25366,,,1.0,{'1': '1-205'},,,1.0,{'1': '62-219'},1.0,{'1': '1-191'},,,,,,
P25368,,,,,1.0,{'1': '9-296'},2.0,"{'1': '177-296', '2': '9-161'}",,,,,,,,
P25371,,,1.0,{'1': '381-626'},,,3.0,"{'1': '406-558', '2': '775-986', '3': '588-642'}",1.0,{'1': '384-630'},3.0,"{'1': '117-128', '2': '384-631', '3': '530-544'}",1.0,{'1': '415-608'},,
P25372,,,,,1.0,{'1': '27-125'},1.0,{'1': '31-125'},1.0,{'1': '16-125'},2.0,"{'1': '9-127', '2': '47-65'}",,,,
P25373,3.0,"{'1': '19-37', '2': '68-81', '3': '82-95'}",,,,,1.0,{'1': '19-85'},1.0,{'1': '7-106'},1.0,{'1': '21-37'},,,1.0,{'1': '19-104'}
P25374,,,2.0,"{'1': '111-356', '2': '100-461'}",,,1.0,{'1': '100-462'},1.0,{'1': '99-484'},1.0,{'1': '290-309'},,,1.0,{'1': '98-497'}
P25375,,,3.0,"{'1': '180-705', '2': '383-540', '3': '21-166'}",1.0,{'1': '30-711'},1.0,{'1': '250-709'},,,,,,,,
P25376,,,,,1.0,{'1': '96-633'},1.0,{'1': '124-589'},,,1.0,{'1': '149-180'},,,1.0,{'1': '117-597'}
P25378,,,1.0,{'1': '11-196'},1.0,{'1': '17-199'},1.0,{'1': '18-190'},1.0,{'1': '13-193'},1.0,{'1': '9-209'},1.0,{'1': '19-192'},1.0,{'1': '17-184'}
P25379,,,2.0,"{'1': '18-320', '2': '38-143'}",1.0,{'1': '8-335'},1.0,{'1': '5-316'},1.0,{'1': '4-319'},1.0,{'1': '28-41'},,,,
P25382,3.0,"{'1': '251-265', '2': '292-306', '3': '459-473'}",1.0,{'1': '136-515'},,,8.0,"{'1': '139-172', '2': '177-214', '3': '220-264', '4': '269-305', '5': '393-430', '6': '434-472', '7': '481-513', '8': '32-80'}",1.0,{'1': '113-513'},9.0,"{'1': '139-181', '2': '182-223', '3': '225-264', '4': '274-308', '5': '398-439', '6': '440-481', '7': '482-515', '8': '292-306', '9': '459-473'}",8.0,"{'1': '132-172', '2': '175-214', '3': '218-264', '4': '267-305', '5': '309-387', '6': '391-430', '7': '433-472', '8': '475-514'}",,
P25385,,,,,,,,,,,,,,,,
P25386,,,1.0,{'1': '16-718'},1.0,{'1': '4-1035'},2.0,"{'1': '364-715', '2': '1660-1786'}",1.0,{'1': '13-373'},,,,,,
P25389,,,1.0,{'1': '912-1037'},,,2.0,"{'1': '22-284', '2': '921-1036'}",1.0,{'1': '18-286'},3.0,"{'1': '21-285', '2': '148-160', '3': '27-50'}",1.0,{'1': '21-285'},,
P25441,,,,,1.0,{'1': '14-422'},1.0,{'1': '302-422'},,,,,,,,
P25443,,,1.0,{'1': '139-232'},1.0,{'1': '30-221'},2.0,"{'1': '160-231', '2': '76-140'}",1.0,{'1': '152-232'},2.0,"{'1': '76-139', '2': '93-125'}",,,1.0,{'1': '30-235'}
P25451,,,1.0,{'1': '2-205'},1.0,{'1': '3-198'},1.0,{'1': '8-190'},1.0,{'1': '7-204'},2.0,"{'1': '13-59', '2': '9-190'}",,,,
P25454,,,1.0,{'1': '152-400'},,,1.0,{'1': '153-395'},2.0,"{'1': '83-144', '2': '159-393'}",2.0,"{'1': '334-397', '2': '156-327'}",1.0,{'1': '177-364'},1.0,{'1': '83-397'}
P25491,4.0,"{'1': '8-26', '2': '26-41', '3': '42-62', '4': '62-81'}",1.0,{'1': '3-109'},1.0,{'1': '4-381'},3.0,"{'1': '143-208', '2': '7-67', '3': '116-336'}",4.0,"{'1': '115-257', '2': '259-344', '3': '140-210', '4': '2-103'}",3.0,"{'1': '130-213', '2': '6-70', '3': '47-66'}",1.0,{'1': '5-62'},,
P25502,,,1.0,{'1': '31-61'},1.0,{'1': '7-890'},2.0,"{'1': '32-68', '2': '391-619'}",2.0,"{'1': '23-67', '2': '67-100'}",2.0,"{'1': '33-60', '2': '33-62'}",2.0,"{'1': '28-71', '2': '480-553'}",,
P25515,4.0,"{'1': '28-52', '2': '54-78', '3': '102-128', '4': '129-152'}",1.0,{'1': '9-158'},,,2.0,"{'1': '15-73', '2': '91-150'}",2.0,"{'1': '11-76', '2': '84-151'}",,,,,1.0,{'1': '11-116'}
P25554,,,,,1.0,{'1': '38-250'},1.0,{'1': '128-249'},,,1.0,{'1': '121-255'},,,,
P25555,,,3.0,"{'1': '115-218', '2': '219-298', '3': '327-427'}",1.0,{'1': '116-304'},3.0,"{'1': '124-191', '2': '221-289', '3': '351-419'}",2.0,"{'1': '122-201', '2': '219-426'}",3.0,"{'1': '122-198', '2': '219-296', '3': '349-426'}",3.0,"{'1': '123-194', '2': '220-292', '3': '350-422'}",,
P25558,,,,,,,2.0,"{'1': '28-205', '2': '455-621'}",1.0,{'1': '260-439'},,,1.0,{'1': '265-443'},,
P25559,,,,,1.0,{'1': '12-380'},1.0,{'1': '15-348'},,,,,,,,
P25560,,,,,1.0,{'1': '12-185'},1.0,{'1': '21-184'},,,,,,,,
P25566,,,,,1.0,{'1': '31-167'},1.0,{'1': '47-166'},1.0,{'1': '39-167'},1.0,{'1': '40-168'},,,1.0,{'1': '39-164'}
P25567,,,1.0,{'1': '258-345'},1.0,{'1': '109-323'},1.0,{'1': '265-323'},1.0,{'1': '253-325'},1.0,{'1': '255-351'},1.0,{'1': '259-344'},,
P25569,,,2.0,"{'1': '263-589', '2': '598-745'}",1.0,{'1': '15-741'},3.0,"{'1': '319-344', '2': '663-687', '3': '692-740'}",1.0,{'1': '281-741'},2.0,"{'1': '671-696', '2': '724-745'}",5.0,"{'1': '313-356', '2': '360-399', '3': '445-487', '4': '646-687', '5': '690-741'}",,
P25573,,,,,,,1.0,{'1': '1-388'},,,,,,,,
P25574,,,,,1.0,{'1': '185-757'},1.0,{'1': '539-757'},,,,,,,,
P25580,,,,,1.0,{'1': '4-414'},1.0,{'1': '226-404'},,,,,1.0,{'1': '224-406'},,
P25582,,,1.0,{'1': '22-209'},1.0,{'1': '7-205'},3.0,"{'1': '25-202', '2': '615-835', '3': '236-384'}",1.0,{'1': '24-203'},,,,,,
P25583,,,,,1.0,{'1': '40-335'},1.0,{'1': '136-289'},,,1.0,{'1': '75-314'},,,,
P25586,,,2.0,"{'1': '32-119', '2': '120-222'}",1.0,{'1': '4-314'},2.0,"{'1': '39-119', '2': '121-211'}",1.0,{'1': '120-223'},,,1.0,{'1': '122-192'},,
P25588,,,,,1.0,{'1': '669-1094'},1.0,{'1': '711-851'},,,,,,,,
P25591,,,,,,,1.0,{'1': '6-422'},,,,,,,,
P25604,,,1.0,{'1': '1-161'},1.0,{'1': '10-381'},2.0,"{'1': '31-154', '2': '317-379'}",2.0,"{'1': '9-157', '2': '325-382'}",2.0,"{'1': '12-161', '2': '322-385'}",,,,
P25605,,,1.0,{'1': '156-280'},1.0,{'1': '7-309'},2.0,"{'1': '219-280', '2': '80-146'}",2.0,"{'1': '77-151', '2': '217-282'}",1.0,{'1': '79-159'},,,1.0,{'1': '76-282'}
P25613,,,,,1.0,{'1': '1-279'},1.0,{'1': '71-276'},,,1.0,{'1': '89-98'},,,,
P25617,,,,,,,1.0,{'1': '102-196'},,,,,,,,
P25618,,,1.0,{'1': '682-890'},1.0,{'1': '291-906'},4.0,"{'1': '6-206', '2': '458-631', '3': '280-429', '4': '679-909'}",1.0,{'1': '682-875'},,,,,,
P25619,,,,,1.0,{'1': '3-306'},1.0,{'1': '40-258'},,,,,1.0,{'1': '35-285'},,
P25621,,,1.0,{'1': '30-229'},,,1.0,{'1': '42-414'},1.0,{'1': '23-454'},,,,,,
P25623,,,1.0,{'1': '1-264'},,,1.0,{'1': '610-868'},1.0,{'1': '24-244'},1.0,{'1': '609-869'},,,,
P25626,,,1.0,{'1': '35-169'},1.0,{'1': '29-154'},1.0,{'1': '64-154'},1.0,{'1': '56-166'},,,,,,
P25627,,,1.0,{'1': '1-204'},1.0,{'1': '2-275'},2.0,"{'1': '52-155', '2': '217-272'}",1.0,{'1': '1-164'},,,,,,
P25632,,,1.0,{'1': '230-349'},,,,,1.0,{'1': '231-353'},,,,,,
P25635,3.0,"{'1': '360-374', '2': '402-416', '3': '488-502'}",3.0,"{'1': '13-229', '2': '230-418', '3': '428-724'}",1.0,{'1': '1-881'},7.0,"{'1': '141-174', '2': '185-218', '3': '340-373', '4': '378-415', '5': '464-501', '6': '746-850', '7': '238-308'}",3.0,"{'1': '516-702', '2': '20-221', '3': '184-548'}",7.0,"{'1': '142-183', '2': '187-219', '3': '341-382', '4': '383-424', '5': '469-502', '6': '360-374', '7': '402-416'}",13.0,"{'1': '45-83', '2': '86-123', '3': '135-174', '4': '180-219', '5': '249-288', '6': '291-331', '7': '334-373', '8': '376-415', '9': '418-459', '10': '462-501', '11': '508-543', '12': '566-605', '13': '668-705'}",,
P25637,,,2.0,"{'1': '1-113', '2': '135-256'}",1.0,{'1': '10-256'},2.0,"{'1': '144-251', '2': '6-108'}",2.0,"{'1': '1-110', '2': '132-256'}",2.0,"{'1': '10-114', '2': '207-236'}",1.0,{'1': '10-114'},,
P25638,,,1.0,{'1': '1-111'},1.0,{'1': '3-85'},,,1.0,{'1': '3-70'},,,2.0,"{'1': '4-37', '2': '38-71'}",,
P25639,,,,,,,2.0,"{'1': '85-187', '2': '332-621'}",,,,,,,,
P25641,,,1.0,{'1': '174-392'},1.0,{'1': '34-519'},1.0,{'1': '295-342'},1.0,{'1': '168-433'},,,,,,
P25642,,,,,1.0,{'1': '36-144'},1.0,{'1': '65-145'},,,,,,,,
P25644,,,,,1.0,{'1': '104-756'},2.0,"{'1': '3-55', '2': '257-742'}",,,,,,,,
P25648,,,,,,,1.0,{'1': '113-175'},,,,,1.0,{'1': '112-175'},,
P25655,,,1.0,{'1': '582-753'},1.0,{'1': '47-2080'},7.0,"{'1': '1712-2078', '2': '1086-1228', '3': '778-995', '4': '592-744', '5': '406-546', '6': '169-392', '7': '1388-1539'}",,,,,,,,
P25656,,,,,1.0,{'1': '19-368'},1.0,{'1': '63-359'},,,,,,,,
P25659,,,,,,,1.0,{'1': '168-229'},,,,,,,,
P25694,,,2.0,"{'1': '216-380', '2': '474-657'}",1.0,{'1': '46-785'},6.0,"{'1': '36-116', '2': '251-380', '3': '524-657', '4': '136-199', '5': '403-443', '6': '681-719'}",4.0,"{'1': '32-115', '2': '210-472', '3': '483-784', '4': '117-209'}",2.0,"{'1': '351-369', '2': '627-645'}",4.0,"{'1': '35-118', '2': '247-383', '3': '520-659', '4': '135-201'}",1.0,{'1': '46-785'}
P25719,5.0,"{'1': '42-57', '2': '71-83', '3': '114-129', '4': '129-141', '5': '142-157'}",1.0,{'1': '12-182'},,,1.0,{'1': '33-180'},1.0,{'1': '19-182'},2.0,"{'1': '25-181', '2': '66-83'}",,,,
P25808,,,2.0,"{'1': '1-227', '2': '238-477'}",,,4.0,"{'1': '247-365', '2': '31-207', '3': '418-467', '4': '500-605'}",1.0,{'1': '86-386'},4.0,"{'1': '170-178', '2': '248-404', '3': '38-224', '4': '7-35'}",3.0,"{'1': '278-365', '2': '26-239', '3': '406-469'}",,
P25847,,,3.0,"{'1': '3-120', '2': '638-962', '3': '121-292'}",1.0,{'1': '93-910'},5.0,"{'1': '684-879', '2': '19-124', '3': '330-627', '4': '141-284', '5': '491-586'}",2.0,"{'1': '646-880', '2': '298-632'}",1.0,{'1': '762-778'},2.0,"{'1': '681-877', '2': '333-664'}",,
P26188,,,1.0,{'1': '97-181'},,,1.0,{'1': '100-179'},1.0,{'1': '98-179'},1.0,{'1': '149-155'},,,1.0,{'1': '99-178'}
P26263,,,,,1.0,{'1': '2-561'},3.0,"{'1': '407-507', '2': '201-320', '3': '5-108'}",3.0,"{'1': '184-339', '2': '4-180', '3': '362-550'}",1.0,{'1': '427-446'},,,,
P26321,6.0,"{'1': '20-39', '2': '43-62', '3': '84-104', '4': '145-164', '5': '165-184', '6': '207-227'}",,,1.0,{'1': '1-295'},2.0,"{'1': '14-176', '2': '236-294'}",,,,,,,,
P26364,5.0,"{'1': '18-31', '2': '47-61', '3': '99-115', '4': '178-193', '5': '195-209'}",1.0,{'1': '1-224'},1.0,{'1': '9-218'},1.0,{'1': '145-180'},1.0,{'1': '13-206'},1.0,{'1': '99-110'},,,1.0,{'1': '16-216'}
P26449,,,1.0,{'1': '1-341'},,,1.0,{'1': '253-279'},1.0,{'1': '2-318'},1.0,{'1': '254-288'},4.0,"{'1': '1-39', '2': '46-85', '3': '88-128', '4': '231-279'}",,
P26570,7.0,"{'1': '413-440', '2': '442-469', '3': '475-499', '4': '509-535', '5': '538-565', '6': '595-615', '7': '617-633'}",1.0,{'1': '299-692'},1.0,{'1': '339-670'},2.0,"{'1': '413-606', '2': '363-411'}",1.0,{'1': '380-658'},1.0,{'1': '476-481'},1.0,{'1': '385-655'},,
P26637,,,2.0,"{'1': '274-533', '2': '19-765'}",1.0,{'1': '8-1089'},4.0,"{'1': '51-116', '2': '194-769', '3': '808-928', '4': '953-1007'}",2.0,"{'1': '304-527', '2': '784-1008'}",,,,,1.0,{'1': '18-1088'}
P26725,,,1.0,{'1': '67-424'},1.0,{'1': '39-420'},1.0,{'1': '65-374'},1.0,{'1': '88-421'},,,,,,
P26754,,,2.0,"{'1': '32-177', '2': '203-273'}",1.0,{'1': '35-266'},2.0,"{'1': '69-150', '2': '183-268'}",2.0,"{'1': '39-176', '2': '206-273'}",,,,,,
P26755,,,,,,,1.0,{'1': '1-122'},,,,,,,,
P26783,,,1.0,{'1': '20-225'},1.0,{'1': '31-225'},1.0,{'1': '67-225'},1.0,{'1': '40-225'},1.0,{'1': '91-117'},,,1.0,{'1': '39-225'}
P26784,,,1.0,{'1': '2-149'},1.0,{'1': '5-176'},1.0,{'1': '6-110'},1.0,{'1': '7-149'},1.0,{'1': '84-107'},,,1.0,{'1': '7-149'}
P26785,,,1.0,{'1': '2-148'},1.0,{'1': '3-175'},1.0,{'1': '5-109'},1.0,{'1': '6-148'},1.0,{'1': '83-106'},,,1.0,{'1': '6-148'}
P26786,,,,,1.0,{'1': '10-188'},1.0,{'1': '9-185'},,,1.0,{'1': '76-89'},,,,
P26793,5.0,"{'1': '28-42', '2': '82-101', '3': '143-160', '4': '164-184', '5': '221-236'}",,,1.0,{'1': '1-348'},2.0,"{'1': '1-107', '2': '147-231'}",2.0,"{'1': '2-231', '2': '216-354'}",2.0,"{'1': '80-94', '2': '147-161'}",3.0,"{'1': '1-108', '2': '144-216', '3': '218-251'}",,
P27344,,,1.0,{'1': '1-93'},1.0,{'1': '9-134'},,,1.0,{'1': '12-91'},,,,,,
P27351,,,1.0,{'1': '1-607'},1.0,{'1': '20-677'},1.0,{'1': '13-543'},1.0,{'1': '14-598'},,,,,,
P27466,,,,,,,1.0,{'1': '37-299'},1.0,{'1': '30-303'},3.0,"{'1': '37-299', '2': '157-169', '3': '43-71'}",1.0,{'1': '37-299'},,
P27472,,,,,1.0,{'1': '3-671'},1.0,{'1': '12-683'},,,,,,,,
P27476,,,2.0,"{'1': '93-255', '2': '256-386'}",1.0,{'1': '69-340'},2.0,"{'1': '170-239', '2': '269-339'}",2.0,"{'1': '159-251', '2': '262-377'}",2.0,"{'1': '168-246', '2': '267-345'}",2.0,"{'1': '169-242', '2': '268-341'}",,
P27514,,,,,,,3.0,"{'1': '1-54', '2': '69-257', '3': '468-811'}",,,1.0,{'1': '1-256'},,,,
P27515,,,2.0,"{'1': '55-269', '2': '281-500'}",,,2.0,"{'1': '292-474', '2': '58-247'}",2.0,"{'1': '52-251', '2': '288-499'}",,,,,1.0,{'1': '57-260'}
P27614,,,,,1.0,{'1': '57-574'},2.0,"{'1': '164-569', '2': '288-443'}",1.0,{'1': '291-447'},2.0,"{'1': '163-172', '2': '203-242'}",,,,
P27636,,,,,1.0,{'1': '18-341'},1.0,{'1': '25-272'},1.0,{'1': '24-581'},3.0,"{'1': '25-272', '2': '142-154', '3': '31-54'}",1.0,{'1': '25-272'},,
P27637,,,,,1.0,{'1': '74-487'},1.0,{'1': '266-312'},1.0,{'1': '249-340'},1.0,{'1': '259-320'},1.0,{'1': '262-319'},,
P27654,,,,,1.0,{'1': '1-187'},1.0,{'1': '18-110'},,,1.0,{'1': '94-100'},,,,
P27680,,,1.0,{'1': '40-311'},,,,,1.0,{'1': '104-272'},,,,,1.0,{'1': '40-305'}
P27692,,,4.0,"{'1': '534-583', '2': '584-632', '3': '787-850', '4': '266-373'}",1.0,{'1': '122-1061'},6.0,"{'1': '287-371', '2': '180-280', '3': '536-582', '4': '698-748', '5': '801-845', '6': '641-687'}",2.0,"{'1': '521-583', '2': '574-634'}",,,6.0,"{'1': '381-408', '2': '533-560', '3': '583-610', '4': '798-825', '5': '284-375', '6': '902-1033'}",,
P27705,,,,,1.0,{'1': '1-498'},1.0,{'1': '67-90'},1.0,{'1': '46-95'},4.0,"{'1': '40-60', '2': '68-90', '3': '38-65', '4': '66-95'}",2.0,"{'1': '38-60', '2': '66-90'}",,
P27796,,,2.0,"{'1': '35-304', '2': '176-412'}",1.0,{'1': '32-416'},2.0,"{'1': '36-288', '2': '297-414'}",2.0,"{'1': '31-292', '2': '295-414'}",3.0,"{'1': '398-411', '2': '365-381', '3': '121-139'}",,,1.0,{'1': '38-414'}
P27801,,,,,,,1.0,{'1': '4-335'},,,1.0,{'1': '585-741'},1.0,{'1': '585-741'},,
P27809,,,1.0,{'1': '95-442'},1.0,{'1': '6-439'},1.0,{'1': '70-390'},1.0,{'1': '105-440'},,,,,,
P27810,,,1.0,{'1': '55-392'},1.0,{'1': '16-390'},1.0,{'1': '54-341'},1.0,{'1': '61-391'},,,,,,
P27895,4.0,"{'1': '119-140', '2': '348-365', '3': '378-396', '4': '427-448'}",1.0,{'1': '12-483'},1.0,{'1': '35-962'},2.0,"{'1': '42-201', '2': '307-477'}",1.0,{'1': '36-516'},2.0,"{'1': '36-477', '2': '377-388'}",1.0,{'1': '34-485'},,
P27929,,,1.0,{'1': '102-235'},1.0,{'1': '17-199'},1.0,{'1': '104-149'},,,1.0,{'1': '101-125'},1.0,{'1': '103-166'},,
P27999,,,,,1.0,{'1': '1-110'},2.0,"{'1': '74-111', '2': '4-40'}",,,3.0,"{'1': '75-110', '2': '71-111', '3': '6-32'}",2.0,"{'1': '73-112', '2': '5-58'}",,
P28000,,,1.0,{'1': '42-142'},,,1.0,{'1': '61-133'},1.0,{'1': '38-140'},1.0,{'1': '65-96'},,,,
P28003,,,1.0,{'1': '316-406'},,,1.0,{'1': '331-404'},1.0,{'1': '311-406'},1.0,{'1': '316-413'},,,,
P28004,,,,,1.0,{'1': '31-367'},1.0,{'1': '107-250'},,,,,,,,
P28005,,,1.0,{'1': '1-136'},,,1.0,{'1': '7-130'},1.0,{'1': '1-135'},,,,,,
P28006,,,1.0,{'1': '218-363'},1.0,{'1': '34-379'},1.0,{'1': '238-359'},,,1.0,{'1': '235-360'},,,,
P28007,,,1.0,{'1': '33-124'},,,1.0,{'1': '37-123'},1.0,{'1': '39-111'},,,,,,
P28239,,,1.0,{'1': '33-310'},1.0,{'1': '31-272'},1.0,{'1': '78-264'},1.0,{'1': '34-310'},,,,,,
P28240,,,1.0,{'1': '20-534'},1.0,{'1': '16-552'},1.0,{'1': '22-550'},1.0,{'1': '15-534'},1.0,{'1': '215-220'},,,1.0,{'1': '23-550'}
P28241,,,,,,,1.0,{'1': '38-365'},,,1.0,{'1': '259-279'},1.0,{'1': '38-365'},1.0,{'1': '34-369'}
P28263,,,1.0,{'1': '1-161'},,,1.0,{'1': '12-142'},1.0,{'1': '2-149'},2.0,"{'1': '3-148', '2': '73-89'}",,,,
P28272,,,2.0,"{'1': '15-307', '2': '56-223'}",1.0,{'1': '5-310'},1.0,{'1': '5-296'},,,2.0,"{'1': '41-60', '2': '248-268'}",,,,
P28274,,,2.0,"{'1': '1-296', '2': '300-570'}",1.0,{'1': '1-565'},2.0,"{'1': '2-270', '2': '315-553'}",2.0,"{'1': '1-271', '2': '302-558'}",,,,,1.0,{'1': '1-555'}
P28319,,,,,,,1.0,{'1': '194-211'},,,1.0,{'1': '194-212'},,,,
P28320,,,,,1.0,{'1': '7-249'},1.0,{'1': '9-252'},,,,,,,,
P28321,,,1.0,{'1': '1-313'},1.0,{'1': '30-306'},1.0,{'1': '38-287'},1.0,{'1': '15-306'},,,,,,
P28495,3.0,"{'1': '153-167', '2': '183-196', '3': '232-251'}",2.0,"{'1': '106-238', '2': '1-102'}",1.0,{'1': '4-265'},1.0,{'1': '10-262'},1.0,{'1': '1-262'},2.0,"{'1': '184-192', '2': '236-246'}",,,,
P28496,,,,,1.0,{'1': '88-403'},1.0,{'1': '173-377'},,,1.0,{'1': '168-384'},1.0,{'1': '171-384'},,
P28707,,,1.0,{'1': '2-120'},1.0,{'1': '7-211'},,,1.0,{'1': '6-128'},1.0,{'1': '5-108'},,,,
P28708,,,,,,,1.0,{'1': '193-508'},1.0,{'1': '192-513'},3.0,"{'1': '192-508', '2': '350-362', '3': '198-225'}",1.0,{'1': '192-508'},,
P28742,4.0,"{'1': '132-153', '2': '273-290', '3': '311-329', '4': '360-381'}",1.0,{'1': '48-452'},1.0,{'1': '46-705'},1.0,{'1': '58-410'},1.0,{'1': '52-449'},2.0,"{'1': '52-410', '2': '310-321'}",1.0,{'1': '50-418'},,
P28743,4.0,"{'1': '193-214', '2': '335-352', '3': '366-384', '4': '443-464'}",1.0,{'1': '52-495'},1.0,{'1': '141-691'},1.0,{'1': '145-493'},1.0,{'1': '144-532'},2.0,"{'1': '102-493', '2': '365-376'}",1.0,{'1': '100-501'},,
P28777,,,2.0,"{'1': '1-94', '2': '108-376'}",1.0,{'1': '1-370'},1.0,{'1': '8-363'},1.0,{'1': '1-369'},3.0,"{'1': '14-29', '2': '122-138', '3': '337-353'}",,,1.0,{'1': '8-368'}
P28778,,,1.0,{'1': '1-121'},1.0,{'1': '3-105'},1.0,{'1': '3-98'},1.0,{'1': '3-100'},,,,,1.0,{'1': '1-100'}
P28789,5.0,"{'1': '45-65', '2': '80-99', '3': '131-148', '4': '150-167', '5': '239-256'}",1.0,{'1': '231-325'},1.0,{'1': '4-321'},2.0,"{'1': '6-222', '2': '235-310'}",1.0,{'1': '230-323'},1.0,{'1': '240-256'},,,1.0,{'1': '6-312'}
P28791,,,,,1.0,{'1': '7-303'},1.0,{'1': '204-295'},,,,,,,,
P28817,,,,,1.0,{'1': '39-405'},1.0,{'1': '48-392'},1.0,{'1': '35-370'},1.0,{'1': '139-159'},,,,
P28834,,,,,,,1.0,{'1': '30-353'},,,1.0,{'1': '248-267'},1.0,{'1': '30-353'},1.0,{'1': '26-357'}
P29055,8.0,"{'1': '38-58', '2': '60-73', '3': '75-96', '4': '173-192', '5': '199-214', '6': '238-256', '7': '272-288', '8': '304-318'}",,,1.0,{'1': '22-325'},3.0,"{'1': '23-66', '2': '123-212', '3': '236-319'}",2.0,"{'1': '127-214', '2': '238-328'}",2.0,"{'1': '20-53', '2': '165-180'}",2.0,"{'1': '131-212', '2': '237-318'}",,
P29056,5.0,"{'1': '18-38', '2': '127-146', '3': '153-168', '4': '218-234', '5': '250-264'}",,,1.0,{'1': '2-588'},4.0,"{'1': '463-595', '2': '3-45', '3': '77-167', '4': '172-265'}",2.0,"{'1': '82-170', '2': '176-270'}",3.0,"{'1': '1-33', '2': '119-134', '3': '217-232'}",2.0,"{'1': '85-166', '2': '180-264'}",,
P29295,,,,,1.0,{'1': '13-409'},1.0,{'1': '10-233'},1.0,{'1': '6-290'},3.0,"{'1': '9-278', '2': '124-136', '3': '15-38'}",1.0,{'1': '9-288'},,
P29311,6.0,"{'1': '37-66', '2': '87-111', '3': '118-140', '4': '153-179', '5': '180-206', '6': '207-236'}",1.0,{'1': '1-249'},1.0,{'1': '5-238'},1.0,{'1': '11-234'},1.0,{'1': '4-236'},2.0,"{'1': '43-53', '2': '216-235'}",1.0,{'1': '5-247'},,
P29366,,,1.0,{'1': '266-420'},1.0,{'1': '231-422'},3.0,"{'1': '78-124', '2': '161-209', '3': '308-397'}",3.0,"{'1': '60-139', '2': '152-218', '3': '286-408'}",4.0,"{'1': '72-132', '2': '155-217', '3': '278-404', '4': '478-551'}",4.0,"{'1': '478-551', '2': '75-131', '3': '158-216', '4': '280-400'}",,
P29453,11.0,"{'1': '31-48', '2': '48-65', '3': '68-87', '4': '92-105', '5': '128-148', '6': '189-213', '7': '221-241', '8': '132-146', '9': '151-164', '10': '167-177', '11': '177-191'}",1.0,{'1': '52-237'},1.0,{'1': '44-239'},1.0,{'1': '119-208'},1.0,{'1': '87-220'},1.0,{'1': '170-187'},,,,
P29461,5.0,"{'1': '466-473', '2': '484-504', '3': '661-679', '4': '704-719', '5': '720-730'}",1.0,{'1': '352-742'},1.0,{'1': '279-738'},1.0,{'1': '410-735'},1.0,{'1': '395-742'},3.0,"{'1': '411-737', '2': '642-728', '3': '664-674'}",2.0,"{'1': '352-739', '2': '594-736'}",,
P29465,,,,,1.0,{'1': '214-1152'},1.0,{'1': '362-439'},1.0,{'1': '656-1114'},,,,,,
P29468,,,1.0,{'1': '40-195'},,,3.0,"{'1': '353-531', '2': '206-351', '3': '8-201'}",2.0,"{'1': '353-522', '2': '4-197'}",,,,,,
P29469,10.0,"{'1': '534-549', '2': '594-608', '3': '622-635', '4': '646-658', '5': '673-681', '6': '315-332', '7': '338-350', '8': '373-387', '9': '434-445', '10': '449-460'}",2.0,"{'1': '306-432', '2': '473-868'}",1.0,{'1': '204-851'},5.0,"{'1': '481-703', '2': '52-193', '3': '209-298', '4': '306-432', '5': '761-844'}",2.0,"{'1': '211-454', '2': '503-845'}",2.0,"{'1': '493-699', '2': '602-610'}",1.0,{'1': '302-846'},,
P29478,,,1.0,{'1': '85-205'},1.0,{'1': '89-202'},1.0,{'1': '100-196'},1.0,{'1': '90-198'},,,,,,
P29496,10.0,"{'1': '407-422', '2': '467-481', '3': '495-508', '4': '519-531', '5': '546-554', '6': '149-164', '7': '175-187', '8': '324-336', '9': '606-621', '10': '682-699'}",2.0,"{'1': '148-301', '2': '346-700'}",1.0,{'1': '21-722'},5.0,"{'1': '354-576', '2': '29-112', '3': '148-301', '4': '597-687', '5': '713-772'}",2.0,"{'1': '31-305', '2': '376-691'}",2.0,"{'1': '366-572', '2': '475-483'}",1.0,{'1': '144-689'},,
P29509,,,2.0,"{'1': '6-310', '2': '126-251'}",1.0,{'1': '4-316'},1.0,{'1': '5-304'},1.0,{'1': '2-315'},1.0,{'1': '142-164'},,,1.0,{'1': '5-315'}
P29539,,,,,,,1.0,{'1': '237-649'},,,,,,,,
P29547,,,1.0,{'1': '254-415'},1.0,{'1': '4-415'},3.0,"{'1': '253-359', '2': '3-71', '3': '111-199'}",3.0,"{'1': '1-73', '2': '77-215', '3': '254-415'}",3.0,"{'1': '254-415', '2': '1-78', '3': '89-215'}",1.0,{'1': '253-359'},,
P29703,,,,,,,5.0,"{'1': '50-79', '2': '90-119', '3': '127-154', '4': '161-186', '5': '201-226'}",,,5.0,"{'1': '47-81', '2': '89-123', '3': '125-159', '4': '160-193', '5': '199-233'}",,,,
P29704,,,1.0,{'1': '39-381'},1.0,{'1': '1-435'},1.0,{'1': '49-325'},1.0,{'1': '41-376'},2.0,"{'1': '178-193', '2': '214-239'}",,,1.0,{'1': '39-376'}
P29952,8.0,"{'1': '8-26', '2': '44-59', '3': '93-114', '4': '128-151', '5': '245-260', '6': '262-281', '7': '281-300', '8': '300-319'}",2.0,"{'1': '5-425', '2': '9-301'}",1.0,{'1': '1-427'},3.0,"{'1': '343-392', '2': '5-153', '3': '169-262'}",1.0,{'1': '3-427'},2.0,"{'1': '128-136', '2': '281-306'}",,,1.0,{'1': '3-422'}
P30283,,,,,1.0,{'1': '114-370'},2.0,"{'1': '296-415', '2': '165-293'}",2.0,"{'1': '154-293', '2': '297-420'}",1.0,{'1': '198-229'},3.0,"{'1': '296-418', '2': '203-287', '3': '300-392'}",,
P30402,,,1.0,{'1': '6-227'},,,1.0,{'1': '53-169'},1.0,{'1': '10-207'},,,,,1.0,{'1': '17-201'}
P30605,5.0,"{'1': '97-107', '2': '183-202', '3': '348-358', '4': '448-469', '5': '470-482'}",1.0,{'1': '78-548'},1.0,{'1': '65-568'},1.0,{'1': '90-545'},1.0,{'1': '80-543'},4.0,"{'1': '146-162', '2': '390-406', '3': '188-213', '4': '89-535'}",,,1.0,{'1': '33-542'}
P30619,,,3.0,"{'1': '138-634', '2': '263-384', '3': '1-129'}",1.0,{'1': '15-636'},1.0,{'1': '26-635'},1.0,{'1': '2-643'},,,,,,
P30624,,,1.0,{'1': '65-551'},,,1.0,{'1': '95-518'},,,1.0,{'1': '267-278'},,,,
P30656,4.0,"{'1': '83-98', '2': '205-216', '3': '216-227', '4': '241-252'}",1.0,{'1': '48-284'},1.0,{'1': '62-263'},1.0,{'1': '73-255'},1.0,{'1': '68-276'},2.0,"{'1': '79-126', '2': '75-255'}",,,,
P30657,,,1.0,{'1': '34-266'},1.0,{'1': '32-236'},1.0,{'1': '39-233'},1.0,{'1': '35-264'},2.0,"{'1': '45-92', '2': '41-233'}",,,,
P30665,10.0,"{'1': '559-574', '2': '619-633', '3': '647-660', '4': '671-683', '5': '698-706', '6': '336-349', '7': '386-398', '8': '534-545', '9': '680-697', '10': '834-843'}",3.0,"{'1': '314-449', '2': '497-838', '3': '839-925'}",1.0,{'1': '192-889'},4.0,"{'1': '506-727', '2': '193-307', '3': '314-442', '4': '745-832'}",2.0,"{'1': '220-463', '2': '528-846'}",2.0,"{'1': '518-724', '2': '627-635'}",1.0,{'1': '310-834'},,
P30771,,,2.0,"{'1': '372-638', '2': '639-850'}",1.0,{'1': '146-908'},5.0,"{'1': '61-208', '2': '260-352', '3': '408-508', '4': '523-607', '5': '616-812'}",1.0,{'1': '406-832'},1.0,{'1': '54-208'},1.0,{'1': '422-626'},,
P30775,,,,,1.0,{'1': '79-410'},2.0,"{'1': '269-373', '2': '80-248'}",1.0,{'1': '67-404'},1.0,{'1': '280-296'},1.0,{'1': '110-223'},,
P30822,,,2.0,"{'1': '1-714', '2': '715-1084'}",1.0,{'1': '11-1068'},6.0,"{'1': '34-100', '2': '111-256', '3': '720-1043', '4': '496-546', '5': '338-374', '6': '416-483'}",1.0,{'1': '16-1048'},1.0,{'1': '34-100'},2.0,"{'1': '34-100', '2': '720-1044'}",,
P30902,,,1.0,{'1': '4-127'},1.0,{'1': '4-160'},1.0,{'1': '6-147'},1.0,{'1': '5-127'},,,,,,
P30952,,,2.0,"{'1': '422-542', '2': '17-421'}",1.0,{'1': '26-546'},3.0,"{'1': '173-415', '2': '422-541', '3': '17-79'}",1.0,{'1': '27-543'},1.0,{'1': '277-292'},,,1.0,{'1': '31-541'}
P31109,3.0,"{'1': '33-52', '2': '53-72', '3': '89-108'}",,,1.0,{'1': '16-113'},1.0,{'1': '26-111'},,,2.0,"{'1': '46-65', '2': '28-88'}",,,,
P31115,,,2.0,"{'1': '82-217', '2': '218-403'}",1.0,{'1': '72-364'},1.0,{'1': '239-346'},1.0,{'1': '90-352'},,,,,1.0,{'1': '92-338'}
P31116,,,,,1.0,{'1': '2-358'},2.0,"{'1': '151-353', '2': '12-141'}",1.0,{'1': '3-173'},1.0,{'1': '201-223'},,,,
P31244,,,3.0,"{'1': '533-595', '2': '596-785', '3': '157-467'}",1.0,{'1': '29-789'},3.0,"{'1': '187-519', '2': '620-734', '3': '537-580'}",2.0,"{'1': '154-445', '2': '449-789'}",4.0,"{'1': '623-777', '2': '537-581', '3': '197-371', '4': '552-561'}",3.0,"{'1': '651-734', '2': '537-580', '3': '180-377'}",,
P31334,,,,,1.0,{'1': '48-267'},1.0,{'1': '158-242'},1.0,{'1': '22-268'},1.0,{'1': '160-183'},,,1.0,{'1': '60-263'}
P31373,,,2.0,"{'1': '7-254', '2': '255-394'}",1.0,{'1': '8-392'},1.0,{'1': '10-390'},1.0,{'1': '8-391'},1.0,{'1': '196-210'},,,,
P31374,,,,,,,1.0,{'1': '1097-1354'},2.0,"{'1': '1090-1354', '2': '457-528'}",2.0,"{'1': '1096-1354', '2': '1226-1238'}",3.0,"{'1': '450-518', '2': '738-807', '3': '1096-1354'}",,
P31376,,,,,1.0,{'1': '15-625'},1.0,{'1': '68-178'},,,,,,,,
P31380,,,2.0,"{'1': '887-1131', '2': '540-827'}",,,2.0,"{'1': '575-878', '2': '950-1063'}",2.0,"{'1': '530-801', '2': '803-1104'}",2.0,"{'1': '953-1108', '2': '584-752'}",2.0,"{'1': '980-1063', '2': '568-764'}",,
P31382,,,,,1.0,{'1': '40-753'},3.0,"{'1': '69-312', '2': '360-520', '3': '548-751'}",1.0,{'1': '346-525'},3.0,"{'1': '339-394', '2': '407-463', '3': '471-529'}",3.0,"{'1': '339-394', '2': '407-463', '3': '472-529'}",,
P31383,,,1.0,{'1': '29-629'},1.0,{'1': '22-630'},2.0,"{'1': '400-425', '2': '318-388'}",1.0,{'1': '33-626'},9.0,"{'1': '77-114', '2': '116-154', '3': '281-316', '4': '321-356', '5': '361-399', '6': '400-438', '7': '439-477', '8': '558-596', '9': '603-635'}",,,,
P31384,,,3.0,"{'1': '135-244', '2': '278-461', '3': '473-836'}",1.0,{'1': '367-827'},2.0,"{'1': '359-406', '2': '508-818'}",1.0,{'1': '503-826'},1.0,{'1': '381-402'},2.0,"{'1': '359-378', '2': '379-402'}",,
P31385,,,,,1.0,{'1': '6-404'},1.0,{'1': '182-401'},,,,,1.0,{'1': '182-402'},,
P31386,3.0,"{'1': '3-19', '2': '38-51', '3': '185-201'}",2.0,"{'1': '2-228', '2': '229-322'}",1.0,{'1': '4-301'},,,1.0,{'1': '4-304'},5.0,"{'1': '41-51', '2': '2-54', '3': '55-105', '4': '147-198', '5': '240-279'}",,,,
P31412,,,,,1.0,{'1': '10-392'},1.0,{'1': '11-386'},1.0,{'1': '6-392'},,,,,,
P31539,4.0,"{'1': '610-628', '2': '655-673', '3': '684-702', '4': '717-731'}",4.0,"{'1': '155-344', '2': '345-554', '3': '559-774', '4': '4-151'}",1.0,{'1': '12-861'},6.0,"{'1': '209-328', '2': '607-768', '3': '18-43', '4': '99-149', '5': '775-857', '6': '344-441'}",3.0,"{'1': '165-527', '2': '556-860', '3': '6-159'}",3.0,"{'1': '4-150', '2': '296-308', '3': '640-658'}",3.0,"{'1': '204-345', '2': '606-777', '3': '775-866'}",,
P31688,,,1.0,{'1': '575-792'},1.0,{'1': '10-844'},2.0,"{'1': '62-540', '2': '575-820'}",1.0,{'1': '572-847'},,,,,2.0,"{'1': '569-847', '2': '573-795'}"
P31755,,,,,1.0,{'1': '58-477'},1.0,{'1': '114-206'},1.0,{'1': '71-371'},,,,,,
P31787,4.0,"{'1': '3-18', '2': '20-38', '3': '43-58', '4': '64-81'}",1.0,{'1': '1-87'},,,1.0,{'1': '4-78'},1.0,{'1': '3-85'},2.0,"{'1': '2-87', '2': '20-38'}",,,,
P32048,5.0,"{'1': '242-252', '2': '258-274', '3': '286-299', '4': '304-321', '5': '451-467'}",2.0,"{'1': '54-204', '2': '205-576'}",,,1.0,{'1': '214-568'},2.0,"{'1': '72-202', '2': '225-567'}",1.0,{'1': '229-566'},,,1.0,{'1': '42-572'}
P32074,,,4.0,"{'1': '18-329', '2': '370-559', '3': '820-932', '4': '660-818'}",1.0,{'1': '12-931'},3.0,"{'1': '20-559', '2': '670-818', '3': '821-932'}",3.0,"{'1': '823-932', '2': '660-822', '3': '25-577'}",,,,,,
P32179,2.0,"{'1': '43-63', '2': '290-314'}",,,1.0,{'1': '2-352'},1.0,{'1': '90-352'},,,2.0,"{'1': '293-307', '2': '139-152'}",,,1.0,{'1': '2-357'}
P32190,,,,,,,2.0,"{'1': '142-393', '2': '402-625'}",2.0,"{'1': '143-395', '2': '396-693'}",2.0,"{'1': '515-535', '2': '258-270'}",,,1.0,{'1': '48-693'}
P32191,6.0,"{'1': '68-80', '2': '81-91', '3': '97-109', '4': '149-161', '5': '415-421', '6': '454-466'}",2.0,"{'1': '66-467', '2': '499-647'}",1.0,{'1': '6-647'},2.0,"{'1': '69-466', '2': '488-633'}",1.0,{'1': '55-298'},1.0,{'1': '73-90'},,,,
P32259,,,,,1.0,{'1': '6-972'},2.0,"{'1': '178-500', '2': '839-970'}",,,,,,,,
P32263,,,,,,,2.0,"{'1': '5-117', '2': '177-281'}",2.0,"{'1': '176-284', '2': '5-175'}",1.0,{'1': '237-259'},,,1.0,{'1': '5-281'}
P32264,5.0,"{'1': '48-62', '2': '82-110', '3': '122-143', '4': '154-181', '5': '217-237'}",3.0,"{'1': '7-197', '2': '214-314', '3': '315-425'}",,,2.0,"{'1': '11-241', '2': '322-408'}",2.0,"{'1': '321-424', '2': '11-254'}",1.0,{'1': '215-232'},1.0,{'1': '322-418'},1.0,{'1': '10-424'}
P32288,,,1.0,{'1': '1-107'},1.0,{'1': '13-353'},2.0,"{'1': '120-257', '2': '27-100'}",2.0,"{'1': '108-358', '2': '18-105'}",4.0,"{'1': '110-370', '2': '24-103', '3': '59-76', '4': '238-254'}",1.0,{'1': '107-352'},,
P32316,,,1.0,{'1': '352-498'},1.0,{'1': '5-522'},2.0,"{'1': '12-230', '2': '331-481'}",2.0,"{'1': '8-237', '2': '239-518'}",,,,,,
P32317,,,1.0,{'1': '100-267'},1.0,{'1': '25-505'},1.0,{'1': '116-431'},1.0,{'1': '105-254'},,,,,,
P32319,,,3.0,"{'1': '41-209', '2': '731-886', '3': '1112-1217'}",1.0,{'1': '753-1455'},4.0,"{'1': '559-716', '2': '1210-1378', '3': '55-554', '4': '762-1208'}",1.0,{'1': '53-430'},,,2.0,"{'1': '45-728', '2': '752-1383'}",,
P32324,5.0,"{'1': '21-34', '2': '65-73', '3': '101-111', '4': '117-128', '5': '153-162'}",2.0,"{'1': '568-721', '2': '3-237'}",,,5.0,"{'1': '724-809', '2': '18-290', '3': '395-468', '4': '609-720', '5': '487-548'}",5.0,"{'1': '344-481', '2': '561-724', '3': '4-343', '4': '484-559', '5': '726-839'}",2.0,"{'1': '17-346', '2': '58-73'}",2.0,"{'1': '723-812', '2': '604-721'}",1.0,{'1': '20-164'}
P32325,,,2.0,"{'1': '117-216', '2': '659-700'}",1.0,{'1': '111-625'},3.0,"{'1': '656-700', '2': '232-310', '3': '112-214'}",,,1.0,{'1': '654-703'},1.0,{'1': '654-702'},,
P32327,,,1.0,{'1': '509-1027'},1.0,{'1': '19-1170'},6.0,"{'1': '1102-1169', '2': '712-827', '3': '852-1052', '4': '136-344', '5': '21-131', '6': '360-467'}",3.0,"{'1': '1091-1170', '2': '355-473', '3': '18-132'}",7.0,"{'1': '1095-1170', '2': '558-825', '3': '1126-1143', '4': '174-188', '5': '307-314', '6': '141-338', '7': '19-471'}",1.0,{'1': '360-467'},1.0,{'1': '22-1170'}
P32328,,,,,1.0,{'1': '95-503'},3.0,"{'1': '170-325', '2': '364-469', '3': '488-537'}",1.0,{'1': '152-503'},4.0,"{'1': '169-469', '2': '470-547', '3': '288-300', '4': '175-198'}",2.0,"{'1': '169-469', '2': '470-539'}",,
P32329,4.0,"{'1': '89-109', '2': '306-319', '3': '368-379', '4': '451-466'}",2.0,"{'1': '72-311', '2': '313-488'}",1.0,{'1': '68-476'},1.0,{'1': '83-477'},1.0,{'1': '64-480'},3.0,"{'1': '98-109', '2': '368-379', '3': '83-475'}",,,,
P32330,,,1.0,{'1': '172-535'},1.0,{'1': '104-681'},3.0,"{'1': '174-200', '2': '274-306', '3': '314-349'}",2.0,"{'1': '171-509', '2': '442-691'}",1.0,{'1': '276-316'},4.0,"{'1': '162-201', '2': '269-307', '3': '310-349', '4': '581-680'}",,
P32332,3.0,"{'1': '25-38', '2': '38-52', '3': '236-258'}",1.0,{'1': '24-319'},1.0,{'1': '17-315'},3.0,"{'1': '23-112', '2': '127-222', '3': '229-314'}",1.0,{'1': '19-307'},3.0,"{'1': '20-111', '2': '126-218', '3': '227-312'}",,,,
P32333,,,4.0,"{'1': '290-610', '2': '931-1230', '3': '1517-1832', '4': '1241-1506'}",1.0,{'1': '168-1866'},3.0,"{'1': '1275-1578', '2': '1645-1746', '3': '611-1062'}",3.0,"{'1': '20-1358', '2': '1265-1517', '3': '1509-1809'}",2.0,"{'1': '1639-1787', '2': '1284-1457'}",2.0,"{'1': '1660-1746', '2': '1268-1467'}",,
P32335,,,,,,,2.0,"{'1': '85-135', '2': '227-408'}",,,,,1.0,{'1': '83-113'},,
P32336,,,3.0,"{'1': '395-613', '2': '614-688', '3': '689-848'}",1.0,{'1': '216-806'},2.0,"{'1': '565-579', '2': '622-656'}",,,3.0,"{'1': '567-588', '2': '621-642', '3': '643-664'}",,,,
P32337,,,1.0,{'1': '1-1089'},1.0,{'1': '13-1036'},4.0,"{'1': '1001-1054', '2': '767-868', '3': '274-365', '4': '106-267'}",1.0,{'1': '11-932'},,,,,,
P32338,,,,,,,1.0,{'1': '258-281'},,,3.0,"{'1': '258-281', '2': '178-205', '3': '256-286'}",3.0,"{'1': '178-198', '2': '206-234', '3': '256-281'}",,
P32340,,,,,1.0,{'1': '50-509'},2.0,"{'1': '55-400', '2': '444-508'}",2.0,"{'1': '54-281', '2': '225-409'}",,,,,,
P32341,,,,,1.0,{'1': '1-210'},1.0,{'1': '64-197'},,,,,,,,
P32342,,,,,1.0,{'1': '2-166'},1.0,{'1': '3-77'},,,,,,,,
P32345,7.0,"{'1': '45-72', '2': '74-101', '3': '107-131', '4': '142-168', '5': '171-198', '6': '227-247', '7': '249-265'}",1.0,{'1': '1-308'},1.0,{'1': '2-308'},1.0,{'1': '45-238'},1.0,{'1': '1-288'},1.0,{'1': '108-113'},1.0,{'1': '17-287'},,
P32349,,,2.0,"{'1': '45-122', '2': '481-569'}",1.0,{'1': '45-653'},3.0,"{'1': '190-487', '2': '47-109', '3': '493-567'}",,,,,,,,
P32352,,,,,1.0,{'1': '6-219'},1.0,{'1': '14-220'},,,,,,,,
P32353,,,,,1.0,{'1': '75-319'},1.0,{'1': '187-311'},,,,,,,,
P32354,,,1.0,{'1': '153-336'},1.0,{'1': '18-504'},2.0,"{'1': '301-347', '2': '160-272'}",1.0,{'1': '201-305'},,,,,,
P32356,7.0,"{'1': '341-359', '2': '411-428', '3': '466-483', '4': '490-507', '5': '543-559', '6': '616-632', '7': '704-717'}",1.0,{'1': '148-729'},1.0,{'1': '79-745'},2.0,"{'1': '163-721', '2': '106-135'}",1.0,{'1': '188-720'},2.0,"{'1': '299-312', '2': '623-632'}",,,,
P32357,,,2.0,"{'1': '157-355', '2': '1-143'}",1.0,{'1': '3-347'},2.0,"{'1': '6-129', '2': '179-303'}",,,,,,,,
P32361,,,2.0,"{'1': '105-283', '2': '983-1115'}",1.0,{'1': '295-1112'},2.0,"{'1': '676-980', '2': '986-1112'}",2.0,"{'1': '677-992', '2': '121-337'}",3.0,"{'1': '674-980', '2': '793-805', '3': '983-1115'}",4.0,"{'1': '674-980', '2': '116-147', '3': '217-248', '4': '317-349'}",,
P32363,,,,,,,2.0,"{'1': '200-342', '2': '42-131'}",,,,,,,,
P32366,,,3.0,"{'1': '89-205', '2': '206-304', '3': '17-333'}",1.0,{'1': '4-344'},1.0,{'1': '13-341'},1.0,{'1': '11-343'},,,,,,
P32367,,,1.0,{'1': '26-169'},1.0,{'1': '28-612'},2.0,"{'1': '227-391', '2': '38-168'}",,,,,,,,
P32368,,,,,,,1.0,{'1': '58-342'},,,1.0,{'1': '115-454'},,,,
P32377,,,2.0,"{'1': '8-184', '2': '185-380'}",,,2.0,"{'1': '195-380', '2': '10-180'}",2.0,"{'1': '5-185', '2': '192-393'}",,,,,1.0,{'1': '6-328'}
P32379,,,1.0,{'1': '1-252'},1.0,{'1': '13-242'},2.0,"{'1': '8-30', '2': '32-220'}",1.0,{'1': '7-246'},2.0,"{'1': '8-30', '2': '23-240'}",1.0,{'1': '8-30'},,
P32380,,,,,,,1.0,{'1': '894-944'},,,,,,,,
P32381,6.0,"{'1': '25-34', '2': '51-62', '3': '63-85', '4': '118-131', '5': '143-162', '6': '239-255'}",,,1.0,{'1': '6-384'},1.0,{'1': '2-386'},2.0,"{'1': '3-156', '2': '149-386'}",1.0,{'1': '107-119'},1.0,{'1': '4-391'},,
P32386,,,4.0,"{'1': '690-930', '2': '1364-1637', '3': '333-684', '4': '987-1363'}",1.0,{'1': '288-1638'},5.0,"{'1': '712-862', '2': '1399-1567', '3': '355-447', '4': '472-650', '5': '1089-1329'}",4.0,"{'1': '686-925', '2': '1373-1635', '3': '339-672', '4': '1017-1362'}",6.0,"{'1': '694-935', '2': '1381-1636', '3': '359-662', '4': '1032-1345', '5': '835-849', '6': '1539-1553'}",2.0,"{'1': '721-910', '2': '1407-1613'}",,
P32387,,,1.0,{'1': '73-209'},1.0,{'1': '74-199'},1.0,{'1': '103-166'},1.0,{'1': '91-172'},,,,,,
P32388,,,,,1.0,{'1': '3-126'},1.0,{'1': '48-105'},,,,,1.0,{'1': '40-120'},,
P32419,,,1.0,{'1': '146-343'},,,2.0,"{'1': '2-144', '2': '146-336'}",2.0,"{'1': '145-336', '2': '3-144'}",1.0,{'1': '145-157'},,,1.0,{'1': '3-338'}
P32432,,,,,1.0,{'1': '102-683'},,,1.0,{'1': '596-678'},4.0,"{'1': '600-623', '2': '661-683', '3': '598-628', '4': '659-683'}",3.0,"{'1': '203-224', '2': '598-623', '3': '659-683'}",,
P32445,,,1.0,{'1': '17-135'},,,1.0,{'1': '20-115'},1.0,{'1': '17-116'},1.0,{'1': '17-117'},,,,
P32447,,,1.0,{'1': '1-156'},1.0,{'1': '1-205'},1.0,{'1': '1-154'},1.0,{'1': '1-155'},,,,,,
P32449,,,1.0,{'1': '23-370'},1.0,{'1': '16-369'},1.0,{'1': '55-354'},,,,,,,1.0,{'1': '21-365'}
P32451,,,1.0,{'1': '50-369'},1.0,{'1': '34-370'},2.0,"{'1': '95-249', '2': '268-365'}",,,1.0,{'1': '81-310'},2.0,"{'1': '89-303', '2': '268-366'}",1.0,{'1': '52-364'}
P32452,,,,,,,1.0,{'1': '8-226'},1.0,{'1': '234-327'},2.0,"{'1': '7-224', '2': '244-322'}",,,,
P32453,,,,,1.0,{'1': '40-312'},1.0,{'1': '40-310'},,,,,,,,
P32454,5.0,"{'1': '233-248', '2': '280-295', '3': '357-367', '4': '393-408', '5': '412-424'}",2.0,"{'1': '300-546', '2': '87-297'}",1.0,{'1': '88-945'},3.0,"{'1': '324-541', '2': '614-929', '3': '107-290'}",1.0,{'1': '98-296'},,,,,,
P32457,,,1.0,{'1': '94-413'},,,1.0,{'1': '116-417'},1.0,{'1': '100-380'},1.0,{'1': '116-411'},,,,
P32458,,,1.0,{'1': '21-298'},,,1.0,{'1': '19-303'},1.0,{'1': '5-196'},1.0,{'1': '19-298'},,,,
P32461,,,2.0,"{'1': '54-143', '2': '288-389'}",1.0,{'1': '36-521'},1.0,{'1': '69-399'},,,,,,,2.0,"{'1': '11-524', '2': '47-389'}"
P32462,,,,,,,1.0,{'1': '8-438'},,,2.0,"{'1': '191-206', '2': '402-425'}",,,,
P32463,,,1.0,{'1': '28-124'},1.0,{'1': '23-123'},1.0,{'1': '63-118'},1.0,{'1': '41-121'},2.0,"{'1': '77-92', '2': '43-122'}",,,1.0,{'1': '47-121'}
P32464,,,1.0,{'1': '12-353'},1.0,{'1': '12-354'},1.0,{'1': '14-354'},1.0,{'1': '21-356'},,,,,,
P32465,5.0,"{'1': '76-86', '2': '171-190', '3': '335-345', '4': '430-451', '5': '453-465'}",1.0,{'1': '59-531'},1.0,{'1': '61-541'},1.0,{'1': '68-528'},1.0,{'1': '69-525'},3.0,"{'1': '377-394', '2': '176-201', '3': '68-517'}",,,1.0,{'1': '15-524'}
P32466,5.0,"{'1': '73-83', '2': '168-187', '3': '332-342', '4': '427-448', '5': '450-462'}",1.0,{'1': '56-528'},1.0,{'1': '57-538'},1.0,{'1': '65-525'},1.0,{'1': '67-522'},3.0,"{'1': '374-391', '2': '173-198', '3': '65-514'}",,,1.0,{'1': '16-521'}
P32468,,,1.0,{'1': '11-315'},,,1.0,{'1': '32-318'},1.0,{'1': '16-283'},1.0,{'1': '31-314'},,,,
P32471,,,1.0,{'1': '113-206'},1.0,{'1': '10-205'},3.0,"{'1': '123-206', '2': '83-110', '3': '6-43'}",2.0,"{'1': '118-206', '2': '9-58'}",2.0,"{'1': '77-85', '2': '195-206'}",2.0,"{'1': '120-206', '2': '83-110'}",,
P32473,,,1.0,{'1': '232-364'},1.0,{'1': '30-363'},2.0,"{'1': '38-212', '2': '232-355'}",2.0,"{'1': '232-364', '2': '37-220'}",,,1.0,{'1': '39-214'},,
P32476,,,1.0,{'1': '11-402'},1.0,{'1': '11-494'},1.0,{'1': '201-473'},1.0,{'1': '19-423'},,,,,,
P32478,,,,,1.0,{'1': '1-412'},12.0,"{'1': '73-88', '2': '97-114', '3': '116-133', '4': '140-157', '5': '164-181', '6': '188-205', '7': '207-224', '8': '226-243', '9': '245-262', '10': '264-281', '11': '284-299', '12': '329-403'}",,,17.0,"{'1': '101-111', '2': '120-130', '3': '192-202', '4': '211-221', '5': '249-259', '6': '268-278', '7': '71-89', '8': '97-115', '9': '116-134', '10': '140-158', '11': '164-182', '12': '188-206', '13': '207-225', '14': '226-244', '15': '245-263', '16': '264-282', '17': '282-300'}",,,,
P32479,,,2.0,"{'1': '6-130', '2': '131-405'}",1.0,{'1': '1-838'},3.0,"{'1': '735-795', '2': '486-505', '3': '23-390'}",2.0,"{'1': '19-393', '2': '323-784'}",4.0,"{'1': '13-48', '2': '75-116', '3': '133-174', '4': '175-206'}",6.0,"{'1': '1-45', '2': '68-107', '3': '126-165', '4': '168-207', '5': '243-341', '6': '345-384'}",,
P32480,,,1.0,{'1': '3-356'},1.0,{'1': '420-874'},1.0,{'1': '581-824'},1.0,{'1': '21-354'},,,,,,
P32481,4.0,"{'1': '102-115', '2': '190-200', '3': '206-217', '4': '244-253'}",1.0,{'1': '98-307'},1.0,{'1': '79-525'},3.0,"{'1': '100-303', '2': '335-416', '3': '429-517'}",3.0,"{'1': '307-421', '2': '422-518', '3': '89-308'}",1.0,{'1': '98-307'},,,,
P32485,4.0,"{'1': '187-197', '2': '264-277', '3': '280-288', '4': '301-311'}",,,1.0,{'1': '21-360'},1.0,{'1': '23-301'},1.0,{'1': '9-341'},4.0,"{'1': '23-302', '2': '58-156', '3': '140-152', '4': '29-53'}",1.0,{'1': '23-302'},,
P32486,,,,,1.0,{'1': '258-543'},1.0,{'1': '209-711'},1.0,{'1': '319-661'},1.0,{'1': '289-664'},,,,
P32490,,,,,,,1.0,{'1': '223-488'},1.0,{'1': '217-495'},3.0,"{'1': '221-488', '2': '345-357', '3': '227-250'}",1.0,{'1': '221-488'},,
P32492,5.0,"{'1': '101-120', '2': '158-183', '3': '209-236', '4': '444-472', '5': '497-525'}",1.0,{'1': '74-696'},,,3.0,"{'1': '901-919', '2': '73-765', '3': '1299-1399'}",1.0,{'1': '60-822'},3.0,"{'1': '71-777', '2': '1164-1419', '3': '4-57'}",6.0,"{'1': '779-801', '2': '827-849', '3': '875-897', '4': '898-920', '5': '65-778', '6': '1299-1401'}",,
P32493,,,,,,,1.0,{'1': '50-447'},,,,,,,,
P32494,,,,,1.0,{'1': '22-685'},1.0,{'1': '506-649'},,,,,,,,
P32495,8.0,"{'1': '29-42', '2': '42-57', '3': '59-69', '4': '103-115', '5': '56-70', '6': '75-88', '7': '91-101', '8': '101-115'}",1.0,{'1': '36-156'},1.0,{'1': '23-151'},1.0,{'1': '42-132'},1.0,{'1': '22-143'},1.0,{'1': '94-111'},,,,
P32496,,,,,1.0,{'1': '3-274'},1.0,{'1': '101-242'},,,1.0,{'1': '76-251'},,,,
P32497,,,,,1.0,{'1': '1-803'},2.0,"{'1': '699-780', '2': '243-639'}",,,1.0,{'1': '608-783'},1.0,{'1': '712-797'},,
P32499,,,1.0,{'1': '467-716'},1.0,{'1': '391-717'},2.0,"{'1': '598-718', '2': '2-72'}",,,1.0,{'1': '583-720'},1.0,{'1': '588-715'},,
P32500,,,,,1.0,{'1': '11-639'},1.0,{'1': '21-640'},,,,,,,,
P32501,,,1.0,{'1': '13-305'},1.0,{'1': '17-712'},2.0,"{'1': '633-710', '2': '30-157'}",3.0,"{'1': '269-440', '2': '544-704', '3': '25-372'}",1.0,{'1': '539-710'},1.0,{'1': '619-706'},,
P32502,,,2.0,"{'1': '15-133', '2': '169-379'}",1.0,{'1': '16-374'},1.0,{'1': '33-358'},1.0,{'1': '11-369'},,,,,,
P32504,,,2.0,"{'1': '44-168', '2': '182-537'}",,,3.0,"{'1': '843-922', '2': '185-496', '3': '28-158'}",,,,,,,,
P32505,,,1.0,{'1': '1-105'},1.0,{'1': '404-487'},4.0,"{'1': '1-98', '2': '252-278', '3': '281-309', '4': '359-387'}",,,,,,,,
P32521,,,,,,,6.0,"{'1': '267-350', '2': '597-689', '3': '165-243', '4': '390-453', '5': '423-482', '6': '468-525'}",2.0,"{'1': '258-356', '2': '590-687'}",4.0,"{'1': '270-348', '2': '600-689', '3': '633-668', '4': '646-658'}",5.0,"{'1': '263-358', '2': '593-688', '3': '307-335', '4': '603-631', '5': '637-665'}",,
P32523,,,2.0,"{'1': '1-58', '2': '178-472'}",1.0,{'1': '1-144'},1.0,{'1': '74-137'},1.0,{'1': '205-486'},1.0,{'1': '1-71'},1.0,{'1': '1-64'},,
P32524,,,2.0,"{'1': '1-59', '2': '86-151'}",1.0,{'1': '6-228'},3.0,"{'1': '11-55', '2': '94-142', '3': '155-279'}",2.0,"{'1': '2-55', '2': '68-148'}",2.0,"{'1': '11-49', '2': '95-135'}",2.0,"{'1': '9-58', '2': '93-144'}",,
P32525,,,2.0,"{'1': '172-349', '2': '3-170'}",,,2.0,"{'1': '195-330', '2': '21-167'}",1.0,{'1': '195-354'},1.0,{'1': '181-359'},1.0,{'1': '190-360'},,
P32526,,,,,1.0,{'1': '55-643'},1.0,{'1': '59-627'},,,,,,,,
P32527,,,2.0,"{'1': '84-172', '2': '346-433'}",1.0,{'1': '20-411'},3.0,"{'1': '97-165', '2': '341-429', '3': '183-287'}",1.0,{'1': '7-164'},2.0,"{'1': '97-168', '2': '145-164'}",1.0,{'1': '96-160'},,
P32528,,,3.0,"{'1': '1260-1418', '2': '1528-1684', '3': '50-452'}",1.0,{'1': '622-1832'},8.0,"{'1': '1771-1831', '2': '1103-1381', '3': '1438-1653', '4': '747-949', '5': '633-740', '6': '967-1071', '7': '35-449', '8': '493-619'}",6.0,"{'1': '1757-1832', '2': '962-1073', '3': '590-743', '4': '1261-1385', '5': '1553-1682', '6': '32-457'}",6.0,"{'1': '1754-1832', '2': '1788-1805', '3': '783-797', '4': '917-924', '5': '751-948', '6': '632-1075'}",3.0,"{'1': '1102-1397', '2': '1436-1666', '3': '967-1071'}",3.0,"{'1': '1079-1408', '2': '633-1832', '3': '50-619'}"
P32529,,,,,1.0,{'1': '7-122'},2.0,"{'1': '85-122', '2': '7-42'}",,,3.0,"{'1': '86-121', '2': '82-122', '3': '9-33'}",2.0,"{'1': '84-123', '2': '8-59'}",,
P32558,,,3.0,"{'1': '828-958', '2': '1-173', '3': '174-447'}",1.0,{'1': '1-1031'},6.0,"{'1': '218-422', '2': '836-922', '3': '553-669', '4': '6-167', '5': '962-1032', '6': '679-815'}",1.0,{'1': '180-423'},,,3.0,"{'1': '834-924', '2': '553-707', '3': '6-169'}",,
P32561,10.0,"{'1': '147-170', '2': '179-194', '3': '264-274', '4': '40-57', '5': '73-91', '6': '104-121', '7': '125-145', '8': '166-182', '9': '225-238', '10': '242-260'}",1.0,{'1': '10-396'},,,1.0,{'1': '38-324'},1.0,{'1': '19-381'},,,,,,
P32562,,,2.0,"{'1': '509-674', '2': '515-612'}",,,3.0,"{'1': '82-337', '2': '522-582', '3': '624-669'}",1.0,{'1': '79-362'},5.0,"{'1': '82-337', '2': '513-595', '3': '614-700', '4': '200-212', '5': '88-114'}",1.0,{'1': '82-337'},,
P32563,,,,,1.0,{'1': '8-825'},1.0,{'1': '32-822'},,,,,,,,
P32565,,,1.0,{'1': '308-756'},,,5.0,"{'1': '403-434', '2': '445-478', '3': '480-512', '4': '756-917', '5': '4-307'}",1.0,{'1': '8-705'},,,,,,
P32566,,,1.0,{'1': '94-298'},1.0,{'1': '4-390'},1.0,{'1': '115-286'},1.0,{'1': '105-299'},,,1.0,{'1': '115-287'},,
P32567,,,1.0,{'1': '393-521'},1.0,{'1': '308-645'},3.0,"{'1': '1-103', '2': '350-583', '3': '195-272'}",1.0,{'1': '388-551'},,,1.0,{'1': '394-560'},,
P32568,,,2.0,"{'1': '161-403', '2': '855-1088'}",,,7.0,"{'1': '177-336', '2': '872-1022', '3': '722-809', '4': '502-710', '5': '1170-1382', '6': '85-153', '7': '1051-1113'}",2.0,"{'1': '173-409', '2': '855-1079'}",3.0,"{'1': '161-410', '2': '853-1095', '3': '309-323'}",2.0,"{'1': '185-395', '2': '881-1071'}",1.0,{'1': '103-1480'}
P32569,,,,,1.0,{'1': '95-631'},1.0,{'1': '13-568'},,,,,,,,
P32570,,,,,,,1.0,{'1': '8-115'},,,,,,,,
P32571,,,1.0,{'1': '185-331'},1.0,{'1': '420-922'},2.0,"{'1': '562-920', '2': '208-321'}",2.0,"{'1': '185-324', '2': '561-922'}",4.0,"{'1': '205-328', '2': '563-578', '3': '864-881', '4': '562-923'}",1.0,{'1': '195-325'},,
P32578,,,1.0,{'1': '498-560'},1.0,{'1': '313-814'},2.0,"{'1': '729-803', '2': '505-561'}",2.0,"{'1': '502-560', '2': '687-804'}",,,1.0,{'1': '684-804'},,
P32579,,,1.0,{'1': '271-426'},1.0,{'1': '47-260'},2.0,"{'1': '253-420', '2': '62-250'}",1.0,{'1': '52-263'},1.0,{'1': '49-252'},,,1.0,{'1': '47-259'}
P32580,,,2.0,"{'1': '220-379', '2': '380-535'}",1.0,{'1': '181-552'},3.0,"{'1': '399-502', '2': '663-710', '3': '220-378'}",1.0,{'1': '232-504'},1.0,{'1': '390-546'},2.0,"{'1': '411-503', '2': '219-394'}",,
P32582,,,3.0,"{'1': '14-325', '2': '47-157', '3': '354-507'}",1.0,{'1': '12-335'},2.0,"{'1': '369-423', '2': '16-319'}",2.0,"{'1': '9-338', '2': '360-506'}",2.0,"{'1': '373-432', '2': '42-60'}",2.0,"{'1': '376-424', '2': '462-507'}",1.0,{'1': '11-507'}
P32583,,,,,,,1.0,{'1': '334-404'},,,,,,,,
P32585,,,,,1.0,{'1': '2-302'},2.0,"{'1': '3-74', '2': '109-299'}",,,,,,,,
P32588,,,3.0,"{'1': '1-154', '2': '155-278', '3': '314-414'}",1.0,{'1': '155-334'},3.0,"{'1': '77-144', '2': '164-234', '3': '344-407'}",2.0,"{'1': '74-245', '2': '328-427'}",3.0,"{'1': '75-152', '2': '162-240', '3': '341-413'}",5.0,"{'1': '76-148', '2': '163-236', '3': '342-409', '4': '76-148', '5': '163-236'}",,
P32589,,,2.0,"{'1': '390-541', '2': '542-654'}",1.0,{'1': '5-680'},1.0,{'1': '5-642'},4.0,"{'1': '388-575', '2': '542-641', '3': '1-185', '4': '196-382'}",2.0,"{'1': '201-214', '2': '338-352'}",,,,
P32590,,,2.0,"{'1': '390-541', '2': '542-654'}",1.0,{'1': '5-669'},1.0,{'1': '5-642'},4.0,"{'1': '388-575', '2': '542-641', '3': '1-185', '4': '196-382'}",2.0,"{'1': '201-214', '2': '338-352'}",,,,
P32591,,,1.0,{'1': '311-398'},,,3.0,"{'1': '525-568', '2': '316-393', '3': '658-736'}",2.0,"{'1': '301-404', '2': '523-572'}",3.0,"{'1': '526-569', '2': '305-402', '3': '522-573'}",1.0,{'1': '523-571'},,
P32597,3.0,"{'1': '1287-1303', '2': '1303-1321', '3': '1321-1340'}",3.0,"{'1': '707-936', '2': '1222-1357', '3': '461-706'}",,,5.0,"{'1': '473-767', '2': '1263-1345', '3': '792-905', '4': '314-382', '5': '1001-1069'}",3.0,"{'1': '438-697', '2': '699-991', '3': '1247-1357'}",5.0,"{'1': '1270-1340', '2': '795-956', '3': '482-647', '4': '307-383', '5': '1275-1332'}",4.0,"{'1': '1251-1359', '2': '821-905', '3': '466-658', '4': '1000-1069'}",,
P32598,7.0,"{'1': '57-84', '2': '86-113', '3': '119-143', '4': '153-179', '5': '182-209', '6': '239-259', '7': '261-277'}",1.0,{'1': '1-306'},1.0,{'1': '10-301'},2.0,"{'1': '57-250', '2': '8-55'}",1.0,{'1': '22-300'},1.0,{'1': '120-125'},1.0,{'1': '29-299'},,
P32599,,,4.0,"{'1': '129-263', '2': '265-393', '3': '408-524', '4': '526-639'}",1.0,{'1': '13-641'},4.0,"{'1': '140-257', '2': '288-390', '3': '413-520', '4': '537-640'}",2.0,"{'1': '7-181', '2': '137-638'}",7.0,"{'1': '413-422', '2': '231-255', '3': '493-517', '4': '139-259', '5': '287-390', '6': '411-521', '7': '534-642'}",4.0,"{'1': '141-257', '2': '289-388', '3': '413-519', '4': '536-640'}",,
P32600,,,6.0,"{'1': '109-560', '2': '596-814', '3': '815-1191', '4': '1233-1730', '5': '1957-2051', '6': '2231-2424'}",1.0,{'1': '79-2474'},6.0,"{'1': '2123-2370', '2': '1468-1848', '3': '2444-2474', '4': '1955-2052', '5': '836-995', '6': '1867-1942'}",5.0,"{'1': '2034-2470', '2': '84-660', '3': '462-1468', '4': '1241-1953', '5': '1960-2051'}",5.0,"{'1': '2097-2421', '2': '2442-2474', '3': '1338-1922', '4': '2127-2141', '5': '2264-2284'}",3.0,"{'1': '2124-2423', '2': '2442-2474', '3': '836-995'}",,
P32601,,,1.0,{'1': '1-131'},1.0,{'1': '3-128'},1.0,{'1': '1-132'},1.0,{'1': '2-121'},1.0,{'1': '1-131'},,,,
P32602,7.0,"{'1': '32-51', '2': '96-113', '3': '125-142', '4': '158-181', '5': '189-208', '6': '230-250', '7': '261-281'}",1.0,{'1': '1-292'},1.0,{'1': '1-285'},,,1.0,{'1': '2-290'},,,,,,
P32604,6.0,"{'1': '100-114', '2': '126-140', '3': '152-166', '4': '205-226', '5': '227-249', '6': '305-321'}",2.0,"{'1': '12-221', '2': '223-442'}",1.0,{'1': '10-425'},2.0,"{'1': '227-411', '2': '3-224'}",2.0,"{'1': '13-224', '2': '227-416'}",1.0,{'1': '229-238'},1.0,{'1': '226-374'},,
P32605,,,2.0,"{'1': '50-117', '2': '209-298'}",,,1.0,{'1': '229-290'},1.0,{'1': '221-298'},2.0,"{'1': '2-113', '2': '227-298'}",2.0,"{'1': '3-109', '2': '228-295'}",,
P32606,,,,,1.0,{'1': '41-796'},1.0,{'1': '242-539'},,,,,,,,
P32607,,,1.0,{'1': '21-131'},1.0,{'1': '21-106'},1.0,{'1': '19-97'},1.0,{'1': '19-118'},1.0,{'1': '11-96'},1.0,{'1': '17-102'},,
P32608,,,,,1.0,{'1': '9-534'},2.0,"{'1': '33-346', '2': '351-547'}",2.0,"{'1': '18-149', '2': '153-347'}",,,,,,
P32609,,,2.0,"{'1': '55-137', '2': '200-307'}",1.0,{'1': '199-508'},2.0,"{'1': '212-296', '2': '464-503'}",3.0,"{'1': '74-145', '2': '211-308', '3': '454-506'}",3.0,"{'1': '8-29', '2': '72-137', '3': '215-297'}",2.0,"{'1': '63-138', '2': '207-298'}",,
P32610,,,,,1.0,{'1': '1-256'},1.0,{'1': '15-208'},,,,,,,1.0,{'1': '5-213'}
P32611,,,3.0,"{'1': '91-204', '2': '231-309', '3': '310-391'}",1.0,{'1': '128-383'},2.0,"{'1': '132-208', '2': '237-363'}",2.0,"{'1': '238-384', '2': '93-208'}",1.0,{'1': '331-342'},2.0,"{'1': '132-208', '2': '235-365'}",1.0,{'1': '93-385'}
P32613,,,,,,,1.0,{'1': '11-130'},1.0,{'1': '5-129'},,,,,,
P32614,,,2.0,"{'1': '246-406', '2': '6-464'}",1.0,{'1': '4-468'},1.0,{'1': '6-451'},2.0,"{'1': '249-409', '2': '6-467'}",,,,,1.0,{'1': '5-463'}
P32617,,,,,1.0,{'1': '24-166'},1.0,{'1': '115-143'},,,,,1.0,{'1': '114-143'},,
P32618,,,1.0,{'1': '27-142'},,,,,1.0,{'1': '40-141'},1.0,{'1': '40-141'},,,,
P32621,,,,,1.0,{'1': '17-507'},1.0,{'1': '85-517'},,,1.0,{'1': '211-226'},,,,
P32622,,,2.0,"{'1': '247-398', '2': '105-423'}",,,1.0,{'1': '109-240'},1.0,{'1': '108-427'},,,,,,
P32623,,,,,1.0,{'1': '16-302'},1.0,{'1': '98-272'},1.0,{'1': '62-301'},1.0,{'1': '63-280'},,,,
P32628,4.0,"{'1': '279-301', '2': '351-367', '3': '368-382', '4': '383-398'}",1.0,{'1': '259-309'},,,4.0,"{'1': '4-75', '2': '264-308', '3': '148-183', '4': '356-392'}",4.0,"{'1': '132-189', '2': '349-397', '3': '1-76', '4': '249-317'}",3.0,"{'1': '2-77', '2': '146-186', '3': '355-395'}",4.0,"{'1': '2-73', '2': '251-294', '3': '148-185', '4': '357-394'}",1.0,{'1': '2-398'}
P32629,,,1.0,{'1': '58-359'},1.0,{'1': '17-364'},,,1.0,{'1': '32-362'},,,,,,
P32634,,,1.0,{'1': '21-257'},,,1.0,{'1': '102-241'},1.0,{'1': '76-467'},,,,,,
P32639,,,8.0,"{'1': '486-702', '2': '703-898', '3': '1312-1539', '4': '1540-1740', '5': '1199-1308', '6': '2049-2163', '7': '909-998', '8': '1744-1846'}",1.0,{'1': '399-1215'},9.0,"{'1': '772-878', '2': '999-1307', '3': '1848-2158', '4': '500-679', '5': '1349-1518', '6': '281-389', '7': '116-188', '8': '909-982', '9': '1743-1824'}",7.0,"{'1': '1196-1309', '2': '2051-2162', '3': '506-893', '4': '1284-1526', '5': '1535-1741', '6': '907-1010', '7': '1742-1830'}",3.0,"{'1': '718-921', '2': '508-692', '3': '1357-1533'}",5.0,"{'1': '787-879', '2': '998-1308', '3': '1846-2160', '4': '495-707', '5': '1344-1549'}",,
P32641,,,1.0,{'1': '64-245'},1.0,{'1': '42-325'},1.0,{'1': '334-453'},1.0,{'1': '65-327'},,,,,1.0,{'1': '1-634'}
P32642,,,,,1.0,{'1': '14-234'},2.0,"{'1': '158-221', '2': '8-100'}",2.0,"{'1': '2-106', '2': '145-234'}",1.0,{'1': '3-110'},,,,
P32643,,,1.0,{'1': '1-299'},1.0,{'1': '1-298'},1.0,{'1': '40-147'},1.0,{'1': '1-182'},,,,,,
P32644,,,2.0,"{'1': '587-883', '2': '884-1119'}",1.0,{'1': '243-1107'},3.0,"{'1': '648-762', '2': '772-853', '3': '860-1091'}",1.0,{'1': '647-1097'},,,,,,
P32656,,,,,1.0,{'1': '8-231'},1.0,{'1': '8-231'},,,,,,,,
P32657,,,2.0,"{'1': '607-840', '2': '367-606'}",,,6.0,"{'1': '379-664', '2': '696-809', '3': '286-341', '4': '1368-1461', '5': '1010-1129', '6': '1155-1265'}",5.0,"{'1': '1172-1204', '2': '173-250', '3': '263-341', '4': '352-597', '5': '599-887'}",5.0,"{'1': '195-257', '2': '285-350', '3': '699-860', '4': '388-562', '5': '307-327'}",5.0,"{'1': '176-250', '2': '284-343', '3': '725-809', '4': '372-569', '5': '1357-1462'}",,
P32660,,,2.0,"{'1': '957-1166', '2': '773-956'}",,,2.0,"{'1': '1156-1406', '2': '185-241'}",4.0,"{'1': '390-532', '2': '189-1405', '3': '671-971', '4': '660-1174'}",1.0,{'1': '667-673'},,,3.0,"{'1': '595-687', '2': '1100-1209', '3': '191-1413'}"
P32769,5.0,"{'1': '169-182', '2': '228-236', '3': '248-258', '4': '264-275', '5': '308-317'}",1.0,{'1': '135-390'},1.0,{'1': '167-609'},3.0,"{'1': '166-361', '2': '5-83', '3': '506-606'}",3.0,"{'1': '396-496', '2': '504-609', '3': '167-407'}",2.0,"{'1': '165-390', '2': '221-236'}",,,,
P32770,,,1.0,{'1': '218-323'},,,2.0,"{'1': '355-384', '2': '581-609'}",3.0,"{'1': '220-312', '2': '349-384', '3': '575-609'}",5.0,"{'1': '226-322', '2': '359-378', '3': '585-604', '4': '355-384', '5': '581-610'}",2.0,"{'1': '357-381', '2': '583-607'}",,
P32771,,,,,,,2.0,"{'1': '208-336', '2': '36-165'}",3.0,"{'1': '5-191', '2': '332-380', '3': '170-346'}",1.0,{'1': '70-84'},,,1.0,{'1': '12-381'}
P32773,,,1.0,{'1': '228-286'},1.0,{'1': '1-285'},2.0,"{'1': '9-159', '2': '176-285'}",1.0,{'1': '232-285'},,,1.0,{'1': '8-285'},,
P32774,,,2.0,"{'1': '2-57', '2': '58-118'}",1.0,{'1': '2-121'},2.0,"{'1': '63-118', '2': '6-52'}",1.0,{'1': '55-119'},,,,,,
P32775,,,2.0,"{'1': '604-704', '2': '56-177'}",,,3.0,"{'1': '62-148', '2': '221-308', '3': '608-702'}",2.0,"{'1': '57-159', '2': '196-576'}",,,1.0,{'1': '180-573'},,
P32776,,,2.0,"{'1': '1-115', '2': '232-301'}",1.0,{'1': '4-637'},3.0,"{'1': '176-226', '2': '244-300', '3': '9-105'}",2.0,"{'1': '173-217', '2': '244-289'}",2.0,"{'1': '165-221', '2': '243-295'}",2.0,"{'1': '165-221', '2': '243-295'}",,
P32783,,,1.0,{'1': '139-424'},1.0,{'1': '121-424'},1.0,{'1': '110-424'},1.0,{'1': '149-423'},1.0,{'1': '141-424'},,,,
P32784,,,,,1.0,{'1': '39-734'},1.0,{'1': '233-291'},,,,,1.0,{'1': '84-294'},,
P32785,,,,,,,2.0,"{'1': '31-231', '2': '275-386'}",1.0,{'1': '30-203'},,,,,1.0,{'1': '30-387'}
P32786,,,,,1.0,{'1': '1-730'},3.0,"{'1': '175-501', '2': '768-893', '3': '600-744'}",,,,,,,,
P32787,,,,,1.0,{'1': '27-269'},1.0,{'1': '100-269'},,,,,,,,
P32788,,,,,1.0,{'1': '17-116'},1.0,{'1': '41-116'},,,,,,,,
P32790,3.0,"{'1': '72-82', '2': '370-385', '3': '401-413'}",1.0,{'1': '653-724'},,,5.0,"{'1': '75-123', '2': '359-407', '3': '10-66', '4': '489-553', '5': '252-338'}",3.0,"{'1': '6-69', '2': '54-159', '3': '356-457'}",3.0,"{'1': '3-68', '2': '69-132', '3': '353-415'}",3.0,"{'1': '6-69', '2': '72-131', '3': '356-414'}",,
P32791,,,1.0,{'1': '510-684'},1.0,{'1': '112-686'},3.0,"{'1': '413-519', '2': '528-665', '3': '260-374'}",1.0,{'1': '510-666'},1.0,{'1': '399-522'},,,,
P32793,4.0,"{'1': '412-422', '2': '426-441', '3': '445-454', '4': '456-468'}",,,1.0,{'1': '3-445'},2.0,"{'1': '415-462', '2': '89-213'}",1.0,{'1': '410-467'},1.0,{'1': '409-468'},1.0,{'1': '412-468'},,
P32794,,,2.0,"{'1': '242-503', '2': '510-769'}",1.0,{'1': '403-773'},4.0,"{'1': '282-412', '2': '553-682', '3': '442-474', '4': '707-752'}",2.0,"{'1': '240-505', '2': '510-771'}",2.0,"{'1': '383-401', '2': '653-671'}",2.0,"{'1': '278-415', '2': '549-685'}",,
P32795,,,2.0,"{'1': '260-446', '2': '522-716'}",,,4.0,"{'1': '527-706', '2': '317-446', '3': '469-512', '4': '104-164'}",2.0,"{'1': '277-517', '2': '528-712'}",1.0,{'1': '417-435'},1.0,{'1': '313-449'},1.0,{'1': '227-703'}
P32796,,,2.0,"{'1': '74-655', '2': '134-452'}",1.0,{'1': '65-658'},1.0,{'1': '77-650'},,,2.0,"{'1': '74-89', '2': '356-383'}",,,,
P32798,,,2.0,"{'1': '8-170', '2': '203-303'}",,,2.0,"{'1': '13-304', '2': '314-381'}",2.0,"{'1': '7-305', '2': '314-382'}",,,,,1.0,{'1': '10-381'}
P32799,,,1.0,{'1': '37-128'},1.0,{'1': '30-123'},1.0,{'1': '18-124'},1.0,{'1': '38-128'},1.0,{'1': '101-118'},,,,
P32800,,,,,1.0,{'1': '66-255'},1.0,{'1': '13-206'},,,,,,,,
P32801,,,,,,,1.0,{'1': '163-404'},1.0,{'1': '80-418'},2.0,"{'1': '88-420', '2': '255-267'}",1.0,{'1': '88-412'},,
P32802,,,,,1.0,{'1': '22-667'},1.0,{'1': '72-621'},,,,,,,,
P32803,,,,,1.0,{'1': '8-197'},1.0,{'1': '20-198'},1.0,{'1': '30-130'},1.0,{'1': '30-118'},1.0,{'1': '20-198'},,
P32805,,,,,1.0,{'1': '8-224'},1.0,{'1': '12-36'},2.0,"{'1': '27-69', '2': '58-95'}",6.0,"{'1': '14-36', '2': '44-66', '3': '74-94', '4': '12-41', '5': '42-71', '6': '72-99'}",5.0,"{'1': '12-36', '2': '42-66', '3': '72-94', '4': '155-179', '5': '246-273'}",,
P32806,,,,,,,1.0,{'1': '122-328'},2.0,"{'1': '38-259', '2': '283-343'}",1.0,{'1': '33-316'},1.0,{'1': '30-339'},,
P32807,,,2.0,"{'1': '339-451', '2': '29-249'}",,,3.0,"{'1': '494-559', '2': '32-267', '3': '280-459'}",2.0,"{'1': '265-574', '2': '29-233'}",,,1.0,{'1': '323-466'},,
P32828,,,,,1.0,{'1': '1-619'},,,,,,,,,,
P32829,,,2.0,"{'1': '2-302', '2': '303-413'}",,,2.0,"{'1': '9-245', '2': '292-474'}",1.0,{'1': '9-371'},,,1.0,{'1': '291-474'},1.0,{'1': '7-412'}
P32832,,,,,,,1.0,{'1': '122-253'},,,,,,,,
P32833,,,,,1.0,{'1': '54-615'},2.0,"{'1': '259-534', '2': '547-608'}",,,,,,,,
P32835,5.0,"{'1': '26-40', '2': '73-91', '3': '93-114', '4': '129-147', '5': '167-189'}",1.0,{'1': '2-219'},1.0,{'1': '9-217'},1.0,{'1': '14-170'},1.0,{'1': '12-199'},2.0,"{'1': '8-196', '2': '6-170'}",1.0,{'1': '15-174'},1.0,{'1': '12-161'}
P32836,5.0,"{'1': '27-41', '2': '74-92', '3': '94-115', '4': '130-148', '5': '168-190'}",1.0,{'1': '3-220'},1.0,{'1': '2-218'},1.0,{'1': '15-171'},1.0,{'1': '13-201'},2.0,"{'1': '5-197', '2': '7-171'}",1.0,{'1': '16-175'},1.0,{'1': '13-162'}
P32838,7.0,"{'1': '44-71', '2': '73-100', '3': '106-130', '4': '142-168', '5': '171-198', '6': '239-259', '7': '261-277'}",1.0,{'1': '1-348'},1.0,{'1': '2-302'},1.0,{'1': '44-249'},1.0,{'1': '3-302'},1.0,{'1': '107-112'},1.0,{'1': '16-299'},,
P32842,4.0,"{'1': '34-58', '2': '60-84', '3': '110-136', '4': '137-160'}",1.0,{'1': '15-164'},,,2.0,"{'1': '22-80', '2': '99-158'}",1.0,{'1': '90-160'},,,,,1.0,{'1': '17-124'}
P32843,,,1.0,{'1': '194-272'},1.0,{'1': '32-850'},2.0,"{'1': '200-266', '2': '364-814'}",1.0,{'1': '196-273'},,,1.0,{'1': '199-268'},,
P32844,,,1.0,{'1': '616-805'},1.0,{'1': '6-783'},1.0,{'1': '178-761'},,,,,,,,
P32849,,,3.0,"{'1': '901-976', '2': '977-1168', '3': '519-784'}",1.0,{'1': '169-1168'},4.0,"{'1': '440-847', '2': '995-1115', '3': '176-283', '4': '914-960'}",2.0,"{'1': '421-769', '2': '779-1169'}",4.0,"{'1': '995-1165', '2': '914-961', '3': '519-730', '4': '932-941'}",4.0,"{'1': '1030-1115', '2': '914-960', '3': '433-742', '4': '176-287'}",,
P32855,,,,,1.0,{'1': '29-1037'},2.0,"{'1': '34-174', '2': '317-561'}",,,,,,,,
P32857,,,,,1.0,{'1': '90-498'},2.0,"{'1': '195-446', '2': '35-183'}",,,,,,,,
P32860,,,2.0,"{'1': '146-234', '2': '12-124'}",,,2.0,"{'1': '157-225', '2': '24-115'}",2.0,"{'1': '145-230', '2': '22-117'}",,,1.0,{'1': '24-117'},,
P32861,,,1.0,{'1': '12-387'},1.0,{'1': '38-499'},1.0,{'1': '53-464'},1.0,{'1': '25-478'},,,,,,
P32862,,,1.0,{'1': '44-127'},1.0,{'1': '17-1150'},1.0,{'1': '45-81'},1.0,{'1': '38-87'},2.0,"{'1': '46-76', '2': '46-78'}",1.0,{'1': '41-87'},,
P32864,18.0,"{'1': '135-155', '2': '160-180', '3': '208-225', '4': '233-253', '5': '268-284', '6': '306-325', '7': '329-348', '8': '395-413', '9': '439-459', '10': '471-491', '11': '504-523', '12': '536-559', '13': '48-66', '14': '66-83', '15': '127-144', '16': '144-160', '17': '193-208', '18': '283-304'}",1.0,{'1': '44-555'},1.0,{'1': '43-565'},1.0,{'1': '46-434'},1.0,{'1': '43-335'},,,,,,
P32867,,,,,1.0,{'1': '43-275'},2.0,"{'1': '226-278', '2': '33-177'}",1.0,{'1': '31-245'},2.0,"{'1': '190-252', '2': '196-235'}",2.0,"{'1': '185-252', '2': '28-141'}",,
P32873,,,3.0,"{'1': '900-1114', '2': '627-748', '3': '510-626'}",1.0,{'1': '121-1110'},3.0,"{'1': '927-1091', '2': '541-622', '3': '636-738'}",2.0,"{'1': '901-1107', '2': '543-612'}",2.0,"{'1': '913-1128', '2': '634-741'}",3.0,"{'1': '924-1118', '2': '513-624', '3': '635-743'}",,
P32874,,,1.0,{'1': '307-369'},1.0,{'1': '88-2266'},7.0,"{'1': '771-836', '2': '308-489', '3': '135-256', '4': '525-631', '5': '837-1519', '6': '1619-2176', '7': '645-764'}",5.0,"{'1': '765-836', '2': '518-633', '3': '99-259', '4': '1538-1859', '5': '1861-2249'}",8.0,"{'1': '763-837', '2': '794-811', '3': '323-337', '4': '453-460', '5': '292-484', '6': '1532-1867', '7': '1871-2187', '8': '134-635'}",1.0,{'1': '524-631'},,
P32875,,,1.0,{'1': '165-376'},1.0,{'1': '58-413'},2.0,"{'1': '177-340', '2': '69-155'}",,,1.0,{'1': '164-385'},1.0,{'1': '171-380'},1.0,{'1': '104-411'}
P32891,,,2.0,"{'1': '117-349', '2': '535-574'}",,,2.0,"{'1': '327-574', '2': '151-290'}",2.0,"{'1': '331-579', '2': '105-328'}",1.0,{'1': '146-327'},,,,
P32892,,,2.0,"{'1': '159-438', '2': '439-611'}",1.0,{'1': '176-747'},2.0,"{'1': '470-574', '2': '255-424'}",1.0,{'1': '303-588'},4.0,"{'1': '383-391', '2': '448-639', '3': '262-437', '4': '231-259'}",2.0,"{'1': '493-574', '2': '250-452'}",,
P32893,,,,,1.0,{'1': '2-560'},3.0,"{'1': '403-552', '2': '2-210', '3': '211-339'}",,,,,,,,
P32895,,,4.0,"{'1': '4-150', '2': '151-257', '3': '308-398', '4': '399-414'}",1.0,{'1': '1-422'},2.0,"{'1': '291-421', '2': '5-120'}",2.0,"{'1': '3-158', '2': '161-422'}",1.0,{'1': '128-143'},,,1.0,{'1': '5-201'}
P32896,,,,,1.0,{'1': '13-428'},2.0,"{'1': '199-406', '2': '74-135'}",1.0,{'1': '70-135'},1.0,{'1': '63-138'},1.0,{'1': '69-138'},,
P32897,,,,,1.0,{'1': '84-217'},,,,,,,,,1.0,{'1': '61-212'}
P32898,,,,,,,4.0,"{'1': '222-407', '2': '76-175', '3': '480-723', '4': '811-960'}",4.0,"{'1': '25-268', '2': '281-536', '3': '535-786', '4': '804-973'}",,,1.0,{'1': '479-723'},,
P32899,,,1.0,{'1': '109-181'},1.0,{'1': '6-165'},2.0,"{'1': '4-97', '2': '109-155'}",,,,,2.0,"{'1': '4-108', '2': '109-175'}",,
P32900,,,,,1.0,{'1': '14-149'},1.0,{'1': '53-731'},,,,,,,,
P32901,,,1.0,{'1': '55-565'},,,1.0,{'1': '155-530'},1.0,{'1': '67-557'},2.0,"{'1': '144-168', '2': '244-256'}",,,,
P32902,6.0,"{'1': '185-203', '2': '216-225', '3': '266-283', '4': '317-334', '5': '334-345', '6': '355-369'}",,,1.0,{'1': '169-391'},1.0,{'1': '188-383'},1.0,{'1': '185-389'},2.0,"{'1': '185-196', '2': '317-341'}",,,1.0,{'1': '183-288'}
P32903,,,,,,,1.0,{'1': '2-40'},,,,,,,,
P32904,3.0,"{'1': '106-131', '2': '136-152', '3': '178-199'}",2.0,"{'1': '18-117', '2': '118-214'}",1.0,{'1': '20-212'},2.0,"{'1': '52-117', '2': '125-199'}",2.0,"{'1': '17-117', '2': '120-212'}",1.0,{'1': '191-199'},,,,
P32905,6.0,"{'1': '14-32', '2': '44-53', '3': '93-110', '4': '118-135', '5': '135-146', '6': '156-170'}",,,1.0,{'1': '7-245'},2.0,"{'1': '17-112', '2': '115-180'}",1.0,{'1': '12-190'},2.0,"{'1': '14-25', '2': '118-142'}",,,1.0,{'1': '12-205'}
P32906,8.0,"{'1': '45-65', '2': '81-95', '3': '127-145', '4': '173-192', '5': '271-288', '6': '334-350', '7': '431-455', '8': '498-518'}",1.0,{'1': '34-549'},1.0,{'1': '32-535'},1.0,{'1': '45-532'},1.0,{'1': '37-545'},,,,,,
P32907,,,,,1.0,{'1': '29-279'},1.0,{'1': '70-275'},,,1.0,{'1': '88-97'},,,,
P32908,,,2.0,"{'1': '1-218', '2': '956-1225'}",,,2.0,"{'1': '5-1211', '2': '526-641'}",3.0,"{'1': '3-284', '2': '990-1209', '3': '489-686'}",,,1.0,{'1': '527-642'},,
P32909,,,1.0,{'1': '191-290'},1.0,{'1': '74-288'},1.0,{'1': '208-246'},1.0,{'1': '197-268'},1.0,{'1': '205-261'},1.0,{'1': '206-260'},,
P32910,,,1.0,{'1': '88-152'},1.0,{'1': '11-267'},1.0,{'1': '4-316'},1.0,{'1': '79-153'},,,,,,
P32911,,,,,,,1.0,{'1': '23-97'},1.0,{'1': '3-108'},1.0,{'1': '26-96'},,,1.0,{'1': '3-108'}
P32912,,,1.0,{'1': '8-124'},,,1.0,{'1': '34-119'},1.0,{'1': '9-122'},2.0,"{'1': '250-312', '2': '1-124'}",2.0,"{'1': '245-312', '2': '4-121'}",,
P32913,,,2.0,"{'1': '271-465', '2': '99-244'}",1.0,{'1': '3-549'},1.0,{'1': '141-223'},1.0,{'1': '104-224'},,,1.0,{'1': '105-223'},,
P32914,,,1.0,{'1': '1-101'},1.0,{'1': '4-97'},1.0,{'1': '4-79'},1.0,{'1': '2-78'},,,1.0,{'1': '4-79'},,
P32915,,,1.0,{'1': '8-472'},1.0,{'1': '17-465'},2.0,"{'1': '76-459', '2': '41-75'}",1.0,{'1': '8-464'},2.0,"{'1': '76-95', '2': '166-184'}",,,1.0,{'1': '31-468'}
P32916,,,2.0,"{'1': '375-621', '2': '264-372'}",,,4.0,"{'1': '398-453', '2': '487-620', '3': '300-362', '4': '1-155'}",3.0,"{'1': '1-155', '2': '397-620', '3': '294-372'}",1.0,{'1': '594-607'},3.0,"{'1': '397-621', '2': '396-557', '3': '288-370'}",,
P32917,,,1.0,{'1': '591-786'},,,2.0,"{'1': '594-782', '2': '287-316'}",,,,,,,,
P32939,,,1.0,{'1': '1-182'},,,1.0,{'1': '10-177'},1.0,{'1': '5-181'},1.0,{'1': '4-208'},1.0,{'1': '11-179'},1.0,{'1': '8-172'}
P32945,7.0,"{'1': '295-322', '2': '324-351', '3': '357-381', '4': '391-417', '5': '420-447', '6': '477-497', '7': '499-515'}",1.0,{'1': '232-546'},1.0,{'1': '192-542'},2.0,"{'1': '295-488', '2': '240-293'}",1.0,{'1': '259-537'},1.0,{'1': '358-363'},1.0,{'1': '267-537'},,
P33201,,,2.0,"{'1': '29-224', '2': '124-210'}",1.0,{'1': '1-229'},2.0,"{'1': '19-119', '2': '129-208'}",1.0,{'1': '20-121'},,,,,,
P33202,,,1.0,{'1': '160-574'},1.0,{'1': '907-1483'},2.0,"{'1': '1154-1481', '2': '163-294'}",2.0,"{'1': '179-620', '2': '1092-1476'}",1.0,{'1': '1128-1483'},1.0,{'1': '1112-1483'},,
P33203,,,4.0,"{'1': '131-189', '2': '193-267', '3': '356-416', '4': '484-552'}",1.0,{'1': '3-542'},5.0,"{'1': '4-29', '2': '43-70', '3': '134-185', '4': '203-254', '5': '358-410'}",5.0,"{'1': '3-37', '2': '37-71', '3': '134-188', '4': '198-264', '5': '351-413'}",9.0,"{'1': '4-29', '2': '45-70', '3': '1-31', '4': '42-72', '5': '132-188', '6': '201-257', '7': '262-332', '8': '354-413', '9': '491-552'}",6.0,"{'1': '1-31', '2': '40-72', '3': '132-188', '4': '201-257', '5': '355-413', '6': '493-552'}",,
P33204,,,1.0,{'1': '1-169'},1.0,{'1': '1-169'},1.0,{'1': '1-167'},1.0,{'1': '3-169'},,,,,,
P33296,,,1.0,{'1': '1-178'},1.0,{'1': '4-146'},1.0,{'1': '9-120'},1.0,{'1': '6-152'},1.0,{'1': '5-167'},,,,
P33297,,,2.0,"{'1': '23-169', '2': '170-351'}",1.0,{'1': '29-428'},3.0,"{'1': '219-351', '2': '79-160', '3': '373-416'}",1.0,{'1': '177-424'},1.0,{'1': '321-339'},1.0,{'1': '214-353'},,
P33298,,,2.0,"{'1': '35-161', '2': '162-342'}",1.0,{'1': '51-419'},2.0,"{'1': '209-341', '2': '96-151'}",1.0,{'1': '167-415'},1.0,{'1': '312-330'},1.0,{'1': '205-344'},,
P33299,,,2.0,"{'1': '43-198', '2': '199-378'}",1.0,{'1': '49-454'},3.0,"{'1': '246-378', '2': '404-444', '3': '138-188'}",1.0,{'1': '204-454'},1.0,{'1': '349-367'},1.0,{'1': '242-381'},,
P33300,,,,,1.0,{'1': '3-326'},1.0,{'1': '69-154'},1.0,{'1': '53-240'},,,,,,
P33301,,,,,,,1.0,{'1': '28-92'},1.0,{'1': '8-113'},,,,,,
P33302,,,2.0,"{'1': '162-404', '2': '872-1108'}",,,6.0,"{'1': '176-336', '2': '888-1039', '3': '726-816', '4': '504-715', '5': '1186-1401', '6': '46-152'}",2.0,"{'1': '167-410', '2': '876-1098'}",3.0,"{'1': '161-410', '2': '869-1112', '3': '309-323'}",2.0,"{'1': '185-377', '2': '897-1088'}",1.0,{'1': '100-1503'}
P33303,6.0,"{'1': '13-26', '2': '26-40', '3': '74-94', '4': '124-142', '5': '175-193', '6': '221-243'}",1.0,{'1': '11-312'},1.0,{'1': '6-306'},3.0,"{'1': '9-103', '2': '109-206', '3': '212-305'}",1.0,{'1': '8-300'},3.0,"{'1': '8-99', '2': '111-202', '3': '212-303'}",,,,
P33308,,,,,,,1.0,{'1': '64-144'},,,,,,,,
P33309,,,3.0,"{'1': '276-386', '2': '1-140', '3': '141-275'}",1.0,{'1': '1-383'},3.0,"{'1': '1-134', '2': '142-274', '3': '278-376'}",2.0,"{'1': '268-376', '2': '1-135'}",,,1.0,{'1': '1-135'},1.0,{'1': '4-376'}
P33311,,,2.0,"{'1': '437-692', '2': '101-434'}",1.0,{'1': '71-688'},2.0,"{'1': '464-614', '2': '120-400'}",2.0,"{'1': '440-677', '2': '107-429'}",3.0,"{'1': '446-686', '2': '120-413', '3': '586-600'}",1.0,{'1': '473-662'},1.0,{'1': '1-684'}
P33313,,,1.0,{'1': '78-227'},,,2.0,"{'1': '124-154', '2': '257-374'}",1.0,{'1': '81-211'},,,2.0,"{'1': '83-116', '2': '121-154'}",,
P33314,,,2.0,"{'1': '543-760', '2': '337-464'}",1.0,{'1': '39-828'},2.0,"{'1': '361-428', '2': '542-720'}",2.0,"{'1': '471-804', '2': '366-451'}",3.0,"{'1': '316-444', '2': '505-721', '3': '677-691'}",2.0,"{'1': '336-439', '2': '449-823'}",,
P33315,,,1.0,{'1': '544-681'},1.0,{'1': '9-665'},3.0,"{'1': '8-339', '2': '355-532', '3': '545-653'}",3.0,"{'1': '538-673', '2': '6-325', '3': '338-534'}",2.0,"{'1': '475-491', '2': '16-36'}",1.0,{'1': '356-533'},1.0,{'1': '10-666'}
P33322,,,1.0,{'1': '19-350'},1.0,{'1': '3-452'},4.0,"{'1': '267-340', '2': '80-196', '3': '19-76', '4': '197-263'}",2.0,"{'1': '266-347', '2': '19-264'}",,,2.0,"{'1': '267-341', '2': '18-76'}",2.0,"{'1': '260-334', '2': '26-351'}"
P33324,,,1.0,{'1': '83-310'},1.0,{'1': '26-292'},2.0,"{'1': '107-268', '2': '44-74'}",2.0,"{'1': '4-90', '2': '102-299'}",1.0,{'1': '101-274'},2.0,"{'1': '101-271', '2': '50-75'}",,
P33327,,,,,,,3.0,"{'1': '714-986', '2': '35-98', '3': '180-379'}",2.0,"{'1': '718-1023', '2': '526-728'}",1.0,{'1': '620-633'},1.0,{'1': '715-986'},,
P33328,3.0,"{'1': '32-51', '2': '52-71', '3': '88-107'}",,,1.0,{'1': '17-112'},1.0,{'1': '25-111'},,,2.0,"{'1': '45-64', '2': '27-87'}",,,,
P33329,7.0,"{'1': '448-475', '2': '477-504', '3': '510-534', '4': '544-570', '5': '573-600', '6': '630-650', '7': '652-668'}",1.0,{'1': '391-698'},1.0,{'1': '379-705'},2.0,"{'1': '449-641', '2': '398-446'}",1.0,{'1': '396-694'},1.0,{'1': '511-516'},1.0,{'1': '420-690'},,
P33330,,,2.0,"{'1': '21-290', '2': '291-395'}",1.0,{'1': '5-394'},1.0,{'1': '11-383'},1.0,{'1': '9-393'},1.0,{'1': '209-228'},,,1.0,{'1': '9-393'}
P33332,,,,,,,3.0,"{'1': '642-773', '2': '132-218', '3': '947-1316'}",,,,,1.0,{'1': '132-220'},,
P33333,,,,,,,1.0,{'1': '63-191'},,,,,1.0,{'1': '76-193'},1.0,{'1': '60-191'}
P33334,,,3.0,"{'1': '1257-1375', '2': '1833-1993', '3': '1994-2092'}",1.0,{'1': '108-2401'},7.0,"{'1': '131-282', '2': '472-874', '3': '2289-2410', '4': '1514-1671', '5': '1282-1415', '6': '1059-1149', '7': '1832-2060'}",2.0,"{'1': '1070-1325', '2': '1835-2086'}",1.0,{'1': '2182-2311'},1.0,{'1': '2178-2310'},,
P33336,,,,,1.0,{'1': '320-595'},1.0,{'1': '250-763'},1.0,{'1': '370-713'},1.0,{'1': '353-716'},,,,
P33338,,,1.0,{'1': '1-124'},1.0,{'1': '1-555'},2.0,"{'1': '809-962', '2': '7-269'}",2.0,"{'1': '6-121', '2': '713-914'}",2.0,"{'1': '717-965', '2': '1-127'}",2.0,"{'1': '763-965', '2': '6-127'}",,
P33339,,,4.0,"{'1': '118-226', '2': '227-321', '3': '415-593', '4': '740-1025'}",1.0,{'1': '11-1024'},1.0,{'1': '508-535'},2.0,"{'1': '141-566', '2': '871-1024'}",3.0,"{'1': '230-263', '2': '467-500', '3': '502-535'}",8.0,"{'1': '128-161', '2': '162-195', '3': '196-229', '4': '230-263', '5': '264-297', '6': '467-500', '7': '502-535', '8': '959-992'}",,
P33399,5.0,"{'1': '36-53', '2': '61-76', '3': '91-104', '4': '117-133', '5': '171-189'}",2.0,"{'1': '114-222', '2': '23-111'}",1.0,{'1': '12-263'},2.0,"{'1': '144-194', '2': '34-89'}",2.0,"{'1': '107-194', '2': '23-110'}",2.0,"{'1': '123-216', '2': '23-112'}",1.0,{'1': '27-105'},,
P33400,,,,,1.0,{'1': '7-494'},2.0,"{'1': '214-234', '2': '146-172'}",2.0,"{'1': '146-175', '2': '197-235'}",5.0,"{'1': '148-171', '2': '214-234', '3': '146-176', '4': '182-211', '5': '212-234'}",3.0,"{'1': '146-171', '2': '182-206', '3': '212-234'}",,
P33401,4.0,"{'1': '113-127', '2': '219-238', '3': '256-269', '4': '284-299'}",,,1.0,{'1': '6-570'},3.0,"{'1': '16-159', '2': '193-300', '3': '313-430'}",4.0,"{'1': '6-224', '2': '192-302', '3': '292-437', '4': '432-570'}",1.0,{'1': '114-123'},,,,
P33411,,,,,1.0,{'1': '127-244'},1.0,{'1': '132-244'},,,,,,,,
P33412,,,2.0,"{'1': '3-152', '2': '176-322'}",1.0,{'1': '8-320'},2.0,"{'1': '12-141', '2': '201-304'}",,,,,,,1.0,{'1': '10-71'}
P33416,4.0,"{'1': '537-555', '2': '582-600', '3': '611-629', '4': '644-658'}",3.0,"{'1': '85-277', '2': '278-480', '3': '486-705'}",1.0,{'1': '56-800'},4.0,"{'1': '140-245', '2': '532-700', '3': '706-786', '4': '277-377'}",2.0,"{'1': '96-481', '2': '482-794'}",2.0,"{'1': '231-243', '2': '567-585'}",3.0,"{'1': '135-278', '2': '533-674', '3': '706-795'}",,
P33417,,,2.0,"{'1': '354-432', '2': '433-529'}",1.0,{'1': '308-430'},2.0,"{'1': '361-428', '2': '434-499'}",2.0,"{'1': '360-433', '2': '433-499'}",2.0,"{'1': '361-429', '2': '434-502'}",2.0,"{'1': '360-430', '2': '433-503'}",,
P33418,,,1.0,{'1': '1-1077'},1.0,{'1': '1-1097'},3.0,"{'1': '102-274', '2': '365-869', '3': '889-1090'}",1.0,{'1': '5-862'},,,,,,
P33419,,,,,,,1.0,{'1': '1-250'},,,,,,,,
P33420,,,1.0,{'1': '6-105'},,,1.0,{'1': '20-85'},1.0,{'1': '10-92'},2.0,"{'1': '34-65', '2': '34-84'}",1.0,{'1': '17-89'},,
P33441,,,,,,,1.0,{'1': '42-159'},,,,,,,,
P33442,,,,,,,1.0,{'1': '16-221'},,,1.0,{'1': '61-73'},1.0,{'1': '15-221'},,
P33448,,,,,,,1.0,{'1': '17-61'},,,,,,,,
P33734,,,2.0,"{'1': '238-551', '2': '1-237'}",1.0,{'1': '236-549'},2.0,"{'1': '239-532', '2': '6-210'}",2.0,"{'1': '233-549', '2': '2-222'}",,,,,2.0,"{'1': '236-548', '2': '4-210'}"
P33748,,,,,1.0,{'1': '277-699'},2.0,"{'1': '647-670', '2': '676-698'}",1.0,{'1': '645-698'},4.0,"{'1': '649-670', '2': '678-698', '3': '647-675', '4': '676-703'}",2.0,"{'1': '647-670', '2': '676-698'}",,
P33749,,,,,1.0,{'1': '60-626'},2.0,"{'1': '573-596', '2': '602-624'}",1.0,{'1': '571-624'},4.0,"{'1': '575-596', '2': '604-624', '3': '573-601', '4': '602-629'}",2.0,"{'1': '573-596', '2': '602-624'}",,
P33750,3.0,"{'1': '83-97', '2': '136-150', '3': '363-377'}",2.0,"{'1': '35-261', '2': '262-403'}",1.0,{'1': '1-464'},6.0,"{'1': '64-96', '2': '132-149', '3': '220-248', '4': '297-332', '5': '349-375', '6': '377-461'}",1.0,{'1': '13-376'},4.0,"{'1': '63-105', '2': '215-257', '3': '301-342', '4': '344-375'}",7.0,"{'1': '55-96', '2': '99-149', '3': '169-205', '4': '208-248', '5': '251-290', '6': '294-333', '7': '335-376'}",,
P33754,,,,,1.0,{'1': '27-201'},1.0,{'1': '28-198'},,,,,,,,
P33755,,,,,1.0,{'1': '1-578'},2.0,"{'1': '114-256', '2': '259-577'}",1.0,{'1': '1-82'},1.0,{'1': '237-377'},,,,
P33759,,,1.0,{'1': '210-302'},1.0,{'1': '136-302'},2.0,"{'1': '223-292', '2': '144-209'}",1.0,{'1': '214-292'},2.0,"{'1': '144-208', '2': '161-194'}",,,,
P33760,,,2.0,"{'1': '450-619', '2': '726-1021'}",1.0,{'1': '430-1028'},4.0,"{'1': '480-619', '2': '768-899', '3': '924-964', '4': '305-425'}",2.0,"{'1': '486-717', '2': '727-1025'}",1.0,{'1': '871-889'},1.0,{'1': '764-903'},,
P33767,,,,,1.0,{'1': '7-415'},2.0,"{'1': '25-257', '2': '271-416'}",,,,,,,,
P33775,,,,,1.0,{'1': '18-732'},3.0,"{'1': '55-296', '2': '343-506', '3': '533-727'}",1.0,{'1': '326-512'},3.0,"{'1': '324-378', '2': '388-448', '3': '459-514'}",3.0,"{'1': '324-378', '2': '388-448', '3': '459-514'}",,
P33891,,,5.0,"{'1': '635-701', '2': '1-188', '3': '189-323', '4': '324-497', '5': '498-634'}",1.0,{'1': '6-696'},1.0,{'1': '239-695'},,,1.0,{'1': '147-701'},,,,
P33892,,,6.0,"{'1': '1160-1323', '2': '1324-1637', '3': '1638-1802', '4': '1816-2022', '5': '2023-2190', '6': '2205-2588'}",,,5.0,"{'1': '391-476', '2': '546-670', '3': '876-1007', '4': '253-383', '5': '2023-2185'}",4.0,"{'1': '7-946', '2': '957-1299', '3': '1249-2313', '4': '2209-2591'}",4.0,"{'1': '1489-1527', '2': '1601-1646', '3': '1646-1685', '4': '1952-1989'}",1.0,{'1': '1325-1548'},,
P33893,,,1.0,{'1': '475-538'},1.0,{'1': '24-540'},2.0,"{'1': '30-316', '2': '374-537'}",2.0,"{'1': '326-446', '2': '25-324'}",1.0,{'1': '177-191'},1.0,{'1': '373-537'},1.0,{'1': '25-538'}
P33894,,,1.0,{'1': '664-920'},1.0,{'1': '138-915'},2.0,"{'1': '715-920', '2': '249-622'}",1.0,{'1': '671-918'},,,,,,
P33895,,,1.0,{'1': '1-168'},,,1.0,{'1': '6-148'},,,,,,,,
P34072,,,,,1.0,{'1': '178-581'},1.0,{'1': '40-64'},,,,,,,,
P34077,,,,,1.0,{'1': '19-838'},1.0,{'1': '252-831'},,,,,,,,
P34078,,,,,1.0,{'1': '3-450'},1.0,{'1': '7-407'},,,,,,,,
P34087,,,2.0,"{'1': '85-171', '2': '1-84'}",1.0,{'1': '1-162'},2.0,"{'1': '80-157', '2': '9-66'}",2.0,"{'1': '81-170', '2': '1-80'}",,,1.0,{'1': '82-164'},,
P34110,,,1.0,{'1': '517-851'},1.0,{'1': '6-943'},1.0,{'1': '8-829'},,,,,,,,
P34111,,,,,1.0,{'1': '8-609'},3.0,"{'1': '108-175', '2': '736-1114', '3': '549-639'}",,,,,,,,
P34160,,,,,1.0,{'1': '14-775'},3.0,"{'1': '37-261', '2': '347-542', '3': '582-828'}",3.0,"{'1': '48-232', '2': '356-550', '3': '580-857'}",,,1.0,{'1': '36-264'},,
P34161,,,,,1.0,{'1': '14-259'},1.0,{'1': '177-233'},1.0,{'1': '172-235'},2.0,"{'1': '174-234', '2': '209-232'}",1.0,{'1': '176-238'},,
P34162,,,,,,,1.0,{'1': '3-208'},,,,,,,,
P34163,,,1.0,{'1': '54-419'},,,1.0,{'1': '107-402'},1.0,{'1': '57-418'},,,,,,
P34164,,,1.0,{'1': '161-247'},1.0,{'1': '29-413'},2.0,"{'1': '337-411', '2': '164-248'}",2.0,"{'1': '163-246', '2': '307-412'}",,,1.0,{'1': '298-412'},,
P34167,,,1.0,{'1': '87-188'},,,,,1.0,{'1': '90-187'},1.0,{'1': '101-183'},1.0,{'1': '102-179'},,
P34216,,,,,,,4.0,"{'1': '10-92', '2': '132-220', '3': '277-359', '4': '1345-1377'}",4.0,"{'1': '1335-1380', '2': '9-85', '3': '125-224', '4': '265-362'}",7.0,"{'1': '14-113', '2': '135-227', '3': '277-366', '4': '47-82', '5': '167-202', '6': '1338-1380', '7': '180-192'}",6.0,"{'1': '7-102', '2': '128-221', '3': '270-365', '4': '51-79', '5': '171-199', '6': '1342-1379'}",,
P34217,,,1.0,{'1': '12-176'},1.0,{'1': '41-322'},1.0,{'1': '87-157'},1.0,{'1': '71-166'},1.0,{'1': '85-163'},1.0,{'1': '86-159'},,
P34218,,,1.0,{'1': '455-561'},1.0,{'1': '156-575'},2.0,"{'1': '328-527', '2': '271-323'}",1.0,{'1': '272-562'},1.0,{'1': '267-573'},,,,
P34219,,,,,1.0,{'1': '75-488'},,,1.0,{'1': '75-127'},2.0,"{'1': '70-120', '2': '97-124'}",2.0,"{'1': '74-122', '2': '392-443'}",,
P34220,,,,,1.0,{'1': '37-416'},1.0,{'1': '62-417'},1.0,{'1': '37-417'},2.0,"{'1': '222-232', '2': '313-329'}",,,,
P34221,,,1.0,{'1': '1-293'},1.0,{'1': '24-289'},1.0,{'1': '23-278'},1.0,{'1': '3-293'},2.0,"{'1': '57-65', '2': '23-293'}",1.0,{'1': '13-291'},,
P34222,,,1.0,{'1': '87-208'},1.0,{'1': '4-208'},1.0,{'1': '89-208'},1.0,{'1': '87-208'},,,,,1.0,{'1': '88-208'}
P34223,,,1.0,{'1': '231-294'},,,2.0,"{'1': '344-421', '2': '237-311'}",2.0,"{'1': '306-422', '2': '225-319'}",2.0,"{'1': '344-421', '2': '232-297'}",2.0,"{'1': '340-422', '2': '229-323'}",,
P34225,,,1.0,{'1': '143-268'},,,2.0,"{'1': '98-230', '2': '353-551'}",1.0,{'1': '90-271'},1.0,{'1': '82-264'},1.0,{'1': '63-266'},,
P34227,,,,,1.0,{'1': '44-235'},2.0,"{'1': '52-188', '2': '209-245'}",1.0,{'1': '49-259'},1.0,{'1': '49-212'},,,,
P34228,,,1.0,{'1': '54-121'},1.0,{'1': '38-965'},2.0,"{'1': '55-96', '2': '357-585'}",1.0,{'1': '49-96'},2.0,"{'1': '56-87', '2': '56-89'}",2.0,"{'1': '51-98', '2': '446-526'}",,
P34231,,,,,1.0,{'1': '1-736'},1.0,{'1': '420-639'},1.0,{'1': '95-447'},,,,,,
P34232,,,,,,,1.0,{'1': '13-184'},1.0,{'1': '14-178'},,,,,,
P34233,,,1.0,{'1': '493-560'},,,1.0,{'1': '499-535'},,,2.0,"{'1': '499-526', '2': '493-531'}",1.0,{'1': '493-548'},,
P34237,,,,,,,2.0,"{'1': '409-637', '2': '4-113'}",,,,,,,,
P34239,,,,,,,1.0,{'1': '118-287'},,,1.0,{'1': '114-825'},,,,
P34240,,,,,,,1.0,{'1': '12-455'},,,,,,,,
P34241,,,,,1.0,{'1': '7-1130'},2.0,"{'1': '61-390', '2': '1460-1684'}",,,,,,,,
P34243,,,2.0,"{'1': '10-452', '2': '469-679'}",1.0,{'1': '67-676'},3.0,"{'1': '207-434', '2': '444-650', '3': '7-138'}",1.0,{'1': '205-655'},,,1.0,{'1': '221-459'},1.0,{'1': '14-680'}
P34244,,,,,,,1.0,{'1': '153-368'},1.0,{'1': '78-370'},3.0,"{'1': '81-369', '2': '235-247', '3': '87-115'}",1.0,{'1': '81-369'},,
P34247,,,,,1.0,{'1': '1-250'},1.0,{'1': '10-250'},,,,,,,,
P34248,,,,,1.0,{'1': '67-522'},1.0,{'1': '146-509'},,,,,1.0,{'1': '149-497'},,
P34253,,,1.0,{'1': '1-196'},,,1.0,{'1': '1-309'},1.0,{'1': '3-181'},,,,,,
P34730,6.0,"{'1': '37-66', '2': '87-111', '3': '118-140', '4': '153-179', '5': '180-206', '6': '207-236'}",1.0,{'1': '1-249'},1.0,{'1': '5-237'},1.0,{'1': '11-234'},1.0,{'1': '4-236'},2.0,"{'1': '43-53', '2': '216-235'}",1.0,{'1': '5-247'},,
P34756,,,4.0,"{'1': '225-302', '2': '857-1022', '3': '2124-2267', '4': '1956-2122'}",,,4.0,"{'1': '236-298', '2': '839-1033', '3': '2039-2205', '4': '2207-2264'}",2.0,"{'1': '235-313', '2': '859-1022'}",2.0,"{'1': '1932-2266', '2': '240-299'}",2.0,"{'1': '232-300', '2': '1975-2267'}",,
P34760,,,,,1.0,{'1': '3-194'},2.0,"{'1': '5-138', '2': '158-192'}",1.0,{'1': '4-195'},1.0,{'1': '3-161'},,,,
P34761,,,1.0,{'1': '529-630'},,,1.0,{'1': '540-611'},1.0,{'1': '521-641'},1.0,{'1': '538-625'},1.0,{'1': '539-615'},,
P34909,,,2.0,"{'1': '138-228', '2': '23-98'}",1.0,{'1': '26-412'},,,1.0,{'1': '127-229'},3.0,"{'1': '137-232', '2': '229-256', '3': '33-78'}",1.0,{'1': '138-228'},,
P35056,,,1.0,{'1': '294-612'},1.0,{'1': '4-610'},1.0,{'1': '494-524'},1.0,{'1': '300-611'},3.0,"{'1': '347-380', '2': '457-490', '3': '491-524'}",4.0,"{'1': '347-380', '2': '457-490', '3': '491-524', '4': '525-558'}",,
P35169,,,6.0,"{'1': '66-280', '2': '281-522', '3': '554-894', '4': '895-1197', '5': '1955-2051', '6': '2228-2453'}",1.0,{'1': '73-2470'},6.0,"{'1': '2119-2366', '2': '1461-1845', '3': '2440-2470', '4': '1952-2049', '5': '827-986', '6': '1860-1939'}",4.0,"{'1': '2029-2366', '2': '73-1450', '3': '1246-1950', '4': '1956-2048'}",5.0,"{'1': '2093-2408', '2': '2438-2470', '3': '1331-1919', '4': '2123-2137', '5': '2260-2280'}",3.0,"{'1': '2120-2419', '2': '2438-2470', '3': '827-986'}",,
P35172,7.0,"{'1': '370-388', '2': '440-457', '3': '495-512', '4': '519-536', '5': '572-588', '6': '645-661', '7': '733-746'}",1.0,{'1': '178-761'},1.0,{'1': '92-775'},2.0,"{'1': '192-750', '2': '135-164'}",1.0,{'1': '217-749'},2.0,"{'1': '328-341', '2': '652-661'}",,,,
P35176,5.0,"{'1': '54-69', '2': '84-96', '3': '127-142', '4': '142-154', '5': '155-170'}",1.0,{'1': '21-201'},,,1.0,{'1': '38-193'},1.0,{'1': '30-196'},2.0,"{'1': '37-195', '2': '79-96'}",,,,
P35177,4.0,"{'1': '461-474', '2': '475-491', '3': '491-509', '4': '509-528'}",2.0,"{'1': '973-1063', '2': '419-567'}",1.0,{'1': '21-1332'},1.0,{'1': '462-525'},1.0,{'1': '431-549'},2.0,"{'1': '458-528', '2': '463-520'}",1.0,{'1': '438-548'},,
P35178,,,,,1.0,{'1': '4-265'},1.0,{'1': '2-273'},,,,,,,,
P35180,3.0,"{'1': '24-45', '2': '81-103', '3': '119-139'}",1.0,{'1': '79-148'},1.0,{'1': '9-163'},1.0,{'1': '16-147'},1.0,{'1': '75-162'},,,,,1.0,{'1': '1-154'}
P35181,,,,,1.0,{'1': '5-147'},1.0,{'1': '4-145'},1.0,{'1': '5-144'},1.0,{'1': '59-69'},,,,
P35184,,,1.0,{'1': '51-431'},1.0,{'1': '4-430'},2.0,"{'1': '58-92', '2': '102-135'}",1.0,{'1': '61-429'},1.0,{'1': '61-92'},5.0,"{'1': '54-93', '2': '98-137', '3': '190-234', '4': '296-339', '5': '342-378'}",,
P35187,,,4.0,"{'1': '637-871', '2': '872-1078', '3': '1081-1193', '4': '1271-1351'}",,,5.0,"{'1': '891-995', '2': '680-851', '3': '1081-1196', '4': '1271-1349', '5': '1007-1073'}",3.0,"{'1': '1271-1349', '2': '613-1014', '3': '870-1126'}",4.0,"{'1': '886-1035', '2': '1272-1351', '3': '803-812', '4': '687-864'}",4.0,"{'1': '914-995', '2': '1272-1351', '3': '675-880', '4': '1084-1194'}",1.0,{'1': '670-1136'}
P35189,,,1.0,{'1': '1-137'},1.0,{'1': '4-217'},2.0,"{'1': '181-241', '2': '28-108'}",,,1.0,{'1': '1-134'},,,,
P35191,4.0,"{'1': '63-81', '2': '81-96', '3': '97-117', '4': '117-136'}",1.0,{'1': '58-189'},,,3.0,"{'1': '230-292', '2': '61-122', '3': '202-429'}",4.0,"{'1': '195-360', '2': '361-440', '3': '220-295', '4': '57-160'}",3.0,"{'1': '217-297', '2': '61-125', '3': '102-121'}",1.0,{'1': '60-117'},,
P35192,3.0,"{'1': '1-13', '2': '14-26', '3': '27-39'}",1.0,{'1': '1-41'},1.0,{'1': '1-302'},1.0,{'1': '2-40'},1.0,{'1': '1-40'},2.0,"{'1': '1-39', '2': '1-40'}",2.0,"{'1': '1-40', '2': '1-40'}",,
P35193,,,,,,,1.0,{'1': '196-414'},,,,,,,,
P35194,,,3.0,"{'1': '61-354', '2': '1169-1737', '3': '1957-2447'}",1.0,{'1': '3-2490'},3.0,"{'1': '822-1408', '2': '1602-1818', '3': '2205-2479'}",4.0,"{'1': '83-757', '2': '1052-1535', '3': '1344-2261', '4': '2197-2413'}",,,,,,
P35196,,,1.0,{'1': '13-253'},1.0,{'1': '13-254'},1.0,{'1': '38-253'},1.0,{'1': '30-254'},1.0,{'1': '203-220'},,,1.0,{'1': '31-257'}
P35197,3.0,"{'1': '23-42', '2': '42-59', '3': '63-84'}",1.0,{'1': '3-143'},,,1.0,{'1': '13-119'},1.0,{'1': '10-114'},1.0,{'1': '11-127'},1.0,{'1': '11-127'},,
P35200,,,,,1.0,{'1': '1-178'},1.0,{'1': '15-171'},,,1.0,{'1': '1-175'},,,,
P35201,,,1.0,{'1': '437-530'},1.0,{'1': '279-528'},2.0,"{'1': '439-526', '2': '3-48'}",,,,,,,,
P35202,,,1.0,{'1': '37-223'},,,2.0,"{'1': '56-212', '2': '250-305'}",2.0,"{'1': '225-315', '2': '4-221'}",,,1.0,{'1': '234-305'},,
P35203,,,1.0,{'1': '247-476'},,,,,,,,,,,,
P35206,,,,,,,1.0,{'1': '1-403'},,,1.0,{'1': '95-107'},,,,
P35207,,,2.0,"{'1': '292-504', '2': '505-801'}",1.0,{'1': '129-1270'},6.0,"{'1': '653-768', '2': '333-482', '3': '1109-1282', '4': '83-215', '5': '823-888', '6': '899-985'}",1.0,{'1': '341-781'},2.0,"{'1': '638-815', '2': '338-496'}",3.0,"{'1': '676-768', '2': '1106-1287', '3': '326-513'}",,
P35209,,,,,1.0,{'1': '3-445'},1.0,{'1': '4-167'},,,,,,,,
P35210,,,2.0,"{'1': '496-654', '2': '670-792'}",,,3.0,"{'1': '695-771', '2': '508-582', '3': '118-314'}",2.0,"{'1': '503-640', '2': '699-782'}",2.0,"{'1': '709-741', '2': '742-774'}",3.0,"{'1': '709-738', '2': '742-771', '3': '507-598'}",,
P35688,,,1.0,{'1': '688-966'},,,3.0,"{'1': '755-904', '2': '28-93', '3': '419-477'}",1.0,{'1': '723-950'},5.0,"{'1': '730-953', '2': '28-67', '3': '419-452', '4': '26-96', '5': '417-481'}",4.0,"{'1': '752-936', '2': '27-89', '3': '97-148', '4': '418-474'}",,
P35691,3.0,"{'1': '1-21', '2': '45-56', '3': '57-76'}",1.0,{'1': '1-167'},1.0,{'1': '1-166'},1.0,{'1': '1-162'},1.0,{'1': '1-167'},3.0,"{'1': '44-54', '2': '124-146', '3': '1-167'}",,,,
P35718,,,2.0,"{'1': '81-212', '2': '1-80'}",1.0,{'1': '1-172'},2.0,"{'1': '9-64', '2': '83-211'}",2.0,"{'1': '79-155', '2': '1-78'}",,,,,1.0,{'1': '1-184'}
P35719,,,,,,,1.0,{'1': '1-219'},,,,,,,,
P35723,,,,,1.0,{'1': '1-188'},1.0,{'1': '1-133'},,,,,,,,
P35724,,,,,,,1.0,{'1': '810-965'},2.0,"{'1': '491-894', '2': '903-965'}",,,,,,
P35727,,,,,,,1.0,{'1': '3-110'},,,,,,,,
P35728,,,1.0,{'1': '278-365'},1.0,{'1': '7-384'},1.0,{'1': '5-78'},1.0,{'1': '161-199'},2.0,"{'1': '182-196', '2': '5-78'}",2.0,"{'1': '181-197', '2': '5-78'}",,
P35729,,,,,1.0,{'1': '20-497'},2.0,"{'1': '510-692', '2': '726-901'}",,,,,,,,
P35731,7.0,"{'1': '112-123', '2': '176-184', '3': '198-217', '4': '6-23', '5': '170-186', '6': '198-217', '7': '219-236'}",,,,,2.0,"{'1': '6-51', '2': '113-240'}",1.0,{'1': '6-273'},1.0,{'1': '185-213'},,,,
P35732,,,,,,,,,,,1.0,{'1': '21-63'},,,,
P35734,,,,,1.0,{'1': '3-214'},1.0,{'1': '10-73'},,,,,,,,
P35817,4.0,"{'1': '168-181', '2': '351-367', '3': '367-385', '4': '385-404'}",3.0,"{'1': '140-264', '2': '304-424', '3': '521-592'}",1.0,{'1': '285-684'},3.0,"{'1': '164-241', '2': '321-403', '3': '528-587'}",2.0,"{'1': '135-258', '2': '294-427'}",5.0,"{'1': '165-237', '2': '332-404', '3': '170-229', '4': '337-396', '5': '518-598'}",2.0,"{'1': '149-256', '2': '314-423'}",,
P35845,,,3.0,"{'1': '284-388', '2': '16-152', '3': '178-266'}",1.0,{'1': '283-1175'},4.0,"{'1': '800-1177', '2': '283-379', '3': '197-227', '4': '85-117'}",2.0,"{'1': '22-242', '2': '794-1188'}",4.0,"{'1': '281-379', '2': '96-118', '3': '196-228', '4': '898-908'}",3.0,"{'1': '282-381', '2': '96-124', '3': '196-225'}",,
P35995,,,1.0,{'1': '21-110'},1.0,{'1': '2-699'},2.0,"{'1': '23-58', '2': '200-462'}",1.0,{'1': '14-57'},3.0,"{'1': '23-52', '2': '23-54', '3': '337-359'}",2.0,"{'1': '18-63', '2': '318-395'}",,
P35996,,,1.0,{'1': '1-138'},1.0,{'1': '1-137'},1.0,{'1': '1-138'},1.0,{'1': '1-138'},1.0,{'1': '71-98'},1.0,{'1': '1-138'},1.0,{'1': '1-138'}
P35997,,,1.0,{'1': '1-82'},1.0,{'1': '3-82'},1.0,{'1': '28-82'},1.0,{'1': '28-82'},1.0,{'1': '36-68'},,,,
P35999,,,2.0,"{'1': '217-750', '2': '426-596'}",1.0,{'1': '64-751'},1.0,{'1': '287-764'},,,,,,,,
P36000,,,1.0,{'1': '21-611'},1.0,{'1': '25-668'},1.0,{'1': '26-552'},1.0,{'1': '26-601'},,,,,,
P36002,,,,,,,1.0,{'1': '199-503'},1.0,{'1': '200-522'},2.0,"{'1': '196-503', '2': '325-337'}",1.0,{'1': '196-503'},,
P36003,,,,,1.0,{'1': '446-907'},1.0,{'1': '452-615'},1.0,{'1': '450-913'},3.0,"{'1': '449-912', '2': '576-588', '3': '455-478'}",1.0,{'1': '449-917'},,
P36004,,,,,,,1.0,{'1': '442-712'},1.0,{'1': '403-719'},2.0,"{'1': '412-712', '2': '559-571'}",1.0,{'1': '412-712'},,
P36006,5.0,"{'1': '66-85', '2': '122-147', '3': '169-196', '4': '404-432', '5': '457-485'}",1.0,{'1': '37-641'},,,3.0,"{'1': '1127-1174', '2': '39-702', '3': '773-960'}",2.0,"{'1': '26-760', '2': '1107-1184'}",3.0,"{'1': '1120-1182', '2': '36-715', '3': '771-961'}",2.0,"{'1': '1123-1181', '2': '30-716'}",,
P36008,,,1.0,{'1': '251-412'},1.0,{'1': '3-412'},3.0,"{'1': '250-356', '2': '3-71', '3': '105-196'}",3.0,"{'1': '1-72', '2': '68-210', '3': '251-412'}",2.0,"{'1': '251-412', '2': '86-217'}",1.0,{'1': '250-356'},,
P36009,,,2.0,"{'1': '24-259', '2': '260-435'}",,,4.0,"{'1': '288-414', '2': '88-243', '3': '645-721', '4': '478-505'}",1.0,{'1': '78-561'},3.0,"{'1': '262-456', '2': '198-207', '3': '91-257'}",3.0,"{'1': '313-416', '2': '476-570', '3': '79-266'}",,
P36010,5.0,"{'1': '8-30', '2': '52-71', '3': '72-89', '4': '93-109', '5': '116-135'}",1.0,{'1': '1-153'},,,1.0,{'1': '6-139'},1.0,{'1': '5-153'},1.0,{'1': '116-124'},1.0,{'1': '5-142'},,
P36012,4.0,"{'1': '86-100', '2': '173-191', '3': '191-207', '4': '207-228'}",1.0,{'1': '86-228'},1.0,{'1': '91-226'},1.0,{'1': '105-225'},1.0,{'1': '113-227'},1.0,{'1': '157-165'},1.0,{'1': '124-229'},,
P36013,7.0,"{'1': '170-194', '2': '231-260', '3': '267-289', '4': '326-344', '5': '351-367', '6': '382-398', '7': '489-505'}",1.0,{'1': '100-352'},,,2.0,"{'1': '166-345', '2': '355-608'}",2.0,"{'1': '355-658', '2': '84-354'}",1.0,{'1': '351-367'},2.0,"{'1': '164-345', '2': '355-609'}",,
P36014,3.0,"{'1': '22-39', '2': '57-73', '3': '123-132'}",,,1.0,{'1': '3-159'},1.0,{'1': '4-111'},1.0,{'1': '2-159'},3.0,"{'1': '1-165', '2': '24-39', '3': '60-67'}",,,,
P36015,2.0,"{'1': '145-164', '2': '165-184'}",,,,,2.0,"{'1': '44-115', '2': '138-193'}",1.0,{'1': '1-139'},3.0,"{'1': '158-177', '2': '7-129', '3': '140-200'}",1.0,{'1': '43-128'},,
P36016,,,1.0,{'1': '579-690'},1.0,{'1': '21-829'},1.0,{'1': '76-673'},2.0,"{'1': '22-222', '2': '229-430'}",2.0,"{'1': '235-248', '2': '387-401'}",,,,
P36017,,,1.0,{'1': '3-209'},,,1.0,{'1': '9-171'},1.0,{'1': '7-182'},1.0,{'1': '1-210'},1.0,{'1': '10-169'},1.0,{'1': '7-164'}
P36018,,,1.0,{'1': '1-209'},1.0,{'1': '4-208'},1.0,{'1': '5-193'},1.0,{'1': '2-198'},1.0,{'1': '1-222'},1.0,{'1': '6-195'},1.0,{'1': '3-187'}
P36022,,,9.0,"{'1': '1778-1922', '2': '2030-2219', '3': '2390-2916', '4': '3367-3538', '5': '3772-3899', '6': '3900-4064', '7': '1382-1531', '8': '1534-1616', '9': '1923-2027'}",1.0,{'1': '233-3731'},10.0,"{'1': '3792-3894', '2': '220-763', '3': '1221-1626', '4': '2732-2935', '5': '3018-3346', '6': '1758-2081', '7': '3378-3597', '8': '3929-4016', '9': '2223-2358', '10': '2574-2666'}",4.0,"{'1': '1786-2002', '2': '2058-2216', '3': '2408-2673', '4': '2731-2950'}",,,3.0,"{'1': '1788-2114', '2': '2410-2560', '3': '2752-2918'}",,
P36023,,,1.0,{'1': '11-52'},1.0,{'1': '8-735'},1.0,{'1': '18-53'},1.0,{'1': '9-52'},2.0,"{'1': '18-47', '2': '18-49'}",1.0,{'1': '13-58'},,
P36024,,,1.0,{'1': '247-491'},,,1.0,{'1': '265-487'},1.0,{'1': '263-490'},,,,,,
P36025,,,,,1.0,{'1': '25-254'},,,,,,,,,,
P36027,,,,,,,1.0,{'1': '180-310'},,,,,,,,
P36033,,,1.0,{'1': '527-708'},1.0,{'1': '125-711'},3.0,"{'1': '431-532', '2': '537-690', '3': '280-397'}",2.0,"{'1': '439-530', '2': '522-691'}",1.0,{'1': '415-534'},,,,
P36036,,,1.0,{'1': '42-186'},,,2.0,"{'1': '66-131', '2': '148-201'}",1.0,{'1': '56-150'},1.0,{'1': '64-138'},1.0,{'1': '65-134'},,
P36037,3.0,"{'1': '27-41', '2': '153-167', '3': '234-248'}",3.0,"{'1': '464-715', '2': '1-307', '3': '376-463'}",,,8.0,"{'1': '5-40', '2': '91-124', '3': '127-165', '4': '170-206', '5': '211-247', '6': '263-287', '7': '467-713', '8': '333-441'}",2.0,"{'1': '511-674', '2': '3-292'}",6.0,"{'1': '9-40', '2': '95-125', '3': '133-166', '4': '216-256', '5': '465-715', '6': '352-449'}",6.0,"{'1': '2-40', '2': '88-125', '3': '126-166', '4': '167-206', '5': '209-247', '6': '250-288'}",,
P36039,,,,,1.0,{'1': '1-252'},1.0,{'1': '2-197'},,,,,1.0,{'1': '1-200'},,
P36040,,,2.0,"{'1': '1-139', '2': '156-267'}",1.0,{'1': '2-258'},1.0,{'1': '4-138'},,,,,,,,
P36041,,,,,,,1.0,{'1': '165-431'},,,,,,,,
P36046,,,,,1.0,{'1': '246-391'},1.0,{'1': '307-343'},,,,,,,,
P36047,,,3.0,"{'1': '4-89', '2': '90-197', '3': '198-337'}",1.0,{'1': '55-193'},1.0,{'1': '225-267'},,,7.0,"{'1': '67-88', '2': '114-135', '3': '136-157', '4': '182-203', '5': '204-225', '6': '226-247', '7': '248-269'}",4.0,"{'1': '65-89', '2': '112-134', '3': '156-179', '4': '224-246'}",,
P36048,4.0,"{'1': '135-148', '2': '186-194', '3': '211-221', '4': '263-272'}",2.0,"{'1': '704-852', '2': '126-324'}",,,4.0,"{'1': '857-947', '2': '131-323', '3': '744-853', '4': '4-98'}",5.0,"{'1': '463-586', '2': '677-858', '3': '117-441', '4': '599-673', '5': '859-947'}",1.0,{'1': '131-338'},2.0,"{'1': '856-948', '2': '739-854'}",,
P36049,,,,,1.0,{'1': '138-424'},1.0,{'1': '195-423'},,,,,,,,
P36051,,,1.0,{'1': '34-356'},1.0,{'1': '1-918'},2.0,"{'1': '228-308', '2': '442-874'}",1.0,{'1': '48-351'},,,,,,
P36052,,,,,1.0,{'1': '30-393'},1.0,{'1': '91-351'},,,,,,,,
P36053,,,1.0,{'1': '16-82'},1.0,{'1': '1-121'},1.0,{'1': '2-79'},,,,,,,,
P36054,,,,,1.0,{'1': '3-148'},1.0,{'1': '15-202'},,,,,,,,
P36056,,,,,1.0,{'1': '41-609'},2.0,"{'1': '127-326', '2': '465-545'}",1.0,{'1': '108-349'},,,,,,
P36057,,,1.0,{'1': '27-244'},,,1.0,{'1': '36-221'},1.0,{'1': '38-244'},,,,,,
P36059,,,1.0,{'1': '12-336'},,,1.0,{'1': '35-305'},1.0,{'1': '16-335'},3.0,"{'1': '11-335', '2': '115-125', '3': '246-256'}",,,1.0,{'1': '9-309'}
P36060,5.0,"{'1': '104-111', '2': '163-182', '3': '189-198', '4': '201-212', '5': '259-267'}",1.0,{'1': '145-302'},1.0,{'1': '42-302'},2.0,"{'1': '164-272', '2': '56-154'}",2.0,"{'1': '48-157', '2': '142-300'}",1.0,{'1': '51-155'},,,,
P36062,,,,,,,1.0,{'1': '295-687'},,,,,,,,
P36068,,,1.0,{'1': '6-239'},,,1.0,{'1': '18-222'},1.0,{'1': '7-237'},,,,,,
P36069,,,1.0,{'1': '45-281'},1.0,{'1': '50-271'},1.0,{'1': '89-273'},1.0,{'1': '56-277'},,,1.0,{'1': '55-261'},,
P36070,,,,,1.0,{'1': '25-626'},1.0,{'1': '47-617'},,,,,,,,
P36075,,,1.0,{'1': '346-438'},1.0,{'1': '340-439'},2.0,"{'1': '9-47', '2': '57-95'}",3.0,"{'1': '6-54', '2': '54-96', '3': '345-431'}",3.0,"{'1': '347-443', '2': '8-51', '3': '55-98'}",3.0,"{'1': '344-440', '2': '8-50', '3': '55-97'}",,
P36076,,,1.0,{'1': '296-508'},,,1.0,{'1': '310-498'},1.0,{'1': '305-501'},,,,,,
P36077,,,,,1.0,{'1': '5-124'},,,1.0,{'1': '4-124'},,,1.0,{'1': '11-126'},,
P36080,,,,,1.0,{'1': '7-427'},2.0,"{'1': '8-58', '2': '199-400'}",,,,,,,,
P36081,,,,,,,1.0,{'1': '143-347'},,,,,,,,
P36084,,,1.0,{'1': '417-526'},,,,,1.0,{'1': '476-517'},,,1.0,{'1': '424-511'},,
P36085,,,,,1.0,{'1': '8-461'},,,,,,,,,,
P36086,4.0,"{'1': '8-25', '2': '135-151', '3': '164-183', '4': '185-202'}",,,1.0,{'1': '1-253'},1.0,{'1': '10-203'},1.0,{'1': '8-253'},,,,,,
P36090,,,,,1.0,{'1': '1-516'},2.0,"{'1': '33-333', '2': '460-506'}",,,1.0,{'1': '31-513'},,,,
P36093,,,1.0,{'1': '189-319'},1.0,{'1': '1-359'},1.0,{'1': '206-285'},1.0,{'1': '186-303'},1.0,{'1': '186-292'},1.0,{'1': '206-291'},,
P36094,,,,,,,1.0,{'1': '63-131'},,,,,,,,
P36095,,,,,1.0,{'1': '11-223'},1.0,{'1': '22-190'},,,,,,,,
P36096,,,1.0,{'1': '677-757'},1.0,{'1': '409-757'},2.0,"{'1': '404-667', '2': '698-752'}",,,1.0,{'1': '699-752'},1.0,{'1': '699-751'},,
P36097,,,,,1.0,{'1': '4-1017'},3.0,"{'1': '622-710', '2': '8-369', '3': '803-938'}",1.0,{'1': '76-1016'},,,,,,
P36100,,,1.0,{'1': '108-169'},1.0,{'1': '2-482'},1.0,{'1': '11-118'},,,1.0,{'1': '9-99'},1.0,{'1': '23-170'},,
P36101,,,,,1.0,{'1': '4-440'},1.0,{'1': '73-340'},1.0,{'1': '73-322'},,,,,,
P36102,,,,,1.0,{'1': '4-677'},1.0,{'1': '540-676'},1.0,{'1': '309-551'},2.0,"{'1': '8-37', '2': '299-549'}",,,,
P36104,,,2.0,"{'1': '3-202', '2': '203-328'}",1.0,{'1': '8-326'},3.0,"{'1': '28-54', '2': '105-141', '3': '255-278'}",1.0,{'1': '28-328'},1.0,{'1': '109-143'},4.0,"{'1': '13-55', '2': '102-141', '3': '190-229', '4': '243-278'}",,
P36105,,,1.0,{'1': '13-96'},1.0,{'1': '12-137'},2.0,"{'1': '54-128', '2': '17-47'}",1.0,{'1': '12-104'},,,,,,
P36106,,,2.0,"{'1': '59-137', '2': '194-346'}",,,3.0,"{'1': '237-357', '2': '437-588', '3': '89-131'}",2.0,"{'1': '60-135', '2': '234-346'}",3.0,"{'1': '237-371', '2': '75-131', '3': '72-134'}",2.0,"{'1': '74-132', '2': '235-354'}",,
P36107,,,,,1.0,{'1': '18-338'},1.0,{'1': '139-310'},1.0,{'1': '135-315'},,,1.0,{'1': '177-314'},,
P36108,,,,,1.0,{'1': '8-229'},1.0,{'1': '21-189'},,,,,,,,
P36110,4.0,"{'1': '213-231', '2': '256-269', '3': '278-294', '4': '306-319'}",1.0,{'1': '189-329'},1.0,{'1': '194-327'},1.0,{'1': '197-311'},1.0,{'1': '188-326'},2.0,"{'1': '279-289', '2': '306-317'}",1.0,{'1': '191-319'},,
P36112,,,,,1.0,{'1': '126-537'},3.0,"{'1': '35-85', '2': '130-359', '3': '407-536'}",,,,,,,,
P36114,,,,,1.0,{'1': '24-720'},1.0,{'1': '37-629'},1.0,{'1': '399-498'},,,,,,
P36115,,,,,,,1.0,{'1': '496-562'},1.0,{'1': '455-567'},,,1.0,{'1': '480-570'},,
P36118,,,,,,,1.0,{'1': '77-312'},,,,,,,,
P36119,,,,,1.0,{'1': '8-529'},1.0,{'1': '174-227'},,,,,,,,
P36120,,,2.0,"{'1': '73-373', '2': '404-729'}",,,3.0,"{'1': '481-558', '2': '168-359', '3': '650-700'}",2.0,"{'1': '129-373', '2': '185-607'}",3.0,"{'1': '405-605', '2': '178-372', '3': '143-172'}",3.0,"{'1': '461-558', '2': '163-393', '3': '638-703'}",,
P36121,,,,,1.0,{'1': '59-281'},1.0,{'1': '66-267'},,,,,,,,
P36122,,,1.0,{'1': '40-746'},1.0,{'1': '42-565'},2.0,"{'1': '90-407', '2': '520-563'}",1.0,{'1': '343-401'},,,,,,
P36123,,,,,1.0,{'1': '5-1016'},1.0,{'1': '266-762'},,,,,,,,
P36124,,,2.0,"{'1': '115-184', '2': '310-512'}",,,1.0,{'1': '335-454'},2.0,"{'1': '113-168', '2': '319-462'}",3.0,"{'1': '313-456', '2': '120-163', '3': '117-166'}",2.0,"{'1': '321-462', '2': '119-164'}",,
P36126,,,,,1.0,{'1': '607-1215'},2.0,"{'1': '791-818', '2': '1093-1118'}",1.0,{'1': '291-388'},2.0,"{'1': '791-818', '2': '1091-1118'}",4.0,"{'1': '292-483', '2': '791-818', '3': '1091-1118', '4': '496-664'}",,
P36130,3.0,"{'1': '378-392', '2': '502-516', '3': '542-556'}",2.0,"{'1': '247-414', '2': '415-643'}",,,5.0,"{'1': '317-348', '2': '354-391', '3': '416-450', '4': '519-555', '5': '65-124'}",1.0,{'1': '318-642'},9.0,"{'1': '315-357', '2': '358-400', '3': '420-459', '4': '502-524', '5': '525-564', '6': '335-349', '7': '378-392', '8': '502-516', '9': '542-556'}",7.0,"{'1': '306-348', '2': '351-391', '3': '413-450', '4': '477-515', '5': '518-555', '6': '558-594', '7': '603-642'}",,
P36131,,,,,,,1.0,{'1': '5-292'},,,,,,,,
P36132,6.0,"{'1': '19-32', '2': '106-126', '3': '127-146', '4': '159-171', '5': '181-202', '6': '306-315'}",,,1.0,{'1': '14-385'},1.0,{'1': '59-350'},1.0,{'1': '76-353'},1.0,{'1': '126-146'},,,1.0,{'1': '19-350'}
P36135,,,,,1.0,{'1': '61-365'},1.0,{'1': '111-353'},,,,,,,,
P36136,,,1.0,{'1': '2-265'},1.0,{'1': '5-203'},1.0,{'1': '9-193'},1.0,{'1': '6-193'},,,1.0,{'1': '7-183'},,
P36141,,,,,1.0,{'1': '1-132'},1.0,{'1': '4-120'},1.0,{'1': '1-131'},,,,,,
P36143,,,1.0,{'1': '2-283'},1.0,{'1': '6-329'},1.0,{'1': '10-258'},1.0,{'1': '3-282'},,,,,,
P36144,,,,,1.0,{'1': '47-234'},1.0,{'1': '30-249'},1.0,{'1': '16-255'},,,,,,
P36145,,,,,1.0,{'1': '1-325'},3.0,"{'1': '125-186', '2': '188-247', '3': '252-284'}",,,1.0,{'1': '113-187'},,,,
P36146,,,,,1.0,{'1': '5-502'},1.0,{'1': '7-161'},,,,,,,,
P36147,,,,,1.0,{'1': '2-196'},1.0,{'1': '38-194'},,,,,,,,
P36148,,,,,1.0,{'1': '29-739'},,,,,,,1.0,{'1': '74-302'},,
P36149,,,,,1.0,{'1': '16-193'},1.0,{'1': '30-179'},1.0,{'1': '23-184'},,,,,,
P36152,,,,,1.0,{'1': '3-345'},2.0,"{'1': '6-131', '2': '247-341'}",,,,,,,,
P36159,,,2.0,"{'1': '8-279', '2': '466-801'}",1.0,{'1': '8-823'},1.0,{'1': '7-68'},2.0,"{'1': '34-279', '2': '468-791'}",,,,,,
P36160,,,,,1.0,{'1': '1-313'},1.0,{'1': '35-236'},,,1.0,{'1': '28-243'},1.0,{'1': '31-237'},,
P36161,,,1.0,{'1': '55-479'},1.0,{'1': '35-1124'},1.0,{'1': '62-475'},,,,,,,,
P36162,,,,,1.0,{'1': '2-133'},1.0,{'1': '6-129'},,,,,,,,
P36163,,,,,1.0,{'1': '64-337'},1.0,{'1': '156-319'},,,,,,,,
P36164,,,,,1.0,{'1': '28-326'},1.0,{'1': '155-272'},,,,,,,,
P36165,,,,,1.0,{'1': '152-630'},2.0,"{'1': '282-480', '2': '147-274'}",1.0,{'1': '278-626'},1.0,{'1': '282-483'},,,,
P36166,,,,,,,2.0,"{'1': '556-616', '2': '621-672'}",,,3.0,"{'1': '556-594', '2': '621-655', '3': '554-619'}",2.0,"{'1': '555-612', '2': '620-672'}",,
P36168,,,,,,,1.0,{'1': '1027-1176'},1.0,{'1': '257-888'},,,1.0,{'1': '1025-1164'},,
P36224,,,,,1.0,{'1': '171-367'},1.0,{'1': '171-363'},,,,,,,,
P36421,4.0,"{'1': '51-73', '2': '162-177', '3': '179-201', '4': '212-224'}",1.0,{'1': '1-217'},1.0,{'1': '7-355'},1.0,{'1': '37-335'},,,,,,,1.0,{'1': '8-366'}
P36516,,,1.0,{'1': '65-298'},,,2.0,"{'1': '155-268', '2': '306-367'}",1.0,{'1': '91-303'},2.0,"{'1': '139-205', '2': '302-372'}",2.0,"{'1': '114-297', '2': '303-371'}",,
P36517,,,1.0,{'1': '61-172'},1.0,{'1': '55-178'},1.0,{'1': '68-159'},,,,,,,,
P36519,,,1.0,{'1': '120-288'},1.0,{'1': '129-288'},2.0,"{'1': '190-287', '2': '133-186'}",1.0,{'1': '106-288'},,,,,,
P36520,,,,,1.0,{'1': '59-282'},1.0,{'1': '132-211'},1.0,{'1': '64-213'},,,,,1.0,{'1': '61-210'}
P36521,,,1.0,{'1': '47-187'},1.0,{'1': '37-244'},1.0,{'1': '49-155'},1.0,{'1': '48-230'},,,,,,
P36523,,,1.0,{'1': '29-253'},1.0,{'1': '6-239'},1.0,{'1': '84-222'},1.0,{'1': '65-222'},,,1.0,{'1': '85-231'},,
P36525,,,1.0,{'1': '75-144'},1.0,{'1': '9-164'},1.0,{'1': '71-129'},1.0,{'1': '69-144'},,,,,,
P36526,,,,,1.0,{'1': '29-104'},1.0,{'1': '35-131'},,,,,,,,
P36527,,,,,1.0,{'1': '2-147'},1.0,{'1': '15-137'},,,,,,,,
P36528,,,,,1.0,{'1': '15-280'},1.0,{'1': '24-150'},,,,,,,,
P36531,,,,,1.0,{'1': '1-177'},1.0,{'1': '24-83'},,,,,,,,
P36532,,,,,1.0,{'1': '20-104'},1.0,{'1': '26-104'},,,,,,,,
P36533,,,1.0,{'1': '1-70'},1.0,{'1': '1-58'},,,1.0,{'1': '3-53'},,,,,1.0,{'1': '3-53'}
P36534,,,1.0,{'1': '52-156'},1.0,{'1': '45-293'},,,1.0,{'1': '57-142'},1.0,{'1': '66-83'},1.0,{'1': '62-89'},,
P36775,,,3.0,"{'1': '917-1116', '2': '590-768', '3': '177-290'}",1.0,{'1': '147-1114'},4.0,"{'1': '183-478', '2': '628-768', '3': '901-1107', '4': '790-840'}",3.0,"{'1': '181-285', '2': '926-1107', '3': '577-845'}",3.0,"{'1': '182-480', '2': '1012-1020', '3': '923-1109'}",2.0,"{'1': '181-478', '2': '624-770'}",1.0,{'1': '184-1107'}
P36973,,,1.0,{'1': '3-181'},1.0,{'1': '6-180'},1.0,{'1': '40-176'},1.0,{'1': '10-175'},,,,,,
P37020,7.0,"{'1': '181-198', '2': '213-232', '3': '267-286', '4': '463-483', '5': '499-515', '6': '517-536', '7': '557-571'}",1.0,{'1': '571-742'},,,2.0,"{'1': '685-736', '2': '169-547'}",2.0,"{'1': '56-572', '2': '579-736'}",1.0,{'1': '591-659'},2.0,"{'1': '594-652', '2': '691-738'}",,
P37261,,,1.0,{'1': '1-193'},1.0,{'1': '1-190'},1.0,{'1': '11-172'},1.0,{'1': '6-185'},,,,,,
P37262,,,,,1.0,{'1': '4-300'},1.0,{'1': '83-290'},1.0,{'1': '82-305'},,,,,1.0,{'1': '83-297'}
P37263,,,,,1.0,{'1': '1-111'},1.0,{'1': '30-58'},2.0,"{'1': '1-27', '2': '29-59'}",1.0,{'1': '30-58'},,,,
P37291,,,2.0,"{'1': '46-320', '2': '21-467'}",1.0,{'1': '10-467'},1.0,{'1': '18-416'},1.0,{'1': '12-467'},1.0,{'1': '240-256'},,,,
P37292,,,2.0,"{'1': '62-336', '2': '37-487'}",1.0,{'1': '26-488'},1.0,{'1': '34-432'},1.0,{'1': '23-488'},1.0,{'1': '257-273'},,,,
P37296,,,,,1.0,{'1': '7-890'},1.0,{'1': '32-885'},,,,,,,,
P37297,,,2.0,"{'1': '1704-1897', '2': '1373-1538'}",1.0,{'1': '424-1899'},3.0,"{'1': '1642-1847', '2': '1348-1543', '3': '1096-1306'}",2.0,"{'1': '1537-1893', '2': '1361-1515'}",4.0,"{'1': '1617-1884', '2': '1345-1530', '3': '1646-1660', '4': '1739-1759'}",2.0,"{'1': '1643-1897', '2': '1345-1544'}",,
P37298,,,1.0,{'1': '51-167'},1.0,{'1': '4-167'},,,,,,,,,,
P37299,,,,,1.0,{'1': '8-76'},1.0,{'1': '15-76'},,,,,,,,
P37302,,,,,1.0,{'1': '100-501'},2.0,"{'1': '177-268', '2': '295-495'}",1.0,{'1': '166-262'},,,,,,
P37303,,,2.0,"{'1': '15-260', '2': '264-349'}",,,1.0,{'1': '16-302'},1.0,{'1': '16-344'},,,,,,
P37304,,,1.0,{'1': '211-344'},1.0,{'1': '3-671'},1.0,{'1': '211-340'},,,,,,,,
P37366,,,,,1.0,{'1': '101-357'},2.0,"{'1': '127-209', '2': '213-343'}",2.0,"{'1': '51-209', '2': '213-368'}",,,1.0,{'1': '122-203'},1.0,{'1': '49-376'}
P37370,,,,,,,2.0,"{'1': '29-54', '2': '85-112'}",,,1.0,{'1': '30-47'},2.0,"{'1': '30-47', '2': '87-106'}",,
P37838,,,4.0,"{'1': '3-106', '2': '107-232', '3': '233-389', '4': '460-626'}",1.0,{'1': '24-667'},3.0,"{'1': '28-96', '2': '149-218', '3': '292-351'}",3.0,"{'1': '16-107', '2': '148-349', '3': '456-577'}",4.0,"{'1': '26-103', '2': '147-225', '3': '290-383', '4': '462-612'}",4.0,"{'1': '27-99', '2': '148-221', '3': '291-362', '4': '463-586'}",,
P37898,5.0,"{'1': '137-152', '2': '184-199', '3': '261-271', '4': '297-312', '5': '316-328'}",2.0,"{'1': '205-450', '2': '2-201'}",1.0,{'1': '6-845'},3.0,"{'1': '228-445', '2': '517-832', '3': '12-194'}",1.0,{'1': '5-201'},,,,,,
P38009,,,4.0,"{'1': '475-518', '2': '227-372', '3': '376-580', '4': '2-196'}",1.0,{'1': '4-592'},2.0,"{'1': '136-460', '2': '17-131'}",2.0,"{'1': '201-592', '2': '5-196'}",1.0,{'1': '1-147'},2.0,"{'1': '136-461', '2': '17-131'}",1.0,{'1': '6-546'}
P38011,3.0,"{'1': '80-94', '2': '122-136', '3': '211-225'}",1.0,{'1': '10-319'},1.0,{'1': '1-315'},7.0,"{'1': '10-45', '2': '55-93', '3': '99-134', '4': '138-182', '5': '191-224', '6': '231-256', '7': '288-313'}",1.0,{'1': '10-316'},9.0,"{'1': '13-47', '2': '61-102', '3': '103-137', '4': '144-184', '5': '192-233', '6': '291-319', '7': '80-94', '8': '169-183', '9': '211-225'}",7.0,"{'1': '6-46', '2': '54-93', '3': '96-135', '4': '137-182', '5': '185-224', '6': '227-264', '7': '275-314'}",,
P38013,,,,,1.0,{'1': '21-175'},1.0,{'1': '7-173'},1.0,{'1': '37-174'},1.0,{'1': '9-176'},,,,
P38041,,,2.0,"{'1': '772-897', '2': '229-289'}",1.0,{'1': '765-936'},3.0,"{'1': '19-69', '2': '226-290', '3': '779-893'}",2.0,"{'1': '223-293', '2': '15-75'}",3.0,"{'1': '13-77', '2': '228-292', '3': '776-895'}",3.0,"{'1': '16-76', '2': '225-292', '3': '777-897'}",,
P38042,,,4.0,"{'1': '25-208', '2': '431-503', '3': '505-637', '4': '638-741'}",,,3.0,"{'1': '540-573', '2': '609-639', '3': '575-607'}",1.0,{'1': '537-743'},6.0,"{'1': '472-505', '2': '540-573', '3': '574-607', '4': '608-641', '5': '676-709', '6': '710-743'}",8.0,"{'1': '154-187', '2': '472-505', '3': '540-573', '4': '574-607', '5': '608-641', '6': '642-675', '7': '676-709', '8': '710-743'}",,
P38061,,,,,1.0,{'1': '4-127'},1.0,{'1': '14-121'},1.0,{'1': '4-127'},1.0,{'1': '17-37'},1.0,{'1': '14-121'},,
P38063,,,2.0,"{'1': '18-314', '2': '159-298'}",1.0,{'1': '12-323'},2.0,"{'1': '212-321', '2': '14-132'}",1.0,{'1': '81-314'},1.0,{'1': '140-155'},,,1.0,{'1': '15-322'}
P38064,4.0,"{'1': '66-78', '2': '85-96', '3': '103-132', '4': '133-162'}",1.0,{'1': '38-232'},1.0,{'1': '39-189'},1.0,{'1': '48-179'},1.0,{'1': '41-180'},1.0,{'1': '127-138'},,,1.0,{'1': '41-173'}
P38065,,,2.0,"{'1': '11-681', '2': '898-1022'}",1.0,{'1': '25-997'},1.0,{'1': '39-648'},3.0,"{'1': '900-1021', '2': '751-888', '3': '20-646'}",,,1.0,{'1': '762-884'},,
P38066,,,1.0,{'1': '33-279'},,,1.0,{'1': '134-275'},2.0,"{'1': '33-77', '2': '126-277'}",,,,,1.0,{'1': '85-309'}
P38067,,,2.0,"{'1': '34-482', '2': '269-459'}",1.0,{'1': '13-492'},1.0,{'1': '27-488'},1.0,{'1': '16-493'},1.0,{'1': '263-270'},,,1.0,{'1': '37-486'}
P38068,3.0,"{'1': '100-118', '2': '148-161', '3': '162-175'}",,,,,1.0,{'1': '101-163'},1.0,{'1': '91-187'},,,,,1.0,{'1': '101-182'}
P38070,,,,,,,2.0,"{'1': '130-411', '2': '469-514'}",1.0,{'1': '114-412'},4.0,"{'1': '128-424', '2': '445-524', '3': '273-285', '4': '134-157'}",2.0,"{'1': '128-424', '2': '445-516'}",,
P38071,,,,,1.0,{'1': '15-347'},,,2.0,"{'1': '37-184', '2': '146-335'}",,,,,,
P38075,,,1.0,{'1': '25-228'},1.0,{'1': '18-228'},2.0,"{'1': '56-162', '2': '186-228'}",,,1.0,{'1': '196-209'},,,1.0,{'1': '34-228'}
P38077,4.0,"{'1': '102-121', '2': '193-210', '3': '257-276', '4': '288-309'}",,,1.0,{'1': '29-310'},1.0,{'1': '35-310'},1.0,{'1': '37-310'},1.0,{'1': '296-309'},,,1.0,{'1': '33-310'}
P38080,,,,,,,1.0,{'1': '73-316'},1.0,{'1': '25-316'},2.0,"{'1': '35-319', '2': '177-189'}",1.0,{'1': '35-319'},,
P38081,,,,,1.0,{'1': '32-413'},,,1.0,{'1': '38-404'},,,,,,
P38082,,,,,,,,,1.0,{'1': '162-210'},4.0,"{'1': '155-175', '2': '183-205', '3': '153-180', '4': '181-210'}",2.0,"{'1': '153-175', '2': '181-205'}",,
P38085,,,,,1.0,{'1': '55-619'},1.0,{'1': '98-556'},,,1.0,{'1': '123-154'},,,1.0,{'1': '92-567'}
P38086,,,2.0,"{'1': '573-863', '2': '265-572'}",1.0,{'1': '136-908'},2.0,"{'1': '299-637', '2': '665-778'}",2.0,"{'1': '272-573', '2': '574-863'}",2.0,"{'1': '665-824', '2': '333-521'}",2.0,"{'1': '695-778', '2': '292-532'}",,
P38088,,,2.0,"{'1': '568-682', '2': '43-439'}",1.0,{'1': '29-677'},1.0,{'1': '570-661'},1.0,{'1': '38-572'},1.0,{'1': '205-552'},,,1.0,{'1': '39-662'}
P38089,,,1.0,{'1': '1-376'},1.0,{'1': '29-365'},1.0,{'1': '92-354'},1.0,{'1': '27-370'},2.0,"{'1': '78-86', '2': '33-368'}",1.0,{'1': '23-366'},,
P38111,,,2.0,"{'1': '1666-1919', '2': '2175-2360'}",1.0,{'1': '945-2368'},6.0,"{'1': '2075-2315', '2': '1571-1853', '3': '2338-2368', '4': '876-977', '5': '1242-1470', '6': '1880-1978'}",2.0,"{'1': '2040-2367', '2': '577-1069'}",5.0,"{'1': '2049-2352', '2': '2336-2368', '3': '1399-1944', '4': '2079-2092', '5': '2209-2229'}",3.0,"{'1': '2076-2367', '2': '2336-2368', '3': '872-979'}",,
P38112,,,2.0,"{'1': '138-396', '2': '397-720'}",1.0,{'1': '100-745'},2.0,"{'1': '459-574', '2': '195-382'}",2.0,"{'1': '92-354', '2': '243-587'}",4.0,"{'1': '331-339', '2': '452-615', '3': '202-399', '4': '171-199'}",2.0,"{'1': '477-574', '2': '190-413'}",,
P38113,,,,,,,2.0,"{'1': '185-313', '2': '33-144'}",2.0,"{'1': '11-172', '2': '147-320'}",1.0,{'1': '69-83'},1.0,{'1': '17-347'},,
P38114,,,1.0,{'1': '98-164'},1.0,{'1': '95-793'},2.0,"{'1': '105-140', '2': '390-649'}",1.0,{'1': '97-144'},2.0,"{'1': '106-137', '2': '106-139'}",2.0,"{'1': '101-148', '2': '487-559'}",,
P38115,5.0,"{'1': '57-81', '2': '115-133', '3': '177-194', '4': '211-240', '5': '250-274'}",1.0,{'1': '1-344'},1.0,{'1': '24-311'},1.0,{'1': '36-311'},1.0,{'1': '24-320'},3.0,"{'1': '177-194', '2': '283-298', '3': '61-78'}",,,,
P38116,4.0,"{'1': '20-43', '2': '48-72', '3': '75-100', '4': '120-141'}",1.0,{'1': '6-183'},1.0,{'1': '1-175'},1.0,{'1': '5-177'},1.0,{'1': '15-181'},,,1.0,{'1': '3-178'},1.0,{'1': '17-145'}
P38120,,,1.0,{'1': '149-278'},1.0,{'1': '144-278'},1.0,{'1': '158-278'},1.0,{'1': '153-278'},1.0,{'1': '217-235'},,,,
P38121,,,,,1.0,{'1': '15-677'},2.0,"{'1': '395-641', '2': '258-368'}",,,,,,,,
P38122,,,1.0,{'1': '25-306'},1.0,{'1': '11-311'},1.0,{'1': '27-289'},1.0,{'1': '27-290'},,,,,1.0,{'1': '35-291'}
P38123,,,1.0,{'1': '10-315'},,,4.0,"{'1': '52-81', '2': '88-124', '3': '129-167', '4': '192-217'}",1.0,{'1': '16-312'},3.0,"{'1': '92-133', '2': '134-176', '3': '192-217'}",7.0,"{'1': '4-40', '2': '43-83', '3': '85-124', '4': '127-167', '5': '170-217', '6': '230-269', '7': '272-313'}",,
P38129,3.0,"{'1': '540-554', '2': '624-638', '3': '709-723'}",3.0,"{'1': '324-599', '2': '600-796', '3': '145-290'}",,,8.0,"{'1': '457-494', '2': '519-553', '3': '560-595', '4': '601-637', '5': '643-679', '6': '683-722', '7': '59-84', '8': '148-277'}",2.0,"{'1': '454-792', '2': '147-282'}",10.0,"{'1': '462-503', '2': '521-562', '3': '563-595', '4': '605-646', '5': '647-688', '6': '695-731', '7': '56-88', '8': '624-638', '9': '666-680', '10': '709-723'}",7.0,"{'1': '455-494', '2': '514-553', '3': '556-595', '4': '598-637', '5': '640-679', '6': '682-722', '7': '56-88'}",,
P38130,,,1.0,{'1': '70-402'},1.0,{'1': '25-401'},1.0,{'1': '56-354'},1.0,{'1': '76-402'},,,,,,
P38132,10.0,"{'1': '451-466', '2': '511-525', '3': '539-552', '4': '563-575', '5': '590-598', '6': '192-204', '7': '242-253', '8': '260-271', '9': '277-289', '10': '369-379'}",2.0,"{'1': '228-355', '2': '390-746'}",1.0,{'1': '109-748'},4.0,"{'1': '399-620', '2': '20-127', '3': '227-357', '4': '637-723'}",2.0,"{'1': '59-378', '2': '420-729'}",2.0,"{'1': '410-616', '2': '519-527'}",2.0,"{'1': '452-604', '2': '223-725'}",,
P38137,,,2.0,"{'1': '14-432', '2': '433-538'}",,,2.0,"{'1': '19-395', '2': '448-523'}",,,1.0,{'1': '194-205'},,,,
P38138,,,2.0,"{'1': '703-804', '2': '806-954'}",,,3.0,"{'1': '382-710', '2': '90-337', '3': '718-809'}",2.0,"{'1': '51-367', '2': '371-718'}",1.0,{'1': '533-540'},,,,
P38140,,,,,1.0,{'1': '101-528'},2.0,"{'1': '38-77', '2': '421-493'}",2.0,"{'1': '420-524', '2': '32-69'}",3.0,"{'1': '429-480', '2': '39-68', '3': '39-70'}",2.0,"{'1': '410-475', '2': '34-79'}",1.0,{'1': '419-474'}
P38144,,,3.0,"{'1': '418-731', '2': '767-880', '3': '197-413'}",,,4.0,"{'1': '199-481', '2': '503-616', '3': '776-883', '4': '941-1057'}",5.0,"{'1': '886-938', '2': '939-1058', '3': '177-412', '4': '414-669', '5': '776-885'}",3.0,"{'1': '506-657', '2': '208-373', '3': '882-935'}",4.0,"{'1': '883-933', '2': '988-1052', '3': '532-616', '4': '192-384'}",,
P38146,,,1.0,{'1': '1-195'},1.0,{'1': '5-182'},1.0,{'1': '6-163'},1.0,{'1': '4-174'},1.0,{'1': '1-199'},1.0,{'1': '7-162'},1.0,{'1': '3-164'}
P38148,,,1.0,{'1': '570-788'},1.0,{'1': '2-807'},1.0,{'1': '668-777'},1.0,{'1': '582-784'},3.0,"{'1': '705-770', '2': '723-733', '3': '585-783'}",1.0,{'1': '585-780'},,
P38149,3.0,"{'1': '85-99', '2': '300-314', '3': '383-397'}",2.0,"{'1': '5-152', '2': '199-430'}",1.0,{'1': '15-877'},3.0,"{'1': '67-98', '2': '517-875', '3': '628-774'}",2.0,"{'1': '713-779', '2': '22-400'}",2.0,"{'1': '66-99', '2': '383-399'}",4.0,"{'1': '10-48', '2': '51-98', '3': '213-265', '4': '316-396'}",,
P38152,4.0,"{'1': '15-28', '2': '28-42', '3': '122-140', '4': '221-243'}",1.0,{'1': '13-299'},1.0,{'1': '11-297'},3.0,"{'1': '10-100', '2': '109-203', '3': '212-296'}",1.0,{'1': '9-293'},3.0,"{'1': '10-97', '2': '109-199', '3': '212-297'}",,,,
P38153,,,,,1.0,{'1': '53-482'},1.0,{'1': '199-483'},1.0,{'1': '199-482'},3.0,"{'1': '199-220', '2': '288-302', '3': '211-482'}",,,,
P38164,,,1.0,{'1': '7-403'},1.0,{'1': '368-1037'},2.0,"{'1': '938-1037', '2': '511-761'}",1.0,{'1': '43-394'},,,,,,
P38165,,,1.0,{'1': '279-356'},,,1.0,{'1': '286-344'},1.0,{'1': '286-365'},1.0,{'1': '285-344'},1.0,{'1': '291-350'},,
P38166,,,,,1.0,{'1': '37-204'},1.0,{'1': '81-192'},,,,,,,,
P38167,,,,,1.0,{'1': '328-1074'},1.0,{'1': '585-653'},,,,,1.0,{'1': '585-878'},,
P38169,,,1.0,{'1': '3-394'},,,1.0,{'1': '4-360'},1.0,{'1': '4-396'},,,,,,
P38170,,,,,1.0,{'1': '22-748'},1.0,{'1': '23-742'},,,,,,,,
P38174,4.0,"{'1': '164-177', '2': '189-205', '3': '265-277', '4': '296-308'}",2.0,"{'1': '106-408', '2': '315-394'}",1.0,{'1': '19-421'},1.0,{'1': '105-316'},2.0,"{'1': '55-420', '2': '320-390'}",1.0,{'1': '189-205'},,,1.0,{'1': '95-417'}
P38175,,,,,1.0,{'1': '1-177'},1.0,{'1': '106-158'},,,,,,,,
P38177,,,,,1.0,{'1': '7-440'},1.0,{'1': '8-205'},,,1.0,{'1': '4-199'},,,,
P38179,,,,,1.0,{'1': '30-455'},1.0,{'1': '49-417'},,,,,,,,
P38180,,,,,,,1.0,{'1': '1-368'},,,,,,,,
P38181,,,2.0,"{'1': '1001-1169', '2': '1170-1242'}",1.0,{'1': '96-1458'},2.0,"{'1': '767-1490', '2': '145-648'}",,,,,,,,
P38182,,,,,1.0,{'1': '2-116'},1.0,{'1': '13-116'},1.0,{'1': '1-116'},,,,,,
P38187,,,,,1.0,{'1': '62-668'},1.0,{'1': '141-665'},1.0,{'1': '137-668'},3.0,"{'1': '141-156', '2': '602-620', '3': '140-668'}",,,,
P38193,,,,,1.0,{'1': '85-425'},1.0,{'1': '4-298'},,,,,,,,
P38197,,,1.0,{'1': '2-257'},1.0,{'1': '10-252'},1.0,{'1': '56-249'},1.0,{'1': '6-246'},1.0,{'1': '88-102'},,,1.0,{'1': '1-248'}
P38199,,,3.0,"{'1': '41-115', '2': '157-227', '3': '255-334'}",,,3.0,"{'1': '47-107', '2': '159-221', '3': '261-327'}",3.0,"{'1': '43-117', '2': '146-234', '3': '250-334'}",,,3.0,"{'1': '42-112', '2': '155-226', '3': '257-331'}",,
P38200,,,,,,,1.0,{'1': '35-328'},,,,,,,,
P38202,,,,,,,1.0,{'1': '1-44'},,,,,,,,
P38203,,,,,1.0,{'1': '1-93'},1.0,{'1': '6-70'},1.0,{'1': '3-89'},1.0,{'1': '2-76'},1.0,{'1': '5-72'},,
P38204,,,,,1.0,{'1': '3-145'},1.0,{'1': '1-120'},,,,,,,,
P38205,7.0,"{'1': '170-180', '2': '252-264', '3': '302-318', '4': '393-410', '5': '116-137', '6': '336-355', '7': '518-530'}",1.0,{'1': '29-410'},1.0,{'1': '1-658'},3.0,"{'1': '159-408', '2': '459-554', '3': '557-644'}",1.0,{'1': '41-411'},2.0,"{'1': '55-411', '2': '251-262'}",,,,
P38208,,,,,1.0,{'1': '3-120'},1.0,{'1': '8-84'},,,,,,,,
P38210,,,,,,,1.0,{'1': '7-106'},,,,,,,,
P38213,,,1.0,{'1': '543-733'},1.0,{'1': '21-732'},,,,,,,1.0,{'1': '644-680'},,
P38217,,,1.0,{'1': '1-902'},1.0,{'1': '16-876'},1.0,{'1': '694-722'},1.0,{'1': '5-876'},,,,,,
P38218,,,1.0,{'1': '2-177'},1.0,{'1': '2-177'},1.0,{'1': '22-162'},1.0,{'1': '4-175'},1.0,{'1': '1-177'},1.0,{'1': '3-163'},,
P38219,4.0,"{'1': '23-43', '2': '45-63', '3': '90-105', '4': '107-125'}",3.0,"{'1': '67-388', '2': '133-225', '3': '21-306'}",,,2.0,"{'1': '23-133', '2': '307-389'}",2.0,"{'1': '307-388', '2': '21-329'}",2.0,"{'1': '306-389', '2': '21-285'}",,,1.0,{'1': '20-390'}
P38221,,,,,1.0,{'1': '15-434'},,,,,1.0,{'1': '351-377'},,,,
P38222,,,,,1.0,{'1': '13-485'},,,2.0,"{'1': '8-229', '2': '298-353'}",1.0,{'1': '26-335'},,,,
P38226,,,,,,,2.0,"{'1': '103-274', '2': '301-361'}",,,,,1.0,{'1': '106-261'},,
P38227,,,1.0,{'1': '379-669'},,,1.0,{'1': '114-633'},1.0,{'1': '101-670'},1.0,{'1': '109-673'},,,,
P38228,,,3.0,"{'1': '207-335', '2': '405-442', '3': '443-535'}",1.0,{'1': '25-563'},,,1.0,{'1': '218-310'},,,,,,
P38230,,,,,,,2.0,"{'1': '160-286', '2': '35-92'}",2.0,"{'1': '4-330', '2': '126-281'}",1.0,{'1': '149-170'},1.0,{'1': '18-330'},,
P38234,,,1.0,{'1': '1-209'},,,1.0,{'1': '23-152'},1.0,{'1': '1-208'},1.0,{'1': '4-203'},,,,
P38238,,,1.0,{'1': '20-213'},1.0,{'1': '2-210'},1.0,{'1': '21-207'},1.0,{'1': '20-208'},,,,,,
P38241,,,,,1.0,{'1': '9-108'},1.0,{'1': '10-126'},,,,,,,,
P38242,,,,,1.0,{'1': '6-236'},1.0,{'1': '57-236'},,,,,,,,
P38244,,,,,1.0,{'1': '69-506'},3.0,"{'1': '136-323', '2': '722-970', '3': '397-695'}",,,,,,,,
P38247,,,,,,,1.0,{'1': '3-161'},,,,,,,,
P38248,,,1.0,{'1': '28-151'},1.0,{'1': '95-400'},,,,,,,,,,
P38249,,,,,1.0,{'1': '1-946'},1.0,{'1': '9-398'},,,1.0,{'1': '321-496'},1.0,{'1': '419-506'},,
P38250,,,,,1.0,{'1': '64-600'},1.0,{'1': '120-597'},,,,,,,,
P38251,,,1.0,{'1': '1-193'},1.0,{'1': '4-306'},,,2.0,"{'1': '256-353', '2': '4-245'}",,,1.0,{'1': '35-193'},,
P38254,,,2.0,"{'1': '429-510', '2': '1-335'}",1.0,{'1': '1-750'},2.0,"{'1': '3-236', '2': '391-730'}",1.0,{'1': '1-324'},1.0,{'1': '343-734'},,,1.0,{'1': '1-311'}
P38255,,,,,1.0,{'1': '17-422'},1.0,{'1': '62-221'},,,,,,,,
P38256,,,,,1.0,{'1': '3-200'},,,1.0,{'1': '67-187'},,,,,,
P38260,,,1.0,{'1': '37-284'},1.0,{'1': '2-265'},1.0,{'1': '1-82'},1.0,{'1': '40-283'},,,,,,
P38261,,,3.0,"{'1': '341-449', '2': '650-753', '3': '520-647'}",1.0,{'1': '145-747'},1.0,{'1': '535-738'},1.0,{'1': '525-751'},,,,,,
P38262,,,1.0,{'1': '146-535'},1.0,{'1': '3-524'},4.0,"{'1': '350-386', '2': '393-428', '3': '6-32', '4': '198-271'}",1.0,{'1': '162-492'},5.0,"{'1': '220-248', '2': '257-298', '3': '355-386', '4': '397-437', '5': '4-36'}",6.0,"{'1': '209-248', '2': '250-289', '3': '348-387', '4': '390-428', '5': '431-470', '6': '4-36'}",,
P38263,,,,,1.0,{'1': '16-361'},1.0,{'1': '122-346'},,,,,,,,
P38264,,,,,1.0,{'1': '1-187'},1.0,{'1': '1-184'},,,,,,,,
P38266,,,,,,,1.0,{'1': '8-98'},,,,,,,,
P38272,,,,,,,1.0,{'1': '42-268'},,,,,,,,
P38273,,,,,1.0,{'1': '2-684'},1.0,{'1': '3-124'},,,,,,,,
P38274,,,1.0,{'1': '325-495'},1.0,{'1': '17-825'},3.0,"{'1': '318-493', '2': '38-308', '3': '496-823'}",1.0,{'1': '354-680'},1.0,{'1': '329-675'},,,,
P38276,,,1.0,{'1': '1-179'},1.0,{'1': '10-172'},1.0,{'1': '34-162'},1.0,{'1': '26-167'},,,,,,
P38278,,,1.0,{'1': '162-312'},1.0,{'1': '2-326'},1.0,{'1': '126-335'},1.0,{'1': '162-310'},,,,,,
P38281,,,,,1.0,{'1': '21-297'},1.0,{'1': '70-308'},1.0,{'1': '201-299'},,,,,,
P38283,,,,,,,1.0,{'1': '630-680'},,,,,,,,
P38286,4.0,"{'1': '64-81', '2': '139-150', '3': '197-213', '4': '223-242'}",,,,,1.0,{'1': '65-264'},1.0,{'1': '61-314'},1.0,{'1': '210-238'},,,,
P38288,,,,,,,2.0,"{'1': '221-444', '2': '38-100'}",,,,,,,,
P38289,,,,,1.0,{'1': '33-577'},1.0,{'1': '125-561'},,,,,,,,
P38291,,,1.0,{'1': '3-140'},1.0,{'1': '61-139'},1.0,{'1': '29-137'},,,,,,,,
P38292,,,,,1.0,{'1': '11-412'},1.0,{'1': '26-408'},,,,,2.0,"{'1': '306-379', '2': '380-413'}",,
P38293,,,,,1.0,{'1': '3-148'},,,,,,,,,,
P38295,,,1.0,{'1': '151-445'},1.0,{'1': '46-444'},1.0,{'1': '166-429'},1.0,{'1': '162-443'},1.0,{'1': '354-395'},,,,
P38297,,,1.0,{'1': '190-434'},1.0,{'1': '75-848'},1.0,{'1': '190-370'},1.0,{'1': '170-415'},1.0,{'1': '184-467'},,,,
P38301,,,,,1.0,{'1': '28-273'},2.0,"{'1': '44-117', '2': '194-268'}",,,1.0,{'1': '53-62'},,,,
P38304,,,,,1.0,{'1': '26-183'},1.0,{'1': '32-156'},,,,,,,,
P38310,,,,,1.0,{'1': '1-413'},1.0,{'1': '8-403'},,,,,,,,
P38313,,,,,,,1.0,{'1': '112-318'},,,,,,,,
P38314,,,2.0,"{'1': '90-261', '2': '266-404'}",1.0,{'1': '108-503'},2.0,"{'1': '201-251', '2': '288-332'}",2.0,"{'1': '105-254', '2': '287-505'}",2.0,"{'1': '198-256', '2': '283-342'}",4.0,"{'1': '118-167', '2': '203-251', '3': '288-336', '4': '368-415'}",,
P38318,,,,,1.0,{'1': '5-553'},1.0,{'1': '17-559'},1.0,{'1': '12-540'},,,,,,
P38319,,,,,1.0,{'1': '41-539'},1.0,{'1': '84-529'},,,,,,,,
P38321,,,1.0,{'1': '691-838'},,,,,1.0,{'1': '697-820'},,,,,,
P38325,,,,,1.0,{'1': '7-134'},1.0,{'1': '66-134'},,,,,,,,
P38326,,,,,1.0,{'1': '15-292'},1.0,{'1': '223-289'},,,1.0,{'1': '217-294'},,,,
P38328,,,1.0,{'1': '10-384'},1.0,{'1': '16-382'},2.0,"{'1': '57-89', '2': '153-180'}",1.0,{'1': '20-383'},,,5.0,"{'1': '8-46', '2': '52-90', '3': '96-135', '4': '145-181', '5': '204-242'}",,
P38329,,,,,1.0,{'1': '29-1118'},2.0,"{'1': '69-541', '2': '555-639'}",,,,,,,,
P38333,,,,,1.0,{'1': '4-477'},1.0,{'1': '156-467'},,,,,,,,
P38334,,,,,1.0,{'1': '1-173'},1.0,{'1': '7-171'},1.0,{'1': '3-173'},,,,,,
P38335,,,,,1.0,{'1': '311-694'},,,,,,,,,,
P38336,,,1.0,{'1': '153-267'},1.0,{'1': '45-273'},1.0,{'1': '172-263'},1.0,{'1': '172-275'},,,1.0,{'1': '167-268'},,
P38337,,,,,,,1.0,{'1': '11-127'},,,,,,,,
P38338,,,,,,,,,1.0,{'1': '434-678'},,,,,,
P38339,,,2.0,"{'1': '467-666', '2': '18-333'}",1.0,{'1': '124-665'},2.0,"{'1': '486-636', '2': '45-117'}",2.0,"{'1': '469-663', '2': '47-305'}",2.0,"{'1': '472-663', '2': '33-295'}",2.0,"{'1': '483-660', '2': '33-134'}",,
P38340,,,1.0,{'1': '2-228'},1.0,{'1': '8-228'},1.0,{'1': '6-228'},1.0,{'1': '6-227'},,,,,,
P38344,,,,,1.0,{'1': '6-391'},1.0,{'1': '163-263'},1.0,{'1': '162-252'},1.0,{'1': '9-31'},4.0,"{'1': '4-38', '2': '7-31', '3': '162-187', '4': '215-239'}",,
P38345,,,,,,,1.0,{'1': '102-138'},,,,,,,,
P38348,,,,,,,2.0,"{'1': '304-478', '2': '11-245'}",1.0,{'1': '99-373'},,,,,,
P38349,,,,,,,1.0,{'1': '213-291'},1.0,{'1': '165-293'},1.0,{'1': '212-290'},1.0,{'1': '209-292'},,
P38351,,,,,1.0,{'1': '2-414'},1.0,{'1': '6-414'},,,,,,,,
P38352,,,3.0,"{'1': '104-262', '2': '341-504', '3': '508-633'}",1.0,{'1': '17-502'},,,2.0,"{'1': '110-632', '2': '14-105'}",3.0,"{'1': '551-561', '2': '109-202', '3': '565-635'}",,,,
P38353,,,1.0,{'1': '7-485'},1.0,{'1': '18-467'},2.0,"{'1': '78-471', '2': '41-75'}",1.0,{'1': '8-470'},1.0,{'1': '78-97'},,,,
P38361,,,,,1.0,{'1': '1-565'},1.0,{'1': '24-554'},,,,,,,,
P38426,,,,,1.0,{'1': '304-1052'},2.0,"{'1': '288-764', '2': '785-1010'}",1.0,{'1': '804-933'},,,,,,
P38427,,,,,1.0,{'1': '367-975'},2.0,"{'1': '321-798', '2': '819-1054'}",1.0,{'1': '838-951'},,,,,,
P38428,,,,,,,2.0,"{'1': '67-105', '2': '151-202'}",,,1.0,{'1': '65-107'},1.0,{'1': '65-106'},,
P38429,,,1.0,{'1': '136-200'},1.0,{'1': '15-196'},1.0,{'1': '154-189'},,,,,,,,
P38431,,,,,1.0,{'1': '3-390'},2.0,"{'1': '8-126', '2': '321-402'}",3.0,"{'1': '263-396', '2': '3-99', '3': '96-131'}",1.0,{'1': '241-402'},2.0,"{'1': '13-127', '2': '308-398'}",,
P38439,,,,,1.0,{'1': '4-462'},1.0,{'1': '170-335'},,,,,,,,
P38523,4.0,"{'1': '89-105', '2': '117-132', '3': '176-191', '4': '203-222'}",2.0,"{'1': '168-224', '2': '46-165'}",1.0,{'1': '47-227'},1.0,{'1': '57-224'},2.0,"{'1': '169-226', '2': '66-168'}",1.0,{'1': '179-222'},,,,
P38555,,,1.0,{'1': '11-207'},1.0,{'1': '9-193'},1.0,{'1': '15-175'},1.0,{'1': '9-183'},1.0,{'1': '1-223'},1.0,{'1': '16-177'},1.0,{'1': '14-169'}
P38590,,,1.0,{'1': '228-376'},,,1.0,{'1': '242-370'},1.0,{'1': '230-377'},3.0,"{'1': '296-350', '2': '317-327', '3': '233-375'}",1.0,{'1': '233-372'},,
P38604,,,,,1.0,{'1': '72-725'},2.0,"{'1': '389-723', '2': '93-336'}",2.0,"{'1': '101-380', '2': '375-724'}",1.0,{'1': '580-594'},,,1.0,{'1': '78-723'}
P38615,,,,,1.0,{'1': '31-358'},1.0,{'1': '42-322'},1.0,{'1': '38-329'},3.0,"{'1': '39-322', '2': '160-172', '3': '45-69'}",1.0,{'1': '39-322'},,
P38616,,,,,,,,,1.0,{'1': '72-346'},1.0,{'1': '50-354'},1.0,{'1': '53-349'},,
P38620,,,2.0,"{'1': '10-306', '2': '151-290'}",1.0,{'1': '5-315'},2.0,"{'1': '207-313', '2': '6-124'}",1.0,{'1': '73-306'},1.0,{'1': '132-147'},,,1.0,{'1': '7-314'}
P38623,,,,,,,1.0,{'1': '163-478'},1.0,{'1': '162-486'},3.0,"{'1': '163-478', '2': '309-321', '3': '169-201'}",1.0,{'1': '163-478'},,
P38624,4.0,"{'1': '27-42', '2': '147-158', '3': '158-169', '4': '183-194'}",1.0,{'1': '11-215'},1.0,{'1': '17-205'},1.0,{'1': '16-196'},1.0,{'1': '14-205'},2.0,"{'1': '23-70', '2': '19-197'}",,,,
P38625,,,2.0,"{'1': '204-410', '2': '7-200'}",,,3.0,"{'1': '433-524', '2': '15-195', '3': '224-290'}",1.0,{'1': '8-233'},1.0,{'1': '203-400'},,,2.0,"{'1': '207-525', '2': '14-199'}"
P38626,5.0,"{'1': '90-97', '2': '150-169', '3': '176-185', '4': '188-199', '5': '246-254'}",1.0,{'1': '132-273'},1.0,{'1': '30-284'},2.0,"{'1': '151-260', '2': '43-141'}",2.0,"{'1': '38-143', '2': '128-271'}",1.0,{'1': '38-142'},,,,
P38628,,,,,,,4.0,"{'1': '477-551', '2': '59-87', '3': '319-458', '4': '188-305'}",4.0,"{'1': '22-114', '2': '83-181', '3': '197-307', '4': '464-555'}",1.0,{'1': '61-70'},,,,
P38629,,,1.0,{'1': '1-169'},1.0,{'1': '13-320'},2.0,"{'1': '49-168', '2': '239-325'}",2.0,"{'1': '239-330', '2': '12-235'}",,,1.0,{'1': '45-172'},,
P38630,,,2.0,"{'1': '295-477', '2': '125-231'}",,,3.0,"{'1': '154-230', '2': '350-456', '3': '621-776'}",3.0,"{'1': '549-692', '2': '296-545', '3': '152-230'}",1.0,{'1': '153-230'},2.0,"{'1': '155-233', '2': '345-479'}",,
P38631,,,,,,,3.0,"{'1': '808-1630', '2': '301-408', '3': '439-610'}",,,,,1.0,{'1': '299-411'},,
P38632,,,1.0,{'1': '184-237'},1.0,{'1': '33-257'},2.0,"{'1': '171-227', '2': '62-163'}",,,1.0,{'1': '169-256'},,,,
P38633,,,1.0,{'1': '14-107'},1.0,{'1': '2-98'},1.0,{'1': '21-86'},,,,,,,,
P38637,,,1.0,{'1': '62-279'},1.0,{'1': '36-292'},1.0,{'1': '36-273'},,,,,,,,
P38682,3.0,"{'1': '28-47', '2': '47-64', '3': '68-89'}",1.0,{'1': '2-153'},,,1.0,{'1': '17-128'},1.0,{'1': '15-134'},1.0,{'1': '16-125'},1.0,{'1': '16-137'},,
P38687,,,1.0,{'1': '7-219'},1.0,{'1': '6-597'},1.0,{'1': '23-551'},,,,,,,,
P38688,,,1.0,{'1': '5-166'},1.0,{'1': '1-639'},1.0,{'1': '537-595'},1.0,{'1': '113-265'},,,,,,
P38689,,,2.0,"{'1': '13-307', '2': '150-292'}",1.0,{'1': '5-317'},2.0,"{'1': '205-316', '2': '6-123'}",1.0,{'1': '72-308'},1.0,{'1': '131-146'},,,1.0,{'1': '8-316'}
P38691,,,,,1.0,{'1': '16-606'},1.0,{'1': '126-335'},1.0,{'1': '5-335'},2.0,"{'1': '18-351', '2': '203-215'}",1.0,{'1': '18-351'},,
P38692,,,,,1.0,{'1': '19-717'},1.0,{'1': '24-276'},1.0,{'1': '23-277'},3.0,"{'1': '23-276', '2': '140-152', '3': '29-52'}",1.0,{'1': '23-276'},,
P38694,,,2.0,"{'1': '110-585', '2': '357-556'}",,,1.0,{'1': '104-587'},1.0,{'1': '107-593'},2.0,"{'1': '382-393', '2': '353-360'}",,,,
P38695,5.0,"{'1': '97-107', '2': '192-211', '3': '356-366', '4': '451-472', '5': '474-486'}",1.0,{'1': '61-553'},1.0,{'1': '83-562'},1.0,{'1': '89-549'},1.0,{'1': '90-547'},3.0,"{'1': '398-414', '2': '197-222', '3': '89-538'}",,,1.0,{'1': '75-545'}
P38696,5.0,"{'1': '56-67', '2': '68-90', '3': '123-136', '4': '148-167', '5': '246-262'}",,,1.0,{'1': '14-377'},1.0,{'1': '12-377'},2.0,"{'1': '12-161', '2': '154-374'}",1.0,{'1': '112-124'},1.0,{'1': '12-384'},,
P38697,,,1.0,{'1': '22-522'},1.0,{'1': '19-521'},3.0,"{'1': '123-170', '2': '180-233', '3': '36-512'}",1.0,{'1': '123-232'},3.0,"{'1': '121-183', '2': '184-240', '3': '325-337'}",2.0,"{'1': '124-175', '2': '187-235'}",1.0,{'1': '36-488'}
P38698,,,1.0,{'1': '253-397'},,,2.0,"{'1': '32-199', '2': '245-391'}",1.0,{'1': '30-391'},,,1.0,{'1': '244-392'},,
P38699,,,1.0,{'1': '15-71'},1.0,{'1': '10-735'},2.0,"{'1': '20-57', '2': '304-543'}",1.0,{'1': '14-60'},2.0,"{'1': '21-49', '2': '21-51'}",2.0,"{'1': '16-60', '2': '415-491'}",,
P38700,,,,,1.0,{'1': '1-602'},1.0,{'1': '258-603'},2.0,"{'1': '1-139', '2': '258-601'}",3.0,"{'1': '258-278', '2': '367-381', '3': '269-604'}",,,,
P38701,3.0,"{'1': '21-34', '2': '56-71', '3': '78-92'}",1.0,{'1': '4-120'},1.0,{'1': '13-120'},1.0,{'1': '23-116'},1.0,{'1': '21-117'},1.0,{'1': '45-60'},1.0,{'1': '23-117'},1.0,{'1': '21-117'}
P38703,,,,,1.0,{'1': '82-404'},1.0,{'1': '173-377'},,,1.0,{'1': '168-384'},1.0,{'1': '171-384'},,
P38704,,,,,1.0,{'1': '183-483'},1.0,{'1': '204-226'},1.0,{'1': '202-238'},2.0,"{'1': '206-226', '2': '204-231'}",2.0,"{'1': '204-226', '2': '245-267'}",,
P38705,5.0,"{'1': '286-298', '2': '298-311', '3': '338-351', '4': '355-371', '5': '373-389'}",1.0,{'1': '99-446'},1.0,{'1': '23-443'},1.0,{'1': '243-422'},2.0,"{'1': '38-134', '2': '148-441'}",1.0,{'1': '156-433'},,,1.0,{'1': '4-440'}
P38707,4.0,"{'1': '301-313', '2': '317-330', '3': '469-485', '4': '509-523'}",2.0,"{'1': '101-217', '2': '225-554'}",,,3.0,"{'1': '232-547', '2': '132-211', '3': '20-114'}",2.0,"{'1': '121-214', '2': '231-548'}",1.0,{'1': '251-546'},,,1.0,{'1': '115-553'}
P38708,4.0,"{'1': '246-264', '2': '287-298', '3': '317-325', '4': '327-338'}",4.0,"{'1': '597-688', '2': '469-593', '3': '2-149', '4': '187-468'}",1.0,{'1': '120-688'},3.0,"{'1': '281-456', '2': '475-575', '3': '602-688'}",3.0,"{'1': '597-688', '2': '21-145', '3': '194-461'}",1.0,{'1': '225-468'},1.0,{'1': '602-688'},1.0,{'1': '189-688'}
P38711,,,1.0,{'1': '1-82'},1.0,{'1': '3-82'},1.0,{'1': '28-82'},1.0,{'1': '28-82'},1.0,{'1': '36-68'},,,,
P38713,,,1.0,{'1': '237-315'},1.0,{'1': '223-983'},2.0,"{'1': '642-985', '2': '226-311'}",2.0,"{'1': '7-189', '2': '638-996'}",2.0,"{'1': '221-315', '2': '741-751'}",1.0,{'1': '222-317'},,
P38715,5.0,"{'1': '35-59', '2': '95-113', '3': '155-172', '4': '189-218', '5': '241-265'}",1.0,{'1': '1-323'},1.0,{'1': '4-307'},1.0,{'1': '22-307'},1.0,{'1': '1-318'},3.0,"{'1': '155-172', '2': '274-289', '3': '39-56'}",,,,
P38716,,,2.0,"{'1': '3-248', '2': '249-377'}",1.0,{'1': '3-374'},1.0,{'1': '6-372'},1.0,{'1': '55-373'},1.0,{'1': '190-204'},,,,
P38717,,,2.0,"{'1': '300-430', '2': '15-268'}",,,3.0,"{'1': '311-421', '2': '19-215', '3': '776-943'}",1.0,{'1': '18-335'},2.0,"{'1': '309-423', '2': '771-976'}",1.0,{'1': '310-425'},,
P38719,,,2.0,"{'1': '1-206', '2': '230-430'}",1.0,{'1': '3-421'},2.0,"{'1': '239-349', '2': '26-197'}",1.0,{'1': '71-370'},3.0,"{'1': '242-389', '2': '33-209', '3': '2-30'}",2.0,"{'1': '268-349', '2': '21-230'}",,
P38720,6.0,"{'1': '3-26', '2': '66-95', '3': '119-144', '4': '167-195', '5': '248-275', '6': '357-379'}",1.0,{'1': '180-435'},1.0,{'1': '3-488'},2.0,"{'1': '178-475', '2': '5-171'}",2.0,"{'1': '176-479', '2': '3-175'}",1.0,{'1': '252-264'},1.0,{'1': '178-476'},1.0,{'1': '4-476'}
P38724,,,2.0,"{'1': '66-264', '2': '347-539'}",,,1.0,{'1': '77-500'},1.0,{'1': '73-510'},1.0,{'1': '72-582'},,,,
P38734,,,,,1.0,{'1': '61-513'},1.0,{'1': '65-500'},,,,,,,,
P38736,,,,,1.0,{'1': '2-223'},,,,,,,,,,
P38737,,,3.0,"{'1': '19-143', '2': '922-1330', '3': '1334-1855'}",,,2.0,"{'1': '14-538', '2': '1313-1474'}",2.0,"{'1': '24-761', '2': '937-1852'}",,,,,,
P38738,,,,,,,,,1.0,{'1': '375-591'},,,1.0,{'1': '47-464'},,
P38742,,,,,1.0,{'1': '1-1146'},2.0,"{'1': '399-966', '2': '1080-1141'}",,,,,,,,
P38744,,,1.0,{'1': '5-118'},1.0,{'1': '23-113'},1.0,{'1': '13-113'},1.0,{'1': '12-117'},,,,,,
P38745,,,,,1.0,{'1': '10-484'},2.0,"{'1': '190-443', '2': '31-179'}",,,,,,,,
P38746,4.0,"{'1': '19-39', '2': '41-59', '3': '85-100', '4': '102-120'}",3.0,"{'1': '63-397', '2': '128-223', '3': '19-312'}",,,2.0,"{'1': '20-131', '2': '313-398'}",2.0,"{'1': '313-397', '2': '20-335'}",2.0,"{'1': '312-398', '2': '17-283'}",,,1.0,{'1': '16-399'}
P38747,,,,,1.0,{'1': '64-305'},1.0,{'1': '173-301'},1.0,{'1': '148-306'},1.0,{'1': '167-307'},,,,
P38753,4.0,"{'1': '220-230', '2': '234-249', '3': '251-260', '4': '262-274'}",1.0,{'1': '2-163'},1.0,{'1': '12-435'},2.0,"{'1': '223-267', '2': '3-140'}",2.0,"{'1': '11-147', '2': '196-280'}",3.0,"{'1': '217-276', '2': '15-145', '3': '162-181'}",3.0,"{'1': '220-275', '2': '8-141', '3': '162-181'}",,
P38754,,,1.0,{'1': '13-96'},1.0,{'1': '12-137'},2.0,"{'1': '54-128', '2': '17-47'}",1.0,{'1': '12-104'},,,,,,
P38755,,,,,1.0,{'1': '37-381'},1.0,{'1': '54-334'},1.0,{'1': '44-430'},1.0,{'1': '153-164'},,,,
P38756,,,,,1.0,{'1': '21-425'},1.0,{'1': '58-333'},1.0,{'1': '54-329'},,,,,,
P38758,,,2.0,"{'1': '11-128', '2': '448-521'}",,,2.0,"{'1': '24-130', '2': '247-496'}",,,,,,,,
P38759,,,2.0,"{'1': '1-188', '2': '236-282'}",1.0,{'1': '1-281'},1.0,{'1': '1-161'},1.0,{'1': '1-280'},,,,,1.0,{'1': '1-177'}
P38760,,,4.0,"{'1': '56-185', '2': '191-278', '3': '308-386', '4': '387-490'}",1.0,{'1': '35-267'},3.0,"{'1': '113-182', '2': '210-267', '3': '315-382'}",2.0,"{'1': '111-277', '2': '312-482'}",3.0,"{'1': '111-189', '2': '199-267', '3': '313-389'}",4.0,"{'1': '112-185', '2': '200-270', '3': '314-385', '4': '403-476'}",,
P38764,,,1.0,{'1': '363-894'},,,4.0,"{'1': '488-520', '2': '811-841', '3': '49-363', '4': '936-989'}",1.0,{'1': '42-859'},,,,,,
P38766,,,1.0,{'1': '204-429'},1.0,{'1': '148-721'},1.0,{'1': '232-419'},2.0,"{'1': '228-414', '2': '363-719'}",,,1.0,{'1': '246-394'},,
P38768,,,,,1.0,{'1': '11-310'},2.0,"{'1': '11-169', '2': '266-344'}",,,,,,,,
P38770,,,,,1.0,{'1': '41-463'},1.0,{'1': '296-427'},,,,,1.0,{'1': '294-429'},,
P38771,,,1.0,{'1': '55-228'},1.0,{'1': '34-228'},1.0,{'1': '67-228'},1.0,{'1': '48-229'},,,,,,
P38779,,,,,,,1.0,{'1': '72-287'},1.0,{'1': '118-292'},,,,,,
P38781,,,1.0,{'1': '7-47'},1.0,{'1': '5-848'},1.0,{'1': '14-47'},1.0,{'1': '5-47'},2.0,"{'1': '14-43', '2': '14-45'}",1.0,{'1': '9-54'},,
P38782,,,1.0,{'1': '2-188'},1.0,{'1': '1-215'},1.0,{'1': '9-194'},,,,,,,,
P38783,,,,,1.0,{'1': '1-129'},1.0,{'1': '30-96'},,,,,1.0,{'1': '41-97'},,
P38784,,,,,1.0,{'1': '3-180'},1.0,{'1': '14-156'},,,,,,,,
P38785,,,,,,,,,,,1.0,{'1': '126-139'},1.0,{'1': '126-163'},,
P38786,,,,,1.0,{'1': '1-248'},1.0,{'1': '3-227'},1.0,{'1': '29-228'},,,,,,
P38787,,,1.0,{'1': '220-370'},1.0,{'1': '1-367'},2.0,"{'1': '9-172', '2': '221-360'}",2.0,"{'1': '218-352', '2': '8-162'}",,,,,1.0,{'1': '8-370'}
P38788,,,1.0,{'1': '396-537'},1.0,{'1': '3-464'},1.0,{'1': '5-457'},3.0,"{'1': '403-534', '2': '3-182', '3': '189-384'}",,,,,,
P38789,,,,,1.0,{'1': '3-434'},1.0,{'1': '37-341'},,,1.0,{'1': '26-348'},1.0,{'1': '26-342'},,
P38790,5.0,"{'1': '1-26', '2': '31-50', '3': '95-113', '4': '123-141', '5': '265-280'}",,,1.0,{'1': '4-279'},,,1.0,{'1': '169-267'},,,,,,
P38791,,,1.0,{'1': '27-386'},1.0,{'1': '4-380'},1.0,{'1': '47-375'},1.0,{'1': '9-379'},,,,,1.0,{'1': '53-376'}
P38792,,,1.0,{'1': '104-195'},1.0,{'1': '47-327'},3.0,"{'1': '197-238', '2': '54-91', '3': '103-175'}",2.0,"{'1': '102-194', '2': '196-355'}",,,,,,
P38795,,,2.0,"{'1': '332-703', '2': '1-313'}",1.0,{'1': '4-703'},2.0,"{'1': '7-282', '2': '343-605'}",1.0,{'1': '5-285'},1.0,{'1': '5-275'},,,1.0,{'1': '479-614'}
P38797,,,1.0,{'1': '72-343'},1.0,{'1': '56-341'},1.0,{'1': '103-342'},1.0,{'1': '86-342'},1.0,{'1': '76-342'},2.0,"{'1': '71-342', '2': '68-340'}",,
P38798,,,,,1.0,{'1': '362-1086'},4.0,"{'1': '35-241', '2': '375-557', '3': '580-797', '4': '961-1085'}",2.0,"{'1': '376-561', '2': '574-784'}",,,3.0,"{'1': '34-245', '2': '373-561', '3': '578-818'}",,
P38801,,,,,1.0,{'1': '1-178'},1.0,{'1': '12-89'},,,,,,,,
P38803,,,1.0,{'1': '6-124'},,,1.0,{'1': '126-218'},1.0,{'1': '60-179'},,,,,,
P38804,,,1.0,{'1': '1-111'},,,1.0,{'1': '4-96'},1.0,{'1': '1-109'},,,,,,
P38805,,,,,1.0,{'1': '8-295'},1.0,{'1': '108-269'},,,1.0,{'1': '93-276'},1.0,{'1': '96-270'},,
P38806,,,1.0,{'1': '222-271'},1.0,{'1': '2-273'},2.0,"{'1': '225-268', '2': '6-110'}",1.0,{'1': '210-272'},2.0,"{'1': '225-268', '2': '222-271'}",2.0,"{'1': '224-269', '2': '6-111'}",,
P38809,,,,,1.0,{'1': '2-365'},1.0,{'1': '131-272'},,,,,,,,
P38810,,,2.0,"{'1': '738-881', '2': '296-534'}",1.0,{'1': '39-901'},5.0,"{'1': '217-253', '2': '296-532', '3': '632-733', '4': '771-836', '5': '537-620'}",4.0,"{'1': '207-286', '2': '636-737', '3': '738-902', '4': '295-524'}",,,,,,
P38811,,,1.0,{'1': '3506-3706'},1.0,{'1': '71-3743'},4.0,"{'1': '3403-3675', '2': '2757-3106', '3': '947-2612', '4': '290-935'}",4.0,"{'1': '3307-3703', '2': '10-1045', '3': '744-1917', '4': '1867-2292'}",3.0,"{'1': '3374-3732', '2': '3712-3744', '3': '2622-3177'}",1.0,{'1': '3404-3727'},,
P38814,,,,,,,3.0,"{'1': '534-852', '2': '57-373', '3': '406-529'}",,,,,,,,
P38816,,,2.0,"{'1': '29-333', '2': '149-274'}",1.0,{'1': '27-341'},1.0,{'1': '28-327'},1.0,{'1': '24-338'},1.0,{'1': '165-187'},,,1.0,{'1': '28-338'}
P38817,,,2.0,"{'1': '21-178', '2': '239-333'}",1.0,{'1': '10-584'},3.0,"{'1': '23-165', '2': '248-322', '3': '473-583'}",2.0,"{'1': '24-169', '2': '467-580'}",3.0,"{'1': '33-169', '2': '196-321', '3': '466-581'}",2.0,"{'1': '25-165', '2': '465-583'}",,
P38819,,,,,1.0,{'1': '10-208'},1.0,{'1': '21-206'},,,1.0,{'1': '31-124'},1.0,{'1': '21-207'},,
P38820,,,1.0,{'1': '323-440'},1.0,{'1': '36-379'},2.0,"{'1': '47-287', '2': '340-430'}",1.0,{'1': '37-406'},1.0,{'1': '339-438'},1.0,{'1': '329-435'},,
P38821,6.0,"{'1': '91-107', '2': '124-144', '3': '161-178', '4': '305-323', '5': '356-372', '6': '445-460'}",1.0,{'1': '102-256'},1.0,{'1': '12-489'},1.0,{'1': '25-478'},,,,,,,,
P38822,,,1.0,{'1': '6-280'},,,3.0,"{'1': '15-105', '2': '499-547', '3': '584-631'}",3.0,"{'1': '5-293', '2': '499-555', '3': '567-633'}",3.0,"{'1': '493-555', '2': '577-633', '3': '5-271'}",3.0,"{'1': '5-110', '2': '496-554', '3': '580-633'}",,
P38823,,,1.0,{'1': '306-379'},,,2.0,"{'1': '212-273', '2': '326-354'}",1.0,{'1': '186-298'},2.0,"{'1': '189-252', '2': '327-371'}",1.0,{'1': '188-252'},,
P38825,,,2.0,"{'1': '113-224', '2': '235-629'}",,,4.0,"{'1': '129-159', '2': '414-445', '3': '164-194', '4': '379-410'}",3.0,"{'1': '125-219', '2': '344-509', '3': '477-588'}",4.0,"{'1': '127-160', '2': '161-194', '3': '378-411', '4': '412-445'}",8.0,"{'1': '127-160', '2': '161-194', '3': '195-227', '4': '378-411', '5': '412-445', '6': '446-479', '7': '480-513', '8': '564-597'}",,
P38826,,,,,,,1.0,{'1': '22-106'},,,,,,,,
P38827,,,2.0,"{'1': '246-339', '2': '840-1080'}",1.0,{'1': '834-1080'},4.0,"{'1': '950-1055', '2': '422-485', '3': '762-932', '4': '248-357'}",1.0,{'1': '933-1077'},3.0,"{'1': '938-1055', '2': '1064-1080', '3': '1-1080'}",3.0,"{'1': '938-1061', '2': '1064-1080', '3': '752-928'}",,
P38828,,,,,1.0,{'1': '5-181'},2.0,"{'1': '83-170', '2': '6-61'}",,,2.0,"{'1': '82-179', '2': '1-68'}",1.0,{'1': '80-170'},,
P38829,,,1.0,{'1': '99-195'},1.0,{'1': '85-230'},1.0,{'1': '107-181'},1.0,{'1': '104-209'},,,,,,
P38833,,,,,,,,,1.0,{'1': '152-237'},,,,,,
P38835,,,1.0,{'1': '133-301'},,,,,,,,,,,,
P38836,4.0,"{'1': '147-159', '2': '173-187', '3': '253-261', '4': '307-320'}",,,,,1.0,{'1': '127-416'},,,3.0,"{'1': '120-425', '2': '173-195', '3': '310-320'}",1.0,{'1': '121-413'},,
P38837,,,,,1.0,{'1': '20-290'},1.0,{'1': '104-261'},,,,,,,,
P38840,,,1.0,{'1': '11-512'},1.0,{'1': '14-510'},1.0,{'1': '100-496'},1.0,{'1': '20-507'},,,,,,
P38841,,,1.0,{'1': '22-107'},1.0,{'1': '11-108'},,,,,,,,,,
P38842,,,,,1.0,{'1': '5-235'},1.0,{'1': '13-221'},,,,,,,,
P38843,,,,,1.0,{'1': '1-313'},1.0,{'1': '3-302'},,,,,,,,
P38845,,,1.0,{'1': '2-94'},1.0,{'1': '6-437'},1.0,{'1': '9-91'},1.0,{'1': '8-91'},,,,,,
P38848,,,,,1.0,{'1': '11-577'},1.0,{'1': '203-568'},,,,,,,,
P38850,,,4.0,"{'1': '115-220', '2': '376-468', '3': '816-946', '4': '947-1070'}",1.0,{'1': '5-1069'},4.0,"{'1': '119-211', '2': '380-434', '3': '827-917', '4': '948-1060'}",2.0,"{'1': '75-173', '2': '338-463'}",2.0,"{'1': '117-210', '2': '370-466'}",4.0,"{'1': '4-106', '2': '119-216', '3': '263-355', '4': '372-456'}",,
P38851,,,2.0,"{'1': '300-429', '2': '10-270'}",,,1.0,{'1': '312-420'},1.0,{'1': '13-335'},2.0,"{'1': '308-421', '2': '773-978'}",1.0,{'1': '309-423'},,
P38852,,,1.0,{'1': '275-340'},1.0,{'1': '14-338'},1.0,{'1': '285-333'},1.0,{'1': '275-327'},1.0,{'1': '282-340'},1.0,{'1': '283-340'},,
P38853,,,2.0,"{'1': '101-337', '2': '338-450'}",,,,,1.0,{'1': '176-431'},,,,,,
P38854,,,,,,,1.0,{'1': '2-396'},,,,,,,,
P38856,,,2.0,"{'1': '2-127', '2': '138-280'}",1.0,{'1': '7-577'},1.0,{'1': '4-269'},1.0,{'1': '1-124'},1.0,{'1': '1-126'},1.0,{'1': '2-126'},,
P38858,,,,,1.0,{'1': '4-245'},1.0,{'1': '9-226'},1.0,{'1': '6-246'},,,,,1.0,{'1': '6-243'}
P38859,,,4.0,"{'1': '504-779', '2': '997-1145', '3': '1146-1251', '4': '1252-1477'}",1.0,{'1': '312-1465'},4.0,"{'1': '446-662', '2': '1052-1139', '3': '1155-1221', '4': '1229-1442'}",1.0,{'1': '1050-1452'},,,,,,
P38861,,,,,1.0,{'1': '9-502'},3.0,"{'1': '19-248', '2': '315-400', '3': '251-299'}",,,,,,,,
P38863,,,1.0,{'1': '415-792'},1.0,{'1': '39-791'},2.0,"{'1': '490-788', '2': '60-410'}",,,,,,,,
P38869,,,,,1.0,{'1': '2-208'},1.0,{'1': '1-206'},,,,,,,,
P38873,,,3.0,"{'1': '702-876', '2': '1176-1306', '3': '1307-1555'}",1.0,{'1': '16-1549'},2.0,"{'1': '783-811', '2': '80-232'}",2.0,"{'1': '541-994', '2': '1201-1548'}",1.0,{'1': '1418-1440'},6.0,"{'1': '1237-1284', '2': '1329-1381', '3': '1387-1431', '4': '1442-1482', '5': '1509-1548', '6': '79-233'}",,
P38874,,,1.0,{'1': '1-232'},1.0,{'1': '1-307'},1.0,{'1': '11-292'},,,,,,,,
P38875,,,,,1.0,{'1': '12-606'},1.0,{'1': '35-591'},,,,,,,,
P38876,,,1.0,{'1': '2-190'},1.0,{'1': '7-176'},1.0,{'1': '9-185'},1.0,{'1': '6-184'},2.0,"{'1': '19-32', '2': '116-126'}",,,1.0,{'1': '9-186'}
P38877,,,,,,,1.0,{'1': '24-132'},,,,,,,,
P38878,,,,,1.0,{'1': '8-163'},1.0,{'1': '195-250'},,,,,,,,
P38879,,,1.0,{'1': '24-75'},1.0,{'1': '13-172'},2.0,"{'1': '17-71', '2': '135-172'}",1.0,{'1': '136-173'},1.0,{'1': '14-78'},1.0,{'1': '17-72'},,
P38882,,,1.0,{'1': '7-383'},,,,,,,,,,,,
P38883,,,,,,,1.0,{'1': '9-200'},,,,,,,,
P38884,,,1.0,{'1': '82-298'},,,1.0,{'1': '113-312'},1.0,{'1': '104-321'},,,,,,
P38885,,,1.0,{'1': '64-287'},,,1.0,{'1': '97-303'},1.0,{'1': '84-307'},,,,,,
P38886,,,1.0,{'1': '3-187'},1.0,{'1': '1-264'},1.0,{'1': '6-114'},1.0,{'1': '4-166'},2.0,"{'1': '5-190', '2': '223-242'}",,,,
P38887,,,3.0,"{'1': '30-366', '2': '369-486', '3': '512-601'}",1.0,{'1': '26-556'},1.0,{'1': '375-561'},2.0,"{'1': '38-363', '2': '366-601'}",,,,,,
P38889,3.0,"{'1': '87-110', '2': '125-137', '3': '138-150'}",1.0,{'1': '80-189'},,,2.0,"{'1': '87-188', '2': '379-487'}",2.0,"{'1': '375-533', '2': '85-188'}",2.0,"{'1': '126-150', '2': '378-492'}",2.0,"{'1': '83-188', '2': '377-488'}",,
P38890,,,1.0,{'1': '126-430'},,,2.0,"{'1': '124-240', '2': '314-402'}",1.0,{'1': '114-427'},1.0,{'1': '112-403'},1.0,{'1': '112-409'},,
P38891,,,2.0,"{'1': '47-381', '2': '193-373'}",1.0,{'1': '18-389'},1.0,{'1': '92-344'},1.0,{'1': '33-381'},1.0,{'1': '254-289'},,,1.0,{'1': '66-381'}
P38902,,,1.0,{'1': '1-120'},,,1.0,{'1': '31-102'},1.0,{'1': '1-111'},1.0,{'1': '35-66'},,,,
P38903,,,1.0,{'1': '284-711'},1.0,{'1': '207-718'},1.0,{'1': '277-710'},1.0,{'1': '291-708'},,,,,,
P38904,,,,,,,2.0,"{'1': '376-424', '2': '1310-1358'}",,,2.0,"{'1': '171-190', '2': '574-639'}",,,,
P38907,,,,,,,1.0,{'1': '15-445'},,,,,,,,
P38910,4.0,"{'1': '11-26', '2': '33-54', '3': '68-80', '4': '90-103'}",1.0,{'1': '5-106'},1.0,{'1': '7-102'},1.0,{'1': '11-103'},1.0,{'1': '9-103'},1.0,{'1': '11-35'},1.0,{'1': '10-103'},,
P38911,,,1.0,{'1': '294-410'},,,2.0,"{'1': '319-407', '2': '10-162'}",,,1.0,{'1': '324-410'},,,,
P38912,,,1.0,{'1': '2-146'},1.0,{'1': '1-153'},1.0,{'1': '32-94'},1.0,{'1': '4-142'},2.0,"{'1': '22-96', '2': '41-63'}",1.0,{'1': '28-110'},1.0,{'1': '14-111'}
P38913,,,1.0,{'1': '1-306'},,,1.0,{'1': '56-231'},,,,,,,,
P38915,,,2.0,"{'1': '174-375', '2': '391-599'}",1.0,{'1': '171-361'},1.0,{'1': '164-600'},1.0,{'1': '176-583'},1.0,{'1': '303-344'},4.0,"{'1': '165-203', '2': '293-335', '3': '338-445', '4': '495-535'}",,
P38920,,,2.0,"{'1': '218-347', '2': '4-217'}",1.0,{'1': '4-696'},2.0,"{'1': '213-334', '2': '510-769'}",2.0,"{'1': '195-334', '2': '3-218'}",1.0,{'1': '95-101'},1.0,{'1': '213-335'},1.0,{'1': '5-632'}
P38921,,,1.0,{'1': '5-281'},,,3.0,"{'1': '3-73', '2': '94-181', '3': '187-274'}",1.0,{'1': '3-267'},3.0,"{'1': '2-75', '2': '92-178', '3': '192-271'}",,,,
P38922,,,3.0,"{'1': '143-236', '2': '261-357', '3': '358-454'}",1.0,{'1': '136-337'},3.0,"{'1': '163-230', '2': '263-331', '3': '378-446'}",2.0,"{'1': '160-334', '2': '371-453'}",3.0,"{'1': '161-237', '2': '261-338', '3': '376-453'}",3.0,"{'1': '162-233', '2': '262-334', '3': '377-449'}",,
P38925,7.0,"{'1': '155-181', '2': '183-202', '3': '214-235', '4': '267-290', '5': '406-425', '6': '434-451', '7': '466-485'}",,,1.0,{'1': '68-569'},1.0,{'1': '98-492'},,,,,,,1.0,{'1': '75-490'}
P38929,,,2.0,"{'1': '440-884', '2': '453-739'}",,,2.0,"{'1': '62-127', '2': '926-1118'}",4.0,"{'1': '192-322', '2': '59-1120', '3': '450-736', '4': '442-946'}",1.0,{'1': '445-451'},1.0,{'1': '53-132'},4.0,"{'1': '160-252', '2': '381-466', '3': '805-921', '4': '560-1123'}"
P38930,6.0,"{'1': '37-53', '2': '54-68', '3': '110-131', '4': '135-156', '5': '157-178', '6': '185-202'}",1.0,{'1': '30-135'},1.0,{'1': '27-244'},1.0,{'1': '38-220'},1.0,{'1': '38-234'},1.0,{'1': '139-170'},1.0,{'1': '37-221'},,
P38931,,,,,1.0,{'1': '895-1243'},3.0,"{'1': '1132-1256', '2': '1288-1385', '3': '8-279'}",,,,,,,,
P38932,,,3.0,"{'1': '159-573', '2': '243-356', '3': '8-137'}",1.0,{'1': '23-573'},1.0,{'1': '33-572'},1.0,{'1': '1-574'},,,,,,
P38934,,,,,1.0,{'1': '3-468'},,,,,,,,,,
P38953,,,1.0,{'1': '12-293'},1.0,{'1': '9-295'},1.0,{'1': '19-65'},1.0,{'1': '16-196'},1.0,{'1': '14-192'},,,,
P38959,,,2.0,"{'1': '749-968', '2': '98-372'}",1.0,{'1': '38-973'},1.0,{'1': '101-500'},1.0,{'1': '115-347'},1.0,{'1': '753-901'},3.0,"{'1': '753-901', '2': '144-181', '3': '184-225'}",,
P38961,,,2.0,"{'1': '194-392', '2': '117-167'}",1.0,{'1': '21-392'},1.0,{'1': '113-344'},1.0,{'1': '196-376'},,,,,,
P38966,,,,,1.0,{'1': '1-865'},,,,,1.0,{'1': '1-154'},,,,
P38967,,,,,1.0,{'1': '45-574'},1.0,{'1': '86-541'},1.0,{'1': '123-231'},1.0,{'1': '111-142'},,,1.0,{'1': '79-556'}
P38968,,,1.0,{'1': '1-331'},1.0,{'1': '3-1044'},5.0,"{'1': '101-137', '2': '247-286', '3': '1139-1266', '4': '902-945', '5': '514-679'}",1.0,{'1': '13-327'},3.0,"{'1': '104-139', '2': '253-295', '3': '124-138'}",6.0,"{'1': '52-90', '2': '97-137', '3': '150-189', '4': '194-241', '5': '245-286', '6': '289-329'}",,
P38970,,,,,,,1.0,{'1': '598-837'},1.0,{'1': '506-846'},2.0,"{'1': '503-837', '2': '684-696'}",1.0,{'1': '503-837'},,
P38972,,,5.0,"{'1': '1031-1358', '2': '459-645', '3': '855-1030', '4': '251-458', '5': '662-848'}",,,5.0,"{'1': '472-629', '2': '880-995', '3': '41-173', '4': '207-257', '5': '689-847'}",6.0,"{'1': '1088-1357', '2': '4-174', '3': '470-696', '4': '864-1078', '5': '258-462', '6': '670-856'}",,,,,1.0,{'1': '6-1357'}
P38985,,,1.0,{'1': '5-146'},1.0,{'1': '7-131'},1.0,{'1': '7-120'},1.0,{'1': '5-123'},,,,,,
P38986,3.0,"{'1': '56-67', '2': '133-151', '3': '310-328'}",2.0,"{'1': '267-377', '2': '50-262'}",1.0,{'1': '48-376'},2.0,"{'1': '55-246', '2': '268-375'}",1.0,{'1': '53-375'},3.0,"{'1': '54-378', '2': '58-66', '3': '134-144'}",1.0,{'1': '55-372'},1.0,{'1': '31-378'}
P38988,,,1.0,{'1': '13-296'},1.0,{'1': '3-298'},2.0,"{'1': '119-200', '2': '207-287'}",1.0,{'1': '7-286'},2.0,"{'1': '117-198', '2': '208-293'}",,,,
P38989,,,2.0,"{'1': '1-203', '2': '995-1170'}",,,3.0,"{'1': '3-685', '2': '793-1163', '3': '523-641'}",2.0,"{'1': '1-1163', '2': '475-691'}",,,1.0,{'1': '521-642'},,
P38990,,,,,,,1.0,{'1': '133-448'},1.0,{'1': '129-666'},3.0,"{'1': '133-448', '2': '273-285', '3': '139-162'}",1.0,{'1': '133-448'},,
P38992,,,,,1.0,{'1': '47-307'},1.0,{'1': '162-297'},,,,,,,,
P38993,,,3.0,"{'1': '22-147', '2': '148-327', '3': '328-525'}",1.0,{'1': '42-501'},3.0,"{'1': '156-301', '2': '362-502', '3': '32-146'}",3.0,"{'1': '10-167', '2': '149-337', '3': '333-536'}",3.0,"{'1': '483-494', '2': '121-141', '3': '478-498'}",,,,
P38994,,,2.0,"{'1': '557-755', '2': '372-556'}",1.0,{'1': '56-756'},1.0,{'1': '467-754'},,,1.0,{'1': '376-756'},1.0,{'1': '411-757'},,
P38995,,,2.0,"{'1': '592-899', '2': '643-763'}",,,2.0,"{'1': '6-65', '2': '84-144'}",5.0,"{'1': '419-508', '2': '379-940', '3': '1-69', '4': '83-146', '5': '623-947'}",5.0,"{'1': '2-67', '2': '80-146', '3': '8-37', '4': '86-115', '5': '627-633'}",,,5.0,"{'1': '378-661', '2': '707-929', '3': '6-66', '4': '84-144', '5': '336-950'}"
P38996,,,2.0,"{'1': '320-415', '2': '445-557'}",1.0,{'1': '328-783'},1.0,{'1': '332-389'},1.0,{'1': '323-405'},1.0,{'1': '330-401'},1.0,{'1': '331-397'},,
P38998,,,,,1.0,{'1': '7-153'},1.0,{'1': '8-142'},1.0,{'1': '189-323'},,,2.0,"{'1': '179-317', '2': '7-142'}",,
P38999,,,,,1.0,{'1': '3-441'},2.0,"{'1': '5-119', '2': '123-438'}",1.0,{'1': '1-179'},,,,,,
P39001,,,1.0,{'1': '764-803'},,,1.0,{'1': '769-803'},1.0,{'1': '762-803'},2.0,"{'1': '770-798', '2': '770-800'}",1.0,{'1': '765-809'},,
P39002,,,1.0,{'1': '64-547'},,,1.0,{'1': '86-514'},,,1.0,{'1': '267-278'},,,,
P39003,5.0,"{'1': '76-86', '2': '171-190', '3': '335-345', '4': '430-451', '5': '453-465'}",1.0,{'1': '59-531'},1.0,{'1': '58-545'},1.0,{'1': '68-528'},1.0,{'1': '69-525'},3.0,"{'1': '377-394', '2': '176-201', '3': '68-517'}",,,1.0,{'1': '21-524'}
P39007,,,,,1.0,{'1': '10-693'},2.0,"{'1': '15-417', '2': '511-562'}",,,,,,,,
P39008,,,1.0,{'1': '145-433'},1.0,{'1': '160-429'},1.0,{'1': '163-280'},1.0,{'1': '150-430'},,,,,,
P39010,,,1.0,{'1': '67-300'},,,3.0,"{'1': '466-606', '2': '78-173', '3': '199-275'}",1.0,{'1': '73-292'},4.0,"{'1': '108-140', '2': '142-174', '3': '213-245', '4': '246-278'}",6.0,"{'1': '72-102', '2': '108-137', '3': '142-171', '4': '175-204', '5': '213-242', '6': '246-275'}",,
P39011,,,,,1.0,{'1': '1-632'},,,,,,,,,,
P39012,,,,,1.0,{'1': '1-596'},1.0,{'1': '117-595'},,,,,,,,
P39013,,,,,,,2.0,"{'1': '4-103', '2': '273-345'}",2.0,"{'1': '2-93', '2': '123-217'}",4.0,"{'1': '8-98', '2': '130-222', '3': '40-75', '4': '53-65'}",2.0,"{'1': '1-97', '2': '123-221'}",,
P39014,3.0,"{'1': '355-369', '2': '395-409', '3': '565-579'}",3.0,"{'1': '288-390', '2': '391-471', '3': '513-639'}",1.0,{'1': '88-592'},7.0,"{'1': '295-328', '2': '332-368', '3': '372-407', '4': '414-449', '5': '520-538', '6': '542-578', '7': '184-229'}",2.0,"{'1': '180-291', '2': '298-636'}",10.0,"{'1': '298-337', '2': '338-377', '3': '378-417', '4': '417-458', '5': '525-547', '6': '548-587', '7': '181-227', '8': '315-329', '9': '436-450', '10': '565-579'}",7.0,"{'1': '291-328', '2': '331-368', '3': '371-408', '4': '410-449', '5': '452-538', '6': '541-578', '7': '187-227'}",,
P39015,,,,,,,1.0,{'1': '2-53'},,,,,1.0,{'1': '87-172'},,
P39016,,,1.0,{'1': '201-600'},,,6.0,"{'1': '216-237', '2': '253-283', '3': '288-319', '4': '331-364', '5': '369-398', '6': '411-424'}",1.0,{'1': '215-531'},6.0,"{'1': '209-247', '2': '248-283', '3': '284-320', '4': '325-362', '5': '363-404', '6': '188-596'}",8.0,"{'1': '210-247', '2': '248-283', '3': '284-320', '4': '327-362', '5': '365-400', '6': '401-438', '7': '439-474', '8': '504-539'}",,
P39073,,,,,1.0,{'1': '73-465'},1.0,{'1': '178-463'},1.0,{'1': '66-485'},2.0,"{'1': '75-463', '2': '282-294'}",1.0,{'1': '75-463'},,
P39076,5.0,"{'1': '31-47', '2': '54-72', '3': '84-103', '4': '366-388', '5': '400-412'}",3.0,"{'1': '210-362', '2': '141-398', '3': '26-515'}",1.0,{'1': '12-517'},1.0,{'1': '30-518'},3.0,"{'1': '205-371', '2': '148-396', '3': '13-518'}",3.0,"{'1': '34-46', '2': '56-72', '3': '84-92'}",,,1.0,{'1': '4-521'}
P39077,5.0,"{'1': '33-49', '2': '55-73', '3': '85-104', '4': '378-400', '5': '412-424'}",3.0,"{'1': '221-374', '2': '142-410', '3': '28-527'}",1.0,{'1': '16-530'},1.0,{'1': '31-528'},3.0,"{'1': '216-383', '2': '143-409', '3': '12-528'}",3.0,"{'1': '36-48', '2': '57-73', '3': '85-93'}",,,1.0,{'1': '4-533'}
P39078,5.0,"{'1': '33-49', '2': '55-73', '3': '85-104', '4': '376-398', '5': '410-422'}",3.0,"{'1': '211-369', '2': '141-408', '3': '28-524'}",1.0,{'1': '14-525'},1.0,{'1': '31-524'},3.0,"{'1': '206-381', '2': '146-407', '3': '12-525'}",3.0,"{'1': '36-48', '2': '57-73', '3': '85-93'}",,,1.0,{'1': '11-528'}
P39079,5.0,"{'1': '31-47', '2': '53-71', '3': '83-102', '4': '377-399', '5': '411-423'}",3.0,"{'1': '211-373', '2': '139-409', '3': '26-534'}",1.0,{'1': '14-534'},1.0,{'1': '29-537'},3.0,"{'1': '206-382', '2': '145-408', '3': '12-535'}",3.0,"{'1': '34-46', '2': '55-71', '3': '83-91'}",,,1.0,{'1': '2-542'}
P39081,,,1.0,{'1': '1-143'},1.0,{'1': '8-139'},4.0,"{'1': '11-113', '2': '467-507', '3': '549-602', '4': '289-399'}",1.0,{'1': '2-142'},1.0,{'1': '4-139'},1.0,{'1': '11-127'},,
P39101,4.0,"{'1': '8-26', '2': '26-41', '3': '43-63', '4': '63-82'}",1.0,{'1': '3-105'},1.0,{'1': '1-388'},2.0,"{'1': '6-68', '2': '178-376'}",1.0,{'1': '2-101'},2.0,"{'1': '6-71', '2': '48-67'}",1.0,{'1': '5-63'},,
P39102,4.0,"{'1': '11-29', '2': '29-44', '3': '49-69', '4': '69-88'}",1.0,{'1': '8-114'},1.0,{'1': '9-413'},3.0,"{'1': '159-233', '2': '10-74', '3': '133-377'}",4.0,"{'1': '131-282', '2': '301-386', '3': '146-238', '4': '10-109'}",3.0,"{'1': '146-240', '2': '9-77', '3': '54-73'}",1.0,{'1': '8-69'},,
P39104,,,2.0,"{'1': '871-1064', '2': '6-124'}",1.0,{'1': '290-1065'},3.0,"{'1': '792-1006', '2': '122-171', '3': '44-109'}",2.0,"{'1': '435-1058', '2': '12-111'}",4.0,"{'1': '770-1049', '2': '1-133', '3': '795-809', '4': '903-923'}",1.0,{'1': '792-1063'},,
P39105,,,,,,,1.0,{'1': '99-586'},1.0,{'1': '42-560'},1.0,{'1': '35-586'},1.0,{'1': '16-580'},,
P39106,,,,,,,1.0,{'1': '317-613'},1.0,{'1': '318-580'},,,,,,
P39107,,,1.0,{'1': '92-395'},1.0,{'1': '7-394'},,,1.0,{'1': '213-394'},,,,,,
P39109,,,4.0,"{'1': '619-878', '2': '1255-1509', '3': '253-606', '4': '916-1253'}",1.0,{'1': '213-1507'},5.0,"{'1': '646-780', '2': '1289-1438', '3': '287-578', '4': '952-1222', '5': '10-160'}",4.0,"{'1': '635-843', '2': '1263-1502', '3': '277-609', '4': '939-1252'}",6.0,"{'1': '626-853', '2': '1272-1507', '3': '288-590', '4': '955-1235', '5': '753-767', '6': '1410-1424'}",2.0,"{'1': '655-830', '2': '1298-1484'}",,
P39110,2.0,"{'1': '18-41', '2': '76-101'}",1.0,{'1': '5-190'},1.0,{'1': '1-186'},1.0,{'1': '4-186'},1.0,{'1': '13-185'},,,1.0,{'1': '3-187'},1.0,{'1': '15-141'}
P39111,,,1.0,{'1': '1-118'},,,1.0,{'1': '8-112'},1.0,{'1': '8-117'},,,,,1.0,{'1': '1-118'}
P39112,,,,,1.0,{'1': '511-925'},1.0,{'1': '522-853'},1.0,{'1': '473-896'},1.0,{'1': '821-845'},1.0,{'1': '522-854'},,
P39113,,,1.0,{'1': '63-125'},1.0,{'1': '61-959'},2.0,"{'1': '68-105', '2': '403-693'}",1.0,{'1': '60-105'},2.0,"{'1': '69-97', '2': '69-99'}",2.0,"{'1': '64-108', '2': '541-621'}",,
P39516,,,1.0,{'1': '2-138'},1.0,{'1': '7-134'},1.0,{'1': '16-134'},,,1.0,{'1': '103-125'},,,,
P39517,,,2.0,"{'1': '9-250', '2': '251-425'}",,,2.0,"{'1': '270-378', '2': '70-235'}",1.0,{'1': '113-400'},4.0,"{'1': '193-201', '2': '257-417', '3': '77-247', '4': '46-74'}",2.0,"{'1': '297-378', '2': '65-261'}",,
P39518,,,1.0,{'1': '85-587'},,,1.0,{'1': '128-554'},,,1.0,{'1': '297-308'},,,,
P39520,,,,,1.0,{'1': '1-1074'},1.0,{'1': '678-788'},,,,,,,,
P39522,,,1.0,{'1': '404-556'},1.0,{'1': '14-583'},2.0,"{'1': '55-377', '2': '390-581'}",1.0,{'1': '17-403'},2.0,"{'1': '143-153', '2': '492-503'}",,,1.0,{'1': '39-584'}
P39524,,,2.0,"{'1': '800-992', '2': '655-781'}",,,2.0,"{'1': '980-1232', '2': '185-251'}",4.0,"{'1': '292-429', '2': '198-1232', '3': '565-809', '4': '546-997'}",1.0,{'1': '560-566'},,,2.0,"{'1': '912-1035', '2': '198-1240'}"
P39525,,,1.0,{'1': '1-441'},1.0,{'1': '2-438'},2.0,"{'1': '3-265', '2': '274-390'}",1.0,{'1': '2-438'},2.0,"{'1': '178-194', '2': '2-438'}",1.0,{'1': '5-441'},,
P39526,,,,,1.0,{'1': '19-2000'},2.0,"{'1': '1353-1533', '2': '1846-2001'}",3.0,"{'1': '139-525', '2': '908-1473', '3': '962-1911'}",,,,,,
P39531,,,,,1.0,{'1': '147-821'},1.0,{'1': '141-826'},,,,,,,,
P39533,9.0,"{'1': '137-150', '2': '160-168', '3': '180-193', '4': '194-209', '5': '256-269', '6': '270-283', '7': '347-361', '8': '381-392', '9': '440-453'}",4.0,"{'1': '565-787', '2': '23-225', '3': '346-518', '4': '226-345'}",1.0,{'1': '21-784'},2.0,"{'1': '586-714', '2': '59-505'}",1.0,{'1': '34-550'},2.0,"{'1': '377-393', '2': '440-453'}",,,1.0,{'1': '35-782'}
P39535,,,,,,,3.0,"{'1': '1-175', '2': '203-288', '3': '450-799'}",,,1.0,{'1': '1-288'},,,,
P39538,,,1.0,{'1': '92-209'},1.0,{'1': '293-1109'},2.0,"{'1': '364-1107', '2': '120-199'}",2.0,"{'1': '99-198', '2': '361-1109'}",4.0,"{'1': '97-199', '2': '365-380', '3': '1052-1069', '4': '364-1110'}",1.0,{'1': '116-202'},,
P39540,,,,,1.0,{'1': '48-296'},1.0,{'1': '59-300'},,,1.0,{'1': '168-176'},,,,
P39543,,,,,,,1.0,{'1': '24-227'},,,,,,,,
P39548,,,,,,,1.0,{'1': '76-166'},,,,,,,,
P39676,,,2.0,"{'1': '1-145', '2': '264-399'}",,,3.0,"{'1': '27-131', '2': '277-370', '3': '154-261'}",3.0,"{'1': '1-149', '2': '141-263', '3': '269-392'}",2.0,"{'1': '1-138', '2': '147-264'}",,,,
P39678,,,2.0,"{'1': '337-554', '2': '2-135'}",1.0,{'1': '3-812'},3.0,"{'1': '512-543', '2': '400-452', '3': '22-94'}",2.0,"{'1': '359-550', '2': '4-122'}",3.0,"{'1': '394-426', '2': '512-544', '3': '5-111'}",4.0,"{'1': '394-423', '2': '427-463', '3': '512-541', '4': '22-105'}",,
P39682,,,1.0,{'1': '88-529'},,,,,1.0,{'1': '77-484'},,,4.0,"{'1': '138-173', '2': '175-208', '3': '270-302', '4': '449-480'}",,
P39685,,,,,1.0,{'1': '77-1336'},6.0,"{'1': '106-196', '2': '822-907', '3': '249-375', '4': '1147-1218', '5': '612-719', '6': '942-1032'}",,,,,,,,
P39692,5.0,"{'1': '684-694', '2': '817-824', '3': '886-905', '4': '915-924', '5': '959-975'}",4.0,"{'1': '381-566', '2': '240-376', '3': '694-815', '4': '876-1035'}",,,2.0,"{'1': '891-989', '2': '644-856'}",4.0,"{'1': '374-635', '2': '239-378', '3': '643-873', '4': '875-1035'}",1.0,{'1': '648-879'},,,,
P39702,,,2.0,"{'1': '1180-1272', '2': '39-358'}",1.0,{'1': '32-1270'},1.0,{'1': '538-735'},1.0,{'1': '57-359'},3.0,"{'1': '507-665', '2': '915-1092', '3': '1198-1266'}",,,,
P39704,,,,,1.0,{'1': '12-207'},1.0,{'1': '33-207'},1.0,{'1': '44-116'},1.0,{'1': '41-123'},1.0,{'1': '31-208'},,
P39705,,,,,1.0,{'1': '4-539'},,,,,,,,,,
P39706,,,2.0,"{'1': '6-164', '2': '165-400'}",1.0,{'1': '5-419'},1.0,{'1': '67-100'},1.0,{'1': '31-344'},2.0,"{'1': '68-109', '2': '87-101'}",5.0,"{'1': '16-54', '2': '61-100', '3': '104-144', '4': '203-242', '5': '301-341'}",,
P39707,,,1.0,{'1': '180-273'},,,1.0,{'1': '183-261'},1.0,{'1': '182-265'},,,,,1.0,{'1': '94-272'}
P39708,4.0,"{'1': '97-111', '2': '176-198', '3': '221-241', '4': '374-385'}",,,1.0,{'1': '3-456'},2.0,"{'1': '185-454', '2': '40-167'}",2.0,"{'1': '185-454', '2': '3-187'}",1.0,{'1': '105-118'},1.0,{'1': '187-454'},,
P39713,,,,,,,2.0,"{'1': '200-332', '2': '26-162'}",2.0,"{'1': '1-198', '2': '165-337'}",1.0,{'1': '72-86'},,,,
P39714,,,,,,,2.0,"{'1': '200-330', '2': '26-162'}",2.0,"{'1': '1-199', '2': '164-335'}",1.0,{'1': '72-86'},,,,
P39715,,,,,1.0,{'1': '1-209'},1.0,{'1': '31-152'},,,,,,,,
P39717,,,1.0,{'1': '661-876'},,,,,2.0,"{'1': '259-423', '2': '406-805'}",,,,,,
P39719,,,,,1.0,{'1': '11-768'},2.0,"{'1': '183-628', '2': '38-177'}",,,,,1.0,{'1': '36-178'},,
P39721,,,1.0,{'1': '24-243'},,,1.0,{'1': '30-243'},1.0,{'1': '27-240'},,,,,,
P39722,,,2.0,"{'1': '1-186', '2': '512-610'}",1.0,{'1': '5-185'},4.0,"{'1': '7-183', '2': '452-608', '3': '369-436', '4': '267-331'}",3.0,"{'1': '185-397', '2': '3-217', '3': '445-613'}",3.0,"{'1': '330-365', '2': '3-185', '3': '446-611'}",1.0,{'1': '8-186'},,
P39723,,,,,,,1.0,{'1': '574-614'},,,,,,,,
P39724,,,,,1.0,{'1': '28-112'},1.0,{'1': '46-108'},1.0,{'1': '18-108'},,,,,,
P39726,,,,,1.0,{'1': '31-166'},1.0,{'1': '46-168'},1.0,{'1': '42-166'},2.0,"{'1': '61-143', '2': '86-115'}",,,1.0,{'1': '40-170'}
P39727,,,,,1.0,{'1': '5-412'},2.0,"{'1': '143-399', '2': '7-95'}",,,,,,,,
P39729,4.0,"{'1': '68-88', '2': '89-107', '3': '116-131', '4': '133-151'}",1.0,{'1': '285-369'},1.0,{'1': '1-369'},3.0,"{'1': '294-368', '2': '68-183', '3': '187-293'}",2.0,"{'1': '288-368', '2': '68-307'}",3.0,"{'1': '292-368', '2': '118-131', '3': '66-292'}",,,1.0,{'1': '67-200'}
P39730,4.0,"{'1': '407-420', '2': '473-483', '3': '489-500', '4': '525-534'}",2.0,"{'1': '397-627', '2': '747-851'}",1.0,{'1': '125-992'},3.0,"{'1': '406-617', '2': '746-843', '3': '874-964'}",3.0,"{'1': '863-1001', '2': '404-696', '3': '731-857'}",1.0,{'1': '403-621'},,,1.0,{'1': '408-534'}
P39731,,,,,1.0,{'1': '1-250'},1.0,{'1': '10-245'},,,,,,,,
P39732,7.0,"{'1': '72-97', '2': '164-176', '3': '191-211', '4': '275-293', '5': '299-316', '6': '654-672', '7': '673-689'}",,,,,,,,,,,,,,
P39735,,,,,,,1.0,{'1': '1-243'},,,,,,,,
P39742,,,1.0,{'1': '49-193'},,,,,1.0,{'1': '58-190'},,,2.0,"{'1': '58-91', '2': '140-173'}",,
P39743,4.0,"{'1': '424-434', '2': '438-453', '3': '457-466', '4': '468-480'}",1.0,{'1': '2-248'},1.0,{'1': '1-478'},2.0,"{'1': '427-473', '2': '6-246'}",2.0,"{'1': '19-245', '2': '419-480'}",2.0,"{'1': '421-482', '2': '17-254'}",2.0,"{'1': '424-481', '2': '5-247'}",,
P39744,,,,,1.0,{'1': '5-707'},1.0,{'1': '352-663'},,,,,,,,
P39904,,,,,1.0,{'1': '20-640'},2.0,"{'1': '56-239', '2': '298-606'}",,,,,,,,
P39923,,,,,1.0,{'1': '7-614'},1.0,{'1': '10-523'},,,,,,,,
P39925,,,2.0,"{'1': '266-458', '2': '541-732'}",1.0,{'1': '72-751'},4.0,"{'1': '545-727', '2': '325-458', '3': '126-214', '4': '492-531'}",2.0,"{'1': '283-536', '2': '546-739'}",1.0,{'1': '429-447'},1.0,{'1': '320-461'},1.0,{'1': '129-724'}
P39926,,,,,1.0,{'1': '59-278'},2.0,"{'1': '230-282', '2': '37-181'}",1.0,{'1': '37-249'},2.0,"{'1': '194-256', '2': '200-239'}",2.0,"{'1': '189-256', '2': '32-145'}",,
P39927,,,2.0,"{'1': '15-120', '2': '385-423'}",,,2.0,"{'1': '178-255', '2': '389-413'}",1.0,{'1': '11-91'},,,1.0,{'1': '21-91'},,
P39928,4.0,"{'1': '853-867', '2': '871-881', '3': '888-906', '4': '912-925'}",1.0,{'1': '632-932'},,,3.0,"{'1': '1090-1206', '2': '853-927', '3': '567-627'}",4.0,"{'1': '1087-1213', '2': '553-627', '3': '621-715', '4': '851-935'}",3.0,"{'1': '1089-1210', '2': '504-540', '3': '573-928'}",3.0,"{'1': '1088-1206', '2': '680-928', '3': '566-631'}",,
P39929,,,,,1.0,{'1': '16-219'},1.0,{'1': '22-206'},,,,,,,,
P39931,,,,,1.0,{'1': '37-201'},,,1.0,{'1': '41-139'},1.0,{'1': '108-143'},,,,
P39933,,,,,1.0,{'1': '84-312'},2.0,"{'1': '80-102', '2': '108-130'}",4.0,"{'1': '47-83', '2': '74-126', '3': '120-172', '4': '164-216'}",13.0,"{'1': '51-74', '2': '82-102', '3': '110-130', '4': '165-186', '5': '196-219', '6': '224-244', '7': '367-389', '8': '49-79', '9': '80-107', '10': '108-131', '11': '163-191', '12': '194-224', '13': '365-389'}",9.0,"{'1': '49-74', '2': '80-102', '3': '108-130', '4': '134-159', '5': '163-185', '6': '194-219', '7': '222-244', '8': '253-277', '9': '365-389'}",,
P39935,,,1.0,{'1': '410-478'},,,2.0,"{'1': '607-850', '2': '402-469'}",2.0,"{'1': '597-850', '2': '392-487'}",,,1.0,{'1': '607-850'},,
P39936,,,1.0,{'1': '381-449'},,,2.0,"{'1': '567-808', '2': '373-440'}",2.0,"{'1': '557-808', '2': '362-457'}",,,1.0,{'1': '567-810'},,
P39937,,,3.0,"{'1': '78-246', '2': '247-392', '3': '1-76'}",1.0,{'1': '129-388'},3.0,"{'1': '5-71', '2': '228-246', '3': '254-266'}",2.0,"{'1': '425-503', '2': '2-133'}",2.0,"{'1': '22-55', '2': '34-67'}",1.0,{'1': '5-72'},,
P39938,,,1.0,{'1': '1-114'},1.0,{'1': '1-114'},1.0,{'1': '1-107'},,,1.0,{'1': '73-80'},,,,
P39939,,,1.0,{'1': '1-114'},1.0,{'1': '1-114'},1.0,{'1': '1-107'},,,1.0,{'1': '73-80'},,,,
P39946,3.0,"{'1': '270-284', '2': '373-387', '3': '430-444'}",1.0,{'1': '151-493'},,,4.0,"{'1': '244-283', '2': '289-321', '3': '371-385', '4': '408-443'}",2.0,"{'1': '142-489', '2': '10-109'}",3.0,"{'1': '249-292', '2': '413-452', '3': '270-284'}",7.0,"{'1': '144-183', '2': '187-235', '3': '242-283', '4': '286-323', '5': '326-386', '6': '406-443', '7': '446-493'}",,
P39952,,,,,1.0,{'1': '83-373'},1.0,{'1': '128-317'},,,,,,,,
P39954,,,1.0,{'1': '8-430'},1.0,{'1': '5-449'},2.0,"{'1': '7-144', '2': '194-355'}",1.0,{'1': '194-355'},2.0,"{'1': '79-93', '2': '216-233'}",2.0,"{'1': '7-448', '2': '194-355'}",1.0,{'1': '8-441'}
P39955,,,1.0,{'1': '600-889'},1.0,{'1': '471-894'},3.0,"{'1': '641-790', '2': '857-893', '3': '815-849'}",1.0,{'1': '601-891'},1.0,{'1': '762-781'},1.0,{'1': '637-792'},,
P39958,16.0,"{'1': '21-33', '2': '84-97', '3': '134-149', '4': '191-205', '5': '289-303', '6': '333-349', '7': '358-376', '8': '391-410', '9': '412-432', '10': '11-29', '11': '29-46', '12': '78-95', '13': '95-111', '14': '144-159', '15': '220-237', '16': '238-259'}",1.0,{'1': '7-440'},1.0,{'1': '6-447'},1.0,{'1': '7-446'},2.0,"{'1': '7-298', '2': '400-445'}",,,,,,
P39960,,,3.0,"{'1': '1951-2166', '2': '1880-1950', '3': '637-860'}",1.0,{'1': '239-2167'},4.0,"{'1': '1981-2137', '2': '1133-1264', '3': '1879-1947', '4': '666-723'}",3.0,"{'1': '1961-2165', '2': '401-885', '3': '1061-1670'}",3.0,"{'1': '1967-2165', '2': '1914-1948', '3': '592-859'}",3.0,"{'1': '1978-2163', '2': '1119-1291', '3': '592-860'}",,
P39962,,,,,1.0,{'1': '19-405'},1.0,{'1': '15-262'},1.0,{'1': '13-332'},2.0,"{'1': '14-319', '2': '146-158'}",1.0,{'1': '14-333'},,
P39965,4.0,"{'1': '76-94', '2': '110-121', '3': '140-148', '4': '150-161'}",3.0,"{'1': '433-545', '2': '7-270', '3': '315-432'}",1.0,{'1': '21-536'},1.0,{'1': '100-428'},2.0,"{'1': '31-449', '2': '305-434'}",1.0,{'1': '53-439'},,,1.0,{'1': '7-544'}
P39966,,,1.0,{'1': '1-292'},1.0,{'1': '22-289'},1.0,{'1': '23-277'},1.0,{'1': '3-292'},2.0,"{'1': '57-65', '2': '23-292'}",1.0,{'1': '13-290'},,
P39967,,,,,1.0,{'1': '38-667'},1.0,{'1': '135-664'},1.0,{'1': '131-665'},3.0,"{'1': '135-150', '2': '601-619', '3': '134-667'}",,,,
P39968,,,2.0,"{'1': '18-160', '2': '161-536'}",1.0,{'1': '19-499'},8.0,"{'1': '86-113', '2': '115-154', '3': '157-195', '4': '197-236', '5': '249-280', '6': '287-320', '7': '327-363', '8': '412-446'}",1.0,{'1': '87-494'},7.0,"{'1': '85-127', '2': '126-168', '3': '167-209', '4': '208-245', '5': '251-293', '6': '292-334', '7': '333-376'}",9.0,"{'1': '71-114', '2': '115-155', '3': '156-196', '4': '197-237', '5': '240-280', '6': '281-321', '7': '322-363', '8': '364-405', '9': '406-446'}",,
P39969,,,2.0,"{'1': '765-888', '2': '267-327'}",1.0,{'1': '768-981'},3.0,"{'1': '49-98', '2': '264-328', '3': '771-884'}",2.0,"{'1': '259-330', '2': '44-105'}",3.0,"{'1': '43-107', '2': '266-330', '3': '768-887'}",3.0,"{'1': '46-106', '2': '263-330', '3': '769-889'}",,
P39970,,,,,1.0,{'1': '5-467'},1.0,{'1': '383-443'},1.0,{'1': '386-442'},2.0,"{'1': '389-404', '2': '386-447'}",1.0,{'1': '382-446'},,
P39976,,,3.0,"{'1': '18-120', '2': '122-240', '3': '456-496'}",1.0,{'1': '11-496'},2.0,"{'1': '243-494', '2': '70-204'}",2.0,"{'1': '217-495', '2': '32-241'}",1.0,{'1': '64-243'},,,,
P39980,,,2.0,"{'1': '65-272', '2': '322-516'}",,,,,1.0,{'1': '70-573'},,,,,,
P39984,,,1.0,{'1': '1-401'},1.0,{'1': '4-385'},3.0,"{'1': '156-188', '2': '286-324', '3': '12-82'}",1.0,{'1': '116-386'},4.0,"{'1': '156-198', '2': '291-333', '3': '176-190', '4': '311-325'}",6.0,"{'1': '108-147', '2': '149-189', '3': '196-237', '4': '241-280', '5': '284-324', '6': '341-381'}",,
P39985,,,,,1.0,{'1': '6-1011'},1.0,{'1': '46-859'},1.0,{'1': '22-625'},1.0,{'1': '621-629'},,,,
P39986,,,2.0,"{'1': '669-842', '2': '493-668'}",1.0,{'1': '21-1194'},1.0,{'1': '21-90'},4.0,"{'1': '253-384', '2': '170-1196', '3': '491-678', '4': '481-839'}",1.0,{'1': '487-493'},,,3.0,"{'1': '396-506', '2': '576-714', '3': '44-1177'}"
P39988,,,1.0,{'1': '2-305'},1.0,{'1': '2-298'},1.0,{'1': '81-231'},1.0,{'1': '1-301'},,,,,1.0,{'1': '3-274'}
P39990,8.0,"{'1': '6-19', '2': '19-34', '3': '36-46', '4': '80-92', '5': '33-47', '6': '52-65', '7': '68-78', '8': '78-92'}",1.0,{'1': '2-126'},1.0,{'1': '10-121'},1.0,{'1': '19-110'},1.0,{'1': '4-124'},1.0,{'1': '71-88'},,,,
P39991,,,,,,,,,1.0,{'1': '565-1041'},,,,,,
P39993,,,1.0,{'1': '632-766'},,,2.0,"{'1': '559-756', '2': '347-493'}",1.0,{'1': '552-759'},1.0,{'1': '552-754'},1.0,{'1': '556-756'},,
P39994,,,,,1.0,{'1': '6-557'},3.0,"{'1': '393-540', '2': '195-327', '3': '4-119'}",3.0,"{'1': '190-352', '2': '1-168', '3': '369-554'}",1.0,{'1': '429-448'},,,,
P39995,4.0,"{'1': '75-89', '2': '180-196', '3': '224-241', '4': '263-279'}",,,,,,,,,,,,,,
P39996,,,,,1.0,{'1': '1-337'},,,,,,,,,,
P39998,,,1.0,{'1': '255-539'},,,2.0,"{'1': '307-498', '2': '99-201'}",1.0,{'1': '291-528'},3.0,"{'1': '288-527', '2': '93-129', '3': '1-63'}",1.0,{'1': '99-196'},,
P40002,,,,,1.0,{'1': '2-661'},1.0,{'1': '6-193'},,,,,,,,
P40005,,,1.0,{'1': '8-108'},1.0,{'1': '3-110'},1.0,{'1': '9-110'},,,,,,,,
P40007,,,,,1.0,{'1': '1-226'},1.0,{'1': '5-223'},,,,,,,,
P40010,,,2.0,"{'1': '351-449', '2': '166-344'}",1.0,{'1': '5-516'},2.0,"{'1': '283-371', '2': '13-88'}",1.0,{'1': '167-349'},1.0,{'1': '165-343'},,,,
P40012,,,1.0,{'1': '11-539'},1.0,{'1': '7-534'},,,1.0,{'1': '13-532'},,,,,1.0,{'1': '11-539'}
P40013,,,1.0,{'1': '1-124'},1.0,{'1': '7-288'},1.0,{'1': '213-274'},2.0,"{'1': '198-280', '2': '3-121'}",2.0,"{'1': '6-107', '2': '188-281'}",,,,
P40014,,,,,,,,,1.0,{'1': '133-221'},,,,,,
P40015,,,1.0,{'1': '32-343'},1.0,{'1': '28-329'},1.0,{'1': '42-334'},1.0,{'1': '36-341'},,,,,,
P40016,,,,,1.0,{'1': '20-494'},3.0,"{'1': '365-446', '2': '450-519', '3': '31-349'}",1.0,{'1': '383-447'},1.0,{'1': '270-450'},1.0,{'1': '378-468'},,
P40017,,,3.0,"{'1': '526-738', '2': '116-522', '3': '6-115'}",1.0,{'1': '12-735'},1.0,{'1': '26-720'},,,2.0,"{'1': '23-38', '2': '398-424'}",,,,
P40018,,,,,1.0,{'1': '6-193'},1.0,{'1': '12-94'},1.0,{'1': '10-120'},1.0,{'1': '7-101'},1.0,{'1': '10-97'},,
P40019,,,,,,,1.0,{'1': '87-120'},,,,,1.0,{'1': '86-123'},,
P40023,,,,,,,1.0,{'1': '124-144'},,,,,,,,
P40024,,,2.0,"{'1': '82-348', '2': '362-608'}",1.0,{'1': '27-607'},3.0,"{'1': '98-255', '2': '412-544', '3': '294-365'}",2.0,"{'1': '79-337', '2': '374-590'}",3.0,"{'1': '82-323', '2': '393-610', '3': '227-241'}",2.0,"{'1': '106-309', '2': '420-589'}",,
P40025,,,1.0,{'1': '28-252'},1.0,{'1': '1-310'},,,1.0,{'1': '53-256'},,,,,2.0,"{'1': '123-246', '2': '53-247'}"
P40026,,,,,,,1.0,{'1': '1-452'},,,,,,,,
P40030,,,,,1.0,{'1': '21-140'},1.0,{'1': '23-134'},,,,,,,,
P40032,,,1.0,{'1': '277-635'},1.0,{'1': '2-633'},2.0,"{'1': '334-638', '2': '145-246'}",,,1.0,{'1': '141-247'},1.0,{'1': '40-246'},,
P40033,3.0,"{'1': '98-108', '2': '116-130', '3': '130-138'}",1.0,{'1': '83-138'},1.0,{'1': '34-138'},1.0,{'1': '93-138'},1.0,{'1': '75-138'},,,,,,
P40035,,,1.0,{'1': '16-294'},1.0,{'1': '7-300'},3.0,"{'1': '18-102', '2': '109-193', '3': '212-294'}",1.0,{'1': '19-288'},3.0,"{'1': '16-100', '2': '107-193', '3': '209-293'}",,,,
P40036,,,1.0,{'1': '404-536'},1.0,{'1': '1-537'},1.0,{'1': '435-533'},,,1.0,{'1': '419-534'},,,,
P40037,,,1.0,{'1': '1-129'},1.0,{'1': '8-126'},1.0,{'1': '11-126'},1.0,{'1': '6-127'},1.0,{'1': '103-121'},,,1.0,{'1': '7-126'}
P40038,,,,,1.0,{'1': '141-415'},2.0,"{'1': '170-270', '2': '325-388'}",,,,,,,,
P40040,,,1.0,{'1': '1-50'},1.0,{'1': '1-201'},2.0,"{'1': '3-38', '2': '128-164'}",1.0,{'1': '1-41'},1.0,{'1': '4-38'},1.0,{'1': '4-38'},,
P40043,,,1.0,{'1': '7-161'},,,1.0,{'1': '21-157'},,,,,,,,
P40045,,,1.0,{'1': '24-125'},,,,,,,,,,,,
P40046,,,,,1.0,{'1': '11-121'},1.0,{'1': '24-85'},,,,,,,,
P40047,,,2.0,"{'1': '47-510', '2': '291-480'}",,,1.0,{'1': '52-511'},1.0,{'1': '33-513'},2.0,"{'1': '315-326', '2': '287-294'}",,,,
P40048,4.0,"{'1': '570-577', '2': '602-622', '3': '799-817', '4': '861-871'}",2.0,"{'1': '478-882', '2': '92-237'}",1.0,{'1': '248-881'},3.0,"{'1': '530-664', '2': '709-876', '3': '110-224'}",2.0,"{'1': '515-883', '2': '87-233'}",4.0,"{'1': '530-878', '2': '798-869', '3': '111-232', '4': '802-812'}",3.0,"{'1': '494-880', '2': '99-229', '3': '751-877'}",,
P40050,,,1.0,{'1': '167-374'},,,1.0,{'1': '197-246'},,,,,,,,
P40051,,,2.0,"{'1': '64-242', '2': '243-511'}",1.0,{'1': '43-497'},2.0,"{'1': '252-473', '2': '70-192'}",2.0,"{'1': '63-245', '2': '246-496'}",1.0,{'1': '413-425'},1.0,{'1': '65-202'},,
P40053,,,,,1.0,{'1': '43-625'},,,1.0,{'1': '130-444'},,,,,,
P40054,,,,,1.0,{'1': '59-374'},2.0,"{'1': '61-381', '2': '165-349'}",2.0,"{'1': '155-350', '2': '396-468'}",4.0,"{'1': '399-469', '2': '201-228', '3': '247-269', '4': '276-292'}",,,,
P40055,,,2.0,"{'1': '75-247', '2': '249-401'}",1.0,{'1': '7-553'},2.0,"{'1': '273-302', '2': '367-445'}",1.0,{'1': '109-342'},2.0,"{'1': '270-311', '2': '289-303'}",4.0,"{'1': '180-218', '2': '221-260', '3': '263-302', '4': '367-446'}",,
P40056,,,,,1.0,{'1': '2-285'},1.0,{'1': '3-282'},,,,,,,,
P40059,,,,,,,,,1.0,{'1': '67-122'},2.0,"{'1': '67-117', '2': '67-121'}",1.0,{'1': '71-119'},,
P40060,,,,,,,1.0,{'1': '11-123'},,,,,,,,
P40064,,,2.0,"{'1': '901-1066', '2': '1068-1146'}",1.0,{'1': '91-1356'},2.0,"{'1': '706-1383', '2': '135-609'}",,,,,,,,
P40066,3.0,"{'1': '52-66', '2': '140-154', '3': '284-298'}",1.0,{'1': '4-365'},,,4.0,"{'1': '37-65', '2': '77-108', '3': '134-153', '4': '271-297'}",1.0,{'1': '35-332'},4.0,"{'1': '32-69', '2': '76-117', '3': '140-162', '4': '272-297'}",4.0,"{'1': '26-65', '2': '68-108', '3': '110-153', '4': '242-297'}",,
P40069,,,1.0,{'1': '2-1103'},1.0,{'1': '3-1092'},1.0,{'1': '86-240'},2.0,"{'1': '3-760', '2': '668-1097'}",2.0,"{'1': '25-92', '2': '398-436'}",2.0,"{'1': '25-92', '2': '346-603'}",,
P40070,,,,,1.0,{'1': '2-119'},1.0,{'1': '6-80'},1.0,{'1': '3-145'},1.0,{'1': '2-85'},1.0,{'1': '5-81'},,
P40071,,,,,1.0,{'1': '54-702'},1.0,{'1': '78-663'},,,,,,,,
P40072,,,1.0,{'1': '177-274'},1.0,{'1': '24-264'},1.0,{'1': '206-249'},,,2.0,"{'1': '206-250', '2': '221-230'}",1.0,{'1': '206-249'},,
P40075,,,1.0,{'1': '1-126'},1.0,{'1': '4-215'},1.0,{'1': '4-107'},1.0,{'1': '4-134'},1.0,{'1': '3-126'},,,,
P40077,,,1.0,{'1': '10-439'},,,,,1.0,{'1': '99-437'},,,2.0,"{'1': '120-176', '2': '347-386'}",,
P40078,,,,,1.0,{'1': '1-261'},1.0,{'1': '36-260'},,,,,,,,
P40079,,,,,,,1.0,{'1': '8-108'},,,,,,,,
P40081,,,1.0,{'1': '1-176'},1.0,{'1': '3-175'},1.0,{'1': '4-174'},1.0,{'1': '1-169'},,,,,2.0,"{'1': '7-151', '2': '4-174'}"
P40084,,,1.0,{'1': '1-178'},1.0,{'1': '19-155'},1.0,{'1': '53-128'},,,1.0,{'1': '50-136'},,,,
P40085,,,,,1.0,{'1': '32-556'},1.0,{'1': '144-455'},,,,,,,,
P40086,,,,,1.0,{'1': '18-459'},1.0,{'1': '87-441'},,,,,,,,
P40087,,,1.0,{'1': '181-325'},,,2.0,"{'1': '391-426', '2': '195-302'}",2.0,"{'1': '378-427', '2': '189-303'}",2.0,"{'1': '215-293', '2': '389-428'}",1.0,{'1': '391-428'},,
P40089,,,,,1.0,{'1': '4-87'},1.0,{'1': '12-83'},1.0,{'1': '7-85'},1.0,{'1': '7-87'},1.0,{'1': '10-83'},,
P40090,,,,,,,1.0,{'1': '14-606'},,,,,,,,
P40092,,,,,1.0,{'1': '1-120'},,,,,,,,,,
P40093,,,,,1.0,{'1': '5-337'},1.0,{'1': '16-337'},,,,,,,,
P40094,,,,,1.0,{'1': '71-758'},2.0,"{'1': '85-231', '2': '255-625'}",,,,,,,,
P40096,,,1.0,{'1': '46-115'},1.0,{'1': '41-131'},1.0,{'1': '52-112'},1.0,{'1': '30-137'},,,,,,
P40098,,,,,1.0,{'1': '34-241'},,,1.0,{'1': '46-233'},,,,,,
P40099,,,1.0,{'1': '1-207'},1.0,{'1': '2-209'},1.0,{'1': '4-202'},1.0,{'1': '3-209'},,,,,1.0,{'1': '4-202'}
P40106,,,2.0,"{'1': '27-88', '2': '13-221'}",1.0,{'1': '6-237'},,,1.0,{'1': '12-220'},,,,,1.0,{'1': '99-197'}
P40107,,,,,1.0,{'1': '23-329'},1.0,{'1': '33-321'},1.0,{'1': '221-327'},,,,,,
P40150,,,2.0,"{'1': '381-512', '2': '515-613'}",1.0,{'1': '9-576'},1.0,{'1': '9-610'},4.0,"{'1': '391-547', '2': '541-598', '3': '9-188', '4': '193-385'}",3.0,"{'1': '12-19', '2': '200-213', '3': '337-351'}",,,,
P40151,,,1.0,{'1': '125-295'},1.0,{'1': '13-558'},3.0,"{'1': '173-291', '2': '410-556', '3': '325-409'}",2.0,"{'1': '394-557', '2': '133-371'}",1.0,{'1': '11-38'},2.0,"{'1': '169-297', '2': '11-34'}",,
P40152,,,1.0,{'1': '46-324'},1.0,{'1': '51-325'},1.0,{'1': '64-180'},1.0,{'1': '46-296'},,,,,,
P40154,,,,,1.0,{'1': '36-283'},1.0,{'1': '237-308'},,,,,1.0,{'1': '237-316'},,
P40156,,,,,1.0,{'1': '37-176'},1.0,{'1': '76-126'},,,,,,,,
P40157,,,,,1.0,{'1': '19-766'},3.0,"{'1': '419-775', '2': '232-336', '3': '1-177'}",1.0,{'1': '397-635'},,,,,,
P40159,,,,,,,1.0,{'1': '47-85'},,,,,,,,
P40160,,,1.0,{'1': '1-92'},,,2.0,"{'1': '8-91', '2': '108-287'}",2.0,"{'1': '95-281', '2': '7-91'}",,,1.0,{'1': '66-302'},,
P40161,,,2.0,"{'1': '206-302', '2': '1-66'}",1.0,{'1': '70-419'},3.0,"{'1': '221-307', '2': '66-203', '3': '5-49'}",,,,,1.0,{'1': '219-308'},,
P40164,,,1.0,{'1': '25-140'},1.0,{'1': '28-784'},2.0,"{'1': '171-780', '2': '29-126'}",1.0,{'1': '303-697'},,,,,,
P40185,,,1.0,{'1': '20-145'},1.0,{'1': '23-142'},1.0,{'1': '27-142'},1.0,{'1': '24-143'},1.0,{'1': '119-137'},,,1.0,{'1': '23-142'}
P40186,,,,,1.0,{'1': '80-281'},1.0,{'1': '108-264'},,,,,,,,
P40187,,,1.0,{'1': '370-511'},1.0,{'1': '1-535'},1.0,{'1': '389-507'},,,1.0,{'1': '384-508'},,,,
P40188,,,1.0,{'1': '9-162'},,,1.0,{'1': '23-159'},,,,,,,,
P40202,,,1.0,{'1': '78-217'},1.0,{'1': '13-242'},1.0,{'1': '11-67'},2.0,"{'1': '13-70', '2': '74-244'}",1.0,{'1': '6-69'},,,,
P40204,,,,,1.0,{'1': '3-77'},1.0,{'1': '6-72'},1.0,{'1': '4-75'},1.0,{'1': '2-77'},1.0,{'1': '5-73'},,
P40208,,,,,1.0,{'1': '82-447'},1.0,{'1': '130-297'},,,1.0,{'1': '130-213'},2.0,"{'1': '130-213', '2': '221-330'}",,
P40212,,,,,1.0,{'1': '1-198'},1.0,{'1': '9-175'},,,1.0,{'1': '70-84'},,,,
P40215,,,,,1.0,{'1': '102-559'},2.0,"{'1': '114-443', '2': '493-557'}",2.0,"{'1': '113-328', '2': '270-449'}",,,,,,
P40217,,,1.0,{'1': '1-347'},,,1.0,{'1': '1-332'},1.0,{'1': '12-328'},4.0,"{'1': '6-47', '2': '48-89', '3': '289-319', '4': '67-81'}",6.0,"{'1': '1-38', '2': '41-80', '3': '83-126', '4': '140-181', '5': '185-224', '6': '282-321'}",,
P40218,,,,,,,1.0,{'1': '270-338'},,,,,,,,
P40219,,,,,,,1.0,{'1': '6-74'},,,,,,,,
P40302,,,1.0,{'1': '2-234'},1.0,{'1': '12-220'},2.0,"{'1': '6-28', '2': '29-216'}",1.0,{'1': '2-232'},2.0,"{'1': '6-28', '2': '21-234'}",1.0,{'1': '6-28'},,
P40303,,,1.0,{'1': '3-243'},1.0,{'1': '9-239'},2.0,"{'1': '4-26', '2': '27-215'}",1.0,{'1': '3-242'},3.0,"{'1': '4-26', '2': '34-81', '3': '19-233'}",1.0,{'1': '4-26'},,
P40308,,,,,1.0,{'1': '64-637'},2.0,"{'1': '204-364', '2': '71-195'}",1.0,{'1': '200-446'},1.0,{'1': '204-392'},,,,
P40309,,,1.0,{'1': '24-434'},1.0,{'1': '13-655'},1.0,{'1': '33-422'},,,,,,,1.0,{'1': '27-332'}
P40312,4.0,"{'1': '27-37', '2': '37-51', '3': '52-59', '4': '65-77'}",1.0,{'1': '2-91'},1.0,{'1': '3-108'},1.0,{'1': '7-77'},1.0,{'1': '1-87'},2.0,"{'1': '2-78', '2': '33-40'}",1.0,{'1': '5-78'},,
P40314,,,1.0,{'1': '54-110'},1.0,{'1': '4-129'},1.0,{'1': '42-96'},,,1.0,{'1': '38-103'},1.0,{'1': '41-97'},,
P40317,,,,,1.0,{'1': '9-893'},1.0,{'1': '390-892'},,,,,,,,
P40318,,,1.0,{'1': '19-101'},,,1.0,{'1': '39-93'},,,1.0,{'1': '31-100'},1.0,{'1': '38-94'},,
P40319,,,,,1.0,{'1': '59-308'},1.0,{'1': '70-313'},,,1.0,{'1': '181-189'},,,,
P40327,,,2.0,"{'1': '104-171', '2': '172-350'}",1.0,{'1': '53-428'},3.0,"{'1': '219-351', '2': '106-160', '3': '374-417'}",1.0,{'1': '179-431'},1.0,{'1': '322-340'},1.0,{'1': '215-354'},,
P40328,,,1.0,{'1': '466-746'},1.0,{'1': '243-751'},3.0,"{'1': '507-647', '2': '718-750', '3': '670-713'}",1.0,{'1': '466-748'},1.0,{'1': '619-638'},1.0,{'1': '503-649'},,
P40335,,,2.0,"{'1': '1-184', '2': '241-379'}",1.0,{'1': '1-378'},1.0,{'1': '5-363'},1.0,{'1': '44-169'},,,,,,
P40339,,,1.0,{'1': '2-166'},1.0,{'1': '9-311'},2.0,"{'1': '45-163', '2': '231-315'}",2.0,"{'1': '231-321', '2': '8-228'}",,,1.0,{'1': '41-255'},,
P40340,,,3.0,"{'1': '409-679', '2': '744-911', '3': '1025-1117'}",1.0,{'1': '48-1366'},3.0,"{'1': '450-585', '2': '772-881', '3': '611-648'}",3.0,"{'1': '409-677', '2': '687-922', '3': '1044-1080'}",2.0,"{'1': '1044-1086', '2': '555-573'}",1.0,{'1': '446-587'},,
P40341,,,2.0,"{'1': '328-517', '2': '603-795'}",1.0,{'1': '43-817'},4.0,"{'1': '601-781', '2': '385-517', '3': '185-282', '4': '546-586'}",2.0,"{'1': '340-591', '2': '602-793'}",1.0,{'1': '488-506'},1.0,{'1': '380-520'},1.0,{'1': '193-778'}
P40342,,,,,,,1.0,{'1': '14-144'},,,,,,,,
P40343,,,2.0,"{'1': '3-155', '2': '163-233'}",,,5.0,"{'1': '172-229', '2': '5-145', '3': '258-274', '4': '301-317', '5': '354-424'}",2.0,"{'1': '5-150', '2': '170-230'}",4.0,"{'1': '18-149', '2': '258-277', '3': '301-320', '4': '170-230'}",4.0,"{'1': '165-231', '2': '9-145', '3': '258-277', '4': '301-320'}",,
P40344,,,,,,,1.0,{'1': '32-305'},,,,,,,,
P40345,,,1.0,{'1': '223-415'},,,1.0,{'1': '202-624'},1.0,{'1': '171-576'},,,,,,
P40348,,,1.0,{'1': '26-191'},1.0,{'1': '25-344'},2.0,"{'1': '61-188', '2': '264-349'}",2.0,"{'1': '263-352', '2': '24-257'}",,,1.0,{'1': '57-193'},,
P40350,,,1.0,{'1': '49-327'},,,1.0,{'1': '76-246'},1.0,{'1': '68-323'},,,,,,
P40352,,,2.0,"{'1': '574-872', '2': '273-567'}",1.0,{'1': '84-1011'},2.0,"{'1': '300-632', '2': '652-768'}",2.0,"{'1': '267-568', '2': '570-834'}",2.0,"{'1': '655-818', '2': '309-518'}",2.0,"{'1': '681-768', '2': '293-526'}",,
P40356,,,,,,,1.0,{'1': '3-397'},,,,,,,,
P40357,,,,,,,,,,,2.0,"{'1': '434-496', '2': '588-650'}",2.0,"{'1': '429-496', '2': '583-650'}",,
P40359,,,,,1.0,{'1': '6-209'},2.0,"{'1': '92-195', '2': '51-88'}",1.0,{'1': '90-197'},,,,,,
P40360,,,,,,,1.0,{'1': '365-562'},,,1.0,{'1': '392-560'},,,,
P40361,,,,,1.0,{'1': '25-879'},2.0,"{'1': '233-714', '2': '751-880'}",1.0,{'1': '200-875'},,,,,,
P40362,,,1.0,{'1': '226-592'},1.0,{'1': '10-594'},2.0,"{'1': '246-275', '2': '564-589'}",1.0,{'1': '247-592'},2.0,"{'1': '244-278', '2': '565-594'}",3.0,"{'1': '238-276', '2': '454-495', '3': '548-590'}",,
P40364,,,,,,,1.0,{'1': '71-235'},,,,,,,,
P40366,,,1.0,{'1': '29-109'},1.0,{'1': '19-122'},,,1.0,{'1': '20-107'},,,,,,
P40367,,,1.0,{'1': '51-359'},1.0,{'1': '8-372'},2.0,"{'1': '54-265', '2': '399-815'}",1.0,{'1': '48-331'},,,,,,
P40368,,,,,1.0,{'1': '6-711'},,,,,,,,,,
P40395,,,,,1.0,{'1': '40-1045'},1.0,{'1': '900-1045'},,,,,,,,
P40413,5.0,"{'1': '59-75', '2': '81-99', '3': '111-130', '4': '405-427', '5': '439-451'}",3.0,"{'1': '241-401', '2': '167-437', '3': '54-555'}",1.0,{'1': '40-557'},1.0,{'1': '57-557'},3.0,"{'1': '236-410', '2': '174-436', '3': '38-556'}",2.0,"{'1': '62-74', '2': '111-119'}",,,1.0,{'1': '20-557'}
P40414,,,,,,,1.0,{'1': '1-96'},,,,,,,,
P40422,,,,,1.0,{'1': '18-70'},1.0,{'1': '29-60'},1.0,{'1': '27-70'},,,1.0,{'1': '27-70'},,
P40433,6.0,"{'1': '273-287', '2': '301-315', '3': '326-340', '4': '377-398', '5': '399-421', '6': '500-516'}",2.0,"{'1': '182-394', '2': '396-638'}",1.0,{'1': '119-621'},2.0,"{'1': '466-610', '2': '174-395'}",2.0,"{'1': '184-396', '2': '398-634'}",,,1.0,{'1': '398-572'},,
P40453,,,1.0,{'1': '312-455'},1.0,{'1': '483-1068'},1.0,{'1': '609-1066'},2.0,"{'1': '302-445', '2': '608-1069'}",3.0,"{'1': '610-625', '2': '998-1015', '3': '609-1069'}",,,,
P40454,,,1.0,{'1': '204-322'},1.0,{'1': '9-312'},1.0,{'1': '16-314'},1.0,{'1': '4-315'},,,,,,
P40456,,,,,1.0,{'1': '200-1101'},1.0,{'1': '949-1098'},1.0,{'1': '206-802'},,,1.0,{'1': '947-1087'},,
P40457,,,,,,,1.0,{'1': '437-544'},,,,,,,,
P40459,,,2.0,"{'1': '1-188', '2': '189-309'}",,,1.0,{'1': '2-308'},,,,,,,1.0,{'1': '1-309'}
P40460,,,1.0,{'1': '112-231'},1.0,{'1': '1-689'},2.0,"{'1': '269-334', '2': '106-229'}",,,,,,,,
P40466,3.0,"{'1': '303-316', '2': '324-341', '3': '347-364'}",1.0,{'1': '291-394'},,,2.0,"{'1': '76-162', '2': '303-387'}",2.0,"{'1': '60-173', '2': '302-391'}",4.0,"{'1': '76-142', '2': '303-401', '3': '303-316', '4': '347-353'}",2.0,"{'1': '75-142', '2': '301-391'}",,
P40468,,,,,1.0,{'1': '126-2359'},5.0,"{'1': '1903-2153', '2': '348-887', '3': '936-1312', '4': '1406-1634', '5': '1701-1863'}",2.0,"{'1': '884-1763', '2': '1719-2147'}",,,,,,
P40469,,,1.0,{'1': '811-1023'},1.0,{'1': '3-1027'},2.0,"{'1': '577-982', '2': '46-313'}",1.0,{'1': '48-1008'},,,,,,
P40470,,,,,,,1.0,{'1': '6-202'},,,,,,,,
P40471,8.0,"{'1': '85-96', '2': '137-145', '3': '157-176', '4': '11-28', '5': '85-96', '6': '131-147', '7': '157-176', '8': '178-195'}",,,,,1.0,{'1': '10-198'},1.0,{'1': '9-258'},1.0,{'1': '144-172'},,,,
P40472,,,,,1.0,{'1': '133-475'},1.0,{'1': '221-463'},,,,,,,,
P40474,,,1.0,{'1': '60-524'},,,1.0,{'1': '68-367'},1.0,{'1': '44-529'},2.0,"{'1': '117-133', '2': '63-528'}",,,,
P40477,,,1.0,{'1': '1-387'},,,1.0,{'1': '35-374'},,,,,,,,
P40480,2.0,"{'1': '364-379', '2': '414-428'}",2.0,"{'1': '316-463', '2': '493-699'}",,,2.0,"{'1': '334-429', '2': '568-634'}",1.0,{'1': '324-635'},4.0,"{'1': '329-362', '2': '363-395', '3': '398-430', '4': '593-625'}",4.0,"{'1': '329-359', '2': '363-392', '3': '398-427', '4': '593-622'}",,
P40481,,,1.0,{'1': '113-351'},1.0,{'1': '58-322'},,,,,,,,,,
P40482,,,2.0,"{'1': '754-905', '2': '303-550'}",1.0,{'1': '19-924'},5.0,"{'1': '228-264', '2': '301-548', '3': '647-749', '4': '781-856', '5': '554-636'}",4.0,"{'1': '217-299', '2': '647-753', '3': '754-925', '4': '301-552'}",,,,,,
P40483,,,1.0,{'1': '526-695'},1.0,{'1': '4-694'},2.0,"{'1': '594-691', '2': '7-430'}",1.0,{'1': '533-693'},1.0,{'1': '522-695'},,,,
P40484,,,1.0,{'1': '79-314'},1.0,{'1': '114-311'},1.0,{'1': '134-304'},1.0,{'1': '123-309'},,,1.0,{'1': '130-304'},,
P40485,,,2.0,"{'1': '464-583', '2': '186-441'}",,,2.0,"{'1': '261-441', '2': '459-532'}",1.0,{'1': '261-440'},1.0,{'1': '468-581'},1.0,{'1': '469-583'},,
P40486,,,1.0,{'1': '1-134'},1.0,{'1': '1-504'},2.0,"{'1': '267-470', '2': '3-97'}",1.0,{'1': '3-89'},1.0,{'1': '1-91'},,,,
P40487,,,3.0,"{'1': '87-171', '2': '172-290', '3': '291-389'}",1.0,{'1': '48-413'},1.0,{'1': '99-403'},,,,,,,1.0,{'1': '76-393'}
P40489,,,1.0,{'1': '327-413'},1.0,{'1': '3-449'},,,1.0,{'1': '176-406'},1.0,{'1': '282-395'},,,,
P40491,,,,,1.0,{'1': '4-155'},,,,,,,,,,
P40492,,,,,1.0,{'1': '12-514'},1.0,{'1': '189-393'},,,2.0,"{'1': '187-245', '2': '434-501'}",1.0,{'1': '187-245'},,
P40493,,,,,,,1.0,{'1': '75-292'},,,,,,,,
P40494,,,,,,,1.0,{'1': '28-293'},1.0,{'1': '16-350'},2.0,"{'1': '22-298', '2': '154-166'}",1.0,{'1': '22-298'},,
P40495,,,,,,,1.0,{'1': '25-367'},,,1.0,{'1': '263-282'},1.0,{'1': '25-367'},,
P40496,,,,,1.0,{'1': '1-254'},1.0,{'1': '1-233'},,,,,,,,
P40498,,,1.0,{'1': '281-513'},1.0,{'1': '24-720'},2.0,"{'1': '529-720', '2': '261-515'}",1.0,{'1': '314-464'},,,,,,
P40501,,,,,,,1.0,{'1': '4-476'},,,,,,,,
P40505,,,,,1.0,{'1': '7-283'},1.0,{'1': '21-310'},,,,,1.0,{'1': '21-310'},,
P40506,,,1.0,{'1': '56-359'},,,1.0,{'1': '73-129'},1.0,{'1': '57-355'},,,,,,
P40507,,,,,1.0,{'1': '52-356'},4.0,"{'1': '75-91', '2': '113-129', '3': '175-189', '4': '136-158'}",3.0,"{'1': '72-91', '2': '110-151', '3': '164-192'}",3.0,"{'1': '75-90', '2': '114-128', '3': '175-190'}",5.0,"{'1': '75-91', '2': '93-110', '3': '113-129', '4': '135-151', '5': '174-190'}",,
P40508,,,,,,,1.0,{'1': '33-202'},,,,,,,,
P40509,,,1.0,{'1': '1-296'},1.0,{'1': '3-294'},,,,,,,,,,
P40510,,,,,1.0,{'1': '60-374'},2.0,"{'1': '61-381', '2': '165-349'}",2.0,"{'1': '155-350', '2': '396-468'}",4.0,"{'1': '399-469', '2': '201-228', '3': '247-269', '4': '276-292'}",,,,
P40512,,,,,1.0,{'1': '96-355'},,,,,1.0,{'1': '195-367'},1.0,{'1': '296-387'},,
P40513,,,1.0,{'1': '43-266'},1.0,{'1': '37-265'},1.0,{'1': '57-265'},1.0,{'1': '47-266'},,,,,,
P40517,,,1.0,{'1': '136-327'},1.0,{'1': '9-321'},1.0,{'1': '204-325'},,,1.0,{'1': '197-327'},1.0,{'1': '195-325'},,
P40518,,,1.0,{'1': '1-154'},1.0,{'1': '2-154'},1.0,{'1': '4-154'},1.0,{'1': '4-154'},,,,,,
P40522,,,,,,,1.0,{'1': '18-106'},,,,,,,,
P40525,4.0,"{'1': '13-26', '2': '26-43', '3': '44-54', '4': '64-86'}",1.0,{'1': '39-121'},1.0,{'1': '1-114'},1.0,{'1': '1-94'},,,1.0,{'1': '15-28'},,,,
P40528,,,,,,,2.0,"{'1': '1-303', '2': '437-789'}",,,2.0,"{'1': '1-303', '2': '606-815'}",,,,
P40529,3.0,"{'1': '21-40', '2': '40-57', '3': '61-82'}",1.0,{'1': '2-128'},1.0,{'1': '8-169'},1.0,{'1': '9-123'},1.0,{'1': '8-124'},1.0,{'1': '8-130'},1.0,{'1': '9-130'},,
P40530,3.0,"{'1': '298-312', '2': '346-364', '3': '370-383'}",2.0,"{'1': '31-206', '2': '215-390'}",1.0,{'1': '36-387'},2.0,"{'1': '260-383', '2': '55-212'}",2.0,"{'1': '36-196', '2': '212-382'}",1.0,{'1': '126-386'},1.0,{'1': '260-386'},,
P40532,,,,,,,1.0,{'1': '38-83'},,,,,,,,
P40533,,,,,1.0,{'1': '7-469'},1.0,{'1': '81-382'},1.0,{'1': '78-390'},,,,,,
P40535,,,,,1.0,{'1': '35-536'},1.0,{'1': '425-483'},1.0,{'1': '427-483'},2.0,"{'1': '430-445', '2': '427-482'}",1.0,{'1': '423-487'},,
P40537,,,,,,,1.0,{'1': '456-673'},1.0,{'1': '425-686'},1.0,{'1': '442-635'},,,,
P40540,,,,,1.0,{'1': '1-141'},1.0,{'1': '9-128'},,,,,,,,
P40541,,,,,1.0,{'1': '46-1063'},3.0,"{'1': '226-343', '2': '372-451', '3': '731-1051'}",1.0,{'1': '151-875'},1.0,{'1': '367-457'},,,,
P40546,,,,,1.0,{'1': '63-344'},,,,,,,,,,
P40547,,,1.0,{'1': '465-804'},1.0,{'1': '5-914'},,,1.0,{'1': '291-914'},,,,,,
P40548,,,1.0,{'1': '41-159'},,,1.0,{'1': '74-158'},,,1.0,{'1': '73-159'},1.0,{'1': '73-159'},,
P40550,,,2.0,"{'1': '40-269', '2': '738-975'}",,,6.0,"{'1': '50-199', '2': '777-906', '3': '587-659', '4': '365-575', '5': '1072-1282', '6': '935-994'}",2.0,"{'1': '48-264', '2': '749-969'}",3.0,"{'1': '31-273', '2': '751-979', '3': '172-186'}",1.0,{'1': '774-955'},,
P40553,,,,,1.0,{'1': '45-211'},1.0,{'1': '65-186'},1.0,{'1': '61-210'},1.0,{'1': '63-211'},,,,
P40554,,,1.0,{'1': '1-99'},1.0,{'1': '2-99'},1.0,{'1': '3-99'},1.0,{'1': '2-99'},,,,,,
P40555,,,1.0,{'1': '119-220'},1.0,{'1': '26-219'},2.0,"{'1': '105-186', '2': '31-108'}",1.0,{'1': '132-205'},,,1.0,{'1': '98-194'},,
P40557,,,,,1.0,{'1': '31-142'},1.0,{'1': '37-137'},2.0,"{'1': '30-139', '2': '321-449'}",2.0,"{'1': '22-142', '2': '52-70'}",,,,
P40558,,,1.0,{'1': '11-279'},1.0,{'1': '10-274'},1.0,{'1': '16-271'},1.0,{'1': '6-244'},1.0,{'1': '128-144'},,,,
P40559,,,1.0,{'1': '503-852'},1.0,{'1': '228-858'},2.0,"{'1': '532-818', '2': '71-368'}",1.0,{'1': '505-841'},1.0,{'1': '151-480'},1.0,{'1': '525-828'},,
P40560,,,3.0,"{'1': '94-217', '2': '250-425', '3': '2-89'}",1.0,{'1': '4-510'},3.0,"{'1': '123-207', '2': '267-389', '3': '17-62'}",3.0,"{'1': '121-208', '2': '261-387', '3': '11-82'}",3.0,"{'1': '122-179', '2': '274-360', '3': '41-66'}",4.0,"{'1': '122-219', '2': '274-390', '3': '8-37', '4': '41-70'}",,
P40561,,,1.0,{'1': '1-144'},,,1.0,{'1': '66-134'},1.0,{'1': '57-153'},1.0,{'1': '64-141'},1.0,{'1': '65-137'},,
P40562,,,2.0,"{'1': '80-276', '2': '419-644'}",,,2.0,"{'1': '511-611', '2': '85-244'}",1.0,{'1': '130-629'},2.0,"{'1': '507-655', '2': '94-261'}",2.0,"{'1': '498-612', '2': '83-283'}",,
P40563,,,,,,,1.0,{'1': '135-539'},,,,,,,,
P40564,4.0,"{'1': '8-26', '2': '26-41', '3': '43-63', '4': '63-82'}",1.0,{'1': '3-103'},1.0,{'1': '1-431'},2.0,"{'1': '6-68', '2': '205-422'}",1.0,{'1': '5-100'},2.0,"{'1': '6-71', '2': '48-67'}",1.0,{'1': '5-63'},,
P40565,,,1.0,{'1': '21-138'},1.0,{'1': '2-145'},1.0,{'1': '33-103'},1.0,{'1': '19-115'},1.0,{'1': '31-109'},1.0,{'1': '32-105'},,
P40566,,,1.0,{'1': '641-741'},1.0,{'1': '7-748'},2.0,"{'1': '71-135', '2': '654-736'}",1.0,{'1': '10-497'},1.0,{'1': '258-267'},,,,
P40567,,,1.0,{'1': '28-111'},,,,,1.0,{'1': '27-108'},1.0,{'1': '28-106'},1.0,{'1': '29-102'},,
P40568,,,,,1.0,{'1': '18-572'},1.0,{'1': '224-571'},,,1.0,{'1': '398-410'},,,,
P40571,,,,,,,1.0,{'1': '36-100'},,,,,,,,
P40574,,,,,1.0,{'1': '21-201'},,,1.0,{'1': '59-118'},2.0,"{'1': '63-78', '2': '58-121'}",1.0,{'1': '56-120'},,
P40577,,,,,,,1.0,{'1': '8-140'},,,,,,,,
P40578,,,2.0,"{'1': '520-665', '2': '686-818'}",1.0,{'1': '713-789'},3.0,"{'1': '703-778', '2': '530-600', '3': '156-339'}",2.0,"{'1': '522-650', '2': '705-796'}",2.0,"{'1': '719-751', '2': '752-784'}",3.0,"{'1': '719-748', '2': '752-781', '3': '529-625'}",,
P40579,8.0,"{'1': '77-88', '2': '130-138', '3': '150-169', '4': '4-21', '5': '77-88', '6': '124-140', '7': '150-169', '8': '169-186'}",,,,,1.0,{'1': '3-192'},1.0,{'1': '2-244'},1.0,{'1': '137-165'},,,,
P40581,3.0,"{'1': '22-39', '2': '57-73', '3': '123-132'}",,,1.0,{'1': '3-159'},1.0,{'1': '4-111'},1.0,{'1': '4-160'},4.0,"{'1': '1-163', '2': '1-160', '3': '24-39', '4': '60-67'}",,,,
P40693,,,1.0,{'1': '141-300'},1.0,{'1': '10-321'},1.0,{'1': '142-194'},1.0,{'1': '141-285'},1.0,{'1': '162-194'},,,,
P40850,,,,,1.0,{'1': '1-341'},3.0,"{'1': '1-102', '2': '574-824', '3': '401-490'}",1.0,{'1': '3-246'},,,2.0,"{'1': '1-103', '2': '179-248'}",,
P40851,,,,,1.0,{'1': '19-1085'},1.0,{'1': '36-179'},4.0,"{'1': '20-250', '2': '313-583', '3': '613-823', '4': '867-1081'}",1.0,{'1': '55-78'},,,,
P40856,,,,,1.0,{'1': '5-1015'},1.0,{'1': '259-772'},,,,,,,,
P40858,,,,,1.0,{'1': '52-160'},1.0,{'1': '56-157'},1.0,{'1': '55-158'},,,,,,
P40893,,,,,1.0,{'1': '7-187'},1.0,{'1': '14-188'},1.0,{'1': '13-187'},,,,,,
P40897,,,,,1.0,{'1': '84-772'},1.0,{'1': '107-758'},,,,,,,2.0,"{'1': '84-761', '2': '88-760'}"
P40955,,,1.0,{'1': '39-744'},1.0,{'1': '40-739'},2.0,"{'1': '89-414', '2': '526-558'}",1.0,{'1': '339-405'},,,,,,
P40956,3.0,"{'1': '27-46', '2': '46-63', '3': '72-93'}",1.0,{'1': '9-141'},1.0,{'1': '14-384'},2.0,"{'1': '15-132', '2': '195-231'}",2.0,"{'1': '179-232', '2': '15-135'}",2.0,"{'1': '14-141', '2': '193-234'}",2.0,"{'1': '14-141', '2': '195-233'}",,
P40957,,,,,1.0,{'1': '59-746'},1.0,{'1': '70-744'},,,,,,,,
P40958,,,1.0,{'1': '1-196'},1.0,{'1': '5-195'},1.0,{'1': '10-177'},1.0,{'1': '4-195'},1.0,{'1': '8-192'},,,,
P40961,7.0,"{'1': '72-88', '2': '90-109', '3': '113-131', '4': '136-152', '5': '159-178', '6': '184-207', '7': '207-223'}",1.0,{'1': '57-191'},1.0,{'1': '13-265'},1.0,{'1': '32-210'},1.0,{'1': '60-195'},,,1.0,{'1': '28-189'},,
P40962,,,1.0,{'1': '56-186'},1.0,{'1': '8-220'},2.0,"{'1': '57-129', '2': '23-51'}",1.0,{'1': '23-58'},1.0,{'1': '26-48'},2.0,"{'1': '21-55', '2': '50-178'}",,
P40963,,,1.0,{'1': '250-315'},1.0,{'1': '26-318'},1.0,{'1': '130-306'},1.0,{'1': '48-327'},1.0,{'1': '45-338'},,,,
P40968,3.0,"{'1': '178-192', '2': '221-235', '3': '308-322'}",1.0,{'1': '136-455'},1.0,{'1': '38-455'},4.0,"{'1': '153-191', '2': '197-234', '3': '285-320', '4': '373-411'}",1.0,{'1': '126-453'},3.0,"{'1': '158-191', '2': '202-243', '3': '289-321'}",5.0,"{'1': '151-191', '2': '195-234', '3': '282-321', '4': '370-411', '5': '414-455'}",,
P40969,,,1.0,{'1': '14-71'},1.0,{'1': '11-502'},2.0,"{'1': '12-47', '2': '101-607'}",1.0,{'1': '4-45'},2.0,"{'1': '13-42', '2': '13-44'}",1.0,{'1': '8-53'},,
P40970,,,2.0,"{'1': '171-422', '2': '157-513'}",1.0,{'1': '62-518'},1.0,{'1': '156-514'},1.0,{'1': '105-524'},1.0,{'1': '363-372'},,,,
P40971,,,1.0,{'1': '150-216'},,,2.0,"{'1': '158-189', '2': '359-773'}",1.0,{'1': '150-196'},2.0,"{'1': '158-186', '2': '158-188'}",1.0,{'1': '153-197'},,
P40975,,,,,,,1.0,{'1': '1-43'},,,,,,,,
P40986,,,1.0,{'1': '120-387'},1.0,{'1': '42-426'},1.0,{'1': '90-317'},1.0,{'1': '87-325'},,,,,,
P40987,,,,,1.0,{'1': '237-437'},1.0,{'1': '237-416'},,,,,,,,
P40988,,,,,,,2.0,"{'1': '350-404', '2': '454-527'}",,,,,,,,
P40989,,,,,,,3.0,"{'1': '827-1649', '2': '320-427', '3': '458-629'}",,,,,1.0,{'1': '318-430'},,
P40991,8.0,"{'1': '321-335', '2': '350-360', '3': '416-428', '4': '470-486', '5': '531-548', '6': '224-244', '7': '257-269', '8': '280-293'}",1.0,{'1': '338-614'},1.0,{'1': '137-550'},1.0,{'1': '339-547'},1.0,{'1': '233-549'},2.0,"{'1': '261-549', '2': '415-426'}",,,1.0,{'1': '273-548'}
P40992,,,,,1.0,{'1': '151-441'},3.0,"{'1': '5-37', '2': '221-385', '3': '108-201'}",,,,,,,,
P40993,,,,,,,1.0,{'1': '18-110'},,,,,,,,
P40994,4.0,"{'1': '19-42', '2': '47-71', '3': '74-99', '4': '152-176'}",1.0,{'1': '5-182'},1.0,{'1': '1-176'},1.0,{'1': '6-177'},1.0,{'1': '14-176'},,,1.0,{'1': '3-178'},1.0,{'1': '16-169'}
P41056,,,1.0,{'1': '1-107'},1.0,{'1': '3-107'},1.0,{'1': '7-101'},1.0,{'1': '7-101'},1.0,{'1': '69-90'},,,,
P41057,,,1.0,{'1': '1-56'},1.0,{'1': '1-55'},1.0,{'1': '7-54'},,,1.0,{'1': '22-44'},,,,
P41058,,,1.0,{'1': '1-56'},1.0,{'1': '1-55'},1.0,{'1': '7-55'},,,1.0,{'1': '22-44'},,,,
P41277,,,2.0,"{'1': '27-88', '2': '13-221'}",1.0,{'1': '6-238'},,,1.0,{'1': '12-220'},,,,,1.0,{'1': '101-197'}
P41318,3.0,"{'1': '90-104', '2': '222-236', '3': '265-279'}",1.0,{'1': '2-303'},1.0,{'1': '2-302'},5.0,"{'1': '23-59', '2': '66-103', '3': '115-144', '4': '198-235', '5': '241-278'}",1.0,{'1': '5-299'},8.0,"{'1': '1-27', '2': '71-112', '3': '112-153', '4': '203-244', '5': '246-287', '6': '90-104', '7': '131-145', '8': '265-279'}",6.0,"{'1': '21-59', '2': '64-103', '3': '106-144', '4': '147-187', '5': '196-235', '6': '239-278'}",,
P41338,,,1.0,{'1': '1-398'},,,2.0,"{'1': '5-266', '2': '274-397'}",2.0,"{'1': '4-274', '2': '275-396'}",3.0,"{'1': '379-392', '2': '344-360', '3': '87-105'}",,,1.0,{'1': '7-396'}
P41543,,,,,1.0,{'1': '8-475'},1.0,{'1': '31-468'},,,,,,,,
P41695,,,,,1.0,{'1': '29-981'},3.0,"{'1': '708-929', '2': '291-354', '3': '39-169'}",1.0,{'1': '704-968'},4.0,"{'1': '705-1021', '2': '829-841', '3': '47-212', '4': '711-733'}",2.0,"{'1': '705-975', '2': '36-170'}",,
P41696,,,,,,,4.0,"{'1': '593-615', '2': '621-643', '3': '649-671', '4': '677-702'}",2.0,"{'1': '602-658', '2': '643-697'}",8.0,"{'1': '595-615', '2': '623-643', '3': '651-671', '4': '679-702', '5': '593-620', '6': '621-648', '7': '649-676', '8': '677-702'}",4.0,"{'1': '593-615', '2': '621-643', '3': '649-671', '4': '677-702'}",,
P41697,,,,,1.0,{'1': '454-774'},2.0,"{'1': '365-776', '2': '26-134'}",,,,,1.0,{'1': '365-776'},,
P41735,,,,,1.0,{'1': '24-233'},,,1.0,{'1': '52-130'},,,,,,
P41800,,,,,,,1.0,{'1': '181-418'},,,1.0,{'1': '194-409'},,,,
P41805,,,1.0,{'1': '1-174'},1.0,{'1': '1-209'},1.0,{'1': '13-166'},1.0,{'1': '4-173'},1.0,{'1': '108-129'},,,1.0,{'1': '1-182'}
P41806,,,,,1.0,{'1': '7-72'},1.0,{'1': '9-61'},,,,,,,,
P41807,,,2.0,"{'1': '1-354', '2': '366-477'}",1.0,{'1': '3-474'},2.0,"{'1': '11-346', '2': '352-477'}",1.0,{'1': '3-478'},,,,,,
P41810,,,1.0,{'1': '21-663'},1.0,{'1': '9-964'},3.0,"{'1': '21-541', '2': '684-824', '3': '829-958'}",1.0,{'1': '27-644'},,,1.0,{'1': '234-276'},,
P41811,3.0,"{'1': '112-126', '2': '201-215', '3': '243-257'}",1.0,{'1': '8-301'},1.0,{'1': '3-311'},7.0,"{'1': '7-41', '2': '88-125', '3': '132-169', '4': '181-214', '5': '219-256', '6': '326-589', '7': '606-790'}",2.0,"{'1': '4-381', '2': '263-504'}",5.0,"{'1': '9-50', '2': '93-134', '3': '136-178', '4': '196-223', '5': '224-265'}",7.0,"{'1': '2-41', '2': '44-83', '3': '86-125', '4': '129-169', '5': '172-214', '6': '217-256', '7': '259-299'}",,
P41812,,,,,1.0,{'1': '51-871'},3.0,"{'1': '62-300', '2': '555-661', '3': '819-871'}",,,,,,,,
P41813,3.0,"{'1': '340-353', '2': '361-378', '3': '384-401'}",1.0,{'1': '326-431'},,,2.0,"{'1': '108-172', '2': '340-424'}",2.0,"{'1': '70-183', '2': '339-429'}",4.0,"{'1': '83-152', '2': '340-438', '3': '340-353', '4': '384-390'}",2.0,"{'1': '82-152', '2': '338-429'}",,
P41814,,,,,1.0,{'1': '6-466'},1.0,{'1': '6-329'},,,,,,,,
P41815,,,,,1.0,{'1': '66-604'},1.0,{'1': '94-556'},,,1.0,{'1': '119-150'},,,1.0,{'1': '87-568'}
P41816,,,1.0,{'1': '2-400'},1.0,{'1': '15-388'},1.0,{'1': '16-368'},,,,,,,,
P41818,,,,,1.0,{'1': '74-225'},1.0,{'1': '91-220'},,,,,,,,
P41819,,,1.0,{'1': '30-214'},1.0,{'1': '17-312'},1.0,{'1': '28-280'},1.0,{'1': '24-312'},2.0,"{'1': '30-314', '2': '60-87'}",1.0,{'1': '44-213'},1.0,{'1': '28-309'}
P41832,,,2.0,"{'1': '334-614', '2': '1412-1780'}",1.0,{'1': '46-1944'},3.0,"{'1': '506-702', '2': '300-457', '3': '1349-1741'}",1.0,{'1': '182-692'},3.0,"{'1': '1792-1826', '2': '174-696', '3': '1348-1766'}",3.0,"{'1': '504-709', '2': '173-459', '3': '1348-1824'}",,
P41834,,,,,,,1.0,{'1': '3-90'},,,1.0,{'1': '255-317'},1.0,{'1': '250-317'},,
P41835,6.0,"{'1': '263-270', '2': '276-297', '3': '308-316', '4': '332-349', '5': '363-377', '6': '411-428'}",2.0,"{'1': '1-229', '2': '231-539'}",,,2.0,"{'1': '255-526', '2': '12-212'}",2.0,"{'1': '251-530', '2': '8-230'}",,,,,2.0,"{'1': '255-528', '2': '11-225'}"
P41895,,,,,1.0,{'1': '89-733'},1.0,{'1': '319-417'},2.0,"{'1': '96-173', '2': '308-416'}",,,,,,
P41896,,,1.0,{'1': '292-359'},1.0,{'1': '58-360'},2.0,"{'1': '292-356', '2': '65-226'}",2.0,"{'1': '53-149', '2': '292-357'}",,,,,,
P41903,,,1.0,{'1': '5-339'},1.0,{'1': '5-339'},2.0,"{'1': '201-336', '2': '36-114'}",2.0,"{'1': '6-119', '2': '179-338'}",,,,,1.0,{'1': '15-337'}
P41910,,,1.0,{'1': '192-339'},1.0,{'1': '1-389'},1.0,{'1': '25-337'},,,,,,,,
P41911,6.0,"{'1': '88-105', '2': '151-178', '3': '227-247', '4': '276-300', '5': '301-325', '6': '344-361'}",1.0,{'1': '283-440'},,,2.0,"{'1': '283-428', '2': '85-250'}",2.0,"{'1': '282-440', '2': '83-283'}",1.0,{'1': '291-312'},,,1.0,{'1': '85-431'}
P41913,,,,,,,1.0,{'1': '112-207'},,,,,,,,
P41920,,,1.0,{'1': '60-201'},1.0,{'1': '18-197'},1.0,{'1': '75-196'},,,1.0,{'1': '64-200'},1.0,{'1': '65-194'},,
P41921,,,3.0,"{'1': '371-483', '2': '24-350', '3': '173-293'}",1.0,{'1': '17-483'},2.0,"{'1': '372-482', '2': '24-349'}",2.0,"{'1': '369-483', '2': '16-392'}",1.0,{'1': '58-68'},,,1.0,{'1': '22-483'}
P41940,,,1.0,{'1': '1-233'},1.0,{'1': '1-361'},2.0,"{'1': '2-232', '2': '251-360'}",1.0,{'1': '1-312'},1.0,{'1': '257-285'},,,,
P42223,,,,,,,3.0,"{'1': '548-862', '2': '75-363', '3': '418-541'}",,,,,,,,
P42826,,,,,,,2.0,"{'1': '150-303', '2': '315-546'}",2.0,"{'1': '21-303', '2': '309-547'}",,,,,,
P42835,,,,,1.0,{'1': '116-960'},,,,,,,,,,
P42836,,,,,1.0,{'1': '14-298'},1.0,{'1': '103-222'},,,,,,,,
P42837,,,,,1.0,{'1': '22-747'},1.0,{'1': '104-423'},,,1.0,{'1': '166-528'},,,,
P42838,,,,,1.0,{'1': '48-412'},1.0,{'1': '94-401'},,,,,,,,
P42839,,,1.0,{'1': '557-900'},1.0,{'1': '358-903'},3.0,"{'1': '531-705', '2': '745-901', '3': '240-296'}",,,,,,,,
P42841,,,3.0,"{'1': '71-212', '2': '213-296', '3': '302-386'}",1.0,{'1': '7-454'},4.0,"{'1': '131-162', '2': '175-205', '3': '209-247', '4': '347-377'}",1.0,{'1': '74-377'},4.0,"{'1': '131-163', '2': '173-214', '3': '215-256', '4': '346-377'}",7.0,"{'1': '89-121', '2': '124-163', '3': '165-205', '4': '208-247', '5': '250-290', '6': '294-333', '7': '338-378'}",,
P42842,,,1.0,{'1': '508-859'},1.0,{'1': '16-903'},2.0,"{'1': '638-669', '2': '673-701'}",1.0,{'1': '634-827'},2.0,"{'1': '637-670', '2': '671-704'}",3.0,"{'1': '637-670', '2': '671-704', '3': '792-825'}",,
P42843,,,,,,,1.0,{'1': '59-100'},1.0,{'1': '50-102'},1.0,{'1': '54-100'},1.0,{'1': '60-100'},,
P42844,,,,,1.0,{'1': '60-144'},1.0,{'1': '70-133'},,,1.0,{'1': '64-159'},,,,
P42846,,,,,1.0,{'1': '6-582'},2.0,"{'1': '302-395', '2': '444-543'}",,,,,,,,
P42847,,,1.0,{'1': '55-217'},1.0,{'1': '65-217'},,,,,,,,,,
P42900,,,,,,,4.0,"{'1': '183-241', '2': '84-161', '3': '329-643', '4': '252-298'}",,,,,,,,
P42934,,,,,1.0,{'1': '46-757'},3.0,"{'1': '71-314', '2': '360-533', '3': '558-755'}",1.0,{'1': '340-536'},3.0,"{'1': '340-394', '2': '409-467', '3': '482-540'}",3.0,"{'1': '340-394', '2': '411-467', '3': '483-540'}",,
P42935,,,4.0,"{'1': '24-264', '2': '265-379', '3': '381-487', '4': '536-786'}",1.0,{'1': '6-786'},8.0,"{'1': '53-86', '2': '95-129', '3': '194-233', '4': '278-308', '5': '382-412', '6': '551-582', '7': '603-633', '8': '652-682'}",2.0,"{'1': '47-461', '2': '548-785'}",6.0,"{'1': '55-96', '2': '198-243', '3': '277-309', '4': '381-412', '5': '602-634', '6': '649-682'}",11.0,"{'1': '48-87', '2': '93-130', '3': '191-234', '4': '270-309', '5': '327-368', '6': '372-413', '7': '422-466', '8': '547-591', '9': '600-634', '10': '641-683', '11': '691-733'}",,
P42938,,,1.0,{'1': '1-290'},,,,,1.0,{'1': '5-286'},,,,,,
P42939,,,,,,,1.0,{'1': '9-98'},,,,,,,,
P42940,,,1.0,{'1': '7-260'},1.0,{'1': '8-260'},1.0,{'1': '32-216'},,,1.0,{'1': '166-186'},1.0,{'1': '29-222'},,
P42941,,,1.0,{'1': '7-299'},1.0,{'1': '75-298'},,,1.0,{'1': '91-302'},,,,,1.0,{'1': '78-298'}
P42942,4.0,"{'1': '7-27', '2': '28-46', '3': '81-96', '4': '98-116'}",2.0,"{'1': '330-392', '2': '7-328'}",,,2.0,"{'1': '7-123', '2': '226-338'}",1.0,{'1': '7-322'},1.0,{'1': '5-274'},,,,
P42943,5.0,"{'1': '38-54', '2': '60-78', '3': '90-109', '4': '375-397', '5': '409-421'}",3.0,"{'1': '216-371', '2': '146-407', '3': '33-524'}",1.0,{'1': '19-527'},1.0,{'1': '36-527'},3.0,"{'1': '211-380', '2': '153-406', '3': '19-526'}",2.0,"{'1': '62-78', '2': '90-98'}",,,1.0,{'1': '8-528'}
P42945,,,2.0,"{'1': '970-1434', '2': '1598-1768'}",1.0,{'1': '476-1768'},3.0,"{'1': '1493-1638', '2': '231-354', '3': '1004-1200'}",3.0,"{'1': '158-595', '2': '541-1037', '3': '924-1765'}",1.0,{'1': '1729-1767'},1.0,{'1': '1490-1637'},,
P42949,,,1.0,{'1': '53-117'},1.0,{'1': '1-125'},,,,,,,,,,
P43124,,,,,1.0,{'1': '10-401'},2.0,"{'1': '306-401', '2': '103-157'}",,,,,,,,
P43132,,,1.0,{'1': '91-462'},1.0,{'1': '25-502'},,,1.0,{'1': '177-386'},,,1.0,{'1': '130-393'},,
P43321,,,,,1.0,{'1': '3-90'},1.0,{'1': '9-73'},1.0,{'1': '7-97'},1.0,{'1': '6-78'},1.0,{'1': '9-74'},,
P43497,,,,,,,1.0,{'1': '23-40'},,,2.0,"{'1': '27-37', '2': '23-41'}",,,,
P43535,,,2.0,"{'1': '198-492', '2': '494-748'}",1.0,{'1': '144-741'},3.0,"{'1': '215-396', '2': '548-679', '3': '438-519'}",2.0,"{'1': '210-446', '2': '510-729'}",3.0,"{'1': '199-464', '2': '532-748', '3': '368-382'}",2.0,"{'1': '224-441', '2': '557-724'}",,
P43542,,,,,,,2.0,"{'1': '68-167', '2': '256-351'}",,,,,,,,
P43554,,,,,,,1.0,{'1': '84-218'},,,,,,,,
P43555,,,,,1.0,{'1': '8-438'},1.0,{'1': '37-252'},1.0,{'1': '37-257'},1.0,{'1': '36-254'},,,,
P43557,,,,,1.0,{'1': '24-206'},1.0,{'1': '32-206'},,,,,,,,
P43558,,,,,,,3.0,"{'1': '119-198', '2': '1-45', '3': '268-299'}",1.0,{'1': '109-227'},2.0,"{'1': '109-229', '2': '272-294'}",,,,
P43560,,,1.0,{'1': '195-305'},1.0,{'1': '52-672'},2.0,"{'1': '198-305', '2': '417-562'}",,,1.0,{'1': '409-582'},1.0,{'1': '198-265'},,
P43561,,,3.0,"{'1': '8-148', '2': '150-332', '3': '334-536'}",1.0,{'1': '38-512'},3.0,"{'1': '157-303', '2': '367-515', '3': '28-149'}",3.0,"{'1': '15-170', '2': '151-343', '3': '329-532'}",2.0,"{'1': '496-507', '2': '491-511'}",,,,
P43563,,,1.0,{'1': '46-280'},1.0,{'1': '82-280'},1.0,{'1': '103-271'},1.0,{'1': '89-281'},,,1.0,{'1': '100-271'},,
P43564,,,,,1.0,{'1': '275-884'},1.0,{'1': '536-874'},1.0,{'1': '727-791'},,,,,,
P43565,,,,,1.0,{'1': '623-1320'},2.0,"{'1': '794-942', '2': '1141-1254'}",2.0,"{'1': '1635-1758', '2': '791-1282'}",4.0,"{'1': '794-1254', '2': '1255-1320', '3': '1636-1750', '4': '914-926'}",3.0,"{'1': '794-1254', '2': '1255-1321', '3': '1635-1746'}",,
P43569,,,1.0,{'1': '2-270'},,,1.0,{'1': '26-176'},1.0,{'1': '4-234'},1.0,{'1': '7-249'},1.0,{'1': '33-232'},,
P43572,,,,,1.0,{'1': '50-804'},1.0,{'1': '56-198'},,,,,,,,
P43573,,,1.0,{'1': '4-121'},1.0,{'1': '4-796'},2.0,"{'1': '9-121', '2': '711-790'}",,,,,,,,
P43574,2.0,"{'1': '306-323', '2': '324-341'}",1.0,{'1': '300-363'},1.0,{'1': '50-492'},2.0,"{'1': '310-343', '2': '58-85'}",,,2.0,"{'1': '310-334', '2': '304-357'}",1.0,{'1': '304-354'},,
P43577,,,,,1.0,{'1': '3-155'},1.0,{'1': '43-148'},1.0,{'1': '1-155'},1.0,{'1': '28-159'},,,,
P43579,,,,,1.0,{'1': '37-679'},,,,,,,,,,
P43583,,,,,1.0,{'1': '116-2143'},4.0,"{'1': '2056-2143', '2': '82-159', '3': '511-1030', '4': '1571-1768'}",2.0,"{'1': '314-933', '2': '1437-2027'}",,,,,,
P43585,,,1.0,{'1': '202-553'},1.0,{'1': '1-790'},2.0,"{'1': '686-751', '2': '202-531'}",,,1.0,{'1': '1-146'},,,,
P43586,,,,,1.0,{'1': '1-203'},,,,,,,,,,
P43588,,,,,1.0,{'1': '21-297'},2.0,"{'1': '24-133', '2': '224-303'}",,,1.0,{'1': '27-162'},1.0,{'1': '26-161'},,
P43589,,,1.0,{'1': '29-121'},1.0,{'1': '39-423'},2.0,"{'1': '150-427', '2': '55-105'}",1.0,{'1': '147-446'},2.0,"{'1': '27-124', '2': '150-447'}",1.0,{'1': '47-96'},,
P43593,,,,,1.0,{'1': '5-495'},1.0,{'1': '109-494'},2.0,"{'1': '2-94', '2': '105-495'}",3.0,"{'1': '110-125', '2': '430-448', '3': '109-497'}",1.0,{'1': '6-76'},,
P43594,,,,,,,1.0,{'1': '18-168'},,,,,,,,
P43596,,,,,,,1.0,{'1': '366-411'},,,,,,,,
P43597,,,,,,,,,1.0,{'1': '1135-1229'},,,,,,
P43601,,,1.0,{'1': '69-351'},1.0,{'1': '3-496'},2.0,"{'1': '10-152', '2': '222-322'}",1.0,{'1': '7-324'},,,2.0,"{'1': '234-274', '2': '277-318'}",,
P43602,,,1.0,{'1': '22-219'},1.0,{'1': '12-642'},2.0,"{'1': '134-214', '2': '232-393'}",,,,,1.0,{'1': '232-393'},,
P43603,4.0,"{'1': '403-413', '2': '417-432', '3': '436-445', '4': '447-459'}",,,1.0,{'1': '3-436'},2.0,"{'1': '406-453', '2': '89-213'}",1.0,{'1': '395-458'},1.0,{'1': '400-459'},1.0,{'1': '403-459'},,
P43609,,,2.0,"{'1': '86-173', '2': '248-303'}",,,4.0,"{'1': '254-298', '2': '312-356', '3': '90-168', '4': '407-486'}",2.0,"{'1': '75-181', '2': '314-364'}",4.0,"{'1': '255-309', '2': '307-358', '3': '80-177', '4': '310-362'}",2.0,"{'1': '254-297', '2': '311-360'}",,
P43612,,,,,1.0,{'1': '3-994'},1.0,{'1': '334-847'},,,,,,,,
P43616,,,,,1.0,{'1': '3-474'},2.0,"{'1': '98-473', '2': '230-371'}",,,,,,,,
P43620,,,,,1.0,{'1': '70-656'},1.0,{'1': '427-605'},,,,,,,,
P43621,,,,,1.0,{'1': '1-545'},2.0,"{'1': '8-125', '2': '285-465'}",2.0,"{'1': '5-143', '2': '284-545'}",1.0,{'1': '288-546'},,,,
P43633,,,,,,,,,1.0,{'1': '506-683'},,,1.0,{'1': '648-757'},,
P43636,,,,,1.0,{'1': '4-439'},2.0,"{'1': '204-400', '2': '18-197'}",,,,,,,,
P43637,,,,,1.0,{'1': '33-409'},1.0,{'1': '51-344'},1.0,{'1': '29-363'},3.0,"{'1': '50-344', '2': '185-197', '3': '56-79'}",1.0,{'1': '50-344'},,
P43638,,,1.0,{'1': '687-1093'},1.0,{'1': '365-1375'},,,,,,,,,,
P43639,6.0,"{'1': '25-41', '2': '42-56', '3': '127-148', '4': '152-173', '5': '174-195', '6': '202-219'}",1.0,{'1': '19-152'},1.0,{'1': '15-265'},1.0,{'1': '25-241'},1.0,{'1': '25-254'},1.0,{'1': '156-187'},1.0,{'1': '25-241'},,
P43682,,,,,,,,,,,1.0,{'1': '7-69'},1.0,{'1': '2-69'},,
P45818,,,2.0,"{'1': '90-334', '2': '335-511'}",1.0,{'1': '56-556'},2.0,"{'1': '358-467', '2': '146-322'}",1.0,{'1': '153-479'},4.0,"{'1': '278-286', '2': '344-506', '3': '153-333', '4': '122-150'}",2.0,"{'1': '386-467', '2': '141-348'}",,
P45976,,,,,1.0,{'1': '28-304'},1.0,{'1': '180-220'},,,,,,,,
P45978,,,,,,,1.0,{'1': '3-78'},1.0,{'1': '3-81'},4.0,"{'1': '241-257', '2': '193-229', '3': '260-280', '4': '1-80'}",2.0,"{'1': '199-280', '2': '1-107'}",,
P46151,,,,,,,2.0,"{'1': '10-301', '2': '399-655'}",1.0,{'1': '9-300'},,,,,1.0,{'1': '15-306'}
P46367,,,2.0,"{'1': '48-511', '2': '293-482'}",,,1.0,{'1': '53-513'},1.0,{'1': '34-514'},2.0,"{'1': '317-328', '2': '289-296'}",,,,
P46654,6.0,"{'1': '14-32', '2': '44-53', '3': '93-110', '4': '118-135', '5': '135-146', '6': '156-170'}",,,1.0,{'1': '7-245'},2.0,"{'1': '17-112', '2': '115-180'}",1.0,{'1': '12-190'},2.0,"{'1': '14-25', '2': '118-142'}",,,1.0,{'1': '12-205'}
P46655,5.0,"{'1': '205-217', '2': '219-230', '3': '234-247', '4': '380-390', '5': '396-404'}",3.0,"{'1': '202-418', '2': '613-695', '3': '430-507'}",1.0,{'1': '59-700'},3.0,"{'1': '201-506', '2': '509-597', '3': '608-681'}",2.0,"{'1': '509-699', '2': '67-163'}",1.0,{'1': '208-219'},,,1.0,{'1': '102-695'}
P46669,,,2.0,"{'1': '131-250', '2': '21-130'}",1.0,{'1': '41-285'},2.0,"{'1': '45-111', '2': '127-250'}",,,,,,,,
P46672,,,1.0,{'1': '203-376'},1.0,{'1': '23-357'},2.0,"{'1': '211-305', '2': '24-109'}",2.0,"{'1': '207-347', '2': '15-115'}",1.0,{'1': '205-307'},,,,
P46673,,,,,1.0,{'1': '97-744'},1.0,{'1': '89-697'},,,,,,,,
P46674,,,,,1.0,{'1': '28-1114'},2.0,"{'1': '203-500', '2': '728-799'}",,,1.0,{'1': '333-524'},,,,
P46675,,,2.0,"{'1': '1-278', '2': '321-560'}",1.0,{'1': '1-726'},2.0,"{'1': '8-241', '2': '857-879'}",1.0,{'1': '24-545'},1.0,{'1': '503-541'},2.0,"{'1': '2-250', '2': '317-566'}",,
P46677,,,,,1.0,{'1': '373-845'},2.0,"{'1': '439-883', '2': '1036-1063'}",,,,,,,,
P46678,,,,,,,1.0,{'1': '410-491'},1.0,{'1': '418-466'},,,1.0,{'1': '416-464'},,
P46680,,,2.0,"{'1': '9-612', '2': '13-349'}",,,5.0,"{'1': '55-93', '2': '202-235', '3': '254-280', '4': '331-363', '5': '575-611'}",2.0,"{'1': '11-325', '2': '330-612'}",2.0,"{'1': '263-289', '2': '580-615'}",10.0,"{'1': '52-94', '2': '105-148', '3': '149-189', '4': '192-235', '5': '238-280', '6': '283-325', '7': '328-363', '8': '480-516', '9': '518-569', '10': '573-611'}",,
P46681,,,3.0,"{'1': '52-154', '2': '156-277', '3': '490-530'}",1.0,{'1': '46-530'},2.0,"{'1': '277-528', '2': '103-239'}",2.0,"{'1': '251-529', '2': '65-278'}",1.0,{'1': '98-277'},,,,
P46682,,,1.0,{'1': '30-663'},1.0,{'1': '35-791'},1.0,{'1': '40-621'},1.0,{'1': '43-618'},,,,,,
P46683,,,1.0,{'1': '1-156'},,,1.0,{'1': '42-123'},1.0,{'1': '20-148'},2.0,"{'1': '49-81', '2': '92-112'}",2.0,"{'1': '49-78', '2': '92-122'}",,
P46784,,,1.0,{'1': '1-105'},1.0,{'1': '1-103'},1.0,{'1': '3-93'},1.0,{'1': '24-78'},,,,,,
P46944,,,,,1.0,{'1': '26-654'},1.0,{'1': '31-532'},,,,,,,,
P46946,,,,,,,1.0,{'1': '263-281'},,,,,,,,
P46947,,,,,1.0,{'1': '78-260'},1.0,{'1': '120-250'},,,,,,,,
P46948,,,1.0,{'1': '1-246'},1.0,{'1': '13-230'},2.0,"{'1': '21-152', '2': '156-219'}",2.0,"{'1': '8-179', '2': '154-238'}",,,,,,
P46949,6.0,"{'1': '8-28', '2': '151-167', '3': '533-546', '4': '598-619', '5': '763-782', '6': '787-804'}",,,,,,,,,,,,,,
P46950,,,,,1.0,{'1': '41-538'},1.0,{'1': '112-497'},,,,,,,,
P46951,,,1.0,{'1': '664-807'},1.0,{'1': '29-614'},,,1.0,{'1': '465-561'},,,,,,
P46956,,,,,,,1.0,{'1': '22-303'},,,,,,,,
P46957,,,,,1.0,{'1': '22-485'},2.0,"{'1': '214-446', '2': '52-190'}",,,,,,,,
P46958,,,1.0,{'1': '182-468'},1.0,{'1': '150-462'},,,1.0,{'1': '185-465'},,,,,,
P46959,,,1.0,{'1': '80-383'},1.0,{'1': '3-365'},1.0,{'1': '72-362'},1.0,{'1': '11-363'},1.0,{'1': '16-364'},,,,
P46961,,,,,1.0,{'1': '3-279'},1.0,{'1': '6-273'},,,,,,,,
P46962,,,,,1.0,{'1': '41-220'},1.0,{'1': '20-143'},2.0,"{'1': '6-146', '2': '150-239'}",,,1.0,{'1': '44-139'},,
P46963,,,,,1.0,{'1': '1-286'},1.0,{'1': '226-290'},,,,,,,,
P46964,,,,,1.0,{'1': '20-130'},1.0,{'1': '24-130'},,,,,,,,
P46965,,,,,1.0,{'1': '3-85'},1.0,{'1': '16-85'},,,,,,,,
P46970,,,1.0,{'1': '1-1040'},,,1.0,{'1': '24-104'},1.0,{'1': '2-1047'},1.0,{'1': '24-104'},1.0,{'1': '24-104'},,
P46971,,,,,1.0,{'1': '36-755'},3.0,"{'1': '58-305', '2': '345-503', '3': '541-755'}",1.0,{'1': '332-521'},3.0,"{'1': '331-391', '2': '399-458', '3': '464-521'}",3.0,"{'1': '331-391', '2': '399-458', '3': '464-521'}",,
P46973,,,,,,,2.0,"{'1': '6-34', '2': '79-159'}",,,1.0,{'1': '8-49'},,,,
P46974,,,,,1.0,{'1': '1-1374'},1.0,{'1': '797-1015'},1.0,{'1': '148-197'},4.0,"{'1': '153-173', '2': '181-202', '3': '151-178', '4': '179-203'}",2.0,"{'1': '151-173', '2': '179-202'}",,
P46982,,,1.0,{'1': '153-380'},,,1.0,{'1': '150-433'},1.0,{'1': '150-401'},,,,,,
P46984,,,,,,,1.0,{'1': '4-110'},,,,,,,,
P46985,,,1.0,{'1': '154-293'},1.0,{'1': '21-420'},1.0,{'1': '157-409'},,,,,,,,
P46988,,,1.0,{'1': '1-109'},,,1.0,{'1': '6-108'},,,,,,,,
P46989,,,1.0,{'1': '18-173'},,,1.0,{'1': '13-267'},,,1.0,{'1': '20-166'},,,,
P46990,,,1.0,{'1': '1-156'},1.0,{'1': '1-173'},1.0,{'1': '17-151'},1.0,{'1': '7-153'},1.0,{'1': '126-150'},,,1.0,{'1': '4-153'}
P46992,,,,,,,2.0,"{'1': '105-339', '2': '27-93'}",,,,,,,,
P46995,,,2.0,"{'1': '616-719', '2': '7-273'}",1.0,{'1': '18-666'},4.0,"{'1': '479-505', '2': '131-237', '3': '81-117', '4': '633-710'}",2.0,"{'1': '479-505', '2': '41-257'}",4.0,"{'1': '120-237', '2': '244-260', '3': '63-118', '4': '1-721'}",4.0,"{'1': '476-507', '2': '120-243', '3': '244-260', '4': '63-119'}",,
P47005,,,,,,,1.0,{'1': '50-93'},1.0,{'1': '47-112'},1.0,{'1': '46-91'},1.0,{'1': '52-92'},,
P47006,,,,,1.0,{'1': '14-230'},1.0,{'1': '49-229'},,,,,,,,
P47008,,,1.0,{'1': '5-288'},1.0,{'1': '5-293'},1.0,{'1': '117-251'},1.0,{'1': '116-264'},1.0,{'1': '100-266'},1.0,{'1': '101-263'},,
P47011,,,1.0,{'1': '2-283'},1.0,{'1': '6-275'},1.0,{'1': '8-260'},1.0,{'1': '1-279'},,,,,,
P47015,,,,,,,1.0,{'1': '87-261'},,,,,,,,
P47017,,,,,1.0,{'1': '42-142'},1.0,{'1': '48-113'},1.0,{'1': '46-134'},1.0,{'1': '41-118'},1.0,{'1': '44-114'},,
P47018,,,,,1.0,{'1': '1-478'},1.0,{'1': '13-478'},,,,,,,,
P47019,,,,,,,1.0,{'1': '1-116'},,,,,,,,
P47025,3.0,"{'1': '515-529', '2': '579-593', '3': '619-633'}",2.0,"{'1': '383-561', '2': '571-714'}",1.0,{'1': '69-672'},5.0,"{'1': '393-427', '2': '433-469', '3': '493-528', '4': '596-632', '5': '123-171'}",1.0,{'1': '395-712'},10.0,"{'1': '394-436', '2': '437-478', '3': '498-537', '4': '579-601', '5': '602-636', '6': '683-714', '7': '414-428', '8': '456-470', '9': '579-593', '10': '619-633'}",6.0,"{'1': '386-427', '2': '430-469', '3': '491-528', '4': '531-592', '5': '595-632', '6': '634-672'}",,
P47029,,,2.0,"{'1': '47-141', '2': '182-348'}",1.0,{'1': '30-709'},2.0,"{'1': '251-342', '2': '360-526'}",1.0,{'1': '263-353'},,,1.0,{'1': '360-529'},,
P47031,,,,,1.0,{'1': '25-725'},1.0,{'1': '39-634'},,,,,,,,
P47032,4.0,"{'1': '183-201', '2': '226-239', '3': '248-264', '4': '276-289'}",1.0,{'1': '159-299'},1.0,{'1': '164-297'},1.0,{'1': '167-281'},1.0,{'1': '160-295'},2.0,"{'1': '249-259', '2': '276-287'}",1.0,{'1': '161-289'},,
P47033,4.0,"{'1': '46-64', '2': '89-102', '3': '111-127', '4': '139-152'}",1.0,{'1': '23-162'},1.0,{'1': '27-159'},1.0,{'1': '30-144'},1.0,{'1': '17-158'},2.0,"{'1': '112-122', '2': '139-150'}",1.0,{'1': '24-152'},,
P47035,,,,,1.0,{'1': '1-1189'},1.0,{'1': '72-142'},,,,,,,,
P47037,,,2.0,"{'1': '1-204', '2': '1007-1222'}",,,2.0,"{'1': '2-1207', '2': '535-651'}",2.0,"{'1': '1-1206', '2': '487-697'}",,,1.0,{'1': '534-651'},,
P47042,,,,,1.0,{'1': '64-546'},1.0,{'1': '174-522'},1.0,{'1': '169-524'},2.0,"{'1': '173-530', '2': '346-358'}",1.0,{'1': '173-530'},,
P47044,,,,,,,1.0,{'1': '63-219'},,,,,,,1.0,{'1': '19-222'}
P47045,,,,,1.0,{'1': '51-264'},1.0,{'1': '20-466'},,,,,,,,
P47047,,,2.0,"{'1': '117-322', '2': '323-580'}",1.0,{'1': '51-1056'},5.0,"{'1': '469-548', '2': '152-299', '3': '899-1067', '4': '666-872', '5': '602-665'}",2.0,"{'1': '686-812', '2': '161-562'}",2.0,"{'1': '393-597', '2': '158-314'}",3.0,"{'1': '459-548', '2': '896-1073', '3': '146-329'}",,
P47049,,,,,,,1.0,{'1': '187-266'},1.0,{'1': '133-268'},1.0,{'1': '186-264'},1.0,{'1': '183-266'},,
P47050,,,,,,,,,1.0,{'1': '576-742'},1.0,{'1': '429-714'},1.0,{'1': '774-839'},,
P47052,,,2.0,"{'1': '285-388', '2': '48-452'}",1.0,{'1': '38-634'},2.0,"{'1': '48-444', '2': '499-634'}",3.0,"{'1': '275-393', '2': '36-465', '3': '491-634'}",1.0,{'1': '82-91'},,,2.0,"{'1': '45-634', '2': '48-634'}"
P47054,,,,,1.0,{'1': '26-1663'},1.0,{'1': '3-1677'},,,,,,,,
P47057,,,2.0,"{'1': '183-422', '2': '21-163'}",,,1.0,{'1': '71-152'},2.0,"{'1': '188-422', '2': '23-155'}",1.0,{'1': '29-157'},1.0,{'1': '25-153'},,
P47058,,,,,,,1.0,{'1': '2-107'},1.0,{'1': '2-162'},2.0,"{'1': '1-119', '2': '54-95'}",,,,
P47061,,,1.0,{'1': '552-779'},1.0,{'1': '6-737'},2.0,"{'1': '7-368', '2': '623-712'}",,,,,,,,
P47064,,,,,1.0,{'1': '2-161'},1.0,{'1': '1-159'},1.0,{'1': '1-154'},1.0,{'1': '75-85'},,,,
P47068,,,,,,,2.0,"{'1': '11-60', '2': '988-1157'}",1.0,{'1': '3-68'},1.0,{'1': '5-69'},1.0,{'1': '8-68'},,
P47069,,,,,1.0,{'1': '38-613'},,,,,1.0,{'1': '427-616'},,,,
P47075,,,1.0,{'1': '186-480'},1.0,{'1': '1-719'},2.0,"{'1': '622-682', '2': '196-466'}",,,1.0,{'1': '1-148'},,,,
P47076,,,1.0,{'1': '81-160'},1.0,{'1': '1-158'},1.0,{'1': '10-160'},1.0,{'1': '6-160'},,,,,,
P47077,,,3.0,"{'1': '61-273', '2': '274-475', '3': '481-608'}",1.0,{'1': '5-662'},1.0,{'1': '95-603'},1.0,{'1': '74-610'},,,8.0,"{'1': '92-127', '2': '128-164', '3': '188-223', '4': '286-321', '5': '334-369', '6': '371-407', '7': '512-549', '8': '550-587'}",,
P47079,5.0,"{'1': '40-56', '2': '62-80', '3': '92-111', '4': '383-405', '5': '419-431'}",3.0,"{'1': '224-379', '2': '148-417', '3': '35-546'}",1.0,{'1': '22-548'},1.0,{'1': '39-549'},3.0,"{'1': '220-388', '2': '152-413', '3': '22-548'}",3.0,"{'1': '43-55', '2': '64-80', '3': '92-100'}",,,1.0,{'1': '10-558'}
P47083,,,,,1.0,{'1': '28-581'},1.0,{'1': '17-540'},,,,,,,,
P47085,,,,,1.0,{'1': '1-336'},1.0,{'1': '6-333'},,,,,,,,
P47088,,,,,1.0,{'1': '5-390'},1.0,{'1': '127-386'},,,,,,,,
P47089,,,,,1.0,{'1': '4-189'},2.0,"{'1': '97-167', '2': '5-41'}",1.0,{'1': '14-168'},1.0,{'1': '99-170'},,,1.0,{'1': '3-182'}
P47090,,,,,1.0,{'1': '32-508'},1.0,{'1': '95-485'},,,,,,,,
P47093,,,,,1.0,{'1': '2-87'},1.0,{'1': '4-65'},1.0,{'1': '2-82'},1.0,{'1': '1-70'},1.0,{'1': '3-66'},,
P47095,,,1.0,{'1': '12-237'},,,1.0,{'1': '19-218'},1.0,{'1': '14-235'},,,1.0,{'1': '18-219'},1.0,{'1': '20-223'}
P47096,,,1.0,{'1': '4-176'},1.0,{'1': '3-174'},1.0,{'1': '1-155'},1.0,{'1': '1-173'},,,,,1.0,{'1': '7-166'}
P47098,,,1.0,{'1': '656-826'},1.0,{'1': '592-873'},4.0,"{'1': '663-763', '2': '1281-1487', '3': '17-400', '4': '829-890'}",2.0,"{'1': '662-812', '2': '1332-1661'}",2.0,"{'1': '660-835', '2': '458-469'}",,,,
P47100,,,1.0,{'1': '656-826'},1.0,{'1': '592-873'},4.0,"{'1': '663-763', '2': '1281-1487', '3': '17-400', '4': '829-890'}",2.0,"{'1': '662-812', '2': '1332-1662'}",2.0,"{'1': '660-835', '2': '458-469'}",,,,
P47104,,,2.0,"{'1': '2-243', '2': '364-669'}",1.0,{'1': '505-1254'},1.0,{'1': '571-1191'},2.0,"{'1': '97-468', '2': '377-716'}",,,5.0,"{'1': '42-79', '2': '89-125', '3': '132-173', '4': '179-230', '5': '586-627'}",,
P47108,,,,,1.0,{'1': '468-1173'},1.0,{'1': '966-1173'},,,,,,,,
P47111,,,,,1.0,{'1': '11-132'},1.0,{'1': '12-131'},,,,,,,,
P47113,,,,,1.0,{'1': '136-574'},,,,,,,,,,
P47116,,,,,,,1.0,{'1': '258-562'},1.0,{'1': '248-573'},3.0,"{'1': '255-562', '2': '384-396', '3': '261-285'}",1.0,{'1': '255-562'},,
P47117,,,,,1.0,{'1': '9-439'},2.0,"{'1': '6-249', '2': '257-441'}",2.0,"{'1': '5-193', '2': '201-443'}",1.0,{'1': '149-161'},1.0,{'1': '6-445'},,
P47118,,,,,1.0,{'1': '3-77'},1.0,{'1': '34-72'},,,,,,,,
P47119,,,1.0,{'1': '1-195'},1.0,{'1': '4-195'},1.0,{'1': '6-191'},1.0,{'1': '4-193'},,,,,1.0,{'1': '5-192'}
P47120,,,2.0,"{'1': '11-171', '2': '172-319'}",,,,,1.0,{'1': '75-307'},,,5.0,"{'1': '75-104', '2': '108-137', '3': '202-231', '4': '233-262', '5': '266-295'}",,
P47122,,,1.0,{'1': '2-271'},1.0,{'1': '7-274'},1.0,{'1': '8-257'},1.0,{'1': '5-257'},,,,,,
P47123,,,,,1.0,{'1': '33-218'},1.0,{'1': '37-177'},1.0,{'1': '31-218'},,,,,,
P47124,,,,,1.0,{'1': '5-392'},1.0,{'1': '144-232'},1.0,{'1': '117-328'},,,,,,
P47127,,,1.0,{'1': '46-346'},,,1.0,{'1': '49-322'},,,,,,,,
P47128,,,,,1.0,{'1': '63-108'},1.0,{'1': '14-102'},,,,,,,,
P47130,,,1.0,{'1': '354-423'},1.0,{'1': '79-421'},1.0,{'1': '320-415'},,,1.0,{'1': '232-418'},,,,
P47133,,,1.0,{'1': '42-292'},1.0,{'1': '7-278'},,,1.0,{'1': '87-257'},1.0,{'1': '163-196'},,,,
P47135,,,2.0,"{'1': '589-954', '2': '338-438'}",1.0,{'1': '208-1063'},3.0,"{'1': '363-412', '2': '624-651', '3': '695-715'}",2.0,"{'1': '577-909', '2': '362-426'}",4.0,"{'1': '340-426', '2': '617-652', '3': '690-728', '4': '557-913'}",7.0,"{'1': '341-416', '2': '617-652', '3': '653-689', '4': '690-724', '5': '725-760', '6': '764-799', '7': '801-837'}",,
P47136,,,1.0,{'1': '1290-1414'},1.0,{'1': '1-1440'},1.0,{'1': '1304-1412'},,,1.0,{'1': '1302-1413'},1.0,{'1': '1303-1415'},,
P47137,5.0,"{'1': '36-60', '2': '99-117', '3': '131-148', '4': '167-196', '5': '204-228'}",1.0,{'1': '2-280'},1.0,{'1': '6-271'},1.0,{'1': '23-266'},1.0,{'1': '3-269'},3.0,"{'1': '131-148', '2': '237-252', '3': '40-57'}",,,,
P47141,,,1.0,{'1': '110-264'},,,1.0,{'1': '209-259'},2.0,"{'1': '113-261', '2': '6-98'}",,,,,,
P47142,,,2.0,"{'1': '1-125', '2': '126-202'}",1.0,{'1': '3-201'},1.0,{'1': '7-169'},2.0,"{'1': '3-131', '2': '126-196'}",,,,,,
P47143,5.0,"{'1': '68-77', '2': '84-98', '3': '115-130', '4': '151-177', '5': '258-277'}",1.0,{'1': '8-322'},1.0,{'1': '4-335'},1.0,{'1': '22-335'},1.0,{'1': '2-330'},1.0,{'1': '287-300'},,,,
P47148,,,1.0,{'1': '92-275'},1.0,{'1': '8-279'},1.0,{'1': '204-274'},1.0,{'1': '100-268'},,,,,,
P47149,,,,,1.0,{'1': '3-176'},1.0,{'1': '50-155'},,,,,,,,
P47150,,,1.0,{'1': '94-247'},1.0,{'1': '113-241'},1.0,{'1': '102-241'},1.0,{'1': '76-241'},1.0,{'1': '111-137'},,,,
P47153,,,,,1.0,{'1': '38-275'},1.0,{'1': '74-264'},,,1.0,{'1': '70-271'},1.0,{'1': '70-271'},,
P47154,,,,,,,2.0,"{'1': '226-446', '2': '37-223'}",,,,,,,,
P47155,,,,,1.0,{'1': '1-156'},1.0,{'1': '16-144'},,,,,,,,
P47156,,,1.0,{'1': '189-282'},,,3.0,"{'1': '414-532', '2': '5-40', '3': '238-282'}",1.0,{'1': '225-286'},4.0,"{'1': '381-549', '2': '4-47', '3': '238-282', '4': '235-285'}",3.0,"{'1': '237-283', '2': '381-549', '3': '3-46'}",,
P47158,,,1.0,{'1': '34-216'},1.0,{'1': '18-488'},,,,,,,,,1.0,{'1': '318-382'}
P47160,,,1.0,{'1': '22-170'},,,1.0,{'1': '29-152'},1.0,{'1': '10-157'},1.0,{'1': '24-157'},1.0,{'1': '30-157'},,
P47163,,,1.0,{'1': '91-333'},1.0,{'1': '109-302'},1.0,{'1': '131-292'},1.0,{'1': '163-269'},,,,,,
P47165,,,1.0,{'1': '1-209'},,,1.0,{'1': '11-159'},1.0,{'1': '5-197'},,,,,,
P47166,,,,,1.0,{'1': '18-705'},2.0,"{'1': '587-699', '2': '158-229'}",,,,,,,,
P47168,,,,,,,1.0,{'1': '48-330'},,,,,,,,
P47169,6.0,"{'1': '683-696', '2': '731-742', '3': '763-773', '4': '794-813', '5': '1295-1313', '6': '1343-1361'}",4.0,"{'1': '200-343', '2': '676-835', '3': '1057-1177', '4': '1292-1431'}",1.0,{'1': '665-1438'},4.0,"{'1': '908-968', '2': '1211-1281', '3': '1060-1192', '4': '684-826'}",7.0,"{'1': '222-325', '2': '679-835', '3': '346-713', '4': '844-977', '5': '1207-1289', '6': '980-1206', '7': '1292-1424'}",2.0,"{'1': '1343-1359', '2': '682-831'}",,,,
P47170,,,1.0,{'1': '1183-1317'},1.0,{'1': '105-1567'},3.0,"{'1': '1202-1271', '2': '1347-1413', '3': '207-485'}",1.0,{'1': '1185-1312'},1.0,{'1': '1198-1273'},1.0,{'1': '1198-1273'},,
P47171,,,,,1.0,{'1': '1-1523'},,,,,,,,,,
P47175,3.0,"{'1': '13-36', '2': '51-63', '3': '64-76'}",1.0,{'1': '5-103'},,,1.0,{'1': '13-101'},1.0,{'1': '12-101'},,,1.0,{'1': '9-103'},,
P47176,,,2.0,"{'1': '30-368', '2': '176-356'}",1.0,{'1': '4-372'},1.0,{'1': '75-327'},1.0,{'1': '14-367'},1.0,{'1': '237-272'},,,1.0,{'1': '49-365'}
P47177,,,1.0,{'1': '23-401'},,,,,,,,,,,,
P47187,,,,,,,2.0,"{'1': '68-167', '2': '256-353'}",,,,,,,,
P47771,,,2.0,"{'1': '24-496', '2': '271-467'}",,,1.0,{'1': '32-498'},1.0,{'1': '12-501'},2.0,"{'1': '295-306', '2': '267-274'}",,,,
P47821,,,,,1.0,{'1': '53-303'},1.0,{'1': '66-175'},2.0,"{'1': '7-177', '2': '178-305'}",,,2.0,"{'1': '80-169', '2': '185-292'}",,
P47822,,,,,1.0,{'1': '1-139'},1.0,{'1': '1-128'},1.0,{'1': '2-129'},,,,,,
P47912,,,1.0,{'1': '68-547'},,,1.0,{'1': '83-514'},,,1.0,{'1': '267-278'},,,,
P47977,,,,,1.0,{'1': '59-239'},2.0,"{'1': '170-195', '2': '208-233'}",2.0,"{'1': '169-200', '2': '206-235'}",2.0,"{'1': '169-197', '2': '207-235'}",2.0,"{'1': '169-196', '2': '207-234'}",,
P47988,,,1.0,{'1': '68-150'},1.0,{'1': '34-695'},2.0,"{'1': '69-105', '2': '329-579'}",1.0,{'1': '63-106'},2.0,"{'1': '69-96', '2': '69-98'}",2.0,"{'1': '64-107', '2': '436-520'}",,
P48015,,,1.0,{'1': '17-257'},1.0,{'1': '13-400'},2.0,"{'1': '21-280', '2': '312-393'}",1.0,{'1': '307-399'},,,,,1.0,{'1': '16-394'}
P48164,,,,,1.0,{'1': '9-188'},1.0,{'1': '9-185'},,,1.0,{'1': '76-89'},,,,
P48231,3.0,"{'1': '1000-1012', '2': '1028-1041', '3': '1050-1058'}",3.0,"{'1': '374-509', '2': '646-818', '3': '979-1119'}",1.0,{'1': '11-1176'},4.0,"{'1': '378-472', '2': '650-744', '3': '983-1084', '4': '847-970'}",4.0,"{'1': '375-500', '2': '517-634', '3': '646-779', '4': '979-1108'}",5.0,"{'1': '358-481', '2': '504-628', '3': '632-749', '4': '962-1086', '5': '164-367'}",4.0,"{'1': '379-478', '2': '522-614', '3': '651-748', '4': '984-1085'}",,
P48234,,,1.0,{'1': '3-332'},1.0,{'1': '4-685'},3.0,"{'1': '479-507', '2': '371-419', '3': '11-367'}",1.0,{'1': '9-334'},,,3.0,"{'1': '46-85', '2': '169-208', '3': '211-256'}",,
P48237,,,1.0,{'1': '251-415'},,,1.0,{'1': '355-403'},,,1.0,{'1': '356-390'},,,1.0,{'1': '358-391'}
P48240,,,1.0,{'1': '1-250'},1.0,{'1': '43-196'},1.0,{'1': '45-186'},1.0,{'1': '45-185'},,,,,,
P48353,4.0,"{'1': '23-41', '2': '41-56', '3': '57-77', '4': '77-96'}",1.0,{'1': '17-145'},1.0,{'1': '3-214'},1.0,{'1': '21-82'},1.0,{'1': '17-119'},2.0,"{'1': '21-85', '2': '62-81'}",1.0,{'1': '20-77'},,
P48361,,,1.0,{'1': '477-721'},,,2.0,"{'1': '251-448', '2': '472-543'}",,,,,1.0,{'1': '482-722'},,
P48362,,,,,1.0,{'1': '4-383'},2.0,"{'1': '99-301', '2': '306-359'}",1.0,{'1': '4-362'},,,,,,
P48363,,,1.0,{'1': '37-197'},1.0,{'1': '6-196'},1.0,{'1': '48-179'},,,,,,,,
P48365,,,,,,,1.0,{'1': '507-655'},2.0,"{'1': '364-593', '2': '568-691'}",1.0,{'1': '385-633'},1.0,{'1': '382-658'},,
P48412,,,1.0,{'1': '77-189'},1.0,{'1': '74-365'},1.0,{'1': '83-263'},1.0,{'1': '87-189'},,,,,,
P48415,,,,,,,3.0,"{'1': '1137-1420', '2': '994-1080', '3': '291-567'}",,,,,,,,
P48439,,,,,1.0,{'1': '1-341'},1.0,{'1': '27-340'},,,,,,,,
P48445,,,2.0,"{'1': '9-242', '2': '384-619'}",,,2.0,"{'1': '386-553', '2': '1-279'}",2.0,"{'1': '19-124', '2': '369-621'}",1.0,{'1': '369-606'},,,,
P48510,,,,,1.0,{'1': '3-291'},1.0,{'1': '5-74'},2.0,"{'1': '328-371', '2': '3-87'}",3.0,"{'1': '1-77', '2': '327-371', '3': '28-53'}",4.0,"{'1': '3-73', '2': '147-187', '3': '188-228', '4': '332-370'}",,
P48524,,,,,1.0,{'1': '100-973'},2.0,"{'1': '114-542', '2': '690-973'}",,,,,,,,
P48525,5.0,"{'1': '48-60', '2': '62-73', '3': '77-90', '4': '233-243', '5': '249-257'}",2.0,"{'1': '35-374', '2': '428-534'}",1.0,{'1': '34-531'},2.0,"{'1': '45-364', '2': '391-527'}",1.0,{'1': '359-526'},,,,,1.0,{'1': '45-532'}
P48527,4.0,"{'1': '98-120', '2': '231-246', '3': '252-274', '4': '289-301'}",2.0,"{'1': '30-295', '2': '400-492'}",1.0,{'1': '44-491'},1.0,{'1': '83-396'},,,1.0,{'1': '94-104'},,,1.0,{'1': '53-492'}
P48561,,,1.0,{'1': '189-298'},1.0,{'1': '86-579'},2.0,"{'1': '368-428', '2': '176-308'}",1.0,{'1': '146-325'},,,,,,
P48562,,,2.0,"{'1': '57-179', '2': '182-253'}",1.0,{'1': '194-837'},3.0,"{'1': '184-241', '2': '587-825', '3': '63-175'}",1.0,{'1': '543-828'},4.0,"{'1': '184-197', '2': '546-825', '3': '61-179', '4': '689-701'}",3.0,"{'1': '184-219', '2': '546-825', '3': '62-181'}",,
P48563,,,,,,,3.0,"{'1': '10-179', '2': '202-366', '3': '936-1081'}",,,,,,,,
P48564,,,,,,,1.0,{'1': '111-242'},,,,,,,,
P48567,,,,,1.0,{'1': '1-356'},1.0,{'1': '63-193'},1.0,{'1': '1-341'},,,,,,
P48570,,,1.0,{'1': '13-288'},1.0,{'1': '18-402'},2.0,"{'1': '23-282', '2': '296-376'}",,,3.0,"{'1': '23-276', '2': '30-46', '3': '209-222'}",,,1.0,{'1': '25-371'}
P48582,,,1.0,{'1': '1-367'},,,2.0,"{'1': '6-386', '2': '481-703'}",,,1.0,{'1': '4-400'},1.0,{'1': '4-390'},,
P48589,4.0,"{'1': '31-44', '2': '45-61', '3': '88-109', '4': '113-126'}",1.0,{'1': '1-143'},,,1.0,{'1': '27-122'},1.0,{'1': '16-141'},1.0,{'1': '27-45'},,,,
P48606,,,,,1.0,{'1': '3-103'},1.0,{'1': '1-96'},1.0,{'1': '5-104'},,,,,,
P48743,,,1.0,{'1': '285-359'},1.0,{'1': '155-800'},2.0,"{'1': '282-358', '2': '527-687'}",1.0,{'1': '286-358'},1.0,{'1': '285-360'},,,,
P48813,,,,,1.0,{'1': '119-663'},1.0,{'1': '153-618'},,,1.0,{'1': '178-209'},,,1.0,{'1': '146-626'}
P48836,,,,,1.0,{'1': '3-104'},1.0,{'1': '2-105'},,,,,,,1.0,{'1': '1-112'}
P48837,,,,,1.0,{'1': '104-539'},3.0,"{'1': '3-79', '2': '119-193', '3': '326-463'}",,,,,,,,
P49017,,,1.0,{'1': '73-307'},,,,,1.0,{'1': '69-296'},3.0,"{'1': '62-306', '2': '78-93', '3': '215-229'}",,,1.0,{'1': '67-306'}
P49018,5.0,"{'1': '39-63', '2': '64-93', '3': '113-128', '4': '140-159', '5': '189-205'}",,,1.0,{'1': '21-308'},1.0,{'1': '38-277'},,,,,,,,
P49089,,,2.0,"{'1': '194-543', '2': '1-193'}",1.0,{'1': '1-569'},2.0,"{'1': '212-385', '2': '47-166'}",1.0,{'1': '1-196'},1.0,{'1': '2-186'},,,1.0,{'1': '2-396'}
P49090,,,2.0,"{'1': '194-542', '2': '1-193'}",1.0,{'1': '1-568'},2.0,"{'1': '212-384', '2': '47-166'}",1.0,{'1': '1-196'},1.0,{'1': '2-186'},,,1.0,{'1': '2-395'}
P49095,,,4.0,"{'1': '152-420', '2': '588-839', '3': '141-507', '4': '840-973'}",1.0,{'1': '57-1029'},3.0,"{'1': '69-511', '2': '542-800', '3': '850-970'}",2.0,"{'1': '70-511', '2': '542-1024'}",,,,,1.0,{'1': '70-1023'}
P49166,,,1.0,{'1': '1-88'},,,1.0,{'1': '2-54'},1.0,{'1': '1-55'},1.0,{'1': '4-23'},,,,
P49167,,,1.0,{'1': '1-78'},1.0,{'1': '1-77'},1.0,{'1': '3-77'},,,,,,,,
P49334,,,,,1.0,{'1': '2-148'},1.0,{'1': '1-141'},,,,,,,1.0,{'1': '1-152'}
P49367,6.0,"{'1': '133-146', '2': '147-162', '3': '209-222', '4': '223-236', '5': '336-347', '6': '399-412'}",3.0,"{'1': '508-669', '2': '22-308', '3': '311-466'}",1.0,{'1': '17-467'},2.0,"{'1': '485-619', '2': '26-458'}",1.0,{'1': '11-477'},2.0,"{'1': '332-348', '2': '399-412'}",,,1.0,{'1': '20-693'}
P49435,,,1.0,{'1': '1-187'},1.0,{'1': '6-181'},1.0,{'1': '33-151'},1.0,{'1': '7-175'},,,,,1.0,{'1': '10-179'}
P49573,,,,,1.0,{'1': '116-288'},1.0,{'1': '130-281'},,,,,,,,
P49626,,,1.0,{'1': '1-300'},1.0,{'1': '1-350'},2.0,"{'1': '22-260', '2': '273-346'}",1.0,{'1': '5-260'},1.0,{'1': '114-140'},,,,
P49687,,,1.0,{'1': '459-611'},1.0,{'1': '6-635'},2.0,"{'1': '898-1150', '2': '71-157'}",1.0,{'1': '458-612'},1.0,{'1': '458-605'},,,,
P49704,,,1.0,{'1': '226-355'},1.0,{'1': '12-492'},2.0,"{'1': '105-343', '2': '351-450'}",1.0,{'1': '96-345'},1.0,{'1': '225-346'},1.0,{'1': '99-146'},,
P49723,,,1.0,{'1': '1-325'},1.0,{'1': '32-330'},1.0,{'1': '34-300'},1.0,{'1': '7-325'},1.0,{'1': '123-139'},,,,
P49954,,,1.0,{'1': '1-291'},,,1.0,{'1': '12-272'},1.0,{'1': '8-281'},2.0,"{'1': '165-185', '2': '11-264'}",,,,
P49955,,,3.0,"{'1': '158-575', '2': '576-767', '3': '768-958'}",1.0,{'1': '121-969'},1.0,{'1': '755-833'},1.0,{'1': '201-954'},,,,,,
P49956,,,1.0,{'1': '113-319'},,,1.0,{'1': '179-271'},1.0,{'1': '114-371'},,,1.0,{'1': '175-321'},,
P49957,,,1.0,{'1': '25-279'},1.0,{'1': '7-278'},1.0,{'1': '50-141'},1.0,{'1': '5-171'},,,,,,
P50077,,,2.0,"{'1': '479-540', '2': '1201-1331'}",1.0,{'1': '771-1889'},4.0,"{'1': '350-722', '2': '771-1008', '3': '1210-1480', '4': '1530-1776'}",,,1.0,{'1': '1787-1822'},,,,
P50080,,,2.0,"{'1': '68-357', '2': '372-610'}",,,1.0,{'1': '73-345'},2.0,"{'1': '70-317', '2': '306-606'}",1.0,{'1': '69-608'},,,,
P50085,7.0,"{'1': '101-117', '2': '119-138', '3': '142-160', '4': '165-181', '5': '188-207', '6': '213-236', '7': '236-252'}",1.0,{'1': '86-220'},1.0,{'1': '24-299'},1.0,{'1': '60-237'},1.0,{'1': '89-224'},,,1.0,{'1': '57-218'},,
P50086,2.0,"{'1': '72-87', '2': '122-136'}",1.0,{'1': '1-228'},,,2.0,"{'1': '6-95', '2': '111-204'}",1.0,{'1': '4-226'},4.0,"{'1': '35-67', '2': '71-103', '3': '106-138', '4': '173-206'}",6.0,"{'1': '1-30', '2': '35-64', '3': '71-102', '4': '106-135', '5': '139-169', '6': '173-203'}",,
P50087,,,,,1.0,{'1': '3-232'},1.0,{'1': '59-184'},,,,,,,,
P50090,,,2.0,"{'1': '69-208', '2': '209-401'}",,,,,2.0,"{'1': '72-117', '2': '136-388'}",,,,,,
P50091,,,,,,,1.0,{'1': '192-269'},,,,,,,,
P50094,,,1.0,{'1': '23-523'},1.0,{'1': '12-523'},3.0,"{'1': '125-171', '2': '181-234', '3': '37-513'}",1.0,{'1': '124-233'},3.0,"{'1': '122-183', '2': '185-241', '3': '326-338'}",2.0,"{'1': '125-176', '2': '188-236'}",1.0,{'1': '37-490'}
P50095,,,1.0,{'1': '22-522'},1.0,{'1': '19-521'},3.0,"{'1': '123-170', '2': '180-233', '3': '36-512'}",1.0,{'1': '123-232'},3.0,"{'1': '121-183', '2': '184-240', '3': '325-337'}",2.0,"{'1': '124-175', '2': '187-235'}",1.0,{'1': '36-489'}
P50101,,,1.0,{'1': '38-201'},1.0,{'1': '162-538'},4.0,"{'1': '205-533', '2': '41-178', '3': '649-936', '4': '966-1216'}",1.0,{'1': '200-566'},4.0,"{'1': '39-179', '2': '206-221', '3': '449-466', '4': '205-536'}",1.0,{'1': '44-156'},,
P50102,,,1.0,{'1': '1-126'},1.0,{'1': '81-465'},2.0,"{'1': '138-465', '2': '46-105'}",1.0,{'1': '134-465'},4.0,"{'1': '22-122', '2': '138-153', '3': '411-428', '4': '137-468'}",1.0,{'1': '45-94'},,
P50105,,,,,1.0,{'1': '28-387'},1.0,{'1': '144-383'},,,,,,,,
P50106,,,,,,,1.0,{'1': '15-137'},,,,,,,,
P50107,,,2.0,"{'1': '2-170', '2': '171-323'}",,,2.0,"{'1': '23-164', '2': '182-319'}",2.0,"{'1': '22-167', '2': '182-321'}",6.0,"{'1': '25-46', '2': '185-206', '3': '107-124', '4': '260-276', '5': '22-167', '6': '182-322'}",,,2.0,"{'1': '23-168', '2': '183-321'}"
P50108,,,1.0,{'1': '133-317'},1.0,{'1': '39-390'},1.0,{'1': '118-369'},,,,,,,,
P50110,,,,,1.0,{'1': '7-202'},2.0,"{'1': '22-162', '2': '183-326'}",,,,,,,,
P50111,,,,,1.0,{'1': '1-914'},1.0,{'1': '843-893'},,,,,1.0,{'1': '841-893'},,
P50273,,,,,,,,,,,,,,,,
P50276,,,,,1.0,{'1': '57-514'},1.0,{'1': '61-497'},,,,,,,,
P50278,,,,,1.0,{'1': '4-304'},1.0,{'1': '87-294'},1.0,{'1': '85-311'},,,,,1.0,{'1': '87-302'}
P50623,,,1.0,{'1': '1-157'},1.0,{'1': '5-148'},1.0,{'1': '8-148'},1.0,{'1': '1-155'},2.0,"{'1': '4-157', '2': '82-97'}",,,,
P50874,,,1.0,{'1': '8-191'},1.0,{'1': '5-476'},3.0,"{'1': '8-152', '2': '324-474', '3': '237-292'}",1.0,{'1': '7-202'},,,,,,
P50875,,,,,1.0,{'1': '111-594'},1.0,{'1': '131-342'},,,,,,,,
P50896,,,,,1.0,{'1': '3-788'},1.0,{'1': '653-765'},,,1.0,{'1': '653-765'},,,,
P50942,,,1.0,{'1': '567-914'},1.0,{'1': '156-1100'},2.0,"{'1': '596-879', '2': '61-400'}",1.0,{'1': '567-909'},1.0,{'1': '167-507'},1.0,{'1': '589-889'},,
P50944,,,,,,,1.0,{'1': '296-710'},,,,,,,,
P50946,,,1.0,{'1': '66-220'},,,1.0,{'1': '67-234'},1.0,{'1': '67-202'},1.0,{'1': '72-230'},,,,
P50947,,,1.0,{'1': '274-329'},1.0,{'1': '8-327'},1.0,{'1': '10-110'},1.0,{'1': '272-329'},2.0,"{'1': '283-326', '2': '280-329'}",2.0,"{'1': '282-327', '2': '10-111'}",,
P51401,,,2.0,"{'1': '1-85', '2': '86-191'}",1.0,{'1': '1-187'},2.0,"{'1': '12-85', '2': '97-178'}",2.0,"{'1': '1-85', '2': '86-184'}",1.0,{'1': '163-184'},,,,
P51402,,,1.0,{'1': '1-88'},,,1.0,{'1': '2-54'},1.0,{'1': '1-55'},1.0,{'1': '4-23'},,,,
P51534,,,1.0,{'1': '291-789'},,,1.0,{'1': '166-316'},1.0,{'1': '464-745'},,,,,,
P51601,,,2.0,"{'1': '110-241', '2': '47-105'}",1.0,{'1': '34-238'},1.0,{'1': '62-237'},,,2.0,"{'1': '119-135', '2': '167-177'}",,,1.0,{'1': '61-239'}
P51862,,,3.0,"{'1': '868-1016', '2': '632-863', '3': '419-552'}",1.0,{'1': '99-1355'},4.0,"{'1': '664-844', '2': '432-501', '3': '1045-1331', '4': '881-1011'}",2.0,"{'1': '639-867', '2': '428-506'}",2.0,"{'1': '659-846', '2': '1034-1336'}",3.0,"{'1': '663-845', '2': '428-503', '3': '1033-1342'}",,
P51996,,,1.0,{'1': '7-222'},1.0,{'1': '9-211'},1.0,{'1': '15-174'},1.0,{'1': '9-185'},1.0,{'1': '1-222'},1.0,{'1': '16-177'},1.0,{'1': '12-168'}
P51998,,,1.0,{'1': '31-286'},1.0,{'1': '33-280'},1.0,{'1': '59-273'},1.0,{'1': '43-273'},,,,,,
P52286,,,1.0,{'1': '1-194'},1.0,{'1': '5-188'},3.0,"{'1': '144-191', '2': '6-40', '3': '67-99'}",2.0,"{'1': '5-101', '2': '117-191'}",,,1.0,{'1': '3-143'},,
P52488,,,2.0,"{'1': '172-368', '2': '4-117'}",1.0,{'1': '14-429'},2.0,"{'1': '8-437', '2': '273-363'}",1.0,{'1': '10-518'},1.0,{'1': '175-183'},,,,
P52489,7.0,"{'1': '79-95', '2': '209-223', '3': '239-265', '4': '266-290', '5': '291-315', '6': '316-334', '7': '335-351'}",3.0,"{'1': '90-191', '2': '358-495', '3': '21-357'}",1.0,{'1': '16-483'},2.0,"{'1': '21-347', '2': '382-499'}",3.0,"{'1': '90-190', '2': '11-363', '3': '373-503'}",1.0,{'1': '237-249'},,,1.0,{'1': '21-502'}
P52553,,,1.0,{'1': '2-106'},,,1.0,{'1': '3-103'},,,,,,,,
P52593,,,,,1.0,{'1': '12-1627'},3.0,"{'1': '32-474', '2': '1303-1627', '3': '552-975'}",,,,,,,,
P52868,,,1.0,{'1': '5-112'},1.0,{'1': '9-232'},1.0,{'1': '16-84'},1.0,{'1': '12-91'},2.0,"{'1': '15-87', '2': '64-83'}",1.0,{'1': '14-79'},,
P52871,,,,,1.0,{'1': '3-85'},1.0,{'1': '42-81'},,,,,,,,
P52891,,,,,1.0,{'1': '14-720'},1.0,{'1': '66-721'},,,,,,,,
P52892,,,2.0,"{'1': '134-384', '2': '30-505'}",1.0,{'1': '26-506'},1.0,{'1': '106-488'},1.0,{'1': '31-505'},,,,,,
P52893,,,2.0,"{'1': '219-469', '2': '115-590'}",1.0,{'1': '108-591'},1.0,{'1': '187-568'},1.0,{'1': '116-590'},,,,,,
P52910,,,2.0,"{'1': '31-533', '2': '534-675'}",,,3.0,"{'1': '98-489', '2': '547-637', '3': '40-96'}",,,1.0,{'1': '275-286'},,,1.0,{'1': '35-671'}
P52911,,,,,1.0,{'1': '12-485'},1.0,{'1': '114-377'},1.0,{'1': '53-486'},1.0,{'1': '247-256'},,,,
P52917,,,1.0,{'1': '128-425'},1.0,{'1': '25-434'},4.0,"{'1': '169-298', '2': '7-72', '3': '373-433', '4': '322-364'}",2.0,"{'1': '128-427', '2': '1-90'}",1.0,{'1': '270-289'},2.0,"{'1': '165-300', '2': '3-80'}",,
P52918,,,1.0,{'1': '3-1137'},1.0,{'1': '4-1161'},1.0,{'1': '332-1186'},1.0,{'1': '1-962'},,,,,,
P52919,,,,,,,1.0,{'1': '1-319'},,,,,,,,
P52920,,,1.0,{'1': '67-325'},1.0,{'1': '27-324'},1.0,{'1': '71-321'},1.0,{'1': '58-306'},1.0,{'1': '180-196'},,,,
P53010,,,2.0,"{'1': '15-331', '2': '902-1106'}",1.0,{'1': '19-1113'},3.0,"{'1': '907-1079', '2': '505-829', '3': '35-247'}",3.0,"{'1': '21-324', '2': '906-1087', '3': '515-883'}",1.0,{'1': '505-855'},1.0,{'1': '905-1088'},,
P53011,,,1.0,{'1': '1-349'},1.0,{'1': '4-348'},4.0,"{'1': '6-36', '2': '48-84', '3': '206-243', '4': '297-331'}",1.0,{'1': '7-333'},3.0,"{'1': '51-85', '2': '208-245', '3': '300-332'}",5.0,"{'1': '1-37', '2': '44-85', '3': '97-138', '4': '201-244', '5': '293-332'}",,
P53012,,,,,1.0,{'1': '11-374'},1.0,{'1': '35-370'},,,,,,,,
P53036,,,,,1.0,{'1': '3-762'},1.0,{'1': '207-734'},,,,,,,,
P53037,,,2.0,"{'1': '2-210', '2': '479-611'}",1.0,{'1': '488-1083'},3.0,"{'1': '19-86', '2': '497-601', '3': '871-1079'}",2.0,"{'1': '14-87', '2': '491-602'}",2.0,"{'1': '1-122', '2': '478-600'}",2.0,"{'1': '18-196', '2': '495-598'}",1.0,{'1': '866-1069'}
P53038,,,2.0,"{'1': '428-593', '2': '602-688'}",1.0,{'1': '66-677'},1.0,{'1': '434-546'},,,,,,,,
P53039,,,,,1.0,{'1': '45-247'},1.0,{'1': '103-244'},,,,,,,,
P53040,,,2.0,"{'1': '8-75', '2': '215-429'}",1.0,{'1': '8-419'},2.0,"{'1': '9-74', '2': '215-409'}",2.0,"{'1': '8-74', '2': '223-384'}",,,1.0,{'1': '10-74'},,
P53043,7.0,"{'1': '243-270', '2': '273-300', '3': '306-330', '4': '340-366', '5': '370-397', '6': '426-446', '7': '448-464'}",2.0,"{'1': '3-170', '2': '179-513'}",1.0,{'1': '45-507'},2.0,"{'1': '243-436', '2': '122-233'}",2.0,"{'1': '8-141', '2': '197-508'}",3.0,"{'1': '307-312', '2': '12-45', '3': '46-79'}",4.0,"{'1': '209-497', '2': '12-45', '3': '46-79', '4': '80-113'}",,
P53044,,,1.0,{'1': '9-119'},1.0,{'1': '18-336'},2.0,"{'1': '21-120', '2': '122-199'}",,,,,,,,
P53045,,,,,1.0,{'1': '41-291'},1.0,{'1': '147-282'},,,,,,,,
P53046,,,3.0,"{'1': '673-820', '2': '444-668', '3': '267-393'}",1.0,{'1': '6-1146'},4.0,"{'1': '469-648', '2': '278-345', '3': '854-1132', '4': '686-816'}",2.0,"{'1': '445-672', '2': '274-340'}",2.0,"{'1': '464-651', '2': '842-1137'}",3.0,"{'1': '468-650', '2': '274-349', '3': '841-1143'}",,
P53049,,,4.0,"{'1': '560-835', '2': '1196-1465', '3': '170-511', '4': '859-1191'}",1.0,{'1': '113-1464'},4.0,"{'1': '605-736', '2': '1230-1395', '3': '208-478', '4': '899-1160'}",4.0,"{'1': '601-807', '2': '1206-1462', '3': '192-510', '4': '897-1193'}",5.0,"{'1': '581-808', '2': '1213-1464', '3': '208-493', '4': '899-1175', '5': '710-724'}",2.0,"{'1': '613-785', '2': '1239-1441'}",,
P53062,,,,,1.0,{'1': '31-192'},1.0,{'1': '49-182'},,,,,1.0,{'1': '47-183'},,
P53063,,,,,1.0,{'1': '17-382'},1.0,{'1': '19-363'},,,,,,,,
P53064,,,1.0,{'1': '239-367'},,,1.0,{'1': '243-345'},1.0,{'1': '241-369'},1.0,{'1': '238-370'},1.0,{'1': '238-347'},,
P53067,,,1.0,{'1': '6-1002'},,,2.0,"{'1': '21-96', '2': '329-568'}",1.0,{'1': '11-1002'},1.0,{'1': '21-100'},1.0,{'1': '21-100'},,
P53068,,,,,1.0,{'1': '53-234'},1.0,{'1': '81-233'},1.0,{'1': '34-221'},1.0,{'1': '60-246'},1.0,{'1': '81-237'},,
P53072,,,,,1.0,{'1': '5-285'},1.0,{'1': '170-258'},,,1.0,{'1': '146-259'},1.0,{'1': '160-259'},,
P53073,,,,,1.0,{'1': '4-180'},1.0,{'1': '61-176'},,,,,,,,
P53076,,,1.0,{'1': '338-608'},1.0,{'1': '361-927'},2.0,"{'1': '486-589', '2': '771-929'}",1.0,{'1': '485-590'},3.0,"{'1': '390-592', '2': '710-742', '3': '769-826'}",3.0,"{'1': '399-591', '2': '769-826', '3': '828-935'}",,
P53077,,,1.0,{'1': '26-121'},,,1.0,{'1': '32-102'},1.0,{'1': '38-101'},,,,,,
P53080,,,,,,,1.0,{'1': '153-174'},,,,,,,,
P53082,,,,,1.0,{'1': '36-117'},1.0,{'1': '65-114'},1.0,{'1': '14-117'},,,,,,
P53083,,,,,1.0,{'1': '1-459'},,,,,1.0,{'1': '1-190'},,,,
P53088,,,1.0,{'1': '21-353'},,,2.0,"{'1': '69-254', '2': '306-337'}",,,1.0,{'1': '42-79'},,,,
P53090,,,1.0,{'1': '1-500'},1.0,{'1': '2-497'},1.0,{'1': '103-488'},1.0,{'1': '8-492'},,,,,,
P53091,10.0,"{'1': '566-581', '2': '626-640', '3': '654-667', '4': '678-690', '5': '705-713', '6': '174-186', '7': '273-285', '8': '323-340', '9': '376-387', '10': '436-457'}",2.0,"{'1': '276-401', '2': '510-840'}",1.0,{'1': '104-941'},5.0,"{'1': '513-735', '2': '112-269', '3': '276-404', '4': '900-1007', '5': '749-835'}",2.0,"{'1': '132-406', '2': '535-846'}",2.0,"{'1': '525-731', '2': '634-642'}",1.0,{'1': '272-836'},,
P53094,,,1.0,{'1': '27-287'},,,1.0,{'1': '153-266'},1.0,{'1': '41-448'},,,,,,
P53096,10.0,"{'1': '155-178', '2': '187-202', '3': '273-283', '4': '47-64', '5': '80-98', '6': '112-129', '7': '133-153', '8': '174-190', '9': '234-247', '10': '251-269'}",1.0,{'1': '25-401'},,,1.0,{'1': '45-336'},1.0,{'1': '27-387'},,,,,,
P53099,,,,,1.0,{'1': '6-579'},1.0,{'1': '92-435'},,,,,,,1.0,{'1': '71-507'}
P53100,,,,,1.0,{'1': '11-369'},1.0,{'1': '187-343'},1.0,{'1': '138-344'},1.0,{'1': '282-298'},,,,
P53101,,,2.0,"{'1': '4-262', '2': '263-405'}",1.0,{'1': '5-407'},1.0,{'1': '7-404'},1.0,{'1': '18-404'},1.0,{'1': '205-219'},,,1.0,{'1': '6-409'}
P53104,,,,,1.0,{'1': '18-798'},3.0,"{'1': '24-323', '2': '592-763', '3': '784-893'}",1.0,{'1': '14-366'},3.0,"{'1': '24-325', '2': '168-180', '3': '30-54'}",1.0,{'1': '24-325'},,
P53108,,,,,1.0,{'1': '65-310'},1.0,{'1': '115-301'},,,,,,,,
P53109,,,1.0,{'1': '362-568'},1.0,{'1': '74-563'},3.0,"{'1': '254-364', '2': '372-557', '3': '101-219'}",,,,,,,,
P53111,,,,,1.0,{'1': '6-328'},1.0,{'1': '7-261'},1.0,{'1': '3-341'},,,,,,
P53112,,,1.0,{'1': '2-58'},1.0,{'1': '7-325'},1.0,{'1': '8-53'},,,,,,,,
P53114,,,,,1.0,{'1': '1-1116'},1.0,{'1': '1-1127'},,,,,,,,
P53115,,,3.0,"{'1': '951-1064', '2': '1273-1487', '3': '673-950'}",1.0,{'1': '640-1467'},3.0,"{'1': '709-1016', '2': '1300-1412', '3': '470-601'}",2.0,"{'1': '669-935', '2': '937-1456'}",3.0,"{'1': '1303-1467', '2': '718-890', '3': '476-601'}",2.0,"{'1': '1329-1412', '2': '702-901'}",,
P53119,,,,,1.0,{'1': '92-910'},1.0,{'1': '608-910'},1.0,{'1': '553-904'},1.0,{'1': '578-910'},1.0,{'1': '572-910'},,
P53120,5.0,"{'1': '30-52', '2': '65-84', '3': '686-700', '4': '735-749', '5': '933-949'}",,,1.0,{'1': '18-1055'},2.0,"{'1': '10-437', '2': '655-780'}",,,,,,,,
P53121,,,,,1.0,{'1': '11-775'},2.0,"{'1': '172-603', '2': '32-167'}",,,,,1.0,{'1': '30-168'},,
P53124,,,,,1.0,{'1': '286-419'},1.0,{'1': '293-406'},,,,,,,,
P53125,,,,,,,3.0,"{'1': '24-124', '2': '424-476', '3': '869-1044'}",,,2.0,"{'1': '23-130', '2': '423-483'}",1.0,{'1': '423-483'},,
P53127,,,3.0,"{'1': '306-388', '2': '1026-1100', '3': '104-261'}",1.0,{'1': '475-1400'},3.0,"{'1': '123-257', '2': '320-366', '3': '1041-1094'}",3.0,"{'1': '559-606', '2': '311-373', '3': '1037-1101'}",4.0,"{'1': '121-258', '2': '555-606', '3': '1038-1097', '4': '1105-1231'}",5.0,"{'1': '556-604', '2': '121-259', '3': '319-367', '4': '1040-1095', '5': '1178-1249'}",,
P53128,,,,,,,2.0,"{'1': '7-297', '2': '313-587'}",1.0,{'1': '11-300'},,,,,1.0,{'1': '18-302'}
P53129,13.0,"{'1': '182-199', '2': '200-220', '3': '237-251', '4': '260-288', '5': '289-301', '6': '321-342', '7': '352-365', '8': '377-393', '9': '404-427', '10': '438-464', '11': '594-608', '12': '611-624', '13': '624-644'}",,,1.0,{'1': '36-643'},3.0,"{'1': '487-633', '2': '356-459', '3': '182-307'}",,,,,,,,
P53131,,,2.0,"{'1': '39-270', '2': '271-453'}",,,4.0,"{'1': '292-431', '2': '100-254', '3': '648-725', '4': '494-522'}",1.0,{'1': '73-631'},3.0,"{'1': '293-473', '2': '210-219', '3': '103-268'}",3.0,"{'1': '314-432', '2': '493-583', '3': '90-277'}",,
P53135,,,,,1.0,{'1': '29-653'},2.0,"{'1': '156-646', '2': '6-121'}",,,,,,,,
P53136,,,,,1.0,{'1': '5-462'},,,1.0,{'1': '151-404'},,,,,,
P53137,,,,,1.0,{'1': '314-615'},1.0,{'1': '317-357'},,,1.0,{'1': '316-359'},1.0,{'1': '316-358'},,
P53139,,,,,,,1.0,{'1': '65-127'},,,,,,,,
P53141,,,,,1.0,{'1': '7-145'},1.0,{'1': '87-144'},1.0,{'1': '8-146'},1.0,{'1': '81-116'},3.0,"{'1': '6-34', '2': '85-113', '3': '121-149'}",,
P53145,,,1.0,{'1': '187-395'},1.0,{'1': '24-626'},1.0,{'1': '339-392'},1.0,{'1': '186-421'},1.0,{'1': '188-394'},,,,
P53146,,,,,1.0,{'1': '56-242'},1.0,{'1': '51-232'},,,,,,,,
P53148,,,,,1.0,{'1': '395-915'},2.0,"{'1': '452-638', '2': '681-798'}",,,,,1.0,{'1': '439-756'},,
P53150,,,1.0,{'1': '156-246'},,,,,,,,,,,,
P53152,,,1.0,{'1': '1-137'},,,1.0,{'1': '33-127'},1.0,{'1': '3-137'},1.0,{'1': '5-137'},,,,
P53155,,,,,1.0,{'1': '3-352'},1.0,{'1': '4-262'},,,,,,,,
P53158,,,,,1.0,{'1': '10-210'},1.0,{'1': '115-200'},,,,,,,,
P53159,,,,,,,1.0,{'1': '10-386'},,,,,,,,
P53163,,,2.0,"{'1': '124-193', '2': '53-123'}",1.0,{'1': '33-194'},2.0,"{'1': '53-101', '2': '127-194'}",2.0,"{'1': '127-194', '2': '53-99'}",,,,,,
P53165,,,,,1.0,{'1': '21-545'},2.0,"{'1': '214-279', '2': '59-99'}",,,1.0,{'1': '220-286'},,,,
P53166,,,2.0,"{'1': '46-339', '2': '363-561'}",,,2.0,"{'1': '483-529', '2': '138-326'}",1.0,{'1': '203-548'},2.0,"{'1': '370-561', '2': '151-339'}",2.0,"{'1': '402-530', '2': '133-356'}",,
P53168,,,,,1.0,{'1': '3-247'},1.0,{'1': '63-135'},,,,,,,,
P53169,,,,,1.0,{'1': '2-639'},1.0,{'1': '1-633'},,,,,,,,
P53170,,,2.0,"{'1': '59-237', '2': '246-490'}",1.0,{'1': '61-487'},1.0,{'1': '79-236'},2.0,"{'1': '60-226', '2': '268-476'}",,,,,,
P53172,,,2.0,"{'1': '67-248', '2': '251-392'}",1.0,{'1': '73-504'},1.0,{'1': '275-320'},2.0,"{'1': '90-241', '2': '275-510'}",2.0,"{'1': '185-243', '2': '272-330'}",2.0,"{'1': '190-238', '2': '276-324'}",,
P53173,,,,,,,1.0,{'1': '3-124'},,,1.0,{'1': '25-39'},1.0,{'1': '3-124'},,
P53183,,,,,1.0,{'1': '7-315'},1.0,{'1': '8-262'},1.0,{'1': '3-341'},,,,,,
P53184,,,1.0,{'1': '1-216'},1.0,{'1': '2-215'},1.0,{'1': '3-187'},1.0,{'1': '2-213'},,,,,,
P53185,,,,,,,1.0,{'1': '17-906'},,,,,,,,
P53188,,,,,,,1.0,{'1': '13-119'},,,,,,,,
P53189,,,,,1.0,{'1': '244-539'},,,1.0,{'1': '283-539'},1.0,{'1': '472-485'},,,,
P53192,,,1.0,{'1': '21-104'},,,1.0,{'1': '7-191'},,,,,,,,
P53196,,,2.0,"{'1': '81-232', '2': '233-416'}",1.0,{'1': '96-414'},2.0,"{'1': '133-164', '2': '171-205'}",1.0,{'1': '105-358'},2.0,"{'1': '132-173', '2': '174-215'}",4.0,"{'1': '124-164', '2': '167-206', '3': '235-272', '4': '275-316'}",,
P53197,,,1.0,{'1': '241-548'},1.0,{'1': '36-549'},1.0,{'1': '255-542'},1.0,{'1': '232-544'},4.0,"{'1': '381-422', '2': '423-467', '3': '511-544', '4': '445-459'}",5.0,"{'1': '292-330', '2': '333-370', '3': '374-413', '4': '416-458', '5': '504-543'}",,
P53198,,,,,1.0,{'1': '11-212'},1.0,{'1': '19-210'},,,1.0,{'1': '29-130'},1.0,{'1': '19-211'},,
P53199,,,,,1.0,{'1': '6-345'},1.0,{'1': '8-280'},1.0,{'1': '7-345'},,,,,,
P53200,,,,,1.0,{'1': '5-245'},1.0,{'1': '61-241'},,,1.0,{'1': '157-163'},,,,
P53201,,,,,1.0,{'1': '1-474'},1.0,{'1': '110-212'},1.0,{'1': '161-207'},,,1.0,{'1': '160-211'},,
P53202,,,1.0,{'1': '655-744'},1.0,{'1': '20-740'},2.0,"{'1': '26-638', '2': '677-736'}",3.0,"{'1': '19-347', '2': '384-648', '3': '664-743'}",2.0,"{'1': '717-744', '2': '383-613'}",2.0,"{'1': '414-563', '2': '671-738'}",,
P53203,,,,,1.0,{'1': '1-441'},1.0,{'1': '51-394'},,,,,2.0,"{'1': '275-341', '2': '366-399'}",,
P53204,,,1.0,{'1': '157-390'},1.0,{'1': '153-384'},1.0,{'1': '163-353'},,,,,,,1.0,{'1': '163-380'}
P53206,,,2.0,"{'1': '53-371', '2': '83-203'}",1.0,{'1': '48-377'},1.0,{'1': '50-365'},1.0,{'1': '34-376'},1.0,{'1': '75-93'},,,,
P53207,,,,,,,2.0,"{'1': '110-220', '2': '4-44'}",,,,,1.0,{'1': '547-620'},,
P53215,,,1.0,{'1': '1-237'},1.0,{'1': '1-219'},2.0,"{'1': '7-138', '2': '141-218'}",,,,,,,,
P53217,,,,,1.0,{'1': '13-268'},,,,,,,,,,
P53218,,,,,,,1.0,{'1': '49-118'},,,,,,,,
P53221,,,1.0,{'1': '1-127'},1.0,{'1': '3-123'},2.0,"{'1': '9-122', '2': '53-83'}",1.0,{'1': '9-124'},1.0,{'1': '53-70'},,,1.0,{'1': '9-123'}
P53227,,,,,,,1.0,{'1': '5-94'},,,,,,,,
P53228,,,1.0,{'1': '1-333'},1.0,{'1': '10-332'},1.0,{'1': '26-327'},,,2.0,"{'1': '141-158', '2': '43-51'}",,,1.0,{'1': '15-333'}
P53230,,,,,1.0,{'1': '107-326'},2.0,"{'1': '114-325', '2': '341-380'}",,,,,,,,
P53233,,,,,,,1.0,{'1': '2-232'},1.0,{'1': '2-283'},2.0,"{'1': '2-369', '2': '129-141'}",1.0,{'1': '2-270'},,
P53235,,,1.0,{'1': '198-446'},1.0,{'1': '1-639'},1.0,{'1': '228-427'},,,,,,,,
P53236,3.0,"{'1': '44-60', '2': '288-306', '3': '306-325'}",3.0,"{'1': '2-111', '2': '237-342', '3': '357-601'}",1.0,{'1': '179-787'},3.0,"{'1': '368-485', '2': '31-98', '3': '256-325'}",2.0,"{'1': '8-109', '2': '218-352'}",4.0,"{'1': '368-486', '2': '27-95', '3': '255-325', '4': '260-317'}",3.0,"{'1': '368-486', '2': '6-114', '3': '234-344'}",,
P53237,,,,,1.0,{'1': '4-237'},1.0,{'1': '70-234'},,,1.0,{'1': '48-242'},,,,
P53241,,,1.0,{'1': '124-549'},,,1.0,{'1': '147-499'},1.0,{'1': '115-556'},,,,,,
P53244,,,1.0,{'1': '19-280'},1.0,{'1': '20-572'},1.0,{'1': '332-475'},,,,,1.0,{'1': '332-475'},,
P53246,,,,,,,1.0,{'1': '88-132'},,,1.0,{'1': '84-138'},,,,
P53250,,,2.0,"{'1': '2-126', '2': '175-304'}",1.0,{'1': '1-331'},2.0,"{'1': '26-107', '2': '186-294'}",,,2.0,"{'1': '5-132', '2': '173-300'}",2.0,"{'1': '11-133', '2': '180-300'}",,
P53251,,,,,,,1.0,{'1': '48-206'},,,,,,,,
P53252,,,1.0,{'1': '51-267'},1.0,{'1': '1-294'},1.0,{'1': '1-264'},,,,,,,,
P53254,,,,,1.0,{'1': '64-1235'},6.0,"{'1': '203-355', '2': '358-514', '3': '521-690', '4': '705-904', '5': '906-1091', '6': '1093-1232'}",,,,,,,,
P53255,,,,,1.0,{'1': '66-503'},2.0,"{'1': '414-501', '2': '257-380'}",1.0,{'1': '267-383'},,,,,,
P53256,,,1.0,{'1': '1-223'},1.0,{'1': '3-211'},2.0,"{'1': '3-125', '2': '131-200'}",2.0,"{'1': '4-125', '2': '127-217'}",,,,,,
P53260,,,,,,,,,,,,,,,,
P53261,,,1.0,{'1': '363-439'},1.0,{'1': '2-598'},2.0,"{'1': '359-447', '2': '5-270'}",1.0,{'1': '358-451'},1.0,{'1': '355-449'},1.0,{'1': '357-439'},,
P53262,,,,,,,1.0,{'1': '218-256'},,,,,,,,
P53265,,,,,1.0,{'1': '1-400'},1.0,{'1': '212-400'},1.0,{'1': '122-217'},,,,,,
P53267,,,,,1.0,{'1': '2-343'},1.0,{'1': '63-118'},,,,,,,,
P53270,,,,,,,,,1.0,{'1': '125-472'},1.0,{'1': '7-39'},1.0,{'1': '7-39'},,
P53271,,,,,,,2.0,"{'1': '41-101', '2': '113-251'}",,,,,,,,
P53272,,,,,,,1.0,{'1': '77-402'},,,,,,,,
P53273,,,2.0,"{'1': '892-1024', '2': '654-785'}",1.0,{'1': '203-1005'},2.0,"{'1': '664-777', '2': '206-605'}",2.0,"{'1': '891-1010', '2': '668-783'}",2.0,"{'1': '936-1002', '2': '668-781'}",,,,
P53275,,,,,1.0,{'1': '1-311'},1.0,{'1': '1-288'},,,,,,,,
P53276,,,,,,,2.0,"{'1': '1-416', '2': '426-713'}",,,,,,,,
P53277,,,,,,,1.0,{'1': '60-209'},,,,,,,,
P53281,4.0,"{'1': '56-66', '2': '70-85', '3': '87-96', '4': '98-110'}",,,1.0,{'1': '48-130'},1.0,{'1': '60-104'},1.0,{'1': '54-111'},1.0,{'1': '53-112'},1.0,{'1': '56-111'},,
P53283,,,1.0,{'1': '167-593'},,,1.0,{'1': '176-558'},1.0,{'1': '158-599'},1.0,{'1': '172-614'},,,,
P53290,,,1.0,{'1': '6-184'},1.0,{'1': '8-332'},1.0,{'1': '12-235'},1.0,{'1': '12-185'},,,,,,
P53292,,,,,1.0,{'1': '5-340'},,,,,,,,,,
P53295,4.0,"{'1': '66-86', '2': '87-105', '3': '114-129', '4': '131-149'}",3.0,"{'1': '292-368', '2': '69-189', '3': '196-290'}",1.0,{'1': '1-367'},3.0,"{'1': '295-366', '2': '65-176', '3': '185-293'}",2.0,"{'1': '288-366', '2': '65-307'}",3.0,"{'1': '292-367', '2': '116-129', '3': '64-292'}",,,1.0,{'1': '63-180'}
P53296,,,,,1.0,{'1': '16-531'},1.0,{'1': '23-529'},,,,,,,,
P53297,,,,,1.0,{'1': '18-697'},2.0,"{'1': '226-297', '2': '50-131'}",,,1.0,{'1': '51-107'},1.0,{'1': '226-298'},,
P53301,,,,,1.0,{'1': '11-258'},1.0,{'1': '69-235'},1.0,{'1': '52-257'},1.0,{'1': '34-260'},,,,
P53303,,,4.0,"{'1': '98-237', '2': '339-480', '3': '42-96', '4': '281-338'}",1.0,{'1': '5-486'},4.0,"{'1': '49-101', '2': '287-342', '3': '114-237', '4': '356-480'}",,,,,2.0,"{'1': '52-211', '2': '293-453'}",2.0,"{'1': '54-212', '2': '294-486'}"
P53305,,,,,1.0,{'1': '2-101'},1.0,{'1': '6-93'},,,,,,,,
P53306,,,,,1.0,{'1': '1-579'},1.0,{'1': '220-517'},,,,,,,,
P53309,,,2.0,"{'1': '1-127', '2': '134-274'}",1.0,{'1': '7-531'},1.0,{'1': '5-265'},1.0,{'1': '5-129'},1.0,{'1': '1-127'},1.0,{'1': '3-127'},,
P53312,,,2.0,"{'1': '51-141', '2': '280-427'}",,,2.0,"{'1': '302-422', '2': '33-239'}",1.0,{'1': '279-425'},1.0,{'1': '297-321'},,,1.0,{'1': '32-425'}
P53313,,,,,1.0,{'1': '6-764'},3.0,"{'1': '575-700', '2': '93-474', '3': '719-765'}",1.0,{'1': '89-460'},,,,,,
P53315,,,,,1.0,{'1': '4-247'},1.0,{'1': '9-240'},1.0,{'1': '3-252'},,,,,1.0,{'1': '7-248'}
P53316,,,3.0,"{'1': '128-282', '2': '283-430', '3': '531-645'}",1.0,{'1': '56-296'},3.0,"{'1': '197-266', '2': '542-577', '3': '595-626'}",3.0,"{'1': '196-307', '2': '289-422', '3': '527-649'}",3.0,"{'1': '195-273', '2': '295-418', '3': '540-638'}",3.0,"{'1': '196-269', '2': '296-414', '3': '541-634'}",,
P53318,,,2.0,"{'1': '26-290', '2': '344-479'}",1.0,{'1': '22-475'},1.0,{'1': '28-404'},1.0,{'1': '28-470'},1.0,{'1': '380-393'},,,2.0,"{'1': '28-471', '2': '29-475'}"
P53319,6.0,"{'1': '6-29', '2': '69-98', '3': '122-147', '4': '170-198', '5': '251-278', '6': '360-382'}",1.0,{'1': '183-438'},1.0,{'1': '6-491'},2.0,"{'1': '181-478', '2': '8-174'}",2.0,"{'1': '179-482', '2': '7-178'}",1.0,{'1': '255-267'},1.0,{'1': '181-479'},1.0,{'1': '7-479'}
P53320,,,2.0,"{'1': '1-210', '2': '217-365'}",1.0,{'1': '4-363'},3.0,"{'1': '101-148', '2': '156-251', '3': '265-363'}",1.0,{'1': '12-354'},3.0,"{'1': '14-149', '2': '156-250', '3': '266-359'}",,,,
P53322,,,2.0,"{'1': '81-280', '2': '313-509'}",,,1.0,{'1': '98-458'},1.0,{'1': '78-493'},,,,,,
P53323,,,,,,,,,1.0,{'1': '20-198'},2.0,"{'1': '16-261', '2': '157-169'}",,,1.0,{'1': '25-255'}
P53324,,,1.0,{'1': '121-412'},1.0,{'1': '161-395'},1.0,{'1': '50-421'},1.0,{'1': '124-383'},,,,,,
P53326,,,1.0,{'1': '148-595'},,,2.0,"{'1': '125-420', '2': '433-606'}",,,,,,,,
P53327,,,7.0,"{'1': '279-493', '2': '494-696', '3': '1104-1331', '4': '1332-1538', '5': '995-1103', '6': '704-793', '7': '1539-1634'}",1.0,{'1': '184-1108'},8.0,"{'1': '587-673', '2': '1421-1508', '3': '796-1099', '4': '1632-1921', '5': '289-469', '6': '1141-1307', '7': '704-763', '8': '1539-1619'}",6.0,"{'1': '224-482', '2': '488-702', '3': '1033-1317', '4': '1326-1536', '5': '702-807', '6': '1537-1638'}",4.0,"{'1': '516-735', '2': '1355-1550', '3': '297-485', '4': '1149-1324'}",8.0,"{'1': '581-673', '2': '1417-1509', '3': '302-489', '4': '1154-1388', '5': '795-1100', '6': '1626-1965', '7': '284-500', '8': '1136-1336'}",,
P53330,,,,,,,1.0,{'1': '5-140'},,,,,,,,
P53332,,,1.0,{'1': '145-294'},,,1.0,{'1': '147-288'},,,,,,,,
P53333,,,,,1.0,{'1': '9-501'},1.0,{'1': '291-398'},1.0,{'1': '12-206'},1.0,{'1': '290-407'},2.0,"{'1': '22-204', '2': '291-398'}",,
P53335,,,,,1.0,{'1': '17-232'},1.0,{'1': '25-70'},,,1.0,{'1': '25-72'},1.0,{'1': '23-70'},,
P53336,,,2.0,"{'1': '32-168', '2': '186-339'}",1.0,{'1': '11-338'},1.0,{'1': '40-335'},1.0,{'1': '36-161'},,,,,,
P53337,,,,,,,1.0,{'1': '49-310'},,,1.0,{'1': '277-291'},,,,
P53344,,,,,,,2.0,"{'1': '68-167', '2': '259-353'}",,,,,,,,
P53378,15.0,"{'1': '11-31', '2': '54-73', '3': '97-108', '4': '109-133', '5': '135-153', '6': '154-175', '7': '178-191', '8': '192-212', '9': '379-407', '10': '117-132', '11': '192-205', '12': '250-261', '13': '287-302', '14': '363-383', '15': '422-445'}",3.0,"{'1': '382-443', '2': '1-268', '3': '270-380'}",1.0,{'1': '4-442'},2.0,"{'1': '4-213', '2': '263-391'}",2.0,"{'1': '246-445', '2': '4-245'}",1.0,{'1': '143-149'},2.0,"{'1': '50-246', '2': '248-392'}",,
P53379,4.0,"{'1': '87-107', '2': '293-306', '3': '357-368', '4': '444-459'}",2.0,"{'1': '70-298', '2': '300-478'}",1.0,{'1': '72-469'},1.0,{'1': '81-470'},1.0,{'1': '65-495'},3.0,"{'1': '96-107', '2': '357-368', '3': '81-468'}",,,,
P53388,,,,,1.0,{'1': '59-585'},1.0,{'1': '90-556'},,,1.0,{'1': '115-146'},,,1.0,{'1': '83-564'}
P53389,,,1.0,{'1': '61-563'},,,1.0,{'1': '72-506'},1.0,{'1': '48-568'},,,,,,
P53394,,,1.0,{'1': '543-711'},1.0,{'1': '85-709'},2.0,"{'1': '578-688', '2': '119-513'}",1.0,{'1': '579-688'},2.0,"{'1': '574-725', '2': '149-170'}",,,,
P53397,,,1.0,{'1': '252-329'},1.0,{'1': '6-343'},2.0,"{'1': '127-279', '2': '7-126'}",1.0,{'1': '121-325'},,,1.0,{'1': '131-306'},1.0,{'1': '1-331'}
P53437,,,,,,,1.0,{'1': '47-111'},,,,,,,,
P53538,,,,,1.0,{'1': '8-201'},1.0,{'1': '9-206'},,,,,,,,
P53540,,,1.0,{'1': '474-837'},1.0,{'1': '113-837'},2.0,"{'1': '476-830', '2': '185-467'}",,,,,,,,
P53549,,,2.0,"{'1': '37-170', '2': '171-351'}",1.0,{'1': '59-427'},3.0,"{'1': '218-351', '2': '105-160', '3': '374-416'}",1.0,{'1': '177-426'},1.0,{'1': '321-339'},1.0,{'1': '214-353'},,
P53550,,,1.0,{'1': '18-101'},,,2.0,"{'1': '105-218', '2': '18-99'}",2.0,"{'1': '84-235', '2': '11-101'}",2.0,"{'1': '101-228', '2': '134-155'}",1.0,{'1': '16-100'},,
P53551,4.0,"{'1': '30-51', '2': '57-74', '3': '128-142', '4': '164-181'}",2.0,"{'1': '38-130', '2': '171-258'}",,,2.0,"{'1': '45-116', '2': '179-250'}",2.0,"{'1': '42-127', '2': '173-254'}",2.0,"{'1': '43-117', '2': '176-251'}",2.0,"{'1': '41-109', '2': '174-243'}",,
P53552,,,,,1.0,{'1': '68-1594'},4.0,"{'1': '938-1107', '2': '1114-1192', '3': '658-732', '4': '29-656'}",,,,,,,,
P53598,,,1.0,{'1': '150-328'},,,2.0,"{'1': '35-127', '2': '181-308'}",2.0,"{'1': '152-321', '2': '24-151'}",2.0,"{'1': '271-286', '2': '182-211'}",1.0,{'1': '32-128'},,
P53599,,,,,1.0,{'1': '1218-1561'},1.0,{'1': '1267-1558'},1.0,{'1': '1263-1563'},3.0,"{'1': '1266-1558', '2': '1386-1398', '3': '1272-1295'}",1.0,{'1': '1266-1558'},,
P53600,,,,,1.0,{'1': '4-155'},1.0,{'1': '8-153'},1.0,{'1': '9-155'},,,,,,
P53604,,,,,,,1.0,{'1': '29-70'},,,,,,,,
P53615,,,1.0,{'1': '10-221'},1.0,{'1': '13-213'},1.0,{'1': '52-208'},1.0,{'1': '5-214'},1.0,{'1': '96-116'},1.0,{'1': '45-213'},,
P53616,,,,,1.0,{'1': '7-419'},1.0,{'1': '165-407'},,,,,,,,
P53617,,,2.0,"{'1': '5-160', '2': '330-415'}",,,3.0,"{'1': '341-396', '2': '20-144', '3': '407-462'}",2.0,"{'1': '10-152', '2': '332-414'}",2.0,"{'1': '339-409', '2': '1-153'}",2.0,"{'1': '340-405', '2': '9-150'}",,
P53622,3.0,"{'1': '110-124', '2': '152-166', '3': '268-282'}",1.0,{'1': '1-324'},1.0,{'1': '6-334'},8.0,"{'1': '43-81', '2': '86-123', '3': '128-165', '4': '203-236', '5': '246-281', '6': '343-586', '7': '829-1199', '8': '627-768'}",2.0,"{'1': '445-598', '2': '3-318'}",7.0,"{'1': '49-90', '2': '91-132', '3': '133-174', '4': '205-246', '5': '249-290', '6': '152-166', '7': '268-282'}",7.0,"{'1': '4-39', '2': '42-81', '3': '84-123', '4': '126-165', '5': '198-237', '6': '242-281', '7': '284-322'}",,
P53628,,,,,,,,,1.0,{'1': '299-426'},,,,,,
P53629,,,,,1.0,{'1': '170-640'},1.0,{'1': '215-641'},,,,,,,,
P53632,,,1.0,{'1': '192-301'},1.0,{'1': '24-533'},2.0,"{'1': '371-431', '2': '181-311'}",1.0,{'1': '153-328'},,,,,,
P53633,,,,,1.0,{'1': '23-173'},1.0,{'1': '32-172'},,,,,,,,
P53685,,,1.0,{'1': '214-391'},1.0,{'1': '176-473'},2.0,"{'1': '208-419', '2': '49-207'}",1.0,{'1': '186-482'},1.0,{'1': '183-468'},,,,
P53691,5.0,"{'1': '24-39', '2': '62-74', '3': '105-120', '4': '120-132', '5': '133-148'}",2.0,"{'1': '218-371', '2': '1-181'}",,,1.0,{'1': '7-174'},2.0,"{'1': '217-363', '2': '2-181'}",3.0,"{'1': '7-174', '2': '308-341', '3': '57-74'}",1.0,{'1': '308-341'},,
P53721,,,,,1.0,{'1': '102-200'},1.0,{'1': '125-164'},,,1.0,{'1': '89-180'},,,,
P53723,,,,,1.0,{'1': '19-402'},1.0,{'1': '44-394'},,,,,,,,
P53724,,,1.0,{'1': '1-64'},,,,,,,,,,,,
P53727,,,1.0,{'1': '6-307'},1.0,{'1': '5-304'},1.0,{'1': '81-243'},1.0,{'1': '9-303'},,,,,1.0,{'1': '8-279'}
P53729,,,2.0,"{'1': '68-292', '2': '304-427'}",1.0,{'1': '65-428'},2.0,"{'1': '72-273', '2': '362-427'}",1.0,{'1': '69-295'},,,,,,
P53731,,,2.0,"{'1': '1-137', '2': '146-339'}",1.0,{'1': '1-325'},1.0,{'1': '56-315'},2.0,"{'1': '1-126', '2': '151-315'}",,,,,,
P53732,6.0,"{'1': '55-70', '2': '70-85', '3': '86-105', '4': '105-122', '5': '122-138', '6': '138-150'}",1.0,{'1': '25-153'},1.0,{'1': '25-151'},1.0,{'1': '48-150'},1.0,{'1': '42-151'},1.0,{'1': '71-78'},,,1.0,{'1': '29-151'}
P53733,3.0,"{'1': '35-54', '2': '55-67', '3': '67-82'}",1.0,{'1': '8-91'},1.0,{'1': '9-85'},1.0,{'1': '10-85'},1.0,{'1': '9-85'},1.0,{'1': '55-79'},,,,
P53734,,,2.0,"{'1': '148-402', '2': '426-628'}",,,2.0,"{'1': '448-563', '2': '229-389'}",1.0,{'1': '229-571'},3.0,"{'1': '339-347', '2': '437-603', '3': '221-401'}",2.0,"{'1': '478-563', '2': '193-418'}",,
P53738,,,,,1.0,{'1': '1-133'},1.0,{'1': '2-124'},,,,,,,,
P53739,,,,,,,1.0,{'1': '496-777'},1.0,{'1': '479-798'},3.0,"{'1': '496-777', '2': '778-861', '3': '617-629'}",1.0,{'1': '496-777'},,
P53740,,,,,1.0,{'1': '20-371'},1.0,{'1': '66-362'},,,,,,,,
P53741,,,,,1.0,{'1': '6-500'},1.0,{'1': '9-140'},1.0,{'1': '4-141'},2.0,"{'1': '418-494', '2': '8-140'}",,,,
P53742,2.0,"{'1': '318-338', '2': '364-379'}",2.0,"{'1': '375-470', '2': '211-374'}",1.0,{'1': '30-481'},2.0,"{'1': '318-380', '2': '41-171'}",1.0,{'1': '208-389'},1.0,{'1': '212-373'},,,,
P53743,,,1.0,{'1': '39-208'},1.0,{'1': '50-312'},,,1.0,{'1': '108-196'},,,,,,
P53744,,,,,,,1.0,{'1': '45-548'},,,,,,,,
P53746,,,1.0,{'1': '515-715'},1.0,{'1': '126-719'},3.0,"{'1': '424-524', '2': '530-698', '3': '273-390'}",2.0,"{'1': '432-523', '2': '515-699'}",1.0,{'1': '408-527'},,,,
P53753,,,,,1.0,{'1': '357-1111'},2.0,"{'1': '421-744', '2': '753-1106'}",,,1.0,{'1': '400-1117'},,,,
P53759,,,1.0,{'1': '29-268'},,,1.0,{'1': '33-344'},,,1.0,{'1': '115-133'},,,,
P53769,,,1.0,{'1': '167-259'},1.0,{'1': '3-258'},1.0,{'1': '141-165'},1.0,{'1': '136-170'},2.0,"{'1': '138-166', '2': '199-237'}",2.0,"{'1': '138-165', '2': '199-236'}",,
P53829,,,1.0,{'1': '102-373'},1.0,{'1': '99-371'},1.0,{'1': '109-367'},1.0,{'1': '153-339'},,,,,,
P53833,,,,,1.0,{'1': '2-195'},1.0,{'1': '14-170'},,,,,,,,
P53835,,,,,1.0,{'1': '3-655'},,,,,,,,,,
P53836,,,1.0,{'1': '70-202'},,,1.0,{'1': '78-203'},,,1.0,{'1': '75-204'},1.0,{'1': '76-206'},,
P53840,,,,,1.0,{'1': '22-1216'},1.0,{'1': '44-366'},,,,,,,,
P53843,,,1.0,{'1': '1-193'},1.0,{'1': '11-295'},1.0,{'1': '13-183'},,,,,,,,
P53844,,,1.0,{'1': '15-347'},1.0,{'1': '35-310'},2.0,"{'1': '144-291', '2': '49-114'}",2.0,"{'1': '26-126', '2': '138-322'}",1.0,{'1': '139-297'},2.0,"{'1': '143-294', '2': '91-116'}",,
P53845,,,,,1.0,{'1': '11-313'},1.0,{'1': '60-313'},,,,,,,,
P53847,,,2.0,"{'1': '102-339', '2': '559-753'}",,,2.0,"{'1': '6-360', '2': '560-753'}",,,,,,,,
P53851,,,2.0,"{'1': '19-206', '2': '207-392'}",1.0,{'1': '41-367'},1.0,{'1': '247-281'},1.0,{'1': '60-359'},1.0,{'1': '249-284'},5.0,"{'1': '49-91', '2': '148-188', '3': '198-237', '4': '242-281', '5': '284-323'}",,
P53852,4.0,"{'1': '60-71', '2': '97-106', '3': '351-369', '4': '382-403'}",1.0,{'1': '19-466'},1.0,{'1': '23-668'},1.0,{'1': '52-474'},1.0,{'1': '509-657'},,,,,1.0,{'1': '36-662'}
P53853,,,,,1.0,{'1': '19-235'},1.0,{'1': '37-174'},1.0,{'1': '18-240'},,,,,,
P53854,,,,,1.0,{'1': '1-152'},2.0,"{'1': '11-47', '2': '73-153'}",,,,,1.0,{'1': '11-47'},,
P53855,,,,,1.0,{'1': '401-1585'},1.0,{'1': '9-1586'},,,,,,,,
P53857,,,1.0,{'1': '171-298'},,,1.0,{'1': '207-291'},1.0,{'1': '184-300'},1.0,{'1': '165-298'},,,,
P53859,,,1.0,{'1': '126-292'},1.0,{'1': '2-292'},2.0,"{'1': '132-237', '2': '12-68'}",1.0,{'1': '131-288'},,,,,,
P53860,,,1.0,{'1': '13-345'},1.0,{'1': '34-321'},2.0,"{'1': '140-289', '2': '47-108'}",2.0,"{'1': '19-126', '2': '134-319'}",1.0,{'1': '135-295'},2.0,"{'1': '139-292', '2': '86-111'}",,
P53861,,,,,1.0,{'1': '1-286'},1.0,{'1': '19-116'},,,1.0,{'1': '19-63'},,,,
P53863,3.0,"{'1': '6-24', '2': '24-39', '3': '42-62'}",1.0,{'1': '1-79'},1.0,{'1': '1-586'},3.0,"{'1': '5-67', '2': '338-363', '3': '178-261'}",2.0,"{'1': '332-384', '2': '3-76'}",6.0,"{'1': '4-70', '2': '340-362', '3': '551-573', '4': '338-367', '5': '549-578', '6': '47-66'}",3.0,"{'1': '3-62', '2': '338-362', '3': '549-573'}",,
P53865,,,,,,,1.0,{'1': '444-575'},,,,,,,,
P53866,,,1.0,{'1': '595-660'},1.0,{'1': '87-765'},1.0,{'1': '721-764'},1.0,{'1': '586-673'},1.0,{'1': '720-767'},1.0,{'1': '718-765'},,
P53868,,,,,1.0,{'1': '11-502'},1.0,{'1': '11-414'},,,,,,,,
P53871,,,1.0,{'1': '1-308'},1.0,{'1': '1-331'},1.0,{'1': '17-176'},1.0,{'1': '25-300'},1.0,{'1': '2-260'},,,,
P53874,,,,,1.0,{'1': '212-735'},1.0,{'1': '362-730'},1.0,{'1': '361-732'},2.0,"{'1': '674-692', '2': '362-733'}",,,,
P53875,,,2.0,"{'1': '71-157', '2': '5-70'}",1.0,{'1': '6-157'},2.0,"{'1': '73-156', '2': '10-68'}",2.0,"{'1': '69-157', '2': '9-73'}",,,1.0,{'1': '10-157'},1.0,{'1': '6-157'}
P53877,,,1.0,{'1': '106-420'},1.0,{'1': '3-552'},2.0,"{'1': '137-166', '2': '180-225'}",1.0,{'1': '42-387'},1.0,{'1': '135-167'},3.0,"{'1': '127-167', '2': '178-225', '3': '336-372'}",,
P53878,,,,,,,1.0,{'1': '54-192'},1.0,{'1': '53-288'},,,,,,
P53881,,,1.0,{'1': '133-299'},1.0,{'1': '115-304'},1.0,{'1': '165-268'},1.0,{'1': '151-270'},,,,,,
P53883,,,2.0,"{'1': '105-220', '2': '221-367'}",,,1.0,{'1': '241-311'},2.0,"{'1': '119-225', '2': '226-325'}",2.0,"{'1': '125-219', '2': '239-317'}",2.0,"{'1': '126-215', '2': '240-313'}",,
P53885,,,1.0,{'1': '2-92'},1.0,{'1': '7-331'},1.0,{'1': '8-87'},1.0,{'1': '7-86'},,,,,,
P53886,,,1.0,{'1': '988-1194'},1.0,{'1': '594-1667'},,,,,,,,,,
P53889,,,1.0,{'1': '1-259'},,,1.0,{'1': '11-233'},1.0,{'1': '7-253'},,,,,,
P53892,3.0,"{'1': '14-30', '2': '30-47', '3': '306-328'}",,,,,,,,,,,,,,
P53893,5.0,"{'1': '21-34', '2': '65-73', '3': '99-109', '4': '115-126', '5': '151-160'}",2.0,"{'1': '781-966', '2': '4-258'}",,,5.0,"{'1': '975-1054', '2': '19-243', '3': '583-649', '4': '677-739', '5': '788-875'}",5.0,"{'1': '224-662', '2': '751-972', '3': '6-362', '4': '674-749', '5': '975-1087'}",1.0,{'1': '17-262'},1.0,{'1': '970-1059'},1.0,{'1': '20-162'}
P53894,,,,,1.0,{'1': '329-746'},2.0,"{'1': '352-505', '2': '568-672'}",1.0,{'1': '334-713'},4.0,"{'1': '352-672', '2': '673-754', '3': '471-483', '4': '358-381'}",2.0,"{'1': '352-672', '2': '673-746'}",,
P53897,,,,,1.0,{'1': '19-113'},1.0,{'1': '27-106'},,,,,,,,
P53899,,,1.0,{'1': '2-76'},,,2.0,"{'1': '18-51', '2': '196-266'}",1.0,{'1': '6-60'},1.0,{'1': '12-58'},1.0,{'1': '18-55'},,
P53900,,,1.0,{'1': '12-122'},1.0,{'1': '7-128'},1.0,{'1': '19-123'},,,,,,,,
P53903,,,,,1.0,{'1': '1-129'},1.0,{'1': '15-128'},,,,,,,,
P53904,,,1.0,{'1': '146-241'},,,2.0,"{'1': '1-89', '2': '167-229'}",2.0,"{'1': '1-93', '2': '106-231'}",2.0,"{'1': '181-213', '2': '189-225'}",1.0,{'1': '159-230'},,
P53905,,,,,1.0,{'1': '23-106'},1.0,{'1': '29-102'},1.0,{'1': '30-106'},1.0,{'1': '25-108'},1.0,{'1': '28-104'},,
P53909,,,,,1.0,{'1': '5-346'},1.0,{'1': '11-340'},1.0,{'1': '4-341'},1.0,{'1': '281-287'},,,1.0,{'1': '10-338'}
P53911,,,,,1.0,{'1': '4-314'},1.0,{'1': '9-132'},,,,,,,,
P53912,,,,,1.0,{'1': '6-373'},2.0,"{'1': '186-299', '2': '32-118'}",2.0,"{'1': '4-188', '2': '139-273'}",,,1.0,{'1': '17-373'},,
P53913,,,,,,,1.0,{'1': '29-106'},,,,,,,,
P53914,,,1.0,{'1': '277-483'},1.0,{'1': '1-1047'},4.0,"{'1': '536-766', '2': '281-493', '3': '9-202', '4': '773-1007'}",,,,,,,,
P53915,,,1.0,{'1': '1-218'},,,1.0,{'1': '9-162'},1.0,{'1': '4-189'},,,,,,
P53917,,,,,1.0,{'1': '1-949'},3.0,"{'1': '219-487', '2': '585-795', '3': '813-938'}",,,,,2.0,"{'1': '217-488', '2': '585-950'}",,
P53918,,,2.0,"{'1': '210-401', '2': '423-671'}",1.0,{'1': '207-599'},1.0,{'1': '216-465'},1.0,{'1': '201-612'},,,,,,
P53919,,,1.0,{'1': '108-220'},1.0,{'1': '36-487'},1.0,{'1': '137-226'},1.0,{'1': '138-201'},,,,,,
P53920,4.0,"{'1': '114-126', '2': '180-204', '3': '221-238', '4': '337-349'}",2.0,"{'1': '300-393', '2': '802-875'}",,,3.0,"{'1': '292-375', '2': '392-469', '3': '869-944'}",5.0,"{'1': '70-273', '2': '537-754', '3': '326-420', '4': '807-888', '5': '895-966'}",,,2.0,"{'1': '300-378', '2': '779-854'}",,
P53921,,,1.0,{'1': '54-115'},1.0,{'1': '14-115'},1.0,{'1': '55-112'},1.0,{'1': '55-114'},,,,,,
P53923,,,1.0,{'1': '1-388'},1.0,{'1': '2-479'},1.0,{'1': '323-445'},,,,,,,,
P53924,,,1.0,{'1': '411-485'},,,2.0,"{'1': '318-379', '2': '432-460'}",1.0,{'1': '292-404'},2.0,"{'1': '295-358', '2': '433-477'}",1.0,{'1': '294-358'},,
P53925,,,1.0,{'1': '335-619'},1.0,{'1': '312-622'},2.0,"{'1': '348-619', '2': '26-328'}",1.0,{'1': '197-633'},,,,,,
P53927,,,1.0,{'1': '3-175'},,,1.0,{'1': '93-162'},1.0,{'1': '89-167'},1.0,{'1': '91-169'},1.0,{'1': '92-165'},,
P53929,,,1.0,{'1': '1-270'},1.0,{'1': '4-251'},1.0,{'1': '6-183'},1.0,{'1': '5-257'},,,1.0,{'1': '5-175'},,
P53930,,,1.0,{'1': '9-183'},1.0,{'1': '6-216'},1.0,{'1': '38-119'},,,1.0,{'1': '8-169'},,,,
P53932,,,,,1.0,{'1': '1-642'},1.0,{'1': '13-557'},,,,,,,,
P53933,,,,,1.0,{'1': '24-571'},1.0,{'1': '276-426'},,,,,,,,
P53935,,,,,1.0,{'1': '13-1134'},1.0,{'1': '6-160'},,,,,,,,
P53937,,,1.0,{'1': '75-117'},,,1.0,{'1': '5-110'},1.0,{'1': '3-120'},1.0,{'1': '89-102'},,,,
P53940,4.0,"{'1': '8-26', '2': '26-41', '3': '43-63', '4': '63-82'}",1.0,{'1': '3-131'},1.0,{'1': '4-443'},3.0,"{'1': '206-268', '2': '7-68', '3': '179-411'}",4.0,"{'1': '177-319', '2': '339-419', '3': '203-272', '4': '3-74'}",3.0,"{'1': '193-274', '2': '6-71', '3': '48-67'}",1.0,{'1': '5-63'},,
P53941,,,,,1.0,{'1': '3-287'},1.0,{'1': '93-259'},,,1.0,{'1': '86-267'},1.0,{'1': '89-261'},,
P53942,,,2.0,"{'1': '213-259', '2': '9-212'}",1.0,{'1': '16-282'},1.0,{'1': '36-251'},1.0,{'1': '34-256'},1.0,{'1': '33-260'},,,1.0,{'1': '35-256'}
P53944,,,1.0,{'1': '69-281'},1.0,{'1': '19-279'},1.0,{'1': '113-202'},1.0,{'1': '21-229'},,,,,1.0,{'1': '2-283'}
P53946,,,,,1.0,{'1': '40-741'},2.0,"{'1': '37-230', '2': '534-743'}",2.0,"{'1': '37-187', '2': '180-748'}",,,1.0,{'1': '37-748'},,
P53947,,,,,1.0,{'1': '12-314'},,,,,,,,,,
P53949,,,1.0,{'1': '3-154'},,,1.0,{'1': '3-162'},1.0,{'1': '4-150'},1.0,{'1': '10-160'},,,,
P53950,,,,,1.0,{'1': '1-1165'},2.0,"{'1': '422-503', '2': '675-1000'}",,,,,,,,
P53951,,,,,1.0,{'1': '6-275'},2.0,"{'1': '180-376', '2': '14-146'}",,,,,,,,
P53952,,,,,,,1.0,{'1': '9-250'},,,,,,,,
P53953,,,2.0,"{'1': '710-855', '2': '236-506'}",1.0,{'1': '18-874'},5.0,"{'1': '161-196', '2': '234-504', '3': '603-705', '4': '730-806', '5': '510-592'}",4.0,"{'1': '150-232', '2': '603-709', '3': '710-875', '4': '234-508'}",,,,,,
P53955,,,2.0,"{'1': '442-556', '2': '162-439'}",,,2.0,"{'1': '237-417', '2': '436-509'}",1.0,{'1': '236-425'},1.0,{'1': '445-555'},1.0,{'1': '446-557'},,
P53958,,,,,,,1.0,{'1': '6-388'},,,,,,,,
P53959,,,,,1.0,{'1': '131-836'},2.0,"{'1': '195-297', '2': '327-835'}",,,,,1.0,{'1': '181-824'},,
P53962,,,1.0,{'1': '9-325'},1.0,{'1': '9-389'},2.0,"{'1': '141-177', '2': '289-320'}",1.0,{'1': '17-321'},1.0,{'1': '144-186'},4.0,"{'1': '3-42', '2': '45-87', '3': '137-177', '4': '280-321'}",,
P53965,4.0,"{'1': '116-133', '2': '154-167', '3': '173-187', '4': '190-204'}",1.0,{'1': '115-265'},,,1.0,{'1': '116-277'},1.0,{'1': '116-263'},2.0,"{'1': '212-222', '2': '121-271'}",,,,
P53969,,,,,,,1.0,{'1': '154-483'},,,,,,,,
P53971,,,1.0,{'1': '727-808'},1.0,{'1': '36-837'},6.0,"{'1': '216-234', '2': '362-380', '3': '417-429', '4': '468-485', '5': '587-604', '6': '735-794'}",1.0,{'1': '720-810'},2.0,"{'1': '733-796', '2': '68-117'}",8.0,"{'1': '159-177', '2': '216-235', '3': '362-382', '4': '468-487', '5': '529-550', '6': '586-606', '7': '615-636', '8': '716-795'}",,
P53972,5.0,"{'1': '218-232', '2': '247-257', '3': '322-334', '4': '396-412', '5': '472-489'}",1.0,{'1': '227-490'},1.0,{'1': '43-489'},2.0,"{'1': '45-141', '2': '236-339'}",1.0,{'1': '154-489'},1.0,{'1': '144-490'},,,,
P53973,3.0,"{'1': '202-225', '2': '238-253', '3': '328-338'}",1.0,{'1': '52-450'},,,2.0,"{'1': '456-702', '2': '83-393'}",1.0,{'1': '55-432'},,,,,,
P53974,,,,,,,1.0,{'1': '25-294'},1.0,{'1': '13-333'},2.0,"{'1': '22-298', '2': '155-167'}",1.0,{'1': '22-298'},,
P53978,,,5.0,"{'1': '1-328', '2': '419-636', '3': '643-969', '4': '329-418', '5': '762-871'}",1.0,{'1': '644-975'},4.0,"{'1': '446-572', '2': '685-780', '3': '861-925', '4': '336-411'}",3.0,"{'1': '11-1036', '2': '436-619', '3': '669-975'}",5.0,"{'1': '426-641', '2': '667-993', '3': '544-558', '4': '897-911', '5': '171-209'}",2.0,"{'1': '455-616', '2': '693-970'}",,
P53981,,,1.0,{'1': '6-221'},1.0,{'1': '4-228'},,,1.0,{'1': '4-228'},,,,,1.0,{'1': '4-196'}
P53983,,,1.0,{'1': '610-674'},,,,,,,,,,,,
P54000,,,1.0,{'1': '39-105'},1.0,{'1': '36-106'},1.0,{'1': '41-94'},1.0,{'1': '40-104'},,,,,,
P54003,,,,,,,1.0,{'1': '10-205'},,,,,,,,
P54074,,,1.0,{'1': '547-618'},,,,,,,,,,,,
P54113,,,4.0,"{'1': '475-517', '2': '227-372', '3': '376-580', '4': '2-196'}",1.0,{'1': '5-591'},2.0,"{'1': '136-460', '2': '17-131'}",2.0,"{'1': '201-591', '2': '5-196'}",1.0,{'1': '1-147'},2.0,"{'1': '136-461', '2': '17-131'}",1.0,{'1': '6-545'}
P54114,,,2.0,"{'1': '24-497', '2': '271-467'}",,,1.0,{'1': '32-498'},1.0,{'1': '12-501'},2.0,"{'1': '295-306', '2': '267-274'}",,,,
P54115,,,2.0,"{'1': '29-494', '2': '275-465'}",,,1.0,{'1': '36-496'},1.0,{'1': '16-499'},1.0,{'1': '271-278'},,,,
P54199,,,,,,,1.0,{'1': '440-715'},1.0,{'1': '432-722'},3.0,"{'1': '440-720', '2': '559-571', '3': '446-468'}",1.0,{'1': '440-716'},,
P54730,,,,,,,2.0,"{'1': '272-350', '2': '6-71'}",2.0,"{'1': '3-76', '2': '263-349'}",1.0,{'1': '273-350'},1.0,{'1': '269-351'},,
P54780,,,1.0,{'1': '1-204'},1.0,{'1': '1-203'},1.0,{'1': '2-187'},1.0,{'1': '1-193'},1.0,{'1': '46-69'},1.0,{'1': '2-192'},,
P54781,5.0,"{'1': '327-353', '2': '386-402', '3': '436-454', '4': '460-476', '5': '476-494'}",1.0,{'1': '57-533'},,,1.0,{'1': '77-481'},1.0,{'1': '73-529'},1.0,{'1': '469-478'},,,,
P54784,,,2.0,"{'1': '428-626', '2': '1-227'}",1.0,{'1': '221-912'},4.0,"{'1': '48-187', '2': '475-619', '3': '637-738', '4': '792-905'}",1.0,{'1': '437-722'},1.0,{'1': '48-188'},2.0,"{'1': '48-188', '2': '471-628'}",,
P54785,,,,,,,,,1.0,{'1': '346-394'},2.0,"{'1': '348-368', '2': '346-373'}",2.0,"{'1': '346-368', '2': '374-397'}",,
P54786,,,,,1.0,{'1': '7-917'},1.0,{'1': '854-904'},,,,,1.0,{'1': '852-904'},,
P54790,,,,,1.0,{'1': '20-438'},2.0,"{'1': '485-613', '2': '14-337'}",,,1.0,{'1': '3-15'},,,,
P54791,,,1.0,{'1': '76-276'},1.0,{'1': '20-526'},1.0,{'1': '287-516'},1.0,{'1': '69-274'},,,,,,
P54837,,,,,1.0,{'1': '6-206'},1.0,{'1': '22-206'},,,1.0,{'1': '33-121'},1.0,{'1': '20-206'},,
P54838,,,1.0,{'1': '383-583'},1.0,{'1': '4-583'},2.0,"{'1': '17-331', '2': '413-580'}",1.0,{'1': '374-583'},2.0,"{'1': '7-353', '2': '386-582'}",1.0,{'1': '412-582'},1.0,{'1': '10-580'}
P54858,,,1.0,{'1': '148-240'},1.0,{'1': '18-306'},1.0,{'1': '180-233'},1.0,{'1': '150-234'},1.0,{'1': '176-228'},1.0,{'1': '176-228'},,
P54860,,,1.0,{'1': '880-961'},1.0,{'1': '4-957'},2.0,"{'1': '881-953', '2': '217-865'}",,,1.0,{'1': '880-954'},1.0,{'1': '884-947'},,
P54861,6.0,"{'1': '28-46', '2': '53-70', '3': '165-182', '4': '215-233', '5': '234-250', '6': '257-276'}",1.0,{'1': '4-341'},1.0,{'1': '6-754'},3.0,"{'1': '254-541', '2': '665-755', '3': '31-246'}",1.0,{'1': '4-341'},3.0,"{'1': '54-63', '2': '670-757', '3': '25-333'}",2.0,"{'1': '4-285', '2': '665-756'}",,
P54885,,,2.0,"{'1': '12-430', '2': '227-390'}",,,1.0,{'1': '6-266'},1.0,{'1': '5-431'},1.0,{'1': '339-360'},,,1.0,{'1': '11-422'}
P54999,,,,,1.0,{'1': '11-84'},1.0,{'1': '17-82'},1.0,{'1': '14-84'},1.0,{'1': '14-86'},1.0,{'1': '17-83'},,
P56628,,,1.0,{'1': '1-121'},1.0,{'1': '6-120'},1.0,{'1': '11-118'},,,,,,,,
P57743,,,,,1.0,{'1': '2-80'},1.0,{'1': '7-77'},1.0,{'1': '2-80'},1.0,{'1': '3-82'},1.0,{'1': '6-78'},,
P60010,6.0,"{'1': '26-35', '2': '49-60', '3': '61-83', '4': '115-128', '5': '140-159', '6': '236-252'}",,,1.0,{'1': '8-369'},1.0,{'1': '4-375'},2.0,"{'1': '4-153', '2': '147-375'}",3.0,"{'1': '53-63', '2': '356-364', '3': '104-116'}",1.0,{'1': '5-375'},,
P61830,7.0,"{'1': '3-17', '2': '17-31', '3': '34-55', '4': '58-75', '5': '80-98', '6': '98-114', '7': '114-135'}",1.0,{'1': '2-136'},1.0,{'1': '1-135'},1.0,{'1': '7-132'},1.0,{'1': '2-133'},2.0,"{'1': '15-21', '2': '67-75'}",1.0,{'1': '34-136'},,
P69771,,,,,1.0,{'1': '15-203'},1.0,{'1': '15-180'},,,,,,,,
P69850,,,,,1.0,{'1': '2-92'},1.0,{'1': '5-87'},,,,,,,,
P69851,,,,,1.0,{'1': '1-71'},1.0,{'1': '1-71'},,,,,,,,
P69852,,,,,1.0,{'1': '1-69'},1.0,{'1': '6-52'},,,,,,,,
P80210,,,3.0,"{'1': '4-271', '2': '101-206', '3': '272-432'}",1.0,{'1': '2-429'},1.0,{'1': '4-427'},1.0,{'1': '2-429'},2.0,"{'1': '9-16', '2': '137-148'}",1.0,{'1': '2-429'},1.0,{'1': '4-430'}
P80235,,,2.0,"{'1': '4-642', '2': '70-438'}",1.0,{'1': '3-646'},1.0,{'1': '7-636'},,,2.0,"{'1': '4-19', '2': '325-351'}",,,,
P80428,,,,,1.0,{'1': '17-479'},1.0,{'1': '11-481'},2.0,"{'1': '12-158', '2': '152-484'}",1.0,{'1': '109-121'},1.0,{'1': '14-488'},,
P80667,4.0,"{'1': '309-319', '2': '324-339', '3': '346-355', '4': '358-370'}",,,1.0,{'1': '5-355'},2.0,"{'1': '312-363', '2': '140-283'}",1.0,{'1': '298-375'},1.0,{'1': '306-372'},1.0,{'1': '309-371'},,
P81449,,,,,,,1.0,{'1': '3-64'},,,,,,,,
P81450,,,,,1.0,{'1': '2-54'},1.0,{'1': '4-54'},,,,,,,,
P81451,,,,,1.0,{'1': '1-67'},1.0,{'1': '1-64'},,,,,,,,
P87262,4.0,"{'1': '13-26', '2': '26-43', '3': '44-54', '4': '64-86'}",1.0,{'1': '39-121'},1.0,{'1': '1-114'},1.0,{'1': '1-94'},,,1.0,{'1': '15-28'},,,,
P89102,,,,,1.0,{'1': '64-970'},1.0,{'1': '80-970'},,,,,,,,
P89105,,,4.0,"{'1': '43-181', '2': '187-270', '3': '271-578', '4': '579-870'}",1.0,{'1': '20-1071'},2.0,"{'1': '224-251', '2': '733-759'}",3.0,"{'1': '53-160', '2': '436-623', '3': '678-857'}",1.0,{'1': '218-251'},8.0,"{'1': '56-89', '2': '183-216', '3': '218-251', '4': '338-371', '5': '462-495', '6': '501-534', '7': '731-764', '8': '768-801'}",,
P89886,,,,,1.0,{'1': '1-178'},2.0,"{'1': '91-171', '2': '7-87'}",1.0,{'1': '90-178'},,,1.0,{'1': '91-172'},1.0,{'1': '61-173'}
Q00055,6.0,"{'1': '39-56', '2': '102-129', '3': '178-198', '4': '227-251', '5': '252-276', '6': '295-312'}",1.0,{'1': '234-391'},,,2.0,"{'1': '234-379', '2': '36-201'}",2.0,"{'1': '233-391', '2': '34-234'}",1.0,{'1': '242-263'},,,1.0,{'1': '36-382'}
Q00362,11.0,"{'1': '32-52', '2': '61-89', '3': '90-118', '4': '183-210', '5': '211-238', '6': '239-267', '7': '268-295', '8': '296-323', '9': '324-349', '10': '350-376', '11': '494-523'}",2.0,"{'1': '15-152', '2': '153-523'}",1.0,{'1': '5-524'},2.0,"{'1': '181-211', '2': '292-319'}",1.0,{'1': '26-398'},2.0,"{'1': '74-88', '2': '181-195'}",5.0,"{'1': '15-53', '2': '74-114', '3': '172-211', '4': '225-262', '5': '281-319'}",,
Q00381,,,,,1.0,{'1': '3-144'},1.0,{'1': '3-146'},1.0,{'1': '3-144'},1.0,{'1': '62-72'},,,,
Q00402,,,,,1.0,{'1': '905-2743'},1.0,{'1': '2567-2684'},,,1.0,{'1': '2573-2683'},1.0,{'1': '2574-2685'},,
Q00416,,,2.0,"{'1': '1264-1654', '2': '1655-1859'}",1.0,{'1': '920-1957'},4.0,"{'1': '106-859', '2': '1334-1626', '3': '1634-1831', '4': '1177-1285'}",1.0,{'1': '1333-1855'},,,,,,
Q00539,,,3.0,"{'1': '53-144', '2': '146-257', '3': '298-390'}",1.0,{'1': '54-388'},2.0,"{'1': '165-236', '2': '315-378'}",2.0,"{'1': '48-147', '2': '161-384'}",3.0,"{'1': '54-145', '2': '163-242', '3': '313-385'}",3.0,"{'1': '55-141', '2': '164-238', '3': '314-381'}",,
Q00578,,,2.0,"{'1': '353-543', '2': '544-774'}",1.0,{'1': '121-821'},3.0,"{'1': '361-518', '2': '543-778', '3': '133-256'}",2.0,"{'1': '314-537', '2': '474-764'}",2.0,"{'1': '589-743', '2': '373-535'}",2.0,"{'1': '616-694', '2': '358-539'}",1.0,{'1': '117-835'}
Q00582,,,1.0,{'1': '1-186'},1.0,{'1': '1-309'},1.0,{'1': '8-250'},1.0,{'1': '4-186'},,,,,,
Q00684,,,2.0,"{'1': '2-151', '2': '173-346'}",1.0,{'1': '81-438'},2.0,"{'1': '199-334', '2': '12-151'}",2.0,"{'1': '7-159', '2': '167-329'}",3.0,"{'1': '263-328', '2': '281-291', '3': '190-342'}",2.0,"{'1': '240-334', '2': '190-335'}",,
Q00711,,,2.0,"{'1': '291-394', '2': '54-458'}",1.0,{'1': '44-640'},2.0,"{'1': '54-450', '2': '506-640'}",3.0,"{'1': '281-399', '2': '40-473', '3': '496-640'}",1.0,{'1': '88-97'},,,2.0,"{'1': '51-640', '2': '54-626'}"
Q00723,,,,,1.0,{'1': '2-232'},1.0,{'1': '15-214'},,,,,,,,
Q00764,,,,,1.0,{'1': '14-491'},1.0,{'1': '17-481'},,,,,,,1.0,{'1': '17-481'}
Q00772,,,,,1.0,{'1': '21-388'},1.0,{'1': '24-318'},1.0,{'1': '16-326'},4.0,"{'1': '23-318', '2': '60-165', '3': '149-161', '4': '29-55'}",1.0,{'1': '23-318'},,
Q00776,6.0,"{'1': '12-32', '2': '101-128', '3': '166-194', '4': '272-299', '5': '341-356', '6': '381-392'}",,,1.0,{'1': '1-473'},2.0,"{'1': '49-132', '2': '164-474'}",2.0,"{'1': '1-141', '2': '164-473'}",3.0,"{'1': '164-184', '2': '292-306', '3': '175-473'}",,,,
Q00816,,,,,1.0,{'1': '103-978'},1.0,{'1': '173-204'},,,,,,,,
Q00916,,,1.0,{'1': '94-217'},1.0,{'1': '31-280'},2.0,"{'1': '109-166', '2': '6-97'}",1.0,{'1': '101-215'},1.0,{'1': '107-198'},1.0,{'1': '108-184'},,
Q00947,,,,,1.0,{'1': '136-411'},,,1.0,{'1': '155-195'},2.0,"{'1': '162-182', '2': '160-187'}",2.0,"{'1': '160-182', '2': '201-223'}",,
Q00955,,,1.0,{'1': '231-293'},1.0,{'1': '19-2232'},7.0,"{'1': '702-767', '2': '233-413', '3': '59-180', '4': '457-563', '5': '768-1479', '6': '1574-2130', '7': '576-695'}",5.0,"{'1': '693-766', '2': '450-567', '3': '16-183', '4': '1489-1814', '5': '1815-2201'}",8.0,"{'1': '694-768', '2': '725-742', '3': '247-261', '4': '377-384', '5': '216-408', '6': '1486-1822', '7': '1826-2141', '8': '58-567'}",1.0,{'1': '456-563'},,
Q01080,,,,,1.0,{'1': '4-411'},1.0,{'1': '33-404'},,,,,,,,
Q01159,,,1.0,{'1': '251-415'},1.0,{'1': '31-403'},2.0,"{'1': '47-249', '2': '253-397'}",1.0,{'1': '252-412'},,,,,,
Q01163,,,1.0,{'1': '127-325'},1.0,{'1': '2-445'},1.0,{'1': '124-444'},1.0,{'1': '127-221'},,,,,,
Q01217,,,1.0,{'1': '51-353'},,,3.0,"{'1': '542-666', '2': '99-317', '3': '333-499'}",2.0,"{'1': '541-696', '2': '71-350'}",2.0,"{'1': '353-505', '2': '670-686'}",1.0,{'1': '542-665'},2.0,"{'1': '542-859', '2': '99-325'}"
Q01329,,,1.0,{'1': '1-328'},1.0,{'1': '3-781'},1.0,{'1': '91-333'},,,,,,,,
Q01389,,,,,,,1.0,{'1': '1176-1439'},1.0,{'1': '1175-1440'},3.0,"{'1': '1175-1440', '2': '1299-1311', '3': '1181-1204'}",1.0,{'1': '1175-1440'},,
Q01448,,,,,,,1.0,{'1': '568-600'},,,,,,,,
Q01454,,,2.0,"{'1': '7-188', '2': '211-361'}",,,2.0,"{'1': '478-780', '2': '821-924'}",1.0,{'1': '16-347'},,,,,,
Q01476,,,,,1.0,{'1': '688-1262'},4.0,"{'1': '736-1255', '2': '529-576', '3': '585-641', '4': '658-719'}",1.0,{'1': '731-1258'},3.0,"{'1': '737-752', '2': '1193-1210', '3': '736-1258'}",,,,
Q01477,,,,,1.0,{'1': '223-911'},1.0,{'1': '461-908'},1.0,{'1': '458-911'},3.0,"{'1': '461-476', '2': '844-862', '3': '460-911'}",,,,
Q01519,,,1.0,{'1': '2-83'},1.0,{'1': '4-81'},1.0,{'1': '16-76'},1.0,{'1': '8-80'},,,,,,
Q01560,,,2.0,"{'1': '121-197', '2': '198-280'}",1.0,{'1': '115-361'},2.0,"{'1': '127-188', '2': '202-268'}",2.0,"{'1': '87-199', '2': '198-286'}",2.0,"{'1': '125-195', '2': '200-275'}",2.0,"{'1': '126-191', '2': '201-271'}",,
Q01574,,,2.0,"{'1': '74-576', '2': '577-713'}",,,3.0,"{'1': '139-527', '2': '590-675', '3': '76-137'}",,,1.0,{'1': '317-328'},,,1.0,{'1': '73-709'}
Q01589,,,,,1.0,{'1': '215-338'},,,,,,,,,,
Q01590,,,,,1.0,{'1': '50-331'},2.0,"{'1': '285-337', '2': '1-20'}",1.0,{'1': '50-304'},2.0,"{'1': '249-311', '2': '255-294'}",1.0,{'1': '244-311'},,
Q01649,,,,,,,1.0,{'1': '358-486'},,,,,,,,
Q01662,4.0,"{'1': '192-205', '2': '214-230', '3': '285-297', '4': '316-328'}",1.0,{'1': '82-380'},,,2.0,"{'1': '137-365', '2': '22-67'}",1.0,{'1': '92-375'},2.0,"{'1': '291-309', '2': '19-73'}",,,1.0,{'1': '127-373'}
Q01852,,,,,1.0,{'1': '13-430'},1.0,{'1': '271-422'},1.0,{'1': '242-422'},,,1.0,{'1': '270-424'},,
Q01855,3.0,"{'1': '78-97', '2': '98-110', '3': '110-125'}",1.0,{'1': '1-142'},1.0,{'1': '4-142'},1.0,{'1': '43-128'},1.0,{'1': '50-129'},1.0,{'1': '98-122'},,,1.0,{'1': '13-142'}
Q01919,,,,,,,1.0,{'1': '47-313'},1.0,{'1': '43-371'},3.0,"{'1': '46-313', '2': '171-183', '3': '52-80'}",1.0,{'1': '46-313'},,
Q01926,,,,,1.0,{'1': '59-361'},1.0,{'1': '65-305'},,,,,,,,
Q01939,,,2.0,"{'1': '23-137', '2': '138-318'}",1.0,{'1': '31-395'},3.0,"{'1': '185-317', '2': '72-127', '3': '341-383'}",1.0,{'1': '138-389'},1.0,{'1': '288-306'},1.0,{'1': '181-320'},,
Q01976,,,,,,,1.0,{'1': '92-202'},1.0,{'1': '35-202'},2.0,"{'1': '75-214', '2': '116-137'}",,,,
Q02046,3.0,"{'1': '37-59', '2': '173-193', '3': '288-306'}",,,,,2.0,"{'1': '10-121', '2': '144-210'}",2.0,"{'1': '149-300', '2': '3-148'}",,,,,,
Q02100,,,,,1.0,{'1': '12-481'},2.0,"{'1': '427-478', '2': '9-31'}",1.0,{'1': '431-478'},1.0,{'1': '429-478'},1.0,{'1': '426-497'},,
Q02159,,,1.0,{'1': '1-165'},1.0,{'1': '4-155'},1.0,{'1': '8-156'},1.0,{'1': '3-162'},2.0,"{'1': '4-164', '2': '78-93'}",,,,
Q02196,,,1.0,{'1': '1-199'},,,,,1.0,{'1': '20-193'},,,,,1.0,{'1': '7-192'}
Q02197,,,,,1.0,{'1': '14-725'},2.0,"{'1': '312-647', '2': '36-193'}",,,,,,,,
Q02199,,,,,1.0,{'1': '140-467'},2.0,"{'1': '64-141', '2': '181-246'}",,,,,,,,
Q02201,,,,,1.0,{'1': '37-381'},1.0,{'1': '54-334'},1.0,{'1': '43-441'},1.0,{'1': '153-164'},,,,
Q02204,,,1.0,{'1': '125-197'},,,1.0,{'1': '124-228'},,,,,,,,
Q02205,,,,,,,1.0,{'1': '14-91'},,,,,1.0,{'1': '13-97'},,
Q02206,4.0,"{'1': '208-221', '2': '222-238', '3': '238-256', '4': '256-275'}",2.0,"{'1': '46-159', '2': '160-304'}",1.0,{'1': '182-286'},3.0,"{'1': '75-142', '2': '206-279', '3': '447-533'}",2.0,"{'1': '51-152', '2': '206-292'}",3.0,"{'1': '72-141', '2': '205-275', '3': '210-267'}",2.0,"{'1': '55-160', '2': '184-294'}",,
Q02207,9.0,"{'1': '92-103', '2': '145-153', '3': '469-488', '4': '324-341', '5': '396-407', '6': '443-459', '7': '469-488', '8': '490-507', '9': '514-534'}",,,1.0,{'1': '321-892'},4.0,"{'1': '10-195', '2': '323-512', '3': '776-887', '4': '624-752'}",4.0,"{'1': '617-753', '2': '782-890', '3': '5-289', '4': '318-561'}",2.0,"{'1': '152-180', '2': '456-484'}",1.0,{'1': '10-199'},,
Q02208,,,,,1.0,{'1': '4-237'},1.0,{'1': '83-152'},,,,,,,,
Q02256,,,1.0,{'1': '2-173'},,,1.0,{'1': '31-169'},1.0,{'1': '11-170'},2.0,"{'1': '95-154', '2': '11-173'}",1.0,{'1': '11-170'},,
Q02260,,,,,1.0,{'1': '4-127'},1.0,{'1': '5-96'},1.0,{'1': '4-144'},1.0,{'1': '2-101'},1.0,{'1': '5-97'},,
Q02326,,,1.0,{'1': '33-118'},1.0,{'1': '2-176'},1.0,{'1': '71-176'},1.0,{'1': '32-118'},1.0,{'1': '72-90'},,,,
Q02336,,,2.0,"{'1': '357-431', '2': '1-53'}",,,4.0,"{'1': '1-46', '2': '64-107', '3': '366-433', '4': '163-237'}",2.0,"{'1': '58-111', '2': '342-434'}",5.0,"{'1': '7-34', '2': '2-58', '3': '65-108', '4': '349-434', '5': '60-112'}",2.0,"{'1': '1-46', '2': '61-110'}",,
Q02354,,,1.0,{'1': '48-203'},1.0,{'1': '3-283'},1.0,{'1': '8-91'},1.0,{'1': '22-191'},,,3.0,"{'1': '87-119', '2': '124-156', '3': '159-191'}",,
Q02455,,,,,,,3.0,"{'1': '1000-1125', '2': '193-267', '3': '457-565'}",,,1.0,{'1': '1099-1120'},,,,
Q02457,,,,,1.0,{'1': '7-535'},2.0,"{'1': '409-463', '2': '30-304'}",1.0,{'1': '405-471'},2.0,"{'1': '404-456', '2': '404-460'}",1.0,{'1': '408-466'},,
Q02486,,,2.0,"{'1': '37-114', '2': '115-182'}",1.0,{'1': '36-109'},2.0,"{'1': '43-110', '2': '116-181'}",2.0,"{'1': '42-115', '2': '115-181'}",2.0,"{'1': '43-111', '2': '116-183'}",2.0,"{'1': '42-112', '2': '115-183'}",,
Q02516,,,1.0,{'1': '112-237'},1.0,{'1': '131-239'},1.0,{'1': '102-224'},1.0,{'1': '94-231'},,,,,,
Q02521,,,,,1.0,{'1': '44-154'},1.0,{'1': '93-152'},,,,,1.0,{'1': '100-149'},,
Q02554,,,,,1.0,{'1': '5-428'},2.0,"{'1': '290-335', '2': '143-275'}",,,,,1.0,{'1': '286-339'},,
Q02608,,,1.0,{'1': '1-119'},1.0,{'1': '6-108'},1.0,{'1': '12-83'},1.0,{'1': '6-102'},1.0,{'1': '6-15'},,,1.0,{'1': '6-96'}
Q02629,,,1.0,{'1': '806-956'},1.0,{'1': '398-956'},3.0,"{'1': '16-83', '2': '287-373', '3': '430-509'}",1.0,{'1': '807-955'},1.0,{'1': '814-956'},,,,
Q02630,,,1.0,{'1': '956-1112'},1.0,{'1': '569-1109'},6.0,"{'1': '19-95', '2': '214-291', '3': '359-442', '4': '449-526', '5': '560-651', '6': '658-735'}",1.0,{'1': '961-1108'},1.0,{'1': '967-1109'},,,,
Q02642,,,1.0,{'1': '53-110'},1.0,{'1': '4-153'},1.0,{'1': '41-97'},,,1.0,{'1': '38-103'},1.0,{'1': '41-97'},,
Q02647,,,1.0,{'1': '1-92'},1.0,{'1': '9-90'},1.0,{'1': '9-91'},1.0,{'1': '8-91'},1.0,{'1': '58-72'},1.0,{'1': '4-91'},,
Q02648,,,,,1.0,{'1': '27-532'},1.0,{'1': '257-370'},,,,,,,,
Q02685,,,1.0,{'1': '41-219'},,,1.0,{'1': '57-214'},,,,,,,,
Q02724,,,,,,,1.0,{'1': '447-614'},1.0,{'1': '402-617'},1.0,{'1': '433-591'},,,,
Q02725,,,1.0,{'1': '204-559'},1.0,{'1': '1-802'},2.0,"{'1': '698-763', '2': '205-536'}",,,1.0,{'1': '1-145'},,,,
Q02753,,,1.0,{'1': '1-98'},1.0,{'1': '1-159'},1.0,{'1': '1-101'},1.0,{'1': '3-100'},1.0,{'1': '37-62'},,,,
Q02754,,,,,1.0,{'1': '2-180'},1.0,{'1': '17-170'},,,,,,,,
Q02767,,,2.0,"{'1': '147-242', '2': '1-118'}",1.0,{'1': '19-241'},1.0,{'1': '40-241'},2.0,"{'1': '16-118', '2': '149-241'}",2.0,"{'1': '11-125', '2': '148-242'}",,,,
Q02770,,,1.0,{'1': '1-173'},1.0,{'1': '8-170'},1.0,{'1': '16-137'},1.0,{'1': '12-179'},,,,,,
Q02773,,,,,1.0,{'1': '12-919'},1.0,{'1': '164-280'},,,,,,,,
Q02774,,,,,1.0,{'1': '3-207'},1.0,{'1': '6-190'},,,,,1.0,{'1': '4-200'},,
Q02775,,,,,1.0,{'1': '21-349'},1.0,{'1': '166-350'},1.0,{'1': '120-144'},1.0,{'1': '122-135'},,,,
Q02776,,,1.0,{'1': '176-361'},1.0,{'1': '94-351'},1.0,{'1': '192-339'},1.0,{'1': '179-343'},1.0,{'1': '187-330'},1.0,{'1': '190-319'},,
Q02783,,,,,1.0,{'1': '73-386'},1.0,{'1': '73-326'},,,,,,,,
Q02784,,,,,1.0,{'1': '29-136'},1.0,{'1': '47-114'},1.0,{'1': '33-139'},,,,,1.0,{'1': '36-134'}
Q02792,,,,,1.0,{'1': '1-998'},3.0,"{'1': '1-254', '2': '314-479', '3': '507-876'}",,,,,,,,
Q02793,,,1.0,{'1': '1-397'},1.0,{'1': '5-394'},2.0,"{'1': '13-42', '2': '287-319'}",1.0,{'1': '7-391'},2.0,"{'1': '287-328', '2': '306-320'}",4.0,"{'1': '2-42', '2': '176-213', '3': '222-264', '4': '281-319'}",,
Q02795,,,,,1.0,{'1': '76-280'},1.0,{'1': '184-282'},,,,,,,,
Q02796,,,,,,,1.0,{'1': '251-329'},,,,,,,,
Q02805,,,1.0,{'1': '36-220'},1.0,{'1': '11-607'},2.0,"{'1': '150-216', '2': '232-395'}",,,,,1.0,{'1': '232-395'},,
Q02821,,,2.0,"{'1': '87-509', '2': '16-58'}",,,10.0,"{'1': '120-160', '2': '163-201', '3': '205-244', '4': '248-286', '5': '289-327', '6': '330-370', '7': '372-411', '8': '418-456', '9': '17-108', '10': '471-523'}",1.0,{'1': '13-514'},3.0,"{'1': '130-173', '2': '341-375', '3': '1-65'}",8.0,"{'1': '119-160', '2': '162-202', '3': '204-244', '4': '247-286', '5': '288-328', '6': '330-370', '7': '372-412', '8': '417-457'}",,
Q02825,,,,,1.0,{'1': '19-447'},1.0,{'1': '75-144'},,,,,,,,
Q02863,,,,,1.0,{'1': '48-498'},1.0,{'1': '53-494'},1.0,{'1': '50-496'},3.0,"{'1': '54-69', '2': '391-408', '3': '53-497'}",,,,
Q02866,,,1.0,{'1': '273-429'},,,1.0,{'1': '314-409'},1.0,{'1': '73-420'},1.0,{'1': '273-414'},1.0,{'1': '313-423'},,
Q02873,,,,,1.0,{'1': '20-234'},1.0,{'1': '71-114'},,,,,,,,
Q02875,,,1.0,{'1': '137-232'},1.0,{'1': '350-834'},1.0,{'1': '152-190'},1.0,{'1': '142-214'},1.0,{'1': '149-205'},1.0,{'1': '150-204'},,
Q02884,,,1.0,{'1': '186-426'},1.0,{'1': '49-442'},1.0,{'1': '71-438'},,,,,,,,
Q02890,,,,,1.0,{'1': '106-362'},1.0,{'1': '167-235'},1.0,{'1': '10-324'},,,1.0,{'1': '183-238'},,
Q02892,3.0,"{'1': '170-190', '2': '191-209', '3': '218-233'}",1.0,{'1': '161-363'},,,3.0,"{'1': '234-291', '2': '396-449', '3': '6-164'}",1.0,{'1': '48-335'},1.0,{'1': '168-340'},,,,
Q02896,,,,,1.0,{'1': '7-287'},1.0,{'1': '17-285'},,,,,,,,
Q02908,,,,,1.0,{'1': '7-556'},4.0,"{'1': '501-546', '2': '117-304', '3': '322-401', '4': '22-93'}",1.0,{'1': '364-553'},2.0,"{'1': '405-557', '2': '91-381'}",1.0,{'1': '98-360'},1.0,{'1': '33-557'}
Q02931,,,2.0,"{'1': '38-354', '2': '412-695'}",1.0,{'1': '1-892'},1.0,{'1': '290-324'},1.0,{'1': '49-345'},1.0,{'1': '293-334'},3.0,"{'1': '245-284', '2': '286-325', '3': '592-634'}",,
Q02932,,,1.0,{'1': '8-1026'},,,1.0,{'1': '31-101'},1.0,{'1': '1-1024'},1.0,{'1': '31-103'},1.0,{'1': '31-103'},,
Q02933,,,1.0,{'1': '24-293'},1.0,{'1': '80-252'},2.0,"{'1': '52-254', '2': '311-426'}",1.0,{'1': '27-283'},2.0,"{'1': '84-91', '2': '152-163'}",,,,
Q02939,,,,,1.0,{'1': '8-513'},2.0,"{'1': '12-406', '2': '439-506'}",,,,,,,1.0,{'1': '9-510'}
Q02948,,,1.0,{'1': '321-539'},1.0,{'1': '2-541'},2.0,"{'1': '317-535', '2': '180-314'}",,,,,,,,
Q02950,,,,,1.0,{'1': '2-340'},1.0,{'1': '2-295'},,,,,,,,
Q02959,3.0,"{'1': '192-215', '2': '226-241', '3': '360-370'}",1.0,{'1': '37-480'},1.0,{'1': '5-678'},1.0,{'1': '101-430'},1.0,{'1': '42-480'},,,,,,
Q02969,,,,,,,1.0,{'1': '163-382'},,,,,,,,
Q02979,,,3.0,"{'1': '863-1218', '2': '299-459', '3': '462-627'}",1.0,{'1': '299-1221'},5.0,"{'1': '543-624', '2': '1-56', '3': '155-214', '4': '877-1210', '5': '689-853'}",2.0,"{'1': '872-1214', '2': '418-624'}",4.0,"{'1': '538-570', '2': '572-604', '3': '1-213', '4': '872-1217'}",7.0,"{'1': '301-330', '2': '427-456', '3': '472-500', '4': '503-533', '5': '538-567', '6': '572-601', '7': '605-634'}",,
Q02981,,,,,1.0,{'1': '76-607'},1.0,{'1': '201-505'},1.0,{'1': '213-421'},,,,,,
Q02983,,,,,1.0,{'1': '6-194'},,,,,,,,,,
Q03002,,,,,,,1.0,{'1': '43-313'},1.0,{'1': '38-314'},3.0,"{'1': '41-313', '2': '171-183', '3': '47-80'}",1.0,{'1': '41-313'},,
Q03010,,,1.0,{'1': '6-447'},1.0,{'1': '9-442'},,,1.0,{'1': '184-449'},,,4.0,"{'1': '223-262', '2': '266-307', '3': '330-370', '4': '403-442'}",,
Q03012,,,1.0,{'1': '9-71'},1.0,{'1': '15-327'},1.0,{'1': '25-69'},1.0,{'1': '8-71'},2.0,"{'1': '25-69', '2': '22-72'}",1.0,{'1': '24-70'},,
Q03016,,,1.0,{'1': '473-937'},,,,,,,,,,,,
Q03020,,,,,1.0,{'1': '26-160'},1.0,{'1': '35-159'},,,,,,,1.0,{'1': '35-159'}
Q03034,,,,,1.0,{'1': '6-501'},3.0,"{'1': '119-320', '2': '328-464', '3': '14-102'}",,,,,,,1.0,{'1': '10-463'}
Q03048,,,1.0,{'1': '1-143'},1.0,{'1': '2-136'},1.0,{'1': '13-135'},,,1.0,{'1': '5-137'},1.0,{'1': '10-137'},,
Q03067,,,,,,,2.0,"{'1': '67-99', '2': '6-44'}",,,,,,,,
Q03071,,,1.0,{'1': '4-99'},1.0,{'1': '3-98'},1.0,{'1': '5-65'},1.0,{'1': '2-99'},,,1.0,{'1': '3-99'},,
Q03088,,,1.0,{'1': '211-346'},1.0,{'1': '1-679'},1.0,{'1': '210-338'},1.0,{'1': '211-339'},,,,,,
Q03103,,,,,1.0,{'1': '14-434'},1.0,{'1': '66-413'},1.0,{'1': '54-423'},,,,,,
Q03124,,,,,1.0,{'1': '152-490'},,,,,1.0,{'1': '395-476'},,,,
Q03151,,,1.0,{'1': '32-226'},,,1.0,{'1': '153-265'},1.0,{'1': '38-233'},1.0,{'1': '42-228'},,,,
Q03153,,,1.0,{'1': '100-259'},1.0,{'1': '11-612'},1.0,{'1': '305-594'},1.0,{'1': '119-248'},,,,,,
Q03161,,,1.0,{'1': '1-297'},,,1.0,{'1': '17-285'},1.0,{'1': '12-286'},,,,,,
Q03162,,,,,1.0,{'1': '272-597'},1.0,{'1': '515-555'},,,1.0,{'1': '514-555'},,,,
Q03177,3.0,"{'1': '188-202', '2': '292-306', '3': '334-348'}",1.0,{'1': '160-541'},1.0,{'1': '17-681'},3.0,"{'1': '173-200', '2': '269-304', '3': '311-347'}",1.0,{'1': '172-593'},3.0,"{'1': '169-202', '2': '274-314', '3': '314-356'}",6.0,"{'1': '161-201', '2': '267-305', '3': '308-347', '4': '350-389', '5': '415-457', '6': '571-610'}",,
Q03178,,,,,1.0,{'1': '1-339'},9.0,"{'1': '64-81', '2': '83-100', '3': '102-119', '4': '126-143', '5': '145-162', '6': '164-181', '7': '183-200', '8': '203-219', '9': '257-331'}",,,14.0,"{'1': '87-97', '2': '106-116', '3': '130-140', '4': '149-159', '5': '187-197', '6': '206-216', '7': '64-82', '8': '83-101', '9': '102-120', '10': '126-144', '11': '145-163', '12': '164-182', '13': '183-201', '14': '202-220'}",,,,
Q03193,,,,,1.0,{'1': '4-212'},1.0,{'1': '8-64'},,,,,2.0,"{'1': '20-51', '2': '144-176'}",,
Q03195,6.0,"{'1': '24-39', '2': '52-76', '3': '79-99', '4': '107-132', '5': '140-156', '6': '156-182'}",2.0,"{'1': '1-337', '2': '339-603'}",1.0,{'1': '1-604'},4.0,"{'1': '101-249', '2': '374-495', '3': '7-36', '4': '50-71'}",2.0,"{'1': '101-296', '2': '372-541'}",5.0,"{'1': '70-320', '2': '345-568', '3': '468-482', '4': '46-75', '5': '55-66'}",2.0,"{'1': '102-298', '2': '377-545'}",,
Q03201,3.0,"{'1': '42-55', '2': '77-92', '3': '98-112'}",1.0,{'1': '43-143'},1.0,{'1': '28-144'},1.0,{'1': '45-140'},1.0,{'1': '43-141'},,,1.0,{'1': '44-141'},1.0,{'1': '45-126'}
Q03212,,,1.0,{'1': '172-388'},1.0,{'1': '171-350'},1.0,{'1': '256-372'},1.0,{'1': '174-377'},1.0,{'1': '172-375'},1.0,{'1': '235-374'},,
Q03213,,,,,1.0,{'1': '52-718'},1.0,{'1': '617-694'},,,,,,,,
Q03214,,,2.0,"{'1': '1225-1289', '2': '162-297'}",,,2.0,"{'1': '190-275', '2': '1241-1287'}",2.0,"{'1': '1234-1290', '2': '165-280'}",5.0,"{'1': '185-279', '2': '476-695', '3': '118-159', '4': '1241-1287', '5': '1238-1290'}",3.0,"{'1': '186-280', '2': '1240-1288', '3': '476-695'}",,
Q03219,,,1.0,{'1': '4-176'},,,2.0,"{'1': '7-174', '2': '191-262'}",1.0,{'1': '4-204'},,,1.0,{'1': '7-176'},,
Q03246,,,1.0,{'1': '1-107'},1.0,{'1': '3-88'},1.0,{'1': '8-75'},1.0,{'1': '3-101'},,,,,,
Q03254,,,2.0,"{'1': '166-395', '2': '503-593'}",1.0,{'1': '105-686'},2.0,"{'1': '500-580', '2': '176-345'}",2.0,"{'1': '169-358', '2': '503-593'}",2.0,"{'1': '499-593', '2': '170-363'}",2.0,"{'1': '501-583', '2': '173-349'}",1.0,{'1': '169-345'}
Q03264,,,1.0,{'1': '90-515'},1.0,{'1': '44-513'},1.0,{'1': '115-464'},1.0,{'1': '95-514'},,,,,,
Q03280,,,1.0,{'1': '321-694'},1.0,{'1': '2005-3266'},5.0,"{'1': '2963-3267', '2': '93-386', '3': '448-686', '4': '2327-2359', '5': '2372-2399'}",2.0,"{'1': '297-685', '2': '2908-3261'}",1.0,{'1': '2932-3268'},1.0,{'1': '2930-3268'},,
Q03281,,,2.0,"{'1': '5-55', '2': '569-661'}",1.0,{'1': '3-661'},2.0,"{'1': '329-661', '2': '8-42'}",,,,,,,,
Q03290,,,1.0,{'1': '9-75'},,,2.0,"{'1': '11-60', '2': '63-259'}",,,2.0,"{'1': '13-55', '2': '34-43'}",,,1.0,{'1': '3-318'}
Q03305,,,1.0,{'1': '185-412'},1.0,{'1': '15-411'},,,1.0,{'1': '189-411'},1.0,{'1': '189-412'},,,,
Q03308,,,1.0,{'1': '597-696'},1.0,{'1': '1-794'},2.0,"{'1': '478-797', '2': '4-378'}",,,,,,,,
Q03322,,,,,1.0,{'1': '35-216'},,,1.0,{'1': '5-88'},2.0,"{'1': '132-194', '2': '138-177'}",1.0,{'1': '127-194'},,
Q03323,,,,,,,1.0,{'1': '121-162'},,,,,,,,
Q03330,4.0,"{'1': '347-360', '2': '361-377', '3': '377-395', '4': '395-414'}",1.0,{'1': '319-439'},1.0,{'1': '22-436'},2.0,"{'1': '124-226', '2': '337-418'}",2.0,"{'1': '100-260', '2': '310-434'}",3.0,"{'1': '100-255', '2': '344-414', '3': '349-406'}",1.0,{'1': '325-433'},,
Q03337,,,,,1.0,{'1': '20-278'},1.0,{'1': '62-271'},1.0,{'1': '55-280'},,,,,,
Q03338,,,,,1.0,{'1': '62-466'},2.0,"{'1': '340-465', '2': '67-317'}",,,,,,,,
Q03361,,,,,1.0,{'1': '186-849'},,,,,,,,,,
Q03370,,,,,1.0,{'1': '17-474'},1.0,{'1': '117-464'},,,,,,,,
Q03375,,,,,1.0,{'1': '1-118'},1.0,{'1': '67-109'},,,,,1.0,{'1': '65-111'},,
Q03388,,,,,,,2.0,"{'1': '709-737', '2': '21-292'}",,,,,1.0,{'1': '708-737'},,
Q03390,,,,,1.0,{'1': '14-190'},1.0,{'1': '19-183'},,,,,,,,
Q03406,,,,,1.0,{'1': '26-294'},2.0,"{'1': '110-195', '2': '222-294'}",1.0,{'1': '55-218'},,,,,,
Q03407,,,,,1.0,{'1': '81-404'},1.0,{'1': '126-391'},1.0,{'1': '112-410'},3.0,"{'1': '125-391', '2': '245-257', '3': '131-154'}",1.0,{'1': '125-391'},,
Q03429,,,,,1.0,{'1': '1-119'},,,,,,,,,,
Q03433,,,,,1.0,{'1': '1-278'},,,,,1.0,{'1': '244-277'},,,,
Q03434,,,1.0,{'1': '656-826'},1.0,{'1': '592-873'},4.0,"{'1': '663-763', '2': '1281-1487', '3': '17-400', '4': '829-890'}",2.0,"{'1': '662-812', '2': '1332-1662'}",2.0,"{'1': '660-835', '2': '458-469'}",,,,
Q03435,,,1.0,{'1': '77-187'},1.0,{'1': '60-181'},1.0,{'1': '94-158'},1.0,{'1': '81-165'},1.0,{'1': '94-158'},1.0,{'1': '93-159'},,
Q03441,,,,,1.0,{'1': '16-426'},1.0,{'1': '205-377'},,,,,,,,
Q03455,,,1.0,{'1': '384-584'},1.0,{'1': '43-698'},1.0,{'1': '389-585'},1.0,{'1': '383-582'},,,,,1.0,{'1': '386-664'}
Q03482,,,,,,,1.0,{'1': '32-73'},,,,,,,,
Q03496,,,,,1.0,{'1': '61-1397'},3.0,"{'1': '615-839', '2': '841-984', '3': '235-500'}",1.0,{'1': '1157-1403'},,,,,,
Q03503,,,,,1.0,{'1': '3-161'},1.0,{'1': '18-135'},1.0,{'1': '13-159'},1.0,{'1': '3-159'},,,,
Q03508,,,,,,,2.0,"{'1': '59-253', '2': '265-453'}",,,,,,,,
Q03516,,,,,1.0,{'1': '21-726'},4.0,"{'1': '388-660', '2': '819-912', '3': '194-376', '4': '23-171'}",,,,,,,,
Q03525,,,,,1.0,{'1': '4-201'},,,,,,,,,,
Q03532,,,2.0,"{'1': '2-252', '2': '260-486'}",,,3.0,"{'1': '279-382', '2': '66-237', '3': '436-485'}",1.0,{'1': '114-405'},4.0,"{'1': '194-202', '2': '263-433', '3': '73-249', '4': '42-70'}",3.0,"{'1': '303-384', '2': '61-267', '3': '424-487'}",,
Q03533,,,,,,,1.0,{'1': '41-351'},1.0,{'1': '40-393'},3.0,"{'1': '39-351', '2': '176-188', '3': '45-72'}",1.0,{'1': '39-351'},,
Q03557,,,1.0,{'1': '2-464'},1.0,{'1': '37-459'},1.0,{'1': '7-457'},1.0,{'1': '9-461'},1.0,{'1': '128-159'},,,1.0,{'1': '2-463'}
Q03558,,,1.0,{'1': '1-400'},1.0,{'1': '15-388'},1.0,{'1': '16-368'},,,,,,,,
Q03559,,,,,1.0,{'1': '2-197'},1.0,{'1': '49-118'},,,,,,,,
Q03629,,,1.0,{'1': '1-201'},1.0,{'1': '22-188'},1.0,{'1': '31-178'},1.0,{'1': '14-191'},,,,,,
Q03630,,,,,1.0,{'1': '1-126'},1.0,{'1': '3-119'},1.0,{'1': '1-153'},,,1.0,{'1': '3-156'},,
Q03640,,,4.0,"{'1': '486-657', '2': '660-786', '3': '796-929', '4': '1116-1250'}",1.0,{'1': '47-1536'},6.0,"{'1': '491-591', '2': '666-753', '3': '816-896', '4': '1134-1232', '5': '1432-1505', '6': '1003-1122'}",5.0,"{'1': '486-619', '2': '661-780', '3': '765-895', '4': '1133-1250', '5': '1419-1517'}",6.0,"{'1': '470-596', '2': '646-763', '3': '783-897', '4': '1119-1234', '5': '1396-1514', '6': '272-479'}",5.0,"{'1': '492-595', '2': '664-762', '3': '801-896', '4': '1135-1233', '5': '1416-1511'}",,
Q03648,,,,,1.0,{'1': '109-450'},1.0,{'1': '196-456'},1.0,{'1': '211-371'},,,1.0,{'1': '192-457'},,
Q03649,,,1.0,{'1': '112-397'},1.0,{'1': '61-418'},1.0,{'1': '151-392'},1.0,{'1': '130-414'},1.0,{'1': '323-364'},,,,
Q03653,,,,,1.0,{'1': '5-757'},1.0,{'1': '12-556'},,,,,,,,
Q03654,,,,,1.0,{'1': '6-322'},3.0,"{'1': '11-56', '2': '64-106', '3': '349-408'}",1.0,{'1': '9-92'},4.0,"{'1': '9-56', '2': '57-106', '3': '1-60', '4': '65-110'}",2.0,"{'1': '9-58', '2': '61-108'}",,
Q03655,,,,,1.0,{'1': '1-514'},1.0,{'1': '17-352'},1.0,{'1': '25-337'},,,,,,
Q03656,,,,,1.0,{'1': '94-707'},2.0,"{'1': '159-303', '2': '545-706'}",1.0,{'1': '154-720'},3.0,"{'1': '158-706', '2': '290-302', '3': '164-187'}",1.0,{'1': '158-706'},,
Q03660,,,,,1.0,{'1': '6-1101'},4.0,"{'1': '976-1084', '2': '10-230', '3': '672-767', '4': '302-530'}",,,,,,,,
Q03661,,,,,,,,,,,1.0,{'1': '1390-1411'},,,,
Q03667,,,,,1.0,{'1': '1-153'},,,,,,,,,,
Q03673,,,1.0,{'1': '68-113'},,,1.0,{'1': '69-103'},1.0,{'1': '61-103'},1.0,{'1': '69-103'},1.0,{'1': '69-103'},,
Q03687,,,,,1.0,{'1': '38-364'},1.0,{'1': '252-310'},,,,,,,,
Q03690,,,1.0,{'1': '989-1270'},1.0,{'1': '3-1272'},3.0,"{'1': '360-595', '2': '49-124', '3': '688-931'}",2.0,"{'1': '993-1125', '2': '211-302'}",1.0,{'1': '339-596'},,,,
Q03691,,,,,1.0,{'1': '9-254'},1.0,{'1': '31-253'},,,,,,,,
Q03695,,,,,,,1.0,{'1': '5-309'},,,,,,,,
Q03697,,,,,1.0,{'1': '7-377'},1.0,{'1': '88-196'},2.0,"{'1': '76-155', '2': '302-372'}",,,,,,
Q03702,,,1.0,{'1': '18-325'},1.0,{'1': '5-319'},1.0,{'1': '69-315'},1.0,{'1': '67-320'},,,,,,
Q03705,,,1.0,{'1': '1-181'},1.0,{'1': '6-180'},1.0,{'1': '19-180'},1.0,{'1': '7-158'},,,,,,
Q03707,,,1.0,{'1': '720-817'},1.0,{'1': '1-829'},2.0,"{'1': '463-820', '2': '14-48'}",,,,,,,,
Q03714,,,,,,,,,1.0,{'1': '255-321'},1.0,{'1': '259-318'},,,,
Q03718,,,,,,,1.0,{'1': '1-516'},,,,,,,,
Q03722,,,,,,,,,1.0,{'1': '354-524'},,,,,,
Q03723,,,,,1.0,{'1': '3-329'},1.0,{'1': '33-329'},,,,,,,,
Q03730,,,,,,,,,2.0,"{'1': '124-203', '2': '280-369'}",,,,,,
Q03735,,,2.0,"{'1': '630-725', '2': '731-863'}",1.0,{'1': '119-989'},2.0,"{'1': '60-104', '2': '199-560'}",1.0,{'1': '652-820'},1.0,{'1': '653-726'},2.0,"{'1': '654-722', '2': '745-833'}",,
Q03750,,,,,1.0,{'1': '1-472'},1.0,{'1': '175-222'},,,,,,,,
Q03758,,,,,1.0,{'1': '50-917'},2.0,"{'1': '88-524', '2': '646-918'}",,,,,,,,
Q03760,,,,,,,1.0,{'1': '106-213'},,,,,,,,
Q03761,,,1.0,{'1': '410-490'},1.0,{'1': '9-532'},1.0,{'1': '416-488'},1.0,{'1': '413-490'},,,,,,
Q03764,,,,,,,1.0,{'1': '79-128'},1.0,{'1': '88-515'},,,,,,
Q03768,,,1.0,{'1': '1-165'},1.0,{'1': '1-248'},1.0,{'1': '5-155'},1.0,{'1': '2-154'},1.0,{'1': '9-159'},1.0,{'1': '9-159'},,
Q03769,,,1.0,{'1': '30-199'},,,1.0,{'1': '30-180'},1.0,{'1': '11-184'},1.0,{'1': '25-184'},1.0,{'1': '31-184'},,
Q03772,,,,,1.0,{'1': '1-87'},1.0,{'1': '1-108'},,,,,,,,
Q03774,,,1.0,{'1': '29-289'},1.0,{'1': '9-419'},,,1.0,{'1': '8-279'},1.0,{'1': '237-277'},3.0,"{'1': '97-131', '2': '181-226', '3': '230-268'}",,
Q03776,,,2.0,"{'1': '19-200', '2': '272-493'}",,,,,1.0,{'1': '20-486'},,,3.0,"{'1': '51-83', '2': '85-118', '3': '290-322'}",,
Q03778,,,1.0,{'1': '54-218'},1.0,{'1': '57-217'},1.0,{'1': '57-205'},1.0,{'1': '57-215'},,,1.0,{'1': '50-207'},,
Q03782,,,,,,,1.0,{'1': '31-492'},,,,,,,,
Q03784,,,,,1.0,{'1': '1-218'},2.0,"{'1': '5-56', '2': '171-217'}",1.0,{'1': '1-218'},,,1.0,{'1': '3-218'},,
Q03785,,,,,,,1.0,{'1': '103-329'},1.0,{'1': '7-373'},3.0,"{'1': '12-337', '2': '181-193', '3': '18-41'}",1.0,{'1': '12-337'},,
Q03790,,,1.0,{'1': '245-355'},,,1.0,{'1': '248-355'},1.0,{'1': '248-346'},1.0,{'1': '247-352'},,,,
Q03799,,,,,1.0,{'1': '4-153'},1.0,{'1': '6-154'},1.0,{'1': '2-154'},,,,,,
Q03818,,,,,,,1.0,{'1': '66-143'},,,,,,,,
Q03824,5.0,"{'1': '116-131', '2': '252-273', '3': '297-318', '4': '613-636', '5': '686-701'}",,,,,,,,,,,,,,
Q03825,,,,,,,1.0,{'1': '53-79'},,,1.0,{'1': '51-83'},1.0,{'1': '51-83'},,
Q03833,,,,,,,3.0,"{'1': '192-307', '2': '13-46', '3': '857-877'}",1.0,{'1': '826-876'},5.0,"{'1': '170-324', '2': '12-53', '3': '830-851', '4': '828-856', '5': '857-889'}",4.0,"{'1': '170-324', '2': '11-52', '3': '828-851', '4': '857-877'}",,
Q03834,,,3.0,"{'1': '269-429', '2': '923-1188', '3': '434-616'}",1.0,{'1': '315-1174'},5.0,"{'1': '979-1167', '2': '312-426', '3': '620-910', '4': '465-593', '5': '780-870'}",4.0,"{'1': '300-422', '2': '941-1168', '3': '617-918', '4': '421-602'}",1.0,{'1': '1056-1072'},2.0,"{'1': '975-1164', '2': '634-956'}",,
Q03835,,,,,1.0,{'1': '22-239'},2.0,"{'1': '163-226', '2': '16-100'}",2.0,"{'1': '2-107', '2': '151-239'}",1.0,{'1': '1-110'},,,,
Q03862,,,2.0,"{'1': '19-350', '2': '359-434'}",1.0,{'1': '7-586'},,,1.0,{'1': '8-241'},,,,,,
Q03868,,,,,1.0,{'1': '1-1244'},3.0,"{'1': '32-93', '2': '1032-1228', '3': '456-614'}",,,,,3.0,"{'1': '758-968', '2': '1030-1231', '3': '30-96'}",,
Q03897,,,1.0,{'1': '3-356'},1.0,{'1': '9-1145'},4.0,"{'1': '108-143', '2': '192-230', '3': '433-520', '4': '1094-1146'}",1.0,{'1': '24-341'},4.0,"{'1': '110-146', '2': '197-239', '3': '432-543', '4': '130-144'}",7.0,"{'1': '14-51', '2': '55-97', '3': '103-143', '4': '147-186', '5': '190-230', '6': '290-339', '7': '432-543'}",,
Q03898,,,,,,,1.0,{'1': '21-281'},,,,,,,,
Q03900,,,2.0,"{'1': '26-136', '2': '138-244'}",,,1.0,{'1': '30-126'},2.0,"{'1': '30-138', '2': '139-239'}",,,1.0,{'1': '27-138'},,
Q03920,,,1.0,{'1': '12-221'},1.0,{'1': '10-221'},1.0,{'1': '35-125'},1.0,{'1': '15-214'},1.0,{'1': '119-125'},,,1.0,{'1': '14-212'}
Q03921,,,,,1.0,{'1': '15-1326'},3.0,"{'1': '18-355', '2': '1248-1679', '3': '384-569'}",1.0,{'1': '88-310'},,,,,,
Q03940,,,2.0,"{'1': '22-372', '2': '128-253'}",1.0,{'1': '16-460'},2.0,"{'1': '23-377', '2': '383-448'}",1.0,{'1': '47-442'},,,1.0,{'1': '71-379'},,
Q03941,,,1.0,{'1': '1-207'},,,1.0,{'1': '2-187'},1.0,{'1': '1-199'},1.0,{'1': '3-211'},,,1.0,{'1': '3-194'}
Q03944,,,,,1.0,{'1': '182-565'},1.0,{'1': '218-273'},1.0,{'1': '158-283'},1.0,{'1': '185-257'},1.0,{'1': '184-257'},,
Q03954,,,,,1.0,{'1': '1-164'},1.0,{'1': '5-160'},,,,,,,,
Q03956,,,,,1.0,{'1': '9-345'},1.0,{'1': '26-341'},,,,,,,,
Q03957,,,,,1.0,{'1': '183-473'},1.0,{'1': '185-469'},1.0,{'1': '176-475'},3.0,"{'1': '183-469', '2': '302-314', '3': '189-212'}",1.0,{'1': '183-469'},,
Q03964,,,,,,,1.0,{'1': '17-400'},,,,,,,,
Q03973,,,1.0,{'1': '96-187'},1.0,{'1': '92-239'},1.0,{'1': '106-178'},1.0,{'1': '92-184'},1.0,{'1': '106-179'},1.0,{'1': '105-180'},,
Q03976,,,,,1.0,{'1': '129-300'},1.0,{'1': '171-299'},,,,,,,,
Q03981,,,,,,,,,,,,,,,,
Q04002,,,,,1.0,{'1': '159-1467'},2.0,"{'1': '1205-1385', '2': '721-762'}",1.0,{'1': '513-1360'},,,,,,
Q04003,,,,,1.0,{'1': '4-434'},1.0,{'1': '124-220'},,,1.0,{'1': '91-275'},,,,
Q04004,,,,,,,1.0,{'1': '16-166'},1.0,{'1': '25-199'},,,,,,
Q04013,,,2.0,"{'1': '4-135', '2': '136-314'}",1.0,{'1': '10-307'},3.0,"{'1': '22-85', '2': '109-196', '3': '213-304'}",1.0,{'1': '16-294'},1.0,{'1': '217-301'},,,,
Q04031,,,,,1.0,{'1': '13-232'},1.0,{'1': '19-160'},,,,,,,,
Q04048,,,3.0,"{'1': '26-188', '2': '372-532', '3': '534-822'}",1.0,{'1': '205-815'},3.0,"{'1': '444-822', '2': '22-158', '3': '290-434'}",2.0,"{'1': '27-526', '2': '541-802'}",,,8.0,"{'1': '13-49', '2': '52-84', '3': '88-121', '4': '516-554', '5': '597-633', '6': '639-675', '7': '720-754', '8': '756-790'}",,
Q04049,,,2.0,"{'1': '393-513', '2': '2-295'}",1.0,{'1': '18-544'},2.0,"{'1': '29-276', '2': '393-506'}",2.0,"{'1': '391-508', '2': '1-387'}",2.0,"{'1': '26-309', '2': '545-580'}",,,,
Q04052,,,1.0,{'1': '20-90'},1.0,{'1': '70-920'},1.0,{'1': '23-64'},1.0,{'1': '16-63'},2.0,"{'1': '24-58', '2': '24-60'}",1.0,{'1': '19-69'},,
Q04053,,,1.0,{'1': '114-243'},1.0,{'1': '20-624'},1.0,{'1': '146-231'},1.0,{'1': '120-232'},1.0,{'1': '98-235'},1.0,{'1': '117-232'},,
Q04062,,,,,1.0,{'1': '8-392'},3.0,"{'1': '274-352', '2': '356-388', '3': '26-255'}",1.0,{'1': '278-356'},1.0,{'1': '187-355'},1.0,{'1': '282-373'},,
Q04067,,,1.0,{'1': '134-274'},,,2.0,"{'1': '197-260', '2': '7-126'}",1.0,{'1': '160-272'},1.0,{'1': '191-270'},1.0,{'1': '192-266'},,
Q04080,,,,,1.0,{'1': '4-509'},1.0,{'1': '13-501'},,,,,,,,
Q04082,,,,,1.0,{'1': '3-139'},1.0,{'1': '3-131'},,,,,,,,
Q04087,,,,,,,1.0,{'1': '5-232'},,,,,,,,
Q04119,,,,,,,1.0,{'1': '96-329'},1.0,{'1': '96-365'},,,,,,
Q04120,,,,,1.0,{'1': '3-194'},2.0,"{'1': '5-138', '2': '158-193'}",1.0,{'1': '5-195'},1.0,{'1': '3-161'},,,,
Q04121,4.0,"{'1': '124-135', '2': '138-152', '3': '153-161', '4': '194-204'}",,,1.0,{'1': '60-617'},1.0,{'1': '77-484'},,,,,,,1.0,{'1': '56-610'}
Q04170,,,,,1.0,{'1': '19-231'},,,,,,,,,,
Q04175,,,1.0,{'1': '2-940'},,,2.0,"{'1': '25-97', '2': '194-420'}",1.0,{'1': '3-939'},1.0,{'1': '25-97'},1.0,{'1': '25-97'},,
Q04177,,,1.0,{'1': '28-294'},1.0,{'1': '9-636'},1.0,{'1': '448-549'},1.0,{'1': '40-256'},,,,,,
Q04178,,,1.0,{'1': '1-221'},,,1.0,{'1': '22-135'},1.0,{'1': '6-202'},,,,,,
Q04179,,,1.0,{'1': '1-333'},1.0,{'1': '7-333'},1.0,{'1': '8-323'},1.0,{'1': '5-334'},1.0,{'1': '11-21'},,,,
Q04182,,,2.0,"{'1': '171-414', '2': '886-1123'}",,,7.0,"{'1': '186-346', '2': '903-1054', '3': '736-826', '4': '514-725', '5': '1201-1416', '6': '47-162', '7': '1083-1145'}",2.0,"{'1': '178-420', '2': '892-1111'}",3.0,"{'1': '171-420', '2': '884-1127', '3': '319-333'}",2.0,"{'1': '195-387', '2': '912-1103'}",1.0,{'1': '110-1518'}
Q04183,,,,,1.0,{'1': '5-1273'},1.0,{'1': '9-1252'},,,,,,,,
Q04199,,,2.0,"{'1': '2-275', '2': '321-459'}",1.0,{'1': '1-433'},1.0,{'1': '6-404'},1.0,{'1': '8-406'},2.0,"{'1': '9-52', '2': '67-108'}",5.0,"{'1': '2-43', '2': '60-99', '3': '129-173', '4': '176-215', '5': '361-401'}",,
Q04201,,,,,,,1.0,{'1': '75-114'},,,1.0,{'1': '74-116'},1.0,{'1': '74-115'},,
Q04213,,,,,,,1.0,{'1': '10-160'},,,,,1.0,{'1': '6-118'},,
Q04217,,,2.0,"{'1': '355-586', '2': '587-837'}",,,4.0,"{'1': '728-817', '2': '399-563', '3': '1080-1184', '4': '879-907'}",1.0,{'1': '385-940'},3.0,"{'1': '675-858', '2': '511-520', '3': '401-580'}",3.0,"{'1': '717-817', '2': '878-1007', '3': '389-593'}",,
Q04223,,,2.0,"{'1': '113-255', '2': '37-112'}",1.0,{'1': '15-301'},,,1.0,{'1': '24-241'},,,,,2.0,"{'1': '104-230', '2': '23-235'}"
Q04225,,,1.0,{'1': '59-510'},1.0,{'1': '70-511'},3.0,"{'1': '321-350', '2': '408-446', '3': '108-175'}",1.0,{'1': '215-508'},3.0,"{'1': '317-359', '2': '413-448', '3': '382-396'}",5.0,"{'1': '261-303', '2': '311-350', '3': '355-395', '4': '406-446', '5': '470-507'}",,
Q04226,,,1.0,{'1': '131-329'},1.0,{'1': '15-336'},1.0,{'1': '126-198'},1.0,{'1': '132-198'},,,,,,
Q04228,,,,,1.0,{'1': '23-569'},,,,,,,1.0,{'1': '424-570'},,
Q04235,,,1.0,{'1': '236-460'},,,1.0,{'1': '254-324'},1.0,{'1': '112-458'},1.0,{'1': '173-460'},,,,
Q04264,,,1.0,{'1': '241-490'},1.0,{'1': '22-1262'},,,1.0,{'1': '63-968'},,,,,,
Q04272,,,,,1.0,{'1': '13-200'},1.0,{'1': '16-186'},,,,,,,,
Q04305,,,2.0,"{'1': '17-158', '2': '159-406'}",,,4.0,"{'1': '129-153', '2': '160-197', '3': '252-285', '4': '366-511'}",1.0,{'1': '27-332'},3.0,"{'1': '122-162', '2': '164-206', '3': '140-154'}",6.0,"{'1': '32-67', '2': '70-109', '3': '113-153', '4': '157-197', '5': '202-238', '6': '241-285'}",,
Q04307,,,,,1.0,{'1': '2-109'},2.0,"{'1': '68-108', '2': '2-37'}",,,2.0,"{'1': '65-108', '2': '4-29'}",2.0,"{'1': '67-109', '2': '3-55'}",,
Q04311,,,1.0,{'1': '429-528'},1.0,{'1': '12-631'},1.0,{'1': '237-394'},1.0,{'1': '468-511'},2.0,"{'1': '74-96', '2': '232-392'}",,,,
Q04322,,,,,1.0,{'1': '87-675'},1.0,{'1': '354-561'},2.0,"{'1': '272-437', '2': '417-512'}",1.0,{'1': '297-477'},1.0,{'1': '294-500'},,
Q04336,,,2.0,"{'1': '455-722', '2': '754-943'}",1.0,{'1': '11-941'},2.0,"{'1': '475-581', '2': '756-933'}",1.0,{'1': '435-942'},,,,,,
Q04347,,,,,1.0,{'1': '48-519'},1.0,{'1': '79-519'},,,,,,,,
Q04370,,,1.0,{'1': '316-398'},1.0,{'1': '24-397'},1.0,{'1': '41-294'},,,,,,,,
Q04371,,,,,1.0,{'1': '5-467'},1.0,{'1': '19-437'},1.0,{'1': '10-435'},,,,,,
Q04372,,,1.0,{'1': '1-234'},1.0,{'1': '4-366'},1.0,{'1': '5-355'},,,,,,,,
Q04373,,,1.0,{'1': '126-471'},1.0,{'1': '6-637'},4.0,"{'1': '171-193', '2': '212-230', '3': '236-265', '4': '426-570'}",1.0,{'1': '139-470'},4.0,"{'1': '155-191', '2': '192-227', '3': '228-264', '4': '133-483'}",6.0,"{'1': '156-191', '2': '192-227', '3': '228-264', '4': '341-376', '5': '377-413', '6': '415-450'}",,
Q04377,,,,,,,1.0,{'1': '77-745'},,,,,,,,
Q04396,,,,,1.0,{'1': '26-264'},1.0,{'1': '119-261'},1.0,{'1': '114-259'},,,1.0,{'1': '117-255'},,
Q04401,,,,,1.0,{'1': '19-124'},,,,,,,,,,
Q04409,,,,,1.0,{'1': '12-500'},2.0,"{'1': '18-229', '2': '246-499'}",2.0,"{'1': '16-231', '2': '245-499'}",2.0,"{'1': '12-498', '2': '160-185'}",,,,
Q04410,,,2.0,"{'1': '51-182', '2': '188-287'}",1.0,{'1': '59-344'},1.0,{'1': '127-281'},,,2.0,"{'1': '66-183', '2': '188-276'}",,,,
Q04411,,,1.0,{'1': '67-135'},1.0,{'1': '40-739'},1.0,{'1': '71-107'},1.0,{'1': '62-104'},2.0,"{'1': '71-101', '2': '71-103'}",1.0,{'1': '66-112'},,
Q04412,,,1.0,{'1': '133-297'},1.0,{'1': '127-379'},1.0,{'1': '175-289'},1.0,{'1': '174-291'},1.0,{'1': '170-297'},1.0,{'1': '170-296'},,
Q04418,,,,,1.0,{'1': '3-361'},2.0,"{'1': '289-356', '2': '79-123'}",,,,,,,,
Q04431,,,,,,,1.0,{'1': '6-383'},,,,,,,,
Q04437,,,2.0,"{'1': '231-453', '2': '4-154'}",,,2.0,"{'1': '5-231', '2': '239-449'}",2.0,"{'1': '207-583', '2': '4-201'}",,,1.0,{'1': '305-453'},,
Q04439,5.0,"{'1': '66-85', '2': '122-147', '3': '169-196', '4': '404-432', '5': '457-485'}",1.0,{'1': '36-641'},,,3.0,"{'1': '1092-1139', '2': '39-702', '3': '773-960'}",2.0,"{'1': '33-760', '2': '1069-1147'}",3.0,"{'1': '1085-1147', '2': '36-715', '3': '771-961'}",2.0,"{'1': '1088-1146', '2': '30-716'}",,
Q04458,,,2.0,"{'1': '42-462', '2': '239-444'}",1.0,{'1': '41-501'},1.0,{'1': '43-463'},1.0,{'1': '42-481'},1.0,{'1': '235-242'},,,,
Q04472,,,,,1.0,{'1': '1-491'},,,,,,,,,,
Q04477,,,1.0,{'1': '154-213'},1.0,{'1': '1-211'},1.0,{'1': '90-210'},1.0,{'1': '156-212'},,,,,,
Q04491,,,1.0,{'1': '10-297'},1.0,{'1': '4-295'},4.0,"{'1': '7-36', '2': '44-82', '3': '91-127', '4': '197-234'}",1.0,{'1': '12-288'},3.0,"{'1': '49-92', '2': '173-195', '3': '200-234'}",6.0,"{'1': '1-37', '2': '42-83', '3': '88-129', '4': '134-186', '5': '193-235', '6': '244-282'}",,
Q04493,,,1.0,{'1': '6-161'},1.0,{'1': '1-158'},1.0,{'1': '24-142'},,,,,,,1.0,{'1': '14-142'}
Q04500,,,,,1.0,{'1': '1-899'},,,,,,,,,,
Q04511,,,1.0,{'1': '113-476'},1.0,{'1': '2-605'},1.0,{'1': '8-53'},2.0,"{'1': '8-87', '2': '118-462'}",4.0,"{'1': '5-51', '2': '547-566', '3': '583-602', '4': '651-668'}",5.0,"{'1': '11-51', '2': '517-536', '3': '547-566', '4': '583-602', '5': '651-668'}",,
Q04533,,,2.0,"{'1': '257-495', '2': '508-649'}",1.0,{'1': '1-647'},1.0,{'1': '375-633'},1.0,{'1': '301-643'},,,,,,
Q04545,,,,,1.0,{'1': '24-1244'},1.0,{'1': '61-83'},1.0,{'1': '58-107'},4.0,"{'1': '63-83', '2': '91-112', '3': '61-88', '4': '89-117'}",2.0,"{'1': '61-83', '2': '89-112'}",,
Q04562,,,,,1.0,{'1': '18-671'},1.0,{'1': '68-626'},,,,,,,,
Q04598,,,,,1.0,{'1': '20-105'},1.0,{'1': '63-105'},,,,,,,1.0,{'1': '65-104'}
Q04599,,,1.0,{'1': '122-216'},,,1.0,{'1': '95-278'},1.0,{'1': '63-284'},1.0,{'1': '178-197'},,,1.0,{'1': '75-215'}
Q04600,,,1.0,{'1': '360-437'},1.0,{'1': '197-562'},3.0,"{'1': '473-549', '2': '2-86', '3': '241-330'}",3.0,"{'1': '93-174', '2': '440-553', '3': '362-426'}",2.0,"{'1': '475-547', '2': '362-447'}",,,,
Q04601,,,,,1.0,{'1': '27-556'},1.0,{'1': '227-405'},,,,,,,,
Q04602,,,2.0,"{'1': '247-433', '2': '483-682'}",,,1.0,{'1': '258-666'},1.0,{'1': '245-677'},1.0,{'1': '251-758'},,,,
Q04603,,,1.0,{'1': '21-195'},1.0,{'1': '29-179'},,,1.0,{'1': '29-170'},,,,,,
Q04632,,,,,1.0,{'1': '2-606'},1.0,{'1': '29-381'},,,,,,,,
Q04636,7.0,"{'1': '252-268', '2': '274-290', '3': '297-313', '4': '362-375', '5': '389-407', '6': '407-424', '7': '450-468'}",3.0,"{'1': '1-98', '2': '372-482', '3': '99-186'}",1.0,{'1': '1-550'},4.0,"{'1': '383-474', '2': '110-178', '3': '3-103', '4': '240-369'}",,,,,1.0,{'1': '381-475'},,
Q04651,,,,,1.0,{'1': '3-324'},2.0,"{'1': '159-320', '2': '4-92'}",,,,,,,,
Q04659,,,,,1.0,{'1': '42-207'},1.0,{'1': '53-136'},,,,,,,,
Q04660,,,1.0,{'1': '416-807'},1.0,{'1': '3-806'},4.0,"{'1': '429-464', '2': '714-750', '3': '766-805', '4': '165-426'}",1.0,{'1': '390-805'},3.0,"{'1': '433-474', '2': '786-807', '3': '452-466'}",6.0,"{'1': '426-465', '2': '628-666', '3': '669-708', '4': '712-751', '5': '763-806', '6': '165-426'}",,
Q04673,,,2.0,"{'1': '384-460', '2': '119-310'}",,,2.0,"{'1': '403-456', '2': '129-325'}",2.0,"{'1': '120-302', '2': '381-455'}",2.0,"{'1': '125-304', '2': '429-449'}",2.0,"{'1': '123-295', '2': '402-456'}",1.0,{'1': '346-457'}
Q04675,,,1.0,{'1': '1-119'},1.0,{'1': '4-128'},1.0,{'1': '9-128'},1.0,{'1': '4-119'},,,,,,
Q04693,,,2.0,"{'1': '72-459', '2': '518-879'}",1.0,{'1': '60-1348'},2.0,"{'1': '1002-1327', '2': '74-460'}",,,,,,,,
Q04697,,,,,,,1.0,{'1': '1-383'},,,,,,,,
Q04712,,,,,1.0,{'1': '1-505'},1.0,{'1': '173-383'},,,,,,,,
Q04739,,,1.0,{'1': '159-244'},1.0,{'1': '21-416'},2.0,"{'1': '344-415', '2': '163-246'}",2.0,"{'1': '162-243', '2': '313-416'}",,,1.0,{'1': '304-416'},,
Q04751,,,,,1.0,{'1': '1-281'},1.0,{'1': '137-245'},1.0,{'1': '136-247'},1.0,{'1': '88-274'},,,,
Q04767,,,,,1.0,{'1': '15-156'},1.0,{'1': '30-141'},,,,,1.0,{'1': '30-141'},,
Q04773,,,1.0,{'1': '1-106'},1.0,{'1': '1-126'},1.0,{'1': '8-118'},1.0,{'1': '8-114'},,,,,,
Q04779,,,2.0,"{'1': '253-307', '2': '411-471'}",1.0,{'1': '201-678'},1.0,{'1': '263-306'},2.0,"{'1': '250-309', '2': '412-479'}",2.0,"{'1': '263-306', '2': '260-309'}",2.0,"{'1': '262-307', '2': '416-470'}",,
Q04835,,,,,,,2.0,"{'1': '102-214', '2': '245-378'}",2.0,"{'1': '139-217', '2': '298-379'}",,,,,,
Q04839,,,,,,,1.0,{'1': '129-172'},,,,,,,,
Q04867,,,1.0,{'1': '17-187'},1.0,{'1': '10-314'},1.0,{'1': '20-313'},1.0,{'1': '19-136'},,,,,,
Q04868,,,1.0,{'1': '1-273'},1.0,{'1': '24-273'},,,,,,,,,,
Q04869,,,,,,,2.0,"{'1': '4-125', '2': '139-346'}",1.0,{'1': '3-152'},,,,,,
Q04894,,,,,1.0,{'1': '33-351'},2.0,"{'1': '190-315', '2': '33-151'}",2.0,"{'1': '7-185', '2': '154-320'}",1.0,{'1': '67-81'},,,,
Q04924,,,1.0,{'1': '535-687'},1.0,{'1': '3-698'},2.0,"{'1': '22-189', '2': '625-690'}",1.0,{'1': '609-687'},1.0,{'1': '537-689'},,,,
Q04925,,,,,1.0,{'1': '5-415'},2.0,"{'1': '76-267', '2': '271-415'}",,,,,,,,
Q04947,,,,,1.0,{'1': '21-196'},1.0,{'1': '21-177'},,,1.0,{'1': '20-220'},,,,
Q04949,,,,,,,1.0,{'1': '159-251'},,,,,,,,
Q04952,,,,,,,3.0,"{'1': '694-1540', '2': '182-290', '3': '321-494'}",,,,,1.0,{'1': '180-293'},,
Q04958,,,3.0,"{'1': '198-456', '2': '804-948', '3': '949-1079'}",1.0,{'1': '204-1648'},3.0,"{'1': '962-1056', '2': '1373-1535', '3': '1125-1368'}",4.0,"{'1': '1367-1643', '2': '202-446', '3': '810-949', '4': '952-1075'}",4.0,"{'1': '814-947', '2': '943-1074', '3': '1376-1408', '4': '1373-1537'}",1.0,{'1': '943-1075'},,
Q04969,,,,,1.0,{'1': '5-176'},1.0,{'1': '14-170'},,,,,,,,
Q04991,,,1.0,{'1': '3-483'},1.0,{'1': '9-484'},1.0,{'1': '59-440'},1.0,{'1': '5-490'},,,,,,
Q05016,8.0,"{'1': '94-105', '2': '148-156', '3': '168-187', '4': '15-32', '5': '94-105', '6': '142-158', '7': '168-187', '8': '189-206'}",,,,,1.0,{'1': '14-205'},1.0,{'1': '10-249'},1.0,{'1': '155-183'},,,,
Q05021,,,,,1.0,{'1': '107-494'},1.0,{'1': '112-304'},,,,,1.0,{'1': '112-305'},,
Q05022,,,11.0,"{'1': '1531-1729', '2': '108-243', '3': '253-318', '4': '496-582', '5': '597-679', '6': '680-771', '7': '788-870', '8': '879-984', '9': '1082-1163', '10': '1164-1250', '11': '1254-1339'}",1.0,{'1': '32-1723'},3.0,"{'1': '605-676', '2': '1175-1245', '3': '1263-1336'}",11.0,"{'1': '1503-1724', '2': '111-244', '3': '501-586', '4': '606-682', '5': '697-779', '6': '785-879', '7': '888-986', '8': '979-1070', '9': '1079-1161', '10': '1167-1254', '11': '1240-1345'}",11.0,"{'1': '119-200', '2': '338-410', '3': '510-580', '4': '607-676', '5': '690-769', '6': '794-863', '7': '895-971', '8': '1003-1083', '9': '1088-1159', '10': '1177-1245', '11': '1265-1336'}",18.0,"{'1': '117-241', '2': '254-318', '3': '336-410', '4': '508-580', '5': '605-676', '6': '694-769', '7': '792-863', '8': '893-971', '9': '1001-1075', '10': '1086-1159', '11': '1175-1245', '12': '1263-1336', '13': '1456-1487', '14': '1489-1526', '15': '1561-1594', '16': '1596-1630', '17': '1632-1664', '18': '1666-1701'}",,
Q05024,,,1.0,{'1': '115-201'},,,2.0,"{'1': '123-193', '2': '6-55'}",1.0,{'1': '121-200'},2.0,"{'1': '119-195', '2': '1-56'}",1.0,{'1': '120-198'},,
Q05027,,,1.0,{'1': '30-101'},1.0,{'1': '22-155'},1.0,{'1': '27-151'},1.0,{'1': '30-101'},,,,,,
Q05029,,,1.0,{'1': '1-722'},1.0,{'1': '3-516'},1.0,{'1': '85-511'},,,,,,,,
Q05031,,,,,1.0,{'1': '9-457'},1.0,{'1': '36-402'},1.0,{'1': '55-391'},,,,,,
Q05040,,,,,1.0,{'1': '5-60'},1.0,{'1': '13-62'},1.0,{'1': '201-474'},,,,,,
Q05050,,,,,1.0,{'1': '1-841'},1.0,{'1': '325-441'},,,,,,,,
Q05080,,,1.0,{'1': '1-275'},,,1.0,{'1': '16-92'},2.0,"{'1': '3-274', '2': '590-665'}",2.0,"{'1': '599-667', '2': '1-261'}",2.0,"{'1': '7-97', '2': '602-666'}",,
Q05123,,,,,1.0,{'1': '56-460'},1.0,{'1': '32-354'},2.0,"{'1': '22-152', '2': '157-464'}",,,1.0,{'1': '7-440'},,
Q05164,,,,,1.0,{'1': '75-679'},1.0,{'1': '338-629'},,,,,,,,
Q05359,,,,,1.0,{'1': '5-215'},1.0,{'1': '22-213'},,,1.0,{'1': '32-131'},1.0,{'1': '22-214'},,
Q05468,,,,,1.0,{'1': '1-683'},1.0,{'1': '327-663'},,,,,,,,
Q05471,,,2.0,"{'1': '1206-1490', '2': '664-956'}",1.0,{'1': '114-1510'},3.0,"{'1': '699-998', '2': '1250-1359', '3': '349-411'}",2.0,"{'1': '663-932', '2': '934-1418'}",3.0,"{'1': '1247-1400', '2': '708-873', '3': '339-411'}",3.0,"{'1': '1276-1359', '2': '692-893', '3': '340-411'}",,
Q05498,,,,,,,1.0,{'1': '88-184'},1.0,{'1': '61-185'},,,1.0,{'1': '63-162'},,
Q05506,4.0,"{'1': '144-159', '2': '159-175', '3': '183-196', '4': '337-358'}",2.0,"{'1': '136-482', '2': '1-135'}",1.0,{'1': '78-607'},3.0,"{'1': '35-114', '2': '489-607', '3': '124-475'}",2.0,"{'1': '484-607', '2': '7-135'}",1.0,{'1': '152-163'},2.0,"{'1': '33-114', '2': '489-607'}",1.0,{'1': '31-607'}
Q05515,,,,,1.0,{'1': '1-469'},2.0,"{'1': '56-268', '2': '270-468'}",,,,,,,,
Q05518,,,,,1.0,{'1': '11-498'},1.0,{'1': '236-370'},,,,,,,,
Q05541,,,2.0,"{'1': '23-129', '2': '168-297'}",1.0,{'1': '28-285'},1.0,{'1': '31-268'},,,,,1.0,{'1': '31-271'},,
Q05543,,,1.0,{'1': '1-137'},,,1.0,{'1': '6-126'},1.0,{'1': '6-133'},1.0,{'1': '1-135'},1.0,{'1': '7-132'},,
Q05549,,,2.0,"{'1': '243-485', '2': '504-682'}",,,4.0,"{'1': '520-632', '2': '293-470', '3': '900-989', '4': '672-740'}",1.0,{'1': '300-638'},2.0,"{'1': '521-678', '2': '299-483'}",2.0,"{'1': '551-633', '2': '287-496'}",,
Q05567,,,2.0,"{'1': '177-439', '2': '145-539'}",1.0,{'1': '102-581'},1.0,{'1': '195-483'},1.0,{'1': '130-539'},,,,,,
Q05568,,,1.0,{'1': '234-336'},1.0,{'1': '21-332'},2.0,"{'1': '285-324', '2': '35-217'}",,,2.0,"{'1': '286-324', '2': '301-310'}",1.0,{'1': '286-323'},,
Q05580,,,1.0,{'1': '55-112'},1.0,{'1': '60-312'},2.0,"{'1': '245-302', '2': '368-447'}",,,1.0,{'1': '64-104'},3.0,"{'1': '222-246', '2': '247-277', '3': '278-307'}",,
Q05583,3.0,"{'1': '168-182', '2': '214-228', '3': '312-326'}",1.0,{'1': '1-330'},,,4.0,"{'1': '55-85', '2': '99-134', '3': '144-180', '4': '187-226'}",1.0,{'1': '17-327'},5.0,"{'1': '54-85', '2': '103-144', '3': '149-181', '4': '193-227', '5': '312-330'}",7.0,"{'1': '3-40', '2': '45-86', '3': '96-135', '4': '142-181', '5': '186-227', '6': '238-277', '7': '289-325'}",,
Q05635,,,,,1.0,{'1': '10-350'},2.0,"{'1': '133-262', '2': '14-115'}",,,,,,,,
Q05636,,,1.0,{'1': '1-305'},1.0,{'1': '6-285'},2.0,"{'1': '32-165', '2': '191-269'}",2.0,"{'1': '4-229', '2': '187-293'}",,,,,,
Q05670,,,2.0,"{'1': '420-626', '2': '107-319'}",1.0,{'1': '6-620'},,,1.0,{'1': '105-300'},1.0,{'1': '112-295'},1.0,{'1': '116-327'},,
Q05672,,,1.0,{'1': '2-122'},1.0,{'1': '5-403'},1.0,{'1': '28-72'},1.0,{'1': '4-108'},1.0,{'1': '26-88'},1.0,{'1': '9-86'},,
Q05775,,,1.0,{'1': '140-215'},1.0,{'1': '1-265'},1.0,{'1': '1-265'},,,,,,,,
Q05776,,,,,1.0,{'1': '1-172'},1.0,{'1': '17-169'},,,1.0,{'1': '2-172'},,,,
Q05778,,,2.0,"{'1': '28-103', '2': '104-276'}",,,1.0,{'1': '1-276'},,,,,,,,
Q05779,,,,,1.0,{'1': '11-258'},1.0,{'1': '161-232'},,,,,,,1.0,{'1': '44-235'}
Q05785,,,1.0,{'1': '2-154'},,,1.0,{'1': '16-139'},1.0,{'1': '3-143'},3.0,"{'1': '175-194', '2': '206-225', '3': '11-143'}",3.0,"{'1': '175-194', '2': '206-225', '3': '17-143'}",,
Q05787,,,2.0,"{'1': '32-229', '2': '321-737'}",1.0,{'1': '70-681'},6.0,"{'1': '104-134', '2': '145-186', '3': '193-215', '4': '375-395', '5': '581-595', '6': '629-657'}",,,,,6.0,"{'1': '103-139', '2': '143-186', '3': '187-222', '4': '413-445', '5': '596-627', '6': '628-663'}",,
Q05791,,,,,1.0,{'1': '15-348'},1.0,{'1': '27-328'},,,,,,,,
Q05854,,,1.0,{'1': '33-90'},1.0,{'1': '1-894'},2.0,"{'1': '39-71', '2': '311-579'}",1.0,{'1': '35-72'},2.0,"{'1': '40-68', '2': '40-70'}",2.0,"{'1': '35-79', '2': '397-509'}",,
Q05863,,,,,1.0,{'1': '6-142'},1.0,{'1': '45-129'},1.0,{'1': '45-123'},,,,,,
Q05867,,,,,1.0,{'1': '27-272'},1.0,{'1': '103-273'},,,,,,,,
Q05874,,,1.0,{'1': '33-260'},1.0,{'1': '37-225'},1.0,{'1': '60-220'},1.0,{'1': '63-221'},1.0,{'1': '1-261'},,,,
Q05892,,,,,1.0,{'1': '4-275'},1.0,{'1': '6-79'},1.0,{'1': '4-267'},,,,,,
Q05900,,,,,1.0,{'1': '1-79'},1.0,{'1': '1-38'},1.0,{'1': '1-46'},1.0,{'1': '4-36'},1.0,{'1': '1-37'},,
Q05902,,,2.0,"{'1': '465-660', '2': '353-462'}",1.0,{'1': '46-657'},,,1.0,{'1': '107-658'},1.0,{'1': '470-494'},,,1.0,{'1': '102-652'}
Q05911,3.0,"{'1': '148-166', '2': '242-269', '3': '285-301'}",,,,,2.0,"{'1': '375-457', '2': '36-305'}",1.0,{'1': '9-459'},1.0,{'1': '285-294'},1.0,{'1': '374-458'},1.0,{'1': '11-458'}
Q05919,,,,,,,1.0,{'1': '1-436'},,,,,,,,
Q05931,,,1.0,{'1': '414-597'},1.0,{'1': '30-595'},1.0,{'1': '30-645'},4.0,"{'1': '420-571', '2': '543-635', '3': '28-222', '4': '227-418'}",3.0,"{'1': '33-40', '2': '232-245', '3': '373-387'}",,,,
Q05933,,,1.0,{'1': '1-178'},1.0,{'1': '1-178'},1.0,{'1': '1-178'},1.0,{'1': '2-178'},,,,,,
Q05934,,,,,1.0,{'1': '25-853'},,,1.0,{'1': '276-682'},1.0,{'1': '66-122'},,,,
Q05942,,,,,1.0,{'1': '1-218'},1.0,{'1': '160-205'},,,,,,,,
Q05946,3.0,"{'1': '506-520', '2': '548-562', '3': '590-604'}",4.0,"{'1': '11-159', '2': '160-365', '3': '381-472', '4': '473-771'}",,,6.0,"{'1': '136-176', '2': '181-224', '3': '567-603', '4': '607-644', '5': '666-813', '6': '412-564'}",2.0,"{'1': '23-322', '2': '381-644'}",7.0,"{'1': '140-185', '2': '384-425', '3': '487-528', '4': '529-570', '5': '571-612', '6': '613-645', '7': '163-177'}",11.0,"{'1': '49-89', '2': '92-130', '3': '133-176', '4': '179-224', '5': '230-271', '6': '377-416', '7': '423-467', '8': '480-519', '9': '522-561', '10': '564-603', '11': '606-645'}",,
Q05948,,,,,1.0,{'1': '2-407'},2.0,"{'1': '65-261', '2': '265-406'}",,,,,,,,
Q05949,,,,,,,,,1.0,{'1': '43-191'},,,,,,
Q05958,,,1.0,{'1': '35-99'},1.0,{'1': '32-797'},2.0,"{'1': '42-79', '2': '508-640'}",1.0,{'1': '34-81'},2.0,"{'1': '43-71', '2': '43-73'}",1.0,{'1': '38-82'},,
Q05979,,,2.0,"{'1': '48-333', '2': '13-445'}",1.0,{'1': '4-452'},1.0,{'1': '339-446'},1.0,{'1': '10-452'},,,,,1.0,{'1': '9-451'}
Q06001,,,,,1.0,{'1': '96-237'},1.0,{'1': '137-192'},1.0,{'1': '56-198'},1.0,{'1': '116-176'},1.0,{'1': '98-176'},,
Q06005,,,1.0,{'1': '44-309'},,,1.0,{'1': '98-294'},1.0,{'1': '87-310'},2.0,"{'1': '108-312', '2': '162-177'}",,,1.0,{'1': '91-309'}
Q06053,,,1.0,{'1': '290-556'},,,1.0,{'1': '297-575'},,,2.0,"{'1': '92-122', '2': '380-398'}",,,,
Q06063,,,1.0,{'1': '39-271'},,,1.0,{'1': '42-351'},,,1.0,{'1': '122-140'},,,,
Q06070,,,,,1.0,{'1': '6-227'},2.0,"{'1': '121-220', '2': '10-53'}",,,,,,,,
Q06078,,,2.0,"{'1': '22-657', '2': '33-349'}",,,1.0,{'1': '714-936'},2.0,"{'1': '185-661', '2': '46-151'}",2.0,"{'1': '581-622', '2': '600-614'}",9.0,"{'1': '105-141', '2': '237-277', '3': '280-323', '4': '339-379', '5': '446-488', '6': '491-530', '7': '533-571', '8': '574-613', '9': '616-655'}",,
Q06090,,,,,1.0,{'1': '9-137'},1.0,{'1': '40-90'},1.0,{'1': '22-106'},,,1.0,{'1': '32-105'},,
Q06096,,,,,1.0,{'1': '28-860'},3.0,"{'1': '220-525', '2': '73-179', '3': '602-850'}",,,,,1.0,{'1': '190-526'},,
Q06102,,,,,1.0,{'1': '1-189'},2.0,"{'1': '66-85', '2': '91-114'}",2.0,"{'1': '63-86', '2': '90-115'}",5.0,"{'1': '28-59', '2': '61-88', '3': '89-117', '4': '118-145', '5': '147-170'}",5.0,"{'1': '29-58', '2': '62-87', '3': '89-116', '4': '118-144', '5': '145-169'}",,
Q06103,,,,,1.0,{'1': '22-424'},3.0,"{'1': '310-391', '2': '95-269', '3': '399-421'}",2.0,"{'1': '122-243', '2': '321-400'}",2.0,"{'1': '223-395', '2': '131-164'}",1.0,{'1': '324-407'},,
Q06106,,,5.0,"{'1': '1-143', '2': '257-431', '3': '523-631', '4': '641-755', '5': '756-865'}",1.0,{'1': '1-586'},5.0,"{'1': '43-87', '2': '347-416', '3': '534-593', '4': '665-739', '5': '765-833'}",3.0,"{'1': '3-103', '2': '345-601', '3': '661-841'}",5.0,"{'1': '2-94', '2': '345-423', '3': '532-604', '4': '663-746', '5': '763-840'}",5.0,"{'1': '3-90', '2': '346-419', '3': '533-600', '4': '664-742', '5': '764-836'}",,
Q06107,,,,,1.0,{'1': '86-304'},1.0,{'1': '101-294'},,,1.0,{'1': '95-302'},1.0,{'1': '95-302'},,
Q06108,,,2.0,"{'1': '490-726', '2': '149-468'}",,,2.0,"{'1': '270-461', '2': '485-610'}",1.0,{'1': '271-464'},,,1.0,{'1': '495-726'},,
Q06109,,,,,,,1.0,{'1': '8-273'},,,,,,,,
Q06116,,,,,1.0,{'1': '1-2454'},1.0,{'1': '11-2440'},,,,,3.0,"{'1': '973-1067', '2': '1085-1234', '3': '1449-1946'}",,
Q06132,,,,,1.0,{'1': '47-887'},2.0,"{'1': '336-539', '2': '645-772'}",1.0,{'1': '328-543'},1.0,{'1': '644-781'},2.0,"{'1': '335-540', '2': '645-772'}",,
Q06137,5.0,"{'1': '169-183', '2': '195-209', '3': '220-234', '4': '272-293', '5': '396-412'}",2.0,"{'1': '82-288', '2': '293-508'}",1.0,{'1': '76-504'},2.0,"{'1': '363-505', '2': '73-290'}",2.0,"{'1': '84-290', '2': '294-505'}",,,1.0,{'1': '293-466'},,
Q06142,,,1.0,{'1': '2-861'},1.0,{'1': '11-812'},1.0,{'1': '26-106'},1.0,{'1': '1-858'},2.0,"{'1': '25-106', '2': '412-450'}",3.0,"{'1': '400-440', '2': '448-482', '3': '25-106'}",,
Q06147,,,1.0,{'1': '251-395'},1.0,{'1': '236-665'},1.0,{'1': '271-400'},1.0,{'1': '268-677'},1.0,{'1': '266-405'},1.0,{'1': '270-410'},,
Q06149,,,1.0,{'1': '23-65'},1.0,{'1': '1-700'},2.0,"{'1': '30-65', '2': '189-488'}",1.0,{'1': '21-64'},2.0,"{'1': '30-59', '2': '30-61'}",1.0,{'1': '25-70'},,
Q06151,,,2.0,"{'1': '7-130', '2': '131-350'}",1.0,{'1': '9-331'},1.0,{'1': '11-130'},2.0,"{'1': '11-130', '2': '130-329'}",1.0,{'1': '255-273'},,,,
Q06152,,,,,1.0,{'1': '4-273'},2.0,"{'1': '43-85', '2': '221-273'}",,,1.0,{'1': '41-87'},2.0,"{'1': '39-85', '2': '219-273'}",,
Q06156,,,2.0,"{'1': '211-456', '2': '927-1145'}",1.0,{'1': '46-1166'},3.0,"{'1': '67-235', '2': '351-430', '3': '992-1152'}",1.0,{'1': '256-1146'},,,,,,
Q06160,,,,,1.0,{'1': '3-119'},1.0,{'1': '91-116'},,,,,2.0,"{'1': '43-73', '2': '89-119'}",,
Q06162,,,,,1.0,{'1': '1-152'},1.0,{'1': '3-65'},,,,,,,,
Q06168,,,,,,,1.0,{'1': '201-400'},,,,,,,,
Q06169,,,,,1.0,{'1': '5-491'},1.0,{'1': '60-403'},,,,,2.0,"{'1': '284-350', '2': '375-408'}",,
Q06178,,,1.0,{'1': '163-395'},1.0,{'1': '161-390'},1.0,{'1': '169-359'},,,,,,,1.0,{'1': '169-386'}
Q06179,,,,,1.0,{'1': '1-2607'},1.0,{'1': '10-2627'},,,,,3.0,"{'1': '1177-1280', '2': '1298-1456', '3': '1717-2174'}",,
Q06188,,,,,,,1.0,{'1': '8-95'},,,1.0,{'1': '7-68'},1.0,{'1': '5-66'},,
Q06199,,,1.0,{'1': '5-197'},1.0,{'1': '1-201'},,,,,,,,,,
Q06205,,,1.0,{'1': '276-392'},,,2.0,"{'1': '302-389', '2': '10-164'}",,,1.0,{'1': '306-392'},,,,
Q06213,,,,,,,1.0,{'1': '20-141'},,,,,,,,
Q06214,,,2.0,"{'1': '93-273', '2': '287-448'}",1.0,{'1': '276-406'},,,1.0,{'1': '26-397'},,,,,,
Q06217,,,,,1.0,{'1': '7-108'},1.0,{'1': '40-104'},1.0,{'1': '29-106'},1.0,{'1': '31-110'},1.0,{'1': '32-106'},,
Q06218,,,2.0,"{'1': '2-235', '2': '242-449'}",1.0,{'1': '14-573'},3.0,"{'1': '266-331', '2': '384-418', '3': '42-221'}",2.0,"{'1': '11-233', '2': '247-438'}",3.0,"{'1': '246-476', '2': '49-233', '3': '17-45'}",2.0,"{'1': '287-418', '2': '36-251'}",,
Q06224,,,1.0,{'1': '14-436'},1.0,{'1': '11-768'},4.0,"{'1': '21-196', '2': '394-443', '3': '533-777', '4': '251-376'}",1.0,{'1': '10-473'},,,3.0,"{'1': '21-239', '2': '528-778', '3': '251-377'}",,
Q06245,,,,,1.0,{'1': '13-859'},2.0,"{'1': '70-183', '2': '195-859'}",,,,,,,,
Q06251,,,,,1.0,{'1': '3-588'},1.0,{'1': '472-565'},,,1.0,{'1': '472-565'},,,,
Q06263,,,1.0,{'1': '1-167'},1.0,{'1': '10-329'},2.0,"{'1': '6-165', '2': '293-328'}",,,,,,,,
Q06266,,,,,,,1.0,{'1': '118-177'},1.0,{'1': '117-177'},1.0,{'1': '118-170'},1.0,{'1': '117-170'},,
Q06287,,,1.0,{'1': '41-252'},1.0,{'1': '25-252'},1.0,{'1': '43-246'},1.0,{'1': '29-251'},,,,,,
Q06321,,,2.0,"{'1': '230-346', '2': '567-677'}",1.0,{'1': '591-1176'},4.0,"{'1': '239-333', '2': '570-680', '3': '744-879', '4': '1038-1135'}",,,1.0,{'1': '238-336'},3.0,"{'1': '239-338', '2': '187-294', '3': '570-636'}",,
Q06324,,,,,,,2.0,"{'1': '60-171', '2': '209-280'}",,,,,,,,
Q06325,3.0,"{'1': '253-266', '2': '318-329', '3': '416-431'}",2.0,"{'1': '49-258', '2': '259-450'}",1.0,{'1': '33-441'},1.0,{'1': '56-442'},1.0,{'1': '45-443'},1.0,{'1': '56-440'},,,,
Q06328,,,,,1.0,{'1': '3-280'},2.0,"{'1': '11-68', '2': '185-239'}",,,,,2.0,"{'1': '25-56', '2': '198-229'}",,
Q06333,,,,,1.0,{'1': '3-117'},,,,,,,,,,
Q06337,,,,,,,1.0,{'1': '350-406'},1.0,{'1': '644-703'},2.0,"{'1': '650-704', '2': '346-425'}",2.0,"{'1': '646-706', '2': '347-418'}",,
Q06338,,,,,1.0,{'1': '11-252'},1.0,{'1': '48-241'},,,,,,,,
Q06339,,,1.0,{'1': '303-650'},1.0,{'1': '22-633'},,,1.0,{'1': '174-584'},,,,,,
Q06344,,,,,1.0,{'1': '9-625'},2.0,"{'1': '547-574', '2': '147-310'}",,,,,,,,
Q06346,,,,,1.0,{'1': '6-207'},1.0,{'1': '11-181'},,,,,,,,
Q06349,,,,,1.0,{'1': '132-403'},1.0,{'1': '137-424'},,,,,,,,
Q06385,,,1.0,{'1': '63-345'},1.0,{'1': '2-340'},1.0,{'1': '69-289'},,,,,,,,
Q06389,,,,,1.0,{'1': '9-180'},2.0,"{'1': '98-171', '2': '39-89'}",1.0,{'1': '1-187'},5.0,"{'1': '60-95', '2': '96-131', '3': '144-179', '4': '109-121', '5': '157-169'}",3.0,"{'1': '64-92', '2': '100-128', '3': '148-176'}",,
Q06405,,,,,1.0,{'1': '1-101'},1.0,{'1': '2-93'},,,,,,,,
Q06406,,,,,1.0,{'1': '13-85'},1.0,{'1': '15-82'},1.0,{'1': '14-84'},1.0,{'1': '11-86'},1.0,{'1': '14-83'},,
Q06407,,,1.0,{'1': '756-1009'},1.0,{'1': '88-1008'},3.0,"{'1': '802-978', '2': '13-66', '3': '70-125'}",1.0,{'1': '782-1006'},3.0,"{'1': '788-1006', '2': '13-47', '3': '11-73'}",3.0,"{'1': '799-1003', '2': '12-66', '3': '69-122'}",,
Q06408,,,,,1.0,{'1': '13-627'},3.0,"{'1': '444-571', '2': '244-373', '3': '27-134'}",3.0,"{'1': '206-393', '2': '26-219', '3': '418-614'}",,,,,,
Q06409,,,2.0,"{'1': '1390-1534', '2': '1691-1822'}",1.0,{'1': '8-1918'},2.0,"{'1': '1729-1819', '2': '567-699'}",,,1.0,{'1': '1410-1824'},,,,
Q06411,,,,,1.0,{'1': '21-706'},1.0,{'1': '61-105'},,,1.0,{'1': '61-108'},1.0,{'1': '59-106'},,
Q06412,,,2.0,"{'1': '702-881', '2': '445-674'}",1.0,{'1': '12-1306'},3.0,"{'1': '490-655', '2': '954-1272', '3': '288-398'}",1.0,{'1': '447-675'},3.0,"{'1': '467-657', '2': '938-1279', '3': '715-877'}",3.0,"{'1': '472-656', '2': '939-1287', '3': '716-879'}",,
Q06436,,,1.0,{'1': '180-275'},1.0,{'1': '20-666'},1.0,{'1': '195-247'},,,2.0,"{'1': '195-249', '2': '211-220'}",1.0,{'1': '195-249'},,
Q06449,3.0,"{'1': '57-67', '2': '71-86', '3': '99-111'}",,,1.0,{'1': '45-112'},1.0,{'1': '61-105'},1.0,{'1': '50-125'},1.0,{'1': '54-113'},1.0,{'1': '57-112'},,
Q06479,,,1.0,{'1': '100-464'},,,,,,,,,,,,
Q06485,,,,,1.0,{'1': '1-196'},,,,,,,,,,
Q06488,2.0,"{'1': '52-68', '2': '328-346'}",3.0,"{'1': '5-118', '2': '276-385', '3': '397-641'}",1.0,{'1': '159-830'},3.0,"{'1': '408-525', '2': '39-106', '3': '299-366'}",2.0,"{'1': '14-117', '2': '261-390'}",4.0,"{'1': '408-526', '2': '35-103', '3': '295-365', '4': '40-95'}",3.0,"{'1': '408-526', '2': '14-122', '3': '274-384'}",,
Q06489,,,2.0,"{'1': '1-211', '2': '221-411'}",,,1.0,{'1': '49-398'},1.0,{'1': '5-406'},,,,,2.0,"{'1': '16-398', '2': '35-399'}"
Q06504,,,,,1.0,{'1': '1-193'},1.0,{'1': '22-134'},1.0,{'1': '2-147'},1.0,{'1': '2-172'},,,,
Q06505,,,1.0,{'1': '183-290'},1.0,{'1': '23-402'},1.0,{'1': '244-293'},,,1.0,{'1': '219-296'},,,,
Q06506,,,1.0,{'1': '123-573'},1.0,{'1': '8-564'},2.0,"{'1': '230-264', '2': '474-499'}",1.0,{'1': '188-531'},1.0,{'1': '232-273'},5.0,"{'1': '225-264', '2': '267-308', '3': '311-350', '4': '388-426', '5': '457-500'}",,
Q06510,6.0,"{'1': '71-90', '2': '102-113', '3': '116-131', '4': '179-193', '5': '206-227', '6': '251-264'}",,,1.0,{'1': '19-329'},1.0,{'1': '65-226'},,,,,1.0,{'1': '71-231'},,
Q06511,,,,,1.0,{'1': '9-247'},1.0,{'1': '102-242'},,,,,,,,
Q06512,,,,,1.0,{'1': '6-531'},1.0,{'1': '317-481'},,,,,,,,
Q06523,,,1.0,{'1': '43-432'},,,1.0,{'1': '46-431'},1.0,{'1': '66-431'},,,,,,
Q06525,,,1.0,{'1': '209-266'},1.0,{'1': '3-282'},2.0,"{'1': '3-30', '2': '219-263'}",2.0,"{'1': '4-31', '2': '216-267'}",3.0,"{'1': '5-30', '2': '1-32', '3': '212-266'}",2.0,"{'1': '1-32', '2': '212-266'}",,
Q06538,,,,,1.0,{'1': '33-757'},3.0,"{'1': '437-704', '2': '223-424', '3': '33-201'}",,,,,,,,
Q06543,,,1.0,{'1': '3-267'},1.0,{'1': '5-264'},1.0,{'1': '8-255'},1.0,{'1': '6-253'},,,,,,
Q06554,,,3.0,"{'1': '1221-1326', '2': '1327-1551', '3': '369-655'}",1.0,{'1': '427-1518'},2.0,"{'1': '294-711', '2': '1360-1474'}",2.0,"{'1': '250-602', '2': '526-1497'}",4.0,"{'1': '1363-1531', '2': '1239-1277', '3': '387-583', '4': '1254-1263'}",3.0,"{'1': '1393-1474', '2': '1239-1276', '3': '351-601'}",,
Q06567,,,,,1.0,{'1': '65-520'},1.0,{'1': '148-406'},1.0,{'1': '149-378'},,,,,,
Q06580,,,,,1.0,{'1': '3-162'},,,1.0,{'1': '12-144'},2.0,"{'1': '15-50', '2': '28-40'}",,,,
Q06608,,,1.0,{'1': '5-190'},1.0,{'1': '1-199'},1.0,{'1': '9-153'},,,,,,,,
Q06616,,,,,,,1.0,{'1': '94-214'},,,,,,,,
Q06623,5.0,"{'1': '1-17', '2': '40-59', '3': '83-100', '4': '100-118', '5': '273-288'}",1.0,{'1': '27-333'},,,1.0,{'1': '26-299'},,,,,,,,
Q06624,,,,,1.0,{'1': '11-341'},1.0,{'1': '16-343'},1.0,{'1': '9-343'},,,,,,
Q06625,,,1.0,{'1': '1079-1519'},1.0,{'1': '36-1530'},4.0,"{'1': '47-134', '2': '732-975', '3': '1046-1522', '4': '137-560'}",2.0,"{'1': '1052-1533', '2': '146-744'}",,,,,1.0,{'1': '26-1528'}
Q06628,,,1.0,{'1': '6-268'},1.0,{'1': '9-731'},1.0,{'1': '15-264'},,,,,,,,
Q06629,,,1.0,{'1': '9-212'},,,1.0,{'1': '10-310'},,,,,,,,
Q06630,,,,,1.0,{'1': '12-154'},1.0,{'1': '24-106'},,,,,,,,
Q06631,,,,,1.0,{'1': '1-508'},2.0,"{'1': '414-498', '2': '172-300'}",,,,,,,,
Q06632,,,3.0,"{'1': '12-449', '2': '563-897', '3': '903-1259'}",1.0,{'1': '8-1332'},2.0,"{'1': '990-1317', '2': '12-102'}",,,,,,,,
Q06636,,,,,,,1.0,{'1': '54-216'},,,,,,,,
Q06639,,,1.0,{'1': '6-47'},1.0,{'1': '3-842'},1.0,{'1': '13-46'},1.0,{'1': '4-47'},2.0,"{'1': '13-42', '2': '13-44'}",1.0,{'1': '8-53'},,
Q06640,,,1.0,{'1': '107-456'},,,,,,,,,,,,
Q06644,,,,,1.0,{'1': '37-661'},2.0,"{'1': '104-253', '2': '336-473'}",1.0,{'1': '288-487'},2.0,"{'1': '289-344', '2': '359-418'}",3.0,"{'1': '289-344', '2': '359-418', '3': '433-488'}",,
Q06648,,,,,,,,,,,1.0,{'1': '134-147'},1.0,{'1': '134-166'},,
Q06668,,,1.0,{'1': '214-422'},1.0,{'1': '199-456'},,,1.0,{'1': '196-420'},,,,,,
Q06672,,,,,1.0,{'1': '21-204'},1.0,{'1': '32-110'},,,,,,,,
Q06673,,,,,1.0,{'1': '1-1224'},2.0,"{'1': '109-488', '2': '523-1223'}",,,,,,,,
Q06675,,,,,,,1.0,{'1': '187-315'},,,,,,,,
Q06677,,,2.0,"{'1': '370-523', '2': '537-666'}",,,1.0,{'1': '138-181'},3.0,"{'1': '138-182', '2': '375-511', '3': '489-662'}",,,3.0,"{'1': '374-407', '2': '412-445', '3': '467-500'}",,
Q06678,,,1.0,{'1': '151-367'},1.0,{'1': '154-342'},1.0,{'1': '207-301'},1.0,{'1': '154-355'},,,,,,
Q06679,,,3.0,"{'1': '10-225', '2': '226-377', '3': '378-641'}",1.0,{'1': '27-762'},2.0,"{'1': '238-266', '2': '272-305'}",2.0,"{'1': '44-363', '2': '329-660'}",1.0,{'1': '183-223'},9.0,"{'1': '42-80', '2': '84-127', '3': '130-169', '4': '176-214', '5': '222-266', '6': '269-308', '7': '349-403', '8': '415-452', '9': '559-595'}",,
Q06680,,,1.0,{'1': '96-334'},1.0,{'1': '12-1001'},1.0,{'1': '578-858'},1.0,{'1': '109-763'},,,,,,
Q06681,,,1.0,{'1': '644-756'},1.0,{'1': '211-1018'},3.0,"{'1': '648-756', '2': '855-998', '3': '1068-1205'}",,,2.0,"{'1': '851-1018', '2': '1059-1225'}",1.0,{'1': '647-716'},,
Q06682,,,,,1.0,{'1': '7-492'},1.0,{'1': '415-494'},3.0,"{'1': '4-44', '2': '389-493', '3': '199-342'}",1.0,{'1': '415-493'},2.0,"{'1': '412-494', '2': '207-330'}",,
Q06683,,,2.0,"{'1': '18-211', '2': '213-391'}",1.0,{'1': '17-635'},2.0,"{'1': '270-372', '2': '32-195'}",1.0,{'1': '87-389'},2.0,"{'1': '265-438', '2': '46-211'}",2.0,"{'1': '292-373', '2': '29-234'}",,
Q06685,,,1.0,{'1': '530-1065'},1.0,{'1': '162-1075'},3.0,"{'1': '539-1046', '2': '397-490', '3': '189-277'}",1.0,{'1': '499-1067'},,,,,,
Q06689,,,,,1.0,{'1': '1-667'},1.0,{'1': '400-628'},,,,,,,,
Q06696,,,4.0,"{'1': '1-118', '2': '202-289', '3': '406-490', '4': '491-559'}",1.0,{'1': '4-560'},3.0,"{'1': '8-95', '2': '111-165', '3': '323-549'}",2.0,"{'1': '450-564', '2': '116-160'}",1.0,{'1': '7-288'},2.0,"{'1': '116-149', '2': '179-203'}",,
Q06697,,,1.0,{'1': '226-393'},1.0,{'1': '224-389'},1.0,{'1': '235-385'},,,,,,,,
Q06698,,,3.0,"{'1': '417-534', '2': '552-784', '3': '834-999'}",,,5.0,"{'1': '853-978', '2': '426-528', '3': '609-765', '4': '1205-1358', '5': '61-209'}",3.0,"{'1': '368-406', '2': '420-537', '3': '609-1114'}",4.0,"{'1': '845-1020', '2': '430-531', '3': '614-782', '4': '365-406'}",5.0,"{'1': '881-979', '2': '430-531', '3': '1042-1134', '4': '602-791', '5': '368-405'}",,
Q06704,,,,,1.0,{'1': '1-908'},1.0,{'1': '867-906'},,,1.0,{'1': '861-909'},1.0,{'1': '864-909'},,
Q06705,,,1.0,{'1': '35-350'},1.0,{'1': '6-407'},2.0,"{'1': '166-311', '2': '83-130'}",2.0,"{'1': '5-139', '2': '162-326'}",1.0,{'1': '157-317'},2.0,"{'1': '163-314', '2': '108-133'}",,
Q06706,,,,,1.0,{'1': '18-1321'},5.0,"{'1': '18-406', '2': '444-718', '3': '966-1123', '4': '742-958', '5': '1138-1310'}",,,,,,,,
Q06707,,,,,,,1.0,{'1': '26-125'},,,,,,,,
Q06708,,,3.0,"{'1': '1-304', '2': '384-483', '3': '484-636'}",1.0,{'1': '2-812'},1.0,{'1': '573-746'},1.0,{'1': '3-696'},1.0,{'1': '87-122'},,,,
Q06709,,,,,1.0,{'1': '1-430'},1.0,{'1': '187-284'},,,,,,,,
Q06810,,,,,,,1.0,{'1': '30-63'},,,,,,,,
Q06817,,,2.0,"{'1': '503-612', '2': '11-376'}",1.0,{'1': '7-603'},2.0,"{'1': '183-424', '2': '505-596'}",1.0,{'1': '9-508'},1.0,{'1': '10-372'},,,1.0,{'1': '8-597'}
Q06819,,,,,1.0,{'1': '3-141'},1.0,{'1': '5-137'},1.0,{'1': '7-138'},,,1.0,{'1': '5-137'},,
Q06822,,,1.0,{'1': '8-211'},,,,,1.0,{'1': '19-360'},,,,,,
Q06833,,,,,,,1.0,{'1': '307-431'},,,1.0,{'1': '304-504'},1.0,{'1': '114-268'},,
Q06835,,,,,1.0,{'1': '1-105'},1.0,{'1': '1-105'},,,,,,,,
Q06836,,,1.0,{'1': '502-624'},,,1.0,{'1': '475-621'},1.0,{'1': '454-624'},1.0,{'1': '432-620'},2.0,"{'1': '426-622', '2': '844-1074'}",,
Q06839,,,1.0,{'1': '274-502'},1.0,{'1': '4-1067'},3.0,"{'1': '319-372', '2': '563-916', '3': '7-149'}",1.0,{'1': '289-499'},1.0,{'1': '273-506'},1.0,{'1': '271-502'},,
Q06892,,,2.0,"{'1': '206-368', '2': '57-401'}",,,1.0,{'1': '80-196'},1.0,{'1': '69-345'},,,,,,
Q06991,,,,,1.0,{'1': '3-242'},1.0,{'1': '8-240'},,,1.0,{'1': '74-90'},,,,
Q07084,,,,,,,1.0,{'1': '506-575'},1.0,{'1': '502-647'},1.0,{'1': '505-647'},1.0,{'1': '504-643'},,
Q07350,,,,,1.0,{'1': '1-264'},2.0,"{'1': '67-90', '2': '135-250'}",1.0,{'1': '56-94'},,,1.0,{'1': '63-97'},,
Q07351,,,,,,,,,1.0,{'1': '277-326'},2.0,"{'1': '306-326', '2': '304-331'}",3.0,"{'1': '277-296', '2': '304-326', '3': '422-444'}",,
Q07381,,,,,1.0,{'1': '10-780'},2.0,"{'1': '486-779', '2': '247-311'}",,,1.0,{'1': '82-248'},2.0,"{'1': '485-777', '2': '234-313'}",,
Q07395,,,1.0,{'1': '28-620'},1.0,{'1': '1-376'},1.0,{'1': '401-615'},1.0,{'1': '37-605'},,,,,,
Q07418,,,1.0,{'1': '196-311'},1.0,{'1': '8-331'},1.0,{'1': '68-342'},,,,,,,,
Q07442,4.0,"{'1': '153-166', '2': '356-372', '3': '372-390', '4': '390-409'}",3.0,"{'1': '124-248', '2': '309-429', '3': '513-592'}",1.0,{'1': '40-636'},3.0,"{'1': '149-226', '2': '326-412', '3': '521-576'}",2.0,"{'1': '134-242', '2': '312-433'}",4.0,"{'1': '150-222', '2': '337-409', '3': '342-401', '4': '506-590'}",2.0,"{'1': '135-241', '2': '319-428'}",,
Q07451,,,,,1.0,{'1': '1-202'},1.0,{'1': '1-138'},,,,,,,,
Q07454,,,,,,,1.0,{'1': '422-541'},,,,,,,,
Q07457,,,1.0,{'1': '632-700'},1.0,{'1': '260-700'},1.0,{'1': '648-686'},,,2.0,"{'1': '648-687', '2': '681-700'}",1.0,{'1': '648-686'},,
Q07458,,,,,,,2.0,"{'1': '140-188', '2': '198-252'}",,,,,,,,
Q07468,,,,,1.0,{'1': '12-1020'},1.0,{'1': '603-715'},,,1.0,{'1': '730-896'},,,,
Q07478,,,2.0,"{'1': '58-276', '2': '277-446'}",,,2.0,"{'1': '292-401', '2': '87-254'}",1.0,{'1': '131-422'},3.0,"{'1': '280-441', '2': '93-268', '3': '62-90'}",2.0,"{'1': '320-401', '2': '81-284'}",,
Q07508,,,,,1.0,{'1': '8-248'},1.0,{'1': '10-249'},,,,,,,,
Q07527,,,1.0,{'1': '1273-1436'},1.0,{'1': '701-1436'},1.0,{'1': '1286-1428'},1.0,{'1': '1282-1436'},1.0,{'1': '1-1436'},,,,
Q07528,,,3.0,"{'1': '354-524', '2': '537-637', '3': '152-306'}",1.0,{'1': '73-638'},1.0,{'1': '183-296'},1.0,{'1': '160-299'},1.0,{'1': '140-301'},1.0,{'1': '156-297'},,
Q07532,,,,,1.0,{'1': '93-326'},1.0,{'1': '152-220'},,,,,,,,
Q07533,,,,,1.0,{'1': '117-885'},1.0,{'1': '778-884'},2.0,"{'1': '7-69', '2': '409-593'}",1.0,{'1': '9-70'},2.0,"{'1': '12-69', '2': '516-581'}",,
Q07534,3.0,"{'1': '16-29', '2': '172-190', '3': '230-252'}",1.0,{'1': '9-305'},,,3.0,"{'1': '10-90', '2': '115-200', '3': '224-306'}",1.0,{'1': '11-302'},3.0,"{'1': '8-87', '2': '115-199', '3': '221-305'}",,,,
Q07549,,,,,1.0,{'1': '12-61'},1.0,{'1': '12-60'},,,1.0,{'1': '17-32'},,,,
Q07551,5.0,"{'1': '50-74', '2': '106-124', '3': '142-159', '4': '178-207', '5': '223-247'}",1.0,{'1': '2-299'},1.0,{'1': '5-290'},1.0,{'1': '22-287'},1.0,{'1': '6-298'},1.0,{'1': '142-159'},,,,
Q07622,,,3.0,"{'1': '259-384', '2': '385-460', '3': '463-623'}",1.0,{'1': '149-622'},7.0,"{'1': '319-361', '2': '362-399', '3': '409-444', '4': '473-487', '5': '495-529', '6': '535-570', '7': '579-610'}",,,,,7.0,"{'1': '318-361', '2': '362-406', '3': '408-444', '4': '446-493', '5': '495-531', '6': '535-572', '7': '576-611'}",,
Q07623,,,1.0,{'1': '75-156'},,,,,1.0,{'1': '69-158'},1.0,{'1': '78-155'},,,,
Q07651,,,,,,,1.0,{'1': '8-205'},,,,,,,,
Q07655,,,1.0,{'1': '524-631'},,,1.0,{'1': '535-605'},1.0,{'1': '517-644'},1.0,{'1': '533-625'},1.0,{'1': '534-613'},,
Q07657,,,1.0,{'1': '7-341'},,,1.0,{'1': '124-342'},1.0,{'1': '18-246'},1.0,{'1': '20-339'},,,,
Q07684,,,,,1.0,{'1': '38-442'},1.0,{'1': '150-393'},,,,,,,,
Q07716,,,,,1.0,{'1': '80-387'},,,1.0,{'1': '117-385'},,,,,,
Q07729,,,1.0,{'1': '21-485'},1.0,{'1': '16-487'},1.0,{'1': '92-486'},1.0,{'1': '94-405'},,,,,1.0,{'1': '87-442'}
Q07794,,,,,1.0,{'1': '2-430'},1.0,{'1': '3-411'},,,1.0,{'1': '2-404'},1.0,{'1': '3-343'},,
Q07799,,,,,,,1.0,{'1': '450-595'},,,,,,,,
Q07800,,,1.0,{'1': '232-418'},1.0,{'1': '155-422'},1.0,{'1': '258-412'},1.0,{'1': '244-412'},1.0,{'1': '253-411'},1.0,{'1': '256-399'},1.0,{'1': '257-415'}
Q07804,,,1.0,{'1': '168-543'},,,1.0,{'1': '179-241'},1.0,{'1': '168-541'},,,,,,
Q07807,,,1.0,{'1': '511-879'},,,8.0,"{'1': '544-575', '2': '580-609', '3': '617-647', '4': '651-674', '5': '686-719', '6': '726-741', '7': '764-798', '8': '817-843'}",1.0,{'1': '527-864'},8.0,"{'1': '538-573', '2': '574-609', '3': '610-646', '4': '682-717', '5': '718-759', '6': '760-795', '7': '807-844', '8': '513-871'}",8.0,"{'1': '538-573', '2': '574-609', '3': '610-645', '4': '646-681', '5': '682-717', '6': '718-752', '7': '760-795', '8': '809-844'}",,
Q07821,,,1.0,{'1': '146-250'},1.0,{'1': '125-250'},1.0,{'1': '147-245'},1.0,{'1': '146-239'},1.0,{'1': '231-248'},,,1.0,{'1': '147-250'}
Q07825,,,3.0,"{'1': '96-275', '2': '281-438', '3': '454-749'}",1.0,{'1': '91-749'},3.0,"{'1': '108-265', '2': '465-680', '3': '687-749'}",2.0,"{'1': '112-252', '2': '457-713'}",1.0,{'1': '621-633'},,,,
Q07830,,,1.0,{'1': '207-387'},1.0,{'1': '32-1009'},1.0,{'1': '218-308'},1.0,{'1': '81-367'},,,,,,
Q07834,,,1.0,{'1': '478-571'},,,,,1.0,{'1': '484-563'},,,1.0,{'1': '481-561'},,
Q07843,,,,,,,,,,,,,,,,
Q07844,,,2.0,"{'1': '190-377', '2': '527-816'}",1.0,{'1': '317-822'},4.0,"{'1': '242-375', '2': '570-699', '3': '400-435', '4': '724-760'}",2.0,"{'1': '200-435', '2': '528-821'}",1.0,{'1': '347-365'},2.0,"{'1': '238-379', '2': '566-702'}",,
Q07845,,,1.0,{'1': '224-453'},1.0,{'1': '225-582'},1.0,{'1': '246-400'},,,,,,,,
Q07878,,,,,1.0,{'1': '1-3078'},3.0,"{'1': '1912-2484', '2': '1-1123', '3': '3014-3118'}",,,,,,,,
Q07895,,,2.0,"{'1': '34-162', '2': '465-606'}",1.0,{'1': '188-700'},2.0,"{'1': '46-163', '2': '476-602'}",4.0,"{'1': '29-163', '2': '313-458', '3': '442-607', '4': '615-744'}",3.0,"{'1': '34-162', '2': '463-604', '3': '606-744'}",,,,
Q07896,,,,,1.0,{'1': '23-659'},2.0,"{'1': '472-649', '2': '136-227'}",1.0,{'1': '153-600'},,,,,,
Q07897,,,,,1.0,{'1': '25-291'},1.0,{'1': '58-270'},,,,,,,,
Q07913,,,1.0,{'1': '140-269'},1.0,{'1': '15-333'},2.0,"{'1': '19-258', '2': '271-324'}",,,,,,,,
Q07914,,,1.0,{'1': '98-168'},,,,,1.0,{'1': '102-163'},1.0,{'1': '112-168'},1.0,{'1': '111-166'},,
Q07915,,,1.0,{'1': '1-67'},1.0,{'1': '1-186'},1.0,{'1': '1-65'},,,,,1.0,{'1': '6-44'},,
Q07923,,,1.0,{'1': '1-191'},1.0,{'1': '2-150'},1.0,{'1': '1-155'},1.0,{'1': '1-178'},,,,,,
Q07930,,,,,1.0,{'1': '24-187'},1.0,{'1': '126-188'},1.0,{'1': '78-190'},1.0,{'1': '104-172'},1.0,{'1': '103-172'},,
Q07938,,,1.0,{'1': '22-334'},1.0,{'1': '29-302'},1.0,{'1': '35-289'},1.0,{'1': '33-295'},1.0,{'1': '86-126'},,,,
Q07951,,,1.0,{'1': '1-179'},,,1.0,{'1': '1-174'},,,,,,,,
Q07953,,,2.0,"{'1': '1-94', '2': '95-170'}",1.0,{'1': '2-246'},3.0,"{'1': '109-172', '2': '14-101', '3': '174-241'}",2.0,"{'1': '10-94', '2': '90-162'}",1.0,{'1': '44-63'},,,1.0,{'1': '9-244'}
Q07963,,,,,1.0,{'1': '41-1865'},3.0,"{'1': '98-169', '2': '1427-1844', '3': '924-1020'}",,,1.0,{'1': '96-172'},1.0,{'1': '96-171'},,
Q07979,,,1.0,{'1': '14-131'},1.0,{'1': '74-351'},1.0,{'1': '44-121'},,,,,,,,
Q07980,,,2.0,"{'1': '231-356', '2': '1-224'}",1.0,{'1': '1-655'},1.0,{'1': '255-356'},2.0,"{'1': '229-358', '2': '20-200'}",1.0,{'1': '95-101'},1.0,{'1': '231-358'},1.0,{'1': '3-591'}
Q08001,,,1.0,{'1': '161-268'},1.0,{'1': '64-662'},2.0,"{'1': '164-269', '2': '407-556'}",,,1.0,{'1': '403-576'},1.0,{'1': '164-231'},,
Q08004,,,,,1.0,{'1': '3-118'},1.0,{'1': '48-74'},1.0,{'1': '35-97'},1.0,{'1': '51-73'},1.0,{'1': '46-80'},,
Q08023,,,1.0,{'1': '154-569'},1.0,{'1': '12-583'},1.0,{'1': '514-542'},1.0,{'1': '157-548'},1.0,{'1': '377-387'},,,,
Q08032,,,,,1.0,{'1': '1-647'},1.0,{'1': '28-646'},,,,,,,,
Q08045,,,,,1.0,{'1': '5-130'},,,,,,,,,,
Q08054,,,,,1.0,{'1': '1-341'},,,,,,,,,,
Q08058,,,1.0,{'1': '43-193'},1.0,{'1': '24-194'},1.0,{'1': '52-185'},,,,,,,,
Q08096,,,2.0,"{'1': '184-280', '2': '11-344'}",1.0,{'1': '12-359'},2.0,"{'1': '184-284', '2': '10-337'}",1.0,{'1': '13-234'},1.0,{'1': '156-166'},,,1.0,{'1': '10-367'}
Q08109,,,1.0,{'1': '334-417'},1.0,{'1': '47-407'},2.0,"{'1': '348-400', '2': '10-325'}",,,1.0,{'1': '349-400'},1.0,{'1': '349-399'},,
Q08144,,,,,1.0,{'1': '147-327'},1.0,{'1': '280-331'},1.0,{'1': '67-299'},2.0,"{'1': '244-306', '2': '250-289'}",1.0,{'1': '239-306'},,
Q08162,,,1.0,{'1': '912-1001'},1.0,{'1': '37-992'},5.0,"{'1': '531-861', '2': '88-206', '3': '913-998', '4': '252-399', '5': '422-489'}",5.0,"{'1': '253-398', '2': '389-494', '3': '479-909', '4': '912-993', '5': '86-207'}",2.0,"{'1': '904-1001', '2': '831-855'}",3.0,"{'1': '531-864', '2': '86-203', '3': '909-1001'}",,
Q08179,,,,,1.0,{'1': '77-500'},1.0,{'1': '121-358'},,,1.0,{'1': '182-404'},,,,
Q08182,,,,,1.0,{'1': '29-212'},2.0,"{'1': '129-184', '2': '50-66'}",1.0,{'1': '127-182'},1.0,{'1': '130-145'},1.0,{'1': '123-187'},,
Q08193,,,,,1.0,{'1': '1-437'},1.0,{'1': '21-331'},1.0,{'1': '50-308'},,,,,,
Q08199,,,1.0,{'1': '125-421'},,,1.0,{'1': '123-421'},,,,,,,,
Q08202,,,,,1.0,{'1': '1-243'},2.0,"{'1': '5-154', '2': '192-242'}",,,,,,,,
Q08204,,,2.0,"{'1': '41-247', '2': '891-1062'}",,,1.0,{'1': '42-1048'},2.0,"{'1': '42-355', '2': '795-1057'}",,,,,,
Q08208,,,2.0,"{'1': '145-269', '2': '270-406'}",,,1.0,{'1': '281-347'},1.0,{'1': '271-347'},1.0,{'1': '279-371'},2.0,"{'1': '149-267', '2': '280-349'}",,
Q08218,,,,,1.0,{'1': '72-353'},,,,,,,,,,
Q08220,,,4.0,"{'1': '64-355', '2': '10-434', '3': '356-422', '4': '189-322'}",1.0,{'1': '7-490'},2.0,"{'1': '219-321', '2': '8-490'}",1.0,{'1': '217-323'},,,,,1.0,{'1': '11-490'}
Q08224,,,2.0,"{'1': '316-551', '2': '2-315'}",,,2.0,"{'1': '340-550', '2': '33-283'}",2.0,"{'1': '333-551', '2': '24-295'}",,,,,2.0,"{'1': '26-293', '2': '343-550'}"
Q08225,,,,,1.0,{'1': '3-709'},1.0,{'1': '157-710'},,,,,,,,
Q08226,,,,,,,2.0,"{'1': '126-390', '2': '396-948'}",,,,,,,,
Q08230,,,1.0,{'1': '61-152'},,,1.0,{'1': '67-144'},1.0,{'1': '60-142'},,,,,,
Q08231,,,,,1.0,{'1': '41-444'},1.0,{'1': '318-428'},,,1.0,{'1': '220-431'},,,,
Q08235,,,,,1.0,{'1': '11-284'},1.0,{'1': '38-224'},,,1.0,{'1': '31-232'},1.0,{'1': '34-226'},,
Q08236,,,1.0,{'1': '1085-1176'},1.0,{'1': '4-1174'},3.0,"{'1': '1065-1169', '2': '638-786', '3': '841-930'}",,,,,,,,
Q08237,,,1.0,{'1': '118-288'},1.0,{'1': '27-277'},1.0,{'1': '122-273'},1.0,{'1': '120-279'},,,1.0,{'1': '120-282'},,
Q08269,,,,,,,2.0,"{'1': '456-641', '2': '684-793'}",2.0,"{'1': '443-725', '2': '737-793'}",,,,,,
Q08278,,,1.0,{'1': '99-205'},1.0,{'1': '1-212'},1.0,{'1': '10-203'},1.0,{'1': '114-203'},,,,,,
Q08280,,,2.0,"{'1': '78-260', '2': '294-489'}",1.0,{'1': '66-494'},1.0,{'1': '85-440'},1.0,{'1': '75-493'},1.0,{'1': '80-495'},,,,
Q08281,,,2.0,"{'1': '1253-1336', '2': '93-527'}",1.0,{'1': '51-1339'},3.0,"{'1': '250-287', '2': '363-396', '3': '1289-1335'}",1.0,{'1': '218-537'},4.0,"{'1': '254-296', '2': '365-396', '3': '1293-1332', '4': '274-288'}",2.0,"{'1': '247-287', '2': '358-397'}",,
Q08282,,,2.0,"{'1': '369-695', '2': '1-364'}",,,1.0,{'1': '12-241'},2.0,"{'1': '395-685', '2': '65-350'}",,,1.0,{'1': '453-500'},,
Q08285,,,2.0,"{'1': '70-152', '2': '153-236'}",1.0,{'1': '2-219'},2.0,"{'1': '153-200', '2': '19-63'}",2.0,"{'1': '62-156', '2': '152-234'}",,,,,,
Q08287,,,1.0,{'1': '2-88'},,,,,1.0,{'1': '6-88'},1.0,{'1': '7-83'},,,,
Q08299,,,2.0,"{'1': '62-277', '2': '347-581'}",,,1.0,{'1': '72-494'},1.0,{'1': '67-589'},1.0,{'1': '62-576'},,,,
Q08409,,,2.0,"{'1': '33-267', '2': '739-978'}",,,6.0,"{'1': '49-199', '2': '777-906', '3': '591-669', '4': '370-579', '5': '1062-1272', '6': '935-996'}",2.0,"{'1': '47-264', '2': '749-969'}",3.0,"{'1': '33-273', '2': '751-978', '3': '172-186'}",1.0,{'1': '774-955'},,
Q08421,,,1.0,{'1': '249-411'},1.0,{'1': '1-411'},1.0,{'1': '1-409'},,,,,,,,
Q08438,,,1.0,{'1': '274-571'},,,1.0,{'1': '293-566'},2.0,"{'1': '288-353', '2': '433-572'}",,,,,,
Q08444,,,1.0,{'1': '288-368'},1.0,{'1': '3-458'},2.0,"{'1': '294-369', '2': '12-102'}",1.0,{'1': '294-364'},,,1.0,{'1': '10-115'},,
Q08446,,,2.0,"{'1': '177-288', '2': '4-166'}",1.0,{'1': '4-395'},2.0,"{'1': '186-267', '2': '322-395'}",2.0,"{'1': '185-375', '2': '10-144'}",2.0,"{'1': '182-277', '2': '312-395'}",,,,
Q08457,,,,,,,2.0,"{'1': '183-255', '2': '3-124'}",,,,,,,,
Q08465,,,1.0,{'1': '153-219'},1.0,{'1': '136-210'},,,1.0,{'1': '143-200'},,,1.0,{'1': '157-203'},,
Q08484,,,,,,,1.0,{'1': '285-508'},2.0,"{'1': '254-468', '2': '443-629'}",1.0,{'1': '280-508'},1.0,{'1': '277-532'},,
Q08491,,,1.0,{'1': '251-518'},1.0,{'1': '269-693'},3.0,"{'1': '269-475', '2': '649-746', '3': '527-631'}",1.0,{'1': '268-486'},1.0,{'1': '265-503'},,,,
Q08492,,,,,,,1.0,{'1': '111-208'},,,,,,,,
Q08548,,,,,1.0,{'1': '12-484'},1.0,{'1': '111-445'},,,,,,,,
Q08553,,,,,,,1.0,{'1': '24-186'},,,,,1.0,{'1': '2-187'},,
Q08558,,,,,1.0,{'1': '12-265'},1.0,{'1': '15-242'},1.0,{'1': '3-259'},,,,,,
Q08601,,,,,1.0,{'1': '132-431'},1.0,{'1': '135-423'},1.0,{'1': '120-245'},,,,,,
Q08622,,,1.0,{'1': '116-304'},1.0,{'1': '15-489'},1.0,{'1': '217-238'},1.0,{'1': '148-327'},1.0,{'1': '113-305'},,,,
Q08641,,,1.0,{'1': '364-623'},1.0,{'1': '355-627'},1.0,{'1': '439-543'},1.0,{'1': '392-624'},,,,,,
Q08645,,,2.0,"{'1': '66-361', '2': '381-547'}",1.0,{'1': '66-540'},,,2.0,"{'1': '96-347', '2': '379-539'}",2.0,"{'1': '123-146', '2': '232-247'}",,,1.0,{'1': '101-541'}
Q08647,,,2.0,"{'1': '191-375', '2': '403-662'}",1.0,{'1': '24-665'},1.0,{'1': '217-657'},1.0,{'1': '41-660'},2.0,"{'1': '338-582', '2': '253-266'}",,,1.0,{'1': '160-664'}
Q08649,,,1.0,{'1': '341-421'},1.0,{'1': '23-439'},3.0,"{'1': '223-400', '2': '21-74', '3': '164-218'}",2.0,"{'1': '163-433', '2': '10-111'}",1.0,{'1': '162-433'},1.0,{'1': '33-86'},,
Q08651,6.0,"{'1': '116-127', '2': '166-174', '3': '202-221', '4': '18-35', '5': '160-176', '6': '202-221'}",,,,,2.0,"{'1': '17-64', '2': '90-175'}",1.0,{'1': '16-281'},,,,,,
Q08683,,,,,1.0,{'1': '8-500'},1.0,{'1': '302-390'},,,,,,,,
Q08685,,,3.0,"{'1': '103-342', '2': '343-445', '3': '19-102'}",1.0,{'1': '22-444'},3.0,"{'1': '341-445', '2': '130-335', '3': '28-118'}",1.0,{'1': '124-372'},,,,,,
Q08687,,,1.0,{'1': '54-178'},1.0,{'1': '8-172'},1.0,{'1': '22-167'},,,,,,,,
Q08689,,,,,1.0,{'1': '6-159'},1.0,{'1': '53-128'},1.0,{'1': '53-174'},1.0,{'1': '14-176'},,,,
Q08723,,,,,,,2.0,"{'1': '5-116', '2': '165-292'}",,,1.0,{'1': '8-143'},1.0,{'1': '7-142'},,
Q08726,,,1.0,{'1': '3-267'},1.0,{'1': '1-297'},1.0,{'1': '7-260'},1.0,{'1': '6-261'},,,,,,
Q08732,,,,,,,1.0,{'1': '218-430'},1.0,{'1': '203-732'},3.0,"{'1': '215-722', '2': '336-348', '3': '221-250'}",1.0,{'1': '215-722'},,
Q08743,,,,,1.0,{'1': '71-304'},1.0,{'1': '243-303'},,,,,,,,
Q08745,,,1.0,{'1': '1-105'},1.0,{'1': '1-103'},1.0,{'1': '3-93'},1.0,{'1': '24-78'},,,,,,
Q08746,,,,,,,1.0,{'1': '19-199'},,,,,,,,
Q08747,,,1.0,{'1': '115-201'},,,2.0,"{'1': '123-193', '2': '6-53'}",1.0,{'1': '115-198'},2.0,"{'1': '119-195', '2': '1-56'}",1.0,{'1': '120-198'},,
Q08749,,,1.0,{'1': '48-180'},1.0,{'1': '9-180'},,,,,,,,,,
Q08754,,,1.0,{'1': '1-742'},1.0,{'1': '3-535'},1.0,{'1': '123-533'},1.0,{'1': '384-647'},,,,,,
Q08773,,,3.0,"{'1': '406-705', '2': '743-886', '3': '185-401'}",,,4.0,"{'1': '187-469', '2': '491-604', '3': '754-886', '4': '944-1059'}",5.0,"{'1': '890-941', '2': '942-1068', '3': '162-400', '4': '402-671', '5': '754-889'}",3.0,"{'1': '494-645', '2': '196-361', '3': '886-938'}",4.0,"{'1': '887-936', '2': '990-1054', '3': '520-604', '4': '180-376'}",,
Q08774,,,,,1.0,{'1': '16-231'},1.0,{'1': '29-219'},,,,,,,,
Q08816,,,,,1.0,{'1': '3-341'},1.0,{'1': '164-321'},,,,,,,,
Q08817,,,1.0,{'1': '6-281'},1.0,{'1': '15-726'},2.0,"{'1': '299-781', '2': '90-127'}",,,3.0,"{'1': '90-111', '2': '113-134', '3': '138-159'}",3.0,"{'1': '65-87', '2': '88-111', '3': '112-134'}",,
Q08822,,,1.0,{'1': '61-461'},1.0,{'1': '43-629'},2.0,"{'1': '523-629', '2': '270-363'}",1.0,{'1': '62-525'},1.0,{'1': '591-620'},,,,
Q08831,,,1.0,{'1': '436-523'},1.0,{'1': '48-511'},1.0,{'1': '450-507'},1.0,{'1': '453-506'},,,1.0,{'1': '448-512'},,
Q08886,,,1.0,{'1': '663-880'},,,,,2.0,"{'1': '291-613', '2': '709-783'}",,,,,,
Q08920,,,1.0,{'1': '24-156'},1.0,{'1': '13-177'},1.0,{'1': '48-117'},1.0,{'1': '42-151'},1.0,{'1': '46-124'},1.0,{'1': '47-120'},,
Q08921,,,,,,,1.0,{'1': '30-731'},,,,,,,,
Q08923,,,1.0,{'1': '63-153'},1.0,{'1': '2-501'},,,1.0,{'1': '63-127'},2.0,"{'1': '75-120', '2': '72-123'}",1.0,{'1': '74-121'},,
Q08924,,,3.0,"{'1': '35-337', '2': '341-747', '3': '757-1006'}",1.0,{'1': '7-1012'},2.0,"{'1': '171-207', '2': '219-249'}",3.0,"{'1': '6-307', '2': '455-739', '3': '642-972'}",4.0,"{'1': '175-216', '2': '217-258', '3': '194-208', '4': '236-250'}",9.0,"{'1': '35-73', '2': '168-207', '3': '210-249', '4': '264-299', '5': '641-693', '6': '700-738', '7': '760-795', '8': '871-914', '9': '925-964'}",,
Q08930,,,,,1.0,{'1': '4-340'},1.0,{'1': '4-262'},,,,,,,,
Q08932,,,,,,,1.0,{'1': '225-274'},,,,,,,,
Q08951,,,1.0,{'1': '18-624'},1.0,{'1': '21-917'},1.0,{'1': '48-609'},1.0,{'1': '42-759'},,,,,,
Q08959,,,1.0,{'1': '1-255'},1.0,{'1': '3-262'},1.0,{'1': '7-245'},1.0,{'1': '2-250'},1.0,{'1': '2-251'},,,,
Q08960,,,2.0,"{'1': '405-741', '2': '165-371'}",1.0,{'1': '176-793'},3.0,"{'1': '475-656', '2': '207-347', '3': '660-727'}",1.0,{'1': '204-369'},2.0,"{'1': '463-713', '2': '205-360'}",,,,
Q08961,,,,,1.0,{'1': '5-397'},,,1.0,{'1': '3-292'},1.0,{'1': '22-274'},,,,
Q08962,,,1.0,{'1': '94-181'},,,2.0,"{'1': '96-175', '2': '1-83'}",1.0,{'1': '95-170'},,,1.0,{'1': '95-170'},,
Q08963,,,1.0,{'1': '19-170'},1.0,{'1': '4-237'},,,,,1.0,{'1': '97-118'},1.0,{'1': '137-155'},,
Q08965,,,1.0,{'1': '70-234'},1.0,{'1': '2-1158'},3.0,"{'1': '74-143', '2': '710-1010', '3': '231-307'}",1.0,{'1': '66-204'},1.0,{'1': '68-233'},2.0,"{'1': '707-1009', '2': '219-308'}",,
Q08966,,,,,1.0,{'1': '335-483'},1.0,{'1': '334-466'},,,,,,,,
Q08967,,,,,1.0,{'1': '5-728'},2.0,"{'1': '166-597', '2': '26-161'}",,,,,1.0,{'1': '24-162'},,
Q08968,,,,,1.0,{'1': '12-688'},1.0,{'1': '50-647'},,,,,,,,
Q08971,,,1.0,{'1': '11-146'},1.0,{'1': '3-143'},1.0,{'1': '15-142'},,,,,,,,
Q08972,,,4.0,"{'1': '165-464', '2': '561-782', '3': '788-1105', '4': '907-1007'}",1.0,{'1': '788-1112'},4.0,"{'1': '587-716', '2': '829-1061', '3': '943-994', '4': '472-560'}",3.0,"{'1': '173-1125', '2': '571-772', '3': '814-1111'}",5.0,"{'1': '942-1003', '2': '570-786', '3': '812-1129', '4': '688-702', '5': '1033-1047'}",3.0,"{'1': '941-996', '2': '596-763', '3': '838-1106'}",,
Q08977,,,,,1.0,{'1': '7-528'},3.0,"{'1': '209-372', '2': '376-448', '3': '428-517'}",,,,,,,,
Q08979,,,1.0,{'1': '56-385'},1.0,{'1': '12-645'},2.0,"{'1': '453-506', '2': '565-643'}",1.0,{'1': '93-491'},,,,,,
Q08985,,,1.0,{'1': '6-319'},,,1.0,{'1': '18-321'},1.0,{'1': '9-324'},1.0,{'1': '6-321'},,,,
Q12000,,,,,,,1.0,{'1': '219-309'},1.0,{'1': '88-112'},2.0,"{'1': '87-114', '2': '158-196'}",2.0,"{'1': '87-113', '2': '160-195'}",,
Q12004,,,1.0,{'1': '19-253'},1.0,{'1': '14-315'},1.0,{'1': '23-309'},,,,,,,1.0,{'1': '22-312'}
Q12008,,,1.0,{'1': '9-310'},1.0,{'1': '8-298'},2.0,"{'1': '12-103', '2': '181-279'}",1.0,{'1': '10-303'},1.0,{'1': '14-23'},1.0,{'1': '11-249'},1.0,{'1': '110-306'}
Q12009,,,1.0,{'1': '76-279'},1.0,{'1': '29-279'},1.0,{'1': '96-273'},1.0,{'1': '94-247'},1.0,{'1': '50-279'},,,1.0,{'1': '77-280'}
Q12010,,,,,1.0,{'1': '9-303'},2.0,"{'1': '13-70', '2': '212-270'}",,,,,2.0,"{'1': '27-58', '2': '225-256'}",,
Q12013,,,1.0,{'1': '47-281'},,,3.0,"{'1': '442-580', '2': '55-148', '3': '172-250'}",1.0,{'1': '53-274'},4.0,"{'1': '83-115', '2': '117-149', '3': '189-221', '4': '222-254'}",6.0,"{'1': '49-79', '2': '83-112', '3': '117-146', '4': '150-179', '5': '189-218', '6': '222-251'}",,
Q12016,,,,,1.0,{'1': '24-176'},1.0,{'1': '8-178'},,,,,,,,
Q12017,,,,,1.0,{'1': '10-251'},,,1.0,{'1': '17-227'},,,,,,
Q12018,,,1.0,{'1': '729-815'},1.0,{'1': '11-815'},2.0,"{'1': '15-692', '2': '746-807'}",3.0,"{'1': '11-420', '2': '432-701', '3': '733-815'}",2.0,"{'1': '789-815', '2': '434-667'}",2.0,"{'1': '462-614', '2': '743-810'}",,
Q12019,,,6.0,"{'1': '294-471', '2': '633-912', '3': '1061-1231', '4': '1338-1562', '5': '1726-1896', '6': '2033-2291'}",,,13.0,"{'1': '311-432', '2': '648-702', '3': '810-896', '4': '1078-1214', '5': '1363-1409', '6': '1462-1558', '7': '1743-1879', '8': '2178-2273', '9': '465-579', '10': '1226-1319', '11': '1891-1990', '12': '910-1013', '13': '1568-1648'}",7.0,"{'1': '305-528', '2': '636-975', '3': '1054-1280', '4': '1345-1624', '5': '1732-1985', '6': '2036-2286', '7': '4703-4903'}",2.0,"{'1': '4704-4899', '2': '649-662'}",6.0,"{'1': '307-420', '2': '645-906', '3': '1075-1220', '4': '1360-1567', '5': '1739-1890', '6': '2046-2284'}",,
Q12024,3.0,"{'1': '118-132', '2': '158-172', '3': '391-405'}",1.0,{'1': '94-460'},,,6.0,"{'1': '99-131', '2': '136-170', '3': '198-235', '4': '279-316', '5': '368-404', '6': '8-72'}",1.0,{'1': '101-449'},7.0,"{'1': '99-133', '2': '140-180', '3': '204-235', '4': '283-325', '5': '371-413', '6': '118-132', '7': '391-405'}",7.0,"{'1': '93-131', '2': '133-171', '3': '197-235', '4': '276-316', '5': '319-357', '6': '364-404', '7': '415-453'}",,
Q12028,,,1.0,{'1': '1-632'},1.0,{'1': '6-812'},2.0,"{'1': '21-616', '2': '726-828'}",2.0,"{'1': '721-818', '2': '20-642'}",,,1.0,{'1': '717-829'},,
Q12029,,,,,1.0,{'1': '10-327'},1.0,{'1': '10-327'},,,,,,,1.0,{'1': '9-327'}
Q12030,3.0,"{'1': '86-102', '2': '106-128', '3': '180-202'}",,,1.0,{'1': '36-206'},1.0,{'1': '74-205'},,,,,,,,
Q12031,,,1.0,{'1': '46-557'},1.0,{'1': '44-575'},1.0,{'1': '47-575'},1.0,{'1': '40-557'},1.0,{'1': '236-241'},,,1.0,{'1': '49-575'}
Q12035,,,,,1.0,{'1': '19-216'},1.0,{'1': '96-190'},,,,,,,,
Q12036,,,1.0,{'1': '8-170'},,,1.0,{'1': '14-131'},1.0,{'1': '12-167'},,,,,,
Q12040,,,1.0,{'1': '9-224'},1.0,{'1': '13-149'},1.0,{'1': '19-206'},1.0,{'1': '17-225'},1.0,{'1': '21-30'},1.0,{'1': '18-173'},,
Q12043,,,,,1.0,{'1': '53-533'},2.0,"{'1': '183-384', '2': '47-175'}",1.0,{'1': '179-533'},1.0,{'1': '183-388'},,,,
Q12046,,,1.0,{'1': '116-227'},1.0,{'1': '9-262'},2.0,"{'1': '157-204', '2': '4-114'}",1.0,{'1': '123-232'},2.0,"{'1': '135-228', '2': '67-94'}",,,,
Q12049,,,,,1.0,{'1': '50-429'},1.0,{'1': '204-424'},,,1.0,{'1': '276-450'},,,,
Q12050,,,1.0,{'1': '239-455'},,,,,1.0,{'1': '240-512'},,,,,,
Q12051,,,1.0,{'1': '1-335'},,,1.0,{'1': '21-269'},1.0,{'1': '11-301'},2.0,"{'1': '201-213', '2': '72-86'}",,,,
Q12052,,,1.0,{'1': '42-265'},,,1.0,{'1': '99-261'},1.0,{'1': '63-214'},,,,,,
Q12056,,,,,1.0,{'1': '20-152'},1.0,{'1': '27-151'},,,,,,,1.0,{'1': '27-151'}
Q12057,,,,,1.0,{'1': '2-262'},,,,,,,,,,
Q12060,,,,,1.0,{'1': '58-405'},1.0,{'1': '58-316'},,,,,,,,
Q12063,,,1.0,{'1': '167-375'},1.0,{'1': '90-375'},,,1.0,{'1': '147-369'},,,,,,
Q12066,,,,,1.0,{'1': '9-422'},1.0,{'1': '230-314'},,,,,,,,
Q12068,,,,,1.0,{'1': '3-328'},1.0,{'1': '5-257'},1.0,{'1': '1-335'},,,,,,
Q12071,,,,,1.0,{'1': '77-858'},,,,,,,,,,
Q12072,,,,,,,,,1.0,{'1': '565-591'},,,,,,
Q12074,,,2.0,"{'1': '66-293', '2': '5-65'}",1.0,{'1': '6-293'},1.0,{'1': '13-68'},1.0,{'1': '14-292'},2.0,"{'1': '92-105', '2': '12-248'}",,,1.0,{'1': '14-287'}
Q12078,7.0,"{'1': '90-116', '2': '118-137', '3': '149-170', '4': '202-225', '5': '318-337', '6': '346-363', '7': '378-397'}",,,1.0,{'1': '8-468'},1.0,{'1': '32-404'},,,,,,,1.0,{'1': '10-402'}
Q12080,,,,,1.0,{'1': '9-455'},1.0,{'1': '17-423'},,,,,,,,
Q12084,,,1.0,{'1': '9-205'},,,1.0,{'1': '31-179'},1.0,{'1': '8-179'},,,,,,
Q12088,,,1.0,{'1': '656-826'},1.0,{'1': '592-873'},4.0,"{'1': '663-763', '2': '1281-1487', '3': '17-400', '4': '829-890'}",2.0,"{'1': '662-812', '2': '1337-1661'}",2.0,"{'1': '660-835', '2': '458-469'}",,,,
Q12089,,,2.0,"{'1': '193-319', '2': '320-520'}",1.0,{'1': '198-303'},1.0,{'1': '241-268'},,,,,,,,
Q12090,,,1.0,{'1': '239-402'},1.0,{'1': '64-396'},1.0,{'1': '246-388'},1.0,{'1': '241-393'},,,1.0,{'1': '242-398'},,
Q12093,,,2.0,"{'1': '14-244', '2': '246-318'}",,,2.0,"{'1': '240-313', '2': '322-407'}",,,,,,,1.0,{'1': '28-407'}
Q12094,,,,,1.0,{'1': '21-286'},2.0,"{'1': '84-210', '2': '46-80'}",,,,,,,,
Q12096,,,1.0,{'1': '90-486'},1.0,{'1': '74-489'},,,1.0,{'1': '89-482'},,,,,,
Q12098,,,,,,,1.0,{'1': '685-745'},,,,,,,,
Q12100,,,,,,,1.0,{'1': '305-575'},1.0,{'1': '303-603'},3.0,"{'1': '302-575', '2': '426-438', '3': '308-330'}",1.0,{'1': '302-575'},,
Q12102,,,2.0,"{'1': '1-222', '2': '628-717'}",1.0,{'1': '13-858'},2.0,"{'1': '20-211', '2': '728-856'}",2.0,"{'1': '4-444', '2': '527-716'}",,,1.0,{'1': '254-377'},,
Q12107,,,,,,,1.0,{'1': '84-167'},,,,,,,,
Q12108,,,,,,,1.0,{'1': '286-515'},,,1.0,{'1': '289-515'},1.0,{'1': '288-515'},,
Q12109,4.0,"{'1': '116-132', '2': '169-188', '3': '251-272', '4': '295-305'}",1.0,{'1': '25-299'},,,1.0,{'1': '257-388'},,,1.0,{'1': '111-121'},,,1.0,{'1': '101-424'}
Q12114,,,2.0,"{'1': '78-166', '2': '167-299'}",1.0,{'1': '4-671'},3.0,"{'1': '167-248', '2': '78-165', '3': '6-52'}",2.0,"{'1': '75-167', '2': '157-257'}",2.0,"{'1': '166-262', '2': '78-168'}",2.0,"{'1': '168-252', '2': '79-156'}",,
Q12116,,,,,1.0,{'1': '19-466'},1.0,{'1': '17-466'},,,,,,,,
Q12117,,,,,1.0,{'1': '14-314'},1.0,{'1': '35-247'},,,,,1.0,{'1': '33-275'},,
Q12118,,,1.0,{'1': '93-257'},1.0,{'1': '2-336'},3.0,"{'1': '137-169', '2': '171-203', '3': '4-70'}",1.0,{'1': '101-205'},3.0,"{'1': '102-135', '2': '136-169', '3': '170-203'}",3.0,"{'1': '102-135', '2': '136-169', '3': '170-203'}",,
Q12122,,,1.0,{'1': '26-302'},1.0,{'1': '32-424'},2.0,"{'1': '37-296', '2': '310-390'}",,,3.0,"{'1': '37-290', '2': '44-60', '3': '223-236'}",,,1.0,{'1': '39-385'}
Q12123,,,2.0,"{'1': '5-129', '2': '130-349'}",1.0,{'1': '7-335'},1.0,{'1': '9-129'},2.0,"{'1': '5-128', '2': '129-328'}",1.0,{'1': '254-272'},,,,
Q12124,,,,,,,1.0,{'1': '28-123'},,,,,,,,
Q12125,,,1.0,{'1': '1-292'},1.0,{'1': '9-311'},1.0,{'1': '46-308'},,,,,,,,
Q12127,,,,,,,1.0,{'1': '32-75'},,,,,,,,
Q12129,,,,,,,,,,,,,1.0,{'1': '4-144'},,
Q12133,,,,,1.0,{'1': '1-171'},1.0,{'1': '1-179'},,,,,,,,
Q12136,,,,,,,2.0,"{'1': '220-297', '2': '535-608'}",,,,,,,,
Q12139,,,,,1.0,{'1': '196-1121'},2.0,"{'1': '506-823', '2': '31-55'}",1.0,{'1': '35-91'},3.0,"{'1': '33-55', '2': '31-60', '3': '61-96'}",2.0,"{'1': '31-55', '2': '61-91'}",,
Q12142,,,,,1.0,{'1': '234-941'},1.0,{'1': '295-776'},,,,,,,,
Q12143,,,,,1.0,{'1': '5-214'},1.0,{'1': '62-194'},,,,,,,,
Q12144,,,,,1.0,{'1': '14-268'},1.0,{'1': '18-265'},,,,,,,,
Q12145,,,,,,,2.0,"{'1': '255-276', '2': '282-306'}",2.0,"{'1': '241-278', '2': '266-308'}",4.0,"{'1': '256-276', '2': '284-306', '3': '254-281', '4': '282-311'}",2.0,"{'1': '254-276', '2': '282-306'}",,
Q12146,,,1.0,{'1': '1-194'},1.0,{'1': '1-192'},2.0,"{'1': '80-192', '2': '4-56'}",1.0,{'1': '76-192'},,,,,,
Q12149,,,2.0,"{'1': '120-422', '2': '423-518'}",1.0,{'1': '9-720'},3.0,"{'1': '440-504', '2': '214-380', '3': '14-100'}",2.0,"{'1': '418-519', '2': '130-408'}",1.0,{'1': '435-515'},2.0,"{'1': '435-515', '2': '213-381'}",,
Q12151,,,1.0,{'1': '42-103'},1.0,{'1': '39-911'},2.0,"{'1': '50-82', '2': '612-754'}",1.0,{'1': '41-88'},2.0,"{'1': '50-78', '2': '50-80'}",1.0,{'1': '45-89'},,
Q12152,,,,,1.0,{'1': '39-486'},1.0,{'1': '41-287'},1.0,{'1': '38-288'},2.0,"{'1': '41-287', '2': '153-165'}",1.0,{'1': '41-287'},,
Q12153,,,,,1.0,{'1': '3-435'},1.0,{'1': '37-341'},,,1.0,{'1': '26-348'},1.0,{'1': '26-342'},,
Q12154,,,1.0,{'1': '1-354'},1.0,{'1': '14-340'},1.0,{'1': '18-335'},1.0,{'1': '15-328'},,,,,1.0,{'1': '22-335'}
Q12155,,,,,1.0,{'1': '8-158'},1.0,{'1': '41-159'},,,1.0,{'1': '7-159'},,,,
Q12157,,,1.0,{'1': '36-102'},1.0,{'1': '2-102'},1.0,{'1': '38-101'},,,1.0,{'1': '52-95'},,,,
Q12158,,,1.0,{'1': '483-564'},1.0,{'1': '14-559'},2.0,"{'1': '506-559', '2': '14-110'}",1.0,{'1': '485-560'},,,,,,
Q12159,,,1.0,{'1': '71-153'},1.0,{'1': '5-223'},1.0,{'1': '82-146'},1.0,{'1': '35-150'},1.0,{'1': '78-158'},1.0,{'1': '79-152'},,
Q12161,,,1.0,{'1': '7-127'},1.0,{'1': '27-171'},1.0,{'1': '30-69'},,,2.0,"{'1': '30-72', '2': '45-54'}",1.0,{'1': '30-71'},,
Q12165,,,1.0,{'1': '23-119'},1.0,{'1': '20-159'},2.0,"{'1': '32-103', '2': '118-157'}",1.0,{'1': '32-113'},,,,,,
Q12166,,,2.0,"{'1': '39-409', '2': '410-593'}",,,3.0,"{'1': '60-341', '2': '455-594', '3': '358-425'}",1.0,{'1': '478-594'},3.0,"{'1': '60-335', '2': '67-83', '3': '271-284'}",1.0,{'1': '455-595'},1.0,{'1': '34-596'}
Q12171,,,,,1.0,{'1': '18-434'},2.0,"{'1': '90-165', '2': '224-617'}",,,,,,,,
Q12176,,,,,1.0,{'1': '88-1021'},1.0,{'1': '597-761'},1.0,{'1': '299-689'},,,,,,
Q12179,,,1.0,{'1': '53-226'},,,1.0,{'1': '70-441'},1.0,{'1': '31-204'},,,,,,
Q12180,,,1.0,{'1': '132-199'},1.0,{'1': '124-803'},2.0,"{'1': '134-171', '2': '391-653'}",1.0,{'1': '127-172'},2.0,"{'1': '135-166', '2': '135-168'}",2.0,"{'1': '130-177', '2': '492-564'}",,
Q12181,8.0,"{'1': '8-21', '2': '56-67', '3': '98-108', '4': '123-142', '5': '261-271', '6': '413-420', '7': '445-454', '8': '480-499'}",3.0,"{'1': '272-411', '2': '1-177', '3': '472-623'}",,,3.0,"{'1': '481-579', '2': '231-450', '3': '9-144'}",3.0,"{'1': '216-468', '2': '4-173', '3': '474-623'}",2.0,"{'1': '7-168', '2': '224-491'}",,,,
Q12186,,,2.0,"{'1': '143-268', '2': '57-139'}",1.0,{'1': '35-389'},3.0,"{'1': '298-313', '2': '33-143', '3': '158-238'}",3.0,"{'1': '343-446', '2': '148-267', '3': '268-315'}",1.0,{'1': '299-312'},3.0,"{'1': '272-288', '2': '298-314', '3': '146-239'}",,
Q12189,,,,,1.0,{'1': '11-257'},1.0,{'1': '74-251'},1.0,{'1': '19-174'},,,,,1.0,{'1': '23-252'}
Q12194,,,,,1.0,{'1': '1-464'},,,,,,,,,,
Q12196,,,,,1.0,{'1': '14-484'},1.0,{'1': '110-296'},1.0,{'1': '60-300'},2.0,"{'1': '76-402', '2': '240-251'}",1.0,{'1': '47-307'},,
Q12199,,,,,1.0,{'1': '87-355'},1.0,{'1': '128-318'},,,,,,,,
Q12200,,,,,,,4.0,"{'1': '1007-1156', '2': '21-257', '3': '381-545', '4': '582-724'}",,,1.0,{'1': '557-717'},,,,
Q12204,,,1.0,{'1': '353-587'},1.0,{'1': '28-704'},4.0,"{'1': '519-604', '2': '628-699', '3': '185-231', '4': '28-108'}",1.0,{'1': '442-599'},1.0,{'1': '519-700'},1.0,{'1': '519-700'},,
Q12206,,,1.0,{'1': '11-457'},1.0,{'1': '14-426'},1.0,{'1': '255-273'},1.0,{'1': '73-452'},,,3.0,"{'1': '234-273', '2': '277-318', '3': '340-380'}",,
Q12207,,,,,1.0,{'1': '1-173'},1.0,{'1': '5-139'},,,,,,,,
Q12208,,,,,1.0,{'1': '1-289'},1.0,{'1': '75-284'},,,,,,,,
Q12212,,,1.0,{'1': '308-575'},,,1.0,{'1': '310-502'},1.0,{'1': '307-619'},,,,,,
Q12213,,,2.0,"{'1': '83-186', '2': '187-244'}",1.0,{'1': '7-244'},2.0,"{'1': '9-79', '2': '84-134'}",1.0,{'1': '83-244'},1.0,{'1': '102-134'},,,1.0,{'1': '9-244'}
Q12216,,,3.0,"{'1': '292-420', '2': '35-83', '3': '144-290'}",,,3.0,"{'1': '44-78', '2': '334-382', '3': '155-289'}",1.0,{'1': '43-79'},3.0,"{'1': '43-77', '2': '323-408', '3': '139-291'}",1.0,{'1': '43-77'},,
Q12220,3.0,"{'1': '136-150', '2': '177-191', '3': '488-502'}",4.0,"{'1': '16-320', '2': '321-431', '3': '432-629', '4': '630-706'}",1.0,{'1': '4-932'},1.0,{'1': '801-910'},1.0,{'1': '39-286'},12.0,"{'1': '85-116', '2': '117-150', '3': '159-199', '4': '387-427', '5': '469-510', '6': '569-610', '7': '611-652', '8': '653-685', '9': '136-150', '10': '177-191', '11': '405-419', '12': '488-502'}",11.0,"{'1': '56-107', '2': '110-149', '3': '152-190', '4': '193-230', '5': '380-418', '6': '421-458', '7': '461-501', '8': '521-559', '9': '562-601', '10': '604-643', '11': '646-685'}",,
Q12221,,,2.0,"{'1': '548-881', '2': '313-403'}",1.0,{'1': '190-1002'},4.0,"{'1': '339-388', '2': '583-610', '3': '621-642', '4': '660-674'}",2.0,"{'1': '543-868', '2': '338-401'}",3.0,"{'1': '316-402', '2': '574-611', '3': '511-872'}",7.0,"{'1': '317-398', '2': '576-611', '3': '612-647', '4': '649-683', '5': '684-719', '6': '723-758', '7': '761-800'}",,
Q12223,,,1.0,{'1': '46-193'},1.0,{'1': '1-232'},1.0,{'1': '48-199'},,,,,,,,
Q12224,3.0,"{'1': '3-23', '2': '23-38', '3': '38-59'}",1.0,{'1': '13-94'},,,1.0,{'1': '10-57'},1.0,{'1': '1-72'},2.0,"{'1': '3-57', '2': '1-61'}",1.0,{'1': '1-60'},,
Q12229,,,,,1.0,{'1': '13-446'},1.0,{'1': '356-451'},2.0,"{'1': '346-450', '2': '141-264'}",1.0,{'1': '356-455'},2.0,"{'1': '354-452', '2': '148-274'}",,
Q12230,,,1.0,{'1': '51-267'},1.0,{'1': '1-288'},1.0,{'1': '1-264'},,,,,,,,
Q12232,,,,,1.0,{'1': '55-563'},1.0,{'1': '211-330'},1.0,{'1': '227-328'},1.0,{'1': '163-331'},,,,
Q12233,,,,,,,1.0,{'1': '15-113'},,,,,,,,
Q12236,,,,,1.0,{'1': '92-458'},1.0,{'1': '180-443'},1.0,{'1': '165-466'},3.0,"{'1': '179-443', '2': '299-311', '3': '185-208'}",1.0,{'1': '179-443'},,
Q12241,,,,,1.0,{'1': '22-273'},2.0,"{'1': '226-278', '2': '28-178'}",1.0,{'1': '23-119'},2.0,"{'1': '190-252', '2': '196-235'}",1.0,{'1': '185-252'},,
Q12242,,,,,1.0,{'1': '1-666'},1.0,{'1': '3-42'},1.0,{'1': '2-42'},1.0,{'1': '1-41'},1.0,{'1': '3-40'},,
Q12244,,,1.0,{'1': '14-92'},1.0,{'1': '5-795'},1.0,{'1': '14-48'},1.0,{'1': '5-50'},2.0,"{'1': '14-42', '2': '14-44'}",1.0,{'1': '9-53'},,
Q12245,,,,,,,1.0,{'1': '1-143'},,,,,,,,
Q12246,,,1.0,{'1': '209-353'},1.0,{'1': '196-602'},1.0,{'1': '229-358'},1.0,{'1': '226-614'},1.0,{'1': '224-363'},1.0,{'1': '228-368'},,
Q12248,,,,,1.0,{'1': '4-93'},1.0,{'1': '19-73'},,,,,,,,
Q12250,,,1.0,{'1': '331-411'},1.0,{'1': '8-440'},3.0,"{'1': '334-404', '2': '410-441', '3': '34-253'}",1.0,{'1': '335-412'},1.0,{'1': '233-407'},1.0,{'1': '336-422'},,
Q12255,2.0,"{'1': '172-191', '2': '192-211'}",1.0,{'1': '1-149'},1.0,{'1': '153-245'},2.0,"{'1': '6-144', '2': '169-250'}",,,1.0,{'1': '167-227'},,,,
Q12256,,,1.0,{'1': '89-535'},,,1.0,{'1': '100-505'},1.0,{'1': '77-544'},1.0,{'1': '146-162'},,,,
Q12259,,,2.0,"{'1': '25-119', '2': '121-226'}",,,,,2.0,"{'1': '29-123', '2': '122-223'}",,,1.0,{'1': '26-121'},,
Q12262,,,,,,,1.0,{'1': '10-174'},,,,,,,,
Q12263,,,1.0,{'1': '1015-1142'},,,2.0,"{'1': '20-288', '2': '1028-1140'}",1.0,{'1': '16-290'},3.0,"{'1': '19-289', '2': '152-164', '3': '25-48'}",1.0,{'1': '19-289'},,
Q12265,,,5.0,"{'1': '1-144', '2': '223-260', '3': '261-315', '4': '365-469', '5': '470-486'}",1.0,{'1': '3-494'},2.0,"{'1': '275-492', '2': '6-100'}",2.0,"{'1': '6-274', '2': '233-495'}",1.0,{'1': '242-257'},,,,
Q12267,,,2.0,"{'1': '154-364', '2': '1231-1415'}",,,2.0,"{'1': '155-1404', '2': '686-798'}",2.0,"{'1': '155-1403', '2': '646-833'}",,,1.0,{'1': '686-799'},,
Q12270,,,1.0,{'1': '13-197'},,,1.0,{'1': '52-192'},1.0,{'1': '14-196'},,,,,,
Q12271,,,1.0,{'1': '542-888'},1.0,{'1': '147-1001'},2.0,"{'1': '572-854', '2': '61-375'}",1.0,{'1': '542-883'},1.0,{'1': '142-482'},1.0,{'1': '564-864'},,
Q12273,,,1.0,{'1': '656-826'},1.0,{'1': '592-873'},4.0,"{'1': '663-763', '2': '1281-1487', '3': '17-400', '4': '829-890'}",2.0,"{'1': '662-812', '2': '1332-1662'}",2.0,"{'1': '660-835', '2': '458-469'}",,,,
Q12275,,,4.0,"{'1': '151-699', '2': '973-1320', '3': '1321-1491', '4': '765-904'}",,,4.0,"{'1': '173-444', '2': '6-120', '3': '1512-1626', '4': '757-909'}",,,1.0,{'1': '5-101'},1.0,{'1': '5-121'},,
Q12276,,,1.0,{'1': '528-906'},,,,,,,,,,,,
Q12277,,,1.0,{'1': '1-265'},1.0,{'1': '2-225'},,,1.0,{'1': '3-209'},,,,,,
Q12280,,,2.0,"{'1': '823-1164', '2': '97-249'}",,,4.0,"{'1': '719-737', '2': '1253-1396', '3': '112-217', '4': '884-1057'}",2.0,"{'1': '826-1137', '2': '103-250'}",1.0,{'1': '108-221'},1.0,{'1': '110-213'},,
Q12283,,,1.0,{'1': '96-332'},1.0,{'1': '1-357'},,,1.0,{'1': '5-344'},,,,,,
Q12284,,,1.0,{'1': '71-187'},1.0,{'1': '62-182'},1.0,{'1': '83-174'},1.0,{'1': '73-181'},1.0,{'1': '72-174'},,,,
Q12285,,,,,1.0,{'1': '76-209'},3.0,"{'1': '80-150', '2': '8-59', '3': '175-212'}",1.0,{'1': '65-167'},1.0,{'1': '74-152'},1.0,{'1': '74-149'},,
Q12296,,,1.0,{'1': '238-386'},1.0,{'1': '57-580'},1.0,{'1': '66-233'},1.0,{'1': '247-383'},2.0,"{'1': '321-386', '2': '57-240'}",,,,
Q12297,,,1.0,{'1': '2-94'},,,1.0,{'1': '6-79'},,,,,1.0,{'1': '5-83'},,
Q12298,,,2.0,"{'1': '33-285', '2': '293-536'}",1.0,{'1': '8-443'},2.0,"{'1': '124-189', '2': '322-485'}",2.0,"{'1': '131-259', '2': '299-531'}",2.0,"{'1': '8-265', '2': '307-537'}",1.0,{'1': '331-538'},,
Q12305,,,1.0,{'1': '20-139'},,,1.0,{'1': '37-131'},1.0,{'1': '19-135'},1.0,{'1': '37-138'},1.0,{'1': '24-135'},,
Q12306,,,,,,,1.0,{'1': '24-91'},1.0,{'1': '6-99'},1.0,{'1': '22-98'},1.0,{'1': '24-94'},,
Q12308,,,1.0,{'1': '73-242'},,,1.0,{'1': '515-584'},1.0,{'1': '88-350'},,,,,,
Q12309,,,2.0,"{'1': '95-303', '2': '304-541'}",1.0,{'1': '13-685'},2.0,"{'1': '366-497', '2': '52-198'}",2.0,"{'1': '55-545', '2': '526-644'}",,,12.0,"{'1': '45-77', '2': '79-111', '3': '113-145', '4': '147-178', '5': '180-211', '6': '213-244', '7': '333-369', '8': '379-416', '9': '418-449', '10': '451-483', '11': '485-523', '12': '525-557'}",,
Q12311,,,2.0,"{'1': '256-316', '2': '317-440'}",1.0,{'1': '50-598'},2.0,"{'1': '22-222', '2': '278-310'}",1.0,{'1': '257-328'},3.0,"{'1': '266-310', '2': '263-313', '3': '317-439'}",2.0,"{'1': '265-311', '2': '375-439'}",,
Q12318,,,1.0,{'1': '1-242'},,,1.0,{'1': '8-226'},,,,,,,,
Q12320,,,1.0,{'1': '5-277'},,,2.0,"{'1': '23-81', '2': '199-284'}",1.0,{'1': '21-283'},,,1.0,{'1': '25-198'},,
Q12321,,,,,,,1.0,{'1': '12-133'},,,,,,,,
Q12324,,,,,1.0,{'1': '88-645'},2.0,"{'1': '260-541', '2': '35-225'}",,,,,,,,
Q12329,,,1.0,{'1': '216-356'},,,1.0,{'1': '250-355'},1.0,{'1': '240-355'},1.0,{'1': '237-356'},,,,
Q12330,,,,,1.0,{'1': '6-92'},1.0,{'1': '19-91'},1.0,{'1': '12-93'},1.0,{'1': '14-94'},1.0,{'1': '19-92'},,
Q12334,,,,,,,1.0,{'1': '92-141'},,,,,,,,
Q12335,,,1.0,{'1': '1-198'},,,1.0,{'1': '21-141'},1.0,{'1': '1-197'},1.0,{'1': '4-191'},,,1.0,{'1': '3-197'}
Q12339,,,,,,,2.0,"{'1': '51-150', '2': '193-212'}",1.0,{'1': '25-151'},,,,,,
Q12341,,,2.0,"{'1': '267-320', '2': '23-162'}",1.0,{'1': '9-370'},2.0,"{'1': '173-259', '2': '11-162'}",1.0,{'1': '6-320'},1.0,{'1': '135-303'},,,,
Q12342,,,,,1.0,{'1': '6-415'},1.0,{'1': '235-372'},,,,,,,,
Q12343,,,,,1.0,{'1': '45-283'},1.0,{'1': '68-233'},,,,,,,,
Q12344,,,,,1.0,{'1': '158-836'},1.0,{'1': '505-728'},2.0,"{'1': '432-589', '2': '565-667'}",1.0,{'1': '451-630'},1.0,{'1': '448-653'},,
Q12347,,,,,,,1.0,{'1': '183-259'},1.0,{'1': '87-152'},,,,,,
Q12348,,,,,,,,,,,1.0,{'1': '348-543'},,,,
Q12349,,,,,1.0,{'1': '5-124'},1.0,{'1': '23-90'},,,,,,,,
Q12354,,,1.0,{'1': '5-226'},1.0,{'1': '12-226'},1.0,{'1': '3-224'},1.0,{'1': '10-224'},,,,,,
Q12355,,,2.0,"{'1': '28-200', '2': '251-390'}",1.0,{'1': '95-394'},,,,,,,,,,
Q12362,,,,,1.0,{'1': '69-435'},1.0,{'1': '169-318'},2.0,"{'1': '416-577', '2': '153-412'}",2.0,"{'1': '433-552', '2': '207-221'}",,,1.0,{'1': '94-406'}
Q12363,,,1.0,{'1': '2-435'},1.0,{'1': '4-430'},,,1.0,{'1': '180-433'},,,3.0,"{'1': '211-250', '2': '254-295', '3': '317-357'}",,
Q12365,,,,,,,2.0,"{'1': '10-170', '2': '218-383'}",,,,,,,,
Q12368,,,,,1.0,{'1': '3-194'},1.0,{'1': '80-104'},1.0,{'1': '79-115'},1.0,{'1': '82-104'},,,,
Q12369,,,,,,,2.0,"{'1': '299-797', '2': '811-913'}",,,,,,,,
Q12372,,,,,1.0,{'1': '58-582'},1.0,{'1': '77-539'},,,,,,,1.0,{'1': '70-547'}
Q12373,,,2.0,"{'1': '1-119', '2': '150-346'}",,,,,,,,,,,,
Q12374,,,,,1.0,{'1': '13-614'},1.0,{'1': '329-610'},,,,,,,,
Q12375,,,1.0,{'1': '14-292'},1.0,{'1': '14-290'},3.0,"{'1': '15-101', '2': '106-199', '3': '210-290'}",1.0,{'1': '14-289'},3.0,"{'1': '11-97', '2': '105-196', '3': '211-292'}",,,,
Q12377,,,,,1.0,{'1': '17-430'},3.0,"{'1': '318-400', '2': '12-137', '3': '405-431'}",2.0,"{'1': '119-333', '2': '328-409'}",1.0,{'1': '235-404'},1.0,{'1': '333-416'},,
Q12379,,,,,,,1.0,{'1': '7-111'},,,,,,,,
Q12380,,,2.0,"{'1': '134-193', '2': '12-133'}",1.0,{'1': '2-282'},3.0,"{'1': '199-281', '2': '8-97', '3': '138-193'}",,,,,,,,
Q12383,,,,,1.0,{'1': '11-473'},3.0,"{'1': '179-473', '2': '19-47', '3': '72-96'}",,,1.0,{'1': '72-99'},,,,
Q12386,,,,,1.0,{'1': '269-872'},1.0,{'1': '264-742'},2.0,"{'1': '268-493', '2': '496-877'}",,,1.0,{'1': '266-878'},,
Q12387,,,,,,,1.0,{'1': '269-591'},,,,,,,,
Q12389,,,2.0,"{'1': '55-342', '2': '380-557'}",1.0,{'1': '108-848'},3.0,"{'1': '431-527', '2': '161-326', '3': '820-879'}",2.0,"{'1': '135-341', '2': '279-542'}",4.0,"{'1': '286-294', '2': '418-568', '3': '168-340', '4': '137-165'}",3.0,"{'1': '446-527', '2': '820-881', '3': '156-355'}",,
Q12393,,,,,,,1.0,{'1': '11-248'},,,,,,,,
Q12396,,,,,1.0,{'1': '69-439'},1.0,{'1': '69-267'},1.0,{'1': '55-272'},1.0,{'1': '52-269'},,,,
Q12398,,,1.0,{'1': '268-345'},1.0,{'1': '5-414'},1.0,{'1': '268-342'},1.0,{'1': '268-366'},1.0,{'1': '266-341'},1.0,{'1': '272-347'},,
Q12400,,,1.0,{'1': '78-276'},1.0,{'1': '8-286'},1.0,{'1': '104-276'},,,1.0,{'1': '83-279'},,,,
Q12402,,,,,1.0,{'1': '64-170'},1.0,{'1': '71-147'},,,,,,,,
Q12403,,,,,1.0,{'1': '12-217'},1.0,{'1': '24-218'},,,1.0,{'1': '33-172'},1.0,{'1': '23-218'},,
Q12404,,,,,,,1.0,{'1': '32-114'},1.0,{'1': '24-114'},2.0,"{'1': '13-158', '2': '51-69'}",,,,
Q12406,,,,,1.0,{'1': '8-463'},1.0,{'1': '6-461'},2.0,"{'1': '5-150', '2': '151-461'}",,,1.0,{'1': '5-477'},,
Q12408,,,1.0,{'1': '44-170'},1.0,{'1': '7-167'},1.0,{'1': '42-169'},1.0,{'1': '41-171'},,,1.0,{'1': '44-168'},,
Q12412,,,,,1.0,{'1': '34-512'},1.0,{'1': '187-510'},,,,,,,,
Q12415,,,1.0,{'1': '1-281'},1.0,{'1': '5-262'},2.0,"{'1': '6-188', '2': '289-433'}",1.0,{'1': '5-258'},,,1.0,{'1': '5-176'},,
Q12416,,,,,1.0,{'1': '1-235'},1.0,{'1': '181-205'},,,,,,,,
Q12417,3.0,"{'1': '155-169', '2': '239-253', '3': '281-295'}",1.0,{'1': '111-451'},1.0,{'1': '81-443'},5.0,"{'1': '130-168', '2': '172-210', '3': '216-252', '4': '258-294', '5': '392-426'}",1.0,{'1': '124-427'},6.0,"{'1': '135-177', '2': '178-219', '3': '220-261', '4': '262-303', '5': '239-253', '6': '281-295'}",7.0,"{'1': '128-168', '2': '171-210', '3': '213-252', '4': '255-294', '5': '297-335', '6': '338-377', '7': '389-427'}",,
Q12420,,,,,1.0,{'1': '304-574'},3.0,"{'1': '76-570', '2': '5-27', '3': '35-56'}",,,,,,,,
Q12425,,,1.0,{'1': '58-183'},,,1.0,{'1': '58-178'},1.0,{'1': '58-171'},1.0,{'1': '164-181'},,,,
Q12427,,,,,1.0,{'1': '6-513'},1.0,{'1': '43-121'},,,,,,,,
Q12428,,,2.0,"{'1': '40-500', '2': '316-457'}",1.0,{'1': '28-514'},2.0,"{'1': '43-299', '2': '318-496'}",1.0,{'1': '37-513'},,,,,1.0,{'1': '38-513'}
Q12429,,,3.0,"{'1': '1-157', '2': '297-418', '3': '436-576'}",1.0,{'1': '1-613'},2.0,"{'1': '1-231', '2': '332-416'}",2.0,"{'1': '303-419', '2': '432-566'}",,,,,1.0,{'1': '1-264'}
Q12431,,,,,1.0,{'1': '11-107'},1.0,{'1': '25-104'},,,,,,,,
Q12432,,,1.0,{'1': '217-397'},1.0,{'1': '5-378'},2.0,"{'1': '216-377', '2': '77-112'}",1.0,{'1': '5-241'},,,1.0,{'1': '64-113'},,
Q12434,3.0,"{'1': '72-90', '2': '120-136', '3': '182-199'}",1.0,{'1': '18-202'},1.0,{'1': '9-202'},1.0,{'1': '8-202'},1.0,{'1': '8-202'},,,,,,
Q12438,3.0,"{'1': '128-146', '2': '176-189', '3': '190-203'}",,,,,1.0,{'1': '128-191'},1.0,{'1': '126-213'},,,,,1.0,{'1': '128-211'}
Q12440,,,1.0,{'1': '774-846'},1.0,{'1': '23-847'},3.0,"{'1': '577-735', '2': '784-844', '3': '273-375'}",2.0,"{'1': '461-739', '2': '774-845'}",1.0,{'1': '494-724'},1.0,{'1': '784-845'},,
Q12443,,,,,,,1.0,{'1': '33-186'},,,1.0,{'1': '30-236'},,,,
Q12445,,,,,1.0,{'1': '3-298'},1.0,{'1': '40-187'},,,,,,,,
Q12446,,,1.0,{'1': '2-135'},,,2.0,"{'1': '14-123', '2': '544-570'}",,,2.0,"{'1': '16-127', '2': '547-567'}",1.0,{'1': '17-124'},,
Q12447,,,,,1.0,{'1': '4-189'},1.0,{'1': '25-157'},1.0,{'1': '12-166'},1.0,{'1': '12-179'},,,,
Q12449,,,2.0,"{'1': '212-347', '2': '12-156'}",1.0,{'1': '5-154'},2.0,"{'1': '223-344', '2': '13-150'}",1.0,{'1': '5-153'},,,1.0,{'1': '13-152'},,
Q12450,,,,,1.0,{'1': '13-199'},1.0,{'1': '29-199'},1.0,{'1': '36-117'},1.0,{'1': '36-118'},1.0,{'1': '26-200'},,
Q12451,,,3.0,"{'1': '285-391', '2': '18-162', '3': '193-272'}",1.0,{'1': '291-1268'},3.0,"{'1': '897-1271', '2': '291-386', '3': '98-127'}",2.0,"{'1': '30-248', '2': '891-1283'}",3.0,"{'1': '289-386', '2': '106-128', '3': '996-1006'}",3.0,"{'1': '290-388', '2': '106-134', '3': '206-235'}",,
Q12452,,,,,1.0,{'1': '2-340'},1.0,{'1': '4-238'},2.0,"{'1': '4-250', '2': '251-335'}",,,,,,
Q12453,,,1.0,{'1': '238-544'},1.0,{'1': '23-744'},,,1.0,{'1': '326-538'},,,,,,
Q12454,,,1.0,{'1': '2-164'},,,1.0,{'1': '3-179'},1.0,{'1': '3-154'},1.0,{'1': '8-170'},,,,
Q12455,,,2.0,"{'1': '68-300', '2': '2-67'}",1.0,{'1': '6-299'},1.0,{'1': '13-68'},1.0,{'1': '13-299'},2.0,"{'1': '92-105', '2': '12-255'}",,,1.0,{'1': '14-293'}
Q12457,,,,,1.0,{'1': '39-567'},1.0,{'1': '274-339'},1.0,{'1': '319-391'},3.0,"{'1': '344-389', '2': '392-486', '3': '340-393'}",4.0,"{'1': '270-341', '2': '344-391', '3': '396-488', '4': '493-549'}",,
Q12458,5.0,"{'1': '42-66', '2': '96-114', '3': '154-171', '4': '190-219', '5': '229-253'}",1.0,{'1': '2-307'},1.0,{'1': '12-292'},1.0,{'1': '23-291'},1.0,{'1': '11-297'},3.0,"{'1': '154-171', '2': '262-277', '3': '46-63'}",,,,
Q12460,,,1.0,{'1': '304-415'},1.0,{'1': '6-502'},2.0,"{'1': '180-413', '2': '6-72'}",1.0,{'1': '167-415'},1.0,{'1': '299-417'},1.0,{'1': '173-225'},,
Q12463,,,1.0,{'1': '183-401'},,,1.0,{'1': '184-297'},1.0,{'1': '119-391'},2.0,"{'1': '288-294', '2': '2-433'}",,,,
Q12464,,,2.0,"{'1': '20-356', '2': '124-245'}",1.0,{'1': '9-449'},2.0,"{'1': '20-362', '2': '367-432'}",1.0,{'1': '41-427'},,,1.0,{'1': '67-368'},,
Q12465,,,,,,,3.0,"{'1': '877-1118', '2': '429-581', '3': '250-417'}",1.0,{'1': '643-967'},,,,,,
Q12466,3.0,"{'1': '1009-1021', '2': '1036-1049', '3': '1058-1066'}",3.0,"{'1': '382-528', '2': '656-829', '3': '989-1133'}",1.0,{'1': '6-1173'},5.0,"{'1': '386-483', '2': '539-619', '3': '659-756', '4': '993-1085', '5': '856-979'}",4.0,"{'1': '381-511', '2': '527-642', '3': '650-791', '4': '989-1119'}",5.0,"{'1': '366-487', '2': '512-636', '3': '640-757', '4': '976-1094', '5': '172-375'}",4.0,"{'1': '387-486', '2': '530-622', '3': '659-756', '4': '993-1093'}",,
Q12468,,,,,1.0,{'1': '59-323'},1.0,{'1': '67-189'},,,1.0,{'1': '71-218'},1.0,{'1': '70-217'},,
Q12469,,,2.0,"{'1': '1-118', '2': '121-194'}",1.0,{'1': '133-648'},3.0,"{'1': '123-180', '2': '395-638', '3': '4-114'}",1.0,{'1': '357-641'},4.0,"{'1': '123-136', '2': '360-639', '3': '3-118', '4': '503-515'}",3.0,"{'1': '123-158', '2': '360-639', '3': '4-120'}",,
Q12471,,,1.0,{'1': '95-319'},1.0,{'1': '86-287'},1.0,{'1': '86-324'},1.0,{'1': '97-282'},,,,,,
Q12476,,,,,1.0,{'1': '40-299'},4.0,"{'1': '62-78', '2': '100-116', '3': '163-179', '4': '122-146'}",3.0,"{'1': '56-78', '2': '98-138', '3': '159-182'}",3.0,"{'1': '62-77', '2': '101-115', '3': '164-179'}",5.0,"{'1': '62-78', '2': '80-97', '3': '100-116', '4': '122-138', '5': '163-179'}",,
Q12480,,,1.0,{'1': '22-209'},1.0,{'1': '19-341'},2.0,"{'1': '25-197', '2': '220-301'}",1.0,{'1': '219-340'},1.0,{'1': '284-310'},1.0,{'1': '25-211'},,
Q12481,,,,,1.0,{'1': '24-298'},1.0,{'1': '120-292'},,,,,,,,
Q12483,,,2.0,"{'1': '87-161', '2': '162-233'}",1.0,{'1': '13-232'},1.0,{'1': '5-214'},2.0,"{'1': '21-164', '2': '165-231'}",,,,,,
Q12486,,,1.0,{'1': '16-203'},,,,,1.0,{'1': '13-212'},,,,,2.0,"{'1': '15-179', '2': '15-174'}"
Q12487,,,1.0,{'1': '1-163'},1.0,{'1': '11-142'},1.0,{'1': '14-135'},1.0,{'1': '12-137'},1.0,{'1': '109-131'},,,1.0,{'1': '7-146'}
Q12488,,,,,1.0,{'1': '1-208'},2.0,"{'1': '52-143', '2': '160-207'}",1.0,{'1': '1-159'},,,,,,
Q12490,,,1.0,{'1': '656-826'},1.0,{'1': '599-873'},4.0,"{'1': '663-763', '2': '1281-1488', '3': '17-400', '4': '829-890'}",2.0,"{'1': '662-812', '2': '1332-1662'}",2.0,"{'1': '660-835', '2': '458-469'}",,,,
Q12494,,,1.0,{'1': '725-965'},1.0,{'1': '312-962'},1.0,{'1': '759-957'},,,,,,,,
Q12495,,,,,,,3.0,"{'1': '129-263', '2': '345-416', '3': '530-586'}",,,,,,,,
Q12499,,,1.0,{'1': '287-411'},1.0,{'1': '1-508'},2.0,"{'1': '169-399', '2': '3-66'}",1.0,{'1': '156-402'},1.0,{'1': '283-403'},1.0,{'1': '162-214'},,
Q12502,,,1.0,{'1': '134-244'},1.0,{'1': '29-702'},1.0,{'1': '144-346'},,,,,,,,
Q12504,,,,,1.0,{'1': '10-394'},1.0,{'1': '38-265'},1.0,{'1': '5-286'},1.0,{'1': '25-265'},,,,
Q12505,,,,,1.0,{'1': '7-439'},1.0,{'1': '106-329'},1.0,{'1': '6-376'},3.0,"{'1': '10-338', '2': '182-194', '3': '16-43'}",1.0,{'1': '10-338'},,
Q12508,,,1.0,{'1': '353-420'},1.0,{'1': '19-416'},1.0,{'1': '177-321'},,,2.0,"{'1': '176-236', '2': '361-404'}",1.0,{'1': '176-236'},,
Q12509,,,,,1.0,{'1': '5-425'},1.0,{'1': '2-430'},2.0,"{'1': '1-140', '2': '189-431'}",,,1.0,{'1': '3-433'},,
Q12510,,,1.0,{'1': '180-515'},1.0,{'1': '1-512'},2.0,"{'1': '335-362', '2': '391-418'}",1.0,{'1': '185-518'},3.0,"{'1': '349-365', '2': '393-427', '3': '349-363'}",4.0,"{'1': '178-215', '2': '324-362', '3': '380-418', '4': '474-512'}",,
Q12511,,,1.0,{'1': '121-547'},1.0,{'1': '158-539'},1.0,{'1': '188-461'},1.0,{'1': '182-545'},2.0,"{'1': '192-200', '2': '153-543'}",1.0,{'1': '143-541'},,
Q12514,,,1.0,{'1': '346-560'},1.0,{'1': '24-559'},2.0,"{'1': '2-212', '2': '387-555'}",,,,,,,,
Q12515,,,,,1.0,{'1': '10-228'},1.0,{'1': '12-39'},,,,,,,,
Q12517,,,1.0,{'1': '24-224'},1.0,{'1': '16-227'},2.0,"{'1': '19-77', '2': '138-219'}",,,,,,,,
Q12518,,,1.0,{'1': '2-154'},,,1.0,{'1': '16-139'},1.0,{'1': '3-143'},3.0,"{'1': '165-184', '2': '189-208', '3': '11-143'}",3.0,"{'1': '165-184', '2': '189-208', '3': '17-143'}",,
Q12522,,,,,1.0,{'1': '1-244'},1.0,{'1': '4-202'},,,,,1.0,{'1': '3-204'},1.0,{'1': '4-224'}
Q12523,,,1.0,{'1': '147-521'},1.0,{'1': '118-522'},3.0,"{'1': '245-272', '2': '282-316', '3': '386-423'}",1.0,{'1': '130-435'},2.0,"{'1': '283-319', '2': '390-426'}",4.0,"{'1': '151-204', '2': '236-272', '3': '276-316', '4': '383-423'}",,
Q12527,,,,,1.0,{'1': '24-508'},2.0,"{'1': '993-1170', '2': '175-508'}",,,,,,,,
Q12530,,,,,1.0,{'1': '6-172'},1.0,{'1': '18-111'},,,,,,,,
Q12532,,,,,1.0,{'1': '1-1015'},2.0,"{'1': '576-685', '2': '917-1017'}",,,,,,,,
Q12672,,,1.0,{'1': '1-98'},1.0,{'1': '1-159'},1.0,{'1': '1-101'},1.0,{'1': '3-100'},1.0,{'1': '37-62'},,,,
Q12674,,,4.0,"{'1': '561-573', '2': '1080-1267', '3': '574-601', '4': '694-926'}",,,2.0,"{'1': '1256-1504', '2': '134-191'}",4.0,"{'1': '294-434', '2': '136-1503', '3': '730-847', '4': '559-1282'}",1.0,{'1': '566-572'},,,2.0,"{'1': '1198-1310', '2': '1013-1509'}"
Q12675,,,2.0,"{'1': '1000-1209', '2': '835-999'}",,,2.0,"{'1': '1199-1449', '2': '228-278'}",4.0,"{'1': '442-577', '2': '226-1448', '3': '716-1014', '4': '705-1217'}",1.0,{'1': '712-718'},,,3.0,"{'1': '642-732', '2': '1141-1253', '3': '229-1456'}"
Q12680,,,7.0,"{'1': '1628-1782', '2': '491-861', '3': '540-1255', '4': '54-602', '5': '1783-1915', '6': '1918-2131', '7': '1292-1567'}",1.0,{'1': '757-2134'},6.0,"{'1': '1319-1507', '2': '869-1238', '3': '516-807', '4': '54-478', '5': '1785-2106', '6': '1661-1770'}",2.0,"{'1': '54-480', '2': '1287-1554'}",1.0,{'1': '54-455'},,,1.0,{'1': '1640-2125'}
Q12690,,,,,1.0,{'1': '1-198'},1.0,{'1': '9-175'},,,1.0,{'1': '70-84'},,,,
Q12692,5.0,"{'1': '21-43', '2': '51-66', '3': '66-79', '4': '80-94', '5': '107-125'}",1.0,{'1': '6-134'},1.0,{'1': '21-126'},2.0,"{'1': '20-98', '2': '100-133'}",1.0,{'1': '7-106'},1.0,{'1': '29-35'},1.0,{'1': '10-130'},,
Q12697,,,2.0,"{'1': '1024-1219', '2': '895-1023'}",1.0,{'1': '285-1440'},1.0,{'1': '306-435'},3.0,"{'1': '552-678', '2': '457-1436', '3': '774-1236'}",1.0,{'1': '781-787'},,,3.0,"{'1': '693-801', '2': '1153-1261', '3': '309-1431'}"
Q12743,,,,,,,1.0,{'1': '30-248'},1.0,{'1': '27-216'},,,,,,
Q12745,,,,,,,1.0,{'1': '7-686'},,,,,,,,
Q12746,4.0,"{'1': '122-129', '2': '181-200', '3': '219-230', '4': '274-282'}",1.0,{'1': '165-301'},1.0,{'1': '64-311'},2.0,"{'1': '183-285', '2': '75-172'}",2.0,"{'1': '63-175', '2': '160-299'}",1.0,{'1': '70-173'},,,,
Q12749,,,2.0,"{'1': '81-297', '2': '890-1098'}",,,1.0,{'1': '84-336'},3.0,"{'1': '81-350', '2': '82-1081', '3': '644-1081'}",,,,,,
Q12753,3.0,"{'1': '1-13', '2': '14-26', '3': '27-39'}",1.0,{'1': '1-42'},1.0,{'1': '1-685'},1.0,{'1': '2-40'},1.0,{'1': '1-41'},2.0,"{'1': '1-39', '2': '1-40'}",2.0,"{'1': '1-40', '2': '1-40'}",,
Q12754,,,2.0,"{'1': '158-466', '2': '530-1019'}",1.0,{'1': '16-1219'},2.0,"{'1': '367-663', '2': '24-197'}",1.0,{'1': '8-985'},,,,,,
Q2V2P4,,,,,1.0,{'1': '2-73'},1.0,{'1': '4-72'},,,,,,,,
Q3E705,,,,,1.0,{'1': '6-218'},1.0,{'1': '29-141'},,,,,,,,
Q3E747,,,,,,,1.0,{'1': '1-75'},,,,,,,,
Q3E754,,,1.0,{'1': '1-87'},1.0,{'1': '1-80'},1.0,{'1': '1-80'},,,1.0,{'1': '11-19'},,,,
Q3E757,,,1.0,{'1': '1-174'},1.0,{'1': '3-173'},2.0,"{'1': '64-140', '2': '7-60'}",1.0,{'1': '7-169'},1.0,{'1': '37-53'},,,,
Q3E784,,,,,,,1.0,{'1': '23-83'},,,,,,,,
Q3E785,,,,,,,1.0,{'1': '10-67'},,,,,,,,
Q3E792,,,,,1.0,{'1': '1-105'},1.0,{'1': '5-104'},1.0,{'1': '44-102'},,,,,,
Q3E793,,,1.0,{'1': '13-109'},,,1.0,{'1': '34-104'},1.0,{'1': '4-108'},,,,,,
Q3E7A4,,,,,,,1.0,{'1': '1-68'},,,,,,,,
Q3E7A7,,,,,1.0,{'1': '1-95'},1.0,{'1': '5-66'},,,,,,,,
Q3E7B2,,,,,1.0,{'1': '3-81'},,,,,,,,,,
Q3E7B7,,,,,,,1.0,{'1': '1-35'},,,,,,,,
Q3E7C1,,,1.0,{'1': '2-72'},1.0,{'1': '1-64'},1.0,{'1': '1-65'},1.0,{'1': '6-67'},,,1.0,{'1': '1-65'},,
Q3E7X9,,,1.0,{'1': '1-67'},1.0,{'1': '5-67'},1.0,{'1': '6-66'},1.0,{'1': '5-67'},1.0,{'1': '58-66'},,,,
Q3E7Y3,,,,,1.0,{'1': '1-129'},1.0,{'1': '7-130'},1.0,{'1': '4-130'},1.0,{'1': '100-117'},,,,
Q3E829,,,1.0,{'1': '1-80'},,,1.0,{'1': '5-80'},,,,,,,,
Q3E830,,,1.0,{'1': '1-75'},,,1.0,{'1': '4-72'},1.0,{'1': '4-74'},,,,,,
Q3E833,,,,,1.0,{'1': '4-85'},1.0,{'1': '12-85'},,,,,,,,
Q3E840,,,1.0,{'1': '1-82'},1.0,{'1': '3-68'},1.0,{'1': '5-59'},1.0,{'1': '2-78'},1.0,{'1': '3-59'},,,,
Q3E841,,,1.0,{'1': '1-83'},,,1.0,{'1': '7-81'},1.0,{'1': '1-98'},,,,,,
Q6Q547,,,,,1.0,{'1': '1-58'},1.0,{'1': '3-52'},1.0,{'1': '2-56'},,,,,,
Q6Q560,,,,,1.0,{'1': '5-91'},1.0,{'1': '10-67'},,,,,,,,
Q6WNK7,,,1.0,{'1': '1-96'},1.0,{'1': '4-92'},1.0,{'1': '9-89'},,,,,,,,
Q86ZR7,,,2.0,"{'1': '21-89', '2': '10-207'}",,,1.0,{'1': '10-200'},1.0,{'1': '7-217'},,,,,1.0,{'1': '81-200'}
Q8TGU7,,,,,,,1.0,{'1': '1-68'},,,,,,,,
Q92316,,,,,,,1.0,{'1': '15-86'},,,,,,,,
Q92317,,,1.0,{'1': '1-144'},1.0,{'1': '4-135'},1.0,{'1': '9-73'},1.0,{'1': '6-137'},,,,,,
Q92331,,,2.0,"{'1': '456-674', '2': '274-408'}",,,2.0,"{'1': '312-390', '2': '440-672'}",1.0,{'1': '280-392'},1.0,{'1': '279-394'},1.0,{'1': '277-390'},,
Q96VH4,,,1.0,{'1': '1-193'},1.0,{'1': '1-191'},1.0,{'1': '12-172'},1.0,{'1': '7-186'},,,,,,
Q96VH5,,,,,1.0,{'1': '17-92'},1.0,{'1': '19-87'},,,,,,,,
Q99177,9.0,"{'1': '10-28', '2': '28-44', '3': '93-109', '4': '111-131', '5': '163-177', '6': '202-220', '7': '257-271', '8': '271-288', '9': '325-339'}",,,,,1.0,{'1': '157-337'},,,,,,,,
Q99181,,,2.0,"{'1': '1-102', '2': '105-206'}",1.0,{'1': '7-211'},2.0,"{'1': '11-73', '2': '110-178'}",1.0,{'1': '8-188'},2.0,"{'1': '9-88', '2': '108-185'}",2.0,"{'1': '10-84', '2': '109-181'}",,
Q99186,,,,,1.0,{'1': '1-490'},1.0,{'1': '198-490'},2.0,"{'1': '1-140', '2': '198-490'}",1.0,{'1': '209-490'},,,,
Q99188,,,1.0,{'1': '27-172'},,,1.0,{'1': '43-154'},1.0,{'1': '30-155'},1.0,{'1': '51-154'},1.0,{'1': '37-161'},,
Q99190,,,,,1.0,{'1': '29-304'},1.0,{'1': '155-310'},,,,,,,,
Q99207,,,,,1.0,{'1': '373-804'},2.0,"{'1': '49-360', '2': '378-793'}",,,,,,,,
Q99216,,,1.0,{'1': '178-274'},,,2.0,"{'1': '98-168', '2': '181-270'}",1.0,{'1': '179-273'},,,,,,
Q99220,,,1.0,{'1': '113-234'},1.0,{'1': '4-488'},2.0,"{'1': '116-193', '2': '271-395'}",,,1.0,{'1': '115-241'},,,,
Q99247,,,2.0,"{'1': '26-232', '2': '240-497'}",1.0,{'1': '425-1099'},2.0,"{'1': '260-296', '2': '909-1099'}",2.0,"{'1': '15-204', '2': '164-476'}",2.0,"{'1': '264-298', '2': '283-297'}",4.0,"{'1': '12-53', '2': '120-191', '3': '257-296', '4': '382-417'}",,
Q99257,,,1.0,{'1': '100-260'},1.0,{'1': '17-596'},4.0,"{'1': '282-468', '2': '550-596', '3': '23-92', '4': '111-248'}",2.0,"{'1': '544-597', '2': '268-483'}",3.0,"{'1': '189-210', '2': '546-599', '3': '280-467'}",1.0,{'1': '537-598'},,
Q99260,,,1.0,{'1': '6-215'},1.0,{'1': '10-191'},1.0,{'1': '12-173'},1.0,{'1': '10-190'},1.0,{'1': '6-215'},1.0,{'1': '13-176'},1.0,{'1': '10-169'}
Q99271,,,1.0,{'1': '21-392'},1.0,{'1': '1-947'},3.0,"{'1': '27-438', '2': '466-847', '3': '902-944'}",,,,,,,1.0,{'1': '2-923'}
Q99278,,,,,,,1.0,{'1': '7-108'},,,,,,,,
Q99287,,,1.0,{'1': '5-286'},1.0,{'1': '2-762'},1.0,{'1': '331-740'},1.0,{'1': '6-289'},1.0,{'1': '34-263'},,,,
Q99288,,,1.0,{'1': '10-321'},1.0,{'1': '13-319'},1.0,{'1': '194-315'},1.0,{'1': '25-316'},1.0,{'1': '29-38'},1.0,{'1': '26-281'},,
Q99296,,,1.0,{'1': '221-481'},,,1.0,{'1': '392-431'},1.0,{'1': '232-720'},,,,,,
Q99297,9.0,"{'1': '15-28', '2': '28-42', '3': '81-101', '4': '173-191', '5': '218-240', '6': '12-24', '7': '59-80', '8': '92-104', '9': '116-129'}",1.0,{'1': '13-305'},1.0,{'1': '9-302'},3.0,"{'1': '9-109', '2': '121-201', '3': '211-302'}",1.0,{'1': '8-293'},3.0,"{'1': '10-106', '2': '116-200', '3': '209-299'}",,,,
Q99314,,,1.0,{'1': '1-136'},1.0,{'1': '5-110'},1.0,{'1': '29-109'},,,1.0,{'1': '1-139'},,,,
Q99316,,,,,1.0,{'1': '34-242'},1.0,{'1': '34-112'},1.0,{'1': '23-99'},1.0,{'1': '14-175'},,,,
Q99332,,,,,,,1.0,{'1': '138-304'},,,,,,,,
Q99337,,,1.0,{'1': '656-826'},1.0,{'1': '592-873'},4.0,"{'1': '663-763', '2': '1275-1449', '3': '17-400', '4': '829-890'}",2.0,"{'1': '662-812', '2': '1326-1657'}",2.0,"{'1': '660-835', '2': '458-469'}",,,,
Q99359,,,1.0,{'1': '266-636'},,,1.0,{'1': '253-636'},,,,,,,,
Q99373,,,,,,,2.0,"{'1': '103-140', '2': '160-191'}",,,,,,,,
Q99380,,,,,,,1.0,{'1': '1-33'},1.0,{'1': '1-35'},,,,,,
Q99382,,,,,1.0,{'1': '1-179'},1.0,{'1': '1-171'},,,,,,,,
Q99383,,,2.0,"{'1': '117-239', '2': '240-358'}",,,2.0,"{'1': '162-225', '2': '245-313'}",2.0,"{'1': '123-239', '2': '238-349'}",2.0,"{'1': '159-241', '2': '243-320'}",2.0,"{'1': '160-231', '2': '244-316'}",,
Q99385,,,1.0,{'1': '89-396'},1.0,{'1': '27-400'},2.0,"{'1': '61-219', '2': '253-396'}",,,,,,,1.0,{'1': '43-396'}
Q99393,,,,,1.0,{'1': '68-293'},1.0,{'1': '61-288'},,,,,,,,
Q99394,,,,,1.0,{'1': '40-237'},1.0,{'1': '107-264'},1.0,{'1': '38-264'},,,,,,
Q9P305,,,,,1.0,{'1': '22-110'},1.0,{'1': '26-109'},,,,,,,,
Q9URQ3,,,,,,,1.0,{'1': '166-272'},1.0,{'1': '138-312'},1.0,{'1': '162-283'},,,,
