CUDA is available
Current GPU device index: 0
GPU Name: NVIDIA RTX 4500 Ada Generation
Attempting prediction for YKL063C
No prediction will be run:
has_verified_seq = True
DeepTMHMM_class = TM
structure_exists = 1.0
sequence_matches_structure = False

Attempting prediction for YDL223C
No prediction will be run:
has_verified_seq = True
DeepTMHMM_class = GLOB
structure_exists = 1.0
sequence_matches_structure = False

Attempting prediction for YPL036W
No prediction will be run:
has_verified_seq = True
DeepTMHMM_class = TM
structure_exists = 1.0
sequence_matches_structure = False

Attempting prediction for YPL050C
No prediction will be run:
has_verified_seq = True
DeepTMHMM_class = GLOB
structure_exists = 1.0
sequence_matches_structure = False

Attempting prediction for YJR148W
No prediction will be run:
has_verified_seq = True
DeepTMHMM_class = GLOB
structure_exists = 1.0
sequence_matches_structure = False

Attempting prediction for YHR208W
No prediction will be run:
has_verified_seq = True
DeepTMHMM_class = GLOB
structure_exists = 1.0
sequence_matches_structure = False

Attempting prediction for YBR035C
No prediction will be run:
has_verified_seq = True
DeepTMHMM_class = GLOB
structure_exists = 1.0
sequence_matches_structure = False

Attempting prediction for YPR008W
No prediction will be run:
has_verified_seq = True
DeepTMHMM_class = GLOB
structure_exists = 1.0
sequence_matches_structure = False

Attempting prediction for YKL024C
No prediction will be run:
has_verified_seq = True
DeepTMHMM_class = GLOB
structure_exists = 1.0
sequence_matches_structure = False

Attempting prediction for YBR286W
No prediction will be run:
has_verified_seq = True
DeepTMHMM_class = SP
structure_exists = 1.0
sequence_matches_structure = False

Attempting prediction for YLR420W
No prediction will be run:
has_verified_seq = True
DeepTMHMM_class = GLOB
structure_exists = 1.0
sequence_matches_structure = False

Attempting prediction for YKR066C
No prediction will be run:
has_verified_seq = True
DeepTMHMM_class = GLOB
structure_exists = 1.0
sequence_matches_structure = False

Attempting prediction for YNL117W
No prediction will be run:
has_verified_seq = True
DeepTMHMM_class = GLOB
structure_exists = 1.0
sequence_matches_structure = False

Attempting prediction for YNL015W
No prediction will be run:
has_verified_seq = True
DeepTMHMM_class = GLOB
structure_exists = 1.0
sequence_matches_structure = False

Attempting prediction for YOR285W
No prediction will be run:
has_verified_seq = True
DeepTMHMM_class = GLOB
structure_exists = 1.0
sequence_matches_structure = False

Attempting prediction for YOR239W
No prediction will be run:
has_verified_seq = True
DeepTMHMM_class = GLOB
structure_exists = 1.0
sequence_matches_structure = False

Attempting prediction for YJL055W
No prediction will be run:
has_verified_seq = True
DeepTMHMM_class = GLOB
structure_exists = 1.0
sequence_matches_structure = False

Attempting prediction for YJL066C
No prediction will be run:
has_verified_seq = True
DeepTMHMM_class = GLOB
structure_exists = 1.0
sequence_matches_structure = False

Attempting prediction for YGR027W-A;YGR038C-A;YJR026W;YLR227W-A;YML040W
No prediction will be run:
has_verified_seq = False
DeepTMHMM_class = nan
structure_exists = nan
sequence_matches_structure = False

Attempting prediction for YGL087C
No prediction will be run:
has_verified_seq = True
DeepTMHMM_class = GLOB
structure_exists = 1.0
sequence_matches_structure = False

Attempting prediction for YNL134C
No prediction will be run:
has_verified_seq = True
DeepTMHMM_class = GLOB
structure_exists = 1.0
sequence_matches_structure = False

Attempting prediction for YNR034W-A
No prediction will be run:
has_verified_seq = True
DeepTMHMM_class = GLOB
structure_exists = 1.0
sequence_matches_structure = False

Attempting prediction for YPL111W
No prediction will be run:
has_verified_seq = True
DeepTMHMM_class = GLOB
structure_exists = 1.0
sequence_matches_structure = False

Attempting prediction for YIR037W
No prediction will be run:
has_verified_seq = True
DeepTMHMM_class = GLOB
structure_exists = 1.0
sequence_matches_structure = False

Attempting prediction for YML022W
No prediction will be run:
has_verified_seq = True
DeepTMHMM_class = GLOB
structure_exists = 1.0
sequence_matches_structure = False

Attempting prediction for YNL104C
No prediction will be run:
has_verified_seq = True
DeepTMHMM_class = GLOB
structure_exists = 1.0
sequence_matches_structure = False

Attempting prediction for YEL060C
No prediction will be run:
has_verified_seq = True
DeepTMHMM_class = SP
structure_exists = 1.0
sequence_matches_structure = False

Attempting prediction for YOR168W
No prediction will be run:
has_verified_seq = True
DeepTMHMM_class = GLOB
structure_exists = 1.0
sequence_matches_structure = False

Attempting prediction for YER175C
No prediction will be run:
has_verified_seq = True
DeepTMHMM_class = GLOB
structure_exists = 1.0
sequence_matches_structure = False

Attempting prediction for YEL071W
No prediction will be run:
has_verified_seq = True
DeepTMHMM_class = GLOB
structure_exists = 1.0
sequence_matches_structure = False

Attempting prediction for YBR222C
No prediction will be run:
has_verified_seq = True
DeepTMHMM_class = GLOB
structure_exists = 1.0
sequence_matches_structure = False

Attempting prediction for YOR323C
No prediction will be run:
has_verified_seq = True
DeepTMHMM_class = GLOB
structure_exists = 1.0
sequence_matches_structure = False

Attempting prediction for YBL037W
No prediction will be run:
has_verified_seq = True
DeepTMHMM_class = GLOB
structure_exists = 1.0
sequence_matches_structure = False

Attempting prediction for YOL062C
No prediction will be run:
has_verified_seq = True
DeepTMHMM_class = GLOB
structure_exists = 1.0
sequence_matches_structure = False

Attempting prediction for YJR005W
No prediction will be run:
has_verified_seq = True
DeepTMHMM_class = GLOB
structure_exists = 1.0
sequence_matches_structure = False

Attempting prediction for YLR352W
No prediction will be run:
has_verified_seq = True
DeepTMHMM_class = GLOB
structure_exists = 1.0
sequence_matches_structure = False

Attempting prediction for YNL059C
No prediction will be run:
has_verified_seq = True
DeepTMHMM_class = GLOB
structure_exists = 1.0
sequence_matches_structure = False

Attempting prediction for YBL024W
No prediction will be run:
has_verified_seq = True
DeepTMHMM_class = GLOB
structure_exists = 1.0
sequence_matches_structure = False

Attempting prediction for YDR356W
No prediction will be run:
has_verified_seq = True
DeepTMHMM_class = GLOB
structure_exists = 1.0
sequence_matches_structure = False

Attempting prediction for YBR149W
No prediction will be run:
has_verified_seq = True
DeepTMHMM_class = GLOB
structure_exists = 1.0
sequence_matches_structure = False

Attempting prediction for YDR037W
No prediction will be run:
has_verified_seq = True
DeepTMHMM_class = GLOB
structure_exists = 1.0
sequence_matches_structure = False

Attempting prediction for YLR421C
No prediction will be run:
has_verified_seq = True
DeepTMHMM_class = GLOB
structure_exists = 1.0
sequence_matches_structure = False

Attempting prediction for YFL048C
No prediction will be run:
has_verified_seq = True
DeepTMHMM_class = SP+TM
structure_exists = 1.0
sequence_matches_structure = False

Attempting prediction for YDR270W
No prediction will be run:
has_verified_seq = True
DeepTMHMM_class = TM
structure_exists = 1.0
sequence_matches_structure = False

Attempting prediction for YKL042W
No prediction will be run:
has_verified_seq = True
DeepTMHMM_class = GLOB
structure_exists = 1.0
sequence_matches_structure = False

Attempting prediction for YHR019C
No prediction will be run:
has_verified_seq = True
DeepTMHMM_class = GLOB
structure_exists = 1.0
sequence_matches_structure = False

Attempting prediction for YLL018C
No prediction will be run:
has_verified_seq = True
DeepTMHMM_class = GLOB
structure_exists = 1.0
sequence_matches_structure = False

Attempting prediction for YKL103C
No prediction will be run:
has_verified_seq = True
DeepTMHMM_class = GLOB
structure_exists = 1.0
sequence_matches_structure = False

Attempting prediction for YLR080W
No prediction will be run:
has_verified_seq = True
DeepTMHMM_class = SP+TM
structure_exists = 1.0
sequence_matches_structure = False

Attempting prediction for YLR072W
No prediction will be run:
has_verified_seq = True
DeepTMHMM_class = TM
structure_exists = 1.0
sequence_matches_structure = False

Attempting prediction for YNL225C
No prediction will be run:
has_verified_seq = True
DeepTMHMM_class = GLOB
structure_exists = 1.0
sequence_matches_structure = False

Attempting prediction for YLR250W
No prediction will be run:
has_verified_seq = True
DeepTMHMM_class = SP
structure_exists = 1.0
sequence_matches_structure = False

Attempting prediction for YOL158C
No prediction will be run:
has_verified_seq = True
DeepTMHMM_class = TM
structure_exists = 1.0
sequence_matches_structure = False

Attempting prediction for YNL231C
No prediction will be run:
has_verified_seq = True
DeepTMHMM_class = GLOB
structure_exists = 1.0
sequence_matches_structure = False

Attempting prediction for YOR373W
No prediction will be run:
has_verified_seq = True
DeepTMHMM_class = GLOB
structure_exists = 1.0
sequence_matches_structure = False

Attempting prediction for YPL124W
No prediction will be run:
has_verified_seq = True
DeepTMHMM_class = GLOB
structure_exists = 1.0
sequence_matches_structure = False

Attempting prediction for YDL201W
No prediction will be run:
has_verified_seq = True
DeepTMHMM_class = GLOB
structure_exists = 1.0
sequence_matches_structure = False

Attempting prediction for YDL195W
No prediction will be run:
has_verified_seq = True
DeepTMHMM_class = GLOB
structure_exists = 1.0
sequence_matches_structure = False

Attempting prediction for YDR091C
No prediction will be run:
has_verified_seq = True
DeepTMHMM_class = GLOB
structure_exists = 1.0
sequence_matches_structure = False

Attempting prediction for YEL034W
No prediction will be run:
has_verified_seq = True
DeepTMHMM_class = GLOB
structure_exists = 1.0
sequence_matches_structure = False

Attempting prediction for YDR388W
No prediction will be run:
has_verified_seq = True
DeepTMHMM_class = GLOB
structure_exists = 1.0
sequence_matches_structure = False

Attempting prediction for YER007C-A
No prediction will be run:
has_verified_seq = True
DeepTMHMM_class = GLOB
structure_exists = 1.0
sequence_matches_structure = False

Attempting prediction for YEL065W
No prediction will be run:
has_verified_seq = True
DeepTMHMM_class = TM
structure_exists = 1.0
sequence_matches_structure = False

Attempting prediction for YER178W
No prediction will be run:
has_verified_seq = True
DeepTMHMM_class = GLOB
structure_exists = 1.0
sequence_matches_structure = False

Attempting prediction for YER048C
No prediction will be run:
has_verified_seq = True
DeepTMHMM_class = GLOB
structure_exists = 1.0
sequence_matches_structure = False

Attempting prediction for YGL245W
No prediction will be run:
has_verified_seq = True
DeepTMHMM_class = GLOB
structure_exists = 1.0
sequence_matches_structure = False

Attempting prediction for YFR009W
No prediction will be run:
has_verified_seq = True
DeepTMHMM_class = GLOB
structure_exists = 1.0
sequence_matches_structure = False

Attempting prediction for YHR020W
No prediction will be run:
has_verified_seq = True
DeepTMHMM_class = GLOB
structure_exists = 1.0
sequence_matches_structure = False

Attempting prediction for YJR014W
No prediction will be run:
has_verified_seq = True
DeepTMHMM_class = GLOB
structure_exists = 1.0
sequence_matches_structure = False

Attempting prediction for YNL247W
No prediction will be run:
has_verified_seq = True
DeepTMHMM_class = GLOB
structure_exists = 1.0
sequence_matches_structure = False

Attempting prediction for YLR244C
No prediction will be run:
has_verified_seq = True
DeepTMHMM_class = GLOB
structure_exists = 1.0
sequence_matches_structure = False

Attempting prediction for YOL111C
No prediction will be run:
has_verified_seq = True
DeepTMHMM_class = GLOB
structure_exists = 1.0
sequence_matches_structure = False

Attempting prediction for YOR187W
No prediction will be run:
has_verified_seq = True
DeepTMHMM_class = GLOB
structure_exists = 1.0
sequence_matches_structure = False

Attempting prediction for YPL048W
No prediction will be run:
has_verified_seq = True
DeepTMHMM_class = GLOB
structure_exists = 1.0
sequence_matches_structure = False

Attempting prediction for YPR163C
No prediction will be run:
has_verified_seq = True
DeepTMHMM_class = GLOB
structure_exists = 1.0
sequence_matches_structure = False

Attempting prediction for YDR406W
No prediction will be run:
has_verified_seq = True
DeepTMHMM_class = TM
structure_exists = 1.0
sequence_matches_structure = False

Attempting prediction for YMR058W
No prediction will be run:
has_verified_seq = True
DeepTMHMM_class = SP+TM
structure_exists = 1.0
sequence_matches_structure = False

Attempting prediction for YPR154W
No prediction will be run:
has_verified_seq = True
DeepTMHMM_class = GLOB
structure_exists = 1.0
sequence_matches_structure = False

Attempting prediction for YGR185C
No prediction will be run:
has_verified_seq = True
DeepTMHMM_class = GLOB
structure_exists = 1.0
sequence_matches_structure = False

Attempting prediction for YDL182W
No prediction will be run:
has_verified_seq = True
DeepTMHMM_class = GLOB
structure_exists = 1.0
sequence_matches_structure = False

Attempting prediction for YGR054W
No prediction will be run:
has_verified_seq = True
DeepTMHMM_class = GLOB
structure_exists = 1.0
sequence_matches_structure = False

Attempting prediction for YGR285C
No prediction will be run:
has_verified_seq = True
DeepTMHMM_class = GLOB
structure_exists = 1.0
sequence_matches_structure = False

Attempting prediction for YHR064C
No prediction will be run:
has_verified_seq = True
DeepTMHMM_class = GLOB
structure_exists = 1.0
sequence_matches_structure = False

Attempting prediction for YJR047C
No prediction will be run:
has_verified_seq = True
DeepTMHMM_class = GLOB
structure_exists = 1.0
sequence_matches_structure = False

Attempting prediction for YIL078W
No prediction will be run:
has_verified_seq = True
DeepTMHMM_class = GLOB
structure_exists = 1.0
sequence_matches_structure = False

Attempting prediction for YPL160W
No prediction will be run:
has_verified_seq = True
DeepTMHMM_class = GLOB
structure_exists = 1.0
sequence_matches_structure = False

Attempting prediction for YPR033C
No prediction will be run:
has_verified_seq = True
DeepTMHMM_class = GLOB
structure_exists = 1.0
sequence_matches_structure = False

Attempting prediction for YCL001W
No prediction will be run:
has_verified_seq = True
DeepTMHMM_class = TM
structure_exists = 1.0
sequence_matches_structure = False

Attempting prediction for YDL072C
No prediction will be run:
has_verified_seq = True
DeepTMHMM_class = TM
structure_exists = 1.0
sequence_matches_structure = False

Attempting prediction for YDL015C
No prediction will be run:
has_verified_seq = True
DeepTMHMM_class = TM
structure_exists = 1.0
sequence_matches_structure = False

Attempting prediction for YDR144C
No prediction will be run:
has_verified_seq = True
DeepTMHMM_class = SP
structure_exists = 1.0
sequence_matches_structure = False

Attempting prediction for YDR245W
No prediction will be run:
has_verified_seq = True
DeepTMHMM_class = GLOB
structure_exists = 1.0
sequence_matches_structure = False

Attempting prediction for YEL036C
No prediction will be run:
has_verified_seq = True
DeepTMHMM_class = TM
structure_exists = 1.0
sequence_matches_structure = False

Attempting prediction for YGL105W
No prediction will be run:
has_verified_seq = True
DeepTMHMM_class = GLOB
structure_exists = 1.0
sequence_matches_structure = False

Attempting prediction for YFR024C-A
No prediction will be run:
has_verified_seq = True
DeepTMHMM_class = GLOB
structure_exists = 1.0
sequence_matches_structure = False

Attempting prediction for YJL171C
No prediction will be run:
has_verified_seq = True
DeepTMHMM_class = SP
structure_exists = 1.0
sequence_matches_structure = False

Attempting prediction for YGL200C
No prediction will be run:
has_verified_seq = True
DeepTMHMM_class = SP+TM
structure_exists = 1.0
sequence_matches_structure = False

Attempting prediction for YKL065C
No prediction will be run:
has_verified_seq = True
DeepTMHMM_class = TM
structure_exists = 1.0
sequence_matches_structure = False

Attempting prediction for YKL165C
No prediction will be run:
has_verified_seq = True
DeepTMHMM_class = TM
structure_exists = 1.0
sequence_matches_structure = False

Attempting prediction for YLR386W
No prediction will be run:
has_verified_seq = True
DeepTMHMM_class = GLOB
structure_exists = 1.0
sequence_matches_structure = False

Attempting prediction for YML115C
No prediction will be run:
has_verified_seq = True
DeepTMHMM_class = GLOB
structure_exists = 1.0
sequence_matches_structure = False

Attempting prediction for YML067C
No prediction will be run:
has_verified_seq = True
DeepTMHMM_class = TM
structure_exists = 1.0
sequence_matches_structure = False

Attempting prediction for YNL121C
No prediction will be run:
has_verified_seq = True
DeepTMHMM_class = GLOB
structure_exists = 1.0
sequence_matches_structure = False

Attempting prediction for YMR008C
No prediction will be run:
has_verified_seq = True
DeepTMHMM_class = SP
structure_exists = 1.0
sequence_matches_structure = False

Attempting prediction for YOR153W
No prediction will be run:
has_verified_seq = True
DeepTMHMM_class = TM
structure_exists = 1.0
sequence_matches_structure = False

Attempting prediction for YOR016C
No prediction will be run:
has_verified_seq = True
DeepTMHMM_class = SP+TM
structure_exists = 1.0
sequence_matches_structure = False

Attempting prediction for YGR094W
No prediction will be run:
has_verified_seq = True
DeepTMHMM_class = GLOB
structure_exists = 1.0
sequence_matches_structure = False

Attempting prediction for YJL080C
No prediction will be run:
has_verified_seq = True
DeepTMHMM_class = GLOB
structure_exists = 1.0
sequence_matches_structure = False

Attempting prediction for YKL081W
No prediction will be run:
has_verified_seq = True
DeepTMHMM_class = GLOB
structure_exists = 1.0
sequence_matches_structure = False

Attempting prediction for YBR025C
No prediction will be run:
has_verified_seq = True
DeepTMHMM_class = GLOB
structure_exists = 1.0
sequence_matches_structure = False

Attempting prediction for YLR109W
No prediction will be run:
has_verified_seq = True
DeepTMHMM_class = GLOB
structure_exists = 1.0
sequence_matches_structure = False

Attempting prediction for YOL082W
No prediction will be run:
has_verified_seq = True
DeepTMHMM_class = GLOB
structure_exists = 1.0
sequence_matches_structure = False

Attempting prediction for YGL156W
No prediction will be run:
has_verified_seq = True
DeepTMHMM_class = GLOB
structure_exists = 1.0
sequence_matches_structure = False

Attempting prediction for YAL042W
No prediction will be run:
has_verified_seq = True
DeepTMHMM_class = TM
structure_exists = 1.0
sequence_matches_structure = False

Attempting prediction for YAL007C
No prediction will be run:
has_verified_seq = True
DeepTMHMM_class = SP+TM
structure_exists = 1.0
sequence_matches_structure = False

Attempting prediction for YBR187W
No prediction will be run:
has_verified_seq = True
DeepTMHMM_class = SP+TM
structure_exists = 1.0
sequence_matches_structure = False

Attempting prediction for YAR002C-A
No prediction will be run:
has_verified_seq = True
DeepTMHMM_class = SP+TM
structure_exists = 1.0
sequence_matches_structure = False

Attempting prediction for YGL167C
No prediction will be run:
has_verified_seq = True
DeepTMHMM_class = TM
structure_exists = 1.0
sequence_matches_structure = False

Attempting prediction for YBR205W
No prediction will be run:
has_verified_seq = True
DeepTMHMM_class = TM
structure_exists = 1.0
sequence_matches_structure = False

Attempting prediction for YHR034C
No prediction will be run:
has_verified_seq = True
DeepTMHMM_class = GLOB
structure_exists = 1.0
sequence_matches_structure = False

Attempting prediction for YMR038C
No prediction will be run:
has_verified_seq = True
DeepTMHMM_class = GLOB
structure_exists = 1.0
sequence_matches_structure = False

Attempting prediction for YNL208W
No prediction will be run:
has_verified_seq = True
DeepTMHMM_class = GLOB
structure_exists = 1.0
sequence_matches_structure = False

Attempting prediction for YBR096W
No prediction will be run:
has_verified_seq = True
DeepTMHMM_class = TM
structure_exists = 1.0
sequence_matches_structure = False

Attempting prediction for YGL125W
No prediction will be run:
has_verified_seq = True
DeepTMHMM_class = GLOB
structure_exists = 1.0
sequence_matches_structure = False

Attempting prediction for YBR145W
No prediction will be run:
has_verified_seq = True
DeepTMHMM_class = GLOB
structure_exists = 1.0
sequence_matches_structure = False

Attempting prediction for YJR109C
No prediction will be run:
has_verified_seq = True
DeepTMHMM_class = GLOB
structure_exists = 1.0
sequence_matches_structure = False

Attempting prediction for YGL140C
No prediction will be run:
has_verified_seq = True
DeepTMHMM_class = TM
structure_exists = 1.0
sequence_matches_structure = False

Attempting prediction for YOR222W
No prediction will be run:
has_verified_seq = True
DeepTMHMM_class = GLOB
structure_exists = 1.0
sequence_matches_structure = False

Attempting prediction for YLR216C
No prediction will be run:
has_verified_seq = True
DeepTMHMM_class = GLOB
structure_exists = 1.0
sequence_matches_structure = False

Attempting prediction for YMR260C
No prediction will be run:
has_verified_seq = True
DeepTMHMM_class = GLOB
structure_exists = 1.0
sequence_matches_structure = False

Attempting prediction for YPR080W
No prediction will be run:
has_verified_seq = True
DeepTMHMM_class = GLOB
structure_exists = 1.0
sequence_matches_structure = False

Attempting prediction for YLR247C
No prediction will be run:
has_verified_seq = True
DeepTMHMM_class = GLOB
structure_exists = 1.0
sequence_matches_structure = False

Attempting prediction for YDR172W
No prediction will be run:
has_verified_seq = True
DeepTMHMM_class = GLOB
structure_exists = 1.0
sequence_matches_structure = False

Attempting prediction for YJL001W
No prediction will be run:
has_verified_seq = True
DeepTMHMM_class = GLOB
structure_exists = 1.0
sequence_matches_structure = False

Attempting prediction for YER094C
No prediction will be run:
has_verified_seq = True
DeepTMHMM_class = GLOB
structure_exists = 1.0
sequence_matches_structure = False

Attempting prediction for YPR131C
No prediction will be run:
has_verified_seq = True
DeepTMHMM_class = GLOB
structure_exists = 1.0
sequence_matches_structure = False

Attempting prediction for YHL034C
No prediction will be run:
has_verified_seq = True
DeepTMHMM_class = GLOB
structure_exists = 1.0
sequence_matches_structure = False

Attempting prediction for YJL063C
No prediction will be run:
has_verified_seq = True
DeepTMHMM_class = GLOB
structure_exists = 1.0
sequence_matches_structure = False

Attempting prediction for YDR237W
No prediction will be run:
has_verified_seq = True
DeepTMHMM_class = GLOB
structure_exists = 1.0
sequence_matches_structure = False

Attempting prediction for YJR145C;YHR203C
No prediction will be run:
has_verified_seq = False
DeepTMHMM_class = nan
structure_exists = nan
sequence_matches_structure = False

Attempting prediction for YJL096W
No prediction will be run:
has_verified_seq = True
DeepTMHMM_class = GLOB
structure_exists = 1.0
sequence_matches_structure = False

Attempting prediction for YKL170W
No prediction will be run:
has_verified_seq = True
DeepTMHMM_class = GLOB
structure_exists = 1.0
sequence_matches_structure = False

Attempting prediction for YKL138C
No prediction will be run:
has_verified_seq = True
DeepTMHMM_class = GLOB
structure_exists = 1.0
sequence_matches_structure = False

Attempting prediction for YKR085C
No prediction will be run:
has_verified_seq = True
DeepTMHMM_class = GLOB
structure_exists = 1.0
sequence_matches_structure = False

Attempting prediction for YKR006C
No prediction will be run:
has_verified_seq = True
DeepTMHMM_class = GLOB
structure_exists = 1.0
sequence_matches_structure = False

Attempting prediction for YML009C
No prediction will be run:
has_verified_seq = True
DeepTMHMM_class = GLOB
structure_exists = 1.0
sequence_matches_structure = False

Attempting prediction for YLR196W
No prediction will be run:
has_verified_seq = True
DeepTMHMM_class = GLOB
structure_exists = 1.0
sequence_matches_structure = False

Attempting prediction for YMR024W
No prediction will be run:
has_verified_seq = True
DeepTMHMM_class = GLOB
structure_exists = 1.0
sequence_matches_structure = False

Attempting prediction for YML025C
No prediction will be run:
has_verified_seq = True
DeepTMHMM_class = GLOB
structure_exists = 1.0
sequence_matches_structure = False

Attempting prediction for YNL005C
No prediction will be run:
has_verified_seq = True
DeepTMHMM_class = GLOB
structure_exists = 1.0
sequence_matches_structure = False

Attempting prediction for YMR286W
No prediction will be run:
has_verified_seq = True
DeepTMHMM_class = GLOB
structure_exists = 1.0
sequence_matches_structure = False

Attempting prediction for YNL252C
No prediction will be run:
has_verified_seq = True
DeepTMHMM_class = GLOB
structure_exists = 1.0
sequence_matches_structure = False

Attempting prediction for YNL177C
No prediction will be run:
has_verified_seq = True
DeepTMHMM_class = GLOB
structure_exists = 1.0
sequence_matches_structure = False

Attempting prediction for YNR022C
No prediction will be run:
has_verified_seq = True
DeepTMHMM_class = GLOB
structure_exists = 1.0
sequence_matches_structure = False

Attempting prediction for YNL284C
No prediction will be run:
has_verified_seq = True
DeepTMHMM_class = GLOB
structure_exists = 1.0
sequence_matches_structure = False

Attempting prediction for YOR017W
No prediction will be run:
has_verified_seq = True
DeepTMHMM_class = GLOB
structure_exists = 1.0
sequence_matches_structure = False

Attempting prediction for YOL041C
No prediction will be run:
has_verified_seq = True
DeepTMHMM_class = GLOB
structure_exists = 1.0
sequence_matches_structure = False

Attempting prediction for YPL173W
No prediction will be run:
has_verified_seq = True
DeepTMHMM_class = GLOB
structure_exists = 1.0
sequence_matches_structure = False

Attempting prediction for YOR150W
No prediction will be run:
has_verified_seq = True
DeepTMHMM_class = GLOB
structure_exists = 1.0
sequence_matches_structure = False

Attempting prediction for YER165W
No prediction will be run:
has_verified_seq = True
DeepTMHMM_class = GLOB
structure_exists = 1.0
sequence_matches_structure = False

Attempting prediction for YGL049C
No prediction will be run:
has_verified_seq = True
DeepTMHMM_class = GLOB
structure_exists = 1.0
sequence_matches_structure = False

Attempting prediction for YGR162W
No prediction will be run:
has_verified_seq = True
DeepTMHMM_class = GLOB
structure_exists = 1.0
sequence_matches_structure = False

Attempting prediction for YGL094C
No prediction will be run:
has_verified_seq = True
DeepTMHMM_class = GLOB
structure_exists = 1.0
sequence_matches_structure = False

Attempting prediction for YJL186W
No prediction will be run:
has_verified_seq = True
DeepTMHMM_class = TM
structure_exists = 1.0
sequence_matches_structure = False

Attempting prediction for YJL002C
No prediction will be run:
has_verified_seq = True
DeepTMHMM_class = SP+TM
structure_exists = 1.0
sequence_matches_structure = False

Attempting prediction for YMR193W
No prediction will be run:
has_verified_seq = True
DeepTMHMM_class = GLOB
structure_exists = 1.0
sequence_matches_structure = False

Attempting prediction for YKL025C
No prediction will be run:
has_verified_seq = True
DeepTMHMM_class = GLOB
structure_exists = 1.0
sequence_matches_structure = False

Attempting prediction for YGR076C
No prediction will be run:
has_verified_seq = True
DeepTMHMM_class = GLOB
structure_exists = 1.0
sequence_matches_structure = False

Attempting prediction for YGL068W
No prediction will be run:
has_verified_seq = True
DeepTMHMM_class = GLOB
structure_exists = 1.0
sequence_matches_structure = False

Attempting prediction for YGR220C
No prediction will be run:
has_verified_seq = True
DeepTMHMM_class = GLOB
structure_exists = 1.0
sequence_matches_structure = False

Attempting prediction for YMR098C
No prediction will be run:
has_verified_seq = True
DeepTMHMM_class = GLOB
structure_exists = 1.0
sequence_matches_structure = False

Attempting prediction for YNL185C
No prediction will be run:
has_verified_seq = True
DeepTMHMM_class = GLOB
structure_exists = 1.0
sequence_matches_structure = False

Attempting prediction for YBR082C
No prediction will be run:
has_verified_seq = True
DeepTMHMM_class = GLOB
structure_exists = 1.0
sequence_matches_structure = False

Attempting prediction for YDR214W
No prediction will be run:
has_verified_seq = True
DeepTMHMM_class = GLOB
structure_exists = 1.0
sequence_matches_structure = False

Attempting prediction for YCR093W
No prediction will be run:
has_verified_seq = True
DeepTMHMM_class = GLOB
structure_exists = 1.0
sequence_matches_structure = False

Attempting prediction for YER168C
No prediction will be run:
has_verified_seq = True
DeepTMHMM_class = GLOB
structure_exists = 1.0
sequence_matches_structure = False

Attempting prediction for YER068W
No prediction will be run:
has_verified_seq = True
DeepTMHMM_class = GLOB
structure_exists = 1.0
sequence_matches_structure = False

Attempting prediction for YMR235C
No prediction will be run:
has_verified_seq = True
DeepTMHMM_class = GLOB
structure_exists = 1.0
sequence_matches_structure = False

Attempting prediction for YKL010C
No prediction will be run:
has_verified_seq = True
DeepTMHMM_class = GLOB
structure_exists = 1.0
sequence_matches_structure = False

Attempting prediction for YKR059W
No prediction will be run:
has_verified_seq = True
DeepTMHMM_class = GLOB
structure_exists = 1.0
sequence_matches_structure = False

Attempting prediction for YJL138C
No prediction will be run:
has_verified_seq = True
DeepTMHMM_class = GLOB
structure_exists = 1.0
sequence_matches_structure = False

Attempting prediction for YDL084W
No prediction will be run:
has_verified_seq = True
DeepTMHMM_class = GLOB
structure_exists = 1.0
sequence_matches_structure = False

Attempting prediction for YDL140C
No prediction will be run:
has_verified_seq = True
DeepTMHMM_class = GLOB
structure_exists = 1.0
sequence_matches_structure = False

Attempting prediction for YOR046C
No prediction will be run:
has_verified_seq = True
DeepTMHMM_class = GLOB
structure_exists = 1.0
sequence_matches_structure = False

Attempting prediction for YKL190W
No prediction will be run:
has_verified_seq = True
DeepTMHMM_class = GLOB
structure_exists = 1.0
sequence_matches_structure = False

Attempting prediction for YBR022W
No prediction will be run:
has_verified_seq = True
DeepTMHMM_class = GLOB
structure_exists = 1.0
sequence_matches_structure = False

Attempting prediction for YBR017C
No prediction will be run:
has_verified_seq = True
DeepTMHMM_class = GLOB
structure_exists = 1.0
sequence_matches_structure = False

Attempting prediction for YBR080C
No prediction will be run:
has_verified_seq = True
DeepTMHMM_class = GLOB
structure_exists = 1.0
sequence_matches_structure = False

Attempting prediction for YBR214W
No prediction will be run:
has_verified_seq = True
DeepTMHMM_class = GLOB
structure_exists = 1.0
sequence_matches_structure = False

Attempting prediction for YBR143C
No prediction will be run:
has_verified_seq = True
DeepTMHMM_class = GLOB
structure_exists = 1.0
sequence_matches_structure = False

Attempting prediction for YDL160C
No prediction will be run:
has_verified_seq = True
DeepTMHMM_class = GLOB
structure_exists = 1.0
sequence_matches_structure = False

Attempting prediction for YDL022W
No prediction will be run:
has_verified_seq = True
DeepTMHMM_class = GLOB
structure_exists = 1.0
sequence_matches_structure = False

Attempting prediction for YDL192W
No prediction will be run:
has_verified_seq = True
DeepTMHMM_class = GLOB
structure_exists = 1.0
sequence_matches_structure = False

Attempting prediction for YDR408C
No prediction will be run:
has_verified_seq = True
DeepTMHMM_class = GLOB
structure_exists = 1.0
sequence_matches_structure = False

Attempting prediction for YDR341C
No prediction will be run:
has_verified_seq = True
DeepTMHMM_class = GLOB
structure_exists = 1.0
sequence_matches_structure = False

Attempting prediction for YER086W
No prediction will be run:
has_verified_seq = True
DeepTMHMM_class = GLOB
structure_exists = 1.0
sequence_matches_structure = False

Attempting prediction for YGR173W
No prediction will be run:
has_verified_seq = True
DeepTMHMM_class = GLOB
structure_exists = 1.0
sequence_matches_structure = False

Attempting prediction for YFL037W
No prediction will be run:
has_verified_seq = True
DeepTMHMM_class = GLOB
structure_exists = 1.0
sequence_matches_structure = False

Attempting prediction for YHL011C
No prediction will be run:
has_verified_seq = True
DeepTMHMM_class = GLOB
structure_exists = 1.0
sequence_matches_structure = False

Attempting prediction for YGR175C
No prediction will be run:
has_verified_seq = True
DeepTMHMM_class = GLOB
structure_exists = 1.0
sequence_matches_structure = False

Attempting prediction for YIL094C
No prediction will be run:
has_verified_seq = True
DeepTMHMM_class = GLOB
structure_exists = 1.0
sequence_matches_structure = False

Attempting prediction for YKL196C
No prediction will be run:
has_verified_seq = True
DeepTMHMM_class = GLOB
structure_exists = 1.0
sequence_matches_structure = False

Attempting prediction for YJR072C
No prediction will be run:
has_verified_seq = True
DeepTMHMM_class = GLOB
structure_exists = 1.0
sequence_matches_structure = False

Attempting prediction for YKR080W
No prediction will be run:
has_verified_seq = True
DeepTMHMM_class = GLOB
structure_exists = 1.0
sequence_matches_structure = False

Attempting prediction for YLR113W
No prediction will be run:
has_verified_seq = True
DeepTMHMM_class = GLOB
structure_exists = 1.0
sequence_matches_structure = False

Attempting prediction for YLL026W
No prediction will be run:
has_verified_seq = True
DeepTMHMM_class = GLOB
structure_exists = 1.0
sequence_matches_structure = False

Attempting prediction for YLR270W
No prediction will be run:
has_verified_seq = True
DeepTMHMM_class = GLOB
structure_exists = 1.0
sequence_matches_structure = False

Attempting prediction for YLR180W
No prediction will be run:
has_verified_seq = True
DeepTMHMM_class = GLOB
structure_exists = 1.0
sequence_matches_structure = False

Attempting prediction for YMR186W
No prediction will be run:
has_verified_seq = True
DeepTMHMM_class = GLOB
structure_exists = 1.0
sequence_matches_structure = False

Attempting prediction for YNL129W
No prediction will be run:
has_verified_seq = True
DeepTMHMM_class = GLOB
structure_exists = 1.0
sequence_matches_structure = False

Attempting prediction for YNL016W
No prediction will be run:
has_verified_seq = True
DeepTMHMM_class = GLOB
structure_exists = 1.0
sequence_matches_structure = False

Attempting prediction for YPL010W
No prediction will be run:
has_verified_seq = True
DeepTMHMM_class = GLOB
structure_exists = 1.0
sequence_matches_structure = False

Attempting prediction for YNL307C
No prediction will be run:
has_verified_seq = True
DeepTMHMM_class = GLOB
structure_exists = 1.0
sequence_matches_structure = False

Attempting prediction for YPL240C
No prediction will be run:
has_verified_seq = True
DeepTMHMM_class = GLOB
structure_exists = 1.0
sequence_matches_structure = False

Attempting prediction for YPL218W
No prediction will be run:
has_verified_seq = True
DeepTMHMM_class = GLOB
structure_exists = 1.0
sequence_matches_structure = False

Attempting prediction for YOL142W
No prediction will be run:
has_verified_seq = True
DeepTMHMM_class = GLOB
structure_exists = 1.0
sequence_matches_structure = False

Attempting prediction for YHR103W
No prediction will be run:
has_verified_seq = True
DeepTMHMM_class = GLOB
structure_exists = 1.0
sequence_matches_structure = False

Attempting prediction for YER073W
No prediction will be run:
has_verified_seq = True
DeepTMHMM_class = GLOB
structure_exists = 1.0
sequence_matches_structure = False

Attempting prediction for YJR024C
No prediction will be run:
has_verified_seq = True
DeepTMHMM_class = GLOB
structure_exists = 1.0
sequence_matches_structure = False

Attempting prediction for YLR089C
No prediction will be run:
has_verified_seq = True
DeepTMHMM_class = GLOB
structure_exists = 1.0
sequence_matches_structure = False

Attempting prediction for YKL120W
No prediction will be run:
has_verified_seq = True
DeepTMHMM_class = TM
structure_exists = 1.0
sequence_matches_structure = False

Attempting prediction for YMR108W
No prediction will be run:
has_verified_seq = True
DeepTMHMM_class = GLOB
structure_exists = 1.0
sequence_matches_structure = False

Attempting prediction for YOL096C
No prediction will be run:
has_verified_seq = True
DeepTMHMM_class = GLOB
structure_exists = 1.0
sequence_matches_structure = False

Attempting prediction for YOR136W
No prediction will be run:
has_verified_seq = True
DeepTMHMM_class = GLOB
structure_exists = 1.0
sequence_matches_structure = False

Attempting prediction for YKL126W
No prediction will be run:
has_verified_seq = True
DeepTMHMM_class = GLOB
structure_exists = 1.0
sequence_matches_structure = False

Attempting prediction for YNL064C
No prediction will be run:
has_verified_seq = True
DeepTMHMM_class = GLOB
structure_exists = 1.0
sequence_matches_structure = False

Attempting prediction for YPL225W
No prediction will be run:
has_verified_seq = True
DeepTMHMM_class = GLOB
structure_exists = 1.0
sequence_matches_structure = False

Attempting prediction for YDL190C
No prediction will be run:
has_verified_seq = True
DeepTMHMM_class = GLOB
structure_exists = 1.0
sequence_matches_structure = False

Attempting prediction for YEL022W
No prediction will be run:
has_verified_seq = True
DeepTMHMM_class = GLOB
structure_exists = 1.0
sequence_matches_structure = False

Attempting prediction for YDR129C
No prediction will be run:
has_verified_seq = True
DeepTMHMM_class = GLOB
structure_exists = 1.0
sequence_matches_structure = False

Attempting prediction for YGR218W
No prediction will be run:
has_verified_seq = True
DeepTMHMM_class = GLOB
structure_exists = 1.0
sequence_matches_structure = False

Attempting prediction for YIL156W-B
No prediction will be run:
has_verified_seq = True
DeepTMHMM_class = SP
structure_exists = 1.0
sequence_matches_structure = False

Attempting prediction for YLR268W
No prediction will be run:
has_verified_seq = True
DeepTMHMM_class = TM
structure_exists = 1.0
sequence_matches_structure = False

Attempting prediction for YJR077C
No prediction will be run:
has_verified_seq = True
DeepTMHMM_class = GLOB
structure_exists = 1.0
sequence_matches_structure = False

Attempting prediction for YMR145C
No prediction will be run:
has_verified_seq = True
DeepTMHMM_class = GLOB
structure_exists = 1.0
sequence_matches_structure = False

Attempting prediction for YOR075W
No prediction will be run:
has_verified_seq = True
DeepTMHMM_class = TM
structure_exists = 1.0
sequence_matches_structure = False

Attempting prediction for YPL063W
No prediction will be run:
has_verified_seq = True
DeepTMHMM_class = GLOB
structure_exists = 1.0
sequence_matches_structure = False

Attempting prediction for YBR122C
No prediction will be run:
has_verified_seq = True
DeepTMHMM_class = GLOB
structure_exists = 1.0
sequence_matches_structure = False

Attempting prediction for YBL038W
No prediction will be run:
has_verified_seq = True
DeepTMHMM_class = GLOB
structure_exists = 1.0
sequence_matches_structure = False

Attempting prediction for YDR041W
No prediction will be run:
has_verified_seq = True
DeepTMHMM_class = GLOB
structure_exists = 1.0
sequence_matches_structure = False

Attempting prediction for YCR071C
No prediction will be run:
has_verified_seq = True
DeepTMHMM_class = GLOB
structure_exists = 1.0
sequence_matches_structure = False

Attempting prediction for YDR116C
No prediction will be run:
has_verified_seq = True
DeepTMHMM_class = GLOB
structure_exists = 1.0
sequence_matches_structure = False

Attempting prediction for YDR322W
No prediction will be run:
has_verified_seq = True
DeepTMHMM_class = GLOB
structure_exists = 1.0
sequence_matches_structure = False

Attempting prediction for YDR296W
No prediction will be run:
has_verified_seq = True
DeepTMHMM_class = GLOB
structure_exists = 1.0
sequence_matches_structure = False

Attempting prediction for YEL050C
No prediction will be run:
has_verified_seq = True
DeepTMHMM_class = GLOB
structure_exists = 1.0
sequence_matches_structure = False

Attempting prediction for YDR462W
No prediction will be run:
has_verified_seq = True
DeepTMHMM_class = GLOB
structure_exists = 1.0
sequence_matches_structure = False

Attempting prediction for YLR312W-A
No prediction will be run:
has_verified_seq = True
DeepTMHMM_class = GLOB
structure_exists = 1.0
sequence_matches_structure = False

Attempting prediction for YNL047C
No prediction will be run:
has_verified_seq = True
DeepTMHMM_class = GLOB
structure_exists = 1.0
sequence_matches_structure = False

Attempting prediction for YNR039C
No prediction will be run:
has_verified_seq = True
DeepTMHMM_class = TM
structure_exists = 1.0
sequence_matches_structure = False

Attempting prediction for YFR033C
No prediction will be run:
has_verified_seq = True
DeepTMHMM_class = GLOB
structure_exists = 1.0
sequence_matches_structure = False

Attempting prediction for Q0250
No prediction will be run:
has_verified_seq = True
DeepTMHMM_class = TM
structure_exists = 1.0
sequence_matches_structure = False

Attempting prediction for YLR298C
No prediction will be run:
has_verified_seq = True
DeepTMHMM_class = GLOB
structure_exists = 1.0
sequence_matches_structure = False

Attempting prediction for YGL191W
No prediction will be run:
has_verified_seq = True
DeepTMHMM_class = TM
structure_exists = 1.0
sequence_matches_structure = False

Attempting prediction for YGL187C
No prediction will be run:
has_verified_seq = True
DeepTMHMM_class = GLOB
structure_exists = 1.0
sequence_matches_structure = False

Attempting prediction for YHR001W-A
No prediction will be run:
has_verified_seq = True
DeepTMHMM_class = TM
structure_exists = 1.0
sequence_matches_structure = False

Attempting prediction for YGR132C
No prediction will be run:
has_verified_seq = True
DeepTMHMM_class = TM
structure_exists = 1.0
sequence_matches_structure = False

Attempting prediction for YIL111W
No prediction will be run:
has_verified_seq = True
DeepTMHMM_class = TM
structure_exists = 1.0
sequence_matches_structure = False

Attempting prediction for YHR051W
No prediction will be run:
has_verified_seq = True
DeepTMHMM_class = GLOB
structure_exists = 1.0
sequence_matches_structure = False

Attempting prediction for YKR016W
No prediction will be run:
has_verified_seq = True
DeepTMHMM_class = GLOB
structure_exists = 1.0
sequence_matches_structure = False

Attempting prediction for YJL166W
No prediction will be run:
has_verified_seq = True
DeepTMHMM_class = TM
structure_exists = 1.0
sequence_matches_structure = False

Attempting prediction for YLR356W
No prediction will be run:
has_verified_seq = True
DeepTMHMM_class = TM
structure_exists = 1.0
sequence_matches_structure = False

Attempting prediction for YLR038C
No prediction will be run:
has_verified_seq = True
DeepTMHMM_class = GLOB
structure_exists = 1.0
sequence_matches_structure = False

Attempting prediction for YNL052W
No prediction will be run:
has_verified_seq = True
DeepTMHMM_class = TM
structure_exists = 1.0
sequence_matches_structure = False

Attempting prediction for YMR089C
No prediction will be run:
has_verified_seq = True
DeepTMHMM_class = TM
structure_exists = 1.0
sequence_matches_structure = False

Attempting prediction for YNR018W
No prediction will be run:
has_verified_seq = True
DeepTMHMM_class = TM
structure_exists = 1.0
sequence_matches_structure = False

Attempting prediction for YNL055C
No prediction will be run:
has_verified_seq = True
DeepTMHMM_class = GLOB
structure_exists = 1.0
sequence_matches_structure = False

Attempting prediction for YPR191W
No prediction will be run:
has_verified_seq = True
DeepTMHMM_class = GLOB
structure_exists = 1.0
sequence_matches_structure = False

Attempting prediction for YOR065W
No prediction will be run:
has_verified_seq = True
DeepTMHMM_class = TM
structure_exists = 1.0
sequence_matches_structure = False

Attempting prediction for YDR529C
No prediction will be run:
has_verified_seq = True
DeepTMHMM_class = GLOB
structure_exists = 1.0
sequence_matches_structure = False

Attempting prediction for YCL057C-A
No prediction will be run:
has_verified_seq = True
DeepTMHMM_class = TM
structure_exists = 1.0
sequence_matches_structure = False

Attempting prediction for YEL024W
No prediction will be run:
has_verified_seq = True
DeepTMHMM_class = GLOB
structure_exists = 1.0
sequence_matches_structure = False

Attempting prediction for YDL067C
No prediction will be run:
has_verified_seq = True
DeepTMHMM_class = TM
structure_exists = 1.0
sequence_matches_structure = False

Attempting prediction for YGR012W
No prediction will be run:
has_verified_seq = True
DeepTMHMM_class = GLOB
structure_exists = 1.0
sequence_matches_structure = False

Attempting prediction for YGR231C
No prediction will be run:
has_verified_seq = True
DeepTMHMM_class = TM
structure_exists = 1.0
sequence_matches_structure = False

Attempting prediction for YHR003C
No prediction will be run:
has_verified_seq = True
DeepTMHMM_class = GLOB
structure_exists = 1.0
sequence_matches_structure = False

Attempting prediction for YJL207C
No prediction will be run:
has_verified_seq = True
DeepTMHMM_class = GLOB
structure_exists = 1.0
sequence_matches_structure = False

Attempting prediction for YMR203W
No prediction will be run:
has_verified_seq = True
DeepTMHMM_class = GLOB
structure_exists = 1.0
sequence_matches_structure = False

Attempting prediction for YER017C
No prediction will be run:
has_verified_seq = True
DeepTMHMM_class = TM
structure_exists = 1.0
sequence_matches_structure = False

Attempting prediction for YBL030C
No prediction will be run:
has_verified_seq = True
DeepTMHMM_class = TM
structure_exists = 1.0
sequence_matches_structure = False

Attempting prediction for YPL078C
No prediction will be run:
has_verified_seq = True
DeepTMHMM_class = TM
structure_exists = 1.0
sequence_matches_structure = False

Attempting prediction for YKL016C
No prediction will be run:
has_verified_seq = True
DeepTMHMM_class = GLOB
structure_exists = 1.0
sequence_matches_structure = False

Attempting prediction for Q0045
No prediction will be run:
has_verified_seq = True
DeepTMHMM_class = TM
structure_exists = 1.0
sequence_matches_structure = False

Attempting prediction for YOR271C
No prediction will be run:
has_verified_seq = True
DeepTMHMM_class = TM
structure_exists = 1.0
sequence_matches_structure = False

Attempting prediction for YBR039W
No prediction will be run:
has_verified_seq = True
DeepTMHMM_class = GLOB
structure_exists = 1.0
sequence_matches_structure = False

Attempting prediction for Q0085
No prediction will be run:
has_verified_seq = True
DeepTMHMM_class = TM
structure_exists = 1.0
sequence_matches_structure = False

Attempting prediction for YDL004W
No prediction will be run:
has_verified_seq = True
DeepTMHMM_class = GLOB
structure_exists = 1.0
sequence_matches_structure = False

Attempting prediction for YDR298C
No prediction will be run:
has_verified_seq = True
DeepTMHMM_class = GLOB
structure_exists = 1.0
sequence_matches_structure = False

Attempting prediction for YDL181W
No prediction will be run:
has_verified_seq = True
DeepTMHMM_class = GLOB
structure_exists = 1.0
sequence_matches_structure = False

Attempting prediction for YDR322C-A
No prediction will be run:
has_verified_seq = True
DeepTMHMM_class = GLOB
structure_exists = 1.0
sequence_matches_structure = False

Attempting prediction for YFR011C
No prediction will be run:
has_verified_seq = True
DeepTMHMM_class = GLOB
structure_exists = 1.0
sequence_matches_structure = False

Attempting prediction for YJR121W
No prediction will be run:
has_verified_seq = True
DeepTMHMM_class = GLOB
structure_exists = 1.0
sequence_matches_structure = False

Attempting prediction for YKR049C
No prediction will be run:
has_verified_seq = True
DeepTMHMM_class = GLOB
structure_exists = 1.0
sequence_matches_structure = False

Attempting prediction for YLR295C
No prediction will be run:
has_verified_seq = True
DeepTMHMM_class = GLOB
structure_exists = 1.0
sequence_matches_structure = False

Attempting prediction for YML081C-A
No prediction will be run:
has_verified_seq = True
DeepTMHMM_class = TM
structure_exists = 1.0
sequence_matches_structure = False

Attempting prediction for YMR003W
No prediction will be run:
has_verified_seq = True
DeepTMHMM_class = TM
structure_exists = 1.0
sequence_matches_structure = False

Attempting prediction for YNL131W
No prediction will be run:
has_verified_seq = True
DeepTMHMM_class = TM
structure_exists = 1.0
sequence_matches_structure = False

Attempting prediction for YOL077W-A
No prediction will be run:
has_verified_seq = True
DeepTMHMM_class = GLOB
structure_exists = 1.0
sequence_matches_structure = False

Attempting prediction for YPR020W
No prediction will be run:
has_verified_seq = True
DeepTMHMM_class = TM
structure_exists = 1.0
sequence_matches_structure = False

Attempting prediction for YPL271W
No prediction will be run:
has_verified_seq = True
DeepTMHMM_class = GLOB
structure_exists = 1.0
sequence_matches_structure = False

Attempting prediction for YDL174C
No prediction will be run:
has_verified_seq = True
DeepTMHMM_class = GLOB
structure_exists = 1.0
sequence_matches_structure = False

Attempting prediction for YHR079C
No prediction will be run:
has_verified_seq = True
DeepTMHMM_class = SP+TM
structure_exists = 1.0
sequence_matches_structure = False

Attempting prediction for YIL077C
No prediction will be run:
has_verified_seq = True
DeepTMHMM_class = TM
structure_exists = 1.0
sequence_matches_structure = False

Attempting prediction for YLR090W
No prediction will be run:
has_verified_seq = True
DeepTMHMM_class = GLOB
structure_exists = 1.0
sequence_matches_structure = False

Attempting prediction for YAL010C
No prediction will be run:
has_verified_seq = True
DeepTMHMM_class = GLOB
structure_exists = 1.0
sequence_matches_structure = False

Attempting prediction for YER154W
No prediction will be run:
has_verified_seq = True
DeepTMHMM_class = TM
structure_exists = 1.0
sequence_matches_structure = False

Attempting prediction for YKL027W
No prediction will be run:
has_verified_seq = True
DeepTMHMM_class = GLOB
structure_exists = 1.0
sequence_matches_structure = False

Attempting prediction for YDR430C
No prediction will be run:
has_verified_seq = True
DeepTMHMM_class = GLOB
structure_exists = 1.0
sequence_matches_structure = False

Attempting prediction for YHR147C
No prediction will be run:
has_verified_seq = True
DeepTMHMM_class = GLOB
structure_exists = 1.0
sequence_matches_structure = False

Attempting prediction for YGR207C
No prediction will be run:
has_verified_seq = True
DeepTMHMM_class = GLOB
structure_exists = 1.0
sequence_matches_structure = False

Attempting prediction for YJR080C
No prediction will be run:
has_verified_seq = True
DeepTMHMM_class = GLOB
structure_exists = 1.0
sequence_matches_structure = False

Attempting prediction for YJR045C
No prediction will be run:
has_verified_seq = True
DeepTMHMM_class = GLOB
structure_exists = 1.0
sequence_matches_structure = False

Attempting prediction for YLR355C
No prediction will be run:
has_verified_seq = True
DeepTMHMM_class = GLOB
structure_exists = 1.0
sequence_matches_structure = False

Attempting prediction for YMR083W
No prediction will be run:
has_verified_seq = True
DeepTMHMM_class = GLOB
structure_exists = 1.0
sequence_matches_structure = False

Attempting prediction for YOR125C
No prediction will be run:
has_verified_seq = True
DeepTMHMM_class = GLOB
structure_exists = 1.0
sequence_matches_structure = False

Attempting prediction for YMR241W
No prediction will be run:
has_verified_seq = True
DeepTMHMM_class = GLOB
structure_exists = 1.0
sequence_matches_structure = False

Attempting prediction for YLR259C
No prediction will be run:
has_verified_seq = True
DeepTMHMM_class = GLOB
structure_exists = 1.0
sequence_matches_structure = False

Attempting prediction for YCL044C
No prediction will be run:
has_verified_seq = True
DeepTMHMM_class = GLOB
structure_exists = 1.0
sequence_matches_structure = False

Attempting prediction for YGL153W
No prediction will be run:
has_verified_seq = True
DeepTMHMM_class = GLOB
structure_exists = 1.0
sequence_matches_structure = False

Attempting prediction for YKL148C
No prediction will be run:
has_verified_seq = True
DeepTMHMM_class = GLOB
structure_exists = 1.0
sequence_matches_structure = False

Attempting prediction for YIL125W
No prediction will be run:
has_verified_seq = True
DeepTMHMM_class = GLOB
structure_exists = 1.0
sequence_matches_structure = False

Attempting prediction for YLL041C
No prediction will be run:
has_verified_seq = True
DeepTMHMM_class = GLOB
structure_exists = 1.0
sequence_matches_structure = False

Attempting prediction for YPL132W
No prediction will be run:
has_verified_seq = True
DeepTMHMM_class = TM
structure_exists = 1.0
sequence_matches_structure = False

Attempting prediction for YDR075W
No prediction will be run:
has_verified_seq = True
DeepTMHMM_class = GLOB
structure_exists = 1.0
sequence_matches_structure = False

Attempting prediction for YNL201C
No prediction will be run:
has_verified_seq = True
DeepTMHMM_class = GLOB
structure_exists = 1.0
sequence_matches_structure = False

Attempting prediction for YOR390W;YPL279C
No prediction will be run:
has_verified_seq = False
DeepTMHMM_class = nan
structure_exists = nan
sequence_matches_structure = False

Attempting prediction for YBL046W
No prediction will be run:
has_verified_seq = True
DeepTMHMM_class = GLOB
structure_exists = 1.0
sequence_matches_structure = False

Attempting prediction for YBL047C
No prediction will be run:
has_verified_seq = True
DeepTMHMM_class = GLOB
structure_exists = 1.0
sequence_matches_structure = False

Attempting prediction for YCR030C
No prediction will be run:
has_verified_seq = True
DeepTMHMM_class = GLOB
structure_exists = 1.0
sequence_matches_structure = False

Attempting prediction for YHR047C
No prediction will be run:
has_verified_seq = True
DeepTMHMM_class = GLOB
structure_exists = 1.0
sequence_matches_structure = False

Attempting prediction for YBL051C
No prediction will be run:
has_verified_seq = True
DeepTMHMM_class = GLOB
structure_exists = 1.0
sequence_matches_structure = False

Attempting prediction for YLR064W
No prediction will be run:
has_verified_seq = True
DeepTMHMM_class = TM
structure_exists = 1.0
sequence_matches_structure = False

Attempting prediction for YBL055C
No prediction will be run:
has_verified_seq = True
DeepTMHMM_class = GLOB
structure_exists = 1.0
sequence_matches_structure = False

Attempting prediction for YMR198W
No prediction will be run:
has_verified_seq = True
DeepTMHMM_class = GLOB
structure_exists = 1.0
sequence_matches_structure = False

Attempting prediction for YDR207C
No prediction will be run:
has_verified_seq = True
DeepTMHMM_class = GLOB
structure_exists = 1.0
sequence_matches_structure = False

Attempting prediction for YNL007C
No prediction will be run:
has_verified_seq = True
DeepTMHMM_class = GLOB
structure_exists = 1.0
sequence_matches_structure = False

Attempting prediction for YPR018W
No prediction will be run:
has_verified_seq = True
DeepTMHMM_class = GLOB
structure_exists = 1.0
sequence_matches_structure = False

Attempting prediction for YNL091W
No prediction will be run:
has_verified_seq = True
DeepTMHMM_class = GLOB
structure_exists = 1.0
sequence_matches_structure = False

Attempting prediction for YBL056W
No prediction will be run:
has_verified_seq = True
DeepTMHMM_class = GLOB
structure_exists = 1.0
sequence_matches_structure = False

Attempting prediction for YGL210W
No prediction will be run:
has_verified_seq = True
DeepTMHMM_class = GLOB
structure_exists = 1.0
sequence_matches_structure = False

Attempting prediction for YDR071C
No prediction will be run:
has_verified_seq = True
DeepTMHMM_class = GLOB
structure_exists = 1.0
sequence_matches_structure = False

Attempting prediction for YGR205W
No prediction will be run:
has_verified_seq = True
DeepTMHMM_class = GLOB
structure_exists = 1.0
sequence_matches_structure = False

Attempting prediction for YBL057C
No prediction will be run:
has_verified_seq = True
DeepTMHMM_class = GLOB
structure_exists = 1.0
sequence_matches_structure = False

Attempting prediction for YDL126C
No prediction will be run:
has_verified_seq = True
DeepTMHMM_class = GLOB
structure_exists = 1.0
sequence_matches_structure = False

Attempting prediction for YBR273C
No prediction will be run:
has_verified_seq = True
DeepTMHMM_class = GLOB
structure_exists = 1.0
sequence_matches_structure = False

Attempting prediction for YBR179C
No prediction will be run:
has_verified_seq = True
DeepTMHMM_class = GLOB
structure_exists = 1.0
sequence_matches_structure = False

Attempting prediction for YDL091C
No prediction will be run:
has_verified_seq = True
DeepTMHMM_class = GLOB
structure_exists = 1.0
sequence_matches_structure = False

Attempting prediction for YBR280C
No prediction will be run:
has_verified_seq = True
DeepTMHMM_class = GLOB
structure_exists = 1.0
sequence_matches_structure = False

Attempting prediction for YDR049W
No prediction will be run:
has_verified_seq = True
DeepTMHMM_class = GLOB
structure_exists = 1.0
sequence_matches_structure = False

Attempting prediction for YDL132W
No prediction will be run:
has_verified_seq = True
DeepTMHMM_class = GLOB
structure_exists = 1.0
sequence_matches_structure = False

Attempting prediction for YDR328C
No prediction will be run:
has_verified_seq = True
DeepTMHMM_class = GLOB
structure_exists = 1.0
sequence_matches_structure = False

Attempting prediction for YDR057W
No prediction will be run:
has_verified_seq = True
DeepTMHMM_class = SP
structure_exists = 1.0
sequence_matches_structure = False

Attempting prediction for YER065C
No prediction will be run:
has_verified_seq = True
DeepTMHMM_class = GLOB
structure_exists = 1.0
sequence_matches_structure = False

Attempting prediction for YDR330W
No prediction will be run:
has_verified_seq = True
DeepTMHMM_class = GLOB
structure_exists = 1.0
sequence_matches_structure = False

Attempting prediction for YFL044C
No prediction will be run:
has_verified_seq = True
DeepTMHMM_class = GLOB
structure_exists = 1.0
sequence_matches_structure = False

Attempting prediction for YER100W
No prediction will be run:
has_verified_seq = True
DeepTMHMM_class = TM
structure_exists = 1.0
sequence_matches_structure = False

Attempting prediction for YGR048W
No prediction will be run:
has_verified_seq = True
DeepTMHMM_class = GLOB
structure_exists = 1.0
sequence_matches_structure = False

Attempting prediction for YIL030C
No prediction will be run:
has_verified_seq = True
DeepTMHMM_class = TM
structure_exists = 1.0
sequence_matches_structure = False

Attempting prediction for YGR119C
No prediction will be run:
has_verified_seq = True
DeepTMHMM_class = GLOB
structure_exists = 1.0
sequence_matches_structure = False

Attempting prediction for YJR092W
No prediction will be run:
has_verified_seq = True
DeepTMHMM_class = GLOB
structure_exists = 1.0
sequence_matches_structure = False

Attempting prediction for YJR090C
No prediction will be run:
has_verified_seq = True
DeepTMHMM_class = GLOB
structure_exists = 1.0
sequence_matches_structure = False

Attempting prediction for YLL039C;YLR167W
No prediction will be run:
has_verified_seq = False
DeepTMHMM_class = nan
structure_exists = nan
sequence_matches_structure = False

Attempting prediction for YKL100C
No prediction will be run:
has_verified_seq = True
DeepTMHMM_class = TM
structure_exists = 1.0
sequence_matches_structure = False

Attempting prediction for YLR207W
No prediction will be run:
has_verified_seq = True
DeepTMHMM_class = SP+TM
structure_exists = 1.0
sequence_matches_structure = False

Attempting prediction for YLR088W
No prediction will be run:
has_verified_seq = True
DeepTMHMM_class = TM
structure_exists = 1.0
sequence_matches_structure = False

Attempting prediction for YML029W
No prediction will be run:
has_verified_seq = True
DeepTMHMM_class = TM
structure_exists = 1.0
sequence_matches_structure = False

Attempting prediction for YML013W
No prediction will be run:
has_verified_seq = True
DeepTMHMM_class = GLOB
structure_exists = 1.0
sequence_matches_structure = False

Attempting prediction for YMR067C
No prediction will be run:
has_verified_seq = True
DeepTMHMM_class = GLOB
structure_exists = 1.0
sequence_matches_structure = False

Attempting prediction for YML088W
No prediction will be run:
has_verified_seq = True
DeepTMHMM_class = GLOB
structure_exists = 1.0
sequence_matches_structure = False

Attempting prediction for YMR119W
No prediction will be run:
has_verified_seq = True
DeepTMHMM_class = TM
structure_exists = 1.0
sequence_matches_structure = False

Attempting prediction for YNL141W
No prediction will be run:
has_verified_seq = True
DeepTMHMM_class = GLOB
structure_exists = 1.0
sequence_matches_structure = False

Attempting prediction for YNL085W
No prediction will be run:
has_verified_seq = True
DeepTMHMM_class = GLOB
structure_exists = 1.0
sequence_matches_structure = False

Attempting prediction for YOR375C
No prediction will be run:
has_verified_seq = True
DeepTMHMM_class = GLOB
structure_exists = 1.0
sequence_matches_structure = False

Attempting prediction for YOL013C
No prediction will be run:
has_verified_seq = True
DeepTMHMM_class = TM
structure_exists = 1.0
sequence_matches_structure = False

Attempting prediction for YOR157C
No prediction will be run:
has_verified_seq = True
DeepTMHMM_class = GLOB
structure_exists = 1.0
sequence_matches_structure = False

Attempting prediction for YBL058W
No prediction will be run:
has_verified_seq = True
DeepTMHMM_class = GLOB
structure_exists = 1.0
sequence_matches_structure = False

Attempting prediction for YBR170C
No prediction will be run:
has_verified_seq = True
DeepTMHMM_class = GLOB
structure_exists = 1.0
sequence_matches_structure = False

Attempting prediction for YBR056W
No prediction will be run:
has_verified_seq = True
DeepTMHMM_class = GLOB
structure_exists = 1.0
sequence_matches_structure = False

Attempting prediction for YHR132W-A
No prediction will be run:
has_verified_seq = True
DeepTMHMM_class = GLOB
structure_exists = 1.0
sequence_matches_structure = False

Attempting prediction for YOR048C
No prediction will be run:
has_verified_seq = True
DeepTMHMM_class = GLOB
structure_exists = 1.0
sequence_matches_structure = False

Attempting prediction for YBL059C-A
No prediction will be run:
has_verified_seq = True
DeepTMHMM_class = GLOB
structure_exists = 1.0
sequence_matches_structure = False

Attempting prediction for YBL063W
No prediction will be run:
has_verified_seq = True
DeepTMHMM_class = GLOB
structure_exists = 1.0
sequence_matches_structure = False

Attempting prediction for YBL036C
No prediction will be run:
has_verified_seq = True
DeepTMHMM_class = GLOB
structure_exists = 1.0
sequence_matches_structure = False

Attempting prediction for YDR036C
No prediction will be run:
has_verified_seq = True
DeepTMHMM_class = GLOB
structure_exists = 1.0
sequence_matches_structure = False

Attempting prediction for YER136W
No prediction will be run:
has_verified_seq = True
DeepTMHMM_class = GLOB
structure_exists = 1.0
sequence_matches_structure = False

Attempting prediction for YDR304C
No prediction will be run:
has_verified_seq = True
DeepTMHMM_class = SP
structure_exists = 1.0
sequence_matches_structure = False

Attempting prediction for YBL060W
No prediction will be run:
has_verified_seq = True
DeepTMHMM_class = GLOB
structure_exists = 1.0
sequence_matches_structure = False

Attempting prediction for YBL064C
No prediction will be run:
has_verified_seq = True
DeepTMHMM_class = GLOB
structure_exists = 1.0
sequence_matches_structure = False

Attempting prediction for YPL059W
No prediction will be run:
has_verified_seq = True
DeepTMHMM_class = GLOB
structure_exists = 1.0
sequence_matches_structure = False

Attempting prediction for YJR016C
No prediction will be run:
has_verified_seq = True
DeepTMHMM_class = GLOB
structure_exists = 1.0
sequence_matches_structure = False

Attempting prediction for YOR108W
No prediction will be run:
has_verified_seq = True
DeepTMHMM_class = GLOB
structure_exists = 1.0
sequence_matches_structure = False

Attempting prediction for YER080W
No prediction will be run:
has_verified_seq = True
DeepTMHMM_class = GLOB
structure_exists = 1.0
sequence_matches_structure = False

Attempting prediction for YER170W
No prediction will be run:
has_verified_seq = True
DeepTMHMM_class = GLOB
structure_exists = 1.0
sequence_matches_structure = False

Attempting prediction for YML107C
No prediction will be run:
has_verified_seq = True
DeepTMHMM_class = GLOB
structure_exists = 1.0
sequence_matches_structure = False

Attempting prediction for YAL044W-A
No prediction will be run:
has_verified_seq = True
DeepTMHMM_class = GLOB
structure_exists = 1.0
sequence_matches_structure = False

Attempting prediction for YGR244C
No prediction will be run:
has_verified_seq = True
DeepTMHMM_class = GLOB
structure_exists = 1.0
sequence_matches_structure = False

Attempting prediction for YAL046C
No prediction will be run:
has_verified_seq = True
DeepTMHMM_class = GLOB
structure_exists = 1.0
sequence_matches_structure = False

Attempting prediction for YDR148C
No prediction will be run:
has_verified_seq = True
DeepTMHMM_class = GLOB
structure_exists = 1.0
sequence_matches_structure = False

Attempting prediction for YGR193C
No prediction will be run:
has_verified_seq = True
DeepTMHMM_class = GLOB
structure_exists = 1.0
sequence_matches_structure = False

Attempting prediction for YHL021C
No prediction will be run:
has_verified_seq = True
DeepTMHMM_class = GLOB
structure_exists = 1.0
sequence_matches_structure = False

Attempting prediction for YKL085W
No prediction will be run:
has_verified_seq = True
DeepTMHMM_class = GLOB
structure_exists = 1.0
sequence_matches_structure = False

Attempting prediction for YLR304C
No prediction will be run:
has_verified_seq = True
DeepTMHMM_class = GLOB
structure_exists = 1.0
sequence_matches_structure = False

Attempting prediction for YNL071W
No prediction will be run:
has_verified_seq = True
DeepTMHMM_class = GLOB
structure_exists = 1.0
sequence_matches_structure = False

Attempting prediction for YOR232W
No prediction will be run:
has_verified_seq = True
DeepTMHMM_class = GLOB
structure_exists = 1.0
sequence_matches_structure = False

Attempting prediction for YPR004C
No prediction will be run:
has_verified_seq = True
DeepTMHMM_class = GLOB
structure_exists = 1.0
sequence_matches_structure = False

Attempting prediction for YBL068W
No prediction will be run:
has_verified_seq = True
DeepTMHMM_class = GLOB
structure_exists = 1.0
sequence_matches_structure = False

Attempting prediction for YOL061W
No prediction will be run:
has_verified_seq = True
DeepTMHMM_class = GLOB
structure_exists = 1.0
sequence_matches_structure = False

Attempting prediction for YBL067C
No prediction will be run:
has_verified_seq = True
DeepTMHMM_class = GLOB
structure_exists = 1.0
sequence_matches_structure = False

Attempting prediction for YBL071W-A
No prediction will be run:
has_verified_seq = True
DeepTMHMM_class = GLOB
structure_exists = 1.0
sequence_matches_structure = False

Attempting prediction for YAL020C
No prediction will be run:
has_verified_seq = True
DeepTMHMM_class = GLOB
structure_exists = 1.0
sequence_matches_structure = False

Attempting prediction for YGR200C
No prediction will be run:
has_verified_seq = True
DeepTMHMM_class = GLOB
structure_exists = 1.0
sequence_matches_structure = False

Attempting prediction for YER055C
No prediction will be run:
has_verified_seq = True
DeepTMHMM_class = GLOB
structure_exists = 1.0
sequence_matches_structure = False

Attempting prediction for YKL110C
No prediction will be run:
has_verified_seq = True
DeepTMHMM_class = GLOB
structure_exists = 1.0
sequence_matches_structure = False

Attempting prediction for YIL103W
No prediction will be run:
has_verified_seq = True
DeepTMHMM_class = GLOB
structure_exists = 1.0
sequence_matches_structure = False

Attempting prediction for YLR384C
No prediction will be run:
has_verified_seq = True
DeepTMHMM_class = GLOB
structure_exists = 1.0
sequence_matches_structure = False

Attempting prediction for YKL191W
No prediction will be run:
has_verified_seq = True
DeepTMHMM_class = GLOB
structure_exists = 1.0
sequence_matches_structure = False

Attempting prediction for YPL086C
No prediction will be run:
has_verified_seq = True
DeepTMHMM_class = GLOB
structure_exists = 1.0
sequence_matches_structure = False

Attempting prediction for YBL072C
No prediction will be run:
has_verified_seq = True
DeepTMHMM_class = GLOB
structure_exists = 1.0
sequence_matches_structure = False

Attempting prediction for YBR084W
No prediction will be run:
has_verified_seq = True
DeepTMHMM_class = GLOB
structure_exists = 1.0
sequence_matches_structure = False

Attempting prediction for YBL072C;YER102W
No prediction will be run:
has_verified_seq = False
DeepTMHMM_class = nan
structure_exists = nan
sequence_matches_structure = False

Attempting prediction for YCR031C
No prediction will be run:
has_verified_seq = True
DeepTMHMM_class = GLOB
structure_exists = 1.0
sequence_matches_structure = False

Attempting prediction for YBR189W
No prediction will be run:
has_verified_seq = True
DeepTMHMM_class = GLOB
structure_exists = 1.0
sequence_matches_structure = False

Attempting prediction for YDL040C
No prediction will be run:
has_verified_seq = True
DeepTMHMM_class = GLOB
structure_exists = 1.0
sequence_matches_structure = False

Attempting prediction for YCR047C
No prediction will be run:
has_verified_seq = True
DeepTMHMM_class = GLOB
structure_exists = 1.0
sequence_matches_structure = False

Attempting prediction for YDR025W;YBR048W
No prediction will be run:
has_verified_seq = False
DeepTMHMM_class = nan
structure_exists = nan
sequence_matches_structure = False

Attempting prediction for YDL060W
No prediction will be run:
has_verified_seq = True
DeepTMHMM_class = GLOB
structure_exists = 1.0
sequence_matches_structure = False

Attempting prediction for YDR117C
No prediction will be run:
has_verified_seq = True
DeepTMHMM_class = GLOB
structure_exists = 1.0
sequence_matches_structure = False

Attempting prediction for YDR064W
No prediction will be run:
has_verified_seq = True
DeepTMHMM_class = GLOB
structure_exists = 1.0
sequence_matches_structure = False

Attempting prediction for YER074W;YIL069C
No prediction will be run:
has_verified_seq = False
DeepTMHMM_class = nan
structure_exists = nan
sequence_matches_structure = False

Attempting prediction for YDR450W;YML026C
No prediction will be run:
has_verified_seq = False
DeepTMHMM_class = nan
structure_exists = nan
sequence_matches_structure = False

Attempting prediction for YGR027C
No prediction will be run:
has_verified_seq = True
DeepTMHMM_class = GLOB
structure_exists = 1.0
sequence_matches_structure = False

Attempting prediction for YGL123W
No prediction will be run:
has_verified_seq = True
DeepTMHMM_class = GLOB
structure_exists = 1.0
sequence_matches_structure = False

Attempting prediction for YGR214W
No prediction will be run:
has_verified_seq = True
DeepTMHMM_class = GLOB
structure_exists = 1.0
sequence_matches_structure = False

Attempting prediction for YGR118W;YPR132W
No prediction will be run:
has_verified_seq = False
DeepTMHMM_class = nan
structure_exists = nan
sequence_matches_structure = False

Attempting prediction for YHL015W
No prediction will be run:
has_verified_seq = True
DeepTMHMM_class = GLOB
structure_exists = 1.0
sequence_matches_structure = False

Attempting prediction for YHL013C
No prediction will be run:
has_verified_seq = True
DeepTMHMM_class = GLOB
structure_exists = 1.0
sequence_matches_structure = False

Attempting prediction for YJL136C
No prediction will be run:
has_verified_seq = True
DeepTMHMM_class = GLOB
structure_exists = 1.0
sequence_matches_structure = False

Attempting prediction for YHR013C
No prediction will be run:
has_verified_seq = True
DeepTMHMM_class = GLOB
structure_exists = 1.0
sequence_matches_structure = False

Attempting prediction for YJR123W
No prediction will be run:
has_verified_seq = True
DeepTMHMM_class = GLOB
structure_exists = 1.0
sequence_matches_structure = False

Attempting prediction for YJL190C;YLR367W
No prediction will be run:
has_verified_seq = False
DeepTMHMM_class = nan
structure_exists = nan
sequence_matches_structure = False

Attempting prediction for YKL156W;YHR021C
No prediction will be run:
has_verified_seq = False
DeepTMHMM_class = nan
structure_exists = nan
sequence_matches_structure = False

Attempting prediction for YLR048W
No prediction will be run:
has_verified_seq = True
DeepTMHMM_class = GLOB
structure_exists = 1.0
sequence_matches_structure = False

Attempting prediction for YKR057W
No prediction will be run:
has_verified_seq = True
DeepTMHMM_class = GLOB
structure_exists = 1.0
sequence_matches_structure = False

Attempting prediction for YLR287C-A;YOR182C
No prediction will be run:
has_verified_seq = False
DeepTMHMM_class = nan
structure_exists = nan
sequence_matches_structure = False

Attempting prediction for YLR150W
No prediction will be run:
has_verified_seq = True
DeepTMHMM_class = GLOB
structure_exists = 1.0
sequence_matches_structure = False

Attempting prediction for YLR419W
No prediction will be run:
has_verified_seq = True
DeepTMHMM_class = GLOB
structure_exists = 1.0
sequence_matches_structure = False

Attempting prediction for YLR388W
No prediction will be run:
has_verified_seq = True
DeepTMHMM_class = GLOB
structure_exists = 1.0
sequence_matches_structure = False

Attempting prediction for YML024W;YDR447C
No prediction will be run:
has_verified_seq = False
DeepTMHMM_class = nan
structure_exists = nan
sequence_matches_structure = False

Attempting prediction for YLR441C
No prediction will be run:
has_verified_seq = True
DeepTMHMM_class = GLOB
structure_exists = 1.0
sequence_matches_structure = False

Attempting prediction for YMR116C
No prediction will be run:
has_verified_seq = True
DeepTMHMM_class = GLOB
structure_exists = 1.0
sequence_matches_structure = False

Attempting prediction for YML063W
No prediction will be run:
has_verified_seq = True
DeepTMHMM_class = GLOB
structure_exists = 1.0
sequence_matches_structure = False

Attempting prediction for YMR143W;YDL083C
No prediction will be run:
has_verified_seq = False
DeepTMHMM_class = nan
structure_exists = nan
sequence_matches_structure = False

Attempting prediction for YNL112W
No prediction will be run:
has_verified_seq = True
DeepTMHMM_class = GLOB
structure_exists = 1.0
sequence_matches_structure = False

Attempting prediction for YNL096C
No prediction will be run:
has_verified_seq = True
DeepTMHMM_class = GLOB
structure_exists = 1.0
sequence_matches_structure = False

Attempting prediction for YNL207W
No prediction will be run:
has_verified_seq = True
DeepTMHMM_class = GLOB
structure_exists = 1.0
sequence_matches_structure = False

Attempting prediction for YNL178W
No prediction will be run:
has_verified_seq = True
DeepTMHMM_class = GLOB
structure_exists = 1.0
sequence_matches_structure = False

Attempting prediction for YOL040C
No prediction will be run:
has_verified_seq = True
DeepTMHMM_class = GLOB
structure_exists = 1.0
sequence_matches_structure = False

Attempting prediction for YNL302C
No prediction will be run:
has_verified_seq = True
DeepTMHMM_class = GLOB
structure_exists = 1.0
sequence_matches_structure = False

Attempting prediction for YOR096W
No prediction will be run:
has_verified_seq = True
DeepTMHMM_class = GLOB
structure_exists = 1.0
sequence_matches_structure = False

Attempting prediction for YOL121C
No prediction will be run:
has_verified_seq = True
DeepTMHMM_class = GLOB
structure_exists = 1.0
sequence_matches_structure = False

Attempting prediction for YOR198C
No prediction will be run:
has_verified_seq = True
DeepTMHMM_class = GLOB
structure_exists = 1.0
sequence_matches_structure = False

Attempting prediction for YOR119C
No prediction will be run:
has_verified_seq = True
DeepTMHMM_class = GLOB
structure_exists = 1.0
sequence_matches_structure = False

Attempting prediction for YPL090C;YBR181C
No prediction will be run:
has_verified_seq = False
DeepTMHMM_class = nan
structure_exists = nan
sequence_matches_structure = False

Attempting prediction for YOR369C
No prediction will be run:
has_verified_seq = True
DeepTMHMM_class = GLOB
structure_exists = 1.0
sequence_matches_structure = False

Attempting prediction for YOR133W
No prediction will be run:
has_verified_seq = True
DeepTMHMM_class = GLOB
structure_exists = 1.0
sequence_matches_structure = False

Attempting prediction for YKR038C
No prediction will be run:
has_verified_seq = True
DeepTMHMM_class = GLOB
structure_exists = 1.0
sequence_matches_structure = False

Attempting prediction for YDL075W
No prediction will be run:
has_verified_seq = True
DeepTMHMM_class = GLOB
structure_exists = 1.0
sequence_matches_structure = False

Attempting prediction for YJL191W
No prediction will be run:
has_verified_seq = True
DeepTMHMM_class = GLOB
structure_exists = 1.0
sequence_matches_structure = False

Attempting prediction for YIL161W
No prediction will be run:
has_verified_seq = True
DeepTMHMM_class = GLOB
structure_exists = 1.0
sequence_matches_structure = False

Attempting prediction for YLR260W
No prediction will be run:
has_verified_seq = True
DeepTMHMM_class = GLOB
structure_exists = 1.0
sequence_matches_structure = False

Attempting prediction for YNL073W
No prediction will be run:
has_verified_seq = True
DeepTMHMM_class = GLOB
structure_exists = 1.0
sequence_matches_structure = False

Attempting prediction for YNL023C
No prediction will be run:
has_verified_seq = True
DeepTMHMM_class = GLOB
structure_exists = 1.0
sequence_matches_structure = False

Attempting prediction for YOR253W
No prediction will be run:
has_verified_seq = True
DeepTMHMM_class = GLOB
structure_exists = 1.0
sequence_matches_structure = False

Attempting prediction for YER131W
No prediction will be run:
has_verified_seq = True
DeepTMHMM_class = GLOB
structure_exists = 1.0
sequence_matches_structure = False

Attempting prediction for YKL032C
No prediction will be run:
has_verified_seq = True
DeepTMHMM_class = GLOB
structure_exists = 1.0
sequence_matches_structure = False

Attempting prediction for YLR264W
No prediction will be run:
has_verified_seq = True
DeepTMHMM_class = GLOB
structure_exists = 1.0
sequence_matches_structure = False

Attempting prediction for YNL050C
No prediction will be run:
has_verified_seq = True
DeepTMHMM_class = GLOB
structure_exists = 1.0
sequence_matches_structure = False

Attempting prediction for YOL080C
No prediction will be run:
has_verified_seq = True
DeepTMHMM_class = GLOB
structure_exists = 1.0
sequence_matches_structure = False

Attempting prediction for YPL032C
No prediction will be run:
has_verified_seq = True
DeepTMHMM_class = GLOB
structure_exists = 1.0
sequence_matches_structure = False

Attempting prediction for YDL061C
No prediction will be run:
has_verified_seq = True
DeepTMHMM_class = GLOB
structure_exists = 1.0
sequence_matches_structure = False

Attempting prediction for YPL081W
No prediction will be run:
has_verified_seq = True
DeepTMHMM_class = GLOB
structure_exists = 1.0
sequence_matches_structure = False

Attempting prediction for YKL143W
No prediction will be run:
has_verified_seq = True
DeepTMHMM_class = GLOB
structure_exists = 1.0
sequence_matches_structure = False

Attempting prediction for YNR046W
No prediction will be run:
has_verified_seq = True
DeepTMHMM_class = GLOB
structure_exists = 1.0
sequence_matches_structure = False

Attempting prediction for YNL224C
No prediction will be run:
has_verified_seq = True
DeepTMHMM_class = GLOB
structure_exists = 1.0
sequence_matches_structure = False

Attempting prediction for YGR081C
No prediction will be run:
has_verified_seq = True
DeepTMHMM_class = GLOB
structure_exists = 1.0
sequence_matches_structure = False

Attempting prediction for YLR398C
No prediction will be run:
has_verified_seq = True
DeepTMHMM_class = GLOB
structure_exists = 1.0
sequence_matches_structure = False

Attempting prediction for YNL314W
No prediction will be run:
has_verified_seq = True
DeepTMHMM_class = GLOB
structure_exists = 1.0
sequence_matches_structure = False

Attempting prediction for YPL204W
No prediction will be run:
has_verified_seq = True
DeepTMHMM_class = GLOB
structure_exists = 1.0
sequence_matches_structure = False

Attempting prediction for YPL012W
No prediction will be run:
has_verified_seq = True
DeepTMHMM_class = GLOB
structure_exists = 1.0
sequence_matches_structure = False

Attempting prediction for YGL189C
No prediction will be run:
has_verified_seq = True
DeepTMHMM_class = GLOB
structure_exists = 1.0
sequence_matches_structure = False

Attempting prediction for YPL266W
No prediction will be run:
has_verified_seq = True
DeepTMHMM_class = GLOB
structure_exists = 1.0
sequence_matches_structure = False

Attempting prediction for YNR051C
No prediction will be run:
has_verified_seq = True
DeepTMHMM_class = GLOB
structure_exists = 1.0
sequence_matches_structure = False

Attempting prediction for YLR327C
No prediction will be run:
has_verified_seq = True
DeepTMHMM_class = GLOB
structure_exists = 1.0
sequence_matches_structure = False

Attempting prediction for YNL054W-B
No prediction will be run:
has_verified_seq = True
DeepTMHMM_class = GLOB
structure_exists = 1.0
sequence_matches_structure = False

Attempting prediction for YLR325C
No prediction will be run:
has_verified_seq = True
DeepTMHMM_class = GLOB
structure_exists = 1.0
sequence_matches_structure = False

Attempting prediction for YOR359W
No prediction will be run:
has_verified_seq = True
DeepTMHMM_class = GLOB
structure_exists = 1.0
sequence_matches_structure = False

Attempting prediction for YAL035W
No prediction will be run:
has_verified_seq = True
DeepTMHMM_class = GLOB
structure_exists = 1.0
sequence_matches_structure = False

Attempting prediction for YAL036C
No prediction will be run:
has_verified_seq = True
DeepTMHMM_class = GLOB
structure_exists = 1.0
sequence_matches_structure = False

Attempting prediction for YBR263W
No prediction will be run:
has_verified_seq = True
DeepTMHMM_class = GLOB
structure_exists = 1.0
sequence_matches_structure = False

Attempting prediction for YDL053C
No prediction will be run:
has_verified_seq = True
DeepTMHMM_class = GLOB
structure_exists = 1.0
sequence_matches_structure = False

Attempting prediction for YDL051W
No prediction will be run:
has_verified_seq = True
DeepTMHMM_class = GLOB
structure_exists = 1.0
sequence_matches_structure = False

Attempting prediction for YDL213C
No prediction will be run:
has_verified_seq = True
DeepTMHMM_class = GLOB
structure_exists = 1.0
sequence_matches_structure = False

Attempting prediction for YDR381W
No prediction will be run:
has_verified_seq = True
DeepTMHMM_class = GLOB
structure_exists = 1.0
sequence_matches_structure = False

Attempting prediction for YDR412W
No prediction will be run:
has_verified_seq = True
DeepTMHMM_class = GLOB
structure_exists = 1.0
sequence_matches_structure = False

Attempting prediction for YER176W
No prediction will be run:
has_verified_seq = True
DeepTMHMM_class = GLOB
structure_exists = 1.0
sequence_matches_structure = False

Attempting prediction for YGL205W
No prediction will be run:
has_verified_seq = True
DeepTMHMM_class = GLOB
structure_exists = 1.0
sequence_matches_structure = False

Attempting prediction for YHL038C
No prediction will be run:
has_verified_seq = True
DeepTMHMM_class = GLOB
structure_exists = 1.0
sequence_matches_structure = False

Attempting prediction for YIL148W;YKR094C
No prediction will be run:
has_verified_seq = False
DeepTMHMM_class = nan
structure_exists = nan
sequence_matches_structure = False

Attempting prediction for YIL127C
No prediction will be run:
has_verified_seq = True
DeepTMHMM_class = GLOB
structure_exists = 1.0
sequence_matches_structure = False

Attempting prediction for YKL122C
No prediction will be run:
has_verified_seq = True
DeepTMHMM_class = GLOB
structure_exists = 1.0
sequence_matches_structure = False

Attempting prediction for YLR061W
No prediction will be run:
has_verified_seq = True
DeepTMHMM_class = GLOB
structure_exists = 1.0
sequence_matches_structure = False

Attempting prediction for YLR278C
No prediction will be run:
has_verified_seq = True
DeepTMHMM_class = GLOB
structure_exists = 1.0
sequence_matches_structure = False

Attempting prediction for YOR091W
No prediction will be run:
has_verified_seq = True
DeepTMHMM_class = GLOB
structure_exists = 1.0
sequence_matches_structure = False

Attempting prediction for YOR293W;YMR230W
No prediction will be run:
has_verified_seq = False
DeepTMHMM_class = nan
structure_exists = nan
sequence_matches_structure = False

Attempting prediction for YPL127C
No prediction will be run:
has_verified_seq = True
DeepTMHMM_class = GLOB
structure_exists = 1.0
sequence_matches_structure = False

Attempting prediction for YPL123C
No prediction will be run:
has_verified_seq = True
DeepTMHMM_class = SP
structure_exists = 1.0
sequence_matches_structure = False

Attempting prediction for YPL210C
No prediction will be run:
has_verified_seq = True
DeepTMHMM_class = GLOB
structure_exists = 1.0
sequence_matches_structure = False

Attempting prediction for YIL061C
No prediction will be run:
has_verified_seq = True
DeepTMHMM_class = GLOB
structure_exists = 1.0
sequence_matches_structure = False

Attempting prediction for YDR266C
No prediction will be run:
has_verified_seq = True
DeepTMHMM_class = GLOB
structure_exists = 1.0
sequence_matches_structure = False

Attempting prediction for YPL037C
No prediction will be run:
has_verified_seq = True
DeepTMHMM_class = GLOB
structure_exists = 1.0
sequence_matches_structure = False

Attempting prediction for YBL075C
No prediction will be run:
has_verified_seq = True
DeepTMHMM_class = GLOB
structure_exists = 1.0
sequence_matches_structure = False

Attempting prediction for YML078W
No prediction will be run:
has_verified_seq = True
DeepTMHMM_class = GLOB
structure_exists = 1.0
sequence_matches_structure = False

Attempting prediction for YBL074C
No prediction will be run:
has_verified_seq = True
DeepTMHMM_class = GLOB
structure_exists = 1.0
sequence_matches_structure = False

Attempting prediction for YKL173W
No prediction will be run:
has_verified_seq = True
DeepTMHMM_class = GLOB
structure_exists = 1.0
sequence_matches_structure = False

Attempting prediction for YHR165C
No prediction will be run:
has_verified_seq = True
DeepTMHMM_class = GLOB
structure_exists = 1.0
sequence_matches_structure = False

Attempting prediction for YKR018C
No prediction will be run:
has_verified_seq = True
DeepTMHMM_class = GLOB
structure_exists = 1.0
sequence_matches_structure = False

Attempting prediction for YLR347C
No prediction will be run:
has_verified_seq = True
DeepTMHMM_class = GLOB
structure_exists = 1.0
sequence_matches_structure = False

Attempting prediction for YBL076C
No prediction will be run:
has_verified_seq = True
DeepTMHMM_class = GLOB
structure_exists = 1.0
sequence_matches_structure = False

Attempting prediction for YDR035W
No prediction will be run:
has_verified_seq = True
DeepTMHMM_class = GLOB
structure_exists = 1.0
sequence_matches_structure = False

Attempting prediction for YHR087W
No prediction will be run:
has_verified_seq = True
DeepTMHMM_class = GLOB
structure_exists = 1.0
sequence_matches_structure = False

Attempting prediction for YNL137C
No prediction will be run:
has_verified_seq = True
DeepTMHMM_class = GLOB
structure_exists = 1.0
sequence_matches_structure = False

Attempting prediction for YDR050C
No prediction will be run:
has_verified_seq = True
DeepTMHMM_class = GLOB
structure_exists = 1.0
sequence_matches_structure = False

Attempting prediction for YBR196C
No prediction will be run:
has_verified_seq = True
DeepTMHMM_class = GLOB
structure_exists = 1.0
sequence_matches_structure = False

Attempting prediction for YPR074C
No prediction will be run:
has_verified_seq = True
DeepTMHMM_class = GLOB
structure_exists = 1.0
sequence_matches_structure = False

Attempting prediction for YFR053C
No prediction will be run:
has_verified_seq = True
DeepTMHMM_class = GLOB
structure_exists = 1.0
sequence_matches_structure = False

Attempting prediction for YGL117W
No prediction will be run:
has_verified_seq = True
DeepTMHMM_class = GLOB
structure_exists = 1.0
sequence_matches_structure = False

Attempting prediction for YBL098W
No prediction will be run:
has_verified_seq = True
DeepTMHMM_class = GLOB
structure_exists = 1.0
sequence_matches_structure = False

Attempting prediction for YGR138C
No prediction will be run:
has_verified_seq = True
DeepTMHMM_class = TM
structure_exists = 1.0
sequence_matches_structure = False

Attempting prediction for Q0140
No prediction will be run:
has_verified_seq = True
DeepTMHMM_class = GLOB
structure_exists = 1.0
sequence_matches_structure = False

Attempting prediction for YDR494W
No prediction will be run:
has_verified_seq = True
DeepTMHMM_class = GLOB
structure_exists = 1.0
sequence_matches_structure = False

Attempting prediction for YBR146W
No prediction will be run:
has_verified_seq = True
DeepTMHMM_class = GLOB
structure_exists = 1.0
sequence_matches_structure = False

Attempting prediction for YGR150C
No prediction will be run:
has_verified_seq = True
DeepTMHMM_class = GLOB
structure_exists = 1.0
sequence_matches_structure = False

Attempting prediction for YER050C
No prediction will be run:
has_verified_seq = True
DeepTMHMM_class = GLOB
structure_exists = 1.0
sequence_matches_structure = False

Attempting prediction for YNL306W
No prediction will be run:
has_verified_seq = True
DeepTMHMM_class = GLOB
structure_exists = 1.0
sequence_matches_structure = False

Attempting prediction for YMR158W
No prediction will be run:
has_verified_seq = True
DeepTMHMM_class = GLOB
structure_exists = 1.0
sequence_matches_structure = False

Attempting prediction for YOR158W
No prediction will be run:
has_verified_seq = True
DeepTMHMM_class = GLOB
structure_exists = 1.0
sequence_matches_structure = False

Attempting prediction for YNR037C
No prediction will be run:
has_verified_seq = True
DeepTMHMM_class = GLOB
structure_exists = 1.0
sequence_matches_structure = False

Attempting prediction for YPL013C
No prediction will be run:
has_verified_seq = True
DeepTMHMM_class = GLOB
structure_exists = 1.0
sequence_matches_structure = False

Attempting prediction for YOR205C
No prediction will be run:
has_verified_seq = True
DeepTMHMM_class = GLOB
structure_exists = 1.0
sequence_matches_structure = False

Attempting prediction for YPR166C
No prediction will be run:
has_verified_seq = True
DeepTMHMM_class = GLOB
structure_exists = 1.0
sequence_matches_structure = False

Attempting prediction for YPL118W
No prediction will be run:
has_verified_seq = True
DeepTMHMM_class = GLOB
structure_exists = 1.0
sequence_matches_structure = False

Attempting prediction for YNR036C
No prediction will be run:
has_verified_seq = True
DeepTMHMM_class = GLOB
structure_exists = 1.0
sequence_matches_structure = False

Attempting prediction for YNL292W
No prediction will be run:
has_verified_seq = True
DeepTMHMM_class = GLOB
structure_exists = 1.0
sequence_matches_structure = False

Attempting prediction for YER105C
No prediction will be run:
has_verified_seq = True
DeepTMHMM_class = GLOB
structure_exists = 1.0
sequence_matches_structure = False

Attempting prediction for YGL092W
No prediction will be run:
has_verified_seq = True
DeepTMHMM_class = GLOB
structure_exists = 1.0
sequence_matches_structure = False

Attempting prediction for YFR002W
No prediction will be run:
has_verified_seq = True
DeepTMHMM_class = GLOB
structure_exists = 1.0
sequence_matches_structure = False

Attempting prediction for YKL057C
No prediction will be run:
has_verified_seq = True
DeepTMHMM_class = GLOB
structure_exists = 1.0
sequence_matches_structure = False

Attempting prediction for YLR018C
No prediction will be run:
has_verified_seq = True
DeepTMHMM_class = TM
structure_exists = 1.0
sequence_matches_structure = False

Attempting prediction for YKR082W
No prediction will be run:
has_verified_seq = True
DeepTMHMM_class = GLOB
structure_exists = 1.0
sequence_matches_structure = False

Attempting prediction for YML103C
No prediction will be run:
has_verified_seq = True
DeepTMHMM_class = GLOB
structure_exists = 1.0
sequence_matches_structure = False

Attempting prediction for YML031W
No prediction will be run:
has_verified_seq = True
DeepTMHMM_class = TM
structure_exists = 1.0
sequence_matches_structure = False

Attempting prediction for YMR153W
No prediction will be run:
has_verified_seq = True
DeepTMHMM_class = GLOB
structure_exists = 1.0
sequence_matches_structure = False

Attempting prediction for YMR129W
No prediction will be run:
has_verified_seq = True
DeepTMHMM_class = TM
structure_exists = 1.0
sequence_matches_structure = False

Attempting prediction for YHR024C
No prediction will be run:
has_verified_seq = True
DeepTMHMM_class = GLOB
structure_exists = 1.0
sequence_matches_structure = False

Attempting prediction for YLR163C
No prediction will be run:
has_verified_seq = True
DeepTMHMM_class = GLOB
structure_exists = 1.0
sequence_matches_structure = False

Attempting prediction for YJL041W
No prediction will be run:
has_verified_seq = True
DeepTMHMM_class = GLOB
structure_exists = 1.0
sequence_matches_structure = False

Attempting prediction for YBL079W
No prediction will be run:
has_verified_seq = True
DeepTMHMM_class = GLOB
structure_exists = 1.0
sequence_matches_structure = False

Attempting prediction for YDL116W
No prediction will be run:
has_verified_seq = True
DeepTMHMM_class = GLOB
structure_exists = 1.0
sequence_matches_structure = False

Attempting prediction for YJL008C
No prediction will be run:
has_verified_seq = True
DeepTMHMM_class = GLOB
structure_exists = 1.0
sequence_matches_structure = False

Attempting prediction for YAL026C
No prediction will be run:
has_verified_seq = True
DeepTMHMM_class = TM
structure_exists = 1.0
sequence_matches_structure = False

Attempting prediction for YJR042W
No prediction will be run:
has_verified_seq = True
DeepTMHMM_class = GLOB
structure_exists = 1.0
sequence_matches_structure = False

Attempting prediction for YLR208W
No prediction will be run:
has_verified_seq = True
DeepTMHMM_class = GLOB
structure_exists = 1.0
sequence_matches_structure = False

Attempting prediction for YPL169C
No prediction will be run:
has_verified_seq = True
DeepTMHMM_class = GLOB
structure_exists = 1.0
sequence_matches_structure = False

Attempting prediction for YGL172W
No prediction will be run:
has_verified_seq = True
DeepTMHMM_class = GLOB
structure_exists = 1.0
sequence_matches_structure = False

Attempting prediction for YJL061W
No prediction will be run:
has_verified_seq = True
DeepTMHMM_class = GLOB
structure_exists = 1.0
sequence_matches_structure = False

Attempting prediction for YBL080C
No prediction will be run:
has_verified_seq = True
DeepTMHMM_class = GLOB
structure_exists = 1.0
sequence_matches_structure = False

Attempting prediction for YDR061W
No prediction will be run:
has_verified_seq = True
DeepTMHMM_class = GLOB
structure_exists = 1.0
sequence_matches_structure = False

Attempting prediction for YMR293C
No prediction will be run:
has_verified_seq = True
DeepTMHMM_class = GLOB
structure_exists = 1.0
sequence_matches_structure = False

Attempting prediction for YBL084C
No prediction will be run:
has_verified_seq = True
DeepTMHMM_class = GLOB
structure_exists = 1.0
sequence_matches_structure = False

Attempting prediction for YDR260C
No prediction will be run:
has_verified_seq = True
DeepTMHMM_class = GLOB
structure_exists = 1.0
sequence_matches_structure = False

Attempting prediction for YDR118W
No prediction will be run:
has_verified_seq = True
DeepTMHMM_class = GLOB
structure_exists = 1.0
sequence_matches_structure = False

Attempting prediction for YGL240W
No prediction will be run:
has_verified_seq = True
DeepTMHMM_class = GLOB
structure_exists = 1.0
sequence_matches_structure = False

Attempting prediction for YFR036W
No prediction will be run:
has_verified_seq = True
DeepTMHMM_class = GLOB
structure_exists = 1.0
sequence_matches_structure = False

Attempting prediction for YIR025W
No prediction will be run:
has_verified_seq = True
DeepTMHMM_class = GLOB
structure_exists = 1.0
sequence_matches_structure = False

Attempting prediction for YHR166C
No prediction will be run:
has_verified_seq = True
DeepTMHMM_class = GLOB
structure_exists = 1.0
sequence_matches_structure = False

Attempting prediction for YLR102C
No prediction will be run:
has_verified_seq = True
DeepTMHMM_class = GLOB
structure_exists = 1.0
sequence_matches_structure = False

Attempting prediction for YKL022C
No prediction will be run:
has_verified_seq = True
DeepTMHMM_class = GLOB
structure_exists = 1.0
sequence_matches_structure = False

Attempting prediction for YNL172W
No prediction will be run:
has_verified_seq = True
DeepTMHMM_class = GLOB
structure_exists = 1.0
sequence_matches_structure = False

Attempting prediction for YLR127C
No prediction will be run:
has_verified_seq = True
DeepTMHMM_class = GLOB
structure_exists = 1.0
sequence_matches_structure = False

Attempting prediction for YDL008W
No prediction will be run:
has_verified_seq = True
DeepTMHMM_class = GLOB
structure_exists = 1.0
sequence_matches_structure = False

Attempting prediction for YOR249C
No prediction will be run:
has_verified_seq = True
DeepTMHMM_class = GLOB
structure_exists = 1.0
sequence_matches_structure = False

Attempting prediction for YBL082C
No prediction will be run:
has_verified_seq = True
DeepTMHMM_class = TM
structure_exists = 1.0
sequence_matches_structure = False

Attempting prediction for YDR135C
No prediction will be run:
has_verified_seq = True
DeepTMHMM_class = TM
structure_exists = 1.0
sequence_matches_structure = False

Attempting prediction for YGL003C
No prediction will be run:
has_verified_seq = True
DeepTMHMM_class = GLOB
structure_exists = 1.0
sequence_matches_structure = False

Attempting prediction for YJL053W
No prediction will be run:
has_verified_seq = True
DeepTMHMM_class = GLOB
structure_exists = 1.0
sequence_matches_structure = False

Attempting prediction for YJL154C
No prediction will be run:
has_verified_seq = True
DeepTMHMM_class = GLOB
structure_exists = 1.0
sequence_matches_structure = False

Attempting prediction for YBL085W
No prediction will be run:
has_verified_seq = True
DeepTMHMM_class = GLOB
structure_exists = 1.0
sequence_matches_structure = False

Attempting prediction for YIR006C
No prediction will be run:
has_verified_seq = True
DeepTMHMM_class = GLOB
structure_exists = 1.0
sequence_matches_structure = False

Attempting prediction for YOL070C
No prediction will be run:
has_verified_seq = True
DeepTMHMM_class = GLOB
structure_exists = 1.0
sequence_matches_structure = False

Attempting prediction for YDR208W
No prediction will be run:
has_verified_seq = True
DeepTMHMM_class = GLOB
structure_exists = 1.0
sequence_matches_structure = False

Attempting prediction for YBL066C
No prediction will be run:
has_verified_seq = True
DeepTMHMM_class = GLOB
structure_exists = 1.0
sequence_matches_structure = False

Attempting prediction for YHR097C
No prediction will be run:
has_verified_seq = True
DeepTMHMM_class = GLOB
structure_exists = 1.0
sequence_matches_structure = False

Attempting prediction for YGR237C
No prediction will be run:
has_verified_seq = True
DeepTMHMM_class = GLOB
structure_exists = 1.0
sequence_matches_structure = False

Attempting prediction for YJR019C
No prediction will be run:
has_verified_seq = True
DeepTMHMM_class = GLOB
structure_exists = 1.0
sequence_matches_structure = False

Attempting prediction for YIL154C
No prediction will be run:
has_verified_seq = True
DeepTMHMM_class = GLOB
structure_exists = 1.0
sequence_matches_structure = False

Attempting prediction for YPR115W
No prediction will be run:
has_verified_seq = True
DeepTMHMM_class = GLOB
structure_exists = 1.0
sequence_matches_structure = False

Attempting prediction for YGR280C
No prediction will be run:
has_verified_seq = True
DeepTMHMM_class = GLOB
structure_exists = 1.0
sequence_matches_structure = False

Attempting prediction for YBL086C
No prediction will be run:
has_verified_seq = True
DeepTMHMM_class = GLOB
structure_exists = 1.0
sequence_matches_structure = False

Attempting prediction for YIL002C
No prediction will be run:
has_verified_seq = True
DeepTMHMM_class = GLOB
structure_exists = 1.0
sequence_matches_structure = False

Attempting prediction for YJL084C
No prediction will be run:
has_verified_seq = True
DeepTMHMM_class = GLOB
structure_exists = 1.0
sequence_matches_structure = False

Attempting prediction for YKR092C
No prediction will be run:
has_verified_seq = True
DeepTMHMM_class = GLOB
structure_exists = 1.0
sequence_matches_structure = False

Attempting prediction for YKL193C
No prediction will be run:
has_verified_seq = True
DeepTMHMM_class = GLOB
structure_exists = 1.0
sequence_matches_structure = False

Attempting prediction for YMR269W
No prediction will be run:
has_verified_seq = True
DeepTMHMM_class = GLOB
structure_exists = 1.0
sequence_matches_structure = False

Attempting prediction for YDR389W
No prediction will be run:
has_verified_seq = True
DeepTMHMM_class = GLOB
structure_exists = 1.0
sequence_matches_structure = False

Attempting prediction for YDR348C
No prediction will be run:
has_verified_seq = True
DeepTMHMM_class = GLOB
structure_exists = 1.0
sequence_matches_structure = False

Attempting prediction for YLR425W
No prediction will be run:
has_verified_seq = True
DeepTMHMM_class = GLOB
structure_exists = 1.0
sequence_matches_structure = False

Attempting prediction for YGR068C
No prediction will be run:
has_verified_seq = True
DeepTMHMM_class = GLOB
structure_exists = 1.0
sequence_matches_structure = False

Attempting prediction for YMR273C
No prediction will be run:
has_verified_seq = True
DeepTMHMM_class = GLOB
structure_exists = 1.0
sequence_matches_structure = False

Attempting prediction for YMR070W
No prediction will be run:
has_verified_seq = True
DeepTMHMM_class = GLOB
structure_exists = 1.0
sequence_matches_structure = False

Attempting prediction for YDR475C
No prediction will be run:
has_verified_seq = True
DeepTMHMM_class = GLOB
structure_exists = 1.0
sequence_matches_structure = False

Attempting prediction for YDR040C
No prediction will be run:
has_verified_seq = True
DeepTMHMM_class = TM
structure_exists = 1.0
sequence_matches_structure = False

Attempting prediction for YGR024C
No prediction will be run:
has_verified_seq = True
DeepTMHMM_class = GLOB
structure_exists = 1.0
sequence_matches_structure = False

Attempting prediction for YGL229C
No prediction will be run:
has_verified_seq = True
DeepTMHMM_class = GLOB
structure_exists = 1.0
sequence_matches_structure = False

Attempting prediction for YDR452W
No prediction will be run:
has_verified_seq = True
DeepTMHMM_class = TM
structure_exists = 1.0
sequence_matches_structure = False

Attempting prediction for YNR002C
No prediction will be run:
has_verified_seq = True
DeepTMHMM_class = TM
structure_exists = 1.0
sequence_matches_structure = False

Attempting prediction for YLR454W
No prediction will be run:
has_verified_seq = True
DeepTMHMM_class = GLOB
structure_exists = 1.0
sequence_matches_structure = False

Attempting prediction for YNR008W
No prediction will be run:
has_verified_seq = True
DeepTMHMM_class = TM
structure_exists = 1.0
sequence_matches_structure = False

Attempting prediction for YPR117W
No prediction will be run:
has_verified_seq = True
DeepTMHMM_class = TM
structure_exists = 1.0
sequence_matches_structure = False

Attempting prediction for YBL087C
No prediction will be run:
has_verified_seq = True
DeepTMHMM_class = GLOB
structure_exists = 1.0
sequence_matches_structure = False

Attempting prediction for YKL021C
No prediction will be run:
has_verified_seq = True
DeepTMHMM_class = GLOB
structure_exists = 1.0
sequence_matches_structure = False

Attempting prediction for YDR361C
No prediction will be run:
has_verified_seq = True
DeepTMHMM_class = GLOB
structure_exists = 1.0
sequence_matches_structure = False

Attempting prediction for YPL208W
No prediction will be run:
has_verified_seq = True
DeepTMHMM_class = GLOB
structure_exists = 1.0
sequence_matches_structure = False

Attempting prediction for YAL025C
No prediction will be run:
has_verified_seq = True
DeepTMHMM_class = GLOB
structure_exists = 1.0
sequence_matches_structure = False

Attempting prediction for YKL082C
No prediction will be run:
has_verified_seq = True
DeepTMHMM_class = GLOB
structure_exists = 1.0
sequence_matches_structure = False

Attempting prediction for YHR088W
No prediction will be run:
has_verified_seq = True
DeepTMHMM_class = GLOB
structure_exists = 1.0
sequence_matches_structure = False

Attempting prediction for YLL008W
No prediction will be run:
has_verified_seq = True
DeepTMHMM_class = GLOB
structure_exists = 1.0
sequence_matches_structure = False

Attempting prediction for YKR081C
No prediction will be run:
has_verified_seq = True
DeepTMHMM_class = GLOB
structure_exists = 1.0
sequence_matches_structure = False

Attempting prediction for YLR276C
No prediction will be run:
has_verified_seq = True
DeepTMHMM_class = GLOB
structure_exists = 1.0
sequence_matches_structure = False

Attempting prediction for YLR009W
No prediction will be run:
has_verified_seq = True
DeepTMHMM_class = GLOB
structure_exists = 1.0
sequence_matches_structure = False

Attempting prediction for YNL061W
No prediction will be run:
has_verified_seq = True
DeepTMHMM_class = GLOB
structure_exists = 1.0
sequence_matches_structure = False

Attempting prediction for YMR049C
No prediction will be run:
has_verified_seq = True
DeepTMHMM_class = GLOB
structure_exists = 1.0
sequence_matches_structure = False

Attempting prediction for YOR294W
No prediction will be run:
has_verified_seq = True
DeepTMHMM_class = GLOB
structure_exists = 1.0
sequence_matches_structure = False

Attempting prediction for YOR272W
No prediction will be run:
has_verified_seq = True
DeepTMHMM_class = GLOB
structure_exists = 1.0
sequence_matches_structure = False

Attempting prediction for YPL093W
No prediction will be run:
has_verified_seq = True
DeepTMHMM_class = GLOB
structure_exists = 1.0
sequence_matches_structure = False

Attempting prediction for YPR143W
No prediction will be run:
has_verified_seq = True
DeepTMHMM_class = GLOB
structure_exists = 1.0
sequence_matches_structure = False

Attempting prediction for YPL211W
No prediction will be run:
has_verified_seq = True
DeepTMHMM_class = GLOB
structure_exists = 1.0
sequence_matches_structure = False

Attempting prediction for YDL031W
No prediction will be run:
has_verified_seq = True
DeepTMHMM_class = GLOB
structure_exists = 1.0
sequence_matches_structure = False

Attempting prediction for YCL054W
No prediction will be run:
has_verified_seq = True
DeepTMHMM_class = GLOB
structure_exists = 1.0
sequence_matches_structure = False

Attempting prediction for YLR002C
No prediction will be run:
has_verified_seq = True
DeepTMHMM_class = GLOB
structure_exists = 1.0
sequence_matches_structure = False

Attempting prediction for YKL172W
No prediction will be run:
has_verified_seq = True
DeepTMHMM_class = GLOB
structure_exists = 1.0
sequence_matches_structure = False

Attempting prediction for YML074C
No prediction will be run:
has_verified_seq = True
DeepTMHMM_class = GLOB
structure_exists = 1.0
sequence_matches_structure = False

Attempting prediction for YLR449W
No prediction will be run:
has_verified_seq = True
DeepTMHMM_class = GLOB
structure_exists = 1.0
sequence_matches_structure = False

Attempting prediction for YNL002C
No prediction will be run:
has_verified_seq = True
DeepTMHMM_class = GLOB
structure_exists = 1.0
sequence_matches_structure = False

Attempting prediction for YMR290C
No prediction will be run:
has_verified_seq = True
DeepTMHMM_class = GLOB
structure_exists = 1.0
sequence_matches_structure = False

Attempting prediction for YOL077C
No prediction will be run:
has_verified_seq = True
DeepTMHMM_class = GLOB
structure_exists = 1.0
sequence_matches_structure = False

Attempting prediction for YNL110C
No prediction will be run:
has_verified_seq = True
DeepTMHMM_class = GLOB
structure_exists = 1.0
sequence_matches_structure = False

Attempting prediction for YPL043W
No prediction will be run:
has_verified_seq = True
DeepTMHMM_class = GLOB
structure_exists = 1.0
sequence_matches_structure = False

Attempting prediction for YOR206W
No prediction will be run:
has_verified_seq = True
DeepTMHMM_class = GLOB
structure_exists = 1.0
sequence_matches_structure = False

Attempting prediction for YBL090W
No prediction will be run:
has_verified_seq = True
DeepTMHMM_class = GLOB
structure_exists = 1.0
sequence_matches_structure = False

Attempting prediction for YDL045W-A
No prediction will be run:
has_verified_seq = True
DeepTMHMM_class = GLOB
structure_exists = 1.0
sequence_matches_structure = False

Attempting prediction for YBR251W
No prediction will be run:
has_verified_seq = True
DeepTMHMM_class = GLOB
structure_exists = 1.0
sequence_matches_structure = False

Attempting prediction for YDR337W
No prediction will be run:
has_verified_seq = True
DeepTMHMM_class = GLOB
structure_exists = 1.0
sequence_matches_structure = False

Attempting prediction for YDR175C
No prediction will be run:
has_verified_seq = True
DeepTMHMM_class = GLOB
structure_exists = 1.0
sequence_matches_structure = False

Attempting prediction for YDR347W
No prediction will be run:
has_verified_seq = True
DeepTMHMM_class = GLOB
structure_exists = 1.0
sequence_matches_structure = False

Attempting prediction for YGL129C
No prediction will be run:
has_verified_seq = True
DeepTMHMM_class = GLOB
structure_exists = 1.0
sequence_matches_structure = False

Attempting prediction for YGR165W
No prediction will be run:
has_verified_seq = True
DeepTMHMM_class = GLOB
structure_exists = 1.0
sequence_matches_structure = False

Attempting prediction for YGR084C
No prediction will be run:
has_verified_seq = True
DeepTMHMM_class = GLOB
structure_exists = 1.0
sequence_matches_structure = False

Attempting prediction for YHL004W
No prediction will be run:
has_verified_seq = True
DeepTMHMM_class = GLOB
structure_exists = 1.0
sequence_matches_structure = False

Attempting prediction for YGR215W
No prediction will be run:
has_verified_seq = True
DeepTMHMM_class = GLOB
structure_exists = 1.0
sequence_matches_structure = False

Attempting prediction for YIL093C
No prediction will be run:
has_verified_seq = True
DeepTMHMM_class = GLOB
structure_exists = 1.0
sequence_matches_structure = False

Attempting prediction for YHR059W
No prediction will be run:
has_verified_seq = True
DeepTMHMM_class = GLOB
structure_exists = 1.0
sequence_matches_structure = False

Attempting prediction for YJR101W
No prediction will be run:
has_verified_seq = True
DeepTMHMM_class = GLOB
structure_exists = 1.0
sequence_matches_structure = False

Attempting prediction for YJL131C
No prediction will be run:
has_verified_seq = True
DeepTMHMM_class = GLOB
structure_exists = 1.0
sequence_matches_structure = False

Attempting prediction for YKL003C
No prediction will be run:
has_verified_seq = True
DeepTMHMM_class = GLOB
structure_exists = 1.0
sequence_matches_structure = False

Attempting prediction for YJR113C
No prediction will be run:
has_verified_seq = True
DeepTMHMM_class = GLOB
structure_exists = 1.0
sequence_matches_structure = False

Attempting prediction for YKL155C
No prediction will be run:
has_verified_seq = True
DeepTMHMM_class = GLOB
structure_exists = 1.0
sequence_matches_structure = False

Attempting prediction for YNL081C
No prediction will be run:
has_verified_seq = True
DeepTMHMM_class = GLOB
structure_exists = 1.0
sequence_matches_structure = False

Attempting prediction for YMR188C
No prediction will be run:
has_verified_seq = True
DeepTMHMM_class = GLOB
structure_exists = 1.0
sequence_matches_structure = False

Attempting prediction for YBR221C
No prediction will be run:
has_verified_seq = True
DeepTMHMM_class = GLOB
structure_exists = 1.0
sequence_matches_structure = False

Attempting prediction for YFL018C
No prediction will be run:
has_verified_seq = True
DeepTMHMM_class = GLOB
structure_exists = 1.0
sequence_matches_structure = False

Attempting prediction for YER190W;YGR296W;YNL339C;YPL283C;YEL077C;YLL066C;YLL067C;YML133C;YPR204W
No prediction will be run:
has_verified_seq = False
DeepTMHMM_class = nan
structure_exists = nan
sequence_matches_structure = False

Attempting prediction for YBL023C
No prediction will be run:
has_verified_seq = True
DeepTMHMM_class = GLOB
structure_exists = 1.0
sequence_matches_structure = False

Attempting prediction for YLR074C
No prediction will be run:
has_verified_seq = True
DeepTMHMM_class = GLOB
structure_exists = 1.0
sequence_matches_structure = False

Attempting prediction for YDR190C
No prediction will be run:
has_verified_seq = True
DeepTMHMM_class = GLOB
structure_exists = 1.0
sequence_matches_structure = False

Attempting prediction for YDL002C
No prediction will be run:
has_verified_seq = True
DeepTMHMM_class = GLOB
structure_exists = 1.0
sequence_matches_structure = False

Attempting prediction for YER092W
No prediction will be run:
has_verified_seq = True
DeepTMHMM_class = GLOB
structure_exists = 1.0
sequence_matches_structure = False

Attempting prediction for YEL044W
No prediction will be run:
has_verified_seq = True
DeepTMHMM_class = GLOB
structure_exists = 1.0
sequence_matches_structure = False

Attempting prediction for YGL150C
No prediction will be run:
has_verified_seq = True
DeepTMHMM_class = GLOB
structure_exists = 1.0
sequence_matches_structure = False

Attempting prediction for YFL013C
No prediction will be run:
has_verified_seq = True
DeepTMHMM_class = GLOB
structure_exists = 1.0
sequence_matches_structure = False

Attempting prediction for YKL204W
No prediction will be run:
has_verified_seq = True
DeepTMHMM_class = GLOB
structure_exists = 1.0
sequence_matches_structure = False

Attempting prediction for YJL081C
No prediction will be run:
has_verified_seq = True
DeepTMHMM_class = GLOB
structure_exists = 1.0
sequence_matches_structure = False

Attempting prediction for YLR052W
No prediction will be run:
has_verified_seq = True
DeepTMHMM_class = GLOB
structure_exists = 1.0
sequence_matches_structure = False

Attempting prediction for YOR141C
No prediction will be run:
has_verified_seq = True
DeepTMHMM_class = GLOB
structure_exists = 1.0
sequence_matches_structure = False

Attempting prediction for YNL215W
No prediction will be run:
has_verified_seq = True
DeepTMHMM_class = GLOB
structure_exists = 1.0
sequence_matches_structure = False

Attempting prediction for YPL235W
No prediction will be run:
has_verified_seq = True
DeepTMHMM_class = GLOB
structure_exists = 1.0
sequence_matches_structure = False

Attempting prediction for YPL129W
No prediction will be run:
has_verified_seq = True
DeepTMHMM_class = GLOB
structure_exists = 1.0
sequence_matches_structure = False

Attempting prediction for YBR279W
No prediction will be run:
has_verified_seq = True
DeepTMHMM_class = GLOB
structure_exists = 1.0
sequence_matches_structure = False

Attempting prediction for YGR140W
No prediction will be run:
has_verified_seq = True
DeepTMHMM_class = GLOB
structure_exists = 1.0
sequence_matches_structure = False

Attempting prediction for YJL124C
No prediction will be run:
has_verified_seq = True
DeepTMHMM_class = GLOB
structure_exists = 1.0
sequence_matches_structure = False

Attempting prediction for YIR001C
No prediction will be run:
has_verified_seq = True
DeepTMHMM_class = GLOB
structure_exists = 1.0
sequence_matches_structure = False

Attempting prediction for YER112W
No prediction will be run:
has_verified_seq = True
DeepTMHMM_class = GLOB
structure_exists = 1.0
sequence_matches_structure = False

Attempting prediction for YLR182W
No prediction will be run:
has_verified_seq = True
DeepTMHMM_class = GLOB
structure_exists = 1.0
sequence_matches_structure = False

Attempting prediction for YOR265W
No prediction will be run:
has_verified_seq = True
DeepTMHMM_class = GLOB
structure_exists = 1.0
sequence_matches_structure = False

Attempting prediction for YDR138W
No prediction will be run:
has_verified_seq = True
DeepTMHMM_class = GLOB
structure_exists = 1.0
sequence_matches_structure = False

Attempting prediction for YLR382C
No prediction will be run:
has_verified_seq = True
DeepTMHMM_class = GLOB
structure_exists = 1.0
sequence_matches_structure = False

Attempting prediction for YDR194C
No prediction will be run:
has_verified_seq = True
DeepTMHMM_class = GLOB
structure_exists = 1.0
sequence_matches_structure = False

Attempting prediction for YDL081C
No prediction will be run:
has_verified_seq = True
DeepTMHMM_class = GLOB
structure_exists = 1.0
sequence_matches_structure = False

Attempting prediction for YGL079W
No prediction will be run:
has_verified_seq = True
DeepTMHMM_class = GLOB
structure_exists = 1.0
sequence_matches_structure = False

Attempting prediction for YDL143W
No prediction will be run:
has_verified_seq = True
DeepTMHMM_class = GLOB
structure_exists = 1.0
sequence_matches_structure = False

Attempting prediction for YDR188W
No prediction will be run:
has_verified_seq = True
DeepTMHMM_class = GLOB
structure_exists = 1.0
sequence_matches_structure = False

Attempting prediction for YIL142W
No prediction will be run:
has_verified_seq = True
DeepTMHMM_class = GLOB
structure_exists = 1.0
sequence_matches_structure = False

Attempting prediction for YDR212W
No prediction will be run:
has_verified_seq = True
DeepTMHMM_class = GLOB
structure_exists = 1.0
sequence_matches_structure = False

Attempting prediction for YJL014W
No prediction will be run:
has_verified_seq = True
DeepTMHMM_class = GLOB
structure_exists = 1.0
sequence_matches_structure = False

Attempting prediction for YJR064W
No prediction will be run:
has_verified_seq = True
DeepTMHMM_class = GLOB
structure_exists = 1.0
sequence_matches_structure = False

Attempting prediction for YJL111W
No prediction will be run:
has_verified_seq = True
DeepTMHMM_class = GLOB
structure_exists = 1.0
sequence_matches_structure = False

Attempting prediction for YBL093C
No prediction will be run:
has_verified_seq = True
DeepTMHMM_class = GLOB
structure_exists = 1.0
sequence_matches_structure = False

Attempting prediction for YBR193C
No prediction will be run:
has_verified_seq = True
DeepTMHMM_class = GLOB
structure_exists = 1.0
sequence_matches_structure = False

Attempting prediction for YCR081W
No prediction will be run:
has_verified_seq = True
DeepTMHMM_class = GLOB
structure_exists = 1.0
sequence_matches_structure = False

Attempting prediction for YBR253W
No prediction will be run:
has_verified_seq = True
DeepTMHMM_class = GLOB
structure_exists = 1.0
sequence_matches_structure = False

Attempting prediction for YDR308C
No prediction will be run:
has_verified_seq = True
DeepTMHMM_class = GLOB
structure_exists = 1.0
sequence_matches_structure = False

Attempting prediction for YDL005C
No prediction will be run:
has_verified_seq = True
DeepTMHMM_class = GLOB
structure_exists = 1.0
sequence_matches_structure = False

Attempting prediction for YER022W
No prediction will be run:
has_verified_seq = True
DeepTMHMM_class = GLOB
structure_exists = 1.0
sequence_matches_structure = False

Attempting prediction for YDR443C
No prediction will be run:
has_verified_seq = True
DeepTMHMM_class = GLOB
structure_exists = 1.0
sequence_matches_structure = False

Attempting prediction for YGL151W
No prediction will be run:
has_verified_seq = True
DeepTMHMM_class = GLOB
structure_exists = 1.0
sequence_matches_structure = False

Attempting prediction for YGL025C
No prediction will be run:
has_verified_seq = True
DeepTMHMM_class = GLOB
structure_exists = 1.0
sequence_matches_structure = False

Attempting prediction for YHR041C
No prediction will be run:
has_verified_seq = True
DeepTMHMM_class = GLOB
structure_exists = 1.0
sequence_matches_structure = False

Attempting prediction for YGR104C
No prediction will be run:
has_verified_seq = True
DeepTMHMM_class = GLOB
structure_exists = 1.0
sequence_matches_structure = False

Attempting prediction for YLR071C
No prediction will be run:
has_verified_seq = True
DeepTMHMM_class = GLOB
structure_exists = 1.0
sequence_matches_structure = False

Attempting prediction for YHR058C
No prediction will be run:
has_verified_seq = True
DeepTMHMM_class = GLOB
structure_exists = 1.0
sequence_matches_structure = False

Attempting prediction for YNL025C
No prediction will be run:
has_verified_seq = True
DeepTMHMM_class = GLOB
structure_exists = 1.0
sequence_matches_structure = False

Attempting prediction for YMR112C
No prediction will be run:
has_verified_seq = True
DeepTMHMM_class = GLOB
structure_exists = 1.0
sequence_matches_structure = False

Attempting prediction for YNR010W
No prediction will be run:
has_verified_seq = True
DeepTMHMM_class = GLOB
structure_exists = 1.0
sequence_matches_structure = False

Attempting prediction for YNL236W
No prediction will be run:
has_verified_seq = True
DeepTMHMM_class = GLOB
structure_exists = 1.0
sequence_matches_structure = False

Attempting prediction for YOL135C
No prediction will be run:
has_verified_seq = True
DeepTMHMM_class = GLOB
structure_exists = 1.0
sequence_matches_structure = False

Attempting prediction for YOL051W
No prediction will be run:
has_verified_seq = True
DeepTMHMM_class = GLOB
structure_exists = 1.0
sequence_matches_structure = False

Attempting prediction for YPL042C
No prediction will be run:
has_verified_seq = True
DeepTMHMM_class = GLOB
structure_exists = 1.0
sequence_matches_structure = False

Attempting prediction for YOR174W
No prediction will be run:
has_verified_seq = True
DeepTMHMM_class = GLOB
structure_exists = 1.0
sequence_matches_structure = False

Attempting prediction for YPR168W
No prediction will be run:
has_verified_seq = True
DeepTMHMM_class = GLOB
structure_exists = 1.0
sequence_matches_structure = False

Attempting prediction for YPR070W
No prediction will be run:
has_verified_seq = True
DeepTMHMM_class = GLOB
structure_exists = 1.0
sequence_matches_structure = False

Attempting prediction for YKR095W-A
No prediction will be run:
has_verified_seq = True
DeepTMHMM_class = GLOB
structure_exists = 1.0
sequence_matches_structure = False

Attempting prediction for YJL184W
No prediction will be run:
has_verified_seq = True
DeepTMHMM_class = GLOB
structure_exists = 1.0
sequence_matches_structure = False

Attempting prediction for YML036W
No prediction will be run:
has_verified_seq = True
DeepTMHMM_class = GLOB
structure_exists = 1.0
sequence_matches_structure = False

Attempting prediction for YML059C
No prediction will be run:
has_verified_seq = True
DeepTMHMM_class = TM
structure_exists = 1.0
sequence_matches_structure = False

Attempting prediction for YJL209W
No prediction will be run:
has_verified_seq = True
DeepTMHMM_class = GLOB
structure_exists = 1.0
sequence_matches_structure = False

Attempting prediction for YNL271C
No prediction will be run:
has_verified_seq = True
DeepTMHMM_class = GLOB
structure_exists = 1.0
sequence_matches_structure = False

Attempting prediction for YIL066C
No prediction will be run:
has_verified_seq = True
DeepTMHMM_class = GLOB
structure_exists = 1.0
sequence_matches_structure = False

Attempting prediction for YDL122W
No prediction will be run:
has_verified_seq = True
DeepTMHMM_class = GLOB
structure_exists = 1.0
sequence_matches_structure = False

Attempting prediction for YDR055W
No prediction will be run:
has_verified_seq = True
DeepTMHMM_class = SP
structure_exists = 1.0
sequence_matches_structure = False

Attempting prediction for YJL200C
No prediction will be run:
has_verified_seq = True
DeepTMHMM_class = GLOB
structure_exists = 1.0
sequence_matches_structure = False

Attempting prediction for YDR325W
No prediction will be run:
has_verified_seq = True
DeepTMHMM_class = GLOB
structure_exists = 1.0
sequence_matches_structure = False

Attempting prediction for YFR031C
No prediction will be run:
has_verified_seq = True
DeepTMHMM_class = GLOB
structure_exists = 1.0
sequence_matches_structure = False

Attempting prediction for YLR086W
No prediction will be run:
has_verified_seq = True
DeepTMHMM_class = GLOB
structure_exists = 1.0
sequence_matches_structure = False

Attempting prediction for YLR272C
No prediction will be run:
has_verified_seq = True
DeepTMHMM_class = GLOB
structure_exists = 1.0
sequence_matches_structure = False

Attempting prediction for YBL097W
No prediction will be run:
has_verified_seq = True
DeepTMHMM_class = GLOB
structure_exists = 1.0
sequence_matches_structure = False

Attempting prediction for YML092C
No prediction will be run:
has_verified_seq = True
DeepTMHMM_class = GLOB
structure_exists = 1.0
sequence_matches_structure = False

Attempting prediction for YBL041W
No prediction will be run:
has_verified_seq = True
DeepTMHMM_class = GLOB
structure_exists = 1.0
sequence_matches_structure = False

Attempting prediction for YDL007W
No prediction will be run:
has_verified_seq = True
DeepTMHMM_class = GLOB
structure_exists = 1.0
sequence_matches_structure = False

Attempting prediction for YCR076C
No prediction will be run:
has_verified_seq = True
DeepTMHMM_class = GLOB
structure_exists = 1.0
sequence_matches_structure = False

Attempting prediction for YER012W
No prediction will be run:
has_verified_seq = True
DeepTMHMM_class = GLOB
structure_exists = 1.0
sequence_matches_structure = False

Attempting prediction for YDR120C
No prediction will be run:
has_verified_seq = True
DeepTMHMM_class = GLOB
structure_exists = 1.0
sequence_matches_structure = False

Attempting prediction for YMR314W
No prediction will be run:
has_verified_seq = True
DeepTMHMM_class = GLOB
structure_exists = 1.0
sequence_matches_structure = False

Attempting prediction for YOR117W
No prediction will be run:
has_verified_seq = True
DeepTMHMM_class = GLOB
structure_exists = 1.0
sequence_matches_structure = False

Attempting prediction for YOL038W
No prediction will be run:
has_verified_seq = True
DeepTMHMM_class = GLOB
structure_exists = 1.0
sequence_matches_structure = False

Attempting prediction for YOR259C
No prediction will be run:
has_verified_seq = True
DeepTMHMM_class = GLOB
structure_exists = 1.0
sequence_matches_structure = False

Attempting prediction for YOR362C
No prediction will be run:
has_verified_seq = True
DeepTMHMM_class = GLOB
structure_exists = 1.0
sequence_matches_structure = False

Attempting prediction for YOR261C
No prediction will be run:
has_verified_seq = True
DeepTMHMM_class = GLOB
structure_exists = 1.0
sequence_matches_structure = False

Attempting prediction for YPR108W
No prediction will be run:
has_verified_seq = True
DeepTMHMM_class = GLOB
structure_exists = 1.0
sequence_matches_structure = False

Attempting prediction for YPR103W
No prediction will be run:
has_verified_seq = True
DeepTMHMM_class = GLOB
structure_exists = 1.0
sequence_matches_structure = False

Attempting prediction for YER099C
No prediction will be run:
has_verified_seq = True
DeepTMHMM_class = GLOB
structure_exists = 1.0
sequence_matches_structure = False

Attempting prediction for YGR260W
No prediction will be run:
has_verified_seq = True
DeepTMHMM_class = TM
structure_exists = 1.0
sequence_matches_structure = False

Attempting prediction for YKR093W
No prediction will be run:
has_verified_seq = True
DeepTMHMM_class = TM
structure_exists = 1.0
sequence_matches_structure = False

Attempting prediction for YKR035W-A
No prediction will be run:
has_verified_seq = True
DeepTMHMM_class = GLOB
structure_exists = 1.0
sequence_matches_structure = False

Attempting prediction for YLR025W
No prediction will be run:
has_verified_seq = True
DeepTMHMM_class = GLOB
structure_exists = 1.0
sequence_matches_structure = False

Attempting prediction for YBL022C
No prediction will be run:
has_verified_seq = True
DeepTMHMM_class = GLOB
structure_exists = 1.0
sequence_matches_structure = False

Attempting prediction for YBR026C
No prediction will be run:
has_verified_seq = True
DeepTMHMM_class = GLOB
structure_exists = 1.0
sequence_matches_structure = False

Attempting prediction for YCL009C
No prediction will be run:
has_verified_seq = True
DeepTMHMM_class = GLOB
structure_exists = 1.0
sequence_matches_structure = False

Attempting prediction for YBR176W
No prediction will be run:
has_verified_seq = True
DeepTMHMM_class = GLOB
structure_exists = 1.0
sequence_matches_structure = False

Attempting prediction for YCL064C
No prediction will be run:
has_verified_seq = True
DeepTMHMM_class = GLOB
structure_exists = 1.0
sequence_matches_structure = False

Attempting prediction for YCL057W
No prediction will be run:
has_verified_seq = True
DeepTMHMM_class = GLOB
structure_exists = 1.0
sequence_matches_structure = False

Attempting prediction for YCR046C
No prediction will be run:
has_verified_seq = True
DeepTMHMM_class = GLOB
structure_exists = 1.0
sequence_matches_structure = False

Attempting prediction for YCR024C
No prediction will be run:
has_verified_seq = True
DeepTMHMM_class = GLOB
structure_exists = 1.0
sequence_matches_structure = False

Attempting prediction for YDL066W
No prediction will be run:
has_verified_seq = True
DeepTMHMM_class = GLOB
structure_exists = 1.0
sequence_matches_structure = False

Attempting prediction for YDL178W
No prediction will be run:
has_verified_seq = True
DeepTMHMM_class = GLOB
structure_exists = 1.0
sequence_matches_structure = False

Attempting prediction for YDR019C
No prediction will be run:
has_verified_seq = True
DeepTMHMM_class = GLOB
structure_exists = 1.0
sequence_matches_structure = False

Attempting prediction for YDR065W
No prediction will be run:
has_verified_seq = True
DeepTMHMM_class = GLOB
structure_exists = 1.0
sequence_matches_structure = False

Attempting prediction for YDR204W
No prediction will be run:
has_verified_seq = True
DeepTMHMM_class = GLOB
structure_exists = 1.0
sequence_matches_structure = False

Attempting prediction for YDR234W
No prediction will be run:
has_verified_seq = True
DeepTMHMM_class = GLOB
structure_exists = 1.0
sequence_matches_structure = False

Attempting prediction for YER014W
No prediction will be run:
has_verified_seq = True
DeepTMHMM_class = GLOB
structure_exists = 1.0
sequence_matches_structure = False

Attempting prediction for YER087W
No prediction will be run:
has_verified_seq = True
DeepTMHMM_class = GLOB
structure_exists = 1.0
sequence_matches_structure = False

Attempting prediction for YFL016C
No prediction will be run:
has_verified_seq = True
DeepTMHMM_class = GLOB
structure_exists = 1.0
sequence_matches_structure = False

Attempting prediction for YGL143C
No prediction will be run:
has_verified_seq = True
DeepTMHMM_class = GLOB
structure_exists = 1.0
sequence_matches_structure = False

Attempting prediction for YGL256W
No prediction will be run:
has_verified_seq = True
DeepTMHMM_class = GLOB
structure_exists = 1.0
sequence_matches_structure = False

Attempting prediction for YHL014C
No prediction will be run:
has_verified_seq = True
DeepTMHMM_class = GLOB
structure_exists = 1.0
sequence_matches_structure = False

Attempting prediction for YHL018W
No prediction will be run:
has_verified_seq = True
DeepTMHMM_class = GLOB
structure_exists = 1.0
sequence_matches_structure = False

Attempting prediction for YHR008C
No prediction will be run:
has_verified_seq = True
DeepTMHMM_class = GLOB
structure_exists = 1.0
sequence_matches_structure = False

Attempting prediction for YIL051C
No prediction will be run:
has_verified_seq = True
DeepTMHMM_class = GLOB
structure_exists = 1.0
sequence_matches_structure = False

Attempting prediction for YJL071W
No prediction will be run:
has_verified_seq = True
DeepTMHMM_class = GLOB
structure_exists = 1.0
sequence_matches_structure = False

Attempting prediction for YJR122W
No prediction will be run:
has_verified_seq = True
DeepTMHMM_class = GLOB
structure_exists = 1.0
sequence_matches_structure = False

Attempting prediction for YKL134C
No prediction will be run:
has_verified_seq = True
DeepTMHMM_class = GLOB
structure_exists = 1.0
sequence_matches_structure = False

Attempting prediction for YLR192C
No prediction will be run:
has_verified_seq = True
DeepTMHMM_class = GLOB
structure_exists = 1.0
sequence_matches_structure = False

Attempting prediction for YLR290C
No prediction will be run:
has_verified_seq = True
DeepTMHMM_class = GLOB
structure_exists = 1.0
sequence_matches_structure = False

Attempting prediction for YLR393W
No prediction will be run:
has_verified_seq = True
DeepTMHMM_class = GLOB
structure_exists = 1.0
sequence_matches_structure = False

Attempting prediction for YLR369W
No prediction will be run:
has_verified_seq = True
DeepTMHMM_class = GLOB
structure_exists = 1.0
sequence_matches_structure = False

Attempting prediction for YML110C
No prediction will be run:
has_verified_seq = True
DeepTMHMM_class = GLOB
structure_exists = 1.0
sequence_matches_structure = False

Attempting prediction for YMR072W
No prediction will be run:
has_verified_seq = True
DeepTMHMM_class = GLOB
structure_exists = 1.0
sequence_matches_structure = False

Attempting prediction for YNL168C
No prediction will be run:
has_verified_seq = True
DeepTMHMM_class = GLOB
structure_exists = 1.0
sequence_matches_structure = False

Attempting prediction for YOL008W
No prediction will be run:
has_verified_seq = True
DeepTMHMM_class = GLOB
structure_exists = 1.0
sequence_matches_structure = False

Attempting prediction for YOR022C
No prediction will be run:
has_verified_seq = True
DeepTMHMM_class = GLOB
structure_exists = 1.0
sequence_matches_structure = False

Attempting prediction for YOR142W
No prediction will be run:
has_verified_seq = True
DeepTMHMM_class = GLOB
structure_exists = 1.0
sequence_matches_structure = False

Attempting prediction for YOR356W
No prediction will be run:
has_verified_seq = True
DeepTMHMM_class = GLOB
structure_exists = 1.0
sequence_matches_structure = False

Attempting prediction for YPL104W
No prediction will be run:
has_verified_seq = True
DeepTMHMM_class = GLOB
structure_exists = 1.0
sequence_matches_structure = False

Attempting prediction for YPL188W
No prediction will be run:
has_verified_seq = True
DeepTMHMM_class = GLOB
structure_exists = 1.0
sequence_matches_structure = False

Attempting prediction for YPL135W
No prediction will be run:
has_verified_seq = True
DeepTMHMM_class = GLOB
structure_exists = 1.0
sequence_matches_structure = False

Attempting prediction for YPR116W
No prediction will be run:
has_verified_seq = True
DeepTMHMM_class = GLOB
structure_exists = 1.0
sequence_matches_structure = False

Attempting prediction for YDR280W
No prediction will be run:
has_verified_seq = True
DeepTMHMM_class = GLOB
structure_exists = 1.0
sequence_matches_structure = False

Attempting prediction for YGR111W
No prediction will be run:
has_verified_seq = True
DeepTMHMM_class = GLOB
structure_exists = 1.0
sequence_matches_structure = False

Attempting prediction for YBL101C
No prediction will be run:
has_verified_seq = True
DeepTMHMM_class = GLOB
structure_exists = 1.0
sequence_matches_structure = False

Attempting prediction for YPL183C
No prediction will be run:
has_verified_seq = True
DeepTMHMM_class = GLOB
structure_exists = 1.0
sequence_matches_structure = False

Attempting prediction for YBL102W
No prediction will be run:
has_verified_seq = True
DeepTMHMM_class = TM
structure_exists = 1.0
sequence_matches_structure = False

Attempting prediction for YPR100W
No prediction will be run:
has_verified_seq = True
DeepTMHMM_class = GLOB
structure_exists = 1.0
sequence_matches_structure = False

Attempting prediction for YKL067W
No prediction will be run:
has_verified_seq = True
DeepTMHMM_class = GLOB
structure_exists = 1.0
sequence_matches_structure = False

Attempting prediction for YBL103C
No prediction will be run:
has_verified_seq = True
DeepTMHMM_class = GLOB
structure_exists = 1.0
sequence_matches_structure = False

Attempting prediction for YOL067C
No prediction will be run:
has_verified_seq = True
DeepTMHMM_class = GLOB
structure_exists = 1.0
sequence_matches_structure = False

Attempting prediction for YBL104C
No prediction will be run:
has_verified_seq = True
DeepTMHMM_class = GLOB
structure_exists = 1.0
sequence_matches_structure = False

Attempting prediction for YDR128W
No prediction will be run:
has_verified_seq = True
DeepTMHMM_class = GLOB
structure_exists = 1.0
sequence_matches_structure = False

Attempting prediction for YGL100W
No prediction will be run:
has_verified_seq = True
DeepTMHMM_class = GLOB
structure_exists = 1.0
sequence_matches_structure = False

Attempting prediction for YEL062W
No prediction will be run:
has_verified_seq = True
DeepTMHMM_class = GLOB
structure_exists = 1.0
sequence_matches_structure = False

Attempting prediction for YJR138W
No prediction will be run:
has_verified_seq = True
DeepTMHMM_class = GLOB
structure_exists = 1.0
sequence_matches_structure = False

Attempting prediction for YHL023C
No prediction will be run:
has_verified_seq = True
DeepTMHMM_class = GLOB
structure_exists = 1.0
sequence_matches_structure = False

Attempting prediction for YOL138C
No prediction will be run:
has_verified_seq = True
DeepTMHMM_class = GLOB
structure_exists = 1.0
sequence_matches_structure = False

Attempting prediction for YHR073W
No prediction will be run:
has_verified_seq = True
DeepTMHMM_class = GLOB
structure_exists = 1.0
sequence_matches_structure = False

Attempting prediction for YLR310C
No prediction will be run:
has_verified_seq = True
DeepTMHMM_class = GLOB
structure_exists = 1.0
sequence_matches_structure = False

Attempting prediction for YMR210W
No prediction will be run:
has_verified_seq = True
DeepTMHMM_class = GLOB
structure_exists = 1.0
sequence_matches_structure = False

Attempting prediction for YEL020C
No prediction will be run:
has_verified_seq = True
DeepTMHMM_class = GLOB
structure_exists = 1.0
sequence_matches_structure = False

Attempting prediction for YDR283C
No prediction will be run:
has_verified_seq = True
DeepTMHMM_class = GLOB
structure_exists = 1.0
sequence_matches_structure = False

Attempting prediction for YBR001C
No prediction will be run:
has_verified_seq = True
DeepTMHMM_class = GLOB
structure_exists = 1.0
sequence_matches_structure = False

Attempting prediction for YMR298W
No prediction will be run:
has_verified_seq = True
DeepTMHMM_class = TM
structure_exists = 1.0
sequence_matches_structure = False

Attempting prediction for YBL105C
No prediction will be run:
has_verified_seq = True
DeepTMHMM_class = GLOB
structure_exists = 1.0
sequence_matches_structure = False

Attempting prediction for YBR002C
No prediction will be run:
has_verified_seq = True
DeepTMHMM_class = GLOB
structure_exists = 1.0
sequence_matches_structure = False

Attempting prediction for YKR067W
No prediction will be run:
has_verified_seq = True
DeepTMHMM_class = TM
structure_exists = 1.0
sequence_matches_structure = False

Attempting prediction for YDL193W
No prediction will be run:
has_verified_seq = True
DeepTMHMM_class = GLOB
structure_exists = 1.0
sequence_matches_structure = False

Attempting prediction for YBR006W
No prediction will be run:
has_verified_seq = True
DeepTMHMM_class = GLOB
structure_exists = 1.0
sequence_matches_structure = False

Attempting prediction for YPL061W
No prediction will be run:
has_verified_seq = True
DeepTMHMM_class = GLOB
structure_exists = 1.0
sequence_matches_structure = False

Attempting prediction for YDL150W
No prediction will be run:
has_verified_seq = True
DeepTMHMM_class = GLOB
structure_exists = 1.0
sequence_matches_structure = False

Attempting prediction for YBL039C
No prediction will be run:
has_verified_seq = True
DeepTMHMM_class = GLOB
structure_exists = 1.0
sequence_matches_structure = False

Attempting prediction for YAL005C
No prediction will be run:
has_verified_seq = True
DeepTMHMM_class = GLOB
structure_exists = 1.0
sequence_matches_structure = False

Attempting prediction for YDL137W
No prediction will be run:
has_verified_seq = True
DeepTMHMM_class = GLOB
structure_exists = 1.0
sequence_matches_structure = False

Attempting prediction for YDR502C
No prediction will be run:
has_verified_seq = True
DeepTMHMM_class = GLOB
structure_exists = 1.0
sequence_matches_structure = False

Attempting prediction for YDR391C
No prediction will be run:
has_verified_seq = True
DeepTMHMM_class = GLOB
structure_exists = 1.0
sequence_matches_structure = False

Attempting prediction for YGL001C
No prediction will be run:
has_verified_seq = True
DeepTMHMM_class = GLOB
structure_exists = 1.0
sequence_matches_structure = False

Attempting prediction for YER103W
No prediction will be run:
has_verified_seq = True
DeepTMHMM_class = GLOB
structure_exists = 1.0
sequence_matches_structure = False

Attempting prediction for YHR113W
No prediction will be run:
has_verified_seq = True
DeepTMHMM_class = GLOB
structure_exists = 1.0
sequence_matches_structure = False

Attempting prediction for YGL201C
No prediction will be run:
has_verified_seq = True
DeepTMHMM_class = GLOB
structure_exists = 1.0
sequence_matches_structure = False

Attempting prediction for YJL173C
No prediction will be run:
has_verified_seq = True
DeepTMHMM_class = GLOB
structure_exists = 1.0
sequence_matches_structure = False

Attempting prediction for YKL094W
No prediction will be run:
has_verified_seq = True
DeepTMHMM_class = GLOB
structure_exists = 1.0
sequence_matches_structure = False

Attempting prediction for YLL024C
No prediction will be run:
has_verified_seq = True
DeepTMHMM_class = GLOB
structure_exists = 1.0
sequence_matches_structure = False

Attempting prediction for YML004C
No prediction will be run:
has_verified_seq = True
DeepTMHMM_class = GLOB
structure_exists = 1.0
sequence_matches_structure = False

Attempting prediction for YMR246W
No prediction will be run:
has_verified_seq = True
DeepTMHMM_class = GLOB
structure_exists = 1.0
sequence_matches_structure = False

Attempting prediction for YLL050C
No prediction will be run:
has_verified_seq = True
DeepTMHMM_class = GLOB
structure_exists = 1.0
sequence_matches_structure = False

Attempting prediction for YPL262W
No prediction will be run:
has_verified_seq = True
DeepTMHMM_class = GLOB
structure_exists = 1.0
sequence_matches_structure = False

Attempting prediction for YJL115W
No prediction will be run:
has_verified_seq = True
DeepTMHMM_class = GLOB
structure_exists = 1.0
sequence_matches_structure = False

Attempting prediction for YBR215W
No prediction will be run:
has_verified_seq = True
DeepTMHMM_class = GLOB
structure_exists = 1.0
sequence_matches_structure = False

Attempting prediction for YBL008W
No prediction will be run:
has_verified_seq = True
DeepTMHMM_class = GLOB
structure_exists = 1.0
sequence_matches_structure = False

Attempting prediction for YJR140C
No prediction will be run:
has_verified_seq = True
DeepTMHMM_class = GLOB
structure_exists = 1.0
sequence_matches_structure = False

Attempting prediction for YPL153C
No prediction will be run:
has_verified_seq = True
DeepTMHMM_class = GLOB
structure_exists = 1.0
sequence_matches_structure = False

Attempting prediction for YOR038C
No prediction will be run:
has_verified_seq = True
DeepTMHMM_class = GLOB
structure_exists = 1.0
sequence_matches_structure = False

Attempting prediction for YDR087C
No prediction will be run:
has_verified_seq = True
DeepTMHMM_class = GLOB
structure_exists = 1.0
sequence_matches_structure = False

Attempting prediction for YBR010W
No prediction will be run:
has_verified_seq = True
DeepTMHMM_class = GLOB
structure_exists = 1.0
sequence_matches_structure = False

Attempting prediction for YBL028C
No prediction will be run:
has_verified_seq = True
DeepTMHMM_class = GLOB
structure_exists = 1.0
sequence_matches_structure = False

Attempting prediction for YDR312W
No prediction will be run:
has_verified_seq = True
DeepTMHMM_class = GLOB
structure_exists = 1.0
sequence_matches_structure = False

Attempting prediction for YDR224C;YBL002W
No prediction will be run:
has_verified_seq = False
DeepTMHMM_class = nan
structure_exists = nan
sequence_matches_structure = False

Attempting prediction for YDR496C
No prediction will be run:
has_verified_seq = True
DeepTMHMM_class = GLOB
structure_exists = 1.0
sequence_matches_structure = False

Attempting prediction for YER006W
No prediction will be run:
has_verified_seq = True
DeepTMHMM_class = GLOB
structure_exists = 1.0
sequence_matches_structure = False

Attempting prediction for YER002W
No prediction will be run:
has_verified_seq = True
DeepTMHMM_class = GLOB
structure_exists = 1.0
sequence_matches_structure = False

Attempting prediction for YER164W
No prediction will be run:
has_verified_seq = True
DeepTMHMM_class = GLOB
structure_exists = 1.0
sequence_matches_structure = False

Attempting prediction for YER126C
No prediction will be run:
has_verified_seq = True
DeepTMHMM_class = GLOB
structure_exists = 1.0
sequence_matches_structure = False

Attempting prediction for YGL111W
No prediction will be run:
has_verified_seq = True
DeepTMHMM_class = GLOB
structure_exists = 1.0
sequence_matches_structure = False

Attempting prediction for YFR001W
No prediction will be run:
has_verified_seq = True
DeepTMHMM_class = GLOB
structure_exists = 1.0
sequence_matches_structure = False

Attempting prediction for YHR052W
No prediction will be run:
has_verified_seq = True
DeepTMHMM_class = GLOB
structure_exists = 1.0
sequence_matches_structure = False

Attempting prediction for YGR103W
No prediction will be run:
has_verified_seq = True
DeepTMHMM_class = GLOB
structure_exists = 1.0
sequence_matches_structure = False

Attempting prediction for YHR066W
No prediction will be run:
has_verified_seq = True
DeepTMHMM_class = GLOB
structure_exists = 1.0
sequence_matches_structure = False

Attempting prediction for YKL009W
No prediction will be run:
has_verified_seq = True
DeepTMHMM_class = GLOB
structure_exists = 1.0
sequence_matches_structure = False

Attempting prediction for YMR131C
No prediction will be run:
has_verified_seq = True
DeepTMHMM_class = GLOB
structure_exists = 1.0
sequence_matches_structure = False

Attempting prediction for YNL022C
No prediction will be run:
has_verified_seq = True
DeepTMHMM_class = GLOB
structure_exists = 1.0
sequence_matches_structure = False

Attempting prediction for YNL031C
No prediction will be run:
has_verified_seq = True
DeepTMHMM_class = GLOB
structure_exists = 1.0
sequence_matches_structure = False

Attempting prediction for YNL030W
No prediction will be run:
has_verified_seq = True
DeepTMHMM_class = GLOB
structure_exists = 1.0
sequence_matches_structure = False

Attempting prediction for YNR053C
No prediction will be run:
has_verified_seq = True
DeepTMHMM_class = GLOB
structure_exists = 1.0
sequence_matches_structure = False

Attempting prediction for YPL146C
No prediction will be run:
has_verified_seq = True
DeepTMHMM_class = GLOB
structure_exists = 1.0
sequence_matches_structure = False

Attempting prediction for YFL002C
No prediction will be run:
has_verified_seq = True
DeepTMHMM_class = GLOB
structure_exists = 1.0
sequence_matches_structure = False

Attempting prediction for YPR169W
No prediction will be run:
has_verified_seq = True
DeepTMHMM_class = GLOB
structure_exists = 1.0
sequence_matches_structure = False

Attempting prediction for YLL022C
No prediction will be run:
has_verified_seq = True
DeepTMHMM_class = GLOB
structure_exists = 1.0
sequence_matches_structure = False

Attempting prediction for YEL056W
No prediction will be run:
has_verified_seq = True
DeepTMHMM_class = GLOB
structure_exists = 1.0
sequence_matches_structure = False

Attempting prediction for YPL001W
No prediction will be run:
has_verified_seq = True
DeepTMHMM_class = GLOB
structure_exists = 1.0
sequence_matches_structure = False

Attempting prediction for YOR061W
No prediction will be run:
has_verified_seq = True
DeepTMHMM_class = GLOB
structure_exists = 1.0
sequence_matches_structure = False

Attempting prediction for YDR334W
No prediction will be run:
has_verified_seq = True
DeepTMHMM_class = GLOB
structure_exists = 1.0
sequence_matches_structure = False

Attempting prediction for YIL035C
No prediction will be run:
has_verified_seq = True
DeepTMHMM_class = GLOB
structure_exists = 1.0
sequence_matches_structure = False

Attempting prediction for YER003C
No prediction will be run:
has_verified_seq = True
DeepTMHMM_class = GLOB
structure_exists = 1.0
sequence_matches_structure = False

Attempting prediction for YJL129C
No prediction will be run:
has_verified_seq = True
DeepTMHMM_class = TM
structure_exists = 1.0
sequence_matches_structure = False

Attempting prediction for YHR131C
No prediction will be run:
has_verified_seq = True
DeepTMHMM_class = GLOB
structure_exists = 1.0
sequence_matches_structure = False

Attempting prediction for YLR399C
No prediction will be run:
has_verified_seq = True
DeepTMHMM_class = GLOB
structure_exists = 1.0
sequence_matches_structure = False

Attempting prediction for YLR223C
No prediction will be run:
has_verified_seq = True
DeepTMHMM_class = GLOB
structure_exists = 1.0
sequence_matches_structure = False

Attempting prediction for YMR172W
No prediction will be run:
has_verified_seq = True
DeepTMHMM_class = GLOB
structure_exists = 1.0
sequence_matches_structure = False

Attempting prediction for YOR039W
No prediction will be run:
has_verified_seq = True
DeepTMHMM_class = GLOB
structure_exists = 1.0
sequence_matches_structure = False

Attempting prediction for YBR011C
No prediction will be run:
has_verified_seq = True
DeepTMHMM_class = GLOB
structure_exists = 1.0
sequence_matches_structure = False

Attempting prediction for YGR070W
No prediction will be run:
has_verified_seq = True
DeepTMHMM_class = GLOB
structure_exists = 1.0
sequence_matches_structure = False

Attempting prediction for YDL203C
No prediction will be run:
has_verified_seq = True
DeepTMHMM_class = GLOB
structure_exists = 1.0
sequence_matches_structure = False

Attempting prediction for YLR371W
No prediction will be run:
has_verified_seq = True
DeepTMHMM_class = GLOB
structure_exists = 1.0
sequence_matches_structure = False

Attempting prediction for YMR037C
No prediction will be run:
has_verified_seq = True
DeepTMHMM_class = GLOB
structure_exists = 1.0
sequence_matches_structure = False

Attempting prediction for YPL066W
No prediction will be run:
has_verified_seq = True
DeepTMHMM_class = GLOB
structure_exists = 1.0
sequence_matches_structure = False

Attempting prediction for YMR267W
No prediction will be run:
has_verified_seq = True
DeepTMHMM_class = GLOB
structure_exists = 1.0
sequence_matches_structure = False

Attempting prediction for YPR133C
No prediction will be run:
has_verified_seq = True
DeepTMHMM_class = GLOB
structure_exists = 1.0
sequence_matches_structure = False

Attempting prediction for YPR187W
No prediction will be run:
has_verified_seq = True
DeepTMHMM_class = GLOB
structure_exists = 1.0
sequence_matches_structure = False

Attempting prediction for YGR005C
No prediction will be run:
has_verified_seq = True
DeepTMHMM_class = GLOB
structure_exists = 1.0
sequence_matches_structure = False

Attempting prediction for YBR083W
No prediction will be run:
has_verified_seq = True
DeepTMHMM_class = GLOB
structure_exists = 1.0
sequence_matches_structure = False

Attempting prediction for YOR303W
No prediction will be run:
has_verified_seq = True
DeepTMHMM_class = GLOB
structure_exists = 1.0
sequence_matches_structure = False

Attempting prediction for YDL198C
No prediction will be run:
has_verified_seq = True
DeepTMHMM_class = TM
structure_exists = 1.0
sequence_matches_structure = False

Attempting prediction for YNR001C
No prediction will be run:
has_verified_seq = True
DeepTMHMM_class = GLOB
structure_exists = 1.0
sequence_matches_structure = False

Attempting prediction for YOR189W
No prediction will be run:
has_verified_seq = True
DeepTMHMM_class = GLOB
structure_exists = 1.0
sequence_matches_structure = False

Attempting prediction for YBR014C
No prediction will be run:
has_verified_seq = True
DeepTMHMM_class = SP
structure_exists = 1.0
sequence_matches_structure = False

Attempting prediction for YFL039C
No prediction will be run:
has_verified_seq = True
DeepTMHMM_class = GLOB
structure_exists = 1.0
sequence_matches_structure = False

Attempting prediction for YPR184W
No prediction will be run:
has_verified_seq = True
DeepTMHMM_class = GLOB
structure_exists = 1.0
sequence_matches_structure = False

Attempting prediction for YGR010W
No prediction will be run:
has_verified_seq = True
DeepTMHMM_class = GLOB
structure_exists = 1.0
sequence_matches_structure = False

Attempting prediction for YKL011C
No prediction will be run:
has_verified_seq = True
DeepTMHMM_class = GLOB
structure_exists = 1.0
sequence_matches_structure = False

Attempting prediction for YOR006C
No prediction will be run:
has_verified_seq = True
DeepTMHMM_class = GLOB
structure_exists = 1.0
sequence_matches_structure = False

Attempting prediction for YER032W
No prediction will be run:
has_verified_seq = True
DeepTMHMM_class = GLOB
structure_exists = 1.0
sequence_matches_structure = False

Attempting prediction for YDR069C
No prediction will be run:
has_verified_seq = True
DeepTMHMM_class = GLOB
structure_exists = 1.0
sequence_matches_structure = False

Attempting prediction for YDR395W
No prediction will be run:
has_verified_seq = True
DeepTMHMM_class = GLOB
structure_exists = 1.0
sequence_matches_structure = False

Attempting prediction for YER110C
No prediction will be run:
has_verified_seq = True
DeepTMHMM_class = GLOB
structure_exists = 1.0
sequence_matches_structure = False

Attempting prediction for YHR007C
No prediction will be run:
has_verified_seq = True
DeepTMHMM_class = GLOB
structure_exists = 1.0
sequence_matches_structure = False

Attempting prediction for YMR308C
No prediction will be run:
has_verified_seq = True
DeepTMHMM_class = GLOB
structure_exists = 1.0
sequence_matches_structure = False

Attempting prediction for YKL209C
No prediction will be run:
has_verified_seq = True
DeepTMHMM_class = TM
structure_exists = 1.0
sequence_matches_structure = False

Attempting prediction for YGR032W
No prediction will be run:
has_verified_seq = True
DeepTMHMM_class = TM
structure_exists = 1.0
sequence_matches_structure = False

Attempting prediction for YNL323W
No prediction will be run:
has_verified_seq = True
DeepTMHMM_class = TM
structure_exists = 1.0
sequence_matches_structure = False

Attempting prediction for YPL265W
No prediction will be run:
has_verified_seq = True
DeepTMHMM_class = TM
structure_exists = 1.0
sequence_matches_structure = False

Attempting prediction for YOR327C
No prediction will be run:
has_verified_seq = True
DeepTMHMM_class = TM
structure_exists = 1.0
sequence_matches_structure = False

Attempting prediction for YDR264C
No prediction will be run:
has_verified_seq = True
DeepTMHMM_class = TM
structure_exists = 1.0
sequence_matches_structure = False

Attempting prediction for YBL050W
No prediction will be run:
has_verified_seq = True
DeepTMHMM_class = GLOB
structure_exists = 1.0
sequence_matches_structure = False

Attempting prediction for YER001W
No prediction will be run:
has_verified_seq = True
DeepTMHMM_class = TM
structure_exists = 1.0
sequence_matches_structure = False

Attempting prediction for YEL042W
No prediction will be run:
has_verified_seq = True
DeepTMHMM_class = TM
structure_exists = 1.0
sequence_matches_structure = False

Attempting prediction for YGL160W
No prediction will be run:
has_verified_seq = True
DeepTMHMM_class = TM
structure_exists = 1.0
sequence_matches_structure = False

Attempting prediction for YHL031C
No prediction will be run:
has_verified_seq = True
DeepTMHMM_class = TM
structure_exists = 1.0
sequence_matches_structure = False

Attempting prediction for YGL203C
No prediction will be run:
has_verified_seq = True
DeepTMHMM_class = SP+TM
structure_exists = 1.0
sequence_matches_structure = False

Attempting prediction for YIL005W
No prediction will be run:
has_verified_seq = True
DeepTMHMM_class = SP+TM
structure_exists = 1.0
sequence_matches_structure = False

Attempting prediction for YHR042W
No prediction will be run:
has_verified_seq = True
DeepTMHMM_class = TM
structure_exists = 1.0
sequence_matches_structure = False

Attempting prediction for YJR086W
No prediction will be run:
has_verified_seq = True
DeepTMHMM_class = GLOB
structure_exists = 1.0
sequence_matches_structure = False

Attempting prediction for YJL198W
No prediction will be run:
has_verified_seq = True
DeepTMHMM_class = TM
structure_exists = 1.0
sequence_matches_structure = False

Attempting prediction for YMR054W
No prediction will be run:
has_verified_seq = True
DeepTMHMM_class = TM
structure_exists = 1.0
sequence_matches_structure = False

Attempting prediction for YOR320C
No prediction will be run:
has_verified_seq = True
DeepTMHMM_class = TM
structure_exists = 1.0
sequence_matches_structure = False

Attempting prediction for YOR212W
No prediction will be run:
has_verified_seq = True
DeepTMHMM_class = GLOB
structure_exists = 1.0
sequence_matches_structure = False

Attempting prediction for YDR508C
No prediction will be run:
has_verified_seq = True
DeepTMHMM_class = TM
structure_exists = 1.0
sequence_matches_structure = False

Attempting prediction for YDR182W
No prediction will be run:
has_verified_seq = True
DeepTMHMM_class = TM
structure_exists = 1.0
sequence_matches_structure = False

Attempting prediction for YKL039W
No prediction will be run:
has_verified_seq = True
DeepTMHMM_class = SP+TM
structure_exists = 1.0
sequence_matches_structure = False

Attempting prediction for YHL017W
No prediction will be run:
has_verified_seq = True
DeepTMHMM_class = SP+TM
structure_exists = 1.0
sequence_matches_structure = False

Attempting prediction for YPR037C
No prediction will be run:
has_verified_seq = True
DeepTMHMM_class = SP
structure_exists = 1.0
sequence_matches_structure = False

Attempting prediction for YMR071C
No prediction will be run:
has_verified_seq = True
DeepTMHMM_class = TM
structure_exists = 1.0
sequence_matches_structure = False

Attempting prediction for YDR292C
No prediction will be run:
has_verified_seq = True
DeepTMHMM_class = GLOB
structure_exists = 1.0
sequence_matches_structure = False

Attempting prediction for YHR107C
No prediction will be run:
has_verified_seq = True
DeepTMHMM_class = GLOB
structure_exists = 1.0
sequence_matches_structure = False

Attempting prediction for YMR109W
No prediction will be run:
has_verified_seq = True
DeepTMHMM_class = GLOB
structure_exists = 1.0
sequence_matches_structure = False

Attempting prediction for YNL244C
No prediction will be run:
has_verified_seq = True
DeepTMHMM_class = GLOB
structure_exists = 1.0
sequence_matches_structure = False

Attempting prediction for YPL263C
No prediction will be run:
has_verified_seq = True
DeepTMHMM_class = GLOB
structure_exists = 1.0
sequence_matches_structure = False

Attempting prediction for YPL226W
No prediction will be run:
has_verified_seq = True
DeepTMHMM_class = GLOB
structure_exists = 1.0
sequence_matches_structure = False

Attempting prediction for YPR041W
No prediction will be run:
has_verified_seq = True
DeepTMHMM_class = GLOB
structure_exists = 1.0
sequence_matches_structure = False

Attempting prediction for YBR079C
No prediction will be run:
has_verified_seq = True
DeepTMHMM_class = GLOB
structure_exists = 1.0
sequence_matches_structure = False

Attempting prediction for YJL128C
No prediction will be run:
has_verified_seq = True
DeepTMHMM_class = GLOB
structure_exists = 1.0
sequence_matches_structure = False

Attempting prediction for YOR361C
No prediction will be run:
has_verified_seq = True
DeepTMHMM_class = GLOB
structure_exists = 1.0
sequence_matches_structure = False

Attempting prediction for YMR309C
No prediction will be run:
has_verified_seq = True
DeepTMHMM_class = GLOB
structure_exists = 1.0
sequence_matches_structure = False

Attempting prediction for R0020C
No prediction will be run:
has_verified_seq = False
DeepTMHMM_class = nan
structure_exists = 1.0
sequence_matches_structure = False

Attempting prediction for YAL003W
No prediction will be run:
has_verified_seq = True
DeepTMHMM_class = GLOB
structure_exists = 1.0
sequence_matches_structure = False

Attempting prediction for YFL001W
No prediction will be run:
has_verified_seq = True
DeepTMHMM_class = GLOB
structure_exists = 1.0
sequence_matches_structure = False

Attempting prediction for YMR214W
No prediction will be run:
has_verified_seq = True
DeepTMHMM_class = SP
structure_exists = 1.0
sequence_matches_structure = False

Attempting prediction for YLR104W
No prediction will be run:
has_verified_seq = True
DeepTMHMM_class = SP
structure_exists = 1.0
sequence_matches_structure = False

Attempting prediction for R0040C
No prediction will be run:
has_verified_seq = False
DeepTMHMM_class = nan
structure_exists = 1.0
sequence_matches_structure = False

Attempting prediction for YER025W
No prediction will be run:
has_verified_seq = True
DeepTMHMM_class = GLOB
structure_exists = 1.0
sequence_matches_structure = False

Attempting prediction for YDR258C
No prediction will be run:
has_verified_seq = True
DeepTMHMM_class = GLOB
structure_exists = 1.0
sequence_matches_structure = False

Attempting prediction for YJR007W
No prediction will be run:
has_verified_seq = True
DeepTMHMM_class = GLOB
structure_exists = 1.0
sequence_matches_structure = False

Attempting prediction for YMR146C
No prediction will be run:
has_verified_seq = True
DeepTMHMM_class = GLOB
structure_exists = 1.0
sequence_matches_structure = False

Attempting prediction for YPL237W
No prediction will be run:
has_verified_seq = True
DeepTMHMM_class = GLOB
structure_exists = 1.0
sequence_matches_structure = False

Attempting prediction for YBR097W
No prediction will be run:
has_verified_seq = True
DeepTMHMM_class = GLOB
structure_exists = 1.0
sequence_matches_structure = False

Attempting prediction for YKL192C
No prediction will be run:
has_verified_seq = True
DeepTMHMM_class = GLOB
structure_exists = 1.0
sequence_matches_structure = False

Attempting prediction for YDL073W
No prediction will be run:
has_verified_seq = True
DeepTMHMM_class = GLOB
structure_exists = 1.0
sequence_matches_structure = False

Attempting prediction for YPR135W
No prediction will be run:
has_verified_seq = True
DeepTMHMM_class = GLOB
structure_exists = 1.0
sequence_matches_structure = False

Attempting prediction for YBR094W
No prediction will be run:
has_verified_seq = True
DeepTMHMM_class = GLOB
structure_exists = 1.0
sequence_matches_structure = False

Attempting prediction for YGR167W
No prediction will be run:
has_verified_seq = True
DeepTMHMM_class = GLOB
structure_exists = 1.0
sequence_matches_structure = False

Attempting prediction for YFL014W
No prediction will be run:
has_verified_seq = True
DeepTMHMM_class = GLOB
structure_exists = 1.0
sequence_matches_structure = False

Attempting prediction for YPL143W
No prediction will be run:
has_verified_seq = True
DeepTMHMM_class = GLOB
structure_exists = 1.0
sequence_matches_structure = False

Attempting prediction for YKL121W
No prediction will be run:
has_verified_seq = True
DeepTMHMM_class = GLOB
structure_exists = 1.0
sequence_matches_structure = False

Attempting prediction for YER061C
No prediction will be run:
has_verified_seq = True
DeepTMHMM_class = GLOB
structure_exists = 1.0
sequence_matches_structure = False

Attempting prediction for YBL099W
No prediction will be run:
has_verified_seq = True
DeepTMHMM_class = GLOB
structure_exists = 1.0
sequence_matches_structure = False

Attempting prediction for YJL180C
No prediction will be run:
has_verified_seq = True
DeepTMHMM_class = GLOB
structure_exists = 1.0
sequence_matches_structure = False

Attempting prediction for YPL270W
No prediction will be run:
has_verified_seq = True
DeepTMHMM_class = TM
structure_exists = 1.0
sequence_matches_structure = False

Attempting prediction for YBR028C
No prediction will be run:
has_verified_seq = True
DeepTMHMM_class = GLOB
structure_exists = 1.0
sequence_matches_structure = False

Attempting prediction for YHR086W
No prediction will be run:
has_verified_seq = True
DeepTMHMM_class = GLOB
structure_exists = 1.0
sequence_matches_structure = False

Attempting prediction for YKL012W
No prediction will be run:
has_verified_seq = True
DeepTMHMM_class = GLOB
structure_exists = 1.0
sequence_matches_structure = False

Attempting prediction for YLR275W
No prediction will be run:
has_verified_seq = True
DeepTMHMM_class = GLOB
structure_exists = 1.0
sequence_matches_structure = False

Attempting prediction for YPR182W
No prediction will be run:
has_verified_seq = True
DeepTMHMM_class = GLOB
structure_exists = 1.0
sequence_matches_structure = False

Attempting prediction for YML046W
No prediction will be run:
has_verified_seq = True
DeepTMHMM_class = GLOB
structure_exists = 1.0
sequence_matches_structure = False

Attempting prediction for YMR125W
No prediction will be run:
has_verified_seq = True
DeepTMHMM_class = GLOB
structure_exists = 1.0
sequence_matches_structure = False

Attempting prediction for YLR147C
No prediction will be run:
has_verified_seq = True
DeepTMHMM_class = GLOB
structure_exists = 1.0
sequence_matches_structure = False

Attempting prediction for YMR240C
No prediction will be run:
has_verified_seq = True
DeepTMHMM_class = GLOB
structure_exists = 1.0
sequence_matches_structure = False

Attempting prediction for YOR159C
No prediction will be run:
has_verified_seq = True
DeepTMHMM_class = GLOB
structure_exists = 1.0
sequence_matches_structure = False

Attempting prediction for YBR248C
No prediction will be run:
has_verified_seq = True
DeepTMHMM_class = GLOB
structure_exists = 1.0
sequence_matches_structure = False

Attempting prediction for YPL148C
No prediction will be run:
has_verified_seq = True
DeepTMHMM_class = GLOB
structure_exists = 1.0
sequence_matches_structure = False

Attempting prediction for YBR030W
No prediction will be run:
has_verified_seq = True
DeepTMHMM_class = GLOB
structure_exists = 1.0
sequence_matches_structure = False

Attempting prediction for YCR028C-A
No prediction will be run:
has_verified_seq = True
DeepTMHMM_class = GLOB
structure_exists = 1.0
sequence_matches_structure = False

Attempting prediction for YOR374W
No prediction will be run:
has_verified_seq = True
DeepTMHMM_class = GLOB
structure_exists = 1.0
sequence_matches_structure = False

Attempting prediction for YDR171W
No prediction will be run:
has_verified_seq = True
DeepTMHMM_class = GLOB
structure_exists = 1.0
sequence_matches_structure = False

Attempting prediction for YFR016C
No prediction will be run:
has_verified_seq = True
DeepTMHMM_class = GLOB
structure_exists = 1.0
sequence_matches_structure = False

Attempting prediction for YGL103W
No prediction will be run:
has_verified_seq = True
DeepTMHMM_class = GLOB
structure_exists = 1.0
sequence_matches_structure = False

Attempting prediction for YBR073W
No prediction will be run:
has_verified_seq = True
DeepTMHMM_class = GLOB
structure_exists = 1.0
sequence_matches_structure = False

Attempting prediction for YAL059W
No prediction will be run:
has_verified_seq = True
DeepTMHMM_class = GLOB
structure_exists = 1.0
sequence_matches_structure = False

Attempting prediction for YGL013C
No prediction will be run:
has_verified_seq = True
DeepTMHMM_class = GLOB
structure_exists = 1.0
sequence_matches_structure = False

Attempting prediction for YDR333C
No prediction will be run:
has_verified_seq = True
DeepTMHMM_class = GLOB
structure_exists = 1.0
sequence_matches_structure = False

Attempting prediction for YLR029C
No prediction will be run:
has_verified_seq = True
DeepTMHMM_class = GLOB
structure_exists = 1.0
sequence_matches_structure = False

Attempting prediction for YHR146W
No prediction will be run:
has_verified_seq = True
DeepTMHMM_class = GLOB
structure_exists = 1.0
sequence_matches_structure = False

Attempting prediction for YNL067W
No prediction will be run:
has_verified_seq = True
DeepTMHMM_class = GLOB
structure_exists = 1.0
sequence_matches_structure = False

Attempting prediction for YLR340W
No prediction will be run:
has_verified_seq = True
DeepTMHMM_class = GLOB
structure_exists = 1.0
sequence_matches_structure = False

Attempting prediction for YOL127W
No prediction will be run:
has_verified_seq = True
DeepTMHMM_class = GLOB
structure_exists = 1.0
sequence_matches_structure = False

Attempting prediction for YDR119W
No prediction will be run:
has_verified_seq = True
DeepTMHMM_class = TM
structure_exists = 1.0
sequence_matches_structure = False

Attempting prediction for YBR074W
No prediction will be run:
has_verified_seq = True
DeepTMHMM_class = TM
structure_exists = 1.0
sequence_matches_structure = False

Attempting prediction for YNR013C
No prediction will be run:
has_verified_seq = True
DeepTMHMM_class = TM
structure_exists = 1.0
sequence_matches_structure = False

Attempting prediction for YDL001W
No prediction will be run:
has_verified_seq = True
DeepTMHMM_class = TM
structure_exists = 1.0
sequence_matches_structure = False

Attempting prediction for YCR011C
No prediction will be run:
has_verified_seq = True
DeepTMHMM_class = SP+TM
structure_exists = 1.0
sequence_matches_structure = False

Attempting prediction for YGR125W
No prediction will be run:
has_verified_seq = True
DeepTMHMM_class = TM
structure_exists = 1.0
sequence_matches_structure = False

Attempting prediction for YFR048W
No prediction will be run:
has_verified_seq = True
DeepTMHMM_class = TM
structure_exists = 1.0
sequence_matches_structure = False

Attempting prediction for YIL047C
No prediction will be run:
has_verified_seq = True
DeepTMHMM_class = TM
structure_exists = 1.0
sequence_matches_structure = False

Attempting prediction for YHR039C-A
No prediction will be run:
has_verified_seq = True
DeepTMHMM_class = GLOB
structure_exists = 1.0
sequence_matches_structure = False

Attempting prediction for YNL321W
No prediction will be run:
has_verified_seq = True
DeepTMHMM_class = TM
structure_exists = 1.0
sequence_matches_structure = False

Attempting prediction for YLR093C
No prediction will be run:
has_verified_seq = True
DeepTMHMM_class = TM
structure_exists = 1.0
sequence_matches_structure = False

Attempting prediction for YOR270C
No prediction will be run:
has_verified_seq = True
DeepTMHMM_class = TM
structure_exists = 1.0
sequence_matches_structure = False

Attempting prediction for YOR087W
No prediction will be run:
has_verified_seq = True
DeepTMHMM_class = TM
structure_exists = 1.0
sequence_matches_structure = False

Attempting prediction for YOR332W
No prediction will be run:
has_verified_seq = True
DeepTMHMM_class = GLOB
structure_exists = 1.0
sequence_matches_structure = False

Attempting prediction for YOR291W
No prediction will be run:
has_verified_seq = True
DeepTMHMM_class = TM
structure_exists = 1.0
sequence_matches_structure = False

Attempting prediction for YBR036C
No prediction will be run:
has_verified_seq = True
DeepTMHMM_class = TM
structure_exists = 1.0
sequence_matches_structure = False

Attempting prediction for YPL057C
No prediction will be run:
has_verified_seq = True
DeepTMHMM_class = TM
structure_exists = 1.0
sequence_matches_structure = False

Attempting prediction for YPL082C
No prediction will be run:
has_verified_seq = True
DeepTMHMM_class = GLOB
structure_exists = 1.0
sequence_matches_structure = False

Attempting prediction for YBR043C
No prediction will be run:
has_verified_seq = True
DeepTMHMM_class = TM
structure_exists = 1.0
sequence_matches_structure = False

Attempting prediction for YBR042C
No prediction will be run:
has_verified_seq = True
DeepTMHMM_class = TM
structure_exists = 1.0
sequence_matches_structure = False

Attempting prediction for YBR046C
No prediction will be run:
has_verified_seq = True
DeepTMHMM_class = GLOB
structure_exists = 1.0
sequence_matches_structure = False

Attempting prediction for YOL036W
No prediction will be run:
has_verified_seq = True
DeepTMHMM_class = GLOB
structure_exists = 1.0
sequence_matches_structure = False

Attempting prediction for YBR048W
No prediction will be run:
has_verified_seq = True
DeepTMHMM_class = GLOB
structure_exists = 1.0
sequence_matches_structure = False

Attempting prediction for YGR189C
No prediction will be run:
has_verified_seq = True
DeepTMHMM_class = SP
structure_exists = 1.0
sequence_matches_structure = False

Attempting prediction for YBR029C
No prediction will be run:
has_verified_seq = True
DeepTMHMM_class = TM
structure_exists = 1.0
sequence_matches_structure = False

Attempting prediction for YBR044C
No prediction will be run:
has_verified_seq = True
DeepTMHMM_class = GLOB
structure_exists = 1.0
sequence_matches_structure = False

Attempting prediction for YBR049C
No prediction will be run:
has_verified_seq = True
DeepTMHMM_class = GLOB
structure_exists = 1.0
sequence_matches_structure = False

Attempting prediction for YLR433C
No prediction will be run:
has_verified_seq = True
DeepTMHMM_class = GLOB
structure_exists = 1.0
sequence_matches_structure = False

Attempting prediction for YBR109C
No prediction will be run:
has_verified_seq = True
DeepTMHMM_class = GLOB
structure_exists = 1.0
sequence_matches_structure = False

Attempting prediction for YML057W
No prediction will be run:
has_verified_seq = True
DeepTMHMM_class = GLOB
structure_exists = 1.0
sequence_matches_structure = False

Attempting prediction for YCR004C
No prediction will be run:
has_verified_seq = True
DeepTMHMM_class = GLOB
structure_exists = 1.0
sequence_matches_structure = False

Attempting prediction for YDR032C
No prediction will be run:
has_verified_seq = True
DeepTMHMM_class = GLOB
structure_exists = 1.0
sequence_matches_structure = False

Attempting prediction for YPL004C
No prediction will be run:
has_verified_seq = True
DeepTMHMM_class = GLOB
structure_exists = 1.0
sequence_matches_structure = False

Attempting prediction for YBR052C
No prediction will be run:
has_verified_seq = True
DeepTMHMM_class = GLOB
structure_exists = 1.0
sequence_matches_structure = False

Attempting prediction for YBR152W
No prediction will be run:
has_verified_seq = True
DeepTMHMM_class = GLOB
structure_exists = 1.0
sequence_matches_structure = False

Attempting prediction for YDL098C
No prediction will be run:
has_verified_seq = True
DeepTMHMM_class = GLOB
structure_exists = 1.0
sequence_matches_structure = False

Attempting prediction for YER029C
No prediction will be run:
has_verified_seq = True
DeepTMHMM_class = GLOB
structure_exists = 1.0
sequence_matches_structure = False

Attempting prediction for YDR473C
No prediction will be run:
has_verified_seq = True
DeepTMHMM_class = GLOB
structure_exists = 1.0
sequence_matches_structure = False

Attempting prediction for YGR074W
No prediction will be run:
has_verified_seq = True
DeepTMHMM_class = GLOB
structure_exists = 1.0
sequence_matches_structure = False

Attempting prediction for YER172C
No prediction will be run:
has_verified_seq = True
DeepTMHMM_class = GLOB
structure_exists = 1.0
sequence_matches_structure = False

Attempting prediction for YGR091W
No prediction will be run:
has_verified_seq = True
DeepTMHMM_class = GLOB
structure_exists = 1.0
sequence_matches_structure = False

Attempting prediction for YGR075C
No prediction will be run:
has_verified_seq = True
DeepTMHMM_class = GLOB
structure_exists = 1.0
sequence_matches_structure = False

Attempting prediction for YJR022W
No prediction will be run:
has_verified_seq = True
DeepTMHMM_class = GLOB
structure_exists = 1.0
sequence_matches_structure = False

Attempting prediction for YOR308C
No prediction will be run:
has_verified_seq = True
DeepTMHMM_class = GLOB
structure_exists = 1.0
sequence_matches_structure = False

Attempting prediction for YPR178W
No prediction will be run:
has_verified_seq = True
DeepTMHMM_class = GLOB
structure_exists = 1.0
sequence_matches_structure = False

Attempting prediction for YPR082C
No prediction will be run:
has_verified_seq = True
DeepTMHMM_class = GLOB
structure_exists = 1.0
sequence_matches_structure = False

Attempting prediction for YKR022C
No prediction will be run:
has_verified_seq = True
DeepTMHMM_class = GLOB
structure_exists = 1.0
sequence_matches_structure = False

Attempting prediction for YGR196C
No prediction will be run:
has_verified_seq = True
DeepTMHMM_class = GLOB
structure_exists = 1.0
sequence_matches_structure = False

Attempting prediction for YDR239C
No prediction will be run:
has_verified_seq = True
DeepTMHMM_class = GLOB
structure_exists = 1.0
sequence_matches_structure = False

Attempting prediction for YBR057C
No prediction will be run:
has_verified_seq = True
DeepTMHMM_class = GLOB
structure_exists = 1.0
sequence_matches_structure = False

Attempting prediction for YGL036W
No prediction will be run:
has_verified_seq = True
DeepTMHMM_class = GLOB
structure_exists = 1.0
sequence_matches_structure = False

Attempting prediction for YBR058C-A
No prediction will be run:
has_verified_seq = True
DeepTMHMM_class = GLOB
structure_exists = 1.0
sequence_matches_structure = False

Attempting prediction for YDR062W
No prediction will be run:
has_verified_seq = True
DeepTMHMM_class = GLOB
structure_exists = 1.0
sequence_matches_structure = False

Attempting prediction for YMR296C
No prediction will be run:
has_verified_seq = True
DeepTMHMM_class = TM
structure_exists = 1.0
sequence_matches_structure = False

Attempting prediction for YKR089C
No prediction will be run:
has_verified_seq = True
DeepTMHMM_class = GLOB
structure_exists = 1.0
sequence_matches_structure = False

Attempting prediction for YGL141W
No prediction will be run:
has_verified_seq = True
DeepTMHMM_class = GLOB
structure_exists = 1.0
sequence_matches_structure = False

Attempting prediction for YBR059C
No prediction will be run:
has_verified_seq = True
DeepTMHMM_class = GLOB
structure_exists = 1.0
sequence_matches_structure = False

Attempting prediction for YOR128C
No prediction will be run:
has_verified_seq = True
DeepTMHMM_class = GLOB
structure_exists = 1.0
sequence_matches_structure = False

Attempting prediction for YMR259C
No prediction will be run:
has_verified_seq = True
DeepTMHMM_class = GLOB
structure_exists = 1.0
sequence_matches_structure = False

Attempting prediction for YDL112W
No prediction will be run:
has_verified_seq = True
DeepTMHMM_class = GLOB
structure_exists = 1.0
sequence_matches_structure = False

Attempting prediction for YBR067C
No prediction will be run:
has_verified_seq = True
DeepTMHMM_class = SP
structure_exists = 1.0
sequence_matches_structure = False

Attempting prediction for YBR066C
No prediction will be run:
has_verified_seq = True
DeepTMHMM_class = GLOB
structure_exists = 1.0
sequence_matches_structure = False

Attempting prediction for YBR069C
No prediction will be run:
has_verified_seq = True
DeepTMHMM_class = TM
structure_exists = 1.0
sequence_matches_structure = False

Attempting prediction for YEL040W
No prediction will be run:
has_verified_seq = True
DeepTMHMM_class = SP
structure_exists = 1.0
sequence_matches_structure = False

Attempting prediction for YML042W
No prediction will be run:
has_verified_seq = True
DeepTMHMM_class = GLOB
structure_exists = 1.0
sequence_matches_structure = False

Attempting prediction for YLR214W
No prediction will be run:
has_verified_seq = True
DeepTMHMM_class = SP+TM
structure_exists = 1.0
sequence_matches_structure = False

Attempting prediction for YLR138W
No prediction will be run:
has_verified_seq = True
DeepTMHMM_class = TM
structure_exists = 1.0
sequence_matches_structure = False

Attempting prediction for YGR281W
No prediction will be run:
has_verified_seq = True
DeepTMHMM_class = TM
structure_exists = 1.0
sequence_matches_structure = False

Attempting prediction for YMR266W
No prediction will be run:
has_verified_seq = True
DeepTMHMM_class = TM
structure_exists = 1.0
sequence_matches_structure = False

Attempting prediction for YLR413W
No prediction will be run:
has_verified_seq = True
DeepTMHMM_class = TM
structure_exists = 1.0
sequence_matches_structure = False

Attempting prediction for YNL149C
No prediction will be run:
has_verified_seq = True
DeepTMHMM_class = TM
structure_exists = 1.0
sequence_matches_structure = False

Attempting prediction for YBR070C
No prediction will be run:
has_verified_seq = True
DeepTMHMM_class = GLOB
structure_exists = 1.0
sequence_matches_structure = False

Attempting prediction for YCL019W;YDR034C-D;YFL002W-A;YGR161W-B
No prediction will be run:
has_verified_seq = False
DeepTMHMM_class = nan
structure_exists = nan
sequence_matches_structure = False

Attempting prediction for YMR011W
No prediction will be run:
has_verified_seq = True
DeepTMHMM_class = TM
structure_exists = 1.0
sequence_matches_structure = False

Attempting prediction for YKR031C
No prediction will be run:
has_verified_seq = True
DeepTMHMM_class = GLOB
structure_exists = 1.0
sequence_matches_structure = False

Attempting prediction for YPL221W
No prediction will be run:
has_verified_seq = True
DeepTMHMM_class = SP+TM
structure_exists = 1.0
sequence_matches_structure = False

Attempting prediction for YBR023C
No prediction will be run:
has_verified_seq = True
DeepTMHMM_class = TM
structure_exists = 1.0
sequence_matches_structure = False

Attempting prediction for YPL232W
No prediction will be run:
has_verified_seq = True
DeepTMHMM_class = TM
structure_exists = 1.0
sequence_matches_structure = False

Attempting prediction for YHR096C
No prediction will be run:
has_verified_seq = True
DeepTMHMM_class = TM
structure_exists = 1.0
sequence_matches_structure = False

Attempting prediction for YDL222C
No prediction will be run:
has_verified_seq = True
DeepTMHMM_class = TM
structure_exists = 1.0
sequence_matches_structure = False

Attempting prediction for YBR077C
No prediction will be run:
has_verified_seq = True
DeepTMHMM_class = GLOB
structure_exists = 1.0
sequence_matches_structure = False

Attempting prediction for YGR163W
No prediction will be run:
has_verified_seq = True
DeepTMHMM_class = GLOB
structure_exists = 1.0
sequence_matches_structure = False

Attempting prediction for YCR075W-A
No prediction will be run:
has_verified_seq = True
DeepTMHMM_class = GLOB
structure_exists = 1.0
sequence_matches_structure = False

Attempting prediction for YML121W
No prediction will be run:
has_verified_seq = True
DeepTMHMM_class = GLOB
structure_exists = 1.0
sequence_matches_structure = False

Attempting prediction for YKR007W
No prediction will be run:
has_verified_seq = True
DeepTMHMM_class = GLOB
structure_exists = 1.0
sequence_matches_structure = False

Attempting prediction for YER098W
No prediction will be run:
has_verified_seq = True
DeepTMHMM_class = GLOB
structure_exists = 1.0
sequence_matches_structure = False

Attempting prediction for YKL062W
No prediction will be run:
has_verified_seq = True
DeepTMHMM_class = GLOB
structure_exists = 1.0
sequence_matches_structure = False

Attempting prediction for YGR083C
No prediction will be run:
has_verified_seq = True
DeepTMHMM_class = GLOB
structure_exists = 1.0
sequence_matches_structure = False

Attempting prediction for YKR026C
No prediction will be run:
has_verified_seq = True
DeepTMHMM_class = GLOB
structure_exists = 1.0
sequence_matches_structure = False

Attempting prediction for YMR311C
No prediction will be run:
has_verified_seq = True
DeepTMHMM_class = GLOB
structure_exists = 1.0
sequence_matches_structure = False

Attempting prediction for YLR291C
No prediction will be run:
has_verified_seq = True
DeepTMHMM_class = GLOB
structure_exists = 1.0
sequence_matches_structure = False

Attempting prediction for YOR260W
No prediction will be run:
has_verified_seq = True
DeepTMHMM_class = GLOB
structure_exists = 1.0
sequence_matches_structure = False

Attempting prediction for YBL015W
No prediction will be run:
has_verified_seq = True
DeepTMHMM_class = GLOB
structure_exists = 1.0
sequence_matches_structure = False

Attempting prediction for YOR204W
No prediction will be run:
has_verified_seq = True
DeepTMHMM_class = GLOB
structure_exists = 1.0
sequence_matches_structure = False

Attempting prediction for YDR429C
No prediction will be run:
has_verified_seq = True
DeepTMHMM_class = GLOB
structure_exists = 1.0
sequence_matches_structure = False

Attempting prediction for YGL097W
No prediction will be run:
has_verified_seq = True
DeepTMHMM_class = GLOB
structure_exists = 1.0
sequence_matches_structure = False

Attempting prediction for YLR293C
No prediction will be run:
has_verified_seq = True
DeepTMHMM_class = GLOB
structure_exists = 1.0
sequence_matches_structure = False

Attempting prediction for YGR270W
No prediction will be run:
has_verified_seq = True
DeepTMHMM_class = GLOB
structure_exists = 1.0
sequence_matches_structure = False

Attempting prediction for YGR009C
No prediction will be run:
has_verified_seq = True
DeepTMHMM_class = GLOB
structure_exists = 1.0
sequence_matches_structure = False

Attempting prediction for YDR164C
No prediction will be run:
has_verified_seq = True
DeepTMHMM_class = GLOB
structure_exists = 1.0
sequence_matches_structure = False

Attempting prediction for YNR049C
No prediction will be run:
has_verified_seq = True
DeepTMHMM_class = GLOB
structure_exists = 1.0
sequence_matches_structure = False

Attempting prediction for YAR007C
No prediction will be run:
has_verified_seq = True
DeepTMHMM_class = GLOB
structure_exists = 1.0
sequence_matches_structure = False

Attempting prediction for YBR111W-A
No prediction will be run:
has_verified_seq = True
DeepTMHMM_class = GLOB
structure_exists = 1.0
sequence_matches_structure = False

Attempting prediction for YHR099W
No prediction will be run:
has_verified_seq = True
DeepTMHMM_class = GLOB
structure_exists = nan
sequence_matches_structure = False

Attempting prediction for YBR081C
No prediction will be run:
has_verified_seq = True
DeepTMHMM_class = GLOB
structure_exists = 1.0
sequence_matches_structure = False

Attempting prediction for YCL010C
No prediction will be run:
has_verified_seq = True
DeepTMHMM_class = GLOB
structure_exists = 1.0
sequence_matches_structure = False

Attempting prediction for YBR198C
No prediction will be run:
has_verified_seq = True
DeepTMHMM_class = GLOB
structure_exists = 1.0
sequence_matches_structure = False

Attempting prediction for YDR176W
No prediction will be run:
has_verified_seq = True
DeepTMHMM_class = GLOB
structure_exists = 1.0
sequence_matches_structure = False

Attempting prediction for YDR145W
No prediction will be run:
has_verified_seq = True
DeepTMHMM_class = GLOB
structure_exists = 1.0
sequence_matches_structure = False

Attempting prediction for YDR448W
No prediction will be run:
has_verified_seq = True
DeepTMHMM_class = GLOB
structure_exists = 1.0
sequence_matches_structure = False

Attempting prediction for YDR392W
No prediction will be run:
has_verified_seq = True
DeepTMHMM_class = GLOB
structure_exists = 1.0
sequence_matches_structure = False

Attempting prediction for YGL112C
No prediction will be run:
has_verified_seq = True
DeepTMHMM_class = GLOB
structure_exists = 1.0
sequence_matches_structure = False

Attempting prediction for YGL066W
No prediction will be run:
has_verified_seq = True
DeepTMHMM_class = GLOB
structure_exists = 1.0
sequence_matches_structure = False

Attempting prediction for YGR252W
No prediction will be run:
has_verified_seq = True
DeepTMHMM_class = GLOB
structure_exists = 1.0
sequence_matches_structure = False

Attempting prediction for YGR061C
No prediction will be run:
has_verified_seq = True
DeepTMHMM_class = GLOB
structure_exists = 1.0
sequence_matches_structure = False

Attempting prediction for YLR055C
No prediction will be run:
has_verified_seq = True
DeepTMHMM_class = GLOB
structure_exists = 1.0
sequence_matches_structure = False

Attempting prediction for YMR236W
No prediction will be run:
has_verified_seq = True
DeepTMHMM_class = GLOB
structure_exists = 1.0
sequence_matches_structure = False

Attempting prediction for YMR223W
No prediction will be run:
has_verified_seq = True
DeepTMHMM_class = GLOB
structure_exists = 1.0
sequence_matches_structure = False

Attempting prediction for YPL254W
No prediction will be run:
has_verified_seq = True
DeepTMHMM_class = GLOB
structure_exists = 1.0
sequence_matches_structure = False

Attempting prediction for YOL148C
No prediction will be run:
has_verified_seq = True
DeepTMHMM_class = GLOB
structure_exists = 1.0
sequence_matches_structure = False

Attempting prediction for YML098W
No prediction will be run:
has_verified_seq = True
DeepTMHMM_class = GLOB
structure_exists = 1.0
sequence_matches_structure = False

Attempting prediction for YDR167W
No prediction will be run:
has_verified_seq = True
DeepTMHMM_class = GLOB
structure_exists = 1.0
sequence_matches_structure = False

Attempting prediction for YPL047W
No prediction will be run:
has_verified_seq = True
DeepTMHMM_class = GLOB
structure_exists = 1.0
sequence_matches_structure = False

Attempting prediction for YCR042C
No prediction will be run:
has_verified_seq = True
DeepTMHMM_class = GLOB
structure_exists = 1.0
sequence_matches_structure = False

Attempting prediction for YGR274C
No prediction will be run:
has_verified_seq = True
DeepTMHMM_class = GLOB
structure_exists = 1.0
sequence_matches_structure = False

Attempting prediction for YML015C
No prediction will be run:
has_verified_seq = True
DeepTMHMM_class = GLOB
structure_exists = 1.0
sequence_matches_structure = False

Attempting prediction for YMR005W
No prediction will be run:
has_verified_seq = True
DeepTMHMM_class = GLOB
structure_exists = 1.0
sequence_matches_structure = False

Attempting prediction for YML114C
No prediction will be run:
has_verified_seq = True
DeepTMHMM_class = GLOB
structure_exists = 1.0
sequence_matches_structure = False

Attempting prediction for YMR227C
No prediction will be run:
has_verified_seq = True
DeepTMHMM_class = GLOB
structure_exists = 1.0
sequence_matches_structure = False

Attempting prediction for YPL011C
No prediction will be run:
has_verified_seq = True
DeepTMHMM_class = GLOB
structure_exists = 1.0
sequence_matches_structure = False

Attempting prediction for YCR072C
No prediction will be run:
has_verified_seq = True
DeepTMHMM_class = GLOB
structure_exists = 1.0
sequence_matches_structure = False

Attempting prediction for YER148W
No prediction will be run:
has_verified_seq = True
DeepTMHMM_class = GLOB
structure_exists = 1.0
sequence_matches_structure = False

Attempting prediction for YOR023C
No prediction will be run:
has_verified_seq = True
DeepTMHMM_class = GLOB
structure_exists = 1.0
sequence_matches_structure = False

Attempting prediction for YJL039C
No prediction will be run:
has_verified_seq = True
DeepTMHMM_class = GLOB
structure_exists = 1.0
sequence_matches_structure = False

Attempting prediction for YDR321W
No prediction will be run:
has_verified_seq = True
DeepTMHMM_class = GLOB
structure_exists = 1.0
sequence_matches_structure = False

Attempting prediction for YPL091W
No prediction will be run:
has_verified_seq = True
DeepTMHMM_class = GLOB
structure_exists = 1.0
sequence_matches_structure = False

Attempting prediction for YHR084W
No prediction will be run:
has_verified_seq = True
DeepTMHMM_class = GLOB
structure_exists = 1.0
sequence_matches_structure = False

Attempting prediction for YPL049C
No prediction will be run:
has_verified_seq = True
DeepTMHMM_class = GLOB
structure_exists = 1.0
sequence_matches_structure = False

Attempting prediction for YER151C
No prediction will be run:
has_verified_seq = True
DeepTMHMM_class = GLOB
structure_exists = 1.0
sequence_matches_structure = False

Attempting prediction for YDL092W
No prediction will be run:
has_verified_seq = True
DeepTMHMM_class = GLOB
structure_exists = 1.0
sequence_matches_structure = False

Attempting prediction for YCR087C-A
No prediction will be run:
has_verified_seq = True
DeepTMHMM_class = GLOB
structure_exists = 1.0
sequence_matches_structure = False

Attempting prediction for YGR178C
No prediction will be run:
has_verified_seq = True
DeepTMHMM_class = GLOB
structure_exists = 1.0
sequence_matches_structure = False

Attempting prediction for YGR148C
No prediction will be run:
has_verified_seq = True
DeepTMHMM_class = GLOB
structure_exists = 1.0
sequence_matches_structure = False

Attempting prediction for YHR121W
No prediction will be run:
has_verified_seq = True
DeepTMHMM_class = GLOB
structure_exists = 1.0
sequence_matches_structure = False

Attempting prediction for YLR075W
No prediction will be run:
has_verified_seq = True
DeepTMHMM_class = GLOB
structure_exists = 1.0
sequence_matches_structure = False

Attempting prediction for YBR084C-A
No prediction will be run:
has_verified_seq = True
DeepTMHMM_class = GLOB
structure_exists = 1.0
sequence_matches_structure = False

Attempting prediction for YBL092W
No prediction will be run:
has_verified_seq = True
DeepTMHMM_class = GLOB
structure_exists = 1.0
sequence_matches_structure = False

Attempting prediction for YBR084C-A;YBL027W
No prediction will be run:
has_verified_seq = False
DeepTMHMM_class = nan
structure_exists = nan
sequence_matches_structure = False

Attempting prediction for YBR031W
No prediction will be run:
has_verified_seq = True
DeepTMHMM_class = GLOB
structure_exists = 1.0
sequence_matches_structure = False

Attempting prediction for YBR191W
No prediction will be run:
has_verified_seq = True
DeepTMHMM_class = GLOB
structure_exists = 1.0
sequence_matches_structure = False

Attempting prediction for YDR101C
No prediction will be run:
has_verified_seq = True
DeepTMHMM_class = GLOB
structure_exists = 1.0
sequence_matches_structure = False

Attempting prediction for YDL191W;YDL136W
No prediction will be run:
has_verified_seq = False
DeepTMHMM_class = nan
structure_exists = nan
sequence_matches_structure = False

Attempting prediction for YDR382W
No prediction will be run:
has_verified_seq = True
DeepTMHMM_class = GLOB
structure_exists = 1.0
sequence_matches_structure = False

Attempting prediction for YER056C-A
No prediction will be run:
has_verified_seq = True
DeepTMHMM_class = GLOB
structure_exists = 1.0
sequence_matches_structure = False

Attempting prediction for YEL054C;YDR418W
No prediction will be run:
has_verified_seq = False
DeepTMHMM_class = nan
structure_exists = nan
sequence_matches_structure = False

Attempting prediction for YFL034C-A
No prediction will be run:
has_verified_seq = True
DeepTMHMM_class = GLOB
structure_exists = 1.0
sequence_matches_structure = False

Attempting prediction for YGL031C
No prediction will be run:
has_verified_seq = True
DeepTMHMM_class = GLOB
structure_exists = 1.0
sequence_matches_structure = False

Attempting prediction for YFR031C-A;YIL018W
No prediction will be run:
has_verified_seq = False
DeepTMHMM_class = nan
structure_exists = nan
sequence_matches_structure = False

Attempting prediction for YGL099W
No prediction will be run:
has_verified_seq = True
DeepTMHMM_class = GLOB
structure_exists = 1.0
sequence_matches_structure = False

Attempting prediction for YGL076C
No prediction will be run:
has_verified_seq = True
DeepTMHMM_class = GLOB
structure_exists = 1.0
sequence_matches_structure = False

Attempting prediction for YGL246C
No prediction will be run:
has_verified_seq = True
DeepTMHMM_class = GLOB
structure_exists = 1.0
sequence_matches_structure = False

Attempting prediction for YGL147C
No prediction will be run:
has_verified_seq = True
DeepTMHMM_class = GLOB
structure_exists = 1.0
sequence_matches_structure = False

Attempting prediction for YGR034W
No prediction will be run:
has_verified_seq = True
DeepTMHMM_class = GLOB
structure_exists = 1.0
sequence_matches_structure = False

Attempting prediction for YHL001W
No prediction will be run:
has_verified_seq = True
DeepTMHMM_class = GLOB
structure_exists = 1.0
sequence_matches_structure = False

Attempting prediction for YHR010W;YDR471W
No prediction will be run:
has_verified_seq = False
DeepTMHMM_class = nan
structure_exists = nan
sequence_matches_structure = False

Attempting prediction for YHL033C
No prediction will be run:
has_verified_seq = True
DeepTMHMM_class = GLOB
structure_exists = 1.0
sequence_matches_structure = False

Attempting prediction for YIL133C
No prediction will be run:
has_verified_seq = True
DeepTMHMM_class = GLOB
structure_exists = 1.0
sequence_matches_structure = False

Attempting prediction for YIL052C
No prediction will be run:
has_verified_seq = True
DeepTMHMM_class = GLOB
structure_exists = 1.0
sequence_matches_structure = False

Attempting prediction for YJL189W
No prediction will be run:
has_verified_seq = True
DeepTMHMM_class = GLOB
structure_exists = 1.0
sequence_matches_structure = False

Attempting prediction for YJL177W
No prediction will be run:
has_verified_seq = True
DeepTMHMM_class = GLOB
structure_exists = 1.0
sequence_matches_structure = False

Attempting prediction for YKL180W
No prediction will be run:
has_verified_seq = True
DeepTMHMM_class = GLOB
structure_exists = 1.0
sequence_matches_structure = False

Attempting prediction for YKL006W
No prediction will be run:
has_verified_seq = True
DeepTMHMM_class = GLOB
structure_exists = 1.0
sequence_matches_structure = False

Attempting prediction for YLL045C
No prediction will be run:
has_verified_seq = True
DeepTMHMM_class = GLOB
structure_exists = 1.0
sequence_matches_structure = False

Attempting prediction for YMR242C;YOR312C
No prediction will be run:
has_verified_seq = False
DeepTMHMM_class = nan
structure_exists = nan
sequence_matches_structure = False

Attempting prediction for YNL162W;YHR141C
No prediction will be run:
has_verified_seq = False
DeepTMHMM_class = nan
structure_exists = nan
sequence_matches_structure = False

Attempting prediction for YNL069C
No prediction will be run:
has_verified_seq = True
DeepTMHMM_class = GLOB
structure_exists = 1.0
sequence_matches_structure = False

Attempting prediction for YNL227C
No prediction will be run:
has_verified_seq = True
DeepTMHMM_class = GLOB
structure_exists = 1.0
sequence_matches_structure = False

Attempting prediction for YOL120C;YNL301C
No prediction will be run:
has_verified_seq = False
DeepTMHMM_class = nan
structure_exists = nan
sequence_matches_structure = False

Attempting prediction for YOL039W
No prediction will be run:
has_verified_seq = True
DeepTMHMM_class = GLOB
structure_exists = 1.0
sequence_matches_structure = False

Attempting prediction for YOR063W
No prediction will be run:
has_verified_seq = True
DeepTMHMM_class = GLOB
structure_exists = 1.0
sequence_matches_structure = False

Attempting prediction for YPL009C
No prediction will be run:
has_verified_seq = True
DeepTMHMM_class = GLOB
structure_exists = 1.0
sequence_matches_structure = False

Attempting prediction for YPL131W
No prediction will be run:
has_verified_seq = True
DeepTMHMM_class = GLOB
structure_exists = 1.0
sequence_matches_structure = False

Attempting prediction for YPR043W;YJR094W-A
No prediction will be run:
has_verified_seq = False
DeepTMHMM_class = nan
structure_exists = nan
sequence_matches_structure = False

Attempting prediction for YPL220W;YGL135W
No prediction will be run:
has_verified_seq = False
DeepTMHMM_class = nan
structure_exists = nan
sequence_matches_structure = False

Attempting prediction for YPR102C;YGR085C
No prediction will be run:
has_verified_seq = False
DeepTMHMM_class = nan
structure_exists = nan
sequence_matches_structure = False

Attempting prediction for YHR016C
No prediction will be run:
has_verified_seq = True
DeepTMHMM_class = GLOB
structure_exists = 1.0
sequence_matches_structure = False

Attempting prediction for YEL046C
No prediction will be run:
has_verified_seq = True
DeepTMHMM_class = GLOB
structure_exists = 1.0
sequence_matches_structure = False

Attempting prediction for YCR053W
No prediction will be run:
has_verified_seq = True
DeepTMHMM_class = GLOB
structure_exists = 1.0
sequence_matches_structure = False

Attempting prediction for YML017W
No prediction will be run:
has_verified_seq = True
DeepTMHMM_class = GLOB
structure_exists = 1.0
sequence_matches_structure = False

Attempting prediction for YPR189W
No prediction will be run:
has_verified_seq = True
DeepTMHMM_class = GLOB
structure_exists = 1.0
sequence_matches_structure = False

Attempting prediction for YOR076C
No prediction will be run:
has_verified_seq = True
DeepTMHMM_class = GLOB
structure_exists = 1.0
sequence_matches_structure = False

Attempting prediction for YDR480W
No prediction will be run:
has_verified_seq = True
DeepTMHMM_class = GLOB
structure_exists = 1.0
sequence_matches_structure = False

Attempting prediction for YBR085C-A
No prediction will be run:
has_verified_seq = True
DeepTMHMM_class = GLOB
structure_exists = 1.0
sequence_matches_structure = False

Attempting prediction for YKL116C
No prediction will be run:
has_verified_seq = True
DeepTMHMM_class = GLOB
structure_exists = 1.0
sequence_matches_structure = False

Attempting prediction for YGR090W
No prediction will be run:
has_verified_seq = True
DeepTMHMM_class = GLOB
structure_exists = 1.0
sequence_matches_structure = False

Attempting prediction for YBR086C
No prediction will be run:
has_verified_seq = True
DeepTMHMM_class = TM
structure_exists = 1.0
sequence_matches_structure = False

Attempting prediction for YBR106W
No prediction will be run:
has_verified_seq = True
DeepTMHMM_class = TM
structure_exists = 1.0
sequence_matches_structure = False

Attempting prediction for YBR078W
No prediction will be run:
has_verified_seq = True
DeepTMHMM_class = SP
structure_exists = 1.0
sequence_matches_structure = False

Attempting prediction for YDR011W
No prediction will be run:
has_verified_seq = True
DeepTMHMM_class = TM
structure_exists = 1.0
sequence_matches_structure = False

Attempting prediction for YDL121C
No prediction will be run:
has_verified_seq = True
DeepTMHMM_class = TM
structure_exists = 1.0
sequence_matches_structure = False

Attempting prediction for YDR261C
No prediction will be run:
has_verified_seq = True
DeepTMHMM_class = SP
structure_exists = 1.0
sequence_matches_structure = False

Attempting prediction for YDR033W
No prediction will be run:
has_verified_seq = True
DeepTMHMM_class = SP+TM
structure_exists = 1.0
sequence_matches_structure = False

Attempting prediction for YIL121W
No prediction will be run:
has_verified_seq = True
DeepTMHMM_class = TM
structure_exists = 1.0
sequence_matches_structure = False

Attempting prediction for YGL008C
No prediction will be run:
has_verified_seq = True
DeepTMHMM_class = TM
structure_exists = 1.0
sequence_matches_structure = False

Attempting prediction for YKL129C
No prediction will be run:
has_verified_seq = True
DeepTMHMM_class = GLOB
structure_exists = 1.0
sequence_matches_structure = False

Attempting prediction for YKL077W
No prediction will be run:
has_verified_seq = True
DeepTMHMM_class = SP+TM
structure_exists = 1.0
sequence_matches_structure = False

Attempting prediction for YMR215W
No prediction will be run:
has_verified_seq = True
DeepTMHMM_class = SP
structure_exists = 1.0
sequence_matches_structure = False

Attempting prediction for YMR086W
No prediction will be run:
has_verified_seq = True
DeepTMHMM_class = GLOB
structure_exists = 1.0
sequence_matches_structure = False

Attempting prediction for YMR307W
No prediction will be run:
has_verified_seq = True
DeepTMHMM_class = SP
structure_exists = 1.0
sequence_matches_structure = False

Attempting prediction for YOL030W
No prediction will be run:
has_verified_seq = True
DeepTMHMM_class = SP
structure_exists = 1.0
sequence_matches_structure = False

Attempting prediction for YPL154C
No prediction will be run:
has_verified_seq = True
DeepTMHMM_class = SP
structure_exists = 1.0
sequence_matches_structure = False

Attempting prediction for YGR086C
No prediction will be run:
has_verified_seq = True
DeepTMHMM_class = GLOB
structure_exists = 1.0
sequence_matches_structure = False

Attempting prediction for YHR094C
No prediction will be run:
has_verified_seq = True
DeepTMHMM_class = TM
structure_exists = 1.0
sequence_matches_structure = False

Attempting prediction for YML125C
No prediction will be run:
has_verified_seq = True
DeepTMHMM_class = TM
structure_exists = 1.0
sequence_matches_structure = False

Attempting prediction for YMR183C
No prediction will be run:
has_verified_seq = True
DeepTMHMM_class = TM
structure_exists = 1.0
sequence_matches_structure = False

Attempting prediction for YDR051C
No prediction will be run:
has_verified_seq = True
DeepTMHMM_class = GLOB
structure_exists = 1.0
sequence_matches_structure = False

Attempting prediction for YLR066W
No prediction will be run:
has_verified_seq = True
DeepTMHMM_class = TM
structure_exists = 1.0
sequence_matches_structure = False

Attempting prediction for YNR050C
No prediction will be run:
has_verified_seq = True
DeepTMHMM_class = GLOB
structure_exists = 1.0
sequence_matches_structure = False

Attempting prediction for YPR055W
No prediction will be run:
has_verified_seq = True
DeepTMHMM_class = GLOB
structure_exists = 1.0
sequence_matches_structure = False

Attempting prediction for YPL110C
No prediction will be run:
has_verified_seq = True
DeepTMHMM_class = GLOB
structure_exists = 1.0
sequence_matches_structure = False

Attempting prediction for YDR468C
No prediction will be run:
has_verified_seq = True
DeepTMHMM_class = TM
structure_exists = 1.0
sequence_matches_structure = False

Attempting prediction for YDR107C
No prediction will be run:
has_verified_seq = True
DeepTMHMM_class = SP+TM
structure_exists = 1.0
sequence_matches_structure = False

Attempting prediction for YJR040W
No prediction will be run:
has_verified_seq = True
DeepTMHMM_class = TM
structure_exists = 1.0
sequence_matches_structure = False

Attempting prediction for YLR083C
No prediction will be run:
has_verified_seq = True
DeepTMHMM_class = SP+TM
structure_exists = 1.0
sequence_matches_structure = False

Attempting prediction for YOL018C
No prediction will be run:
has_verified_seq = True
DeepTMHMM_class = TM
structure_exists = 1.0
sequence_matches_structure = False

Attempting prediction for YKL150W
No prediction will be run:
has_verified_seq = True
DeepTMHMM_class = GLOB
structure_exists = 1.0
sequence_matches_structure = False

Attempting prediction for YKL073W
No prediction will be run:
has_verified_seq = True
DeepTMHMM_class = SP
structure_exists = 1.0
sequence_matches_structure = False

Attempting prediction for YAL031C
No prediction will be run:
has_verified_seq = True
DeepTMHMM_class = GLOB
structure_exists = 1.0
sequence_matches_structure = False

Attempting prediction for YHL003C
No prediction will be run:
has_verified_seq = True
DeepTMHMM_class = TM
structure_exists = 1.0
sequence_matches_structure = False

Attempting prediction for YIL016W
No prediction will be run:
has_verified_seq = True
DeepTMHMM_class = GLOB
structure_exists = 1.0
sequence_matches_structure = False

Attempting prediction for YKL105C
No prediction will be run:
has_verified_seq = True
DeepTMHMM_class = GLOB
structure_exists = 1.0
sequence_matches_structure = False

Attempting prediction for YKL142W
No prediction will be run:
has_verified_seq = True
DeepTMHMM_class = GLOB
structure_exists = 1.0
sequence_matches_structure = False

Attempting prediction for YHR077C
No prediction will be run:
has_verified_seq = True
DeepTMHMM_class = GLOB
structure_exists = 1.0
sequence_matches_structure = False

Attempting prediction for YMR202W
No prediction will be run:
has_verified_seq = True
DeepTMHMM_class = SP
structure_exists = 1.0
sequence_matches_structure = False

Attempting prediction for YER173W
No prediction will be run:
has_verified_seq = True
DeepTMHMM_class = GLOB
structure_exists = 1.0
sequence_matches_structure = False

Attempting prediction for YJR068W
No prediction will be run:
has_verified_seq = True
DeepTMHMM_class = GLOB
structure_exists = 1.0
sequence_matches_structure = False

Attempting prediction for YOL094C
No prediction will be run:
has_verified_seq = True
DeepTMHMM_class = GLOB
structure_exists = 1.0
sequence_matches_structure = False

Attempting prediction for YNL290W
No prediction will be run:
has_verified_seq = True
DeepTMHMM_class = GLOB
structure_exists = 1.0
sequence_matches_structure = False

Attempting prediction for YCL016C
No prediction will be run:
has_verified_seq = True
DeepTMHMM_class = GLOB
structure_exists = 1.0
sequence_matches_structure = False

Attempting prediction for YHR191C
No prediction will be run:
has_verified_seq = True
DeepTMHMM_class = GLOB
structure_exists = 1.0
sequence_matches_structure = False

Attempting prediction for YMR078C
No prediction will be run:
has_verified_seq = True
DeepTMHMM_class = GLOB
structure_exists = 1.0
sequence_matches_structure = False

Attempting prediction for YOR144C
No prediction will be run:
has_verified_seq = True
DeepTMHMM_class = GLOB
structure_exists = 1.0
sequence_matches_structure = False

Attempting prediction for YGR253C
No prediction will be run:
has_verified_seq = True
DeepTMHMM_class = GLOB
structure_exists = 1.0
sequence_matches_structure = False

Attempting prediction for YHL030W
No prediction will be run:
has_verified_seq = True
DeepTMHMM_class = GLOB
structure_exists = 1.0
sequence_matches_structure = False

Attempting prediction for YHR200W
No prediction will be run:
has_verified_seq = True
DeepTMHMM_class = GLOB
structure_exists = 1.0
sequence_matches_structure = False

Attempting prediction for YHR027C
No prediction will be run:
has_verified_seq = True
DeepTMHMM_class = GLOB
structure_exists = 1.0
sequence_matches_structure = False

Attempting prediction for YIL075C
No prediction will be run:
has_verified_seq = True
DeepTMHMM_class = GLOB
structure_exists = 1.0
sequence_matches_structure = False

Attempting prediction for YKL206C
No prediction will be run:
has_verified_seq = True
DeepTMHMM_class = GLOB
structure_exists = 1.0
sequence_matches_structure = False

Attempting prediction for YKL145W
No prediction will be run:
has_verified_seq = True
DeepTMHMM_class = GLOB
structure_exists = 1.0
sequence_matches_structure = False

Attempting prediction for YLR199C
No prediction will be run:
has_verified_seq = True
DeepTMHMM_class = GLOB
structure_exists = 1.0
sequence_matches_structure = False

Attempting prediction for YCR016W
No prediction will be run:
has_verified_seq = True
DeepTMHMM_class = GLOB
structure_exists = 1.0
sequence_matches_structure = False

Attempting prediction for YGR283C
No prediction will be run:
has_verified_seq = True
DeepTMHMM_class = GLOB
structure_exists = 1.0
sequence_matches_structure = False

Attempting prediction for YNL175C
No prediction will be run:
has_verified_seq = True
DeepTMHMM_class = GLOB
structure_exists = 1.0
sequence_matches_structure = False

Attempting prediction for YDL208W
No prediction will be run:
has_verified_seq = True
DeepTMHMM_class = GLOB
structure_exists = 1.0
sequence_matches_structure = False

Attempting prediction for YBR090C
No prediction will be run:
has_verified_seq = True
DeepTMHMM_class = GLOB
structure_exists = 1.0
sequence_matches_structure = False

Attempting prediction for YBR093C
No prediction will be run:
has_verified_seq = True
DeepTMHMM_class = SP
structure_exists = 1.0
sequence_matches_structure = False

Attempting prediction for YIL119C
No prediction will be run:
has_verified_seq = True
DeepTMHMM_class = GLOB
structure_exists = 1.0
sequence_matches_structure = False

Attempting prediction for YBR092C
No prediction will be run:
has_verified_seq = True
DeepTMHMM_class = SP
structure_exists = 1.0
sequence_matches_structure = False

Attempting prediction for YGL155W
No prediction will be run:
has_verified_seq = True
DeepTMHMM_class = GLOB
structure_exists = 1.0
sequence_matches_structure = False

Attempting prediction for YKL019W
No prediction will be run:
has_verified_seq = True
DeepTMHMM_class = GLOB
structure_exists = 1.0
sequence_matches_structure = False

Attempting prediction for YAL013W
No prediction will be run:
has_verified_seq = True
DeepTMHMM_class = GLOB
structure_exists = 1.0
sequence_matches_structure = False

Attempting prediction for YKL185W
No prediction will be run:
has_verified_seq = True
DeepTMHMM_class = GLOB
structure_exists = 1.0
sequence_matches_structure = False

Attempting prediction for YBR095C
No prediction will be run:
has_verified_seq = True
DeepTMHMM_class = GLOB
structure_exists = 1.0
sequence_matches_structure = False

Attempting prediction for YDL076C
No prediction will be run:
has_verified_seq = True
DeepTMHMM_class = GLOB
structure_exists = 1.0
sequence_matches_structure = False

Attempting prediction for YIL084C
No prediction will be run:
has_verified_seq = True
DeepTMHMM_class = GLOB
structure_exists = 1.0
sequence_matches_structure = False

Attempting prediction for YNL097C
No prediction will be run:
has_verified_seq = True
DeepTMHMM_class = GLOB
structure_exists = 1.0
sequence_matches_structure = False

Attempting prediction for YMR263W
No prediction will be run:
has_verified_seq = True
DeepTMHMM_class = GLOB
structure_exists = 1.0
sequence_matches_structure = False

Attempting prediction for YOL004W
No prediction will be run:
has_verified_seq = True
DeepTMHMM_class = GLOB
structure_exists = 1.0
sequence_matches_structure = False

Attempting prediction for YNL330C
No prediction will be run:
has_verified_seq = True
DeepTMHMM_class = GLOB
structure_exists = 1.0
sequence_matches_structure = False

Attempting prediction for YPL181W
No prediction will be run:
has_verified_seq = True
DeepTMHMM_class = GLOB
structure_exists = 1.0
sequence_matches_structure = False

Attempting prediction for YPL139C
No prediction will be run:
has_verified_seq = True
DeepTMHMM_class = GLOB
structure_exists = 1.0
sequence_matches_structure = False

Attempting prediction for YLR183C
No prediction will be run:
has_verified_seq = True
DeepTMHMM_class = GLOB
structure_exists = 1.0
sequence_matches_structure = False

Attempting prediction for YPR023C
No prediction will be run:
has_verified_seq = True
DeepTMHMM_class = GLOB
structure_exists = 1.0
sequence_matches_structure = False

Attempting prediction for YAL034C
No prediction will be run:
has_verified_seq = True
DeepTMHMM_class = GLOB
structure_exists = 1.0
sequence_matches_structure = False

Attempting prediction for YHR001W
No prediction will be run:
has_verified_seq = True
DeepTMHMM_class = GLOB
structure_exists = 1.0
sequence_matches_structure = False

Attempting prediction for YLR360W
No prediction will be run:
has_verified_seq = True
DeepTMHMM_class = GLOB
structure_exists = 1.0
sequence_matches_structure = False

Attempting prediction for YPL120W
No prediction will be run:
has_verified_seq = True
DeepTMHMM_class = GLOB
structure_exists = 1.0
sequence_matches_structure = False

Attempting prediction for YLR240W
No prediction will be run:
has_verified_seq = True
DeepTMHMM_class = GLOB
structure_exists = 1.0
sequence_matches_structure = False

Attempting prediction for YBR296C
No prediction will be run:
has_verified_seq = True
DeepTMHMM_class = TM
structure_exists = 1.0
sequence_matches_structure = False

Attempting prediction for YER081W
No prediction will be run:
has_verified_seq = True
DeepTMHMM_class = GLOB
structure_exists = 1.0
sequence_matches_structure = False

Attempting prediction for YJR127C
No prediction will be run:
has_verified_seq = True
DeepTMHMM_class = GLOB
structure_exists = 1.0
sequence_matches_structure = False

Attempting prediction for YNL229C
No prediction will be run:
has_verified_seq = True
DeepTMHMM_class = GLOB
structure_exists = 1.0
sequence_matches_structure = False

Attempting prediction for YCL025C
No prediction will be run:
has_verified_seq = True
DeepTMHMM_class = TM
structure_exists = 1.0
sequence_matches_structure = False

Attempting prediction for YBR208C
No prediction will be run:
has_verified_seq = True
DeepTMHMM_class = GLOB
structure_exists = 1.0
sequence_matches_structure = False

Attempting prediction for YBR150C
No prediction will be run:
has_verified_seq = True
DeepTMHMM_class = GLOB
structure_exists = 1.0
sequence_matches_structure = False

Attempting prediction for YNL250W
No prediction will be run:
has_verified_seq = True
DeepTMHMM_class = GLOB
structure_exists = 1.0
sequence_matches_structure = False

Attempting prediction for YKR025W
No prediction will be run:
has_verified_seq = True
DeepTMHMM_class = GLOB
structure_exists = 1.0
sequence_matches_structure = False

Attempting prediction for YBR154C
No prediction will be run:
has_verified_seq = True
DeepTMHMM_class = GLOB
structure_exists = 1.0
sequence_matches_structure = False

Attempting prediction for YHR143W-A
No prediction will be run:
has_verified_seq = True
DeepTMHMM_class = GLOB
structure_exists = 1.0
sequence_matches_structure = False

Attempting prediction for YNL039W
No prediction will be run:
has_verified_seq = True
DeepTMHMM_class = GLOB
structure_exists = 1.0
sequence_matches_structure = False

Attempting prediction for YKL144C
No prediction will be run:
has_verified_seq = True
DeepTMHMM_class = GLOB
structure_exists = 1.0
sequence_matches_structure = False

Attempting prediction for YNL151C
No prediction will be run:
has_verified_seq = True
DeepTMHMM_class = GLOB
structure_exists = 1.0
sequence_matches_structure = False

Attempting prediction for YNL113W
No prediction will be run:
has_verified_seq = True
DeepTMHMM_class = GLOB
structure_exists = 1.0
sequence_matches_structure = False

Attempting prediction for YOR116C
No prediction will be run:
has_verified_seq = True
DeepTMHMM_class = GLOB
structure_exists = 1.0
sequence_matches_structure = False

Attempting prediction for YNR003C
No prediction will be run:
has_verified_seq = True
DeepTMHMM_class = GLOB
structure_exists = 1.0
sequence_matches_structure = False

Attempting prediction for YOR210W
No prediction will be run:
has_verified_seq = True
DeepTMHMM_class = GLOB
structure_exists = 1.0
sequence_matches_structure = False

Attempting prediction for YOR207C
No prediction will be run:
has_verified_seq = True
DeepTMHMM_class = GLOB
structure_exists = 1.0
sequence_matches_structure = False

Attempting prediction for YPR110C
No prediction will be run:
has_verified_seq = True
DeepTMHMM_class = GLOB
structure_exists = 1.0
sequence_matches_structure = False

Attempting prediction for YOR224C
No prediction will be run:
has_verified_seq = True
DeepTMHMM_class = GLOB
structure_exists = 1.0
sequence_matches_structure = False

Attempting prediction for YPR190C
No prediction will be run:
has_verified_seq = True
DeepTMHMM_class = GLOB
structure_exists = 1.0
sequence_matches_structure = False

Attempting prediction for YDR045C
No prediction will be run:
has_verified_seq = True
DeepTMHMM_class = GLOB
structure_exists = 1.0
sequence_matches_structure = False

Attempting prediction for YCL028W
No prediction will be run:
has_verified_seq = True
DeepTMHMM_class = GLOB
structure_exists = 1.0
sequence_matches_structure = False

Attempting prediction for YDR166C
No prediction will be run:
has_verified_seq = True
DeepTMHMM_class = GLOB
structure_exists = 1.0
sequence_matches_structure = False

Attempting prediction for YGL233W
No prediction will be run:
has_verified_seq = True
DeepTMHMM_class = GLOB
structure_exists = 1.0
sequence_matches_structure = False

Attempting prediction for YER008C
No prediction will be run:
has_verified_seq = True
DeepTMHMM_class = GLOB
structure_exists = 1.0
sequence_matches_structure = False

Attempting prediction for YJL085W
No prediction will be run:
has_verified_seq = True
DeepTMHMM_class = GLOB
structure_exists = 1.0
sequence_matches_structure = False

Attempting prediction for YIL068C
No prediction will be run:
has_verified_seq = True
DeepTMHMM_class = GLOB
structure_exists = 1.0
sequence_matches_structure = False

Attempting prediction for YLR166C
No prediction will be run:
has_verified_seq = True
DeepTMHMM_class = GLOB
structure_exists = 1.0
sequence_matches_structure = False

Attempting prediction for YBR102C
No prediction will be run:
has_verified_seq = True
DeepTMHMM_class = GLOB
structure_exists = 1.0
sequence_matches_structure = False

Attempting prediction for YBR103W
No prediction will be run:
has_verified_seq = True
DeepTMHMM_class = GLOB
structure_exists = 1.0
sequence_matches_structure = False

Attempting prediction for YDR155C
No prediction will be run:
has_verified_seq = True
DeepTMHMM_class = GLOB
structure_exists = 1.0
sequence_matches_structure = False

Attempting prediction for YCR033W
No prediction will be run:
has_verified_seq = True
DeepTMHMM_class = GLOB
structure_exists = 1.0
sequence_matches_structure = False

Attempting prediction for YIL112W
No prediction will be run:
has_verified_seq = True
DeepTMHMM_class = GLOB
structure_exists = 1.0
sequence_matches_structure = False

Attempting prediction for YGL194C
No prediction will be run:
has_verified_seq = True
DeepTMHMM_class = GLOB
structure_exists = 1.0
sequence_matches_structure = False

Attempting prediction for YOL068C
No prediction will be run:
has_verified_seq = True
DeepTMHMM_class = GLOB
structure_exists = 1.0
sequence_matches_structure = False

Attempting prediction for YKR029C
No prediction will be run:
has_verified_seq = True
DeepTMHMM_class = GLOB
structure_exists = 1.0
sequence_matches_structure = False

Attempting prediction for YDL215C
No prediction will be run:
has_verified_seq = True
DeepTMHMM_class = GLOB
structure_exists = 1.0
sequence_matches_structure = False

Attempting prediction for YBR105C
No prediction will be run:
has_verified_seq = True
DeepTMHMM_class = GLOB
structure_exists = 1.0
sequence_matches_structure = False

Attempting prediction for YDL176W
No prediction will be run:
has_verified_seq = True
DeepTMHMM_class = GLOB
structure_exists = 1.0
sequence_matches_structure = False

Attempting prediction for YDR310C
No prediction will be run:
has_verified_seq = True
DeepTMHMM_class = GLOB
structure_exists = 1.0
sequence_matches_structure = False

Attempting prediction for YOL091W
No prediction will be run:
has_verified_seq = True
DeepTMHMM_class = GLOB
structure_exists = 1.0
sequence_matches_structure = False

Attempting prediction for YOR279C
No prediction will be run:
has_verified_seq = True
DeepTMHMM_class = GLOB
structure_exists = 1.0
sequence_matches_structure = False

Attempting prediction for YDR407C
No prediction will be run:
has_verified_seq = True
DeepTMHMM_class = GLOB
structure_exists = 1.0
sequence_matches_structure = False

Attempting prediction for YDR472W
No prediction will be run:
has_verified_seq = True
DeepTMHMM_class = GLOB
structure_exists = 1.0
sequence_matches_structure = False

Attempting prediction for YGR166W
No prediction will be run:
has_verified_seq = True
DeepTMHMM_class = GLOB
structure_exists = 1.0
sequence_matches_structure = False

Attempting prediction for YMR218C
No prediction will be run:
has_verified_seq = True
DeepTMHMM_class = GLOB
structure_exists = 1.0
sequence_matches_structure = False

Attempting prediction for YKR068C
No prediction will be run:
has_verified_seq = True
DeepTMHMM_class = GLOB
structure_exists = 1.0
sequence_matches_structure = False

Attempting prediction for YML077W
No prediction will be run:
has_verified_seq = True
DeepTMHMM_class = GLOB
structure_exists = 1.0
sequence_matches_structure = False

Attempting prediction for YOR115C
No prediction will be run:
has_verified_seq = True
DeepTMHMM_class = GLOB
structure_exists = 1.0
sequence_matches_structure = False

Attempting prediction for YNL014W
No prediction will be run:
has_verified_seq = True
DeepTMHMM_class = GLOB
structure_exists = 1.0
sequence_matches_structure = False

Attempting prediction for YGL227W
No prediction will be run:
has_verified_seq = True
DeepTMHMM_class = GLOB
structure_exists = 1.0
sequence_matches_structure = False

Attempting prediction for YDR255C
No prediction will be run:
has_verified_seq = True
DeepTMHMM_class = GLOB
structure_exists = 1.0
sequence_matches_structure = False

Attempting prediction for YIL097W
No prediction will be run:
has_verified_seq = True
DeepTMHMM_class = GLOB
structure_exists = 1.0
sequence_matches_structure = False

Attempting prediction for YIL017C
No prediction will be run:
has_verified_seq = True
DeepTMHMM_class = GLOB
structure_exists = 1.0
sequence_matches_structure = False

Attempting prediction for YMR135C
No prediction will be run:
has_verified_seq = True
DeepTMHMM_class = GLOB
structure_exists = 1.0
sequence_matches_structure = False

Attempting prediction for YDL052C
No prediction will be run:
has_verified_seq = True
DeepTMHMM_class = TM
structure_exists = 1.0
sequence_matches_structure = False

Attempting prediction for YGL195W
No prediction will be run:
has_verified_seq = True
DeepTMHMM_class = GLOB
structure_exists = 1.0
sequence_matches_structure = False

Attempting prediction for YML075C
No prediction will be run:
has_verified_seq = True
DeepTMHMM_class = TM
structure_exists = 1.0
sequence_matches_structure = False

Attempting prediction for YBR171W
No prediction will be run:
has_verified_seq = True
DeepTMHMM_class = TM
structure_exists = 1.0
sequence_matches_structure = False

Attempting prediction for YGL012W
No prediction will be run:
has_verified_seq = True
DeepTMHMM_class = TM
structure_exists = 1.0
sequence_matches_structure = False

Attempting prediction for YHR133C
No prediction will be run:
has_verified_seq = True
DeepTMHMM_class = TM
structure_exists = 1.0
sequence_matches_structure = False

Attempting prediction for YGL054C
No prediction will be run:
has_verified_seq = True
DeepTMHMM_class = TM
structure_exists = 1.0
sequence_matches_structure = False

Attempting prediction for YLR372W
No prediction will be run:
has_verified_seq = True
DeepTMHMM_class = TM
structure_exists = 1.0
sequence_matches_structure = False

Attempting prediction for YIL043C
No prediction will be run:
has_verified_seq = True
DeepTMHMM_class = GLOB
structure_exists = 1.0
sequence_matches_structure = False

Attempting prediction for YMR110C
No prediction will be run:
has_verified_seq = True
DeepTMHMM_class = GLOB
structure_exists = 1.0
sequence_matches_structure = False

Attempting prediction for YPL207W
No prediction will be run:
has_verified_seq = True
DeepTMHMM_class = GLOB
structure_exists = 1.0
sequence_matches_structure = False

Attempting prediction for YGL038C
No prediction will be run:
has_verified_seq = True
DeepTMHMM_class = TM
structure_exists = 1.0
sequence_matches_structure = False

Attempting prediction for YJL183W
No prediction will be run:
has_verified_seq = True
DeepTMHMM_class = TM
structure_exists = 1.0
sequence_matches_structure = False

Attempting prediction for YKL004W
No prediction will be run:
has_verified_seq = True
DeepTMHMM_class = TM
structure_exists = 1.0
sequence_matches_structure = False

Attempting prediction for YJR075W
No prediction will be run:
has_verified_seq = True
DeepTMHMM_class = TM
structure_exists = 1.0
sequence_matches_structure = False

Attempting prediction for YOR099W
No prediction will be run:
has_verified_seq = True
DeepTMHMM_class = TM
structure_exists = 1.0
sequence_matches_structure = False

Attempting prediction for YJR117W
No prediction will be run:
has_verified_seq = True
DeepTMHMM_class = TM
structure_exists = 1.0
sequence_matches_structure = False

Attempting prediction for YBR283C
No prediction will be run:
has_verified_seq = True
DeepTMHMM_class = TM
structure_exists = 1.0
sequence_matches_structure = False

Attempting prediction for YCL045C
No prediction will be run:
has_verified_seq = True
DeepTMHMM_class = SP+TM
structure_exists = 1.0
sequence_matches_structure = False

Attempting prediction for YMR161W
No prediction will be run:
has_verified_seq = True
DeepTMHMM_class = TM
structure_exists = 1.0
sequence_matches_structure = False

Attempting prediction for YOR254C
No prediction will be run:
has_verified_seq = True
DeepTMHMM_class = TM
structure_exists = 1.0
sequence_matches_structure = False

Attempting prediction for YPL085W
No prediction will be run:
has_verified_seq = True
DeepTMHMM_class = GLOB
structure_exists = 1.0
sequence_matches_structure = False

Attempting prediction for YEL017W
No prediction will be run:
has_verified_seq = True
DeepTMHMM_class = TM
structure_exists = 1.0
sequence_matches_structure = False

Attempting prediction for YBL005W-B
No prediction will be run:
has_verified_seq = True
DeepTMHMM_class = GLOB
structure_exists = 1.0
sequence_matches_structure = False

Attempting prediction for YER015W
No prediction will be run:
has_verified_seq = True
DeepTMHMM_class = GLOB
structure_exists = 1.0
sequence_matches_structure = False

Attempting prediction for YCR010C
No prediction will be run:
has_verified_seq = True
DeepTMHMM_class = TM
structure_exists = 1.0
sequence_matches_structure = False

Attempting prediction for YLR450W
No prediction will be run:
has_verified_seq = True
DeepTMHMM_class = TM
structure_exists = 1.0
sequence_matches_structure = False

Attempting prediction for YMR149W
No prediction will be run:
has_verified_seq = True
DeepTMHMM_class = SP+TM
structure_exists = 1.0
sequence_matches_structure = False

Attempting prediction for YPR124W
No prediction will be run:
has_verified_seq = True
DeepTMHMM_class = TM
structure_exists = 1.0
sequence_matches_structure = False

Attempting prediction for YOL129W
No prediction will be run:
has_verified_seq = True
DeepTMHMM_class = TM
structure_exists = 1.0
sequence_matches_structure = False

Attempting prediction for YJR049C
No prediction will be run:
has_verified_seq = True
DeepTMHMM_class = GLOB
structure_exists = 1.0
sequence_matches_structure = False

Attempting prediction for YBR211C
No prediction will be run:
has_verified_seq = True
DeepTMHMM_class = GLOB
structure_exists = 1.0
sequence_matches_structure = False

Attempting prediction for YDR201W
No prediction will be run:
has_verified_seq = True
DeepTMHMM_class = GLOB
structure_exists = 1.0
sequence_matches_structure = False

Attempting prediction for YDR383C
No prediction will be run:
has_verified_seq = True
DeepTMHMM_class = GLOB
structure_exists = 1.0
sequence_matches_structure = False

Attempting prediction for YDR318W
No prediction will be run:
has_verified_seq = True
DeepTMHMM_class = GLOB
structure_exists = 1.0
sequence_matches_structure = False

Attempting prediction for YGR113W
No prediction will be run:
has_verified_seq = True
DeepTMHMM_class = GLOB
structure_exists = 1.0
sequence_matches_structure = False

Attempting prediction for YIL144W
No prediction will be run:
has_verified_seq = True
DeepTMHMM_class = GLOB
structure_exists = 1.0
sequence_matches_structure = False

Attempting prediction for YGR179C
No prediction will be run:
has_verified_seq = True
DeepTMHMM_class = GLOB
structure_exists = 1.0
sequence_matches_structure = False

Attempting prediction for YJR112W
No prediction will be run:
has_verified_seq = True
DeepTMHMM_class = GLOB
structure_exists = 1.0
sequence_matches_structure = False

Attempting prediction for YIR010W
No prediction will be run:
has_verified_seq = True
DeepTMHMM_class = GLOB
structure_exists = 1.0
sequence_matches_structure = False

Attempting prediction for YOL069W
No prediction will be run:
has_verified_seq = True
DeepTMHMM_class = GLOB
structure_exists = 1.0
sequence_matches_structure = False

Attempting prediction for YPL233W
No prediction will be run:
has_verified_seq = True
DeepTMHMM_class = GLOB
structure_exists = 1.0
sequence_matches_structure = False

Attempting prediction for YPL018W
No prediction will be run:
has_verified_seq = True
DeepTMHMM_class = GLOB
structure_exists = 1.0
sequence_matches_structure = False

Attempting prediction for YBR107C
No prediction will be run:
has_verified_seq = True
DeepTMHMM_class = GLOB
structure_exists = 1.0
sequence_matches_structure = False

Attempting prediction for YDR432W
No prediction will be run:
has_verified_seq = True
DeepTMHMM_class = GLOB
structure_exists = 1.0
sequence_matches_structure = False

Attempting prediction for YHR127W
No prediction will be run:
has_verified_seq = True
DeepTMHMM_class = GLOB
structure_exists = 1.0
sequence_matches_structure = False

Attempting prediction for YJL122W
No prediction will be run:
has_verified_seq = True
DeepTMHMM_class = GLOB
structure_exists = 1.0
sequence_matches_structure = False

Attempting prediction for YHR193C
No prediction will be run:
has_verified_seq = True
DeepTMHMM_class = GLOB
structure_exists = 1.0
sequence_matches_structure = False

Attempting prediction for YLR024C
No prediction will be run:
has_verified_seq = True
DeepTMHMM_class = GLOB
structure_exists = 1.0
sequence_matches_structure = False

Attempting prediction for YDR254W
No prediction will be run:
has_verified_seq = True
DeepTMHMM_class = GLOB
structure_exists = 1.0
sequence_matches_structure = False

Attempting prediction for YPR046W
No prediction will be run:
has_verified_seq = True
DeepTMHMM_class = GLOB
structure_exists = 1.0
sequence_matches_structure = False

Attempting prediction for YOL151W
No prediction will be run:
has_verified_seq = True
DeepTMHMM_class = GLOB
structure_exists = 1.0
sequence_matches_structure = False

Attempting prediction for YKL159C
No prediction will be run:
has_verified_seq = True
DeepTMHMM_class = GLOB
structure_exists = 1.0
sequence_matches_structure = False

Attempting prediction for YLR134W
No prediction will be run:
has_verified_seq = True
DeepTMHMM_class = GLOB
structure_exists = 1.0
sequence_matches_structure = False

Attempting prediction for YFL005W
No prediction will be run:
has_verified_seq = True
DeepTMHMM_class = GLOB
structure_exists = 1.0
sequence_matches_structure = False

Attempting prediction for YBR110W
No prediction will be run:
has_verified_seq = True
DeepTMHMM_class = TM
structure_exists = 1.0
sequence_matches_structure = False

Attempting prediction for YJR132W
No prediction will be run:
has_verified_seq = True
DeepTMHMM_class = GLOB
structure_exists = 1.0
sequence_matches_structure = False

Attempting prediction for YBR111C
No prediction will be run:
has_verified_seq = True
DeepTMHMM_class = GLOB
structure_exists = 1.0
sequence_matches_structure = False

Attempting prediction for YBR112C
No prediction will be run:
has_verified_seq = True
DeepTMHMM_class = GLOB
structure_exists = 1.0
sequence_matches_structure = False

Attempting prediction for YCR084C
No prediction will be run:
has_verified_seq = True
DeepTMHMM_class = GLOB
structure_exists = 1.0
sequence_matches_structure = False

Attempting prediction for YLR178C
No prediction will be run:
has_verified_seq = True
DeepTMHMM_class = GLOB
structure_exists = 1.0
sequence_matches_structure = False

Attempting prediction for YDR481C
No prediction will be run:
has_verified_seq = True
DeepTMHMM_class = TM
structure_exists = 1.0
sequence_matches_structure = False

Attempting prediction for YFL004W
No prediction will be run:
has_verified_seq = True
DeepTMHMM_class = TM
structure_exists = 1.0
sequence_matches_structure = False

Attempting prediction for YER072W
No prediction will be run:
has_verified_seq = True
DeepTMHMM_class = TM
structure_exists = 1.0
sequence_matches_structure = False

Attempting prediction for YJL012C
No prediction will be run:
has_verified_seq = True
DeepTMHMM_class = TM
structure_exists = 1.0
sequence_matches_structure = False

Attempting prediction for YPL019C
No prediction will be run:
has_verified_seq = True
DeepTMHMM_class = TM
structure_exists = 1.0
sequence_matches_structure = False

Attempting prediction for YBR117C
No prediction will be run:
has_verified_seq = True
DeepTMHMM_class = GLOB
structure_exists = 1.0
sequence_matches_structure = False

Attempting prediction for YMR297W
No prediction will be run:
has_verified_seq = True
DeepTMHMM_class = SP
structure_exists = 1.0
sequence_matches_structure = False

Attempting prediction for YBR118W
No prediction will be run:
has_verified_seq = True
DeepTMHMM_class = GLOB
structure_exists = 1.0
sequence_matches_structure = False

Attempting prediction for YBR121C
No prediction will be run:
has_verified_seq = True
DeepTMHMM_class = GLOB
structure_exists = 1.0
sequence_matches_structure = False

Attempting prediction for YER036C
No prediction will be run:
has_verified_seq = True
DeepTMHMM_class = GLOB
structure_exists = 1.0
sequence_matches_structure = False

Attempting prediction for YPR081C
No prediction will be run:
has_verified_seq = True
DeepTMHMM_class = GLOB
structure_exists = 1.0
sequence_matches_structure = False

Attempting prediction for YBR119W
No prediction will be run:
has_verified_seq = True
DeepTMHMM_class = GLOB
structure_exists = 1.0
sequence_matches_structure = False

Attempting prediction for YDR235W
No prediction will be run:
has_verified_seq = True
DeepTMHMM_class = GLOB
structure_exists = 1.0
sequence_matches_structure = False

Attempting prediction for YDL087C
No prediction will be run:
has_verified_seq = True
DeepTMHMM_class = GLOB
structure_exists = 1.0
sequence_matches_structure = False

Attempting prediction for YDR240C
No prediction will be run:
has_verified_seq = True
DeepTMHMM_class = GLOB
structure_exists = 1.0
sequence_matches_structure = False

Attempting prediction for YGR013W
No prediction will be run:
has_verified_seq = True
DeepTMHMM_class = GLOB
structure_exists = 1.0
sequence_matches_structure = False

Attempting prediction for YER007W
No prediction will be run:
has_verified_seq = True
DeepTMHMM_class = GLOB
structure_exists = 1.0
sequence_matches_structure = False

Attempting prediction for YPL178W
No prediction will be run:
has_verified_seq = True
DeepTMHMM_class = GLOB
structure_exists = 1.0
sequence_matches_structure = False

Attempting prediction for YBR120C
No prediction will be run:
has_verified_seq = True
DeepTMHMM_class = GLOB
structure_exists = 1.0
sequence_matches_structure = False

Attempting prediction for YPL215W
No prediction will be run:
has_verified_seq = True
DeepTMHMM_class = GLOB
structure_exists = 1.0
sequence_matches_structure = False

Attempting prediction for YOR011W
No prediction will be run:
has_verified_seq = True
DeepTMHMM_class = TM
structure_exists = 1.0
sequence_matches_structure = False

Attempting prediction for YNL077W
No prediction will be run:
has_verified_seq = True
DeepTMHMM_class = GLOB
structure_exists = 1.0
sequence_matches_structure = False

Attempting prediction for YLR299W
No prediction will be run:
has_verified_seq = True
DeepTMHMM_class = SP
structure_exists = 1.0
sequence_matches_structure = False

Attempting prediction for YHR138C
No prediction will be run:
has_verified_seq = True
DeepTMHMM_class = SP
structure_exists = 1.0
sequence_matches_structure = False

Attempting prediction for YDR186C
No prediction will be run:
has_verified_seq = True
DeepTMHMM_class = GLOB
structure_exists = 1.0
sequence_matches_structure = False

Attempting prediction for YBR125C
No prediction will be run:
has_verified_seq = True
DeepTMHMM_class = GLOB
structure_exists = 1.0
sequence_matches_structure = False

Attempting prediction for YDR247W
No prediction will be run:
has_verified_seq = True
DeepTMHMM_class = GLOB
structure_exists = 1.0
sequence_matches_structure = False

Attempting prediction for YBR126C
No prediction will be run:
has_verified_seq = True
DeepTMHMM_class = GLOB
structure_exists = 1.0
sequence_matches_structure = False

Attempting prediction for YDR074W
No prediction will be run:
has_verified_seq = True
DeepTMHMM_class = GLOB
structure_exists = 1.0
sequence_matches_structure = False

Attempting prediction for YML100W
No prediction will be run:
has_verified_seq = True
DeepTMHMM_class = GLOB
structure_exists = 1.0
sequence_matches_structure = False

Attempting prediction for YMR261C
No prediction will be run:
has_verified_seq = True
DeepTMHMM_class = GLOB
structure_exists = 1.0
sequence_matches_structure = False

Attempting prediction for YJL054W
No prediction will be run:
has_verified_seq = True
DeepTMHMM_class = GLOB
structure_exists = 1.0
sequence_matches_structure = False

Attempting prediction for YDL185W
No prediction will be run:
has_verified_seq = True
DeepTMHMM_class = GLOB
structure_exists = 1.0
sequence_matches_structure = False

Attempting prediction for YDR202C
No prediction will be run:
has_verified_seq = True
DeepTMHMM_class = GLOB
structure_exists = 1.0
sequence_matches_structure = False

Attempting prediction for YEL051W
No prediction will be run:
has_verified_seq = True
DeepTMHMM_class = GLOB
structure_exists = 1.0
sequence_matches_structure = False

Attempting prediction for YGR020C
No prediction will be run:
has_verified_seq = True
DeepTMHMM_class = GLOB
structure_exists = 1.0
sequence_matches_structure = False

Attempting prediction for YKL080W
No prediction will be run:
has_verified_seq = True
DeepTMHMM_class = GLOB
structure_exists = 1.0
sequence_matches_structure = False

Attempting prediction for YJR033C
No prediction will be run:
has_verified_seq = True
DeepTMHMM_class = GLOB
structure_exists = 1.0
sequence_matches_structure = False

Attempting prediction for YLR447C
No prediction will be run:
has_verified_seq = True
DeepTMHMM_class = GLOB
structure_exists = 1.0
sequence_matches_structure = False

Attempting prediction for YPL234C
No prediction will be run:
has_verified_seq = True
DeepTMHMM_class = TM
structure_exists = 1.0
sequence_matches_structure = False

Attempting prediction for YPR036W
No prediction will be run:
has_verified_seq = True
DeepTMHMM_class = GLOB
structure_exists = 1.0
sequence_matches_structure = False

Attempting prediction for YDL128W
No prediction will be run:
has_verified_seq = True
DeepTMHMM_class = TM
structure_exists = 1.0
sequence_matches_structure = False

Attempting prediction for YER123W
No prediction will be run:
has_verified_seq = True
DeepTMHMM_class = GLOB
structure_exists = 1.0
sequence_matches_structure = False

Attempting prediction for YLL015W
No prediction will be run:
has_verified_seq = True
DeepTMHMM_class = TM
structure_exists = 1.0
sequence_matches_structure = False

Attempting prediction for YLR034C
No prediction will be run:
has_verified_seq = True
DeepTMHMM_class = TM
structure_exists = 1.0
sequence_matches_structure = False

Attempting prediction for YLL048C
No prediction will be run:
has_verified_seq = True
DeepTMHMM_class = TM
structure_exists = 1.0
sequence_matches_structure = False

Attempting prediction for YLR241W
No prediction will be run:
has_verified_seq = True
DeepTMHMM_class = TM
structure_exists = 1.0
sequence_matches_structure = False

Attempting prediction for YOR118W
No prediction will be run:
has_verified_seq = True
DeepTMHMM_class = GLOB
structure_exists = 1.0
sequence_matches_structure = False

Attempting prediction for YBR127C
No prediction will be run:
has_verified_seq = True
DeepTMHMM_class = GLOB
structure_exists = 1.0
sequence_matches_structure = False

Attempting prediction for YGR117C
No prediction will be run:
has_verified_seq = True
DeepTMHMM_class = GLOB
structure_exists = 1.0
sequence_matches_structure = False

Attempting prediction for YDR089W
No prediction will be run:
has_verified_seq = True
DeepTMHMM_class = TM
structure_exists = 1.0
sequence_matches_structure = False

Attempting prediction for YIL002W-A
No prediction will be run:
has_verified_seq = True
DeepTMHMM_class = GLOB
structure_exists = 1.0
sequence_matches_structure = False

Attempting prediction for YPL006W
No prediction will be run:
has_verified_seq = True
DeepTMHMM_class = SP+TM
structure_exists = 1.0
sequence_matches_structure = False

Attempting prediction for YIL088C
No prediction will be run:
has_verified_seq = True
DeepTMHMM_class = TM
structure_exists = 1.0
sequence_matches_structure = False

Attempting prediction for YKL146W
No prediction will be run:
has_verified_seq = True
DeepTMHMM_class = TM
structure_exists = 1.0
sequence_matches_structure = False

Attempting prediction for YMR221C
No prediction will be run:
has_verified_seq = True
DeepTMHMM_class = TM
structure_exists = 1.0
sequence_matches_structure = False

Attempting prediction for YNL101W
No prediction will be run:
has_verified_seq = True
DeepTMHMM_class = TM
structure_exists = 1.0
sequence_matches_structure = False

Attempting prediction for YHR026W
No prediction will be run:
has_verified_seq = True
DeepTMHMM_class = TM
structure_exists = 1.0
sequence_matches_structure = False

Attempting prediction for YOR316C
No prediction will be run:
has_verified_seq = True
DeepTMHMM_class = TM
structure_exists = 1.0
sequence_matches_structure = False

Attempting prediction for YEL013W
No prediction will be run:
has_verified_seq = True
DeepTMHMM_class = GLOB
structure_exists = 1.0
sequence_matches_structure = False

Attempting prediction for YKL175W
No prediction will be run:
has_verified_seq = True
DeepTMHMM_class = TM
structure_exists = 1.0
sequence_matches_structure = False

Attempting prediction for YJR039W
No prediction will be run:
has_verified_seq = True
DeepTMHMM_class = GLOB
structure_exists = 1.0
sequence_matches_structure = False

Attempting prediction for YHL047C
No prediction will be run:
has_verified_seq = True
DeepTMHMM_class = TM
structure_exists = 1.0
sequence_matches_structure = False

Attempting prediction for YBR131W
No prediction will be run:
has_verified_seq = True
DeepTMHMM_class = GLOB
structure_exists = 1.0
sequence_matches_structure = False

Attempting prediction for YGL124C
No prediction will be run:
has_verified_seq = True
DeepTMHMM_class = GLOB
structure_exists = 1.0
sequence_matches_structure = False

Attempting prediction for YGR186W
No prediction will be run:
has_verified_seq = True
DeepTMHMM_class = GLOB
structure_exists = 1.0
sequence_matches_structure = False

Attempting prediction for YIL021W
No prediction will be run:
has_verified_seq = True
DeepTMHMM_class = GLOB
structure_exists = 1.0
sequence_matches_structure = False

Attempting prediction for YJL140W
No prediction will be run:
has_verified_seq = True
DeepTMHMM_class = GLOB
structure_exists = 1.0
sequence_matches_structure = False

Attempting prediction for YOR151C
No prediction will be run:
has_verified_seq = True
DeepTMHMM_class = GLOB
structure_exists = 1.0
sequence_matches_structure = False

Attempting prediction for YOL005C
No prediction will be run:
has_verified_seq = True
DeepTMHMM_class = GLOB
structure_exists = 1.0
sequence_matches_structure = False

Attempting prediction for YPR086W
No prediction will be run:
has_verified_seq = True
DeepTMHMM_class = GLOB
structure_exists = 1.0
sequence_matches_structure = False

Attempting prediction for YBR133C
No prediction will be run:
has_verified_seq = True
DeepTMHMM_class = GLOB
structure_exists = 1.0
sequence_matches_structure = False

Attempting prediction for YBR160W
No prediction will be run:
has_verified_seq = True
DeepTMHMM_class = GLOB
structure_exists = 1.0
sequence_matches_structure = False

Attempting prediction for YDL155W
No prediction will be run:
has_verified_seq = True
DeepTMHMM_class = GLOB
structure_exists = 1.0
sequence_matches_structure = False

Attempting prediction for YLR079W
No prediction will be run:
has_verified_seq = True
DeepTMHMM_class = GLOB
structure_exists = 1.0
sequence_matches_structure = False

Attempting prediction for YLR131C
No prediction will be run:
has_verified_seq = True
DeepTMHMM_class = GLOB
structure_exists = 1.0
sequence_matches_structure = False

Attempting prediction for YMR199W
No prediction will be run:
has_verified_seq = True
DeepTMHMM_class = GLOB
structure_exists = 1.0
sequence_matches_structure = False

Attempting prediction for YMR102C
No prediction will be run:
has_verified_seq = True
DeepTMHMM_class = GLOB
structure_exists = 1.0
sequence_matches_structure = False

Attempting prediction for YPR120C
No prediction will be run:
has_verified_seq = True
DeepTMHMM_class = GLOB
structure_exists = 1.0
sequence_matches_structure = False

Attempting prediction for YPR119W
No prediction will be run:
has_verified_seq = True
DeepTMHMM_class = GLOB
structure_exists = 1.0
sequence_matches_structure = False

Attempting prediction for YBR135W
No prediction will be run:
has_verified_seq = True
DeepTMHMM_class = GLOB
structure_exists = 1.0
sequence_matches_structure = False

Attempting prediction for YBR137W
No prediction will be run:
has_verified_seq = True
DeepTMHMM_class = GLOB
structure_exists = 1.0
sequence_matches_structure = False

Attempting prediction for YOR007C
No prediction will be run:
has_verified_seq = True
DeepTMHMM_class = GLOB
structure_exists = 1.0
sequence_matches_structure = False

Attempting prediction for YBR138C
No prediction will be run:
has_verified_seq = True
DeepTMHMM_class = GLOB
structure_exists = 1.0
sequence_matches_structure = False

Attempting prediction for YBR169C
No prediction will be run:
has_verified_seq = True
DeepTMHMM_class = GLOB
structure_exists = 1.0
sequence_matches_structure = False

Attempting prediction for YHR111W
No prediction will be run:
has_verified_seq = True
DeepTMHMM_class = GLOB
structure_exists = 1.0
sequence_matches_structure = False

Attempting prediction for YOR164C
No prediction will be run:
has_verified_seq = True
DeepTMHMM_class = GLOB
structure_exists = 1.0
sequence_matches_structure = False

Attempting prediction for YOL081W
No prediction will be run:
has_verified_seq = True
DeepTMHMM_class = GLOB
structure_exists = nan
sequence_matches_structure = False

Attempting prediction for YOR371C
No prediction will be run:
has_verified_seq = True
DeepTMHMM_class = GLOB
structure_exists = 1.0
sequence_matches_structure = False

Attempting prediction for YAL056W
No prediction will be run:
has_verified_seq = True
DeepTMHMM_class = GLOB
structure_exists = 1.0
sequence_matches_structure = False

Attempting prediction for YBR140C
No prediction will be run:
has_verified_seq = True
DeepTMHMM_class = GLOB
structure_exists = nan
sequence_matches_structure = False

Attempting prediction for YKR008W
No prediction will be run:
has_verified_seq = True
DeepTMHMM_class = GLOB
structure_exists = 1.0
sequence_matches_structure = False

Attempting prediction for YDR060W
No prediction will be run:
has_verified_seq = True
DeepTMHMM_class = GLOB
structure_exists = 1.0
sequence_matches_structure = False

Attempting prediction for YMR229C
No prediction will be run:
has_verified_seq = True
DeepTMHMM_class = GLOB
structure_exists = 1.0
sequence_matches_structure = False

Attempting prediction for YBR142W
No prediction will be run:
has_verified_seq = True
DeepTMHMM_class = GLOB
structure_exists = 1.0
sequence_matches_structure = False

Attempting prediction for YLR175W
No prediction will be run:
has_verified_seq = True
DeepTMHMM_class = GLOB
structure_exists = 1.0
sequence_matches_structure = False

Attempting prediction for YHR108W
No prediction will be run:
has_verified_seq = True
DeepTMHMM_class = GLOB
structure_exists = 1.0
sequence_matches_structure = False

Attempting prediction for YLR380W
No prediction will be run:
has_verified_seq = True
DeepTMHMM_class = GLOB
structure_exists = 1.0
sequence_matches_structure = False

Attempting prediction for YNL220W
No prediction will be run:
has_verified_seq = True
DeepTMHMM_class = GLOB
structure_exists = 1.0
sequence_matches_structure = False

Attempting prediction for YNL189W
No prediction will be run:
has_verified_seq = True
DeepTMHMM_class = GLOB
structure_exists = 1.0
sequence_matches_structure = False

Attempting prediction for YKL117W
No prediction will be run:
has_verified_seq = True
DeepTMHMM_class = GLOB
structure_exists = 1.0
sequence_matches_structure = False

Attempting prediction for YLR058C
No prediction will be run:
has_verified_seq = True
DeepTMHMM_class = GLOB
structure_exists = 1.0
sequence_matches_structure = False

Attempting prediction for YMR276W
No prediction will be run:
has_verified_seq = True
DeepTMHMM_class = GLOB
structure_exists = 1.0
sequence_matches_structure = False

Attempting prediction for YIR034C
No prediction will be run:
has_verified_seq = True
DeepTMHMM_class = GLOB
structure_exists = 1.0
sequence_matches_structure = False

Attempting prediction for YGL106W
No prediction will be run:
has_verified_seq = True
DeepTMHMM_class = GLOB
structure_exists = 1.0
sequence_matches_structure = False

Attempting prediction for YOL076W
No prediction will be run:
has_verified_seq = True
DeepTMHMM_class = GLOB
structure_exists = 1.0
sequence_matches_structure = False

Attempting prediction for YOR326W
No prediction will be run:
has_verified_seq = True
DeepTMHMM_class = GLOB
structure_exists = 1.0
sequence_matches_structure = False

Attempting prediction for YOR284W
No prediction will be run:
has_verified_seq = True
DeepTMHMM_class = GLOB
structure_exists = 1.0
sequence_matches_structure = False

Attempting prediction for YBR151W
No prediction will be run:
has_verified_seq = True
DeepTMHMM_class = GLOB
structure_exists = 1.0
sequence_matches_structure = False

Attempting prediction for YDL167C
No prediction will be run:
has_verified_seq = True
DeepTMHMM_class = GLOB
structure_exists = 1.0
sequence_matches_structure = False

Attempting prediction for YBL081W
No prediction will be run:
has_verified_seq = True
DeepTMHMM_class = GLOB
structure_exists = 1.0
sequence_matches_structure = False

Attempting prediction for YMR275C
No prediction will be run:
has_verified_seq = True
DeepTMHMM_class = GLOB
structure_exists = 1.0
sequence_matches_structure = False

Attempting prediction for YGR187C
No prediction will be run:
has_verified_seq = True
DeepTMHMM_class = GLOB
structure_exists = 1.0
sequence_matches_structure = False

Attempting prediction for YBR155W
No prediction will be run:
has_verified_seq = True
DeepTMHMM_class = GLOB
structure_exists = 1.0
sequence_matches_structure = False

Attempting prediction for YIL150C
No prediction will be run:
has_verified_seq = True
DeepTMHMM_class = GLOB
structure_exists = 1.0
sequence_matches_structure = False

Attempting prediction for YBR156C
No prediction will be run:
has_verified_seq = True
DeepTMHMM_class = GLOB
structure_exists = 1.0
sequence_matches_structure = False

Attempting prediction for YOR178C
No prediction will be run:
has_verified_seq = True
DeepTMHMM_class = GLOB
structure_exists = 1.0
sequence_matches_structure = False

Attempting prediction for YER019C-A
No prediction will be run:
has_verified_seq = True
DeepTMHMM_class = TM
structure_exists = 1.0
sequence_matches_structure = False

Attempting prediction for YBR162C
No prediction will be run:
has_verified_seq = True
DeepTMHMM_class = SP
structure_exists = 1.0
sequence_matches_structure = False

Attempting prediction for YBL100W-A;YCL020W;YDR034C-C;YFL002W-B;YGR161W-A;YLR410W-A;YLR424C-B;YOR343W-A
No prediction will be run:
has_verified_seq = False
DeepTMHMM_class = nan
structure_exists = nan
sequence_matches_structure = False

Attempting prediction for YBR164C
No prediction will be run:
has_verified_seq = True
DeepTMHMM_class = GLOB
structure_exists = 1.0
sequence_matches_structure = False

Attempting prediction for YBR163W
No prediction will be run:
has_verified_seq = True
DeepTMHMM_class = GLOB
structure_exists = 1.0
sequence_matches_structure = False

Attempting prediction for YBR168W
No prediction will be run:
has_verified_seq = True
DeepTMHMM_class = TM
structure_exists = 1.0
sequence_matches_structure = False

Attempting prediction for YHR150W
No prediction will be run:
has_verified_seq = True
DeepTMHMM_class = TM
structure_exists = 1.0
sequence_matches_structure = False

Attempting prediction for YLR324W
No prediction will be run:
has_verified_seq = True
DeepTMHMM_class = TM
structure_exists = 1.0
sequence_matches_structure = False

Attempting prediction for YML056C
No prediction will be run:
has_verified_seq = True
DeepTMHMM_class = GLOB
structure_exists = 1.0
sequence_matches_structure = False

Attempting prediction for YBR172C
No prediction will be run:
has_verified_seq = True
DeepTMHMM_class = GLOB
structure_exists = 1.0
sequence_matches_structure = False

Attempting prediction for YDR216W
No prediction will be run:
has_verified_seq = True
DeepTMHMM_class = GLOB
structure_exists = 1.0
sequence_matches_structure = False

Attempting prediction for YLR292C
No prediction will be run:
has_verified_seq = True
DeepTMHMM_class = GLOB
structure_exists = 1.0
sequence_matches_structure = False

Attempting prediction for YLR378C
No prediction will be run:
has_verified_seq = True
DeepTMHMM_class = TM
structure_exists = 1.0
sequence_matches_structure = False

Attempting prediction for YPL094C
No prediction will be run:
has_verified_seq = True
DeepTMHMM_class = TM
structure_exists = 1.0
sequence_matches_structure = False

Attempting prediction for YBR173C
No prediction will be run:
has_verified_seq = True
DeepTMHMM_class = GLOB
structure_exists = 1.0
sequence_matches_structure = False

Attempting prediction for YFL007W
No prediction will be run:
has_verified_seq = True
DeepTMHMM_class = GLOB
structure_exists = 1.0
sequence_matches_structure = False

Attempting prediction for YGL011C
No prediction will be run:
has_verified_seq = True
DeepTMHMM_class = GLOB
structure_exists = 1.0
sequence_matches_structure = False

Attempting prediction for YFR050C
No prediction will be run:
has_verified_seq = True
DeepTMHMM_class = GLOB
structure_exists = 1.0
sequence_matches_structure = False

Attempting prediction for YGR135W
No prediction will be run:
has_verified_seq = True
DeepTMHMM_class = GLOB
structure_exists = 1.0
sequence_matches_structure = False

Attempting prediction for YFR052W
No prediction will be run:
has_verified_seq = True
DeepTMHMM_class = GLOB
structure_exists = 1.0
sequence_matches_structure = False

Attempting prediction for YGL048C
No prediction will be run:
has_verified_seq = True
DeepTMHMM_class = GLOB
structure_exists = 1.0
sequence_matches_structure = False

Attempting prediction for YBR061C
No prediction will be run:
has_verified_seq = True
DeepTMHMM_class = GLOB
structure_exists = 1.0
sequence_matches_structure = False

Attempting prediction for YBR181C
No prediction will be run:
has_verified_seq = True
DeepTMHMM_class = GLOB
structure_exists = 1.0
sequence_matches_structure = False

Attempting prediction for YDR404C
No prediction will be run:
has_verified_seq = True
DeepTMHMM_class = GLOB
structure_exists = 1.0
sequence_matches_structure = False

Attempting prediction for YLR336C
No prediction will be run:
has_verified_seq = True
DeepTMHMM_class = GLOB
structure_exists = 1.0
sequence_matches_structure = False

Attempting prediction for YER082C
No prediction will be run:
has_verified_seq = True
DeepTMHMM_class = GLOB
structure_exists = 1.0
sequence_matches_structure = False

Attempting prediction for YGR145W
No prediction will be run:
has_verified_seq = True
DeepTMHMM_class = GLOB
structure_exists = 1.0
sequence_matches_structure = False

Attempting prediction for YGL171W
No prediction will be run:
has_verified_seq = True
DeepTMHMM_class = GLOB
structure_exists = 1.0
sequence_matches_structure = False

Attempting prediction for YPL217C
No prediction will be run:
has_verified_seq = True
DeepTMHMM_class = GLOB
structure_exists = 1.0
sequence_matches_structure = False

Attempting prediction for YOL124C
No prediction will be run:
has_verified_seq = True
DeepTMHMM_class = GLOB
structure_exists = 1.0
sequence_matches_structure = False

Attempting prediction for YGR065C
No prediction will be run:
has_verified_seq = True
DeepTMHMM_class = TM
structure_exists = 1.0
sequence_matches_structure = False

Attempting prediction for YLR404W
No prediction will be run:
has_verified_seq = True
DeepTMHMM_class = TM
structure_exists = 1.0
sequence_matches_structure = False

Attempting prediction for YJR118C
No prediction will be run:
has_verified_seq = True
DeepTMHMM_class = TM
structure_exists = 1.0
sequence_matches_structure = False

Attempting prediction for YLR435W
No prediction will be run:
has_verified_seq = True
DeepTMHMM_class = GLOB
structure_exists = 1.0
sequence_matches_structure = False

Attempting prediction for YHR009C
No prediction will be run:
has_verified_seq = True
DeepTMHMM_class = GLOB
structure_exists = 1.0
sequence_matches_structure = False

Attempting prediction for YDR165W
No prediction will be run:
has_verified_seq = True
DeepTMHMM_class = GLOB
structure_exists = 1.0
sequence_matches_structure = False

Attempting prediction for YBL025W
No prediction will be run:
has_verified_seq = True
DeepTMHMM_class = GLOB
structure_exists = 1.0
sequence_matches_structure = False

Attempting prediction for YMR121C
No prediction will be run:
has_verified_seq = True
DeepTMHMM_class = GLOB
structure_exists = 1.0
sequence_matches_structure = False

Attempting prediction for YNL262W
No prediction will be run:
has_verified_seq = True
DeepTMHMM_class = GLOB
structure_exists = 1.0
sequence_matches_structure = False

Attempting prediction for YLL034C
No prediction will be run:
has_verified_seq = True
DeepTMHMM_class = GLOB
structure_exists = 1.0
sequence_matches_structure = False

Attempting prediction for YJL010C
No prediction will be run:
has_verified_seq = True
DeepTMHMM_class = GLOB
structure_exists = 1.0
sequence_matches_structure = False

Attempting prediction for YDR012W
No prediction will be run:
has_verified_seq = True
DeepTMHMM_class = GLOB
structure_exists = 1.0
sequence_matches_structure = False

Attempting prediction for YDR174W
No prediction will be run:
has_verified_seq = True
DeepTMHMM_class = GLOB
structure_exists = 1.0
sequence_matches_structure = False

Attempting prediction for YER047C
No prediction will be run:
has_verified_seq = True
DeepTMHMM_class = GLOB
structure_exists = 1.0
sequence_matches_structure = False

Attempting prediction for YHR170W
No prediction will be run:
has_verified_seq = True
DeepTMHMM_class = GLOB
structure_exists = 1.0
sequence_matches_structure = False

Attempting prediction for YCR035C
No prediction will be run:
has_verified_seq = True
DeepTMHMM_class = GLOB
structure_exists = 1.0
sequence_matches_structure = False

Attempting prediction for YJL050W
No prediction will be run:
has_verified_seq = True
DeepTMHMM_class = GLOB
structure_exists = 1.0
sequence_matches_structure = False

Attempting prediction for YLR397C
No prediction will be run:
has_verified_seq = True
DeepTMHMM_class = GLOB
structure_exists = 1.0
sequence_matches_structure = False

Attempting prediction for YNR024W
No prediction will be run:
has_verified_seq = True
DeepTMHMM_class = GLOB
structure_exists = 1.0
sequence_matches_structure = False

Attempting prediction for YOR001W
No prediction will be run:
has_verified_seq = True
DeepTMHMM_class = GLOB
structure_exists = 1.0
sequence_matches_structure = False

Attempting prediction for YKR024C
No prediction will be run:
has_verified_seq = True
DeepTMHMM_class = GLOB
structure_exists = 1.0
sequence_matches_structure = False

Attempting prediction for YBR194W
No prediction will be run:
has_verified_seq = True
DeepTMHMM_class = GLOB
structure_exists = 1.0
sequence_matches_structure = False

Attempting prediction for YPR152C
No prediction will be run:
has_verified_seq = True
DeepTMHMM_class = GLOB
structure_exists = 1.0
sequence_matches_structure = False

Attempting prediction for YBR195C
No prediction will be run:
has_verified_seq = True
DeepTMHMM_class = GLOB
structure_exists = 1.0
sequence_matches_structure = False

Attempting prediction for YML102W
No prediction will be run:
has_verified_seq = True
DeepTMHMM_class = GLOB
structure_exists = 1.0
sequence_matches_structure = False

Attempting prediction for YCL043C
No prediction will be run:
has_verified_seq = True
DeepTMHMM_class = SP
structure_exists = 1.0
sequence_matches_structure = False

Attempting prediction for YER031C
No prediction will be run:
has_verified_seq = True
DeepTMHMM_class = GLOB
structure_exists = 1.0
sequence_matches_structure = False

Attempting prediction for YCR012W
No prediction will be run:
has_verified_seq = True
DeepTMHMM_class = GLOB
structure_exists = 1.0
sequence_matches_structure = False

Attempting prediction for YDR226W
No prediction will be run:
has_verified_seq = True
DeepTMHMM_class = GLOB
structure_exists = 1.0
sequence_matches_structure = False

Attempting prediction for YKL152C
No prediction will be run:
has_verified_seq = True
DeepTMHMM_class = GLOB
structure_exists = 1.0
sequence_matches_structure = False

Attempting prediction for YKL060C
No prediction will be run:
has_verified_seq = True
DeepTMHMM_class = GLOB
structure_exists = 1.0
sequence_matches_structure = False

Attempting prediction for YLR044C
No prediction will be run:
has_verified_seq = True
DeepTMHMM_class = GLOB
structure_exists = 1.0
sequence_matches_structure = False

Attempting prediction for YOR020C
No prediction will be run:
has_verified_seq = True
DeepTMHMM_class = GLOB
structure_exists = 1.0
sequence_matches_structure = False

Attempting prediction for YLR354C
No prediction will be run:
has_verified_seq = True
DeepTMHMM_class = GLOB
structure_exists = 1.0
sequence_matches_structure = False

Attempting prediction for YPL106C
No prediction will be run:
has_verified_seq = True
DeepTMHMM_class = GLOB
structure_exists = 1.0
sequence_matches_structure = False

Attempting prediction for YPL089C
No prediction will be run:
has_verified_seq = True
DeepTMHMM_class = GLOB
structure_exists = 1.0
sequence_matches_structure = False

Attempting prediction for YER091C
No prediction will be run:
has_verified_seq = True
DeepTMHMM_class = GLOB
structure_exists = 1.0
sequence_matches_structure = False

Attempting prediction for YBR238C
No prediction will be run:
has_verified_seq = True
DeepTMHMM_class = GLOB
structure_exists = 1.0
sequence_matches_structure = False

Attempting prediction for YGR192C
No prediction will be run:
has_verified_seq = True
DeepTMHMM_class = GLOB
structure_exists = 1.0
sequence_matches_structure = False

Attempting prediction for YER043C
No prediction will be run:
has_verified_seq = True
DeepTMHMM_class = GLOB
structure_exists = 1.0
sequence_matches_structure = False

Attempting prediction for YFL028C
No prediction will be run:
has_verified_seq = True
DeepTMHMM_class = GLOB
structure_exists = 1.0
sequence_matches_structure = False

Attempting prediction for YJL052W
No prediction will be run:
has_verified_seq = True
DeepTMHMM_class = GLOB
structure_exists = 1.0
sequence_matches_structure = False

Attempting prediction for YGL253W
No prediction will be run:
has_verified_seq = True
DeepTMHMM_class = GLOB
structure_exists = 1.0
sequence_matches_structure = False

Attempting prediction for YDL025C
No prediction will be run:
has_verified_seq = True
DeepTMHMM_class = GLOB
structure_exists = 1.0
sequence_matches_structure = False

Attempting prediction for YGR254W
No prediction will be run:
has_verified_seq = True
DeepTMHMM_class = GLOB
structure_exists = 1.0
sequence_matches_structure = False

Attempting prediction for YER023W
No prediction will be run:
has_verified_seq = True
DeepTMHMM_class = GLOB
structure_exists = 1.0
sequence_matches_structure = False

Attempting prediction for YHR174W
No prediction will be run:
has_verified_seq = True
DeepTMHMM_class = GLOB
structure_exists = 1.0
sequence_matches_structure = False

Attempting prediction for YJR104C
No prediction will be run:
has_verified_seq = True
DeepTMHMM_class = GLOB
structure_exists = 1.0
sequence_matches_structure = False

Attempting prediction for YJR009C
No prediction will be run:
has_verified_seq = True
DeepTMHMM_class = GLOB
structure_exists = 1.0
sequence_matches_structure = False

Attempting prediction for YKL056C
No prediction will be run:
has_verified_seq = True
DeepTMHMM_class = GLOB
structure_exists = 1.0
sequence_matches_structure = False

Attempting prediction for YOL109W
No prediction will be run:
has_verified_seq = True
DeepTMHMM_class = GLOB
structure_exists = 1.0
sequence_matches_structure = False

Attempting prediction for YGR180C
No prediction will be run:
has_verified_seq = True
DeepTMHMM_class = GLOB
structure_exists = 1.0
sequence_matches_structure = False

Attempting prediction for YJL026W
No prediction will be run:
has_verified_seq = True
DeepTMHMM_class = GLOB
structure_exists = 1.0
sequence_matches_structure = False

Attempting prediction for YNL160W
No prediction will be run:
has_verified_seq = True
DeepTMHMM_class = SP
structure_exists = 1.0
sequence_matches_structure = False

Attempting prediction for YML058W-A
No prediction will be run:
has_verified_seq = True
DeepTMHMM_class = GLOB
structure_exists = 1.0
sequence_matches_structure = False

Attempting prediction for YOR230W
No prediction will be run:
has_verified_seq = True
DeepTMHMM_class = GLOB
structure_exists = 1.0
sequence_matches_structure = False

Attempting prediction for YOR229W
No prediction will be run:
has_verified_seq = True
DeepTMHMM_class = GLOB
structure_exists = 1.0
sequence_matches_structure = False

Attempting prediction for YOR283W
No prediction will be run:
has_verified_seq = True
DeepTMHMM_class = GLOB
structure_exists = 1.0
sequence_matches_structure = False

Attempting prediction for YHR179W
No prediction will be run:
has_verified_seq = True
DeepTMHMM_class = GLOB
structure_exists = 1.0
sequence_matches_structure = False

Attempting prediction for YPL171C
No prediction will be run:
has_verified_seq = True
DeepTMHMM_class = GLOB
structure_exists = 1.0
sequence_matches_structure = False

Attempting prediction for YGR204W
No prediction will be run:
has_verified_seq = True
DeepTMHMM_class = GLOB
structure_exists = 1.0
sequence_matches_structure = False

Attempting prediction for YJR139C
No prediction will be run:
has_verified_seq = True
DeepTMHMM_class = GLOB
structure_exists = 1.0
sequence_matches_structure = False

Attempting prediction for YLR028C
No prediction will be run:
has_verified_seq = True
DeepTMHMM_class = GLOB
structure_exists = 1.0
sequence_matches_structure = False

Attempting prediction for YMR120C
No prediction will be run:
has_verified_seq = True
DeepTMHMM_class = GLOB
structure_exists = 1.0
sequence_matches_structure = False

Attempting prediction for YNL273W
No prediction will be run:
has_verified_seq = True
DeepTMHMM_class = GLOB
structure_exists = 1.0
sequence_matches_structure = False

Attempting prediction for YLR274W
No prediction will be run:
has_verified_seq = True
DeepTMHMM_class = GLOB
structure_exists = 1.0
sequence_matches_structure = False

Attempting prediction for YEL032W
No prediction will be run:
has_verified_seq = True
DeepTMHMM_class = GLOB
structure_exists = 1.0
sequence_matches_structure = False

Attempting prediction for YKL179C
No prediction will be run:
has_verified_seq = True
DeepTMHMM_class = TM
structure_exists = 1.0
sequence_matches_structure = False

Attempting prediction for YBR207W
No prediction will be run:
has_verified_seq = True
DeepTMHMM_class = TM
structure_exists = 1.0
sequence_matches_structure = False

Attempting prediction for YFL041W
No prediction will be run:
has_verified_seq = True
DeepTMHMM_class = SP+TM
structure_exists = 1.0
sequence_matches_structure = False

Attempting prediction for YMR318C
No prediction will be run:
has_verified_seq = True
DeepTMHMM_class = GLOB
structure_exists = 1.0
sequence_matches_structure = False

Attempting prediction for YGR095C
No prediction will be run:
has_verified_seq = True
DeepTMHMM_class = GLOB
structure_exists = 1.0
sequence_matches_structure = False

Attempting prediction for YJR135C
No prediction will be run:
has_verified_seq = True
DeepTMHMM_class = GLOB
structure_exists = 1.0
sequence_matches_structure = False

Attempting prediction for YDR320C-A
No prediction will be run:
has_verified_seq = True
DeepTMHMM_class = GLOB
structure_exists = 1.0
sequence_matches_structure = False

Attempting prediction for YGL061C
No prediction will be run:
has_verified_seq = True
DeepTMHMM_class = GLOB
structure_exists = 1.0
sequence_matches_structure = False

Attempting prediction for YKL138C-A
No prediction will be run:
has_verified_seq = True
DeepTMHMM_class = GLOB
structure_exists = 1.0
sequence_matches_structure = False

Attempting prediction for YKL052C
No prediction will be run:
has_verified_seq = True
DeepTMHMM_class = GLOB
structure_exists = 1.0
sequence_matches_structure = False

Attempting prediction for YKR083C
No prediction will be run:
has_verified_seq = True
DeepTMHMM_class = GLOB
structure_exists = 1.0
sequence_matches_structure = False

Attempting prediction for YKR037C
No prediction will be run:
has_verified_seq = True
DeepTMHMM_class = GLOB
structure_exists = 1.0
sequence_matches_structure = False

Attempting prediction for YBR233W-A
No prediction will be run:
has_verified_seq = True
DeepTMHMM_class = GLOB
structure_exists = 1.0
sequence_matches_structure = False

Attempting prediction for YMR117C
No prediction will be run:
has_verified_seq = True
DeepTMHMM_class = GLOB
structure_exists = 1.0
sequence_matches_structure = False

Attempting prediction for YGL062W
No prediction will be run:
has_verified_seq = True
DeepTMHMM_class = GLOB
structure_exists = 1.0
sequence_matches_structure = False

Attempting prediction for YFR049W
No prediction will be run:
has_verified_seq = True
DeepTMHMM_class = GLOB
structure_exists = 1.0
sequence_matches_structure = False

Attempting prediction for YJR010C-A
No prediction will be run:
has_verified_seq = True
DeepTMHMM_class = TM
structure_exists = 1.0
sequence_matches_structure = False

Attempting prediction for YLR457C
No prediction will be run:
has_verified_seq = True
DeepTMHMM_class = GLOB
structure_exists = 1.0
sequence_matches_structure = False

Attempting prediction for YBR223C
No prediction will be run:
has_verified_seq = True
DeepTMHMM_class = GLOB
structure_exists = 1.0
sequence_matches_structure = False

Attempting prediction for YER132C
No prediction will be run:
has_verified_seq = True
DeepTMHMM_class = GLOB
structure_exists = 1.0
sequence_matches_structure = False

Attempting prediction for YGL021W
No prediction will be run:
has_verified_seq = True
DeepTMHMM_class = GLOB
structure_exists = 1.0
sequence_matches_structure = False

Attempting prediction for YDR422C
No prediction will be run:
has_verified_seq = True
DeepTMHMM_class = GLOB
structure_exists = 1.0
sequence_matches_structure = False

Attempting prediction for YNL042W
No prediction will be run:
has_verified_seq = True
DeepTMHMM_class = GLOB
structure_exists = 1.0
sequence_matches_structure = False

Attempting prediction for YLR096W
No prediction will be run:
has_verified_seq = True
DeepTMHMM_class = GLOB
structure_exists = 1.0
sequence_matches_structure = False

Attempting prediction for YOR233W
No prediction will be run:
has_verified_seq = True
DeepTMHMM_class = GLOB
structure_exists = 1.0
sequence_matches_structure = False

Attempting prediction for YBR225W
No prediction will be run:
has_verified_seq = True
DeepTMHMM_class = GLOB
structure_exists = 1.0
sequence_matches_structure = False

Attempting prediction for YGL197W
No prediction will be run:
has_verified_seq = True
DeepTMHMM_class = GLOB
structure_exists = 1.0
sequence_matches_structure = False

Attempting prediction for YPL070W
No prediction will be run:
has_verified_seq = True
DeepTMHMM_class = GLOB
structure_exists = 1.0
sequence_matches_structure = False

Attempting prediction for YKL203C
No prediction will be run:
has_verified_seq = True
DeepTMHMM_class = GLOB
structure_exists = 1.0
sequence_matches_structure = False

Attempting prediction for YIL124W
No prediction will be run:
has_verified_seq = True
DeepTMHMM_class = GLOB
structure_exists = 1.0
sequence_matches_structure = False

Attempting prediction for YIL108W
No prediction will be run:
has_verified_seq = True
DeepTMHMM_class = GLOB
structure_exists = 1.0
sequence_matches_structure = False

Attempting prediction for YIL156W
No prediction will be run:
has_verified_seq = True
DeepTMHMM_class = GLOB
structure_exists = 1.0
sequence_matches_structure = False

Attempting prediction for YGL078C
No prediction will be run:
has_verified_seq = True
DeepTMHMM_class = GLOB
structure_exists = 1.0
sequence_matches_structure = False

Attempting prediction for YGR266W
No prediction will be run:
has_verified_seq = True
DeepTMHMM_class = GLOB
structure_exists = 1.0
sequence_matches_structure = False

Attempting prediction for YGR240C
No prediction will be run:
has_verified_seq = True
DeepTMHMM_class = GLOB
structure_exists = 1.0
sequence_matches_structure = False

Attempting prediction for YGL206C
No prediction will be run:
has_verified_seq = True
DeepTMHMM_class = GLOB
structure_exists = 1.0
sequence_matches_structure = False

Attempting prediction for YNL243W
No prediction will be run:
has_verified_seq = True
DeepTMHMM_class = GLOB
structure_exists = 1.0
sequence_matches_structure = False

Attempting prediction for YIL062C
No prediction will be run:
has_verified_seq = True
DeepTMHMM_class = GLOB
structure_exists = 1.0
sequence_matches_structure = False

Attempting prediction for YDL029W
No prediction will be run:
has_verified_seq = True
DeepTMHMM_class = GLOB
structure_exists = 1.0
sequence_matches_structure = False

Attempting prediction for YJR065C
No prediction will be run:
has_verified_seq = True
DeepTMHMM_class = GLOB
structure_exists = 1.0
sequence_matches_structure = False

Attempting prediction for YLR206W
No prediction will be run:
has_verified_seq = True
DeepTMHMM_class = GLOB
structure_exists = 1.0
sequence_matches_structure = False

Attempting prediction for YKL013C
No prediction will be run:
has_verified_seq = True
DeepTMHMM_class = GLOB
structure_exists = 1.0
sequence_matches_structure = False

Attempting prediction for YNL084C
No prediction will be run:
has_verified_seq = True
DeepTMHMM_class = GLOB
structure_exists = 1.0
sequence_matches_structure = False

Attempting prediction for YLR370C
No prediction will be run:
has_verified_seq = True
DeepTMHMM_class = GLOB
structure_exists = 1.0
sequence_matches_structure = False

Attempting prediction for YNR035C
No prediction will be run:
has_verified_seq = True
DeepTMHMM_class = GLOB
structure_exists = 1.0
sequence_matches_structure = False

Attempting prediction for YGL181W
No prediction will be run:
has_verified_seq = True
DeepTMHMM_class = GLOB
structure_exists = 1.0
sequence_matches_structure = False

Attempting prediction for YDL204W
No prediction will be run:
has_verified_seq = True
DeepTMHMM_class = TM
structure_exists = 1.0
sequence_matches_structure = False

Attempting prediction for YCL037C
No prediction will be run:
has_verified_seq = True
DeepTMHMM_class = GLOB
structure_exists = 1.0
sequence_matches_structure = False

Attempting prediction for YBR236C
No prediction will be run:
has_verified_seq = True
DeepTMHMM_class = GLOB
structure_exists = 1.0
sequence_matches_structure = False

Attempting prediction for YBR239C
No prediction will be run:
has_verified_seq = True
DeepTMHMM_class = GLOB
structure_exists = 1.0
sequence_matches_structure = False

Attempting prediction for YDR170C
No prediction will be run:
has_verified_seq = True
DeepTMHMM_class = GLOB
structure_exists = 1.0
sequence_matches_structure = False

Attempting prediction for YER129W
No prediction will be run:
has_verified_seq = True
DeepTMHMM_class = GLOB
structure_exists = 1.0
sequence_matches_structure = False

Attempting prediction for YGR130C
No prediction will be run:
has_verified_seq = True
DeepTMHMM_class = GLOB
structure_exists = 1.0
sequence_matches_structure = False

Attempting prediction for YNL272C
No prediction will be run:
has_verified_seq = True
DeepTMHMM_class = GLOB
structure_exists = 1.0
sequence_matches_structure = False

Attempting prediction for YGR159C
No prediction will be run:
has_verified_seq = True
DeepTMHMM_class = GLOB
structure_exists = 1.0
sequence_matches_structure = False

Attempting prediction for YOL017W
No prediction will be run:
has_verified_seq = True
DeepTMHMM_class = GLOB
structure_exists = 1.0
sequence_matches_structure = False

Attempting prediction for YDR365C
No prediction will be run:
has_verified_seq = True
DeepTMHMM_class = GLOB
structure_exists = 1.0
sequence_matches_structure = False

Attempting prediction for YDL153C
No prediction will be run:
has_verified_seq = True
DeepTMHMM_class = GLOB
structure_exists = 1.0
sequence_matches_structure = False

Attempting prediction for YDL148C
No prediction will be run:
has_verified_seq = True
DeepTMHMM_class = GLOB
structure_exists = 1.0
sequence_matches_structure = False

Attempting prediction for YDR324C
No prediction will be run:
has_verified_seq = True
DeepTMHMM_class = GLOB
structure_exists = 1.0
sequence_matches_structure = False

Attempting prediction for YDR083W
No prediction will be run:
has_verified_seq = True
DeepTMHMM_class = GLOB
structure_exists = 1.0
sequence_matches_structure = False

Attempting prediction for YDR398W
No prediction will be run:
has_verified_seq = True
DeepTMHMM_class = GLOB
structure_exists = 1.0
sequence_matches_structure = False

Attempting prediction for YDR339C
No prediction will be run:
has_verified_seq = True
DeepTMHMM_class = GLOB
structure_exists = 1.0
sequence_matches_structure = False

Attempting prediction for YDR449C
No prediction will be run:
has_verified_seq = True
DeepTMHMM_class = GLOB
structure_exists = 1.0
sequence_matches_structure = False

Attempting prediction for YER127W
No prediction will be run:
has_verified_seq = True
DeepTMHMM_class = GLOB
structure_exists = 1.0
sequence_matches_structure = False

Attempting prediction for YGR128C
No prediction will be run:
has_verified_seq = True
DeepTMHMM_class = GLOB
structure_exists = 1.0
sequence_matches_structure = False

Attempting prediction for YHR196W
No prediction will be run:
has_verified_seq = True
DeepTMHMM_class = GLOB
structure_exists = 1.0
sequence_matches_structure = False

Attempting prediction for YHR169W
No prediction will be run:
has_verified_seq = True
DeepTMHMM_class = GLOB
structure_exists = 1.0
sequence_matches_structure = False

Attempting prediction for YIL091C
No prediction will be run:
has_verified_seq = True
DeepTMHMM_class = GLOB
structure_exists = 1.0
sequence_matches_structure = False

Attempting prediction for YIL019W
No prediction will be run:
has_verified_seq = True
DeepTMHMM_class = GLOB
structure_exists = 1.0
sequence_matches_structure = False

Attempting prediction for YJL033W
No prediction will be run:
has_verified_seq = True
DeepTMHMM_class = GLOB
structure_exists = 1.0
sequence_matches_structure = False

Attempting prediction for YJL109C
No prediction will be run:
has_verified_seq = True
DeepTMHMM_class = GLOB
structure_exists = 1.0
sequence_matches_structure = False

Attempting prediction for YJL069C
No prediction will be run:
has_verified_seq = True
DeepTMHMM_class = GLOB
structure_exists = 1.0
sequence_matches_structure = False

Attempting prediction for YKL099C
No prediction will be run:
has_verified_seq = True
DeepTMHMM_class = GLOB
structure_exists = 1.0
sequence_matches_structure = False

Attempting prediction for YJR002W
No prediction will be run:
has_verified_seq = True
DeepTMHMM_class = GLOB
structure_exists = 1.0
sequence_matches_structure = False

Attempting prediction for YLL011W
No prediction will be run:
has_verified_seq = True
DeepTMHMM_class = GLOB
structure_exists = 1.0
sequence_matches_structure = False

Attempting prediction for YKR060W
No prediction will be run:
has_verified_seq = True
DeepTMHMM_class = GLOB
structure_exists = 1.0
sequence_matches_structure = False

Attempting prediction for YLR129W
No prediction will be run:
has_verified_seq = True
DeepTMHMM_class = GLOB
structure_exists = 1.0
sequence_matches_structure = False

Attempting prediction for YLR051C
No prediction will be run:
has_verified_seq = True
DeepTMHMM_class = GLOB
structure_exists = 1.0
sequence_matches_structure = False

Attempting prediction for YLR222C
No prediction will be run:
has_verified_seq = True
DeepTMHMM_class = GLOB
structure_exists = 1.0
sequence_matches_structure = False

Attempting prediction for YLR186W
No prediction will be run:
has_verified_seq = True
DeepTMHMM_class = GLOB
structure_exists = 1.0
sequence_matches_structure = False

Attempting prediction for YML093W
No prediction will be run:
has_verified_seq = True
DeepTMHMM_class = GLOB
structure_exists = 1.0
sequence_matches_structure = False

Attempting prediction for YLR409C
No prediction will be run:
has_verified_seq = True
DeepTMHMM_class = GLOB
structure_exists = 1.0
sequence_matches_structure = False

Attempting prediction for YMR128W
No prediction will be run:
has_verified_seq = True
DeepTMHMM_class = GLOB
structure_exists = 1.0
sequence_matches_structure = False

Attempting prediction for YMR093W
No prediction will be run:
has_verified_seq = True
DeepTMHMM_class = GLOB
structure_exists = 1.0
sequence_matches_structure = False

Attempting prediction for YNL075W
No prediction will be run:
has_verified_seq = True
DeepTMHMM_class = GLOB
structure_exists = 1.0
sequence_matches_structure = False

Attempting prediction for YNR054C
No prediction will be run:
has_verified_seq = True
DeepTMHMM_class = GLOB
structure_exists = 1.0
sequence_matches_structure = False

Attempting prediction for YNL132W
No prediction will be run:
has_verified_seq = True
DeepTMHMM_class = GLOB
structure_exists = 1.0
sequence_matches_structure = False

Attempting prediction for YOR078W
No prediction will be run:
has_verified_seq = True
DeepTMHMM_class = GLOB
structure_exists = 1.0
sequence_matches_structure = False

Attempting prediction for YOL010W
No prediction will be run:
has_verified_seq = True
DeepTMHMM_class = GLOB
structure_exists = 1.0
sequence_matches_structure = False

Attempting prediction for YPL126W
No prediction will be run:
has_verified_seq = True
DeepTMHMM_class = GLOB
structure_exists = 1.0
sequence_matches_structure = False

Attempting prediction for YOR287C
No prediction will be run:
has_verified_seq = True
DeepTMHMM_class = GLOB
structure_exists = 1.0
sequence_matches_structure = False

Attempting prediction for YPR112C
No prediction will be run:
has_verified_seq = True
DeepTMHMM_class = GLOB
structure_exists = 1.0
sequence_matches_structure = False

Attempting prediction for YPR144C
No prediction will be run:
has_verified_seq = True
DeepTMHMM_class = GLOB
structure_exists = 1.0
sequence_matches_structure = False

Attempting prediction for YPR137W
No prediction will be run:
has_verified_seq = True
DeepTMHMM_class = GLOB
structure_exists = 1.0
sequence_matches_structure = False

Attempting prediction for YBR230C
No prediction will be run:
has_verified_seq = True
DeepTMHMM_class = GLOB
structure_exists = 1.0
sequence_matches_structure = False

Attempting prediction for YLR007W
No prediction will be run:
has_verified_seq = True
DeepTMHMM_class = GLOB
structure_exists = 1.0
sequence_matches_structure = False

Attempting prediction for YDR299W
No prediction will be run:
has_verified_seq = True
DeepTMHMM_class = GLOB
structure_exists = 1.0
sequence_matches_structure = False

Attempting prediction for YLR003C
No prediction will be run:
has_verified_seq = True
DeepTMHMM_class = GLOB
structure_exists = 1.0
sequence_matches_structure = False

Attempting prediction for YLR197W
No prediction will be run:
has_verified_seq = True
DeepTMHMM_class = GLOB
structure_exists = 1.0
sequence_matches_structure = False

Attempting prediction for YOR310C
No prediction will be run:
has_verified_seq = True
DeepTMHMM_class = GLOB
structure_exists = 1.0
sequence_matches_structure = False

Attempting prediction for YHR069C
No prediction will be run:
has_verified_seq = True
DeepTMHMM_class = GLOB
structure_exists = 1.0
sequence_matches_structure = False

Attempting prediction for YHR081W
No prediction will be run:
has_verified_seq = True
DeepTMHMM_class = GLOB
structure_exists = 1.0
sequence_matches_structure = False

Attempting prediction for YNL232W
No prediction will be run:
has_verified_seq = True
DeepTMHMM_class = GLOB
structure_exists = 1.0
sequence_matches_structure = False

Attempting prediction for YKR096W
No prediction will be run:
has_verified_seq = True
DeepTMHMM_class = GLOB
structure_exists = 1.0
sequence_matches_structure = False

Attempting prediction for YIL151C
No prediction will be run:
has_verified_seq = True
DeepTMHMM_class = GLOB
structure_exists = 1.0
sequence_matches_structure = False

Attempting prediction for YML091C
No prediction will be run:
has_verified_seq = True
DeepTMHMM_class = GLOB
structure_exists = 1.0
sequence_matches_structure = False

Attempting prediction for YBR249C
No prediction will be run:
has_verified_seq = True
DeepTMHMM_class = GLOB
structure_exists = 1.0
sequence_matches_structure = False

Attempting prediction for YDR108W
No prediction will be run:
has_verified_seq = True
DeepTMHMM_class = GLOB
structure_exists = 1.0
sequence_matches_structure = False

Attempting prediction for YDR246W
No prediction will be run:
has_verified_seq = True
DeepTMHMM_class = GLOB
structure_exists = 1.0
sequence_matches_structure = False

Attempting prediction for YBR254C
No prediction will be run:
has_verified_seq = True
DeepTMHMM_class = GLOB
structure_exists = 1.0
sequence_matches_structure = False

Attempting prediction for YBR255W
No prediction will be run:
has_verified_seq = True
DeepTMHMM_class = GLOB
structure_exists = 1.0
sequence_matches_structure = False

Attempting prediction for YOR324C
No prediction will be run:
has_verified_seq = True
DeepTMHMM_class = TM
structure_exists = 1.0
sequence_matches_structure = False

Attempting prediction for YBR259W
No prediction will be run:
has_verified_seq = True
DeepTMHMM_class = GLOB
structure_exists = 1.0
sequence_matches_structure = False

Attempting prediction for YJL098W
No prediction will be run:
has_verified_seq = True
DeepTMHMM_class = GLOB
structure_exists = 1.0
sequence_matches_structure = False

Attempting prediction for YDL047W
No prediction will be run:
has_verified_seq = True
DeepTMHMM_class = GLOB
structure_exists = 1.0
sequence_matches_structure = False

Attempting prediction for YBR261C
No prediction will be run:
has_verified_seq = True
DeepTMHMM_class = GLOB
structure_exists = 1.0
sequence_matches_structure = False

Attempting prediction for YIR026C
No prediction will be run:
has_verified_seq = True
DeepTMHMM_class = GLOB
structure_exists = 1.0
sequence_matches_structure = False

Attempting prediction for YOR252W
No prediction will be run:
has_verified_seq = True
DeepTMHMM_class = GLOB
structure_exists = 1.0
sequence_matches_structure = False

Attempting prediction for YOR201C
No prediction will be run:
has_verified_seq = True
DeepTMHMM_class = GLOB
structure_exists = 1.0
sequence_matches_structure = False

Attempting prediction for YBR269C
No prediction will be run:
has_verified_seq = True
DeepTMHMM_class = GLOB
structure_exists = 1.0
sequence_matches_structure = False

Attempting prediction for YPL190C
No prediction will be run:
has_verified_seq = True
DeepTMHMM_class = GLOB
structure_exists = 1.0
sequence_matches_structure = False

Attempting prediction for YNL155W
No prediction will be run:
has_verified_seq = True
DeepTMHMM_class = GLOB
structure_exists = 1.0
sequence_matches_structure = False

Attempting prediction for YBR272C
No prediction will be run:
has_verified_seq = True
DeepTMHMM_class = GLOB
structure_exists = 1.0
sequence_matches_structure = False

Attempting prediction for YGL004C
No prediction will be run:
has_verified_seq = True
DeepTMHMM_class = GLOB
structure_exists = 1.0
sequence_matches_structure = False

Attempting prediction for YGR232W
No prediction will be run:
has_verified_seq = True
DeepTMHMM_class = GLOB
structure_exists = 1.0
sequence_matches_structure = False

Attempting prediction for YIL007C
No prediction will be run:
has_verified_seq = True
DeepTMHMM_class = GLOB
structure_exists = 1.0
sequence_matches_structure = False

Attempting prediction for YMR219W
No prediction will be run:
has_verified_seq = True
DeepTMHMM_class = GLOB
structure_exists = 1.0
sequence_matches_structure = False

Attempting prediction for YKR090W
No prediction will be run:
has_verified_seq = True
DeepTMHMM_class = GLOB
structure_exists = 1.0
sequence_matches_structure = False

Attempting prediction for YMR100W
No prediction will be run:
has_verified_seq = True
DeepTMHMM_class = GLOB
structure_exists = 1.0
sequence_matches_structure = False

Attempting prediction for YBR278W
No prediction will be run:
has_verified_seq = True
DeepTMHMM_class = GLOB
structure_exists = 1.0
sequence_matches_structure = False

Attempting prediction for YDR121W
No prediction will be run:
has_verified_seq = True
DeepTMHMM_class = GLOB
structure_exists = 1.0
sequence_matches_structure = False

Attempting prediction for YPR175W
No prediction will be run:
has_verified_seq = True
DeepTMHMM_class = GLOB
structure_exists = 1.0
sequence_matches_structure = False

Attempting prediction for YGL133W
No prediction will be run:
has_verified_seq = True
DeepTMHMM_class = GLOB
structure_exists = 1.0
sequence_matches_structure = False

Attempting prediction for YOR304W
No prediction will be run:
has_verified_seq = True
DeepTMHMM_class = GLOB
structure_exists = 1.0
sequence_matches_structure = False

Attempting prediction for YGL244W
No prediction will be run:
has_verified_seq = True
DeepTMHMM_class = GLOB
structure_exists = 1.0
sequence_matches_structure = False

Attempting prediction for YGL207W
No prediction will be run:
has_verified_seq = True
DeepTMHMM_class = GLOB
structure_exists = 1.0
sequence_matches_structure = False

Attempting prediction for YLR418C
No prediction will be run:
has_verified_seq = True
DeepTMHMM_class = GLOB
structure_exists = 1.0
sequence_matches_structure = False

Attempting prediction for YOR123C
No prediction will be run:
has_verified_seq = True
DeepTMHMM_class = GLOB
structure_exists = 1.0
sequence_matches_structure = False

Attempting prediction for YOL145C
No prediction will be run:
has_verified_seq = True
DeepTMHMM_class = GLOB
structure_exists = 1.0
sequence_matches_structure = False

Attempting prediction for YGR116W
No prediction will be run:
has_verified_seq = True
DeepTMHMM_class = GLOB
structure_exists = 1.0
sequence_matches_structure = False

Attempting prediction for YGR063C
No prediction will be run:
has_verified_seq = True
DeepTMHMM_class = GLOB
structure_exists = 1.0
sequence_matches_structure = False

Attempting prediction for YBR281C
No prediction will be run:
has_verified_seq = True
DeepTMHMM_class = GLOB
structure_exists = 1.0
sequence_matches_structure = False

Attempting prediction for YNL191W
No prediction will be run:
has_verified_seq = True
DeepTMHMM_class = GLOB
structure_exists = 1.0
sequence_matches_structure = False

Attempting prediction for YBR288C
No prediction will be run:
has_verified_seq = True
DeepTMHMM_class = GLOB
structure_exists = 1.0
sequence_matches_structure = False

Attempting prediction for YGR261C
No prediction will be run:
has_verified_seq = True
DeepTMHMM_class = GLOB
structure_exists = 1.0
sequence_matches_structure = False

Attempting prediction for YPL195W
No prediction will be run:
has_verified_seq = True
DeepTMHMM_class = GLOB
structure_exists = 1.0
sequence_matches_structure = False

Attempting prediction for YJL024C
No prediction will be run:
has_verified_seq = True
DeepTMHMM_class = GLOB
structure_exists = 1.0
sequence_matches_structure = False

Attempting prediction for YBR289W
No prediction will be run:
has_verified_seq = True
DeepTMHMM_class = GLOB
structure_exists = 1.0
sequence_matches_structure = False

Attempting prediction for YFL049W
No prediction will be run:
has_verified_seq = True
DeepTMHMM_class = GLOB
structure_exists = 1.0
sequence_matches_structure = False

Attempting prediction for YCR037C
No prediction will be run:
has_verified_seq = True
DeepTMHMM_class = TM
structure_exists = 1.0
sequence_matches_structure = False

Attempting prediction for YHL025W
No prediction will be run:
has_verified_seq = True
DeepTMHMM_class = GLOB
structure_exists = 1.0
sequence_matches_structure = False

Attempting prediction for YGR275W
No prediction will be run:
has_verified_seq = True
DeepTMHMM_class = GLOB
structure_exists = 1.0
sequence_matches_structure = False

Attempting prediction for YKL216W
No prediction will be run:
has_verified_seq = True
DeepTMHMM_class = GLOB
structure_exists = 1.0
sequence_matches_structure = False

Attempting prediction for YJL176C
No prediction will be run:
has_verified_seq = True
DeepTMHMM_class = GLOB
structure_exists = 1.0
sequence_matches_structure = False

Attempting prediction for YMR033W
No prediction will be run:
has_verified_seq = True
DeepTMHMM_class = GLOB
structure_exists = 1.0
sequence_matches_structure = False

Attempting prediction for YOR290C
No prediction will be run:
has_verified_seq = True
DeepTMHMM_class = GLOB
structure_exists = 1.0
sequence_matches_structure = False

Attempting prediction for YNR023W
No prediction will be run:
has_verified_seq = True
DeepTMHMM_class = GLOB
structure_exists = 1.0
sequence_matches_structure = False

Attempting prediction for YPR034W
No prediction will be run:
has_verified_seq = True
DeepTMHMM_class = GLOB
structure_exists = 1.0
sequence_matches_structure = False

Attempting prediction for YPL016W
No prediction will be run:
has_verified_seq = True
DeepTMHMM_class = GLOB
structure_exists = 1.0
sequence_matches_structure = False

Attempting prediction for YGR191W
No prediction will be run:
has_verified_seq = True
DeepTMHMM_class = TM
structure_exists = 1.0
sequence_matches_structure = False

Attempting prediction for YLL061W
No prediction will be run:
has_verified_seq = True
DeepTMHMM_class = TM
structure_exists = 1.0
sequence_matches_structure = False

Attempting prediction for YML111W
No prediction will be run:
has_verified_seq = True
DeepTMHMM_class = GLOB
structure_exists = 1.0
sequence_matches_structure = False

Attempting prediction for YBR302C
No prediction will be run:
has_verified_seq = True
DeepTMHMM_class = TM
structure_exists = 1.0
sequence_matches_structure = False

Attempting prediction for YBR291C
No prediction will be run:
has_verified_seq = True
DeepTMHMM_class = TM
structure_exists = 1.0
sequence_matches_structure = False

Attempting prediction for YCL005W
No prediction will be run:
has_verified_seq = True
DeepTMHMM_class = TM
structure_exists = 1.0
sequence_matches_structure = False

Attempting prediction for YKL029C
No prediction will be run:
has_verified_seq = True
DeepTMHMM_class = GLOB
structure_exists = 1.0
sequence_matches_structure = False

Attempting prediction for YHR167W
No prediction will be run:
has_verified_seq = True
DeepTMHMM_class = GLOB
structure_exists = 1.0
sequence_matches_structure = False

Attempting prediction for YNL139C
No prediction will be run:
has_verified_seq = True
DeepTMHMM_class = GLOB
structure_exists = 1.0
sequence_matches_structure = False

Attempting prediction for YML062C
No prediction will be run:
has_verified_seq = True
DeepTMHMM_class = GLOB
structure_exists = 1.0
sequence_matches_structure = False

Attempting prediction for YNL253W
No prediction will be run:
has_verified_seq = True
DeepTMHMM_class = GLOB
structure_exists = 1.0
sequence_matches_structure = False

Attempting prediction for YCL011C
No prediction will be run:
has_verified_seq = True
DeepTMHMM_class = GLOB
structure_exists = 1.0
sequence_matches_structure = False

Attempting prediction for YNL166C
No prediction will be run:
has_verified_seq = True
DeepTMHMM_class = GLOB
structure_exists = 1.0
sequence_matches_structure = False

Attempting prediction for YLR314C
No prediction will be run:
has_verified_seq = True
DeepTMHMM_class = GLOB
structure_exists = 1.0
sequence_matches_structure = False

Attempting prediction for YCL014W
No prediction will be run:
has_verified_seq = True
DeepTMHMM_class = GLOB
structure_exists = 1.0
sequence_matches_structure = False

Attempting prediction for YER048W-A
No prediction will be run:
has_verified_seq = True
DeepTMHMM_class = GLOB
structure_exists = 1.0
sequence_matches_structure = False

Attempting prediction for YOL021C
No prediction will be run:
has_verified_seq = True
DeepTMHMM_class = GLOB
structure_exists = 1.0
sequence_matches_structure = False

Attempting prediction for YOR226C
No prediction will be run:
has_verified_seq = True
DeepTMHMM_class = GLOB
structure_exists = 1.0
sequence_matches_structure = False

Attempting prediction for YCL017C
No prediction will be run:
has_verified_seq = True
DeepTMHMM_class = GLOB
structure_exists = 1.0
sequence_matches_structure = False

Attempting prediction for YKL220C
No prediction will be run:
has_verified_seq = True
DeepTMHMM_class = SP+TM
structure_exists = 1.0
sequence_matches_structure = False

Attempting prediction for YCL024W
No prediction will be run:
has_verified_seq = True
DeepTMHMM_class = GLOB
structure_exists = 1.0
sequence_matches_structure = False

Attempting prediction for YKR048C
No prediction will be run:
has_verified_seq = True
DeepTMHMM_class = GLOB
structure_exists = 1.0
sequence_matches_structure = False

Attempting prediction for YCL026C-A
No prediction will be run:
has_verified_seq = True
DeepTMHMM_class = GLOB
structure_exists = 1.0
sequence_matches_structure = False

Attempting prediction for YDL212W
No prediction will be run:
has_verified_seq = True
DeepTMHMM_class = TM
structure_exists = 1.0
sequence_matches_structure = False

Attempting prediction for YGL019W
No prediction will be run:
has_verified_seq = True
DeepTMHMM_class = GLOB
structure_exists = 1.0
sequence_matches_structure = False

Attempting prediction for YCL026C-B
No prediction will be run:
has_verified_seq = True
DeepTMHMM_class = GLOB
structure_exists = 1.0
sequence_matches_structure = False

Attempting prediction for YBR055C
No prediction will be run:
has_verified_seq = True
DeepTMHMM_class = GLOB
structure_exists = 1.0
sequence_matches_structure = False

Attempting prediction for YCL032W
No prediction will be run:
has_verified_seq = True
DeepTMHMM_class = GLOB
structure_exists = 1.0
sequence_matches_structure = False

Attempting prediction for YLR362W
No prediction will be run:
has_verified_seq = True
DeepTMHMM_class = GLOB
structure_exists = 1.0
sequence_matches_structure = False

Attempting prediction for YER090W
No prediction will be run:
has_verified_seq = True
DeepTMHMM_class = GLOB
structure_exists = 1.0
sequence_matches_structure = False

Attempting prediction for YLR328W
No prediction will be run:
has_verified_seq = True
DeepTMHMM_class = GLOB
structure_exists = 1.0
sequence_matches_structure = False

Attempting prediction for YGL115W
No prediction will be run:
has_verified_seq = True
DeepTMHMM_class = GLOB
structure_exists = 1.0
sequence_matches_structure = False

Attempting prediction for YDR436W
No prediction will be run:
has_verified_seq = True
DeepTMHMM_class = GLOB
structure_exists = 1.0
sequence_matches_structure = False

Attempting prediction for YPL179W
No prediction will be run:
has_verified_seq = True
DeepTMHMM_class = GLOB
structure_exists = 1.0
sequence_matches_structure = False

Attempting prediction for YER158C
No prediction will be run:
has_verified_seq = True
DeepTMHMM_class = GLOB
structure_exists = 1.0
sequence_matches_structure = False

Attempting prediction for YMR031C
No prediction will be run:
has_verified_seq = True
DeepTMHMM_class = GLOB
structure_exists = 1.0
sequence_matches_structure = False

Attempting prediction for YPR149W
No prediction will be run:
has_verified_seq = True
DeepTMHMM_class = TM
structure_exists = 1.0
sequence_matches_structure = False

Attempting prediction for YNL325C
No prediction will be run:
has_verified_seq = True
DeepTMHMM_class = GLOB
structure_exists = 1.0
sequence_matches_structure = False

Attempting prediction for YNR004W
No prediction will be run:
has_verified_seq = True
DeepTMHMM_class = GLOB
structure_exists = 1.0
sequence_matches_structure = False

Attempting prediction for YPR174C
No prediction will be run:
has_verified_seq = True
DeepTMHMM_class = GLOB
structure_exists = 1.0
sequence_matches_structure = False

Attempting prediction for YDL014W
No prediction will be run:
has_verified_seq = True
DeepTMHMM_class = GLOB
structure_exists = 1.0
sequence_matches_structure = False

Attempting prediction for YDL042C
No prediction will be run:
has_verified_seq = True
DeepTMHMM_class = GLOB
structure_exists = 1.0
sequence_matches_structure = False

Attempting prediction for YKR010C
No prediction will be run:
has_verified_seq = True
DeepTMHMM_class = GLOB
structure_exists = 1.0
sequence_matches_structure = False

Attempting prediction for YNL308C
No prediction will be run:
has_verified_seq = True
DeepTMHMM_class = GLOB
structure_exists = 1.0
sequence_matches_structure = False

Attempting prediction for YJL076W
No prediction will be run:
has_verified_seq = True
DeepTMHMM_class = GLOB
structure_exists = 1.0
sequence_matches_structure = False

Attempting prediction for YCL040W
No prediction will be run:
has_verified_seq = True
DeepTMHMM_class = GLOB
structure_exists = 1.0
sequence_matches_structure = False

Attempting prediction for YDR516C
No prediction will be run:
has_verified_seq = True
DeepTMHMM_class = GLOB
structure_exists = 1.0
sequence_matches_structure = False

Attempting prediction for YOR347C
No prediction will be run:
has_verified_seq = True
DeepTMHMM_class = GLOB
structure_exists = 1.0
sequence_matches_structure = False

Attempting prediction for YCL039W
No prediction will be run:
has_verified_seq = True
DeepTMHMM_class = GLOB
structure_exists = 1.0
sequence_matches_structure = False

Attempting prediction for YPR024W
No prediction will be run:
has_verified_seq = True
DeepTMHMM_class = TM
structure_exists = 1.0
sequence_matches_structure = False

Attempting prediction for YOL059W
No prediction will be run:
has_verified_seq = True
DeepTMHMM_class = GLOB
structure_exists = 1.0
sequence_matches_structure = False

Attempting prediction for YDR056C
No prediction will be run:
has_verified_seq = True
DeepTMHMM_class = SP+TM
structure_exists = 1.0
sequence_matches_structure = False

Attempting prediction for YGL231C
No prediction will be run:
has_verified_seq = True
DeepTMHMM_class = TM
structure_exists = 1.0
sequence_matches_structure = False

Attempting prediction for YJL192C
No prediction will be run:
has_verified_seq = True
DeepTMHMM_class = SP+TM
structure_exists = 1.0
sequence_matches_structure = False

Attempting prediction for YIL027C
No prediction will be run:
has_verified_seq = True
DeepTMHMM_class = TM
structure_exists = 1.0
sequence_matches_structure = False

Attempting prediction for YKL207W
No prediction will be run:
has_verified_seq = True
DeepTMHMM_class = TM
structure_exists = 1.0
sequence_matches_structure = False

Attempting prediction for YJR088C
No prediction will be run:
has_verified_seq = True
DeepTMHMM_class = GLOB
structure_exists = 1.0
sequence_matches_structure = False

Attempting prediction for YML101C
No prediction will be run:
has_verified_seq = True
DeepTMHMM_class = TM
structure_exists = 1.0
sequence_matches_structure = False

Attempting prediction for YMR115W
No prediction will be run:
has_verified_seq = True
DeepTMHMM_class = GLOB
structure_exists = 1.0
sequence_matches_structure = False

Attempting prediction for YCL052C
No prediction will be run:
has_verified_seq = True
DeepTMHMM_class = TM
structure_exists = 1.0
sequence_matches_structure = False

Attempting prediction for YDL045C
No prediction will be run:
has_verified_seq = True
DeepTMHMM_class = GLOB
structure_exists = 1.0
sequence_matches_structure = False

Attempting prediction for YMR315W
No prediction will be run:
has_verified_seq = True
DeepTMHMM_class = GLOB
structure_exists = 1.0
sequence_matches_structure = False

Attempting prediction for YCL055W
No prediction will be run:
has_verified_seq = True
DeepTMHMM_class = GLOB
structure_exists = 1.0
sequence_matches_structure = False

Attempting prediction for YEL026W
No prediction will be run:
has_verified_seq = True
DeepTMHMM_class = GLOB
structure_exists = 1.0
sequence_matches_structure = False

Attempting prediction for YDL202W
No prediction will be run:
has_verified_seq = True
DeepTMHMM_class = GLOB
structure_exists = 1.0
sequence_matches_structure = False

Attempting prediction for YHR037W
No prediction will be run:
has_verified_seq = True
DeepTMHMM_class = GLOB
structure_exists = 1.0
sequence_matches_structure = False

Attempting prediction for YLR417W
No prediction will be run:
has_verified_seq = True
DeepTMHMM_class = GLOB
structure_exists = 1.0
sequence_matches_structure = False

Attempting prediction for YDL225W
No prediction will be run:
has_verified_seq = True
DeepTMHMM_class = GLOB
structure_exists = 1.0
sequence_matches_structure = False

Attempting prediction for YDR507C
No prediction will be run:
has_verified_seq = True
DeepTMHMM_class = GLOB
structure_exists = 1.0
sequence_matches_structure = False

Attempting prediction for YJR076C
No prediction will be run:
has_verified_seq = True
DeepTMHMM_class = GLOB
structure_exists = 1.0
sequence_matches_structure = False

Attempting prediction for YCR002C
No prediction will be run:
has_verified_seq = True
DeepTMHMM_class = GLOB
structure_exists = 1.0
sequence_matches_structure = False

Attempting prediction for YKL101W
No prediction will be run:
has_verified_seq = True
DeepTMHMM_class = GLOB
structure_exists = 1.0
sequence_matches_structure = False

Attempting prediction for YCR009C
No prediction will be run:
has_verified_seq = True
DeepTMHMM_class = GLOB
structure_exists = 1.0
sequence_matches_structure = False

Attempting prediction for YCR005C
No prediction will be run:
has_verified_seq = True
DeepTMHMM_class = GLOB
structure_exists = 1.0
sequence_matches_structure = False

Attempting prediction for YJR066W
No prediction will be run:
has_verified_seq = True
DeepTMHMM_class = GLOB
structure_exists = 1.0
sequence_matches_structure = False

Attempting prediction for YLR332W
No prediction will be run:
has_verified_seq = True
DeepTMHMM_class = SP+TM
structure_exists = 1.0
sequence_matches_structure = False

Attempting prediction for YGR060W
No prediction will be run:
has_verified_seq = True
DeepTMHMM_class = TM
structure_exists = 1.0
sequence_matches_structure = False

Attempting prediction for YNL111C
No prediction will be run:
has_verified_seq = True
DeepTMHMM_class = TM
structure_exists = 1.0
sequence_matches_structure = False

Attempting prediction for YJR051W
No prediction will be run:
has_verified_seq = True
DeepTMHMM_class = GLOB
structure_exists = 1.0
sequence_matches_structure = False

Attempting prediction for YAR014C
No prediction will be run:
has_verified_seq = True
DeepTMHMM_class = GLOB
structure_exists = 1.0
sequence_matches_structure = False

Attempting prediction for YIR022W
No prediction will be run:
has_verified_seq = True
DeepTMHMM_class = TM
structure_exists = 1.0
sequence_matches_structure = False

Attempting prediction for YGR250C
No prediction will be run:
has_verified_seq = True
DeepTMHMM_class = GLOB
structure_exists = 1.0
sequence_matches_structure = False

Attempting prediction for YML055W
No prediction will be run:
has_verified_seq = True
DeepTMHMM_class = TM
structure_exists = 1.0
sequence_matches_structure = False

Attempting prediction for YOR165W
No prediction will be run:
has_verified_seq = True
DeepTMHMM_class = TM
structure_exists = 1.0
sequence_matches_structure = False

Attempting prediction for YNL008C
No prediction will be run:
has_verified_seq = True
DeepTMHMM_class = TM
structure_exists = 1.0
sequence_matches_structure = False

Attempting prediction for YGR155W
No prediction will be run:
has_verified_seq = True
DeepTMHMM_class = GLOB
structure_exists = 1.0
sequence_matches_structure = False

Attempting prediction for YDR023W
No prediction will be run:
has_verified_seq = True
DeepTMHMM_class = GLOB
structure_exists = 1.0
sequence_matches_structure = False

Attempting prediction for YGR239C
No prediction will be run:
has_verified_seq = True
DeepTMHMM_class = GLOB
structure_exists = 1.0
sequence_matches_structure = False

Attempting prediction for YGL017W
No prediction will be run:
has_verified_seq = True
DeepTMHMM_class = GLOB
structure_exists = 1.0
sequence_matches_structure = False

Attempting prediction for YER057C
No prediction will be run:
has_verified_seq = True
DeepTMHMM_class = GLOB
structure_exists = 1.0
sequence_matches_structure = False

Attempting prediction for YHR183W
No prediction will be run:
has_verified_seq = True
DeepTMHMM_class = GLOB
structure_exists = 1.0
sequence_matches_structure = False

Attempting prediction for YFR044C
No prediction will be run:
has_verified_seq = True
DeepTMHMM_class = GLOB
structure_exists = 1.0
sequence_matches_structure = False

Attempting prediction for YGR256W
No prediction will be run:
has_verified_seq = True
DeepTMHMM_class = GLOB
structure_exists = 1.0
sequence_matches_structure = False

Attempting prediction for YHR072W-A
No prediction will be run:
has_verified_seq = True
DeepTMHMM_class = GLOB
structure_exists = 1.0
sequence_matches_structure = False

Attempting prediction for YKL014C
No prediction will be run:
has_verified_seq = True
DeepTMHMM_class = GLOB
structure_exists = 1.0
sequence_matches_structure = False

Attempting prediction for YHR089C
No prediction will be run:
has_verified_seq = True
DeepTMHMM_class = GLOB
structure_exists = 1.0
sequence_matches_structure = False

Attempting prediction for YOL144W
No prediction will be run:
has_verified_seq = True
DeepTMHMM_class = GLOB
structure_exists = 1.0
sequence_matches_structure = False

Attempting prediction for YMR310C
No prediction will be run:
has_verified_seq = True
DeepTMHMM_class = GLOB
structure_exists = 1.0
sequence_matches_structure = False

Attempting prediction for YBL054W
No prediction will be run:
has_verified_seq = True
DeepTMHMM_class = GLOB
structure_exists = 1.0
sequence_matches_structure = False

Attempting prediction for YNL124W
No prediction will be run:
has_verified_seq = True
DeepTMHMM_class = GLOB
structure_exists = 1.0
sequence_matches_structure = False

Attempting prediction for YOR004W
No prediction will be run:
has_verified_seq = True
DeepTMHMM_class = GLOB
structure_exists = 1.0
sequence_matches_structure = False

Attempting prediction for YGL120C
No prediction will be run:
has_verified_seq = True
DeepTMHMM_class = GLOB
structure_exists = 1.0
sequence_matches_structure = False

Attempting prediction for YLR221C
No prediction will be run:
has_verified_seq = True
DeepTMHMM_class = GLOB
structure_exists = 1.0
sequence_matches_structure = False

Attempting prediction for YCR024C-A
No prediction will be run:
has_verified_seq = True
DeepTMHMM_class = TM
structure_exists = 1.0
sequence_matches_structure = False

Attempting prediction for YDR141C
No prediction will be run:
has_verified_seq = True
DeepTMHMM_class = GLOB
structure_exists = 1.0
sequence_matches_structure = False

Attempting prediction for YCR020W-B
No prediction will be run:
has_verified_seq = True
DeepTMHMM_class = GLOB
structure_exists = 1.0
sequence_matches_structure = False

Attempting prediction for YBL006C
No prediction will be run:
has_verified_seq = True
DeepTMHMM_class = GLOB
structure_exists = 1.0
sequence_matches_structure = False

Attempting prediction for YBR245C
No prediction will be run:
has_verified_seq = True
DeepTMHMM_class = GLOB
structure_exists = 1.0
sequence_matches_structure = False

Attempting prediction for YBR009C
No prediction will be run:
has_verified_seq = True
DeepTMHMM_class = GLOB
structure_exists = 1.0
sequence_matches_structure = False

Attempting prediction for YCR052W
No prediction will be run:
has_verified_seq = True
DeepTMHMM_class = GLOB
structure_exists = 1.0
sequence_matches_structure = False

Attempting prediction for YDR303C
No prediction will be run:
has_verified_seq = True
DeepTMHMM_class = GLOB
structure_exists = 1.0
sequence_matches_structure = False

Attempting prediction for YDR225W;YBL003C
No prediction will be run:
has_verified_seq = False
DeepTMHMM_class = nan
structure_exists = nan
sequence_matches_structure = False

Attempting prediction for YFR037C
No prediction will be run:
has_verified_seq = True
DeepTMHMM_class = GLOB
structure_exists = 1.0
sequence_matches_structure = False

Attempting prediction for YGR056W
No prediction will be run:
has_verified_seq = True
DeepTMHMM_class = GLOB
structure_exists = 1.0
sequence_matches_structure = False

Attempting prediction for YIL070C
No prediction will be run:
has_verified_seq = True
DeepTMHMM_class = GLOB
structure_exists = 1.0
sequence_matches_structure = False

Attempting prediction for YHR056C
No prediction will be run:
has_verified_seq = True
DeepTMHMM_class = GLOB
structure_exists = 1.0
sequence_matches_structure = False

Attempting prediction for YIL126W
No prediction will be run:
has_verified_seq = True
DeepTMHMM_class = GLOB
structure_exists = 1.0
sequence_matches_structure = False

Attempting prediction for YLR095C
No prediction will be run:
has_verified_seq = True
DeepTMHMM_class = GLOB
structure_exists = 1.0
sequence_matches_structure = False

Attempting prediction for YLR033W
No prediction will be run:
has_verified_seq = True
DeepTMHMM_class = GLOB
structure_exists = 1.0
sequence_matches_structure = False

Attempting prediction for YLR357W
No prediction will be run:
has_verified_seq = True
DeepTMHMM_class = GLOB
structure_exists = 1.0
sequence_matches_structure = False

Attempting prediction for YLR321C
No prediction will be run:
has_verified_seq = True
DeepTMHMM_class = GLOB
structure_exists = 1.0
sequence_matches_structure = False

Attempting prediction for YLR455W
No prediction will be run:
has_verified_seq = True
DeepTMHMM_class = GLOB
structure_exists = 1.0
sequence_matches_structure = False

Attempting prediction for YML127W
No prediction will be run:
has_verified_seq = True
DeepTMHMM_class = GLOB
structure_exists = 1.0
sequence_matches_structure = False

Attempting prediction for YMR091C
No prediction will be run:
has_verified_seq = True
DeepTMHMM_class = GLOB
structure_exists = 1.0
sequence_matches_structure = False

Attempting prediction for YPL116W
No prediction will be run:
has_verified_seq = True
DeepTMHMM_class = GLOB
structure_exists = 1.0
sequence_matches_structure = False

Attempting prediction for YNL088W
No prediction will be run:
has_verified_seq = True
DeepTMHMM_class = GLOB
structure_exists = 1.0
sequence_matches_structure = False

Attempting prediction for YIL155C
No prediction will be run:
has_verified_seq = True
DeepTMHMM_class = GLOB
structure_exists = 1.0
sequence_matches_structure = False

Attempting prediction for YNL297C
No prediction will be run:
has_verified_seq = True
DeepTMHMM_class = GLOB
structure_exists = 1.0
sequence_matches_structure = False

Attempting prediction for YKR063C
No prediction will be run:
has_verified_seq = True
DeepTMHMM_class = GLOB
structure_exists = 1.0
sequence_matches_structure = False

Attempting prediction for YLL035W
No prediction will be run:
has_verified_seq = True
DeepTMHMM_class = GLOB
structure_exists = 1.0
sequence_matches_structure = False

Attempting prediction for YCR027C
No prediction will be run:
has_verified_seq = True
DeepTMHMM_class = GLOB
structure_exists = 1.0
sequence_matches_structure = False

Attempting prediction for YCR092C
No prediction will be run:
has_verified_seq = True
DeepTMHMM_class = GLOB
structure_exists = 1.0
sequence_matches_structure = False

Attempting prediction for YOL090W
No prediction will be run:
has_verified_seq = True
DeepTMHMM_class = GLOB
structure_exists = 1.0
sequence_matches_structure = False

Attempting prediction for YOR330C
No prediction will be run:
has_verified_seq = True
DeepTMHMM_class = GLOB
structure_exists = 1.0
sequence_matches_structure = False

Attempting prediction for YCR034W
No prediction will be run:
has_verified_seq = True
DeepTMHMM_class = TM
structure_exists = 1.0
sequence_matches_structure = False

Attempting prediction for YGL020C
No prediction will be run:
has_verified_seq = True
DeepTMHMM_class = TM
structure_exists = 1.0
sequence_matches_structure = False

Attempting prediction for YPR072W
No prediction will be run:
has_verified_seq = True
DeepTMHMM_class = GLOB
structure_exists = 1.0
sequence_matches_structure = False

Attempting prediction for YCR028C
No prediction will be run:
has_verified_seq = True
DeepTMHMM_class = TM
structure_exists = 1.0
sequence_matches_structure = False

Attempting prediction for YCR036W
No prediction will be run:
has_verified_seq = True
DeepTMHMM_class = GLOB
structure_exists = 1.0
sequence_matches_structure = False

Attempting prediction for YGL030W
No prediction will be run:
has_verified_seq = True
DeepTMHMM_class = GLOB
structure_exists = 1.0
sequence_matches_structure = False

Attempting prediction for YLR185W
No prediction will be run:
has_verified_seq = True
DeepTMHMM_class = GLOB
structure_exists = 1.0
sequence_matches_structure = False

Attempting prediction for YMR142C
No prediction will be run:
has_verified_seq = True
DeepTMHMM_class = GLOB
structure_exists = 1.0
sequence_matches_structure = False

Attempting prediction for YLR249W
No prediction will be run:
has_verified_seq = True
DeepTMHMM_class = GLOB
structure_exists = 1.0
sequence_matches_structure = False

Attempting prediction for YCR043C
No prediction will be run:
has_verified_seq = True
DeepTMHMM_class = SP+TM
structure_exists = 1.0
sequence_matches_structure = False

Attempting prediction for YDL010W
No prediction will be run:
has_verified_seq = True
DeepTMHMM_class = SP
structure_exists = 1.0
sequence_matches_structure = False

Attempting prediction for YBR220C
No prediction will be run:
has_verified_seq = True
DeepTMHMM_class = TM
structure_exists = 1.0
sequence_matches_structure = False

Attempting prediction for YER113C
No prediction will be run:
has_verified_seq = True
DeepTMHMM_class = SP+TM
structure_exists = 1.0
sequence_matches_structure = False

Attempting prediction for YPL105C
No prediction will be run:
has_verified_seq = True
DeepTMHMM_class = GLOB
structure_exists = 1.0
sequence_matches_structure = False

Attempting prediction for YPR042C
No prediction will be run:
has_verified_seq = True
DeepTMHMM_class = GLOB
structure_exists = 1.0
sequence_matches_structure = False

Attempting prediction for YCR054C
No prediction will be run:
has_verified_seq = True
DeepTMHMM_class = GLOB
structure_exists = 1.0
sequence_matches_structure = False

Attempting prediction for YCR059C
No prediction will be run:
has_verified_seq = True
DeepTMHMM_class = GLOB
structure_exists = 1.0
sequence_matches_structure = False

Attempting prediction for YBR088C
No prediction will be run:
has_verified_seq = True
DeepTMHMM_class = GLOB
structure_exists = 1.0
sequence_matches_structure = False

Attempting prediction for YCR061W
No prediction will be run:
has_verified_seq = True
DeepTMHMM_class = SP+TM
structure_exists = 1.0
sequence_matches_structure = False

Attempting prediction for YCR060W
No prediction will be run:
has_verified_seq = True
DeepTMHMM_class = GLOB
structure_exists = 1.0
sequence_matches_structure = False

Attempting prediction for YCR067C
No prediction will be run:
has_verified_seq = True
DeepTMHMM_class = TM
structure_exists = 1.0
sequence_matches_structure = False

Attempting prediction for YCR073W-A
No prediction will be run:
has_verified_seq = True
DeepTMHMM_class = GLOB
structure_exists = 1.0
sequence_matches_structure = False

Attempting prediction for YNL209W
No prediction will be run:
has_verified_seq = True
DeepTMHMM_class = GLOB
structure_exists = 1.0
sequence_matches_structure = False

Attempting prediction for YCR082W
No prediction will be run:
has_verified_seq = True
DeepTMHMM_class = GLOB
structure_exists = 1.0
sequence_matches_structure = False

Attempting prediction for YNR034W
No prediction will be run:
has_verified_seq = True
DeepTMHMM_class = GLOB
structure_exists = 1.0
sequence_matches_structure = False

Attempting prediction for YCR083W
No prediction will be run:
has_verified_seq = True
DeepTMHMM_class = GLOB
structure_exists = 1.0
sequence_matches_structure = False

Attempting prediction for YGR088W
No prediction will be run:
has_verified_seq = True
DeepTMHMM_class = GLOB
structure_exists = 1.0
sequence_matches_structure = False

Attempting prediction for YNL020C
No prediction will be run:
has_verified_seq = True
DeepTMHMM_class = GLOB
structure_exists = 1.0
sequence_matches_structure = False

Attempting prediction for YNL106C
No prediction will be run:
has_verified_seq = True
DeepTMHMM_class = GLOB
structure_exists = 1.0
sequence_matches_structure = False

Attempting prediction for YIL038C
No prediction will be run:
has_verified_seq = True
DeepTMHMM_class = GLOB
structure_exists = 1.0
sequence_matches_structure = False

Attempting prediction for YAL021C
No prediction will be run:
has_verified_seq = True
DeepTMHMM_class = GLOB
structure_exists = 1.0
sequence_matches_structure = False

Attempting prediction for YNR052C
No prediction will be run:
has_verified_seq = True
DeepTMHMM_class = GLOB
structure_exists = 1.0
sequence_matches_structure = False

Attempting prediction for YPR171W
No prediction will be run:
has_verified_seq = True
DeepTMHMM_class = GLOB
structure_exists = 1.0
sequence_matches_structure = False

Attempting prediction for YDR067C
No prediction will be run:
has_verified_seq = True
DeepTMHMM_class = GLOB
structure_exists = 1.0
sequence_matches_structure = False

Attempting prediction for YNL032W
No prediction will be run:
has_verified_seq = True
DeepTMHMM_class = GLOB
structure_exists = 1.0
sequence_matches_structure = False

Attempting prediction for YHL029C
No prediction will be run:
has_verified_seq = True
DeepTMHMM_class = GLOB
structure_exists = 1.0
sequence_matches_structure = False

Attempting prediction for YNL056W
No prediction will be run:
has_verified_seq = True
DeepTMHMM_class = GLOB
structure_exists = 1.0
sequence_matches_structure = False

Attempting prediction for YCR095C
No prediction will be run:
has_verified_seq = True
DeepTMHMM_class = GLOB
structure_exists = 1.0
sequence_matches_structure = False

Attempting prediction for YFL008W
No prediction will be run:
has_verified_seq = True
DeepTMHMM_class = GLOB
structure_exists = 1.0
sequence_matches_structure = False

Attempting prediction for YIL026C
No prediction will be run:
has_verified_seq = True
DeepTMHMM_class = GLOB
structure_exists = 1.0
sequence_matches_structure = False

Attempting prediction for YJL074C
No prediction will be run:
has_verified_seq = True
DeepTMHMM_class = GLOB
structure_exists = 1.0
sequence_matches_structure = False

Attempting prediction for YDL003W
No prediction will be run:
has_verified_seq = True
DeepTMHMM_class = GLOB
structure_exists = 1.0
sequence_matches_structure = False

Attempting prediction for YMR001C
No prediction will be run:
has_verified_seq = True
DeepTMHMM_class = GLOB
structure_exists = 1.0
sequence_matches_structure = False

Attempting prediction for YFL036W
No prediction will be run:
has_verified_seq = True
DeepTMHMM_class = GLOB
structure_exists = 1.0
sequence_matches_structure = False

Attempting prediction for YOR208W
No prediction will be run:
has_verified_seq = True
DeepTMHMM_class = GLOB
structure_exists = 1.0
sequence_matches_structure = False

Attempting prediction for YLR094C
No prediction will be run:
has_verified_seq = True
DeepTMHMM_class = GLOB
structure_exists = 1.0
sequence_matches_structure = False

Attempting prediction for YOR132W
No prediction will be run:
has_verified_seq = True
DeepTMHMM_class = GLOB
structure_exists = 1.0
sequence_matches_structure = False

Attempting prediction for YOR069W
No prediction will be run:
has_verified_seq = True
DeepTMHMM_class = GLOB
structure_exists = 1.0
sequence_matches_structure = False

Attempting prediction for YDL017W
No prediction will be run:
has_verified_seq = True
DeepTMHMM_class = GLOB
structure_exists = 1.0
sequence_matches_structure = False

Attempting prediction for YDR052C
No prediction will be run:
has_verified_seq = True
DeepTMHMM_class = GLOB
structure_exists = 1.0
sequence_matches_structure = False

Attempting prediction for YHR154W
No prediction will be run:
has_verified_seq = True
DeepTMHMM_class = GLOB
structure_exists = 1.0
sequence_matches_structure = False

Attempting prediction for YLR135W
No prediction will be run:
has_verified_seq = True
DeepTMHMM_class = GLOB
structure_exists = 1.0
sequence_matches_structure = False

Attempting prediction for YOL034W
No prediction will be run:
has_verified_seq = True
DeepTMHMM_class = GLOB
structure_exists = 1.0
sequence_matches_structure = False

Attempting prediction for YDL018C
No prediction will be run:
has_verified_seq = True
DeepTMHMM_class = SP+TM
structure_exists = 1.0
sequence_matches_structure = False

Attempting prediction for YHR110W
No prediction will be run:
has_verified_seq = True
DeepTMHMM_class = SP+TM
structure_exists = 1.0
sequence_matches_structure = False

Attempting prediction for YGL037C
No prediction will be run:
has_verified_seq = True
DeepTMHMM_class = GLOB
structure_exists = 1.0
sequence_matches_structure = False

Attempting prediction for YGR072W
No prediction will be run:
has_verified_seq = True
DeepTMHMM_class = GLOB
structure_exists = 1.0
sequence_matches_structure = False

Attempting prediction for YNL035C
No prediction will be run:
has_verified_seq = True
DeepTMHMM_class = GLOB
structure_exists = 1.0
sequence_matches_structure = False

Attempting prediction for YNR017W
No prediction will be run:
has_verified_seq = True
DeepTMHMM_class = GLOB
structure_exists = 1.0
sequence_matches_structure = False

Attempting prediction for YDL021W
No prediction will be run:
has_verified_seq = True
DeepTMHMM_class = GLOB
structure_exists = 1.0
sequence_matches_structure = False

Attempting prediction for YNR029C
No prediction will be run:
has_verified_seq = True
DeepTMHMM_class = GLOB
structure_exists = 1.0
sequence_matches_structure = False

Attempting prediction for YFR029W
No prediction will be run:
has_verified_seq = True
DeepTMHMM_class = GLOB
structure_exists = 1.0
sequence_matches_structure = False

Attempting prediction for YER067W
No prediction will be run:
has_verified_seq = True
DeepTMHMM_class = GLOB
structure_exists = 1.0
sequence_matches_structure = False

Attempting prediction for YLR373C
No prediction will be run:
has_verified_seq = True
DeepTMHMM_class = GLOB
structure_exists = 1.0
sequence_matches_structure = False

Attempting prediction for YMR104C
No prediction will be run:
has_verified_seq = True
DeepTMHMM_class = GLOB
structure_exists = 1.0
sequence_matches_structure = False

Attempting prediction for YNL183C
No prediction will be run:
has_verified_seq = True
DeepTMHMM_class = GLOB
structure_exists = 1.0
sequence_matches_structure = False

Attempting prediction for YNL161W
No prediction will be run:
has_verified_seq = True
DeepTMHMM_class = GLOB
structure_exists = 1.0
sequence_matches_structure = False

Attempting prediction for YOR276W
No prediction will be run:
has_verified_seq = True
DeepTMHMM_class = GLOB
structure_exists = 1.0
sequence_matches_structure = False

Attempting prediction for YOL139C
No prediction will be run:
has_verified_seq = True
DeepTMHMM_class = GLOB
structure_exists = 1.0
sequence_matches_structure = False

Attempting prediction for YPL180W
No prediction will be run:
has_verified_seq = True
DeepTMHMM_class = GLOB
structure_exists = 1.0
sequence_matches_structure = False

Attempting prediction for YPL260W
No prediction will be run:
has_verified_seq = True
DeepTMHMM_class = GLOB
structure_exists = 1.0
sequence_matches_structure = False

Attempting prediction for YOR093C
No prediction will be run:
has_verified_seq = True
DeepTMHMM_class = GLOB
structure_exists = 1.0
sequence_matches_structure = False

Attempting prediction for YJL165C
No prediction will be run:
has_verified_seq = True
DeepTMHMM_class = GLOB
structure_exists = 1.0
sequence_matches_structure = False

Attempting prediction for YPL055C
No prediction will be run:
has_verified_seq = True
DeepTMHMM_class = GLOB
structure_exists = 1.0
sequence_matches_structure = False

Attempting prediction for YJR041C
No prediction will be run:
has_verified_seq = True
DeepTMHMM_class = GLOB
structure_exists = 1.0
sequence_matches_structure = False

Attempting prediction for YDL028C
No prediction will be run:
has_verified_seq = True
DeepTMHMM_class = GLOB
structure_exists = 1.0
sequence_matches_structure = False

Attempting prediction for YPL158C
No prediction will be run:
has_verified_seq = True
DeepTMHMM_class = GLOB
structure_exists = 1.0
sequence_matches_structure = False

Attempting prediction for YDL027C
No prediction will be run:
has_verified_seq = True
DeepTMHMM_class = TM
structure_exists = 1.0
sequence_matches_structure = False

Attempting prediction for YDL033C
No prediction will be run:
has_verified_seq = True
DeepTMHMM_class = GLOB
structure_exists = 1.0
sequence_matches_structure = False

Attempting prediction for YDR227W
No prediction will be run:
has_verified_seq = True
DeepTMHMM_class = GLOB
structure_exists = 1.0
sequence_matches_structure = False

Attempting prediction for YFR028C
No prediction will be run:
has_verified_seq = True
DeepTMHMM_class = GLOB
structure_exists = 1.0
sequence_matches_structure = False

Attempting prediction for YJL148W
No prediction will be run:
has_verified_seq = True
DeepTMHMM_class = GLOB
structure_exists = 1.0
sequence_matches_structure = False

Attempting prediction for YJR063W
No prediction will be run:
has_verified_seq = True
DeepTMHMM_class = GLOB
structure_exists = 1.0
sequence_matches_structure = False

Attempting prediction for YMR270C
No prediction will be run:
has_verified_seq = True
DeepTMHMM_class = GLOB
structure_exists = 1.0
sequence_matches_structure = False

Attempting prediction for YNL248C
No prediction will be run:
has_verified_seq = True
DeepTMHMM_class = GLOB
structure_exists = 1.0
sequence_matches_structure = False

Attempting prediction for YOR341W
No prediction will be run:
has_verified_seq = True
DeepTMHMM_class = GLOB
structure_exists = 1.0
sequence_matches_structure = False

Attempting prediction for YOR340C
No prediction will be run:
has_verified_seq = True
DeepTMHMM_class = GLOB
structure_exists = 1.0
sequence_matches_structure = False

Attempting prediction for YPR010C
No prediction will be run:
has_verified_seq = True
DeepTMHMM_class = GLOB
structure_exists = 1.0
sequence_matches_structure = False

Attempting prediction for YDL044C
No prediction will be run:
has_verified_seq = True
DeepTMHMM_class = GLOB
structure_exists = 1.0
sequence_matches_structure = False

Attempting prediction for YLR139C
No prediction will be run:
has_verified_seq = True
DeepTMHMM_class = GLOB
structure_exists = 1.0
sequence_matches_structure = False

Attempting prediction for YDR110W
No prediction will be run:
has_verified_seq = True
DeepTMHMM_class = GLOB
structure_exists = 1.0
sequence_matches_structure = False

Attempting prediction for YDL046W
No prediction will be run:
has_verified_seq = True
DeepTMHMM_class = SP
structure_exists = 1.0
sequence_matches_structure = False

Attempting prediction for YFR040W
No prediction will be run:
has_verified_seq = True
DeepTMHMM_class = GLOB
structure_exists = 1.0
sequence_matches_structure = False

Attempting prediction for YKL195W
No prediction will be run:
has_verified_seq = True
DeepTMHMM_class = GLOB
structure_exists = 1.0
sequence_matches_structure = False

Attempting prediction for YMR028W
No prediction will be run:
has_verified_seq = True
DeepTMHMM_class = GLOB
structure_exists = 1.0
sequence_matches_structure = False

Attempting prediction for YBR234C
No prediction will be run:
has_verified_seq = True
DeepTMHMM_class = GLOB
structure_exists = 1.0
sequence_matches_structure = False

Attempting prediction for YDL048C
No prediction will be run:
has_verified_seq = True
DeepTMHMM_class = GLOB
structure_exists = 1.0
sequence_matches_structure = False

Attempting prediction for YKL154W
No prediction will be run:
has_verified_seq = True
DeepTMHMM_class = GLOB
structure_exists = 1.0
sequence_matches_structure = False

Attempting prediction for YAR002W
No prediction will be run:
has_verified_seq = True
DeepTMHMM_class = GLOB
structure_exists = 1.0
sequence_matches_structure = False

Attempting prediction for YBR264C
No prediction will be run:
has_verified_seq = True
DeepTMHMM_class = GLOB
structure_exists = 1.0
sequence_matches_structure = False

Attempting prediction for YBR159W
No prediction will be run:
has_verified_seq = True
DeepTMHMM_class = GLOB
structure_exists = 1.0
sequence_matches_structure = False

Attempting prediction for YER182W
No prediction will be run:
has_verified_seq = True
DeepTMHMM_class = GLOB
structure_exists = 1.0
sequence_matches_structure = False

Attempting prediction for YJL178C
No prediction will be run:
has_verified_seq = True
DeepTMHMM_class = SP+TM
structure_exists = 1.0
sequence_matches_structure = False

Attempting prediction for YJL082W
No prediction will be run:
has_verified_seq = True
DeepTMHMM_class = GLOB
structure_exists = 1.0
sequence_matches_structure = False

Attempting prediction for YJR095W
No prediction will be run:
has_verified_seq = True
DeepTMHMM_class = GLOB
structure_exists = 1.0
sequence_matches_structure = False

Attempting prediction for YKR001C
No prediction will be run:
has_verified_seq = True
DeepTMHMM_class = GLOB
structure_exists = 1.0
sequence_matches_structure = False

Attempting prediction for YLR211C
No prediction will be run:
has_verified_seq = True
DeepTMHMM_class = GLOB
structure_exists = 1.0
sequence_matches_structure = False

Attempting prediction for YLR335W
No prediction will be run:
has_verified_seq = True
DeepTMHMM_class = GLOB
structure_exists = 1.0
sequence_matches_structure = False

Attempting prediction for YMR015C
No prediction will be run:
has_verified_seq = True
DeepTMHMM_class = TM
structure_exists = 1.0
sequence_matches_structure = False

Attempting prediction for YMR209C
No prediction will be run:
has_verified_seq = True
DeepTMHMM_class = GLOB
structure_exists = 1.0
sequence_matches_structure = False

Attempting prediction for YOR219C
No prediction will be run:
has_verified_seq = True
DeepTMHMM_class = TM
structure_exists = 1.0
sequence_matches_structure = False

Attempting prediction for YPR114W
No prediction will be run:
has_verified_seq = True
DeepTMHMM_class = TM
structure_exists = 1.0
sequence_matches_structure = False

Attempting prediction for YGL035C
No prediction will be run:
has_verified_seq = True
DeepTMHMM_class = GLOB
structure_exists = 1.0
sequence_matches_structure = False

Attempting prediction for YML117W
No prediction will be run:
has_verified_seq = True
DeepTMHMM_class = GLOB
structure_exists = 1.0
sequence_matches_structure = False

Attempting prediction for YDR098C
No prediction will be run:
has_verified_seq = True
DeepTMHMM_class = GLOB
structure_exists = 1.0
sequence_matches_structure = False

Attempting prediction for YER174C
No prediction will be run:
has_verified_seq = True
DeepTMHMM_class = GLOB
structure_exists = 1.0
sequence_matches_structure = False

Attempting prediction for YKR071C
No prediction will be run:
has_verified_seq = True
DeepTMHMM_class = GLOB
structure_exists = 1.0
sequence_matches_structure = False

Attempting prediction for YDL055C
No prediction will be run:
has_verified_seq = True
DeepTMHMM_class = GLOB
structure_exists = 1.0
sequence_matches_structure = False

Attempting prediction for YBL016W
No prediction will be run:
has_verified_seq = True
DeepTMHMM_class = GLOB
structure_exists = 1.0
sequence_matches_structure = False

Attempting prediction for YCR088W
No prediction will be run:
has_verified_seq = True
DeepTMHMM_class = GLOB
structure_exists = 1.0
sequence_matches_structure = False

Attempting prediction for YGR040W
No prediction will be run:
has_verified_seq = True
DeepTMHMM_class = GLOB
structure_exists = 1.0
sequence_matches_structure = False

Attempting prediction for YMR316W
No prediction will be run:
has_verified_seq = True
DeepTMHMM_class = GLOB
structure_exists = 1.0
sequence_matches_structure = False

Attempting prediction for YOR122C
No prediction will be run:
has_verified_seq = True
DeepTMHMM_class = GLOB
structure_exists = 1.0
sequence_matches_structure = False

Attempting prediction for YNL222W
No prediction will be run:
has_verified_seq = True
DeepTMHMM_class = GLOB
structure_exists = 1.0
sequence_matches_structure = False

Attempting prediction for YML028W
No prediction will be run:
has_verified_seq = True
DeepTMHMM_class = GLOB
structure_exists = 1.0
sequence_matches_structure = False

Attempting prediction for YDL058W
No prediction will be run:
has_verified_seq = True
DeepTMHMM_class = GLOB
structure_exists = 1.0
sequence_matches_structure = False

Attempting prediction for YDR326C
No prediction will be run:
has_verified_seq = True
DeepTMHMM_class = TM
structure_exists = 1.0
sequence_matches_structure = False

Attempting prediction for YDL056W
No prediction will be run:
has_verified_seq = True
DeepTMHMM_class = GLOB
structure_exists = 1.0
sequence_matches_structure = False

Attempting prediction for YDL059C
No prediction will be run:
has_verified_seq = True
DeepTMHMM_class = GLOB
structure_exists = 1.0
sequence_matches_structure = False

Attempting prediction for YML032C
No prediction will be run:
has_verified_seq = True
DeepTMHMM_class = GLOB
structure_exists = 1.0
sequence_matches_structure = False

Attempting prediction for YDL064W
No prediction will be run:
has_verified_seq = True
DeepTMHMM_class = GLOB
structure_exists = 1.0
sequence_matches_structure = False

Attempting prediction for YDR510W
No prediction will be run:
has_verified_seq = True
DeepTMHMM_class = GLOB
structure_exists = 1.0
sequence_matches_structure = False

Attempting prediction for YDL063C
No prediction will be run:
has_verified_seq = True
DeepTMHMM_class = GLOB
structure_exists = 1.0
sequence_matches_structure = False

Attempting prediction for YDL065C
No prediction will be run:
has_verified_seq = True
DeepTMHMM_class = GLOB
structure_exists = 1.0
sequence_matches_structure = False

Attempting prediction for YDR424C
No prediction will be run:
has_verified_seq = True
DeepTMHMM_class = GLOB
structure_exists = 1.0
sequence_matches_structure = False

Attempting prediction for YMR163C
No prediction will be run:
has_verified_seq = True
DeepTMHMM_class = GLOB
structure_exists = 1.0
sequence_matches_structure = False

Attempting prediction for YIL115C
No prediction will be run:
has_verified_seq = True
DeepTMHMM_class = GLOB
structure_exists = 1.0
sequence_matches_structure = False

Attempting prediction for YDL074C
No prediction will be run:
has_verified_seq = True
DeepTMHMM_class = GLOB
structure_exists = 1.0
sequence_matches_structure = False

Attempting prediction for YDL078C
No prediction will be run:
has_verified_seq = True
DeepTMHMM_class = GLOB
structure_exists = 1.0
sequence_matches_structure = False

Attempting prediction for YGL043W
No prediction will be run:
has_verified_seq = True
DeepTMHMM_class = GLOB
structure_exists = 1.0
sequence_matches_structure = False

Attempting prediction for YGR208W
No prediction will be run:
has_verified_seq = True
DeepTMHMM_class = GLOB
structure_exists = 1.0
sequence_matches_structure = False

Attempting prediction for YDL175C
No prediction will be run:
has_verified_seq = True
DeepTMHMM_class = GLOB
structure_exists = 1.0
sequence_matches_structure = False

Attempting prediction for YOL115W
No prediction will be run:
has_verified_seq = True
DeepTMHMM_class = GLOB
structure_exists = 1.0
sequence_matches_structure = False

Attempting prediction for YDL082W
No prediction will be run:
has_verified_seq = True
DeepTMHMM_class = GLOB
structure_exists = 1.0
sequence_matches_structure = False

Attempting prediction for YBL045C
No prediction will be run:
has_verified_seq = True
DeepTMHMM_class = GLOB
structure_exists = 1.0
sequence_matches_structure = False

Attempting prediction for YGL222C
No prediction will be run:
has_verified_seq = True
DeepTMHMM_class = GLOB
structure_exists = 1.0
sequence_matches_structure = False

Attempting prediction for YIL009W
No prediction will be run:
has_verified_seq = True
DeepTMHMM_class = GLOB
structure_exists = 1.0
sequence_matches_structure = False

Attempting prediction for YNL186W
No prediction will be run:
has_verified_seq = True
DeepTMHMM_class = GLOB
structure_exists = 1.0
sequence_matches_structure = False

Attempting prediction for YGL234W
No prediction will be run:
has_verified_seq = True
DeepTMHMM_class = GLOB
structure_exists = 1.0
sequence_matches_structure = False

Attempting prediction for YHR030C
No prediction will be run:
has_verified_seq = True
DeepTMHMM_class = GLOB
structure_exists = 1.0
sequence_matches_structure = False

Attempting prediction for YPR088C
No prediction will be run:
has_verified_seq = True
DeepTMHMM_class = GLOB
structure_exists = 1.0
sequence_matches_structure = False

Attempting prediction for YGR234W
No prediction will be run:
has_verified_seq = True
DeepTMHMM_class = GLOB
structure_exists = 1.0
sequence_matches_structure = False

Attempting prediction for YLR056W
No prediction will be run:
has_verified_seq = True
DeepTMHMM_class = TM
structure_exists = 1.0
sequence_matches_structure = False

Attempting prediction for YML120C
No prediction will be run:
has_verified_seq = True
DeepTMHMM_class = GLOB
structure_exists = 1.0
sequence_matches_structure = False

Attempting prediction for YNR060W
No prediction will be run:
has_verified_seq = True
DeepTMHMM_class = SP+TM
structure_exists = 1.0
sequence_matches_structure = False

Attempting prediction for YFL023W
No prediction will be run:
has_verified_seq = True
DeepTMHMM_class = GLOB
structure_exists = 1.0
sequence_matches_structure = False

Attempting prediction for YER139C
No prediction will be run:
has_verified_seq = True
DeepTMHMM_class = GLOB
structure_exists = 1.0
sequence_matches_structure = False

Attempting prediction for YLR243W
No prediction will be run:
has_verified_seq = True
DeepTMHMM_class = GLOB
structure_exists = 1.0
sequence_matches_structure = False

Attempting prediction for YOR262W
No prediction will be run:
has_verified_seq = True
DeepTMHMM_class = GLOB
structure_exists = 1.0
sequence_matches_structure = False

Attempting prediction for YKL181W
No prediction will be run:
has_verified_seq = True
DeepTMHMM_class = GLOB
structure_exists = 1.0
sequence_matches_structure = False

Attempting prediction for YPL155C
No prediction will be run:
has_verified_seq = True
DeepTMHMM_class = GLOB
structure_exists = 1.0
sequence_matches_structure = False

Attempting prediction for YOR188W
No prediction will be run:
has_verified_seq = True
DeepTMHMM_class = GLOB
structure_exists = 1.0
sequence_matches_structure = False

Attempting prediction for YLR248W
No prediction will be run:
has_verified_seq = True
DeepTMHMM_class = GLOB
structure_exists = 1.0
sequence_matches_structure = False

Attempting prediction for YOR173W
No prediction will be run:
has_verified_seq = True
DeepTMHMM_class = GLOB
structure_exists = 1.0
sequence_matches_structure = False

Attempting prediction for YMR205C
No prediction will be run:
has_verified_seq = True
DeepTMHMM_class = GLOB
structure_exists = 1.0
sequence_matches_structure = False

Attempting prediction for YDL085C-A
No prediction will be run:
has_verified_seq = True
DeepTMHMM_class = GLOB
structure_exists = 1.0
sequence_matches_structure = False

Attempting prediction for YGR082W
No prediction will be run:
has_verified_seq = True
DeepTMHMM_class = GLOB
structure_exists = 1.0
sequence_matches_structure = False

Attempting prediction for YDL089W
No prediction will be run:
has_verified_seq = True
DeepTMHMM_class = TM
structure_exists = 1.0
sequence_matches_structure = False

Attempting prediction for YML034W
No prediction will be run:
has_verified_seq = True
DeepTMHMM_class = TM
structure_exists = 1.0
sequence_matches_structure = False

Attempting prediction for YDL090C
No prediction will be run:
has_verified_seq = True
DeepTMHMM_class = GLOB
structure_exists = 1.0
sequence_matches_structure = False

Attempting prediction for YPR109W
No prediction will be run:
has_verified_seq = True
DeepTMHMM_class = TM
structure_exists = 1.0
sequence_matches_structure = False

Attempting prediction for YKL034W
No prediction will be run:
has_verified_seq = True
DeepTMHMM_class = TM
structure_exists = 1.0
sequence_matches_structure = False

Attempting prediction for YML105C
No prediction will be run:
has_verified_seq = True
DeepTMHMM_class = GLOB
structure_exists = 1.0
sequence_matches_structure = False

Attempting prediction for YPL243W
No prediction will be run:
has_verified_seq = True
DeepTMHMM_class = GLOB
structure_exists = 1.0
sequence_matches_structure = False

Attempting prediction for YMR029C
No prediction will be run:
has_verified_seq = True
DeepTMHMM_class = GLOB
structure_exists = 1.0
sequence_matches_structure = False

Attempting prediction for YNL212W
No prediction will be run:
has_verified_seq = True
DeepTMHMM_class = GLOB
structure_exists = 1.0
sequence_matches_structure = False

Attempting prediction for YDL097C
No prediction will be run:
has_verified_seq = True
DeepTMHMM_class = GLOB
structure_exists = 1.0
sequence_matches_structure = False

Attempting prediction for YDR363W-A
No prediction will be run:
has_verified_seq = True
DeepTMHMM_class = GLOB
structure_exists = 1.0
sequence_matches_structure = False

Attempting prediction for YDL147W
No prediction will be run:
has_verified_seq = True
DeepTMHMM_class = GLOB
structure_exists = 1.0
sequence_matches_structure = False

Attempting prediction for YDR427W
No prediction will be run:
has_verified_seq = True
DeepTMHMM_class = GLOB
structure_exists = 1.0
sequence_matches_structure = False

Attempting prediction for YDR394W
No prediction will be run:
has_verified_seq = True
DeepTMHMM_class = GLOB
structure_exists = 1.0
sequence_matches_structure = False

Attempting prediction for YEL037C
No prediction will be run:
has_verified_seq = True
DeepTMHMM_class = GLOB
structure_exists = 1.0
sequence_matches_structure = False

Attempting prediction for YFR004W
No prediction will be run:
has_verified_seq = True
DeepTMHMM_class = GLOB
structure_exists = 1.0
sequence_matches_structure = False

Attempting prediction for YER021W
No prediction will be run:
has_verified_seq = True
DeepTMHMM_class = GLOB
structure_exists = 1.0
sequence_matches_structure = False

Attempting prediction for YFR010W
No prediction will be run:
has_verified_seq = True
DeepTMHMM_class = GLOB
structure_exists = 1.0
sequence_matches_structure = False

Attempting prediction for YDR159W
No prediction will be run:
has_verified_seq = True
DeepTMHMM_class = GLOB
structure_exists = 1.0
sequence_matches_structure = False

Attempting prediction for YJR084W
No prediction will be run:
has_verified_seq = True
DeepTMHMM_class = GLOB
structure_exists = 1.0
sequence_matches_structure = False

Attempting prediction for YDL216C
No prediction will be run:
has_verified_seq = True
DeepTMHMM_class = GLOB
structure_exists = 1.0
sequence_matches_structure = False

Attempting prediction for YDR179C
No prediction will be run:
has_verified_seq = True
DeepTMHMM_class = GLOB
structure_exists = 1.0
sequence_matches_structure = False

Attempting prediction for YER180C-A
No prediction will be run:
has_verified_seq = True
DeepTMHMM_class = GLOB
structure_exists = 1.0
sequence_matches_structure = False

Attempting prediction for YMR025W
No prediction will be run:
has_verified_seq = True
DeepTMHMM_class = GLOB
structure_exists = 1.0
sequence_matches_structure = False

Attempting prediction for YOL117W
No prediction will be run:
has_verified_seq = True
DeepTMHMM_class = GLOB
structure_exists = 1.0
sequence_matches_structure = False

Attempting prediction for YNL026W
No prediction will be run:
has_verified_seq = True
DeepTMHMM_class = BETA
structure_exists = 1.0
sequence_matches_structure = False

Attempting prediction for YER162C
No prediction will be run:
has_verified_seq = True
DeepTMHMM_class = GLOB
structure_exists = 1.0
sequence_matches_structure = False

Attempting prediction for YPL096W
No prediction will be run:
has_verified_seq = True
DeepTMHMM_class = GLOB
structure_exists = 1.0
sequence_matches_structure = False

Attempting prediction for YMR178W
No prediction will be run:
has_verified_seq = True
DeepTMHMM_class = GLOB
structure_exists = 1.0
sequence_matches_structure = False

Attempting prediction for YNL181W
No prediction will be run:
has_verified_seq = True
DeepTMHMM_class = GLOB
structure_exists = 1.0
sequence_matches_structure = False

Attempting prediction for YLR430W
No prediction will be run:
has_verified_seq = True
DeepTMHMM_class = GLOB
structure_exists = 1.0
sequence_matches_structure = False

Attempting prediction for YGR156W
No prediction will be run:
has_verified_seq = True
DeepTMHMM_class = GLOB
structure_exists = 1.0
sequence_matches_structure = False

Attempting prediction for YML080W
No prediction will be run:
has_verified_seq = True
DeepTMHMM_class = GLOB
structure_exists = 1.0
sequence_matches_structure = False

Attempting prediction for YDR517W
No prediction will be run:
has_verified_seq = True
DeepTMHMM_class = GLOB
structure_exists = 1.0
sequence_matches_structure = False

Attempting prediction for YPR181C
No prediction will be run:
has_verified_seq = True
DeepTMHMM_class = GLOB
structure_exists = 1.0
sequence_matches_structure = False

Attempting prediction for YDL099W
No prediction will be run:
has_verified_seq = True
DeepTMHMM_class = GLOB
structure_exists = 1.0
sequence_matches_structure = False

Attempting prediction for YER083C
No prediction will be run:
has_verified_seq = True
DeepTMHMM_class = TM
structure_exists = 1.0
sequence_matches_structure = False

Attempting prediction for YDL100C
No prediction will be run:
has_verified_seq = True
DeepTMHMM_class = GLOB
structure_exists = 1.0
sequence_matches_structure = False

Attempting prediction for YDL102W
No prediction will be run:
has_verified_seq = True
DeepTMHMM_class = GLOB
structure_exists = 1.0
sequence_matches_structure = False

Attempting prediction for YOR109W
No prediction will be run:
has_verified_seq = True
DeepTMHMM_class = GLOB
structure_exists = 1.0
sequence_matches_structure = False

Attempting prediction for YLR189C
No prediction will be run:
has_verified_seq = True
DeepTMHMM_class = GLOB
structure_exists = 1.0
sequence_matches_structure = False

Attempting prediction for YJR006W
No prediction will be run:
has_verified_seq = True
DeepTMHMM_class = GLOB
structure_exists = 1.0
sequence_matches_structure = False

Attempting prediction for YJR043C
No prediction will be run:
has_verified_seq = True
DeepTMHMM_class = GLOB
structure_exists = 1.0
sequence_matches_structure = False

Attempting prediction for YDR288W
No prediction will be run:
has_verified_seq = True
DeepTMHMM_class = GLOB
structure_exists = 1.0
sequence_matches_structure = False

Attempting prediction for YER038C
No prediction will be run:
has_verified_seq = True
DeepTMHMM_class = GLOB
structure_exists = 1.0
sequence_matches_structure = False

Attempting prediction for YLR383W
No prediction will be run:
has_verified_seq = True
DeepTMHMM_class = GLOB
structure_exists = 1.0
sequence_matches_structure = False

Attempting prediction for YDL105W
No prediction will be run:
has_verified_seq = True
DeepTMHMM_class = GLOB
structure_exists = 1.0
sequence_matches_structure = False

Attempting prediction for YEL019C
No prediction will be run:
has_verified_seq = True
DeepTMHMM_class = GLOB
structure_exists = 1.0
sequence_matches_structure = False

Attempting prediction for YML023C
No prediction will be run:
has_verified_seq = True
DeepTMHMM_class = GLOB
structure_exists = 1.0
sequence_matches_structure = False

Attempting prediction for YDL106C
No prediction will be run:
has_verified_seq = True
DeepTMHMM_class = GLOB
structure_exists = 1.0
sequence_matches_structure = False

Attempting prediction for YDR311W
No prediction will be run:
has_verified_seq = True
DeepTMHMM_class = GLOB
structure_exists = 1.0
sequence_matches_structure = False

Attempting prediction for YER171W
No prediction will be run:
has_verified_seq = True
DeepTMHMM_class = GLOB
structure_exists = 1.0
sequence_matches_structure = False

Attempting prediction for YDR460W
No prediction will be run:
has_verified_seq = True
DeepTMHMM_class = GLOB
structure_exists = 1.0
sequence_matches_structure = False

Attempting prediction for YIL143C
No prediction will be run:
has_verified_seq = True
DeepTMHMM_class = GLOB
structure_exists = 1.0
sequence_matches_structure = False

Attempting prediction for YLR005W
No prediction will be run:
has_verified_seq = True
DeepTMHMM_class = GLOB
structure_exists = 1.0
sequence_matches_structure = False

Attempting prediction for YKR062W
No prediction will be run:
has_verified_seq = True
DeepTMHMM_class = GLOB
structure_exists = 1.0
sequence_matches_structure = False

Attempting prediction for YPR056W
No prediction will be run:
has_verified_seq = True
DeepTMHMM_class = GLOB
structure_exists = 1.0
sequence_matches_structure = False

Attempting prediction for YPL122C
No prediction will be run:
has_verified_seq = True
DeepTMHMM_class = GLOB
structure_exists = 1.0
sequence_matches_structure = False

Attempting prediction for YPR025C
No prediction will be run:
has_verified_seq = True
DeepTMHMM_class = GLOB
structure_exists = 1.0
sequence_matches_structure = False

Attempting prediction for YDL108W
No prediction will be run:
has_verified_seq = True
DeepTMHMM_class = GLOB
structure_exists = 1.0
sequence_matches_structure = False

Attempting prediction for YOR352W
No prediction will be run:
has_verified_seq = True
DeepTMHMM_class = GLOB
structure_exists = 1.0
sequence_matches_structure = False

Attempting prediction for YHR135C
No prediction will be run:
has_verified_seq = True
DeepTMHMM_class = GLOB
structure_exists = 1.0
sequence_matches_structure = False

Attempting prediction for YDL113C
No prediction will be run:
has_verified_seq = True
DeepTMHMM_class = GLOB
structure_exists = 1.0
sequence_matches_structure = False

Attempting prediction for YJL036W
No prediction will be run:
has_verified_seq = True
DeepTMHMM_class = GLOB
structure_exists = 1.0
sequence_matches_structure = False

Attempting prediction for YDL115C
No prediction will be run:
has_verified_seq = True
DeepTMHMM_class = GLOB
structure_exists = 1.0
sequence_matches_structure = False

Attempting prediction for YGL130W
No prediction will be run:
has_verified_seq = True
DeepTMHMM_class = GLOB
structure_exists = 1.0
sequence_matches_structure = False

Attempting prediction for YGL070C
No prediction will be run:
has_verified_seq = True
DeepTMHMM_class = GLOB
structure_exists = 1.0
sequence_matches_structure = False

Attempting prediction for YJL168C
No prediction will be run:
has_verified_seq = True
DeepTMHMM_class = GLOB
structure_exists = 1.0
sequence_matches_structure = False

Attempting prediction for YML010W
No prediction will be run:
has_verified_seq = True
DeepTMHMM_class = GLOB
structure_exists = 1.0
sequence_matches_structure = False

Attempting prediction for YPL228W
No prediction will be run:
has_verified_seq = True
DeepTMHMM_class = GLOB
structure_exists = 1.0
sequence_matches_structure = False

Attempting prediction for YLR200W
No prediction will be run:
has_verified_seq = True
DeepTMHMM_class = GLOB
structure_exists = 1.0
sequence_matches_structure = False

Attempting prediction for YJL011C
No prediction will be run:
has_verified_seq = True
DeepTMHMM_class = GLOB
structure_exists = 1.0
sequence_matches_structure = False

Attempting prediction for YJR059W
No prediction will be run:
has_verified_seq = True
DeepTMHMM_class = GLOB
structure_exists = 1.0
sequence_matches_structure = False

Attempting prediction for YGR080W
No prediction will be run:
has_verified_seq = True
DeepTMHMM_class = GLOB
structure_exists = 1.0
sequence_matches_structure = False

Attempting prediction for YML069W
No prediction will be run:
has_verified_seq = True
DeepTMHMM_class = GLOB
structure_exists = 1.0
sequence_matches_structure = False

Attempting prediction for YPR165W
No prediction will be run:
has_verified_seq = True
DeepTMHMM_class = GLOB
structure_exists = 1.0
sequence_matches_structure = False

Attempting prediction for YOR220W
No prediction will be run:
has_verified_seq = True
DeepTMHMM_class = GLOB
structure_exists = 1.0
sequence_matches_structure = False

Attempting prediction for YDL117W
No prediction will be run:
has_verified_seq = True
DeepTMHMM_class = GLOB
structure_exists = 1.0
sequence_matches_structure = False

Attempting prediction for YDL119C
No prediction will be run:
has_verified_seq = True
DeepTMHMM_class = GLOB
structure_exists = 1.0
sequence_matches_structure = False

Attempting prediction for YDL123W
No prediction will be run:
has_verified_seq = True
DeepTMHMM_class = TM
structure_exists = 1.0
sequence_matches_structure = False

Attempting prediction for YDL124W
No prediction will be run:
has_verified_seq = True
DeepTMHMM_class = GLOB
structure_exists = 1.0
sequence_matches_structure = False

Attempting prediction for YDR054C
No prediction will be run:
has_verified_seq = True
DeepTMHMM_class = GLOB
structure_exists = 1.0
sequence_matches_structure = False

Attempting prediction for YDR306C
No prediction will be run:
has_verified_seq = True
DeepTMHMM_class = GLOB
structure_exists = 1.0
sequence_matches_structure = False

Attempting prediction for YFL009W
No prediction will be run:
has_verified_seq = True
DeepTMHMM_class = GLOB
structure_exists = 1.0
sequence_matches_structure = False

Attempting prediction for YJL149W
No prediction will be run:
has_verified_seq = True
DeepTMHMM_class = GLOB
structure_exists = 1.0
sequence_matches_structure = False

Attempting prediction for YIL046W
No prediction will be run:
has_verified_seq = True
DeepTMHMM_class = GLOB
structure_exists = 1.0
sequence_matches_structure = False

Attempting prediction for YML082W
No prediction will be run:
has_verified_seq = True
DeepTMHMM_class = GLOB
structure_exists = 1.0
sequence_matches_structure = False

Attempting prediction for YMR258C
No prediction will be run:
has_verified_seq = True
DeepTMHMM_class = GLOB
structure_exists = 1.0
sequence_matches_structure = False

Attempting prediction for YDL131W
No prediction will be run:
has_verified_seq = True
DeepTMHMM_class = GLOB
structure_exists = 1.0
sequence_matches_structure = False

Attempting prediction for YJL047C
No prediction will be run:
has_verified_seq = True
DeepTMHMM_class = GLOB
structure_exists = 1.0
sequence_matches_structure = False

Attempting prediction for YOL063C
No prediction will be run:
has_verified_seq = True
DeepTMHMM_class = GLOB
structure_exists = 1.0
sequence_matches_structure = False

Attempting prediction for YPR164W
No prediction will be run:
has_verified_seq = True
DeepTMHMM_class = GLOB
structure_exists = 1.0
sequence_matches_structure = False

Attempting prediction for YDL224C
No prediction will be run:
has_verified_seq = True
DeepTMHMM_class = GLOB
structure_exists = 1.0
sequence_matches_structure = False

Attempting prediction for YCL051W
No prediction will be run:
has_verified_seq = True
DeepTMHMM_class = GLOB
structure_exists = 1.0
sequence_matches_structure = False

Attempting prediction for YFR030W
No prediction will be run:
has_verified_seq = True
DeepTMHMM_class = GLOB
structure_exists = 1.0
sequence_matches_structure = False

Attempting prediction for YJR010W
No prediction will be run:
has_verified_seq = True
DeepTMHMM_class = GLOB
structure_exists = 1.0
sequence_matches_structure = False

Attempting prediction for YIL109C
No prediction will be run:
has_verified_seq = True
DeepTMHMM_class = GLOB
structure_exists = 1.0
sequence_matches_structure = False

Attempting prediction for YJR137C
No prediction will be run:
has_verified_seq = True
DeepTMHMM_class = GLOB
structure_exists = 1.0
sequence_matches_structure = False

Attempting prediction for YKL054C
No prediction will be run:
has_verified_seq = True
DeepTMHMM_class = GLOB
structure_exists = 1.0
sequence_matches_structure = False

Attempting prediction for YKL001C
No prediction will be run:
has_verified_seq = True
DeepTMHMM_class = GLOB
structure_exists = 1.0
sequence_matches_structure = False

Attempting prediction for YKR042W
No prediction will be run:
has_verified_seq = True
DeepTMHMM_class = SP
structure_exists = 1.0
sequence_matches_structure = False

Attempting prediction for YDL133C-A
No prediction will be run:
has_verified_seq = True
DeepTMHMM_class = GLOB
structure_exists = 1.0
sequence_matches_structure = False

Attempting prediction for YDL130W
No prediction will be run:
has_verified_seq = True
DeepTMHMM_class = GLOB
structure_exists = 1.0
sequence_matches_structure = False

Attempting prediction for YPL023C
No prediction will be run:
has_verified_seq = True
DeepTMHMM_class = GLOB
structure_exists = 1.0
sequence_matches_structure = False

Attempting prediction for YDL134C
No prediction will be run:
has_verified_seq = True
DeepTMHMM_class = GLOB
structure_exists = 1.0
sequence_matches_structure = False

Attempting prediction for YDL188C
No prediction will be run:
has_verified_seq = True
DeepTMHMM_class = GLOB
structure_exists = 1.0
sequence_matches_structure = False

Attempting prediction for YDL135C
No prediction will be run:
has_verified_seq = True
DeepTMHMM_class = GLOB
structure_exists = 1.0
sequence_matches_structure = False

Attempting prediction for YLR229C
No prediction will be run:
has_verified_seq = True
DeepTMHMM_class = GLOB
structure_exists = 1.0
sequence_matches_structure = False

Attempting prediction for YDL136W
No prediction will be run:
has_verified_seq = True
DeepTMHMM_class = GLOB
structure_exists = 1.0
sequence_matches_structure = False

Attempting prediction for YGR271W
No prediction will be run:
has_verified_seq = True
DeepTMHMM_class = GLOB
structure_exists = 1.0
sequence_matches_structure = False

Attempting prediction for YPL249C-A
No prediction will be run:
has_verified_seq = True
DeepTMHMM_class = GLOB
structure_exists = 1.0
sequence_matches_structure = False

Attempting prediction for YMR264W
No prediction will be run:
has_verified_seq = True
DeepTMHMM_class = TM
structure_exists = 1.0
sequence_matches_structure = False

Attempting prediction for YKR023W
No prediction will be run:
has_verified_seq = True
DeepTMHMM_class = GLOB
structure_exists = 1.0
sequence_matches_structure = False

Attempting prediction for YDL139C
No prediction will be run:
has_verified_seq = True
DeepTMHMM_class = GLOB
structure_exists = 1.0
sequence_matches_structure = False

Attempting prediction for YDL141W
No prediction will be run:
has_verified_seq = True
DeepTMHMM_class = GLOB
structure_exists = 1.0
sequence_matches_structure = False

Attempting prediction for YER070W
No prediction will be run:
has_verified_seq = True
DeepTMHMM_class = GLOB
structure_exists = 1.0
sequence_matches_structure = False

Attempting prediction for YNR012W
No prediction will be run:
has_verified_seq = True
DeepTMHMM_class = GLOB
structure_exists = 1.0
sequence_matches_structure = False

Attempting prediction for YML085C
No prediction will be run:
has_verified_seq = True
DeepTMHMM_class = GLOB
structure_exists = 1.0
sequence_matches_structure = False

Attempting prediction for YER024W
No prediction will be run:
has_verified_seq = True
DeepTMHMM_class = GLOB
structure_exists = 1.0
sequence_matches_structure = False

Attempting prediction for YHR128W
No prediction will be run:
has_verified_seq = True
DeepTMHMM_class = GLOB
structure_exists = 1.0
sequence_matches_structure = False

Attempting prediction for YKL064W
No prediction will be run:
has_verified_seq = True
DeepTMHMM_class = TM
structure_exists = 1.0
sequence_matches_structure = False

Attempting prediction for YJR025C
No prediction will be run:
has_verified_seq = True
DeepTMHMM_class = GLOB
structure_exists = 1.0
sequence_matches_structure = False

Attempting prediction for YML124C
No prediction will be run:
has_verified_seq = True
DeepTMHMM_class = GLOB
structure_exists = 1.0
sequence_matches_structure = False

Attempting prediction for YKL104C
No prediction will be run:
has_verified_seq = True
DeepTMHMM_class = GLOB
structure_exists = 1.0
sequence_matches_structure = False

Attempting prediction for YLL029W
No prediction will be run:
has_verified_seq = True
DeepTMHMM_class = GLOB
structure_exists = 1.0
sequence_matches_structure = False

Attempting prediction for YMR300C
No prediction will be run:
has_verified_seq = True
DeepTMHMM_class = GLOB
structure_exists = 1.0
sequence_matches_structure = False

Attempting prediction for YDL145C
No prediction will be run:
has_verified_seq = True
DeepTMHMM_class = GLOB
structure_exists = 1.0
sequence_matches_structure = False

Attempting prediction for YAR035W
No prediction will be run:
has_verified_seq = True
DeepTMHMM_class = GLOB
structure_exists = 1.0
sequence_matches_structure = False

Attempting prediction for YEL061C
No prediction will be run:
has_verified_seq = True
DeepTMHMM_class = GLOB
structure_exists = 1.0
sequence_matches_structure = False

Attempting prediction for YDR238C
No prediction will be run:
has_verified_seq = True
DeepTMHMM_class = GLOB
structure_exists = 1.0
sequence_matches_structure = False

Attempting prediction for YFR051C
No prediction will be run:
has_verified_seq = True
DeepTMHMM_class = GLOB
structure_exists = 1.0
sequence_matches_structure = False

Attempting prediction for YER122C
No prediction will be run:
has_verified_seq = True
DeepTMHMM_class = GLOB
structure_exists = 1.0
sequence_matches_structure = False

Attempting prediction for YIL076W
No prediction will be run:
has_verified_seq = True
DeepTMHMM_class = GLOB
structure_exists = 1.0
sequence_matches_structure = False

Attempting prediction for YGL137W
No prediction will be run:
has_verified_seq = True
DeepTMHMM_class = GLOB
structure_exists = 1.0
sequence_matches_structure = False

Attempting prediction for YMR014W
No prediction will be run:
has_verified_seq = True
DeepTMHMM_class = GLOB
structure_exists = 1.0
sequence_matches_structure = False

Attempting prediction for YMR165C
No prediction will be run:
has_verified_seq = True
DeepTMHMM_class = GLOB
structure_exists = 1.0
sequence_matches_structure = False

Attempting prediction for YNL287W
No prediction will be run:
has_verified_seq = True
DeepTMHMM_class = GLOB
structure_exists = 1.0
sequence_matches_structure = False

Attempting prediction for YNL258C
No prediction will be run:
has_verified_seq = True
DeepTMHMM_class = GLOB
structure_exists = 1.0
sequence_matches_structure = False

Attempting prediction for YFL042C
No prediction will be run:
has_verified_seq = True
DeepTMHMM_class = TM
structure_exists = 1.0
sequence_matches_structure = False

Attempting prediction for YOR112W
No prediction will be run:
has_verified_seq = True
DeepTMHMM_class = GLOB
structure_exists = 1.0
sequence_matches_structure = False

Attempting prediction for YBR229C
No prediction will be run:
has_verified_seq = True
DeepTMHMM_class = SP
structure_exists = 1.0
sequence_matches_structure = False

Attempting prediction for YDR122W
No prediction will be run:
has_verified_seq = True
DeepTMHMM_class = GLOB
structure_exists = 1.0
sequence_matches_structure = False

Attempting prediction for YDL146W
No prediction will be run:
has_verified_seq = True
DeepTMHMM_class = GLOB
structure_exists = 1.0
sequence_matches_structure = False

Attempting prediction for YDR189W
No prediction will be run:
has_verified_seq = True
DeepTMHMM_class = GLOB
structure_exists = 1.0
sequence_matches_structure = False

Attempting prediction for YDR005C
No prediction will be run:
has_verified_seq = True
DeepTMHMM_class = GLOB
structure_exists = 1.0
sequence_matches_structure = False

Attempting prediction for YLR227W-B
No prediction will be run:
has_verified_seq = True
DeepTMHMM_class = GLOB
structure_exists = 1.0
sequence_matches_structure = False

Attempting prediction for YGR246C
No prediction will be run:
has_verified_seq = True
DeepTMHMM_class = GLOB
structure_exists = 1.0
sequence_matches_structure = False

Attempting prediction for YKL164C
No prediction will be run:
has_verified_seq = True
DeepTMHMM_class = SP
structure_exists = 1.0
sequence_matches_structure = False

Attempting prediction for YDL152W
No prediction will be run:
has_verified_seq = False
DeepTMHMM_class = nan
structure_exists = nan
sequence_matches_structure = False

Attempting prediction for YKR099W
No prediction will be run:
has_verified_seq = True
DeepTMHMM_class = GLOB
structure_exists = 1.0
sequence_matches_structure = False

Attempting prediction for YDR354W
No prediction will be run:
has_verified_seq = True
DeepTMHMM_class = GLOB
structure_exists = 1.0
sequence_matches_structure = False

Attempting prediction for YDL168W
No prediction will be run:
has_verified_seq = True
DeepTMHMM_class = GLOB
structure_exists = 1.0
sequence_matches_structure = False

Attempting prediction for YDL164C
No prediction will be run:
has_verified_seq = True
DeepTMHMM_class = GLOB
structure_exists = 1.0
sequence_matches_structure = False

Attempting prediction for YDL173W
No prediction will be run:
has_verified_seq = True
DeepTMHMM_class = GLOB
structure_exists = 1.0
sequence_matches_structure = False

Attempting prediction for YGR121C;YPR138C
No prediction will be run:
has_verified_seq = False
DeepTMHMM_class = nan
structure_exists = nan
sequence_matches_structure = False

Attempting prediction for YDR320C
No prediction will be run:
has_verified_seq = True
DeepTMHMM_class = GLOB
structure_exists = 1.0
sequence_matches_structure = False

Attempting prediction for YNL299W
No prediction will be run:
has_verified_seq = True
DeepTMHMM_class = GLOB
structure_exists = 1.0
sequence_matches_structure = False

Attempting prediction for YDR222W
No prediction will be run:
has_verified_seq = True
DeepTMHMM_class = GLOB
structure_exists = 1.0
sequence_matches_structure = False

Attempting prediction for YDL184C
No prediction will be run:
has_verified_seq = True
DeepTMHMM_class = GLOB
structure_exists = 1.0
sequence_matches_structure = False

Attempting prediction for YDL189W
No prediction will be run:
has_verified_seq = True
DeepTMHMM_class = GLOB
structure_exists = 1.0
sequence_matches_structure = False

Attempting prediction for YCR008W
No prediction will be run:
has_verified_seq = True
DeepTMHMM_class = GLOB
structure_exists = 1.0
sequence_matches_structure = False

Attempting prediction for YDL191W
No prediction will be run:
has_verified_seq = True
DeepTMHMM_class = GLOB
structure_exists = 1.0
sequence_matches_structure = False

Attempting prediction for YLR022C
No prediction will be run:
has_verified_seq = True
DeepTMHMM_class = GLOB
structure_exists = 1.0
sequence_matches_structure = False

Attempting prediction for YNL251C
No prediction will be run:
has_verified_seq = True
DeepTMHMM_class = GLOB
structure_exists = 1.0
sequence_matches_structure = False

Attempting prediction for YOR051C
No prediction will be run:
has_verified_seq = True
DeepTMHMM_class = GLOB
structure_exists = 1.0
sequence_matches_structure = False

Attempting prediction for YPL101W
No prediction will be run:
has_verified_seq = True
DeepTMHMM_class = GLOB
structure_exists = 1.0
sequence_matches_structure = False

Attempting prediction for YNL163C
No prediction will be run:
has_verified_seq = True
DeepTMHMM_class = GLOB
structure_exists = 1.0
sequence_matches_structure = False

Attempting prediction for YDL197C
No prediction will be run:
has_verified_seq = True
DeepTMHMM_class = GLOB
structure_exists = 1.0
sequence_matches_structure = False

Attempting prediction for YLR442C
No prediction will be run:
has_verified_seq = True
DeepTMHMM_class = GLOB
structure_exists = 1.0
sequence_matches_structure = False

Attempting prediction for YDR233C
No prediction will be run:
has_verified_seq = True
DeepTMHMM_class = TM
structure_exists = 1.0
sequence_matches_structure = False

Attempting prediction for YDL205C
No prediction will be run:
has_verified_seq = True
DeepTMHMM_class = GLOB
structure_exists = 1.0
sequence_matches_structure = False

Attempting prediction for YHR039C
No prediction will be run:
has_verified_seq = True
DeepTMHMM_class = GLOB
structure_exists = 1.0
sequence_matches_structure = False

Attempting prediction for YNL219C
No prediction will be run:
has_verified_seq = True
DeepTMHMM_class = TM
structure_exists = 1.0
sequence_matches_structure = False

Attempting prediction for YPR028W
No prediction will be run:
has_verified_seq = True
DeepTMHMM_class = TM
structure_exists = 1.0
sequence_matches_structure = False

Attempting prediction for YPR183W
No prediction will be run:
has_verified_seq = True
DeepTMHMM_class = TM
structure_exists = 1.0
sequence_matches_structure = False

Attempting prediction for YPR091C
No prediction will be run:
has_verified_seq = True
DeepTMHMM_class = TM
structure_exists = 1.0
sequence_matches_structure = False

Attempting prediction for YIL104C
No prediction will be run:
has_verified_seq = True
DeepTMHMM_class = GLOB
structure_exists = 1.0
sequence_matches_structure = False

Attempting prediction for YCL061C
No prediction will be run:
has_verified_seq = True
DeepTMHMM_class = GLOB
structure_exists = 1.0
sequence_matches_structure = False

Attempting prediction for YBL026W
No prediction will be run:
has_verified_seq = True
DeepTMHMM_class = GLOB
structure_exists = 1.0
sequence_matches_structure = False

Attempting prediction for YBR282W
No prediction will be run:
has_verified_seq = True
DeepTMHMM_class = GLOB
structure_exists = 1.0
sequence_matches_structure = False

Attempting prediction for YBR268W
No prediction will be run:
has_verified_seq = True
DeepTMHMM_class = GLOB
structure_exists = 1.0
sequence_matches_structure = False

Attempting prediction for YCR003W
No prediction will be run:
has_verified_seq = True
DeepTMHMM_class = GLOB
structure_exists = 1.0
sequence_matches_structure = False

Attempting prediction for YCR077C
No prediction will be run:
has_verified_seq = True
DeepTMHMM_class = GLOB
structure_exists = 1.0
sequence_matches_structure = False

Attempting prediction for YDR405W
No prediction will be run:
has_verified_seq = True
DeepTMHMM_class = GLOB
structure_exists = 1.0
sequence_matches_structure = False

Attempting prediction for YGL173C
No prediction will be run:
has_verified_seq = True
DeepTMHMM_class = GLOB
structure_exists = 1.0
sequence_matches_structure = False

Attempting prediction for YKL167C
No prediction will be run:
has_verified_seq = True
DeepTMHMM_class = GLOB
structure_exists = 1.0
sequence_matches_structure = False

Attempting prediction for YLR439W
No prediction will be run:
has_verified_seq = True
DeepTMHMM_class = GLOB
structure_exists = 1.0
sequence_matches_structure = False

Attempting prediction for YNL122C
No prediction will be run:
has_verified_seq = True
DeepTMHMM_class = GLOB
structure_exists = 1.0
sequence_matches_structure = False

Attempting prediction for YNR038W
No prediction will be run:
has_verified_seq = True
DeepTMHMM_class = GLOB
structure_exists = 1.0
sequence_matches_structure = False

Attempting prediction for YLR424W
No prediction will be run:
has_verified_seq = True
DeepTMHMM_class = GLOB
structure_exists = 1.0
sequence_matches_structure = False

Attempting prediction for YDL211C
No prediction will be run:
has_verified_seq = True
DeepTMHMM_class = TM
structure_exists = 1.0
sequence_matches_structure = False

Attempting prediction for YMR294W
No prediction will be run:
has_verified_seq = True
DeepTMHMM_class = GLOB
structure_exists = 1.0
sequence_matches_structure = False

Attempting prediction for YHR129C
No prediction will be run:
has_verified_seq = True
DeepTMHMM_class = GLOB
structure_exists = 1.0
sequence_matches_structure = False

Attempting prediction for YPL174C
No prediction will be run:
has_verified_seq = True
DeepTMHMM_class = GLOB
structure_exists = 1.0
sequence_matches_structure = False

Attempting prediction for YKL171W
No prediction will be run:
has_verified_seq = True
DeepTMHMM_class = GLOB
structure_exists = 1.0
sequence_matches_structure = False

Attempting prediction for YBR157C
No prediction will be run:
has_verified_seq = True
DeepTMHMM_class = GLOB
structure_exists = 1.0
sequence_matches_structure = False

Attempting prediction for YNL197C
No prediction will be run:
has_verified_seq = True
DeepTMHMM_class = GLOB
structure_exists = 1.0
sequence_matches_structure = False

Attempting prediction for YDL232W
No prediction will be run:
has_verified_seq = True
DeepTMHMM_class = TM
structure_exists = 1.0
sequence_matches_structure = False

Attempting prediction for YGL022W
No prediction will be run:
has_verified_seq = True
DeepTMHMM_class = TM
structure_exists = 1.0
sequence_matches_structure = False

Attempting prediction for YEL002C
No prediction will be run:
has_verified_seq = True
DeepTMHMM_class = SP+TM
structure_exists = 1.0
sequence_matches_structure = False

Attempting prediction for YML019W
No prediction will be run:
has_verified_seq = True
DeepTMHMM_class = SP+TM
structure_exists = 1.0
sequence_matches_structure = False

Attempting prediction for YOR085W
No prediction will be run:
has_verified_seq = True
DeepTMHMM_class = SP+TM
structure_exists = 1.0
sequence_matches_structure = False

Attempting prediction for YOR103C
No prediction will be run:
has_verified_seq = True
DeepTMHMM_class = TM
structure_exists = 1.0
sequence_matches_structure = False

Attempting prediction for YMR092C
No prediction will be run:
has_verified_seq = True
DeepTMHMM_class = GLOB
structure_exists = 1.0
sequence_matches_structure = False

Attempting prediction for YDL234C
No prediction will be run:
has_verified_seq = True
DeepTMHMM_class = GLOB
structure_exists = 1.0
sequence_matches_structure = False

Attempting prediction for YDL233W
No prediction will be run:
has_verified_seq = True
DeepTMHMM_class = GLOB
structure_exists = 1.0
sequence_matches_structure = False

Attempting prediction for YDL236W
No prediction will be run:
has_verified_seq = True
DeepTMHMM_class = GLOB
structure_exists = 1.0
sequence_matches_structure = False

Attempting prediction for YDL240W
No prediction will be run:
has_verified_seq = True
DeepTMHMM_class = GLOB
structure_exists = 1.0
sequence_matches_structure = False

Attempting prediction for YDL238C
No prediction will be run:
has_verified_seq = True
DeepTMHMM_class = GLOB
structure_exists = 1.0
sequence_matches_structure = False

Attempting prediction for YDR099W
No prediction will be run:
has_verified_seq = True
DeepTMHMM_class = GLOB
structure_exists = 1.0
sequence_matches_structure = False

Attempting prediction for YBR007C
No prediction will be run:
has_verified_seq = True
DeepTMHMM_class = GLOB
structure_exists = 1.0
sequence_matches_structure = False

Attempting prediction for YDR017C
No prediction will be run:
has_verified_seq = True
DeepTMHMM_class = GLOB
structure_exists = 1.0
sequence_matches_structure = False

Attempting prediction for YDR006C
No prediction will be run:
has_verified_seq = True
DeepTMHMM_class = GLOB
structure_exists = 1.0
sequence_matches_structure = False

Attempting prediction for YDR309C
No prediction will be run:
has_verified_seq = True
DeepTMHMM_class = GLOB
structure_exists = 1.0
sequence_matches_structure = False

Attempting prediction for YDR379W
No prediction will be run:
has_verified_seq = True
DeepTMHMM_class = GLOB
structure_exists = 1.0
sequence_matches_structure = False

Attempting prediction for YDR351W
No prediction will be run:
has_verified_seq = True
DeepTMHMM_class = GLOB
structure_exists = 1.0
sequence_matches_structure = False

Attempting prediction for YDR505C
No prediction will be run:
has_verified_seq = True
DeepTMHMM_class = GLOB
structure_exists = 1.0
sequence_matches_structure = False

Attempting prediction for YER075C
No prediction will be run:
has_verified_seq = True
DeepTMHMM_class = GLOB
structure_exists = 1.0
sequence_matches_structure = False

Attempting prediction for YER177W
No prediction will be run:
has_verified_seq = True
DeepTMHMM_class = GLOB
structure_exists = 1.0
sequence_matches_structure = False

Attempting prediction for YER114C
No prediction will be run:
has_verified_seq = True
DeepTMHMM_class = GLOB
structure_exists = 1.0
sequence_matches_structure = False

Attempting prediction for YFL033C
No prediction will be run:
has_verified_seq = True
DeepTMHMM_class = GLOB
structure_exists = 1.0
sequence_matches_structure = False

Attempting prediction for YFL021W
No prediction will be run:
has_verified_seq = True
DeepTMHMM_class = GLOB
structure_exists = 1.0
sequence_matches_structure = False

Attempting prediction for YFR022W
No prediction will be run:
has_verified_seq = True
DeepTMHMM_class = GLOB
structure_exists = 1.0
sequence_matches_structure = False

Attempting prediction for YGL252C
No prediction will be run:
has_verified_seq = True
DeepTMHMM_class = GLOB
structure_exists = 1.0
sequence_matches_structure = False

Attempting prediction for YIL036W
No prediction will be run:
has_verified_seq = True
DeepTMHMM_class = GLOB
structure_exists = 1.0
sequence_matches_structure = False

Attempting prediction for YHR082C
No prediction will be run:
has_verified_seq = True
DeepTMHMM_class = GLOB
structure_exists = 1.0
sequence_matches_structure = False

Attempting prediction for YIL107C
No prediction will be run:
has_verified_seq = True
DeepTMHMM_class = GLOB
structure_exists = 1.0
sequence_matches_structure = False

Attempting prediction for YIL045W
No prediction will be run:
has_verified_seq = True
DeepTMHMM_class = GLOB
structure_exists = 1.0
sequence_matches_structure = False

Attempting prediction for YIR003W
No prediction will be run:
has_verified_seq = True
DeepTMHMM_class = GLOB
structure_exists = 1.0
sequence_matches_structure = False

Attempting prediction for YIL135C
No prediction will be run:
has_verified_seq = True
DeepTMHMM_class = GLOB
structure_exists = 1.0
sequence_matches_structure = False

Attempting prediction for YJR091C
No prediction will be run:
has_verified_seq = True
DeepTMHMM_class = GLOB
structure_exists = 1.0
sequence_matches_structure = False

Attempting prediction for YKL168C
No prediction will be run:
has_verified_seq = True
DeepTMHMM_class = GLOB
structure_exists = 1.0
sequence_matches_structure = False

Attempting prediction for YKL140W
No prediction will be run:
has_verified_seq = True
DeepTMHMM_class = GLOB
structure_exists = 1.0
sequence_matches_structure = False

Attempting prediction for YKL198C
No prediction will be run:
has_verified_seq = True
DeepTMHMM_class = GLOB
structure_exists = 1.0
sequence_matches_structure = False

Attempting prediction for YLL013C
No prediction will be run:
has_verified_seq = True
DeepTMHMM_class = GLOB
structure_exists = 1.0
sequence_matches_structure = False

Attempting prediction for YLR219W
No prediction will be run:
has_verified_seq = True
DeepTMHMM_class = GLOB
structure_exists = 1.0
sequence_matches_structure = False

Attempting prediction for YLR149C
No prediction will be run:
has_verified_seq = True
DeepTMHMM_class = GLOB
structure_exists = 1.0
sequence_matches_structure = False

Attempting prediction for YNL074C
No prediction will be run:
has_verified_seq = True
DeepTMHMM_class = GLOB
structure_exists = 1.0
sequence_matches_structure = False

Attempting prediction for YMR291W
No prediction will be run:
has_verified_seq = True
DeepTMHMM_class = GLOB
structure_exists = 1.0
sequence_matches_structure = False

Attempting prediction for YNL199C
No prediction will be run:
has_verified_seq = True
DeepTMHMM_class = GLOB
structure_exists = 1.0
sequence_matches_structure = False

Attempting prediction for YNL076W
No prediction will be run:
has_verified_seq = True
DeepTMHMM_class = GLOB
structure_exists = 1.0
sequence_matches_structure = False

Attempting prediction for YNR047W
No prediction will be run:
has_verified_seq = True
DeepTMHMM_class = GLOB
structure_exists = 1.0
sequence_matches_structure = False

Attempting prediction for YNL267W
No prediction will be run:
has_verified_seq = True
DeepTMHMM_class = GLOB
structure_exists = 1.0
sequence_matches_structure = False

Attempting prediction for YOR018W
No prediction will be run:
has_verified_seq = True
DeepTMHMM_class = GLOB
structure_exists = 1.0
sequence_matches_structure = False

Attempting prediction for YPL141C
No prediction will be run:
has_verified_seq = True
DeepTMHMM_class = GLOB
structure_exists = 1.0
sequence_matches_structure = False

Attempting prediction for YPL255W
No prediction will be run:
has_verified_seq = True
DeepTMHMM_class = GLOB
structure_exists = 1.0
sequence_matches_structure = False

Attempting prediction for YPR095C
No prediction will be run:
has_verified_seq = True
DeepTMHMM_class = GLOB
structure_exists = 1.0
sequence_matches_structure = False

Attempting prediction for YPR185W
No prediction will be run:
has_verified_seq = True
DeepTMHMM_class = GLOB
structure_exists = 1.0
sequence_matches_structure = False

Attempting prediction for YDR001C
No prediction will be run:
has_verified_seq = True
DeepTMHMM_class = GLOB
structure_exists = 1.0
sequence_matches_structure = False

Attempting prediction for YAL017W
No prediction will be run:
has_verified_seq = True
DeepTMHMM_class = GLOB
structure_exists = 1.0
sequence_matches_structure = False

Attempting prediction for YBL031W
No prediction will be run:
has_verified_seq = True
DeepTMHMM_class = GLOB
structure_exists = 1.0
sequence_matches_structure = False

Attempting prediction for YCL063W
No prediction will be run:
has_verified_seq = True
DeepTMHMM_class = GLOB
structure_exists = 1.0
sequence_matches_structure = False

Attempting prediction for YCR091W
No prediction will be run:
has_verified_seq = True
DeepTMHMM_class = GLOB
structure_exists = 1.0
sequence_matches_structure = False

Attempting prediction for YDR251W
No prediction will be run:
has_verified_seq = True
DeepTMHMM_class = GLOB
structure_exists = 1.0
sequence_matches_structure = False

Attempting prediction for YER054C
No prediction will be run:
has_verified_seq = True
DeepTMHMM_class = GLOB
structure_exists = 1.0
sequence_matches_structure = False

Attempting prediction for YER071C
No prediction will be run:
has_verified_seq = True
DeepTMHMM_class = GLOB
structure_exists = 1.0
sequence_matches_structure = False

Attempting prediction for YGR161C
No prediction will be run:
has_verified_seq = True
DeepTMHMM_class = GLOB
structure_exists = 1.0
sequence_matches_structure = False

Attempting prediction for YIL095W
No prediction will be run:
has_verified_seq = True
DeepTMHMM_class = GLOB
structure_exists = 1.0
sequence_matches_structure = False

Attempting prediction for YJL201W
No prediction will be run:
has_verified_seq = True
DeepTMHMM_class = GLOB
structure_exists = 1.0
sequence_matches_structure = False

Attempting prediction for YJL042W
No prediction will be run:
has_verified_seq = True
DeepTMHMM_class = GLOB
structure_exists = 1.0
sequence_matches_structure = False

Attempting prediction for YML081W
No prediction will be run:
has_verified_seq = True
DeepTMHMM_class = GLOB
structure_exists = 1.0
sequence_matches_structure = False

Attempting prediction for YMR124W
No prediction will be run:
has_verified_seq = True
DeepTMHMM_class = GLOB
structure_exists = 1.0
sequence_matches_structure = False

Attempting prediction for YOR140W
No prediction will be run:
has_verified_seq = True
DeepTMHMM_class = GLOB
structure_exists = 1.0
sequence_matches_structure = False

Attempting prediction for YDR004W
No prediction will be run:
has_verified_seq = True
DeepTMHMM_class = GLOB
structure_exists = 1.0
sequence_matches_structure = False

Attempting prediction for YDR076W
No prediction will be run:
has_verified_seq = True
DeepTMHMM_class = GLOB
structure_exists = 1.0
sequence_matches_structure = False

Attempting prediction for YJL146W
No prediction will be run:
has_verified_seq = True
DeepTMHMM_class = GLOB
structure_exists = 1.0
sequence_matches_structure = False

Attempting prediction for YDR007W
No prediction will be run:
has_verified_seq = True
DeepTMHMM_class = GLOB
structure_exists = 1.0
sequence_matches_structure = False

Attempting prediction for YIL074C
No prediction will be run:
has_verified_seq = True
DeepTMHMM_class = GLOB
structure_exists = 1.0
sequence_matches_structure = False

Attempting prediction for YDR490C
No prediction will be run:
has_verified_seq = True
DeepTMHMM_class = GLOB
structure_exists = 1.0
sequence_matches_structure = False

Attempting prediction for YDR016C
No prediction will be run:
has_verified_seq = True
DeepTMHMM_class = GLOB
structure_exists = 1.0
sequence_matches_structure = False

Attempting prediction for YDR020C
No prediction will be run:
has_verified_seq = True
DeepTMHMM_class = GLOB
structure_exists = 1.0
sequence_matches_structure = False

Attempting prediction for YDR027C
No prediction will be run:
has_verified_seq = True
DeepTMHMM_class = GLOB
structure_exists = 1.0
sequence_matches_structure = False

Attempting prediction for YDR484W
No prediction will be run:
has_verified_seq = True
DeepTMHMM_class = GLOB
structure_exists = 1.0
sequence_matches_structure = False

Attempting prediction for YKR020W
No prediction will be run:
has_verified_seq = True
DeepTMHMM_class = GLOB
structure_exists = 1.0
sequence_matches_structure = False

Attempting prediction for YJL029C
No prediction will be run:
has_verified_seq = True
DeepTMHMM_class = GLOB
structure_exists = 1.0
sequence_matches_structure = False

Attempting prediction for YDR026C
No prediction will be run:
has_verified_seq = True
DeepTMHMM_class = GLOB
structure_exists = 1.0
sequence_matches_structure = False

Attempting prediction for YDR028C
No prediction will be run:
has_verified_seq = True
DeepTMHMM_class = GLOB
structure_exists = 1.0
sequence_matches_structure = False

Attempting prediction for YDR477W
No prediction will be run:
has_verified_seq = True
DeepTMHMM_class = GLOB
structure_exists = 1.0
sequence_matches_structure = False

Attempting prediction for YER027C
No prediction will be run:
has_verified_seq = True
DeepTMHMM_class = GLOB
structure_exists = 1.0
sequence_matches_structure = False

Attempting prediction for YER133W
No prediction will be run:
has_verified_seq = True
DeepTMHMM_class = GLOB
structure_exists = 1.0
sequence_matches_structure = False

Attempting prediction for YML006C
No prediction will be run:
has_verified_seq = True
DeepTMHMM_class = GLOB
structure_exists = 1.0
sequence_matches_structure = False

Attempting prediction for YGL208W
No prediction will be run:
has_verified_seq = True
DeepTMHMM_class = GLOB
structure_exists = 1.0
sequence_matches_structure = False

Attempting prediction for YAL043C
No prediction will be run:
has_verified_seq = True
DeepTMHMM_class = GLOB
structure_exists = 1.0
sequence_matches_structure = False

Attempting prediction for YBR275C
No prediction will be run:
has_verified_seq = True
DeepTMHMM_class = GLOB
structure_exists = 1.0
sequence_matches_structure = False

Attempting prediction for YDL070W
No prediction will be run:
has_verified_seq = True
DeepTMHMM_class = GLOB
structure_exists = 1.0
sequence_matches_structure = False

Attempting prediction for YDR080W
No prediction will be run:
has_verified_seq = True
DeepTMHMM_class = GLOB
structure_exists = 1.0
sequence_matches_structure = False

Attempting prediction for YDL077C
No prediction will be run:
has_verified_seq = True
DeepTMHMM_class = GLOB
structure_exists = 1.0
sequence_matches_structure = False

Attempting prediction for YDR195W
No prediction will be run:
has_verified_seq = True
DeepTMHMM_class = GLOB
structure_exists = 1.0
sequence_matches_structure = False

Attempting prediction for YDR130C
No prediction will be run:
has_verified_seq = True
DeepTMHMM_class = GLOB
structure_exists = 1.0
sequence_matches_structure = False

Attempting prediction for YDR301W
No prediction will be run:
has_verified_seq = True
DeepTMHMM_class = GLOB
structure_exists = 1.0
sequence_matches_structure = False

Attempting prediction for YER107C
No prediction will be run:
has_verified_seq = True
DeepTMHMM_class = GLOB
structure_exists = 1.0
sequence_matches_structure = False

Attempting prediction for YER155C
No prediction will be run:
has_verified_seq = True
DeepTMHMM_class = GLOB
structure_exists = 1.0
sequence_matches_structure = False

Attempting prediction for YGR004W
No prediction will be run:
has_verified_seq = True
DeepTMHMM_class = TM
structure_exists = 1.0
sequence_matches_structure = False

Attempting prediction for YHR207C
No prediction will be run:
has_verified_seq = True
DeepTMHMM_class = GLOB
structure_exists = 1.0
sequence_matches_structure = False

Attempting prediction for YKL018W
No prediction will be run:
has_verified_seq = True
DeepTMHMM_class = GLOB
structure_exists = 1.0
sequence_matches_structure = False

Attempting prediction for YJR093C
No prediction will be run:
has_verified_seq = True
DeepTMHMM_class = GLOB
structure_exists = 1.0
sequence_matches_structure = False

Attempting prediction for YKL059C
No prediction will be run:
has_verified_seq = True
DeepTMHMM_class = GLOB
structure_exists = 1.0
sequence_matches_structure = False

Attempting prediction for YKL035W
No prediction will be run:
has_verified_seq = True
DeepTMHMM_class = GLOB
structure_exists = 1.0
sequence_matches_structure = False

Attempting prediction for YKR002W
No prediction will be run:
has_verified_seq = True
DeepTMHMM_class = GLOB
structure_exists = 1.0
sequence_matches_structure = False

Attempting prediction for YLR115W
No prediction will be run:
has_verified_seq = True
DeepTMHMM_class = GLOB
structure_exists = 1.0
sequence_matches_structure = False

Attempting prediction for YLR277C
No prediction will be run:
has_verified_seq = True
DeepTMHMM_class = GLOB
structure_exists = 1.0
sequence_matches_structure = False

Attempting prediction for YLR148W
No prediction will be run:
has_verified_seq = True
DeepTMHMM_class = GLOB
structure_exists = 1.0
sequence_matches_structure = False

Attempting prediction for YNL317W
No prediction will be run:
has_verified_seq = True
DeepTMHMM_class = GLOB
structure_exists = 1.0
sequence_matches_structure = False

Attempting prediction for YNL233W
No prediction will be run:
has_verified_seq = True
DeepTMHMM_class = GLOB
structure_exists = 1.0
sequence_matches_structure = False

Attempting prediction for YOR227W
No prediction will be run:
has_verified_seq = True
DeepTMHMM_class = GLOB
structure_exists = 1.0
sequence_matches_structure = False

Attempting prediction for YPL137C
No prediction will be run:
has_verified_seq = True
DeepTMHMM_class = GLOB
structure_exists = 1.0
sequence_matches_structure = False

Attempting prediction for YOR329C
No prediction will be run:
has_verified_seq = True
DeepTMHMM_class = GLOB
structure_exists = 1.0
sequence_matches_structure = False

Attempting prediction for YPR107C
No prediction will be run:
has_verified_seq = True
DeepTMHMM_class = GLOB
structure_exists = 1.0
sequence_matches_structure = False

Attempting prediction for YJL172W
No prediction will be run:
has_verified_seq = True
DeepTMHMM_class = TM
structure_exists = 1.0
sequence_matches_structure = False

Attempting prediction for YDR034C
No prediction will be run:
has_verified_seq = True
DeepTMHMM_class = GLOB
structure_exists = 1.0
sequence_matches_structure = False

Attempting prediction for YDR039C;YDR038C
No prediction will be run:
has_verified_seq = False
DeepTMHMM_class = nan
structure_exists = nan
sequence_matches_structure = False

Attempting prediction for YDR046C
No prediction will be run:
has_verified_seq = True
DeepTMHMM_class = TM
structure_exists = 1.0
sequence_matches_structure = False

Attempting prediction for YDR044W
No prediction will be run:
has_verified_seq = True
DeepTMHMM_class = GLOB
structure_exists = 1.0
sequence_matches_structure = False

Attempting prediction for YLL040C
No prediction will be run:
has_verified_seq = True
DeepTMHMM_class = GLOB
structure_exists = nan
sequence_matches_structure = False

Attempting prediction for YDR104C
No prediction will be run:
has_verified_seq = True
DeepTMHMM_class = GLOB
structure_exists = 1.0
sequence_matches_structure = False

Attempting prediction for YLR027C
No prediction will be run:
has_verified_seq = True
DeepTMHMM_class = GLOB
structure_exists = 1.0
sequence_matches_structure = False

Attempting prediction for YDR158W
No prediction will be run:
has_verified_seq = True
DeepTMHMM_class = GLOB
structure_exists = 1.0
sequence_matches_structure = False

Attempting prediction for YDR059C
No prediction will be run:
has_verified_seq = True
DeepTMHMM_class = GLOB
structure_exists = 1.0
sequence_matches_structure = False

Attempting prediction for YJL023C
No prediction will be run:
has_verified_seq = True
DeepTMHMM_class = GLOB
structure_exists = 1.0
sequence_matches_structure = False

Attempting prediction for YLL033W
No prediction will be run:
has_verified_seq = True
DeepTMHMM_class = GLOB
structure_exists = 1.0
sequence_matches_structure = False

Attempting prediction for YDR070C
No prediction will be run:
has_verified_seq = True
DeepTMHMM_class = GLOB
structure_exists = 1.0
sequence_matches_structure = False

Attempting prediction for YDR077W
No prediction will be run:
has_verified_seq = True
DeepTMHMM_class = SP
structure_exists = 1.0
sequence_matches_structure = False

Attempting prediction for YER156C
No prediction will be run:
has_verified_seq = True
DeepTMHMM_class = GLOB
structure_exists = 1.0
sequence_matches_structure = False

Attempting prediction for YNL049C
No prediction will be run:
has_verified_seq = True
DeepTMHMM_class = GLOB
structure_exists = 1.0
sequence_matches_structure = False

Attempting prediction for YDR079C-A
No prediction will be run:
has_verified_seq = True
DeepTMHMM_class = GLOB
structure_exists = 1.0
sequence_matches_structure = False

Attempting prediction for YDR081C
No prediction will be run:
has_verified_seq = True
DeepTMHMM_class = GLOB
structure_exists = 1.0
sequence_matches_structure = False

Attempting prediction for YDR096W
No prediction will be run:
has_verified_seq = True
DeepTMHMM_class = GLOB
structure_exists = 1.0
sequence_matches_structure = False

Attempting prediction for YDR090C
No prediction will be run:
has_verified_seq = True
DeepTMHMM_class = TM
structure_exists = 1.0
sequence_matches_structure = False

Attempting prediction for YPL007C
No prediction will be run:
has_verified_seq = True
DeepTMHMM_class = GLOB
structure_exists = 1.0
sequence_matches_structure = False

Attempting prediction for YGL071W
No prediction will be run:
has_verified_seq = True
DeepTMHMM_class = GLOB
structure_exists = 1.0
sequence_matches_structure = False

Attempting prediction for YPR048W
No prediction will be run:
has_verified_seq = True
DeepTMHMM_class = GLOB
structure_exists = 1.0
sequence_matches_structure = False

Attempting prediction for YHR186C
No prediction will be run:
has_verified_seq = True
DeepTMHMM_class = GLOB
structure_exists = 1.0
sequence_matches_structure = False

Attempting prediction for YKR058W
No prediction will be run:
has_verified_seq = True
DeepTMHMM_class = GLOB
structure_exists = 1.0
sequence_matches_structure = False

Attempting prediction for YER045C
No prediction will be run:
has_verified_seq = True
DeepTMHMM_class = GLOB
structure_exists = 1.0
sequence_matches_structure = False

Attempting prediction for YOR043W
No prediction will be run:
has_verified_seq = True
DeepTMHMM_class = GLOB
structure_exists = 1.0
sequence_matches_structure = False

Attempting prediction for YLL010C
No prediction will be run:
has_verified_seq = True
DeepTMHMM_class = GLOB
structure_exists = 1.0
sequence_matches_structure = False

Attempting prediction for YJL020C
No prediction will be run:
has_verified_seq = True
DeepTMHMM_class = GLOB
structure_exists = 1.0
sequence_matches_structure = False

Attempting prediction for YKL007W
No prediction will be run:
has_verified_seq = True
DeepTMHMM_class = GLOB
structure_exists = 1.0
sequence_matches_structure = False

Attempting prediction for YOR264W
No prediction will be run:
has_verified_seq = True
DeepTMHMM_class = GLOB
structure_exists = 1.0
sequence_matches_structure = False

Attempting prediction for YCL030C
No prediction will be run:
has_verified_seq = True
DeepTMHMM_class = GLOB
structure_exists = 1.0
sequence_matches_structure = False

Attempting prediction for YGL075C
No prediction will be run:
has_verified_seq = True
DeepTMHMM_class = TM
structure_exists = 1.0
sequence_matches_structure = False

Attempting prediction for YDR105C
No prediction will be run:
has_verified_seq = True
DeepTMHMM_class = TM
structure_exists = 1.0
sequence_matches_structure = False

Attempting prediction for YDR111C
No prediction will be run:
has_verified_seq = True
DeepTMHMM_class = GLOB
structure_exists = 1.0
sequence_matches_structure = False

Attempting prediction for YDR127W
No prediction will be run:
has_verified_seq = True
DeepTMHMM_class = GLOB
structure_exists = 1.0
sequence_matches_structure = False

Attempting prediction for YOL130W
No prediction will be run:
has_verified_seq = True
DeepTMHMM_class = TM
structure_exists = 1.0
sequence_matches_structure = False

Attempting prediction for YDR137W
No prediction will be run:
has_verified_seq = True
DeepTMHMM_class = GLOB
structure_exists = 1.0
sequence_matches_structure = False

Attempting prediction for YLR039C
No prediction will be run:
has_verified_seq = True
DeepTMHMM_class = GLOB
structure_exists = 1.0
sequence_matches_structure = False

Attempting prediction for YDR132C
No prediction will be run:
has_verified_seq = True
DeepTMHMM_class = GLOB
structure_exists = 1.0
sequence_matches_structure = False

Attempting prediction for YNL004W
No prediction will be run:
has_verified_seq = True
DeepTMHMM_class = GLOB
structure_exists = 1.0
sequence_matches_structure = False

Attempting prediction for YDR140W
No prediction will be run:
has_verified_seq = True
DeepTMHMM_class = GLOB
structure_exists = 1.0
sequence_matches_structure = False

Attempting prediction for YDR147W
No prediction will be run:
has_verified_seq = True
DeepTMHMM_class = GLOB
structure_exists = 1.0
sequence_matches_structure = False

Attempting prediction for YDR150W
No prediction will be run:
has_verified_seq = True
DeepTMHMM_class = GLOB
structure_exists = nan
sequence_matches_structure = False

Attempting prediction for YGR097W
No prediction will be run:
has_verified_seq = True
DeepTMHMM_class = GLOB
structure_exists = 1.0
sequence_matches_structure = False

Attempting prediction for YNL154C
No prediction will be run:
has_verified_seq = True
DeepTMHMM_class = GLOB
structure_exists = 1.0
sequence_matches_structure = False

Attempting prediction for YDR152W
No prediction will be run:
has_verified_seq = True
DeepTMHMM_class = GLOB
structure_exists = 1.0
sequence_matches_structure = False

Attempting prediction for YPR029C
No prediction will be run:
has_verified_seq = True
DeepTMHMM_class = GLOB
structure_exists = 1.0
sequence_matches_structure = False

Attempting prediction for YLR170C
No prediction will be run:
has_verified_seq = True
DeepTMHMM_class = GLOB
structure_exists = 1.0
sequence_matches_structure = False

Attempting prediction for YDR153C
No prediction will be run:
has_verified_seq = True
DeepTMHMM_class = GLOB
structure_exists = 1.0
sequence_matches_structure = False

Attempting prediction for YJR027W
No prediction will be run:
has_verified_seq = True
DeepTMHMM_class = GLOB
structure_exists = 1.0
sequence_matches_structure = False

Attempting prediction for YJR029W
No prediction will be run:
has_verified_seq = True
DeepTMHMM_class = GLOB
structure_exists = 1.0
sequence_matches_structure = False

Attempting prediction for YOL103W-B
No prediction will be run:
has_verified_seq = True
DeepTMHMM_class = GLOB
structure_exists = 1.0
sequence_matches_structure = False

Attempting prediction for YML039W
No prediction will be run:
has_verified_seq = True
DeepTMHMM_class = GLOB
structure_exists = 1.0
sequence_matches_structure = False

Attempting prediction for YPR158C-D
No prediction will be run:
has_verified_seq = True
DeepTMHMM_class = GLOB
structure_exists = 1.0
sequence_matches_structure = False

Attempting prediction for YHR149C
No prediction will be run:
has_verified_seq = True
DeepTMHMM_class = SP+TM
structure_exists = 1.0
sequence_matches_structure = False

Attempting prediction for YIL056W
No prediction will be run:
has_verified_seq = True
DeepTMHMM_class = GLOB
structure_exists = 1.0
sequence_matches_structure = False

Attempting prediction for YLR256W-B
No prediction will be run:
has_verified_seq = False
DeepTMHMM_class = nan
structure_exists = nan
sequence_matches_structure = False

Attempting prediction for YDR156W
No prediction will be run:
has_verified_seq = True
DeepTMHMM_class = GLOB
structure_exists = 1.0
sequence_matches_structure = False

Attempting prediction for YDR169C
No prediction will be run:
has_verified_seq = True
DeepTMHMM_class = GLOB
structure_exists = 1.0
sequence_matches_structure = False

Attempting prediction for YDR168W
No prediction will be run:
has_verified_seq = True
DeepTMHMM_class = GLOB
structure_exists = 1.0
sequence_matches_structure = False

Attempting prediction for YJR083C
No prediction will be run:
has_verified_seq = True
DeepTMHMM_class = GLOB
structure_exists = 1.0
sequence_matches_structure = False

Attempting prediction for YDR170W-A
No prediction will be run:
has_verified_seq = True
DeepTMHMM_class = GLOB
structure_exists = 1.0
sequence_matches_structure = False

Attempting prediction for YDR177W
No prediction will be run:
has_verified_seq = True
DeepTMHMM_class = GLOB
structure_exists = 1.0
sequence_matches_structure = False

Attempting prediction for YDR178W
No prediction will be run:
has_verified_seq = True
DeepTMHMM_class = TM
structure_exists = 1.0
sequence_matches_structure = False

Attempting prediction for YDR180W
No prediction will be run:
has_verified_seq = True
DeepTMHMM_class = GLOB
structure_exists = 1.0
sequence_matches_structure = False

Attempting prediction for YER147C
No prediction will be run:
has_verified_seq = True
DeepTMHMM_class = GLOB
structure_exists = 1.0
sequence_matches_structure = False

Attempting prediction for YKL040C
No prediction will be run:
has_verified_seq = True
DeepTMHMM_class = GLOB
structure_exists = 1.0
sequence_matches_structure = False

Attempting prediction for YJL045W
No prediction will be run:
has_verified_seq = True
DeepTMHMM_class = GLOB
structure_exists = 1.0
sequence_matches_structure = False

Attempting prediction for YLR078C
No prediction will be run:
has_verified_seq = True
DeepTMHMM_class = TM
structure_exists = 1.0
sequence_matches_structure = False

Attempting prediction for YLR026C
No prediction will be run:
has_verified_seq = True
DeepTMHMM_class = TM
structure_exists = 1.0
sequence_matches_structure = False

Attempting prediction for YDR183W
No prediction will be run:
has_verified_seq = True
DeepTMHMM_class = GLOB
structure_exists = 1.0
sequence_matches_structure = False

Attempting prediction for YDR196C
No prediction will be run:
has_verified_seq = True
DeepTMHMM_class = GLOB
structure_exists = 1.0
sequence_matches_structure = False

Attempting prediction for YPR019W
No prediction will be run:
has_verified_seq = True
DeepTMHMM_class = GLOB
structure_exists = 1.0
sequence_matches_structure = False

Attempting prediction for YLR201C
No prediction will be run:
has_verified_seq = True
DeepTMHMM_class = GLOB
structure_exists = 1.0
sequence_matches_structure = False

Attempting prediction for YDR197W
No prediction will be run:
has_verified_seq = True
DeepTMHMM_class = GLOB
structure_exists = 1.0
sequence_matches_structure = False

Attempting prediction for YDR205W
No prediction will be run:
has_verified_seq = True
DeepTMHMM_class = TM
structure_exists = 1.0
sequence_matches_structure = False

Attempting prediction for YAL041W
No prediction will be run:
has_verified_seq = True
DeepTMHMM_class = GLOB
structure_exists = 1.0
sequence_matches_structure = False

Attempting prediction for YER033C
No prediction will be run:
has_verified_seq = True
DeepTMHMM_class = GLOB
structure_exists = 1.0
sequence_matches_structure = False

Attempting prediction for YER088C
No prediction will be run:
has_verified_seq = True
DeepTMHMM_class = GLOB
structure_exists = 1.0
sequence_matches_structure = False

Attempting prediction for YDR211W
No prediction will be run:
has_verified_seq = True
DeepTMHMM_class = GLOB
structure_exists = 1.0
sequence_matches_structure = False

Attempting prediction for YDR210W
No prediction will be run:
has_verified_seq = True
DeepTMHMM_class = GLOB
structure_exists = 1.0
sequence_matches_structure = False

Attempting prediction for YER052C
No prediction will be run:
has_verified_seq = True
DeepTMHMM_class = GLOB
structure_exists = 1.0
sequence_matches_structure = False

Attempting prediction for YGL009C
No prediction will be run:
has_verified_seq = True
DeepTMHMM_class = GLOB
structure_exists = 1.0
sequence_matches_structure = False

Attempting prediction for YDR213W
No prediction will be run:
has_verified_seq = True
DeepTMHMM_class = GLOB
structure_exists = 1.0
sequence_matches_structure = False

Attempting prediction for YDR221W
No prediction will be run:
has_verified_seq = True
DeepTMHMM_class = SP
structure_exists = 1.0
sequence_matches_structure = False

Attempting prediction for YDR217C
No prediction will be run:
has_verified_seq = True
DeepTMHMM_class = GLOB
structure_exists = 1.0
sequence_matches_structure = False

Attempting prediction for YDR224C
No prediction will be run:
has_verified_seq = True
DeepTMHMM_class = GLOB
structure_exists = 1.0
sequence_matches_structure = False

Attempting prediction for YAL011W
No prediction will be run:
has_verified_seq = True
DeepTMHMM_class = GLOB
structure_exists = 1.0
sequence_matches_structure = False

Attempting prediction for YBL052C
No prediction will be run:
has_verified_seq = True
DeepTMHMM_class = GLOB
structure_exists = 1.0
sequence_matches_structure = False

Attempting prediction for YBR060C
No prediction will be run:
has_verified_seq = True
DeepTMHMM_class = GLOB
structure_exists = 1.0
sequence_matches_structure = False

Attempting prediction for YBR087W
No prediction will be run:
has_verified_seq = True
DeepTMHMM_class = GLOB
structure_exists = 1.0
sequence_matches_structure = False

Attempting prediction for YBR114W
No prediction will be run:
has_verified_seq = True
DeepTMHMM_class = GLOB
structure_exists = 1.0
sequence_matches_structure = False

Attempting prediction for YBR231C
No prediction will be run:
has_verified_seq = True
DeepTMHMM_class = GLOB
structure_exists = 1.0
sequence_matches_structure = False

Attempting prediction for YDL156W
No prediction will be run:
has_verified_seq = True
DeepTMHMM_class = GLOB
structure_exists = 1.0
sequence_matches_structure = False

Attempting prediction for YDR485C
No prediction will be run:
has_verified_seq = True
DeepTMHMM_class = GLOB
structure_exists = 1.0
sequence_matches_structure = False

Attempting prediction for YFR013W
No prediction will be run:
has_verified_seq = True
DeepTMHMM_class = GLOB
structure_exists = 1.0
sequence_matches_structure = False

Attempting prediction for YGL241W
No prediction will be run:
has_verified_seq = True
DeepTMHMM_class = GLOB
structure_exists = 1.0
sequence_matches_structure = False

Attempting prediction for YGR245C
No prediction will be run:
has_verified_seq = True
DeepTMHMM_class = GLOB
structure_exists = 1.0
sequence_matches_structure = False

Attempting prediction for YHR118C
No prediction will be run:
has_verified_seq = True
DeepTMHMM_class = GLOB
structure_exists = 1.0
sequence_matches_structure = False

Attempting prediction for YKL005C
No prediction will be run:
has_verified_seq = True
DeepTMHMM_class = GLOB
structure_exists = 1.0
sequence_matches_structure = False

Attempting prediction for YJR144W
No prediction will be run:
has_verified_seq = True
DeepTMHMM_class = GLOB
structure_exists = 1.0
sequence_matches_structure = False

Attempting prediction for YKL089W
No prediction will be run:
has_verified_seq = True
DeepTMHMM_class = GLOB
structure_exists = 1.0
sequence_matches_structure = False

Attempting prediction for YKL114C
No prediction will be run:
has_verified_seq = True
DeepTMHMM_class = GLOB
structure_exists = 1.0
sequence_matches_structure = False

Attempting prediction for YLL004W
No prediction will be run:
has_verified_seq = True
DeepTMHMM_class = GLOB
structure_exists = 1.0
sequence_matches_structure = False

Attempting prediction for YLR085C
No prediction will be run:
has_verified_seq = True
DeepTMHMM_class = GLOB
structure_exists = 1.0
sequence_matches_structure = False

Attempting prediction for YLR385C
No prediction will be run:
has_verified_seq = True
DeepTMHMM_class = SP
structure_exists = 1.0
sequence_matches_structure = False

Attempting prediction for YML041C
No prediction will be run:
has_verified_seq = True
DeepTMHMM_class = GLOB
structure_exists = 1.0
sequence_matches_structure = False

Attempting prediction for YML065W
No prediction will be run:
has_verified_seq = True
DeepTMHMM_class = GLOB
structure_exists = 1.0
sequence_matches_structure = False

Attempting prediction for YMR044W
No prediction will be run:
has_verified_seq = True
DeepTMHMM_class = GLOB
structure_exists = 1.0
sequence_matches_structure = False

Attempting prediction for YMR075W
No prediction will be run:
has_verified_seq = True
DeepTMHMM_class = GLOB
structure_exists = 1.0
sequence_matches_structure = False

Attempting prediction for YNL107W
No prediction will be run:
has_verified_seq = True
DeepTMHMM_class = GLOB
structure_exists = 1.0
sequence_matches_structure = False

Attempting prediction for YNL206C
No prediction will be run:
has_verified_seq = True
DeepTMHMM_class = GLOB
structure_exists = 1.0
sequence_matches_structure = False

Attempting prediction for YNL261W
No prediction will be run:
has_verified_seq = True
DeepTMHMM_class = GLOB
structure_exists = 1.0
sequence_matches_structure = False

Attempting prediction for YOL012C
No prediction will be run:
has_verified_seq = True
DeepTMHMM_class = GLOB
structure_exists = 1.0
sequence_matches_structure = False

Attempting prediction for YOL054W
No prediction will be run:
has_verified_seq = True
DeepTMHMM_class = GLOB
structure_exists = 1.0
sequence_matches_structure = False

Attempting prediction for YOR217W
No prediction will be run:
has_verified_seq = True
DeepTMHMM_class = GLOB
structure_exists = 1.0
sequence_matches_structure = False

Attempting prediction for YOR386W
No prediction will be run:
has_verified_seq = True
DeepTMHMM_class = GLOB
structure_exists = 1.0
sequence_matches_structure = False

Attempting prediction for YPR031W
No prediction will be run:
has_verified_seq = True
DeepTMHMM_class = GLOB
structure_exists = 1.0
sequence_matches_structure = False

Attempting prediction for YPR162C
No prediction will be run:
has_verified_seq = True
DeepTMHMM_class = GLOB
structure_exists = 1.0
sequence_matches_structure = False

Attempting prediction for YDR228C
No prediction will be run:
has_verified_seq = True
DeepTMHMM_class = GLOB
structure_exists = 1.0
sequence_matches_structure = False

Attempting prediction for YGL044C
No prediction will be run:
has_verified_seq = True
DeepTMHMM_class = GLOB
structure_exists = 1.0
sequence_matches_structure = False

Attempting prediction for YOR250C
No prediction will be run:
has_verified_seq = True
DeepTMHMM_class = GLOB
structure_exists = 1.0
sequence_matches_structure = False

Attempting prediction for YMR061W
No prediction will be run:
has_verified_seq = True
DeepTMHMM_class = GLOB
structure_exists = 1.0
sequence_matches_structure = False

Attempting prediction for YGR136W
No prediction will be run:
has_verified_seq = True
DeepTMHMM_class = GLOB
structure_exists = 1.0
sequence_matches_structure = False

Attempting prediction for YDR232W
No prediction will be run:
has_verified_seq = True
DeepTMHMM_class = GLOB
structure_exists = 1.0
sequence_matches_structure = False

Attempting prediction for YHR117W
No prediction will be run:
has_verified_seq = True
DeepTMHMM_class = GLOB
structure_exists = 1.0
sequence_matches_structure = False

Attempting prediction for YGR235C
No prediction will be run:
has_verified_seq = True
DeepTMHMM_class = TM
structure_exists = 1.0
sequence_matches_structure = False

Attempting prediction for YDR236C
No prediction will be run:
has_verified_seq = True
DeepTMHMM_class = SP+TM
structure_exists = 1.0
sequence_matches_structure = False

Attempting prediction for YDR244W
No prediction will be run:
has_verified_seq = True
DeepTMHMM_class = GLOB
structure_exists = 1.0
sequence_matches_structure = False

Attempting prediction for YDR243C
No prediction will be run:
has_verified_seq = True
DeepTMHMM_class = GLOB
structure_exists = 1.0
sequence_matches_structure = False

Attempting prediction for YLR191W
No prediction will be run:
has_verified_seq = True
DeepTMHMM_class = GLOB
structure_exists = 1.0
sequence_matches_structure = False

Attempting prediction for YNL214W
No prediction will be run:
has_verified_seq = True
DeepTMHMM_class = TM
structure_exists = 1.0
sequence_matches_structure = False

Attempting prediction for YMR026C
No prediction will be run:
has_verified_seq = True
DeepTMHMM_class = GLOB
structure_exists = 1.0
sequence_matches_structure = False

Attempting prediction for YDR257C
No prediction will be run:
has_verified_seq = True
DeepTMHMM_class = GLOB
structure_exists = 1.0
sequence_matches_structure = False

Attempting prediction for YER049W
No prediction will be run:
has_verified_seq = True
DeepTMHMM_class = GLOB
structure_exists = 1.0
sequence_matches_structure = False

Attempting prediction for YGL039W
No prediction will be run:
has_verified_seq = True
DeepTMHMM_class = GLOB
structure_exists = 1.0
sequence_matches_structure = False

Attempting prediction for YJL145W
No prediction will be run:
has_verified_seq = True
DeepTMHMM_class = GLOB
structure_exists = 1.0
sequence_matches_structure = False

Attempting prediction for YNL001W
No prediction will be run:
has_verified_seq = True
DeepTMHMM_class = GLOB
structure_exists = 1.0
sequence_matches_structure = False

Attempting prediction for YJR102C
No prediction will be run:
has_verified_seq = True
DeepTMHMM_class = GLOB
structure_exists = 1.0
sequence_matches_structure = False

Attempting prediction for YPL002C
No prediction will be run:
has_verified_seq = True
DeepTMHMM_class = GLOB
structure_exists = 1.0
sequence_matches_structure = False

Attempting prediction for YDR265W
No prediction will be run:
has_verified_seq = True
DeepTMHMM_class = GLOB
structure_exists = 1.0
sequence_matches_structure = False

Attempting prediction for YDR267C
No prediction will be run:
has_verified_seq = True
DeepTMHMM_class = GLOB
structure_exists = 1.0
sequence_matches_structure = False

Attempting prediction for YHR122W
No prediction will be run:
has_verified_seq = True
DeepTMHMM_class = GLOB
structure_exists = 1.0
sequence_matches_structure = False

Attempting prediction for YMR313C
No prediction will be run:
has_verified_seq = True
DeepTMHMM_class = GLOB
structure_exists = 1.0
sequence_matches_structure = False

Attempting prediction for YOR081C
No prediction will be run:
has_verified_seq = True
DeepTMHMM_class = GLOB
structure_exists = 1.0
sequence_matches_structure = False

Attempting prediction for YDR275W
No prediction will be run:
has_verified_seq = True
DeepTMHMM_class = TM
structure_exists = 1.0
sequence_matches_structure = False

Attempting prediction for YLR154C
No prediction will be run:
has_verified_seq = True
DeepTMHMM_class = GLOB
structure_exists = 1.0
sequence_matches_structure = False

Attempting prediction for YNL072W
No prediction will be run:
has_verified_seq = True
DeepTMHMM_class = GLOB
structure_exists = 1.0
sequence_matches_structure = False

Attempting prediction for YDR279W
No prediction will be run:
has_verified_seq = True
DeepTMHMM_class = GLOB
structure_exists = 1.0
sequence_matches_structure = False

Attempting prediction for YDR291W
No prediction will be run:
has_verified_seq = True
DeepTMHMM_class = GLOB
structure_exists = 1.0
sequence_matches_structure = False

Attempting prediction for YDR293C
No prediction will be run:
has_verified_seq = True
DeepTMHMM_class = GLOB
structure_exists = 1.0
sequence_matches_structure = False

Attempting prediction for YIL129C
No prediction will be run:
has_verified_seq = True
DeepTMHMM_class = GLOB
structure_exists = 1.0
sequence_matches_structure = False

Attempting prediction for YDR294C
No prediction will be run:
has_verified_seq = True
DeepTMHMM_class = TM
structure_exists = 1.0
sequence_matches_structure = False

Attempting prediction for YNL021W
No prediction will be run:
has_verified_seq = True
DeepTMHMM_class = GLOB
structure_exists = 1.0
sequence_matches_structure = False

Attempting prediction for YPR179C
No prediction will be run:
has_verified_seq = True
DeepTMHMM_class = GLOB
structure_exists = 1.0
sequence_matches_structure = False

Attempting prediction for YDR295C
No prediction will be run:
has_verified_seq = True
DeepTMHMM_class = GLOB
structure_exists = 1.0
sequence_matches_structure = False

Attempting prediction for YDR300C
No prediction will be run:
has_verified_seq = True
DeepTMHMM_class = GLOB
structure_exists = 1.0
sequence_matches_structure = False

Attempting prediction for YJL062W
No prediction will be run:
has_verified_seq = True
DeepTMHMM_class = TM
structure_exists = 1.0
sequence_matches_structure = False

Attempting prediction for YDR302W
No prediction will be run:
has_verified_seq = True
DeepTMHMM_class = TM
structure_exists = 1.0
sequence_matches_structure = False

Attempting prediction for YPL138C
No prediction will be run:
has_verified_seq = True
DeepTMHMM_class = GLOB
structure_exists = 1.0
sequence_matches_structure = False

Attempting prediction for YLL031C
No prediction will be run:
has_verified_seq = True
DeepTMHMM_class = TM
structure_exists = 1.0
sequence_matches_structure = False

Attempting prediction for YDR307W
No prediction will be run:
has_verified_seq = True
DeepTMHMM_class = TM
structure_exists = 1.0
sequence_matches_structure = False

Attempting prediction for YGR199W
No prediction will be run:
has_verified_seq = True
DeepTMHMM_class = TM
structure_exists = 1.0
sequence_matches_structure = False

Attempting prediction for YDR316W
No prediction will be run:
has_verified_seq = True
DeepTMHMM_class = TM
structure_exists = 1.0
sequence_matches_structure = False

Attempting prediction for YGR019W
No prediction will be run:
has_verified_seq = True
DeepTMHMM_class = GLOB
structure_exists = 1.0
sequence_matches_structure = False

Attempting prediction for YDR381C-A
No prediction will be run:
has_verified_seq = True
DeepTMHMM_class = GLOB
structure_exists = 1.0
sequence_matches_structure = False

Attempting prediction for YLR381W
No prediction will be run:
has_verified_seq = True
DeepTMHMM_class = GLOB
structure_exists = 1.0
sequence_matches_structure = False

Attempting prediction for YDR323C
No prediction will be run:
has_verified_seq = True
DeepTMHMM_class = GLOB
structure_exists = 1.0
sequence_matches_structure = False

Attempting prediction for YGL095C
No prediction will be run:
has_verified_seq = True
DeepTMHMM_class = GLOB
structure_exists = 1.0
sequence_matches_structure = False

Attempting prediction for YDR434W
No prediction will be run:
has_verified_seq = True
DeepTMHMM_class = TM
structure_exists = 1.0
sequence_matches_structure = False

Attempting prediction for YHR188C
No prediction will be run:
has_verified_seq = True
DeepTMHMM_class = SP+TM
structure_exists = 1.0
sequence_matches_structure = False

Attempting prediction for YJL139C
No prediction will be run:
has_verified_seq = True
DeepTMHMM_class = SP
structure_exists = 1.0
sequence_matches_structure = False

Attempting prediction for YDR331W
No prediction will be run:
has_verified_seq = True
DeepTMHMM_class = SP+TM
structure_exists = 1.0
sequence_matches_structure = False

Attempting prediction for YDR335W
No prediction will be run:
has_verified_seq = True
DeepTMHMM_class = GLOB
structure_exists = 1.0
sequence_matches_structure = False

Attempting prediction for YDR332W
No prediction will be run:
has_verified_seq = True
DeepTMHMM_class = GLOB
structure_exists = 1.0
sequence_matches_structure = False

Attempting prediction for YDR345C
No prediction will be run:
has_verified_seq = True
DeepTMHMM_class = TM
structure_exists = 1.0
sequence_matches_structure = False

Attempting prediction for YDR343C
No prediction will be run:
has_verified_seq = True
DeepTMHMM_class = TM
structure_exists = 1.0
sequence_matches_structure = False

Attempting prediction for YJL019W
No prediction will be run:
has_verified_seq = True
DeepTMHMM_class = TM
structure_exists = 1.0
sequence_matches_structure = False

Attempting prediction for YDR346C
No prediction will be run:
has_verified_seq = True
DeepTMHMM_class = GLOB
structure_exists = 1.0
sequence_matches_structure = False

Attempting prediction for YDR349C
No prediction will be run:
has_verified_seq = True
DeepTMHMM_class = SP
structure_exists = 1.0
sequence_matches_structure = False

Attempting prediction for YIL147C
No prediction will be run:
has_verified_seq = True
DeepTMHMM_class = TM
structure_exists = 1.0
sequence_matches_structure = False

Attempting prediction for YDR350C
No prediction will be run:
has_verified_seq = True
DeepTMHMM_class = GLOB
structure_exists = 1.0
sequence_matches_structure = False

Attempting prediction for YDR352W
No prediction will be run:
has_verified_seq = True
DeepTMHMM_class = TM
structure_exists = 1.0
sequence_matches_structure = False

Attempting prediction for YNL054W
No prediction will be run:
has_verified_seq = True
DeepTMHMM_class = TM
structure_exists = 1.0
sequence_matches_structure = False

Attempting prediction for YHR106W
No prediction will be run:
has_verified_seq = True
DeepTMHMM_class = GLOB
structure_exists = 1.0
sequence_matches_structure = False

Attempting prediction for YDR353W
No prediction will be run:
has_verified_seq = True
DeepTMHMM_class = GLOB
structure_exists = 1.0
sequence_matches_structure = False

Attempting prediction for YPR045C
No prediction will be run:
has_verified_seq = True
DeepTMHMM_class = GLOB
structure_exists = 1.0
sequence_matches_structure = False

Attempting prediction for YDR367W
No prediction will be run:
has_verified_seq = True
DeepTMHMM_class = TM
structure_exists = 1.0
sequence_matches_structure = False

Attempting prediction for YIR009W
No prediction will be run:
has_verified_seq = True
DeepTMHMM_class = GLOB
structure_exists = 1.0
sequence_matches_structure = False

Attempting prediction for YPL213W
No prediction will be run:
has_verified_seq = True
DeepTMHMM_class = GLOB
structure_exists = 1.0
sequence_matches_structure = False

Attempting prediction for YDR368W
No prediction will be run:
has_verified_seq = True
DeepTMHMM_class = GLOB
structure_exists = 1.0
sequence_matches_structure = False

Attempting prediction for YDR369C
No prediction will be run:
has_verified_seq = True
DeepTMHMM_class = GLOB
structure_exists = 1.0
sequence_matches_structure = False

Attempting prediction for YMR224C
No prediction will be run:
has_verified_seq = True
DeepTMHMM_class = GLOB
structure_exists = 1.0
sequence_matches_structure = False

Attempting prediction for YDR370C
No prediction will be run:
has_verified_seq = True
DeepTMHMM_class = GLOB
structure_exists = 1.0
sequence_matches_structure = False

Attempting prediction for YDR373W
No prediction will be run:
has_verified_seq = True
DeepTMHMM_class = GLOB
structure_exists = 1.0
sequence_matches_structure = False

Attempting prediction for YDR379C-A
No prediction will be run:
has_verified_seq = True
DeepTMHMM_class = GLOB
structure_exists = 1.0
sequence_matches_structure = False

Attempting prediction for YDR377W
No prediction will be run:
has_verified_seq = True
DeepTMHMM_class = TM
structure_exists = 1.0
sequence_matches_structure = False

Attempting prediction for YGL064C
No prediction will be run:
has_verified_seq = True
DeepTMHMM_class = GLOB
structure_exists = 1.0
sequence_matches_structure = False

Attempting prediction for YMR039C
No prediction will be run:
has_verified_seq = True
DeepTMHMM_class = GLOB
structure_exists = 1.0
sequence_matches_structure = False

Attempting prediction for YKL157W
No prediction will be run:
has_verified_seq = True
DeepTMHMM_class = GLOB
structure_exists = 1.0
sequence_matches_structure = False

Attempting prediction for YIL079C
No prediction will be run:
has_verified_seq = True
DeepTMHMM_class = GLOB
structure_exists = 1.0
sequence_matches_structure = False

Attempting prediction for YLR432W
No prediction will be run:
has_verified_seq = True
DeepTMHMM_class = GLOB
structure_exists = 1.0
sequence_matches_structure = False

Attempting prediction for YDR390C
No prediction will be run:
has_verified_seq = True
DeepTMHMM_class = GLOB
structure_exists = 1.0
sequence_matches_structure = False

Attempting prediction for YPR180W
No prediction will be run:
has_verified_seq = True
DeepTMHMM_class = GLOB
structure_exists = 1.0
sequence_matches_structure = False

Attempting prediction for YKR019C
No prediction will be run:
has_verified_seq = True
DeepTMHMM_class = GLOB
structure_exists = 1.0
sequence_matches_structure = False

Attempting prediction for YDR399W
No prediction will be run:
has_verified_seq = True
DeepTMHMM_class = GLOB
structure_exists = 1.0
sequence_matches_structure = False

Attempting prediction for YDR411C
No prediction will be run:
has_verified_seq = True
DeepTMHMM_class = TM
structure_exists = 1.0
sequence_matches_structure = False

Attempting prediction for YDR400W
No prediction will be run:
has_verified_seq = True
DeepTMHMM_class = GLOB
structure_exists = 1.0
sequence_matches_structure = False

Attempting prediction for YDR419W
No prediction will be run:
has_verified_seq = True
DeepTMHMM_class = GLOB
structure_exists = 1.0
sequence_matches_structure = False

Attempting prediction for YDR418W
No prediction will be run:
has_verified_seq = True
DeepTMHMM_class = GLOB
structure_exists = 1.0
sequence_matches_structure = False

Attempting prediction for YER063W
No prediction will be run:
has_verified_seq = True
DeepTMHMM_class = GLOB
structure_exists = 1.0
sequence_matches_structure = False

Attempting prediction for YLR448W
No prediction will be run:
has_verified_seq = True
DeepTMHMM_class = GLOB
structure_exists = 1.0
sequence_matches_structure = False

Attempting prediction for YML073C
No prediction will be run:
has_verified_seq = True
DeepTMHMM_class = GLOB
structure_exists = 1.0
sequence_matches_structure = False

Attempting prediction for YDR421W
No prediction will be run:
has_verified_seq = True
DeepTMHMM_class = GLOB
structure_exists = 1.0
sequence_matches_structure = False

Attempting prediction for YOR101W
No prediction will be run:
has_verified_seq = True
DeepTMHMM_class = GLOB
structure_exists = 1.0
sequence_matches_structure = False

Attempting prediction for YDR425W
No prediction will be run:
has_verified_seq = True
DeepTMHMM_class = GLOB
structure_exists = 1.0
sequence_matches_structure = False

Attempting prediction for YML106W
No prediction will be run:
has_verified_seq = True
DeepTMHMM_class = GLOB
structure_exists = 1.0
sequence_matches_structure = False

Attempting prediction for YKR072C
No prediction will be run:
has_verified_seq = True
DeepTMHMM_class = GLOB
structure_exists = 1.0
sequence_matches_structure = False

Attempting prediction for YML016C
No prediction will be run:
has_verified_seq = True
DeepTMHMM_class = GLOB
structure_exists = 1.0
sequence_matches_structure = False

Attempting prediction for YOR054C
No prediction will be run:
has_verified_seq = True
DeepTMHMM_class = GLOB
structure_exists = 1.0
sequence_matches_structure = False

Attempting prediction for YKL088W
No prediction will be run:
has_verified_seq = True
DeepTMHMM_class = GLOB
structure_exists = 1.0
sequence_matches_structure = False

Attempting prediction for YDR437W
No prediction will be run:
has_verified_seq = True
DeepTMHMM_class = TM
structure_exists = 1.0
sequence_matches_structure = False

Attempting prediction for YGR216C
No prediction will be run:
has_verified_seq = True
DeepTMHMM_class = TM
structure_exists = 1.0
sequence_matches_structure = False

Attempting prediction for YDR439W
No prediction will be run:
has_verified_seq = True
DeepTMHMM_class = GLOB
structure_exists = 1.0
sequence_matches_structure = False

Attempting prediction for YDR441C
No prediction will be run:
has_verified_seq = True
DeepTMHMM_class = GLOB
structure_exists = 1.0
sequence_matches_structure = False

Attempting prediction for YDR450W
No prediction will be run:
has_verified_seq = True
DeepTMHMM_class = GLOB
structure_exists = 1.0
sequence_matches_structure = False

Attempting prediction for YDR447C
No prediction will be run:
has_verified_seq = True
DeepTMHMM_class = GLOB
structure_exists = 1.0
sequence_matches_structure = False

Attempting prediction for YDR385W
No prediction will be run:
has_verified_seq = True
DeepTMHMM_class = GLOB
structure_exists = 1.0
sequence_matches_structure = False

Attempting prediction for YDR453C
No prediction will be run:
has_verified_seq = True
DeepTMHMM_class = GLOB
structure_exists = 1.0
sequence_matches_structure = False

Attempting prediction for YDR456W
No prediction will be run:
has_verified_seq = True
DeepTMHMM_class = SP+TM
structure_exists = 1.0
sequence_matches_structure = False

Attempting prediction for YDR464W
No prediction will be run:
has_verified_seq = True
DeepTMHMM_class = TM
structure_exists = 1.0
sequence_matches_structure = False

Attempting prediction for YDR463W
No prediction will be run:
has_verified_seq = True
DeepTMHMM_class = GLOB
structure_exists = 1.0
sequence_matches_structure = False

Attempting prediction for YDR471W
No prediction will be run:
has_verified_seq = True
DeepTMHMM_class = GLOB
structure_exists = 1.0
sequence_matches_structure = False

Attempting prediction for YDR465C
No prediction will be run:
has_verified_seq = True
DeepTMHMM_class = GLOB
structure_exists = 1.0
sequence_matches_structure = False

Attempting prediction for YDR479C
No prediction will be run:
has_verified_seq = True
DeepTMHMM_class = TM
structure_exists = 1.0
sequence_matches_structure = False

Attempting prediction for YNL118C
No prediction will be run:
has_verified_seq = True
DeepTMHMM_class = GLOB
structure_exists = 1.0
sequence_matches_structure = False

Attempting prediction for YLR181C
No prediction will be run:
has_verified_seq = True
DeepTMHMM_class = GLOB
structure_exists = 1.0
sequence_matches_structure = False

Attempting prediction for YDR486C
No prediction will be run:
has_verified_seq = True
DeepTMHMM_class = GLOB
structure_exists = 1.0
sequence_matches_structure = False

Attempting prediction for YKL041W
No prediction will be run:
has_verified_seq = True
DeepTMHMM_class = GLOB
structure_exists = 1.0
sequence_matches_structure = False

Attempting prediction for YDR493W
No prediction will be run:
has_verified_seq = True
DeepTMHMM_class = GLOB
structure_exists = 1.0
sequence_matches_structure = False

Attempting prediction for YDR497C
No prediction will be run:
has_verified_seq = True
DeepTMHMM_class = TM
structure_exists = 1.0
sequence_matches_structure = False

Attempting prediction for YDR498C
No prediction will be run:
has_verified_seq = True
DeepTMHMM_class = TM
structure_exists = 1.0
sequence_matches_structure = False

Attempting prediction for YGL098W
No prediction will be run:
has_verified_seq = True
DeepTMHMM_class = TM
structure_exists = 1.0
sequence_matches_structure = False

Attempting prediction for YGL145W
No prediction will be run:
has_verified_seq = True
DeepTMHMM_class = GLOB
structure_exists = 1.0
sequence_matches_structure = False

Attempting prediction for YLR440C
No prediction will be run:
has_verified_seq = True
DeepTMHMM_class = GLOB
structure_exists = 1.0
sequence_matches_structure = False

Attempting prediction for YDR500C
No prediction will be run:
has_verified_seq = True
DeepTMHMM_class = GLOB
structure_exists = 1.0
sequence_matches_structure = False

Attempting prediction for YLR344W
No prediction will be run:
has_verified_seq = True
DeepTMHMM_class = GLOB
structure_exists = 1.0
sequence_matches_structure = False

Attempting prediction for YOR056C
No prediction will be run:
has_verified_seq = True
DeepTMHMM_class = GLOB
structure_exists = 1.0
sequence_matches_structure = False

Attempting prediction for YDR503C
No prediction will be run:
has_verified_seq = True
DeepTMHMM_class = TM
structure_exists = 1.0
sequence_matches_structure = False

Attempting prediction for YDR513W
No prediction will be run:
has_verified_seq = True
DeepTMHMM_class = GLOB
structure_exists = 1.0
sequence_matches_structure = False

Attempting prediction for YAL033W
No prediction will be run:
has_verified_seq = True
DeepTMHMM_class = GLOB
structure_exists = 1.0
sequence_matches_structure = False

Attempting prediction for YBR167C
No prediction will be run:
has_verified_seq = True
DeepTMHMM_class = GLOB
structure_exists = 1.0
sequence_matches_structure = False

Attempting prediction for YBL018C
No prediction will be run:
has_verified_seq = True
DeepTMHMM_class = GLOB
structure_exists = 1.0
sequence_matches_structure = False

Attempting prediction for YGR030C
No prediction will be run:
has_verified_seq = True
DeepTMHMM_class = GLOB
structure_exists = 1.0
sequence_matches_structure = False

Attempting prediction for YBR257W
No prediction will be run:
has_verified_seq = True
DeepTMHMM_class = GLOB
structure_exists = 1.0
sequence_matches_structure = False

Attempting prediction for YNL221C
No prediction will be run:
has_verified_seq = True
DeepTMHMM_class = GLOB
structure_exists = 1.0
sequence_matches_structure = False

Attempting prediction for YHR062C
No prediction will be run:
has_verified_seq = True
DeepTMHMM_class = GLOB
structure_exists = 1.0
sequence_matches_structure = False

Attempting prediction for YDR511W
No prediction will be run:
has_verified_seq = True
DeepTMHMM_class = GLOB
structure_exists = 1.0
sequence_matches_structure = False

Attempting prediction for YDR527W
No prediction will be run:
has_verified_seq = True
DeepTMHMM_class = GLOB
structure_exists = 1.0
sequence_matches_structure = False

Attempting prediction for YDR520C
No prediction will be run:
has_verified_seq = True
DeepTMHMM_class = GLOB
structure_exists = 1.0
sequence_matches_structure = False

Attempting prediction for YDR528W
No prediction will be run:
has_verified_seq = True
DeepTMHMM_class = GLOB
structure_exists = 1.0
sequence_matches_structure = False

Attempting prediction for YDR530C
No prediction will be run:
has_verified_seq = True
DeepTMHMM_class = GLOB
structure_exists = 1.0
sequence_matches_structure = False

Attempting prediction for YGL093W
No prediction will be run:
has_verified_seq = True
DeepTMHMM_class = GLOB
structure_exists = 1.0
sequence_matches_structure = False

Attempting prediction for YDR532C
No prediction will be run:
has_verified_seq = True
DeepTMHMM_class = GLOB
structure_exists = 1.0
sequence_matches_structure = False

Attempting prediction for YDR539W
No prediction will be run:
has_verified_seq = True
DeepTMHMM_class = GLOB
structure_exists = 1.0
sequence_matches_structure = False

Attempting prediction for YGL226C-A
No prediction will be run:
has_verified_seq = True
DeepTMHMM_class = TM
structure_exists = 1.0
sequence_matches_structure = False

Attempting prediction for YEL003W
No prediction will be run:
has_verified_seq = True
DeepTMHMM_class = GLOB
structure_exists = 1.0
sequence_matches_structure = False

Attempting prediction for YGR078C
No prediction will be run:
has_verified_seq = True
DeepTMHMM_class = GLOB
structure_exists = 1.0
sequence_matches_structure = False

Attempting prediction for YML094W
No prediction will be run:
has_verified_seq = True
DeepTMHMM_class = GLOB
structure_exists = 1.0
sequence_matches_structure = False

Attempting prediction for YJL179W
No prediction will be run:
has_verified_seq = True
DeepTMHMM_class = GLOB
structure_exists = 1.0
sequence_matches_structure = False

Attempting prediction for YNL153C
No prediction will be run:
has_verified_seq = True
DeepTMHMM_class = GLOB
structure_exists = 1.0
sequence_matches_structure = False

Attempting prediction for YJR131W
No prediction will be run:
has_verified_seq = True
DeepTMHMM_class = SP
structure_exists = 1.0
sequence_matches_structure = False

Attempting prediction for YEL005C
No prediction will be run:
has_verified_seq = True
DeepTMHMM_class = GLOB
structure_exists = 1.0
sequence_matches_structure = False

Attempting prediction for YHR163W
No prediction will be run:
has_verified_seq = True
DeepTMHMM_class = GLOB
structure_exists = 1.0
sequence_matches_structure = False

Attempting prediction for YEL009C
No prediction will be run:
has_verified_seq = True
DeepTMHMM_class = GLOB
structure_exists = 1.0
sequence_matches_structure = False

Attempting prediction for YLR258W
No prediction will be run:
has_verified_seq = True
DeepTMHMM_class = GLOB
structure_exists = 1.0
sequence_matches_structure = False

Attempting prediction for YJL137C
No prediction will be run:
has_verified_seq = True
DeepTMHMM_class = GLOB
structure_exists = 1.0
sequence_matches_structure = False

Attempting prediction for YEL011W
No prediction will be run:
has_verified_seq = True
DeepTMHMM_class = GLOB
structure_exists = 1.0
sequence_matches_structure = False

Attempting prediction for YEL012W
No prediction will be run:
has_verified_seq = True
DeepTMHMM_class = GLOB
structure_exists = 1.0
sequence_matches_structure = False

Attempting prediction for YGL211W
No prediction will be run:
has_verified_seq = True
DeepTMHMM_class = GLOB
structure_exists = 1.0
sequence_matches_structure = False

Attempting prediction for YNL119W
No prediction will be run:
has_verified_seq = True
DeepTMHMM_class = GLOB
structure_exists = 1.0
sequence_matches_structure = False

Attempting prediction for YEL014C
No prediction will be run:
has_verified_seq = True
DeepTMHMM_class = GLOB
structure_exists = 1.0
sequence_matches_structure = False

Attempting prediction for YEL015W
No prediction will be run:
has_verified_seq = True
DeepTMHMM_class = GLOB
structure_exists = 1.0
sequence_matches_structure = False

Attempting prediction for YOL149W
No prediction will be run:
has_verified_seq = True
DeepTMHMM_class = GLOB
structure_exists = 1.0
sequence_matches_structure = False

Attempting prediction for YEL017C-A
No prediction will be run:
has_verified_seq = True
DeepTMHMM_class = TM
structure_exists = 1.0
sequence_matches_structure = False

Attempting prediction for YDR359C
No prediction will be run:
has_verified_seq = True
DeepTMHMM_class = GLOB
structure_exists = 1.0
sequence_matches_structure = False

Attempting prediction for YEL018W
No prediction will be run:
has_verified_seq = True
DeepTMHMM_class = GLOB
structure_exists = 1.0
sequence_matches_structure = False

Attempting prediction for YEL025C
No prediction will be run:
has_verified_seq = True
DeepTMHMM_class = GLOB
structure_exists = 1.0
sequence_matches_structure = False

Attempting prediction for YFL038C
No prediction will be run:
has_verified_seq = True
DeepTMHMM_class = GLOB
structure_exists = 1.0
sequence_matches_structure = False

Attempting prediction for YEL027W
No prediction will be run:
has_verified_seq = True
DeepTMHMM_class = TM
structure_exists = 1.0
sequence_matches_structure = False

Attempting prediction for YNR027W
No prediction will be run:
has_verified_seq = True
DeepTMHMM_class = GLOB
structure_exists = 1.0
sequence_matches_structure = False

Attempting prediction for YEL029C
No prediction will be run:
has_verified_seq = True
DeepTMHMM_class = GLOB
structure_exists = 1.0
sequence_matches_structure = False

Attempting prediction for YML048W
No prediction will be run:
has_verified_seq = True
DeepTMHMM_class = GLOB
structure_exists = 1.0
sequence_matches_structure = False

Attempting prediction for YHR190W
No prediction will be run:
has_verified_seq = True
DeepTMHMM_class = TM
structure_exists = 1.0
sequence_matches_structure = False

Attempting prediction for YEL043W
No prediction will be run:
has_verified_seq = True
DeepTMHMM_class = GLOB
structure_exists = 1.0
sequence_matches_structure = False

Attempting prediction for YGR089W
No prediction will be run:
has_verified_seq = True
DeepTMHMM_class = GLOB
structure_exists = 1.0
sequence_matches_structure = False

Attempting prediction for YPL028W
No prediction will be run:
has_verified_seq = True
DeepTMHMM_class = GLOB
structure_exists = 1.0
sequence_matches_structure = False

Attempting prediction for YEL048C
No prediction will be run:
has_verified_seq = True
DeepTMHMM_class = GLOB
structure_exists = 1.0
sequence_matches_structure = False

Attempting prediction for YIL031W
No prediction will be run:
has_verified_seq = True
DeepTMHMM_class = GLOB
structure_exists = 1.0
sequence_matches_structure = False

Attempting prediction for YEL053C
No prediction will be run:
has_verified_seq = True
DeepTMHMM_class = GLOB
structure_exists = 1.0
sequence_matches_structure = False

Attempting prediction for YPR051W
No prediction will be run:
has_verified_seq = True
DeepTMHMM_class = GLOB
structure_exists = 1.0
sequence_matches_structure = False

Attempting prediction for YEL052W
No prediction will be run:
has_verified_seq = True
DeepTMHMM_class = GLOB
structure_exists = 1.0
sequence_matches_structure = False

Attempting prediction for YCR020C-A
No prediction will be run:
has_verified_seq = True
DeepTMHMM_class = GLOB
structure_exists = 1.0
sequence_matches_structure = False

Attempting prediction for YGR106C
No prediction will be run:
has_verified_seq = True
DeepTMHMM_class = SP+TM
structure_exists = 1.0
sequence_matches_structure = False

Attempting prediction for YJR053W
No prediction will be run:
has_verified_seq = True
DeepTMHMM_class = GLOB
structure_exists = 1.0
sequence_matches_structure = False

Attempting prediction for YOL122C
No prediction will be run:
has_verified_seq = True
DeepTMHMM_class = TM
structure_exists = 1.0
sequence_matches_structure = False

Attempting prediction for YEL055C
No prediction will be run:
has_verified_seq = True
DeepTMHMM_class = GLOB
structure_exists = 1.0
sequence_matches_structure = False

Attempting prediction for YKL210W
No prediction will be run:
has_verified_seq = True
DeepTMHMM_class = GLOB
structure_exists = 1.0
sequence_matches_structure = False

Attempting prediction for YEL054C
No prediction will be run:
has_verified_seq = True
DeepTMHMM_class = GLOB
structure_exists = 1.0
sequence_matches_structure = False

Attempting prediction for YEL058W
No prediction will be run:
has_verified_seq = True
DeepTMHMM_class = GLOB
structure_exists = 1.0
sequence_matches_structure = False

Attempting prediction for YOR184W
No prediction will be run:
has_verified_seq = True
DeepTMHMM_class = GLOB
structure_exists = 1.0
sequence_matches_structure = False

Attempting prediction for YEL073C
No prediction will be run:
has_verified_seq = True
DeepTMHMM_class = GLOB
structure_exists = 1.0
sequence_matches_structure = False

Attempting prediction for YER011W
No prediction will be run:
has_verified_seq = True
DeepTMHMM_class = SP
structure_exists = 1.0
sequence_matches_structure = False

Attempting prediction for YER018C
No prediction will be run:
has_verified_seq = True
DeepTMHMM_class = GLOB
structure_exists = 1.0
sequence_matches_structure = False

Attempting prediction for YFR008W
No prediction will be run:
has_verified_seq = True
DeepTMHMM_class = GLOB
structure_exists = 1.0
sequence_matches_structure = False

Attempting prediction for YLR238W
No prediction will be run:
has_verified_seq = True
DeepTMHMM_class = GLOB
structure_exists = 1.0
sequence_matches_structure = False

Attempting prediction for YNL127W
No prediction will be run:
has_verified_seq = True
DeepTMHMM_class = GLOB
structure_exists = 1.0
sequence_matches_structure = False

Attempting prediction for YER030W
No prediction will be run:
has_verified_seq = True
DeepTMHMM_class = GLOB
structure_exists = 1.0
sequence_matches_structure = False

Attempting prediction for YER035W
No prediction will be run:
has_verified_seq = True
DeepTMHMM_class = GLOB
structure_exists = 1.0
sequence_matches_structure = False

Attempting prediction for YPL128C
No prediction will be run:
has_verified_seq = True
DeepTMHMM_class = GLOB
structure_exists = 1.0
sequence_matches_structure = False

Attempting prediction for YER037W
No prediction will be run:
has_verified_seq = True
DeepTMHMM_class = GLOB
structure_exists = 1.0
sequence_matches_structure = False

Attempting prediction for YER040W
No prediction will be run:
has_verified_seq = True
DeepTMHMM_class = GLOB
structure_exists = 1.0
sequence_matches_structure = False

Attempting prediction for YER053C
No prediction will be run:
has_verified_seq = True
DeepTMHMM_class = GLOB
structure_exists = 1.0
sequence_matches_structure = False

Attempting prediction for YER059W
No prediction will be run:
has_verified_seq = True
DeepTMHMM_class = GLOB
structure_exists = 1.0
sequence_matches_structure = False

Attempting prediction for YPL031C
No prediction will be run:
has_verified_seq = True
DeepTMHMM_class = GLOB
structure_exists = 1.0
sequence_matches_structure = False

Attempting prediction for YPL219W
No prediction will be run:
has_verified_seq = True
DeepTMHMM_class = GLOB
structure_exists = 1.0
sequence_matches_structure = False

Attempting prediction for YHL032C
No prediction will be run:
has_verified_seq = True
DeepTMHMM_class = GLOB
structure_exists = 1.0
sequence_matches_structure = False

Attempting prediction for YER062C
No prediction will be run:
has_verified_seq = True
DeepTMHMM_class = GLOB
structure_exists = 1.0
sequence_matches_structure = False

Attempting prediction for YER069W
No prediction will be run:
has_verified_seq = True
DeepTMHMM_class = GLOB
structure_exists = 1.0
sequence_matches_structure = False

Attempting prediction for YIL034C
No prediction will be run:
has_verified_seq = True
DeepTMHMM_class = GLOB
structure_exists = 1.0
sequence_matches_structure = False

Attempting prediction for YER074W
No prediction will be run:
has_verified_seq = True
DeepTMHMM_class = GLOB
structure_exists = 1.0
sequence_matches_structure = False

Attempting prediction for YKL211C
No prediction will be run:
has_verified_seq = True
DeepTMHMM_class = GLOB
structure_exists = 1.0
sequence_matches_structure = False

Attempting prediction for YER095W
No prediction will be run:
has_verified_seq = True
DeepTMHMM_class = GLOB
structure_exists = 1.0
sequence_matches_structure = False

Attempting prediction for YER104W
No prediction will be run:
has_verified_seq = True
DeepTMHMM_class = GLOB
structure_exists = 1.0
sequence_matches_structure = False

Attempting prediction for YER102W
No prediction will be run:
has_verified_seq = True
DeepTMHMM_class = GLOB
structure_exists = 1.0
sequence_matches_structure = False

Attempting prediction for YMR047C
No prediction will be run:
has_verified_seq = True
DeepTMHMM_class = GLOB
structure_exists = 1.0
sequence_matches_structure = False

Attempting prediction for YDL149W
No prediction will be run:
has_verified_seq = True
DeepTMHMM_class = TM
structure_exists = 1.0
sequence_matches_structure = False

Attempting prediction for YER111C
No prediction will be run:
has_verified_seq = True
DeepTMHMM_class = GLOB
structure_exists = 1.0
sequence_matches_structure = False

Attempting prediction for YER117W
No prediction will be run:
has_verified_seq = True
DeepTMHMM_class = GLOB
structure_exists = 1.0
sequence_matches_structure = False

Attempting prediction for YER116C
No prediction will be run:
has_verified_seq = True
DeepTMHMM_class = GLOB
structure_exists = 1.0
sequence_matches_structure = False

Attempting prediction for YDL013W
No prediction will be run:
has_verified_seq = True
DeepTMHMM_class = GLOB
structure_exists = 1.0
sequence_matches_structure = False

Attempting prediction for YER120W
No prediction will be run:
has_verified_seq = True
DeepTMHMM_class = TM
structure_exists = 1.0
sequence_matches_structure = False

Attempting prediction for YAR042W
No prediction will be run:
has_verified_seq = True
DeepTMHMM_class = GLOB
structure_exists = 1.0
sequence_matches_structure = False

Attempting prediction for YHL020C
No prediction will be run:
has_verified_seq = True
DeepTMHMM_class = GLOB
structure_exists = 1.0
sequence_matches_structure = False

Attempting prediction for YER124C
No prediction will be run:
has_verified_seq = True
DeepTMHMM_class = GLOB
structure_exists = 1.0
sequence_matches_structure = False

Attempting prediction for YBR071W
No prediction will be run:
has_verified_seq = True
DeepTMHMM_class = GLOB
structure_exists = 1.0
sequence_matches_structure = False

Attempting prediction for YLR410W
No prediction will be run:
has_verified_seq = True
DeepTMHMM_class = GLOB
structure_exists = 1.0
sequence_matches_structure = False

Attempting prediction for YLR396C
No prediction will be run:
has_verified_seq = True
DeepTMHMM_class = GLOB
structure_exists = 1.0
sequence_matches_structure = False

Attempting prediction for YMR231W
No prediction will be run:
has_verified_seq = True
DeepTMHMM_class = GLOB
structure_exists = nan
sequence_matches_structure = False

Attempting prediction for YPL045W
No prediction will be run:
has_verified_seq = True
DeepTMHMM_class = GLOB
structure_exists = 1.0
sequence_matches_structure = False

Attempting prediction for YML001W
No prediction will be run:
has_verified_seq = True
DeepTMHMM_class = GLOB
structure_exists = 1.0
sequence_matches_structure = False

Attempting prediction for YER134C
No prediction will be run:
has_verified_seq = True
DeepTMHMM_class = GLOB
structure_exists = 1.0
sequence_matches_structure = False

Attempting prediction for YER140W
No prediction will be run:
has_verified_seq = True
DeepTMHMM_class = TM
structure_exists = 1.0
sequence_matches_structure = False

Attempting prediction for YOR154W
No prediction will be run:
has_verified_seq = True
DeepTMHMM_class = SP+TM
structure_exists = 1.0
sequence_matches_structure = False

Attempting prediction for YER141W
No prediction will be run:
has_verified_seq = True
DeepTMHMM_class = TM
structure_exists = 1.0
sequence_matches_structure = False

Attempting prediction for YER149C
No prediction will be run:
has_verified_seq = True
DeepTMHMM_class = GLOB
structure_exists = 1.0
sequence_matches_structure = False

Attempting prediction for YLL021W
No prediction will be run:
has_verified_seq = True
DeepTMHMM_class = GLOB
structure_exists = 1.0
sequence_matches_structure = False

Attempting prediction for YER143W
No prediction will be run:
has_verified_seq = True
DeepTMHMM_class = GLOB
structure_exists = 1.0
sequence_matches_structure = False

Attempting prediction for YER150W
No prediction will be run:
has_verified_seq = True
DeepTMHMM_class = SP
structure_exists = 1.0
sequence_matches_structure = False

Attempting prediction for YGL005C
No prediction will be run:
has_verified_seq = True
DeepTMHMM_class = GLOB
structure_exists = 1.0
sequence_matches_structure = False

Attempting prediction for YNL051W
No prediction will be run:
has_verified_seq = True
DeepTMHMM_class = GLOB
structure_exists = 1.0
sequence_matches_structure = False

Attempting prediction for YGL223C
No prediction will be run:
has_verified_seq = True
DeepTMHMM_class = GLOB
structure_exists = 1.0
sequence_matches_structure = False

Attempting prediction for YPR105C
No prediction will be run:
has_verified_seq = True
DeepTMHMM_class = GLOB
structure_exists = 1.0
sequence_matches_structure = False

Attempting prediction for YNL041C
No prediction will be run:
has_verified_seq = True
DeepTMHMM_class = GLOB
structure_exists = 1.0
sequence_matches_structure = False

Attempting prediction for YML071C
No prediction will be run:
has_verified_seq = True
DeepTMHMM_class = GLOB
structure_exists = 1.0
sequence_matches_structure = False

Attempting prediction for YER157W
No prediction will be run:
has_verified_seq = True
DeepTMHMM_class = GLOB
structure_exists = 1.0
sequence_matches_structure = False

Attempting prediction for YGR120C
No prediction will be run:
has_verified_seq = True
DeepTMHMM_class = GLOB
structure_exists = 1.0
sequence_matches_structure = False

Attempting prediction for YER163C
No prediction will be run:
has_verified_seq = True
DeepTMHMM_class = GLOB
structure_exists = 1.0
sequence_matches_structure = False

Attempting prediction for YER161C
No prediction will be run:
has_verified_seq = True
DeepTMHMM_class = GLOB
structure_exists = 1.0
sequence_matches_structure = False

Attempting prediction for YLR342W
No prediction will be run:
has_verified_seq = True
DeepTMHMM_class = TM
structure_exists = 1.0
sequence_matches_structure = False

Attempting prediction for YAL030W
No prediction will be run:
has_verified_seq = True
DeepTMHMM_class = TM
structure_exists = 1.0
sequence_matches_structure = False

Attempting prediction for YDR093W
No prediction will be run:
has_verified_seq = True
DeepTMHMM_class = TM
structure_exists = 1.0
sequence_matches_structure = False

Attempting prediction for YBL007C
No prediction will be run:
has_verified_seq = True
DeepTMHMM_class = GLOB
structure_exists = 1.0
sequence_matches_structure = False

Attempting prediction for YER183C
No prediction will be run:
has_verified_seq = True
DeepTMHMM_class = GLOB
structure_exists = 1.0
sequence_matches_structure = False

Attempting prediction for YOR298C-A
No prediction will be run:
has_verified_seq = True
DeepTMHMM_class = GLOB
structure_exists = 1.0
sequence_matches_structure = False

Attempting prediction for YFL017W-A
No prediction will be run:
has_verified_seq = True
DeepTMHMM_class = GLOB
structure_exists = 1.0
sequence_matches_structure = False

Attempting prediction for YAL032C
No prediction will be run:
has_verified_seq = True
DeepTMHMM_class = GLOB
structure_exists = 1.0
sequence_matches_structure = False

Attempting prediction for YBR065C
No prediction will be run:
has_verified_seq = True
DeepTMHMM_class = GLOB
structure_exists = 1.0
sequence_matches_structure = False

Attempting prediction for YDL030W
No prediction will be run:
has_verified_seq = True
DeepTMHMM_class = GLOB
structure_exists = 1.0
sequence_matches_structure = False

Attempting prediction for YCR063W
No prediction will be run:
has_verified_seq = True
DeepTMHMM_class = GLOB
structure_exists = 1.0
sequence_matches_structure = False

Attempting prediction for YDL043C
No prediction will be run:
has_verified_seq = True
DeepTMHMM_class = GLOB
structure_exists = 1.0
sequence_matches_structure = False

Attempting prediction for YDL209C
No prediction will be run:
has_verified_seq = True
DeepTMHMM_class = GLOB
structure_exists = 1.0
sequence_matches_structure = False

Attempting prediction for YDR163W
No prediction will be run:
has_verified_seq = True
DeepTMHMM_class = GLOB
structure_exists = 1.0
sequence_matches_structure = False

Attempting prediction for YDR364C
No prediction will be run:
has_verified_seq = True
DeepTMHMM_class = GLOB
structure_exists = 1.0
sequence_matches_structure = False

Attempting prediction for YDR416W
No prediction will be run:
has_verified_seq = True
DeepTMHMM_class = GLOB
structure_exists = 1.0
sequence_matches_structure = False

Attempting prediction for YGR129W
No prediction will be run:
has_verified_seq = True
DeepTMHMM_class = GLOB
structure_exists = 1.0
sequence_matches_structure = False

Attempting prediction for YHR156C
No prediction will be run:
has_verified_seq = True
DeepTMHMM_class = GLOB
structure_exists = 1.0
sequence_matches_structure = False

Attempting prediction for YJL203W
No prediction will be run:
has_verified_seq = True
DeepTMHMM_class = GLOB
structure_exists = 1.0
sequence_matches_structure = False

Attempting prediction for YJR050W
No prediction will be run:
has_verified_seq = True
DeepTMHMM_class = GLOB
structure_exists = 1.0
sequence_matches_structure = False

Attempting prediction for YKL095W
No prediction will be run:
has_verified_seq = True
DeepTMHMM_class = GLOB
structure_exists = 1.0
sequence_matches_structure = False

Attempting prediction for YLL036C
No prediction will be run:
has_verified_seq = True
DeepTMHMM_class = GLOB
structure_exists = 1.0
sequence_matches_structure = False

Attempting prediction for YLR117C
No prediction will be run:
has_verified_seq = True
DeepTMHMM_class = GLOB
structure_exists = 1.0
sequence_matches_structure = False

Attempting prediction for YML049C
No prediction will be run:
has_verified_seq = True
DeepTMHMM_class = GLOB
structure_exists = 1.0
sequence_matches_structure = False

Attempting prediction for YMR288W
No prediction will be run:
has_verified_seq = True
DeepTMHMM_class = GLOB
structure_exists = 1.0
sequence_matches_structure = False

Attempting prediction for YOR319W
No prediction will be run:
has_verified_seq = True
DeepTMHMM_class = GLOB
structure_exists = 1.0
sequence_matches_structure = False

Attempting prediction for YPL151C
No prediction will be run:
has_verified_seq = True
DeepTMHMM_class = GLOB
structure_exists = 1.0
sequence_matches_structure = False

Attempting prediction for YPR094W
No prediction will be run:
has_verified_seq = True
DeepTMHMM_class = GLOB
structure_exists = 1.0
sequence_matches_structure = False

Attempting prediction for YPR101W
No prediction will be run:
has_verified_seq = True
DeepTMHMM_class = GLOB
structure_exists = 1.0
sequence_matches_structure = False

Attempting prediction for YFL017C
No prediction will be run:
has_verified_seq = True
DeepTMHMM_class = GLOB
structure_exists = 1.0
sequence_matches_structure = False

Attempting prediction for YFL024C
No prediction will be run:
has_verified_seq = True
DeepTMHMM_class = GLOB
structure_exists = 1.0
sequence_matches_structure = False

Attempting prediction for YGR002C
No prediction will be run:
has_verified_seq = True
DeepTMHMM_class = GLOB
structure_exists = 1.0
sequence_matches_structure = False

Attempting prediction for YOR244W
No prediction will be run:
has_verified_seq = True
DeepTMHMM_class = GLOB
structure_exists = 1.0
sequence_matches_structure = False

Attempting prediction for YFL026W
No prediction will be run:
has_verified_seq = True
DeepTMHMM_class = TM
structure_exists = 1.0
sequence_matches_structure = False

Attempting prediction for YFL034W
No prediction will be run:
has_verified_seq = True
DeepTMHMM_class = GLOB
structure_exists = 1.0
sequence_matches_structure = False

Attempting prediction for YHL019C
No prediction will be run:
has_verified_seq = True
DeepTMHMM_class = GLOB
structure_exists = 1.0
sequence_matches_structure = False

Attempting prediction for YFL034C-B
No prediction will be run:
has_verified_seq = True
DeepTMHMM_class = GLOB
structure_exists = 1.0
sequence_matches_structure = False

Attempting prediction for YKL135C
No prediction will be run:
has_verified_seq = True
DeepTMHMM_class = GLOB
structure_exists = 1.0
sequence_matches_structure = False

Attempting prediction for YJL034W
No prediction will be run:
has_verified_seq = True
DeepTMHMM_class = SP
structure_exists = 1.0
sequence_matches_structure = False

Attempting prediction for YLR110C
No prediction will be run:
has_verified_seq = True
DeepTMHMM_class = SP
structure_exists = 1.0
sequence_matches_structure = False

Attempting prediction for YML130C
No prediction will be run:
has_verified_seq = True
DeepTMHMM_class = SP
structure_exists = 1.0
sequence_matches_structure = False

Attempting prediction for YIL015W
No prediction will be run:
has_verified_seq = True
DeepTMHMM_class = SP
structure_exists = 1.0
sequence_matches_structure = False

Attempting prediction for YFL046W
No prediction will be run:
has_verified_seq = True
DeepTMHMM_class = TM
structure_exists = 1.0
sequence_matches_structure = False

Attempting prediction for YGR264C
No prediction will be run:
has_verified_seq = True
DeepTMHMM_class = GLOB
structure_exists = 1.0
sequence_matches_structure = False

Attempting prediction for YFL062W
No prediction will be run:
has_verified_seq = True
DeepTMHMM_class = TM
structure_exists = 1.0
sequence_matches_structure = False

Attempting prediction for YFR005C
No prediction will be run:
has_verified_seq = True
DeepTMHMM_class = GLOB
structure_exists = 1.0
sequence_matches_structure = False

Attempting prediction for YMR238W
No prediction will be run:
has_verified_seq = True
DeepTMHMM_class = SP+TM
structure_exists = 1.0
sequence_matches_structure = False

Attempting prediction for YFR014C
No prediction will be run:
has_verified_seq = True
DeepTMHMM_class = GLOB
structure_exists = 1.0
sequence_matches_structure = False

Attempting prediction for YFR015C
No prediction will be run:
has_verified_seq = True
DeepTMHMM_class = GLOB
structure_exists = 1.0
sequence_matches_structure = False

Attempting prediction for YFR019W
No prediction will be run:
has_verified_seq = True
DeepTMHMM_class = GLOB
structure_exists = 1.0
sequence_matches_structure = False

Attempting prediction for YFR017C
No prediction will be run:
has_verified_seq = True
DeepTMHMM_class = GLOB
structure_exists = 1.0
sequence_matches_structure = False

Attempting prediction for YFR021W
No prediction will be run:
has_verified_seq = True
DeepTMHMM_class = GLOB
structure_exists = 1.0
sequence_matches_structure = False

Attempting prediction for YNL242W
No prediction will be run:
has_verified_seq = True
DeepTMHMM_class = GLOB
structure_exists = 1.0
sequence_matches_structure = False

Attempting prediction for YFR032C-A
No prediction will be run:
has_verified_seq = True
DeepTMHMM_class = GLOB
structure_exists = 1.0
sequence_matches_structure = False

Attempting prediction for YFR031C-A
No prediction will be run:
has_verified_seq = True
DeepTMHMM_class = GLOB
structure_exists = 1.0
sequence_matches_structure = False

Attempting prediction for YLR427W
No prediction will be run:
has_verified_seq = True
DeepTMHMM_class = GLOB
structure_exists = 1.0
sequence_matches_structure = False

Attempting prediction for YLR387C
No prediction will be run:
has_verified_seq = True
DeepTMHMM_class = GLOB
structure_exists = 1.0
sequence_matches_structure = False

Attempting prediction for YFR034C
No prediction will be run:
has_verified_seq = True
DeepTMHMM_class = GLOB
structure_exists = 1.0
sequence_matches_structure = False

Attempting prediction for YGR044C
No prediction will be run:
has_verified_seq = True
DeepTMHMM_class = GLOB
structure_exists = 1.0
sequence_matches_structure = False

Attempting prediction for YFR039C
No prediction will be run:
has_verified_seq = True
DeepTMHMM_class = GLOB
structure_exists = 1.0
sequence_matches_structure = False

Attempting prediction for YGL228W
No prediction will be run:
has_verified_seq = True
DeepTMHMM_class = SP
structure_exists = 1.0
sequence_matches_structure = False

Attempting prediction for YFR046C
No prediction will be run:
has_verified_seq = True
DeepTMHMM_class = GLOB
structure_exists = 1.0
sequence_matches_structure = False

Attempting prediction for YGL006W
No prediction will be run:
has_verified_seq = True
DeepTMHMM_class = TM
structure_exists = 1.0
sequence_matches_structure = False

Attempting prediction for YGL014W
No prediction will be run:
has_verified_seq = True
DeepTMHMM_class = GLOB
structure_exists = 1.0
sequence_matches_structure = False

Attempting prediction for YGL026C
No prediction will be run:
has_verified_seq = True
DeepTMHMM_class = GLOB
structure_exists = 1.0
sequence_matches_structure = False

Attempting prediction for YGL028C
No prediction will be run:
has_verified_seq = True
DeepTMHMM_class = SP
structure_exists = 1.0
sequence_matches_structure = False

Attempting prediction for YGL029W
No prediction will be run:
has_verified_seq = True
DeepTMHMM_class = GLOB
structure_exists = 1.0
sequence_matches_structure = False

Attempting prediction for YHR085W
No prediction will be run:
has_verified_seq = True
DeepTMHMM_class = GLOB
structure_exists = 1.0
sequence_matches_structure = False

Attempting prediction for YIL096C
No prediction will be run:
has_verified_seq = True
DeepTMHMM_class = GLOB
structure_exists = 1.0
sequence_matches_structure = False

Attempting prediction for YHR197W
No prediction will be run:
has_verified_seq = True
DeepTMHMM_class = GLOB
structure_exists = 1.0
sequence_matches_structure = False

Attempting prediction for YLR106C
No prediction will be run:
has_verified_seq = True
DeepTMHMM_class = GLOB
structure_exists = nan
sequence_matches_structure = False

Attempting prediction for YNL182C
No prediction will be run:
has_verified_seq = True
DeepTMHMM_class = GLOB
structure_exists = 1.0
sequence_matches_structure = False

Attempting prediction for YGL040C
No prediction will be run:
has_verified_seq = True
DeepTMHMM_class = GLOB
structure_exists = 1.0
sequence_matches_structure = False

Attempting prediction for YGL056C
No prediction will be run:
has_verified_seq = True
DeepTMHMM_class = GLOB
structure_exists = 1.0
sequence_matches_structure = False

Attempting prediction for YCR066W
No prediction will be run:
has_verified_seq = True
DeepTMHMM_class = GLOB
structure_exists = 1.0
sequence_matches_structure = False

Attempting prediction for YGL058W
No prediction will be run:
has_verified_seq = True
DeepTMHMM_class = GLOB
structure_exists = 1.0
sequence_matches_structure = False

Attempting prediction for YGR184C
No prediction will be run:
has_verified_seq = True
DeepTMHMM_class = GLOB
structure_exists = 1.0
sequence_matches_structure = False

Attempting prediction for YGL060W
No prediction will be run:
has_verified_seq = True
DeepTMHMM_class = GLOB
structure_exists = 1.0
sequence_matches_structure = False

Attempting prediction for YGR271C-A
No prediction will be run:
has_verified_seq = True
DeepTMHMM_class = GLOB
structure_exists = 1.0
sequence_matches_structure = False

Attempting prediction for YKL078W
No prediction will be run:
has_verified_seq = True
DeepTMHMM_class = GLOB
structure_exists = 1.0
sequence_matches_structure = False

Attempting prediction for YKL075C
No prediction will be run:
has_verified_seq = True
DeepTMHMM_class = GLOB
structure_exists = 1.0
sequence_matches_structure = False

Attempting prediction for YNL164C
No prediction will be run:
has_verified_seq = True
DeepTMHMM_class = GLOB
structure_exists = 1.0
sequence_matches_structure = False

Attempting prediction for YNL173C
No prediction will be run:
has_verified_seq = True
DeepTMHMM_class = GLOB
structure_exists = 1.0
sequence_matches_structure = False

Attempting prediction for YGL086W
No prediction will be run:
has_verified_seq = True
DeepTMHMM_class = GLOB
structure_exists = 1.0
sequence_matches_structure = False

Attempting prediction for YJL030W
No prediction will be run:
has_verified_seq = True
DeepTMHMM_class = GLOB
structure_exists = 1.0
sequence_matches_structure = False

Attempting prediction for YGL082W
No prediction will be run:
has_verified_seq = True
DeepTMHMM_class = GLOB
structure_exists = 1.0
sequence_matches_structure = False

Attempting prediction for YGL091C
No prediction will be run:
has_verified_seq = True
DeepTMHMM_class = GLOB
structure_exists = 1.0
sequence_matches_structure = False

Attempting prediction for YIL003W
No prediction will be run:
has_verified_seq = True
DeepTMHMM_class = GLOB
structure_exists = 1.0
sequence_matches_structure = False

Attempting prediction for YGL090W
No prediction will be run:
has_verified_seq = True
DeepTMHMM_class = GLOB
structure_exists = 1.0
sequence_matches_structure = False

Attempting prediction for YGL110C
No prediction will be run:
has_verified_seq = True
DeepTMHMM_class = GLOB
structure_exists = 1.0
sequence_matches_structure = False

Attempting prediction for YGL113W
No prediction will be run:
has_verified_seq = True
DeepTMHMM_class = GLOB
structure_exists = 1.0
sequence_matches_structure = False

Attempting prediction for YMR255W
No prediction will be run:
has_verified_seq = True
DeepTMHMM_class = GLOB
structure_exists = 1.0
sequence_matches_structure = False

Attempting prediction for YGL126W
No prediction will be run:
has_verified_seq = True
DeepTMHMM_class = TM
structure_exists = 1.0
sequence_matches_structure = False

Attempting prediction for YMR282C
No prediction will be run:
has_verified_seq = True
DeepTMHMM_class = GLOB
structure_exists = 1.0
sequence_matches_structure = False

Attempting prediction for YGL128C
No prediction will be run:
has_verified_seq = True
DeepTMHMM_class = GLOB
structure_exists = 1.0
sequence_matches_structure = False

Attempting prediction for YGL127C
No prediction will be run:
has_verified_seq = True
DeepTMHMM_class = GLOB
structure_exists = 1.0
sequence_matches_structure = False

Attempting prediction for YGL131C
No prediction will be run:
has_verified_seq = True
DeepTMHMM_class = GLOB
structure_exists = 1.0
sequence_matches_structure = False

Attempting prediction for YMR176W
No prediction will be run:
has_verified_seq = True
DeepTMHMM_class = GLOB
structure_exists = 1.0
sequence_matches_structure = False

Attempting prediction for YGL134W
No prediction will be run:
has_verified_seq = True
DeepTMHMM_class = GLOB
structure_exists = 1.0
sequence_matches_structure = False

Attempting prediction for YIL010W
No prediction will be run:
has_verified_seq = True
DeepTMHMM_class = GLOB
structure_exists = 1.0
sequence_matches_structure = False

Attempting prediction for YJR057W
No prediction will be run:
has_verified_seq = True
DeepTMHMM_class = GLOB
structure_exists = 1.0
sequence_matches_structure = False

Attempting prediction for YGL135W
No prediction will be run:
has_verified_seq = True
DeepTMHMM_class = GLOB
structure_exists = 1.0
sequence_matches_structure = False

Attempting prediction for YBR197C
No prediction will be run:
has_verified_seq = True
DeepTMHMM_class = GLOB
structure_exists = 1.0
sequence_matches_structure = False

Attempting prediction for YGL139W
No prediction will be run:
has_verified_seq = True
DeepTMHMM_class = SP+TM
structure_exists = 1.0
sequence_matches_structure = False

Attempting prediction for YGL157W
No prediction will be run:
has_verified_seq = True
DeepTMHMM_class = GLOB
structure_exists = 1.0
sequence_matches_structure = False

Attempting prediction for YOL057W
No prediction will be run:
has_verified_seq = True
DeepTMHMM_class = GLOB
structure_exists = 1.0
sequence_matches_structure = False

Attempting prediction for YGL166W
No prediction will be run:
has_verified_seq = True
DeepTMHMM_class = GLOB
structure_exists = 1.0
sequence_matches_structure = False

Attempting prediction for YGL161C
No prediction will be run:
has_verified_seq = True
DeepTMHMM_class = TM
structure_exists = 1.0
sequence_matches_structure = False

Attempting prediction for YGL169W
No prediction will be run:
has_verified_seq = True
DeepTMHMM_class = GLOB
structure_exists = 1.0
sequence_matches_structure = False

Attempting prediction for YMR080C
No prediction will be run:
has_verified_seq = True
DeepTMHMM_class = GLOB
structure_exists = 1.0
sequence_matches_structure = False

Attempting prediction for YKL023W
No prediction will be run:
has_verified_seq = True
DeepTMHMM_class = GLOB
structure_exists = 1.0
sequence_matches_structure = False

Attempting prediction for YGL178W
No prediction will be run:
has_verified_seq = True
DeepTMHMM_class = GLOB
structure_exists = 1.0
sequence_matches_structure = False

Attempting prediction for YGL180W
No prediction will be run:
has_verified_seq = True
DeepTMHMM_class = GLOB
structure_exists = 1.0
sequence_matches_structure = False

Attempting prediction for YGL186C
No prediction will be run:
has_verified_seq = True
DeepTMHMM_class = TM
structure_exists = 1.0
sequence_matches_structure = False

Attempting prediction for YLR319C
No prediction will be run:
has_verified_seq = True
DeepTMHMM_class = GLOB
structure_exists = 1.0
sequence_matches_structure = False

Attempting prediction for YGL185C
No prediction will be run:
has_verified_seq = True
DeepTMHMM_class = GLOB
structure_exists = 1.0
sequence_matches_structure = False

Attempting prediction for YOR304C-A
No prediction will be run:
has_verified_seq = True
DeepTMHMM_class = GLOB
structure_exists = 1.0
sequence_matches_structure = False

Attempting prediction for YGL212W
No prediction will be run:
has_verified_seq = True
DeepTMHMM_class = GLOB
structure_exists = 1.0
sequence_matches_structure = False

Attempting prediction for YOR106W
No prediction will be run:
has_verified_seq = True
DeepTMHMM_class = TM
structure_exists = 1.0
sequence_matches_structure = False

Attempting prediction for YOL006C
No prediction will be run:
has_verified_seq = True
DeepTMHMM_class = GLOB
structure_exists = 1.0
sequence_matches_structure = False

Attempting prediction for YGL213C
No prediction will be run:
has_verified_seq = True
DeepTMHMM_class = GLOB
structure_exists = 1.0
sequence_matches_structure = False

Attempting prediction for YGL219C
No prediction will be run:
has_verified_seq = True
DeepTMHMM_class = GLOB
structure_exists = 1.0
sequence_matches_structure = False

Attempting prediction for YAL048C
No prediction will be run:
has_verified_seq = True
DeepTMHMM_class = GLOB
structure_exists = 1.0
sequence_matches_structure = False

Attempting prediction for YLL006W
No prediction will be run:
has_verified_seq = True
DeepTMHMM_class = TM
structure_exists = 1.0
sequence_matches_structure = False

Attempting prediction for YGL220W
No prediction will be run:
has_verified_seq = True
DeepTMHMM_class = GLOB
structure_exists = 1.0
sequence_matches_structure = False

Attempting prediction for YGL232W
No prediction will be run:
has_verified_seq = True
DeepTMHMM_class = GLOB
structure_exists = 1.0
sequence_matches_structure = False

Attempting prediction for YGL225W
No prediction will be run:
has_verified_seq = True
DeepTMHMM_class = TM
structure_exists = 1.0
sequence_matches_structure = False

Attempting prediction for YGL249W
No prediction will be run:
has_verified_seq = True
DeepTMHMM_class = GLOB
structure_exists = 1.0
sequence_matches_structure = False

Attempting prediction for YGL247W
No prediction will be run:
has_verified_seq = True
DeepTMHMM_class = TM
structure_exists = 1.0
sequence_matches_structure = False

Attempting prediction for YGR001C
No prediction will be run:
has_verified_seq = True
DeepTMHMM_class = GLOB
structure_exists = 1.0
sequence_matches_structure = False

Attempting prediction for YGL254W
No prediction will be run:
has_verified_seq = True
DeepTMHMM_class = GLOB
structure_exists = 1.0
sequence_matches_structure = False

Attempting prediction for YGR003W
No prediction will be run:
has_verified_seq = True
DeepTMHMM_class = GLOB
structure_exists = 1.0
sequence_matches_structure = False

Attempting prediction for YIL001W
No prediction will be run:
has_verified_seq = True
DeepTMHMM_class = GLOB
structure_exists = 1.0
sequence_matches_structure = False

Attempting prediction for YNL230C
No prediction will be run:
has_verified_seq = True
DeepTMHMM_class = GLOB
structure_exists = 1.0
sequence_matches_structure = False

Attempting prediction for YJR082C
No prediction will be run:
has_verified_seq = True
DeepTMHMM_class = GLOB
structure_exists = 1.0
sequence_matches_structure = False

Attempting prediction for YHR137W
No prediction will be run:
has_verified_seq = True
DeepTMHMM_class = GLOB
structure_exists = 1.0
sequence_matches_structure = False

Attempting prediction for YGR008C
No prediction will be run:
has_verified_seq = True
DeepTMHMM_class = GLOB
structure_exists = 1.0
sequence_matches_structure = False

Attempting prediction for YGR007W
No prediction will be run:
has_verified_seq = True
DeepTMHMM_class = GLOB
structure_exists = 1.0
sequence_matches_structure = False

Attempting prediction for YML072C
No prediction will be run:
has_verified_seq = True
DeepTMHMM_class = TM
structure_exists = 1.0
sequence_matches_structure = False

Attempting prediction for YNL087W
No prediction will be run:
has_verified_seq = True
DeepTMHMM_class = TM
structure_exists = 1.0
sequence_matches_structure = False

Attempting prediction for YOR086C
No prediction will be run:
has_verified_seq = True
DeepTMHMM_class = TM
structure_exists = 1.0
sequence_matches_structure = False

Attempting prediction for YGR026W
No prediction will be run:
has_verified_seq = True
DeepTMHMM_class = TM
structure_exists = 1.0
sequence_matches_structure = False

Attempting prediction for YGR042W
No prediction will be run:
has_verified_seq = True
DeepTMHMM_class = GLOB
structure_exists = 1.0
sequence_matches_structure = False

Attempting prediction for YIR002C
No prediction will be run:
has_verified_seq = True
DeepTMHMM_class = GLOB
structure_exists = 1.0
sequence_matches_structure = False

Attempting prediction for YGR092W
No prediction will be run:
has_verified_seq = True
DeepTMHMM_class = GLOB
structure_exists = 1.0
sequence_matches_structure = False

Attempting prediction for YGR037C
No prediction will be run:
has_verified_seq = True
DeepTMHMM_class = GLOB
structure_exists = 1.0
sequence_matches_structure = False

Attempting prediction for YGR043C
No prediction will be run:
has_verified_seq = True
DeepTMHMM_class = GLOB
structure_exists = 1.0
sequence_matches_structure = False

Attempting prediction for YIL106W
No prediction will be run:
has_verified_seq = True
DeepTMHMM_class = GLOB
structure_exists = 1.0
sequence_matches_structure = False

Attempting prediction for YGR052W
No prediction will be run:
has_verified_seq = True
DeepTMHMM_class = GLOB
structure_exists = 1.0
sequence_matches_structure = False

Attempting prediction for YGR046W
No prediction will be run:
has_verified_seq = True
DeepTMHMM_class = GLOB
structure_exists = 1.0
sequence_matches_structure = False

Attempting prediction for YGR055W
No prediction will be run:
has_verified_seq = True
DeepTMHMM_class = TM
structure_exists = 1.0
sequence_matches_structure = False

Attempting prediction for YGR071C
No prediction will be run:
has_verified_seq = True
DeepTMHMM_class = GLOB
structure_exists = 1.0
sequence_matches_structure = False

Attempting prediction for YGR085C
No prediction will be run:
has_verified_seq = True
DeepTMHMM_class = GLOB
structure_exists = 1.0
sequence_matches_structure = False

Attempting prediction for YGR087C
No prediction will be run:
has_verified_seq = True
DeepTMHMM_class = GLOB
structure_exists = 1.0
sequence_matches_structure = False

Attempting prediction for YGR093W
No prediction will be run:
has_verified_seq = True
DeepTMHMM_class = GLOB
structure_exists = 1.0
sequence_matches_structure = False

Attempting prediction for YKL149C
No prediction will be run:
has_verified_seq = True
DeepTMHMM_class = GLOB
structure_exists = 1.0
sequence_matches_structure = False

Attempting prediction for YPR111W
No prediction will be run:
has_verified_seq = True
DeepTMHMM_class = GLOB
structure_exists = 1.0
sequence_matches_structure = False

Attempting prediction for YGR102C
No prediction will be run:
has_verified_seq = True
DeepTMHMM_class = GLOB
structure_exists = 1.0
sequence_matches_structure = False

Attempting prediction for YGR105W
No prediction will be run:
has_verified_seq = True
DeepTMHMM_class = TM
structure_exists = 1.0
sequence_matches_structure = False

Attempting prediction for YGR118W
No prediction will be run:
has_verified_seq = True
DeepTMHMM_class = GLOB
structure_exists = 1.0
sequence_matches_structure = False

Attempting prediction for YMR157C
No prediction will be run:
has_verified_seq = True
DeepTMHMM_class = GLOB
structure_exists = 1.0
sequence_matches_structure = False

Attempting prediction for YGR108W
No prediction will be run:
has_verified_seq = True
DeepTMHMM_class = GLOB
structure_exists = 1.0
sequence_matches_structure = False

Attempting prediction for YGR122W
No prediction will be run:
has_verified_seq = True
DeepTMHMM_class = GLOB
structure_exists = 1.0
sequence_matches_structure = False

Attempting prediction for YGR124W
No prediction will be run:
has_verified_seq = True
DeepTMHMM_class = GLOB
structure_exists = 1.0
sequence_matches_structure = False

Attempting prediction for YPR145W
No prediction will be run:
has_verified_seq = True
DeepTMHMM_class = GLOB
structure_exists = 1.0
sequence_matches_structure = False

Attempting prediction for YGR123C
No prediction will be run:
has_verified_seq = True
DeepTMHMM_class = GLOB
structure_exists = 1.0
sequence_matches_structure = False

Attempting prediction for YOR197W
No prediction will be run:
has_verified_seq = True
DeepTMHMM_class = TM
structure_exists = 1.0
sequence_matches_structure = False

Attempting prediction for YGR126W
No prediction will be run:
has_verified_seq = True
DeepTMHMM_class = GLOB
structure_exists = 1.0
sequence_matches_structure = False

Attempting prediction for YGR151C
No prediction will be run:
has_verified_seq = False
DeepTMHMM_class = nan
structure_exists = 1.0
sequence_matches_structure = False

Attempting prediction for YGR152C
No prediction will be run:
has_verified_seq = True
DeepTMHMM_class = GLOB
structure_exists = 1.0
sequence_matches_structure = False

Attempting prediction for YGR157W
No prediction will be run:
has_verified_seq = True
DeepTMHMM_class = TM
structure_exists = 1.0
sequence_matches_structure = False

Attempting prediction for YGR171C
No prediction will be run:
has_verified_seq = True
DeepTMHMM_class = GLOB
structure_exists = 1.0
sequence_matches_structure = False

Attempting prediction for YGR177C
No prediction will be run:
has_verified_seq = True
DeepTMHMM_class = GLOB
structure_exists = 1.0
sequence_matches_structure = False

Attempting prediction for YGR183C
No prediction will be run:
has_verified_seq = True
DeepTMHMM_class = TM
structure_exists = 1.0
sequence_matches_structure = False

Attempting prediction for YGR198W
No prediction will be run:
has_verified_seq = True
DeepTMHMM_class = GLOB
structure_exists = 1.0
sequence_matches_structure = False

Attempting prediction for YMR212C
No prediction will be run:
has_verified_seq = True
DeepTMHMM_class = GLOB
structure_exists = 1.0
sequence_matches_structure = False

Attempting prediction for YLR305C
No prediction will be run:
has_verified_seq = True
DeepTMHMM_class = GLOB
structure_exists = 1.0
sequence_matches_structure = False

Attempting prediction for YGR194C
No prediction will be run:
has_verified_seq = True
DeepTMHMM_class = GLOB
structure_exists = 1.0
sequence_matches_structure = False

Attempting prediction for YMR312W
No prediction will be run:
has_verified_seq = True
DeepTMHMM_class = GLOB
structure_exists = 1.0
sequence_matches_structure = False

Attempting prediction for YHR187W
No prediction will be run:
has_verified_seq = True
DeepTMHMM_class = GLOB
structure_exists = 1.0
sequence_matches_structure = False

Attempting prediction for YGR206W
No prediction will be run:
has_verified_seq = True
DeepTMHMM_class = GLOB
structure_exists = 1.0
sequence_matches_structure = False

Attempting prediction for YPL065W
No prediction will be run:
has_verified_seq = True
DeepTMHMM_class = GLOB
structure_exists = 1.0
sequence_matches_structure = False

Attempting prediction for YCL008C
No prediction will be run:
has_verified_seq = True
DeepTMHMM_class = GLOB
structure_exists = 1.0
sequence_matches_structure = False

Attempting prediction for YGR209C
No prediction will be run:
has_verified_seq = True
DeepTMHMM_class = GLOB
structure_exists = 1.0
sequence_matches_structure = False

Attempting prediction for YLR043C
No prediction will be run:
has_verified_seq = True
DeepTMHMM_class = GLOB
structure_exists = 1.0
sequence_matches_structure = False

Attempting prediction for YGR211W
No prediction will be run:
has_verified_seq = True
DeepTMHMM_class = GLOB
structure_exists = 1.0
sequence_matches_structure = False

Attempting prediction for YGR222W
No prediction will be run:
has_verified_seq = True
DeepTMHMM_class = GLOB
structure_exists = 1.0
sequence_matches_structure = False

Attempting prediction for YOR350C
No prediction will be run:
has_verified_seq = True
DeepTMHMM_class = GLOB
structure_exists = 1.0
sequence_matches_structure = False

Attempting prediction for YPR134W
No prediction will be run:
has_verified_seq = True
DeepTMHMM_class = GLOB
structure_exists = 1.0
sequence_matches_structure = False

Attempting prediction for YGR219W
No prediction will be run:
has_verified_seq = False
DeepTMHMM_class = nan
structure_exists = 1.0
sequence_matches_structure = False

Attempting prediction for YGR233C
No prediction will be run:
has_verified_seq = True
DeepTMHMM_class = GLOB
structure_exists = 1.0
sequence_matches_structure = False

Attempting prediction for YOL001W
No prediction will be run:
has_verified_seq = True
DeepTMHMM_class = GLOB
structure_exists = 1.0
sequence_matches_structure = False

Attempting prediction for YGR229C
No prediction will be run:
has_verified_seq = True
DeepTMHMM_class = GLOB
structure_exists = 1.0
sequence_matches_structure = False

Attempting prediction for YGR238C
No prediction will be run:
has_verified_seq = True
DeepTMHMM_class = GLOB
structure_exists = 1.0
sequence_matches_structure = False

Attempting prediction for YHR158C
No prediction will be run:
has_verified_seq = True
DeepTMHMM_class = GLOB
structure_exists = 1.0
sequence_matches_structure = False

Attempting prediction for YGR248W
No prediction will be run:
has_verified_seq = True
DeepTMHMM_class = GLOB
structure_exists = 1.0
sequence_matches_structure = False

Attempting prediction for YGR255C
No prediction will be run:
has_verified_seq = True
DeepTMHMM_class = GLOB
structure_exists = 1.0
sequence_matches_structure = False

Attempting prediction for YGR257C
No prediction will be run:
has_verified_seq = True
DeepTMHMM_class = TM
structure_exists = 1.0
sequence_matches_structure = False

Attempting prediction for YGR262C
No prediction will be run:
has_verified_seq = True
DeepTMHMM_class = GLOB
structure_exists = 1.0
sequence_matches_structure = False

Attempting prediction for YGR263C
No prediction will be run:
has_verified_seq = True
DeepTMHMM_class = GLOB
structure_exists = 1.0
sequence_matches_structure = False

Attempting prediction for YGR269W
No prediction will be run:
has_verified_seq = False
DeepTMHMM_class = nan
structure_exists = 1.0
sequence_matches_structure = False

Attempting prediction for YGR267C
No prediction will be run:
has_verified_seq = True
DeepTMHMM_class = GLOB
structure_exists = 1.0
sequence_matches_structure = False

Attempting prediction for YGR277C
No prediction will be run:
has_verified_seq = True
DeepTMHMM_class = GLOB
structure_exists = 1.0
sequence_matches_structure = False

Attempting prediction for YGR195W
No prediction will be run:
has_verified_seq = True
DeepTMHMM_class = GLOB
structure_exists = 1.0
sequence_matches_structure = False

Attempting prediction for YGR282C
No prediction will be run:
has_verified_seq = True
DeepTMHMM_class = SP
structure_exists = 1.0
sequence_matches_structure = False

Attempting prediction for YLR390W-A
No prediction will be run:
has_verified_seq = True
DeepTMHMM_class = SP
structure_exists = 1.0
sequence_matches_structure = False

Attempting prediction for YGR295C
No prediction will be run:
has_verified_seq = True
DeepTMHMM_class = TM
structure_exists = 1.0
sequence_matches_structure = False

Attempting prediction for YNL336W;YGR295C
No prediction will be run:
has_verified_seq = False
DeepTMHMM_class = nan
structure_exists = nan
sequence_matches_structure = False

Attempting prediction for YGR286C
No prediction will be run:
has_verified_seq = True
DeepTMHMM_class = GLOB
structure_exists = 1.0
sequence_matches_structure = False

Attempting prediction for YNR006W
No prediction will be run:
has_verified_seq = True
DeepTMHMM_class = GLOB
structure_exists = 1.0
sequence_matches_structure = False

Attempting prediction for YOR171C
No prediction will be run:
has_verified_seq = True
DeepTMHMM_class = GLOB
structure_exists = 1.0
sequence_matches_structure = False

Attempting prediction for YHL002W
No prediction will be run:
has_verified_seq = True
DeepTMHMM_class = GLOB
structure_exists = 1.0
sequence_matches_structure = False

Attempting prediction for YPL259C
No prediction will be run:
has_verified_seq = True
DeepTMHMM_class = GLOB
structure_exists = 1.0
sequence_matches_structure = False

Attempting prediction for YHL036W
No prediction will be run:
has_verified_seq = True
DeepTMHMM_class = TM
structure_exists = 1.0
sequence_matches_structure = False

Attempting prediction for YMR012W
No prediction will be run:
has_verified_seq = True
DeepTMHMM_class = GLOB
structure_exists = 1.0
sequence_matches_structure = False

Attempting prediction for YMR216C
No prediction will be run:
has_verified_seq = True
DeepTMHMM_class = GLOB
structure_exists = 1.0
sequence_matches_structure = False

Attempting prediction for YHL027W
No prediction will be run:
has_verified_seq = True
DeepTMHMM_class = GLOB
structure_exists = 1.0
sequence_matches_structure = False

Attempting prediction for YHR005C
No prediction will be run:
has_verified_seq = True
DeepTMHMM_class = GLOB
structure_exists = 1.0
sequence_matches_structure = False

Attempting prediction for YHR010W
No prediction will be run:
has_verified_seq = True
DeepTMHMM_class = GLOB
structure_exists = 1.0
sequence_matches_structure = False

Attempting prediction for YHR006W
No prediction will be run:
has_verified_seq = True
DeepTMHMM_class = GLOB
structure_exists = 1.0
sequence_matches_structure = False

Attempting prediction for YHR012W
No prediction will be run:
has_verified_seq = True
DeepTMHMM_class = GLOB
structure_exists = 1.0
sequence_matches_structure = False

Attempting prediction for YHR011W
No prediction will be run:
has_verified_seq = True
DeepTMHMM_class = GLOB
structure_exists = 1.0
sequence_matches_structure = False

Attempting prediction for YHR018C
No prediction will be run:
has_verified_seq = True
DeepTMHMM_class = GLOB
structure_exists = 1.0
sequence_matches_structure = False

Attempting prediction for YHR015W
No prediction will be run:
has_verified_seq = True
DeepTMHMM_class = GLOB
structure_exists = 1.0
sequence_matches_structure = False

Attempting prediction for YHR023W
No prediction will be run:
has_verified_seq = True
DeepTMHMM_class = GLOB
structure_exists = 1.0
sequence_matches_structure = False

Attempting prediction for YDL171C
No prediction will be run:
has_verified_seq = True
DeepTMHMM_class = GLOB
structure_exists = 1.0
sequence_matches_structure = False

Attempting prediction for YPR188C
No prediction will be run:
has_verified_seq = True
DeepTMHMM_class = GLOB
structure_exists = 1.0
sequence_matches_structure = False

Attempting prediction for YHR021C
No prediction will be run:
has_verified_seq = True
DeepTMHMM_class = GLOB
structure_exists = 1.0
sequence_matches_structure = False

Attempting prediction for YHR036W
No prediction will be run:
has_verified_seq = True
DeepTMHMM_class = TM
structure_exists = 1.0
sequence_matches_structure = False

Attempting prediction for YHR031C
No prediction will be run:
has_verified_seq = True
DeepTMHMM_class = GLOB
structure_exists = 1.0
sequence_matches_structure = False

Attempting prediction for YOL097C
No prediction will be run:
has_verified_seq = True
DeepTMHMM_class = GLOB
structure_exists = 1.0
sequence_matches_structure = False

Attempting prediction for YHR038W
No prediction will be run:
has_verified_seq = True
DeepTMHMM_class = GLOB
structure_exists = 1.0
sequence_matches_structure = False

Attempting prediction for YHR045W
No prediction will be run:
has_verified_seq = True
DeepTMHMM_class = TM
structure_exists = 1.0
sequence_matches_structure = False

Attempting prediction for YHR053C
No prediction will be run:
has_verified_seq = True
DeepTMHMM_class = GLOB
structure_exists = 1.0
sequence_matches_structure = False

Attempting prediction for YHR060W
No prediction will be run:
has_verified_seq = True
DeepTMHMM_class = GLOB
structure_exists = 1.0
sequence_matches_structure = False

Attempting prediction for YKL119C
No prediction will be run:
has_verified_seq = True
DeepTMHMM_class = TM
structure_exists = 1.0
sequence_matches_structure = False

Attempting prediction for YHR055C
No prediction will be run:
has_verified_seq = True
DeepTMHMM_class = GLOB
structure_exists = 1.0
sequence_matches_structure = False

Attempting prediction for YHR061C
No prediction will be run:
has_verified_seq = True
DeepTMHMM_class = GLOB
structure_exists = 1.0
sequence_matches_structure = False

Attempting prediction for YHR063C
No prediction will be run:
has_verified_seq = True
DeepTMHMM_class = GLOB
structure_exists = 1.0
sequence_matches_structure = False

Attempting prediction for YHR068W
No prediction will be run:
has_verified_seq = True
DeepTMHMM_class = GLOB
structure_exists = 1.0
sequence_matches_structure = False

Attempting prediction for YHR067W
No prediction will be run:
has_verified_seq = True
DeepTMHMM_class = GLOB
structure_exists = 1.0
sequence_matches_structure = False

Attempting prediction for YHR072W
No prediction will be run:
has_verified_seq = True
DeepTMHMM_class = GLOB
structure_exists = 1.0
sequence_matches_structure = False

Attempting prediction for YLR100W
No prediction will be run:
has_verified_seq = True
DeepTMHMM_class = GLOB
structure_exists = 1.0
sequence_matches_structure = False

Attempting prediction for YHR074W
No prediction will be run:
has_verified_seq = True
DeepTMHMM_class = GLOB
structure_exists = 1.0
sequence_matches_structure = False

Attempting prediction for YHR083W
No prediction will be run:
has_verified_seq = True
DeepTMHMM_class = GLOB
structure_exists = 1.0
sequence_matches_structure = False

Attempting prediction for YMR060C
No prediction will be run:
has_verified_seq = True
DeepTMHMM_class = GLOB
structure_exists = 1.0
sequence_matches_structure = False

Attempting prediction for YHR098C
No prediction will be run:
has_verified_seq = True
DeepTMHMM_class = GLOB
structure_exists = 1.0
sequence_matches_structure = False

Attempting prediction for YHR090C
No prediction will be run:
has_verified_seq = True
DeepTMHMM_class = GLOB
structure_exists = 1.0
sequence_matches_structure = False

Attempting prediction for YHR102W
No prediction will be run:
has_verified_seq = True
DeepTMHMM_class = GLOB
structure_exists = 1.0
sequence_matches_structure = False

Attempting prediction for YOR353C
No prediction will be run:
has_verified_seq = True
DeepTMHMM_class = GLOB
structure_exists = 1.0
sequence_matches_structure = False

Attempting prediction for YJR125C
No prediction will be run:
has_verified_seq = True
DeepTMHMM_class = GLOB
structure_exists = 1.0
sequence_matches_structure = False

Attempting prediction for YHR104W
No prediction will be run:
has_verified_seq = True
DeepTMHMM_class = GLOB
structure_exists = 1.0
sequence_matches_structure = False

Attempting prediction for YIL008W
No prediction will be run:
has_verified_seq = True
DeepTMHMM_class = GLOB
structure_exists = 1.0
sequence_matches_structure = False

Attempting prediction for YHR115C
No prediction will be run:
has_verified_seq = True
DeepTMHMM_class = GLOB
structure_exists = 1.0
sequence_matches_structure = False

Attempting prediction for YNL116W
No prediction will be run:
has_verified_seq = True
DeepTMHMM_class = GLOB
structure_exists = 1.0
sequence_matches_structure = False

Attempting prediction for YHR114W
No prediction will be run:
has_verified_seq = True
DeepTMHMM_class = GLOB
structure_exists = 1.0
sequence_matches_structure = False

Attempting prediction for YNL311C
No prediction will be run:
has_verified_seq = True
DeepTMHMM_class = GLOB
structure_exists = 1.0
sequence_matches_structure = False

Attempting prediction for YHR136C
No prediction will be run:
has_verified_seq = True
DeepTMHMM_class = GLOB
structure_exists = 1.0
sequence_matches_structure = False

Attempting prediction for YHR132C
No prediction will be run:
has_verified_seq = True
DeepTMHMM_class = SP
structure_exists = 1.0
sequence_matches_structure = False

Attempting prediction for YHR141C
No prediction will be run:
has_verified_seq = True
DeepTMHMM_class = GLOB
structure_exists = 1.0
sequence_matches_structure = False

Attempting prediction for YIL057C
No prediction will be run:
has_verified_seq = True
DeepTMHMM_class = GLOB
structure_exists = 1.0
sequence_matches_structure = False

Attempting prediction for YHR140W
No prediction will be run:
has_verified_seq = True
DeepTMHMM_class = TM
structure_exists = 1.0
sequence_matches_structure = False

Attempting prediction for YHR142W
No prediction will be run:
has_verified_seq = True
DeepTMHMM_class = TM
structure_exists = 1.0
sequence_matches_structure = False

Attempting prediction for YHR144C
No prediction will be run:
has_verified_seq = True
DeepTMHMM_class = GLOB
structure_exists = 1.0
sequence_matches_structure = False

Attempting prediction for YHR161C
No prediction will be run:
has_verified_seq = True
DeepTMHMM_class = GLOB
structure_exists = 1.0
sequence_matches_structure = False

Attempting prediction for YHR159W
No prediction will be run:
has_verified_seq = True
DeepTMHMM_class = GLOB
structure_exists = 1.0
sequence_matches_structure = False

Attempting prediction for YHR178W
No prediction will be run:
has_verified_seq = True
DeepTMHMM_class = GLOB
structure_exists = 1.0
sequence_matches_structure = False

Attempting prediction for YHR181W
No prediction will be run:
has_verified_seq = True
DeepTMHMM_class = TM
structure_exists = 1.0
sequence_matches_structure = False

Attempting prediction for YBL040C
No prediction will be run:
has_verified_seq = True
DeepTMHMM_class = TM
structure_exists = 1.0
sequence_matches_structure = False

Attempting prediction for YHR189W
No prediction will be run:
has_verified_seq = True
DeepTMHMM_class = GLOB
structure_exists = 1.0
sequence_matches_structure = False

Attempting prediction for YMR271C
No prediction will be run:
has_verified_seq = True
DeepTMHMM_class = GLOB
structure_exists = 1.0
sequence_matches_structure = False

Attempting prediction for YHR198C
No prediction will be run:
has_verified_seq = True
DeepTMHMM_class = GLOB
structure_exists = 1.0
sequence_matches_structure = False

Attempting prediction for YHR195W
No prediction will be run:
has_verified_seq = True
DeepTMHMM_class = GLOB
structure_exists = 1.0
sequence_matches_structure = False

Attempting prediction for YHR201C
No prediction will be run:
has_verified_seq = True
DeepTMHMM_class = GLOB
structure_exists = 1.0
sequence_matches_structure = False

Attempting prediction for YHR199C
No prediction will be run:
has_verified_seq = True
DeepTMHMM_class = GLOB
structure_exists = 1.0
sequence_matches_structure = False

Attempting prediction for YHR203C
No prediction will be run:
has_verified_seq = True
DeepTMHMM_class = GLOB
structure_exists = 1.0
sequence_matches_structure = False

Attempting prediction for YLR406C
No prediction will be run:
has_verified_seq = True
DeepTMHMM_class = GLOB
structure_exists = 1.0
sequence_matches_structure = False

Attempting prediction for YHR202W
No prediction will be run:
has_verified_seq = True
DeepTMHMM_class = SP
structure_exists = 1.0
sequence_matches_structure = False

Attempting prediction for YHR206W
No prediction will be run:
has_verified_seq = True
DeepTMHMM_class = GLOB
structure_exists = 1.0
sequence_matches_structure = False

Attempting prediction for YHR205W
No prediction will be run:
has_verified_seq = True
DeepTMHMM_class = GLOB
structure_exists = 1.0
sequence_matches_structure = False

Attempting prediction for YHR216W
No prediction will be run:
has_verified_seq = True
DeepTMHMM_class = GLOB
structure_exists = 1.0
sequence_matches_structure = False

Attempting prediction for YIL004C
No prediction will be run:
has_verified_seq = True
DeepTMHMM_class = TM
structure_exists = 1.0
sequence_matches_structure = False

Attempting prediction for YGL148W
No prediction will be run:
has_verified_seq = True
DeepTMHMM_class = GLOB
structure_exists = 1.0
sequence_matches_structure = False

Attempting prediction for YIL022W
No prediction will be run:
has_verified_seq = True
DeepTMHMM_class = GLOB
structure_exists = 1.0
sequence_matches_structure = False

Attempting prediction for YIL033C
No prediction will be run:
has_verified_seq = True
DeepTMHMM_class = GLOB
structure_exists = 1.0
sequence_matches_structure = False

Attempting prediction for YJL164C
No prediction will be run:
has_verified_seq = True
DeepTMHMM_class = GLOB
structure_exists = 1.0
sequence_matches_structure = False

Attempting prediction for YPL203W
No prediction will be run:
has_verified_seq = True
DeepTMHMM_class = GLOB
structure_exists = 1.0
sequence_matches_structure = False

Attempting prediction for YKL166C
No prediction will be run:
has_verified_seq = True
DeepTMHMM_class = GLOB
structure_exists = 1.0
sequence_matches_structure = False

Attempting prediction for YIL039W
No prediction will be run:
has_verified_seq = True
DeepTMHMM_class = TM
structure_exists = 1.0
sequence_matches_structure = False

Attempting prediction for YIL037C
No prediction will be run:
has_verified_seq = True
DeepTMHMM_class = TM
structure_exists = 1.0
sequence_matches_structure = False

Attempting prediction for YIL042C
No prediction will be run:
has_verified_seq = True
DeepTMHMM_class = GLOB
structure_exists = 1.0
sequence_matches_structure = False

Attempting prediction for YGL059W
No prediction will be run:
has_verified_seq = True
DeepTMHMM_class = GLOB
structure_exists = 1.0
sequence_matches_structure = False

Attempting prediction for YIL040W
No prediction will be run:
has_verified_seq = True
DeepTMHMM_class = TM
structure_exists = 1.0
sequence_matches_structure = False

Attempting prediction for YBL017C
No prediction will be run:
has_verified_seq = True
DeepTMHMM_class = SP+TM
structure_exists = 1.0
sequence_matches_structure = False

Attempting prediction for YIL050W
No prediction will be run:
has_verified_seq = True
DeepTMHMM_class = GLOB
structure_exists = 1.0
sequence_matches_structure = False

Attempting prediction for YIL063C
No prediction will be run:
has_verified_seq = True
DeepTMHMM_class = GLOB
structure_exists = 1.0
sequence_matches_structure = False

Attempting prediction for YIL071C
No prediction will be run:
has_verified_seq = True
DeepTMHMM_class = GLOB
structure_exists = 1.0
sequence_matches_structure = False

Attempting prediction for YIL069C
No prediction will be run:
has_verified_seq = True
DeepTMHMM_class = GLOB
structure_exists = 1.0
sequence_matches_structure = False

Attempting prediction for YIL083C
No prediction will be run:
has_verified_seq = True
DeepTMHMM_class = GLOB
structure_exists = 1.0
sequence_matches_structure = False

Attempting prediction for YIL098C
No prediction will be run:
has_verified_seq = True
DeepTMHMM_class = GLOB
structure_exists = 1.0
sequence_matches_structure = False

Attempting prediction for YIL101C
No prediction will be run:
has_verified_seq = True
DeepTMHMM_class = GLOB
structure_exists = 1.0
sequence_matches_structure = False

Attempting prediction for YHR155W
No prediction will be run:
has_verified_seq = True
DeepTMHMM_class = TM
structure_exists = 1.0
sequence_matches_structure = False

Attempting prediction for YIL105C
No prediction will be run:
has_verified_seq = True
DeepTMHMM_class = GLOB
structure_exists = 1.0
sequence_matches_structure = False

Attempting prediction for YIL123W
No prediction will be run:
has_verified_seq = True
DeepTMHMM_class = SP
structure_exists = 1.0
sequence_matches_structure = False

Attempting prediction for YIL131C
No prediction will be run:
has_verified_seq = True
DeepTMHMM_class = GLOB
structure_exists = 1.0
sequence_matches_structure = False

Attempting prediction for YIL128W
No prediction will be run:
has_verified_seq = True
DeepTMHMM_class = GLOB
structure_exists = 1.0
sequence_matches_structure = False

Attempting prediction for YIL145C
No prediction will be run:
has_verified_seq = True
DeepTMHMM_class = GLOB
structure_exists = 1.0
sequence_matches_structure = False

Attempting prediction for YIL138C
No prediction will be run:
has_verified_seq = True
DeepTMHMM_class = GLOB
structure_exists = 1.0
sequence_matches_structure = False

Attempting prediction for YNL079C
No prediction will be run:
has_verified_seq = True
DeepTMHMM_class = GLOB
structure_exists = 1.0
sequence_matches_structure = False

Attempting prediction for YBR130C
No prediction will be run:
has_verified_seq = True
DeepTMHMM_class = GLOB
structure_exists = 1.0
sequence_matches_structure = False

Attempting prediction for YIL149C
No prediction will be run:
has_verified_seq = True
DeepTMHMM_class = GLOB
structure_exists = 1.0
sequence_matches_structure = False

Attempting prediction for YIL148W
No prediction will be run:
has_verified_seq = True
DeepTMHMM_class = GLOB
structure_exists = 1.0
sequence_matches_structure = False

Attempting prediction for YIL153W
No prediction will be run:
has_verified_seq = True
DeepTMHMM_class = GLOB
structure_exists = 1.0
sequence_matches_structure = False

Attempting prediction for YIL160C
No prediction will be run:
has_verified_seq = True
DeepTMHMM_class = GLOB
structure_exists = 1.0
sequence_matches_structure = False

Attempting prediction for YIR004W
No prediction will be run:
has_verified_seq = True
DeepTMHMM_class = GLOB
structure_exists = 1.0
sequence_matches_structure = False

Attempting prediction for YNL135C
No prediction will be run:
has_verified_seq = True
DeepTMHMM_class = GLOB
structure_exists = 1.0
sequence_matches_structure = False

Attempting prediction for YIR011C
No prediction will be run:
has_verified_seq = True
DeepTMHMM_class = GLOB
structure_exists = 1.0
sequence_matches_structure = False

Attempting prediction for YIR007W
No prediction will be run:
has_verified_seq = True
DeepTMHMM_class = GLOB
structure_exists = 1.0
sequence_matches_structure = False

Attempting prediction for YIR015W
No prediction will be run:
has_verified_seq = True
DeepTMHMM_class = GLOB
structure_exists = 1.0
sequence_matches_structure = False

Attempting prediction for YIR014W
No prediction will be run:
has_verified_seq = True
DeepTMHMM_class = TM
structure_exists = 1.0
sequence_matches_structure = False

Attempting prediction for YIR018W
No prediction will be run:
has_verified_seq = True
DeepTMHMM_class = GLOB
structure_exists = 1.0
sequence_matches_structure = False

Attempting prediction for YJL005W
No prediction will be run:
has_verified_seq = True
DeepTMHMM_class = GLOB
structure_exists = 1.0
sequence_matches_structure = False

Attempting prediction for YNL138W
No prediction will be run:
has_verified_seq = True
DeepTMHMM_class = GLOB
structure_exists = 1.0
sequence_matches_structure = False

Attempting prediction for YJL006C
No prediction will be run:
has_verified_seq = True
DeepTMHMM_class = GLOB
structure_exists = 1.0
sequence_matches_structure = False

Attempting prediction for YKL139W
No prediction will be run:
has_verified_seq = True
DeepTMHMM_class = GLOB
structure_exists = 1.0
sequence_matches_structure = False

Attempting prediction for YML112W
No prediction will be run:
has_verified_seq = True
DeepTMHMM_class = GLOB
structure_exists = 1.0
sequence_matches_structure = False

Attempting prediction for YDL229W
No prediction will be run:
has_verified_seq = True
DeepTMHMM_class = GLOB
structure_exists = 1.0
sequence_matches_structure = False

Attempting prediction for YJL035C
No prediction will be run:
has_verified_seq = True
DeepTMHMM_class = GLOB
structure_exists = 1.0
sequence_matches_structure = False

Attempting prediction for YLR316C
No prediction will be run:
has_verified_seq = True
DeepTMHMM_class = GLOB
structure_exists = 1.0
sequence_matches_structure = False

Attempting prediction for YJL044C
No prediction will be run:
has_verified_seq = True
DeepTMHMM_class = GLOB
structure_exists = 1.0
sequence_matches_structure = False

Attempting prediction for YJL043W
No prediction will be run:
has_verified_seq = True
DeepTMHMM_class = GLOB
structure_exists = 1.0
sequence_matches_structure = False

Attempting prediction for YJL057C
No prediction will be run:
has_verified_seq = True
DeepTMHMM_class = TM
structure_exists = 1.0
sequence_matches_structure = False

Attempting prediction for YJL048C
No prediction will be run:
has_verified_seq = True
DeepTMHMM_class = GLOB
structure_exists = 1.0
sequence_matches_structure = False

Attempting prediction for YJL065C
No prediction will be run:
has_verified_seq = True
DeepTMHMM_class = GLOB
structure_exists = 1.0
sequence_matches_structure = False

Attempting prediction for YJL062W-A
No prediction will be run:
has_verified_seq = True
DeepTMHMM_class = TM
structure_exists = 1.0
sequence_matches_structure = False

Attempting prediction for YJL070C
No prediction will be run:
has_verified_seq = True
DeepTMHMM_class = GLOB
structure_exists = 1.0
sequence_matches_structure = False

Attempting prediction for YML035C
No prediction will be run:
has_verified_seq = True
DeepTMHMM_class = GLOB
structure_exists = 1.0
sequence_matches_structure = False

Attempting prediction for YJL078C
No prediction will be run:
has_verified_seq = True
DeepTMHMM_class = SP
structure_exists = 1.0
sequence_matches_structure = False

Attempting prediction for YJL079C
No prediction will be run:
has_verified_seq = True
DeepTMHMM_class = SP
structure_exists = 1.0
sequence_matches_structure = False

Attempting prediction for YMR237W
No prediction will be run:
has_verified_seq = True
DeepTMHMM_class = GLOB
structure_exists = 1.0
sequence_matches_structure = False

Attempting prediction for YJL099W
No prediction will be run:
has_verified_seq = True
DeepTMHMM_class = GLOB
structure_exists = 1.0
sequence_matches_structure = False

Attempting prediction for YLR330W
No prediction will be run:
has_verified_seq = True
DeepTMHMM_class = GLOB
structure_exists = 1.0
sequence_matches_structure = False

Attempting prediction for YJL104W
No prediction will be run:
has_verified_seq = True
DeepTMHMM_class = GLOB
structure_exists = 1.0
sequence_matches_structure = False

Attempting prediction for YLR008C
No prediction will be run:
has_verified_seq = True
DeepTMHMM_class = GLOB
structure_exists = 1.0
sequence_matches_structure = False

Attempting prediction for YJL112W
No prediction will be run:
has_verified_seq = True
DeepTMHMM_class = GLOB
structure_exists = 1.0
sequence_matches_structure = False

Attempting prediction for YJL123C
No prediction will be run:
has_verified_seq = True
DeepTMHMM_class = GLOB
structure_exists = 1.0
sequence_matches_structure = False

Attempting prediction for YJL125C
No prediction will be run:
has_verified_seq = True
DeepTMHMM_class = GLOB
structure_exists = 1.0
sequence_matches_structure = False

Attempting prediction for YNL062C
No prediction will be run:
has_verified_seq = True
DeepTMHMM_class = GLOB
structure_exists = 1.0
sequence_matches_structure = False

Attempting prediction for YJL130C
No prediction will be run:
has_verified_seq = True
DeepTMHMM_class = GLOB
structure_exists = 1.0
sequence_matches_structure = False

Attempting prediction for YLR153C
No prediction will be run:
has_verified_seq = True
DeepTMHMM_class = GLOB
structure_exists = 1.0
sequence_matches_structure = False

Attempting prediction for YLR363C
No prediction will be run:
has_verified_seq = True
DeepTMHMM_class = GLOB
structure_exists = 1.0
sequence_matches_structure = False

Attempting prediction for YNL037C
No prediction will be run:
has_verified_seq = True
DeepTMHMM_class = GLOB
structure_exists = 1.0
sequence_matches_structure = False

Attempting prediction for YNR016C
No prediction will be run:
has_verified_seq = True
DeepTMHMM_class = GLOB
structure_exists = 1.0
sequence_matches_structure = False

Attempting prediction for YKR028W
No prediction will be run:
has_verified_seq = True
DeepTMHMM_class = GLOB
structure_exists = 1.0
sequence_matches_structure = False

Attempting prediction for YJL147C
No prediction will be run:
has_verified_seq = True
DeepTMHMM_class = GLOB
structure_exists = 1.0
sequence_matches_structure = False

Attempting prediction for YJL155C
No prediction will be run:
has_verified_seq = True
DeepTMHMM_class = GLOB
structure_exists = 1.0
sequence_matches_structure = False

Attempting prediction for YLR345W
No prediction will be run:
has_verified_seq = True
DeepTMHMM_class = GLOB
structure_exists = 1.0
sequence_matches_structure = False

Attempting prediction for YJL153C
No prediction will be run:
has_verified_seq = True
DeepTMHMM_class = GLOB
structure_exists = 1.0
sequence_matches_structure = False

Attempting prediction for YJL169W
No prediction will be run:
has_verified_seq = False
DeepTMHMM_class = nan
structure_exists = nan
sequence_matches_structure = False

Attempting prediction for YJL196C
No prediction will be run:
has_verified_seq = True
DeepTMHMM_class = TM
structure_exists = 1.0
sequence_matches_structure = False

Attempting prediction for YBR126W-A
No prediction will be run:
has_verified_seq = True
DeepTMHMM_class = TM
structure_exists = 1.0
sequence_matches_structure = False

Attempting prediction for YJL190C
No prediction will be run:
has_verified_seq = True
DeepTMHMM_class = GLOB
structure_exists = 1.0
sequence_matches_structure = False

Attempting prediction for YBL004W
No prediction will be run:
has_verified_seq = True
DeepTMHMM_class = GLOB
structure_exists = 1.0
sequence_matches_structure = False

Attempting prediction for YCL059C
No prediction will be run:
has_verified_seq = True
DeepTMHMM_class = GLOB
structure_exists = 1.0
sequence_matches_structure = False

Attempting prediction for YBR247C
No prediction will be run:
has_verified_seq = True
DeepTMHMM_class = GLOB
structure_exists = 1.0
sequence_matches_structure = False

Attempting prediction for YCR057C
No prediction will be run:
has_verified_seq = True
DeepTMHMM_class = GLOB
structure_exists = 1.0
sequence_matches_structure = False

Attempting prediction for YOR145C
No prediction will be run:
has_verified_seq = True
DeepTMHMM_class = GLOB
structure_exists = 1.0
sequence_matches_structure = False

Attempting prediction for YJL197W
No prediction will be run:
has_verified_seq = True
DeepTMHMM_class = GLOB
structure_exists = 1.0
sequence_matches_structure = False

Attempting prediction for YJL208C
No prediction will be run:
has_verified_seq = True
DeepTMHMM_class = GLOB
structure_exists = 1.0
sequence_matches_structure = False

Attempting prediction for YJL204C
No prediction will be run:
has_verified_seq = True
DeepTMHMM_class = GLOB
structure_exists = 1.0
sequence_matches_structure = False

Attempting prediction for YJL212C
No prediction will be run:
has_verified_seq = True
DeepTMHMM_class = TM
structure_exists = 1.0
sequence_matches_structure = False

Attempting prediction for YJL210W
No prediction will be run:
has_verified_seq = True
DeepTMHMM_class = GLOB
structure_exists = 1.0
sequence_matches_structure = False

Attempting prediction for YJR008W
No prediction will be run:
has_verified_seq = True
DeepTMHMM_class = GLOB
structure_exists = 1.0
sequence_matches_structure = False

Attempting prediction for YJR015W
No prediction will be run:
has_verified_seq = True
DeepTMHMM_class = TM
structure_exists = 1.0
sequence_matches_structure = False

Attempting prediction for YJR013W
No prediction will be run:
has_verified_seq = True
DeepTMHMM_class = TM
structure_exists = 1.0
sequence_matches_structure = False

Attempting prediction for YJR044C
No prediction will be run:
has_verified_seq = True
DeepTMHMM_class = TM
structure_exists = 1.0
sequence_matches_structure = False

Attempting prediction for YJR035W
No prediction will be run:
has_verified_seq = True
DeepTMHMM_class = GLOB
structure_exists = 1.0
sequence_matches_structure = False

Attempting prediction for YJR048W
No prediction will be run:
has_verified_seq = True
DeepTMHMM_class = GLOB
structure_exists = 1.0
sequence_matches_structure = False

Attempting prediction for YIL013C
No prediction will be run:
has_verified_seq = True
DeepTMHMM_class = TM
structure_exists = 1.0
sequence_matches_structure = False

Attempting prediction for YJR052W
No prediction will be run:
has_verified_seq = True
DeepTMHMM_class = GLOB
structure_exists = 1.0
sequence_matches_structure = False

Attempting prediction for YPL046C
No prediction will be run:
has_verified_seq = True
DeepTMHMM_class = GLOB
structure_exists = 1.0
sequence_matches_structure = False

Attempting prediction for YPL193W
No prediction will be run:
has_verified_seq = True
DeepTMHMM_class = GLOB
structure_exists = 1.0
sequence_matches_structure = False

Attempting prediction for YJR055W
No prediction will be run:
has_verified_seq = True
DeepTMHMM_class = GLOB
structure_exists = 1.0
sequence_matches_structure = False

Attempting prediction for YJR067C
No prediction will be run:
has_verified_seq = True
DeepTMHMM_class = GLOB
structure_exists = 1.0
sequence_matches_structure = False

Attempting prediction for YJR058C
No prediction will be run:
has_verified_seq = True
DeepTMHMM_class = GLOB
structure_exists = 1.0
sequence_matches_structure = False

Attempting prediction for YJR074W
No prediction will be run:
has_verified_seq = True
DeepTMHMM_class = GLOB
structure_exists = 1.0
sequence_matches_structure = False

Attempting prediction for YNL036W
No prediction will be run:
has_verified_seq = True
DeepTMHMM_class = GLOB
structure_exists = 1.0
sequence_matches_structure = False

Attempting prediction for YJR096W
No prediction will be run:
has_verified_seq = True
DeepTMHMM_class = GLOB
structure_exists = 1.0
sequence_matches_structure = False

Attempting prediction for YJR094W-A
No prediction will be run:
has_verified_seq = True
DeepTMHMM_class = GLOB
structure_exists = 1.0
sequence_matches_structure = False

Attempting prediction for YJR111C
No prediction will be run:
has_verified_seq = True
DeepTMHMM_class = GLOB
structure_exists = 1.0
sequence_matches_structure = False

Attempting prediction for YJR105W
No prediction will be run:
has_verified_seq = True
DeepTMHMM_class = GLOB
structure_exists = 1.0
sequence_matches_structure = False

Attempting prediction for YJR116W
No prediction will be run:
has_verified_seq = True
DeepTMHMM_class = TM
structure_exists = 1.0
sequence_matches_structure = False

Attempting prediction for YJR129C
No prediction will be run:
has_verified_seq = True
DeepTMHMM_class = GLOB
structure_exists = 1.0
sequence_matches_structure = False

Attempting prediction for YJR119C
No prediction will be run:
has_verified_seq = True
DeepTMHMM_class = GLOB
structure_exists = 1.0
sequence_matches_structure = False

Attempting prediction for YJR133W
No prediction will be run:
has_verified_seq = True
DeepTMHMM_class = GLOB
structure_exists = 1.0
sequence_matches_structure = False

Attempting prediction for YBR235W
No prediction will be run:
has_verified_seq = True
DeepTMHMM_class = TM
structure_exists = 1.0
sequence_matches_structure = False

Attempting prediction for YJR134C
No prediction will be run:
has_verified_seq = True
DeepTMHMM_class = GLOB
structure_exists = 1.0
sequence_matches_structure = False

Attempting prediction for YKL033W
No prediction will be run:
has_verified_seq = True
DeepTMHMM_class = GLOB
structure_exists = 1.0
sequence_matches_structure = False

Attempting prediction for YGR099W
No prediction will be run:
has_verified_seq = True
DeepTMHMM_class = GLOB
structure_exists = 1.0
sequence_matches_structure = False

Attempting prediction for YPR085C
No prediction will be run:
has_verified_seq = True
DeepTMHMM_class = GLOB
structure_exists = 1.0
sequence_matches_structure = False

Attempting prediction for YJR136C
No prediction will be run:
has_verified_seq = True
DeepTMHMM_class = GLOB
structure_exists = 1.0
sequence_matches_structure = False

Attempting prediction for YJR147W
No prediction will be run:
has_verified_seq = True
DeepTMHMM_class = GLOB
structure_exists = 1.0
sequence_matches_structure = False

Attempting prediction for YJR145C
No prediction will be run:
has_verified_seq = True
DeepTMHMM_class = GLOB
structure_exists = 1.0
sequence_matches_structure = False

Attempting prediction for YJR161C
No prediction will be run:
has_verified_seq = True
DeepTMHMM_class = TM
structure_exists = 1.0
sequence_matches_structure = False

Attempting prediction for YJR149W
No prediction will be run:
has_verified_seq = True
DeepTMHMM_class = GLOB
structure_exists = 1.0
sequence_matches_structure = False

Attempting prediction for YKL002W
No prediction will be run:
has_verified_seq = True
DeepTMHMM_class = GLOB
structure_exists = 1.0
sequence_matches_structure = False

Attempting prediction for YPR017C
No prediction will be run:
has_verified_seq = True
DeepTMHMM_class = GLOB
structure_exists = 1.0
sequence_matches_structure = False

Attempting prediction for YKL006C-A
No prediction will be run:
has_verified_seq = True
DeepTMHMM_class = TM
structure_exists = 1.0
sequence_matches_structure = False

Attempting prediction for YKL018C-A
No prediction will be run:
has_verified_seq = True
DeepTMHMM_class = GLOB
structure_exists = 1.0
sequence_matches_structure = False

Attempting prediction for YKL017C
No prediction will be run:
has_verified_seq = True
DeepTMHMM_class = GLOB
structure_exists = 1.0
sequence_matches_structure = False

Attempting prediction for YKL020C
No prediction will be run:
has_verified_seq = True
DeepTMHMM_class = TM
structure_exists = 1.0
sequence_matches_structure = False

Attempting prediction for YIR033W
No prediction will be run:
has_verified_seq = True
DeepTMHMM_class = TM
structure_exists = 1.0
sequence_matches_structure = False

Attempting prediction for YKL028W
No prediction will be run:
has_verified_seq = True
DeepTMHMM_class = GLOB
structure_exists = 1.0
sequence_matches_structure = False

Attempting prediction for YKL026C
No prediction will be run:
has_verified_seq = True
DeepTMHMM_class = GLOB
structure_exists = 1.0
sequence_matches_structure = False

Attempting prediction for YKL043W
No prediction will be run:
has_verified_seq = True
DeepTMHMM_class = GLOB
structure_exists = 1.0
sequence_matches_structure = False

Attempting prediction for YKL038W
No prediction will be run:
has_verified_seq = True
DeepTMHMM_class = GLOB
structure_exists = 1.0
sequence_matches_structure = False

Attempting prediction for YKL048C
No prediction will be run:
has_verified_seq = True
DeepTMHMM_class = GLOB
structure_exists = 1.0
sequence_matches_structure = False

Attempting prediction for YKL047W
No prediction will be run:
has_verified_seq = True
DeepTMHMM_class = GLOB
structure_exists = 1.0
sequence_matches_structure = False

Attempting prediction for YKL049C
No prediction will be run:
has_verified_seq = True
DeepTMHMM_class = GLOB
structure_exists = 1.0
sequence_matches_structure = False

Attempting prediction for YKL058W
No prediction will be run:
has_verified_seq = True
DeepTMHMM_class = GLOB
structure_exists = 1.0
sequence_matches_structure = False

Attempting prediction for YOR194C
No prediction will be run:
has_verified_seq = True
DeepTMHMM_class = GLOB
structure_exists = 1.0
sequence_matches_structure = False

Attempting prediction for YKL055C
No prediction will be run:
has_verified_seq = True
DeepTMHMM_class = GLOB
structure_exists = 1.0
sequence_matches_structure = False

Attempting prediction for YKL061W
No prediction will be run:
has_verified_seq = True
DeepTMHMM_class = GLOB
structure_exists = 1.0
sequence_matches_structure = False

Attempting prediction for YDR357C
No prediction will be run:
has_verified_seq = True
DeepTMHMM_class = GLOB
structure_exists = 1.0
sequence_matches_structure = False

Attempting prediction for YLR408C
No prediction will be run:
has_verified_seq = True
DeepTMHMM_class = GLOB
structure_exists = 1.0
sequence_matches_structure = False

Attempting prediction for YKL068W
No prediction will be run:
has_verified_seq = True
DeepTMHMM_class = GLOB
structure_exists = 1.0
sequence_matches_structure = False

Attempting prediction for YKL072W
No prediction will be run:
has_verified_seq = True
DeepTMHMM_class = GLOB
structure_exists = 1.0
sequence_matches_structure = False

Attempting prediction for YKL071W
No prediction will be run:
has_verified_seq = True
DeepTMHMM_class = GLOB
structure_exists = 1.0
sequence_matches_structure = False

Attempting prediction for YKL074C
No prediction will be run:
has_verified_seq = True
DeepTMHMM_class = GLOB
structure_exists = 1.0
sequence_matches_structure = False

Attempting prediction for YLR116W
No prediction will be run:
has_verified_seq = True
DeepTMHMM_class = GLOB
structure_exists = 1.0
sequence_matches_structure = False

Attempting prediction for YKL086W
No prediction will be run:
has_verified_seq = True
DeepTMHMM_class = GLOB
structure_exists = 1.0
sequence_matches_structure = False

Attempting prediction for YKL092C
No prediction will be run:
has_verified_seq = True
DeepTMHMM_class = GLOB
structure_exists = 1.0
sequence_matches_structure = False

Attempting prediction for YKL091C
No prediction will be run:
has_verified_seq = True
DeepTMHMM_class = GLOB
structure_exists = 1.0
sequence_matches_structure = False

Attempting prediction for YKL096W-A
No prediction will be run:
has_verified_seq = True
DeepTMHMM_class = SP
structure_exists = 1.0
sequence_matches_structure = False

Attempting prediction for YKL113C
No prediction will be run:
has_verified_seq = True
DeepTMHMM_class = GLOB
structure_exists = 1.0
sequence_matches_structure = False

Attempting prediction for YKL112W
No prediction will be run:
has_verified_seq = True
DeepTMHMM_class = GLOB
structure_exists = 1.0
sequence_matches_structure = False

Attempting prediction for YKL127W
No prediction will be run:
has_verified_seq = True
DeepTMHMM_class = GLOB
structure_exists = 1.0
sequence_matches_structure = False

Attempting prediction for YKL125W
No prediction will be run:
has_verified_seq = True
DeepTMHMM_class = GLOB
structure_exists = 1.0
sequence_matches_structure = False

Attempting prediction for YOR124C
No prediction will be run:
has_verified_seq = True
DeepTMHMM_class = GLOB
structure_exists = 1.0
sequence_matches_structure = False

Attempting prediction for YOR138C
No prediction will be run:
has_verified_seq = True
DeepTMHMM_class = GLOB
structure_exists = 1.0
sequence_matches_structure = False

Attempting prediction for YKL156W
No prediction will be run:
has_verified_seq = True
DeepTMHMM_class = GLOB
structure_exists = 1.0
sequence_matches_structure = False

Attempting prediction for YKL151C
No prediction will be run:
has_verified_seq = True
DeepTMHMM_class = GLOB
structure_exists = 1.0
sequence_matches_structure = False

Attempting prediction for YKL162C
No prediction will be run:
has_verified_seq = True
DeepTMHMM_class = GLOB
structure_exists = 1.0
sequence_matches_structure = False

Attempting prediction for YOR385W
No prediction will be run:
has_verified_seq = True
DeepTMHMM_class = GLOB
structure_exists = 1.0
sequence_matches_structure = False

Attempting prediction for YKL160W
No prediction will be run:
has_verified_seq = True
DeepTMHMM_class = GLOB
structure_exists = 1.0
sequence_matches_structure = False

Attempting prediction for YKL176C
No prediction will be run:
has_verified_seq = True
DeepTMHMM_class = GLOB
structure_exists = 1.0
sequence_matches_structure = False

Attempting prediction for YGR057C
No prediction will be run:
has_verified_seq = True
DeepTMHMM_class = GLOB
structure_exists = 1.0
sequence_matches_structure = False

Attempting prediction for YPL231W
No prediction will be run:
has_verified_seq = True
DeepTMHMM_class = GLOB
structure_exists = 1.0
sequence_matches_structure = False

Attempting prediction for YKL182W
No prediction will be run:
has_verified_seq = True
DeepTMHMM_class = GLOB
structure_exists = 1.0
sequence_matches_structure = False

Attempting prediction for YIR012W
No prediction will be run:
has_verified_seq = True
DeepTMHMM_class = GLOB
structure_exists = 1.0
sequence_matches_structure = False

Attempting prediction for YKL187C
No prediction will be run:
has_verified_seq = True
DeepTMHMM_class = TM
structure_exists = 1.0
sequence_matches_structure = False

Attempting prediction for YKL186C
No prediction will be run:
has_verified_seq = True
DeepTMHMM_class = GLOB
structure_exists = 1.0
sequence_matches_structure = False

Attempting prediction for YKL189W
No prediction will be run:
has_verified_seq = True
DeepTMHMM_class = GLOB
structure_exists = 1.0
sequence_matches_structure = False

Attempting prediction for YKL197C
No prediction will be run:
has_verified_seq = True
DeepTMHMM_class = GLOB
structure_exists = 1.0
sequence_matches_structure = False

Attempting prediction for YNL329C
No prediction will be run:
has_verified_seq = True
DeepTMHMM_class = GLOB
structure_exists = 1.0
sequence_matches_structure = False

Attempting prediction for YKL194C
No prediction will be run:
has_verified_seq = True
DeepTMHMM_class = GLOB
structure_exists = 1.0
sequence_matches_structure = False

Attempting prediction for YKL205W
No prediction will be run:
has_verified_seq = True
DeepTMHMM_class = GLOB
structure_exists = 1.0
sequence_matches_structure = False

Attempting prediction for YKL212W
No prediction will be run:
has_verified_seq = True
DeepTMHMM_class = TM
structure_exists = 1.0
sequence_matches_structure = False

Attempting prediction for YKL214C
No prediction will be run:
has_verified_seq = True
DeepTMHMM_class = GLOB
structure_exists = 1.0
sequence_matches_structure = False

Attempting prediction for YKL213C
No prediction will be run:
has_verified_seq = True
DeepTMHMM_class = GLOB
structure_exists = 1.0
sequence_matches_structure = False

Attempting prediction for YKR003W
No prediction will be run:
has_verified_seq = True
DeepTMHMM_class = GLOB
structure_exists = 1.0
sequence_matches_structure = False

Attempting prediction for YKL222C
No prediction will be run:
has_verified_seq = True
DeepTMHMM_class = GLOB
structure_exists = 1.0
sequence_matches_structure = False

Attempting prediction for YNL316C
No prediction will be run:
has_verified_seq = True
DeepTMHMM_class = GLOB
structure_exists = 1.0
sequence_matches_structure = False

Attempting prediction for YKR027W
No prediction will be run:
has_verified_seq = True
DeepTMHMM_class = GLOB
structure_exists = 1.0
sequence_matches_structure = False

Attempting prediction for YKR013W
No prediction will be run:
has_verified_seq = True
DeepTMHMM_class = SP
structure_exists = 1.0
sequence_matches_structure = False

Attempting prediction for YPR173C
No prediction will be run:
has_verified_seq = True
DeepTMHMM_class = GLOB
structure_exists = 1.0
sequence_matches_structure = False

Attempting prediction for YNL265C
No prediction will be run:
has_verified_seq = True
DeepTMHMM_class = GLOB
structure_exists = 1.0
sequence_matches_structure = False

Attempting prediction for YKR039W
No prediction will be run:
has_verified_seq = True
DeepTMHMM_class = TM
structure_exists = 1.0
sequence_matches_structure = False

Attempting prediction for YKR036C
No prediction will be run:
has_verified_seq = True
DeepTMHMM_class = GLOB
structure_exists = 1.0
sequence_matches_structure = False

Attempting prediction for YLR323C
No prediction will be run:
has_verified_seq = True
DeepTMHMM_class = GLOB
structure_exists = 1.0
sequence_matches_structure = False

Attempting prediction for YKR041W
No prediction will be run:
has_verified_seq = True
DeepTMHMM_class = GLOB
structure_exists = 1.0
sequence_matches_structure = False

Attempting prediction for YPL064C
No prediction will be run:
has_verified_seq = True
DeepTMHMM_class = GLOB
structure_exists = 1.0
sequence_matches_structure = False

Attempting prediction for YNL078W
No prediction will be run:
has_verified_seq = True
DeepTMHMM_class = GLOB
structure_exists = 1.0
sequence_matches_structure = False

Attempting prediction for YKR052C
No prediction will be run:
has_verified_seq = True
DeepTMHMM_class = GLOB
structure_exists = 1.0
sequence_matches_structure = False

Attempting prediction for YKR054C
No prediction will be run:
has_verified_seq = True
DeepTMHMM_class = GLOB
structure_exists = nan
sequence_matches_structure = False

Attempting prediction for YKR065C
No prediction will be run:
has_verified_seq = True
DeepTMHMM_class = TM
structure_exists = 1.0
sequence_matches_structure = False

Attempting prediction for YKR064W
No prediction will be run:
has_verified_seq = True
DeepTMHMM_class = GLOB
structure_exists = 1.0
sequence_matches_structure = False

Attempting prediction for YKR079C
No prediction will be run:
has_verified_seq = True
DeepTMHMM_class = GLOB
structure_exists = 1.0
sequence_matches_structure = False

Attempting prediction for YKR086W
No prediction will be run:
has_verified_seq = True
DeepTMHMM_class = GLOB
structure_exists = 1.0
sequence_matches_structure = False

Attempting prediction for YKR088C
No prediction will be run:
has_verified_seq = True
DeepTMHMM_class = TM
structure_exists = 1.0
sequence_matches_structure = False

Attempting prediction for YKR087C
No prediction will be run:
has_verified_seq = True
DeepTMHMM_class = GLOB
structure_exists = 1.0
sequence_matches_structure = False

Attempting prediction for YPL157W
No prediction will be run:
has_verified_seq = True
DeepTMHMM_class = GLOB
structure_exists = 1.0
sequence_matches_structure = False

Attempting prediction for YKR095W
No prediction will be run:
has_verified_seq = True
DeepTMHMM_class = GLOB
structure_exists = 1.0
sequence_matches_structure = False

Attempting prediction for YKR094C
No prediction will be run:
has_verified_seq = True
DeepTMHMM_class = GLOB
structure_exists = 1.0
sequence_matches_structure = False

Attempting prediction for YNL246W
No prediction will be run:
has_verified_seq = True
DeepTMHMM_class = GLOB
structure_exists = 1.0
sequence_matches_structure = False

Attempting prediction for YOR257W
No prediction will be run:
has_verified_seq = True
DeepTMHMM_class = GLOB
structure_exists = 1.0
sequence_matches_structure = False

Attempting prediction for YGL175C
No prediction will be run:
has_verified_seq = True
DeepTMHMM_class = GLOB
structure_exists = 1.0
sequence_matches_structure = False

Attempting prediction for YLL003W
No prediction will be run:
has_verified_seq = True
DeepTMHMM_class = GLOB
structure_exists = 1.0
sequence_matches_structure = False

Attempting prediction for YLR422W
No prediction will be run:
has_verified_seq = True
DeepTMHMM_class = GLOB
structure_exists = 1.0
sequence_matches_structure = False

Attempting prediction for YNL234W
No prediction will be run:
has_verified_seq = True
DeepTMHMM_class = GLOB
structure_exists = 1.0
sequence_matches_structure = False

Attempting prediction for YLL007C
No prediction will be run:
has_verified_seq = True
DeepTMHMM_class = GLOB
structure_exists = 1.0
sequence_matches_structure = False

Attempting prediction for YLL012W
No prediction will be run:
has_verified_seq = True
DeepTMHMM_class = GLOB
structure_exists = 1.0
sequence_matches_structure = False

Attempting prediction for YLL014W
No prediction will be run:
has_verified_seq = True
DeepTMHMM_class = TM
structure_exists = 1.0
sequence_matches_structure = False

Attempting prediction for YMR226C
No prediction will be run:
has_verified_seq = True
DeepTMHMM_class = GLOB
structure_exists = 1.0
sequence_matches_structure = False

Attempting prediction for YPR160W
No prediction will be run:
has_verified_seq = True
DeepTMHMM_class = GLOB
structure_exists = 1.0
sequence_matches_structure = False

Attempting prediction for YLL032C
No prediction will be run:
has_verified_seq = True
DeepTMHMM_class = GLOB
structure_exists = 1.0
sequence_matches_structure = False

Attempting prediction for YML119W
No prediction will be run:
has_verified_seq = True
DeepTMHMM_class = GLOB
structure_exists = 1.0
sequence_matches_structure = False

Attempting prediction for YLL027W
No prediction will be run:
has_verified_seq = True
DeepTMHMM_class = GLOB
structure_exists = 1.0
sequence_matches_structure = False

Attempting prediction for YLL054C
No prediction will be run:
has_verified_seq = True
DeepTMHMM_class = GLOB
structure_exists = 1.0
sequence_matches_structure = False

Attempting prediction for YLL043W
No prediction will be run:
has_verified_seq = True
DeepTMHMM_class = TM
structure_exists = 1.0
sequence_matches_structure = False

Attempting prediction for YLR001C
No prediction will be run:
has_verified_seq = True
DeepTMHMM_class = SP+TM
structure_exists = 1.0
sequence_matches_structure = False

Attempting prediction for YCR068W
No prediction will be run:
has_verified_seq = True
DeepTMHMM_class = SP
structure_exists = 1.0
sequence_matches_structure = False

Attempting prediction for YLR006C
No prediction will be run:
has_verified_seq = True
DeepTMHMM_class = GLOB
structure_exists = 1.0
sequence_matches_structure = False

Attempting prediction for YNR031C
No prediction will be run:
has_verified_seq = True
DeepTMHMM_class = GLOB
structure_exists = 1.0
sequence_matches_structure = False

Attempting prediction for YLR011W
No prediction will be run:
has_verified_seq = True
DeepTMHMM_class = GLOB
structure_exists = 1.0
sequence_matches_structure = False

Attempting prediction for YLR017W
No prediction will be run:
has_verified_seq = True
DeepTMHMM_class = GLOB
structure_exists = 1.0
sequence_matches_structure = False

Attempting prediction for YLR016C
No prediction will be run:
has_verified_seq = True
DeepTMHMM_class = GLOB
structure_exists = 1.0
sequence_matches_structure = False

Attempting prediction for YIR005W
No prediction will be run:
has_verified_seq = True
DeepTMHMM_class = GLOB
structure_exists = 1.0
sequence_matches_structure = False

Attempting prediction for YGL174W
No prediction will be run:
has_verified_seq = True
DeepTMHMM_class = GLOB
structure_exists = 1.0
sequence_matches_structure = False

Attempting prediction for YLR032W
No prediction will be run:
has_verified_seq = True
DeepTMHMM_class = GLOB
structure_exists = 1.0
sequence_matches_structure = False

Attempting prediction for YBR218C
No prediction will be run:
has_verified_seq = True
DeepTMHMM_class = GLOB
structure_exists = 1.0
sequence_matches_structure = False

Attempting prediction for YLR035C
No prediction will be run:
has_verified_seq = True
DeepTMHMM_class = GLOB
structure_exists = 1.0
sequence_matches_structure = False

Attempting prediction for YLR035C-A
No prediction will be run:
has_verified_seq = True
DeepTMHMM_class = GLOB
structure_exists = 1.0
sequence_matches_structure = False

Attempting prediction for YLR050C
No prediction will be run:
has_verified_seq = True
DeepTMHMM_class = TM
structure_exists = 1.0
sequence_matches_structure = False

Attempting prediction for YLR045C
No prediction will be run:
has_verified_seq = True
DeepTMHMM_class = GLOB
structure_exists = 1.0
sequence_matches_structure = False

Attempting prediction for YLR065C
No prediction will be run:
has_verified_seq = True
DeepTMHMM_class = TM
structure_exists = 1.0
sequence_matches_structure = False

Attempting prediction for YLR060W
No prediction will be run:
has_verified_seq = True
DeepTMHMM_class = GLOB
structure_exists = 1.0
sequence_matches_structure = False

Attempting prediction for YFL022C
No prediction will be run:
has_verified_seq = True
DeepTMHMM_class = GLOB
structure_exists = 1.0
sequence_matches_structure = False

Attempting prediction for YLR084C
No prediction will be run:
has_verified_seq = True
DeepTMHMM_class = SP+TM
structure_exists = 1.0
sequence_matches_structure = False

Attempting prediction for YLR091W
No prediction will be run:
has_verified_seq = True
DeepTMHMM_class = GLOB
structure_exists = 1.0
sequence_matches_structure = False

Attempting prediction for YLR105C
No prediction will be run:
has_verified_seq = True
DeepTMHMM_class = GLOB
structure_exists = 1.0
sequence_matches_structure = False

Attempting prediction for YAR008W
No prediction will be run:
has_verified_seq = True
DeepTMHMM_class = GLOB
structure_exists = 1.0
sequence_matches_structure = False

Attempting prediction for YPL083C
No prediction will be run:
has_verified_seq = True
DeepTMHMM_class = GLOB
structure_exists = 1.0
sequence_matches_structure = False

Attempting prediction for YLR107W
No prediction will be run:
has_verified_seq = True
DeepTMHMM_class = GLOB
structure_exists = 1.0
sequence_matches_structure = False

Attempting prediction for YLR108C
No prediction will be run:
has_verified_seq = True
DeepTMHMM_class = GLOB
structure_exists = 1.0
sequence_matches_structure = False

Attempting prediction for YLR132C
No prediction will be run:
has_verified_seq = True
DeepTMHMM_class = GLOB
structure_exists = 1.0
sequence_matches_structure = False

Attempting prediction for YLR120C
No prediction will be run:
has_verified_seq = True
DeepTMHMM_class = SP
structure_exists = 1.0
sequence_matches_structure = False

Attempting prediction for YLR141W
No prediction will be run:
has_verified_seq = True
DeepTMHMM_class = GLOB
structure_exists = 1.0
sequence_matches_structure = False

Attempting prediction for YLR136C
No prediction will be run:
has_verified_seq = True
DeepTMHMM_class = GLOB
structure_exists = 1.0
sequence_matches_structure = False

Attempting prediction for YLR146C
No prediction will be run:
has_verified_seq = True
DeepTMHMM_class = GLOB
structure_exists = 1.0
sequence_matches_structure = False

Attempting prediction for YPR069C
No prediction will be run:
has_verified_seq = True
DeepTMHMM_class = GLOB
structure_exists = 1.0
sequence_matches_structure = False

Attempting prediction for YLR143W
No prediction will be run:
has_verified_seq = True
DeepTMHMM_class = GLOB
structure_exists = 1.0
sequence_matches_structure = False

Attempting prediction for YLR168C
No prediction will be run:
has_verified_seq = True
DeepTMHMM_class = GLOB
structure_exists = 1.0
sequence_matches_structure = False

Attempting prediction for YKL053C-A
No prediction will be run:
has_verified_seq = True
DeepTMHMM_class = GLOB
structure_exists = 1.0
sequence_matches_structure = False

Attempting prediction for YLR176C
No prediction will be run:
has_verified_seq = True
DeepTMHMM_class = GLOB
structure_exists = 1.0
sequence_matches_structure = False

Attempting prediction for YLR193C
No prediction will be run:
has_verified_seq = True
DeepTMHMM_class = GLOB
structure_exists = 1.0
sequence_matches_structure = False

Attempting prediction for YLR190W
No prediction will be run:
has_verified_seq = True
DeepTMHMM_class = GLOB
structure_exists = 1.0
sequence_matches_structure = False

Attempting prediction for YLR203C
No prediction will be run:
has_verified_seq = True
DeepTMHMM_class = GLOB
structure_exists = 1.0
sequence_matches_structure = False

Attempting prediction for YLR194C
No prediction will be run:
has_verified_seq = True
DeepTMHMM_class = SP
structure_exists = 1.0
sequence_matches_structure = False

Attempting prediction for YLR215C
No prediction will be run:
has_verified_seq = True
DeepTMHMM_class = GLOB
structure_exists = 1.0
sequence_matches_structure = False

Attempting prediction for YLR210W
No prediction will be run:
has_verified_seq = True
DeepTMHMM_class = GLOB
structure_exists = 1.0
sequence_matches_structure = False

Attempting prediction for YLR226W
No prediction will be run:
has_verified_seq = True
DeepTMHMM_class = GLOB
structure_exists = 1.0
sequence_matches_structure = False

Attempting prediction for YPR161C
No prediction will be run:
has_verified_seq = True
DeepTMHMM_class = GLOB
structure_exists = 1.0
sequence_matches_structure = False

Attempting prediction for YLR231C
No prediction will be run:
has_verified_seq = True
DeepTMHMM_class = GLOB
structure_exists = 1.0
sequence_matches_structure = False

Attempting prediction for YLR228C
No prediction will be run:
has_verified_seq = True
DeepTMHMM_class = GLOB
structure_exists = 1.0
sequence_matches_structure = False

Attempting prediction for YLR234W
No prediction will be run:
has_verified_seq = True
DeepTMHMM_class = GLOB
structure_exists = 1.0
sequence_matches_structure = False

Attempting prediction for YMR190C
No prediction will be run:
has_verified_seq = True
DeepTMHMM_class = GLOB
structure_exists = 1.0
sequence_matches_structure = False

Attempting prediction for YLR262C
No prediction will be run:
has_verified_seq = True
DeepTMHMM_class = GLOB
structure_exists = 1.0
sequence_matches_structure = False

Attempting prediction for YLR253W
No prediction will be run:
has_verified_seq = True
DeepTMHMM_class = GLOB
structure_exists = 1.0
sequence_matches_structure = False

Attempting prediction for YLR271W
No prediction will be run:
has_verified_seq = True
DeepTMHMM_class = GLOB
structure_exists = 1.0
sequence_matches_structure = False

Attempting prediction for YLR266C
No prediction will be run:
has_verified_seq = True
DeepTMHMM_class = GLOB
structure_exists = 1.0
sequence_matches_structure = False

Attempting prediction for YLR283W
No prediction will be run:
has_verified_seq = True
DeepTMHMM_class = TM
structure_exists = 1.0
sequence_matches_structure = False

Attempting prediction for YLR281C
No prediction will be run:
has_verified_seq = True
DeepTMHMM_class = GLOB
structure_exists = 1.0
sequence_matches_structure = False

Attempting prediction for YLR287C-A
No prediction will be run:
has_verified_seq = True
DeepTMHMM_class = GLOB
structure_exists = 1.0
sequence_matches_structure = False

Attempting prediction for YLR285W
No prediction will be run:
has_verified_seq = True
DeepTMHMM_class = GLOB
structure_exists = 1.0
sequence_matches_structure = False

Attempting prediction for YLR300W
No prediction will be run:
has_verified_seq = True
DeepTMHMM_class = SP
structure_exists = 1.0
sequence_matches_structure = False

Attempting prediction for YLR313C
No prediction will be run:
has_verified_seq = True
DeepTMHMM_class = GLOB
structure_exists = 1.0
sequence_matches_structure = False

Attempting prediction for YLR309C
No prediction will be run:
has_verified_seq = True
DeepTMHMM_class = GLOB
structure_exists = 1.0
sequence_matches_structure = False

Attempting prediction for YLR315W
No prediction will be run:
has_verified_seq = True
DeepTMHMM_class = GLOB
structure_exists = 1.0
sequence_matches_structure = False

Attempting prediction for YLR333C
No prediction will be run:
has_verified_seq = True
DeepTMHMM_class = GLOB
structure_exists = 1.0
sequence_matches_structure = False

Attempting prediction for YOR299W
No prediction will be run:
has_verified_seq = True
DeepTMHMM_class = GLOB
structure_exists = 1.0
sequence_matches_structure = False

Attempting prediction for YLR351C
No prediction will be run:
has_verified_seq = True
DeepTMHMM_class = GLOB
structure_exists = 1.0
sequence_matches_structure = False

Attempting prediction for YLR363W-A
No prediction will be run:
has_verified_seq = True
DeepTMHMM_class = GLOB
structure_exists = 1.0
sequence_matches_structure = False

Attempting prediction for YLR367W
No prediction will be run:
has_verified_seq = True
DeepTMHMM_class = GLOB
structure_exists = 1.0
sequence_matches_structure = False

Attempting prediction for YNR021W
No prediction will be run:
has_verified_seq = True
DeepTMHMM_class = TM
structure_exists = 1.0
sequence_matches_structure = False

Attempting prediction for YPR063C
No prediction will be run:
has_verified_seq = True
DeepTMHMM_class = TM
structure_exists = 1.0
sequence_matches_structure = False

Attempting prediction for YLR376C
No prediction will be run:
has_verified_seq = True
DeepTMHMM_class = GLOB
structure_exists = 1.0
sequence_matches_structure = False

Attempting prediction for YNL190W
No prediction will be run:
has_verified_seq = True
DeepTMHMM_class = SP
structure_exists = 1.0
sequence_matches_structure = False

Attempting prediction for YLR392C
No prediction will be run:
has_verified_seq = True
DeepTMHMM_class = GLOB
structure_exists = 1.0
sequence_matches_structure = False

Attempting prediction for YLR401C
No prediction will be run:
has_verified_seq = True
DeepTMHMM_class = GLOB
structure_exists = 1.0
sequence_matches_structure = False

Attempting prediction for YLR395C
No prediction will be run:
has_verified_seq = True
DeepTMHMM_class = TM
structure_exists = 1.0
sequence_matches_structure = False

Attempting prediction for YLR405W
No prediction will be run:
has_verified_seq = True
DeepTMHMM_class = GLOB
structure_exists = 1.0
sequence_matches_structure = False

Attempting prediction for YPL108W
No prediction will be run:
has_verified_seq = True
DeepTMHMM_class = GLOB
structure_exists = 1.0
sequence_matches_structure = False

Attempting prediction for YLR403W
No prediction will be run:
has_verified_seq = True
DeepTMHMM_class = GLOB
structure_exists = 1.0
sequence_matches_structure = False

Attempting prediction for YLR407W
No prediction will be run:
has_verified_seq = True
DeepTMHMM_class = GLOB
structure_exists = 1.0
sequence_matches_structure = False

Attempting prediction for YLR414C
No prediction will be run:
has_verified_seq = True
DeepTMHMM_class = TM
structure_exists = 1.0
sequence_matches_structure = False

Attempting prediction for YDR014W
No prediction will be run:
has_verified_seq = True
DeepTMHMM_class = GLOB
structure_exists = 1.0
sequence_matches_structure = False

Attempting prediction for YMR304W
No prediction will be run:
has_verified_seq = True
DeepTMHMM_class = GLOB
structure_exists = 1.0
sequence_matches_structure = False

Attempting prediction for YLR436C
No prediction will be run:
has_verified_seq = True
DeepTMHMM_class = GLOB
structure_exists = 1.0
sequence_matches_structure = False

Attempting prediction for YLR438W
No prediction will be run:
has_verified_seq = True
DeepTMHMM_class = GLOB
structure_exists = 1.0
sequence_matches_structure = False

Attempting prediction for YLR438C-A
No prediction will be run:
has_verified_seq = True
DeepTMHMM_class = GLOB
structure_exists = 1.0
sequence_matches_structure = False

Attempting prediction for YDR378C
No prediction will be run:
has_verified_seq = True
DeepTMHMM_class = GLOB
structure_exists = 1.0
sequence_matches_structure = False

Attempting prediction for YER146W
No prediction will be run:
has_verified_seq = True
DeepTMHMM_class = GLOB
structure_exists = 1.0
sequence_matches_structure = False

Attempting prediction for YNL147W
No prediction will be run:
has_verified_seq = True
DeepTMHMM_class = GLOB
structure_exists = 1.0
sequence_matches_structure = False

Attempting prediction for YLR452C
No prediction will be run:
has_verified_seq = True
DeepTMHMM_class = GLOB
structure_exists = 1.0
sequence_matches_structure = False

Attempting prediction for YMR099C
No prediction will be run:
has_verified_seq = True
DeepTMHMM_class = GLOB
structure_exists = 1.0
sequence_matches_structure = False

Attempting prediction for YML007W
No prediction will be run:
has_verified_seq = True
DeepTMHMM_class = GLOB
structure_exists = 1.0
sequence_matches_structure = False

Attempting prediction for YML005W
No prediction will be run:
has_verified_seq = True
DeepTMHMM_class = GLOB
structure_exists = 1.0
sequence_matches_structure = False

Attempting prediction for YML014W
No prediction will be run:
has_verified_seq = True
DeepTMHMM_class = GLOB
structure_exists = 1.0
sequence_matches_structure = False

Attempting prediction for YML008C
No prediction will be run:
has_verified_seq = True
DeepTMHMM_class = GLOB
structure_exists = 1.0
sequence_matches_structure = False

Attempting prediction for YML020W
No prediction will be run:
has_verified_seq = True
DeepTMHMM_class = GLOB
structure_exists = 1.0
sequence_matches_structure = False

Attempting prediction for YML018C
No prediction will be run:
has_verified_seq = True
DeepTMHMM_class = TM
structure_exists = 1.0
sequence_matches_structure = False

Attempting prediction for YML024W
No prediction will be run:
has_verified_seq = True
DeepTMHMM_class = GLOB
structure_exists = 1.0
sequence_matches_structure = False

Attempting prediction for YML021C
No prediction will be run:
has_verified_seq = True
DeepTMHMM_class = GLOB
structure_exists = 1.0
sequence_matches_structure = False

Attempting prediction for YML027W
No prediction will be run:
has_verified_seq = True
DeepTMHMM_class = GLOB
structure_exists = 1.0
sequence_matches_structure = False

Attempting prediction for YML026C
No prediction will be run:
has_verified_seq = True
DeepTMHMM_class = GLOB
structure_exists = 1.0
sequence_matches_structure = False

Attempting prediction for YML038C
No prediction will be run:
has_verified_seq = True
DeepTMHMM_class = TM
structure_exists = 1.0
sequence_matches_structure = False

Attempting prediction for YML037C
No prediction will be run:
has_verified_seq = True
DeepTMHMM_class = GLOB
structure_exists = 1.0
sequence_matches_structure = False

Attempting prediction for YML051W
No prediction will be run:
has_verified_seq = True
DeepTMHMM_class = GLOB
structure_exists = 1.0
sequence_matches_structure = False

Attempting prediction for YLR081W
No prediction will be run:
has_verified_seq = True
DeepTMHMM_class = TM
structure_exists = 1.0
sequence_matches_structure = False

Attempting prediction for YML058W
No prediction will be run:
has_verified_seq = True
DeepTMHMM_class = GLOB
structure_exists = 1.0
sequence_matches_structure = False

Attempting prediction for YML052W
No prediction will be run:
has_verified_seq = True
DeepTMHMM_class = TM
structure_exists = 1.0
sequence_matches_structure = False

Attempting prediction for YML060W
No prediction will be run:
has_verified_seq = True
DeepTMHMM_class = GLOB
structure_exists = 1.0
sequence_matches_structure = False

Attempting prediction for YMR148W
No prediction will be run:
has_verified_seq = True
DeepTMHMM_class = TM
structure_exists = 1.0
sequence_matches_structure = False

Attempting prediction for YMR147W
No prediction will be run:
has_verified_seq = True
DeepTMHMM_class = TM
structure_exists = 1.0
sequence_matches_structure = False

Attempting prediction for YML070W
No prediction will be run:
has_verified_seq = True
DeepTMHMM_class = GLOB
structure_exists = 1.0
sequence_matches_structure = False

Attempting prediction for YML079W
No prediction will be run:
has_verified_seq = True
DeepTMHMM_class = GLOB
structure_exists = 1.0
sequence_matches_structure = False

Attempting prediction for YML116W
No prediction will be run:
has_verified_seq = True
DeepTMHMM_class = TM
structure_exists = 1.0
sequence_matches_structure = False

Attempting prediction for YMR010W
No prediction will be run:
has_verified_seq = True
DeepTMHMM_class = TM
structure_exists = 1.0
sequence_matches_structure = False

Attempting prediction for YMR002W
No prediction will be run:
has_verified_seq = True
DeepTMHMM_class = GLOB
structure_exists = 1.0
sequence_matches_structure = False

Attempting prediction for YMR022W
No prediction will be run:
has_verified_seq = True
DeepTMHMM_class = GLOB
structure_exists = 1.0
sequence_matches_structure = False

Attempting prediction for YMR021C
No prediction will be run:
has_verified_seq = True
DeepTMHMM_class = GLOB
structure_exists = 1.0
sequence_matches_structure = False

Attempting prediction for YMR032W
No prediction will be run:
has_verified_seq = True
DeepTMHMM_class = GLOB
structure_exists = 1.0
sequence_matches_structure = False

Attempting prediction for YMR319C
No prediction will be run:
has_verified_seq = True
DeepTMHMM_class = TM
structure_exists = 1.0
sequence_matches_structure = False

Attempting prediction for YMR027W
No prediction will be run:
has_verified_seq = True
DeepTMHMM_class = GLOB
structure_exists = 1.0
sequence_matches_structure = False

Attempting prediction for YMR042W
No prediction will be run:
has_verified_seq = True
DeepTMHMM_class = GLOB
structure_exists = 1.0
sequence_matches_structure = False

Attempting prediction for YML099C
No prediction will be run:
has_verified_seq = True
DeepTMHMM_class = GLOB
structure_exists = 1.0
sequence_matches_structure = False

Attempting prediction for YMR036C
No prediction will be run:
has_verified_seq = True
DeepTMHMM_class = GLOB
structure_exists = 1.0
sequence_matches_structure = False

Attempting prediction for YMR048W
No prediction will be run:
has_verified_seq = True
DeepTMHMM_class = GLOB
structure_exists = 1.0
sequence_matches_structure = False

Attempting prediction for YBR072W
No prediction will be run:
has_verified_seq = True
DeepTMHMM_class = GLOB
structure_exists = 1.0
sequence_matches_structure = False

Attempting prediction for YMR043W
No prediction will be run:
has_verified_seq = True
DeepTMHMM_class = GLOB
structure_exists = 1.0
sequence_matches_structure = False

Attempting prediction for YDR173C
No prediction will be run:
has_verified_seq = True
DeepTMHMM_class = GLOB
structure_exists = 1.0
sequence_matches_structure = False

Attempting prediction for YMR064W
No prediction will be run:
has_verified_seq = True
DeepTMHMM_class = GLOB
structure_exists = 1.0
sequence_matches_structure = False

Attempting prediction for YMR059W
No prediction will be run:
has_verified_seq = True
DeepTMHMM_class = GLOB
structure_exists = 1.0
sequence_matches_structure = False

Attempting prediction for YMR069W
No prediction will be run:
has_verified_seq = True
DeepTMHMM_class = GLOB
structure_exists = 1.0
sequence_matches_structure = False

Attempting prediction for YMR066W
No prediction will be run:
has_verified_seq = True
DeepTMHMM_class = GLOB
structure_exists = 1.0
sequence_matches_structure = False

Attempting prediction for YMR076C
No prediction will be run:
has_verified_seq = True
DeepTMHMM_class = GLOB
structure_exists = 1.0
sequence_matches_structure = False

Attempting prediction for YMR074C
No prediction will be run:
has_verified_seq = True
DeepTMHMM_class = GLOB
structure_exists = 1.0
sequence_matches_structure = False

Attempting prediction for YMR079W
No prediction will be run:
has_verified_seq = True
DeepTMHMM_class = GLOB
structure_exists = 1.0
sequence_matches_structure = False

Attempting prediction for YHR076W
No prediction will be run:
has_verified_seq = True
DeepTMHMM_class = GLOB
structure_exists = 1.0
sequence_matches_structure = False

Attempting prediction for YMR077C
No prediction will be run:
has_verified_seq = True
DeepTMHMM_class = GLOB
structure_exists = 1.0
sequence_matches_structure = False

Attempting prediction for YMR097C
No prediction will be run:
has_verified_seq = True
DeepTMHMM_class = GLOB
structure_exists = 1.0
sequence_matches_structure = False

Attempting prediction for YMR106C
No prediction will be run:
has_verified_seq = True
DeepTMHMM_class = GLOB
structure_exists = 1.0
sequence_matches_structure = False

Attempting prediction for YMR284W
No prediction will be run:
has_verified_seq = True
DeepTMHMM_class = GLOB
structure_exists = 1.0
sequence_matches_structure = False

Attempting prediction for YGL202W
No prediction will be run:
has_verified_seq = True
DeepTMHMM_class = GLOB
structure_exists = 1.0
sequence_matches_structure = False

Attempting prediction for YMR127C
No prediction will be run:
has_verified_seq = True
DeepTMHMM_class = GLOB
structure_exists = 1.0
sequence_matches_structure = False

Attempting prediction for YDR181C
No prediction will be run:
has_verified_seq = True
DeepTMHMM_class = GLOB
structure_exists = 1.0
sequence_matches_structure = False

Attempting prediction for YMR138W
No prediction will be run:
has_verified_seq = True
DeepTMHMM_class = GLOB
structure_exists = 1.0
sequence_matches_structure = False

Attempting prediction for YNL148C
No prediction will be run:
has_verified_seq = True
DeepTMHMM_class = GLOB
structure_exists = 1.0
sequence_matches_structure = False

Attempting prediction for YOR349W
No prediction will be run:
has_verified_seq = True
DeepTMHMM_class = GLOB
structure_exists = 1.0
sequence_matches_structure = False

Attempting prediction for YMR143W
No prediction will be run:
has_verified_seq = True
DeepTMHMM_class = GLOB
structure_exists = 1.0
sequence_matches_structure = False

Attempting prediction for YMR139W
No prediction will be run:
has_verified_seq = True
DeepTMHMM_class = GLOB
structure_exists = 1.0
sequence_matches_structure = False

Attempting prediction for YPR035W
No prediction will be run:
has_verified_seq = True
DeepTMHMM_class = GLOB
structure_exists = 1.0
sequence_matches_structure = False

Attempting prediction for YMR159C
No prediction will be run:
has_verified_seq = True
DeepTMHMM_class = GLOB
structure_exists = 1.0
sequence_matches_structure = False

Attempting prediction for YPL149W
No prediction will be run:
has_verified_seq = True
DeepTMHMM_class = GLOB
structure_exists = 1.0
sequence_matches_structure = False

Attempting prediction for YMR144W
No prediction will be run:
has_verified_seq = True
DeepTMHMM_class = GLOB
structure_exists = 1.0
sequence_matches_structure = False

Attempting prediction for YMR160W
No prediction will be run:
has_verified_seq = True
DeepTMHMM_class = GLOB
structure_exists = 1.0
sequence_matches_structure = False

Attempting prediction for YNR048W
No prediction will be run:
has_verified_seq = True
DeepTMHMM_class = TM
structure_exists = 1.0
sequence_matches_structure = False

Attempting prediction for YMR162C
No prediction will be run:
has_verified_seq = True
DeepTMHMM_class = TM
structure_exists = 1.0
sequence_matches_structure = False

Attempting prediction for YMR167W
No prediction will be run:
has_verified_seq = True
DeepTMHMM_class = GLOB
structure_exists = 1.0
sequence_matches_structure = False

Attempting prediction for YMR164C
No prediction will be run:
has_verified_seq = True
DeepTMHMM_class = GLOB
structure_exists = 1.0
sequence_matches_structure = False

Attempting prediction for YMR168C
No prediction will be run:
has_verified_seq = True
DeepTMHMM_class = GLOB
structure_exists = 1.0
sequence_matches_structure = False

Attempting prediction for YMR094W
No prediction will be run:
has_verified_seq = True
DeepTMHMM_class = GLOB
structure_exists = 1.0
sequence_matches_structure = False

Attempting prediction for YMR169C
No prediction will be run:
has_verified_seq = True
DeepTMHMM_class = GLOB
structure_exists = 1.0
sequence_matches_structure = False

Attempting prediction for YMR170C
No prediction will be run:
has_verified_seq = True
DeepTMHMM_class = GLOB
structure_exists = 1.0
sequence_matches_structure = False

Attempting prediction for YMR173W
No prediction will be run:
has_verified_seq = True
DeepTMHMM_class = GLOB
structure_exists = 1.0
sequence_matches_structure = False

Attempting prediction for YMR171C
No prediction will be run:
has_verified_seq = True
DeepTMHMM_class = SP+TM
structure_exists = 1.0
sequence_matches_structure = False

Attempting prediction for YMR175W
No prediction will be run:
has_verified_seq = True
DeepTMHMM_class = GLOB
structure_exists = 1.0
sequence_matches_structure = False

Attempting prediction for YMR306W
No prediction will be run:
has_verified_seq = True
DeepTMHMM_class = TM
structure_exists = 1.0
sequence_matches_structure = False

Attempting prediction for YMR174C
No prediction will be run:
has_verified_seq = True
DeepTMHMM_class = GLOB
structure_exists = 1.0
sequence_matches_structure = False

Attempting prediction for YMR192W
No prediction will be run:
has_verified_seq = True
DeepTMHMM_class = GLOB
structure_exists = 1.0
sequence_matches_structure = False

Attempting prediction for YPL249C
No prediction will be run:
has_verified_seq = True
DeepTMHMM_class = GLOB
structure_exists = 1.0
sequence_matches_structure = False

Attempting prediction for YMR179W
No prediction will be run:
has_verified_seq = True
DeepTMHMM_class = GLOB
structure_exists = 1.0
sequence_matches_structure = False

Attempting prediction for YMR194W
No prediction will be run:
has_verified_seq = True
DeepTMHMM_class = GLOB
structure_exists = 1.0
sequence_matches_structure = False

Attempting prediction for YMR196W
No prediction will be run:
has_verified_seq = True
DeepTMHMM_class = TM
structure_exists = 1.0
sequence_matches_structure = False

Attempting prediction for YMR195W
No prediction will be run:
has_verified_seq = True
DeepTMHMM_class = GLOB
structure_exists = 1.0
sequence_matches_structure = False

Attempting prediction for YPR159W
No prediction will be run:
has_verified_seq = True
DeepTMHMM_class = TM
structure_exists = 1.0
sequence_matches_structure = False

Attempting prediction for YMR200W
No prediction will be run:
has_verified_seq = True
DeepTMHMM_class = SP
structure_exists = 1.0
sequence_matches_structure = False

Attempting prediction for YMR207C
No prediction will be run:
has_verified_seq = True
DeepTMHMM_class = GLOB
structure_exists = 1.0
sequence_matches_structure = False

Attempting prediction for YMR225C
No prediction will be run:
has_verified_seq = True
DeepTMHMM_class = GLOB
structure_exists = 1.0
sequence_matches_structure = False

Attempting prediction for YMR232W
No prediction will be run:
has_verified_seq = True
DeepTMHMM_class = GLOB
structure_exists = 1.0
sequence_matches_structure = False

Attempting prediction for YMR230W
No prediction will be run:
has_verified_seq = True
DeepTMHMM_class = GLOB
structure_exists = 1.0
sequence_matches_structure = False

Attempting prediction for YMR242C
No prediction will be run:
has_verified_seq = True
DeepTMHMM_class = GLOB
structure_exists = 1.0
sequence_matches_structure = False

Attempting prediction for YPL206C
No prediction will be run:
has_verified_seq = True
DeepTMHMM_class = GLOB
structure_exists = 1.0
sequence_matches_structure = False

Attempting prediction for YMR243C
No prediction will be run:
has_verified_seq = True
DeepTMHMM_class = TM
structure_exists = 1.0
sequence_matches_structure = False

Attempting prediction for YMR253C
No prediction will be run:
has_verified_seq = True
DeepTMHMM_class = TM
structure_exists = 1.0
sequence_matches_structure = False

Attempting prediction for YMR251W-A
No prediction will be run:
has_verified_seq = True
DeepTMHMM_class = SP
structure_exists = 1.0
sequence_matches_structure = False

Attempting prediction for YJR070C
No prediction will be run:
has_verified_seq = True
DeepTMHMM_class = GLOB
structure_exists = 1.0
sequence_matches_structure = False

Attempting prediction for YMR256C
No prediction will be run:
has_verified_seq = True
DeepTMHMM_class = TM
structure_exists = 1.0
sequence_matches_structure = False

Attempting prediction for YMR280C
No prediction will be run:
has_verified_seq = True
DeepTMHMM_class = GLOB
structure_exists = 1.0
sequence_matches_structure = False

Attempting prediction for YMR277W
No prediction will be run:
has_verified_seq = True
DeepTMHMM_class = GLOB
structure_exists = 1.0
sequence_matches_structure = False

Attempting prediction for YMR285C
No prediction will be run:
has_verified_seq = True
DeepTMHMM_class = GLOB
structure_exists = 1.0
sequence_matches_structure = False

Attempting prediction for YMR283C
No prediction will be run:
has_verified_seq = True
DeepTMHMM_class = GLOB
structure_exists = 1.0
sequence_matches_structure = False

Attempting prediction for YPL029W
No prediction will be run:
has_verified_seq = True
DeepTMHMM_class = GLOB
structure_exists = 1.0
sequence_matches_structure = False

Attempting prediction for YMR287C
No prediction will be run:
has_verified_seq = True
DeepTMHMM_class = GLOB
structure_exists = 1.0
sequence_matches_structure = False

Attempting prediction for YAR019C
No prediction will be run:
has_verified_seq = True
DeepTMHMM_class = GLOB
structure_exists = 1.0
sequence_matches_structure = False

Attempting prediction for YMR295C
No prediction will be run:
has_verified_seq = True
DeepTMHMM_class = GLOB
structure_exists = 1.0
sequence_matches_structure = False

Attempting prediction for YER166W
No prediction will be run:
has_verified_seq = True
DeepTMHMM_class = TM
structure_exists = 1.0
sequence_matches_structure = False

Attempting prediction for YMR302C
No prediction will be run:
has_verified_seq = True
DeepTMHMM_class = TM
structure_exists = 1.0
sequence_matches_structure = False

Attempting prediction for YMR299C
No prediction will be run:
has_verified_seq = True
DeepTMHMM_class = GLOB
structure_exists = 1.0
sequence_matches_structure = False

Attempting prediction for YNL003C
No prediction will be run:
has_verified_seq = True
DeepTMHMM_class = GLOB
structure_exists = 1.0
sequence_matches_structure = False

Attempting prediction for YNL006W
No prediction will be run:
has_verified_seq = True
DeepTMHMM_class = GLOB
structure_exists = 1.0
sequence_matches_structure = False

Attempting prediction for YNL010W
No prediction will be run:
has_verified_seq = True
DeepTMHMM_class = GLOB
structure_exists = 1.0
sequence_matches_structure = False

Attempting prediction for YNL044W
No prediction will be run:
has_verified_seq = True
DeepTMHMM_class = TM
structure_exists = 1.0
sequence_matches_structure = False

Attempting prediction for YNL046W
No prediction will be run:
has_verified_seq = True
DeepTMHMM_class = TM
structure_exists = 1.0
sequence_matches_structure = False

Attempting prediction for YNL058C
No prediction will be run:
has_verified_seq = True
DeepTMHMM_class = SP+TM
structure_exists = 1.0
sequence_matches_structure = False

Attempting prediction for YNL053W
No prediction will be run:
has_verified_seq = True
DeepTMHMM_class = GLOB
structure_exists = 1.0
sequence_matches_structure = False

Attempting prediction for YNL066W
No prediction will be run:
has_verified_seq = True
DeepTMHMM_class = SP
structure_exists = 1.0
sequence_matches_structure = False

Attempting prediction for YNL063W
No prediction will be run:
has_verified_seq = True
DeepTMHMM_class = GLOB
structure_exists = 1.0
sequence_matches_structure = False

Attempting prediction for YNL082W
No prediction will be run:
has_verified_seq = True
DeepTMHMM_class = GLOB
structure_exists = 1.0
sequence_matches_structure = False

Attempting prediction for YNL068C
No prediction will be run:
has_verified_seq = True
DeepTMHMM_class = GLOB
structure_exists = 1.0
sequence_matches_structure = False

Attempting prediction for YNL095C
No prediction will be run:
has_verified_seq = True
DeepTMHMM_class = TM
structure_exists = 1.0
sequence_matches_structure = False

Attempting prediction for YNL086W
No prediction will be run:
has_verified_seq = True
DeepTMHMM_class = GLOB
structure_exists = 1.0
sequence_matches_structure = False

Attempting prediction for YNL099C
No prediction will be run:
has_verified_seq = True
DeepTMHMM_class = GLOB
structure_exists = 1.0
sequence_matches_structure = False

Attempting prediction for YNL098C
No prediction will be run:
has_verified_seq = True
DeepTMHMM_class = GLOB
structure_exists = 1.0
sequence_matches_structure = False

Attempting prediction for YNL103W
No prediction will be run:
has_verified_seq = True
DeepTMHMM_class = GLOB
structure_exists = 1.0
sequence_matches_structure = False

Attempting prediction for YNL100W
No prediction will be run:
has_verified_seq = True
DeepTMHMM_class = GLOB
structure_exists = 1.0
sequence_matches_structure = False

Attempting prediction for YNL115C
No prediction will be run:
has_verified_seq = True
DeepTMHMM_class = TM
structure_exists = 1.0
sequence_matches_structure = False

Attempting prediction for YNL108C
No prediction will be run:
has_verified_seq = True
DeepTMHMM_class = GLOB
structure_exists = 1.0
sequence_matches_structure = False

Attempting prediction for YNL123W
No prediction will be run:
has_verified_seq = True
DeepTMHMM_class = GLOB
structure_exists = 1.0
sequence_matches_structure = False

Attempting prediction for YNL125C
No prediction will be run:
has_verified_seq = True
DeepTMHMM_class = TM
structure_exists = 1.0
sequence_matches_structure = False

Attempting prediction for YLR177W
No prediction will be run:
has_verified_seq = True
DeepTMHMM_class = GLOB
structure_exists = 1.0
sequence_matches_structure = False

Attempting prediction for YNL136W
No prediction will be run:
has_verified_seq = True
DeepTMHMM_class = GLOB
structure_exists = 1.0
sequence_matches_structure = False

Attempting prediction for YNL130C
No prediction will be run:
has_verified_seq = True
DeepTMHMM_class = TM
structure_exists = 1.0
sequence_matches_structure = False

Attempting prediction for YHR123W
No prediction will be run:
has_verified_seq = True
DeepTMHMM_class = TM
structure_exists = 1.0
sequence_matches_structure = False

Attempting prediction for YNL167C
No prediction will be run:
has_verified_seq = True
DeepTMHMM_class = GLOB
structure_exists = 1.0
sequence_matches_structure = False

Attempting prediction for YNL162W
No prediction will be run:
has_verified_seq = True
DeepTMHMM_class = GLOB
structure_exists = 1.0
sequence_matches_structure = False

Attempting prediction for YNL216W
No prediction will be run:
has_verified_seq = True
DeepTMHMM_class = GLOB
structure_exists = 1.0
sequence_matches_structure = False

Attempting prediction for YNL198C
No prediction will be run:
has_verified_seq = False
DeepTMHMM_class = nan
structure_exists = 1.0
sequence_matches_structure = False

Attempting prediction for YNL218W
No prediction will be run:
has_verified_seq = True
DeepTMHMM_class = GLOB
structure_exists = 1.0
sequence_matches_structure = False

Attempting prediction for YNL217W
No prediction will be run:
has_verified_seq = True
DeepTMHMM_class = GLOB
structure_exists = 1.0
sequence_matches_structure = False

Attempting prediction for YOL031C
No prediction will be run:
has_verified_seq = True
DeepTMHMM_class = SP
structure_exists = 1.0
sequence_matches_structure = False

Attempting prediction for YNL238W
No prediction will be run:
has_verified_seq = True
DeepTMHMM_class = SP+TM
structure_exists = 1.0
sequence_matches_structure = False

Attempting prediction for YNL264C
No prediction will be run:
has_verified_seq = True
DeepTMHMM_class = GLOB
structure_exists = 1.0
sequence_matches_structure = False

Attempting prediction for YGR170W
No prediction will be run:
has_verified_seq = True
DeepTMHMM_class = GLOB
structure_exists = 1.0
sequence_matches_structure = False

Attempting prediction for YNL257C
No prediction will be run:
has_verified_seq = True
DeepTMHMM_class = TM
structure_exists = 1.0
sequence_matches_structure = False

Attempting prediction for YNL278W
No prediction will be run:
has_verified_seq = True
DeepTMHMM_class = GLOB
structure_exists = 1.0
sequence_matches_structure = False

Attempting prediction for YNL280C
No prediction will be run:
has_verified_seq = True
DeepTMHMM_class = TM
structure_exists = 1.0
sequence_matches_structure = False

Attempting prediction for YDR458C
No prediction will be run:
has_verified_seq = True
DeepTMHMM_class = TM
structure_exists = 1.0
sequence_matches_structure = False

Attempting prediction for YER044C
No prediction will be run:
has_verified_seq = True
DeepTMHMM_class = TM
structure_exists = 1.0
sequence_matches_structure = False

Attempting prediction for YNL279W
No prediction will be run:
has_verified_seq = True
DeepTMHMM_class = TM
structure_exists = 1.0
sequence_matches_structure = False

Attempting prediction for YNL298W
No prediction will be run:
has_verified_seq = True
DeepTMHMM_class = GLOB
structure_exists = 1.0
sequence_matches_structure = False

Attempting prediction for YNL282W
No prediction will be run:
has_verified_seq = True
DeepTMHMM_class = GLOB
structure_exists = 1.0
sequence_matches_structure = False

Attempting prediction for YDR478W
No prediction will be run:
has_verified_seq = True
DeepTMHMM_class = GLOB
structure_exists = 1.0
sequence_matches_structure = False

Attempting prediction for YNL309W
No prediction will be run:
has_verified_seq = True
DeepTMHMM_class = GLOB
structure_exists = 1.0
sequence_matches_structure = False

Attempting prediction for YNL301C
No prediction will be run:
has_verified_seq = True
DeepTMHMM_class = GLOB
structure_exists = 1.0
sequence_matches_structure = False

Attempting prediction for YNL315C
No prediction will be run:
has_verified_seq = True
DeepTMHMM_class = GLOB
structure_exists = 1.0
sequence_matches_structure = False

Attempting prediction for YNL310C
No prediction will be run:
has_verified_seq = True
DeepTMHMM_class = GLOB
structure_exists = 1.0
sequence_matches_structure = False

Attempting prediction for YNL322C
No prediction will be run:
has_verified_seq = True
DeepTMHMM_class = SP
structure_exists = 1.0
sequence_matches_structure = False

Attempting prediction for YOL088C
No prediction will be run:
has_verified_seq = True
DeepTMHMM_class = SP
structure_exists = 1.0
sequence_matches_structure = False

Attempting prediction for YGR143W
No prediction will be run:
has_verified_seq = True
DeepTMHMM_class = TM
structure_exists = 1.0
sequence_matches_structure = False

Attempting prediction for YOR137C
No prediction will be run:
has_verified_seq = True
DeepTMHMM_class = TM
structure_exists = 1.0
sequence_matches_structure = False

Attempting prediction for YNL327W
No prediction will be run:
has_verified_seq = True
DeepTMHMM_class = SP
structure_exists = 1.0
sequence_matches_structure = False

Attempting prediction for YNL326C
No prediction will be run:
has_verified_seq = True
DeepTMHMM_class = TM
structure_exists = 1.0
sequence_matches_structure = False

Attempting prediction for YLR224W
No prediction will be run:
has_verified_seq = True
DeepTMHMM_class = GLOB
structure_exists = 1.0
sequence_matches_structure = False

Attempting prediction for YOR034C
No prediction will be run:
has_verified_seq = True
DeepTMHMM_class = TM
structure_exists = 1.0
sequence_matches_structure = False

Attempting prediction for YNR007C
No prediction will be run:
has_verified_seq = True
DeepTMHMM_class = GLOB
structure_exists = 1.0
sequence_matches_structure = False

Attempting prediction for YBL078C
No prediction will be run:
has_verified_seq = True
DeepTMHMM_class = GLOB
structure_exists = 1.0
sequence_matches_structure = False

Attempting prediction for YNR043W
No prediction will be run:
has_verified_seq = True
DeepTMHMM_class = GLOB
structure_exists = 1.0
sequence_matches_structure = False

Attempting prediction for YOL052C
No prediction will be run:
has_verified_seq = True
DeepTMHMM_class = GLOB
structure_exists = 1.0
sequence_matches_structure = False

Attempting prediction for YNR044W
No prediction will be run:
has_verified_seq = True
DeepTMHMM_class = SP
structure_exists = 1.0
sequence_matches_structure = False

Attempting prediction for YNR056C
No prediction will be run:
has_verified_seq = True
DeepTMHMM_class = TM
structure_exists = 1.0
sequence_matches_structure = False

Attempting prediction for YNR055C
No prediction will be run:
has_verified_seq = True
DeepTMHMM_class = TM
structure_exists = 1.0
sequence_matches_structure = False

Attempting prediction for YOL007C
No prediction will be run:
has_verified_seq = True
DeepTMHMM_class = SP+TM
structure_exists = 1.0
sequence_matches_structure = False

Attempting prediction for YNR067C
No prediction will be run:
has_verified_seq = True
DeepTMHMM_class = SP
structure_exists = 1.0
sequence_matches_structure = False

Attempting prediction for YOL020W
No prediction will be run:
has_verified_seq = True
DeepTMHMM_class = TM
structure_exists = 1.0
sequence_matches_structure = False

Attempting prediction for YOL016C
No prediction will be run:
has_verified_seq = True
DeepTMHMM_class = GLOB
structure_exists = 1.0
sequence_matches_structure = False

Attempting prediction for YOL027C
No prediction will be run:
has_verified_seq = True
DeepTMHMM_class = TM
structure_exists = 1.0
sequence_matches_structure = False

Attempting prediction for YOL023W
No prediction will be run:
has_verified_seq = True
DeepTMHMM_class = GLOB
structure_exists = 1.0
sequence_matches_structure = False

Attempting prediction for YOL033W
No prediction will be run:
has_verified_seq = True
DeepTMHMM_class = GLOB
structure_exists = 1.0
sequence_matches_structure = False

Attempting prediction for YOL028C
No prediction will be run:
has_verified_seq = True
DeepTMHMM_class = GLOB
structure_exists = 1.0
sequence_matches_structure = False

Attempting prediction for YBR177C
No prediction will be run:
has_verified_seq = True
DeepTMHMM_class = GLOB
structure_exists = 1.0
sequence_matches_structure = False

Attempting prediction for YOL049W
No prediction will be run:
has_verified_seq = True
DeepTMHMM_class = GLOB
structure_exists = 1.0
sequence_matches_structure = False

Attempting prediction for YOL047C
No prediction will be run:
has_verified_seq = True
DeepTMHMM_class = TM
structure_exists = 1.0
sequence_matches_structure = False

Attempting prediction for YOL055C
No prediction will be run:
has_verified_seq = True
DeepTMHMM_class = GLOB
structure_exists = 1.0
sequence_matches_structure = False

Attempting prediction for YOL052C-A
No prediction will be run:
has_verified_seq = True
DeepTMHMM_class = SP
structure_exists = 1.0
sequence_matches_structure = False

Attempting prediction for YOL064C
No prediction will be run:
has_verified_seq = True
DeepTMHMM_class = GLOB
structure_exists = 1.0
sequence_matches_structure = False

Attempting prediction for YOL060C
No prediction will be run:
has_verified_seq = True
DeepTMHMM_class = SP+TM
structure_exists = 1.0
sequence_matches_structure = False

Attempting prediction for YOL071W
No prediction will be run:
has_verified_seq = True
DeepTMHMM_class = GLOB
structure_exists = 1.0
sequence_matches_structure = False

Attempting prediction for YOL066C
No prediction will be run:
has_verified_seq = True
DeepTMHMM_class = GLOB
structure_exists = 1.0
sequence_matches_structure = False

Attempting prediction for YOL072W
No prediction will be run:
has_verified_seq = True
DeepTMHMM_class = GLOB
structure_exists = 1.0
sequence_matches_structure = False

Attempting prediction for YOL087C
No prediction will be run:
has_verified_seq = True
DeepTMHMM_class = GLOB
structure_exists = 1.0
sequence_matches_structure = False

Attempting prediction for YOL092W
No prediction will be run:
has_verified_seq = True
DeepTMHMM_class = TM
structure_exists = 1.0
sequence_matches_structure = False

Attempting prediction for YOL089C
No prediction will be run:
has_verified_seq = True
DeepTMHMM_class = GLOB
structure_exists = 1.0
sequence_matches_structure = False

Attempting prediction for YOL101C
No prediction will be run:
has_verified_seq = True
DeepTMHMM_class = TM
structure_exists = 1.0
sequence_matches_structure = False

Attempting prediction for YOL100W
No prediction will be run:
has_verified_seq = True
DeepTMHMM_class = GLOB
structure_exists = 1.0
sequence_matches_structure = False

Attempting prediction for YOL113W
No prediction will be run:
has_verified_seq = True
DeepTMHMM_class = GLOB
structure_exists = 1.0
sequence_matches_structure = False

Attempting prediction for YOL125W
No prediction will be run:
has_verified_seq = True
DeepTMHMM_class = GLOB
structure_exists = 1.0
sequence_matches_structure = False

Attempting prediction for YOL123W
No prediction will be run:
has_verified_seq = True
DeepTMHMM_class = GLOB
structure_exists = 1.0
sequence_matches_structure = False

Attempting prediction for YOL126C
No prediction will be run:
has_verified_seq = True
DeepTMHMM_class = GLOB
structure_exists = 1.0
sequence_matches_structure = False

Attempting prediction for YDL200C
No prediction will be run:
has_verified_seq = True
DeepTMHMM_class = GLOB
structure_exists = 1.0
sequence_matches_structure = False

Attempting prediction for YGL184C
No prediction will be run:
has_verified_seq = True
DeepTMHMM_class = GLOB
structure_exists = 1.0
sequence_matches_structure = False

Attempting prediction for YGL179C
No prediction will be run:
has_verified_seq = True
DeepTMHMM_class = GLOB
structure_exists = 1.0
sequence_matches_structure = False

Attempting prediction for YGR127W
No prediction will be run:
has_verified_seq = True
DeepTMHMM_class = GLOB
structure_exists = 1.0
sequence_matches_structure = False

Attempting prediction for YGR077C
No prediction will be run:
has_verified_seq = True
DeepTMHMM_class = GLOB
structure_exists = 1.0
sequence_matches_structure = False

Attempting prediction for YKR009C
No prediction will be run:
has_verified_seq = True
DeepTMHMM_class = GLOB
structure_exists = 1.0
sequence_matches_structure = False

Attempting prediction for YKL128C
No prediction will be run:
has_verified_seq = True
DeepTMHMM_class = GLOB
structure_exists = 1.0
sequence_matches_structure = False

Attempting prediction for YOR090C
No prediction will be run:
has_verified_seq = True
DeepTMHMM_class = GLOB
structure_exists = 1.0
sequence_matches_structure = False

Attempting prediction for YOR180C
No prediction will be run:
has_verified_seq = True
DeepTMHMM_class = GLOB
structure_exists = 1.0
sequence_matches_structure = False

Attempting prediction for YOL137W
No prediction will be run:
has_verified_seq = True
DeepTMHMM_class = TM
structure_exists = 1.0
sequence_matches_structure = False

Attempting prediction for YOL136C
No prediction will be run:
has_verified_seq = True
DeepTMHMM_class = GLOB
structure_exists = 1.0
sequence_matches_structure = False

Attempting prediction for YOL141W
No prediction will be run:
has_verified_seq = True
DeepTMHMM_class = GLOB
structure_exists = 1.0
sequence_matches_structure = False

Attempting prediction for YOL140W
No prediction will be run:
has_verified_seq = True
DeepTMHMM_class = GLOB
structure_exists = 1.0
sequence_matches_structure = False

Attempting prediction for YOR026W
No prediction will be run:
has_verified_seq = True
DeepTMHMM_class = GLOB
structure_exists = 1.0
sequence_matches_structure = False

Attempting prediction for YGR188C
No prediction will be run:
has_verified_seq = True
DeepTMHMM_class = GLOB
structure_exists = 1.0
sequence_matches_structure = False

Attempting prediction for YOR040W
No prediction will be run:
has_verified_seq = True
DeepTMHMM_class = GLOB
structure_exists = 1.0
sequence_matches_structure = False

Attempting prediction for YOR035C
No prediction will be run:
has_verified_seq = True
DeepTMHMM_class = GLOB
structure_exists = 1.0
sequence_matches_structure = False

Attempting prediction for YAL029C
No prediction will be run:
has_verified_seq = True
DeepTMHMM_class = GLOB
structure_exists = 1.0
sequence_matches_structure = False

Attempting prediction for YOR060C
No prediction will be run:
has_verified_seq = True
DeepTMHMM_class = GLOB
structure_exists = 1.0
sequence_matches_structure = False

Attempting prediction for YOR045W
No prediction will be run:
has_verified_seq = True
DeepTMHMM_class = TM
structure_exists = 1.0
sequence_matches_structure = False

Attempting prediction for YOR064C
No prediction will be run:
has_verified_seq = True
DeepTMHMM_class = GLOB
structure_exists = 1.0
sequence_matches_structure = False

Attempting prediction for YOR062C
No prediction will be run:
has_verified_seq = True
DeepTMHMM_class = GLOB
structure_exists = 1.0
sequence_matches_structure = False

Attempting prediction for YOR074C
No prediction will be run:
has_verified_seq = True
DeepTMHMM_class = GLOB
structure_exists = 1.0
sequence_matches_structure = False

Attempting prediction for YOR070C
No prediction will be run:
has_verified_seq = True
DeepTMHMM_class = GLOB
structure_exists = 1.0
sequence_matches_structure = False

Attempting prediction for YOR077W
No prediction will be run:
has_verified_seq = True
DeepTMHMM_class = GLOB
structure_exists = 1.0
sequence_matches_structure = False

Attempting prediction for YER019W
No prediction will be run:
has_verified_seq = True
DeepTMHMM_class = TM
structure_exists = 1.0
sequence_matches_structure = False

Attempting prediction for YGR224W
No prediction will be run:
has_verified_seq = True
DeepTMHMM_class = TM
structure_exists = 1.0
sequence_matches_structure = False

Attempting prediction for YGR197C
No prediction will be run:
has_verified_seq = True
DeepTMHMM_class = TM
structure_exists = 1.0
sequence_matches_structure = False

Attempting prediction for YOR083W
No prediction will be run:
has_verified_seq = True
DeepTMHMM_class = GLOB
structure_exists = 1.0
sequence_matches_structure = False

Attempting prediction for YOR094W
No prediction will be run:
has_verified_seq = True
DeepTMHMM_class = GLOB
structure_exists = 1.0
sequence_matches_structure = False

Attempting prediction for YOR107W
No prediction will be run:
has_verified_seq = True
DeepTMHMM_class = GLOB
structure_exists = 1.0
sequence_matches_structure = False

Attempting prediction for YAL054C
No prediction will be run:
has_verified_seq = True
DeepTMHMM_class = GLOB
structure_exists = 1.0
sequence_matches_structure = False

Attempting prediction for YOR104W
No prediction will be run:
has_verified_seq = True
DeepTMHMM_class = SP+TM
structure_exists = 1.0
sequence_matches_structure = False

Attempting prediction for YOR120W
No prediction will be run:
has_verified_seq = True
DeepTMHMM_class = GLOB
structure_exists = 1.0
sequence_matches_structure = False

Attempting prediction for YOR113W
No prediction will be run:
has_verified_seq = True
DeepTMHMM_class = GLOB
structure_exists = 1.0
sequence_matches_structure = False

Attempting prediction for YOR143C
No prediction will be run:
has_verified_seq = True
DeepTMHMM_class = GLOB
structure_exists = 1.0
sequence_matches_structure = False

Attempting prediction for YOR130C
No prediction will be run:
has_verified_seq = True
DeepTMHMM_class = TM
structure_exists = 1.0
sequence_matches_structure = False

Attempting prediction for YOR156C
No prediction will be run:
has_verified_seq = True
DeepTMHMM_class = GLOB
structure_exists = 1.0
sequence_matches_structure = False

Attempting prediction for YOR147W
No prediction will be run:
has_verified_seq = True
DeepTMHMM_class = TM
structure_exists = 1.0
sequence_matches_structure = False

Attempting prediction for YOR167C
No prediction will be run:
has_verified_seq = True
DeepTMHMM_class = GLOB
structure_exists = 1.0
sequence_matches_structure = False

Attempting prediction for YOR161C
No prediction will be run:
has_verified_seq = True
DeepTMHMM_class = TM
structure_exists = 1.0
sequence_matches_structure = False

Attempting prediction for YOR179C
No prediction will be run:
has_verified_seq = True
DeepTMHMM_class = GLOB
structure_exists = 1.0
sequence_matches_structure = False

Attempting prediction for YOR176W
No prediction will be run:
has_verified_seq = True
DeepTMHMM_class = GLOB
structure_exists = 1.0
sequence_matches_structure = False

Attempting prediction for YOR185C
No prediction will be run:
has_verified_seq = True
DeepTMHMM_class = GLOB
structure_exists = 1.0
sequence_matches_structure = False

Attempting prediction for YOR182C
No prediction will be run:
has_verified_seq = True
DeepTMHMM_class = GLOB
structure_exists = 1.0
sequence_matches_structure = False

Attempting prediction for YOR199W
No prediction will be run:
has_verified_seq = False
DeepTMHMM_class = nan
structure_exists = nan
sequence_matches_structure = False

Attempting prediction for YGL065C
No prediction will be run:
has_verified_seq = True
DeepTMHMM_class = TM
structure_exists = 1.0
sequence_matches_structure = False

Attempting prediction for YGR284C
No prediction will be run:
has_verified_seq = True
DeepTMHMM_class = TM
structure_exists = 1.0
sequence_matches_structure = False

Attempting prediction for YOR193W
No prediction will be run:
has_verified_seq = True
DeepTMHMM_class = GLOB
structure_exists = 1.0
sequence_matches_structure = False

Attempting prediction for YOR221C
No prediction will be run:
has_verified_seq = True
DeepTMHMM_class = GLOB
structure_exists = 1.0
sequence_matches_structure = False

Attempting prediction for YOR213C
No prediction will be run:
has_verified_seq = True
DeepTMHMM_class = GLOB
structure_exists = 1.0
sequence_matches_structure = False

Attempting prediction for YOR234C
No prediction will be run:
has_verified_seq = True
DeepTMHMM_class = GLOB
structure_exists = 1.0
sequence_matches_structure = False

Attempting prediction for YOR231W
No prediction will be run:
has_verified_seq = True
DeepTMHMM_class = GLOB
structure_exists = 1.0
sequence_matches_structure = False

Attempting prediction for YOR236W
No prediction will be run:
has_verified_seq = True
DeepTMHMM_class = GLOB
structure_exists = 1.0
sequence_matches_structure = False

Attempting prediction for YOR246C
No prediction will be run:
has_verified_seq = True
DeepTMHMM_class = GLOB
structure_exists = 1.0
sequence_matches_structure = False

Attempting prediction for YOR243C
No prediction will be run:
has_verified_seq = True
DeepTMHMM_class = GLOB
structure_exists = 1.0
sequence_matches_structure = False

Attempting prediction for YOR269W
No prediction will be run:
has_verified_seq = True
DeepTMHMM_class = GLOB
structure_exists = 1.0
sequence_matches_structure = False

Attempting prediction for YOR267C
No prediction will be run:
has_verified_seq = True
DeepTMHMM_class = GLOB
structure_exists = 1.0
sequence_matches_structure = False

Attempting prediction for YOR274W
No prediction will be run:
has_verified_seq = True
DeepTMHMM_class = GLOB
structure_exists = 1.0
sequence_matches_structure = False

Attempting prediction for YOR273C
No prediction will be run:
has_verified_seq = True
DeepTMHMM_class = TM
structure_exists = 1.0
sequence_matches_structure = False

Attempting prediction for YOR288C
No prediction will be run:
has_verified_seq = True
DeepTMHMM_class = SP
structure_exists = 1.0
sequence_matches_structure = False

Attempting prediction for YOR281C
No prediction will be run:
has_verified_seq = True
DeepTMHMM_class = GLOB
structure_exists = 1.0
sequence_matches_structure = False

Attempting prediction for YOR293W
No prediction will be run:
has_verified_seq = True
DeepTMHMM_class = GLOB
structure_exists = 1.0
sequence_matches_structure = False

Attempting prediction for YOR292C
No prediction will be run:
has_verified_seq = True
DeepTMHMM_class = TM
structure_exists = 1.0
sequence_matches_structure = False

Attempting prediction for YOR297C
No prediction will be run:
has_verified_seq = True
DeepTMHMM_class = TM
structure_exists = 1.0
sequence_matches_structure = False

Attempting prediction for YOR295W
No prediction will be run:
has_verified_seq = True
DeepTMHMM_class = GLOB
structure_exists = 1.0
sequence_matches_structure = False

Attempting prediction for YOR312C
No prediction will be run:
has_verified_seq = True
DeepTMHMM_class = GLOB
structure_exists = 1.0
sequence_matches_structure = False

Attempting prediction for YMR233W
No prediction will be run:
has_verified_seq = True
DeepTMHMM_class = GLOB
structure_exists = 1.0
sequence_matches_structure = False

Attempting prediction for YOR305W
No prediction will be run:
has_verified_seq = True
DeepTMHMM_class = GLOB
structure_exists = 1.0
sequence_matches_structure = False

Attempting prediction for YOR322C
No prediction will be run:
has_verified_seq = True
DeepTMHMM_class = GLOB
structure_exists = 1.0
sequence_matches_structure = False

Attempting prediction for YOR317W
No prediction will be run:
has_verified_seq = True
DeepTMHMM_class = GLOB
structure_exists = 1.0
sequence_matches_structure = False

Attempting prediction for YOR336W
No prediction will be run:
has_verified_seq = True
DeepTMHMM_class = SP
structure_exists = 1.0
sequence_matches_structure = False

Attempting prediction for YOR342C
No prediction will be run:
has_verified_seq = True
DeepTMHMM_class = GLOB
structure_exists = 1.0
sequence_matches_structure = False

Attempting prediction for YOR337W
No prediction will be run:
has_verified_seq = True
DeepTMHMM_class = GLOB
structure_exists = 1.0
sequence_matches_structure = False

Attempting prediction for YOR354C
No prediction will be run:
has_verified_seq = True
DeepTMHMM_class = GLOB
structure_exists = 1.0
sequence_matches_structure = False

Attempting prediction for YOR346W
No prediction will be run:
has_verified_seq = True
DeepTMHMM_class = GLOB
structure_exists = 1.0
sequence_matches_structure = False

Attempting prediction for YOR358W
No prediction will be run:
has_verified_seq = True
DeepTMHMM_class = GLOB
structure_exists = 1.0
sequence_matches_structure = False

Attempting prediction for YOR355W
No prediction will be run:
has_verified_seq = True
DeepTMHMM_class = GLOB
structure_exists = 1.0
sequence_matches_structure = False

Attempting prediction for YOR370C
No prediction will be run:
has_verified_seq = True
DeepTMHMM_class = GLOB
structure_exists = 1.0
sequence_matches_structure = False

Attempting prediction for YOR360C
No prediction will be run:
has_verified_seq = True
DeepTMHMM_class = GLOB
structure_exists = 1.0
sequence_matches_structure = False

Attempting prediction for YOR372C
No prediction will be run:
has_verified_seq = True
DeepTMHMM_class = GLOB
structure_exists = 1.0
sequence_matches_structure = False

Attempting prediction for YPL005W
No prediction will be run:
has_verified_seq = True
DeepTMHMM_class = GLOB
structure_exists = 1.0
sequence_matches_structure = False

Attempting prediction for YPL024W
No prediction will be run:
has_verified_seq = True
DeepTMHMM_class = GLOB
structure_exists = 1.0
sequence_matches_structure = False

Attempting prediction for YPL030W
No prediction will be run:
has_verified_seq = True
DeepTMHMM_class = GLOB
structure_exists = 1.0
sequence_matches_structure = False

Attempting prediction for YPL026C
No prediction will be run:
has_verified_seq = True
DeepTMHMM_class = GLOB
structure_exists = 1.0
sequence_matches_structure = False

Attempting prediction for YPL067C
No prediction will be run:
has_verified_seq = True
DeepTMHMM_class = GLOB
structure_exists = 1.0
sequence_matches_structure = False

Attempting prediction for YPL060W
No prediction will be run:
has_verified_seq = True
DeepTMHMM_class = TM
structure_exists = 1.0
sequence_matches_structure = False

Attempting prediction for YOR334W
No prediction will be run:
has_verified_seq = True
DeepTMHMM_class = TM
structure_exists = 1.0
sequence_matches_structure = False

Attempting prediction for YPL069C
No prediction will be run:
has_verified_seq = True
DeepTMHMM_class = GLOB
structure_exists = 1.0
sequence_matches_structure = False

Attempting prediction for YPL068C
No prediction will be run:
has_verified_seq = True
DeepTMHMM_class = GLOB
structure_exists = 1.0
sequence_matches_structure = False

Attempting prediction for YPL074W
No prediction will be run:
has_verified_seq = True
DeepTMHMM_class = GLOB
structure_exists = 1.0
sequence_matches_structure = False

Attempting prediction for YPL072W
No prediction will be run:
has_verified_seq = True
DeepTMHMM_class = GLOB
structure_exists = 1.0
sequence_matches_structure = False

Attempting prediction for YPL076W
No prediction will be run:
has_verified_seq = True
DeepTMHMM_class = TM
structure_exists = 1.0
sequence_matches_structure = False

Attempting prediction for YPL075W
No prediction will be run:
has_verified_seq = True
DeepTMHMM_class = GLOB
structure_exists = 1.0
sequence_matches_structure = False

Attempting prediction for YPL245W
No prediction will be run:
has_verified_seq = True
DeepTMHMM_class = GLOB
structure_exists = 1.0
sequence_matches_structure = False

Attempting prediction for YPL087W
No prediction will be run:
has_verified_seq = True
DeepTMHMM_class = TM
structure_exists = 1.0
sequence_matches_structure = False

Attempting prediction for YPL084W
No prediction will be run:
has_verified_seq = True
DeepTMHMM_class = GLOB
structure_exists = 1.0
sequence_matches_structure = False

Attempting prediction for YPL097W
No prediction will be run:
has_verified_seq = True
DeepTMHMM_class = GLOB
structure_exists = 1.0
sequence_matches_structure = False

Attempting prediction for YPL090C
No prediction will be run:
has_verified_seq = True
DeepTMHMM_class = GLOB
structure_exists = 1.0
sequence_matches_structure = False

Attempting prediction for YPL109C
No prediction will be run:
has_verified_seq = True
DeepTMHMM_class = GLOB
structure_exists = 1.0
sequence_matches_structure = False

Attempting prediction for YPL107W
No prediction will be run:
has_verified_seq = True
DeepTMHMM_class = GLOB
structure_exists = 1.0
sequence_matches_structure = False

Attempting prediction for YPL115C
No prediction will be run:
has_verified_seq = True
DeepTMHMM_class = GLOB
structure_exists = 1.0
sequence_matches_structure = False

Attempting prediction for YPL112C
No prediction will be run:
has_verified_seq = True
DeepTMHMM_class = GLOB
structure_exists = 1.0
sequence_matches_structure = False

Attempting prediction for YPL125W
No prediction will be run:
has_verified_seq = True
DeepTMHMM_class = GLOB
structure_exists = 1.0
sequence_matches_structure = False

Attempting prediction for YPL117C
No prediction will be run:
has_verified_seq = True
DeepTMHMM_class = GLOB
structure_exists = 1.0
sequence_matches_structure = False

Attempting prediction for YPL144W
No prediction will be run:
has_verified_seq = True
DeepTMHMM_class = GLOB
structure_exists = 1.0
sequence_matches_structure = False

Attempting prediction for YLR021W
No prediction will be run:
has_verified_seq = True
DeepTMHMM_class = GLOB
structure_exists = 1.0
sequence_matches_structure = False

Attempting prediction for YPL133C
No prediction will be run:
has_verified_seq = True
DeepTMHMM_class = GLOB
structure_exists = 1.0
sequence_matches_structure = False

Attempting prediction for YPL161C
No prediction will be run:
has_verified_seq = True
DeepTMHMM_class = GLOB
structure_exists = 1.0
sequence_matches_structure = False

Attempting prediction for YPL168W
No prediction will be run:
has_verified_seq = True
DeepTMHMM_class = GLOB
structure_exists = 1.0
sequence_matches_structure = False

Attempting prediction for YPL163C
No prediction will be run:
has_verified_seq = True
DeepTMHMM_class = SP
structure_exists = 1.0
sequence_matches_structure = False

Attempting prediction for YPL183W-A
No prediction will be run:
has_verified_seq = True
DeepTMHMM_class = GLOB
structure_exists = 1.0
sequence_matches_structure = False

Attempting prediction for YPL175W
No prediction will be run:
has_verified_seq = True
DeepTMHMM_class = GLOB
structure_exists = 1.0
sequence_matches_structure = False

Attempting prediction for YPL198W
No prediction will be run:
has_verified_seq = True
DeepTMHMM_class = GLOB
structure_exists = 1.0
sequence_matches_structure = False

Attempting prediction for YPL191C
No prediction will be run:
has_verified_seq = True
DeepTMHMM_class = GLOB
structure_exists = 1.0
sequence_matches_structure = False

Attempting prediction for YPL220W
No prediction will be run:
has_verified_seq = True
DeepTMHMM_class = GLOB
structure_exists = 1.0
sequence_matches_structure = False

Attempting prediction for YPL214C
No prediction will be run:
has_verified_seq = True
DeepTMHMM_class = GLOB
structure_exists = 1.0
sequence_matches_structure = False

Attempting prediction for YPL222W
No prediction will be run:
has_verified_seq = True
DeepTMHMM_class = GLOB
structure_exists = 1.0
sequence_matches_structure = False

Attempting prediction for YPL242C
No prediction will be run:
has_verified_seq = True
DeepTMHMM_class = GLOB
structure_exists = 1.0
sequence_matches_structure = False

Attempting prediction for YPL239W
No prediction will be run:
has_verified_seq = True
DeepTMHMM_class = GLOB
structure_exists = 1.0
sequence_matches_structure = False

Attempting prediction for YPL247C
No prediction will be run:
has_verified_seq = True
DeepTMHMM_class = GLOB
structure_exists = 1.0
sequence_matches_structure = False

Attempting prediction for YJL141C
No prediction will be run:
has_verified_seq = True
DeepTMHMM_class = GLOB
structure_exists = 1.0
sequence_matches_structure = False

Attempting prediction for YPL246C
No prediction will be run:
has_verified_seq = True
DeepTMHMM_class = TM
structure_exists = 1.0
sequence_matches_structure = False

Attempting prediction for YGR172C
No prediction will be run:
has_verified_seq = True
DeepTMHMM_class = TM
structure_exists = 1.0
sequence_matches_structure = False

Attempting prediction for YPL273W
No prediction will be run:
has_verified_seq = True
DeepTMHMM_class = GLOB
structure_exists = 1.0
sequence_matches_structure = False

Attempting prediction for YPL269W
No prediction will be run:
has_verified_seq = True
DeepTMHMM_class = GLOB
structure_exists = 1.0
sequence_matches_structure = False

Attempting prediction for YER016W
No prediction will be run:
has_verified_seq = True
DeepTMHMM_class = GLOB
structure_exists = 1.0
sequence_matches_structure = False

Attempting prediction for YPR003C
No prediction will be run:
has_verified_seq = True
DeepTMHMM_class = TM
structure_exists = 1.0
sequence_matches_structure = False

Attempting prediction for YPR002W
No prediction will be run:
has_verified_seq = True
DeepTMHMM_class = GLOB
structure_exists = 1.0
sequence_matches_structure = False

Attempting prediction for YPR013C
No prediction will be run:
has_verified_seq = True
DeepTMHMM_class = GLOB
structure_exists = 1.0
sequence_matches_structure = False

Attempting prediction for YPR006C
No prediction will be run:
has_verified_seq = True
DeepTMHMM_class = GLOB
structure_exists = 1.0
sequence_matches_structure = False

Attempting prediction for YPR022C
No prediction will be run:
has_verified_seq = True
DeepTMHMM_class = GLOB
structure_exists = 1.0
sequence_matches_structure = False

Attempting prediction for YPR016C
No prediction will be run:
has_verified_seq = True
DeepTMHMM_class = GLOB
structure_exists = 1.0
sequence_matches_structure = False

Attempting prediction for YPR040W
No prediction will be run:
has_verified_seq = True
DeepTMHMM_class = GLOB
structure_exists = 1.0
sequence_matches_structure = False

Attempting prediction for YPR047W
No prediction will be run:
has_verified_seq = True
DeepTMHMM_class = GLOB
structure_exists = 1.0
sequence_matches_structure = False

Attempting prediction for YPR043W
No prediction will be run:
has_verified_seq = True
DeepTMHMM_class = GLOB
structure_exists = 1.0
sequence_matches_structure = False

Attempting prediction for YPR057W
No prediction will be run:
has_verified_seq = True
DeepTMHMM_class = GLOB
structure_exists = 1.0
sequence_matches_structure = False

Attempting prediction for YPR097W
No prediction will be run:
has_verified_seq = True
DeepTMHMM_class = GLOB
structure_exists = 1.0
sequence_matches_structure = False

Attempting prediction for YPR067W
No prediction will be run:
has_verified_seq = True
DeepTMHMM_class = GLOB
structure_exists = 1.0
sequence_matches_structure = False

Attempting prediction for YPR102C
No prediction will be run:
has_verified_seq = True
DeepTMHMM_class = GLOB
structure_exists = 1.0
sequence_matches_structure = False

Attempting prediction for YPR129W
No prediction will be run:
has_verified_seq = True
DeepTMHMM_class = GLOB
structure_exists = 1.0
sequence_matches_structure = False

Attempting prediction for YPR122W
No prediction will be run:
has_verified_seq = True
DeepTMHMM_class = GLOB
structure_exists = 1.0
sequence_matches_structure = False

Attempting prediction for YPR140W
No prediction will be run:
has_verified_seq = True
DeepTMHMM_class = GLOB
structure_exists = 1.0
sequence_matches_structure = False

Attempting prediction for YPR132W
No prediction will be run:
has_verified_seq = True
DeepTMHMM_class = GLOB
structure_exists = 1.0
sequence_matches_structure = False

Attempting prediction for YPR148C
No prediction will be run:
has_verified_seq = True
DeepTMHMM_class = GLOB
structure_exists = 1.0
sequence_matches_structure = False

Attempting prediction for YPR141C
No prediction will be run:
has_verified_seq = True
DeepTMHMM_class = GLOB
structure_exists = 1.0
sequence_matches_structure = False

Attempting prediction for YPR155C
No prediction will be run:
has_verified_seq = True
DeepTMHMM_class = GLOB
structure_exists = 1.0
sequence_matches_structure = False

Attempting prediction for YPR186C
No prediction will be run:
has_verified_seq = True
DeepTMHMM_class = GLOB
structure_exists = 1.0
sequence_matches_structure = False

Attempting prediction for YLR133W
No prediction will be run:
has_verified_seq = True
DeepTMHMM_class = GLOB
structure_exists = 1.0
sequence_matches_structure = False

Attempting prediction for YML123C
No prediction will be run:
has_verified_seq = True
DeepTMHMM_class = TM
structure_exists = 1.0
sequence_matches_structure = False

Attempting prediction for YNL192W
No prediction will be run:
has_verified_seq = True
DeepTMHMM_class = TM
structure_exists = 1.0
sequence_matches_structure = False

Attempting prediction for YBR123C
No prediction will be run:
has_verified_seq = True
DeepTMHMM_class = GLOB
structure_exists = 1.0
sequence_matches_structure = False

Attempting prediction for YDR362C
No prediction will be run:
has_verified_seq = True
DeepTMHMM_class = GLOB
structure_exists = 1.0
sequence_matches_structure = False

Attempting prediction for YGR047C
No prediction will be run:
has_verified_seq = True
DeepTMHMM_class = GLOB
structure_exists = 1.0
sequence_matches_structure = False

Attempting prediction for YOR110W
No prediction will be run:
has_verified_seq = True
DeepTMHMM_class = GLOB
structure_exists = 1.0
sequence_matches_structure = False

Attempting prediction for YAL001C
No prediction will be run:
has_verified_seq = True
DeepTMHMM_class = GLOB
structure_exists = 1.0
sequence_matches_structure = False

Attempting prediction for YAL002W
No prediction will be run:
has_verified_seq = True
DeepTMHMM_class = GLOB
structure_exists = 1.0
sequence_matches_structure = False

Attempting prediction for YDR495C
No prediction will be run:
has_verified_seq = True
DeepTMHMM_class = GLOB
structure_exists = 1.0
sequence_matches_structure = False

Attempting prediction for YCL050C
No prediction will be run:
has_verified_seq = True
DeepTMHMM_class = GLOB
structure_exists = 1.0
sequence_matches_structure = False

Attempting prediction for YBR101C
No prediction will be run:
has_verified_seq = True
DeepTMHMM_class = GLOB
structure_exists = 1.0
sequence_matches_structure = False

Attempting prediction for YDL226C
No prediction will be run:
has_verified_seq = True
DeepTMHMM_class = GLOB
structure_exists = 1.0
sequence_matches_structure = False

Attempting prediction for YDR068W
No prediction will be run:
has_verified_seq = True
DeepTMHMM_class = GLOB
structure_exists = 1.0
sequence_matches_structure = False

Attempting prediction for YEL007W
No prediction will be run:
has_verified_seq = True
DeepTMHMM_class = GLOB
structure_exists = 1.0
sequence_matches_structure = False

Attempting prediction for YDR103W
No prediction will be run:
has_verified_seq = True
DeepTMHMM_class = GLOB
structure_exists = 1.0
sequence_matches_structure = False

Attempting prediction for YGL073W
No prediction will be run:
has_verified_seq = True
DeepTMHMM_class = GLOB
structure_exists = 1.0
sequence_matches_structure = False

Attempting prediction for YIL044C
No prediction will be run:
has_verified_seq = True
DeepTMHMM_class = GLOB
structure_exists = 1.0
sequence_matches_structure = False

Attempting prediction for YLR257W
No prediction will be run:
has_verified_seq = True
DeepTMHMM_class = GLOB
structure_exists = 1.0
sequence_matches_structure = False

Attempting prediction for YNL241C
No prediction will be run:
has_verified_seq = True
DeepTMHMM_class = GLOB
structure_exists = 1.0
sequence_matches_structure = False

Attempting prediction for YOL032W
No prediction will be run:
has_verified_seq = True
DeepTMHMM_class = GLOB
structure_exists = 1.0
sequence_matches_structure = False

Attempting prediction for YAL038W
No prediction will be run:
has_verified_seq = True
DeepTMHMM_class = GLOB
structure_exists = 1.0
sequence_matches_structure = False

Attempting prediction for YOR027W
No prediction will be run:
has_verified_seq = True
DeepTMHMM_class = GLOB
structure_exists = 1.0
sequence_matches_structure = False

Attempting prediction for YDR289C
No prediction will be run:
has_verified_seq = True
DeepTMHMM_class = GLOB
structure_exists = 1.0
sequence_matches_structure = False

Attempting prediction for YJR017C
No prediction will be run:
has_verified_seq = True
DeepTMHMM_class = GLOB
structure_exists = 1.0
sequence_matches_structure = False

Attempting prediction for YOR032C
No prediction will be run:
has_verified_seq = True
DeepTMHMM_class = GLOB
structure_exists = 1.0
sequence_matches_structure = False

Attempting prediction for YDR483W
No prediction will be run:
has_verified_seq = True
DeepTMHMM_class = TM
structure_exists = 1.0
sequence_matches_structure = False

Attempting prediction for YBL032W
No prediction will be run:
has_verified_seq = True
DeepTMHMM_class = GLOB
structure_exists = 1.0
sequence_matches_structure = False

Attempting prediction for YIR035C
No prediction will be run:
has_verified_seq = True
DeepTMHMM_class = GLOB
structure_exists = 1.0
sequence_matches_structure = False

Attempting prediction for YIL110W
No prediction will be run:
has_verified_seq = True
DeepTMHMM_class = GLOB
structure_exists = 1.0
sequence_matches_structure = False

Attempting prediction for YLL001W
No prediction will be run:
has_verified_seq = True
DeepTMHMM_class = GLOB
structure_exists = 1.0
sequence_matches_structure = False

Attempting prediction for YLR118C
No prediction will be run:
has_verified_seq = True
DeepTMHMM_class = GLOB
structure_exists = 1.0
sequence_matches_structure = False

Attempting prediction for YMR130W
No prediction will be run:
has_verified_seq = True
DeepTMHMM_class = GLOB
structure_exists = 1.0
sequence_matches_structure = False

Attempting prediction for YMR217W
No prediction will be run:
has_verified_seq = True
DeepTMHMM_class = GLOB
structure_exists = 1.0
sequence_matches_structure = False

Attempting prediction for YOR131C
No prediction will be run:
has_verified_seq = True
DeepTMHMM_class = GLOB
structure_exists = 1.0
sequence_matches_structure = False

Attempting prediction for YOR241W
No prediction will be run:
has_verified_seq = True
DeepTMHMM_class = GLOB
structure_exists = 1.0
sequence_matches_structure = False

Attempting prediction for YPR118W
No prediction will be run:
has_verified_seq = True
DeepTMHMM_class = GLOB
structure_exists = 1.0
sequence_matches_structure = False

Attempting prediction for YPR089W
No prediction will be run:
has_verified_seq = True
DeepTMHMM_class = GLOB
structure_exists = 1.0
sequence_matches_structure = False

Attempting prediction for YDR372C
No prediction will be run:
has_verified_seq = True
DeepTMHMM_class = GLOB
structure_exists = 1.0
sequence_matches_structure = False

Attempting prediction for YJL159W
No prediction will be run:
has_verified_seq = True
DeepTMHMM_class = SP
structure_exists = 1.0
sequence_matches_structure = False

Attempting prediction for YNL157W
No prediction will be run:
has_verified_seq = True
DeepTMHMM_class = GLOB
structure_exists = 1.0
sequence_matches_structure = False

Attempting prediction for YKR084C
No prediction will be run:
has_verified_seq = True
DeepTMHMM_class = GLOB
structure_exists = 1.0
sequence_matches_structure = False

Attempting prediction for YLR225C
No prediction will be run:
has_verified_seq = True
DeepTMHMM_class = GLOB
structure_exists = 1.0
sequence_matches_structure = False

Attempting prediction for YLR195C
No prediction will be run:
has_verified_seq = True
DeepTMHMM_class = GLOB
structure_exists = 1.0
sequence_matches_structure = False

Attempting prediction for YOR057W
No prediction will be run:
has_verified_seq = True
DeepTMHMM_class = GLOB
structure_exists = 1.0
sequence_matches_structure = False

Attempting prediction for YDR545W;YLR466W;YLR467W;YOR396W;YIL177C;YJL225C
No prediction will be run:
has_verified_seq = False
DeepTMHMM_class = nan
structure_exists = nan
sequence_matches_structure = False

Attempting prediction for YLR359W
No prediction will be run:
has_verified_seq = True
DeepTMHMM_class = GLOB
structure_exists = 1.0
sequence_matches_structure = False

Attempting prediction for YMR206W
No prediction will be run:
has_verified_seq = True
DeepTMHMM_class = GLOB
structure_exists = 1.0
sequence_matches_structure = False

Attempting prediction for YFL045C
No prediction will be run:
has_verified_seq = True
DeepTMHMM_class = GLOB
structure_exists = 1.0
sequence_matches_structure = False

Attempting prediction for YIL053W
No prediction will be run:
has_verified_seq = True
DeepTMHMM_class = GLOB
structure_exists = 1.0
sequence_matches_structure = False

Attempting prediction for YKR014C
No prediction will be run:
has_verified_seq = True
DeepTMHMM_class = GLOB
structure_exists = 1.0
sequence_matches_structure = False

Attempting prediction for YJL217W
No prediction will be run:
has_verified_seq = True
DeepTMHMM_class = GLOB
structure_exists = 1.0
sequence_matches_structure = False

Attempting prediction for YNL313C
No prediction will be run:
has_verified_seq = True
DeepTMHMM_class = GLOB
structure_exists = 1.0
sequence_matches_structure = False

Attempting prediction for YLR097C
No prediction will be run:
has_verified_seq = True
DeepTMHMM_class = GLOB
structure_exists = 1.0
sequence_matches_structure = False

Attempting prediction for YKL090W
No prediction will be run:
has_verified_seq = True
DeepTMHMM_class = GLOB
structure_exists = 1.0
sequence_matches_structure = False

Attempting prediction for YNL263C
No prediction will be run:
has_verified_seq = True
DeepTMHMM_class = TM
structure_exists = 1.0
sequence_matches_structure = False

Attempting prediction for YGL002W
No prediction will be run:
has_verified_seq = True
DeepTMHMM_class = SP+TM
structure_exists = 1.0
sequence_matches_structure = False

Attempting prediction for YML012W
No prediction will be run:
has_verified_seq = True
DeepTMHMM_class = SP+TM
structure_exists = 1.0
sequence_matches_structure = False

Attempting prediction for YAL023C
No prediction will be run:
has_verified_seq = True
DeepTMHMM_class = TM
structure_exists = 1.0
sequence_matches_structure = False

Attempting prediction for YDL095W
No prediction will be run:
has_verified_seq = True
DeepTMHMM_class = TM
structure_exists = 1.0
sequence_matches_structure = False

Attempting prediction for YKL096W
No prediction will be run:
has_verified_seq = True
DeepTMHMM_class = SP
structure_exists = 1.0
sequence_matches_structure = False

Attempting prediction for YPR113W
No prediction will be run:
has_verified_seq = True
DeepTMHMM_class = TM
structure_exists = 1.0
sequence_matches_structure = False

Attempting prediction for YCR017C
No prediction will be run:
has_verified_seq = True
DeepTMHMM_class = TM
structure_exists = 1.0
sequence_matches_structure = False

Attempting prediction for YEL031W
No prediction will be run:
has_verified_seq = True
DeepTMHMM_class = TM
structure_exists = 1.0
sequence_matches_structure = False

Attempting prediction for YDR297W
No prediction will be run:
has_verified_seq = True
DeepTMHMM_class = TM
structure_exists = 1.0
sequence_matches_structure = False

Attempting prediction for YGL055W
No prediction will be run:
has_verified_seq = True
DeepTMHMM_class = TM
structure_exists = 1.0
sequence_matches_structure = False

Attempting prediction for YJR143C
No prediction will be run:
has_verified_seq = True
DeepTMHMM_class = TM
structure_exists = 1.0
sequence_matches_structure = False

Attempting prediction for YJL117W
No prediction will be run:
has_verified_seq = True
DeepTMHMM_class = TM
structure_exists = 1.0
sequence_matches_structure = False

Attempting prediction for YKL008C
No prediction will be run:
has_verified_seq = True
DeepTMHMM_class = TM
structure_exists = 1.0
sequence_matches_structure = False

Attempting prediction for YNR019W
No prediction will be run:
has_verified_seq = True
DeepTMHMM_class = TM
structure_exists = 1.0
sequence_matches_structure = False

Attempting prediction for YAL012W
No prediction will be run:
has_verified_seq = True
DeepTMHMM_class = GLOB
structure_exists = 1.0
sequence_matches_structure = False

Attempting prediction for YHR112C
No prediction will be run:
has_verified_seq = True
DeepTMHMM_class = GLOB
structure_exists = 1.0
sequence_matches_structure = False

Attempting prediction for YAL016W
No prediction will be run:
has_verified_seq = True
DeepTMHMM_class = GLOB
structure_exists = 1.0
sequence_matches_structure = False

Attempting prediction for YGL190C
No prediction will be run:
has_verified_seq = True
DeepTMHMM_class = GLOB
structure_exists = 1.0
sequence_matches_structure = False

Attempting prediction for YDR200C
No prediction will be run:
has_verified_seq = True
DeepTMHMM_class = GLOB
structure_exists = 1.0
sequence_matches_structure = False

Attempting prediction for YMR052W
No prediction will be run:
has_verified_seq = True
DeepTMHMM_class = GLOB
structure_exists = 1.0
sequence_matches_structure = False

Attempting prediction for YML109W
No prediction will be run:
has_verified_seq = True
DeepTMHMM_class = GLOB
structure_exists = 1.0
sequence_matches_structure = False

Attempting prediction for YNR032W
No prediction will be run:
has_verified_seq = True
DeepTMHMM_class = GLOB
structure_exists = 1.0
sequence_matches_structure = False

Attempting prediction for YOR014W
No prediction will be run:
has_verified_seq = True
DeepTMHMM_class = GLOB
structure_exists = 1.0
sequence_matches_structure = False

Attempting prediction for YAL019W
No prediction will be run:
has_verified_seq = True
DeepTMHMM_class = GLOB
structure_exists = 1.0
sequence_matches_structure = False

Attempting prediction for YDR252W
No prediction will be run:
has_verified_seq = True
DeepTMHMM_class = GLOB
structure_exists = 1.0
sequence_matches_structure = False

Attempting prediction for YDL165W
No prediction will be run:
has_verified_seq = True
DeepTMHMM_class = GLOB
structure_exists = 1.0
sequence_matches_structure = False

Attempting prediction for YNL288W
No prediction will be run:
has_verified_seq = True
DeepTMHMM_class = GLOB
structure_exists = 1.0
sequence_matches_structure = False

Attempting prediction for YGR134W
No prediction will be run:
has_verified_seq = True
DeepTMHMM_class = GLOB
structure_exists = 1.0
sequence_matches_structure = False

Attempting prediction for YJR011C
No prediction will be run:
has_verified_seq = True
DeepTMHMM_class = GLOB
structure_exists = 1.0
sequence_matches_structure = False

Attempting prediction for YOR175C
No prediction will be run:
has_verified_seq = True
DeepTMHMM_class = TM
structure_exists = 1.0
sequence_matches_structure = False

Attempting prediction for YMR134W
No prediction will be run:
has_verified_seq = True
DeepTMHMM_class = TM
structure_exists = 1.0
sequence_matches_structure = False

Attempting prediction for YIL136W
No prediction will be run:
has_verified_seq = True
DeepTMHMM_class = GLOB
structure_exists = 1.0
sequence_matches_structure = False

Attempting prediction for YOL155C
No prediction will be run:
has_verified_seq = True
DeepTMHMM_class = SP
structure_exists = 1.0
sequence_matches_structure = False

Attempting prediction for YHR192W
No prediction will be run:
has_verified_seq = True
DeepTMHMM_class = TM
structure_exists = 1.0
sequence_matches_structure = False

Attempting prediction for YPR139C
No prediction will be run:
has_verified_seq = True
DeepTMHMM_class = TM
structure_exists = 1.0
sequence_matches_structure = False

Attempting prediction for YAL053W
No prediction will be run:
has_verified_seq = True
DeepTMHMM_class = SP+TM
structure_exists = 1.0
sequence_matches_structure = False

Attempting prediction for YCR094W
No prediction will be run:
has_verified_seq = True
DeepTMHMM_class = TM
structure_exists = 1.0
sequence_matches_structure = False

Attempting prediction for YGR217W
No prediction will be run:
has_verified_seq = True
DeepTMHMM_class = TM
structure_exists = 1.0
sequence_matches_structure = False

Attempting prediction for YDL237W
No prediction will be run:
has_verified_seq = True
DeepTMHMM_class = SP
structure_exists = 1.0
sequence_matches_structure = False

Attempting prediction for YAL027W
No prediction will be run:
has_verified_seq = True
DeepTMHMM_class = GLOB
structure_exists = 1.0
sequence_matches_structure = False

Attempting prediction for YPL022W
No prediction will be run:
has_verified_seq = True
DeepTMHMM_class = GLOB
structure_exists = 1.0
sequence_matches_structure = False

Attempting prediction for YML095C
No prediction will be run:
has_verified_seq = True
DeepTMHMM_class = GLOB
structure_exists = 1.0
sequence_matches_structure = False

Attempting prediction for YKL130C
No prediction will be run:
has_verified_seq = True
DeepTMHMM_class = GLOB
structure_exists = 1.0
sequence_matches_structure = False

Attempting prediction for YDR088C
No prediction will be run:
has_verified_seq = True
DeepTMHMM_class = GLOB
structure_exists = 1.0
sequence_matches_structure = False

Attempting prediction for YDR482C
No prediction will be run:
has_verified_seq = True
DeepTMHMM_class = GLOB
structure_exists = 1.0
sequence_matches_structure = False

Attempting prediction for YGR278W
No prediction will be run:
has_verified_seq = True
DeepTMHMM_class = GLOB
structure_exists = 1.0
sequence_matches_structure = False

Attempting prediction for YNL245C
No prediction will be run:
has_verified_seq = True
DeepTMHMM_class = GLOB
structure_exists = 1.0
sequence_matches_structure = False

Attempting prediction for YMR213W
No prediction will be run:
has_verified_seq = True
DeepTMHMM_class = GLOB
structure_exists = 1.0
sequence_matches_structure = False

Attempting prediction for YOR148C
No prediction will be run:
has_verified_seq = True
DeepTMHMM_class = GLOB
structure_exists = 1.0
sequence_matches_structure = False

Attempting prediction for YBR188C
No prediction will be run:
has_verified_seq = True
DeepTMHMM_class = GLOB
structure_exists = 1.0
sequence_matches_structure = False

Attempting prediction for YNR011C
No prediction will be run:
has_verified_seq = True
DeepTMHMM_class = GLOB
structure_exists = 1.0
sequence_matches_structure = False

Attempting prediction for YGR006W
No prediction will be run:
has_verified_seq = True
DeepTMHMM_class = GLOB
structure_exists = 1.0
sequence_matches_structure = False

Attempting prediction for YER013W
No prediction will be run:
has_verified_seq = True
DeepTMHMM_class = GLOB
structure_exists = 1.0
sequence_matches_structure = False

Attempting prediction for YNL133C
No prediction will be run:
has_verified_seq = True
DeepTMHMM_class = GLOB
structure_exists = 1.0
sequence_matches_structure = False

Attempting prediction for YJR069C
No prediction will be run:
has_verified_seq = True
DeepTMHMM_class = GLOB
structure_exists = 1.0
sequence_matches_structure = False

Attempting prediction for YER159C
No prediction will be run:
has_verified_seq = True
DeepTMHMM_class = GLOB
structure_exists = 1.0
sequence_matches_structure = False

Attempting prediction for YDR397C
No prediction will be run:
has_verified_seq = True
DeepTMHMM_class = GLOB
structure_exists = 1.0
sequence_matches_structure = False

Attempting prediction for YLR145W
No prediction will be run:
has_verified_seq = True
DeepTMHMM_class = GLOB
structure_exists = 1.0
sequence_matches_structure = False

Attempting prediction for YAL034W-A
No prediction will be run:
has_verified_seq = True
DeepTMHMM_class = GLOB
structure_exists = 1.0
sequence_matches_structure = False

Attempting prediction for YBR200W
No prediction will be run:
has_verified_seq = True
DeepTMHMM_class = GLOB
structure_exists = 1.0
sequence_matches_structure = False

Attempting prediction for YDR423C
No prediction will be run:
has_verified_seq = True
DeepTMHMM_class = GLOB
structure_exists = 1.0
sequence_matches_structure = False

Attempting prediction for YPL079W
No prediction will be run:
has_verified_seq = True
DeepTMHMM_class = GLOB
structure_exists = 1.0
sequence_matches_structure = False

Attempting prediction for YMR265C
No prediction will be run:
has_verified_seq = True
DeepTMHMM_class = GLOB
structure_exists = 1.0
sequence_matches_structure = False

Attempting prediction for YOL093W
No prediction will be run:
has_verified_seq = True
DeepTMHMM_class = GLOB
structure_exists = 1.0
sequence_matches_structure = False

Attempting prediction for YBL087C;YER117W
No prediction will be run:
has_verified_seq = False
DeepTMHMM_class = nan
structure_exists = nan
sequence_matches_structure = False

Attempting prediction for YNL102W
No prediction will be run:
has_verified_seq = True
DeepTMHMM_class = GLOB
structure_exists = 1.0
sequence_matches_structure = False

Attempting prediction for YGR210C
No prediction will be run:
has_verified_seq = True
DeepTMHMM_class = GLOB
structure_exists = 1.0
sequence_matches_structure = False

Attempting prediction for YGL122C
No prediction will be run:
has_verified_seq = True
DeepTMHMM_class = GLOB
structure_exists = 1.0
sequence_matches_structure = False

Attempting prediction for YBR108W
No prediction will be run:
has_verified_seq = True
DeepTMHMM_class = GLOB
structure_exists = 1.0
sequence_matches_structure = False

Attempting prediction for YNL094W
No prediction will be run:
has_verified_seq = True
DeepTMHMM_class = GLOB
structure_exists = 1.0
sequence_matches_structure = False

Attempting prediction for YER089C
No prediction will be run:
has_verified_seq = True
DeepTMHMM_class = GLOB
structure_exists = 1.0
sequence_matches_structure = False

Attempting prediction for YOL078W
No prediction will be run:
has_verified_seq = True
DeepTMHMM_class = GLOB
structure_exists = 1.0
sequence_matches_structure = False

Attempting prediction for Q0160
No prediction will be run:
has_verified_seq = True
DeepTMHMM_class = GLOB
structure_exists = 1.0
sequence_matches_structure = False

Attempting prediction for YMR303C
No prediction will be run:
has_verified_seq = True
DeepTMHMM_class = GLOB
structure_exists = 1.0
sequence_matches_structure = False

Attempting prediction for YCR021C
No prediction will be run:
has_verified_seq = True
DeepTMHMM_class = TM
structure_exists = 1.0
sequence_matches_structure = False

Attempting prediction for YGL108C
No prediction will be run:
has_verified_seq = True
DeepTMHMM_class = GLOB
structure_exists = 1.0
sequence_matches_structure = False

Attempting prediction for YDR316W-B;YPR158W-B
No prediction will be run:
has_verified_seq = False
DeepTMHMM_class = nan
structure_exists = nan
sequence_matches_structure = False

Attempting prediction for YER138C;YAR009C
No prediction will be run:
has_verified_seq = False
DeepTMHMM_class = nan
structure_exists = nan
sequence_matches_structure = False

Attempting prediction for YLR337C
No prediction will be run:
has_verified_seq = True
DeepTMHMM_class = GLOB
structure_exists = 1.0
sequence_matches_structure = False

Attempting prediction for YER078C
No prediction will be run:
has_verified_seq = True
DeepTMHMM_class = GLOB
structure_exists = 1.0
sequence_matches_structure = False

Attempting prediction for YOR393W;YPL281C;YMR323W
No prediction will be run:
has_verified_seq = False
DeepTMHMM_class = nan
structure_exists = nan
sequence_matches_structure = False

Attempting prediction for YDR143C
No prediction will be run:
has_verified_seq = True
DeepTMHMM_class = GLOB
structure_exists = 1.0
sequence_matches_structure = False

Attempting prediction for YAL039C
No prediction will be run:
has_verified_seq = True
DeepTMHMM_class = GLOB
structure_exists = 1.0
sequence_matches_structure = False

Attempting prediction for YAL062W
No prediction will be run:
has_verified_seq = True
DeepTMHMM_class = GLOB
structure_exists = 1.0
sequence_matches_structure = False

Attempting prediction for YAL044C
No prediction will be run:
has_verified_seq = True
DeepTMHMM_class = GLOB
structure_exists = 1.0
sequence_matches_structure = False

Attempting prediction for YOR196C
No prediction will be run:
has_verified_seq = True
DeepTMHMM_class = GLOB
structure_exists = 1.0
sequence_matches_structure = False

Attempting prediction for YLR239C
No prediction will be run:
has_verified_seq = True
DeepTMHMM_class = GLOB
structure_exists = 1.0
sequence_matches_structure = False

Attempting prediction for YMR189W
No prediction will be run:
has_verified_seq = True
DeepTMHMM_class = GLOB
structure_exists = 1.0
sequence_matches_structure = False

Attempting prediction for YAL047C
No prediction will be run:
has_verified_seq = True
DeepTMHMM_class = GLOB
structure_exists = 1.0
sequence_matches_structure = False

Attempting prediction for YHR172W
No prediction will be run:
has_verified_seq = True
DeepTMHMM_class = GLOB
structure_exists = 1.0
sequence_matches_structure = False

Attempting prediction for YNL126W
No prediction will be run:
has_verified_seq = True
DeepTMHMM_class = GLOB
structure_exists = 1.0
sequence_matches_structure = False

Attempting prediction for YLR212C
No prediction will be run:
has_verified_seq = True
DeepTMHMM_class = GLOB
structure_exists = 1.0
sequence_matches_structure = False

Attempting prediction for YEL047C
No prediction will be run:
has_verified_seq = True
DeepTMHMM_class = GLOB
structure_exists = 1.0
sequence_matches_structure = False

Attempting prediction for YAL049C
No prediction will be run:
has_verified_seq = True
DeepTMHMM_class = GLOB
structure_exists = 1.0
sequence_matches_structure = False

Attempting prediction for YEL041W
No prediction will be run:
has_verified_seq = True
DeepTMHMM_class = GLOB
structure_exists = 1.0
sequence_matches_structure = False

Attempting prediction for YNR040W
No prediction will be run:
has_verified_seq = True
DeepTMHMM_class = GLOB
structure_exists = 1.0
sequence_matches_structure = False

Attempting prediction for YAL060W
No prediction will be run:
has_verified_seq = True
DeepTMHMM_class = GLOB
structure_exists = 1.0
sequence_matches_structure = False

Attempting prediction for YAL061W
No prediction will be run:
has_verified_seq = True
DeepTMHMM_class = GLOB
structure_exists = 1.0
sequence_matches_structure = False

Attempting prediction for YOR098C
No prediction will be run:
has_verified_seq = True
DeepTMHMM_class = GLOB
structure_exists = 1.0
sequence_matches_structure = False

Attempting prediction for YPL020C
No prediction will be run:
has_verified_seq = True
DeepTMHMM_class = GLOB
structure_exists = 1.0
sequence_matches_structure = False

Attempting prediction for YDL019C
No prediction will be run:
has_verified_seq = True
DeepTMHMM_class = GLOB
structure_exists = 1.0
sequence_matches_structure = False

Attempting prediction for YDR002W
No prediction will be run:
has_verified_seq = True
DeepTMHMM_class = GLOB
structure_exists = 1.0
sequence_matches_structure = False

Attempting prediction for YPL227C
No prediction will be run:
has_verified_seq = True
DeepTMHMM_class = GLOB
structure_exists = 1.0
sequence_matches_structure = False

Attempting prediction for YBR175W
No prediction will be run:
has_verified_seq = True
DeepTMHMM_class = GLOB
structure_exists = 1.0
sequence_matches_structure = False

Attempting prediction for YHR119W
No prediction will be run:
has_verified_seq = True
DeepTMHMM_class = GLOB
structure_exists = 1.0
sequence_matches_structure = False

Attempting prediction for YBR258C
No prediction will be run:
has_verified_seq = True
DeepTMHMM_class = GLOB
structure_exists = 1.0
sequence_matches_structure = False

Attempting prediction for YDR469W
No prediction will be run:
has_verified_seq = True
DeepTMHMM_class = GLOB
structure_exists = 1.0
sequence_matches_structure = False

Attempting prediction for YLR015W
No prediction will be run:
has_verified_seq = True
DeepTMHMM_class = GLOB
structure_exists = 1.0
sequence_matches_structure = False

Attempting prediction for YAR003W
No prediction will be run:
has_verified_seq = True
DeepTMHMM_class = GLOB
structure_exists = 1.0
sequence_matches_structure = False

Attempting prediction for YBL035C
No prediction will be run:
has_verified_seq = True
DeepTMHMM_class = GLOB
structure_exists = 1.0
sequence_matches_structure = False

Attempting prediction for YDL160C-A
No prediction will be run:
has_verified_seq = True
DeepTMHMM_class = GLOB
structure_exists = 1.0
sequence_matches_structure = False

Attempting prediction for YDR489W
No prediction will be run:
has_verified_seq = True
DeepTMHMM_class = GLOB
structure_exists = 1.0
sequence_matches_structure = False

Attempting prediction for YBR136W
No prediction will be run:
has_verified_seq = True
DeepTMHMM_class = GLOB
structure_exists = 1.0
sequence_matches_structure = False

Attempting prediction for YHR164C
No prediction will be run:
has_verified_seq = True
DeepTMHMM_class = GLOB
structure_exists = 1.0
sequence_matches_structure = False

Attempting prediction for YDR499W
No prediction will be run:
has_verified_seq = True
DeepTMHMM_class = GLOB
structure_exists = 1.0
sequence_matches_structure = False

Attempting prediction for YLR103C
No prediction will be run:
has_verified_seq = True
DeepTMHMM_class = GLOB
structure_exists = 1.0
sequence_matches_structure = False

Attempting prediction for YNL312W
No prediction will be run:
has_verified_seq = True
DeepTMHMM_class = GLOB
structure_exists = 1.0
sequence_matches_structure = False

Attempting prediction for YML061C
No prediction will be run:
has_verified_seq = True
DeepTMHMM_class = GLOB
structure_exists = 1.0
sequence_matches_structure = False

Attempting prediction for YIR008C
No prediction will be run:
has_verified_seq = True
DeepTMHMM_class = GLOB
structure_exists = 1.0
sequence_matches_structure = False

Attempting prediction for YKL045W
No prediction will be run:
has_verified_seq = True
DeepTMHMM_class = GLOB
structure_exists = 1.0
sequence_matches_structure = False

Attempting prediction for YOL146W
No prediction will be run:
has_verified_seq = True
DeepTMHMM_class = GLOB
structure_exists = 1.0
sequence_matches_structure = False

Attempting prediction for YDR013W
No prediction will be run:
has_verified_seq = True
DeepTMHMM_class = GLOB
structure_exists = 1.0
sequence_matches_structure = False

Attempting prediction for YAR028W
No prediction will be run:
has_verified_seq = True
DeepTMHMM_class = TM
structure_exists = 1.0
sequence_matches_structure = False

Attempting prediction for YBL002W
No prediction will be run:
has_verified_seq = True
DeepTMHMM_class = GLOB
structure_exists = 1.0
sequence_matches_structure = False

Attempting prediction for YDR097C
No prediction will be run:
has_verified_seq = True
DeepTMHMM_class = GLOB
structure_exists = 1.0
sequence_matches_structure = False

Attempting prediction for YER077C
No prediction will be run:
has_verified_seq = True
DeepTMHMM_class = GLOB
structure_exists = 1.0
sequence_matches_structure = False

Attempting prediction for YNL213C
No prediction will be run:
has_verified_seq = True
DeepTMHMM_class = GLOB
structure_exists = 1.0
sequence_matches_structure = False

Attempting prediction for YDR115W
No prediction will be run:
has_verified_seq = True
DeepTMHMM_class = GLOB
structure_exists = 1.0
sequence_matches_structure = False

Attempting prediction for YBR141C
No prediction will be run:
has_verified_seq = True
DeepTMHMM_class = GLOB
structure_exists = 1.0
sequence_matches_structure = False

Attempting prediction for YPL159C
No prediction will be run:
has_verified_seq = True
DeepTMHMM_class = GLOB
structure_exists = 1.0
sequence_matches_structure = False

Attempting prediction for YNL295W
No prediction will be run:
has_verified_seq = True
DeepTMHMM_class = GLOB
structure_exists = 1.0
sequence_matches_structure = False

Attempting prediction for YJL095W
No prediction will be run:
has_verified_seq = True
DeepTMHMM_class = GLOB
structure_exists = 1.0
sequence_matches_structure = False

Attempting prediction for YPL150W
No prediction will be run:
has_verified_seq = True
DeepTMHMM_class = GLOB
structure_exists = 1.0
sequence_matches_structure = False

Attempting prediction for YKL093W
No prediction will be run:
has_verified_seq = True
DeepTMHMM_class = GLOB
structure_exists = 1.0
sequence_matches_structure = False

Attempting prediction for YBR202W
No prediction will be run:
has_verified_seq = True
DeepTMHMM_class = GLOB
structure_exists = 1.0
sequence_matches_structure = False

Attempting prediction for YBL003C
No prediction will be run:
has_verified_seq = True
DeepTMHMM_class = GLOB
structure_exists = 1.0
sequence_matches_structure = False

Attempting prediction for YPR049C
No prediction will be run:
has_verified_seq = True
DeepTMHMM_class = GLOB
structure_exists = 1.0
sequence_matches_structure = False

Attempting prediction for YAL024C
No prediction will be run:
has_verified_seq = True
DeepTMHMM_class = GLOB
structure_exists = 1.0
sequence_matches_structure = False

Attempting prediction for YHR148W
No prediction will be run:
has_verified_seq = True
DeepTMHMM_class = GLOB
structure_exists = 1.0
sequence_matches_structure = False

Attempting prediction for YCL031C
No prediction will be run:
has_verified_seq = True
DeepTMHMM_class = GLOB
structure_exists = 1.0
sequence_matches_structure = False

Attempting prediction for YDL111C
No prediction will be run:
has_verified_seq = True
DeepTMHMM_class = GLOB
structure_exists = 1.0
sequence_matches_structure = False

Attempting prediction for YDR457W
No prediction will be run:
has_verified_seq = True
DeepTMHMM_class = GLOB
structure_exists = nan
sequence_matches_structure = False

Attempting prediction for YGR158C
No prediction will be run:
has_verified_seq = True
DeepTMHMM_class = GLOB
structure_exists = 1.0
sequence_matches_structure = False

Attempting prediction for YCL035C
No prediction will be run:
has_verified_seq = True
DeepTMHMM_class = GLOB
structure_exists = 1.0
sequence_matches_structure = False

Attempting prediction for YCL033C
No prediction will be run:
has_verified_seq = True
DeepTMHMM_class = GLOB
structure_exists = 1.0
sequence_matches_structure = False

Attempting prediction for YKL015W
No prediction will be run:
has_verified_seq = True
DeepTMHMM_class = GLOB
structure_exists = 1.0
sequence_matches_structure = False

Attempting prediction for YBR038W
No prediction will be run:
has_verified_seq = True
DeepTMHMM_class = TM
structure_exists = 1.0
sequence_matches_structure = False

Attempting prediction for YDL161W
No prediction will be run:
has_verified_seq = True
DeepTMHMM_class = GLOB
structure_exists = 1.0
sequence_matches_structure = False

Attempting prediction for YJL094C
No prediction will be run:
has_verified_seq = True
DeepTMHMM_class = TM
structure_exists = 1.0
sequence_matches_structure = False

Attempting prediction for YOR181W
No prediction will be run:
has_verified_seq = True
DeepTMHMM_class = GLOB
structure_exists = 1.0
sequence_matches_structure = False

Attempting prediction for YGR241C
No prediction will be run:
has_verified_seq = True
DeepTMHMM_class = GLOB
structure_exists = 1.0
sequence_matches_structure = False

Attempting prediction for YBL010C
No prediction will be run:
has_verified_seq = True
DeepTMHMM_class = GLOB
structure_exists = 1.0
sequence_matches_structure = False

Attempting prediction for YBL013W
No prediction will be run:
has_verified_seq = True
DeepTMHMM_class = GLOB
structure_exists = 1.0
sequence_matches_structure = False

Attempting prediction for YBL011W
No prediction will be run:
has_verified_seq = True
DeepTMHMM_class = TM
structure_exists = 1.0
sequence_matches_structure = False

Attempting prediction for YML043C
No prediction will be run:
has_verified_seq = True
DeepTMHMM_class = GLOB
structure_exists = 1.0
sequence_matches_structure = False

Attempting prediction for YBL014C
No prediction will be run:
has_verified_seq = True
DeepTMHMM_class = GLOB
structure_exists = 1.0
sequence_matches_structure = False

Attempting prediction for YJL025W
No prediction will be run:
has_verified_seq = True
DeepTMHMM_class = GLOB
structure_exists = 1.0
sequence_matches_structure = False

Attempting prediction for YJL072C
No prediction will be run:
has_verified_seq = True
DeepTMHMM_class = GLOB
structure_exists = 1.0
sequence_matches_structure = False

Attempting prediction for YBR260C
No prediction will be run:
has_verified_seq = True
DeepTMHMM_class = GLOB
structure_exists = 1.0
sequence_matches_structure = False

Attempting prediction for YDR524C
No prediction will be run:
has_verified_seq = True
DeepTMHMM_class = GLOB
structure_exists = 1.0
sequence_matches_structure = False

Attempting prediction for YDR380W
No prediction will be run:
has_verified_seq = True
DeepTMHMM_class = GLOB
structure_exists = 1.0
sequence_matches_structure = False

Attempting prediction for YPR075C
No prediction will be run:
has_verified_seq = True
DeepTMHMM_class = TM
structure_exists = 1.0
sequence_matches_structure = False

Attempting prediction for YBL027W
No prediction will be run:
has_verified_seq = True
DeepTMHMM_class = GLOB
structure_exists = 1.0
sequence_matches_structure = False

Attempting prediction for YBL091C
No prediction will be run:
has_verified_seq = True
DeepTMHMM_class = GLOB
structure_exists = 1.0
sequence_matches_structure = False

Attempting prediction for YBR267W
No prediction will be run:
has_verified_seq = True
DeepTMHMM_class = GLOB
structure_exists = 1.0
sequence_matches_structure = False

Attempting prediction for YLR077W
No prediction will be run:
has_verified_seq = True
DeepTMHMM_class = TM
structure_exists = 1.0
sequence_matches_structure = False

Attempting prediction for YKR043C
No prediction will be run:
has_verified_seq = True
DeepTMHMM_class = GLOB
structure_exists = 1.0
sequence_matches_structure = False

Attempting prediction for YGL057C
No prediction will be run:
has_verified_seq = True
DeepTMHMM_class = GLOB
structure_exists = 1.0
sequence_matches_structure = False

Attempting prediction for YGL226W
No prediction will be run:
has_verified_seq = True
DeepTMHMM_class = TM
structure_exists = 1.0
sequence_matches_structure = False

Attempting prediction for YOR095C
No prediction will be run:
has_verified_seq = True
DeepTMHMM_class = GLOB
structure_exists = 1.0
sequence_matches_structure = False

Attempting prediction for YBR276C
No prediction will be run:
has_verified_seq = True
DeepTMHMM_class = GLOB
structure_exists = 1.0
sequence_matches_structure = False

Attempting prediction for YLL002W
No prediction will be run:
has_verified_seq = True
DeepTMHMM_class = GLOB
structure_exists = 1.0
sequence_matches_structure = False

Attempting prediction for YPR172W
No prediction will be run:
has_verified_seq = True
DeepTMHMM_class = GLOB
structure_exists = 1.0
sequence_matches_structure = False

Attempting prediction for YLR456W
No prediction will be run:
has_verified_seq = True
DeepTMHMM_class = GLOB
structure_exists = 1.0
sequence_matches_structure = False

Attempting prediction for YBL033C
No prediction will be run:
has_verified_seq = True
DeepTMHMM_class = GLOB
structure_exists = 1.0
sequence_matches_structure = False

Attempting prediction for YJL167W
No prediction will be run:
has_verified_seq = True
DeepTMHMM_class = GLOB
structure_exists = 1.0
sequence_matches_structure = False

Attempting prediction for YOR089C
No prediction will be run:
has_verified_seq = True
DeepTMHMM_class = GLOB
structure_exists = 1.0
sequence_matches_structure = False

Attempting prediction for YKL033W-A
No prediction will be run:
has_verified_seq = True
DeepTMHMM_class = GLOB
structure_exists = 1.0
sequence_matches_structure = False

Total execution time is: 0:00:00.140645
