node,degree_centrality,betweenness_centrality,eigenvector_centrality,closeness_centrality,load_centrality,pagerank,information_centrality,CentralityCosDist_rank,CentralityCosDist_similarity_score
YKL063C,0.005094243504839531,0.002601783367763631,7.195576535944085e-05,0.25965207550761754,0.0025630746359255265,0.0003555974791229576,0.0005703352197131681,607.0,0.9896258505242798
YDL223C,0.014518593988792664,0.014034696092025028,0.0005359293910904574,0.30287152817929236,0.014290818897974738,0.0014692769384133872,0.0006189494854011647,3630.0,0.9876828038410953
YPL036W,0.029801324503311258,0.05916617709451378,0.004472180229877543,0.3269123020898383,0.0588262995903807,0.003300040822149882,0.0006348958761610494,3770.0,0.9584708087477656
YPL050C,0.00738665308201732,0.000732289435395511,7.5911926202253795e-06,0.24582143032726686,0.0007430205414848294,0.00047055242946314067,0.0005896393532642988,138.0,0.9897156148369981
YJR148W,0.00815078960774325,0.0025247582084294493,9.296505275942383e-05,0.27786214108606044,0.0026415032103035713,0.0006451133496717924,0.0005997264323981878,320.0,0.98968400737395
YHR208W,0.004075394803871625,0.0007262629204662625,0.00024372261432644514,0.2650072390934506,0.0007162337373031148,0.0002954277166731285,0.0005582498786268796,577.0,0.98963429263378
YBR035C,0.011462047885888945,0.0018711138403389605,0.00012726267397549317,0.28218806340892555,0.0017118018872810813,0.0008790693112762499,0.0006125845434881575,500.0,0.989649697481053
YPR008W,0.007131940906775344,0.00877682995756648,0.0033759834764529226,0.2933290978879739,0.009229726117308079,0.0006242917841664604,0.0005904765075140769,3501.0,0.9890252383746875
YKL024C,0.012990320937340805,0.003455678535726949,0.0001606304953612446,0.2817642303308106,0.0033228026859782314,0.0010680589036454191,0.0006153080303397209,1236.0,0.9895060786343971
YBR286W,0.002292409577177789,1.4813560043298433e-06,2.2851504989498143e-05,0.24449188655578483,1.8252550704602199e-06,0.0001931826649976138,0.000503404965950861,1185.0,0.989516930453123
YLR420W,0.008405501782985226,0.0017543546032781892,0.00016154063098346088,0.2770414598748485,0.0017229596415464165,0.0006883616960297415,0.0005988684941973065,134.0,0.9897168086809354
YKR066C,0.0163015792154865,0.011961329148163292,0.0004887552720643797,0.2984387918457742,0.011529012090759393,0.0012987333418716092,0.0006235732025158804,3609.0,0.9881118782150158
YNL117W,0.010443199184921039,0.0015823092705397252,0.00014365734929624075,0.2812783935141371,0.0013407362545764967,0.0007946068038492151,0.0006092003639935461,293.0,0.9896899420910599
YNL015W,0.00815078960774325,0.0026110153844265626,0.00013076733977983697,0.2737666903382031,0.002646706703167993,0.0006449372658150581,0.0005986424189266953,332.0,0.9896816818745457
YOR285W,0.007131940906775344,0.0018574634786503329,0.00010710283248570859,0.2742068618786139,0.0019430807637532274,0.0005699856364032481,0.0005918500230815162,211.0,0.989704088742493
YOR239W,0.0028018339276617422,0.0022317068860326647,3.590863102692043e-05,0.2592931921966188,0.002220656524555746,0.0003264549092194828,0.0005110798197867972,1125.0,0.9895248560761689
YJL055W,0.002292409577177789,5.955054228212565e-08,2.513514540641666e-05,0.24159513786768022,5.81349444554405e-08,0.00019407898877158632,0.0005040280968399241,1168.0,0.9895192908059253
YJL066C,0.004839531329597555,0.003050996210523862,0.00011859783430380492,0.26656998160462336,0.0031014123112405685,0.0004704138143450513,0.0005537524125144539,776.0,0.9895938519597632
YGR027W-A;YGR038C-A;YJR026W;YLR227W-A;YML040W,0.032603158430973,0.06313278408707154,0.0007534761100679616,0.323028195530355,0.06330572974003636,0.004338532729463858,0.000635104205320947,3786.0,0.952866014779667
YGL087C,0.0005094243504839531,0.0,8.90033582016311e-06,0.23064932016260367,0.0,7.327816749344877e-05,0.00028499743047628965,2775.0,0.9893496918652648
YNL134C,0.0025471217524197657,0.0006271642718461126,0.00010513639028377535,0.2682471216905036,0.000632988162691359,0.00021038813486067882,0.0005173208400058453,1098.0,0.989530665359374
YNR034W-A,0.0010188487009679063,0.0,1.5191269810458664e-05,0.23949779720956682,0.0,0.00010845142900085296,0.0003940568471178985,2040.0,0.9894028200001825
YPL111W,0.003056546102903719,0.00046880641837009193,2.8810334119593182e-05,0.2556013686957609,0.00048493807731902463,0.000258591350130561,0.0005310780254496035,874.0,0.9895723520176707
YIR037W,0.00025471217524197657,0.0,2.192985019258332e-06,0.21873564339095633,0.0,5.604779518337505e-05,0.00018307634042969006,3337.0,0.989320661833442
YML022W,0.0007641365257259297,0.0005400242630206934,2.4798539348983015e-05,0.2468890235628791,0.0005420856746541873,0.00014159938461580585,0.00028732499567706493,2245.0,0.9893839636794376
YNL104C,0.0025471217524197657,0.000331179616968912,9.312120792740129e-06,0.2459019852592131,0.0003573535342773079,0.0002571187948581231,0.0005020285474591422,1041.0,0.9895433516509364
YEL060C,0.004075394803871625,0.0031042448605405736,0.0003910944386031764,0.2789985493073374,0.0034150492018320306,0.0003965501087384773,0.0005548097087066063,969.0,0.9895560626018212
YOR168W,0.0056036678553234845,0.0011418032610020416,0.0007345127405045265,0.2675775560608382,0.0011787259714755248,0.00040588315690277983,0.0005784793567221293,155.0,0.9897131761962399
YER175C,0.0010188487009679063,0.0006613677473061571,1.9558775633531164e-06,0.21685195301612956,0.0007027445091113925,0.00022688710590863944,0.00028361867571175507,1807.0,0.9894279766278254
YEL071W,0.0015282730514518594,0.0003818257921445671,5.832837912697149e-05,0.24490682056691085,0.0004329266578111611,0.00014556399912949819,0.00043990396007178244,1572.0,0.9894590250948821
YBR222C,0.001782985226693836,0.0006759182156860965,2.022401393088681e-05,0.25008148310904976,0.0006680395001263433,0.00019049032623573464,0.0004741251032302994,1421.0,0.9894796718839991
YOR323C,0.002292409577177789,0.000549932827423156,1.3940587227431407e-05,0.24859023991817886,0.000566526115791237,0.0002205406653445963,0.0004976670449430492,1152.0,0.9895224525585131
YBL037W,0.0012735608762098828,0.0008967774654925401,7.177556400796173e-06,0.23315762435278858,0.0009499011965851076,0.00019239811328746118,0.00036343268507647755,1679.0,0.9894421583013084
YOL062C,0.0005094243504839531,0.0,1.5362841671615726e-07,0.18912104899869317,0.0,0.00010552412582251846,0.00022348479232729931,2459.0,0.9893647015248812
YJR005W,0.0010188487009679063,0.00011473164836449966,4.087460238050416e-06,0.20654954533911776,0.00015190977743992387,0.00016235905512531568,0.00031726270996872813,1828.0,0.9894256704761059
YLR352W,0.003056546102903719,0.0013327222928889888,1.8828421698889316e-05,0.2551841454863003,0.0014535598905086532,0.00035234544523788844,0.0005218175766841144,883.0,0.9895708741729663
YNL059C,0.006622516556291391,0.006353657487910043,0.0004978793607020358,0.29051277515176727,0.006564958633570607,0.0004377995185246282,0.000590934605319737,2831.0,0.989345654546547
YBL024W,0.0005094243504839531,9.968878160950701e-05,3.7681931733747746e-05,0.21305919881232674,0.00011696626007845574,8.746640649645113e-05,0.0002564307265504874,2514.0,0.9893599338252536
YDR356W,0.010188487009679063,0.0043120413273871295,0.0008020836847054009,0.29223245510437523,0.004262469566095127,0.0006267767437982687,0.0006122334167695459,784.0,0.9895921110639412
YBR149W,0.020376974019358125,0.01579873893453527,0.00046648112868675947,0.303018291962936,0.015076850289379426,0.001685071168687401,0.0006286438817093447,3655.0,0.9867600314432752
YDR037W,0.018848700967906265,0.0077543873282296125,0.004353134111927817,0.30265164887352375,0.007203952142249113,0.001144445951899615,0.0006295038746816857,3563.0,0.9887808385400707
YLR421C,0.010188487009679063,0.0020501251329763538,0.00013927290974202937,0.2675012470472746,0.0022115736355168957,0.00046678155353104326,0.000604042730507985,502.0,0.9896494030556505
YFL048C,0.01477330616403464,0.007852203278298523,0.0008805686368464546,0.2895040502380459,0.00672791544091617,0.0009178274020090472,0.000624081912774625,3502.0,0.989017512736302
YDR270W,0.006877228731533368,0.0024904315478719214,0.0007060359677831556,0.2784188550820031,0.0024691788582549648,0.0004936801696683443,0.0005918153646979579,232.0,0.9897009575512291
YKL042W,0.005094243504839531,0.00044921819807166284,0.00046770309420213007,0.2701398582392594,0.00043637240932625386,0.000342652442252221,0.000575742443398827,327.0,0.9896827779364786
YHR019C,0.01706571574121243,0.0036872868809460593,0.00865446397179517,0.29622394529331075,0.003195936145886996,0.0009640825848474995,0.0006274432958926697,3470.0,0.9891830723811518
YLL018C,0.0163015792154865,0.007978546018285628,0.0037579653766527696,0.2964814295602587,0.0077321510412306374,0.001018020161322062,0.0006259026172176971,3524.0,0.9889157496469765
YKL103C,0.004330106979113601,0.0014870120012264376,0.00020467337853035428,0.26541967254421855,0.0015253780740057856,0.0003436442047299518,0.0005585816005091996,554.0,0.989638546593555
YLR080W,0.0025471217524197657,5.5030949757253624e-05,6.852300365935596e-05,0.2531695338114085,5.5216357595990865e-05,0.00020288113599262937,0.000514709754720483,1082.0,0.9895331131930221
YLR072W,0.006622516556291391,0.006977765735488591,0.00036095838481286466,0.27883267621024627,0.006770752049011823,0.000559315780310082,0.0005908154940176307,3445.0,0.9892531588564418
YNL225C,0.004584819154355578,0.002289166301199909,0.00023745544270223416,0.28022798499403045,0.0023299692277988357,0.0003376086432843764,0.0005689969383235305,649.0,0.9896181890732857
YLR250W,0.014009169638308712,0.00703543156421305,0.0007278590971954789,0.29078295676083654,0.006168543650634261,0.0008902811366883174,0.0006223081369658524,3472.0,0.9891748469263476
YOL158C,0.011462047885888945,0.0038903594066911564,0.0010779107242877952,0.2910084922892324,0.003521983373593737,0.0007371738032674548,0.0006156866407855922,697.0,0.9896076275272876
YNL231C,0.008660213958227202,0.0007166592649542919,0.0010756664362358988,0.2789570625342062,0.0006297502711711712,0.0005090882580715455,0.0006051184307569152,33.0,0.98975341803454
YOR373W,0.001782985226693836,7.796589836397397e-05,4.273030877139704e-05,0.24953262111499558,9.059733415249574e-05,0.00015110397644200823,0.00047293813909842126,1466.0,0.9894729000644631
YPL124W,0.004584819154355578,0.001414749561881986,0.0005147963568840535,0.27700055305168503,0.001442847786878709,0.00031859333852274807,0.0005688938640868658,476.0,0.989654598796982
YDL201W,0.004839531329597555,0.00034260957543353493,0.0037233966107134103,0.2648201927643333,0.00035294622227917047,0.00030600473968559545,0.0005715563148906511,70.0,0.9897342610521355
YDL195W,0.0015282730514518594,0.0001385205374943191,0.00031973073537421427,0.2462247336320432,0.00012736418132484916,0.0001268193863466372,0.00045538681832411974,1526.0,0.9894659642385323
YDR091C,0.004075394803871625,0.002167668556757888,0.0036617752336833174,0.26973202667757545,0.00218781380443339,0.00031338809696226455,0.0005529991940822382,385.0,0.9896736766973463
YEL034W,0.004839531329597555,0.0006504615171099139,0.00289756226905093,0.2595443062455087,0.0006110042727553967,0.0003125909483128476,0.0005713431662975277,59.0,0.9897402306049443
YDR388W,0.0007641365257259297,0.0004980028618616377,0.00013697955615014717,0.23769227057871867,0.0004980028618616377,0.00012865101013941716,0.00028709730864593535,2119.0,0.9893922894532541
YER007C-A,0.0038206826286296485,0.0006192094339165118,0.001023251501526375,0.2601561843769986,0.0006164082075395276,0.00026506028142305165,0.0005524495663123557,478.0,0.9896545671540953
YEL065W,0.006877228731533368,0.002692986193297944,0.000561107405700247,0.2681512643714318,0.002688963122148433,0.0005132720955670441,0.0005910886519990357,312.0,0.9896862363516139
YER178W,0.028273051451859398,0.023344114035692344,0.0023474506086778894,0.30895689155838885,0.021777565840475997,0.0018914185157715693,0.0006360676310080467,3697.0,0.9830833674448363
YER048C,0.001782985226693836,0.00010075994313109158,0.0003495644329965171,0.25859621552726403,8.734606682344444e-05,0.0001460862019148943,0.00047803415354145224,1409.0,0.989481248582894
YGL245W,0.0028018339276617422,0.0003417811157370605,0.00215509758166912,0.25786752516048617,0.00038037584815374625,0.0001914425478031055,0.0005276547033354563,646.0,0.9896191334324873
YFR009W,0.001782985226693836,0.00016883497662366473,0.0007401834028015317,0.2517595444598453,0.0001697570360845619,0.0001347326635110573,0.00047614207266700087,1267.0,0.9895029676910233
YHR020W,0.01553744268976057,0.005896880033630221,0.005690379140255419,0.2951288044588275,0.005918171343274629,0.0009896237749996675,0.0006245924493501575,3463.0,0.9892128162841254
YJR014W,0.001782985226693836,8.347142590627072e-07,0.0007526060052815309,0.24721436984154138,1.0705855569195825e-06,0.00013008521692465955,0.0004756392303778319,1266.0,0.9895032537884455
YNL247W,0.0028018339276617422,0.0009091094702124694,0.00026372176687713495,0.25371737159082186,0.0009310531017573154,0.00024055278256346655,0.0005203331088435547,898.0,0.9895678571715854
YLR244C,0.004330106979113601,0.0014036049609894193,0.004688042044879505,0.27382663049810785,0.0014185116721065205,0.0003217615865464383,0.0005597051542542777,267.0,0.989695481978323
YOL111C,0.002292409577177789,0.00046584162204543755,0.0008772861721353077,0.2527602055433221,0.0004424001266385089,0.0001944594803895303,0.0004910895366268816,979.0,0.9895545495971326
YOR187W,0.0056036678553234845,0.00169976803143349,0.0006163211378895635,0.2849094457502524,0.0016298582014639747,0.0003619585614816623,0.0005841338889904114,307.0,0.9896875163342614
YPL048W,0.0028018339276617422,0.0003263867824581793,0.0004570334145013693,0.2604993745112181,0.00029876694383502604,0.00020924904789621564,0.0005270060134434099,902.0,0.9895669769852534
YPR163C,0.0012735608762098828,0.00011710331169030118,0.00013909812845183068,0.24732844371028834,0.00013577167476938986,0.00011182282861229483,0.00042927225759188946,1761.0,0.9894326178787844
YDR406W,0.006622516556291391,0.0018034026348487653,0.0007493320354337585,0.27726666354456647,0.0017411310627599593,0.0004227079697605128,0.0005894613814691431,115.0,0.989720217819644
YMR058W,0.0007641365257259297,0.0,2.7381057469128995e-05,0.23066350000523017,0.0,8.227130293255374e-05,0.0003498247915591565,2347.0,0.9893793227337327
YPR154W,0.0012735608762098828,2.7907132702934852e-05,1.4257982616337102e-05,0.23193252711164455,3.423303677814842e-05,0.00013157419620958376,0.00041897821751511527,1747.0,0.989433805876409
YGR185C,0.007641365257259297,0.00014637786223591564,0.0033392411548972068,0.26687335451206157,0.00014988213962298388,0.00043765609610669186,0.000598856430514864,3.0,0.9897888151833799
YDL182W,0.00815078960774325,0.0023086402972955535,0.004576891427582202,0.28316773517623195,0.0024761564644646935,0.0005048217845431104,0.00060221174596092,23.0,0.9897592042882911
YGR054W,0.012735608762098827,0.0030312512900323675,0.02913033573667635,0.2899963279552538,0.002955519161130354,0.0006011156267554016,0.0006205351825251428,3675.0,0.9858622936093844
YGR285C,0.024197656647987772,0.006248184215650773,0.07591749327854423,0.2931228508660214,0.005427729143106343,0.0008218868757329371,0.0006359990424709369,3768.0,0.9598265064720561
YHR064C,0.018084564442180335,0.003419814093018802,0.059514062914052465,0.2868919170427492,0.002995055729035104,0.0006508760623758442,0.0006303797604486691,3743.0,0.9710894682845266
YJR047C,0.00815078960774325,0.002837403842515163,0.0030195833181636197,0.27198060827003073,0.00273001356921462,0.0005893172845185572,0.0005990701533533422,51.0,0.9897438314657541
YIL078W,0.00891492613346918,0.000783694929651419,0.0033612438517222113,0.27964317590259175,0.0007408816097541841,0.0005170031841349915,0.0006063120782477052,1.0,0.9897904080841933
YPL160W,0.006877228731533368,0.001196128446098605,0.0009252133995495341,0.26630509554156245,0.001200202335531432,0.0004497346966695836,0.0005920831450005936,47.0,0.989745985400976
YPR033C,0.0053489556800815075,8.762464635550163e-05,0.0016208279154639326,0.26160734145063963,7.005574766109756e-05,0.0003262484421827119,0.0005792701764367248,79.0,0.9897301492904491
YCL001W,0.004584819154355578,0.0001420921324589902,1.6779905681470666e-05,0.2442213429073146,0.0001458535370777758,0.0003143234462258313,0.0005626145741141921,457.0,0.9896589408313348
YDL072C,0.006113092205807438,0.0006751587651411751,2.0333200163255033e-05,0.25041530341620993,0.0006578203277755696,0.00040421919957514844,0.0005823806830399068,197.0,0.9897061411673894
YDL015C,0.002292409577177789,8.719091323311528e-05,2.458149077522248e-05,0.24393553677167112,7.184328778625863e-05,0.00017923268702899628,0.0005052365696259075,1172.0,0.98951844088327
YDR144C,0.0038206826286296485,0.001124174062393213,7.521588210630482e-05,0.26414900669424624,0.0011554161711937853,0.00031548472975168355,0.0005501502786991805,670.0,0.9896133301828779
YDR245W,0.0056036678553234845,0.0006423757728532673,2.597070477136958e-05,0.24910187830866243,0.0005733794722264051,0.0003722477139931355,0.0005751295269741544,268.0,0.9896954584521425
YEL036C,0.00738665308201732,0.0009173059873334384,2.8096275328217355e-05,0.2519793479573589,0.0007717455967615639,0.0004902717484495633,0.0005889947587148921,126.0,0.9897176248610632
YGL105W,0.0033112582781456954,0.0001698901565054176,0.002964565430808208,0.2608072077773581,0.00015155466914171378,0.00019722880676370971,0.0005441882791166069,473.0,0.9896552222328078
YFR024C-A,0.003565970453387672,0.0005599402315640861,0.0005649502249272969,0.25765502616983066,0.000534977171757526,0.00025381679316071194,0.0005488787715465822,610.0,0.9896252758687346
YJL171C,0.0058583800305654615,0.0018263189296886069,9.176376222598043e-05,0.27176390635122943,0.00181010657928772,0.0004596499005355578,0.0005808866544630568,343.0,0.9896805016868514
YGL200C,0.012226184411614875,0.0033020661850594836,3.370437908406134e-05,0.2612794213847544,0.0029925091824256913,0.0008042824351008906,0.0006119235457506913,1412.0,0.9894808208940382
YKL065C,0.004584819154355578,0.00012739754623069619,1.892440700229252e-05,0.24981506698748746,0.00010629873891018593,0.0003066667732895828,0.0005647804623565326,482.0,0.9896536811013262
YKL165C,0.0038206826286296485,0.0005214954219044214,1.6808666898681646e-05,0.24666179022319862,0.000526762847280871,0.00028462795320789594,0.0005483169722967203,611.0,0.9896252696714294
YLR386W,0.0025471217524197657,0.0014362137722614512,4.28017630375725e-05,0.2573192847599666,0.001476486155181987,0.0002748000936418617,0.0004982759773885314,1094.0,0.9895313428227517
YML115C,0.0056036678553234845,0.0016319129824038626,2.8660663493960694e-05,0.2535973295765511,0.0016015902167764693,0.0003812214278902049,0.0005759812134759049,335.0,0.9896812894357452
YML067C,0.00815078960774325,0.0010596982884852385,2.886631901292021e-05,0.2519793479573589,0.0009345005714001578,0.0005500572719951154,0.0005968792638751198,166.0,0.9897121738672838
YNL121C,0.0028018339276617422,0.00010755708919654737,0.0004417697284624478,0.25553173677620883,9.442858029312869e-05,0.0001926681805634018,0.0005276386280975656,908.0,0.989566418528858
YMR008C,0.0020376974019358125,0.00012242950470328547,2.8166612023294536e-05,0.24360294059765444,0.00012232897396080483,0.00017732152816428773,0.0004903875920277927,1299.0,0.9894994418329307
YOR153W,0.00815078960774325,0.003044388120908452,0.00018055977521154196,0.2667405439417797,0.0028770061788971125,0.0006133350034290141,0.0005993748015449829,450.0,0.9896598621176476
YOR016C,0.0053489556800815075,0.0007529111991977585,1.6717786181889483e-05,0.24915150349193665,0.0007514140141931079,0.00037884470766207524,0.0005738049425585728,298.0,0.989688922863107
YGR094W,0.003565970453387672,0.0011329180875080743,0.0004067528391316241,0.2668164195054099,0.0010170803166101403,0.0002510812613719197,0.0005511099955785948,684.0,0.9896097435256878
YJL080C,0.004075394803871625,0.0004836494455409252,0.0025278614525041177,0.26849667175361913,0.0005597086620518374,0.00024883295193647495,0.000561530531004843,280.0,0.9896924660410363
YKL081W,0.006622516556291391,0.0018978200871405553,0.0010326866977879178,0.27472889295490033,0.001858860828445703,0.00047463453139195424,0.0005886747055242943,78.0,0.9897301841349201
YBR025C,0.0033112582781456954,0.0005657500730283962,0.0014637284580629546,0.26244911101602364,0.0006225509389835288,0.00020916087081762714,0.0005423139132093385,574.0,0.9896345261784149
YLR109W,0.0033112582781456954,0.0010440113051630733,0.0003344127161205611,0.2665889222030037,0.0011393207458713292,0.00022429954384009434,0.0005441183550017552,792.0,0.9895908433850455
YOL082W,0.0010188487009679063,4.073336154473786e-06,3.153069546910891e-06,0.21937510910864025,5.211628861789532e-06,0.0001230885634101949,0.00037229403156695414,1925.0,0.9894129451508039
YGL156W,0.0007641365257259297,3.101768650070686e-05,3.927048889496818e-05,0.23427864446363245,3.573217794822327e-05,9.1259749123157e-05,0.00034656462178110815,2334.0,0.9893798618137973
YAL042W,0.009424350483953133,0.0011133002593140921,1.9131923157388552e-05,0.255496935041544,0.0010981513709887591,0.0006335216525594939,0.0006007572464563665,311.0,0.9896863191046071
YAL007C,0.007896077432501274,0.0009767173121894269,1.7648794776826486e-05,0.2546645280041454,0.0008982937713181028,0.0005318398231005712,0.000593492398349162,139.0,0.9897154425593554
YBR187W,0.004075394803871625,4.83583720687687e-05,1.357437057162229e-05,0.23755682481227516,4.180990559574239e-05,0.000269875433130605,0.0005539322798973739,557.0,0.9896382678774096
YAR002C-A,0.007896077432501274,0.0009032748634419272,1.755443973833549e-05,0.253220793081263,0.0008849995505736214,0.0005149551303527969,0.0005939611445830216,145.0,0.9897146064601591
YGL167C,0.010443199184921039,0.002100259687200635,2.0504894899514154e-05,0.2597779194824534,0.0020957290869076713,0.0006972012186684144,0.0006054658427159883,585.0,0.9896307873137955
YBR205W,0.006877228731533368,0.00019974505691130974,1.5554696498718692e-05,0.24824483863206787,0.00018368172879498377,0.00044061672535484597,0.0005853524238100216,173.0,0.9897111691919013
YHR034C,0.001782985226693836,0.0004615058708668043,2.6098092722126394e-05,0.24700279730645647,0.0004864822548521024,0.0001740293344644364,0.00045990641182031824,1417.0,0.9894802946329204
YMR038C,0.0056036678553234845,0.0030385374530427453,0.00026459581135772695,0.2752731101309665,0.0031560139515034937,0.000414742947289358,0.0005784151910797342,632.0,0.9896218682398794
YNL208W,0.0020376974019358125,0.00014113134816895297,1.639828903535945e-05,0.23910097445099884,0.0001597589947489396,0.00019653923137933236,0.0004804199462803133,1261.0,0.9895037041637025
YBR096W,0.001782985226693836,0.000738259418175251,7.578529830182966e-05,0.2568788505466982,0.0008654587449164053,0.00016344612489300754,0.00046783689690658753,1439.0,0.9894767106985242
YGL125W,0.001782985226693836,0.0006014510498548487,6.178435332644716e-05,0.24599872089464161,0.0006841613947422415,0.00021183003459739736,0.0004583112469372033,1384.0,0.9894854531755116
YBR145W,0.0012735608762098828,0.0002801632016195782,5.528803692439245e-05,0.24679158660034692,0.00030375974056173473,0.0001344359935369422,0.0004186607468343326,1762.0,0.9894325851044111
YJR109C,0.004330106979113601,0.0028701184439869883,7.693936149710101e-05,0.2645587710538058,0.0031563373663816992,0.00044258397812232844,0.0005537338491865496,868.0,0.9895734295033183
YGL140C,0.015282730514518594,0.025297682736642416,0.00043734178628257204,0.30165400314239216,0.025787681178397834,0.0018778181851002804,0.0006175211903279504,3699.0,0.9829955826904068
YOR222W,0.00025471217524197657,0.0,5.124408368704036e-05,0.22750257646647307,0.0,5.172637543485285e-05,0.00018400304629485537,3268.0,0.9893217494538864
YLR216C,0.011716760061130923,0.006313524930918175,0.003609646991305052,0.2827409563741578,0.006277960273213293,0.0009019482638266267,0.0006123517861419828,2602.0,0.9893558927235182
YMR260C,0.004330106979113601,0.0001905486490991635,0.002582904707110728,0.26126122770594484,0.00019987567623192177,0.00027795845019448176,0.0005631386734354282,183.0,0.9897093031303825
YPR080W,0.005094243504839531,0.0011929232055164036,0.003357704206481953,0.26617284982158584,0.0011780754719058375,0.00037485376345318,0.000571259723249669,46.0,0.9897462737072449
YLR247C,0.006367804381049414,0.004446175110399313,0.0005088767687226151,0.26560756697473265,0.004470219544535147,0.0007054448095760098,0.0005705078110833358,1026.0,0.9895457093072609
YDR172W,0.0058583800305654615,0.004555748982840728,0.0007205205763332357,0.2695769859954788,0.004672069414440214,0.0007285989991410002,0.0005587853349596474,1086.0,0.9895324280348571
YJL001W,0.011207335710646969,0.002072712999017437,0.0009046455970033419,0.27279136913516605,0.002051396918594597,0.0004901108150489416,0.0006083552515706332,492.0,0.9896510558453637
YER094C,0.011207335710646969,0.0015345432255395434,0.00044037021823673276,0.2676348163981078,0.0014971113066059593,0.0005303301096345329,0.0006071252490013408,549.0,0.989639940182207
YPR131C,0.0007641365257259297,3.497753425322581e-05,1.772422459595509e-05,0.23298388543747353,3.7973344009529254e-05,0.00010131022229803827,0.0003458436704807751,2336.0,0.9893798190630385
YHL034C,0.010952623535404993,0.0009195526247340843,0.004261208966978012,0.2672345079120423,0.0009920693436406061,0.0003725769494523734,0.0006130791804729099,191.0,0.9897080969262866
YJL063C,0.01477330616403464,1.3811191136673284e-05,0.003505141671563793,0.2683046689849166,1.1992739220535539e-05,0.00043598842762669046,0.0006214339870993243,1719.0,0.9894365928165292
YDR237W,0.01553744268976057,6.401317139024294e-05,0.004894412697713231,0.2765717596259084,4.25692861719553e-05,0.00045840060603217917,0.0006228853746267558,2082.5,0.9893960606946803
YJR145C;YHR203C,0.008660213958227202,6.999082292330282e-05,0.01586505761974311,0.2574605428590595,8.088727850840755e-05,0.0002337189753524662,0.0006054974399503916,3578.0,0.9885899361216595
YJL096W,0.016046867040244522,0.0002671847010511163,0.004933036683541739,0.2816373285606571,0.00018340987862312564,0.00048493823120317485,0.0006239526748168573,2366.0,0.9893783866632224
YKL170W,0.017575140091696383,0.002300526024486251,0.00495533183742762,0.2908505807042693,0.002290496008389223,0.0005832835701083092,0.000626782265827282,3443.0,0.9892604201216452
YKL138C,0.015792154865002548,0.0006813006347239758,0.004901367964836718,0.27702100495312126,0.0007237889270370568,0.0004879461306050532,0.0006234870603502764,2304.0,0.9893812679344339
YKR085C,0.016046867040244522,0.00032578294986317037,0.004915963314047373,0.28022798499403045,0.0002419501251280926,0.0004885237762685038,0.0006238670503069251,2424.0,0.9893712339061381
YKR006C,0.01706571574121243,0.0006051754312088266,0.005138454003189349,0.2803745696521502,0.0005176585652377114,0.0005235981779997095,0.0006254118937258004,3442.0,0.9892627256063876
YML009C,0.015792154865002548,0.00010829433258420658,0.004907528880616674,0.2789778043783979,7.227608276408039e-05,0.0004677514584258398,0.0006232769471729714,2213.5,0.989385677225407
YLR196W,0.014263881813550688,0.0019405534258417636,0.05452500962029007,0.284606879396577,0.0019603230659251234,0.00043284371278039734,0.0006244714883870463,3736.0,0.974210570927715
YMR024W,0.016556291390728478,0.0015219801920924377,0.004868587029916725,0.28353151145508,0.0015412894624558774,0.0005636240522341807,0.0006245995788990148,2845.0,0.9893401152335098
YML025C,0.01782985226693836,0.0048200104286303756,0.00495813189582405,0.28865767741845466,0.004657863815848076,0.0006491274127571126,0.0006267645587153576,3495.0,0.9890635020102609
YNL005C,0.017575140091696383,0.0016119432804624332,0.005157027308778647,0.286628914521396,0.001498091940853961,0.000569343693429249,0.0006260989813629734,3448.0,0.9892457365098181
YMR286W,0.017320427916454405,0.00163285444268849,0.004989126841216071,0.29096335719930777,0.001508366703568274,0.0005591384648848051,0.0006260993795652804,3428.0,0.9893054079916656
YNL252C,0.01935812531839022,0.005944122441240639,0.005074707843453166,0.2974450999750336,0.005671242466979447,0.000711321092580725,0.0006291536609650887,3544.0,0.9888592716762855
YNL177C,0.018084564442180335,0.0026703174859961545,0.005698742498866894,0.2929397635138253,0.002739886331773274,0.0006073941350052545,0.00062695657233246,3468.0,0.9891911761437625
YNR022C,0.015792154865002548,0.00010829433258420658,0.004907528880616674,0.2789778043783979,7.227608276408039e-05,0.0004677514584258398,0.00062327694717297,2213.5,0.989385677225407
YNL284C,0.018084564442180335,0.0027038690201220215,0.005607028743754276,0.2899963279552538,0.00257633778118154,0.0006019683113887385,0.0006273928295605998,3473.0,0.9891728429224437
YOR017W,0.0012735608762098828,2.0547769836004753e-05,0.0015186704305502222,0.2477694308317423,1.9838962939642018e-05,8.169724583136277e-05,0.00043104619277106883,1414.0,0.9894805680267584
YOL041C,0.013245033112582781,0.0003387161208661714,0.018234868763580204,0.2781711514742789,0.00031130419264550316,0.00037806484409393245,0.0006209421169150488,3604.0,0.9882369957342706
YPL173W,0.016556291390728478,0.0014644001738068763,0.004855304945596747,0.28108873921824046,0.001466550791834174,0.0005720171805309689,0.0006243172728573851,3018.0,0.9893260064337457
YOR150W,0.016811003565970453,0.00045091573327175454,0.0049819221215956395,0.285039314068607,0.00030284704471301733,0.0005192036139396041,0.0006252231328870753,3158.0,0.9893233616204731
YER165W,0.010697911360163015,0.0019979462393435493,0.0031876728145629634,0.27918539259506464,0.002085419758027805,0.0003937253363521198,0.0006125842974485318,103.0,0.9897228657953642
YGL049C,0.010697911360163015,0.0035783426009290352,0.05169537178846505,0.2853211019836558,0.0031213800821595023,0.00035195801374482535,0.0006155766881906251,3730.0,0.9760129855931122
YGR162W,0.004839531329597555,0.0038529903980260433,0.014695706858749621,0.2927569047351025,0.0036874147923508017,0.00026911462019675017,0.0005749243148460164,3522.0,0.9889253877393333
YGL094C,0.014518593988792664,0.014932534834478801,0.0003892384714257062,0.2972801276511428,0.014834479660216669,0.001350497241779047,0.0006193470029232402,3638.0,0.9873626924563623
YJL186W,0.003056546102903719,0.001272267138210219,5.121287384835972e-05,0.25162447126853155,0.0013478095884060719,0.00022617152178136074,0.0005313946356784148,885.0,0.9895707136461454
YJL002C,0.004330106979113601,0.0008144713378282298,4.770753247992664e-05,0.24243812943170545,0.0008755092507139157,0.0003115445198073037,0.0005534089957060019,467.0,0.9896561319708458
YMR193W,0.016556291390728478,0.0006698337212897952,0.004961958464893624,0.28469326133129025,0.0006132744192507905,0.0005046558691118786,0.0006247508737694091,2789.0,0.9893494785230057
YKL025C,0.0005094243504839531,0.0,4.878306473489799e-05,0.23575070632014286,0.0,6.63349432946106e-05,0.00028609099263909307,2766.0,0.9893500823266517
YGR076C,0.01553744268976057,0.00010608865987893184,0.00484846027010014,0.2788119559400367,7.083967875715362e-05,0.00046063359416732223,0.000622870816146452,1952.5,0.9894103145172076
YGL068W,0.01706571574121243,0.0036671013976545467,0.0036989880163031835,0.2841972800397723,0.003457161061382367,0.000573618074178063,0.0006264113594613869,3462.0,0.9892139142868623
YGR220C,0.016811003565970453,0.0012182980620790188,0.005017832755358451,0.28914707853614935,0.0011865752462835275,0.0005243483242899055,0.0006252475147446234,2788.0,0.9893494832030296
YMR098C,0.015028018339276618,0.001267176066734044,0.003473763188312649,0.27523272381786046,0.0012941070051885357,0.00048715595073210455,0.0006218379490257703,1598.0,0.9894549977177725
YNL185C,0.015282730514518594,0.0008992870392256991,0.0034389196169405715,0.2684006360315526,0.0008481006156829404,0.0005082166586875732,0.0006220563608381054,2078.0,0.9893964038025768
YBR082C,0.0038206826286296485,0.0010412039689071586,9.390812143678911e-05,0.2552709546254643,0.0009661859800895192,0.00033099637484539557,0.0005487373927160213,626.0,0.9896232974328784
YDR214W,0.0056036678553234845,0.0005318484221869683,0.0004996871803187576,0.2699066607499514,0.000555649276763561,0.00042974701992356493,0.0005809604480435348,206.0,0.9897048625405861
YCR093W,0.0028018339276617422,0.00021661656037479294,1.8856236209637659e-06,0.22317228712140577,0.00021429486828203383,0.00029054798011549315,0.00043760107278787726,830.0,0.9895815104604746
YER168C,0.0020376974019358125,0.0001430927789813444,0.00010595673396536043,0.25334047880385374,0.00013947434624525613,0.00018184453127116393,0.0004912439386684668,1324.0,0.9894969026771502
YER068W,0.0028018339276617422,0.0011196555859683192,8.850369605498053e-06,0.24217210940973818,0.001149306091586482,0.00028905093926706376,0.00045029191975746313,912.0,0.9895649498751774
YMR235C,0.003056546102903719,0.00045573717511186685,6.493405926632207e-05,0.25802712957052976,0.00043554046301881095,0.00028106274022417243,0.0005295179045075446,873.0,0.9895728943167691
YKL010C,0.0005094243504839531,9.525399570523019e-06,2.0264322743374903e-06,0.21849362282116666,1.3355807012923901e-05,7.830485171002435e-05,0.0002763575364423724,2670.0,0.9893533285757777
YKR059W,0.023942944472745798,0.01650344802539866,0.001581491499816641,0.3092879804702888,0.015201113009074367,0.0020299703428557285,0.0006327763927721768,3661.0,0.9863352409634194
YJL138C,0.028782475802343353,0.0286790303077121,0.001657405853521934,0.3180176717312319,0.027327844229216563,0.0025027200999475107,0.0006360754091667665,3716.0,0.9808973367126173
YDL084W,0.010952623535404993,0.0022191933686414754,0.00016927930879575155,0.28467166093209967,0.002241994676892083,0.0008581438629183195,0.0006123819840282656,438.0,0.9896616006451657
YDL140C,0.012990320937340805,0.0076359460789606065,0.0010241453211571926,0.2972330263079358,0.007189733277171734,0.0007750904192318862,0.0006190239139877354,3474.0,0.9891655987560215
YOR046C,0.003565970453387672,0.0007210694100170051,7.313769278612488e-05,0.2728508829237927,0.0007150691593504667,0.0003082466990099081,0.0005461900866564163,773.0,0.9895941689336665
YKL190W,0.00815078960774325,0.00933259939644805,0.0004951241512417856,0.2909182361080153,0.009740803018623305,0.0008730315998700433,0.0005919132069476462,3543.0,0.9888642997525431
YBR022W,0.0015282730514518594,2.1252933166346175e-06,5.673103845982299e-05,0.24855730315237323,1.6488356153972444e-06,0.00014457363317310376,0.0004562649900373655,1638.0,0.9894500765764735
YBR017C,0.004839531329597555,0.001777806310740131,0.00012657478273190196,0.27239527305685163,0.001790848052027154,0.0004016398232328681,0.0005689022322193454,510.0,0.9896477256628933
YBR080C,0.0038206826286296485,0.0017762241451319985,0.00011386927541589302,0.25925735842213055,0.001733098870470786,0.00036575758469455696,0.0005440472236012876,693.0,0.9896085189117344
YBR214W,0.0020376974019358125,0.0005875886862190166,0.0001043084379175827,0.25499337305186043,0.0006069930131546775,0.00016964945863580686,0.0004920560029463162,1294.0,0.9895000887260389
YBR143C,0.0038206826286296485,0.0011351437048299734,8.698296582033971e-05,0.2671203539146429,0.0011137561551970913,0.0003319102799120502,0.0005544068854053695,675.0,0.9896124663703303
YDL160C,0.004075394803871625,0.0019842136068622686,0.0002399695783595335,0.2778827204180917,0.0017850505742258264,0.00030222561039340286,0.0005619247632085428,692.0,0.9896086057562826
YDL022W,0.002292409577177789,0.0005643837656618891,0.0002432967894518842,0.262743171644613,0.0005953785628454621,0.00021599774613858587,0.000497800528269358,1151.0,0.9895226375476629
YDL192W,0.004330106979113601,0.0006931226394673275,8.247923326378572e-05,0.2624674705201171,0.0007408898558514524,0.00038342901187740695,0.0005602918166039578,524.0,0.9896449231077923
YDR408C,0.0010188487009679063,2.1285929181995137e-06,0.00044472646421127825,0.248129918066601,1.6846290293562425e-06,0.00010217196210650393,0.00039816392593811946,1864.0,0.9894190452087869
YDR341C,0.007641365257259297,0.0015464055688460447,8.56514078509483e-05,0.26996492236905123,0.0015896449959760775,0.0006516835422208357,0.0005953241792988587,129.0,0.9897175044730946
YER086W,0.004839531329597555,0.002188345845422347,0.0002366642891831629,0.2812994820126761,0.0021622974071391697,0.0003649140624422491,0.0005738973660870038,578.0,0.9896340846837461
YGR173W,0.0025471217524197657,0.00042071489629214037,0.0004630028338218117,0.25553173677620883,0.0004460667993678385,0.00021931991826528192,0.0005117138254077998,974.0,0.9895555934747372
YFL037W,0.0007641365257259297,2.2770471828512127e-05,4.8892941777886e-06,0.23372406971189646,2.301152773860218e-05,9.217423658127547e-05,0.0003499797417311445,2370.0,0.9893780375582213
YHL011C,0.0053489556800815075,0.004077377745601384,0.00012515208273804754,0.28144719008964625,0.003898449402464036,0.0005215519502830228,0.0005742753545684554,992.0,0.9895511198652064
YGR175C,0.0038206826286296485,0.0002263222082589654,1.4483205156793067e-05,0.2490026872235913,0.000257201523404949,0.00034948633139966117,0.000546930744481642,627.0,0.9896232227777534
YIL094C,0.004075394803871625,0.0019401554655473958,9.10291100284388e-05,0.2812573081772919,0.0019933714256889956,0.00035157486161923354,0.0005599407473398766,743.0,0.9896000856946756
YKL196C,0.00891492613346918,0.001974996094687542,0.00010125624509812967,0.2706855559544819,0.001927077692938162,0.0007397429922273494,0.0006028357419192266,230.0,0.9897015012412563
YJR072C,0.003565970453387672,0.00042275148936422825,0.00011351142053833341,0.2573369335449296,0.00040572091164565386,0.00025337868417528583,0.0005477098672147826,715.0,0.9896046567159272
YKR080W,0.001782985226693836,0.0003843481434062344,5.585191513528594e-05,0.25891743089400826,0.00033986415133035504,0.00018109337740714266,0.00047334524480293467,1464.0,0.9894733332638173
YLR113W,0.0020376974019358125,0.0005585753627219049,5.519258220478199e-05,0.25777894133184975,0.0005522645842136189,0.00020141314424276953,0.0004884854155247864,1322.0,0.9894971518573916
YLL026W,0.006877228731533368,0.0012526954613491141,0.00012243399218346996,0.2750511319613719,0.0012432546935786954,0.000541589440943037,0.0005915277630187128,149.0,0.9897142209478553
YLR270W,0.0015282730514518594,2.444940969089804e-05,4.9904273921376855e-05,0.24804789707028121,3.7552603034014084e-05,0.00016295156886257046,0.00044397754733758256,1626.0,0.9894516151840085
YLR180W,0.009169638308711156,0.0031141347661345254,0.0003793456777986058,0.28610435344556,0.0029853629323381326,0.0007066103211851697,0.0006073689142356213,394.0,0.9896721043006649
YMR186W,0.006367804381049414,0.0008239395825223741,0.00010076375084271485,0.2665510436974335,0.0008174152689813742,0.0005131380161133533,0.0005874992417640387,172.0,0.9897112058028027
YNL129W,0.0020376974019358125,0.0008500040143175206,0.00011647404045078329,0.27332792970678765,0.0008469763758255969,0.00018797837973204807,0.0004931271061513517,1355.0,0.9894898333362149
YNL016W,0.008405501782985226,0.0017718500119887394,0.0018210886623206736,0.27328811210467435,0.0016066246532266877,0.0003301338470759437,0.000604301605018245,29.0,0.9897570730405455
YPL010W,0.0033112582781456954,0.0006435933585749101,5.927746684527158e-05,0.2537860180658194,0.000591197748371843,0.00029766443229668977,0.0005371462143698723,777.0,0.9895937381805925
YNL307C,0.0007641365257259297,5.579907234580724e-07,4.3609046198988264e-06,0.23554350499623794,5.807385092194742e-07,9.563204867461693e-05,0.0003481143544674459,2390.0,0.9893769901074142
YPL240C,0.003565970453387672,0.00034184620703484644,8.021620129719683e-05,0.2594904551549259,0.0003111730050991574,0.0002968782954091857,0.0005470797152623592,734.0,0.9896023042260472
YPL218W,0.0012735608762098828,0.0003043588383871447,4.851729986088463e-05,0.2461278201971316,0.00031015811781255013,0.00014515347358677746,0.0004215504947867167,1753.0,0.9894333499666333
YOL142W,0.0163015792154865,0.001334250179375004,0.003394531625631437,0.26388890779892205,0.0013476957290628336,0.0004439018865566569,0.0006211996675694896,3450.0,0.9892422512504816
YHR103W,0.005094243504839531,0.005216114733363424,0.0005274927442590652,0.27382663049810785,0.005374285973971907,0.0006663030719801803,0.000548382285626313,1801.0,0.9894287712112907
YER073W,0.00738665308201732,0.000530747607981176,0.0003122103315247553,0.26422341486514606,0.000562926789358544,0.0004612617377435351,0.0005955009514672924,87.0,0.9897282056130129
YJR024C,0.020631686194600103,0.03672221904975253,0.0039613638601405975,0.31614193554811876,0.037433394963797884,0.002285213394359731,0.0006261795975694554,3728.0,0.9765471054472636
YLR089C,0.004584819154355578,0.00040134692674701465,0.00017655117462847417,0.2573192847599666,0.00038156198800196625,0.00031152739344850796,0.0005678967524464137,452.0,0.9896594129607234
YKL120W,0.0025471217524197657,0.00021004212550733558,0.00015048952324202215,0.26666471151990573,0.00021838540567779884,0.00021042263080398604,0.0005185567167921413,1102.0,0.9895299251150083
YMR108W,0.013245033112582781,0.002463026316724352,0.0007072281316396505,0.2790815598843405,0.002344726036739522,0.0008427122058875663,0.0006183083852254178,1022.0,0.9895460823485903
YOL096C,0.007641365257259297,0.001325520256779581,0.0018664789774661945,0.2787084007640079,0.0013499314743299136,0.0004956488269266271,0.0005966723805023253,10.0,0.9897733335584102
YOR136W,0.009424350483953133,0.003000636880064983,0.0004354691526971665,0.2814894208931708,0.002840376507145677,0.000614008392550934,0.0006072400637515992,405.0,0.9896696178098903
YKL126W,0.001782985226693836,5.206783486751162e-06,5.6467397549352385e-05,0.25018153571281415,4.800073051224865e-06,0.0001638785827387256,0.00047478799982731,1474.0,0.9894721141903864
YNL064C,0.00738665308201732,0.0009599279956968998,0.00013857386349849565,0.2764291233393556,0.0008827071517775639,0.0005556665253579171,0.0005979509837603866,107.0,0.989722254360696
YPL225W,0.001782985226693836,1.915842004025798e-06,6.591845574991135e-05,0.24601485090060154,1.6320110042136155e-06,0.00016151594646069702,0.000475314233239308,1451.0,0.9894751128252114
YDL190C,0.0015282730514518594,6.242354746534111e-05,3.0080727586800816e-05,0.2511192350635884,6.35590115862872e-05,0.00015416733020404765,0.0004533116961002579,1645.0,0.9894490656273024
YEL022W,0.0015282730514518594,0.0010284751330207156,5.9750368020454425e-05,0.25916781730227767,0.0010709238133665326,0.00019662608989152417,0.00043000548638932195,1611.0,0.989453430659799
YDR129C,0.0007641365257259297,0.0,4.554736021654149e-05,0.24245379586979476,0.0,9.348304339653677e-05,0.0003523544721528863,2395.0,0.9893765253537341
YGR218W,0.006877228731533368,0.002517022007282223,8.31732094424768e-05,0.2785428723893893,0.00212250105888181,0.0005325971311775987,0.0005940131351914072,323.0,0.989683441032538
YIL156W-B,0.0012735608762098828,3.097163003122233e-05,3.7866558187550097e-06,0.23700161020056054,3.7284532179747635e-05,0.00013822380640956942,0.0004221247256533438,1777.0,0.9894308167949689
YLR268W,0.004839531329597555,0.0013216833704283574,9.249272565240803e-06,0.2477367111974298,0.001295759302792553,0.00039373752386950866,0.00056591114314358,407.0,0.9896684255674576
YJR077C,0.001782985226693836,0.00012495199075524517,9.743228108269327e-06,0.24195347205036913,0.00016091109908254655,0.00018470591173536298,0.0004622849241878656,1426.0,0.9894791032249907
YMR145C,0.0007641365257259297,4.836940720848744e-06,2.8673527227639967e-06,0.23011177498221858,5.451449912710862e-06,9.892076257422929e-05,0.0003432180709547479,2349.0,0.9893792372288953
YOR075W,0.0020376974019358125,0.00013849175705352447,4.247064921138918e-06,0.23502709164902744,0.00014082314703040482,0.00021972448166215834,0.000463133311213648,1233.0,0.9895072053268754
YPL063W,0.0025471217524197657,0.00039580283571681195,6.10719762437623e-05,0.2628720304830851,0.00043018351490211573,0.00022142224611184258,0.0005168799841404618,1092.0,0.9895316216803273
YBR122C,0.015282730514518594,0.0009728446317737168,0.0047880596812564635,0.2783362382110589,0.0010109144563984944,0.0004864369677774716,0.0006225252468850457,1692.0,0.9894398878387596
YBL038W,0.019612837493632195,0.0031057298301611835,0.005275043289411707,0.2972801276511428,0.002593999983093755,0.0006892681389836954,0.0006299046147856022,3496.0,0.9890508207384393
YDR041W,0.014009169638308712,0.004070647806047929,0.00022288661972717834,0.28404667204823025,0.003996596052231838,0.0006016610071476901,0.0006171395895437985,2195.0,0.9893867051855663
YCR071C,0.016046867040244522,0.00023382391493905068,0.004950347732006612,0.2824217155502502,0.00015912883836406298,0.00048252732995584103,0.0006238815072318657,2280.0,0.9893821801707225
YDR116C,0.01553744268976057,0.00010608865987893184,0.00484846027010014,0.2788119559400367,7.083967875715362e-05,0.00046063359416732223,0.0006228708161464549,1952.5,0.9894103145172076
YDR322W,0.017320427916454405,0.0017121077301970483,0.005106431689674092,0.28601711320971746,0.0015140602022061947,0.0005439665473596065,0.0006260909006350718,3440.0,0.9892685556094476
YDR296W,0.015792154865002548,0.00020409210982556285,0.004925995845683792,0.28223051685610606,0.0001383433790399848,0.00047279811411743715,0.0006234311550340566,2017.0,0.9894055278946853
YEL050C,0.015792154865002548,0.0003185972011981361,0.0048494890659356304,0.2803326726752147,0.00028843473072483737,0.00048111913911040333,0.0006233220916811291,2063.0,0.9893982696987508
YDR462W,0.01553744268976057,6.401317139024294e-05,0.004894412697713231,0.2765717596259084,4.25692861719553e-05,0.00045840060603217917,0.0006228853746267629,2082.5,0.9893960606946803
YLR312W-A,0.015028018339276618,0.0008159512121918208,0.0034246788010389075,0.27166551959199725,0.0008255135427241994,0.0004970129161139987,0.0006214281531623174,1687.0,0.9894400383125223
YNL047C,0.0005094243504839531,3.405957745318678e-05,1.3753271354394374e-06,0.2092216857795725,4.5314799780333764e-05,0.00010301685254083965,0.00023483703745661398,2539.0,0.9893583350782341
YNR039C,0.0025471217524197657,0.0008160963830971667,6.84797592133434e-05,0.24085071839036293,0.0008959667866312595,0.00021900040704854842,0.0005013141008226289,996.0,0.9895502530559919
YFR033C,0.00738665308201732,0.0005324194716350819,0.0007343026847192705,0.24635407032731935,0.0005267811630940559,0.00037761335206223554,0.0005895323990159859,52.0,0.9897437456673299
Q0250,0.006877228731533368,0.0005479140877095984,0.0007453171011291273,0.25380318548908026,0.0005562150903971531,0.000354804275835278,0.0005863559565111097,56.0,0.9897421339213145
YLR298C,0.004839531329597555,0.0006730650200939903,0.00021927775809109688,0.238235601694398,0.0006393502663609352,0.0002335884904042767,0.0005622505549792034,318.0,0.9896842353182662
YGL191W,0.007641365257259297,0.00011113897123201443,0.0007946490700201727,0.24559615703901774,0.00012612979249753084,0.0003935191421662169,0.0005898605008965817,62.0,0.9897395098325522
YGL187C,0.011207335710646969,0.001334976327161937,0.008018749598703653,0.2651195937736768,0.0012449667856120124,0.0005307207976658535,0.0006086452330326864,1006.0,0.9895492069048372
YHR001W-A,0.0056036678553234845,2.6027680475021942e-05,0.0016366023539182244,0.24150183387519786,3.1570536053483826e-05,0.00028351330601699364,0.0005750258871218703,43.0,0.9897498517959241
YGR132C,0.008405501782985226,0.0018980667758568064,0.002044241522304152,0.25956226157627627,0.001906867339614137,0.00048205084076564106,0.0005954526591453925,28.0,0.9897573629910346
YIL111W,0.0056036678553234845,2.4057104264860956e-05,0.000682282513805152,0.2435080796394778,2.6132296402914602e-05,0.0002901905894326373,0.0005741344592620508,128.0,0.989717611566338
YHR051W,0.011207335710646969,0.002095842158469472,0.0021772368278285357,0.26359227842384947,0.0021577227356965796,0.000641751972711559,0.0006060710890194842,408.0,0.9896682727665773
YKR016W,0.010443199184921039,0.0013112596288181498,0.004215028668338073,0.26579572762008175,0.0011815804998846248,0.0005594954760527601,0.0006057451089507284,71.0,0.9897331836216605
YJL166W,0.00815078960774325,0.00032526089394561703,0.0018483880347112014,0.25593263922817694,0.00034373880010024247,0.00042072294520902607,0.0005942497180859876,13.0,0.98977077722136
YLR356W,0.009169638308711156,0.0008312045515633096,0.002566614443272177,0.2646334102895383,0.0009104264923670071,0.0004940198815771911,0.0006000602501992205,11.0,0.9897727851834545
YLR038C,0.008660213958227202,0.0002492779045987068,0.0020905800443130947,0.25534044447291915,0.00025913635882025365,0.0004362977985938885,0.0005960390784634783,16.0,0.9897662060262961
YNL052W,0.00815078960774325,0.0018088201298331519,0.0008335998792465264,0.26556996680953243,0.0019350420540736489,0.00043484386625069105,0.0005939303645529986,86.0,0.9897284044738829
YMR089C,0.006113092205807438,0.00013180366403242304,0.0006741571384256163,0.25152326145237475,0.00012441405128309877,0.0003260005324171324,0.0005804203360807262,94.0,0.9897258376885957
YNR018W,0.00815078960774325,5.688469227871198e-05,0.0007989284292391737,0.2476712978470575,5.812310180665088e-05,0.00041196242331122774,0.0005938850329757104,74.0,0.9897325340852077
YNL055C,0.010188487009679063,0.002420179502544298,0.0009036046188171045,0.2700620809821546,0.002265652744119931,0.000542613009052358,0.0006065404040134448,352.0,0.9896783775572023
YPR191W,0.010697911360163015,0.0006057771979166523,0.004267294392426414,0.26162558336831976,0.0004915961851906539,0.0005299899913591041,0.0006067953799604345,142.0,0.9897151152115151
YOR065W,0.004584819154355578,7.243899329043723e-05,0.0005880552934592519,0.23800891214698516,8.24354720113175e-05,0.0002575312786433981,0.0005611700499754313,308.0,0.9896870896433759
YDR529C,0.00967906265919511,0.0020281440904124297,0.001878363276712306,0.2631855002164053,0.0021195175792061666,0.0005146762626944282,0.0006020925950476166,104.0,0.9897228040267503
YCL057C-A,0.002292409577177789,3.784340197956178e-05,0.001235463770182617,0.2391314525866841,4.300738447603951e-05,0.0001394978875768732,0.000502093792941815,888.0,0.9895700667522425
YEL024W,0.00967906265919511,0.0015189599337286,0.007263704845752049,0.27099837422066264,0.0013630911995274387,0.0004572452040755774,0.0006042803644461278,422.0,0.9896653315474205
YDL067C,0.0010188487009679063,0.0,0.0001760130358487713,0.2226161440064717,0.0,8.384339579959764e-05,0.00039299344277597806,1870.0,0.989418395548045
YGR012W,0.0058583800305654615,0.0004483976555464337,0.0005664118942530999,0.25259004248586736,0.0004341369458501722,0.00031261117518346904,0.0005793966162334249,116.0,0.9897197952604612
YGR231C,0.007641365257259297,0.0019801818558451314,0.000721547894105398,0.2662106209085479,0.002083965341468676,0.0004252393234357607,0.0005928204858605829,112.0,0.9897210958960379
YHR003C,0.004839531329597555,0.0018186363989512286,0.001670177000392406,0.26585222781018025,0.0018277391246060213,0.0002991751529358539,0.0005694355227219348,236.0,0.9896998340017592
YJL207C,0.0038206826286296485,0.0030298784900068564,3.161286604564996e-05,0.2454515563970348,0.0032453427091632607,0.0005713957926450238,0.0005037106079713716,1039.0,0.9895435152796153
YMR203W,0.00815078960774325,0.0012532590484756667,0.0006995894077836833,0.2734275244924263,0.0011509212471237473,0.0004675561675609605,0.0005984149997849361,60.0,0.9897401425150182
YER017C,0.006622516556291391,0.00010982255308440571,0.000700066156406707,0.24916804961383143,0.00010628281047775314,0.0003450277913141065,0.0005844960842947878,69.0,0.9897345130893256
YBL030C,0.0038206826286296485,5.72852937091381e-05,0.0031421638768908983,0.2452269602016388,7.324518391432793e-05,0.0001971338731022365,0.000551504913511654,266.0,0.9896958035307737
YPL078C,0.013245033112582781,0.0023109107143083943,0.0008375226156345126,0.25781436755892767,0.0022537466318664147,0.000764570248202445,0.0006120961073158731,1504.0,0.9894687432072639
YKL016C,0.005094243504839531,5.2861858571813614e-05,0.00039996572276050364,0.2459019852592131,5.543806271297097e-05,0.0002882258133488037,0.0005668911215393391,289.0,0.9896908504064686
Q0045,0.0038206826286296485,0.0003484000148843788,0.002809426722380173,0.24786764161227942,0.0003655802114725514,0.00019883232272861163,0.0005511506187793105,255.0,0.989697333230608
YOR271C,0.0020376974019358125,0.0001475057550807682,0.00017057651084707984,0.23939083079723564,0.00015952362570911618,0.00014242413478999686,0.0004882182299848994,1225.0,0.9895086167450221
YBR039W,0.009424350483953133,0.00041554199885253374,0.0007260152257932066,0.24976517714585764,0.0004143522575936974,0.0005090212884721519,0.0005990516711743569,196.0,0.9897063298959344
Q0085,0.0033112582781456954,1.899012900043283e-06,6.402304759545027e-05,0.23853852699377417,2.060529509848681e-06,0.00020512037419589426,0.0005310818286734715,766.0,0.9895947989701462
YDL004W,0.0033112582781456954,2.004396875018995e-06,6.399641467424542e-05,0.23853852699377417,2.2112319460705796e-06,0.0002056256938962689,0.000531145751071594,765.0,0.9895948264090152
YDR298C,0.009933774834437087,0.0006952708233384997,0.0007647606217713194,0.25705484318204125,0.0007407861946140352,0.0005258235469135143,0.000602321126886945,237.0,0.9896997645092198
YDL181W,0.0033112582781456954,0.0006220192144898647,0.00011441859675322072,0.24878804396824308,0.0006881834572247378,0.0002085079610274558,0.0005357457956886908,760.0,0.9895965347730481
YDR322C-A,0.0020376974019358125,0.0,5.0022925459935455e-05,0.23229151133513334,0.0,0.00013951402685768267,0.0004837952167757061,1256.0,0.9895044818530696
YFR011C,0.002292409577177789,0.00024122880858213505,0.000111771353551199,0.2434922766620205,0.00026569870978007903,0.00017448900951998905,0.000495291874880331,1120.0,0.9895260665989346
YJR121W,0.011462047885888945,0.0032056207611961068,0.0005846628767474936,0.28056326112952024,0.0032022288954924546,0.0006582617105675074,0.0006131164231551362,755.0,0.9895972285754808
YKR049C,0.0005094243504839531,0.0,2.132072544441248e-05,0.20461212254376798,0.0,6.236371503402434e-05,0.0002836446038081826,2560.0,0.9893576577186804
YLR295C,0.004330106979113601,0.0009515715883085908,0.00012634708455692268,0.26057174047399634,0.0010793903613289383,0.0002733420584929403,0.0005526100611155356,537.0,0.9896424625521525
YML081C-A,0.0033112582781456954,2.46926582208667e-06,6.314863994047533e-05,0.23659808873029853,2.9532990199286523e-06,0.0002062405976573607,0.0005305557422175508,759.0,0.9895965661658642
YMR003W,0.001782985226693836,0.0,4.916178452137744e-05,0.23227713063115668,0.0,0.0001260426211771389,0.000469111984977394,1405.0,0.9894818178339577
YNL131W,0.00738665308201732,0.0009324282199597164,0.0006471240362833767,0.2662672976428269,0.0008879715036299567,0.0004124220888037562,0.0005941858994227426,61.0,0.9897396999870307
YOL077W-A,0.0028018339276617422,0.0,6.161458653893981e-05,0.23656825290574235,0.0,0.0001777452378854218,0.0005168444091817046,928.0,0.9895619490293279
YPR020W,0.004075394803871625,1.5554686351331655e-05,8.197754096552879e-05,0.2397732931419398,2.294469389151654e-05,0.0002485915305131323,0.0005468545770395649,556.0,0.9896382747542561
YPL271W,0.0058583800305654615,0.0011804259825322107,0.00038604570635478934,0.26553237728839874,0.0010984831764901154,0.0003409957638025972,0.0005809223699394071,208.0,0.9897046033582289
YDL174C,0.00815078960774325,0.001614437856679866,0.000850975996394179,0.265739251440263,0.0016758434485299337,0.00043291502876429484,0.0005963996713187167,67.0,0.9897353581021282
YHR079C,0.012480896586856851,0.016210571171934446,0.0026327806451675235,0.2879045803472279,0.01652278839009172,0.0013532211229968125,0.0006103377624328229,3653.0,0.9868444082452023
YIL077C,0.0015282730514518594,0.0004744915925676181,4.068056544786236e-05,0.25071650458303196,0.00048080060448082063,0.00014457138998374083,0.00045102977969705863,1597.0,0.9894552006814213
YLR090W,0.004330106979113601,0.0038553165038828865,0.0022098238910927266,0.28041647915434037,0.004294974979424389,0.00035785618398586315,0.0005612992883742259,947.0,0.9895595008951629
YAL010C,0.00891492613346918,0.016399018995770086,0.00018987187714135725,0.2795598309429308,0.016840342528392116,0.00119557580688597,0.0005894861178521329,3657.0,0.9865940223411847
YER154W,0.0015282730514518594,0.0,0.00019560810325382788,0.2281527814585025,0.0,0.00010546098570168566,0.0004508752201666562,1511.0,0.9894680834383484
YKL027W,0.003565970453387672,0.0017529115246082193,0.00037877236710539733,0.2675775560608382,0.0018446594029488312,0.00024641767767295494,0.000547116825213643,771.0,0.9895943670355917
YDR430C,0.00815078960774325,0.0007903100384913772,0.0018338343977417316,0.2690936305734113,0.0007717035101353957,0.0005322662764737616,0.0005992643209572264,6.0,0.9897787457241509
YHR147C,0.015028018339276618,0.0013984933006968205,0.003369650924461694,0.276144291682128,0.0014729049656308658,0.0005067154869803029,0.0006222121778477883,1576.0,0.9894579784740456
YGR207C,0.00738665308201732,0.0014592622688407331,0.0003344946695745815,0.26634290417300166,0.0014708164439639247,0.000488469872249862,0.0005941151027240792,101.0,0.9897237056196125
YJR080C,0.001782985226693836,0.0015442600294020387,2.4670184899197528e-05,0.26168032438869254,0.0016313492025448013,0.00019607537966415435,0.00046269344055935074,1541.0,0.9894628627411421
YJR045C,0.01477330616403464,0.004777520846822585,0.003441348983312308,0.28052130774467837,0.0044866637938617455,0.000987583965700655,0.0006213021454051885,2842.0,0.9893406313695324
YLR355C,0.007896077432501274,0.0007869102069611213,0.0002978406404663066,0.26702530005587316,0.0007629367090883745,0.0004907055126194387,0.0006003136147641141,85.0,0.9897285965858934
YMR083W,0.009424350483953133,0.001245704208623443,0.0019201035896999287,0.2768983388254667,0.0012143889751136117,0.0005766296958009297,0.0006073158473788083,19.0,0.9897643794771672
YOR125C,0.007896077432501274,0.00042732318830320144,0.0003568385803639698,0.2649323888635132,0.000460655897940475,0.0005127706426827993,0.0005971066689769577,77.0,0.989730642140033
YMR241W,0.0033112582781456954,0.0012789923576482759,0.0004188885887858217,0.2648388855145813,0.0012645548905312841,0.00023023025695887608,0.0005403308490714738,775.0,0.9895939729099438
YLR259C,0.012480896586856851,0.00916755438982242,0.00332621288828144,0.2889021707157214,0.009060003496796141,0.0009292565973172593,0.0006164926708935994,3530.0,0.9888916371279057
YCL044C,0.002292409577177789,0.0010604593056618003,0.00010556628705683633,0.2557233159136501,0.0011108974218281998,0.0002128926112703456,0.0004969471768902146,1163.0,0.9895197934490209
YGL153W,0.0038206826286296485,0.0029609264814064807,0.00012382785572733908,0.26268798509312286,0.0030598920001748977,0.000475733398705233,0.0005127815035414695,984.0,0.9895529187635035
YKL148C,0.0038206826286296485,0.0008177738604691996,0.0002570765915480471,0.2568788505466982,0.0008361795710861747,0.0003072544346378528,0.0005464558624129726,588.0,0.9896294514174802
YIL125W,0.006877228731533368,0.002179029194906986,0.0003380873336108276,0.2712334628124828,0.0022651099148165792,0.00045526451881953826,0.000591051995413162,263.0,0.9896961952871544
YLL041C,0.0028018339276617422,0.0007034865643171369,5.642556771636098e-05,0.2349535031050832,0.0007543166912024421,0.00029759510862819086,0.0004987203512333214,847.0,0.9895773540840654
YPL132W,0.00025471217524197657,0.0,1.1420631591378866e-05,0.20402243018407146,0.0,5.068704153816053e-05,0.00018279094971452312,3151.0,0.9893234496763681
YDR075W,0.0007641365257259297,0.00011097075211321421,1.7243134075975805e-08,0.1723539203034165,0.00015288405850331818,0.00022904671275360888,0.00018922538799183002,1852.0,0.989420587757356
YNL201C,0.0012735608762098828,0.0015921620314149547,2.0506842483309541e-07,0.1898963706389854,0.0015796198916101342,0.00037202353344201146,0.00021898541331823854,1607.0,0.9894538916097374
YOR390W;YPL279C,0.0005094243504839531,0.0004264373792863747,1.0561551842076707e-06,0.2000411863449069,0.00046002027632657604,0.00012989309648105428,0.00021026547837316541,2437.0,0.989369776768003
YBL046W,0.0005094243504839531,0.0,3.0316842724014284e-09,0.16090455832768993,0.0,0.00016723352409314118,0.00015843972938717993,2277.0,0.9893824209978509
YBL047C,0.0007641365257259297,6.797875967873346e-05,6.403319450909312e-05,0.21434943390568292,8.642050655520408e-05,9.956132924433656e-05,0.0003220414841546746,2129.0,0.9893910742359214
YCR030C,0.0025471217524197657,0.0009709635705348534,0.004439068113639413,0.2571781815809907,0.0010518032331923452,0.0001763802287423246,0.0005147414694995819,735.0,0.989601908995627
YHR047C,0.00025471217524197657,0.0,2.7964964374004243e-09,0.159015574955926,0.0,0.00010217965435331411,0.00011899783542152642,2860.5,0.9893370515138745
YBL051C,0.0005094243504839531,8.842739543205727e-05,4.152769337592606e-05,0.248129918066601,8.318784213382962e-05,8.038110680379781e-05,0.00028666658633244644,2796.0,0.989349141480529
YLR064W,0.011462047885888945,0.014495771768939082,0.0020076464297271064,0.2878604028759455,0.014967694267412925,0.0013929744738689044,0.0006035758270835532,3635.0,0.9874480112674422
YBL055C,0.0005094243504839531,5.1744521349396615e-05,1.2060260065180079e-05,0.22313247047785156,5.561293585249759e-05,9.959499165655387e-05,0.0002803517138235948,2632.0,0.9893547662414981
YMR198W,0.008660213958227202,0.010969321781359653,0.00016391106742535798,0.2683430475672346,0.011223170368567424,0.0013540022394855097,0.0005762993437654151,3601.0,0.9882865946222816
YDR207C,0.0010188487009679063,0.0002828278004377839,5.407701482184696e-06,0.22843059306454025,0.0002986108968093804,0.00014754813660135466,0.00038242048725929407,1902.0,0.9894152680508733
YNL007C,0.008660213958227202,0.005910074254328241,0.000607630451017446,0.2908505807042693,0.00605238251476719,0.0007947463237008871,0.0005993522558180387,1697.0,0.9894393171280919
YPR018W,0.0012735608762098828,0.00012939709846898628,1.853002338924377e-05,0.23196120501298756,0.00014795097992543782,0.00018145679914330194,0.00039492645292357894,1705.0,0.9894389963560897
YNL091W,0.011462047885888945,0.003894218412888988,0.03743736748876512,0.2790815598843405,0.0036501135353553403,0.00042905655034764087,0.0006165804805994682,3704.0,0.9824324772297856
YBL056W,0.0007641365257259297,0.00016988610163299597,3.081678943028147e-06,0.2143984280620042,0.00021059762148817177,0.00015979705165863593,0.0002806820589652358,2102.0,0.9893932983096699
YGL210W,0.006113092205807438,0.005586599119433492,0.0002216552004477093,0.265739251440263,0.00584931312735273,0.0008277031462502546,0.0005660406287198473,2319.0,0.989380942544835
YDR071C,0.0015282730514518594,0.0010839756093480224,4.208264147065897e-06,0.23016824066530114,0.0010764017256352115,0.0002777204276525869,0.0003631147389274235,1488.0,0.989470585710811
YGR205W,0.0005094243504839531,0.0,9.941565232580243e-08,0.19140763652102205,0.0,0.00012294856675406886,0.00021561778591860833,2458.0,0.9893649045107813
YBL057C,0.00025471217524197657,0.0,4.6709637656443235e-05,0.21260043580491125,0.0,4.531794277591627e-05,0.0001836143816478181,3137.0,0.9893236606652905
YDL126C,0.009933774834437087,0.015031409950190078,4.573032382601584e-05,0.28316773517623195,0.015212425012248352,0.00130102666645976,0.0005894455721191003,3644.0,0.9872100248207666
YBR273C,0.00025471217524197657,0.0,6.239708002558474e-07,0.21958052853544063,0.0,6.65493386294264e-05,0.00018071713872262212,3301.0,0.9893210390663044
YBR179C,0.0007641365257259297,0.0003363773918883302,6.895002594469897e-05,0.256773370591642,0.0003083214118634998,0.00011267426740435402,0.00035177779085013484,2346.0,0.9893793264513061
YDL091C,0.0010188487009679063,0.001493619216654607,6.243195859909991e-07,0.21965766003659468,0.001493619216654607,0.0003574809129731827,0.000180913303530047,1877.0,0.9894178200429394
YBR280C,0.0010188487009679063,5.200567973483658e-06,2.308798022436982e-06,0.2274474109532659,8.630207869122911e-06,0.0001593917028817798,0.0003708803435121731,1945.0,0.9894107924968938
YDR049W,0.0005094243504839531,0.00023273364958489469,2.8000885191195726e-05,0.23805421553740716,0.0002627255212479648,9.309553421715989e-05,0.0002840419969790255,2634.0,0.9893546427895524
YDL132W,0.004584819154355578,0.0027070427269824445,4.8136118299171784e-05,0.2514389821126574,0.002791021317998004,0.0006422691545598488,0.0005319565490445511,683.0,0.9896101978479316
YDR328C,0.004839531329597555,0.0033498718999790175,7.409726675057122e-05,0.26388890779892205,0.003550457269687772,0.000557354859247679,0.0005586132322744546,894.0,0.9895687806590886
YDR057W,0.0015282730514518594,0.000258099584159673,1.7927205618859536e-06,0.23134618886947056,0.00026079254445451417,0.00025116936954519824,0.00039047582076102955,1508.0,0.9894685710275485
YER065C,0.00025471217524197657,0.0,6.239708002558474e-07,0.21958052853544063,0.0,6.65493386294264e-05,0.00018071713872262236,3301.0,0.9893210390663044
YDR330W,0.0020376974019358125,0.0009046454633800757,1.2132935559956615e-05,0.25412980839102367,0.0009003349088076948,0.0003034060889930123,0.0004523686035515518,1272.0,0.9895024259655955
YFL044C,0.00025471217524197657,0.0,6.239708002558474e-07,0.21958052853544063,0.0,6.65493386294264e-05,0.0001807171387226223,3301.0,0.9893210390663044
YER100W,0.00025471217524197657,0.0,6.239708002558474e-07,0.21958052853544063,0.0,6.65493386294264e-05,0.00018071713872262242,3301.0,0.9893210390663044
YGR048W,0.0025471217524197657,0.0009987371568208078,1.3173377639281329e-05,0.25586282672429583,0.001034085621150504,0.0003479057959600688,0.0004891574665846321,1056.0,0.9895409240862886
YIL030C,0.00025471217524197657,0.0,6.239708002558474e-07,0.21958052853544063,0.0,6.65493386294264e-05,0.0001807171387226225,3301.0,0.9893210390663044
YGR119C,0.0033112582781456954,0.0008101562986242911,8.31175096063305e-06,0.24004942361388829,0.0008929601614495411,0.0003142566234515989,0.0005201163269335268,722.0,0.9896036431491212
YJR092W,0.0028018339276617422,0.000715319114541797,6.861124172427769e-06,0.24161069554286008,0.0007755999160313115,0.0003422645250977888,0.0004900062861025934,880.0,0.9895710942667252
YJR090C,0.0005094243504839531,0.0,1.2804184303632795e-06,0.22309266803930752,0.0,9.702419696999728e-05,0.00027754390850469264,2690.0,0.9893527107215736
YLL039C;YLR167W,0.001782985226693836,0.0003730115292850726,0.0004987911692900732,0.24455563101845088,0.0004008934879584178,0.00016096564840408176,0.00046947846452309036,1268.0,0.9895028551009651
YKL100C,0.00815078960774325,0.0029663274562785205,1.5971023211030672e-05,0.2585071304316573,0.0030325287413098465,0.0005952775009745364,0.0005969613444507836,540.0,0.989641462384442
YLR207W,0.001782985226693836,0.0012538457285960773,1.7930499853135273e-06,0.23137472194653885,0.0012565386888909208,0.0003216882075754721,0.0003905629667010188,1347.0,0.9894918798755568
YLR088W,0.003565970453387672,0.0024682294939539634,5.759609381126564e-05,0.2518778525164523,0.002613599840072354,0.0004140807636595508,0.0005283491076146186,918.0,0.9895640089679447
YML029W,0.0012735608762098828,8.936974882780324e-06,1.6280303325183584e-06,0.2265957537797484,1.270966068844091e-05,0.000208060982435173,0.00037849785860145474,1689.0,0.9894399229656097
YML013W,0.0010188487009679063,7.8694078240996e-06,9.82666864777703e-07,0.2253436931582627,7.265229040090017e-06,0.0001622042525406402,0.0003650728506202582,1936.0,0.9894119628082446
YMR067C,0.0007641365257259297,0.00017002401799431544,1.6153076364297896e-06,0.23685199741715005,0.00018990023540427136,0.00010560861547127664,0.00034648834029312,2324.0,0.9893806213663843
YML088W,0.0012735608762098828,0.00012311968330961596,0.00027761037019680466,0.23814487407712306,0.0001383981685495823,0.00014242737781209366,0.0004234452945110032,1664.0,0.9894462862636089
YMR119W,0.0007641365257259297,0.00024910946261519535,1.772532440539771e-05,0.24446002678427636,0.00028047189665317724,0.00012595880329385365,0.00033249997553657306,2317.0,0.989381031255156
YNL141W,0.0007641365257259297,0.0,1.3119097329932112e-06,0.223105933940957,0.0,0.00013102999433414677,0.00032649423118041583,2253.0,0.9893835904164453
YNL085W,0.009424350483953133,0.00498650988293968,0.00017701157312086086,0.2927569047351025,0.004972959550546131,0.0007371592622488835,0.0006080549617544507,1119.0,0.9895261189070057
YOR375C,0.0053489556800815075,0.0014688109792069166,5.852886742975459e-05,0.2616438278302004,0.001469478255816143,0.00042390605476052624,0.0005745333349580157,358.0,0.9896770559649019
YOL013C,0.0015282730514518594,0.0011137624332144191,6.902116790502474e-05,0.2568788505466982,0.0010862547857309337,0.00022330462465816053,0.00042360801970524147,1592.0,0.9894558387919556
YOR157C,0.011971472236372899,0.00234678162154133,0.0003177791366914757,0.27021768030861176,0.00242149524344475,0.0005712621200556073,0.0006099475326150657,865.0,0.9895737468648744
YBL058W,0.0010188487009679063,0.0,1.1675636805038063e-06,0.22783413232238728,0.0,0.00015350868549450058,0.0003708682449580909,1960.0,0.9894100418256285
YBR170C,0.001782985226693836,0.0003148831242097265,1.1496319676169746e-05,0.2531524519995327,0.00031068573173137395,0.00024939088218821527,0.0004456464640111417,1433.0,0.9894775550112559
YBR056W,0.00025471217524197657,0.0,1.6548675539646488e-07,0.20170810661174526,0.0,7.054181519147497e-05,0.00016535521628247224,3091.0,0.9893243750599088
YHR132W-A,0.0007641365257259297,0.0001700377918697822,3.9145633004846374e-05,0.21750565165710573,0.00018729041295065528,0.00012697619815474608,0.00029743789543456537,2122.0,0.9893918746257112
YOR048C,0.0010188487009679063,0.0006053850947006684,0.0006740870869878593,0.23269489525459403,0.0006360409215618128,0.00014920042355885075,0.0003288860164579512,1649.0,0.9894478538204307
YBL059C-A,0.0005094243504839531,1.8260227618499066e-05,9.648809513488125e-07,0.19937151235905595,2.6560545018280534e-05,0.00010705410342972305,0.0002454930412713223,2492.0,0.9893615992598398
YBL063W,0.003056546102903719,0.0010408864086078283,3.4182483345692395e-05,0.25965207550761754,0.0008731517352280555,0.00026194112277742307,0.0005356525892814157,892.0,0.9895697221823109
YBL036C,0.010952623535404993,0.004016249679906546,0.00014664473467583091,0.2789985493073374,0.0038411651699619353,0.0008918623450552831,0.0006097752689932481,978.0,0.9895545979583359
YDR036C,0.012990320937340805,0.0063362866214747345,0.00020548032450542103,0.28045840118740273,0.006449067200503559,0.0007104250418478097,0.0006119987781648525,3471.0,0.9891829117671825
YER136W,0.010188487009679063,0.004003672661739717,8.182158173105259e-05,0.2729104226858506,0.004032424054164311,0.0009006675601454982,0.0006055892717679506,964.0,0.9895570226952577
YDR304C,0.00967906265919511,0.0012529590695262356,0.0001798366428274012,0.2794765356487951,0.0010431419377464112,0.0007287093144487854,0.0006064272079204402,168.0,0.9897114913073716
YBL060W,0.0005094243504839531,6.403345585283816e-05,5.428254500055004e-05,0.24017235252112878,7.734031811140733e-05,9.832938948715053e-05,0.0002583057417681079,2699.0,0.9893524292303058
YBL064C,0.0010188487009679063,9.17855172408149e-07,3.77489240050021e-05,0.22526251747628925,6.806103513767171e-07,9.788008669347092e-05,0.0003923489230714934,1954.0,0.9894103054926904
YPL059W,0.006877228731533368,0.0015820922753893862,0.0017873693792734824,0.26327783952600337,0.001556423092157471,0.0005026296345361792,0.0005882017526395056,15.0,0.9897673989910749
YJR016C,0.00891492613346918,0.0005944473296971399,0.00039908504059520746,0.2639631694867788,0.0005491577078511654,0.000566702510981395,0.0006035992635564599,105.0,0.9897225856396429
YOR108W,0.0005094243504839531,5.787500105795434e-05,3.2141208921202464e-05,0.2395130859294653,6.506238906537006e-05,7.459882467252275e-05,0.00027981871446608605,2767.0,0.9893500469706765
YER080W,0.001782985226693836,0.00046443889623379536,7.892116740746285e-05,0.26266959472732243,0.00044398211825829264,0.0001560423562352008,0.00047773626379663366,1475.0,0.9894718278383723
YER170W,0.0058583800305654615,4.631742054112244e-05,0.0002859765396920199,0.25514943836008663,4.323865926748798e-05,0.00037447810263579334,0.0005824138113308815,220.0,0.9897030513520888
YML107C,0.01706571574121243,0.02875856616436976,0.0013658397008278114,0.3029204336416174,0.02891358634863045,0.0020812463539182785,0.0006204379139226147,3713.0,0.9811316294772702
YAL044W-A,0.0005094243504839531,1.7587423042422114e-05,2.4998155842046394e-05,0.21774548726626858,2.9732420347686447e-05,8.484672242402424e-05,0.00027187022647295813,2608.0,0.9893555633875416
YGR244C,0.0015282730514518594,0.001185014414674322,2.8273195392727116e-05,0.22788948561012354,0.0012064803911576744,0.00026725503211472265,0.0003905148475898898,1486.0,0.9894706355552914
YAL046C,0.00025471217524197657,0.0,2.4372674549487864e-05,0.20742881971943133,0.0,5.404913858816275e-05,0.00018060005283704992,3131.0,0.9893238061751376
YDR148C,0.003056546102903719,0.000250151778715778,0.00017905703111229006,0.25799164485216763,0.00025914680800937255,0.00023232714356932765,0.0005320267950822803,864.0,0.9895738049587889
YGR193C,0.0028018339276617422,0.0010671568343353162,0.0002188402639958915,0.2598858828762952,0.0010992962874833748,0.00020880160594067803,0.000524976257916528,959.0,0.9895581389842107
YHL021C,0.00738665308201732,0.0004346441637389507,0.0003720345143384414,0.2648201927643333,0.000372021617033567,0.00047604053429863913,0.0005952556533562302,80.0,0.9897301305661985
YKL085W,0.009933774834437087,0.0029915434004159826,0.0005535300328868423,0.2874193726892197,0.003019397795771455,0.0006764412804173892,0.0006085598671446732,406.0,0.9896685419130481
YLR304C,0.007641365257259297,0.0014837910363765742,0.00037816231109603145,0.27135116012765415,0.0014189779404391474,0.0005273597691371498,0.0005963084805918634,89.0,0.9897274717091176
YNL071W,0.0056036678553234845,0.0034863370663270727,0.0004442897970962876,0.28214562273161936,0.0035787109416478328,0.00040826986339490055,0.0005797043500193974,736.0,0.989601475974658
YOR232W,0.004330106979113601,0.0008528294908304009,0.0017240019482436819,0.2628720304830851,0.0008478657134464897,0.0003338510827784304,0.0005578491763862984,235.0,0.9896999242077925
YPR004C,0.001782985226693836,2.810463476085098e-05,4.977697721781944e-05,0.22800027291474684,5.671712076188592e-05,0.00016000968664609913,0.00046015899363363583,1371.0,0.9894878515799648
YBL068W,0.0005094243504839531,0.0,2.607964105806661e-06,0.21859546091150514,0.0,8.422325212793733e-05,0.00026931360080247616,2668.0,0.9893533686999113
YOL061W,0.0015282730514518594,0.0004120297705106482,6.602740613359051e-05,0.25482019091857333,0.00040171136292270867,0.0001751739631392902,0.0004429247470904734,1599.0,0.9894549364021676
YBL067C,0.0012735608762098828,0.0011289958820714333,3.38231274540285e-05,0.26173508832124687,0.001270464585647958,0.00016873030908592154,0.00041398820438824337,1829.0,0.9894256399222761
YBL071W-A,0.0020376974019358125,0.0007330433474628315,0.0027451872893916734,0.2304934568795352,0.0007289996403446975,0.00019390666847260736,0.00046102654076479515,770.0,0.9895944433628018
YAL020C,0.00025471217524197657,0.0,3.7433393550690015e-05,0.18652609948223087,0.0,5.880775589563827e-05,0.00016649815613674023,2942.0,0.9893292568348845
YGR200C,0.016046867040244522,0.002163933550173187,0.07148366206778453,0.27831559165381453,0.0021131498905217687,0.0004882947587021525,0.0006268084301398868,3763.0,0.9614109686778634
YER055C,0.0028018339276617422,0.0009679176687847979,0.00011042397897861658,0.25296470409149635,0.0010329285917593887,0.00023253993693528945,0.0005220323818413286,938.0,0.9895602749844823
YKL110C,0.0012735608762098828,4.4377854654695626e-05,0.0027906768969615365,0.23414706010266312,6.385042730963061e-05,9.521312197443508e-05,0.00042721927432334676,1210.0,0.9895106343249144
YIL103W,0.0010188487009679063,1.5020908477232524e-05,3.9400085997124876e-05,0.21498810973441862,1.6774240699262024e-05,0.00012091758319092022,0.00037542523728124514,1878.0,0.9894175972970256
YLR384C,0.017320427916454405,0.0008217288679114023,0.078391776079223,0.2713904152683598,0.0007284071707382561,0.0004855955291483122,0.0006285030290965019,3783.0,0.9538988650218962
YKL191W,0.0012735608762098828,0.0002922692258530535,4.0931581613047096e-05,0.23161753756929895,0.0003240297153807985,0.00015397361014421216,0.00041178092503940406,1682.0,0.9894416868896501
YPL086C,0.010697911360163015,0.0008075489410890096,0.048424334976453084,0.26446553119652316,0.0007483998256058653,0.0003545846882604429,0.0006142341755714354,3733.0,0.9757547651063369
YBL072C,0.012226184411614875,4.494019513599026e-05,0.02123523213747831,0.2557756146352903,3.876174221685936e-05,0.00031745469305759287,0.0006176343691624524,3645.0,0.9871756539674725
YBR084W,0.030820173204279166,0.001965482278203519,0.11840265716356932,0.28977235797691336,0.0018295192398072007,0.0007760184619888804,0.0006389020865992571,3823.0,0.9189217888718055
YBL072C;YER102W,0.009169638308711156,3.053768225951076e-05,0.016493803355035502,0.2550627118344714,2.7520741910940456e-05,0.000243689032080256,0.0006075399906307871,3592.0,0.9884246368852861
YCR031C,0.016811003565970453,0.00017021283144984673,0.03224219953681924,0.26992607849532907,0.00014111734859234787,0.0004274468962178628,0.0006265313876300696,3695.0,0.9836838271714784
YBR189W,0.02598064187468161,0.001936826244852067,0.047086479864944755,0.2822729830789252,0.0017239567428978051,0.0006688378075440665,0.0006352830065803626,3729.0,0.9764435567521622
YDL040C,0.012226184411614875,0.00035793007726639,0.019736846908821663,0.25786752516048617,0.0003827174955583641,0.00035293589818870545,0.0006174002483652844,3631.0,0.9876144132890786
YCR047C,0.011716760061130923,0.0020546406379879294,0.020951226587540416,0.27755381647322636,0.0021997548107035698,0.00036686358578388227,0.0006170974978891394,3627.0,0.9877413774519713
YDR025W;YBR048W,0.009169638308711156,7.612510960122541e-05,0.01696263630735815,0.26051746223337546,6.474526344248516e-05,0.00024724388267007984,0.000607671619131176,3594.0,0.9884078113929379
YDL060W,0.015282730514518594,0.0010054420890022594,0.022314906496997806,0.2700620809821546,0.0009760741123330516,0.00044583913669717437,0.000624339642126713,3650.0,0.9870116656418183
YDR117C,0.010952623535404993,0.00011057770619148591,0.019261337380973746,0.25691402979218525,0.00010376694199187232,0.0002971681761926798,0.0006141824498633691,3624.0,0.9877815943251501
YDR064W,0.015282730514518594,9.188475660236114e-05,0.02543632690901607,0.2657016139852046,7.896306413927582e-05,0.00038913334040447897,0.0006238574207939623,3668.0,0.9860025772675624
YER074W;YIL069C,0.00967906265919511,7.826193919385644e-05,0.01767515862023585,0.26055364521424124,6.65522515596189e-05,0.0002580571853890716,0.0006097411521233662,3603.0,0.988250021588073
YDR450W;YML026C,0.008660213958227202,2.745258936806752e-05,0.01597135708105063,0.2550280377300893,2.4242209486438544e-05,0.0002324789474168671,0.000605260318480324,3581.0,0.988538569091393
YGR027C,0.023178807947019868,0.0007877125709895425,0.041772605160297155,0.27745119360238657,0.0006654600799266805,0.0005918997029155091,0.0006329610361800361,3723.0,0.9791630849789881
YGL123W,0.01706571574121243,0.0003681585789496695,0.028310088278584698,0.27673495287542954,0.0003027014304052099,0.00043778478289908474,0.0006266426621651191,3685.0,0.9853329975113946
YGR214W,0.01706571574121243,9.6215673138522e-05,0.026833648778061357,0.26611621328357143,8.149269515058522e-05,0.00042722741696269535,0.0006264544816105082,3684.0,0.985374242026159
YGR118W;YPR132W,0.011462047885888945,0.00025091584438332194,0.026413638531848287,0.2669683002052849,0.00023133571276145882,0.00030297436127423136,0.0006162680867017213,3667.0,0.9860433084484586
YHL015W,0.0163015792154865,0.00013937802296802332,0.02540693553020853,0.2665889222030037,0.00011691514255124106,0.00041481745424413075,0.0006253714796187798,3670.0,0.9859306785119667
YHL013C,0.015028018339276618,0.0024172745081313435,0.02392511055451727,0.2798517558801427,0.0025691568745291387,0.00043724405115721046,0.0006237589645940945,3652.0,0.9868514562653131
YJL136C,0.02139582272032603,0.0004639261520562731,0.03600299142876298,0.27598179412174134,0.00037613522431983586,0.0005379888729859177,0.000631367407228311,3709.0,0.9819030096174604
YHR013C,0.00891492613346918,7.110877575466405e-05,0.015286717591975427,0.24311361958692893,6.454325847578164e-05,0.0002452810535888972,0.0006061918912372004,3584.0,0.9885100899763479
YJR123W,0.014518593988792664,7.030485663682064e-05,0.0248965451901682,0.265739251440263,5.985388410771204e-05,0.0003680215437617823,0.00062255205214745,3664.0,0.9862411854880782
YJL190C;YLR367W,0.009424350483953133,0.00020367356444811263,0.01688723822245564,0.2617716103457109,0.00019277684624472842,0.00025049327481764793,0.000609066966324842,3590.0,0.9884352574253928
YKL156W;YHR021C,0.008660213958227202,3.013886862759052e-05,0.013968917963449911,0.2506327649355427,3.1466546312458325e-05,0.00023352295677186224,0.0006049793564305757,3546.0,0.9888500162099384
YLR048W,0.027254202750891493,0.005174561763765773,0.04900915672842285,0.29076042243374717,0.005199009056210751,0.0007845016953575109,0.0006360417175794536,3731.0,0.9758956791866823
YKR057W,0.012990320937340805,0.0005391004758326655,0.02043682253757499,0.25328917107169874,0.0005358672660785778,0.0003657204359387913,0.0006186748302878389,3641.0,0.987271115144387
YLR287C-A;YOR182C,0.0163015792154865,0.0003455396579797944,0.05829099491164884,0.2697514193029746,0.0002925858952201097,0.0004111054431257124,0.0006272364315221559,3748.0,0.9696303065402864
YLR150W,0.038206826286296486,0.0041426636424683975,0.11750881929355257,0.29261991039502994,0.003909216992490595,0.000968478094444775,0.0006411190865952943,3822.0,0.9193815355504613
YLR419W,0.011207335710646969,0.0009792043955117082,0.022144457574752932,0.26530706343410226,0.0009850849810076959,0.00036049975051666815,0.0006143959960567384,3642.0,0.9872422499832
YLR388W,0.016046867040244522,8.363324334536644e-05,0.02541706542535497,0.2657016139852046,7.025004152252598e-05,0.000404591399769397,0.0006250108148527572,3671.0,0.9859242475323322
YML024W;YDR447C,0.010188487009679063,5.889458300332219e-05,0.01720225784537031,0.258738879462456,5.682709289996918e-05,0.00027146646036032456,0.0006114588948741198,3598.0,0.9883013366261971
YLR441C,0.021141110545084055,0.0003825965164046497,0.036752159264955724,0.2741467551574656,0.0003216456910453495,0.0005312965765539862,0.0006312326980884268,3710.0,0.981508797849029
YMR116C,0.016811003565970453,0.00021403108236533292,0.027396263051950198,0.26849667175361913,0.00017590356235054708,0.000434246469519374,0.0006262138683280246,3686.0,0.985323894200273
YML063W,0.019612837493632195,0.0003253824896713541,0.03303250536229266,0.2678641030259923,0.0003377250432102653,0.0004915048582196137,0.0006296837869684814,3701.0,0.9828744572312577
YMR143W;YDL083C,0.00967906265919511,0.00012553186782971455,0.01772269413749099,0.26184468498046437,0.00010534333166667654,0.0002588541339292025,0.0006097215184167785,3602.0,0.9882605963240438
YNL112W,0.040244523688232295,0.006001008826988213,0.12454236852611014,0.2995826006934744,0.0056857790667773165,0.001047147704243176,0.0006420242382477778,3828.0,0.9146682142913601
YNL096C,0.02215995924605196,0.0006578860128896272,0.039192712999518244,0.2768983388254667,0.000616091557069041,0.0005582108490933611,0.0006322419960129382,3719.0,0.9804806141799078
YNL207W,0.011462047885888945,0.002103463522304022,0.01986950816561128,0.2770414598748485,0.0020662012295513954,0.0003254789512290041,0.0006159876775857812,3615.0,0.987976254187663
YNL178W,0.017320427916454405,0.0008414074915857509,0.030333943428164544,0.27714377981127747,0.0007650264092318436,0.0004710673719161111,0.0006267400055320999,3693.0,0.9846652810029937
YOL040C,0.016811003565970453,0.00033705791432553963,0.028202733596328418,0.27691877563547673,0.0002605749626040241,0.00043007672189275656,0.0006263392371886243,3683.0,0.9854019518786988
YNL302C,0.024197656647987772,0.0008478851806658098,0.04309558180016663,0.2783362382110589,0.0007691626081820346,0.0006228931502181215,0.0006338921418792053,3726.0,0.9784169301757747
YOR096W,0.017320427916454405,0.0004057012736403567,0.028818913032009643,0.27843951696364183,0.0003239091846190735,0.0004430429053469076,0.0006270250082993947,3688.0,0.9852111227675997
YOL121C,0.020631686194600103,0.000271032672971784,0.03499625758818842,0.27041243178991525,0.00022611258504935038,0.0005148710889487644,0.000630649927604658,3707.0,0.982073414417254
YOR198C,0.00891492613346918,0.0021748220700151984,0.013736713866016364,0.27113545968240166,0.00216508722240527,0.00032193440768003487,0.000606334598492197,3498.0,0.9890451033561823
YOR119C,0.013754457463066735,0.00041955455468913836,0.02222116845424799,0.26496980869244874,0.00043051637208778347,0.0003730013159028041,0.0006213349932648384,3649.0,0.9870400518843923
YPL090C;YBR181C,0.00967906265919511,8.839762382659024e-05,0.017434402494796584,0.26055364521424124,7.786133090835038e-05,0.0002593614902237461,0.0006096965005215619,3599.0,0.988299814649388
YOR369C,0.01553744268976057,9.864797038391521e-05,0.024337935282880873,0.26553237728839874,8.044068461383925e-05,0.0003952962593749443,0.0006241992259952741,3663.0,0.98629535495698
YOR133W,0.005094243504839531,0.0009408609368116539,4.708828439178024e-05,0.2563348016045005,0.0008893753753604734,0.00042857692177449014,0.0005671028522865452,349.0,0.9896794496003197
YKR038C,0.015028018339276618,0.019191645188559144,0.00011382761780791167,0.27608333267734175,0.019628348872850608,0.0022985650464714394,0.0006080310152518504,3690.0,0.9849875253323532
YDL075W,0.020122261844116147,0.0004433217604712458,0.08879739371668618,0.27743067813406347,0.0003762629145723029,0.0005231570246770643,0.000631917815823582,3794.0,0.9457690358532854
YJL191W,0.008405501782985226,0.0010902779256286158,0.014952643925401332,0.25459540551571375,0.0010759636561826049,0.00026513782278215315,0.0006042427743845772,3572.0,0.9887338792920308
YIL161W,0.009933774834437087,0.0012688034958345084,0.051842868316409454,0.2830822763758167,0.001146697468756139,0.00029703881669923505,0.0006125439859890358,3732.0,0.9757868875155269
YLR260W,0.004075394803871625,0.00038586416391926713,0.015832667409889204,0.25709007065130013,0.00038024059094710934,0.0001473253575682456,0.000563061687368425,3583.0,0.9885262228149254
YNL073W,0.010697911360163015,0.0021156898026743975,0.01552446260216692,0.27031502097154714,0.002088454274575509,0.0003885466084617285,0.0006139029867197902,3573.0,0.9887246000593447
YNL023C,0.012226184411614875,0.0003999399307622187,0.05411170473822566,0.27356707918957884,0.00034765157882287405,0.0003417010304114849,0.0006195604540377955,3737.0,0.9732536105940703
YOR253W,0.007641365257259297,1.3480638640069567e-06,0.01252997204512698,0.24049564073361154,1.9851448261122683e-06,0.00020688643467822732,0.0005993281772403128,3504.0,0.9890083684962373
YER131W,0.01782985226693836,0.0016192585303864554,0.04023104129335344,0.2768983388254667,0.0015040001453639521,0.00047958717835719865,0.00062835643218881,3718.0,0.980648479955432
YKL032C,0.0005094243504839531,4.8174652742651193e-05,0.0002738421191521646,0.23920768193083036,6.061783505739583e-05,6.274402483309137e-05,0.0002867679749612023,2494.0,0.9893614784314497
YLR264W,0.015282730514518594,0.00014416066238746742,0.027153946507437972,0.26822794474442907,0.00011765091805853997,0.0003956638656298872,0.0006240377215854714,3681.0,0.9855603247675309
YNL050C,0.0010188487009679063,3.077980385796078e-05,0.001710218112423611,0.24624089329166332,2.9877851404147293e-05,6.463163431271249e-05,0.0003992143789036121,1549.0,0.9894613653481121
YOL080C,0.006367804381049414,0.0002441774914010555,0.020299567300087366,0.2685735498271349,0.00022414844343064094,0.00020253712374100315,0.0005925886192129602,3621.0,0.9878266376037396
YPL032C,0.002292409577177789,0.0007754350336525251,0.0006768638793999707,0.2501648547196342,0.0008117093254813131,0.00017969320004661464,0.0005049924581330417,1003.0,0.9895494018241627
YDL061C,0.016811003565970453,0.0009923697095934228,0.027919541610380707,0.2650072390934506,0.001014767024795355,0.00043687701131683745,0.0006262964905453885,3689.0,0.9850082129772719
YPL081W,0.020886398369842078,0.0009449372264135039,0.03946281695342358,0.2812994820126761,0.0009331103546453942,0.0005446506612369127,0.0006314874391134249,3715.0,0.9808989734521522
YKL143W,0.0025471217524197657,0.0008322278752062053,0.001574476611185899,0.27501081075167294,0.0008597223706557315,0.00016021674589735508,0.0005176250807982109,861.0,0.9895752227079253
YNR046W,0.002292409577177789,0.0014938679537515242,0.0022227946654790783,0.24109834796845353,0.0014939973937533077,0.0002122859270973793,0.000457335369260801,791.0,0.9895909273013492
YNL224C,0.003056546102903719,0.0010157469047579065,0.006386766120809888,0.26566398719004986,0.0009866723361144163,0.00015674318260388474,0.0005355738193755556,853.0,0.9895762897726482
YGR081C,0.0053489556800815075,0.0009511744160259418,0.017028257094253554,0.26915154168472555,0.0009692087834880411,0.00019873647174036737,0.0005814753788564414,3586.0,0.9884897328795673
YLR398C,0.006877228731533368,0.002518806437276695,0.012074307388851993,0.2702955472289514,0.0024442935601629483,0.0002571902496903294,0.0005950113038500945,3451.0,0.9892399592275468
YNL314W,0.004330106979113601,0.00024184500680085735,0.018519271868343144,0.2645960854079742,0.00024013039199800233,0.00015730633699155593,0.0005681955058611559,3610.0,0.9880927617910582
YPL204W,0.0015282730514518594,0.00027487118728216085,0.00041591553538018354,0.23575070632014286,0.00034557998379223707,0.00016014933508346182,0.0004240368670678098,1403.0,0.9894821864741121
YPL012W,0.017575140091696383,0.0020790158760867587,0.00431834329666921,0.2759006170369199,0.0020526266630966176,0.0004460149360924785,0.0006239357485464893,3478.0,0.9891564068881735
YGL189C,0.015282730514518594,0.0003385936206155257,0.029702974104118728,0.2685351052880814,0.00034373570331713653,0.0004066850673128175,0.0006240944904818075,3692.0,0.9847187957319351
YPL266W,0.007641365257259297,4.870582724907816e-05,0.0020207258649833134,0.25208092522743036,4.8373098102553966e-05,0.000204893204333008,0.0005962753880396842,20.0,0.9897642669075583
YNR051C,0.018848700967906265,0.0011226992108418032,0.06098396636225375,0.2772052080594809,0.0010635322672416037,0.0005039635228467869,0.0006302688594235608,3752.0,0.9686594339885133
YLR327C,0.0020376974019358125,2.2778808729116366e-08,0.004356385464119416,0.2294082843830678,2.0723522669974862e-08,8.324870891653183e-05,0.0004944587300944055,926.0,0.989562402274196
YNL054W-B,0.0007641365257259297,2.155918252594642e-05,0.0003657895572479593,0.23474770012419907,2.7371845260615887e-05,7.868287947305184e-05,0.0003464557318444064,2089.0,0.9893951802049145
YLR325C,0.021141110545084055,0.00031480328384618544,0.09590644120837741,0.2750511319613719,0.00029992555930640624,0.000534436293514319,0.0006329012480644665,3803.0,0.937889530306573
YOR359W,0.002292409577177789,0.00019057725716694506,0.003926842680028934,0.23454225736607326,0.00016988543446833622,0.00011632686377916087,0.0005057269375342109,763.0,0.9895960382590956
YAL035W,0.029037187977585328,0.0029910728038184393,0.11313178139277735,0.2908505807042693,0.002708048068835808,0.0008506695142643014,0.0006381663341942621,3816.0,0.9252023712867483
YAL036C,0.011716760061130923,0.0008508550223123379,0.0640823732681808,0.2712334628124828,0.0008343598819226263,0.00034315819279827136,0.0006179484661708546,3753.0,0.9660371455322533
YBR263W,0.025725929699439633,0.003996134501236913,0.10808829912401206,0.2921414382219944,0.003802433038828059,0.0007192749262941119,0.0006363674736723011,3809.0,0.9313073063166835
YDL053C,0.0056036678553234845,0.0006300097608992674,0.019957761938812782,0.26538212555418544,0.0005928709246183388,0.0002232715183291217,0.0005840323990600342,3619.0,0.9878389421760878
YDL051W,0.0033112582781456954,0.0002068876848744007,0.014083205507758578,0.2624123997122027,0.00020423962918741728,0.00013102365851055692,0.0005461671688840818,3552.0,0.9888270403839653
YDL213C,0.003056546102903719,9.308469673439165e-05,0.013582361308272074,0.25282833497877855,8.525676963874518e-05,0.00011787221043559534,0.0005386812166202497,3555.0,0.988814070531783
YDR381W,0.03948038716250637,0.021065205456426494,0.0970577150892536,0.3143408588375564,0.019284435655228315,0.0012499110146631295,0.000642758436443745,3799.0,0.9424653462500636
YDR412W,0.012226184411614875,0.0009096313970841479,0.013450324292146907,0.2742269033098285,0.000924931687982326,0.0003825408338083339,0.0006180150242977785,3503.0,0.9890142962614484
YER176W,0.0038206826286296485,0.00254417226471093,0.014886472122925147,0.27354713408319287,0.002366455120305898,0.00017840876292100522,0.0005586904355037403,3559.0,0.9887860898376674
YGL205W,0.014518593988792664,0.0005234835213530028,0.07166665820864124,0.27889485550323895,0.0005088563621814781,0.00040551482601005944,0.0006242790610242892,3761.0,0.9615226761880792
YHL038C,0.0012735608762098828,0.00016232003408479928,0.002621847227857356,0.2599759209454735,0.00015615074478115816,7.844002037409538e-05,0.0004334903046551669,1330.0,0.9894955118650273
YIL148W;YKR094C,0.0056036678553234845,1.9963520807916713e-05,0.027072945321531348,0.2576196437163605,1.4749597835323027e-05,0.00017176689731797376,0.0005850177119364726,3680.0,0.9855747373202393
YIL127C,0.016556291390728478,0.0002759837678267702,0.004089361781483529,0.26543845002370525,0.0003265537395708347,0.0003927978250890644,0.000621627993038698,3458.0,0.9892185914934227
YKL122C,0.007896077432501274,0.0003431693735602685,0.03727902963166192,0.269790212920477,0.00031553809329116643,0.0002624747093418166,0.0006024753374210236,3706.0,0.9821240472793399
YLR061W,0.0369332654100866,0.0036244010946730925,0.1394500499508787,0.30279819958720633,0.0033712720782929245,0.0009949736088174564,0.0006412381999749675,3838.0,0.9014552013422088
YLR278C,0.006877228731533368,0.0010149717947373074,0.03648731215644496,0.2614068481213038,0.000883701197820003,0.00020526564630527082,0.0005966039445672569,3708.0,0.9819507019194669
YOR091W,0.01782985226693836,0.0004600594634582692,0.08026820945859672,0.27468866616041243,0.00040811976697960334,0.0004741807664650476,0.0006293855386158503,3785.0,0.953049179748344
YOR293W;YMR230W,0.0025471217524197657,4.5421911201767504e-07,0.004970489818276341,0.23609190102473407,4.303519699426033e-07,9.564205023330904e-05,0.0005192129520305795,823.0,0.9895831999052229
YPL127C,0.0163015792154865,0.0011861899083554634,0.08018004211851235,0.2806262147408432,0.001166771140563287,0.00047063780273405077,0.0006271362519004733,3781.0,0.954801927547847
YPL123C,0.0012735608762098828,0.00048644048547581573,0.0013343436524123529,0.2607709543428603,0.0005133446972001394,9.93409230582145e-05,0.0004322220116557124,1454.0,0.9894749054163479
YPL210C,0.00815078960774325,0.002907956252488201,0.027997873367483484,0.28499601147626846,0.0029101478420170434,0.0003837772689124859,0.0006022069344045213,3666.0,0.9861550037970849
YIL061C,0.005094243504839531,0.0008217178542970267,0.00273415336288823,0.26217402634931686,0.0009124360241849082,0.0002067412221189046,0.0005701505225238635,58.0,0.9897410404265513
YDR266C,0.0010188487009679063,6.215409269128721e-05,0.0004864201208321381,0.24157958219593545,7.458346462137101e-05,9.16611766810154e-05,0.0003932360379424439,1833.0,0.9894251691636874
YPL037C,0.004075394803871625,0.001365774298346373,0.012453850975245697,0.26774941062478225,0.0014122640904999453,0.0002010749397544978,0.0005605721129492663,3483.0,0.9891297716886684
YBL075C,0.00025471217524197657,0.0,1.699164277098903e-05,0.23012588880551238,0.0,6.406466466191679e-05,0.0001827052831954719,3362.0,0.9893201566390197
YML078W,0.013245033112582781,0.0204043228170494,0.0012452347383121942,0.30095231339416656,0.020935741543683373,0.0015740524123602209,0.0006111365670301962,3682.0,0.9854243882017305
YBL074C,0.0007641365257259297,0.0,1.7318905375380674e-05,0.2127933581604511,0.0,6.207274589602657e-05,0.0003488548991771704,2233.0,0.9893849124071115
YKL173W,0.015028018339276618,0.0021152282538504617,0.00041308589117049725,0.26639963725398136,0.0020030305530990616,0.0005388170619933614,0.0006134055197623901,2988.0,0.9893270856519987
YHR165C,0.015792154865002548,0.001401112263717392,0.0004548130166159526,0.25709007065130013,0.001314981170750357,0.000578172695731043,0.0006144820851837281,3466.0,0.9891990303172069
YKR018C,0.003056546102903719,0.0015762321215073505,9.024058198786541e-06,0.2567382298539123,0.0016309649356469026,0.0003163555333110335,0.00052222193546311,924.0,0.9895628505669392
YLR347C,0.012226184411614875,0.011545616220199745,0.00013598181288320275,0.2918006292646659,0.01166284778816774,0.001158843794305028,0.0006122524743095267,3596.0,0.9883121729398943
YBL076C,0.007641365257259297,0.0030021802571372435,5.5707349838925604e-05,0.2734275244924263,0.0028172976841084195,0.0005560301052035717,0.0005992636539609891,447.0,0.9896605289798092
YDR035W,0.006622516556291391,0.0020665742014475057,7.59773152989057e-05,0.27382663049810785,0.0020956367446920573,0.0005284835685915001,0.0005881802730437111,296.0,0.989689216511245
YHR087W,0.0056036678553234845,0.00023926453043985344,3.609635867900068e-05,0.2571958110148803,0.00024898096484426226,0.0004469660516062819,0.0005781540727307263,287.0,0.9896909027847313
YNL137C,0.009933774834437087,0.0006205437997886183,9.832068339217917e-05,0.2568788505466982,0.0006812268136502442,0.00038454090268567,0.000599362594655555,425.0,0.9896647501757488
YDR050C,0.01477330616403464,0.0070671614692418986,0.00019533802854709983,0.29643458095007297,0.006972239581341961,0.0010628720921149438,0.0006226531938408952,3491.0,0.98908912900667
YBR196C,0.010697911360163015,0.0020007548187365846,0.00025409984201036354,0.2776565152878764,0.001995564146784334,0.0007286102979342634,0.0006107407778853511,418.0,0.989666691791711
YPR074C,0.0056036678553234845,0.0002640495130350261,7.02014602028779e-05,0.25654512759556064,0.00025812573786460573,0.000404290175493823,0.0005790911836549453,286.0,0.9896913160973544
YFR053C,0.012480896586856851,0.001957631309742959,0.0002558880290721818,0.27935168573338354,0.001895726155863667,0.000877084412490304,0.0006156508122487156,768.0,0.9895945740062368
YGL117W,0.0028018339276617422,0.002120461221651762,4.8726392260067826e-05,0.254164238659062,0.002188626784481745,0.0003005199466453389,0.0005072399886165804,1105.0,0.9895295817021802
YBL098W,0.004330106979113601,0.0034771274646188174,5.453389420903318e-05,0.2784188550820031,0.003729097226318074,0.00041768702778103954,0.0005562621479102001,1090.0,0.9895317888831429
YGR138C,0.0007641365257259297,0.0005063214569860185,4.1521904809749454e-05,0.2252895695379533,0.0005095173052833046,0.00012860840666461783,0.0002785340462988379,2117.0,0.989392487433246
Q0140,0.009169638308711156,6.412611585711494e-06,9.72046217266783e-05,0.25090092892102944,4.804832868522348e-06,0.00033882910819696996,0.0005961385955339906,375.0,0.9896744215074947
YDR494W,0.009169638308711156,6.412611585711494e-06,9.72046217266783e-05,0.25090092892102944,4.804832868522348e-06,0.00033882910819696996,0.0005961385955339906,375.0,0.9896744215074947
YBR146W,0.009169638308711156,6.412611585711494e-06,9.72046217266783e-05,0.25090092892102944,4.804832868522348e-06,0.00033882910819696996,0.0005961385955339886,375.0,0.9896744215074947
YGR150C,0.0015282730514518594,0.0,1.7078967525462625e-05,0.22253692117942311,0.0,8.801069025091374e-05,0.0004494114409750116,1550.0,0.9894613435221116
YER050C,0.009169638308711156,6.412611585711494e-06,9.72046217266783e-05,0.25090092892102944,4.804832868522348e-06,0.00033882910819696996,0.0005961385955339919,375.0,0.9896744215074947
YNL306W,0.009933774834437087,0.002340334644102836,0.0001383553893445,0.26104310102867,0.002299454099278255,0.000408666876555804,0.0006002499065547634,560.0,0.9896377165142133
YMR158W,0.00891492613346918,0.00027957546988989214,7.7520020558038e-05,0.2457409281559519,0.00028185071666954954,0.0003487779144558575,0.0005949354199886912,334.0,0.9896814895911551
YOR158W,0.010188487009679063,0.0007458732175099547,0.0003192092501803358,0.2660030124838762,0.0007234401322125037,0.00039400619585954345,0.0006015384376697115,353.0,0.9896780593199374
YNR037C,0.009169638308711156,6.412611585711494e-06,9.72046217266783e-05,0.25090092892102944,4.804832868522348e-06,0.00033882910819696996,0.0005961385955339899,375.0,0.9896744215074947
YPL013C,0.008660213958227202,0.0,7.749071596697874e-05,0.24509880396427186,0.0,0.00032210794601873164,0.0005939295237543422,330.0,0.9896819469693203
YOR205C,0.0007641365257259297,0.0,1.0062620779475286e-05,0.21914447118071806,0.0,6.325581106546534e-05,0.00034743530640528835,2287.0,0.9893818610442207
YPR166C,0.00967906265919511,0.0001442306057967237,0.00013830308027707998,0.2608434712934562,0.00011051158750178375,0.0003668979642745411,0.0005994650062120621,368.0,0.9896746328842918
YPL118W,0.010952623535404993,0.0018799138052556612,0.0004154311356481376,0.26668366558284695,0.001922567687944918,0.00046597715922392594,0.0006052465454492355,568.0,0.9896364856957215
YNR036C,0.009169638308711156,6.412611585711494e-06,9.72046217266783e-05,0.25090092892102944,4.804832868522348e-06,0.00033882910819696996,0.0005961385955339906,375.0,0.9896744215074947
YNL292W,0.00891492613346918,0.0012732580813034499,0.0013717144769333275,0.26228399098812116,0.0013620164443553895,0.00033772866214165913,0.0005963707529027166,57.0,0.9897420681400958
YER105C,0.004330106979113601,0.0013606114290329822,6.477305054840725e-05,0.25330627133979705,0.0014706158712344897,0.00038218880862960294,0.0005363674398829162,527.0,0.9896442820709141
YGL092W,0.004075394803871625,0.0002124558528468486,9.608019244085409e-05,0.23957426033363602,0.0002017499745424161,0.00034572969479453107,0.0005295406059281778,509.0,0.9896477353095864
YFR002W,0.003056546102903719,0.0001376563807369531,9.375223995535073e-06,0.22865332994607068,0.0001501581149989773,0.0002778577531339126,0.0005073857980755678,785.0,0.9895918541852353
YKL057C,0.002292409577177789,0.00010504435411452663,3.0084398666310994e-05,0.2344689720713082,0.000115127981286011,0.00020822578516980266,0.00048209278572447327,1110.0,0.9895284530461796
YLR018C,0.0020376974019358125,7.024537395116877e-06,4.80479841780821e-06,0.21658907181695283,9.278375847530671e-06,0.00019109926712807231,0.0004600952992537879,1180.0,0.9895179120071099
YKR082W,0.0038206826286296485,0.0011873345197048024,0.00015609112184608828,0.25859621552726403,0.001224082980378241,0.00032864444796556905,0.0005293733146795107,636.0,0.9896212679833731
YML103C,0.0015282730514518594,3.7618236262974454e-06,6.001026206343717e-06,0.21758133212045197,4.31558837868985e-06,0.00015161800618408076,0.0004282127960247436,1513.0,0.9894679551686129
YML031W,0.003565970453387672,0.0011028610380354605,2.924927569013059e-05,0.248129918066601,0.0011692816459027467,0.0002994376859357706,0.0005303940632962978,686.0,0.9896092555105019
YMR153W,0.0020376974019358125,3.7371017894526063e-06,7.71016727579333e-06,0.22151213195684696,4.277887577501472e-06,0.00018739987751120388,0.0004626751667145562,1199.0,0.9895135749047986
YMR129W,0.005094243504839531,0.0014725252439685092,0.00010891180483890628,0.2494662560561884,0.001456101871097453,0.00040443184269652304,0.0005571454351419792,354.0,0.9896780331632109
YHR024C,0.0010188487009679063,0.00014607056863393233,7.888895979611561e-05,0.24765494990660555,0.00015097317732713506,0.00010936333669410394,0.000386826649714158,2016.0,0.9894055312010517
YLR163C,0.0012735608762098828,0.0001511829230225498,4.6586223455901966e-05,0.24438041367062294,0.00014286253066291883,0.00012574036615109035,0.00042071772107753696,1778.0,0.9894306908205843
YJL041W,0.003565970453387672,0.0004268467629402217,1.0682863803940987e-05,0.23118938265358763,0.0004692983212079534,0.0003531639752755154,0.0005183426243211151,597.0,0.9896282282070852
YBL079W,0.0033112582781456954,7.456283274983369e-05,9.527245149110319e-06,0.23110394155128264,7.57246209012101e-05,0.00028731784714551816,0.0005145167459945465,716.0,0.9896046071924088
YDL116W,0.003565970453387672,0.00013324234740116282,9.593481135777003e-05,0.23954366922588735,0.00012465841044176192,0.0003038064311032167,0.0005219645728783899,650.0,0.9896180547117228
YJL008C,0.008660213958227202,0.006412614367178286,9.112125100133283e-05,0.27626629048561036,0.006484101128949225,0.0007094178443527377,0.0005957487267934556,3427.0,0.9893095881569008
YAL026C,0.008405501782985226,0.0075791086568411355,0.0014533306538160482,0.2633702436533114,0.00757408938522969,0.0008164122972703229,0.0005902149145567048,3485.0,0.9891154399441514
YJR042W,0.0025471217524197657,0.0009905943628655892,0.00017340288064485063,0.2511024287970201,0.0010965450947528258,0.0002218102265163359,0.0005042554625516536,1023.0,0.9895459852278294
YLR208W,0.003056546102903719,0.0009114030688542332,6.623428650417462e-05,0.25004815002233083,0.0009699722598408437,0.0003058050747236974,0.0005178681520222225,832.0,0.9895812594255179
YPL169C,0.003565970453387672,0.0012995957248510715,0.006264754696476468,0.26755847472616945,0.0012485579509371526,0.0002167201138285153,0.0005464062253058818,677.0,0.9896119169224411
YGL172W,0.0012735608762098828,0.0005691007056300631,2.4461652117977787e-05,0.21979920861658314,0.0005741246129333226,0.00016692894688521813,0.0003817546052850398,1631.0,0.9894509803988333
YJL061W,0.0012735608762098828,0.001004776265960748,8.282785910023232e-05,0.2622289971404161,0.0010045098271985607,0.00016865266767275002,0.0004053760649923324,1792.0,0.9894297877986475
YBL080C,0.0010188487009679063,0.0007151563720218993,6.248491363698937e-06,0.23417628829640955,0.0007468405610502413,0.00021730388274565347,0.0002997145259637966,1869.0,0.9894185494132941
YDR061W,0.00025471217524197657,0.0,8.522013100842954e-08,0.18893058517977107,0.0,8.4513495727588e-05,0.00013940180450226671,2969.0,0.9893278305357475
YMR293C,0.0010188487009679063,0.0002994950929466506,2.010831800668201e-05,0.23809953617750182,0.00032336202331767597,0.0001815862734244202,0.00034912391423583825,1919.0,0.9894132566021018
YBL084C,0.0038206826286296485,0.0015802711937756046,1.9397030063167566e-05,0.24038778133553781,0.0016946279621287822,0.00040317354140779517,0.0004953059887286546,633.0,0.9896218058761215
YDR260C,0.003056546102903719,2.1521658755095036e-07,2.622156288835017e-06,0.21484038542630976,2.191429301565547e-07,0.00029404640241393546,0.0004697829740236123,730.5,0.9896025954450103
YDR118W,0.0038206826286296485,0.0012702086604986433,4.9201175509666606e-05,0.24360294059765444,0.0013662094880473536,0.0003827570849592784,0.0004952933041761949,594.0,0.989628499815427
YGL240W,0.0028018339276617422,0.0,2.586913017542535e-06,0.21454554500715198,0.0,0.00027175779103722484,0.0004629906649413417,818.0,0.9895843138438403
YFR036W,0.004584819154355578,0.0013763495699937206,3.092183316867992e-05,0.24106736642797957,0.0014648450583950162,0.0004471365084342307,0.0005246539411670421,427.0,0.9896646603776208
YIR025W,0.003056546102903719,2.1521658755095036e-07,2.622156288835017e-06,0.21484038542630976,2.191429301565547e-07,0.00029404640241393546,0.00046978297402361146,730.5,0.9896025954450103
YHR166C,0.004075394803871625,0.002100428635766354,2.548966228047279e-05,0.25075001611208136,0.002029721668423432,0.00040854630742078216,0.0005062185117507257,672.0,0.9896128379996997
YLR102C,0.003056546102903719,2.1521658755095036e-07,2.622156288835017e-06,0.21484038542630976,2.191429301565547e-07,0.00029404640241393546,0.0004697829740236127,730.5,0.9896025954450103
YKL022C,0.003056546102903719,2.1521658755095036e-07,2.622156288835017e-06,0.21484038542630976,2.191429301565547e-07,0.00029404640241393546,0.0004697829740236127,730.5,0.9896025954450103
YNL172W,0.003056546102903719,2.1521658755095036e-07,2.622156288835017e-06,0.21484038542630976,2.191429301565547e-07,0.00029404640241393546,0.0004697829740236127,730.5,0.9896025954450103
YLR127C,0.0038206826286296485,0.0014300739242818817,4.8889637136889504e-05,0.24988161778788373,0.001442679715605989,0.0003687262911747748,0.0005060416067276132,641.0,0.9896204961323117
YDL008W,0.0033112582781456954,0.0002956822094370519,2.6185997845318146e-06,0.2173922296242583,0.00031608296727640863,0.0003377089180558369,0.0004819716113495333,618.0,0.9896243636860964
YOR249C,0.003056546102903719,2.1521658755095036e-07,2.622156288835017e-06,0.21484038542630976,2.191429301565547e-07,0.00029404640241393546,0.0004697829740236139,730.5,0.9896025954450103
YBL082C,0.0007641365257259297,0.00021883255353462758,5.934501793740566e-05,0.25800938599127177,0.0002256577129125302,0.00011592669483313779,0.0003498990409922505,2388.0,0.989377212710563
YDR135C,0.007131940906775344,0.004930725309216045,0.0016359727875140226,0.2596700457529984,0.005137941524704272,0.0005721179034511206,0.0005779434077975883,1214.0,0.9895093784398454
YGL003C,0.00025471217524197657,0.0,3.4779665506269375e-07,0.19957300484495075,0.0,5.993174307613136e-05,0.00017204503794312245,3103.0,0.9893241530298207
YJL053W,0.0015282730514518594,0.00010835680269468854,6.976159189365543e-07,0.20179489544909773,0.0001329285546190721,0.00023622062423393512,0.0003563742469527826,1370.0,0.9894878766288786
YJL154C,0.001782985226693836,0.0005092814441217548,1.6254370004994755e-06,0.21433718886518557,0.0005716711328407936,0.0002650426984013215,0.0003855464073750919,1222.0,0.9895087726614263
YBL085W,0.0025471217524197657,0.000942949982612404,2.181021114249e-05,0.2559675597683909,0.0010622619291908038,0.0002833595003666242,0.0005057019010623908,1064.0,0.9895383258647357
YIR006C,0.004330106979113601,0.00036324180701361873,5.46860775217166e-06,0.24460346118293722,0.00043028549516511413,0.00037307456350473207,0.0005437651234142556,481.0,0.9896539725193542
YOL070C,0.0015282730514518594,0.0006367946793765424,2.4344297362305748e-05,0.24971530722695998,0.000711136975779793,0.0002192971299166039,0.0004120016496694461,1567.0,0.9894595365681601
YDR208W,0.0025471217524197657,0.0007565915576704652,3.866095076172648e-06,0.2371064516610891,0.0008092520235602418,0.00029474436165093966,0.0005031927582899161,980.0,0.989554136768831
YBL066C,0.0028018339276617422,0.0008536229258491661,2.0222338851576078e-05,0.24532316536452686,0.0008367487534801028,0.0003092979229243445,0.0005154259318117771,907.0,0.989566701432732
YHR097C,0.001782985226693836,0.0014107623060921938,7.345860139564898e-05,0.25299881935840013,0.0014879712831534489,0.00023839282887897322,0.00044320891090218794,1456.0,0.9894746814875822
YGR237C,0.003056546102903719,0.00045381942267649976,2.5122160039717435e-05,0.23814487407712306,0.00046796178724044766,0.00030829206788245177,0.0005224794948052277,795.0,0.9895896291496089
YJR019C,0.0020376974019358125,0.00041468718313722447,1.0798683724921134e-05,0.23929922132056086,0.00044831277425447973,0.00022354213564942046,0.00048209709225807245,1226.0,0.9895084692390467
YIL154C,0.001782985226693836,0.0002987151312531301,2.1362787562916588e-05,0.23791835707578146,0.00034630947051157577,0.00022343242683209847,0.0004513184259342634,1376.0,0.9894873396820127
YPR115W,0.004584819154355578,0.001229058050910987,4.7688702153854274e-05,0.2650634045273807,0.0011831160579929426,0.0003745660278093977,0.0005675763169513537,503.0,0.9896490325801499
YGR280C,0.0038206826286296485,0.00034151287814556476,0.00016808451111062522,0.2405264754846512,0.00034774338758193423,0.0002832644399226162,0.0005470678104590355,566.0,0.9896367444625124
YBL086C,0.0020376974019358125,0.0010758166057738805,1.6475748738541812e-06,0.21761919210516062,0.001116316856795728,0.00030851173931558285,0.00043925597315620844,1118.0,0.9895265783032484
YIL002C,0.0028018339276617422,0.0011001872107734502,0.00015787430834398577,0.2364191865838106,0.0010888091309464725,0.0003013622916585568,0.000504403999473881,844.0,0.9895784329410281
YJL084C,0.003056546102903719,0.0015992423993513877,9.28989573474678e-05,0.2645960854079742,0.0016223212801977872,0.0002656170906629307,0.0005311384784138769,950.0,0.9895592531980915
YKR092C,0.006622516556291391,0.0031054899508844366,0.00017423839581235626,0.2631670401266097,0.003185541299677589,0.0005445892121228458,0.0005852557280074832,552.0,0.9896395547964404
YKL193C,0.002292409577177789,0.000754206504452155,2.2249677869511947e-05,0.2333896797141748,0.0007947163266707143,0.0003024141694409994,0.00046911895236124713,1061.0,0.9895392620900381
YMR269W,0.0028018339276617422,0.00013183863862103922,0.00017769896511960414,0.23443967077512332,0.000126950615525832,0.00019278137432543588,0.0005206097943429896,870.0,0.9895734261801726
YDR389W,0.003056546102903719,0.0015395738706324743,5.5626462486070985e-05,0.2649510974567526,0.0015682596803831689,0.0003093633665242323,0.0005268488881245719,937.0,0.9895605953292599
YDR348C,0.00738665308201732,0.0033206545588188715,3.2415676605292885e-05,0.2640746404198391,0.003497208092913989,0.0007720217972897243,0.0005844759434521759,592.0,0.9896290615977614
YLR425W,0.0010188487009679063,2.6719708140947173e-05,6.590640189702924e-07,0.21303500403617273,3.144829245760977e-05,0.00015538459952968195,0.000360687668993908,1866.0,0.9894187794734143
YGR068C,0.0025471217524197657,0.00019197536476240736,7.074955412726366e-06,0.23606219271958437,0.0002061273240867876,0.00026433710022100013,0.0005015702275394497,999.0,0.9895498181762339
YMR273C,0.0015282730514518594,0.0002593137947487615,2.6239947722075157e-06,0.23124637849522797,0.000286270558237876,0.00018272231694898116,0.000440486106059603,1532.0,0.989465249061751
YMR070W,0.002292409577177789,0.0006112734524262926,1.405416269868491e-05,0.25009815298527355,0.0006261559718304338,0.0002577024746556974,0.0004908082467276477,1141.0,0.9895233767067287
YDR475C,0.0010188487009679063,1.0974493241693337e-05,2.0035731968302343e-05,0.2287788104320167,1.526695271527186e-05,0.00013819770360383443,0.0003775751449475433,1959.0,0.9894100956311017
YDR040C,0.0010188487009679063,0.00031627242669906333,4.2946289500700425e-06,0.22114655729606708,0.00037264771569911123,0.00014930606217506282,0.00036322676124431,1857.0,0.9894198558547945
YGR024C,0.00025471217524197657,0.0,1.002480851746628e-06,0.20099493711282337,0.0,6.720282984208219e-05,0.00016411542872390913,3094.0,0.989324349327288
YGL229C,0.011462047885888945,0.014783689982844562,0.000737071927674284,0.2901084428272693,0.015366316081312354,0.0013605876890460684,0.0006036842305302618,3640.0,0.9873395367636136
YDR452W,0.0012735608762098828,0.0007639987261091794,5.595821360849789e-05,0.251203300152991,0.0008042138047971295,0.00017732107203816263,0.00040253389846015274,1731.0,0.9894352224180174
YNR002C,0.006113092205807438,0.007519613105359957,0.00022295433624753118,0.2717835922553476,0.0077150852250706965,0.0008231632564710599,0.000564781872426383,3490.0,0.989095553874588
YLR454W,0.0010188487009679063,9.344373701930341e-05,2.1819427223499927e-07,0.20328181671371698,0.00010314587417647927,0.00015583180424841737,0.000360153784360938,1822.0,0.9894263068991186
YNR008W,0.0007641365257259297,4.7548207306952e-05,2.1749549326239985e-06,0.1977636775819668,5.4431130310468804e-05,0.00012480944552488557,0.0003188577426520299,2079.0,0.9893963825245229
YPR117W,0.00025471217524197657,0.0,2.2518304150657106e-08,0.17800419826762853,0.0,7.105500054657921e-05,0.00016357036428601098,2932.0,0.9893295804592878
YBL087C,0.0007641365257259297,5.574588003134399e-05,0.00012105181960703715,0.22239182568224017,6.517047434101834e-05,0.00010709601647620463,0.0003003409172954807,2134.0,0.9893906294074217
YKL021C,0.011716760061130923,0.0018702071604189932,0.008618970840345585,0.2759411996091104,0.0017383507157535398,0.0004402214575896043,0.0006155894347638142,1194.0,0.9895151670164418
YDR361C,0.0015282730514518594,0.0007811708271591643,0.0002517297396721525,0.2559850236122722,0.0008574058067897562,0.00018003818745018047,0.00040374667054738077,1535.0,0.989464694551038
YPL208W,0.0007641365257259297,8.055878403501095e-07,5.924180383312153e-06,0.20532876326192054,2.3743664299332535e-06,0.00012428330166123792,0.00027248722304083474,2123.0,0.9893914068430018
YAL025C,0.012480896586856851,7.389828045762379e-05,0.01111530886316827,0.27017876366998445,6.698271958672714e-05,0.00036027609747079985,0.0006183886356729669,3455.0,0.9892318176329508
YKL082C,0.011462047885888945,0.0001762339675713636,0.010820731802889757,0.2739065915524218,0.00017084955110982573,0.00034225330826446435,0.000615981552241929,2836.0,0.9893435893185819
YHR088W,0.012990320937340805,0.00011557476059248796,0.011307019845040438,0.2715278977482323,7.869983624479827e-05,0.000386410626433134,0.0006197952379823193,3469.0,0.9891891716371007
YLL008W,0.015282730514518594,0.00037146003496086347,0.01722521621446643,0.28136276648556985,0.0002877189731175026,0.0004552383734143605,0.000624658045465503,3597.0,0.988307612704977
YKR081C,0.016811003565970453,0.0016537108905974578,0.01754415449739778,0.2807312002308323,0.0015921174540818933,0.0005124263630310913,0.0006267921917741292,3611.0,0.9880874931837212
YLR276C,0.008660213958227202,0.00010602405979627404,0.00666208531088237,0.256387350764321,0.00011340568655412272,0.00028081165514770665,0.0006047512833868456,333.0,0.989681510313705
YLR009W,0.015028018339276618,0.00010295185059564687,0.015561075567178808,0.27156720404495327,9.51893517004866e-05,0.00042529403380798863,0.0006237639306892829,3588.0,0.9884560400014365
YNL061W,0.01477330616403464,0.0015622076636200271,0.013633606563635148,0.28155279086635704,0.0015769342123268164,0.00045935901288034827,0.000623406512600941,3535.0,0.9888768773096477
YMR049C,0.013754457463066735,0.0015356420363454653,0.011339775003026476,0.27440740810978376,0.0015944821453286967,0.0004632914103554584,0.000620622847301654,3479.0,0.9891534970221151
YOR294W,0.0163015792154865,0.0002148350944749276,0.019465489142753496,0.27677578128393876,0.0001706967115113978,0.00046068985007049145,0.0006260160072842346,3628.0,0.98770757058328
YOR272W,0.016046867040244522,0.002190873386818551,0.013167384890332081,0.27937248630566447,0.00206074933709799,0.0005308784657890648,0.0006258981018485593,3565.0,0.9887802470845349
YPL093W,0.02292409577177789,0.007025318002254207,0.02586272030590264,0.30172677853518887,0.007108561837178967,0.000764525191880951,0.0006338956160930456,3679.0,0.9856867748928624
YPR143W,0.012226184411614875,0.000723364917452113,0.010080637837284367,0.2702955472289514,0.0008300507271461459,0.0003644233295619085,0.0006177733129852082,2619.0,0.9893551797508388
YPL211W,0.01477330616403464,0.003064415649449432,0.012894539219242017,0.2901981971602656,0.003168230116451106,0.00047529431778605,0.0006236213309787871,3506.0,0.9889908990145028
YDL031W,0.012226184411614875,8.660521253520336e-05,0.010357654384804037,0.2700620809821546,5.9998465978994266e-05,0.0003633581377057226,0.0006178558337365218,3267.0,0.9893217587491839
YCL054W,0.0163015792154865,0.0009768902561664177,0.021495335921182402,0.28484455595847813,0.0008370111947276904,0.00047934797908347323,0.0006263682439461422,3634.0,0.9874586402687308
YLR002C,0.012226184411614875,4.8037830932668396e-05,0.012075804481991989,0.271292298704633,4.707064946877059e-05,0.00035413230876433447,0.0006177643541121049,3480.0,0.9891503379360124
YKL172W,0.015282730514518594,0.00025045229147808523,0.027116575059385993,0.2784188550820031,0.00020057388355005043,0.00043451294335939143,0.0006247687314109694,3669.0,0.9859408595864924
YML074C,0.012226184411614875,0.0003831760552140031,0.01047731588467495,0.27380664752864875,0.0003766804141998327,0.00037250834444567036,0.0006181623461593518,2853.0,0.9893387067985401
YLR449W,0.012735608762098827,0.0001066890935276322,0.011403682230109641,0.26702530005587316,0.00010698597301270606,0.00037126793895010635,0.0006192606662096513,3476.0,0.9891609761961682
YNL002C,0.015028018339276618,6.358923243390187e-05,0.015327169042427946,0.26776851920390193,5.1760998659065205e-05,0.0004218604131199492,0.0006236145670378742,3589.0,0.9884370603516968
YMR290C,0.012735608762098827,0.00031661093213033255,0.010302303114501843,0.26587106654514414,0.00030579645758283664,0.0003630885128736931,0.0006191900920442275,3439.0,0.9892688144993074
YOL077C,0.01782985226693836,0.0015417288815305378,0.027721171097221456,0.28647571894976515,0.0013143263354436071,0.0005311294472325662,0.000628736684442183,3677.0,0.9857821344495149
YNL110C,0.016046867040244522,0.000758869975264751,0.016243091843583215,0.2690357443772461,0.000692008953436694,0.00046729191379211207,0.0006253666932698154,3605.0,0.9882029406093868
YPL043W,0.011462047885888945,0.0004545637560559956,0.010982190500975831,0.2713315368155246,0.0004648288670132915,0.00035055084097032683,0.000616031769548526,3423.0,0.9893163270133167
YOR206W,0.012480896586856851,6.102808701583089e-05,0.010980945706217125,0.26836224097597267,4.987754859660045e-05,0.00035829742276822444,0.0006183278238422137,3454.0,0.9892322259099653
YBL090W,0.009169638308711156,6.412611585711494e-06,9.72046217266783e-05,0.25090092892102944,4.804832868522348e-06,0.00033882910819696996,0.0005961385955339997,375.0,0.9896744215074947
YDL045W-A,0.011207335710646969,0.0013962400139440145,0.0001924051192485161,0.26992607849532907,0.0014789268504119245,0.00045301716333873035,0.0006075382638016952,581.0,0.9896322335144163
YBR251W,0.009169638308711156,6.412611585711494e-06,9.720462172667829e-05,0.25090092892102944,4.804832868522348e-06,0.00033882910819696996,0.0005961385955339964,375.0,0.9896744215074947
YDR337W,0.009424350483953133,0.00010489583533893851,0.00012878776969723848,0.2606079385347693,8.971590637438122e-05,0.0003532066150252535,0.0005978584126431258,339.5,0.9896806864573996
YDR175C,0.009933774834437087,0.0008807557744599201,0.00031936791354008243,0.2676157268962249,0.0008219535666030401,0.00038446146607776655,0.0006011506794463382,303.0,0.9896882020112261
YDR347W,0.010952623535404993,0.00158568272221767,0.00037303521772583966,0.27434721344582286,0.0015125262705927,0.0004445360676139748,0.0006064165165834154,464.0,0.9896568032503555
YGL129C,0.009169638308711156,6.412611585711494e-06,9.720462172667829e-05,0.25090092892102944,4.804832868522348e-06,0.00033882910819696996,0.0005961385955339984,375.0,0.9896744215074947
YGR165W,0.009424350483953133,3.559301488314874e-05,9.743440408826285e-05,0.2509177082247759,3.5132304588641007e-05,0.0003511890154247044,0.0005969948296597841,415.0,0.9896670463154139
YGR084C,0.010952623535404993,0.0019198159903588243,0.0004146763509247901,0.2703344975203598,0.001976866400519788,0.00043209917492931205,0.0006050056128234596,545.0,0.9896406313703743
YHL004W,0.00967906265919511,0.00022214552829148153,0.0003418449565418249,0.264409618822063,0.00019082580547609342,0.0003598162529261275,0.0005994827101055915,300.0,0.9896885091122343
YGR215W,0.009424350483953133,0.00040678790900619896,9.792397845601313e-05,0.2528624134711601,0.00043749121249337216,0.0003649865261525822,0.0005977548307699174,362.0,0.9896760412993758
YIL093C,0.009169638308711156,6.412611585711494e-06,9.720462172667829e-05,0.25090092892102944,4.804832868522348e-06,0.00033882910819696985,0.0005961385955339997,375.0,0.9896744215074947
YHR059W,0.009169638308711156,6.412611585711494e-06,9.720462172667829e-05,0.25090092892102944,4.804832868522348e-06,0.00033882910819696985,0.000596138595534001,375.0,0.9896744215074947
YJR101W,0.009169638308711156,6.412611585711494e-06,9.720462172667829e-05,0.25090092892102944,4.804832868522348e-06,0.00033882910819696985,0.0005961385955339997,375.0,0.9896744215074947
YJL131C,0.009169638308711156,6.412611585711494e-06,9.720462172667829e-05,0.25090092892102944,4.804832868522348e-06,0.00033882910819696985,0.000596138595534001,375.0,0.9896744215074947
YKL003C,0.010188487009679063,0.0002892429129157349,0.00014877137227665199,0.26244911101602364,0.0002804724014201906,0.0003959913362680072,0.0006023884870314559,433.0,0.9896626095556381
YJR113C,0.009424350483953133,0.00010489583533893851,0.00012878776969723848,0.2606079385347693,8.971590637438122e-05,0.0003532066150252535,0.0005978584126431433,339.5,0.9896806864573996
YKL155C,0.00967906265919511,0.00023291239717663064,9.78672918410062e-05,0.2514895429375343,0.00025222919207095325,0.0003766809094970506,0.0005985035056830254,431.0,0.9896631919596679
YNL081C,0.00815078960774325,0.0014009396482424364,9.371080571545328e-05,0.2606260413368348,0.0015272690788305475,0.0003217950712357014,0.0005917076935021651,227.0,0.9897017409689586
YMR188C,0.010443199184921039,0.0007001612052221825,0.0002248561854931199,0.2667215817932092,0.0006872463303071978,0.0003978855667238929,0.0006023717367207131,423.0,0.9896653274748449
YBR221C,0.009424350483953133,0.0016306673618731954,0.0006646889249115889,0.27716425286880947,0.0016191748800535178,0.0005954591408905354,0.0006066489303857055,106.0,0.9897225226351168
YFL018C,0.006877228731533368,0.000622288058424343,0.00028051328214423704,0.2610794301777938,0.0006595055655707187,0.0004583931433842413,0.0005907124618568825,96.0,0.9897254833298424
YER190W;YGR296W;YNL339C;YPL283C;YEL077C;YLL066C;YLL067C;YML133C;YPR204W,0.0020376974019358125,0.0003001526346834022,0.00013260909939929606,0.2523182576385389,0.0003373681903580778,0.00015992779574821496,0.0004867559921997477,1287.0,0.9895005508613423
YBL023C,0.015028018339276618,0.010750156902562294,0.0002874926625863865,0.29390353212322373,0.010510497433360822,0.001332531706220596,0.0006204580208603998,3593.0,0.9884082212248074
YLR074C,0.011207335710646969,0.0015458863039167813,0.01583730109061187,0.270023209146101,0.0014130366842722655,0.00034066057036444427,0.0006160190968161022,3575.0,0.9886623253820839
YDR190C,0.00967906265919511,0.003943476985836919,0.000543571413070988,0.28564693498934707,0.004007014781417233,0.0005991550479874478,0.000605333254008962,708.0,0.9896056413463289
YDL002C,0.004584819154355578,6.76764739602845e-05,6.284952977404975e-05,0.25981389731217186,5.607448133772599e-05,0.00028104144904414355,0.0005605390354385522,518.5,0.9896456357682795
YER092W,0.004584819154355578,6.76764739602845e-05,6.284952977404975e-05,0.25981389731217186,5.607448133772599e-05,0.00028104144904414355,0.0005605390354385512,518.5,0.9896456357682795
YEL044W,0.004839531329597555,0.0006540048815633099,6.580042753458242e-05,0.2678641030259923,0.0007203101347589894,0.00031563536934476905,0.0005674357305808931,461.0,0.9896579871769137
YGL150C,0.005094243504839531,0.001332169695481241,0.00011618813179570582,0.27205949467660606,0.001389715677150058,0.0003353756635066156,0.0005690373587813112,432.0,0.9896629858746632
YFL013C,0.004584819154355578,6.76764739602845e-05,6.284952977404975e-05,0.25981389731217186,5.607448133772599e-05,0.00028104144904414355,0.0005605390354385512,518.5,0.9896456357682795
YKL204W,0.0028018339276617422,0.0013204336445551666,0.00010939157502343385,0.2556187826056052,0.001465185034293841,0.00030563397352516774,0.0005108520028829921,970.0,0.9895560539782571
YJL081C,0.009169638308711156,0.0014720448230869728,0.0005256334532658713,0.27324830610189166,0.001375201903317637,0.0005289627939000162,0.0006032713008415982,114.0,0.9897209414933987
YLR052W,0.004584819154355578,6.76764739602845e-05,6.284952977404975e-05,0.25981389731217186,5.607448133772599e-05,0.00028104144904414355,0.0005605390354385517,518.5,0.9896456357682795
YOR141C,0.006367804381049414,0.0024690230958087558,0.0001262317774318041,0.2824217155502502,0.002546021870297274,0.00040200005851352835,0.0005854170111992096,429.0,0.989663721025298
YNL215W,0.0056036678553234845,0.001997201063710663,0.0001825869883116158,0.2825280490274905,0.0021110873757391926,0.0003625093039183148,0.0005771203401102168,439.0,0.9896615961832441
YPL235W,0.008405501782985226,0.0012568517922161015,0.0005397656068021608,0.27598179412174134,0.0011474172553942823,0.0004766320847831481,0.0006000876665437449,72.0,0.9897331103432737
YPL129W,0.013499745287824758,0.005559370426621089,0.0006994917796587595,0.28340301314941263,0.005245970123956678,0.0007551689342947248,0.0006191968009345165,3425.0,0.9893120251041333
YBR279W,0.0053489556800815075,0.0014900386515445834,0.0001532566201392071,0.26630509554156245,0.0015239277192335996,0.0004539306281591492,0.000571436316939131,350.0,0.9896792160648336
YGR140W,0.004075394803871625,0.0014576848841231717,0.00010755219678323062,0.2696738655275695,0.0014828550612509062,0.0003626358846414889,0.0005558944665397503,640.0,0.9896207335146452
YJL124C,0.01477330616403464,0.00012435181725840987,0.003469007379170086,0.2680937828570971,0.00014734146713290218,0.00043658452638237774,0.0006215898630868491,1713.0,0.9894378658158396
YIR001C,0.001782985226693836,0.0008953497086126736,0.0002586309903557162,0.2606079385347693,0.0008774425776853214,0.00013514989534486969,0.0004674713483488027,1408.0,0.9894813285873962
YER112W,0.018339276617422313,0.0026846486118254687,0.0035566894668173778,0.2779856628202618,0.002409908007241225,0.0005684040349777619,0.0006273943017068766,3494.0,0.9890657627028614
YLR182W,0.013245033112582781,0.010658766357306133,0.0013728419126368787,0.29230075499260466,0.010642569226362432,0.0012859212753303165,0.0006155517195514295,3580.0,0.9885387886542019
YOR265W,0.0015282730514518594,0.0005679476631834047,8.029889928380553e-05,0.2517933354194399,0.0005973207484439532,0.0001536315779065332,0.00044987509856504336,1577.0,0.9894575959721189
YDR138W,0.0028018339276617422,0.0020764629239028187,5.344337157387601e-05,0.24537129625826135,0.002250661060605113,0.00034220271653796384,0.00047783828194740744,1074.0,0.9895351563121052
YLR382C,0.0020376974019358125,0.0006767686535578548,3.217776601924219e-05,0.23680715040930786,0.0007402862821336287,0.00024316522609595383,0.00046928933391905686,1198.0,0.9895135941651122
YDR194C,0.013245033112582781,0.001638246508105542,0.0043902122835396086,0.2805422828686312,0.001584761417057889,0.0004374737170943548,0.0006192499074626931,702.0,0.9896071265086048
YDL081C,0.020376974019358125,0.0023022004981517,0.09261053378001041,0.28233670638009434,0.0023013370690976014,0.000608618198513363,0.0006319747711995865,3797.0,0.943670698384421
YGL079W,0.0007641365257259297,0.0020535872679067597,3.8880828433026514e-06,0.20923335328379844,0.0020818292474339907,0.00014990378502190138,0.0002656073635751543,2762.0,0.9893503277825565
YDL143W,0.006367804381049414,0.0015790765355973096,5.607077781987562e-05,0.26632399851540844,0.0016780694257609334,0.0004966463238208156,0.0005778991096172447,252.0,0.9896981455259944
YDR188W,0.006877228731533368,0.0006791281236943337,3.863680423350139e-05,0.2560723785889349,0.000594589294165173,0.0005332730774048444,0.0005813151795814726,122.0,0.98971896895585
YIL142W,0.007131940906775344,0.0007902634260859361,3.8859921417390157e-05,0.25614230550826556,0.000675305639616414,0.0005577253190790645,0.0005832622180138883,111.0,0.9897211973580988
YDR212W,0.0058583800305654615,0.00037159707009397873,3.314041298483151e-05,0.2546991033253054,0.00034661551518338086,0.0004594437371060762,0.0005715968191150177,233.0,0.9897003112241023
YJL014W,0.006877228731533368,0.0006792138438023938,3.8674849946116644e-05,0.25540997216372185,0.0005718602419343788,0.0005361437576877756,0.0005811077425795765,120.0,0.9897192155669937
YJR064W,0.006367804381049414,0.00046549099907929156,3.3839310149306796e-05,0.2547336880361921,0.000432267535733034,0.0004986648298936486,0.0005761188994204302,167.0,0.9897117112080758
YJL111W,0.007896077432501274,0.002909132920351956,0.0002066451239108477,0.26587106654514414,0.002936832127505899,0.0006328104965673212,0.0005883881561150325,424.0,0.9896651787106912
YBL093C,0.006113092205807438,1.2053803002714667e-05,4.94461892466345e-05,0.24450781955588624,9.951743158886712e-06,0.0003291634093380186,0.0005605606824492783,246.0,0.9896989033165952
YBR193C,0.006877228731533368,0.0009652114508229403,6.951039606657493e-05,0.2617716103457109,0.001025204278385983,0.00037592745168473526,0.0005718719352770232,170.0,0.9897113145456723
YCR081W,0.0053489556800815075,0.0008876294206031108,1.8979578268258787e-05,0.24567656437173088,0.0009401484237613762,0.00035474776554982805,0.000553519316118144,295.0,0.9896895288236732
YBR253W,0.0056036678553234845,0.0,4.662998546783463e-05,0.2367025734076761,0.0,0.0003010028706486777,0.0005553693769309554,283.0,0.9896922896635493
YDR308C,0.006113092205807438,1.2053803002714667e-05,4.94461892466345e-05,0.24450781955588624,9.951743158886712e-06,0.0003291634093380186,0.0005605606824492736,246.0,0.9896989033165952
YDL005C,0.006367804381049414,0.0006057438275990834,5.24575700284835e-05,0.2550453736037709,0.0007166685684139689,0.00035713179078748455,0.0005647451331746994,194.0,0.9897072626216971
YER022W,0.006113092205807438,1.2053803002714667e-05,4.94461892466345e-05,0.24450781955588624,9.951743158886712e-06,0.0003291634093380186,0.0005605606824492783,246.0,0.9896989033165952
YDR443C,0.006113092205807438,1.2053803002714667e-05,4.94461892466345e-05,0.24450781955588624,9.951743158886712e-06,0.0003291634093380186,0.0005605606824492771,246.0,0.9896989033165952
YGL151W,0.006622516556291391,0.0007480404527514317,6.012705489573983e-05,0.25456085834080155,0.0008513000161988837,0.00037322404300070783,0.0005682847549258539,169.0,0.9897114581027872
YGL025C,0.006113092205807438,1.2053803002714667e-05,4.94461892466345e-05,0.24450781955588624,9.951743158886712e-06,0.0003291634093380186,0.0005605606824492731,246.0,0.9896989033165952
YHR041C,0.006113092205807438,0.00039701009096869145,4.9616080465715194e-05,0.24762226049927888,0.00044997747302089096,0.0003469018306429075,0.0005623705541785299,205.0,0.989704958909051
YGR104C,0.0058583800305654615,0.00022981966394669762,4.731215280338679e-05,0.2404494034276515,0.00025936267259090925,0.0003245332928396424,0.000559920889959765,231.0,0.9897009757442781
YLR071C,0.007641365257259297,0.0015330625966764936,7.002074625619853e-05,0.26547601295443807,0.0014418652780109158,0.00043644325295985197,0.0005812607927979138,182.0,0.9897093968006362
YHR058C,0.0058583800305654615,6.499084069390481e-06,4.919079403251259e-05,0.2443644972700973,5.813384026935315e-06,0.00031486833637428373,0.0005583079729264479,277.0,0.9896940929669826
YNL025C,0.00738665308201732,0.004421475891762656,0.0001903027367047002,0.283231863145246,0.004481635402626388,0.00047394941285632507,0.0005818438223133695,965.0,0.9895562374981934
YMR112C,0.00891492613346918,0.0032412538133565157,0.0021956743407273186,0.272870726624369,0.002818431438198936,0.0004884653258361642,0.0005934967391522072,190.0,0.9897083545998323
YNR010W,0.007131940906775344,0.0008889602392483531,5.0269003873777393e-05,0.24867262003480078,0.0009675408900393429,0.00044735534979972746,0.0005711952048674229,132.0,0.9897170355306957
YNL236W,0.006113092205807438,1.2053803002714667e-05,4.9446189246634504e-05,0.24450781955588624,9.951743158886712e-06,0.0003291634093380186,0.000560560682449272,246.0,0.9896989033165952
YOL135C,0.006113092205807438,1.2053803002714667e-05,4.9446189246634504e-05,0.24450781955588624,9.951743158886712e-06,0.0003291634093380186,0.0005605606824492776,246.0,0.9896989033165952
YOL051W,0.007896077432501274,0.0018698539949552394,7.091823247329889e-05,0.2664374727371875,0.001766496869189389,0.00045988202734503704,0.0005840789524050544,228.0,0.9897016243082432
YPL042C,0.006113092205807438,1.2053803002714667e-05,4.9446189246634504e-05,0.24450781955588624,9.951743158886712e-06,0.0003291634093380186,0.0005605606824492697,246.0,0.9896989033165952
YOR174W,0.006367804381049414,0.000675148397818148,0.00010274476804262247,0.2624307540802318,0.0007045170476868321,0.0003529245672115705,0.0005648241338655831,195.0,0.9897063425126211
YPR168W,0.006113092205807438,1.2053803002714667e-05,4.9446189246634504e-05,0.24450781955588624,9.951743158886712e-06,0.0003291634093380186,0.0005605606824492771,246.0,0.9896989033165952
YPR070W,0.006622516556291391,0.0010256871471893832,0.00010959092337353963,0.2652507947037875,0.0010676180485411119,0.0003766910709502582,0.0005686283154698775,184.0,0.9897090475499654
YKR095W-A,0.0010188487009679063,0.0,2.017654367348909e-06,0.2201474207055726,0.0,0.00018356579064251566,0.00034145297579212105,1898.0,0.989415753491312
YJL184W,0.0010188487009679063,0.0,2.017654367348909e-06,0.2201474207055726,0.0,0.00018356579064251566,0.00034145297579212105,1898.0,0.989415753491312
YML036W,0.0010188487009679063,0.0,2.017654367348909e-06,0.2201474207055726,0.0,0.00018356579064251566,0.0003414529757921204,1898.0,0.989415753491312
YML059C,0.002292409577177789,0.001154943364241646,0.00020260819419445344,0.2713315368155246,0.0012028570290424211,0.00019054885264705883,0.0005031523877408976,1202.0,0.9895118902990291
YJL209W,0.00738665308201732,0.012048648103370594,0.00022277135897458462,0.28680419592455847,0.012535483152764067,0.0009622808679417631,0.0005790632226235072,3608.0,0.9881597406733661
YNL271C,0.00967906265919511,0.0058397447958934146,0.00018656953420670853,0.2818488950634821,0.005777612216791831,0.0009263616502105983,0.0006042672500912147,1941.0,0.9894110748134137
YIL066C,0.004584819154355578,0.00376808330371244,5.0707243490115136e-05,0.25487212085354755,0.003983092279687577,0.0005046368427376974,0.0005508489268394235,1195.0,0.9895151637744103
YDL122W,0.013245033112582781,0.00997733696508835,0.0004390203205245,0.2939956504533046,0.010105360154705466,0.001252674977495239,0.0006160852066185267,3576.0,0.9886568457950607
YDR055W,0.0015282730514518594,0.0010004422514425088,5.597516735841076e-06,0.2474426229034541,0.0010868589316195484,0.00018174871033048822,0.0004255717513924499,1586.0,0.9894562789632518
YJL200C,0.0005094243504839531,6.0794379847288884e-05,2.681133432125749e-06,0.22255012106797994,7.95000966681255e-05,8.318234473517932e-05,0.00026079777351355215,2652.0,0.9893538136420883
YDR325W,0.002292409577177789,0.000980706854644905,1.701387539909546e-05,0.23400102850723925,0.000895910050261056,0.0002515772636456322,0.00046584427039252226,1077.0,0.9895347623597212
YFR031C,0.0010188487009679063,0.0,2.4744659111554283e-06,0.19749302511238415,0.0,0.00015667899604805037,0.00031563369750803766,1812.5,0.9894276677212333
YLR086W,0.0015282730514518594,0.000515761458100822,0.00014670391464646643,0.21024165029054545,0.0005650796589441155,0.00020973802748209256,0.0003778154256355132,1341.0,0.9894929931878415
YLR272C,0.0012735608762098828,0.00041174877354371793,1.5195589781669321e-05,0.2256418385304952,0.0005534342830378684,0.00018458476404147354,0.00035937417077546894,1656.0,0.9894472296914604
YBL097W,0.0010188487009679063,0.0,2.4744659111554283e-06,0.19749302511238415,0.0,0.00015667899604805037,0.00031563369750803766,1812.5,0.9894276677212333
YML092C,0.012735608762098827,0.004743909463329462,0.0003677726626364968,0.28102557794060923,0.004980635181322014,0.000622738738291116,0.0006125540558895623,2155.0,0.9893892597016813
YBL041W,0.00891492613346918,0.0016144524014043238,0.002126497568702851,0.27031502097154714,0.0017001675151783046,0.0003686173505284305,0.0005991841037465983,26.0,0.9897583230924868
YDL007W,0.011462047885888945,7.77805309180106e-05,0.00022045287890698056,0.2628352007765376,5.983791918066426e-05,0.0004776681337639486,0.0006069898423891706,709.5,0.9896054273242307
YCR076C,0.007641365257259297,5.067207305337934e-06,0.00017767713128204163,0.2524031275536545,3.7045856249100217e-06,0.0003301049738174712,0.0005910319132410071,188.0,0.9897085448887535
YER012W,0.010188487009679063,0.0004223344013768505,0.00019931221676543505,0.26071659308491935,0.0004515884956898525,0.0004428549631287169,0.0006028505561640925,419.0,0.9896662027966604
YDR120C,0.001782985226693836,9.211815398522259e-05,9.926471855455252e-05,0.24218774148496475,0.0001044138037299914,0.00011069100544127235,0.0004730324868820584,1427.0,0.9894788415015763
YMR314W,0.010443199184921039,5.568188286651342e-05,0.00020275201277080901,0.26078907980017196,4.701162012567278e-05,0.0004394624787026674,0.0006038913830522473,499.0,0.9896499533272961
YOR117W,0.012480896586856851,0.0026720490497057605,0.00022393982871528583,0.2707832340563708,0.0027135452335094934,0.0006023151173906522,0.0006103647496149149,1116.0,0.9895269252038367
YOL038W,0.010188487009679063,0.0004780232985723879,0.0001999881574875017,0.2650072390934506,0.00040477745980776276,0.0004434913254795221,0.0006035583053702372,392.0,0.9896722274852753
YOR259C,0.010443199184921039,0.0011455177252814412,0.0002913721913338896,0.26818959907684586,0.0011837116619164284,0.00048188417565027874,0.0006049850490465785,395.0,0.9896718273259613
YOR362C,0.010188487009679063,0.000706029939756327,0.0001970116600177329,0.25931111279874725,0.0007168788006700629,0.0004795566014247927,0.0006018566861455955,416.0,0.9896669930533295
YOR261C,0.011207335710646969,0.000422258962996822,0.00016634819547753496,0.2656827992554223,0.00038709705183686237,0.0004892118130585575,0.0006065816325539451,596.0,0.9896284471015169
YPR108W,0.009424350483953133,0.0004662082142790036,0.00012211373221905728,0.25999393604636367,0.0004943194167561078,0.00042160064684186105,0.0006008188311417273,305.0,0.9896879335129063
YPR103W,0.00891492613346918,0.001814147041922987,0.00015670498846450965,0.2577612318689938,0.00187418659392678,0.00044498148515006997,0.0005992484984215622,315.0,0.9896851008166074
YER099C,0.012226184411614875,0.016588818967123265,0.0009441383879898994,0.2871334270364333,0.016792874154153772,0.0014605142882110507,0.0006060953985117488,3656.0,0.9866835732333177
YGR260W,0.003056546102903719,0.0010882646008201033,3.918747791508132e-06,0.2463864257345071,0.0011498468955356443,0.0003545195741300099,0.0005155679507086807,829.0,0.9895815933065405
YKR093W,0.0012735608762098828,0.0001662073520970747,3.6683951775359542e-06,0.237256386182185,0.00019272690859777254,0.00015375746452898388,0.000408719471949745,1741.0,0.9894344186169372
YKR035W-A,0.0038206826286296485,0.0018491702793730295,1.1614117962575152e-05,0.24198468178555782,0.001863771546309754,0.00048364089518871517,0.0005197574557873721,655.0,0.9896162815740058
YLR025W,0.003565970453387672,0.00147931842189866,4.162258578008246e-06,0.2307486156878889,0.0014950739259970993,0.0005061972524526261,0.0005029600160195045,622.0,0.9896239668087852
YBL022C,0.004839531329597555,0.002959581336858605,0.0015957445029242115,0.2812994820126761,0.0030601431635645234,0.00043324898363533357,0.0005649711216199102,522.0,0.9896450967476188
YBR026C,0.0025471217524197657,0.0022484135623609945,7.206130790351761e-05,0.27450779127049124,0.0022736401992778164,0.0002424286678647456,0.0005147838577147294,1315.0,0.989497944986168
YCL009C,0.004330106979113601,0.0007650267615552697,0.00018617046052621836,0.26292729439979495,0.000778269873349085,0.0003096027063841789,0.0005639858525708193,516.0,0.9896460330041721
YBR176W,0.0007641365257259297,0.0001815334887072464,4.765407499324861e-05,0.24867262003480078,0.00020248813247421258,8.701251674776375e-05,0.0003528715551418906,2373.0,0.9893779239875534
YCL064C,0.010443199184921039,0.0012978171245122856,0.0018730039074070864,0.27225691104310823,0.001252708683177227,0.0006867461812547512,0.0006098359508205726,68.0,0.9897348629224293
YCL057W,0.0010188487009679063,0.0006705945051090465,9.182171427081167e-05,0.24477899863550848,0.0006734340595655593,0.00012951578382037798,0.00035293790471273615,1914.0,0.989413541629861
YCR046C,0.016556291390728478,0.0009391606031809568,0.0049321972681060245,0.2851693008349224,0.0008405520862751503,0.000524539062087724,0.0006248749231581174,2647.0,0.9893539646557523
YCR024C,0.0020376974019358125,0.0008292959269230199,3.8775118480165546e-05,0.2528624134711601,0.0008691700412940187,0.000177916973409471,0.00048188187095481806,1309.0,0.9894987979817331
YDL066W,0.006113092205807438,0.0003241695710263943,0.00031763802207899014,0.26013814678534797,0.00031224723379590964,0.0004003300660621801,0.000584646451808197,165.0,0.9897123129635048
YDL178W,0.0012735608762098828,6.879364770180899e-05,5.068227500826561e-05,0.24117583667063533,8.033478351317628e-05,0.00012128116991135994,0.00042181288676274,1775.0,0.9894309784777271
YDR019C,0.0012735608762098828,0.0004155720903131245,4.4908779558413296e-05,0.2397579711857035,0.00041092428098346475,0.00015185784449829988,0.0004090455607981407,1710.0,0.989438225353872
YDR065W,0.0015282730514518594,0.00016593902947056643,8.32367735127092e-05,0.24248513482098324,0.0001986430253625243,0.00015181789709544012,0.0004291274505168057,1570.0,0.9894591024715277
YDR204W,0.0010188487009679063,1.7449270390873982e-05,3.827856002420989e-05,0.23757186671848754,2.7067794875187464e-05,0.00010528482140423436,0.000381468956092693,2021.0,0.9894052666037078
YDR234W,0.0012735608762098828,0.0004483652622875536,5.4267217290374544e-05,0.2483105553332279,0.00040811624889315157,0.0001291469484595098,0.0004273281375851057,1756.0,0.9894329874579226
YER014W,0.0005094243504839531,0.0001523742657655483,3.933142689961329e-05,0.2524540769132737,0.0001444350437029402,7.470814223749518e-05,0.00028749280458841616,2814.0,0.989348860904345
YER087W,0.0005094243504839531,0.0,4.1658961153097386e-05,0.23504181488974968,0.0,6.647458537996638e-05,0.00028697558620355566,2771.0,0.9893499041043066
YFL016C,0.004584819154355578,8.78061252282383e-05,0.000258163423402008,0.2567382298539123,9.742043407634534e-05,0.000302832058527041,0.0005677216483873748,458.0,0.9896588113042087
YGL143C,0.0007641365257259297,0.00025742099633388894,5.135528769548234e-05,0.2585071304316573,0.00023156247518272362,9.548737590851435e-05,0.000353182451208568,2398.0,0.9893759932688397
YGL256W,0.00025471217524197657,0.0,3.201387904307672e-05,0.2347770784735044,0.0,5.268949969507518e-05,0.00018487159285697415,3378.5,0.9893196480204387
YHL014C,0.00025471217524197657,0.0,3.201387904307672e-05,0.2347770784735044,0.0,5.268949969507518e-05,0.00018487159285697407,3378.5,0.9893196480204387
YHL018W,0.002292409577177789,0.0014335614869484664,6.320330423761982e-05,0.2606984777018534,0.0014992972925278406,0.00020914581904957747,0.0004990852102836072,1227.0,0.9895083684301937
YHR008C,0.0028018339276617422,1.4312196711569884e-05,0.0002245523655993306,0.2505825479920573,1.6987173427944194e-05,0.00018823222868655215,0.0005266736410301499,955.0,0.9895589142440062
YIL051C,0.004584819154355578,0.0008811481630986075,0.00016073531978131272,0.26230232739688714,0.0008829195479261014,0.00031657010447640665,0.000568547703633882,466.0,0.9896564448040673
YJL071W,0.0005094243504839531,8.223786199984376e-05,3.269001374873341e-05,0.23650860382533245,9.206490917464076e-05,8.285792648645587e-05,0.0002587259797088464,2722.0,0.9893518223537999
YJR122W,0.0007641365257259297,6.110187232566084e-05,4.2692556977282855e-05,0.24000335771029704,7.02064193178088e-05,8.633580753626674e-05,0.00034572190333433724,2367.0,0.9893783512362552
YKL134C,0.0007641365257259297,0.00029550334782372297,4.762338803705452e-05,0.24954921789724466,0.000271034592488424,9.329709673347373e-05,0.0003529590239542663,2348.0,0.9893793195995545
YLR192C,0.0025471217524197657,0.00041493276833873553,0.0002960015252578394,0.2520639899956381,0.00045509961121730457,0.0001952595620510653,0.0005096725692747351,998.0,0.9895500066336343
YLR290C,0.0005094243504839531,0.0,5.7465452218161565e-05,0.2392687004071854,0.0,6.674405546117653e-05,0.0002857774152940089,2777.0,0.9893496287027037
YLR393W,0.00025471217524197657,0.0,3.201387904307672e-05,0.2347770784735044,0.0,5.268949969507518e-05,0.0001848715928569742,3378.5,0.9893196480204387
YLR369W,0.002292409577177789,0.0007041977393754872,0.00015869057939530586,0.2550800524226714,0.0007100488464671483,0.0001944918907141562,0.0005002514106913474,1135.0,0.9895237814636653
YML110C,0.0020376974019358125,3.348195159167132e-05,8.614798029967352e-05,0.24341329253179408,4.037314367941e-05,0.0001714622257427404,0.00048370391774760023,1290.0,0.9895004817495686
YMR072W,0.00738665308201732,0.0009668554489881785,0.03661173642559905,0.2803326726752147,0.0009205790280074216,0.00023577214286883078,0.0006002390911166747,3698.0,0.9830091105773348
YNL168C,0.0005094243504839531,2.9860615234731052e-05,3.3505572716302583e-05,0.2394061058630088,3.1435504891467325e-05,7.636671077570605e-05,0.0002804605502336703,2784.0,0.9893495609660838
YOL008W,0.0007641365257259297,0.0003909256072812312,3.522207149276477e-05,0.2540781804757279,0.00043004774995384845,9.352676360296425e-05,0.0003528321210771575,2361.0,0.9893786318480943
YOR022C,0.0007641365257259297,0.00047931065984844264,3.822791106985417e-05,0.2473121409982911,0.00048189416586907685,0.0001121323992858138,0.00034879334747669837,2271.0,0.9893826957757688
YOR142W,0.002292409577177789,0.0006488772433766346,0.00015743997516367653,0.26377759358022174,0.0006061914008038096,0.0002069283338181232,0.000503866659221003,1183.0,0.9895177845913747
YOR356W,0.0020376974019358125,0.00022886368736229625,0.0001804071990018168,0.2530158804427186,0.0002469619210008381,0.00017905566677144132,0.00048779721939427916,1278.0,0.9895021499330616
YPL104W,0.0007641365257259297,3.28156814167535e-05,0.0025793174758962836,0.24785126774244115,4.5371767965587644e-05,6.43322063500292e-05,0.0003540776039205291,1641.0,0.9894496034807431
YPL188W,0.00025471217524197657,0.0,3.201387904307672e-05,0.2347770784735044,0.0,5.268949969507518e-05,0.00018487159285697415,3378.5,0.9893196480204387
YPL135W,0.002292409577177789,0.0002429398865589141,9.912303208638585e-05,0.2478185264917486,0.00025574574923724195,0.000208885360279878,0.0004910307114971182,1137.0,0.9895236884031763
YPR116W,0.0028018339276617422,0.0013181946077328321,0.00019283658895504188,0.24896964108062863,0.0013389752604763025,0.00025431408474780123,0.0004975792939361948,921.0,0.9895637920627651
YDR280W,0.01553744268976057,0.0005130719783657441,0.0033565260415958074,0.2616985764863691,0.0005434536348539376,0.0003765061596257333,0.0006200957434032473,3396.0,0.989319487276187
YGR111W,0.0053489556800815075,0.005056075322202171,0.00047535858160175997,0.26171683113037625,0.005294998198185259,0.0006287138765852588,0.0005600765995421395,1800.0,0.989428828882082
YBL101C,0.004330106979113601,0.000782942058268975,3.883027537304011e-05,0.2564399214739303,0.0006497862024591658,0.0003657442377527373,0.0005623564809485089,514.0,0.9896469268312208
YPL183C,0.0007641365257259297,0.00017915768885260456,1.938049174844384e-05,0.24231287077532124,0.00020768009948275734,0.00011326993560357606,0.00034440346439263303,2330.0,0.9893801470765308
YBL102W,0.0005094243504839531,9.82434369191059e-05,9.15692305634677e-05,0.23498293299211334,0.0001216327206164398,7.215363466324111e-05,0.00028586904318655536,2616.0,0.9893552859774641
YPR100W,0.015282730514518594,0.0011812237475211976,0.004706757297393055,0.2740866747815819,0.0011708484096810887,0.0005257807959385885,0.0006216845966528577,1875.0,0.9894178708432753
YKL067W,0.0025471217524197657,0.0014801977660142535,4.3250476200312785e-05,0.24954921789724466,0.001505851640744491,0.00034163077928334965,0.00047968931313008224,1062.0,0.9895387308751006
YBL103C,0.0007641365257259297,0.000533988638460281,2.298020635365791e-06,0.2242393312864615,0.0005416731329772196,0.00015983415026687392,0.00027437547955890966,2113.0,0.98939261516438
YOL067C,0.00025471217524197657,0.0,3.1355168538042375e-08,0.18240908605596157,0.0,8.344704688905997e-05,0.00013366052441258068,2943.0,0.9893292412545825
YBL104C,0.001782985226693836,0.0008186237742832275,1.8938882382736408e-05,0.23655333781508567,0.0008351515423816528,0.00023656874794810342,0.0004270935110629807,1351.0,0.9894907430716042
YDR128W,0.001782985226693836,4.970456883196583e-05,1.3327222235767413e-06,0.2107494518387392,5.3973241579036696e-05,0.00023522319841953412,0.0004246534387076748,1264.0,0.9895034212329101
YGL100W,0.0020376974019358125,0.0008514250087443386,9.64475481976045e-06,0.24078889045597957,0.000880191745526768,0.00025088912781329534,0.00045504301976897484,1216.0,0.9895092998679546
YEL062W,0.002292409577177789,0.0006069348265691103,1.4536315487278658e-06,0.21864641556439823,0.0006054284503661038,0.0003250705638108833,0.0004373580725177497,986.0,0.9895525663883799
YJR138W,0.003056546102903719,0.0007224507389055792,3.2787411921077582e-06,0.22671898550275388,0.0007334258434402795,0.00039639661243000117,0.0004840236116261382,717.0,0.9896042877775826
YHL023C,0.001782985226693836,3.0314376998987395e-05,5.713157340061813e-07,0.2081538136524313,2.6792840200131373e-05,0.00023967813555557567,0.0004182331636820702,1245.0,0.9895053042460993
YOL138C,0.002292409577177789,0.00033268910761539674,5.9050596459862916e-06,0.21876115043350672,0.0003873005099395984,0.00029710523980671657,0.0004534894941443175,1001.0,0.9895497161525446
YHR073W,0.003056546102903719,0.000987626310240063,1.3236890543963731e-06,0.21353209783649615,0.001011231174442893,0.00042246771766880215,0.00048229616588951144,658.0,0.9896155372947224
YLR310C,0.0025471217524197657,0.0026092353262363015,6.555686864904609e-05,0.2601020791046845,0.0026284944389333505,0.00033059989964694635,0.00048349723421327117,1360.0,0.9894893093600355
YMR210W,0.00025471217524197657,0.0,1.9828136117079287e-08,0.17869088398747793,0.0,6.901761751193917e-05,0.00016330647201740856,2941.0,0.9893292652534285
YEL020C,0.002292409577177789,0.0015840650520481028,0.0003954746253579239,0.25259004248586736,0.0018279251648590925,0.0002465093601986988,0.0004954866595004171,1133.0,0.9895238191499829
YDR283C,0.0007641365257259297,0.0003259215958343859,6.83707814017234e-05,0.24887055525902585,0.0003175811004550236,0.00011251858525895802,0.0003466685375186428,2282.0,0.9893820749245023
YBR001C,0.0005094243504839531,0.00012263593757271763,4.6873748382593985e-06,0.22206276580759196,0.0001449006464694036,0.00010026588115007215,0.00028067525312735055,2585.0,0.9893564525829248
YMR298W,0.004075394803871625,0.0026463418092159863,0.0002298901710598336,0.25492407195849126,0.0028508728764644977,0.000534359616328764,0.0005340673556934716,790.0,0.9895909298408185
YBL105C,0.00025471217524197657,0.0,1.289490248927842e-05,0.22195767221279425,0.0,6.417310198136226e-05,0.00018225209811808805,3288.5,0.989321219947145
YBR002C,0.0005094243504839531,0.0,3.712423477221015e-07,0.21600302193926735,0.0,9.098431955912662e-05,0.00026283435806072716,2638.0,0.9893544112306496
YKR067W,0.0056036678553234845,0.00301162913004539,1.3964759070255334e-05,0.25848932077747666,0.002978705548335241,0.0004871144694251348,0.0005752490876136044,645.0,0.9896191805679051
YDL193W,0.0012735608762098828,0.0019527193641075966,1.3253852767511838e-05,0.2574252137965745,0.0020215567084947584,0.00019949113417964232,0.0003865556090985215,1989.0,0.9894078384998767
YBR006W,0.00025471217524197657,0.0,1.6517638123462332e-06,0.22383799612725652,0.0,5.560784255599289e-05,0.00018291510713887743,3375.0,0.9893197951765939
YPL061W,0.010952623535404993,0.006126369325407574,0.00012112306038581878,0.2902880070472011,0.006135724947066798,0.000878796087418398,0.0006134905347343494,2484.0,0.9893620662195239
YDL150W,0.009169638308711156,0.004147976558256242,0.00020376792118461352,0.28022798499403045,0.004231161435417636,0.0006678087694067497,0.0006040463214971323,848.0,0.9895773466533885
YBL039C,0.006622516556291391,0.0008099973595998434,0.000529691736281728,0.27716425286880947,0.0008711233755753213,0.0005090966308992108,0.0005903815006761284,88.0,0.9897279034533879
YAL005C,0.0163015792154865,0.009104514167558607,0.00034454175785128213,0.30282263850565566,0.008393439387756226,0.0013762138759793184,0.0006243784259763838,3566.0,0.9887700027907464
YDL137W,0.001782985226693836,0.0006863656550583637,4.933519403368075e-05,0.25840030930337976,0.0006873893586953648,0.00020402407005563298,0.00045607068547714216,1441.0,0.9894765373323549
YDR502C,0.0033112582781456954,0.00045085617374814106,2.4452704094718915e-05,0.2544227633474655,0.00043847157010201574,0.0002793137263276075,0.0005413598402838779,796.0,0.989589581911004
YDR391C,0.0010188487009679063,4.731172091889998e-05,4.6616411200846826e-05,0.2494165054234577,4.891016947448966e-05,0.00011006772500231411,0.0003974170451420873,2051.0,0.989401212055888
YGL001C,0.0012735608762098828,0.000496247672257377,2.750057905425216e-05,0.25371737159082186,0.0005266241795163615,0.00013404571966579512,0.0004209106118728102,1793.0,0.9894297703036428
YER103W,0.00891492613346918,0.004595073529781576,0.00014082686675817842,0.28977235797691336,0.0047849274093387266,0.0007072961875694365,0.0006056453862648711,995.0,0.9895503930916013
YHR113W,0.003056546102903719,0.0008362737842167617,1.8081567798708745e-05,0.25225040278910005,0.0008353314500713614,0.000264165895191242,0.0005272837011995838,856.0,0.9895756310033332
YGL201C,0.004839531329597555,0.0016334750120931736,9.975709625702657e-05,0.2742068618786139,0.001562628786810182,0.00042536919439908633,0.0005611540627886988,495.0,0.9896508883947654
YJL173C,0.002292409577177789,0.0014198959800993277,3.155993689482932e-05,0.24672667134116355,0.0014736321854243854,0.0002898203093918604,0.00046822888765398347,1165.0,0.9895196558442605
YKL094W,0.0015282730514518594,0.00033661023788377506,1.3646312932302986e-05,0.2585605741220504,0.0003564885793661303,0.00015821918260898487,0.00045333039671155786,1646.0,0.9894487804863891
YLL024C,0.020631686194600103,0.016418574814082872,0.0004125798879580736,0.30645858785306496,0.01592810134148637,0.001768339894304813,0.0006302532485501025,3658.0,0.9865824006015442
YML004C,0.0012735608762098828,0.0003841366070241839,4.2192596494876786e-05,0.2699066607499514,0.0003533818163763454,0.0001467569075351166,0.00043094598717956917,1842.0,0.9894220297224587
YMR246W,0.004075394803871625,0.0011986443376650192,0.00010808227993274693,0.2723557267047818,0.001224837987051017,0.000359468379535755,0.0005579659801915093,629.0,0.9896225857415857
YLL050C,0.008660213958227202,0.00043047713710204507,0.00022977000291056157,0.2696738655275695,0.00038463984597370346,0.0005904579814376516,0.0006022891824184601,109.0,0.9897215781050102
YPL262W,0.0020376974019358125,7.012210239627956e-05,6.255185277529908e-05,0.25167510672693005,7.76425161962789e-05,0.00016693660238513528,0.000491231024600241,1334.0,0.9894939318759904
YJL115W,0.0020376974019358125,0.0008623541454627601,0.00020260772581358962,0.2538203552350882,0.0008482484657949895,0.00021927482499437147,0.00045788681349401587,1229.0,0.9895080149207526
YBR215W,0.0010188487009679063,0.0,5.059424402273562e-06,0.21255225986205947,0.0,0.0001377818799651523,0.0003438984945815064,1879.5,0.9894175309509569
YBL008W,0.0020376974019358125,0.0006475349923747448,1.2444662015530158e-05,0.24740998952094123,0.0007398810032123506,0.0002278944215050152,0.00045991887827185354,1260.0,0.9895039629901596
YJR140C,0.0010188487009679063,0.0,5.059424402273562e-06,0.21255225986205947,0.0,0.0001377818799651523,0.0003438984945815058,1879.5,0.9894175309509569
YPL153C,0.0007641365257259297,7.686708208732189e-05,6.687500061201496e-06,0.22258973013081831,9.11448880777018e-05,0.00010970281478696656,0.0003359238954035556,2232.0,0.9893849124131
YOR038C,0.0020376974019358125,0.00038548862978176306,0.00015088028340670798,0.24671044786198537,0.0003831862534594621,0.00021238563718191074,0.00045890936274906464,1219.0,0.9895089435108388
YDR087C,0.015028018339276618,0.00021361144567220912,0.012789869448949517,0.2726327925508701,0.00018631691394839676,0.0004453259807029982,0.0006239752935429266,3542.0,0.9888653992490587
YBR010W,0.013245033112582781,0.0023966873723782105,0.0050131613604948375,0.28852449177830464,0.0020995718580076204,0.0005874795254005298,0.0006207299081887549,667.0,0.9896135023283605
YBL028C,0.014518593988792664,9.394761962686058e-05,0.018271277363578156,0.27010096401159556,9.027258142196186e-05,0.00040497022792302414,0.0006230153943904336,3614.0,0.9879915228920529
YDR312W,0.004584819154355578,5.4650421641088445e-05,0.003021163348094605,0.25714292996265325,6.19475910249035e-05,0.00016405433372435708,0.0005700263008669612,121.0,0.9897191517697879
YDR224C;YBL002W,0.0028018339276617422,4.170697518892142e-05,0.0008231256022352373,0.25392342251523237,4.0663941083821826e-05,0.00015564140543785992,0.0005290636620724279,839.0,0.9895800563899511
YDR496C,0.014263881813550688,0.0022836813451687058,0.015234259088788317,0.2875295034933768,0.0022457162018432023,0.00047830413096169237,0.0006227627690938316,3569.0,0.9887532412261247
YER006W,0.01859398879266429,0.0004170689443892835,0.03398538586259944,0.2790815598843405,0.00035170487522766795,0.0005116789670416468,0.0006294045719329225,3696.0,0.9832985106375505
YER002W,0.012226184411614875,4.3720344887518706e-05,0.010349078062039913,0.26645639450927305,3.370337733374485e-05,0.0003501664859778202,0.0006175821802145598,3431.0,0.9892980087569742
YER164W,0.014009169638308712,0.0017731583971046382,0.031647351995081646,0.2821668414743983,0.0014732281381712575,0.0005190052977151136,0.0006234848961557376,3691.0,0.9847417628664059
YER126C,0.028782475802343353,0.004560200403479371,0.041945606703729155,0.2877941620836905,0.004439024052327884,0.0007757817953895506,0.000637804808975842,3725.0,0.9786539650194069
YGL111W,0.015792154865002548,0.0016140386397513154,0.012446812962776128,0.2778209915649814,0.0014957385107344202,0.0005191000052010782,0.0006256394862359421,3533.0,0.9888874065426466
YFR001W,0.014263881813550688,0.0028657704815382647,0.010750878378757267,0.2902655493644649,0.0024136331895270153,0.0004869521119607858,0.0006229545839405524,3444.0,0.9892544919536116
YHR052W,0.01859398879266429,0.0012307776989690393,0.01817182155222004,0.2842834134781841,0.0010930346762982707,0.000555378226755979,0.0006293033110679039,3618.0,0.9878408885502455
YGR103W,0.0163015792154865,0.0015725756537439556,0.01625800568062416,0.2771028427684693,0.0015234378258459414,0.0004989639614012286,0.0006259508473914729,3600.0,0.9882992175758225
YHR066W,0.011716760061130923,5.17106857830803e-05,0.011679445563027973,0.2678641030259923,5.561693785678391e-05,0.0003461762850113599,0.0006162952215505054,3465.0,0.9891990995364554
YKL009W,0.023433520122261846,0.0010350734753850049,0.050592430486871766,0.28676035547883477,0.0007862318092574309,0.0006434915904485086,0.0006342903613274041,3735.0,0.9755789340509894
YMR131C,0.00815078960774325,6.728353169555595e-05,0.008659236102483142,0.26632399851540844,7.691926915469548e-05,0.00025480512074223423,0.0006022577956394924,817.0,0.9895845986732211
YNL022C,0.00815078960774325,0.0015156329943483411,0.008853747364487064,0.28223051685610606,0.0015408212569561937,0.00026856023184046365,0.0006030213491522344,690.0,0.9896086904420491
YNL031C,0.013499745287824758,0.0028747527741610017,0.004908435593669912,0.28925853759039966,0.0025681807492056938,0.0006079363304839992,0.0006213498690409499,819.0,0.9895842422242497
YNL030W,0.020886398369842078,0.004415480254773718,0.005819475516953593,0.29543090480984835,0.004025020632780763,0.0009804468932797347,0.000631739833789717,3562.0,0.98878129721462
YNR053C,0.019612837493632195,0.0019651489976719827,0.056091111692528874,0.2882584888664009,0.001812030168716474,0.0005627347873875511,0.0006313390857137395,3738.0,0.9732155413799736
YPL146C,0.016556291390728478,0.0005626293176081452,0.04423391731830548,0.282804891164926,0.0004878159185409821,0.0004455081410570166,0.0006274835675256867,3722.0,0.9793707974797495
YFL002C,0.009933774834437087,0.000666770542741556,0.008727920190780695,0.26700629740144277,0.0006177045143982989,0.000328850436833126,0.0006105369142269475,975.0,0.9895554548164001
YPR169W,0.009933774834437087,4.638440011340243e-05,0.01030203550712736,0.268285483810159,3.908563051605972e-05,0.00029070400518859784,0.0006106842324111689,1856.0,0.9894199003682612
YLL022C,0.0010188487009679063,0.0,0.00016349206718753993,0.22733716014815036,0.0,8.629738099885081e-05,0.0003903496655952391,1901.0,0.989415339172868
YEL056W,0.0020376974019358125,1.9878284154322273e-05,0.0005054569563751173,0.24819557392902522,3.2819210822198646e-05,0.0001394166740448403,0.0004872798951095327,1197.0,0.9895145154438675
YPL001W,0.0038206826286296485,4.76333148574582e-05,0.0007680305944756437,0.24949943417243475,7.137333651993825e-05,0.00023158781548164904,0.0005496066421546859,511.0,0.9896473370677676
YOR061W,0.004584819154355578,0.0011753981271309156,0.002030355771181073,0.2707441543574162,0.0011679290620095202,0.00027740564402168146,0.0005643933419848025,199.0,0.9897057276472434
YDR334W,0.006622516556291391,0.001268099103230385,0.0007440878222981998,0.26892004666607466,0.0012978071875630304,0.0003766625847558718,0.0005908387158088668,76.0,0.9897311612379182
YIL035C,0.004330106979113601,0.0012872770699146113,0.0019230610351380986,0.2652320437639668,0.001214121933587352,0.0002883200185485336,0.0005549776809398858,260.0,0.9896967557639709
YER003C,0.0007641365257259297,5.3887393204682384e-05,2.948601291482343e-05,0.22468246548206922,7.234956053233074e-05,9.966770231019853e-05,0.0003412495023648072,2241.0,0.9893842856081877
YJL129C,0.00025471217524197657,0.0,2.624402459546736e-05,0.20863996502725207,0.0,5.2614604401993435e-05,0.000177340361445136,3139.0,0.9893235937852799
YHR131C,0.0010188487009679063,0.0,3.599613592342922e-05,0.21504972150427432,0.0,0.00010011545240023114,0.0003776639625321962,1900.0,0.989415733225251
YLR399C,0.014009169638308712,0.0007901228115584627,0.0019768717245372386,0.2768166217415578,0.0007355476672847535,0.0006768300226523142,0.0006211620403668497,1032.0,0.9895449039355618
YLR223C,0.004075394803871625,0.0009582971059324062,0.0002037580055024814,0.2542503551592515,0.0009389444801316464,0.000272672314096895,0.0005589143282889551,550.0,0.989639819159178
YMR172W,0.001782985226693836,0.0002544599182804488,6.865680985050204e-05,0.23688190486047567,0.0002942373952366091,0.00015851868622105867,0.00046045111906158455,1381.0,0.9894865507949044
YOR039W,0.003056546102903719,0.0001931949707750635,0.0003315250051967635,0.2543192903873838,0.00016763332335220654,0.00019091014204582982,0.0005284310619412189,836.0,0.9895807382255672
YBR011C,0.0020376974019358125,0.0004506654164621237,4.030922210152563e-06,0.2338843343152396,0.0005140977402068221,0.00027423065381530987,0.0004507681819407721,1192.0,0.9895153488451337
YGR070W,0.0010188487009679063,9.048072724830322e-05,0.00011939883716705493,0.22093819874485185,9.852450107195827e-05,0.0001353510282199067,0.0003607214495084084,1847.0,0.9894214427498906
YDL203C,0.0012735608762098828,0.00030723221835577877,2.1278088514117323e-05,0.2360473413705614,0.00037259644529723907,0.0001808625850636848,0.00039031264678049166,1694.0,0.9894398277373166
YLR371W,0.0015282730514518594,7.557521638668947e-05,2.2945404673121737e-06,0.21383634395788634,8.798290790183784e-05,0.00021026637669190274,0.0004100940297875198,1448.0,0.9894757866380514
YMR037C,0.0025471217524197657,0.003935405564233085,2.508362266095033e-05,0.25783208432415294,0.00396687407017113,0.00034403513663633736,0.0005034731007351941,2181.0,0.9893874993353354
YPL066W,0.0012735608762098828,0.0005829017138268576,3.813284891690234e-05,0.25593263922817694,0.0005626284101286578,0.00019304691891087095,0.00040636921083969977,1764.0,0.9894324094575024
YMR267W,0.0010188487009679063,0.0003802485069909455,1.1757035876860017e-05,0.24892008830923334,0.0003937353511631973,0.00013680885401690064,0.0003896728234538306,2004.0,0.9894063914279395
YPR133C,0.0058583800305654615,3.642278087399408e-05,0.000588113770937541,0.26144327859278615,3.064790497258873e-05,0.0003037149767812481,0.0005839438088623848,189.0,0.9897084490001046
YPR187W,0.011716760061130923,0.0019945342807681657,0.0004868002352620631,0.27458815069416526,0.0018483818344399983,0.0006566878021612459,0.0006128085062037648,608.0,0.9896257943502711
YGR005C,0.004584819154355578,1.049808544514834e-05,0.0001765207256907732,0.24994820405603047,8.2371739924165e-06,0.00025275874534926897,0.000566891693969122,465.0,0.9896564837252314
YBR083W,0.0015282730514518594,0.00030027431498739273,1.9534353099569338e-05,0.2434606768597154,0.0003402297030588971,0.00019239984243966235,0.00043224362460092834,1568.0,0.9894593574884153
YOR303W,0.0005094243504839531,0.0,1.3156661153441317e-06,0.21432494522364184,0.0,8.770459500986629e-05,0.0002664605118470594,2631.0,0.9893548024231256
YDL198C,0.001782985226693836,9.491890491007026e-05,1.3130637276339937e-05,0.22960482780032274,9.559955829712934e-05,0.00018057032134802167,0.00046429406456069855,1379.0,0.9894869319028189
YNR001C,0.0012735608762098828,0.0010003614187517878,3.044899905682591e-05,0.2612794213847544,0.0009835940101347777,0.00021570802457227556,0.0003885500876531408,1789.0,0.9894300350756866
YOR189W,0.003565970453387672,2.75916898115283e-06,4.895718554083694e-05,0.2527602055433221,2.5950450074736744e-06,0.00022714288528588182,0.0005416446883073985,753.0,0.9895976397435053
YBR014C,0.004075394803871625,0.0010525289542507286,3.220919808519475e-05,0.24954921789724466,0.0009189130586293941,0.0002591426669353175,0.0005566111267035398,576.0,0.9896343753280569
YFL039C,0.004075394803871625,0.0008257553798972559,4.046562764099946e-05,0.2515907256142341,0.0008294063570179748,0.0002872059295957485,0.0005508826178584395,572.0,0.9896354959036596
YPR184W,0.0020376974019358125,0.0006809210195584055,2.9739915063318604e-06,0.22805570697088948,0.0007112931601481424,0.0002923679241659614,0.0004358352084870452,1156.0,0.9895215389973235
YGR010W,0.0033112582781456954,0.0019173395610418912,0.00023012592787661845,0.25213174457933435,0.002082110098284865,0.0003507691690974692,0.0005269295248151514,837.0,0.9895805366710363
YKL011C,0.0015282730514518594,0.0007331780812807665,0.00026866601012511096,0.2448588717016951,0.0008451621610324643,0.00011536598144515975,0.0004480759585270293,1497.0,0.9894690494832732
YOR006C,0.006622516556291391,0.0037884390008957624,0.0023904934598484285,0.2825067759268936,0.003938755971405263,0.0005533219711621319,0.0005888478854913423,445.0,0.9896607083419408
YER032W,0.004075394803871625,0.0010558182936665553,0.00023459869170863441,0.2724150505398297,0.0010453650659606253,0.00034741223209379195,0.0005594975441256608,591.0,0.9896291010318335
YDR069C,0.00025471217524197657,0.0,1.7262593733806818e-06,0.21304710073732747,0.0,5.618768330062571e-05,0.00017873831681404167,3272.0,0.9893215738911084
YDR395W,0.005094243504839531,0.0014749682675797916,3.890740540606149e-05,0.26645639450927305,0.0015928699998895336,0.0004168458090610855,0.0005735231774897999,430.0,0.9896632888479894
YER110C,0.015282730514518594,0.013606255851367292,9.916361565296044e-05,0.28686998173293626,0.013134910024370323,0.0014257527289793987,0.0006209312764493198,3632.0,0.9875646630594934
YHR007C,0.001782985226693836,0.00017524901683785375,6.721169886493292e-06,0.24226593214212397,0.00017622428896064504,0.00017402308616685367,0.00047319149962814217,1428.0,0.9894787720147611
YMR308C,0.004330106979113601,0.002051356763406228,0.0002509640022286453,0.2624858325930512,0.0020346239493297413,0.000394878231495879,0.0005577844096635214,590.0,0.9896292291324245
YKL209C,0.004075394803871625,0.0029122384939647594,7.19641466205647e-05,0.26095232237342286,0.0027533100154759752,0.00045095976921619217,0.0005422684737779056,867.0,0.9895735633958231
YGR032W,0.0056036678553234845,0.005286320314324455,8.162745788520125e-05,0.2703344975203598,0.0053900420243497,0.000556401365930247,0.0005732126986268006,1942.0,0.9894109457393333
YNL323W,0.0028018339276617422,0.00016872582184220228,2.403035881234041e-05,0.23794853444222944,0.00018059302522576966,0.00026973311857309885,0.0005137295531691816,900.0,0.9895671239049968
YPL265W,0.0007641365257259297,0.00011493655905481909,2.004383556162304e-06,0.2148034860642969,0.00013245124755185256,0.00011932930632176707,0.0003168558251829087,2149.0,0.9893894419652383
YOR327C,0.0028018339276617422,9.938420206038891e-05,2.4563231370130057e-05,0.23295495412176045,9.129672119196475e-05,0.0002639948949047381,0.0005144416006092166,891.0,0.989569804352071
YDR264C,0.006622516556291391,0.0019555560401454883,2.8856237250020515e-05,0.24455563101845088,0.002027152526237687,0.0005634367869218015,0.0005819552854882685,279.0,0.9896938506154933
YBL050W,0.0025471217524197657,0.0013830622108855898,1.4113045459090409e-05,0.2287090820533419,0.00137237579762488,0.0002407338842282829,0.0005006147970110312,1002.0,0.9895495576484566
YER001W,0.004584819154355578,0.0006705550404100992,4.100701699092088e-06,0.23328809868090988,0.0007430095131881558,0.0003937954975981975,0.0005578139359930775,364.0,0.9896760009040848
YEL042W,0.008405501782985226,0.001404696703438871,8.259683470087929e-06,0.2502482819372423,0.001337574360818093,0.0005995834361115275,0.0005954273134777213,223.0,0.9897023677920549
YGL160W,0.007896077432501274,0.005402056351551776,2.810886864340367e-05,0.24460346118293722,0.005518048438052164,0.0008595575447111105,0.0005808314356442032,2667.0,0.9893533734836194
YHL031C,0.004839531329597555,0.0001287161638242567,4.1036703986907585e-06,0.2294082843830678,0.00013611678547497582,0.00033518243054273444,0.0005654630737706872,347.0,0.989679699060163
YGL203C,0.006877228731533368,0.002321521572480753,2.636660688461134e-05,0.23882702043826057,0.002410125450315873,0.0006742297810621903,0.0005785396196477203,351.0,0.9896785739916522
YIL005W,0.007131940906775344,0.0014534060970774504,7.983674856537302e-06,0.253220793081263,0.0014314195519853504,0.0004991161054032284,0.0005875471968486349,179.0,0.9897096550086248
YHR042W,0.0015282730514518594,0.0011527273114071703,0.0016911150042108096,0.2503317648175256,0.0013460482817266954,0.0001557306764502006,0.00043674064313267247,1201.0,0.9895130151568945
YJR086W,0.0010188487009679063,0.0004357734577249799,5.887017453624773e-07,0.20713108596031105,0.0004341413093095448,0.0001745791364771538,0.00031324689469504455,1785.0,0.989430134883656
YJL198W,0.0053489556800815075,0.0012761584660754889,2.738818756969812e-05,0.23630006871678258,0.0012077740516696514,0.0004671338604348048,0.0005683258626794043,262.0,0.9896963732311156
YMR054W,0.0056036678553234845,0.0008442920618109621,3.1259375496828564e-05,0.23498293299211334,0.0008020293374817592,0.0004752960438530559,0.0005720603072555816,187.0,0.989708554430292
YOR320C,0.0038206826286296485,0.00044411599824843305,4.689203334440016e-06,0.23800891214698516,0.00043867141813031375,0.0002932865067026509,0.0005500747621996713,582.0,0.9896321254952534
YOR212W,0.0007641365257259297,0.000144384461431556,4.0171877324305777e-07,0.19717129071864387,0.0001622090014607721,0.00014324728207344112,0.00026656408550553,2058.0,0.9894001031721393
YDR508C,0.0038206826286296485,0.00043562817153918685,4.7070808692454746e-06,0.2344689720713082,0.0004389561334667827,0.0003428146576939649,0.000546799455309256,559.0,0.9896377800457006
YDR182W,0.007131940906775344,0.0045563465815395676,1.7431314942898007e-05,0.2634442136697847,0.004752264624140673,0.0005197586274821746,0.0005883197445426296,1288.0,0.9895005342446689
YKL039W,0.0033112582781456954,3.5456033790866034e-05,2.3744840148324576e-05,0.22802798657378592,3.1980214485143935e-05,0.00030214229391733647,0.0005310138414659076,695.0,0.9896080582363093
YHL017W,0.0033112582781456954,4.0496123294960735e-05,2.3415943842697177e-05,0.22691094593801475,3.267738732465738e-05,0.0002951644382379597,0.0005325418500554677,689.0,0.9896088014062007
YPR037C,0.007131940906775344,0.0009531442857686617,6.4479490857482585e-06,0.24363457734318664,0.0010039029973397768,0.0004777242735597572,0.0005874761735546627,136.0,0.9897157093621437
YMR071C,0.004584819154355578,0.0010543531437120545,2.48505298082083e-05,0.24301913926323426,0.0011232269179735604,0.0004154417394688838,0.0005572373772881054,413.0,0.9896676874213799
YDR292C,0.0028018339276617422,0.0007909716111317729,0.00048251242454109335,0.2514558334619043,0.0008233046409131415,0.00020583577051264668,0.0005250379661768862,845.0,0.9895782391329316
YHR107C,0.0025471217524197657,0.001852963832004806,0.00014309122898695047,0.2630378919717522,0.0019399071737045085,0.00032916670226634836,0.0004697338870675669,1145.0,0.9895232675127649
YMR109W,0.003056546102903719,0.001160646652386735,0.0005230601297302833,0.25563619888840183,0.0012363998349153953,0.0002589090979032071,0.000528239275697231,782.0,0.9895923870301684
YNL244C,0.0028018339276617422,0.0008858200032713104,0.00036027864019321664,0.2629457208693723,0.0008899185335505312,0.00021845189436376093,0.0005215033375628549,920.0,0.9895638045394548
YPL263C,0.0012735608762098828,0.0004190862362409057,0.0001893530574161444,0.25950840303534883,0.00046547308315848644,0.0001215723589688244,0.00043158705052493833,1751.0,0.9894333818130807
YPL226W,0.003056546102903719,0.0006864494079061557,0.001440438416715324,0.2568964389650855,0.000731958371875653,0.00022278819415072612,0.000533109500148105,617.0,0.9896244454961606
YPR041W,0.003565970453387672,0.0007130715342608998,0.0020227875321399036,0.25714292996265325,0.0008220604531695161,0.00025671547615233514,0.000542594402757291,403.0,0.9896697703853563
YBR079C,0.005094243504839531,0.0005375537159404714,0.002962149257534068,0.2594725097569207,0.0006135759969435271,0.0003284915575543085,0.0005700472680279061,42.0,0.9897501633385807
YJL128C,0.0020376974019358125,0.00026561976252566786,0.0004025678830246663,0.24806429693124457,0.0002965119352488842,0.00017691484133688487,0.00048353895696941977,1187.0,0.9895165789333389
YOR361C,0.00738665308201732,0.0024546970222175646,0.004100600194646712,0.27380664752864875,0.0026573277569004,0.00047475435857955513,0.0005944078632620664,40.0,0.9897503021651617
YMR309C,0.004075394803871625,0.0007949651991062576,0.0019956311545927105,0.25199627181711826,0.0009167340125243946,0.0003153550951329934,0.0005510175028186295,219.0,0.9897033253519318
R0020C,0.00025471217524197657,0.0,1.4081766149444574e-05,0.21447196130588053,0.0,5.373222720697922e-05,0.0001806446142630826,3263.0,0.9893219180309292
YAL003W,0.004839531329597555,0.0004384878063164768,0.00012550398888880942,0.25236917273727544,0.0004401462692647022,0.0003552670201566251,0.0005693070804895899,387.0,0.9896733299000742
YFL001W,0.0010188487009679063,0.0,6.734965500670891e-05,0.2227350840656025,0.0,0.00010282556104393376,0.0003894765465023184,1915.0,0.9894135126959271
YMR214W,0.0020376974019358125,0.0003301721485741137,8.894446283002979e-05,0.254164238659062,0.0003533995010499039,0.00019347987169853883,0.0004860276311385823,1304.0,0.9894990645882384
YLR104W,0.0007641365257259297,1.492887654567223e-06,1.7006021679539097e-05,0.2241589491626881,2.0671371657172515e-06,9.0228730319366e-05,0.00034187966545552837,2289.0,0.9893817998038877
R0040C,0.0007641365257259297,0.0005322865768615193,0.00012240134655629298,0.23487996062883898,0.000546346046252889,0.00012975352281300527,0.0002834475543567909,2107.0,0.9893929880808504
YER025W,0.0038206826286296485,0.000564650205911675,0.002539085630045703,0.2527772344596829,0.0006566625974721624,0.00030649184967211597,0.0005414123867389197,254.0,0.9896975670389468
YDR258C,0.0015282730514518594,0.0013120302779215446,0.00010730992025491318,0.24136201293567539,0.0013005079812748066,0.00016689879719825295,0.0004462708181795314,1565.0,0.9894598016851721
YJR007W,0.0056036678553234845,0.002558572876882552,0.0006299967968874304,0.26622951047222554,0.0025315011044398537,0.00046210921081216714,0.0005733303545644379,399.0,0.9896704734367785
YMR146C,0.0025471217524197657,2.604050952157039e-05,0.0017928777572526087,0.24055731814355796,3.066244199146441e-05,0.00018958090098228757,0.0005050054383013495,714.0,0.9896051309279378
YPL237W,0.004584819154355578,0.0007031388154495737,0.01246881337259622,0.2533746955081762,0.0006031811531948849,0.0002690690278801002,0.000562893208859502,3493.0,0.9890788515577547
YBR097W,0.0056036678553234845,0.002980468576921625,8.50020554004646e-05,0.2729302750480158,0.0029793939056632266,0.0005066287865275145,0.000575028175474746,614.0,0.9896249070514411
YKL192C,0.0053489556800815075,0.0027192842583914274,0.00014394014379726086,0.2535973295765511,0.002858290348444041,0.0005857333579642573,0.0005545286938770295,569.0,0.9896358938313009
YDL073W,0.003056546102903719,0.00039572141615071483,5.466923349101857e-05,0.25956226157627627,0.000416042501043121,0.0003000687899983557,0.0005269899713782904,876.0,0.9895716474835768
YPR135W,0.011207335710646969,0.006715177229978557,0.0002477081446015393,0.2918687274278548,0.006663139351051755,0.0009410548888798042,0.0006133220059041883,3434.0,0.9892949241766645
YBR094W,0.0012735608762098828,0.000373903959483649,5.410486790289335e-05,0.23647879056378884,0.00039381851285674794,0.00017241062785358305,0.0004155924543845552,1683.0,0.9894413703941257
YGR167W,0.0005094243504839531,1.2352291045475636e-05,4.5867640412007495e-05,0.21663909527600173,1.4523313369401291e-05,7.299003327390329e-05,0.0002773696356522327,2596.0,0.9893561655012495
YFL014W,0.0007641365257259297,1.1259423034017455e-05,4.869874283055541e-05,0.22740605437208763,1.3339585414555306e-05,8.517209811889886e-05,0.0003492794025467964,2279.0,0.989382225230079
YPL143W,0.028273051451859398,0.0014431548288547549,0.12081978388341963,0.2943185198529239,0.0012956521248687573,0.0007613556562614421,0.0006378022758243751,3824.0,0.918888340218767
YKL121W,0.0012735608762098828,7.712291665211687e-05,5.597995851590572e-06,0.2351449292482498,8.747556085634132e-05,0.00014741701902126904,0.00041851109106586946,1749.0,0.9894334964318608
YER061C,0.0005094243504839531,0.0,4.731929000183083e-05,0.22718573969634112,0.0,7.809496579144198e-05,0.00028194258343777875,2682.0,0.9893530230443258
YBL099W,0.00815078960774325,0.002845726836561714,0.00048384491213377296,0.2778209915649814,0.0028708703084610156,0.00048791984385909346,0.0005971447998282889,342.0,0.9896805283422315
YJL180C,0.004075394803871625,0.0012834934597870501,0.00015218130753013074,0.2528112991769473,0.0012679180937882146,0.0003501283279742866,0.0005501178554561377,555.0,0.9896383156037238
YPL270W,0.0005094243504839531,0.00016009124006942342,3.3165667734620253e-06,0.2286951414778175,0.00018902584051513652,8.220687283793494e-05,0.00028277781632908333,2643.0,0.9893541602693509
YBR028C,0.0005094243504839531,0.0,3.082146253718414e-05,0.2033809893259472,0.0,5.795491012510483e-05,0.0002787642359385694,2538.0,0.9893583782930855
YHR086W,0.005094243504839531,0.00046187756357437464,0.0018874915760753112,0.24624089329166332,0.00046359232960787087,0.00022871117595062393,0.0005650245445580886,55.0,0.9897421888209205
YKL012W,0.0058583800305654615,0.0006652878233331927,0.00037273204429717923,0.24706785796688224,0.000695741375004576,0.00027276839002727827,0.0005741827031896064,150.0,0.989714054122947
YLR275W,0.01706571574121243,0.004140085962603963,0.0018248714092687442,0.277841564801916,0.003941533579979709,0.000604533308619929,0.0006174838701828252,3487.0,0.9891107042449933
YPR182W,0.016556291390728478,0.0021461219502701538,0.001790583035848894,0.2704709119871016,0.0018689128078252474,0.0005741845047706547,0.0006160312421982447,3456.0,0.9892308494392386
YML046W,0.004584819154355578,0.000244226849944127,0.0002102189624959567,0.23952837660144752,0.0002789778194225022,0.0002182691627614296,0.0005581637313249208,404.0,0.9896697090663443
YMR125W,0.012735608762098827,0.0031644661849010137,0.0010933461992403222,0.26461474653255335,0.0031678149435249263,0.000509779236480092,0.0006090400497791016,1375.0,0.9894874928533159
YLR147C,0.015028018339276618,0.0005402389023721614,0.0004423421647155335,0.2608253382749443,0.00046421878550614534,0.000528786919275014,0.0006132051699783463,3421.0,0.9893172051789918
YMR240C,0.00967906265919511,0.0011800980809618315,0.0013610220281119706,0.25330627133979705,0.0012340620852112196,0.0003640014408790725,0.0005986965871110264,151.0,0.9897139360179592
YOR159C,0.005094243504839531,3.690973913658532e-05,0.0001731169791141482,0.23862955486135431,3.753625103857887e-05,0.00020695537405527535,0.0005675635491036401,337.0,0.989681067081061
YBR248C,0.0010188487009679063,0.00016845206422850384,4.518044098578315e-05,0.23073442537882505,0.00020747630762255707,0.00013536599833771737,0.0003622819376567224,1909.0,0.9894139651137259
YPL148C,0.0012735608762098828,0.0001650234013645263,0.0006631984615617299,0.21905490956825513,0.0002029344140714993,0.000173397973628358,0.0003746807826362725,1418.0,0.9894801332332855
YBR030W,0.0007641365257259297,3.6015806430442165e-05,7.358561909262101e-05,0.21917007366581423,5.293778134827126e-05,0.00011263233225925731,0.0003115254714508814,2153.0,0.9893894009081248
YCR028C-A,0.0053489556800815075,0.001575675987914005,0.0005197920636611122,0.26301945258219933,0.0015998007212019482,0.0003859769855623828,0.0005747215430475399,284.0,0.9896922042470051
YOR374W,0.00891492613346918,0.00485041684939547,0.00037136269060686306,0.28012337547297844,0.005012317818384132,0.0006546155267877275,0.0006034287270362375,1186.0,0.9895168128508661
YDR171W,0.005094243504839531,0.0005477483221434732,7.796773218806374e-05,0.26675950878670984,0.0005449080021923589,0.00041902835050164637,0.0005734340087084201,391.0,0.9896726298139591
YFR016C,0.00025471217524197657,0.0,2.350855634493036e-05,0.20717683550994334,0.0,5.4910504064875466e-05,0.0001776325383802523,3126.0,0.9893238428631009
YGL103W,0.010443199184921039,4.569930878251752e-05,0.05607149215097572,0.26468941736049906,4.062501566535387e-05,0.0002883399189611975,0.0006141024496092,3744.0,0.970803670513171
YBR073W,0.004839531329597555,0.00027545251828846833,0.028391047764248452,0.26362932062149197,0.00024070946236071756,0.00016807601468674094,0.0005757689150166014,3687.0,0.9853128334455667
YAL059W,0.012735608762098827,0.0009376417222815065,0.06846618491218988,0.2717835922553476,0.000920291094894838,0.0003596936185504034,0.0006207089665843872,3758.0,0.9627096432984786
YGL013C,0.007896077432501274,0.001857074060304189,0.04042974049008846,0.27557638568381004,0.0017397534414791119,0.00027121496284673245,0.000602770214477078,3714.0,0.9810529205202538
YDR333C,0.010188487009679063,3.6668857316923677e-06,0.05901230911014514,0.2650072390934506,3.2463628327140905e-06,0.000272359608346107,0.00061336694392785,3751.0,0.9687661417729566
YLR029C,0.023178807947019868,0.0002744599692790147,0.11060166216138057,0.28719936398385437,0.00020055743453403,0.0005930805810776117,0.0006345398551100753,3814.0,0.9272545201892568
YHR146W,0.004839531329597555,0.0012475326290060451,0.022275833815413777,0.2586496960626688,0.00114026895811149,0.00023162584133370293,0.0005729216069625278,3647.0,0.9870901898656881
YNL067W,0.013754457463066735,3.677324960403879e-05,0.0702692661709876,0.2692867645937755,3.451865059128368e-05,0.00035408975635321815,0.0006229271604179242,3764.0,0.9606562470304383
YLR340W,0.026235354049923585,0.0008961322837015319,0.11531540658346127,0.2915285540858643,0.0006679540659318956,0.0006948195016486333,0.0006365806512911532,3819.0,0.9237397209493334
YOL127W,0.023942944472745798,0.00040713199208421814,0.11382230301267036,0.28794877138028196,0.0002797047512956638,0.0006090789850050649,0.0006351049227350553,3818.0,0.9241064834974119
YDR119W,0.007131940906775344,0.0033197905670463725,0.01796004177119547,0.2624858325930512,0.0025953418733061654,0.00031841467461585964,0.0005921715961742305,3606.0,0.9881918708272757
YBR074W,0.006113092205807438,0.00013417245244542168,0.0003325225367822316,0.2443644972700973,0.00011966866783585341,0.00035616633811159655,0.0005727653780786695,135.0,0.989716382986889
YNR013C,0.00891492613346918,0.0003956151654868448,0.0003634737971162134,0.24762226049927888,0.0003724942993616779,0.0005061475353539856,0.0005897097837727644,201.0,0.9897054805263595
YDL001W,0.006113092205807438,0.00045742321224809447,0.00031510747880131876,0.24817915670624907,0.000475149070757898,0.00035072612130159864,0.0005742945187293965,125.0,0.9897179636168218
YCR011C,0.006877228731533368,0.0009337257321038597,0.0003343293115887499,0.24439633214467651,0.000977224004667074,0.00042864264372645866,0.0005796894230849172,81.0,0.9897299602256108
YGR125W,0.00967906265919511,0.004190634255974662,0.00043332361847163973,0.2709005408725685,0.00408160458648301,0.0005901982719875976,0.0005947618999161149,939.0,0.9895602749767752
YFR048W,0.007896077432501274,0.0026368404146783152,0.00037281468746652377,0.26149794334297977,0.002754625059941604,0.0004777530923592315,0.0005866911664101408,361.0,0.9896763149628691
YIL047C,0.007131940906775344,0.0012018957201036223,0.00036149651191679573,0.25499337305186043,0.0013237735780517025,0.0004102129145898896,0.0005813753367172774,95.0,0.9897255817378365
YHR039C-A,0.012480896586856851,0.008124530265741885,0.0004133963438463689,0.2617898751803708,0.008181345549819963,0.0009470922575189262,0.0006013838278615306,3561.0,0.9887822821391489
YNL321W,0.006367804381049414,9.59241971299071e-05,0.0003420529888068151,0.24603098302197207,7.888787492086207e-05,0.0003591243599919484,0.0005750042106164278,124.0,0.9897185135439881
YLR093C,0.007641365257259297,0.00013347897235745326,0.0003366941182605511,0.24229722254343392,0.00011799738412200894,0.00042409582903876546,0.0005827010779183774,113.0,0.9897210687782642
YOR270C,0.011462047885888945,0.0012115213123168914,0.00037068667765101615,0.2533233739170261,0.0011168120705295314,0.0006632654524045899,0.0005995229732329747,748.0,0.9895991893589249
YOR087W,0.0056036678553234845,3.515248179197851e-05,0.0003183884475691513,0.24114483521338606,2.958865403345962e-05,0.0003178669275203294,0.0005674969822054145,207.0,0.9897047744584057
YOR332W,0.009424350483953133,0.0003483393107521365,0.0003669421953417836,0.2505490812076844,0.0003123784164471572,0.0005316162417376352,0.0005918644931348077,282.0,0.989692324729084
YOR291W,0.005094243504839531,7.057869599567354e-05,0.0003066455028797527,0.23501237025274502,6.300523052824666e-05,0.0002950595856306274,0.0005621334848842629,269.0,0.9896953888873781
YBR036C,0.0005094243504839531,0.0004980028618616377,1.1212203169851378e-06,0.20209924541260835,0.0004980028618616377,0.0001377768725962741,0.00017861194179577718,2439.0,0.989369668095389
YPL057C,0.00025471217524197657,0.0,1.5289410091897477e-08,0.16748381801111836,0.0,9.698703840610653e-05,0.00010598014376089557,2884.0,0.9893339944939785
YPL082C,0.006113092205807438,0.0025608359283399,8.220745524804702e-05,0.2547163945067939,0.002694953946126733,0.0004839775871593382,0.0005669802731162425,468.0,0.9896558032011253
YBR043C,0.0005094243504839531,2.2575717495860844e-05,2.411299832609315e-05,0.22473629775891427,2.9580714392894486e-05,8.150143534411597e-05,0.0002686519473959947,2673.0,0.989353261467823
YBR042C,0.0005094243504839531,0.00023227382139051644,6.286306688322288e-05,0.255740746444351,0.0002682253925254954,8.28838234699408e-05,0.00028704733758943163,2735.0,0.9893512600538915
YBR046C,0.0007641365257259297,0.0004980028618616377,3.99756874261002e-05,0.23148892467208007,0.0004980028618616377,0.00014896575400684083,0.0002827260121439059,2131.0,0.9893908537511562
YOL036W,0.004839531329597555,0.002749093025299312,0.0015575452846708425,0.27976828656215597,0.0027968001642579426,0.0004708394240691883,0.000566566949484218,459.0,0.9896586526470265
YBR048W,0.0012735608762098828,0.0006229634366945056,5.5986493084207886e-05,0.25418145729185515,0.0006807437455155667,0.0001396886438345745,0.00042808396520611696,1769.0,0.9894318364665634
YGR189C,0.003056546102903719,0.0024295981685173787,8.792301343375933e-05,0.2517595444598453,0.0025445056107314262,0.00036429852397953466,0.0005067410984626019,1072.0,0.989535731123842
YBR029C,0.0015282730514518594,0.0007349801484371184,3.9020615992612484e-05,0.2300412318261848,0.000782246376953093,0.0002131410023701324,0.0004120334925881866,1473.0,0.98947229528875
YBR044C,0.00025471217524197657,0.0,9.06485979050849e-06,0.21595329176269565,0.0,5.188980477625768e-05,0.00018230211636406096,3284.0,0.9893212702575783
YBR049C,0.0005094243504839531,0.00010339373232728455,7.19324267869573e-06,0.23026712232018376,0.00011884872715447189,9.422402505211609e-05,0.0002774350410024597,2669.0,0.9893533518197292
YLR433C,0.0010188487009679063,0.0005749466675564928,6.608905946231689e-05,0.25023159204248857,0.0005807826066371683,0.00016673009720795658,0.000363835203422555,1939.0,0.9894114174740727
YBR109C,0.0033112582781456954,0.002656766482429373,0.0003876920888522556,0.25252204139756856,0.002814867864107123,0.0004875705194220958,0.0005016288921822962,967.0,0.9895561424284022
YML057W,0.0007641365257259297,0.00011768072210063987,1.206357577172959e-05,0.22883462375488375,0.00013539738561679348,0.00014262831862111333,0.0003066564028274518,2221.0,0.9893853055860625
YCR004C,0.0015282730514518594,7.023780205882802e-05,2.470279990266545e-06,0.2263223845509153,8.479656017523966e-05,0.00018061859082021733,0.0004301259464425322,1534.0,0.9894649513532361
YDR032C,0.001782985226693836,0.0005238641472871161,3.214327478879185e-06,0.21910607866649578,0.0005253514236250816,0.0002411118247592596,0.00042518135966193094,1263.0,0.9895035056503596
YPL004C,0.0028018339276617422,0.00033577875046315246,4.578846324739411e-06,0.2428303987499239,0.00034426475924684996,0.000291318062966178,0.0005080835147948532,910.0,0.9895653533676354
YBR052C,0.0010188487009679063,0.000251502252374221,6.798864445666434e-05,0.22999892668945468,0.0003060002873055618,0.0001318576378520981,0.0003693665799780955,1888.0,0.989416822662269
YBR152W,0.0058583800305654615,0.000491244973551619,0.0001289585230634111,0.24305062454395762,0.00043621885512453644,0.0002758639233117192,0.0005789566045446117,214.0,0.9897038682690263
YDL098C,0.005094243504839531,0.00023885759278813187,0.0001204594980604747,0.2409589937117124,0.00020540840739215717,0.0002373177158631882,0.0005701514433411364,331.0,0.9896818490321714
YER029C,0.015792154865002548,0.0006721815209748603,0.0004942054540933509,0.26137042780111974,0.0005392369449372582,0.0005509328441021784,0.0006146173300592144,3453.0,0.9892363668844008
YDR473C,0.007131940906775344,0.0009193887680395809,0.00035728673101232625,0.26276157231494324,0.000838333428057954,0.00028246541091883485,0.0005902633513462608,108.0,0.9897220570927237
YGR074W,0.01477330616403464,0.0005196258313434694,0.00043065961095344567,0.2606803648360365,0.0004513402265247932,0.0005173745359020527,0.0006126716678841326,2837.0,0.9893428433744106
YER172C,0.016046867040244522,0.0027703691776259573,0.0004450392298023539,0.26340722346848316,0.0027057078377050567,0.0005897650273264177,0.0006150822427009247,3475.0,0.9891643718770151
YGR091W,0.006877228731533368,5.608286897381262e-05,0.0003069140053745821,0.2454515563970348,3.9700012271588445e-05,0.0002566739588326461,0.0005871858496090418,148.0,0.9897143052784776
YGR075C,0.0053489556800815075,0.00047075291843245824,0.00018727833253851108,0.24954921789724466,0.0005013197920002759,0.00022716057222818155,0.0005733308797934949,297.0,0.9896889749543181
YJR022W,0.006367804381049414,4.136534432787555e-05,0.00037764796077959043,0.24182871357299862,3.7324915562688005e-05,0.00023523010033220834,0.0005846165656726726,144.0,0.9897146262974889
YOR308C,0.006367804381049414,3.013738979288075e-05,0.00026829986803962965,0.2445237546327603,2.330281576858383e-05,0.00024025263104434304,0.0005827390983581965,186.0,0.9897085814714157
YPR178W,0.006367804381049414,0.0007856823260774234,0.0003073826008602549,0.26268798509312286,0.0007090849548294183,0.0002604169138944764,0.0005842161800219802,171.0,0.9897112568818157
YPR082C,0.006113092205807438,4.600011113239696e-05,0.00026565720589144797,0.2452269602016388,3.760985120036279e-05,0.00023493500647490994,0.0005806376022086716,202.0,0.9897052149496305
YKR022C,0.009424350483953133,0.0019888530477877443,0.00018131095874502064,0.25553173677620883,0.0019377069406526116,0.000368235622914611,0.0005992930537997756,437.0,0.9896617348791412
YGR196C,0.003056546102903719,0.0003639332362559731,2.2195405819546733e-05,0.2502482819372423,0.0003831862869168077,0.000274328641439196,0.0005299140565875417,852.0,0.9895763134245203
YDR239C,0.004330106979113601,0.0007037541121750967,7.4976836306524605e-06,0.24021848332704232,0.0007448441176290308,0.00040858038667668196,0.0005526412345080362,443.0,0.9896609563295379
YBR057C,0.00025471217524197657,0.0,1.2546302012925488e-07,0.19580276020692378,0.0,7.482197734705754e-05,0.00015331798919119893,3031.0,0.9893257771805859
YGL036W,0.0012735608762098828,0.0007727362489641964,9.20024241672795e-06,0.2448269162208857,0.0008231434842111353,0.00021461949380506104,0.00037238513540318685,1712.0,0.9894379518597168
YBR058C-A,0.0005094243504839531,0.0,1.048126008443558e-07,0.1944228671927181,0.0,8.52003757282956e-05,0.0002605661262723072,2496.0,0.9893613789578547
YDR062W,0.0033112582781456954,0.0005641528657801872,5.935905955661223e-06,0.24170408368775842,0.0005388422254211406,0.0002888517755067026,0.0005297143860732799,739.0,0.9896009258145404
YMR296C,0.0015282730514518594,0.0002508270632396059,1.7465171062494397e-06,0.22355791521689053,0.0002947088007283448,0.00019757629924323453,0.0004114599198599231,1480.0,0.9894713760737985
YKR089C,0.0015282730514518594,0.0004959430610210891,1.0144482797197964e-05,0.23872065222911967,0.00047302491422492683,0.00023803000364798303,0.00041488897468633726,1528.0,0.9894658267950585
YGL141W,0.0007641365257259297,0.00014606602623216543,2.1920963998696942e-05,0.24254783703439614,0.00016632118070764393,0.00011209173306336374,0.0003378504177070149,2343.0,0.9893794735624678
YBR059C,0.004839531329597555,0.0037097166853268903,6.255366741840889e-05,0.27205949467660606,0.0035154516621145097,0.0005149739407345409,0.000565929042984787,972.0,0.989555924188128
YOR128C,0.0005094243504839531,2.5797130787061215e-05,4.549110229233964e-07,0.2027545253220791,3.249857053993513e-05,9.897818118506131e-05,0.00026234169360864754,2512.0,0.9893600546986697
YMR259C,0.0010188487009679063,0.00010448044167962712,5.928414272774184e-07,0.21988938000850225,0.00011995939555865127,0.00014801504403230638,0.00037064148564676353,1891.0,0.9894164574370384
YDL112W,0.0007641365257259297,3.792806855419683e-05,9.20389141617536e-07,0.21613989809810896,4.891402217421053e-05,0.00011567126274155326,0.00032065637127426703,2193.0,0.9893867445777222
YBR067C,0.00025471217524197657,0.0,6.482490998736411e-06,0.20645861944010752,0.0,6.378045074596544e-05,0.00017785777234232783,3146.5,0.989323492417114
YBR066C,0.00025471217524197657,0.0,6.100850728790656e-05,0.24500277465620174,0.0,6.230338325313404e-05,0.00018477247807642313,3350.5,0.989320178104569
YBR069C,0.0033112582781456954,0.0008785757968945008,1.1713909145008787e-05,0.24669422651621234,0.0008940007035916935,0.0003092230552978934,0.0005304848132089019,752.0,0.9895976696374164
YEL040W,0.0033112582781456954,0.001852680105803536,1.9692047394757817e-05,0.26057174047399634,0.001907336750023073,0.00031771520129113,0.0005359547300347485,895.0,0.9895685910555672
YML042W,0.004330106979113601,0.0034586874311637395,0.0002771651335995673,0.26911293150803856,0.0037627574710521346,0.00047919946410431393,0.0005516430951660864,1049.0,0.9895419097431261
YLR214W,0.003056546102903719,0.00039149862819294715,2.6361583112491998e-05,0.24495478821473354,0.000417267111677839,0.00027893983563820725,0.0005190217574977256,828.0,0.9895816644550633
YLR138W,0.00025471217524197657,0.0,1.5976095003459156e-07,0.19699530038249888,0.0,5.846761097639076e-05,0.0001747619885269145,3077.0,0.9893245646577551
YGR281W,0.0025471217524197657,0.0006708447206735722,4.977133191228833e-05,0.2357951540400373,0.0007018566452177145,0.00026042464799844905,0.0004928007355066184,966.0,0.9895561726956122
YMR266W,0.0025471217524197657,0.0002593054015680893,1.0562732512622941e-05,0.24086618033543516,0.0002488605147449083,0.00023449753810310275,0.0005028591510889995,1029.0,0.9895452694657177
YLR413W,0.0038206826286296485,0.0009334595633422448,3.2038002814291186e-05,0.24926737251428874,0.0009708589483639857,0.0003357013922692053,0.0005463140673476411,606.0,0.989625881753878
YNL149C,0.004330106979113601,0.00035181402374734593,1.384482612052647e-05,0.24999816704991162,0.0003542498542108103,0.000326913243769321,0.0005609418517160402,513.0,0.9896471630026422
YBR070C,0.0005094243504839531,1.0957979934765483e-05,2.4840286184858332e-06,0.2201732580884381,1.2806820818497924e-05,8.16067036266637e-05,0.00027236727252549374,2681.0,0.989353048126208
YCL019W;YDR034C-D;YFL002W-A;YGR161W-B,0.001782985226693836,0.0006621358096502922,0.00010049422203853413,0.2501982189307198,0.000748042064674508,0.00018002714337113403,0.000461156986033844,1399.0,0.9894830691687978
YMR011W,0.0020376974019358125,0.0007632360829242367,0.0004203860706725044,0.24433267068800948,0.000801555960150981,0.00018673902727414697,0.00047844933793682114,1139.0,0.9895236407567062
YKR031C,0.0012735608762098828,1.0589471570339198e-05,1.9304439270986298e-06,0.2200699449284459,1.3301203606072979e-05,0.00013433206589170694,0.0004192190021613492,1691.0,0.9894399014519062
YPL221W,0.0020376974019358125,0.0002252114219629195,6.1102380409909204e-06,0.2309616799683025,0.0002645887066123568,0.00021097996603698478,0.00047569445791280563,1203.0,0.9895118662843498
YBR023C,0.0058583800305654615,0.002271332508161603,3.154238448905143e-05,0.2552188620559876,0.002368912501564716,0.0005529799662707922,0.0005716067003301046,412.0,0.9896677638185921
YPL232W,0.001782985226693836,0.0006273198885863587,5.5883975255853316e-05,0.2536316157023642,0.0006680926307669254,0.00017791128059611774,0.0004720193766231532,1430.0,0.9894784962652913
YHR096C,0.006367804381049414,0.006071012096143876,0.0004221225286062226,0.28486618260459146,0.0061514659252482244,0.0006890404641348172,0.0005815178531349316,2331.0,0.9893800777859045
YDL222C,0.004075394803871625,0.0022968543386391823,0.00015410225472342685,0.27400660856533077,0.002287278808352855,0.00044862719211812637,0.0005511595684787415,746.0,0.9895996650509864
YBR077C,0.0010188487009679063,0.0,9.484440777674032e-07,0.19723348005493738,0.0,0.00016475666649510393,0.00030519534778017306,1805.0,0.9894282380350536
YGR163W,0.001782985226693836,0.0005159939074775915,2.2659758867953138e-05,0.2312748869558697,0.0006058494743368594,0.00024353028828094598,0.0004090137434953275,1332.0,0.9894953184123251
YCR075W-A,0.0010188487009679063,0.0,9.484440777674034e-07,0.19723348005493738,0.0,0.00016475666649510393,0.0003051953477801722,1805.0,0.9894282380350536
YML121W,0.0020376974019358125,0.0010709991654044798,4.496206134148279e-05,0.2417975440539456,0.0010011741271765855,0.0002496595638238533,0.00043909559848041304,1221.0,0.9895088446973476
YKR007W,0.0010188487009679063,0.0,9.484440777674032e-07,0.19723348005493738,0.0,0.00016475666649510393,0.0003051953477801727,1805.0,0.9894282380350536
YER098W,0.003056546102903719,0.0019630015339076154,0.00023129499054124408,0.25629978079684906,0.0021651673214380645,0.0003793249742903757,0.0005136585496017161,932.0,0.9895612008441547
YKL062W,0.0015282730514518594,0.00021220854313866753,9.106570154144953e-06,0.23485055652760853,0.0002558906083009835,0.00017714561704435937,0.00043398042169599755,1544.0,0.9894623201702896
YGR083C,0.002292409577177789,0.0002927479633132672,0.001877180138964015,0.24465131006032043,0.00037338260635662285,0.00018742495089705798,0.0004860311882781215,797.0,0.9895889976681314
YKR026C,0.001782985226693836,0.0,0.0002666321972725086,0.2232253980893071,0.0,0.00016208144687817792,0.0004488048695112303,1276.0,0.9895021852070434
YMR311C,0.0015282730514518594,0.0002202576138858585,5.5543183093400975e-05,0.23168905095004777,0.00027375981470368244,0.00019367055915150058,0.0004257633994562125,1512.0,0.989468008079133
YLR291C,0.003056546102903719,0.0005448931353963969,0.0015052112248838173,0.24877154827510106,0.0006378431288870791,0.0002636221981926986,0.0005162211206882895,570.0,0.9896358575613988
YOR260W,0.001782985226693836,0.0,0.0002666321972725086,0.2232253980893071,0.0,0.00016208144687817792,0.00044880486951123067,1276.0,0.9895021852070434
YBL015W,0.0012735608762098828,0.0006977256178486988,0.00012042037879334133,0.2356914687533811,0.0007168540395045958,0.00017213464832862755,0.000387892337048993,1659.0,0.9894467720820166
YOR204W,0.0028018339276617422,0.00011884601981717548,0.0024712811600260064,0.2528794561626389,0.00013466039264718908,0.0001945828828432922,0.0005211874270351147,613.0,0.9896249456386866
YDR429C,0.003056546102903719,0.0010352057195678935,0.001798623358167402,0.24173522911443038,0.0010419141437702927,0.00026581496662993784,0.000514786969905993,506.0,0.9896484899948184
YGL097W,0.0012735608762098828,0.0005256718209819558,0.00023002901650821843,0.23340419851229074,0.0005315916283621736,0.000132635410847466,0.00039678489073045935,1628.0,0.9894512648293126
YLR293C,0.00025471217524197657,0.0,3.137474767774602e-06,0.18842770646268953,0.0,6.072902599322268e-05,0.00015730054010796587,2995.0,0.989326626138784
YGR270W,0.013754457463066735,0.000660369359470256,0.003978536845161579,0.2770619178175361,0.0006728840019058201,0.0006063531015251402,0.0006211561021258611,849.0,0.989577042038063
YGR009C,0.00025471217524197657,0.0,1.5527585904274362e-06,0.20492503638019957,0.0,5.8956893821426124e-05,0.00017620910219062557,3169.0,0.9893231674016605
YDR164C,0.0010188487009679063,0.00024208256238544213,0.00034814852850750073,0.23872065222911967,0.0002878025591507294,0.000128042383017845,0.00037781680356257363,1827.0,0.9894258422085873
YNR049C,0.0007641365257259297,5.208789545943907e-05,7.710318695117336e-06,0.22450768855224235,6.468707352102271e-05,0.00010959467015940904,0.00033024945483604146,2254.0,0.9893835836219453
YAR007C,0.0056036678553234845,0.0030741604297482203,0.0001033966143988626,0.260390900901178,0.003087595381710498,0.0006015732694072874,0.0005577683253702333,628.0,0.9896228263344428
YBR111W-A,0.005094243504839531,0.000113623625528026,3.4718928127639436e-05,0.24242246501809614,0.00013590758509166587,0.0003403741979710889,0.0005542297245810214,345.0,0.9896798461259108
YHR099W,0.00738665308201732,0.0013864545319036998,4.7250771933520384e-05,0.25038188128695854,0.001551262208551477,0.0005120639068745341,0.0005822583048860875,175.0,0.9897108375760317
YBR081C,0.0053489556800815075,0.00018161968687823433,3.481472569713067e-05,0.24403073112748447,0.00021185836817147583,0.00035397994026243294,0.0005566705131466449,306.0,0.9896878953598527
YCL010C,0.004584819154355578,0.0,3.351272602582649e-05,0.23992662048120436,0.0,0.00029388790429246497,0.0005468169881737079,454.0,0.9896592651716029
YBR198C,0.00738665308201732,0.0008404783014386754,3.7822315730613e-05,0.24572483404840356,0.000860789443682406,0.00048734441151665204,0.0005754027146296923,127.0,0.9897176159821046
YDR176W,0.0053489556800815075,0.0008631878513818179,0.000234914357688794,0.2572310771345862,0.0009936105381372212,0.0003434755747865509,0.0005610380031705221,285.0,0.9896916504525226
YDR145W,0.007896077432501274,0.0014273797836241706,5.182258226002132e-05,0.26138863669256474,0.0014666352475214423,0.00048825448965326415,0.0005821220320598695,178.0,0.9897100032440473
YDR448W,0.006113092205807438,0.0012853788184247318,6.594238464055722e-05,0.25811588408675523,0.001431304251422979,0.00040951154827267497,0.0005699886285958839,239.0,0.9896991912842699
YDR392W,0.0053489556800815075,0.00029673097096747953,3.534308276434604e-05,0.2430348808838628,0.0003300189212653235,0.0003580832146793571,0.0005581431256848308,291.0,0.9896904985117777
YGL112C,0.007131940906775344,0.0002092183269424272,4.614687189267754e-05,0.25041530341620993,0.0001898671976961958,0.00044152296732743936,0.0005735376239334137,158.0,0.9897129671973856
YGL066W,0.0058583800305654615,0.000769932918900266,7.070561132300892e-05,0.25127059275951474,0.0008511441922302306,0.00037744013308263697,0.0005641357650738167,224.0,0.9897023199601455
YGR252W,0.004839531329597555,0.00019315108581981054,3.919231188987429e-05,0.24514684685299404,0.00020833288919220143,0.00031706192026016765,0.0005525570250224083,402.0,0.9896699553806954
YGR061C,0.0005094243504839531,6.521200137503218e-05,2.0873655430208427e-06,0.2227086419591069,7.804937335705519e-05,6.780027550383275e-05,0.00028252240400016503,2686.0,0.9893529289402203
YLR055C,0.0053489556800815075,0.0012024472767700265,8.79584136208353e-05,0.2587567235231085,0.0013325748819922657,0.0003624944959245668,0.0005597982893806226,336.0,0.9896810710921718
YMR236W,0.007641365257259297,0.0017630231059836796,4.939568462210845e-05,0.2570196253654661,0.0017207260419154335,0.0005024116587146986,0.0005774921628986388,218.0,0.9897035331747184
YMR223W,0.0056036678553234845,0.002207697674271872,4.5462699596560295e-05,0.2632224281664848,0.0023813168858157568,0.00040172962651419326,0.0005622120030049383,474.0,0.9896552051544516
YPL254W,0.0053489556800815075,0.0016808805374570483,0.0013411243996402802,0.2606260413368348,0.0017155999045405162,0.0003411448286154518,0.0005594945629541551,130.0,0.9897174755275746
YOL148C,0.005094243504839531,1.1442894580510544e-05,3.484563853815606e-05,0.24142413558233536,1.0891893268691955e-05,0.00032527366570935965,0.0005539496789562888,357.0,0.9896774288654849
YML098W,0.003565970453387672,0.0002480237153310847,1.2485567654190551e-05,0.2355287188377322,0.00029125076643180935,0.00024053782411641108,0.0005289793969193783,653.0,0.9896165441507778
YDR167W,0.00738665308201732,0.001772262436908123,0.0001063342722064376,0.2676157268962249,0.0017850021691505952,0.00046539299075744626,0.0005767916174869343,203.0,0.9897051630779191
YPL047W,0.004839531329597555,0.0006704031529237548,9.370012633958657e-05,0.26104310102867,0.0006433629724994319,0.0003176631901508541,0.000552747489667639,428.0,0.9896645544998086
YCR042C,0.003565970453387672,0.00014490315104385642,2.2296741924057128e-05,0.23758691052970327,0.0001670864484933454,0.0002462759561711146,0.0005307413040610304,666.0,0.9896136224242561
YGR274C,0.003565970453387672,1.8993658448072056e-05,1.6401808188705864e-05,0.23560266820000464,1.566186503690467e-05,0.00023671192926581593,0.0005283982732837903,678.5,0.9896117154608007
YML015C,0.003565970453387672,1.8993658448072056e-05,1.6401808188705864e-05,0.23560266820000464,1.566186503690467e-05,0.00023671192926581593,0.0005283982732837903,678.5,0.9896117154608007
YMR005W,0.003565970453387672,0.00019874311580040215,1.5483507414605983e-05,0.23504181488974968,0.00021836240533353737,0.0002616612079280955,0.0005275021220276113,652.0,0.9896172896240529
YML114C,0.0038206826286296485,2.5644825305177227e-05,1.6870606227843346e-05,0.2356174636451315,2.1240507588705727e-05,0.00025069466407569323,0.0005339168933405798,605.0,0.989626217124723
YMR227C,0.004330106979113601,0.00033928205558230953,4.198357462496989e-05,0.2415173795355696,0.0003745014536405446,0.00030074258648150204,0.0005473456206975645,477.0,0.9896545769910061
YPL011C,0.0033112582781456954,9.394633766661782e-06,1.5450586593139926e-05,0.23395725454168945,7.398249254235859e-06,0.00022259019726442235,0.0005220903451638525,754.0,0.9895974214475124
YCR072C,0.008405501782985226,0.0003364820274928895,0.014151086108266646,0.26651317595433116,0.0003713704307455901,0.0002567266597257628,0.0006046229519244608,3514.0,0.9889771685758999
YER148W,0.008405501782985226,0.005779643927640263,0.00024081520680540905,0.28029078821791975,0.0055929806275504665,0.0005455222271336282,0.0006016168379687234,1821.0,0.9894263427383402
YOR023C,0.0007641365257259297,2.3691976430194916e-05,3.890388598675136e-05,0.2395895588176931,3.100986298961469e-05,9.067237432387348e-05,0.00033584530421378576,2380.0,0.9893776814343199
YJL039C,0.0012735608762098828,0.0007447595293604759,1.1853472199236614e-05,0.22554688855335583,0.0007879579030004747,0.00019216769527284882,0.0003813821066384794,1650.0,0.9894478471007967
YDR321W,0.0010188487009679063,0.00018445918198011434,3.060690540845723e-06,0.22739227218697416,0.0002058053678292385,0.00013225821264658947,0.0003683802693008541,1917.0,0.9894133401168003
YPL091W,0.0005094243504839531,6.0556591288339425e-05,6.506038012661079e-07,0.2088257634043009,8.785435409147373e-05,0.00011050594723057463,0.00023693880043194565,2517.0,0.9893597269153865
YHR084W,0.001782985226693836,0.0012723805682722555,5.392443953226323e-05,0.24859023991817886,0.0013553986522450473,0.0002567905430342235,0.000437478168283701,1419.0,0.989479820047879
YPL049C,0.0025471217524197657,0.0005020119615337873,0.0003105331051811655,0.2514895429375343,0.0005499952751286734,0.00027760252226931634,0.0005067813018263402,973.0,0.9895558139073715
YER151C,0.013499745287824758,0.0006750586522153024,0.041119173205063884,0.2744877087632653,0.0006336022545561625,0.00037741225632223463,0.0006218810274918763,3720.0,0.9804742702898687
YDL092W,0.0020376974019358125,2.4949218513172727e-05,0.0041020885704557775,0.24578922313036844,3.251171798945578e-05,0.00011950195253541692,0.0004883659083622789,914.0,0.989564593560804
YCR087C-A,0.006877228731533368,3.0857997077482025e-06,0.014340425892277828,0.24651593239717962,3.697477193856325e-06,0.00019002642294519616,0.0005946069960677089,3567.0,0.9887592525033873
YGR178C,0.001782985226693836,0.00047475124413223107,0.0018594569667015092,0.2438245705150165,0.0004736130316503402,0.00014465503567010233,0.00047053832710531365,1016.0,0.9895471560289018
YGR148C,0.023178807947019868,0.00017100925472021377,0.1084315627829294,0.27653099138303905,0.00014799249037759742,0.0005775469715331122,0.0006344602140528524,3817.0,0.925033629487711
YHR121W,0.003056546102903719,3.731063508647596e-05,0.013771898428853903,0.25397498755060405,3.749107789741636e-05,0.00012328547503997643,0.000537250807349445,3557.0,0.9887919258762036
YLR075W,0.029037187977585328,0.0014823362654040246,0.12361822835209467,0.29241465911348097,0.0015340972997160008,0.0007660138214165181,0.0006381142471386235,3827.0,0.9149156361790273
YBR084C-A,0.01553744268976057,0.00010586674094948942,0.07788368073045783,0.2736668483650674,8.515659558107425e-05,0.00039792494239162233,0.0006261629703492235,3780.0,0.955093668249589
YBL092W,0.022414671421293938,0.0003240863837395942,0.1075347753386117,0.2873533346928907,0.00023258561609181322,0.0005690403677276616,0.0006339750044282636,3811.0,0.9305632569751093
YBR084C-A;YBL027W,0.014518593988792664,5.430067210319219e-05,0.07139561663570063,0.27117465243459626,4.285545980285422e-05,0.0003781939156004794,0.000624422672585798,3767.0,0.9600883690975492
YBR031W,0.02445236882322975,0.004346100302011549,0.10862168912863417,0.29492001973628945,0.004008530675226586,0.0007025198517716138,0.0006358734238047632,3808.0,0.931999746251922
YBR191W,0.031839021905247074,0.005414784764167122,0.13051881684007843,0.30287152817929236,0.005365885637596042,0.0008691663958679671,0.0006394464591508143,3830.0,0.9118747892733404
YDR101C,0.025725929699439633,0.0029025163545332616,0.08912587050105097,0.2878383192240179,0.002689516349592717,0.000708932305109391,0.0006363682670004831,3792.0,0.9477103183495946
YDL191W;YDL136W,0.007896077432501274,3.251894966815701e-05,0.038713578700186484,0.2592931921966188,3.510816722490211e-05,0.00022397306876220397,0.0006027278720650504,3717.0,0.980719608797522
YDR382W,0.028018339276617423,0.000987700065418966,0.12058950696099352,0.28990669843031014,0.0008117654177527786,0.0007361731031267481,0.0006375588218452944,3826.0,0.9171709995682539
YER056C-A,0.02598064187468161,0.004450609166083591,0.11529664695238598,0.3008557847073269,0.004367251628179628,0.0006941855673211194,0.0006365639244628725,3813.0,0.9274835333111723
YEL054C;YDR418W,0.011207335710646969,2.6133758094131377e-05,0.05644547579908957,0.26309322565634063,2.1338622002936974e-05,0.00029771670463828095,0.000616627228562546,3745.0,0.9702692411397847
YFL034C-A,0.01935812531839022,0.00036904855324811997,0.08914904870868864,0.27862561199205954,0.0003445761505153904,0.0005049090216074921,0.0006311013814807247,3793.0,0.9459000879253616
YGL031C,0.018084564442180335,0.00010741434938846412,0.08917965276971541,0.27493020378728467,9.494235597780696e-05,0.00045424082399270584,0.0006296915596715566,3795.0,0.9448497897560536
YFR031C-A;YIL018W,0.014009169638308712,5.015467639830482e-05,0.06947253435417561,0.2710962782575921,3.908649151714794e-05,0.00036685980920234194,0.000623467274662771,3760.0,0.9616761365529499
YGL099W,0.02292409577177789,0.0009926482743750987,0.09508209164251048,0.2787912387490767,0.0009113586351337546,0.0006211145609553714,0.000634199697750606,3801.0,0.9397881477269334
YGL076C,0.04100866021395823,0.008411093454117039,0.13992314758781274,0.3079173156409581,0.008176988576511715,0.0012506444429776819,0.0006424220324247193,3837.0,0.9023279664227682
YGL246C,0.00815078960774325,0.001990160951541586,0.03804470655471807,0.28144719008964625,0.0019194865494956011,0.00030443594458142895,0.0006041808752680821,3703.0,0.9824703537503567
YGL147C,0.028527763627101375,0.0006751781328369308,0.12543950823614458,0.2911439816159753,0.00047087118054930076,0.0007201788027027397,0.0006378349806581491,3829.0,0.9124240863230422
YGR034W,0.03234844625573102,0.0018236180305884117,0.1323290142571643,0.2964111621966404,0.0016498325722677381,0.0008512732244288267,0.000639629755533632,3833.0,0.9068491244643451
YHL001W,0.016046867040244522,0.0013088854106293939,0.07838208980693415,0.27935168573338354,0.0013167204989526597,0.00046468619483727616,0.0006265818072812998,3776.0,0.9560351582297819
YHR010W;YDR471W,0.010188487009679063,1.703421115983929e-05,0.05484154263411332,0.26666471151990573,1.1474331306653872e-05,0.00027584024312622023,0.0006134184156325349,3740.0,0.9719360918674275
YHL033C,0.02750891492613347,0.001020376042517841,0.11744260747947409,0.2915738647097509,0.0008770770884961214,0.000726495227544396,0.0006373436500490474,3821.0,0.9213410990913072
YIL133C,0.030820173204279166,0.0012494320598191084,0.13118994750858612,0.2917098811293013,0.001070213558037995,0.000812274928659045,0.0006388076934201423,3835.0,0.9059784689266696
YIL052C,0.032093734080489045,0.0021354967419548927,0.13130331458467137,0.29394958407122174,0.0019612598632637286,0.0008743127921351891,0.0006393935585218961,3834.0,0.9067620926084229
YJL189W,0.019867549668874173,0.00014720585274825943,0.0993813057547629,0.27989350921932665,0.00011653415799494444,0.0005022601693544814,0.000631656931364482,3805.0,0.9363026608710641
YJL177W,0.02521650534895568,0.0007189688019972664,0.11621895346495409,0.2908956808098212,0.0006999919659971992,0.000638458750460523,0.0006360434332878523,3820.0,0.9226804850119804
YKL180W,0.02954661232806928,0.0013545398305642464,0.12819931667688733,0.29533788500354796,0.001075280537297632,0.0007490851058811008,0.0006384016475078344,3831.0,0.9112977144601203
YKL006W,0.03031074885379521,0.004141220136693904,0.12382153902927784,0.2996065232839634,0.00409037499692962,0.0008514556006813049,0.0006388759940333713,3825.0,0.9176915195706014
YLL045C,0.03107488537952114,0.0013210848029139386,0.1311564260343144,0.2935356353532369,0.0011692456069598417,0.0007922655174740408,0.0006390771963633098,3832.0,0.9069086453475619
YMR242C;YOR312C,0.012990320937340805,3.184568436496768e-05,0.06566358454793074,0.2673487595186742,2.370952818821092e-05,0.00033973504105805927,0.0006213118064795302,3756.0,0.9640162448443984
YNL162W;YHR141C,0.009424350483953133,2.1210281713286544e-05,0.048501681569606735,0.2631301277147818,1.65431230017506e-05,0.00025761469820789897,0.0006103683928535889,3734.0,0.9755844848432478
YNL069C,0.019867549668874173,0.00012269291273060573,0.10013000447618353,0.2831891079390953,9.371998495347679e-05,0.000506666315742393,0.00063170669353598,3804.0,0.9367477866460857
YNL227C,0.012990320937340805,3.4184209333311925e-05,0.07251615391343257,0.26769210124750814,3.33123922376034e-05,0.0003361409642804317,0.0006212362825845603,3771.0,0.9584559511609574
YOL120C;YNL301C,0.013754457463066735,7.481062593208926e-05,0.06951313336637405,0.27043192237891556,6.043391593937779e-05,0.00036372363134990935,0.0006229644958073072,3762.0,0.9615213390245558
YOL039W,0.018084564442180335,0.0001108435382099879,0.09205449606317812,0.27511163594992477,9.058250732123123e-05,0.0004594340195556518,0.0006296528519883154,3800.0,0.9421146849884886
YOR063W,0.04381049414161997,0.009310156953704051,0.14386632958030535,0.3071610717220691,0.008536603223840455,0.0013147192473890524,0.0006431083480615472,3839.0,0.8970045275863826
YPL009C,0.012735608762098827,5.803760101768875e-06,0.07174949698131768,0.26587106654514414,5.195960229994066e-06,0.00032753902750596545,0.0006206795990187585,3769.0,0.958700276018976
YPL131W,0.033112582781456956,0.0013610862358868308,0.1340917600698199,0.2936505041156041,0.0011305430367045779,0.0008660270481600784,0.0006398670484479986,3836.0,0.9033362499317548
YPR043W;YJR094W-A,0.013499745287824758,5.0842060949762936e-05,0.06711903140567861,0.2698290176975961,4.160056466489598e-05,0.00035671263903213767,0.0006224260946193994,3757.0,0.9633281050665206
YPL220W;YGL135W,0.014263881813550688,5.3587705470861816e-05,0.07093153700634931,0.27080277813677905,4.376068922750055e-05,0.00037169017219438173,0.0006239238618545484,3765.0,0.9604074445980237
YPR102C;YGR085C,0.011716760061130923,5.601143158451388e-05,0.058406640988230264,0.2693640958493125,4.614639025724563e-05,0.0003166417608831233,0.0006181338606267953,3747.0,0.9698311685538628
YHR016C,0.0028018339276617422,0.0016434025569042306,0.0005634283955506375,0.26362932062149197,0.001742913346126501,0.00030706347993718537,0.0005126260795418179,923.0,0.9895634419669371
YEL046C,0.003056546102903719,0.0009456373333696201,0.0005597802869680448,0.2673487595186742,0.0009561964742944002,0.0002904352737969477,0.0005221679314872845,801.0,0.9895879766725811
YCR053W,0.001782985226693836,0.00035387855106924776,0.0010112620131799825,0.24885404862274152,0.0003731569780297859,0.00013367665005958103,0.00047634631046081254,1182.0,0.9895178388979086
YML017W,0.0015282730514518594,1.4628730926894928e-05,0.004644919131796478,0.2430348808838628,1.5339313611544272e-05,8.944360580894715e-05,0.0004572372157056173,1224.0,0.9895086441348571
YPR189W,0.004075394803871625,0.0004894238926853357,0.003383592569062236,0.24572483404840356,0.0005432655468914413,0.0001722620782365222,0.0005544386926297646,164.0,0.9897124108666924
YOR076C,0.004584819154355578,8.825156121913479e-06,0.0009644414051345616,0.24204712541675208,8.663578882523505e-06,0.00014282219830698923,0.0005661103607107731,288.0,0.9896908531713261
YDR480W,0.0053489556800815075,0.003504627193515485,0.0003265174529625363,0.2735072525940424,0.003436529613219915,0.0005148597102874306,0.0005754628526027378,762.0,0.9895962802821573
YBR085C-A,0.00025471217524197657,0.0,3.6148816998036675e-06,0.20228447763020668,0.0,6.877843017997537e-05,0.00017565942718943857,3087.0,0.9893244091745218
YKL116C,0.0053489556800815075,0.005096249476322724,0.00026436679248845147,0.2550453736037709,0.005299737388468021,0.0007493917459753723,0.0005388412303256714,1970.0,0.9894092470052263
YGR090W,0.019867549668874173,0.0015995971959082357,0.004661723852457474,0.27519234935346,0.001603955059511784,0.0005178772104768127,0.0006263317340681927,3548.0,0.9888377919200696
YBR086C,0.0053489556800815075,0.001755468989094081,1.084668703896634e-05,0.2491184178397898,0.0017734495749320287,0.000475255793747109,0.0005708688512838382,366.0,0.9896755014125148
YBR106W,0.018339276617422313,0.010236743447764703,7.746340175512224e-05,0.2762459498663727,0.009854919728419977,0.0012886230208050892,0.000625697849234306,3617.0,0.9879352469631596
YBR078W,0.007641365257259297,0.001424045393455232,1.7688092657467162e-05,0.2580626240515217,0.0013982783927495562,0.0006173659667102881,0.0005919101197458603,140.0,0.9897153246534591
YDR011W,0.007641365257259297,0.0015812975039229031,7.23585768851096e-05,0.2622473258604231,0.0014064841825929444,0.000581456056351377,0.0005949001211896825,141.0,0.9897151321344491
YDL121C,0.002292409577177789,5.851271132772449e-05,4.298501084972681e-06,0.23555829301136827,5.8651580634570526e-05,0.00019354369110684717,0.0005028839296815365,1127.0,0.9895242925887074
YDR261C,0.002292409577177789,0.0002474466768655837,1.7210989884075184e-05,0.2426576439713539,0.0002514053307096206,0.00020259022946891096,0.0005023974033760329,1144.0,0.9895232728906752
YDR033W,0.001782985226693836,0.00026043993215237184,6.538030845617807e-06,0.22611779009733465,0.0002831552516612034,0.0001826501762341108,0.00046927284534457593,1344.0,0.9894924629594429
YIL121W,0.0015282730514518594,0.00025249613960358163,9.11675057054069e-07,0.2149511596153007,0.0002457619381058506,0.00017189666965888915,0.0004392536252175908,1447.0,0.9894758621863733
YGL008C,0.005094243504839531,0.0005362730041191391,1.3072390863523244e-05,0.24387211511765186,0.0005234586261635343,0.00041950504175923043,0.0005691567511895509,310.0,0.9896864133540172
YKL129C,0.0033112582781456954,0.0008514770465710865,6.221142595189921e-06,0.2417196553978272,0.0008879668197206356,0.0002891316765419483,0.0005275782377025237,740.0,0.9896007510502208
YKL077W,0.006877228731533368,0.002716296333002927,9.477552188633239e-06,0.24541944604167149,0.0026596115024924132,0.0006241559628094401,0.0005839623653223524,456.0,0.9896591291144728
YMR215W,0.003056546102903719,0.00010482999806212844,8.104679096629539e-06,0.23873584188629893,0.00011068087107975121,0.0002635186440170343,0.0005269753389919583,835.0,0.9895810498370822
YMR086W,0.0038206826286296485,0.004772346881563803,6.469439625075075e-05,0.2773691499286666,0.004951657130588853,0.0003915003411181559,0.0005444448477065685,2092.0,0.9893948994317675
YMR307W,0.008660213958227202,0.0028761186507351042,1.5661873192245606e-05,0.25831135911084846,0.0029641256359087655,0.0007016352710917281,0.0005985063723752687,535.0,0.9896428268128924
YOL030W,0.0020376974019358125,6.165141842306235e-05,7.740065808659163e-06,0.22872302432852193,5.5897882000592574e-05,0.00018329887200574315,0.0004840443028427871,1223.0,0.9895087318309241
YPL154C,0.001782985226693836,0.0008502967160682473,0.00036567319118850357,0.24401486024226546,0.0008811442421481775,0.00019417341817538997,0.0004508706461996493,1293.0,0.9895001932736227
YGR086C,0.004584819154355578,0.0016434655232614231,9.460598783926159e-06,0.2517933354194399,0.0016333414004220182,0.0004772324511056308,0.0005495104506373217,488.0,0.9896520857256318
YHR094C,0.001782985226693836,6.682935354201976e-05,5.5040919923897115e-06,0.22647265594767152,7.626727460307579e-05,0.000171444028482848,0.00046711192380551747,1372.0,0.9894878404756031
YML125C,0.004330106979113601,9.344941726215379e-05,1.1111262967035477e-05,0.2420002896726699,0.00010223970513515707,0.0003013651757137976,0.0005607585881643165,507.0,0.9896484881013476
YMR183C,0.003056546102903719,0.0001194409456453569,3.752415096123779e-06,0.2334768196070363,0.00014136989702392478,0.00026865649476158515,0.0005259342527656403,808.0,0.9895862779736488
YDR051C,0.0020376974019358125,0.0007113727051437578,3.071247023626348e-06,0.23154606832171526,0.0007090724680220194,0.00023224384303434034,0.0004672897098307055,1191.0,0.9895155630688481
YLR066W,0.003565970453387672,0.0003297524068873061,6.349650909943034e-06,0.24863966143704927,0.0003069075160765733,0.0002654662658815957,0.0005449718050229914,705.0,0.9896064213924343
YNR050C,0.0007641365257259297,6.754584084858183e-05,9.871468171584024e-08,0.19218216929186466,8.397123585945401e-05,0.00014693936261394021,0.00027155203442282797,2050.0,0.9894012817996057
YPR055W,0.002292409577177789,0.0014617109751756043,2.3094611007258806e-05,0.2417196553978272,0.0014429433251682278,0.0002573709740115879,0.00039304271198916345,1157.0,0.9895207172425132
YPL110C,0.0015282730514518594,0.0005871020516516214,1.4791122427646064e-05,0.24066532976812532,0.0006332701124177093,0.00018989127126775747,0.00043162155437356786,1539.0,0.9894629687778932
YDR468C,0.0010188487009679063,0.00011476222129216144,4.947498447475236e-07,0.20291900979367625,0.00014452858252422604,0.00016209474221238774,0.0003567319222103683,1814.0,0.989427634536798
YDR107C,0.0015282730514518594,0.0001406405344413316,6.120753707678962e-07,0.2082924827116568,0.00013892555038682344,0.0001785743220020541,0.00043320696827383985,1423.0,0.9894794251292351
YJR040W,0.0005094243504839531,7.140054258506917e-06,1.994698235630795e-05,0.21401930814471928,5.249563663857695e-06,7.897034538417238e-05,0.00028221937673323765,2607.0,0.9893556662857935
YLR083C,0.0012735608762098828,1.6225076813945275e-05,6.513645760074598e-07,0.20816536235491978,2.0262785805022994e-05,0.00013419025319207631,0.00041823033805358264,1651.0,0.989447773148256
YOL018C,0.0005094243504839531,2.8312818841582572e-05,1.3460562404247404e-07,0.19622260818393777,4.629649829452349e-05,0.00010290546375193265,0.00025071509241917484,2478.0,0.9893628733475603
YKL150W,0.0015282730514518594,0.0015489626601664348,7.741995505078913e-05,0.2509512735659872,0.0016930069011651297,0.00018791286571341639,0.0004351290335416437,1657.0,0.9894470981877701
YKL073W,0.001782985226693836,0.00039319137321050664,1.637773337333493e-05,0.2540437735178464,0.0003941898035909417,0.00017402611211037033,0.00046915736526776183,1457.0,0.9894744938525
YAL031C,0.0015282730514518594,0.00030216281339095016,2.578008875499087e-05,0.2530670775047264,0.00029797819540396976,0.00017494295970644125,0.0004470509740039984,1617.0,0.9894527456748048
YHL003C,0.006113092205807438,0.0014503627677468398,7.973704206354439e-05,0.2637590503398997,0.0012997022012626923,0.0004140634909733491,0.000583078051210588,256.0,0.9896972929007517
YIL016W,0.0053489556800815075,0.00024439847866556763,8.994437622034287e-06,0.24852437511327247,0.000247665749043897,0.00038243569073368366,0.0005741171167620931,313.0,0.9896856540768884
YKL105C,0.0025471217524197657,0.0008293157510381134,5.729037135611564e-05,0.26026446247815443,0.000834147948271975,0.0002602927286078367,0.0005127473062296251,1068.0,0.989536742561213
YKL142W,0.0007641365257259297,3.559945828025008e-05,3.2470732848443947e-06,0.20809608935579998,3.833684898250132e-05,0.00010643020044091163,0.00033581581826781613,2145.0,0.9893898392226331
YHR077C,0.003565970453387672,0.0021774261850799202,0.004335801932609617,0.2753943402147001,0.002326499712072332,0.00032185569131755714,0.0005363146047345088,558.0,0.9896378055349049
YMR202W,0.0025471217524197657,0.0001872280687255675,8.796922250072062e-06,0.23564706011085756,0.00021655716347740575,0.00023405621726799107,0.0005071570963205254,1009.0,0.9895487565394278
YER173W,0.0012735608762098828,0.00018926920095814264,0.00024139485603702715,0.25031506378578117,0.00022079993523835576,0.00011921946855305181,0.0004225628549751622,1714.0,0.9894376213082133
YJR068W,0.004075394803871625,0.00017224287072863166,0.0026568598193827887,0.2544572730474787,0.0001639045583810506,0.00025268840865659277,0.0005517198569519681,221.0,0.9897028018083992
YOL094C,0.005094243504839531,0.002897759177860073,0.0025000101041136855,0.27416678780307446,0.0028881324715447684,0.0003716842480343339,0.0005712108452335709,356.0,0.9896778914642314
YNL290W,0.005094243504839531,0.0009714035915149284,0.007821930936025727,0.2706855559544819,0.0008897660106991463,0.00030337082430776524,0.0005711249570817475,668.0,0.9896134998590088
YCL016C,0.0020376974019358125,1.2902062536356684e-06,0.0003167255277099378,0.22671898550275388,4.733177342996867e-06,0.0001613013418912792,0.00047194228393067063,1130.0,0.9895240940056625
YHR191C,0.0015282730514518594,0.0,0.00019449927120082538,0.22258973013081831,0.0,0.00013196024220478116,0.00043644176816513505,1462.0,0.9894735101295434
YMR078C,0.002292409577177789,0.0003821830982939383,0.00020614055938531414,0.24913495956740195,0.0004299100957209576,0.0002086085942609202,0.0004896710587976694,1104.0,0.989529739292349
YOR144C,0.001782985226693836,4.932645149991445e-07,0.0003141089813238766,0.22670528647039723,1.0658699008642687e-06,0.0001424203376060598,0.00045944310931928634,1285.0,0.9895006655642048
YGR253C,0.010952623535404993,0.001672368370378424,0.00020031522466182225,0.26244911101602364,0.0017280291813666427,0.0005135804613214099,0.0006061887250227289,604.0,0.9896262837728803
YHL030W,0.010188487009679063,0.0011712877241090687,0.00015697925349597764,0.2654572301602571,0.0012748559909138302,0.00046246596365113535,0.0006039444412942298,400.0,0.9896701210239582
YHR200W,0.010443199184921039,5.905054828948934e-05,0.0001635393007170283,0.2624858325930512,4.7098887915449284e-05,0.0004388749634446767,0.0006039214444299242,493.0,0.9896509302008628
YHR027C,0.011462047885888945,7.77805309180106e-05,0.00022045287890698056,0.2628352007765376,5.983791918066426e-05,0.0004776681337639486,0.0006069898423891827,709.5,0.9896054273242307
YIL075C,0.011716760061130923,0.001541139698934809,0.00023883827220419344,0.270490411007503,0.0016185728673353702,0.0005039183536542854,0.000608205819630887,688.0,0.9896088024556899
YKL206C,0.007896077432501274,0.00017873062997599378,0.0001963459503974522,0.2556884619793563,0.00019605441543354014,0.0003607611913894614,0.0005926520325929627,159.0,0.9897127734173172
YKL145W,0.011716760061130923,0.00019669485560534132,0.00022123773480120702,0.26394460014668125,0.0001888494837650792,0.0004981006926641355,0.0006079053673861863,761.0,0.9895964061245083
YLR199C,0.007896077432501274,0.0026707731982807395,0.003671562685598966,0.27714377981127747,0.002647271048834374,0.0003822755005868031,0.0005949058254343858,45.0,0.989746315291797
YCR016W,0.004584819154355578,0.0013668642086946568,0.010240758392363358,0.271292298704633,0.0013576927052068718,0.0002607482382849841,0.0005628667479526153,1992.0,0.9894075824743117
YGR283C,0.0038206826286296485,0.0001772358243620386,0.00046599185721131746,0.24527505334935434,0.00020605086274989965,0.0002231207768802217,0.0005484336517697681,542.0,0.9896410277026864
YNL175C,0.015282730514518594,0.0009317759271498609,0.022215927408058264,0.28301821611865985,0.0008407192116089753,0.0004418177561812865,0.0006251797645375678,3639.0,0.9873523082050147
YDL208W,0.006113092205807438,0.0009966157322674083,0.001899551430774346,0.26290887051258316,0.000917571512564401,0.0002931929072350662,0.0005853815449824863,25.0,0.9897589005633757
YBR090C,0.00025471217524197657,0.0,0.00013964565070030368,0.21237179436718595,0.0,5.047825510101308e-05,0.0001781381892304593,2939.0,0.9893293327759023
YBR093C,0.0007641365257259297,0.0009084343494880234,1.0282576737162028e-05,0.24290900499061724,0.0009186826645459312,0.0002249015837707185,0.00023245072510990052,2167.0,0.9893883910025649
YIL119C,0.0007641365257259297,0.0005004913536862756,3.0169425221683383e-07,0.1989591945638495,0.0005042092164045758,0.00023871952796842855,0.00020634150957550058,1974.0,0.9894090534106121
YBR092C,0.00025471217524197657,0.0,1.4024621583664958e-07,0.19457410626381133,0.0,0.00010081901975824475,0.00012286541294537982,2978.0,0.9893275756323746
YGL155W,0.0015282730514518594,0.0010623664120512266,1.1253174373083652e-05,0.2491845979335242,0.0011098765905864214,0.0002928688233359869,0.0003729727532857725,1559.0,0.9894605780742128
YKL019W,0.0005094243504839531,7.907955906213067e-06,4.7618470261197106e-07,0.20590344040638098,1.4879819178079605e-05,0.00011847383655588262,0.00023424631632525458,2519.0,0.9893596119409331
YAL013W,0.0025471217524197657,0.0,4.622995033689701e-06,0.2207821873064066,0.0,0.0002571200250532272,0.00046511400008624284,953.5,0.9895589299080434
YKL185W,0.003056546102903719,0.0006905565604427146,0.00011624966708113236,0.2513884416137403,0.0007025855009246852,0.00030128709419478545,0.000494039411477646,824.0,0.9895831798185478
YBR095C,0.0025471217524197657,0.0,4.622995033689701e-06,0.2207821873064066,0.0,0.0002571200250532272,0.00046511400008624165,953.5,0.9895589299080434
YDL076C,0.003056546102903719,8.297311845258896e-05,4.7393346214509246e-06,0.22330511195602154,8.774226122543487e-05,0.0003207894536753082,0.00048254579526501586,750.0,0.9895978107109986
YIL084C,0.0033112582781456954,0.0003480255389078316,4.954514613221918e-06,0.23064932016260367,0.0004111033302767225,0.00034756144127174487,0.0004949207650146079,673.0,0.9896127834682736
YNL097C,0.003565970453387672,0.0021727225042141017,6.893460257984667e-05,0.2667974465679495,0.0022036578707870704,0.00036895375600135775,0.0005101312753828899,869.0,0.9895734265645187
YMR263W,0.0028018339276617422,0.000316400661916312,1.129402406305545e-05,0.23781279654465828,0.00037281844020221693,0.0002806535989339921,0.00048084482679864557,893.0,0.9895696751787305
YOL004W,0.0028018339276617422,3.292520081815172e-05,1.2005333894527989e-05,0.22444053903721203,3.5737194214224415e-05,0.00027380957362512734,0.00047792214771120826,854.0,0.9895762184222089
YNL330C,0.003565970453387672,0.00042342009361173233,4.7765728578653986e-05,0.2395895588176931,0.00046658227780235995,0.00034158245214973855,0.0005105300901087304,634.0,0.9896217574694598
YPL181W,0.0028018339276617422,0.00011718615448918627,4.630905965305141e-06,0.22174778316105637,0.0001292291572902559,0.00028811390974544174,0.0004776335798198652,834.0,0.9895811174527112
YPL139C,0.0038206826286296485,0.0010609179661891191,6.377051969168855e-05,0.2511864826327291,0.0011526476006018206,0.00037833541995077244,0.000518471183892841,603.0,0.9896263638824975
YLR183C,0.0005094243504839531,2.30959327284699e-05,4.032302473557443e-07,0.2064699807993107,2.699515191133573e-05,8.237220954140283e-05,0.0002722980285547059,2561.0,0.9893576488359772
YPR023C,0.005094243504839531,0.0024416056826624746,0.0023778941914945006,0.26422341486514606,0.002384896346818483,0.00035915739042101705,0.0005681293752367921,216.0,0.9897036028376441
YAL034C,0.0005094243504839531,0.00011840741574355308,2.223430949060026e-06,0.22925409330838775,0.00014311200800969025,7.992172487636824e-05,0.0002802771654977198,2685.0,0.9893529759846803
YHR001W,0.0012735608762098828,0.00019777896842318712,5.878323021741518e-07,0.21170075557665596,0.0002197007411930931,0.000184202980000287,0.00039582059612369876,1619.0,0.9894524677678226
YLR360W,0.0007641365257259297,0.0,1.220819783538683e-06,0.21375106768558502,0.0,0.00011469790670504782,0.0003080815290182301,2196.0,0.9893866459181023
YPL120W,0.0010188487009679063,7.199971169954626e-06,2.2357980877232223e-06,0.2175434853067243,9.463967568759174e-06,0.00013318250103535703,0.000355610845435558,1904.0,0.9894145491351439
YLR240W,0.0012735608762098828,7.320155226533353e-05,2.2484131638770356e-06,0.21950345118382225,9.727200160183775e-05,0.00016744151497890354,0.0003827379892568612,1669.0,0.9894439179478048
YBR296C,0.0007641365257259297,0.00011059042170554457,9.376038998883612e-07,0.21594086279626323,0.00013834299473132865,0.00012180762609792719,0.00032997388623111113,2159.0,0.9893890336342817
YER081W,0.0010188487009679063,0.00019666606988133904,1.422735846621712e-05,0.25140528618902935,0.00021186375498797748,0.00015925059295859823,0.0003778478905625672,2029.0,0.9894041030413848
YJR127C,0.0015282730514518594,0.0005617286313424169,7.837037943819958e-05,0.26426063467284644,0.0005585108619679934,0.00016428424736207858,0.000454894112940512,1632.0,0.9894508463088525
YNL229C,0.004075394803871625,0.0016939572218365893,7.720212860855532e-05,0.2721581670597036,0.0017636185484436926,0.0003986979899188234,0.0005502725003605282,669.0,0.9896134916580532
YCL025C,0.0007641365257259297,0.0001029396636379526,1.8541075027013779e-06,0.2253166280978305,0.000127373037728994,0.00011554856992143501,0.0003291912456287749,2238.0,0.9893844907186028
YBR208C,0.0005094243504839531,9.349013058370718e-06,1.3392163721766152e-05,0.2248979494746193,1.1096353723135631e-05,8.169082040915599e-05,0.0002782025859967136,2703.0,0.9893522569593639
YBR150C,0.0038206826286296485,0.0010547349929391663,9.582110122601881e-05,0.27416678780307446,0.0010708299216595617,0.0003535507965256521,0.0005514288965453371,687.0,0.9896089117174001
YNL250W,0.0012735608762098828,0.0001802740810719623,1.512674305686916e-05,0.24204712541675208,0.00017890622534302305,0.0001179275633326487,0.00042832336618348527,1780.0,0.9894305029624045
YKR025W,0.006367804381049414,0.0022956225376286102,0.00020411422242538476,0.27953900246498836,0.0024252793182714593,0.00039612550064713203,0.0005862448162772645,388.0,0.989673323662104
YBR154C,0.012480896586856851,0.001115140499490352,0.0004964496467156621,0.2791646198724013,0.0009555501697059276,0.0006704450332486741,0.0006150798597148301,680.0,0.989611452840743
YHR143W-A,0.015282730514518594,0.007430705384661688,0.0027106287890885537,0.29369647679726607,0.006715685763753298,0.0008180191084667479,0.0006237274214790297,3492.0,0.9890807441026875
YNL039W,0.004839531329597555,0.0002270852654775536,9.356234482008504e-05,0.2539406085336767,0.0002550915668307722,0.00030219311380689454,0.0005673665654086583,421.0,0.989665721335804
YKL144C,0.0053489556800815075,7.056543043053121e-05,9.463108859872387e-05,0.2506662540810445,6.376615553307826e-05,0.00032512599502885575,0.0005724107930889005,328.0,0.9896826158341829
YNL151C,0.0056036678553234845,7.577011656738036e-05,0.00010108512594592116,0.25150640106482597,6.716171668114847e-05,0.00033679152053675055,0.0005755385941911735,294.0,0.9896896593104523
YNL113W,0.008660213958227202,0.00039992689509996994,0.0003025382681338008,0.2662672976428269,0.000355399429083376,0.0004967453858252931,0.0005991038923180369,118.0,0.9897194548460893
YOR116C,0.006877228731533368,0.0015380721730706996,0.0004436991928042145,0.2709592324030529,0.001578054162494969,0.0004363190455215077,0.0005870588065577142,117.0,0.9897197259342545
YNR003C,0.0053489556800815075,0.00013577114659172216,9.917425034450093e-05,0.25103522622006386,0.00014240443477752448,0.00033039508000267217,0.0005728968852237425,319.0,0.9896842261005081
YOR210W,0.012990320937340805,0.0012098485282900466,0.0004993696906379934,0.28056326112952024,0.0010523100050194004,0.0006996663778294558,0.000616366988858128,812.0,0.9895850098064186
YOR207C,0.006113092205807438,0.00011733247509265033,0.00010330355104894704,0.25172576256860607,0.00010989555621547626,0.0003664479800242316,0.0005808343099130998,225.0,0.9897021571628825
YPR110C,0.00967906265919511,0.0013344103400444516,0.0003288265603693906,0.27131191634138935,0.001327577072635512,0.00057609361043165,0.0006043724547323179,217.0,0.9897035589432285
YOR224C,0.00967906265919511,0.0007967233300763789,0.000479741148044447,0.2758600463999025,0.0007079400074688231,0.0005155182376743267,0.0006069576675968829,143.0,0.9897147243747149
YPR190C,0.006622516556291391,0.0013314554656305606,0.00010119227529349372,0.2552015025904689,0.0013053114150363572,0.00047646128925948764,0.0005826232101425004,160.0,0.9897127118289485
YDR045C,0.0053489556800815075,1.645639947444364e-05,0.00010195221767592511,0.25154012410063514,1.3791465549263823e-05,0.0003165666417286159,0.0005737744959620347,338.0,0.9896808680854994
YCL028W,0.0028018339276617422,0.00044336099153299575,2.4549788251846013e-05,0.2448269162208857,0.0004710731686848856,0.00029689065905288124,0.0005126421302345499,909.0,0.9895660904824116
YDR166C,0.001782985226693836,0.0,1.3880059146755085e-06,0.2061636623487595,0.0,0.0002177597695469413,0.0003361841507706877,1249.0,0.9895051327846212
YGL233W,0.001782985226693836,0.0,1.3880059146755085e-06,0.2061636623487595,0.0,0.0002177597695469413,0.0003361841507706875,1249.0,0.9895051327846212
YER008C,0.001782985226693836,0.0,1.3880059146755085e-06,0.2061636623487595,0.0,0.0002177597695469413,0.0003361841507706877,1249.0,0.9895051327846212
YJL085W,0.001782985226693836,0.0,1.3880059146755085e-06,0.2061636623487595,0.0,0.0002177597695469413,0.0003361841507706875,1249.0,0.9895051327846212
YIL068C,0.0020376974019358125,0.00037334401484688637,1.3558468647490765e-05,0.22249733090701973,0.00042401700298959,0.00022928907297943443,0.00036708156203916624,1153.0,0.9895223329533241
YLR166C,0.001782985226693836,0.0,1.3880059146755085e-06,0.2061636623487595,0.0,0.0002177597695469413,0.0003361841507706875,1249.0,0.9895051327846212
YBR102C,0.002292409577177789,0.0011325129283743698,5.956372686078156e-05,0.2377374534967098,0.0011766875152648276,0.00026188260492825317,0.00039303194662870713,1088.0,0.9895319002646707
YBR103W,0.0015282730514518594,2.450839363268161e-05,1.0476831738484517e-05,0.23029538982844794,2.7939936863602597e-05,0.00017457018654279462,0.0004280826861806956,1551.0,0.9894612041963486
YDR155C,0.014009169638308712,0.009849718695466381,0.0006632591757310867,0.2799352750194042,0.009498177644661442,0.0012132400175683,0.0006176398462235248,3579.0,0.9885480384010046
YCR033W,0.0015282730514518594,5.2188217811970414e-05,1.0481200592670899e-05,0.23181788638153067,5.9568623657296456e-05,0.00017014879012595317,0.0004297123615179718,1558.0,0.9894606400481022
YIL112W,0.0033112582781456954,0.001024917392038333,2.4569720896699962e-05,0.25137159929552955,0.0010134191722214983,0.0003260407078665476,0.000526985607186162,772.0,0.9895942261761436
YGL194C,0.0020376974019358125,0.00026078626588234646,1.3756262049717563e-05,0.23638939585969468,0.00026658595978709855,0.00020341681798263968,0.00047452927127045343,1232.0,0.989507887341575
YOL068C,0.0015282730514518594,0.00020218951737902553,4.0355232108418954e-05,0.2427047345290817,0.00025712061499338587,0.00018010388466892468,0.00043820778404694735,1573.0,0.9894589904652322
YKR029C,0.0015282730514518594,0.00029983648964700506,1.5817976838836244e-05,0.2459019852592131,0.000333673181667378,0.00017574072988544377,0.0004338373304439953,1581.0,0.9894567744989091
YDL215C,0.0012735608762098828,0.00041290348213497073,5.0919500130689993e-05,0.2552188620559876,0.00042548611849569,0.00015082783312619333,0.00041499041743642756,1782.0,0.989430244551074
YBR105C,0.0015282730514518594,8.108933138671327e-05,1.276663099955395e-06,0.20627700759168036,9.79579373588712e-05,0.00020630624661678557,0.0003847053645464664,1406.0,0.9894816774344629
YDL176W,0.0020376974019358125,0.000457709965758105,2.0887551092331246e-06,0.22164298742232244,0.0004899685361238828,0.00026159420417967396,0.0004245408094365957,1126.0,0.9895247468131187
YDR310C,0.0038206826286296485,0.0024349814795470493,0.002109200289442522,0.2778004213745798,0.002413075909800481,0.0003141662139074017,0.000553578108080087,575.0,0.9896344776422665
YOL091W,0.0015282730514518594,0.0002331318244202199,3.0315409137612824e-05,0.2287648613551048,0.00027158075441809283,0.00020413014665281412,0.0004114355149880963,1495.0,0.9894693243344965
YOR279C,0.0015282730514518594,0.00017998342986050457,4.7083258242048334e-05,0.2523182576385389,0.00019407066062958306,0.00016235714856114772,0.00045149086326985315,1624.0,0.9894519297098784
YDR407C,0.004584819154355578,0.0063287511647997,7.242639305958034e-05,0.2645028192516795,0.006376748562321325,0.0005625205018698743,0.0004954479181471587,3457.0,0.989219378287841
YDR472W,0.0033112582781456954,0.000634056537586731,4.228314199733944e-06,0.23018236141626222,0.0006986548649131974,0.00034588219254706374,0.00046288452672381576,663.0,0.9896146271011225
YGR166W,0.0025471217524197657,5.965364917951207e-07,1.1887107999475123e-06,0.21390949208010682,6.335828935317325e-07,0.0002823753457440152,0.00041770779980782144,904.5,0.9895667808102283
YMR218C,0.003056546102903719,0.0004565023796475499,2.046721277123922e-06,0.22414555774449332,0.0005601737749008001,0.0003473214848203666,0.0004449070416889147,720.0,0.9896039903192481
YKR068C,0.0025471217524197657,5.965364917951207e-07,1.1887107999475123e-06,0.21390949208010682,6.335828935317325e-07,0.0002823753457440152,0.00041770779980782144,904.5,0.9895667808102283
YML077W,0.0025471217524197657,5.965364917951207e-07,1.1887107999475123e-06,0.21390949208010682,6.335828935317325e-07,0.0002823753457440152,0.0004177077998078211,904.5,0.9895667808102283
YOR115C,0.002292409577177789,0.0,1.1733914008873032e-06,0.2138972972513012,0.0,0.000256794245892401,0.00041104696738755855,1030.5,0.9895451961696374
YNL014W,0.0010188487009679063,0.00030038543737485564,3.0453306035913423e-05,0.2448428929186292,0.0003235512762209712,0.00012476879448669766,0.0003864898859789756,1991.0,0.989407689578708
YGL227W,0.0020376974019358125,7.535473901697531e-05,7.263477106676686e-07,0.21005332499636512,8.509076666437599e-05,0.0002718996895669687,0.0004037422529715765,1101.0,0.9895299770906164
YDR255C,0.001782985226693836,6.815534426024524e-05,6.139417762530349e-07,0.20257936888316364,7.980609334683426e-05,0.0002454649112970666,0.000398708291551876,1204.0,0.9895118248381056
YIL097W,0.002292409577177789,0.0002843592154962484,1.6465121591236331e-06,0.2190804911295734,0.00032382053758853873,0.0003094742450302898,0.0004205262253071706,1005.0,0.9895492073271597
YIL017C,0.0020376974019358125,0.0008093996958439362,3.610766691326022e-05,0.23184653593802593,0.0008081829853843953,0.0002669371953760479,0.00041859244026483465,1171.0,0.989518622490475
YMR135C,0.0020376974019358125,8.128531634011393e-05,7.056361854031442e-07,0.20895369186261273,9.905863490627392e-05,0.0002744357250965035,0.00041006272955883624,1093.0,0.9895313739726852
YDL052C,0.004584819154355578,0.00047077984656927253,2.5017143521638355e-05,0.2557233159136501,0.00042335628832374905,0.0003454367437342238,0.0005671158683808796,470.0,0.9896555687915031
YGL195W,0.0033112582781456954,0.0011309864868391795,3.671786241920205e-05,0.25186094455830527,0.0011337243416560158,0.0003087293691977645,0.0005348907118461253,783.0,0.989592354106558
YML075C,0.010443199184921039,0.0011240798222429444,1.6825208950995353e-05,0.2500148258202888,0.0010562957609505724,0.0007132904680617134,0.0006068304001306043,563.0,0.9896374642997444
YBR171W,0.008660213958227202,0.000378824733206242,1.6728107386953167e-05,0.2473121409982911,0.00039057292790157654,0.0005644124588087706,0.00059903537808094,251.0,0.9896983332255362
YGL012W,0.007896077432501274,0.0007048846373850961,1.81131134598793e-05,0.2502482819372423,0.0007555066606675735,0.0005207101275085771,0.0005966446657712942,147.0,0.9897144932704933
YHR133C,0.0038206826286296485,0.0013428678796440397,0.00037207220979998976,0.25208092522743036,0.0013332159568268036,0.0002765412909145345,0.0005509760632507461,584.0,0.9896316413651026
YGL054C,0.004839531329597555,0.0003201871416356716,7.1025714787547534e-06,0.24157958219593545,0.0003129295110663438,0.00033252244043965493,0.0005692955960194575,386.0,0.9896734495318334
YLR372W,0.016556291390728478,0.008812141920746804,4.097791347715148e-05,0.27434721344582286,0.008525939943447379,0.001244896797395259,0.00062194349433074,3591.0,0.9884303222963358
YIL043C,0.0028018339276617422,0.002113986240154412,3.069101718531647e-05,0.26865047193792596,0.0022954349837609822,0.00024700300568929504,0.0005225579344094885,1181.0,0.9895178824396617
YMR110C,0.0010188487009679063,9.668833512192378e-06,1.1503457109555176e-06,0.22500584654183353,1.025733906610047e-05,0.00010639490544209525,0.00038928039929224135,1973.0,0.9894091036352329
YPL207W,0.003056546102903719,0.0018030603754004928,1.5413660568831283e-05,0.26276157231494324,0.0019510879143401845,0.0002798723307364091,0.0005327845941559788,1000.0,0.9895497857725417
YGL038C,0.0053489556800815075,2.7590431483415145e-05,4.370728196551526e-06,0.23110394155128264,2.4244566779393672e-05,0.00034747111342604776,0.0005713345975937147,290.0,0.9896906797266537
YJL183W,0.0058583800305654615,0.00012662989150709063,5.413476692035275e-06,0.24106736642797957,0.00011364791627748966,0.00038541148536372057,0.000575929400196443,238.0,0.9896992337653792
YKL004W,0.0015282730514518594,1.008357553355494e-05,9.75184609923122e-07,0.21123592450653494,1.5078403089554853e-05,0.0001567563439533237,0.0004428064971426484,1467.0,0.9894728561304611
YJR075W,0.0058583800305654615,0.00020630387812619808,5.0795187177187145e-06,0.23580997367136408,0.00021980702488392723,0.0003986768206600728,0.000575098727853165,212.0,0.9897040446123399
YOR099W,0.0058583800305654615,0.00036902432682028955,4.969956670434121e-06,0.2412068460999726,0.00034213049130966895,0.0004046319908405428,0.0005756970984083315,215.0,0.989703684491377
YJR117W,0.0025471217524197657,0.0005063092173825582,4.206682793468175e-06,0.23359310740163577,0.0005073172059303347,0.00022519338820017768,0.000501495318144311,983.0,0.9895533322358931
YBR283C,0.0033112582781456954,0.0005998839186617638,4.4891522212797466e-06,0.23191819081994522,0.0006067521769340655,0.00028352443459464733,0.0005304631063882298,685.0,0.9896096648120006
YCL045C,0.007131940906775344,0.0006159627211984981,6.484723466583759e-06,0.2378881873627361,0.0006095296705539571,0.0004897462840554147,0.0005846834749227149,131.0,0.9897171732948233
YMR161W,0.0056036678553234845,0.0015155059563693694,0.00011310940643275538,0.26091602858727914,0.0016417194740232348,0.00039269215495348357,0.0005781345767555694,324.0,0.9896833270578647
YOR254C,0.009169638308711156,0.00048500879487849743,1.8387863784412113e-05,0.24971530722695998,0.0004613984665062578,0.0006091313761873311,0.0006008783124449096,302.0,0.9896883779580516
YPL085W,0.004839531329597555,0.007389219998035405,0.003506703583296741,0.2938344812502995,0.007603017101600958,0.0004663258500581214,0.0005622468090038871,3460.0,0.9892156195625215
YEL017W,0.0010188487009679063,4.159155656993073e-05,1.9203393969894567e-06,0.2241589491626881,5.03840476070347e-05,0.00010542890859464365,0.0003900813144824867,1950.0,0.9894103917324738
YBL005W-B,0.0028018339276617422,0.001023705090362007,5.79210183771291e-05,0.25154012410063514,0.0010686458456720188,0.00028179012281888123,0.0004949307950920447,936.0,0.9895608018334809
YER015W,0.0007641365257259297,0.00023709634804992998,5.283400888279612e-06,0.2302388617504341,0.00026620938148167215,0.0001369499258338689,0.0003303858737343585,2203.0,0.9893862764643458
YCR010C,0.0025471217524197657,0.0008844677188001085,1.6396007621900934e-05,0.2534945267944783,0.0009587913941274911,0.00032035904159304757,0.0004951259759263879,1043.0,0.9895422523202747
YLR450W,0.006877228731533368,0.00035203512244314986,1.4517586571269924e-05,0.24708412848765715,0.00033972298027363433,0.0004624863387123105,0.0005884334059676164,146.0,0.9897144933832175
YMR149W,0.007896077432501274,0.00048224048096647123,9.464948684385728e-06,0.24231287077532124,0.0004402065452775236,0.0005297281668944984,0.0005924955267820831,176.0,0.9897105649505485
YPR124W,0.0007641365257259297,0.0,6.244675714944229e-06,0.21067844859818485,0.0,9.782077874716966e-05,0.00032986859897579917,2185.0,0.9893873380687326
YOL129W,0.0020376974019358125,0.0007465615246958706,3.7577773725470434e-06,0.22953459507433463,0.0008490574439968741,0.00028230796425985055,0.00045535077251794743,1167.0,0.9895194540462025
YJR049C,0.001782985226693836,0.0006653350112169328,3.940814412731006e-06,0.22684235133525235,0.0007311709491795133,0.0002470362582476021,0.00042453675572492333,1313.0,0.9894979641137105
YBR211C,0.0038206826286296485,0.0017871173379818924,1.2310867964114907e-05,0.24519490857960227,0.0017477596627023027,0.0004203968193275992,0.0005273069657191083,662.0,0.9896146918813075
YDR201W,0.0028018339276617422,0.0007030379666812288,7.048879781366453e-05,0.23882702043826057,0.0007281915108685335,0.0002644766994607977,0.0004757683785303063,872.0,0.9895730565342091
YDR383C,0.0015282730514518594,5.122634349646432e-05,1.8743981567229633e-06,0.21873564339095633,5.442269372725369e-05,0.0001907962740141795,0.0004180209261518191,1489.0,0.9894703130324819
YDR318W,0.0015282730514518594,0.00019259933584825535,4.620347671803983e-05,0.21871014229583643,0.00021275628500341112,0.00017329366092007405,0.00042163379384057794,1452.0,0.9894749764462075
YGR113W,0.0025471217524197657,7.546453559222886e-05,1.7729140702587158e-06,0.22138143091132131,7.814408764281834e-05,0.0002563550941250619,0.0004590755449620666,942.0,0.9895600276939006
YIL144W,0.0020376974019358125,0.0016731518560963259,0.00010658516746919271,0.26042704873221867,0.0016816914285691406,0.0002529596539917251,0.00047096101265525314,1367.0,0.9894881176214514
YGR179C,0.0028018339276617422,0.0003668559318040561,2.4308006069589548e-06,0.2253166280978305,0.0004234503014590354,0.00033146053053112945,0.00048292123877979306,821.0,0.9895839047196837
YJR112W,0.002292409577177789,0.000220991609340563,3.195148918999802e-06,0.2232519630539732,0.0002689620541274653,0.00030583097157612835,0.0004598173383709644,1037.0,0.9895443154770048
YIR010W,0.0025471217524197657,0.002038078895248581,6.892994124721717e-05,0.2533918073266073,0.002041185728894873,0.00032318669067246653,0.00048233860307881455,1169.0,0.9895190896525047
YOL069W,0.0007641365257259297,1.0410288666335224e-05,1.643160750090834e-06,0.21287787183461412,1.2379598064832892e-05,0.00012243601229630727,0.00031793736423130545,2176.0,0.9893878264515384
YPL233W,0.0012735608762098828,0.00012969282030342834,1.519827380663991e-05,0.22539784279016425,0.00014896259024315344,0.00016285281149281666,0.00040130762421417454,1681.0,0.9894418032224215
YPL018W,0.0025471217524197657,0.00042311325281526647,1.6602200393093406e-06,0.2228409153106298,0.0004923230989962879,0.0003083030758230963,0.0004657778982196535,901.0,0.9895670222645944
YBR107C,0.0010188487009679063,2.877732231616505e-05,2.617641606611616e-07,0.20416675687462993,3.4191600522026256e-05,0.00014395974016093778,0.00035452841300922036,1840.0,0.9894233889877371
YDR432W,0.014263881813550688,0.00498905060955119,0.026845105400506903,0.2783362382110589,0.004844365246442191,0.0004970585737733291,0.0006235674548749358,3673.0,0.9858990283166243
YHR127W,0.004330106979113601,0.00028799455769831783,0.020026651037830707,0.26915154168472555,0.0003110169137012525,0.00015372101868836227,0.0005680766592504807,3620.0,0.9878322442023003
YJL122W,0.021141110545084055,0.0007740410659471996,0.07459627272453569,0.2781711514742789,0.000666969398740464,0.0005660300997643145,0.0006328185570972126,3772.0,0.9583154778271915
YHR193C,0.004839531329597555,0.0014444876847782852,0.016738777195665144,0.2653258249830333,0.0014654575217837903,0.0002411556683049791,0.0005701889319859073,3587.0,0.9884792468735538
YLR024C,0.0053489556800815075,0.008641546657556901,0.0005093301007791156,0.2776359694453954,0.009017263161816606,0.0006931907851809403,0.000551476459780822,3536.0,0.9888755611035741
YDR254W,0.0007641365257259297,0.00013101363201509136,2.7582279120234532e-06,0.21000629637776078,0.00015303314572721817,0.00010527980047638114,0.0003215399057719782,2125.0,0.9893912585660763
YPR046W,0.0010188487009679063,8.452543792160362e-06,1.3881498129668578e-06,0.2074173525946749,8.062610078392425e-06,0.00014424408172871098,0.00035425782977320725,1850.0,0.9894208949623178
YOL151W,0.001782985226693836,0.0008984620982216152,2.373889024675664e-05,0.2540781804757279,0.0010127592939688764,0.000213273152237069,0.0004598426944549353,1432.0,0.9894776224984334
YKL159C,0.0005094243504839531,2.9775716235928152e-06,1.0661543917396166e-06,0.19926562701604303,5.288209680382371e-06,0.00011370111559376662,0.00022960301785819655,2493.0,0.9893615179807141
YLR134W,0.0012735608762098828,0.00023005815264627425,8.237310339050185e-05,0.24000335771029704,0.0002989340652511531,0.00015982803460887972,0.00038935129844092466,1708.0,0.9894386285179848
YFL005W,0.0015282730514518594,0.00039096427929641157,1.1866958887844152e-05,0.23278151700490593,0.00041071859647130526,0.00020139372929497528,0.00040956380368594423,1517.0,0.9894672714461475
YBR110W,0.00025471217524197657,0.0,1.8954159132930702e-07,0.1928142500172195,0.0,6.603201529583573e-05,0.00016401588532355147,3030.0,0.9893258741826985
YJR132W,0.001782985226693836,0.0011082990377750904,1.3857064934552885e-05,0.24017235252112878,0.0011091324970130608,0.00022867436880586855,0.00044248366901739343,1390.0,0.9894848826088838
YBR111C,0.00025471217524197657,0.0,2.2317903673545797e-05,0.20518278962512707,0.0,5.554965326806042e-05,0.00017962114680786999,3099.5,0.9893241928020728
YBR112C,0.0010188487009679063,0.00022528096546529366,8.126842611144493e-06,0.24111384172515096,0.00026965204453371244,0.00014470248575943997,0.00037420707421508166,1983.0,0.9894083808559843
YCR084C,0.001782985226693836,0.0013280722954251243,1.8350901029576487e-05,0.2574958816200037,0.0013480371884599571,0.0002569781805259877,0.00043263219863228755,1470.0,0.9894727763337878
YLR178C,0.0010188487009679063,0.00023806770928936938,4.762557291807019e-06,0.21350779554345153,0.00027540725272890185,0.00016820993765735335,0.00032181933494591854,1837.0,0.9894241105152244
YDR481C,0.009424350483953133,0.0006760693835692689,0.00012681912893331657,0.2519285900144413,0.0007259287563252772,0.0005374744036664973,0.0005923598948393395,314.0,0.989685466253003
YFL004W,0.009169638308711156,0.00039083159436942034,0.00011872036324854061,0.24591810258144287,0.0003654929121964802,0.0005296127378941028,0.0005904812092101448,316.0,0.9896847359742237
YER072W,0.008405501782985226,0.0017182821809295311,0.00014421484690394718,0.2531524519995327,0.0019027602660313379,0.0005088240029148961,0.0005898753896314182,270.0,0.9896951792418087
YJL012C,0.009933774834437087,0.0004680656587979968,0.00012622277330397966,0.2492839340299697,0.0004263336194502905,0.0005684854766044049,0.0005935338851373464,441.0,0.9896614037154031
YPL019C,0.009933774834437087,0.0004312558705414576,0.00012704080459131984,0.2491845979335242,0.0003927126394392833,0.0005638965498547018,0.0005935287359835226,444.0,0.989660759618767
YBR117C,0.0005094243504839531,1.1515414107852608e-05,1.925222997785112e-06,0.21994093974354145,1.3673895785976833e-05,6.641707216012595e-05,0.00028219581896509073,2704.0,0.9893522397549994
YMR297W,0.0010188487009679063,0.000403244304929607,0.00030465931104980824,0.21759395065157305,0.0003846230695147247,0.00014969490922866796,0.0003364158408513954,1707.0,0.9894388567213982
YBR118W,0.0033112582781456954,0.00028876678877066703,0.0004232119999771226,0.25589772821477796,0.0002657742270838119,0.00026313580060554026,0.000537924207003503,719.0,0.9896040305047983
YBR121C,0.006877228731533368,0.0007941903529532576,0.0009464107094538703,0.26538212555418544,0.0008148763991912227,0.0004605285281891003,0.0005914232607377145,41.0,0.9897501909630221
YER036C,0.0033112582781456954,0.00023732014061808216,0.0018189720422634194,0.25269211281553566,0.0002852385525614977,0.00024320779254405556,0.000538349874069496,490.0,0.9896513009448968
YPR081C,0.00025471217524197657,0.0,1.2905309406534821e-05,0.20873282286982328,0.0,5.2708631346311565e-05,0.0001809026028671563,3208.0,0.9893227947196227
YBR119W,0.005094243504839531,0.0007641291308796886,0.0018937479619595043,0.2550280377300893,0.0008148169150294247,0.0002275068864073244,0.0005679304014272655,66.0,0.9897357331605127
YDR235W,0.0053489556800815075,0.0009517220421127877,0.00022182982384629256,0.2458053256738125,0.0009844463143829747,0.00025375083223427993,0.0005698231398381513,276.0,0.9896941420928702
YDL087C,0.004839531329597555,0.0005130120761557824,0.00021591510073922364,0.2418598911290578,0.0005370040140347842,0.00020917233878322493,0.0005634199298914433,348.0,0.9896795690225397
YDR240C,0.004584819154355578,3.012025099591938e-06,0.00021163962337341271,0.23445432050772191,3.5082343461159436e-06,0.00019883011853569135,0.0005584426738469733,409.0,0.9896679888557535
YGR013W,0.004075394803871625,4.197872668406788e-07,0.0001969822440893094,0.23433717388577066,3.362838923816818e-07,0.00018076484873777527,0.0005498856245215137,523.0,0.9896449473323048
YER007W,0.0012735608762098828,0.000690239332496832,9.020819792666134e-05,0.21893986643432772,0.0006927802528947641,0.00019445085184226896,0.00034719136004894834,1580.0,0.9894567759803431
YPL178W,0.00891492613346918,0.0009417245323004384,0.0009164087731370828,0.2552188620559876,0.0010197113320822237,0.0003739060456245363,0.0005961074176909326,84.0,0.9897286245552551
YBR120C,0.0005094243504839531,5.794689676981038e-05,2.023047204883548e-06,0.22537076472159262,7.031792614163403e-05,8.691413291045695e-05,0.0002585685073535448,2683.0,0.9893530174996424
YPL215W,0.0007641365257259297,0.0001240710893210472,4.909118032806648e-05,0.22866726542449256,0.0001542905470095042,0.00010039733132160024,0.00032252864361392847,2220.0,0.9893853449320844
YOR011W,0.001782985226693836,0.00029593080443697663,0.00011726780522683425,0.2395130859294653,0.0003215190192738307,0.0001899031169403687,0.0004614698159058653,1361.0,0.9894892475027948
YNL077W,0.0005094243504839531,4.425298118261231e-05,1.2670134503146804e-05,0.21438617742329433,5.7223015163221106e-05,8.243192724202556e-05,0.00027017859261810567,2587.0,0.9893564316273438
YLR299W,0.0005094243504839531,2.4197886433332687e-05,2.8652346060945002e-05,0.23772239061554037,3.110299186813185e-05,8.044444854168867e-05,0.0002842846764022968,2770.0,0.9893499060831661
YHR138C,0.00025471217524197657,0.0,1.0016072351714325e-05,0.21008861028529446,0.0,5.390387580518692e-05,0.00017967288249527949,3216.0,0.9893224476525511
YDR186C,0.0012735608762098828,0.0003402762815342671,1.0128874223779961e-05,0.23722638411008307,0.0003341066134239966,0.00018939552897827917,0.00040815594205931033,1706.0,0.9894389792856806
YBR125C,0.0007641365257259297,4.750139962694693e-05,5.676700850119516e-07,0.2151853917805158,7.322780852090377e-05,0.00014804001683933846,0.0003028992693545189,2152.0,0.9893894132905247
YDR247W,0.0007641365257259297,0.0003915406621345297,2.727593598624403e-05,0.2555839571583838,0.000404127605377411,0.00013546835457503337,0.0003305110165630399,2340.0,0.9893796598721992
YBR126C,0.0020376974019358125,0.0005761027039398441,4.679502286722564e-05,0.26886223511895907,0.0005833662914371871,0.00019758464541120015,0.0004887159522866852,1359.0,0.9894894258974571
YDR074W,0.0015282730514518594,2.6471689105314794e-05,4.861795063331558e-05,0.24167294628567304,2.5205089677338496e-05,0.00015328549525198742,0.0004450033049290137,1600.0,0.9894547956059313
YML100W,0.004839531329597555,0.003591305440701282,0.0012752546804399643,0.28493108225129665,0.003512228286995331,0.00037833928693896553,0.0005721763219015618,742.0,0.9896006176033799
YMR261C,0.0033112582781456954,0.0007929431739827066,0.0006315639275215144,0.26541967254421855,0.0007570135279310619,0.00026993751551951666,0.0005394168049138576,699.0,0.9896075570136128
YJL054W,0.003056546102903719,0.000550541510639722,5.468876232977428e-05,0.26694930566240294,0.0005967465861684696,0.0002556500984463201,0.0005341412733071662,913.0,0.9895649368536733
YDL185W,0.010188487009679063,0.003900684322888732,0.0003428612613056771,0.26778763051067545,0.0038432174841061925,0.0006033651764186134,0.0005996750607421129,963.0,0.9895573846214379
YDR202C,0.001782985226693836,0.0,2.037701388622976e-05,0.22647265594767152,0.0,0.0001349885277014485,0.00046501528010969243,1388.0,0.9894849771581422
YEL051W,0.00891492613346918,0.0006649935186976885,0.0003618729421441289,0.24915150349193665,0.0006100691911923921,0.0005191917373669338,0.0005895331784263046,185.0,0.9897089930732427
YGR020C,0.003565970453387672,4.1244321337601725e-06,4.3467975226132416e-05,0.2282638249732356,3.4045767287933495e-06,0.00021925357977870127,0.0005365943361954353,648.0,0.9896185892570809
YKL080W,0.0058583800305654615,0.0018732672624760796,0.0001068100911811731,0.25624726752390886,0.0017387529407776674,0.0003562948182943101,0.0005724053513228869,326.0,0.9896830801404035
YJR033C,0.002292409577177789,0.000432451063952648,2.4711229896365204e-05,0.24465131006032043,0.0004864867696097301,0.0001712734224356067,0.0004981421920844715,1147.0,0.9895229177146627
YLR447C,0.010188487009679063,0.0009214665465172173,0.0001057436778772247,0.24635407032731935,0.0008772277533388474,0.0006050949548987793,0.0005951058212618212,525.0,0.989644759760322
YPL234C,0.004839531329597555,0.0009163586582785268,5.888022036952194e-05,0.24206274136032735,0.0009050408547465958,0.0003236349750882434,0.0005583853731917348,359.0,0.9896769574021844
YPR036W,0.00738665308201732,0.00011067923888074875,8.71075557507389e-05,0.2393755576805585,0.00010693184566853326,0.0004255274500487579,0.0005808896234306077,174.0,0.9897108495946932
YDL128W,0.004075394803871625,1.4757191634798626e-05,4.963190148581563e-05,0.23173198017942523,1.546062509001097e-05,0.00024531021227886023,0.0005463038824643529,530.0,0.9896433275667018
YER123W,0.006113092205807438,0.0012995493875239382,0.00013849413621358457,0.26155263095748166,0.0013241978728555346,0.0003647920291985358,0.0005740225737581626,234.0,0.989699998947134
YLL015W,0.0038206826286296485,8.015480074083628e-06,4.5579729425836754e-05,0.23363674519491087,7.2614225837098415e-06,0.0002325238529935652,0.0005418587275095751,598.0,0.9896281798458928
YLR034C,0.003565970453387672,1.6712239197826695e-05,3.8382578212518256e-05,0.22260293628508301,1.7375810417054145e-05,0.00022084949681078537,0.000535653362441809,621.0,0.9896240012854617
YLL048C,0.007641365257259297,0.0015972568587389767,0.0003594329896599942,0.25900679905322893,0.0016374348311514477,0.0004363523482714979,0.0005848132694649641,123.0,0.9897187480371022
YLR241W,0.002292409577177789,0.00019294788922853175,2.6301805081448747e-05,0.21974771530309675,0.00017039627322639077,0.00018145469301160974,0.0004918158964308223,1054.0,0.9895409379530664
YOR118W,0.002292409577177789,1.4682602093976648e-05,3.035449174882367e-05,0.22557400896321012,1.5500960423558995e-05,0.00015820275673430526,0.0004942650575103973,1095.0,0.9895311451051012
YBR127C,0.00967906265919511,0.0032427499032230923,0.00015246142764559746,0.2632224281664848,0.0031536681961543407,0.0006087365438255209,0.000598470854543604,691.0,0.9896086719204726
YGR117C,0.00025471217524197657,0.0,2.0790363844148193e-06,0.20739442214830986,0.0,5.179651449148061e-05,0.00018155657048602898,3227.0,0.9893223254247114
YDR089W,0.00738665308201732,0.0010672437036930971,9.093198012539941e-05,0.23283930067550415,0.0010755662968153499,0.0004611719838174403,0.0005785820693004802,153.0,0.9897137473412095
YIL002W-A,0.0005094243504839531,3.828329750497941e-05,5.008863694709944e-06,0.20316073700915496,4.5839258762339334e-05,8.125672891091844e-05,0.00026664423623740547,2520.0,0.989359435942038
YPL006W,0.003565970453387672,0.0006557222661984707,3.969895405840327e-05,0.22229959065559154,0.0006540299281079026,0.00027754570369148857,0.0005301055808487419,573.0,0.9896351266938946
YIL088C,0.0007641365257259297,0.0005623111116691394,5.6897676225137736e-06,0.21172464821878414,0.0005709067320934261,0.00015453339651229695,0.0002738520474657493,2064.0,0.9893982129125173
YKL146W,0.0015282730514518594,6.161278116782382e-05,4.07148325555592e-05,0.2183664585662364,7.56554501309632e-05,0.00013354733138271435,0.00044190523843881126,1492.0,0.9894699099191504
YMR221C,0.00025471217524197657,0.0,5.637455204377928e-06,0.20650407238070748,0.0,5.461766880394789e-05,0.00018182375072824575,3202.5,0.9893228790739027
YNL101W,0.00025471217524197657,0.0,5.637455204377928e-06,0.20650407238070748,0.0,5.461766880394789e-05,0.00018182375072824577,3202.5,0.9893228790739027
YHR026W,0.0010188487009679063,3.508026416865684e-05,2.2855792268719258e-05,0.22953459507433463,4.0602754022525186e-05,9.69962341378211e-05,0.0003930565493653128,1985.0,0.989408198816146
YOR316C,0.0020376974019358125,0.0,2.2645267308630357e-05,0.2038229297634221,0.0,0.00013793330420536331,0.00048043977017983314,1114.0,0.9895270717953392
YEL013W,0.006113092205807438,0.0009977287759403786,7.544375628429493e-05,0.23755682481227516,0.000998860994019168,0.00040301710650091733,0.0005718610773679996,161.0,0.9897126391712643
YKL175W,0.0025471217524197657,0.001080335195290207,6.491684040802472e-05,0.26091602858727914,0.0012703956971534772,0.00025403032443149646,0.0005075949711908544,1081.0,0.989533655473969
YJR039W,0.0005094243504839531,1.2794065600332144e-05,1.7414559127370547e-06,0.20403352499239077,1.912786216025728e-05,7.909107512558253e-05,0.0002570119852158882,2548.0,0.9893580867867978
YHL047C,0.00025471217524197657,0.0,8.029326771263116e-07,0.19403074370817985,0.0,5.266049849000676e-05,0.00017768686982469343,3064.0,0.9893248332541543
YBR131W,0.00025471217524197657,0.0,5.574536410582507e-71,0.00025471217524197657,0.0,0.00025464731347084286,None,3892.5,0.5950153159491425
YGL124C,0.00025471217524197657,0.0,5.574536410582507e-71,0.00025471217524197657,0.0,0.00025464731347084286,None,3892.5,0.5950153159491425
YGR186W,0.0053489556800815075,0.0019226172791664208,0.00018402140623937423,0.2624123997122027,0.0019127870692146496,0.000370987778178288,0.0005748245376559371,410.0,0.989667963173689
YIL021W,0.010952623535404993,0.002497695515316802,0.0012558215901390742,0.28385326759608664,0.0023521064641391217,0.00059297328171254,0.0006136112447121178,329.0,0.9896820604545713
YJL140W,0.007641365257259297,0.0003515967175206111,0.0011600843419630315,0.27462834805190117,0.00030745901785006723,0.0003891126010595044,0.0005979752351499755,35.0,0.9897525541323412
YOR151C,0.009169638308711156,0.0018023908514221438,0.0010131314362545824,0.2754145556107373,0.0017823433998817326,0.0005200448043768105,0.0006041998503959927,75.0,0.9897313683393891
YOL005C,0.00815078960774325,0.0004134709473969236,0.0005371235622812636,0.27146895963281054,0.0003679767418129745,0.00043068086617078073,0.0006003359322812592,73.0,0.9897327053252689
YPR086W,0.0015282730514518594,0.00023981773713899394,0.0012807711845177865,0.23850819980198804,0.000256989126187433,0.00013413805366282777,0.0004432923509737669,1209.0,0.9895110172913846
YBR133C,0.00025471217524197657,0.0,2.5094511430973336e-06,0.2068912319319037,0.0,5.320069774845772e-05,0.00017931876206367953,3213.0,0.9893225205443328
YBR160W,0.003056546102903719,0.002227750399348671,9.838072530359927e-05,0.26233900790694126,0.0022490962385645153,0.000433362780449155,0.00048443706365471116,1015.0,0.9895473804040523
YDL155W,0.0007641365257259297,4.5476142597887453e-05,7.996832589088272e-06,0.2353661935314644,5.456950051409223e-05,0.00012207333577652529,0.00033013376888762314,2338.0,0.9893797995821255
YLR079W,0.001782985226693836,0.001011458530281367,6.586243794934324e-05,0.26064414665405167,0.001046904507325519,0.00024303796873478535,0.00043392221351515987,1440.0,0.9894766704914777
YLR131C,0.00025471217524197657,0.0,1.3415522890951813e-06,0.20684560841750227,0.0,6.900277458092222e-05,0.00016945557690088283,3155.5,0.9893233967486685
YMR199W,0.0007641365257259297,0.0002122240342706769,6.966760743353832e-05,0.25354591776490565,0.00022776814220390844,0.00011512770335584982,0.0003467151232912018,2350.0,0.9893791676392414
YMR102C,0.0028018339276617422,0.0009314688149780645,2.3392542295925056e-05,0.2532720731122637,0.000980872514082504,0.00030297769152453095,0.0005183327483922721,948.0,0.9895594915989844
YPR120C,0.00025471217524197657,0.0,1.3415522890951813e-06,0.20684560841750227,0.0,6.900277458092222e-05,0.00016945557690088283,3155.5,0.9893233967486685
YPR119W,0.0007641365257259297,0.0,2.270751578850075e-06,0.21755609944828214,0.0,0.00013773796376072585,0.00029359089853922717,2199.5,0.9893863492841308
YBR135W,0.0007641365257259297,0.0,2.270751578850075e-06,0.21755609944828214,0.0,0.00013773796376072585,0.0002935908985392275,2199.5,0.9893863492841308
YBR137W,0.0005094243504839531,0.0,1.23891596668084e-05,0.2109627490067514,0.0,7.837625445204432e-05,0.0002657089557492451,2600.0,0.9893559686615605
YOR007C,0.002292409577177789,0.00033485203970289864,3.1273999313181294e-05,0.24862318541415906,0.00036509555557932415,0.00023039406889522522,0.0004877734920077449,1154.0,0.9895220722678694
YBR138C,0.00025471217524197657,0.0,1.5523825338352431e-06,0.21529652212572867,0.0,7.167202626834026e-05,0.00018242672602571849,3240.0,0.9893221179945637
YBR169C,0.003056546102903719,7.855329351253331e-05,6.340943567051221e-05,0.25464724386351795,9.754452460313007e-05,0.0002758717651443991,0.0005302756496490224,887.0,0.9895703459624821
YHR111W,0.0038206826286296485,0.0010887791552391768,4.676190508892999e-05,0.26217402634931686,0.0011099938022922156,0.00034321077769548206,0.0005507630510269838,660.0,0.9896151990978381
YOR164C,0.0007641365257259297,5.862635427772363e-05,1.838427350695962e-05,0.23560266820000464,7.266144803474918e-05,9.891418581984169e-05,0.00033786518250374336,2344.0,0.9893793743656732
YOL081W,0.0012735608762098828,0.0002489365361091012,6.613673916144449e-06,0.20817691233895988,0.0002489365361091012,0.00020063379354711287,0.0003336144799660951,1578.5,0.9894569865063289
YOR371C,0.0012735608762098828,0.0002489365361091012,6.613673916144449e-06,0.20817691233895988,0.0002489365361091012,0.00020063379354711287,0.0003336144799660951,1578.5,0.9894569865063289
YAL056W,0.001782985226693836,0.0009511783387424671,8.01215711829464e-05,0.24763860412415512,0.0009630217932550663,0.00023156006895295471,0.0004303631209692943,1385.0,0.9894853622175379
YBR140C,0.0015282730514518594,0.00045095388498209057,2.4333594845431032e-05,0.2296610449338969,0.0005002426434755796,0.00020494133781581662,0.00040176636466464013,1485.0,0.9894708817953085
YKR008W,0.008660213958227202,0.003680533908328073,0.001052210769505732,0.27259317720757587,0.003718681534848081,0.0005604966115564103,0.000600722462388591,544.0,0.9896408440265894
YDR060W,0.006367804381049414,3.675507036425682e-05,0.009224738057812595,0.2606079385347693,3.4975780904050506e-05,0.0002011843211340284,0.0005908320991383409,1190.0,0.9895156175428844
YMR229C,0.022669383596535916,0.0027233892961447603,0.008454778202327914,0.27596149537254144,0.002451217639778527,0.0005355046348387209,0.000630494387171294,3607.0,0.9881827201711564
YBR142W,0.0033112582781456954,0.0003838297555634217,0.004675410562190932,0.26298258155779586,0.00040844551593670765,0.0001434173288867962,0.0005447767199326912,536.0,0.9896426973858353
YLR175W,0.006622516556291391,0.0010208871718314768,0.001809073243051658,0.26429786496795393,0.0008856395811396119,0.0002989458941767796,0.0005905826804010388,18.0,0.9897645790569891
YHR108W,0.0010188487009679063,0.0005775402978573203,3.0379595677902834e-06,0.2287090820533419,0.0005944139955737216,0.00017747272112292686,0.0003302242126270376,1865.0,0.9894190164479799
YLR380W,0.0007641365257259297,3.0587354524836534e-05,2.5732238005977547e-06,0.2208991752184324,3.8187502831444524e-05,0.00010215623459873293,0.000336778854689047,2247.0,0.9893838085428448
YNL220W,0.0010188487009679063,0.0,4.6708623589644326e-05,0.24290900499061724,0.0,0.00011147625563942636,0.0003966265586158614,2038.0,0.9894030773355507
YNL189W,0.0025471217524197657,0.0008627563077720029,2.0510224867349308e-05,0.24420544721980433,0.0008783027582600509,0.0002861192706075027,0.0004915306195997942,1011.0,0.9895483832285181
YKL117W,0.0015282730514518594,0.0008794560279046451,2.012601685336058e-05,0.26044512641156975,0.0010074273750766926,0.0001712967466255857,0.0004480336529837475,1635.0,0.9894503889490572
YLR058C,0.0020376974019358125,8.175581503359669e-05,5.757906064418861e-05,0.255496935041544,9.122939240677614e-05,0.00018607690373695135,0.00048818980950377416,1345.0,0.9894922441340342
YMR276W,0.0005094243504839531,3.507732422346066e-05,7.244775483041854e-06,0.2335204139593623,4.046656428745038e-05,8.892460594913453e-05,0.0002658903458409416,2755.0,0.9893505415918015
YIR034C,0.0010188487009679063,0.0003257847953127504,6.392199647816619e-05,0.24380872643349624,0.00039234507175025645,0.00015581237817826905,0.00036942125100017256,1935.0,0.9894120136233459
YGL106W,0.0015282730514518594,0.0008761255004320175,1.7247242976130284e-06,0.21358071902345727,0.0009240922576523214,0.0003045310582764272,0.00036639733052782014,1383.0,0.9894855250907596
YOL076W,0.006622516556291391,0.0037889910599351834,6.444341998757451e-05,0.26926743871717196,0.0038390959193290615,0.0006394496765473403,0.0005834998333206977,789.0,0.9895911915351253
YOR326W,0.0012735608762098828,0.00031445285370551503,4.280875484321868e-05,0.2337531923920674,0.0003582660003455038,0.00018153568175351942,0.0004019668638965901,1676.0,0.9894423293924434
YOR284W,0.00025471217524197657,0.0,4.90449853482372e-07,0.20494742399547025,0.0,6.346119232345669e-05,0.0001726030157378909,3157.0,0.9893233649256938
YBR151W,0.0005094243504839531,0.0,2.47242898003133e-05,0.23307072251739805,0.0,7.983212182681128e-05,0.00028576002391162434,2765.0,0.9893502568283833
YDL167C,0.003565970453387672,0.0014988199266119742,5.126795567139354e-05,0.26340722346848316,0.0015556000713368675,0.00034835178400138085,0.0005443775302440176,774.0,0.9895940778157594
YBL081W,0.0007641365257259297,5.857197157529539e-06,9.239784219371495e-06,0.2341616732874664,4.252335595175782e-06,0.00010076088714483458,0.00034773591628946537,2368.0,0.9893781487438922
YMR275C,0.003565970453387672,0.0014386029393485239,6.248251336797284e-05,0.2615343992112836,0.001494098551475042,0.00035895995774834,0.0005389653608617495,751.0,0.9895977155000163
YGR187C,0.0028018339276617422,0.00019630432985237432,8.74440183710978e-06,0.22765441970056877,0.00018443677997105902,0.0002445393810475055,0.0005133052532018904,862.0,0.9895746287894247
YBR155W,0.0005094243504839531,3.0456392988187004e-05,9.700167616044308e-07,0.20529505860609948,3.515225604966272e-05,7.864650113304265e-05,0.00027250393055235295,2550.0,0.9893580553978674
YIL150C,0.003056546102903719,0.0011437589734675476,6.167958390530516e-05,0.2484914557974087,0.0012226764653390518,0.0003038946735144809,0.0005108609860284227,841.0,0.9895795121622071
YBR156C,0.0010188487009679063,0.00011450340391197864,3.716153951310514e-06,0.2214598330235553,0.00012983960703759389,0.00015527700615498293,0.00037580878423641945,1892.0,0.9894163994417361
YOR178C,0.0025471217524197657,0.0005831970565669604,2.1294201341047502e-05,0.2473936760573041,0.0006400950409893852,0.00032398227627524476,0.0004792042063276644,1014.0,0.9895479845889501
YER019C-A,0.00025471217524197657,0.0,6.122427737173086e-08,0.18745803103098047,0.0,5.6731318759397895e-05,0.0001747596326305617,3000.0,0.9893264314173299
YBR162C,0.0005094243504839531,5.776439432064825e-06,1.52612949827212e-07,0.1905231549832465,1.226304775053288e-05,0.00012407025005322416,0.00021334422655498844,2457.0,0.9893655960825057
YBL100W-A;YCL020W;YDR034C-C;YFL002W-B;YGR161W-A;YLR410W-A;YLR424C-B;YOR343W-A,0.0007641365257259297,0.00033479454881087025,9.074436566984999e-06,0.21927254345655273,0.00035154682280516607,0.0001560010582631395,0.00027708603246923185,2100.0,0.989393456459692
YBR164C,0.0025471217524197657,0.0001346522122587977,0.00045581342765190923,0.25774352483925766,0.0001248005162555703,0.0002092669314763025,0.0005179603236186839,1007.0,0.9895488165039618
YBR163W,0.0005094243504839531,0.0003730046468704387,6.430203255248441e-05,0.26104310102867,0.0003661569347594268,9.140404406527765e-05,0.00028782124459183166,2714.0,0.9893519770935829
YBR168W,0.0005094243504839531,0.0,6.491882800174379e-07,0.1648783833312126,0.0,0.000182192271294539,0.00011299376867289411,2312.5,0.9893811043087893
YHR150W,0.0005094243504839531,0.0,6.491882800174379e-07,0.1648783833312126,0.0,0.000182192271294539,0.00011299376867289406,2312.5,0.9893811043087893
YLR324W,0.0010188487009679063,0.0014934894270111716,4.6958924430731765e-05,0.19830721411654725,0.0014934894270111716,0.0003091616662746022,0.0001589139889186093,1831.0,0.9894253529137652
YML056C,0.0015282730514518594,0.0025229200814920506,0.003441782752975384,0.24865613964378513,0.0025515945568027913,0.00018600381819574083,0.0004062213250875136,1393.0,0.989484160552227
YBR172C,0.0007641365257259297,2.0647560645827866e-05,9.887656157601127e-06,0.23812975952558224,2.4352834787117243e-05,0.00011193781212314553,0.0003402227824207475,2379.0,0.9893777155314674
YDR216W,0.0015282730514518594,0.0007144422268656166,3.43020300921148e-05,0.24654833033809131,0.0007211649784963194,0.00019642289043473424,0.0004427078314920944,1555.0,0.9894608287184038
YLR292C,0.0012735608762098828,0.0006797747117582089,1.998847709714636e-05,0.2417508048379558,0.000718321232518373,0.00012881949957847707,0.0004260695141823966,1726.0,0.9894359384254011
YLR378C,0.005094243504839531,0.0023337629618213587,5.7510361751689385e-05,0.25135475923394346,0.0023668248390674184,0.000476333293178166,0.0005604608376450705,526.0,0.9896446934104404
YPL094C,0.0038206826286296485,7.84247214549324e-05,6.527760498441826e-06,0.23395725454168945,7.202802667747372e-05,0.0002709917088925039,0.000548756711325879,589.0,0.9896292988094323
YBR173C,0.006877228731533368,6.667471491234139e-06,0.00017176035993227048,0.25390623882283775,4.345972709535366e-06,0.00029922844355762836,0.0005863146240469991,193.0,0.9897074909577358
YFL007W,0.00738665308201732,5.720599214110343e-05,0.00020960426551635305,0.25282833497877855,6.113181598293544e-05,0.0003271065183498955,0.0005895225366440983,163.0,0.9897124120198191
YGL011C,0.012226184411614875,0.0026910279323952005,0.0004152745290691046,0.2747490107707289,0.002665595503673656,0.0005791924348981792,0.0006105025370375313,925.0,0.9895626890367676
YFR050C,0.00967906265919511,3.8128632671369604e-05,0.00019661736587427782,0.25777894133184975,3.316385162593289e-05,0.00040887386128983375,0.000601015799633584,383.0,0.9896738484949156
YGR135W,0.010188487009679063,2.947817775706305e-05,0.000201416610453035,0.2605898382473311,2.204413196877447e-05,0.0004261052659479868,0.0006030761803685532,455.0,0.9896592061040591
YFR052W,0.010188487009679063,4.867157620756242e-05,0.00016299578972585956,0.2624674705201171,3.7776234824056405e-05,0.00042817546281069454,0.0006031277832290672,446.0,0.9896606196369301
YGL048C,0.013245033112582781,0.0024076293138991156,0.00023165268235559124,0.27362693196361393,0.002435606672668244,0.0006576028254313228,0.0006125095100303675,1292.0,0.9895003085975834
YBR061C,0.0028018339276617422,0.0025499340432197978,1.5623501583004934e-05,0.2552015025904689,0.0026221522827203055,0.00039065936576436553,0.0004901972923221131,1213.0,0.9895101907418233
YBR181C,0.007896077432501274,1.7021820587075608e-06,0.012895025606087079,0.23658316987736136,1.5642532453694429e-06,0.00021219080719337926,0.0006008467255632458,3529.0,0.9889064066340517
YDR404C,0.007896077432501274,0.001297008258644751,0.0011248250090986167,0.2790815598843405,0.0013182006518408695,0.00042696174492815487,0.0005994512411082789,37.0,0.9897518834635206
YLR336C,0.007131940906775344,4.130988896031098e-05,0.0021631612079248794,0.24896964108062863,4.483444315306121e-05,0.00018318141168621467,0.0005924753536357664,14.0,0.989767857640811
YER082C,0.018848700967906265,5.364391429617224e-05,0.003809283705416506,0.26327783952600337,4.076051859424921e-05,0.0004336748664180316,0.0006240007949765134,3540.0,0.9888691883480762
YGR145W,0.01859398879266429,0.0003783754790786912,0.0056044968863973865,0.26660786549314813,0.0002738040616898895,0.00042659514745107445,0.0006245124646847377,3523.0,0.9889179525882682
YGL171W,0.016811003565970453,0.0006314712545029923,0.003410362526476422,0.2665510436974335,0.0006892064002739853,0.000399328555106982,0.0006217548128771853,3464.0,0.9892015409161861
YPL217C,0.018339276617422313,4.1808954162348806e-05,0.0037513358692187228,0.26309322565634063,3.0966732958844234e-05,0.00042019649076968505,0.0006234255131291909,3519.0,0.9889468809644228
YOL124C,0.0005094243504839531,0.0,3.074144598635707e-05,0.1934205841367705,0.0,0.00010142427619363456,0.00021079646719239978,2460.5,0.9893646898452239
YGR065C,0.0015282730514518594,3.0477394001423294e-05,0.0002634580777351318,0.2376019562462842,3.165599009483963e-05,0.000134881506921792,0.0004478644792243454,1516.0,0.9894673273643713
YLR404W,0.0015282730514518594,0.001172490747364277,0.00029304026434277505,0.25906044956742896,0.0011606494063965645,0.00020193961630342964,0.00042616681678931214,1537.0,0.9894632544724278
YJR118C,0.0007641365257259297,0.000186662130554662,0.00021314219207581179,0.23133192496979307,0.0002225271663345914,7.9893451431744e-05,0.00034853126155449905,2111.0,0.9893929037730297
YLR435W,0.0005094243504839531,0.0,0.0009536468979105513,0.218569992490101,0.0,4.971658911326686e-05,0.0002868717054739081,2074.0,0.989396942639653
YHR009C,0.0012735608762098828,0.00013949978474573924,5.4522007696893786e-05,0.22805570697088948,0.0001606917629440819,0.0001374080873963689,0.00041793984246056006,1684.0,0.9894411352920148
YDR165W,0.0005094243504839531,0.0,8.839845826356875e-05,0.21685195301612956,0.0,6.658038040720007e-05,0.00028204445101147004,2556.0,0.9893577987586483
YBL025W,0.004075394803871625,0.0016548950615440762,0.0008413057691467984,0.27332792970678765,0.0016873629363631903,0.0002986111429400945,0.0005521284043897796,547.0,0.9896404814115771
YMR121C,0.001782985226693836,5.7019475424874874e-05,0.006364733129579055,0.24796593028121564,5.5716240589880924e-05,0.00010080715241462942,0.00047651166575300984,1519.0,0.9894670208601638
YNL262W,0.0025471217524197657,0.0012825690897449457,0.005367987189618821,0.2608797448953604,0.0012377608245660366,0.00021981711257172803,0.0004892270058446588,843.0,0.9895784500489798
YLL034C,0.006622516556291391,0.0001685230486594701,0.03745689453019526,0.25902468008871754,0.00013764289241214702,0.00019877760929307568,0.0005940309063561537,3712.0,0.9813196914297753
YJL010C,0.0012735608762098828,2.105233262251702e-05,0.0006190647468668193,0.2289044287160682,2.5483034612578526e-05,9.112019041026917e-05,0.00042437648024049707,1540.0,0.989462907603727
YDR012W,0.014009169638308712,0.00022754227807360802,0.06921849443539298,0.2722371565146622,0.0002384435310940313,0.0003896990407597225,0.0006234430549172117,3759.0,0.9621213305431192
YDR174W,0.014263881813550688,0.0008154749357828352,0.07352611212683129,0.27943490661242826,0.000803417459586424,0.00039698094198043984,0.0006238060663806614,3766.0,0.9601805649151678
YER047C,0.0012735608762098828,0.0006851295977970256,0.0029055645608638252,0.25772582024213997,0.000683334174181202,0.00010684283989482877,0.00043319829778635935,1238.0,0.9895053831095639
YHR170W,0.01935812531839022,0.0015134231057926713,0.08106594550218273,0.2768983388254667,0.0014836904065009962,0.0005679779703222788,0.0006306884968788583,3787.0,0.9527564588908207
YCR035C,0.016046867040244522,0.00011933814345793214,0.003719562167628366,0.2613522214464387,0.00012167769694093025,0.0003796817990851276,0.0006208359675244627,3446.0,0.9892498863644457
YJL050W,0.020376974019358125,0.005182404267620975,0.004834075982431946,0.28056326112952024,0.004650246774117451,0.0006069139137928081,0.0006275005335396198,3577.0,0.9886177795570612
YLR397C,0.00738665308201732,1.762808880860103e-05,0.011955294100286635,0.25753123008340134,1.966832426876442e-05,0.00022324866660776603,0.0005983330116440173,3459.0,0.9892183498583826
YNR024W,0.00815078960774325,0.00021248048824341293,0.0017940537264039271,0.24883754417595663,0.00023207382488011385,0.0002194081164640691,0.0005985926893456014,30.0,0.9897567162563338
YOR001W,0.015792154865002548,0.0011551085486802952,0.003830161856677383,0.2701398582392594,0.0012314588933502845,0.00039559591651958407,0.0006209837626872141,2834.0,0.9893445974505798
YKR024C,0.004839531329597555,4.974161488202911e-05,0.015155149409678784,0.264186205540422,4.470710064818902e-05,0.00016115914945832462,0.0005755784656537342,3571.0,0.988743090173558
YBR194W,0.0007641365257259297,1.658612720225149e-05,1.953868217465952e-05,0.21490191254281882,2.6163482548242023e-05,0.00011585014822113933,0.00030192001815718345,2177.0,0.9893878238390603
YPR152C,0.0005094243504839531,0.0,2.3090773752156476e-06,0.2099945425132968,0.0,9.099316023526607e-05,0.00024577460435437485,2588.0,0.9893563987314394
YBR195C,0.0007641365257259297,7.099453777470425e-05,2.537531428783159e-06,0.21661408065845356,8.734476609779907e-05,0.00013781478976951188,0.0003137970664520552,2164.0,0.989388746504428
YML102W,0.0010188487009679063,0.00010983938661567981,3.644995738986067e-06,0.21934945870126127,0.00013736645377045216,0.00016083629555279283,0.0003575980319957395,1874.0,0.9894178891060604
YCL043C,0.0038206826286296485,0.0014789366072250198,3.372636020377285e-05,0.26838143713054896,0.0014886225531833875,0.0003067294544698789,0.0005539664443827038,726.0,0.9896026342164506
YER031C,0.0015282730514518594,0.0006715867792423071,6.8943934118331885e-06,0.24449188655578483,0.0006911220257682406,0.00019288581819229368,0.0004357165303122365,1560.0,0.9894604828004908
YCR012W,0.01477330616403464,0.012805140751307393,0.00013479416549881006,0.2850176611277024,0.013039265430076137,0.0011926327405887207,0.00062064298343566,3629.0,0.9877012328238548
YDR226W,0.0053489556800815075,0.0008077537629197395,4.5002611406092984e-05,0.2571605545637473,0.0008112283178289508,0.000423121948021975,0.00057396228414561,309.0,0.9896868706445228
YKL152C,0.014518593988792664,0.0040126209667823935,0.0001388377768646269,0.28759562249617304,0.003617413801772978,0.0010413913369675877,0.0006220014195081358,2099.0,0.9893935041107065
YKL060C,0.011462047885888945,0.0017615362823979052,0.0001182549286096219,0.2772052080594809,0.0016883233917419354,0.0008082950536321634,0.0006132720613362983,553.0,0.9896392394390598
YLR044C,0.014009169638308712,0.005295957191310995,0.00014836146125965754,0.28755153978273096,0.005270655733356731,0.0010661720090618051,0.0006194686690803018,3430.0,0.9893014602332926
YOR020C,0.004330106979113601,0.00013855436031395046,3.861988817887659e-05,0.2550453736037709,0.0001286037649381845,0.0003201127521464934,0.0005623187706938939,546.0,0.989640603245591
YLR354C,0.0056036678553234845,0.0006846896499332145,7.070887421867629e-05,0.25781436755892767,0.0006919108409331599,0.00043057506574468367,0.0005766105940421123,271.0,0.9896950527235288
YPL106C,0.006622516556291391,0.001260290910485428,9.875156561334508e-05,0.2726327925508701,0.0013116495505101475,0.0005514656262318861,0.0005896436182398605,177.0,0.9897104950270625
YPL089C,0.001782985226693836,0.0011384495278673132,0.0014588408633701107,0.2709788018983876,0.0012211195741293267,0.00017844931288432718,0.0004687262729555578,1184.0,0.9895171551287739
YER091C,0.0053489556800815075,0.0014421893481596432,4.015517024722349e-05,0.2609886262580046,0.0014884379184341152,0.0004077499645010346,0.000575912439036559,365.0,0.9896759154963126
YBR238C,0.0007641365257259297,6.06414382984559e-05,4.070669817325262e-06,0.22663681613319686,6.491036405939981e-05,9.420267965257474e-05,0.0003462314336062351,2291.0,0.9893817645464582
YGR192C,0.005094243504839531,0.0005617398673353432,3.5998793037147734e-05,0.2610249402452396,0.0005978323141841854,0.0003672009860057709,0.000574273089550153,389.0,0.9896728157199329
YER043C,0.002292409577177789,0.0006970646231345218,4.022881509121648e-05,0.24745894282318123,0.0006902488579624326,0.0001934473528519994,0.0004988902915670146,1138.0,0.9895236661302548
YFL028C,0.0005094243504839531,7.336103447056051e-06,6.002990486169839e-07,0.2041889791066707,9.83431582948096e-06,7.852068715361099e-05,0.0002696245294838154,2558.0,0.989357749873564
YJL052W,0.004839531329597555,0.00019639175555112592,3.737435706844727e-05,0.2571076880069262,0.00020930704502082853,0.00035370762214788733,0.0005696797517884893,434.0,0.9896623298565621
YGL253W,0.0038206826286296485,0.0002869972726381716,5.104356692264226e-05,0.24328702445111358,0.0002740587017293879,0.000282156543175255,0.0005517726724742619,601.0,0.9896274518090151
YDL025C,0.001782985226693836,0.0006160145762104589,3.677209208056762e-06,0.2333896797141748,0.0006363065221020118,0.00021632143739218405,0.0004413157469421523,1349.0,0.9894914949166133
YGR254W,0.009169638308711156,0.000461534519368416,9.215081367726412e-05,0.263499718455304,0.0004670377490818844,0.0006341967107120755,0.000603864104462884,204.0,0.9897051540397502
YER023W,0.0025471217524197657,0.0001873728537866233,6.677713771005815e-05,0.24979843482590372,0.00019026564443721194,0.0001916708689950272,0.0005162425731257065,1066.0,0.9895376322719072
YHR174W,0.012226184411614875,0.0027586953620060035,0.00012146605292078873,0.27559662781585675,0.0027459375962622067,0.0009046803045653313,0.0006139116890781157,930.0,0.9895613060318167
YJR104C,0.005094243504839531,0.0008933688652470013,3.429620452499527e-05,0.2595981796917646,0.0008512895709304887,0.00036467804741731097,0.0005755220968804086,384.0,0.9896738182467824
YJR009C,0.00967906265919511,0.0007400950005819778,8.385100051229962e-05,0.26784498080276087,0.0007305828903902055,0.0006790976701213794,0.0006059951663876492,253.0,0.9896979975508062
YKL056C,0.007131940906775344,0.0018774576130385055,0.0020445946835407447,0.26790235566476783,0.0019072328209230633,0.0005068324948329574,0.0005941667696820335,17.0,0.989764916077436
YOL109W,0.0058583800305654615,3.427658679970397e-05,7.215300622256679e-05,0.25397498755060405,3.191826713820721e-05,0.00040666935349244074,0.0005823313245510412,272.0,0.9896949305639476
YGR180C,0.004075394803871625,0.0020279656663199854,0.0002574309750872586,0.2520131979503677,0.0020022069752288294,0.00039323125606861365,0.00054048623647705,616.0,0.989624621819423
YJL026W,0.001782985226693836,0.00021784552108857318,0.00024428521952536664,0.23214778437601002,0.00022246651894772206,0.0001825583170683366,0.0004468450606194462,1298.0,0.9894995491701345
YNL160W,0.0020376974019358125,1.2208636059163056e-05,1.7108061966892097e-05,0.23683704652727394,1.2979834137831177e-05,0.00016917356543953195,0.0004899478228746821,1281.0,0.9895011244828285
YML058W-A,0.0005094243504839531,9.375144176421496e-05,7.125395735263612e-06,0.21600302193926735,0.00010825082384979385,8.971138003582536e-05,0.0002766773004280735,2569.0,0.9893571923526742
YOR230W,0.0033112582781456954,0.0002955346729992467,1.538298139006899e-05,0.23217651553744267,0.00027887062950341285,0.00028652631927648465,0.0005281154917150219,698.0,0.9896076200590821
YOR229W,0.0015282730514518594,3.587266353542972e-05,8.591898111886631e-06,0.21745522725658245,4.758479677134351e-05,0.00017005779477520215,0.0004286433390133757,1491.0,0.9894701906656398
YOR283W,0.0012735608762098828,0.0,8.159010359143283e-06,0.212962452666879,0.0,0.00014386201353270867,0.00040227738365816387,1667.0,0.9894450932937139
YHR179W,0.0033112582781456954,0.0010869325471944175,2.858093924416855e-05,0.2512201199253481,0.0010796566201330907,0.00028002212033842683,0.0005353047549710202,787.0,0.989591689658166
YPL171C,0.00025471217524197657,0.0,3.8975672148901783e-07,0.19987068458795407,0.0,5.650778505449215e-05,0.00017528192687590386,3119.0,0.9893238911976766
YGR204W,0.003056546102903719,0.0009637236712629007,0.010965381026517217,0.25514943836008663,0.0008620553895447053,0.00016342036526025298,0.0005378175059064416,3467.0,0.9891971398527444
YJR139C,0.003056546102903719,1.793719180157059e-06,3.061317275020812e-05,0.2463864257345071,1.7057875303118751e-06,0.00022967280821907486,0.0005346174121479418,877.0,0.9895715845318583
YLR028C,0.002292409577177789,0.0004417905144890016,0.00040492451390893784,0.2535630527191372,0.0004978824755419172,0.0002238619461411795,0.0004949961657099365,1070.0,0.9895365223532355
YMR120C,0.0012735608762098828,6.637496465062851e-05,2.6849514613106228e-05,0.23325909176780066,7.167144089016074e-05,0.00014219847607241875,0.00041204725535385695,1733.0,0.9894351533814705
YNL273W,0.001782985226693836,0.00013038379345550573,5.558968877090617e-05,0.24757324256582472,0.00013739510328737904,0.00017238781693632368,0.00046719886501191474,1437.0,0.9894768598398045
YLR274W,0.003565970453387672,0.00010412446126876074,7.985827624640378e-05,0.2538375273043146,9.962327245637568e-05,0.0003010009442655511,0.0005352518187341358,721.0,0.9896038223621599
YEL032W,0.004330106979113601,0.0017328639552507562,0.0001158331952711687,0.27184266708339905,0.0016784456583204186,0.0003701161186529943,0.0005544733050458621,602.0,0.9896268162334716
YKL179C,0.0007641365257259297,0.000356783421979879,5.439532265102497e-05,0.24806429693124457,0.00041955408741087594,9.199108557661103e-05,0.00035020134466439914,2300.0,0.9893813711507726
YBR207W,0.0007641365257259297,0.00022847331971635612,6.297502015933007e-06,0.22076919629803318,0.0002543973374478189,0.0001282603168777788,0.0003088665421786419,2147.0,0.9893896949364571
YFL041W,0.0005094243504839531,2.709641636806148e-05,3.4025194307848067e-07,0.1965412514973847,3.419426925149877e-05,0.0001246187403760808,0.00020583573400048954,2468.0,0.9893638563367244
YMR318C,0.0005094243504839531,0.00033655216209344186,1.8640916335588074e-05,0.23233466413307785,0.00032874035336591465,0.00011801009640810688,0.00023168081792454797,2544.0,0.9893581756666712
YGR095C,0.01553744268976057,0.0004898249497395979,0.0033039810172123063,0.2592036263271208,0.0004850990077089186,0.0003878232974489468,0.0006199897645916025,3429.0,0.9893023363673078
YJR135C,0.0015282730514518594,0.00018624383176758585,2.6797716447685837e-05,0.22293360018330802,0.00021354897765534338,0.00018788375278800236,0.0004127289999438448,1478.0,0.9894715423712318
YDR320C-A,0.002292409577177789,0.0,1.6071040501476447e-06,0.2155686579192803,0.0,0.00023230970292223012,0.0004424557190854004,1045.5,0.9895422488552392
YGL061C,0.0033112582781456954,0.0004709169535042191,3.7798122479102464e-06,0.22755776874606223,0.0005627230934817967,0.000336586991758585,0.0004899106639462375,656.0,0.9896161958399203
YKL138C-A,0.002292409577177789,0.0,1.6071040501476447e-06,0.2155686579192803,0.0,0.00023230970292223012,0.0004424557190853997,1045.5,0.9895422488552392
YKL052C,0.0038206826286296485,0.0017253959939520405,2.0148882943051467e-05,0.25208092522743036,0.0017685973848200658,0.00034410698978255664,0.0005206777539759724,696.0,0.9896078704213876
YKR083C,0.002292409577177789,0.0,1.6071040501476447e-06,0.2155686579192803,0.0,0.00023230970292223012,0.0004424557190854011,1045.5,0.9895422488552392
YKR037C,0.002292409577177789,0.0,1.6071040501476447e-06,0.2155686579192803,0.0,0.00023230970292223012,0.0004424557190854004,1045.5,0.9895422488552392
YBR233W-A,0.003056546102903719,0.0015263409119684157,1.1610854726430906e-05,0.2440942353187869,0.0016628455108272711,0.0003087647449182857,0.000489479153264111,879.0,0.9895712381598692
YMR117C,0.0012735608762098828,0.00010705022830571098,1.5475241978999903e-06,0.209560572558371,0.00012823298366328837,0.00019597970763985347,0.000375419362655765,1614.0,0.9894529355568422
YGL062W,0.0020376974019358125,0.001642069895165052,3.218162191254691e-05,0.24893660370787382,0.0016593465516350425,0.000285854218435104,0.000461457325391332,1342.0,0.9894926987404139
YFR049W,0.0007641365257259297,0.0,1.0877701671873703e-05,0.22035428972132928,0.0,8.344758115870441e-05,0.0003445471651897076,2273.0,0.9893825791643907
YJR010C-A,0.0005094243504839531,7.815868638281638e-06,9.434540976861579e-07,0.2112240326006347,8.718962735095981e-06,7.329911165453236e-05,0.00027562774525696494,2620.0,0.9893551335818985
YLR457C,0.0010188487009679063,0.0002245155400870736,4.2584057244395656e-05,0.24035698213229173,0.00027297236797498616,0.00011935060971338078,0.0003900467684881671,1971.0,0.9894092316653607
YBR223C,0.0005094243504839531,8.769444446075816e-05,3.4653983365417786e-06,0.21378760632963384,0.00011112687231388431,0.00010585479243977788,0.00025952422589208706,2533.0,0.9893585785642631
YER132C,0.001782985226693836,0.00013081261947095287,7.999342018695431e-07,0.21910607866649578,0.00015337514599756067,0.00021744655159692527,0.0004529747131206694,1320.0,0.9894973737749763
YGL021W,0.0015282730514518594,8.856211810634522e-05,7.776008700495256e-06,0.2359285978170832,7.677858249975304e-05,0.00018368686078440409,0.00044508613765518405,1571.0,0.9894590963699714
YDR422C,0.001782985226693836,5.337009409896596e-05,2.0906871035336147e-06,0.22330511195602154,6.409019290153286e-05,0.00020966985538380627,0.0004447677907942197,1346.0,0.9894919025283903
YNL042W,0.0038206826286296485,0.00028284929794653604,3.134387945335331e-06,0.237166402723456,0.00030371994765969,0.0003842675616517366,0.0005397524507696744,571.0,0.9896356791627532
YLR096W,0.0015282730514518594,0.00010101943872134227,4.5018239521745035e-06,0.23674738081051705,0.0001059043106425773,0.000182421886974245,0.0004416961070225523,1574.0,0.9894587634660106
YOR233W,0.0020376974019358125,0.00033689858774122545,7.723337364027353e-06,0.23782787088521004,0.00038963550120637175,0.00022578564895901876,0.0004769820785164603,1220.0,0.9895088726364388
YBR225W,0.0010188487009679063,5.850649269671016e-05,9.987922256060156e-07,0.2115694423753848,6.996912881403356e-05,0.00015529024670153733,0.0003616107730780274,1853.0,0.9894205056942315
YGL197W,0.0012735608762098828,8.379021883030156e-05,9.73174241240794e-07,0.20867477703476497,0.00010015269659305882,0.00020043705753522355,0.0003740184095716596,1612.0,0.9894532156558841
YPL070W,0.001782985226693836,0.0009047742641716714,7.29402674641153e-05,0.26197266380987805,0.0009329861596643945,0.0002053269272377548,0.00047067404064696,1450.0,0.9894751717733232
YKL203C,0.0005094243504839531,0.0,9.073515694721775e-07,0.20557626930497364,0.0,0.00010058687270950166,0.00024947264473347547,2537.0,0.9893583836691978
YIL124W,0.0025471217524197657,0.0005775983955489998,5.741323149306023e-06,0.24530712592906664,0.000598192433840487,0.00025826040291490805,0.0005076751920644473,1027.0,0.9895456035659088
YIL108W,0.0015282730514518594,0.0002093922616361769,2.651380555049327e-05,0.2371064516610891,0.00025758362757100355,0.00017087445668330343,0.0004383228758736894,1547.0,0.9894614310032145
YIL156W,0.004584819154355578,0.0007908839067411987,5.136117329761297e-05,0.26244911101602364,0.0007647138160943232,0.00036257422517091875,0.0005672612448090583,484.0,0.9896535343983652
YGL078C,0.0012735608762098828,0.00028565833444950086,7.926858481639132e-05,0.23483585723759615,0.00032396164180834686,0.00011962370293260004,0.0004231292032995889,1690.0,0.9894399161113138
YGR266W,0.0007641365257259297,7.961850762507992e-05,6.149226098726931e-05,0.2249518850701525,9.949570787031644e-05,9.586424299857211e-05,0.00033991172178691434,2201.0,0.9893863155275519
YGR240C,0.002292409577177789,0.001367236322688244,1.936165158270075e-05,0.2522673630797468,0.001409195533525318,0.0002475022238078585,0.00048563463003287676,1196.0,0.9895148110128738
YGL206C,0.0033112582781456954,0.0003632076717749325,6.017720141846267e-06,0.2436662223071226,0.0004182214663837819,0.0002879790245790293,0.000520354371372188,749.0,0.9895979358792718
YNL243W,0.004584819154355578,0.0011399916063737974,7.354345598990265e-05,0.26634290417300166,0.0011075585605867069,0.0003791784605241687,0.0005482747017856224,496.0,0.989650464259775
YIL062C,0.0058583800305654615,0.0007353053154100936,1.5141853924394158e-05,0.2532549774610242,0.0007840273767573417,0.0005058593505717826,0.0005609604188900573,209.0,0.9897043869047556
YDL029W,0.004075394803871625,2.9438545999183913e-05,6.595322694848741e-06,0.24235982760061198,2.4209515236957308e-05,0.00033529868824693865,0.0005353423844400193,567.0,0.9896366205279437
YJR065C,0.004330106979113601,6.100372147825229e-05,7.117029392725829e-06,0.24588587004948387,5.495534915867144e-05,0.00035430639717601265,0.0005398568972621593,515.0,0.9896468100284774
YLR206W,0.004330106979113601,0.0005726473342265534,4.111808559656524e-05,0.25264106734126146,0.0006388049829002731,0.0003567134166735722,0.0005417908818555784,501.0,0.9896496347405048
YKL013C,0.004584819154355578,0.0005933587778167009,1.2518447595929409e-05,0.24509880396427186,0.0005874697791236741,0.0003954057367165613,0.0005423486128249483,417.0,0.9896668510905365
YNL084C,0.004330106979113601,0.0003744784357541682,3.9640533069479075e-05,0.250148175950735,0.00042352265171848014,0.0003506881653157635,0.0005417620881951535,498.0,0.9896499738546914
YLR370C,0.004584819154355578,6.875434618682405e-05,1.3715902939084882e-05,0.24659694321952508,5.7734467938726355e-05,0.00037276760365867164,0.000544552913208659,460.0,0.989658106733983
YNR035C,0.0053489556800815075,0.0009570797533493604,1.607294495917465e-05,0.2605898382473311,0.0010327832510982407,0.0004437369681814391,0.0005552737385766793,325.0,0.9896832197494885
YGL181W,0.0028018339276617422,0.002177472457209983,7.281256362029397e-05,0.2675393961127406,0.0020919478210101846,0.00027269508532445664,0.0005203149898910729,1128.0,0.9895242661799009
YDL204W,0.0020376974019358125,0.0005974464618488676,0.00015538379665190797,0.26660786549314813,0.0006686908143793182,0.00021656360329701165,0.0004839763572685584,1323.0,0.9894969548634872
YCL037C,0.004330106979113601,0.0021059798545201955,8.215991872324202e-05,0.2596700457529984,0.002319683631925736,0.00043121844696698754,0.0005548787756555767,651.0,0.9896175577942755
YBR236C,0.0005094243504839531,8.910338918774885e-05,1.2877789687000856e-05,0.23325909176780066,0.00011387176949028263,9.369046960402099e-05,0.00028062512569549915,2692.0,0.9893525927493992
YBR239C,0.0005094243504839531,0.0004980028618616378,1.5526713394379612e-06,0.21532123334778042,0.0004980028618616378,0.00016445235992559412,0.00018249330933960668,2453.5,0.9893665523090752
YDR170C,0.0005094243504839531,8.071847588883834e-05,2.343979285763683e-05,0.21851907344700489,9.409165897349315e-05,7.71785638544288e-05,0.0002802981059558019,2592.0,0.9893563100713946
YER129W,0.0020376974019358125,0.00020628928347546052,6.08079077733033e-06,0.2394519427586364,0.00023677802918657182,0.00021955184411977984,0.00047248364025423775,1244.0,0.98950530814052
YGR130C,0.0038206826286296485,0.0018561362843959196,8.018397789969438e-05,0.26849667175361913,0.0018334272833235962,0.0003911252859169718,0.0005423812968370803,747.0,0.9895995643044178
YNL272C,0.0012735608762098828,0.0002514132486781055,3.534599784057848e-05,0.24714923200613095,0.00029520326534233996,0.00015277508117677457,0.00042346014920473067,1767.0,0.9894320546117882
YGR159C,0.0053489556800815075,0.0013547859165964353,0.0008405001462150504,0.2569492186745017,0.0013809711726956225,0.00038167003778445956,0.0005753658645247688,157.0,0.9897130801856593
YOL017W,0.0005094243504839531,6.837388552467861e-05,3.1113948100251924e-05,0.21858272595893236,7.235279582034307e-05,7.940145004395929e-05,0.0002806879920978299,2582.0,0.9893564737285406
YDR365C,0.013754457463066735,0.0007502019321493006,0.003981079610516017,0.26182641249721383,0.0007397691630308597,0.0003446854860664673,0.000617541296445708,1280.0,0.9895011537192705
YDL153C,0.018084564442180335,3.493963774575043e-05,0.0037487857560012995,0.2632224281664848,2.5411837257307644e-05,0.0004147915917544151,0.0006231467685780712,3508.5,0.9889866462095438
YDL148C,0.018084564442180335,4.011742612296824e-05,0.003704514644749999,0.26279838138860223,3.0392590396570855e-05,0.0004153676444731849,0.000623120415064041,3512.0,0.9889826084120521
YDR324C,0.01859398879266429,5.0373386647256774e-05,0.003785038178520311,0.2633517576391573,3.709233990663955e-05,0.00042828669225501335,0.0006237495161805592,3526.0,0.9889103798131086
YDR083W,0.012735608762098827,0.002234050001459508,0.002683645860039722,0.2657016139852046,0.002285555575096399,0.00036383390057138476,0.00061478598009135,896.0,0.9895685908411465
YDR398W,0.020122261844116147,0.0024139246782293386,0.003937035555414991,0.2729699884383466,0.0026118115701121445,0.0005004635514621943,0.0006258991526453961,3570.0,0.98874691850949
YDR339C,0.018339276617422313,4.681131914481268e-05,0.003707064757967422,0.2624123997122027,3.55463269268345e-05,0.0004207726379796832,0.0006233995426259729,3520.0,0.9889398839412089
YDR449C,0.019612837493632195,0.0013045436014476354,0.004211892303314554,0.2721581670597036,0.0014470382236356969,0.0004646460934543946,0.0006252703945361619,3545.0,0.988850105918361
YER127W,0.014263881813550688,1.1076713875490068e-05,0.0030340201423813325,0.25931111279874725,8.533747987779069e-06,0.0003331724284400101,0.0006174865454999297,1750.0,0.9894334222744251
YGR128C,0.019103413143148243,0.002514647449325847,0.0037911683155383243,0.269790212920477,0.0026479704759517146,0.0004871922264764437,0.0006247485421105155,3541.0,0.9888675702584829
YHR196W,0.018848700967906265,0.00011042583160523891,0.0041435026194413405,0.2652507947037875,9.948067168906825e-05,0.000434470262292825,0.0006241608121554308,3531.0,0.9888900812566558
YHR169W,0.00891492613346918,0.0009601848830746366,0.0037840003413343514,0.2676539086235607,0.0010309061249051236,0.0002455148706779724,0.0006032323352566851,12.0,0.989772234732128
YIL091C,0.014263881813550688,0.0032618775408841663,0.002994165262368666,0.2800606472408057,0.00331177447677815,0.0004031382519596791,0.0006180582172103441,1543.0,0.9894625947126321
YIL019W,0.018084564442180335,0.0005652100633771315,0.0036707419821831815,0.26416760480779233,0.0006036370581904237,0.00043105476144439684,0.0006233281698323558,3505.0,0.9890044776944046
YJL033W,0.011462047885888945,6.929127217743069e-06,0.002509304376224861,0.2555839571583838,5.365677468798936e-06,0.00027616789313373593,0.0006111175168961713,538.0,0.9896423127519273
YJL109C,0.019103413143148243,6.0701684161152665e-05,0.0038336810138444545,0.2633887322629045,4.601892995326739e-05,0.0004394744560309035,0.0006242740416037276,3549.5,0.9888292952735781
YJL069C,0.01935812531839022,0.00010718137221257461,0.0038499180935353166,0.26346271266660165,9.27355000908125e-05,0.00045204496313830356,0.000624566738159952,3558.0,0.9887892439318006
YKL099C,0.018848700967906265,5.156396067802826e-05,0.003819199323758158,0.2633702436533114,3.808509526131175e-05,0.0004334828390760233,0.0006240209599799282,3539.0,0.9888701356059147
YJR002W,0.018084564442180335,4.0781109867695075e-05,0.003709624520852539,0.2628904492071941,2.98762534063e-05,0.0004155157771974665,0.0006231427654917847,3511.0,0.9889835471547229
YLL011W,0.01859398879266429,4.461484692522949e-05,0.00379480201533021,0.26325936648084997,3.290367962369948e-05,0.00042768325988873075,0.0006237410322321827,3527.5,0.9889091671093099
YKR060W,0.01553744268976057,0.0023354408732657885,0.0031794068652296805,0.2747892552427914,0.0021525753208627057,0.0004139478930858581,0.0006203687105193555,2408.0,0.989374751019008
YLR129W,0.019103413143148243,0.0022822212794916244,0.003813905308673435,0.2706855559544819,0.0024327632518419406,0.0004907857378327726,0.0006242778343910434,3532.0,0.988887887003354
YLR051C,0.018084564442180335,3.974354824063153e-05,0.0036807441252618076,0.26230232739688714,3.0322556892919107e-05,0.0004152151015699762,0.0006231153093723609,3513.0,0.9889775396936755
YLR222C,0.019103413143148243,6.0701684161152665e-05,0.0038336810138444545,0.2633887322629045,4.601892995326739e-05,0.0004394744560309035,0.0006242740416037304,3549.5,0.9888292952735781
YLR186W,0.018339276617422313,4.669301367361414e-05,0.0037364621563062837,0.26309322565634063,3.551137048586138e-05,0.0004206516694378351,0.0006234116411702282,3518.0,0.9889470761866792
YML093W,0.01859398879266429,0.00018283512175260012,0.004257002747805885,0.2657580741666719,0.00021939272689222632,0.0004266601718529952,0.0006239275973087713,3521.0,0.9889353589138389
YLR409C,0.018848700967906265,9.563994649498284e-05,0.003798088706386298,0.26333327421989566,8.356223346910655e-05,0.0004404650570272251,0.0006240226937571239,3537.0,0.988871019336171
YMR128W,0.018848700967906265,6.410153706612164e-05,0.0038137208564423247,0.2633702436533114,5.300777753485565e-05,0.00043307546111843597,0.0006240059080135502,3538.0,0.988870427354386
YMR093W,0.01859398879266429,4.461484692522949e-05,0.00379480201533021,0.26325936648084997,3.290367962369948e-05,0.00042768325988873075,0.0006237410322321819,3527.5,0.9889091671093099
YNL075W,0.018084564442180335,3.493963774575043e-05,0.0037487857560012995,0.2632224281664848,2.5411837257307644e-05,0.0004147915917544151,0.0006231467685780698,3508.5,0.9889866462095438
YNR054C,0.01477330616403464,0.002030985214545533,0.003007096569633231,0.26700629740144277,0.00202674698037814,0.0003954009128788393,0.0006191626694835089,1930.0,0.989412576207888
YNL132W,0.019867549668874173,0.0013046110661954814,0.005153010665121456,0.27446762919422635,0.0013238024235305145,0.0004973105235029758,0.00062608774054975,3554.0,0.9888246276996002
YOR078W,0.01782985226693836,0.001280952719084218,0.0036433475920323224,0.26547601295443807,0.001334089997952198,0.00042281847676417126,0.0006231052228826799,3497.0,0.989050654136849
YOL010W,0.01859398879266429,0.0013174031524985827,0.00377375313267012,0.27041243178991525,0.0014058223413429668,0.00044697438277224786,0.0006239499641971121,3507.0,0.9889885524122939
YPL126W,0.019103413143148243,5.5093696303358e-05,0.003846631402479229,0.2633887322629045,4.1047334717420266e-05,0.00043926111372347013,0.0006242979723467234,3551.0,0.9888290945369992
YOR287C,0.012226184411614875,1.2050190483699412e-06,0.0026657030582008003,0.2506662540810445,8.457184274997424e-07,0.00028776284583858526,0.0006130817512595154,863.0,0.9895738626578301
YPR112C,0.003565970453387672,0.0002203380375857992,0.0026498806714862285,0.25059928473718096,0.00025615965831783416,0.00015217261509341593,0.0005488413592938381,363.0,0.9896760011316185
YPR144C,0.018084564442180335,3.467044349403263e-05,0.003725015236513109,0.26298258155779586,2.5671166421804257e-05,0.00041463904885120646,0.0006231416485417723,3510.0,0.9889842814285985
YPR137W,0.018339276617422313,0.00047442513895444723,0.003716545221592212,0.26467074570295385,0.00047966206784454357,0.0004448556949317137,0.0006236708677749027,3515.0,0.9889711245460495
YBR230C,0.0010188487009679063,0.0005548502885353556,0.00034827097398505317,0.23974265118754465,0.0005701892831335287,0.00012270166328113197,0.0003502003857544111,1811.0,0.9894278093666637
YLR007W,0.0010188487009679063,0.00018391202937425357,3.722763921782402e-05,0.21542013498794707,0.00020390493259827267,0.0001359158166770307,0.00034239115205554106,1843.0,0.9894219890757256
YDR299W,0.019867549668874173,0.0025376087569580538,0.0070433430084746096,0.28081524519759554,0.002531473892959965,0.00047825211170049627,0.0006262086476305828,3556.0,0.9888025461963724
YLR003C,0.009933774834437087,0.000451270873522505,0.004342093321250751,0.2580803749542629,0.00045253427638443806,0.00024955250869879435,0.0006070859072893143,90.0,0.9897269204471476
YLR197W,0.024707080998471728,0.005709417015999166,0.004619814397647864,0.28113086251199415,0.0054712220561097,0.0008043094133009703,0.0006313613771327245,3623.0,0.9877823466642853
YOR310C,0.021650534895568008,0.0021533681889347694,0.003911182292377435,0.27493020378728467,0.0019374786760637639,0.0006386100645329097,0.0006284247469387378,3582.0,0.9885356321639222
YHR069C,0.01553744268976057,6.508622195018083e-05,0.0033915485175553357,0.25922153455057856,5.4221307078704256e-05,0.0003687658421827936,0.0006198567963324151,3433.0,0.9892956581516342
YHR081W,0.01553744268976057,1.4197916466030218e-05,0.0032602263023369213,0.2569844171976078,1.2068763896078707e-05,0.0003618235622609542,0.0006196628977771666,3438.0,0.9892782396376381
YNL232W,0.016046867040244522,7.291868038100575e-05,0.0034812741301954732,0.25993989823230385,6.309785491874507e-05,0.00037963836198757746,0.0006206342534982924,3452.0,0.9892389501359969
YKR096W,0.0005094243504839531,5.0261221684479034e-05,1.857694069147793e-05,0.2251273545592868,5.9877734650196575e-05,8.695439233853851e-05,0.0002709974802316622,2649.0,0.9893538360619134
YIL151C,0.0005094243504839531,5.238913116854155e-05,1.5740638106705965e-05,0.22805570697088948,6.415071629339992e-05,8.686523562960304e-05,0.0002708651358257523,2688.0,0.9893528944814929
YML091C,0.0015282730514518594,0.00010750757740158654,5.713697747865284e-05,0.22160371455230488,0.00013884476445799246,0.00016184658594713437,0.0004154116648711061,1483.0,0.9894712991344484
YBR249C,0.0005094243504839531,3.8139139946707524e-06,1.8335835253555927e-06,0.2206783020282951,5.844784994627502e-06,7.612895831355469e-05,0.0002713978547873545,2700.0,0.9893523640061508
YDR108W,0.0025471217524197657,0.00018422899199206188,1.3939917206415442e-06,0.2221153499339968,0.00023440741836143703,0.0002842765940386055,0.0004308625723975577,922.0,0.9895634683002155
YDR246W,0.0025471217524197657,5.965364917951207e-07,1.1887107999475123e-06,0.21390949208010682,6.335828935317325e-07,0.0002823753457440152,0.00041770779980782367,904.5,0.9895667808102283
YBR254C,0.002292409577177789,0.0,1.1733914008873032e-06,0.2138972972513012,0.0,0.000256794245892401,0.00041104696738756283,1030.5,0.9895451961696374
YBR255W,0.0012735608762098828,0.0018838974534072306,6.429715044868145e-05,0.2514558334619043,0.0019312329502562916,0.00023504942272684545,0.00038091918902409294,1894.0,0.9894163389288979
YOR324C,0.0005094243504839531,4.407230022058819e-05,9.268923997670523e-07,0.20302881445265553,6.230290217091355e-05,0.0001183441056862853,0.00023144958909039867,2487.0,0.9893617404273918
YBR259W,0.00025471217524197657,0.0,3.5901606688401476e-05,0.22241819260685716,0.0,6.177438034529165e-05,0.0001826338229736263,3232.5,0.9893223040239741
YJL098W,0.002292409577177789,0.0005118564999357883,0.0014981110650491587,0.2594725097569207,0.0005211127632250611,0.00018591444921219267,0.0005060646591040143,897.0,0.9895683078647313
YDL047W,0.004330106979113601,0.0030979048242739606,0.00011090297668249091,0.27356707918957884,0.0029744040961492317,0.00040977110221157543,0.0005511834161129735,878.0,0.9895713317516451
YBR261C,0.00025471217524197657,0.0,2.2317903673545797e-05,0.20518278962512707,0.0,5.554965326806042e-05,0.00017962114680787023,3099.5,0.9893241928020728
YIR026C,0.002292409577177789,5.490690963460674e-05,0.006490095245213909,0.24256351765484055,7.171328702471599e-05,0.00010628403581586285,0.000507190795966651,1312.0,0.9894980467446163
YOR252W,0.006877228731533368,7.888539738552366e-05,0.01979998822425496,0.2614250620878674,9.526486190531046e-05,0.00021218922404122836,0.0005957135167284833,3622.0,0.9878243703704024
YOR201C,0.004075394803871625,0.0008755158659907212,0.0009747677687974598,0.26279838138860223,0.0007030805194565562,0.00017725267452220998,0.0005610543841753585,453.0,0.9896593087258235
YBR269C,0.00025471217524197657,0.0,1.6520835129838198e-07,0.16815939813038158,0.0,8.459647151441202e-05,0.00012725831536377296,2900.0,0.9893330074521277
YPL190C,0.0007641365257259297,0.0005124268284364255,1.2115511669852546e-05,0.20308376135778478,0.0005177736950928866,0.00016283171672258173,0.00024869233388522867,2035.0,0.9894031737045018
YNL155W,0.006367804381049414,0.0017960031365984817,0.00017204932802836556,0.27217791012586684,0.0018784143957158,0.0003200329173333761,0.0005846154708794986,301.0,0.9896884206627121
YBR272C,0.0038206826286296485,0.0,5.36521634793967e-05,0.23632983692901702,0.0,0.00018394918032742962,0.0005483376060496741,625.0,0.9896234980440956
YGL004C,0.006367804381049414,7.029456190400178e-06,7.635409723150476e-05,0.24959902149315288,6.83884725365206e-06,0.00028200492981050385,0.0005821446736383831,240.0,0.9896991022700877
YGR232W,0.006877228731533368,0.0009820931586025452,0.0010392199779120468,0.26296414992185824,0.0010414355187280625,0.00030629487206818744,0.0005876998191806431,44.0,0.9897466047154884
YIL007C,0.00025471217524197657,0.0,3.1592272693370097e-06,0.21379978865377364,0.0,4.8926280000430874e-05,0.00018282779973998866,3298.0,0.9893211093785703
YMR219W,0.006367804381049414,0.00079867857709882,7.373478621937271e-05,0.24803149937760788,0.0008116730775046554,0.0003275942735862492,0.0005806031614298879,180.0,0.9897095379879438
YKR090W,0.0015282730514518594,0.0007809570726968099,1.5966957881654237e-05,0.24004942361388829,0.0006987556983998663,0.0001506994725612824,0.0004445115948445922,1548.0,0.9894614209282625
YMR100W,0.0010188487009679063,0.0007920564562120227,3.1521013609688055e-06,0.21470514970443913,0.000825883152613959,0.00024373793138694877,0.0002495689025147629,1795.0,0.9894294326660363
YBR278W,0.0007641365257259297,0.0,7.532889411142563e-05,0.20986533678739644,0.0,0.00011814594805201077,0.00028815956639985385,2108.5,0.9893929841412584
YDR121W,0.0015282730514518594,0.00016808038813412616,8.090491894417601e-05,0.22729584364724503,0.00021751853542101627,0.0001952305682748647,0.00039312401714181803,1477.0,0.9894716617889667
YPR175W,0.0007641365257259297,0.0,7.532889411142563e-05,0.20986533678739644,0.0,0.00011814594805201076,0.0002881595663998537,2108.5,0.9893929841412584
YGL133W,0.0015282730514518594,0.00039443225135572216,0.0003198784310820738,0.25265808020774905,0.000399504482861063,0.00016137319118566585,0.0004379451146766987,1515.0,0.9894673657111585
YOR304W,0.0020376974019358125,0.00026991378854356155,2.5609731583379785e-05,0.2448588717016951,0.0002660589435363184,0.00020311521455918102,0.0004784931137011127,1279.0,0.9895021440265568
YGL244W,0.0020376974019358125,0.00011174077233462824,8.931079370322007e-05,0.24662936245875725,0.0001323406940138234,0.00016771529229699596,0.0004814622137527502,1296.0,0.9894998430971701
YGL207W,0.02445236882322975,0.010667794564716542,0.002716973990947398,0.3007593179226512,0.01044026916837056,0.001302402578649529,0.0006345813716629539,3637.0,0.9874238611480594
YLR418C,0.0015282730514518594,8.467928421811254e-05,3.9757767108687694e-05,0.24021848332704232,0.00010054114871437603,0.0001458412361871153,0.000442324026555967,1585.0,0.989456293217423
YOR123C,0.0015282730514518594,1.5264143860887004e-05,9.421495131791991e-05,0.24098994740092966,1.616497907313201e-05,0.0001331703407974189,0.00044440954447360655,1587.0,0.9894562781050984
YOL145C,0.0033112582781456954,0.001322857188592204,0.0018420043818608313,0.26075283140489774,0.001492345485699117,0.00022901906018253475,0.000537842509833717,548.0,0.9896402142460443
YGR116W,0.007896077432501274,0.001986427254079797,0.0006688348212747741,0.27743067813406347,0.0018131310065090112,0.0004525498720619836,0.0005985296084044497,97.0,0.9897252624846719
YGR063C,0.00891492613346918,0.0004958871623174223,0.0010220693854529215,0.27549544688193506,0.000367529943769445,0.0004510525153421375,0.0006054571430106404,49.0,0.9897442315817496
YBR281C,0.0005094243504839531,0.0004980028618616377,1.8639744818876706e-05,0.23130340244652448,0.0004980028618616377,0.00015309885893194738,0.00018359522282174705,2489.0,0.9893617392233592
YNL191W,0.00025471217524197657,0.0,2.543515216636739e-07,0.18705616168536612,0.0,0.00010329879309079197,0.00010771492167774222,2937.0,0.9893293642208766
YBR288C,0.0012735608762098828,0.0008673416017118073,1.1146874881857252e-05,0.24713295291035922,0.000880155144020087,0.00027309753779002695,0.0002992220966328007,1696.0,0.9894393240632625
YGR261C,0.0010188487009679063,0.0005239226053334232,6.119395838234178e-05,0.24930049774651653,0.0005668265923539707,0.00019962880422413605,0.00029921214889649575,1922.0,0.9894129757433465
YPL195W,0.0010188487009679063,4.2913375404003274e-05,1.442703782897467e-06,0.21891431770144548,5.355092544701153e-05,0.0001984498557939602,0.0002973975869255784,1871.0,0.9894183850413931
YJL024C,0.0007641365257259297,0.0,1.0065580685816924e-06,0.21022987006696217,0.0,0.00016975569874777593,0.00024310054691863535,2124.0,0.9893913689308611
YBR289W,0.0033112582781456954,0.00027513170987074776,9.210261517711528e-05,0.2397732931419398,0.0003049818919391456,0.0002604592870408975,0.0005304465030607347,723.0,0.9896033080030613
YFL049W,0.0033112582781456954,0.0008491713462163163,0.00011564307743496933,0.2466131517737001,0.0008763558478496596,0.0002699401275035473,0.0005283965247239121,738.0,0.9896011841617075
YCR037C,0.0015282730514518594,0.00012140411239535351,6.361842885320139e-06,0.2102063135797565,0.0001327897442503248,0.00015830330060983072,0.0004278710745117907,1438.0,0.9894768151107424
YHL025W,0.003565970453387672,0.0006725163295681084,9.065569122899451e-05,0.2479495434235444,0.0006666139849321924,0.0002680748574453031,0.0005391396100993292,665.0,0.9896138415682492
YGR275W,0.00967906265919511,0.0020409007688653247,0.001615211388671394,0.27380664752864875,0.0020122638254181304,0.0004985564004170166,0.0006080630944369313,83.0,0.9897289527029202
YKL216W,0.0010188487009679063,9.625730650660495e-05,2.9472995239832487e-05,0.24606325361260978,0.0001253276879276617,0.00011720253635663809,0.0003897439730392174,2033.0,0.9894034486231698
YJL176C,0.003056546102903719,0.00021443865411409973,8.898163339713768e-05,0.23884222363518198,0.0001765997908795666,0.00022679704394157506,0.0005232384368766297,813.0,0.9895849315403072
YMR033W,0.00891492613346918,0.0008418212389819815,0.0015658343331309158,0.26155263095748166,0.0008010229270324434,0.0004745482904100813,0.0006032594337622807,27.0,0.9897575115216662
YOR290C,0.0025471217524197657,6.72638575374855e-07,8.852758504193108e-05,0.2353514296252085,6.612984817007832e-07,0.00018569242391780347,0.0005065209599588797,1017.5,0.9895465964345903
YNR023W,0.004075394803871625,0.0020550402639882277,7.864662322331588e-05,0.2560374294448665,0.00218535431001884,0.00036155651933996683,0.0005445575170615427,694.0,0.9896082082638313
YPR034W,0.011971472236372899,0.0009565459389459068,0.0020565627814886325,0.26924811561428585,0.0008594409871935043,0.000591934672833123,0.0006157859105540026,449.0,0.9896603221925476
YPL016W,0.0025471217524197657,6.72638575374855e-07,8.852758504193108e-05,0.2353514296252085,6.612984817007832e-07,0.00018569242391780347,0.0005065209599588807,1017.5,0.9895465964345903
YGR191W,0.0005094243504839531,5.6146748601755774e-05,1.5818610209948918e-06,0.2005437217961983,6.513830184050487e-05,8.709301837797903e-05,0.00026764757266456023,2501.0,0.9893609986732893
YLL061W,0.00025471217524197657,0.0,1.072642883737322e-06,0.2029080358598818,0.0,5.7413274639916793e-05,0.00017626259903375077,3153.0,0.9893234169668531
YML111W,0.0020376974019358125,0.0008547656518036033,3.3892360168916284e-05,0.26035476310353717,0.0007514399801881344,0.00020713277664111493,0.0004904193820061822,1333.0,0.9894951055365682
YBR302C,0.00025471217524197657,0.0,6.100850728790656e-05,0.24500277465620174,0.0,6.230338325313404e-05,0.00018477247807642256,3350.5,0.989320178104569
YBR291C,0.0007641365257259297,4.389005487837249e-05,6.875385957025618e-05,0.23103278885991835,4.8983896558760665e-05,8.629899316143957e-05,0.0003438246729795119,2269.0,0.9893827244499372
YCL005W,0.00025471217524197657,0.0,3.9961798647585576e-06,0.204801991871456,0.0,6.671898538391844e-05,0.0001617207350689648,3136.0,0.9893237667230415
YKL029C,0.0010188487009679063,0.0,8.709644335857272e-05,0.23307072251739805,0.0,9.449636252636902e-05,0.0003954666106126073,1976.0,0.9894088717117527
YHR167W,0.0015282730514518594,6.476341086025915e-05,4.127382486575356e-05,0.20953716581509402,7.301029144000508e-05,0.00021414623465478548,0.00035682580154805624,1407.0,0.9894814310168368
YNL139C,0.0012735608762098828,1.116583433797719e-05,2.441806518470865e-06,0.19624313463492202,1.3975942713612638e-05,0.00019135064953322456,0.0003309665119488155,1563.5,0.9894600193683386
YML062C,0.001782985226693836,0.000157423146676034,4.1322714850558395e-05,0.2095839845316207,0.0002011087572791643,0.0002599928070138417,0.000373571072283733,1208.0,0.989511061333772
YNL253W,0.0012735608762098828,1.116583433797719e-05,2.441806518470865e-06,0.19624313463492202,1.3975942713612638e-05,0.00019135064953322456,0.0003309665119488155,1563.5,0.9894600193683386
YCL011C,0.0020376974019358125,0.0014446986443982012,0.002886546142342051,0.25152326145237475,0.0014408047616019204,0.00019339162018454796,0.00045697352676100174,886.0,0.9895704817108334
YNL166C,0.001782985226693836,6.7690131817484e-05,2.345550004992011e-05,0.23076280774248564,7.385778665191968e-05,0.0002311676790143002,0.0004320974301775137,1362.0,0.9894888266862047
YLR314C,0.0015282730514518594,0.0,5.795767632793981e-06,0.22434659717083677,0.0,0.00020639438723755752,0.00040634472639338934,1523.0,0.9894660974839442
YCL014W,0.0007641365257259297,0.0,3.43801453082559e-06,0.21330144918050448,0.0,0.00012156539296658937,0.00032224769522454266,2184.0,0.9893873937717134
YER048W-A,0.001782985226693836,0.00040957479847373153,0.00012263008416046355,0.23173198017942523,0.0004579641925256689,0.00016613600587963922,0.0004592341640730881,1331.0,0.9894954097735135
YOL021C,0.01706571574121243,0.0023993278770355377,0.0033514232664353764,0.2625225644475982,0.0024757722862599834,0.0005381066327243663,0.000621948994707552,3488.0,0.9890995944243319
YOR226C,0.0010188487009679063,7.227471069934683e-06,6.25422764484905e-06,0.20808454833814397,1.0400666416102634e-05,0.00011997444903720697,0.00036809039484189877,1860.0,0.9894193511857275
YCL017C,0.001782985226693836,0.00023721806466081124,7.75644944222346e-05,0.22444053903721203,0.00023391101171901818,0.00019303861558565778,0.0004470462954618404,1316.0,0.9894977506320782
YKL220C,0.0005094243504839531,5.621303801952662e-06,1.2309341824184127e-06,0.1985801043233341,9.080562016885737e-06,8.668367602046443e-05,0.0002591809961472905,2508.0,0.9893602230664525
YCL024W,0.00025471217524197657,0.0,1.7900545092913855e-05,0.20458980811849467,0.0,6.178247156852678e-05,0.0001775373151728265,3081.0,0.9893244172194374
YKR048C,0.005094243504839531,0.003062549978122185,0.0013127173071392178,0.25872103786271367,0.0030243083256320676,0.0005525243722666587,0.0005569111105609751,479.0,0.9896543565327932
YCL026C-A,0.00025471217524197657,0.0,0.00027868812105149416,0.20117814965603614,0.0,4.4259691189486604e-05,0.00018337325430670134,2848.0,0.989339416654828
YDL212W,0.0010188487009679063,0.00017749155498870319,1.1513330924852913e-06,0.22052265728723838,0.00020299091408854087,0.0001450863755795197,0.00035780611123507704,1881.0,0.9894175038358015
YGL019W,0.003056546102903719,0.0008008989699868642,0.00031178046414988156,0.2614250620878674,0.0008445267105977423,0.0002074373821456116,0.0005282791762867601,842.0,0.9895791854468252
YCL026C-B,0.00025471217524197657,0.0,5.637455204377928e-06,0.20650407238070748,0.0,5.461766880394789e-05,0.00018182375072824542,3202.5,0.9893228790739027
YBR055C,0.007641365257259297,0.0008975753183398825,0.00032440553263803263,0.2538375273043146,0.0009027840687579056,0.00029893478628263324,0.0005933698339677943,110.0,0.9897215575001329
YCL032W,0.0005094243504839531,5.289959095705151e-05,2.838456003827444e-06,0.22065234598242026,7.362333822598519e-05,9.609757298837231e-05,0.00024093324119198864,2625.0,0.9893549296462809
YLR362W,0.0005094243504839531,4.989730395379102e-05,2.6378641579411075e-06,0.21960623301639295,7.204634767074763e-05,0.0001078960467449343,0.00023973179648210927,2603.0,0.9893558614342362
YER090W,0.0010188487009679063,0.0010049101896389178,9.043233546709129e-06,0.20890715429204196,0.0010091054833950431,0.0002348101045176569,0.00026796558795334964,1790.0,0.9894298215825897
YLR328W,0.0007641365257259297,0.0,1.702477823202633e-05,0.21834104347562117,0.0,9.447631131102532e-05,0.0003436212187121962,2239.0,0.9893844146112255
YGL115W,0.0033112582781456954,0.0012678775020563504,3.226780421270634e-05,0.2608253382749443,0.0013207262848175282,0.0003494758455947339,0.0005244481722658779,815.0,0.9895848089715198
YDR436W,0.0012735608762098828,0.0003501556072255154,5.195550944403275e-05,0.2354991520891962,0.0004266278583244924,0.0001786993911078166,0.00040577466951686574,1678.0,0.989442189512813
YPL179W,0.00025471217524197657,0.0,3.0349339076190427e-07,0.18841824391528517,0.0,6.686590105120486e-05,0.00016754191931470203,2989.0,0.9893268971138006
YER158C,0.0007641365257259297,2.1499563124661354e-06,2.014391812246657e-05,0.2254249273663226,2.9794959878901333e-06,0.00011469926891032788,0.00033264675347376285,2268.0,0.9893828502634369
YMR031C,0.0020376974019358125,0.0004354650416752022,7.088943788744823e-05,0.25818693167389717,0.0004178821718221687,0.00022812670605182239,0.0004773751158322841,1314.0,0.9894979536500538
YPR149W,0.0007641365257259297,8.493421604319695e-05,1.2326907893240481e-06,0.21746783116472926,8.95790296101731e-05,0.00011230719003805977,0.00033304176557468845,2189.0,0.9893870195608508
YNL325C,0.0005094243504839531,0.0,1.7575528668911403e-05,0.2355287188377322,0.0,8.745540471830903e-05,0.0002776134688244633,2778.0,0.989349614682391
YNR004W,0.0005094243504839531,2.6967759974864297e-05,2.46373829130487e-06,0.21264863359131003,3.641182873798788e-05,8.9820022051487e-05,0.0002553523533465257,2591.0,0.9893563255343714
YPR174C,0.0012735608762098828,0.001044024348870466,7.230974272605502e-05,0.258169166110581,0.001088611147082042,0.00018759697181023577,0.00038452267756090977,1773.0,0.9894314872701481
YDL014W,0.00738665308201732,0.00020599477479239252,0.0012223102622156774,0.24671044786198537,0.00019422091659262116,0.0002522252452154259,0.0005945855175308251,39.0,0.9897512727725775
YDL042C,0.0028018339276617422,0.0005461200611347482,1.9880136647766872e-05,0.23167474474128272,0.0005522329784241204,0.0002442961504861426,0.0005096594449177003,860.0,0.9895754224398221
YKR010C,0.0038206826286296485,0.0001391486997080042,4.089217153859201e-05,0.2392229336320501,0.0001333012664455738,0.00026730676128132935,0.0005470934447942144,600.0,0.9896274595086
YNL308C,0.0010188487009679063,7.2927806789040724e-06,5.940724552743387e-05,0.22164298742232244,7.591091487611618e-06,9.324626667885801e-05,0.00038978990944640325,1918.0,0.9894132904925839
YJL076W,0.0058583800305654615,0.001293563521678727,0.0001234066821647346,0.2646334102895383,0.001319126023636378,0.00040458772865795004,0.0005803328302810786,275.0,0.9896941899065353
YCL040W,0.0007641365257259297,7.355633963938449e-05,3.986591720350971e-06,0.2282916027432354,0.00011161000004521071,0.0001476305943484189,0.0002867028503331392,2237.0,0.9893846182487984
YDR516C,0.0007641365257259297,0.0005898039577985506,1.0332840132325859e-05,0.2438404166559481,0.0006130800433667216,0.00018764653166128365,0.00025305919440019573,2192.0,0.9893868602682908
YOR347C,0.0005094243504839531,4.2745128099241235e-05,2.3174218396631774e-06,0.22466901144221998,5.360957041155281e-05,9.791836975194599e-05,0.00025223368926728917,2664.0,0.9893534780691341
YCL039W,0.0015282730514518594,0.0008837836277820272,8.051178136474021e-06,0.24085071839036293,0.000889878224775752,0.0002146046053492642,0.0004114724952586563,1538.0,0.9894632252261797
YPR024W,0.002292409577177789,0.001040601119149431,0.00013897406251257543,0.255740746444351,0.0010703726924662163,0.0002168268699525278,0.0004971462816697396,1155.0,0.9895218727047876
YOL059W,0.00025471217524197657,0.0,1.4093171111160788e-07,0.1951712698234017,0.0,9.116706782610239e-05,0.00012839204391336824,2991.0,0.9893268513161075
YDR056C,0.001782985226693836,2.400628231721966e-06,5.650194230733681e-07,0.2023935964551232,5.14603583219687e-06,0.00016582687734531618,0.0004376409469473743,1241.5,0.9895053250228817
YGL231C,0.0015282730514518594,0.0,2.0138975766663046e-07,0.19802462084156194,0.0,0.00015007242776520277,0.0004137909909955218,1400.0,0.9894826826131792
YJL192C,0.001782985226693836,2.400628231721966e-06,5.650194230733681e-07,0.2023935964551232,5.14603583219687e-06,0.00016582687734531618,0.000437640946947375,1241.5,0.9895053250228817
YIL027C,0.001782985226693836,2.400628231721966e-06,5.650194230733681e-07,0.2023935964551232,5.14603583219687e-06,0.00016582687734531618,0.000437640946947375,1241.5,0.9895053250228817
YKL207W,0.001782985226693836,2.400628231721966e-06,5.650194230733681e-07,0.2023935964551232,5.14603583219687e-06,0.00016582687734531618,0.0004376409469473746,1241.5,0.9895053250228817
YJR088C,0.0038206826286296485,0.0012027933983117943,6.02080070803276e-06,0.24758957972054071,0.0012147569437956814,0.00029253841643547883,0.0005386073309264264,639.0,0.9896208497180639
YML101C,0.008660213958227202,0.0013756229147631421,2.7028238202011246e-05,0.2477694308317423,0.0014073206403568987,0.0005857435368951521,0.0005966804074460648,274.0,0.989694394063585
YMR115W,0.0010188487009679063,0.0005501415728636223,3.36649653470513e-06,0.21686448708658887,0.0005699195926367771,0.00019466321122643042,0.0003073189823202228,1823.0,0.9894262853045657
YCL052C,0.00025471217524197657,0.0,1.271953913880378e-08,0.15578046464957748,0.0,0.00011475851119039302,8.868306516726138e-05,2851.0,0.9893389245306335
YDL045C,0.0005094243504839531,0.0004980028618616377,9.32560808421166e-07,0.18530089347516168,0.0004980028618616377,0.00017720731340415405,0.00013442468210749097,2356.0,0.9893788614535644
YMR315W,0.00025471217524197657,0.0,1.2618955271281098e-06,0.1957721101531476,0.0,6.571507203991532e-05,0.00014991695503516919,3048.0,0.9893252489000267
YCL055W,0.00025471217524197657,0.0,7.35340108896801e-07,0.19820245594744182,0.0,6.953080898994927e-05,0.00016332321317468986,3057.0,0.9893250291499295
YEL026W,0.0015282730514518594,2.554922892833381e-05,0.00024123851269075238,0.2276267967654598,2.5150086926528555e-05,9.083196242700342e-05,0.00045367110924322195,1487.0,0.9894705951323088
YDL202W,0.015028018339276618,0.001639534909051568,0.0033991969496035917,0.2726129834400257,0.0016671966360655844,0.0005127913796769752,0.0006218590630107335,1728.0,0.9894356169492412
YHR037W,0.0015282730514518594,2.5400856749018325e-05,6.540070918663194e-05,0.2476712978470575,2.719404867907194e-05,0.00014142443278665603,0.00045503544507872145,1627.0,0.9894514197823935
YLR417W,0.001782985226693836,0.002059657128055297,1.6335149472969672e-06,0.20824623916773458,0.0020738872641977942,0.00042295413357333687,0.0003105092135607278,1461.0,0.98947354963706
YDL225W,0.001782985226693836,1.0950666012684393e-05,6.327416880880294e-06,0.22812503745881157,1.2567773658455468e-05,0.00023429525745097182,0.00042647677833898535,1364.0,0.9894886740040955
YDR507C,0.0020376974019358125,0.0009381298044641125,3.949468659143704e-05,0.2521995355975717,0.000997131857337191,0.00025515436837252525,0.0004736210797075496,1274.0,0.9895023451535977
YJR076C,0.0025471217524197657,0.0008735483365219407,1.647755753502477e-05,0.24740998952094123,0.0009631121295588312,0.0003112711161555509,0.000475049559086521,1019.0,0.9895465507124478
YCR002C,0.0038206826286296485,0.00215933831263462,0.0002287626765976523,0.25214868891700765,0.0022985981950936784,0.0005309064748981688,0.0005033619640706418,701.0,0.9896072830806143
YKL101W,0.0010188487009679063,0.00023495835605709823,2.7663171123199154e-05,0.2377073296429976,0.00023128056819661876,0.00014204060546547443,0.00039251418344287174,1947.0,0.9894106808321984
YCR009C,0.00025471217524197657,0.0,1.867861347984734e-06,0.19121254159031056,0.0,7.46838647927954e-05,0.00013660941688640386,2992.0,0.9893267755837948
YCR005C,0.0007641365257259297,0.0001191807568753204,3.784374977471068e-06,0.22243137841386496,0.00014290480677624275,0.0001443728418251595,0.0003365773870476047,2178.0,0.9893877633751396
YJR066W,0.0005094243504839531,5.345669100809315e-05,1.1351138132933546e-06,0.2048579028711479,6.325829173412435e-05,8.715264368083248e-05,0.00026652631798592584,2521.0,0.9893593840573655
YLR332W,0.00025471217524197657,0.0,5.413731206964526e-07,0.18112346082959563,0.0,5.5059958869767674e-05,0.0001747208108661566,2972.0,0.9893277773301625
YGR060W,0.0012735608762098828,8.425200443584684e-05,2.992471649167628e-06,0.2343957325598222,9.565473231771007e-05,0.00012800297026313126,0.0004202185877477536,1757.0,0.9894329052339811
YNL111C,0.0012735608762098828,0.00046415829912577764,6.133535723300054e-05,0.2520301263575652,0.0005039404130641009,0.00014345077418305077,0.00041902820343016925,1763.0,0.9894325711819455
YJR051W,0.0007641365257259297,0.0003955319617080105,2.1205711855339798e-06,0.22607691558719414,0.0004213756283309892,0.00012475424257387953,0.00031381658075839886,2158.0,0.9893890724509081
YAR014C,0.0010188487009679063,0.00018459210600396542,2.06667255103284e-05,0.23718139522631482,0.00022177004389925542,0.00014608163076419733,0.00037306121059589413,1956.0,0.9894102832888916
YIR022W,0.0012735608762098828,0.00020616113947354887,2.0861533327771575e-06,0.22865332994607068,0.0002340776737015076,0.0001507007495729274,0.00040433914559564647,1693.0,0.9894398796787706
YGR250C,0.0005094243504839531,2.5414134988112906e-05,3.5561045584354867e-06,0.21268479627487522,3.1111263205971355e-05,8.021292686335513e-05,0.00025829611037413717,2605.0,0.9893557246678829
YML055W,0.0053489556800815075,0.00023754587723795253,5.976179989241584e-06,0.2376019562462842,0.00024129390743316288,0.0003793564926696187,0.0005717514900573068,281.0,0.9896924608387119
YOR165W,0.0012735608762098828,0.0009183667713649405,2.3022273195349672e-06,0.2398039429301466,0.001034104839224414,0.0001727824952931167,0.0004129475130708914,1718.0,0.9894368565744739
YNL008C,0.0007641365257259297,0.0003091954033472298,8.044446603611087e-06,0.24711667595897213,0.0003352687079488102,0.00011835487902833443,0.0003339416785184623,2332.0,0.9893799583071218
YGR155W,0.0015282730514518594,0.0011743306371977628,3.9876426716933485e-05,0.24968207167665363,0.0012041594961605172,0.00019948042124175508,0.0004282882375786778,1591.0,0.9894558453329901
YDR023W,0.0020376974019358125,0.0008850356737707132,5.65705337714535e-05,0.2569668167307085,0.0009272676935335056,0.00022579558550034077,0.00046757460593437294,1305.0,0.9894990070160238
YGR239C,0.00025471217524197657,0.0,7.71692086025407e-07,0.20349129466780963,0.0,6.222750633123621e-05,0.0001673445199213814,3142.0,0.9893235562914992
YGL017W,0.0007641365257259297,0.00028071560735536485,5.464974935100297e-05,0.2552709546254643,0.00032429670227345745,9.742346949627854e-05,0.0003460869653001675,2369.0,0.9893781308632267
YER057C,0.0015282730514518594,3.1227938348631912e-06,9.462126502673539e-06,0.2352038923699269,4.1280961278245285e-06,0.0001392749856010766,0.00045098834483730285,1595.0,0.9894555214982426
YHR183W,0.004584819154355578,0.0015248203980043438,0.00020448602716586535,0.2657768995597559,0.0016354162159686303,0.00035088880783460156,0.000565783681688501,508.0,0.9896479973831247
YFR044C,0.0020376974019358125,1.871845560582454e-06,1.8486442457927436e-05,0.238523362433889,1.6517919193670994e-06,0.0001631171278566151,0.0004908909966222574,1302.0,0.9894993650701107
YGR256W,0.0007641365257259297,0.00013564580622500992,1.3388686408537375e-05,0.2528624134711601,0.00015131940127804843,0.00010988933442136269,0.00034322101097970933,2405.0,0.9893750796822548
YHR072W-A,0.002292409577177789,0.0001916289799125784,0.00020641499582921082,0.24272043544346447,0.00021371062408648725,0.00015409620476393503,0.000496914447864695,1106.0,0.9895295144934093
YKL014C,0.001782985226693836,1.4500347257371331e-05,0.00013583772285605345,0.23166044029915248,1.3032549121379115e-05,0.00013324351425483193,0.00046136569994592434,1374.0,0.9894875741959084
YHR089C,0.0028018339276617422,0.00040394082320026114,0.00036547678101440435,0.2587567235231085,0.000451498767908151,0.00017324103615172474,0.0005230408240967329,917.0,0.989564089434744
YOL144W,0.0028018339276617422,0.0009758164601241025,0.0005284484716676224,0.2682663013788842,0.0010373655272309529,0.00018803857697641355,0.0005196982345394295,915.0,0.9895645308575558
YMR310C,0.0015282730514518594,0.00020741237251285203,7.078406608003731e-05,0.24021848332704232,0.0002374324047242592,0.00012574739271614687,0.00044759850403975157,1569.0,0.989459204149748
YBL054W,0.0010188487009679063,7.89731907360475e-06,0.0006252552406916066,0.23847788032066827,8.247603472124029e-06,6.613312784911924e-05,0.00039766598839471797,1784.0,0.9894301349092546
YNL124W,0.0012735608762098828,0.0006298644964164144,6.595577201532442e-05,0.22227325184153282,0.0005931651981963561,0.00013355189474081655,0.00040366281734762675,1639.0,0.9894499094128294
YOR004W,0.015028018339276618,0.002654701399342519,0.010026582418025334,0.2852126561068091,0.002720786388278168,0.000458033742104789,0.0006233537814367489,3461.0,0.9892149256880992
YGL120C,0.0033112582781456954,0.0005689905468760155,0.00028617414117556504,0.2474426229034541,0.0006123904936617033,0.0002066979062610557,0.0005387490024775909,707.0,0.9896056487424668
YLR221C,0.001782985226693836,2.1324082123331953e-05,0.000155124705870997,0.23414706010266312,2.0675605261142442e-05,0.00013123070949402403,0.00046236157739257944,1380.0,0.9894867969779366
YCR024C-A,0.0010188487009679063,9.758982901851343e-05,8.724916018616857e-07,0.20308376135778478,0.00012980064986175874,0.00014440236474744423,0.00036917741965199696,1825.0,0.9894261171705314
YDR141C,0.0007641365257259297,0.0005368169662086081,5.127451031015601e-07,0.20247004970509277,0.0005440990019369778,0.00016023141537794384,0.00025958062088676884,2041.0,0.9894026965910137
YCR020W-B,0.007641365257259297,4.177969575307991e-05,0.0012485749386640984,0.25981389731217186,4.4078117299841526e-05,0.0003593468788128829,0.0005979189179345748,36.0,0.989752089700093
YBL006C,0.007896077432501274,2.0808987646016113e-05,0.001596241886622612,0.26149794334297977,1.991861579221597e-05,0.0003671817252175215,0.0005999922028659619,22.0,0.9897602008173365
YBR245C,0.008405501782985226,0.0005720554893621531,0.0020164954257479136,0.26377759358022174,0.0005457000093106435,0.00041269180704330086,0.0006028584794583607,9.0,0.9897739055404965
YBR009C,0.01859398879266429,0.0024007653096099132,0.004895746563187537,0.29096335719930777,0.002080334951030236,0.0008626492235794397,0.0006290501022688349,3477.0,0.9891576902870477
YCR052W,0.008405501782985226,7.373963526740455e-05,0.0017084830716734415,0.2667026223404232,7.516509000650625e-05,0.0003884137389693371,0.0006031164556779296,21.0,0.9897606877344444
YDR303C,0.007131940906775344,0.0006146104821116057,0.0011000457801284263,0.26446553119652316,0.0006210607106756181,0.00035315308461512506,0.0005954534067571848,34.0,0.9897526027604924
YDR225W;YBL003C,0.002292409577177789,4.668119018070953e-07,0.0006208183531569638,0.24516286533488463,4.41452118433657e-07,0.0001330956388350859,0.0005075060971623571,1053.0,0.9895409814482149
YFR037C,0.011716760061130923,0.0030238919837209583,0.0019978715208031823,0.28863547127356515,0.003149620698246512,0.000596446064280251,0.000616403756964541,505.0,0.9896485863182121
YGR056W,0.004839531329597555,4.668119018070953e-07,0.0006949405609214407,0.24923425608377003,4.41452118433657e-07,0.00024262743201027112,0.0005716506238874819,299.0,0.9896886651359151
YIL070C,0.007896077432501274,0.002332231906745767,0.0017340936704662133,0.27125307194079484,0.0022773134423699874,0.00046481510230293353,0.0005982202998501399,53.0,0.9897433280336648
YHR056C,0.006367804381049414,1.9310676506067308e-06,0.0010048012217747425,0.25553173677620883,2.0845148474276003e-06,0.0003043179043785189,0.0005890159811592009,65.0,0.9897360497468416
YIL126W,0.00967906265919511,5.673296998027322e-05,0.0018403563044810316,0.2662106209085479,4.929010227664664e-05,0.00044239842126246923,0.000608666971568486,63.0,0.9897393891120644
YLR095C,0.009169638308711156,0.0006119691194344156,0.0042948518777854465,0.2771028427684693,0.0006870851521566189,0.00040474991099431247,0.0006075718496034331,7.0,0.9897774523904255
YLR033W,0.00891492613346918,0.0009080019572130229,0.0012719196300197224,0.2690550370086105,0.0009013012119149598,0.0004595511635582368,0.0006056766188179327,38.0,0.9897518002664426
YLR357W,0.006622516556291391,1.5389852176753515e-05,0.0010174887826862958,0.26004799633248366,1.3689836671659194e-05,0.00031620851401313165,0.0005911365323487898,64.0,0.9897382190495855
YLR321C,0.009169638308711156,0.0003608886324102343,0.0013590961155614584,0.2656827992554223,0.00035935886657421744,0.0004575330769054852,0.0006064815595329237,48.0,0.9897456001846298
YLR455W,0.007641365257259297,0.0008887549536744124,0.002457684948021856,0.2668164195054099,0.0008935936588923125,0.0003671005604496078,0.000598590936164358,4.0,0.9897845831725939
YML127W,0.009169638308711156,0.0007315321887744353,0.001765030567320296,0.263203962896182,0.0006813282522326155,0.0004364605075964029,0.0006063792687940515,31.0,0.9897558596124107
YMR091C,0.009169638308711156,0.0009670288606398479,0.0017379126125589269,0.27064650444240596,0.0009434947815147056,0.00043869245097915416,0.0006067940515987404,24.0,0.989758931891944
YPL116W,0.005094243504839531,0.0010643798319991946,0.0015485737374452795,0.26091602858727914,0.001006023180894949,0.0002604772885649522,0.0005772614043203354,102.0,0.9897230321929429
YNL088W,0.014009169638308712,0.00045215423367346157,0.003643886398191182,0.2773896562978762,0.0004078948233560676,0.0006157676767871516,0.0006218572982761179,957.0,0.9895587070466381
YIL155C,0.0010188487009679063,0.00040150698788492365,7.786353515383459e-05,0.24616011619768233,0.0004767941083105596,0.00011480666605043968,0.000392303998791743,1951.0,0.9894103229463846
YNL297C,0.00025471217524197657,0.0,6.9928305795045166e-09,0.1677383982065931,0.0,8.379074181098388e-05,0.00013004970483132373,2899.0,0.9893330687047027
YKR063C,0.0020376974019358125,0.004476963960660759,2.6025695196002033e-06,0.21763181502813653,0.004476963960660759,0.0007649985934576279,0.00018131074941012273,3449.0,0.9892434066181912
YLL035W,0.00025471217524197657,0.0,3.564411874746109e-08,0.17801264369146813,0.0,0.00012931453309781297,0.00010692450824952894,2892.5,0.9893333976014353
YCR027C,0.00025471217524197657,0.0,3.564411874746109e-08,0.17801264369146813,0.0,0.00012931453309781297,0.00010692450824952894,2892.5,0.9893333976014353
YCR092C,0.0033112582781456954,0.0003359421205030136,3.373671909552955e-05,0.25103522622006386,0.0003313057552648509,0.00027415369670816063,0.0005390053518275076,788.0,0.9895915474048059
YOL090W,0.0007641365257259297,2.378928338862112e-05,9.067854468872248e-06,0.22314574111365967,2.895565611652904e-05,0.0001002510776891609,0.0003327247059531652,2266.0,0.9893829384421693
YOR330C,0.0005094243504839531,8.371243971701649e-05,1.9983322181484072e-05,0.23166044029915248,0.00010034015891374542,7.980884173882471e-05,0.0002832305657776491,2696.0,0.9893524736188442
YCR034W,0.0010188487009679063,0.0004010950454425282,8.992687986219207e-07,0.22248413727971264,0.0005176134902950395,0.0001422577111996343,0.00036878338015701765,1859.0,0.9894195718560692
YGL020C,0.0012735608762098828,0.0015704451018661422,1.8514383328994462e-06,0.22249733090701973,0.001580572346170985,0.00029252710399664756,0.00026557042119711697,1716.0,0.9894371979993388
YPR072W,0.003056546102903719,0.00024244521150111652,8.669846443857788e-07,0.21936228315511422,0.0002996965168777646,0.0003276954139877975,0.0004467270560955138,711.0,0.9896053307328166
YCR028C,0.00025471217524197657,0.0,2.135292122122567e-05,0.2063564234454446,0.0,4.970891187348647e-05,0.00018199482920887953,3141.0,0.9893235583084274
YCR036W,0.0056036678553234845,0.0007715698398205079,0.0024314657398463494,0.26784498080276087,0.0006873002619417358,0.0003376331760108858,0.0005834504349819648,32.0,0.9897550597041074
YGL030W,0.01706571574121243,0.0003490989889934656,0.0860094458434943,0.27924772931565006,0.0002889101788319297,0.00045630007034012487,0.000628388677488589,3790.0,0.9492241705584321
YLR185W,0.02521650534895568,0.001461831834569048,0.10960013720350675,0.2904453081812257,0.0013837301017527999,0.0006526619425551336,0.0006360648471243678,3812.0,0.9292961710320107
YMR142C,0.025725929699439633,0.0017029603113155687,0.10865798150890467,0.2924374505911983,0.0015967927958683002,0.0007077237540082768,0.0006363220019638407,3810.0,0.9309333928093153
YLR249W,0.008660213958227202,0.0021923828435842815,0.029205922219716955,0.2812151469858397,0.00191764756219095,0.00038817783091393734,0.0006068494101065923,3678.0,0.9857033924787995
YCR043C,0.0038206826286296485,0.0011786413686305224,3.115583920735781e-06,0.22599521088333177,0.0011837912739733217,0.0003413633326331086,0.0005303877391661835,543.0,0.9896408836045102
YDL010W,0.00025471217524197657,0.0,4.249896139784724e-08,0.18356927888277674,0.0,5.752414949162302e-05,0.00017475145183078766,2981.5,0.9893273522589843
YBR220C,0.00025471217524197657,0.0,4.249896139784724e-08,0.18356927888277674,0.0,5.752414949162302e-05,0.00017475145183078766,2981.5,0.9893273522589843
YER113C,0.0005094243504839531,1.0079581885006814e-07,9.853247805139865e-08,0.19446317461827894,1.1637388702260812e-07,7.369141646511266e-05,0.00027699774698707855,2505.0,0.9893606392079958
YPL105C,0.0012735608762098828,8.529446326111453e-05,0.002341863341212793,0.24015697952282364,0.00011035534867206478,0.00010171036959064505,0.0004243843845742828,1255.0,0.98950449112892
YPR042C,0.001782985226693836,0.0005886829785156247,3.373547406823574e-05,0.26265120693630195,0.0005543046201052829,0.000197798896213321,0.0004733269827145597,1472.0,0.9894724846738978
YCR054C,0.0005094243504839531,1.8675217253984083e-05,5.105539673496579e-05,0.21764443941557363,2.573868892743756e-05,8.207792273899722e-05,0.0002635337725718569,2575.0,0.9893568724655851
YCR059C,0.0005094243504839531,7.038904138217293e-06,5.720174519610084e-06,0.22272186222753612,9.267914436279103e-06,7.28224327971164e-05,0.0002697921192588719,2720.0,0.989351880126292
YBR088C,0.0012735608762098828,0.0003420887613115344,5.166515426699441e-05,0.2435080796394778,0.00040357165005733313,0.00014143406515812105,0.0004116439362573642,1730.0,0.9894355169510639
YCR061W,0.00025471217524197657,0.0,2.737691439093988e-05,0.22239182568224017,0.0,6.474329260835993e-05,0.00018202361499746549,3252.0,0.9893219983130043
YCR060W,0.0005094243504839531,0.0,7.768837492063738e-06,0.2248979494746193,0.0,7.276348872660603e-05,0.0002735599630279442,2737.0,0.989351171177302
YCR067C,0.0007641365257259297,0.00038840368203683386,7.302330704201033e-05,0.25221648904847227,0.00040273030614497874,0.00011309298251152954,0.00034384816082429106,2283.0,0.9893819618644962
YCR073W-A,0.0015282730514518594,0.0004091504910856605,7.017731973685757e-05,0.25269211281553566,0.0004497133979086449,0.0001629938002182628,0.00044725469896145947,1589.0,0.9894559987468357
YNL209W,0.0053489556800815075,0.0044618306119070346,0.0027726234102301668,0.27964317590259175,0.004552396475844431,0.0005041932397606272,0.00057278525376733,857.0,0.9895755700707696
YCR082W,0.0010188487009679063,0.00012835470940250623,6.975589907237164e-05,0.2518102343010117,0.00013201304951376003,0.00012455003762530962,0.00038225905816671106,2032.0,0.9894036695004517
YNR034W,0.0010188487009679063,0.00010652030264703974,5.244998802317641e-05,0.24653213030324422,0.00011821764620214635,0.00011439963501084777,0.0003901320033957559,2028.0,0.9894042925161306
YCR083W,0.0010188487009679063,0.0003407898131097688,5.234644731803134e-05,0.23385517895070268,0.00034735289023584396,0.00011327714021535447,0.0003852991884661364,1910.0,0.9894138761054406
YGR088W,0.0005094243504839531,2.2210806503354764e-05,9.293775688788528e-06,0.20949036801145024,3.3234640333198995e-05,9.909004393320297e-05,0.0002510272995672636,2541.0,0.9893582176269502
YNL020C,0.0005094243504839531,5.0142085250134895e-05,2.8342484620695947e-05,0.23262275969279397,6.469984685642965e-05,9.054606869902471e-05,0.0002803287307457257,2695.0,0.9893524879804196
YNL106C,0.0007641365257259297,7.502839404550325e-05,1.4299659788260925e-05,0.23457158431291492,9.014685902365816e-05,0.0001206077714435849,0.00033984087292652105,2315.0,0.9893810806513037
YIL038C,0.0015282730514518594,0.0,3.433125884720226e-07,0.20792310840039202,0.0,0.00017518982947987424,0.0003803516313212416,1444.0,0.9894762112171318
YAL021C,0.0025471217524197657,8.264245179923014e-06,6.222731714879954e-07,0.21270891156443528,9.217939716714435e-06,0.00027115798450682085,0.00041956686547871725,899.0,0.9895675186825938
YNR052C,0.0033112582781456954,0.0016744126308556777,6.722890032683416e-06,0.24248513482098324,0.0017847521939473034,0.0003583385517185888,0.00046840586583228133,809.0,0.9895860327305919
YPR171W,0.001782985226693836,0.000533078970460441,6.028686178586943e-05,0.2548894355356708,0.0006314999582361294,0.0002205121045505909,0.0004427360115308177,1420.0,0.9894797268245624
YDR067C,0.0012735608762098828,3.244741085885052e-08,6.183832837524867e-07,0.19086237110006482,3.244741085885052e-08,0.0002371599392521596,0.00022225172876192981,1520.5,0.9894665861975007
YNL032W,0.0015282730514518594,0.0008676976072758818,7.471183068985066e-06,0.21946493279627244,0.000944328108054897,0.0002677180151033741,0.000261139368170532,1422.0,0.9894794626209015
YHL029C,0.0015282730514518594,0.00122803141947229,3.603700697039203e-05,0.22401173151143794,0.001188080071193514,0.00026372134999548037,0.0002628542013624964,1468.0,0.9894728052466631
YNL056W,0.0010188487009679063,0.0,6.101744039297774e-07,0.19085266244900928,0.0,0.0001946198450883843,0.00021462170892953112,1743.5,0.9894342866989315
YCR095C,0.0012735608762098828,3.244741085885052e-08,6.183832837524867e-07,0.19086237110006482,3.244741085885052e-08,0.0002371599392521596,0.00022225172876192965,1520.5,0.9894665861975007
YFL008W,0.0007641365257259297,0.0,3.7129564851070844e-07,0.18178161294016829,0.0,0.00017240253915716563,0.0002442986120709724,2000.0,0.9894069317792386
YIL026C,0.0012735608762098828,0.0007804138101805841,1.3130444016404009e-05,0.22232593571255474,0.0007942637484272161,0.00024128962560915153,0.00033135968890355154,1620.0,0.9894524225862202
YJL074C,0.0012735608762098828,0.0007970253156408323,1.3679034356021531e-05,0.22311920142037783,0.000799690256654416,0.00023643150388162927,0.0003380680772611158,1625.0,0.9894516388918121
YDL003W,0.0010188487009679063,0.0004980028618616377,3.713640598047114e-07,0.18179042061558573,0.0004980028618616377,0.0002462601668596411,0.0002443284566223939,1618.0,0.9894525162022553
YMR001C,0.00025471217524197657,0.0,5.0740675862143854e-09,0.15329189782174676,0.0,9.088979062785423e-05,0.00012610577216289786,2856.0,0.9893380825977686
YFL036W,0.002292409577177789,0.000716092305988127,4.360487298276313e-05,0.22728207481736576,0.0008032010602518421,0.00030798726709133355,0.00046266133973862813,1024.0,0.9895459335196359
YOR208W,0.0010188487009679063,9.816275109444136e-05,2.82543292367483e-06,0.20952546440414777,0.0001476256892311336,0.00016344470431033632,0.00035117937994959313,1839.0,0.9894236259421807
YLR094C,0.0015282730514518594,0.0016262470146056873,1.1446623986929811e-05,0.23131766282891947,0.0016869669885524602,0.00025119877830918555,0.00039678329518153915,1608.0,0.9894538592238202
YOR132W,0.0012735608762098828,0.0008423283384580627,3.4449445734191664e-05,0.22516788640011245,0.0008158690433769892,0.00019595176114756428,0.00033732295120799316,1644.0,0.9894491551972029
YOR069W,0.0010188487009679063,0.0,5.083745746382942e-07,0.18882599351208224,0.0,0.0001748421484216337,0.0002916893352204094,1739.5,0.9894345875270054
YDL017W,0.0007641365257259297,7.079638365198425e-05,3.3367449089971734e-06,0.21301081475446088,9.082939903290698e-05,0.00013195892693821276,0.0003097749646778476,2142.0,0.9893901255413636
YDR052C,0.0005094243504839531,4.11316317618273e-05,3.0858698324949406e-06,0.21452101149714545,5.610285632753511e-05,0.00010512062090644035,0.00025268028148628147,2571.0,0.9893570770312393
YHR154W,0.002292409577177789,0.0006755008503994953,1.1384057858059221e-05,0.2417975440539456,0.0007051901974699998,0.0002760503566460759,0.0004787634128460512,1097.0,0.989530692831652
YLR135W,0.0005094243504839531,9.207960318278335e-05,1.708033554100368e-06,0.2222864204683378,0.00010116745696729381,9.783937497179879e-05,0.0002763566579642039,2615.0,0.9893552938545823
YOL034W,0.002292409577177789,0.0008537288753247463,8.976587009248921e-06,0.23671750732397945,0.0007975120742105738,0.000290693447747727,0.0004370737250600975,1076.0,0.9895350406430059
YDL018C,0.0005094243504839531,0.0,4.7327047860854065e-07,0.20619765284046349,0.0,7.422658997167361e-05,0.0002679911194718845,2578.0,0.9893565609278873
YHR110W,0.0012735608762098828,1.3119611763985164e-06,9.97308404392405e-07,0.2073714967714074,3.6085889029413846e-06,0.0001283839536844383,0.00040837579073725464,1654.0,0.9894475833416289
YGL037C,0.004330106979113601,0.0014421804527656717,2.5300110855787354e-05,0.2548374985454781,0.0015549552415625306,0.0004201865941499183,0.0005542480422141972,541.0,0.9896411049739817
YGR072W,0.0015282730514518594,8.855555035322127e-05,0.0038629045567000735,0.26186296001431275,0.0001045066578203997,0.00010968787553066902,0.00045499362494679565,1170.0,0.9895188659446513
YNL035C,0.0005094243504839531,2.9172601081991053e-05,1.359418127266474e-05,0.24697027982392536,3.55787769781647e-05,8.775685006351798e-05,0.0002794236726991727,2830.0,0.9893472580639237
YNR017W,0.0053489556800815075,0.0007731649779291594,0.0015082134839196845,0.26817043035416155,0.0007284575648246867,0.00034625047073113646,0.0005800488196866401,82.0,0.9897292390398125
YDL021W,0.0005094243504839531,0.0,6.466336024512505e-06,0.229086121082249,0.0,7.826394617505113e-05,0.00028525167202421393,2764.0,0.9893502618465579
YNR029C,0.0015282730514518594,0.001306568447715337,0.0001245117647612394,0.2727120577907453,0.0012969368601075256,0.00018197438438584125,0.0004517436097911327,1662.0,0.9894462980418058
YFR029W,0.00025471217524197657,0.0,6.392610994343567e-05,0.21392168829950817,0.0,5.429916244368505e-05,0.00017782029728554257,3060.0,0.9893249374567366
YER067W,0.0007641365257259297,3.516003691861831e-05,1.5124978465310794e-06,0.22735093565321904,4.027775012766374e-05,0.00010199983064819774,0.000338374375270822,2307.0,0.9893811895155791
YLR373C,0.0020376974019358125,0.0007936667595447934,3.0015071684140103e-05,0.24439633214467651,0.0008300467473726974,0.0002491964230401293,0.00046066031826707204,1231.0,0.9895079138329681
YMR104C,0.0005094243504839531,2.0803767260539264e-06,7.871149752308194e-07,0.2159905872480038,1.8964243199261975e-06,8.20080103461577e-05,0.0002797340402621473,2646.0,0.9893539954708946
YNL183C,0.0025471217524197657,0.0004509363323789227,1.3760018820709128e-05,0.25530569482070453,0.0005039470877415777,0.000268026146119203,0.0005087558460590682,1065.0,0.9895378637626985
YNL161W,0.0053489556800815075,0.002423199177643793,2.9990640196554026e-05,0.26422341486514606,0.0025476491928078096,0.0005267324678018695,0.0005705654908423999,529.0,0.9896434353825633
YOR276W,0.0028018339276617422,0.00010235417503243051,1.661870670392333e-05,0.23178924390468114,0.00010199790466568014,0.0002713835611568341,0.0005132357319216517,882.0,0.9895709598287591
YOL139C,0.0028018339276617422,0.001227270960678936,0.0009522750964859019,0.25675579902039786,0.001195117329589729,0.000250694545782353,0.000518124768253116,793.0,0.9895905857311543
YPL180W,0.004584819154355578,0.0011360745409859355,3.4269608877004784e-05,0.26314858262625007,0.00118835445266127,0.0004507159193843039,0.0005630274969350968,483.0,0.9896536788515287
YPL260W,0.00025471217524197657,0.0,5.0343456612582025e-08,0.18841824391528517,0.0,6.453389312594988e-05,0.00016385514930629584,2993.0,0.9893267071252294
YOR093C,0.003056546102903719,0.0003439284852560913,5.614078424417553e-06,0.2399419640010919,0.0003655917598700188,0.00030192800582669506,0.0005244584057007178,810.0,0.9895856362281701
YJL165C,0.001782985226693836,1.3849609118942213e-05,1.4146554584728995e-05,0.22422593026265905,1.596760346018308e-05,0.00019121815785794237,0.0004585133856896401,1357.0,0.989489795073496
YPL055C,0.0028018339276617422,0.00034492687732455145,2.504395836112073e-06,0.23609190102473407,0.00037581987280034936,0.0002842408301235288,0.0005159035430809029,881.0,0.9895710543307151
YJR041C,0.0025471217524197657,0.0004830119629965102,0.0001528273043205192,0.245018774314966,0.0005199797167452009,0.00020658746209762524,0.0005044787697048196,997.0,0.989550219475168
YDL028C,0.0005094243504839531,0.0,4.5978904906517877e-07,0.20924502208940238,0.0,0.00010544208057249138,0.00023866001245010892,2566.0,0.9893573879883539
YPL158C,0.0010188487009679063,0.0003945464274346329,9.355347522882207e-06,0.24757324256582472,0.0004076356186230389,0.00016966310157149795,0.0003546999668862252,1978.0,0.9894086462560693
YDL027C,0.00025471217524197657,0.0,1.5523825338352431e-06,0.21529652212572867,0.0,7.167202626834026e-05,0.0001824267260257172,3240.0,0.9893221179945637
YDL033C,0.0005094243504839531,3.641041673589581e-05,4.6020943534009485e-05,0.22925409330838775,4.043692796255282e-05,7.757518463332014e-05,0.0002791089867905452,2674.0,0.9893532489672048
YDR227W,0.00025471217524197657,0.0,2.7169836428327235e-07,0.18729894624026927,0.0,5.7081721221636765e-05,0.00017244071430186445,2999.0,0.989326495286361
YFR028C,0.004584819154355578,0.0009183973391814357,0.00010188298574048965,0.25113604357999153,0.0009681000399090289,0.0003169520396228278,0.0005631221523486655,435.0,0.9896621230770627
YJL148W,0.004839531329597555,0.0003720122676527392,0.00010774995639453342,0.2558279347528347,0.0003931521468218351,0.00029019559498495273,0.0005670363053319459,420.0,0.9896661752060155
YJR063W,0.0053489556800815075,9.785086204895688e-05,0.00011015971180916474,0.2511024287970201,8.132731029607279e-05,0.0003243814087357371,0.0005726097067316775,321.5,0.9896834912434465
YMR270C,0.004839531329597555,0.0016462929474716447,5.089607932213274e-05,0.2595263533987047,0.0017335293348875367,0.00037669394131843693,0.0005582578422793516,486.0,0.9896532942654506
YNL248C,0.0056036678553234845,0.00014783506476691974,0.00027542058846743257,0.25456085834080155,0.00011990773490571983,0.0003347705068959941,0.0005759201561962387,258.0,0.989696993726926
YOR341W,0.0053489556800815075,9.785086204895688e-05,0.00011015971180916474,0.2511024287970201,8.132731029607279e-05,0.0003243814087357371,0.0005726097067316751,321.5,0.9896834912434465
YOR340C,0.006367804381049414,0.0029076647402720584,0.00032694915977107727,0.2776976160968895,0.0030036468217223833,0.000439635828836489,0.0005834367955272505,487.0,0.9896522859449978
YPR010C,0.006367804381049414,0.0005632745487111295,0.00011307249207282757,0.2523182576385389,0.000549295493070314,0.00040822246175750243,0.0005825845477996565,154.0,0.9897132893741903
YDL044C,0.0005094243504839531,0.0004980028618616377,6.7634192193140085e-06,0.2242393312864615,0.0004980028618616377,0.00014803624732595268,0.0001810139245327193,2476.0,0.9893629845907895
YLR139C,0.00025471217524197657,0.0,9.239018994825891e-08,0.18240908605596157,0.0,0.00010102329794001103,0.0001068212084430027,2927.0,0.9893303125733087
YDR110W,0.0010188487009679063,0.00014828619411833222,8.425669675797503e-06,0.2352923925175639,0.00018385808087876488,0.00011194423398306738,0.00039211738984190186,1987.0,0.989408083935758
YDL046W,0.00025471217524197657,0.0,9.879162538742687e-07,0.20818846360476495,0.0,6.481729992715187e-05,0.00017078323655763278,3205.5,0.9893228775304884
YFR040W,0.0007641365257259297,1.4856738091901758e-06,2.2796719048224526e-06,0.21736704079051467,2.0469315548251225e-06,0.00012406768511449124,0.00030777674612126655,2212.0,0.9893857106557903
YKL195W,0.0010188487009679063,0.00029299347252601546,5.316161516839821e-05,0.24229722254343392,0.0003293810153870301,0.00013798820890734072,0.0003759039716559325,1946.0,0.989410701636397
YMR028W,0.0007641365257259297,5.914912073674659e-06,1.8310017719704667e-06,0.21595329176269565,6.4051331865108276e-06,0.0001034716164612636,0.000335710904690248,2222.0,0.9893852397479068
YBR234C,0.009424350483953133,0.00533402439527614,2.3584703210935723e-05,0.26944147153214176,0.005484807629097242,0.0009101009800053835,0.0005936619604458163,1861.0,0.9894193306433929
YDL048C,0.0010188487009679063,0.00018980659424232534,1.850654005485287e-05,0.2533746955081762,0.00021980841772876802,0.0001382344333014951,0.00038430103257339876,2046.0,0.9894024328548893
YKL154W,0.001782985226693836,0.0008146794046652405,0.0010959378995376169,0.24948284401124235,0.0008228575321365363,0.00019145326894990451,0.00045034724820226254,1124.0,0.9895249112045711
YAR002W,0.0020376974019358125,0.0010518397822850206,1.143776781858443e-05,0.2514389821126574,0.0010437625703098776,0.00023272348577511734,0.0004786732450052055,1297.0,0.9894996627135385
YBR264C,0.0005094243504839531,1.6456744949313797e-05,2.4715713507844328e-06,0.2304651407300414,1.1412853093898266e-05,7.764281374939426e-05,0.0002857448770103967,2769.0,0.9893499723314005
YBR159W,0.0028018339276617422,0.00041887046904679333,1.2731071175947845e-05,0.24872207431787033,0.0004374769574019325,0.0002494732281800895,0.0005188328523736933,946.0,0.9895596258326634
YER182W,0.0007641365257259297,0.0003329669588306963,2.4385660550408884e-05,0.25155698901006196,0.00034091617421340333,0.00010999957834411121,0.0003480240650965364,2354.0,0.9893789908582693
YJL178C,0.0007641365257259297,0.0003522321433920607,6.993153433172123e-06,0.23147464316645527,0.00036608554281611995,0.0001114004575188711,0.00032198652745149276,2210.0,0.9893858941060912
YJL082W,0.00025471217524197657,0.0,1.3536328543717412e-06,0.22180021820082016,0.0,5.845392071170877e-05,0.0001835709781330971,3342.0,0.9893202641813057
YJR095W,0.0005094243504839531,0.00020707849313013528,0.0017811079547968038,0.24857377044422113,0.0002615737116854289,6.432872159983973e-05,0.0002877739417569969,1911.0,0.9894138517899507
YKR001C,0.004075394803871625,0.000770636536336065,5.81292308633357e-05,0.26327783952600337,0.0007752577652128405,0.00036810980365922547,0.0005546317689750072,587.0,0.9896305324066809
YLR211C,0.0005094243504839531,9.089745469563228e-05,1.7847186793592785e-06,0.22573686848475263,8.962251409751697e-05,9.112813336108416e-05,0.0002789825569820364,2654.0,0.989353756068294
YLR335W,0.0010188487009679063,0.0,3.6439145870687728e-06,0.23573589413703655,0.0,0.00012812071561738193,0.0003852367419442776,2023.0,0.9894049799525219
YMR015C,0.0005094243504839531,0.00022621963412820537,7.318059738328876e-06,0.24425314049118377,0.00024397128741837903,8.527643206521611e-05,0.00028660392729367394,2733.0,0.9893512981047627
YMR209C,0.0007641365257259297,0.00018067377431680868,1.1716158759610356e-05,0.23504181488974968,0.00020689248813782497,0.00010230223988009399,0.00034793658851208674,2286.0,0.9893819160443608
YOR219C,0.0007641365257259297,0.0002559384067006125,1.6228043054945495e-06,0.2278479681232206,0.0002890573054390378,0.00011977839408386593,0.00033089120404283193,2198.0,0.9893864281608882
YPR114W,0.0005094243504839531,0.0,1.912545586916914e-06,0.23029538982844794,0.0,7.473972272365115e-05,0.0002865482888763675,2787.0,0.9893494890084339
YGL035C,0.0007641365257259297,0.0,1.0877513303062321e-05,0.23012588880551238,0.0,0.0001118810100844295,0.00034689467179900254,2328.0,0.9893802587915146
YML117W,0.0012735608762098828,0.00011917463232767086,2.8115185006809732e-05,0.23400102850723925,0.00013705222025933136,0.00014547853485480307,0.000419582720798086,1725.0,0.9894361866030794
YDR098C,0.0020376974019358125,0.001834067878940339,4.586850976238617e-05,0.25023159204248857,0.0017894460861245824,0.0002888345680418041,0.00044351733020850354,1373.0,0.9894876930818686
YER174C,0.0012735608762098828,0.0002950346307807463,1.6677896278614436e-06,0.22645898666616815,0.00038323405366055846,0.00021762281320338944,0.00038230141232599636,1660.0,0.9894464922072108
YKR071C,0.0007641365257259297,0.0004980028618616378,6.345567677062703e-07,0.19927621048890343,0.0004980028618616377,0.0001946990495225714,0.0002257018137956114,2007.0,0.9894062848532991
YDL055C,0.0053489556800815075,0.0021704603947514368,8.142025582098415e-05,0.26560756697473265,0.002240911077864733,0.0004632081893917088,0.0005762088132562272,472.0,0.9896552574037081
YBL016W,0.0012735608762098828,0.00010787844390770371,4.695703913719658e-06,0.23327359432262335,0.00014342281958180128,0.00014353995843586852,0.0004144612849714525,1732.0,0.9894351935905654
YCR088W,0.0038206826286296485,0.002085769347221503,7.080780159939659e-05,0.26279838138860223,0.002093370062018986,0.00045345690727892005,0.0005332112827647603,758.0,0.9895968714060712
YGR040W,0.0007641365257259297,0.00021780905344696467,1.1761989715142752e-06,0.210808657775316,0.00024516165833092204,0.00011426479044495961,0.0003156920942731441,2110.0,0.9893929809887352
YMR316W,0.001782985226693836,0.0003544532787917774,4.333613782418463e-06,0.23957426033363602,0.00040080207293354334,0.00020945190367644613,0.00045873564957264886,1386.0,0.9894851800991448
YOR122C,0.0020376974019358125,0.00018008947602808092,5.990215865590108e-05,0.25586282672429583,0.0001845667966088362,0.0001773747173654486,0.0004915606564294766,1340.0,0.9894934176906652
YNL222W,0.004075394803871625,0.0005865450281360478,8.059707587568996e-05,0.2557756146352903,0.0006581823515325075,0.00035106398408453325,0.0005357301836873852,565.0,0.9896369212957421
YML028W,0.0053489556800815075,0.001990035681744859,5.974445413458248e-05,0.2717835922553476,0.0020288407507200977,0.0004289087377225513,0.0005768680981651234,463.0,0.9896574386501429
YDL058W,0.00025471217524197657,0.0,1.7862536572705333e-10,0.14077111361141612,0.0,0.00012681249060484008,7.65251796977177e-05,2832.0,0.9893455198301784
YDR326C,0.0005094243504839531,0.0004980028618616377,1.3089735031401475e-08,0.1644447971197876,0.0004980028618616377,0.00020664319469482746,0.00010833538668965978,2127.0,0.9893911446381827
YDL056W,0.0005094243504839531,1.751384744308203e-05,0.0019267288734608394,0.2476712978470575,2.284962417342346e-05,6.586586977180641e-05,0.00028759976419053765,1916.0,0.9894133575098066
YDL059C,0.00025471217524197657,0.0,2.5722428033515517e-08,0.1737346032174974,0.0,7.693715160743777e-05,0.00014474438662002623,2920.0,0.989331006315427
YML032C,0.0010188487009679063,0.0004980028618616377,1.8861391135580481e-06,0.21127160825975977,0.0004980028618616377,0.0001816990625776241,0.0003255493627333124,1803.0,0.9894285033586315
YDL064W,0.00025471217524197657,0.0,1.9097000435176503e-08,0.16746886676866068,0.0,9.585615729656203e-05,0.00010654528376514412,2885.0,0.9893339179639181
YDR510W,0.0005094243504839531,0.0004980028618616378,1.400397584771547e-06,0.20207747568724477,0.0004980028618616376,0.00013512021071044288,0.00018022302542175202,2440.0,0.9893695364704294
YDL063C,0.0005094243504839531,0.00010765380312831733,4.6178155550298605e-05,0.2527942656707367,8.807699288776173e-05,9.087954880309959e-05,0.0002868682263263117,2804.5,0.9893489884806916
YDL065C,0.0005094243504839531,1.5655808171960592e-05,2.2678405126321538e-07,0.19494817058532027,2.18224354113343e-05,0.0001191584848216356,0.00022595927459375016,2469.0,0.9893638436296427
YDR424C,0.002292409577177789,0.0007073446040224922,6.559326269174841e-06,0.22751637202626124,0.0007550006564634918,0.00033977181872839194,0.0004431291364760763,1028.0,0.9895454773596103
YMR163C,0.0005094243504839531,0.000251246146017201,1.0061694484733936e-05,0.22422593026265905,0.0002518883247663205,0.00011503562214237657,0.00023665753604044267,2529.0,0.9893589138085894
YIL115C,0.0007641365257259297,0.0,1.3649962249844525e-06,0.21183223188149694,0.0,0.00012058447640744996,0.00031735180239196657,2174.0,0.9893878718112781
YDL074C,0.001782985226693836,0.0007916651505229855,3.151721062497691e-05,0.24978180487884122,0.0008836557543112061,0.00020040852503626073,0.0004711683545707622,1413.0,0.9894806875397162
YDL078C,0.0005094243504839531,2.1322917233932338e-05,8.541781231756058e-06,0.22648632687945633,2.6441228663885698e-05,7.843546818671199e-05,0.00027534784461760524,2724.0,0.9893516771020668
YGL043W,0.0012735608762098828,0.00025495893404298093,0.0035692946412758477,0.2515907256142341,0.0002724607997467446,0.00010214925568234547,0.00042854021604670905,1252.0,0.9895049521859663
YGR208W,0.001782985226693836,0.00044692279677382106,0.00017486427746535774,0.25351165480304555,0.0005038304472681312,0.00017541921947317838,0.0004598362558815772,1397.0,0.9894832951704637
YDL175C,0.001782985226693836,0.0003272542714797006,0.004147380274346004,0.2527772344596829,0.00035937961377071476,0.0001033952166126039,0.0004744705082454408,1034.0,0.9895445216818035
YOL115W,0.0012735608762098828,0.00032079102757619953,0.00017920242076451302,0.24114483521338606,0.00040279776790104965,0.00012598115850943903,0.0003999976509598231,1677.0,0.989442322298252
YDL082W,0.01935812531839022,0.0014827700822271786,0.07993648797469967,0.2833816080879965,0.0013429981718804777,0.000555716343433975,0.0006313152515604323,3779.0,0.955375401564658
YBL045C,0.011716760061130923,0.001474114024508051,0.004356114693335194,0.26641855365228106,0.0013490243861826996,0.0006098886537465825,0.0006092448565758079,401.0,0.9896699928699574
YGL222C,0.0028018339276617422,2.8809026729471696e-07,0.015547513289393945,0.24396725997041901,2.888657610648904e-07,0.00010213001383329135,0.0005301718437821478,3595.0,0.9883489968753961
YIL009W,0.001782985226693836,0.0013080876164248717,0.0025427590730774372,0.2564749805923217,0.0013323895423347854,0.0001899366719131979,0.00046616085397824383,1021.0,0.9895461478485045
YNL186W,0.00738665308201732,0.0015339959735659668,0.026771352346026362,0.27823303604635324,0.0013419505926112487,0.00026039223083545917,0.0006001167305793475,3660.0,0.9863613283469622
YGL234W,0.001782985226693836,0.00020163136155755602,5.0725850990047574e-05,0.2544227633474655,0.0002062368239823508,0.0001725192154483073,0.0004709323337611324,1463.0,0.9894733692215036
YHR030C,0.0007641365257259297,3.962864386560724e-05,2.1431280036023008e-05,0.2282638249732356,5.5700849380030935e-05,0.00010807727921654987,0.0003310480888237245,2274.0,0.9893824867212833
YPR088C,0.001782985226693836,8.174808832456293e-05,0.0012793724659489034,0.24102090904381537,0.0001008605852352207,0.00012910478377982653,0.00046925728974197027,1109.0,0.9895284691940228
YGR234W,0.0007641365257259297,2.9298930137565845e-05,3.93447533466985e-06,0.2330562451757919,4.053844457976091e-05,9.475109735896837e-05,0.00034703576944413264,2360.0,0.9893786543866814
YLR056W,0.003056546102903719,0.0005603401231984667,6.909193021102657e-06,0.24447595563205016,0.0005942589800716897,0.00028402628750629334,0.0005297555345078087,826.0,0.9895825126445248
YML120C,0.002292409577177789,0.0003558940422452502,1.569488452460352e-05,0.24508279385231393,0.00038571699548510947,0.00022077948451248563,0.0004997954859814895,1136.0,0.9895237734628585
YNR060W,0.0015282730514518594,0.00019666836976732263,3.5486504383039904e-05,0.23001302667269946,0.00022967201070820038,0.00016930674937666351,0.00043447908377151266,1522.0,0.9894662350657907
YFL023W,0.0056036678553234845,0.0008920741830146908,0.00012527878453380548,0.25330627133979705,0.0008931102199165746,0.0003409121073255614,0.0005777988829571464,264.0,0.9896960639738054
YER139C,0.004330106979113601,7.137463942769584e-05,0.00016216783882188465,0.24582143032726686,7.497715807588964e-05,0.00025866571003150846,0.0005617938619955386,497.0,0.98965026990386
YLR243W,0.001782985226693836,8.18926698376585e-05,8.053632242903638e-05,0.25196242637063154,7.664709440972022e-05,0.000144850414452463,0.0004752263103345206,1469.0,0.9894727874243048
YOR262W,0.0010188487009679063,2.8891954191909698e-05,1.628402511053434e-05,0.22757157100048972,3.832549395321823e-05,0.00010247004615083138,0.00038624761416535826,1975.0,0.9894090145236891
YKL181W,0.003565970453387672,0.0010689524267242015,1.230354334462937e-05,0.25150640106482597,0.0010780013211227138,0.00031876190142972956,0.0005427800714321997,700.0,0.9896073702426254
YPL155C,0.0012735608762098828,0.00012896623591192888,1.0031683949837037e-05,0.24055731814355796,0.00013628529727089425,0.00015318430765371788,0.00042419610390646904,1768.0,0.9894320266764726
YOR188W,0.0007641365257259297,6.497049339291306e-05,1.1637133553807742e-05,0.2375117105200401,7.127157336444838e-05,9.979792577705355e-05,0.0003457144109012163,2365.0,0.9893784108079328
YLR248W,0.0007641365257259297,0.000184069861180433,7.105836628240494e-05,0.24532316536452686,0.00021435352310693163,0.00010045442417406122,0.00034590776457916003,2311.0,0.9893811082235172
YOR173W,0.0005094243504839531,0.0,2.2246097919269417e-05,0.23498293299211334,0.0,7.972201497954836e-05,0.00027392967243987013,2782.0,0.9893495821685835
YMR205C,0.0025471217524197657,0.0009465092079855208,0.0006101449896504889,0.26454011782310327,0.0010094452948084208,0.0002149926080706437,0.0005161668415849497,977.0,0.9895546918850644
YDL085C-A,0.00025471217524197657,0.0,3.6148816998036675e-06,0.20228447763020668,0.0,6.877843017997537e-05,0.00017565942718943868,3087.0,0.9893244091745218
YGR082W,0.0015282730514518594,6.839373318439225e-05,0.00014164462290260413,0.23876622700045017,8.171816906076049e-05,0.00012864988906949922,0.00044917293687483695,1553.0,0.9894611630934506
YDL089W,0.0005094243504839531,0.0,8.700082546270776e-06,0.22619958347411068,0.0,8.420797224045258e-05,0.00026765635209799167,2728.0,0.9893514890837277
YML034W,0.0012735608762098828,0.000102905187083677,3.0380073463790387e-05,0.23875103347661938,0.00011413869180571663,0.00015341677941745297,0.0004084875544628255,1748.0,0.9894336395183343
YDL090C,0.0007641365257259297,0.00022461063221089185,2.3664086677071363e-05,0.22968916382522644,0.0002465308268070784,0.00013572785805546016,0.0003138096622795871,2187.0,0.98938717434529
YPR109W,0.00025471217524197657,0.0,8.519267302662563e-09,0.17936573721603757,0.0,0.0001178581155514212,0.00010678615920298576,2908.0,0.9893322409329625
YKL034W,0.00025471217524197657,0.0,8.519267302662563e-09,0.17936573721603757,0.0,0.0001178581155514212,0.00010678615920298579,2908.0,0.9893322409329625
YML105C,0.0038206826286296485,0.0012740730765360363,0.0011527752004765863,0.2557756146352903,0.001359953676728094,0.0002995462452195112,0.000549307525743132,451.0,0.9896596810852893
YPL243W,0.0025471217524197657,0.00027267809393021907,0.006469773810204873,0.2608434712934562,0.0003297994234317854,0.00016392834160545733,0.0005137927440730647,1073.0,0.9895352560211714
YMR029C,0.003056546102903719,0.0011658693913958597,6.42616276378363e-05,0.23936028651260438,0.0012512708446077011,0.00032653603354135957,0.0004787886041862481,802.0,0.9895876652761662
YNL212W,0.0033112582781456954,0.002196594756514746,5.418667780824452e-05,0.2566855367780717,0.002202433377162857,0.0002999716452232275,0.0005348961250558226,951.0,0.9895591913232926
YDL097C,0.00967906265919511,2.8684993815257324e-05,0.00013184238953857692,0.25879241902918154,2.289326009066037e-05,0.0004082122968923714,0.0006012102689794154,396.0,0.9896718163830827
YDR363W-A,0.00967906265919511,0.001465657227552474,0.0001519069232951551,0.2631670401266097,0.0015271798656856773,0.0004752498629978037,0.0006014512195528768,344.0,0.9896802852502968
YDL147W,0.011971472236372899,0.00354573078212898,0.0002155915300026654,0.2724348308949371,0.003550504428753148,0.0006299818940390185,0.0006075176600802999,1212.0,0.9895102227009819
YDR427W,0.013245033112582781,0.003604235704597024,0.000462064435089088,0.28140497195567943,0.0035032328788930883,0.0005889867980568045,0.0006143484347228193,1471.0,0.9894727443879211
YDR394W,0.011462047885888945,0.002354993394260011,0.00017540444770821524,0.26949953247271036,0.00243309912218934,0.0005394770126793961,0.0006094305148245618,786.0,0.9895918136374295
YEL037C,0.010188487009679063,0.001987265316002787,0.00016477041163517244,0.26890077338816554,0.0018486495036581772,0.00047492389695983424,0.0006068397443766429,448.0,0.9896603518695298
YFR004W,0.009424350483953133,2.3674734932679964e-05,0.00015575269927914245,0.25888170089595486,1.9736683068765828e-05,0.00039696646743163583,0.0006002090604021886,341.0,0.9896806682730591
YER021W,0.010443199184921039,5.922569343445144e-05,0.0001632881528393361,0.2624858325930512,4.732987227323585e-05,0.0004383462055452074,0.0006038972498067725,494.0,0.9896508998175084
YFR010W,0.018848700967906265,0.003463760926410137,0.00023731780087247158,0.2727517076973738,0.0034301799095384083,0.0007117985705905144,0.0006242340260504896,3553.0,0.9888267413048943
YDR159W,0.0007641365257259297,0.0002124076228351428,1.506844735652826e-05,0.23424939071518225,0.00024185612620885113,0.00010470221079708857,0.0003323858751233879,2262.0,0.9893830722180964
YJR084W,0.0005094243504839531,1.854448357659061e-05,2.2537146476490754e-06,0.2171029100269109,2.100111271088205e-05,8.658661232355917e-05,0.0002571167888821144,2637.0,0.9893544215927333
YDL216C,0.0007641365257259297,4.073643513287622e-05,2.9915304016678437e-06,0.2131076048554512,4.5093098939670235e-05,0.00011269557112988402,0.0003009199617727746,2172.0,0.9893880138663749
YDR179C,0.0012735608762098828,4.6255421039738376e-05,3.3283274878623497e-06,0.21731668063047055,5.445312233566231e-05,0.00017263376763225377,0.00036117509415956804,1668.0,0.989444889905104
YER180C-A,0.0007641365257259297,4.073643513287622e-05,3.2427584326218625e-06,0.21729150930011432,4.5093098939670235e-05,0.000110490459874134,0.00031162784792981526,2207.0,0.9893860542769932
YMR025W,0.0007641365257259297,0.0,3.2823278500990918e-06,0.21729150930011432,0.0,0.00010620386406555097,0.0003170628837629413,2236.0,0.9893847318282794
YOL117W,0.0020376974019358125,0.0010715660891408951,2.173910160849388e-05,0.24500277465620174,0.0011600153393315489,0.0002556503283336764,0.0004472471293650193,1254.0,0.9895047353060861
YNL026W,0.0005094243504839531,1.1067713890761136e-05,4.254609985867606e-06,0.22600882423258079,1.1535519527634589e-05,7.263325038380259e-05,0.0002777595108253677,2740.0,0.9893509436607103
YER162C,0.0012735608762098828,0.00032139258871143273,4.890605560758685e-05,0.2491184178397898,0.0003220935409472322,0.00011764955634361855,0.00043094086910801206,1779.0,0.9894305672251169
YPL096W,0.0012735608762098828,0.0004517855119569275,0.00010819624936093033,0.2554621427851211,0.0005131692127445667,0.00012730690743423034,0.0004270368100138548,1766.0,0.9894322562786176
YMR178W,0.0007641365257259297,2.7841590535979664e-05,4.284942606620375e-06,0.23069186492161053,2.838599447116982e-05,8.760447463700918e-05,0.00034581037760618053,2353.0,0.9893790219075487
YNL181W,0.00025471217524197657,0.0,1.0055752262284699e-06,0.19784710457103322,0.0,4.930939931238237e-05,0.00017987724729094423,3122.0,0.9893238757955912
YLR430W,0.00815078960774325,0.00236157859885534,0.012284710297861977,0.2859735130400209,0.002179276482982177,0.0003845376253680244,0.0006031311324287646,3424.0,0.989315534700712
YGR156W,0.0038206826286296485,0.00033926967517642205,8.096674402815659e-05,0.2509512735659872,0.0003600614767310865,0.000319148972639083,0.0005287115271638223,615.0,0.9896248655950328
YML080W,0.0007641365257259297,4.772875845263695e-05,1.1018552514605047e-05,0.23400102850723925,5.395509377563969e-05,8.998078943748086e-05,0.00034612754271659877,2357.0,0.9893787822096991
YDR517W,0.0010188487009679063,0.0005955654239514169,0.0014490047280869387,0.23392808099539086,0.000620482657432613,0.00016609775285141685,0.0003401064418996242,1453.0,0.9894749664058183
YPR181C,0.001782985226693836,0.00022864971225026374,7.310338415584199e-05,0.23878142245816036,0.0003122777547147144,0.0002455260757059496,0.0004333179779555262,1356.0,0.9894898298013726
YDL099W,0.00025471217524197657,0.0,1.9758700176090778e-05,0.18876899230655433,0.0,7.350070576742855e-05,0.00014755234312992558,2951.0,0.9893284770441942
YER083C,0.0005094243504839531,0.0,2.5596457791623294e-08,0.181263466403453,0.0,0.0001538699470852207,0.00015815745500577605,2426.5,0.9893710718205292
YDL100C,0.0005094243504839531,0.0,2.5596457791623294e-08,0.181263466403453,0.0,0.0001538699470852207,0.00015815745500577605,2426.5,0.9893710718205292
YDL102W,0.0012735608762098828,0.0011686412172810265,1.6705996442916762e-05,0.24289327967146201,0.0011881385939804174,0.00022615710120877546,0.0003670465046677192,1723.0,0.9894362207184436
YOR109W,0.0015282730514518594,2.7934682925393398e-05,1.9213887928555762e-05,0.24134648726907718,3.550348960551789e-05,0.00016321262761178514,0.0004490248801834302,1604.0,0.9894541160804168
YLR189C,0.00025471217524197657,0.0,2.2812474024994984e-07,0.19456401633919695,0.0,7.658300030544008e-05,0.0001524053277199743,3011.0,0.9893261524474005
YJR006W,0.0007641365257259297,0.0005265628797718477,6.137757800549719e-07,0.2024263550625883,0.0005370918504932964,0.00019387128116670052,0.00024509867166519234,2026.0,0.989404709210407
YJR043C,0.00025471217524197657,0.0,8.374457029669248e-09,0.16770840743273172,0.0,9.364358809525138e-05,0.0001263106391052061,2888.0,0.9893337959819538
YDR288W,0.0015282730514518594,3.278715196993394e-05,1.052415638222068e-06,0.20727984592481485,4.593637913923437e-05,0.00021891416926780557,0.0003638002443616291,1416.0,0.9894803758216084
YER038C,0.0015282730514518594,0.0005211883265845353,1.7453091631408848e-05,0.23778265359560644,0.0005706264297890148,0.00021267286961164093,0.000397822473997196,1527.0,0.9894658830182068
YLR383W,0.0025471217524197657,0.0010582437773796764,1.1818341461418308e-05,0.23691181985761658,0.0011453349304932992,0.0003329877479833162,0.00044261109832514445,982.0,0.9895537279400309
YDL105W,0.0012735608762098828,9.775046886153655e-06,8.174351788892274e-07,0.20151310441404338,1.3325750900457813e-05,0.00018779326935124433,0.00034195353493775776,1594.0,0.9894556522224789
YEL019C,0.0010188487009679063,0.0,3.099267705661452e-07,0.19830721411654725,0.0,0.00015730912274626005,0.0003199089206577561,1819.0,0.9894270411536225
YML023C,0.0007641365257259297,0.0,5.223775565342202e-07,0.2051267011691583,0.0,0.00012434841431474368,0.00029982142770502046,2126.0,0.9893911681538972
YDL106C,0.00025471217524197657,0.0,9.192159233871415e-06,0.1879651566096425,0.0,6.982861464210124e-05,0.00014540025361166518,2975.0,0.9893276969382867
YDR311W,0.003056546102903719,0.0004957499535027819,7.260684164746966e-06,0.24556400884122478,0.0005408590410101268,0.0003263069598875351,0.0004939324060774199,822.0,0.9895833849944191
YER171W,0.0020376974019358125,0.00044426536093409923,4.584090322746828e-05,0.2522843256512287,0.00041677570490843136,0.00021823642444591092,0.00046417191247157344,1291.0,0.9895004370938288
YDR460W,0.003056546102903719,0.0013426974941076488,7.063268244284266e-05,0.2712726839046399,0.0014525707598836853,0.0003115419330006823,0.0005126359873605448,940.0,0.9895601785976839
YIL143C,0.0025471217524197657,8.201399293717857e-05,3.064099687324826e-06,0.23279596023360885,9.180809254861483e-05,0.00028538994926920994,0.00046308780287148234,990.0,0.9895514577812142
YLR005W,0.0015282730514518594,1.0057867102827163e-06,1.0616274076012652e-06,0.21661408065845356,1.4212388026139784e-06,0.00018650025258590652,0.0004050839741535365,1490.0,0.9894703072340527
YKR062W,0.003565970453387672,0.00229932359850466,0.00012720751112117466,0.2773691499286666,0.0023519362495075485,0.00033555688546256437,0.0005395316087316059,916.0,0.9895641401591545
YPR056W,0.0020376974019358125,0.0004155227508997712,4.5643438661720077e-05,0.24259488497899093,0.0004274710231295095,0.00022932396470327218,0.00046005755238554317,1230.0,0.9895080040783348
YPL122C,0.0028018339276617422,0.0013991339972935705,1.5253607638851446e-05,0.2566153129803074,0.001483727918051405,0.0003213245522635346,0.0004865160264832676,994.0,0.9895506142548375
YPR025C,0.0025471217524197657,0.00022854046797290162,5.626954446319961e-06,0.23899436213039518,0.00026241450576895546,0.00028047953215147364,0.0004761814851715004,1008.0,0.9895488115872055
YDL108W,0.0020376974019358125,0.0001082478897820356,2.0899467166871347e-05,0.24461940872897864,0.0001258416267727676,0.0002280291866451347,0.00045395249885733763,1283.0,0.989500808245498
YOR352W,0.0012735608762098828,0.00012062687026468334,1.1425905231515833e-05,0.23615134007333044,0.0001428220438401712,0.0001588041026941169,0.00040122719714935087,1737.0,0.989434843649888
YHR135C,0.0028018339276617422,0.0004767762441892277,4.827573681456168e-05,0.2552535880730032,0.0005335016551439404,0.0003002443472301132,0.0005164566293605708,952.0,0.9895590277865441
YDL113C,0.0005094243504839531,8.717101959822755e-05,1.8751609864664317e-05,0.2357062753540064,0.00011270203542820988,0.00011123502121761447,0.000258377458399675,2679.0,0.9893530911170584
YJL036W,0.0010188487009679063,0.0009154802094284432,8.457018740227383e-06,0.24111384172515096,0.0009865841023926033,0.00021970537137716933,0.0003213762380047085,1907.0,0.9894143776889318
YDL115C,0.008405501782985226,0.0002535948555582169,0.0004493553271983668,0.27017876366998445,0.0002282039125529328,0.0004455252128279481,0.0006008871718263913,93.0,0.9897258781588032
YGL130W,0.007641365257259297,0.0064883067206902255,0.0002796698504052077,0.28467166093209967,0.00683529215117795,0.0005264844718584976,0.0005980633413031579,3426.0,0.9893095955985386
YGL070C,0.007131940906775344,0.00016211766053277144,0.0004791573861461018,0.2682471216905036,0.00014194000048310112,0.00037985617436510106,0.00059353295708669,98.0,0.9897249996624669
YJL168C,0.005094243504839531,1.0379494479223606e-05,0.00027070275945984966,0.26075283140489774,7.807006518762287e-06,0.0002748014510592214,0.0005747076029553796,393.0,0.9896721357389787
YML010W,0.009169638308711156,0.002097731700802651,0.0010277596393175787,0.28039552283723745,0.001958689536779172,0.0004785808130391017,0.0006068328179108377,92.0,0.9897260725686574
YPL228W,0.004584819154355578,9.607228946013328e-05,0.0002279750824094647,0.261917800424787,0.00010910755707322621,0.0002598422075005286,0.0005673568764566482,489.0,0.9896513960356287
YLR200W,0.001782985226693836,0.0011764471272382095,2.2053873551663285e-06,0.2171406036856921,0.001139114028579953,0.00023389490673964475,0.00035773183867353407,1306.0,0.9894988795218619
YJL011C,0.006622516556291391,0.0014867573044941424,0.00010267372331444072,0.25468181449124855,0.0014737672627794167,0.0004733019442762291,0.0005835393221129508,181.0,0.989709470224259
YJR059W,0.0007641365257259297,5.47427744935619e-05,2.1809292455391658e-05,0.23635961264237582,6.356308366431975e-05,8.911109706308791e-05,0.0003495726905619334,2362.0,0.9893786140479023
YGR080W,0.0025471217524197657,0.0026335690779790066,0.0004602764182938451,0.28370302390057267,0.002597307760429156,0.00023715920345276993,0.0005140434194533843,1327.0,0.9894961505373442
YML069W,0.01553744268976057,0.004598664812988848,0.0020674535460463526,0.28914707853614935,0.004425563764586316,0.0008302974949883333,0.000625280958791892,3422.0,0.9893163287510333
YPR165W,0.0007641365257259297,0.00107024920318705,6.667631387226225e-06,0.22108140304549373,0.001093685154525727,0.00016396688219967256,0.0002763179830901275,2135.0,0.9893905860350874
YOR220W,0.001782985226693836,0.0011441784163926914,7.225942365670832e-05,0.2671203539146429,0.0010613717313425548,0.00021068641290216178,0.0004728326941754041,1484.0,0.9894711311843776
YDL117W,0.0012735608762098828,0.0004055026255788558,0.0010097584194518686,0.25247106460433844,0.0004072338808055049,0.0001469025083677559,0.0004277489944638412,1479.0,0.9894714224060741
YDL119C,0.0012735608762098828,0.00010925245878126004,5.472520054435668e-05,0.23728639584398392,0.0001304951745585153,0.00013311454040708284,0.0004237887246318964,1735.0,0.9894348911737753
YDL123W,0.00025471217524197657,0.0,7.75917989212553e-08,0.17404084289289704,0.0,8.208576837392029e-05,0.0001335361871818096,2916.0,0.9893312490083631
YDL124W,0.00025471217524197657,0.0,2.5449352500339903e-06,0.2187866634255685,0.0,5.899681564071574e-05,0.0001820864480691267,3313.0,0.9893208431347906
YDR054C,0.001782985226693836,0.0014932298477243007,3.6500369465429335e-06,0.22231276240357137,0.0014932298477243007,0.0003046810573825516,0.0003763451361643292,1354.0,0.9894899579247367
YDR306C,0.00025471217524197657,0.0,6.56447630107432e-07,0.20000919511088402,0.0,6.867195536119732e-05,0.0001749214187736821,3073.0,0.9893246574838058
YFL009W,0.00025471217524197657,0.0,6.56447630107432e-07,0.20000919511088402,0.0,6.867195536119732e-05,0.0001749214187736821,3073.0,0.9893246574838058
YJL149W,0.00025471217524197657,0.0,6.56447630107432e-07,0.20000919511088402,0.0,6.867195536119732e-05,0.0001749214187736821,3073.0,0.9893246574838058
YIL046W,0.0053489556800815075,0.005133199098914638,0.0001407739176817299,0.2598498851087384,0.005205636546460134,0.0006519305309734219,0.0005552565050453834,1928.0,0.989412720814917
YML082W,0.0015282730514518594,0.0005787592902303487,4.479962131442929e-06,0.22685606693784835,0.0006073440469265152,0.00024558849828125375,0.00040803113035900104,1458.0,0.989474437433809
YMR258C,0.0012735608762098828,0.0002971838726557011,8.330928355834607e-05,0.23957426033363602,0.0003719523390379341,0.00014829569892616,0.00041468583948512164,1699.0,0.9894392540050314
YDL131W,0.0012735608762098828,1.0515537631801693e-05,0.0010107930264266684,0.24328702445111358,1.1418711288268248e-05,0.00010683735581481192,0.00042861070043224416,1498.0,0.9894690332402296
YJL047C,0.0007641365257259297,0.0,5.117540922631056e-08,0.18114969539808198,0.0,0.0001750853741534901,0.00021859665377050908,1994.0,0.9894074281557348
YOL063C,0.0007641365257259297,0.0,5.117540922631056e-08,0.18114969539808198,0.0,0.0001750853741534901,0.00021859665377050902,1994.0,0.9894074281557348
YPR164W,0.0007641365257259297,0.0,5.117540922631056e-08,0.18114969539808198,0.0,0.0001750853741534901,0.00021859665377050908,1994.0,0.9894074281557348
YDL224C,0.0007641365257259297,0.0001763319662800452,5.686156068515986e-06,0.23873584188629893,0.000198252422780889,0.00012084914229469054,0.0003316540025765171,2316.0,0.9893810466726892
YCL051W,0.001782985226693836,0.0009341179050620326,4.868901968648443e-05,0.23910097445099884,0.0009677512691214072,0.0002137365932425209,0.0004466723325175056,1366.0,0.9894884895220482
YFR030W,0.0005094243504839531,0.0,1.9464628345260744e-06,0.20530629226183716,0.0,0.00011268507630466183,0.0002294471152526169,2524.5,0.9893592333672244
YJR010W,0.0005094243504839531,5.713140494496156e-05,4.7222464227389875e-06,0.22583197851721884,6.741058177928148e-05,7.652151125598478e-05,0.00028231861372715177,2697.0,0.9893524548916098
YIL109C,0.0012735608762098828,0.00032181548132473054,9.998645842446319e-05,0.24607939208270965,0.0003751286123267594,0.00015923258051927695,0.000412946835642227,1717.0,0.9894371689370828
YJR137C,0.0005094243504839531,0.0,1.9464628345260744e-06,0.20530629226183716,0.0,0.00011268507630466183,0.00022944711525261708,2524.5,0.9893592333672244
YKL054C,0.0007641365257259297,0.00014708687915166626,2.2587475713548864e-06,0.21621463096208576,0.00016506751210192342,0.0001221069884977294,0.00032900739601336617,2148.0,0.9893896482750876
YKL001C,0.00025471217524197657,0.0,1.919915690812655e-06,0.20529505860609948,0.0,6.468421228765273e-05,0.0001773688221738686,3148.0,0.9893234831555436
YKR042W,0.0005094243504839531,3.866457691689223e-05,2.0436588755470194e-06,0.20725694587002563,5.868122584299929e-05,0.00010913312562902407,0.0002456754458241107,2518.0,0.9893596679745229
YDL133C-A,0.010188487009679063,1.5345763726602728e-05,0.05573692635319357,0.2657016139852046,1.3528251803734937e-05,0.0002690546440509761,0.0006133725768136584,3742.0,0.9711905520423031
YDL130W,0.021650534895568008,0.0036365346578106877,0.10385169308877436,0.2827409563741578,0.003710958606857335,0.0005641547843305061,0.0006333360741460354,3807.0,0.9325514690900476
YPL023C,0.00025471217524197657,0.0,6.109652140631428e-08,0.18413685174151323,0.0,7.307709872736909e-05,0.00015903830435940835,2958.0,0.989328236963387
YDL134C,0.0025471217524197657,0.00012855256969748982,6.769834961618081e-06,0.22606329403416725,0.00013069795075699506,0.00023717575366436527,0.0005020683649936432,971.0,0.9895559874111722
YDL188C,0.0028018339276617422,0.001789788353681674,1.6582778087265207e-05,0.25514943836008663,0.001865642772482295,0.0003182025618558047,0.0005040239276255477,1057.0,0.9895409112570687
YDL135C,0.0005094243504839531,0.0004980028618616377,9.094139592424029e-08,0.180331274203839,0.0004980028618616377,0.0001834069232351811,0.0001341558178179527,2293.0,0.9893815006229796
YLR229C,0.00025471217524197657,0.0,1.240146604486993e-09,0.15225307353346076,0.0,0.00011777958717198799,8.856596644522915e-05,2843.0,0.989340396492981
YDL136W,0.011971472236372899,0.00019234562778049343,0.05860335806928466,0.2661917340251915,0.00018681177431665373,0.000331401912327394,0.0006187721611299702,3749.0,0.9691850307982538
YGR271W,0.001782985226693836,0.001199734834542571,0.0034222264438735395,0.24716551324671107,0.0011878664668264613,0.0001752453157198051,0.000431202719951311,968.0,0.9895560886601199
YPL249C-A,0.022414671421293938,0.0002460381319798899,0.10846614916317869,0.2812573081772919,0.00022153439991813833,0.0005631734224112005,0.0006339414202605478,3815.0,0.9271308453430795
YMR264W,0.0025471217524197657,0.0017410747808301987,2.058536108241588e-06,0.233215594920753,0.0018944426395208502,0.0003963910511013644,0.00047322578391668506,1063.0,0.9895385816073222
YKR023W,0.0005094243504839531,0.0,4.731051243342514e-05,0.19730608388120918,0.0,0.00010353927857633401,0.00020506812892596467,2462.5,0.9893643448638673
YDL139C,0.00025471217524197657,0.0,4.385340618153004e-08,0.17899778116907944,0.0,6.754358321712253e-05,0.00016157862217122055,2946.0,0.9893290800838321
YDL141W,0.0020376974019358125,0.0002080325157292603,1.354166121172126e-05,0.23676232038146489,0.0002353548769827479,0.00020759934893940912,0.00048055911384973956,1234.0,0.9895071452373401
YER070W,0.0038206826286296485,0.001246878573145012,7.2613198603341e-05,0.25135475923394346,0.0013665257919141304,0.0003460799380111568,0.0005438730928993625,631.0,0.9896220515696528
YNR012W,0.003565970453387672,0.0014193743684816982,1.3709391320940962e-05,0.2537002157742291,0.0014396313680048259,0.0003845092005488079,0.0005305325880562868,725.0,0.9896029972586103
YML085C,0.006622516556291391,0.0032838513111920634,8.79767663196532e-05,0.2679597551124892,0.0034405474859715898,0.0005791723593046055,0.0005847481022506691,623.0,0.9896238817619837
YER024W,0.0010188487009679063,8.776602289071924e-05,6.366398209799936e-06,0.22248413727971264,0.00010468233446160514,0.00013722667041134116,0.00037241428705869084,1906.0,0.9894144397400009
YHR128W,0.0010188487009679063,2.0692724128585295e-05,5.1648738717463445e-06,0.23616620451218442,2.4525794345315175e-05,0.00011664692403203875,0.0003892834282906174,2024.0,0.989404783479802
YKL064W,0.0025471217524197657,0.000527701460222875,2.176729956321037e-05,0.23588409977901884,0.0005507544119516388,0.0002271896746917522,0.0005050959569025186,987.0,0.9895525608559036
YJR025C,0.0012735608762098828,5.794520877139143e-05,9.419326006447999e-06,0.22440026860556664,7.149050835751962e-05,0.0001439094060949122,0.00041398579013128214,1695.0,0.9894394573709933
YML124C,0.004330106979113601,0.0007192419563017825,1.67920269925974e-05,0.2474752648957901,0.0007076636766721889,0.000365588532222529,0.0005576527211548952,485.0,0.9896533173025099
YKL104C,0.0005094243504839531,2.4538391188010554e-05,0.00100379959506384,0.22914208446836898,3.087048141521678e-05,6.315358498221315e-05,0.00028485901166103194,2085.0,0.9893955686417537
YLL029W,0.0015282730514518594,0.0004347119860676111,1.2695223380173045e-05,0.23721138591926874,0.00047920941730910033,0.00017640122622975278,0.000430260439432267,1536.0,0.9894635571194725
YMR300C,0.0007641365257259297,0.00019270953616198374,1.2100779486907573e-05,0.2392687004071854,0.0002195891788549649,0.00010890248205779634,0.0003428174100413831,2320.0,0.9893808830220918
YDL145C,0.006877228731533368,0.0033721378454824092,7.024229510548539e-05,0.26519454983637786,0.003473204552842546,0.0006336134587591739,0.0005846547484078863,630.0,0.9896223646437822
YAR035W,0.0007641365257259297,5.735056872802368e-05,1.0861536739055179e-06,0.2150250725591767,7.817893014532857e-05,0.00012516829038302632,0.0003157127376601533,2168.0,0.9893883800655284
YEL061C,0.0012735608762098828,0.000155536145742283,9.860612933079309e-06,0.23814487407712306,0.0001533095239039572,0.00013382657066278512,0.000426081407009364,1760.0,0.9894327466172491
YDR238C,0.0038206826286296485,0.0003880082894146623,3.836752105320906e-06,0.2359285978170832,0.0003874222055241461,0.00036293948138394925,0.0005366887869385075,564.0,0.9896369500409564
YFR051C,0.003056546102903719,0.0008351774859146035,2.5206983591864493e-05,0.24958241808588266,0.000862003428210973,0.00031214916340049773,0.0005123959122916424,838.0,0.9895804425321503
YER122C,0.0015282730514518594,0.0,1.917234312074961e-06,0.21658907181695283,0.0,0.00016241741530647398,0.0004376701060444523,1499.0,0.989468934672874
YIL076W,0.0033112582781456954,0.000115602762295436,3.729906476991596e-06,0.2346302602141876,0.000118279848461693,0.00030224202998118234,0.0005283533704544322,727.0,0.989602618857853
YGL137W,0.0056036678553234845,0.0020341246753026983,3.428942416696925e-05,0.25004815002233083,0.0020772574018007852,0.0005212738505657548,0.0005701316914175297,382.0,0.9896738978986899
YMR014W,0.0012735608762098828,0.0003430327388165323,0.0016000748108509048,0.24438041367062294,0.0003927645716798813,0.00011532490750525228,0.00042050751118724957,1343.0,0.9894925057487466
YMR165C,0.0005094243504839531,6.131891387674659e-06,6.2562921199109336e-06,0.21790989029417318,5.963314585901244e-06,8.066427828123234e-05,0.0002769672811978124,2655.0,0.9893537499632594
YNL287W,0.002292409577177789,6.62115876446615e-05,3.2841811330287414e-06,0.2277926350000045,7.326030722051026e-05,0.00022633293161359805,0.0004886367023588175,1085.0,0.9895327150999137
YNL258C,0.003056546102903719,0.0009479444595538849,4.917541946360503e-06,0.24078889045597957,0.0010276013061756247,0.00032517727310136786,0.0005137471087319056,807.0,0.9895863836420623
YFL042C,0.0005094243504839531,0.0,3.9606520077459345e-07,0.20277644117629973,0.0,8.098426073686847e-05,0.0002709786970932163,2546.0,0.989358140277151
YOR112W,0.0007641365257259297,0.00010586459004496539,3.4487365876915473e-06,0.23140326206272813,0.00012436339927980077,0.00010943534915193454,0.00034016028992365165,2290.0,0.9893817968999221
YBR229C,0.0005094243504839531,0.0004980028618616377,4.6768904073541226e-07,0.19914928296629905,0.0004980028618616377,0.00014261595703743906,0.0001789235011545409,2428.0,0.9893710499294237
YDR122W,0.0010188487009679063,0.0002366244303415559,1.344996085756042e-05,0.2442849463562129,0.00022895678370971997,0.00013299468793551156,0.0003934909248763226,2006.0,0.9894063758515451
YDL146W,0.00025471217524197657,0.0,1.0276548861897126e-05,0.24281468360633404,0.0,6.730226547843438e-05,0.00018479011888941914,3411.5,0.9893181502654183
YDR189W,0.001782985226693836,0.0009508964362857669,2.306704728574305e-05,0.24882104191823556,0.001001921784642127,0.00020747313117206682,0.0004469236889307524,1415.0,0.9894804013377143
YDR005C,0.0020376974019358125,6.04394277015066e-05,1.606241468088568e-05,0.22758537492933847,7.18907780645451e-05,0.0001638344573351342,0.0004815586899053219,1217.0,0.9895092204277801
YLR227W-B,0.0005094243504839531,3.581980321674242e-05,1.0444617413861658e-05,0.2262132214569561,4.245446149190485e-05,7.245138159950871e-05,0.0002844216533132955,2718.0,0.9893519037877515
YGR246C,0.004839531329597555,0.0003589185003208642,0.00014558993917164543,0.26431648404967056,0.00032780669065753294,0.00030144690817711936,0.0005678925019412965,442.0,0.9896613835734508
YKL164C,0.00025471217524197657,0.0,6.0505046467819555e-06,0.2121676369082263,0.0,5.1917350383406084e-05,0.00018049215964648243,3269.0,0.9893217300645031
YDL152W,0.0020376974019358125,0.0008849646174645097,1.764672774889206e-05,0.2511528543466814,0.000935958140893705,0.00022917123794485313,0.0004700713130291282,1282.0,0.9895011033683927
YKR099W,0.00025471217524197657,0.0,2.4067860674356087e-07,0.1998281045528906,0.0,6.260979411635694e-05,0.00016766323474720922,3097.0,0.9893242504056021
YDR354W,0.00025471217524197657,0.0,1.3799345199335678e-06,0.2023826792753155,0.0,5.3773896605892885e-05,0.00018007067286060117,3159.0,0.9893233191473014
YDL168W,0.0005094243504839531,7.259977897637461e-06,1.531611459089322e-05,0.21985072606850312,8.595175815369694e-06,8.253507143371114e-05,0.0002732704284915032,2651.0,0.9893538342787311
YDL164C,0.0005094243504839531,0.0004980028618616377,3.0532458240313077e-06,0.22178710711621882,0.0004980028618616377,0.00015621627490297396,0.00017979379687165002,2466.5,0.9893640101113116
YDL173W,0.00025471217524197657,0.0,5.574536410582507e-71,0.00025471217524197657,0.0,0.00025464731347084286,None,3892.5,0.5950153159491425
YGR121C;YPR138C,0.00025471217524197657,0.0,5.574536410582507e-71,0.00025471217524197657,0.0,0.00025464731347084286,None,3892.5,0.5950153159491425
YDR320C,0.00025471217524197657,0.0,7.633184930540265e-06,0.20994754020956152,0.0,5.878988587608259e-05,0.0001738497708710895,3211.0,0.9893226057249767
YNL299W,0.0007641365257259297,0.0,8.798186673968203e-05,0.22421253084050877,0.0,8.670695785106613e-05,0.000317389877162168,2219.0,0.9893854384646694
YDR222W,0.0010188487009679063,0.000877644238118497,6.836124306911612e-05,0.24791677620490776,0.0008887556160367223,0.00017868407693143624,0.00034254692598244095,1924.0,0.9894129620021862
YDL184C,0.010443199184921039,4.902457599681894e-05,0.05318516233438945,0.2667215817932092,4.5654780322577144e-05,0.00027696866445165553,0.0006142927600493997,3739.0,0.9730328639005
YDL189W,0.0005094243504839531,0.0004980028618616377,1.0032724655054645e-06,0.18410974488861445,0.0004980028618616378,0.0001729734577847253,0.00014212752859847855,2351.0,0.9893791622827872
YCR008W,0.00025471217524197657,0.0,1.3683868000482138e-08,0.15493774740192742,0.0,0.0001124631933839129,9.197149014971458e-05,2850.0,0.9893390527656197
YDL191W,0.015282730514518594,0.002012253991458624,0.06271226483313694,0.2834672477398817,0.0019859714298785048,0.0004990336984077053,0.0006256214001704794,3750.0,0.9688124613281893
YLR022C,0.0012735608762098828,0.00012044276572774812,0.002702566548564024,0.25351165480304555,0.0001290009339967711,9.324855388034931e-05,0.00043096340275273885,1295.0,0.9895000684960134
YNL251C,0.0007641365257259297,0.00036941507168696127,0.000867811671611115,0.2287648613551048,0.00039998109582898493,0.00010071113206609018,0.00032069573115461875,1818.0,0.9894270936344937
YOR051C,0.0005094243504839531,1.6569772157462726e-07,0.002117985716846628,0.22518140025717645,1.274689798646856e-07,5.1670935939231775e-05,0.00028734621212763063,1836.0,0.9894245484861408
YPL101W,0.0025471217524197657,0.00030426498549525544,0.007205593583159167,0.25409538744988985,0.0003723866864556606,0.0001317552829236686,0.0005155232031946376,1352.0,0.9894906516583307
YNL163C,0.003056546102903719,7.184181652364184e-05,6.570101265462305e-05,0.24910187830866243,7.455183890744069e-05,0.00024534650319781395,0.0005331712232124377,871.0,0.9895733625282385
YDL197C,0.00025471217524197657,0.0,5.9008568084580845e-06,0.19440271974534062,0.0,6.184526961153808e-05,0.00016451575958856908,3036.0,0.9893256409166036
YLR442C,0.001782985226693836,0.0012327704862526705,0.00043271376300164704,0.24264195117927143,0.00115364638797855,0.0001955345666697999,0.00044614076631164276,1286.0,0.9895005897741315
YDR233C,0.003565970453387672,0.0013789083165242444,0.00010300600201745991,0.26285361433971377,0.001522238201672938,0.0003147124179522764,0.00054348645767721,757.0,0.9895969310443351
YDL205C,0.0005094243504839531,0.0,3.99682501042932e-05,0.23146036342289167,0.0,8.04259634395703e-05,0.00028264610073899506,2725.0,0.9893515448137412
YHR039C,0.0015282730514518594,0.00028420977138006464,2.4086349184412494e-05,0.23929922132056086,0.0003069796207046733,0.0001645819093278913,0.0004471546181632644,1561.0,0.9894604708494612
YNL219C,0.009424350483953133,0.001824549759874093,1.9448380550592392e-05,0.25563619888840183,0.0018218926382245677,0.0006624734536762129,0.0006030703847985396,397.0,0.9896718156614498
YPR028W,0.0015282730514518594,0.0004008243221985463,3.821867265691762e-06,0.2404031838972944,0.00046155925009468623,0.00017430308534393242,0.0004357701688167884,1556.0,0.9894607172570615
YPR183W,0.0015282730514518594,0.0013308209462373826,8.091853165781786e-06,0.24352388466833735,0.0013689006874824273,0.00024347257604688232,0.00041378458882126865,1582.0,0.9894565850138147
YPR091C,0.004839531329597555,0.0030106715336023836,0.0018328012820025064,0.2754347739748256,0.003202758303774947,0.00035761600328201436,0.0005682642633586036,531.0,0.9896432683627048
YIL104C,0.0005094243504839531,7.363418450703328e-06,3.209711189890675e-05,0.2297172896029556,1.0219568041258553e-05,6.135971346676633e-05,0.0002841302610910336,2749.0,0.989350761437895
YCL061C,0.0007641365257259297,0.000510989006256761,9.38890705558615e-07,0.1910081194870984,0.0005158387138680462,0.00017944924227199265,0.00022121241652753545,1962.0,0.9894099920570337
YBL026W,0.018848700967906265,0.0018626657388453559,0.0035304817813729813,0.27864630457371514,0.0014991447681089705,0.00057368639616071,0.0006277906774872326,3500.0,0.9890318285523791
YBR282W,0.01553744268976057,8.80471168812145e-05,0.00488302531170823,0.2764698615492649,5.8803674912304604e-05,0.0004592896587501483,0.0006228536551959858,2081.0,0.9893960839439272
YBR268W,0.015028018339276618,0.00024317339118282185,0.003461245451429662,0.2719608938159665,0.00023272762437602813,0.0004641944070644473,0.0006219901968920367,1721.0,0.9894363450732117
YCR003W,0.014518593988792664,3.689158367176947e-05,0.004742954585175235,0.2738865969110938,2.405155933765063e-05,0.00042892126930456527,0.0006211297070391299,1431.0,0.9894779463608312
YCR077C,0.01477330616403464,0.000907130723078939,0.003485684596889958,0.28008155352979053,0.0009228758795764109,0.00046069819015253375,0.0006217624991134451,1270.0,0.9895026303901909
YDR405W,0.015282730514518594,4.5458755924680345e-05,0.004869909128804786,0.2740266207336455,3.0170895522836537e-05,0.0004499394413236519,0.0006224495272787295,2008.0,0.9894062677114333
YGL173C,0.015792154865002548,0.0023699412335626614,0.005249508531926087,0.27753328582625,0.002318487667269424,0.000548653164125472,0.0006232713425128285,2790.0,0.989349475663548
YKL167C,0.013245033112582781,6.979753918022628e-07,0.0032599969286738104,0.26585222781018025,6.914236335591828e-07,0.0003931779088944045,0.0006184145027403468,958.0,0.9895584708464743
YLR439W,0.013754457463066735,0.0005943649805619312,0.003229158456708135,0.27041243178991525,0.0006096872955556846,0.00042372634370456516,0.000619715640469316,1035.0,0.9895444684387514
YNL122C,0.013499745287824758,3.392919589544296e-05,0.0032731131115772533,0.2684582492190236,2.387224880006704e-05,0.00040252519885858437,0.0006189447311054572,1004.0,0.9895493567004093
YNR038W,0.001782985226693836,0.0003790370761470728,3.0850810763541343e-05,0.24342908525822837,0.0004216986794048815,0.00017248521403156095,0.0004614507208917667,1402.0,0.9894822265102812
YLR424W,0.0012735608762098828,0.00021246100046687868,1.45152746980292e-05,0.22676009253505827,0.0002454634715770345,0.00010263924677119426,0.00041700304565354723,1701.0,0.9894391961337065
YDL211C,0.0007641365257259297,0.00099587593407984,9.990650946056779e-08,0.1817375873618345,0.00099587593407984,0.00024322515179838302,0.00016924629764205324,1927.0,0.989412758143194
YMR294W,0.00025471217524197657,0.0,1.3623459799058727e-09,0.15325432934748281,0.0,0.00010961304918939646,0.00010261094843195969,2846.5,0.9893394763944052
YHR129C,0.002292409577177789,0.0014932298477243007,7.3238408857148145e-06,0.22317228712140577,0.0014932298477243007,0.0002465299024140839,0.00048180029549668165,1100.0,0.9895300553668384
YPL174C,0.00025471217524197657,0.0,1.3623459799058727e-09,0.15325432934748281,0.0,0.00010961304918939646,0.0001026109484319597,2846.5,0.9893394763944052
YKL171W,0.0005094243504839531,1.0990638373139135e-05,3.2394847573569784e-06,0.22673268619078282,1.5561916001642435e-05,8.467588337978277e-05,0.0002698952980192483,2731.0,0.9893513942945881
YBR157C,0.0012735608762098828,0.0010400633532768077,7.537821619812812e-05,0.261917800424787,0.0009191388522164576,0.00015574097516027075,0.00043152432707375,1797.0,0.9894290883904121
YNL197C,0.0007641365257259297,5.046035399844504e-05,1.040195610404833e-05,0.23923818727826782,5.440932460778931e-05,0.0001093802894119177,0.00033411486770963797,2375.0,0.9893778668644483
YDL232W,0.002292409577177789,0.00019773842544678385,2.5314582595251097e-06,0.21977345894359618,0.0002565491379408532,0.0002028847478010619,0.0004885593405738206,1050.0,0.9895415349620013
YGL022W,0.007641365257259297,0.0011341569414309006,9.069490147323656e-06,0.2448428929186292,0.001109222686717553,0.0005481282855492513,0.0005902847330374446,152.0,0.9897138615452474
YEL002C,0.00815078960774325,0.0005955205571370178,9.308874714981628e-06,0.2431451293555229,0.0005552911777542079,0.0005562569901199859,0.0005933568837488678,192.0,0.9897080671392317
YML019W,0.0015282730514518594,1.2405944228897447e-06,1.0792397493273525e-06,0.20342509710936205,3.1769846342087324e-06,0.00013776730224958843,0.00043919517174926674,1434.0,0.9894775481592808
YOR085W,0.0012735608762098828,0.0,1.0649838177652272e-06,0.203414068370023,0.0,0.00011771686782498048,0.0004189934927583316,1640.0,0.9894496135773505
YOR103C,0.0020376974019358125,3.3793332122204282e-06,1.8107962063430226e-06,0.21377542539371397,5.8416381096208135e-06,0.0001620106853159164,0.0004835519256373629,1173.0,0.9895183714673409
YMR092C,0.0007641365257259297,5.742834856406795e-05,2.094639336812063e-06,0.2070282233120937,8.372619403254768e-05,0.00013079195974144875,0.00029026528070109133,2115.0,0.9893925470103528
YDL234C,0.0005094243504839531,7.776023102460967e-05,6.117908406183556e-06,0.23566186113215715,9.649847839318199e-05,0.00010671865134950836,0.0002657449477839883,2716.0,0.989351939619476
YDL233W,0.0007641365257259297,0.0004663311525091592,1.4851867528030482e-05,0.25243709150811233,0.0004433159487293522,0.00013040510695919952,0.00035056838479618563,2326.0,0.9893804318648838
YDL236W,0.00025471217524197657,0.0,6.718025943831655e-07,0.19212312412745527,0.0,6.42112629281388e-05,0.00016458798699863655,3019.0,0.9893259330492965
YDL240W,0.0005094243504839531,8.56340220179074e-06,2.630224911950529e-06,0.22768204934068048,8.801325438896906e-06,7.446077250160691e-05,0.00028197645323189166,2759.0,0.9893504327827253
YDL238C,0.00025471217524197657,0.0,1.0276548861897126e-05,0.24281468360633404,0.0,6.730226547843438e-05,0.00018479011888941906,3411.5,0.9893181502654183
YDR099W,0.01859398879266429,0.01131451340890001,0.000221334904802716,0.2920050191520798,0.010816033928309113,0.002120543687775255,0.0006230996070387193,3616.0,0.9879537522427054
YBR007C,0.0005094243504839531,0.0,6.643014617678535e-06,0.22922608083364332,0.0,8.820714143817484e-05,0.0002864950928955567,2744.5,0.9893507878302796
YDR017C,0.0010188487009679063,5.525021434689923e-05,7.61221033788669e-06,0.24086618033543516,6.644137871305104e-05,0.00012982166676083368,0.00039411271510656474,2027.0,0.9894042958139839
YDR006C,0.0007641365257259297,4.561224398815338e-05,6.900598256987236e-06,0.23138899112458056,4.919670935418036e-05,0.0001284442928025696,0.00033126044425426266,2292.0,0.9893815613609046
YDR309C,0.0005094243504839531,0.0,6.643014617678535e-06,0.22922608083364332,0.0,8.820714143817484e-05,0.0002864950928955566,2744.5,0.9893507878302796
YDR379W,0.0012735608762098828,9.265054339925425e-05,1.9863975548218856e-05,0.2343957325598222,8.622838555819777e-05,0.00015281865410674464,0.00042018042766271685,1734.0,0.9894351240397942
YDR351W,0.0007641365257259297,2.5144527812531815e-05,7.08510873145574e-06,0.23433717388577066,1.95041102622774e-05,0.00011092832925705922,0.0003509928353979046,2355.0,0.989378927713748
YDR505C,0.0012735608762098828,0.00028443588181713915,1.3057168349187615e-05,0.24847499940960752,0.0002455155813671359,0.00016796766144856957,0.0004234552629485846,1776.0,0.9894308690331938
YER075C,0.0005094243504839531,0.0,6.643014617678535e-06,0.22922608083364332,0.0,8.820714143817484e-05,0.0002864950928955565,2744.5,0.9893507878302796
YER177W,0.024707080998471728,0.024549836083942542,0.00026575786355213836,0.29936746916820184,0.023444143403270154,0.002837842394726588,0.000630034923821856,3702.0,0.9825374294065301
YER114C,0.0007641365257259297,0.0001389430280278905,1.6701614522184988e-05,0.2430821179841318,0.00011737714754669677,0.00011409398968997519,0.0003519897363161912,2363.0,0.989378605055879
YFL033C,0.0007641365257259297,1.2967628314788578e-05,1.19766496913966e-05,0.23843241554938194,1.023572014123521e-05,0.00010933888570740976,0.0003498415776229167,2385.0,0.9893773329822652
YFL021W,0.0005094243504839531,0.0,6.643014617678535e-06,0.22922608083364332,0.0,8.820714143817484e-05,0.0002864950928955565,2744.5,0.9893507878302796
YFR022W,0.0005094243504839531,0.0,6.643014617678535e-06,0.22922608083364332,0.0,8.820714143817484e-05,0.00028649509289555643,2744.5,0.9893507878302796
YGL252C,0.0012735608762098828,3.509965230525086e-05,8.747609662750374e-06,0.24217210940973818,4.119957525068208e-05,0.00017202817489739497,0.00041407307453339697,1786.0,0.9894301083243542
YIL036W,0.0010188487009679063,0.0005381835159518012,6.718862120922972e-06,0.23118938265358763,0.0005432511225374585,0.0001703965138304349,0.0003495096550392522,1882.0,0.9894174296585779
YHR082C,0.0028018339276617422,0.001194204868723516,3.733229572060483e-05,0.25911412231250514,0.0013124448961151745,0.000303548128915056,0.0005167074970542046,988.0,0.9895524782764058
YIL107C,0.00025471217524197657,0.0,3.0186198691543596e-06,0.22485751474799676,0.0,6.312156951991312e-05,0.00018376002938471302,3367.0,0.9893201465408507
YIL045W,0.001782985226693836,0.0004926402410900799,2.6228875649651e-05,0.2450667858318141,0.0004130261826807705,0.0002245940734140336,0.0004556538230550372,1396.0,0.9894839487028624
YIR003W,0.0020376974019358125,0.0005862570422576815,4.429936447670468e-05,0.24763860412415512,0.00054388452932026,0.00025164631756039,0.0004507625043868123,1235.0,0.9895062723729366
YIL135C,0.0010188487009679063,0.0009957461444364047,6.645521045567921e-06,0.22928211263047382,0.0009957461444364045,0.00021276233883360722,0.00028665934588741526,1868.0,0.9894186867981487
YJR091C,0.0012735608762098828,0.0001959777594520333,2.0010973000784263e-05,0.25186094455830527,0.00018085268032295719,0.0001536831612680452,0.0004263352469531786,1815.0,0.9894275678763237
YKL168C,0.0010188487009679063,0.0004456802034140795,5.844158820370323e-05,0.2545263205403347,0.00041835935702469934,0.00012760035865328774,0.0003982876876972717,2009.0,0.9894062353973213
YKL140W,0.0015282730514518594,0.001221313285030721,4.519320394823157e-05,0.2577081180771395,0.001288026333324549,0.00018066001359336222,0.0004521314169988822,1636.0,0.9894501823968466
YKL198C,0.0005094243504839531,0.0,6.643014617678535e-06,0.22922608083364332,0.0,8.820714143817484e-05,0.0002864950928955568,2744.5,0.9893507878302796
YLL013C,0.0012735608762098828,0.00048194393087903643,1.7853544810907922e-05,0.24666179022319862,0.0004794560673634266,0.00015633290228100828,0.0004272049146323246,1746.0,0.9894338388728979
YLR219W,0.0010188487009679063,0.0005221520813105013,9.371213464610121e-06,0.24360294059765444,0.0005071001262584547,0.00013967707954286762,0.00039577540504660185,1963.0,0.9894098702942483
YLR149C,0.0010188487009679063,0.00023059144636621823,1.3919096137559688e-05,0.23974265118754465,0.00023791695649415088,0.00015526471249341906,0.00038236295100864095,1964.0,0.9894096883118773
YNL074C,0.001782985226693836,0.0004104833992462303,1.770988800557441e-05,0.2510520234918082,0.00043564732061403835,0.00022244682899925952,0.00046519832341897953,1425.0,0.989479146603392
YMR291W,0.0012735608762098828,0.0012571574963834398,5.2830995419588486e-05,0.26219234738540004,0.0011461222335502465,0.00020303634779292678,0.00039887048471522267,1808.0,0.9894279704197377
YNL199C,0.0007641365257259297,0.00012192123803382177,6.671884382771381e-06,0.23022473406670393,0.0001294829264007231,0.0001296313811294012,0.00032843443329079404,2251.0,0.9893837458340938
YNL076W,0.0012735608762098828,0.0008290703902229807,5.2940476228578787e-05,0.26219234738540004,0.0007321268410712576,0.00017023326895312458,0.000425843820935305,1796.0,0.9894293493414573
YNR047W,0.0005094243504839531,0.0,6.643014617678535e-06,0.22922608083364332,0.0,8.820714143817484e-05,0.00028649509289555643,2744.5,0.9893507878302796
YNL267W,0.0028018339276617422,0.000998131168844242,2.9422421077119608e-05,0.2527091325577608,0.0008835288374188987,0.0002899793719890847,0.0005175647191279546,945.0,0.9895596810945205
YOR018W,0.001782985226693836,0.0012716028644181746,1.1318420688592984e-05,0.2403415854900438,0.0012532058674284891,0.00023779015017842158,0.00046025080148201557,1401.0,0.9894824718316623
YPL141C,0.0007641365257259297,0.0,6.851055979541787e-06,0.23073442537882505,0.0,0.00011403789822856258,0.00034723659359091265,2333.0,0.9893799210858697
YPL255W,0.0007641365257259297,0.0004980028618616378,6.644250502742934e-06,0.22925409330838775,0.0004980028618616376,0.00015949270142672886,0.0002865771958559052,2136.0,0.9893905425213082
YPR095C,0.0005094243504839531,0.0,6.643014617678535e-06,0.22922608083364332,0.0,8.820714143817484e-05,0.0002864950928955568,2744.5,0.9893507878302796
YPR185W,0.0015282730514518594,0.0008644136878488684,1.0147306926465972e-05,0.24450781955588624,0.0008811208567489489,0.00023008011618637779,0.00042270967526444956,1545.0,0.9894620245918594
YDR001C,0.003056546102903719,0.0010676770260315428,1.5252245548597542e-05,0.254164238659062,0.0011601062339127656,0.0003626515216534218,0.000522120898205069,851.0,0.9895764189486067
YAL017W,0.0010188487009679063,0.00019362673745310885,2.3818819066297762e-05,0.24228157633249864,0.00020097033649884945,0.0001430084200201431,0.0003726081278454283,1990.0,0.9894077706701119
YBL031W,0.0012735608762098828,0.0006717877338824335,2.468065472518422e-05,0.248129918066601,0.0006772117817921484,0.00019794631157718206,0.0003725951696785526,1722.0,0.9894363058725885
YCL063W,0.00025471217524197657,0.0,3.6243947485241745e-06,0.22919807520373084,0.0,6.328266893888815e-05,0.0001843585215509792,3394.0,0.9893195269440973
YCR091W,0.00025471217524197657,0.0,3.6243947485241745e-06,0.22919807520373084,0.0,6.328266893888815e-05,0.0001843585215509792,3394.0,0.9893195269440973
YDR251W,0.0005094243504839531,0.0001743970592737848,4.503250334915849e-06,0.23928395989062973,0.0002073219169326709,8.429945881313434e-05,0.0002851291105179202,2723.0,0.9893516837511653
YER054C,0.0010188487009679063,0.0001875444079944529,2.290771927505598e-05,0.24477899863550848,0.00015671617429376255,0.00014093308835316193,0.0003857788031770879,2011.0,0.9894060367625984
YER071C,0.0015282730514518594,0.0001301662162371195,5.902736472527971e-06,0.236448984817562,0.00014190731910676159,0.0002013244843510629,0.00039945092266440677,1557.0,0.9894606754092866
YGR161C,0.00025471217524197657,0.0,3.6243947485241745e-06,0.22919807520373084,0.0,6.328266893888815e-05,0.00018435852155097913,3394.0,0.9893195269440973
YIL095W,0.0005094243504839531,3.5173467502378684e-05,4.58996497828024e-06,0.23622568098502006,3.819004844299258e-05,8.908544502955293e-05,0.0002817553187427383,2776.0,0.9893496915072031
YJL201W,0.0005094243504839531,2.9403359251145233e-05,3.978614461763561e-06,0.23357856509276437,3.708353925344569e-05,8.172530194504531e-05,0.0002829019407641178,2772.0,0.9893498881479295
YJL042W,0.0025471217524197657,0.0011027207196166928,2.624041453578399e-05,0.24588587004948387,0.0011803882648723399,0.00027938341453325366,0.00048241762902166414,1036.0,0.9895443268106852
YML081W,0.0010188487009679063,0.0007810156611813508,0.0028017288190229283,0.2570724557098372,0.0008468823237835924,0.00010157269629720851,0.0003994435402207875,1410.0,0.9894812348001538
YMR124W,0.0010188487009679063,0.000256806021184845,1.9282436395729346e-05,0.2564749805923217,0.0002299697991209266,0.00012134767186768706,0.00039720984314819486,2053.0,0.9894009297404132
YOR140W,0.0007641365257259297,0.00031883588399875414,1.8633301886105133e-05,0.2528453730766948,0.000281667475731653,0.00010888889799826668,0.00035291438662458176,2377.0,0.9893777418876898
YDR004W,0.0005094243504839531,0.0004980028618616377,3.0234985198243106e-06,0.20897696842403218,0.0004980028618616377,0.0001581977765821276,0.00017851858586687296,2445.0,0.9893684881509207
YDR076W,0.00025471217524197657,0.0,4.123522912196573e-08,0.17217991331673965,0.0,0.00010516031360282641,0.00010594726902704658,2896.0,0.9893332691187827
YJL146W,0.0007641365257259297,7.474632122388521e-05,1.8876714548071947e-05,0.23757186671848754,0.00010744337935300775,0.0001412155865967051,0.00031104962816116163,2297.0,0.9893814064160159
YDR007W,0.00025471217524197657,0.0,6.94626011986829e-06,0.21623955340240184,0.0,6.635218715050782e-05,0.0001769813138256482,3260.5,0.9893219364187867
YIL074C,0.0007641365257259297,7.17663993945905e-05,1.0728182282029973e-05,0.24541944604167149,9.277114467622363e-05,0.00014139980035924007,0.0003158853539423258,2374.0,0.9893779124527577
YDR490C,0.00025471217524197657,0.0,1.2904851995780663e-07,0.2002333488678127,0.0,6.0805468693929545e-05,0.00017677834045427284,3108.0,0.9893240855233187
YDR016C,0.0025471217524197657,0.00023103000574854846,5.173206774961022e-06,0.22449425543499513,0.00027769982250342383,0.00026254440584517694,0.00046052926557019604,933.0,0.9895609766388783
YDR020C,0.00025471217524197657,0.0,1.8695095375904595e-07,0.20143737201143957,0.0,6.160838842820682e-05,0.0001747671731970037,3117.0,0.9893239005767218
YDR027C,0.0010188487009679063,0.0009957461444364047,9.591241208851364e-07,0.1976699062791778,0.0009957461444364047,0.00028517612369589884,0.000185336396567628,1709.0,0.9894384540542818
YDR484W,0.0007641365257259297,0.0,9.589479004901275e-07,0.19764908028683947,0.0,0.0002002474178578687,0.00018530205335278295,2061.5,0.9893993943139819
YKR020W,0.0012735608762098828,0.0024874185164394805,6.836531222620735e-05,0.24765494990660555,0.0024874185164394805,0.0002591937471111811,0.00028734853753860265,2133.0,0.9893907078781365
YJL029C,0.0007641365257259297,0.0,9.589479004901277e-07,0.19764908028683947,0.0,0.0002002474178578687,0.00018530205335278295,2061.5,0.9893993943139819
YDR026C,0.0005094243504839531,0.00025383354434590247,5.445656951557483e-05,0.24226593214212397,0.00028449235298555703,9.49730882568451e-05,0.0002794208542858017,2617.0,0.9893552518958678
YDR028C,0.003056546102903719,0.0006019790670821298,3.497354110935079e-05,0.2534945267944783,0.0005910065715533971,0.00031370588010272047,0.000523182518755339,846.0,0.9895777240521914
YDR477W,0.003056546102903719,0.0011295888127234922,6.835470786157158e-05,0.2622106709822541,0.001214163052341883,0.0003322258069463279,0.0005145123594105973,884.0,0.9895707552762015
YER027C,0.0028018339276617422,0.00035821356679589697,9.262645407261945e-06,0.2447151376914345,0.00039062738986726965,0.0003098627397986961,0.0005018201739072069,911.0,0.9895652664644677
YER133W,0.015028018339276618,0.014099789070464686,0.0013993418971503936,0.2900860129182831,0.013924467866503231,0.0014058436158526358,0.0006165468417317299,3633.0,0.9874956166493574
YML006C,0.0020376974019358125,0.0006769819778208138,1.2826979321570445e-05,0.24221901169045024,0.0007292000989726793,0.0002394059237228137,0.00047049126866355556,1228.0,0.9895083308872973
YGL208W,0.0010188487009679063,0.0,1.5275155066366934e-06,0.21731668063047055,0.0,0.00013436940425508976,0.00036826925160501943,1905.0,0.9894144833874721
YAL043C,0.0038206826286296485,0.0007101387191165018,8.52079748186941e-05,0.25857839359649026,0.0007985119968465172,0.0003353976297223209,0.0005288000701336584,635.0,0.9896214238918541
YBR275C,0.002292409577177789,0.0006066042946103732,9.009565527556642e-05,0.2575842709793405,0.0006017335776167989,0.00021949726548956862,0.0005053176056773666,1166.0,0.9895196296832562
YDL070W,0.0053489556800815075,0.000246872399499319,0.0014342758025363057,0.2628720304830851,0.0002020612105774892,0.0002753420244427933,0.0005806169952602148,99.0,0.9897244000085341
YDR080W,0.002292409577177789,0.00015682275616241313,2.1808830394757007e-05,0.23542526768432415,0.00017730133282100894,0.00025437568882157946,0.00043744308804024115,1096.0,0.9895307422346965
YDL077C,0.0028018339276617422,0.0010347666419690867,4.7773798180961895e-05,0.2511528543466814,0.0010877979993838922,0.00030510757742606886,0.00047253066507232385,929.0,0.9895615714295292
YDR195W,0.0038206826286296485,0.0008440754378356999,8.085529274264828e-05,0.2535630527191372,0.0009228506928877442,0.0003416983059098607,0.0005287626113512362,609.0,0.9896254079956585
YDR130C,0.00025471217524197657,0.0,1.9083014035680008e-05,0.22371787556407335,0.0,5.8513403035564694e-05,0.00018318585469340735,3307.5,0.9893209624210997
YDR301W,0.0033112582781456954,5.6683172053127265e-05,9.541216248285641e-05,0.24664557527511663,7.134397848732784e-05,0.000285676427622102,0.0005168447366607007,767.0,0.9895946153467257
YER107C,0.0007641365257259297,0.0001214837268329636,2.0425292658181585e-05,0.22957672955302416,0.0001481250845121261,0.00011993587447350538,0.00031671150838780116,2240.0,0.9893843951063263
YER155C,0.002292409577177789,0.0018124395173445254,7.667154053208335e-05,0.25744287711575914,0.001917715335872556,0.00030385043999254916,0.0004675273400661933,1257.0,0.9895043449751894
YGR004W,0.0007641365257259297,0.0006181649475519821,3.7726308511363724e-05,0.2417663825687914,0.0006108017266722408,0.00015515386441384546,0.0002865528576930969,2180.0,0.9893875097126772
YHR207C,0.00025471217524197657,0.0,1.9083014035680008e-05,0.22371787556407335,0.0,5.8513403035564694e-05,0.00018318585469340745,3307.5,0.9893209624210997
YKL018W,0.004584819154355578,0.0007854253487228262,7.92807007462296e-05,0.24976517714585764,0.0008594982480811789,0.0004132457851248151,0.0005353176570163394,414.0,0.9896672587235843
YJR093C,0.0033112582781456954,4.243868884922436e-06,7.924914591196373e-05,0.2464349747839129,3.2592052550834325e-06,0.0002862009538990234,0.0005154079280235665,780.0,0.9895927045563951
YKL059C,0.003565970453387672,0.0006122751626341286,0.0001325477247079517,0.26055364521424124,0.0006764245015715428,0.0003101901410488419,0.0005250933136985154,703.0,0.9896069134141162
YKL035W,0.0010188487009679063,9.437100831277348e-05,4.5158030322435925e-05,0.23847788032066827,0.0001246241184630183,0.00013241892196573133,0.0003767623265408679,1981.0,0.9894085093777191
YKR002W,0.003565970453387672,0.0005420256869390178,7.89860878610377e-05,0.2510520234918082,0.0005938054567200598,0.00032326420747353735,0.000525647986437825,671.0,0.9896128838831993
YLR115W,0.004839531329597555,0.0035055360069417155,0.0033900317364256136,0.2812573081772919,0.003466627640378363,0.0004054672482299485,0.0005573767396460369,551.0,0.9896395698828633
YLR277C,0.0033112582781456954,4.243868884922436e-06,7.924914591196374e-05,0.2464349747839129,3.2592052550834325e-06,0.0002862009538990234,0.0005154079280235669,780.0,0.9895927045563951
YLR148W,0.0025471217524197657,0.0013736620259176017,8.886215734171388e-05,0.25884598075785265,0.0012908157753533632,0.00027719707897875325,0.000464625632947334,1075.0,0.9895350786902509
YNL317W,0.004584819154355578,0.0022366385940004478,0.00014976950488384492,0.2669683002052849,0.0023731304632017966,0.00042183780900347217,0.0005462977109025346,620.0,0.9896241648110848
YNL233W,0.0005094243504839531,0.00014268405064089953,4.645992842661989e-05,0.23761700386859239,0.00016289031175448907,8.505959862329819e-05,0.00028557545241005765,2659.0,0.9893537091219148
YOR227W,0.0010188487009679063,0.0008696208913831215,3.8557580595038304e-05,0.25513208833707834,0.0009836660596374122,0.00012117803686272984,0.0003967380954250568,2019.0,0.9894054230292683
YPL137C,0.00025471217524197657,0.0,1.9083014035680008e-05,0.22371787556407335,0.0,5.8513403035564694e-05,0.00018318585469340726,3307.5,0.9893209624210997
YOR329C,0.00025471217524197657,0.0,1.9083014035680008e-05,0.22371787556407335,0.0,5.8513403035564694e-05,0.00018318585469340716,3307.5,0.9893209624210997
YPR107C,0.0033112582781456954,4.243868884922436e-06,7.924914591196374e-05,0.2464349747839129,3.2592052550834325e-06,0.0002862009538990234,0.0005154079280235647,780.0,0.9895927045563951
YJL172W,0.002292409577177789,0.0008216587733153358,8.748490034014046e-05,0.2606984777018534,0.0008600877639650251,0.00023056625161203926,0.0004983937544958132,1179.0,0.9895179390611685
YDR034C,0.00025471217524197657,0.0,6.9395165286460244e-06,0.20887226471553047,0.0,6.227809476112317e-05,0.00017889649693745197,3186.5,0.9893229899581496
YDR039C;YDR038C,0.0005094243504839531,9.475689715581828e-06,1.3277787009626546e-07,0.19667518431016795,1.2165284734717759e-05,9.36203097032273e-05,0.00025783607390739523,2495.0,0.9893613908617791
YDR046C,0.0005094243504839531,4.96494871180306e-06,3.9900993296746345e-07,0.19960485668378325,7.38820024271873e-06,9.267925479984948e-05,0.0002608152588037238,2511.0,0.9893601509452309
YDR044W,0.0010188487009679063,0.000699838443180451,1.0574995776421849e-05,0.2497485516265109,0.0007202492090549498,0.00017225743730666984,0.00034256175886583076,1967.0,0.9894094146879439
YLL040C,0.0012735608762098828,0.0007941790322357595,5.2126982750899615e-05,0.2535801899895292,0.0007894784330200932,0.00018226974391496293,0.0003955943040271639,1745.0,0.9894340703707
YDR104C,0.00025471217524197657,0.0,7.108252803253889e-07,0.20136169651076444,0.0,6.914796812629574e-05,0.00015711308449855912,3092.0,0.9893243532555124
YLR027C,0.001782985226693836,0.0005125105611853185,1.197123956586498e-05,0.24490682056691085,0.0005284696520821201,0.0001861657868983808,0.00047137552938719495,1404.0,0.9894818958135302
YDR158W,0.0007641365257259297,6.157464906464767e-05,1.3215307651707493e-05,0.231217877062,8.105504105954726e-05,9.284731937732972e-05,0.0003407056754250564,2325.0,0.9893805705159422
YDR059C,0.00025471217524197657,0.0,1.8636273709230678e-05,0.2312748869558697,0.0,6.47376697571282e-05,0.00018352783315490342,3368.5,0.9893201118708054
YJL023C,0.0007641365257259297,0.0,4.138858414212196e-06,0.20019061418659023,0.0,0.00010383698992974927,0.0003113542938587306,2114.0,0.9893925556616543
YLL033W,0.00025471217524197657,0.0,2.6300992421277648e-06,0.19844356540355815,0.0,5.78496539793881e-05,0.0001710357775757283,3090.0,0.9893243809534179
YDR070C,0.00025471217524197657,0.0,6.100850728790656e-05,0.24500277465620174,0.0,6.230338325313404e-05,0.00018477247807642284,3350.5,0.989320178104569
YDR077W,0.0007641365257259297,0.0005352831058536965,4.7894102958008166e-05,0.23089061483600454,0.0005397502674738997,0.0001542635434272044,0.000271698296897622,2121.0,0.9893920036947337
YER156C,0.00025471217524197657,0.0,6.532168567497742e-07,0.18678610499751452,0.0,8.207275180807202e-05,0.0001330220074352255,2959.0,0.9893281594386298
YNL049C,0.0005094243504839531,0.0,4.882307693068639e-05,0.2270620001867026,0.0,8.897669410209482e-05,0.0002660313605079849,2657.5,0.9893537193894328
YDR079C-A,0.0012735608762098828,0.0,9.858964379506213e-07,0.21577941632649378,0.0,0.00016152328090565305,0.0003820806288489957,1670.0,0.9894438543595517
YDR081C,0.00025471217524197657,0.0,6.7621568537081936e-06,0.22421253084050877,0.0,6.154981240274069e-05,0.00018094841616682266,3339.0,0.9893203575070261
YDR096W,0.00025471217524197657,0.0,2.737691439093988e-05,0.22239182568224017,0.0,6.474329260835993e-05,0.00018202361499746516,3252.0,0.9893219983130043
YDR090C,0.0015282730514518594,0.00013434702117041557,3.38247975942261e-05,0.241891076725232,0.000134489106244874,0.00015480362259571849,0.0004538256116270393,1588.0,0.9894562218885092
YPL007C,0.0028018339276617422,0.00032192121411518486,5.863303612276584e-06,0.23385517895070268,0.00037541670339408164,0.0003312431918664015,0.0004915131512488655,858.0,0.9895755337222691
YGL071W,0.0007641365257259297,0.0003228524484598268,1.4079268438713625e-05,0.2480806989609279,0.0003849817477844821,0.0001283633125481887,0.0003366904610660453,2321.0,0.9893808004704057
YPR048W,0.00025471217524197657,0.0,8.653090004061775e-09,0.16554037022215193,0.0,9.368601985729561e-05,0.00012095372648362752,2878.0,0.9893343998910065
YHR186C,0.001782985226693836,0.0002602453106920282,1.0679597102432272e-05,0.24014160849238825,0.0002966824226326773,0.00019777365348470696,0.0004640136598480148,1398.0,0.9894832896197046
YKR058W,0.0012735608762098828,7.12628327943326e-06,8.8898962996887e-07,0.2141292370211776,7.924259760974694e-06,0.00018177409145612322,0.00038976989509043486,1663.0,0.9894462884373222
YER045C,0.00025471217524197657,0.0,9.163437908802181e-08,0.1869815853226888,0.0,7.430287699342484e-05,0.0001492949258486523,2977.0,0.9893276281867976
YOR043W,0.0005094243504839531,0.0,9.188709001503705e-08,0.18574121242995414,0.0,0.00014576685067352264,0.00016540423228109794,2442.5,0.9893685827946379
YLL010C,0.0005094243504839531,0.0,9.188709001503705e-08,0.18574121242995414,0.0,0.00014576685067352264,0.00016540423228109797,2442.5,0.9893685827946379
YJL020C,0.0010188487009679063,0.0,1.515831587571007e-06,0.205643874545633,0.0,0.00014667747124131518,0.0003356142311523411,1844.0,0.9894218857346176
YKL007W,0.0015282730514518594,9.807096101690004e-05,8.519997376704207e-06,0.23224837456422617,0.00011145504031480875,0.0001969809691676441,0.00039515467289205825,1542.0,0.9894627380599614
YOR264W,0.0005094243504839531,1.670995666762477e-05,2.012034485917467e-06,0.21994093974354145,2.2821818887344473e-05,7.664144452391468e-05,0.0002726076324668584,2684.0,0.9893530011761603
YCL030C,0.0025471217524197657,0.0003467598354788504,3.3947972941058976e-05,0.2560374294448665,0.0003498428634700023,0.00020869185451018537,0.0005185868494076176,1079.0,0.9895342094488307
YGL075C,0.00025471217524197657,0.0,9.061654719004704e-08,0.18571363119759807,0.0,8.319455537207997e-05,0.00013649154420359948,2952.0,0.9893284621241074
YDR105C,0.0005094243504839531,7.116190674605617e-05,1.329948499419524e-05,0.24672667134116355,6.298615175757173e-05,9.69301777114857e-05,0.0002841257767324581,2819.0,0.9893485268223111
YDR111C,0.00025471217524197657,0.0,4.6366704116871846e-05,0.2131802551752883,0.0,4.554530879306208e-05,0.00018365198320617238,3143.0,0.9893235499959084
YDR127W,0.0007641365257259297,0.0005745944578579836,5.4425596943057175e-05,0.24481094160805647,0.0006418174891719973,0.00011479205374782964,0.0003419423303938427,2225.0,0.9893852035213043
YOL130W,0.0005094243504839531,0.0,2.7446987417550678e-08,0.1768046977562355,0.0,0.0001107662040790366,0.00024392385291783022,2433.0,0.9893703871636781
YDR137W,0.0007641365257259297,1.8716333287020705e-05,9.123900603651123e-05,0.2432554778971132,2.0401060566339795e-05,8.823467313410603e-05,0.0003498591569354663,2358.0,0.9893787342362044
YLR039C,0.003565970453387672,0.0007054314092707989,0.00012343886421475983,0.2608434712934562,0.0006603653326100713,0.000297943325232717,0.0005477069293870847,706.0,0.9896057491753054
YDR132C,0.00025471217524197657,0.0,1.0276548861897126e-05,0.24281468360633404,0.0,6.730226547843438e-05,0.0001847901188894193,3411.5,0.9893181502654183
YNL004W,0.0010188487009679063,0.001544360945162981,3.6175450480751454e-06,0.22207590950488748,0.001558452236728893,0.00022107093166562038,0.0002629788469333888,1986.0,0.9894080963548578
YDR140W,0.0005094243504839531,0.0,3.074144598635707e-05,0.1934205841367705,0.0,0.00010142427619363456,0.00021079646719239915,2460.5,0.9893646898452239
YDR147W,0.0005094243504839531,0.0002453945747891025,4.592730428746516e-06,0.229338171826716,0.00027958403174208925,0.00010102352971892667,0.00028276045689706484,2580.0,0.9893565370151456
YDR150W,0.0012735608762098828,0.0005939714501405316,6.87555312405346e-07,0.19599710030220308,0.000628099578701276,0.0002492041549182766,0.00033735118666818525,1481.0,0.9894713333763426
YGR097W,0.0010188487009679063,0.0006964715147199111,4.7407041624007025e-05,0.23279596023360885,0.000713915228126366,0.00015107188953287695,0.00037352560274166386,1873.0,0.989418056220965
YNL154C,0.00025471217524197657,0.0,9.376947807257943e-09,0.16327121371127387,0.0,8.072519142268234e-05,0.0001470313633949839,2883.0,0.989334212635645
YDR152W,0.0005094243504839531,3.363102162374167e-06,0.0008801398667298545,0.22220743210453503,6.996763458622551e-06,6.315181396426286e-05,0.0002795386459423427,2101.0,0.9893933710305909
YPR029C,0.0012735608762098828,0.0004481626336181091,1.7008195996105665e-06,0.20939683508678836,0.000512000709137609,0.0002521000593904729,0.0003081839056930145,1552.0,0.9894611849270701
YLR170C,0.0007641365257259297,0.0,6.016200009407205e-08,0.1834884825452403,0.0,0.0001747756569346499,0.0002309722412281119,2012.5,0.9894059911984224
YDR153C,0.0007641365257259297,0.0006833934146624807,6.365990577263429e-05,0.2204319658706935,0.0007056710226096011,0.00015938180565888224,0.0002568752128081969,2067.0,0.9893977832812771
YJR027W,0.0010188487009679063,2.4819866804280748e-05,1.0008533246292662e-05,0.22387806498508706,2.5975807386833878e-05,0.00013432776977520273,0.0003592440815781025,1934.0,0.9894121214109929
YJR029W,0.0015282730514518594,0.00010311830440134172,1.0230395700533201e-05,0.22454799755132407,0.00011924918586140134,0.00019547416006855707,0.0003977783018909498,1510.0,0.9894681811810859
YOL103W-B,0.0015282730514518594,4.149936037096477e-05,2.5450769524147465e-06,0.21330144918050448,7.224640629917106e-05,0.0001958047247883355,0.00039597276532378977,1455.0,0.9894748121362725
YML039W,0.0015282730514518594,0.000149698382901797,1.5527610482074254e-05,0.23079119708956597,0.00018855064928918066,0.0001935544916659386,0.00041446708440513345,1533.0,0.9894651584397015
YPR158C-D,0.0007641365257259297,0.0,9.640529926688424e-07,0.20009452781638706,0.0,0.00011554405206933153,0.00030311197609380697,2106.0,0.9893931325071736
YHR149C,0.0007641365257259297,0.00027305294006270945,1.2841243448829344e-05,0.2414552088992261,0.0003058217636023528,0.00010636483917686554,0.00034850043030030826,2306.0,0.9893812340796149
YIL056W,0.0005094243504839531,3.594287622687703e-05,3.918899140319798e-05,0.23557308288347298,4.4644603683014833e-05,7.488713609168976e-05,0.0002830373476951649,2738.0,0.9893510225065412
YLR256W-B,0.0005094243504839531,0.0,9.256221766613968e-06,0.218569992490101,0.0,8.446941023845193e-05,0.0002693116224943496,2653.0,0.9893537741419023
YDR156W,0.0033112582781456954,0.0,8.656417063399308e-05,0.2399573094835683,0.0,0.00020293740097031393,0.000537780150472524,769.0,0.989594522876666
YDR169C,0.0007641365257259297,7.242010589737424e-05,3.2399433389961315e-06,0.22493839874610755,7.390790698991382e-05,0.00011783480710957928,0.00033425424868848493,2246.0,0.9893839557035186
YDR168W,0.00025471217524197657,0.0,7.20466853917825e-07,0.2067544217272868,0.0,7.258793331987839e-05,0.00015762728163790337,3144.0,0.9893235473488563
YJR083C,0.0005094243504839531,1.0895004509761511e-05,3.448030182883835e-06,0.2208991752184324,1.4317699589859354e-05,7.734269327922752e-05,0.0002724708151645839,2691.0,0.9893526604961164
YDR170W-A,0.00025471217524197657,0.0,1.0058599904506453e-05,0.223731215926361,0.0,6.408394527242678e-05,0.0001820334728067386,3320.0,0.9893207682480843
YDR177W,0.0012735608762098828,0.00042091714339006635,4.5377474492470843e-05,0.2506160237181934,0.00042715542894067554,0.00015060083856116221,0.0004209635293856345,1765.0,0.9894323794869575
YDR178W,0.0007641365257259297,0.0,4.611428488216371e-06,0.21692717917929427,0.0,0.00010246024412782376,0.0003305580666162726,2234.0,0.9893847587409206
YDR180W,0.00025471217524197657,0.0,5.574536410582507e-71,0.00025471217524197657,0.0,0.00025464731347084286,None,3892.5,0.5950153159491425
YER147C,0.00025471217524197657,0.0,5.574536410582507e-71,0.00025471217524197657,0.0,0.00025464731347084286,None,3892.5,0.5950153159491425
YKL040C,0.0010188487009679063,8.804129853278094e-05,6.2619207506534734e-06,0.21964480102359643,0.0001214499497300514,0.00014612478628604818,0.00035335621818324305,1889.0,0.9894166443201043
YJL045W,0.00025471217524197657,0.0,7.694304527901576e-07,0.18943615526027838,0.0,6.121414318055365e-05,0.00017117039574605908,3003.0,0.9893263393329391
YLR078C,0.001782985226693836,5.287767379379227e-05,1.4776928936341134e-06,0.22197080347187328,6.302840369709387e-05,0.00016811864344832398,0.0004625931067421132,1353.0,0.9894905695541393
YLR026C,0.00025471217524197657,0.0,3.1455162782563324e-07,0.19834914839739234,0.0,6.343174864102981e-05,0.0001646221026620735,3076.0,0.989324585950328
YDR183W,0.0020376974019358125,0.0,7.3224785397349095e-06,0.22309266803930752,0.0,0.0001751139502453139,0.0004816262597409776,1205.5,0.989511423079193
YDR196C,0.0005094243504839531,2.0178876579360082e-05,1.4551394947070912e-06,0.22282768090539695,1.95489062756782e-05,7.68903554250488e-05,0.0002796328568591937,2708.5,0.9893521514180755
YPR019W,0.0038206826286296485,0.0004098340514732533,1.5572993837161397e-05,0.2440942353187869,0.000440848096206467,0.00036796515824290277,0.0005338471145105423,586.0,0.9896307622259132
YLR201C,0.0010188487009679063,6.027962027564887e-05,1.640936956269694e-05,0.2287648613551048,7.114155921772878e-05,9.541423372063505e-05,0.00038573732138774485,1977.0,0.9894087741561736
YDR197W,0.0012735608762098828,5.359757652228173e-05,4.0554468136418714e-05,0.2001692536857167,5.903434872639111e-05,0.00018627200951052406,0.00033115887369761677,1562.0,0.9894602472682502
YDR205W,0.00025471217524197657,0.0,9.339811409954047e-07,0.1932512228217911,0.0,5.679409521065824e-05,0.00017147489781056647,3047.0,0.989325250755452
YAL041W,0.0015282730514518594,0.00036384239546252765,4.42058391831377e-05,0.2442849463562129,0.0004236956191206471,0.00019299437033721092,0.0004382964355040093,1554.0,0.9894609623820831
YER033C,0.0012735608762098828,5.264446324432657e-05,1.5588345614339108e-06,0.22511384718816066,5.332795164311133e-05,0.00015957944648749923,0.00041677508791885127,1703.0,0.9894391760886406
YER088C,0.0007641365257259297,0.00015114190979663788,3.6535405227773024e-05,0.23263718322700108,0.00017432055013223374,0.0001088993752839559,0.0003436840328188204,2244.0,0.9893839914614375
YDR211W,0.001782985226693836,0.0,0.0002666321972725086,0.2232253980893071,0.0,0.00016208144687817792,0.0004488048695112316,1276.0,0.9895021852070434
YDR210W,0.00025471217524197657,0.0,3.6148816998036675e-06,0.20228447763020668,0.0,6.877843017997537e-05,0.00017565942718943744,3087.0,0.9893244091745218
YER052C,0.0020376974019358125,0.00033867709894815876,3.1130408889300716e-05,0.23521863777099078,0.0004010123982744266,0.00020764304504753211,0.0004763555460021422,1207.0,0.9895112832535192
YGL009C,0.0007641365257259297,0.00011006324087836469,1.0767310627067984e-05,0.2364042902832256,0.0001363811021907544,0.00011429027723924322,0.00033611396596471287,2323.0,0.9893806756077346
YDR213W,0.00025471217524197657,0.0,2.737691439093988e-05,0.22239182568224017,0.0,6.474329260835993e-05,0.0001820236149974648,3252.0,0.9893219983130043
YDR221W,0.00025471217524197657,0.0,6.377884058100984e-09,0.1654527711374994,0.0,9.905000549184997e-05,0.00010608975646159977,2874.0,0.9893347443271189
YDR217C,0.00025471217524197657,0.0,1.289490248927842e-05,0.22195767221279425,0.0,6.417310198136226e-05,0.00018225209811808756,3288.5,0.989321219947145
YDR224C,0.028273051451859398,0.01071011518307527,0.015357701181694515,0.30603364527610716,0.009591481068607561,0.0013199546191260596,0.0006371130291694994,3665.0,0.9862365984200052
YAL011W,0.004330106979113601,0.0006160301202264029,0.0004520627756820415,0.2628352007765376,0.0006239453744552608,0.0002676282827780018,0.0005622603074392768,471.0,0.9896555087151672
YBL052C,0.0058583800305654615,0.0010210781052917125,0.0015271961347008939,0.26465207667948604,0.0009892558410631214,0.0003125336064562354,0.0005859196506386567,50.0,0.9897440911449679
YBR060C,0.0025471217524197657,0.00039940196350420087,0.0004161033892859513,0.26026446247815443,0.00038525540547657174,0.00019321041309256802,0.0005064854472767415,1013.0,0.9895480529755818
YBR087W,0.0033112582781456954,0.00010230489983302492,0.0007618065561693785,0.24770400020367558,0.00010529393623639357,0.00022612833606933347,0.000530378043505221,638.0,0.9896209377682594
YBR114W,0.0012735608762098828,0.0002895124023220377,0.00036943248785323496,0.2413309635997346,0.000275708889144139,0.0001409084911486804,0.00041529401932944,1630.0,0.989451092614441
YBR231C,0.004075394803871625,0.00010799052593194711,0.00043529988797512,0.2542848181013266,7.201791445458799e-05,0.00024227017999677448,0.0005569919682912922,533.0,0.9896432113854923
YDL156W,0.004839531329597555,0.001457555770871346,0.0010311349533491587,0.2723557267047818,0.0014171145856778054,0.00026962841098382244,0.0005741648796400755,317.0,0.9896846327562848
YDR485C,0.004330106979113601,0.00025935108083085406,0.0004408888173184165,0.2583647218761241,0.00024961262089447014,0.00025173060975380987,0.0005621856406541388,475.0,0.9896548972025766
YFR013W,0.003565970453387672,7.396392166429402e-05,0.004117747522537553,0.26429786496795393,6.10911290975921e-05,0.00017443336831634063,0.0005513822703914559,440.0,0.9896614359642776
YGL241W,0.0015282730514518594,0.0002806354807444692,0.0004113842461668497,0.24024924704393122,0.00027378167559469153,0.0001402186745360461,0.0004531069811965202,1435.0,0.9894772657167407
YGR245C,0.014518593988792664,0.001362459113475204,0.058295240904750835,0.27269223716004604,0.0012608634661132512,0.00044020917370378475,0.0006242789926953048,3746.0,0.9702428345021169
YHR118C,0.0028018339276617422,0.0006010492766764933,0.0003655364484131615,0.2664942461172721,0.0006356610707696784,0.00021995710915646174,0.0005162251447658609,931.0,0.9895612223999865
YKL005C,0.0007641365257259297,1.2756012023296739e-08,0.00032931087675746196,0.2346009185947023,1.2125207222318894e-08,7.059086672539224e-05,0.0003530811526667619,2116.0,0.9893924921065369
YJR144W,0.0038206826286296485,0.0005274992010581423,0.012687506661990035,0.26942212344428224,0.0004917905819346285,0.00017917177421318916,0.0005582137438916318,3489.0,0.9890995194419417
YKL089W,0.0010188487009679063,0.00017349061664618433,0.00036859003265325566,0.23563226094863243,0.0001464311176777441,9.941528664193181e-05,0.0003903012833692837,1832.0,0.9894252390359636
YKL114C,0.003565970453387672,1.317318805951891e-07,0.0008968603244131017,0.25044873446933275,1.1343511410366231e-07,0.00018310553280410325,0.0005505171060391004,579.0,0.9896337981712238
YLL004W,0.002292409577177789,2.1099405471241768e-07,0.00040596511836247314,0.24048022632259158,2.006128270506597e-07,0.0001649316161520084,0.0004927841801755835,1067.0,0.9895372886957541
YLR085C,0.004075394803871625,0.00010799052593194711,0.00043529988797512,0.2542848181013266,7.201791445458799e-05,0.00024227017999677448,0.0005569919682912879,533.0,0.9896432113854923
YLR385C,0.003565970453387672,2.0974231026924903e-06,0.00033249124718373434,0.24721436984154138,2.51708296667167e-06,0.00021246399432157094,0.0005449329235001584,659.0,0.9896152251916637
YML041C,0.004075394803871625,0.00010799052593194711,0.00043529988797512,0.2542848181013266,7.201791445458799e-05,0.00024227017999677448,0.0005569919682912882,533.0,0.9896432113854923
YML065W,0.0020376974019358125,1.576875940157347e-07,0.0003956325235650366,0.2404494034276515,1.4035334974136586e-07,0.0001513126819708524,0.0004791367649562242,1188.5,0.9895157930813019
YMR044W,0.0058583800305654615,2.8955392893983898e-05,0.0016430842977402191,0.25900679905322893,3.7148584689893667e-05,0.0002823981343138194,0.0005847257080893335,54.0,0.9897431222985971
YMR075W,0.002292409577177789,0.0002830242255022933,0.0005487339488553483,0.24312937345030286,0.00021759423799448766,0.00016917319686022268,0.0005007967802659539,1020.0,0.9895463029599372
YNL107W,0.006113092205807438,0.0006608208459709668,0.00054519113507488,0.258151402991955,0.0006365751394387695,0.0003697159118658638,0.0005816804009118315,100.0,0.9897242637239119
YNL206C,0.0033112582781456954,2.9778071787014683e-06,0.0008525826826192445,0.2512201199253481,3.704538821145134e-06,0.00017677721035895538,0.0005439820753181902,654.0,0.9896164226832612
YNL261W,0.0025471217524197657,0.00030150153232929097,0.00040664728569802535,0.2448269162208857,0.0003123034997690417,0.00018838919975256398,0.0005057457280377495,949.0,0.9895594833863632
YOL012C,0.011971472236372899,0.0008894528516755531,0.0018127111842116295,0.27634768292590955,0.0008557754526797894,0.0006257206593277372,0.0006161855542487679,390.0,0.9896726322497789
YOL054W,0.002292409577177789,7.597209069479837e-08,0.0007025081751987002,0.2502482819372423,5.627335255553494e-08,0.00013263002958212455,0.0005082790657329236,1060.0,0.9895399672938922
YOR217W,0.007641365257259297,0.0005582506249346258,0.00877154024217144,0.2676539086235607,0.0005452077431951795,0.0003697492694019137,0.0005989812014569556,778.0,0.9895929096060392
YOR386W,0.0012735608762098828,0.00014864444491797182,0.0003946838465322647,0.24209397929313936,0.00015234109770419143,0.00010459441524753751,0.00043037955840222414,1652.0,0.9894477552737548
YPR031W,0.004584819154355578,0.0013939043317123606,0.0013667762240916024,0.26965448405096115,0.001262850915545956,0.00026354391477569376,0.0005708959944206031,304.0,0.9896881808220998
YPR162C,0.0020376974019358125,1.576875940157347e-07,0.0003956325235650366,0.2404494034276515,1.4035334974136586e-07,0.00015131268197085242,0.0004791367649562252,1188.5,0.9895157930813019
YDR228C,0.0015282730514518594,0.0017429713427781783,3.6086868659153986e-05,0.24625705507253046,0.001756077682932781,0.00033625613277813175,0.00034547420084413843,1637.0,0.9894501269742725
YGL044C,0.00025471217524197657,0.0,4.924399828332468e-07,0.1967164311374757,0.0,8.615326886330567e-05,0.00014855370749193897,3005.0,0.9893263221810205
YOR250C,0.00025471217524197657,0.0,4.924399828332468e-07,0.1967164311374757,0.0,8.615326886330567e-05,0.00014855370749193897,3005.0,0.9893263221810205
YMR061W,0.00025471217524197657,0.0,4.924399828332468e-07,0.1967164311374757,0.0,8.615326886330567e-05,0.00014855370749193908,3005.0,0.9893263221810205
YGR136W,0.0025471217524197657,0.0004665169566204131,0.00014875436068510393,0.25680852095038154,0.0005351225280059709,0.00022605500760074316,0.0005068346157426106,1052.0,0.9895413603814311
YDR232W,0.0010188487009679063,6.470605737479282e-05,0.0001348676830016391,0.23928395989062973,7.330363453538634e-05,0.00010194572589685993,0.00039558192145068593,1955.0,0.9894102893753544
YHR117W,0.0005094243504839531,0.0004980028618616377,1.103783184784552e-07,0.19498869613787934,0.0004980028618616377,0.0001652279189589643,0.00015995607233935084,2415.0,0.9893740140111029
YGR235C,0.00025471217524197657,0.0,2.499277964923039e-05,0.21490191254281882,0.0,5.4198287398572224e-05,0.0001786752945981771,3214.0,0.9893225017257891
YDR236C,0.0005094243504839531,0.0007253271734795789,6.947680271708484e-06,0.21635177552099377,0.0007280704701010313,0.00012250554245742904,0.00022374797174570763,2464.0,0.9893643162936258
YDR244W,0.0020376974019358125,0.0006887962856450094,7.280713530640437e-05,0.25213174457933435,0.0007795017004055031,0.0002390427075597562,0.00046740174529506193,1258.0,0.9895041748534608
YDR243C,0.0005094243504839531,0.00010765380312831733,4.6178155550298605e-05,0.2527942656707367,8.807699288776173e-05,9.087954880309959e-05,0.00028686822632630776,2804.5,0.9893489884806916
YLR191W,0.0010188487009679063,0.0,4.424398888069617e-06,0.21384853183727978,0.0,0.00015677563309595072,0.00033464069935921885,1876.0,0.9894178613282842
YNL214W,0.001782985226693836,0.0003054843206127294,0.0001864434986686346,0.23490937209398158,0.0003326411779998063,0.00022694570300579804,0.00042541904259932263,1311.0,0.9894982670303167
YMR026C,0.0015282730514518594,0.00045595471534127743,9.687198577923057e-06,0.23689686141464036,0.000488215586506439,0.00021636695671221347,0.0003882081225393471,1529.0,0.9894658008261199
YDR257C,0.007131940906775344,0.0016733657628539786,0.002570503465842711,0.2732085116933717,0.0016900193482613046,0.0004964095184966074,0.0005922306178282704,8.0,0.9897772311075239
YER049W,0.00025471217524197657,0.0,3.505156705882845e-05,0.2135442510577731,0.0,5.327593133159581e-05,0.00018097806814402857,3160.0,0.9893232809107008
YGL039W,0.0005094243504839531,5.591049061855045e-07,8.427310414666479e-05,0.2240251069432215,5.830844234046004e-07,6.995189240911374e-05,0.0002842880691017512,2609.0,0.9893555385222595
YJL145W,0.0007641365257259297,4.67494706438178e-06,0.00012977711519238758,0.22997073190837106,7.879124564738012e-06,7.380445909525168e-05,0.0003502743634041318,2235.0,0.9893847488961844
YNL001W,0.0020376974019358125,0.0004801601587382693,0.00242940274781704,0.26622951047222554,0.0005172997569867228,0.00016258468016113717,0.0004905261190777181,935.0,0.9895608429199393
YJR102C,0.0005094243504839531,0.0,2.25832295791474e-08,0.1716914149583615,0.0,0.00015715576702942196,0.00017307476904111882,2399.5,0.9893759415254779
YPL002C,0.0005094243504839531,0.0,2.25832295791474e-08,0.1716914149583615,0.0,0.00015715576702942196,0.00017307476904111882,2399.5,0.9893759415254779
YDR265W,0.0012735608762098828,1.4808795480598982e-06,4.44972413578255e-06,0.21386072110608034,2.754652088903424e-06,0.00019384345729115716,0.0003518757131897654,1655.0,0.9894472374491374
YDR267C,0.0005094243504839531,0.0,2.79952939384274e-08,0.17767545063622076,0.0,0.00016404878915477045,0.00012452863155471957,2418.5,0.9893732695210911
YHR122W,0.0005094243504839531,0.0,2.79952939384274e-08,0.17767545063622076,0.0,0.00016404878915477045,0.00012452863155471954,2418.5,0.9893732695210911
YMR313C,0.0010188487009679063,0.0003021226776965984,1.7286815205810998e-05,0.23965077229720708,0.0003436509181402704,0.00017692107966883584,0.00034350530014300623,1933.0,0.9894122462434423
YOR081C,0.0010188487009679063,0.0006061814756827356,1.1107564180006885e-05,0.25691402979218525,0.0006699096599197227,0.00015181092334334191,0.0003843093346269389,2020.0,0.9894053174076936
YDR275W,0.0005094243504839531,0.0,3.7425818241095893e-07,0.20187089697003519,0.0,0.00010970188738636441,0.00023709627880985108,2509.0,0.9893601814616783
YLR154C,0.0005094243504839531,0.0,3.120499769866414e-63,0.0005094243504839531,0.0,0.00025464731347084286,None,3850.5,0.6826616890880927
YNL072W,0.0005094243504839531,0.0,3.120499769866414e-63,0.0005094243504839531,0.0,0.00025464731347084286,None,3850.5,0.6826616890880927
YDR279W,0.0005094243504839531,0.0,3.120499769866414e-63,0.0005094243504839531,0.0,0.00025464731347084286,None,3850.5,0.6826616890880927
YDR291W,0.0005094243504839531,4.394955982998776e-05,1.4939624605576703e-05,0.22170847314808687,5.546547319064251e-05,8.147680063608163e-05,0.00027598677321565034,2642.0,0.9893542218665898
YDR293C,0.003565970453387672,0.0021739434148159067,1.5011997521986203e-05,0.23515966725697734,0.002148127842146035,0.0003969721146620495,0.0005299033079692902,800.0,0.9895882029592311
YIL129C,0.0020376974019358125,0.0009194773238930167,3.2203044671900114e-05,0.25351165480304555,0.0009261417009462744,0.0002098771841803605,0.0004809129832157657,1303.0,0.9894992406031697
YDR294C,0.0005094243504839531,6.48185784208422e-05,5.45561138562106e-05,0.24780215911003725,8.04782879227573e-05,8.004846750679916e-05,0.00028430076497845674,2781.0,0.9893495876494754
YNL021W,0.0007641365257259297,0.0,5.640833891553654e-07,0.20032956864141566,0.0,0.00018755135731609337,0.00020351168069939902,2070.0,0.989397229957523
YPR179C,0.0010188487009679063,0.0007213085642546781,1.8949476686368398e-05,0.23436644956493682,0.0007528882890658115,0.00022044332164317587,0.00025881265050290586,1862.0,0.9894192060782103
YDR295C,0.0010188487009679063,0.0008725840882894806,2.183954595064313e-05,0.23734643794819546,0.0008726184837394567,0.00021372753424960542,0.00025923436749128513,1887.0,0.9894169798970714
YDR300C,0.00025471217524197657,0.0,1.0276548861897126e-05,0.24281468360633404,0.0,6.730226547843438e-05,0.00018479011888941957,3411.5,0.9893181502654183
YJL062W,0.0005094243504839531,0.0,2.91670508876621e-07,0.20687982416657882,0.0,8.512977992725803e-05,0.00026243164091819475,2573.0,0.9893569836087197
YDR302W,0.0012735608762098828,0.0007258539979476252,5.4153985573625085e-06,0.22382464302840027,0.0007681080572346887,0.00018291356353946744,0.00036916326723429317,1647.0,0.9894481021322423
YPL138C,0.0028018339276617422,0.0008023900483394599,0.000224066415151585,0.23397184404371876,0.000851248513245351,0.0002977617418210434,0.00048108288732888254,806.0,0.9895865229112175
YLL031C,0.00025471217524197657,0.0,7.385098230473565e-08,0.18213458694587736,0.0,6.931042163240159e-05,0.00015276904848495019,2954.0,0.9893284173126892
YDR307W,0.0007641365257259297,0.0004980028618616376,3.890248987057572e-07,0.20467909503491755,0.0004980028618616377,0.0001335486771636017,0.00028297485567542794,2059.0,0.9893998602127582
YGR199W,0.00025471217524197657,0.0,5.306030729558118e-09,0.1692517363354869,0.0,7.605205998141836e-05,0.00013566895788381513,2913.0,0.9893320960235893
YDR316W,0.0005094243504839531,4.8047063353212585e-05,7.766899800113421e-07,0.20230629198129377,6.935682327012082e-05,0.00012216732875479732,0.0002133517711312913,2481.0,0.9893623193233728
YGR019W,0.0005094243504839531,5.177397999635922e-05,9.857694975808907e-07,0.2010164742076118,6.58373826001198e-05,0.00012544776494229038,0.00020964260076500617,2475.0,0.9893630055008596
YDR381C-A,0.00025471217524197657,0.0,1.7351189666177294e-06,0.216077660163849,0.0,5.8586757800626054e-05,0.00017573273219145938,3293.0,0.9893211945900539
YLR381W,0.0015282730514518594,0.00069691490203412,7.083856752996369e-05,0.2511024287970201,0.0006693019795745817,0.0001928350148099607,0.0004312082591732703,1566.0,0.989459756399336
YDR323C,0.00025471217524197657,0.0,5.345068486944251e-09,0.16317180530073383,0.0,8.320010611469788e-05,0.00013931401699485057,2879.0,0.9893343960172948
YGL095C,0.0010188487009679063,0.0005227421724034428,3.9196397065384286e-07,0.1958538649624197,0.0005458622854194759,0.0002105234817316454,0.0002993090201316651,1686.0,0.9894400543180498
YDR434W,0.0012735608762098828,0.0007060505831460564,2.388782863490263e-06,0.2258047960450815,0.0007410539545989654,0.00022664416659841821,0.0003600731337578869,1643.0,0.9894491872521
YHR188C,0.0015282730514518594,0.0003669989719657737,2.8504004771156914e-06,0.23417628829640955,0.0004108985480220826,0.00019298538694795473,0.00042497808414618986,1531.0,0.9894652771381528
YJL139C,0.00025471217524197657,0.0,3.257728364409696e-08,0.18344362641593281,0.0,7.672924143215314e-05,0.00015118955361642498,2949.0,0.9893286145017958
YDR331W,0.0007641365257259297,0.0,8.568489428835914e-07,0.20860516463277404,0.0,0.00012937873249366125,0.00030997517382809866,2144.0,0.9893898468336284
YDR335W,0.00025471217524197657,0.0,1.289490248927842e-05,0.22195767221279425,0.0,6.417310198136226e-05,0.00018225209811808746,3288.5,0.989321219947145
YDR332W,0.0005094243504839531,0.00023050097603858813,2.89128225711278e-05,0.2562122706285901,0.0001922615188074655,9.384283821493614e-05,0.0002874577798680677,2791.5,0.9893494470543254
YDR345C,0.00025471217524197657,0.0,6.789349750165981e-07,0.18998291007570378,0.0,6.0369491441791644e-05,0.00017046758959762538,3010.0,0.9893261559839678
YDR343C,0.00025471217524197657,0.0,2.1309994290447094e-07,0.2023826792753155,0.0,6.84204101438932e-05,0.00017015498716599242,3104.0,0.9893241336054249
YJL019W,0.00025471217524197657,0.0,9.868194142543447e-07,0.20424455585656362,0.0,7.006182985035551e-05,0.00015533674491840488,3123.0,0.9893238673619263
YDR346C,0.0007641365257259297,6.38912937601235e-05,0.0005524600986656466,0.23331711280922046,7.801650851138699e-05,9.675688833752891e-05,0.00033375545503178426,2005.0,0.9894063879947588
YDR349C,0.00025471217524197657,0.0,5.574536410582507e-71,0.00025471217524197657,0.0,0.00025464731347084286,None,3892.5,0.5950153159491425
YIL147C,0.00025471217524197657,0.0,5.574536410582507e-71,0.00025471217524197657,0.0,0.00025464731347084286,None,3892.5,0.5950153159491425
YDR350C,0.0005094243504839531,3.8711813343096326e-05,5.4175724852682626e-05,0.24254783703439614,5.583955450627657e-05,0.00011097717697612243,0.00024270236704333065,2719.0,0.9893519023488011
YDR352W,0.0020376974019358125,0.000857735903033725,4.0172406198778194e-05,0.2603366979659363,0.0008286419477750295,0.00023533414293881757,0.00047679027806271467,1325.0,0.9894967028766012
YNL054W,0.00025471217524197657,0.0,5.481413422929189e-07,0.2055987994457271,0.0,6.321161605298085e-05,0.0001685102189785492,3162.0,0.9893232157229565
YHR106W,0.0005094243504839531,4.1774539077512715e-05,1.1410031704760918e-05,0.24674289695416768,4.832639146469414e-05,8.863338903485949e-05,0.0002768106080779495,2828.0,0.9893475173103086
YDR353W,0.001782985226693836,0.00047964425986388946,8.312272708512584e-05,0.25435377202122395,0.0005670885663681025,0.00017523551956636802,0.0004665992425189059,1429.0,0.9894786668072347
YPR045C,0.0007641365257259297,0.0002492398573793383,1.3330224970598489e-05,0.2477694308317423,0.0002555038060134609,0.00013396754407606363,0.00032112047748535766,2335.0,0.9893798196812522
YDR367W,0.0010188487009679063,8.923253483704276e-06,5.660148811889199e-07,0.21013567578185796,1.0602971229565762e-05,0.0001102968783421825,0.00038451054794820375,1883.0,0.9894172580156447
YIR009W,0.0028018339276617422,0.00026066545221049576,5.197717353629691e-05,0.22444053903721203,0.00027879202460267123,0.00013743170092610983,0.0005197351084942594,859.0,0.9895754761092066
YPL213W,0.010188487009679063,4.158295315094887e-05,0.00020675618785559046,0.24500277465620174,3.693198038647023e-05,0.0003535095534859203,0.0005991219187986021,593.0,0.9896288405079773
YDR368W,0.0007641365257259297,7.321892610430928e-05,7.060950201376243e-06,0.23047929793507427,7.323158154183123e-05,0.0001075391291899451,0.0003439994594204383,2299.0,0.9893813752552076
YDR369C,0.0005094243504839531,1.9910514454357374e-05,4.7447636495539545e-07,0.19719201613943732,2.7593298892842248e-05,0.00011325759432176298,0.00022858234829519066,2479.0,0.9893627706420903
YMR224C,0.0005094243504839531,0.00015151576859385383,2.6056229054124255e-06,0.21830293193024228,0.00017278473243644913,0.000115358683309042,0.000236408776628449,2530.0,0.9893588493163388
YDR370C,0.00025471217524197657,0.0,2.2351417650961766e-06,0.21056021612240158,0.0,7.255270748822539e-05,0.00017946203026647078,3180.5,0.9893230311062077
YDR373W,0.00025471217524197657,0.0,4.023452670054986e-07,0.2008120579685867,0.0,6.060707909619621e-05,0.00017333649566636405,3116.0,0.989323964894223
YDR379C-A,0.0007641365257259297,0.0,6.237889364184947e-06,0.20742881971943133,0.0,0.00010239797841746505,0.0003374201124298943,2157.0,0.9893891110699972
YDR377W,0.002292409577177789,0.0,5.9635063125554216e-05,0.23653842460503555,0.0,0.00015111419427335577,0.0004980223951552451,1148.0,0.9895228714753851
YGL064C,0.0020376974019358125,0.0002157718061157412,0.005442710322230667,0.2571958110148803,0.0002284402665160424,0.0001145726466950043,0.0004919479015435184,1083.0,0.9895329859031681
YMR039C,0.0005094243504839531,8.956899511845065e-05,0.0013239732087978857,0.24399899142128334,9.574943563642682e-05,7.365358382577228e-05,0.00027215211625472823,2048.0,0.9894017997924338
YKL157W,0.0015282730514518594,0.0007777401617001659,3.440421946326112e-05,0.25435377202122395,0.0008292071951245514,0.0002020264628543725,0.000414848192560111,1584.0,0.9894564637429429
YIL079C,0.0010188487009679063,0.00011125225960237119,0.0013936807134641393,0.24760591903154977,0.00013217081254518516,9.740698598136296e-05,0.0003673521983037819,1590.0,0.9894558931660895
YLR432W,0.0025471217524197657,0.00036291133562435675,0.01116761370023884,0.25354591776490565,0.00037591176896292734,0.0001460382095615276,0.0005097087162862942,3484.0,0.9891291795193606
YDR390C,0.0005094243504839531,0.0004980028618616377,1.0278461000698702e-05,0.2428461159278365,0.0004980028618616378,0.00015744329190864358,0.00018485843891522958,2542.5,0.9893581834560558
YPR180W,0.00025471217524197657,0.0,1.4019007722047085e-07,0.19453375284311059,0.0,0.00010473231072944841,0.00010814850581567288,2973.5,0.9893277571042682
YKR019C,0.00025471217524197657,0.0,2.1539078208748764e-06,0.1903878059108476,0.0,6.155088251499772e-05,0.00017183495198579377,3008.0,0.9893262519147913
YDR399W,0.00025471217524197657,0.0,2.817823624857312e-06,0.20903518252187162,0.0,5.5597137564539746e-05,0.0001806176216234023,3229.0,0.9893223088316776
YDR411C,0.0010188487009679063,0.0009207909020326564,7.215483184839629e-05,0.2574605428590595,0.001041748889073143,0.0001471600621576181,0.0003933967879755813,1999.0,0.9894070560895595
YDR400W,0.00025471217524197657,0.0,1.0276548861897126e-05,0.24281468360633404,0.0,6.730226547843438e-05,0.00018479011888941987,3411.5,0.9893181502654183
YDR419W,0.00025471217524197657,0.0,1.699164277098903e-05,0.23012588880551238,0.0,6.406466466191679e-05,0.00018270528319547252,3362.0,0.9893201566390197
YDR418W,0.018848700967906265,0.00033202054384537106,0.08498897531216747,0.27926851440901185,0.00030740694905606836,0.0004988864956366447,0.0006306565658013186,3788.0,0.9499717048668802
YER063W,0.004330106979113601,1.4875031385338075e-06,0.02570788374166242,0.2523861490034356,1.476464129689142e-06,0.00013659548396957393,0.0005678611155851855,3676.0,0.9858166256995162
YLR448W,0.018084564442180335,0.0004676795468832106,0.09148098900736887,0.28077321642483527,0.000451200097859576,0.00048036430586799147,0.0006296991442229041,3796.0,0.9445116170476956
YML073C,0.027763627101375445,0.0044970817426015245,0.10593989227781304,0.29220969556737336,0.004340319963858323,0.000867860419910683,0.0006375632276727081,3806.0,0.9330787424772374
YDR421W,0.00025471217524197657,0.0,3.8024616671197354e-07,0.1695806775631672,0.0,0.00010326359629557549,0.00010695879671885461,2886.5,0.9893338919955695
YOR101W,0.0007641365257259297,0.00099587593407984,2.7885587679207484e-05,0.20516035056239468,0.00099587593407984,0.00022301804963044565,0.00018140936318414015,2042.0,0.9894026609849986
YDR425W,0.00025471217524197657,0.0,1.1533615543364115e-07,0.1934205841367705,0.0,8.46944484811127e-05,0.0001439135147356677,2990.0,0.9893268792305779
YML106W,0.0005094243504839531,0.0004980028618616377,0.00022829262941085376,0.20872121111955239,0.0004980028618616377,0.0001277583448608248,0.00017892913828947295,2337.0,0.9893798146043138
YKR072C,0.0015282730514518594,0.00045757015132306717,0.0015345006838218106,0.23882702043826057,0.00044353584883109477,0.00019127931410304244,0.0004003456938795141,1142.5,0.9895233295043248
YML016C,0.0010188487009679063,3.0196395293736207e-05,4.318492527666002e-05,0.2010164742076118,4.567872349305584e-05,0.00015586715969918117,0.000328269097298486,1798.0,0.9894289289923086
YOR054C,0.0007641365257259297,0.0,4.243770403199891e-05,0.19289355257236512,0.0,0.00012581734353192244,0.0002838731276801871,2057.0,0.9894002161280161
YKL088W,0.0015282730514518594,0.00045757015132306717,0.0015345006838218106,0.23882702043826057,0.00044353584883109477,0.00019127931410304244,0.00040034569387951453,1142.5,0.9895233295043248
YDR437W,0.0005094243504839531,0.0009957461444364047,3.5650818721059005e-08,0.17804643340222437,0.0009957461444364047,0.00025237112394148017,0.00010697025922010416,2339.0,0.9893796928868713
YGR216C,0.0005094243504839531,0.0004980028618616377,4.886268219545268e-10,0.15063322992954367,0.0004980028618616377,0.0002591364383483479,7.585300809647802e-05,2034.0,0.9894032815409726
YDR439W,0.0005094243504839531,0.0004198766951379225,2.8151482429902398e-06,0.21858272595893236,0.000468523030468327,0.00010160191683147267,0.00023584347936354087,2486.0,0.989361743990178
YDR441C,0.00025471217524197657,0.0,3.3820148209079677e-07,0.19711949622176492,0.0,7.833112859336045e-05,0.000136660946967681,3034.0,0.9893256689311444
YDR450W,0.0005094243504839531,0.0,0.0002571838137988113,0.22556044794307287,0.0,5.858240669773658e-05,0.00028251742004989773,2472.0,0.9893635230530942
YDR447C,0.011971472236372899,2.3264940712960128e-05,0.02071393334279767,0.2520470570391693,2.2645506312754507e-05,0.0003092562660983523,0.0006169884713397391,3643.0,0.9872380402959843
YDR385W,0.006113092205807438,0.0015924780653963075,5.620521733646683e-05,0.26394460014668125,0.001469912204134237,0.0004997311821431187,0.0005802303785331412,261.0,0.9896967451215342
YDR453C,0.0007641365257259297,1.905188508115743e-05,1.075921153417496e-06,0.22048378040107386,1.9892082471553944e-05,9.510422427301917e-05,0.0003383657451343048,2260.0,0.9893831261991793
YDR456W,0.00025471217524197657,0.0,3.833082813132576e-07,0.19565980867152033,0.0,6.17998589765559e-05,0.0001798991517582336,3053.5,0.9893250842510249
YDR464W,0.001782985226693836,2.8512543268580076e-05,3.2573778676812186e-05,0.21751826141139044,3.249250309237736e-05,0.0001390041064690207,0.0004652869192674034,1336.0,0.9894935424626657
YDR463W,0.00025471217524197657,0.0,2.2275274681172e-08,0.17168355866592266,0.0,9.014166920787115e-05,0.00014169290583200387,2902.5,0.9893325038840928
YDR471W,0.01553744268976057,0.00019215036257053163,0.0804113889017979,0.2752529154929993,0.00016982710537693488,0.000396739645154471,0.000626242677792788,3784.0,0.9532832593146362
YDR465C,0.00025471217524197657,0.0,1.0058599904506453e-05,0.223731215926361,0.0,6.408394527242678e-05,0.00018203347280673835,3320.0,0.9893207682480843
YDR479C,0.00025471217524197657,0.0,6.403359024374765e-07,0.16487113815903123,0.0,0.00010437161925524365,9.871948761029872e-05,2868.0,0.9893353228825099
YNL118C,0.001782985226693836,0.0008158624938617691,0.0001185384416579127,0.2492177011680554,0.0008995496973329237,0.00019225629538163964,0.00044195304681663973,1389.0,0.9894848895500872
YLR181C,0.0005094243504839531,0.00016993590812632194,5.999234194103299e-06,0.22735093565321904,0.00018953465195973676,9.459012671465648e-05,0.00026273563183630295,2611.0,0.9893554481886772
YDR486C,0.0010188487009679063,3.343176582067884e-05,3.01952002373146e-07,0.2005544414734378,4.056791095507196e-05,0.00016807027787408145,0.00035155700146796795,1816.0,0.9894272719862741
YKL041W,0.0020376974019358125,0.00016645309726964863,3.542213819656658e-07,0.210465725645654,0.000208408244343288,0.000293095274828969,0.00044257006967302065,1084.0,0.9895329307425262
YDR493W,0.00025471217524197657,0.0,1.962933919090284e-06,0.20137250381521438,0.0,6.195004914685259e-05,0.0001772944905605261,3111.0,0.9893240559135017
YDR497C,0.0007641365257259297,3.1399087507666114e-05,2.2057372057025497e-07,0.20190348657832824,3.9328937610375496e-05,0.0001232612772781404,0.0003219109166421634,2098.0,0.9893936364554803
YDR498C,0.0012735608762098828,0.0,1.2284728146667748e-06,0.21707778819052728,0.0,0.00015954786983283226,0.0003883232503096411,1674.0,0.9894429106293046
YGL098W,0.0020376974019358125,0.0011302379747665753,7.422203638280464e-05,0.25965207550761754,0.0011647361741268108,0.0002197178105351696,0.0004672365967826172,1329.0,0.9894958054169395
YGL145W,0.0015282730514518594,2.345529279909989e-05,1.3529343113949503e-06,0.22359788385489116,2.683104868877045e-05,0.00017894548891831294,0.0004181151265701954,1530.0,0.9894654853790876
YLR440C,0.0020376974019358125,0.0006118905214872454,5.294209129628701e-06,0.24567656437173088,0.0007021889470358544,0.00024437786915352166,0.0004602157850891186,1237.0,0.9895056199455499
YDR500C,0.017320427916454405,0.0015248940457818795,0.0772070948856573,0.27563712100242976,0.0013615362215238771,0.000488911078851987,0.0006289540722391518,3777.0,0.9560072124177038
YLR344W,0.020886398369842078,0.00023616552695266774,0.09972810595673974,0.28573394951527487,0.00018625862912114352,0.0005338914285281935,0.000632722268144665,3802.0,0.937928207120838
YOR056C,0.0010188487009679063,0.0007288480308520941,1.0362806193535742e-05,0.24603098302197207,0.0007531369406880671,0.0001736092489154535,0.0003554357918579918,1940.0,0.9894110903226622
YDR503C,0.0005094243504839531,0.0,4.524602534123786e-07,0.2005544414734378,0.0,6.72769139180557e-05,0.00028058645181710623,2549.0,0.9893580622617847
YDR513W,0.0020376974019358125,0.00045351979372441805,1.1774255875193044e-06,0.21954198309450404,0.0004619678638493824,0.00019919974764058692,0.00043634625900826644,1146.0,0.98952297998343
YAL033W,0.0038206826286296485,0.0010506659480753247,5.6082936144109195e-06,0.23357856509276437,0.0010635682580900018,0.00035168928756854534,0.0004914928048916653,562.0,0.9896374704109824
YBR167C,0.0033112582781456954,0.0006830956612429907,2.8759770274931636e-06,0.23014000436024498,0.0007546921898637565,0.000311927646896112,0.00047702492420880524,674.0,0.9896127776022433
YBL018C,0.0028018339276617422,2.4207564991481325e-05,1.1851680177272337e-06,0.21162910999408166,2.5985094081782423e-05,0.0002663347042945157,0.00044775915697277353,803.5,0.9895875352705363
YGR030C,0.003056546102903719,0.00039019055033164034,3.293452938922392e-06,0.22240500836307492,0.00040551934902160374,0.0002780063625210235,0.00046426695976128506,737.0,0.9896013300216971
YBR257W,0.0028018339276617422,2.4207564991481325e-05,1.1851680177272337e-06,0.21162910999408166,2.5985094081782423e-05,0.0002663347042945157,0.000447759156972775,803.5,0.9895875352705363
YNL221C,0.0033112582781456954,0.00033443460073150636,1.8135952928282167e-06,0.21809989484886788,0.000387214476229269,0.00033691360254623013,0.0004624347373167283,619.0,0.9896242595407103
YHR062C,0.0033112582781456954,0.0009378276418996106,5.5592462158812514e-05,0.2319898900071152,0.0009893484585782484,0.0002857699315897737,0.00047865976104682434,681.0,0.9896109988610885
YDR511W,0.00025471217524197657,0.0,1.962933919090284e-06,0.20137250381521438,0.0,6.195004914685259e-05,0.0001772944905605261,3111.0,0.9893240559135017
YDR527W,0.0020376974019358125,9.609713914535363e-05,5.1810214203692124e-05,0.23712143658503912,0.00011378596826662612,0.00014835768263519035,0.0004873506888756252,1262.0,0.9895036684054104
YDR520C,0.00025471217524197657,0.0,5.964426883957135e-06,0.2305359441526927,0.0,6.501960837413378e-05,0.00018327177264947946,3385.5,0.9893195474476101
YDR528W,0.0005094243504839531,4.209455666745836e-05,2.071404267643763e-06,0.21291411253462003,5.43877832678902e-05,7.767153484056127e-05,0.00028028688146324515,2601.0,0.9893559507728611
YDR530C,0.0007641365257259297,0.00014170387919220525,3.827777985973643e-05,0.25940075297878,0.00012656372616917286,0.00011178675384110501,0.0003500006839668376,2414.0,0.9893740670790736
YGL093W,0.0007641365257259297,7.31266227893426e-06,9.846333504713865e-07,0.20453404334305897,9.525281155485123e-06,0.00013246022976118904,0.0003049621544935399,2120.0,0.9893922145639765
YDR532C,0.0010188487009679063,0.00015286093119059007,1.6889815975216417e-06,0.2180872175706274,0.00018309304897602124,0.0001563165967443773,0.0003578939684879075,1863.0,0.9894191047996609
YDR539W,0.0025471217524197657,0.0008334589550819462,1.3204767602069761e-05,0.2525560373643695,0.0008870757912906065,0.00027387136443560747,0.0005006169415347924,1055.0,0.989540933086495
YGL226C-A,0.0012735608762098828,0.0,1.0451753486222347e-06,0.20127527981787854,0.0,0.00011806614367138283,0.00041653297903688276,1629.0,0.989451165295283
YEL003W,0.0012735608762098828,0.0,1.1228304752938938e-07,0.1856401212748045,0.0,0.00019786291196656141,0.000284416424173428,1506.0,0.9894685789990161
YGR078C,0.0012735608762098828,0.0,1.1228304752938938e-07,0.1856401212748045,0.0,0.00019786291196656141,0.000284416424173428,1506.0,0.9894685789990161
YML094W,0.0015282730514518594,0.0007556418716897495,5.673894295849594e-06,0.2109034564971936,0.0008121510585583904,0.0002171702892174958,0.0003248386448078434,1394.0,0.9894840359321397
YJL179W,0.0015282730514518594,7.850383666217054e-05,1.2810854256834982e-07,0.19124178047225004,0.00010716884902164445,0.00023119519062950378,0.00031156063344105813,1326.0,0.9894963227893625
YNL153C,0.0012735608762098828,0.0,1.1228304752938938e-07,0.1856401212748045,0.0,0.00019786291196656141,0.0002844164241734284,1506.0,0.9894685789990161
YJR131W,0.0010188487009679063,0.0002138852157327051,7.663511495532333e-06,0.23311416533613383,0.00025313105387191244,0.00010740735425100517,0.00039188065524565433,1961.0,0.9894099983311649
YEL005C,0.00025471217524197657,0.0,9.825118300083903e-06,0.211319205355397,0.0,6.523938118895492e-05,0.00017772735062126534,3198.0,0.9893228994014587
YHR163W,0.0005094243504839531,0.0004980028618616377,5.4035534775462154e-05,0.238933483479913,0.0004980028618616377,0.00014927289222212863,0.00018409473347984478,2499.5,0.9893611434446606
YEL009C,0.00025471217524197657,0.0,7.369559794741914e-07,0.19201496883751656,0.0,0.00010151199978378656,0.00010788666729599288,2960.5,0.9893281417775286
YLR258W,0.003056546102903719,0.0012264843770142656,9.505044417814068e-06,0.24958241808588266,0.0012709569827440668,0.00039967298688926313,0.0005023215887359307,840.0,0.9895795220166499
YJL137C,0.0010188487009679063,0.00033739340443280383,1.0767267040139396e-05,0.248129918066601,0.0003695691854299371,0.00015232593501961244,0.0003754806287305633,1998.0,0.9894070976873334
YEL011W,0.0010188487009679063,0.00013594070631008554,1.0519353005840988e-05,0.23394266685902693,0.00016208976227719801,0.00015141348618937065,0.0003728645729873972,1948.0,0.9894106455858797
YEL012W,0.0010188487009679063,0.00019818792263922777,2.7726122320705035e-06,0.21170075557665596,0.0002251465873837826,0.0001365911923463553,0.00035058289088355486,1841.0,0.9894224884648855
YGL211W,0.0010188487009679063,0.000750006781287675,5.6494833246682835e-06,0.20886063744628558,0.0007607596606179295,0.00020897602043679707,0.0002503572520069928,1774.0,0.9894313405768242
YNL119W,0.0007641365257259297,3.438973820882856e-05,8.78720763480784e-08,0.18084409751217398,4.870109843736696e-05,0.00018460866612662533,0.00019611919202114936,1965.0,0.9894094457479474
YEL014C,0.0005094243504839531,0.0,7.82406079626083e-08,0.17210882986628778,0.0,0.0001353377914007481,0.0001664685845368721,2412.0,0.9893741563960085
YEL015W,0.0005094243504839531,0.0,3.122505613549595e-06,0.19861163999179896,0.0,8.558646944811483e-05,0.00024336600689397388,2513.0,0.9893600218062731
YOL149W,0.0010188487009679063,0.00012079313455924982,0.00011038816788920952,0.22822217099057626,0.0001286115380724097,0.00011287453412414616,0.00035898045386786913,1893.0,0.989416348956698
YEL017C-A,0.00025471217524197657,0.0,3.833082813132576e-07,0.19565980867152033,0.0,6.17998589765559e-05,0.00017989915175823344,3053.5,0.9893250842510249
YDR359C,0.0028018339276617422,0.00019001473599030441,4.563003466325721e-05,0.22841668641696541,0.0002415294382527538,0.00025584244708063504,0.0005020106606627647,850.0,0.9895769878802172
YEL018W,0.0007641365257259297,2.48612720761919e-06,3.34969980195639e-05,0.21010037468277937,6.760116006948652e-06,0.0001091943087889853,0.0003076047777007132,2143.0,0.9893900183851929
YEL025C,0.00025471217524197657,0.0,1.289490248927842e-05,0.22195767221279425,0.0,6.417310198136226e-05,0.0001822520981180876,3288.5,0.989321219947145
YFL038C,0.0015282730514518594,0.0002980426668301158,2.13371575323893e-06,0.22798641861123375,0.00030482692452761143,0.0002082381817755689,0.0004072182499788424,1496.0,0.9894692492509338
YEL027W,0.0007641365257259297,0.00018462354595972477,2.1958213565353026e-05,0.22708948620536704,0.00017837860756054086,9.901457566789099e-05,0.00032305924220003634,2223.0,0.9893852321388461
YNR027W,0.001782985226693836,0.0004089432347972873,3.65953564109987e-05,0.2549760442463523,0.0003937485469659484,0.0001953106029358046,0.00046978221837643236,1445.0,0.9894760050681509
YEL029C,0.0007641365257259297,5.699081690079596e-05,1.1772667637403143e-05,0.24693777090200567,4.921010193810808e-05,0.00010897163377774525,0.00034487214074315034,2403.0,0.9893752043007552
YML048W,0.003565970453387672,5.8538268796337105e-05,3.68097549523189e-06,0.2292400862152547,7.429245058277026e-05,0.00028534911100726746,0.0005399985263166276,642.0,0.989620432977274
YHR190W,0.0010188487009679063,2.026430345893209e-05,1.0583423607131846e-06,0.22407862464674355,2.495421329530042e-05,0.0001182992168405184,0.00038238408398722,1949.0,0.9894105499534805
YEL043W,0.0005094243504839531,0.0004980028618616377,1.8639744818876706e-05,0.23130340244652448,0.0004980028618616377,0.00015309885893194738,0.00018359522282174922,2489.0,0.9893617392233592
YGR089W,0.00025471217524197657,0.0,2.543515216636739e-07,0.18705616168536612,0.0,0.00010329879309079197,0.00010771492167774308,2937.0,0.9893293642208766
YPL028W,0.003056546102903719,0.0005777162906132706,1.6226221607999163e-05,0.2499149064867164,0.0006607804076805059,0.00034028668379334614,0.0005144277027287265,833.0,0.9895811452104103
YEL048C,0.001782985226693836,0.0,1.138370578651219e-06,0.21331357616038854,0.0,0.00020830643898568933,0.0003915431262133419,1310.0,0.9894984214951171
YIL031W,0.0010188487009679063,6.109777347579386e-05,7.644313902845493e-05,0.2421564793523347,6.430637352869288e-05,9.720501074959634e-05,0.00039780042928740637,2015.0,0.989405591688216
YEL053C,0.0007641365257259297,0.001084489004487148,6.844555805360179e-06,0.2376772134223409,0.001102396199341294,0.00016625657260699027,0.00028460192546563674,2227.0,0.9893851241914425
YPR051W,0.0005094243504839531,0.0004980028618616377,9.336413983543797e-08,0.191222286890835,0.0004980028618616378,0.00018395854038545797,0.0001360788665027687,2394.0,0.9893766568785872
YEL052W,0.00025471217524197657,0.0,2.2351417650961766e-06,0.21056021612240158,0.0,7.255270748822539e-05,0.00017946203026647132,3180.5,0.9893230311062077
YCR020C-A,0.00025471217524197657,0.0,1.273335011369151e-09,0.1599442617053915,0.0,0.00011841727137923674,8.940002122008727e-05,2857.0,0.9893378284899855
YGR106C,0.004075394803871625,0.0005021244697343537,3.8262355896199136e-05,0.23647879056378884,0.0004926090612247946,0.00027379854788785456,0.0005507653411781575,512.0,0.9896472202992056
YJR053W,0.0005094243504839531,3.8653668691733134e-05,4.658831864346723e-06,0.2253030980054689,5.079220185849687e-05,8.314396552664026e-05,0.0002803906522581158,2693.0,0.9893525695020697
YOL122C,0.00025471217524197657,0.0,8.788555863916745e-07,0.21112894553402026,0.0,5.921388689487262e-05,0.00018015432404783183,3248.0,0.9893220429991828
YEL055C,0.00025471217524197657,0.0,6.994858704386224e-07,0.19539488027731872,0.0,7.122233367180662e-05,0.00015326482579968738,3035.0,0.9893256641112366
YKL210W,0.0012735608762098828,0.0005701037443538742,5.1295650918135746e-05,0.24418955360137154,0.0005749726409222542,0.00019397322394082463,0.0003720716653894543,1698.0,0.9894393062483932
YEL054C,0.00025471217524197657,0.0,0.000794914819684496,0.21322871624716266,0.0,4.4724696760090976e-05,0.00018386246801914668,2502.0,0.9893609922804464
YEL058W,0.00025471217524197657,0.0,5.402548369058729e-05,0.2389030557838315,0.0,6.229887560746971e-05,0.00018402697668539288,3330.0,0.9893207111978043
YOR184W,0.0005094243504839531,0.0,2.3300427741488226e-05,0.2400801440417887,0.0,9.009377865483366e-05,0.0002660932988527269,2815.0,0.9893488434417914
YEL073C,0.00025471217524197657,0.0,6.100850728790656e-05,0.24500277465620174,0.0,6.230338325313404e-05,0.00018477247807642238,3350.5,0.989320178104569
YER011W,0.0005094243504839531,1.9425962978059592e-05,0.0012671694162491689,0.23137472194653885,2.552805370219651e-05,5.493995932725854e-05,0.00028674925888851315,2039.0,0.9894028929530484
YER018C,0.0012735608762098828,5.733797450550975e-05,1.0338059832323445e-06,0.2041223269182892,7.298917210389459e-05,0.00017223855342465892,0.0003701475856133545,1602.0,0.9894541941486982
YFR008W,0.0020376974019358125,2.0306697276137073e-05,1.2340419439229537e-06,0.21351994599846766,2.3342331597333147e-05,0.00024583603335656787,0.0004069434568226413,1131.5,0.9895239265920658
YLR238W,0.0020376974019358125,2.0306697276137073e-05,1.2340419439229537e-06,0.21351994599846766,2.3342331597333147e-05,0.00024583603335656787,0.0004069434568226413,1131.5,0.9895239265920658
YNL127W,0.002292409577177789,0.0008405194518823903,7.52125536274993e-06,0.23900958664065958,0.0008932806933708814,0.00026489855909278244,0.0004309318989025884,1091.0,0.9895316233473875
YER030W,0.0010188487009679063,0.0004980028618616378,5.641869665331014e-07,0.20034026543598216,0.0004980028618616377,0.0002651402144516527,0.00020353239130891488,1688.0,0.989440019227456
YER035W,0.0005094243504839531,0.0,6.832605514444313e-05,0.24749158912170674,0.0,8.432202579555404e-05,0.00028693628393083105,2800.5,0.9893490023511122
YPL128C,0.0005094243504839531,0.0,7.883500797418689e-07,0.19553744481368948,0.0,0.00010301964843768546,0.00023491637243988476,2483.0,0.9893621056117254
YER037W,0.002292409577177789,0.0001818636758112873,6.739658185590297e-05,0.24954921789724466,0.0001757766437153412,0.00022975546183774665,0.0005011130372740153,1158.0,0.9895206640398312
YER040W,0.0005094243504839531,5.851657325019857e-05,7.579759888564665e-05,0.22950651401303365,7.132958173853168e-05,8.574825447548313e-05,0.0002761084574804011,2604.0,0.9893558323659357
YER053C,0.00025471217524197657,0.0,1.6175641417038958e-06,0.20946697694758118,0.0,5.928872814568312e-05,0.0001772150622406067,3225.0,0.9893223730176659
YER059W,0.0007641365257259297,0.00034485324620518786,7.323423713158935e-06,0.23336064753607874,0.00036200488239798424,0.00014439235854983888,0.0003324394164627002,2190.0,0.9893868808845291
YPL031C,0.0015282730514518594,0.000682389549873279,1.0257591658426152e-06,0.21511136859792876,0.0007583053110494363,0.00034238901542934077,0.00033829013636490086,1369.0,0.9894878813685103
YPL219W,0.0005094243504839531,0.00038667059927069506,1.0290542517494741e-05,0.2430821179841318,0.00040121910148494064,0.00011653668607371951,0.00026191700719883844,2614.0,0.989355368449132
YHL032C,0.0007641365257259297,0.0006255947651487046,3.355763812562538e-06,0.22950651401303365,0.0006404781220394272,0.00015588018393780358,0.0002814417621702744,2137.0,0.9893905197148203
YER062C,0.00025471217524197657,0.0,4.591502687892573e-08,0.18587924156973365,0.0,8.254773365680421e-05,0.00013531556280893566,2955.0,0.9893283708268639
YER069W,0.0007641365257259297,6.779196142900359e-05,4.896730121764199e-05,0.22604967412248908,9.054894319445219e-05,0.00010636762333944563,0.0003180183281412052,2217.0,0.9893855074238842
YIL034C,0.001782985226693836,0.00023730545827345734,5.180577840785488e-05,0.23923818727826782,0.0002501308838268735,0.0002056717590781088,0.00042404309819908307,1382.0,0.9894860054997288
YER074W,0.011716760061130923,0.0005369407572410917,0.017494629903772676,0.25152326145237475,0.0005370807387522564,0.00034289742833633005,0.0006161558242095427,3613.0,0.9880430436802884
YKL211C,0.00025471217524197657,0.0,1.233347280574288e-07,0.17213251782745673,0.0,8.874039188614746e-05,0.00013212094815317859,2910.5,0.9893322388114498
YER095W,0.00025471217524197657,0.0,6.727752900857112e-07,0.20438919709566236,0.0,6.299060673318366e-05,0.00016584730991208747,3152.0,0.9893234234498581
YER104W,0.00025471217524197657,0.0,1.0058599904506453e-05,0.223731215926361,0.0,6.408394527242678e-05,0.0001820334728067381,3320.0,0.9893207682480843
YER102W,0.012480896586856851,8.185853499926494e-05,0.021611065734072833,0.25631729000444553,7.956486784465528e-05,0.00032053286420794837,0.0006183705434399951,3648.0,0.9870700337794261
YMR047C,0.0005094243504839531,4.748626244222152e-05,8.564358441429558e-06,0.2274474109532659,5.899157281192585e-05,9.210130746659193e-05,0.00025617346406657494,2689.0,0.98935281809281
YDL149W,0.0005094243504839531,1.1764463888268538e-05,1.5142026868279575e-07,0.19996655604567895,1.595215893093971e-05,8.591586982583632e-05,0.0002555114451166181,2516.0,0.989359781525173
YER111C,0.0015282730514518594,0.0006226283315310886,0.0019963726793967643,0.26579572762008175,0.0006335968511622488,0.0001542408736839005,0.0004493180003567091,1200.0,0.9895131588918553
YER117W,0.0007641365257259297,6.795477148420818e-05,6.162797396783729e-05,0.21896542113131448,8.043298521427842e-05,0.00010631821023980763,0.00030103398774349233,2156.0,0.9893891409269536
YER116C,0.00025471217524197657,0.0,3.344982471284965e-07,0.16177176264756926,0.0,9.831776188844174e-05,0.00010400901597167578,2865.0,0.9893358169517026
YDL013W,0.0005094243504839531,0.0004980028618616377,2.4530583344065307e-05,0.19384028162249814,0.0004980028618616377,0.0001406004162282891,0.00017308371330604133,2409.0,0.9893745572620841
YER120W,0.0015282730514518594,0.0010889361939874853,6.242429920908347e-06,0.2196705205553322,0.0011003799895467482,0.00022079907433403365,0.00039112623481579137,1460.0,0.9894739533459296
YAR042W,0.00025471217524197657,0.0,8.512550834417607e-08,0.1793743123337512,0.0,6.955826497255644e-05,0.0001564034876095909,2944.5,0.9893291122345843
YHL020C,0.00025471217524197657,0.0,8.512550834417607e-08,0.1793743123337512,0.0,6.955826497255644e-05,0.00015640348760959083,2944.5,0.9893291122345843
YER124C,0.0007641365257259297,0.0005070688798455214,7.08468394485043e-06,0.2178213347509477,0.0005116278143841173,0.00017617035864131173,0.00025461167059864104,2077.0,0.9893964777570573
YBR071W,0.00025471217524197657,0.0,1.0457011456133368e-06,0.20378971761909043,0.0,6.691779663539323e-05,0.00016733846516063733,3129.5,0.9893238113098637
YLR410W,0.00025471217524197657,0.0,1.0457011456133368e-06,0.20378971761909043,0.0,6.691779663539323e-05,0.00016733846516063722,3129.5,0.9893238113098637
YLR396C,0.002292409577177789,0.00018622441891917352,2.5732334348290567e-05,0.22579120726274743,0.00023916243187579222,0.0002559780243922101,0.0004347676636578285,1058.0,0.9895401596944975
YMR231W,0.0020376974019358125,1.136438992164596e-05,2.982555104959618e-06,0.21683942039444454,1.3067307287571148e-05,0.00023329108856853234,0.00041538495566332905,1161.5,0.9895201256898709
YPL045W,0.0020376974019358125,1.136438992164596e-05,2.982555104959618e-06,0.21683942039444454,1.3067307287571148e-05,0.00023329108856853234,0.00041538495566332905,1161.5,0.9895201256898709
YML001W,0.0012735608762098828,0.0002810599321014167,4.2020079172811925e-06,0.23210470096412458,0.00029692484724027566,0.00015453182913766067,0.0004035853263129255,1702.0,0.9894391891723372
YER134C,0.00025471217524197657,0.0,3.564411874746109e-08,0.17801264369146813,0.0,0.00012931453309781297,0.00010692450824953128,2892.5,0.9893333976014353
YER140W,0.00025471217524197657,0.0,5.574536410582507e-71,0.00025471217524197657,0.0,0.00025464731347084286,None,3892.5,0.5950153159491425
YOR154W,0.00025471217524197657,0.0,5.574536410582507e-71,0.00025471217524197657,0.0,0.00025464731347084286,None,3892.5,0.5950153159491425
YER141W,0.0005094243504839531,1.0899918950490449e-05,7.089992108096981e-05,0.2290162052789522,1.4926257690480197e-05,7.343331081874197e-05,0.00028498611530244943,2650.0,0.9893538354091269
YER149C,0.0005094243504839531,5.4934547950104506e-05,2.0683140691322158e-06,0.2180618674349107,7.564361635515103e-05,0.00011824525523376226,0.00024032946836154075,2572.0,0.9893570120691835
YLL021W,0.0005094243504839531,6.792808127137969e-05,3.783586987361066e-05,0.22028960140236462,8.859757132825712e-05,0.00010874358436373774,0.00023839671969325084,2547.0,0.9893580950022816
YER143W,0.00025471217524197657,0.0,5.3089120835723325e-06,0.2279725659913157,0.0,5.84005481839084e-05,0.0001834322602897082,3390.5,0.9893195271904839
YER150W,0.0005094243504839531,0.0,6.832605514444313e-05,0.24749158912170674,0.0,8.432202579555404e-05,0.0002869362839308305,2800.5,0.9893490023511122
YGL005C,0.0015282730514518594,0.0,1.9454317554468604e-06,0.22086016547475124,0.0,0.0002141988960788931,0.00035556177392161896,1501.0,0.9894687927468848
YNL051W,0.0015282730514518594,0.0,1.9454317554468604e-06,0.22086016547475124,0.0,0.0002141988960788931,0.00035556177392161853,1501.0,0.9894687927468848
YGL223C,0.0025471217524197657,0.0012911860221446613,7.021971318731076e-05,0.25986788274588407,0.0012463400308897169,0.00031932280042146384,0.0004412515759949808,1071.0,0.9895365036124423
YPR105C,0.0020376974019358125,0.0004302065491530533,1.8733788847152996e-05,0.2428461159278365,0.0005007959853640501,0.00027403177143350496,0.0003957576654398273,1218.0,0.989509029336636
YNL041C,0.0015282730514518594,0.0,1.9454317554468604e-06,0.22086016547475124,0.0,0.00021419889607889313,0.00035556177392161826,1501.0,0.9894687927468848
YML071C,0.002292409577177789,0.0011686410668170911,4.752779575034923e-05,0.25832914424986736,0.0011978332369332386,0.0003015162577468508,0.00042081542613973917,1175.0,0.9895182942440407
YER157W,0.0020376974019358125,0.00014483606494155175,2.2337005792874436e-06,0.22622686108441808,0.0001940788281943704,0.00028236938988228377,0.00039128153374129936,1176.0,0.9895181099921954
YGR120C,0.0010188487009679063,0.0,1.892349524345103e-06,0.22083416663243519,0.0,0.00015326448444092223,0.0003239742466851627,1912.0,0.9894136688501275
YER163C,0.00025471217524197657,0.0,2.2317903673545797e-05,0.20518278962512707,0.0,5.554965326806042e-05,0.0001796211468078676,3099.5,0.9893241928020728
YER161C,0.00025471217524197657,0.0,6.100850728790656e-05,0.24500277465620174,0.0,6.230338325313404e-05,0.00018477247807642265,3350.5,0.989320178104569
YLR342W,0.004330106979113601,0.00042821086828808823,6.687593473177496e-06,0.23480646417704948,0.00043945195964169206,0.0004113673012783249,0.0005508934247498699,426.0,0.9896646678886489
YAL030W,0.0007641365257259297,1.483386875751249e-05,7.712719411228657e-07,0.216077660163849,1.6525187015248734e-05,0.00010049102101569446,0.00034378367111564706,2226.0,0.9893851986413535
YDR093W,0.0025471217524197657,4.5624108265703195e-05,2.354967815044971e-05,0.2293521909092899,3.719793515268308e-05,0.0002482130985195768,0.0005056866231323178,985.0,0.9895526159523071
YBL007C,0.004839531329597555,0.0008641849738735753,2.5951357200958142e-05,0.2576373337282891,0.0009650765653953879,0.00041162384737233426,0.0005497314241455185,411.0,0.9896677932383967
YER183C,0.00025471217524197657,0.0,2.1982154416816848e-05,0.19959423827455441,0.0,6.758831888838092e-05,0.00015005699655919828,3020.0,0.9893259089328185
YOR298C-A,0.0010188487009679063,0.0005468203207727846,0.0016120711343547416,0.25078353660083375,0.0005548077824691065,0.00013830294692869537,0.0003537150490139727,1518.0,0.9894670862178189
YFL017W-A,0.014263881813550688,0.0011049111222777672,0.0004019692923588516,0.2577081180771395,0.0010417324028724401,0.0005435938279502989,0.0006113217297289929,2364.0,0.9893784659617828
YAL032C,0.011716760061130923,0.002632178962549474,0.00023383410359328132,0.26474544814317486,0.002854806666302767,0.0004248459785968702,0.0006042232887604794,1033.0,0.9895447322954093
YBR065C,0.011971472236372899,0.001040822201515977,0.0002692668555308741,0.2534774011001942,0.001133378648521194,0.00043040201141463733,0.0006046334679034868,993.0,0.9895507029289266
YDL030W,0.010443199184921039,2.0237077059932985e-05,0.00021142154195104935,0.24156402852723885,1.9485071151696697e-05,0.0003601201029543264,0.0006000424080103953,704.0,0.9896066188483758
YCR063W,0.010443199184921039,3.150304666721297e-05,0.0002177191016200388,0.24468321971338686,2.666923115120214e-05,0.00036105385414620045,0.0005999618057192392,661.0,0.9896147330878984
YDL043C,0.009933774834437087,0.0004772207751540635,0.00021000003092013633,0.249250813199035,0.0005022922617894254,0.0003490287126355433,0.0005993608044990964,469.0,0.9896557705733022
YDL209C,0.011716760061130923,0.00017969059680838522,0.00022382166431664328,0.24476303027497384,0.00017190059457291537,0.0004138845189299141,0.0006032753133601364,1078.0,0.9895342189960075
YDR163W,0.011207335710646969,6.271993699431567e-05,0.00022307625907177944,0.2452269602016388,5.6251228538992954e-05,0.000388183442657276,0.0006022512570363559,889.0,0.9895699115087138
YDR364C,0.011462047885888945,7.762721500867533e-05,0.00022359544434882945,0.24524298915517836,6.832280617830639e-05,0.00039671396137187526,0.0006028555604464694,989.0,0.9895524543046212
YDR416W,0.011971472236372899,0.00030123330686823675,0.0002238663545140874,0.24527505334935434,0.0002865505304702165,0.0004299773696636711,0.0006037940258993771,1174.0,0.9895183037773235
YGR129W,0.010443199184921039,2.0721036744165677e-05,0.00021939780217026218,0.24468321971338686,1.802675764012468e-05,0.0003598865016261056,0.0006000260731101549,664.0,0.9896145408929314
YHR156C,0.00025471217524197657,0.0,5.482069701977886e-06,0.20395588666476808,0.0,4.642654491530078e-05,0.00018272182896375726,3207.0,0.989322826585339
YJL203W,0.011462047885888945,4.1991454226163645e-05,0.00022452176522535,0.24290900499061724,3.9497913416745776e-05,0.00039333215832107775,0.0006034674343537808,1038.0,0.9895437212245861
YJR050W,0.010952623535404993,5.939391593293891e-05,0.00021053606865122714,0.2450507799023626,5.2301889581409274e-05,0.0003780453345996963,0.0006013880644817947,811.0,0.9895854184098459
YKL095W,0.010952623535404993,0.0019374716122405981,0.00027319716687670693,0.2608616068334196,0.002100848312998906,0.00039262847532496744,0.0006022675562498652,682.0,0.9896104566268759
YLL036C,0.014009169638308712,0.0035874729989101256,0.00023809677298905116,0.25659776303413173,0.0037504471002998844,0.0006375942061057325,0.0006071679173899457,3441.0,0.9892678057050392
YLR117C,0.011716760061130923,9.018213980476142e-05,0.00022439512372973483,0.2452590202042799,8.022094223933995e-05,0.00040667655069238267,0.0006034987965606648,1080.0,0.9895339921594112
YML049C,0.010697911360163015,0.0014789444225360904,0.0002547172768243647,0.24569265215670708,0.0015398847293550874,0.00045573378849221666,0.0006021495168734553,712.0,0.9896051775373218
YMR288W,0.011462047885888945,0.0012078623042569426,0.00023946981699911836,0.25986788274588407,0.001145638360230121,0.00042308731419875485,0.000604693759549102,741.0,0.9896006367378137
YOR319W,0.00738665308201732,1.5601580503315609e-06,0.00016199514397201637,0.23761700386859239,1.414854221590389e-06,0.00026505965380762013,0.000586094990114327,213.0,0.9897040398921307
YPL151C,0.011716760061130923,0.0007815229495225037,0.0002255142558935635,0.24998151049937195,0.0007584758261015129,0.00043484072588653407,0.0006040573878225492,960.0,0.9895578398403615
YPR094W,0.007896077432501274,6.265358336642648e-06,0.00016845899402010575,0.2352776378682557,6.165418863989183e-06,0.0002816732833203536,0.000589029984628048,265.0,0.9896960120138389
YPR101W,0.011207335710646969,6.375267242482027e-05,0.00022286433371306133,0.2452269602016388,5.553066097661509e-05,0.0003871139480991821,0.0006022153928529053,890.0,0.9895698544170957
YFL017C,0.00025471217524197657,0.0,7.69619070889303e-09,0.16627398586683242,0.0,9.487072333866475e-05,0.00011428280338965901,2882.0,0.9893342361245563
YFL024C,0.0025471217524197657,2.329508859447617e-05,5.2212742493296183e-05,0.23288265725808913,2.658686309092461e-05,0.000201053017994803,0.0005008908682089178,1012.0,0.9895482075909164
YGR002C,0.0053489556800815075,0.0005089430113072198,0.00013753273861766074,0.24814632877546788,0.0005392698721064132,0.00035380348756458904,0.000571410802436789,278.0,0.9896938767466698
YOR244W,0.003056546102903719,0.0003239250278929264,5.91342133499293e-05,0.24108285620285766,0.00039193642947415514,0.000250262275993964,0.0005212683894213848,814.0,0.98958484994392
YFL026W,0.0010188487009679063,0.00024109066261654164,6.84900564389576e-05,0.2518102343010117,0.0002600123425522406,0.0001282301035620636,0.0003925923879821974,2014.0,0.989405791609219
YFL034W,0.0012735608762098828,0.0004377989485615179,1.7264812963676774e-05,0.23761700386859239,0.000397561611292668,0.0001524554758012965,0.00041161441877629243,1711.0,0.9894380550792706
YHL019C,0.0005094243504839531,5.66162279471452e-05,2.721536655558699e-07,0.19658244216101195,6.023896442129332e-05,0.00010791089083384577,0.00023818509114235974,2471.0,0.9893635985460977
YFL034C-B,0.0007641365257259297,0.00014969663829186863,1.7447852151611774e-05,0.25492407195849126,0.00014337472388254718,0.00011206388580771692,0.0003501979083485025,2407.0,0.9893747620874849
YKL135C,0.0012735608762098828,0.000832225500833142,2.627870907792413e-06,0.21910607866649578,0.0008729743289113184,0.00025569833326019283,0.00030791046684327947,1605.0,0.9894540822100593
YJL034W,0.0028018339276617422,0.0012508072807861721,0.0016959332852543856,0.25380318548908026,0.0013563663386773935,0.0002960318891948175,0.0005069165682229406,657.0,0.9896156021031951
YLR110C,0.002292409577177789,0.0005619676235566975,7.545841956347802e-05,0.25135475923394346,0.0005694721819315103,0.00023464990019379583,0.0004958374328676091,1129.0,0.9895241424495179
YML130C,0.0005094243504839531,0.0,2.3910041822301417e-05,0.21256430180075203,0.0,8.134521492098562e-05,0.000274324790319161,2590.0,0.9893563287687062
YIL015W,0.0007641365257259297,7.80273509153871e-05,3.733319769583619e-05,0.2348652576579076,8.905419435266323e-05,0.00010639398708665353,0.000340758537147168,2295.0,0.9893814537707244
YFL046W,0.0005094243504839531,1.3523784490683205e-05,6.062821021121483e-07,0.2063564234454446,2.0554336107360954e-05,0.00010980604005946849,0.00023165554836140554,2527.0,0.9893590802425634
YGR264C,0.004839531329597555,0.00024183461465060484,0.0016951083515565912,0.25888170089595486,0.00022841188160420818,0.0003116801174091109,0.0005720839755349102,119.0,0.9897192189380829
YFL062W,0.00025471217524197657,0.0,6.100850728790656e-05,0.24500277465620174,0.0,6.230338325313404e-05,0.00018477247807642246,3350.5,0.989320178104569
YFR005C,0.0005094243504839531,0.00013928164353217012,1.2293741669602631e-05,0.23391349695044103,0.00014428623318038083,9.843955574002573e-05,0.0002830544456284107,2665.5,0.9893534435306902
YMR238W,0.00025471217524197657,0.0,3.335938823073485e-07,0.17946010862797504,0.0,6.659656489565468e-05,0.00015488306524851403,2947.0,0.9893288922887455
YFR014C,0.00025471217524197657,0.0,5.286873679239167e-06,0.20069390163600287,0.0,7.040729964181939e-05,0.00017151171279974466,3062.5,0.9893249112183974
YFR015C,0.002292409577177789,0.0003944893602268637,5.160961208732435e-06,0.23435181081106018,0.0004324772070671127,0.0003049669438884077,0.0004656378455446242,1069.0,0.9895366726421144
YFR019W,0.00025471217524197657,0.0,5.838858979223733e-07,0.20371226469133857,0.0,6.158783707701868e-05,0.0001711180181158782,3149.0,0.989323478210645
YFR017C,0.00025471217524197657,0.0,4.05692230749085e-08,0.18492643753191748,0.0,6.941269534470916e-05,0.0001630936864260616,2970.0,0.9893278182968905
YFR021W,0.0005094243504839531,0.0004980028618616377,1.5612720865765567e-07,0.18708414316056213,0.0004980028618616377,0.00016700664479080303,0.0001573497916817,2382.0,0.9893774581892222
YNL242W,0.00025471217524197657,0.0,2.129135651877313e-09,0.15703886200757886,0.0,0.0001099029000654161,9.8113595500598e-05,2855.0,0.9893381787924507
YFR032C-A,0.014263881813550688,3.682922687715291e-05,0.07336276384542406,0.26632399851540844,3.5453669149384246e-05,0.00036666608658719735,0.0006238457806702118,3775.0,0.9573108320404672
YFR031C-A,0.021141110545084055,0.0017311839908386295,0.0873641489353017,0.28527771373822036,0.001751127224800669,0.0005843288749690748,0.0006330736067027733,3789.0,0.9492604887438747
YLR427W,0.0012735608762098828,0.00022723239279970453,0.0014043559581152457,0.24832698994540167,0.00026656351002467163,0.00013498144692769372,0.00040716798937039307,1395.0,0.9894839862518383
YLR387C,0.002292409577177789,2.0561645861986382e-05,0.008197923531840366,0.2434764757355661,3.918633559289819e-05,0.00010742274115772103,0.0005043167531551284,2381.0,0.9893775226292546
YFR034C,0.0007641365257259297,0.0005312620211118876,5.731808924102927e-06,0.23224837456422617,0.000527935764901691,0.0001477598996002304,0.000280453566489695,2163.0,0.9893887987135621
YGR044C,0.00025471217524197657,0.0,7.818147462103318e-08,0.18767369403186643,0.0,8.006671767971816e-05,0.00013508671127924901,2971.0,0.9893277932202745
YFR039C,0.0005094243504839531,0.0004980028618616377,2.2355574664641752e-06,0.21058385200006027,0.0004980028618616377,0.00016607602166645246,0.0001795264666348492,2447.0,0.9893683318565499
YGL228W,0.00025471217524197657,0.0,3.0484793599592225e-08,0.17326925700032667,0.0,0.00010806762653814894,0.00010630145078990157,2898.0,0.9893331798639666
YFR046C,0.0007641365257259297,0.000362115498788839,4.341051077656308e-05,0.25950840303534883,0.0003385057472800731,0.00011733437275238133,0.00035117654839260593,2378.0,0.9893777357646703
YGL006W,0.00025471217524197657,0.0,9.825118300083903e-06,0.211319205355397,0.0,6.523938118895492e-05,0.00017772735062126529,3198.0,0.9893228994014587
YGL014W,0.00025471217524197657,0.0,2.737691439093988e-05,0.22239182568224017,0.0,6.474329260835993e-05,0.00018202361499746516,3252.0,0.9893219983130043
YGL026C,0.0015282730514518594,0.0009681367043915823,5.3791891607153126e-05,0.2548894355356708,0.00095565269199262,0.00016725628997232497,0.00045580582948289626,1601.0,0.9894546903230829
YGL028C,0.0005094243504839531,6.872327175056091e-05,2.0362825825740165e-06,0.22159062668822785,8.636303073585205e-05,9.576090269734145e-05,0.0002722331294389955,2623.0,0.9893549755881416
YGL029W,0.006622516556291391,4.516271629334955e-06,0.011163291916140714,0.2524031275536545,4.346715104595135e-06,0.00020226920160711524,0.0005928803639178052,3436.0,0.9892852069749275
YHR085W,0.00815078960774325,0.0008428168451127996,0.0148744871100322,0.2760224005800834,0.0008273872933717762,0.0002738892435433528,0.0006035521095715523,3517.0,0.9889521843153127
YIL096C,0.006622516556291391,3.223227737277841e-06,0.00942471980896697,0.25818693167389717,4.223343112259051e-06,0.00020363002172825518,0.0005927006220699336,1335.0,0.9894939097489563
YHR197W,0.008405501782985226,1.316561490758905e-05,0.011532352518642276,0.26008404901463145,1.4639380805002018e-05,0.00024994453667667347,0.0006041844957278574,3437.0,0.9892790729877076
YLR106C,0.007896077432501274,0.0008609588380203529,0.010332001654719468,0.26377759358022174,0.000838985303463452,0.00025926588259937364,0.0006015057339390772,1685.0,0.989441114944892
YNL182C,0.008660213958227202,6.232461388493037e-05,0.023885686206120485,0.2642048088926888,5.614708744824122e-05,0.00024961418594502283,0.0006064731782992105,3654.0,0.9868104457069092
YGL040C,0.00025471217524197657,0.0,2.684245014529e-08,0.1774905383927846,0.0,8.714579940680785e-05,0.00013581677193138427,2925.0,0.9893307280427637
YGL056C,0.0007641365257259297,5.75711390774072e-05,3.0959987878224483e-06,0.23077700154293726,7.28591192149032e-05,0.00012752948512749544,0.00032323535881788605,2284.0,0.9893819357643147
YCR066W,0.0005094243504839531,0.0,1.3835668760341333e-07,0.18625757004989446,0.0,0.0001460539479537545,0.00018310633795554418,2446.0,0.9893684515302393
YGL058W,0.0010188487009679063,0.0008774210753979733,6.992439611409872e-06,0.21700245755263584,0.0009136749519798498,0.00026109774971599367,0.00024687415166301673,1802.0,0.989428505236007
YGR184C,0.00025471217524197657,0.0,9.536486123735149e-08,0.1775913518760389,0.0,9.393791820001829e-05,0.00012678052421361238,2917.0,0.9893311421645327
YGL060W,0.00025471217524197657,0.0,1.699164277098903e-05,0.23012588880551238,0.0,6.406466466191679e-05,0.0001827052831954717,3362.0,0.9893201566390197
YGR271C-A,0.0007641365257259297,0.00010401394817743909,0.0019908275363356913,0.26195437346122136,0.00012520392994516447,8.84906834492544e-05,0.00034361861276248747,1715.0,0.9894373576026687
YKL078W,0.0007641365257259297,9.981865184038768e-06,0.002336728204242194,0.24327125015140205,1.0989922117221303e-05,5.9390673242702105e-05,0.0003528821113766806,1648.0,0.98944804711021
YKL075C,0.0007641365257259297,2.0905880442183705e-05,0.0024259137575433068,0.23919243217423652,5.786461826841577e-05,8.239269512402051e-05,0.00032228496994047054,1615.0,0.9894528398109372
YNL164C,0.0005094243504839531,0.0,0.0005435816052275741,0.21712803767853436,0.0,6.95863021397151e-05,0.0002569112505333138,2302.0,0.9893813048157903
YNL173C,0.0015282730514518594,0.0003362719599486255,0.004020719026770685,0.2542503551592515,0.00038785110087334883,0.00012140740497869595,0.000456410123697906,1123.0,0.9895249567617371
YGL086W,0.0005094243504839531,0.0004980028618616378,1.5526713394379612e-06,0.21532123334778042,0.0004980028618616378,0.00016445235992559412,0.00018249330933960793,2453.5,0.9893665523090752
YJL030W,0.00025471217524197657,0.0,2.1175723515743126e-08,0.17646376122119622,0.0,0.00010768316986415499,0.00010733468402044791,2905.5,0.9893322951829383
YGL082W,0.0007641365257259297,0.0011821345450711558,7.154184625543969e-05,0.26813210112806934,0.0013177210559007393,0.00011643477387656517,0.0003496845522282851,2402.0,0.9893753643564619
YGL091C,0.0005094243504839531,0.0004980028618616377,5.4035534775462154e-05,0.238933483479913,0.0004980028618616377,0.00014927289222212863,0.00018409473347984415,2499.5,0.9893611434446606
YIL003W,0.00025471217524197657,0.0,7.369559794741914e-07,0.19201496883751656,0.0,0.00010151199978378656,0.00010788666729599288,2960.5,0.9893281417775286
YGL090W,0.0005094243504839531,0.00022056177483648477,1.1828931395732368e-05,0.249615627109645,0.0001850235563782471,0.0001007771947261482,0.00028673394791613573,2758.0,0.9893504385459063
YGL110C,0.0005094243504839531,0.0,4.731051243342514e-05,0.19730608388120918,0.0,0.00010353927857633401,0.00020506812892596431,2462.5,0.9893643448638673
YGL113W,0.0005094243504839531,0.0004980028618616377,5.96553648731423e-06,0.23056427770448437,0.0004980028618616377,0.0001536092460839626,0.00018333897436713587,2497.0,0.9893612989660102
YMR255W,0.0005094243504839531,9.769312619761162e-06,0.0001063531358847127,0.22875091397909242,1.2102061508938692e-05,5.218921968721925e-05,0.0002867385759884825,2636.0,0.9893545752506843
YGL126W,0.00025471217524197657,0.0,1.0276548861897126e-05,0.24281468360633404,0.0,6.730226547843438e-05,0.00018479011888941966,3411.5,0.9893181502654183
YMR282C,0.0010188487009679063,0.0002252343375794621,0.00011907692319094559,0.2535801899895292,0.0002681518525385753,0.00010235641047586076,0.0003849948749371064,2010.0,0.9894061056409328
YGL128C,0.0007641365257259297,1.6349797022735616e-06,1.2470870450582575e-05,0.2115694423753848,2.3940484706305764e-06,7.147363537075588e-05,0.00033920431641753455,2211.0,0.9893857827732833
YGL127C,0.0058583800305654615,5.554718933324199e-06,4.688538068195655e-05,0.2383566794412727,4.739092744031818e-06,0.00031529664481982987,0.0005578246026659837,259.0,0.9896968702091533
YGL131C,0.00025471217524197657,0.0,5.574536410582507e-71,0.00025471217524197657,0.0,0.00025464731347084286,None,3892.5,0.5950153159491425
YMR176W,0.00025471217524197657,0.0,5.574536410582507e-71,0.00025471217524197657,0.0,0.00025464731347084286,None,3892.5,0.5950153159491425
YGL134W,0.0005094243504839531,0.00010308979380794558,3.0666650425145694e-06,0.2229071109247311,0.00011804486346829663,0.00011588260603097764,0.00025839986469800355,2583.0,0.9893564637601758
YIL010W,0.0007641365257259297,0.0007742654979657086,6.751807978187006e-07,0.203845077207708,0.000776533810827145,0.0001677010411795701,0.0002256490460514551,2049.0,0.9894015573762797
YJR057W,0.0007641365257259297,9.305832288799531e-05,1.0649118938725514e-08,0.16984167720271032,0.00011077174697611508,0.00020750147294497525,0.00017015766138986377,1855.0,0.9894201123426408
YGL135W,0.0010188487009679063,0.0004823309177004503,1.0412856204187431e-07,0.1836591360852256,0.0004929822092030559,0.00026267133008535463,0.00019672993818951816,1623.0,0.9894519410597081
YBR197C,0.0005094243504839531,0.0,1.5653801621202787e-09,0.15462487084628368,0.0,0.00015346585098906893,0.0001442043857275284,2229.0,0.989385024788553
YGL139W,0.00025471217524197657,0.0,5.402548369058729e-05,0.2389030557838315,0.0,6.229887560746971e-05,0.0001840269766853924,3330.0,0.9893207111978043
YGL157W,0.00025471217524197657,0.0,5.574536410582507e-71,0.00025471217524197657,0.0,0.00025464731347084286,None,3892.5,0.5950153159491425
YOL057W,0.00025471217524197657,0.0,5.574536410582507e-71,0.00025471217524197657,0.0,0.00025464731347084286,None,3892.5,0.5950153159491425
YGL166W,0.00025471217524197657,0.0,7.317547856536567e-06,0.23124637849522797,0.0,6.0215739563046456e-05,0.0001833973755197016,3397.0,0.9893192492078181
YGL161C,0.0025471217524197657,0.00037272312336482496,6.495554520267019e-05,0.2644841739098459,0.0003201099518437213,0.00023766703131624197,0.0005170920594738427,1099.0,0.9895306368947698
YGL169W,0.00025471217524197657,0.0,1.5523825338352431e-06,0.21529652212572867,0.0,7.167202626834026e-05,0.0001824267260257191,3240.0,0.9893221179945637
YMR080C,0.0010188487009679063,0.0010174123926032172,7.354681780243947e-05,0.22678750550562582,0.001031062121186329,0.00018447058366220662,0.0003124087544244932,1846.0,0.9894216310819988
YKL023W,0.0007641365257259297,5.800727256467336e-05,0.00012072139032385496,0.22100326860370348,8.430760196398197e-05,8.375500180312137e-05,0.0003276140442961848,2141.0,0.9893901712722332
YGL178W,0.004075394803871625,0.0008300067218509872,3.019972058249177e-05,0.25098484788849246,0.0007848924295386651,0.00033084907453010846,0.0005563683046076177,561.0,0.9896375923466961
YGL180W,0.00025471217524197657,0.0,1.3861913694493756e-07,0.1955986076053109,0.0,7.07704222850143e-05,0.00016122037691860064,3037.0,0.9893255910879424
YGL186C,0.0020376974019358125,0.000835502583749786,0.00017504602976070404,0.24834342673319257,0.0008070829136733171,0.00020910336075054796,0.00048074232856758637,1211.0,0.9895102244857378
YLR319C,0.0012735608762098828,0.001047324068450751,3.0831890000260466e-06,0.2141536809980065,0.0010708089929150372,0.0002749826117579672,0.00031731901978376874,1596.0,0.989455287515074
YGL185C,0.00025471217524197657,0.0,1.0276548861897126e-05,0.24281468360633404,0.0,6.730226547843438e-05,0.00018479011888941938,3411.5,0.9893181502654183
YOR304C-A,0.00025471217524197657,0.0,4.204504591980787e-08,0.1756788168321896,0.0,8.548180367661643e-05,0.00014309421623391076,2918.5,0.9893311115204122
YGL212W,0.0005094243504839531,0.0004980028618616377,1.9249782658374606e-07,0.18537413493503327,0.0004980028618616377,0.00014291281303104817,0.0001714517762396887,2393.0,0.9893766797294232
YOR106W,0.00025471217524197657,0.0,2.6251519169072818e-09,0.1558322254053692,0.0,9.935242901046815e-05,0.00010341749490663206,2859.0,0.9893377768103511
YOL006C,0.0010188487009679063,0.00031253479710861663,4.304048140264877e-05,0.25269211281553566,0.00035867000600503176,0.0001168974003686488,0.00039201387204243726,2025.0,0.989404716944596
YGL213C,0.0010188487009679063,0.0005050190277707384,0.0002126317231333837,0.21411701712521108,0.0005120968297710893,0.0001361096078110623,0.00032605721647414697,1724.0,0.9894361930072492
YGL219C,0.0012735608762098828,0.0010077958731297724,2.937893018007296e-05,0.2480806989609279,0.001074509756704173,0.0001990335233972275,0.00039446635582313696,1736.0,0.9894348864470561
YAL048C,0.00025471217524197657,0.0,4.0095375750966054e-07,0.19787840784162616,0.0,7.205115173014088e-05,0.00015693486264921805,3049.0,0.9893252077905862
YLL006W,0.004330106979113601,0.0005313964108030388,0.0004957189726367514,0.26738686510013354,0.0005185368001615391,0.0002989554725891108,0.0005643847435214371,480.0,0.9896542699409978
YGL220W,0.0007641365257259297,1.917070913020584e-05,6.568776814240415e-07,0.2044560237090662,4.0340959079673925e-05,0.00016161457213114376,0.000274892282301188,2095.0,0.9893945326104467
YGL232W,0.00025471217524197657,0.0,1.442366451560987e-07,0.1989380960278406,0.0,7.471444407367698e-05,0.00014801259824094609,3051.0,0.9893251093376836
YGL225W,0.0056036678553234845,0.000742329151345515,7.4165726192455576e-06,0.2457409281559519,0.0006448681341434796,0.00038268262045319194,0.0005753685990412418,257.0,0.9896971527482525
YGL249W,0.0005094243504839531,4.9046621747324406e-05,9.803179740207734e-06,0.22938023421685358,4.565516763186666e-05,9.562175819148798e-05,0.00028013397424291026,2698.0,0.9893524460103797
YGL247W,0.00025471217524197657,0.0,3.6082754292739236e-06,0.2148034860642969,0.0,5.4227878459451145e-05,0.00017966669200426312,3283.0,0.9893212732151813
YGR001C,0.00025471217524197657,0.0,3.2471429167533384e-06,0.20325979148843784,0.0,4.80258106944447e-05,0.0001823489551059088,3194.0,0.9893229162907361
YGL254W,0.00025471217524197657,0.0,6.100850728790656e-05,0.24500277465620174,0.0,6.230338325313404e-05,0.00018477247807642216,3350.5,0.989320178104569
YGR003W,0.0007641365257259297,0.0003376281839191474,1.8078143831541103e-06,0.22000542342471407,0.00035063904784926364,0.00017592440367482113,0.000278572235713784,2097.0,0.9893938398529785
YIL001W,0.0005094243504839531,9.480476947479577e-06,5.802737498088943e-08,0.18781461135731461,1.3970393854121622e-05,0.0001282920282508543,0.00021694650498426443,2450.0,0.9893670707498817
YNL230C,0.0005094243504839531,0.00017161616930121194,1.8660931337324526e-05,0.23378232233067942,0.00020343289256303187,0.00011437730325270963,0.000250476332769112,2612.0,0.989355445550114
YJR082C,0.002292409577177789,0.00034416490959934614,2.105706159036047e-05,0.2340448188562831,0.0003957143216377417,0.00019972886999119148,0.0004924843766739823,1089.0,0.9895318926662735
YHR137W,0.0007641365257259297,0.00027900510099122296,2.44709454682869e-06,0.21592843526042094,0.00029111933116564347,0.0001437156495324782,0.0003078615754100355,2105.0,0.9893932010730936
YGR008C,0.0005094243504839531,5.894160234069765e-05,4.300427762235003e-06,0.21272097126006767,6.680321347694976e-05,8.234638224485571e-05,0.00027875356596822467,2576.0,0.9893567768590196
YGR007W,0.0012735608762098828,0.0003612712607570756,3.40494523946315e-05,0.2526240567657604,0.0003572273980572558,0.00015508764879212787,0.0004242583254906447,1781.0,0.9894303308215576
YML072C,0.0010188487009679063,0.0007606419596508908,5.423770118152183e-05,0.2411293374733338,0.0007654580473674099,0.00020907785843456584,0.00025834140902629876,1884.0,0.9894171685327282
YNL087W,0.0007641365257259297,0.0,9.391223855338692e-07,0.19972173379564964,0.0,0.0001786904900381199,0.00020288430262775444,2072.5,0.9893970304237829
YOR086C,0.0010188487009679063,0.00036108991664452584,1.366024625604776e-05,0.22626778983747883,0.00039301271447070903,0.00021060415495407437,0.0002576369644815604,1849.0,0.9894211959779425
YGR026W,0.0007641365257259297,0.0,9.391223855338692e-07,0.19972173379564964,0.0,0.0001786904900381199,0.00020288430262775453,2072.5,0.9893970304237829
YGR042W,0.0007641365257259297,0.000645305699644582,2.7406769522028823e-05,0.22358455938770477,0.0006803957975573215,0.00017033740427619103,0.00028867881561143755,2090.0,0.9893951096705099
YIR002C,0.0007641365257259297,5.253725275897034e-05,1.8033611269102305e-06,0.21010037468277937,7.718003681007482e-05,0.00015501833320575917,0.0002854085979706491,2118.0,0.9893923482974748
YGR092W,0.0007641365257259297,0.00020522208617780415,3.858749446815218e-07,0.1875986245542537,0.0002532314547264511,0.00021692566663193363,0.00023201606697718723,1938.0,0.9894117030738215
YGR037C,0.00025471217524197657,0.0,1.95159886427165e-06,0.20727984592481485,0.0,6.627791343992857e-05,0.0001676202882964463,3168.0,0.9893231785766212
YGR043C,0.0007641365257259297,7.897361150387246e-05,4.758770892892267e-05,0.2312748869558697,9.789027990063091e-05,8.721591601525484e-05,0.00034682626457366566,2275.0,0.9893824711930871
YIL106W,0.0007641365257259297,0.0006558156742296717,8.82582678216636e-07,0.20113501077972948,0.0006855008475982207,0.00022717782004355903,0.00021726976878152962,1996.0,0.9894071572647473
YGR052W,0.00025471217524197657,0.0,1.0276548861897126e-05,0.24281468360633404,0.0,6.730226547843438e-05,0.0001847901188894193,3411.5,0.9893181502654183
YGR046W,0.0005094243504839531,0.00014778135825469784,2.2416249987185727e-05,0.23849303909770364,0.00017441552695201314,8.866774838889585e-05,0.0002825846447465588,2694.0,0.9893525447206756
YGR055W,0.00025471217524197657,0.0,3.833082813132576e-07,0.19565980867152033,0.0,6.17998589765559e-05,0.00017989915175823312,3053.5,0.9893250842510249
YGR071C,0.0007641365257259297,0.00012077499189980346,2.779696587821212e-05,0.2248979494746193,0.00013508826046932718,0.00013522150305853194,0.0003002865840214725,2183.0,0.9893874407260302
YGR085C,0.017575140091696383,9.410003140048201e-05,0.08682474607731477,0.27714377981127747,7.755264039296094e-05,0.00044657217444593297,0.0006291298471277531,3791.0,0.9478084147915357
YGR087C,0.0005094243504839531,0.0,3.146414845286493e-06,0.22470937839642294,0.0,8.191532603143871e-05,0.0002670498278037526,2729.0,0.9893514714823191
YGR093W,0.0005094243504839531,0.0004980028618616377,5.438683718765608e-07,0.19891700196612627,0.0004980028618616377,0.00015525439298685556,0.00016207780713523067,2422.0,0.9893718617385855
YKL149C,0.00025471217524197657,0.0,7.4163672783307735e-09,0.1652924133699755,0.0,0.00010485453026142523,9.993128554488124e-05,2871.0,0.9893351920421899
YPR111W,0.00025471217524197657,0.0,1.2041061841305927e-08,0.16682106136165906,0.0,0.00010341826057307789,0.00011848940514678463,2875.0,0.9893347420477373
YGR102C,0.0007641365257259297,1.4764617321114953e-05,6.242946890082801e-07,0.20335894260623708,2.1121435480562926e-05,0.00014602437154423746,0.00029366146539567346,2096.0,0.9893938463334133
YGR105W,0.0007641365257259297,0.000130208072406481,1.7290941493223483e-05,0.22394487830279777,0.0001337413714515413,9.32056143613314e-05,0.0003415207942414003,2228.0,0.9893850248348234
YGR118W,0.00025471217524197657,0.0,5.574536410582507e-71,0.00025471217524197657,0.0,0.00025464731347084286,None,3892.5,0.5950153159491425
YMR157C,0.00025471217524197657,0.0,5.574536410582507e-71,0.00025471217524197657,0.0,0.00025464731347084286,None,3892.5,0.5950153159491425
YGR108W,0.0010188487009679063,0.0007379538465662319,7.147449790413451e-05,0.2493999262885585,0.0007602651231842852,0.00016661450560404205,0.00036589202674074903,1932.0,0.9894123337156949
YGR122W,0.0005094243504839531,8.318930555013666e-06,9.786444581368514e-06,0.2300412318261848,8.266738183032089e-06,8.020130626109107e-05,0.0002799758246915825,2756.0,0.9893504831458619
YGR124W,0.00025471217524197657,0.0,1.304649788580952e-09,0.1608838596580367,0.0,8.522747068836979e-05,0.00012908406079146722,2870.0,0.9893351928667634
YPR145W,0.0007641365257259297,0.0004980028618616377,9.565382122068153e-08,0.1925668492652984,0.0004980028618616377,0.00016554171326540494,0.000255761681029973,1984.0,0.9894082035137467
YGR123C,0.0005094243504839531,0.0,2.467949972335446e-06,0.2109864753464024,0.0,7.373230543438562e-05,0.00027937959500391464,2621.0,0.9893551121337676
YOR197W,0.0010188487009679063,0.00014829789683311486,8.1721225579944e-06,0.23566186113215715,0.00018164735471154348,0.0001389612146323512,0.00037897473407175355,1968.0,0.9894093134919341
YGR126W,0.0005094243504839531,3.2099245677353094e-05,4.213562547429822e-05,0.21721603028339453,3.102823680745906e-05,7.661754399437159e-05,0.00028239619390745034,2586.0,0.9893564478290898
YGR151C,0.00025471217524197657,0.0,5.574536410582507e-71,0.00025471217524197657,0.0,0.00025464731347084286,None,3892.5,0.5950153159491425
YGR152C,0.00025471217524197657,0.0,5.574536410582507e-71,0.00025471217524197657,0.0,0.00025464731347084286,None,3892.5,0.5950153159491425
YGR157W,0.0005094243504839531,3.7276907940087373e-06,1.529385527184352e-06,0.22092518937084576,3.3928610365203373e-06,7.085634752308236e-05,0.0002826701358527616,2715.0,0.9893519578803561
YGR171C,0.00025471217524197657,0.0,6.9395165286460244e-06,0.20887226471553047,0.0,6.227809476112317e-05,0.00017889649693745115,3186.5,0.9893229899581496
YGR177C,0.00025471217524197657,0.0,1.5523825338352431e-06,0.21529652212572867,0.0,7.167202626834026e-05,0.00018242672602571892,3240.0,0.9893221179945637
YGR183C,0.0028018339276617422,0.0,0.00045983771323429535,0.2276406073950415,0.0,0.0001588195482437087,0.000520425763230102,798.0,0.9895889876541294
YGR198W,0.0007641365257259297,0.0002489365361091012,5.026815436302722e-08,0.18100113324738648,0.0002489365361091012,0.00021529753305224816,0.0001613173247442085,1895.5,0.9894159295931673
YMR212C,0.0005094243504839531,0.0,1.378169558189611e-09,0.1527365150044809,0.0,0.00016089738924458428,0.00013093140181963853,2194.0,0.9893867158426101
YLR305C,0.0007641365257259297,0.0002489365361091012,5.026815436302722e-08,0.18100113324738648,0.0002489365361091012,0.00021529753305224816,0.00016131732474420862,1895.5,0.9894159295931673
YGR194C,0.00025471217524197657,0.0,3.1196114126067636e-06,0.20045800561441865,0.0,6.84451865000257e-05,0.0001717138530304822,3067.5,0.9893246974412732
YMR312W,0.0012735608762098828,0.0,0.0028413927308337176,0.2233848827747722,0.0,8.360124539981688e-05,0.0004233209188911726,1193.0,0.9895152367982593
YHR187W,0.001782985226693836,7.52799276319773e-05,0.002868525312689783,0.23438109014774325,9.551837842372733e-05,0.00011955051421177355,0.00046742563861598967,944.0,0.9895597941261136
YGR206W,0.0005094243504839531,0.0004980028618616377,6.578348013193076e-10,0.153442356088871,0.0004980028618616377,0.00023250060226351772,9.648508426084137e-05,2060.0,0.9893995729954107
YPL065W,0.00025471217524197657,0.0,8.970964382105006e-12,0.13263008558397515,0.0,0.00014025785027883296,7.041610710712628e-05,2763.0,0.9893503251483459
YCL008C,0.0005094243504839531,0.0009957461444364047,4.82300058280799e-08,0.18198440564025192,0.0009957461444364047,0.00018516579855517898,0.00015315586196828487,2411.0,0.9893742329417082
YGR209C,0.001782985226693836,0.0006689534107129142,0.0003737147662775519,0.2399419640010919,0.0006708031950014524,0.00020841798293823533,0.00042864430591934004,1253.0,0.9895047951340071
YLR043C,0.0025471217524197657,0.000799262207664261,0.00038321772752631967,0.25879241902918154,0.0008762252418302537,0.00022879494438951802,0.000512227620525195,991.0,0.9895511700247901
YGR211W,0.0007641365257259297,4.143088965026328e-05,4.965597170381643e-05,0.2435396917489987,3.842204758043741e-05,9.429711143298672e-05,0.0003471481520392986,2386.0,0.9893772907532855
YGR222W,0.0007641365257259297,0.0009957461444364047,6.188283209362481e-07,0.18168478480872954,0.0009957461444364047,0.0002602246132420496,0.00010768807455802836,1913.0,0.9894136179242733
YOR350C,0.0005094243504839531,0.0,8.55499406284679e-09,0.1532230363492904,0.0,0.0001959232473049445,8.443512279505253e-05,2161.5,0.9893888519349213
YPR134W,0.0005094243504839531,0.0,8.55499406284679e-09,0.1532230363492904,0.0,0.0001959232473049445,8.443512279505254e-05,2161.5,0.9893888519349213
YGR219W,0.001782985226693836,5.157338948686919e-06,1.7675212643244778e-05,0.22465555901353654,5.863337698905495e-06,0.0001522819973969188,0.000459641356171357,1377.0,0.9894872896444449
YGR233C,0.0010188487009679063,0.0011690718492584104,4.5354064696347217e-07,0.20266690925755274,0.0011878087344910542,0.00026590569072651926,0.0002671804674116515,1783.0,0.9894302170657965
YOL001W,0.0005094243504839531,0.0,2.018376485005697e-08,0.1808615324697553,0.0,0.0001437857391969522,0.00020780201610036105,2431.0,0.9893707471820733
YGR229C,0.00025471217524197657,0.0,2.2351417650961766e-06,0.21056021612240158,0.0,7.255270748822539e-05,0.00017946203026647108,3180.5,0.9893230311062077
YGR238C,0.0005094243504839531,0.0004980028618616377,3.135575425467288e-06,0.20222996232873788,0.0004980028618616377,0.00015636019406276504,0.000175210423358267,2430.0,0.989370868849221
YHR158C,0.00025471217524197657,0.0,4.275986238238715e-08,0.16757358155806493,0.0,0.00010468773139353041,0.00010477322726251703,2877.0,0.9893345376543763
YGR248W,0.0005094243504839531,4.6280855867018774e-05,0.0013238441374794436,0.25547953772879434,4.778445750776198e-05,6.873628027448786e-05,0.0002881063515248301,2080.0,0.9893961307861905
YGR255C,0.0010188487009679063,0.00038131452793201695,4.3694359429135996e-05,0.2576196437163605,0.00040556973372238455,0.0001261782878467999,0.00039274377196437294,2031.0,0.9894037552425998
YGR257C,0.003056546102903719,0.00039021471384383344,7.205407638480443e-05,0.25440551200739586,0.000364590169655481,0.00024063288570843168,0.000533300672683477,866.0,0.9895736779784452
YGR262C,0.001782985226693836,0.0010463938177715962,3.008387175327613e-05,0.2438879674392274,0.0012352167281797287,0.00027507600622456646,0.0004344764809244903,1387.0,0.9894851170688725
YGR263C,0.00025471217524197657,0.0,5.964426883957135e-06,0.2305359441526927,0.0,6.501960837413378e-05,0.00018327177264947922,3385.5,0.9893195474476101
YGR269W,0.00025471217524197657,0.0,6.100850728790656e-05,0.24500277465620174,0.0,6.230338325313404e-05,0.00018477247807642254,3350.5,0.989320178104569
YGR267C,0.0010188487009679063,0.00019104792404526266,3.50597372374579e-05,0.2360770459375243,0.00022867900052589668,0.00011934272295520618,0.0003901960285307195,1957.0,0.9894102784881292
YGR277C,0.00025471217524197657,0.0,4.3601508403080436e-05,0.21479118909348946,0.0,4.428789172786084e-05,0.00018346044276397016,3184.0,0.9893230262336978
YGR195W,0.01553744268976057,0.0023562721560278334,0.003159000933862965,0.2752529154929993,0.0023738614404281797,0.000438939884059319,0.0006196684092051862,2416.0,0.9893737704374613
YGR282C,0.001782985226693836,0.00014680702758175022,0.0001672158848518359,0.25090092892102944,0.00016228211506024343,0.00018520936263952703,0.0004645250386162225,1411.0,0.9894811023057215
YLR390W-A,0.0005094243504839531,4.095882349299893e-05,6.328900894275837e-05,0.24827769263400437,5.001135320274145e-05,8.48332084661416e-05,0.00027660080050425034,2783.0,0.9893495649705921
YGR295C,0.0005094243504839531,0.0004980028618616377,1.0278461000698702e-05,0.2428461159278365,0.0004980028618616378,0.00015744329190864358,0.0001848584389152288,2542.5,0.9893581834560558
YNL336W;YGR295C,0.00025471217524197657,0.0,1.4019007722047085e-07,0.19453375284311059,0.0,0.00010473231072944841,0.00010814850581567278,2973.5,0.9893277571042682
YGR286C,0.00025471217524197657,0.0,5.757047523726075e-06,0.22060045220396718,0.0,6.16830087068399e-05,0.000179964946655524,3310.0,0.9893208813059221
YNR006W,0.0015282730514518594,0.002214590695815298,3.536069912992014e-06,0.22354459551269504,0.0022550309431531115,0.0003127979237005146,0.0003708791229498038,1788.0,0.9894300471746243
YOR171C,0.0007641365257259297,0.00012672434790473563,5.30194151578016e-07,0.20659503832856527,0.0001588818474651551,0.0001378346489016248,0.00031034500444454007,2094.0,0.9893947304982521
YHL002W,0.00025471217524197657,0.0,4.822103486369779e-08,0.18194910484870153,0.0,8.310504529697244e-05,0.00015306209254141372,2935.0,0.9893294219949028
YPL259C,0.0007641365257259297,0.0,6.016200009407205e-08,0.1834884825452403,0.0,0.0001747756569346499,0.00023097224122811092,2012.5,0.9894059911984224
YHL036W,0.003056546102903719,0.001396993675232032,0.00038855441422050777,0.2568436809340823,0.0014389897775073427,0.0003163842364083809,0.0005132211291749365,816.0,0.9895846475109054
YMR012W,0.005094243504839531,0.0007558840588550809,0.025219414210961643,0.26151617000662675,0.0007022604705606017,0.00021549395271623612,0.0005771271788837333,3662.0,0.9863084814931585
YMR216C,0.00025471217524197657,0.0,5.29838651316677e-06,0.203414068370023,0.0,6.0651796506931116e-05,0.00017284656975935565,3134.0,0.9893237747215505
YHL027W,0.0005094243504839531,0.00014771990921308052,1.8682765561853133e-05,0.2324642187785052,0.00016632789710595148,0.0001130435565535697,0.00023985539338612803,2618.0,0.9893551814288498
YHR005C,0.0005094243504839531,0.0,1.3514995704306947e-08,0.17093268752096008,0.0,0.00011603634455917668,0.00020233820367270241,2417.0,0.9893734612598942
YHR010W,0.0010188487009679063,0.00019994934520783464,0.0016261484182580014,0.2394519427586364,0.00023319845891070956,9.743091802140804e-05,0.00039251368750921225,1503.0,0.9894687549748307
YHR006W,0.00025471217524197657,0.0,1.23127280938628e-07,0.2033479210387011,0.0,6.0677868695249064e-05,0.0001738557566907148,3150.0,0.9893234716825784
YHR012W,0.0010188487009679063,0.0,5.083745746382942e-07,0.18882599351208224,0.0,0.0001748421484216337,0.0002916893352204136,1739.5,0.9894345875270054
YHR011W,0.00025471217524197657,0.0,1.0219391156476102e-05,0.21601545806235672,0.0,5.201220027530268e-05,0.0001807186247171262,3279.0,0.9893213284536388
YHR018C,0.0005094243504839531,0.00012913272051675196,2.7268191632886155e-05,0.2553925866915168,0.00011504513140620035,9.316983311972473e-05,0.00028693752714510645,2825.5,0.9893480045819969
YHR015W,0.00025471217524197657,0.0,1.233347280574288e-07,0.17213251782745673,0.0,8.874039188614746e-05,0.00013212094815317864,2910.5,0.9893322388114498
YHR023W,0.0007641365257259297,0.0005143816994027702,5.727494628623055e-07,0.1960278208508398,0.0005226284211441682,0.00020247459486543522,0.00024077221961837496,1979.0,0.9894086326367401
YDL171C,0.0012735608762098828,0.0012728706698608356,4.026900564607354e-05,0.23597311264686,0.0012585601463590511,0.0002279956636050305,0.0003610711812766057,1704.0,0.9894391693705548
YPR188C,0.00025471217524197657,0.0,7.8102501816163e-09,0.1632925312741034,0.0,9.564695762141265e-05,0.00012515169833655833,2869.0,0.9893352436967284
YHR021C,0.010443199184921039,1.821428387725936e-05,0.01739221001301354,0.24763860412415512,1.5557903537532354e-05,0.00027152029799835107,0.0006123121837646269,3612.0,0.98806314559138
YHR036W,0.0005094243504839531,0.00012913272051675196,2.7268191632886155e-05,0.2553925866915168,0.00011504513140620035,9.316983311972473e-05,0.0002869375271451066,2825.5,0.9893480045819969
YHR031C,0.00025471217524197657,0.0,2.5991503269737796e-06,0.21740482623044813,0.0,6.705866345201612e-05,0.00018072094969417878,3276.5,0.9893215429626012
YOL097C,0.0005094243504839531,0.0004980028618616377,6.647111167086611e-07,0.20175149169678303,0.0004980028618616377,0.00014744094134869586,0.00017222216922624817,2434.0,0.9893703389726004
YHR038W,0.00025471217524197657,0.0,9.06637050666524e-09,0.16724491803000238,0.0,0.00010125030648466472,0.00010369729168138028,2880.0,0.9893343679832199
YHR045W,0.00025471217524197657,0.0,6.100850728790656e-05,0.24500277465620174,0.0,6.230338325313404e-05,0.0001847724780764221,3350.5,0.989320178104569
YHR053C,0.00025471217524197657,0.0,3.6148816998036675e-06,0.20228447763020668,0.0,6.877843017997537e-05,0.00017565942718943722,3087.0,0.9893244091745218
YHR060W,0.00025471217524197657,0.0,5.574536410582507e-71,0.00025471217524197657,0.0,0.00025464731347084286,None,3892.5,0.5950153159491425
YKL119C,0.00025471217524197657,0.0,5.574536410582507e-71,0.00025471217524197657,0.0,0.00025464731347084286,None,3892.5,0.5950153159491425
YHR055C,0.00025471217524197657,0.0,3.6148816998036675e-06,0.20228447763020668,0.0,6.877843017997537e-05,0.0001756594271894371,3087.0,0.9893244091745218
YHR061C,0.0012735608762098828,0.00010067650226227739,6.401940839974524e-05,0.25191167524406294,8.959993305441464e-05,0.00013639860230860656,0.00042752645823932063,1817.0,0.98942717340034
YHR063C,0.00025471217524197657,0.0,1.0276548861897126e-05,0.24281468360633404,0.0,6.730226547843438e-05,0.0001847901188894186,3411.5,0.9893181502654183
YHR068W,0.0005094243504839531,0.0,8.068620723259954e-05,0.2151977339308904,0.0,6.78755915278557e-05,0.00028192419773580366,2553.0,0.9893579746488932
YHR067W,0.00025471217524197657,0.0,5.402548369058729e-05,0.2389030557838315,0.0,6.229887560746971e-05,0.00018402697668539166,3330.0,0.9893207111978043
YHR072W,0.00025471217524197657,0.0,3.8308864650573365e-10,0.15791130012984317,0.0,0.00010835901259253384,0.00010219560928881669,2858.0,0.9893377943881558
YLR100W,0.0005094243504839531,0.0004980028618616377,2.8084099366569853e-08,0.1883236706863963,0.0004980028618616377,0.00016500958976582616,0.0001681193240596836,2392.0,0.9893768254662105
YHR074W,0.0007641365257259297,2.9339178202778222e-05,1.2109528287899496e-06,0.22258973013081831,3.509704344458879e-05,0.00011332303325292679,0.00033149584237487944,2252.0,0.9893836049338947
YHR083W,0.0025471217524197657,0.0025082593146090286,0.0001365757044052825,0.2672725809292687,0.002634844129125983,0.0002853264840630196,0.0004973333084636877,1350.0,0.9894912949522906
YMR060C,0.00025471217524197657,0.0,1.862542768729823e-06,0.2099005589418223,0.0,6.246736954307287e-05,0.00017100670391517316,3215.0,0.9893224804889873
YHR098C,0.0005094243504839531,0.0,4.882307693068639e-05,0.2270620001867026,0.0,8.897669410209482e-05,0.00026603136050798817,2657.5,0.9893537193894328
YHR090C,0.002292409577177789,5.301446023035156e-05,5.181417423320112e-05,0.2339864353654552,6.347486006437181e-05,0.00018820270726779484,0.0004927804488210469,1112.0,0.9895278441839862
YHR102W,0.00025471217524197657,0.0,5.574536410582507e-71,0.00025471217524197657,0.0,0.00025464731347084286,None,3892.5,0.5950153159491425
YOR353C,0.00025471217524197657,0.0,5.574536410582507e-71,0.00025471217524197657,0.0,0.00025464731347084286,None,3892.5,0.5950153159491425
YJR125C,0.00025471217524197657,0.0,4.1431658926242744e-08,0.1853558191426279,0.0,7.595441995009126e-05,0.00014566121397569797,2962.0,0.9893280912757908
YHR104W,0.0007641365257259297,0.0001410885100295459,0.0001832517764556402,0.25208092522743036,0.00016707880696701106,0.0001049936984835375,0.0003462069461464632,2256.0,0.9893835419806054
YIL008W,0.0007641365257259297,0.00038403952943503317,7.159172604870735e-07,0.20919835467438383,0.00040544933288937877,0.0001548344108085415,0.0002480736167056693,2065.0,0.9893981528599431
YHR115C,0.0015282730514518594,0.0006594795489239302,7.107311502263206e-05,0.25813364231751457,0.0007084024802507454,0.00021032698155060007,0.000419473494482889,1583.0,0.9894565405931264
YNL116W,0.0007641365257259297,5.534750166947883e-05,3.799244138639187e-06,0.2278756447667825,6.965533138268175e-05,0.0001156706219492359,0.00031186475850780205,2278.0,0.9893824068458151
YHR114W,0.0005094243504839531,0.00014233255418854939,1.8679869068121665e-05,0.23265160854995187,0.00016733582907328692,9.374785821826735e-05,0.0002753945744885036,2644.0,0.9893541194838268
YNL311C,0.0007641365257259297,3.1694444180551896e-05,2.0315062889962453e-06,0.22140755877995244,4.073971388513469e-05,0.00012597602548984602,0.00030954323428374373,2230.0,0.9893849382499454
YHR136C,0.0005094243504839531,7.5933139657962325e-06,4.602401227346516e-07,0.19166185589931928,8.892945301193705e-06,7.958571097160542e-05,0.00026826922532404053,2480.0,0.9893623341197731
YHR132C,0.00025471217524197657,0.0,3.052671386916954e-06,0.22176088959661172,0.0,6.664818543569251e-05,0.0001797291684924259,3314.0,0.9893208261823887
YHR141C,0.001782985226693836,0.0002529691272423985,0.0027882024708129048,0.24074254033269643,0.00025487355928530397,0.0001131263827810066,0.0004707034045437579,961.0,0.9895575275646722
YIL057C,0.0007641365257259297,2.2135773416887206e-05,5.9975724425584855e-05,0.21817598947985542,2.915346235711505e-05,8.203612935414171e-05,0.00033399789988410386,2191.0,0.9893868618129765
YHR140W,0.00025471217524197657,0.0,6.94626011986829e-06,0.21623955340240184,0.0,6.635218715050782e-05,0.00017698131382564886,3260.5,0.9893219364187867
YHR142W,0.00025471217524197657,0.0,4.30203633303748e-07,0.2023935964551232,0.0,5.867381089716827e-05,0.00017900440666018802,3140.0,0.9893235641452227
YHR144C,0.00025471217524197657,0.0,5.3089120835723325e-06,0.2279725659913157,0.0,5.84005481839084e-05,0.0001834322602897082,3390.5,0.9893195271904839
YHR161C,0.00025471217524197657,0.0,1.699164277098903e-05,0.23012588880551238,0.0,6.406466466191679e-05,0.0001827052831954721,3362.0,0.9893201566390197
YHR159W,0.00025471217524197657,0.0,3.352517651535629e-05,0.20961911230152935,0.0,4.858033759624956e-05,0.00018156762026959168,3138.0,0.9893236171912003
YHR178W,0.00025471217524197657,0.0,5.964426883957135e-06,0.2305359441526927,0.0,6.501960837413378e-05,0.00018327177264947916,3385.5,0.9893195474476101
YHR181W,0.00025471217524197657,0.0,5.375398425446519e-08,0.1834884825452403,0.0,5.4823359162799857e-05,0.00017734530969226486,2984.0,0.9893271930327067
YBL040C,0.004584819154355578,0.0005368236638008997,3.941248054376118e-06,0.2258727644985295,0.0005521078067986396,0.0003524202042041819,0.000555026144246669,346.0,0.9896797233049601
YHR189W,0.0005094243504839531,0.0001830963919185719,8.355652755560329e-06,0.21965766003659468,0.00020977370000050885,6.39950376745109e-05,0.00028470991414228673,2581.0,0.9893565112188152
YMR271C,0.00025471217524197657,0.0,3.1129951272047354e-06,0.17200625732751448,0.0,9.276898265414237e-05,0.00010609173828517269,2901.0,0.9893326412888342
YHR198C,0.00025471217524197657,0.0,5.3089120835723325e-06,0.2279725659913157,0.0,5.84005481839084e-05,0.00018343226028970825,3390.5,0.9893195271904839
YHR195W,0.00025471217524197657,0.0,2.6868194289663227e-06,0.20495861963755457,0.0,4.8357447260498045e-05,0.0001818669514066132,3212.0,0.9893225888610898
YHR201C,0.00025471217524197657,0.0,2.901942926308397e-06,0.1756541428410615,0.0,6.71410613872052e-05,0.00014484469386677405,2929.0,0.989330009418013
YHR199C,0.00025471217524197657,0.0,3.921400774478515e-06,0.22598159917394892,0.0,5.746422755496182e-05,0.00018352959246841714,3376.0,0.9893197004924466
YHR203C,0.017320427916454405,0.0005698374180642495,0.0338610634666837,0.269790212920477,0.00044432596139328017,0.0004413029468835366,0.0006277375073265157,3700.0,0.982984508856646
YLR406C,0.008405501782985226,1.486843152202356e-05,0.045123013891579994,0.2601020791046845,1.2577659270430757e-05,0.0002304050972820814,0.000605810226810922,3727.0,0.9772977178602562
YHR202W,0.00025471217524197657,0.0,3.5901606688401476e-05,0.22241819260685716,0.0,6.177438034529165e-05,0.00018263382297362474,3232.5,0.9893223040239741
YHR206W,0.0007641365257259297,0.0005795994335600338,5.633256198887336e-05,0.25440551200739586,0.0005802100465652235,0.00015689433281227945,0.0002858635880278116,2248.0,0.9893838051543785
YHR205W,0.00025471217524197657,0.0,3.040347894911273e-06,0.21267274068048259,0.0,6.754860047121286e-05,0.00017832956680775917,3218.0,0.9893223985204349
YHR216W,0.0005094243504839531,0.0,0.0001992144240191152,0.20287512117903503,0.0,7.697012798205618e-05,0.00025883113322111107,2438.0,0.9893697375961767
YIL004C,0.0010188487009679063,7.245006725688909e-05,1.6079352462049992e-06,0.21662658724509665,9.121061225163556e-05,0.0001273713872846457,0.0003708198437169974,1890.0,0.9894164591998424
YGL148W,0.0010188487009679063,0.00010059148704760318,7.190993235477199e-06,0.22856975273134778,0.000101890983014603,0.00011306695838036916,0.0003865470567675624,1958.0,0.9894101094892914
YIL022W,0.0012735608762098828,6.215577487572678e-05,9.043463583536764e-05,0.245628313655324,6.639897609250422e-05,0.0001099605277141749,0.00043040770765831563,1791.0,0.9894297930530604
YIL033C,0.001782985226693836,0.0008797853313624669,2.5153686212771205e-06,0.22645898666616815,0.0009313614991052276,0.00035582592442617346,0.00034163986788769625,1271.0,0.9895026274509553
YJL164C,0.0010188487009679063,0.0009648468165150637,6.106683256186358e-05,0.24601485090060154,0.0009840568079336545,0.00020576613745972974,0.0002909578958351106,1908.0,0.9894140287166661
YPL203W,0.0007641365257259297,0.0,8.794322481034825e-07,0.20241543434856896,0.0,0.00017556968842767366,0.0002346881205152916,2086.5,0.9893955330093871
YKL166C,0.0007641365257259297,0.0,8.794322481034825e-07,0.20241543434856896,0.0,0.00017556968842767366,0.0002346881205152915,2086.5,0.9893955330093871
YIL039W,0.00025471217524197657,0.0,1.2060808682684637e-06,0.20021197924680223,0.0,6.406982028188354e-05,0.00017210535925205105,3095.0,0.9893243477425843
YIL037C,0.0005094243504839531,1.9683668160579244e-05,2.001973520368712e-05,0.21491422219527287,1.854505215349045e-05,8.622350253027972e-05,0.00027020118822300416,2597.0,0.9893561300297964
YIL042C,0.00025471217524197657,0.0,5.574536410582507e-71,0.00025471217524197657,0.0,0.00025464731347084286,None,3892.5,0.5950153159491425
YGL059W,0.00025471217524197657,0.0,5.574536410582507e-71,0.00025471217524197657,0.0,0.00025464731347084286,None,3892.5,0.5950153159491425
YIL040W,0.0010188487009679063,0.00015323121626818065,4.063313134627161e-06,0.2258727644985295,0.00017200211128583605,0.00012169301280067171,0.0003757685811700507,1921.0,0.9894130071361994
YBL017C,0.0010188487009679063,6.502992297979626e-05,2.972413457438224e-07,0.20348025874966505,7.66347911514475e-05,0.00016131383785195072,0.00036139021780807844,1826.0,0.9894258639064026
YIL050W,0.0005094243504839531,0.00038471612457361434,5.403947734618492e-05,0.23998800633779416,0.00040109673018562484,0.00011153329620275485,0.00026143133919359624,2540.0,0.9893582199492001
YIL063C,0.0005094243504839531,4.841668391007619e-05,2.5668692488808103e-05,0.23403022025231252,5.447168845624516e-05,8.337518819951067e-05,0.0002834987468604284,2730.0,0.9893514366858984
YIL071C,0.0010188487009679063,5.4973542996229305e-06,4.270494858297857e-07,0.1959561545456246,9.338391788752819e-06,0.00015819407275591258,0.0003184559086990249,1799.0,0.989428854374291
YIL069C,0.010697911360163015,0.0005094969528471324,0.016042682029728035,0.25709007065130013,0.0005361674208928635,0.0003035268844312555,0.0006131687660108431,3585.0,0.9884900643944049
YIL083C,0.0005094243504839531,6.353116415282749e-05,7.667606118428695e-05,0.25162447126853155,7.056846635206033e-05,7.464049286844436e-05,0.0002877324312760821,2794.0,0.9893493429558614
YIL098C,0.0005094243504839531,0.0,4.0381960995363185e-06,0.21311970980318512,0.0,8.056397027038874e-05,0.000277595786533531,2624.0,0.9893549372848005
YIL101C,0.00025471217524197657,0.0,2.737691439093988e-05,0.22239182568224017,0.0,6.474329260835993e-05,0.00018202361499746367,3252.0,0.9893219983130043
YHR155W,0.00025471217524197657,0.0,2.075262180446034e-06,0.20087656553619626,0.0,5.681101814416257e-05,0.0001768411548129822,3128.0,0.989323829348325
YIL105C,0.0005094243504839531,0.00010158095995108515,3.5920361813222335e-05,0.22430636044031052,0.0001319165774286117,0.00010571177283431227,0.00023952587257597576,2567.0,0.9893573802960128
YIL123W,0.0005094243504839531,0.00023050097603858813,2.89128225711278e-05,0.2562122706285901,0.0001922615188074655,9.384283821493614e-05,0.00028745777986806685,2791.5,0.9893494470543254
YIL131C,0.00025471217524197657,0.0,3.5901606688401476e-05,0.22241819260685716,0.0,6.177438034529165e-05,0.00018263382297362463,3232.5,0.9893223040239741
YIL128W,0.0007641365257259297,0.0009957461444364047,2.0118710879538417e-06,0.21711547312569146,0.0009957461444364047,0.00019598812675051782,0.00018271686848568593,2093.0,0.9893947514039231
YIL145C,0.00025471217524197657,0.0,3.5105140354599443e-06,0.2003723626747703,0.0,5.9130046876476426e-05,0.00017583388728571828,3102.0,0.9893241610043239
YIL138C,0.0007641365257259297,0.0001013023190565602,0.00018837548120099866,0.2206263960416955,0.00013193957568584505,0.00011764303359324591,0.000314239335317653,2075.0,0.9893969248902418
YNL079C,0.0007641365257259297,0.00013267785648237367,3.68219988955546e-05,0.2398039429301466,0.00016541954898713183,0.00010494662630259555,0.00033101682221985807,2322.0,0.9893807499372147
YBR130C,0.0012735608762098828,0.000718758127879206,4.049764285308804e-05,0.22317228712140577,0.0007743723694824293,0.0002449881214023737,0.00034625514053500546,1609.0,0.9894538348078875
YIL149C,0.0012735608762098828,0.0002655194394758371,5.4267951633069256e-06,0.22083416663243519,0.0003271134667701411,0.00017949066234891723,0.0003940953980931711,1653.0,0.98944768674941
YIL148W,0.0010188487009679063,0.00014297157082149783,0.002514414479024857,0.23030952618532158,0.00014471111213063323,8.368104054308546e-05,0.0003913385782589657,1378.0,0.9894870489214327
YIL153W,0.00025471217524197657,0.0,2.7964964374004243e-09,0.159015574955926,0.0,0.00010217965435331411,0.00011899783542152593,2860.5,0.9893370515138745
YIL160C,0.00025471217524197657,0.0,5.912346068627033e-05,0.21487729746778958,0.0,5.7738564237310745e-05,0.00017539006483547126,3069.0,0.9893246807430244
YIR004W,0.00025471217524197657,0.0,5.737238696200792e-08,0.1885508061251859,0.0,5.733143343185368e-05,0.00017149609497126017,3009.0,0.9893262216925212
YNL135C,0.0010188487009679063,0.00014785051568450957,0.0014456729829308444,0.22801412890216188,0.0001549951452869873,8.962065823391721e-05,0.00038776929388624866,1493.0,0.9894699093534074
YIR011C,0.0005094243504839531,2.9936394432861243e-05,7.86244060766764e-06,0.22493839874610755,3.905911604348673e-05,6.404725456231948e-05,0.00028310142511436684,2726.0,0.9893515335072811
YIR007W,0.0005094243504839531,2.58015950515565e-05,6.474030152831453e-05,0.2261859471355844,3.0131292408336083e-05,6.212767789885672e-05,0.0002841890125019294,2645.0,0.9893540546073906
YIR015W,0.0020376974019358125,0.00023024735284306682,4.460605932673453e-06,0.21514837382218438,0.00022898017327429866,0.0001895767528291251,0.0004368415073326144,1134.0,0.989523815504602
YIR014W,0.00025471217524197657,0.0,8.519267302662563e-09,0.17936573721603757,0.0,0.0001178581155514212,0.00010678615920298528,2908.0,0.9893322409329625
YIR018W,0.00025471217524197657,0.0,4.3108582498753747e-07,0.19620208602651643,0.0,7.087130967000182e-05,0.0001717544070403177,3040.0,0.989325536005693
YJL005W,0.0007641365257259297,2.950211584413558e-05,5.951582287091898e-08,0.19030089729585484,3.873603227688405e-05,0.0001397819753663724,0.00027664304381112365,2056.0,0.9894007718948578
YNL138W,0.0007641365257259297,0.00014708509304198528,5.600043850287106e-07,0.20247004970509277,0.00016493626457145399,0.000129722082906331,0.00028028142751692687,2076.0,0.9893965579597677
YJL006C,0.0010188487009679063,0.00047554934021686187,9.940709430430344e-06,0.2349535031050832,0.0004702054693918195,0.00015962369221677502,0.00034279849805565017,1903.0,0.9894147456827643
YKL139W,0.0010188487009679063,0.00017403720331441518,1.6079775272985099e-06,0.21682688922128257,0.00019956071472432713,0.0001674299684260199,0.00033340879652530767,1851.0,0.9894207874766627
YML112W,0.0005094243504839531,0.0,1.5774422392826717e-07,0.19408092753388548,0.0,0.00010785582876022304,0.00022318219723010865,2477.0,0.9893629021171141
YDL229W,0.0020376974019358125,0.0007159128404479793,8.792953050524363e-05,0.25714292996265325,0.0006637965638515845,0.0002202977325132681,0.0004827937974514665,1289.0,0.9895005152416663
YJL035C,0.00025471217524197657,0.0,5.574536410582507e-71,0.00025471217524197657,0.0,0.00025464731347084286,None,3892.5,0.5950153159491425
YLR316C,0.00025471217524197657,0.0,5.574536410582507e-71,0.00025471217524197657,0.0,0.00025464731347084286,None,3892.5,0.5950153159491425
YJL044C,0.0005094243504839531,0.0003064359763400721,1.030447063626112e-05,0.2438562648566927,0.0003495166766670325,9.197233565543881e-05,0.00027485256602616606,2676.0,0.9893531649428987
YJL043W,0.0005094243504839531,0.0014932298477243007,4.536479442117505e-05,0.22309266803930752,0.0014932298477243007,0.00012843134552798887,0.00018338262566937522,2761.0,0.9893503371959387
YJL057C,0.00025471217524197657,0.0,1.8636273709230678e-05,0.2312748869558697,0.0,6.47376697571282e-05,0.00018352783315490523,3368.5,0.9893201118708054
YJL048C,0.00025471217524197657,0.0,9.327200926022362e-07,0.19777410210769458,0.0,7.613255161967078e-05,0.00014800982903109784,3042.0,0.9893254854565589
YJL065C,0.0012735608762098828,0.0003960037834988202,6.888177141417662e-05,0.25243709150811233,0.0004842828551460762,0.00015717890631152432,0.0004040325022110588,1755.0,0.9894330287825683
YJL062W-A,0.0007641365257259297,0.0005536266179056399,6.749010937604586e-05,0.2515907256142341,0.0005905367689466203,0.00010318660028646679,0.0003473489523008811,2270.0,0.9893827240660743
YJL070C,0.0010188487009679063,0.0008129310495742224,4.6047016115884304e-05,0.24328702445111358,0.0008036332316618419,0.0001529173894498896,0.00036233619868601116,1926.0,0.9894129209331275
YML035C,0.0005094243504839531,0.0,6.530070202010222e-07,0.19812919105904175,0.0,9.275838242547998e-05,0.0002469156944191101,2506.0,0.9893605048441362
YJL078C,0.0005094243504839531,2.2639517351608176e-05,1.7308155731309672e-06,0.21262453196673883,3.026859726006936e-05,9.342130922384823e-05,0.0002577557887069649,2589.0,0.9893563766233172
YJL079C,0.00025471217524197657,0.0,3.43280601078775e-08,0.18387515271183894,0.0,8.1706443509303e-05,0.00014784022754127328,2948.0,0.98932884091019
YMR237W,0.0020376974019358125,0.00043946394146067284,0.0007063621343724243,0.2568788505466982,0.0005339332690215957,0.00023046571785592895,0.0004678355661810195,1115.0,0.9895270000457882
YJL099W,0.0010188487009679063,0.00024220392494016807,0.0006127808168235417,0.2490026872235913,0.00023146964098395178,0.0001315901114495454,0.0003916252039308855,1771.0,0.9894316659259804
YLR330W,0.007896077432501274,0.0008712545650571334,0.04368086682157093,0.2669683002052849,0.0007590531830768305,0.00031182113471994917,0.0006008751754758206,3724.0,0.9787703295152647
YJL104W,0.00025471217524197657,0.0,5.574536410582507e-71,0.00025471217524197657,0.0,0.00025464731347084286,None,3892.5,0.5950153159491425
YLR008C,0.00025471217524197657,0.0,5.574536410582507e-71,0.00025471217524197657,0.0,0.00025464731347084286,None,3892.5,0.5950153159491425
YJL112W,0.0020376974019358125,0.0,7.3224785397349095e-06,0.22309266803930752,0.0,0.0001751139502453139,0.0004816262597409718,1205.5,0.989511423079193
YJL123C,0.0007641365257259297,0.0004249166743889357,1.0546802034860187e-05,0.2477530699343023,0.000496106587080021,0.00013670262929599606,0.00031825102994786664,2281.0,0.9893821725587709
YJL125C,0.00025471217524197657,0.0,5.574536410582507e-71,0.00025471217524197657,0.0,0.00025464731347084286,None,3892.5,0.5950153159491425
YNL062C,0.00025471217524197657,0.0,5.574536410582507e-71,0.00025471217524197657,0.0,0.00025464731347084286,None,3892.5,0.5950153159491425
YJL130C,0.00025471217524197657,0.0,4.922153708783633e-05,0.2193238142915224,0.0,5.4873058098144366e-05,0.0001828137446145025,3164.5,0.9893231809176979
YLR153C,0.0007641365257259297,2.855691137081016e-05,7.03712520230736e-05,0.2538203552350882,2.8197716593583955e-05,9.019032100360848e-05,0.0003525301356319481,2410.0,0.9893743149019534
YLR363C,0.0005094243504839531,0.00025565723825815383,2.3604027690751618e-05,0.24081980045475443,0.00030722587735079087,9.626752837421339e-05,0.00025779760802097546,2641.0,0.989354242290014
YNL037C,0.0028018339276617422,0.0006136482575493187,0.00017192871992320144,0.25792070468722583,0.00062769108038315,0.0002315634830033445,0.0005216651978402864,941.0,0.9895601110305188
YNR016C,0.0010188487009679063,0.0002280008472525297,2.5161891803090832e-05,0.2492839340299697,0.0002737775561381519,0.00014187600205838215,0.00036620064794303165,2018.0,0.9894054254002502
YKR028W,0.0005094243504839531,1.1417879434554452e-05,6.674263527070921e-05,0.22553333079376495,1.4332575214911031e-05,7.583133561370023e-05,0.0002652018659305042,2633.0,0.9893547293437484
YJL147C,0.0005094243504839531,5.402629656379474e-05,1.1015416980172896e-05,0.24532316536452686,7.273145496601157e-05,0.00011463398009467553,0.00024314379637402833,2786.0,0.9893494998594939
YJL155C,0.00025471217524197657,0.0,5.574536410582507e-71,0.00025471217524197657,0.0,0.00025464731347084286,None,3892.5,0.5950153159491425
YLR345W,0.00025471217524197657,0.0,5.574536410582507e-71,0.00025471217524197657,0.0,0.00025464731347084286,None,3892.5,0.5950153159491425
YJL153C,0.00025471217524197657,0.0,6.9395165286460244e-06,0.20887226471553047,0.0,6.227809476112317e-05,0.00017889649693745156,3186.5,0.9893229899581496
YJL169W,0.00025471217524197657,0.0,7.772086895866371e-05,0.2254113842646485,0.0,4.543042908392236e-05,0.00018409402559600596,3167.0,0.9893231807874223
YJL196C,0.0005094243504839531,0.0004980028618616377,3.4236463552386255e-06,0.20695970495256627,0.0004980028618616377,0.0001419405861302829,0.00017768909531179218,2448.0,0.9893682691557503
YBR126W-A,0.00025471217524197657,0.0,4.669809629053716e-08,0.17080818041906007,0.0,9.884556406209355e-05,0.00010565455386523216,2897.0,0.9893331886591854
YJL190C,0.011207335710646969,3.612360935677612e-05,0.002651388090061891,0.25142213302185046,3.88165305539484e-05,0.00026395774448052464,0.0006105144930732012,504.0,0.9896488154663
YBL004W,0.017575140091696383,4.1965086935098527e-05,0.0035661141761892164,0.26051746223337546,3.49985902236944e-05,0.00040518653329490377,0.0006224797363493372,3499.0,0.9890355777464658
YCL059C,0.019612837493632195,0.001996457696756998,0.0037849170454655632,0.26740592196458374,0.002042943409691428,0.0005647887660898159,0.0006247408294778983,3560.0,0.988784801203568
YBR247C,0.019867549668874173,0.0015370652712407397,0.006469982772238291,0.2744475525627294,0.001612867736481783,0.0004984200243825363,0.0006263112292255643,3564.0,0.9887805117061128
YCR057C,0.019612837493632195,0.0014079960988665602,0.003990303450545244,0.27162618483204765,0.0015637564077056413,0.0004721507704510949,0.0006252927803500052,3547.0,0.9888441950245753
YOR145C,0.012480896586856851,1.7071366229201446e-06,0.0027713837868176302,0.2527091325577608,1.2585286328010782e-06,0.00029405960322666886,0.0006137664344037659,927.0,0.9895622358202737
YJL197W,0.00025471217524197657,0.0,1.289490248927842e-05,0.22195767221279425,0.0,6.417310198136226e-05,0.0001822520981180865,3288.5,0.989321219947145
YJL208C,0.0007641365257259297,0.00022616831577458978,2.3112396086934794e-05,0.2300412318261848,0.00028105396760355026,0.00013448684486026835,0.00030760562053535804,2186.0,0.9893871908019476
YJL204C,0.0005094243504839531,7.90059159548627e-06,1.3710348659417356e-05,0.23060679109312068,9.015081896892956e-06,7.016548330457108e-05,0.0002825960063194133,2768.0,0.9893499955043887
YJL212C,0.0005094243504839531,7.681766518807473e-05,4.626655892416556e-05,0.2107494518387392,9.036938464048126e-05,7.886452283674075e-05,0.0002577216130268641,2510.0,0.9893601532390578
YJL210W,0.0007641365257259297,0.0,1.8818904043440214e-06,0.212516142230817,0.0,0.00012911113140807247,0.0002965505607025187,2170.0,0.989388073936995
YJR008W,0.00025471217524197657,0.0,1.8729175960162077e-05,0.22503283698704935,0.0,5.929419045901393e-05,0.00018309790767982305,3315.5,0.9893207772992235
YJR015W,0.0005094243504839531,0.0,4.8926987343781257e-08,0.18711213300843177,0.0,0.00011326546062456885,0.00023781337067128644,2456.0,0.9893660624296627
YJR013W,0.0007641365257259297,0.0010446292461297564,6.83626497660673e-05,0.2285976050134085,0.0010543240095697295,0.00014916155524405706,0.0002774610080234881,2128.0,0.9893911299776275
YJR044C,0.00025471217524197657,0.0,5.6781426002824836e-08,0.18669316271508554,0.0,6.902673659199573e-05,0.0001716670527608716,2980.0,0.9893274272510509
YJR035W,0.00025471217524197657,0.0,1.0058599904506453e-05,0.223731215926361,0.0,6.408394527242678e-05,0.00018203347280673683,3320.0,0.9893207682480843
YJR048W,0.0005094243504839531,0.0004980028618616377,4.118271291031797e-05,0.2128174980762946,0.0004980028618616377,0.00013555908183125035,0.00018167767616564896,2449.0,0.9893680667325763
YIL013C,0.00025471217524197657,0.0,5.615666249819747e-07,0.17477861327083774,0.0,9.604032335591719e-05,0.0001070520129987232,2914.0,0.9893319498320388
YJR052W,0.0007641365257259297,0.0005182660652851871,1.1004310357981353e-05,0.23294049115819665,0.0005274454998940618,0.00016041393800725863,0.0002708100326735069,2150.0,0.9893894277286666
YPL046C,0.00025471217524197657,0.0,1.500713298967012e-07,0.18812537560595036,0.0,8.36221645679406e-05,0.00013280873210006063,2967.0,0.9893279240565199
YPL193W,0.0007641365257259297,0.0007285038379002258,2.8918205819575406e-05,0.25624726752390886,0.0006902643806691032,0.0001669867960110504,0.00028754043560330725,2272.0,0.9893826681427034
YJR055W,0.00025471217524197657,0.0,3.945415988841447e-07,0.20303980145489872,0.0,8.536436456024234e-05,0.00013670966587106247,3061.0,0.9893249323949168
YJR067C,0.00025471217524197657,0.0,4.9932136247329475e-05,0.21141446391418683,0.0,5.486465350837057e-05,0.00017713784881733996,3075.0,0.9893246215352904
YJR058C,0.0005094243504839531,2.2300844307023492e-05,1.5895800845202802e-06,0.21066661937591658,3.352767164852118e-05,9.46137471709138e-05,0.0002569062176362498,2570.0,0.989357112569682
YJR074W,0.0005094243504839531,1.2978964343540207e-07,2.6592844358942292e-67,0.0005094243504839531,1.2978964343540207e-07,0.00035500512824372546,None,3855.5,0.6511172381590328
YNL036W,0.00025471217524197657,0.0,1.8803980577246525e-67,0.00033961623365596876,0.0,0.00020446840608440156,None,3843.5,0.733921948397884
YJR096W,0.00025471217524197657,0.0,5.402548369058729e-05,0.2389030557838315,0.0,6.229887560746971e-05,0.00018402697668539175,3330.0,0.9893207111978043
YJR094W-A,0.01553744268976057,5.493769419204541e-05,0.07513964786554662,0.2660030124838762,5.1373961946991095e-05,0.0003959006320247582,0.0006261087883735797,3778.0,0.9555577317016128
YJR111C,0.0005094243504839531,0.00014276427226151813,5.604863804823747e-05,0.2519285900144413,0.00013699501094951907,7.880383538765532e-05,0.00028698483732818005,2773.0,0.9893498690036705
YJR105W,0.00025471217524197657,0.0,3.1196114126067636e-06,0.20045800561441865,0.0,6.84451865000257e-05,0.00017171385303048177,3067.5,0.9893246974412732
YJR116W,0.00025471217524197657,0.0,5.402548369058729e-05,0.2389030557838315,0.0,6.229887560746971e-05,0.00018402697668539177,3330.0,0.9893207111978043
YJR129C,0.00025471217524197657,0.0,1.8729175960162077e-05,0.22503283698704935,0.0,5.929419045901393e-05,0.00018309790767982322,3315.5,0.9893207772992235
YJR119C,0.0005094243504839531,9.645049173480397e-05,7.535972534640213e-05,0.23791835707578146,0.00012213602621150048,7.093704309064106e-05,0.00028590578576701676,2663.0,0.9893535331466066
YJR133W,0.0005094243504839531,0.0004980028618616377,6.1912629823223026e-09,0.16788851311459968,0.0004980028618616377,0.00019976204754776675,0.00013196462141203445,2160.0,0.989388890541167
YBR235W,0.00025471217524197657,0.0,8.451088800610995e-11,0.1432870915060177,0.0,0.00012459983083306286,8.760565241501227e-05,2835.0,0.9893443733387153
YJR134C,0.00025471217524197657,0.0,2.2351417650961766e-06,0.21056021612240158,0.0,7.255270748822539e-05,0.00017946203026647162,3180.5,0.9893230311062077
YKL033W,0.001782985226693836,0.001469983794495718,7.770587387624861e-06,0.23949779720956682,0.0015326323071088708,0.0002832901659873668,0.00040284206503863815,1424.0,0.9894793536594997
YGR099W,0.00025471217524197657,0.0,1.0629424870387003e-07,0.19237924888914903,0.0,7.287924664391898e-05,0.00015824381241202594,3001.5,0.9893263890873271
YPR085C,0.00025471217524197657,0.0,1.0629424870387003e-07,0.19237924888914903,0.0,7.287924664391898e-05,0.00015824381241202589,3001.5,0.9893263890873271
YJR136C,0.0007641365257259297,0.0004464531629006964,1.193522564443624e-05,0.25048217444990145,0.0004443617426791381,0.00013545934434944074,0.00034095710933998294,2309.0,0.9893811334644161
YJR147W,0.00025471217524197657,0.0,7.683467227419157e-07,0.20188175900377048,0.0,8.253515874532015e-05,0.00013632945481601772,3058.0,0.9893250041870555
YJR145C,0.018848700967906265,0.0011516289982068991,0.036860906284425614,0.2791230836992318,0.0009842146351719688,0.0004948880616862177,0.0006296631688691956,3705.0,0.9821379930769529
YJR161C,0.00025471217524197657,0.0,4.6950746535437036e-07,0.20184917640870853,0.0,6.682972054808771e-05,0.0001600635048726941,3105.0,0.9893241098427928
YJR149W,0.00025471217524197657,0.0,1.0058599904506453e-05,0.223731215926361,0.0,6.408394527242678e-05,0.00018203347280673694,3320.0,0.9893207682480843
YKL002W,0.0012735608762098828,0.0008006934988406966,0.00010812286795750152,0.25575817935140244,0.0008367658916325973,0.00015559259809548736,0.0004201681391925345,1742.0,0.9894343366869066
YPR017C,0.0007641365257259297,0.0,2.8838670232977566e-07,0.19647949785740856,0.0,0.00013086625894186715,0.000289355769266031,2084.0,0.9893958976708432
YKL006C-A,0.0010188487009679063,0.00018436405506551694,7.141186487562358e-06,0.2208991752184324,0.0002108806531526682,0.00016174108759669874,0.00033966438876072917,1867.0,0.9894186999629685
YKL018C-A,0.00025471217524197657,0.0,9.825118300083903e-06,0.211319205355397,0.0,6.523938118895492e-05,0.00017772735062126518,3198.0,0.9893228994014587
YKL017C,0.00025471217524197657,0.0,3.040347894911273e-06,0.21267274068048259,0.0,6.754860047121286e-05,0.00017832956680775895,3218.0,0.9893223985204349
YKL020C,0.00025471217524197657,0.0,5.574536410582507e-71,0.00025471217524197657,0.0,0.00025464731347084286,None,3892.5,0.5950153159491425
YIR033W,0.00025471217524197657,0.0,5.574536410582507e-71,0.00025471217524197657,0.0,0.00025464731347084286,None,3892.5,0.5950153159491425
YKL028W,0.0007641365257259297,8.74623201363439e-05,1.211069884301344e-05,0.2497485516265109,9.729047818477517e-05,0.0001108900656736279,0.00034299373479320375,2404.0,0.9893751575068711
YKL026C,0.0005094243504839531,0.0,1.8038952041053656e-07,0.17164428798595882,0.0,0.00010675161824285933,0.0002175778941354907,2420.0,0.9893724902064791
YKL043W,0.00025471217524197657,0.0,5.665144925001427e-06,0.20953716581509402,0.0,4.73718126603125e-05,0.00018217526982723694,3264.0,0.9893218927879306
YKL038W,0.00025471217524197657,0.0,1.289490248927842e-05,0.22195767221279425,0.0,6.417310198136226e-05,0.00018225209811808667,3288.5,0.989321219947145
YKL048C,0.00025471217524197657,0.0,9.661439941941346e-08,0.1781394212840696,0.0,8.829985187177449e-05,0.00012879046870967398,2926.0,0.9893306139615727
YKL047W,0.00025471217524197657,0.0,2.2351417650961766e-06,0.21056021612240158,0.0,7.255270748822539e-05,0.00017946203026647167,3180.5,0.9893230311062077
YKL049C,0.0005094243504839531,1.514359125012371e-06,3.5849747927150837e-07,0.2032928311164431,1.8079229982308274e-06,7.402711331009541e-05,0.0002799159751298657,2563.0,0.9893575847557232
YKL058W,0.00025471217524197657,0.0,5.574536410582507e-71,0.00025471217524197657,0.0,0.00025464731347084286,None,3892.5,0.5950153159491425
YOR194C,0.00025471217524197657,0.0,5.574536410582507e-71,0.00025471217524197657,0.0,0.00025464731347084286,None,3892.5,0.5950153159491425
YKL055C,0.00025471217524197657,0.0,5.452541106068186e-07,0.187177475234975,0.0,8.044815340195748e-05,0.00013561173226546306,2965.0,0.9893279656953142
YKL061W,0.0010188487009679063,0.0014934894270111716,5.305229656161492e-08,0.17240143781119668,0.0014934894270111716,0.00034063776427844356,0.0001316490009166448,1758.0,0.9894328771421746
YDR357C,0.0005094243504839531,0.0,7.334952296749155e-10,0.1465671507123354,0.0,0.00019389846184050412,9.849025088722819e-05,2103.5,0.9893932396196906
YLR408C,0.0005094243504839531,0.0,7.334952296749155e-10,0.1465671507123354,0.0,0.00019389846184050412,9.849025088722823e-05,2103.5,0.9893932396196906
YKL068W,0.0007641365257259297,0.0001369386618103405,1.229061154892267e-05,0.23960485925570432,0.00016330606960973258,9.609437131440887e-05,0.0003460957552637156,2352.0,0.9893791104431736
YKL072W,0.0007641365257259297,0.00010136188331191551,3.6473401963453666e-06,0.20592604232080536,0.0001276028022032031,0.00014259472920547553,0.00029303281013414877,2091.0,0.989394915380911
YKL071W,0.012990320937340805,0.00010246427880688188,0.026054227674407886,0.2626144390764383,9.899123303989854e-05,0.0003359659909024862,0.0006198307675404484,3672.0,0.9859085593674609
YKL074C,0.0005094243504839531,0.0004980028618616377,1.206308384927724e-06,0.2002333488678127,0.0004980028618616377,0.00015185712858213523,0.00017216462015965688,2425.0,0.989371224408967
YLR116W,0.00025471217524197657,0.0,1.6559809650475007e-08,0.16620033183101104,0.0,0.00010300623980320917,0.0001036764250306169,2872.0,0.989334806747087
YKL086W,0.0007641365257259297,5.4732971687149e-06,7.533231595414828e-06,0.21106955957949336,6.833562233154067e-06,0.00010522317740836765,0.00033366885706984757,2175.0,0.9893878469039519
YKL092C,0.00025471217524197657,0.0,1.0058599904506453e-05,0.223731215926361,0.0,6.408394527242678e-05,0.00018203347280673694,3320.0,0.9893207682480843
YKL091C,0.0007641365257259297,2.6517645161327648e-05,7.542518179854932e-06,0.23429327407799888,2.6819189598702466e-05,0.00010379171463995359,0.00034349386993443693,2359.0,0.9893786795832705
YKL096W-A,0.0007641365257259297,9.576605446107008e-05,2.968245685870914e-05,0.21901654842595727,0.00011681989135207252,0.00011715047421449328,0.00033199056339394,2166.0,0.9893886693403594
YKL113C,0.00025471217524197657,0.0,1.0276548861897126e-05,0.24281468360633404,0.0,6.730226547843438e-05,0.00018479011888941846,3411.5,0.9893181502654183
YKL112W,0.0005094243504839531,7.632244421642132e-05,1.726262931774041e-05,0.23443967077512332,9.568075963365451e-05,9.264704001189864e-05,0.00028139497356504924,2710.0,0.9893521232366445
YKL127W,0.0007641365257259297,0.0005446185378368321,6.692942710319044e-05,0.2571253077772117,0.0006046834685290533,0.00011320238470147378,0.0003509453439186798,2303.0,0.9893813029856092
YKL125W,0.00025471217524197657,0.0,4.604553294321042e-05,0.2256418385304952,0.0,5.719361414227854e-05,0.0001808139255678144,3247.0,0.989322065104503
YOR124C,0.0010188487009679063,0.00017638556030534963,1.3460396445774553e-05,0.23748164384360237,0.0001949337778707343,0.00014054310992016772,0.00037855783256912894,1972.0,0.9894091725007442
YOR138C,0.0010188487009679063,0.0002864953785552165,1.9483537221569652e-05,0.24455563101845088,0.00032956916192123823,0.00014161911137163956,0.00038169217499000056,1988.0,0.9894080662531154
YKL156W,0.008660213958227202,0.00011270224329991954,0.013552373705168149,0.24651593239717962,0.00012205137283759222,0.0002401765177298881,0.0006049985622308469,3534.0,0.9888804946282753
YKL151C,0.0005094243504839531,1.1364732708217789e-05,3.787913064446914e-05,0.22708948620536704,1.544481128638514e-05,8.229397288055606e-05,0.00026967616002377445,2680.0,0.9893530763007086
YKL162C,0.00025471217524197657,0.0,5.574536410582507e-71,0.00025471217524197657,0.0,0.00025464731347084286,None,3892.5,0.5950153159491425
YOR385W,0.00025471217524197657,0.0,5.574536410582507e-71,0.00025471217524197657,0.0,0.00025464731347084286,None,3892.5,0.5950153159491425
YKL160W,0.004075394803871625,4.429219487843942e-05,0.00024316545909544335,0.25922153455057856,3.151210694114311e-05,0.0002229296694514497,0.0005593373772270199,595.0,0.9896284733940188
YKL176C,0.00025471217524197657,0.0,5.574536410582507e-71,0.00025471217524197657,0.0,0.00025464731347084286,None,3892.5,0.5950153159491425
YGR057C,0.00025471217524197657,0.0,5.574536410582507e-71,0.00025471217524197657,0.0,0.00025464731347084286,None,3892.5,0.5950153159491425
YPL231W,0.0012735608762098828,0.00025551167163903176,6.072237509160856e-05,0.25581049233552017,0.00027640391770788434,0.00013642009130473073,0.000425200909945249,1809.0,0.9894279040575931
YKL182W,0.0015282730514518594,0.0002297956783731126,3.465649704285296e-05,0.2511864826327291,0.00024286148363352622,0.0001663126123198585,0.00044058529177654727,1613.0,0.9894529628738106
YIR012W,0.002292409577177789,0.0012360201711814445,0.0017494176703733194,0.2787912387490767,0.0013405847354015865,0.00020410824180361288,0.0005060358825510809,962.0,0.9895574967064937
YKL187C,0.00025471217524197657,0.0,1.534815222264209e-07,0.1985801043233341,0.0,7.989613999600102e-05,0.00015341750534712584,3038.0,0.9893255378380552
YKL186C,0.001782985226693836,0.0007013852251679687,0.0014398239175123686,0.262155707873468,0.0007572754117604924,0.00014193234202002514,0.00047384611849215623,1140.0,0.9895234290947055
YKL189W,0.00025471217524197657,0.0,2.2351417650961766e-06,0.21056021612240158,0.0,7.255270748822539e-05,0.00017946203026647154,3180.5,0.9893230311062077
YKL197C,0.0015282730514518594,0.0007222855606095305,1.8915257291239906e-05,0.24292473234607148,0.0007212356777761297,0.00019039505247469234,0.0004285805784523993,1546.0,0.9894619268124923
YNL329C,0.00025471217524197657,0.0,2.586744118160235e-07,0.19458419723498982,0.0,6.520080569709075e-05,0.00016206710713073216,3043.0,0.989325447415543
YKL194C,0.00025471217524197657,0.0,5.146399243533116e-07,0.19384028162249814,0.0,8.216298093477588e-05,0.0001364860229798714,2996.0,0.9893266140910293
YKL205W,0.00025471217524197657,0.0,1.0058599904506453e-05,0.223731215926361,0.0,6.408394527242678e-05,0.00018203347280673686,3320.0,0.9893207682480843
YKL212W,0.0007641365257259297,0.00024164582990925552,6.11133198887509e-05,0.24786764161227942,0.0002665192206527823,0.0001093066619608032,0.0003348156651806654,2318.0,0.9893809785976921
YKL214C,0.0007641365257259297,2.8377977359355912e-05,0.00037129702588034125,0.22174778316105637,3.178560335081311e-05,6.505075500891306e-05,0.0003486529396314795,2054.0,0.9894008481250781
YKL213C,0.00025471217524197657,0.0,2.5991503269737796e-06,0.21740482623044813,0.0,6.705866345201612e-05,0.00018072094969418033,3276.5,0.9893215429626012
YKR003W,0.00025471217524197657,0.0,5.402548369058729e-05,0.2389030557838315,0.0,6.229887560746971e-05,0.00018402697668539185,3330.0,0.9893207111978043
YKL222C,0.0005094243504839531,0.00014145482011950896,3.2846963894051143e-06,0.22379794160960775,0.0001603550311412462,8.062661551689647e-05,0.0002820856551653204,2622.0,0.9893550692011984
YNL316C,0.0005094243504839531,0.00012695225029562253,2.462584886902716e-05,0.25004815002233083,0.00015703328668651204,8.132089264916266e-05,0.0002864074615169273,2813.0,0.9893489361099773
YKR027W,0.0005094243504839531,0.0,0.0006052640074057494,0.21834104347562117,0.0,7.129267084832422e-05,0.00027364661146126585,2250.0,0.9893837687624293
YKR013W,0.00025471217524197657,0.0,5.402548369058729e-05,0.2389030557838315,0.0,6.229887560746971e-05,0.0001840269766853918,3330.0,0.9893207111978043
YPR173C,0.0012735608762098828,0.00012549812510550455,4.126102124523009e-07,0.21299872217343593,0.0001415723787218544,0.0001947429353161619,0.00039280443895005004,1634.0,0.9894507252884172
YNL265C,0.0007641365257259297,0.00026987657422326107,1.894435738198448e-05,0.23118938265358763,0.0003023481541848705,0.0001176276412708681,0.00033897190437930943,2206.0,0.9893860924271324
YKR039W,0.00025471217524197657,0.0,6.100850728790656e-05,0.24500277465620174,0.0,6.230338325313404e-05,0.00018477247807642116,3350.5,0.989320178104569
YKR036C,0.0025471217524197657,0.0003069632747592616,1.1177052550124488e-05,0.23686695019476475,0.0003106918334740798,0.00021773503548038465,0.0005096487905449406,1010.0,0.9895485926045811
YLR323C,0.0010188487009679063,0.00018682548441624217,1.2859241961358327e-05,0.22311920142037783,0.00020650083726370653,7.606924140656225e-05,0.00039275610219544386,1923.0,0.9894129735789792
YKR041W,0.003565970453387672,4.1598664331157885e-05,5.9437757996716894e-05,0.2263223845509153,5.7761446459629105e-05,0.00016476123622695955,0.0005374198802901892,644.0,0.9896194108279358
YPL064C,0.0010188487009679063,9.983818725800159e-09,1.078289548980174e-05,0.20732566121926693,9.983818725800152e-09,7.352645429075623e-05,0.00038952194020864,1886.0,0.9894169856691185
YNL078W,0.0007641365257259297,6.126197158911417e-05,2.8291120552321097e-05,0.23354948590632268,7.45018565519646e-05,0.0001188528509171194,0.00033654767145585617,2288.0,0.9893818134056126
YKR052C,0.00025471217524197657,0.0,1.6175641417038958e-06,0.20946697694758118,0.0,5.928872814568312e-05,0.00017721506224060732,3225.0,0.9893223730176659
YKR054C,0.0005094243504839531,0.0,1.2542109451046329e-07,0.19213296246851055,0.0,0.00010954315944045329,0.00023228916584668935,2470.0,0.9893637884650188
YKR065C,0.00025471217524197657,0.0,1.962933919090284e-06,0.20137250381521438,0.0,6.195004914685259e-05,0.0001772944905605263,3111.0,0.9893240559135017
YKR064W,0.00025471217524197657,0.0,2.737691439093988e-05,0.22239182568224017,0.0,6.474329260835993e-05,0.00018202361499746361,3252.0,0.9893219983130043
YKR079C,0.0007641365257259297,0.00015919143113079482,1.0729081676512368e-06,0.20493622957641872,0.00022879953973532223,0.00015983838158232692,0.00029553201163121817,2066.0,0.9893978938048478
YKR086W,0.001782985226693836,5.6265270605801055e-06,2.0262182969700463e-05,0.24024924704393122,6.110685447532718e-06,0.00016607018812142657,0.00047341599526525284,1436.0,0.9894769737959689
YKR088C,0.00025471217524197657,0.0,3.595440293949789e-07,0.19194620612293822,0.0,5.9474676836903656e-05,0.00017967869560287528,3032.5,0.9893256943925555
YKR087C,0.0007641365257259297,3.4996714602335125e-06,9.390249735849101e-06,0.2354548158823391,3.1595766053651385e-06,9.411876124265379e-05,0.00034995498105342245,2387.0,0.9893772780499264
YPL157W,0.0007641365257259297,0.00010275837499234808,4.613916800532932e-06,0.22773732874567976,0.00012319828392050796,0.00011896220985637574,0.00031699100601308573,2249.0,0.9893837831085404
YKR095W,0.0028018339276617422,0.0005271222144616611,8.986924681696665e-05,0.2417196553978272,0.0006048461953839804,0.0002864410445038572,0.0005037005397351275,875.0,0.9895722869147788
YKR094C,0.002292409577177789,3.0152849409086963e-06,0.008756051733284266,0.2331431362135757,4.008089398608557e-06,9.630203129723245e-05,0.0005072783618465355,3432.0,0.9892966138679496
YNL246W,0.0005094243504839531,0.0,3.8308180414849694e-07,0.2032267625980432,0.0,0.00011420681765519607,0.00021794907082983302,2515.0,0.9893599280347981
YOR257W,0.001782985226693836,0.0016131859724699948,1.1936647312823091e-05,0.23984993230742657,0.0016886061795602497,0.00030670436611557946,0.00041528097949728474,1446.0,0.9894759639941014
YGL175C,0.00025471217524197657,0.0,1.6278643841321895e-07,0.19260639071278612,0.0,7.535997116923224e-05,0.00016012789246885395,2997.5,0.9893265162802918
YLL003W,0.00025471217524197657,0.0,1.6278643841321895e-07,0.19260639071278612,0.0,7.535997116923224e-05,0.00016012789246885387,2997.5,0.9893265162802918
YLR422W,0.0005094243504839531,0.0,3.120499769866414e-63,0.0005094243504839531,0.0,0.00025464731347084286,None,3850.5,0.6826616890880927
YNL234W,0.0005094243504839531,0.0,3.120499769866414e-63,0.0005094243504839531,0.0,0.00025464731347084286,None,3850.5,0.6826616890880927
YLL007C,0.0005094243504839531,0.0,3.120499769866414e-63,0.0005094243504839531,0.0,0.00025464731347084286,None,3850.5,0.6826616890880927
YLL012W,0.00025471217524197657,0.0,4.204504591980787e-08,0.1756788168321896,0.0,8.548180367661643e-05,0.00014309421623391038,2918.5,0.9893311115204122
YLL014W,0.0028018339276617422,6.978217863560534e-06,0.0014920917509099977,0.2505156233614926,8.116692108539291e-06,0.00018036244715453808,0.0005270894873119492,713.0,0.9896051668823155
YMR226C,0.0005094243504839531,0.0001773814481434902,2.426236039675526e-05,0.25078353660083375,0.00017268715995067066,8.334439621563436e-05,0.0002872479841745264,2793.0,0.9893494269889856
YPR160W,0.0015282730514518594,0.000406812847087232,1.8789823160550518e-05,0.24698653749490315,0.000468747105809261,0.00019680515007152878,0.00043720235801646736,1575.0,0.9894586054236592
YLL032C,0.00025471217524197657,0.0,5.574536410582507e-71,0.00025471217524197657,0.0,0.00025464731347084286,None,3892.5,0.5950153159491425
YML119W,0.00025471217524197657,0.0,5.574536410582507e-71,0.00025471217524197657,0.0,0.00025464731347084286,None,3892.5,0.5950153159491425
YLL027W,0.00025471217524197657,0.0,0.0011054243205012213,0.2157918267145036,0.0,4.451272610873551e-05,0.0001844144422707763,2421.0,0.9893720724006488
YLL054C,0.0010188487009679063,0.0018574358341276942,7.157798809261589e-05,0.2701398582392594,0.0019268691188392352,0.00015105191226942127,0.00039754911086762825,2205.0,0.9893861682712242
YLL043W,0.0007641365257259297,0.00014431027188126344,3.655924834295732e-05,0.23268046456341543,0.0001755415545077299,9.088931024254346e-05,0.00034662077546943255,2265.0,0.9893829433439755
YLR001C,0.0005094243504839531,0.0004980028618616377,1.2402470366955917e-06,0.18807822402551877,0.0004980028618616377,0.00013195415426647009,0.00017974738492110423,2406.0,0.9893748942488929
YCR068W,0.00025471217524197657,0.0,1.6913028300619014e-08,0.1577386904517394,0.0,9.450694118840337e-05,0.00010637886757924524,2862.0,0.9893367848666906
YLR006C,0.0005094243504839531,3.8123718102708245e-05,3.0924751697956185e-06,0.21334996537501844,5.3783295801238386e-05,0.00011500674021354187,0.0002366006826065353,2554.0,0.9893579369241403
YNR031C,0.0005094243504839531,2.6651503921708502e-05,3.822147521520106e-06,0.21316814334896164,4.2883773800354104e-05,0.00011092268701951686,0.00023581637808632705,2564.0,0.9893575190927856
YLR011W,0.00025471217524197657,0.0,5.637455204377928e-06,0.20650407238070748,0.0,5.461766880394789e-05,0.00018182375072824398,3202.5,0.9893228790739027
YLR017W,0.0010188487009679063,0.0006735259608467808,2.2690222894543275e-05,0.24295619316745928,0.0007331588996328524,0.00015066542896959094,0.00037861659134860417,1937.0,0.9894119560422586
YLR016C,0.0012735608762098828,0.0,1.4946667086613581e-05,0.21291411253462003,0.0,8.13986222073312e-05,0.00042227138456116036,1680.0,0.9894418131907445
YIR005W,0.0033112582781456954,8.7087186714817e-06,5.4341834845091394e-05,0.22448082392515697,1.419557644027696e-05,0.000147348397556913,0.0005317852664775085,718.0,0.9896042527951014
YGL174W,0.007896077432501274,3.2502562908283925e-05,0.00013296859270381207,0.23483585723759615,3.919243162453562e-05,0.0002858546855216469,0.0005880070090619913,273.0,0.9896948257171815
YLR032W,0.0007641365257259297,0.00011818494166271797,2.3429742562555435e-06,0.2277926350000045,0.00012841435842460906,0.00012594445068308597,0.00033541725369457643,2242.0,0.9893842503304556
YBR218C,0.0020376974019358125,0.0009796043974927382,2.5745867713788112e-05,0.256194775765454,0.0009837980168837025,0.00022188213767520602,0.0004832397023209532,1321.0,0.9894973466191581
YLR035C,0.00025471217524197657,0.0,7.204029413233956e-06,0.21392168829950817,0.0,6.67601917600983e-05,0.0001766614217411712,3221.5,0.9893223731620187
YLR035C-A,0.0010188487009679063,0.00010703533172910494,1.3776035214003759e-05,0.2310043400495674,0.0001185549716442498,0.00013790678756106208,0.0003859407283851891,1944.0,0.9894108484488559
YLR050C,0.0005094243504839531,0.0,6.832605514444313e-05,0.24749158912170674,0.0,8.432202579555404e-05,0.00028693628393083344,2800.5,0.9893490023511122
YLR045C,0.0005094243504839531,4.0709576104828935e-05,4.824068425478527e-06,0.21788458136382544,5.082450837689098e-05,9.385790293699066e-05,0.00027426221461678094,2613.0,0.9893554294949797
YLR065C,0.00025471217524197657,0.0,9.879162538742687e-07,0.20818846360476495,0.0,6.481729992715187e-05,0.0001707832365576348,3205.5,0.9893228775304884
YLR060W,0.0007641365257259297,0.0001163231281374506,5.029047931151093e-05,0.22801412890216188,0.0001416829692942708,0.00011512593567419753,0.00031900152522153387,2202.0,0.9893862918522228
YFL022C,0.0005094243504839531,1.4917477094668347e-05,1.4417527699998872e-06,0.2109034564971936,2.10327549292003e-05,8.946559078463127e-05,0.00025391341279425357,2584.0,0.9893564536859702
YLR084C,0.0005094243504839531,6.334531372032005e-05,6.072099435727539e-05,0.24009550720452252,6.939788641188126e-05,8.5049616763745e-05,0.000282454419562951,2711.0,0.9893520415494765
YLR091W,0.0015282730514518594,6.437828041449655e-05,5.346806127938996e-05,0.22216795896998306,8.588383747940007e-05,0.00016268100082731765,0.00041874809007795213,1494.0,0.9894696948580531
YLR105C,0.0007641365257259297,0.0,6.905316909828349e-08,0.18248893439129737,0.0,0.00018067867741249538,0.00018338043575177583,2002.0,0.9894068611236858
YAR008W,0.0007641365257259297,0.0,6.905316909828349e-08,0.18248893439129737,0.0,0.00018067867741249538,0.00018338043575177575,2002.0,0.9894068611236858
YPL083C,0.0012735608762098828,0.0015757752945857308,4.925129498211914e-06,0.22433318332347227,0.001589808373521953,0.000232086504883377,0.0002828338716068123,1754.0,0.9894332139357476
YLR107W,0.00025471217524197657,0.0,2.8023307319263326e-06,0.21794786471594968,0.0,5.00343959889585e-05,0.00018278226887923925,3338.0,0.9893204697493189
YLR108C,0.0007641365257259297,9.57599201168096e-06,0.00020454976647662414,0.24442817531498856,8.706813605531064e-06,6.544426367099188e-05,0.0003528675332609046,2276.0,0.9893824622093536
YLR132C,0.00025471217524197657,0.0,3.2471429167533384e-06,0.20325979148843784,0.0,4.80258106944447e-05,0.0001823489551059095,3194.0,0.9893229162907361
YLR120C,0.00025471217524197657,0.0,7.63427551436793e-08,0.19747223637289862,0.0,6.395547601190851e-05,0.00016163496943434017,3066.0,0.9893247664816718
YLR141W,0.0007641365257259297,5.415792280092228e-05,5.8212663984458254e-05,0.23900958664065958,6.414772428851888e-05,8.990963166024643e-05,0.00034487681178030404,2341.0,0.9893795733948136
YLR136C,0.0005094243504839531,0.0,5.680916540378425e-05,0.24468321971338686,0.0,7.57606989390842e-05,0.00028489425296604964,2817.0,0.9893486805340463
YLR146C,0.0007641365257259297,3.3345488222227044e-05,7.76477407900557e-09,0.1737346032174974,5.51942769490111e-05,0.00022758177078489476,0.00018906915233527418,1885.0,0.9894171498965004
YPR069C,0.0007641365257259297,0.0008376122395498926,1.809153708315532e-07,0.20394480029815043,0.0008215491368930789,0.0002062418291712161,0.00020583348600471338,2036.0,0.9894031614065342
YLR143W,0.00025471217524197657,0.0,5.402548369058729e-05,0.2389030557838315,0.0,6.229887560746971e-05,0.00018402697668539156,3330.0,0.9893207111978043
YLR168C,0.00025471217524197657,0.0,5.574536410582507e-71,0.00025471217524197657,0.0,0.00025464731347084286,None,3892.5,0.5950153159491425
YKL053C-A,0.00025471217524197657,0.0,5.574536410582507e-71,0.00025471217524197657,0.0,0.00025464731347084286,None,3892.5,0.5950153159491425
YLR176C,0.00025471217524197657,0.0,6.914697477101951e-07,0.202175476402903,0.0,6.209473525529482e-05,0.00017691663336222418,3127.0,0.989323830296527
YLR193C,0.00025471217524197657,0.0,6.100850728790656e-05,0.24500277465620174,0.0,6.230338325313404e-05,0.00018477247807642148,3350.5,0.989320178104569
YLR190W,0.00025471217524197657,0.0,1.0276548861897126e-05,0.24281468360633404,0.0,6.730226547843438e-05,0.0001847901188894184,3411.5,0.9893181502654183
YLR203C,0.0007641365257259297,0.0001656989935029199,7.3487762880803e-05,0.238523362433889,0.00018072378627848528,9.785344789830155e-05,0.00034826135722223524,2259.0,0.9893832238061161
YLR194C,0.0005094243504839531,6.030798626163451e-05,5.057287588234781e-05,0.22448082392515697,7.246732958696815e-05,5.530701600396431e-05,0.000286236679488482,2640.0,0.989354291504549
YLR215C,0.0007641365257259297,0.00011949426182848076,5.422841428593337e-05,0.24131544192726226,0.00014260435807109787,0.00011199518390264902,0.00033869266918435396,2310.0,0.9893811254850667
YLR210W,0.0007641365257259297,0.000271664146875865,3.8650852612517823e-05,0.24883754417595663,0.0002832138895968426,0.00012023314963146987,0.0003500241681208529,2327.0,0.9893804128878141
YLR226W,0.00025471217524197657,0.0,5.574536410582507e-71,0.00025471217524197657,0.0,0.00025464731347084286,None,3892.5,0.5950153159491425
YPR161C,0.00025471217524197657,0.0,5.574536410582507e-71,0.00025471217524197657,0.0,0.00025464731347084286,None,3892.5,0.5950153159491425
YLR231C,0.0005094243504839531,5.238279566363637e-05,9.448976282674515e-06,0.23181788638153067,5.9344782297381625e-05,7.17101626426123e-05,0.00028406660854930825,2752.0,0.9893506281570589
YLR228C,0.00025471217524197657,0.0,0.0003019727702432639,0.20868638361894842,0.0,4.5135997456482245e-05,0.0001829955159580202,2852.0,0.9893388103376491
YLR234W,0.00025471217524197657,0.0,1.8803980577246525e-67,0.00033961623365596876,0.0,0.00020446840608440156,None,3843.5,0.733921948397884
YMR190C,0.0005094243504839531,1.2978964343540207e-07,2.6592844358942292e-67,0.0005094243504839531,1.2978964343540207e-07,0.00035500512824372546,None,3855.5,0.6511172381590328
YLR262C,0.0010188487009679063,0.0001371488247153428,1.1619701026608204e-05,0.23761700386859239,0.00016491073657888813,0.00011621835440807039,0.0003897415771697854,1997.0,0.9894071026183281
YLR253W,0.00025471217524197657,0.0,4.3108582498753747e-07,0.19620208602651643,0.0,7.087130967000182e-05,0.00017175440704031786,3040.0,0.989325536005693
YLR271W,0.00025471217524197657,0.0,3.564411874746109e-08,0.17801264369146813,0.0,0.00012931453309781297,0.00010692450824953151,2892.5,0.9893333976014353
YLR266C,0.0005094243504839531,4.413881368540969e-05,1.2837904546733844e-05,0.23688190486047567,5.5028363408383866e-05,7.987421619596609e-05,0.00028484752641285294,2774.0,0.9893497564914823
YLR283W,0.0007641365257259297,0.00019434809343964188,3.408328557487976e-05,0.23094746344239037,0.0002034910916832403,0.00012258974263453242,0.00031338354286822984,2209.0,0.9893859012660792
YLR281C,0.00025471217524197657,0.0,1.707312223856959e-07,0.19597662528519583,0.0,5.6883443311087604e-05,0.00017603053770093657,3070.0,0.9893246706050796
YLR287C-A,0.004075394803871625,1.8136158676935673e-07,0.00776203989265063,0.22950651401303365,2.047491736290609e-07,0.0001273394758197989,0.0005612256900603425,1318.0,0.9894974902685519
YLR285W,0.0005094243504839531,2.6476925966835284e-05,2.464204607487119e-05,0.2383263984682128,2.747845041440234e-05,7.495302097085839e-05,0.0002859471226065721,2795.0,0.9893492299602263
YLR300W,0.00025471217524197657,0.0,2.588788969257505e-07,0.1963458313404717,0.0,5.2514985295758196e-05,0.00017719118248460042,3096.0,0.9893243216323948
YLR313C,0.00025471217524197657,0.0,1.5523825338352431e-06,0.21529652212572867,0.0,7.167202626834026e-05,0.00018242672602571827,3240.0,0.9893221179945637
YLR309C,0.00025471217524197657,0.0,6.710932700444227e-07,0.1950191013610413,0.0,5.99168719409717e-05,0.00017076486135998432,3056.0,0.9893250743041239
YLR315W,0.0020376974019358125,0.00029643678109162803,3.3310380167915034e-06,0.22281444807203954,0.00031739680917148373,0.00023229097593038597,0.0004674316106211225,1159.0,0.9895205167191166
YLR333C,0.012480896586856851,2.670769437316473e-05,0.021765707530633956,0.25464724386351795,2.7470974844704244e-05,0.000320280966444436,0.0006183195472180137,3651.0,0.9869810003517848
YOR299W,0.0007641365257259297,8.061698630487585e-05,0.0006068163899395847,0.23482115978752496,7.611449140585192e-05,0.00010476760009603804,0.00034313232660539925,1980.0,0.9894086235072911
YLR351C,0.00025471217524197657,0.0,5.402548369058729e-05,0.2389030557838315,0.0,6.229887560746971e-05,0.00018402697668539158,3330.0,0.9893207111978043
YLR363W-A,0.0010188487009679063,9.367180803666501e-05,0.002020343281923496,0.2354104963662363,0.0001103299563732216,7.402851369195943e-05,0.0003976871079246544,1443.0,0.9894762830607485
YLR367W,0.00967906265919511,0.00010778942823867856,0.0024809529166868183,0.25177643880587,0.00013125143761932758,0.00023453185707083402,0.0006060933359614489,91.0,0.9897263790049982
YNR021W,0.0005094243504839531,1.4827759220068592e-05,3.043152195977731e-08,0.1865353729285609,2.3692581060298682e-05,0.0001404617114894698,0.00018103742805366087,2444.0,0.9893685226029534
YPR063C,0.0005094243504839531,0.00020647786776950338,9.883313002320175e-07,0.20868638361894842,0.00022224223017967956,0.00012488497033359623,0.0002132259539955512,2473.0,0.9893634861934937
YLR376C,0.0005094243504839531,0.0003061633176929245,1.2429818205989066e-06,0.21569258356338453,0.00029934938102750856,0.00011605349115079633,0.00022124124831993927,2485.0,0.9893619331177418
YNL190W,0.0020376974019358125,0.00015133701655323567,1.0010804469154226e-05,0.2369866404171977,0.0001436040049102597,0.00015342751028783947,0.00048358889262927124,1269.0,0.9895026676539785
YLR392C,0.00025471217524197657,0.0,7.204029413233956e-06,0.21392168829950817,0.0,6.67601917600983e-05,0.00017666142174117133,3221.5,0.9893223731620187
YLR401C,0.00025471217524197657,0.0,3.5901606688401476e-05,0.22241819260685716,0.0,6.177438034529165e-05,0.00018263382297362563,3232.5,0.9893223040239741
YLR395C,0.001782985226693836,5.191585737416083e-09,0.00020920931284615688,0.22216795896998306,5.191585737416087e-09,0.0001167288350898555,0.00046941832397408366,1319.0,0.989497483671586
YLR405W,0.00025471217524197657,0.0,5.574536410582507e-71,0.00025471217524197657,0.0,0.00025464731347084286,None,3892.5,0.5950153159491425
YPL108W,0.00025471217524197657,0.0,5.574536410582507e-71,0.00025471217524197657,0.0,0.00025464731347084286,None,3892.5,0.5950153159491425
YLR403W,0.0005094243504839531,0.0004980028618616377,1.113519618770987e-06,0.21180831495343083,0.0004980028618616377,0.00014476276543230662,0.00017922582311876483,2452.0,0.9893665844945806
YLR407W,0.00025471217524197657,0.0,2.7707495488500972e-05,0.2120357440567999,0.0,5.128318717072111e-05,0.00017829081296785306,3189.0,0.9893229882834322
YLR414C,0.0005094243504839531,0.0009957461444364047,2.738200702017771e-05,0.2224445657843762,0.0009957461444364047,0.00015994588567612756,0.0001821562419480788,2474.0,0.9893632146322495
YDR014W,0.0005094243504839531,0.0004980028618616377,3.7345973246240465e-07,0.18123719887378387,0.0004980028618616377,0.00021451213412704992,0.00010724099038697825,2263.0,0.9893830086328582
YMR304W,0.0005094243504839531,0.0,1.3103980665632106e-05,0.22366453001997458,0.0,0.00010466294191905639,0.00025532494852383177,2661.0,0.9893535956069326
YLR436C,0.0007641365257259297,0.00022798255300731396,1.530905333849669e-05,0.23435181081106018,0.00024232777706691922,0.0001432640679929356,0.00031845670118529527,2224.0,0.9893852274298488
YLR438W,0.0005094243504839531,8.041885718260863e-05,2.2810505247705875e-06,0.21266068645270497,9.885317013786506e-05,0.00011442433227936653,0.0002530748504992567,2526.0,0.9893591563568497
YLR438C-A,0.015792154865002548,0.0029289374824217032,0.002722646753698666,0.2760630189894102,0.002573783871728654,0.0005415602663331146,0.0006241697238643373,2866.0,0.989335616868213
YDR378C,0.012226184411614875,2.8639324695692298e-05,0.002873616674912652,0.26228399098812116,2.7021851977589495e-05,0.00036667048975691854,0.0006161470982178798,647.0,0.9896191024046019
YER146W,0.014263881813550688,9.852665153566059e-05,0.0032448376998472656,0.26639963725398136,9.444314109158833e-05,0.0004236277588708575,0.0006206338476678899,1442.0,0.9894763720871789
YNL147W,0.012480896586856851,0.0004858055347060061,0.002585591111849034,0.2685735498271349,0.0003811372933195457,0.0003901972337895253,0.0006173566606296645,612.0,0.9896250092368184
YLR452C,0.00025471217524197657,0.0,2.5991503269737796e-06,0.21740482623044813,0.0,6.705866345201612e-05,0.00018072094969418063,3276.5,0.9893215429626012
YMR099C,0.0007641365257259297,0.00012292945757091134,0.0012542311839546974,0.23039438078508281,0.00016183732624683436,0.0001078599287609445,0.0003286443305096334,1720.0,0.9894365592081762
YML007W,0.0005094243504839531,0.00015056329633189431,3.765346325283701e-05,0.2528112991769473,0.00013056248969111912,9.384846106616787e-05,0.00028651816269346936,2785.0,0.9893495129001221
YML005W,0.00025471217524197657,0.0,1.699164277098903e-05,0.23012588880551238,0.0,6.406466466191679e-05,0.00018270528319547124,3362.0,0.9893201566390197
YML014W,0.00025471217524197657,0.0,3.032206767262163e-05,0.19341061348961666,0.0,5.825545087987081e-05,0.00016601425314098522,2983.0,0.9893271999807359
YML008C,0.00025471217524197657,0.0,1.5203812855097298e-07,0.19727496141148712,0.0,8.4748337380659e-05,0.00013929518247106295,3013.0,0.989326050564112
YML020W,0.007641365257259297,0.0006904767813067424,0.0026848892832632794,0.27249418919929363,0.0005978645272260642,0.0004656477500090423,0.0005989316960564905,2.0,0.9897903990435458
YML018C,0.0012735608762098828,1.1807354719750737e-05,3.787624992399399e-05,0.2226161440064717,1.5487613116928737e-05,0.00011371887389564995,0.0004175135330663547,1700.0,0.9894392374202869
YML024W,0.013245033112582781,0.00036988373394879117,0.02599960722710927,0.26180814256402724,0.0004039970593567452,0.00034308114670706985,0.0006204705701102687,3674.0,0.9858815909108494
YML021C,0.0005094243504839531,2.1859702806695963e-05,0.0005690581102206174,0.23389891472383728,2.998090034482457e-05,6.084747853222323e-05,0.00028607206121661246,2397.0,0.9893760907883273
YML027W,0.00025471217524197657,0.0,3.2166797682214305e-07,0.21123592450653494,0.0,5.913483983875303e-05,0.00018111150798595654,3257.0,0.9893219898628922
YML026C,0.003565970453387672,0.0011204317692121385,0.0026950916802231766,0.25818693167389717,0.0011255587582439102,0.00023100054770187428,0.000547041251779218,367.0,0.9896747760879472
YML038C,0.00025471217524197657,0.0,3.833082813132576e-07,0.19565980867152033,0.0,6.17998589765559e-05,0.00017989915175823285,3053.5,0.9893250842510249
YML037C,0.00025471217524197657,0.0,5.9951138401512214e-06,0.22603605585186298,0.0,5.87350283884238e-05,0.00018314508108281416,3370.5,0.9893198786101712
YML051W,0.0005094243504839531,0.0004980028618616377,2.447029857171332e-08,0.18712146481896533,0.0004980028618616377,0.00017298963558438885,0.0001563622239533487,2376.0,0.9893778185844276
YLR081W,0.00025471217524197657,0.0,3.3391912082448667e-10,0.15706515786524924,0.0,0.00011217763565284714,9.772871998789538e-05,2854.0,0.9893383468757129
YML058W,0.00025471217524197657,0.0,4.299182636606184e-08,0.17604976027989272,0.0,9.031312677436264e-05,0.00012748744784277566,2915.0,0.9893312827775332
YML052W,0.00025471217524197657,0.0,8.824022652722623e-07,0.216077660163849,0.0,6.041569536124562e-05,0.00017625079312538872,3285.0,0.9893212553063442
YML060W,0.00025471217524197657,0.0,1.699164277098903e-05,0.23012588880551238,0.0,6.406466466191679e-05,0.0001827052831954715,3362.0,0.9893201566390197
YMR148W,0.0012735608762098828,0.00010089328639196106,0.0015118974103894233,0.24450781955588624,0.00013584210970520402,0.00014500978803636834,0.0004069374922517233,1368.0,0.9894878840566638
YMR147W,0.0007641365257259297,9.26185657746146e-06,0.0038903800107774203,0.2400340663479671,1.6681938226036994e-05,7.602090309788511e-05,0.0003426394996016299,1642.0,0.9894491986207591
YML070W,0.0010188487009679063,0.00039512186579408634,8.06661571679871e-05,0.2617898751803708,0.0004183301312561946,0.0001272726774017964,0.0003928314063940217,2030.0,0.9894039649663496
YML079W,0.00025471217524197657,0.0,4.186504218231112e-08,0.18078310162306419,0.0,0.00010447103432028644,0.00010639512192956843,2922.5,0.9893309496076791
YML116W,0.00025471217524197657,0.0,1.2817511063907296e-08,0.15979439910924506,0.0,8.97646178631406e-05,0.00011965240626110016,2864.0,0.9893358351710133
YMR010W,0.0012735608762098828,5.161036331025659e-05,2.0422263283812582e-07,0.20521645742411387,5.9736016840204556e-05,0.00015396467756237294,0.0004035053795186989,1622.0,0.9894519835520431
YMR002W,0.00025471217524197657,0.0,2.3648219024997013e-05,0.2123477554522086,0.0,5.093678536168933e-05,0.00018153350475868152,3209.0,0.9893226849075922
YMR022W,0.0005094243504839531,0.0003768967548305266,6.103658616140817e-05,0.24609553266988546,0.00042877369631523987,9.634854614879509e-05,0.00027738033724802343,2595.0,0.9893562132298708
YMR021C,0.00025471217524197657,0.0,8.539500408306058e-07,0.2128416434697682,0.0,6.125324371516955e-05,0.00017844377835801118,3266.0,0.9893218612922327
YMR032W,0.0028018339276617422,0.0003945608057571204,0.0002879749183202715,0.26131581634524825,0.0003850330895587796,0.0002310435863786602,0.0005226234439631123,934.0,0.9895609485263983
YMR319C,0.0012735608762098828,1.87963554847256e-05,0.00013358341581057507,0.24196907591158737,1.6850104471348662e-05,0.00011865522608720397,0.00042775640477710366,1752.0,0.9894333670062415
YMR027W,0.00025471217524197657,0.0,3.022936132298114e-06,0.20895369186261273,0.0,6.782500925367776e-05,0.00017845487084450524,3173.0,0.989323076626817
YMR042W,0.00025471217524197657,0.0,6.385542894455277e-11,0.14400201462617823,0.0,0.00013566504118983286,7.413336192380873e-05,2833.0,0.9893449198789283
YML099C,0.0005094243504839531,0.0004980028618616377,4.676783037863893e-09,0.1688708475598647,0.0004980028618616377,0.0002300107776100484,0.00010360328676954213,2139.0,0.9893903225322219
YMR036C,0.00025471217524197657,0.0,5.964426883957135e-06,0.2305359441526927,0.0,6.501960837413378e-05,0.00018327177264947932,3385.5,0.9893195474476101
YMR048W,0.0020376974019358125,0.000937741337875268,9.23216367597804e-05,0.2733677589133023,0.000994437543366561,0.00019547320248346675,0.0004885339571658877,1365.0,0.9894886732312024
YBR072W,0.001782985226693836,0.001010003902382863,8.4406151033051e-05,0.2729699884383466,0.0009932212262952268,0.00018841474957569215,0.0004750278523566626,1509.0,0.9894682663486725
YMR043W,0.0007641365257259297,0.0014934894270111716,3.425157408600164e-07,0.2041001191908325,0.0014934894270111716,0.00026082869087625736,0.00017190390741776598,2173.0,0.9893879994274574
YDR173C,0.00025471217524197657,0.0,4.6759110271240684e-09,0.16885564766359468,0.0,0.00011316024445538637,0.00010358182393472375,2873.0,0.9893347809966301
YMR064W,0.0007641365257259297,3.1662603666389984e-05,9.524242219009424e-05,0.2311181773490867,3.464379815609394e-05,7.365226911363552e-05,0.00033874953203364593,2261.0,0.9893830899229625
YMR059W,0.0007641365257259297,0.0,6.905316909828349e-08,0.18248893439129737,0.0,0.00018067867741249538,0.00018338043575177526,2002.0,0.9894068611236858
YMR069W,0.00025471217524197657,0.0,3.8024616671197354e-07,0.1695806775631672,0.0,0.00010326359629557549,0.0001069587967188548,2886.5,0.9893338919955695
YMR066W,0.0007641365257259297,0.0001560253630202656,2.202749369514327e-05,0.23984993230742657,0.00016884594391917908,0.00012133221959504138,0.0003395270176935186,2314.0,0.9893810813617172
YMR076C,0.0007641365257259297,8.622531952726541e-05,1.4371071808793402e-05,0.24028001864137521,9.262822198449826e-05,0.00010008832333905951,0.00034890229241897456,2371.0,0.9893780030602097
YMR074C,0.0012735608762098828,0.0,4.863405525511316e-06,0.20908177715715096,0.0,0.000123355855521995,0.00042076651694801525,1665.0,0.9894462620104
YMR079W,0.00025471217524197657,0.0,5.574536410582507e-71,0.00025471217524197657,0.0,0.00025464731347084286,None,3892.5,0.5950153159491425
YHR076W,0.00025471217524197657,0.0,5.574536410582507e-71,0.00025471217524197657,0.0,0.00025464731347084286,None,3892.5,0.5950153159491425
YMR077C,0.0007641365257259297,4.253988746137121e-05,3.1590563485798305e-06,0.20836188654884621,5.182368737108422e-05,0.00011263731144696559,0.0003265885946758532,2138.0,0.9893903387317863
YMR097C,0.00025471217524197657,0.0,2.5247406416031556e-08,0.18125470971425478,0.0,8.818165376429777e-05,0.0001315360322275214,2931.0,0.9893298388315213
YMR106C,0.0005094243504839531,0.0004980028618616377,1.8639744818876706e-05,0.23130340244652448,0.0004980028618616377,0.00015309885893194738,0.00018359522282174846,2489.0,0.9893617392233592
YMR284W,0.00025471217524197657,0.0,2.543515216636739e-07,0.18705616168536612,0.0,0.00010329879309079197,0.00010771492167774275,2937.0,0.9893293642208766
YGL202W,0.00025471217524197657,0.0,4.5908759674410965e-08,0.17749893514452994,0.0,8.006872181176756e-05,0.00014102486641273118,2928.0,0.9893302494439983
YMR127C,0.00025471217524197657,0.0,1.8803980577246525e-67,0.00033961623365596876,0.0,0.00020446840608440156,None,3843.5,0.733921948397884
YDR181C,0.0005094243504839531,1.2978964343540207e-07,2.6592844358942292e-67,0.0005094243504839531,1.2978964343540207e-07,0.00035500512824372546,None,3855.5,0.6511172381590328
YMR138W,0.0007641365257259297,6.930860512871226e-06,1.2643292276135965e-06,0.18822919234862157,1.0157973483244813e-05,0.00015848326512943886,0.00023650401017852297,2044.5,0.9894024528566701
YNL148C,0.0007641365257259297,0.00040372173337545374,1.2341630723849897e-06,0.2104775323171252,0.00042353484760525805,0.0001472576291675079,0.0002601858987315195,2069.0,0.9893973062792497
YOR349W,0.0007641365257259297,6.930860512871226e-06,1.2643292276135965e-06,0.18822919234862157,1.0157973483244813e-05,0.00015848326512943886,0.00023650401017852297,2044.5,0.9894024528566701
YMR143W,0.012990320937340805,0.002085564350123455,0.021999575441008574,0.27821240479646103,0.0021717517055029278,0.0003746476390235106,0.0006199449815065492,3636.0,0.9874457044095293
YMR139W,0.00025471217524197657,0.0,1.2339159225523942e-05,0.2103595251785756,0.0,6.04562444799768e-05,0.00017701201565957907,3191.5,0.9893229279097163
YPR035W,0.004330106979113601,0.0019060085494477864,0.0009048966678638324,0.26801717916173107,0.0019424972716276974,0.0004442256539552126,0.0005517746702560497,462.0,0.9896578369931991
YMR159C,0.00025471217524197657,0.0,5.574536410582507e-71,0.00025471217524197657,0.0,0.00025464731347084286,None,3892.5,0.5950153159491425
YPL149W,0.00025471217524197657,0.0,5.574536410582507e-71,0.00025471217524197657,0.0,0.00025464731347084286,None,3892.5,0.5950153159491425
YMR144W,0.0005094243504839531,0.0001386162020450584,1.905084393698422e-05,0.23812975952558224,0.00016405404653510694,8.023193327714053e-05,0.00028495317379051524,2721.0,0.9893518406383893
YMR160W,0.0005094243504839531,9.36658679530149e-05,9.802504748619466e-06,0.23354948590632268,0.00010973847247765333,9.090131585332711e-05,0.0002817861726194027,2706.0,0.989352202444002
YNR048W,0.0007641365257259297,8.675982429559096e-05,4.327467233453049e-06,0.22131613821064552,0.00010214570502926009,0.0001269082329209369,0.000310337863224133,2197.0,0.9893864996966785
YMR162C,0.0005094243504839531,2.006801078163297e-05,7.74196603328126e-06,0.21056021612240158,2.943691458876885e-05,9.797955283280268e-05,0.00024870757043122345,2562.0,0.9893576189943388
YMR167W,0.0005094243504839531,0.0004980028618616377,3.0532458240313077e-06,0.22178710711621882,0.0004980028618616377,0.00015621627490297396,0.0001797937968716499,2466.5,0.9893640101113116
YMR164C,0.0005094243504839531,0.0,6.832605514444313e-05,0.24749158912170674,0.0,8.432202579555404e-05,0.00028693628393083284,2800.5,0.9893490023511122
YMR168C,0.0010188487009679063,0.0008226872002743758,4.7197416133566735e-05,0.2571958110148803,0.000828454205300546,0.0001815416256015272,0.000350492768736699,1982.0,0.9894084114525684
YMR094W,0.00025471217524197657,0.0,6.436332340051918e-07,0.20363487061520075,0.0,7.66996773160903e-05,0.00014947401788040747,3093.0,0.9893243509366892
YMR169C,0.00025471217524197657,0.0,5.574536410582507e-71,0.00025471217524197657,0.0,0.00025464731347084286,None,3892.5,0.5950153159491425
YMR170C,0.00025471217524197657,0.0,5.574536410582507e-71,0.00025471217524197657,0.0,0.00025464731347084286,None,3892.5,0.5950153159491425
YMR173W,0.0005094243504839531,4.694925506866693e-06,5.837296674205545e-06,0.2163018846468969,6.644560213730144e-06,7.035821534803027e-05,0.00027831609327971487,2660.0,0.9893536017498088
YMR171C,0.00025471217524197657,0.0,1.5523825338352431e-06,0.21529652212572867,0.0,7.167202626834026e-05,0.00018242672602571857,3240.0,0.9893221179945637
YMR175W,0.0007641365257259297,0.00020091946177472995,6.269165954497538e-05,0.24804789707028121,0.00023890291224368002,0.000125436748760035,0.00031490012779944064,2305.0,0.9893812607440128
YMR306W,0.0005094243504839531,2.8151976277872077e-05,6.164173647394064e-06,0.23324459101610556,3.889636485170565e-05,9.394622654246987e-05,0.000257195426726447,2751.0,0.9893507135326924
YMR174C,0.00025471217524197657,0.0,4.986312533094578e-06,0.19528301103862353,0.0,6.179108971313993e-05,0.00016515464731881447,3044.0,0.989325399315076
YMR192W,0.00025471217524197657,0.0,5.574536410582507e-71,0.00025471217524197657,0.0,0.00025464731347084286,None,3892.5,0.5950153159491425
YPL249C,0.00025471217524197657,0.0,5.574536410582507e-71,0.00025471217524197657,0.0,0.00025464731347084286,None,3892.5,0.5950153159491425
YMR179W,0.00025471217524197657,0.0,1.4944206492929155e-05,0.1987694686949075,0.0,6.147163044889283e-05,0.0001650843677106948,3045.0,0.9893253057866327
YMR194W,0.007641365257259297,2.0648738086759154e-05,0.03735740618069847,0.2593828199851417,1.7955271955381737e-05,0.00021810295236197397,0.0006014268541417868,3711.0,0.9813970390044416
YMR196W,0.00025471217524197657,0.0,2.214178184099356e-06,0.21587873941801347,0.0,5.598700203252917e-05,0.00018159314904954912,3296.0,0.98932112379232
YMR195W,0.00025471217524197657,0.0,6.100850728790656e-05,0.24500277465620174,0.0,6.230338325313404e-05,0.00018477247807642219,3350.5,0.989320178104569
YPR159W,0.0020376974019358125,0.0005946416337618284,0.00018673931065048833,0.22345140200613864,0.0006037722432142274,0.00019081765034028317,0.0004686078208377819,1103.0,0.989529910729216
YMR200W,0.00025471217524197657,0.0,2.5463704668873078e-06,0.1818873614061021,0.0,5.844343281350388e-05,0.0001674766787094967,2966.0,0.9893279485217502
YMR207C,0.00025471217524197657,0.0,5.491113513102403e-07,0.1900984187609603,0.0,7.718793814800868e-05,0.0001513652308915089,2986.0,0.9893271680573551
YMR225C,0.00025471217524197657,0.0,2.2317903673545797e-05,0.20518278962512707,0.0,5.554965326806042e-05,0.00017962114680786906,3099.5,0.9893241928020728
YMR232W,0.002292409577177789,0.0007920757325411627,0.00013974491726535942,0.2624858325930512,0.0008182180477727642,0.0002068175697773522,0.0004999664890574588,1177.0,0.9895180839759524
YMR230W,0.007131940906775344,7.908184036777987e-07,0.011399465322261007,0.23103278885991835,7.855127588666064e-07,0.00019543251108296926,0.0005959515550100272,3486.0,0.9891137482482361
YMR242C,0.017575140091696383,0.0008618912245686013,0.07665228548772998,0.28233670638009434,0.0008078996392439552,0.0004930768223553732,0.0006292272391343224,3774.0,0.9580276690573076
YPL206C,0.0015282730514518594,0.0005186194435100138,1.9353201892198258e-05,0.2593290358781499,0.000507349865767828,0.0001713289154712974,0.0004528350511091587,1633.0,0.98945079673189
YMR243C,0.0025471217524197657,7.401725622404315e-06,2.3821132946637956e-05,0.21590358447951857,1.0380703140809468e-05,0.00016827938730071368,0.0005029058558090287,943.0,0.9895598148944267
YMR253C,0.0007641365257259297,4.7490065279804146e-05,4.4011814732991996e-08,0.19012731788208542,6.400033621340984e-05,0.00013324553296443462,0.00030101255177221074,2052.0,0.989401052463202
YMR251W-A,0.00025471217524197657,0.0,5.574536410582507e-71,0.00025471217524197657,0.0,0.00025464731347084286,None,3892.5,0.5950153159491425
YJR070C,0.00025471217524197657,0.0,5.574536410582507e-71,0.00025471217524197657,0.0,0.00025464731347084286,None,3892.5,0.5950153159491425
YMR256C,0.0010188487009679063,0.0,0.00017837524889950462,0.21149788563050023,0.0,8.284288613118258e-05,0.0003924459381341448,1835.0,0.9894248483800852
YMR280C,0.00025471217524197657,0.0,8.14912871943637e-07,0.20486908873457865,0.0,6.605179252123185e-05,0.00016227044329409767,3145.0,0.9893235188168424
YMR277W,0.0007641365257259297,0.00033594923085708946,6.672569507618886e-05,0.25142213302185046,0.0003333987080208659,0.00011680426723087092,0.0003467646342979926,2296.0,0.9893814488106475
YMR285C,0.00025471217524197657,0.0,5.323677202775078e-07,0.18622983526505554,0.0,6.846027684764282e-05,0.00015964272801139928,2979.0,0.9893274755438685
YMR283C,0.0005094243504839531,0.00013928164353217012,1.2293741669602631e-05,0.23391349695044103,0.00014428623318038083,9.843955574002573e-05,0.0002830544456284107,2665.5,0.9893534435306902
YPL029W,0.0007641365257259297,0.0010447927661837296,9.805012746946522e-06,0.22943634141044908,0.0010414013120682716,0.00017840862627061972,0.00028029101231336176,2154.0,0.9893893350122996
YMR287C,0.0005094243504839531,0.0004980028618616377,1.3405347908194917e-07,0.18585161933252792,0.0004980028618616377,0.00018927633094027586,0.00013508547235679545,2345.0,0.989379350933536
YAR019C,0.00025471217524197657,0.0,1.833006738786638e-09,0.1561695105550499,0.0,0.00012098396509975817,8.897018364602761e-05,2849.0,0.9893392856283217
YMR295C,0.0015282730514518594,0.00021630740050335753,3.2380714714110692e-06,0.22813890861516925,0.00023664814297029793,0.00016988526083269517,0.00044442027254390856,1525.0,0.9894659951854035
YER166W,0.004584819154355578,0.000300694969214512,2.6281463011229866e-05,0.23201858209665907,0.0002977981069254727,0.00043793620084912725,0.000551169097133269,355.0,0.989677992452811
YMR302C,0.00025471217524197657,0.0,1.6175641417038958e-06,0.20946697694758118,0.0,5.928872814568312e-05,0.0001772150622406071,3225.0,0.9893223730176659
YMR299C,0.0007641365257259297,0.0002740518925412022,2.6361072313788733e-06,0.22035428972132928,0.00029232278794732205,0.00013788759864871375,0.00029844944707448274,2132.0,0.9893908311454875
YNL003C,0.0012735608762098828,0.00031716260646448265,4.7188093279293255e-05,0.24511481616809785,0.00031420968556322384,0.00012354592486499375,0.00042969086844833114,1759.0,0.9894328308333613
YNL006W,0.0005094243504839531,0.0004980028618616377,6.915983548526551e-07,0.20219726724968065,0.0004980028618616377,0.00014868286995962747,0.0001769792545099899,2435.0,0.9893702667188685
YNL010W,0.00025471217524197657,0.0,9.431019300496009e-09,0.16755113165208207,0.0,0.00010157047737461417,0.00010540318021215373,2881.0,0.9893343132613786
YNL044W,0.0007641365257259297,2.098171367750672e-05,4.464107617527941e-07,0.2081538136524313,2.6277747425966502e-05,0.0001084738925393014,0.0003231009911804597,2151.0,0.9893894157874588
YNL046W,0.00025471217524197657,0.0,3.564411874746109e-08,0.17801264369146813,0.0,0.00012931453309781297,0.00010692450824953158,2892.5,0.9893333976014353
YNL058C,0.0010188487009679063,3.568286194783163e-05,5.266711080516042e-05,0.23389891472383728,4.142782956173276e-05,0.00012672165459004086,0.0003867297033516732,1969.0,0.989409300552871
YNL053W,0.00025471217524197657,0.0,1.0276548861897126e-05,0.24281468360633404,0.0,6.730226547843438e-05,0.00018479011888941795,3411.5,0.9893181502654183
YNL066W,0.0005094243504839531,7.270487928359716e-06,3.5524170629388135e-06,0.22691094593801475,6.447051866679453e-06,7.397531784830918e-05,0.0002818958630739597,2753.5,0.9893506257767326
YNL063W,0.0005094243504839531,4.5735508530121626e-05,9.88582765843565e-06,0.2455479378982378,3.748594562477714e-05,8.428673890846917e-05,0.00028646066979764887,2829.0,0.9893474536056419
YNL082W,0.00025471217524197657,0.0,4.186504218231112e-08,0.18078310162306419,0.0,0.00010447103432028644,0.00010639512192956849,2922.5,0.9893309496076791
YNL068C,0.00025471217524197657,0.0,1.699164277098903e-05,0.23012588880551238,0.0,6.406466466191679e-05,0.00018270528319547152,3362.0,0.9893201566390197
YNL095C,0.00025471217524197657,0.0,1.981772180075242e-05,0.2074861743673657,0.0,5.92649877469376e-05,0.00018078938876031126,3124.5,0.9893238435865211
YNL086W,0.00025471217524197657,0.0,7.234921483624441e-10,0.1465614254330107,0.0,0.00011118705563982042,8.746644456860578e-05,2839.0,0.9893419463884969
YNL099C,0.0010188487009679063,0.0,6.101744039297774e-07,0.19085266244900928,0.0,0.0001946198450883843,0.00021462170892953112,1743.5,0.9894342866989315
YNL098C,0.0007641365257259297,8.437526892289897e-05,5.242457531373778e-07,0.19823387177498145,0.0001131561882549589,0.00012895394801636515,0.0002814439364646378,2068.0,0.9893974468240433
YNL103W,0.008405501782985226,0.0016306889981608957,0.0027593254509020344,0.2671013377294137,0.0016197093001568074,0.0005697828118750678,0.0006006136408551162,5.0,0.9897819626471712
YNL100W,0.0005094243504839531,0.0,5.900015572451521e-05,0.2109271695010723,0.0,6.627504901918183e-05,0.0002762012856705586,2551.0,0.989358021917577
YNL115C,0.0012735608762098828,0.00048311573511341827,5.715788986435116e-05,0.2476712978470575,0.0005118836113591416,0.00014494355429299973,0.00042263191215713024,1738.0,0.989434828524418
YNL108C,0.00025471217524197657,0.0,2.737691439093988e-05,0.22239182568224017,0.0,6.474329260835993e-05,0.0001820236149974638,3252.0,0.9893219983130043
YNL123W,0.00025471217524197657,0.0,4.6239089824715736e-05,0.20695970495256627,0.0,4.4997050718686036e-05,0.00018365982609105962,3071.0,0.9893246596551496
YNL125C,0.00025471217524197657,0.0,5.574536410582507e-71,0.00025471217524197657,0.0,0.00025464731347084286,None,3892.5,0.5950153159491425
YLR177W,0.00025471217524197657,0.0,5.574536410582507e-71,0.00025471217524197657,0.0,0.00025464731347084286,None,3892.5,0.5950153159491425
YNL136W,0.0005094243504839531,0.0,3.288312244039091e-05,0.20802686244649998,0.0,8.439196954480277e-05,0.0002489162469134845,2535.0,0.9893584968581703
YNL130C,0.00025471217524197657,0.0,5.574536410582507e-71,0.00025471217524197657,0.0,0.00025464731347084286,None,3892.5,0.5950153159491425
YHR123W,0.00025471217524197657,0.0,5.574536410582507e-71,0.00025471217524197657,0.0,0.00025464731347084286,None,3892.5,0.5950153159491425
YNL167C,0.0005094243504839531,2.1198480563458604e-05,3.409073468671067e-06,0.2109034564971936,3.1173619435147016e-05,0.00011336094580518916,0.0002335977421363806,2545.0,0.9893581650785102
YNL162W,0.0012735608762098828,1.840519477406956e-07,0.005645428008650511,0.2310754752161775,1.8595246473793676e-07,6.80659891117401e-05,0.0004325752880977466,1675.0,0.9894427071958444
YNL216W,0.0005094243504839531,5.745441027964792e-05,0.0009802865655496476,0.23138899112458056,7.328253786747554e-05,7.356137416181902e-05,0.000283650786432814,2088.0,0.989395187252582
YNL198C,0.0005094243504839531,0.0002510534048984574,6.0603667471380115e-06,0.219760586369418,0.00025749555834634073,9.572001035032169e-05,0.0002462795747513027,2528.0,0.9893590689012736
YNL218W,0.0007641365257259297,0.00039222402483163283,6.709224023246535e-05,0.2590783380116748,0.00039329244255588273,0.00011846957033911798,0.0003422202003614897,2342.0,0.9893795259154191
YNL217W,0.0007641365257259297,0.0002131354799449033,2.3978222244251346e-05,0.2549760442463523,0.00020566342931297278,0.00011473597860104538,0.00035019693130780425,2396.0,0.989376256706976
YOL031C,0.0005094243504839531,0.00018503742632454466,1.5737107677577214e-06,0.2185063473929925,0.000212116823581075,9.942390467267431e-05,0.0002694385128257074,2534.0,0.9893585521522429
YNL238W,0.0012735608762098828,0.00016504568673617986,1.564056557372937e-06,0.20762395501549852,0.00017797684757247712,0.00016260223243129003,0.0004080981671773661,1610.0,0.9894534307398568
YNL264C,0.00025471217524197657,0.0,5.574536410582507e-71,0.00025471217524197657,0.0,0.00025464731347084286,None,3892.5,0.5950153159491425
YGR170W,0.00025471217524197657,0.0,5.574536410582507e-71,0.00025471217524197657,0.0,0.00025464731347084286,None,3892.5,0.5950153159491425
YNL257C,0.0020376974019358125,0.00025531460083352505,4.9071358182505924e-05,0.24403073112748447,0.00024942918751074956,0.00017737479663124483,0.0004889185778910637,1273.0,0.9895024144693039
YNL278W,0.0025471217524197657,0.0013580966087033551,7.923910705925152e-05,0.26272477355122703,0.0013712024311708711,0.0002297420240020533,0.0005161880263530676,1108.0,0.9895292733153657
YNL280C,0.003565970453387672,0.001145594763306301,5.4416107664005644e-06,0.23652351327523632,0.0012070037633141787,0.00038966395353325154,0.0005236991623377238,637.0,0.9896212466383538
YDR458C,0.00025471217524197657,0.0,7.42118599879316e-08,0.19045545640025754,0.0,6.188984628022678e-05,0.000174019173372439,3012.0,0.9893261308502763
YER044C,0.0005094243504839531,2.0576084980779314e-06,1.2810301059243316e-06,0.21554388987677797,2.502356502905885e-06,7.715123655998015e-05,0.00027977006992039883,2648.0,0.989353882587078
YNL279W,0.00025471217524197657,0.0,6.94626011986829e-06,0.21623955340240184,0.0,6.635218715050782e-05,0.00017698131382564965,3260.5,0.9893219364187867
YNL298W,0.00025471217524197657,0.0,1.6178944212240178e-07,0.18327337295257295,0.0,7.085016739014859e-05,0.0001548217150587924,2957.0,0.9893282724959536
YNL282W,0.0020376974019358125,0.0,1.0955332125177236e-06,0.20717683550994334,0.0,0.00020212892630931768,0.0004223343123220645,1117.0,0.9895266134995644
YDR478W,0.002292409577177789,0.00047170508935981176,7.948332997750308e-06,0.226924669837007,0.000539991076272364,0.00023003320469889072,0.00044369690952260235,1059.0,0.989540050961737
YNL309W,0.0005094243504839531,2.6160553014500685e-05,2.0014578903287146e-05,0.2351891488174684,2.24008253184208e-05,9.36925768949681e-05,0.00028265481239413663,2750.0,0.9893507571523916
YNL301C,0.014518593988792664,0.0012859849891033155,0.06867765522997989,0.28363868242251844,0.0012021129724943875,0.00040906413113568575,0.0006245664385136866,3755.0,0.9647054635504722
YNL315C,0.0010188487009679063,3.7132491645112984e-05,5.786277665301833e-05,0.24692151965021875,4.598009553448798e-05,0.0001078300647754736,0.00039647293792469747,2043.0,0.9894026066272031
YNL310C,0.0025471217524197657,0.00011569811757620409,0.0007675164502018224,0.2522334447788285,0.00013167787096965373,0.00016538989791876034,0.0005104491019989902,919.0,0.9895638240652986
YNL322C,0.002292409577177789,0.0020831433682545726,1.9523859193980996e-05,0.24257920030290772,0.002165407203158071,0.000369694685265093,0.00043649356814094627,1284.0,0.9895007264637027
YOL088C,0.00025471217524197657,0.0,2.663853800796316e-07,0.19436243737490022,0.0,7.328048610217388e-05,0.0001631857912844621,3016.0,0.9893260280997581
YGR143W,0.00025471217524197657,0.0,2.663853800796316e-07,0.19436243737490022,0.0,7.328048610217388e-05,0.00016318579128446204,3016.0,0.9893260280997581
YOR137C,0.00025471217524197657,0.0,2.663853800796316e-07,0.19436243737490022,0.0,7.328048610217388e-05,0.00016318579128446204,3016.0,0.9893260280997581
YNL327W,0.0015282730514518594,1.390187486931543e-07,2.0351682922875655e-05,0.23859920452051345,1.3066090039191118e-07,0.00014468902173997715,0.00045522212184882603,1603.0,0.9894541736557018
YNL326C,0.00025471217524197657,0.0,6.100850728790656e-05,0.24500277465620174,0.0,6.230338325313404e-05,0.00018477247807642164,3350.5,0.989320178104569
YLR224W,0.00025471217524197657,0.0,4.1541760390330784e-07,0.20618632143128393,0.0,7.491984455207509e-05,0.00015598991699808214,3135.0,0.9893237713282295
YOR034C,0.0007641365257259297,0.00041869705733568524,9.024332142982724e-06,0.2441577725701226,0.00044126484242776396,0.00013256065467399003,0.0003293289823348005,2264.0,0.9893829646061769
YNR007C,0.0007641365257259297,0.0007916988322053468,6.8625713295285916e-06,0.23917718436189672,0.0008381318900179134,0.00016434667838173404,0.0002860765749692673,2188.0,0.9893871437955281
YBL078C,0.00025471217524197657,0.0,9.360127146586637e-08,0.19217232591093392,0.0,8.461781042967037e-05,0.00013637787712145161,2987.0,0.9893271063597869
YNR043W,0.00025471217524197657,0.0,5.574536410582507e-71,0.00025471217524197657,0.0,0.00025464731347084286,None,3892.5,0.5950153159491425
YOL052C,0.00025471217524197657,0.0,5.574536410582507e-71,0.00025471217524197657,0.0,0.00025464731347084286,None,3892.5,0.5950153159491425
YNR044W,0.00025471217524197657,0.0,2.5991503269737796e-06,0.21740482623044813,0.0,6.705866345201612e-05,0.00018072094969418093,3276.5,0.9893215429626012
YNR056C,0.0005094243504839531,0.0,6.832605514444313e-05,0.24749158912170674,0.0,8.432202579555404e-05,0.0002869362839308328,2800.5,0.9893490023511122
YNR055C,0.00025471217524197657,0.0,6.621849140595215e-05,0.21832833814868047,0.0,4.5640549577772305e-05,0.0001838657883679601,3133.0,0.9893237772776713
YOL007C,0.00025471217524197657,0.0,7.204029413233956e-06,0.21392168829950817,0.0,6.67601917600983e-05,0.00017666142174117114,3221.5,0.9893223731620187
YNR067C,0.0015282730514518594,0.00011877312852605411,2.931353749581044e-05,0.2468890235628791,9.675060339034231e-05,0.00015132618380324616,0.0004557262697809316,1621.0,0.9894522582586478
YOL020W,0.00025471217524197657,0.0,7.034318946047612e-05,0.22165608147250393,0.0,4.517054178626008e-05,0.00018402001319474612,3154.0,0.9893234002433196
YOL016C,0.00025471217524197657,0.0,5.286873679239167e-06,0.20069390163600287,0.0,7.040729964181939e-05,0.00017151171279974545,3062.5,0.9893249112183974
YOL027C,0.0005094243504839531,6.391470453952337e-05,6.0965000219233326e-05,0.2434764757355661,6.51265241617719e-05,8.637987334796644e-05,0.000284038626305739,2736.0,0.9893511864246325
YOL023W,0.003056546102903719,0.0009254623693007191,0.00046819697110191653,0.26611621328357143,0.0008430265505712679,0.00023712577020981135,0.0005339532636970893,825.0,0.9895831367974072
YOL033W,0.0005094243504839531,0.0001652438390823577,5.2878131520131306e-06,0.23063514206325755,0.00019252435835264786,0.00010100379590329146,0.0002817668878601662,2630.0,0.9893548224794613
YOL028C,0.00025471217524197657,0.0,5.574536410582507e-71,0.00025471217524197657,0.0,0.00025464731347084286,None,3892.5,0.5950153159491425
YBR177C,0.00025471217524197657,0.0,5.574536410582507e-71,0.00025471217524197657,0.0,0.00025464731347084286,None,3892.5,0.5950153159491425
YOL049W,0.00025471217524197657,0.0,1.6420600015627608e-06,0.18991559481094725,0.0,6.748154737345991e-05,0.00015588379619086402,2994.0,0.9893266511226145
YOL047C,0.00025471217524197657,0.0,1.699164277098903e-05,0.23012588880551238,0.0,6.406466466191679e-05,0.00018270528319547157,3362.0,0.9893201566390197
YOL055C,0.00025471217524197657,0.0,3.040347894911273e-06,0.21267274068048259,0.0,6.754860047121286e-05,0.00017832956680775836,3218.0,0.9893223985204349
YOL052C-A,0.00025471217524197657,0.0,5.663397164068868e-06,0.2144842217507045,0.0,4.842450662954819e-05,0.00018264857426565203,3297.0,0.9893211111968878
YOL064C,0.00025471217524197657,0.0,6.482490998736411e-06,0.20645861944010752,0.0,6.378045074596544e-05,0.00017785777234232704,3146.5,0.989323492417114
YOL060C,0.0007641365257259297,9.306224646441191e-07,1.5552433256498907e-05,0.21868464714606714,6.360764761356917e-07,7.794803995397926e-05,0.0003447568254277934,2258.0,0.9893832445389369
YOL071W,0.00025471217524197657,0.0,1.5523825338352431e-06,0.21529652212572867,0.0,7.167202626834026e-05,0.00018242672602571797,3240.0,0.9893221179945637
YOL066C,0.0005094243504839531,1.7019542217555995e-05,5.642668393126307e-05,0.22437342967857157,1.6449265785488085e-05,8.0501635111273e-05,0.0002793466189098644,2629.0,0.9893548978004945
YOL072W,0.0007641365257259297,9.597962433326675e-05,7.4414241577872755e-06,0.23180356425831422,0.00011813481720946419,0.00010572672824300901,0.0003298173005628748,2294.0,0.9893814804639002
YOL087C,0.0005094243504839531,6.703060348449371e-06,3.615423801315793e-06,0.21721603028339453,9.42859153019567e-06,9.387063820837693e-05,0.00026341118382733006,2635.0,0.9893546057751181
YOL092W,0.0005094243504839531,3.160120651526552e-05,5.497169986726459e-06,0.21067844859818485,3.787559903882639e-05,8.027512736235727e-05,0.0002684351606372633,2577.0,0.9893566766655434
YOL089C,0.0005094243504839531,0.0,7.993614044397954e-06,0.23600279853346798,0.0,7.55730525346493e-05,0.0002824525112641807,2821.0,0.9893483460691138
YOL101C,0.00025471217524197657,0.0,9.825118300083903e-06,0.211319205355397,0.0,6.523938118895492e-05,0.0001777273506212657,3198.0,0.9893228994014587
YOL100W,0.0012735608762098828,9.678090901322346e-05,2.6580510119339768e-05,0.2483763068373543,7.830211064868853e-05,0.00013436488812674195,0.0004304924744292144,1820.0,0.9894268694411948
YOL113W,0.00025471217524197657,0.0,3.5901606688401476e-05,0.22241819260685716,0.0,6.177438034529165e-05,0.0001826338229736254,3232.5,0.9893223040239741
YOL125W,0.0007641365257259297,0.000807715975253952,1.1833046366436339e-05,0.24968207167665363,0.0007650867994026227,0.00017055800793768232,0.00031176077909562716,2243.0,0.9893841972456198
YOL123W,0.001782985226693836,2.4094591384595252e-05,0.0004225463448285607,0.2468890235628791,2.4614275837672438e-05,9.908314237144715e-05,0.0004768067407631262,1363.0,0.989488698899437
YOL126C,0.004330106979113601,0.005244685226786755,1.2545659666865374e-05,0.24969868834587206,0.0053510944633553366,0.0009201576361024978,0.0004735886086324772,2840.0,0.9893418367253148
YDL200C,0.00025471217524197657,0.0,1.7111424672628467e-07,0.19890645661268483,0.0,8.548385314738127e-05,0.00016810855405637577,3025.0,0.9893258918383742
YGL184C,0.00025471217524197657,0.0,1.7111424672628467e-07,0.19890645661268483,0.0,8.548385314738127e-05,0.00016810855405637574,3025.0,0.9893258918383742
YGL179C,0.00025471217524197657,0.0,1.7111424672628467e-07,0.19890645661268483,0.0,8.548385314738127e-05,0.00016810855405637574,3025.0,0.9893258918383742
YGR127W,0.00025471217524197657,0.0,1.7111424672628467e-07,0.19890645661268483,0.0,8.548385314738127e-05,0.0001681085540563757,3025.0,0.9893258918383742
YGR077C,0.00025471217524197657,0.0,1.7111424672628467e-07,0.19890645661268483,0.0,8.548385314738127e-05,0.0001681085540563757,3025.0,0.9893258918383742
YKR009C,0.00025471217524197657,0.0,1.7111424672628467e-07,0.19890645661268483,0.0,8.548385314738127e-05,0.0001681085540563757,3025.0,0.9893258918383742
YKL128C,0.00025471217524197657,0.0,1.7111424672628467e-07,0.19890645661268483,0.0,8.548385314738127e-05,0.0001681085540563757,3025.0,0.9893258918383742
YOR090C,0.00025471217524197657,0.0,1.7111424672628467e-07,0.19890645661268483,0.0,8.548385314738127e-05,0.0001681085540563757,3025.0,0.9893258918383742
YOR180C,0.00025471217524197657,0.0,1.7111424672628467e-07,0.19890645661268483,0.0,8.548385314738127e-05,0.0001681085540563757,3025.0,0.9893258918383742
YOL137W,0.00025471217524197657,0.0,0.0006683162159113552,0.2241187797076085,0.0,4.439813821868989e-05,0.0001848694037287246,2701.0,0.9893522968601661
YOL136C,0.00025471217524197657,0.0,8.50773800091155e-07,0.19813965415531654,0.0,5.975252359929762e-05,0.0001725780492884599,3078.0,0.9893244565823035
YOL141W,0.0005094243504839531,5.116455510104331e-05,6.123211621479293e-05,0.24908534097358256,4.8110308407086854e-05,8.968916242553941e-05,0.0002790291799017553,2779.5,0.9893496016815654
YOL140W,0.0007641365257259297,0.00036943193233328234,1.7585978919458442e-05,0.25705484318204125,0.00029699309140387845,0.00012426310641236167,0.00035123669165928225,2384.0,0.9893774235243995
YOR026W,0.0007641365257259297,0.000550560029391089,1.898950107783318e-05,0.2314460854410631,0.0005645653664531016,0.0001540986934731446,0.0002802704259466756,2140.0,0.9893903064296988
YGR188C,0.00025471217524197657,0.0,2.5908179896862667e-07,0.1871494658362467,0.0,8.193503795676443e-05,0.00013504420678589542,2963.0,0.9893280505568485
YOR040W,0.00025471217524197657,0.0,5.903245984466685e-07,0.19881159872218493,0.0,6.745817346535335e-05,0.00016887091981227485,3065.0,0.9893247881590381
YOR035C,0.0007641365257259297,0.00028504233128917995,5.4699397481764624e-05,0.2417196553978272,0.000321831168082501,0.00013452724187233895,0.00031956849296122127,2231.0,0.98938492130183
YAL029C,0.0010188487009679063,0.00013449263078788772,6.608643872494589e-06,0.2139460849110494,0.0001802823451901565,0.00019402331508318736,0.00034224987686841646,1838.0,0.9894237027961713
YOR060C,0.00025471217524197657,0.0,8.135879534620025e-08,0.18657247593660237,0.0,0.00010335322958840142,0.0001076266663688196,2934.0,0.9893294698300633
YOR045W,0.00025471217524197657,0.0,4.4588655918321565e-06,0.21627694783750714,0.0,5.3131079818559135e-05,0.00018014831450624473,3304.0,0.9893210134403738
YOR064C,0.0005094243504839531,0.0,4.219269396092144e-06,0.1859437253982096,0.0,0.00010589367550632363,0.00021968701455757686,2455.0,0.9893662932356249
YOR062C,0.0005094243504839531,0.00018881255620664976,6.66499916539935e-05,0.22350464592155084,0.0002088706367265142,6.513484817348517e-05,0.0002850836641146668,2531.0,0.9893586993682296
YOR074C,0.0033112582781456954,0.00114454392767783,9.198372912948588e-05,0.25843590653568493,0.0011942906939737378,0.0002922462286467911,0.0005374209850897309,799.0,0.9895886262572618
YOR070C,0.0005094243504839531,9.500326052882333e-05,3.562791648021971e-05,0.24469917766158442,8.602530003049917e-05,9.060523739841855e-05,0.00028613722405327696,2760.0,0.989350337760543
YOR077W,0.003565970453387672,0.0017793890988045983,4.1780029624245585e-05,0.25172576256860607,0.001777048125151278,0.00036952448951588647,0.0005270245714239263,764.0,0.9895955558834355
YER019W,0.0005094243504839531,1.5195429133309694e-06,6.531185500153611e-07,0.2041334325944001,1.930212440618325e-06,8.311307233846435e-05,0.00026990735319425884,2555.0,0.9893578694042027
YGR224W,0.00025471217524197657,0.0,5.697758018660974e-07,0.20019061418659023,0.0,6.0662253844130425e-05,0.00017438480020952985,3106.5,0.989324103130482
YGR197C,0.00025471217524197657,0.0,5.697758018660974e-07,0.20019061418659023,0.0,6.0662253844130425e-05,0.00017438480020952975,3106.5,0.989324103130482
YOR083W,0.0007641365257259297,0.0001402656702095266,4.598673142740198e-05,0.23183221027465853,0.00016762853073728595,0.0001247029540276697,0.00032497072775507674,2218.0,0.9893854979770575
YOR094W,0.0007641365257259297,3.8449197699891144e-05,1.885125714552212e-05,0.23368039929528364,5.3551017090013476e-05,0.00012696376206118627,0.0003190019934645408,2308.0,0.9893811867670013
YOR107W,0.00025471217524197657,0.0,8.84193814133476e-08,0.17048221060910004,0.0,0.00010265773288489955,0.00010573652294070084,2889.0,0.9893335630796831
YAL054C,0.0005094243504839531,0.0004980028618616378,6.483696804020202e-06,0.20648134340900742,0.0004980028618616377,0.00015145776895553935,0.00017792106162967488,2441.0,0.9893692014623252
YOR104W,0.0005094243504839531,0.00017163664825588248,6.140200481486263e-05,0.24783489603574038,0.00021011340619526904,8.07538882102477e-05,0.00028525951119627016,2707.0,0.989352159544473
YOR120W,0.0005094243504839531,8.88331836836944e-06,4.0456011797378606e-06,0.22671898550275388,1.27349968374988e-05,8.264065253991972e-05,0.00027268121568945223,2734.0,0.9893512738939021
YOR113W,0.0005094243504839531,8.604785368782006e-05,2.177126601365483e-05,0.23492408058888448,8.533009521705654e-05,9.33315246388601e-05,0.000281233593160355,2702.0,0.9893522620029602
YOR143C,0.0010188487009679063,1.3822950746957103e-06,1.5154105444529735e-05,0.2417663825687914,1.1455061480780263e-06,0.00011670020895092564,0.0003970235226472003,2047.0,0.9894022616435102
YOR130C,0.00025471217524197657,0.0,5.402548369058729e-05,0.2389030557838315,0.0,6.229887560746971e-05,0.00018402697668539044,3330.0,0.9893207111978043
YOR156C,0.00025471217524197657,0.0,7.204029413233956e-06,0.21392168829950817,0.0,6.67601917600983e-05,0.00017666142174117114,3221.5,0.9893223731620187
YOR147W,0.001782985226693836,0.0008784038646977754,0.00014031813852323266,0.2633517576391573,0.0009360171575965837,0.0001646985517499069,0.00047375160454243896,1449.0,0.9894756235455379
YOR167C,0.010952623535404993,9.277559396016936e-06,0.0181913426646928,0.24403073112748447,9.711753571466535e-06,0.0002809907148825799,0.0006139149135454668,3626.0,0.9877718979948032
YOR161C,0.0005094243504839531,2.0178876579360082e-05,1.4551394947070912e-06,0.22282768090539695,1.95489062756782e-05,7.68903554250488e-05,0.000279632856859195,2708.5,0.9893521514180755
YOR179C,0.0012735608762098828,0.0,5.548894738541006e-06,0.2148034860642969,0.0,0.00013300731889853912,0.0004070780964358856,1673.0,0.9894430931994735
YOR176W,0.0005094243504839531,5.362395079694013e-05,5.313716129384456e-06,0.20525013627380054,8.61606093784375e-05,0.00011935600202800079,0.00024270485238750186,2491.0,0.9893617112807721
YOR185C,0.00025471217524197657,0.0,1.8803980577246525e-67,0.00033961623365596876,0.0,0.00020446840608440156,None,3843.5,0.733921948397884
YOR182C,0.0058583800305654615,0.0005273006127419292,0.010717110313155915,0.23551393453550148,0.0004930929870692454,0.00019126769603884688,0.0005851738364201567,3447.0,0.9892484244404005
YOR199W,0.004075394803871625,0.0016350411567283595,7.116700621848984e-05,0.2530329438282354,0.0016800812027891478,0.00030807508112535285,0.0005574513544808855,624.0,0.9896235063022165
YGL065C,0.006113092205807438,0.0003038839668754803,1.893974418581371e-05,0.24740998952094123,0.0003272580438795961,0.0004205366434036355,0.0005833758642774363,200.0,0.9897057156545864
YGR284C,0.0038206826286296485,0.00045983920062297605,1.0073839950815088e-05,0.24298766213879114,0.000501638498029553,0.00028259083796885543,0.0005499811812043389,599.0,0.9896277485725985
YOR193W,0.00025471217524197657,0.0,1.0276548861897126e-05,0.24281468360633404,0.0,6.730226547843438e-05,0.00018479011888941703,3411.5,0.9893181502654183
YOR221C,0.00025471217524197657,0.0,1.6691514871895206e-06,0.18938834440891797,0.0,7.499131862825234e-05,0.00013577751847149535,2985.0,0.98932717827644
YOR213C,0.00025471217524197657,0.0,1.8803980577246525e-67,0.00033961623365596876,0.0,0.00020446840608440156,None,3843.5,0.733921948397884
YOR234C,0.010443199184921039,1.9504661305369868e-05,0.05490734038786529,0.26346271266660165,1.776057182471787e-05,0.00027627166505633934,0.0006141594652747059,3741.0,0.9714283465150823
YOR231W,0.0005094243504839531,1.57892341759575e-05,1.0207451355941394e-07,0.1983806107484309,2.2059164112799657e-05,9.693931470860695e-05,0.0002540411991988036,2498.0,0.989361190414826
YOR236W,0.0005094243504839531,3.557676436079033e-05,7.045079444934994e-06,0.21947777075665834,4.2266636246534826e-05,6.294861224557895e-05,0.00028365972711091956,2678.0,0.9893531229046588
YOR246C,0.00025471217524197657,0.0,5.402548369058729e-05,0.2389030557838315,0.0,6.229887560746971e-05,0.00018402697668539025,3330.0,0.9893207111978043
YOR243C,0.00025471217524197657,0.0,5.964426883957135e-06,0.2305359441526927,0.0,6.501960837413378e-05,0.00018327177264947816,3385.5,0.9893195474476101
YOR269W,0.00025471217524197657,0.0,1.4349300007130034e-05,0.21316814334896164,0.0,5.2215724191354725e-05,0.00018176324833002794,3245.5,0.98932207134399
YOR267C,0.0005094243504839531,2.820382505520196e-05,1.97625929974674e-07,0.2003723626747703,3.837751640623151e-05,9.654316679903169e-05,0.0002622947523774358,2504.0,0.9893608496551607
YOR274W,0.00025471217524197657,0.0,4.755907505209049e-06,0.19253720383255882,0.0,6.425815881449192e-05,0.00014942081523597176,3014.0,0.9893260503857072
YOR273C,0.0005094243504839531,4.979074811528268e-05,2.0610445581190483e-05,0.22433318332347227,6.0016019968269655e-05,7.885907528771234e-05,0.0002809949345113036,2656.0,0.9893537406275169
YOR288C,0.00025471217524197657,0.0,5.3089120835723325e-06,0.2279725659913157,0.0,5.84005481839084e-05,0.0001834322602897071,3390.5,0.9893195271904839
YOR281C,0.002292409577177789,0.00011433636601250679,7.874521607013663e-06,0.23086220102664742,0.00010653023416211809,0.00019037876284351107,0.0004968823836858739,1107.0,0.9895293016306269
YOR293W,0.0038206826286296485,0.0001739788036737436,0.006971768085248119,0.25556654799298917,0.00019427800082697118,0.00013535083989042816,0.0005572230397519393,827.0,0.989582257469117
YOR292C,0.00025471217524197657,0.0,6.419231617252781e-05,0.21408036580423792,0.0,4.560743907550761e-05,0.00018363676354891885,3079.0,0.9893244231446386
YOR297C,0.004330106979113601,0.00014621950503939743,0.0023110269860354285,0.2634257172705942,0.00010880698610830921,0.00025878960026428776,0.0005658129697380027,226.0,0.9897017516165323
YOR295W,0.0005094243504839531,0.0,1.2167131041247844e-05,0.21821405671077548,0.0,7.091311453859432e-05,0.00027694083665866963,2672.0,0.9893532726458537
YOR312C,0.011207335710646969,0.0008209582692567991,0.041613680129199325,0.27549544688193506,0.0008654815266937047,0.0003829942608226505,0.0006158449604136145,3721.0,0.9804400123581094
YMR233W,0.0005094243504839531,0.0,0.002529209518220165,0.234938790925803,0.0,5.203150044719352e-05,0.00028738336527776593,1830.0,0.9894255933244254
YOR305W,0.0005094243504839531,5.665833997041936e-05,0.00014088821747454484,0.233694954287454,6.586306771721461e-05,6.826697882473859e-05,0.00028190272293101746,2574.0,0.9893569729209438
YOR322C,0.00025471217524197657,0.0,2.2275274681172e-08,0.17168355866592266,0.0,9.014166920787115e-05,0.00014169290583200374,2902.5,0.9893325038840928
YOR317W,0.0005094243504839531,5.116455510104331e-05,6.123211621479293e-05,0.24908534097358256,4.8110308407086854e-05,8.968916242553941e-05,0.0002790291799017561,2779.5,0.9893496016815654
YOR336W,0.00025471217524197657,0.0,5.946141768637364e-07,0.18441742399041897,0.0,6.747228003552041e-05,0.00016671089588013083,2968.0,0.9893278541351862
YOR342C,0.0005094243504839531,7.270487928359716e-06,3.5524170629388135e-06,0.22691094593801475,6.447051866679453e-06,7.397531784830918e-05,0.00028189586307395865,2753.5,0.9893506257767326
YOR337W,0.00025471217524197657,0.0,1.5523825338352431e-06,0.21529652212572867,0.0,7.167202626834026e-05,0.00018242672602571778,3240.0,0.9893221179945637
YOR354C,0.0005094243504839531,6.125242444844672e-05,6.605121362026261e-06,0.20946697694758118,6.267871918315872e-05,7.922280074896553e-05,0.0002781180447480665,2557.0,0.9893577716729125
YOR346W,0.00025471217524197657,0.0,2.640370198577111e-07,0.20053300326483559,0.0,6.160380314715496e-05,0.000169601875140136,3109.0,0.9893240586433023
YOR358W,0.00025471217524197657,0.0,1.3815525958377893e-05,0.21488960430040513,0.0,5.045813577459446e-05,0.00018208032754079678,3271.0,0.9893216406053811
YOR355W,0.0005094243504839531,5.161809941755536e-05,2.857388681384296e-06,0.21457008412930767,6.29546639575151e-05,9.238311915763634e-05,0.00027627999221102844,2579.0,0.9893565543829144
YOR370C,0.00025471217524197657,0.0,1.5187819685917376e-08,0.1740973732580889,0.0,0.0001000613860737443,0.00010619597081781058,2904.0,0.9893323764749132
YOR360C,0.0005094243504839531,0.00027747378100091,3.78752429893142e-06,0.22758537492933847,0.00030996841947142595,0.00010602763673593921,0.0002834563043909139,2559.0,0.9893577410712278
YOR372C,0.00025471217524197657,0.0,4.3108582498753747e-07,0.19620208602651643,0.0,7.087130967000182e-05,0.00017175440704031745,3040.0,0.989325536005693
YPL005W,0.00025471217524197657,0.0,3.5901606688401476e-05,0.22241819260685716,0.0,6.177438034529165e-05,0.00018263382297362474,3232.5,0.9893223040239741
YPL024W,0.00025471217524197657,0.0,1.8803980577246525e-67,0.00033961623365596876,0.0,0.00020446840608440156,None,3843.5,0.733921948397884
YPL030W,0.00025471217524197657,0.0,5.402548369058729e-05,0.2389030557838315,0.0,6.229887560746971e-05,0.00018402697668539044,3330.0,0.9893207111978043
YPL026C,0.0015282730514518594,0.0001784337570146324,1.2071907044546897e-05,0.24511481616809785,0.00018752620088985467,0.00015320099074694565,0.00044372318488139294,1606.0,0.9894539255922686
YPL067C,0.00025471217524197657,0.0,6.94626011986829e-06,0.21623955340240184,0.0,6.635218715050782e-05,0.0001769813138256497,3260.5,0.9893219364187867
YPL060W,0.0007641365257259297,0.0005438169580361252,2.2444318082601287e-06,0.21134301194643573,0.0005580818510500203,0.0002017384099994592,0.00023779293434125616,2055.0,0.9894008154042552
YOR334W,0.00025471217524197657,0.0,3.06058203032705e-08,0.17378288518226373,0.0,9.501208860013961e-05,0.00012434192939157548,2912.0,0.9893322016084525
YPL069C,0.0005094243504839531,0.0,5.240185892741779e-06,0.209373464904301,0.0,7.196569638778683e-05,0.0002723410422147829,2606.0,0.9893556775844967
YPL068C,0.0005094243504839531,0.0,2.5735462568666245e-09,0.1693128380453553,0.0,0.00016195908724168307,0.00015477730907982801,2383.0,0.9893774257985256
YPL074W,0.0005094243504839531,0.00016552984333311968,4.605053920752198e-06,0.23413244874165828,0.0001696340443352396,0.00010012311468340632,0.0002835816424333264,2662.0,0.9893535413505755
YPL072W,0.00025471217524197657,0.0,1.0276548861897126e-05,0.24281468360633404,0.0,6.730226547843438e-05,0.00018479011888941713,3411.5,0.9893181502654183
YPL076W,0.00025471217524197657,0.0,6.699973597914516e-12,0.13052609118403458,0.0,0.00016125368786429366,5.875305067173018e-05,2675.0,0.9893531706681827
YPL075W,0.0007641365257259297,0.0002592865728349338,2.1041819722215173e-06,0.2204319658706935,0.0002847020607323324,0.00014513683995155284,0.0002907275287716398,2130.0,0.9893910015513168
YPL245W,0.0005094243504839531,5.929955781234555e-05,2.1781951961656217e-06,0.21322871624716266,7.645635279999857e-05,6.376998432931325e-05,0.00028211078976622385,2610.0,0.9893554993143977
YPL087W,0.0005094243504839531,6.260726186837946e-05,6.509333448881701e-06,0.20859356708095145,8.597695103865009e-05,0.00011272915313214684,0.00024740385778388953,2507.0,0.9893603232627628
YPL084W,0.0005094243504839531,0.0,2.1518142182240675e-07,0.19422158044751392,0.0,9.653054783248062e-05,0.0002672029198193959,2482.0,0.9893622089563482
YPL097W,0.00025471217524197657,0.0,1.0276548861897126e-05,0.24281468360633404,0.0,6.730226547843438e-05,0.0001847901188894172,3411.5,0.9893181502654183
YPL090C,0.016811003565970453,0.0006232433095226246,0.03090561518199752,0.2703344975203598,0.0005430676210239472,0.0004402593984645331,0.0006269365249067443,3694.0,0.9842071018323428
YPL109C,0.0005094243504839531,0.0,6.832605514444313e-05,0.24749158912170674,0.0,8.432202579555404e-05,0.0002869362839308318,2800.5,0.9893490023511122
YPL107W,0.00025471217524197657,0.0,5.157005503790622e-06,0.21240786294639233,0.0,5.3150298515593176e-05,0.00018135706113765025,3270.0,0.9893217135710586
YPL115C,0.0005094243504839531,0.0,4.2040870721729055e-06,0.22378459328910139,0.0,7.372270200146115e-05,0.000285063925593461,2732.0,0.9893513634366022
YPL112C,0.00025471217524197657,0.0,1.0276548861897126e-05,0.24281468360633404,0.0,6.730226547843438e-05,0.00018479011888941722,3411.5,0.9893181502654183
YPL125W,0.00025471217524197657,0.0,9.825118300083903e-06,0.211319205355397,0.0,6.523938118895492e-05,0.00017772735062126485,3198.0,0.9893228994014587
YPL117C,0.00025471217524197657,0.0,6.005772365640512e-06,0.21012390743083972,0.0,4.841244823435663e-05,0.0001823451063840773,3265.0,0.9893218751846591
YPL144W,0.0010188487009679063,0.0004980028618616376,5.7769559139716314e-05,0.226924669837007,0.0004980028618616377,0.0001238464102476827,0.00034797378999805114,1858.0,0.9894196611506143
YLR021W,0.00025471217524197657,0.0,7.877606430923712e-07,0.18418204757179685,0.0,6.448491789069866e-05,0.0001490139820745136,2976.0,0.9893276380232165
YPL133C,0.00025471217524197657,0.0,2.1175723515743126e-08,0.17646376122119622,0.0,0.00010768316986415499,0.00010733468402044848,2905.5,0.9893322951829383
YPL161C,0.00025471217524197657,0.0,1.699164277098903e-05,0.23012588880551238,0.0,6.406466466191679e-05,0.00018270528319547124,3362.0,0.9893201566390197
YPL168W,0.00025471217524197657,0.0,5.738429553359428e-07,0.1831034352196122,0.0,7.469837491739967e-05,0.00013463978133261776,2950.0,0.9893285121799125
YPL163C,0.0005094243504839531,3.6168127886935135e-05,2.297005976686275e-05,0.23917718436189672,3.613977795835195e-05,7.504763504240648e-05,0.0002861059621953149,2797.0,0.9893491343308983
YPL183W-A,0.0012735608762098828,1.0040122142368016e-05,4.8630906020682856e-05,0.2357951540400373,1.0804286481273722e-05,0.00010897311605878602,0.0004276257427895396,1770.0,0.9894317522350838
YPL175W,0.00025471217524197657,0.0,6.100850728790656e-05,0.24500277465620174,0.0,6.230338325313404e-05,0.00018477247807642067,3350.5,0.989320178104569
YPL198W,0.013754457463066735,0.0001891247477868741,0.06408686570372077,0.26992607849532907,0.00019324744923935076,0.00036009625166208577,0.000623068668853382,3754.0,0.9656752173235138
YPL191C,0.0005094243504839531,3.449112650418792e-05,2.557566345793854e-06,0.21900376436405988,4.5042365629886014e-05,8.632663400020532e-05,0.0002714961131942808,2639.0,0.9893543663697459
YPL220W,0.004330106979113601,1.6500063253227041e-06,0.023170802677350538,0.24734474857176308,1.7917654800685903e-06,0.00013615116723612693,0.0005674476384409522,3659.0,0.986498813075589
YPL214C,0.00025471217524197657,0.0,1.5523825338352431e-06,0.21529652212572867,0.0,7.167202626834026e-05,0.00018242672602571797,3240.0,0.9893221179945637
YPL222W,0.00025471217524197657,0.0,5.964426883957135e-06,0.2305359441526927,0.0,6.501960837413378e-05,0.00018327177264947824,3385.5,0.9893195474476101
YPL242C,0.00025471217524197657,0.0,2.353160750967435e-08,0.17529305228392233,0.0,8.165225523968508e-05,0.00015229328884677317,2921.0,0.9893309773380776
YPL239W,0.00025471217524197657,0.0,0.0004136493667294257,0.21594086279626323,0.0,4.405302923250957e-05,0.00018407534880192993,2838.0,0.9893426679723059
YPL247C,0.0007641365257259297,0.0007121187940078845,1.339865267101413e-05,0.24604711725916936,0.0007378998064434207,0.00017187002715957656,0.00027996655683385505,2215.0,0.9893856384767875
YJL141C,0.00025471217524197657,0.0,1.8274006810056337e-07,0.19658244216101195,0.0,8.676019903753045e-05,0.00013497361925677608,3007.0,0.9893263047963924
YPL246C,0.006113092205807438,0.0009200333110069958,4.108432042569818e-06,0.23665778296234855,0.0009008910644464846,0.000456726052074515,0.0005762641097353652,162.0,0.9897125816043112
YGR172C,0.0020376974019358125,4.263365034697751e-06,1.4584359823300686e-06,0.211975846953959,5.1708969276505724e-06,0.00015907074085619094,0.00048543646272076855,1164.0,0.9895197565594872
YPL273W,0.0005094243504839531,0.0,1.1304025923723553e-05,0.236448984817562,0.0,7.893847955170577e-05,0.00028607304294453136,2818.0,0.9893485956969282
YPL269W,0.0010188487009679063,0.0005901871902492896,8.323218315305146e-05,0.24827769263400437,0.0006043795991284828,0.00015514256162932414,0.00035123702042642716,1929.0,0.9894126383622308
YER016W,0.00025471217524197657,0.0,1.135331278898272e-06,0.19800372004248634,0.0,7.11800426978443e-05,0.00014960921409536292,3050.0,0.989325140708806
YPR003C,0.00025471217524197657,0.0,5.0926292378249906e-09,0.15289834512755507,0.0,0.00013339969008839406,7.59774922642064e-05,2841.0,0.9893413298684113
YPR002W,0.0005094243504839531,0.0,9.228289123169623e-05,0.22735093565321904,0.0,6.883386908357583e-05,0.0002860127803483998,2628.0,0.9893549008843245
YPR013C,0.001782985226693836,4.61163150428299e-05,6.666943069151264e-05,0.24993155416234172,3.82988455260125e-05,0.00017545829938582838,0.00047533118012446076,1459.0,0.9894741719619828
YPR006C,0.00025471217524197657,0.0,6.9395165286460244e-06,0.20887226471553047,0.0,6.227809476112317e-05,0.00017889649693745107,3186.5,0.9893229899581496
YPR022C,0.0005094243504839531,2.0230316288512866e-06,7.176544765724104e-07,0.20727984592481485,2.469758318929012e-06,8.936749844280092e-05,0.0002687973355723958,2568.0,0.9893572085887762
YPR016C,0.01553744268976057,0.00026133571462018916,0.018823885615388992,0.2696738655275695,0.00026342903606601717,0.000443469685072173,0.0006248767650487516,3625.0,0.9877752249940643
YPR040W,0.00025471217524197657,0.0,2.2616017767211494e-07,0.20234993480126598,0.0,6.27942548461984e-05,0.00017179082060791835,3132.0,0.9893237921005469
YPR047W,0.00025471217524197657,0.0,4.114970703969528e-09,0.16532154620335202,0.0,0.00010797791023216059,0.00011516313081813467,2867.0,0.9893355109262782
YPR043W,0.016811003565970453,0.00012043335797031077,0.0802896954407601,0.277923888228524,0.00010112232140962915,0.00043510846546272524,0.0006281017889588343,3782.0,0.9539726138999065
YPR057W,0.0007641365257259297,0.0,7.042836123292177e-05,0.2503317648175256,0.0,0.00010824157661394201,0.0003494671430000013,2401.0,0.9893757792084334
YPR097W,0.002292409577177789,1.8015007043325441e-06,2.4890772388239983e-05,0.24339750185436743,1.305688009348333e-06,0.00019565261041049113,0.0005047475556646786,1178.0,0.9895179953513156
YPR067W,0.0005094243504839531,6.257936822070313e-05,2.6603767766813224e-07,0.1950799402633533,7.983748858894593e-05,0.00010281772101767656,0.00023959440870176762,2465.0,0.9893641794397143
YPR102C,0.003056546102903719,6.561381196552238e-06,0.013427274318335987,0.2426576439713539,7.251420697190991e-06,0.00011294852930271883,0.0005378293104633525,3568.0,0.9887540421637261
YPR129W,0.00025471217524197657,0.0,1.0276548861897126e-05,0.24281468360633404,0.0,6.730226547843438e-05,0.00018479011888941713,3411.5,0.9893181502654183
YPR122W,0.0005094243504839531,0.00010154521557350981,1.2929230549386298e-05,0.22406524282383242,0.00012232753325245284,0.00010768244847003882,0.00026066475614661957,2594.0,0.9893562344995476
YPR140W,0.0007641365257259297,3.856440381390671e-05,2.971875215775666e-05,0.23286820326992763,4.754991977211682e-05,9.323417391676682e-05,0.00034172770426112663,2329.0,0.9893802163401404
YPR132W,0.00025471217524197657,0.0,3.564411874746109e-08,0.17801264369146813,0.0,0.00012931453309781297,0.00010692450824953146,2892.5,0.9893333976014353
YPR148C,0.0005094243504839531,0.0,2.432687047512194e-05,0.22600882423258079,0.0,6.770763239513088e-05,0.0002843332844278058,2727.0,0.9893515124240173
YPR141C,0.00025471217524197657,0.0,8.777761717813144e-07,0.17988169963971012,0.0,8.354655446995112e-05,0.00012936709660338054,2930.0,0.9893299010098938
YPR155C,0.0005094243504839531,5.0080640098749465e-05,1.6461270451159857e-06,0.21057203339797248,6.623288425195008e-05,9.64633229321016e-05,0.0002482383978942542,2552.0,0.9893579950354942
YPR186C,0.00025471217524197657,0.0,2.4419078782510688e-05,0.18359622680980006,0.0,8.939180499694744e-05,0.00010827219052447252,2924.0,0.9893308985356347
YLR133W,0.0005094243504839531,0.0004980028618616377,0.0017907844851157572,0.22603605585186298,0.0004980028618616377,0.00011999608389213957,0.000185220103486837,1794.0,0.9894295472930533
YML123C,0.0005094243504839531,0.0,1.412063686864883e-06,0.2130833990847952,0.0,8.268276651960315e-05,0.00027719978845455046,2627.0,0.9893549189437836
YNL192W,0.00025471217524197657,0.0,9.81860053561135e-07,0.2059825688215797,0.0,6.220605264306133e-05,0.0001760220945124669,3170.0,0.9893231389936178
YBR123C,0.002292409577177789,0.0010592072219303673,9.445282471830443e-05,0.25772582024213997,0.0010950400480824196,0.00026299400506371606,0.00047740628582742633,1160.0,0.9895203722734738
YDR362C,0.001782985226693836,0.00064003126310322,5.617816416332328e-05,0.24796593028121564,0.0006583094533810938,0.00022500043751199004,0.00043815765885364905,1392.0,0.989484549067843
YGR047C,0.0015282730514518594,3.8040224483395626e-05,2.449878149121345e-06,0.21773285115396204,5.189800498517506e-05,0.00019805357327220427,0.000407781658271889,1482.0,0.9894713103586492
YOR110W,0.0012735608762098828,0.0,2.3741471794707013e-06,0.21245597344762593,0.0,0.00017279428561632363,0.0003782072074514867,1658.0,0.9894467887854949
YAL001C,0.0015282730514518594,0.0001891663579942735,1.5095271049984597e-05,0.23079119708956597,0.00021324479967358573,0.00019984969560939608,0.0004111804453198085,1524.0,0.9894660425802276
YAL002W,0.001782985226693836,0.0,2.6295177261992587e-06,0.21232372197866978,0.0,0.00020892337821597765,0.00039788848040050724,1300.5,0.9894993669285929
YDR495C,0.001782985226693836,0.0,2.6295177261992587e-06,0.21232372197866978,0.0,0.00020892337821597765,0.0003978884804005068,1300.5,0.9894993669285929
YCL050C,0.002292409577177789,0.0010635263828998095,3.22102628685458e-05,0.2727715369745601,0.0009534847281611571,0.00020421730119680938,0.0005073462808723866,1239.0,0.9895053531505442
YBR101C,0.001782985226693836,1.7501166105536844e-05,2.243567901744497e-05,0.2494662560561884,1.780853719371736e-05,0.00017452405666095686,0.00047165688634158903,1476.0,0.9894716892529337
YDL226C,0.0007641365257259297,0.0,1.0567353491555657e-05,0.23713642340317748,0.0,0.00010045787076020204,0.00034108981050816524,2391.0,0.9893769767308906
YDR068W,0.0020376974019358125,0.0009549459040804127,4.613477052979552e-05,0.2660784689798648,0.0008956478843872098,0.00020400537738126038,0.0004867258445132329,1348.0,0.9894915576134579
YEL007W,0.00025471217524197657,0.0,4.698319885962525e-06,0.231217877062,0.0,5.652362922168424e-05,0.00018387109207780613,3399.0,0.989318907256663
YDR103W,0.0005094243504839531,0.0,1.032440657348711e-05,0.23662793208155108,0.0,7.51303556801904e-05,0.00028695383597679853,2823.0,0.9893482932440124
YGL073W,0.0007641365257259297,0.00013843668758650523,1.7528435986721066e-05,0.24582143032726686,0.00012375015828968103,0.00010369345041966226,0.00035004254896455535,2389.0,0.9893771826813806
YIL044C,0.0005094243504839531,0.0,1.032440657348711e-05,0.23662793208155108,0.0,7.51303556801904e-05,0.0002869538359767987,2823.0,0.9893482932440124
YLR257W,0.0010188487009679063,0.00025703227324561784,1.3418453174831341e-05,0.2484914557974087,0.00027349938245680024,0.00013492091542766194,0.000386844352610161,2022.0,0.9894050626489843
YNL241C,0.0012735608762098828,5.938252857517084e-05,1.7815671346102175e-05,0.24187548292193617,6.449049399952765e-05,0.0001488204034755281,0.00041739709128616424,1787.0,0.9894300634567765
YOL032W,0.0005094243504839531,0.0,1.032440657348711e-05,0.23662793208155108,0.0,7.51303556801904e-05,0.0002869538359767986,2823.0,0.9893482932440124
YAL038W,0.015028018339276618,0.007596884255055765,0.00016595498949593647,0.2890134410017774,0.007336420316812709,0.0012156181866740743,0.0006228242403910235,3516.0,0.9889530017602337
YOR027W,0.0058583800305654615,0.0012078503678899255,5.6076410127614666e-05,0.27306932249527466,0.0012197553085863243,0.0004609545349205809,0.0005845629161125092,292.0,0.9896901214502147
YDR289C,0.00025471217524197657,0.0,1.3965987072821595e-05,0.2279448658010373,0.0,5.110815366952327e-05,0.00018340390951539586,3381.5,0.9893195981763977
YJR017C,0.00025471217524197657,0.0,1.3965987072821595e-05,0.2279448658010373,0.0,5.110815366952327e-05,0.00018340390951539586,3381.5,0.9893195981763977
YOR032C,0.00025471217524197657,0.0,2.5038926660796795e-07,0.2038229297634221,0.0,6.952195091207235e-05,0.0001626430877774511,3118.0,0.9893238993108346
YDR483W,0.0005094243504839531,2.2123882574057543e-05,9.088065462080752e-07,0.2233848827747722,2.5493889352291296e-05,7.434209846606077e-05,0.0002768606790731206,2717.0,0.9893519053549927
YBL032W,0.0005094243504839531,0.0,4.41665216636809e-05,0.24097446956230403,0.0,7.547490232886187e-05,0.0002877319521153316,2809.0,0.98934896792664
YIR035C,0.0005094243504839531,0.0,4.41665216636809e-05,0.24097446956230403,0.0,7.547490232886187e-05,0.0002877319521153315,2809.0,0.98934896792664
YIL110W,0.0005094243504839531,0.0,4.41665216636809e-05,0.24097446956230403,0.0,7.547490232886187e-05,0.00028773195211533145,2809.0,0.98934896792664
YLL001W,0.0005094243504839531,0.0,2.427073577936351e-05,0.24069620805010739,0.0,7.416265234375973e-05,0.0002854865883489036,2827.0,0.9893479327135751
YLR118C,0.00025471217524197657,0.0,2.2600941871049605e-05,0.23997265692901015,0.0,5.706854200365348e-05,0.00018487224991966584,3401.5,0.9893186413915611
YMR130W,0.0005094243504839531,0.0,4.41665216636809e-05,0.24097446956230403,0.0,7.547490232886187e-05,0.0002877319521153313,2809.0,0.98934896792664
YMR217W,0.0005094243504839531,0.0,4.41665216636809e-05,0.24097446956230403,0.0,7.547490232886187e-05,0.00028773195211533124,2809.0,0.98934896792664
YOR131C,0.0010188487009679063,0.0,5.3059451141822435e-05,0.24333435962676397,0.0,0.00010924711734312878,0.0003965062209919371,2037.0,0.98940309561609
YOR241W,0.00025471217524197657,0.0,2.2600941871049605e-05,0.23997265692901015,0.0,5.706854200365348e-05,0.00018487224991966584,3401.5,0.9893186413915611
YPR118W,0.0005094243504839531,0.0,4.41665216636809e-05,0.24097446956230403,0.0,7.547490232886187e-05,0.00028773195211533124,2809.0,0.98934896792664
YPR089W,0.0005094243504839531,0.0,4.41665216636809e-05,0.24097446956230403,0.0,7.547490232886187e-05,0.0002877319521153312,2809.0,0.98934896792664
YDR372C,0.0005094243504839531,2.984790199862659e-05,3.034638721284752e-05,0.24246946433275648,4.643012035935122e-05,6.810781193270047e-05,0.000287015093608683,2820.0,0.9893483511620592
YJL159W,0.0007641365257259297,0.00019658239710528048,0.0016948405103899293,0.2548548085236431,0.00020593741355942285,8.310350327974192e-05,0.00035144832209712076,1729.0,0.9894355454239268
YNL157W,0.00025471217524197657,0.0,5.626086687524584e-06,0.23333162257991752,0.0,5.68038234791326e-05,0.00018437721087825824,3400.0,0.9893186677723855
YKR084C,0.00025471217524197657,0.0,4.922153708783633e-05,0.2193238142915224,0.0,5.4873058098144366e-05,0.00018281374461450207,3164.5,0.9893231809176979
YLR225C,0.00025471217524197657,0.0,4.922153708783633e-05,0.2193238142915224,0.0,5.4873058098144366e-05,0.00018281374461450204,3164.5,0.9893231809176979
YLR195C,0.00025471217524197657,0.0,4.922153708783633e-05,0.2193238142915224,0.0,5.4873058098144366e-05,0.00018281374461450207,3164.5,0.9893231809176979
YOR057W,0.0005094243504839531,4.500647030355005e-06,8.362543130103334e-05,0.23221962561645565,3.4728589520846084e-06,7.212717505650798e-05,0.00028531037677353765,2671.0,0.9893533060946411
YDR545W;YLR466W;YLR467W;YOR396W;YIL177C;YJL225C,0.00025471217524197657,0.0,8.285814585245829e-06,0.2241723421811002,0.0,5.810383417100498e-05,0.0001816376042963315,3343.0,0.989320254845143
YLR359W,0.0033112582781456954,2.0141322107725513e-06,2.4263984665781266e-05,0.24322393952321233,1.9033464849581411e-06,0.00024183255153971116,0.0005410644440380402,794.0,0.9895904499819038
YMR206W,0.0007641365257259297,3.6027248464489095e-05,3.634473256929008e-05,0.2293241544578616,4.92456456678624e-05,0.00010977638856367231,0.0003287997057491619,2267.0,0.9893828521574252
YFL045C,0.0025471217524197657,0.0008146055641741387,2.9526111204913894e-05,0.2499149064867164,0.000924398137776869,0.0002629604491743493,0.0005044840648867742,1042.0,0.9895431701824136
YIL053W,0.004330106979113601,0.0016387127548981473,5.543756598703087e-05,0.2623573520093052,0.001637543163141367,0.0003722545429718847,0.0005600897583324573,583.0,0.9896319791244208
YKR014C,0.0012735608762098828,0.0002455152636284507,7.140270867423916e-06,0.24393553677167112,0.0002771439695130194,0.00014051398208344087,0.00042365715270771266,1772.0,0.9894315427025901
YJL217W,0.0005094243504839531,0.00027471872925720776,6.327156011070067e-05,0.2574782110269746,0.00026379632253294085,7.98627914117792e-05,0.0002876360063870618,2739.0,0.9893509769861797
YNL313C,0.0005094243504839531,0.0,1.408546163141711e-06,0.2078539965146016,0.0,7.415117503889546e-05,0.00027953376416189424,2598.5,0.9893560857397133
YLR097C,0.0005094243504839531,0.0,1.408546163141711e-06,0.2078539965146016,0.0,7.415117503889546e-05,0.0002795337641618942,2598.5,0.9893560857397133
YKL090W,0.00025471217524197657,0.0,1.2339159225523942e-05,0.2103595251785756,0.0,6.04562444799768e-05,0.00017701201565957817,3191.5,0.9893229279097163
YNL263C,0.001782985226693836,0.0,1.5335345182379073e-06,0.20974801493096343,0.0,0.00014335245842526936,0.0004682521602438619,1317.0,0.9894975168902114
YGL002W,0.0012735608762098828,0.0,1.218853597089016e-06,0.20770441159682648,0.0,0.00011217960665238169,0.0004234464462431653,1661.0,0.9894462998460509
YML012W,0.004075394803871625,6.616498635478597e-05,3.7439587454079563e-06,0.2249518850701525,0.00010759755278046982,0.0002969177839579523,0.000549154637336736,491.0,0.9896511262342097
YAL023C,0.013245033112582781,0.006441838960197764,8.845901871176939e-05,0.2730891979827552,0.006116511393928379,0.0009339239432972066,0.0006148538573736152,3482.0,0.9891380190682444
YDL095W,0.010443199184921039,0.001515393158116174,1.9674812955374424e-05,0.2572663529268427,0.0015083769226644302,0.0006777157116903478,0.0006064882040827741,528.0,0.9896434427119296
YKL096W,0.00025471217524197657,0.0,2.3774554399029772e-07,0.20753208092732306,0.0,5.396124517722507e-05,0.0001806111746338994,3228.0,0.9893223191735849
YPR113W,0.002292409577177789,0.0006183331663003485,8.52330837808777e-06,0.24212522528943428,0.0006536632868281209,0.0001883944539894256,0.0005006301569993768,1122.0,0.9895257981039263
YCR017C,0.00967906265919511,0.00047186559287768414,1.8202299790975396e-05,0.24973192832035904,0.000456773094902253,0.0006319877872927729,0.0006034539907659804,398.0,0.9896705554232956
YEL031W,0.007896077432501274,0.0003995962794039155,1.0981408011138817e-05,0.24827769263400437,0.000398105634600128,0.0005477584035227864,0.0005951285837092367,156.0,0.9897131459444493
YDR297W,0.00025471217524197657,0.0,1.2068182459363998e-06,0.21347135247411664,0.0,5.345848730037982e-05,0.00018303611267425277,3280.0,0.9893213229581609
YGL055W,0.0058583800305654615,0.0002597774667097723,8.621040554139922e-06,0.24476303027497384,0.0002610168533554163,0.00042121822205686357,0.0005787318873836214,229.0,0.9897015774992546
YJR143C,0.00738665308201732,0.0006428551241725839,1.3430888465050857e-05,0.24585364596586554,0.0006725203513843296,0.0004952481816095435,0.0005917165758642954,133.0,0.9897170095503175
YJL117W,0.002292409577177789,0.0006549370222269224,4.767046991313195e-06,0.2439513973397317,0.0006387854585724176,0.00022391793811090815,0.0004878513306135295,1121.0,0.9895260206878853
YKL008C,0.0033112582781456954,0.00033365655668958244,8.923164854143122e-06,0.24159513786768022,0.00033860436932980133,0.0002440437659837886,0.0005389284103011043,756.0,0.9895971201984578
YNR019W,0.0007641365257259297,0.0002038726427432082,5.542843425988583e-05,0.2418598911290578,0.00022175994314364446,9.178049498505459e-05,0.0003508914812599832,2298.0,0.9893813780213958
YAL012W,0.0005094243504839531,0.0004980028618616377,2.1313960033537266e-07,0.2024045148128108,0.0004980028618616377,0.00015867146439643102,0.00017021291231781297,2432.0,0.9893707410679713
YHR112C,0.00025471217524197657,0.0,2.9072682962830965e-09,0.1676934160670901,0.0,0.00010606699099912907,0.00010296545718206028,2876.0,0.9893345911279287
YAL016W,0.003056546102903719,0.00043328002368664235,2.630389177706416e-06,0.22820828970774734,0.0004992335130019428,0.00035227011669267333,0.0004764728388593103,744.0,0.9896000470192872
YGL190C,0.0033112582781456954,0.0007676429494927468,6.361084498309407e-05,0.2435396917489987,0.0007817537874967001,0.0003042221800799677,0.0005289407785294683,724.0,0.9896032664971874
YDR200C,0.001782985226693836,0.0,1.2201313637907613e-06,0.21333783425741024,0.0,0.00021633299029217993,0.0003953657957285399,1307.5,0.9894988585684049
YMR052W,0.001782985226693836,0.0,1.2201313637907613e-06,0.21333783425741024,0.0,0.00021633299029217993,0.0003953657957285392,1307.5,0.9894988585684049
YML109W,0.0007641365257259297,0.00024238664727339196,1.9539562523761096e-05,0.23542526768432415,0.00027010212698188804,0.00010970237922634935,0.00033988964061408295,2255.0,0.98938357926591
YNR032W,0.0020376974019358125,0.0010133571791881805,1.1358402287268993e-05,0.2463702469686174,0.001026686938797525,0.000245641225322944,0.0004223497061439992,1259.0,0.989503973924309
YOR014W,0.0007641365257259297,0.0001306659381017079,2.45567134836566e-06,0.22410539308834512,0.00015281638030932015,0.00011663673573756141,0.0003393137578679212,2216.0,0.9893856360947784
YAL019W,0.0010188487009679063,7.246490970262004e-05,0.0005405287822522845,0.25659776303413173,9.187073358785745e-05,9.629958058164149e-05,0.0003986104708188077,1854.0,0.9894203403746339
YDR252W,0.0020376974019358125,2.613918011550269e-06,6.09434918554887e-07,0.21268479627487522,2.577738562408239e-06,0.00022210977152578966,0.0004047227918598533,1149.5,0.9895228046076863
YDL165W,0.0028018339276617422,0.0005180370463975556,6.1838844198082e-06,0.22407862464674355,0.000586587483469328,0.0002883494002211054,0.0004393080885954127,820.0,0.989584167897178
YNL288W,0.0020376974019358125,2.613918011550269e-06,6.09434918554887e-07,0.21268479627487522,2.577738562408239e-06,0.00022210977152578966,0.00040472279185985323,1149.5,0.9895228046076863
YGR134W,0.002292409577177789,2.6301417169796946e-06,6.176455573596352e-07,0.2126968532361153,2.5939622678376644e-06,0.0002461054769680752,0.00041273885524618193,1025.0,0.9895457679507431
YJR011C,0.002292409577177789,0.000899828005477975,1.8883826410548963e-05,0.23763205339698992,0.0009271941420454664,0.0002499229891604909,0.00042631782064445783,1087.0,0.9895322173384495
YOR175C,0.00025471217524197657,0.0,1.056405107000878e-06,0.21539540106120178,0.0,5.341525500396481e-05,0.00018398534525137977,3305.0,0.989320992243928
YMR134W,0.00025471217524197657,0.0,6.501777375049156e-08,0.1952423630683808,0.0,5.9346830138893916e-05,0.00016987143852872198,3059.0,0.9893249487356284
YIL136W,0.00025471217524197657,0.0,7.842306600810726e-07,0.1999558991198611,0.0,5.844779304960746e-05,0.00017789650238611842,3113.5,0.9893240340826555
YOL155C,0.00025471217524197657,0.0,7.842306600810726e-07,0.1999558991198611,0.0,5.844779304960746e-05,0.00017789650238611836,3113.5,0.9893240340826555
YHR192W,0.0005094243504839531,2.955423373431046e-05,2.397044586514991e-06,0.23482115978752496,2.394560698875083e-05,7.199070328326785e-05,0.00028668051032905043,2816.0,0.9893487994216585
YPR139C,0.00025471217524197657,0.0,5.589127325451729e-07,0.21423927888340513,0.0,5.448289903256882e-05,0.00018365934645265842,3292.0,0.989321218980322
YAL053W,0.0015282730514518594,0.0006455596695694998,8.227536891127499e-05,0.2566855367780717,0.000659473922474721,0.00016516855779465025,0.0004513604306824857,1593.0,0.9894556684154463
YCR094W,0.0005094243504839531,0.0,2.0176115225022935e-05,0.2082924827116568,0.0,7.999670490238575e-05,0.0002791444040047715,2565.0,0.9893574327561644
YGR217W,0.00025471217524197657,0.0,1.981772180075242e-05,0.2074861743673657,0.0,5.92649877469376e-05,0.00018078938876030988,3124.5,0.9893238435865211
YDL237W,0.00025471217524197657,0.0,3.595440293949789e-07,0.19194620612293822,0.0,5.9474676836903656e-05,0.00017967869560287476,3032.5,0.9893256943925555
YAL027W,0.0007641365257259297,0.00019201114516182165,4.690705014743201e-05,0.23191819081994522,0.00021170837144565992,0.00015879116238810354,0.00025032354105638984,2171.0,0.9893880724960348
YPL022W,0.0005094243504839531,0.0,1.4811058047788048e-06,0.20305078964634019,0.0,0.00012962359182644868,0.0001846631038864346,2503.0,0.9893608985558259
YML095C,0.0007641365257259297,0.0004181391272866686,6.16685061185389e-05,0.24624089329166332,0.00043123871026107724,0.00016281831496013484,0.0002521935467264131,2204.0,0.9893862130623587
YKL130C,0.00025471217524197657,0.0,5.52229321429977e-07,0.1817023822502336,0.0,8.006368592089491e-05,0.00014869791704326784,2940.0,0.9893292850658896
YDR088C,0.007131940906775344,1.7291454823958946e-06,0.00012541820917342394,0.23936028651260438,1.5999800257032218e-06,0.0002551440756607894,0.0005838955610091116,210.0,0.9897041254401989
YDR482C,0.00967906265919511,1.687396006154297e-05,0.00020704597167323733,0.24100542722797239,1.4396952512789748e-05,0.00033674922467378696,0.0005971100029583109,521.0,0.9896454173225556
YGR278W,0.009933774834437087,3.838745241260833e-05,0.00018219932487490524,0.24140860192285896,3.439857178421836e-05,0.0003454582481019627,0.0005978875294368302,580.0,0.9896331339926382
YNL245C,0.006113092205807438,0.0,9.433344487250765e-05,0.23606219271958437,0.0,0.00022506420939575507,0.0005761484554127606,241.0,0.9896989288203079
YMR213W,0.011207335710646969,0.001039346371222886,0.000252874648376723,0.2533233739170261,0.0011278260913168048,0.00040217078647901763,0.0006028496379734714,745.0,0.9895996972008726
YOR148C,0.003565970453387672,0.0,4.3685232268086694e-05,0.22223375532103737,0.0,0.00014683476263130295,0.0005391668982099382,643.0,0.9896201171445014
YBR188C,0.009169638308711156,0.00037148370345273485,0.0001756150110347393,0.2447949690797334,0.00041544743049943926,0.00032687259101169637,0.0005955594563186432,360.0,0.9896769028013884
YNR011C,0.00738665308201732,2.9558006411536946e-07,0.00014292479373273246,0.23662793208155108,2.524708421995241e-07,0.0002618360070199367,0.0005858137868899834,222.0,0.9897026157266974
YGR006W,0.0007641365257259297,0.0,9.352459103630863e-06,0.20353545031382628,0.0,6.340563787375327e-05,0.0003472109029981862,2165.0,0.9893887217733254
YER013W,0.0005094243504839531,0.0,9.450030570838964e-06,0.20950206550254477,0.0,5.593030336454722e-05,0.0002839828557834144,2626.0,0.9893549285565141
YNL133C,0.00025471217524197657,0.0,3.2471429167533384e-06,0.20325979148843784,0.0,4.80258106944447e-05,0.00018234895510590716,3194.0,0.9893229162907361
YJR069C,0.0005094243504839531,2.422730606069053e-05,1.5761579168817377e-05,0.22446739402243934,3.107471852871144e-05,6.86812031088272e-05,0.0002810572908768938,2705.0,0.9893522067646515
YER159C,0.0010188487009679063,5.0185974626429246e-05,4.498753582924434e-06,0.22518140025717645,5.43476393764105e-05,0.00011780532407127314,0.0003695858005360398,1943.0,0.989410857422403
YDR397C,0.0007641365257259297,0.0,1.2590245922701285e-06,0.20505943548587602,0.0,0.00010035037542449451,0.0003221585726669656,2146.0,0.9893897929862706
YLR145W,0.001782985226693836,0.0,9.869576123030146e-07,0.20340304082647043,0.0,0.0001803628328849863,0.00040998511339047027,1246.0,0.9895052829819408
YAL034W-A,0.0012735608762098828,8.720091735281485e-05,6.820494036055221e-06,0.21879942215331666,0.0001094351275410783,0.00017102888096990043,0.000394399299681106,1666.0,0.9894451219325197
YBR200W,0.0007641365257259297,8.717731751333731e-05,6.892886747608164e-05,0.2499149064867164,9.304296889208731e-05,0.00011170362897407115,0.00034368273066246146,2372.0,0.9893779338436788
YDR423C,0.0012735608762098828,0.0005276594203704214,0.0057570442530088944,0.24165738059288122,0.00046705865970896336,9.584456716437231e-05,0.00043229392691522273,1616.0,0.9894528064810031
YPL079W,0.014263881813550688,3.949452367092734e-05,0.07363228953250277,0.2709005408725685,3.525852526157493e-05,0.0003637110795782555,0.000623912496872792,3773.0,0.9581738381852586
YMR265C,0.00025471217524197657,0.0,0.0019079996975006773,0.23417628829640955,0.0,4.4768776333418926e-05,0.0001854046105644287,2179.0,0.9893876816451638
YOL093W,0.00025471217524197657,0.0,0.0017889054116598567,0.22468246548206922,0.0,4.3866274194161404e-05,0.00018510235743973878,2169.0,0.9893881371861817
YBL087C;YER117W,0.0005094243504839531,0.0,0.0032653122326296974,0.23853852699377417,0.0,5.105443596145993e-05,0.00028845276644237226,1824.0,0.9894262100179393
YNL102W,0.002292409577177789,0.0012703665175985144,0.0015356086215071204,0.250148175950735,0.001305113792619181,0.00024355228534318968,0.00047978618212410335,855.0,0.9895758633952498
YGR210C,0.00025471217524197657,0.0,0.0003817804680023612,0.2206783020282951,0.0,4.836150262141033e-05,0.0001818989198176377,2844.0,0.9893401474717406
YGL122C,0.014009169638308712,0.001013675839202834,0.0044077389913368265,0.2787912387490767,0.0010651243476681534,0.00046769943291740724,0.0006201638290749725,976.0,0.9895546925652939
YBR108W,0.00025471217524197657,0.0,9.655702297560652e-07,0.20713108596031105,0.0,6.39998731112912e-05,0.0001750568747719295,3176.5,0.9893230349118181
YNL094W,0.00025471217524197657,0.0,9.655702297560652e-07,0.20713108596031105,0.0,6.39998731112912e-05,0.00017505687477192952,3176.5,0.9893230349118181
YER089C,0.00025471217524197657,0.0,5.73870269837334e-08,0.1863130644098259,0.0,7.761343841461714e-05,0.00015172318575761912,2964.0,0.9893280139340703
YOL078W,0.0005094243504839531,0.0,2.8000102705645585e-06,0.21736704079051467,0.0,6.944041413650941e-05,0.00028471122175579384,2687.0,0.9893529120425776
Q0160,0.00025471217524197657,0.0,5.064199831061518e-06,0.21774548726626858,0.0,5.410587932078078e-05,0.00018201023430661757,3311.5,0.9893208711588499
YMR303C,0.00025471217524197657,0.0,5.064199831061518e-06,0.21774548726626858,0.0,5.410587932078078e-05,0.00018201023430661757,3311.5,0.9893208711588499
YCR021C,0.00025471217524197657,0.0,1.8381318539698183e-06,0.2206912823413372,0.0,5.570490127132547e-05,0.0001835457725272636,3340.5,0.9893203084726147
YGL108C,0.00025471217524197657,0.0,1.8381318539698183e-06,0.2206912823413372,0.0,5.570490127132547e-05,0.00018354577252726356,3340.5,0.9893203084726147
YDR316W-B;YPR158W-B,0.00025471217524197657,0.0,9.04448025362382e-06,0.21763181502813653,0.0,5.698081472649764e-05,0.0001832822226923898,3281.5,0.9893212947178756
YER138C;YAR009C,0.00025471217524197657,0.0,9.04448025362382e-06,0.21763181502813653,0.0,5.698081472649764e-05,0.00018328222269238984,3281.5,0.9893212947178756
YLR337C,0.004584819154355578,0.00146353657785713,7.54767226762386e-05,0.2696157294542306,0.001591062308042535,0.0003822131882614035,0.000551099306203427,539.0,0.9896421194149932
YER078C,0.00025471217524197657,0.0,6.136841135784185e-07,0.20361276882211288,0.0,5.533321535907343e-05,0.00017923476496220945,3172.0,0.989323136962277
YOR393W;YPL281C;YMR323W,0.00025471217524197657,0.0,1.6565495225800261e-06,0.21500042926394325,0.0,5.4235352288131174e-05,0.0001829525281489756,3295.0,0.9893211384362186
YDR143C,0.00025471217524197657,0.0,9.642147064148056e-07,0.20402243018407146,0.0,5.4841482077196005e-05,0.00017949220178476545,3175.0,0.9893230527146852
YAL039C,0.00025471217524197657,0.0,3.855367684996052e-07,0.18481712679597428,0.0,7.60034335105258e-05,0.00015630563263146103,2956.0,0.9893282908909155
YAL062W,0.00025471217524197657,0.0,7.981257248196887e-07,0.20641318650410265,0.0,5.537917415871223e-05,0.00017929041372157487,3210.0,0.9893226375388142
YAL044C,0.0010188487009679063,4.738275265269431e-05,5.5517728585209485e-06,0.21065479148195349,6.825230546116451e-05,0.00015688176583455998,0.0003404190162878751,1848.0,0.9894212494168656
YOR196C,0.0007641365257259297,7.504467516458729e-05,2.192077630274898e-05,0.22031547217176006,9.759886238020958e-05,0.00012218695840266304,0.00031402435595976024,2182.0,0.9893874909417104
YLR239C,0.0007641365257259297,0.00017368476841696215,0.00030881064054942933,0.2342201442714947,0.00018079239775972662,0.0001019462776363442,0.00033349456057906113,2071.0,0.9893970812202261
YMR189W,0.0007641365257259297,0.00020239375117748993,3.1455268197411284e-05,0.24057274243941226,0.0002337949065683992,0.0001037652425828594,0.0003343078710218213,2301.0,0.9893813193799139
YAL047C,0.0012735608762098828,0.0005010135734530291,7.975386358780811e-05,0.25213174457933435,0.0005777597600102414,0.0001846055628259579,0.00039525339949932233,1727.0,0.9894357960212894
YHR172W,0.0007641365257259297,0.0,3.5982360082416306e-05,0.2276267967654598,0.0,0.00012738996806469925,0.0003053810691914981,2257.0,0.9893834372260573
YNL126W,0.010188487009679063,0.008267486058498311,0.002523002675395684,0.2907153642557782,0.00813807561182659,0.0008105159914544158,0.0006081366936093238,3481.0,0.9891424994647977
YLR212C,0.0010188487009679063,0.0004980028618616377,3.598896201398865e-05,0.2276406073950415,0.0004980028618616377,0.00019000479745459416,0.0003054277051110718,1845.0,0.9894216607721348
YEL047C,0.00025471217524197657,0.0,4.907511187923373e-07,0.18465340277991407,0.0,7.874466497757312e-05,0.00014062527471661487,2953.0,0.9893284519359065
YAL049C,0.0028018339276617422,0.001435434089543211,7.489334397266876e-05,0.2519793479573589,0.0015586626778527994,0.00029030120934048405,0.0005079317338083542,981.0,0.9895539116805481
YEL041W,0.0005094243504839531,0.0,1.0751991612943096e-06,0.20301782863941745,0.0,9.07104458266927e-05,0.00025995535883457287,2532.0,0.9893586874161692
YNR040W,0.0005094243504839531,7.830266378211347e-05,3.625845380851333e-05,0.24100542722797239,9.0455759619792e-05,7.60316541957968e-05,0.0002855790239508009,2757.0,0.9893504402546028
YAL060W,0.00025471217524197657,0.0,5.574536410582507e-71,0.00025471217524197657,0.0,0.00025464731347084286,None,3892.5,0.5950153159491425
YAL061W,0.00025471217524197657,0.0,5.574536410582507e-71,0.00025471217524197657,0.0,0.00025464731347084286,None,3892.5,0.5950153159491425
YOR098C,0.0010188487009679063,4.3895872976348294e-06,2.3198215282645703e-06,0.22795871505468582,6.145070327220718e-06,0.00013992368963724685,0.00036532439255209363,1966.0,0.9894094299680751
YPL020C,0.0007641365257259297,0.0,2.165911407423694e-06,0.2248036243909571,0.0,0.00011295732133465982,0.00032444204075326256,2285.0,0.9893819281542582
YDL019C,0.00025471217524197657,0.0,1.8545595953163122e-06,0.22473629775891427,0.0,5.8777537237433187e-05,0.00018280489211082294,3373.0,0.9893198485619882
YDR002W,0.00025471217524197657,0.0,1.8545595953163122e-06,0.22473629775891427,0.0,5.8777537237433187e-05,0.000182804892110823,3373.0,0.9893198485619882
YPL227C,0.00025471217524197657,0.0,1.8545595953163122e-06,0.22473629775891427,0.0,5.8777537237433187e-05,0.00018280489211082294,3373.0,0.9893198485619882
YBR175W,0.002292409577177789,0.0006214978997889233,4.279110845989653e-05,0.24572483404840356,0.0006598326183003877,0.00023715920436753537,0.00046322478043829383,1113.0,0.9895272607974115
YHR119W,0.002292409577177789,0.0006323585988031054,1.414418898150456e-05,0.2421564793523347,0.0006583928537305503,0.00023423242674624494,0.00046359872835711715,1111.0,0.9895284495741371
YBR258C,0.001782985226693836,0.0,5.384855126912717e-06,0.21888877493058012,0.0,0.0001972549623277641,0.0004192593002203461,1338.0,0.9894934800783375
YDR469W,0.0020376974019358125,0.00040854477786091267,2.3770248424125747e-05,0.2391314525866841,0.00045736648458824416,0.00022395681661237444,0.0004435371267579946,1215.0,0.9895093507052086
YLR015W,0.001782985226693836,0.0,5.384855126912718e-06,0.21888877493058012,0.0,0.0001972549623277641,0.0004192593002203461,1338.0,0.9894934800783375
YAR003W,0.001782985226693836,0.0,5.384855126912718e-06,0.21888877493058012,0.0,0.0001972549623277641,0.0004192593002203461,1338.0,0.9894934800783375
YBL035C,0.001782985226693836,0.0004459416646709971,2.704060913996891e-05,0.23680715040930786,0.0005121767266316386,0.00021838545154444618,0.0004373612420835644,1358.0,0.9894897230536899
YDL160C-A,0.0005094243504839531,0.0,1.4346608664538173e-06,0.20623165454213566,0.0,0.0001055919163014451,0.0002438485789368938,2536.0,0.9893584852972273
YDR489W,0.0025471217524197657,1.8464760590520465e-05,1.2171400204843451e-05,0.2381146468924969,1.71764262435637e-05,0.00023976456547338218,0.0005000026820065879,1040.0,0.9895434494894796
YBR136W,0.0012735608762098828,0.0,2.042638014399285e-06,0.2171029100269109,0.0,0.00017478150298426895,0.00038597062415969823,1671.5,0.9894438084100949
YHR164C,0.0012735608762098828,0.0,2.042638014399285e-06,0.2171029100269109,0.0,0.00017478150298426895,0.00038597062415969877,1671.5,0.9894438084100949
YDR499W,0.001782985226693836,0.0008109627627050058,9.458311322289534e-06,0.24473109980334445,0.0008782123594020803,0.00023619351556010377,0.00044418488587651947,1391.0,0.9894845953874314
YLR103C,0.0028018339276617422,2.7563030372770176e-05,1.5504786677542738e-05,0.24301913926323426,2.8808893585297038e-05,0.00025840932255843116,0.0005115754892546787,956.0,0.9895587745104057
YNL312W,0.002292409577177789,0.00033304562289018455,3.3236783213963353e-06,0.22633603734602603,0.00040174552633341284,0.0002874853834304496,0.00046615906277197827,1048.0,0.9895421764681008
YML061C,0.0005094243504839531,0.0,8.498487446301022e-06,0.21911887467646288,0.0,7.715287101735325e-05,0.0002796916368652181,2677.0,0.9893531590906098
YIR008C,0.0005094243504839531,0.0,2.1308429837239288e-05,0.20415564757237314,0.0,8.779488337799755e-05,0.0002577883903495271,2522.5,0.9893593556807481
YKL045W,0.0005094243504839531,0.0,2.1308429837239288e-05,0.20415564757237314,0.0,8.779488337799755e-05,0.0002577883903495269,2522.5,0.9893593556807481
YOL146W,0.001782985226693836,9.176090365905363e-06,4.661618705610627e-05,0.24786764161227942,9.068769353128243e-06,0.00016567894250992324,0.0004664709794386318,1465.0,0.9894733110917109
YDR013W,0.0020376974019358125,0.0,9.941120661009547e-06,0.23489466544074838,0.0,0.00019459609156860278,0.00047537031694204756,1265.0,0.9895032671945119
YAR028W,0.00025471217524197657,0.0,1.5053861217759251e-09,0.16257084323779514,0.0,0.00010923163448952257,9.912063743295839e-05,2863.0,0.9893363504519873
YBL002W,0.027763627101375445,0.008904456446463357,0.006978610477295557,0.300735210891718,0.007889704953106499,0.0014108458121832666,0.0006366189573486834,3646.0,0.9871537957798229
YDR097C,0.0010188487009679063,0.00033132363788631393,0.00011130434637101254,0.24551580232201767,0.00037061941399480744,0.0001338835294369532,0.00038081556224561113,1931.0,0.9894123859025615
YER077C,0.010697911360163015,0.0005282351567215942,0.0025886453218445806,0.26562637105027076,0.000528448911482513,0.0003448456284279313,0.0006118057273726173,137.0,0.989715683889448
YNL213C,0.001782985226693836,0.0,0.0004108389846998955,0.2346302602141876,0.0,8.778720702029975e-05,0.0004761331046580766,1328.0,0.9894960531699201
YDR115W,0.016046867040244522,0.0024215832576852114,0.00343636714755087,0.28191242701067504,0.0020815784652005727,0.0005593039437177601,0.0006251172983711237,2423.0,0.98937180525017
YBR141C,0.0005094243504839531,0.0,0.0005604397603608942,0.2352628850692923,0.0,5.2612568136239e-05,0.0002871746691100543,2413.0,0.9893741558653701
YPL159C,0.0005094243504839531,0.0,4.540788787181652e-05,0.22889046431704943,0.0,7.035739318147775e-05,0.0002815909782629347,2712.5,0.9893519979486047
YNL295W,0.0005094243504839531,0.0,4.540788787181652e-05,0.22889046431704943,0.0,7.035739318147775e-05,0.0002815909782629346,2712.5,0.9893519979486047
YJL095W,0.00025471217524197657,0.0,1.7900545092913855e-05,0.20458980811849467,0.0,6.178247156852678e-05,0.00017753731517282587,3081.0,0.9893244172194374
YPL150W,0.00025471217524197657,0.0,1.7900545092913855e-05,0.20458980811849467,0.0,6.178247156852678e-05,0.000177537315172826,3081.0,0.9893244172194374
YKL093W,0.00025471217524197657,0.0,1.4349300007130034e-05,0.21316814334896164,0.0,5.2215724191354725e-05,0.0001817632483300275,3245.5,0.98932207134399
YBR202W,0.004584819154355578,0.0008086686980264394,0.00010262139485027451,0.25804487559044526,0.0008223018942363309,0.00041925962770268796,0.000551641387636648,436.0,0.9896619770474087
YBL003C,0.021650534895568008,0.00434750762266946,0.004686266454704414,0.2940417312762597,0.0038526244492900325,0.0010965119864448562,0.0006320797168308732,3574.0,0.9886852359114942
YPR049C,0.0010188487009679063,0.0003083129067725936,7.727907173110474e-05,0.2407734384319498,0.0003573853908690879,0.0001407328940439471,0.00037923173547613665,1920.0,0.9894130784839158
YAL024C,0.00025471217524197657,0.0,9.120749564928288e-06,0.21611499862249142,0.0,5.059104150862941e-05,0.0001815619773399967,3294.0,0.9893211664190477
YHR148W,0.012990320937340805,2.7532032983978608e-06,0.0028668254143096716,0.25774352483925766,1.8417940292337338e-06,0.00030655951559416445,0.0006149581808268733,1051.0,0.9895414628170828
YCL031C,0.018848700967906265,0.000427569282448514,0.003719915415340661,0.2665510436974335,0.0003974686615454338,0.0004740659094441981,0.0006247638110136099,3525.0,0.9889136863322592
YDL111C,0.01553744268976057,3.99562463903118e-05,0.003272332015020766,0.2579384360707462,3.560324922150063e-05,0.0003664702749500195,0.0006197186931339198,3435.0,0.989285937322804
YDR457W,0.004839531329597555,0.0,0.0010631868362724398,0.23867509485274008,0.0,0.0001346125039323015,0.0005696965368715136,198.0,0.9897059160768702
YGR158C,0.014263881813550688,5.798997812207139e-05,0.0030981341457641917,0.25802712957052976,4.9494592286034214e-05,0.0003417049108388715,0.0006176315463531083,1810.0,0.9894278867306749
YCL035C,0.00025471217524197657,0.0,5.224151687244694e-05,0.20998278996446573,0.0,4.440578817148206e-05,0.00018390250770347895,3083.5,0.9893244115511004
YCL033C,0.00025471217524197657,0.0,5.224151687244694e-05,0.20998278996446573,0.0,4.440578817148206e-05,0.000183902507703479,3083.5,0.9893244115511004
YKL015W,0.00025471217524197657,0.0,5.264893490232386e-05,0.21199980173381588,0.0,4.373183748453815e-05,0.00018386236754555012,3115.0,0.9893240215361274
YBR038W,0.00025471217524197657,0.0,3.2166797682214305e-07,0.21123592450653494,0.0,5.913483983875303e-05,0.000181111507985955,3257.0,0.9893219898628922
YDL161W,0.003565970453387672,0.00013825088268169501,4.709149579106129e-06,0.24075798839098267,0.0001595164953186234,0.00029428744189772074,0.0005275659351397131,676.0,0.9896121229884142
YJL094C,0.00025471217524197657,0.0,3.2166797682214305e-07,0.21123592450653494,0.0,5.913483983875303e-05,0.00018111150798595497,3257.0,0.9893219898628922
YOR181W,0.0033112582781456954,0.0010021007195716147,5.0623015891241014e-05,0.2594366264061039,0.0010464136476206697,0.00029195439990727123,0.0005257261107655699,805.0,0.9895873949662221
YGR241C,0.0005094243504839531,0.0,4.257486723653357e-07,0.20729129785000408,0.0,7.491335829751039e-05,0.0002758603644820462,2593.0,0.9893562517323639
YBL010C,0.00025471217524197657,0.0,5.402548369058729e-05,0.2389030557838315,0.0,6.229887560746971e-05,0.0001840269766853904,3330.0,0.9893207111978043
YBL013W,0.00025471217524197657,0.0,1.0276548861897126e-05,0.24281468360633404,0.0,6.730226547843438e-05,0.00018479011888941751,3411.5,0.9893181502654183
YBL011W,0.00025471217524197657,0.0,1.904679752162897e-07,0.20444488290568189,0.0,5.7034011776226976e-05,0.00017936005626095574,3174.0,0.9893230638788546
YML043C,0.0010188487009679063,0.0005111974342074746,5.62830924662892e-06,0.2277926350000045,0.000514342353217976,0.00015917137759287225,0.0003196014112511931,1872.0,0.98941833911628
YBL014C,0.0005094243504839531,0.0,8.729032134768307e-08,0.18476251987418496,0.0,0.00011069904581043431,0.00020337531900750013,2451.0,0.9893667871573181
YJL025W,0.0007641365257259297,0.00010161434098837007,7.722325326524305e-07,0.20888389327942733,0.0001221914599015581,0.0001360726909762409,0.00026602702885180024,2112.0,0.9893928035429664
YJL072C,0.00025471217524197657,0.0,1.3996685870448013e-06,0.20416675687462993,0.0,5.803929061528313e-05,0.00017699829652389776,3161.0,0.9893232441863659
YBR260C,0.0012735608762098828,0.00014225524681998764,4.049887297916289e-05,0.25629978079684906,0.00012090974818475883,0.00014418925486941547,0.00043017681576339455,1834.0,0.989424887055608
YDR524C,0.00025471217524197657,0.0,5.9951138401512214e-06,0.22603605585186298,0.0,5.87350283884238e-05,0.0001831450810828123,3370.5,0.9893198786101712
YDR380W,0.00025471217524197657,0.0,8.524067149862042e-07,0.2063450745798314,0.0,6.003256276107389e-05,0.00017567261681572597,3190.0,0.9893229283011622
YPR075C,0.00025471217524197657,0.0,4.5958975804570125e-05,0.21533359108614977,0.0,4.545846523948544e-05,0.00018368276894148666,3171.0,0.9893231378710874
YBL027W,0.02445236882322975,0.00436979029794956,0.09559616389165405,0.29033293283951667,0.00413733624267157,0.0007251725965142516,0.0006356074495573932,3798.0,0.9427747312617131
YBL091C,0.0025471217524197657,0.001460470245675613,0.001312423089691484,0.2534945267944783,0.0014238272744493928,0.00021497964054251648,0.0005109852038979254,831.0,0.9895812678817069
YBR267W,0.0025471217524197657,0.00011920225220098444,0.0073334573807651736,0.24387211511765186,0.00014670686359713876,0.00012788522663828442,0.0005178550489207245,1514.0,0.9894674274205378
YLR077W,0.00025471217524197657,0.0,5.9399899625109594e-05,0.209373464904301,0.0,4.9454236239127006e-05,0.0001825358401388768,3046.0,0.9893252537294717
YKR043C,0.00025471217524197657,0.0,0.0010688164273880728,0.21727892582146593,0.0,4.443055078425983e-05,0.00018406169996830162,2436.0,0.9893702650088977
YGL057C,0.00025471217524197657,0.0,2.968876187111292e-05,0.20762395501549852,0.0,5.0582007503346534e-05,0.00018224989999924396,3120.5,0.9893238818354605
YGL226W,0.00025471217524197657,0.0,2.968876187111292e-05,0.20762395501549852,0.0,5.0582007503346534e-05,0.0001822498999992439,3120.5,0.9893238818354605
YOR095C,0.00025471217524197657,0.0,0.0010933346116097451,0.21804919457692065,0.0,4.441218219742602e-05,0.00018410951430627948,2429.0,0.9893708745561357
YBR276C,0.00025471217524197657,0.0,0.0001546498928345562,0.21427598464220868,0.0,4.5456778756586405e-05,0.0001835440113985909,2933.0,0.9893294980822658
YLL002W,0.0007641365257259297,0.0001420257804751862,3.3944625859974935e-06,0.22805570697088948,0.00016746933273490463,0.00014911854904793218,0.0002835747001222143,2208.0,0.9893860152975611
YPR172W,0.0005094243504839531,1.2978964343540207e-07,2.6592844358942292e-67,0.0005094243504839531,1.2978964343540207e-07,0.00035500512824372546,None,3855.5,0.6511172381590328
YLR456W,0.00025471217524197657,0.0,1.8803980577246525e-67,0.00033961623365596876,0.0,0.00020446840608440156,None,3843.5,0.733921948397884
YBL033C,0.00025471217524197657,0.0,1.8803980577246525e-67,0.00033961623365596876,0.0,0.00020446840608440156,None,3843.5,0.733921948397884
YJL167W,0.00025471217524197657,0.0,6.373131155038059e-06,0.23133192496979307,0.0,5.6153340390315966e-05,0.00018423922818756194,3398.0,0.989318962645868
YOR089C,0.00025471217524197657,0.0,1.1179384964126914e-06,0.2133620978723386,0.0,5.738599005831191e-05,0.00018220630754591744,3273.5,0.989321569399708
YKL033W-A,0.00025471217524197657,0.0,1.1179384964126914e-06,0.2133620978723386,0.0,5.738599005831191e-05,0.00018220630754591747,3273.5,0.989321569399708
