ID,degree_centrality,betweenness_centrality,eigenvector_centrality,closeness_centrality,load_centrality,pagerank,information_centrality,_wkshell
YSC0019,0.0004957858205255329,0.0,0.00037578199799302047,0.14491751603441094,0.0,0.00020895175599451398,0.0002299379770089296,3.0
YJL092W,0.0019831432821021317,0.004171228651234606,0.005069405204755918,0.17618578910322075,0.004594240230740506,0.0006331136671153292,0.0003698226410535832,23.0
Q0085,0.0004957858205255329,0.0,5.300246239209857e-06,0.11498377470663884,0.0,0.0002521617721326952,0.00021600203708871559,11.0
YCR106W,0.009915716410510658,0.014418107452304233,7.145442921390268e-05,0.13382887876088023,0.014500195920799874,0.0041172052062376455,0.0003350548487019549,78.0
TORF1,0.0004957858205255329,0.0,5.300246239209857e-06,0.11498377470663884,0.0,0.0002521617721326952,0.00021600203708871556,11.0
TORF19,0.0004957858205255329,0.0,0.0008072667694475323,0.1412599070483705,0.0,0.0001899601489079076,0.0002441712883494709,5.0
YDR361C,0.0039662865642042635,0.0036334099810978165,0.010890764065008308,0.17080880672977555,0.0037222658421632235,0.0010883648781109805,0.0004080823785537556,34.0
TORF21,0.0004957858205255329,0.0,8.581840559471832e-05,0.1273455115778304,0.0,0.0002129942424064185,0.00023584275279617766,7.0
YKR048C,0.007436787307882994,0.00739226396099927,0.0011576339298408058,0.15087503719228967,0.007325129683756208,0.0022831843791152775,0.0003853396259426788,61.0
TORF47,0.0004957858205255329,0.0,5.300246239209857e-06,0.11498377470663884,0.0,0.0002521617721326952,0.00021600203708871564,11.0
YAL005C,0.0004957858205255329,0.0,4.323660793748507e-25,0.0004957858205255329,0.0,0.0004955401387512388,0.0,1.0
YBR101C,0.0004957858205255329,0.0,4.323660793748507e-25,0.0004957858205255329,0.0,0.0004955401387512388,0.0,1.0
YAL012W,0.0009915716410510659,0.0,4.323660793748507e-25,0.0,0.0,0.0004955401387512388,0.0,0.0
YAL016W,0.0009915716410510659,0.0018088453877394162,0.0007328240442311775,0.14499573144677838,0.0018025584129714646,0.00037376982064990787,0.00027723324452920834,6.0
YIL065C,0.002974714923153198,0.009630340632522475,0.0098290908587069,0.17570182552295027,0.009687713258650017,0.0008751345975789173,0.00041453879109061467,28.0
YNL127W,0.001487357461576599,0.0010983825994415996,5.6420298025744916e-05,0.12415569425297669,0.0011163538392379702,0.000621723863135944,0.00023681026462045636,6.0
YAL020C,0.0004957858205255329,0.0,4.323660793748507e-25,0.0004957858205255329,0.0,0.0004955401387512388,0.0,1.0
YBL071W-A,0.0004957858205255329,0.0,4.323660793748507e-25,0.0004957858205255329,0.0,0.0004955401387512388,0.0,1.0
YAL021C,0.0019831432821021317,0.0005579196142000581,0.006749998477815216,0.172276575108754,0.0006692294517447551,0.0005197278921276845,0.0003932355665001586,19.0
YJL112W,0.005949429846306396,0.006339704439780694,0.05924875364092594,0.199293836220023,0.005906260136966824,0.0013292186989283296,0.0004580709147810968,60.0
YMR124W,0.0034705007436787306,0.006356045785578854,0.016422843007974086,0.19047652525850184,0.006562222731408202,0.0009249562441115613,0.0004190726962681779,39.0
YMR181C,0.0019831432821021317,0.0034215231293135205,0.004614267072651548,0.1670073922818544,0.0037281155002612024,0.0006051127178736634,0.00038127044333436007,16.0
YNR052C,0.0024789291026276646,0.0004892406407980935,0.010760369930006126,0.1750378493775026,0.0006033908902618324,0.000649565150249487,0.00039733690897963156,20.0
YAL024C,0.0004957858205255329,0.0,4.902950311163485e-05,0.12716467444125296,0.0,0.00023383946802905058,0.00021165395601993364,4.0
YHR158C,0.002974714923153198,0.003393719141705582,0.0006612127282481192,0.1506212666655029,0.003399588474397169,0.0011240357147131316,0.0003247076723004577,21.0
YAL027W,0.0004957858205255329,0.0,9.87901834157927e-21,0.0011267859557398477,0.0,0.0003119719774533388,0.0,2.0
YPL022W,0.001487357461576599,3.934808099408992e-06,1.9084797997004716e-20,0.0017706636447340465,3.934808099408992e-06,0.0008387327881342695,0.0,5.0
YAL028W,0.0004957858205255329,0.0,0.007581754182795855,0.17309799692306121,0.0,0.0001711641196001293,0.00026667172327412853,13.0
YDL239C,0.011898859692612791,0.0285072189356133,0.10227624169485963,0.21966319805771953,0.028502231534451087,0.002735105071520917,0.0004750754305372157,80.0
YAL032C,0.0039662865642042635,0.010801346699566082,0.02719024109980785,0.19145388485218856,0.01065452962795881,0.0009970735743542638,0.00043621901574139046,44.0
YDR416W,0.0039662865642042635,0.002785389314385006,0.0067283768182205056,0.1684736556030296,0.0028464546822219447,0.0011257172917575695,0.00040362038948893046,33.0
YDR448W,0.011403073872087258,0.014159208785934612,0.02846239335459448,0.1919189107190963,0.014866553319557661,0.002727841176461813,0.00047121215185642304,79.0
YDR532C,0.0019831432821021317,0.002345470508905596,0.004215589845405898,0.1639497688420548,0.0023919054902769112,0.0005486940657571675,0.00038631564303299586,19.0
YLR345W,0.005453644025780862,0.0061841941603546285,0.007004987351688586,0.17005196304886122,0.00622595558594076,0.0015746983430889583,0.0003893647393906129,34.0
YLR423C,0.0406544372830937,0.15323158610041307,0.18191431243739836,0.23446333672943884,0.14872031846663603,0.010201593267471647,0.0004885098376280426,93.0
YNL229C,0.006445215666831928,0.008153648392803964,0.07711812242475483,0.20090344841803096,0.007813527416124358,0.0013643329498209526,0.0004534346039397224,60.0
YPL151C,0.0009915716410510659,0.004839813962273061,0.0020270953701115985,0.15530586843831135,0.004839813962273061,0.00036240771603225424,0.00025474939306328236,7.0
YAL034W-A,0.0019831432821021317,0.0010903240682085388,0.013921347468585246,0.17943367033435145,0.0011123537050309019,0.00055653241381986,0.0003760989369433918,20.0
YGL172W,0.0019831432821021317,0.00043457429585050595,0.0037605589057351676,0.1639497688420548,0.00047232350637418984,0.0005383782850269013,0.00039082637150699714,19.0
YGR120C,0.010411502231036191,0.01869594602271895,0.07590011810121738,0.20939056213919796,0.018350204280676997,0.0024791804925785527,0.00046412959197950695,74.0
YJR112W,0.0004957858205255329,0.0,0.0010320102282547034,0.14710770519362118,0.0,0.00019255049096024836,0.00023234876423306163,3.0
YKL103C,0.009915716410510658,0.014778005655455886,0.10708720639438674,0.21193443611911564,0.0146320548683421,0.002204873206675803,0.0004658908683641573,73.0
YAL036C,0.0019831432821021317,0.0022513474109628244,0.016238270195974434,0.18765583349021445,0.0022522244167839504,0.000561953273834447,0.0003841023986962767,39.0
YDR152W,0.0009915716410510659,0.000809094915440974,0.0012106754374804542,0.15262361733018462,0.000809094915440974,0.0004020653295497991,0.00023548957864092244,4.0
YOR174W,0.005453644025780862,0.004005883870332636,0.007404246525461127,0.17240924863598445,0.004219346341318687,0.0014063683394620677,0.0004407241454089004,46.0
YAL040C,0.0004957858205255329,0.0,4.889359209462943e-05,0.12583048769301686,0.0,0.00022224955239675967,0.00022334742328973244,3.0
YJL013C,0.0024789291026276646,0.0029843346263110867,0.0006595395133717797,0.14875309591616334,0.003090591447465847,0.0008721132325947589,0.00035306626970318017,16.0
YAL041W,0.0004957858205255329,0.0,5.945877093855135e-23,0.0006610477607007105,0.0,0.0003840031352760571,0.0,2.0
YBR200W,0.0009915716410510659,4.91851012426124e-07,8.408740026333456e-23,0.0009915716410510659,4.91851012426124e-07,0.0007186141457016025,0.0,3.0
YAL044W-A,0.0019831432821021317,0.00029354780070263133,0.00024446156682105864,0.13108621607523713,0.0003658878527940689,0.0005975690492772662,0.00034528406567035263,11.0
YDR098C,0.0019831432821021317,0.000512914279193012,0.0005155066688240599,0.14080088638605398,0.0005469399301113814,0.0006180303781343399,0.00034562615815304223,11.0
YER174C,0.001487357461576599,0.00027130481895348504,0.00047374199637489504,0.13919590218890723,0.0003512510383189523,0.0004707369663351869,0.00032135506256268176,8.0
YNL218W,0.0024789291026276646,0.0014141476896842536,0.0014930938563906702,0.1499487001700106,0.0014361083113170105,0.0006230288924717615,0.00031825545649227023,11.0
YNL249C,0.0019831432821021317,0.00018472419523721714,0.0008152705902115833,0.14083041058114437,0.00022540339375638343,0.00044437346056518324,0.0003085694782895298,7.0
YAL046C,0.001487357461576599,0.0017928246013155162,0.0058222360637647675,0.163690038523392,0.001810334833934293,0.00043888431220060815,0.0003465701911722466,12.0
YKR034W,0.009915716410510658,0.018845532929813908,0.0775476044272239,0.20312119403038786,0.018634240178519768,0.0022277397580873523,0.0004658952015146092,72.0
YAL049C,0.0004957858205255329,0.0,0.0003943221594143034,0.1443723620080562,0.0,0.00020137243790823074,0.00024345159247250066,4.0
YNL094W,0.0034705007436787306,0.004979047570809203,0.005318694414343773,0.17538065754314597,0.005204214446235063,0.0010483600503409728,0.00040607607315025707,26.0
YAL054C,0.001487357461576599,0.004037604961006052,0.024101310395104207,0.17563290482779223,0.004037604961006052,0.0005610128324770569,0.0002715044274192564,39.0
YDR216W,0.0004957858205255329,0.0,0.0017867258430791038,0.1445432536449968,0.0,0.0002338396907944099,0.00018768130519412722,2.0
YLR049C,0.0009915716410510659,0.0024243336402483655,0.0017967078034552444,0.14463663789414827,0.0024243336402483655,0.00044826837390331633,0.000187892889090094,4.0
YNL189W,0.04015865146256817,0.1102454307700271,0.32157132834542607,0.22338939898934893,0.10797225566784455,0.009427933800099448,0.00048823805482270806,94.0
YAL055W,0.0009915716410510659,0.000809094915440974,0.001031616498951702,0.1540236734460446,0.000809094915440974,0.00042960557054743157,0.00025877219880015694,15.0
YDL100C,0.014377788795240456,0.024779428538193895,0.013836915628205323,0.18977683754209593,0.025071780942636557,0.004646919490451798,0.0004501660017309443,88.0
YGR133W,0.0004957858205255329,0.0,7.649160837815301e-05,0.12958136755961364,0.0,0.0002562151718096861,0.00018150787717635612,2.0
YAL060W,0.0004957858205255329,0.0,0.000405251097267627,0.14040351793905664,0.0,0.0002335240251422882,0.00022565551873234964,9.0
YER081W,0.008924144769459593,0.012628936566663407,0.005466761924149832,0.16955824995240532,0.012695889940527736,0.00317713878866343,0.00035886881863981743,71.0
YAL062W,0.0004957858205255329,0.0,4.05637928512578e-06,0.1071677402363934,0.0,0.0002500053177730746,0.0001844799259846454,2.0
YLR267W,0.001487357461576599,0.0009350480681210421,5.4727357938863526e-05,0.12335755864844843,0.0009644347031789999,0.0006181994036126614,0.00026485548044578806,6.0
YAR003W,0.0009915716410510659,0.0008090949154409739,2.1291597564065724e-05,0.11442545839704873,0.000809094915440974,0.0005057483286527757,0.00013651386607677963,4.0
YBR175W,0.0004957858205255329,0.0,1.5781188063838864e-06,0.10036165990159555,0.0,0.00028946516125892855,0.00011147944907130816,2.0
YDR140W,0.001487357461576599,0.004843748770372469,0.00028563044449842894,0.13304679636717065,0.004843748770372469,0.0006551849253873044,0.00017598621607432542,5.0
YAR007C,0.0004957858205255329,0.0,5.945877093855135e-23,0.0006610477607007105,0.0,0.0003840031352760571,0.0,2.0
YJL173C,0.0009915716410510659,4.91851012426124e-07,8.408740026333456e-23,0.0009915716410510659,4.91851012426124e-07,0.0007186141457016025,0.0,3.0
YAR014C,0.0004957858205255329,0.0,5.945877093855135e-23,0.0006610477607007105,0.0,0.0003840031352760571,0.0,2.0
YER133W,0.0009915716410510659,4.91851012426124e-07,8.408740026333456e-23,0.0009915716410510659,4.91851012426124e-07,0.0007186141457016025,0.0,3.0
YAR018C,0.0009915716410510659,0.0,4.323660793748507e-25,0.0,0.0,0.0004955401387512388,0.0,0.0
YAR027W,0.012890431333663856,0.010264040659418106,0.014930031451901565,0.17540355916988182,0.009837339281093264,0.002682496422184247,0.0004601246818127226,81.0
YAR028W,0.0019831432821021317,0.0,0.0015683546473952937,0.14712381775716923,0.0,0.0003646482657324599,0.0003319685197361464,17.0
YBR042C,0.0009915716410510659,0.0015529011240710945,0.0015137899477426207,0.15198466351244116,0.0014974848552535007,0.0003249105968155801,0.00032482233390606594,16.0
YDR100W,0.015865146256817054,0.04218008161836656,0.06196472616135227,0.19363420154576258,0.04127567786185035,0.0037073278785427475,0.0004648437471070107,87.0
YDR411C,0.0024789291026276646,0.0010449641020890172,0.003215085483502364,0.14739827237166192,0.0009953184778260925,0.0006145503809076146,0.0004037166880105604,34.0
YEL042W,0.0019831432821021317,0.0002511642942082475,0.003735770934264372,0.1521395918136771,0.000185915000985426,0.0004668754381832424,0.00039653769596413634,34.0
YER087C-A,0.0024789291026276646,0.0015109168252192997,0.0033664097063152874,0.1518128906106414,0.0013761483017089061,0.0006064740966832532,0.0004027781869579643,34.0
YGL104C,0.001487357461576599,0.0001637320450050406,0.0030320118129429884,0.15138515227352137,0.00011365380337674933,0.00036575929312672694,0.00037625199187756096,31.0
YGL225W,0.002974714923153198,0.00864727630317335,0.004200122424041852,0.170873992637445,0.009052218562320042,0.0007158885609437649,0.00041881266812363765,34.0
YGR284C,0.0009915716410510659,1.15026854785967e-05,0.002246063324332676,0.1458617066047296,1.047518980560597e-05,0.0002631411472815273,0.00033930123657268074,25.0
YJL097W,0.0034705007436787306,0.0010695851435378024,0.0046149443068314484,0.15250232244811024,0.0009094736311242931,0.0007892133685893792,0.0004211633759196837,35.0
YJL117W,0.0019831432821021317,0.00021920034398726786,0.0033464918178688725,0.151521766060119,0.0001512381228121271,0.00045968985076023775,0.00039638525165077907,34.0
YJR013W,0.0009915716410510659,2.3922105119607533e-05,0.0018122979717963771,0.14554561232234856,2.5271251719580817e-05,0.00026683373754249324,0.0003375303637190755,22.0
YJR044C,0.0009915716410510659,0.0,0.0012167000188141913,0.1446054964068204,0.0,0.0002776047964535249,0.00031908115391365095,16.0
YLR279W,0.0004957858205255329,0.0,0.0011085388504749937,0.14438788091185153,0.0,0.00016571759248597775,0.00026189501151680026,13.0
YLR350W,0.0019831432821021317,0.006741350283294714,0.006910641500180684,0.17695171336094784,0.00676203556458845,0.0005487261881373309,0.0003825268696360416,31.0
YML055W,0.0024789291026276646,0.0003172643901982279,0.004050250939190256,0.152277571264364,0.00023291748659287165,0.0005608059958167532,0.0004098877595336403,34.0
YMR071C,0.004462072384729797,0.00029091116873119707,0.007696064565136388,0.15407667539836603,0.0003933778356958339,0.00097427673090175,0.00043372852255668356,40.0
YNL219C,0.0024789291026276646,0.00033723928894581197,0.003603492206908945,0.1518128906106414,0.0003193297834383165,0.0005689486962004292,0.0004093797684704229,34.0
YNL263C,0.004462072384729797,0.00868233186980229,0.014472252203025173,0.17866991967583865,0.00860771275899899,0.0009745921692769629,0.00043909892105681937,43.0
YNL315C,0.002974714923153198,0.0025504532159321804,0.015846241777841087,0.1755181570786561,0.0027021099505531885,0.0006629693611955107,0.0004207087415482769,36.0
YOL129W,0.001487357461576599,0.0001324842073690804,0.0014560325656084111,0.14564029666301148,0.00017232267820049924,0.00039511331733134235,0.00035515907863487223,17.0
YPL020C,0.0034705007436787306,0.0013245925616181561,0.00942515113627586,0.16187520560652627,0.0013428710279074127,0.0007983675572784505,0.0004212287279639873,38.0
YPR113W,0.004957858205255329,0.018537936942604305,0.021769052755802334,0.18245591634378633,0.018576520685154963,0.0011534325225504413,0.0004430192299611259,52.0
YPR159C-A,0.0024789291026276646,0.0003172643901982279,0.004050250939190256,0.152277571264364,0.00023291748659287165,0.0005608059958167532,0.00040988775953364,34.0
YAR031W,0.0009915716410510659,0.0006274495887534434,0.0010672775630322143,0.1503178666207425,0.0006242986341188085,0.000362659861340407,0.000272501273795973,5.0
YBR217W,0.0024789291026276646,0.0054881361453320695,0.014297192346125153,0.18403075162665503,0.0054701141119365615,0.0007356700146673498,0.0003758754994092992,39.0
YCR030C,0.0009915716410510659,1.3577820448585619e-05,9.698692630196479e-05,0.13020942769706814,1.599950355837813e-05,0.00038390826097661166,0.0002496444973869792,5.0
YAR033W,0.0019831432821021317,0.0016172061288570957,0.0017555352982373382,0.14919920650038376,0.0016172061288570957,0.00046385536607101475,0.00025652612993366363,7.0
YGL051W,0.0019831432821021317,0.000809094915440974,0.00014151573853198547,0.12617325344006716,0.000809094915440974,0.0005653077246600771,0.0001804650756866193,3.0
YAR035W,0.0004957858205255329,0.0,4.323660793748507e-25,0.0004957858205255329,0.0,0.0004955401387512388,0.0,1.0
YER024W,0.0004957858205255329,0.0,4.323660793748507e-25,0.0004957858205255329,0.0,0.0004955401387512388,0.0,1.0
YAR066W,0.0004957858205255329,0.0,5.945877093855135e-23,0.0006610477607007105,0.0,0.0003840031352760571,0.0,2.0
YDR074W,0.0009915716410510659,4.91851012426124e-07,8.408740026333456e-23,0.0009915716410510659,4.91851012426124e-07,0.0007186141457016025,0.0,3.0
YBL001C,0.0009915716410510659,0.0,4.323660793748507e-25,0.0,0.0,0.0004955401387512388,0.0,0.0
YBL006C,0.0004957858205255329,0.0,0.0001790585611080625,0.13412286132031503,0.0,0.00021539869767786882,0.0002280239978452795,4.0
YDR489W,0.0034705007436787306,0.0038030372552097843,0.0024147271888575457,0.1604827307195884,0.004017091258515837,0.0011604401112628399,0.00036489647432506124,23.0
YBL007C,0.0004957858205255329,0.0,0.00016956783732184098,0.13189713826816132,0.0,0.00021913565195793178,0.0002106346908272147,3.0
YHR016C,0.0019831432821021317,0.00499094746487494,0.002287338934600221,0.1573065295846065,0.005020925557349948,0.0006797514703868157,0.000322314886523449,13.0
YBL010C,0.0004957858205255329,0.0,0.00015659415736480193,0.13201380404156807,0.0,0.00022734832347098957,0.00019919930959383757,2.0
YKR022C,0.001487357461576599,0.0014951007712524342,0.0021116915597263553,0.15747250364864654,0.001516679569558226,0.0005401169079518628,0.0002962877175234587,10.0
YBL014C,0.0004957858205255329,0.0,0.0025329686107931093,0.1589633675885154,0.0,0.00017762405451321385,0.0002544410991038644,5.0
YJL025W,0.0039662865642042635,0.00478487854530173,0.03416730567171609,0.19739022132593018,0.00484524863123884,0.0009730870547249808,0.0004376017769127903,44.0
YBL016W,0.0009915716410510659,0.0,0.01826628461163207,0.1704619868176339,0.0,0.0002660051519868385,0.0003407197268814776,19.0
YDR480W,0.007436787307882994,0.005155665577211138,0.09440594235419539,0.20841589699347635,0.0051105666792997375,0.0015502988055368359,0.00045075615090866053,63.0
YPL049C,0.014377788795240456,0.037155134069367116,0.15199123612750018,0.2147466756391615,0.03542304209372806,0.0032111274613940977,0.00047271869991763525,82.0
YBL020W,0.0009915716410510659,7.0990468174909e-05,0.0019234729624679951,0.15006596538073455,5.579958329866043e-05,0.00027437272145343497,0.00033988242008785936,27.0
YDR479C,0.01834407535944472,0.017501634133514375,0.015313940511373724,0.17196779620060876,0.016946953996386377,0.0042303903516973775,0.000464455523458416,89.0
YIR038C,0.025780862667327712,0.0280885184675038,0.010558547542661978,0.17128799491493943,0.02788762445970614,0.006139321429989983,0.00046571479953586595,92.0
YBL021C,0.0009915716410510659,0.0,0.0011651709084961861,0.1522603101476938,0.0,0.00033469340673785873,0.0002898876200447398,7.0
YGL237C,0.002974714923153198,0.0042457582799070815,0.0142652362971082,0.18713296964655265,0.004183457694721855,0.0008957056590978969,0.00038099830457301705,39.0
YOR358W,0.001487357461576599,3.784261217641027e-05,0.001448752905327128,0.15708577430978304,4.8785161783013386e-05,0.0004708376943183903,0.0003325005521551394,12.0
YBL023C,0.0034705007436787306,0.0036024910615671943,0.03958954616822819,0.19153578441793168,0.00354498295859639,0.0009813974873662868,0.00040151293293574355,48.0
YDR122W,0.0009915716410510659,4.379591283740762e-05,0.006957417443485722,0.1688973288221998,8.300211972467054e-05,0.00029676315231946863,0.00033220192523075156,11.0
YDR473C,0.002974714923153198,0.011647733211875115,0.027462300094368904,0.18948236085808365,0.011444729260781918,0.0008184931615776163,0.00041430854799504605,39.0
YLR096W,0.0004957858205255329,0.0,0.0029349632131997986,0.15514442782662913,0.0,0.00019354490313924362,0.00024180406339289613,4.0
YLR291C,0.0451165096678235,0.18151976215555363,0.46546688225526733,0.24498275690734178,0.17092484760165638,0.010066154733762652,0.0004908147587111526,95.0
YMR314W,0.004462072384729797,0.004852806856511036,0.024747992849679386,0.17991433915389163,0.004814495131891204,0.0010764043963514731,0.00044205699685641943,44.0
YPL144W,0.0009915716410510659,1.5857972187504502e-05,0.0035777965151560934,0.15924605288950267,1.777836471998594e-05,0.000328434860148105,0.000298936571361521,6.0
YPR019W,0.0004957858205255329,0.0,0.0029349632131997986,0.15514442782662913,0.0,0.00019354490313924362,0.00024180406339289624,4.0
YBL025W,0.0004957858205255329,0.0,1.2051573189318613e-07,0.09035047125330968,0.0,0.0002985279456693021,0.0001071676805757425,2.0
YMR270C,0.0009915716410510659,0.000809094915440974,1.6247499729604266e-06,0.10159132174579905,0.000809094915440974,0.0005294447667487996,0.00013010378549911867,3.0
YBL026W,0.001487357461576599,0.0009379679785975683,0.004410453665599733,0.15870043196159675,0.0009312584620704092,0.00048464333677717677,0.00032382433943292774,10.0
YCR077C,0.0019831432821021317,0.0008774526644007915,0.0011221786335867342,0.14016909695533286,0.0008940629660603634,0.0006699205408506743,0.00031450865581435184,10.0
YGR158C,0.001487357461576599,0.0008803909548819016,0.0008509053837613187,0.1436313575837206,0.0008939783185621489,0.000538329325743621,0.0003008649421420489,8.0
YLR438C-A,0.005949429846306396,0.00874734470228361,0.05752050913623106,0.19560804661758482,0.008668179029285832,0.0014931686400538487,0.00039293154528724473,56.0
YBL033C,0.0019831432821021317,4.91851012426124e-07,3.275324590478889e-20,0.0009915716410510659,4.91851012426124e-07,0.0008540155529575092,0.0,3.0
YNL105W,0.0004957858205255329,0.0,1.6376622952394445e-20,0.0006610477607007105,0.0,0.0003163024316481035,0.0,2.0
YPR172W,0.0004957858205255329,0.0,1.6376622952394445e-20,0.0006610477607007105,0.0,0.0003163024316481035,0.0,2.0
YBL035C,0.0004957858205255329,0.0,1.0324735170905145e-05,0.10867641230768244,0.0,0.0002636787410968267,0.00015154972779110246,2.0
YNL102W,0.0009915716410510659,0.000809094915440974,0.00013928528809143036,0.12536075185468548,0.000809094915440974,0.00044589814971665755,0.00020187769671526327,4.0
YBL037W,0.001487357461576599,0.0008674354461882587,0.008426941145811662,0.16923780472759922,0.0009635121152921694,0.00044274083277378885,0.00034631975164460695,13.0
YFR043C,0.001487357461576599,0.0008449613746472332,0.0008183155031170087,0.14839156607633175,0.000993633423428542,0.0004928028951406876,0.0003306993821252373,9.0
YJR058C,0.0009915716410510659,2.2404505614187597e-05,0.005767980996506624,0.164754134198817,2.9613529706489547e-05,0.00030655845667416286,0.0003106226889807833,7.0
YBL039C,0.0004957858205255329,0.0,4.496524285476142e-22,0.0004957858205255329,0.0,0.0003477474659685757,0.0,1.0
YJR103W,0.001487357461576599,0.0,7.275529125139733e-22,0.0004957858205255329,0.0,0.0006433328115339021,0.0,1.0
YBL042C,0.0004957858205255329,0.0,5.945877093855135e-23,0.0006610477607007105,0.0,0.0003840031352760571,0.0,2.0
YER021W,0.0009915716410510659,4.91851012426124e-07,8.408740026333456e-23,0.0009915716410510659,4.91851012426124e-07,0.0007186141457016025,0.0,3.0
YBL043W,0.0009915716410510659,0.0002367251943355638,0.00046794718704439833,0.14121535493302723,0.00026239386382135085,0.0003584329205732785,0.0002905630671582895,6.0
YBL101W-A,0.0019831432821021317,0.002041470195173478,0.005841944620907421,0.1625215312913436,0.002017853244408179,0.0006539307817431704,0.0003291197379711586,13.0
YDR099W,0.002974714923153198,0.0033986941775324036,0.0004706519607241035,0.1464181879357919,0.0035732253710919464,0.0010161922506723496,0.00034396929989859333,16.0
YBL045C,0.0004957858205255329,0.0,0.0007125230099409345,0.1410226200654021,0.0,0.00020791072409458025,0.00021785875187291782,2.0
YPR191W,0.001487357461576599,0.0008090949154409741,0.009611199906468833,0.1704619868176339,0.000809094915440974,0.00047174970880105326,0.0003395435816674484,16.0
YBL046W,0.0004957858205255329,0.0,4.2037911130992286e-05,0.12878623740392667,0.0,0.00023068051520257215,0.00021571468210879215,3.0
YNL201C,0.0024789291026276646,0.0030824955676290507,0.0005669447102137509,0.15290158863095674,0.003019221437285024,0.0009180323829121297,0.00033436394658163573,19.0
YBL047C,0.0009915716410510659,0.0001942394451112643,0.00024051898425222535,0.1374721580312102,0.00019981208285569136,0.0003661337380322645,0.00027259684977957923,5.0
YGR241C,0.002974714923153198,0.002767746300488878,0.0031466566671956163,0.1649564602877263,0.0027836795776922073,0.0009067042759422553,0.000376239412525045,22.0
YBL051C,0.0009915716410510659,0.0008090949154409739,1.5957009999713706e-06,0.10040667185849567,0.000809094915440974,0.0005380759726913662,0.00011155406498554565,3.0
YIL151C,0.001487357461576599,0.0024253173422732173,2.141054343884231e-05,0.11446446153582913,0.0024253173422732178,0.0007264743599588586,0.00013658845094678026,5.0
YKR096W,0.0004957858205255329,0.0,1.1829240614677046e-07,0.0894122649352962,0.0,0.0003027983581884978,9.42572524384642e-05,2.0
YBL056W,0.0004957858205255329,0.0,5.945877093855135e-23,0.0006610477607007105,0.0,0.0003840031352760571,0.0,2.0
YDR071C,0.0009915716410510659,4.91851012426124e-07,8.408740026333456e-23,0.0009915716410510659,4.91851012426124e-07,0.0007186141457016025,0.0,3.0
YBL057C,0.0004957858205255329,0.0,0.00035331582546994797,0.13829305632893596,0.0,0.0002166838923357685,0.0002055565530065552,2.0
YMR276W,0.001487357461576599,0.0014354106640194024,0.004766713217830213,0.16648989292550262,0.001515352943293474,0.0005022539156440513,0.0003105743171009888,9.0
YBL058W,0.0019831432821021317,0.008859117578030063,0.03516018116874596,0.18985730828593003,0.008713345467591893,0.0005587157733264712,0.0003544191647937803,43.0
YDL190C,0.002974714923153198,0.003469937574268774,0.0032864307899697154,0.16183619953288614,0.0035117456528469997,0.0008702932454647636,0.00035251347615902355,18.0
YFL044C,0.001487357461576599,0.0003055382988174312,0.00290354249018607,0.15655483171596213,0.00030360626772206413,0.0004486973182474194,0.0003142482741594093,11.0
YNL155W,0.001487357461576599,0.0046038541952703755,0.002675240645751313,0.15646365243132848,0.004583139335971599,0.000491474732726935,0.0003127678044632879,11.0
YBL060W,0.0004957858205255329,0.0,4.323660793748507e-25,0.0004957858205255329,0.0,0.0004955401387512388,0.0,1.0
YOR094W,0.0004957858205255329,0.0,4.323660793748507e-25,0.0004957858205255329,0.0,0.0004955401387512388,0.0,1.0
YBL068W,0.0004957858205255329,0.0,1.4227102857872929e-06,0.10159132174579905,0.0,0.00028162545834997145,0.0001312142019622546,2.0
YOL061W,0.0009915716410510659,0.000809094915440974,1.918191653977019e-05,0.1160266438734521,0.000809094915440974,0.000486855283706257,0.00016733247539032153,4.0
YBL069W,0.0004957858205255329,0.0,0.004595075114515333,0.15651834725273306,0.0,0.00017592733888495074,0.0002634171167564622,16.0
YBL077W,0.0009915716410510659,0.0,4.323660793748507e-25,0.0,0.0,0.0004955401387512388,0.0,0.0
YBL078C,0.0019831432821021317,0.0016983280309374258,0.002876852283289839,0.15642721044869629,0.0017641115618358297,0.0007004709324809017,0.0002933287238239127,11.0
YHR171W,0.0024789291026276646,0.0020727573164574216,0.0013107634265963528,0.15051999732440105,0.0021217850543322125,0.0008915647098912037,0.00029284013231882164,13.0
YNL223W,0.0004957858205255329,0.0,0.00021324481050535228,0.13127838703312694,0.0,0.00022316384759540355,0.0001978574225016504,3.0
YNR007C,0.0009915716410510659,0.0,0.0003104495356683384,0.13754254107341338,0.0,0.00037474073729669,0.000249294759859012,6.0
YOL083W,0.002974714923153198,0.004304515319265709,0.036971274050096,0.19255167088918507,0.00437901946771137,0.0008861123565611431,0.0003794053704029023,47.0
YBL081W,0.0004957858205255329,0.0,4.496524285476142e-22,0.0007436787307882995,0.0,0.0003477474659685757,0.0,2.0
YDL167C,0.0009915716410510659,9.83702024852248e-07,7.275529125139733e-22,0.0011155180961824492,9.83702024852248e-07,0.0006433328115339021,0.0,3.0
YBL091C,0.0004957858205255329,0.0,0.0010538308063532658,0.1506550534009595,0.0,0.000194338185814331,0.00024192121689568916,4.0
YGR142W,0.0034705007436787306,0.004979140917512605,0.014215684181994752,0.18473943833351053,0.0050992701472238455,0.0009880388350062494,0.0004018360546654137,34.0
YBL091C-A,0.0019831432821021317,0.00025451815042881157,0.0033179978253657506,0.15107867012967663,0.0002236328708944488,0.0004810551216891761,0.0003953584381478108,34.0
YML029W,0.008924144769459593,0.006061499069372716,0.009306673979584446,0.16303440419018753,0.006019347455856291,0.002107576689337935,0.00043843531062329053,67.0
YPL094C,0.014377788795240456,0.012286925602196384,0.009469792894171006,0.16665514343957258,0.01242034167374821,0.0033232447078804087,0.00045233524691553776,84.0
YBL093C,0.0004957858205255329,0.0,0.0016321224665597405,0.1494981030743411,0.0,0.00020323109442573818,0.00026127583063405556,15.0
YML051W,0.014377788795240456,0.03670992180100442,0.022019205297844,0.18300278693773228,0.03635938698398329,0.004393171223971325,0.0004582168606087595,86.0
YBL101C,0.0004957858205255329,0.0,5.945877093855135e-23,0.0006610477607007105,0.0,0.0003840031352760571,0.0,2.0
YNL225C,0.0009915716410510659,4.91851012426124e-07,8.408740026333456e-23,0.0009915716410510659,4.91851012426124e-07,0.0007186141457016025,0.0,3.0
YFL002W-A,0.0009915716410510659,7.23481399822939e-05,0.0007824059691912834,0.14701110387686933,0.0001223642061603304,0.000353283220886232,0.0002792942640792192,6.0
YJL162C,0.0004957858205255329,0.0,0.0004330558147568032,0.1355439410820338,0.0,0.00021356112558626185,0.00021351973372181203,3.0
YBL102W,0.001487357461576599,0.0032324448536644873,1.1333972236391886e-05,0.11267850483373501,0.0032324448536644873,0.0007060735619895343,0.0001389385511653995,5.0
YGR068C,0.0009915716410510659,0.000809094915440974,8.453404788382936e-07,0.09902981835173658,0.000809094915440974,0.0005279597565629363,0.00011311671537176048,4.0
YLR453C,0.0009915716410510659,0.000809094915440974,8.453404788382936e-07,0.09902981835173658,0.000809094915440974,0.0005279597565629363,0.0001131167153717519,4.0
YOR036W,0.0009915716410510659,0.004035637556956347,0.00015115970488034097,0.130614591221602,0.004035637556956347,0.00042798530459475705,0.00017984232198415016,4.0
YBL105C,0.0004957858205255329,0.0,4.496524285476142e-22,0.0007436787307882995,0.0,0.0003477474659685757,0.0,2.0
YML109W,0.0009915716410510659,9.83702024852248e-07,7.275529125139733e-22,0.0011155180961824492,9.83702024852248e-07,0.0006433328115339021,0.0,3.0
YBR006W,0.0019831432821021317,0.0008090949154409739,1.4204229910985213e-05,0.11150925254216792,0.000809094915440974,0.0006778198701527136,0.00013244054675024154,3.0
YDR382W,0.0004957858205255329,0.0,1.0527700575650718e-06,0.0981112012360642,0.0,0.0002664027458797293,0.00010874816128182331,2.0
YKL023W,0.0009915716410510659,0.0016172061288570955,0.00017635503050747928,0.12912048987051378,0.0016172061288570957,0.00043507397916443336,0.0001692746881324545,3.0
YBR019C,0.0009915716410510659,0.0,4.323660793748507e-25,0.0,0.0,0.0004955401387512388,0.0,0.0
YBR029C,0.0009915716410510659,1.0095944129353215e-05,0.0011004284935361962,0.1420066028251353,8.105487691688795e-06,0.00027087972429139625,0.0003366232678706672,27.0
YIR033W,0.00842835894893406,0.002759780535166285,0.004226602699264542,0.15769434798344154,0.0029560301363072395,0.0018728076188719715,0.0004472648965773086,69.0
YBR030W,0.0004957858205255329,0.0,7.176490939617787e-08,0.08972282787542281,0.0,0.0003008601347939246,0.00010577565753936689,2.0
YLR244C,0.0009915716410510659,0.000809094915440974,9.67560316384682e-07,0.10079847336957488,0.000809094915440974,0.0005356713040252102,0.0001280578450922444,3.0
YBR034C,0.0009915716410510659,4.91851012426124e-07,8.408740026333456e-23,0.0009915716410510659,4.91851012426124e-07,0.0007186141457016025,0.0,3.0
YGR165W,0.0004957858205255329,0.0,5.945877093855135e-23,0.0006610477607007105,0.0,0.0003840031352760571,0.0,2.0
YIL061C,0.0004957858205255329,0.0,5.945877093855135e-23,0.0006610477607007105,0.0,0.0003840031352760571,0.0,2.0
YBR038W,0.0004957858205255329,0.0,4.323660793748507e-25,0.0004957858205255329,0.0,0.0004955401387512388,0.0,1.0
YPR106W,0.0004957858205255329,0.0,4.323660793748507e-25,0.0004957858205255329,0.0,0.0004955401387512388,0.0,1.0
YBR040W,0.0004957858205255329,0.0,0.002160278473221764,0.15136809286938865,0.0,0.00020659512215459396,0.00021691141968307854,3.0
YCL040W,0.002974714923153198,0.0025109273575526637,0.029141003347421795,0.18581276194811935,0.002548261546048442,0.0007782295240375549,0.00033724801560752786,39.0
YBR041W,0.0004957858205255329,0.0,4.535914617032855e-21,0.0009915716410510659,0.0,0.0003264936677862961,0.0,2.0
YDL153C,0.001487357461576599,2.4592550621306203e-06,8.381278351543058e-21,0.0015865146256817055,2.4592550621306203e-06,0.000882466196547653,0.0,5.0
YBR052C,0.0004957858205255329,0.0,0.004195361282635088,0.15734338246725488,0.0,0.00019376112997160247,0.00023120804064694214,3.0
YDR032C,0.0034705007436787306,0.0021123814415067946,0.0565916520858037,0.19489849914726567,0.0021063083025199265,0.0008429657320569683,0.0003731191394263074,48.0
YBR055C,0.0009915716410510659,0.0016172061288570957,0.000851221228419236,0.14120051047229631,0.0016172061288570957,0.00042585924369668713,0.00020548052224368923,4.0
YLR446W,0.0009915716410510659,0.000809094915440974,6.34533710388204e-05,0.12040520402679769,0.000809094915440974,0.0004984698752865469,0.00015361829490241757,3.0
YPR082C,0.001487357461576599,0.002980703241782493,0.01142019035213358,0.17063522054407457,0.0029525559542398364,0.0004921928209556364,0.0003100158699633487,17.0
YBR056W,0.0004957858205255329,0.0,4.323660793748507e-25,0.0004957858205255329,0.0,0.0004955401387512388,0.0,1.0
YFR007W,0.0004957858205255329,0.0,4.323660793748507e-25,0.0004957858205255329,0.0,0.0004955401387512388,0.0,1.0
YBR057C,0.004957858205255329,0.005450620707071061,0.00996214146530484,0.17777136793580664,0.0056425622244541335,0.001244364190836813,0.00042577196615880875,45.0
YCL055W,0.001487357461576599,2.45925506213062e-07,0.0008576864602961979,0.14602026917305738,2.45925506213062e-07,0.0004388859657349042,0.00031543999296998937,9.0
YDR206W,0.0024789291026276646,0.005494457317392931,0.002724482466039898,0.16857937451342306,0.0057457044877442425,0.0006510310764709284,0.00040939089624599,23.0
YER018C,0.0019831432821021317,0.0003979720749629416,0.0059251001362163516,0.17050526226490922,0.0005533404916639276,0.0005220984968008422,0.0003916455231863118,22.0
YGL036W,0.0009915716410510659,0.0,0.0008023048920056551,0.14600439740466903,0.0,0.0003044911827252367,0.0002962041382534969,9.0
YGL192W,0.0009915716410510659,0.0,0.0008023048920056551,0.14600439740466903,0.0,0.0003044911827252367,0.0002962041382534976,9.0
YHL004W,0.004957858205255329,0.015094680746802189,0.03739664802842113,0.19985723197782398,0.014640696945211876,0.00118464540986694,0.0004531598481799526,54.0
YJL058C,0.007436787307882994,0.007871288800237306,0.03935873741792048,0.1982935423860282,0.007926500163813344,0.001747339284950697,0.0004484405893764113,60.0
YJL085W,0.0004957858205255329,0.0,0.0007387082792604938,0.14598852908629006,0.0,0.00018014463720673256,0.00025039593454567803,6.0
YPL135W,0.0024789291026276646,0.00645748027989074,0.011599930578226454,0.1826792405987971,0.0068566729439502976,0.0006026104772880451,0.0004176657567773367,32.0
YBR059C,0.0024789291026276646,0.0006863455420299719,0.003617402746858492,0.1562816121143636,0.0007650800897463629,0.0005913287335775156,0.00032798898438835813,9.0
YER144C,0.002974714923153198,0.003185391791463494,0.04350098339198427,0.1909096725586917,0.003248086958994854,0.0007931430310575292,0.00041213901174539383,48.0
YGL213C,0.001487357461576599,0.0008236727377216572,0.0008766329405227505,0.13961547200113864,0.0008411165530893147,0.0005258489908654291,0.00028657175456988797,7.0
YML014W,0.0009915716410510659,6.909580376045792e-05,0.0008019301389373867,0.1478688304846934,8.36727378569636e-05,0.000306198789077526,0.0003070275209836922,7.0
YBR072W,0.002974714923153198,0.0004885524810861107,0.06005526076106105,0.1964663530968195,0.00042332317727696744,0.0005391834237838737,0.00040939089683762216,48.0
YBR261C,0.020823004462072383,0.04306488085334644,0.21521805497326424,0.20802856684574184,0.04176400932737402,0.004399699748049271,0.00048386801752287625,90.0
YML064C,0.010411502231036191,0.009167548232522674,0.11106377001377447,0.2074182297904501,0.009094330562566857,0.0021852931217186066,0.00046952041264651414,77.0
YBR077C,0.001487357461576599,0.002425317342273217,0.002943196667855006,0.156829008303906,0.0024253173422732178,0.0006262772318481363,0.0002214990958168401,6.0
YGR201C,0.0004957858205255329,0.0,0.00021815983622652785,0.13156125916973116,0.0,0.0002519057673991672,0.00016234580293575696,2.0
YKR007W,0.0009915716410510659,0.0008090949154409738,0.00021936517255291172,0.13158703527850263,0.000809094915440974,0.0004934105382855758,0.00016239853237602533,3.0
YMR004W,0.0024789291026276646,0.006441036731366277,0.03926409497455139,0.19394173492967876,0.006252739758090365,0.0006041877892056062,0.0003477424938205745,43.0
YBR080C,0.004462072384729797,0.01437934482175644,0.10353039275042834,0.21090288210440492,0.013463481563392611,0.0009020012269065052,0.0004380621702534834,58.0
YIL046W,0.0019831432821021317,0.0072610473885313795,0.007811961234482144,0.16881242379325814,0.007207484396208799,0.0007077295731625562,0.00031424730374114164,12.0
YJL030W,0.005949429846306396,0.017359550479550286,0.018294802428018685,0.1825302970679379,0.016792930208270624,0.0016061274474114954,0.000444450081795142,55.0
YNL288W,0.005453644025780862,0.011165819416154505,0.06636278344121027,0.19841070252924004,0.010833351312264008,0.001254397820953718,0.00045524933052516086,58.0
YPL070W,0.014873574615765987,0.01955203939444079,0.19843372790259348,0.2156776583370191,0.019761967415411145,0.0029974657713466055,0.0004778709677268763,85.0
YBR087W,0.0009915716410510659,0.0,0.00016207413161921843,0.13835003152981304,0.0,0.0003241785047252586,0.0002955036500935339,7.0
YDR229W,0.0024789291026276646,0.004581246219161401,0.0017955448045097815,0.16499698515206426,0.0046880660901828216,0.0006868738056918793,0.00039091302477326444,21.0
YJR068W,0.0019831432821021317,0.0022695349718184783,0.000389758215737985,0.14448106444261105,0.002332759387790934,0.0006264885702499702,0.0003379602168589463,13.0
YBR088C,0.0004957858205255329,0.0,0.004626527964190474,0.16879121087244972,0.0,0.0001975795104846267,0.0002664651886350085,23.0
YDR510W,0.022806147744174516,0.06596389322291873,0.06240888991944668,0.21277371394312608,0.06724255009042149,0.006521527301045293,0.00047442034000390207,91.0
YBR094W,0.0009915716410510659,0.0,7.035122188841552e-05,0.13201380404156807,0.0,0.00031242746166925143,0.0002985126587507492,9.0
YLR264W,0.0019831432821021317,0.0022352938642716466,8.66945615035579e-05,0.13336382606463015,0.0021954195267152444,0.0005960145445157338,0.00033854257383234487,13.0
YOL149W,0.004957858205255329,0.009816449680087975,0.0008621209195812591,0.15734338246725488,0.009710031225062437,0.0013116294597697524,0.000410020125246995,39.0
YBR102C,0.0004957858205255329,0.0,0.013488869448762882,0.18215899866055804,0.0,0.00018142087576644543,0.0002708528467336622,39.0
YBR103W,0.002974714923153198,0.006546870235192366,0.0038958498539059462,0.16177772565614296,0.00646524893259633,0.0009462562516656519,0.00036137985037247626,21.0
YGR262C,0.0009915716410510659,0.00015015961681897876,0.000324024955173313,0.1367444218795638,0.00019111003452740113,0.0003421301883802157,0.0002930607341664926,6.0
YIL112W,0.0004957858205255329,0.0,0.00028890309539223195,0.13502618175743414,0.0,0.00020863640733200667,0.00022664577163187424,4.0
YJR141W,0.001487357461576599,0.0009731274857759261,0.0004686187276026389,0.14295875437664485,0.0009952066054529198,0.0005005313790079762,0.00031154692096662946,8.0
YMR061W,0.0009915716410510659,0.0032304774496147827,0.00029051890130132104,0.13513485474073994,0.0032304774496147827,0.00040907741251417987,0.0002270574645459286,5.0
YPL173W,0.0009915716410510659,0.0015038943013388022,0.013777772544155114,0.18275380355414353,0.0017768896163586367,0.00031572626228576625,0.00032965408298796104,39.0
YBR107C,0.0019831432821021317,0.0032771458307760755,0.008690922710759087,0.1704619868176339,0.003395399069584977,0.0006448878608382124,0.00035480336175240093,14.0
YDR421W,0.0004957858205255329,0.0,0.0006442060454311602,0.1410226200654021,0.0,0.0002112840054977237,0.0002240413089702093,3.0
YGL071W,0.0019831432821021317,0.0012092268551163966,0.0007672899294755202,0.14680223564185302,0.0012425388592357384,0.0006882732494921765,0.0003275525490827245,11.0
YHR113W,0.008924144769459593,0.01820010843483091,0.11340779427735168,0.21240361418769052,0.01743309818573373,0.002069879623923358,0.00045942706329430094,68.0
YBR108W,0.001487357461576599,0.0002715335545952977,0.0023865823301802026,0.1598715134638128,0.0002953091440750774,0.0004381763663452099,0.0003483687873057983,12.0
YCR009C,0.0019831432821021317,0.001076306168265335,0.0037588090689286723,0.16289600486574765,0.0011068154421365124,0.0006172557978492017,0.00035607635462077414,14.0
YDR388W,0.0039662865642042635,0.002871244890632476,0.004035095479679965,0.16719448047335758,0.003103985496189355,0.0010863433111488927,0.00041975644413942074,30.0
YGR136W,0.0019831432821021317,0.003112144823821696,0.024398427418330478,0.1776773090109729,0.0031840017251251107,0.0005514326495956527,0.0003773066592873145,39.0
YBR109C,0.0004957858205255329,0.0,4.496524285476142e-22,0.0004957858205255329,0.0,0.0003477474659685757,0.0,1.0
YGL106W,0.001487357461576599,0.0,7.275529125139733e-22,0.0004957858205255329,0.0,0.0006433328115339021,0.0,1.0
YBR111C,0.0009915716410510659,0.0,0.02259272047609863,0.1761626827702236,0.0,0.00025294022160479295,0.00034202043623253665,20.0
YLR245C,0.004957858205255329,0.004772695060342949,0.10634277769978982,0.2089996041890392,0.004338411694660288,0.0009608762100739718,0.0004436196466477188,58.0
YBR122C,0.0004957858205255329,0.0,8.065001422211662e-05,0.1283309884516055,0.0,0.00023245260380151813,0.00019759795244693186,2.0
YGR211W,0.001487357461576599,0.0012541593902370685,0.0010874692120489964,0.1522603101476938,0.0012804445481000967,0.0005581543891194234,0.00029275879974380395,7.0
YBR123C,0.0004957858205255329,0.0,0.013488869448762882,0.18215899866055804,0.0,0.00018142087576644543,0.0002708528467336622,39.0
YBR125C,0.0004957858205255329,0.0,5.945877093855135e-23,0.0006610477607007105,0.0,0.0003840031352760571,0.0,2.0
YBR126C,0.0019831432821021317,4.91851012426124e-07,3.275324590478889e-20,0.0009915716410510659,4.91851012426124e-07,0.0008540155529575092,0.0,3.0
YML100W,0.0004957858205255329,0.0,1.6376622952394445e-20,0.0006610477607007105,0.0,0.0003163024316481035,0.0,2.0
YMR261C,0.0004957858205255329,0.0,1.6376622952394445e-20,0.0006610477607007105,0.0,0.0003163024316481035,0.0,2.0
YBR126W-A,0.0004957858205255329,0.0,0.0007859484886103124,0.14158748351670233,0.0,0.00017694916665788544,0.0002636966064491657,26.0
YBR130C,0.0009915716410510659,0.0,4.323660793748507e-25,0.0,0.0,0.0004955401387512388,0.0,0.0
YBR131W,0.0004957858205255329,0.0,0.00025524989701235825,0.1331391075550555,0.0,0.00021970962350364125,0.00020381880820912387,2.0
YGL124C,0.001487357461576599,0.0008230514000696228,0.003443431269066622,0.1590763211893599,0.0008277955008092586,0.0005133057523890312,0.0003066244477501324,8.0
YBR133C,0.0009915716410510659,0.00010053772250525909,0.0007652475225939071,0.1477387215269418,0.00011348576564186317,0.00034151694394362296,0.00029853787332064023,6.0
YDL154W,0.002974714923153198,0.0021574338979949616,0.002178806631560169,0.1615442520893512,0.002219644839009803,0.0009256003068211676,0.0003724774688681741,19.0
YGL187C,0.0019831432821021317,0.0024801661366966117,0.008144238392362224,0.16636616994339298,0.0024237523300669125,0.000639795179984393,0.0003306360678274112,12.0
YBR134W,0.0009915716410510659,0.0019205746236486535,0.00011992973506418402,0.13598303868424325,0.0022920009944964867,0.00039997719109897067,0.00029725479474088014,11.0
YOR128C,0.005453644025780862,0.009189690481219988,0.0015455671966448032,0.15864420173886323,0.009649931939456036,0.0017330258869817294,0.00036141477598984097,34.0
YBR135W,0.002974714923153198,0.006197844146690032,0.005184029780060297,0.16477434447043118,0.0064410306216804245,0.001019841233528431,0.0003441485328132146,17.0
YBR160W,0.0004957858205255329,0.0,0.0003842530618715215,0.13710732429549402,0.0,0.0002186612809338504,0.0002197453451155842,4.0
YBR252W,0.0024789291026276646,0.006750259714054847,0.06342488560401477,0.20312119403038786,0.006810157983167019,0.0005239812900880863,0.0003752881053451272,48.0
YDL155W,0.0009915716410510659,0.00024964934530243336,0.0040647191927374576,0.15973842979224104,0.00028832326210750166,0.0003274763431644335,0.0003124508100522573,7.0
YER102W,0.0009915716410510659,0.0024268432175649055,0.0003890698962058224,0.1388362228550858,0.002436873639892066,0.0003683527489365097,0.00028585217648673973,7.0
YGR108W,0.0004957858205255329,0.0,0.0003842530618715215,0.13710732429549402,0.0,0.0002186612809338504,0.00021974534511558423,4.0
YPR119W,0.002974714923153198,0.0041456036055838846,0.001282046849885844,0.14282195174087772,0.004194795276075929,0.0011703620164581546,0.0002947500095294533,17.0
YBR137W,0.0024789291026276646,0.005366332283751888,0.03510183536786674,0.18908227141370426,0.005408202844740356,0.00048177912846962935,0.00038468355818787274,39.0
YMR047C,0.008924144769459593,0.021104172873468954,0.005815837093902913,0.18088344413182805,0.021556691374720476,0.0024938762410881884,0.00045088173797934884,70.0
YBR141C,0.0009915716410510659,4.91851012426124e-07,8.408740026333456e-23,0.0009915716410510659,4.91851012426124e-07,0.0007186141457016025,0.0,3.0
YDR372C,0.0004957858205255329,0.0,5.945877093855135e-23,0.0006610477607007105,0.0,0.0003840031352760571,0.0,2.0
YGL091C,0.0004957858205255329,0.0,5.945877093855135e-23,0.0006610477607007105,0.0,0.0003840031352760571,0.0,2.0
YBR150C,0.0009915716410510659,0.000809094915440974,0.0005520987012911333,0.14238291881735796,0.000809094915440974,0.00038548976932735435,0.0002556241794146861,8.0
YOL089C,0.0004957858205255329,0.0,4.0940865780621645e-05,0.12124203051926663,0.0,0.0002381031350632718,0.00017995343891070048,2.0
YBR152W,0.0004957858205255329,0.0,0.0001223419843940159,0.12641073368369612,0.0,0.000254356146719529,0.00018286975701906603,2.0
YGR075C,0.001487357461576599,0.0016176979798695216,0.0016502580293470878,0.14956468724228425,0.0016176979798695219,0.0006361287383586394,0.000261549176547472,15.0
YBR153W,0.0009915716410510659,0.0,4.323660793748507e-25,0.0,0.0,0.0004955401387512388,0.0,0.0
YBR154C,0.0004957858205255329,0.0,1.112145329412909e-07,0.0915388071502627,0.0,0.0002920295125102705,0.00011571221587147471,2.0
YFL023W,0.0009915716410510659,0.000809094915440974,1.4999950764351271e-06,0.10309620509041025,0.000809094915440974,0.0005113806850237152,0.00014291574045438856,4.0
YBR155W,0.0004957858205255329,0.0,0.000405251097267627,0.14040351793905664,0.0,0.0002335240251422882,0.0002256555187323503,9.0
YBR156C,0.0004957858205255329,0.0,4.323660793748507e-25,0.0004957858205255329,0.0,0.0004955401387512388,0.0,1.0
YPL209C,0.0004957858205255329,0.0,4.323660793748507e-25,0.0004957858205255329,0.0,0.0004955401387512388,0.0,1.0
YBR162W-A,0.0004957858205255329,0.0,0.0007037591213213835,0.13840705369633743,0.0,0.0001754471658692013,0.000259352936355452,14.0
YBR166C,0.001487357461576599,0.0,0.0372656614609089,0.18844563076921367,0.0,0.0002945512675597785,0.0002715599196608439,43.0
YBR170C,0.001487357461576599,0.0016172061288570957,0.0002986416968863146,0.13728949878607472,0.0016172061288570957,0.0005193595029416512,0.00028052922925706094,9.0
YDL126C,0.002974714923153198,0.0017540029346478521,0.0007200238946705581,0.1420066028251353,0.0018549775836289556,0.0009322981173099082,0.0003378928843434042,18.0
YGR048W,0.0009915716410510659,0.000809094915440974,2.2261180626621125e-05,0.11754970299492036,0.000809094915440974,0.00044541961221940767,0.0001920236843637383,4.0
YBR176W,0.002974714923153198,0.00029104191306216024,0.05177474835021775,0.1921385289834008,0.00029985884901466837,0.0005426888707979512,0.00040288482041065293,42.0
YLR347C,0.0019831432821021317,3.3364430545197274e-05,0.015634844511204726,0.16570940736774672,7.124316325972556e-05,0.00047506715352181643,0.00038724385584887235,17.0
YBR182C,0.0009915716410510659,0.0004419869467442114,0.016750920045032796,0.18342761929850537,0.00046292458480506085,0.00030992055174033917,0.0003418784434402247,39.0
YER125W,0.006941001487357461,0.00939277968543277,0.04400124836984927,0.19464432055107303,0.009483293608568717,0.0021129628928065586,0.00042646287490435004,64.0
YBR186W,0.0009915716410510659,0.000809094915440974,0.016041055869795935,0.16583215507690802,0.0008090949154409741,0.00035462321546398393,0.00026956508309828534,22.0
YLR032W,0.0004957858205255329,0.0,0.001189208206567326,0.13783893854519805,0.0,0.00022504809911053992,0.00018675254857513385,2.0
YBR187W,0.0004957858205255329,0.0,1.2646401269712825e-06,0.10458930593498053,0.0,0.0002703294006433623,0.00014996192541798944,2.0
YNR032W,0.0009915716410510659,0.000809094915440974,1.7050715545045356e-05,0.11995360386881183,0.000809094915440974,0.0004610001033419033,0.00019906997295798278,4.0
YBR188C,0.0019831432821021317,0.0014916752608827,0.0075383264187761515,0.17247566205995826,0.0015508432555482803,0.0005500985609815741,0.0003857096968158398,19.0
YLR117C,0.001487357461576599,0.0008212755009834159,0.0009825356694555783,0.14645011514641898,0.0008234815575544384,0.0005083433264014401,0.0003076529167059254,8.0
YBR190W,0.0004957858205255329,0.0,7.284230900522427e-05,0.12417864991429739,0.0,0.0002184199694690096,0.00020427272684726266,2.0
YBR193C,0.0019831432821021317,0.0018744402923295059,0.002128348858988312,0.16822047039736443,0.0020188376302194824,0.0006428980096989102,0.0003621490989111102,15.0
YER022W,0.002974714923153198,0.004319641829734602,0.005291737250526247,0.1666758228220567,0.0043213632778813325,0.0009373842983401964,0.0003820871438059481,20.0
YGL127C,0.004957858205255329,0.016917722085281955,0.015380802283298727,0.1926621423010549,0.01727783512993948,0.0013335873042071046,0.0004366263448283401,44.0
YGR104C,0.0004957858205255329,0.0,0.00015782149858389535,0.13948499025160488,0.0,0.00021102108422571363,0.00022694810739572164,3.0
YLR295C,0.0034705007436787306,0.004545881144822407,0.00787548213146159,0.1806887888247182,0.004691260346688379,0.0011803670012132013,0.00037300283758447497,29.0
YBR194W,0.0009915716410510659,0.005643006665564921,1.3050427244644996e-05,0.11603666690764988,0.005643006665564921,0.00043457239611067815,0.00019034501609031842,5.0
YMR070W,0.0034705007436787306,0.004847191727459453,1.0009789737121604e-06,0.10169130563426111,0.004847191727459453,0.0016613281626914023,0.00014520915812262197,25.0
YPR152C,0.001487357461576599,0.006504594576476751,0.00017500127798564003,0.13506691363730064,0.00653409246165092,0.0005431775171486874,0.00027604345917153804,8.0
YBR195C,0.0009915716410510659,0.000809094915440974,6.295360723638388e-05,0.12016822831660001,0.000809094915440974,0.0005115446419199621,0.00014207728110494144,3.0
YLR017W,0.0009915716410510659,0.0016172061288570957,0.0008445178605430005,0.14087472009679652,0.0016172061288570957,0.0004453555096676211,0.00018534228067983985,3.0
YPR018W,0.0004957858205255329,0.0,4.6662081108219535e-06,0.10475243360547103,0.0,0.00029187594529908183,0.00011516195888625819,2.0
YBR196C,0.0004957858205255329,0.0,0.00013371152404244256,0.1293567465449687,0.0,0.00021992318852108694,0.000230926193911749,5.0
YGL229C,0.0039662865642042635,0.005465293778643248,0.001803632866960655,0.153706425920924,0.005425144753909491,0.0013679689288815004,0.0003723856778389931,30.0
YBR198C,0.0004957858205255329,0.0,3.533473049206136e-05,0.1230186332194299,0.0,0.00021790226569718215,0.00021551736779664923,3.0
YGL112C,0.0019831432821021317,0.0011763746597219166,0.00047655343630131626,0.14483938496042215,0.0012509144400338315,0.0006739406603132062,0.00033389011978401446,11.0
YJL157C,0.0004957858205255329,0.0,5.945877093855135e-23,0.0006610477607007105,0.0,0.0003840031352760571,0.0,2.0
YBR201W,0.0004957858205255329,0.0,0.000690765741576372,0.13590049131150903,0.0,0.0001798972759919114,0.00025472267367761676,9.0
YBR205W,0.0009915716410510659,0.00040809268809767723,0.0007919839356274664,0.1418866014706829,0.00042746527959826536,0.00033727066553807943,0.00029752222743376414,26.0
YPR107C,0.0009915716410510659,7.683955004452718e-05,8.094795098571942e-05,0.12997004897174214,9.754691317895894e-05,0.00037682960201903995,0.00026000063981879195,5.0
YBR212W,0.0009915716410510659,9.83702024852248e-07,7.275529125139733e-22,0.0011155180961824492,9.83702024852248e-07,0.0006433328115339021,0.0,3.0
YPL184C,0.0004957858205255329,0.0,4.496524285476142e-22,0.0007436787307882995,0.0,0.0003477474659685757,0.0,2.0
YBR216C,0.0004957858205255329,0.0,7.331171485069576e-05,0.128934580161543,0.0,0.00020441957324125276,0.000228583327049465,3.0
YML007W,0.0019831432821021317,0.0013669452118178877,0.0009888307348323837,0.15311073248865326,0.0013961449453470758,0.0006117937010510381,0.0003663309250694391,18.0
YMR159C,0.0024789291026276646,9.94262593740341e-05,0.0018910888022351379,0.1535482917378778,0.00012536052679210834,0.0006026316923431899,0.00033513292914872056,11.0
YPL149W,0.0024789291026276646,0.0037061109678468364,0.006633130067611518,0.17146291244867948,0.003790062381576528,0.0007092528224980905,0.00037729803206585006,19.0
YBR221C,0.0009915716410510659,0.0002079169769828437,0.000602232313762078,0.1443258253060014,0.00023862124542797143,0.0003516044646917078,0.00030855556243914383,7.0
YKL117W,0.002974714923153198,0.0022869737262564693,0.0011185539443185218,0.15224305294377818,0.00236410633793472,0.0010110664949055015,0.00035280631003327075,17.0
YBR222C,0.0004957858205255329,0.0,5.945877093855135e-23,0.0006610477607007105,0.0,0.0003840031352760571,0.0,2.0
YDL006W,0.0009915716410510659,4.91851012426124e-07,8.408740026333456e-23,0.0009915716410510659,4.91851012426124e-07,0.0007186141457016025,0.0,3.0
YBR223C,0.0004957858205255329,0.0,0.004626527964190474,0.16879121087244972,0.0,0.0001975795104846267,0.0002664651886350085,23.0
YBR228W,0.0004957858205255329,0.0,6.985520948772015e-21,0.0009534342702414096,0.0,0.00032394381405972364,0.0,2.0
YLR135W,0.0009915716410510659,1.967404049704496e-06,1.3494990126796636e-20,0.0013771828347931474,1.967404049704496e-06,0.0005873242194001888,0.0,3.0
YBR233W,0.005949429846306396,0.006367609599926878,0.06733181700000458,0.19908706923417147,0.006176772167613172,0.0013932193386606644,0.00043309465708272793,58.0
YDR116C,0.0004957858205255329,0.0,0.004991683343166683,0.16006201812713952,0.0,0.00018200466832863824,0.0002529107456542735,6.0
YGL122C,0.006445215666831928,0.005963659899965452,0.01354370496677469,0.181543513464381,0.00599236069885492,0.0016015135662488865,0.0004320485700922196,45.0
YIL079C,0.001487357461576599,0.0009414629394969233,0.01948460079794961,0.18749866780052413,0.0009055515269742216,0.00040263703162645467,0.00037802203341239285,39.0
YKL074C,0.0009915716410510659,0.00013246484025052866,0.018480552791929564,0.1852745456721317,0.00014300879817112468,0.0002890945232823978,0.00034265707946507965,39.0
YMR294W-A,0.0004957858205255329,0.0,0.004991683343166683,0.16006201812713952,0.0,0.00018200466832863824,0.0002529107456542734,6.0
YNL075W,0.0004957858205255329,0.0,0.004991683343166683,0.16006201812713952,0.0,0.00018200466832863824,0.0002529107456542734,6.0
YBR234C,0.0009915716410510659,0.000809094915440974,0.0004332890829217961,0.1357494144641693,0.000809094915440974,0.0004707528225720246,0.000184216158700063,3.0
YDL029W,0.0004957858205255329,0.0,3.212200908789424e-05,0.11639865304358363,0.0,0.00027450241976122245,0.0001413746189110045,2.0
YDR063W,0.001487357461576599,0.0024253173422732178,0.005812964537059076,0.16277756375702312,0.0024253173422732178,0.0005761568675407677,0.00026417249433798506,12.0
YBR237W,0.0004957858205255329,0.0,5.945877093855135e-23,0.0006610477607007105,0.0,0.0003840031352760571,0.0,2.0
YDR073W,0.0009915716410510659,4.91851012426124e-07,8.408740026333456e-23,0.0009915716410510659,4.91851012426124e-07,0.0007186141457016025,0.0,3.0
YBR239C,0.0004957858205255329,0.0,5.945877093855135e-23,0.0006610477607007105,0.0,0.0003840031352760571,0.0,2.0
YPL133C,0.0009915716410510659,4.91851012426124e-07,8.408740026333456e-23,0.0009915716410510659,4.91851012426124e-07,0.0007186141457016025,0.0,3.0
YBR241C,0.001487357461576599,0.0001020540664284202,0.0022379529673938786,0.15020020755036956,8.258775268014172e-05,0.00036830327908694583,0.0003743682015356807,31.0
YBR242W,0.0009915716410510659,0.0,4.323660793748507e-25,0.0,0.0,0.0004955401387512388,0.0,0.0
YBR243C,0.0004957858205255329,0.0,0.0007859484886103124,0.14158748351670233,0.0,0.00017694916665788544,0.00026369660644916595,26.0
YBR244W,0.001487357461576599,0.0008492080522194909,0.0056426460699793395,0.16374990322113311,0.000968963296768768,0.00046456390660183595,0.00035405580306925425,13.0
YCR086W,0.010907288051561725,0.015080288365217607,0.06812923171551538,0.20150621904034727,0.01546440654869371,0.002773985327497295,0.00045602515837262587,75.0
YBR246W,0.0004957858205255329,0.0,0.00423210790297014,0.15840099718431072,0.0,0.00017458576653141652,0.0002531299457061517,5.0
YDR520C,0.004957858205255329,0.003030733607394129,0.057087261221516125,0.1965238414225245,0.0029977981604666754,0.0010617070131940767,0.000433737848130622,51.0
YBR247C,0.0004957858205255329,0.0,3.6568345478129516e-05,0.12143933244037203,0.0,0.00025291544026091387,0.00016550080071170523,2.0
YKL159C,0.0009915716410510659,0.0008090949154409739,0.0004932548310648305,0.1426551036664141,0.000809094915440974,0.000420314847314358,0.00022741399068332022,4.0
YBR249C,0.0004957858205255329,0.0,0.004626527964190474,0.16879121087244972,0.0,0.0001975795104846267,0.00026646518863500846,23.0
YBR253W,0.0004957858205255329,0.0,4.323660793748507e-25,0.0004957858205255329,0.0,0.0004955401387512388,0.0,1.0
YMR112C,0.0004957858205255329,0.0,4.323660793748507e-25,0.0004957858205255329,0.0,0.0004955401387512388,0.0,1.0
YBR254C,0.0009915716410510659,0.0,0.0006964863078970712,0.1416322707847907,0.0,0.00034045146240417866,0.0002584727405137896,6.0
YDR472W,0.0009915716410510659,0.0,0.0006964863078970712,0.1416322707847907,0.0,0.00034045146240417866,0.00025847274051378976,6.0
YKR068C,0.0024789291026276646,0.0019935845155619808,0.008699447921823675,0.17133169083200955,0.002081380496327013,0.0007143731824428303,0.0003606358813829582,19.0
YBR255W,0.0004957858205255329,0.0,3.46804586506208e-08,0.0882839603104144,0.0,0.0002987074989425935,9.416017946421285e-05,2.0
YIL106W,0.001487357461576599,0.0016176979798695219,4.6739748552699833e-07,0.09898603213875866,0.0016176979798695219,0.000788473813526842,0.00011141812177693754,5.0
YBR260C,0.0024789291026276646,0.0017465141776182832,0.006571846518965187,0.16027209833229386,0.001772818323008524,0.0008087541023795303,0.0003554441900842163,18.0
YDR239C,0.0004957858205255329,0.0,0.00048714047533482207,0.1339757087694948,0.0,0.0002119366010918096,0.00022429665755865992,3.0
YGR196C,0.0004957858205255329,0.0,0.00048714047533482207,0.1339757087694948,0.0,0.0002119366010918096,0.00022429665755865992,3.0
YMR032W,0.002974714923153198,0.0033102053449075215,0.038855550486300336,0.18929544195644799,0.003272488745775036,0.0009531885966767343,0.0003638700283259019,47.0
YCL028W,0.007436787307882994,0.020500518905612233,0.10941023738669041,0.21409634302246655,0.019026965349708023,0.0016263868080229832,0.0004528213723983876,63.0
YCR007C,0.002974714923153198,0.0022899301938640094,0.019124161249508876,0.16966533486458948,0.0024796364190876495,0.0007099923587602461,0.0004140120454954396,38.0
YDR256C,0.0039662865642042635,0.0028831306748194688,0.10299738669687836,0.20873977562128282,0.0026022221885136742,0.0007977178948028701,0.0004246992504919147,56.0
YER086W,0.004462072384729797,0.0034644497977694617,0.08176384651715012,0.1986160662609722,0.003322614200666524,0.000849793802619134,0.00043805316911304934,56.0
YFL059W,0.005453644025780862,0.0025212591099731782,0.07510006141617807,0.1920561132575,0.0025208468387453308,0.000951571834509183,0.0004280798673832671,58.0
YGL037C,0.0024789291026276646,0.0002141135124866802,0.05886138394506019,0.19123582803572822,0.0001858593010591295,0.00044457014863093897,0.0003874084714845113,48.0
YGR088W,0.001487357461576599,0.0006618923189158481,0.051253701680301356,0.19523843838996438,0.0006595927549815579,0.0003688344378997661,0.00038088365413830135,48.0
YGR267C,0.0039662865642042635,0.004002355479338522,0.08622164661453934,0.20586060630236855,0.003793666959832307,0.0008051134134518553,0.00042116732275983537,52.0
YHL018W,0.005949429846306396,0.006598424359943857,0.1058902227627704,0.20870734246783018,0.006274346890298863,0.00130448820123551,0.00044168893784667595,58.0
YHR074W,0.001487357461576599,0.0,0.01723026407636326,0.1657912189734578,0.0,0.0002840887063919054,0.0002694198307401617,22.0
YHR111W,0.0034705007436787306,0.001481714955692595,0.07173425871109713,0.19635147728737828,0.00154647270211789,0.0006864721314013958,0.00040563757938795957,50.0
YHR112C,0.002974714923153198,0.0006025631880953222,0.08593767306044173,0.20485594877580526,0.0004500937310718938,0.0005749058488322518,0.00040451069717514906,50.0
YIL074C,0.002974714923153198,0.008716734601017904,0.05567245809022733,0.1976516268574095,0.00852825384861821,0.0006662969452529795,0.00039190584223343865,48.0
YJL151C,0.0024789291026276646,0.0021505416069707664,0.017465559192615585,0.16752811874818596,0.0020744919993399965,0.000665439636904489,0.00038818986973163,34.0
YJL199C,0.002974714923153198,0.000637197707438627,0.0891320688376521,0.20482471121118556,0.0004269977275293919,0.0005370133256504328,0.0004099136599817069,51.0
YJL218W,0.004462072384729797,0.004422221187705226,0.10675717614802474,0.20668417543052084,0.0039378142688458765,0.0008893945288941543,0.00043217004240197516,58.0
YKL151C,0.0009915716410510659,3.2746705865993966e-05,0.030662129685212498,0.17952959851950748,2.946132236329694e-05,0.0002511973892078976,0.00034828913958889676,34.0
YLL001W,0.002974714923153198,0.0006064242193270612,0.061868993123563545,0.19773891596098264,0.0006395671827535323,0.0005402561063770445,0.0004070728483291692,48.0
YLR098C,0.004462072384729797,0.005013798781436307,0.031506825110073355,0.19211104921666977,0.005138892576959048,0.001132918656565008,0.0004333030508293704,51.0
YML042W,0.004957858205255329,0.0050225966655403865,0.10761426928002783,0.20773901270073536,0.004648412151229823,0.000982029981877442,0.0004395792219331134,58.0
YMR021C,0.0034705007436787306,0.0023331996208130566,0.022835855806157518,0.1802039785515099,0.0025011088139727435,0.000752755942082982,0.0003978475134216554,34.0
YMR095C,0.004957858205255329,0.004935704782743453,0.08058347293600024,0.20232572015709518,0.004891925173372772,0.0010178907679753322,0.00043700362596900725,58.0
YNL044W,0.007436787307882994,0.018050055408490747,0.11942711467366168,0.21267264979780792,0.017964842421839468,0.0014857055291700996,0.0004581681594323241,65.0
YNL239W,0.0004957858205255329,0.0,0.015952910425554072,0.1657912189734578,0.0,0.00016335709439221493,0.0002694198307401617,22.0
YOL143C,0.002974714923153198,0.001740346942568791,0.055150559309807466,0.1947854489737464,0.0017008461301725034,0.0007111098573777776,0.00035046741573680547,48.0
YOR095C,0.0034705007436787306,0.001350476213960502,0.08726494165014807,0.20614494415637738,0.0010968313739761542,0.0006389249881828173,0.0004216079121707978,52.0
YOR108W,0.0019831432821021317,0.0024243336402483655,0.017342097338181175,0.16591408795985116,0.0024243336402483655,0.00044691585261406164,0.00026985605818127817,22.0
YOR192C-A,0.0024789291026276646,0.0021226270176566645,0.05488447986722356,0.19529521025341015,0.002197458418339794,0.000473285396377563,0.0003783193088202651,48.0
YOR284W,0.007932573128408527,0.017278730048268156,0.11214047795901005,0.21193443611911564,0.016840669419550616,0.001727576121576823,0.00045932327608836515,65.0
YPL069C,0.0009915716410510659,0.0001226489626992685,0.05045596140264932,0.19467252987289202,8.314815030298192e-05,0.00025838925458629983,0.0003502219329852299,48.0
YPL088W,0.005453644025780862,0.007447999984734827,0.104295228951629,0.20674779992657458,0.007068115423689576,0.0011008071960317714,0.0004418198253759344,58.0
YBR264C,0.0004957858205255329,0.0,0.00013042464892460388,0.1277573193953733,0.0,0.0002201597749259146,0.00022304249089366142,4.0
YOR370C,0.0034705007436787306,0.007957056981829394,0.0017592790020331684,0.15145342835978745,0.007970057660084538,0.0012015173521615968,0.0003523048749231661,24.0
YBR270C,0.004462072384729797,0.004793515988809407,0.025012779211939805,0.18916215408012324,0.0048601087846167935,0.0011332332092006579,0.00043783612530669844,44.0
YDR259C,0.004462072384729797,0.007425955979090533,0.02238157514024189,0.19208357730915987,0.007665154105465637,0.0011700390227874422,0.0004394433977465768,44.0
YER093C,0.0004957858205255329,0.0,0.0018545059545340456,0.15358340454184255,0.0,0.00018136471534983936,0.00025452030928712504,5.0
YIL105C,0.004957858205255329,0.0053384375168103165,0.020011796198286573,0.18961610052554417,0.005385335766312237,0.0011958218894814166,0.0004081072496376299,39.0
YKR026C,0.0039662865642042635,0.006509642844573455,0.04160323712386724,0.19282808729873027,0.006414436121590474,0.0009205023402784548,0.00041102620948088695,47.0
YMR236W,0.0019831432821021317,0.0018652786175671378,0.0030756098283689355,0.15918943542580646,0.001987866593572816,0.0005883064244884695,0.0003827052164360174,16.0
YNL047C,0.0039662865642042635,0.002626536196091845,0.004569949785792722,0.16010017355458342,0.0026705163260210326,0.0011337871150250958,0.00039808247629085605,30.0
YPL124W,0.004462072384729797,0.004926324739850625,0.049645747476508635,0.19371797751989545,0.004888448188302413,0.0010242068837381774,0.00041718578664088057,48.0
YPL255W,0.0019831432821021317,0.0009595943335589713,0.012292081707874384,0.179409704303854,0.0009692306072125118,0.0005095685516888736,0.0003926370352123383,25.0
YBR273C,0.0009915716410510659,0.0005523050196448097,0.0004825150501850678,0.14288272057472132,0.0005599493661114798,0.0003018482649845133,0.0003119472385657109,8.0
YBR274W,0.0009915716410510659,0.000145593184942669,0.003301662113042969,0.15617259110835424,0.0001846368038361592,0.00030423281161922797,0.00031198148466495435,7.0
YLR258W,0.0039662865642042635,0.0033633978722183997,0.04308271232825671,0.19074701166187943,0.003386999848621319,0.000835268544196148,0.00039259100360171444,48.0
YMR255W,0.0019831432821021317,0.0006963890775176578,0.0014536870843876418,0.15205348156248075,0.0007803746408937387,0.0006056620740843613,0.0003643193721630799,13.0
YBR276C,0.0004957858205255329,0.0,0.000405251097267627,0.14040351793905664,0.0,0.0002335240251422882,0.00022565551873234997,9.0
YBR278W,0.0004957858205255329,0.0,9.568871292586816e-07,0.10075310952017363,0.0,0.0002869920967204096,0.00012795952776393767,2.0
YDR121W,0.0009915716410510659,0.000809094915440974,1.2906077952681051e-05,0.11493458168246384,0.000809094915440974,0.0004979222776800798,0.00016207531579785946,4.0
YBR279W,0.0004957858205255329,0.0,4.323660793748507e-25,0.0004957858205255329,0.0,0.0004955401387512388,0.0,1.0
YOR123C,0.0004957858205255329,0.0,4.323660793748507e-25,0.0004957858205255329,0.0,0.0004955401387512388,0.0,1.0
YBR281C,0.0009915716410510659,1.475553037278372e-06,6.4147545816526015e-21,0.001322095521401421,1.475553037278372e-06,0.000610559073730761,0.0,3.0
YNL287W,0.0004957858205255329,0.0,3.4716411627375345e-21,0.000881397014267614,0.0,0.0003316880879051883,0.0,2.0
YBR284W,0.0009915716410510659,0.000809094915440974,0.0012057478580603236,0.1413044872841316,0.000809094915440974,0.00045203203559841896,0.00018619841163753053,4.0
YDL238C,0.0004957858205255329,0.0,8.937495907065173e-05,0.1204591925498121,0.0,0.000266465894708445,0.00014253917676727273,2.0
YML035C,0.002974714923153198,0.004039572365055756,0.016175975754259074,0.17083052983885985,0.004039572365055756,0.0008893514778873704,0.0002682680413107784,20.0
YBR288C,0.0004957858205255329,0.0,0.0026036365812265043,0.15804688270654843,0.0,0.00017628109334096959,0.0002520785024314639,4.0
YGR261C,0.0034705007436787306,0.0027939162965588626,0.03512019677147951,0.19597905691901882,0.002619880713855695,0.0008395766680543827,0.0004306598509500227,44.0
YBR289W,0.0004957858205255329,0.0,0.0009714608374136901,0.14757640695703747,0.0,0.00021023393981213186,0.0002202082499779222,2.0
YPL129W,0.001487357461576599,0.0013866727538808504,0.013105768084980539,0.18013148130923362,0.0014078011963665333,0.0004798417892993272,0.00034528527624834855,23.0
YCL010C,0.0004957858205255329,0.0,0.0017282388744403801,0.15701232684078958,0.0,0.00018900760428544822,0.00023641340644810503,3.0
YDR176W,0.0019831432821021317,0.0011539526245639992,0.023309327762487647,0.19439080406989218,0.0011517348922615107,0.0005397739864737484,0.0003868653693124668,39.0
YCL019W,0.0009915716410510659,0.0,3.06037591630429e-05,0.11961179484621148,0.0,0.0003822203308198651,0.00016652062145042551,5.0
YDR261W-A,0.0024789291026276646,0.0016172061288570957,0.0003822224684529472,0.14012523014009545,0.0016172061288570957,0.0006843972239495339,0.00020369659458591434,7.0
YDR261W-B,0.0009915716410510659,0.0,3.06037591630429e-05,0.11961179484621148,0.0,0.0003822203308198651,0.00016652062145042551,5.0
YCL020W,0.001487357461576599,0.0028519518465659967,0.004712867140355596,0.16906739535845877,0.002921619030433772,0.0004930051891980943,0.00030597299937788324,23.0
YCL021W-A,0.0004957858205255329,0.0,0.0007037591213213835,0.13840705369633743,0.0,0.0001754471658692013,0.0002593529363554527,14.0
YCL024W,0.0004957858205255329,0.0,8.581840559471832e-05,0.1273455115778304,0.0,0.0002129942424064185,0.00023584275279617806,7.0
YCR060W,0.001487357461576599,0.0015709578284043492,0.008843632765743433,0.1703538942451433,0.0015780047058856208,0.00044344793927559336,0.00034518677104639745,11.0
YHR034C,0.0009915716410510659,0.0,0.00876643532333783,0.16981548117862894,0.0,0.00029864236383444803,0.00031506869245925855,10.0
YKL040C,0.0004957858205255329,0.0,0.008110914979009013,0.16962248467268026,0.0,0.00017308315973801983,0.0002595126752905464,7.0
YOL111C,0.0024789291026276646,0.002379146900143857,0.0182566247477766,0.1797217629278773,0.002425803838052681,0.0006199273677191073,0.00040872483423032193,25.0
YOL123W,0.0009915716410510659,0.0001476801735530219,0.009114962985029063,0.17216616971583631,0.00016687323229180062,0.0002866256680820766,0.00033709248210506327,11.0
YOR007C,0.0019831432821021317,0.0,0.010221871433241297,0.1722544827036362,0.0,0.00038842097094844876,0.00033022992338878647,11.0
YCL029C,0.0004957858205255329,0.0,1.6690911948182477e-05,0.114415711765158,0.0,0.0002487915116028498,0.00016233317609647794,2.0
YER016W,0.0009915716410510659,0.000809094915440974,0.00022504237751261422,0.1330599758417984,0.000809094915440974,0.0004106080426096635,0.00022147559168959476,4.0
YCL032W,0.001487357461576599,0.0010257252440063693,0.01778199789961987,0.18489201047803924,0.001072354942453247,0.0004795111853964737,0.00033231309833221334,39.0
YLR362W,0.0004957858205255329,0.0,0.0013183757875809786,0.15075650461537093,0.0,0.00021014611343995516,0.00021485922089034152,2.0
YCL033C,0.0009915716410510659,0.0,0.011961184453568733,0.16981548117862894,0.0,0.00027620241178681837,0.0003417180001021426,15.0
YOL082W,0.007436787307882994,0.008180795316479738,0.05425928460884358,0.2001550374196029,0.008333012496145636,0.0018215595850787113,0.0004560929090538065,66.0
YCL039W,0.0004957858205255329,0.0,4.323660793748507e-25,0.0004957858205255329,0.0,0.0004955401387512388,0.0,1.0
YMR135C,0.0004957858205255329,0.0,4.323660793748507e-25,0.0004957858205255329,0.0,0.0004955401387512388,0.0,1.0
YDR516C,0.0004957858205255329,0.0,0.002160278473221764,0.15136809286938865,0.0,0.00020659512215459396,0.0002169114196830787,3.0
YML099C,0.002974714923153198,0.010653433127106747,0.03810412052923988,0.1968117884429238,0.010744085005671594,0.0008565242670985321,0.0003983448805727312,47.0
YCL046W,0.0004957858205255329,0.0,0.003056903189256289,0.1561907507119715,0.0,0.00018422952140546527,0.00024290857384271763,5.0
YGL115W,0.0039662865642042635,0.004799228533358858,0.04123520295249732,0.19313306342529907,0.004837194444331382,0.0010344211242244894,0.000404567530162219,48.0
YCL054W,0.0004957858205255329,0.0,7.181099172940051e-05,0.12849057357212118,0.0,0.00023207417849204496,0.00021933429173031166,5.0
YNL154C,0.0039662865642042635,0.005336631526808709,0.0009687051460237818,0.15248501034430184,0.005396516665540504,0.0014801871039322233,0.00034314139004845516,29.0
YCL056C,0.002974714923153198,0.005806494634605684,0.001671452754907884,0.15018341414612646,0.005835728945411782,0.001100793346723887,0.0003206971989906575,19.0
YDL157C,0.0004957858205255329,0.0,0.0001239149707032476,0.1268524370689352,0.0,0.0002307758300559676,0.0002099426214664154,4.0
YDR142C,0.0034705007436787306,0.005883728854799569,0.012222031148960515,0.1711352345678373,0.005987484749421817,0.0010300767292341407,0.00037840808997706486,28.0
YJL185C,0.001487357461576599,0.0024253173422732178,0.0001252959535521488,0.1269243556763635,0.0024253173422732178,0.0006763391883836465,0.000210207410435206,6.0
YNL131W,0.0004957858205255329,0.0,0.0001239149707032476,0.1268524370689352,0.0,0.0002307758300559676,0.00020994262146641543,4.0
YOR037W,0.0004957858205255329,0.0,0.0001239149707032476,0.1268524370689352,0.0,0.0002307758300559676,0.0002099426214664154,4.0
YCL059C,0.0009915716410510659,0.0016172061288570957,0.0019806326008453773,0.14537234373625055,0.001617206128857096,0.0004193195199994336,0.00021178127044684685,5.0
YGL201C,0.0009915716410510659,0.000809094915440974,0.00014761349299575733,0.12342556796131167,0.0008090949154409741,0.0004939898756488423,0.00015711282258696412,3.0
YOR229W,0.0039662865642042635,0.0063089195406940465,0.026569748772758046,0.17676542388774247,0.006468941926223685,0.001109446402519463,0.00032458544490533036,39.0
YCL063W,0.0004957858205255329,0.0,0.013488869448762882,0.18215899866055804,0.0,0.00018142087576644543,0.00027085284673366276,39.0
YCL066W,0.001487357461576599,0.0,0.019839161358967537,0.17048362179501902,0.0,0.0003671295068232259,0.00036862840601057246,21.0
YHR084W,0.0019831432821021317,3.825507874425409e-07,0.021218905856669468,0.17054855969057325,4.5086342805728033e-07,0.00047594672093486144,0.00038541154829281187,22.0
YCR004C,0.0004957858205255329,0.0,0.004195361282635088,0.15734338246725488,0.0,0.00019376112997160247,0.00023120804064694233,3.0
YCR005C,0.0009915716410510659,0.0,4.323660793748507e-25,0.0,0.0,0.0004955401387512388,0.0,0.0
YDL120W,0.001487357461576599,9.093004544375169e-05,0.0065842150465232185,0.15750943434837653,9.606423364014845e-05,0.0003684521905597508,0.00037110388126798596,21.0
YDL164C,0.0019831432821021317,0.00037713361959011054,0.0154096664722967,0.17467366139440246,0.0005171056304963588,0.00046225946867636304,0.000397292550095842,27.0
YKR066C,0.0009915716410510659,0.001110737834294168,0.001596597064181784,0.1502506103045811,0.001335844786937194,0.00032672071962630073,0.00031798068968464776,8.0
YMR079W,0.0039662865642042635,0.003383949891180996,0.009747921721011682,0.16325236462359685,0.003430138533859252,0.0010198448859400253,0.00041681482063145927,38.0
YMR232W,0.0004957858205255329,0.0,0.00027862997877799205,0.13580431261985187,0.0,0.00020535052903209648,0.00022454822127097589,3.0
YCR011C,0.0004957858205255329,0.0,7.181099172940051e-05,0.12849057357212118,0.0,0.00023207417849204496,0.00021933429173031158,5.0
YCR020C,0.001487357461576599,0.0,0.0372656614609089,0.18844563076921367,0.0,0.0002945512675597785,0.00027155991966084525,43.0
YCR020C-A,0.001487357461576599,0.0007222179578267937,0.0027598876488418226,0.15701232684078958,0.000757196521955292,0.0004803799064544338,0.00033066067810394857,8.0
YEL053C,0.001487357461576599,0.0009412862943772661,0.000578317939477566,0.14713993385069066,0.0009615037434083506,0.0005295632181365563,0.0003002846308847201,8.0
YIL119C,0.001487357461576599,6.392878722860978e-05,0.0010523645906841109,0.14327898198644853,0.00010329819217344873,0.0004645405822184736,0.0003317731647555118,8.0
YKL025C,0.0024789291026276646,0.003598903021909575,0.03559774713885034,0.19028764075973295,0.0036506758653355575,0.0007302849341289423,0.00037764500892600573,44.0
YCR021C,0.0004957858205255329,0.0,0.0011375244738576827,0.14205165568136155,0.0,0.00017175457560823537,0.00026329240333844515,19.0
YCR022C,0.0004957858205255329,0.0,3.030289891110235e-05,0.12561867166585194,0.0,0.00023418186708741508,0.00022137564739018343,6.0
YDL017W,0.004957858205255329,0.007278388468838668,0.0004087213579677695,0.1484571680065158,0.007437149207552112,0.0018690880903196574,0.00034816411515107366,41.0
YCR023C,0.0004957858205255329,0.0,4.323660793748507e-25,0.0004957858205255329,0.0,0.0004955401387512388,0.0,1.0
YMR075C-A,0.0004957858205255329,0.0,4.323660793748507e-25,0.0004957858205255329,0.0,0.0004955401387512388,0.0,1.0
YCR024C,0.0004957858205255329,0.0,5.945877093855135e-23,0.0006610477607007105,0.0,0.0003840031352760571,0.0,2.0
YNL243W,0.0009915716410510659,4.91851012426124e-07,8.408740026333456e-23,0.0009915716410510659,4.91851012426124e-07,0.0007186141457016025,0.0,3.0
YCR027C,0.0004957858205255329,0.0,0.002740821067693082,0.15581028374004813,0.0,0.0001998954994639292,0.0002336064711324108,4.0
YCR035C,0.0004957858205255329,0.0,0.0012155789417840096,0.15715929052567626,0.0,0.00021338026501521766,0.00025214748700508696,11.0
YHR114W,0.009915716410510658,0.03125986565727605,0.01639198067469634,0.1946161194034997,0.03198347336021491,0.0032620795160916687,0.00043086123883537833,76.0
YCR036W,0.0004957858205255329,0.0,0.005795090851763705,0.16591408795985116,0.0,0.00018454679427343072,0.00026204426557043724,10.0
YGL153W,0.010411502231036191,0.029621897280660035,0.07817307501909486,0.20822205179397846,0.029525707145052236,0.0025936134034986544,0.0004605855854344962,74.0
YCR045C,0.0004957858205255329,0.0,9.161527028274058e-07,0.09525176968677883,0.0,0.00028400142303625786,0.00011839977067823087,3.0
YOR348C,0.0019831432821021317,0.0024258091932856437,1.235772395673082e-05,0.10783017228248816,0.0024258091932856437,0.0009765814648858586,0.00014703801539239195,9.0
YCR050C,0.0004957858205255329,0.0,3.030289891110235e-05,0.12561867166585194,0.0,0.00023418186708741508,0.00022137564739018343,6.0
YCR051W,0.0004957858205255329,0.0,4.496524285476142e-22,0.0004957858205255329,0.0,0.0003477474659685757,0.0,1.0
YER184C,0.001487357461576599,0.0,7.275529125139733e-22,0.0004957858205255329,0.0,0.0006433328115339021,0.0,1.0
YCR052W,0.0009915716410510659,0.0024243336402483655,0.0025864183607607716,0.15335545794302488,0.0024243336402483655,0.00043716414923408096,0.00018820239915111876,4.0
YFR037C,0.001487357461576599,0.0016176979798695219,0.00019384305891636974,0.12915773616566875,0.001617697979869522,0.0007435071426510694,0.0001437932669007953,5.0
YOR232W,0.0009915716410510659,0.0032304774496147827,0.03469476382439305,0.1886573674329993,0.003230477449614783,0.0003543754040734245,0.0002721511624433151,43.0
YCR057C,0.0004957858205255329,0.0,4.323660793748507e-25,0.0004957858205255329,0.0,0.0004955401387512388,0.0,1.0
YGR154C,0.0004957858205255329,0.0,4.323660793748507e-25,0.0004957858205255329,0.0,0.0004955401387512388,0.0,1.0
YCR059C,0.0009915716410510659,4.91851012426124e-07,8.408740026333456e-23,0.0009915716410510659,4.91851012426124e-07,0.0007186141457016025,0.0,3.0
YDR400W,0.0004957858205255329,0.0,5.945877093855135e-23,0.0006610477607007105,0.0,0.0003840031352760571,0.0,2.0
YJL160C,0.0004957858205255329,0.0,5.945877093855135e-23,0.0006610477607007105,0.0,0.0003840031352760571,0.0,2.0
YCR063W,0.001487357461576599,0.0012184362007440666,0.0003426331761602784,0.13934029627831485,0.0013015442070163448,0.00046468521533697774,0.00033296924229654173,10.0
YDR408C,0.001487357461576599,0.0004871479374157981,0.0017149239957209815,0.15917057188327466,0.000507178960586344,0.0004275189031979276,0.00035785073221049693,14.0
YOL135C,0.002974714923153198,0.004211808478876432,0.002730444849998216,0.16706970847300434,0.004743663384462079,0.0008045480751114337,0.0004098294880274618,22.0
YCR065W,0.0004957858205255329,0.0,0.0016321224665597405,0.1494981030743411,0.0,0.00020323109442573818,0.00026127583063405654,15.0
YCR066W,0.0009915716410510659,0.0016172061288570957,0.0001152673566862392,0.13288884607468887,0.0016172061288570957,0.0004377672341386926,0.00022686519336899232,5.0
YGL058W,0.0009915716410510659,0.000809094915440974,8.596927843490135e-06,0.11430860829911965,0.000809094915440974,0.0005052258500674551,0.00016526456131645107,3.0
YCR067C,0.0004957858205255329,0.0,0.00011462948882497418,0.13283627928431122,0.0,0.0002221464397789613,0.00022665950875586105,5.0
YCR068W,0.001487357461576599,1.0095944129353215e-05,0.0012146220856564796,0.14202161726823379,8.105487691688795e-06,0.00036732328499607,0.00036458047564223625,27.0
YNL111C,0.002974714923153198,1.3390531720569439e-05,0.001531465311467774,0.14392376043318922,2.0409574013485904e-05,0.0005676342786608471,0.0003835382771651229,27.0
YCR073C,0.0009915716410510659,0.0016172061288570957,0.001059687533194745,0.15072267236568168,0.0016172061288570957,0.000398691964986776,0.00024215554715427168,5.0
YLR006C,0.0009915716410510659,0.000809094915440974,7.900174008893234e-05,0.12726105695148793,0.000809094915440974,0.00048026735001101587,0.0001732328532345958,3.0
YCR076C,0.0004957858205255329,0.0,0.023835713256763955,0.17540355916988182,0.0,0.0001732300979500551,0.0002707692768445336,39.0
YDL139C,0.0009915716410510659,0.0009160689260908276,0.005878280490949258,0.16622205867132225,0.000982172552998029,0.0003269337298063505,0.00031348200292125077,10.0
YDL175C,0.0004957858205255329,0.0,8.318963918555383e-05,0.11963310083033088,0.0,0.00021671795634560563,0.0002072726703236237,3.0
YJL124C,0.0019831432821021317,0.0011738934421017116,0.004767020825483656,0.15797253394366165,0.0011480690978989767,0.0006363375707820054,0.0003173688979476269,11.0
YCR082W,0.0009915716410510659,0.000809094915440974,0.0003945030072321297,0.13844985117738146,0.000809094915440974,0.00042299773240583654,0.00023473054358113597,5.0
YOR023C,0.0004957858205255329,0.0,2.9244525531366803e-05,0.11837846621335639,0.0,0.0002542310897342489,0.00016934215998215906,2.0
YCR083W,0.0009915716410510659,0.00027553213514840494,0.00716104006855587,0.1707436705380647,0.0003302862836063886,0.00028745165276436354,0.00034395028513227146,18.0
YDL089W,0.0039662865642042635,0.004176367921242535,0.006024092276449764,0.1680731301455149,0.004473598184055682,0.0009363187863734154,0.00039202956910253063,21.0
YDR061W,0.0004957858205255329,0.0,0.005050491523597889,0.16162200169930874,0.0,0.00018660698040082256,0.0002605617756995372,11.0
YDR439W,0.0004957858205255329,0.0,0.005050491523597889,0.16162200169930874,0.0,0.00018660698040082256,0.00026056177569953713,11.0
YER106W,0.0004957858205255329,0.0,0.005050491523597889,0.16162200169930874,0.0,0.00018660698040082256,0.00026056177569953713,11.0
YGL175C,0.0034705007436787306,0.003599081400609184,0.06938023873292425,0.20358297304076312,0.00363994258968853,0.0007533718876674941,0.000406863846648396,48.0
YGR155W,0.0004957858205255329,0.0,0.005050491523597889,0.16162200169930874,0.0,0.00018660698040082256,0.0002605617756995371,11.0
YIL152W,0.0019831432821021317,0.0018894924693782012,0.023093928972124065,0.18969643498417668,0.0018979604970244728,0.0005169481231232476,0.00039942186031239924,39.0
YJL110C,0.0024789291026276646,0.0030602672074537857,0.01279316075952574,0.18081039926274803,0.0029927281963002365,0.0006290086430477888,0.0004153895028772398,28.0
YKR010C,0.0004957858205255329,0.0,0.005050491523597889,0.16162200169930874,0.0,0.00018660698040082256,0.0002605617756995371,11.0
YNL311C,0.001487357461576599,0.0009037548332311461,0.009228387494014693,0.16552562613961244,0.0009077568530855301,0.00047813609906854936,0.00033055958359611367,13.0
YOL020W,0.0004957858205255329,0.0,0.005050491523597889,0.16162200169930874,0.0,0.00018660698040082256,0.00026056177569953713,11.0
YOR264W,0.0009915716410510659,0.0004631705358564921,0.005280057292870426,0.1624232715989063,0.00048130858400046263,0.00031027260087339705,0.00032747425717483613,11.0
YOR281C,0.0004957858205255329,0.0,0.005050491523597889,0.16162200169930874,0.0,0.00018660698040082256,0.00026056177569953713,11.0
YCR087C-A,0.0004957858205255329,0.0,0.0001753022604499142,0.1290708615473196,0.0,0.00024300225409738986,0.00016916015000590786,2.0
YKR092C,0.001487357461576599,0.0032319530026520605,0.0023650713883022084,0.15330295093847923,0.003231953002652061,0.0005953616277462366,0.00023438098174653285,6.0
YCR088W,0.0004957858205255329,0.0,0.008313585662870755,0.16826261507239823,0.0,0.00017225953972703793,0.000261635185980602,8.0
YCR093W,0.0004957858205255329,0.0,5.945877093855135e-23,0.0006610477607007105,0.0,0.0003840031352760571,0.0,2.0
YDR376W,0.0009915716410510659,4.91851012426124e-07,8.408740026333456e-23,0.0009915716410510659,4.91851012426124e-07,0.0007186141457016025,0.0,3.0
YCR095C,0.0004957858205255329,0.0,5.870793116954869e-08,0.08704253862901472,0.0,0.0002583390053104434,0.00011294180601266464,2.0
YNL099C,0.001487357461576599,0.0008090949154409739,7.92123016460358e-07,0.09742804497881737,0.000809094915440974,0.0006493327010754613,0.00013871323721837323,6.0
YCR105W,0.0009915716410510659,0.0,4.323660793748507e-25,0.0,0.0,0.0004955401387512388,0.0,0.0
YDR222W,0.0004957858205255329,0.0,5.300246239209857e-06,0.11498377470663884,0.0,0.0002521617721326952,0.00021600203708871472,11.0
YEL072W,0.0004957858205255329,0.0,5.300246239209857e-06,0.11498377470663884,0.0,0.0002521617721326952,0.00021600203708871475,11.0
YGL247W,0.0004957858205255329,0.0,5.300246239209857e-06,0.11498377470663884,0.0,0.0002521617721326952,0.00021600203708871475,11.0
YGR081C,0.0004957858205255329,0.0,5.300246239209857e-06,0.11498377470663884,0.0,0.0002521617721326952,0.00021600203708871475,11.0
YGR140W,0.0004957858205255329,0.0,5.300246239209857e-06,0.11498377470663884,0.0,0.0002521617721326952,0.00021600203708871475,11.0
YHR130C,0.0009915716410510659,0.0073799414528660035,0.000448113619082728,0.1476250638666837,0.006671992266586914,0.0003906140261417183,0.0003166226042545012,14.0
YJL006C,0.0009915716410510659,0.000809094915440974,5.329590030647145e-06,0.11500346370915711,0.000809094915440974,0.000494689667567775,0.00021609539117811466,11.0
YJL077W-B,0.0004957858205255329,0.0,5.300246239209857e-06,0.11498377470663884,0.0,0.0002521617721326952,0.00021600203708871475,11.0
YJL135W,0.0004957858205255329,0.0,5.300246239209857e-06,0.11498377470663884,0.0,0.0002521617721326952,0.00021600203708871472,11.0
YMR060C,0.0004957858205255329,0.0,5.300246239209857e-06,0.11498377470663884,0.0,0.0002521617721326952,0.00021600203708871472,11.0
YMR141C,0.0004957858205255329,0.0,5.300246239209857e-06,0.11498377470663884,0.0,0.0002521617721326952,0.00021600203708871466,11.0
YNL171C,0.0004957858205255329,0.0,5.300246239209857e-06,0.11498377470663884,0.0,0.0002521617721326952,0.00021600203708871472,11.0
YPL034W,0.0004957858205255329,0.0,5.300246239209857e-06,0.11498377470663884,0.0,0.0002521617721326952,0.00021600203708871472,11.0
YPL243W,0.0004957858205255329,0.0,5.300246239209857e-06,0.11498377470663884,0.0,0.0002521617721326952,0.00021600203708871472,11.0
YPL267W,0.0009915716410510659,0.001025382551243093,4.0191618526804985e-05,0.12836778059279003,0.0011713883928714916,0.0003970335671197119,0.00029243807735100484,11.0
YPR046W,0.001487357461576599,0.0057381197919106255,0.0002704526103823712,0.14055042964559536,0.0060606402752415795,0.0005890959379447642,0.0003025472500322254,11.0
YDL001W,0.0009915716410510659,0.000809094915440974,0.0007268591149784857,0.1360794707854275,0.0008090949154409739,0.0003849740745807037,0.0002473932827561446,6.0
YDL133W,0.0004957858205255329,0.0,5.391975365996029e-05,0.11664123446708537,0.0,0.00023788834715280478,0.00017583509115694823,2.0
YDL002C,0.001487357461576599,0.0003320655948545265,0.001119186783886274,0.1532504798771198,0.0003736314661961051,0.00048786332929088926,0.0003013948060731108,8.0
YER092W,0.001487357461576599,0.0021953859159903055,0.013653772322900139,0.18317747935673734,0.0022082709572283452,0.0004580012583892065,0.00032754323478695487,39.0
YGL150C,0.0009915716410510659,0.00020566765065498958,0.0003359812780908211,0.14617917685525683,0.0002309269399098952,0.0003414418080095768,0.0003052023789463038,8.0
YLR052W,0.001487357461576599,0.0005721148418119834,0.0011042900009568038,0.1514363535651584,0.0005751308017794371,0.0004884439845342081,0.0002966541567214435,8.0
YDL005C,0.0009915716410510659,0.00040846277092334763,0.0027812666195997436,0.1626592947593794,0.0004487071478455683,0.000321167627765055,0.00033166190807834046,15.0
YHR167W,0.0024789291026276646,0.0032361277788216978,0.015498068737969125,0.18736789735290207,0.003576548340433302,0.000693587598100247,0.0003990343988045464,39.0
YDR162C,0.0004957858205255329,0.0,5.945877093855135e-23,0.0006610477607007105,0.0,0.0003840031352760571,0.0,2.0
YDL011C,0.0004957858205255329,0.0,2.258912821663434e-06,0.10888784501645225,0.0,0.00027118659804362827,0.00016233216258781976,2.0
YEL023C,0.0009915716410510659,0.000809094915440974,3.0470392203169577e-05,0.1256421715576611,0.000809094915440974,0.00046601036989262,0.00022147370515990274,6.0
YDL012C,0.0034705007436787306,0.00976805679754377,0.0023088576442875193,0.15970044657269705,0.009942526062933566,0.001226105072750567,0.0003455459630906288,24.0
YDR151C,0.0004957858205255329,0.0,0.00017116790662152445,0.13357601990085075,0.0,0.00022373624343602713,0.00022031425133002249,4.0
YFR047C,0.0024789291026276646,0.005842061571788658,0.0260838806085543,0.17791264319509337,0.0056085289740547915,0.0006355794274434573,0.0003267207806750183,39.0
YHR032W,0.0004957858205255329,0.0,0.00017116790662152445,0.13357601990085075,0.0,0.00022373624343602713,0.00022031425133002249,4.0
YHR140W,0.0009915716410510659,0.002562126683746393,0.0009571163952318369,0.1501330564572432,0.0027037461232374696,0.0003263543892812267,0.0003228528816205401,26.0
YIL172C,0.0004957858205255329,0.0,0.00017116790662152445,0.13357601990085075,0.0,0.00022373624343602713,0.00022031425133002249,4.0
YJL065C,0.001487357461576599,0.004843748770372469,0.0001730870322023211,0.13373560893299033,0.004843748770372469,0.0006407733912354226,0.00022089825573601355,6.0
YOR355W,0.005949429846306396,0.014386555070631694,0.003412349474242972,0.17166012218823706,0.015537703761063126,0.0018248402580023635,0.0004381801296273062,48.0
YDL013W,0.0019831432821021317,0.004436205223735182,0.006451481940824812,0.17755987523105818,0.004842312796740472,0.0006202151733104986,0.0003786521029067724,23.0
YER116C,0.0004957858205255329,0.0,0.0004782542334693612,0.14584586928588003,0.0,0.00020582560792445527,0.00023332068346108715,3.0
YJR091C,0.012890431333663856,0.028611996278690554,0.005970581465832275,0.17746603991583498,0.028312000079031424,0.0042141523182796375,0.0004476139533512187,83.0
YMR111C,0.004462072384729797,0.002311480518654152,0.01816667376063574,0.18802358008440018,0.0024337425019982355,0.0010245009883417448,0.00042245695287923687,31.0
YDL015C,0.0009915716410510659,0.00044867276020289483,0.0013587164216715966,0.15593689994461982,0.0004673054320138275,0.000314319323371264,0.00031519276957880406,26.0
YOR324C,0.001487357461576599,0.0016344304198499103,0.007725278128272836,0.17650991539066424,0.0016357265282503197,0.00048421070006877796,0.00031666691336706526,16.0
YDL160C,0.0019831432821021317,0.001240926055598841,0.00031273547659450086,0.1418866014706829,0.0013121294002505278,0.0005805591478519213,0.00037275092428408637,16.0
YFR057W,0.0004957858205255329,0.0,3.030289891110235e-05,0.12561867166585194,0.0,0.00023418186708741508,0.00022137564739018348,6.0
YGR099W,0.0039662865642042635,0.01376804113590467,0.004515283914007937,0.17100451382851112,0.013851101685894793,0.001219055171079958,0.0004091393010948827,32.0
YJL088W,0.0004957858205255329,0.0,3.030289891110235e-05,0.12561867166585194,0.0,0.00023418186708741508,0.00022137564739018343,6.0
YKL039W,0.0004957858205255329,0.0,3.030289891110235e-05,0.12561867166585194,0.0,0.00023418186708741508,0.00022137564739018343,6.0
YNR048W,0.0009915716410510659,0.002299376892814873,0.00047311627175462053,0.14905020596126886,0.002398008017896147,0.00037263412109643816,0.00031992687004070127,14.0
YOR006C,0.0004957858205255329,0.0,3.030289891110235e-05,0.12561867166585194,0.0,0.00023418186708741508,0.00022137564739018337,6.0
YDL022W,0.0004957858205255329,0.0,0.000905967053314045,0.14148308996449915,0.0,0.0001992721495447151,0.0002332280120013583,4.0
YDL025C,0.0004957858205255329,0.0,0.00013590713978600514,0.13172898461537266,0.0,0.00023776868673227106,0.00018104253644237532,2.0
YPL260W,0.0009915716410510659,0.000809094915440974,0.001832632624062,0.15706740600128097,0.000809094915440974,0.00038435311721204377,0.00025782739497232104,8.0
YDL030W,0.0004957858205255329,0.0,5.945877093855135e-23,0.0006610477607007105,0.0,0.0003840031352760571,0.0,2.0
YDR026C,0.0009915716410510659,4.91851012426124e-07,8.408740026333456e-23,0.0009915716410510659,4.91851012426124e-07,0.0007186141457016025,0.0,3.0
YDL031W,0.0004957858205255329,0.0,0.00017867299049137035,0.13386889138159805,0.0,0.00022612026767858157,0.00022932498992062875,7.0
YPL004C,0.006445215666831928,0.012071723576485513,0.0024095820236503594,0.16011925809070865,0.012216023465619943,0.0023174850167547393,0.00036823952361292924,60.0
YDL044C,0.0004957858205255329,0.0,0.003320240030399472,0.15760183692631174,0.0,0.0001994177958042444,0.000246908292725333,6.0
YLR386W,0.006445215666831928,0.010685008534660954,0.044787482208696446,0.19529521025341015,0.010733019450347466,0.0017645371587432777,0.0004157854215183348,56.0
YDL045C,0.0004957858205255329,0.0,4.323660793748507e-25,0.0004957858205255329,0.0,0.0004955401387512388,0.0,1.0
YGR077C,0.0004957858205255329,0.0,4.323660793748507e-25,0.0004957858205255329,0.0,0.0004955401387512388,0.0,1.0
YDL053C,0.0004957858205255329,0.0,0.00020150176603578258,0.13152261393547,0.0,0.00019753482953649746,0.00023671792688258303,4.0
YGR178C,0.002974714923153198,0.002921284261115027,0.0027179371282689286,0.15677409618615254,0.002887899085222117,0.0008683605825092638,0.0003876814781844297,22.0
YDL055C,0.0004957858205255329,0.0,0.004626527964190474,0.16879121087244972,0.0,0.0001975795104846267,0.00026646518863500884,23.0
YDL056W,0.0004957858205255329,0.0,4.323660793748507e-25,0.0004957858205255329,0.0,0.0004955401387512388,0.0,1.0
YMR197C,0.0004957858205255329,0.0,4.323660793748507e-25,0.0004957858205255329,0.0,0.0004955401387512388,0.0,1.0
YDL057W,0.001487357461576599,0.0002765748148066126,0.01652145589081548,0.1806159010518966,0.00028659049979506447,0.0003849449106508955,0.00037974470001706585,21.0
YDL063C,0.0009915716410510659,4.91851012426124e-07,8.408740026333456e-23,0.0009915716410510659,4.91851012426124e-07,0.0007186141457016025,0.0,3.0
YDR381W,0.0004957858205255329,0.0,5.945877093855135e-23,0.0006610477607007105,0.0,0.0003840031352760571,0.0,2.0
YPL131W,0.0004957858205255329,0.0,5.945877093855135e-23,0.0006610477607007105,0.0,0.0003840031352760571,0.0,2.0
YDL064W,0.0004957858205255329,0.0,0.004626527964190474,0.16879121087244972,0.0,0.0001975795104846267,0.0002664651886350089,23.0
YDL065C,0.0024789291026276646,0.0020711430617419845,0.00168116539055252,0.16258054419304707,0.0021111399339765456,0.0007483282983139746,0.00037839367602447135,20.0
YGR119C,0.002974714923153198,0.0037709798673560596,0.014446212062166957,0.18645758691323638,0.0038444868253760356,0.0008158027033715112,0.0004093993584631818,39.0
YGR218W,0.0034705007436787306,0.0027616329566236956,0.0021563167693793217,0.16680000696919842,0.0028852044244970397,0.0009342361362107477,0.00041875456392113046,27.0
YLR071C,0.0004957858205255329,0.0,0.00012467275957884735,0.13558498598192742,0.0,0.0002016847703920608,0.00023322253642257652,3.0
YMR163C,0.0009915716410510659,0.00020612604405747316,0.00013107021572913657,0.13793802178301035,0.00022922626664303314,0.00036802842930418704,0.00027666362049160153,5.0
YDL066W,0.0004957858205255329,0.0,0.0006036755601639579,0.1382076814613597,0.0,0.0002103327771819648,0.00021415691006266028,3.0
YDL070W,0.0019831432821021317,0.004843748770372469,0.0006342066404074379,0.13992088084614113,0.004843748770372469,0.0007702840888735101,0.00018385340953056117,10.0
YLR227C,0.001487357461576599,0.0064486586239189125,0.008406803128311708,0.16860053421902282,0.0064486586239189125,0.0005257833550804008,0.0002627350376677029,11.0
YLR399C,0.0009915716410510659,0.0,5.07826390721709e-05,0.11946286518347163,0.0,0.0004139978644822551,0.0001530194747633929,6.0
YMR227C,0.0009915716410510659,0.0,5.07826390721709e-05,0.11946286518347163,0.0,0.0004139978644822551,0.00015301947476339294,6.0
YNR034W,0.001487357461576599,0.0024253173422732178,4.754241744259918e-05,0.11951601175575717,0.0024253173422732178,0.0006883679749290426,0.0001412805351691621,6.0
YDL071C,0.0024789291026276646,0.0038280253387493715,0.00020651777133028182,0.13348310206925917,0.003853462927438786,0.0009753785241025298,0.0002768314643741573,13.0
YDR183W,0.0004957858205255329,0.0,1.5309962690030088e-05,0.11472842980209728,0.0,0.00024035269849778093,0.0001902114832848729,3.0
YEL068C,0.0004957858205255329,0.0,1.5309962690030088e-05,0.11472842980209728,0.0,0.00024035269849778093,0.0001902114832848729,3.0
YFL017C,0.0039662865642042635,0.005381167981055789,6.498444114352049e-05,0.12505729970421328,0.005450470117959659,0.0012331417496808702,0.000311914052002375,16.0
YGR269W,0.0004957858205255329,0.0,1.5309962690030088e-05,0.11472842980209728,0.0,0.00024035269849778093,0.00019021148328487287,3.0
YDL072C,0.0004957858205255329,0.0,0.000690765741576372,0.13590049131150903,0.0,0.0001798972759919114,0.00025472267367761736,9.0
YDL073W,0.0004957858205255329,0.0,0.0001747446704423327,0.1247205623141091,0.0,0.00019233039387917987,0.00022821653199457486,3.0
YER118C,0.0034705007436787306,0.001681804588881726,0.0023556776515405754,0.1472044335477211,0.0017325683753018897,0.0008331045173908775,0.0003653897686996039,19.0
YDL076C,0.0004957858205255329,0.0,0.0023358160669688776,0.1555216459561138,0.0,0.00018137435551874288,0.00025298179607655645,5.0
YDL081C,0.001487357461576599,0.0017577208901300829,8.167830364442594e-06,0.11577662955722763,0.0018056724555618078,0.0006307811528148004,0.00021378493258023283,6.0
YGR209C,0.001487357461576599,0.001545305599857706,2.5853061138279018e-05,0.12139543209425713,0.0016097903182984588,0.0005959789348582572,0.0002256436768400072,6.0
YLR340W,0.0009915716410510659,0.0018296792839544614,8.36808802310072e-05,0.13085635227695616,0.001816192392509979,0.0004182566706942547,0.00022589776853426107,5.0
YPR086W,0.0009915716410510659,0.0008090949154409741,6.092597065658797e-07,0.10141490797455303,0.0008090949154409741,0.000495816885667723,0.00015821287480526148,4.0
YDL084W,0.002974714923153198,0.0022598418375733976,0.006154445167760655,0.17221031488755834,0.0022994442846933404,0.0008086036232020265,0.0003410222411702923,23.0
YER063W,0.0004957858205255329,0.0,0.0004562258039761286,0.1422170943486453,0.0,0.00021174595269047967,0.00021846653674226926,3.0
YKL214C,0.0004957858205255329,0.0,0.0004562258039761286,0.1422170943486453,0.0,0.00021174595269047967,0.00021846653674226932,3.0
YDL088C,0.0009915716410510659,0.0,7.357875954754017e-05,0.13053843111010252,0.0,0.00033650764986252945,0.0002638750265421878,8.0
YML031W,0.0009915716410510659,0.0,7.357875954754017e-05,0.13053843111010252,0.0,0.00033650764986252945,0.0002638750265421878,8.0
YMR153W,0.005453644025780862,0.005268324035643399,0.0009172730110173049,0.15535975666469523,0.005434930044178767,0.0014016425783711793,0.00037124034330903274,35.0
YDR233C,0.0009915716410510659,0.0005839072050801025,0.00045052187498728115,0.139746198098518,0.0006288253712491442,0.00034313932271276575,0.0002788477616850438,6.0
YLR324W,0.002974714923153198,0.001594391686747295,0.0019188894381532828,0.15391777886134467,0.001746516648795255,0.0006280098147149407,0.0003802990475803421,24.0
YML008C,0.0019831432821021317,0.00015443679760132836,0.000503745473788528,0.1399500371038711,0.00017490502571646923,0.0004564274103248393,0.0002901170946570507,6.0
YMR316C-B,0.0024789291026276646,0.003170055141295414,0.0025567660325724446,0.16090566077179624,0.003334232442302183,0.0008076317477517484,0.000348132904431083,17.0
YPR028W,0.0019831432821021317,0.001053478714612633,0.001672154062719952,0.15119771005436233,0.0010709405256706993,0.0005488286666446842,0.0003579824067144702,16.0
YDL090C,0.001487357461576599,0.0010374524557992873,0.0006281391571103526,0.14822781462402945,0.001169562896871717,0.0004785277373660356,0.0003417326466423339,12.0
YKL019W,0.0024789291026276646,0.004474168245703225,0.006617778541046014,0.17280849815038657,0.004745710968218798,0.0007701875191080327,0.0003630730275551275,18.0
YMR139W,0.0034705007436787306,0.002644400897151049,0.0006984349491314221,0.14896755640711487,0.0026466958367790216,0.0011081136371086445,0.00036988687102917114,24.0
YDL092W,0.0004957858205255329,0.0,4.323660793748507e-25,0.0004957858205255329,0.0,0.0004955401387512388,0.0,1.0
YKL122C,0.0004957858205255329,0.0,4.323660793748507e-25,0.0004957858205255329,0.0,0.0004955401387512388,0.0,1.0
YDL097C,0.0004957858205255329,0.0,1.5493042546136421e-21,0.0008924144769459593,0.0,0.0003468241341176632,0.0,2.0
YEL009C,0.001487357461576599,1.475553037278372e-06,2.6834736853734573e-21,0.001487357461576599,1.475553037278372e-06,0.0009416881526519658,0.0,6.0
YDL098C,0.0004957858205255329,0.0,0.0001223419843940159,0.12641073368369612,0.0,0.000254356146719529,0.00018286975701906606,2.0
YDL121C,0.0004957858205255329,0.0,0.0010259440790063943,0.15398835906488076,0.0,0.0002110503925065488,0.00025863834197526224,15.0
YDR304C,0.0004957858205255329,0.0,0.0010259440790063943,0.15398835906488076,0.0,0.0002110503925065488,0.00025863834197526224,15.0
YDR513W,0.0004957858205255329,0.0,0.0010259440790063943,0.15398835906488076,0.0,0.0002110503925065488,0.00025863834197526224,15.0
YDR526C,0.0004957858205255329,0.0,0.0010259440790063943,0.15398835906488076,0.0,0.0002110503925065488,0.0002586383419752622,15.0
YER017C,0.0004957858205255329,0.0,0.0010259440790063943,0.15398835906488076,0.0,0.0002110503925065488,0.0002586383419752622,15.0
YER150W,0.0004957858205255329,0.0,0.0010259440790063943,0.15398835906488076,0.0,0.0002110503925065488,0.0002586383419752622,15.0
YGR028W,0.0004957858205255329,0.0,0.0010259440790063943,0.15398835906488076,0.0,0.0002110503925065488,0.0002586383419752622,15.0
YGR189C,0.0004957858205255329,0.0,0.0010259440790063943,0.15398835906488076,0.0,0.0002110503925065488,0.0002586383419752622,15.0
YHR057C,0.0009915716410510659,0.0009149993588032852,0.0014687574518499125,0.16171929401913737,0.0009646945309425196,0.0003495026465155719,0.00033938915602433137,15.0
YHR128W,0.001487357461576599,0.0005241611983747074,0.005193763352123963,0.16750722735041215,0.0005816865800356211,0.00044694394532466733,0.0003666494215936603,15.0
YHR180W,0.0004957858205255329,0.0,0.0010259440790063943,0.15398835906488076,0.0,0.0002110503925065488,0.0002586383419752622,15.0
YIL162W,0.0004957858205255329,0.0,0.0010259440790063943,0.15398835906488076,0.0,0.0002110503925065488,0.0002586383419752622,15.0
YJL153C,0.0004957858205255329,0.0,0.0010259440790063943,0.15398835906488076,0.0,0.0002110503925065488,0.0002586383419752622,15.0
YKL154W,0.0009915716410510659,0.0007394059664881051,0.0010323415351566835,0.15441320337084205,0.0007334212367963184,0.00037739405141867506,0.00029378723488459707,15.0
YKR100C,0.0004957858205255329,0.0,0.0010259440790063943,0.15398835906488076,0.0,0.0002110503925065488,0.0002586383419752622,15.0
YLR297W,0.0004957858205255329,0.0,0.0010259440790063943,0.15398835906488076,0.0,0.0002110503925065488,0.0002586383419752621,15.0
YML101C,0.0009915716410510659,0.0006241646653662061,0.001112304969944722,0.15491182748505997,0.0007017175470751205,0.00032720007041391063,0.00032023910111378254,15.0
YNL149C,0.0004957858205255329,0.0,0.0010259440790063943,0.15398835906488076,0.0,0.0002110503925065488,0.0002586383419752621,15.0
YNL199C,0.0024789291026276646,0.0026641605584902506,0.006557430543320039,0.17139727652455725,0.0027317398313775115,0.000683640478490622,0.00040600020198530685,24.0
YNR067C,0.0004957858205255329,0.0,0.0010259440790063943,0.15398835906488076,0.0,0.0002110503925065488,0.0002586383419752621,15.0
YOL018C,0.0019831432821021317,0.006428071586085097,0.0030443655160101103,0.1713754090486036,0.006518179579668732,0.0006341318968909273,0.0003794819048032188,27.0
YOL126C,0.0019831432821021317,0.0031613273900667547,0.0021382051724229694,0.16125335607718547,0.003047127335677791,0.0005746842528427258,0.0003782354509364533,27.0
YOR164C,0.001487357461576599,0.00114792295302848,0.004984443984937241,0.16915255712416005,0.0011660399115262573,0.0005131201515452918,0.000338636580276335,15.0
YPR075C,0.0004957858205255329,0.0,0.0010259440790063943,0.15398835906488076,0.0,0.0002110503925065488,0.0002586383419752621,15.0
YDL101C,0.0004957858205255329,0.0,4.323660793748507e-25,0.0004957858205255329,0.0,0.0004955401387512388,0.0,1.0
YPL269W,0.0004957858205255329,0.0,4.323660793748507e-25,0.0004957858205255329,0.0,0.0004955401387512388,0.0,1.0
YDL105W,0.0004957858205255329,0.0,0.004344702047326967,0.16719448047335758,0.0,0.00017529225596779916,0.00026005846473646076,6.0
YOL034W,0.005453644025780862,0.016338056057731722,0.05860723162343716,0.21024267586836043,0.01607252992965168,0.0013073594707510698,0.00045448571495540827,59.0
YDL106C,0.0004957858205255329,0.0,0.0016321224665597405,0.1494981030743411,0.0,0.00020323109442573818,0.00026127583063405627,15.0
YDL108W,0.0009915716410510659,5.59700583650358e-05,0.002938323616349967,0.15523407559493296,0.00012837303554136367,0.0003277906738097673,0.0002893916086155928,6.0
YGL134W,0.0009915716410510659,3.2665099016530035e-05,0.0023689946482511174,0.14611557229663383,5.8350802451178173e-05,0.00032284535770585966,0.00029793796861832684,8.0
YNL025C,0.0019831432821021317,0.0033373651642239254,0.037266367784760675,0.19161775408316048,0.0033790858697170445,0.0005449189349954895,0.00038475184532975126,44.0
YDL110C,0.0009915716410510659,0.0010515708716863225,0.000150675465306684,0.13304679636717065,0.0011051549872766215,0.0003778243459688091,0.000266174745561035,5.0
YKL015W,0.0019831432821021317,0.0024450488251767104,0.002020635600402347,0.1581771615783037,0.0025875947431290005,0.0006284325452031557,0.00036254249467188753,15.0
YOR078W,0.0009915716410510659,0.00038484238071848916,1.1716152520725187e-05,0.11690517459729809,0.0004591340394565069,0.0004008340189887877,0.00024261647692950714,5.0
YDL111C,0.0004957858205255329,0.0,6.308309478530289e-05,0.12214608130607939,0.0,0.00022685721536989663,0.00020125784163556974,2.0
YDL113C,0.0004957858205255329,0.0,0.0010117330519172113,0.1496646747769309,0.0,0.00021618622698851077,0.00020942929665337286,2.0
YJL036W,0.001487357461576599,0.002583883190728851,0.013645058556829839,0.18325244967571008,0.0025709528752319117,0.0005008659922960903,0.0003195009501538469,39.0
YDL116W,0.0009915716410510659,9.83702024852248e-07,7.275529125139733e-22,0.0011155180961824492,9.83702024852248e-07,0.0006433328115339021,0.0,3.0
YDR113C,0.0009915716410510659,9.83702024852248e-07,7.275529125139733e-22,0.0011155180961824492,9.83702024852248e-07,0.0006433328115339021,0.0,3.0
YKR082W,0.0004957858205255329,0.0,4.496524285476142e-22,0.0007436787307882995,0.0,0.0003477474659685757,0.0,2.0
YDL117W,0.0004957858205255329,0.0,0.0028804719425464024,0.15367125684966879,0.0,0.00020933367010343593,0.00022762274662175815,4.0
YDL118W,0.0004957858205255329,0.0,0.0005838588855180723,0.14795026502070216,0.0,0.00021763417846815553,0.00023116337754375854,4.0
YDL125C,0.0004957858205255329,0.0,0.007849959584850491,0.16622205867132225,0.0,0.00017513627187411637,0.00025581749587678195,6.0
YGL108C,0.0004957858205255329,0.0,5.337974181303366e-05,0.12096906125026612,0.0,0.00020662484070765787,0.00021717800801390164,4.0
YMR067C,0.0009915716410510659,0.0012146785431253557,0.0004961931146565517,0.14723670460626492,0.0013077818142305882,0.00034507709471668095,0.00031744574492511033,14.0
YDL127W,0.0004957858205255329,0.0,0.00012545361764783593,0.1268165083197654,0.0,0.00022608894007625918,0.00020490781324771046,2.0
YDR146C,0.001487357461576599,0.0010791275619919747,0.0016922353929392602,0.1501330564572432,0.0011634328450505522,0.0005360092793624161,0.0003090957560853158,15.0
YDL130W,0.001487357461576599,0.003421541247289156,0.0011201180823511613,0.15534178976789118,0.0034049920760202473,0.0005808992451074025,0.00027208549227982593,8.0
YKL002W,0.0034705007436787306,0.016622808465916582,0.014939845882778222,0.19134479431950924,0.01605588353210857,0.0010390705074212782,0.000412337014785778,39.0
YLR287C,0.0004957858205255329,0.0,8.30749751583979e-05,0.1305130641394243,0.0,0.00023918149605348896,0.00018795878152746861,2.0
YDL132W,0.0009915716410510659,0.0003492857418648636,4.499338631039337e-05,0.12546613638361245,0.0003974967474334955,0.0004164481902078307,0.0002602025046590755,5.0
YOL133W,0.0039662865642042635,0.005237618850543371,0.0005522100256611377,0.1469467734518056,0.005305158370031843,0.0015595447880015594,0.0003119273636706156,29.0
YDL133C-A,0.0004957858205255329,0.0,8.581840559471832e-05,0.1273455115778304,0.0,0.0002129942424064185,0.00023584275279617798,7.0
YDL134C,0.001487357461576599,0.0027096993397990785,0.0012394879140372927,0.15856929006291526,0.0029195339593766365,0.0005391405943578785,0.0003046873061208048,11.0
YMR028W,0.0009915716410510659,0.00022970159603558787,9.371646779277741e-05,0.13281001148140745,0.00026205679898665054,0.0003969417550593554,0.0002383280775505424,5.0
YPR040W,0.0019831432821021317,0.0024999309156282746,0.00022869263196219128,0.1405798488878027,0.002590827948557486,0.000738532302598433,0.00029582654128326437,11.0
YDL135C,0.0004957858205255329,0.0,4.323660793748507e-25,0.0004957858205255329,0.0,0.0004955401387512388,0.0,1.0
YLR229C,0.0004957858205255329,0.0,4.323660793748507e-25,0.0004957858205255329,0.0,0.0004955401387512388,0.0,1.0
YDL144C,0.0019831432821021317,0.000809094915440974,0.037488152539943545,0.18849852036527576,0.0008090949154409741,0.0004886752595924092,0.0002717074893888247,43.0
YDR088C,0.0004957858205255329,0.0,0.002779104166594515,0.1531456454364331,0.0,0.00021279211884566904,0.00018777831519797237,2.0
YDL146W,0.0004957858205255329,0.0,4.323660793748507e-25,0.0004957858205255329,0.0,0.0004955401387512388,0.0,1.0
YKL070W,0.0004957858205255329,0.0,4.323660793748507e-25,0.0004957858205255329,0.0,0.0004955401387512388,0.0,1.0
YDL147W,0.0004957858205255329,0.0,0.0004428133728435181,0.1457825543871234,0.0,0.00021278327482170893,0.00025779388386379,14.0
YDL149W,0.0004957858205255329,0.0,4.323660793748507e-25,0.0004957858205255329,0.0,0.0004955401387512388,0.0,1.0
YLR065C,0.0004957858205255329,0.0,4.323660793748507e-25,0.0004957858205255329,0.0,0.0004955401387512388,0.0,1.0
YDL150W,0.0004957858205255329,0.0,4.323660793748507e-25,0.0004957858205255329,0.0,0.0004955401387512388,0.0,1.0
YKR025W,0.0004957858205255329,0.0,4.323660793748507e-25,0.0004957858205255329,0.0,0.0004955401387512388,0.0,1.0
YNL280C,0.0004957858205255329,0.0,4.535914617032855e-21,0.0009915716410510659,0.0,0.0003264936677862961,0.0,2.0
YFL003C,0.0004957858205255329,0.0,0.00016157196242994916,0.13486349961073846,0.0,0.000205515187574344,0.00023096148946808486,4.0
YGL025C,0.0009915716410510659,0.00016631825820413802,0.0029515046860438057,0.15675580069120726,0.00023175213636334163,0.0003235986664976694,0.00031349234995091586,6.0
YGL170C,0.0009915716410510659,0.00040275950845438036,0.0005927363017365578,0.1508580925564864,0.0004334620677889159,0.00032324863862337564,0.0003256474440521995,11.0
YIL144W,0.005453644025780862,0.012249610602403607,0.02458118256166305,0.1944189399512165,0.012440155566402994,0.0013986937453638194,0.0004473144543524279,51.0
YMR224C,0.0009915716410510659,5.2447657384983866e-05,0.0003345876300123824,0.1424735316210177,6.261058450262715e-05,0.00035007324477521643,0.00028689212509566914,6.0
YEL015W,0.0039662865642042635,0.0011525466685574353,0.00022939891401264965,0.1418866014706829,0.001272682817818016,0.0009184017608955717,0.00037660703076721483,20.0
YDL161W,0.0004957858205255329,0.0,0.0029824026530383134,0.1563179862822012,0.0,0.0001937596804533917,0.0002334948812555224,4.0
YOR111W,0.0039662865642042635,0.012638652072797006,0.04023070033863735,0.19332764192903784,0.0127125238056706,0.0009841850198690728,0.0003791111095087303,47.0
YGL053W,0.004462072384729797,0.0013511304154895318,0.007315970536297147,0.15741714005894233,0.0014991888099248106,0.0010117553399822507,0.0004359544045904714,40.0
YDL165W,0.0009915716410510659,0.00038331743210811393,0.0013558879293465048,0.1594350689760184,0.00040569804752636144,0.00032909745375562653,0.0003203025061754573,8.0
YGR014W,0.0024789291026276646,0.0032783426102568395,0.0033464832217686654,0.16542370149297475,0.0034044033695376443,0.0007561714923521452,0.00038222453493315443,19.0
YDL166C,0.0009915716410510659,0.0016172061288570957,0.0007074600248021807,0.14847357755310656,0.0016172061288570957,0.0004111334619150629,0.00023644753062790358,5.0
YER047C,0.0024789291026276646,0.007291310627332334,0.00949034554201766,0.18137192224182486,0.007474981410515168,0.0007570777331240901,0.00038635873838805497,23.0
YNL329C,0.0009915716410510659,0.000809094915440974,5.273672943538094e-05,0.12565392480102477,0.000809094915440974,0.0004883031709755779,0.0001702919522692996,3.0
YDL168W,0.0004957858205255329,0.0,0.000405251097267627,0.14040351793905664,0.0,0.0002335240251422882,0.00022565551873234943,9.0
YDL184C,0.0004957858205255329,0.0,8.581840559471832e-05,0.1273455115778304,0.0,0.0002129942424064185,0.00023584275279617798,7.0
YDL188C,0.0009915716410510659,1.9229569017906898e-05,2.3908972253282944e-05,0.11995360386881183,2.9805677983952007e-05,0.0004000913501553466,0.00023648123296781935,5.0
YDL189W,0.0019831432821021317,0.0009431596434043743,0.01889110792978458,0.17280849815038657,0.0009400202360974806,0.0005281011987236323,0.00037676412154613636,22.0
YIL122W,0.0039662865642042635,0.0019497372621793923,0.007027825140301309,0.16337149794733094,0.0022730405920696243,0.000851993901582249,0.0004176981093181837,25.0
YLR186W,0.0004957858205255329,0.0,0.001400304615073415,0.1426248095267525,0.0,0.00018648770760001254,0.00023260246701326933,3.0
YDL195W,0.0009915716410510659,0.0024243336402483655,0.0015194601570120711,0.1500156864108728,0.0024243336402483655,0.00039042916913936703,0.0002487074827641348,6.0
YIL109C,0.0039662865642042635,0.008111988002759989,0.020384395452554244,0.18362822366684278,0.00819343967029621,0.001085373174568314,0.00041985269260577695,37.0
YLR208W,0.001487357461576599,0.0016176979798695219,0.00011389732992715628,0.12678059991722088,0.0016176979798695219,0.0007062649014641655,0.0001766226577501561,6.0
YDL203C,0.001487357461576599,0.001105833923719428,0.00393163791362696,0.15924605288950267,0.0011126369617697781,0.00048735635539083334,0.0003201750780748749,9.0
YGR058W,0.0039662865642042635,0.002767475804710333,0.0030969436070923274,0.1588693620488415,0.00285528871212438,0.001018535477486238,0.00037857307845627245,18.0
YOR372C,0.0004957858205255329,0.0,0.0002914397808474377,0.13325798175822967,0.0,0.00021241677537348763,0.0002097187358221688,2.0
YDL204W,0.0004957858205255329,0.0,0.0001747446704423327,0.1247205623141091,0.0,0.00019233039387917987,0.00022821653199457494,3.0
YDL207W,0.0004957858205255329,0.0,3.0211146579387553e-05,0.11982519679954995,0.0,0.0002713920750471607,0.00016462169370399564,2.0
YDR192C,0.0009915716410510659,0.000809094915440974,0.00040749067668729267,0.14043287570548407,0.000809094915440974,0.0004647754841441755,0.00022575740554125955,9.0
YDL208W,0.0019831432821021317,0.0018315410993928701,0.004829561458485223,0.17018123097972318,0.0018921718688316815,0.0005918888405816792,0.0003424889080582865,23.0
YHR072W-A,0.001487357461576599,0.00025572875583695475,0.0005477145750070825,0.14452770132590434,0.00030687489645104876,0.00046802170021452893,0.00031338070623695193,9.0
YLR175W,0.0009915716410510659,0.0,0.00048451347474077593,0.14334014044637233,0.0,0.0003240643887466339,0.00027875764386781163,7.0
YNL124W,0.0034705007436787306,0.001472650340657086,0.0017064692780296889,0.1577128632291834,0.00152136898259606,0.0008750114565567261,0.00033937628578032216,17.0
YDL209C,0.0004957858205255329,0.0,0.0001486233402541813,0.13129121846573696,0.0,0.0002295936801897829,0.00019630670896070166,3.0
YLL036C,0.0019831432821021317,0.007697549111798354,0.0020043635392265513,0.15644542931783775,0.007644979191465748,0.0007336268233550891,0.00028993327844234045,10.0
YDL210W,0.0004957858205255329,0.0,1.5493042546136421e-21,0.0008924144769459593,0.0,0.0003468241341176632,0.0,2.0
YGL230C,0.001487357461576599,1.475553037278372e-06,2.6834736853734573e-21,0.001487357461576599,1.475553037278372e-06,0.0009416881526519658,0.0,6.0
YDL212W,0.0009915716410510659,0.000809094915440974,0.0007076801717822369,0.1384355824098686,0.000809094915440974,0.00037369542511045157,0.00025948753406326717,14.0
YDR508C,0.0004957858205255329,0.0,5.264937914040083e-05,0.11836803455436684,0.0,0.00023280531180063413,0.0001818595242825012,2.0
YDL215C,0.0009915716410510659,0.00016816103876063604,0.0003137500891154,0.14093384284156488,0.0002454398388253773,0.000351718085195614,0.00029910316358809945,6.0
YLR432W,0.0034705007436787306,0.0026462533377861193,0.003461585954045595,0.15911400806952794,0.0027387960634532543,0.000952223642564833,0.0003514886227923185,14.0
YPR048W,0.0024789291026276646,0.002578923459242689,0.0007709395306049388,0.15277985169733335,0.0027240992563423807,0.0008367901937081346,0.00035293265601940864,18.0
YDL216C,0.0004957858205255329,0.0,0.00048165288698516246,0.13970259554060893,0.0,0.0002137104829575164,0.0002151829326315805,3.0
YMR025W,0.0019831432821021317,0.002452936981603582,0.006496631018731551,0.1685370710317384,0.002457398790326719,0.000656176845903863,0.0003330881010248705,16.0
YDL217C,0.0004957858205255329,0.0,0.0012155789417840096,0.15715929052567626,0.0,0.00021338026501521766,0.00025214748700508696,11.0
YDL218W,0.0004957858205255329,0.0,1.6158059090890623e-06,0.10157595705708976,0.0,0.000274772025994859,0.0001300699403158894,2.0
YGL044C,0.001487357461576599,0.0024253173422732178,2.178300799497916e-05,0.11600660299878701,0.0024253173422732178,0.0007046827955645329,0.0001654760270099889,5.0
YDL220C,0.0004957858205255329,0.0,5.945877093855135e-23,0.0006610477607007105,0.0,0.0003840031352760571,0.0,2.0
YDR082W,0.0009915716410510659,4.91851012426124e-07,8.408740026333456e-23,0.0009915716410510659,4.91851012426124e-07,0.0007186141457016025,0.0,3.0
YDL224C,0.0004957858205255329,0.0,0.00016305834504571528,0.12407541623156797,0.0,0.00022813470643078004,0.00019342500798227605,3.0
YER059W,0.0019831432821021317,0.005245099196512186,0.002199476491316921,0.14630655224081854,0.005245099196512186,0.0007195133221810617,0.0002836909769919596,12.0
YDL226C,0.004462072384729797,0.003127788716921147,0.003466386259557254,0.1518643816984686,0.003138638295679776,0.0011802482457385734,0.0004150485678869428,35.0
YGL198W,0.0024789291026276646,0.0012580141344932672,0.0008000344701656531,0.14896755640711487,0.0013289451611685477,0.0006850305797455373,0.00036366508096837105,16.0
YGR172C,0.001487357461576599,8.732948893450313e-05,0.0016852881457823602,0.1488190179617721,0.00014469004837819912,0.0003920123573651026,0.0003597494978844226,15.0
YKR088C,0.0004957858205255329,0.0,0.0002570903900303788,0.12804961450171162,0.0,0.00018582643377192365,0.00024664826073239295,5.0
YOR327C,0.0009915716410510659,0.00018982110344707522,0.0006870272563912165,0.1437389466156185,0.00024311698244464596,0.0003170244098337073,0.0003031671147865945,7.0
YPR183W,0.0009915716410510659,0.00027468234017575985,0.00026100394618859443,0.12869986165784755,0.00025467612776700814,0.0003409751554130157,0.00028445856265549546,7.0
YDL235C,0.0004957858205255329,0.0,5.856726841479121e-06,0.11010167673138975,0.0,0.0002786847999851308,0.0001348149116247161,2.0
YDL236W,0.001487357461576599,0.0,0.025744205284218776,0.17540355916988182,0.0,0.0003012743381076461,0.0002707692768445337,39.0
YDL237W,0.0004957858205255329,0.0,4.323660793748507e-25,0.0004957858205255329,0.0,0.0004955401387512388,0.0,1.0
YPR148C,0.0004957858205255329,0.0,4.323660793748507e-25,0.0004957858205255329,0.0,0.0004955401387512388,0.0,1.0
YDR148C,0.0024789291026276646,0.0044814727945555015,0.012659227840376328,0.18969643498417668,0.0048139024771038695,0.0007455058165091386,0.00039209700510151204,26.0
YDR273W,0.001487357461576599,0.0019322360562232794,0.009397500744678938,0.17938574467453994,0.0023183504181902275,0.00044171972875747887,0.000362078201104564,20.0
YGR268C,0.005949429846306396,0.013020227692417037,0.029061316820108683,0.19299431840847053,0.01323102701456987,0.001393147800451913,0.0004403840278977726,49.0
YHR184W,0.0019831432821021317,0.0004343479352344399,0.008727720133301068,0.17478730723786012,0.0004976713730198473,0.0004057960970868036,0.00033572837757000996,16.0
YLR072W,0.0024789291026276646,0.00664367171964456,0.009990574664383247,0.18330246399057792,0.006765030216164686,0.0007302719641205269,0.0003760543168548399,25.0
YNR012W,0.0039662865642042635,0.003930409382957459,0.0489332016336888,0.19405380758782936,0.0037952039762487,0.0008754935413996019,0.0004104518290482139,48.0
YOL091W,0.0004957858205255329,0.0,0.007581754182795855,0.17309799692306121,0.0,0.0001711641196001293,0.0002666717232741308,13.0
YOR304C-A,0.0019831432821021317,0.0009454556782662906,0.01635209793857197,0.18571000361163487,0.001001520791454628,0.0005148878378769842,0.00039620043764685315,24.0
YOR380W,0.005453644025780862,0.008828153848954322,0.08492408577909698,0.20864250638753573,0.008385360066907264,0.001096789034501571,0.0004498746294489014,58.0
YDL246C,0.001487357461576599,0.0,0.0019198854666696177,0.14441892873056175,0.0,0.0003751289239386836,0.0001873999334812552,2.0
YJR159W,0.0009915716410510659,0.000809094915440974,0.02397801356546362,0.17544938037133687,0.0008090949154409741,0.0003326434047123402,0.0002709159882970073,39.0
YDR001C,0.0004957858205255329,0.0,4.323660793748507e-25,0.0004957858205255329,0.0,0.0004955401387512388,0.0,1.0
YLR270W,0.0004957858205255329,0.0,4.323660793748507e-25,0.0004957858205255329,0.0,0.0004955401387512388,0.0,1.0
YDR002W,0.0004957858205255329,0.0,8.581840559471832e-05,0.1273455115778304,0.0,0.0002129942424064185,0.00023584275279617828,7.0
YDR004W,0.0004957858205255329,0.0,3.140858201925473e-08,0.08909793420820875,0.0,0.00027822217262904155,0.00011802764643713448,2.0
YDR076W,0.0009915716410510659,0.000809094915440974,4.234308046074617e-07,0.10001045760724853,0.000809094915440974,0.0004798572078646223,0.00014646453909147753,3.0
YDR005C,0.0004957858205255329,0.0,0.000405251097267627,0.14040351793905664,0.0,0.0002335240251422882,0.00022565551873234943,9.0
YDR008C,0.0004957858205255329,0.0,0.0004428133728435181,0.1457825543871234,0.0,0.00021278327482170893,0.00025779388386378997,14.0
YDR013W,0.0009915716410510659,7.243160790469735e-05,0.000317578328159058,0.13664704538382044,0.00017041442751390535,0.0003626551880615943,0.00028807833346613057,6.0
YPR135W,0.001487357461576599,0.0019362765946867903,0.0018683648414862192,0.14806442417581073,0.0019217484058491542,0.0005192993969970485,0.0003020697029716625,9.0
YDR016C,0.0019831432821021317,6.199138698946601e-05,0.003098740273905724,0.15894455758170098,7.282702047633538e-05,0.0005512179413872869,0.0003619380236276382,16.0
YDR320C-A,0.0009915716410510659,2.951106074556744e-06,0.0013989931648310382,0.15412971384084395,3.1970315807698062e-06,0.00030863327071362843,0.0003051475388052909,7.0
YGL061C,0.0019831432821021317,0.0016172061288570957,0.003017688621850615,0.1589257520259057,0.0016172061288570957,0.00058690302070765,0.00034816877733531937,16.0
YGR113W,0.0039662865642042635,0.004708978659441696,0.019457930031792074,0.19007223094990164,0.004793916345699887,0.0010401029688026082,0.0004205295601343801,40.0
YKR037C,0.002974714923153198,0.005969918637055762,0.017915536597538168,0.19313306342529907,0.005502117352753019,0.0007805242523352604,0.00041097792047864803,39.0
YDR017C,0.0004957858205255329,0.0,3.489137228759513e-05,0.12415569425297669,0.0,0.00021920281579970247,0.0002196722569505469,4.0
YDR020C,0.001487357461576599,0.0,0.003918032923377605,0.15679239595225342,0.0,0.00031424510913583963,0.00024501759835523677,4.0
YDR022C,0.0004957858205255329,0.0,0.013488869448762882,0.18215899866055804,0.0,0.00018142087576644543,0.00027085284673366314,39.0
YDR110W,0.0004957858205255329,0.0,5.945877093855135e-23,0.0006610477607007105,0.0,0.0003840031352760571,0.0,2.0
YDR027C,0.0004957858205255329,0.0,2.49844666636464e-05,0.11768358648352505,0.0,0.00027879943032852817,0.000134402712876504,2.0
YFL029C,0.0009915716410510659,0.000809094915440974,0.00033701823653713473,0.1375003026024112,0.000809094915440974,0.00048103977000163347,0.00017255284669508324,3.0
YDR034C,0.0009915716410510659,0.001617206128857096,0.0014508401454344936,0.15425361232463886,0.0016172061288570957,0.00038546412830559826,0.00024882095445795914,6.0
YER043C,0.0009915716410510659,0.0008090949154409741,0.00010819528357452236,0.12976914849994736,0.000809094915440974,0.00047154904959320523,0.00017661746790053516,3.0
YDR036C,0.001487357461576599,0.005663101319171308,0.00590543198027461,0.16838917589607058,0.005730949254691713,0.00048080591506658447,0.00034996616855555526,13.0
YKL142W,0.006941001487357461,0.008595346568245675,0.000797073207621697,0.15040202173585882,0.00888567028367347,0.002350436222555883,0.0003631342376339175,58.0
YLR397C,0.0009915716410510659,0.00012103310987164799,0.0006913082633644175,0.1422020385478462,0.0001608537254763085,0.00033531890505855455,0.00030128529435113937,6.0
YDR044W,0.001487357461576599,0.0,7.275529125139733e-22,0.0004957858205255329,0.0,0.0006433328115339021,0.0,1.0
YDR077W,0.0004957858205255329,0.0,4.496524285476142e-22,0.0004957858205255329,0.0,0.0003477474659685757,0.0,1.0
YDR045C,0.0009915716410510659,0.00023286010531556258,0.002631561296070918,0.16006201812713952,0.00032990495605316996,0.0002787015414318223,0.00033762676688921077,16.0
YDR047W,0.0009915716410510659,0.0,4.323660793748507e-25,0.0,0.0,0.0004955401387512388,0.0,0.0
YDR051C,0.001487357461576599,0.0,0.0372656614609089,0.18844563076921367,0.0,0.0002945512675597785,0.00027155991966084465,43.0
YDR052C,0.0004957858205255329,0.0,0.013488869448762882,0.18215899866055804,0.0,0.00018142087576644543,0.00027085284673366325,39.0
YDR054C,0.0004957858205255329,0.0,0.0002704207935811312,0.13699545702426874,0.0,0.0002181738693203883,0.0002375051870917121,6.0
YNL236W,0.004957858205255329,0.00866906334426804,0.003648174965948933,0.16461280099546016,0.008805674917486583,0.0016879684488284382,0.00038979753926408764,40.0
YDR059C,0.0004957858205255329,0.0,6.518225841897224e-05,0.12075156923075826,0.0,0.00025966026729536725,0.00016095783845329134,2.0
YPR093C,0.001487357461576599,0.0016176979798695216,0.0008792390931495199,0.1417069792301883,0.0016176979798695219,0.0006526276221147905,0.0002189234309170003,7.0
YDR124W,0.0004957858205255329,0.0,0.00043090793437056916,0.13572198202717542,0.0,0.00023751050339308494,0.00018414831251054045,2.0
YDR070C,0.0004957858205255329,0.0,4.816834334300929e-06,0.10844828484764693,0.0,0.00022402248881534513,0.00020614257973546057,4.0
YML068W,0.0004957858205255329,0.0,5.945877093855135e-23,0.0006610477607007105,0.0,0.0003840031352760571,0.0,2.0
YER019C-A,0.0004957858205255329,0.0,5.945877093855135e-23,0.0006610477607007105,0.0,0.0003840031352760571,0.0,2.0
YER095W,0.0019831432821021317,0.0016172061288570957,5.677990647401524e-06,0.11394981813055267,0.0016172061288570957,0.0005960113784831602,0.0001928792375465846,4.0
YDR078C,0.001487357461576599,0.0004834253128348805,0.0021853551659575562,0.16461280099546016,0.0005477461553229486,0.0004553763427449868,0.0003491462980876475,10.0
YHL006C,0.0019831432821021317,0.0012342949649759582,0.0013138950959362,0.1561907507119715,0.0012665280846601663,0.0006432416722031893,0.0003389528733726524,11.0
YLR010C,0.0004957858205255329,0.0,5.945877093855135e-23,0.0006610477607007105,0.0,0.0003840031352760571,0.0,2.0
YDR084C,0.001487357461576599,0.0012315150090620366,0.0012169170184266288,0.16115662341007259,0.001279376851099845,0.00043109677019811975,0.0003375253525515183,12.0
YGL161C,0.001487357461576599,2.0447281781785882e-05,0.0002307592219557263,0.13825035571458985,2.589390642501704e-05,0.00044857771582063033,0.0003138091721087022,11.0
YDR085C,0.0004957858205255329,0.0,0.013488869448762882,0.18215899866055804,0.0,0.00018142087576644543,0.0002708528467336634,39.0
YDR086C,0.0004957858205255329,0.0,7.181701692526895e-05,0.12103446171589069,0.0,0.00018778789653271528,0.00022685740889652608,3.0
YPR071W,0.0034705007436787306,0.0016644683564526629,0.0009643180895248274,0.14209673713349782,0.0016727863792570716,0.0007998675073604428,0.000361918201851442,20.0
YDR091C,0.0004957858205255329,0.0,4.323660793748507e-25,0.0004957858205255329,0.0,0.0004955401387512388,0.0,1.0
YLR192C,0.0004957858205255329,0.0,4.323660793748507e-25,0.0004957858205255329,0.0,0.0004955401387512388,0.0,1.0
YDR092W,0.0004957858205255329,0.0,4.323660793748507e-25,0.0004957858205255329,0.0,0.0004955401387512388,0.0,1.0
YGL087C,0.0004957858205255329,0.0,4.323660793748507e-25,0.0004957858205255329,0.0,0.0004955401387512388,0.0,1.0
YGL220W,0.0009915716410510659,3.9204861090381256e-05,0.00012011636689542997,0.13092012242913792,5.33131609228462e-05,0.00034414755127069093,0.0002811226068369194,6.0
YKL168C,0.0009915716410510659,5.213830214816659e-05,4.0859267207425216e-05,0.12417864991429739,6.989476137137681e-05,0.0003785846698585857,0.0002584136331556851,5.0
YLR177W,0.001487357461576599,0.0015545425155575115,0.001044907273227472,0.1498984997347344,0.0015065623113400056,0.0004921271782026424,0.00032215941501319913,11.0
YNL042W,0.001487357461576599,0.0034907895538204073,0.0047201997413568566,0.17247566205995826,0.003703344110364001,0.0004917625958131562,0.00035144592558891094,23.0
YER101C,0.0009915716410510659,1.9195248364618024e-05,0.005166290972832805,0.15655483171596213,2.0891960058369406e-05,0.00026785173861203167,0.0003358359966717077,17.0
YGR177C,0.002974714923153198,0.002027494509095669,0.015723686328417794,0.1755181570786561,0.0021268205008205514,0.0007031757644582285,0.00041249237062914736,36.0
YGR223C,0.0009915716410510659,0.000809094915440974,0.004620488894515704,0.15655483171596213,0.000809094915440974,0.00037429196080169635,0.00026355596706235804,16.0
YHR105W,0.0009915716410510659,0.00011838136808526565,0.013448785142795825,0.17320960104744745,0.00019545525713962795,0.0002661388734590782,0.0003419895500590619,17.0
YJL104W,0.001487357461576599,0.0005371460250066479,0.009188745203118728,0.16857937451342306,0.0005898764286185735,0.00037106998779225665,0.00037815107600189707,21.0
YKL003W-A,0.0004957858205255329,0.0,0.004595075114515333,0.15651834725273306,0.0,0.00017592733888495074,0.000263417116756463,16.0
YLR108C,0.001487357461576599,0.0,0.004963105242529067,0.15651834725273306,0.0,0.000305972850085272,0.00026341711675646295,16.0
YLR393W,0.0004957858205255329,0.0,0.004595075114515333,0.15651834725273306,0.0,0.00017592733888495074,0.00026341711675646295,16.0
YML110C,0.0019831432821021317,0.00021977939891629333,0.011557948387538312,0.17269741014694717,0.0003657913175212567,0.00045695827073367537,0.00039618895690420573,25.0
YMR024W,0.001487357461576599,0.000809094915440974,0.005764341239028834,0.1585505731967605,0.000809094915440974,0.00044331307908526473,0.0003414730364063448,25.0
YNL198C,0.0004957858205255329,0.0,0.004595075114515333,0.15651834725273306,0.0,0.00017592733888495074,0.00026341711675646284,16.0
YNL204C,0.0009915716410510659,3.9017866334032225e-05,0.005889953794512023,0.15681069999100572,7.926635782563528e-05,0.0002890129193592639,0.0003294553823205811,16.0
YOR109W,0.0004957858205255329,0.0,0.004595075114515333,0.15651834725273306,0.0,0.00017592733888495074,0.0002634171167564629,16.0
YPL095C,0.001487357461576599,0.0008850631685660553,0.004779487368455082,0.1599476608862771,0.0009704893793071366,0.00040346338123750116,0.00035692676104992656,16.0
YPL100W,0.0009915716410510659,0.000809094915440974,0.004620488894515704,0.15655483171596213,0.000809094915440974,0.00037429196080169635,0.000263555967062358,16.0
YPL218W,0.0004957858205255329,0.0,0.004595075114515333,0.15651834725273306,0.0,0.00017592733888495074,0.0002634171167564629,16.0
YPR174C,0.002974714923153198,0.0021494095490706216,0.006088204804992473,0.1643710788207238,0.002348349176529376,0.0007507076651386616,0.0004070713736403791,32.0
YDR105C,0.0004957858205255329,0.0,0.000405251097267627,0.14040351793905664,0.0,0.0002335240251422882,0.00022565551873234913,9.0
YDR106W,0.0004957858205255329,0.0,0.0012552529412900091,0.14298919056024645,0.0,0.0001954226903404532,0.00022944898808243552,4.0
YHR129C,0.0039662865642042635,0.0034152470318051264,0.016932961466268822,0.17334371610826624,0.0035298762182257243,0.0009972629052477518,0.00036855935092764287,29.0
YDR107C,0.0004957858205255329,0.0,7.424147023468471e-08,0.09042954464271948,0.0,0.00027950814905102676,0.00011721106145267116,4.0
YDR108W,0.0004957858205255329,0.0,4.323660793748507e-25,0.0004957858205255329,0.0,0.0004955401387512388,0.0,1.0
YGR234W,0.0004957858205255329,0.0,4.323660793748507e-25,0.0004957858205255329,0.0,0.0004955401387512388,0.0,1.0
YGR098C,0.0004957858205255329,0.0,4.496524285476142e-22,0.0007436787307882995,0.0,0.0003477474659685757,0.0,2.0
YDR115W,0.0004957858205255329,0.0,5.90922120435227e-05,0.1270083638542885,0.0,0.00022805556921106317,0.0002273345943845782,7.0
YDR123C,0.0009915716410510659,0.0015922516327629653,0.0016507586343480812,0.14963133074779492,0.0015913562840852754,0.00037523309173481,0.00029833092022754095,15.0
YOL108C,0.0024789291026276646,0.002428569023966479,0.0002514385945641339,0.12693635003996928,0.0024286988179836474,0.0010088965579847294,0.0002748136166966231,14.0
YDR128W,0.0004957858205255329,0.0,8.442534489438822e-06,0.10974186733030677,0.0,0.0002750822759968448,0.00013685904589431436,2.0
YDR132C,0.0039662865642042635,0.004231616430537736,0.013797607809783258,0.1677373196956737,0.004026497539334813,0.0009708404459453018,0.00037507406415611963,20.0
YFL009W,0.0019831432821021317,0.00018983543518349933,0.0011597823446797943,0.1406829132931457,0.00022416367882436053,0.00048526629175903467,0.000299933225400385,6.0
YHL009C,0.0019831432821021317,0.0028242694819872512,0.061195975216129954,0.2039229476427744,0.0026540570597854843,0.0004877527818006477,0.00040246220563111925,48.0
YHR170W,0.0004957858205255329,0.0,0.001022715700467597,0.1391526423001093,0.0,0.00019217730284075044,0.00023195720357213972,4.0
YJR102C,0.002974714923153198,0.001728127981562031,0.0011649261643354727,0.14602026917305738,0.001626643888470321,0.0008193279551083301,0.00034877281488726597,19.0
YPL018W,0.0004957858205255329,0.0,0.001022715700467597,0.1391526423001093,0.0,0.00019217730284075044,0.00023195720357213972,4.0
YDR138W,0.0009915716410510659,0.0010421924240917098,0.013705217947158137,0.18524899408674045,0.0011695571916336155,0.0003178681802253499,0.0003282684769935729,39.0
YKL171W,0.0019831432821021317,0.001460794492485328,0.002917897146596792,0.16240363391644966,0.0016070081353799029,0.0006422989489458477,0.0003543994400833579,15.0
YNR046W,0.0009915716410510659,0.005643006665564921,0.0038107332742206056,0.15871918422816436,0.005643006665564921,0.0003755930206545462,0.000246958508161848,5.0
YGR239C,0.0009915716410510659,6.678300859233642e-05,0.001578162807155992,0.14498008161068052,8.728260549584852e-05,0.0003249780093919915,0.0003111896854885846,7.0
YHR160C,0.0009915716410510659,0.0,0.0009785042493240853,0.1414979939031871,0.0,0.0003466415032175161,0.0002674762543260205,7.0
YIL160C,0.0009915716410510659,0.0,0.0009785042493240853,0.1414979939031871,0.0,0.0003466415032175161,0.0002674762543260203,7.0
YDR145W,0.0004957858205255329,0.0,4.323660793748507e-25,0.0004957858205255329,0.0,0.0004955401387512388,0.0,1.0
YLR390W,0.0004957858205255329,0.0,4.323660793748507e-25,0.0004957858205255329,0.0,0.0004955401387512388,0.0,1.0
YDR335W,0.0009915716410510659,9.527091542442299e-05,0.0006855500692478549,0.13875017623416538,0.00015977669374595352,0.000330444898552038,0.00030031093995382856,7.0
YFR049W,0.0009915716410510659,0.0005135342631173496,0.0012430981487431534,0.1612146490786072,0.0005889033591651926,0.0003284489269163047,0.00032675871432124134,10.0
YKL010C,0.0004957858205255329,0.0,0.0009384847416569358,0.15393541784585776,0.0,0.00020107654175771606,0.00023835690382156767,3.0
YNL092W,0.0034705007436787306,0.004461018454115751,0.0038998569106252177,0.17198981512457812,0.004573916474490732,0.001158409887961166,0.00038025276833477604,26.0
YGR173W,0.0004957858205255329,0.0,8.979028129087142e-05,0.12858897722792983,0.0,0.0002453128054567669,0.00016973685512829682,2.0
YDR159W,0.0004957858205255329,0.0,0.013488869448762882,0.18215899866055804,0.0,0.00018142087576644543,0.0002708528467336634,39.0
YDR167W,0.001487357461576599,0.001036445403099317,0.0004878408635294944,0.14616327052480466,0.0011230249546920871,0.0005234330871074005,0.0003084138751397317,8.0
YML015C,0.0024789291026276646,0.0035245424196507255,0.0030833079367143727,0.16736113333204022,0.003942144857735325,0.0007366727244743355,0.00038990008022076893,18.0
YML114C,0.0004957858205255329,0.0,3.616787080104891e-05,0.12397235404918827,0.0,0.00022278187054014948,0.00020460792284358143,2.0
YDR171W,0.0024789291026276646,0.0019221211855015505,0.010236760903939341,0.181469934628878,0.0021899220127742027,0.0005383588964487491,0.0003769481139837482,23.0
YDR173C,0.0009915716410510659,4.91851012426124e-07,8.408740026333456e-23,0.0009915716410510659,4.91851012426124e-07,0.0007186141457016025,0.0,3.0
YMR042W,0.0004957858205255329,0.0,5.945877093855135e-23,0.0006610477607007105,0.0,0.0003840031352760571,0.0,2.0
YMR043W,0.0004957858205255329,0.0,5.945877093855135e-23,0.0006610477607007105,0.0,0.0003840031352760571,0.0,2.0
YDR174W,0.0039662865642042635,0.007847238235591263,0.0315518513300063,0.18852497629795859,0.00810379128010825,0.0010660727676101104,0.0003802920816113677,39.0
YIL013C,0.0004957858205255329,0.0,0.0023390025872696285,0.15316310788175083,0.0,0.00020382605727490227,0.00023394232868517977,4.0
YPR104C,0.0004957858205255329,0.0,0.0023390025872696285,0.15316310788175083,0.0,0.00020382605727490227,0.00023394232868517977,4.0
YDR177W,0.0004957858205255329,0.0,6.518225841897224e-05,0.12075156923075826,0.0,0.00025966026729536725,0.0001609578384532915,2.0
YDR179C,0.0009915716410510659,0.000809094915440974,0.0004843155609985186,0.13973166088868771,0.000809094915440974,0.0004334517138078686,0.00021527557989279173,4.0
YKR060W,0.0004957858205255329,0.0,3.5910742011268665e-05,0.11931430592671478,0.0,0.00025862886890971263,0.00015897723671722303,2.0
YDR189W,0.0004957858205255329,0.0,0.000659914772889335,0.13986260476082416,0.0,0.00022580742019056763,0.00018279514717805086,2.0
YLR026C,0.0009915716410510659,0.000809094915440974,0.008902633745143579,0.1687700032821906,0.000809094915440974,0.00035649400247468697,0.00026139658066185383,9.0
YDR190C,0.0004957858205255329,0.0,2.4950826835746443e-05,0.1205456749639195,0.0,0.0002521659476985192,0.00017445444931537865,2.0
YPL235W,0.0009915716410510659,0.000809094915440974,0.0003365605638612444,0.1414235055930675,0.000809094915440974,0.000417420794916676,0.0002446689497566005,6.0
YDR194C,0.0004957858205255329,0.0,0.000405251097267627,0.14040351793905664,0.0,0.0002335240251422882,0.000225655518732349,9.0
YDR195W,0.0004957858205255329,0.0,0.005795090851763705,0.16591408795985116,0.0,0.00018454679427343072,0.00026204426557043913,10.0
YDR200C,0.0009915716410510659,0.00022467019112536413,2.397284151973761e-05,0.12082760242178239,0.00025396863651904145,0.00041163277662830354,0.00023466046696910155,5.0
YMR052W,0.001487357461576599,0.006377927953386763,0.0002669348678976855,0.1377258747178258,0.006391372047164995,0.0005701966954454706,0.0002687355798416678,8.0
YDR201W,0.0019831432821021317,0.0034893695650974857,0.028155813882325898,0.19077410255971522,0.0040022007367532,0.0005088144255649841,0.00039603003141202144,39.0
YKR083C,0.0019831432821021317,0.002234433377047336,0.015769123648964687,0.1878395267966655,0.002293145499917574,0.0005514574981185848,0.0003722279733109075,39.0
YDR203W,0.0004957858205255329,0.0,0.0004428133728435181,0.1457825543871234,0.0,0.00021278327482170893,0.0002577938838637911,14.0
YDR205W,0.0004957858205255329,0.0,4.323660793748507e-25,0.0004957858205255329,0.0,0.0004955401387512388,0.0,1.0
YNR039C,0.0004957858205255329,0.0,4.323660793748507e-25,0.0004957858205255329,0.0,0.0004955401387512388,0.0,1.0
YER027C,0.001487357461576599,0.0003157566660213162,0.003523101685601273,0.1626592947593794,0.00035496946519715083,0.00041759415214312565,0.0003433104466516817,10.0
YOR047C,0.006941001487357461,0.0109403715373402,0.004107243625256624,0.17080880672977555,0.010935629141214917,0.002099279823976006,0.00043439544674541775,62.0
YDR207C,0.0009915716410510659,0.0006794577572322907,0.00427543184851577,0.16686216846247887,0.0008084229259066279,0.0003065241236342268,0.0003390843735804202,13.0
YDR208W,0.0004957858205255329,0.0,0.0006231542768677668,0.139746198098518,0.0,0.00022328323429072978,0.00018344867755245846,2.0
YDR212W,0.001487357461576599,0.0009088007308960179,0.019689439001472225,0.17401741885256575,0.0009170969873303605,0.00043859342599853065,0.0003447136192182625,20.0
YLR030W,0.0004957858205255329,0.0,0.0014594757644681487,0.14344729347746207,0.0,0.00019854081594398955,0.0002199755977910274,2.0
YDR214W,0.0019831432821021317,0.002113204432553117,0.0013850614739918644,0.14973140743762736,0.002098525742018582,0.0007413893747853813,0.00030163376405585644,13.0
YMR186W,0.0004957858205255329,0.0,0.00010267909959895611,0.1265298093559679,0.0,0.00023215716848314517,0.00020160157441124078,3.0
YOL052C,0.0004957858205255329,0.0,0.00010267909959895611,0.1265298093559679,0.0,0.00023215716848314517,0.0002016015744112408,3.0
YPL240C,0.0009915716410510659,0.0001250667006660052,0.00018559917598480862,0.13283627928431122,0.00015005827887996123,0.0003755626348174774,0.0002847845014313486,6.0
YDR215C,0.0009915716410510659,4.91851012426124e-07,8.408740026333456e-23,0.0009915716410510659,4.91851012426124e-07,0.0007186141457016025,0.0,3.0
YKR024C,0.0004957858205255329,0.0,5.945877093855135e-23,0.0006610477607007105,0.0,0.0003840031352760571,0.0,2.0
YPL175W,0.0004957858205255329,0.0,5.945877093855135e-23,0.0006610477607007105,0.0,0.0003840031352760571,0.0,2.0
YDR218C,0.0004957858205255329,0.0,0.0003486985677681752,0.13996461978982547,0.0,0.00025393921327600494,0.0001854656013743918,3.0
YJR076C,0.0019831432821021317,0.0024258091932856437,0.00470407843049481,0.16891856842592493,0.0024258091932856437,0.0008450863660666773,0.00026689189302673357,23.0
YDR225W,0.0004957858205255329,0.0,8.581840559471832e-05,0.1273455115778304,0.0,0.0002129942424064185,0.00023584275279617806,7.0
YNL041C,0.004462072384729797,0.005488124661524989,0.006250504268737269,0.17611648828149404,0.005855254909598704,0.0012876725612041367,0.00041644777788111035,36.0
YOR285W,0.0009915716410510659,4.79917778697445e-05,5.276896642356186e-05,0.12181377129980547,7.251842218858692e-05,0.00036507351062933747,0.0002559032361461439,5.0
YDR236C,0.0004957858205255329,0.0,5.945877093855135e-23,0.0006610477607007105,0.0,0.0003840031352760571,0.0,2.0
YDR398W,0.0009915716410510659,4.91851012426124e-07,8.408740026333456e-23,0.0009915716410510659,4.91851012426124e-07,0.0007186141457016025,0.0,3.0
YDR240C,0.0004957858205255329,0.0,0.013488869448762882,0.18215899866055804,0.0,0.00018142087576644543,0.0002708528467336635,39.0
YDR242W,0.0009915716410510659,0.0,4.323660793748507e-25,0.0,0.0,0.0004955401387512388,0.0,0.0
YDR244W,0.001487357461576599,2.02211713312062e-05,0.017951036571588554,0.17007349406469421,2.2055703784877295e-05,0.0003651636270013544,0.00036651576362043255,16.0
YER056C-A,0.001487357461576599,8.166549885919436e-05,0.015103475649921264,0.17271961632029767,9.118445274616059e-05,0.00038073896176365606,0.00036680604131313977,16.0
YDR245W,0.0004957858205255329,0.0,0.00020359418250453986,0.1273938217112059,0.0,0.0001894173537013698,0.0002371275933410988,4.0
YJL183W,0.002974714923153198,0.0019810200944566253,0.0027354202730230106,0.1509428538176149,0.0019798879187414567,0.0008142852646992241,0.000388781491137176,34.0
YDR252W,0.0004957858205255329,0.0,4.556061705332295e-07,0.09800382723792171,0.0,0.00028346278800498077,0.0001341223393305128,2.0
YGR134W,0.0009915716410510659,0.0008090949154409741,6.141187727821875e-06,0.11137057094129468,0.000809094915440974,0.0004913490579034148,0.00017209098904789782,4.0
YDR255C,0.0004957858205255329,0.0,4.323660793748507e-25,0.0004957858205255329,0.0,0.0004955401387512388,0.0,1.0
YKL144C,0.0004957858205255329,0.0,4.323660793748507e-25,0.0004957858205255329,0.0,0.0004955401387512388,0.0,1.0
YMR033W,0.0004957858205255329,0.0,0.007635441498496961,0.1662426307082865,0.0,0.0001712037957059182,0.00025002453961166655,4.0
YDR311W,0.0039662865642042635,0.008663895027740573,0.03351654950697181,0.19349473582871723,0.008561415179042768,0.0010390118240510085,0.0004342677840950148,44.0
YGL181W,0.005949429846306396,0.009546853904265287,0.015325234559912285,0.18540240940275432,0.009693941801314675,0.0015838116309526648,0.0004406777947229311,53.0
YGR066C,0.0004957858205255329,0.0,0.0016595472646897503,0.15550364159793414,0.0,0.00018486970205339127,0.0002550626150410931,5.0
YIL153W,0.0034705007436787306,0.0015192904747263658,0.0328302835544692,0.19346686678999783,0.0016985605586247324,0.0007892296817324142,0.000434491014549339,44.0
YKL071W,0.001487357461576599,0.0016585059770770003,0.005316537414817502,0.1676954377182216,0.0016679578341279775,0.000471729210532237,0.00033127776080110586,11.0
YLR447C,0.0034705007436787306,0.003616843979647703,0.002385927913988744,0.164754134198817,0.003865287372244781,0.0010876737666618824,0.00039325990053358224,25.0
YDR264C,0.001487357461576599,0.0008868766600766642,0.0002281841303675096,0.1355439410820338,0.0009439617223113792,0.0005920820718539304,0.0002723090214664347,6.0
YHR135C,0.0004957858205255329,0.0,1.6915373667345286e-05,0.11624755137368716,0.0,0.00024164983189421614,0.00018806542601354446,2.0
YOR101W,0.0009915716410510659,0.0007106429513742363,0.0020928082241041864,0.14621099990453412,0.0007737639698340626,0.0003619377420837632,0.00027251616327934235,5.0
YDR267C,0.0004957858205255329,0.0,5.945877093855135e-23,0.0006610477607007105,0.0,0.0003840031352760571,0.0,2.0
YHR122W,0.0009915716410510659,4.91851012426124e-07,8.408740026333456e-23,0.0009915716410510659,4.91851012426124e-07,0.0007186141457016025,0.0,3.0
YDR271C,0.0004957858205255329,0.0,0.00011462948882497418,0.13283627928431122,0.0,0.0002221464397789613,0.0002266595087558623,5.0
YFR052W,0.0009915716410510659,1.5781569729781212e-05,0.0024773536980356964,0.15856929006291526,5.0514613781860485e-05,0.00033325705143890386,0.00029026726706527303,5.0
YDR277C,0.0004957858205255329,0.0,0.00017693133055003552,0.13709333089640285,0.0,0.00020647334045991665,0.00023878614792654786,4.0
YDR279W,0.0004957858205255329,0.0,4.323660793748507e-25,0.0004957858205255329,0.0,0.0004955401387512388,0.0,1.0
YLR154C,0.0004957858205255329,0.0,4.323660793748507e-25,0.0004957858205255329,0.0,0.0004955401387512388,0.0,1.0
YDR284C,0.0034705007436787306,0.0005746901713520045,0.003039525619237793,0.1509937563087854,0.0005759291472052452,0.0006818363311502006,0.00040176722938432325,34.0
YDR292C,0.0009915716410510659,0.00012496640630536732,8.626542057072442e-05,0.13333734922800825,0.00013937088380675778,0.0003902471149220068,0.00025851892130973196,5.0
YDR296W,0.001487357461576599,0.00043047194819213514,0.01784994491452911,0.17341085155215014,0.0005508886423232569,0.0004254428092877162,0.00037622067765651486,20.0
YDR299W,0.0004957858205255329,0.0,0.001005680761795844,0.14896755640711487,0.0,0.0002370163129829662,0.00018743996007671514,2.0
YER127W,0.0009915716410510659,0.0008090949154409741,0.01356345510205288,0.18220841781374864,0.000809094915440974,0.0003829549173056059,0.0002709996487863386,39.0
YDR300C,0.0009915716410510659,0.0,4.323660793748507e-25,0.0,0.0,0.0004955401387512388,0.0,0.0
YDR308C,0.0019831432821021317,0.002985408429300157,0.0035241100427421796,0.16917386097266437,0.003267534432571917,0.0005391969182355436,0.0003946826438061087,21.0
YKL028W,0.0009915716410510659,0.0008090949154409741,0.002498608336433564,0.15646365243132848,0.000809094915440974,0.00038797392557751725,0.00025343874234384724,6.0
YLR288C,0.002974714923153198,0.00411854301409601,0.0026842219895075476,0.157177680332665,0.004121615846434054,0.0010901220567627991,0.0003140325882584868,19.0
YMR294W,0.002974714923153198,0.0013307399122627064,0.005332185259802864,0.162757840315395,0.0014584872027262926,0.0008483437479841986,0.0003921017153479358,22.0
YDR312W,0.0004957858205255329,0.0,5.945877093855135e-23,0.0006610477607007105,0.0,0.0003840031352760571,0.0,2.0
YPR143W,0.0009915716410510659,4.91851012426124e-07,8.408740026333456e-23,0.0009915716410510659,4.91851012426124e-07,0.0007186141457016025,0.0,3.0
YDR313C,0.0004957858205255329,0.0,5.945877093855135e-23,0.0006610477607007105,0.0,0.0003840031352760571,0.0,2.0
YDR314C,0.0004957858205255329,0.0,8.694783625475726e-05,0.12277126918224614,0.0,0.00023205255334906417,0.00017506122399735269,2.0
YML011C,0.0009915716410510659,0.000809094915440974,0.0011723249510928841,0.1444966067257912,0.000809094915440974,0.0003713371075174114,0.00024586411911859004,5.0
YDR315C,0.0019831432821021317,0.00177971057730073,7.378353137312202e-06,0.11674260873656832,0.001806241339648721,0.000778318528298157,0.00025955817309813653,9.0
YJR117W,0.0004957858205255329,0.0,5.471440550451878e-07,0.10213979591840583,0.0,0.00024002883749683473,0.00018189421781273125,3.0
YLR323C,0.0004957858205255329,0.0,5.471440550451878e-07,0.10213979591840583,0.0,0.00024002883749683473,0.00018189421781273125,3.0
YDR318W,0.0004957858205255329,0.0,0.023835713256763955,0.17540355916988182,0.0,0.0001732300979500551,0.0002707692768445353,39.0
YDR321W,0.0009915716410510659,0.0,4.323660793748507e-25,0.0,0.0,0.0004955401387512388,0.0,0.0
YDR323C,0.0004957858205255329,0.0,1.6894006609393857e-05,0.12072986303459958,0.0,0.00025574513514933284,0.0001688284655687701,2.0
YGL095C,0.0009915716410510659,0.000809094915440974,0.00022735055192381397,0.14167708639626148,0.000809094915440974,0.00042516940286897465,0.00023374470579101027,4.0
YDR326C,0.0009915716410510659,0.000809094915440974,0.0014920032336261907,0.15391777886134467,0.000809094915440974,0.0003920499508710695,0.000244299498391318,6.0
YER007C-A,0.0004957858205255329,0.0,0.00011064808117350233,0.12950640726214374,0.0,0.00024096444200247453,0.00017426653844780142,2.0
YDR328C,0.0039662865642042635,0.0054131921748309325,0.0006892030535814534,0.14199159155633775,0.005432753439919159,0.0014657537007744233,0.00033274273076119875,26.0
YLR352W,0.0004957858205255329,0.0,5.1091324780114765e-05,0.12095816804348986,0.0,0.00022985648055298815,0.00021503874042873343,5.0
YLR368W,0.0009915716410510659,0.0002930808663985223,5.719871037047954e-05,0.12482487279276601,0.00032029146653795475,0.00040620037717015254,0.0002566941524823376,6.0
YLR429W,0.0004957858205255329,0.0,5.1091324780114765e-05,0.12095816804348986,0.0,0.00022985648055298815,0.00021503874042873343,5.0
YML088W,0.0004957858205255329,0.0,5.1091324780114765e-05,0.12095816804348986,0.0,0.00022985648055298815,0.00021503874042873338,5.0
YMR258C,0.0009915716410510659,0.0002674049700503167,6.109399731185717e-05,0.1240983422138724,0.00030371841004897527,0.0003947814390995005,0.00026988716792786737,6.0
YDR330W,0.0019831432821021317,0.006969771125896533,0.006859445114098386,0.17570182552295027,0.006971870293822915,0.0006528172346220867,0.0003643280181169803,23.0
YKR094C,0.0004957858205255329,0.0,0.0005084829053790075,0.14458993069138376,0.0,0.0002127718408025419,0.00022780188552682358,3.0
YLR293C,0.002974714923153198,0.0009143621624744766,0.007555699853905135,0.16017653900822262,0.0009822360740496267,0.0007364714223593947,0.000405796612290286,26.0
YDR348C,0.0004957858205255329,0.0,4.323660793748507e-25,0.0004957858205255329,0.0,0.0004955401387512388,0.0,1.0
YMR295C,0.0004957858205255329,0.0,4.323660793748507e-25,0.0004957858205255329,0.0,0.0004955401387512388,0.0,1.0
YDR353W,0.001487357461576599,0.0030306181985417253,0.0003384876157849288,0.14166214470817917,0.0030502136313751817,0.0005733521460869786,0.00027120224024999157,8.0
YHR106W,0.0004957858205255329,0.0,2.5093696053346642e-05,0.12071901286267232,0.0,0.00023713958847711066,0.00018753685654692164,2.0
YDR357C,0.001487357461576599,0.0021296020999041375,0.013786234247052281,0.18248070318203435,0.0021017058623606826,0.0004617388995303995,0.0003480830267241159,39.0
YGL079W,0.001487357461576599,0.00013787106583033716,0.002567667490630938,0.15510859770472923,0.00015003032762450971,0.00044732834659769736,0.0003438103427729143,10.0
YPR182W,0.0019831432821021317,0.0016810447396464702,0.0014420759293613708,0.1532504798771198,0.0016939983481750434,0.0007221728056011272,0.0002947578981433562,10.0
YGL068W,0.0004957858205255329,0.0,0.0008072667694475323,0.1412599070483705,0.0,0.0001899601489079076,0.0002441712883494706,5.0
YHR022C,0.001487357461576599,0.0014231479090581764,0.0032883836819655424,0.166180929867989,0.001567554952068258,0.00041935081579574473,0.00036984536015229963,19.0
YJR056C,0.0019831432821021317,0.0007189877489955245,0.02661610677465193,0.17692840570639554,0.0008033993384471854,0.0004030600645921423,0.00033862479560238263,39.0
YPL125W,0.004462072384729797,0.00506902627190145,0.009939042774242488,0.16750722735041215,0.005119327745500524,0.0012413039463002283,0.0003985485300593438,37.0
YPL208W,0.001487357461576599,0.0009078498610786483,0.0008525540296343312,0.14390834113166434,0.0009179307852499769,0.0005080999391608075,0.0003021714406111347,9.0
YDR363W-A,0.0004957858205255329,0.0,4.323660793748507e-25,0.0004957858205255329,0.0,0.0004955401387512388,0.0,1.0
YJR084W,0.0004957858205255329,0.0,4.323660793748507e-25,0.0004957858205255329,0.0,0.0004955401387512388,0.0,1.0
YDR364C,0.0004957858205255329,0.0,0.0001486233402541813,0.13129121846573696,0.0,0.0002295936801897829,0.0001963067089607025,3.0
YDR366C,0.0004957858205255329,0.0,1.1183264313439077e-07,0.0915512851774097,0.0,0.00028783181839178566,0.00011573900070394349,2.0
YER071C,0.001487357461576599,0.0016176979798695219,1.508330955071116e-06,0.103112033171333,0.0016176979798695219,0.0007519652131863897,0.00014295660195163038,6.0
YDR373W,0.0009915716410510659,0.0008090949154409739,0.005827112269590897,0.16595508476932974,0.000809094915440974,0.00038781967159356583,0.0002621816719777974,10.0
YNL267W,0.0004957858205255329,0.0,0.0004319542190039432,0.1379238583142987,0.0,0.00023915977076064408,0.00018317872867093816,2.0
YDR374C,0.0009915716410510659,0.00010512920940175939,0.01428660972641492,0.18322745275173305,0.0001066055086697328,0.00029186605907991164,0.00033662926226855515,39.0
YIR024C,0.0004957858205255329,0.0,5.945877093855135e-23,0.0006610477607007105,0.0,0.0003840031352760571,0.0,2.0
YDR378C,0.0009915716410510659,0.0,0.004657636647013014,0.15782404607248915,0.0,0.0003158236452269104,0.0002858265486932,9.0
YER146W,0.0019831432821021317,2.1313543871798707e-06,0.005308012380823818,0.15793538578753144,2.2748109324708238e-06,0.0005933182189950533,0.00032006698746224075,11.0
YDR383C,0.001487357461576599,0.0030780812050022997,0.025903971374958767,0.18275380355414353,0.003192189331895275,0.0004432729014949153,0.000369288005993801,39.0
YLR315W,0.001487357461576599,0.0009231063464867663,0.005883804296743541,0.1709174775573171,0.0010341035847268936,0.0004983226516421754,0.00032340625856846795,11.0
YDR386W,0.0009915716410510659,0.000809094915440974,9.55684031745527e-05,0.12158222810671208,0.000809094915440974,0.0004755526836407402,0.00019858190386330576,4.0
YNL024C,0.0004957858205255329,0.0,7.083589791859617e-06,0.10582529395122943,0.0,0.00027607965670530546,0.0001496847883893381,2.0
YGL060W,0.0009915716410510659,0.0007321099958456585,0.00034013545536721625,0.14315682149876957,0.0008666467293297351,0.0003563728079246306,0.000304341835579466,8.0
YGL090W,0.0019831432821021317,0.001306627856430236,0.002983686291385311,0.16311359515761445,0.0013930988315497155,0.0006093596182708401,0.00036038407908125543,15.0
YOR181W,0.0009915716410510659,9.220419478332012e-05,0.00210795235140221,0.1560274661543681,9.632671823965175e-05,0.00030715685812579926,0.00031736085746706614,8.0
YPL077C,0.0034705007436787306,0.007378777609139362,0.022206326067987996,0.19055759059766703,0.007364652122486351,0.0008813046479526824,0.0004325710847542039,39.0
YDR389W,0.0004957858205255329,0.0,0.0004428133728435181,0.1457825543871234,0.0,0.00021278327482170893,0.0002577938838637912,14.0
YDR394W,0.0009915716410510659,0.0024243336402483655,0.0010303026094698176,0.14979819963454388,0.0024243336402483655,0.00041774126777385356,0.00022361007597305327,5.0
YGR232W,0.0009915716410510659,0.0016172061288570957,7.683747852046189e-05,0.12662523153496935,0.0016172061288570957,0.00047912306361528424,0.00016358391707554685,3.0
YOR117W,0.0024789291026276646,0.008606616829712603,0.013818615640058955,0.18330246399057792,0.008677353847319004,0.0008229010092708157,0.00035297393351062863,39.0
YDR397C,0.001487357461576599,0.0,7.275529125139733e-22,0.0004957858205255329,0.0,0.0006433328115339021,0.0,1.0
YER159C,0.0004957858205255329,0.0,4.496524285476142e-22,0.0004957858205255329,0.0,0.0003477474659685757,0.0,1.0
YMR093W,0.0004957858205255329,0.0,5.945877093855135e-23,0.0006610477607007105,0.0,0.0003840031352760571,0.0,2.0
YDR399W,0.0009915716410510659,0.0,4.323660793748507e-25,0.0,0.0,0.0004955401387512388,0.0,0.0
YJL019W,0.006941001487357461,0.005750746174081141,0.0032661687704407544,0.15765733053086325,0.005889754854730889,0.0017942398663074002,0.0004159439704310634,55.0
YDR412W,0.0004957858205255329,0.0,9.504326683342313e-05,0.12156022227357059,0.0,0.00024045862255598477,0.00019850306562991464,4.0
YGR129W,0.0004957858205255329,0.0,0.0004989107669836998,0.13965902018329746,0.0,0.0001940052583986322,0.0002425668112003078,5.0
YGR195W,0.0019831432821021317,0.0011639785751648812,0.008404554130270893,0.17026751883926416,0.0012099172306046083,0.0005586275634402502,0.00037783029476771475,23.0
YJR050W,0.0004957858205255329,0.0,0.0004989107669836998,0.13965902018329746,0.0,0.0001940052583986322,0.0002425668112003079,5.0
YKL098W,0.0004957858205255329,0.0,0.0004989107669836998,0.13965902018329746,0.0,0.0001940052583986322,0.00024256681120030796,5.0
YDR418W,0.0004957858205255329,0.0,5.945877093855135e-23,0.0006610477607007105,0.0,0.0003840031352760571,0.0,2.0
YDR465C,0.0009915716410510659,4.91851012426124e-07,8.408740026333456e-23,0.0009915716410510659,4.91851012426124e-07,0.0007186141457016025,0.0,3.0
YDR422C,0.0004957858205255329,0.0,0.0012155789417840096,0.15715929052567626,0.0,0.00021338026501521766,0.0002521474870050871,11.0
YDR423C,0.0009915716410510659,0.000228564734689743,0.0008939963398609317,0.1564818797906518,0.0002582997799208744,0.00031123323227572877,0.00032384853916673584,11.0
YEL051W,0.001487357461576599,0.0006217981703072994,0.006242615590764778,0.1727862691179515,0.000647292485156196,0.000420741977809367,0.00036440170067598174,16.0
YDR424C,0.0004957858205255329,0.0,0.0001139230103308693,0.1253256630082996,0.0,0.00021570255673648836,0.00020039455040371138,2.0
YDR488C,0.001487357461576599,0.000809094915440974,0.0015368034008318024,0.14804810494025736,0.0008090949154409739,0.0004990083458635667,0.0002989397509519574,9.0
YDR425W,0.0019831432821021317,0.001294755472863123,0.0010942169762740222,0.15455533956080486,0.0012959630182927577,0.0006381020937497545,0.00031672554507106425,11.0
YJR110W,0.0004957858205255329,0.0,8.115439960977346e-05,0.12995747447010014,0.0,0.0002099628057555962,0.00020823322118081246,3.0
YDR428C,0.0004957858205255329,0.0,0.034503050977095245,0.18844563076921367,0.0,0.00016936318100677073,0.00027155991966084514,43.0
YDR429C,0.0019831432821021317,0.0024253173422732178,4.901947563782623e-06,0.10850084459797697,0.0024253173422732178,0.000786147922496655,0.00020639786406436133,10.0
YMR146C,0.0009915716410510659,0.0,3.9247442333865e-07,0.09578154992319987,0.0,0.00041989302184419563,0.0001683215089486526,5.0
YOR361C,0.0004957858205255329,0.0,3.63384553486526e-07,0.09577472057917683,0.0,0.00024143190505096588,0.0001540829347742919,3.0
YPL105C,0.0009915716410510659,0.0,3.9247442333865e-07,0.09578154992319987,0.0,0.00041989302184419563,0.0001683215089486526,5.0
YDR431W,0.0004957858205255329,0.0,0.0007037591213213835,0.13840705369633743,0.0,0.0001754471658692013,0.00025935293635545315,14.0
YDR434W,0.0004957858205255329,0.0,0.00031448000492588366,0.13216967983104938,0.0,0.00016826157844619666,0.0002576780654264463,9.0
YDR441C,0.0004957858205255329,0.0,4.323660793748507e-25,0.0004957858205255329,0.0,0.0004955401387512388,0.0,1.0
YML022W,0.0004957858205255329,0.0,4.323660793748507e-25,0.0004957858205255329,0.0,0.0004955401387512388,0.0,1.0
YDR446W,0.0004957858205255329,0.0,0.004626527964190474,0.16879121087244972,0.0,0.0001975795104846267,0.00026646518863501057,23.0
YGR252W,0.0004957858205255329,0.0,0.0021105485449579805,0.1553957029295413,0.0,0.00017517569317622688,0.0002654501012667163,12.0
YJL011C,0.0019831432821021317,0.0017208270731823058,0.003428353996344354,0.1696439070627627,0.0019201935780284464,0.0005976629823603797,0.00036612953366078503,19.0
YJR003C,0.002974714923153198,0.0047230528090664555,0.03863775032371073,0.19606487463479125,0.004438104173945754,0.0006888653170255244,0.00042868152031488345,42.0
YLR424W,0.005949429846306396,0.01134049218621275,0.027871368306404656,0.19439080406989218,0.011358426310687172,0.0015235678074639713,0.00045030854833001243,57.0
YML041C,0.0009915716410510659,0.00012797475959942935,0.015599417993720862,0.1856586670522398,0.00010398879907053841,0.00028226554812998646,0.00034829734983993845,39.0
YPL122C,0.0004957858205255329,0.0,0.0021105485449579805,0.1553957029295413,0.0,0.00017517569317622688,0.00026545010126671623,12.0
YPR173C,0.002974714923153198,0.0048068897786551846,0.005118430987008802,0.16981548117862894,0.004757087548079362,0.0008520945355837634,0.00035731408219964424,25.0
YDR453C,0.001487357461576599,0.0010730369672639324,0.026113695312165557,0.17847999682739238,0.0011505749272526908,0.0004189821483951834,0.0003535390635849652,39.0
YIL039W,0.0009915716410510659,0.0006338467416592351,0.0027218647223922806,0.15870043196159675,0.0007352038020444314,0.0002957822081249393,0.000324348279557054,26.0
YML028W,0.0024789291026276646,0.0014681022152560619,0.02800264172727497,0.17648672396832937,0.0015134429955143691,0.0005664638881298012,0.0003443672550100659,39.0
YDR455C,0.0004957858205255329,0.0,0.0005838588855180723,0.14795026502070216,0.0,0.00021763417846815553,0.0002311633775437581,4.0
YDR460W,0.0004957858205255329,0.0,4.323660793748507e-25,0.0004957858205255329,0.0,0.0004955401387512388,0.0,1.0
YPR025C,0.0004957858205255329,0.0,4.323660793748507e-25,0.0004957858205255329,0.0,0.0004955401387512388,0.0,1.0
YEL054C,0.0004957858205255329,0.0,5.945877093855135e-23,0.0006610477607007105,0.0,0.0003840031352760571,0.0,2.0
YDR469W,0.001487357461576599,0.0008723780162558739,0.0005708147206615229,0.13997920551510576,0.0008863734786055561,0.000548810235578136,0.0002988445141038246,8.0
YHR060W,0.0024789291026276646,0.0030746548740110866,0.0041964801494079485,0.1652608828891431,0.0031151582843281277,0.0008490271958365708,0.00035144895011288586,16.0
YLR015W,0.0004957858205255329,0.0,4.2318212135649864e-05,0.11949474745333645,0.0,0.00022988810502796146,0.00020035174928668885,2.0
YPR178W,0.0004957858205255329,0.0,0.002035960475119141,0.1537944190660585,0.0,0.00019019691389566743,0.00024638673407766885,4.0
YDR476C,0.0019831432821021317,0.000619865654001169,0.0022895567162547754,0.1515046758541569,0.0006086156722608454,0.0005005210447570285,0.0003897071784305572,31.0
YHR211W,0.001487357461576599,7.405842360317925e-05,0.001660103900560054,0.1481460743490631,7.527278333441721e-05,0.000384276118753444,0.00036776501140249704,27.0
YDR477W,0.001487357461576599,1.2906298835101648e-05,0.003564237185326568,0.15789825509850183,1.697910682479349e-05,0.0004329614030445443,0.00031981966017345973,10.0
YGL208W,0.0009915716410510659,0.0,0.00332110641052745,0.15620891453924352,0.0,0.00030689959832778664,0.0002917807856461671,8.0
YGL065C,0.0004957858205255329,0.0,0.0011375244738576827,0.14205165568136155,0.0,0.00017175457560823537,0.00026329240333844444,19.0
YGR149W,0.0009915716410510659,0.000809094915440974,0.0011438523445131306,0.142081706803782,0.000809094915440974,0.00036791982265481517,0.00026343112216498235,19.0
YHL031C,0.0009915716410510659,1.7898847335499224e-05,0.0018412835951790664,0.14534088467030457,1.976355348013569e-05,0.00027287072066475084,0.0003377181303872927,25.0
YJL134W,0.0009915716410510659,1.4725366198731455e-05,0.0018282902154340547,0.1423225742872383,1.5913529947581262e-05,0.00027732083078746097,0.0003360636289935973,23.0
YLL014W,0.001487357461576599,0.0001709422374105951,0.002614238704044367,0.1503010468974997,0.00015009061609527226,0.0003799389766326606,0.0003743464504598712,31.0
YLR036C,0.0004957858205255329,0.0,0.0011375244738576827,0.14205165568136155,0.0,0.00017175457560823537,0.0002632924033384445,19.0
YLR268W,0.0019831432821021317,0.00017619600751977348,0.002941712088715262,0.1509767849975222,0.00014773488409388583,0.00046941942414346135,0.00039514634898860405,34.0
YML125C,0.001487357461576599,0.001521170618376704,0.001991584371005378,0.15339048259940105,0.0015199799994276963,0.00039355194299084303,0.00037045975210583606,28.0
YNR075W,0.0004957858205255329,0.0,0.0011375244738576827,0.14205165568136155,0.0,0.00017175457560823537,0.00026329240333844455,19.0
YOL003C,0.001487357461576599,0.0001345006122585084,0.002627232083789379,0.15084115172632848,0.00011124291631176666,0.0003754888665099505,0.0003746693842906553,31.0
YOL065C,0.0004957858205255329,0.0,0.0011375244738576827,0.14205165568136155,0.0,0.00017175457560823537,0.0002632924033384445,19.0
YOR377W,0.0004957858205255329,0.0,0.0011375244738576827,0.14205165568136155,0.0,0.00017175457560823537,0.0002632924033384445,19.0
YGR040W,0.0019831432821021317,0.0005330102824298438,0.01999350241162413,0.17057021665053396,0.0004818567550480171,0.0004987827672534833,0.0003803000488170949,22.0
YHR039C,0.0004957858205255329,0.0,0.006998630323772345,0.16603713919937638,0.0,0.0001684798144772605,0.0002588330393393699,7.0
YHR121W,0.001487357461576599,0.001159348879874541,0.018467786377667855,0.17247566205995826,0.001036134881589463,0.0003892089607106502,0.0003736433995716685,21.0
YKL189W,0.002974714923153198,0.001624462650341444,0.03845725761776182,0.19419408068858682,0.0014888657592479525,0.0006864751055538533,0.00042259856791024996,40.0
YDR482C,0.0009915716410510659,9.83702024852248e-07,7.275529125139733e-22,0.0011155180961824492,9.83702024852248e-07,0.0006433328115339021,0.0,3.0
YGL028C,0.0004957858205255329,0.0,4.496524285476142e-22,0.0007436787307882995,0.0,0.0003477474659685757,0.0,2.0
YOR276W,0.0009915716410510659,9.83702024852248e-07,7.275529125139733e-22,0.0011155180961824492,9.83702024852248e-07,0.0006433328115339021,0.0,3.0
YDR486C,0.0004957858205255329,0.0,3.056589259072767e-05,0.1199643168815714,0.0,0.00022563907094559524,0.00018056000994208832,2.0
YLR181C,0.001487357461576599,0.000809094915440974,0.0004121971934493656,0.14062400085039312,0.000809094915440974,0.0005340253716960994,0.0002568498710669513,7.0
YDR487C,0.0004957858205255329,0.0,0.023835713256763955,0.17540355916988182,0.0,0.0001732300979500551,0.0002707692768445343,39.0
YPL174C,0.0024789291026276646,0.0007986786452630073,0.003683338127143948,0.16232513064929968,0.0008944802865749865,0.0007071400001412819,0.0003762149863114755,19.0
YJL072C,0.0004957858205255329,0.0,0.0001790585611080625,0.13412286132031503,0.0,0.00021539869767786882,0.00022802399784528025,4.0
YML034W,0.0004957858205255329,0.0,0.0001790585611080625,0.13412286132031503,0.0,0.00021539869767786882,0.0002280239978452802,4.0
YDR490C,0.0019831432821021317,0.0024258091932856437,7.276147571515861e-05,0.12789112216728124,0.0024258091932856437,0.000892619118251103,0.00022280678160289637,10.0
YGR086C,0.0024789291026276646,0.005159588558624479,0.0009652635616949894,0.15153886012217452,0.005431786508442839,0.0008570745245981918,0.0003509764849516989,16.0
YHR207C,0.0004957858205255329,0.0,5.394713933636223e-06,0.11057297136343061,0.0,0.00026476482087521217,0.00016304718946815532,3.0
YIR044C,0.0004957858205255329,0.0,5.394713933636223e-06,0.11057297136343061,0.0,0.00026476482087521217,0.00016304718946815532,3.0
YLR466W,0.0004957858205255329,0.0,5.394713933636223e-06,0.11057297136343061,0.0,0.00026476482087521217,0.0001630471894681553,3.0
YDR498C,0.0004957858205255329,0.0,0.00024243268463376943,0.1321436749752046,0.0,0.00019175555101376207,0.00024696419491857836,7.0
YDR502C,0.0019831432821021317,0.000809094915440974,0.0008008323548381517,0.13902302381732096,0.000809094915440974,0.00048587317692402323,0.00024084170948936092,5.0
YLR180W,0.001487357461576599,0.0,6.411807645599862e-05,0.11879724561094498,0.0,0.0003686709146886566,0.00017249990252033129,2.0
YDR503C,0.0004957858205255329,0.0,0.002309334049167999,0.15290158863095674,0.0,0.0001913672822636921,0.00024159276386624744,4.0
YKL130C,0.004462072384729797,0.004240733343699814,0.031150033555469275,0.18812891542338306,0.004418850545238553,0.0011014962851266673,0.0004009306690897544,40.0
YDR504C,0.0004957858205255329,0.0,8.937495907065173e-05,0.1204591925498121,0.0,0.000266465894708445,0.00014253917676727306,2.0
YJL070C,0.0009915716410510659,0.000809094915440974,0.0012057478580603236,0.1413044872841316,0.000809094915440974,0.00045203203559841896,0.00018619841163753091,4.0
YDR505C,0.0004957858205255329,0.0,0.0010040480060200469,0.14852282796582872,0.0,0.00018787352915674264,0.0002525536592211322,6.0
YFL039C,0.004462072384729797,0.008773001888551974,0.07057728021262603,0.20848059228976484,0.00896325530393697,0.0011284666482792851,0.000406518129564572,50.0
YFL045C,0.0004957858205255329,0.0,0.004626527964190474,0.16879121087244972,0.0,0.0001975795104846267,0.00026646518863501117,23.0
YGL026C,0.0009915716410510659,0.0002805371531687006,0.005496753137166174,0.1705918791113735,0.0003265021688131357,0.0003399499162931435,0.00031670267785547675,23.0
YGL250W,0.002974714923153198,0.002260988573063608,0.006654246140221828,0.17198981512457812,0.0023584820425851982,0.0008455567144289572,0.00039575992102289275,24.0
YHR134W,0.001487357461576599,0.001286386928020396,0.01065889697954516,0.1773020665421007,0.001321282745058171,0.0004574728225131216,0.000341805173703871,23.0
YHR193C,0.001487357461576599,0.0024253173422732178,0.004678084638336804,0.16891856842592493,0.0024253173422732178,0.0006176497858048254,0.00026689189302673405,23.0
YKL032C,0.0009915716410510659,0.0,0.0053300783068907535,0.16949406386409527,0.0,0.0003264354444941693,0.0003305908171783775,23.0
YKL043W,0.0004957858205255329,0.0,0.004626527964190474,0.16879121087244972,0.0,0.0001975795104846267,0.00026646518863501084,23.0
YKL211C,0.0009915716410510659,0.0016172061288570957,0.004652234487313369,0.16887609455908412,0.0016172061288570957,0.0004032582555380808,0.0002667495064652451,23.0
YLR263W,0.0004957858205255329,0.0,0.004626527964190474,0.16879121087244972,0.0,0.0001975795104846267,0.0002664651886350109,23.0
YLR328W,0.0039662865642042635,0.0025295112721383955,0.04313636399082551,0.1919737682039381,0.0025563733941616007,0.0008503674308243605,0.0004131282894804641,41.0
YLR335W,0.0004957858205255329,0.0,0.004626527964190474,0.16879121087244972,0.0,0.0001975795104846267,0.00026646518863501084,23.0
YML023C,0.0009915716410510659,0.000809094915440974,0.004652092442394978,0.1688336420466258,0.000809094915440974,0.00040827790814595467,0.00026660727174892694,23.0
YMR219W,0.0004957858205255329,0.0,0.004626527964190474,0.16879121087244972,0.0,0.0001975795104846267,0.00026646518863501084,23.0
YMR233W,0.0009915716410510659,0.000809094915440974,0.004652092442394978,0.1688336420466258,0.000809094915440974,0.00040827790814595467,0.0002666072717489269,23.0
YNL021W,0.0034705007436787306,0.003943301028499787,0.014964507404523297,0.1878395267966655,0.0039467741715599755,0.0007417779469971383,0.0004126821717198714,28.0
YNL078W,0.0024789291026276646,0.009750973011531036,0.0052239952155798425,0.1755640381810162,0.009538352485449497,0.0007618481100136451,0.00038862821146245683,24.0
YNL088W,0.0004957858205255329,0.0,0.004626527964190474,0.16879121087244972,0.0,0.0001975795104846267,0.00026646518863501095,23.0
YOR032C,0.0019831432821021317,0.004336955442483527,0.004999027539398295,0.17365746039081512,0.0042960282633254816,0.0006052139182947975,0.00037933425827634746,23.0
YOR144C,0.0004957858205255329,0.0,0.004626527964190474,0.16879121087244972,0.0,0.0001975795104846267,0.00026646518863501095,23.0
YDR518W,0.0004957858205255329,0.0,0.008407223023587616,0.16855822011832788,0.0,0.0001778428363038159,0.00026166885705538885,9.0
YJR046W,0.001487357461576599,0.0001327418738489732,0.009971319127603864,0.17170400819672185,0.00015276777689590944,0.00037770526486704175,0.00037622830594490883,18.0
YOL116W,0.001487357461576599,0.001024350573495693,0.005619069189779576,0.1669866305473589,0.0010640520114723396,0.00046284036884701934,0.00033637466852490564,13.0
YDR527W,0.0004957858205255329,0.0,0.00013620144380532305,0.12321046194486837,0.0,0.0002738760972227067,0.00015358312467167058,2.0
YOR210W,0.0009915716410510659,0.000809094915440974,0.0018376329266439875,0.14510537497277248,0.000809094915440974,0.0004711503699997713,0.00020550202849726817,4.0
YDR529C,0.0004957858205255329,0.0,0.0012155789417840096,0.15715929052567626,0.0,0.00021338026501521766,0.0002521474870050869,11.0
YDR531W,0.0009915716410510659,0.0,4.323660793748507e-25,0.0,0.0,0.0004955401387512388,0.0,0.0
YFR008W,0.002974714923153198,0.014159404337112219,0.0035568767286104958,0.1650375299327872,0.014535683695962599,0.0009254109543116187,0.00038229939301738286,19.0
YLR031W,0.0009915716410510659,0.00015386765197403565,0.001530287483008061,0.1573802526213187,0.0001818038461000369,0.0003031441823304025,0.0003223301058032337,8.0
YDR533C,0.0004957858205255329,0.0,0.023835713256763955,0.17540355916988182,0.0,0.0001732300979500551,0.000270769276844534,39.0
YDR541C,0.0004957858205255329,0.0,5.0618408013665404e-05,0.12408687816378337,0.0,0.00021327184496368063,0.00020082426202283924,3.0
YLR025W,0.0034705007436787306,0.001700551358130178,0.0006826768629953621,0.14632248977374238,0.0017331404930328758,0.0009806072970328645,0.0002998970129505717,13.0
YEL005C,0.0009915716410510659,4.427826055552018e-05,0.0013844523586649087,0.14929870580448537,5.480222931700584e-05,0.0003097980997994338,0.0003161499701333845,9.0
YNL086W,0.004462072384729797,0.0044880060734928786,0.016106366771230885,0.18095654804296848,0.004496678983648708,0.00115180093037453,0.000437254082864627,42.0
YHR145C,0.0004957858205255329,0.0,1.5493042546136421e-21,0.0008924144769459593,0.0,0.0003468241341176632,0.0,2.0
YPL038W,0.0004957858205255329,0.0,1.5493042546136421e-21,0.0008924144769459593,0.0,0.0003468241341176632,0.0,2.0
YEL012W,0.0004957858205255329,0.0,0.034503050977095245,0.18844563076921367,0.0,0.00016936318100677073,0.0002715599196608449,43.0
YEL013W,0.0004957858205255329,0.0,0.0004428133728435181,0.1457825543871234,0.0,0.00021278327482170893,0.00025779388386379105,14.0
YER105C,0.001487357461576599,0.002217102518245359,0.0014412023813010133,0.15503698708713698,0.002383638368219631,0.00041874228521731043,0.0003618428934383706,13.0
YNL118C,0.0009915716410510659,0.0,8.093081164761598e-05,0.13279688147532923,0.0,0.0002975044928533804,0.0003070217109508252,10.0
YOR167C,0.0009915716410510659,0.0,8.093081164761598e-05,0.13279688147532923,0.0,0.0002975044928533804,0.0003070217109508251,10.0
YEL017W,0.0009915716410510659,0.0,4.323660793748507e-25,0.0,0.0,0.0004955401387512388,0.0,0.0
YEL018W,0.0004957858205255329,0.0,0.00011462948882497418,0.13283627928431122,0.0,0.0002221464397789613,0.00022665950875586246,5.0
YEL020C,0.0009915716410510659,0.0,4.323660793748507e-25,0.0,0.0,0.0004955401387512388,0.0,0.0
YEL029C,0.0004957858205255329,0.0,4.323660793748507e-25,0.0004957858205255329,0.0,0.0004955401387512388,0.0,1.0
YNR027W,0.0004957858205255329,0.0,4.323660793748507e-25,0.0004957858205255329,0.0,0.0004955401387512388,0.0,1.0
YEL032W,0.0004957858205255329,0.0,4.323660793748507e-25,0.0004957858205255329,0.0,0.0004955401387512388,0.0,1.0
YHR033W,0.0004957858205255329,0.0,4.323660793748507e-25,0.0004957858205255329,0.0,0.0004955401387512388,0.0,1.0
YEL034W,0.0004957858205255329,0.0,0.0011918413963007053,0.14118566913211636,0.0,0.00021815242198991008,0.0001859214653851787,2.0
YHR068W,0.0024789291026276646,0.0016176979798695219,0.016077749097201548,0.17070027400215465,0.0016176979798695219,0.0006768265468870904,0.00026783692878113043,19.0
YEL041W,0.0004957858205255329,0.0,4.323660793748507e-25,0.0004957858205255329,0.0,0.0004955401387512388,0.0,1.0
YJR049C,0.0004957858205255329,0.0,4.323660793748507e-25,0.0004957858205255329,0.0,0.0004955401387512388,0.0,1.0
YEL043W,0.0004957858205255329,0.0,0.00036950674273523304,0.14012523014009545,0.0,0.00021934156152924944,0.00021748500042923015,2.0
YEL048C,0.0009915716410510659,8.405452405396799e-06,0.0020819333560603524,0.14380049846086662,1.731227733202023e-05,0.0003097213442061392,0.00029389021526074423,6.0
YMR218C,0.0009915716410510659,0.0002835063833916729,0.008093071275939402,0.168368069205685,0.00034356673570012453,0.0003046374230368508,0.00030848912192911785,11.0
YPR051W,0.0004957858205255329,0.0,4.2873193120166236e-05,0.12467425803999953,0.0,0.0002244801877024617,0.00020099800471380677,2.0
YEL056W,0.0009915716410510659,4.91851012426124e-07,8.408740026333456e-23,0.0009915716410510659,4.91851012426124e-07,0.0007186141457016025,0.0,3.0
YLL022C,0.0004957858205255329,0.0,5.945877093855135e-23,0.0006610477607007105,0.0,0.0003840031352760571,0.0,2.0
YPL001W,0.0004957858205255329,0.0,5.945877093855135e-23,0.0006610477607007105,0.0,0.0003840031352760571,0.0,2.0
YEL060C,0.0004957858205255329,0.0,4.323660793748507e-25,0.0004957858205255329,0.0,0.0004955401387512388,0.0,1.0
YML032C-A,0.0004957858205255329,0.0,4.323660793748507e-25,0.0004957858205255329,0.0,0.0004955401387512388,0.0,1.0
YEL062W,0.0009915716410510659,2.9263893191343208e-05,0.0011234237536749936,0.14806442417581073,3.680280079952804e-05,0.00030788070475927423,0.00031020458105363263,7.0
YOR138C,0.0019831432821021317,0.0002506593875730029,0.0028602480381924424,0.15949186133020127,0.0003409657807433271,0.0005891590227275919,0.00035788207551669686,13.0
YEL066W,0.0019831432821021317,4.201762747084389e-05,0.034636143300379924,0.18420741307226482,4.082297518656959e-05,0.0003651063246827486,0.0003473561570391788,39.0
YER009W,0.0009915716410510659,0.0,4.323660793748507e-25,0.0,0.0,0.0004955401387512388,0.0,0.0
YER010C,0.0009915716410510659,0.0,4.323660793748507e-25,0.0,0.0,0.0004955401387512388,0.0,0.0
YER015W,0.0009915716410510659,0.000809094915440974,0.0023487239878284476,0.15555766718273942,0.000809094915440974,0.00038287315475749983,0.00025310986045075893,6.0
YER070W,0.0004957858205255329,0.0,0.00017410243458934968,0.1306654140197427,0.0,0.00023698072458209026,0.0001787037463543398,2.0
YMR117C,0.001487357461576599,0.0004774397917481382,0.005891716478081986,0.17354527856885724,0.0006449710006735838,0.0004122126525275863,0.0003702036302686994,15.0
YER019W,0.0004957858205255329,0.0,0.000512709368537188,0.14543530274176647,0.0,0.00019073380691846364,0.00023478612640144932,3.0
YPR108W,0.0004957858205255329,0.0,5.945877093855135e-23,0.0006610477607007105,0.0,0.0003840031352760571,0.0,2.0
YHR058C,0.0004957858205255329,0.0,0.0003923346040419711,0.13842131658315693,0.0,0.00020703409748290167,0.0002346203984338176,4.0
YER023W,0.0019831432821021317,0.000809094915440974,0.037488152539943545,0.18849852036527576,0.0008090949154409741,0.0004886752595924092,0.00027170748938882454,43.0
YPL169C,0.0004957858205255329,0.0,0.002779104166594515,0.1531456454364331,0.0,0.00021279211884566904,0.00018777831519797248,2.0
YER025W,0.0009915716410510659,0.0008090949154409742,0.00025163674848646743,0.13226077748355208,0.000809094915440974,0.0004913545021602983,0.00017596071420932362,4.0
YJR007W,0.0004957858205255329,0.0,1.8654756053157375e-05,0.11382429083323065,0.0,0.0002835532156402727,0.0001364612670108667,2.0
YLR215C,0.0019831432821021317,0.004039572365055756,0.003376101791716098,0.15778696771090744,0.004039572365055756,0.000831302261383991,0.0002475194387457024,11.0
YER026C,0.0004957858205255329,0.0,0.00045163423022900607,0.13682799797524245,0.0,0.0001805976032627212,0.00024380897932409882,4.0
YER038C,0.0004957858205255329,0.0,0.0003448450846720041,0.13990630727246695,0.0,0.000247766895352442,0.0001853281134143683,2.0
YER039C,0.0004957858205255329,0.0,6.486970211431373e-05,0.12152722845589026,0.0,0.00026058775237786834,0.00015511736418361144,2.0
YGL070C,0.0009915716410510659,0.000809094915440974,0.0008750334303674532,0.14277640902667463,0.000809094915440974,0.0004381616171909676,0.00020825820793040874,4.0
YFL028C,0.0004957858205255329,0.0,8.024769503505197e-06,0.11197402935336402,0.0,0.00027491790869986667,0.00013685592979111678,2.0
YER052C,0.0019831432821021317,0.00035520058014564996,0.004090884669641066,0.1618947156951856,0.0005771537511207746,0.00044396986181148096,0.0003179019429152254,9.0
YNL135C,0.0019831432821021317,0.006013315909609457,0.01173120275658922,0.1713754090486036,0.005861044676195726,0.0006491764046535822,0.00034166925564582727,19.0
YJL084C,0.0009915716410510659,0.0032304774496147827,0.00016397449774854266,0.12416717102264328,0.0032304774496147827,0.0004378051086543521,0.0001937247777156841,5.0
YLR190W,0.0009915716410510659,1.721478543491434e-06,0.00032431962277321873,0.1240983422138724,1.721478543491434e-06,0.0003739902837908782,0.00025389008455338816,5.0
YPL031C,0.005949429846306396,0.010668467046795672,0.029021354654878467,0.17791264319509337,0.010722160050585702,0.0015487191024415544,0.0004344591624595415,53.0
YER062C,0.0004957858205255329,0.0,0.0006300970378134067,0.13977528159448022,0.0,0.00024060357523592274,0.00018306220397545597,2.0
YPL201C,0.001487357461576599,0.0016176979798695219,0.008500644407878675,0.16864286956973698,0.0016176979798695219,0.0005868268812637434,0.0002619430263846994,11.0
YER065C,0.0004957858205255329,0.0,0.023835713256763955,0.17540355916988182,0.0,0.0001732300979500551,0.0002707692768445338,39.0
YIR003W,0.0004957858205255329,0.0,1.1183264313439077e-07,0.0915512851774097,0.0,0.00028783181839178566,0.00011573900070394356,2.0
YLR200W,0.0019831432821021317,0.004845224323409748,2.012385332309265e-05,0.11797298929588573,0.004845224323409748,0.0008912440811779316,0.0001867717107373798,8.0
YER079W,0.0004957858205255329,0.0,7.181099172940051e-05,0.12849057357212118,0.0,0.00023207417849204496,0.0002193342917303114,5.0
YNL054W-B,0.0004957858205255329,0.0,0.000405251097267627,0.14040351793905664,0.0,0.0002335240251422882,0.00022565551873234997,9.0
YOR318C,0.0004957858205255329,0.0,0.000405251097267627,0.14040351793905664,0.0,0.0002335240251422882,0.00022565551873234997,9.0
YPL233W,0.0004957858205255329,0.0,0.000405251097267627,0.14040351793905664,0.0,0.0002335240251422882,0.00022565551873235002,9.0
YPR126C,0.0004957858205255329,0.0,0.000405251097267627,0.14040351793905664,0.0,0.0002335240251422882,0.00022565551873235002,9.0
YPR136C,0.0004957858205255329,0.0,0.000405251097267627,0.14040351793905664,0.0,0.0002335240251422882,0.00022565551873235002,9.0
YMR308C,0.0039662865642042635,0.001416722240162264,0.041753306095490904,0.1777478438696513,0.0012965107579668664,0.0008581407612702829,0.00044059300289018394,47.0
YOR160W,0.0024789291026276646,0.00024266413616065235,0.021378726711108187,0.16740284846995948,0.00021983352273097966,0.0005544492002856745,0.00040800506884505094,26.0
YLR404W,0.001487357461576599,0.0009818974085275477,0.00026747981849583485,0.1332844270810632,0.0009936055133000885,0.0005167112548436487,0.00029015699006760864,7.0
YER090W,0.0009915716410510659,0.000809094915440974,0.00034676112071745557,0.13996461978982547,0.000809094915440974,0.0004832388550145945,0.00018546560137439226,3.0
YJR070C,0.0004957858205255329,0.0,2.5706523122894514e-05,0.119484118139384,0.0,0.0002800097658661399,0.00014210933456649584,2.0
YPL204W,0.001487357461576599,0.002988786885620182,7.046808225524529e-05,0.13237808772277077,0.0030144637065792367,0.0005257220135779219,0.00028219959360914964,9.0
YER096W,0.0004957858205255329,0.0,0.0012155789417840096,0.15715929052567626,0.0,0.00021338026501521766,0.00025214748700508744,11.0
YER099C,0.001487357461576599,0.0032324448536644873,0.0002572622776337283,0.13521647434295903,0.0032324448536644873,0.0006132927101432029,0.00023078025897550815,7.0
YKL181W,0.0009915716410510659,0.000809094915440974,1.918191653977019e-05,0.1160266438734521,0.000809094915440974,0.000486855283706257,0.00016733247539032174,4.0
YOL069W,0.0019831432821021317,0.004150990518586884,0.00343102428408699,0.1618947156951856,0.004162637766037266,0.000584758374237177,0.0003709025113436174,19.0
YER107C,0.0004957858205255329,0.0,0.0004311643393066086,0.1480807470094758,0.0,0.0001920644718617175,0.0002588744440272102,10.0
YER112W,0.0004957858205255329,0.0,0.004264180931628877,0.15780550471369303,0.0,0.0001897302066870461,0.00023866504759018306,6.0
YHR131C,0.0004957858205255329,0.0,0.0032620505962699135,0.157177680332665,0.0,0.0002028306967865796,0.00025063473267751194,8.0
YLR167W,0.0004957858205255329,0.0,0.0032620505962699135,0.157177680332665,0.0,0.0002028306967865796,0.0002506347326775119,8.0
YLR392C,0.0009915716410510659,0.0010349508288544774,0.0037048639691134315,0.16725693638687025,0.0012457930737986417,0.00034128295079560267,0.0003357842320685998,14.0
YMR257C,0.0004957858205255329,0.0,0.0032620505962699135,0.157177680332665,0.0,0.0002028306967865796,0.00025063473267751194,8.0
YMR275C,0.0004957858205255329,0.0,0.0032620505962699135,0.157177680332665,0.0,0.0002028306967865796,0.0002506347326775119,8.0
YMR316W,0.0004957858205255329,0.0,0.0032620505962699135,0.157177680332665,0.0,0.0002028306967865796,0.0002506347326775119,8.0
YOR322C,0.0004957858205255329,0.0,0.0032620505962699135,0.157177680332665,0.0,0.0002028306967865796,0.0002506347326775119,8.0
YOR385W,0.0004957858205255329,0.0,0.0032620505962699135,0.157177680332665,0.0,0.0002028306967865796,0.0002506347326775119,8.0
YER126C,0.0009915716410510659,0.0016172061288570957,0.00017966644382135427,0.1339222787759676,0.0016172061288570957,0.0004433186716453624,0.00022953554286484453,7.0
YHR204W,0.0009915716410510659,0.000809094915440974,1.3394915867505516e-05,0.11507242834943503,0.000809094915440974,0.0005091887145213882,0.0001666771184101141,3.0
YER128W,0.0009915716410510659,0.0,0.0004100868452268086,0.14060928044833612,0.0,0.00034634821009053667,0.0002568058973592006,7.0
YER130C,0.0004957858205255329,0.0,0.0016321224665597405,0.1494981030743411,0.0,0.00020323109442573818,0.0002612758306340561,15.0
YER131W,0.0009915716410510659,4.91851012426124e-07,1.3717998768332588e-05,0.11361248888801109,4.91851012426124e-07,0.00043558902391239426,0.0001785735700822439,5.0
YLL027W,0.0009915716410510659,0.0004040556067080609,9.220544146438816e-05,0.13192304617196574,0.00040405560670806086,0.00042010149253103737,0.00019269000250059232,5.0
YLR435W,0.001487357461576599,0.001213150522149035,9.271591207099445e-05,0.13194896425569302,0.001213150522149035,0.0006363437029403532,0.00019272713909350618,6.0
YNL233W,0.0004957858205255329,0.0,5.945877093855135e-23,0.0006610477607007105,0.0,0.0003840031352760571,0.0,2.0
YER134C,0.0004957858205255329,0.0,9.720472516298612e-05,0.12709248331185116,0.0,0.00022590791051397223,0.00019763500091630207,3.0
YER143W,0.001487357461576599,0.0,3.7535432292333304e-05,0.12165931130540304,0.0,0.0003757756046327485,0.00020598215918270741,2.0
YIL095W,0.0019831432821021317,0.0006454255068102064,0.004204781155924303,0.16359036123772439,0.0008144873880797538,0.0005329368448773869,0.00038647078786019725,18.0
YNL147W,0.0009915716410510659,0.0,0.004657636647013014,0.15782404607248915,0.0,0.0003158236452269104,0.0002858265486932005,9.0
YER149C,0.0004957858205255329,0.0,0.001217676291422687,0.15444871290363973,0.0,0.00018664794579040968,0.0002480638100629368,4.0
YER151C,0.0004957858205255329,0.0,4.323660793748507e-25,0.0004957858205255329,0.0,0.0004955401387512388,0.0,1.0
YNR051C,0.0004957858205255329,0.0,4.323660793748507e-25,0.0004957858205255329,0.0,0.0004955401387512388,0.0,1.0
YER157W,0.0004957858205255329,0.0,0.005627266722882135,0.16665514343957258,0.0,0.0001797211630693017,0.0002631876309800518,10.0
YER177W,0.0009915716410510659,0.0001039506515787889,8.049765163987716e-05,0.12667299661664985,0.00011565132437365038,0.00037317466179164133,0.0002541056757965227,5.0
YER179W,0.001487357461576599,0.0,0.0016026513147996933,0.1538825130167207,0.0,0.0003256577377559259,0.00024418019219437715,5.0
YER180C,0.001487357461576599,0.0017273801679958938,0.011739987341416017,0.1729865365258152,0.0017364318389587975,0.000502572112702749,0.0003165827787743713,17.0
YER182W,0.0004957858205255329,0.0,5.90922120435227e-05,0.1270083638542885,0.0,0.00022805556921106317,0.0002273345943845787,7.0
YER188W,0.0004957858205255329,0.0,0.011267654287859724,0.17003043748391833,0.0,0.00017185635832226386,0.00026592753150761033,14.0
YFL010C,0.0024789291026276646,0.010527312817118703,0.0606593690355154,0.20713037102898302,0.00973769665805487,0.0007092489645258279,0.00039819601170491505,48.0
YPR054W,0.0009915716410510659,0.0016172061288570957,0.004521893381068919,0.1653015574849809,0.0016172061288570957,0.00039934572082397343,0.00024082887479487627,5.0
YOL059W,0.0019831432821021317,0.003317529551788777,0.00020150392202418423,0.1369535538461414,0.00337736085486318,0.0006509974453846878,0.00036215505158187296,15.0
YOR362C,0.0004957858205255329,0.0,4.816834334300929e-06,0.10844828484764693,0.0,0.00022402248881534513,0.00020614257973546014,4.0
YFL017W-A,0.001487357461576599,0.0005185142536837252,0.014560134633369616,0.17490110105767642,0.0005491774448341898,0.00040744924706063654,0.0003692725787044515,17.0
YOR159C,0.001487357461576599,0.0006998605265400424,0.00545040086977492,0.16267899432275099,0.0007424451512135042,0.0004587489759513832,0.00033923014719289046,10.0
YFL018C,0.0004957858205255329,0.0,0.0012155789417840096,0.15715929052567626,0.0,0.00021338026501521766,0.00025214748700508707,11.0
YFL024C,0.0004957858205255329,0.0,4.323660793748507e-25,0.0004957858205255329,0.0,0.0004955401387512388,0.0,1.0
YHR090C,0.0004957858205255329,0.0,4.323660793748507e-25,0.0004957858205255329,0.0,0.0004955401387512388,0.0,1.0
YFL034C-B,0.001487357461576599,0.004842273217335191,0.0011201073147540767,0.15523407559493296,0.004842273217335191,0.0006013760543728607,0.0002464146265846776,8.0
YIR016W,0.0009915716410510659,0.0032304774496147827,8.353642430535217e-05,0.13053843111010252,0.0032304774496147827,0.0004528088516338393,0.00017558643845407929,4.0
YOL036W,0.0004957858205255329,0.0,8.30741768103734e-05,0.13043702234637355,0.0,0.0002445666620421302,0.00017534013964896726,2.0
YFL037W,0.0004957858205255329,0.0,3.302310969781588e-05,0.12372114360531962,0.0,0.00025721627993336967,0.00018109157726014364,2.0
YOR265W,0.0009915716410510659,0.000809094915440974,0.0004452634998950289,0.14581420496341238,0.000809094915440974,0.0004323772893626019,0.0002579268678017972,14.0
YFL038C,0.0009915716410510659,0.00036240474140033114,0.0005938080596402639,0.14905020596126886,0.000508711412096493,0.0003417078105324534,0.0003102057084818969,8.0
YGL015C,0.0009915716410510659,0.000809094915440974,0.005260974074690473,0.16611927481114952,0.000809094915440974,0.0004029586011587552,0.00024372916007100431,5.0
YMR092C,0.0009915716410510659,0.000809094915440974,0.005260974074690473,0.16611927481114952,0.000809094915440974,0.0004029586011587552,0.00024372916007100431,5.0
YNL138W,0.0004957858205255329,0.0,0.0052320657113047115,0.16607819685001915,0.0,0.00019421868955319505,0.00024361041014970365,4.0
YFL042C,0.0004957858205255329,0.0,5.553515139482216e-05,0.12657750246164295,0.0,0.00024963769549726084,0.00016825979748040292,2.0
YGR017W,0.001487357461576599,0.0024253173422732178,0.000749008861602888,0.14979819963454388,0.0024253173422732178,0.0006195160337827876,0.0002326560540691341,6.0
YFL047W,0.0004957858205255329,0.0,0.00021634849839525627,0.13546192578892244,0.0,0.00021077832527159032,0.00022388018499893008,3.0
YFL056C,0.0004957858205255329,0.0,4.2037911130992286e-05,0.12878623740392667,0.0,0.00023068051520257215,0.00021571468210879164,3.0
YFL060C,0.0019831432821021317,0.0,0.017153128674731212,0.16524055309668534,0.0,0.0004056696137523587,0.0003747215215488795,24.0
YMR096W,0.0039662865642042635,8.976280976776764e-06,0.020602218474201604,0.165321902292056,8.976280976776764e-06,0.000675806388976602,0.0003907214388866242,28.0
YMR322C,0.0034705007436787306,0.0016176979798695219,0.012225237771224343,0.16499698515206426,0.0016176979798695219,0.0006903476738319048,0.0003498135158086432,23.0
YNL333W,0.004462072384729797,0.0018537862635979127,0.05510526945129686,0.19352261289770278,0.0019407054090115087,0.0007708385491706869,0.00040680168689174334,48.0
YNL334C,0.0019831432821021317,0.0,0.017153128674731212,0.16524055309668534,0.0,0.0004056696137523587,0.00037472152154887983,24.0
YFL061W,0.0004957858205255329,0.0,0.023835713256763955,0.17540355916988182,0.0,0.0001732300979500551,0.00027076927684453294,39.0
YFR002W,0.001487357461576599,0.003707793626978213,0.005726862239754281,0.17198981512457812,0.003762356023660576,0.0004769529287331146,0.00032814922010799137,14.0
YML025C,0.0004957858205255329,0.0,0.00042459681586040827,0.1420666796534061,0.0,0.00020941874159640506,0.00021311082933792705,2.0
YMR029C,0.0004957858205255329,0.0,0.00026366596158919423,0.13728949878607472,0.0,0.0002058596138472139,0.0002347004112710053,4.0
YFR015C,0.0019831432821021317,0.0,0.003749805991565761,0.15464430763561535,0.0,0.0004055554273096236,0.00027448546786807906,7.0
YJL137C,0.0019831432821021317,0.0,0.003749805991565761,0.15464430763561535,0.0,0.0004055554273096236,0.00027448546786807906,7.0
YFR017C,0.0004957858205255329,0.0,4.323660793748507e-25,0.0004957858205255329,0.0,0.0004955401387512388,0.0,1.0
YPR184W,0.0004957858205255329,0.0,4.323660793748507e-25,0.0004957858205255329,0.0,0.0004955401387512388,0.0,1.0
YFR024C-A,0.002974714923153198,0.0024549121021350605,0.00668115316950069,0.17456016323885054,0.002613484793424764,0.0008100405202750878,0.0004077736970562746,26.0
YKL068W,0.0019831432821021317,0.0017265664907053935,0.0027721717108625176,0.16317303888762816,0.00187294035295066,0.000551434315818442,0.00039497546436689,21.0
YOR042W,0.001487357461576599,0.001252724813701522,0.037152615168294816,0.1919737682039381,0.0012204960324872659,0.0003918102015429727,0.00037629064196686085,43.0
YPR171W,0.0004957858205255329,0.0,0.0004952787322389642,0.1438158946598453,0.0,0.00018915990318058875,0.0002440607441208147,4.0
YFR027W,0.0004957858205255329,0.0,0.00024243268463376943,0.1321436749752046,0.0,0.00019175555101376207,0.000246964194918578,7.0
YFR033C,0.0004957858205255329,0.0,0.0002704207935811312,0.13699545702426874,0.0,0.0002181738693203883,0.00023750518709171302,6.0
YFR034C,0.0009915716410510659,0.0,4.323660793748507e-25,0.0,0.0,0.0004955401387512388,0.0,0.0
YFR036W,0.0004957858205255329,0.0,0.0004428133728435181,0.1457825543871234,0.0,0.00021278327482170893,0.00025779388386379,14.0
YML127W,0.0004957858205255329,0.0,1.4370338211132706e-05,0.11151851026342506,0.0,0.000286106425249185,0.0001162867968141484,2.0
YMR091C,0.0004957858205255329,0.0,1.4370338211132706e-05,0.11151851026342506,0.0,0.000286106425249185,0.0001162867968141484,2.0
YFR042W,0.0004957858205255329,0.0,4.323660793748507e-25,0.0004957858205255329,0.0,0.0004955401387512388,0.0,1.0
YPR159W,0.0004957858205255329,0.0,4.323660793748507e-25,0.0004957858205255329,0.0,0.0004955401387512388,0.0,1.0
YPR029C,0.0019831432821021317,0.0010278111393570782,0.0001970054282307418,0.132065721770028,0.0010831417186534969,0.0007142822820752953,0.00029729710746136665,10.0
YLL046C,0.0004957858205255329,0.0,0.001933676602996779,0.14608379076921751,0.0,0.00020926321269925996,0.0002125074459253858,2.0
YJR133W,0.0009915716410510659,0.0004051745190783183,0.0240193373520873,0.1754952255190691,0.00040611186755527855,0.00031488563349435224,0.00031179685462329334,39.0
YGL004C,0.0009915716410510659,0.000809094915440974,5.730056083323529e-06,0.10964333165643253,0.000809094915440974,0.0005339064746732554,0.00012893126925408115,3.0
YGL048C,0.0004957858205255329,0.0,4.25129128682026e-07,0.09666382096451892,0.0,0.0003014843384571615,0.00010637086612012073,2.0
YGL013C,0.0009915716410510659,0.0,4.323660793748507e-25,0.0,0.0,0.0004955401387512388,0.0,0.0
YLR319C,0.0004957858205255329,0.0,0.00038995766527322694,0.1380372475719818,0.0,0.00024560102552973536,0.0001739761320626511,2.0
YGL019W,0.0004957858205255329,0.0,6.270010562445843e-08,0.0883187886200904,0.0,0.0002991290385234624,9.537046555850069e-05,2.0
YGL024W,0.0004957858205255329,0.0,0.0027899327236138565,0.15492969505455076,0.0,0.00019241449973601127,0.00023825043315067916,3.0
YOL130W,0.0024789291026276646,0.002860716419868564,0.037633674293188285,0.19120860585380142,0.002916110697048508,0.0006944130576035569,0.00039180897593848085,45.0
YGL030W,0.0004957858205255329,0.0,9.934533299839206e-07,0.10085902208461893,0.0,0.0002915294247794666,0.00013081088504628062,2.0
YGL040C,0.0019831432821021317,4.201762747084389e-05,0.034636143300379924,0.18420741307226482,4.082297518656959e-05,0.0003651063246827486,0.0003473561570391785,39.0
YML018C,0.0004957858205255329,0.0,1.0503260895503124e-05,0.10928650688495281,0.0,0.00023449232993215076,0.00013915486099002583,2.0
YOR059C,0.0009915716410510659,0.0011116069984920618,0.0017585361975944716,0.16166090457611687,0.0012132256406068391,0.00030890040828478334,0.00033399620666485025,11.0
YGL054C,0.0004957858205255329,0.0,0.0007859484886103124,0.14158748351670233,0.0,0.00017694916665788544,0.0002636966064491678,26.0
YLR024C,0.0004957858205255329,0.0,6.378678612650316e-07,0.10027175695154934,0.0,0.00028995181517241713,0.00012993925030371526,2.0
YIR018W,0.0004957858205255329,0.0,5.688396800238276e-05,0.1244317235871195,0.0,0.0002206221506703351,0.00021285901517286674,3.0
YGL086W,0.0004957858205255329,0.0,0.013488869448762882,0.18215899866055804,0.0,0.00018142087576644543,0.000270852846733665,39.0
YNL113W,0.001487357461576599,0.0019663683725635013,0.008116045446684445,0.16849478877608567,0.002003609933693573,0.0004880895880909059,0.0003213913576264615,10.0
YOR005C,0.0004957858205255329,0.0,0.00022124134373307293,0.13595551175333553,0.0,0.00020376547419799843,0.00022625369282472748,3.0
YGL092W,0.0004957858205255329,0.0,5.945877093855135e-23,0.0006610477607007105,0.0,0.0003840031352760571,0.0,2.0
YKL057C,0.0009915716410510659,4.91851012426124e-07,8.408740026333456e-23,0.0009915716410510659,4.91851012426124e-07,0.0007186141457016025,0.0,3.0
YGL094C,0.0004957858205255329,0.0,0.002638997877067854,0.1543245009332439,0.0,0.00019855242138620496,0.00023293791222338338,3.0
YGL096W,0.0004957858205255329,0.0,0.00025421988916618325,0.14046224575164226,0.0,0.00020135359324127222,0.00022850489877514102,3.0
YOR220W,0.0009915716410510659,0.0005900650405092911,0.001862870535314375,0.14948146629456432,0.0006686863082867561,0.00038114520608435043,0.0002822676064775885,5.0
YNL153C,0.0009915716410510659,6.895932919873061e-05,0.011464126212843906,0.17070027400215465,0.00014003870534481992,0.00028774133689659536,0.0003333950649616051,11.0
YGL116W,0.0004957858205255329,0.0,0.0013560828699813853,0.1491826361753615,0.0,0.00018796434024872328,0.00025674129064681207,7.0
YIL092W,0.0009915716410510659,0.0008089980992463927,0.01449291745478293,0.18553044974073962,0.0007625427288030977,0.00029496338411050217,0.00034265647368573847,39.0
YLR206W,0.0024789291026276646,0.0030667900849201757,0.006455406750200615,0.1701596726783576,0.0034966117144135216,0.0006428599823866226,0.0004134584001065491,25.0
YNL016W,0.0004957858205255329,0.0,0.0010040480060200469,0.14852282796582872,0.0,0.00018787352915674264,0.00025255365922113144,6.0
YNL286W,0.0019831432821021317,0.0014083787397188578,0.010596420276344283,0.17667242616374523,0.0014274453505830548,0.0006022457858577899,0.0003566260457001741,15.0
YGL126W,0.0004957858205255329,0.0,9.981960376140734e-06,0.10683531823136522,0.0,0.0002887597039215922,0.00011616855848627279,2.0
YPL161C,0.001487357461576599,0.0016176979798695219,0.00013464799279340616,0.12291731845927478,0.0016176979798695219,0.0007522132377323141,0.00014361252030528577,5.0
YPR168W,0.0004957858205255329,0.0,0.001140452063558883,0.1558826106676285,0.0,0.00018759986986954558,0.00025411101942748713,6.0
YGL130W,0.0004957858205255329,0.0,4.323660793748507e-25,0.0004957858205255329,0.0,0.0004955401387512388,0.0,1.0
YPL228W,0.0004957858205255329,0.0,4.323660793748507e-25,0.0004957858205255329,0.0,0.0004955401387512388,0.0,1.0
YGL141W,0.0004957858205255329,0.0,4.323660793748507e-25,0.0004957858205255329,0.0,0.0004955401387512388,0.0,1.0
YKR064W,0.0004957858205255329,0.0,4.323660793748507e-25,0.0004957858205255329,0.0,0.0004955401387512388,0.0,1.0
YGL144C,0.0004957858205255329,0.0,7.424147023468471e-08,0.09042954464271948,0.0,0.00027950814905102676,0.0001172110614526716,4.0
YGL145W,0.0009915716410510659,0.0009608942978203393,0.00396468995253421,0.16144717020708593,0.0009505304995719803,0.00035419033961395945,0.0002943871114584996,8.0
YNL258C,0.001487357461576599,0.0008417400462902355,0.0004529793803955885,0.1423074961460912,0.0008529550463476673,0.0005808471329613416,0.0002654519248392594,7.0
YPR105C,0.005453644025780862,0.012581924609254107,0.05302671398781311,0.20069332976586807,0.0126391098251781,0.001489775471126026,0.00044203196841143493,58.0
YIR034C,0.0009915716410510659,0.00023245129997864663,0.006007129942855863,0.1666758228220567,0.0003055411657258377,0.0003097643884236539,0.00032413821342593623,11.0
YMR267W,0.0019831432821021317,0.003994326054676463,0.009068115696166633,0.1709609846153691,0.0038896868564916635,0.0005923640449707012,0.00037862454176627034,17.0
YOL105C,0.0004957858205255329,0.0,0.005795090851763705,0.16591408795985116,0.0,0.00018454679427343072,0.00026204426557043843,10.0
YOL145C,0.0019831432821021317,0.0010698065144530847,0.020016507679335913,0.18149445427955074,0.0012321549974515973,0.0004890688647912243,0.0004037356222062548,25.0
YOR180C,0.0009915716410510659,0.0008090949154409739,0.005827112269590897,0.16595508476932974,0.000809094915440974,0.00038781967159356583,0.0002621816719777973,10.0
YGL154C,0.0009915716410510659,0.0004319603313948641,0.00014758010506764655,0.13406931391585536,0.0005885409679259427,0.00039133339334465915,0.0002722589648875559,6.0
YGL254W,0.0019831432821021317,0.003420997967507696,0.00044445862661491155,0.13849267513382357,0.003451369219537573,0.0007946319446025624,0.00025847048215803936,9.0
YGL155W,0.0004957858205255329,0.0,0.000490544281463992,0.1426248095267525,0.0,0.00020527732919507015,0.00022731060346040544,3.0
YGL156W,0.001487357461576599,0.00010673437705596627,0.014702005521261816,0.17024593867211088,0.00017961899106885146,0.00040176689043806173,0.0003733822685893248,18.0
YGL158W,0.0004957858205255329,0.0,1.7113094387853806e-05,0.11438648182942646,0.0,0.00024811559515165493,0.0001686483431117762,2.0
YLR113W,0.0009915716410510659,0.000809094915440974,0.0002308342762778479,0.1330204452488567,0.000809094915440974,0.00040888129266130566,0.000233399576390679,5.0
YGL166W,0.0034705007436787306,0.00601438075784331,0.02465180059439164,0.17641718625202982,0.006054132361099633,0.0013396890574366163,0.0003102572266271794,39.0
YJL154C,0.0004957858205255329,0.0,0.0018275358048223138,0.1450740313341565,0.0,0.00023757396119985407,0.00020541760102986618,4.0
YKR011C,0.0004957858205255329,0.0,0.0018275358048223138,0.1450740313341565,0.0,0.00023757396119985407,0.00020541760102986623,4.0
YLL028W,0.0004957858205255329,0.0,0.0018275358048223138,0.1450740313341565,0.0,0.00023757396119985407,0.00020541760102986618,4.0
YML006C,0.0004957858205255329,0.0,0.0018275358048223138,0.1450740313341565,0.0,0.00023757396119985407,0.00020541760102986623,4.0
YGL174W,0.0004957858205255329,0.0,4.323660793748507e-25,0.0004957858205255329,0.0,0.0004955401387512388,0.0,1.0
YIR005W,0.0004957858205255329,0.0,4.323660793748507e-25,0.0004957858205255329,0.0,0.0004955401387512388,0.0,1.0
YLR442C,0.001487357461576599,0.0009019888734749807,0.005667745836322517,0.16709049087236658,0.0009111584245761206,0.00047947375298288693,0.0003221340865799373,9.0
YGL180W,0.0004957858205255329,0.0,0.0005402139841860628,0.14145329150410224,0.0,0.0002038270842145855,0.0002298685009858427,3.0
YPR185W,0.0024789291026276646,0.0016990674434301072,0.007286423924959594,0.17109163878779202,0.001715844775622558,0.0007610453871417995,0.000369642952378261,20.0
YHR161C,0.0019831432821021317,0.00030843492523213836,0.003615235671427009,0.1666758228220567,0.0003334618550271407,0.0005100676225104527,0.00039119914339049344,20.0
YHR177W,0.0004957858205255329,0.0,0.0011360563102055486,0.15109566435578795,0.0,0.00018641207349153182,0.000255477981114873,7.0
YMR182C,0.0004957858205255329,0.0,0.0011360563102055486,0.15109566435578795,0.0,0.00018641207349153182,0.000255477981114873,7.0
YPL013C,0.0009915716410510659,0.000809094915440974,0.0011423345787478939,0.15112966428026048,0.000809094915440974,0.0003906891172332949,0.000255608585845808,7.0
YGL189C,0.001487357461576599,0.0032309693006272087,0.0012292969405523423,0.1573065295846065,0.0032309693006272087,0.000574638268114926,0.00025265714191234444,11.0
YGL190C,0.0009915716410510659,9.83702024852248e-07,7.275529125139733e-22,0.0011155180961824492,9.83702024852248e-07,0.0006433328115339021,0.0,3.0
YLR373C,0.0004957858205255329,0.0,4.496524285476142e-22,0.0007436787307882995,0.0,0.0003477474659685757,0.0,2.0
YIL150C,0.0004957858205255329,0.0,1.0942886277644654e-05,0.10721906578248362,0.0,0.0002845505603365493,0.00012484623825636707,2.0
YML108W,0.0004957858205255329,0.0,6.498692561129038e-05,0.11922958069616146,0.0,0.0002232574655401276,0.0001947598902593403,2.0
YGL214W,0.0004957858205255329,0.0,6.8779458052242036e-06,0.11359327324507018,0.0,0.00025586567648259914,0.0001463339787594186,2.0
YGL221C,0.0019831432821021317,4.201762747084389e-05,0.034636143300379924,0.18420741307226482,4.082297518656959e-05,0.0003651063246827486,0.0003473561570391782,39.0
YGL223C,0.0004957858205255329,0.0,3.45456136678362e-05,0.12306371563197022,0.0,0.00024676965302568093,0.000175769738596649,2.0
YML071C,0.0009915716410510659,0.000809094915440974,0.0004659446265977191,0.1449018830769099,0.000809094915440974,0.00040554823717382614,0.00024726393418752525,6.0
YJL178C,0.0004957858205255329,0.0,0.00013371152404244256,0.1293567465449687,0.0,0.00021992318852108694,0.0002309261939117494,5.0
YJL211C,0.0004957858205255329,0.0,0.00013371152404244256,0.1293567465449687,0.0,0.00021992318852108694,0.00023092619391174946,5.0
YOR062C,0.0004957858205255329,0.0,0.00013371152404244256,0.1293567465449687,0.0,0.00021992318852108694,0.00023092619391174946,5.0
YKL110C,0.0004957858205255329,0.0,1.5493042546136421e-21,0.0008924144769459593,0.0,0.0003468241341176632,0.0,2.0
YOR161C,0.0004957858205255329,0.0,1.5493042546136421e-21,0.0008924144769459593,0.0,0.0003468241341176632,0.0,2.0
YGL233W,0.0004957858205255329,0.0,4.323660793748507e-25,0.0004957858205255329,0.0,0.0004955401387512388,0.0,1.0
YLR166C,0.0004957858205255329,0.0,4.323660793748507e-25,0.0004957858205255329,0.0,0.0004955401387512388,0.0,1.0
YGR146C,0.0009915716410510659,0.000558071173792144,0.002689846071961044,0.16271840776777166,0.0006386089132985273,0.00033015440506875223,0.00032866697749017737,15.0
YLR114C,0.0004957858205255329,0.0,0.0010577236054013033,0.15224305294377818,0.0,0.0002012543314556999,0.00023420939223892944,4.0
YGL238W,0.0019831432821021317,0.004252131147555176,0.0252225601699886,0.1790509805549127,0.004440205418072598,0.0005227855154703992,0.0003923552894114731,39.0
YOR185C,0.0024789291026276646,0.00024437153942691086,0.007504885335448138,0.15915171281077664,0.00028946857243576597,0.0005959906729673384,0.0003991853138175722,24.0
YGL240W,0.0004957858205255329,0.0,8.581840559471832e-05,0.1273455115778304,0.0,0.0002129942424064185,0.00023584275279618,7.0
YGL242C,0.0004957858205255329,0.0,1.5493042546136421e-21,0.0008924144769459593,0.0,0.0003468241341176632,0.0,2.0
YKR099W,0.001487357461576599,1.475553037278372e-06,2.6834736853734573e-21,0.001487357461576599,1.475553037278372e-06,0.0009416881526519658,0.0,6.0
YGL244W,0.0004957858205255329,0.0,0.0007867449958505105,0.14878604963701317,0.0,0.00019173651078968021,0.0002340536660586262,3.0
YLR385C,0.0019831432821021317,0.0014969001409938841,0.010612615439493812,0.18193694380644113,0.0016230068793343046,0.0005525545245309377,0.0003805863795630627,21.0
YLR082C,0.001487357461576599,0.0,0.0005327709522488811,0.1420666796534061,0.0,0.0003375652127647688,0.00023970557939685238,4.0
YMR068W,0.001487357461576599,0.0003183000572436548,0.0023159555273814794,0.16023386092364963,0.00034823498639618224,0.00042748462381145974,0.00035762963776046644,12.0
YOR028C,0.0009915716410510659,0.0003497158503404109,0.0006702066725345141,0.15138515227352137,0.00039581295469674283,0.0003262373906394263,0.0003192524409569808,8.0
YGL252C,0.001487357461576599,0.0,0.0372656614609089,0.18844563076921367,0.0,0.0002945512675597785,0.0002715599196608448,43.0
YGR047C,0.0009915716410510659,0.003799927869747188,0.005781847667607212,0.16367009334993968,0.0036868078083161495,0.000343205403327278,0.0002973779284699444,11.0
YHR215W,0.0004957858205255329,0.0,3.295061624267239e-05,0.11840977222522522,0.0,0.0002435179743783837,0.00018135938409940473,3.0
YOR039W,0.001487357461576599,0.0016176979798695219,3.331683372957231e-05,0.11845153934064859,0.0016176979798695219,0.0007139533912856295,0.00018149104451561636,6.0
YGR003W,0.0004957858205255329,0.0,4.093700702526759e-05,0.12453555128156453,0.0,0.0002407738932474419,0.00020614839395910003,5.0
YGR004W,0.0004957858205255329,0.0,0.0001240919414017471,0.12757531162721578,0.0,0.00019105646680449864,0.000225304722890693,3.0
YGR010W,0.0024789291026276646,0.00043267372432396524,0.029632264242382904,0.17836149994993428,0.0004592222235539545,0.0005172569250481692,0.0003535278931411645,39.0
YLR438W,0.001487357461576599,0.0008090949154409739,0.005424297508798666,0.15548564140791238,0.000809094915440974,0.0004619029213696756,0.00030630708539499627,9.0
YGR013W,0.0004957858205255329,0.0,2.0156598545726296e-05,0.11733407198837831,0.0,0.0002611512723038816,0.00017083987600987284,2.0
YKL012W,0.0009915716410510659,0.000809094915440974,0.00027191481996828885,0.13702340672477353,0.000809094915440974,0.0004406796151006598,0.00023761805813442123,6.0
YPL211W,0.0004957858205255329,0.0,0.00024813724572309687,0.13755662633107577,0.0,0.00020304396501673327,0.00023467219549323857,3.0
YLR403W,0.0009915716410510659,0.000809094915440974,5.584224320330031e-05,0.12660136249980725,0.000809094915440974,0.0004897177858348484,0.00016831643926036875,3.0
YGR020C,0.0004957858205255329,0.0,0.00031108292542059206,0.1374440249793262,0.0,0.00021857863751734076,0.00022269912209906586,3.0
YGR024C,0.0039662865642042635,0.003533611649368225,0.07115996372445504,0.20302908949863285,0.0034584298791304736,0.0009872218874430862,0.0003816621864160115,48.0
YIL082W,0.0004957858205255329,0.0,0.005275221958552518,0.16260022468502058,0.0,0.00019421222473462807,0.00023446009658380712,4.0
YKL090W,0.0009915716410510659,0.000809094915440974,0.005304368367184225,0.16263959996645538,0.000809094915440974,0.00040294404159985954,0.00023457009123630093,4.0
YPL110C,0.0004957858205255329,0.0,0.005275221958552518,0.16260022468502058,0.0,0.00019421222473462807,0.00023446009658380706,4.0
YGR027C,0.0009915716410510659,0.0,0.00025023451993723097,0.13745809006579562,0.0,0.0003715823746903535,0.0002909649587400533,8.0
YGR029W,0.0004957858205255329,0.0,0.0020664935427607972,0.15701232684078958,0.0,0.0001822130787960007,0.0002586853897172802,7.0
YGR038W,0.0009915716410510659,8.522640303695472e-05,0.0014767142301866844,0.14730128918992816,8.868157071384507e-05,0.000282515421837111,0.0003365091308410201,26.0
YGR041W,0.0009915716410510659,0.0,4.323660793748507e-25,0.0,0.0,0.0004955401387512388,0.0,0.0
YGR046W,0.0004957858205255329,0.0,0.0002704207935811312,0.13699545702426874,0.0,0.0002181738693203883,0.0002375051870917141,6.0
YPL222W,0.0004957858205255329,0.0,1.6501479484935872e-06,0.10275707283682335,0.0,0.0002638214198410996,0.00014592807552007314,2.0
YGR049W,0.0004957858205255329,0.0,4.323660793748507e-25,0.0004957858205255329,0.0,0.0004955401387512388,0.0,1.0
YGR278W,0.0004957858205255329,0.0,4.323660793748507e-25,0.0004957858205255329,0.0,0.0004955401387512388,0.0,1.0
YGR057C,0.0009915716410510659,0.00032587880303635794,0.0016608244087552822,0.15412971384084395,0.00036743863255591925,0.00032310263989598806,0.0003174071359760839,8.0
YOR097C,0.0009915716410510659,6.836282260392289e-05,0.00026691469897948805,0.1345932320764484,8.183683564044248e-05,0.00032732349481204683,0.0002875953725786633,6.0
YGR061C,0.0004957858205255329,0.0,0.003320240030399472,0.15760183692631174,0.0,0.0001994177958042444,0.0002469082927253316,6.0
YGR063C,0.0004957858205255329,0.0,6.985520948772015e-21,0.0009534342702414096,0.0,0.00032394381405972364,0.0,2.0
YML095C,0.0009915716410510659,1.967404049704496e-06,1.3494990126796636e-20,0.0013771828347931474,1.967404049704496e-06,0.0005873242194001888,0.0,3.0
YGR067C,0.0004957858205255329,0.0,0.0004165347787228611,0.13863561318226392,0.0,0.00020555513402099992,0.0002165497980625928,2.0
YGR071C,0.0004957858205255329,0.0,0.002917985535986881,0.15954869415880213,0.0,0.0001803762384352604,0.00025806785974144406,7.0
YGR074W,0.0004957858205255329,0.0,7.718408365504299e-06,0.10312786611308675,0.0,0.0002702822832310284,0.00011581206076395736,2.0
YKL183W,0.0009915716410510659,0.000809094915440974,0.00010411485345241124,0.11803518946598901,0.0008090949154409741,0.00046100234855066404,0.00014306808105714943,3.0
YGR082W,0.0004957858205255329,0.0,0.005627266722882135,0.16665514343957258,0.0,0.0001797211630693017,0.00026318763098005245,10.0
YGR083C,0.0004957858205255329,0.0,0.034503050977095245,0.18844563076921367,0.0,0.00016936318100677073,0.00027155991966084525,43.0
YGR092W,0.0004957858205255329,0.0,3.46804586506208e-08,0.0882839603104144,0.0,0.0002987074989425935,9.41601794642131e-05,2.0
YGR097W,0.0009915716410510659,0.0,4.323660793748507e-25,0.0,0.0,0.0004955401387512388,0.0,0.0
YKL033W,0.001487357461576599,0.0016176979798695219,0.00033843066525268196,0.14145329150410224,0.0016176979798695219,0.0006360685253806218,0.0002447887341615995,8.0
YGR101W,0.0004957858205255329,0.0,4.323660793748507e-25,0.0004957858205255329,0.0,0.0004955401387512388,0.0,1.0
YHL021C,0.0004957858205255329,0.0,4.323660793748507e-25,0.0004957858205255329,0.0,0.0004955401387512388,0.0,1.0
YGR110W,0.0004957858205255329,0.0,0.0012155789417840096,0.15715929052567626,0.0,0.00021338026501521766,0.00025214748700508826,11.0
YGR117C,0.0004957858205255329,0.0,0.0002704207935811312,0.13699545702426874,0.0,0.0002181738693203883,0.00023750518709171422,6.0
YJL041W,0.0009915716410510659,1.5985157903849031e-06,0.002114889081545889,0.15466211354323028,1.6497502708459575e-06,0.00031223870732668404,0.0003153803617303289,7.0
YKL061W,0.001487357461576599,0.0008426552505043987,0.0022776889041259208,0.15845705510474872,0.0008438925206621148,0.00047653969825710415,0.000329422440594957,11.0
YNR025C,0.0004957858205255329,0.0,0.005627266722882135,0.16665514343957258,0.0,0.0001797211630693017,0.00026318763098005267,10.0
YOR158W,0.001487357461576599,7.78136955875514e-05,0.021182629714405814,0.18617331339195495,7.333640100029068e-05,0.0003946930760063761,0.0003838516046475279,39.0
YOR353C,0.0024789291026276646,0.0008116230591035483,0.02634585042900426,0.1926621423010549,0.0008525599544937507,0.0006037785814460962,0.0004102544461857606,39.0
YGR121C,0.0004957858205255329,0.0,0.0007859484886103124,0.14158748351670233,0.0,0.00017694916665788544,0.0002636966064491682,26.0
YGR122W,0.0009915716410510659,0.0008839383433554253,0.002875388258331219,0.15913285820672374,0.0009424624947200337,0.0003347434590374261,0.00029582749859116724,7.0
YGR123C,0.0004957858205255329,0.0,8.29200763858525e-05,0.12831872909084402,0.0,0.0002177364871470181,0.00022324336590368236,4.0
YGR125W,0.0004957858205255329,0.0,0.00042765840838393185,0.1327706292500697,0.0,0.0001998017737051311,0.00021865145401987128,2.0
YGR130C,0.0009915716410510659,0.0007006375534954466,0.0012375486742462406,0.1525196384833604,0.0008003111584292921,0.00028162866564419305,0.00033416767370012153,16.0
YGR233C,0.002974714923153198,0.0019656547809876784,0.007199509922224503,0.1721441056161675,0.002231991817121049,0.0007486342507865097,0.00041223996663266845,25.0
YJR011C,0.001487357461576599,0.0018611242817946445,8.235256444485087e-05,0.128934580161543,0.0018780483211723919,0.0006231943411680346,0.00023993016126021256,6.0
YJR127C,0.0004957858205255329,0.0,0.0010538308063532658,0.1506550534009595,0.0,0.000194338185814331,0.0002419212168956906,4.0
YGR144W,0.0024789291026276646,0.0011097698601322836,0.06338605157207677,0.20208221094071835,0.0010345880898945388,0.0005461303678272916,0.0003510590538644856,48.0
YIL051C,0.0004957858205255329,0.0,0.004698989633264134,0.16199233672491015,0.0,0.00019039261763188043,0.0002225425053856412,2.0
YNL181W,0.0004957858205255329,0.0,8.50420603705679e-05,0.12102355672789936,0.0,0.00023034025507872376,0.00018378776214898637,2.0
YGR161C-C,0.0004957858205255329,0.0,5.945877093855135e-23,0.0006610477607007105,0.0,0.0003840031352760571,0.0,2.0
YGR163W,0.0004957858205255329,0.0,1.6262163500906466e-05,0.11332493513228338,0.0,0.0002839095284895925,0.00012816091079132565,2.0
YNR014W,0.0004957858205255329,0.0,0.00020150176603578258,0.13152261393547,0.0,0.00019753482953649746,0.00023671792688258387,4.0
YGR179C,0.0004957858205255329,0.0,0.0004361356516350724,0.14133422307691026,0.0,0.0002154737507444937,0.00021110023689316688,2.0
YGR180C,0.0009915716410510659,0.0,0.002127370164358404,0.14532516024266526,0.0,0.00036363528015627726,0.0002394147054619261,6.0
YOR230W,0.0009915716410510659,0.0,0.002127370164358404,0.14532516024266526,0.0,0.00036363528015627726,0.0002394147054619261,6.0
YGR185C,0.0004957858205255329,0.0,8.46918422135909e-05,0.12752686377318476,0.0,0.00024050868891671714,0.00017994571086282367,2.0
YGR188C,0.0004957858205255329,0.0,3.6449931580861583e-06,0.10904696023079681,0.0,0.0002646636997429264,0.00016338989676178734,2.0
YOR026W,0.0009915716410510659,0.000809094915440974,4.91638175774285e-05,0.12585406690929962,0.000809094915440974,0.0004467222795164504,0.00022344723601854498,4.0
YGR192C,0.0004957858205255329,0.0,0.023835713256763955,0.17540355916988182,0.0,0.0001732300979500551,0.0002707692768445337,39.0
YOL021C,0.0004957858205255329,0.0,0.0006230686549467267,0.14088949613204899,0.0,0.00019297556317232427,0.00023300839344980625,3.0
YGR203W,0.0019831432821021317,0.0006536647773109534,0.0034205086272721843,0.15920830343996148,0.0007520058957016354,0.0005872792297746264,0.0003625776771233379,12.0
YNL314W,0.002974714923153198,0.0011536391115598867,0.041477606854965564,0.1902606878361126,0.0011339398633292434,0.000601678755684541,0.0003946798230792341,44.0
YGR205W,0.0004957858205255329,0.0,4.323660793748507e-25,0.0004957858205255329,0.0,0.0004955401387512388,0.0,1.0
YMR315W,0.0004957858205255329,0.0,4.323660793748507e-25,0.0004957858205255329,0.0,0.0004955401387512388,0.0,1.0
YKL069W,0.001487357461576599,0.0,2.0699211412846355e-06,0.10568374949826555,0.0,0.00042270482882191283,0.0001645612126360791,2.0
YGR213C,0.0004957858205255329,0.0,0.0007900890876582302,0.1456718854921326,0.0,0.00020388897164501206,0.00021878758521078848,2.0
YKL143W,0.001487357461576599,0.000809094915440974,0.000594327727600254,0.149414956187203,0.000809094915440974,0.0004855151511644227,0.00033024437870925503,14.0
YOR089C,0.0004957858205255329,0.0,0.000342616348013364,0.13136825976752617,0.0,0.00023345204246954273,0.00018384852072557862,2.0
YGR229C,0.0004957858205255329,0.0,1.5493042546136421e-21,0.0008924144769459593,0.0,0.0003468241341176632,0.0,2.0
YPR049C,0.0019831432821021317,0.0002752048684126613,0.011873741120236933,0.17833781945339286,0.000335158311693237,0.000509284275173082,0.000391332800970717,21.0
YGR238C,0.0004957858205255329,0.0,4.902950311163485e-05,0.12716467444125296,0.0,0.00023383946802905058,0.0002116539560199362,4.0
YGR240C,0.001487357461576599,0.0,7.275529125139733e-22,0.0004957858205255329,0.0,0.0006433328115339021,0.0,1.0
YMR205C,0.0004957858205255329,0.0,4.496524285476142e-22,0.0004957858205255329,0.0,0.0003477474659685757,0.0,1.0
YLL017W,0.0004957858205255329,0.0,0.00023332613482645754,0.13723339355567582,0.0,0.00020288323913797922,0.00023240237047548112,4.0
YNL020C,0.0004957858205255329,0.0,0.00023332613482645754,0.13723339355567582,0.0,0.00020288323913797922,0.00023240237047548106,4.0
YGR247W,0.0009915716410510659,0.0006876250143121142,0.005799846101969957,0.16522022830540653,0.0007444866588396431,0.0003087342037429716,0.00031144299999306453,11.0
YGR250C,0.0009915716410510659,9.83702024852248e-07,7.275529125139733e-22,0.0011155180961824492,9.83702024852248e-07,0.0006433328115339021,0.0,3.0
YIR001C,0.0004957858205255329,0.0,4.496524285476142e-22,0.0007436787307882995,0.0,0.0003477474659685757,0.0,2.0
YPL178W,0.0009915716410510659,9.83702024852248e-07,7.275529125139733e-22,0.0011155180961824492,9.83702024852248e-07,0.0006433328115339021,0.0,3.0
YGR253C,0.0004957858205255329,0.0,0.0005402139841860628,0.14145329150410224,0.0,0.0002038270842145855,0.00022986850098584226,3.0
YGR263C,0.0004957858205255329,0.0,7.424147023468471e-08,0.09042954464271948,0.0,0.00027950814905102676,0.0001172110614526716,4.0
YLR132C,0.0024789291026276646,0.009610416962181071,0.026563816979607694,0.1923035728164574,0.009596823344913574,0.000662072971666678,0.0004047542992196406,39.0
YPL251W,0.0004957858205255329,0.0,0.006391916307555349,0.16441131653891738,0.0,0.00017208725360045216,0.00024879624624644546,4.0
YOR124C,0.0019831432821021317,0.0024253173422732178,0.002392694693882943,0.1562634313777286,0.0024253173422732178,0.0006812201038235558,0.00031537132929796146,13.0
YGR286C,0.0004957858205255329,0.0,7.424147023468471e-08,0.09042954464271948,0.0,0.00027950814905102676,0.0001172110614526716,4.0
YGR294W,0.0004957858205255329,0.0,0.007849959584850491,0.16622205867132225,0.0,0.00017513627187411637,0.0002558174958767831,6.0
YHL002W,0.0009915716410510659,4.91851012426124e-07,8.408740026333456e-23,0.0009915716410510659,4.91851012426124e-07,0.0007186141457016025,0.0,3.0
YNR005C,0.0004957858205255329,0.0,5.945877093855135e-23,0.0006610477607007105,0.0,0.0003840031352760571,0.0,2.0
YNR006W,0.0004957858205255329,0.0,5.945877093855135e-23,0.0006610477607007105,0.0,0.0003840031352760571,0.0,2.0
YHL003C,0.0024789291026276646,0.0008444118725919739,0.0010456010123329655,0.14152781120250288,0.0008586165035601735,0.0006833794719541151,0.0003643013222456614,24.0
YKL008C,0.001487357461576599,0.00022478228948664188,0.000927116480656916,0.14212680733498625,0.0002618642515415434,0.0004084952453856367,0.0003448360844367193,26.0
YMR298W,0.001487357461576599,3.139235640580745e-05,0.0008507242150087586,0.1410374271443674,4.222700337839716e-05,0.0004072968456594559,0.00034221767090225613,19.0
YOR223W,0.0004957858205255329,0.0,7.784457026374524e-05,0.12062144900529409,0.0,0.00019055531776978913,0.00022779144829062874,3.0
YLR046C,0.0004957858205255329,0.0,9.740853722441376e-05,0.13111180635655978,0.0,0.00021094124826788463,0.00021761541781614512,3.0
YLR376C,0.001487357461576599,0.0009279151234140969,0.00047577012902078557,0.14806442417581073,0.0009447658690810654,0.0005478008341189793,0.00029586781001630626,8.0
YHL011C,0.0004957858205255329,0.0,1.4227102857872929e-06,0.10159132174579905,0.0,0.00028162545834997145,0.00013121420196225486,2.0
YHL012W,0.0004957858205255329,0.0,0.0016321224665597405,0.1494981030743411,0.0,0.00020323109442573818,0.00026127583063405735,15.0
YOL054W,0.0009915716410510659,6.623095037231978e-05,0.013598856636215031,0.17240924863598445,9.404836112513689e-05,0.0002748237008230107,0.0003408569395438573,13.0
YHL019C,0.0009915716410510659,0.0,0.00013951747261639505,0.12740590497229964,0.0,0.00037503450843317566,0.0002625545643491339,6.0
YKL135C,0.0024789291026276646,0.004296666577788364,0.0016849609261854203,0.15016662449669702,0.004183128198355083,0.0008765294640124334,0.00032798551289170105,16.0
YHL025W,0.0004957858205255329,0.0,0.0004020586820651839,0.130614591221602,0.0,0.00020519215015111911,0.0002036785329419817,2.0
YHL027W,0.0004957858205255329,0.0,4.323660793748507e-25,0.0004957858205255329,0.0,0.0004955401387512388,0.0,1.0
YJL056C,0.0004957858205255329,0.0,4.323660793748507e-25,0.0004957858205255329,0.0,0.0004955401387512388,0.0,1.0
YHL033C,0.0004957858205255329,0.0,0.000690765741576372,0.13590049131150903,0.0,0.0001798972759919114,0.0002547226736776197,9.0
YHL039W,0.0004957858205255329,0.0,0.0013466844589120031,0.15283200092421834,0.0,0.0001832340205718674,0.0002492457150580555,4.0
YHL042W,0.0004957858205255329,0.0,6.923940911429231e-07,0.0968380402366776,0.0,0.00029364471253249234,0.00012429762182576955,2.0
YOR127W,0.0009915716410510659,0.000809094915440974,9.339173964053613e-06,0.10986753280900988,0.000809094915440974,0.0005141147041644655,0.0001562449655421531,3.0
YHL046C,0.0004957858205255329,0.0,0.0002529776182298472,0.1418416532336806,0.0,0.00020330587445400176,0.00025463651908800373,7.0
YHR005C,0.0004957858205255329,0.0,5.945877093855135e-23,0.0006610477607007105,0.0,0.0003840031352760571,0.0,2.0
YOR212W,0.0009915716410510659,4.91851012426124e-07,8.408740026333456e-23,0.0009915716410510659,4.91851012426124e-07,0.0007186141457016025,0.0,3.0
YHR009C,0.0004957858205255329,0.0,0.00012166602584083294,0.12638694543874246,0.0,0.00025144726500617225,0.00018280289877570295,2.0
YOR359W,0.0009915716410510659,0.0008090949154409739,0.0016411401517478345,0.14953138774607092,0.000809094915440974,0.00041716933314641194,0.00026141243213474567,15.0
YHR014W,0.0004957858205255329,0.0,6.124272903029057e-06,0.11317216750551477,0.0,0.00024520947644006533,0.00017780366564186366,3.0
YHR185C,0.0019831432821021317,0.001880392039628565,8.257815452008857e-05,0.13138110877571937,0.0019908766145829235,0.0008032534378536153,0.0002513079945899157,9.0
YLR243W,0.001487357461576599,0.003231953002652061,0.00017146286091462376,0.1320008309869256,0.003231953002652061,0.000649735940846323,0.00021099022571490348,6.0
YHR025W,0.0019831432821021317,4.201762747084389e-05,0.034636143300379924,0.18420741307226482,4.082297518656959e-05,0.0003651063246827486,0.0003473561570391783,39.0
YHR026W,0.0009915716410510659,0.005161775255319757,0.0012287618614538307,0.15758334773849775,0.005279292080069766,0.0003154014206669085,0.00034259687319733597,26.0
YHR030C,0.0004957858205255329,0.0,4.323660793748507e-25,0.0004957858205255329,0.0,0.0004955401387512388,0.0,1.0
YPL140C,0.0004957858205255329,0.0,4.323660793748507e-25,0.0004957858205255329,0.0,0.0004955401387512388,0.0,1.0
YHR035W,0.0004957858205255329,0.0,9.504326683342313e-05,0.12156022227357059,0.0,0.00024045862255598477,0.0001985030656299143,4.0
YHR036W,0.0004957858205255329,0.0,0.00020359418250453986,0.1273938217112059,0.0,0.0001894173537013698,0.00023712759334109854,4.0
YPL019C,0.0004957858205255329,0.0,0.00031108292542059206,0.1374440249793262,0.0,0.00021857863751734076,0.00022269912209906627,3.0
YHR066W,0.0004957858205255329,0.0,5.945877093855135e-23,0.0006610477607007105,0.0,0.0003840031352760571,0.0,2.0
YJR047C,0.0004957858205255329,0.0,0.0011918413963007053,0.14118566913211636,0.0,0.00021815242198991008,0.0001859214653851793,2.0
YHR076W,0.0004957858205255329,0.0,0.0007228594021554812,0.13605190480329737,0.0,0.0001827266911768873,0.0002472709364187643,5.0
YHR091C,0.0004957858205255329,0.0,5.945877093855135e-23,0.0006610477607007105,0.0,0.0003840031352760571,0.0,2.0
YOL088C,0.0009915716410510659,4.91851012426124e-07,8.408740026333456e-23,0.0009915716410510659,4.91851012426124e-07,0.0007186141457016025,0.0,3.0
YHR096C,0.0004957858205255329,0.0,0.0007859484886103124,0.14158748351670233,0.0,0.00017694916665788544,0.0002636966064491685,26.0
YHR098C,0.0009915716410510659,0.000809094915440974,0.00011389383288867565,0.1267566722773384,0.000809094915440974,0.0004830242695237517,0.00017656028865528658,3.0
YJR048W,0.0004957858205255329,0.0,8.442275301809258e-06,0.10972393858217244,0.0,0.00027968234279616326,0.00013682159534832063,2.0
YPR181C,0.001487357461576599,0.0024253173422732178,0.0015278557819979133,0.1500156864108728,0.0024253173422732178,0.0006036127159388763,0.0002487074827641372,8.0
YHR102W,0.0009915716410510659,0.0,0.004804355026703688,0.15875670205920756,0.0,0.0002741616541021878,0.00032354649179634575,8.0
YHR107C,0.0004957858205255329,0.0,0.0003486985677681752,0.13996461978982547,0.0,0.00025393921327600494,0.00018546560137439218,3.0
YIL008W,0.0004957858205255329,0.0,0.0053178771794662304,0.15828900025017145,0.0,0.00017156673746820413,0.00024329391788319372,3.0
YLR021W,0.0009915716410510659,0.00017569650064938705,0.008672429454645136,0.16906739535845877,0.0001812115134035065,0.0003173851717428632,0.0003085906075872693,10.0
YNL222W,0.0004957858205255329,0.0,0.008407223023587616,0.16855822011832788,0.0,0.0001778428363038159,0.00026166885705539004,9.0
YIL132C,0.0019831432821021317,0.002685469790220043,0.005068272601023274,0.1728529733783239,0.002715695458912552,0.0006685453674201654,0.00035261641327971794,13.0
YJL086C,0.0004957858205255329,0.0,0.0012155789417840096,0.15715929052567626,0.0,0.00021338026501521766,0.0002521474870050883,11.0
YJL180C,0.0004957858205255329,0.0,0.0012155789417840096,0.15715929052567626,0.0,0.00021338026501521766,0.00025214748700508826,11.0
YJL203W,0.0004957858205255329,0.0,0.0012155789417840096,0.15715929052567626,0.0,0.00021338026501521766,0.0002521474870050881,11.0
YLR112W,0.0004957858205255329,0.0,0.0012155789417840096,0.15715929052567626,0.0,0.00021338026501521766,0.00025214748700508804,11.0
YHR115C,0.0009915716410510659,0.0008090949154409742,0.0002516367484864675,0.13226077748355208,0.000809094915440974,0.0004913545021602983,0.0001759607142093248,4.0
YOR215C,0.0004957858205255329,0.0,1.8654756053157375e-05,0.11382429083323065,0.0,0.0002835532156402727,0.00013646126701086697,2.0
YIL128W,0.0004957858205255329,0.0,5.945877093855135e-23,0.0006610477607007105,0.0,0.0003840031352760571,0.0,2.0
YHR123W,0.0009915716410510659,4.5611296748100316e-05,0.001489707609931696,0.14760884133219287,4.4853847595079856e-05,0.0002780653117144009,0.0003374317019264782,27.0
YJR008W,0.0004957858205255329,0.0,0.0012552529412900091,0.14298919056024645,0.0,0.0001954226903404532,0.00022944898808243612,4.0
YHR137W,0.0009915716410510659,0.0,4.323660793748507e-25,0.0,0.0,0.0004955401387512388,0.0,0.0
YHR156C,0.0004957858205255329,0.0,0.004698989633264134,0.16199233672491015,0.0,0.00019039261763188043,0.00022254250538564132,2.0
YJR010W,0.0024789291026276646,0.0011097698601322836,0.06338605157207679,0.20208221094071835,0.0010345880898945386,0.0005461303678272916,0.0003510590538644848,48.0
YJR122W,0.0004957858205255329,0.0,4.902950311163485e-05,0.12716467444125296,0.0,0.00023383946802905058,0.0002116539560199365,4.0
YLR452C,0.0004957858205255329,0.0,4.902950311163485e-05,0.12716467444125296,0.0,0.00023383946802905058,0.00021165395601993657,4.0
YHR166C,0.0009915716410510659,0.000809094915440974,0.0037008036373491118,0.156609590313974,0.0008090949154409741,0.00038562383380937856,0.0002475239198586302,6.0
YLR451W,0.0004957858205255329,0.0,0.00027432668645958387,0.13140681433407894,0.0,0.00023821482791566213,0.00017590107468082525,2.0
YML062C,0.0009915716410510659,0.0,0.014638013601802884,0.18355294563035732,0.0,0.0002993574091057623,0.00033643643445224525,39.0
YHR169W,0.0004957858205255329,0.0,2.9063885533390342e-05,0.11817018176501759,0.0,0.0002637006476589936,0.00016038850391613752,2.0
YKL075C,0.0009915716410510659,0.000809094915440974,0.00039207209345274834,0.1381650335448421,0.000809094915440974,0.0004463801629088475,0.00021787152986110106,4.0
YLL042C,0.0004957858205255329,0.0,9.720472516298612e-05,0.12709248331185116,0.0,0.00022590791051397223,0.00019763500091630286,3.0
YIL007C,0.0009915716410510659,0.002127173261601785,0.0010307283688346088,0.1504694137025826,0.002215272318621898,0.0003851182992483328,0.0002671172706493287,6.0
YMR016C,0.0004957858205255329,0.0,6.124272903029057e-06,0.11317216750551477,0.0,0.00024520947644006533,0.00017780366564186403,3.0
YHR187W,0.0004957858205255329,0.0,4.323660793748507e-25,0.0004957858205255329,0.0,0.0004955401387512388,0.0,1.0
YMR312W,0.0004957858205255329,0.0,4.323660793748507e-25,0.0004957858205255329,0.0,0.0004955401387512388,0.0,1.0
YLR146C,0.0009915716410510659,0.000809094915440974,0.0003486878619366597,0.13999379428066233,0.000809094915440974,0.0004889972265235866,0.0001855344218806521,3.0
YPL037C,0.0004957858205255329,0.0,0.0003467717670587299,0.13996461978982547,0.0,0.00024917601118244976,0.00018546560137439259,2.0
YHR197W,0.0004957858205255329,0.0,0.013488869448762882,0.18215899866055804,0.0,0.00018142087576644543,0.0002708528467336663,39.0
YHR216W,0.0004957858205255329,0.0,0.023835713256763955,0.17540355916988182,0.0,0.0001732300979500551,0.00027076927684453387,39.0
YIL001W,0.0004957858205255329,0.0,4.093700702526759e-05,0.12453555128156453,0.0,0.0002407738932474419,0.0002061483939591011,5.0
YIL011W,0.0004957858205255329,0.0,4.323660793748507e-25,0.0004957858205255329,0.0,0.0004955401387512388,0.0,1.0
YMR201C,0.0004957858205255329,0.0,4.323660793748507e-25,0.0004957858205255329,0.0,0.0004955401387512388,0.0,1.0
YIL018W,0.0004957858205255329,0.0,0.00017867299049137035,0.13386889138159805,0.0,0.00022612026767858157,0.00022932498992062948,7.0
YIL026C,0.0004957858205255329,0.0,4.323660793748507e-25,0.0004957858205255329,0.0,0.0004955401387512388,0.0,1.0
YPR068C,0.0004957858205255329,0.0,4.323660793748507e-25,0.0004957858205255329,0.0,0.0004955401387512388,0.0,1.0
YIL033C,0.002974714923153198,0.0024258091932856437,0.0005407371549074096,0.14179673346595112,0.0024258091932856437,0.0009698004340254567,0.00023313150000952443,11.0
YJL164C,0.0004957858205255329,0.0,4.009088805894039e-05,0.12081673467556708,0.0,0.00023921045112801473,0.00016850833248800633,3.0
YKL166C,0.0004957858205255329,0.0,4.009088805894039e-05,0.12081673467556708,0.0,0.00023921045112801473,0.00016850833248800633,3.0
YPL203W,0.0004957858205255329,0.0,4.009088805894039e-05,0.12081673467556708,0.0,0.00023921045112801473,0.0001685083324880064,3.0
YIL045W,0.0004957858205255329,0.0,2.627109808960367e-07,0.09246509644957356,0.0,0.00029566293055393006,9.646814788157165e-05,2.0
YOR178C,0.0009915716410510659,0.000809094915440974,3.543435712846621e-06,0.10427266388161426,0.000809094915440974,0.0005207712000674833,0.00011466422569848686,3.0
YJR130C,0.0004957858205255329,0.0,0.0005790425279057459,0.1398917367343215,0.0,0.00022482966958405174,0.00020715912535406713,3.0
YML082W,0.0004957858205255329,0.0,0.0005790425279057459,0.1398917367343215,0.0,0.00022482966958405174,0.00020715912535406705,3.0
YIL050W,0.0009915716410510659,0.00040282597917699556,0.0021752363562259217,0.14611557229663383,0.00040282597917699556,0.0003420025375384059,0.0002832089141107387,8.0
YIL053W,0.0004957858205255329,0.0,0.0006300970378134067,0.13977528159448022,0.0,0.00024060357523592274,0.0001830622039754563,2.0
YIL062C,0.0004957858205255329,0.0,4.323660793748507e-25,0.0004957858205255329,0.0,0.0004955401387512388,0.0,1.0
YKL013C,0.0004957858205255329,0.0,4.323660793748507e-25,0.0004957858205255329,0.0,0.0004955401387512388,0.0,1.0
YLR321C,0.002974714923153198,0.013477531041391787,0.05111843543534013,0.19661013702033883,0.013300557368695835,0.0008160888556248139,0.00041351991725723474,48.0
YIL069C,0.0004957858205255329,0.0,0.00017867299049137035,0.13386889138159805,0.0,0.00022612026767858157,0.00022932498992063,7.0
YIL075C,0.0004957858205255329,0.0,4.323660793748507e-25,0.0004957858205255329,0.0,0.0004955401387512388,0.0,1.0
YLR421C,0.0004957858205255329,0.0,4.323660793748507e-25,0.0004957858205255329,0.0,0.0004955401387512388,0.0,1.0
YIL084C,0.0004957858205255329,0.0,0.013488869448762882,0.18215899866055804,0.0,0.00018142087576644543,0.0002708528467336665,39.0
YIL085C,0.0004957858205255329,0.0,0.00024243268463376943,0.1321436749752046,0.0,0.00019175555101376207,0.00024696419491857847,7.0
YIL103W,0.0004957858205255329,0.0,4.323660793748507e-25,0.0004957858205255329,0.0,0.0004955401387512388,0.0,1.0
YKL191W,0.0004957858205255329,0.0,4.323660793748507e-25,0.0004957858205255329,0.0,0.0004955401387512388,0.0,1.0
YIL104C,0.0004957858205255329,0.0,0.0001265124407331367,0.13218268609751574,0.0,0.0001983122312195007,0.0002177898674652642,3.0
YPL059W,0.0009915716410510659,0.0,0.0018226801853970008,0.15460870811728303,0.0,0.0003077205736319501,0.00031500977952355437,9.0
YIL105W-A,0.0004957858205255329,0.0,0.011267654287859724,0.17003043748391833,0.0,0.00017185635832226386,0.00026592753150761185,14.0
YNL161W,0.0009915716410510659,0.0024243336402483655,6.230145024786133e-06,0.11260293873107176,0.002424333640248365,0.000491637094573281,0.0001363475103137651,4.0
YNL107W,0.0009915716410510659,0.0004790589346650249,0.008016746801936613,0.16860053421902282,0.0004858097165909192,0.00030466248078504625,0.00031891762550874115,11.0
YIL124W,0.0004957858205255329,0.0,0.0007859484886103124,0.14158748351670233,0.0,0.00017694916665788544,0.00026369660644916856,26.0
YLR322W,0.0004957858205255329,0.0,0.00037574616399282186,0.1426551036664141,0.0,0.00021612283548729286,0.0002231673178981744,3.0
YLR121C,0.0004957858205255329,0.0,1.5869341139229178e-06,0.10039166338736584,0.0,0.0002804061187918011,0.00011152918191833146,2.0
YIL163C,0.0004957858205255329,0.0,9.981960376140734e-06,0.10683531823136522,0.0,0.0002887597039215922,0.00011616855848627307,2.0
YIR015W,0.0004957858205255329,0.0,0.0005193122373762256,0.14074187511766084,0.0,0.00020819899835737554,0.0002373444398336925,5.0
YIR017C,0.0004957858205255329,0.0,0.013488869448762882,0.18215899866055804,0.0,0.00018142087576644543,0.0002708528467336663,39.0
YIR025W,0.0004957858205255329,0.0,0.002917985535986881,0.15954869415880213,0.0,0.0001803762384352604,0.0002580678597414422,7.0
YIR032C,0.0009915716410510659,0.0,4.323660793748507e-25,0.0,0.0,0.0004955401387512388,0.0,0.0
YNR030W,0.0009915716410510659,1.0095944129353215e-05,0.0011004284935361962,0.1420066028251353,8.105487691688795e-06,0.00027087972429139625,0.00033662326787067175,27.0
YPL053C,0.0009915716410510659,1.0095944129353215e-05,0.0011004284935361962,0.1420066028251353,8.105487691688795e-06,0.00027087972429139625,0.00033662326787067175,27.0
YIR035C,0.001487357461576599,0.0,0.0372656614609089,0.18844563076921367,0.0,0.0002945512675597785,0.0002715599196608473,43.0
YIR036C,0.0009915716410510659,0.0,4.323660793748507e-25,0.0,0.0,0.0004955401387512388,0.0,0.0
YIR037W,0.0009915716410510659,0.000809094915440974,0.0005221824146563774,0.14077137456748637,0.000809094915440974,0.00042490291039315453,0.0002374571581060428,5.0
YLR216C,0.0004957858205255329,0.0,3.871376727692745e-05,0.12007155234852551,0.0,0.0002548713652664184,0.00017075668845031145,2.0
YJR010C-A,0.0004957858205255329,0.0,0.0007859484886103124,0.14158748351670233,0.0,0.00017694916665788544,0.00026369660644916834,26.0
YJR073C,0.0004957858205255329,0.0,0.0007859484886103124,0.14158748351670233,0.0,0.00017694916665788544,0.00026369660644916845,26.0
YJR075W,0.0009915716410510659,4.5611296748100316e-05,0.001489707609931696,0.14760884133219287,4.4853847595079856e-05,0.0002780653117144009,0.0003374317019264788,27.0
YJR118C,0.0009915716410510659,4.5611296748100316e-05,0.001489707609931696,0.14760884133219287,4.4853847595079856e-05,0.0002780653117144009,0.00033743170192647876,27.0
YML038C,0.0004957858205255329,0.0,0.0007859484886103124,0.14158748351670233,0.0,0.00017694916665788544,0.00026369660644916856,26.0
YNL217W,0.0004957858205255329,0.0,0.0007859484886103124,0.14158748351670233,0.0,0.00017694916665788544,0.00026369660644916856,26.0
YOR321W,0.0004957858205255329,0.0,0.0007859484886103124,0.14158748351670233,0.0,0.00017694916665788544,0.00026369660644916866,26.0
YJL001W,0.0004957858205255329,0.0,0.003320240030399472,0.15760183692631174,0.0,0.0001994177958042444,0.000246908292725334,6.0
YML112W,0.0004957858205255329,0.0,3.953839212425083e-07,0.10080603798296098,0.0,0.0002814182004743462,0.00015942388116735038,2.0
YMR001C,0.0019831432821021317,0.0015578716274615575,0.00485227411590359,0.1643911952175933,0.0017039295061036925,0.0005380445951554034,0.000372875309328423,15.0
YNL029C,0.0004957858205255329,0.0,0.00024243268463376943,0.1321436749752046,0.0,0.00019175555101376207,0.0002469641949185788,7.0
YOL012C,0.0004957858205255329,0.0,0.00024243268463376943,0.1321436749752046,0.0,0.00019175555101376207,0.00024696419491857907,7.0
YOR288C,0.0009915716410510659,1.6162826569277198e-05,0.0009331984262101414,0.138821874340942,1.803772297543989e-05,0.0002973218061929876,0.0003288425938388681,12.0
YJL031C,0.0004957858205255329,0.0,9.720407562778221e-06,0.11049111262013285,0.0,0.00026296231722163936,0.0001632266474825878,2.0
YPR176C,0.0009915716410510659,0.0008090949154409739,0.00013114528181462228,0.1277816263435079,0.000809094915440974,0.00044358850757691195,0.00022314203120258727,5.0
YJL039C,0.0004957858205255329,0.0,6.81114085373828e-05,0.13052574639228015,0.0,0.00019351024235009386,0.00023048523256559468,5.0
YJL061W,0.001487357461576599,0.004589632652266209,0.014076883234603873,0.18878994464131482,0.004499706548722649,0.00043186928128002855,0.0003665061566924133,39.0
YJL047C,0.0004957858205255329,0.0,4.093700702526759e-05,0.12453555128156453,0.0,0.0002407738932474419,0.00020614839395910128,5.0
YJL048C,0.0009915716410510659,0.0003769537536993737,0.01579820349793088,0.18781326288072636,0.0004281721919820519,0.00029845713721745167,0.0003372970914835162,39.0
YJL057C,0.0009915716410510659,0.0,7.357875954754017e-05,0.13053843111010252,0.0,0.00033650764986252945,0.00026387502654219195,8.0
YMR129W,0.0009915716410510659,0.0,7.357875954754017e-05,0.13053843111010252,0.0,0.00033650764986252945,0.000263875026542192,8.0
YJL075C,0.0004957858205255329,0.0,0.002917985535986881,0.15954869415880213,0.0,0.0001803762384352604,0.00025806785974144243,7.0
YML098W,0.0009915716410510659,0.0002703961191544261,0.0031465504981466486,0.16349080527299842,0.0003344833408662056,0.0003053819110758603,0.00032888142337137826,9.0
YJL064W,0.0004957858205255329,0.0,9.6223845153798e-07,0.10078334754824092,0.0,0.00027870709270435754,0.00012802505586670095,2.0
YNR029C,0.001487357461576599,0.0024253173422732178,1.2978239936037286e-05,0.11497393273328384,0.0024253173422732178,0.0007173459977158303,0.00016218045759338392,5.0
YJL068C,0.0009915716410510659,0.0,4.323660793748507e-25,0.0,0.0,0.0004955401387512388,0.0,0.0
YJL069C,0.0004957858205255329,0.0,4.323660793748507e-25,0.0004957858205255329,0.0,0.0004955401387512388,0.0,1.0
YLR409C,0.0004957858205255329,0.0,4.323660793748507e-25,0.0004957858205255329,0.0,0.0004955401387512388,0.0,1.0
YJL083W,0.0004957858205255329,0.0,0.00017867299049137035,0.13386889138159805,0.0,0.00022612026767858157,0.00022932498992063075,7.0
YJL090C,0.0019831432821021317,0.0009464703970165229,0.00922157549198846,0.16977255512170816,0.0010701487551111096,0.0005522275518362284,0.000390864804659826,19.0
YJL100W,0.0004957858205255329,0.0,0.000342616348013364,0.13136825976752617,0.0,0.00023345204246954273,0.00018384852072557935,2.0
YJL103C,0.0009915716410510659,0.000809094915440974,0.0054858170983019885,0.1621879323983283,0.0008090949154409739,0.0003746474389928618,0.00024275946077395992,5.0
YLR377C,0.0034705007436787306,0.0022726961902836923,0.07359267346339331,0.20232572015709518,0.0021576934621383944,0.0007186283215074111,0.00040382765186212065,48.0
YOR379C,0.0004957858205255329,0.0,0.0004066209249073566,0.13531182191225496,0.0,0.00023352669238767574,0.0001734814840999298,2.0
YJL121C,0.0009915716410510659,0.0,4.323660793748507e-25,0.0,0.0,0.0004955401387512388,0.0,0.0
YOR375C,0.0004957858205255329,0.0,0.0003533489512953412,0.13236504297624704,0.0,0.0002095194623989573,0.00020851111636579575,3.0
YJL125C,0.0004957858205255329,0.0,4.323660793748507e-25,0.0004957858205255329,0.0,0.0004955401387512388,0.0,1.0
YNL062C,0.0004957858205255329,0.0,4.323660793748507e-25,0.0004957858205255329,0.0,0.0004955401387512388,0.0,1.0
YJL127W-A,0.0004957858205255329,0.0,7.424147023468471e-08,0.09042954464271948,0.0,0.00027950814905102676,0.00011721106145267173,4.0
YJL138C,0.0004957858205255329,0.0,0.0007367142783821531,0.13899425249616668,0.0,0.00019153328304805247,0.00024072575588423282,5.0
YJL141C,0.0004957858205255329,0.0,4.093700702526759e-05,0.12453555128156453,0.0,0.0002407738932474419,0.0002061483939591012,5.0
YJL145W,0.0004957858205255329,0.0,4.323660793748507e-25,0.0004957858205255329,0.0,0.0004955401387512388,0.0,1.0
YLR266C,0.0004957858205255329,0.0,4.323660793748507e-25,0.0004957858205255329,0.0,0.0004955401387512388,0.0,1.0
YML097C,0.0004957858205255329,0.0,0.0012948786799966902,0.13900863666800733,0.0,0.00018741660128699901,0.00023690737434779282,3.0
YJL155C,0.0004957858205255329,0.0,0.0005193122373762256,0.14074187511766084,0.0,0.00020819899835737554,0.0002373444398336927,5.0
YNL312W,0.0004957858205255329,0.0,5.945877093855135e-23,0.0006610477607007105,0.0,0.0003840031352760571,0.0,2.0
YJL184W,0.0009915716410510659,5.117656553664768e-05,0.001297708876540077,0.1524158012167202,5.3406822432603286e-05,0.0003344705253429436,0.0003053483332213964,7.0
YMR204C,0.0004957858205255329,0.0,9.28784935264889e-06,0.10984956298028745,0.0,0.00026529386438169073,0.0001561961558161871,2.0
YJL187C,0.0009915716410510659,5.938009914325167e-05,0.001206260604515415,0.14438788091185153,7.373150179570907e-05,0.00032813735714438237,0.00029270112706045875,6.0
YJL189W,0.001487357461576599,0.0009816525547800322,0.0021072845902140934,0.1493153019256286,0.0011618063942777865,0.0004823503886465356,0.00033451880764515644,12.0
YJL200C,0.0004957858205255329,0.0,4.093700702526759e-05,0.12453555128156453,0.0,0.0002407738932474419,0.0002061483939591009,5.0
YJR121W,0.0004957858205255329,0.0,0.007914227766813987,0.16493620531961628,0.0,0.0001688401739828977,0.00025259516119483134,4.0
YJR009C,0.0004957858205255329,0.0,4.323660793748507e-25,0.0004957858205255329,0.0,0.0004955401387512388,0.0,1.0
YML053C,0.0004957858205255329,0.0,4.323660793748507e-25,0.0004957858205255329,0.0,0.0004955401387512388,0.0,1.0
YNR069C,0.001487357461576599,0.003189516833992897,0.001047090889795212,0.15011627806470218,0.0031843901278963667,0.0005881333028250078,0.00026137618942930743,6.0
YJR021C,0.0009915716410510659,0.001168912763939989,0.02715595328716343,0.18532566999488892,0.0012394120961161858,0.00029831687294161366,0.0003401222018387522,39.0
YJR022W,0.0004957858205255329,0.0,0.004264180931628877,0.15780550471369303,0.0,0.0001897302066870461,0.0002386650475901827,6.0
YJR023C,0.0009915716410510659,0.0005280728328038256,0.00020951293632542333,0.13775412328201772,0.0006099696023322628,0.00035857401494136267,0.000279565428018928,5.0
YJR024C,0.0009915716410510659,0.0,4.323660793748507e-25,0.0,0.0,0.0004955401387512388,0.0,0.0
YJR034W,0.0004957858205255329,0.0,0.0002704207935811312,0.13699545702426874,0.0,0.0002181738693203883,0.00023750518709171503,6.0
YJR039W,0.0009915716410510659,0.0,0.0046752959260600606,0.16036777174342826,0.0,0.00030039506005289274,0.0003093714260811278,7.0
YJR052W,0.0004957858205255329,0.0,0.0004201123103869162,0.13870719290819444,0.0,0.00021018256747971274,0.00021055746158388166,2.0
YJR053W,0.0004957858205255329,0.0,4.323660793748507e-25,0.0004957858205255329,0.0,0.0004955401387512388,0.0,1.0
YMR055C,0.0004957858205255329,0.0,4.323660793748507e-25,0.0004957858205255329,0.0,0.0004955401387512388,0.0,1.0
YJR055W,0.0004957858205255329,0.0,4.323660793748507e-25,0.0004957858205255329,0.0,0.0004955401387512388,0.0,1.0
YPL193W,0.0004957858205255329,0.0,4.323660793748507e-25,0.0004957858205255329,0.0,0.0004955401387512388,0.0,1.0
YJR057W,0.001487357461576599,0.0,0.0372656614609089,0.18844563076921367,0.0,0.0002945512675597785,0.0002715599196608472,43.0
YNL290W,0.0009915716410510659,0.000809094915440974,2.9090231873146325e-05,0.12278249141891728,0.000809094915440974,0.00042351642216982945,0.00021730022002059145,4.0
YJR072C,0.001487357461576599,0.0016176979798695219,1.2851613065565105e-05,0.11367017484327283,0.0016176979798695219,0.0007406477033637468,0.00015672615250795602,6.0
YLR150W,0.0004957858205255329,0.0,9.527477349685242e-07,0.09978015570665243,0.0,0.00028509405450510687,0.00012460195832280307,2.0
YOR262W,0.0004957858205255329,0.0,9.527477349685242e-07,0.09978015570665243,0.0,0.00028509405450510687,0.00012460195832280307,2.0
YJR074W,0.001487357461576599,0.00018775206064533737,0.0029509214014466676,0.15003244232357366,0.00020202749228754186,0.00038168783145377065,0.0003650366990420197,15.0
YLL019C,0.0004957858205255329,0.0,0.0003486985677681752,0.13996461978982547,0.0,0.00025393921327600494,0.00018546560137439334,3.0
YJR083C,0.0004957858205255329,0.0,0.0005838588855180723,0.14795026502070216,0.0,0.00021763417846815553,0.0002311633775437599,4.0
YJR086W,0.0004957858205255329,0.0,5.945877093855135e-23,0.0006610477607007105,0.0,0.0003840031352760571,0.0,2.0
YKL076C,0.0004957858205255329,0.0,0.0004428133728435181,0.1457825543871234,0.0,0.00021278327482170893,0.00025779388386379154,14.0
YKL113C,0.0004957858205255329,0.0,0.0004428133728435181,0.1457825543871234,0.0,0.00021278327482170893,0.00025779388386379154,14.0
YLR059C,0.0004957858205255329,0.0,0.0004428133728435181,0.1457825543871234,0.0,0.00021278327482170893,0.0002577938838637916,14.0
YLR156W,0.0004957858205255329,0.0,0.0004428133728435181,0.1457825543871234,0.0,0.00021278327482170893,0.00025779388386379154,14.0
YLR420W,0.0004957858205255329,0.0,0.0004428133728435181,0.1457825543871234,0.0,0.00021278327482170893,0.0002577938838637916,14.0
YOR014W,0.0009915716410510659,0.0002875423073738456,0.0007927094034961837,0.1558826106676285,0.000309966557410162,0.0003518728414336583,0.0003200354724218733,14.0
YOR317W,0.0004957858205255329,0.0,0.0004428133728435181,0.1457825543871234,0.0,0.00021278327482170893,0.00025779388386379165,14.0
YPL159C,0.0009915716410510659,0.002921086175810606,0.013931682821606398,0.1874463377229912,0.002492787197050768,0.0003198731297754685,0.00034535920987980776,39.0
YJR093C,0.0009915716410510659,0.0004768580753629722,0.0002952436569923815,0.14349326526257397,0.0004781928469968154,0.000375201628265918,0.00027759350285507076,5.0
YJR094C,0.0004957858205255329,0.0,5.177647005164226e-05,0.12598391072246812,0.0,0.0002089182073899186,0.0002299628051182178,4.0
YJR097W,0.0004957858205255329,0.0,0.00028920820997522763,0.1420666796534061,0.0,0.000214880129385724,0.00023392745085587896,4.0
YJR101W,0.0004957858205255329,0.0,0.013488869448762882,0.18215899866055804,0.0,0.00018142087576644543,0.0002708528467336676,39.0
YLR417W,0.001487357461576599,0.0,0.00012784754744179236,0.12936920505855293,0.0,0.0004276070911415893,0.00029834357828257765,12.0
YMR077C,0.002974714923153198,0.001252997757228858,0.00043173595975083494,0.14733360273367938,0.0014411795363987782,0.0008185610820692862,0.00034811754125120656,19.0
YPL002C,0.001487357461576599,0.0,0.00012784754744179236,0.12936920505855293,0.0,0.00042760709114158927,0.0002983435782825774,12.0
YPL065W,0.0009915716410510659,0.0,0.00011837041495142364,0.1293567465449687,0.0,0.0003064937524589475,0.0002810792722114192,8.0
YJR125C,0.0004957858205255329,0.0,0.0029824026530383134,0.1563179862822012,0.0,0.0001937596804533917,0.00023349488125552518,4.0
YJR134C,0.0004957858205255329,0.0,0.0004311643393066086,0.1480807470094758,0.0,0.0001920644718617175,0.0002588744440272096,10.0
YJR135C,0.0004957858205255329,0.0,2.0051252054480608e-05,0.119910770944738,0.0,0.00023950314502548382,0.0002020092304261434,2.0
YJR136C,0.0004957858205255329,0.0,2.5089469885665547e-05,0.12056731497378646,0.0,0.0002550856773095289,0.00017451533927019685,2.0
YKL001C,0.0004957858205255329,0.0,0.0006840602982577607,0.1376270959142372,0.0,0.00020983402581776264,0.00021412481996572832,2.0
YKL017C,0.0004957858205255329,0.0,1.8636167788340583e-05,0.10985854715980657,0.0,0.0002463330181217576,0.00018925666091053323,3.0
YKL020C,0.0004957858205255329,0.0,4.323660793748507e-25,0.0004957858205255329,0.0,0.0004955401387512388,0.0,1.0
YOR250C,0.0004957858205255329,0.0,4.323660793748507e-25,0.0004957858205255329,0.0,0.0004955401387512388,0.0,1.0
YKR062W,0.0004957858205255329,0.0,0.00018527414845435517,0.13130405240693596,0.0,0.00023930808093418268,0.0001788676253497238,2.0
YPR085C,0.0004957858205255329,0.0,2.5089469885665547e-05,0.12056731497378646,0.0,0.0002550856773095289,0.0001745153392701968,2.0
YKL035W,0.001487357461576599,0.0,0.00889193801616115,0.16540333162454807,0.0,0.0002830481781936102,0.00026491239187191053,11.0
YKL038W,0.0004957858205255329,0.0,0.00030461340708621756,0.1412599070483705,0.0,0.0002017034059712744,0.0002533537761791738,8.0
YKL044W,0.0004957858205255329,0.0,0.0001990391920892975,0.13180654068520803,0.0,0.0002289591611718293,0.0002070657935818011,4.0
YKL050C,0.0004957858205255329,0.0,0.013488869448762882,0.18215899866055804,0.0,0.00018142087576644543,0.000270852846733668,39.0
YKL052C,0.0009915716410510659,0.0006731037402698707,0.0012011882503785826,0.15469773766243866,0.0007252950591452676,0.00030749340653251695,0.0003031323050346666,7.0
YKL058W,0.0004957858205255329,0.0,4.323660793748507e-25,0.0004957858205255329,0.0,0.0004955401387512388,0.0,1.0
YOR194C,0.0004957858205255329,0.0,4.323660793748507e-25,0.0004957858205255329,0.0,0.0004955401387512388,0.0,1.0
YNL122C,0.0004957858205255329,0.0,0.00016889669531449349,0.13270504407458555,0.0,0.0002093951126548134,0.00021364709695974985,2.0
YKL063C,0.0004957858205255329,0.0,0.0007037591213213835,0.13840705369633743,0.0,0.0001754471658692013,0.0002593529363554552,14.0
YKL067W,0.0024789291026276646,0.0001609529168985941,0.0358878337657396,0.18448571022152932,0.00017128927650896458,0.0004604335519513123,0.0003768384564900423,39.0
YPL157W,0.0009915716410510659,0.000809094915440974,0.00039632228353841346,0.1391526423001093,0.000809094915440974,0.00042433618367834064,0.0002145179324342445,4.0
YNL091W,0.0024789291026276646,0.004421729173039999,0.005259205438486183,0.16626320783796944,0.004613825215587403,0.0008661297244346288,0.00033934415605680143,19.0
YKL088W,0.0004957858205255329,0.0,4.323660793748507e-25,0.0004957858205255329,0.0,0.0004955401387512388,0.0,1.0
YOR054C,0.0004957858205255329,0.0,4.323660793748507e-25,0.0004957858205255329,0.0,0.0004955401387512388,0.0,1.0
YPL128C,0.0004957858205255329,0.0,0.0003931738717665728,0.13562605574747122,0.0,0.0002455572164151506,0.00016925863435324353,2.0
YOR136W,0.0009915716410510659,0.000809094915440974,0.007982596336322957,0.16830478086993547,0.000809094915440974,0.0003697184539100906,0.0002638922503421453,11.0
YKL107W,0.0004957858205255329,0.0,0.0001990391920892975,0.13180654068520803,0.0,0.0002289591611718293,0.00020706579358180098,4.0
YLR157C,0.0004957858205255329,0.0,8.29200763858525e-05,0.12831872909084402,0.0,0.0002177364871470181,0.0002232433659036834,4.0
YNL023C,0.0009915716410510659,0.000342130739444633,0.0023341423256177892,0.15368883937333583,0.0003544429073709949,0.0003400933113137603,0.00029221644147734707,6.0
YPR020W,0.0004957858205255329,0.0,0.002309334049167999,0.15290158863095674,0.0,0.0001913672822636921,0.00024159276386624833,4.0
YKL132C,0.0004957858205255329,0.0,4.323660793748507e-25,0.0004957858205255329,0.0,0.0004955401387512388,0.0,1.0
YPR022C,0.0004957858205255329,0.0,4.323660793748507e-25,0.0004957858205255329,0.0,0.0004955401387512388,0.0,1.0
YPL259C,0.0004957858205255329,0.0,0.00012491469233112147,0.1268404585574084,0.0,0.00022312229781227102,0.00021304177164424614,3.0
YKL157W,0.0004957858205255329,0.0,5.90922120435227e-05,0.1270083638542885,0.0,0.00022805556921106317,0.00022733459438457776,7.0
YMR165C,0.0004957858205255329,0.0,5.90922120435227e-05,0.1270083638542885,0.0,0.00022805556921106317,0.00022733459438457773,7.0
YMR210W,0.0004957858205255329,0.0,5.90922120435227e-05,0.1270083638542885,0.0,0.00022805556921106317,0.00022733459438457773,7.0
YMR243C,0.0004957858205255329,0.0,5.90922120435227e-05,0.1270083638542885,0.0,0.00022805556921106317,0.00022733459438457776,7.0
YNL063W,0.0004957858205255329,0.0,5.90922120435227e-05,0.1270083638542885,0.0,0.00022805556921106317,0.00022733459438457768,7.0
YNL210W,0.0004957858205255329,0.0,5.90922120435227e-05,0.1270083638542885,0.0,0.00022805556921106317,0.00022733459438457762,7.0
YNL178W,0.0004957858205255329,0.0,4.4067189319328955e-05,0.12630375704024024,0.0,0.00021196490084272315,0.00021399251585111197,2.0
YNL104C,0.0019831432821021317,0.0016172061288570957,0.0013969053209926096,0.1379521881609279,0.0016172061288570957,0.0005538410414528751,0.00018703197816383012,3.0
YKL186C,0.0004957858205255329,0.0,4.323660793748507e-25,0.0004957858205255329,0.0,0.0004955401387512388,0.0,1.0
YPL138C,0.0004957858205255329,0.0,4.323660793748507e-25,0.0004957858205255329,0.0,0.0004955401387512388,0.0,1.0
YKL192C,0.0004957858205255329,0.0,0.0001773770408981792,0.1311630169048877,0.0,0.00021909516736796643,0.00020764700438884883,3.0
YKL197C,0.0004957858205255329,0.0,3.90968210190122e-06,0.10889667256773043,0.0,0.0002822775279055203,0.00013302704997538315,2.0
YKL204W,0.0004957858205255329,0.0,7.181099172940051e-05,0.12849057357212118,0.0,0.00023207417849204496,0.00021933429173031242,5.0
YKL212W,0.0004957858205255329,0.0,0.000690765741576372,0.13590049131150903,0.0,0.0001798972759919114,0.00025472267367761904,9.0
YKL218C,0.0009915716410510659,0.0,4.323660793748507e-25,0.0,0.0,0.0004955401387512388,0.0,0.0
YKR014C,0.0009915716410510659,0.00039585684593934357,0.00013495303644003227,0.1284782837037738,0.0004311458919260612,0.0003880791746031337,0.0002740005749143776,6.0
YMR269W,0.0004957858205255329,0.0,0.0030842215869131386,0.15599122704946636,0.0,0.00018612201231610304,0.00024522216033488607,4.0
YKR043C,0.0009915716410510659,0.0,4.323660793748507e-25,0.0,0.0,0.0004955401387512388,0.0,0.0
YKR055W,0.0004957858205255329,0.0,4.182638591881857e-06,0.107769612975205,0.0,0.00025018889921610466,0.00017042191565758288,2.0
YKR059W,0.0004957858205255329,0.0,0.0007367142783821531,0.13899425249616668,0.0,0.00019153328304805247,0.00024072575588423371,5.0
YOR115C,0.001487357461576599,0.0009002617539227029,0.004693100352309214,0.16289600486574765,0.0009153898843836272,0.00047704356923823524,0.00032399370411041197,12.0
YKR071C,0.0004957858205255329,0.0,5.715523088199036e-05,0.12869986165784755,0.0,0.0002168340895869704,0.00022329394706234107,3.0
YKR072C,0.0004957858205255329,0.0,4.323660793748507e-25,0.0004957858205255329,0.0,0.0004955401387512388,0.0,1.0
YML016C,0.0004957858205255329,0.0,4.323660793748507e-25,0.0004957858205255329,0.0,0.0004955401387512388,0.0,1.0
YKR084C,0.0004957858205255329,0.0,4.323660793748507e-25,0.0004957858205255329,0.0,0.0004955401387512388,0.0,1.0
YNL001W,0.0004957858205255329,0.0,4.323660793748507e-25,0.0004957858205255329,0.0,0.0004955401387512388,0.0,1.0
YKR097W,0.0009915716410510659,0.0,4.323660793748507e-25,0.0,0.0,0.0004955401387512388,0.0,0.0
YLR058C,0.0004957858205255329,0.0,1.5493042546136421e-21,0.0008924144769459593,0.0,0.0003468241341176632,0.0,2.0
YKR104W,0.0004957858205255329,0.0,0.004088493719264276,0.15726969396124046,0.0,0.00019522174327473807,0.00022230460794616513,3.0
YLL010C,0.0004957858205255329,0.0,2.9562342716496816e-05,0.12272640074216125,0.0,0.0002538284341693096,0.000173955616754411,2.0
YOR043W,0.001487357461576599,0.0016176979798695219,0.00039870606010021444,0.14443445764762958,0.0016176979798695219,0.0006319573139284399,0.00024368889827391162,8.0
YLL032C,0.0004957858205255329,0.0,4.323660793748507e-25,0.0004957858205255329,0.0,0.0004955401387512388,0.0,1.0
YML119W,0.0004957858205255329,0.0,4.323660793748507e-25,0.0004957858205255329,0.0,0.0004955401387512388,0.0,1.0
YLL045C,0.0004957858205255329,0.0,0.000690765741576372,0.13590049131150903,0.0,0.0001798972759919114,0.0002547226736776189,9.0
YLL049W,0.001487357461576599,0.004343991964724324,0.013961894751072913,0.1831025703548194,0.00434840524018642,0.0004684404988508102,0.00034870447917877384,39.0
YLL057C,0.001487357461576599,0.0,0.0372656614609089,0.18844563076921367,0.0,0.0002945512675597785,0.00027155991966084834,43.0
YLL060C,0.0009915716410510659,0.0,4.323660793748507e-25,0.0,0.0,0.0004955401387512388,0.0,0.0
YLL062C,0.0004957858205255329,0.0,0.004088493719264276,0.15726969396124046,0.0,0.00019522174327473807,0.00022230460794616532,3.0
YLR011W,0.001487357461576599,0.0,0.0372656614609089,0.18844563076921367,0.0,0.0002945512675597785,0.00027155991966084844,43.0
YLR014C,0.0009915716410510659,0.0,4.323660793748507e-25,0.0,0.0,0.0004955401387512388,0.0,0.0
YPR017C,0.0009915716410510659,0.0024243336402483655,0.011330261967120904,0.1701596726783576,0.0024243336402483655,0.0003610764908417906,0.00026635251430745294,15.0
YLR019W,0.0004957858205255329,0.0,2.9562342716496816e-05,0.12272640074216125,0.0,0.0002538284341693096,0.0001739556167544111,2.0
YMR154C,0.0004957858205255329,0.0,5.0618408013665404e-05,0.12408687816378337,0.0,0.00021327184496368063,0.0002008242620228396,3.0
YOR275C,0.0009915716410510659,0.0,0.00043013936064974635,0.1410226200654021,0.0,0.00033398098410862217,0.0002728097042107742,7.0
YLR070C,0.0009915716410510659,0.0,4.323660793748507e-25,0.0,0.0,0.0004955401387512388,0.0,0.0
YLR173W,0.0004957858205255329,0.0,0.0007407495443025585,0.1496980336702279,0.0,0.0001986258280648674,0.0002323317337626623,3.0
YLR089C,0.0009915716410510659,0.00018512381785391934,0.01436906197817231,0.18499386532474246,0.00019138004957386961,0.00028958213199016287,0.00033563464279737085,39.0
YLR102C,0.0004957858205255329,0.0,0.00038995766527322694,0.1380372475719818,0.0,0.00024560102552973536,0.00017397613206265067,2.0
YLR119W,0.0004957858205255329,0.0,0.0028804719425464024,0.15367125684966879,0.0,0.00020933367010343593,0.00022762274662176018,4.0
YLR120W-A,0.0004957858205255329,0.0,6.320110026630645e-05,0.12234633902203797,0.0,0.00021828833228058084,0.00020184161924984207,2.0
YLR125W,0.0009915716410510659,0.000809094915440974,0.0002001398645731859,0.13183241300647316,0.000809094915440974,0.0004575172425775684,0.0002071515815950701,4.0
YMR030W,0.0004957858205255329,0.0,1.4840232836671642e-05,0.11350688322823686,0.0,0.00026851303856123245,0.0001545026024362332,2.0
YPR069C,0.0004957858205255329,0.0,2.5849361713630784e-05,0.11950537865862589,0.0,0.00028240047494752996,0.0001421497361753289,2.0
YLR170C,0.0004957858205255329,0.0,1.4602780285273553e-05,0.11367979486484048,0.0,0.0002262432314335905,0.0001996550555033636,3.0
YLR182W,0.0004957858205255329,0.0,4.323660793748507e-25,0.0004957858205255329,0.0,0.0004955401387512388,0.0,1.0
YOL131W,0.0004957858205255329,0.0,4.323660793748507e-25,0.0004957858205255329,0.0,0.0004955401387512388,0.0,1.0
YML094W,0.0004957858205255329,0.0,1.491750840324087e-06,0.10308038186808034,0.0,0.00026349429259136126,0.0001428749023094772,3.0
YMR017W,0.0004957858205255329,0.0,8.442534489438822e-06,0.10974186733030677,0.0,0.0002750822759968448,0.00013685904589431452,2.0
YLR209C,0.0004957858205255329,0.0,0.023835713256763955,0.17540355916988182,0.0,0.0001732300979500551,0.0002707692768445337,39.0
YLR211C,0.0004957858205255329,0.0,4.703255825706509e-06,0.10493246278595071,0.0,0.0002863722623820097,0.00012262955055438,2.0
YLR212C,0.0004957858205255329,0.0,4.323660793748507e-25,0.0004957858205255329,0.0,0.0004955401387512388,0.0,1.0
YNL126W,0.0004957858205255329,0.0,4.323660793748507e-25,0.0004957858205255329,0.0,0.0004955401387512388,0.0,1.0
YNL116W,0.0004957858205255329,0.0,0.0002502540202674536,0.13223473677130881,0.0,0.00025069561630786986,0.00017589881164827294,3.0
YLR219W,0.0004957858205255329,0.0,0.00017867299049137035,0.13386889138159805,0.0,0.00022612026767858157,0.0002293249899206305,7.0
YLR222C,0.0004957858205255329,0.0,4.323660793748507e-25,0.0004957858205255329,0.0,0.0004955401387512388,0.0,1.0
YNR041C,0.0004957858205255329,0.0,4.323660793748507e-25,0.0004957858205255329,0.0,0.0004955401387512388,0.0,1.0
YLR223C,0.0009915716410510659,4.91851012426124e-07,8.408740026333456e-23,0.0009915716410510659,4.91851012426124e-07,0.0007186141457016025,0.0,3.0
YLR455W,0.0004957858205255329,0.0,5.945877093855135e-23,0.0006610477607007105,0.0,0.0003840031352760571,0.0,2.0
YOR247W,0.0004957858205255329,0.0,5.945877093855135e-23,0.0006610477607007105,0.0,0.0003840031352760571,0.0,2.0
YLR238W,0.0004957858205255329,0.0,4.4844518100880455e-05,0.11929311333241163,0.0,0.00025784988364416277,0.0001562629076661109,2.0
YPR110C,0.0009915716410510659,0.000809094915440974,0.0006049131122607116,0.13970259554060893,0.000809094915440974,0.0004317679475937534,0.00021032832617893423,4.0
YOR258W,0.0004957858205255329,0.0,1.2710361599813328e-05,0.11363171103315751,0.0,0.00025776638372604707,0.00015662796171669627,2.0
YLR254C,0.0004957858205255329,0.0,4.496524285476142e-22,0.0004957858205255329,0.0,0.0003477474659685757,0.0,1.0
YOR269W,0.001487357461576599,0.0,7.275529125139733e-22,0.0004957858205255329,0.0,0.0006433328115339021,0.0,1.0
YLR257W,0.0004957858205255329,0.0,0.0005193122373762256,0.14074187511766084,0.0,0.00020819899835737554,0.0002373444398336925,5.0
YLR262C,0.0009915716410510659,0.00036240474140033114,0.0005938080596402639,0.14905020596126886,0.000508711412096493,0.0003417078105324534,0.0003102057084818999,8.0
YLR273C,0.0004957858205255329,0.0,3.5239638099768555e-06,0.10425647750100552,0.0,0.0002694046080991527,0.0001146379359581624,2.0
YLR275W,0.0004957858205255329,0.0,0.0001069380518714425,0.12903366533361718,0.0,0.00022790667876214805,0.00019850664349274332,3.0
YLR284C,0.0004957858205255329,0.0,0.0004319542190039432,0.1379238583142987,0.0,0.00023915977076064408,0.00018317872867093824,2.0
YOR368W,0.0004957858205255329,0.0,0.0001990391920892975,0.13180654068520803,0.0,0.0002289591611718293,0.00020706579358180128,4.0
YML106W,0.001487357461576599,0.0,0.0372656614609089,0.18844563076921367,0.0,0.0002945512675597785,0.00027155991966084807,43.0
YNL307C,0.0004957858205255329,0.0,0.034503050977095245,0.18844563076921367,0.0,0.00016936318100677073,0.000271559919660848,43.0
YPR062W,0.0019831432821021317,0.0003006749446913096,0.06300986674512768,0.20202142519521055,0.00022549317445356277,0.0003743321146463605,0.0003509358546553826,48.0
YLR294C,0.0004957858205255329,0.0,9.161527028274058e-07,0.09525176968677883,0.0,0.00028400142303625786,0.00011839977067823078,3.0
YOL050C,0.0004957858205255329,0.0,0.0005838588855180723,0.14795026502070216,0.0,0.00021763417846815553,0.00023116337754375954,4.0
YLR303W,0.0004957858205255329,0.0,0.023835713256763955,0.17540355916988182,0.0,0.0001732300979500551,0.0002707692768445344,39.0
YLR305C,0.0009915716410510659,0.0006566863743434122,0.0005575910253160648,0.15279723081821805,0.0005934122439993784,0.00033067825961259037,0.0003340288849329281,12.0
YLR312C,0.0004957858205255329,0.0,5.945877093855135e-23,0.0006610477607007105,0.0,0.0003840031352760571,0.0,2.0
YLR330W,0.0004957858205255329,0.0,4.323660793748507e-25,0.0004957858205255329,0.0,0.0004955401387512388,0.0,1.0
YOR299W,0.0004957858205255329,0.0,4.323660793748507e-25,0.0004957858205255329,0.0,0.0004955401387512388,0.0,1.0
YLR333C,0.0004957858205255329,0.0,0.00017867299049137035,0.13386889138159805,0.0,0.00022612026767858157,0.00022932498992063037,7.0
YLR359W,0.0009915716410510659,0.0,4.323660793748507e-25,0.0,0.0,0.0004955401387512388,0.0,0.0
YMR168C,0.0004957858205255329,0.0,3.527534211383615e-05,0.12533735710767518,0.0,0.00022975113537917796,0.0001990094188769924,2.0
YML092C,0.0004957858205255329,0.0,0.003320240030399472,0.15760183692631174,0.0,0.0001994177958042444,0.0002469082927253347,6.0
YPL268W,0.0009915716410510659,0.0008018522238761143,0.01680910947916235,0.18507033013543056,0.0009090714002132225,0.000306507650758004,0.0003401913847162502,39.0
YLR389C,0.0004957858205255329,0.0,0.0057171431271090655,0.16123400025482595,0.0,0.0001709657859453988,0.0002597139720561457,6.0
YOR025W,0.0004957858205255329,0.0,4.141048138513678e-06,0.10960754435927825,0.0,0.0002827613524710211,0.00013181846981538507,2.0
YOR301W,0.0004957858205255329,0.0,1.991788844641503e-05,0.11458163065110936,0.0,0.0002211152667357012,0.00019640923979850393,2.0
YLR405W,0.0004957858205255329,0.0,4.323660793748507e-25,0.0004957858205255329,0.0,0.0004955401387512388,0.0,1.0
YPL108W,0.0004957858205255329,0.0,4.323660793748507e-25,0.0004957858205255329,0.0,0.0004955401387512388,0.0,1.0
YLR439W,0.0004957858205255329,0.0,0.013488869448762882,0.18215899866055804,0.0,0.00018142087576644543,0.0002708528467336702,39.0
YML043C,0.0009915716410510659,0.00036615180022949746,0.013975093955636826,0.18451105166524107,0.00036962570109690324,0.00029745700924855694,0.0003382777782219682,39.0
YMR059W,0.0004957858205255329,0.0,0.013488869448762882,0.18215899866055804,0.0,0.00018142087576644543,0.0002708528467336702,39.0
YMR213W,0.0004957858205255329,0.0,0.013488869448762882,0.18215899866055804,0.0,0.00018142087576644543,0.00027085284673367035,39.0
YNL182C,0.0004957858205255329,0.0,0.013488869448762882,0.18215899866055804,0.0,0.00018142087576644543,0.00027085284673367035,39.0
YOR226C,0.0009915716410510659,0.0005547183454327131,0.021220577870273236,0.1895893374908899,0.000604972061480745,0.00027500279536340046,0.00034438665442843946,39.0
YML056C,0.0004957858205255329,0.0,0.00025659485823340965,0.13316550571259592,0.0,0.00020921501642132947,0.00022271505100997515,3.0
YLR433C,0.0004957858205255329,0.0,0.00033888277219576695,0.13385555118315445,0.0,0.00019479700281944967,0.00024055564979016264,5.0
YLR440C,0.0004957858205255329,0.0,3.358548016315456e-05,0.12118733815616699,0.0,0.00023897029373822252,0.0001847690962064242,2.0
YOR332W,0.0004957858205255329,0.0,0.00017693133055003552,0.13709333089640285,0.0,0.00020647334045991665,0.00023878614792655005,4.0
YNL216W,0.0004957858205255329,0.0,6.270010562445843e-08,0.0883187886200904,0.0,0.0002991290385234624,9.537046555848711e-05,2.0
YLR465C,0.0004957858205255329,0.0,0.0011991226716982846,0.1412747640011522,0.0,0.0002255287670669421,0.0001861290977528089,3.0
YML037C,0.0004957858205255329,0.0,0.00028920820997522763,0.1420666796534061,0.0,0.000214880129385724,0.00023392745085587925,4.0
YMR223W,0.0004957858205255329,0.0,0.0016321224665597405,0.1494981030743411,0.0,0.00020323109442573818,0.00026127583063405806,15.0
YNR010W,0.0009915716410510659,0.0004001609563369045,0.002181184387522442,0.15928382024462884,0.0004075374792293138,0.00031193703548611766,0.0003391514427470464,15.0
YOL067C,0.0004957858205255329,0.0,0.0016321224665597405,0.1494981030743411,0.0,0.00020323109442573818,0.00026127583063405795,15.0
YOL148C,0.0004957858205255329,0.0,0.0016321224665597405,0.1494981030743411,0.0,0.00020323109442573818,0.000261275830634058,15.0
YOR197W,0.0004957858205255329,0.0,0.0016321224665597405,0.1494981030743411,0.0,0.00020323109442573818,0.000261275830634058,15.0
YPL047W,0.0004957858205255329,0.0,0.0016321224665597405,0.1494981030743411,0.0,0.00020323109442573818,0.00026127583063405806,15.0
YML057W,0.0004957858205255329,0.0,0.00033888277219576695,0.13385555118315445,0.0,0.00019479700281944967,0.0002405556497901628,5.0
YOR020C,0.0019831432821021317,4.201762747084389e-05,0.034636143300379924,0.18420741307226482,4.082297518656959e-05,0.0003651063246827486,0.0003473561570391807,39.0
YPL111W,0.0019831432821021317,4.201762747084389e-05,0.034636143300379924,0.18420741307226482,4.082297518656959e-05,0.0003651063246827486,0.00034735615703918054,39.0
YML075C,0.0004957858205255329,0.0,4.323660793748507e-25,0.0004957858205255329,0.0,0.0004955401387512388,0.0,1.0
YOR102W,0.0004957858205255329,0.0,4.323660793748507e-25,0.0004957858205255329,0.0,0.0004955401387512388,0.0,1.0
YML077W,0.0004957858205255329,0.0,0.0003478933450763972,0.13580431261985187,0.0,0.00020948151857886065,0.00021135037183193383,2.0
YML079W,0.0009915716410510659,0.0,4.323660793748507e-25,0.0,0.0,0.0004955401387512388,0.0,0.0
YMR104C,0.0004957858205255329,0.0,0.002824769850317553,0.15858801134863695,0.0,0.0001958026348864312,0.00024065144474827728,4.0
YML121W,0.0009915716410510659,0.0,4.323660793748507e-25,0.0,0.0,0.0004955401387512388,0.0,0.0
YNL152W,0.0004957858205255329,0.0,0.0028804719425464024,0.15367125684966879,0.0,0.00020933367010343593,0.00022762274662176135,4.0
YMR039C,0.0004957858205255329,0.0,0.00018959504787900827,0.13441813830911187,0.0,0.0002117897690183473,0.00022136302883475227,3.0
YOR112W,0.0004957858205255329,0.0,0.0004311643393066086,0.1480807470094758,0.0,0.0001920644718617175,0.0002588744440272094,10.0
YOR289W,0.0004957858205255329,0.0,0.0004311643393066086,0.1480807470094758,0.0,0.0001920644718617175,0.00025887444402720956,10.0
YMR048W,0.0009915716410510659,0.000809094915440974,0.00017835719129985947,0.1311886371836073,0.000809094915440974,0.00044193086418523655,0.00020773327477328595,4.0
YNL273W,0.0004957858205255329,0.0,1.322140023035064e-05,0.11302932145093865,0.0,0.00026215458028315574,0.00015482595716934873,2.0
YOL109W,0.0004957858205255329,0.0,7.424147023468471e-08,0.09042954464271948,0.0,0.00027950814905102676,0.0001172110614526712,4.0
YMR087W,0.0009915716410510659,0.0,4.323660793748507e-25,0.0,0.0,0.0004955401387512388,0.0,0.0
YMR102C,0.0004957858205255329,0.0,0.0001106865214129478,0.126684943518151,0.0,0.00020677926965900122,0.00020889343123996578,2.0
YMR121C,0.0004957858205255329,0.0,5.177647005164226e-05,0.12598391072246812,0.0,0.0002089182073899186,0.00022996280511821958,4.0
YMR125W,0.0004957858205255329,0.0,4.496524285476142e-22,0.0007436787307882995,0.0,0.0003477474659685757,0.0,2.0
YMR133W,0.0004957858205255329,0.0,4.323660793748507e-25,0.0004957858205255329,0.0,0.0004955401387512388,0.0,1.0
YPL114W,0.0004957858205255329,0.0,4.323660793748507e-25,0.0004957858205255329,0.0,0.0004955401387512388,0.0,1.0
YMR170C,0.0009915716410510659,0.0,4.323660793748507e-25,0.0,0.0,0.0004955401387512388,0.0,0.0
YMR180C,0.0004957858205255329,0.0,7.181099172940051e-05,0.12849057357212118,0.0,0.00023207417849204496,0.00021933429173031188,5.0
YMR193W,0.0004957858205255329,0.0,4.519625441897272e-08,0.09021091041792847,0.0,0.0002847039122270343,0.00012553985076632374,2.0
YMR226C,0.0004957858205255329,0.0,0.023835713256763955,0.17540355916988182,0.0,0.0001732300979500551,0.00027076927684453533,39.0
YMR228W,0.0004957858205255329,0.0,9.161527028274058e-07,0.09525176968677883,0.0,0.00028400142303625786,0.00011839977067823084,3.0
YOL006C,0.0004957858205255329,0.0,0.0003448450846720041,0.13990630727246695,0.0,0.000247766895352442,0.00018532811341436886,2.0
YMR239C,0.0004957858205255329,0.0,0.023835713256763955,0.17540355916988182,0.0,0.0001732300979500551,0.0002707692768445357,39.0
YMR280C,0.0004957858205255329,0.0,0.00030461340708621756,0.1412599070483705,0.0,0.0002017034059712744,0.00025335377617917307,8.0
YMR288W,0.0004957858205255329,0.0,0.0007855108316707402,0.14524658911364133,0.0,0.00020227679559916076,0.00022476669744384567,3.0
YMR289W,0.0004957858205255329,0.0,0.002740821067693082,0.15581028374004813,0.0,0.0001998954994639292,0.00023360647113241016,4.0
YPR083W,0.0004957858205255329,0.0,0.00039536827652466135,0.13570826996594818,0.0,0.00019451655414515494,0.00023835864446575627,4.0
YMR300C,0.0009915716410510659,0.0,4.323660793748507e-25,0.0,0.0,0.0004955401387512388,0.0,0.0
YMR309C,0.001487357461576599,0.0012450900257797446,0.008700281873995134,0.1696010676922923,0.0013163036871158861,0.0004688064003531698,0.0003323669443134928,13.0
YNL244C,0.0004957858205255329,0.0,0.0006449179653872699,0.14043287570548407,0.0,0.0002071268869799407,0.00021488172912833398,2.0
YPR149W,0.0004957858205255329,0.0,0.00018959504787900827,0.13441813830911187,0.0,0.0002117897690183473,0.0002213630288347526,3.0
YMR317W,0.0004957858205255329,0.0,1.8636167788340583e-05,0.10985854715980657,0.0,0.0002463330181217576,0.00018925666091053396,3.0
YOR391C,0.0004957858205255329,0.0,0.0009061841908183247,0.13726144043766145,0.0,0.00017210811405742705,0.00022204133311127858,3.0
YPL280W,0.001487357461576599,0.0,0.0009787344047239002,0.13726144043766145,0.0,0.0002992754884755059,0.00022204133311127852,3.0
YNL007C,0.0004957858205255329,0.0,4.323660793748507e-25,0.0004957858205255329,0.0,0.0004955401387512388,0.0,1.0
YPR158W,0.0004957858205255329,0.0,4.323660793748507e-25,0.0004957858205255329,0.0,0.0004955401387512388,0.0,1.0
YNL032W,0.001487357461576599,0.002424333640248365,9.838170115141644e-06,0.11060028457167188,0.0024243336402483655,0.0006082882344591368,0.00016354699020559375,6.0
YNL056W,0.0009915716410510659,0.0,7.880710282020778e-07,0.09742097883108174,0.0,0.00043067791841639363,0.00013870041082971385,5.0
YNL093W,0.0009915716410510659,0.0032304774496147827,0.0001311540120216364,0.12785460271492052,0.0032304774496147827,0.00039249868803186485,0.00022344118592307487,6.0
YNL037C,0.0004957858205255329,0.0,0.0005917139187419772,0.1395429520177597,0.0,0.0002314264750827615,0.0001840120939790144,2.0
YNL040W,0.0009915716410510659,0.0,4.323660793748507e-25,0.0,0.0,0.0004955401387512388,0.0,0.0
YNR011C,0.0004957858205255329,0.0,0.00046338341071566004,0.1448706272781444,0.0,0.0001958790564192246,0.0002471417157216626,5.0
YNL049C,0.0004957858205255329,0.0,0.0001132679492232617,0.12673275366760592,0.0,0.00024532611338238744,0.0001764979635924884,2.0
YOL070C,0.0004957858205255329,0.0,0.0003872453288077892,0.1444966067257912,0.0,0.0002038200281051675,0.00023707056320734833,3.0
YNL164C,0.0004957858205255329,0.0,0.00038991714007086527,0.13813661621996656,0.0,0.00022185049389424202,0.00021777663520374075,3.0
YPL229W,0.0004957858205255329,0.0,0.00038991714007086527,0.13813661621996656,0.0,0.00022185049389424202,0.00021777663520374072,3.0
YOR329C,0.0004957858205255329,0.0,0.00028920820997522763,0.1420666796534061,0.0,0.000214880129385724,0.00023392745085588034,4.0
YNL098C,0.0004957858205255329,0.0,0.007731708421510356,0.16497672023126445,0.0,0.00016791294040964088,0.00025586139658809957,5.0
YNL159C,0.0009915716410510659,0.0,4.323660793748507e-25,0.0,0.0,0.0004955401387512388,0.0,0.0
YNL331C,0.001487357461576599,0.0,0.025744205284218776,0.17540355916988182,0.0,0.0003012743381076461,0.00027076927684453603,39.0
YOL058W,0.0004957858205255329,0.0,0.023835713256763955,0.17540355916988182,0.0,0.0001732300979500551,0.00027076927684453603,39.0
YOR155C,0.0019831432821021317,8.11024382465539e-05,0.04163111986869693,0.187237309189149,8.102890410908058e-05,0.0003642885703869291,0.00034905324929222856,39.0
YPL214C,0.001487357461576599,0.0,0.025744205284218776,0.17540355916988182,0.0,0.0003012743381076461,0.0002707692768445361,39.0
YPR193C,0.0019831432821021317,8.11024382465539e-05,0.04163111986869693,0.187237309189149,8.102890410908058e-05,0.0003642885703869291,0.0003490532492922288,39.0
YPR115W,0.0004957858205255329,0.0,4.2037911130992286e-05,0.12878623740392667,0.0,0.00023068051520257215,0.0002157146821087955,3.0
YOR129C,0.0004957858205255329,0.0,5.945877093855135e-23,0.0006610477607007105,0.0,0.0003840031352760571,0.0,2.0
YNL228W,0.0009915716410510659,0.0,4.323660793748507e-25,0.0,0.0,0.0004955401387512388,0.0,0.0
YPL266W,0.0004957858205255329,0.0,5.945877093855135e-23,0.0006610477607007105,0.0,0.0003840031352760571,0.0,2.0
YNL251C,0.0004957858205255329,0.0,4.323660793748507e-25,0.0004957858205255329,0.0,0.0004955401387512388,0.0,1.0
YPL190C,0.0004957858205255329,0.0,4.323660793748507e-25,0.0004957858205255329,0.0,0.0004955401387512388,0.0,1.0
YNL277W,0.0009915716410510659,0.0,4.323660793748507e-25,0.0,0.0,0.0004955401387512388,0.0,0.0
YNL279W,0.0004957858205255329,0.0,1.8636167788340583e-05,0.10985854715980657,0.0,0.0002463330181217576,0.00018925666091053404,3.0
YOL094C,0.0004957858205255329,0.0,2.1601602960093665e-06,0.10673344903638894,0.0,0.00025445634618711925,0.00016007867797261885,2.0
YNL316C,0.0004957858205255329,0.0,0.004022454230285923,0.1607516103545901,0.0,0.00017754926999291086,0.00026058389288277433,8.0
YNR004W,0.0004957858205255329,0.0,2.938486119624597e-05,0.11889187963559522,0.0,0.00025479303987531275,0.00015856366824002844,2.0
YNR022C,0.0004957858205255329,0.0,9.504326683342313e-05,0.12156022227357059,0.0,0.00024045862255598477,0.00019850306562991624,4.0
YNR032C-A,0.0004957858205255329,0.0,4.323660793748507e-25,0.0004957858205255329,0.0,0.0004955401387512388,0.0,1.0
YOR308C,0.0004957858205255329,0.0,4.323660793748507e-25,0.0004957858205255329,0.0,0.0004955401387512388,0.0,1.0
YNR064C,0.0009915716410510659,0.0,4.323660793748507e-25,0.0,0.0,0.0004955401387512388,0.0,0.0
YNR068C,0.0004957858205255329,0.0,7.765702578537258e-05,0.1268045365923681,0.0,0.00024116511056458147,0.00018278517515705187,2.0
YOL001W,0.0004957858205255329,0.0,0.002151197315201118,0.14608379076921751,0.0,0.0001837839019499251,0.0002533754484411606,7.0
YPL091W,0.0004957858205255329,0.0,0.004022454230285923,0.1607516103545901,0.0,0.00017754926999291086,0.00026058389288277444,8.0
YOL106W,0.0004957858205255329,0.0,0.0001069380518714425,0.12903366533361718,0.0,0.00022790667876214805,0.00019850664349274372,3.0
YOL107W,0.0004957858205255329,0.0,0.0006993441062653393,0.13509408187900585,0.0,0.0001712084967369773,0.00024881767305931875,4.0
YOR347C,0.0004957858205255329,0.0,0.00015898155764209495,0.1346606973556847,0.0,0.00019600816415586524,0.00023316241928250878,3.0
YOL139C,0.0004957858205255329,0.0,4.496524285476142e-22,0.0007436787307882995,0.0,0.0003477474659685757,0.0,2.0
YOR034C,0.0004957858205255329,0.0,4.323660793748507e-25,0.0004957858205255329,0.0,0.0004955401387512388,0.0,1.0
YOR171C,0.0004957858205255329,0.0,4.323660793748507e-25,0.0004957858205255329,0.0,0.0004955401387512388,0.0,1.0
YOR061W,0.0004957858205255329,0.0,2.469773011373239e-06,0.10344554918159068,0.0,0.00027633037215268267,0.0001397640888812348,2.0
YOR303W,0.0004957858205255329,0.0,2.469773011373239e-06,0.10344554918159068,0.0,0.00027633037215268267,0.0001397640888812348,2.0
YOR302W,0.0004957858205255329,0.0,0.00030461340708621756,0.1412599070483705,0.0,0.0002017034059712744,0.0002533537761791732,8.0
YPR103W,0.0004957858205255329,0.0,0.00030461340708621756,0.1412599070483705,0.0,0.0002017034059712744,0.0002533537761791732,8.0
YOR069W,0.0004957858205255329,0.0,4.323660793748507e-25,0.0004957858205255329,0.0,0.0004955401387512388,0.0,1.0
YOR132W,0.0004957858205255329,0.0,4.323660793748507e-25,0.0004957858205255329,0.0,0.0004955401387512388,0.0,1.0
YPR088C,0.0004957858205255329,0.0,0.00011462948882497418,0.13283627928431122,0.0,0.0002221464397789613,0.00022665950875586072,5.0
YOR162C,0.0009915716410510659,0.0,4.323660793748507e-25,0.0,0.0,0.0004955401387512388,0.0,0.0
YOR202W,0.0009915716410510659,0.0,4.323660793748507e-25,0.0,0.0,0.0004955401387512388,0.0,0.0
YOR283W,0.0004957858205255329,0.0,0.001969689714567733,0.14530943921710893,0.0,0.00020909998047557017,0.00021160201707083216,4.0
YPR153W,0.0004957858205255329,0.0,0.0005727679330612839,0.14513673215807185,0.0,0.0002117011775260644,0.00020820787608681057,2.0
YOR331C,0.0004957858205255329,0.0,0.003931104472371056,0.16109863949663647,0.0,0.00018955106668842278,0.00025593252779081626,6.0
YPL003W,0.0004957858205255329,0.0,4.323660793748507e-25,0.0004957858205255329,0.0,0.0004955401387512388,0.0,1.0
YPR066W,0.0004957858205255329,0.0,4.323660793748507e-25,0.0004957858205255329,0.0,0.0004955401387512388,0.0,1.0
YPL164C,0.0004957858205255329,0.0,0.00017867299049137035,0.13386889138159805,0.0,0.00022612026767858157,0.000229324989920631,7.0
YPL219W,0.0004957858205255329,0.0,0.002151197315201118,0.14608379076921751,0.0,0.0001837839019499251,0.00025337544844116047,7.0
YPR037C,0.0004957858205255329,0.0,0.0007037591213213835,0.13840705369633743,0.0,0.0001754471658692013,0.0002593529363554558,14.0
YPR160W,0.0004957858205255329,0.0,0.0007367142783821531,0.13899425249616668,0.0,0.00019153328304805247,0.00024072575588423366,5.0
YPL176C,0.0004957858205255329,0.0,7.181701692526895e-05,0.12103446171589069,0.0,0.00018778789653271528,0.00022685740889652665,3.0
YPL192C,0.0009915716410510659,0.0,4.323660793748507e-25,0.0,0.0,0.0004955401387512388,0.0,0.0
YPR070W,0.0004957858205255329,0.0,5.715523088199036e-05,0.12869986165784755,0.0,0.0002168340895869704,0.00022329394706234216,3.0
YPR118W,0.0009915716410510659,0.0,4.323660793748507e-25,0.0,0.0,0.0004955401387512388,0.0,0.0
YPR158W-A,0.0009915716410510659,0.0,4.323660793748507e-25,0.0,0.0,0.0004955401387512388,0.0,0.0
