node,_wkshell,degree_centrality,betweenness_centrality,eigenvector_centrality,closeness_centrality,load_centrality,pagerank,information_centrality
AT1G01040,0,0.002076124567474048,0.00010555994581666786,0.0010279456440167247,0.21769276247312727,0.00011489068215466987,0.00033062870969961973,0.0003665332205887913
AT1G09700,0,0.003806228373702422,0.0031729554722085586,0.006226088755042125,0.24054926704607196,0.0032189007897321506,0.0006698390555257289,0.00042670926506237656
AT2G27100,0,0.004152249134948096,0.004037778543148241,0.004067877264648878,0.2431016968942809,0.0039104455033981845,0.0007673818166015851,0.00043671162896681044
AT3G20550,0,0.0031141868512110727,0.0016917938944877578,0.0063925125060967005,0.23269163246509952,0.0018155350664381949,0.0005856839207754107,0.00042068500427789825
AT4G15900,0,0.0031141868512110727,0.006220655223846741,0.005079835423509869,0.25423241539648833,0.006653867581051033,0.0005372738518820993,0.0004425244669699605
AT1G01050,0,0.00034602076124567473,0.0,3.518397515288328e-55,0.00034602076124567473,0.0,0.0003459010722933241,0.0
AT4G01480,0,0.00034602076124567473,0.0,3.518397515288328e-55,0.00034602076124567473,0.0,0.0003459010722933241,0.0
AT1G01060,0,0.002422145328719723,0.00026051149832180694,0.010275036741243866,0.22023788440383416,0.0002950270988233733,0.000350999987610153,0.0004131086134808112
AT2G37000,0,0.004498269896193771,0.00033505205664326133,0.07247357143489572,0.2500822943466489,0.0003270155457573043,0.0005338301549581288,0.00046604786207516844
AT2G46830,0,0.004844290657439446,0.001605569028645048,0.02487610754573858,0.24256837573550866,0.0015523009123593536,0.0005871022683990693,0.00045638378039595634
AT3G22170,0,0.002422145328719723,3.737956557378081e-05,0.004535524529957541,0.20822785975690433,4.8483167549014515e-05,0.0002892706841054269,0.00039176275130687146
AT3G60250,0,0.0006920415224913495,0.0,0.0015851409856219817,0.19276031616850398,0.0,0.0001328757076045976,0.00028430643282276977
AT4G10180,0,0.004152249134948096,0.0007851697230616115,0.009333077746474279,0.2250320193974934,0.0008049906458674798,0.0005742127571444447,0.0004588689072739471
AT4G18390,0,0.013494809688581315,0.008815463692886777,0.11330701894117287,0.2655688023403376,0.008795838873128042,0.0016971955617064815,0.000500084981590872
AT5G67380,0,0.001384083044982699,0.00025914119526809234,0.001743855598451551,0.2166541873582444,0.0002877633298982681,0.0002391114192178524,0.0003686368564303516
AT1G01090,0,0.0006920415224913495,0.00031921932040215547,0.00021286784707875655,0.19668111764973495,0.00031155281636267667,0.00023093912835571055,0.0002545888485641715
AT3G11630,0,0.029065743944636676,0.03907095993869477,0.0047012644631997825,0.24817867192457038,0.03932941760051742,0.008156753562272714,0.0004929177750242637
AT5G50850,0,0.0006920415224913495,1.955776209294141e-05,1.907196570179438e-05,0.1722258466213648,2.6383274952525884e-05,0.00022842271009548327,0.00023042256910403087
AT1G01100,0,0.0006920415224913495,4.790872429846656e-07,2.898006968584334e-49,0.0007785467128027682,4.790872429846656e-07,0.0004490645589673868,0.0
AT2G40010,0,0.0006920415224913495,4.790872429846656e-07,2.898006968584334e-49,0.0007785467128027682,4.790872429846656e-07,0.0004490645589673868,0.0
AT3G44590,0,0.00034602076124567473,0.0,1.7910668062191675e-49,0.0005190311418685121,0.0,0.00024273758561926142,0.0
AT1G01120,0,0.001384083044982699,0.0004909631902776559,0.000546549181572648,0.2127572033139022,0.000566538253669086,0.00028309253067483045,0.0003663865440971977
AT2G01950,0,0.01384083044982699,0.020983004865896132,0.00707654413712428,0.25984334844294193,0.02127361641038649,0.0027094639171580254,0.0004896044448051874
AT4G11220,0,0.002768166089965398,0.0014850452110976378,0.0011767101868380557,0.20826196472124092,0.0015126784405420737,0.0005188701320471959,0.0004047837218482901
AT4G18430,0,0.002768166089965398,0.0009030792470281411,0.0032103844581843773,0.22964483034233996,0.0010134530986470793,0.0004303519509400375,0.00039830727206444425
AT4G35450,0,0.0034602076124567475,0.002235527998388323,0.0006552960371667373,0.2224728240058676,0.0023747370445697767,0.0007659900317430898,0.0004148843889086333
AT1G01140,0,0.002768166089965398,0.0012491127808972656,0.008018794350654038,0.23230902084690536,0.0012542620477317074,0.000425189927853386,0.00042660991099014415
AT4G01400,0,0.00034602076124567473,0.0,0.0003616078182987032,0.18621123608487025,0.0,9.710066068898177e-05,0.00019786065894105467
AT4G08150,0,0.014878892733564013,0.015112563733168306,0.10910126302601737,0.27933730790982786,0.01472755259505212,0.0020033489819531753,0.0005009752667776195
AT4G17615,0,0.005536332179930796,0.001569795961375447,0.003930962760692922,0.229168861062546,0.001629421823028992,0.0008004851158440769,0.0004674137726674242
AT4G26570,0,0.004498269896193771,0.0011847729975150143,0.003979938776688053,0.2258714673781928,0.0011346436438231387,0.000638208210018975,0.00045642869352842397
AT4G37260,0,0.01591695501730104,0.024162947706349382,0.04753312783922305,0.2726586095433765,0.023701585792973344,0.002495344853161217,0.0005012551239544474
AT5G24270,0,0.004498269896193771,0.0013324215172145464,0.0037769225232390517,0.2280386344342784,0.0014442336559564054,0.0006194139364288874,0.0004602085856693755
AT5G47100,0,0.005190311418685121,0.002270886155017411,0.005161645840304709,0.23674239910734246,0.00231387467914874,0.0007002581309388889,0.00046778219178006554
AT5G55990,0,0.004152249134948096,0.0011200395126724021,0.003974151504704836,0.22647491773186149,0.001085780702578318,0.0005659079611486661,0.0004576198424676992
AT1G01160,0,0.003806228373702422,0.0007013593715085475,0.052484018137399086,0.24721365327219527,0.0007155859324086699,0.0005160327171928489,0.0004514698867159147
AT1G20700,0,0.00657439446366782,0.0027639749343869834,0.0813583914196479,0.2588910568269442,0.0026841629033026986,0.0007985914536286608,0.00048178627997980854
AT1G58100,0,0.01314878892733564,0.0023642859076223335,0.15562122625948407,0.26479454927228996,0.002322311254403585,0.0014524331627327025,0.000500237458232449
AT1G69690,0,0.030795847750865052,0.0354035213736345,0.26772042544967645,0.29890536568066206,0.03301878761381157,0.003796504748475863,0.0005127355493688452
AT2G36400,0,0.002076124567474048,9.23068075117369e-05,0.04143426088926518,0.24718962395130956,8.808781825768244e-05,0.00028487699858375896,0.00041607678363432234
AT2G45480,0,0.001038062283737024,6.245804160182826e-06,0.00601083278771331,0.20454330018588215,7.797585106271607e-06,0.00017331398968473073,0.00033933688154494737
AT3G02540,0,0.001384083044982699,0.0001360166007236252,0.004776777309090649,0.2165803824911491,0.00015261047511639226,0.0002911915766514707,0.00036464645230634265
AT3G13960,0,0.004498269896193771,0.0011418906656715546,0.06457625714269695,0.2592869954334291,0.0011062883912838007,0.0005776563087598472,0.00046618853215202473
AT3G15030,0,0.023529411764705882,0.03584602364840761,0.23998735497579624,0.2978551008680104,0.034054707121656806,0.0027271013322120717,0.0005105373899798692
AT3G47620,0,0.04221453287197232,0.07218277877075895,0.27782383793614857,0.30732167386236525,0.0693911951789438,0.005922692791584249,0.0005150300142933397
AT3G52910,0,0.001384083044982699,4.6711208478309866e-05,0.018539235384499624,0.23486210299326496,5.499178589836839e-05,0.00021454306273888717,0.0003749027264507658
AT5G53660,0,0.001038062283737024,6.245804160182826e-06,0.00601083278771331,0.20454330018588215,7.797585106271607e-06,0.00017331398968473073,0.00033933688154494715
AT1G01230,0,0.0034602076124567475,0.0010906902574816153,0.00046144093037507665,0.21332831567914376,0.0010880907566177009,0.0005561312983020599,0.0004419177885497207
AT3G08510,0,0.002768166089965398,0.003450149066629283,0.0013054081857947952,0.22659599493995122,0.003373227386928621,0.0004892316387847239,0.0004345469629024601
AT3G17210,0,0.0031141868512110727,0.0010988800595053065,0.00029762093806745766,0.19694004888183014,0.0010831271896858995,0.0005294160438325735,0.00042511602525207204
AT3G28220,0,0.00657439446366782,0.004883108564483628,0.003609270889296544,0.23654421460432265,0.004987932214863366,0.001004733945554278,0.00047496164945862466
AT3G55440,0,0.002076124567474048,0.000260155658358735,7.561805317804425e-05,0.1813640601348647,0.0002895334159535018,0.0003760301234681236,0.0003897887648925548
AT3G62560,0,0.001384083044982699,2.3598785627044587e-05,8.335631117417103e-05,0.18227400023015145,3.8383901580192225e-05,0.00026466595337083223,0.00035881261666330616
AT4G23400,0,0.006228373702422145,0.0017861900245196012,0.00036270363509149055,0.2078874234620349,0.0018347864380589955,0.0009318338089270569,0.00046018271417479483
AT4G29330,0,0.003806228373702422,0.0006966789412657206,0.0004462928328072259,0.21320312300562316,0.0007463989282766244,0.0005635488173248113,0.0004347283227229427
AT5G06320,0,0.024567474048442905,0.02814641369737736,0.0030684039337367844,0.2462799584748279,0.027558255662483894,0.0038439212471708772,0.0005051722677397665
AT5G25752,0,0.007612456747404844,0.005039859278637818,0.0009268394735484883,0.23108467525770765,0.005257593665928806,0.0013046932687398012,0.00047781565076863595
AT5G45750,0,0.001038062283737024,8.201386751923044e-06,5.6254604209797585e-05,0.18150644859118356,1.195128957318348e-05,0.00020011478569754125,0.0003360505552245612
AT1G01340,0,0.003806228373702422,0.003327165576055157,0.0017376468855951248,0.22449566130041249,0.003411052949190045,0.0008738822727908903,0.00041345888664224016
AT1G02510,0,0.00034602076124567473,0.0,7.836048735214139e-05,0.18115734799907912,0.0,0.00011939381052891794,0.00019498421956108382
AT1G04310,0,0.0031141868512110727,0.0014154523868482338,0.0004057102799886168,0.21487848341453933,0.0015240065382471583,0.000570314204604012,0.0004040761339870293
AT1G77210,0,0.0006920415224913495,2.464563273451256e-05,0.00024524154900130545,0.19853906247256403,2.48973621180094e-05,0.0001738687153061682,0.0002887157978688466
AT1G79940,0,0.0031141868512110727,0.0029622612061370496,0.002644201211184618,0.22900376868177152,0.0031349343272992205,0.0006071000800758522,0.0004240220084025486
AT2G18790,0,0.013494809688581315,0.01633554957242826,0.03100404624380491,0.256024046230854,0.016433651106906966,0.0019551922152723565,0.0004958648158379974
AT2G18960,0,0.001384083044982699,0.001561867751264828,0.002128627393255266,0.22828427748752897,0.0016363647668445342,0.0003476881572957786,0.00035419238417055813
AT2G28070,0,0.0006920415224913495,2.464563273451256e-05,0.00024524154900130545,0.19853906247256403,2.48973621180094e-05,0.0001738687153061682,0.0002887157978688466
AT3G05350,0,0.00034602076124567473,0.0,7.836048735214139e-05,0.18115734799907912,0.0,0.00011939381052891794,0.00019498421956108374
AT4G00900,0,0.0006920415224913495,0.0,0.0001976111272759262,0.18890854636837565,0.0,0.00017679322248583272,0.00028040276135601867
AT4G30190,0,0.004152249134948096,0.00811822831479082,0.001426623212115668,0.2401177274299946,0.008198687845900821,0.0008280719647860111,0.00044772719107263366
AT4G37640,0,0.00034602076124567473,0.0,7.836048735214139e-05,0.18115734799907912,0.0,0.00011939381052891794,0.00019498421956108382
AT1G01360,0,0.007612456747404844,0.011072836838013021,0.051760493408378634,0.2583912671419501,0.01042689865943315,0.0009763345073319434,0.00048544511920633234
AT1G12980,0,0.0017301038062283738,8.14221739487864e-05,0.01567073470700618,0.23224537453982402,7.89529067354448e-05,0.0002447812675046563,0.0004016407869589584
AT1G17550,0,0.002076124567474048,6.288894399001914e-05,0.006532781456784782,0.2104681661186024,7.056962941986926e-05,0.00028695541250464435,0.00040932493078460485
AT1G25490,0,0.010726643598615917,0.013334842935131253,0.024003951972237432,0.2576843501075157,0.013530583328521492,0.0017819931506010142,0.0004891168148256667
AT1G53230,0,0.01314878892733564,0.010049155321940496,0.15124910360851695,0.2825024273729252,0.00940170316348707,0.0014914819527479767,0.000501852808019405
AT1G54830,0,0.003806228373702422,0.0004775978045755919,0.02724615379506119,0.24578011512622722,0.0005067669248621396,0.0004583405674935553,0.0004570146538193546
AT1G72340,0,0.001038062283737024,1.9539721827218447e-05,0.004728160262934643,0.2095317501203817,2.4906377432628877e-05,0.00016940288740836733,0.00034154010111006193
AT1G72770,0,0.0058823529411764705,0.001217362313477693,0.013606403271615731,0.23254268939384354,0.001177032887962843,0.0007274258549942246,0.00047381992918487574
AT2G30470,0,0.0017301038062283738,7.379326045004821e-05,0.012521051387805359,0.2249922012926721,8.099577853531425e-05,0.0002333323681053743,0.0004008741990743823
AT3G11410,0,0.01314878892733564,0.010261341884054281,0.02404817050409845,0.25385175196756565,0.010040205858424996,0.0017345164930825869,0.0004981342430549271
AT3G50060,0,0.00657439446366782,0.0027267166041455423,0.03622713553803203,0.2486640120476262,0.0027368790528585485,0.0007526590638859163,0.0004782902041812835
AT4G18620,0,0.005536332179930796,0.00014959184314816928,0.011608743365651687,0.22111875934362862,0.00015636178106718133,0.0006328562172250053,0.00046388409303363144
AT4G22070,0,0.0017301038062283738,8.233574609631112e-05,0.010427204599163723,0.22613256724267053,9.412315487971259e-05,0.0002389547528264864,0.0003992883818415923
AT4G26080,0,0.012110726643598616,0.008239157452742835,0.022041567480994326,0.2515168481071183,0.007811414723161875,0.0016020368293085227,0.0004948266103705133
AT4G26455,0,0.0058823529411764705,0.008748695838301125,0.002538650847744604,0.21993313596913197,0.008689974495882592,0.0011210886331281507,0.0004391221461026402
AT4G32570,0,0.022145328719723183,0.033423959916874565,0.09424560596790599,0.2815329183229351,0.03241378716994488,0.0033686102879642472,0.0005074373635304208
AT5G02150,0,0.00034602076124567473,0.0,0.0023341336792763,0.20260411497857495,0.0,8.960258225052868e-05,0.00020964514007128487
AT5G08330,0,0.01591695501730104,0.005858028722553982,0.18706497118998203,0.28322606651198046,0.005455539399874444,0.0017802564796406501,0.0005046661383054556
AT5G41560,0,0.0017301038062283738,0.00039909312976804667,0.0043371262813584706,0.21678346698585568,0.0003806569590682606,0.00026733339079575613,0.0003974724014910879
AT5G57050,0,0.008996539792387542,0.002880485791771271,0.015060844625956218,0.2388547808031439,0.002779157638274653,0.0011396831404696553,0.0004874125475520356
AT5G60120,0,0.017301038062283735,0.013881489497934966,0.16706473625266036,0.28635140763552225,0.013286217967537166,0.0020453083170664616,0.0005056536800541549
AT1G01510,0,0.001384083044982699,7.140715913082684e-06,4.890326050145165e-05,0.17524027365015662,1.0838121053039602e-05,0.00019822189539692633,0.00028299103913520816
AT1G11130,0,0.005190311418685121,0.0012862199105954234,0.00085645737123286,0.20714236794095242,0.0012576101334714055,0.0006622315661319975,0.00045384195486241024
AT5G17420,0,0.002768166089965398,0.0012107784954763338,0.00017894263955332823,0.19712323472684853,0.0013281507140687964,0.00047061183449133173,0.0003856260498352641
AT1G01560,0,0.0006920415224913495,0.00018873871403883984,0.0003907493085886487,0.20692325884549007,0.00021548813615653313,0.0002133635589982156,0.0002635439454251533
AT1G08780,0,0.0006920415224913495,0.00012022034326330606,0.0008910890573680128,0.2006696797294305,0.00014984773034695505,0.00019183758134578053,0.00025859697824707714
AT5G45410,0,0.0314878892733564,0.04751397311430643,0.0077738371012964335,0.26056217737818366,0.04735933959387848,0.008620119472727972,0.0004978087017098093
AT1G01620,0,0.004498269896193771,0.001106514177596602,0.0005029289348764482,0.21476960148729607,0.0011683045903633632,0.0006986234785652299,0.00045206622594683903
AT1G78920,0,0.0017301038062283738,0.0008201638967118875,0.00016659886959581043,0.19697055620874238,0.000862057744583435,0.00036751651891477554,0.00035432143949525513
AT2G01420,0,0.002768166089965398,0.0020138783666614436,0.001869583310311302,0.23337495193274047,0.0021049615920594907,0.0004410834023824378,0.00043428609745099956
AT2G16850,0,0.003806228373702422,0.000997495818131098,0.0003155613044165474,0.20710862865144333,0.001031401042154122,0.0006399689183696694,0.00043875477655152834
AT2G37170,0,0.0017301038062283738,2.2892439356862233e-05,9.567080017321097e-05,0.188922580136028,2.101783404222448e-05,0.0002950793493314183,0.00038472835174238785
AT2G37180,0,0.002422145328719723,0.0001976864664773344,0.0001794611526780191,0.19956735864483033,0.00021575993786091961,0.0004106604410564628,0.0004074916937882654
AT2G39010,0,0.0017301038062283738,4.6639474428840335e-05,9.993325577382368e-05,0.18918961845045923,5.140109157097085e-05,0.0003077591713962882,0.0003836894047353884
AT2G45960,0,0.002076124567474048,0.0010785912173154931,0.00026310434255994504,0.21114968874220133,0.0011345748318207125,0.00036894068248371256,0.00040486039667902627
AT3G57650,0,0.002076124567474048,9.411767053606911e-05,0.00018082269545476382,0.19665069990806316,0.00010492734742397958,0.0003369261489402784,0.0004044365153459116
AT4G00430,0,0.002076124567474048,5.3203425048255536e-05,0.00010137910475654139,0.1891474043295703,4.954249357165452e-05,0.0003486071268258387,0.0003970431609369846
AT4G35100,0,0.0058823529411764705,0.005864077072984984,0.0008391802697978605,0.22547095054624283,0.005938582628905578,0.0009167912084344172,0.0004553277455759285
AT1G01820,0,0.00034602076124567473,0.0,1.7541983354812776e-44,0.0006228373702422146,0.0,0.00021121133189071155,0.0
AT3G19720,0,0.0017301038062283738,7.186308644769985e-07,4.0395251906963023e-44,0.0010380622837370243,7.186308644769985e-07,0.0007499702935011616,0.0
AT1G01880,0,0.00034602076124567473,0.0,0.000258846517184558,0.17763948387895173,0.0,8.737431112772818e-05,0.00020467421484970992
AT1G15570,0,0.004844290657439446,0.0034112739389047034,0.005704766892815597,0.21911828805885514,0.003510320189077715,0.0005833089327254675,0.00045959825800524095
AT1G02090,0,0.004498269896193771,0.002600699503367195,0.004282701287231497,0.23481873049040375,0.0026515749709308547,0.0007419344182152122,0.0004471060436429197
AT1G10840,0,0.002076124567474048,0.0001244571764322917,0.0014737070365840707,0.20775156042897416,0.00014272840531935466,0.0003434119577976158,0.00039754752366178624
AT1G22920,0,0.017993079584775085,0.026584388827664118,0.023015141182601177,0.2718134727673229,0.026794536386641594,0.0030711122057534364,0.000501680587066243
AT1G29150,0,0.001038062283737024,0.0001711890773783467,0.00039518016869486853,0.19765947856451677,0.00018868833547123467,0.00020588281228444476,0.00033284507038975415
AT1G71230,0,0.010380622837370242,0.012796169008771478,0.016806071532070053,0.25347222677275716,0.0129553338679171,0.0017975094717904965,0.00048704918400618695
AT3G01090,0,0.009342560553633217,0.0165759091477538,0.02038451202831977,0.2729805550892092,0.016579542553499204,0.0012159500492805741,0.0004892319583734161
AT3G06580,0,0.00034602076124567473,0.0,0.00019314436553354616,0.18782029920318116,0.0,0.0001003892442943131,0.00020215881900847838
AT3G23580,0,0.00034602076124567473,0.0,0.00019314436553354616,0.18782029920318116,0.0,0.0001003892442943131,0.00020215881900847838
AT3G57290,0,0.0017301038062283738,0.00038972073466372756,0.006535223375095381,0.23401921884706658,0.0004590480247571922,0.00027612709599634416,0.0003961398143785113
AT3G61140,0,0.004498269896193771,0.0009471053022743166,0.0038780368241009794,0.22665658210437367,0.0009899147184833596,0.00062073294507377,0.00044512254686002346
AT4G14110,0,0.003806228373702422,0.00024183453790095608,0.0035189111507752317,0.22453530383286885,0.00022664034639933506,0.0005195749525686304,0.00043486800328325245
AT5G14250,0,0.004152249134948096,0.0009096275903428755,0.010883461592339327,0.23796077956499231,0.0009524862061985982,0.0005567593627680694,0.00044342959751105296
AT5G42970,0,0.004498269896193771,0.0014253865966161376,0.004798794178806938,0.22840729757599001,0.0014723309439071141,0.0006537864749749439,0.0004431760969492997
AT5G56280,0,0.002768166089965398,0.00021766747274452547,0.002888028381496701,0.2226676167770837,0.00021859507929380818,0.0003877270808843378,0.00040935828571564127
AT1G02140,0,0.004152249134948096,0.005015449738439335,0.0027758075047214425,0.21844071905266044,0.00491073188615797,0.0007659654267502598,0.00036788719727257735
AT1G51510,0,0.0031141868512110727,0.00020460288876557501,0.0002504420910314218,0.1875294485075638,0.0002760167404340793,0.0005572923044509548,0.0003287948811672678
AT1G66260,0,0.001384083044982699,0.00019072553769321264,0.00014620882218608567,0.17901498319098078,0.0002036065138300974,0.00030251468763244484,0.0002896525172558726
AT3G13920,0,0.001038062283737024,0.0,0.00014540333782489328,0.17898978400978832,0.0,0.00023277794087154488,0.00027859354805025773
AT3G19760,0,0.0017301038062283738,0.0025399722008706766,0.001668977740729522,0.22260914313822416,0.0027605102918247418,0.00036232381748355807,0.00036132992117262686
AT5G02530,0,0.0034602076124567475,0.0015349596998834281,0.00019785392402620086,0.18294272722905353,0.0015513128381952792,0.0006609629223982867,0.00033204902286670035
AT5G22120,0,0.00034602076124567473,0.0,0.00012517584297697015,0.1771938998892888,0.0,0.00011111278717383714,0.00018422229891669231
AT5G37720,0,0.002422145328719723,0.0005359914260455412,0.0002319418790198285,0.18750179541481035,0.0005401632417957201,0.00042436841621856704,0.0003135919836491846
AT5G56290,0,0.0031141868512110727,0.0028764648033105626,0.008342794986792693,0.23133692815528725,0.0031386871008696185,0.0007243838372624448,0.0003995312391794725
AT5G59950,0,0.0006920415224913495,0.0,0.0001364707368755253,0.1772062470358214,0.0,0.00017032959022190454,0.0002454537373210033
AT1G02280,0,0.002422145328719723,0.001163291262167003,0.0009348285075647458,0.22771193151961613,0.001187453229857246,0.0004134351914305139,0.00039428778638530513
AT1G05000,0,0.004498269896193771,0.005001640769083051,0.003041572906549575,0.2478642155176484,0.004873281174418368,0.0008860184826859228,0.0004542859767959484
AT1G35670,0,0.006920415224913495,0.011133686179990361,0.0064998891412200105,0.24020844915566947,0.011330706286053292,0.0013996271208188862,0.0004543890428898923
AT4G02510,0,0.010034602076124567,0.017790327866410927,0.008511651093850823,0.27292196299753946,0.018051712396020523,0.0019620209004795426,0.0004888086193620834
AT5G21990,0,0.0034602076124567475,0.002502825869533045,0.0010859242191450054,0.21687590407735569,0.0025672409559356797,0.0007089102491328169,0.0004231312958166777
AT1G02340,0,0.0058823529411764705,0.0012386704031748495,0.02487690051297245,0.24307846025722352,0.001265003396158713,0.0006724636241724959,0.00047088587262974677
AT1G09530,0,0.008650519031141867,0.0026266443684279266,0.04444252158849858,0.25072334133994606,0.002600868227980219,0.0009885924434661973,0.0004884385128956949
AT1G30460,0,0.00795847750865052,0.0060191863689255005,0.08357288003755152,0.254639716752886,0.0057646070705189454,0.0010800328377848305,0.00047551111906358014
AT2G20180,0,0.007612456747404844,0.0017096400657540185,0.03211712942767038,0.24504594827626447,0.0017289829273658011,0.0008895488005938302,0.0004829986225659255
AT2G29580,0,0.0058823529411764705,0.0010821110026607193,0.0900208259453077,0.2612849944735511,0.0009263545656440145,0.0006980271632755858,0.0004801340516155866
AT2G32950,0,0.01384083044982699,0.00883751360866804,0.024603899144825452,0.24986115653478805,0.009064104275397488,0.0019177365716612955,0.0004961581925445339
AT2G37678,0,0.002422145328719723,1.5895235799734037e-05,0.0038206824649749216,0.20739576343264335,2.5141488834848074e-05,0.00028653067928447904,0.0003905373891107592
AT2G43010,0,0.006228373702422145,0.0020316807962678543,0.03398475132342048,0.24723768726531914,0.0019555426795504495,0.0007713699388814033,0.0004793652495293151
AT2G43790,0,0.02560553633217993,0.0423192524471558,0.09774908980512763,0.2961554502400225,0.04076798507483918,0.00354489891800386,0.0005096734974489078
AT2G46340,0,0.005536332179930796,0.0006621659995737347,0.012730393864929133,0.23288341128306528,0.000677780879455448,0.0006707891619994222,0.00046531974556437083
AT2G46970,0,0.003806228373702422,0.0007588060830355318,0.027096462086309135,0.23641227584001795,0.000766924897102182,0.0004904926090265079,0.00045682637663383075
AT3G59060,0,0.0034602076124567475,0.00036496297702593865,0.012357210520434947,0.22805908449565715,0.0003684898347496781,0.0004588448178563586,0.0004502424658491437
AT4G25560,0,0.0031141868512110727,0.0007926838139410392,0.015919401453464155,0.23937187982031938,0.0007514384952053073,0.00040770875199584483,0.0004432912138795689
AT5G02200,0,0.002422145328719723,8.465420830595859e-05,0.0027046893269309247,0.2004640431350365,0.00010667079690184969,0.0003035559828696117,0.0003791521461192051
AT5G11260,0,0.007266435986159169,0.0023632518913358443,0.02544020336954602,0.24307846025722352,0.002586666829334307,0.00085799217506995,0.00047744927147175855
AT5G39660,0,0.0031141868512110727,0.0007143590568371611,0.020217174251883456,0.24162345379677652,0.0007894205256207648,0.0004699479977612049,0.00043826430514727556
AT1G02450,0,0.0017301038062283738,0.00034066281575140104,0.021007480652679968,0.23836225055872837,0.0003225423934524314,0.0002582125141943009,0.0003989418608471312
AT1G64280,0,0.002422145328719723,0.00024619869020142974,0.002806773681310619,0.21829071684215218,0.00031828971302120276,0.0003443270350724655,0.00038542067386674743
AT5G41315,0,0.003806228373702422,0.0001978159244774119,0.021058904290369312,0.2308120213478919,0.00023234472354465396,0.0004448834976774214,0.00044194383757922964
AT1G02500,0,0.0006920415224913495,7.14368145303467e-05,0.0002312032183343699,0.1910371733181395,7.7776632592795e-05,0.00018835262469026108,0.0002777195734347156
AT3G51550,0,0.0017301038062283738,0.0009592293329670385,0.0001616199069680261,0.1989428812650452,0.0010783556036127163,0.0003869712880271742,0.00036489591626836805
AT4G09000,0,0.006920415224913495,0.010442083090706707,0.0049654033129352265,0.23542740707378937,0.010611281561592812,0.0016774972648074598,0.00044314016519214096
AT1G02560,0,0.00034602076124567473,0.0,9.94835035847972e-05,0.18479049928869878,0.0,0.00011338557687285766,0.00020310546276833459
AT3G07370,0,0.005190311418685121,0.007148832029109551,0.0022060548586892406,0.2301019590310417,0.007321691270385993,0.0010915841617532168,0.00045176290586179137
AT1G02580,0,0.001384083044982699,0.0,0.00012682182520738037,0.17519198478996093,0.0,0.00022855099451620498,0.00025732790118733614
AT3G20740,0,0.002076124567474048,0.0009246074778504729,0.002166050820402819,0.21213604030789732,0.0009472461539548887,0.0003540569778514712,0.0003846365970948484
AT5G49160,0,0.001384083044982699,0.00031223954766833594,0.0005174233223323192,0.18872629693588666,0.00034214215392958515,0.0002909673329739102,0.0003328968669596449
AT1G02690,0,0.006920415224913495,0.008925160296951123,0.02038923324216574,0.24927336318477483,0.00915021718846902,0.0010614577753291637,0.00047897877955892264
AT1G04250,0,0.01314878892733564,0.0066033837299005966,0.13142947697250543,0.26879683450069475,0.0063235994963734,0.0013788486668231568,0.0004997705905817871
AT1G04550,0,0.007612456747404844,0.0004087287505989335,0.06446333837950002,0.24473937553758762,0.00040018005966808843,0.0007326603044596465,0.00048301040801228447
AT1G18040,0,0.009688581314878892,0.0031737980277380946,0.01026899348169719,0.2227651411362187,0.003297407570172801,0.0008805827462437648,0.00048255167594810034
AT1G34430,0,0.002422145328719723,0.0016116419901842447,0.00450647531479443,0.23809445287998057,0.0017948222576642209,0.00042335735797375423,0.0004197208323126601
AT1G51600,0,0.00795847750865052,0.004379006520643784,0.04849732938406617,0.25206530391625265,0.004486906196366499,0.0010161440550612473,0.000484947461535186
AT2G16900,0,0.0006920415224913495,9.41492306335207e-06,0.0013299116612972663,0.20536920384487384,7.318502489652412e-06,0.00014623411159147095,0.00029692955195016974
AT2G25000,0,0.008304498269896193,0.004984596218624696,0.02804024498950519,0.2433808834540217,0.0049089649226449665,0.0012146980512818169,0.00047865532899686955
AT2G45820,0,0.003806228373702422,0.004470148579622587,0.006020602354809623,0.24173829384135673,0.0044899281305146995,0.0006407119820734705,0.00043127284586237305
AT3G15540,0,0.010380622837370242,0.002154237543499882,0.0901045844288465,0.25820762018591464,0.0019019447460623348,0.001065182431780245,0.0004942615438106211
AT3G54230,0,0.0017301038062283738,0.0018121344161105694,0.002104920363274695,0.20759892662947532,0.001847731183998737,0.00042102271356037925,0.00032923466093787965
AT4G04020,0,0.002076124567474048,0.0002506557129907224,0.0020482653515024145,0.2102941248003864,0.0002794791479693996,0.00026977557948255513,0.0003701418370148733
AT4G04330,0,0.00034602076124567473,0.0,0.0009196317741671315,0.19695530136393066,0.0,9.695864623295303e-05,0.00020842994217894103
AT4G29160,0,0.0034602076124567475,0.00582276850308907,0.003453515786961765,0.24347408819636884,0.006107449642528442,0.0006182442714876088,0.00041207073598968657
AT4G30220,0,0.002422145328719723,0.0012591930403943973,0.0012246533694399674,0.20252344120499108,0.0012865440679775575,0.00045345429968524445,0.00034630686879366196
AT5G05410,0,0.0017301038062283738,0.00045978576366665865,0.0034715982840938958,0.21894850204141825,0.0005332457621168806,0.0002691987879567889,0.00039623871920191654
AT5G09250,0,0.0031141868512110727,0.0022061907823743743,0.014812681677663867,0.23603924737433382,0.002212904416350419,0.0004655775308577977,0.00041746811050497696
AT5G16850,0,0.015570934256055362,0.02136303207936397,0.027709796388561293,0.2593398787692303,0.021146627138050624,0.0030188829207083404,0.0004923104087623593
AT5G17690,0,0.004844290657439446,0.004520123782212604,0.006269977832395763,0.2368967723531507,0.004660521363046325,0.0008425352583316927,0.0004391404548213816
AT5G20720,0,0.0017301038062283738,0.001949306073537203,0.002668326763195079,0.23035206985607543,0.0020829174284471763,0.0003268030038668338,0.00039821013276479934
AT5G51110,0,0.001384083044982699,8.528814718489188e-05,0.0027142675663258003,0.21526044110471246,8.89091737947722e-05,0.00024552248074532395,0.00037458475020419094
AT1G02740,0,0.00034602076124567473,0.0,0.003940394498280914,0.21397449316037634,0.0,8.977348276171256e-05,0.00021305624446951474
AT5G15840,0,0.016262975778546712,0.01798168469278821,0.08737979063734638,0.2771756786061115,0.017273181388047412,0.0020967479880528695,0.0005041348391993035
AT1G02780,0,0.00034602076124567473,0.0,0.0007190602769107869,0.20525317604609142,0.0,0.00013492130175167866,0.00021116138453827822
AT4G25030,0,0.029757785467128026,0.043844296573076084,0.015945493060860298,0.26271558380279675,0.0446446074050779,0.008415912262508393,0.0004936530155320593
AT1G02840,0,0.002422145328719723,0.000444188348322056,0.0008195374498186902,0.19698581341681431,0.000480620768787797,0.00035276008580139206,0.00039666034286372386
AT1G23860,0,0.004498269896193771,0.0021914927494103807,0.0063918922350703075,0.218403199176492,0.002198072881979221,0.0005916682614474521,0.00042218911460505825
AT1G53720,0,0.0034602076124567475,0.0009481836727463706,0.0008225368913333677,0.19359674567684781,0.001018540043405145,0.0005302891461280217,0.0004070463792784883
AT2G37340,0,0.0031141868512110727,8.505919603105468e-05,0.0007560664134526265,0.18983926927523684,0.00010138822746944706,0.0004479472523143907,0.00040295582197174884
AT3G13570,0,0.0034602076124567475,2.9007435273543563e-05,0.0005903576462592247,0.18426830310927272,3.497082442731401e-05,0.00044066537326559576,0.0003964649526783895
AT3G55460,0,0.004498269896193771,0.0004102552848398365,0.000980576327013236,0.19469352711767512,0.00048735715872818045,0.0005823264107444009,0.0004210381793715621
AT5G62600,0,0.002076124567474048,0.002730870426459301,0.004657872169075015,0.21797264517108705,0.0026806482864225128,0.00034369712346552135,0.00038972940634788596
AT1G02970,0,0.001038062283737024,0.00012542213450571408,0.0008910100209371724,0.1905362142212537,0.00015697995986910937,0.00018403070614916297,0.0003200716056801672
AT3G48750,0,0.01972318339100346,0.01271874426311571,0.015619067430717306,0.23462375230289445,0.012946309342253201,0.0021226061810503956,0.0004951224033004726
AT3G54650,0,0.002768166089965398,0.0005823485875700918,0.0036208250249351913,0.21017246704223744,0.0004999450583996098,0.0003262027412858253,0.00043217949662550405
AT5G25060,0,0.0006920415224913495,3.2938689102747746e-05,0.00039474008085713406,0.18512679997168763,4.406502013083247e-05,0.00015377855547563004,0.00025878000154087063
AT1G03060,0,0.00034602076124567473,0.0,5.364313994577879e-07,0.1353137624354088,0.0,0.00015548562723850128,0.00014796906652007083
AT1G08370,0,0.0017301038062283738,0.0033583363931741516,1.1895357984815174e-05,0.1581128358126755,0.003383554109171229,0.0006084793455007741,0.00024702524287134966
AT1G03130,0,0.002768166089965398,0.0030442456345578925,0.022209026912753144,0.2589965221724282,0.0026787536241136166,0.0004597480804479101,0.0004406519489719876
AT2G16640,0,0.014532871972318338,0.014633608068358504,0.007501140365203935,0.2490048811525578,0.014683137910038517,0.0033559700349681757,0.0004881066374383926
AT3G08530,0,0.007266435986159169,0.006805412790048779,0.008644178899034956,0.23928178878538509,0.006951256249487887,0.0012039446474634455,0.00047285264183787647
AT3G48150,0,0.008996539792387542,0.012084858907975948,0.015680808197600878,0.248785643828123,0.012165522911791871,0.0015673324025674512,0.0004837856167096675
AT4G19700,0,0.004152249134948096,0.0035930284223541133,0.017697777642447687,0.24410509226445315,0.0036487551840098096,0.0007527492263717593,0.000444851183337982
AT1G03190,0,0.00034602076124567473,0.0,3.518397515288328e-55,0.00034602076124567473,0.0,0.0003459010722933241,0.0
AT1G05055,0,0.00034602076124567473,0.0,3.518397515288328e-55,0.00034602076124567473,0.0,0.0003459010722933241,0.0
AT1G03350,0,0.00034602076124567473,0.0,0.0032076034926482354,0.21601009523579995,0.0,9.027798082175536e-05,0.00021166583573661092
AT1G32640,0,0.011418685121107266,0.017696332792012617,0.0711293898177155,0.2806009986992246,0.016872888929068786,0.0014888406809412005,0.000496418835688997
AT1G03360,0,0.0006920415224913495,0.0,2.24340590204753e-46,0.0006920415224913495,0.0,0.0003459010722933241,0.0
AT3G07750,0,0.0006920415224913495,0.0,2.24340590204753e-46,0.0006920415224913495,0.0,0.0003459010722933241,0.0
AT3G61620,0,0.0006920415224913495,0.0,2.24340590204753e-46,0.0006920415224913495,0.0,0.0003459010722933241,0.0
AT1G03445,0,0.00034602076124567473,0.0,3.3017241271396038e-06,0.14988429605770454,0.0,0.00013860704695487473,0.00015258234054792144
AT3G26940,0,0.002422145328719723,0.0019621388505980017,7.321032369474923e-05,0.1783746125560127,0.001969494696959655,0.0006120534138564837,0.00026015661961999485
AT1G03600,0,0.0006920415224913495,0.00022690054798005528,0.0008835827480643024,0.2092386746100932,0.00027236160943584737,0.00018431909331007105,0.00029170556130702225
AT5G28900,0,0.002422145328719723,0.0014539226169158462,0.014890773316258162,0.24100519818148905,0.001633927471118167,0.00041027311048640134,0.00041143916856385134
AT1G03630,0,0.0017301038062283738,0.0004180317232536194,0.0014026662797580046,0.21750657297392,0.0005112310634282295,0.0002956212627033643,0.00032484326904626775
AT3G60600,0,0.008996539792387542,0.010397670733103478,0.0018117191567097232,0.23680853442695526,0.010638631956453818,0.0016176091965185305,0.000474314264557
AT4G27440,0,0.0006920415224913495,3.076511956753121e-05,0.000401533198720893,0.19999110185680033,3.557298145776747e-05,0.0001819347553175194,0.00027732847116848484
AT5G11980,0,0.004152249134948096,0.005123652803288393,0.02748888429769589,0.2547927914248144,0.005264624102661838,0.000681216029424755,0.0004554719082255148
AT1G03680,0,0.00034602076124567473,0.0,0.0002724678357196129,0.20352835944066208,0.0,0.00012682686893397587,0.00020774963178880052
AT5G56750,0,0.01314878892733564,0.028825646601185834,0.006037767419472662,0.2598964589893789,0.029706862081169117,0.0033687913693412172,0.00047540124922579145
AT1G03740,0,0.0006920415224913495,0.0,3.518397515288328e-55,0.0,0.0,0.0003459010722933241,0.0
AT1G03760,0,0.00034602076124567473,0.0,0.00035056536136390825,0.20393639544595613,0.0,0.00013233419278316601,0.00021191811470673528
AT1G03860,0,0.00034602076124567473,0.0,0.0019587490697357893,0.20561827710309452,0.0,9.439424800217677e-05,0.00020926170471555718
AT5G17490,0,0.00795847750865052,0.006029062782467093,0.043436063454933976,0.263314024768179,0.0060043802400890755,0.0011508576662057303,0.000483394150060913
AT1G03960,0,0.00034602076124567473,0.0,0.0032076034926482354,0.21601009523579995,0.0,9.027798082175536e-05,0.00021166583573661084
AT1G04050,0,0.00034602076124567473,0.0,8.237307062653229e-06,0.16367940086317004,0.0,0.00012612586114805967,0.00018673403383388635
AT3G52590,0,0.002768166089965398,0.0025458182025776947,0.00018266242961501218,0.19826045460443384,0.0026558286410592255,0.0006976026056712301,0.00037804179244970787
AT1G04170,0,0.00034602076124567473,0.0,0.00031913620969735413,0.20349578708578642,0.0,0.0001107736812184848,0.00021041711516605577
AT1G04240,0,0.011764705882352941,0.005032715529013892,0.10952917260482893,0.26446410682311494,0.004715372984857857,0.0012327212268704929,0.000497486644344791
AT1G15750,0,0.021453287197231833,0.017313684208663045,0.13055205063336445,0.270224933717041,0.016726330065517155,0.0027269051600244455,0.0005069417420562964
AT1G19850,0,0.005536332179930796,0.0001350003341661941,0.051978922011105405,0.23804987842470027,0.0001439133845525897,0.0005250477495092689,0.0004694247663959206
AT1G30330,0,0.005190311418685121,0.0002293342113975699,0.054057219456583046,0.24157754832441083,0.00023110455407838687,0.0005397188849527074,0.0004732993260479661
AT1G45249,0,0.005536332179930796,0.0015336839682603784,0.029290229970779284,0.2530938347144778,0.0014931564844205016,0.0006306982040599104,0.00046985986265718087
AT1G51950,0,0.008304498269896193,0.0012720473251860928,0.07180245958857816,0.25561230789135314,0.0012749104296668893,0.0008698372108835154,0.0004888165633486961
AT1G66350,0,0.006920415224913495,0.0017922430650562276,0.07011061913004343,0.26501530337756074,0.001647569090540499,0.0008114084295313769,0.00048489343899634163
AT3G15660,0,0.0017301038062283738,0.0016250914029302236,0.005040456823406853,0.21551583484839598,0.0016333058961274976,0.0004110483006756475,0.00033435631969963987
AT3G16830,0,0.008304498269896193,0.002751622125406984,0.06383460206998783,0.2552275041359969,0.0026192956564240312,0.0009935982015382464,0.0004891028134964671
AT3G17600,0,0.008996539792387542,0.003589794626488226,0.07017688350864089,0.26160753535758385,0.0031842837710188,0.0008822782223374406,0.0004902746917540134
AT3G23050,0,0.007612456747404844,0.005460852714699737,0.07231181051620082,0.2636689322147302,0.005357806004060537,0.0008198487944442179,0.000487536018888437
AT3G62980,0,0.0058823529411764705,0.002747320041556043,0.04121235985993221,0.24861539262988294,0.0027388324066526712,0.0006823362222226048,0.0004670001504442008
AT4G02150,0,0.00657439446366782,0.007195117225576259,0.02706909403884899,0.2542578335543964,0.007037191979655078,0.0010016467982587888,0.00047892342196364954
AT4G14550,0,0.00657439446366782,0.0010534233937305433,0.06060671935577279,0.24203738947473805,0.0010826587115521451,0.000741192354079655,0.00047819759358918397
AT4G14560,0,0.008650519031141867,0.00036235270997132693,0.0884386595818187,0.24859109004995825,0.0003295487573240706,0.0008403721232992633,0.0004880265252367793
AT4G23980,0,0.007266435986159169,0.00024229094662919293,0.06751098654182434,0.24004973109411676,0.000253241496799088,0.0007115449184926917,0.00048156378189334283
AT4G34530,0,0.0034602076124567475,0.0012750872726240276,0.026870515572740894,0.23742758390543112,0.0012897692560254346,0.0005035698700922836,0.00044098659552467307
AT5G12980,0,0.01972318339100346,0.020767473467874602,0.15646335414526802,0.2837633174750137,0.01917846580954345,0.0024107043289615577,0.0005078137233609045
AT5G20730,0,0.005536332179930796,0.00043003988985129,0.05066314001780082,0.24289272695425718,0.0004400981050749664,0.0005449625626211352,0.0004700691230020732
AT5G27030,0,0.008996539792387542,0.002072954681483982,0.076634444405544,0.25807660353268447,0.001921111958461748,0.0010201834430283074,0.0004919827867751705
AT5G37020,0,0.003806228373702422,5.568356776450976e-05,0.04248531560011299,0.23350352136728242,4.983716255988944e-05,0.0003992920755926906,0.00045786985539061296
AT5G43700,0,0.008996539792387542,0.0018032342686009036,0.08456121482611356,0.25357332248589814,0.0018306664918759609,0.0009367542863323335,0.0004884176142185851
AT5G57180,0,0.002076124567474048,0.00014345312406444845,0.017077253573949822,0.22865373594776775,0.00018063178468470821,0.0002946678894405776,0.00041294320152681486
AT5G60450,0,0.005190311418685121,1.8269238817976277e-05,0.04660786131074445,0.23031034696713212,1.8526023812146406e-05,0.0004875367406838338,0.00046520986267270455
AT1G59750,0,0.0034602076124567475,2.3925775050483068e-05,0.024678690430201402,0.2280386344342784,2.408082356783592e-05,0.00033786457521182533,0.0004375448280590684
AT3G08505,0,0.001384083044982699,0.0005184058929744128,0.009770384084091312,0.2291069235325291,0.0005700580211020263,0.00024205556870430966,0.0003714829712063999
AT3G48590,0,0.005536332179930796,0.0010953291852212872,0.03951787385898789,0.2532955031086726,0.0010604568789029459,0.0006545556953196268,0.0004745884032219138
AT3G61830,0,0.007266435986159169,0.0012866036313448985,0.05133002617992037,0.2540800131093089,0.0013832772665523887,0.0007664447235926342,0.000481146309596054
AT4G16143,0,0.00657439446366782,0.00606922658850931,0.021456773811230498,0.24946898677762142,0.005898030058777137,0.00102557786191536,0.0004764083328525229
AT4G36710,0,0.0031141868512110727,0.0013063158323955723,0.026766580186866156,0.24718962395130956,0.0013620638374513287,0.0004076189849433658,0.0004468118132834987
AT5G13330,0,0.0006920415224913495,7.78233310552636e-06,0.007041104196175508,0.21139541572826873,1.1610081290765542e-05,0.00012294624610826224,0.0002965373823513436
AT5G59380,0,0.002768166089965398,0.003882887572387842,0.023101372039976354,0.23896700349662403,0.0038055557382723343,0.0004839578164151403,0.00040755407232205543
AT5G62000,0,0.004498269896193771,0.0008343253330185214,0.04749720180695415,0.2536744988739225,0.0007777569399366261,0.0005166257646368786,0.0004681436292307536
AT1G04270,0,0.00034602076124567473,0.0,0.00016884490891106734,0.19378852786794734,0.0,0.00011961379453687434,0.00020771230605617946
AT4G17730,0,0.010380622837370242,0.016134465297312744,0.003743924998338614,0.24422230396725944,0.01620857729830454,0.0023876768836386597,0.0004752058387072143
AT1G21270,0,0.0006920415224913495,1.918758549328687e-05,7.327658920453504e-05,0.18377560711165433,2.3822792108424906e-05,0.00017750007719909215,0.00027225683372996903
AT2G29100,0,0.002422145328719723,0.0006795882985309879,0.00024557521273374164,0.20052727103067913,0.0007313557254425395,0.00043692245753753094,0.0003269081006562277
AT5G03280,0,0.002422145328719723,0.0006625850197809691,0.00014336738628353468,0.2032680721933557,0.0007455118129981076,0.0005064223669831077,0.0003940071207496641
AT5G04870,0,0.008304498269896193,0.01531241036571367,0.003699934767214366,0.2495179406604271,0.015585296877790542,0.0015376179181252495,0.00047679828121177447
AT5G05760,0,0.002422145328719723,0.0017520269162643455,0.001037536106326866,0.22649508828028792,0.0017318245562617206,0.00048049696016196184,0.00041518947413572975
AT5G23860,0,0.0006920415224913495,0.0006892038536485174,0.0016527877358709332,0.22704105447826736,0.0007139223220512484,0.0001840625673465578,0.00029263837674258175
AT1G04360,0,0.001038062283737024,0.0,1.3135296411038362e-05,0.15388399196484767,0.0,0.00024248972896952824,0.0001270120266808378
AT1G08720,0,0.0006920415224913495,0.0006491632142442219,0.0002781413067517862,0.18406824342871111,0.0006491632142442219,0.0002058064459606308,0.00019367570714753788
AT1G04400,0,0.002768166089965398,0.00021476027616018476,0.005241831687436758,0.22179372503149075,0.0002439995225626114,0.00035258891881761664,0.00041164261953366427
AT1G26260,0,0.002768166089965398,0.0006353161322799125,0.013037744699788653,0.23928178878538509,0.0007608457624588499,0.00039813463162589457,0.00043409435435987656
AT3G13670,0,0.001384083044982699,0.0006631404614090184,0.0027517361148326667,0.22635396984522232,0.000732603974996368,0.00023221714915254316,0.00037420298257728556
AT1G04410,0,0.001384083044982699,0.0003877284387960194,0.0007922936581225495,0.20596799637248506,0.00042197187603724827,0.0003115892538817881,0.0003638807011609851
AT5G38480,0,0.004844290657439446,0.0038470853810129864,0.0028370860641091416,0.23663225562585583,0.0039846957851357315,0.0008575037518290966,0.00044266900767236657
AT5G60640,0,0.002422145328719723,0.00233315487326154,0.0003416669871206027,0.20593463853033225,0.0023762883193259796,0.0006953562418674879,0.0003514755274197129
AT5G65430,0,0.0034602076124567475,0.0022608959589418137,0.009425227331173847,0.24034466035451027,0.002171580374739602,0.0005753300552096236,0.0004432745884207992
AT1G04480,0,0.00034602076124567473,0.0,0.00016884490891106734,0.19378852786794734,0.0,0.00011961379453687434,0.00020771230605617954
AT1G04650,0,0.001038062283737024,0.0004314979101815174,0.00037641109127826164,0.1748907813225413,0.00043149791018151743,0.00027022053948457013,0.0002304244091686303
AT3G22880,0,0.002076124567474048,0.00647603454381369,0.007920226863546077,0.21486032876065164,0.0064774655794729435,0.0003986156994850883,0.00034772715026157395
AT3G27120,0,0.001038062283737024,0.0004314979101815174,0.00037641109127826164,0.1748907813225413,0.00043149791018151743,0.00027022053948457013,0.00023042440916863042
AT5G20850,0,0.001384083044982699,0.0006506004759731759,5.032727236805909e-05,0.14754507143252918,0.0006506004759731759,0.0004032402669502149,0.0002138663221394897
AT1G04690,0,0.0006920415224913495,5.3207098896182084e-05,0.0009459385268975021,0.2009074775802712,6.107233756167382e-05,0.00014220852448866274,0.00029334072652197193
AT4G23650,0,0.006920415224913495,0.005208664109231553,0.020011611560350456,0.24964040946412808,0.004981562230416897,0.0009919697980699616,0.0004785959390385086
AT5G46240,0,0.004152249134948096,0.002540167023631744,0.0009638439114542651,0.21966717208353395,0.0026380329118164863,0.0006235783246886227,0.0004383466358784024
AT1G04750,0,0.0017301038062283738,0.0014603449337250796,5.663225276015584e-05,0.1844955637849008,0.0014297449082405112,0.00037365859899334724,0.0003449373436225327
AT1G12360,0,0.0017301038062283738,0.001320609947582086,1.3297442970815382e-05,0.17136703849131218,0.0013272285219385384,0.00043384783120908486,0.0003060639764371559
AT3G11820,0,0.002076124567474048,0.0009439630640063014,5.8661879687833306e-05,0.18677194853195306,0.000962854478812497,0.0004253992725992336,0.0003680564126951158
AT4G32650,0,0.002076124567474048,0.001209740289450341,0.00021688611203385632,0.20378931414464882,0.0012546142429729463,0.00037156209634226953,0.00039397927008168426
AT5G58430,0,0.001038062283737024,0.0006528436632139956,3.054573463943877e-06,0.15556902497162003,0.0006565889156804444,0.00030675652214548835,0.00024083941355148902
AT1G04870,0,0.0006920415224913495,0.00030259996845580066,0.005887792575373092,0.23840694208409796,0.0002993815985184144,0.00016040091278726737,0.00030327855675333374
AT3G57870,0,0.04221453287197232,0.084128794039483,0.04317975356896398,0.29474812832766256,0.08414588623939473,0.010202848355687456,0.000508190238792008
AT1G04950,0,0.00034602076124567473,0.0,4.5325556924556813e-07,0.12768423212386767,0.0,0.0001304692852814506,0.00015037780690144653
AT1G54140,0,0.001384083044982699,0.0006491632142442219,1.0050135254703047e-05,0.1477937380839817,0.0006491632142442219,0.0003696953113317365,0.00025381242536553003
AT1G18080,0,0.05467128027681661,0.11005130472639141,0.03624490391272853,0.29410048007529466,0.10571647228011306,0.013425639786876714,0.0005121894376163797
AT1G35720,0,0.002768166089965398,0.0023368797809788793,0.0011108449706478656,0.2330968699551854,0.0024937612495574434,0.000500290752879288,0.00040656701614002366
AT2G26400,0,0.0006920415224913495,7.884396120868348e-05,0.00014507354029558422,0.19726084790653683,0.00010009934571270782,0.00019621140878391024,0.0002578800291957881
AT3G15730,0,0.0017301038062283738,0.0009364462526071041,0.001424598066496668,0.229541190649975,0.0008698598493835593,0.0004024527140148468,0.000377418906633468
AT3G59220,0,0.002422145328719723,0.0007957881980658371,0.0009087479423283954,0.2189673541597273,0.0008270391477678785,0.0005323204398829339,0.00039777235555602696
AT4G34460,0,0.012802768166089966,0.038422531988010274,0.013191363823902534,0.2778115415349654,0.03845459938016542,0.0026710973577353052,0.0004915109892342263
AT5G05000,0,0.002422145328719723,0.0008431478285416056,0.00023336430837865056,0.20444463792998416,0.0008660567292961205,0.00048091693898121414,0.0003518584032569504
AT5G19620,0,0.0006920415224913495,0.0,0.00014768866725558866,0.1973680132876269,0.0,0.00017812917073524705,0.0002744942940887313
AT1G05190,0,0.00034602076124567473,0.0,0.00021200776019894191,0.19627127044926085,0.0,0.00013463025071445007,0.00021102674111477467
AT1G05200,0,0.002076124567474048,0.0013844822318957338,0.0009799546522659696,0.21195923080605708,0.0013578115035585878,0.00036164492533710777,0.00029802073611467054
AT2G24720,0,0.0006920415224913495,0.0,5.528480332798699e-05,0.1786628390621802,0.0,0.00017529428062760743,0.0002324079648986387
AT3G07520,0,0.0017301038062283738,0.0006491632142442219,5.802618591124393e-05,0.1786879462627229,0.0006491632142442219,0.0003390185633408929,0.00023246199091686389
AT1G05500,0,0.00034602076124567473,0.0,0.00016884490891106734,0.19378852786794734,0.0,0.00011961379453687434,0.00020771230605617913
AT1G05510,0,0.0006920415224913495,0.000649163214244222,0.012553931320053023,0.23154755997551424,0.0006491632142442219,0.000214777962882548,0.00021507067243542279
AT4G18010,0,0.00034602076124567473,0.0,0.0005661153878063296,0.1857216717454957,0.0,0.0001432054789374231,0.00013587631446697663
AT1G05730,0,0.00034602076124567473,0.0,0.0014393524141790505,0.20154436925115493,0.0,0.00010092919505646775,0.000208499867734926
AT4G32010,0,0.007612456747404844,0.0077387933778445585,0.031918324244944986,0.2566700495772177,0.008069525431267637,0.0012712340160270742,0.00047934821403593865
AT1G05805,0,0.001384083044982699,2.8391896708517972e-05,0.011128968763091874,0.22830477163219975,3.979437929599741e-05,0.00021331231100176672,0.00037548796736809815
AT1G35460,0,0.003806228373702422,0.0024422809576888273,0.026684735905170218,0.25664414685751064,0.0023074082211845966,0.0005263434404710063,0.0004570748998818311
AT2G32700,0,0.0031141868512110727,0.0015061039135339134,0.024494460558959312,0.24861539262988294,0.001597919690964993,0.000510708631867134,0.0004301264342792989
AT2G42280,0,0.0031141868512110727,0.00018266851777233174,0.039147188420720465,0.2416693767187183,0.00018205601368385968,0.0003872567966241924,0.00044664911220878667
AT1G06040,0,0.002768166089965398,0.0004864953693315376,0.015879789875597815,0.23427792272787404,0.0004943858563205718,0.0004019836841385267,0.00043453498217993725
AT1G14920,0,0.01764705882352941,0.01587581960300975,0.12739609258428156,0.2798598933873746,0.015163310041262602,0.0022858067136687396,0.0005054114064029941
AT1G32230,0,0.004498269896193771,0.0036614467695893806,0.008751532322152197,0.23045644324522635,0.003779787464632998,0.0007534076791527826,0.0004491354016264858
AT2G01570,0,0.014186851211072663,0.007410638145108304,0.0987082000349594,0.2705987285817273,0.00693486649104647,0.001738508222578945,0.0005018975432939105
AT2G17410,0,0.0006920415224913495,0.00013776901194336068,0.0026634933971217104,0.2284893846550829,0.00014717781814016856,0.00016518124002857403,0.0002959977045451283
AT3G17609,0,0.0034602076124567475,0.0002148100034175844,0.020185649656187462,0.23267034320320887,0.00024964698987631597,0.0004393325781945545,0.00044947525532815257
AT3G21150,0,0.005190311418685121,0.003302064171407602,0.04439288140662047,0.25979025959863855,0.003236660247107227,0.0007190379686614984,0.00046794973314679035
AT1G06070,0,0.00034602076124567473,0.0,0.0006071961327405677,0.19625612372365125,0.0,0.00011264363236785345,0.00018323249350600806
AT1G43700,0,0.002422145328719723,0.0019155638307009615,0.013464771462088528,0.24815445464588923,0.001986519130096703,0.0004290474107830624,0.0003639609772720406
AT1G06110,0,0.0006920415224913495,3.758905327478451e-07,0.0008139248249491857,0.1822217577537312,5.628459808555878e-07,0.000125686103843663,0.0002944748585848091
AT1G20140,0,0.004844290657439446,0.0004597662450330839,0.00704688691108858,0.2143532409989104,0.0004961820416816611,0.0006053568322870502,0.0004605236375774053
AT5G42190,0,0.008650519031141867,0.001563317198820742,0.011001256227508183,0.2242976584239789,0.001612413335480642,0.0010926279560370784,0.0004821987833473626
AT1G06400,0,0.0006920415224913495,0.00019174453657219313,3.129954948408975e-05,0.18061696386442277,0.0002221434016275289,0.0002160546985285478,0.00024922980971039
AT2G23070,0,0.001038062283737024,0.0007974307164412384,0.000609458152635374,0.21814092050189338,0.0008165246362534609,0.0002621861966824517,0.0003138531317954517
AT4G17720,0,0.002422145328719723,0.002140934595742198,8.453036126247568e-05,0.18239165539776755,0.0021781576048506323,0.0007391108330145776,0.00032303263110055594
AT1G06460,0,0.001038062283737024,7.72561043430491e-05,0.005193040253819834,0.2290656504423593,9.975762941476621e-05,0.00020596417661428973,0.00034124904994414963
AT4G35250,0,0.0017301038062283738,0.0021737475177034775,0.014848938829720175,0.25156660908211226,0.002088359307397978,0.0003540905707839645,0.00038689660856580226
AT5G38420,0,0.005190311418685121,0.010948858746076701,0.05277616359347328,0.26315054337862925,0.01081442129493952,0.000836050085234288,0.00046672112337439893
AT1G06530,0,0.001038062283737024,0.0,2.24340590204753e-46,0.00034602076124567473,0.0,0.0003459010722933241,0.0
AT3G58840,0,0.001038062283737024,0.0,2.24340590204753e-46,0.00034602076124567473,0.0,0.0003459010722933241,0.0
AT1G06680,0,0.002076124567474048,0.0028215140798841065,0.003361740272517142,0.23863065132880482,0.002875993793978799,0.00048738491065749895,0.00038750842867691726
AT1G21250,0,0.0006920415224913495,0.0006491632142442219,0.000151918033020398,0.19027959979132605,0.0006491632142442219,0.0002596783313209748,0.00018908635070045727
AT1G67700,0,0.0006920415224913495,0.00017614225546572158,0.0001557425361637709,0.191022823646892,0.00020295077025469545,0.0001961930687128105,0.00025776692786165343
AT4G11660,0,0.002768166089965398,0.0008888645052105646,0.015042547785709829,0.22100346321465827,0.0008972012669896857,0.000394552124128448,0.0003989949392334398
AT1G06700,0,0.00034602076124567473,0.0,0.0004533315641290342,0.18737745735419045,0.0,0.00011831504819689521,0.00017655905304106588
AT3G25250,0,0.0017301038062283738,0.0013037899657856412,0.010052605211324455,0.2341269426635125,0.0013021320928168296,0.00039085845370865854,0.0003385438175810785
AT1G06790,0,0.001384083044982699,5.956563353748244e-05,0.0004723961860912234,0.19073628224788666,7.472475281509528e-05,0.00024553261655582703,0.00034142456546098614
AT1G11430,0,0.004152249134948096,0.0011506300452443503,0.00401213159065469,0.22006635957174392,0.001156032490428431,0.000549064938619961,0.0004205207673963356
AT2G33430,0,0.004152249134948096,0.0017464179256478968,0.004713307389957478,0.22597181901644506,0.0017638212691101609,0.0005452600517126779,0.0004254288992344331
AT4G20020,0,0.0034602076124567475,4.328892377126545e-05,0.0009709231634863611,0.19733738272763815,5.6837461746197245e-05,0.00045767139254100804,0.00039522116257728184
AT5G62950,0,0.0006920415224913495,0.00010980498532232832,0.0007791720956420195,0.2003692760172607,0.00012570752003801007,0.00015497845083854028,0.0002802445160993269
AT1G06840,0,0.0031141868512110727,2.3722576046492737e-05,0.0007175993196519201,0.1978440058511804,2.1432715427040104e-05,0.00038076703474542795,0.00043991916749530483
AT2G26330,0,0.006228373702422145,0.00048912108764311,0.001227853005160575,0.21194156606476144,0.0005409284977001844,0.000706000673586397,0.00046919355684380275
AT2G27060,0,0.0034602076124567475,4.169735845846585e-05,0.0007664091498236209,0.19977115877541812,4.238822234178202e-05,0.0004302500728289669,0.0004460837339968019
AT3G02880,0,0.008650519031141867,0.0053642111494245194,0.006019558773445223,0.23154755997551424,0.00473833604600402,0.001071838423285479,0.0004871812870578814
AT3G08680,0,0.0031141868512110727,0.000214878711781893,0.0005805804888255249,0.20822785975690433,0.00022127525161541662,0.00041328006755042145,0.0004406529133413441
AT3G13380,0,0.004844290657439446,7.723970058061254e-05,0.0009032153639069691,0.20297604367555855,7.886943858888805e-05,0.0005456188296375825,0.00045552307582882184
AT3G14350,0,0.006228373702422145,0.0006271297018121308,0.0014945792216903653,0.2184594838253649,0.0006595440955237972,0.000733449483917494,0.0004732596785055114
AT3G17840,0,0.00795847750865052,0.0024769597072997035,0.0017047699611916392,0.2291895143485105,0.002383384378645907,0.0009762658481086662,0.00048057138330055536
AT4G22130,0,0.0058823529411764705,0.001712387271972977,0.0015910956962146754,0.2239618539155502,0.0018044768337812244,0.0007178304766992141,0.00047256201570363267
AT5G16590,0,0.00657439446366782,0.0024519631991230164,0.0016228216442671895,0.2303729369699314,0.002529194868880239,0.0008423560122401086,0.0004762439088392798
AT1G06950,0,0.00034602076124567473,0.0,3.518397515288328e-55,0.00034602076124567473,0.0,0.0003459010722933241,0.0
AT5G16620,0,0.00034602076124567473,0.0,3.518397515288328e-55,0.00034602076124567473,0.0,0.0003459010722933241,0.0
AT1G07000,0,0.0006920415224913495,5.4080372729943966e-05,5.712934191226117e-05,0.17517991673286992,6.0429842975220125e-05,0.0001685467690919891,0.00026194372431571645
AT3G07680,0,0.001038062283737024,0.0005526704808245894,0.0006605708619310866,0.1967267619100389,0.0006273637201314634,0.00019458280637092237,0.00032348903355304407
AT3G52450,0,0.0031141868512110727,0.0016735115292259703,0.0006021471110273871,0.20778550953599745,0.0017280170890901908,0.000578854344104512,0.00037955007804450525
AT1G07130,0,0.00034602076124567473,0.0,0.0011183074923779058,0.19872523647816462,0.0,0.00011001170232270198,0.0002091109201081737
AT2G05210,0,0.011418685121107266,0.010934730537913228,0.024799033488702465,0.25211528216626083,0.01116585812982508,0.0022606067001964725,0.00048259030837555976
AT1G07140,0,0.001038062283737024,3.15921569155701e-05,3.798264204154317e-05,0.16290352003145683,4.2818879263698785e-05,0.00026808927254235354,0.00027969107971229925
AT5G20010,0,0.002422145328719723,0.0023910079537962513,0.0002819837946116133,0.1837357742367656,0.002405613222657462,0.0006154608209954295,0.00033005109571848396
AT5G20020,0,0.001038062283737024,0.0001075362705525285,7.018088960056764e-05,0.17081453863588614,0.00011966405971474869,0.0002647048373429871,0.0002764502926514964
AT5G55190,0,0.0017301038062283738,0.000963542331949157,0.000490116898160454,0.19145425364835297,0.0009980913734731957,0.0003924722388235698,0.00034800011016711155
AT1G07310,0,0.0006920415224913495,0.00021302089703877984,0.0029777341545704195,0.231969976394333,0.00024169074599589413,0.00016651735276280685,0.0003010805772020534
AT3G29160,0,0.007612456747404844,0.00938400286567079,0.022843919725695275,0.26107040870660847,0.009557156026223484,0.001140023794125734,0.00048123147752527663
AT1G07360,0,0.0031141868512110727,5.046173254734348e-05,0.06853204482846434,0.2504024075631226,4.763533195531417e-05,0.000374264144870776,0.00044866562592643
AT4G04885,0,0.005190311418685121,0.0008183536114368758,0.039573273574747596,0.22659599493995122,0.0008472748038531712,0.0006248496125191135,0.00046038029396601904
AT5G61380,0,0.010726643598615917,0.0046572395983169096,0.09485554368538987,0.26631970376071556,0.004566179487076153,0.0012558963146975884,0.000494470517330997
AT1G07370,0,0.0017301038062283738,0.0026470750261515506,0.002243437578056878,0.23091681205948175,0.002655050226094337,0.0004224608889580754,0.00034752649026283865
AT2G29570,0,0.001038062283737024,6.744087588498615e-05,0.0003742152021954103,0.20055889993778178,9.006452575398395e-05,0.0002643189578203813,0.0002900534522247182
AT5G03240,0,0.005536332179930796,0.009122448613130898,0.005936625831027577,0.24573261679496305,0.009152662837507507,0.0010544863818881458,0.00046116157031807025
AT5G22750,0,0.0006920415224913495,0.0,0.00011805383523745356,0.18532916857681625,0.0,0.0001988203069167166,0.00023763943237418682
AT5G24330,0,0.001038062283737024,0.0013671114076259845,0.0001358330392011025,0.19378852786794734,0.001377453853671104,0.0002991346741335802,0.00026732395213797055
AT1G07400,0,0.0006920415224913495,0.00021575997135086456,0.0012502299937226973,0.20844974190254695,0.0002572577831513714,0.00016174586371879893,0.0002906029885080365
AT1G07480,0,0.00034602076124567473,0.0,0.0007190602769107869,0.20525317604609142,0.0,0.00013492130175167866,0.00021116138453827887
AT1G07530,0,0.0006920415224913495,9.013027889478793e-05,0.0014121732243613197,0.20263640248693807,0.00010572617190643773,0.00014035091816489207,0.0002915886647100095
AT5G06950,0,0.002768166089965398,0.0010703919905266156,0.009240617919110121,0.224001308130985,0.0011402871807505816,0.0004886969299021528,0.0004080182505189606
AT5G37780,0,0.014186851211072663,0.00968974477098012,0.02207146915363642,0.2505504286907461,0.009215961862596449,0.0017665553974799627,0.000497798804879355
AT1G07570,0,0.00034602076124567473,0.0,0.0024767561088365983,0.20640263381308926,0.0,9.03682995308805e-05,0.00021223770920319625
AT1G59580,0,0.014532871972318338,0.00604239664540041,0.05492253287765435,0.26460169089700064,0.005999697585565813,0.0018572813250393833,0.0004995758483087925
AT1G07590,0,0.00034602076124567473,0.0,0.00035056536136390825,0.20393639544595613,0.0,0.00013233419278316601,0.0002119181147067356
AT1G07650,0,0.004498269896193771,0.004142422282258497,0.0012299880347239735,0.2281409214327687,0.004069357278703831,0.0006219480372457429,0.00046268027316529137
AT1G34470,0,0.002076124567474048,0.0006983274697965376,0.00047787174958789647,0.21672804254398098,0.0007354449576613179,0.0003401864824567919,0.0004083936266540799
AT1G48480,0,0.004152249134948096,0.001460217888316798,0.0010165091659315754,0.22212305452101255,0.0015539535865347954,0.0005380609658581096,0.000446657302544385
AT3G24240,0,0.002076124567474048,5.393321383541718e-05,0.0005033583703239928,0.1972761501210979,5.781049688697927e-05,0.0002812654637646063,0.0004094372029021776
AT4G20270,0,0.004152249134948096,0.0004377664164119674,0.0008549920450436463,0.21288187269471562,0.00048433483866237674,0.000526924933678753,0.0004537309313206112
AT4G28650,0,0.004498269896193771,0.0014970606509310971,0.0011327746936150565,0.21682043236516946,0.0014999948757401752,0.0006104524750642745,0.00045676235962809633
AT5G65700,0,0.00795847750865052,0.001358028743774606,0.0015905212551238011,0.21872252956145805,0.001360128048724358,0.0009659299981926284,0.000480672023926865
AT1G07660,0,0.00034602076124567473,0.0,3.518397515288328e-55,0.00034602076124567473,0.0,0.0003459010722933241,0.0
AT4G31120,0,0.00034602076124567473,0.0,3.518397515288328e-55,0.00034602076124567473,0.0,0.0003459010722933241,0.0
AT1G07770,0,0.00034602076124567473,0.0,0.0007190602769107869,0.20525317604609142,0.0,0.00013492130175167866,0.00021116138453827895
AT1G07890,0,0.001384083044982699,0.0012582986492856209,0.002386109237800021,0.23505747769766824,0.0013014637286729088,0.00030227634007269264,0.0003768739705047067
AT1G48410,0,0.003806228373702422,0.004180908090468058,0.004505741506299602,0.24268411596632056,0.004689145785303927,0.000761942237591549,0.00043819836145178045
AT3G21630,0,0.01314878892733564,0.02202114938964223,0.010149288504382924,0.26637549504672386,0.022727052563050715,0.002858787266248738,0.00048424230582207395
AT5G42980,0,0.0034602076124567475,0.0042183098814118,0.0020120376829805605,0.23022694651557785,0.004317553029593734,0.0006442296517768736,0.0004266438069667984
AT1G07940,0,0.00034602076124567473,0.0,0.00013771998727084595,0.1837490499429966,0.0,0.00012637682167612515,0.00020215563207038727
AT3G54170,0,0.008304498269896193,0.009119830836590955,0.0030539946627536527,0.2284893846550829,0.009333148744844038,0.0020275062416630902,0.000447090455261318
AT1G07980,0,0.002076124567474048,0.0008507936075291801,0.012549888052664599,0.2446216671037969,0.0008964541459014607,0.000308989085715809,0.0004156663715574229
AT2G27470,0,0.002076124567474048,4.408225062973809e-05,0.011120062701530707,0.22449566130041249,4.799572462424183e-05,0.0002755096065193434,0.0004141609425078251
AT4G14540,0,0.004844290657439446,0.000533175081311298,0.02003227010278437,0.22404077624976415,0.0005837644338091882,0.0006125700592864157,0.0004610724261482876
AT5G06160,0,0.0058823529411764705,0.005292705513251151,0.07454041332378995,0.26479454927228996,0.005146798296054021,0.0007364651838153268,0.00047893754793961715
AT5G47640,0,0.006228373702422145,0.002145748130292801,0.042042437586949914,0.2524907517088039,0.0020575353933164043,0.000754759614406503,0.0004772014280165153
AT1G08070,0,0.0006920415224913495,0.0005349669450319538,0.0007531030608023222,0.20916983477636722,0.0006558902165589733,0.00021484930779898704,0.0002745000624720404
AT5G17790,0,0.001384083044982699,0.0022590043777956253,0.0007548244915200629,0.202733326786597,0.0023194852965454996,0.00037745989264742334,0.0003065941300774561
AT1G08140,0,0.001038062283737024,0.000314587440724054,0.00029354080499800647,0.20768369548477525,0.0003650689395795945,0.00019639212499885964,0.0003418282133529586
AT3G10640,0,0.01972318339100346,0.02773011684683801,0.003371114917386972,0.25620459915485316,0.027686859298923495,0.0034764322163970446,0.000499518925700689
AT4G18780,0,0.0034602076124567475,0.00012380418966332672,6.907623168117662e-05,0.17969805336426461,0.00019078724648004377,0.000495062046692826,0.0003844371822769611
AT1G08200,0,0.0006920415224913495,2.7308104865654904e-05,0.0023198462585164886,0.22653544015776528,2.5126341088556623e-05,0.0001833893238688325,0.0003001132971536905
AT3G18130,0,0.007612456747404844,0.006422793717796175,0.015197773174082914,0.26388781272295037,0.006405961585914829,0.0015604188093070281,0.00047229315910091526
AT1G08290,0,0.001038062283737024,0.0014775471825498277,0.011032023926034643,0.21995215803589974,0.001415028205152914,0.0002217695451461258,0.0003311412400555312
AT4G15560,0,0.0034602076124567475,0.0033407953966087295,0.000781930636124498,0.19511177314800313,0.0033619623980335744,0.0010079124874120286,0.00028139264502644945
AT1G26110,0,0.0017301038062283738,0.003924977132677818,0.00020093522021104296,0.18746033106376772,0.003819210862650303,0.0004735962949353043,0.0003198776867697417
AT3G13300,0,0.0006920415224913495,0.0005177444380425516,5.69603206549579e-05,0.16641060405778516,0.0006096156036307391,0.00023503465847578818,0.00021791410357861033
AT4G33200,0,0.0006920415224913495,0.0003579002129906803,4.807714422655294e-06,0.1556261459648169,0.0004285854110702022,0.00025903176555212295,0.00021638755758083064
AT5G20490,0,0.001384083044982699,0.0019467710118681889,5.397242095299299e-07,0.13535697526139412,0.0019467710118681889,0.0006306262416154452,0.0001481005523229406
AT1G08420,0,0.0006920415224913495,0.00011086893553075189,0.00010140170389878559,0.18473680453371152,0.0002250754160307205,0.0001791953049561975,0.00026096155613990397
AT4G33430,0,0.008996539792387542,0.004734175467149976,0.0021751997907693992,0.22985239074575856,0.004845588408414563,0.0011940680351610162,0.0004806390388295661
AT1G08460,0,0.001038062283737024,0.0,2.898006968584334e-49,0.00034602076124567473,0.0,0.0004490645589673868,0.0
AT2G46040,0,0.00034602076124567473,0.0,1.7910668062191675e-49,0.00034602076124567473,0.0,0.00024273758561926142,0.0
AT1G08480,0,0.00034602076124567473,0.0,0.0002669634698395672,0.1895703951704117,0.0,0.00011981253084557875,0.00019368426202679047
AT5G14240,0,0.0034602076124567475,0.004193421226839557,0.005919936126028597,0.23756065868389284,0.004367619477823055,0.000800091020524496,0.000407657087415538
AT1G08560,0,0.001038062283737024,0.001670324170596637,0.00016797512407250835,0.1975519965207079,0.001718131872630787,0.00025342364171577705,0.0002976310451841027
AT5G61210,0,0.001384083044982699,0.00027276684464629596,1.0959488850299167e-05,0.1688748822107094,0.0003409745570984947,0.00034466818850097136,0.00029531858749413546
AT5G13530,0,0.0031141868512110727,0.0020623455768236654,0.006154675505506112,0.2289419203466936,0.0020970577205218503,0.0004795315654579857,0.0004072871552371564
AT3G24650,0,0.004152249134948096,0.004216661932723119,0.019369354039047937,0.2449751325701833,0.004230419540851066,0.0006823304728549232,0.0004491219743631209
AT1G08800,0,0.00034602076124567473,0.0,2.4339330692744824e-08,0.11829411346223243,0.0,0.00018537102365874097,0.00010568401074079481
AT1G08820,0,0.0006920415224913495,3.235746061951847e-05,0.0006358688094182498,0.21471520189218785,3.7051641630938296e-05,0.00017791413059309723,0.000288845106120089
AT1G08830,0,0.001038062283737024,0.0008055916943461813,0.002096445665058165,0.23016443580514734,0.0007777767624267436,0.00030667592925740883,0.00030162318293377826
AT3G14990,0,0.00034602076124567473,0.0,9.45408473934932e-05,0.1848307908431625,0.0,0.00013946090083205955,0.00016596422241508434
AT1G08970,0,0.012110726643598616,0.004479923465952913,0.12366360922676842,0.2753748620694177,0.004139733756982039,0.0013656454716790194,0.0005001633083192955
AT1G09030,0,0.003806228373702422,0.00019181898161465958,0.023698734954966206,0.2283662761504196,0.0002063100252286785,0.00046061697013259606,0.000453216723431017
AT1G17590,0,0.003806228373702422,0.00035644295677707483,0.05170882415944924,0.2502053179074255,0.00035444746061137275,0.00045979351984883033,0.00045736948396508085
AT1G48500,0,0.0058823529411764705,0.0003546533966317578,0.0436090961203008,0.24817867192457038,0.0003503379909950902,0.0006171906483117973,0.0004722680797082028
AT2G24790,0,0.0031141868512110727,0.00028654083104163807,0.02667597687094995,0.23811674636807798,0.0002654438657556353,0.0003855725784269072,0.0004476801621771651
AT2G33500,0,0.0031141868512110727,0.0008650674862841635,0.02375161410944119,0.24333430783763016,0.0008829673307556648,0.00040666480636383155,0.0004478214016485639
AT2G34720,0,0.004844290657439446,0.0016715937138701436,0.033387081019381266,0.24226796715357463,0.0017715985206954432,0.0006273889496211159,0.0004660856155182588
AT2G46790,0,0.0031141868512110727,6.879030810537177e-05,0.024481254626562064,0.2363463616367168,7.360238079625387e-05,0.00034167979403761344,0.0004298018625489952
AT3G03450,0,0.00657439446366782,0.001527620983999294,0.052460128883706235,0.25820762018591464,0.0015075742196881245,0.000804561420419803,0.00048092292105416415
AT3G05690,0,0.005536332179930796,0.001307768621938723,0.07010965022270467,0.25438500062129366,0.0012014548093868273,0.0006378073142157535,0.0004764163053356339
AT3G21175,0,0.007266435986159169,0.006317267141204686,0.05551518437019719,0.264107056933334,0.006199469529330251,0.0009260801642558693,0.00048210146302099716
AT3G45640,0,0.024567474048442905,0.035538687382684724,0.11424684928693155,0.29244329015766707,0.034552471817490264,0.0032972320459330492,0.0005095701476300708
AT4G01370,0,0.02110726643598616,0.015461425975538375,0.08774933258786273,0.2765427197924176,0.015054674780564646,0.002711224014726243,0.0005072753403129272
AT4G14713,0,0.0034602076124567475,0.0012291964714960218,0.01846999559029352,0.23961998032705858,0.0012246586895308669,0.0005185853941317668,0.0004466299536567562
AT4G14720,0,0.004844290657439446,0.000676661450533428,0.03111784078620552,0.24549540025205838,0.0007310032062395045,0.0005859438341876406,0.0004602170237707686
AT4G18960,0,0.003806228373702422,0.00016731032863559866,0.01953834369812573,0.22675763274285088,0.00020230996911837696,0.00045252851683241075,0.0004383038958746515
AT4G20380,0,0.005190311418685121,0.005938348040273044,0.06975206718857016,0.262878525037324,0.005453392779665698,0.0006695586618887431,0.0004659119859269891
AT5G15850,0,0.002768166089965398,0.000271694471559463,0.023341883467621956,0.232330244035362,0.00027343188793975095,0.00032656697505996607,0.0004395682013744347
AT5G24930,0,0.0017301038062283738,0.0018036021896642043,0.009741741182997218,0.2174693732863924,0.001775378102351332,0.00030544565415972465,0.0003873760258115677
AT5G59570,0,0.002076124567474048,0.00020483186634937087,0.03611751035002686,0.2535986090158629,0.0001815281330855366,0.0002744677927965899,0.00041968383160024023
AT1G09000,0,0.0006920415224913495,0.0,7.393976388895441e-05,0.1683940439154465,0.0,0.0001877172992039266,0.00021344651839407886
AT1G18370,0,0.0006920415224913495,0.0,7.393976388895441e-05,0.1683940439154465,0.0,0.0001877172992039266,0.00021344651839407894
AT1G71880,0,0.0017301038062283738,0.0016479903546613673,0.0015596239785743782,0.2052034899710379,0.001672903657501167,0.00032979617903962583,0.00034734109701769366
AT1G09020,0,0.00657439446366782,0.003018786811079343,0.009845368904534408,0.2407770167781739,0.002874572112815688,0.0009533112769724944,0.0004748684307644098
AT1G58270,0,0.001384083044982699,3.683111418903257e-05,0.0020727284276886755,0.20807452554500677,3.791651345224318e-05,0.00022903493145375958,0.000373999236380172
AT2G22430,0,0.002768166089965398,9.007914335397538e-05,0.005075512297268555,0.23056091126120334,8.128050960137051e-05,0.0003946247865065823,0.00043660662173398626
AT2G30360,0,0.007266435986159169,0.006163738475558715,0.013898713037817322,0.26179605221444024,0.006270460127829082,0.0009502835663960854,0.0004805602271689247
AT2G36270,0,0.013494809688581315,0.022269205071718087,0.0528166082757021,0.277236111545958,0.02156088784459578,0.0018549833752731868,0.0004987530394351615
AT2G38310,0,0.003806228373702422,0.0005237152818053559,0.005717998231279129,0.21801001724912755,0.0005733230328829227,0.0005112465560085063,0.00045273991218537993
AT2G38940,0,0.002076124567474048,0.0006509482958468099,0.0010160934338969232,0.196225837284805,0.0006504930354046875,0.00031720872874397286,0.00034286046000965955
AT2G39050,0,0.002076124567474048,0.0005115288709581627,0.003241223963778184,0.22840729757599001,0.0005582850651411875,0.00034534652843070085,0.00040915638577429823
AT4G16360,0,0.00657439446366782,0.00425464417601397,0.008856289400998973,0.24236032128190915,0.0040784443566602695,0.0009738092511320964,0.00047527627186183497
AT4G23570,0,0.002422145328719723,0.0013079114381982573,0.004591633639510901,0.23341779267655555,0.0013617991095956497,0.00041080726474135906,0.0004227591257899906
AT4G25670,0,0.001038062283737024,0.00015168631778398836,0.0036720158140761175,0.22274562943076753,0.00014639815923349353,0.00017936465983018647,0.00034971824063073236
AT4G34000,0,0.006228373702422145,0.0018360571414317373,0.020041028307222427,0.24556651711192282,0.0018416539153084798,0.0007609473493982271,0.0004747311758117807
AT5G01820,0,0.00795847750865052,0.005068526067428458,0.011901371411386424,0.25159149695400407,0.005064302122959624,0.0012041670882132198,0.00047585285279366877
AT5G21170,0,0.004844290657439446,0.0021555690967749418,0.002763672875124006,0.2275489308528161,0.002383405239628031,0.000774226781478411,0.00045686568295308854
AT5G52310,0,0.00034602076124567473,0.0,0.0004440303112111688,0.19161293333416762,0.0,9.452784559195842e-05,0.00020764781643421267
AT2G25620,0,0.00657439446366782,0.0037938840363436863,0.08081794816634205,0.2621468767354987,0.0037949054328784947,0.0008422643297370714,0.0004812771831981064
AT5G27910,0,0.006920415224913495,0.002173299527183396,0.06555739595408035,0.26388781272295037,0.002098409463972825,0.0008325553056114474,0.00048418296534291416
AT5G50470,0,0.0017301038062283738,3.729230059867138e-05,0.0076789604312209195,0.21311378959281596,5.661275982672941e-05,0.00024266525178499577,0.00039170097786469566
AT5G50480,0,0.002422145328719723,5.360397701076222e-05,0.016018942349336283,0.22883891399361764,5.585548687041946e-05,0.00030775687718181434,0.00042624318153981793
AT5G50490,0,0.001038062283737024,8.423687923622296e-08,0.003867945966763726,0.1999439304356532,8.960201750896915e-08,0.0001602448721878671,0.00034176405066078307
AT5G63470,0,0.005536332179930796,0.0007630927476488142,0.03173911158051018,0.24370741266996385,0.0007730668937459534,0.0006562901135155402,0.0004744927215451047
AT1G09060,0,0.00034602076124567473,0.0,3.5260871189168655e-05,0.16152736605761386,0.0,0.0001468203817969,0.00015964869229143078
AT1G09070,0,0.0006920415224913495,0.00019907494856475895,0.001669261152646114,0.2250121085835315,0.000210692484643462,0.0001847486470538302,0.00027944106855561356
AT1G64060,0,0.001038062283737024,4.312261056808142e-05,0.0007710507621792284,0.2049554199879975,5.445920968576162e-05,0.00021697032845934233,0.00032162714092634346
AT1G09080,0,0.00034602076124567473,0.0,4.008746980985333e-06,0.15292163867775543,0.0,0.0001782568198816805,0.00011196262355428656
AT3G08970,0,0.0006920415224913495,0.0006491632142442217,8.888453110869642e-05,0.18269302092033568,0.000649163214244222,0.0003000472679991708,0.00016073159749568168
AT1G09100,0,0.001038062283737024,5.0767022365264904e-05,0.00021272557720374835,0.18746033106376772,5.754157575811972e-05,0.000317157334320248,0.00027798568191996187
AT1G45000,0,0.0006920415224913495,0.0001543429759939371,0.0007286541289274601,0.2054521611901012,0.0001904916356970635,0.000223759215166204,0.0002679882240224111
AT4G29130,0,0.001038062283737024,0.00048674407526629737,0.0020311787771465158,0.22597181901644506,0.0005081692082448905,0.00027330957244660846,0.00031623897679975327
AT5G23940,0,0.0006920415224913495,0.0002570880716760394,0.001956991929108852,0.22437681764699777,0.00024320542773044842,0.00021135050428407876,0.0002691601238628522
AT1G09140,0,0.0031141868512110727,0.0002685921437862335,0.0010228153376973033,0.19243941363685757,0.0003339930833486945,0.0004722899825398135,0.000407819941154199
AT1G60650,0,0.002768166089965398,0.00090714626623509,0.002406439404462864,0.2047738828578044,0.0008576717680471009,0.0003863117740711084,0.0003918908754335082
AT2G24590,0,0.001384083044982699,0.0005588298777511524,0.0124995940626365,0.22471386862340487,0.0005873574215795615,0.00021129390098012838,0.00037197960135971754
AT3G50670,0,0.0031141868512110727,0.002113161675608361,0.0039938457095169,0.22152324487901331,0.0021878208644612444,0.0004920503477343946,0.00041857406545208603
AT3G61860,0,0.002076124567474048,4.005161137843505e-05,0.000795697151535377,0.19026536369976604,4.663693887912741e-05,0.0003209353831432626,0.0003814767071980731
AT5G04280,0,0.002422145328719723,7.713070075148749e-05,0.0002580759356696835,0.18042474999723823,9.962523628288163e-05,0.0003527391503642468,0.0003648212205885207
AT5G52040,0,0.0006920415224913495,1.3687240849199252e-06,0.00033436357905401465,0.17775123025170006,1.7789655595383425e-06,0.00013837952992288704,0.00027634096248860935
AT1G09180,0,0.0006920415224913495,8.977617677611298e-05,4.958465767764166e-05,0.18145464510960205,9.171274140237769e-05,0.00020817925170170368,0.0002615119227500845
AT1G47260,0,0.004152249134948096,0.004595279591794461,0.0007074360253295156,0.2092731115216485,0.004695959306750041,0.001040271996142016,0.0004058218206161998
AT5G02040,0,0.001038062283737024,0.0008094156029518082,0.0003908655489836298,0.20653673769276967,0.0008139409639576691,0.00028929630713383765,0.0003130756439176756
AT1G09200,0,0.00034602076124567473,0.0,0.001104570303192051,0.19654431186421462,0.0,0.00010008382559462172,0.00019861376339339994
AT1G09210,0,0.00034602076124567473,0.0,0.0019473980770921785,0.2242976584239789,0.0,0.00012251259086955345,0.00021377721298793782
AT1G09270,0,0.0006920415224913495,8.786532089961977e-05,0.0015323348115100627,0.21008565478819272,8.067519217311878e-05,0.00016393873090221904,0.00029476085734745424
AT1G09330,0,0.00034602076124567473,0.0,5.307096905870443e-05,0.17043675700094316,0.0,0.0001070004929341108,0.00019303323462575235
AT1G09340,0,0.00034602076124567473,0.0,3.518397515288328e-55,0.00034602076124567473,0.0,0.0003459010722933241,0.0
AT1G10522,0,0.00034602076124567473,0.0,3.518397515288328e-55,0.00034602076124567473,0.0,0.0003459010722933241,0.0
AT1G09570,0,0.006920415224913495,0.0018134427978341277,0.011963046506441668,0.2271221622944604,0.0018760834305692885,0.0009040859767464476,0.0004729390977078932
AT1G21700,0,0.011072664359861591,0.004660006334538266,0.07542311516214929,0.25918129343773677,0.004555692223920523,0.001318351596486175,0.0004970382963335674
AT1G80840,0,0.004152249134948096,0.0004217400618739054,0.01514326733998637,0.23389008104580822,0.0004706277630741817,0.0004842112459948986,0.000449647820720439
AT2G34640,0,0.0031141868512110727,0.0006673101640305031,0.009940004979621005,0.217860605774957,0.0006673250860878558,0.00043770656661724493,0.00043589951466221504
AT3G18520,0,0.001384083044982699,0.0005256530693532634,0.0033233544448072073,0.21151849382109897,0.0005963830847018926,0.00021355158807612084,0.0003754555358703915
AT4G31800,0,0.004152249134948096,0.001848284489043618,0.019551364751216323,0.24291592809352114,0.0019358360970004361,0.0005078640780590983,0.0004514639459253946
AT4G37710,0,0.0034602076124567475,0.0006892506820536915,0.006743256751508649,0.22169704918586636,0.0007499783994644909,0.0005229795387435392,0.00041157134609933485
AT1G52240,0,0.003806228373702422,0.008256596126642696,0.01590851463733804,0.24578011512622722,0.008240205950813009,0.0007222109045319949,0.000438428384956833
AT2G02950,0,0.0017301038062283738,0.00042157341869607386,0.003235349919017817,0.2254309769711083,0.0004402633640738142,0.0003050324274805466,0.0003931015107158911
AT2G37680,0,0.001384083044982699,0.0,0.0006926759852741206,0.18312715858076423,0.0,0.00018877587647681202,0.0002820137829814322
AT2G42810,0,0.001038062283737024,0.0006548246671795402,0.0019415435617379081,0.20138476807183028,0.0006539016694803639,0.00023722166729785242,0.0002982775459581262
AT2G46370,0,0.0017301038062283738,8.241635425375608e-05,0.0019223340428178785,0.20162426474360365,0.00010102834173546319,0.00024705257158044106,0.00033589341878210023
AT3G33520,0,0.001384083044982699,8.891348142820564e-05,0.0022360593068000045,0.20815968332741858,9.590803599071204e-05,0.0002468155481074874,0.0003650877016435346
AT4G08920,0,0.004152249134948096,0.0005788133283868597,0.018711647380051027,0.23275552363271762,0.0005820571680410313,0.0004891862836191589,0.00045263578753472494
AT5G37055,0,0.002768166089965398,0.002399361312059286,0.0061197548096460245,0.2359516469856256,0.002489937054621351,0.00045705329509631524,0.000429932061522168
AT5G63310,0,0.005536332179930796,0.005267477594293406,0.025853630015076855,0.25760604246465485,0.005089629723728211,0.0007213206434076133,0.00047043000626174376
AT1G09590,0,0.0006920415224913495,0.000576894340993781,0.001985055488428943,0.23260649878451228,0.0004996398473579307,0.00020393917173223364,0.0003029663187745449
AT1G09630,0,0.00034602076124567473,0.0,3.814857460457786e-06,0.15271043362823952,0.0,0.00014170820219755974,0.00017224563109998598
AT1G50670,0,0.00034602076124567473,0.0,0.0002807709476969983,0.19146866821345226,0.0,0.00010879677228091078,0.00019788202815085003
AT2G21620,0,0.0017301038062283738,0.0006480688241952867,0.0010268090016895897,0.22146537065323285,0.0007236006796492981,0.000386216444577514,0.00038865663412483475
AT3G18035,0,0.0017301038062283738,0.0014225497210907814,0.00047517836022650854,0.1996927248693422,0.0014442095619101813,0.00046541375622592197,0.00032314268491483763
AT4G21670,0,0.002422145328719723,0.0026567475892968623,0.001126288410161216,0.21887312601868256,0.002823084608940529,0.00047845320959082527,0.0004145641554007045
AT1G09760,0,0.0006920415224913495,5.489178475384759e-05,0.0025280402484096323,0.22567103125486493,6.376753839929806e-05,0.00018764324929145521,0.00028029610109914905
AT2G30260,0,0.001038062283737024,0.0003192030179742611,0.012876055601405772,0.234948896083802,0.0003264114695138346,0.00023032705630459272,0.00032859002643842043
AT1G09770,0,0.002076124567474048,0.0009517101247223412,0.01630637362367955,0.24377749724032524,0.0009518631386938498,0.00032069504728699915,0.0004173438131762505
AT1G30860,0,0.0031141868512110727,0.002266408718409534,0.0018464707302264082,0.22012350482221696,0.0023744148674933727,0.0006314277628609622,0.0004151627765351115
AT1G09840,0,0.001038062283737024,0.00045619487817545785,0.0010587060201389927,0.20406731272757767,0.0004927921653443254,0.0002046643421106024,0.00032622382505105785
AT2G31880,0,0.004844290657439446,0.0013983405289584904,0.0012821442833803297,0.21687590407735569,0.0013974107660701019,0.0006928728840509744,0.0004606902886272771
AT4G26090,0,0.001038062283737024,0.0006654538409565814,0.00011995172428129392,0.18469655394081436,0.0006742368046458466,0.00026184139034112603,0.00027661448244144845
AT1G09960,0,0.001384083044982699,0.00034474483262843063,0.00021836720382212876,0.20310573046969674,0.00041091291889683735,0.0002714394151328805,0.00035413739766989156
AT1G22710,0,0.0017301038062283738,0.001727626910915529,0.0007311112403894136,0.20663743001633808,0.0018563518092245231,0.00022970676973926908,0.00033960081476458275
AT2G24170,0,0.001038062283737024,7.169917761906478e-05,0.00018898311136442613,0.19698581341681431,8.232307796091213e-05,0.00020101370367414702,0.00033454365110846193
AT5G53560,0,0.0017301038062283738,0.0004104583618206495,0.00021648855764375526,0.20149646234142088,0.0004677145157146084,0.0003484277437314356,0.0003748449073547344
AT1G09970,0,0.005536332179930796,0.0005687660677874193,0.0013060031763937234,0.21553410045012908,0.0005470732494382076,0.0006833676743663601,0.0004688289768979206
AT1G14390,0,0.004844290657439446,0.0008919229484940102,0.001393921220444763,0.21919383306421936,0.0008676785650270759,0.0006265142993583573,0.00046468824572017245
AT1G53440,0,0.001038062283737024,1.926216622639267e-06,0.00018091209835895703,0.18645698740458044,2.361443629389938e-06,0.00016443410585035794,0.0003439925456609588
AT1G67720,0,0.004152249134948096,0.005054787809562359,0.007229433241438401,0.24352071734282033,0.005148940163257293,0.0005352095650124584,0.0004580935653957453
AT1G73080,0,0.0031141868512110727,3.3444682716117675e-05,0.0007307394852164853,0.19827591230399758,3.217244993121324e-05,0.0003981189894065845,0.00043989183176668356
AT4G39400,0,0.007612456747404844,0.005489757863634193,0.0014388126818851838,0.22008540469156837,0.005399550177085451,0.0010813112599879296,0.0004712241328654113
AT5G07280,0,0.0034602076124567475,0.000729192828813556,0.0009501760703892327,0.20763282586635146,0.000743962596344865,0.0004720168145964077,0.0004382817863623661
AT5G10290,0,0.0058823529411764705,0.0027575275178135725,0.0013315306413473336,0.23014360644444098,0.0027377615646613975,0.0008232467211966388,0.0004709437129044029
AT5G20480,0,0.0034602076124567475,4.741020724477866e-05,0.0006117072489051648,0.1956822754086698,4.4468433723098135e-05,0.00042986568748202604,0.0004462828975340826
AT5G41180,0,0.002076124567474048,1.389873476279403e-05,0.0002942917555237721,0.18446879814384687,1.1590494988918043e-05,0.00028536660830955665,0.0004086338165456314
AT5G46330,0,0.010726643598615917,0.006458748049892379,0.001595537908520505,0.22160045758200356,0.006498883731820554,0.0015834069729898808,0.00048267125630102814
AT5G48380,0,0.009688581314878892,0.0063294981960624825,0.002135539178865491,0.23946203872044003,0.006290065465430417,0.001220292454542667,0.0004873778915627069
AT5G49760,0,0.0034602076124567475,0.0010267015812990496,0.005260352979468576,0.21966717208353395,0.0008581303683936171,0.00041722837102945354,0.00045255714008830215
AT1G10070,0,0.00034602076124567473,0.0,0.0010844823760998384,0.19980254959232188,0.0,9.066894678800178e-05,0.00021197708784992088
AT1G10180,0,0.00034602076124567473,0.0,8.170212746753787e-05,0.1890911481307958,0.0,0.00010685981843637058,0.00020754178528424114
AT1G10200,0,0.0006920415224913495,0.0005948447280861503,0.003679723062677755,0.20778550953599745,0.0006694233524600437,0.00018448428088815446,0.00026728146005595017
AT1G10290,0,0.0017301038062283738,0.00026827180858042174,0.00020797289439244894,0.18117025370172207,0.00030717132114592037,0.0003518573522334629,0.0002710841741550215
AT1G23900,0,0.0006920415224913495,6.468014065081547e-05,9.698364682929559e-05,0.17698426134115613,7.872100597540994e-05,0.00019196410893503285,0.00024190032832288813
AT1G59610,0,0.0017301038062283738,9.214123350524124e-05,2.1987210355946158e-05,0.17048245969102854,0.00012742546704940912,0.00036235944871674587,0.00026207045546694025
AT4G18060,0,0.001038062283737024,0.0016007430327984857,0.004284974325139087,0.2195344312164255,0.0016439031657105206,0.00023478238676655179,0.00031996965410660343
AT1G10350,0,0.00034602076124567473,0.0,0.0019473980770921785,0.2242976584239789,0.0,0.00012251259086955345,0.00021377721298793798
AT1G10430,0,0.0006920415224913495,0.00046121946027770464,0.012663478038530572,0.232734222678784,0.0005708460036879005,0.00017131460443783864,0.00027965747138958275
AT5G53000,0,0.002076124567474048,0.002126705063211861,0.002995317924757346,0.2175810105416729,0.0021789223408939266,0.0005529752284732915,0.0003212350946918049
AT1G10470,0,0.0017301038062283738,0.0007684566095733351,0.004673090841089544,0.2341700599641872,0.0008640467424605511,0.0003033945184222292,0.00038999905797913075
AT3G21510,0,0.0034602076124567475,0.0032394314232759348,0.008464838286164013,0.2366102392269327,0.003265080530085,0.0006118045647840652,0.0004404290735664892
AT3G57670,0,0.0006920415224913495,1.875260459359092e-05,0.005320282518760307,0.212366334130361,2.386212908600648e-05,0.00014039473055468094,0.00028931993490794486
AT1G10480,0,0.002422145328719723,0.0001034093325378838,0.05518859235544502,0.2457088745131471,8.689918048004878e-05,0.0003055584675298146,0.00043108098198753857
AT1G69120,0,0.006920415224913495,0.0017033228676543476,0.07200622181215924,0.2635050099690263,0.001715503655941017,0.0007972521469050234,0.0004784469555682019
AT5G15210,0,0.004498269896193771,0.0012259793264605503,0.023610557036628878,0.2224533634719273,0.001148173352123511,0.0005577156782513664,0.0004426066714747304
AT1G10520,0,0.00034602076124567473,0.0,3.518397515288328e-55,0.00034602076124567473,0.0,0.0003459010722933241,0.0
AT5G57160,0,0.00034602076124567473,0.0,3.518397515288328e-55,0.00034602076124567473,0.0,0.0003459010722933241,0.0
AT1G10590,0,0.0006920415224913495,6.087083375843605e-05,0.0013224496414310646,0.19339063507308538,0.00011506711904767698,0.00018011440120453343,0.0002670374314439687
AT1G63970,0,0.001384083044982699,0.001349058088633025,0.0012855667612802222,0.20021152977571033,0.0013966524285502922,0.0003944809515409474,0.0002828979310501439
AT1G10690,0,0.00034602076124567473,0.0,0.0007094716853693003,0.18769553850550394,0.0,8.405881548621596e-05,0.00021142978466509848
AT1G10760,0,0.0006920415224913495,0.0013657213652543585,0.0021594058372911206,0.23051911269135902,0.0013793425521760338,0.00020525768074000487,0.0003022466917373241
AT1G10790,0,0.00034602076124567473,0.0,0.00015203055977761838,0.20125726901005642,0.0,0.00010368651155919589,0.00021222743482653714
AT1G10820,0,0.001384083044982699,0.0006491632142442219,0.00017751738779898534,0.16807130072110718,0.0006491632142442219,0.00035028608300488194,0.00015968634123515662
AT3G11280,0,0.001038062283737024,0.0013315550891912994,0.0037510269329412735,0.20470794906311462,0.001340623913256182,0.0002487841512280517,0.000281351222651549
AT5G58900,0,0.00034602076124567473,0.0,8.005067812638624e-06,0.14254172138395116,0.0,0.00015112205463938008,0.00011145443582979613
AT3G56150,0,0.002076124567474048,0.00028673264103393393,0.006472496589146168,0.23060272499193624,0.0003210438336579879,0.0003208023276462692,0.00040305537157756547
AT4G11420,0,0.001038062283737024,0.001086326683631145,0.0006515091296387074,0.2152057926048128,0.0011504178760475272,0.0002267280964133538,0.0003391995802915922
AT5G27640,0,0.0017301038062283738,0.0002909677633212918,0.013875582213375506,0.23628048417830277,0.0002715346317169367,0.00026564156807729045,0.00039608325967201223
AT1G10940,0,0.001038062283737024,0.00011657309658157627,0.003545651030887629,0.22134971287414681,0.00013374930057131253,0.00016921533014742785,0.0003447607495088098
AT3G44460,0,0.002768166089965398,0.0006641678427048279,0.017042296775212802,0.24401140387747774,0.0007416687265564529,0.0003643437106562158,0.00043742869314608953
AT4G02570,0,0.004498269896193771,0.0014981600007798795,0.008765245191626978,0.229168861062546,0.0015581432759423086,0.0005676334519687816,0.00046075744837912203
AT1G10960,0,0.00034602076124567473,0.0,0.012528402596786314,0.2315054029322779,0.0,9.311423389815507e-05,0.00021497820142274432
AT1G11310,0,0.002422145328719723,0.0003713192105127791,0.0004066667391261671,0.20751422694500798,0.0003775040451725936,0.00036196360854267543,0.00042207171195932173
AT2G19190,0,0.002422145328719723,0.0009368673299836527,0.0006851685714296161,0.2185721401986311,0.0009226629357956259,0.0003890610153087042,0.0004195801918869879
AT3G42640,0,0.001038062283737024,9.226819361963772e-05,0.0003290521859072605,0.2078364540054816,8.608073606909835e-05,0.00018985235183306055,0.0003475383708104066
AT5G16000,0,0.006920415224913495,0.00394007018447956,0.003145315267618177,0.21919383306421936,0.004112370949927483,0.0008793395137570611,0.00047125663839827877
AT5G16220,0,0.001038062283737024,0.0,4.045116092627132e-05,0.16968618477420916,0.0,0.0001601067290392189,0.00020352463074442515
AT1G11260,0,0.00034602076124567473,0.0,6.885007475002094e-06,0.16578141142184308,0.0,0.00015048222367508118,0.00013484492425004028
AT3G18480,0,0.001038062283737024,0.0019465314682466965,0.00015266692506863568,0.20135287816398043,0.0019465314682466965,0.0003476308052257236,0.00021249802228759192
AT1G31420,0,0.005536332179930796,0.0016602659214765894,0.0011148420144582905,0.2213882520424021,0.0017198590249963494,0.0007637387021270212,0.0004708601663698033
AT1G48270,0,0.0017301038062283738,0.000710796081618177,0.0014539378200716798,0.222531226042271,0.0007761772272827072,0.00030634114577373067,0.00039110197801764504
AT3G02130,0,0.004844290657439446,0.0012831010459474269,0.0009166328872669527,0.21643292350732535,0.0013311954561053222,0.0006855804558901696,0.00046201473331938694
AT4G35950,0,0.0031141868512110727,0.001437485237422524,0.0012346761279345738,0.21067739633924884,0.0015097410876800785,0.00047453557478895666,0.00043484619953810204
AT1G11330,0,0.0006920415224913495,1.6532068510931473e-05,0.00029042541817273426,0.20754809852371442,9.565656588661002e-06,0.00014965943062679143,0.0003014220475875307
AT1G32580,0,0.002768166089965398,0.0003414257190007798,0.0014649354794769552,0.20553518558240302,0.0003771713384011116,0.0004272271170195149,0.00040501002179673865
AT1G72530,0,0.002076124567474048,4.204641688910285e-06,0.0005782578356127918,0.1911664174405076,4.585412693285576e-06,0.0003165701476830397,0.0003741356939672774
AT2G35240,0,0.002076124567474048,4.204641688910285e-06,0.0005782578356127918,0.1911664174405076,4.585412693285576e-06,0.0003165701476830397,0.00037413569396727714
AT3G06790,0,0.0034602076124567475,0.0016234126034422546,0.007656763363648403,0.23045644324522635,0.001687578910765789,0.00051929521136858,0.0004371727783428402
AT3G15000,0,0.003806228373702422,0.0008517431411155812,0.001083379897229591,0.20388734476157083,0.0009053734819929677,0.0005492239234562413,0.00040019301154504543
AT1G11650,0,0.0017301038062283738,0.0016026457744311678,0.019402114082730532,0.24352071734282033,0.001610841696239139,0.0003067835023583599,0.00039066478416902186
AT2G28550,0,0.006228373702422145,0.0007433504083663474,0.04960299628542454,0.2440348192314627,0.000780207049034115,0.0007124253881031828,0.00048065152503001324
AT5G44500,0,0.0006920415224913495,7.350269183136952e-05,0.0008925928800150958,0.19827591230399758,0.00011422835366086049,0.0002031158566358799,0.0002489493710954156
AT1G11910,0,0.0017301038062283738,1.8352155228237395e-05,0.012091041411337234,0.22595174155584832,1.863432422899631e-05,0.0002705590365124123,0.0003956289185772772
AT2G35940,0,0.005536332179930796,0.0019174969622345291,0.027851473564599844,0.25102031894295457,0.0019981093000051918,0.0008034405140348576,0.00046008264487292254
AT4G32040,0,0.004152249134948096,0.003274674463776793,0.011008815187623304,0.24317143346826092,0.003395266866136587,0.0006155768054421808,0.0004431077626161529
AT5G11060,0,0.002076124567474048,0.00013065017814064766,0.013229682451897245,0.22744717388525829,0.00013414484326971303,0.00034145082619229045,0.00041191153978712244
AT5G25220,0,0.010034602076124567,0.006834965107891534,0.1069338050538745,0.2693662589991604,0.006597973370906786,0.0012479194729882325,0.0004954015538029355
AT1G12050,0,0.00034602076124567473,0.0,0.0016344901270650347,0.22392241359611453,0.0,0.0001234901397930662,0.00021448169141047998
AT1G12110,0,0.001384083044982699,0.0008352844247557724,0.00038446822326662877,0.21313165028587605,0.0008410261096760561,0.0002571180931129929,0.0003676687166222175
AT1G30270,0,0.0034602076124567475,0.0005704409919504661,0.0016065435630620993,0.2111146315134545,0.0005860971980561361,0.0004570866509328588,0.00042972084853264034
AT2G17290,0,0.001038062283737024,6.060102055077648e-05,0.00014951229533877254,0.1906076188885529,7.534303164741737e-05,0.00021744123808432026,0.00031912932415741475
AT1G12220,0,0.0006920415224913495,0.0007873378132280185,0.00042252261934547756,0.2107297689104303,0.0008518840927529726,0.0001771631993980504,0.00030029606016675014
AT1G12230,0,0.0006920415224913495,0.00037436760736449465,0.0018464978872639766,0.22865373594776775,0.0003060590609122428,0.00020623522966351768,0.00030224115216740375
AT1G12270,0,0.0006920415224913495,0.00014983082134620792,0.006012795251027588,0.21691290099036786,0.00016634099170549795,0.00014998387899432217,0.00029377376391344866
AT3G12580,0,0.002768166089965398,0.002970516778534621,0.0027841873129702565,0.2342995072057373,0.0031831551352050824,0.0005627062700795005,0.00041737699745913017
AT1G12310,0,0.0006920415224913495,0.0006491632142442218,4.5756177102283306e-05,0.16405953494684683,0.0006491632142442218,0.00027300549656595014,0.00015715848294653938
AT3G19960,0,0.00034602076124567473,0.0,2.0637612752775573e-06,0.13964564555549244,0.0,0.00016744302096819488,0.00011021708344985763
AT3G49260,0,0.001038062283737024,0.001345381313683167,0.0010124235409673737,0.19878737209497951,0.0013687693750896375,0.0002748375964917862,0.00027359753828827164
AT1G71820,0,0.0006920415224913495,0.0006491632142442219,6.009736332580401e-07,0.1449217489862704,0.0006491632142442219,0.0002659180616834619,0.00016735587293715274
AT1G12410,0,0.00034602076124567473,0.0,0.012072839425337316,0.22669699155028283,0.0,8.812545971026037e-05,0.00021457739575899158
AT1G12440,0,0.0006920415224913495,0.0,0.0004386003445743589,0.20963538465180717,0.0,0.00018321187772495244,0.00029560069069971447
AT2G42580,0,0.007612456747404844,0.010735643232224328,0.0026491391916419063,0.24018576229798572,0.01103115276855556,0.0018857110264879076,0.00045533102885077334
AT1G12480,0,0.002076124567474048,0.000658551524030377,0.0026855345516510593,0.2182157929647394,0.0007051301259147171,0.0003568523608010628,0.0003948881991936248
AT4G04720,0,0.0006920415224913495,5.118920038751432e-06,0.0011151019967125609,0.20038506431416536,5.67583667070026e-06,0.00014131779285160822,0.00028865043705750634
AT4G04740,0,0.0006920415224913495,5.118920038751432e-06,0.0011151019967125609,0.20038506431416536,5.67583667070026e-06,0.00014131779285160822,0.00028865043705750634
AT4G33950,0,0.008650519031141867,0.005620640170550645,0.013111352272738392,0.25206530391625265,0.005797333252250352,0.0011940864984208762,0.00048197170523169616
AT1G12840,0,0.001384083044982699,0.0007281663728816304,0.005421732928834445,0.2249922012926721,0.0007302032198189802,0.00029919310157852793,0.0003438278201234934
AT1G77760,0,0.002076124567474048,0.0015042950871088656,0.011135031089482769,0.24988570808795052,0.0016041837361063906,0.00035419046405212127,0.0004124133876210025
AT4G37130,0,0.0058823529411764705,0.006087239680100318,0.014604169857951951,0.24769522267566696,0.0063499281309861485,0.0010884098750305656,0.00046451172046276873
AT5G17290,0,0.00034602076124567473,0.0,0.00024449225532698424,0.1814805431535769,0.0,0.00011552811364382662,0.00017798558643172897
AT1G12860,0,0.002422145328719723,0.00042011103310740357,0.02002391932228521,0.2432644778277284,0.0003890902799393124,0.00032071283855615205,0.00042926645318163353
AT1G19180,0,0.013494809688581315,0.008525939099113151,0.09815297613750755,0.26777791420565156,0.008037651931069941,0.0015065775242207346,0.0004996358749527443
AT1G70700,0,0.008650519031141867,0.0009520447215064821,0.07648970992579848,0.25923413366065984,0.0008202521636555072,0.0009104738437790282,0.0004885498242425288
AT2G39810,0,0.0034602076124567475,0.0020864144520073027,0.008894441921711085,0.23264905783652665,0.0021742106235331203,0.0005380732166764641,0.0004414580691624076
AT3G24140,0,0.0031141868512110727,0.0019774988291871892,0.004889096653295946,0.22627340966376658,0.002034309294607278,0.00045713532226891956,0.00043866116195774167
AT1G12900,0,0.0006920415224913495,0.00037436760736449465,0.0018464978872639766,0.22865373594776775,0.0003060590609122428,0.00020623522966351768,0.00030224115216740375
AT1G12920,0,0.0006920415224913495,0.0,0.00014438442857624126,0.1718650301555094,0.0,0.00019917287692199626,0.000245007866776698
AT2G42790,0,0.0031141868512110727,0.002620072196509191,0.0009647717053724022,0.1991766017552532,0.0027769393501125596,0.0008037180446047748,0.0003649635531673561
AT3G58750,0,0.001038062283737024,0.000587129840340658,0.002237011369861992,0.2005905388240316,0.0006179331675489573,0.0002517620180161527,0.0003003309172522716
AT1G30490,0,0.00657439446366782,0.001515592791079145,0.08513493341935638,0.2582600641018658,0.001381098936918976,0.0008030601323637535,0.00048277725885729654
AT2G40330,0,0.007266435986159169,0.005036056545457642,0.049365103643634674,0.26268844656658125,0.004605349174315595,0.0009558511518449715,0.0004812254824829701
AT5G08130,0,0.005190311418685121,0.0035008984276386234,0.0338494491046382,0.26058887705821016,0.0035513305389281804,0.000700225421137722,0.000463124877078106
AT1G13020,0,0.0006920415224913495,0.0003887105673901777,0.0020532481268489564,0.21630406151323234,0.00044161377621455394,0.0001759180046071692,0.0002959066634564903
AT4G18710,0,0.012802768166089966,0.01791255598397015,0.04247766074428657,0.27016751845437936,0.0176163471755579,0.002100048069332168,0.0004919331239864885
AT1G13120,0,0.00034602076124567473,0.0,7.24535152893875e-05,0.17861264582182,0.0,0.00014495833226154162,0.00016590750369279323
AT3G53110,0,0.001384083044982699,0.0022027189907639737,0.0016066785663778349,0.22060087189547822,0.0022873909821019703,0.00043393886179803813,0.0003014358968007668
AT1G13180,0,0.001038062283737024,4.328452407948437e-07,0.001798449470160202,0.2000855115036249,3.990104661930788e-07,0.00017367226765741648,0.0003394572115542426
AT1G29170,0,0.0017301038062283738,6.193831771177341e-05,0.0027781357120135503,0.2080575023489383,7.2565228304988e-05,0.0002686326406235312,0.0003895258653433379
AT1G13260,0,0.0034602076124567475,0.0007876715853981089,0.01653213417197274,0.22419878790541062,0.0007946509473069821,0.0004588311988112388,0.0004494139722148269
AT1G14900,0,0.001038062283737024,2.2902297016917563e-05,0.0026548258573527547,0.20833020817654402,3.903646679104236e-05,0.00018196240305828667,0.0003357445982524287
AT3G15880,0,0.0058823529411764705,0.00048804873817790133,0.043472257688351584,0.23971032625233982,0.0005242390841888777,0.0006792213799231803,0.00047669130848961526
AT3G50500,0,0.004152249134948096,0.00044860510639830383,0.012693659872481942,0.23380406832868186,0.00040135706556051966,0.0005299847520843365,0.00046189980888909415
AT4G15090,0,0.002422145328719723,6.113497951109458e-05,0.00333323429010459,0.20338186589979787,9.088743521344825e-05,0.0003035704513350048,0.0003873673989126828
AT5G19000,0,0.0031141868512110727,0.0018532937740708653,0.00793380056547965,0.21737642971288768,0.0018357498527164558,0.0005135918901963371,0.0003969091728235893
AT5G66880,0,0.004152249134948096,0.0005523702323736193,0.012387615303877837,0.23568923551539134,0.0005060923169577841,0.0005314249650192135,0.00046216870189510795
AT1G13320,0,0.0017301038062283738,0.0005067981939469162,0.0059435791982054694,0.23106367901245436,0.0005369082531195207,0.0003236387977467592,0.0003891023796399049
AT1G50370,0,0.0031141868512110727,0.004066516214489355,0.005707060886147966,0.24856679222080666,0.004206850901246779,0.0005339853522422542,0.00043201932122911895
AT1G75080,0,0.01384083044982699,0.016891761308317637,0.10378681743877755,0.2808178943475125,0.016105768453948153,0.0019398773806634803,0.0005000899546155792
AT3G08780,0,0.002076124567474048,0.0019417058546461466,0.015130948708251215,0.24282315012041183,0.001932111623411216,0.0003765116265811157,0.0004143293355482118
AT3G26020,0,0.001038062283737024,0.0001925410282297829,0.0049706804940187355,0.22050523291520618,0.00021348841202924987,0.0002301329463678377,0.00031936021996496685
AT1G13370,0,0.00034602076124567473,0.0,0.0019965570445769462,0.19799804198155346,0.0,9.963761584560266e-05,0.00020962194741001432
AT4G28910,0,0.010726643598615917,0.012380662501559187,0.04427473575313204,0.25094600860578975,0.012542554703574158,0.0017418142630324812,0.0004853207828709451
AT1G13440,0,0.002768166089965398,0.0023477177514696127,0.0021757411552544847,0.23520966067435004,0.002274737968666674,0.0005698231331916116,0.0003897384052830757
AT2G01830,0,0.004844290657439446,0.005795740491849731,0.0010077365368159532,0.22417902426049655,0.005928508678195286,0.0012378614648505713,0.00041498492404158096
AT3G04120,0,0.0017301038062283738,3.1843662970145985e-05,0.0002837975786582611,0.1990207271256122,4.0653220907349025e-05,0.00034057117593839505,0.000301866227140028
AT4G35790,0,0.001038062283737024,0.00029175830886638454,0.00012512996723127787,0.19769020920484084,0.0003366052111003162,0.00024640709676680076,0.0003112325186145346
AT5G15090,0,0.002076124567474048,0.002239442791828601,0.0037083357280095265,0.24469227857318127,0.0021719649791419058,0.0005413036734800881,0.0003701275494537406
AT1G13460,0,0.00034602076124567473,0.0,0.004680251218131743,0.2161386071061595,0.0,9.312602329745334e-05,0.00021233044302990575
AT1G13570,0,0.002422145328719723,6.083434707155442e-05,0.003034960656418487,0.20530288618802556,6.299528714344501e-05,0.0003100899811414198,0.0004196634136715254
AT1G75950,0,0.01314878892733564,0.013603300018974028,0.030905873253995287,0.2624173822320785,0.013432392708253768,0.0016909567423432582,0.000496458998613108
AT3G21850,0,0.002076124567474048,4.0859182390472764e-05,0.0032291775080204215,0.20074888310791544,5.2344772649751084e-05,0.0002784083255326764,0.00040493709447901263
AT3G60010,0,0.0031141868512110727,5.1798495485189e-05,0.0029083049262760797,0.19911422261283063,7.213741899517088e-05,0.00039727165364153113,0.0004339063186439068
AT4G34210,0,0.004844290657439446,0.0002892632421282813,0.008188626945850161,0.21332831567914376,0.00027423513541356215,0.0005654683626121466,0.0004633419293410987
AT4G34470,0,0.0034602076124567475,0.00013804299409673993,0.0040171284682146875,0.20281416789305948,0.00013847635047217042,0.00041833579804280137,0.0004434553145086889
AT1G13690,0,0.00034602076124567473,0.0,0.00031913620969735413,0.20349578708578642,0.0,0.0001107736812184848,0.0002104171151660577
AT1G13930,0,0.0006920415224913495,0.0007029815327052922,0.0006696999053645953,0.21717223323749554,0.0007504847092360482,0.00019998435242790172,0.00029988842977392684
AT1G13980,0,0.0017301038062283738,0.0010388121135073733,0.0011858155586704393,0.20855230861170024,0.001063037444708536,0.0003456387924833383,0.0002927504701321257
AT2G29960,0,0.00034602076124567473,0.0,5.347592290982748e-05,0.1706311628563522,0.0,0.00012542815904595806,0.00016324189591977717
AT1G14000,0,0.00034602076124567473,0.0,0.00031913620969735413,0.20349578708578642,0.0,0.0001107736812184848,0.00021041711516605783
AT1G14030,0,0.004498269896193771,0.0010817430423151171,0.056917052884317754,0.2577104632358201,0.0010346996700900473,0.000565499874252141,0.00046690231584661925
AT1G49720,0,0.006228373702422145,0.0035706257080954443,0.030140008115041743,0.24983660980558728,0.0036554057792517677,0.0007386148059313171,0.0004753930797690858
AT1G68810,0,0.001038062283737024,1.3067664212413974e-06,0.012666730273782189,0.21972411017894183,1.601252459629083e-06,0.00015501853035602094,0.00034845788131401497
AT1G14320,0,0.0006920415224913495,0.000649163214244222,0.00014213196429733072,0.17771396584284227,0.0006491632142442219,0.00021176361474130808,0.00020703993659734344
AT5G05800,0,0.00034602076124567473,0.0,6.409673922842297e-06,0.14941755882556246,0.0,0.00014188476330150157,0.00013262624054329584
AT1G53430,0,0.001038062283737024,6.7140887788119535e-06,0.00027789711357727046,0.19473825340463075,6.223482587756229e-06,0.00016691402757864943,0.00034370090773733013
AT2G35620,0,0.0031141868512110727,0.0006905069356458491,0.0008544662050673889,0.21650662789128833,0.0006746285571168353,0.0004388831169389859,0.000442486229157874
AT3G28450,0,0.004498269896193771,0.0009714897348078722,0.0055003665162816524,0.22163908412158556,0.0008034765063216378,0.000524993105133513,0.00046453369040460923
AT3G49670,0,0.002422145328719723,0.00036051474521113107,0.0006246396523358836,0.2066038550013058,0.00038679176946122,0.0003524800711385129,0.00041686356381022177
AT4G20940,0,0.003806228373702422,8.696870978696057e-05,0.0010870925124752747,0.20636913504918225,8.251406546678873e-05,0.00047173127641330953,0.0004526765829017157
AT1G14410,0,0.0006920415224913495,0.0006761476337604368,0.0013303152525768478,0.21064249575176616,0.0007500765387729849,0.0001927567921931534,0.00029988414719791216
AT1G14510,0,0.0017301038062283738,0.0020572720623524185,0.008323067817413462,0.21462459711461496,0.0019752302776280483,0.00032110081549226416,0.00033342725854998705
AT2G02470,0,0.002076124567474048,0.0003244618353113648,0.00043476343421083933,0.17822460236954746,0.0003244618353113648,0.00037670192586459843,0.0002562244508925416
AT3G11200,0,0.001384083044982699,0.00038014209479540545,0.0004289410872234399,0.18941507904149207,0.00046989553779451786,0.0002955792337334289,0.0002905602324384722
AT5G28640,0,0.009342560553633217,0.008570822184454303,0.06998185436966256,0.2607759281389533,0.0084872520131395,0.0012493486713774302,0.0004902300757621713
AT5G44280,0,0.001384083044982699,0.0003244618353113648,0.00041600394824679426,0.17822460236954746,0.0003244618353113648,0.0003106723468882679,0.0002562244508925417
AT1G14740,0,0.0017301038062283738,0.0,0.0002184101737700242,0.1746385696477869,0.0,0.00033656265500948653,0.00019406941044933736
AT3G07780,0,0.0031141868512110727,0.003545884037273418,0.004188110423696435,0.21453406877096953,0.003542854124424674,0.0006588949188463664,0.0002632413299035105
AT3G63500,0,0.0017301038062283738,0.0,0.0002184101737700242,0.1746385696477869,0.0,0.00033656265500948653,0.00019406941044933736
AT5G48160,0,0.0017301038062283738,0.0,0.0002184101737700242,0.1746385696477869,0.0,0.00033656265500948653,0.00019406941044933736
AT1G14830,0,0.0006920415224913495,0.0003733531970335531,0.0001567484859201665,0.1936999658169756,0.0003898632378997176,0.00018738945619493729,0.00025254627973898754
AT2G18380,0,0.002076124567474048,0.0003738312372970602,0.027447279117272856,0.24490435778226818,0.0003555393188125354,0.0002923090260712329,0.0004153805976036382
AT1G30120,0,0.002076124567474048,0.0006214108495307531,0.0241331709941148,0.24229104908642082,0.0006423633313262468,0.00030748918085613636,0.0004093799730294269
AT2G21470,0,0.001038062283737024,0.00019366434108855255,0.012143522604545376,0.23687470670743974,0.00016591188536623283,0.00019655592356915155,0.00035227378338653035
AT2G36990,0,0.0006920415224913495,0.0006491632142442219,0.005756605012930996,0.21560719382883195,0.0006491632142442219,0.00020979326065676237,0.00021337493256124316
AT2G39840,0,0.002076124567474048,0.006380900655365207,0.01087913715493015,0.2341269426635125,0.006421955222072544,0.0004139496832961722,0.0004006226336656751
AT2G43000,0,0.0006920415224913495,7.554961295122727e-06,0.012800582379531123,0.22708160114394793,6.794202076205417e-06,0.00012587860917810927,0.0003031336629176804
AT3G05120,0,0.0031141868512110727,0.0005494599414645683,0.022020327727918867,0.23694091597978878,0.0005803802022560011,0.00042537464509313165,0.00044411604623257125
AT3G10480,0,0.0034602076124567475,0.0008322794887548458,0.017222343981470174,0.2349706043805851,0.0009312363739739796,0.00047202935209394753,0.00041943258024046523
AT3G16770,0,0.0031141868512110727,0.004167796714892825,0.018441177603943835,0.24231413541792024,0.004208771241238521,0.0005360161130341498,0.0004396393570194486
AT3G17860,0,0.011764705882352941,0.006466056402142109,0.09071228253497307,0.2721334244206605,0.006455255966933453,0.001345064698303877,0.0004976062855396781
AT3G27920,0,0.0017301038062283738,5.836625612721349e-07,0.011672119494091474,0.21661727863808117,4.599101775940822e-07,0.00020790918445018426,0.00034732109753221266
AT3G51260,0,0.0017301038062283738,0.00021379471395444375,0.01353979296592945,0.2368967723531507,0.00019074901346211506,0.00024748624388049023,0.00040351537870410753
AT3G63010,0,0.0034602076124567475,0.0007496722212374255,0.022823921386162585,0.23760505009913788,0.0007820890870269268,0.00047527314528739996,0.0004511557067051899
AT4G04890,0,0.0017301038062283738,4.767675582428599e-05,0.015539804264047318,0.2233913256510078,5.23955607411381e-05,0.00025301601122152637,0.0003968942004139578
AT4G21750,0,0.001384083044982699,1.9785391935975152e-06,0.013262568223289483,0.21713514781515306,1.6831715900724104e-06,0.0002048759670721504,0.00037555772813877193
AT4G24210,0,0.0034602076124567475,0.0006895287454656434,0.016855970742295136,0.23527494228985776,0.0006685008593359387,0.0004343608698087832,0.0004516711767083906
AT4G24940,0,0.001038062283737024,0.00019366434108855255,0.012143522604545376,0.23687470670743974,0.00016591188536623283,0.00019655592356915155,0.00035227378338652953
AT4G26840,0,0.006228373702422145,0.007943587644166415,0.014621276263019733,0.24856679222080666,0.008125746015556807,0.001326332411348017,0.0004502577179815863
AT5G14170,0,0.005190311418685121,0.004007519398903615,0.0488783767534067,0.25685151512080323,0.0037409243805196163,0.0006825342638029799,0.0004642033689903194
AT5G23290,0,0.00034602076124567473,0.0,0.005744898812203498,0.21557064094355113,0.0,8.993718133388114e-05,0.00021328391367984764
AT5G29000,0,0.002076124567474048,0.0011917383809805474,0.01657350366886815,0.23822827646005368,0.0011614302001025237,0.0003039379965515595,0.00041793181716172107
AT5G48170,0,0.001384083044982699,9.743517820189502e-05,0.007952597888163406,0.22517149382070772,9.064371367799884e-05,0.0002015213126468669,0.0003785603490441577
AT5G49510,0,0.00034602076124567473,0.0,0.005744898812203498,0.21557064094355113,0.0,8.993718133388114e-05,0.0002132839136798476
AT5G59980,0,0.002076124567474048,4.098615457841871e-05,0.019559067875310407,0.22637411885446618,3.998328577569462e-05,0.0002732130782164124,0.00041835046797962294
AT1G14960,0,0.00034602076124567473,0.0,4.973968313376061e-05,0.1588337300113093,0.0,0.00012762622902418415,0.00015917452024730543
AT1G54840,0,0.0017301038062283738,0.0011926629370871905,0.0011030085717271246,0.19119516210894466,0.0011803009553973736,0.00044555176875477477,0.0002799228791211792
AT1G15130,0,0.0031141868512110727,0.0014189445074989989,0.004812117545782563,0.22683853815101887,0.001448547204737914,0.000496997051748244,0.0004056256044384256
AT3G12400,0,0.0034602076124567475,0.0005545044329643008,0.0005830880014395517,0.19732207101265306,0.0006521553375250534,0.0005736748376727312,0.0004003458131020084
AT4G16144,0,0.001038062283737024,0.0002885415711648391,0.0003727671832225197,0.20756503845993085,0.0002809292374698778,0.0002159908904322476,0.0003276442128313912
AT5G13860,0,0.0031141868512110727,0.00020721488755520815,0.0005598202247661223,0.19343476467719425,0.00020787494773884471,0.0004920315932438906,0.0003851647710743022
AT5G64430,0,0.0006920415224913495,4.0526098596574e-05,0.00028018413838852145,0.19545667905703426,4.73439757681131e-05,0.00017836858152077723,0.00026719681061244065
AT1G15200,0,0.0006920415224913495,2.1519978309015756e-05,0.007063399172633113,0.22563098671023626,1.628290940379659e-05,0.00013845040274765354,0.0003021238543228835
AT1G15215,0,0.001384083044982699,0.0,1.332230656904387e-41,0.0006920415224913495,0.0,0.00038408495689863057,0.0
AT3G42670,0,0.0006920415224913495,0.0,9.752605282548724e-42,0.0006920415224913495,0.0,0.0002695333030827108,0.0
AT4G11130,0,0.001384083044982699,0.0,1.332230656904387e-41,0.0006920415224913495,0.0,0.00038408495689863057,0.0
AT1G15290,0,0.00034602076124567473,0.0,0.0016344901270650347,0.22392241359611453,0.0,0.0001234901397930662,0.0002144816914104807
AT1G66750,0,0.008996539792387542,0.000596289925977951,0.009342596176821948,0.20874060996561378,0.0005901518189709769,0.0008015941215787811,0.0004790557344279642
AT1G73690,0,0.004844290657439446,6.760918073613734e-05,0.0051411074076756985,0.20212103411310386,6.698628319196686e-05,0.0004392890588999297,0.0004587540914206941
AT1G76540,0,0.011072664359861591,0.001378260779227841,0.010646138420916858,0.2171166098532462,0.0013428165180499555,0.000961377773553233,0.0004835875440215304
AT2G23430,0,0.00795847750865052,0.0003709796216797469,0.0084559111552375,0.21402851802820003,0.0003463231314235435,0.0006970765918246667,0.00047666219188714515
AT2G38620,0,0.011764705882352941,0.0012681004388715956,0.011729901782302937,0.21735785053086093,0.001221043230824086,0.0009991976371466719,0.00048520311303997633
AT3G54180,0,0.012802768166089966,0.0027027484365961876,0.01209175676750037,0.2236467198321232,0.0027379643800387247,0.0010762067262384454,0.0004865624132629158
AT4G28230,0,0.001038062283737024,0.0005744336271587132,0.0003438422255326835,0.19032232085100081,0.0006473931134120863,0.00024778482950015164,0.0003096155090741039
AT5G63610,0,0.007266435986159169,0.0013717536701001248,0.006434897801343122,0.20087573864226482,0.0013774476437219206,0.0006843855774722367,0.0004658821168356726
AT1G15690,0,0.0006920415224913495,0.0018135650264991484,0.0020857929354872943,0.23562372382202104,0.0018964966828036462,0.00016848550993714894,0.00030345601918050746
AT1G15730,0,0.00034602076124567473,0.0,0.0010824593574325395,0.20216923850950574,0.0,0.0001007696197647735,0.00021032699778997848
AT1G18330,0,0.002422145328719723,0.00025059423525852065,0.025619045140557618,0.24169234472638973,0.00018361078691086347,0.0003079457311695801,0.000431084064858688
AT1G19350,0,0.0058823529411764705,0.00391235663340842,0.03071294004256808,0.26457416263119776,0.003997057110090123,0.0008573056861561098,0.00047327079827096563
AT1G46480,0,0.004844290657439446,0.000691448009375733,0.07021258898528485,0.25402925294287015,0.000665550526136997,0.0005803245293495448,0.00047061413501037485
AT1G72450,0,0.00657439446366782,0.0007515779724580289,0.048919475748858014,0.25231539351235965,0.0007462767363551652,0.0006909554121415325,0.0004770661001040769
AT1G73100,0,0.001038062283737024,2.946578633732977e-05,0.007848696277339699,0.2137227373065865,3.542564555287045e-05,0.00017812876722712423,0.00033708467909844656
AT2G19520,0,0.004844290657439446,0.0038394313741877675,0.008536035507846235,0.22956191110408672,0.00401357121487298,0.0009098229216741998,0.0004403245952509013
AT2G25180,0,0.0006920415224913495,0.00026288658183798067,0.005977105901628903,0.2118003540610538,0.0003271300425768506,0.0001507862677388931,0.0002854249184727421
AT2G33550,0,0.002768166089965398,0.0003081829277605349,0.017850931480769678,0.22525127114358484,0.0003080207086649766,0.00033864822319022345,0.0004163150290751176
AT2G37630,0,0.006228373702422145,0.0056699555371665655,0.02889658413331995,0.2542070023201792,0.005915015710741717,0.0007867755394456356,0.0004747339314334522
AT2G38300,0,0.0031141868512110727,0.0011471631058527821,0.02194995651842853,0.24018576229798572,0.0011978260264999565,0.00043356998744745266,0.0004469587310268145
AT2G45660,0,0.0058823529411764705,0.0018967103653317948,0.02211034843401296,0.23773832394232708,0.0019867429960434267,0.0007556613313213173,0.0004655799657505222
AT3G02550,0,0.002768166089965398,0.001061740170236218,0.025580628962795,0.2525910658731697,0.0009734056353605338,0.0003737616859369841,0.0004405551935496453
AT3G05670,0,0.0006920415224913495,0.0002956688132838699,0.007834614215682795,0.23586411159442336,0.00029853440800764914,0.000160488811005766,0.00030353373826078593
AT3G10490,0,0.001038062283737024,2.0431813094767397e-05,0.006874512667520284,0.21178271579039581,3.050981859185653e-05,0.00018767113944006958,0.0003259920669518489
AT3G11260,0,0.002076124567474048,3.428744027093832e-05,0.01655411387066481,0.2121537374831962,3.667387405022432e-05,0.00026863787320878453,0.0004146340770016447
AT3G13360,0,0.00034602076124567473,0.0,0.005887216138590617,0.20980833687080874,0.0,8.986138098021119e-05,0.00021355596661482872
AT3G15210,0,0.005536332179930796,0.002744534729286714,0.0794961834849195,0.25648884026334573,0.0025887362138029553,0.0007222603180028197,0.0004733641683693358
AT3G17900,0,0.00034602076124567473,0.0,0.005887216138590617,0.20980833687080874,0.0,8.986138098021119e-05,0.00021355596661482866
AT3G20310,0,0.0031141868512110727,0.000520367068304753,0.022761777478419582,0.2309587549914697,0.000531485095544835,0.00040282292793544707,0.0004440895974052901
AT3G24150,0,0.0006920415224913495,0.0,0.007290467421905389,0.2130066882662763,0.0,0.00012816576960647974,0.00029822794496774113
AT3G24440,0,0.0006920415224913495,0.0006491632142442219,0.005899212335334045,0.2098429615653992,0.0006491632142442219,0.0002096692545234707,0.00021364721789109126
AT3G50000,0,0.00034602076124567473,0.0,0.005887216138590617,0.20980833687080874,0.0,8.986138098021119e-05,0.00021355596661482866
AT3G57390,0,0.002768166089965398,0.0010343450098295253,0.02573245160322971,0.24755055497041492,0.0010890722695312798,0.00038699135543330187,0.00043620332077349986
AT3G59150,0,0.003806228373702422,0.0012588640572944753,0.013297201568896879,0.23142113488134253,0.0010891072936255273,0.0004420897973945356,0.0004578887309607118
AT4G32295,0,0.001384083044982699,0.00018726412168201446,0.010234513934416389,0.22123417583393412,0.00021352633354870384,0.00021298761880297288,0.00037971069968307754
AT4G38130,0,0.002768166089965398,0.0011862702280894249,0.014748722789070289,0.2373168020913655,0.0012005663152942448,0.00042185192671951666,0.00042561346217182087
AT5G02810,0,0.0006920415224913495,1.0068986459827785e-05,0.007166118344869333,0.21471520189218785,1.1113067577165406e-05,0.0001272049420538351,0.0002995848711671056
AT5G04340,0,0.001038062283737024,0.0007054156572570382,0.010316312224366256,0.23348208329150505,0.0006911563638562863,0.00023078636006673535,0.00030357863676804393
AT5G04550,0,0.0006920415224913495,0.0,0.007883773183167563,0.21588173609601635,0.0,0.0001376138359818152,0.00030095612752415206
AT5G13220,0,0.007266435986159169,0.00099968054154271,0.05314229980637517,0.2549716113105146,0.0009880122643016187,0.0007665649387813,0.0004802908169501202
AT5G13790,0,0.008996539792387542,0.003954999428943598,0.04593904359157964,0.25791955894635626,0.0034862231058889566,0.0010261812109747185,0.0004891318291124652
AT5G24470,0,0.005536332179930796,0.0010086986301508362,0.06486350377393905,0.2610436102659693,0.000983060256068545,0.0006503539462273743,0.00047650869362449405
AT5G44210,0,0.001384083044982699,1.4211094714762573e-05,0.03231438715875425,0.2387874977662979,1.0283802441099834e-05,0.00019492788222939624,0.0003835217296515195
AT1G15810,0,0.00034602076124567473,0.0,0.00022542434804099032,0.17876331022150097,0.0,0.00012630414276401785,0.00016061467483103597
AT4G08520,0,0.001038062283737024,0.0007141870925838546,0.004998911600809937,0.220830744287172,0.0007307092287206871,0.00026261571957107005,0.0002844075424425808
AT1G15820,0,0.001384083044982699,0.0012619088557960568,0.0026617847082801146,0.2337181188503881,0.0012769567119564592,0.0003222003602314161,0.00037647612379854416
AT3G27925,0,0.003806228373702422,0.004003707930252444,0.013073176302063802,0.24169234472638973,0.004117238571019117,0.0009081920973361923,0.0004123424636814513
AT1G15910,0,0.001038062283737024,0.0,1.1467530151508406e-44,0.00046136101499423294,0.0,0.00033870361497498694,0.0
AT3G48670,0,0.001384083044982699,2.395436214923328e-07,1.429977620394606e-44,0.0006920415224913495,2.395436214923328e-07,0.0005042450309635867,0.0
AT1G15930,0,0.00034602076124567473,0.0,0.0016344901270650347,0.22392241359611453,0.0,0.0001234901397930662,0.00021448169141048053
AT1G16000,0,0.001038062283737024,7.895055169761256e-06,1.974525132744125e-05,0.16634529377361806,1.395007161831185e-05,0.00020965283481166137,0.0003239206349776869
AT4G35860,0,0.0017301038062283738,0.00016451302999621108,6.458589541123926e-05,0.18266677569394288,0.00020223857191797425,0.0003208278645913053,0.0003754684527603408
AT1G16030,0,0.00034602076124567473,0.0,4.898823204566523e-05,0.17616284644022392,0.0,0.00011194998298957697,0.00019710909417565973
AT1G16240,0,0.0006920415224913495,6.132106301746231e-06,0.00012290959517096317,0.1781996251987298,5.633278139577639e-06,0.00016414342379363411,0.0002807841247644179
AT4G26450,0,0.004498269896193771,0.000755490400514462,0.00018692006280532413,0.1925268264979236,0.0008511720374738767,0.0008603810279184651,0.00042813277121598323
AT1G16330,0,0.002768166089965398,4.057392994015559e-05,0.004119345745020066,0.20474091065220779,3.712696454140142e-05,0.0002729713013140847,0.00043057817935701403
AT1G20930,0,0.00657439446366782,0.003392883981910688,0.010023683006569825,0.224001308130985,0.002844998515517924,0.0006311017884772179,0.00047747533065881776
AT5G03415,0,0.004498269896193771,0.0036416870759067863,0.016183821372758485,0.23527494228985776,0.003742799690817573,0.00046674297802587385,0.00045747540038723844
AT1G16470,0,0.00034602076124567473,0.0,0.0002724678357196129,0.20352835944066208,0.0,0.00012682686893397587,0.00020774963178880204
AT1G16610,0,0.0017301038062283738,0.0020825040026928848,0.0005187677873174041,0.19503695461393303,0.0021252850272171857,0.0003822238926027554,0.0003435078940808474
AT1G27650,0,0.002422145328719723,0.0023912280638380213,0.005019532207446766,0.22828427748752897,0.0024682851325508954,0.00041457046234793366,0.0003548834965107598
AT1G55310,0,0.002768166089965398,6.465939685680838e-05,0.00036184084694712505,0.18224787524803446,7.736226538861383e-05,0.00037958766029325683,0.00037902515593788246
AT1G77180,0,0.0006920415224913495,0.0012978473412454592,2.3442246555788424e-05,0.1615171070950189,0.0012978473412454592,0.00025205577420663863,0.0001780265005945153
AT1G16790,0,0.0006920415224913495,6.132106301746231e-06,0.00012290959517096317,0.1781996251987298,5.633278139577639e-06,0.00016414342379363411,0.0002807841247644181
AT1G16860,0,0.00034602076124567473,0.0,0.0019155281395781102,0.20977372360068242,0.0,0.00010142634377504267,0.00021084606331802364
AT1G16970,0,0.0006920415224913495,0.0006491632142442219,0.0005756674417620397,0.18219564774402297,0.0006491632142442219,0.00023081554283969249,0.0001926250776957096
AT1G48050,0,0.00034602076124567473,0.0,2.5959475152884805e-05,0.1525730052322458,0.0,0.00014999022776646928,0.0001265593369626007
AT5G01840,0,0.0031141868512110727,0.0015198511772193046,0.01273979129483156,0.22605216455209537,0.001525058685083016,0.00048422149383019913,0.0004026685586770277
AT1G17050,0,0.00034602076124567473,0.0,1.2221758561224498e-09,0.10544789365224003,0.0,0.0002110584472858056,6.35697303933913e-05
AT5G09820,0,0.0006920415224913495,0.0006491632142442219,2.7101685171083978e-08,0.11879697534503073,0.0006491632142442219,0.0003781520324939243,7.680044850674402e-05
AT1G17110,0,0.0006920415224913495,0.00013496488360976514,3.28667301155569e-05,0.17963458721558753,0.0001559387469495825,0.000186719971075091,0.0002692586798359737
AT4G05320,0,0.001384083044982699,0.0007144932139171537,0.0005461305584395061,0.2110445519677239,0.0007393331091875121,0.00028462400444360654,0.00036316866508640015
AT1G17140,0,0.001038062283737024,0.00039043478086456555,0.00026870887006797355,0.18983926927523684,0.00042682630914767344,0.0002825376067276448,0.00029916322873886825
AT1G47550,0,0.0006920415224913495,9.387602067896458e-05,2.2723083343672894e-05,0.17379121514460966,0.00011150617083648486,0.0002202939609165224,0.00024477963063087124
AT4G24840,0,0.006228373702422145,0.005269562134532875,0.00518103732953728,0.2305400100816855,0.005574021086684884,0.0011412257120158639,0.0004598486604508754
AT1G17260,0,0.0006920415224913495,0.0007119619833545317,0.00016788451694323494,0.1978440058511804,0.0007478195140922001,0.0001887347585546076,0.0002703114650947331
AT5G58060,0,0.001384083044982699,0.0012672478315510255,2.2247931609716913e-05,0.1792800036102272,0.001326744488412507,0.0003875864884528695,0.0002975754977787516
AT4G01026,0,0.002076124567474048,3.714172611164214e-05,0.003723369997299946,0.20406731272757767,4.690909807916519e-05,0.0002903838615110889,0.0004077040148768356
AT4G27920,0,0.002768166089965398,0.0007010244909228892,0.005834869106163983,0.2104681661186024,0.0007009382228099365,0.000394922279586313,0.00042537534076464477
AT5G05440,0,0.002422145328719723,5.186127667866774e-05,0.005823003233542709,0.21043333481266635,5.1775008565713255e-05,0.00031518209966058697,0.0004253236487097849
AT5G53160,0,0.005190311418685121,0.001994732469432123,0.02836015148134122,0.24995939170543274,0.001813227638112792,0.0006590816856168433,0.00046955061191788854
AT1G65360,0,0.001038062283737024,4.986663157561073e-06,0.011110180947476126,0.21272161030623782,5.6196422080515675e-06,0.00016007447310862588,0.0003474519329811706
AT1G17615,0,0.00034602076124567473,0.0,1.3776118688140136e-07,0.13344633736742786,0.0,0.00013880285248102364,0.00014572704320815804
AT1G17650,0,0.00034602076124567473,0.0,0.0008350698742505188,0.1920180346731405,0.0,0.00010221024767014379,0.00019698465551545367
AT1G50420,0,0.002768166089965398,0.0023489739760338617,0.018517807415127097,0.2414170164430485,0.002358783884029237,0.00047311185445465223,0.00042255826495054416
AT1G17720,0,0.00034602076124567473,0.0,5.523518948986678e-05,0.1665741043565254,0.0,0.00011614069951618701,0.00017864759703659699
AT1G17730,0,0.00034602076124567473,0.0,2.644057559613694e-05,0.1767751182546276,0.0,0.00011298242638190818,0.00018497593865601832
AT5G44560,0,0.002768166089965398,0.0014886305198265907,0.0005862968290570736,0.21780462925754304,0.001530575948170657,0.0005032102779402481,0.00037090495004114517
AT1G17745,0,0.00034602076124567473,0.0,3.518397515288328e-55,0.00034602076124567473,0.0,0.0003459010722933241,0.0
AT4G34200,0,0.00034602076124567473,0.0,3.518397515288328e-55,0.00034602076124567473,0.0,0.0003459010722933241,0.0
AT1G17760,0,0.001384083044982699,0.0005969039785708141,0.006101246707525503,0.2303729369699314,0.0006963845258958023,0.0002852388049748421,0.0003577089189245182
AT1G28200,0,0.001384083044982699,0.0005097740911681059,0.004139388753548226,0.20748036642009243,0.0005197095652616728,0.0002848001136822762,0.00033951562719853674
AT5G58040,0,0.001384083044982699,2.9898618092488518e-05,0.004401634890175347,0.2056016534247775,4.9649265362488526e-05,0.0002855411289193434,0.0003280951078972104
AT1G17840,0,0.002768166089965398,0.0008059689521950528,0.0003649834840681302,0.2108520728970295,0.0008042912640836307,0.0004871886339083458,0.0003786901378014783
AT1G31770,0,0.00034602076124567473,0.0,1.6460944141107548e-05,0.17216754797989794,0.0,0.0001110693515412917,0.00018689208473649866
AT1G51500,0,0.0006920415224913495,0.0,0.00016849150391872592,0.20262025744650408,0.0,0.00016287070225648895,0.0002857519895045892
AT4G27420,0,0.001384083044982699,0.0,0.00017644909447590612,0.20262025744650408,0.0,0.0002272685740144774,0.00028575198950458926
AT1G17860,0,0.00034602076124567473,0.0,0.00035056536136390825,0.20393639544595613,0.0,0.00013233419278316601,0.00021191811470673623
AT1G17980,0,0.00034602076124567473,0.0,0.0015264472118130651,0.20395275091916534,0.0,9.441431002644547e-05,0.0002053706546600119
AT1G20610,0,0.0034602076124567475,0.0002440942515739368,0.004035223260595202,0.20672141531548308,0.0002428076921262863,0.00035228720543702065,0.00044241789545844737
AT1G44110,0,0.002768166089965398,0.00014862711672119694,0.002774140745540367,0.19709268009075973,0.00014036405871454072,0.00030795379895882057,0.00042770938683060354
AT1G47230,0,0.0058823529411764705,0.0002005549761818938,0.006361278569945783,0.20405093887595865,0.00019069127114820523,0.0005336138198905533,0.0004663644976234683
AT1G49620,0,0.0058823529411764705,0.000977150485646178,0.0077347942464002705,0.22605216455209537,0.0008737787396999235,0.0005252660237593661,0.00046895084739400977
AT2G27960,0,0.008650519031141867,0.0010666242098138442,0.009589927021073539,0.21243729439571238,0.0010321916338938762,0.0007768703181329871,0.0004778999959981135
AT2G27970,0,0.009342560553633217,0.004122564815988869,0.009766034535560415,0.2234894851226885,0.00427607809458266,0.0008716184201307766,0.00048069191669146866
AT2G32710,0,0.008650519031141867,0.0005121729624543471,0.009020832191213874,0.21612023890635446,0.0005026269468304645,0.0007484721948996798,0.0004786566350648848
AT2G36010,0,0.0034602076124567475,0.001373976640038725,0.011964946004930782,0.229541190649975,0.0012621753937594087,0.00037182731480846676,0.0004497803263448115
AT3G11520,0,0.0006920415224913495,9.025211294768454e-07,0.0008911280570820097,0.18027127321266553,8.034109193772338e-07,0.00010475771958069971,0.0002956154717863779
AT3G19150,0,0.006920415224913495,0.001582457298178919,0.008335583094973535,0.22567103125486493,0.0015188861087066265,0.0006096513439568214,0.00047375321753308686
AT3G24810,0,0.004152249134948096,5.168468644816024e-06,0.005223336700130599,0.1997554670655151,5.1274604759578125e-06,0.00036908136510666024,0.00045158646973004075
AT3G50630,0,0.00657439446366782,0.0012378668633290374,0.006566817638140372,0.19961435252834164,0.0012132025553326334,0.000639732458914169,0.00046844883199630356
AT4G03270,0,0.005536332179930796,2.6130493128395813e-05,0.0066644442788245635,0.20302465681071952,2.2670168394727678e-05,0.00047795913148398486,0.0004641020174852953
AT4G28980,0,0.009688581314878892,0.002650934970177837,0.01186993540257562,0.23316098388292592,0.0026901779308514556,0.0008375388756922723,0.0004811539645063095
AT4G37630,0,0.009688581314878892,0.0011835496915463004,0.010120011175116352,0.21913716942792527,0.0010807420616700822,0.0008275467640674775,0.0004797709205801799
AT5G11300,0,0.004844290657439446,0.00033564644684896386,0.005820781309949734,0.2137766351051675,0.00031948153902292367,0.0004651317019284237,0.0004588711362154462
AT5G25380,0,0.002768166089965398,9.188386767392021e-06,0.0037318275262264765,0.1960745451974613,9.20739989751712e-06,0.0002718879217700076,0.00042945335612505614
AT5G27620,0,0.006920415224913495,6.961281056108766e-05,0.008086749218489368,0.20436249206132054,6.71206396825652e-05,0.0005873983366893954,0.0004715712296102826
AT5G43080,0,0.0031141868512110727,0.0020439568401488233,0.005944244763454861,0.23104268658227245,0.001811100629773242,0.00033594468127230704,0.0004400102849805772
AT5G48820,0,0.00657439446366782,4.448423676345487e-05,0.007104778136815729,0.20030614770093516,4.556578813135297e-05,0.0005642419789976539,0.00046966934911859664
AT5G65420,0,0.007266435986159169,0.0003014578346743138,0.008569149985660624,0.2135432740961519,0.0002664344321328595,0.000620187820439517,0.0004738774475889721
AT1G18500,0,0.001038062283737024,0.002238521684337489,0.003793895964356155,0.24656649711179687,0.0020608738498665755,0.00027686265968907247,0.0003522580660590616
AT1G20010,0,0.0006920415224913495,0.0006304798851153815,0.002353550403975822,0.23318236303054032,0.0005630674519814806,0.00020652628070074626,0.00030258296244062754
AT1G20220,0,0.001038062283737024,0.0011887966420462111,0.003020852212303513,0.2324576646445222,0.0011811882183725782,0.00024270327106450546,0.00034419534575061276
AT1G20620,0,0.0017301038062283738,0.0011678055263523058,0.005542224666958692,0.23975552476770742,0.0012271664222202182,0.00032403452863528795,0.00038758894621036285
AT1G20840,0,0.0006920415224913495,0.0019091826734647468,0.0016697509982542035,0.2247337266888541,0.0019182900279126095,0.0002184253607459676,0.0002710309262567875
AT1G27070,0,0.0006920415224913495,0.0004984327117186304,0.0035818882041572134,0.24245274584908694,0.0004137545388185756,0.00019411756981862102,0.0003039590302299766
AT1G29880,0,0.00034602076124567473,0.0,0.0016344901270650347,0.22392241359611453,0.0,0.0001234901397930662,0.00021448169141048023
AT1G29910,0,0.001038062283737024,0.0011761665433211036,0.01611029080094353,0.25654058823878473,0.000992385731289863,0.00023534664287277747,0.0003537057499667717
AT1G29930,0,0.001384083044982699,0.001472693046475373,0.002229954561181276,0.23369664135371007,0.001378582812811819,0.00033771967013720614,0.0003785030824746473
AT1G30690,0,0.0006920415224913495,0.0004984327117186304,0.0035818882041572134,0.24245274584908694,0.0004137545388185756,0.00019411756981862102,0.00030395903022997653
AT1G31230,0,0.00034602076124567473,0.0,0.0016344901270650347,0.22392241359611453,0.0,0.0001234901397930662,0.0002144816914104801
AT1G31330,0,0.0006920415224913495,0.000101917169941203,0.001972770439033425,0.22700052228966106,8.040331410075507e-05,0.000190789812798612,0.00030160238068045986
AT1G42970,0,0.002422145328719723,0.0045549072118371,0.0029052331638110777,0.245946503985597,0.004294588405148699,0.0004951835560058307,0.0004029647913198786
AT1G47128,0,0.0017301038062283738,0.002972338934493508,0.0016504835527059432,0.22437681764699777,0.0029670013370249166,0.0005876600631892012,0.0002812979563263677
AT1G47380,0,0.00034602076124567473,0.0,0.0016344901270650347,0.22392241359611453,0.0,0.0001234901397930662,0.00021448169141048026
AT1G49240,0,0.00034602076124567473,0.0,0.0016344901270650347,0.22392241359611453,0.0,0.0001234901397930662,0.00021448169141048023
AT1G51660,0,0.004844290657439446,0.010085155215673701,0.03097681090071427,0.2722208147303653,0.009870637305274375,0.0008008388672073151,0.0004677800138395373
AT1G52230,0,0.00034602076124567473,0.0,0.0016344901270650347,0.22392241359611453,0.0,0.0001234901397930662,0.0002144816914104803
AT1G54040,0,0.0006920415224913495,8.34052473972903e-05,0.0029585121008124968,0.2288183238447969,8.640404998424456e-05,0.00016088429628632382,0.00030036709911721574
AT1G55670,0,0.0006920415224913495,0.000101917169941203,0.001972770439033425,0.22700052228966106,8.040331410075507e-05,0.000190789812798612,0.00030160238068045986
AT1G60780,0,0.00034602076124567473,0.0,0.0016344901270650347,0.22392241359611453,0.0,0.0001234901397930662,0.0002144816914104803
AT1G60950,0,0.002422145328719723,0.00371896693714854,0.004010141694283096,0.24611311828230648,0.0037743897117889194,0.0005023028256971317,0.0004183427105264738
AT1G61520,0,0.001384083044982699,0.0012987460772686317,0.002115110247678367,0.22968631242874574,0.0011959205683653063,0.0003463759739813265,0.0003623796309401502
AT1G64230,0,0.001038062283737024,0.0007352601395511899,0.0019118180329260465,0.22943764446148257,0.0007193053949703618,0.0002502675436116802,0.00033242523899267663
AT1G64770,0,0.00034602076124567473,0.0,0.0016344901270650347,0.22392241359611453,0.0,0.0001234901397930662,0.00021448169141048036
AT1G65260,0,0.001038062283737024,0.00041150185613715796,0.0019824663633326374,0.22740649657614886,0.0003945919594560374,0.00027074824819456355,0.0003283013994321373
AT1G70600,0,0.00034602076124567473,0.0,0.0016344901270650347,0.22392241359611453,0.0,0.0001234901397930662,0.00021448169141048036
AT1G72160,0,0.00034602076124567473,0.0,0.0016344901270650347,0.22392241359611453,0.0,0.0001234901397930662,0.0002144816914104804
AT1G76080,0,0.0006920415224913495,0.0005351255544829245,0.0019922623669470937,0.22557094653282533,0.0005858877108574829,0.0001779737254709186,0.0002916803721906153
AT1G78370,0,0.00034602076124567473,0.0,0.0016344901270650347,0.22392241359611453,0.0,0.0001234901397930662,0.0002144816914104803
AT1G78380,0,0.0006920415224913495,2.7308104865654904e-05,0.0023198462585164886,0.22653544015776528,2.5126341088556623e-05,0.0001833893238688325,0.00030011329715369034
AT1G78570,0,0.0017301038062283738,0.0008481076322809946,0.002406482731704418,0.22865373594776775,0.0008400314403842052,0.0003660706875965959,0.0002997802593186779
AT2G01140,0,0.0006920415224913495,2.7308104865654904e-05,0.0023198462585164886,0.22653544015776528,2.5126341088556623e-05,0.0001833893238688325,0.00030011329715369045
AT2G04790,0,0.001038062283737024,0.00120737422610916,0.00270411576533973,0.23694091597978878,0.0010346249414702605,0.0002869753126399136,0.00035098657173803156
AT2G10940,0,0.001038062283737024,0.0014086087475586482,0.002197063248627885,0.23725038261135112,0.0012050357513828727,0.0002866842616026851,0.0003515608330438325
AT2G16870,0,0.00034602076124567473,0.0,0.0016344901270650347,0.22392241359611453,0.0,0.0001234901397930662,0.0002144816914104804
AT2G18510,0,0.00034602076124567473,0.0,0.0016344901270650347,0.22392241359611453,0.0,0.0001234901397930662,0.00021448169141048036
AT2G19730,0,0.00034602076124567473,0.0,0.0016344901270650347,0.22392241359611453,0.0,0.0001234901397930662,0.00021448169141048045
AT2G21330,0,0.0006920415224913495,0.00040865724526748003,0.0017722101143358806,0.2266767850263903,0.000353018477517356,0.00019798180062519276,0.0002976306200128978
AT2G24270,0,0.001384083044982699,0.0009722295280593205,0.0019970251630370838,0.23207582142827823,0.001009119628148106,0.0002773496468145787,0.000300955387029934
AT2G26280,0,0.001384083044982699,0.004044421076607094,0.0021007705528510224,0.2303729369699314,0.004016616125671893,0.00039480190562333096,0.00030207875270821754
AT2G27450,0,0.0006920415224913495,0.0006304798851153815,0.002353550403975822,0.23318236303054032,0.0005630674519814806,0.00020652628070074626,0.00030258296244062695
AT2G27860,0,0.0006920415224913495,2.7308104865654904e-05,0.0023198462585164886,0.22653544015776528,2.5126341088556623e-05,0.0001833893238688325,0.0003001132971536903
AT2G29190,0,0.00034602076124567473,0.0,0.0016344901270650347,0.22392241359611453,0.0,0.0001234901397930662,0.0002144816914104804
AT2G30020,0,0.002422145328719723,0.0060610538907452435,0.01044277636431244,0.25659235709929096,0.006037041288166508,0.00039952872360506846,0.00042790883881860974
AT2G30050,0,0.0017301038062283738,0.0032956825984165536,0.015883675127928553,0.2522152981464914,0.003331601966650427,0.0003430558006693638,0.00038676682864633436
AT2G34430,0,0.0006920415224913495,0.000101917169941203,0.001972770439033425,0.22700052228966106,8.040331410075507e-05,0.000190789812798612,0.0003016023806804596
AT2G38470,0,0.0017301038062283738,0.001625976401548809,0.0021448429591917604,0.22689925510448544,0.0016530667769489417,0.00045213157019413836,0.0003270117550414907
AT2G43130,0,0.00034602076124567473,0.0,0.0016344901270650347,0.22392241359611453,0.0,0.0001234901397930662,0.00021448169141048045
AT2G44120,0,0.00034602076124567473,0.0,0.0016344901270650347,0.22392241359611453,0.0,0.0001234901397930662,0.0002144816914104804
AT2G47090,0,0.0006920415224913495,2.7308104865654904e-05,0.0023198462585164886,0.22653544015776528,2.5126341088556623e-05,0.0001833893238688325,0.0003001132971536902
AT3G01280,0,0.0006920415224913495,0.0003080341766080921,0.0018117655906664087,0.2286742964851248,0.00029366402030262505,0.00016591379239777886,0.0003000200842792649
AT3G01910,0,0.0006920415224913495,0.0003186654083094539,0.0020107075794252435,0.22613256724267053,0.0003035986288328524,0.00019167334934245357,0.00029183525953141193
AT3G04790,0,0.00034602076124567473,0.0,0.0016344901270650347,0.22392241359611453,0.0,0.0001234901397930662,0.0002144816914104804
AT3G05200,0,0.00034602076124567473,0.0,0.0016344901270650347,0.22392241359611453,0.0,0.0001234901397930662,0.00021448169141048045
AT3G09260,0,0.001384083044982699,0.0005782973646208314,0.002402171559779279,0.23043556100136578,0.000630553896908916,0.0002600672649273203,0.0002982699146607011
AT3G12780,0,0.00034602076124567473,0.0,0.0016344901270650347,0.22392241359611453,0.0,0.0001234901397930662,0.00021448169141048036
AT3G13750,0,0.0006920415224913495,0.000683660428172982,0.0019536263367623888,0.23367516780401293,0.0006592996143710602,0.0001823786601675524,0.0003022380159200021
AT3G14420,0,0.0006920415224913495,0.0003186654083094539,0.0020107075794252435,0.22613256724267053,0.0003035986288328524,0.00019167334934245357,0.00029183525953141285
AT3G15690,0,0.00034602076124567473,0.0,0.0016344901270650347,0.22392241359611453,0.0,0.0001234901397930662,0.00021448169141048045
AT3G17390,0,0.0006920415224913495,0.0004984327117186304,0.0035818882041572134,0.24245274584908694,0.0004137545388185756,0.00019411756981862102,0.00030395903022997593
AT3G18780,0,0.0031141868512110727,0.005007558959042853,0.0028438645467788815,0.24155460212871133,0.0050965838075360545,0.0006545513019919074,0.00041987439847332675
AT3G21220,0,0.002422145328719723,0.0010656344854516257,0.014331961888373934,0.25456324836947675,0.0011094900995401273,0.00042450303506837486,0.00042861707309588325
AT3G23390,0,0.0006920415224913495,0.000677733831602474,0.01416289272385135,0.24813024209299175,0.0005809167819438162,0.00016471921284722267,0.00030466238128826266
AT3G23400,0,0.00034602076124567473,0.0,0.0016344901270650347,0.22392241359611453,0.0,0.0001234901397930662,0.0002144816914104804
AT3G26650,0,0.001038062283737024,0.0005553834051079831,0.0018598407899214414,0.2286742964851248,0.0005094349555663218,0.0003000579674293562,0.0003282640887093316
AT3G27430,0,0.0006920415224913495,0.001297847341245459,0.0016378276384574756,0.224001308130985,0.0012978473412454592,0.0002606175118015241,0.00021466585899658307
AT3G27690,0,0.0006920415224913495,0.000101917169941203,0.001972770439033425,0.22700052228966106,8.040331410075507e-05,0.000190789812798612,0.0003016023806804591
AT3G27830,0,0.001384083044982699,0.0029681459408834724,0.0018546120533307758,0.2288183238447969,0.002899837394431229,0.0003932831754654778,0.0003026069933126552
AT3G44110,0,0.001384083044982699,0.0018995322733960515,0.0033833911562392237,0.24331102671365032,0.00195227121320183,0.0002895177735756422,0.0003800291506175642
AT3G47470,0,0.001384083044982699,0.0005512500578083466,0.002391102043515291,0.23725038261135112,0.0005317654028634057,0.0003160084452013618,0.000377678375450807
AT3G49430,0,0.00034602076124567473,0.0,0.0016344901270650347,0.22392241359611453,0.0,0.0001234901397930662,0.00021448169141048036
AT3G49680,0,0.00034602076124567473,0.0,0.0016344901270650347,0.22392241359611453,0.0,0.0001234901397930662,0.0002144816914104804
AT3G52300,0,0.0006920415224913495,0.00039650270224405226,0.0017539542619420393,0.22877715466094573,0.0003875181285165563,0.00019592833629953387,0.00029866862405032
AT3G52930,0,0.0006920415224913495,0.00037436760736449465,0.0018464978872639766,0.22865373594776775,0.0003060590609122428,0.00020623522966351768,0.000302241152167404
AT3G54890,0,0.001038062283737024,0.000498095316832772,0.0024304625841990784,0.23335353745743007,0.0005016176605104517,0.00025614391451206364,0.0003503185708608457
AT3G56940,0,0.00034602076124567473,0.0,0.0016344901270650347,0.22392241359611453,0.0,0.0001234901397930662,0.0002144816914104804
AT3G61470,0,0.0006920415224913495,0.000101917169941203,0.001972770439033425,0.22700052228966106,8.040331410075507e-05,0.000190789812798612,0.00030160238068045904
AT3G62030,0,0.0006920415224913495,0.00037436760736449465,0.0018464978872639766,0.22865373594776775,0.0003060590609122428,0.00020623522966351768,0.0003022411521674042
AT4G01850,0,0.001038062283737024,0.0019109302852987856,0.0018656933453994047,0.22869486072042022,0.002054306384096812,0.00025995760363932874,0.0003370648846128144
AT4G04640,0,0.0017301038062283738,0.001287724912613327,0.0023456806490018112,0.23035206985607543,0.0013008879262204536,0.0004491798984612861,0.00034916797067608216
AT4G08350,0,0.00034602076124567473,0.0,0.0016344901270650347,0.22392241359611453,0.0,0.0001234901397930662,0.0002144816914104804
AT4G08500,0,0.002768166089965398,0.0010697886665693133,0.009313927954340788,0.24187624607295727,0.0010645498477745866,0.0005036108538951405,0.0004253162176522837
AT4G09800,0,0.00034602076124567473,0.0,0.0016344901270650347,0.22392241359611453,0.0,0.0001234901397930662,0.00021448169141048036
AT4G12800,0,0.001038062283737024,0.0001358251627784948,0.002356617779907593,0.2347537017641533,0.0001088394754462228,0.000248031243306032,0.0003500615829698496
AT4G13940,0,0.002076124567474048,0.002540276130758651,0.0034234294102505236,0.24061754671313018,0.0022683075045509477,0.0005025226679828561,0.0003956205544154259
AT4G14660,0,0.00034602076124567473,0.0,0.0016344901270650347,0.22392241359611453,0.0,0.0001234901397930662,0.00021448169141048036
AT4G15000,0,0.00034602076124567473,0.0,0.0016344901270650347,0.22392241359611453,0.0,0.0001234901397930662,0.0002144816914104803
AT4G20890,0,0.001038062283737024,0.0008572667249945855,0.0016898302648247652,0.22493250054936076,0.0008531889049403807,0.00030735710405119167,0.0002894278929844582
AT4G23470,0,0.00034602076124567473,0.0,0.0016344901270650347,0.22392241359611453,0.0,0.0001234901397930662,0.0002144816914104803
AT4G23730,0,0.0006920415224913495,0.0004984327117186304,0.0035818882041572134,0.24245274584908694,0.0004137545388185756,0.00019411756981862102,0.0003039590302299758
AT4G25100,0,0.002422145328719723,0.007369049919977766,0.0033802467704583724,0.24973847109997768,0.00744867777392167,0.0005226503402051085,0.00041789467451383073
AT4G27960,0,0.002422145328719723,0.003008785969418364,0.0021523337395173278,0.23486210299326496,0.0029546101552226237,0.0005334863509906673,0.0003977378145972764
AT4G32940,0,0.00034602076124567473,0.0,0.0016344901270650347,0.22392241359611453,0.0,0.0001234901397930662,0.00021448169141048026
AT4G34620,0,0.0006920415224913495,0.0,0.0020183374679392024,0.23254268939384354,0.0,0.00018073157030048628,0.00030190392759303516
AT4G38970,0,0.001038062283737024,0.0014086087475586482,0.002197063248627885,0.23725038261135112,0.0012050357513828727,0.0002866842616026851,0.00035156083304382923
AT4G39200,0,0.00034602076124567473,0.0,0.0016344901270650347,0.22392241359611453,0.0,0.0001234901397930662,0.00021448169141048023
AT4G39960,0,0.00034602076124567473,0.0,0.0016344901270650347,0.22392241359611453,0.0,0.0001234901397930662,0.0002144816914104803
AT5G02960,0,0.00034602076124567473,0.0,0.0016344901270650347,0.22392241359611453,0.0,0.0001234901397930662,0.00021448169141048023
AT5G06360,0,0.00034602076124567473,0.0,0.0016344901270650347,0.22392241359611453,0.0,0.0001234901397930662,0.0002144816914104803
AT5G09620,0,0.00034602076124567473,0.0,0.0016344901270650347,0.22392241359611453,0.0,0.0001234901397930662,0.00021448169141048026
AT5G11500,0,0.0006920415224913495,0.000683660428172982,0.0019536263367623888,0.23367516780401293,0.0006592996143710602,0.0001823786601675524,0.0003022380159200011
AT5G13650,0,0.00034602076124567473,0.0,0.0016344901270650347,0.22392241359611453,0.0,0.0001234901397930662,0.0002144816914104803
AT5G14780,0,0.0006920415224913495,0.0003160504910460613,0.0019120390898434653,0.22706132600098863,0.0003349592450027084,0.00017435330415030423,0.0002930285930052491
AT5G15650,0,0.0006920415224913495,0.0006491632142442218,0.0016378208373918036,0.2239618539155502,0.0006491632142442219,0.000262061037197546,0.00021457373568600468
AT5G16710,0,0.00034602076124567473,0.0,0.0016344901270650347,0.22392241359611453,0.0,0.0001234901397930662,0.0002144816914104803
AT5G18170,0,0.00034602076124567473,0.0,0.0016344901270650347,0.22392241359611453,0.0,0.0001234901397930662,0.00021448169141048026
AT5G20290,0,0.0006920415224913495,0.0006248111489420078,0.0016799358163972818,0.22687901250879408,0.0005913369007183578,0.0001983920282267637,0.00029398263130806293
AT5G20630,0,0.00034602076124567473,0.0,0.0016344901270650347,0.22392241359611453,0.0,0.0001234901397930662,0.00021448169141048023
AT5G22640,0,0.00034602076124567473,0.0,0.0016344901270650347,0.22392241359611453,0.0,0.0001234901397930662,0.0002144816914104803
AT5G23740,0,0.00034602076124567473,0.0,0.0016344901270650347,0.22392241359611453,0.0,0.0001234901397930662,0.00021448169141048026
AT5G24520,0,0.004498269896193771,0.004634798569411333,0.04111213775919741,0.2657353031568519,0.004342532310900959,0.0006192159528014685,0.00046662151250727925
AT5G24780,0,0.00034602076124567473,0.0,0.0016344901270650347,0.22392241359611453,0.0,0.0001234901397930662,0.00021448169141048026
AT5G25610,0,0.00034602076124567473,0.0,0.0016344901270650347,0.22392241359611453,0.0,0.0001234901397930662,0.00021448169141048023
AT5G26280,0,0.0006920415224913495,0.0002449869509328083,0.0035932391968008246,0.23432109566120637,0.0002504754243121026,0.00016599922695124434,0.00030172075330344626
AT5G35360,0,0.0006920415224913495,0.0002570660788624469,0.0016433450373750157,0.2241395074220935,0.0002738305067167941,0.00020851636466953852,0.00026455537475599976
AT5G35630,0,0.001038062283737024,0.001017689588740039,0.003611518591817802,0.24298555811303965,0.0009587302397973535,0.00026412361991504855,0.00033592107310123463
AT5G38430,0,0.001384083044982699,0.0012702487383417437,0.0025686255401065343,0.23907933169230733,0.001255733709750733,0.00033077633317648344,0.0003815612045606841
AT5G38660,0,0.0017301038062283738,0.001872097629927615,0.00243148868750466,0.24068586515342352,0.0019084344835191764,0.0004001276304568055,0.00039367678122161846
AT5G41770,0,0.00034602076124567473,0.0,0.0016344901270650347,0.22392241359611453,0.0,0.0001234901397930662,0.00021448169141048026
AT5G43960,0,0.0006920415224913495,2.0348733565402628e-05,0.002222690937633833,0.22408025827923808,2.259382304793225e-05,0.0001788306478605754,0.00029695047436968804
AT5G44340,0,0.00034602076124567473,0.0,0.0016344901270650347,0.22392241359611453,0.0,0.0001234901397930662,0.00021448169141048023
AT5G47210,0,0.0006920415224913495,0.00015642848010195758,0.0020921822722306882,0.2301227808534135,0.00012861354818252116,0.00018884424150651785,0.0003015322338216495
AT5G52430,0,0.00034602076124567473,0.0,0.0016344901270650347,0.22392241359611453,0.0,0.0001234901397930662,0.00021448169141048026
AT5G53850,0,0.00034602076124567473,0.0,0.0016344901270650347,0.22392241359611453,0.0,0.0001234901397930662,0.00021448169141048026
AT5G54430,0,0.001038062283737024,5.7030809186895485e-06,0.011194641216373627,0.24464519973170495,4.0452079498791725e-06,0.0002047915959048666,0.0003532807074572579
AT5G58220,0,0.0017301038062283738,0.001669036662229352,0.002081517261265673,0.22960336323682493,0.0017847248070684395,0.0002827094977030325,0.00034545298904547865
AT5G59310,0,0.00034602076124567473,0.0,0.0016344901270650347,0.22392241359611453,0.0,0.0001234901397930662,0.00021448169141048036
AT5G59320,0,0.00034602076124567473,0.0,0.0016344901270650347,0.22392241359611453,0.0,0.0001234901397930662,0.0002144816914104804
AT5G61600,0,0.001038062283737024,0.0004333399487221147,0.009983001557670767,0.2463276686566324,0.00042693444956954426,0.00020265112243213573,0.0003531101193438841
AT5G64040,0,0.0006920415224913495,0.000101917169941203,0.001972770439033425,0.22700052228966106,8.040331410075507e-05,0.000190789812798612,0.00030160238068045796
AT5G64070,0,0.001038062283737024,0.0009571973908523145,0.0018154575747097738,0.22871542865465175,0.0009428272345468445,0.0002764903899112001,0.00030011012334376107
AT5G65950,0,0.00034602076124567473,0.0,0.0016344901270650347,0.22392241359611453,0.0,0.0001234901397930662,0.0002144816914104803
AT5G66570,0,0.001038062283737024,0.0010578204595117035,0.0017758214559980524,0.22671720167701462,0.0010021816917615762,0.0003186927330025392,0.0002977192303720218
AT1G18150,0,0.003806228373702422,0.0009354712460122943,0.0343104194355826,0.2579718859009001,0.0009774497822386116,0.00048152989600290486,0.00045788280160007435
AT2G31390,0,0.001384083044982699,1.3538021763412214e-05,0.011317053604272256,0.23471036928574737,1.0465534435615107e-05,0.00020887005843652932,0.0003811304617485748
AT4G35600,0,0.0031141868512110727,0.0002155607152103474,0.006552387762252425,0.22081156995841564,0.00019857689709262193,0.0003378895629431349,0.00042862064063491415
AT1G18160,0,0.00034602076124567473,0.0,0.0014046104247845757,0.20980833687080874,0.0,9.203372390820529e-05,0.00021197461313273596
AT2G18170,0,0.01245674740484429,0.010578775057993208,0.031147096035347457,0.270224933717041,0.010845642049009395,0.0017012124192384837,0.000498120577298302
AT1G18260,0,0.00034602076124567473,0.0,3.518397515288328e-55,0.00034602076124567473,0.0,0.0003459010722933241,0.0
AT5G35080,0,0.00034602076124567473,0.0,3.518397515288328e-55,0.00034602076124567473,0.0,0.0003459010722933241,0.0
AT1G80490,0,0.007266435986159169,0.001119036945084854,0.04162078534403318,0.24233722614933037,0.0011229743467525476,0.0008087065726288703,0.0004814969526170829
AT1G18450,0,0.001038062283737024,0.00017292506567301338,0.0023903807503160264,0.2079384179240452,0.00018215437747937967,0.00022917459362662104,0.000335876706666973
AT3G12810,0,0.001384083044982699,0.00016037370513680865,0.000498830729256052,0.1952765761507389,0.00019229201076774723,0.0002931709535686748,0.00034044348730195883
AT1G18660,0,0.003806228373702422,0.001922450535532745,0.03333579268804355,0.2499839625686693,0.001910602552732273,0.0005350730660635983,0.0004410458817666292
AT2G37190,0,0.0006920415224913495,0.00021299230372590308,0.0016721158384053049,0.21257935728588756,0.00024551378090707375,0.0001651189458329104,0.0002934064556657915
AT4G32175,0,0.0006920415224913495,0.00013235428731939316,0.002098159146046298,0.22605216455209537,0.00015031801352432918,0.00015882015307972639,0.00029510514378198056
AT1G18800,0,0.00034602076124567473,0.0,2.14284458467487e-05,0.16465437689938964,0.0,0.0001310910625206401,0.00017227691635359895
AT1G19100,0,0.00034602076124567473,0.0,1.1018548634821154e-05,0.1594211917760201,0.0,0.00012894599166633682,0.0001730676061916186
AT3G49250,0,0.0017301038062283738,0.001496752292800609,0.00024427875282140136,0.1920470360376886,0.001535102360711268,0.0004534117483217102,0.0003259358054792401
AT1G74950,0,0.007266435986159169,0.0006507731094993188,0.05691031696464773,0.25299312089246645,0.0005929341316863371,0.0007531456805011339,0.00048045705633364624
AT2G27110,0,0.003806228373702422,0.0007809622561608091,0.036214379829088324,0.2431016968942809,0.0008205133545352584,0.00047022489104497076,0.00045749028818032076
AT2G39940,0,0.004498269896193771,0.0009892345798410403,0.02145560168658934,0.23066547403275037,0.000993876820231854,0.0005303018601011012,0.0004649003142957374
AT2G46510,0,0.002768166089965398,1.1138369245481685e-06,0.02264281717768995,0.2194965347152661,1.1743530654301841e-06,0.0003153063677584343,0.00043668142254820434
AT3G11830,0,0.0006920415224913495,0.0010573001364499787,0.004438258195734153,0.20970453131121242,0.0010245156630643455,0.0001701205249466871,0.00027257232890040003
AT3G14080,0,0.0017301038062283738,0.0011161075948670778,0.005626637963854912,0.21894850204141825,0.0011255802999543094,0.00032994471778125857,0.0003666959292618066
AT3G20770,0,0.0017301038062283738,0.00021483048341168322,0.010398098266692694,0.2279568708507595,0.000208482957026112,0.00024125287708415396,0.00039929401797207247
AT3G26744,0,0.004152249134948096,0.0015170160846789465,0.022503725593244914,0.25030382393809775,0.0015620987601597765,0.000524815185859474,0.00046231953714236443
AT3G27810,0,0.003806228373702422,0.0003557994240850195,0.025407910302563806,0.2451877025849472,0.00039455843488451104,0.0004193753651924012,0.00044528694844580484
AT3G43440,0,0.005536332179930796,0.0004228641664199949,0.0341794158850699,0.2432179467493375,0.0004209743848337315,0.0006207133951552537,0.00047284841821487787
AT4G16430,0,0.002076124567474048,3.3645407360478256e-05,0.01649288924380903,0.21962922974445745,3.657978698060348e-05,0.0002524777962591876,0.0004157937276126653
AT4G17880,0,0.004844290657439446,0.0001920985526832604,0.026515766253821762,0.22603207281228982,0.0002117546598007236,0.0005571448679201777,0.00046632144606717886
AT5G20900,0,0.004152249134948096,0.0011184887029096668,0.02447413138013774,0.24673395277103646,0.0011614822277161165,0.000501384799185595,0.00046175011052232553
AT5G46760,0,0.004844290657439446,0.0003185217782579318,0.02569644646944962,0.22859207651335486,0.00036403571248119044,0.0005608274015306726,0.0004667839436839447
AT5G46830,0,0.002076124567474048,3.5960889874322017e-07,0.014282090242250915,0.21365091583727402,3.988686468825308e-07,0.00025130306176271086,0.0004135524540727993
AT5G63110,0,0.005536332179930796,0.005329562239738838,0.009087573496419261,0.22769154366649413,0.005268737371674713,0.0009308767281801769,0.00046141620742590596
AT1G19270,0,0.002422145328719723,0.0016839184491653553,0.04899106516341633,0.2599495912512596,0.0015576303610241313,0.00033897204469845326,0.00043255039528009064
AT1G56650,0,0.006228373702422145,0.002145589699820688,0.022178880877578664,0.23503575334667953,0.0022058050516215286,0.0008063871466222032,0.00047519314370788565
AT1G71030,0,0.002076124567474048,8.661554035444921e-05,0.015526692296477653,0.23296874782072854,9.93379678657937e-05,0.00028683357769439694,0.000416785925632898
AT1G77300,0,0.0017301038062283738,5.988964992464637e-05,0.0022639091753137905,0.21386652520486696,8.840142556006585e-05,0.00027978659296834025,0.00033442863064372117
AT2G42620,0,0.0017301038062283738,0.00020531079200852248,0.008272952864647501,0.22888010541005066,0.00019964411560077547,0.00024756974811277594,0.0004003361561879598
AT3G09880,0,0.001038062283737024,1.5566551577402204e-05,0.007147713146120133,0.22655562148873698,1.60702676815354e-05,0.00018487007572056508,0.00034869754079558374
AT3G28910,0,0.001384083044982699,6.402175744269163e-05,0.005470719636247169,0.22439661618380594,8.090446645541251e-05,0.0002316256770489926,0.000372536787188585
AT3G48430,0,0.00034602076124567473,0.0,0.0013850025705558508,0.20638588307182867,0.0,9.474475434633549e-05,0.0002073417554169859
AT5G03470,0,0.0006920415224913495,0.0,0.006065253788687595,0.22119569028538513,0.0,0.0001359856167997902,0.00029884840377228573
AT5G10450,0,0.0058823529411764705,0.004063898404150757,0.0111028908602264,0.24377749724032524,0.004121845224013767,0.0009050960771706639,0.0004639985358125427
AT5G56030,0,0.005536332179930796,0.0028288399207051468,0.011615257912135,0.22861262596287962,0.002663528555273235,0.0007431051832405677,0.00046261191936284473
AT1G19520,0,0.00034602076124567473,0.0,6.205511937621954e-05,0.1681824516375288,0.0,0.00013193284062957433,0.00015930817292338412
AT1G60080,0,0.001038062283737024,0.0006758758890832092,0.0013760988064822819,0.20490587794787468,0.0006902447750197118,0.0002834336727225535,0.000280336482491148
AT1G19570,0,0.0017301038062283738,0.000403045315833621,0.0002917713903458344,0.2143713100574115,0.00045277632420494734,0.0003362215336446914,0.000384471022104048
AT1G29330,0,0.002076124567474048,0.001376198354863479,0.0007598402983932524,0.22012350482221696,0.001386390277558925,0.0003615707783207676,0.0004082938128102566
AT4G31340,0,0.002422145328719723,0.001005828556710822,0.0005334326964776876,0.2150238311669124,0.0009569991190651957,0.0004263682829510195,0.00041625897815327265
AT1G19750,0,0.0006920415224913495,0.0,0.0003275472850997291,0.1948128428995766,0.0,0.00019162189332798084,0.0002552531599546313
AT1G27840,0,0.0006920415224913495,0.0,0.0003275472850997291,0.1948128428995766,0.0,0.00019162189332798084,0.00025525315995463134
AT4G05420,0,0.010380622837370242,0.012220124396274441,0.006935806478852902,0.24582763182320663,0.012765366541025516,0.0020580171226126823,0.00047355677492589773
AT1G19800,0,0.001038062283737024,2.3474878278053423e-05,0.0001681751769324192,0.19642286639461443,2.728237009981596e-05,0.0001944315037986519,0.0003412014892259357
AT1G19835,0,0.00034602076124567473,0.0,0.00039464904451006567,0.18501905065195146,0.0,0.00010110405096399206,0.00020257267036271492
AT1G19860,0,0.005536332179930796,0.0025398687497091023,0.06349144062635703,0.25786725321548093,0.0025171874380823488,0.0007097588412264355,0.00047546545172624945
AT2G22800,0,0.001038062283737024,5.703686633493749e-05,0.0068525808305886894,0.20771762241371175,6.471456171584062e-05,0.000168507615924404,0.00034042105832731876
AT4G01720,0,0.003806228373702422,0.0009238807376384608,0.026399483866919475,0.24289272695425718,0.0010049643559229553,0.00048453629497404013,0.0004561303289882986
AT4G04450,0,0.0031141868512110727,0.00018644414676832492,0.0320495715543843,0.24597029221501818,0.00019743387947122965,0.00040006163235344007,0.0004435453816349554
AT5G60910,0,0.0017301038062283738,0.00010596491290030596,0.0061779946256512045,0.22037147757461636,0.0001501585451808239,0.0002430711336317049,0.0003966076124267261
AT1G20020,0,0.001038062283737024,9.61001324833828e-05,0.0005722496506782705,0.21201224270204858,0.00010308848869657038,0.0002360547297068582,0.0003320936352427081
AT4G11960,0,0.002076124567474048,0.0004756014155305238,0.0010609309214807087,0.22065829511592824,0.0005220573691084903,0.00043198366184315714,0.0003846326453843222
AT4G22890,0,0.002768166089965398,0.001221710784788142,0.0014793874520871192,0.23294740782367618,0.0012450694297792546,0.0005457501867637316,0.00041266481352105887
AT1G20090,0,0.002076124567474048,0.0009736332512502798,0.0009713556151387168,0.20490587794787468,0.0010030173957566854,0.00041258706965330294,0.00038419737596591283
AT2G33460,0,0.002076124567474048,0.0007784466008759613,0.00013517199866790506,0.17987599739786905,0.0008135167344351482,0.000488349118169732,0.0003536812346242047
AT2G38440,0,0.0017301038062283738,0.00013797430405480463,0.0019230466884034023,0.20568479870681597,0.000126713915157136,0.0002743463967805029,0.0003903986049594621
AT2G44100,0,0.0006920415224913495,6.69345797304178e-06,7.672046518733029e-05,0.16827147827771274,9.486437550290296e-06,0.00018905260079531762,0.00025625242850252827
AT4G16340,0,0.003806228373702422,0.0004402210451609627,0.003335076306629394,0.21569863029780093,0.00046672661577881617,0.0005061333549480961,0.0004344265588012256
AT1G20110,0,0.002768166089965398,0.003378651100714793,0.0005679842841022189,0.2077345900352126,0.003460424418904627,0.0005966195691249738,0.0003910143310917401
AT2G45170,0,0.0006920415224913495,0.0,2.7908759412730638e-05,0.1711594327103966,0.0,0.0001948241013420543,0.0002477588339977024
AT4G19690,0,0.0006920415224913495,0.0006491632142442219,2.5667879385923076e-05,0.17010614389371725,0.0006491632142442219,0.00022419135244165943,0.00018991725421923033
AT4G34660,0,0.002076124567474048,0.0008352716216721578,5.0904439010788476e-05,0.17601653178371213,0.0008836899679887685,0.00046756116843062537,0.00028900084642280075
AT1G30950,0,0.002422145328719723,9.991429591154133e-05,0.0031215900181123333,0.2067382205683337,0.00012249980169552123,0.0003175613782994864,0.00041861369999711905
AT2G04550,0,0.001384083044982699,0.00026155733709481933,0.003028817347771966,0.21980007357053352,0.00028330396744433476,0.0002048070442768774,0.0003790346825391863
AT2G18915,0,0.007266435986159169,0.001839405068291254,0.025669831934188984,0.23798304802649006,0.0018784547643466434,0.0008668951637538536,0.0004775362478247392
AT3G06240,0,0.002768166089965398,0.0001437046309507656,0.0030652585130221182,0.20533603966177416,0.00015205957094742342,0.0003567289078856568,0.0004262153176299404
AT4G12560,0,0.002768166089965398,0.0001437046309507656,0.0030652585130221182,0.20533603966177416,0.00015205957094742342,0.0003567289078856568,0.0004262153176299404
AT5G57360,0,0.005536332179930796,0.0022301994155245284,0.018108064322431276,0.23419162457050124,0.0022320491109089607,0.0007193692204962346,0.0004679804853634906
AT1G20200,0,0.0006920415224913495,5.98859053730832e-08,1.4860821850852464e-06,0.12751137440889856,5.98859053730832e-08,0.0002350263042144919,0.00013550469661270122
AT1G64750,0,0.001384083044982699,0.0009730261905018559,1.6477051377467546e-05,0.14754507143252918,0.0009730261905018559,0.00043623289037230046,0.0001571383718093073
AT5G45010,0,0.001384083044982699,0.0009730261905018559,1.6477051377467546e-05,0.14754507143252918,0.0009730261905018559,0.00043623289037230046,0.00015713837180930714
AT5G62440,0,0.0031141868512110727,0.000819061995609879,0.0030332288722339134,0.2157718353309921,0.0008765572469762589,0.000660196521117828,0.00041124149087379204
AT1G20330,0,0.00034602076124567473,0.0,0.00014005998861633606,0.17834959332429154,0.0,0.00013730626259750327,0.00017939694893077127
AT4G24190,0,0.002076124567474048,0.003098744755669615,0.003105894304503301,0.22019974467149303,0.003156813895122034,0.0005979001583203749,0.000349133874410945
AT1G20340,0,0.00034602076124567473,0.0,0.0003838473408741674,0.21143056627960366,0.0,0.00010912659135141868,0.00021026998830644847
AT1G20450,0,0.00034602076124567473,0.0,0.00031913620969735413,0.20349578708578642,0.0,0.0001107736812184848,0.0002104171151660577
AT1G20540,0,0.00034602076124567473,0.0,0.00012176162890519789,0.17931792774016872,0.0,0.00012494994271228265,0.0001652909596959048
AT4G31160,0,0.001038062283737024,0.0008910685252955799,0.0027000700487225015,0.2216777241292776,0.0009168729835527683,0.0002578704856502389,0.0002994067869761146
AT4G11920,0,0.0017301038062283738,0.0005882467469184917,0.0006173170889679606,0.19112331663994236,0.0006303091251364612,0.0002558383869779268,0.0003840347272959489
AT5G13840,0,0.0031141868512110727,0.0006086916776296123,0.001919346077927697,0.20304086636415752,0.0005836743300450194,0.000373237912514837,0.00043344599857967557
AT5G67260,0,0.004498269896193771,0.0004370708270294709,0.005211173095030315,0.2135074176148999,0.00048114486022406204,0.0004388044623245453,0.00045477481000498937
AT4G09320,0,0.001038062283737024,5.7533967708756965e-05,0.0005930245821578784,0.19695530136393066,6.07250024008938e-05,0.0002320443922137814,0.00031708640429357307
AT5G19450,0,0.001038062283737024,2.3587417348647276e-05,0.004131295879180988,0.21959130051041126,2.6281504109603387e-05,0.00018580083027500797,0.00034291461356505916
AT5G35410,0,0.00795847750865052,0.007562866554153953,0.012178383621334044,0.2503284625663031,0.007477505697600813,0.0011292717015934696,0.0004847955582802979
AT1G20630,0,0.001384083044982699,0.000760631629569973,0.003559437906949923,0.20911823461977408,0.0007686143527765429,0.00030337651242662376,0.0003518060772052216
AT1G20640,0,0.00034602076124567473,0.0,8.75534705492109e-05,0.16580302850509016,0.0,0.00011911274031103164,0.00016494621634246037
AT4G00850,0,0.002422145328719723,6.241539696151545e-05,0.010827636435905388,0.21090453236117704,9.99471210314941e-05,0.0003474514179598174,0.000414794409316356
AT1G20850,0,0.0006920415224913495,1.0228960857378959e-05,3.733751422381511e-05,0.164260873996323,1.6988919904547553e-05,0.00024572782526237466,0.00019050543163030945
AT2G43120,0,0.0006920415224913495,0.00014506852980922735,7.611348661318717e-05,0.18113154210905075,0.00016348188238453015,0.00025739749936975825,0.00020215049702548444
AT3G01340,0,0.001384083044982699,0.0005138445580493902,0.0007518623177511982,0.1988495465799572,0.0005021911645212548,0.00030024032670674554,0.000224109554546533
AT1G20870,0,0.001384083044982699,0.000543499722842964,0.0011008623703122153,0.19118078869426197,0.0005311377411531428,0.0003404246980122312,0.00027989153990289685
AT3G14980,0,0.0006920415224913495,0.0,9.938258480458371e-05,0.15884365091886776,0.0,0.00019996518321024195,0.0002147576045240316
AT5G59800,0,0.001038062283737024,6.974742647319573e-05,0.00010848740250395349,0.16610626069308118,9.562463622925138e-05,0.0002691601647963819,0.0002764141043613629
AT1G47870,0,0.003806228373702422,0.0024170563830174644,0.009744562565988945,0.2395071436439134,0.0025011823279736233,0.00041021649757887603,0.0004530483425214332
AT2G41090,0,0.012110726643598616,0.004141079965686619,0.02047337597491328,0.248785643828123,0.003530938079000788,0.0013969616846606827,0.0004950648157468124
AT3G43810,0,0.01245674740484429,0.005232724467211655,0.021722890966426264,0.2513676832273473,0.004770046978916473,0.0014284759445569147,0.0004967226536019645
AT3G51920,0,0.011764705882352941,0.003915202371799206,0.020527405506297107,0.2490048811525578,0.003301580474848684,0.001343978294649529,0.0004949731589760019
AT4G37490,0,0.0031141868512110727,0.004557434642874569,0.0036462370655499935,0.2337181188503881,0.004657479712891682,0.00045908924642291775,0.00043499595182942206
AT5G06150,0,0.0031141868512110727,0.0010113193568356054,0.0029489674540063844,0.2011458396908228,0.0009495913668823751,0.0003748912040630766,0.00043727207530546276
AT5G21274,0,0.011072664359861591,0.003919964811606343,0.018343413143978242,0.25062450489909066,0.0036311265838484996,0.0012521286450904031,0.0004941295610902383
AT1G20950,0,0.00034602076124567473,0.0,0.0009258378202495177,0.19678765388927286,0.0,8.543103039097908e-05,0.00021140256517294593
AT1G20960,0,0.00034602076124567473,0.0,0.0019473980770921785,0.2242976584239789,0.0,0.00012251259086955345,0.0002137772129879385
AT1G20970,0,0.00034602076124567473,0.0,0.00059488821655206,0.2143532409989104,0.0,0.00011331500178369032,0.00021076847738930136
AT2G05520,0,0.00034602076124567473,0.0,6.851296390925319e-06,0.1582013593288381,0.0,0.00016148374744170805,0.00012502205029836128
AT5G14870,0,0.0017301038062283738,0.0008568119243489487,0.0012189680771278186,0.20966995228057322,0.0009167599244624695,0.0003817051128322558,0.000359247467186688
AT1G21400,0,0.00034602076124567473,0.0,0.00035056536136390825,0.20393639544595613,0.0,0.00013233419278316601,0.00021191811470673607
AT1G21410,0,0.002076124567474048,0.00012466837369788303,0.0033024600729578855,0.21176508045724646,0.00013958086319631473,0.00026450538593020094,0.0004109845209560449
AT1G21560,0,0.00034602076124567473,0.0,0.0019473980770921785,0.2242976584239789,0.0,0.00012251259086955345,0.00021377721298793868
AT1G21690,0,0.001384083044982699,0.0014235145667239656,0.0026537927692681226,0.21555236914825163,0.001447849765336626,0.00030564620153501634,0.000341207650589495
AT1G77470,0,0.0006920415224913495,0.0006491632142442219,0.0001199163619427821,0.1753127568737814,0.0006491632142442219,0.0002521480822117954,0.0001773437461890654
AT1G28420,0,0.0017301038062283738,0.0019465314682466965,0.010198510514453009,0.21612023890635446,0.0019465314682466965,0.0003607878548453098,0.0003500984415962918
AT1G72010,0,0.002422145328719723,0.00023075716132558324,0.02295049024945981,0.2392142649996306,0.000251489842774046,0.0003224643425059154,0.0004299834718822827
AT2G33610,0,0.009688581314878892,0.009716253435937053,0.07537671806207075,0.27129153522627186,0.009592191305612043,0.0011514574641795746,0.0004920995199191245
AT2G46020,0,0.012110726643598616,0.00854975911676099,0.07443214819835192,0.2637509698414305,0.008146758755938366,0.0015157386925677644,0.0004978716505620527
AT2G47620,0,0.005190311418685121,0.0005087611063117487,0.06642733391181728,0.2537251173511995,0.0005053651913879694,0.000589528334621116,0.00046630099749520276
AT3G01890,0,0.001038062283737024,6.078399514207833e-05,0.003799628483931913,0.2098429615653992,8.505335425761622e-05,0.00020210849894764364,0.00032322923330849624
AT3G11540,0,0.002076124567474048,4.091880963238117e-05,0.03092228417223185,0.24549540025205838,3.7870930289152415e-05,0.0002418886329927461,0.00038261493114269765
AT3G46640,0,0.0017301038062283738,0.00030094802527495546,0.010490523928584823,0.22160045758200356,0.0002954018937413834,0.00026237909942118074,0.00038758167633608584
AT3G60630,0,0.001038062283737024,6.385423284175319e-06,0.01047034918184938,0.22111875934362862,7.4256956773664944e-06,0.00015937205142125676,0.0003485290552037355
AT5G02470,0,0.0034602076124567475,0.0028948476037054384,0.016392801553098694,0.25314422170128137,0.0029422121759151284,0.00043368917063574914,0.0004483221453896518
AT5G06960,0,0.0031141868512110727,0.00033321738868645717,0.01263300745779961,0.22700052228966106,0.0003650490775104327,0.0004002758088713013,0.00042212757596588334
AT5G14960,0,0.0017301038062283738,0.0002540590827143142,0.005070304142069664,0.2101898381032377,0.00028149242188496733,0.00018969351865755297,0.00039653711527796645
AT1G21750,0,0.0006920415224913495,1.197718107461664e-06,2.735935190465694e-42,0.0011324315822585718,1.197718107461664e-06,0.00037656629592038883,0.0
AT3G19390,0,0.00034602076124567473,0.0,1.0358735421093637e-42,0.0007785467128027682,0.0,0.00021207727032806817,0.0
AT3G28270,0,0.002076124567474048,3.1140670794003265e-06,6.190241482689945e-42,0.0015570934256055363,3.1140670794003265e-06,0.0008510762823159645,0.0
AT1G21780,0,0.001038062283737024,0.0,2.9459334204673014e-05,0.1573594982495559,0.0,0.00020192707338815495,0.00018562570765808678
AT1G26830,0,0.002422145328719723,0.0016528003971090959,0.0006237983741470412,0.18906303257832674,0.0017002515253287964,0.0005284156236153383,0.0003735266917161663
AT1G21980,0,0.00034602076124567473,0.0,8.186964806842885e-05,0.18389520943026053,0.0,0.00013073196361569812,0.00016550509153556513
AT1G22150,0,0.001384083044982699,0.0003963106150534465,0.0003441891786909589,0.21102703935035041,0.00041464720677557174,0.0002796327210317647,0.00036465687039403147
AT1G78000,0,0.0006920415224913495,0.00012849983161425797,5.335843220165645e-05,0.18573523599262876,0.00014337680711315088,0.00018996675828809024,0.000266955293541147
AT3G48890,0,0.007266435986159169,0.005393470066763982,0.0011387545177884897,0.23222416685335337,0.005645607414413765,0.001231602594101983,0.00047451843008769576
AT1G22280,0,0.0006920415224913495,0.0006491632142442219,0.0014009725682241991,0.20117766404644194,0.0006491632142442219,0.00021866913807633187,0.00021165460525365815
AT3G26470,0,0.00034602076124567473,0.0,6.317655676479881e-05,0.1656626181493761,0.0,0.00014485068763783884,0.0001345048042632751
AT1G22300,0,0.001038062283737024,0.00023098337892737332,0.004838017905527478,0.2204670005384545,0.00022595253373361215,0.00020671255267082199,0.00033859203991113015
AT1G35580,0,0.0034602076124567475,0.002388417560986962,0.0016371863448060623,0.21696842003336514,0.0023648819574054593,0.0007090109309428884,0.0004275450512214356
AT5G61060,0,0.002076124567474048,0.0002717973153505822,0.0018613187263560945,0.20800644946925184,0.00031539783168559016,0.0003751899069730027,0.00039626967717054044
AT1G22700,0,0.00034602076124567473,0.0,0.0007190602769107869,0.20525317604609142,0.0,0.00013492130175167866,0.0002111613845382814
AT1G22760,0,0.00034602076124567473,0.0,3.892750638752179e-07,0.1327636048661484,0.0,0.00016114286983116887,0.00011705588038466745
AT3G14010,0,0.001384083044982699,0.001081938690407043,8.63218515423575e-06,0.1546419489942884,0.0010549201660995466,0.0005118333100781714,0.00017144047357300587
AT1G22770,0,0.005190311418685121,0.0029661274607734995,0.03382427177168282,0.2535986090158629,0.003085676064825663,0.0006429445485424031,0.00047425532003410217
AT1G68050,0,0.004498269896193771,0.00043051640301148273,0.016996836922835244,0.2301227808534135,0.0004118476189544147,0.0005382500515931826,0.0004631409508469838
AT2G25930,0,0.002768166089965398,0.0005304631325703405,0.011787096303179073,0.23367516780401293,0.0005543044876580247,0.0003856410146873488,0.0004306603595625258
AT1G22780,0,0.00034602076124567473,0.0,0.00023364114410276583,0.18507290962892603,0.0,0.00010898487632315419,0.00020472386000358034
AT1G22840,0,0.0006920415224913495,0.00013799544013156284,0.005957766194894639,0.2276711594638382,0.0001643864124239462,0.000142571231530507,0.00030228503908831875
AT1G30070,0,0.001038062283737024,0.0,0.0010868831784903797,0.21076469842624504,0.0,0.00017751667026837258,0.0002126166656681122
AT1G51560,0,0.00034602076124567473,0.0,0.0010378701490266363,0.21076469842624504,0.0,0.00010205901792107702,0.0002126166656681122
AT1G52510,0,0.0006920415224913495,0.00013171814535995702,0.001427682393668903,0.21645134489838053,0.0001316184014559813,0.00015317293458413364,0.0002994647579836323
AT1G52760,0,0.001038062283737024,0.0007530631523139721,0.0018016032744897637,0.23354640933153392,0.0007000999265802095,0.00023121749255364444,0.00034960252873211047
AT1G65480,0,0.002076124567474048,0.002084948521285083,0.001891957947268071,0.22567103125486493,0.0021458581703485123,0.000454438638950508,0.00036974998492929817
AT1G74500,0,0.001038062283737024,0.0008293738246572235,0.0012741022629046033,0.2165434989110246,0.0008716241671725783,0.0002677595524109343,0.00029820575543056897
AT2G01290,0,0.00034602076124567473,0.0,0.0010378701490266363,0.21076469842624504,0.0,0.00010205901792107702,0.0002126166656681122
AT2G03680,0,0.0006920415224913495,0.0006491632142442219,0.0010400851062481,0.21079963952346426,0.0006491632142442219,0.0002047968884882214,0.0002127071158235727
AT2G03870,0,0.0017301038062283738,0.0011771272939010056,0.0013200283930195286,0.21284623796543964,0.001211262347728974,0.00036420937347027,0.00034161122514525874
AT2G21660,0,0.001038062283737024,0.0004444612637660503,0.0012614437506995133,0.21621211113850303,0.0005058096137326516,0.00021038238675448096,0.0003260800203925579
AT2G26300,0,0.010726643598615917,0.024835331465680482,0.01154893656978266,0.2672151782295968,0.024917785234637956,0.0022276337471112653,0.00048168372236585507
AT2G30950,0,0.001384083044982699,6.718198963491227e-05,0.0024110748930489803,0.21784194373917018,7.087403436663932e-05,0.00020502271830969446,0.00030002222898185783
AT2G45640,0,0.0031141868512110727,0.000822210183110291,0.009286325621857475,0.23165301978603323,0.0008818352459572942,0.00040371748001628144,0.000423018984811887
AT3G03000,0,0.0034602076124567475,0.004133306803475626,0.02126912552444694,0.25633372152112416,0.0041559340781337694,0.0005864979074265054,0.0004400022225576222
AT3G06610,0,0.001038062283737024,0.0006878086401768178,0.0017993986507196546,0.21637767814269315,0.0006760386934808371,0.0002596112000489267,0.00030049654337932654
AT3G09370,0,0.001384083044982699,0.0005774768072095896,0.016067435161933423,0.23796077956499231,0.0005976129880855215,0.00020655627752757684,0.00037999998327025483
AT3G16980,0,0.001384083044982699,0.000229549345073678,0.013655997635371559,0.23733895018302123,0.00022103007523346043,0.0002169304002551425,0.00038288150432355645
AT3G22231,0,0.001384083044982699,3.864542593259641e-05,0.001880542483936851,0.21634086356538262,2.687547923661449e-05,0.0002134916512314258,0.00030040627233288093
AT3G25545,0,0.0006920415224913495,0.00016250064588776696,0.0010596502647174301,0.21204759870016449,0.00017841482138388685,0.00016783225260800385,0.00028419352722264675
AT3G48240,0,0.001038062283737024,0.001765647455352232,0.0014010704131446187,0.22451548081672754,0.0019241626912103252,0.00025802978368886115,0.0003285343465913477
AT3G60820,0,0.001384083044982699,0.0005954803992841081,0.002412851278110167,0.22750821714180292,0.0005962340903781885,0.0002756167624263254,0.0003682700542317088
AT4G02080,0,0.001038062283737024,0.0007354627930276273,0.0018276975938370447,0.2182157929647394,0.0007359191570894553,0.00022673997441297094,0.0003438234891080925
AT4G04800,0,0.001384083044982699,0.0007767513248241693,0.014922500182262833,0.2474060561543995,0.0008160468840068689,0.00023525415097292086,0.00038086769683806225
AT4G25740,0,0.001038062283737024,0.0002416335364608504,0.0022752025439662896,0.2220260914275426,0.00024811240364541834,0.0001971418498713427,0.00034283842330683277
AT4G38930,0,0.0006920415224913495,3.864542593259641e-05,0.0017957394783976927,0.21634086356538262,2.687547923661449e-05,0.00015299131641585473,0.00030040627233288077
AT4G38960,0,0.005190311418685121,0.002286268250514907,0.03161664983218131,0.25875934587007254,0.0022237405728692174,0.0006505148142706698,0.00047351274599607095
AT5G20240,0,0.0031141868512110727,0.001175795600067779,0.02231558010028908,0.24642314449719696,0.0012579077404412423,0.0003981827735182569,0.0004277711552500761
AT5G20920,0,0.0017301038062283738,0.001508283505256755,0.0033937962614839323,0.2291069235325291,0.0015192229292181258,0.00036465393146653655,0.0003760185914283187
AT5G22360,0,0.00034602076124567473,0.0,0.0010378701490266363,0.21076469842624504,0.0,0.00010205901792107702,0.00021261666566811207
AT5G38410,0,0.002076124567474048,0.004480175550700923,0.006428600178191611,0.25423241539648833,0.004724560128978131,0.00039167933978922803,0.0004189873481507965
AT5G52650,0,0.0017301038062283738,0.00032763236609072627,0.006217813474080638,0.22728455190017632,0.0003371615114436148,0.00027769125261129727,0.0003980137201484032
AT5G52960,0,0.00034602076124567473,0.0,0.0010378701490266363,0.21076469842624504,0.0,0.00010205901792107702,0.00021261666566811216
AT5G53400,0,0.001038062283737024,0.003157285445817775,0.0032577360618384274,0.24219874773438788,0.0033995272968315514,0.0002476281560366091,0.0003510082299417759
AT5G56360,0,0.001038062283737024,0.0007604998783426313,0.001078244628621076,0.21150090246266406,0.0007930929622049098,0.00029890895072227225,0.0002638266710950296
AT5G62880,0,0.002768166089965398,0.002425861394448632,0.004252734490849519,0.22569105885792268,0.0023965925415191294,0.0004459447269564838,0.0004296937316173602
AT1G22970,0,0.00034602076124567473,0.0,0.0002724678357196129,0.20352835944066208,0.0,0.00012682686893397587,0.0002077496317888017
AT1G23080,0,0.0006920415224913495,0.0006247554693786687,0.0004315131630855191,0.20961810511136442,0.0006916548072767163,0.00016033687179940872,0.0002980085483475355
AT1G23190,0,0.00034602076124567473,0.0,0.0007190602769107869,0.20525317604609142,0.0,0.00013492130175167866,0.0002111613845382812
AT1G23490,0,0.00034602076124567473,0.0,3.518397515288328e-55,0.00034602076124567473,0.0,0.0003459010722933241,0.0
AT2G37550,0,0.00034602076124567473,0.0,3.518397515288328e-55,0.00034602076124567473,0.0,0.0003459010722933241,0.0
AT1G23820,0,0.0006920415224913495,0.0,2.24340590204753e-46,0.0006920415224913495,0.0,0.0003459010722933241,0.0
AT1G70310,0,0.0006920415224913495,0.0,2.24340590204753e-46,0.0006920415224913495,0.0,0.0003459010722933241,0.0
AT5G53120,0,0.0006920415224913495,0.0,2.24340590204753e-46,0.0006920415224913495,0.0,0.0003459010722933241,0.0
AT5G11710,0,0.001384083044982699,0.0010265177875033557,0.0019426860008132179,0.21417271780453703,0.0010393856096677727,0.00030731746778555843,0.0003376682898551721
AT1G23980,0,0.00034602076124567473,0.0,0.0007190602769107869,0.20525317604609142,0.0,0.00013492130175167866,0.0002111613845382812
AT1G24020,0,0.00034602076124567473,0.0,0.00021200776019894191,0.19627127044926085,0.0,0.00013463025071445007,0.0002110267411147753
AT1G24050,0,0.001038062283737024,0.00022997185943175047,0.0009687511959148852,0.2006855154049142,0.00024380183496479897,0.00022538903231365364,0.0003167590144864336
AT4G30330,0,0.001384083044982699,0.00010681858082647243,0.0001732237691239422,0.18535618449060298,0.0001271639199558987,0.00031163001271081214,0.00031547511998831503
AT1G24190,0,0.001038062283737024,5.833514531189311e-06,0.002468164542583423,0.19953604167995861,8.534544766178753e-06,0.00017929771685991063,0.00033660047838661493
AT1G24260,0,0.003806228373702422,6.53536185004669e-05,0.0097847111671521,0.21799132960835527,8.040879535158739e-05,0.00045168750860389705,0.0004353389210372292
AT1G43850,0,0.001384083044982699,0.00010408107231929959,0.004414993901014162,0.20880916751876777,0.00013001150569648545,0.0002314414451953715,0.00035607666092818543
AT2G22540,0,0.0031141868512110727,0.00048320442232969454,0.00893745860355685,0.2308120213478919,0.0005677313771253582,0.00045228007195504056,0.000438051067703866
AT2G42830,0,0.001384083044982699,0.0,0.003913009436132957,0.2074465169435576,0.0,0.00020787251608455384,0.00037065656328846765
AT3G58780,0,0.004152249134948096,0.0008476442939319798,0.02415577748528526,0.24478649063539057,0.0006543020327883663,0.0004942685144544808,0.0004637630098913746
AT1G24280,0,0.001038062283737024,0.0,0.002331245607589811,0.205236611347839,0.0,0.00015746626153567066,0.00020885425308298763
AT1G24310,0,0.00034602076124567473,0.0,0.00028827090702171677,0.18645698740458044,0.0,0.00010710623438858187,0.00019657660042407977
AT1G24360,0,0.00034602076124567473,0.0,0.00021200776019894191,0.19627127044926085,0.0,0.00013463025071445007,0.0002110267411147753
AT1G24510,0,0.0006920415224913495,0.0012978473412454592,1.2092829205993974e-05,0.15732055992645053,0.0012978473412454592,0.0002792851144081818,0.0001639896511092341
AT3G03960,0,0.001384083044982699,0.0021514118383307236,0.0002675282717354915,0.1889506539275632,0.0021900723903690435,0.00039909887030983003,0.00029481603379264494
AT5G20890,0,0.0006920415224913495,0.0006491632142442219,5.466354833846966e-07,0.13474735607540256,0.0006491632142442219,0.0003378946265951445,0.00011355963636816171
AT1G24590,0,0.002076124567474048,0.0008079757505258568,0.012872084086528731,0.22730486692984206,0.0008290781760043708,0.00034016703881882874,0.00039770730409075656
AT1G68590,0,0.00034602076124567473,0.0,0.0005804641897904191,0.18298221695287617,0.0,0.00010004716402134045,0.00019140910184950775
AT5G49210,0,0.002768166089965398,0.0009610314790212572,0.006000949445433326,0.22671720167701462,0.0009991161312253504,0.00045843091182046897,0.00043273650704387615
AT1G25260,0,0.00034602076124567473,0.0,4.544568933224702e-05,0.18095110653273608,0.0,0.00012678704927769613,0.0001953229492510163
AT1G25280,0,0.001038062283737024,3.924381913095099e-05,0.005847003865947279,0.22073490592926595,4.6721925895401265e-05,0.00016515010764140412,0.00034963001911699913
AT1G25310,0,0.00034602076124567473,0.0,1.540864260622036e-05,0.1688748822107094,0.0,0.00013590840214496844,0.00018001319598555843
AT1G32380,0,0.0006920415224913495,2.4058338862390576e-05,0.0024793675558128004,0.22037147757461636,2.6164079746678904e-05,0.00014954651609212414,0.0002977707186065219
AT1G66070,0,0.00034602076124567473,0.0,0.0010824593574325395,0.20216923850950574,0.0,0.0001007696197647735,0.0002103269977899799
AT1G70940,0,0.001384083044982699,6.012164008526741e-05,0.001534157683217588,0.21484217717420567,6.383861474789867e-05,0.00025864215878719195,0.0003583512616013334
AT1G73590,0,0.002768166089965398,0.0028582135515432317,0.002108887777026659,0.22509177298734934,0.002985222765798884,0.0004954133558930561,0.0004166526553370989
AT2G19430,0,0.0017301038062283738,0.001398659833097746,0.01353723714196646,0.23453719922632785,0.0014151362164189522,0.00036543105634471854,0.0003654169235783879
AT2G26980,0,0.002768166089965398,0.0003634647755584457,0.0022214605969765816,0.2139924984189728,0.00040062159727557545,0.0003521506485678654,0.00041175416597011695
AT3G48090,0,0.0034602076124567475,0.0038364410017359004,0.015536426026070334,0.23074919256066354,0.0038344730906768633,0.0007165484816908538,0.0003625810935279824
AT4G15415,0,0.001384083044982699,0.0012980868848669516,0.0057862436493423125,0.2226871148170817,0.0012980868848669516,0.0003604267752498246,0.00030086080774385397
AT5G16310,0,0.0006920415224913495,0.00023946086900332334,0.0018403286868035956,0.21273940532132113,0.0002772931999516501,0.0001517019182595512,0.00029976019784801666
AT5G17710,0,0.00034602076124567473,0.0,0.0010824593574325395,0.20216923850950574,0.0,0.0001007696197647735,0.00021032699778997997
AT5G25475,0,0.0006920415224913495,1.541468809516881e-05,0.003994508144430693,0.21656193913063723,2.045609224526951e-05,0.00013852888795161223,0.0002975587562162533
AT5G44090,0,0.001038062283737024,0.0004398010667397451,0.0011046155873834008,0.20352835944066208,0.0004903195820822382,0.0002353174904011371,0.0003062825844367276
AT5G57090,0,0.0017301038062283738,0.0002698334961000207,0.0015419890419453317,0.21555236914825163,0.00027124195829811076,0.0003211116949155509,0.00037526600215498357
AT5G58140,0,0.0006920415224913495,6.480200361225337e-05,0.0015831435064564588,0.21143056627960366,6.760995258696204e-05,0.00014881503830052367,0.00029736498517011974
AT1G25540,0,0.0034602076124567475,0.0003553336936632099,0.011149097238296612,0.2374941026532567,0.00037833774804243124,0.0004051784233624037,0.0004355750698517834
AT4G39070,0,0.0034602076124567475,0.00044121093587681147,0.021786511185494777,0.2424296330992443,0.00045958643342449085,0.0004386773799082567,0.0004521913595727319
AT5G10140,0,0.002422145328719723,0.00040476289190729875,0.01809515582780579,0.24791254154913947,0.0004155466134692235,0.0003393527837176945,0.0004296207943635254
AT2G45810,0,0.00034602076124567473,0.0,9.061401138484136e-06,0.156247656132408,0.0,0.0001324309481160469,0.000171344516998945
AT4G29510,0,0.002076124567474048,0.0011583351559777701,0.00020188368000750598,0.18820950645434228,0.001318132018699583,0.0004888553716429452,0.0003778934441239781
AT4G34230,0,0.002076124567474048,0.00322025497307182,0.002981637715746713,0.2212534236306832,0.0031410071320191906,0.0003338462248880462,0.0003597736459166384
AT5G13570,0,0.001038062283737024,0.0019668441647317974,0.0012512333620196745,0.20183228977865658,0.0020161634927391577,0.00028057034855619894,0.00028691272096439637
AT5G02030,0,0.002422145328719723,3.48676823087732e-05,0.012014244380004504,0.22734550788584595,4.4222632014156184e-05,0.00031555775023962363,0.0003915913864237853
AT1G26460,0,0.00034602076124567473,0.0,3.518397515288328e-55,0.00034602076124567473,0.0,0.0003459010722933241,0.0
AT4G35850,0,0.00034602076124567473,0.0,3.518397515288328e-55,0.00034602076124567473,0.0,0.0003459010722933241,0.0
AT1G26630,0,0.001038062283737024,0.00032600561311549466,0.0008671591353867053,0.21639609013028188,0.00033291279456784575,0.0002324442836529445,0.0003426404181199531
AT3G23150,0,0.005190311418685121,0.004588464961676883,0.0006150537896152049,0.2238238735443648,0.0046432658422027265,0.0011173984001338119,0.00044065548623298327
AT1G26670,0,0.0006920415224913495,0.0002614669434006789,1.8119006063982145e-05,0.16450526238508784,0.0003320217821756407,0.0002295627423725824,0.00023263252051461573
AT2G43160,0,0.001384083044982699,0.0019179992651508421,0.00039256676432953744,0.19159849703993617,0.0019615339013851238,0.0004197668841685369,0.000281387594750619
AT5G26980,0,0.001384083044982699,0.0015119945661540225,9.22667754696014e-06,0.16508191179559056,0.0015565224272798212,0.00041634194218314333,0.0002845454016488304
AT1G31340,0,0.00034602076124567473,0.0,2.8130834269220347e-05,0.1573594982495559,0.0,0.00011613616544378165,0.00018562570765808656
AT2G26990,0,0.0017301038062283738,0.0003273162983531538,0.0013055226756998768,0.20025882756209723,0.00034029790621927886,0.00028659772318130237,0.0003887545396190951
AT3G51770,0,0.001038062283737024,0.0002505993872372538,4.545232922604262e-05,0.17594346556047272,0.00027969581566623816,0.00025588511421421965,0.000303436049794956
AT5G13060,0,0.001384083044982699,0.0010536750852647425,0.0031217806273411393,0.20100275460093842,0.0011121270827890257,0.00031449035238722406,0.0003214550611699938
AT5G20570,0,0.002768166089965398,0.0008198712932030118,0.0013685253311227035,0.20530288618802556,0.0009038265632340008,0.00046990573610515454,0.0004214983845487564
AT1G26910,0,0.00034602076124567473,0.0,3.518397515288328e-55,0.00034602076124567473,0.0,0.0003459010722933241,0.0
AT1G71840,0,0.00034602076124567473,0.0,3.518397515288328e-55,0.00034602076124567473,0.0,0.0003459010722933241,0.0
AT1G26960,0,0.002076124567474048,0.00030793032795360474,0.0026964744333712216,0.20411645005305987,0.0004029696404760153,0.0002979558575803221,0.00033508381180665707
AT1G75240,0,0.001038062283737024,0.0,0.0012423285700383566,0.18429501059577308,0.0,0.00019813302501180374,0.00029414048331646977
AT5G65410,0,0.001038062283737024,0.0,0.0012423285700383566,0.18429501059577308,0.0,0.00019813302501180374,0.0002941404833164697
AT1G27190,0,0.006228373702422145,0.0043938907759290815,0.005600754237665745,0.2277527181811815,0.0036102232966252036,0.0007351848271846252,0.0004775829829219338
AT1G51800,0,0.002768166089965398,2.5530509160021377e-05,0.0006768213266907249,0.19984965431914128,2.96596689117736e-05,0.00034745665831361586,0.0004305791505684652
AT1G55610,0,0.002422145328719723,9.14084384288203e-06,0.0006315766512385429,0.19589330235796276,8.507778439457698e-06,0.0003085783829098603,0.0004232253956202207
AT1G71830,0,0.005536332179930796,0.002786888763658499,0.002992669336016451,0.2277323230241849,0.0029878907772360615,0.00066410638389671,0.00046561228700379753
AT5G62230,0,0.004152249134948096,0.0001986768930430859,0.0012829628135101615,0.21078216752681914,0.00019021630677253744,0.0005095706056475682,0.00045733280731839916
AT1G27310,0,0.00034602076124567473,0.0,1.271600252868752e-05,0.1536515528494395,0.0,0.00012653762657412578,0.00017422106922455186
AT1G27450,0,0.0006920415224913495,0.0,3.518397515288328e-55,0.0,0.0,0.0003459010722933241,0.0
AT1G27630,0,0.0006920415224913495,6.603944775058819e-07,0.0012443063119838094,0.1960745451974613,7.699774833431792e-07,0.00015094271137059645,0.000272959091136402
AT5G10270,0,0.0017301038062283738,0.00040776615590564847,0.01712499438201248,0.2402992394605568,0.00041667436835147244,0.00027615007923106536,0.0003877845409088496
AT5G64960,0,0.0017301038062283738,0.000818091019757371,0.01046793113456696,0.2400723922600843,0.0008624208835529849,0.00030655696513122975,0.00038570200986818724
AT2G16940,0,0.00034602076124567473,0.0,0.0002263619912417114,0.18361637914881393,0.0,0.00011062188542625091,0.00018090293926904076
AT1G27970,0,0.00034602076124567473,0.0,1.271600252868752e-05,0.1536515528494395,0.0,0.00012653762657412578,0.00017422106922455186
AT1G28060,0,0.00034602076124567473,0.0,0.0005367186031494551,0.19839966072796636,0.0,9.83834512368556e-05,0.00020783582737864063
AT3G25500,0,0.0006920415224913495,2.2842071042312155e-05,0.00019655790272705775,0.1786251914877483,4.1887011033760596e-05,0.00018298468433064474,0.00025066993345695867
AT3G06400,0,0.0006920415224913495,0.0006491632142442219,0.0004608457853698733,0.17568821079178396,0.0006491632142442219,0.00024634751338950555,0.0001797158501762042
AT5G18620,0,0.00034602076124567473,0.0,0.00045990860154289143,0.17566393943573066,0.0,0.00011322933576944049,0.0001796512778119498
AT1G28480,0,0.001384083044982699,0.00024530353469586814,0.017764780359797717,0.24034466035451027,0.0002741571736179143,0.00023222468300901307,0.00037384718018333734
AT1G28490,0,0.0017301038062283738,0.0015288492187946858,0.0001638156203551232,0.19274570647347833,0.0014999501903537145,0.00036164583062872255,0.00037475455631811477
AT1G29260,0,0.002076124567474048,0.0022912126522277383,0.006102956269982306,0.2226481221512058,0.0023282149284867336,0.0005182497997007948,0.00035951775925437075
AT2G33150,0,0.00034602076124567473,0.0,0.00027521092120840515,0.17995236705427914,0.0,0.00012545065641134044,0.0001820994837251811
AT3G07560,0,0.00034602076124567473,0.0,0.00027521092120840515,0.17995236705427914,0.0,0.00012545065641134044,0.00018209948372518116
AT3G46060,0,0.0006920415224913495,0.00025337727875153037,0.0002790257786688629,0.1828901007703037,0.00026897511388113745,0.00021527369776490156,0.00025837556554876275
AT1G29400,0,0.00034602076124567473,0.0,0.0006593539498495004,0.19651393641998863,0.0,0.00011459812106423722,0.0002028006662789743
AT1G29670,0,0.00034602076124567473,0.0,0.0019473980770921785,0.2242976584239789,0.0,0.00012251259086955345,0.00021377721298793874
AT1G29900,0,0.00034602076124567473,0.0,6.223131806239524e-06,0.15367940846090603,0.0,0.00016601810976524998,0.0001306389682214787
AT3G27740,0,0.0006920415224913495,0.0006491632142442219,0.0001380006186062489,0.18377560711165433,0.0006491632142442219,0.00026669123576742826,0.0002022373989288048
AT1G29920,0,0.002076124567474048,0.004650915132264554,0.014641294140073364,0.24027653545078162,0.004924347486898989,0.00042984687613406667,0.0004061683495362521
AT1G44575,0,0.001384083044982699,0.00030163425108813363,0.0016681071338133387,0.22200670896648386,0.0003081490032593388,0.0003081881666416868,0.0003688420910856061
AT1G74890,0,0.0006920415224913495,0.00010273566455368422,0.012733084189006897,0.23129484776817397,9.759266174401234e-05,0.00014929970170125362,0.0002928565096092521
AT2G47450,0,0.004152249134948096,0.0025456522007006764,0.024697824294054038,0.24750236994754965,0.002583573318818865,0.0006544167121675982,0.0004360749392058288
AT1G29990,0,0.00034602076124567473,0.0,1.6423801735052807e-06,0.14247783355992338,0.0,0.0001515714435867882,0.0001169052136517448
AT5G17990,0,0.001384083044982699,0.0006491632142442219,3.642058482072872e-05,0.16798248571312985,0.0006491632142442219,0.000351666363392382,0.00017111747695031435
AT3G21140,0,0.0006920415224913495,4.459711423567221e-05,0.0015129775330198875,0.1978286154189866,5.500865479595815e-05,0.0001216580103549704,0.0002897328179205148
AT1G30210,0,0.0034602076124567475,0.0014739600314478006,0.0674989583365026,0.24922450521472683,0.0014406386466712844,0.00044302643895975777,0.0004518176674391112
AT1G65620,0,0.002768166089965398,0.0005553618916047037,0.028453964051970614,0.2373168020913655,0.000521910293647521,0.00033528234745828676,0.00040957828850681383
AT1G30230,0,0.0006920415224913495,5.421412005852454e-05,0.00017538722280497469,0.1967115448028367,7.56149321397743e-05,0.0002029759203944769,0.00026004620998054125
AT2G26650,0,0.003806228373702422,0.00046342318505842504,0.0012290136750866055,0.212029919227203,0.0004690912009303493,0.0004948785218880013,0.00043689392121835653
AT2G37620,0,0.002076124567474048,0.0007437384621281976,0.000296968580129065,0.20189638386877365,0.0007537339683777781,0.00037811794064269034,0.0003298672197713715
AT1G30320,0,0.0006920415224913495,0.00020035839657215522,0.001935655811628183,0.21542455325803242,0.00022220785371397897,0.00014933597948304437,0.0002943793902102137
AT1G30360,0,0.0006920415224913495,2.0100099960402654e-05,0.00016568539585928025,0.19939523688341482,2.5868155708359323e-05,0.00015979035980532886,0.00027930316638793057
AT5G23060,0,0.001038062283737024,0.00018069977247822712,0.0006051629011792841,0.21500565194547455,0.00020198815153194094,0.00021860523484474437,0.0003271435884361661
AT1G30400,0,0.00034602076124567473,0.0,9.025568999956475e-06,0.17014028575707987,0.0,0.0001131555410105748,0.00018988631787197031
AT3G21640,0,0.002422145328719723,0.001152827715262765,0.00020013048394087364,0.20781946974022006,0.0012135543517168927,0.0005046294604752232,0.00039118903507448814
AT1G30440,0,0.00034602076124567473,0.0,0.0001340520259828603,0.17846223517270687,0.0,0.00011225195826804337,0.00019313912095103317
AT3G45780,0,0.002768166089965398,0.0014622519606507,0.002972665543833615,0.22037147757461636,0.0014938061332708265,0.0005689589074977672,0.00040524961162936727
AT3G04680,0,0.0006920415224913495,0.0,0.0055532369105861,0.20101864289076538,0.0,0.0001315182667185121,0.0002944191082987505
AT3G06560,0,0.0006920415224913495,0.0,0.003967184085205611,0.20030614770093516,0.0,0.00015418771190842475,0.00027167489062097596
AT4G25550,0,0.0006920415224913495,0.0,0.003967184085205611,0.20030614770093516,0.0,0.00015418771190842475,0.0002716748906209759
AT5G23880,0,0.002422145328719723,0.0013544692925878522,0.004197210924068193,0.2022657163136143,0.0013728452563787662,0.0005136457566798529,0.0003053696603935958
AT5G51660,0,0.0006920415224913495,0.0,0.003957965176518182,0.20060636201081272,0.0,0.00016635974167730132,0.0002686967007822319
AT1G30480,0,0.001384083044982699,0.0005830878869255328,0.007856272788967679,0.2237647911316386,0.0005587877386987067,0.00023421806770431935,0.0003654665260075829
AT5G61270,0,0.0031141868512110727,0.0007489490007460849,0.0270111306530092,0.24082261848589703,0.0007795153049645271,0.0004040696860797558,0.0004456734570849183
AT1G30530,0,0.00034602076124567473,0.0,0.00016884490891106734,0.19378852786794734,0.0,0.00011961379453687434,0.0002077123060561787
AT1G30580,0,0.001038062283737024,0.0031717693208014723,0.0030170237153668736,0.23702925260612104,0.00330410088364553,0.00028599776371640085,0.00035095314924036614
AT2G01250,0,0.0006920415224913495,4.20846171691993e-05,0.00027213601790935,0.185423758746706,7.965040845328352e-05,0.00018171437560971892,0.0002535607488721648
AT2G47610,0,0.0006920415224913495,6.92466162598277e-05,0.00014832202584882096,0.18649800903571961,9.443438127627607e-05,0.00017850528868009418,0.00027722035736193665
AT5G09810,0,0.002768166089965398,0.0008163850019421644,0.0018245049915532384,0.2136868205370198,0.000907217571825628,0.000477829977603254,0.00038938106430482297
AT5G38220,0,0.00034602076124567473,0.0,8.327337017575031e-05,0.17829957591047274,0.0,0.00011166943372867386,0.0001953623408268407
AT5G61850,0,0.0017301038062283738,6.570661014483737e-05,0.0048294508831572365,0.20717611822493465,8.320880425783186e-05,0.00021157887746419288,0.0003420825281193424
AT1G30970,0,0.0034602076124567475,0.0043147551969352415,0.012014005676734944,0.23389008104580822,0.004366383619824384,0.0006806288273490641,0.00041335305176356667
AT2G18000,0,0.002768166089965398,0.0025746556017586996,0.001210840648158857,0.20387099977642079,0.0024788501462757167,0.0005261193017280561,0.0003836753899204822
AT2G22370,0,0.00034602076124567473,0.0,0.0005417684253497665,0.187225712376579,0.0,0.00010975147380775352,0.00019496067872790395
AT3G19590,0,0.001384083044982699,0.0003075090507736932,0.0005891488672791578,0.18974012170492224,0.0003457197418117831,0.00028465300499309323,0.0003273997395402753
AT4G00650,0,0.002768166089965398,0.00023131475343851876,0.0011083305220921263,0.20149646234142088,0.000287116057491537,0.0004815210893901441,0.00037200054272281834
AT4G02560,0,0.00034602076124567473,0.0,0.0005417684253497665,0.187225712376579,0.0,0.00010975147380775352,0.00019496067872790395
AT4G24680,0,0.0017301038062283738,0.0015767641347784014,0.01344308888158741,0.2327768284861394,0.001620773841382743,0.00031334211992967793,0.00038723284347805394
AT5G22330,0,0.0017301038062283738,0.0009835048988447387,0.002181451477327426,0.21083459220784886,0.0010139507484133387,0.00037588167116423064,0.0003600688969564789
AT5G49880,0,0.0017301038062283738,0.0001328209325540142,0.0006929537124066481,0.19772094940219817,0.00016092680902931282,0.00031751011300831724,0.0003033133051320616
AT1G70520,0,0.003806228373702422,0.00148835671506815,0.00035560055435267045,0.20702432849324917,0.0014681046759600976,0.0006275987579022498,0.000422359266622145
AT4G23220,0,0.002076124567474048,0.00025527015605938085,0.0005586893184861842,0.21553410045012908,0.00021082209114262738,0.0003354472695824988,0.00041400291417110574
AT5G65800,0,0.002768166089965398,0.002542037687218446,0.00032949798257698396,0.20611824049368396,0.0025804459406187146,0.0005930615804981811,0.00039142270572360135
AT1G31440,0,0.0006920415224913495,4.378579036129272e-05,0.0020886323929269483,0.20528631346553702,6.642112221822177e-05,0.00018553526564936998,0.00026394729970192
AT4G12780,0,0.0006920415224913495,0.00018310211436215832,0.0020415846868391124,0.22559095637461835,0.00022709178012859336,0.00020112231735001996,0.0002661183577097246
AT1G31780,0,0.001384083044982699,0.0008538429047898159,0.0022258970888269346,0.220409676825366,0.0009566380511884088,0.00028334528863716365,0.00037458705356145715
AT1G32060,0,0.0006920415224913495,0.0,0.00029587865396785905,0.2027818237151003,0.0,0.0002201783824231936,0.00027659308673158963
AT1G32100,0,0.001384083044982699,0.0,0.0272711136535827,0.23305414692183585,0.0,0.00019334053773716522,0.00038114808783345415
AT3G04710,0,0.00034602076124567473,0.0,0.00039464904451006567,0.18501905065195146,0.0,0.00010110405096399206,0.00020257267036271384
AT5G54680,0,0.0006920415224913495,0.0012978473412454592,0.0003954548533984322,0.18507290962892603,0.0012978473412454592,0.00022995930241860205,0.00020273694622102253
AT1G32350,0,0.00034602076124567473,0.0,0.00015203055977761838,0.20125726901005642,0.0,0.00010368651155919589,0.00021222743482653662
AT1G32440,0,0.00034602076124567473,0.0,0.0019965570445769462,0.19799804198155346,0.0,9.963761584560266e-05,0.00020962194741001373
AT1G32530,0,0.00034602076124567473,0.0,3.518397515288328e-55,0.00034602076124567473,0.0,0.0003459010722933241,0.0
AT4G29170,0,0.00034602076124567473,0.0,3.518397515288328e-55,0.00034602076124567473,0.0,0.0003459010722933241,0.0
AT5G55100,0,0.001038062283737024,4.743120353300444e-05,0.0019230875324151209,0.19991249518206688,5.0370091847830625e-05,0.0002051578069670693,0.00033240308314494237
AT1G71020,0,0.002768166089965398,0.0011788178416059537,0.005988741206181373,0.21972411017894183,0.0012285324251842455,0.0003691123703428484,0.00039584638741098257
AT2G27050,0,0.002076124567474048,0.0010242305720175883,0.00846588030576795,0.2285099156448084,0.0010329006125536944,0.0003298460372176661,0.0004002002597092858
AT3G22380,0,0.00034602076124567473,0.0,0.0032076034926482354,0.21601009523579995,0.0,9.027798082175536e-05,0.00021166583573661052
AT4G36730,0,0.001384083044982699,9.744737422419154e-05,0.016087284936003525,0.240913873741102,0.00010774121267359893,0.00019815098056148557,0.0003792326755798508
AT1G32990,0,0.00034602076124567473,0.0,0.00021200776019894191,0.19627127044926085,0.0,0.00013463025071445007,0.00021102674111477554
AT1G33050,0,0.00034602076124567473,0.0,0.002226118333706644,0.205236611347839,0.0,9.055855225377775e-05,0.0002088542530829875
AT1G33140,0,0.00034602076124567473,0.0,0.0019473980770921785,0.2242976584239789,0.0,0.00012251259086955345,0.0002137772129879385
AT1G33810,0,0.00034602076124567473,0.0,3.195811543935225e-05,0.17111336638481178,0.0,0.0001256338188411148,0.00019326899701410953
AT1G34170,0,0.00034602076124567473,0.0,0.0038132639249089067,0.19963002207481537,0.0,8.371530804178459e-05,0.0002101976018454195
AT3G18140,0,0.002422145328719723,0.0009775741413653733,0.0264048476054494,0.24668608509177153,0.0009291993404964234,0.00037904309917602744,0.00041810648780764525
AT3G25860,0,0.002422145328719723,0.0008178843661248494,0.0004829595119802075,0.21001625660344145,0.0008578031029936129,0.00046339622261745966,0.00035503893672339645
AT5G55220,0,0.001038062283737024,5.070792186532206e-05,0.0035336984406722166,0.21134271181011158,6.485186139817866e-05,0.00018000059691225138,0.00033467524864838757
AT2G17350,0,0.001038062283737024,0.00037310554520958916,0.0022098270488882807,0.21153608810606164,0.0003948546708183443,0.00019077574533551966,0.00034202972442342407
AT1G34790,0,0.001038062283737024,0.0,0.0010473846703932975,0.18795911686704161,0.0,0.00015641035884306843,0.00020770988056258876
AT1G35160,0,0.001384083044982699,0.0004849740178856955,0.00031611319009092594,0.21158888852742097,0.000529494270630567,0.0002858442880218293,0.00036674331723603057
AT4G35900,0,0.002076124567474048,0.0001738982421194433,0.0002453252168778719,0.2011458396908228,0.0002042573492904477,0.00035497515224753434,0.0003502855187437154
AT3G02860,0,0.0006920415224913495,5.9123645219006856e-06,0.006312921565731505,0.21991411719224083,7.469168540127748e-06,0.0001295803511507345,0.0002976030296909441
AT1G78300,0,0.0031141868512110727,0.0030361045916919983,0.0023702726510363686,0.2286742964851248,0.0030855999364842422,0.0005502363074084745,0.0004061376294530324
AT3G02520,0,0.0006920415224913495,3.575678797621039e-05,0.00010141744798938052,0.17963458721558753,4.4624162844463566e-05,0.00019550558851453748,0.00024884397667177205
AT3G09920,0,0.00034602076124567473,0.0,7.382963329368794e-05,0.1762238826977391,0.0,0.00011227773319404622,0.00019806157914266267
AT5G16050,0,0.0017301038062283738,0.0016255919145462315,0.0002746379948971761,0.20423119588909996,0.0016629338877380351,0.0004552584202654873,0.00032243881586286043
AT1G52740,0,0.0006920415224913495,9.428524643600508e-05,0.00031561296293293695,0.19494724808057284,0.000111424091567017,0.00017658782673206233,0.0002762317145449155
AT1G65650,0,0.00034602076124567473,0.0,0.00029311830469040326,0.19125267738670923,0.0,0.00011436395273181322,0.00020363458023573726
AT1G74470,0,0.0006920415224913495,0.0025937783335189795,0.0002937168389421396,0.19136781181511572,0.0025937783335189795,0.00024081696619260848,0.00020396685787962772
AT2G20890,0,0.0006920415224913495,0.00018536195906079035,0.0008139222142995173,0.21524222185451317,0.0002024631787669055,0.000175432621225164,0.0002955380717984277
AT2G31500,0,0.00034602076124567473,0.0,0.00029311830469040326,0.19125267738670923,0.0,0.00011436395273181322,0.00020363458023573718
AT5G07240,0,0.00034602076124567473,0.0,0.00029311830469040326,0.19125267738670923,0.0,0.00011436395273181322,0.00020363458023573715
AT5G27850,0,0.00034602076124567473,0.0,0.00029311830469040326,0.19125267738670923,0.0,0.00011436395273181322,0.00020363458023573715
AT5G41670,0,0.0006920415224913495,0.0007969106874173392,0.0010121785816011902,0.21560719382883195,0.0008706579634185618,0.00019740009363949324,0.00029699752865140885
AT5G59880,0,0.001038062283737024,0.0006543962027566479,0.00044910341578910287,0.2166541873582444,0.0007569929253221087,0.00023949434732721225,0.00033927884764420573
AT5G65360,0,0.001038062283737024,0.0007282804653192183,0.00029559632197881066,0.1927310989928816,0.0007808776499916868,0.00028927994627692816,0.0002870419242798225
AT2G38750,0,0.001384083044982699,7.435504098764408e-05,0.00011451424399503549,0.19342005257157535,9.08235702401586e-05,0.00026025023517680545,0.0002605896132651023
AT5G47910,0,0.0034602076124567475,0.0019254125220489918,0.0004302778423102856,0.21447978841284246,0.0019932990488358256,0.0005618778614537002,0.00044200205844201104
AT1G37130,0,0.005536332179930796,0.007669846182462869,0.0279744724047406,0.2671590346896809,0.007592898888624646,0.0008104143588889046,0.00046670876262654577
AT2G42590,0,0.00034602076124567473,0.0,0.0012615185203868485,0.2079554216379976,0.0,9.784266888709882e-05,0.00020607238175390246
AT5G38640,0,0.0031141868512110727,0.006124143740301248,0.015604534326584108,0.245946503985597,0.006183641921925617,0.0006189937252461534,0.00042712453920322723
AT5G60410,0,0.005190311418685121,0.003966705200587931,0.011448632776896653,0.25377575603343705,0.004231437935762546,0.0007833397907527214,0.00046053354137550964
AT1G41880,0,0.00034602076124567473,0.0,0.0007190602769107869,0.20525317604609142,0.0,0.00013492130175167866,0.0002111613845382808
AT1G42560,0,0.0006920415224913495,3.541667821917199e-05,0.00019019277358274717,0.1906933751657973,4.471265120297822e-05,0.00014988135908148567,0.0002891386693540178
AT5G52240,0,0.005190311418685121,0.005026466186742647,0.003861737629298755,0.23230902084690536,0.00520863751059698,0.0007912116495688887,0.0004632171680447061
AT1G43170,0,0.00034602076124567473,0.0,0.0019473980770921785,0.2242976584239789,0.0,0.00012251259086955345,0.00021377721298793822
AT4G38900,0,0.0006920415224913495,0.00016457590020774402,0.0006117695832145013,0.19765947856451677,0.00020543943210989937,0.00019563594467056575,0.00024068625630612058
AT1G43790,0,0.00034602076124567473,0.0,8.070876803978508e-06,0.16290352003145683,0.0,0.00010188007827009697,0.00018856589906948203
AT3G54340,0,0.0031141868512110727,0.0003366248028320612,0.015249233611656013,0.23802759745517343,0.0003996537993783733,0.00041035572505108346,0.000417904365876146
AT4G32551,0,0.0006920415224913495,5.816230569986228e-06,0.0008641856174471181,0.1900094778250951,9.966438577436181e-06,0.0001458804294107949,0.000274854421356939
AT1G43860,0,0.00034602076124567473,0.0,0.005152034156983774,0.22296044636253487,0.0,9.191395623444342e-05,0.00021402101536219484
AT1G44000,0,0.0017301038062283738,0.0,9.541649077305925e-35,0.001384083044982699,0.0,0.00037046916724571414,0.0
AT4G22920,0,0.002076124567474048,1.6368814135309408e-06,1.057085813237011e-34,0.0020761245674740486,1.636881413530941e-06,0.0005752503056855042,0.0
AT4G37000,0,0.0017301038062283738,4.3916330606927676e-07,1.006877203547708e-34,0.0017795353435491844,4.3916330606927676e-07,0.000464419952861637,0.0
AT5G04900,0,0.001384083044982699,7.98478738307776e-08,9.088447522317939e-35,0.0015570934256055363,7.984787383077758e-08,0.0003737157400115417,0.0
AT4G22910,0,0.002422145328719723,0.00044803103285803313,0.0008698243861993817,0.1991766017552532,0.000442392884593107,0.00034165424806184065,0.00041072052823664935
AT4G00355,0,0.002768166089965398,0.0028038351534998463,0.0007646848776603213,0.21715368894296583,0.0030623519385782508,0.0006400633687278195,0.00041517539281714735
AT3G57530,0,0.001384083044982699,0.00010521767395619695,0.003638788265053715,0.20570143583362233,0.0001096878204035819,0.0002276517055781379,0.00037037703832525754
AT1G45474,0,0.00034602076124567473,0.0,0.0006783394741694762,0.1788764754316011,0.0,9.970206264946452e-05,0.0001917068589342
AT2G45160,0,0.001384083044982699,2.471275838250555e-05,0.010981771416858816,0.21724644209901525,3.987103775975624e-05,0.00019764289949126401,0.0003754813261966378
AT1G47710,0,0.00034602076124567473,0.0,7.44297570685183e-05,0.18107995237902824,0.0,0.00015252180399372741,0.0001596182086647894
AT1G72290,0,0.00034602076124567473,0.0,7.44297570685183e-05,0.18107995237902824,0.0,0.00015252180399372741,0.0001596182086647894
AT3G09770,0,0.001038062283737024,0.0007158856141467036,0.00012967248353220047,0.18846056404409905,0.0007377841029561519,0.0003449149426838872,0.00024888984181762973
AT1G47200,0,0.00034602076124567473,0.0,4.271283023197506e-06,0.1541638488852493,0.0,0.0001554312991576203,0.00015240747591466393
AT5G11390,0,0.002076124567474048,0.003011928574684633,9.470636548765824e-05,0.18446879814384687,0.0031234845631779346,0.0007355541216287032,0.00025964867959318275
AT1G47220,0,0.00034602076124567473,0.0,0.00015203055977761838,0.20125726901005642,0.0,0.00010368651155919589,0.00021222743482653654
AT1G67580,0,0.002422145328719723,1.1602225495894227e-07,0.002880902332574247,0.1910371733181395,1.1842975609985646e-07,0.00023103052388859325,0.0004191237134886005
AT1G47250,0,0.00034602076124567473,0.0,3.195811543935225e-05,0.17111336638481178,0.0,0.0001256338188411148,0.00019326899701410929
AT1G56330,0,0.0017301038062283738,0.0019951333026709374,0.0008439612447724755,0.21227770043498104,0.0020530213489935076,0.0004051656142010216,0.00037196520743085806
AT3G48160,0,0.0031141868512110727,0.0014338112178202023,0.004935811787442177,0.21741359760717044,0.0014607523591711046,0.00037211557204862723,0.00044009731353064705
AT3G48680,0,0.001038062283737024,0.0014653048171927743,0.0066476219425228465,0.22563098671023626,0.0014538421152995198,0.00020629953323633439,0.0003444140765069547
AT5G16840,0,0.001384083044982699,0.002093398121478573,0.0009011479866599958,0.226980261621838,0.0021776657458015924,0.00037360083607298914,0.00034285546405627695
AT5G16880,0,0.00034602076124567473,0.0,3.195811543935225e-05,0.17111336638481178,0.0,0.0001256338188411148,0.00019326899701410934
AT5G63510,0,0.00034602076124567473,0.0,3.195811543935225e-05,0.17111336638481178,0.0,0.0001256338188411148,0.00019326899701410934
AT5G03540,0,0.0017301038062283738,0.0034852168799509183,0.00023507448005786842,0.20276565549442457,0.003526525348657556,0.0005188306586645968,0.00031768783502209
AT1G47830,0,0.00034602076124567473,0.0,7.557312812201379e-06,0.1478109184080833,0.0,0.00014356443736286416,0.00015688717302739445
AT4G11380,0,0.0017301038062283738,0.0014737959844452414,0.00016758352292558216,0.17544579863477563,0.0015024855496921122,0.0005398240149218865,0.0002729252138529681
AT1G77000,0,0.001384083044982699,5.3922709890531886e-05,0.0024613617508214736,0.20910104022455786,5.304438569045715e-05,0.00019588881660334676,0.00037461685507278296
AT2G22490,0,0.004152249134948096,0.0001010132024290388,0.005274071187403086,0.2102941248003864,9.029478631288411e-05,0.0003799744230830025,0.0004528711767985892
AT3G12280,0,0.006228373702422145,0.004830657002093006,0.010797414207452196,0.23762725202869303,0.00473945972026828,0.0006483670278167756,0.00047289627988996656
AT1G48175,0,0.00034602076124567473,0.0,3.518397515288328e-55,0.00034602076124567473,0.0,0.0003459010722933241,0.0
AT5G24670,0,0.00034602076124567473,0.0,3.518397515288328e-55,0.00034602076124567473,0.0,0.0003459010722933241,0.0
AT4G13510,0,0.002422145328719723,0.000881331614496437,0.0006100920203185633,0.2165803824911491,0.0008816778050833239,0.0003818345336945799,0.00037390521196343607
AT2G32560,0,0.00034602076124567473,0.0,0.00020319376654066284,0.19281877710297013,0.0,0.00011064096166937267,0.00020031764295645879
AT2G45980,0,0.00034602076124567473,0.0,0.00020319376654066284,0.19281877710297013,0.0,0.00011064096166937267,0.00020031764295645879
AT3G16640,0,0.001384083044982699,0.0007354690169702459,0.000980074423083412,0.22119569028538513,0.0007708360856300713,0.0003092673515558723,0.0003769842656140611
AT5G56010,0,0.001038062283737024,0.0007241178682891341,0.0021230392334936577,0.21750657297392,0.0007503993115991125,0.0002690551144192797,0.00029490045880376073
AT1G48420,0,0.00034602076124567473,0.0,0.00013771998727084595,0.1837490499429966,0.0,0.00012637682167612515,0.00020215563207038733
AT3G53420,0,0.004152249134948096,0.002717199437542172,0.0003151588069553921,0.20815968332741858,0.0028140138913691636,0.0006827530889578631,0.0004317058102320962
AT5G49660,0,0.001384083044982699,6.620134282819455e-06,0.0002788109953070364,0.19772094940219817,7.133644706416106e-06,0.0002097606456587739,0.00037391255274724165
AT1G48560,0,0.00034602076124567473,0.0,0.0003849416662472144,0.18444204026770183,0.0,0.000107113843827246,0.00020076080796287585
AT1G48630,0,0.003806228373702422,0.0017871273717228369,0.013043341587355227,0.2528924871928274,0.0017916683875114712,0.0007191889594247564,0.0004413570674791549
AT2G29080,0,0.0006920415224913495,1.3127996453959227e-06,0.001273556942020252,0.20606813477117517,1.3966377368947793e-06,0.00016712485298727407,0.00029171943511334636
AT4G35470,0,0.0006920415224913495,1.3127996453959227e-06,0.001273556942020252,0.20606813477117517,1.3966377368947793e-06,0.00016712485298727407,0.0002917194351133464
AT5G48650,0,0.00034602076124567473,0.0,0.0005882008105687982,0.19920780598551407,0.0,0.0001072256689115078,0.000200975164472284
AT1G48760,0,0.00034602076124567473,0.0,1.770291672012132e-05,0.15911198468441926,0.0,0.00014106574399529257,0.00015964706665389582
AT1G48830,0,0.0006920415224913495,0.0010143244856913388,0.002297963438456087,0.23427792272787404,0.0009748520323630552,0.00020296162280872084,0.00030274432554274833
AT1G48850,0,0.00034602076124567473,0.0,0.00021200776019894191,0.19627127044926085,0.0,0.00013463025071445007,0.0002110267411147753
AT1G48900,0,0.00034602076124567473,0.0,0.0011137437484652116,0.19584804399007105,0.0,0.00010244847532334143,0.00019987272777433635
AT1G49480,0,0.00034602076124567473,0.0,2.6882281471416668e-05,0.17451872434882465,0.0,0.00015663908017581244,0.0001341823946834588
AT4G34390,0,0.0006920415224913495,0.000649163214244222,0.0005961005268175112,0.21438938216245768,0.0006491632142442218,0.00024654431263121043,0.0002108573615593847
AT3G50070,0,0.0034602076124567475,8.86800730678675e-05,0.004212186941582885,0.20488936925645124,8.222394165666038e-05,0.0003271179147907972,0.0004429271285865902
AT5G10440,0,0.00657439446366782,0.00010189391498833652,0.007389627090540144,0.20347950481765664,0.00011285585794226407,0.0005669029165021,0.00046977460944281724
AT1G49670,0,0.00034602076124567473,0.0,0.00059488821655206,0.2143532409989104,0.0,0.00011331500178369032,0.00021076847738930028
AT1G49760,0,0.0006920415224913495,3.193914953231104e-07,5.843092228253262e-07,0.13277746834496282,3.293724795519576e-07,0.00027690051532681655,0.0001409007356476859
AT2G43970,0,0.0006920415224913495,0.00021618811839681722,4.324887792857343e-06,0.154604343802728,0.00024319666172009083,0.0002712391030538074,0.00014457005656951793
AT1G49820,0,0.001038062283737024,8.448422771872467e-06,0.007838458074392875,0.223156094349866,6.316030651192523e-06,0.00016889667766429423,0.0003510441618664319
AT1G49970,0,0.00034602076124567473,0.0,0.0007190602769107869,0.20525317604609142,0.0,0.00013492130175167866,0.00021116138453828063
AT1G50010,0,0.00034602076124567473,0.0,0.0002724678357196129,0.20352835944066208,0.0,0.00012682686893397587,0.00020774963178880098
AT1G50030,0,0.001038062283737024,0.0012980868848669516,0.0007065641845399364,0.19493230501387956,0.0012980868848669516,0.00038426121524771657,0.0001981281829114006
AT3G15040,0,0.00034602076124567473,0.0,3.186265505628175e-05,0.1614043444536096,0.0,0.00016031837238643864,0.00012891187055762154
AT3G49590,0,0.00034602076124567473,0.0,3.186265505628175e-05,0.1614043444536096,0.0,0.00016031837238643864,0.00012891187055762154
AT1G50250,0,0.001384083044982699,0.00030042635914034763,0.000884421083516506,0.2129353471666309,0.0003585409724554021,0.0002991733881697093,0.00035750144079409744
AT2G20140,0,0.001038062283737024,9.067165874782868e-05,0.0003694493671385206,0.19857006724534026,0.00010130933294247576,0.0002479970830062111,0.0003106842750926668
AT4G29040,0,0.002422145328719723,0.0017958324234628653,0.002432414015317621,0.2381836518882713,0.0018676740702621248,0.0005086894963853836,0.0004053533765653645
AT1G50320,0,0.0006920415224913495,0.00010451711536747365,0.0020399493742759866,0.22714244830395433,0.0001234291438801513,0.00018810513559569135,0.0002856835372621283
AT2G41680,0,0.002076124567474048,0.0007374848449853943,0.002052356790848971,0.2180660994007094,0.0008779462986781427,0.0003849352605119449,0.00035978711648981826
AT5G63980,0,0.001384083044982699,7.5378734260173365e-06,0.0004911828441533525,0.1998339502758976,8.897040482422488e-06,0.00026432904760872555,0.0003491155454119773
AT1G76030,0,0.001384083044982699,0.00038300137576836505,0.0016450567488804928,0.21329253134371154,0.000496356435354411,0.0002926918313802292,0.000350380949666533
AT4G22220,0,0.001038062283737024,0.0008191655812490873,0.0008803664203589868,0.19499209102983228,0.00087062931892914,0.0002928195376622797,0.0002763246881989509
AT1G50430,0,0.0006920415224913495,6.132106301746231e-06,0.00012290959517096317,0.1781996251987298,5.633278139577639e-06,0.00016414342379363411,0.0002807841247644144
AT1G50460,0,0.0006920415224913495,6.490312560309141e-06,0.0002707927199908267,0.19383283926913664,5.708289909978857e-06,0.0001669965765749406,0.00028400023153262263
AT5G02500,0,0.0031141868512110727,0.005236199310377239,0.0032138838815085513,0.23842929413192132,0.005440459622040206,0.0005794362135625389,0.00043295401858693715
AT1G50500,0,0.00034602076124567473,0.0,3.671639901086166e-51,0.00046136101499423294,0.0,0.00026281380883033884,0.0
AT1G71270,0,0.0006920415224913495,2.395436214923328e-07,5.192482944266264e-51,0.0006920415224913495,2.395436214923328e-07,0.0005120755992192946,0.0
AT1G50740,0,0.001384083044982699,0.0014889670308619752,0.00039396613660633875,0.20903229091000106,0.0015022625548853068,0.00042359867908908864,0.0002998708314012662
AT2G44790,0,0.00034602076124567473,0.0,1.7766208391425327e-05,0.17095232933658733,0.0,0.00014273551178491074,0.00016543228927838588
AT5G37610,0,0.00034602076124567473,0.0,1.7766208391425327e-05,0.17095232933658733,0.0,0.00014273551178491074,0.00016543228927838586
AT1G51070,0,0.00034602076124567473,0.0,8.058088883664902e-07,0.13273588659173616,0.0,0.0001807404122986086,9.661368957219111e-05
AT4G14410,0,0.0006920415224913495,0.0006491632142442219,1.7869277939419304e-05,0.154604343802728,0.0006491632142442219,0.00030427535531182923,0.00013088148573514648
AT1G51090,0,0.00034602076124567473,0.0,0.0019473980770921785,0.2242976584239789,0.0,0.00012251259086955345,0.00021377721298793811
AT1G51100,0,0.0006920415224913495,0.0,0.0034466052782419817,0.21870371957439566,0.0,0.0001372742886917117,0.0002993552500626172
AT1G51460,0,0.001384083044982699,0.00021862628624719804,0.00028712881642338446,0.2078364540054816,0.00022985170394411382,0.0002499520077084372,0.00037077876185412763
AT5G07340,0,0.002768166089965398,0.0035148285035283347,0.0023064884099803077,0.23809445287998057,0.0035912851622607977,0.0004445683793030149,0.00043300956131094357
AT1G51590,0,0.00034602076124567473,0.0,1.7910668062191667e-49,0.00034602076124567473,0.0,0.00024273758561926142,0.0
AT4G38240,0,0.001038062283737024,0.0,2.8980069685843334e-49,0.00034602076124567473,0.0,0.0004490645589673868,0.0
AT2G02560,0,0.002422145328719723,0.0007567907715743318,0.023895835111738758,0.2468297438814979,0.0007589980582261265,0.00034118731057309986,0.0004291236086878646
AT3G11400,0,0.002422145328719723,0.0016707220689957262,0.018371375967994395,0.25191548798524743,0.0017319415244152717,0.00036574568589021095,0.00040254406385431486
AT5G04470,0,0.0006920415224913495,0.00034829886700408585,0.002205074314824435,0.19966136854919314,0.0003614635790855591,0.0001529516105836531,0.0002624831933561048
AT1G51650,0,0.00034602076124567473,0.0,4.544568933224702e-05,0.18095110653273608,0.0,0.00012678704927769613,0.00019532294925101644
AT2G43410,0,0.0006920415224913495,0.0006491632142442219,0.0013997547085898836,0.2110445519677239,0.000649163214244222,0.00022677609596845417,0.00020636610535339217
AT1G51710,0,0.0006920415224913495,5.252562187465249e-05,0.0002937061044038186,0.205851291177843,6.665086632895198e-05,0.00021584864790895938,0.0002617785671689613
AT2G41110,0,0.0006920415224913495,7.285214491038812e-05,0.00047094649342487374,0.20949722804276077,9.011384922239497e-05,0.00020921349716623367,0.00026265877630386644
AT2G14510,0,0.002422145328719723,3.7441714179531916e-05,0.0004350996176787002,0.19813687972037963,3.5877028355659437e-05,0.0003208376775527958,0.00042272360551765485
AT1G51980,0,0.00034602076124567473,0.0,0.0020018902863545066,0.2034632251548982,0.0,9.263216235081526e-05,0.00020631396383577407
AT1G52040,0,0.00034602076124567473,0.0,5.39826320131572e-06,0.15888334694558745,0.0,0.00016461286364355922,0.00013133348542643266
AT3G12630,0,0.0006920415224913495,0.0006491632142442219,0.00011970757162027013,0.19126706161334783,0.0006491632142442219,0.0002634980477550594,0.00020390667322893726
AT1G76850,0,0.00034602076124567473,0.0,0.0007173929007316215,0.19476808234748202,0.0,0.00010770283653331365,0.00020036569870876902
AT3G60210,0,0.00034602076124567473,0.0,0.0007173929007316215,0.19476808234748202,0.0,0.00010770283653331365,0.00020036569870876908
AT4G35020,0,0.0017301038062283738,0.002350092436763948,0.0007299538731025759,0.19630157091555947,0.002369664959000663,0.00046305298034443306,0.00031443085634282964
AT1G52360,0,0.00034602076124567473,0.0,0.00035056536136390825,0.20393639544595613,0.0,0.00013233419278316601,0.00021191811470673593
AT1G52380,0,0.00034602076124567473,0.0,0.0009675987280782969,0.19707740632447868,0.0,9.775212974564147e-05,0.00020794172312108523
AT1G52400,0,0.00034602076124567473,0.0,0.00045769214516565336,0.20748036642009243,0.0,0.00011723926255745028,0.00020942049372342476
AT1G52410,0,0.0006920415224913495,1.197718107461664e-06,2.735935190465694e-42,0.0011324315822585718,1.197718107461664e-06,0.00037656629592038883,0.0
AT3G18730,0,0.00034602076124567473,0.0,1.0358735421093637e-42,0.0007785467128027682,0.0,0.00021207727032806817,0.0
AT1G52560,0,0.001384083044982699,7.104026797189418e-05,0.004054592313465607,0.21102703935035041,8.285814352034583e-05,0.00024193170329079143,0.00037289802125069693
AT1G77080,0,0.002076124567474048,0.0004944051316327349,0.016688701065973862,0.23652221458436318,0.0005421948753574998,0.00034441476968300844,0.00040166365154745235
AT1G52600,0,0.0006920415224913495,1.6532068510931473e-05,0.00029042541817273426,0.20754809852371442,9.565656588661002e-06,0.00014965943062679143,0.0003014220475875307
AT1G52920,0,0.00034602076124567473,0.0,0.0005208039096091139,0.20798943740991843,0.0,0.0001129538293373494,0.00020894052079797163
AT1G53020,0,0.001038062283737024,0.0012980868848669514,4.513811132099267e-06,0.15448225314123878,0.0012980868848669516,0.0004778733529318444,0.00013117247689068575
AT2G30110,0,0.00034602076124567473,0.0,2.035531696889136e-07,0.132645882078608,0.0,0.00018533919842603764,9.677215989971508e-05
AT2G47110,0,0.00034602076124567473,0.0,2.035531696889136e-07,0.132645882078608,0.0,0.00018533919842603764,9.677215989971508e-05
AT3G62250,0,0.0006920415224913495,0.0019460523810037114,9.968705675448613e-05,0.1848710999717267,0.0019460523810037119,0.0002468396144548967,0.00020335327573537591
AT1G53090,0,0.003806228373702422,0.00019090154488813656,0.008590798564802497,0.2255309374965478,0.00018053177684790715,0.000470344886178531,0.0004383276426993874
AT1G66390,0,0.002076124567474048,8.35152388289441e-05,0.01017855285307744,0.2221424573035528,0.00010292382867398669,0.00028328015239809936,0.0004116547809445501
AT3G15354,0,0.0031141868512110727,0.00014924109274425923,0.007022288828020466,0.22378448180315672,0.00013600836489033758,0.0003884208288903294,0.00042094780058154064
AT4G11110,0,0.0034602076124567475,0.00016541970185361473,0.007481288008696958,0.22380417594042706,0.0001541089987808983,0.0004285336927715935,0.0004293460849678358
AT4G21100,0,0.002768166089965398,0.00010914727527430008,0.003402834017970689,0.2055850324342015,0.0001241561599277673,0.00040100692511334723,0.00042889395762023616
AT2G28290,0,0.003806228373702422,0.0011043559720557929,0.024709368152844885,0.23373960029513538,0.0013090470379460747,0.0005097986604632645,0.00044868422501674696
AT5G05700,0,0.0006920415224913495,0.0,0.018893392521915527,0.2314421961422527,0.0,0.00012147521423865602,0.00030310348492895446
AT1G53320,0,0.0006920415224913495,2.1231412263619832e-06,0.0018899123251755782,0.20513727927813766,1.6747566718255527e-06,0.00012677029257219705,0.0002984437863292873
AT4G25500,0,0.00034602076124567473,0.0,3.709221703580029e-05,0.16048762155818963,0.0,9.695130982240636e-05,0.00019354629541161654
AT4G35800,0,0.0017301038062283738,0.0011668281758588344,0.006484223636060839,0.2291895143485105,0.0012064120299970682,0.00029414352210318465,0.00038824042810527024
AT1G54000,0,0.00034602076124567473,0.0,1.6037586993762068e-05,0.16960696620055174,0.0,0.00010510345299838857,0.00019694139913096657
AT1G54010,0,0.001384083044982699,0.0014254433863997037,0.0014047994349658116,0.2275489308528161,0.0014156406324171138,0.00032747714621972216,0.0003781509382587359
AT1G54030,0,0.0006920415224913495,6.11324637928554e-05,0.012641938358011768,0.23154755997551424,7.675788414151934e-05,0.0001775755303282477,0.0002676583401198094
AT5G25980,0,0.0006920415224913495,3.264189473033444e-05,0.0025174826373640263,0.22433723105249406,4.4301066951890695e-05,0.0001977733733628831,0.0002670357361295228
AT4G23810,0,0.004844290657439446,0.0017297840626644561,0.02935953970325896,0.24924893180545651,0.0013905492682488383,0.0006165899684844055,0.000470555422126357
AT4G31720,0,0.001384083044982699,0.0006491632142442219,1.0050135254703047e-05,0.1477937380839817,0.0006491632142442219,0.0003696953113317365,0.00025381242536552933
AT5G25150,0,0.002076124567474048,0.000956420363609109,9.182833425764256e-05,0.17087192442458327,0.0009875493710202656,0.00045240718829671757,0.0003144742188574821
AT5G43130,0,0.002422145328719723,0.0017387398380219183,0.0001205137505062132,0.17536111234388863,0.0017375302049240824,0.0005282889509955956,0.00032820236944730964
AT1G54320,0,0.001384083044982699,0.0066462204959971405,0.012981592374866145,0.24929779935409005,0.006918079268450681,0.0002357759797792653,0.00038175768644666225
AT1G54360,0,0.00034602076124567473,0.0,0.010822186079428248,0.22609235874920633,0.0,8.597879782260863e-05,0.00021419145175207308
AT1G54410,0,0.00034602076124567473,0.0,0.00033828031196839046,0.19678765388927286,0.0,0.00011918483384954439,0.0002101399838184351
AT1G54440,0,0.00034602076124567473,0.0,0.0019473980770921785,0.2242976584239789,0.0,0.00012251259086955345,0.00021377721298793822
AT1G54490,0,0.00034602076124567473,0.0,0.007533778498248117,0.2194018506782049,0.0,8.736160869852631e-05,0.00021332704691129166
AT1G54610,0,0.0017301038062283738,3.4017156498852696e-06,0.004651806039167106,0.2019765587491917,2.7501188450725736e-06,0.00022274991629169877,0.00040084218522346926
AT1G54820,0,0.00034602076124567473,0.0,0.0007190602769107869,0.20525317604609142,0.0,0.00013492130175167866,0.00021116138453828023
AT1G55150,0,0.00034602076124567473,0.0,0.00016884490891106734,0.19378852786794734,0.0,0.00011961379453687434,0.00020771230605617902
AT1G55300,0,0.0006920415224913495,0.0009906273526149973,0.0006647889602113384,0.19733738272763815,0.0010875926752474917,0.0001787787775706514,0.0002734322154676101
AT1G55460,0,0.00034602076124567473,0.0,1.7910668062191667e-49,0.00034602076124567473,0.0,0.00024273758561926142,0.0
AT5G18830,0,0.001038062283737024,0.0,2.8980069685843334e-49,0.00034602076124567473,0.0,0.0004490645589673868,0.0
AT1G55490,0,0.001384083044982699,0.0004187512194487424,0.0016580569697770683,0.2337610856890406,0.00047490728190081286,0.0003444712955991895,0.0003728280051638904
AT2G28000,0,0.001038062283737024,0.0009951927769107963,0.004536761145600655,0.23161082433616326,0.0009467411580532781,0.0002532263763370628,0.00034224179252517577
AT1G55540,0,0.00034602076124567473,0.0,7.24535152893875e-05,0.17861264582182,0.0,0.00014495833226154162,0.00016590750369279255
AT1G55750,0,0.0006920415224913495,0.0,0.019546101673494437,0.23226658610019846,0.0,0.00012646878437122582,0.000303183646274027
AT1G55890,0,0.0006920415224913495,0.00029213156794405805,0.000300378058513918,0.1665741043565254,0.00030205821012289577,0.000159595557270217,0.000263758602609899
AT4G24690,0,0.0017301038062283738,0.0006082259747533008,3.747059385169892e-05,0.1653717551834486,0.0007256903533115348,0.00037238599021386526,0.0002732938568478293
AT1G56070,0,0.00034602076124567473,0.0,0.0005208039096091139,0.20798943740991843,0.0,0.0001129538293373494,0.00020894052079797185
AT1G56220,0,0.00034602076124567473,0.0,0.00045769214516565336,0.20748036642009243,0.0,0.00011723926255745028,0.00020942049372342476
AT5G66680,0,0.001384083044982699,0.0007415477763815904,0.0007249412117154808,0.2172835655511853,0.0008229997004741334,0.0002643962039272472,0.000370068096804542
AT1G56340,0,0.0017301038062283738,0.001620860407582879,0.001159324033902407,0.22142680463309297,0.0017831331623973789,0.0004550055367123105,0.000364075997994835
AT1G66340,0,0.002768166089965398,0.00225813120543147,0.0007749905953389912,0.22039057554476757,0.002352486655302866,0.0005403754490547612,0.0004202211116695716
AT2G47470,0,0.00034602076124567473,0.0,5.2279831012590445e-05,0.1791537056154331,0.0,0.000130087442926051,0.00018326164113845425
AT5G43470,0,0.0006920415224913495,0.0003070805901998324,0.001161790387118128,0.20675502855374575,0.00037998483281345317,0.00017189863633298842,0.0002852086381920761
AT1G56450,0,0.00034602076124567473,0.0,0.004249982663040265,0.21656193913063723,0.0,9.657544279583855e-05,0.00021364387124859377
AT2G46130,0,0.0034602076124567475,0.0026354365175711566,0.04137947532121544,0.25261615687007777,0.0023513109439178377,0.00042171544659743126,0.00045425264497537843
AT4G31580,0,0.002422145328719723,0.0002515996869835694,0.0013458823404653509,0.1942177219498299,0.0002763414261222998,0.0003047286696738529,0.000376546517136164
AT5G35770,0,0.002076124567474048,0.00026262887609733275,0.009806468210164775,0.23089584630570845,0.0002736897082280411,0.0002884019640939107,0.00041641532335577505
AT1G57720,0,0.00034602076124567473,0.0,3.518397515288328e-55,0.00034602076124567473,0.0,0.0003459010722933241,0.0
AT2G18110,0,0.00034602076124567473,0.0,3.518397515288328e-55,0.00034602076124567473,0.0,0.0003459010722933241,0.0
AT2G17950,0,0.004498269896193771,0.0009015213566449488,0.058051379940505736,0.25939278368126,0.000934322336858638,0.0005155386207432553,0.00045770575914622725
AT3G17590,0,0.001384083044982699,8.014161594197515e-07,0.018234506556192288,0.22255070020224668,8.25405336016389e-07,0.00019384719893740561,0.00038005490407095824
AT4G37460,0,0.002422145328719723,0.0008820357144374508,0.03366140291747622,0.24333430783763016,0.0009265237998909401,0.00037055148488288265,0.00042375067713052133
AT5G60960,0,0.0006920415224913495,0.00014306623911859335,0.007113775487122089,0.20862074251116267,0.00018462733879504346,0.00014191616413393015,0.0002827506366239285
AT1G58230,0,0.00034602076124567473,0.0,0.00035056536136390825,0.20393639544595613,0.0,0.00013233419278316601,0.00021191811470673628
AT1G74740,0,0.002422145328719723,0.00011667701816662566,0.011085653688775406,0.22585140774521073,9.696630756816407e-05,0.0002996128700477877,0.0004302277028322807
AT1G79020,0,0.001384083044982699,0.00014589719836175264,0.008441940886728536,0.2303729369699314,0.00016846642655043707,0.00023215367362586518,0.0003684625258318114
AT1G80030,0,0.001038062283737024,8.448422771872467e-06,0.007838458074392875,0.223156094349866,6.316030651192523e-06,0.00016889667766429423,0.0003510441618664319
AT2G01430,0,0.0006920415224913495,0.0,0.006884873041161419,0.22758965913827392,0.0,0.00013164096025223605,0.0003025504516870188
AT2G30980,0,0.004152249134948096,0.0011488480561639375,0.0201907369333848,0.24827558832481428,0.0010093832420696685,0.00045791856875324077,0.0004547918525169332
AT2G40290,0,0.001038062283737024,1.1712159889292789e-05,0.011585881806592075,0.2299147320505445,8.153505280324432e-06,0.00016877690999053235,0.0003519508520699707
AT2G41630,0,0.002076124567474048,0.0009420140558462406,0.01354664868178217,0.23663225562585583,0.0009305951645914224,0.00036085894641185647,0.00039487246281123866
AT3G05840,0,0.001384083044982699,0.0,0.007210015723771617,0.22758965913827392,0.0,0.0001836674411434087,0.0003025504516870187
AT3G20130,0,0.001038062283737024,8.448422771872467e-06,0.007838458074392875,0.223156094349866,6.316030651192523e-06,0.00016889667766429423,0.00035104416186643156
AT3G63280,0,0.0017301038062283738,1.6469070848706856e-05,0.004342189628960499,0.21634086356538262,2.0329070430979796e-05,0.00023623689485487148,0.0003376687572494489
AT5G49650,0,0.00034602076124567473,0.0,0.0024767561088365983,0.20640263381308926,0.0,9.03682995308805e-05,0.0002122377092031967
AT5G42080,0,0.0017301038062283738,0.0008372089909621341,0.00010084497723200536,0.18202611489593248,0.0008421596433906531,0.0003717418134133709,0.00025349605654901734
AT1G59620,0,0.00034602076124567473,0.0,0.00035056536136390825,0.20393639544595613,0.0,0.00013233419278316601,0.00021191811470673653
AT1G59830,0,0.00034602076124567473,0.0,3.6025146683368016e-06,0.1567967723787578,0.0,0.00012289868879236985,0.00016875117990575896
AT5G03730,0,0.002076124567474048,0.0007253047608338041,7.98847749861376e-05,0.18825130292479628,0.0007379438490962068,0.0004174856652658049,0.00031095644215658693
AT1G59870,0,0.0034602076124567475,0.0010610540852843207,0.006070538338133025,0.2309587549914697,0.0011701759122546942,0.0005069240956382319,0.0004452720994072953
AT1G80440,0,0.0017301038062283738,0.0027698127259507114,0.001993245321897411,0.215900063775454,0.002824438749101064,0.0003580169786093104,0.0003591881791053889
AT2G41100,0,0.001038062283737024,0.000658325266960118,0.012829919057104983,0.23582036825028496,0.0006715864357545508,0.00020375349607855908,0.00032458621892300394
AT3G56800,0,0.001038062283737024,0.00011878488348805022,0.004297596677007232,0.2182719810497874,0.00016562886770960598,0.0001931049324988786,0.0003371190600111182
AT1G59900,0,0.001038062283737024,0.0003627896911692867,0.00021004371651005637,0.20043244413706438,0.00038304919441007067,0.0002712781259949702,0.0003063173222911993
AT1G59990,0,0.00034602076124567473,0.0,3.518397515288328e-55,0.00034602076124567473,0.0,0.0003459010722933241,0.0
AT3G53020,0,0.00034602076124567473,0.0,3.518397515288328e-55,0.00034602076124567473,0.0,0.0003459010722933241,0.0
AT1G60160,0,0.00034602076124567473,0.0,3.518397515288328e-55,0.00034602076124567473,0.0,0.0003459010722933241,0.0
AT3G28360,0,0.00034602076124567473,0.0,3.518397515288328e-55,0.00034602076124567473,0.0,0.0003459010722933241,0.0
AT1G60220,0,0.00034602076124567473,0.0,0.004451225715249699,0.210033601850931,0.0,8.787647305371423e-05,0.0002126556243210145
AT1G60620,0,0.00034602076124567473,0.0,0.000610897522298142,0.18897873606383836,0.0,0.00010300305839792827,0.00019075002580984303
AT2G44710,0,0.001038062283737024,4.250340828040058e-05,0.00016996878308778144,0.17857501939548295,5.677060376258261e-05,0.00021545153841685092,0.0003060917092049627
AT1G60850,0,0.00034602076124567473,0.0,0.00045769214516565336,0.20748036642009243,0.0,0.00011723926255745028,0.00020942049372342487
AT1G60940,0,0.00034602076124567473,0.0,0.00012824623872003714,0.19210506505598074,0.0,0.0001138682771017622,0.00019639942425232117
AT2G05620,0,0.001384083044982699,7.73762553946795e-05,0.00029901302338352834,0.20423119588909996,9.89918298557282e-05,0.0003065746438970703,0.00033572339215317984
AT1G61010,0,0.00034602076124567473,0.0,0.0001892714683909508,0.1663997154492621,0.0,0.00012464583960421292,0.00016709220706692974
AT1G61150,0,0.00034602076124567473,0.0,3.518397515288328e-55,0.00034602076124567473,0.0,0.0003459010722933241,0.0
AT4G09340,0,0.00034602076124567473,0.0,3.518397515288328e-55,0.00034602076124567473,0.0,0.0003459010722933241,0.0
AT1G61170,0,0.0006920415224913495,0.0002104572820085784,0.002745476430511538,0.22740649657614886,0.00024482606935004856,0.0001757194826783669,0.000297225228135525
AT1G61210,0,0.00034602076124567473,0.0,0.00031277625165608965,0.1947979204298026,0.0,0.00011017970758783987,0.00020739662570964167
AT1G61250,0,0.00034602076124567473,0.0,4.1798413438220374e-05,0.185423758746706,0.0,0.00010222145222974833,0.00020820938988390234
AT1G73660,0,0.0006920415224913495,0.00010220305402365397,0.000102444382434761,0.18766783641141413,0.00011130733749813038,0.000191910609514755,0.00025523624200025316
AT1G61560,0,0.001038062283737024,0.0,5.378251912073014e-05,0.18615671262799743,0.0,0.00017688197425889512,0.0002075808654158516
AT1G61690,0,0.00034602076124567473,0.0,0.00015575692573656873,0.1933171304607429,0.0,0.00011036125753088557,0.00019467494654759138
AT1G61730,0,0.00034602076124567473,0.0,0.00047256781553621974,0.18039915238781817,0.0,0.00010345036026612368,0.00019339501649827149
AT3G28730,0,0.002768166089965398,0.0015381421957728035,0.010479410388685618,0.2233324713454881,0.0015557065397604852,0.0004855080082246257,0.0004063778473157885
AT1G61870,0,0.00034602076124567473,0.0,1.6450604094697203e-48,0.0006228373702422146,0.0,0.0002351180543426771,0.0
AT5G20280,0,0.001038062283737024,7.186308644769985e-07,2.849328210721617e-48,0.0010380622837370243,7.186308644769985e-07,0.000678250126145265,0.0
AT1G61980,0,0.00034602076124567473,0.0,0.003940394498280914,0.21397449316037634,0.0,8.977348276171256e-05,0.000213056244469515
AT1G62180,0,0.00034602076124567473,0.0,0.00033828031196839046,0.19678765388927286,0.0,0.00011918483384954439,0.00021013998381843587
AT1G62300,0,0.002076124567474048,5.953397150250314e-05,0.021036159482784426,0.23161082433616326,6.267189623141265e-05,0.00027196735716990186,0.0004169328008285054
AT1G62360,0,0.001038062283737024,2.9218279164985396e-05,0.014326134682076134,0.232712925623268,3.647640681087905e-05,0.00018329636287873233,0.0003411083507243573
AT1G62380,0,0.00034602076124567473,0.0,0.00011946413487700474,0.19123829532343758,0.0,0.00012432335735046627,0.00020382355126440864
AT1G62740,0,0.00034602076124567473,0.0,0.0005238325831580725,0.18382874448540357,0.0,9.407630761782592e-05,0.00020526972241797757
AT1G62780,0,0.00034602076124567473,0.0,2.715454280400127e-05,0.17011752299224517,0.0,0.00011339748551053869,0.00018710129495598643
AT1G62830,0,0.00034602076124567473,0.0,0.00046521790741276675,0.1869641855029461,0.0,0.00011726378286174738,0.00016655453573383557
AT1G62960,0,0.00034602076124567473,0.0,0.002381802868415211,0.21401050670799232,0.0,9.338110165729813e-05,0.0002120890633492002
AT1G63000,0,0.00034602076124567473,0.0,0.00010852161687632438,0.1838553246971568,0.0,0.00012991479679855898,0.00016540472000771102
AT1G63160,0,0.00034602076124567473,0.0,5.407605042067603e-06,0.147716476022948,0.0,0.00015895047601751288,0.00011977817119593231
AT1G63700,0,0.0006920415224913495,0.00022596294740780804,0.0019247585378171495,0.21176508045724646,0.00022598336505174195,0.00015881247092224075,0.00027760189151545124
AT2G37050,0,0.001038062283737024,7.37715017333051e-05,0.00020467377981664238,0.1954717026295982,8.457000979319266e-05,0.00020257167126385954,0.0003241465378042421
AT1G63850,0,0.0006920415224913495,2.4592214472803772e-05,0.007764687689201543,0.2303729369699314,2.3151831392942276e-05,0.000129952704924101,0.0003026385506870911
AT1G63940,0,0.00034602076124567473,0.0,1.0117993652438482e-05,0.15678710550006614,0.0,0.00016353919122754775,0.00013029957106370097
AT2G15620,0,0.0006920415224913495,0.0006491632142442219,0.00022437108184322364,0.1882373687054828,0.0006491632142442219,0.00026112156696588327,0.00020142519006188166
AT2G36580,0,0.0006920415224913495,8.922622990690499e-05,5.8523646908636145e-05,0.16714340132836497,0.00011519827983977957,0.00024580995296627066,0.0002054670594909464
AT4G28440,0,0.00034602076124567473,0.0,5.797236854398842e-05,0.1650069329880011,0.0,0.00013525213803020525,0.00016013210749075336
AT1G64040,0,0.00034602076124567473,0.0,2.2521580208527226e-05,0.15666154445950056,0.0,0.00016246006546042212,0.00014569252952525538
AT2G31305,0,0.0031141868512110727,0.00488437872910533,0.0004994241463925935,0.18805641138882442,0.0048748844849436125,0.0012014774740191278,0.00024074515972445504
AT5G21326,0,0.002768166089965398,0.00016420072209775307,0.002317504206402787,0.20877488311395392,0.0001847991104590574,0.00041136560874421976,0.00042632308588375485
AT4G24990,0,0.001038062283737024,4.746751464141749e-05,0.00021321219196545105,0.18968351243462914,3.276287100608126e-05,0.0002510811964611418,0.0003158625534306881
AT1G64520,0,0.0006920415224913495,0.00044172327860520833,0.004947050588672004,0.2191560540512817,0.00047192669650530396,0.00015390969911996866,0.0002879856780260488
AT1G75990,0,0.0006920415224913495,5.98859053730832e-08,1.4860821850852464e-06,0.12751137440889856,5.98859053730832e-08,0.0002350263042144919,0.00013550469661270068
AT4G00020,0,0.001384083044982699,0.003672582994878356,0.000360922712444745,0.17499909518380627,0.003672582994878356,0.0003766332740622714,0.00021395783889168507
AT5G01630,0,0.0006920415224913495,5.98859053730832e-08,1.4860821850852464e-06,0.12751137440889856,5.98859053730832e-08,0.0002350263042144919,0.00013550469661270073
AT1G64780,0,0.00034602076124567473,0.0,4.1338790462638477e-05,0.17587045997310324,0.0,9.353325671513613e-05,0.00020515205999611886
AT1G64840,0,0.0006920415224913495,2.1231412263619832e-06,0.0018899123251755782,0.20513727927813766,1.6747566718255527e-06,0.00012677029257219705,0.0002984437863292868
AT1G64990,0,0.00034602076124567473,0.0,0.0005208039096091139,0.20798943740991843,0.0,0.0001129538293373494,0.00020894052079797074
AT1G65010,0,0.00034602076124567473,0.0,0.00059488821655206,0.2143532409989104,0.0,0.00011331500178369032,0.00021076847738930207
AT1G65030,0,0.00034602076124567473,0.0,0.00031277625165608965,0.1947979204298026,0.0,0.00011017970758783987,0.00020739662570964164
AT2G04030,0,0.0006920415224913495,1.9134331020921367e-05,0.0002149804544727976,0.1992546306676387,4.0230117593212246e-05,0.00018946227645330618,0.0002688571006120639
AT1G65310,0,0.00034602076124567473,0.0,3.518397515288328e-55,0.00034602076124567473,0.0,0.0003459010722933241,0.0
AT3G44990,0,0.00034602076124567473,0.0,3.518397515288328e-55,0.00034602076124567473,0.0,0.0003459010722933241,0.0
AT1G65380,0,0.001038062283737024,0.0007279971781623851,0.00018252060725022342,0.20138476807183028,0.0007418330977769497,0.0002577530347853698,0.0002866971000021403
AT5G13290,0,0.001038062283737024,0.0,8.621336914139512e-06,0.16580302850509016,0.0,0.00021727307285349386,0.00016134232172782502
AT5G57940,0,0.002076124567474048,0.0018112460472695469,0.00033814420090981945,0.2116241034543624,0.0019731207491382624,0.00041657493030296136,0.0003903381134648978
AT4G25530,0,0.001038062283737024,0.0,8.935146005910494e-05,0.18192194371636547,0.0,0.00020227652563513198,0.0001846882302632768
AT5G06850,0,0.00034602076124567473,0.0,8.532194934805373e-05,0.18192194371636547,0.0,0.00011630839414511692,0.00018468823026327683
AT5G51230,0,0.0006920415224913495,2.3954362149233276e-07,0.001587911397591174,0.1912095376850431,2.3954362149233276e-07,0.00014422390074669622,0.00027727309878249637
AT1G65740,0,0.0006920415224913495,4.283244492830261e-05,0.0016985623066036926,0.20822785975690433,5.575242617412972e-05,0.00014131630992663064,0.00028853368602303953
AT2G23380,0,0.002076124567474048,0.0004336554634905157,0.0067587415730885865,0.2191749419297658,0.0005524985666393733,0.00036479447182671766,0.00038726666883287606
AT1G65930,0,0.00034602076124567473,0.0,9.07331990286699e-05,0.1848710999717267,0.0,0.00010656145858479931,0.00019786794993387297
AT1G65980,0,0.00034602076124567473,0.0,0.00035056536136390825,0.20393639544595613,0.0,0.00013233419278316601,0.00021191811470673742
AT1G66150,0,0.002422145328719723,3.4336044791147785e-05,0.0005570995102971138,0.19741397696095891,3.4789615279349824e-05,0.0003269840448422434,0.0004230769494005807
AT1G66200,0,0.0006920415224913495,0.00022086135938294776,0.0003616347999949693,0.19758269374648998,0.0002646834811422768,0.0001972863112817553,0.00029057983842716077
AT2G31320,0,0.001384083044982699,5.98859053730832e-08,1.785994646458819e-05,0.15629567028523586,5.98859053730832e-08,0.0002460295380475675,0.00022921988121243054
AT2G26070,0,0.0006920415224913495,7.507197722950164e-05,4.471341596213171e-05,0.1855319800985681,8.90424848487198e-05,0.0001684962497219853,0.0002773702897329685
AT5G57710,0,0.0006920415224913495,1.885616937826543e-06,0.005120377941176742,0.21279280823454713,2.0332394111465983e-06,0.00012886127337734097,0.00029865256634377987
AT1G66410,0,0.001038062283737024,0.00022838069978077925,0.00033012895004195684,0.19180080331933577,0.00029095247635825186,0.000250972385500232,0.00030122440083764433
AT5G43940,0,0.0006920415224913495,0.0002185364615586118,0.0002873581109829584,0.20635238974448822,0.00028190946876997645,0.00019765976492554772,0.00027111075382375176
AT1G66670,0,0.0006920415224913495,0.0002026063453433913,0.0020960405481617434,0.2073281307036583,0.00022311129061676287,0.0001611380318744617,0.0002957352258885938
AT1G67090,0,0.002076124567474048,0.005916985784411149,0.007082419340613893,0.24699755742143287,0.00591134272546436,0.0004372683196954292,0.00041033265578601464
AT1G67230,0,0.0006920415224913495,0.0,1.1706144520650697e-05,0.15066572967658468,0.0,0.00019759556466999377,0.00021540349606729946
AT3G10730,0,0.0017301038062283738,0.0003112733833297226,0.00012671423997547257,0.17822460236954746,0.00031076529552672805,0.0003376334296807998,0.000265480075797651
AT5G04990,0,0.002422145328719723,0.0009891946016745156,0.0001328754082071338,0.17946978484199527,0.0009942569316815505,0.0005219164222464818,0.0002898772920263281
AT1G67430,0,0.00034602076124567473,0.0,0.0001888626477335997,0.17461458742179845,0.0,0.00012193010272504369,0.00015363825580432612
AT1G67730,0,0.0006920415224913495,0.0,3.518397515288328e-55,0.0,0.0,0.0003459010722933241,0.0
AT1G67930,0,0.00034602076124567473,0.0,0.0011183074923779058,0.19872523647816462,0.0,0.00011001170232270198,0.0002091109201081737
AT5G62430,0,0.001038062283737024,4.802206337041598e-05,0.012746251224891612,0.22865373594776775,4.8436637471904956e-05,0.00015800735295178346,0.00034747161259961895
AT1G68060,0,0.00034602076124567473,0.0,4.862346253142572e-05,0.17259989488333602,0.0,0.00013653824342194827,0.00015383745967890145
AT1G68090,0,0.00034602076124567473,0.0,1.3392055177552258e-05,0.16614967014315124,0.0,0.00011612206194113118,0.00017416982107789036
AT1G68360,0,0.002076124567474048,0.0003578598280382022,0.048355024423076556,0.24907804615191703,0.0003701743828513558,0.000291118634355151,0.0004191264061427093
AT1G68520,0,0.0006920415224913495,4.33572447192033e-06,0.003159477805769256,0.20687276101936652,3.967803715875476e-06,0.0001294674626428716,0.0002962787807453781
AT1G68680,0,0.00034602076124567473,0.0,0.0007190602769107869,0.20525317604609142,0.0,0.00013492130175167866,0.00021116138453827892
AT1G68840,0,0.0006920415224913495,6.265309789595791e-06,0.003340429822733446,0.20601805340335974,1.4854577062729519e-05,0.00015319465962692074,0.00026193364330643834
AT3G25990,0,0.001384083044982699,6.574432784810366e-05,0.007546632415748728,0.2181970700309801,9.141754320904927e-05,0.0002133421698751201,0.0002654118688999906
AT5G17800,0,0.00657439446366782,0.004086802106707702,0.06652904989218314,0.2616613696070658,0.004008894866853421,0.0008657999878071455,0.0004718491442387659
AT1G68850,0,0.0006920415224913495,0.0,0.0010696256382746953,0.21413664964727794,0.0,0.00021537033369084605,0.0002999259630724555
AT1G69200,0,0.001038062283737024,0.0012978473412454592,1.4826422181870754e-08,0.12116861307466519,0.0012978473412454592,0.00041582766614899373,8.132540373733576e-05
AT3G06730,0,0.001038062283737024,0.0025937783335189795,3.126383034846776e-07,0.1390957091949392,0.0025937783335189795,0.0003909060992525462,9.530210684796279e-05
AT3G54090,0,0.001384083044982699,0.0,1.5464824734429373e-08,0.12115706770896012,0.0,0.00039152200826847905,8.131658626505769e-05
AT4G13670,0,0.0006920415224913495,0.0006491632142442219,6.699786314059381e-10,0.10732135597615938,0.0006491632142442219,0.00033527322127799254,6.664764634586252e-05
AT1G69490,0,0.0006920415224913495,1.3211678853929045e-05,0.006690139274747756,0.21696842003336514,1.5254490824046674e-05,0.00012340260051868528,0.00030048538780215884
AT1G69530,0,0.00034602076124567473,0.0,0.00013771998727084595,0.1837490499429966,0.0,0.00012637682167612515,0.00020215563207038697
AT1G69620,0,0.00034602076124567473,0.0,0.0019473980770921785,0.2242976584239789,0.0,0.00012251259086955345,0.00021377721298793944
AT2G39830,0,0.001038062283737024,0.00044418368747909927,0.024868955006412046,0.24530595651693574,0.00034833866337364666,0.0001853268606372762,0.0003506867972701512
AT2G40470,0,0.00034602076124567473,0.0,0.012072839425337316,0.22669699155028283,0.0,8.812545971026037e-05,0.00021457739575899104
AT3G57750,0,0.001384083044982699,0.0009096637906426438,0.02472842631659196,0.24025383573085243,0.0009026065817816719,0.0002625609191712852,0.0003553706123657407
AT3G58510,0,0.00034602076124567473,0.0,0.012072839425337316,0.22669699155028283,0.0,8.812545971026037e-05,0.00021457739575899098
AT4G24390,0,0.002768166089965398,0.001625133917904461,0.030646822312301453,0.2509707738291792,0.0013898259601987277,0.00033800247652543837,0.0004407049250832524
AT4G36750,0,0.00034602076124567473,0.0,0.012072839425337316,0.22669699155028283,0.0,8.812545971026037e-05,0.00021457739575899104
AT4G36860,0,0.001038062283737024,0.00044418368747909927,0.024868955006412046,0.24530595651693574,0.00034833866337364666,0.0001853268606372762,0.0003506867972701512
AT5G50600,0,0.00034602076124567473,0.0,0.012072839425337316,0.22669699155028283,0.0,8.812545971026037e-05,0.00021457739575899117
AT5G51100,0,0.0006920415224913495,8.117736442924249e-05,0.012664103460876756,0.2320546446948693,8.026774365152054e-05,0.00013043897221706445,0.0003014539257837956
AT5G66240,0,0.001038062283737024,0.0008501048885542688,0.02491401827377972,0.24317143346826092,0.0008750650941516454,0.00018764907950825804,0.00035141573981295335
AT1G69740,0,0.00034602076124567473,0.0,0.00021200776019894191,0.19627127044926085,0.0,0.00013463025071445007,0.0002110267411147744
AT1G69770,0,0.0006920415224913495,5.7926734466787404e-05,0.0007990482312046602,0.20932478814808403,7.117708606760131e-05,0.00015456152926697996,0.0002914901635505611
AT1G69830,0,0.00034602076124567473,0.0,0.0019473980770921785,0.2242976584239789,0.0,0.00012251259086955345,0.0002137772129879396
AT1G69840,0,0.0006920415224913495,0.0,0.0023678860920734925,0.2068222878343423,0.0,0.00016695071962637194,0.00029800024106194214
AT1G70300,0,0.0006920415224913495,0.00033760203973135606,0.0007432945953170595,0.21438938216245768,0.0003528263951423797,0.00014600002406599998,0.00030036576128131677
AT1G70410,0,0.001384083044982699,0.0006759692656000838,9.524974438792482e-05,0.18515375691380215,0.0006787001842392842,0.0002775418115391374,0.00023421778753423192
AT5G23120,0,0.0006920415224913495,0.00011048199920615025,4.90625014186502e-06,0.1562572566028309,0.00013330047356632335,0.00021719261199041793,0.00019897559672883843
AT1G70440,0,0.00034602076124567473,0.0,0.00035056536136390825,0.20393639544595613,0.0,0.00013233419278316601,0.00021191811470673753
AT1G70490,0,0.0006920415224913495,3.992702025508491e-06,3.157182336421425e-05,0.17542159420646153,1.3942989829817755e-05,0.0001662529025432599,0.00027275225541804584
AT1G70750,0,0.00034602076124567473,0.0,2.4339330692744824e-08,0.11829411346223243,0.0,0.00018537102365874097,0.0001056840107407954
AT3G19980,0,0.002076124567474048,0.0011490367238596471,0.0038182442272626134,0.2286331791073517,0.0012818959248469821,0.0003602987737415938,0.0004039534432827418
AT5G13160,0,0.00034602076124567473,0.0,0.0002700625560393853,0.17803744407806446,0.0,9.667487851236518e-05,0.0001909770057549393
AT2G39770,0,0.001038062283737024,0.001190078574596265,0.00271078088076675,0.23093778162105638,0.001159135520962746,0.0002864616277462641,0.0003017664483822589
AT2G40940,0,0.001384083044982699,0.0018922473941142524,0.0007695797853972626,0.20457620876929233,0.0019064561452490814,0.0003350703448801853,0.00031888381151809833
AT3G27420,0,0.001038062283737024,0.00011328744675398003,0.002255987746360898,0.21059016654613058,0.00011063648988377068,0.00020477943799226007,0.0003467315756587926
AT4G00710,0,0.001384083044982699,0.0012586474920189559,0.0027453477041520635,0.22233667172679428,0.0012384742577316687,0.00026186245406058326,0.0003687042723503408
AT4G02620,0,0.0006920415224913495,3.2096249477677604e-05,0.0020223466022581326,0.20736194155341428,3.057805269793932e-05,0.0001476797225131045,0.0002984675217414611
AT4G12020,0,0.00034602076124567473,0.0,0.0007578693293710562,0.19956735864483033,0.0,0.00010281745933877633,0.00020994374480506344
AT5G38890,0,0.00034602076124567473,0.0,0.0007578693293710562,0.19956735864483033,0.0,0.00010281745933877633,0.00020994374480506344
AT5G50810,0,0.00034602076124567473,0.0,0.0007578693293710562,0.19956735864483033,0.0,0.00010281745933877633,0.00020994374480506347
AT4G02030,0,0.00034602076124567473,0.0,3.671639901086166e-51,0.00046136101499423294,0.0,0.00026281380883033884,0.0
AT1G71770,0,0.0006920415224913495,0.000864273386344277,9.512515661631854e-05,0.18504597622142713,0.000891281929667597,0.0002455980816507792,0.00018889802158061157
AT3G10380,0,0.00034602076124567473,0.0,2.7105967356643822e-08,0.1255349418111893,0.0,0.0001649315985125346,0.00011513719326776192
AT3G09840,0,0.002768166089965398,0.00098240396015761,0.0007326542444669737,0.20980833687080874,0.001017417532823661,0.00045640912350212906,0.0003846754870350587
AT5G19280,0,0.0017301038062283738,0.00018220557583260022,0.00026193343725485217,0.19472334235919392,0.0002232595584973612,0.000296155007598324,0.00038019769013828867
AT1G72390,0,0.001038062283737024,0.00013833966498178168,0.005472570165578464,0.22218127303958352,0.0001523917148264542,0.0001938437943770138,0.0003447258369760366
AT1G72430,0,0.0006920415224913495,0.0,3.0371984823382215e-05,0.1807324888928344,0.0,0.00018228198514142196,0.0002684883529538059
AT3G04580,0,0.0017301038062283738,5.399082188246526e-05,5.838504069991129e-05,0.18827917755320003,8.94585035008245e-05,0.00039588957978755777,0.0003485470215497424
AT1G72730,0,0.00034602076124567473,0.0,8.384246851877726e-05,0.16968618477420916,0.0,0.00011996903122859801,0.0001772832569774157
AT5G57870,0,0.0017301038062283738,0.0011585006474963478,0.0018592398430944547,0.20714236794095242,0.0011393749733986484,0.0004000146116948939,0.0003412165044824871
AT1G72750,0,0.001384083044982699,2.395436214923328e-07,2.9912078693967043e-46,0.0006920415224913495,2.395436214923328e-07,0.0005961325269626963,0.0
AT2G42210,0,0.00034602076124567473,0.0,1.4956039346983522e-46,0.00046136101499423294,0.0,0.00022078534495863794,0.0
AT3G16480,0,0.00034602076124567473,0.0,1.4956039346983522e-46,0.00046136101499423294,0.0,0.00022078534495863794,0.0
AT1G73000,0,0.0017301038062283738,1.0788350632654031e-05,0.0038947324962125547,0.2041000683154954,7.999978636766062e-06,0.00023901969136556854,0.00039869547810711007
AT4G17870,0,0.002422145328719723,0.0003653773021916608,0.004765084940323006,0.22354842222319557,0.00038176149415761635,0.00033120663624915364,0.000427022540708286
AT5G46790,0,0.002768166089965398,0.00021833660649268083,0.01181594312582285,0.22929283664332098,0.0002473903278303329,0.0003619431596879843,0.00043295722785408264
AT1G72900,0,0.00034602076124567473,0.0,0.0002724678357196129,0.20352835944066208,0.0,0.00012682686893397587,0.00020774963178880228
AT1G72930,0,0.0006920415224913495,0.00037496028326368765,0.0007807763571584357,0.20935925341327677,0.0004288774051763867,0.00018470100996271339,0.00029311146350748774
AT1G73030,0,0.0006920415224913495,4.0710206250148994e-05,0.00045849688138748017,0.1971690844480596,5.235635747650431e-05,0.0001713407435663487,0.00026154965723078404
AT4G26750,0,0.001038062283737024,0.0004941940521220016,0.009580827485801009,0.23436428450936067,0.0004707453126412521,0.00020601249809024588,0.000328529854896723
AT2G39660,0,0.002422145328719723,5.9759069386323044e-05,0.0003008794412986212,0.19601409366510505,6.104275426653714e-05,0.00031034983919111137,0.00039504311566290523
AT2G01710,0,0.001038062283737024,9.722815986852961e-05,0.021317982374320463,0.23547100474176602,0.00012238238679312483,0.00017717649566507916,0.0003392547796948321
AT1G73230,0,0.00034602076124567473,0.0,5.584029534405644e-07,0.14203221732538804,0.0,0.00018911871802252913,9.781399159645541e-05
AT4G35260,0,0.001038062283737024,0.0012980868848669516,1.2372178501557588e-05,0.16736339922415747,0.0012980868848669516,0.0004934800666904998,0.0001330940077882687
AT3G28860,0,0.001038062283737024,0.0001034776823698162,0.00017366246109361182,0.18879635124061417,0.00011333077273195807,0.00022017019370120075,0.00032435983870564956
AT4G08850,0,0.001038062283737024,0.00011389636175160459,0.00015659090869864304,0.18975427930242297,0.00014084449860060077,0.00023132572387104793,0.0003059889125191631
AT1G73720,0,0.00034602076124567473,0.0,0.012528402596786314,0.2315054029322779,0.0,9.311423389815507e-05,0.00021497820142274364
AT1G73960,0,0.00034602076124567473,0.0,4.5325556924556813e-07,0.12768423212386767,0.0,0.0001304692852814506,0.00015037780690144642
AT1G74050,0,0.0006920415224913495,0.00042528148587229526,0.0008385244117877918,0.2135432740961519,0.0004855576261785968,0.0002073594982581463,0.0002969716782367852
AT1G74350,0,0.00034602076124567473,0.0,0.00035056536136390825,0.20393639544595613,0.0,0.00013233419278316601,0.0002119181147067375
AT1G74380,0,0.0017301038062283738,0.0,3.5409400956564515e-06,0.1503717390735024,0.0,0.0003274808226059969,0.00015792992035203955
AT2G03220,0,0.0017301038062283738,0.0,3.5409400956564515e-06,0.1503717390735024,0.0,0.0003274808226059969,0.00015792992035203957
AT2G20370,0,0.0017301038062283738,0.0,3.5409400956564515e-06,0.1503717390735024,0.0,0.0003274808226059969,0.00015792992035203952
AT4G02500,0,0.002076124567474048,0.0019460523810037119,6.778763252120384e-05,0.17904018946853512,0.0019460523810037114,0.00039261677312054863,0.00020088702073597578
AT4G36810,0,0.0006920415224913495,0.0019460523810037119,1.3272472400886825e-05,0.15901249616776544,0.0019460523810037119,0.0002999485690084126,0.0001314620621483485
AT1G74490,0,0.00034602076124567473,0.0,0.0013981236413146893,0.2011458396908228,0.0,9.558867503525506e-05,0.0002115650478202944
AT3G05800,0,0.00034602076124567473,0.0,5.74557700253842e-05,0.17594346556047272,0.0,0.00012776044021910364,0.0001649242601279788
AT1G74560,0,0.00034602076124567473,0.0,2.14284458467487e-05,0.16465437689938964,0.0,0.0001310910625206401,0.00017227691635359808
AT1G74910,0,0.00034602076124567473,0.0,0.0001222527121961626,0.18532916857681625,0.0,0.0001333960653188428,0.00016600758829964467
AT1G74940,0,0.00034602076124567473,0.0,0.001030336077478241,0.20424759868372602,0.0,9.588992273725203e-05,0.00020885538230309823
AT1G74970,0,0.00034602076124567473,0.0,0.00021200776019894191,0.19627127044926085,0.0,0.00013463025071445007,0.00021102674111477432
AT1G75060,0,0.001038062283737024,2.682830840343025e-06,0.002244263209725736,0.20704118303436236,3.6167488902163756e-06,0.00018069480618228615,0.00033420851213378407
AT3G12490,0,0.00034602076124567473,0.0,0.004680251218131743,0.2161386071061595,0.0,9.312602329745334e-05,0.00021233044302990394
AT3G21650,0,0.00034602076124567473,0.0,0.004680251218131743,0.2161386071061595,0.0,9.312602329745334e-05,0.00021233044302990394
AT5G13120,0,0.00034602076124567473,0.0,0.004680251218131743,0.2161386071061595,0.0,9.312602329745334e-05,0.00021233044302990394
AT1G75100,0,0.001038062283737024,0.00010646006711181795,0.0019757577221469627,0.20333308157120594,0.00010998817901654156,0.0001819205072742552,0.0003357213628619402
AT1G75490,0,0.0006920415224913495,0.000649163214244222,0.004417099889032209,0.22515155831882008,0.0006491632142442219,0.000214862792542404,0.00021413090922655438
AT4G00130,0,0.00034602076124567473,0.0,0.00019919481544005972,0.1815842092974704,0.0,0.0001431905310511864,0.00013550061298944917
AT1G75540,0,0.001384083044982699,8.40143610734093e-05,0.010222689487360206,0.22639427145117713,7.8259426299234e-05,0.00020341714485628434,0.00037856552534729456
AT1G75750,0,0.00034602076124567473,0.0,0.00011946413487700474,0.19123829532343758,0.0,0.00012432335735046627,0.00020382355126440837
AT1G75780,0,0.00034602076124567473,0.0,1.2399122593815217e-05,0.1677276646360027,0.0,0.00012919119927085423,0.00017207665402302173
AT1G75820,0,0.002768166089965398,0.0005904586608284928,0.00040350780119048364,0.2107297689104303,0.0006739695251421792,0.0003613263246139525,0.00040902691078755475
AT3G14840,0,0.0031141868512110727,0.0007672975738984974,0.001034670563148512,0.21997118339339788,0.0008189902584390986,0.0004358523309273886,0.00043904360942353363
AT1G75840,0,0.001038062283737024,6.307502045043669e-05,1.6655519109536348e-05,0.1614555806749459,7.679878515325326e-05,0.00027961020279872997,0.00027619874861191466
AT3G07880,0,0.0006920415224913495,2.877998807136285e-05,3.3668217617003976e-05,0.16322765412137824,4.3497349945392976e-05,0.00020968032925682004,0.00023303001535281321
AT4G38430,0,0.001384083044982699,0.0009687545768411876,0.00020050082866843546,0.18883840879268382,0.0009719185716255498,0.0003246790469561974,0.00032494619898494354
AT1G75850,0,0.0006920415224913495,2.395436214923328e-07,5.192482944266264e-51,0.0006920415224913495,2.395436214923328e-07,0.0005120755992192946,0.0
AT4G27690,0,0.00034602076124567473,0.0,3.671639901086166e-51,0.00046136101499423294,0.0,0.00026281380883033884,0.0
AT5G53530,0,0.00034602076124567473,0.0,3.671639901086166e-51,0.00046136101499423294,0.0,0.00026281380883033884,0.0
AT2G47900,0,0.001384083044982699,0.00028101406055053356,0.006940968265609874,0.22559095637461835,0.00031574646666657734,0.00020474160416649104,0.00037709218410295205
AT5G42350,0,0.00034602076124567473,0.0,0.0013937742510107213,0.2050711112983689,0.0,8.966834915732e-05,0.00021167313720481606
AT5G52470,0,0.001038062283737024,0.00042368566688172577,0.0027801363362492,0.21892965316899732,0.0004866141803465262,0.00020888148042875923,0.00034312560157821254
AT5G67250,0,0.0006920415224913495,2.1231412263619832e-06,0.0018899123251755782,0.20513727927813766,1.6747566718255527e-06,0.00012677029257219705,0.00029844378632928604
AT1G76180,0,0.0006920415224913495,0.0001908433411215286,0.00035679730868838774,0.20401819905423768,0.00021010055994520623,0.00018679744624002187,0.00028992612255527233
AT1G76260,0,0.0006920415224913495,0.0,0.0009232365974359409,0.20241060579521433,0.0,0.0001722932859378225,0.0002804428667518094
AT1G76420,0,0.002422145328719723,9.633067793722125e-05,0.011755832310031375,0.22027603735046103,0.00011711814054809019,0.0003098640906467326,0.00039257276273038243
AT4G34160,0,0.0031141868512110727,7.498237262695431e-05,0.003769282717501821,0.203642444843936,7.28977869801359e-05,0.00030085524771484705,0.00043687780701068447
AT2G47210,0,0.001384083044982699,0.0012712967920711553,0.005387258608953625,0.22966556951242417,0.0013033493726913301,0.00025434639880633043,0.0003610989534690309
AT5G17510,0,0.0006920415224913495,1.5476757675307185e-05,0.001870879789904451,0.20561827710309452,1.9655423698890115e-05,0.0001588035803543704,0.00028908216182695393
AT1G77140,0,0.0006920415224913495,0.0006491632142442219,4.1693726371986185e-07,0.1404011953409746,0.0006491632142442219,0.0002890162799039746,0.0001607102712546211
AT4G02195,0,0.00034602076124567473,0.0,1.8802364905559386e-08,0.1221287447155104,0.0,0.00017479076765557113,0.00011195227510182572
AT1G79730,0,0.0006920415224913495,0.0006491632142442219,1.0593124459990397e-06,0.13781427687698872,0.0006491632142442219,0.00031888763758637683,0.00012011808208728345
AT5G55160,0,0.001384083044982699,0.0002539625787566738,0.0026044977800261824,0.23031034696713212,0.0002653849155756707,0.000295278844506871,0.0003604177815858918
AT4G14880,0,0.0017301038062283738,0.004798591599787794,0.0008387799527283399,0.21661727863808117,0.0049136493312725476,0.00045607203856331397,0.000362906614809223
AT1G78290,0,0.0006920415224913495,0.0,0.0006957742404417057,0.1998339502758976,0.0,0.00013794530366300587,0.00029036697693311054
AT4G11280,0,0.001038062283737024,0.00035743003117730986,0.0012288227090229873,0.21466082984815335,0.000409810737904558,0.0002053673000169298,0.00033997228266773857
AT4G26200,0,0.001038062283737024,0.0,0.00011193668069479474,0.1838686176857113,0.0,0.00019209329242520862,0.00019334059501514402
AT1G78310,0,0.001038062283737024,0.0006966831754327482,0.0054672404495474764,0.22358773089599726,0.0007085089925768929,0.00024411556864963892,0.0002932521994711289
AT5G46350,0,0.00034602076124567473,0.0,0.0002465484188575563,0.18056566679999095,0.0,0.00012107499018107465,0.00016339778238389215
AT1G78340,0,0.00034602076124567473,0.0,3.518397515288328e-55,0.00034602076124567473,0.0,0.0003459010722933241,0.0
AT3G17410,0,0.00034602076124567473,0.0,3.518397515288328e-55,0.00034602076124567473,0.0,0.0003459010722933241,0.0
AT1G78510,0,0.0006920415224913495,0.0012978473412454592,5.997564275924349e-07,0.13600122205524748,0.0012978473412454592,0.0003375114607466009,9.696727767253851e-05
AT1G78630,0,0.00034602076124567473,0.0,0.0007190602769107869,0.20525317604609142,0.0,0.00013492130175167866,0.00021116138453827895
AT1G78860,0,0.00034602076124567473,0.0,0.00035056536136390825,0.20393639544595613,0.0,0.00013233419278316601,0.00021191811470673734
AT5G42000,0,0.00034602076124567473,0.0,7.514154277927104e-06,0.16279923508168956,0.0,0.00011441086735189006,0.00018075677630266014
AT1G79000,0,0.001384083044982699,7.39830659007864e-05,0.01749989343692607,0.2387874977662979,6.515248863435663e-05,0.0002057116462604249,0.00037889846945195535
AT1G79010,0,0.00034602076124567473,0.0,0.0006585771506860415,0.19596877947222568,0.0,0.00010622724534510342,0.0002056429152442405
AT5G64610,0,0.0006920415224913495,5.700803096886219e-06,0.00338081422033407,0.2069906276421189,9.528983582131067e-06,0.00014209056004844164,0.0002829013994715969
AT1G79040,0,0.00034602076124567473,0.0,0.0019473980770921785,0.2242976584239789,0.0,0.00012251259086955345,0.00021377721298793947
AT1G79280,0,0.0006920415224913495,0.00036047991007006876,0.0019786472384337316,0.224833069685357,0.0003819825919629589,0.00018992042382503653,0.00027533945378548026
AT1G79380,0,0.001384083044982699,0.0003963484651907973,4.177569072338375e-05,0.17627274216476557,0.0004007212036107888,0.00034689865392239854,0.00029252520148909437
AT4G04950,0,0.0034602076124567475,0.002737135621417574,0.00021697467648491646,0.19436616105251245,0.0028451446535486314,0.0007812582455819624,0.0003323310309088979
AT4G32690,0,0.0006920415224913495,0.0,3.767830286879095e-06,0.14840609542548278,0.0,0.000199254957947403,0.00022210826174494388
AT5G41700,0,0.002422145328719723,0.0019562961295778655,0.000663855223053796,0.2073788511140074,0.0019472063371345596,0.0005144991329335824,0.000389201982417601
AT5G63970,0,0.001384083044982699,0.0003963484651907973,4.177569072338375e-05,0.17627274216476557,0.0004007212036107888,0.00034689865392239854,0.00029252520148909453
AT1G79530,0,0.00034602076124567473,0.0,4.544568933224702e-05,0.18095110653273608,0.0,0.00012678704927769613,0.00019532294925101655
AT1G79570,0,0.00034602076124567473,0.0,5.108790867188884e-05,0.17612624497618068,0.0,9.176848534495755e-05,0.0002041098640966233
AT1G79610,0,0.00034602076124567473,0.0,5.991990934944097e-06,0.15065680398169864,0.0,0.00012581481668443067,0.0001623446317735045
AT1G79650,0,0.0006920415224913495,0.0011284596850743352,0.0014480125892956004,0.2040345676517228,0.0011487147551387381,0.00018914089482900242,0.0002726059548479251
AT4G38630,0,0.002076124567474048,0.0042042519036969705,0.00019202927433081276,0.18992433541531537,0.004183587338935676,0.0006245444346214,0.000305809348165971
AT5G61150,0,0.00034602076124567473,0.0,4.777110255582824e-08,0.12016665176067065,0.0,0.00018713275939811517,9.061959220884817e-05
AT1G79750,0,0.00034602076124567473,0.0,3.518397515288328e-55,0.00034602076124567473,0.0,0.0003459010722933241,0.0
AT2G19900,0,0.00034602076124567473,0.0,3.518397515288328e-55,0.00034602076124567473,0.0,0.0003459010722933241,0.0
AT1G79830,0,0.00034602076124567473,0.0,3.25862016477143e-07,0.14090685124174826,0.0,0.0001679318207049535,9.877590819412634e-05
AT5G66030,0,0.001384083044982699,0.0006491632142442219,7.225565459419011e-06,0.16580302850509016,0.0006491632142442219,0.0004093866771639228,0.0001348813003675016
AT1G79850,0,0.00034602076124567473,0.0,0.00021200776019894191,0.19627127044926085,0.0,0.00013463025071445007,0.00021102674111477402
AT1G79930,0,0.00034602076124567473,0.0,1.540864260622036e-05,0.1688748822107094,0.0,0.00013590840214496844,0.0001800131959855575
AT2G21050,0,0.00034602076124567473,0.0,0.00011925063992378479,0.18408156722483335,0.0,0.00010928457280091341,0.00019730216317743427
AT4G12730,0,0.001038062283737024,0.00012716099447170198,0.0003411106819715853,0.19989678126167842,0.000147516606109515,0.0002288019663797656,0.0003324727283518923
AT1G80210,0,0.00034602076124567473,0.0,0.0006585771506860415,0.19596877947222568,0.0,0.00010622724534510342,0.0002056429152442403
AT1G80350,0,0.001038062283737024,0.0006845413015698183,2.9702244455262623e-05,0.17216754797989794,0.0006899146613490459,0.000334175115692754,0.00024103645563794824
AT5G10470,0,0.0006920415224913495,0.0011288411884827758,0.0005221433402649554,0.2082960808592901,0.0011164162951651665,0.00020753690925706558,0.00025647829174967794
AT5G23430,0,0.00034602076124567473,0.0,1.33943065584146e-06,0.14547719530982625,0.0,0.00014646824076371479,0.0001457991612427839
AT1G80410,0,0.00034602076124567473,0.0,8.114383321719624e-05,0.175833979894287,0.0,0.00012547148422124214,0.00016562254621555706
AT2G37040,0,0.0017301038062283738,0.0019465314682466965,9.45381300904986e-05,0.17559116558800475,0.0019465314682466965,0.0004486752560606134,0.00018221388459254228
AT3G16857,0,0.0017301038062283738,0.0020480431203108397,0.0011509475501968233,0.2223950022921795,0.002185138996965183,0.0003881922122470061,0.0003808057079925416
AT4G30935,0,0.0006920415224913495,1.2540547037514054e-06,0.0035099625776009668,0.20164025144394804,1.332754435507356e-06,0.00012253547470443587,0.00029563032593452965
AT5G55170,0,0.0017301038062283738,0.0006170736495863866,0.006691615841514993,0.23811674636807798,0.0006861366790287522,0.000297785738647944,0.0004004959242101476
AT1G80560,0,0.00034602076124567473,0.0,3.518397515288328e-55,0.00034602076124567473,0.0,0.0003459010722933241,0.0
AT5G14200,0,0.00034602076124567473,0.0,3.518397515288328e-55,0.00034602076124567473,0.0,0.0003459010722933241,0.0
AT1G80670,0,0.00034602076124567473,0.0,0.00031277625165608965,0.1947979204298026,0.0,0.00011017970758783987,0.00020739662570964208
AT1G80720,0,0.0006920415224913495,0.0001444532182250481,0.005499561262735851,0.2241197542267624,0.0001337424938160575,0.0001535144600995085,0.00030202806671462815
AT5G13630,0,0.002076124567474048,0.0011998620638963844,0.0037094732487309066,0.22921017135746488,0.0013671067995184897,0.0003392464671215327,0.0004131441068899667
AT2G01050,0,0.00034602076124567473,0.0,2.6882281471416668e-05,0.17451872434882465,0.0,0.00015663908017581244,0.00013418239468345936
AT4G14040,0,0.0006920415224913495,0.000649163214244222,0.0005961005268175112,0.21438938216245768,0.0006491632142442218,0.00024654431263121043,0.00021085736155938674
AT2G01210,0,0.002076124567474048,5.2428900441708894e-05,0.000697783934164795,0.2110445519677239,4.696251248917393e-05,0.00028728199774069065,0.00041376228801267987
AT2G01350,0,0.00034602076124567473,0.0,0.0019473980770921785,0.2242976584239789,0.0,0.00012251259086955345,0.00021377721298793923
AT2G01530,0,0.00034602076124567473,0.0,3.518397515288328e-55,0.00034602076124567473,0.0,0.0003459010722933241,0.0
AT3G12390,0,0.00034602076124567473,0.0,3.518397515288328e-55,0.00034602076124567473,0.0,0.0003459010722933241,0.0
AT2G01730,0,0.00034602076124567473,0.0,0.0001892714683909508,0.1663997154492621,0.0,0.00012464583960421292,0.00016709220706692985
AT2G01770,0,0.00034602076124567473,0.0,8.170212746753787e-05,0.1890911481307958,0.0,0.00010685981843637058,0.00020754178528424063
AT2G05070,0,0.00034602076124567473,0.0,4.544568933224702e-05,0.18095110653273608,0.0,0.00012678704927769613,0.00019532294925101644
AT2G38280,0,0.00034602076124567473,0.0,4.544568933224702e-05,0.18095110653273608,0.0,0.00012678704927769613,0.0001953229492510164
AT5G16070,0,0.0006920415224913495,0.0003842011414920439,5.751385827810291e-05,0.18532916857681625,0.00040836935881508074,0.00021133662855852468,0.0002614854224526258
AT5G59850,0,0.00034602076124567473,0.0,4.544568933224702e-05,0.18095110653273608,0.0,0.00012678704927769613,0.00019532294925101644
AT2G13360,0,0.001384083044982699,0.0006491632142442219,0.0003349216663979979,0.20352835944066208,0.0006491632142442219,0.00032573214073113835,0.0002105057031716329
AT2G19940,0,0.00034602076124567473,0.0,0.00031913620969735413,0.20349578708578642,0.0,0.0001107736812184848,0.00021041711516605818
AT3G21720,0,0.001384083044982699,0.0003097869761066845,0.0007281924059169286,0.21143056627960366,0.0003727698299382406,0.000249888864230021,0.00028967469024379774
AT3G56460,0,0.00034602076124567473,0.0,0.00031913620969735413,0.20349578708578642,0.0,0.0001107736812184848,0.00021041711516605818
AT3G59920,0,0.0006920415224913495,0.00019923321743145055,0.0004413843316620127,0.21055529485105753,0.0002151574535319972,0.00017071402612395454,0.0002939106534973762
AT3G62290,0,0.0006920415224913495,0.00011179929717186297,0.00045318823568021437,0.20831314312017307,0.00012726146221966645,0.00017114047864252957,0.0002902800044852793
AT4G17170,0,0.00034602076124567473,0.0,0.00031913620969735413,0.20349578708578642,0.0,0.0001107736812184848,0.00021041711516605818
AT4G31490,0,0.00034602076124567473,0.0,0.00031913620969735413,0.20349578708578642,0.0,0.0001107736812184848,0.0002104171151660581
AT4G35090,0,0.0017301038062283738,0.001289269660459749,0.0040488010349292065,0.22937556157761999,0.0013195683479416457,0.00035397588393243937,0.00036838409814870805
AT5G01530,0,0.0017301038062283738,0.0021745529975017615,0.0021108895008146076,0.24143993650537102,0.0021392440669640625,0.00039879995757829804,0.00040286817114974045
AT5G54160,0,0.0006920415224913495,0.00013451927135591576,0.0008198203587212735,0.2132567590114107,0.00014646002064607155,0.00015881909975423497,0.00029740542785576844
AT5G63190,0,0.0017301038062283738,0.0006603686892541934,0.00047543789058210534,0.2149148019277506,0.0007253399126922626,0.0003751617768726239,0.00038205373372262523
AT5G63570,0,0.00034602076124567473,0.0,0.00031913620969735413,0.20349578708578642,0.0,0.0001107736812184848,0.00021041711516605807
AT2G02090,0,0.001038062283737024,0.00020463766713026436,0.0013137647720098235,0.20500498599041297,0.00021364805681944716,0.00026020099043328707,0.0002968491945623409
AT4G33945,0,0.0006920415224913495,0.0,0.001308823021002628,0.20334934041348735,0.0,0.00018260201306151495,0.0002698563932506315
AT5G20510,0,0.0006920415224913495,0.0,3.836491895565101e-05,0.14978718643014918,0.0,0.00018196466262764165,0.00020053630823369575
AT5G46210,0,0.002076124567474048,0.00020174076676203698,0.0021573248148294704,0.21458837661050315,0.00022532310058617409,0.0003311411728910597,0.00040882650706686754
AT5G64330,0,0.001384083044982699,0.00020510201633814845,0.002790366090700802,0.23102169796612215,0.00022982442882293067,0.0002751092162768438,0.00036962354127928097
AT2G03070,0,0.00034602076124567473,0.0,6.312227009093728e-05,0.17229585712812145,0.0,0.00014801538032489174,0.00013234941247183566
AT2G03120,0,0.001038062283737024,6.132106301746231e-06,0.00020461172263850106,0.19637736302788208,5.633278139577639e-06,0.0002191180813860061,0.00033230341182307764
AT2G03150,0,0.00034602076124567473,0.0,0.0005863493702918208,0.18868428930190478,0.0,0.00010396028905246694,0.00019177714969605304
AT3G06590,0,0.002076124567474048,0.001804276780356024,0.013002450379583566,0.23617076998616945,0.0019296783249453779,0.00036750439025745574,0.000399299539259202
AT2G03340,0,0.0006920415224913495,4.5895604425478086e-05,0.004999533398975698,0.22702078657481456,6.8413447873825e-05,0.000154948164615885,0.0002756940253398958
AT2G34140,0,0.001038062283737024,0.00010876709697431386,0.013114990547986578,0.2335678592221779,0.00017386344205605142,0.0002180656070094131,0.0003048409212464472
AT2G03440,0,0.00034602076124567473,0.0,0.0005367186031494551,0.19839966072796636,0.0,9.83834512368556e-05,0.00020783582737864147
AT2G03640,0,0.00034602076124567473,0.0,0.00034042713007722067,0.17785067845381303,0.0,0.00013931002792646867,0.00013521483636085035
AT3G13990,0,0.0006920415224913495,0.0006491632142442219,0.007549129988830021,0.2194397144888319,0.0006491632142442219,0.0002057846442511619,0.00021341810261846835
AT5G62500,0,0.001038062283737024,0.0,4.9117629590408505e-05,0.17213258773596,0.0,0.00024169855200671496,0.00013492909164701178
AT2G18740,0,0.001038062283737024,6.768508084278514e-05,0.00012953402733665778,0.18219564774402297,7.794744882292535e-05,0.0002477377453802538,0.0002862511970444435
AT3G59810,0,0.0017301038062283738,0.0007057279043417942,0.00032757893642595005,0.1861158409844169,0.000723193310264849,0.00040963671127451087,0.00030724014228045165
AT2G04390,0,0.00034602076124567473,0.0,0.0007072068924295301,0.19665069990806316,0.0,0.00010309185350526284,0.0002093350330971
AT2G04520,0,0.001038062283737024,0.0,0.002504669577616384,0.20685593388734935,0.0,0.00022922483359414124,0.00033999586230190127
AT2G04630,0,0.001384083044982699,0.00010752986827399824,0.026379916259662347,0.24659040543111344,9.178999822402365e-05,0.0002122855379810043,0.0003825638790737763
AT2G04660,0,0.001384083044982699,0.0011399619294633725,0.000752565974395422,0.20109812203155722,0.001200171337535908,0.00033955808598751225,0.00031206542508842945
AT2G18290,0,0.0017301038062283738,0.0016696256031044673,0.0007665305499184544,0.19336122652152318,0.00173647075977252,0.00035252819519218214,0.0003496856471006533
AT3G05870,0,0.00034602076124567473,0.0,3.395528118147685e-05,0.16560867746881172,0.0,0.00012410462269634765,0.0001690772505069099
AT3G16320,0,0.0006920415224913495,8.907100758950455e-05,0.00019893843998996562,0.1910084761312207,0.00010572054381721047,0.00016754496347338028,0.0002674239105804307
AT2G05100,0,0.00034602076124567473,0.0,0.00033828031196839046,0.19678765388927286,0.0,0.00011918483384954439,0.00021013998381843576
AT2G05170,0,0.00034602076124567473,0.0,0.004249982663040265,0.21656193913063723,0.0,9.657544279583855e-05,0.0002136438712485947
AT2G16440,0,0.00034602076124567473,0.0,0.0011183074923779058,0.19872523647816462,0.0,0.00011001170232270198,0.00020911092010817363
AT3G03460,0,0.00034602076124567473,0.0,0.0011183074923779058,0.19872523647816462,0.0,0.00011001170232270198,0.0002091109201081737
AT3G12210,0,0.001038062283737024,0.00028414933216334374,0.002403448901455291,0.20855230861170024,0.0002949770821970191,0.0002251163023694866,0.00033846399551185405
AT3G18580,0,0.0006920415224913495,0.0,0.0023678860920734925,0.2068222878343423,0.0,0.00016695071962637194,0.00029800024106194165
AT3G22990,0,0.00034602076124567473,0.0,0.0011183074923779058,0.19872523647816462,0.0,0.00011001170232270198,0.00020911092010817363
AT3G57150,0,0.00034602076124567473,0.0,0.0011183074923779058,0.19872523647816462,0.0,0.00011001170232270198,0.0002091109201081736
AT4G02060,0,0.00034602076124567473,0.0,0.0011183074923779058,0.19872523647816462,0.0,0.00011001170232270198,0.00020911092010817363
AT4G11060,0,0.00034602076124567473,0.0,0.0011183074923779058,0.19872523647816462,0.0,0.00011001170232270198,0.00020911092010817355
AT5G08560,0,0.001384083044982699,9.13883749726219e-05,0.0037168636469818903,0.2174693732863924,8.504106120429601e-05,0.00024997851761700144,0.00037845286336146385
AT5G38470,0,0.0006920415224913495,0.0,0.0023678860920734925,0.2068222878343423,0.0,0.00016695071962637194,0.0002980002410619418
AT5G51570,0,0.0006920415224913495,0.0,0.0023678860920734925,0.2068222878343423,0.0,0.00016695071962637194,0.0002980002410619418
AT5G67385,0,0.0006920415224913495,0.00014382533148118098,0.001655026095527361,0.21083459220784886,0.0001663768620677987,0.00015650999271555894,0.0002980388077099122
AT2G05310,0,0.00034602076124567473,0.0,0.0007190602769107869,0.20525317604609142,0.0,0.00013492130175167866,0.00021116138453827968
AT2G05710,0,0.00034602076124567473,0.0,0.0002609294900585597,0.1799778380191842,0.0,0.00012842453500854233,0.00016573314246801793
AT2G05840,0,0.0006920415224913495,0.0006491632142442218,7.400951554101257e-05,0.18086102348418126,0.0006491632142442219,0.000327131676041479,0.00013575147213222837
AT5G40580,0,0.00034602076124567473,0.0,3.3375113924408786e-06,0.15163596990108358,0.0,0.0001890125328524565,9.924176689836158e-05
AT2G05940,0,0.001038062283737024,0.0,1.1216995213270193e-05,0.1700720157300256,0.0,0.00021885321177490813,0.00018052021259303442
AT3G25070,0,0.002422145328719723,0.0023531128807486785,0.00023749793136361346,0.20771762241371175,0.002429611986234816,0.0006090973224973515,0.0003534136014278138
AT2G06510,0,0.00034602076124567473,0.0,3.671639901086166e-51,0.00046136101499423294,0.0,0.00026281380883033884,0.0
AT2G24490,0,0.0006920415224913495,2.395436214923328e-07,5.192482944266264e-51,0.0006920415224913495,2.395436214923328e-07,0.0005120755992192946,0.0
AT2G06530,0,0.001384083044982699,6.402093574468187e-05,8.280032103356791e-05,0.17938117029068723,5.4408097077352665e-05,0.0002797174008998261,0.0003362380403820773
AT3G53120,0,0.002422145328719723,5.159002946700836e-05,0.0003172043519791995,0.18700543063541972,5.656743921751956e-05,0.0003757530799102328,0.00035293351707461364
AT2G06850,0,0.0006920415224913495,0.0,0.0006896488185201813,0.21291751935792638,0.0,0.00018068246303022513,0.000296894380978961
AT2G07690,0,0.00034602076124567473,0.0,0.001249578599695587,0.20318686890468782,0.0,0.00010882417814766857,0.00021091534172044615
AT2G07698,0,0.00034602076124567473,0.0,0.00021200776019894191,0.19627127044926085,0.0,0.00013463025071445007,0.00021102674111477362
AT2G09990,0,0.00034602076124567473,0.0,0.0007190602769107869,0.20525317604609142,0.0,0.00013492130175167866,0.00021116138453827952
AT3G14415,0,0.00034602076124567473,0.0,1.5104281330325457e-05,0.1672533279323297,0.0,0.0001442681126359574,0.00013403990022331407
AT2G13370,0,0.00034602076124567473,0.0,6.42466924255474e-05,0.1789645919219615,0.0,0.00011702111135855037,0.0002006451786629759
AT3G54610,0,0.005536332179930796,0.009470991155468345,0.0014228922491542693,0.22113798706183244,0.009854661629049705,0.0012263861903998685,0.00043976874534314706
AT2G13540,0,0.00034602076124567473,0.0,0.00018344523900534431,0.19308229073047398,0.0,0.00011145788716511523,0.00020000637789789516
AT2G13560,0,0.0006920415224913495,0.0,3.518397515288328e-55,0.0,0.0,0.0003459010722933241,0.0
AT2G14120,0,0.001038062283737024,0.0,2.24340590204753e-46,0.00034602076124567473,0.0,0.0003459010722933241,0.0
AT4G33650,0,0.001038062283737024,0.0,2.24340590204753e-46,0.00034602076124567473,0.0,0.0003459010722933241,0.0
AT2G14830,0,0.00034602076124567473,0.0,0.00035056536136390825,0.20393639544595613,0.0,0.00013233419278316601,0.0002119181147067375
AT2G15400,0,0.0006920415224913495,0.0,0.00034944241214133993,0.17746593518569942,0.0,0.00017551250636542023,0.00023626758886919304
AT2G15430,0,0.0031141868512110727,0.002049431472108125,0.007399411333147765,0.21883545746588698,0.0020674320222835267,0.0005195193354343624,0.0004121180641331823
AT3G52090,0,0.0006920415224913495,0.0,0.00034944241214133993,0.17746593518569942,0.0,0.00017551250636542023,0.00023626758886919288
AT5G09920,0,0.00034602076124567473,0.0,0.0003336839450856701,0.1774535518254883,0.0,0.00010094053785055746,0.0001946855091208937
AT2G16280,0,0.0017301038062283738,0.0008094403144943388,0.0003221825299767431,0.20510418995169552,0.0008250316971129132,0.0003636171075812025,0.000262199599713474
AT3G55360,0,0.001038062283737024,0.0,1.5241596681985388e-05,0.1683160269515569,0.0,0.00022486344545828265,0.0001532828193255036
AT5G10480,0,0.001384083044982699,8.466474544090814e-05,0.0007584977996720509,0.19325836698921445,0.0001063011992641862,0.00022528191267245738,0.0002640872644988065
AT2G16365,0,0.001038062283737024,0.0,0.0016480162456987632,0.20117766404644194,0.0,0.0001975206537673472,0.0003184718913884833
AT4G16250,0,0.002076124567474048,1.1636878981837546e-05,0.002831843716811483,0.20775156042897416,1.9919447426185494e-05,0.0002952974575265293,0.00035426735372453687
AT4G18130,0,0.001384083044982699,1.1636878981837546e-05,0.00270965250220472,0.20775156042897416,1.9919447426185494e-05,0.00024355459675668524,0.0003542673537245369
AT2G16370,0,0.00034602076124567473,0.0,0.0011907186391711306,0.195336573562568,0.0,9.791931503162014e-05,0.0001960117416495416
AT2G16600,0,0.00034602076124567473,0.0,0.0002724678357196129,0.20352835944066208,0.0,0.00012682686893397587,0.00020774963178880247
AT2G28900,0,0.0006920415224913495,3.390799283729179e-05,0.0007221276528425579,0.21678346698585568,2.9339884631152285e-05,0.00017642626435696444,0.00029906665050591325
AT2G34420,0,0.001038062283737024,0.0004973483549857447,0.013250530249628873,0.24476293081916,0.00044067582201993223,0.00021765533741112088,0.0003507259318480632
AT2G44650,0,0.00034602076124567473,0.0,0.00033828031196839046,0.19678765388927286,0.0,0.00011918483384954439,0.00021013998381843568
AT2G45180,0,0.00034602076124567473,0.0,0.00033828031196839046,0.19678765388927286,0.0,0.00011918483384954439,0.00021013998381843568
AT3G08580,0,0.001038062283737024,0.0016001942635442564,0.0026362437504244773,0.23854111726958757,0.0015585171590679567,0.0002702612958142666,0.0003513538743906425
AT3G21055,0,0.0006920415224913495,0.00032327866389798187,0.002285678389060569,0.2293962521388303,0.0003276553881286297,0.00018981226387509918,0.0003017067780395231
AT3G63410,0,0.00034602076124567473,0.0,0.00033828031196839046,0.19678765388927286,0.0,0.00011918483384954439,0.00021013998381843576
AT4G01900,0,0.001384083044982699,0.0006491632142442219,0.0003550482298749934,0.1968181140168,0.0006491632142442219,0.00031134392512413567,0.00021022833857776955
AT4G02520,0,0.0006920415224913495,0.0007815368322274895,0.0010477519973376907,0.20872347761088908,0.0008565362699437778,0.00015135848849176173,0.00030065347627303773
AT4G02770,0,0.003806228373702422,0.006304216066564199,0.01766038228841214,0.2592605618524898,0.006003071524100817,0.0006865537394377688,0.0004516206822476196
AT4G05180,0,0.00034602076124567473,0.0,0.00033828031196839046,0.19678765388927286,0.0,0.00011918483384954439,0.00021013998381843585
AT4G10340,0,0.001038062283737024,0.00013857883382946724,0.0013116584185044503,0.2228822831911545,0.0001466840027646655,0.00024633639576090955,0.00034325942662790683
AT4G32260,0,0.00034602076124567473,0.0,0.00033828031196839046,0.19678765388927286,0.0,0.00011918483384954439,0.00021013998381843587
AT5G54770,0,0.0006920415224913495,0.0001249875695196147,0.0006052437818079577,0.20756503845993085,0.00014343933768438407,0.00018711220385112453,0.0002906009943250313
AT5G54810,0,0.001038062283737024,0.0,0.00035425632587486366,0.19678765388927286,0.0,0.00020774749708025376,0.00021013998381843593
AT5G66120,0,0.00034602076124567473,0.0,0.00033828031196839046,0.19678765388927286,0.0,0.00011918483384954439,0.00021013998381843593
AT2G16760,0,0.00034602076124567473,0.0,0.0006593539498495004,0.19651393641998863,0.0,0.00011459812106423722,0.00020280066627897472
AT2G30490,0,0.0006920415224913495,4.109203135804842e-05,4.513204065691708e-05,0.18479049928869878,4.972070001639257e-05,0.00014862379300836033,0.00028609818578404167
AT5G09400,0,0.0006920415224913495,4.4023343524541395e-05,0.00016626135202311344,0.20325182634359598,4.7084315882786954e-05,0.00015314755838834477,0.00029507438042563586
AT3G06720,0,0.00657439446366782,0.006616888649733069,0.009097764118963427,0.24723768726531914,0.006981814546088075,0.0011024026725101194,0.00047601584576221465
AT2G17150,0,0.00034602076124567473,0.0,0.0019473980770921785,0.2242976584239789,0.0,0.00012251259086955345,0.00021377721298793898
AT2G17190,0,0.00034602076124567473,0.0,3.518397515288328e-55,0.00034602076124567473,0.0,0.0003459010722933241,0.0
AT2G35635,0,0.00034602076124567473,0.0,3.518397515288328e-55,0.00034602076124567473,0.0,0.0003459010722933241,0.0
AT2G17200,0,0.0006920415224913495,0.000649163214244222,8.677824780665623e-06,0.15797532930867642,0.0006491632142442219,0.00028838507712241056,0.0001672797127715889
AT2G26590,0,0.00034602076124567473,0.0,3.913563683027086e-07,0.13521303972836415,0.0,0.0001749544043529856,0.0001151011404749214
AT2G17390,0,0.00034602076124567473,0.0,1.0524835840449686e-05,0.16787159886534245,0.0,0.0001200926936777317,0.0001801135756480669
AT2G17520,0,0.0006920415224913495,0.0,3.518397515288328e-55,0.0,0.0,0.0003459010722933241,0.0
AT2G17560,0,0.0006920415224913495,4.941907640005292e-06,0.004114430530807541,0.20856941287714859,7.104357522069637e-06,0.00013216306293709106,0.00029371368425811054
AT2G17670,0,0.0006920415224913495,5.305471372985563e-05,0.00285071001919464,0.2179539639364992,4.850854671970158e-05,0.00014914488179948777,0.0003004980277675659
AT2G17800,0,0.0006920415224913495,3.045810039232985e-06,1.5137260083990614e-05,0.1614350822834427,3.6992682916169476e-06,0.00019034855265149988,0.00025173983947060876
AT2G30120,0,0.003806228373702422,0.003608378549897231,0.0074440574814592575,0.23269163246509952,0.0036853844688425736,0.0006140271257868087,0.00042256878363887125
AT5G45600,0,0.0017301038062283738,0.0011336906749175688,0.0006205012211974285,0.19583296251432872,0.0011708673585674666,0.00033145067837503947,0.00035437310737771106
AT5G58470,0,0.001038062283737024,0.0,6.417966938460509e-05,0.16791593603242475,0.0,0.00023608246934592002,0.00028003777922735974
AT2G18020,0,0.00034602076124567473,0.0,0.00035056536136390825,0.20393639544595613,0.0,0.00013233419278316601,0.0002119181147067377
AT2G46500,0,0.001384083044982699,0.0037290761006795793,0.0016891745223729204,0.22497229752398024,0.00373134534146636,0.00036522304197039203,0.0003328703862373692
AT3G23310,0,0.002076124567474048,4.853441894788486e-05,0.006056416463951681,0.21968614816958126,4.599247985880708e-05,0.00026289847935590546,0.0004173775969594775
AT4G29810,0,0.001384083044982699,2.6448767680321833e-05,0.010189837427135069,0.23318236303054032,2.5927295822258282e-05,0.00022540469672494682,0.0003795550425135101
AT4G36250,0,0.002422145328719723,0.0007516831373072536,0.010063952108399811,0.24261465857766387,0.000716208203451118,0.0003290393014849333,0.00043098593447515963
AT3G57860,0,0.001384083044982699,7.779918962434975e-06,0.0001750110178187575,0.17195799927047623,7.479007938519971e-06,0.00024062463985721484,0.00035044809870362394
AT3G62800,0,0.001384083044982699,0.0006491632142442219,3.656558299803035e-05,0.1603459553096515,0.000649163214244222,0.00032784529265613956,0.00017960701342085918
AT4G33270,0,0.002768166089965398,0.0006925215398784002,0.0002982235183375227,0.1885863441758304,0.0007886865456712604,0.0004910943103854686,0.000391307947708048
AT2G18450,0,0.00034602076124567473,0.0,0.00035056536136390825,0.20393639544595613,0.0,0.00013233419278316601,0.00021191811470673767
AT2G18710,0,0.0006920415224913495,0.00016611565993729358,0.0007803556915921266,0.20678865272492056,0.000188055596098692,0.00020083188360497654,0.0002879760301197694
AT2G28800,0,0.002422145328719723,0.0006703472897315328,0.0013592547331442674,0.20625197495629138,0.0007631983058922493,0.0005452525665990892,0.0003848790293089484
AT2G18750,0,0.0006920415224913495,8.251005471675433e-05,0.0019388758211351619,0.2151875826037462,0.00010458944510469258,0.00013538406243121778,0.0002954552657632049
AT2G26190,0,0.00034602076124567473,0.0,0.0013981236413146893,0.2011458396908228,0.0,9.558867503525506e-05,0.000211565047820294
AT2G42400,0,0.001384083044982699,0.0007054141372627526,0.002554796360342053,0.23553643152830162,0.0007814747726894612,0.00028268631327770443,0.0003754539498430194
AT5G48300,0,0.0006920415224913495,0.001779800133442873,0.0016101314015136315,0.21739501207138595,0.0019943361486432225,0.00017833376490570648,0.00030121354246621376
AT3G60020,0,0.00034602076124567473,0.0,0.001157587519414749,0.18983926927523684,0.0,8.872046113605496e-05,0.0002081563192621701
AT4G27500,0,0.0006920415224913495,0.0,0.0020433992703554732,0.225311141243118,0.0,0.00019652077947830462,0.0002840344863237984
AT5G42920,0,0.00034602076124567473,0.0,0.0006104603457798513,0.18764014249325411,0.0,0.00011399873919398127,0.00018360077413757082
AT2G19480,0,0.002076124567474048,0.0012767725580143804,0.002053460541532751,0.2150965788049626,0.0013712740115713754,0.00046240648444731435,0.00037958375838522237
AT4G26110,0,0.004844290657439446,0.003273431395308078,0.0022147264938823514,0.21580845648430694,0.0033149757516027657,0.0010458489980508239,0.00039942790789190385
AT4G40040,0,0.001038062283737024,3.189552394759958e-06,0.00025752341253773716,0.18009254664762217,4.765707041610995e-06,0.00025255305352884263,0.00030876988405833524
AT5G10400,0,0.001038062283737024,3.189552394759958e-06,0.00025752341253773716,0.18009254664762217,4.765707041610995e-06,0.00025255305352884263,0.0003087698840583352
AT2G42940,0,0.001038062283737024,0.000577130345010618,0.01297557004286697,0.2347537017641533,0.0006337614202467699,0.00020951414677071556,0.00032960292633584204
AT3G09670,0,0.00034602076124567473,0.0,0.0003849416662472144,0.18444204026770183,0.0,0.000107113843827246,0.00020076080796287631
AT3G48190,0,0.00034602076124567473,0.0,0.0003849416662472144,0.18444204026770183,0.0,0.000107113843827246,0.00020076080796287634
AT3G54760,0,0.00034602076124567473,0.0,0.0003849416662472144,0.18444204026770183,0.0,0.000107113843827246,0.00020076080796287631
AT4G29730,0,0.001038062283737024,8.99517312896344e-06,0.0013798768699754542,0.20081229084105123,1.0177443116083412e-05,0.00021590903452830892,0.0003248762414801379
AT2G19540,0,0.0006920415224913495,0.00010995087529644039,0.00042200354811627275,0.19988106981144957,0.00012806674427399614,0.00016803564350844952,0.0002904780240617747
AT5G52640,0,0.0031141868512110727,0.00218455996800093,0.0024220680724622128,0.22115721812427802,0.002298370504668972,0.0006108840489346295,0.0004186363915899092
AT5G45390,0,0.001038062283737024,5.768436684385194e-05,0.0002258439328304646,0.20040085509937533,7.312458953192367e-05,0.0002448313036686045,0.00031796604466123243
AT2G20260,0,0.001038062283737024,0.0003051121220668236,0.0014534729791488626,0.23035206985607543,0.0003076618907748466,0.00027261176419826616,0.00034952280681743573
AT2G20450,0,0.00034602076124567473,0.0,3.671639901086166e-51,0.00046136101499423294,0.0,0.00026281380883033884,0.0
AT3G06530,0,0.0006920415224913495,2.395436214923328e-07,5.192482944266264e-51,0.0006920415224913495,2.395436214923328e-07,0.0005120755992192946,0.0
AT2G20530,0,0.00034602076124567473,0.0,0.0007190602769107869,0.20525317604609142,0.0,0.00013492130175167866,0.0002111613845382795
AT2G20580,0,0.0006920415224913495,4.49853990624581e-05,0.0009344679286418528,0.20771762241371175,5.10166483197164e-05,0.00019665194680235418,0.00028494190417947124
AT2G20760,0,0.0006920415224913495,4.0865942383885844e-06,0.009109125697755476,0.22818186193010973,2.75166919830036e-06,0.00013029377130365047,0.00030330055885936455
AT2G20990,0,0.00034602076124567473,0.0,0.0019473980770921785,0.2242976584239789,0.0,0.00012251259086955345,0.00021377721298793874
AT2G21060,0,0.0006920415224913495,1.4455472050684996e-05,0.0014999883583042208,0.1999439304356532,1.8923951479909033e-05,0.00014988532554468614,0.00028683849754153676
AT2G21270,0,0.00034602076124567473,0.0,7.61844895574367e-05,0.18146759320758332,0.0,0.00012983209030673326,0.000175003472813263
AT2G21380,0,0.0006920415224913495,2.6740381359106564e-05,0.0013899249249981014,0.2043789159536344,3.315534733548664e-05,0.00014559623645180386,0.00028848624573406045
AT2G42260,0,0.002422145328719723,0.0019379057872221555,0.0029698206164396096,0.2227651411362187,0.0019666542374260727,0.00039684789143415856,0.00041639728690009905
AT2G21390,0,0.00034602076124567473,0.0,0.0007190602769107869,0.20525317604609142,0.0,0.00013492130175167866,0.00021116138453827928
AT2G21580,0,0.00034602076124567473,0.0,0.0005208039096091139,0.20798943740991843,0.0,0.0001129538293373494,0.0002089405207979713
AT2G21630,0,0.00034602076124567473,0.0,0.004249982663040265,0.21656193913063723,0.0,9.657544279583855e-05,0.00021364387124859423
AT2G21870,0,0.0006920415224913495,0.00020879466123576636,0.0019884425584714956,0.22519143285318982,0.0002190488365571372,0.00018764662317362335,0.0002896317864501284
AT5G09420,0,0.002422145328719723,0.0011483268461369698,0.0009098003441227886,0.20826196472124092,0.0011861008299738278,0.0005399230624506451,0.00038657677203759083
AT2G22125,0,0.001384083044982699,0.00011216340538420864,3.8994788902806335e-05,0.1786001019180471,0.00014526282469544025,0.000267389831127597,0.0003321173512336083
AT4G32410,0,0.0031141868512110727,5.569846659965214e-06,4.960137734322599e-05,0.1766891441124903,8.61198542532242e-06,0.0004351199919193344,0.000369877849946462
AT5G05170,0,0.0058823529411764705,0.004508401956806287,0.0006245930501938786,0.21562547492038941,0.004419030710833532,0.0008331228503847251,0.00044293409112698023
AT5G19780,0,0.0006920415224913495,0.00018477414438266085,0.00013947862581211094,0.18500559080540321,0.0002167458071732645,0.0001830859221028185,0.0002737654656137292
AT5G64740,0,0.0034602076124567475,8.980461430112373e-06,5.0975483331496095e-05,0.17670142101244252,1.6481675099091898e-05,0.0004958642859461128,0.00037555698380444663
AT2G22240,0,0.00034602076124567473,0.0,2.900068977862592e-07,0.13716017750990092,0.0,0.00015972004965528433,0.0001091848519411734
AT4G39800,0,0.001384083044982699,0.0006491632142442217,6.42966174683675e-06,0.16063968487215416,0.0006491632142442219,0.0003801241142559436,0.00015506809882500367
AT2G22360,0,0.0006920415224913495,0.00015645784341655636,0.0024841166802416336,0.2291275656555611,0.00015944010217002237,0.00016901088126241041,0.00030054499796117965
AT2G22475,0,0.001038062283737024,0.00031566930897304407,0.0023879884519907636,0.2151511718452684,0.00038731595172179106,0.00021159730941577067,0.0003255650423181912
AT2G31270,0,0.001038062283737024,0.000301057948111809,0.0009579580582096566,0.1977363230861576,0.0003834261435195348,0.00021036355299258923,0.00031925474484304487
AT2G23080,0,0.0017301038062283738,3.4017156498852696e-06,0.004651806039167106,0.2019765587491917,2.7501188450725736e-06,0.00022274991629169877,0.0004008421852234715
AT2G23090,0,0.00034602076124567473,0.0,0.00016884490891106734,0.19378852786794734,0.0,0.00011961379453687434,0.00020771230605617862
AT2G23350,0,0.00034602076124567473,0.0,0.00023364114410276583,0.18507290962892603,0.0,0.00010898487632315419,0.0002047238600035793
AT3G23980,0,0.0006920415224913495,6.371070786530927e-05,0.0022203161951710815,0.2118532865054209,8.139068434964494e-05,0.0001530743045443533,0.0002881090022702206
AT2G23690,0,0.00034602076124567473,0.0,0.00035056536136390825,0.20393639544595613,0.0,0.00013233419278316601,0.0002119181147067377
AT2G23770,0,0.00034602076124567473,0.0,1.5014026140180676e-05,0.17214423957294206,0.0,0.0001152582303743611,0.0001793019861605678
AT5G24010,0,0.001384083044982699,0.000696700930233196,0.00033290097993117176,0.21081711441690068,0.0006800355227454059,0.00029788014109880694,0.00034877438194928594
AT2G23980,0,0.001038062283737024,4.753771598897509e-05,0.0003322238316109546,0.21078216752681914,3.08723085011846e-05,0.00019999572201254113,0.000348693305087971
AT2G24090,0,0.00034602076124567473,0.0,9.987344590465022e-05,0.1754579033538756,0.0,0.00012020968533628481,0.0001918067558818533
AT2G24200,0,0.0006920415224913495,0.0,3.518397515288328e-55,0.0,0.0,0.0003459010722933241,0.0
AT2G24420,0,0.0006920415224913495,0.0,0.0008673560522716729,0.2251316263465893,0.0,0.0001882567098736676,0.0002983924315667385
AT2G36490,0,0.00034602076124567473,0.0,3.671639901086166e-51,0.00046136101499423294,0.0,0.00026281380883033884,0.0
AT2G25730,0,0.00034602076124567473,0.0,0.0012644772728870762,0.19325836698921445,0.0,9.67474240183268e-05,0.0002083686702903282
AT2G36740,0,0.0017301038062283738,0.00014210121126575058,0.010542649216909067,0.22945834622494568,0.00015265549005842819,0.00024952428870925165,0.0004002665224980296
AT5G15450,0,0.00034602076124567473,0.0,0.0012644772728870762,0.19325836698921445,0.0,9.67474240183268e-05,0.0002083686702903282
AT5G41520,0,0.0006920415224913495,2.2283086309066522e-05,0.0016542895175293427,0.20349578708578642,2.3257561339018387e-05,0.00014786134068138339,0.0002968625121619942
AT2G25140,0,0.0006920415224913495,4.0865942383885844e-06,0.009109125697755476,0.22818186193010973,2.75166919830036e-06,0.00013029377130365047,0.00030330055885936325
AT2G25170,0,0.00034602076124567473,0.0,0.0011472292183736612,0.1930676321903335,0.0,8.83353711815777e-05,0.00020813979156561187
AT3G21350,0,0.0006920415224913495,0.0,0.014466648270916831,0.22964483034233996,0.0,0.00012364269691386308,0.00030087255086241497
AT5G60100,0,0.002076124567474048,3.703869922810134e-05,0.01957937203555399,0.2324576646445222,3.9070397125805084e-05,0.00027441045311753736,0.0004171014356959403
AT2G25625,0,0.00034602076124567473,0.0,8.008183324446086e-05,0.18260119560645313,0.0,0.0001429591582327623,0.00016477533805923743
AT2G40080,0,0.0006920415224913495,0.0,0.001004612397846285,0.19059333367391687,0.0,0.00013743337794557453,0.0002772527295704577
AT2G25980,0,0.001038062283737024,0.0,0.0006260293859630683,0.18658010647183218,0.0,0.00020860137701776257,0.00016351162696192574
AT3G01180,0,0.001384083044982699,0.0012980868848669516,0.013256439023766208,0.23288341128306528,0.0012980868848669511,0.00032008756138164737,0.0002936190955991985
AT2G26000,0,0.00034602076124567473,0.0,3.518397515288328e-55,0.00034602076124567473,0.0,0.0003459010722933241,0.0
AT2G42160,0,0.00034602076124567473,0.0,3.518397515288328e-55,0.00034602076124567473,0.0,0.0003459010722933241,0.0
AT2G26080,0,0.00034602076124567473,0.0,3.5260871189168655e-05,0.16152736605761386,0.0,0.0001468203817969,0.00015964869229143097
AT2G26230,0,0.0006920415224913495,0.0,3.518397515288328e-55,0.0,0.0,0.0003459010722933241,0.0
AT4G34110,0,0.001038062283737024,0.0017289460120577375,9.532019077526865e-05,0.18507290962892603,0.0017019274877503377,0.0003613557271464269,0.00018894561018321132
AT4G00752,0,0.00034602076124567473,0.0,0.0005208039096091139,0.20798943740991843,0.0,0.0001129538293373494,0.00020894052079797112
AT4G27630,0,0.00034602076124567473,0.0,0.0005208039096091139,0.20798943740991843,0.0,0.0001129538293373494,0.0002089405207979711
AT4G33060,0,0.00034602076124567473,0.0,0.0005208039096091139,0.20798943740991843,0.0,0.0001129538293373494,0.0002089405207979711
AT5G13430,0,0.00034602076124567473,0.0,0.0005208039096091139,0.20798943740991843,0.0,0.0001129538293373494,0.00020894052079797103
AT5G13440,0,0.00034602076124567473,0.0,0.0005208039096091139,0.20798943740991843,0.0,0.0001129538293373494,0.0002089405207979711
AT5G20150,0,0.0006920415224913495,0.00011433132023103982,0.0005451955530061713,0.2110795859238938,0.0001362654574752548,0.00018943419699121773,0.0002617836377431215
AT2G26350,0,0.0006920415224913495,0.0012978473412454594,4.693463799748346e-07,0.13730829065445024,0.0012978473412454592,0.00027405578823029255,0.00014395464922818045
AT3G03490,0,0.001384083044982699,0.000649163214244222,2.2231752559546716e-08,0.11979305908008257,0.0006491632142442219,0.00044712680054850276,0.00010357722391545531
AT4G21980,0,0.001038062283737024,0.002007895654807448,1.0377728362464899e-05,0.16080220368075074,0.0020301570806144685,0.00033565190979286937,0.00023581389650628406
AT2G26570,0,0.0006920415224913495,0.0,3.518397515288328e-55,0.0,0.0,0.0003459010722933241,0.0
AT4G22200,0,0.002422145328719723,0.0005592184298246457,0.0014839167025222698,0.21643292350732535,0.0005966494032148814,0.00034383819563552,0.00039290798829448256
AT4G30960,0,0.004498269896193771,0.0013999593315398606,0.007650362473475688,0.23188536985602926,0.0012845106517899007,0.0005476444732421335,0.0004657974456865006
AT4G33000,0,0.001038062283737024,4.138412755068239e-05,0.0012314607159201413,0.21531511736610556,4.093207532299118e-05,0.00017604181945850145,0.00034457579043492017
AT2G26760,0,0.00034602076124567473,0.0,0.0004357979146782432,0.17322299919699427,0.0,7.82746741808495e-05,0.00020822540378532747
AT2G26920,0,0.00034602076124567473,0.0,0.00035056536136390825,0.20393639544595613,0.0,0.00013233419278316601,0.00021191811470673734
AT2G27020,0,0.00034602076124567473,0.0,0.0021435031267651103,0.21127248078516847,0.0,9.793818913822355e-05,0.00021254020920601015
AT2G27040,0,0.0006920415224913495,2.395436214923328e-07,5.192482944266264e-51,0.0006920415224913495,2.395436214923328e-07,0.0005120755992192946,0.0
AT2G40030,0,0.00034602076124567473,0.0,3.671639901086166e-51,0.00046136101499423294,0.0,0.00026281380883033884,0.0
AT5G04290,0,0.00034602076124567473,0.0,3.671639901086166e-51,0.00046136101499423294,0.0,0.00026281380883033884,0.0
AT5G13780,0,0.00034602076124567473,0.0,0.00038177013917433246,0.18376232756782085,0.0,9.858884128676761e-05,0.0001919846779715306
AT5G44200,0,0.0006920415224913495,0.0001519823789717557,0.00023342509658577822,0.196741981371737,0.00016887838403549166,0.00016996196078850325,0.00027933491818177183
AT2G27210,0,0.00034602076124567473,0.0,3.3017241271396038e-06,0.14988429605770454,0.0,0.00013860704695487473,0.00015258234054792033
AT4G14310,0,0.00034602076124567473,0.0,0.000443947748470843,0.18050158642991504,0.0,7.932287148375265e-05,0.0002087536873504952
AT2G28080,0,0.001038062283737024,0.0,0.001079003532422953,0.20424759868372602,0.0,0.00016677691643617048,0.0002088553823030979
AT2G28190,0,0.00034602076124567473,0.0,0.00045769214516565336,0.20748036642009243,0.0,0.00011723926255745028,0.0002094204937234263
AT2G28380,0,0.0017301038062283738,3.4017156498852696e-06,0.004651806039167106,0.2019765587491917,2.7501188450725736e-06,0.00022274991629169877,0.00040084218522347365
AT2G28450,0,0.00034602076124567473,0.0,0.003940394498280914,0.21397449316037634,0.0,8.977348276171256e-05,0.00021305624446951363
AT2G28740,0,0.0017301038062283738,0.001668350579217565,0.00042208656111357196,0.18587098751725428,0.0016679403693918879,0.0004942327677743947,0.0003074682506551932
AT3G01460,0,0.0006920415224913495,7.383771371339324e-05,3.236425814009337e-05,0.1675729343180728,0.00010644290285305726,0.00021811551245530343,0.00023955718999343797
AT5G09740,0,0.00034602076124567473,0.0,1.903407607308415e-05,0.15514195041551201,0.0,0.0001360132374321932,0.0001677185885121561
AT5G56740,0,0.00034602076124567473,0.0,1.903407607308415e-05,0.15514195041551201,0.0,0.0001360132374321932,0.00016771858851215605
AT2G45770,0,0.001038062283737024,0.0001625160886514397,0.00082316468922576,0.1997554670655151,0.00019258656572506064,0.00023576244626329068,0.0003173911099064027
AT5G03940,0,0.001038062283737024,1.53051192418014e-05,0.00121216370005196,0.20019576881138887,3.004043777667036e-05,0.00023527380602741978,0.00031171802779026065
AT2G28830,0,0.0006920415224913495,0.0,0.0001700572377532153,0.18832100497712329,0.0,0.00013730242546020576,0.00029675318621007814
AT2G29400,0,0.00034602076124567473,0.0,2.2521580208527226e-05,0.15666154445950056,0.0,0.00016246006546042212,0.00014569252952525492
AT2G29530,0,0.00034602076124567473,0.0,0.0002724678357196129,0.20352835944066208,0.0,0.00012682686893397587,0.00020774963178880212
AT2G29540,0,0.00034602076124567473,0.0,0.0014393524141790505,0.20154436925115493,0.0,0.00010092919505646775,0.00020849986773492803
AT2G29550,0,0.00034602076124567473,0.0,4.788840746179093e-07,0.13437001221658423,0.0,0.00017039350079707782,9.633333787618843e-05
AT2G46700,0,0.001384083044982699,0.0006491632142442219,1.0619492682574039e-05,0.1568257801684184,0.0006491632142442219,0.00041837189272332805,0.00013036751839060837
AT2G29680,0,0.00034602076124567473,0.0,0.0007094716853693003,0.18769553850550394,0.0,8.405881548621596e-05,0.00021142978466509767
AT2G29980,0,0.0006920415224913495,0.0,3.518397515288328e-55,0.0,0.0,0.0003459010722933241,0.0
AT2G30060,0,0.001038062283737024,3.15921569155701e-05,3.798264204154317e-05,0.16290352003145683,4.2818879263698785e-05,0.00026808927254235354,0.00027969107971229833
AT5G61920,0,0.0006920415224913495,0.0,0.00038566836330737885,0.18682683303049313,0.0,0.0001626392519308841,0.00027067703606046514
AT2G30250,0,0.0006920415224913495,0.0,0.000501629280745836,0.18603415151507482,0.0,0.0001618185125014197,0.00026274905429528295
AT3G18690,0,0.001384083044982699,0.0003967713425127517,0.0043805235907712695,0.21980007357053352,0.000450026513655751,0.0002857001621608858,0.0003391543468001377
AT2G30330,0,0.00034602076124567473,0.0,0.0012559534608747639,0.19804429960369696,0.0,9.738673076178017e-05,0.00020477022299313294
AT2G33380,0,0.001038062283737024,1.9569198986917792e-05,0.003545325494896376,0.22311693728821483,1.8289535904747818e-05,0.00018023771797938862,0.00034776157055848976
AT2G30410,0,0.00034602076124567473,0.0,7.620414570143471e-05,0.1814416988592375,0.0,0.00013953904148671266,0.00016220358085010944
AT2G30520,0,0.001038062283737024,0.0007347388632743565,0.00025403275276353104,0.20040085509937533,0.000761534546873184,0.00030129162894270084,0.0002865869725684439
AT5G66280,0,0.00034602076124567473,0.0,1.1455630351298344e-05,0.16513550981890085,0.0,0.0001376263718929778,0.00016130743835490104
AT2G30740,0,0.00034602076124567473,0.0,0.0004533315641290342,0.18737745735419045,0.0,0.00011831504819689521,0.00017655905304106475
AT2G30990,0,0.00034602076124567473,0.0,0.0019473980770921785,0.2242976584239789,0.0,0.00012251259086955345,0.00021377721298793876
AT3G05580,0,0.00034602076124567473,0.0,2.2521580208527226e-05,0.15666154445950056,0.0,0.00016246006546042212,0.0001456925295252549
AT3G46820,0,0.00034602076124567473,0.0,2.2521580208527226e-05,0.15666154445950056,0.0,0.00016246006546042212,0.00014569252952525483
AT4G11240,0,0.00034602076124567473,0.0,2.2521580208527226e-05,0.15666154445950056,0.0,0.00016246006546042212,0.0001456925295252548
AT5G27840,0,0.00034602076124567473,0.0,2.2521580208527226e-05,0.15666154445950056,0.0,0.00016246006546042212,0.0001456925295252548
AT5G43380,0,0.0006920415224913495,0.0001592553039700475,3.810643730506012e-05,0.1654040228429966,0.00020888946597599406,0.00023187318707163938,0.00022711774516512496
AT5G59160,0,0.00034602076124567473,0.0,2.2521580208527226e-05,0.15666154445950056,0.0,0.00016246006546042212,0.0001456925295252549
AT2G31530,0,0.00034602076124567473,0.0,3.518397515288328e-55,0.00034602076124567473,0.0,0.0003459010722933241,0.0
AT4G38490,0,0.00034602076124567473,0.0,3.518397515288328e-55,0.00034602076124567473,0.0,0.0003459010722933241,0.0
AT2G31870,0,0.00034602076124567473,0.0,1.7910668062191667e-49,0.00034602076124567473,0.0,0.00024273758561926142,0.0
AT4G02390,0,0.001038062283737024,0.0,2.8980069685843334e-49,0.00034602076124567473,0.0,0.0004490645589673868,0.0
AT5G43980,0,0.00034602076124567473,0.0,5.7826577040469076e-05,0.17616284644022392,0.0,9.393284335789003e-05,0.00020489050281084187
AT2G32080,0,0.001038062283737024,0.0,0.001308589617637609,0.20318686890468782,0.0,0.00018934071277568597,0.00021091534172044477
AT2G32180,0,0.00034602076124567473,0.0,0.0021435031267651103,0.21127248078516847,0.0,9.793818913822355e-05,0.0002125402092060099
AT2G32240,0,0.0006920415224913495,0.0002843955890576922,0.00032087546868868566,0.21199456912396406,0.00028712045243692855,0.0001714151452520716,0.00029956569324494545
AT5G22880,0,0.001384083044982699,0.0005367355372852139,0.001587727387299743,0.2093764903022454,0.0005725943916192891,0.00028384580179946495,0.00036751015777424396
AT5G62090,0,0.0006920415224913495,1.2533888685585988e-05,0.0060244663490600535,0.2175810105416729,1.396270448820522e-05,0.0001405960392040517,0.0002946157983358476
AT2G34150,0,0.0017301038062283738,0.0003473405989866382,0.0029887539134236993,0.2136688666787996,0.000384037586659355,0.000257669931444888,0.00039709632922818215
AT2G36890,0,0.00034602076124567473,0.0,0.0011095105561055375,0.19732207101265306,0.0,9.369635425093605e-05,0.0002116184353206737
AT3G13550,0,0.002768166089965398,0.0007599509563391769,0.0029033844848960874,0.22451548081672754,0.0008169549148699767,0.00043828831295078725,0.00043187809461749316
AT3G20050,0,0.00034602076124567473,0.0,0.0011095105561055375,0.19732207101265306,0.0,9.369635425093605e-05,0.00021161843532067375
AT4G27430,0,0.00034602076124567473,0.0,0.0011095105561055375,0.19732207101265306,0.0,9.369635425093605e-05,0.00021161843532067375
AT5G24630,0,0.0006920415224913495,1.9503590599196477e-05,0.0017204080784036795,0.20625197495629138,2.4761235638671958e-05,0.0001448142518048657,0.0002895561832353919
AT5G35840,0,0.00034602076124567473,0.0,0.0011095105561055375,0.19732207101265306,0.0,9.369635425093605e-05,0.00021161843532067375
AT5G41790,0,0.001038062283737024,5.5498782680345485e-05,0.0039355246294951775,0.20946271733885782,6.486910358965735e-05,0.00016460094456968808,0.00034676013536783185
AT5G63860,0,0.002768166089965398,0.001720782480942976,0.005163089178362237,0.22547095054624283,0.0017359164753472747,0.0004984601220507079,0.0003676771757735271
AT2G33120,0,0.002076124567474048,0.0004990121473689089,0.00027798860384041756,0.20561827710309452,0.0005469625910644212,0.00036783193742949524,0.000404014467031794
AT2G33210,0,0.00034602076124567473,0.0,0.0007980783534193593,0.19371472053710184,0.0,0.00010509205265281209,0.00020169655984032562
AT2G33250,0,0.002422145328719723,0.0022317724598523384,0.0010287904782926547,0.229313512282333,0.002232081325209029,0.00041755655047926105,0.00042484877539185025
AT2G33410,0,0.00034602076124567473,0.0,0.0042774845103353614,0.2074465169435576,0.0,8.744163733976132e-05,0.0002113108231290238
AT2G33510,0,0.00034602076124567473,0.0,3.6060869928509034e-05,0.16703361912716408,0.0,0.0001572693747282575,0.0001310573464768891
AT3G61150,0,0.001038062283737024,0.0012980868848669516,0.0007996561393959307,0.20320310437163988,0.0012980868848669516,0.0003741416394635953,0.0002032418054124032
AT2G33560,0,0.001038062283737024,0.0,7.075712910050995e-05,0.1677166029948607,0.0,0.00022385151467737131,0.00029338917102415596
AT3G25980,0,0.0017301038062283738,0.00036045444719496743,0.0006807146591356779,0.19159849703993617,0.0004005923719912407,0.0003486501102148526,0.00034452101686135696
AT2G33580,0,0.001384083044982699,0.002132503949024715,0.0023004043848844718,0.22431744299294987,0.00223953862239635,0.00024739791806036813,0.00037816128009023373
AT4G16280,0,0.0017301038062283738,0.0003739392673299245,0.010352674421231101,0.22840729757599001,0.00039491048674529104,0.00026649386645805615,0.0003948612663122867
AT4G34430,0,0.001038062283737024,5.0829822693380425e-05,0.0038134102138447255,0.21374070021945477,7.14683212935943e-05,0.00019943551895256837,0.00032353791970597906
AT2G33730,0,0.00034602076124567473,0.0,6.42466924255474e-05,0.1789645919219615,0.0,0.00011702111135855037,0.00020064517866297583
AT5G08790,0,0.001384083044982699,1.1508313102096513e-05,0.008008228589652345,0.2179539639364992,2.1880869387212826e-05,0.00020873967838101984,0.0002754439778742929
AT2G34160,0,0.00034602076124567473,0.0,0.0019965570445769462,0.19799804198155346,0.0,9.963761584560266e-05,0.0002096219474100155
AT2G34250,0,0.0017301038062283738,0.00010851435883565131,0.0005151158635681237,0.2153333489594473,8.284162802524843e-05,0.00029279283381886026,0.00039834205825982593
AT2G34480,0,0.0006920415224913495,0.0002010343426773846,0.0002613070438878516,0.20138476807183028,0.00025213442813997334,0.00016363313142032438,0.0002946074287219078
AT2G34590,0,0.001038062283737024,0.0011206747607506139,0.00549122923559247,0.2284893846550829,0.0010159210755294507,0.00021967275778342024,0.0003486916616173217
AT4G20130,0,0.00034602076124567473,0.0,0.00044824177379420584,0.1768119899333291,0.0,9.321189474796108e-05,0.0001998358665446965
AT2G34650,0,0.001384083044982699,0.00012825735343490643,0.0006153358363202458,0.1958631277888996,0.00014677602419142555,0.00023844489046157867,0.0002641398028521791
AT2G34680,0,0.00034602076124567473,0.0,4.4517973910398465e-46,0.0005190311418685121,0.0,0.0002206262969924754,0.0
AT5G65930,0,0.0006920415224913495,4.790872429846656e-07,9.327824296879992e-46,0.0007785467128027682,4.790872429846656e-07,0.0003970880212366896,0.0
AT2G34690,0,0.00034602076124567473,0.0,4.065084047136741e-05,0.18277180186941733,0.0,0.0001314597751365092,0.00017772466738486304
AT3G10800,0,0.001384083044982699,0.0,0.0025226969208316575,0.19506687514083554,0.0,0.00017737928146056647,0.0002930089216141211
AT4G35570,0,0.0006920415224913495,1.735316002712629e-05,0.0024080560267223943,0.2080575023489383,2.025569974836016e-05,0.00013214030880094837,0.0002964852634324754
AT2G34970,0,0.00034602076124567473,0.0,0.0001530434603560927,0.18414821514924495,0.0,0.00011381031834536439,0.0001862390578260899
AT2G35100,0,0.001038062283737024,0.0,2.24340590204753e-46,0.00034602076124567473,0.0,0.0003459010722933241,0.0
AT5G44930,0,0.001038062283737024,0.0,2.24340590204753e-46,0.00034602076124567473,0.0,0.0003459010722933241,0.0
AT2G35110,0,0.002422145328719723,0.0008258634620197014,0.0021305009008887716,0.20140071681405503,0.0008557495356584931,0.0004001606042848524,0.0003478163710973186
AT4G31700,0,0.0006920415224913495,1.6177522333141723e-05,0.0007966892164770123,0.18832100497712329,3.436569623263235e-05,0.0001762058265362508,0.00026374553030306667
AT5G22650,0,0.001038062283737024,0.0,0.00010061365141657546,0.1658138391609228,0.0,0.0001887936315022943,0.0001790484549038359
AT2G35840,0,0.00034602076124567473,0.0,1.6450604094697203e-48,0.0006228373702422146,0.0,0.0002351180543426771,0.0
AT2G36250,0,0.002076124567474048,0.0012980868848669516,9.214172597321028e-05,0.1840282836103244,0.0012980868848669516,0.0005343211190760528,0.0001957732697975478
AT3G19180,0,0.001038062283737024,0.0,4.351429314774452e-06,0.15385606214599026,0.0,0.0002483513953731283,0.00012791077558663296
AT4G02930,0,0.0006920415224913495,0.0,8.779029665843584e-05,0.18400165336886423,0.0,0.00022685571182302444,0.00019572218023595215
AT5G55280,0,0.001038062283737024,0.0,4.351429314774452e-06,0.15385606214599026,0.0,0.0002483513953731283,0.00012791077558663296
AT2G41070,0,0.001038062283737024,1.0473654476749998e-05,0.004057549280054491,0.22160045758200356,8.269921216677517e-06,0.00017447840010810538,0.00034947618615037467
AT3G46580,0,0.0017301038062283738,0.0013432046501245403,0.008347498271804784,0.2265758064158119,0.0013802417683607888,0.00030463328261484863,0.00038238911749579056
AT5G67360,0,0.00034602076124567473,0.0,0.002381802868415211,0.21401050670799232,0.0,9.338110165729813e-05,0.00021208906334920112
AT2G36530,0,0.0006920415224913495,0.0008672642026313858,0.002542286293644238,0.24150872281206773,0.0009614539115577203,0.00018394243180924513,0.0003021656977243592
AT5G56350,0,0.0006920415224913495,7.742747412301509e-05,1.2224650018111038e-05,0.16378481684878424,9.014973046872875e-05,0.00026266293535440394,0.00019762920015427662
AT2G36680,0,0.0006920415224913495,0.00015660677456127444,0.0004161065487371572,0.19375899818751033,0.00018669389156130052,0.00015717292560637748,0.00028796375174522566
AT2G36880,0,0.00034602076124567473,0.0,0.00022391481272412338,0.18820950645434228,0.0,0.0001227946504496288,0.00020134407852331318
AT2G36910,0,0.0006920415224913495,5.354633564400542e-05,0.00014742042739507234,0.19624097933567966,6.126525472177283e-05,0.00015912846007817033,0.00028950588544187923
AT5G67570,0,0.00034602076124567473,0.0,0.00025959225587521046,0.17532484324102535,0.0,0.00014108352437039505,0.00013519750626355624
AT2G37020,0,0.0006920415224913495,0.0,3.518397515288328e-55,0.0,0.0,0.0003459010722933241,0.0
AT3G10340,0,0.0006920415224913495,0.0006491632142442219,4.272517596223498e-06,0.14793129260724058,0.0006491632142442219,0.0002709358864167223,0.00012200990351399273
AT3G15180,0,0.00034602076124567473,0.0,4.2634178075649e-06,0.14791408429076208,0.0,0.0001472621766657839,0.0001219801379442703
AT3G61430,0,0.0006920415224913495,0.0,4.5937669442575454e-05,0.18180489356670523,0.0,0.00015049828655733732,0.00028236663787486186
AT2G37250,0,0.00034602076124567473,0.0,0.0009195581099872908,0.2114657285224574,0.0,9.165496097431733e-05,0.00021034828634554844
AT2G37360,0,0.0006920415224913495,1.0463562446618203e-05,0.0003011592183022121,0.20292745381511912,5.589086510576525e-06,0.0001427455560099116,0.00029903027014323324
AT2G38170,0,0.001384083044982699,0.0006491632142442219,0.0005763964895004172,0.19764411682684951,0.0006491632142442219,0.0002894009179668542,0.00020961173920641717
AT3G51860,0,0.00034602076124567473,0.0,2.5994904912655858e-05,0.16325909040322736,0.0,0.00013387640774900644,0.00013367687989822665
AT2G38230,0,0.001038062283737024,1.197718107461664e-07,2.0581114859715254e-39,0.0010380622837370243,1.197718107461664e-07,0.0003483361489715589,0.0
AT3G16050,0,0.001384083044982699,0.0,2.2296137300280625e-39,0.0007785467128027682,0.0,0.00034266218860011283,0.0
AT5G01410,0,0.0017301038062283738,1.197718107461664e-07,2.7135353988217763e-39,0.0010380622837370243,1.197718107461664e-07,0.00044703138579664026,0.0
AT5G60540,0,0.0006920415224913495,0.0,1.5195734017754785e-39,0.0007785467128027682,0.0,0.0002455745658049844,0.0
AT3G17980,0,0.001384083044982699,9.499711361140178e-06,0.004295726212599249,0.20946271733885782,1.2068691320170418e-05,0.0002058544171480074,0.00037309900922704496
AT5G37740,0,0.001384083044982699,9.499711361140178e-06,0.004295726212599249,0.20946271733885782,1.2068691320170418e-05,0.0002058544171480074,0.00037309900922704496
AT2G38400,0,0.00034602076124567473,0.0,0.00022391481272412338,0.18820950645434228,0.0,0.0001227946504496288,0.00020134407852331307
AT2G38410,0,0.00034602076124567473,0.0,0.00026771298428841935,0.19473825340463075,0.0,0.00010785748871685802,0.00020498366924895866
AT2G44745,0,0.00034602076124567473,0.0,9.672294599497338e-05,0.18271927368954394,0.0,0.00012912822032805054,0.00017337049795232914
AT3G56710,0,0.00034602076124567473,0.0,9.672294599497338e-05,0.18271927368954394,0.0,0.00012912822032805054,0.00017337049795232914
AT2G38540,0,0.00034602076124567473,0.0,0.0009954695044287506,0.19775169916104765,0.0,8.844684037601807e-05,0.00021191632116170474
AT2G38580,0,0.00034602076124567473,0.0,0.0019473980770921785,0.2242976584239789,0.0,0.00012251259086955345,0.00021377721298793811
AT2G38650,0,0.00034602076124567473,0.0,3.518397515288328e-55,0.00034602076124567473,0.0,0.0003459010722933241,0.0
AT3G61130,0,0.00034602076124567473,0.0,3.518397515288328e-55,0.00034602076124567473,0.0,0.0003459010722933241,0.0
AT5G43350,0,0.001038062283737024,0.0,4.799157162876704e-05,0.16229016280861983,0.0,0.00018399591754395296,0.00017772600980543442
AT2G47770,0,0.002422145328719723,0.0014420666707330612,0.0002479715607943424,0.20242671744098326,0.0014592008133544289,0.0005145850183679507,0.00038411632740492944
AT5G62200,0,0.0006920415224913495,0.00019188655641737222,0.0008652477315210397,0.2118003540610538,0.00020846449162762742,0.00018370365468155372,0.00029147832408817884
AT2G39130,0,0.00034602076124567473,0.0,3.518397515288328e-55,0.00034602076124567473,0.0,0.0003459010722933241,0.0
AT5G26340,0,0.00034602076124567473,0.0,3.518397515288328e-55,0.00034602076124567473,0.0,0.0003459010722933241,0.0
AT2G39800,0,0.001384083044982699,9.580489202539954e-05,1.3548201906489081e-05,0.15604631841511155,0.00011948153742663983,0.0003054458218959673,0.0002168017113354751
AT3G04610,0,0.00034602076124567473,0.0,0.00040110678231409136,0.1864296496745893,0.0,9.760857508533924e-05,0.00020099610458910333
AT2G39960,0,0.00034602076124567473,0.0,0.00045769214516565336,0.20748036642009243,0.0,0.00011723926255745028,0.00020942049372342587
AT5G47700,0,0.00034602076124567473,0.0,1.7910668062191675e-49,0.0005190311418685121,0.0,0.00024273758561926142,0.0
AT2G40060,0,0.002422145328719723,0.002424088153380671,0.0034480365139638175,0.21158888852742097,0.002331959009530081,0.000440824113210658,0.0003532131906347312
AT3G01780,0,0.001384083044982699,0.0,0.0024710769797535313,0.2027818237151003,0.0,0.00021743297371149507,0.0002767018059770733
AT3G11130,0,0.001384083044982699,0.000988830303524491,0.00022775570927802938,0.18762629859901675,0.001077838361627759,0.00038482199904717456,0.0003009578106272979
AT2G40550,0,0.001038062283737024,8.735004385275946e-06,0.0017347685212023138,0.20663743001633808,9.6357210352936e-06,0.00014751947383704456,0.00033920601139312065
AT2G40590,0,0.00034602076124567473,0.0,0.0007072068924295301,0.19665069990806316,0.0,0.00010309185350526284,0.00020933503309709947
AT2G40840,0,0.00034602076124567473,0.0,0.0019473980770921785,0.2242976584239789,0.0,0.00012251259086955345,0.0002137772129879385
AT2G45790,0,0.00034602076124567473,0.0,0.0009234024108348496,0.19665069990806316,0.0,8.575576348025896e-05,0.00021141928284068391
AT3G13320,0,0.001038062283737024,1.1163331717832748e-06,0.002898620137675684,0.20025882756209723,1.0095589206468061e-06,0.000155992348264492,0.00034898983982225825
AT3G50310,0,0.0017301038062283738,3.4017156498852696e-06,0.004651806039167106,0.2019765587491917,2.7501188450725736e-06,0.00022274991629169877,0.00040084218522347295
AT3G61160,0,0.002076124567474048,2.0714058977939937e-06,0.0038455026840011706,0.20063801587464083,1.6715971762609513e-06,0.00022781005744242023,0.0003795129676974302
AT4G14340,0,0.002076124567474048,0.00017532436804784955,0.005033534157009495,0.20719299749153272,0.0001717888316340276,0.0002748076590495575,0.0004161737697334207
AT4G37870,0,0.002422145328719723,3.4017156498852696e-06,0.004871527460919744,0.2019765587491917,2.7501188450725736e-06,0.0002595254501918972,0.00040084218522347284
AT5G20810,0,0.0017301038062283738,3.4017156498852696e-06,0.004651806039167106,0.2019765587491917,2.7501188450725736e-06,0.00022274991629169877,0.0004008421852234726
AT5G27050,0,0.002076124567474048,0.0001836850060375929,0.009059922971491925,0.2333321269117417,0.00015440880323994646,0.00026402257701305435,0.0004177526959604866
AT5G39670,0,0.0017301038062283738,3.4017156498852696e-06,0.004651806039167106,0.2019765587491917,2.7501188450725736e-06,0.00022274991629169877,0.00040084218522347224
AT5G66790,0,0.0017301038062283738,3.4017156498852696e-06,0.004651806039167106,0.2019765587491917,2.7501188450725736e-06,0.00022274991629169877,0.00040084218522347235
AT2G41140,0,0.00034602076124567473,0.0,4.996275060140654e-05,0.16895341823087118,0.0,0.00011223156682508043,0.00018394279230579417
AT4G17750,0,0.002768166089965398,0.001706661934798044,0.0011016065113356305,0.20605143827670336,0.0017568172820117828,0.0004978184539638582,0.00036677423458277947
AT2G41475,0,0.0006920415224913495,0.0,0.0010696256382746953,0.21413664964727794,0.0,0.00021537033369084605,0.0002999259630724565
AT5G05190,0,0.001384083044982699,0.00038554316032685945,0.004799760850842105,0.21782328490030603,0.0004492809596676507,0.0002612668249578758,0.00036590613971774165
AT2G41840,0,0.00034602076124567473,0.0,0.0019473980770921785,0.2242976584239789,0.0,0.00012251259086955345,0.00021377721298793836
AT2G41900,0,0.00034602076124567473,0.0,0.007055683567327628,0.21787927100848808,0.0,8.782658868822674e-05,0.0002137105569623721
AT2G42360,0,0.001038062283737024,0.00025276087634293007,0.0006303449325378896,0.21139541572826873,0.00029275620938224996,0.00019905067629953706,0.0003401449136423815
AT2G42500,0,0.00034602076124567473,0.0,0.0001350754417442582,0.17662778519315686,0.0,0.00013008553138368223,0.0001717332290407584
AT2G42560,0,0.00034602076124567473,0.0,0.012528402596786314,0.2315054029322779,0.0,9.311423389815507e-05,0.00021497820142274434
AT3G24830,0,0.00034602076124567473,0.0,0.00011946413487700474,0.19123829532343758,0.0,0.00012432335735046627,0.00020382355126440804
AT3G26450,0,0.00034602076124567473,0.0,0.00011946413487700474,0.19123829532343758,0.0,0.00012432335735046627,0.00020382355126440804
AT3G62120,0,0.00034602076124567473,0.0,0.00011946413487700474,0.19123829532343758,0.0,0.00012432335735046627,0.00020382355126440799
AT4G23670,0,0.0006920415224913495,0.00012171419236743552,0.00014720300725566733,0.20100275460093842,0.00012397414866470007,0.00018747063568810173,0.00029041959390535283
AT5G11670,0,0.00034602076124567473,0.0,0.00011946413487700474,0.19123829532343758,0.0,0.00012432335735046627,0.00020382355126440804
AT5G38530,0,0.00034602076124567473,0.0,0.00011946413487700474,0.19123829532343758,0.0,0.00012432335735046627,0.00020382355126440804
AT2G42600,0,0.00034602076124567473,0.0,0.00021200776019894191,0.19627127044926085,0.0,0.00013463025071445007,0.0002110267411147735
AT3G56900,0,0.00034602076124567473,0.0,4.350623550858166e-05,0.1643033241511224,0.0,0.00012783979023079327,0.00018348625104820256
AT3G58740,0,0.00034602076124567473,0.0,4.350623550858166e-05,0.1643033241511224,0.0,0.00012783979023079327,0.00018348625104820256
AT4G17760,0,0.00034602076124567473,0.0,4.350623550858166e-05,0.1643033241511224,0.0,0.00012783979023079327,0.00018348625104820258
AT5G25440,0,0.001384083044982699,0.00034376943350273426,0.001603323783608471,0.20595131610066997,0.00042569299012074866,0.0003034594554540475,0.00034452574855533885
AT2G42870,0,0.0017301038062283738,0.0007221143237175557,0.001853527738255998,0.2043789159536344,0.0007402285228405924,0.00031225126458772374,0.000296032562179614
AT4G39690,0,0.00034602076124567473,0.0,8.358431179815032e-05,0.1678272851059904,0.0,0.0001182281174817437,0.00016425737311503996
AT2G42910,0,0.0006920415224913495,0.0,3.518397515288328e-55,0.0,0.0,0.0003459010722933241,0.0
AT2G43030,0,0.00034602076124567473,0.0,0.00035056536136390825,0.20393639544595613,0.0,0.00013233419278316601,0.00021191811470673758
AT5G22770,0,0.0006920415224913495,6.112874414611975e-05,2.5260229532322696e-05,0.16186664446636578,9.542774911931096e-05,0.0002327450205141581,0.00022954916667648694
AT2G43610,0,0.00034602076124567473,0.0,0.00035056536136390825,0.20393639544595613,0.0,0.00013233419278316601,0.0002119181147067376
AT2G43640,0,0.00034602076124567473,0.0,3.518397515288328e-55,0.00034602076124567473,0.0,0.0003459010722933241,0.0
AT3G49100,0,0.00034602076124567473,0.0,3.518397515288328e-55,0.00034602076124567473,0.0,0.0003459010722933241,0.0
AT2G43680,0,0.00034602076124567473,0.0,0.00045769214516565336,0.20748036642009243,0.0,0.00011723926255745028,0.00020942049372342568
AT2G43710,0,0.00034602076124567473,0.0,0.00021200776019894191,0.19627127044926085,0.0,0.00013463025071445007,0.00021102674111477367
AT2G43750,0,0.0006920415224913495,0.0019460523810037119,1.7136831815044292e-06,0.14831954107144948,0.0019460523810037119,0.00031070126073828527,0.00012252604863438748
AT3G13110,0,0.0006920415224913495,0.0025937783335189795,3.7912533450198435e-05,0.17608965871839585,0.0025937783335189795,0.0002653009760385823,0.00018323308025205396
AT5G54390,0,0.001038062283737024,0.0012980868848669516,7.761996431755259e-08,0.12810229957742658,0.0012980868848669516,0.0005339515797963651,9.201723080635569e-05
AT2G47060,0,0.001038062283737024,5.7030809186895485e-06,0.010013482653437628,0.2340838412381326,4.0452079498791725e-06,0.0001996165043086956,0.0003384292444526731
AT3G12145,0,0.0006920415224913495,1.9852329816916442e-05,0.005289196504596224,0.22599190004541658,2.12517936306502e-05,0.00013160333370191738,0.00029635163244613684
AT3G44200,0,0.002076124567474048,0.0007782261210358207,0.005876360784643882,0.23235147110197102,0.0007902751487655625,0.0003267148965220585,0.0003385860341848138
AT4G12470,0,0.0006920415224913495,5.7030809186895485e-06,0.009560151089308595,0.23401921884706658,4.0452079498791725e-06,0.00013318661695579898,0.0003035521011085263
AT4G18880,0,0.001384083044982699,5.7030809186895485e-06,0.010011635065585629,0.23401921884706658,4.0452079498791725e-06,0.00018582501278674343,0.0003035521011085264
AT4G29680,0,0.00034602076124567473,0.0,0.004408116932324819,0.22511169790307806,0.0,9.315782156535419e-05,0.00021403924439053005
AT5G07310,0,0.00034602076124567473,0.0,0.004408116932324819,0.22511169790307806,0.0,9.315782156535419e-05,0.00021403924439053015
AT5G08630,0,0.0006920415224913495,0.0014804945997759023,0.004472363624750367,0.22797730624931178,0.0016015855242336903,0.00015829377207990595,0.000296805680143259
AT5G67270,0,0.001038062283737024,0.0,0.004616294704472269,0.22511169790307806,0.0,0.00016199097776284523,0.00021403924439053023
AT2G44060,0,0.00034602076124567473,0.0,0.0019473980770921785,0.2242976584239789,0.0,0.00012251259086955345,0.0002137772129879379
AT2G44190,0,0.0006920415224913495,0.0001948302667091722,0.0007218708079631154,0.19303832178617525,0.00024014261748448872,0.0001613648539130716,0.0002776973408018674
AT2G44270,0,0.0006920415224913495,0.0,1.024716876378016e-05,0.16102620472431287,0.0,0.00021869400646109817,0.00020768225258236574
AT4G35910,0,0.0006920415224913495,0.0,1.024716876378016e-05,0.16102620472431287,0.0,0.00021869400646109817,0.00020768225258236566
AT2G44490,0,0.00034602076124567473,0.0,0.00015203055977761838,0.20125726901005642,0.0,0.00010368651155919589,0.00021222743482653646
AT2G44530,0,0.0006920415224913495,0.0,0.0010696256382746953,0.21413664964727794,0.0,0.00021537033369084605,0.00029992596307245684
AT2G44670,0,0.00034602076124567473,0.0,0.001030336077478241,0.20424759868372602,0.0,9.588992273725203e-05,0.0002088553823030978
AT2G44680,0,0.00034602076124567473,0.0,0.0002631270430097308,0.17191150214365394,0.0,9.383368387061584e-05,0.00019759468000366847
AT2G45000,0,0.001038062283737024,0.00029732353878628593,0.0014290228788865229,0.20925589164906383,0.0003481317462510549,0.00022543749016533239,0.00033505643339135235
AT5G53480,0,0.002076124567474048,0.002096606756240267,0.0014803032821955311,0.20875774513307116,0.002156802467901656,0.00042706494576498825,0.00038008266426540934
AT2G45140,0,0.00034602076124567473,0.0,0.00059488821655206,0.2143532409989104,0.0,0.00011331500178369032,0.00021076847738930258
AT2G45440,0,0.001038062283737024,0.0,0.00022201995252963766,0.19627127044926085,0.0,0.00023475826080797486,0.00021102674111477432
AT2G45510,0,0.00034602076124567473,0.0,0.00035056536136390825,0.20393639544595613,0.0,0.00013233419278316601,0.00021191811470673726
AT3G49180,0,0.00034602076124567473,0.0,0.0009970675274558454,0.18968351243462914,0.0,9.197400372317662e-05,0.00020585201277049172
AT5G47590,0,0.0006920415224913495,0.00020125823105007242,0.0017161278043666323,0.21359708140526398,0.00024048743203919007,0.00017501014463085665,0.00029817472645922194
AT2G45740,0,0.00034602076124567473,0.0,1.7541983354812776e-44,0.0006228373702422146,0.0,0.00021121133189071155,0.0
AT3G44620,0,0.0006920415224913495,4.761683745132882e-05,0.00032133266514210136,0.19584804399007105,6.57818245145516e-05,0.00017314891435016766,0.0002661889563672076
AT5G23750,0,0.001038062283737024,0.0,0.0002843435472742966,0.1922212283606253,0.0,0.00018508759648215787,0.0001988578502518557
AT2G45890,0,0.0006920415224913495,4.463225362828222e-05,0.00023962192080764005,0.19420289050867298,5.2922293856360326e-05,0.00016017068495905096,0.00028038840690704795
AT3G01470,0,0.001384083044982699,4.430877977534647e-06,0.010903969029293538,0.22206486650463436,4.386764499520185e-06,0.00017386986235215024,0.00030238038597578317
AT5G04640,0,0.00034602076124567473,0.0,0.0033565707568767224,0.20588462202162183,0.0,8.868004420274541e-05,0.00021192952160252224
AT2G46280,0,0.00034602076124567473,0.0,0.00031277625165608965,0.1947979204298026,0.0,0.00011017970758783987,0.00020739662570964113
AT5G37600,0,0.0006920415224913495,0.0012978473412454592,0.00022439369679874127,0.1882652392072159,0.0012978473412454592,0.00024130299040270797,0.0002015063669784172
AT2G46800,0,0.00034602076124567473,0.0,0.00015203055977761838,0.20125726901005642,0.0,0.00010368651155919589,0.0002122274348265367
AT2G47430,0,0.0006920415224913495,0.0,3.518397515288328e-55,0.0,0.0,0.0003459010722933241,0.0
AT5G56950,0,0.002422145328719723,0.0008323889064657588,0.0014424762180139323,0.20913543184301586,0.000876404357945508,0.0005511992139623607,0.000377035859585027
AT2G47710,0,0.0006920415224913495,0.0,3.518397515288328e-55,0.0,0.0,0.0003459010722933241,0.0
AT3G16240,0,0.00034602076124567473,0.0,1.1182485522187585e-05,0.16650866569836137,0.0,0.0001144132761031997,0.000188204189150754
AT3G26520,0,0.00034602076124567473,0.0,1.1182485522187585e-05,0.16650866569836137,0.0,0.0001144132761031997,0.00018820418915075404
AT3G01050,0,0.0006920415224913495,2.458270227574662e-05,0.00012699756365031046,0.18965522046469332,2.158203242589142e-05,0.00017974754209398904,0.00027354087987698894
AT5G24230,0,0.0006920415224913495,8.140396830229824e-06,0.0010442034691560556,0.21527866343952193,8.687031905670751e-06,0.00013866898303415125,0.00029610687080936415
AT3G09980,0,0.001038062283737024,0.0,0.0006260293859630683,0.18658010647183218,0.0,0.00020860137701776257,0.00016351162696192568
AT3G01290,0,0.00034602076124567473,0.0,5.409938669773012e-06,0.1543228867777822,0.0,0.00012605498006469158,0.00015809927460176023
AT3G01330,0,0.0006920415224913495,7.834212834164702e-07,0.000775287701503917,0.1870879755176247,9.24448167002827e-07,0.00010688417174341586,0.00029309839772749053
AT3G01440,0,0.00034602076124567473,0.0,3.6060869928509034e-05,0.16703361912716408,0.0,0.0001572693747282575,0.00013105734647688932
AT3G01500,0,0.0017301038062283738,0.0028356371058659894,0.0006715939746341962,0.2309587549914697,0.002832158844996307,0.0004021145999002476,0.00039104738433971847
AT5G25260,0,0.001038062283737024,0.0003948348917526921,0.0002911336078989478,0.2146789508028932,0.00041358088991643507,0.00023081547886545837,0.00033306234791539535
AT3G02000,0,0.0006920415224913495,4.526536715079169e-05,0.004666686382972835,0.21748797153947427,5.9643101662150064e-05,0.00014847952058471257,0.0002923438499868813
AT3G02170,0,0.00034602076124567473,0.0,3.518397515288328e-55,0.00034602076124567473,0.0,0.0003459010722933241,0.0
AT3G55000,0,0.00034602076124567473,0.0,3.518397515288328e-55,0.00034602076124567473,0.0,0.0003459010722933241,0.0
AT3G02230,0,0.00034602076124567473,0.0,0.0006853561314514539,0.20596799637248506,0.0,0.00011178434491976492,0.00020715389421228472
AT3G02260,0,0.00034602076124567473,0.0,0.0019473980770921785,0.2242976584239789,0.0,0.00012251259086955345,0.00021377721298793806
AT3G02420,0,0.0006920415224913495,2.1412670589505543e-05,0.00020338750962558424,0.20550196777463214,2.1522343661020558e-05,0.0001534940038806533,0.00029872514542023473
AT3G02530,0,0.00034602076124567473,0.0,0.0007190602769107869,0.20525317604609142,0.0,0.00013492130175167866,0.000211161384538279
AT3G23750,0,0.0017301038062283738,8.803083320877453e-06,0.0005096314995038429,0.19639252847409627,9.79036539543385e-06,0.00024304686263384442,0.00039419050796957894
AT5G27150,0,0.0006920415224913495,0.0006491632142442219,0.000961081988020337,0.20136882185533872,0.0006491632142442219,0.00022827806392946895,0.00020077435485864404
AT5G54190,0,0.0006920415224913495,1.6034669150959438e-06,0.0043244302337790185,0.20855230861170024,1.4441692452995318e-06,0.00013036968044555637,0.00029814489295478924
AT4G39850,0,0.00034602076124567473,0.0,1.00346995328955e-09,0.10623195836129633,0.0,0.00017872113988964242,8.087583882504953e-05
AT3G03780,0,0.00034602076124567473,0.0,0.00021200776019894191,0.19627127044926085,0.0,0.00013463025071445007,0.0002110267411147746
AT3G04240,0,0.001384083044982699,9.522621822402244e-05,0.014410391002284138,0.23512267485309477,9.83110149793025e-05,0.00022884279190729507,0.00037540932958920266
AT3G04380,0,0.00034602076124567473,0.0,8.237307062653229e-06,0.16367940086317004,0.0,0.00012612586114805967,0.00018673403383388757
AT3G04550,0,0.00034602076124567473,0.0,3.518397515288328e-55,0.00034602076124567473,0.0,0.0003459010722933241,0.0
AT5G28500,0,0.00034602076124567473,0.0,3.518397515288328e-55,0.00034602076124567473,0.0,0.0003459010722933241,0.0
AT5G20820,0,0.0006920415224913495,0.0,3.0371984823382215e-05,0.1807324888928344,0.0,0.00018228198514142196,0.0002684883529538069
AT3G04840,0,0.00034602076124567473,0.0,0.0002724678357196129,0.20352835944066208,0.0,0.00012682686893397587,0.00020774963178880253
AT3G04940,0,0.00034602076124567473,0.0,3.5015355500390993e-09,0.11271548848555416,0.0,0.00019983105180363897,7.365109950415165e-05
AT4G31500,0,0.0006920415224913495,1.8358370534679538e-05,0.006145034903162179,0.22597181901644506,2.307793294216316e-05,0.0001320855535405231,0.0002970870789657003
AT3G05150,0,0.001038062283737024,0.0006603531760801987,0.000190138605258653,0.20159229894657732,0.0006581326100513835,0.0002525683350907579,0.00029922469241754263
AT5G58150,0,0.00034602076124567473,0.0,8.57577548223987e-06,0.16594367707739463,0.0,0.00012350807853333726,0.0001652354472682949
AT3G05190,0,0.0006920415224913495,0.0,3.518397515288328e-55,0.0,0.0,0.0003459010722933241,0.0
AT3G05250,0,0.00034602076124567473,0.0,5.584029534405644e-07,0.14203221732538804,0.0,0.00018911871802252913,9.781399159645461e-05
AT3G05420,0,0.001038062283737024,0.0009245446525048554,0.000835763353640339,0.19336122652152318,0.0009400785250549381,0.00029419239583879217,0.0002635281366940121
AT4G26100,0,0.001038062283737024,9.927986252777332e-05,5.4597652447915836e-05,0.17694731778535158,0.0001281178256886977,0.0002707321626028397,0.0002884369494292569
AT5G27630,0,0.00034602076124567473,0.0,3.7688524032430014e-05,0.16032573768825323,0.0,0.00013524997056109042,0.00015373590823281727
AT3G21860,0,0.001038062283737024,2.339612081615517e-06,0.000671793052871218,0.18428165588486037,3.5671158250287706e-06,0.00016485062327729685,0.0003351973400738658
AT5G44180,0,0.00034602076124567473,0.0,2.078214037371632e-05,0.14798294158923905,0.0,0.00015654260916102205,0.00012085556830613934
AT3G06450,0,0.00034602076124567473,0.0,0.0019473980770921785,0.2242976584239789,0.0,0.00012251259086955345,0.0002137772129879385
AT4G27090,0,0.00034602076124567473,0.0,3.671639901086166e-51,0.00046136101499423294,0.0,0.00026281380883033884,0.0
AT3G06660,0,0.00034602076124567473,0.0,0.0019473980770921785,0.2242976584239789,0.0,0.00012251259086955345,0.00021377721298793844
AT3G20650,0,0.001038062283737024,0.0001733778486636695,0.0005727880374776582,0.21057272925487064,0.00021437850864227144,0.0002562204743005207,0.00030699579490295716
AT4G17950,0,0.0006920415224913495,3.6605457489258628e-06,0.0013778786152084316,0.20590129149146408,3.247986316949578e-06,0.00014702759510415938,0.00029658991546363783
AT4G25920,0,0.0017301038062283738,0.0021341949919627553,0.0036386772758666003,0.22171637761212493,0.0020725732928656452,0.00030969042690304465,0.0003944774768985278
AT4G32520,0,0.002076124567474048,0.0010380295965863396,0.001526740337999573,0.22871542865465175,0.001199484935983486,0.0003697486554250744,0.00035635969516757974
AT4G33510,0,0.001038062283737024,0.0008879488414897436,0.001280864798015118,0.2181970700309801,0.0009641992502948271,0.00023824780057407277,0.0003474728305696395
AT4G28590,0,0.0006920415224913495,0.0032410251987912628,6.902410058495171e-06,0.1632171780509,0.0032410251987912628,0.00025816054912346237,0.00012835409365950014
AT4G16420,0,0.001384083044982699,0.0005947338530618781,0.0007885281076624524,0.2021853117515561,0.000657644578910663,0.0002737213441467838,0.00036431992199829097
AT3G06850,0,0.00034602076124567473,0.0,0.0019965570445769462,0.19799804198155346,0.0,9.963761584560266e-05,0.00020962194741001557
AT3G06930,0,0.001038062283737024,0.0,2.24340590204753e-46,0.00034602076124567473,0.0,0.0003459010722933241,0.0
AT5G49020,0,0.001038062283737024,0.0,2.24340590204753e-46,0.00034602076124567473,0.0,0.0003459010722933241,0.0
AT3G07030,0,0.00034602076124567473,0.0,0.0007190602769107869,0.20525317604609142,0.0,0.00013492130175167866,0.000211161384538279
AT3G07040,0,0.0006920415224913495,0.0,8.26683644342211e-05,0.18452233719424416,0.0,0.0001706272510900659,0.00027976787611359735
AT3G07090,0,0.0006920415224913495,0.0009952970225011897,0.0010931425512163884,0.20112993128844295,0.0010123663964660629,0.00017888064656053647,0.000274816065307263
AT3G07110,0,0.00034602076124567473,0.0,0.0007190602769107869,0.20525317604609142,0.0,0.00013492130175167866,0.00021116138453827892
AT3G07300,0,0.00034602076124567473,0.0,0.004249982663040265,0.21656193913063723,0.0,9.657544279583855e-05,0.0002136438712485941
AT5G27100,0,0.001038062283737024,0.0,2.741382583256933e-06,0.15010546872925704,0.0,0.000215609443557284,0.00014261716862319353
AT4G31170,0,0.00034602076124567473,0.0,0.0001888626477335997,0.17461458742179845,0.0,0.00012193010272504369,0.00015363825580432585
AT3G08030,0,0.0006920415224913495,0.0,0.0010696256382746953,0.21413664964727794,0.0,0.00021537033369084605,0.00029992596307245646
AT4G13770,0,0.002076124567474048,0.0010525436262966688,0.0005373717002667587,0.21945865129539807,0.0011567352098973682,0.0003530542982361076,0.00040675570767392084
AT5G66470,0,0.00034602076124567473,0.0,0.0003898122446422666,0.1906647811674219,0.0,0.00010299907750705523,0.00020726145670639992
AT3G08720,0,0.00034602076124567473,0.0,0.0001350754417442582,0.17662778519315686,0.0,0.00013008553138368223,0.00017173322904075747
AT3G08730,0,0.0006920415224913495,8.657847501749373e-05,0.00013684365358656168,0.17814969185366536,0.00011174376073814074,0.00021439740555889483,0.00022881152887346864
AT4G15410,0,0.0006920415224913495,5.93103435095478e-05,3.921042653172751e-05,0.17252963712422476,7.37219802834779e-05,0.00019861760225567258,0.00023813613086785736
AT3G08820,0,0.0006920415224913495,0.0,0.0010696256382746953,0.21413664964727794,0.0,0.00021537033369084605,0.0002999259630724564
AT5G28540,0,0.001038062283737024,0.002171022624224577,0.001966815466679384,0.22681830638700257,0.0022208064945909685,0.0003329074912082051,0.00028461226291530585
AT3G09440,0,0.00034602076124567473,0.0,0.0019473980770921785,0.2242976584239789,0.0,0.00012251259086955345,0.00021377721298793803
AT3G09500,0,0.00034602076124567473,0.0,0.0019473980770921785,0.2242976584239789,0.0,0.00012251259086955345,0.00021377721298793806
AT3G09630,0,0.00034602076124567473,0.0,0.00012224812196465855,0.18704669396962875,0.0,0.00011182550574946835,0.00019910249500626812
AT3G22960,0,0.0034602076124567475,0.003978637233909394,0.002710814212421309,0.2336107708259299,0.00406465512703239,0.0007028464459223888,0.00043242518299897145
AT3G09740,0,0.001038062283737024,0.001586525121036397,0.0003578169731334997,0.21466082984815335,0.0017093461568146986,0.00022732439833609265,0.00034696434112703244
AT4G31730,0,0.00034602076124567473,0.0,5.848107632788553e-06,0.15694191873679786,0.0,0.0001491996400086955,0.00014863607613395188
AT3G09820,0,0.0006920415224913495,0.0,0.00018021209826991699,0.19472334235919392,0.0,0.00019630539743571062,0.000253433976010718
AT3G27310,0,0.0006920415224913495,0.0,7.982926207205042e-05,0.1872808639230483,0.0,0.00016567732120860294,0.0002740982005326538
AT3G09960,0,0.00034602076124567473,0.0,0.0007190602769107869,0.20525317604609142,0.0,0.00013492130175167866,0.00021116138453827895
AT3G53260,0,0.001038062283737024,0.0,2.017796014263896e-07,0.12778688765444313,0.0,0.0002907964775081648,9.169217555082435e-05
AT3G10390,0,0.0006920415224913495,0.0,0.0004937426280848208,0.1853021605370936,0.0,0.0001545101619714713,0.0002830537149795099
AT4G20400,0,0.001038062283737024,6.0009938120115084e-06,0.004671499617170484,0.20472442853091874,1.1462444705816911e-05,0.00018798655480227849,0.0003240714418196192
AT4G36290,0,0.0006920415224913495,1.8312163515558685e-05,0.0020162403994833564,0.2055684141307148,2.4333920350279998e-05,0.0001447102795924256,0.00028839795530350397
AT3G16670,0,0.0006920415224913495,1.6532068510931473e-05,0.00029042541817273426,0.20754809852371442,9.565656588661002e-06,0.00014965943062679143,0.00030142204758752965
AT3G17690,0,0.0006920415224913495,1.6532068510931473e-05,0.00029042541817273426,0.20754809852371442,9.565656588661002e-06,0.00014965943062679143,0.0003014220475875296
AT3G19930,0,0.001038062283737024,0.0003722256605888143,0.0006761021108346055,0.21410059363622436,0.00038534603764324226,0.000194256638011256,0.0003464883443323594
AT3G20320,0,0.00034602076124567473,0.0,0.00015203055977761838,0.20125726901005642,0.0,0.00010368651155919589,0.0002122274348265363
AT3G27170,0,0.001038062283737024,0.0006309276982773014,0.00045730647982189824,0.21892965316899732,0.0005727628147187257,0.0002041343354040417,0.0003496809153221763
AT3G47780,0,0.001038062283737024,4.175449935694908e-05,0.00045318977807983044,0.21291751935792638,2.5550608404265296e-05,0.00019454690672510885,0.0003485662915349869
AT3G52850,0,0.0017301038062283738,0.00022392800321692605,0.00029472544679740503,0.20958355457483707,0.00024900849339317934,0.00027854546379179007,0.000336041671640938
AT3G53510,0,0.002076124567474048,0.0005910617406486117,0.0006272341108484414,0.22058173746301263,0.000582723628227221,0.0003418473873521746,0.0004112490551813449
AT3G54140,0,0.001038062283737024,7.823245228529421e-05,0.0004645806047617193,0.21211834608483382,6.0901062708881895e-05,0.0001944373367098885,0.00034816794709747616
AT3G60330,0,0.00034602076124567473,0.0,0.00015203055977761838,0.20125726901005642,0.0,0.00010368651155919589,0.00021222743482653638
AT5G01540,0,0.001384083044982699,0.001503397098349287,0.0005312275850653708,0.2194207809500494,0.0015037557818242135,0.00026221707093455155,0.0003806915988955262
AT5G11870,0,0.0017301038062283738,0.00045919594837924945,0.00046035960681795995,0.2130602254700966,0.0004445239691672085,0.0003040294026601761,0.0003912199042802342
AT5G38970,0,0.001038062283737024,4.196597012417044e-05,0.0002451859230638046,0.20734503475018937,3.695372147901293e-05,0.000203830295266403,0.0003470284697338517
AT5G55630,0,0.002422145328719723,0.003234596283749601,0.0023559475931977905,0.2278751658791284,0.0031709776070081076,0.0004095388075631565,0.0004268322464100765
AT3G10860,0,0.00034602076124567473,0.0,0.0007190602769107869,0.20525317604609142,0.0,0.00013492130175167866,0.0002111613845382788
AT3G16270,0,0.00034602076124567473,0.0,1.0274622675006422e-05,0.1563629396957128,0.0,0.00013377302748929047,0.0001657625737550602
AT3G17510,0,0.0034602076124567475,0.0009397688801863506,0.0022987969853645487,0.2185909275581118,0.0009498278040917343,0.0004768215807319137,0.0004253088011560103
AT3G11430,0,0.00034602076124567473,0.0,0.00035056536136390825,0.20393639544595613,0.0,0.00013233419278316601,0.00021191811470673688
AT3G14930,0,0.00034602076124567473,0.0,0.00021200776019894191,0.19627127044926085,0.0,0.00013463025071445007,0.00021102674111477424
AT3G20820,0,0.00034602076124567473,0.0,0.00021200776019894191,0.19627127044926085,0.0,0.00013463025071445007,0.00021102674111477432
AT3G25660,0,0.00034602076124567473,0.0,0.00021200776019894191,0.19627127044926085,0.0,0.00013463025071445007,0.00021102674111477432
AT3G45140,0,0.0017301038062283738,0.005284749994098242,0.0018339170774899392,0.23619270467271042,0.005553332894044971,0.0004334615883236806,0.0003983553989849796
AT3G47520,0,0.00034602076124567473,0.0,0.00021200776019894191,0.19627127044926085,0.0,0.00013463025071445007,0.00021102674111477427
AT3G48990,0,0.00034602076124567473,0.0,0.00021200776019894191,0.19627127044926085,0.0,0.00013463025071445007,0.00021102674111477424
AT3G49910,0,0.00034602076124567473,0.0,0.00021200776019894191,0.19627127044926085,0.0,0.00013463025071445007,0.00021102674111477427
AT3G50820,0,0.00034602076124567473,0.0,0.00021200776019894191,0.19627127044926085,0.0,0.00013463025071445007,0.00021102674111477424
AT3G52150,0,0.00034602076124567473,0.0,0.00021200776019894191,0.19627127044926085,0.0,0.00013463025071445007,0.00021102674111477424
AT3G53580,0,0.00034602076124567473,0.0,0.00021200776019894191,0.19627127044926085,0.0,0.00013463025071445007,0.00021102674111477424
AT3G54050,0,0.00034602076124567473,0.0,0.00021200776019894191,0.19627127044926085,0.0,0.00013463025071445007,0.00021102674111477427
AT3G55800,0,0.00034602076124567473,0.0,0.00021200776019894191,0.19627127044926085,0.0,0.00013463025071445007,0.00021102674111477424
AT3G60750,0,0.00034602076124567473,0.0,0.00021200776019894191,0.19627127044926085,0.0,0.00013463025071445007,0.00021102674111477419
AT3G63490,0,0.00034602076124567473,0.0,0.00021200776019894191,0.19627127044926085,0.0,0.00013463025071445007,0.00021102674111477408
AT4G03200,0,0.00034602076124567473,0.0,0.00021200776019894191,0.19627127044926085,0.0,0.00013463025071445007,0.00021102674111477408
AT4G11010,0,0.00034602076124567473,0.0,0.00021200776019894191,0.19627127044926085,0.0,0.00013463025071445007,0.00021102674111477408
AT4G16155,0,0.00034602076124567473,0.0,0.00021200776019894191,0.19627127044926085,0.0,0.00013463025071445007,0.00021102674111477408
AT4G18440,0,0.00034602076124567473,0.0,0.00021200776019894191,0.19627127044926085,0.0,0.00013463025071445007,0.00021102674111477408
AT4G20360,0,0.001038062283737024,0.0027954577151587594,0.009321133457954418,0.23601734117968193,0.002941866069044814,0.0002130388611741019,0.0003522093293054617
AT4G30910,0,0.00034602076124567473,0.0,0.00021200776019894191,0.19627127044926085,0.0,0.00013463025071445007,0.0002110267411147741
AT4G31180,0,0.00034602076124567473,0.0,0.00021200776019894191,0.19627127044926085,0.0,0.00013463025071445007,0.0002110267411147741
AT4G33030,0,0.0006920415224913495,0.0006428781015804105,0.00021255903856358963,0.19640769626282614,0.000636221598742763,0.00024518806565051543,0.00024307797453817332
AT4G39730,0,0.00034602076124567473,0.0,0.00021200776019894191,0.19627127044926085,0.0,0.00013463025071445007,0.0002110267411147741
AT4G39980,0,0.00034602076124567473,0.0,0.00021200776019894191,0.19627127044926085,0.0,0.00013463025071445007,0.0002110267411147741
AT5G04140,0,0.0006920415224913495,0.0006226238544425224,0.00021251828919759773,0.19665069990806316,0.0005958348303752135,0.00023683015018457384,0.00025187147711033293
AT5G06290,0,0.00034602076124567473,0.0,0.00021200776019894191,0.19627127044926085,0.0,0.00013463025071445007,0.00021102674111477416
AT5G11520,0,0.00034602076124567473,0.0,0.00021200776019894191,0.19627127044926085,0.0,0.00013463025071445007,0.00021102674111477416
AT5G19220,0,0.00034602076124567473,0.0,0.00021200776019894191,0.19627127044926085,0.0,0.00013463025071445007,0.00021102674111477419
AT5G35790,0,0.0006920415224913495,6.548063826621201e-05,0.00021999734916255712,0.1963318807389078,8.385809464978021e-05,0.00023086537949479203,0.00025862215397259684
AT5G46290,0,0.00034602076124567473,0.0,0.00021200776019894191,0.19627127044926085,0.0,0.00013463025071445007,0.00021102674111477427
AT5G49910,0,0.0006920415224913495,0.0007963701930158124,0.00023974663257760447,0.20643614345410122,0.0008908519161030916,0.00019777752905208548,0.00029530614801599785
AT5G51820,0,0.00034602076124567473,0.0,0.00021200776019894191,0.19627127044926085,0.0,0.00013463025071445007,0.00021102674111477427
AT5G56500,0,0.00034602076124567473,0.0,0.00021200776019894191,0.19627127044926085,0.0,0.00013463025071445007,0.00021102674111477432
AT5G62790,0,0.0006920415224913495,0.0006686317736840906,0.000931068037109729,0.214697074817313,0.0007248412920031659,0.00021766639162213008,0.0003008081502180416
AT5G65220,0,0.00034602076124567473,0.0,0.00021200776019894191,0.19627127044926085,0.0,0.00013463025071445007,0.00021102674111477427
AT5G66190,0,0.0017301038062283738,0.0006729841042412305,0.0007448968701934246,0.2201616181465737,0.0006789151710425984,0.00037866435026660784,0.0003907836620544709
AT3G12110,0,0.0006920415224913495,1.7248483482779374e-05,0.0002105229160504234,0.19515669182803105,1.681810281695779e-05,0.00017193037343597473,0.00027631235266485296
AT5G22220,0,0.001384083044982699,2.0192597437361287e-05,0.00222324502490869,0.21022458884112366,2.0534107002419597e-05,0.00017811951797675366,0.00037146930233242643
AT5G58230,0,0.001038062283737024,0.00031106446826300796,0.0008990134589906047,0.20687276101936652,0.00033121005203387815,0.00019094170835067873,0.00033841967855003855
AT4G21560,0,0.002422145328719723,0.0020111436722926096,0.005022004780840154,0.22659599493995122,0.0019893990106299064,0.0004248103168111517,0.0003997758866574512
AT4G32760,0,0.002422145328719723,0.0002040937782373552,0.0004692273093258868,0.20231398975426196,0.00024221936971004698,0.00037477756230932114,0.00036109327487400197
AT3G12480,0,0.001038062283737024,4.306204969766566e-06,0.0029658080405983757,0.19964569408157268,9.870866889710793e-06,0.00016942522753941316,0.0003339457622313955
AT5G08190,0,0.001384083044982699,1.3910421803578575e-05,0.003693365023724897,0.2027979945144396,2.8595690090671063e-05,0.00021074958445820033,0.00036240723993091414
AT3G13200,0,0.00034602076124567473,0.0,0.0021435031267651103,0.21127248078516847,0.0,9.793818913822355e-05,0.00021254020920600982
AT3G13460,0,0.00034602076124567473,0.0,0.00010366980306709581,0.17729272526569106,0.0,9.693626934054422e-05,0.00019758032105984293
AT3G13810,0,0.0006920415224913495,0.0,0.0010696256382746953,0.21413664964727794,0.0,0.00021537033369084605,0.0002999259630724557
AT3G13860,0,0.0006920415224913495,3.7216515901331526e-05,0.0008467018159507851,0.19758269374648998,6.320528669349696e-05,0.00018974513523076174,0.00025800360188908976
AT3G14100,0,0.00034602076124567473,0.0,0.012528402596786314,0.2315054029322779,0.0,9.311423389815507e-05,0.0002149782014227438
AT3G14120,0,0.00034602076124567473,0.0,0.002379927171017042,0.2055185753362755,0.0,9.944263584576741e-05,0.000206074791581618
AT3G14240,0,0.00034602076124567473,0.0,0.0007190602769107869,0.20525317604609142,0.0,0.00013492130175167866,0.00021116138453827855
AT3G14290,0,0.00034602076124567473,0.0,0.00045769214516565336,0.20748036642009243,0.0,0.00011723926255745028,0.000209420493723426
AT3G14580,0,0.0006920415224913495,0.0,0.0010696256382746953,0.21413664964727794,0.0,0.00021537033369084605,0.0002999259630724556
AT3G14940,0,0.00034602076124567473,0.0,0.00022391481272412338,0.18820950645434228,0.0,0.0001227946504496288,0.0002013440785233133
AT4G10840,0,0.001384083044982699,0.0009119925647781442,0.002917099182799702,0.22635396984522232,0.0010388077618963365,0.00028136583604665617,0.00036143769347666427
AT5G13270,0,0.00034602076124567473,0.0,4.8856001007940735e-05,0.16749567616486022,0.0,9.854599609622554e-05,0.0001919830099159216
AT3G44750,0,0.00034602076124567473,0.0,0.0035848587061634196,0.20143262187810476,0.0,9.025430049662168e-05,0.00020735967441827213
AT3G61530,0,0.00034602076124567473,0.0,0.00022729774666436494,0.17526442806416767,0.0,0.00012175758563737805,0.00017541332183861261
AT5G09830,0,0.0006920415224913495,3.299276770698967e-05,0.0002370827904487393,0.17634608218646924,6.256032347930798e-05,0.00019559127450887115,0.000255335681648589
AT5G42220,0,0.0006920415224913495,5.395662700297708e-05,0.0002544522894683662,0.1847770726739136,7.306025417307901e-05,0.0001832699103039181,0.0002641285625451583
AT5G15880,0,0.00034602076124567473,0.0,6.424437166933104e-05,0.1844286642404143,0.0,0.00012027359483238406,0.00018658193074364308
AT4G18770,0,0.0006920415224913495,1.6997685715766772e-07,0.005416182449719481,0.20317063603188246,2.671457908469765e-07,0.00011916433274952605,0.0002983282437661675
AT3G15950,0,0.00034602076124567473,0.0,2.343735112415031e-42,0.0009582113388341764,0.0,0.00019647204562019523,0.0
AT3G16090,0,0.0006920415224913495,0.0006491632142442219,0.0020006253549682035,0.19802887799494415,0.0006491632142442219,0.00022498187426062913,0.0002097098669914353
AT4G29960,0,0.00034602076124567473,0.0,9.021743728141597e-05,0.16352153107067083,0.0,0.00014749702429645576,0.00013371678236526616
AT3G16460,0,0.00034602076124567473,0.0,0.0007190602769107869,0.20525317604609142,0.0,0.00013492130175167866,0.00021116138453827868
AT5G55180,0,0.001038062283737024,0.000401813794820768,0.0019012273394429806,0.220830744287172,0.00047433859037278634,0.00026596164796318067,0.0003465394048483462
AT5G44800,0,0.00034602076124567473,0.0,0.002878611220301686,0.20065384655286986,0.0,8.7055843319946e-05,0.00021032440873536385
AT3G16950,0,0.00034602076124567473,0.0,2.178011569079363e-05,0.17160988266489458,0.0,0.00011765839553092547,0.0001809433214504415
AT3G17020,0,0.00034602076124567473,0.0,0.0007094716853693003,0.18769553850550394,0.0,8.405881548621596e-05,0.0002114297846650975
AT3G61260,0,0.0006920415224913495,2.9578581318111314e-06,1.6832311953956066e-05,0.16282008138876194,5.3970494725617955e-06,0.000155153315272287,0.0002770274685860857
AT3G17280,0,0.0006920415224913495,0.0,0.0010696256382746953,0.21413664964727794,0.0,0.00021537033369084605,0.00029992596307245597
AT3G17440,0,0.001038062283737024,5.0241076851582094e-05,0.0001614354698186739,0.19719966278001497,5.823908414105045e-05,0.00020026723515897022,0.0003361478968024673
AT3G17970,0,0.0017301038062283738,0.00033657620264602344,0.0008135436687988262,0.20958355457483707,0.0003611472014991164,0.0003387210654364494,0.00038192451569406705
AT5G56000,0,0.001038062283737024,1.4165118174461855e-05,0.00012673598200154892,0.17935586791812347,1.688446267409426e-05,0.00023451264360714472,0.0003231720875038408
AT3G18000,0,0.00034602076124567473,0.0,0.0007190602769107869,0.20525317604609142,0.0,0.00013492130175167866,0.00021116138453827846
AT3G18040,0,0.0006920415224913495,0.0,3.518397515288328e-55,0.0,0.0,0.0003459010722933241,0.0
AT3G53990,0,0.002422145328719723,0.0007076397401783509,0.0013025890635846946,0.22459479388952333,0.0007692470685175086,0.0004277086374444584,0.0003944726881104122
AT3G56410,0,0.0006920415224913495,0.0002338917569129538,0.0014044164083622409,0.22134971287414681,0.00024678856101890316,0.00019482048582744496,0.00029873018961435973
AT5G06110,0,0.001038062283737024,0.0006178919191225257,0.007784788365527406,0.24735792736222867,0.0006902550767295034,0.0002224405703357645,0.00035095394492422723
AT5G09650,0,0.00034602076124567473,0.0,0.0006853561314514539,0.20596799637248506,0.0,0.00011178434491976492,0.00020715389421228437
AT5G65780,0,0.00034602076124567473,0.0,0.0006853561314514539,0.20596799637248506,0.0,0.00011178434491976492,0.00020715389421228437
AT3G18190,0,0.00034602076124567473,0.0,2.466026013809013e-08,0.11782823755784984,0.0,0.0001947355351273532,8.683611573069694e-05
AT3G18700,0,0.00034602076124567473,0.0,0.0007190602769107869,0.20525317604609142,0.0,0.00013492130175167866,0.0002111613845382786
AT3G46520,0,0.001038062283737024,0.0002500799248712003,0.00021938662596709206,0.19575758996313392,0.00027573810671705043,0.00024982234398999753,0.0003050782060624163
AT3G18990,0,0.00034602076124567473,0.0,0.0019473980770921785,0.2242976584239789,0.0,0.00012251259086955345,0.00021377721298793803
AT3G19140,0,0.00034602076124567473,0.0,0.00035056536136390825,0.20393639544595613,0.0,0.00013233419278316601,0.00021191811470673653
AT3G19210,0,0.00034602076124567473,0.0,2.2695341833708213e-06,0.12749858875017914,0.0,0.0001372085974071364,0.00013539461697372455
AT3G19370,0,0.00034602076124567473,0.0,0.00059488821655206,0.2143532409989104,0.0,0.00011331500178369032,0.00021076847738930177
AT3G47430,0,0.00034602076124567473,0.0,1.7541983354812776e-44,0.0006228373702422146,0.0,0.00021121133189071155,0.0
AT3G19820,0,0.001038062283737024,0.0006575028341154998,3.472774968444792e-05,0.17979969253471953,0.0006593499582872723,0.0002671204546239949,0.00028228841792636946
AT3G54130,0,0.00034602076124567473,0.0,1.566299117369135e-06,0.15088921628165855,0.0,0.00012755447543892195,0.0001599366345697886
AT3G19950,0,0.00034602076124567473,0.0,9.706074586473118e-05,0.18784804632967003,0.0,0.000117039839304136,0.0001914161687694629
AT3G20000,0,0.0006920415224913495,0.0003395129053056254,0.0007601047582901042,0.20856941287714859,0.0003838574312589782,0.00020005533405574857,0.00028833590808214265
AT3G20250,0,0.00034602076124567473,0.0,0.0019155281395781102,0.20977372360068242,0.0,0.00010142634377504267,0.000210846063318025
AT5G01810,0,0.002076124567474048,0.00011804356790624449,0.0032799809053522164,0.2144617010635076,0.0001374278281898352,0.0002885852800928713,0.00041433824799698584
AT4G15545,0,0.0006920415224913495,9.200810933816105e-05,0.01281667350380803,0.23311823734632622,0.00010632601633310499,0.0001483353074427383,0.0002948737591679003
AT3G20600,0,0.00034602076124567473,0.0,1.0711106452651788e-05,0.1700720157300256,0.0,0.00012579824447518154,0.00018052021259303377
AT3G20860,0,0.00034602076124567473,0.0,0.0002650087212277818,0.18623850979209616,0.0,0.00010741893284965141,0.00017657053477787365
AT3G54320,0,0.001384083044982699,3.863165090317288e-05,0.0024710959113517874,0.20722676427730383,5.606995344257299e-05,0.0002052885138176196,0.0002867698027714503
AT5G40160,0,0.00034602076124567473,0.0,0.0025034618520898434,0.20610153587900745,0.0,9.124196836924683e-05,0.00020901908323287481
AT5G10720,0,0.00034602076124567473,0.0,0.00038172811784238934,0.18896469395237575,0.0,0.00010394290360185739,0.0002007825240753397
AT3G23000,0,0.0017301038062283738,0.0004325357291445615,0.0011640066630963647,0.21838444407136734,0.00048701006672042185,0.00028185356186714443,0.0003967251838328575
AT3G49470,0,0.00034602076124567473,0.0,0.00045769214516565336,0.20748036642009243,0.0,0.00011723926255745028,0.00020942049372342647
AT3G51895,0,0.00034602076124567473,0.0,0.00045769214516565336,0.20748036642009243,0.0,0.00011723926255745028,0.00020942049372342652
AT5G02050,0,0.0006920415224913495,0.0007418609186685758,0.0017072707448612403,0.2233913256510078,0.000863429952952783,0.00017417827986112024,0.00029994496014055177
AT5G07530,0,0.0006920415224913495,0.0007294686365285686,0.002405090222257832,0.23423476570056856,0.0008747525119808494,0.0001878666925830051,0.0003014352748117305
AT5G15960,0,0.00034602076124567473,0.0,0.00045769214516565336,0.20748036642009243,0.0,0.00011723926255745028,0.00020942049372342663
AT5G19510,0,0.00034602076124567473,0.0,0.00045769214516565336,0.20748036642009243,0.0,0.00011723926255745028,0.00020942049372342668
AT5G51280,0,0.0006920415224913495,0.0004176829556690792,0.0005954121324364993,0.2129531779610679,0.0005077699856213281,0.00019173092338957683,0.00029508818593091616
AT5G54270,0,0.0006920415224913495,0.00012329881126041267,0.0008415394860398209,0.22547095054624283,0.0001450038501777548,0.00017448069306487033,0.00029939322871996887
AT3G21830,0,0.00034602076124567473,0.0,0.0008165882120614088,0.1874188850476139,0.0,9.01000750264452e-05,0.0002063199413319617
AT3G21840,0,0.00034602076124567473,0.0,0.0008165882120614088,0.1874188850476139,0.0,9.01000750264452e-05,0.00020631994133196165
AT3G22320,0,0.00034602076124567473,0.0,0.0008734680269844214,0.194262229868694,0.0,0.00010027346617598316,0.00020256993885919554
AT3G22370,0,0.00034602076124567473,0.0,0.0002609294900585597,0.1799778380191842,0.0,0.00012842453500854233,0.00016573314246801766
AT3G22660,0,0.00034602076124567473,0.0,0.001249578599695587,0.20318686890468782,0.0,0.00010882417814766857,0.0002109153417204457
AT3G22680,0,0.001038062283737024,0.0,1.1539046880779321e-05,0.1594211917760201,0.0,0.00022433708193242964,0.00017306760619161668
AT3G56130,0,0.0006920415224913495,1.190627808629142e-05,0.00019635594601808386,0.19695530136393066,2.4793469179599737e-05,0.0002011026282714866,0.0002564120731610545
AT3G22970,0,0.00034602076124567473,0.0,3.5260871189168655e-05,0.16152736605761386,0.0,0.0001468203817969,0.00015964869229143086
AT4G10480,0,0.00034602076124567473,0.0,2.7738872378662555e-05,0.18071964548117345,0.0,0.00011503243918163407,0.00020082956535377624
AT5G42020,0,0.001038062283737024,0.0010810833648011624,0.001979162659442933,0.22933419165038083,0.0010550027583548485,0.0003025347874070321,0.00029671941304802604
AT5G66140,0,0.0006920415224913495,0.00043192015055694275,0.001975136949470841,0.22929283664332098,0.00040583954411062577,0.00018565986920718886,0.00029663139675408905
AT3G23325,0,0.00034602076124567473,0.0,0.012528402596786314,0.2315054029322779,0.0,9.311423389815507e-05,0.00021497820142274448
AT3G23660,0,0.00034602076124567473,0.0,0.0019965570445769462,0.19799804198155346,0.0,9.963761584560266e-05,0.00020962194741001538
AT4G33520,0,0.0006920415224913495,3.015798043981444e-05,0.0021793821158216683,0.21036370677566985,3.432922250496702e-05,0.00013751243956779875,0.0002938901624432782
AT3G24300,0,0.00034602076124567473,0.0,2.7514070541557382e-05,0.17596781422717084,0.0,0.00010598472668235884,0.0001857191407547246
AT3G24430,0,0.00034602076124567473,0.0,0.0019473980770921785,0.2242976584239789,0.0,0.00012251259086955345,0.00021377721298793757
AT5G57380,0,0.00034602076124567473,0.0,0.00026602309197270706,0.17149415680160987,0.0,0.00014099415102144922,0.00013530676893354042
AT3G24550,0,0.0006920415224913495,0.0,3.518397515288328e-55,0.0,0.0,0.0003459010722933241,0.0
AT5G20910,0,0.00034602076124567473,0.0,0.0008734680269844214,0.194262229868694,0.0,0.00010027346617598316,0.00020256993885919527
AT4G38740,0,0.00034602076124567473,0.0,1.0711106452651788e-05,0.1700720157300256,0.0,0.00012579824447518154,0.0001805202125930336
AT3G25230,0,0.0006920415224913495,0.000649163214244222,0.00010944988750263959,0.17900238271352661,0.0006491632142442219,0.00024099872868282282,0.00019620508881051392
AT5G48570,0,0.00034602076124567473,0.0,4.935839472061821e-06,0.1503272951002585,0.0,0.0001540995871303749,0.00012809497036252393
AT3G25800,0,0.0006920415224913495,7.73954220365371e-05,0.0004966199418404755,0.20833020817654402,0.00010742580812796607,0.0001918735834457603,0.00027484698728693117
AT3G26560,0,0.00034602076124567473,0.0,6.42466924255474e-05,0.1789645919219615,0.0,0.00011702111135855037,0.00020064517866297675
AT3G26910,0,0.00034602076124567473,0.0,9.492975897213868e-05,0.16999243657828025,0.0,0.0001234903251637064,0.0001739933141806379
AT4G03080,0,0.00034602076124567473,0.0,3.3017241271396038e-06,0.14988429605770454,0.0,0.00013860704695487473,0.00015258234054792047
AT3G27240,0,0.00034602076124567473,0.0,0.0007190602769107869,0.20525317604609142,0.0,0.00013492130175167866,0.00021116138453827887
AT3G27850,0,0.00034602076124567473,0.0,0.0002669634698395672,0.1895703951704117,0.0,0.00011981253084557875,0.00019368426202678965
AT3G53460,0,0.00034602076124567473,0.0,0.0005895307656618922,0.19219217436601213,0.0,0.00012179529224794374,0.00019473557261818878
AT4G03280,0,0.00034602076124567473,0.0,0.0005895307656618922,0.19219217436601213,0.0,0.00012179529224794374,0.00019473557261818878
AT4G20390,0,0.001038062283737024,3.7438990760792834e-05,0.0003093141260945286,0.20299224546703967,3.2646368610946e-05,0.00019039519784447694,0.00034161979652217085
AT5G12860,0,0.001384083044982699,0.001287631797452355,0.0009749800001040695,0.22029511878127797,0.0014696158928610063,0.0002799525615572033,0.0003789026391265491
AT3G28300,0,0.00034602076124567473,0.0,2.343735112415031e-42,0.0009582113388341764,0.0,0.00019647204562019523,0.0
AT3G28710,0,0.00034602076124567473,0.0,0.004249982663040265,0.21656193913063723,0.0,9.657544279583855e-05,0.00021364387124859507
AT3G28715,0,0.0017301038062283738,0.00012166878031058644,0.033913694757910465,0.24907804615191703,0.00010282662498547331,0.000247761985835532,0.0004043789123354338
AT4G00238,0,0.0006920415224913495,7.087503303308615e-06,0.0015143166754604733,0.19523160227322836,9.147887234714106e-06,0.0001548854723307097,0.0002803602351312122
AT4G25210,0,0.00034602076124567473,0.0,0.00047256781553621974,0.18039915238781817,0.0,0.00010345036026612368,0.00019339501649827108
AT3G29320,0,0.00034602076124567473,0.0,0.0007190602769107869,0.20525317604609142,0.0,0.00013492130175167866,0.00021116138453827887
AT5G47120,0,0.0006920415224913495,4.808311464960716e-05,0.0010039826604099416,0.20487286322493134,5.785263980376623e-05,0.00013552649978076722,0.00029126174307451345
AT3G44600,0,0.00034602076124567473,0.0,0.0002827562118144758,0.1891474043295703,0.0,0.00010699971359854909,0.00020051428857656203
AT3G44730,0,0.00034602076124567473,0.0,0.00016723886217866882,0.1940843204770719,0.0,0.00012905135942376265,0.0001847823826616559
AT3G44880,0,0.0006920415224913495,0.0,5.014959979556212e-35,0.0012456747404844292,0.0,0.000212329605937696,0.0
AT3G45080,0,0.00034602076124567473,0.0,0.00035056536136390825,0.20393639544595613,0.0,0.00013233419278316601,0.00021191811470673628
AT4G18040,0,0.001384083044982699,0.0009255819798200605,0.006204995070617196,0.23520966067435004,0.0009790479174285906,0.00028544316453570486,0.00036368681991682
AT3G45620,0,0.00034602076124567473,0.0,0.00031277625165608965,0.1947979204298026,0.0,0.00011017970758783987,0.00020739662570963953
AT4G11890,0,0.001038062283737024,0.00047326557366495284,0.009130939637761546,0.2295204739360174,0.0004751295151003208,0.00019485654732856748,0.0003311320077997587
AT5G11510,0,0.00034602076124567473,0.0,0.005152034156983774,0.22296044636253487,0.0,9.191395623444342e-05,0.0002140210153621932
AT3G45860,0,0.00034602076124567473,0.0,7.195725798156932e-05,0.17926736579804545,0.0,9.671416745888299e-05,0.00020912611720664079
AT3G46010,0,0.0006920415224913495,1.6958071025876962e-05,0.0014031554923157451,0.2079554216379976,1.4358886552222235e-05,0.000142091770700802,0.0002959297429984181
AT3G46510,0,0.0006920415224913495,0.0,0.0001700572377532153,0.18832100497712329,0.0,0.00013730242546020576,0.00029675318621007435
AT5G66750,0,0.0006920415224913495,7.684527577077998e-06,0.0014181786329755584,0.19654431186421462,1.1050057879463493e-05,0.00015513304500237277,0.00027594622427470526
AT3G46740,0,0.0006920415224913495,0.00022805483652033894,0.0007486127312379306,0.20817672324910552,0.0002769241846860886,0.00019995762359234026,0.0002921217032625937
AT3G46780,0,0.00034602076124567473,0.0,0.0019473980770921785,0.2242976584239789,0.0,0.00012251259086955345,0.0002137772129879374
AT3G46830,0,0.00034602076124567473,0.0,6.0050434903812286e-05,0.18481735837289776,0.0,9.301710160316897e-05,0.00020689386889329833
AT3G46900,0,0.0006920415224913495,0.0,3.518397515288328e-55,0.0,0.0,0.0003459010722933241,0.0
AT4G09980,0,0.00034602076124567473,0.0,0.012528402596786314,0.2315054029322779,0.0,9.311423389815507e-05,0.00021497820142274526
AT4G12460,0,0.00034602076124567473,0.0,0.012528402596786314,0.2315054029322779,0.0,9.311423389815507e-05,0.0002149782014227454
AT4G34740,0,0.0006920415224913495,9.500533496117146e-05,0.013235609489215844,0.23645623907122945,7.226936483516206e-05,0.00014432092655941928,0.0003018074855587844
AT4G36690,0,0.002076124567474048,0.0018465043408890987,0.025575783633610627,0.24305522806184393,0.0018056377068256875,0.0003475551152140354,0.00040684083090500615
AT5G03850,0,0.00034602076124567473,0.0,0.012528402596786314,0.2315054029322779,0.0,9.311423389815507e-05,0.00021497820142274535
AT5G42470,0,0.00034602076124567473,0.0,0.012528402596786314,0.2315054029322779,0.0,9.311423389815507e-05,0.0002149782014227454
AT5G63370,0,0.0006920415224913495,0.0007949162352548338,0.012800870432505926,0.24032194776139415,0.0008650636882430159,0.00016805594198813232,0.00030120616047202677
AT3G48080,0,0.0006920415224913495,1.197718107461664e-07,6.34459653448381e-05,0.15471721428551882,1.197718107461664e-07,0.00024054882240088027,0.00018294901606793118
AT3G52430,0,0.0006920415224913495,0.0003244618353113648,0.0007034738798151083,0.18523467486423428,0.0003244618353113648,0.00022167858610226866,0.00020881169888433527
AT5G14930,0,0.0006920415224913495,0.0003244618353113648,0.0007034738798151083,0.18523467486423428,0.0003244618353113648,0.00022167858610226866,0.00020881169888433521
AT4G16890,0,0.00034602076124567473,0.0,0.0007006128060630469,0.18520769435664355,0.0,0.00011952937371939003,0.00018288209986747674
AT5G45250,0,0.00034602076124567473,0.0,0.0007006128060630469,0.18520769435664355,0.0,0.00011952937371939003,0.0001828820998674766
AT3G52050,0,0.00034602076124567473,0.0,0.0007072068924295301,0.19665069990806316,0.0,0.00010309185350526284,0.0002093350330971001
AT4G00380,0,0.00034602076124567473,0.0,6.363999112536715e-45,0.00046136101499423294,0.0,0.00019475457094139857,0.0
AT4G04910,0,0.0006920415224913495,0.0006431602186963329,0.0008763527470184643,0.20819376596079187,0.000726545161046764,0.00013853372026346626,0.0002993542823886856
AT5G40460,0,0.00034602076124567473,0.0,0.0007094716853693003,0.18769553850550394,0.0,8.405881548621596e-05,0.00021142978466509666
AT3G48870,0,0.00034602076124567473,0.0,1.7910668062191667e-49,0.00034602076124567473,0.0,0.00024273758561926142,0.0
AT4G25370,0,0.001038062283737024,0.0,2.8980069685843334e-49,0.00034602076124567473,0.0,0.0004490645589673868,0.0
AT4G22690,0,0.00034602076124567473,0.0,5.1356949847965914e-05,0.18615671262799743,0.0,0.00010169265316545604,0.00020758086541585108
AT3G49010,0,0.00034602076124567473,0.0,0.00035056536136390825,0.20393639544595613,0.0,0.00013233419278316601,0.000211918114706736
AT3G49240,0,0.00034602076124567473,0.0,1.6450604094697203e-48,0.0006228373702422146,0.0,0.0002351180543426771,0.0
AT3G49500,0,0.00034602076124567473,0.0,3.518397515288328e-55,0.00034602076124567473,0.0,0.0003459010722933241,0.0
AT5G23570,0,0.00034602076124567473,0.0,3.518397515288328e-55,0.00034602076124567473,0.0,0.0003459010722933241,0.0
AT3G49750,0,0.00034602076124567473,0.0,9.809997977164599e-05,0.1846295085821891,0.0,9.247341884532139e-05,0.00020874371412619002
AT5G64930,0,0.0006920415224913495,2.9261425079980516e-05,0.00039812596791476856,0.173613247625005,3.702182706008586e-05,0.0001454548972932654,0.00026082581433058816
AT3G50930,0,0.00034602076124567473,0.0,0.0019473980770921785,0.2242976584239789,0.0,0.00012251259086955345,0.00021377721298793752
AT3G50950,0,0.001038062283737024,3.200317825404361e-05,0.0012170545876594063,0.19602920305334717,4.451106285021432e-05,0.00024214334377861704,0.00029832314609979385
AT5G26710,0,0.001038062283737024,0.00012802236096046187,0.0006570572575374788,0.1997554670655151,0.00015435285526596115,0.00024798254516959165,0.00030662826012484975
AT3G51130,0,0.00034602076124567473,0.0,0.004249982663040265,0.21656193913063723,0.0,9.657544279583855e-05,0.00021364387124859588
AT3G51800,0,0.00034602076124567473,0.0,0.001249578599695587,0.20318686890468782,0.0,0.00010882417814766857,0.00021091534172044518
AT3G51820,0,0.0006920415224913495,0.0006491632142442219,0.0007205254919007274,0.20528631346553702,0.0006491632142442219,0.00027974537802093647,0.0002112506004768419
AT5G37770,0,0.00034602076124567473,0.0,3.2491953788391126e-05,0.16843865751828538,0.0,0.00017257039634017456,0.00013434153331197074
AT3G52120,0,0.00034602076124567473,0.0,0.0021435031267651103,0.21127248078516847,0.0,9.793818913822355e-05,0.00021254020920601142
AT3G52200,0,0.00034602076124567473,0.0,0.0019473980770921785,0.2242976584239789,0.0,0.00012251259086955345,0.00021377721298793757
AT3G52420,0,0.00034602076124567473,0.0,2.9552454327143616e-05,0.1798378368722914,0.0,0.00011692148268466021,0.00019530067436658702
AT4G24560,0,0.001038062283737024,0.00020758199316617658,3.852476815093591e-05,0.1752765077683557,0.0002579951341487063,0.00031096569359218766,0.0002751233685177836
AT5G43990,0,0.001384083044982699,6.5645799756432e-05,2.2586025484840773e-05,0.17282275577377323,9.076517184639615e-05,0.0002905205118029342,0.00025361297097561427
AT3G52890,0,0.001384083044982699,4.790872429846656e-07,1.509273675343732e-45,0.0007785467128027682,4.790872429846656e-07,0.0005563600741039443,0.0
AT5G38560,0,0.00034602076124567473,0.0,7.203159489728415e-46,0.0005190311418685121,0.0,0.00020952989684018682,0.0
AT3G53150,0,0.00034602076124567473,0.0,0.00035056536136390825,0.20393639544595613,0.0,0.00013233419278316601,0.00021191811470673598
AT3G53390,0,0.00034602076124567473,0.0,0.0006593539498495004,0.19651393641998863,0.0,0.00011459812106423722,0.00020280066627897207
AT4G11850,0,0.00034602076124567473,0.0,1.4214223606835e-05,0.17036824889201266,0.0,0.00010468976745349167,0.00019894985251517173
AT3G53620,0,0.00034602076124567473,0.0,0.0002724678357196129,0.20352835944066208,0.0,0.00012682686893397587,0.0002077496317887993
AT3G54110,0,0.00034602076124567473,0.0,0.0007190602769107869,0.20525317604609142,0.0,0.00013492130175167866,0.0002111613845382796
AT3G56190,0,0.00034602076124567473,0.0,0.00013771998727084595,0.1837490499429966,0.0,0.00012637682167612515,0.00020215563207038543
AT4G10760,0,0.00034602076124567473,0.0,0.00013771998727084595,0.1837490499429966,0.0,0.00012637682167612515,0.00020215563207038543
AT5G19140,0,0.00034602076124567473,0.0,0.00013771998727084595,0.1837490499429966,0.0,0.00012637682167612515,0.00020215563207038546
AT5G56670,0,0.00034602076124567473,0.0,0.00013771998727084595,0.1837490499429966,0.0,0.00012637682167612515,0.00020215563207038538
AT5G60980,0,0.00034602076124567473,0.0,0.00013771998727084595,0.1837490499429966,0.0,0.00012637682167612515,0.00020215563207038532
AT3G62310,0,0.00034602076124567473,0.0,9.492975897213868e-05,0.16999243657828025,0.0,0.0001234903251637064,0.0001739933141806372
AT3G54300,0,0.001038062283737024,0.00012129055319832783,0.00011813791043395332,0.19006628185434027,0.0001380174967359351,0.00019643782471458708,0.0003359005752980795
AT4G39100,0,0.0006920415224913495,7.887853726585389e-05,0.00263506630758946,0.22706132600098863,9.340641490897621e-05,0.00016605874629898524,0.00029397598203382305
AT3G54360,0,0.00034602076124567473,0.0,0.0001825830667568401,0.18432172582525713,0.0,0.00011215806050316012,0.00018434681689300075
AT3G54400,0,0.00034602076124567473,0.0,0.00035056536136390825,0.20393639544595613,0.0,0.00013233419278316601,0.0002119181147067355
AT3G54590,0,0.00034602076124567473,0.0,0.00035056536136390825,0.20393639544595613,0.0,0.00013233419278316601,0.0002119181147067355
AT4G32070,0,0.00034602076124567473,0.0,6.42466924255474e-05,0.1789645919219615,0.0,0.00011702111135855037,0.00020064517866297556
AT4G40030,0,0.0017301038062283738,0.0025178279333880563,0.0007617514938006634,0.21623049495885324,0.0027290573705812883,0.00039522994968965697,0.0003822194544568225
AT3G54660,0,0.00034602076124567473,0.0,4.104448137931712e-05,0.17043675700094316,0.0,0.00011701919314806854,0.00018879293804497223
AT3G56090,0,0.0006920415224913495,1.1272316936978687e-05,0.00066136396231822,0.2026525501004919,1.1100059007742644e-05,0.0001453974732966895,0.00029456122060030765
AT3G56490,0,0.00034602076124567473,0.0,0.0002926839707511849,0.16545783026747385,0.0,8.093686516543505e-05,0.00020591105851773195
AT5G63870,0,0.0017301038062283738,0.0010179461530962482,0.0014795833171718663,0.21195923080605708,0.0010493030979703678,0.0003513592215166091,0.00035846052742562055
AT3G56860,0,0.001384083044982699,0.00010389874221479966,0.0013096786212241562,0.21038110946484717,0.00012204270726670125,0.00021890373375084177,0.0002951809841963287
AT3G56910,0,0.00034602076124567473,0.0,9.987344590465022e-05,0.1754579033538756,0.0,0.00012020968533628481,0.00019180675588185037
AT3G57560,0,0.001038062283737024,0.0,1.6767917906602937e-05,0.16269508356541953,0.0,0.0002440442521185899,0.0001339273880815207
AT3G62600,0,0.00034602076124567473,0.0,0.0019473980770921785,0.2242976584239789,0.0,0.00012251259086955345,0.0002137772129879372
AT3G63130,0,0.0006920415224913495,0.003256830043329076,0.001951669360115376,0.22545096198679723,0.0032948466984823385,0.0002260587291831751,0.0002652096213441923
AT4G08900,0,0.00034602076124567473,0.0,0.0019473980770921785,0.2242976584239789,0.0,0.00012251259086955345,0.00021377721298793725
AT4G17330,0,0.00034602076124567473,0.0,0.0019473980770921785,0.2242976584239789,0.0,0.00012251259086955345,0.00021377721298793725
AT4G24280,0,0.00034602076124567473,0.0,0.0019473980770921785,0.2242976584239789,0.0,0.00012251259086955345,0.0002137772129879372
AT4G29060,0,0.00034602076124567473,0.0,0.0019473980770921785,0.2242976584239789,0.0,0.00012251259086955345,0.00021377721298793714
AT4G35730,0,0.00034602076124567473,0.0,0.0019473980770921785,0.2242976584239789,0.0,0.00012251259086955345,0.00021377721298793714
AT4G38710,0,0.00034602076124567473,0.0,0.0019473980770921785,0.2242976584239789,0.0,0.00012251259086955345,0.00021377721298793714
AT5G05010,0,0.00034602076124567473,0.0,0.0019473980770921785,0.2242976584239789,0.0,0.00012251259086955345,0.0002137772129879371
AT5G05270,0,0.00034602076124567473,0.0,0.0019473980770921785,0.2242976584239789,0.0,0.00012251259086955345,0.00021377721298793706
AT5G10200,0,0.00034602076124567473,0.0,0.0019473980770921785,0.2242976584239789,0.0,0.00012251259086955345,0.00021377721298793698
AT5G13930,0,0.0006920415224913495,7.524637541845852e-05,0.004262130898358123,0.2289625327461126,9.054548845769677e-05,0.00015505700506673778,0.00030106991516618936
AT5G24350,0,0.00034602076124567473,0.0,0.0019473980770921785,0.2242976584239789,0.0,0.00012251259086955345,0.00021377721298793687
AT5G26830,0,0.00034602076124567473,0.0,0.0019473980770921785,0.2242976584239789,0.0,0.00012251259086955345,0.00021377721298793687
AT5G45510,0,0.00034602076124567473,0.0,0.0019473980770921785,0.2242976584239789,0.0,0.00012251259086955345,0.00021377721298793687
AT5G47690,0,0.00034602076124567473,0.0,0.0019473980770921785,0.2242976584239789,0.0,0.00012251259086955345,0.0002137772129879368
AT5G50150,0,0.00034602076124567473,0.0,0.0019473980770921785,0.2242976584239789,0.0,0.00012251259086955345,0.00021377721298793673
AT5G51040,0,0.00034602076124567473,0.0,0.0019473980770921785,0.2242976584239789,0.0,0.00012251259086955345,0.0002137772129879367
AT5G55070,0,0.00034602076124567473,0.0,0.0019473980770921785,0.2242976584239789,0.0,0.00012251259086955345,0.00021377721298793657
AT5G58490,0,0.00034602076124567473,0.0,0.0019473980770921785,0.2242976584239789,0.0,0.00012251259086955345,0.00021377721298793657
AT5G60390,0,0.00034602076124567473,0.0,0.0019473980770921785,0.2242976584239789,0.0,0.00012251259086955345,0.00021377721298793643
AT5G60930,0,0.00034602076124567473,0.0,0.0019473980770921785,0.2242976584239789,0.0,0.00012251259086955345,0.00021377721298793643
AT5G62190,0,0.00034602076124567473,0.0,0.0019473980770921785,0.2242976584239789,0.0,0.00012251259086955345,0.00021377721298793635
AT5G67500,0,0.00034602076124567473,0.0,0.0019473980770921785,0.2242976584239789,0.0,0.00012251259086955345,0.00021377721298793633
AT3G59020,0,0.00034602076124567473,0.0,0.001249578599695587,0.20318686890468782,0.0,0.00010882417814766857,0.00021091534172044322
AT5G13450,0,0.00034602076124567473,0.0,4.098059286618977e-05,0.17754027165673505,0.0,0.00011648428965340554,0.0001914241685541211
AT3G59380,0,0.0006920415224913495,0.0006491632142442219,3.29842084328465e-05,0.16236269240956858,0.000649163214244222,0.0002735784116474037,0.0001698268774720722
AT5G40280,0,0.00034602076124567473,0.0,1.4874135138339735e-06,0.13841434992712529,0.0,0.0001682896307694023,0.00011630139088869653
AT3G59600,0,0.00034602076124567473,0.0,0.0017845432024588684,0.18252256163145575,0.0,8.980436464542366e-05,0.00020482916305402586
AT3G59760,0,0.001038062283737024,0.0,7.627467624482185e-08,0.12304465121013512,0.0,0.00027730809842602697,8.782992505285122e-05
AT5G56760,0,0.001384083044982699,0.0006491632142442219,1.6149131794317567e-06,0.14161303325599023,0.0006491632142442219,0.0003792734920120711,0.00011526525756058706
AT5G48870,0,0.00034602076124567473,0.0,1.4772146459166301e-05,0.15531249854715237,0.0,0.0001215426553560039,0.00016765069167498658
AT4G22540,0,0.0006920415224913495,0.0001505464970917952,0.0009841734707593636,0.20739576343264335,0.0001734389323218297,0.00014902100975742381,0.00029744213488005616
AT5G04560,0,0.001038062283737024,0.0004623820775065789,0.0008585168427374066,0.21012037108246492,0.0004752015300339079,0.0002325012942693871,0.000334664245045709
AT5G08080,0,0.00034602076124567473,0.0,8.170212746753787e-05,0.1890911481307958,0.0,0.00010685981843637058,0.00020754178528423957
AT5G46110,0,0.001038062283737024,6.132106301746231e-06,0.00020461172263850106,0.19637736302788208,5.633278139577639e-06,0.0002191180813860061,0.0003323034118230751
AT3G61070,0,0.0006920415224913495,0.0,3.518397515288328e-55,0.0,0.0,0.0003459010722933241,0.0
AT3G61110,0,0.00034602076124567473,0.0,0.0002724678357196129,0.20352835944066208,0.0,0.00012682686893397587,0.0002077496317887978
AT3G61710,0,0.00034602076124567473,0.0,2.29554168082776e-06,0.14821580902267587,0.0,0.0001313983525936496,0.00016206936707089455
AT3G61870,0,0.00034602076124567473,0.0,0.0007190602769107869,0.20525317604609142,0.0,0.00013492130175167866,0.00021116138453827836
AT3G62240,0,0.00034602076124567473,0.0,0.005109546916254858,0.2069906276421189,0.0,8.885810405701185e-05,0.0002123295465276767
AT5G20320,0,0.00034602076124567473,0.0,1.6625481339235213e-06,0.13694598014060702,0.0,0.00014480931301376554,0.00012080633916014482
AT3G62870,0,0.00034602076124567473,0.0,9.987344590465022e-05,0.1754579033538756,0.0,0.00012020968533628481,0.00019180675588184994
AT3G62930,0,0.00034602076124567473,0.0,0.00041670371993256933,0.1808353019420517,0.0,0.00010378923863287264,0.00019376575124273765
AT4G29700,0,0.00034602076124567473,0.0,0.0018584669982445227,0.19654431186421462,0.0,8.812215106827185e-05,0.00020612917120395904
AT4G36800,0,0.0006920415224913495,2.125573504757502e-05,0.001920183078492171,0.1997084067230307,2.7531858564966214e-05,0.00013790185927930657,0.0002898728805187315
AT4G16520,0,0.002076124567474048,0.002744652598415254,0.0004797291660386596,0.19353781211652,0.0028732100611417143,0.0005516430227033111,0.0003385314231135179
AT5G44020,0,0.00034602076124567473,0.0,3.4484263607698086e-05,0.17634608218646924,0.0,0.00011986236273932843,0.00019536513445941886
AT4G00720,0,0.0006920415224913495,0.0,3.518397515288328e-55,0.0,0.0,0.0003459010722933241,0.0
AT4G08480,0,0.00034602076124567473,0.0,0.003957091540771701,0.21359708140526398,0.0,9.026497591320568e-05,0.00021361514535554315
AT5G05130,0,0.00034602076124567473,0.0,0.003957091540771701,0.21359708140526398,0.0,9.026497591320568e-05,0.00021361514535554307
AT4G01700,0,0.00034602076124567473,0.0,0.00012464535916876493,0.18314034647926494,0.0,9.889918290383254e-05,0.00020413049372513867
AT4G02020,0,0.00034602076124567473,0.0,0.0019965570445769462,0.19799804198155346,0.0,9.963761584560266e-05,0.00020962194741001327
AT4G02350,0,0.0006920415224913495,0.0006491632142442219,4.804354375812795e-07,0.14162880659451285,0.0006491632142442219,0.0003406473975548065,0.00011679863254304355
AT5G12370,0,0.00034602076124567473,0.0,2.167668662939857e-08,0.12305655914115324,0.0,0.00019642871373159985,8.871741528686203e-05
AT5G49830,0,0.0006920415224913495,0.0012978473412454592,1.0627033493248097e-05,0.16678166652748377,0.0012978473412454592,0.00028462605526509,0.00017083083705019886
AT4G28750,0,0.00034602076124567473,0.0,0.0003838473408741674,0.21143056627960366,0.0,0.00010912659135141868,0.00021026998830644784
AT4G02680,0,0.00034602076124567473,0.0,1.4859392377935368e-05,0.16899832876203302,0.0,0.00011489789295289565,0.00018994135866599643
AT4G02840,0,0.001038062283737024,0.0007725920553229586,0.00039161288887082325,0.20442820347355892,0.0007887834356247376,0.0003448906392662909,0.00026092157947994195
AT4G20440,0,0.00034602076124567473,0.0,1.765994325450432e-05,0.167860518231754,0.0,0.0001507482326236,0.00015284515528675888
AT4G02980,0,0.00034602076124567473,0.0,3.518397515288328e-55,0.00034602076124567473,0.0,0.0003459010722933241,0.0
AT4G28270,0,0.00034602076124567473,0.0,3.518397515288328e-55,0.00034602076124567473,0.0,0.0003459010722933241,0.0
AT4G03520,0,0.0006920415224913495,2.320952423249114e-05,0.00017715986332483274,0.19578773202025349,5.353424831864709e-05,0.00022813317143958932,0.0002444396155862856
AT4G04320,0,0.00034602076124567473,0.0,3.5260871189168655e-05,0.16152736605761386,0.0,0.0001468203817969,0.00015964869229142975
AT4G04490,0,0.0006920415224913495,8.527890547799981e-05,0.00048372163020506673,0.19853906247256403,0.00010854391932550295,0.00015191437907039645,0.0002779314987827147
AT4G34090,0,0.00034602076124567473,0.0,0.00010577969054697619,0.18495177099716895,0.0,0.00012843248865898236,0.0001794059507921223
AT4G34890,0,0.00034602076124567473,0.0,9.78504378437434e-06,0.161016009320696,0.0,0.00012571884971549169,0.000174854278644259
AT5G18400,0,0.0006920415224913495,0.0012751272981339214,0.0006046732603364344,0.2151875826037462,0.00141270223559929,0.0001871486906551834,0.00027914279452089045
AT4G04980,0,0.00034602076124567473,0.0,0.00035056536136390825,0.20393639544595613,0.0,0.00013233419278316601,0.00021191811470673476
AT4G28450,0,0.00034602076124567473,0.0,0.00031277625165608965,0.1947979204298026,0.0,0.00011017970758783987,0.00020739662570963633
AT4G29830,0,0.00034602076124567473,0.0,0.00031277625165608965,0.1947979204298026,0.0,0.00011017970758783987,0.00020739662570963633
AT4G35050,0,0.00034602076124567473,0.0,0.00031277625165608965,0.1947979204298026,0.0,0.00011017970758783987,0.00020739662570963625
AT5G12920,0,0.00034602076124567473,0.0,0.00031277625165608965,0.1947979204298026,0.0,0.00011017970758783987,0.00020739662570963625
AT5G13480,0,0.001038062283737024,0.00019026157026818207,0.0009689017834580567,0.20188035653021139,0.0003163933079367429,0.00022822832471186604,0.0003233972526899219
AT4G05520,0,0.00034602076124567473,0.0,0.0006593539498495004,0.19651393641998863,0.0,0.00011459812106423722,0.0002028006662789717
AT5G43810,0,0.00034602076124567473,0.0,0.004919896045868002,0.21526044110471246,0.0,9.239737445342861e-05,0.0002124898776115722
AT5G50580,0,0.0006920415224913495,5.018883588416644e-06,0.005831585134084342,0.21704248964846573,5.311900930368629e-06,0.0001367316326548254,0.00029531114592549454
AT5G50680,0,0.0006920415224913495,5.018883588416644e-06,0.005831585134084342,0.21704248964846573,5.311900930368629e-06,0.0001367316326548254,0.00029531114592549465
AT5G59730,0,0.0017301038062283738,0.0007905681680263581,0.012778720126438714,0.2342563422265174,0.0007753818277667508,0.0003229215677362935,0.00038222575055811315
AT5G54590,0,0.00034602076124567473,0.0,0.00042001852925397406,0.19230844307403758,0.0,0.00010560365787017754,0.00019758192162500762
AT4G35640,0,0.00034602076124567473,0.0,0.00022391481272412338,0.18820950645434228,0.0,0.0001227946504496288,0.00020134407852331218
AT4G35650,0,0.001038062283737024,6.342099969455637e-05,0.0007768850155163293,0.20401819905423768,6.317573732769517e-05,0.00022756601258081837,0.0003366161561618881
AT5G16570,0,0.00034602076124567473,0.0,0.00022391481272412338,0.18820950645434228,0.0,0.0001227946504496288,0.00020134407852331218
AT5G17330,0,0.00034602076124567473,0.0,0.00022391481272412338,0.18820950645434228,0.0,0.0001227946504496288,0.00020134407852331223
AT5G27420,0,0.0006920415224913495,3.9334462710552335e-05,0.0007245989617480428,0.2004640431350365,4.644622341401973e-05,0.00017084006898537894,0.00029157511250557476
AT5G43330,0,0.001038062283737024,6.342099969455637e-05,0.0007768850155163293,0.20401819905423768,6.317573732769517e-05,0.00022756601258081837,0.00033661615616188944
AT4G09550,0,0.0006920415224913495,0.0,2.24340590204753e-46,0.0006920415224913495,0.0,0.0003459010722933241,0.0
AT5G05620,0,0.0006920415224913495,0.0,2.24340590204753e-46,0.0006920415224913495,0.0,0.0003459010722933241,0.0
AT5G06680,0,0.0006920415224913495,0.0,2.24340590204753e-46,0.0006920415224913495,0.0,0.0003459010722933241,0.0
AT5G03040,0,0.0006920415224913495,4.668559903127721e-05,0.0020470844333031826,0.21449787881334959,5.7007823358130656e-05,0.000161364728719636,0.00028420631700336015
AT4G10920,0,0.00034602076124567473,0.0,0.0006679832395573219,0.1886003301105809,0.0,0.00010142373744738122,0.0001958713244936823
AT4G10970,0,0.00034602076124567473,0.0,0.001249578599695587,0.20318686890468782,0.0,0.00010882417814766857,0.00021091534172044423
AT4G23630,0,0.001038062283737024,0.0,5.557761349687749e-05,0.17043675700094316,0.0,0.0001860947385381877,0.00019303323462575324
AT4G11260,0,0.0017301038062283738,0.00027074979962768474,0.0022132350067197966,0.2082960808592901,0.0003082678302057423,0.00030071947582681184,0.0003818028331297042
AT5G51700,0,0.0017301038062283738,0.00013050940066721724,0.0010851584222449212,0.20540237874251455,0.00013652424183399346,0.000307966854397809,0.00038448344243433794
AT5G61900,0,0.001038062283737024,0.0001363432732367548,0.00029421826282427586,0.19807515002812312,0.00015839577220659002,0.00018197245444898864,0.00033991044940772893
AT5G46630,0,0.00034602076124567473,0.0,7.557312812201379e-06,0.1478109184080833,0.0,0.00014356443736286416,0.00015688717302739117
AT4G11860,0,0.0006920415224913495,0.0006491632142442218,0.0009960192108521865,0.1983841837281436,0.0006491632142442219,0.0002111340856331389,0.00021146522545382822
AT5G55480,0,0.00034602076124567473,0.0,4.491685448541023e-05,0.16376372279033247,0.0,0.00014160600818860465,0.0001344282982680998
AT4G13250,0,0.001038062283737024,0.0,7.223245701251161e-35,0.001384083044982699,0.0,0.00029174427552233046,0.0
AT4G13520,0,0.00034602076124567473,0.0,0.00021640221968474425,0.18369595862547478,0.0,9.820842624909336e-05,0.00020135149597513935
AT4G27670,0,0.00034602076124567473,0.0,3.021355764934259e-11,0.09630715940358528,0.0,0.0001942008416218716,5.645162858467658e-05
AT4G13760,0,0.00034602076124567473,0.0,0.0007190602769107869,0.20525317604609142,0.0,0.00013492130175167866,0.0002111613845382786
AT4G13830,0,0.00034602076124567473,0.0,3.5260871189168655e-05,0.16152736605761386,0.0,0.0001468203817969,0.0001596486922914294
AT4G13930,0,0.0006920415224913495,0.00034098900841521995,0.0006603144323002009,0.19625612372365125,0.0003598800892179999,0.0001946021787750509,0.0002634489345017799
AT4G14160,0,0.00034602076124567473,0.0,0.0003577722398820589,0.1764929454654086,0.0,0.000106368746521851,0.0001912240366801035
AT5G54640,0,0.00034602076124567473,0.0,0.0027330477339760554,0.19241029365295248,0.0,8.502278544947824e-05,0.00020828188060094245
AT4G14700,0,0.00034602076124567473,0.0,0.00014078819179892942,0.16554399500137174,0.0,0.0001185934481599235,0.00017179607550114423
AT4G14960,0,0.00034602076124567473,0.0,1.2399122593815217e-05,0.1677276646360027,0.0,0.00012919119927085423,0.00017207665402302048
AT4G15770,0,0.0006920415224913495,2.867723544888245e-05,0.006393485789805375,0.2238238735443648,2.012261373163311e-05,0.00014262847109006347,0.0003027216381983037
AT4G26720,0,0.0006920415224913495,1.846105894330203e-05,0.0005345016336324805,0.1937737619027029,3.337124566031085e-05,0.00017364163577590841,0.0002749208827100288
AT5G45900,0,0.00034602076124567473,0.0,2.163362009475555e-05,0.1604471199502254,0.0,0.00013007437596174659,0.0001765556818319692
AT5G61500,0,0.00034602076124567473,0.0,2.163362009475555e-05,0.1604471199502254,0.0,0.00013007437596174659,0.0001765556818319692
AT4G16760,0,0.00034602076124567473,0.0,0.00014005998861633606,0.17834959332429154,0.0,0.00013730626259750327,0.00017939694893077103
AT4G16845,0,0.00034602076124567473,0.0,0.0002827562118144758,0.1891474043295703,0.0,0.00010699971359854909,0.00020051428857656097
AT4G16860,0,0.00034602076124567473,0.0,9.573855298781802e-05,0.17657872873288938,0.0,0.00012823706119083003,0.00016390823537130555
AT4G17370,0,0.00034602076124567473,0.0,0.00035056536136390825,0.20393639544595613,0.0,0.00013233419278316601,0.00021191811470673452
AT4G24400,0,0.001384083044982699,1.0427921170215055e-05,0.0012595517364713926,0.205236611347839,1.0360594634018837e-05,0.00021166563279741146,0.0003753168481089396
AT5G10930,0,0.001384083044982699,8.378941345926811e-06,0.0007598637494930764,0.19958302081392817,7.781864605712966e-06,0.00021610598932521443,0.0003728809507779667
AT4G18800,0,0.00034602076124567473,0.0,3.814857460457786e-06,0.15271043362823952,0.0,0.00014170820219755974,0.00017224563109998443
AT5G47200,0,0.00034602076124567473,0.0,3.814857460457786e-06,0.15271043362823952,0.0,0.00014170820219755974,0.00017224563109998443
AT4G24770,0,0.00034602076124567473,0.0,0.00016884490891106734,0.19378852786794734,0.0,0.00011961379453687434,0.00020771230605618054
AT5G10860,0,0.00034602076124567473,0.0,0.00016884490891106734,0.19378852786794734,0.0,0.00011961379453687434,0.00020771230605618051
AT5G39410,0,0.00034602076124567473,0.0,0.00016884490891106734,0.19378852786794734,0.0,0.00011961379453687434,0.00020771230605618043
AT5G64140,0,0.00034602076124567473,0.0,0.00016884490891106734,0.19378852786794734,0.0,0.00011961379453687434,0.00020771230605618043
AT5G16820,0,0.001038062283737024,0.0,5.2337820528765664e-05,0.16895341823087118,0.0,0.00019525852922795426,0.0001839427923057925
AT5G42950,0,0.001038062283737024,0.0002043987809693138,0.0004809852970026644,0.1942177219498299,0.00024385049093398587,0.0002625484457924055,0.0002828646521264483
AT4G18160,0,0.00034602076124567473,0.0,1.003455294070912e-06,0.15052304535135086,0.0,0.00013425985377735734,0.00016473130087478038
AT4G18480,0,0.00034602076124567473,0.0,0.0002724678357196129,0.20352835944066208,0.0,0.00012682686893397587,0.0002077496317887971
AT4G35230,0,0.0017301038062283738,0.00023856004677930126,0.0021754970328604316,0.21531511736610556,0.0001952965543026358,0.0002499617559254157,0.0003363787198296806
AT4G39680,0,0.00034602076124567473,0.0,0.0019155281395781102,0.20977372360068242,0.0,0.00010142634377504267,0.00021084606331802296
AT5G05970,0,0.00034602076124567473,0.0,0.0019155281395781102,0.20977372360068242,0.0,0.00010142634377504267,0.0002108460633180229
AT5G18230,0,0.00034602076124567473,0.0,0.0019155281395781102,0.20977372360068242,0.0,0.00010142634377504267,0.000210846063318023
AT5G18610,0,0.00034602076124567473,0.0,0.0019155281395781102,0.20977372360068242,0.0,0.00010142634377504267,0.00021084606331802305
AT5G41260,0,0.001384083044982699,0.0007019964727415094,0.0021504781545704696,0.218986209524763,0.0007162074093637861,0.00024311839645471095,0.0003682825783481926
AT5G41940,0,0.0006920415224913495,5.51307805041386e-05,0.00017727057341425728,0.18636134040825683,6.703136258828331e-05,0.00014339576129916395,0.00028321042491826116
AT5G44030,0,0.002768166089965398,1.8057903774037397e-07,4.7842738801960995e-05,0.1761994631200078,2.0121664205355953e-07,0.000378410891492641,0.0003607267709176529
AT5G49720,0,0.002422145328719723,0.0,3.977186199798248e-05,0.17613844377414273,0.0,0.0003284159740665427,0.0003474809380308834
AT4G19170,0,0.0006920415224913495,0.0012978473412454592,3.411561844403041e-05,0.16675979352203757,0.0012978473412454592,0.00023928033365142086,0.00016757040039985376
AT4G30370,0,0.001038062283737024,0.0,1.2121509693157378e-06,0.1440026529564594,0.0,0.0002560758652075069,0.00012538475848644667
AT5G58270,0,0.00034602076124567473,0.0,0.0007980783534193593,0.19371472053710184,0.0,0.00010509205265281209,0.00020169655984032223
AT5G53060,0,0.001384083044982699,0.000351604855420658,0.0008850867921161616,0.20172022298810763,0.0003993527330665489,0.00026872665325341463,0.0003568525398273566
AT5G06410,0,0.00034602076124567473,0.0,3.9700511036019826e-05,0.16144533082853432,0.0,0.00013481066797013026,0.00015800456485805356
AT5G13800,0,0.00034602076124567473,0.0,2.568477732027689e-35,0.0011324315822585718,0.0,0.00013337845878884472,0.0
AT4G23140,0,0.0006920415224913495,0.0,8.376988886196478e-05,0.1818829102568354,0.0,0.00014704808431417236,0.0002839240923347464
AT5G10840,0,0.00034602076124567473,0.0,1.6358396402511644e-05,0.17018582956642392,0.0,9.84725522990837e-05,0.00020479004329929
AT4G23430,0,0.00034602076124567473,0.0,0.0009954695044287506,0.19775169916104765,0.0,8.844684037601807e-05,0.00021191632116170453
AT4G25240,0,0.00034602076124567473,0.0,0.0009024713432918258,0.19718437242855494,0.0,9.404635216505187e-05,0.0002083574148498991
AT4G35000,0,0.001038062283737024,0.00022864479872112902,0.001432707946642889,0.21181799526995443,0.000248617272701056,0.00020712809254146361,0.0003418849172790128
AT4G24100,0,0.0006920415224913495,0.0,3.518397515288328e-55,0.0,0.0,0.0003459010722933241,0.0
AT4G24780,0,0.00034602076124567473,0.0,0.00014005998861633606,0.17834959332429154,0.0,0.00013730626259750327,0.00017939694893077075
AT4G24510,0,0.00034602076124567473,0.0,0.00059488821655206,0.2143532409989104,0.0,0.00011331500178369032,0.0002107684773892987
AT4G37930,0,0.0006920415224913495,0.00010953484636974749,1.1320987597806872e-05,0.16621482687654068,0.00011512657578288346,0.0002417825760621424,0.000221945469569792
AT4G24660,0,0.00034602076124567473,0.0,0.0002669634698395672,0.1895703951704117,0.0,0.00011981253084557875,0.00019368426202678884
AT4G24750,0,0.00034602076124567473,0.0,0.0007190602769107869,0.20525317604609142,0.0,0.00013492130175167866,0.00021116138453827836
AT4G24972,0,0.00034602076124567473,0.0,4.285258148987353e-05,0.1700151658785314,0.0,9.199248096374262e-05,0.00020033507497871974
AT4G26590,0,0.00034602076124567473,0.0,0.0007190602769107869,0.20525317604609142,0.0,0.00013492130175167866,0.00021116138453827836
AT4G31990,0,0.00034602076124567473,0.0,0.0007190602769107869,0.20525317604609142,0.0,0.00013492130175167866,0.0002111613845382783
AT4G34050,0,0.0006920415224913495,0.0,0.0010696256382746953,0.21413664964727794,0.0,0.00021537033369084605,0.00029992596307245445
AT5G07570,0,0.00034602076124567473,0.0,0.0007190602769107869,0.20525317604609142,0.0,0.00013492130175167866,0.00021116138453827822
AT5G10360,0,0.001384083044982699,0.0009996443836120265,0.0012345477398524162,0.216488197089561,0.0010415212753356227,0.00035053071313455254,0.0003657340218330074
AT5G16440,0,0.00034602076124567473,0.0,0.0007190602769107869,0.20525317604609142,0.0,0.00013492130175167866,0.0002111613845382782
AT5G19760,0,0.00034602076124567473,0.0,0.0007190602769107869,0.20525317604609142,0.0,0.00013492130175167866,0.00021116138453827806
AT5G33320,0,0.00034602076124567473,0.0,0.0007190602769107869,0.20525317604609142,0.0,0.00013492130175167866,0.0002111613845382781
AT5G35530,0,0.00034602076124567473,0.0,0.0007190602769107869,0.20525317604609142,0.0,0.00013492130175167866,0.00021116138453827798
AT5G40100,0,0.00034602076124567473,0.0,0.0007190602769107869,0.20525317604609142,0.0,0.00013492130175167866,0.00021116138453827795
AT5G45290,0,0.00034602076124567473,0.0,0.0007190602769107869,0.20525317604609142,0.0,0.00013492130175167866,0.0002111613845382779
AT5G64940,0,0.00034602076124567473,0.0,0.0007190602769107869,0.20525317604609142,0.0,0.00013492130175167866,0.00021116138453827787
AT5G23310,0,0.0006920415224913495,0.0038877929768205617,0.00015274724867386357,0.1974293029431778,0.0038877929768205617,0.00022568474313102693,0.00019642709099278738
AT4G25630,0,0.001038062283737024,0.0005105388522499017,0.0013954669029378483,0.20483985913903122,0.0005635974647974603,0.0002402932737015778,0.00033362101257228955
AT4G31985,0,0.0006920415224913495,0.0,0.00016492210157772086,0.17573677363078383,0.0,0.00018704554028770511,0.00026553344582104315
AT5G12390,0,0.0006920415224913495,6.132106301746231e-06,0.00012290959517096317,0.1781996251987298,5.633278139577639e-06,0.00016414342379363411,0.00028078412476441285
AT5G39510,0,0.001038062283737024,7.669079670470671e-05,0.00021051479763334,0.1846295085821891,8.022144882300069e-05,0.00022944117666235983,0.0003231152045865595
AT5G56210,0,0.0017301038062283738,0.0004517929324187557,0.0001306344454035751,0.1818829102568354,0.000552858053651672,0.00036266848991454146,0.00029074148260305915
AT4G34840,0,0.001038062283737024,0.0,0.0001879625188389709,0.18205217633410214,0.0,0.00016273614638849315,0.00020404320875227737
AT4G26630,0,0.0006920415224913495,0.0,3.518397515288328e-55,0.0,0.0,0.0003459010722933241,0.0
AT5G08450,0,0.00034602076124567473,0.0,0.0006593539498495004,0.19651393641998863,0.0,0.00011459812106423722,0.0002028006662789712
AT5G46280,0,0.00034602076124567473,0.0,0.0006593539498495004,0.19651393641998863,0.0,0.00011459812106423722,0.0002028006662789712
AT4G27060,0,0.00034602076124567473,0.0,8.932600949367966e-06,0.15309655356156,0.0,0.00011433351149363895,0.0001747761793881044
AT4G27585,0,0.00034602076124567473,0.0,4.333973626934506e-05,0.16579221925882215,0.0,0.00014893503207978007,0.00013002690867318134
AT4G28610,0,0.0006920415224913495,6.642795496839861e-05,0.000540877835991501,0.20472442853091874,8.394922162410327e-05,0.00017998778385092262,0.0002596236250415625
AT4G36480,0,0.00034602076124567473,0.0,0.0019965570445769462,0.19799804198155346,0.0,9.963761584560266e-05,0.00020962194741001196
AT4G37880,0,0.00034602076124567473,0.0,0.0019965570445769462,0.19799804198155346,0.0,9.963761584560266e-05,0.00020962194741001194
AT5G02760,0,0.0006920415224913495,0.0006491632142442219,6.44702745837356e-05,0.19122391542304482,0.0006491632142442219,0.00024232183176625707,0.00020236758149243665
AT5G28290,0,0.00034602076124567473,0.0,6.433914499475152e-05,0.19119516210894466,0.0,0.00011059973657864548,0.0002022857093528922
AT4G31300,0,0.00034602076124567473,0.0,0.0021435031267651103,0.21127248078516847,0.0,9.793818913822355e-05,0.0002125402092060102
AT4G31570,0,0.00034602076124567473,0.0,0.00035056536136390825,0.20393639544595613,0.0,0.00013233419278316601,0.00021191811470673387
AT5G50230,0,0.0006920415224913495,2.9624466770718153e-05,0.005689335077219316,0.22069659387408425,2.3728812011109286e-05,0.00014561947700830768,0.00030056751778178496
AT5G51940,0,0.00034602076124567473,0.0,0.0014393524141790505,0.20154436925115493,0.0,0.00010092919505646775,0.00020849986773492182
AT5G54661,0,0.0006920415224913495,0.0,0.0010709379824652325,0.19718437242855494,0.0,0.00015098305603241128,0.0002812789042102694
AT5G11030,0,0.00034602076124567473,0.0,0.004249982663040265,0.21656193913063723,0.0,9.657544279583855e-05,0.00021364387124859596
AT5G18110,0,0.001038062283737024,0.0004610607556885325,0.004355515130615272,0.21799132960835527,0.0005176780672051967,0.00023922222136424552,0.0003106322284664124
AT5G22480,0,0.00034602076124567473,0.0,0.004249982663040265,0.21656193913063723,0.0,9.657544279583855e-05,0.0002136438712485958
AT4G32720,0,0.00034602076124567473,0.0,0.0001367834855428916,0.1754336955857528,0.0,0.00011415927481176792,0.00019448966983888797
AT4G35620,0,0.0006920415224913495,3.287861861114064e-05,0.0004734331044378779,0.18095110653273608,3.610773411162048e-05,0.00013008647589693437,0.00028642896740695557
AT5G19520,0,0.00034602076124567473,0.0,0.0005912640355394412,0.19869418323393023,0.0,9.419867335080272e-05,0.00020899468858054994
AT5G45260,0,0.00034602076124567473,0.0,0.001211717451282504,0.18948564572022003,0.0,9.466425200010291e-05,0.0002008983118761628
AT5G03290,0,0.0006920415224913495,0.0019460523810037119,0.0002730262386730535,0.2036261390992932,0.0019460523810037119,0.0002640604261125064,0.00020800891444110018
AT5G17770,0,0.00034602076124567473,0.0,2.9552454327143616e-05,0.1798378368722914,0.0,0.00011692148268466021,0.00019530067436658585
AT4G36020,0,0.00034602076124567473,0.0,0.00035056536136390825,0.20393639544595613,0.0,0.00013233419278316601,0.0002119181147067339
AT5G16400,0,0.0006920415224913495,0.0008916344771195983,0.002494068488129018,0.22700052228966106,0.000889882143831793,0.00017838722107739094,0.0003021375337174302
AT5G25510,0,0.00034602076124567473,0.0,0.0021435031267651103,0.21127248078516847,0.0,9.793818913822355e-05,0.00021254020920600966
AT5G27720,0,0.001038062283737024,0.00020713286279419601,0.003529865212003589,0.21974309610395515,0.0002351149984073333,0.00021715132040966279,0.0003433043751170326
AT4G37770,0,0.00034602076124567473,0.0,0.00012794025494180977,0.18897873606383836,0.0,0.00010787927793322942,0.0002012467559363226
AT4G37910,0,0.00034602076124567473,0.0,3.518397515288328e-55,0.00034602076124567473,0.0,0.0003459010722933241,0.0
AT5G48030,0,0.00034602076124567473,0.0,3.518397515288328e-55,0.00034602076124567473,0.0,0.0003459010722933241,0.0
AT4G38510,0,0.00034602076124567473,0.0,0.0005492292321747666,0.19761340051372078,0.0,9.36127315536161e-05,0.00020952390186746217
AT4G38550,0,0.0006920415224913495,0.0006491632142442219,0.00027302395844854677,0.20356094222453155,0.0006491632142442219,0.00026744649269511156,0.00020783598748854297
AT5G44070,0,0.00034602076124567473,0.0,1.2321665758512238e-05,0.1672753306065298,0.0,0.00016628391493478785,0.0001329524463967759
AT5G45620,0,0.00034602076124567473,0.0,8.66017511654994e-06,0.157955705044166,0.0,0.00014009686061653331,0.00016722376648433375
AT5G42750,0,0.00034602076124567473,0.0,6.488870128210967e-05,0.17827457772247268,0.0,9.563360437909955e-05,0.00020694797187403884
AT5G46860,0,0.00034602076124567473,0.0,6.488870128210967e-05,0.17827457772247268,0.0,9.563360437909955e-05,0.00020694797187403865
AT5G11200,0,0.00034602076124567473,0.0,0.0005367186031494551,0.19839966072796636,0.0,9.83834512368556e-05,0.0002078358273786363
AT5G02490,0,0.00034602076124567473,0.0,4.898823204566523e-05,0.17616284644022392,0.0,0.00011194998298957697,0.00019710909417565962
AT5G11170,0,0.00034602076124567473,0.0,8.932600949367966e-06,0.15309655356156,0.0,0.00011433351149363895,0.0001747761793881042
AT5G18010,0,0.00034602076124567473,0.0,2.907558666870471e-06,0.1588535730658425,0.0,0.00015478012750406325,0.00013069327779585016
AT5G14620,0,0.0006920415224913495,0.0001454457572056112,0.0005005424254183688,0.20344694809688582,0.00017107900280099306,0.000168376564029205,0.0002817040241120764
AT5G64850,0,0.00034602076124567473,0.0,1.06053568066187e-05,0.16673792625302075,0.0,0.00014008250237748876,0.00017071418406235957
AT5G03740,0,0.00034602076124567473,0.0,0.00040980557398277495,0.1832327149802632,0.0,0.0001013162049481502,0.00020503396378530767
AT5G43610,0,0.00034602076124567473,0.0,0.00016688106164916404,0.1971079562246995,0.0,0.0001063600656212489,0.00020801597909573201
AT5G65020,0,0.00034602076124567473,0.0,0.00016688106164916404,0.1971079562246995,0.0,0.0001063600656212489,0.00020801597909573204
AT5G20350,0,0.0006920415224913495,0.0,3.0467931612461062e-05,0.17534902097573418,0.0,0.0001430044873231569,0.00027193961228359916
AT5G09240,0,0.0006920415224913495,5.835013710390236e-06,0.0065171951549843595,0.21043333481266635,5.7310952176725695e-06,0.00012805326213549854,0.00029879479869496884
AT5G40420,0,0.001038062283737024,0.0,0.00014493186162016272,0.19508183884712127,0.0,0.0001702102482955972,0.00021324131514024785
AT5G67610,0,0.00034602076124567473,0.0,0.00013839485839511588,0.19508183884712127,0.0,9.785807991159414e-05,0.00021324131514024807
AT5G06740,0,0.00034602076124567473,0.0,0.00035056536136390825,0.20393639544595613,0.0,0.00013233419278316601,0.00021191811470673395
AT5G07400,0,0.00034602076124567473,0.0,0.003000116745448229,0.2046091279436055,0.0,9.276466863716082e-05,0.00020706842894196084
AT5G09860,0,0.00034602076124567473,0.0,1.540864260622036e-05,0.1688748822107094,0.0,0.00013590840214496844,0.00018001319598555496
AT5G10060,0,0.0006920415224913495,0.0,3.518397515288328e-55,0.0,0.0,0.0003459010722933241,0.0
AT5G11040,0,0.00034602076124567473,0.0,0.0005762525856719094,0.18746033106376772,0.0,0.00010683452105629055,0.00018774918122398698
AT5G19320,0,0.00034602076124567473,0.0,4.271283023197506e-06,0.1541638488852493,0.0,0.0001554312991576203,0.00015240747591466317
AT5G43070,0,0.00034602076124567473,0.0,4.271283023197506e-06,0.1541638488852493,0.0,0.0001554312991576203,0.00015240747591466322
AT5G13300,0,0.00034602076124567473,0.0,4.5476205862516825e-06,0.15245410054619465,0.0,0.00013093935546161606,0.00015026669615435584
AT5G54960,0,0.00034602076124567473,0.0,0.0002669634698395672,0.1895703951704117,0.0,0.00011981253084557875,0.00019368426202678824
AT5G14690,0,0.00034602076124567473,0.0,0.00035056536136390825,0.20393639544595613,0.0,0.00013233419278316601,0.00021191811470673403
AT5G16510,0,0.00034602076124567473,0.0,7.385870143822136e-05,0.1808095877149714,0.0,0.00016432042362467475,0.00013567779828881554
AT5G15700,0,0.00034602076124567473,0.0,0.00035056536136390825,0.20393639544595613,0.0,0.00013233419278316601,0.0002119181147067339
AT5G16720,0,0.00034602076124567473,0.0,2.4339330692744824e-08,0.11829411346223243,0.0,0.00018537102365874097,0.0001056840107407957
AT5G27120,0,0.00034602076124567473,0.0,0.001249578599695587,0.20318686890468782,0.0,0.00010882417814766857,0.00021091534172044412
AT5G35680,0,0.0006920415224913495,0.0,0.0013863620852384783,0.20321934243336046,0.0,0.00017109829211543786,0.00028874657796030493
AT5G63670,0,0.00034602076124567473,0.0,0.0019587490697357893,0.20561827710309452,0.0,9.439424800217677e-05,0.00020926170471555954
AT5G17640,0,0.00034602076124567473,0.0,0.00035056536136390825,0.20393639544595613,0.0,0.00013233419278316601,0.00021191811470673403
AT5G67100,0,0.00034602076124567473,0.0,0.0002827562118144758,0.1891474043295703,0.0,0.00010699971359854909,0.00020051428857656097
AT5G17920,0,0.00034602076124567473,0.0,0.0002724678357196129,0.20352835944066208,0.0,0.00012682686893397587,0.00020774963178879597
AT5G67630,0,0.00034602076124567473,0.0,9.837241079522322e-05,0.17215589298748124,0.0,0.00011580419737814352,0.00018224077274991857
AT5G22580,0,0.00034602076124567473,0.0,0.00035056536136390825,0.20393639544595613,0.0,0.00013233419278316601,0.00021191811470673406
AT5G23730,0,0.00034602076124567473,0.0,0.0002328294411299495,0.18179189729151995,0.0,0.00011240423615634561,0.00018416961930119296
AT5G24710,0,0.00034602076124567473,0.0,0.0002724678357196129,0.20352835944066208,0.0,0.00012682686893397587,0.00020774963178879616
AT5G25100,0,0.00034602076124567473,0.0,0.0002724678357196129,0.20352835944066208,0.0,0.00012682686893397587,0.00020774963178879616
AT5G26000,0,0.00034602076124567473,0.0,0.00035056536136390825,0.20393639544595613,0.0,0.00013233419278316601,0.00021191811470673403
AT5G27600,0,0.00034602076124567473,0.0,0.0003762174523602086,0.18558613816033515,0.0,0.000120068370393386,0.00019183058041690013
AT5G28020,0,0.00034602076124567473,0.0,3.5015355500390993e-09,0.11271548848555416,0.0,0.00019983105180363897,7.365109950415165e-05
AT5G28050,0,0.00034602076124567473,0.0,0.002379927171017042,0.2055185753362755,0.0,9.944263584576741e-05,0.00020607479158161798
AT5G50320,0,0.00034602076124567473,0.0,0.0031558129982406148,0.20406731272757767,0.0,9.123531017427868e-05,0.0002105325862689756
AT5G35620,0,0.0006920415224913495,5.689527792501191e-06,0.00010553246757500651,0.17448280282751785,7.252931714497541e-06,0.0001945319394124056,0.00024093102926848117
AT5G35740,0,0.00034602076124567473,0.0,0.00035056536136390825,0.20393639544595613,0.0,0.00013233419278316601,0.00021191811470673398
AT5G37500,0,0.0006920415224913495,0.0,3.518397515288328e-55,0.0,0.0,0.0003459010722933241,0.0
AT5G62390,0,0.00034602076124567473,0.0,8.926061986931054e-05,0.18429501059577308,0.0,0.0001380888628492934,0.00016446861737699975
AT5G59700,0,0.00034602076124567473,0.0,9.07331990286699e-05,0.1848710999717267,0.0,0.00010656145858479931,0.00019786794993387145
AT5G48140,0,0.00034602076124567473,0.0,0.00035056536136390825,0.20393639544595613,0.0,0.00013233419278316601,0.00021191811470673395
AT5G61780,0,0.00034602076124567473,0.0,0.00035056536136390825,0.20393639544595613,0.0,0.00013233419278316601,0.00021191811470673395
AT5G64110,0,0.00034602076124567473,0.0,0.00035056536136390825,0.20393639544595613,0.0,0.00013233419278316601,0.0002119181147067339
AT5G65160,0,0.00034602076124567473,0.0,0.00035056536136390825,0.20393639544595613,0.0,0.00013233419278316601,0.00021191811470673387
ATCG00020,0,0.002422145328719723,0.001752252111057481,0.001053167359649668,0.2136150232012661,0.001795732788988701,0.0005776864057177839,0.0003356166334117628
ATCG00470,0,0.00034602076124567473,0.0,0.00035056536136390825,0.20393639544595613,0.0,0.00013233419278316601,0.0002119181147067338
ATCG00780,0,0.00034602076124567473,0.0,0.00035056536136390825,0.20393639544595613,0.0,0.00013233419278316601,0.00021191811470673382
ATMG01190,0,0.00034602076124567473,0.0,0.00035056536136390825,0.20393639544595613,0.0,0.00013233419278316601,0.00021191811470673373
AT5G57110,0,0.00034602076124567473,0.0,7.195725798156932e-05,0.17926736579804545,0.0,9.671416745888299e-05,0.00020912611720663805
AT5G46780,0,0.00034602076124567473,0.0,0.0002724678357196129,0.20352835944066208,0.0,0.00012682686893397587,0.00020774963178879583
AT5G48230,0,0.0006920415224913495,0.0,3.518397515288328e-55,0.0,0.0,0.0003459010722933241,0.0
AT5G48630,0,0.00034602076124567473,0.0,0.0002926839707511849,0.16545783026747385,0.0,8.093686516543505e-05,0.00020591105851773092
AT5G49230,0,0.00034602076124567473,0.0,6.673705721819093e-05,0.17290500756126415,0.0,0.00011164351635275904,0.0001818278537657997
AT5G52250,0,0.00034602076124567473,0.0,0.0002328294411299495,0.18179189729151995,0.0,0.00011240423615634561,0.00018416961930119283
AT5G54750,0,0.00034602076124567473,0.0,3.518397515288328e-55,0.00034602076124567473,0.0,0.0003459010722933241,0.0
AT5G58030,0,0.00034602076124567473,0.0,3.518397515288328e-55,0.00034602076124567473,0.0,0.0003459010722933241,0.0
AT5G62810,0,0.00034602076124567473,0.0,0.0003762174523602086,0.18558613816033515,0.0,0.000120068370393386,0.00019183058041690002
AT5G58550,0,0.00034602076124567473,0.0,1.4859392377935368e-05,0.16899832876203302,0.0,0.00011489789295289565,0.0001899413586659956
AT1G05385,0,0.00034602076124567473,0.0,4.749248739298643e-05,0.174005258379136,0.0,0.0001341558426473975,0.0001757595857589893
AT3G15095,0,0.00034602076124567473,0.0,4.749248739298643e-05,0.174005258379136,0.0,0.0001341558426473975,0.0001757595857589893
ATCG00120,0,0.001038062283737024,5.509355301270425e-05,0.0007110873445473157,0.2028627035107748,7.459311477708619e-05,0.00028105187206537466,0.0003052977225370792
ATCG00480,0,0.001038062283737024,0.00010065714755712186,0.0003498537463280255,0.20454330018588215,0.0001195752554249021,0.0002907889629749109,0.0003115751703089957
ATCG00270,0,0.00034602076124567473,0.0,0.0005895307656618922,0.19219217436601213,0.0,0.00012179529224794374,0.00019473557261818618
ATCG00280,0,0.001038062283737024,0.00011252296253468701,9.16567527605698e-05,0.18041195028455398,0.00016012913586201937,0.0002624407560191287,0.00029803719441347
ATCG00340,0,0.0006920415224913495,2.5249372431607782e-05,0.0014224310207071945,0.20289507349697405,3.1546883093868416e-05,0.00016581480750019108,0.0002855404562848869
ATCG00350,0,0.001038062283737024,7.682696987329264e-05,0.0014837264353885341,0.20424759868372602,9.513677788354757e-05,0.00023172538935348897,0.0003308276158941796
ATCG00490,0,0.00034602076124567473,0.0,0.00021200776019894191,0.19627127044926085,0.0,0.00013463025071445007,0.00021102674111477484
ATCG00720,0,0.0006920415224913495,0.0,8.019844704266861e-05,0.18671709627100389,0.0,0.0001749031658700584,0.00026213013797145947
AT3G17930,0,0.00034602076124567473,0.0,3.518397515288328e-55,0.00034602076124567473,0.0,0.0003459010722933241,0.0
ATCG00730,0,0.00034602076124567473,0.0,3.518397515288328e-55,0.00034602076124567473,0.0,0.0003459010722933241,0.0
ATCG00800,0,0.00034602076124567473,0.0,0.00021200776019894191,0.19627127044926085,0.0,0.00013463025071445007,0.0002110267411147748
AT2G06160,0,0.00034602076124567473,0.0,0.0007190602769107869,0.20525317604609142,0.0,0.00013492130175167866,0.00021116138453827803
