node,Acetylation (K),Amidation (V),Formylation (K),Glutarylation (K),Glutathionylation (C),Hydroxylation (K),Hydroxylation (P),Malonylation (K),Methylation (K),Methylation (R),N-linked Glycosylation (N),"O-linked Glycosylation (S,T)","Phosphorylation (S,T)",Phosphorylation (Y),S-nitrosylation (C),S-palmitoylation (C),Succinylation (K),Sumoylation (K),Ubiquitination (K)
Q0045,487,"2,532","483,487,493","487,493",,181,,,319,,"215,217,360","260,534","326,488,529,534",,,,,,
Q0085,,,,,,,,,,,81,,,76,,,,,
Q0140,231,,"209,388,392",,,,,202,,,"308,349","138,140",342,"156,212,214",,,,,"35,209"
Q0160,"121,190,235",,121,20,,,,182,"20,121,122",,"154,157",,,46,,,,,121
Q0250,73,,,73,,,,73,,,135,,192,,,,73,"235,243",
YAL001C,"43,210,217,257,260,506,619,708,757,853","2,716,1080","17,22,24,46,266,485,491,538,637,639,643,698,714,715,890,896,900,930,1058,1064","22,24,43,44,46,56,147,160,165,168,170,171,247,252,257,260,266,362,370,433,439,592,639,642,643,697,698,714,757,767,812,890,896,900",63,,,"44,147,247,260,538,708,757,1058","17,344,348,592,607,757,812,930",,"71,80,301,303,336,495,501,504,771,772,934,1081","494,612,641,881,882,913,1055,1065","282,284,286,546,691,882,886,888,892,894,895,899,901,903,962","182,375",1117,52,"687,689,698,757,839,846,884","729,802","362,381,383,779,839"
YAL002W,"254,860,946,953,967",1274,"247,249,254,263,1115","247,249,254,512,513,953,957,1097","635,674,806,897",,"898,899,1271",,,,"19,244,305,313,412,461,462,476,630,665,994,1050","59,62,260,424","40,41,43,45,134,960,1163",,"451,806,1265",451,"487,488","487,488","853,953,957"
YAL003W,128,,"22,109,110,113,116,120","13,128",172,128,129,167,110,,,,86,,,,"8,109,110,113,116,128",,120
YAL005C,"54,69,86,91,106,110,124,126,136,157,185,243,316,322,325,345,421,446,448,455,494,497,504,509,514,523,528,567,568",641,"126,136,345,421,490,494,504","91,126,245,247,248,316,322,325,497,504,514,536",303,"217,268,446,514,521","620,624,628,629","54,157,185,243,316,322,342,345,420,421,448,497,509,514",126,"47,233,466","29,33,111,484,579","38,43,118,143,175,422,427","359,637","147,181","264,303",303,"54,69,86,91,98,126,247,345,354,420,421,448,455,497,504,509,514,521,528,556","106,421,509,523,584","54,69,86,91,98,110,124,126,136,157,185,186,188,243,316,322,325,342,345,354,409,421,446,448,455,497,504,509,514,521,523,536,567"
YAL007C,"76,90,91",190,"62,63","60,62",,,,"62,91,133",,,"145,150","2,3",,,80,,"62,63",63,"70,133"
YAL010C,"129,139",,349,"129,135,138,170,330,428,434",311,,,,428,,"68,87,106,108,121,222,227,228,289,306,408","30,55,58,110,112,113,116,118,119,223","23,455,457",,311,184,"138,139,349",330,"170,349"
YAL011W,,4,"17,318,362,505","178,182,205,226,231,317,318,407,416,417,437,509,513,516,520",,,,"310,311,317,318","310,311,317,318",465,303,"7,133,137,141,331,333,334,335,341,389","7,9,12,265,267,268,541,545",102,,"156,158",359,"127,175,178,288,328,398,399,405,407,410,417,513,516,520","318,362"
YAL012W,"8,12,166,167",,160,137,,,,"8,12,160,166,167",,,,"11,39,90,99",350,"205,284",,,,,"12,141,160,166,167"
YAL013W,79,,69,"60,69,73,79,105,192,199,355","318,341",,,199,,,"280,313",5,"56,61,129","226,227","251,318,341",341,"69,73,79,105","73,79,88","79,355"
YAL016W,"47,186,349,523,590,594,619,634",,383,"179,186,624",629,,,"342,624",,5,367,"6,8,18,19,20",,,,,"342,594,600",,"342,594,600,623,624"
YAL017W,"665,812,942,1082,1109,1219","841,1138,1355","177,232,233,540,621,665,671,674,739,911,995,1000,1005","26,66,67,549,661,665,671,674,739,741,940,1000,1005,1067,1082,1092,1101",466,,,942,"835,1352",,"8,200,206,217,218,305,346,352,379,380,711,1046,1201","63,102,106,190,192,222,223,226,227,230,306,307,612,626,628,631,910,929","7,10,63,113,192,227,230,236,261,607,608,610,612,652,654,655,656,915,918,919,921,1023,1035,1075,1079","314,1176",557,,"297,982,984,1241","67,741,766,814,942,1316","121,674,1101,1232"
YAL019W,"373,758,827,828,959,1088,1125,1127",,"23,31,157,160,165,167,686,955,1082,1101,1102","136,165,167,207,208,221,242,329,386,387,441,553,560,562,766,845,854,873,892,965,1082,1088,1090,1101,1102",,,644,"160,165,167,372,373,776,795,828,888",,637,"117,155,156,425,426,472,710,1069","36,41,138,144,168,169,175,537,541,545,546,547,548,630,631","4,6,18,19,20,22,27,125,129,131,138,271,346,498,567,571","315,377,651,652,1120","593,929","928,929","181,795,955,956","441,647","766,1011"
YAL020C,,4,,,43,,,,,247,,,,,,,169,,
YAL021C,"258,261,262,449,604,671","791,837","262,377,582","261,330,586,594,595,604",,,,"262,330","440,444,541",,"56,57,136,348,749","167,266,270,272,832,834","309,312,751",311,,"599,600",185,676,"261,262"
YAL023C,438,"331,335,443",438,,593,,,226,,,403,"2,3,4,5,7,350,437,439","479,480",,"490,593",,,"11,18",
YAL024C,"90,137,144,187,312,400,567,604,982,1148,1373",,"235,679,695,715,716,724,740,771,943,993,1330,1331,1373,1380,1386","400,710,715,716,993,1063,1087,1386",,,,"769,771,1039",,,"51,123,217,240,256,259,538,539,584,619,682,685,686,806,809,868,935,994,1001,1015,1182,1183,1240,1254,1338","12,14,26,85,86,367,711","194,200,212,219,247,271,276,317,541,587,623,630,687,689,734,795,810,854,859,1023,1028,1030,1033,1035,1109,1116,1143,1144,1145,1367","736,1384","149,1419",,,"427,1074,1222,1224","695,710,796,827,828,962,1038,1039,1380,1386"
YAL025C,"171,178,185",141,"59,171","160,164,171,268,276,281",,,,"54,160,164,178","164,178",,"11,30,33,85","113,116","66,72,199","134,291","28,43",,"54,59,65,160,164,171,178","157,160,164,286",
YAL026C,"356,361,364,369,721,919,922,1297,1300",,"37,311,356,364,369,611","126,128,271,348,356,361,364,369,436,610,611","696,720,921,926,927",,,"157,364,934,1227",,,"188,193,280,281,376,1187,1245","205,243,245,538,544,545,546","282,283,396,616,620,1278,1320","151,738,1235","696,720,921,926,927",758,"361,364,1227","311,812,944,1300",1300
YAL027W,"9,33,57",,192,"37,70,71",,,3,37,,,"36,39,50,51",,255,,55,,,221,
YAL029C,"176,380,384,603,761,774,1088,1090,1244,1272,1326,1366",,"385,393,538,625,893,1073,1076,1078","603,666,671,774,900,993,1018,1019,1020,1036,1039,1088,1266,1366",698,,,"134,254,554,1078,1467","314,1232",1470,"128,158,239,425,427,655,958,1127,1228,1302,1421","164,167,172,174,289,633","172,174,288,289,296","177,295,890",,698,"132,134,254,291,554,1090","491,865,947,1078,1418",603
YAL030W,,,,49,,,,"49,63",,,,"2,25","13,59",,,95,75,91,
YAL031C,"9,13,40,430,696","2,4","447,449,450,451,510,515,525,680,754,758","40,435,449,450,451,456,510,515,516,523,525",,,,"415,679,680",,,"143,144,363,364,550,592,616,617,647","258,261,262,264,460,462,464,466,468,469,470,474,501,505,506,570,594,596,597,604,609,613,614,618,619,665","453,472,474,495,497,499,501,520,534,535,536,539,568,570,594,596,597,601","438,540",140,,"306,415,510",,"63,306,415"
YAL032C,"262,274,287,344","134,186","81,164,264,265,274,287,344","39,60,213,214,264,265,274",,,,"39,71,287,352",,,"107,108,194,195,198,313","17,21,285,353","49,54,269,374",324,,,"39,81,213,214,274,344","39,133,164,344,352","81,344"
YAL033W,67,2,"118,142",124,68,,,,28,,79,"39,57","44,150",63,68,,125,125,125
YAL034C,"169,390",,"100,134,296,297,314","20,370,371",,,,321,,,"292,408","54,115,194,307,310,392","94,98,106,110,121,200,211,250,255,257,258,259,267,269,302,306,328,329","4,148,367",,,"124,296,297",234,
YAL034W-A,,288,,"121,122,126,130,140,146,150,170,179,226",,,,247,"82,122,126",,,"50,183","205,207,208,209,210,211",57,38,,"247,254",122,"62,170,247"
YAL035W,"81,85,89,262,268,418,420,516,901,993,994,996","997,998","134,139,144,147,160,161,164,165,262,714,932,978","71,89,91,149,154,262,268,269,275,277,278,302,303,424,455,457,714,789,794,907,976,978","408,409,898",165,,"165,539,976,978",,489,"543,544,587,960","64,65,381,390,392,394,395,405,593,597,598,601,673,717","49,316,381,392,549,902","536,655","408,409,810","408,409,665","976,978","149,590,690","516,539,706,714"
YAL036C,"78,127,164,183,299,301",,,"32,299,301,329",224,"20,22",,"175,321",368,,,"44,45,47,48,195",,351,224,224,"7,9,175",7,"9,20,22"
YAL038W,"164,172,233,236,446,468","497,500","166,172,282,468","131,166,172,281,282,286,466,468,474,475","174,296,328",,,"42,124,135,164,166,282,286,466,468",,,132,"22,311,385","372,499","59,130,479","121,296,426",,"30,61,86,124,131,177,194,196,233,240,255,281,282,337,446,466,468,474","166,233,236,240,396","161,172,177,240,446"
YAL039C,"155,158",105,,,,,,"13,162",,,,"11,21,22,80,263,265,266,267","80,85,210",,,,"162,248",,
YAL041W,"475,481,651",,"17,19,533,534,535,734","19,193,734,754,847",,,,"284,364,817","535,610,651",,"226,432,433,546,629,630,634,771,773,774","5,9,11,14,21,23,24,26,106,109,110,111,116,117,496,519,526,528,681,682,683,684,685,686,687,688","79,83,429,553,557,563,565,566,584,586,588,681,682,811",,47,155,"475,481,649,651","183,651","302,400,649,651"
YAL042W,,,,268,143,,,,,,,"8,283",,,"143,206",143,14,14,184
YAL043C,"265,277,280,356,525,585,587,591,688",,"265,271,280,315,354","271,333,342,354,399,591,594,595,785",,,,"130,271,277,288,347,591","331,333,689",,"38,40,190,436,562","420,425,427,492,493,600,605","2,3,305,306,310,376,378,380,387,389,390,500,528",588,777,,"265,523","271,333,525","585,587"
YAL044C,,148,"30,102",,,,,,,,22,,"23,94",,,,60,,
YAL044W-A,"3,64",,,"65,110",22,,,"64,65,110","108,110",,"36,50",,,,22,,"108,110",,
YAL046C,"14,109,113",,,,"55,64",,,,,,"71,78","106,107","6,10,12",,"55,64",,,,
YAL047C,"331,516",2,"69,222,323,326,331,405,407,509","65,69,75,317,323,326,331,380,385,387,391,402,451,509,516",,,,326,,,"59,100,275,594,607,616,620,621","44,497","18,44,231,232,236,240,245,341,348,510,572","82,84,130,255,307",,,509,"222,323,326,451,524",451
YAL048C,282,,56,"163,255,274",,,,"270,274,496",,446,"235,402","184,322,323,324,462,463,542","54,132,135,141,480",,"118,307",114,520,,"232,236"
YAL049C,"21,106,113,116,169,170,226",246,41,"113,194,196,226",,,,,116,,,,38,,,,,,
YAL053W,"12,267,370,606,616,647",,441,"156,626",,,,,,,"41,42,55,57,132,299,617,717,718","99,362,653","271,274,276,697,700,707,708,710,712",452,,,"267,377,441,597,614,616,647","61,70",647
YAL054C,"107,148,251,256,406,643",442,"94,103,107,114,256,301","89,642,651",,"670,675",,277,301,248,"100,394,515,580,626","243,246,323,324,333,334,696,699","67,487,689","40,303,304,395,398,427",306,,"277,642,643","299,301","81,89,149,642"
YAL056W,"397,860",876,"145,218,354,487,635","137,190,204,218,468,475,487,554",,,,210,,20,"73,125,155,157,407,408","38,144,633,639,669,673","24,41,448,457,460,461,462,492,639,668,683,771,785,822",659,842,,"210,554,556",596,"102,196,257"
YAL059W,,210,"47,94,100,126,129,135","47,57,100,126,129",,,,70,,,"84,118,121,149","61,147,198,200","147,200",,,,115,153,70
YAL060W,"341,382",,88,"188,189",,,"110,119","189,242","188,189,231",,,192,374,,59,,"8,9",,256
YAL061W,246,86,"87,94,224,232,400",232,214,,,,232,,153,241,"112,307,375,398",,"157,318",,9,,
YAL062W,"71,75,111,121",456,"31,32,170,219,292,294,326","71,111,121",,,,"121,294",326,,85,"222,224",,131,314,"314,415","22,26,71,119,121,143,363,405",,"26,71,75,119,121"
YAR002C-A,189,,,"28,114,118,120",87,,,,,,,,"69,71,75",,87,,,102,120
YAR002W,"43,121,267,268,363,365,534",311,"35,43,121,212,235,236,254,262,267,268,307,309,358,363,365,463,476","20,128,129,467,476,477",,,,"29,37,129,236,477",425,,"244,347,398,402,481","89,179,180,219,222,240,242,245,246,354","10,12,45,49,81,204,207,210,214,249,252,255,278,312,322,382,458,480,483",217,,,"128,425,435","121,415,442,505",
YAR003W,,,"106,109,218","106,109",,,353,,,,"232,276,277","20,81,90,214",244,,130,233,,,
YAR007C,"200,244,253,259,261,338,388,463,494",4,"36,200,210,259,261,266,378,470","253,261,378,463,470",,,,18,411,216,"114,122,145,148,151,271","383,461","2,3,7,191",256,,,"18,210,378,427","427,556","18,200,244,253,259,261,378,493,494"
YAR008W,"12,91,117",,,"91,107,109,110,117",,,2,"83,91",,,"90,146",247,"129,130",,20,,"101,172",,80
YAR014C,"372,375",,"573,584",372,,,,17,701,,"94,149,193,194,332,374,475,660,673","21,92,93,96,364,655,656,658,661,662,664,675","86,92,93,150,151,156,160,162,177,179,182,191,212,254,343,347,350,356,360,378,502,507,511,531,533,536,538,544,546,547,551,554,556,557,627,635,637,640,641,642,661,662,664,666,670,672","157,159",,,375,466,
YAR019C,"41,507,516,640",,"282,516,518,519,520,856,935","45,259,279,282,285,287,344,348,516,518,519,929,930,935",,,,516,,,"172,220,225,232,273,307,653,723,724,791,810,814","35,515,549,553,554,555,556,562,754,940,945,970,971,974","114,309,311,560,561,562,564,567,571,574,576,589,590,932,945,948","36,40,85,295",,252,,949,148
YAR028W,,,,,,,,,217,,,,"180,182,185",,,,,,
YAR035W,,601,"505,672","505,667","456,592",,"171,176",339,5,,,"109,391,395,504,660,661,663,666","35,38,41,109,382,389,391",,"262,529,539","588,592","134,509",667,
YAR042W,"38,206,207,739,874,1018,1022,1122,1167",,"418,422,428,502,767,1037,1052","19,410,651,663,1052",994,,1103,"207,767,768,1038,1175,1177,1182",239,,"241,243,329,590,950,964,965,987,1031,1082","408,485,486,488,492,500,503,504,506,507,736,1053","28,176,179,180,269,283,492,495,500,503,504,515,705,708,712,756,1056",780,125,,"1021,1052","13,344,773,797,1151","38,768,805,1067,1072,1127,1144,1182"
YBL002W,"7,8,22,23,31,32,38,47,61,83,90,112",115,"12,17,18,22,38,89,90","17,18,22,23,31,32,38,47,50,83,89,112,124",,"47,50,83,112",,"50,112","22,23,38",,,"2,3,27,40,42,52,68,116,119,123","40,116","41,44,46",,,"35,38,47,50,89,90,112","47,50,112,124","22,23,32,38,47,50,61,83,89,90,112,124"
YBL003C,"22,97",,14,"97,124,127",,"22,76,77,97",,"97,120,121","5,76,77",90,101,"11,26,54,103",,52,,,"14,22",22,"8,14,22,97"
YBL004W,"422,423,487,490,560,643,1229,1946,2166,2170",,"20,549,643,1303,1743,1749","12,20,27,653,656,883,889,1229,1233,1234,1569,1749",174,,,"656,1049,1788,2434,2462","123,549,1587",1923,"58,281,303,388,471,474,513,767,908,985,1005,1238,1255,1366,1505,1748,1760,1865,2030,2154,2159,2295,2303","267,271,273,938,939,1222,1223,1953,2123,2127,2128,2323","266,267,784,1095,1827,1950,1951,1952,2408,2446","82,1423,2050,2335","203,1956,2118,2413",,"651,808,919,1569,2136,2434","27,898,914,919,1381,1574,1946","27,808,1303,1569,1587,1836,1842,1946"
YBL005W-B,"254,381,491,748,752,1226,1271,1730,1731,1739,1744",,"379,381,559,568,569,615,957,1001,1002,1503,1632,1637","45,652,814,1226,1249,1265,1271,1276,1281,1453,1482,1503,1506,1676,1680,1709,1739","758,1645",,,"515,752,1249,1447","1495,1506,1680",89,"97,161,278,402,408,445,448,575,616,617,623,743,775,991,1074,1160,1185,1664,1665","373,375,377,577,760,761,956,1034,1036,1039,1067,1069,1169,1174,1177,1738","16,56,57,60,145,809,960,962,964,965,1004,1005,1006,1010,1051,1053,1055,1147,1181,1187,1203,1508","1054,1272,1273","43,540,758,788,1645",758,"568,569","1190,1357,1474,1530,1532","491,568,569,748,752,817,1178,1263"
YBL006C,,179,153,,,,,,,,,,,,,,,,
YBL007C,"277,302,489,495,496,537,715",,"46,379,428,431,432,436,475,483,496,548,792,830,912,944,983","294,386,387,471,475,489,495,548,556,558,715,784,792",,,,"284,428,448,558",448,,"257,649,650,728,732,1235","150,207,208,211,449,563,568,724,831,834,835,843,847,848,895,896,945,954,1006,1011,1012,1237","18,51,53,150,222,224,291,297,473,476,477,479,480,485,486,488,746,817,818,847,848",599,,,"112,417,556","355,356,603,1116","136,277,294,428"
YBL008W,"86,316,392,440,485,490,493,494,521,528,532,624","3,4","490,493,494,528,532,537,550,577","432,435,440,476,478,479,485,490,493,494,528,537,805",73,,,"183,485,490,805,831",,,"251,271,725","358,434,438,450,502,503,530,552,555,565,570,636,637,754","81,83,488,491,581,610",93,814,,"301,696","17,696","173,183,227,537"
YBL010C,"145,168",278,230,230,,,,,,,"107,124,125,249",224,"31,176",,54,216,,,"168,240"
YBL011W,"5,9,14,176,320,332,478,523",,"28,31,478,482,484","18,28,76,106,227,397,478,566,570,573",173,,2,"227,387,478",403,"72,393",,"12,13,15,19,23,29,151","113,639,640,641,689","22,40",173,232,"146,160,227,387,719","206,209,213,617,685",176
YBL013W,,"2,399",,,,,,,,"192,282","42,54,55,217,339","15,114,271","70,114,116",83,,"16,354",330,104,
YBL014C,"122,123,361,621",124,"599,658,817,828,832,837",,282,,,"331,411",,,"31,128,163,323,543,847,873","63,189,588,818,821","82,90,91,157,161,162,164,240,244,437,521,651,653,655,666,835",,"66,282",,"406,411,485,738","645,837",621
YBL015W,"18,19,21,100,104,330,343,490,491",525,"100,151,212,518","21,100,490,491",494,,,"202,330,491",,,"314,381,386","231,354,413,417,425,521",,142,"469,494",,"8,100,330,343,506",21,330
YBL016W,"33,42,43,152,273,296,344,345",,261,"49,341,344,345",149,301,,,301,,8,147,"177,180,185,196","182,188,312","149,154",,,,"33,49,139,152,296,301"
YBL017C,"394,665,666,667,672,798,1181,1185,1360,1362",,"87,165,227,245,394,663,665,672,681,1041,1043,1240,1305,1308","165,245,247,388,390,394,605,684,880,943,1035,1072,1185,1305,1308,1365,1367","648,695,1178",,,"6,239,1181,1185,1240,1308","239,985,1066",295,"75,149,426,537,772,987,989,1282,1420,1421,1422,1465","4,180,185,658,1093","8,10,15,160,690,694,888,891,892,893,1068,1070,1073,1093,1171,1236,1352,1353","107,792,1175,1241,1328","661,835,859,1069,1178,1227,1266,1357",1119,"6,236,239,245,247,613,798,1185,1281","6,9,171,239,814,952,1320,1321","247,943"
YBL018C,,,,,,,,,,,,,,46,,,121,,
YBL022C,"28,212,491,545,607,790,811,971,1048,1058,1074",636,"50,106,112,170,535,538,584,776,778,789,854,877,883,896,904,1063,1068","56,99,106,107,491,499,525,531,535,538,545,1113","629,747",811,,"28,789,790,1063,1068,1108","209,896",,"372,374,379","4,6,7,9,11,12,16,17,33,40,52,90,92,145,426,575,576,644,842,849,900,902","52,155,318,319,320,323,348,352,846,848,849,853,871,900,902",601,"629,955,1004","747,1004","212,279,840,1113","112,391,856","173,478,668,1068,1105,1113"
YBL023C,"335,496,554,558,582,587,777,785",527,431,"338,343,773,777",644,633,,,496,"30,643","202,313,658,666","298,499,500,547,550,577,579,645,797,799,802,865","14,16,23,24,37,38,164,170,389,756,800","158,283,769,790","517,644",,530,,"496,549,587,633"
YBL024W,"25,245,446,508,592,624",350,"102,348,612","8,9,12,13,74,84,133,340,348,438,440,621","173,487,504,631",,,"268,650",102,"326,517","26,90,93,146,359,491",598,"134,431,436,652,654",501,"337,600,631","337,504","36,84,365","133,438,440,446,447","32,84,100,583,592,595,612,650"
YBL025W,40,,30,,,,,126,,,,,,,129,9,,,
YBL026W,,90,,74,,,,,,,42,,,71,45,,,50,
YBL027W,"19,21,53,80,114,117,186","15,17,22,177","46,52,53,60",125,,,,"19,21,114",82,9,,,"6,13,69","78,120",,,"46,52,53,80,82,128",,"19,114,117"
YBL028C,"36,38","16,21,26","14,17,73,74","14,17,36,38,43,45,50,74,99",,,,,,,,"8,9","76,77,78",,,,38,,
YBL030C,"38,66,75,112,118,119,125,179,182,264,286",281,164,"110,178,182","73,288",38,247,"38,119,182",59,,,"2,39,42,79",2,,"73,271,288","73,271","38,48,118,119,182","118,119,182","59,75,108,112,125,178,179,182"
YBL031W,"121,195,197,249,300",,"236,306,311,313,323,331","249,251,311,313,323,331",,,,,,338,"33,34,35,37","147,187,191,218,223,224,225,226,227,228,230,231,283,285,286,287,320,328,330,332","16,113,117,122,178,191,218,225,240,242,281,286,287,293",112,,,251,323,63
YBL032W,"189,194,289,297",,"62,76,174,185,189,194,245,289,320","82,189,194,317,320,328",86,"62,180",,62,,,"16,17,19","2,9,38,39,43,61,64,256,288","193,246,247,251,252,254,255,256,257,259,360,362",,86,86,"189,194","57,62","53,57,62,174,180,314"
YBL033C,"206,208,259,261",,261,259,"36,148",,,"206,208,259,261",,"104,199","138,284","317,322,341","335,338,339,340,341,342",297,"148,271",174,"99,206,208","15,301","206,208,259,261,270"
YBL035C,"91,243,244,246,277,467",330,"90,91,95,96,235,243,583,585","90,91,95,243,244,246,455,459,512,547",,,,516,"84,516,543",,"26,145,407","82,83,87,88,173,177,180,181,185,188,190,192,193,290,292,377,487","100,101,107,111,113,164,168,373,376,377,475,477",604,672,,"243,277,543","65,96,176,235,243,244",547
YBL036C,"87,98,119",,"78,119,121,122,208","78,118,119,121,122",,,,,,,"38,144,187",,,,139,,,"129,251",104
YBL037W,"408,415,551,744,930,933",,"670,676,744,930,933","57,415,676,920,926,930,933,937",257,,,"50,58,59,195,415,552,1020",,,"14,15,16,86,207,515,519,803,996,1000","10,11,340,514,684,687,819,821,953","6,187,188,189,209,212,680,849","80,82","257,987,1018",1018,"50,551,744,920,926","59,980",
YBL038W,"38,122,201,227",56,"53,201,210","167,171,196,209,210,213,220,227",,,,"65,91,132,220",,,"29,30,124","63,80","60,67",,120,"114,120","196,201,227",,"38,201,220"
YBL039C,"100,103,109,191,193,200,305,311,316,422,511,576",,"100,200","200,311",,,527,"100,103,172,193,200,311,316,324",28,,"87,246,355,466","195,454","274,424,481",106,518,143,"193,269,316","38,193,291","100,103,109,200,280,289,305,311,316,541,576"
YBL040C,,,,,,,,,,,,,,40,,,,,
YBL041W,"186,188,189",,192,,,,,"85,102",,,48,56,50,"58,117,142,179",,,,,192
YBL045C,"8,15,235,400,408,416",5,"15,88,408,409,419","146,226,235,239,240,241,408,409,419",,,,"8,15,400,409,416","240,241,408,409",,"96,121,227,336","20,175,178,399","172,175,359,361,368",288,,,"400,408,409,416","26,215","26,400,409,416"
YBL046W,"128,146,350",,350,"34,121,316,317,349,350,352",,,,115,352,,"93,175,176",,"263,293,320,327,341,346,347,433,434,440",275,,,"115,438,439","66,325",
YBL047C,"484,485,782,1269,1342",,"148,159,530,618,710,715,780,1102,1110,1149,1189","148,157,164,780,782,808,1304",1366,,,808,,,"124,235,243,421,448,449,451,452,542,601,608,979,983,985,1038,1048","3,5,8,238,241,244,245,248,249,251,254,255,479,480,481,487,489,490,527,532,534,898,900,902,904,905,906,910,927,945,1006,1008,1010,1011,1012,1303,1307,1309,1339","260,261,435,436,495,510,513,515,526,527,532,534,535,536,653,654,744,853,962,964,1006,1008,1010,1011,1012,1080,1100,1111",,,,635,"498,740,897,939","585,897,1149"
YBL050W,"23,62,88,136",,186,"14,168,205",260,,,"51,88,186,205",9,115,,"45,227",2,,"40,164,260",,"13,204",120,"62,68,186,205"
YBL051C,"149,161,162,179",,,"149,157,162",,,,162,,,"63,132,207,208,238,239,388,421,422,425,575,651","65,66,210,261,262,263,287,288,289,290,389,393,397,399,510,512,514,515","189,194,230,264,414,463,465,466,538,541,545,623,638,655","400,526",,,"161,320","90,97,98,161,162","97,98"
YBL052C,"64,367,397,447,453,477,797",60,"64,68,70,71,218,554,559,568","70,71,79,124,209,257,453,470,684",418,,289,204,"134,204",,"143,145,187,237,244,600,617,728","4,147,148,149,207,208,211","4,9,82,85,86,211,214,528,532,533,638,734,765,785,790",425,"362,471,710",,"204,283",444,220
YBL054W,72,,"72,125,128,136,253,256","71,90,93,128,411",,,,"72,128",296,,"127,243,248,406,407,426,427","44,48,53,54,55,56,228,230,231,329,337,341,346,499","7,8,10,38,40,149,152,154,201,202,204,260,280,298,300,303,304,307,308,314,317,318,337,341,346,347,348,350,366","247,263,339",,,389,"160,184",72
YBL055C,"66,345",,361,"210,364",331,,,,7,,"10,44,144,154",,,,"231,331",,"66,414",414,"77,368"
YBL056W,"109,112,153,160",,,"82,83,160",73,,,,153,,"257,285,297",139,"50,148,189,332,353,371",,"95,212",,"112,114","153,160,463","109,112"
YBL057C,"39,152",,"38,39,144",38,149,"102,104",,"104,144",161,,"9,33,57",128,,,149,,152,,
YBL058W,"290,291,359",,297,"104,290,297,302",88,,,291,104,,"73,76,123,222,366","128,300","72,97,106,107,108,112,315",,,,"291,297","63,66,90,328,345","90,104"
YBL059C-A,55,,,"45,55,56,65",,,,,,,,,"62,102,108",,,13,,,
YBL060W,"286,401,404,497",685,"19,116,377,394,431,503,506","9,19,369,374,380,445,449,503,506,676,680",,,,"404,616",,,"11,24,226,227,277,307,354,511","73,74,279,293,297,298,299,303,306,308,309,310,405,406,407,413","26,48,50,272,289,290,293,297,395,419","14,118,238",2,,"9,10,111,404","445,449",
YBL063W,"18,185,304,341,713,879,880",,"274,331,588,604,1051,1062,1067","100,267,269,331,602,604,662,669,713,720,721,764,770,772,775","382,425,886","311,366",,"341,713,880",503,,"89,119,124,134,236,237,238,324,340,417,614,689,789,820,821,1009","11,365,368,374,379,381,393,397,399,400,413,1060,1063,1072,1075,1088","27,29,91,96,97,101,213,215,463,733,816,818,946,1037,1057,1066,1075",,"275,690,886",886,"341,770","990,1094","304,308,311,341,662,880"
YBL064C,"39,102,172",,137,,91,,,"42,102,183,184,185,244","11,244","48,50",199,"30,33",,,"38,91","6,38","42,131,183,184,185,242,244","29,102,244","185,252"
YBL066C,"223,277,591,798,1114",,"802,859,863,867","545,553,555,602,609,801,802,804,863","414,521",,1067,"553,555,863",804,,"244,245,261,262,369,370,990,993,994,1012,1046,1047","175,278,280,283,284,285,312,469,858,909,937,941,970,1030,1033,1037,1039,1043,1045,1083,1089","147,267,273,278,280,283,469,520,526,964,968,970,971,1110","182,458","87,445",445,"223,555",,
YBL067C,"104,222,269,567",,"28,104,366,454,455,471","242,245,454,455,567,571",,,,571,28,,"19,91,160,298,382,427,493,530","7,9,11,224,231","195,198,228,248,295,353,355,356,360,459,463,465,734,739,747",,624,,454,"334,455,628,643",173
YBL068W,215,326,"31,32,39,96,187,271","114,187",,,,187,32,,224,,,,,,"31,32",,"32,39,187,215"
YBL071W-A,,,,,,,"24,26",,,,,,2,"4,23",,,,,
YBL072C,"24,26,37,41",46,142,"24,37,41,53",,"41,53",173,74,,,64,"120,158","14,48,95",,,,"74,128,135","123,124,125,128",41
YBL074C,312,,,"163,167,307,312",,,,,,,"51,116,177,216,219",,305,328,,,,"163,167",97
YBL075C,"54,69,75,91,98,106,110,124,126,157,185,317,320,323,326,346,355,422,449,456,491,495,498,505,510,548",,"326,422,491,495","69,75,91,110,124,317,320,326,498,505,510,557,559,566",304,"124,186,218,522,537",617,"157,185,317,320,343,346,422,449,495,498,505,510","320,323","47,234,467,515","29,33,485","35,36,38,43,175,417,420,423,606","273,360,509,586","39,132,147,181,523,543",304,304,"69,75,185,346,355,421,422,449,456,495,498,505,510",,"54,69,75,86,91,98,106,110,124,126,157,185,186,317,320,323,326,343,346,422,449,456,491,498,505,510,537,548"
YBL076C,"176,273,376,380,442,444,516,520,549,619,636,641,905",,"12,104,270,273,275,279,281,602,605,608,840,841,850,909,913","104,268,513,516,605,643,673,912,944",,,,"168,281,376,785,798,813,1001","279,281,289,376,380,516,934",454,"232,457,496",,"186,310",,"401,528","119,401","12,97,98,104,281,605,608,673,785,905","12,643,795,812,813,983","98,104,176,279,281,507,619,636"
YBL078C,"6,26,35,38,46,48",,26,"35,38",33,,,"6,35,38,48",,"20,24",81,,,"62,95",33,,"6,38",38,"2,48"
YBL079W,"99,106,508,511,942,946,950,1095,1121,1290,1501",,"311,316,563,731,818,946,950,1290,1295","106,114,316,508,511,512,694,950,1290,1295,1486",1266,,,"422,1078,1290","99,591",,"134,449,456,550,595,616,871,872,874,974,1030,1353","23,27,43,404,405,406,551,552,554,556,557,559,562,721,727,733,735,736,738,739,744,746,749,984",146,133,,"313,1243","106,946,950,1144","750,818,950","114,422,547,591,1095,1100"
YBL080C,"136,197,204,205,337,532,534",,,"205,242,344,402,409,411,506,525,531,532,534",,,,"136,204,205,292,534","292,534",128,"133,178,230,246","47,55,282,284,285,286,294","135,217",,,,"204,255","136,242,255","136,292"
YBL081W,,366,,,,,,,,,"208,238,332,344","224,225,226,229,243,318,324,326,346,347,348,349,353","119,309,311",,,,,,
YBL082C,"455,456",,350,64,,,,"63,64",,,,,"6,12,451",,,40,64,73,
YBL084C,"396,454",,"306,313,332,341,347,412,413","396,499",603,,,"95,306,341",,,"42,320,321,587","224,312,331,335",393,"611,612",,,"171,204,499",,"561,565,654,658,660"
YBL085W,"10,13,208,226,651,730,785",,"41,79,97,198,202,399,462,651,660,742,745,785,849,853","198,202,208,226,249,337,346,556,713,715,716,717,723,742,754,862,863",779,,"398,401,404,406,409,410,427,428,433","10,337,755",,,"102,199,204,449,456,500,504,879","206,440,443,473,476,540,558,601,604,605,607,622,624,648,652,653,668,670,674,767,769","86,125,126,128,147,149,151,227,545,574,578,580,589,590,604,607,610,648,652,653,655,659,661,668,670,672,674,720,722,735,737,740,743,744,953","18,955","247,779",,"10,660,755,862",,"198,208,290,334"
YBL086C,"36,315",,"131,151,263,457",40,,,,402,183,201,"80,116,192,208,267,271,438,458","176,246,380,439","232,233,236,237,418",,"33,330",,402,,
YBL087C,"10,63,64,106,110","135,136,137","40,110","110,120","25,122","63,64",,110,"106,110",,,133,,,,"25,122","106,110",110,"106,110"
YBL090W,"104,110,133,170",,110,"104,110",,,,110,,137,,"4,5,9",44,,22,,"110,141,144",,
YBL091C,"182,186",,285,156,,,,347,,,138,"338,341","2,9",228,,"272,359",232,56,186
YBL092W,"54,62,64,113",28,"64,103,113","18,64,123",,"8,12,16",,"36,62,64,113,118,123",,,"49,99","51,59",,,,,"61,62,64,72,80,103,113,118,123",,"36,54,62"
YBL093C,,,"56,65,74",56,,,,65,,,110,3,"182,206",,,138,,,
YBL097W,99,410,"99,473,643,644","74,84,99,421,488,491,643,644",82,,,"190,415,491,519",,,"23,152,153,262,267,367,440,492","92,431,529,693","221,245,260,674,675,678,680",638,"82,296",,"189,190,691",,"99,108,415,421"
YBL098W,"142,284",,"249,259,375","89,132,384,390",145,,202,154,,,"27,108,113,114",,"115,293",,,299,48,"128,132,135,142",361
YBL099W,"97,234,246,299,418,528","136,144,542","120,126,188,212",452,,"310,396,418",,"155,212,246,299,421","54,528","198,201","17,61,63,227,228","5,10,31,32,37,38,43,213,319,377,407,445,450","38,43","237,240,305,331,337",238,238,"120,126,155,234,299,528",,"299,310,418"
YBL101C,"716,735,745,815,851",,"219,609,611,651,741,815,1024,1070,1071","26,36,190,191,422,794,807,1070,1071",,,,"98,191,732,735,1070,1071",,,"12,70,71,299,399,400,436,954,1048,1055","85,115,119,121,122,123,126,127,128,129,131,135,136,140,273,276,277,425,504,506,507,508,509,511,566,573,574,808,968,1027,1028,1030,1035,1041,1045","16,18,20,33,40,56,65,108,109,123,127,128,129,131,135,136,236,252,306,492,498,506,507,508,527,550,694,924,932,1011,1012,1027,1028,1030,1035,1038,1039","599,641,657,658","620,856",,"1062,1070,1071","611,815,851,1079","745,794,1070,1071,1079"
YBL102W,,"206,212",,,,,,,,,"21,32",56,60,54,,,,111,
YBL103C,324,293,"224,304,327,368,369",,,,"423,424","306,327,330",,,"3,4,5,20,178","81,85,87,89,91,120,125,126,218,219,220,222,227,229,249,252,255,256,258,259,376,379","85,87,89,91,93,94,120,123,222,227,229,230,231,236,239,240,246,249,252,255,256,258,385,386,391,394",140,,,306,159,369
YBL104C,"5,113,498,501,598,652,658,687",,"128,940","223,602,864,921",402,,"944,951,1028,1030","505,598,921,922","223,505",,"37,81,86,101,102,108,210,379,380,446,763,805,970","24,196,890,893,894,895,897,898,901","39,42,276,412,416,473,476,619,627,895,1029",,"198,311","306,311,402",223,"490,936","32,498"
YBL105C,"28,29,30,106,175,460,475,598,612,1065",559,"246,250,349,580","13,30,39,59,60,64,139,142,172,246,250,451,452,460,464,556,631,732,811,844,1065","109,985",1061,"486,503,988,993","30,172,176,543,837,842,844,874,1097",,948,"73,280,316,355,644,979","544,561,566,661,665,666,750,751,792,793,797,958,982,983,987","226,438,601,609,611,656,657,670,674,797,801,803,981,982,983,987,1106,1110,1111","107,977","109,453,461,971,985","109,428,498","11,176,232,475,543,857","205,232,240,390,406,951","13,612,844,853,951,1105"
YBR001C,,2,"103,250","76,161,404,414,425","260,383,636,760",,772,"94,161,250,414","404,530",,"377,471,739","164,220","31,52,53,86,88,90,116,319","325,542,720",,636,"94,103,414,548","25,37,243,487,490","476,622"
YBR002C,119,,,181,"30,71",,,"180,181","135,181",,,"208,209,215",,,"30,118","71,118,159",181,,260
YBR006W,"8,29,107,113,234,236,237",465,"29,72,227,234,236","323,324,334,359,362",339,,,"5,8,234,252,323,324,362",324,,"342,418","4,7,10,239,241,255","228,232",,"182,230,300,339","289,300","324,362",113,"69,324"
YBR007C,"329,373,714",498,"139,141,148,153,322,329,333,384,386,387,476,535,698,699","6,139,141,148,153,364,365,366,373,374,377,384,386,562,571,572",,,121,"6,141,492,572",729,,"2,4,7,52,90,94,200,232,233,244,245,253,283,290,336,421,511,512,578","8,249,291,292,294,300,306,307,335,337,338,339,340,399,442,444,445","26,29,205,331,337,353,357,378,391,394,395,467,502,504",,,,"6,139,141,571,572","192,329,600",303
YBR009C,"6,9,13,17,21,32,45,92",44,,"6,32,78,80,92",,"17,32,45,92",33,"9,32","13,17,21,32,78,92","4,56",,"2,31,48","2,31,48,81,83,84",89,,,"32,80,92","6,9,13,17,21,32,78,80,92","21,32,80,92"
YBR010W,"5,10,15,19,24,28,37,38,43,57,65,80,123","36,47",,"5,10,15,19,24,28,43,57,80",,"15,19,24,37,38,43,57,65,80,122,123",44,57,"5,10,15,19,24,28,37,57,65,80","9,18,41",,"4,7,11,12,29,32,33,46,58,81","4,7,11,12,29,32,33,58,59,81",42,,,"15,24,57,65,80","5,15,19,24,57,80","5,10,15,19,24,28,37,38,43,57,65,80"
YBR011C,"75,77,213,214,275",287,"25,136,211,213,228,239","22,25,211,213,228",,,,"22,57,199,211,213,214",177,,"105,245","253,255,259","5,259,266",254,,,"11,25,57,62,74,239",57,"214,221,234"
YBR014C,"73,153,154,163",,80,"153,154,163",76,,,"83,154",,,,26,,,76,,"144,153,154",,144
YBR017C,"105,553,556,844,871",,"95,105,165,215,559",358,,,,,,,"801,824,856,866",618,"211,213,753","557,558",,641,,"353,358","64,320"
YBR022W,,174,"8,117","102,107,109,115,117",,,,"8,13",,,"26,28,99",,124,,25,25,"8,48,94,107,109",141,
YBR023C,"281,321,492,515,592,866,945,946,967,969,979,1125,1126",1164,"93,99,359,407,748,916,975","99,153,160,236,330,427,524,525,534,544,870,979,985","770,862,906",,904,"483,975,979,1125,1126",967,,"152,163,303,332,371,375,491,553,938,941","606,615","32,87,92,95,260,537,538,1160,1162","58,725,727","770,862",,357,967,"357,492,945,946,1126"
YBR025C,"22,72,78,79,169,172,328,359,365,369,375",,"98,242,244,287,365","162,172,286,287,359,365",126,,,"72,169,369",351,,205,"41,67,80,82,292","268,277","256,377","43,74",313,"155,162,369",184,"22,162,328"
YBR026C,"6,109,223,228,238,242,247,265,301,364,365","376,377","45,113,190,197,199,202,223,228,238,242","21,40,45,109,199,202,223,228,238,242,247,265,321,364,365,370,372,373",,,,"6,190,218,223,265,306,315,316","238,247",,"41,352","231,233,246,261,296","84,85","8,81,83",,,"238,242,247,301,306",40,
YBR028C,"77,373,450,523",,"22,405,411,428,510","17,18,141,146,152,392,400,401,405,415,421,424,426,428,450",,,,"146,157,411,415,523",,276,,"86,92,94,460","72,73,92,306,513","30,520,524",,,"146,152,400","22,373,495","129,373,415,459"
YBR029C,354,,"113,250,251,437,441,451","251,358,360,431,437,441",,,367,354,441,,"294,447,455","44,47,50,51","40,42,44,248",,282,,"30,431,450","8,14",317
YBR030W,"6,369,370,515,527",,"57,486,499,509,527","132,270,369,370,373,377,379,507,509,515",513,,247,"500,507,509",251,,"56,96,297,518",526,"33,419,503",,,,"132,493,499",,521
YBR031W,"44,104,108,338,360","6,8,77","118,161,217,342,343,346,350","55,180,183,185,186,308,319,342,343",94,,,"108,180",104,"69,84,95,98",,"122,124,297","341,347",,94,94,"170,321,332,360",,"104,170,185,217,332"
YBR035C,"23,78",121,96,"138,175",,,,,,225,,132,,,,,"47,78",215,
YBR036C,,,27,,219,,,,,,"49,271",,,,,,,,
YBR038W,"25,315,475,481,580,961,962",,"154,348,369,817,850","369,813,817,827,840,841,846,961",,,,"813,827",840,"18,208","197,447,448",,"21,62,76,82,86,112,133,166,256,260","48,149,155,869",429,,,"583,817","580,583"
YBR039W,"47,168,229",,"54,57,66,146,148","57,66,69,75,86,91",117,"51,54",,,,,"8,9,272,289","3,7,11,61,62,65,98","224,226",,117,117,"47,51,229,275",,"51,54,57"
YBR042C,"191,239,243,304",,"94,96,236,239,246,247,250,297","94,95,96,250,266,268",,,,"86,250",95,"261,346","53,81,228,360","78,192,258","187,192",289,,,"94,95","95,236,239,250",250
YBR043C,"540,669,670",,"49,79,232,410,445","79,293,410,432,545",,,,687,"545,683,687",,"233,494","54,55,57,59,528,590","18,21,40,68,72,357,359,360",377,,,"71,410,687",71,
YBR044C,"29,55,151,224,227,322,326,471",,"46,55,62,64,196,224,326,378","19,29,64,66,163,165,169,248,249,322,325,326,378",,,,"196,227",490,,"54,122,212,214,313,314","49,277",354,"53,59,357,447","347,436",347,"55,165,192,196,215,462",,"29,169,196,215"
YBR046C,"2,63,80,305",329,"297,298,302,305","78,113,116,211","3,61",,,"56,80,297,305",187,,"199,248,265","72,74,106,107,176",118,49,"3,61",3,"78,80,185,187,305",,"41,78,80,185"
YBR048W,"36,43,46,57,79,96,141,148,151","107,117","69,141","36,43,46","58,128",151,,"96,141,148,151",,,,"47,74",112,35,"58,128","58,128","43,46,141,148,151",,"36,43,46,79"
YBR049C,"407,684,787",,"322,662","322,332,407,502,779",511,,,"407,787",,,"78,85,126,238,241,242,312,335,692,803","379,382,383,386,388,389,390,391,393,395,396,397,657,658,661,663,665,667","76,240,307,324,657,658,661,663,665,667",,,,"442,764",807,"342,606"
YBR052C,"97,160,201,208",,88,57,,,,,,,169,,189,,,,201,60,201
YBR055C,"600,654,732,854",,"144,446,717,791","29,31,81,82,161,168,356,360,654,717,786,790,791",,,"11,12","31,77,882","426,717","21,597","184,187,456,458","247,387","5,24,27",,"292,701","660,886",235,496,"101,544,717"
YBR056W,"42,96,103,202,345,429,500",,"17,28,148,307,314,467","13,17,73,87,88,154,158,202,314,412",186,,181,"307,431",103,,344,,"190,192",,,,"148,202,204,307",500,"88,412,413,414,500"
YBR057C,"254,302",,"160,262","262,270,315",,,,216,,,"58,59,126,127,130,147,155,309",258,"69,72",323,,,319,"160,225,290",225
YBR058C-A,,,,,,,,,,,,"6,7",,10,,,,,
YBR059C,"280,340,470,650",1103,"433,489,493,1046","150,192,433,489,493",76,,,,"158,530,947",,"5,114,337,394,601,635,671,751,752,761,969,983,1049","204,205,428,434,435,518,532,637,657,862,863,872,935,936,939,941,946,950,951,953,954,960","4,7,8,10,12,370,372,509,511,519,811,846,884,960,972,974,985,997,1001,1002,1011,1012",,206,,196,"192,464,650,947","183,192,196"
YBR060C,"67,105,177,178,209",319,"58,107,110,511","69,93,94,103,105,199,202",,,,"199,202",83,,"538,589,593,594","147,148,149,158,174,204,205,211,213,491","15,16,20,24,51,60,61,70,72,164,166,204,205,206,211,217,262,264","201,345",,,"412,546","83,93,94,97,500","202,223"
YBR061C,"28,111,234",310,"6,295,301,305","6,8,17",,,127,296,296,,"212,220","5,62","69,71,72",269,236,236,"104,296",78,"117,234"
YBR065C,"57,167,173",,"50,164,173,265","50,140,164,167,173,177,188,189,198,274,277,340",248,,,,,,"158,193","222,224,264,269,272,295,313,332","147,148,152,153,159",178,,37,"164,167,198,233,274",,"105,177"
YBR066C,120,,"98,112,120,128,131,134","16,66,120","183,188",,,,,,83,"126,130",176,,,,66,112,47
YBR067C,,,,,,,,,,,,"147,148,149,153,154,178",,,,,,,
YBR069C,,,"87,553","71,312,319",,,,,,,"88,89,159",93,"18,25,27,598,599",,,619,71,,
YBR070C,36,237,46,"36,39,46",,,,"39,124",,,,,,77,,,,124,124
YBR071W,,,126,18,,,,,,,"161,162,178","55,61,65,67,113,116,118,182","26,28,29,59,66,68,70,75,76,109,111,116,121,206,207",,,,,,
YBR072W,"50,159",,"107,145,157,159","114,116,117,149,151,202,203",,,"165,168","114,116,117",,31,,42,,"58,63,167",,,,,
YBR073W,"121,188,213,294,407,554,593",3,"75,81,95,132,218,257,259,260,269,630,649,667","218,259,603,917","709,954",,,"75,121,260,407,437,489",269,,"20,98,335,410,689","62,64,67,68,72,77,85,205,206,208,211,212,374,396,538,651,653,656,722,725,742,885,899","53,83,85,89,328,330,528,809,881,883","56,128","709,793",393,"13,188","39,95,251","73,75,580,835"
YBR074W,"278,294,388,869,971",,"857,864,869,872","140,303,872",,,,,,,"17,96,121,217,533,656,768,796,808,809,811,866,937","75,251,260","127,558,559,566,727,812,813,816,860","277,280,487,489",835,,"81,253,311,751","140,144",
YBR077C,,2,,,,,,10,,,85,,"65,81,87",,,,"7,10,18",,
YBR078W,,,"27,228,295,351",76,,,,,,298,"37,177,189,190,208,215,216,222,260,261,285,309","350,352,353,355,356,357,359,360,372,379",,,,,,143,
YBR079C,"54,64,66,69,76,77,304,305,308,439,796,898,947,953",,"69,379,591,596,599,896","66,69,76,77,103,192,360,588,589,591,596,599,707,732,740,744,765,789,796",,953,"3,4,5,8","103,200,308,596,679,776,796",192,,"571,572,708","437,444,502,750,795,921","882,885,886,891,893,925,926,929,932,935,938,940","307,782,785",,,"757,758,759",521,"103,360,493,796"
YBR080C,"3,9,30,246,250,287,301,476,714",241,"100,128,217,304,476,486,490,494,496","110,200,208,217,328,337,494,496,540,652",723,455,,"30,250,482,486,490,732","3,9",361,"36,37,456,475","20,285,288,571","194,360,471,590",,"146,723",,"9,200,250,328,490","128,217,235,540","246,602"
YBR081C,"16,260,315,329,496,897,981,985,1068,1248",,"64,293,603,607,738,760,797,1158,1159,1172,1175,1199,1204,1207,1213,1255,1256,1284","16,55,161,260,293,315,320,323,329,484,493,494,496,503,599,603,679,757,760,873,889,897,1065,1066,1068,1074,1154,1158,1235,1236",,,,"410,484,496,757,760,889,985,989,1204","161,538",,"107,110,112,172,200,281,396,430,458,548,553,908,946,951,986,1320","51,102,109,111,1237,1246,1250,1251,1252","230,339,367,550,637,930,933,937,939","238,446,852,1058",,,"8,409,410,496,751,757,760,789,873,1199","323,382,400,805,813,1274","28,161,409,410"
YBR082C,"5,9",148,,,86,,"58,65,66",,,,,72,"20,21",,86,,,,
YBR083W,"10,30,318,344,414",,"80,85,90,99,201,288,303,343,424","80,85,90,99,149,193,194,201,318,344,352",,,,"99,156","351,352",433,"104,150,260,261,479","106,203,205,269,273,276,278,289,401","81,86,88,269,273,325,327,421,469","312,443",,,"4,10,296,303,343,344","54,281,282,288,352",303
YBR084C-A,"19,21,53,80,114,117,186","15,17,22,177","46,52,53,60",125,,,,"19,21,114",82,9,,,"6,13,69","78,120",,,"46,52,53,80,82,128",,"19,114,117"
YBR084W,"59,70,102,151,167,382,398,499,506,746,781,848,851,888,889,894,895","448,509","70,150,170,291,293,389,686,919","42,89,92,280,506,513","181,636,904",,,"151,170,280,382,499,851,879,889","380,787,813,889,895",,"218,500,670,860","6,9,11,33,298,384,433","117,298,342,346,355,521,655",,"98,904","176,904","499,506,612","66,382,582","329,334,398,499,692,698,781,888,889,894,895"
YBR085C-A,,,,,,,,,,,,"2,3,9,10,13",,"33,45",,,,,
YBR086C,"25,32,284,358,707,708,845,854,855,861",,"104,418,422,424,717,723,762,795,827,832","25,32,96,98,205,206,402,409,636,642,717,855,861,871",12,,,424,,184,"11,17,110,113,149,155,287,560,699,773,774,842,882,883,911,914,915","95,97,208,209,498,499,676,678,679,681,685,686,844,847,850,853,859,860,870,873,876,880,884","621,720,823","488,730",,,"25,695,756","402,409,485,630,762,827,832",90
YBR087W,216,5,249,"148,220",,160,,,,,"314,317","51,77","17,275",92,190,352,216,128,"128,216"
YBR088C,5,,,,,,,,5,224,"83,84",67,,,62,,13,"127,164,168",
YBR090C,,2,,68,,,"3,5",,77,,,,"7,12",,,,,,"56,77"
YBR092C,223,,"223,227,230,419","227,230",259,,,"67,77",,,"80,86,145,175,229,233,298,338,339,373,422,428,439,444",,,286,,,223,,
YBR093C,"13,223",,"13,69,72,223,227,230,302,419","227,230","195,259",,,,7,,"80,86,145,175,229,233,298,338,339,373,422,428,439,444",70,,,,47,"7,223",,
YBR094W,,,"56,225","187,190,285,355,356,437,623,705",,,,190,"436,437,645",,"57,140,179,328,469,535,730,732","141,142,291","148,149",,39,609,"311,436,437","89,533",
YBR095C,"45,51,67",,"16,35,37,45,179,358","35,51,343,354,358",,,,37,163,,"21,81,94,142,239,368,400","2,182,396,398","6,136,186,187,249,265,267,270,330,335","41,373",,,,391,51
YBR096W,183,,"174,178,181,183","174,178,195,198,205",164,,,198,"198,205",,84,,,,"143,164,189","4,164","130,198",,"195,198"
YBR097W,"211,812,869,1180,1184",,"807,812,818,822,828,831,842,978,1015","211,409,415,687,693,788,818,822,828,831,978,1041,1184,1410","288,535",,,"211,822",1035,,"34,87,242,266,331,562,563,592,808,893,958,970,977,1401","834,835,979,982,983,984,985,1385,1387,1390","825,847,1061,1379,1413,1414,1416","207,696","1173,1433","358,608,760,761","106,211,250",,
YBR101C,,,"142,144,151,191","144,151,263,269",178,,,269,,277,,,226,"268,283,288",178,,,127,263
YBR102C,"185,343",,"14,17,18,25,27,48,147,725","244,337,670,725,746,747",433,,,,"680,746,747",,"111,112,119,129,132,141,168,169,194,206,223,340,358,419,421,500,512,635,638","52,53,55,409,529","21,22,28,31,69,70,76,161,211,482,490,494,496,516,519,523,605,606,716",54,,,"17,18,244,337,725",725,"266,337"
YBR103W,"195,196,271","532,533","70,156,477","472,473,477",,,,"42,195",42,,"248,283,289,368,371","162,163,164",,,,,195,"195,354",
YBR105C,"6,13,92,93,251,293",,"93,147","69,153,154,201,251",,,,154,,,"87,115,239,244,268","27,31,37","27,31,197","68,132",,,"201,277",201,291
YBR106W,"57,97,154,171,172",185,"90,150","90,150,172",,,,,,,,,"125,157",,,,"90,168,171,172",186,90
YBR107C,,,,,,,,,,,194,"220,223,224,225",,70,,,,,156
YBR108W,"8,16,27,465,738,752,901",,"16,20,27,35,84,752,756,838,840,852","822,825,832,837,838,840,887,888,889,895",,,"88,90,730,786","776,792,825,832",,"387,688,690,692","43,181,469,708,788","441,470,471,472,473,482,484,485,486,568,636,709,729,765,766,868","52,57,58,64,184,187,203,206,211,414,420,608,729,734,736,842,843,847,857,859,861,870",914,,,"84,92,840",432,27
YBR109C,95,,,,,14,,,14,,"4,25",,79,,,,,14,
YBR110W,"243,248,296,311,398,414",,"263,266","414,423,424",306,,,,,,"88,199,425",,,,306,"72,306","248,296,421,423,424",,296
YBR111C,"26,45,51,55,60,89,92,141,210",68,"31,141,145","31,60,92",,,,100,145,,,"66,70,71,73",73,,,,"145,210",,"31,92,100"
YBR111W-A,30,,30,,,,,,,,"51,53,57",,,,,,,,
YBR112C,"735,821",,"736,748,761,784",185,,,,,280,,"419,777,778","84,85,458,462,464,480,602,702,811","602,741,744,780,805,811,815,866,943","168,316,353",,,410,"185,927",
YBR114W,"134,135,272,380,620,630,658",,"17,32,35,127,135,138","35,40,439,601,602,614,620",706,,,"272,486,630",,,"47,610",174,"18,25,59,63,109,116,231,233,670,672","21,54",689,"381,383",389,"69,103",
YBR117C,"46,268,273,276,277,541,669,671",217,"194,233,235,238,240,273,276,277,516,544,580,581,583","235,276,277,326,574,575,580,581,583,669,671",,,,"273,277,544","205,298,299",,"387,505","249,513","350,384",297,,,"273,298,299,663,669,671",,"276,299,307,541,580,581,642"
YBR118W,"20,30,36,41,44,51,55,62,64,84,154,170,177,178,184,214,217,222,242,253,271,311,316,390,393,401,437","260,262,265,301,431","178,441,444,447","44,154,170,177,178,242,390",409,"44,51,55,62,64,100,129,154,178,253,288,311,316,457,458",,"177,178,328,393,437","3,5,30,36,51,55,62,64,79,271,316,454,457,458",245,"312,339","38,72,104,106,107,133,185,192,259,285,289","38,173,185,284,285,314,438","56,252,355,416",409,409,"36,41,44,154,159,170,177,178,210,214,217,242,253,271,393,401,441","44,224","44,51,55,62,64,170,177,178,184,288,311"
YBR119W,"45,206,210,213,298",,"110,276","16,93,100,138,147,149,159,206",,,,"32,278",,185,18,"97,200,208","20,113,115,152",,,,25,,278
YBR120C,"67,125",158,"12,13,59,67","12,52,57,59,60,81,86,90,95",,,,"13,125,128,147,148",,117,71,"2,3,4,10,153,157",,"119,127,135,136",,,,67,
YBR121C,"93,103,293,301,424,431,432,465,557","3,503","247,298,405,407,460,469","166,247,298,301,320,404,405,407,409,432,437,440,469,473,486,489,572,578",,,,"103,293,465",,,"244,245,333,451","248,252,254,321,382,395,615",,,,,"103,293,588","7,8,156,159,407,409,444,486,489","86,93,301,349,356,588"
YBR122C,"3,8,48,140",,103,"31,36,165",,,,,,,,"4,12,13,15","52,55,126,133",,,,,"132,136,137,140",3
YBR123C,"57,70,128,134,138,141,637,641","3,647","54,128,134,138,141,145,300,306,395,403,408","54,57,64,134,138,141,145,180,252,254,261,297,298,300,306,310,371,395,431,624,627",,,,"70,106,138,141,145,300,477",180,,"44,129,130,131","283,593,617","38,164,398","242,244,385",488,,"106,141,300,427,631,637",637,"404,637"
YBR125C,"218,256",393,"12,256","334,341",,,,,256,,"104,173,270,274","6,133","139,144,247,251",,,,218,,
YBR126C,"55,452,453,459,462",,31,"267,268,452,453",,,,"462,466",459,293,"32,135","12,13,14,22,447,483,484,486,487,488,489,490,491,493",,,,,"80,267,279","267,268,452,453","55,452"
YBR126W-A,,,,,,,,,,,,,,,,,,,
YBR127C,"6,13,14,411","194,298","13,14,169,470",14,188,384,,"6,13,14,90,384,411","13,14",,"54,207,232,326","105,116,174",,"307,309",188,188,"13,14,23,226,411",23,"13,14,43,45,384,406"
YBR130C,,,"114,213,219,222,228,231,234,278,282,290,291,358,368,413","73,83,219,222,228,231,265,269,273,278,282,291",,,,413,368,,"34,39,139,215,328",425,"2,27,28,30,35,306,307",,147,,282,83,290
YBR131W,"212,430",695,,"221,224",645,,,594,,,"18,95,123,130,160,241,315,316,329,373,511,650,651","404,408,519","524,529,532",,,469,"212,234",,"234,587"
YBR133C,"425,436,439,444,626,627,709",5,415,"262,308,444,512,709,774,780,783",84,,,"52,709",,"388,394","27,488,517,602,633,687","29,209,638","30,32,649,718,720,721","39,41,222",130,,"52,91,436,439","439,444,573",709
YBR135W,,,,,,,,12,,,,,"27,35","30,34,39,41",,,"48,52,101",,"48,52"
YBR136W,"414,448,482,571,619,821,850,857,983,1084,1110,1115,1357,1358,1871,1959,1990,1998,2002,2005,2060,2063,2145,2156",,"25,29,365,380,472,811,821,1007,1238,1552,1814,2060,2061,2063","16,25,29,30,46,351,395,406,619,674,1110,1215,1617,1643,1814,1998,2002,2005,2150","2126,2227",,,"56,571,575,619,818,850,1083,1084,1110,1251,1364,1369,1617,1815,1998,2318,2321","999,1017,1740","389,585,1387","66,108,253,381,405,450,451,479,596,862,863,1366,1515,1645,1752,1775,1776,1945","177,457,459,1077,1081,1583,1996,2143,2148","598,600,603,1074,1077,1081,1088,1089,1404,1964,1973,2027",7,"467,1713,2227,2246",2246,"30,65,619,875,1083,1084,1244,1637,1639,1643,1677,1814,1815","1643,2002,2005,2080","43,703,821,1083,1084,1211,1244,1364,1677"
YBR137W,"6,7",2,,"6,7,112",,,,,7,,169,,,,"107,145",,51,123,
YBR138C,"126,132,139,146",,"146,206,234,237,238,246,248,251,450","132,237,238,246,445,450,451,452,457",,,,"234,237,238,480",,,"65,66,335","233,235,241,243","49,52,56,82,84,85,87,120,412,414",199,397,,"132,139","76,307",
YBR140C,"1470,1477,1480,1616,1689,1740,1884,1912,1985,2240,2663,2692,2695,2762,2823,2824,2998",,"128,396,400,509,1012,1023,1026,1477,1598,1912,1976,2205","128,232,235,237,637,638,800,1018,1023,1026,1370,1477,1740,1795,1912,1993,2204,2205,2823,2824","1754,2630",1480,,"310,638,2204,2205,2240,2824,2893","63,1043,3044,3045",,"2,89,175,454,529,565,826,873,895,898,913,1251,1531,1630,1635,1637,1725,1937,1973,2135,2137,2167,2318,2351,2470,2930,2931","444,447,448,449,455,456,457,458,459,460,463,464,466,544,622,801,915,997,1298,1300,1584,2523,2658,2659","910,915,916,918,923,956,966,970,1010,1031,1036,1330,1386,1745","2030,2354,2459,2993","1217,2099","1217,1372,2630,2876,2988","637,638,1142,1740,1884,1906,1912,2216,2229","400,1142,1891,1912,1976,2034,2038,2295,3052","120,1147"
YBR141C,"73,80,158",23,"66,73,158,162",86,,,,86,,244,"19,107","109,166","59,167",,171,"51,171",80,"106,110,112",106
YBR142W,"15,60,66,67,70,240,242,322,698,699,758",,"60,66,67,70,73,79,240,242,500,597,666","66,67,70,73,77,79,273,396,515,667,698,710",,,,"240,264,265,322,352",,,236,"217,222,238,246,250,252,306,329,607,703","117,119,120,121,678,684,686,688,690",118,583,,"60,66",731,"15,326"
YBR143C,"87,103,105,106,168,276,340,347,349,378",5,"60,78,105,106,219","15,16,80,168,176,235,281,347,349,355",,,,"106,235,347,349","105,106,411",179,"27,118","70,249,383","170,432",287,124,,"331,347","80,347","23,307,349"
YBR145W,"21,63","83,88","11,25,84,87",167,,,,87,"25,338",,"98,248,266",,,132,298,,"9,33,210,212",,84
YBR146W,28,"157,169,276","64,144","28,161,248",,,273,,159,193,,"147,214,215,216,221",70,"26,89,133,256",,,,"144,243",
YBR149W,"59,315",101,"258,262",51,,59,,"51,59,143",,,"114,264,268","116,293,294",,"62,71",,,"150,262","91,143",315
YBR150C,"146,156,160,256,273,572,577",,"126,211,216,244,572,577","100,156,240,261,265",,105,,"244,256,572",174,,"186,199,237,831,922,935,941,942","201,208,212,483,485,486,795,1034","65,189,190,192,193,312,887",617,"252,367",,265,"172,174,545,862,1069","481,878"
YBR151W,"8,105,112,116,124,230,311,312",,"112,124","116,124,224,225,230",216,,,"8,10,112,225",,11,"72,182","125,288","68,73,74,76,241","237,243",,"110,128","8,10,214,225","49,63",
YBR152W,"154,231",290,"142,269","112,115,142,148,224,226,231,240",,,,142,,,"29,50,55,160",114,"12,18,19,38,64,182","283,288",,,154,115,231
YBR154C,"24,91",,"161,197","45,166",47,,,,,155,"5,8,143",,"59,157,158",187,,,24,,
YBR155W,"87,88,95,135,153,311,332,335,336,373","4,385","100,344,345,364","42,108,170,175,307,308,317,332,335,336,344,345,373",144,,,"88,153,336",87,,"120,235",3,"2,122,229,232,237,241,243,338",,,,"42,87","252,344,345","71,87,88,345"
YBR156C,"61,117,261,310,315,393,592",,"66,169,172,188,219,274,296,310,367,370,377,398,399,440,443,481","65,66,161,169,179,188,211,212,310,315,324,408,525,527,530,561,562",,,,"275,399","273,274,275","232,303","30,31,192,348,468,616,625","120,180,253,255,256,298,299,305,306,309,311,432","21,70,73,120,123,177,181,183,268,276,326,327,328,329,333,335,346,350,352,419,421,425,427,437,448,457,489,554,565,567,633,635","445,446",,,"273,274,275,310,571","66,153,169,179,497,504","80,87,443"
YBR157C,85,,"151,219","29,77,85",,,,77,,,"93,161","13,14,16,19,20,24,25,27,195","40,41,43,44,47,118,120,122,124,171,172,176,184,195,212","36,190",,,,237,"219,224,232"
YBR159W,,"284,344","60,187,193,197","193,197,198",,346,,"60,63",125,,"173,174,325","97,257,258","266,267,290",294,65,,193,193,63
YBR160W,"13,24,40,41",,,"13,104,255",,,,"9,13,115",,,,54,"18,46,169,174","19,23,168,177",,,"66,104,274",,"13,63,138,146,151"
YBR162C,97,,178,"90,97",280,,,,,,"213,394","122,150,152,180,181,182,187,188,190,191,192,193,194,196,423,427,428","170,172,173,175,176,177,179",378,96,,,,
YBR163W,"308,328",,"260,322,328,563,567,573","167,169,170,173,563,567,573,576,577",,,,"37,162,573",311,,"53,153,408","69,226","132,456",,,135,"468,563,567,573",91,
YBR164C,"11,98",,142,,,,,"142,150",47,,,45,,36,,,"142,150",,150
YBR167C,"22,27,46,50,86,88,89",140,"13,17","5,10,50,88,89,128",80,,,88,,,,"7,37,38,39",,41,80,80,89,89,
YBR168W,329,,,"6,8,15,17,171,253",,,,171,253,,"214,325",,,"314,338",173,173,,"17,19",276
YBR169C,"86,91,96,109,230,352,360,450,471,479,529,571,623,627",,"54,62,259,351,352,453,461,468,529,538,623,627,645","69,86,222,230,262,273,275,276,360,522,530,538",,,,"77,96,99,230,276,352,453,471","99,329","45,47,235,570","11,12,13,33,281,422","52,55,58,59,226,353","35,36,38,353,355,590,594,679,682","445,579,589",,,"54,56,69,77,230,623","393,453","86,230,250,351,450,468,571,661"
YBR170C,"86,124,269,505,506",14,"450,480",183,,,,,,312,"9,367,426",369,15,"189,501",45,148,,370,"269,370"
YBR171W,,205,,"90,192",,,,,,99,"5,11,12,123",,60,180,,,,93,
YBR172C,"18,102,365,368,376,480,594,642,645,649,698",,"447,480,490,592,594,606","376,436,437,447,480,488,489,490,565",,,,"468,470,480",,76,"140,155,456,518,525","99,100,110,359,360,575,588,599,602,605,607,609,610,613,619,622,624,625,626,627,630","68,70,80,82,83,84,96,99,100,125,128,129,166,169,170,172,537,544,545,602","604,681",703,,"468,470,480,698","21,450,489,490,645,649","376,511"
YBR173C,"113,141,144",,19,,,,,144,,50,"92,102",44,,,,,,"141,144",
YBR175W,"181,184","5,315",,,,,,,,,"127,149",,,39,,,,,196
YBR176W,"5,13,24",,"20,24,128,132,137,276","20,24,128,132,137,181",,,,"24,262",,,"237,266","10,11,12",,,95,157,128,"137,181","13,128,173"
YBR177C,"39,56,96,429","450,451",,"39,128,210,345,348",,,,56,345,,"18,28,189,318,431",304,267,,416,,"84,85,348",,"39,56,348,409"
YBR179C,"282,811",,"282,352,409,459,464,469,588,590,823","5,9,13,16,149,151,158,159,180,181,291,294,352,387,458,459,464,469,474,588,590,596,597,811,812,816,817,822,823",,,,"287,772",768,617,"304,535,536,764","638,804,840","298,299,300",,515,,"291,398,488,590,596,597","79,772",
YBR181C,"58,64,79,131,143,171,174",97,164,"136,167,174,220,228",83,"93,136",62,"64,149,214",95,,"4,10,80",,,"84,169",83,,"2,51,131,149,164,214",,"46,51,58,64,174"
YBR187W,143,,"143,152",146,,,,146,,,147,,,,,,,,
YBR188C,"30,85,102,104,114",,126,"94,104",96,,,,,,58,99,,80,96,96,"30,94,102,104",,"85,94"
YBR189W,"10,16,100,115,120,154",172,,"16,37,90,91",,37,,,,"107,108",,"161,162","7,9,11,13,14,21,22","12,95",,,"37,90,91,92,115",92,"29,37,115,120"
YBR191W,"50,55,60,129",64,"3,43","50,55,60,87,97",,,,120,,12,"45,66",,,"57,65",,,"35,43,60,129",50,"50,69,87"
YBR193C,169,,,"117,194",,,,117,210,51,70,"103,104,105,214,218",,,,,,173,
YBR194W,81,,,,,,,120,120,,"9,10","8,33","51,59,62",,,,,,
YBR195C,"92,179",419,"84,171","284,285,287,294,307",,,,,,,"38,40,405,407","71,258,422",,,4,,,"74,107,179",
YBR196C,"30,40,43,50,136,139,151,156,157,250,551",145,"23,50,234,482,528","10,20,23,30,47,50,240,528",,520,,"151,524","82,551",,"3,4,8,49,54,85,100,258,532","31,33,470,475,477,484","31,534,537,538",382,,,"23,35,40,43,50,95,151,156,157,234,524,528","35,455","151,156,157,234,264,528"
YBR197C,,3,65,"123,174",,,,,212,,"92,141","6,14,94,148","26,48,64,85",,,,,,
YBR198C,"70,71,100,130,290,631,775,776,781,783",,"100,103,130,290,393,538,775,776","93,100,209,296,384,397,408,409,432",,,,724,,690,"8,10,12,126,261,359,360,412","122,699,717,761,765,766","33,84,87,89,95,415",67,,,"130,209,290,296,775","339,776,783",296
YBR200W,"196,243,273,276,338,455,456",548,"16,75,78,80,106,243,456,477,531,543,545","16,68,452,455,456,506",,,,"118,124,367,482,517","124,276",,"13,139,142,150,253,423","40,47,48,49,51,116,143,238,439","28,33,60,71,72,252,258,458,461,463",159,,,"39,110,338,501,506","78,80,243,370",466
YBR202W,"59,205,486",444,,"475,486,646,724,757",457,550,,"223,367,475",,"534,772","195,554,732,832","129,417,488,489,562,677,680,685,731,734,827,828","285,338,342,344,392,394,579,816,819,820","644,728",,,"416,429,430,724",231,"130,416,466,528,550"
YBR205W,"134,266,270",,"63,144,146,152,262","169,175,235,262,270",,,,"12,87,391",,191,,,"56,58,62",65,360,,"144,146,399",,
YBR207W,"211,219",,"222,430","219,222",,,,219,,,"88,89,218,437",,"56,421,433,434,438,439,440,441",,,,,,
YBR208C,"147,257,650,1428,1610","126,547,1001,1105","87,113,199,202,258,269,526,535,602,747,756,775,887,1003,1023,1062,1064","363,526,535,602,604,611,630,631,756,1023,1062,1064,1399,1405,1716,1810",1655,,212,"526,604,702,1002,1003,1435,1474,1807","110,602,702,776","641,1311","262,289,462,515,551,1237,1335,1456,1458","98,148,180,185,474,1258,1386","141,260,1177,1178,1475","145,247,251,487,601,916,1574","150,596,859,1267,1540","596,726,1267","977,1002,1003","74,541,977,1064,1752","154,1023,1031,1435"
YBR211C,266,,272,"254,266",,,,234,266,,"94,159,196,199,315",126,"31,41,45,275,278,282,317,323",,,,"231,234",,"231,234"
YBR214W,"83,197,384",,"197,201,318","206,236,238,511",,,"66,467,469","197,201,236,238",,,"43,210,265,325,409","13,55,58,337,338,415,426,427,432,435","71,283,441,442,445,447,475,477",,,,"201,206,236,483","238,483",236
YBR215W,"117,289,365,372",622,"12,55,59,74,80,228,280,283,289,294,299,303,321,326,328,329,359,365,371,372,379,384,385,423,426,488","12,16,55,280,289,299,303,329,371,379,385,490,499,563",,294,,"4,12,64,289,294,448",448,,"134,186,282,361,387,405,411,476,511","284,293,363,552","83,85,126,301,305,307,308,312,389,424,433,435,579",78,,,,"42,43,371,372,384,385",
YBR218C,"226,228,370,690,742,1061",192,"118,500,529,742,897,903,962,1052,1084,1093,1124,1125","509,1061,1062,1084",996,,"150,153,156","6,22,95,118,228,543,710,711,1084",,"187,190","13,215,495,556","4,528,534","151,155,901,1142,1143,1177","289,716,717","218,361",,"20,22,735,903","95,228,1052","20,1027"
YBR220C,292,,408,"12,327",,,,320,,,"126,253,276,368,513",254,"7,9,88,369,370",284,,,,248,"320,327"
YBR221C,,"158,160,182",37,"74,290",146,,,,"287,360","82,86",120,"8,35,36,38,40,91,140,332,338","224,352",,146,,"291,360","232,234",
YBR222C,"173,181,226,321,324,352,354,499,515",,"509,515","109,117,121,173,505",,,,"111,117,121,173,324,499,505,509,515,518,535","109,499",,"12,390,398,405","2,3,309,318,508","365,503",96,114,,"162,321,515,523",226,"205,324"
YBR223C,"226,289,343,416",474,"78,146",416,,,,"369,416",,,"44,74,139,202,203","10,297,298,300,302,310,311,312,356,473","46,53,358,423,428,433","403,404",,,"78,86,416,454",369,255
YBR225W,"25,30,276,691,807,858,893,895",,"13,25,119,121,195,691,815","8,119,194,195,265,466,505,553,562,815,822,858","855,883",,,807,,174,"59,103,447,483,486,766,767","362,364,365,366,367,371,374,528,529,531,533,536,537,580,582,595,598","22,23,70,72,144,146,148,156,386,439,474,484,485,488,595,598,599",,855,883,"119,505,684,691,807,867","152,352,684",867
YBR229C,"88,110,116,324,418,426,449,465,571",,"770,881,895,897,898","418,426,433,897,898",,,,"7,8,116,135,449",,19,"94,106,122,153,325,763,771,847,848,860,887,921","93,95,124,125",,,,9,"27,55,135,418,898","116,203,895","493,876,881"
YBR230C,35,,"125,126",,46,,,,,,103,"2,4,105","4,9",,,,,,
YBR231C,"92,159,168,169",,129,"95,129,168,169",,,,,188,,207,"164,228,236,237","40,43,74,206,209",,,,,"92,95,169,205",95
YBR233W-A,,,83,24,,,,,,,34,,"20,43,47,49,91",,,,,,"24,31"
YBR234C,"185,333",,"9,16,153,190,296,301","16,190,338,340",80,,,60,121,,"299,300","79,81","181,189,192,245",243,"26,206",206,"7,9",301,
YBR235W,"52,60,62,563,647,719,726,941",,"313,864,866,886,946,948","60,271,279,587,886,959",,,140,"48,52,60,62,563,726",,,"122,633,689,936,1005,1007","11,674,876,899,935,938,963,966,989","19,20,21,24,25,26,29,654,671,672,870,911,915,918,969","37,40","673,687,744,1031",339,"279,563,581,595","665,688","60,62,688,879"
YBR236C,261,433,"33,37,62,137,298,311","33,34,37",,,,"145,271,274,425",160,,"47,113,197,316,317","2,3,55,56,57,60,61",141,"16,155",173,,"181,302",298,434
YBR238C,"25,207,247",731,"14,412,541",,508,,,,,,"35,343,461,471,601","24,602",603,"524,527",683,,,229,"367,403"
YBR239C,"263,471",,,"34,263,475",,,,135,77,,"22,42,106,107,110,169,171,175,190",67,192,"9,167","2,68","59,68,404,424,505","263,475",,"77,263,374"
YBR245C,"87,88,93,98,99,442,443,447,509,751,752,889,901,918,1068",,"424,425,659,660,684,725,782","93,98,99,107,126,129,152,512,570,635,664,668,720,725,972,979,1073",1052,618,,"98,99,474,725,889,894",14,,"29,453,456,586,717,774","345,403,419,420,525,528,1110","175,180,415,685,691,694,790,791,792,794,846,969,991","545,943",1025,,"98,99,414,918","414,714,725,828,979,981","87,98,144,474,668,894,918,967"
YBR247C,"19,222,234,313,379",,"199,209,212,344","19,29,57,61,212,273,309,313,319,379",,,,"212,231,234,313",309,,"188,193,269","5,6,7,271","115,404,465","53,143",,330,"29,313,429",61,"61,209,212,313,378"
YBR248C,"278,537",3,"35,98,157,158,159,258,419","167,170,278,417","470,520",,217,"32,35,278",321,,"38,298","248,328","220,499","231,234,287,369",,,"170,317",285,"67,158,159,258,417,537"
YBR249C,260,"117,367","260,266,335","92,253,260",300,,,335,"93,99,120",,"129,130,147,150,202","44,46,47,181,182,184,228,236,237",33,257,,,65,,"65,260,266"
YBR251W,"143,192,196,256","95,303","31,34,119,264","31,34,119,121,143,185,196,261,281,284",,,,"192,296",196,,"86,156,213",,"7,8",217,,,"31,34,196,235,264,281",,196
YBR253W,"9,82",,80,,,,,82,,,"26,59,60",91,40,,,,9,,
YBR254C,"10,11",,,171,,,,11,,,"82,83,86,120",153,,,,,,,
YBR255W,"42,364,372,376,387,394,445",,"67,326,346,372,376,379,394,465","30,97,386,589",,,,"32,36,376",597,335,"50,297,313,468,621","83,85,251,430,434,455,608","83,85,248,251,253,255,257,349,354,356,384,389,461,466,467,501,503,563,573",493,,,10,,589
YBR257W,"144,152,189,191,213",,"62,101,105,162,221","52,62,71,101,105,111,221",,,,162,,252,"156,165,190",,,,222,,"71,221",,
YBR258C,,,"25,88","9,14",,,,,,,"34,35,39",,,,,,56,68,
YBR259W,"290,681",,"40,351,517,547,631,639","31,205,290,537,540,569,631,660,664,676,681",226,,,"40,336,569,572,674,676,681",540,,"153,156,359,360,518,556,561",,"381,421,425,427",,226,,540,"146,147","290,418"
YBR260C,"37,186,308,315,323,324",,"6,7,16,315,520,525,552","145,153,164,195,198,284,509",,,,"6,7,37,308,323",520,,"95,301,304,529","4,10,12,14,187,228,360,364,365,393,396,397,399,400,402","194,285,289",,574,,"6,468,520","69,520","198,207"
YBR261C,"10,88,110,112,205",,52,,,,,,,,"164,172,173",,,,,,194,"10,88","84,205"
YBR263W,"98,199,289,332,351,430,437",486,351,"286,287,289,351,400,430,437,450",,,,"98,337",,"88,418,422","62,300,313,465","22,210,211,256,260,262,350,416,417,444,449","22,23,27,54,56,164","89,90,135",,,"297,332,443,450",,"199,337,343,351"
YBR264C,"28,32",,,174,128,,,192,,"58,111",51,"14,66",14,,197,"197,199",,,192
YBR267W,"195,205,353,354",,"116,200,205","116,353,354",,,,"88,89,90",,,,"2,3,49,52,55,62,208","246,283,288",,220,,"27,353","132,133,323,327",
YBR268W,,,"20,24","24,45",,,,45,,,,"5,13,14",,,30,,45,,
YBR269C,120,135,,,,,111,120,,14,,"30,34,35","61,77,80,83,87,93,130",,,,120,88,120
YBR272C,213,,"103,311,315","113,475","117,218,366",,,"113,315,475",151,,"65,467",57,,8,117,218,"113,402",466,"59,113,461,466"
YBR273C,"37,230,269",,19,"103,111,113,269,275",255,,,"230,244",,,"234,249",,"267,301,380,393,394,395,397,399",,,,"207,230","198,230",
YBR275C,"316,319,724,859,860,1125,1127,1711",,"114,592,706,943,1305,1335,1581","8,74,83,292,483,752,759,943,1248,1277,1298,1305,1471,1566,1629,1708,1741","1498,1697",1211,,"8,9,10,323,514,1131,1704,1769,1823","8,9,10,692",121,"28,31,591,635,807,827,842,877,1044,1054,1104,1254,1397,1440,1529,1622","119,702,1202,1465","54,57,59,67,102,106,110,154,157,159,180,181,824,1056,1058,1063,1345,1350,1360,1362,1367,1565,1567,1569,1601,1637,1834","231,434,656","473,556","473,556","570,779","719,860,943,1436,1444,1518","1131,1384,1566"
YBR276C,"157,311,323,351","2,164,177","171,542,628,630","318,323,582",,,,,171,,"60,61,95,98,104,105,138,167,230,290,339,352,353,363,537,656,672",617,"7,9,57,364,365",204,"136,191,725",,,,
YBR278W,"8,96",,"6,8,62","8,92,95,96,102,103",,,,"6,8",,,,"163,164,166,169","155,186,188,189,196",,,,"6,8,22","16,156,162",162
YBR279W,"170,265,268,295,302,320",,"12,109,114,170,176,177,212,214,215","77,90,93,109,114,167,212,341",,,,"215,295",109,291,"166,332,337",,"147,261,383,385,388",,,,"93,109,114,295,302","3,4,184,215,295,376,377,384,439",90
YBR280C,"67,489",,450,435,,,,"67,82,489",,,"250,255,278","127,135,136,161,169,171,257,266,289","16,78,224,261,266,268,311","112,116,228,319",507,579,67,"67,450,610",
YBR281C,"503,766,774",,"160,276,375","32,160,242,508,555,766,774",541,,,"178,766,777",,,"144,413,615,709,718,736,863,866,876","72,190,369,370,451,453,456,459,552","63,72,194,197,199,261,825,827",,"541,597",,766,283,
YBR282W,"76,143",,"11,39","35,39,46,50",,,,,2,57,49,13,7,70,,,,66,11
YBR283C,"108,401,417",486,"447,449",401,,,,401,,"113,278","87,246",,,,,,108,,
YBR286W,"67,212,218,263",,,"301,408","187,470,475",,,"212,267,408",529,,"85,96,115,123,150,371,377,427,480","251,254,257,410","51,246,254,257",,"187,213,475",187,263,"80,509",
YBR288C,"106,108",481,"311,349,462,465,468,471","146,311,465,471,473",,,,84,"106,349,357",,"135,287,423","153,160",,"103,141",,,"146,465","144,146",
YBR289W,"350,382,484,667",,"150,320,401,761,798","393,436,768,798",,,,"142,436,825",,,"92,421,451,709,756,806,845,895","390,394,396,691,692,732,736,835","689,851",339,,,"388,481,798","393,487,798",
YBR291C,"59,249,262,267,271",163,45,"7,210,239",28,271,,"37,45,48,141,166,267",62,,158,"2,8,30,206,268",,172,"28,256",,62,62,"262,267,271"
YBR296C,,,"71,316,478",,,,,,,,"312,425",,"299,311",,524,,,,
YBR302C,"10,108,205,225","376,379","18,24,166,167,169,172,174","10,18,24,166,167,169,172,174,177",,,,"101,166,216,219",,,,111,,,,"247,256",24,216,205
YCL001W,104,,"180,181,182",,,,,182,,,,,,,,,34,182,
YCL005W,189,,,,,,,159,,,"195,199,224",,"184,186,216,241",,,,,,
YCL008C,,,185,"299,361",,,"96,182,184,187,191,192,194,195,196,197",361,,,,,"381,385",,,,361,361,
YCL009C,,,,,"111,244",,,,,,227,"51,53,97,281,286","281,285,286,287,298",,"111,244",111,,,
YCL010C,104,,104,"32,40",,,"187,188,196","32,220",259,,"37,70,76","208,210","69,78",133,,,105,"32,82",
YCL011C,"157,180,204,208,236",,,"180,298",133,,75,"180,240",,58,"128,171",363,"62,165","8,30,59,63","133,242",,170,209,"170,180"
YCL014W,"85,480,550,552,893,917,923,932,939,1154,1193,1195,1380,1581,1583",,"792,804,821,855,861,863,865,874,893,894,898,906,917,923,932,1147,1494,1503,1552,1575,1581,1583","3,12,13,85,397,402,405,569,578,611,827,835,894,898,908,909,910,917,923,932,963,1147,1154,1185,1503,1552,1563,1581,1583",324,,,"407,865,1147,1242",28,"1213,1373","152,156,209,722,799,801,832,1027,1083,1109,1113,1274,1445,1451,1485,1502,1577,1592","189,450,800,1219,1443,1447,1448,1449,1579","118,120,147,151,154,257,877,883,890,891,896,903,904,1075,1149,1153,1166,1183,1226,1228,1443,1453,1459,1460,1468,1566,1571,1614",1229,266,,"3,12,13,15,368,611,1147,1154,1193","391,552,1329,1353,1356,1361,1380,1494,1503,1530,1533","397,468,547,932,1154,1193,1195,1608"
YCL016C,"134,283,285,307,311,364","376,377",167,"46,142,318",156,,,"167,357",,,"247,248","309,312,319,320,375,378,379",,,,,311,103,364
YCL017C,369,,,"184,187",421,"299,304",,"267,354,369,372","299,493",,395,"4,5,7,9,11,14,35,64,68,108,296","68,324","17,310",421,421,"267,353,369,372",,
YCL024W,"82,286,292,298,354,496,736,905,926,927,930,1007,1010,1011",1034,"292,295,298,380,386,447,489,496,678,826,835,845,1010,1011,1020","287,292,295,346,354,373,489,578,581,582,586,740,826,845,917,918,1010,1011,1016,1020",,,190,"243,719,817,1007",243,671,"250,315,348,351,500,846,869,907,969,972,981","26,436,456,462,464,723,861,864,866,914,915","32,185,186,189,388,392,393,394,395,422,483,488,491,492,494,495,497,499,558,675,679,723,763,787,822,825,827,831,848,892,894","288,594,618,734,853",,,"243,286,287,292,346,652,653,845",13,"154,298"
YCL025C,586,,"5,388","14,117,521",,,,593,,,"15,142,181",318,101,,,633,"5,64,306,313","11,521,609",
YCL026C-A,,,,42,,,118,42,,,,,,91,,,,21,
YCL026C-B,"64,72",189,,"65,72,81",,,,"64,65,72",,,,85,"76,183",,,,"64,65,107","107,186",72
YCL028W,93,,,,,,,,,,"151,196,338,339,341,343,392",99,,,,,,,
YCL030C,"123,128,171,196,242,352,363,372",343,"123,176,367,372,538","123,128,129,132,137,171,172,176,205,318,327,339,367,518","213,470,770",,,"19,774,796",563,"182,188","270,581,633,727,755","381,382","136,519",733,"213,237,770","213,470,770","176,790,796","196,205,278,280,347,380,522",196
YCL031C,"77,276,278",,"228,229,233,238,242,251,255","28,218,228,233,238,242,251,252,254,255,276",,,,"69,221,228,233,251",,,48,,"45,47",,,137,,10,
YCL032W,"103,303,309,312",,220,"103,269,273",57,,,93,,,"232,335,339","126,127,150,151,152,153,154,155,234,237","196,198,202,244,248",,,,"110,273",,
YCL033C,3,,,,97,,,,,,"29,72","25,35",,,,,,,145
YCL035C,57,,,,"27,30",,,,,95,,,,67,,,,,83
YCL037C,"73,79,93",89,"43,79,84,93,98,113,287,359",290,,,,290,,,"307,346","2,5,71,74,75,76,78,86,88,114,117,118,119,120,121,122,274,279","355,408,409",,,,,,
YCL039W,"29,30,34,41,233,362,672",476,"429,521,525,577","261,515,521,713",,,,"34,525,713",,,"12,13,61,136,305,455,510,603,612,714","114,341,343,344,496","99,139,141,439,441,442,446",,"26,140",,"6,34",,"261,588"
YCL040W,"8,141,142,158,275,324",,,"141,150,267,486",22,,,"8,141,142,267,486",45,,"74,217","58,162,164","399,400,402,415,418,470",,"22,496",496,"142,267",,142
YCL043C,"332,362",,"336,439",336,68,43,"37,392,435","260,261",,,"60,95,96,133,152,403",,309,,"42,68",,"336,372,373",252,332
YCL044C,"32,109,198,336",,"111,113,212,336,337","111,113,114,208,210,212",,,,"114,212,311",190,,"10,12,216","91,121,340,344","91,285,397",,,,"114,310,311","31,32,228","31,32,191,198,246"
YCL045C,"21,371,427,428,611,619,626,628,629,630",1,"344,353,386,628","263,353,433,587,619",,,,"244,619",,,"49,82,166,168,178,395,396,419,550",,"345,347,350,551,552",461,,,263,,
YCL050C,"25,167,243,244",,291,167,176,,316,16,"14,16,269,291,295",174,273,,60,,176,,"86,89,243,244",54,"25,291"
YCL051W,167,,"198,253,338,358,479","142,251,343,463",272,,,,,,517,"4,6,67,70,71,72,74,285,306,307","19,21,22,24,33,37,103,110,112,154,184,210,214,228,230,246,274,276,282,302,306,307,310,313,317,371,373,376,393,395,398,453,457,488,491",100,"272,458",272,,"179,198,514",
YCL052C,"319,383","2,413",52,"383,385",,,,"199,316,319,338",,,"24,85,120,212,365,386",,"47,49,289,291",,,,316,"199,319",
YCL054W,"39,112,184,424,543,591,715",240,"32,792","23,39,168,203,206,232,308,312,313,316,424,426,438,550,735,817,824",199,839,,"39,294,427,543,676",426,,"153,190,628","432,707","432,529,630,635,639,646",516,303,,"164,216,294","334,426,427,676,704,817",32
YCL055W,,,"192,283,319","76,86,167,176",,,,"34,79,192,306",,,"17,18,117,261",,"13,329",,217,217,"191,192,306","86,306,319",
YCL057C-A,,"75,97",21,21,,,,,,77,22,2,,,,,,,
YCL057W,"197,344,345,597,660,669",,"182,185,186,187,210,239,555,559,660","157,321,323,330,339,344,407,412,485,572,669,692",605,,,"157,161,261,323,572,669",482,,"29,60,115,194,234,411,479","69,73,77,241,552","16,73,75,105","354,355,450",,,"161,210,663,701","345,559,663","339,407,412,669,692"
YCL059C,"54,96,201,312","139,146,232","83,87,239,245","87,96,102,245,246",123,,,"245,246",115,,,107,13,"198,248,311",,,301,"18,20,25,312","96,135"
YCL061C,"381,394,526,783,904,906,907,954,1026,1029,1032,1035,1041",991,"21,22,70,71,318,401,954,1026,1029,1032,1035,1041,1049","21,149,155,307,323,324,328,478,498,844,1041,1049,1057,1085",,,,"14,438,445,489,693,789,960","841,917",,"57,61,117,161,371,956,1025","119,120,121,123,131,911,965,1027","112,185,188,189,191,338,367,404,409,559,568,569,571,579,581,605,607,609,741,801,807,911,1033,1089",744,,,789,"347,354,394,838,906,907","290,779,783,789,917,954"
YCL063W,"152,282",,"180,203,204,333","203,349",177,,,156,,,"186,245,351,352,354,365","124,125,127,128,151,172,304,323","39,40,83,119,122,124,125,127,128,131,149,151,178,236,240,269,272,275",267,"37,177",,356,,
YCL064C,"47,100,263",,"94,229,352","164,172,174,358",,,,"94,174",,,"216,244","231,232,235,236","59,332,359",,,85,,,"263,352"
YCR002C,28,,,"128,252",,,,119,166,,223,"81,228,237,317",,,,,119,,
YCR003W,169,,"161,169","161,164,167,169",,,,103,,,,"18,19",,,120,120,,"134,138,169",
YCR004C,"24,198,199",,"23,101,198,199,213,221","198,199",,,,"24,213",,,,"217,224","162,168,175,177,179",,,"243,244","23,24,32",,
YCR005C,"46,50,96,215,218,230,322,454,459",3,"96,100,176,230,448","46,50,96,100,102,176,218,450,454,459",,,,"96,176,184,385,387",,,"19,129,261",255,437,"62,373",,,"24,96,387,442,454","218,308",208
YCR008W,"18,60,63,218,225,242,314,559",,"40,60,148,345","218,314,345,348,547,549",281,,,218,,,"144,183,296,297,300,337","59,61,68,70,71,73,78,123,124,127,184,185,362,377,378,587","15,22,23,36,70,110,120,214,215","269,552,568","318,473",189,"348,559",24,"18,451"
YCR009C,28,,160,"7,49,52,128,135,136,140,141,187",96,,,"7,8,20,24",,,,"2,115,121",25,,,,"7,8,28,52,148",246,
YCR010C,64,281,,,,,,,,,,"2,8,11,238",,,,,64,,
YCR011C,"4,14,127,290,707,709,768",1021,"23,290,591,592","14,290,425,469,476,477,482,591,702,707,968,971","271,546",,"29,37,211","4,469,592","476,591",,"25,89,140,143,196,363,790,910,911,935,938,946","323,405","229,373,634,726,732",,276,240,"290,482,591,592,709",4,434
YCR012W,"6,32,82,214,218,244,266,345,351,359,379,380",,"82,132,272,379,380,386","32,74,82,132,137,139,142,147,266,272,274,320,351",98,,,"15,17,32,33,74,147,218,258,266,379,380","15,17",122,,"76,141,172,384,388",,159,98,,"6,15,17,32,33,48,82,142,190,193,214,258,266,302,328,330,359,379,380,415,416",,"15,32,33,82,190,214,218,258,330,379"
YCR016W,160,"288,290","55,56,64,68,69,71,188","81,83,86,89,92,93,95,98,188,200,221",,,7,95,"212,214",,"40,49","2,74","20,21,25",,,,260,"136,214","221,260,268,274"
YCR017C,"237,932",883,444,"147,247,253,444,450,641",,,,,821,,"88,219,285,415,419,490,767,792,825","668,726",258,,,,735,,"457,928,932"
YCR020C-A,,"56,88",,,,,,,,,,,,,,,70,,
YCR020W-B,,,,66,,,,,,,"4,5,11,17,18,23",,"51,61",,,,,,
YCR021C,,,,,,,,,,,"2,10",,"301,308,312",,202,,105,,
YCR024C,"366,374",,"82,113,116,129,130","317,351,355",,,,477,,,"91,301,330,437","42,199,200,202,486","308,489","131,136",231,237,"130,366",351,374
YCR024C-A,,,,,,,,,,,,,,,,,,,
YCR027C,"146,151",,,"138,141,146,151",,,,,,,10,"30,129",129,46,64,,,,151
YCR028C,6,,"463,464","25,26,68",,,,,68,,293,,"17,494,508",,,,6,,
YCR028C-A,"15,16,21,111,121",,"102,111","15,117,120,121",,,,"15,16",,,"62,67","5,13",134,,,,45,,
YCR030C,"44,50,200,242,344,461,685","784,785","152,333,335,336,344,470,700","50,810",,,,"152,781",,,"136,137,166,216,329,377,378,613,621,757","15,17,22,252,254,264,267,269,275,277,308,380,381,384,385,386,388,389,390,424,433,471,475,477,485,496,571,573,574,590,702","93,168,267,297,311,312,331,334,337,338,340,343,399,402,403,409,414,424,455,456,459,496,498,570,571,573,574,577,734","119,392,400,866",,,7,771,"7,44,668,685"
YCR031C,"36,47,49,82,92","4,5",,,71,,57,49,72,52,"3,24","31,43","2,91,93,119,123,125",58,71,,36,"47,49",82
YCR033W,"104,304,346,472,521,524,553,647,1221",990,"382,391,432,445,488,524,658","278,285,300,304,372,373,376,414,429,445,453,463,472,475,524,529,530,534,560,658,659,790,799,879",457,,"4,5,6,1187","691,694","694,1105",1034,"52,55,128,161,179,203,239,259,444,493,672,836,998,1076,1098,1099,1135,1196,1199","39,40,59,61,62,95,96,137,156,157,158,159,160,267,1138,1141,1142,1143,1145,1185,1186,1189","75,192,747,757,976,1043,1092,1123,1185,1186","31,422,624",,548,"432,437,445,667,694","198,288,294,517","382,429,949"
YCR034W,,"309,310","311,330",311,,,,,,,32,,"334,336,338",,,,320,,
YCR035C,"71,81",172,"71,81,84,168,289","81,173,375",,,,"242,368",,,"56,57",,"311,314",,144,,"71,375",,"358,368"
YCR036W,"177,218,327,331","59,329","39,49,128",128,,,,"75,218",,,"67,272",,,"143,326","81,257",81,"218,327",218,128
YCR037C,"124,130,167,169,175,318,322,444,452,527",,"80,84,318","89,167,378",,,,882,920,,"162,202,872","222,317,320,783,784,915,916","41,43,52,54,88,90,92,94,99,120,125,126,127,140,142,143,144,146,147,236,250,644,647,648,654",,,,"169,175,881,882","38,124,281,378","452,527,881"
YCR042C,"24,563,988,1030,1032,1207,1305,1315,1325,1328,1398",,"120,194,980,1030,1037,1170,1315,1316,1319,1321,1325,1328,1332,1335,1339,1341,1398","194,563,985,988,1023,1030,1032,1037,1398,1402,1406",347,,,"190,1030",,780,"418,420,560,646,647,732","15,17,18,482,485,620,1309","161,163,166,261,1185","883,884","496,970","347,970","1030,1032","284,980,1170,1181,1184,1202,1204,1207,1288,1294,1300,1304,1305",1305
YCR043C,,125,,,,,,,42,,,,"9,107",,,,,"103,114",
YCR046C,22,6,"22,24,64,65,67,71",60,,,,,,,,,"37,63",,,,,,
YCR047C,"21,134,153",,34,"193,234,239,259,265",,,,153,,,15,88,,,,,,,
YCR052W,"108,117",,"26,34,98","26,34,35,132,135,141,142,314,321",,,,404,,,"80,410,473","3,5,54,55,60","166,283,317",46,,,,,"98,108,209"
YCR053W,"222,228,271,322",,"233,268,271,289,322,380","151,380,405,481,482",428,,,289,"289,290,405,415,511",,"3,102,468","11,276,448,449","5,90",469,428,,"380,388,405,406,436",,"81,388,405,406,415"
YCR054C,"214,278,393,420,499,503,537,540,546",,420,"278,513",25,,,,,,"80,151,337,434","275,494",545,,,"25,26",507,"109,174","278,540"
YCR057C,103,,"166,171,180,548,761","56,171,528",555,,,"56,264,368,572",2,666,"19,45,597,598,599,624,631,707,837","165,272,574,851","660,671,722,725,726,768,907,912,913","52,755",555,555,"166,495,843",,"123,171,843,869"
YCR059C,"72,79",,,"26,79,187",,,,,,,244,,"194,198,204",195,,,241,,
YCR060W,"6,8",,,,,,,8,8,,,"2,13",,,,,"6,8",,"16,79"
YCR061W,"176,177",,177,,,,,,,201,"67,78,242","175,377,472,538","52,199,203,205,243,244",,,,,"176,177",
YCR063W,"83,85,97,102",,,"69,75,97",,,,"85,102",83,,"112,115,116",,"6,9","62,64,67,68",,,"18,20,75,83,85",,"44,83,85,97,102"
YCR066W,"385,393",,"151,287,289,372","241,249,366,372,405",,,,385,,,"117,234,277,298,348","18,161,279,280,282","54,153,155,292,480",,252,,"287,393",,
YCR067C,,,"241,565,647,910,942","210,382,384,386",,,,"102,386","386,543",,"35,89,119,158,620,1038","144,145,245,246,308,464,465,467,621,642,646,869,872,873,877,919,920,944,946","280,490,501,701,703,705,796,813,814,947","8,12,1058",,,386,543,"210,386"
YCR068W,"467,485",,"240,483","43,53,61",463,,457,,,,"173,202,208",,"7,54,57",,"269,295","269,270,463","315,319",,467
YCR071C,"64,83,88,131,144",,"37,64,88","88,116,117,131,139",,,17,"64,95,131",,8,,"27,32,33",,25,,"5,9",,,"37,131"
YCR072C,"344,345,393,435","160,510","86,87,93","128,130,345,362,435,477",,,,"345,393",355,,"31,65,68,111","80,133,135,136,137,234,294,296,300,453,454,461,463,466,467",,,"81,220",,"27,248,256,435",,27
YCR073W-A,,,69,150,,,,"141,260",,,"45,131,134","47,58,61,62,64","42,47,75,79,80",,59,,265,84,306
YCR075W-A,,,,,,,,,,,,,39,,,,,,
YCR076C,,174,40,"40,46",,,"214,215",31,,,,"231,237,247","120,123,194",,,,110,,117
YCR077C,"241,274,324,402",,"365,386,394,744","274,359,365,575,743,744,746,769",,,"120,128","274,324,402,746",,,"380,618,619,620","59,75,92,95,223","22,221,223,228,230,232,240,255,280,381,382,438,439,440,441,443,655",79,,,,"268,271,274",
YCR081W,"168,175,616,870,906,1304,1324,1424",,"142,349,352,354,359,407,409,1220,1304","770,813,823,901,1001",1034,,,152,,,"2,3,103,225,228,422,423,548,691,776,834,835,837,860,867,1015,1020,1023,1217,1402,1408,1413","69,102,104,105,106,307,308","102,1057,1062,1068,1248,1330","342,558","446,459",446,"954,1369",,1363
YCR082W,"55,60",,,13,,,,,,,,,,,,50,5,,
YCR083W,"29,104,125",,,,"80,92",,,"41,122,125",,,32,,,72,92,,"41,122",,"59,125"
YCR084C,"81,540,660",553,220,78,363,,297,,,"515,549","145,214,242,243,244,249,293,364,397,398,405,406,435,609,610,682","135,251,253,255,393,581,697","216,219,599,612,614,616","60,321,322,580",363,363,,"268,270,615",601
YCR087C-A,"57,60",2,"57,96,100,101,104,107","60,128,133,138",,,26,"92,93",,,"5,47",,,,,,,101,
YCR088W,"154,161,162,168,176,230,258,358,391",71,"176,180,235,241,381,382,391,395","226,235,241,243,251,303,306,312,358",87,,"289,519","251,356,358","413,414",,"221,267,270","157,163,165,167,174,181,183,253,257,386,453","156,157,181,183,383,386,389,475,478,552",225,87,,,"269,273,401,409","258,269,353,356,358,486,532"
YCR091W,"40,91,367,569",513,"247,491,585,590,678,697","313,419,479,483,491,557,560,565,569,572,576,577,581,585,590,649,654,677,678",420,,,"96,276,419,560,678,697",,,"84,204,546,548,688,706","14,135,261","14,18,20,106,109,190,203,206,224,228,230,261,269,309,371,501,589,591,708,711","284,447,508",626,,678,121,557
YCR092C,"12,13,64,131,234,376,965,989,999",872,"64,70,73,77,248,269,654,659","16,92,93,99,126,131,137,233,234,241,376,684,688,999",352,,,"16,137,160,348,518,554,688,946,965,995",,,"261,485,583,669,670,1002","50,54,55,57,60,78,79,81,82,83,84,254,275,516,678,679,682","42,49,50,54,55",,352,352,"12,16,77,160,234,546,946,965","16,22,292,325,626,914","220,248,255,345,1011"
YCR093W,"99,474,698,899,927,1852",,"331,439,732,804,809,1384,1413,1419,1852","103,104,331,340,701,722,1125,1208,1255,1546,1547,1562,1565,1891,1920,1921",,,,"939,1413,1891",,,"164,404,857,977,1381,1385,1505,1853,1975","11,333,335,435,524,526,982,1080,1111,1112,1118,1119,1129,1155,1156,1293,1794,1799,1803","1179,1181,1539,2094,2102,2106","6,839","297,320,721","320,1449","474,722,877,1125,1161,1547,1914",1657,"104,113,502,877,927,1161,1920,1921"
YCR094W,"21,22,95,98,160",,"98,104,108,287,295","15,22,160,168,169",,,24,287,,,"199,216,219,237,288,329,384","3,14,26",177,"366,377",176,,160,"108,168,169","108,297"
YCR095C,"235,240,269,271,307",3,"76,100,218,220,221,271,274,287,320,324","144,218,269,271,324",329,,,"235,240,274",50,,"25,90,211","66,77,78,79","94,102,103,107,110,111,231","152,314,315",,329,"235,271,316","274,287,288",271
YDL001W,"121,315",,"108,121",,,325,,160,,,24,"37,61,63,65",4,"101,133",,,320,"78,315",
YDL002C,"6,137,141",3,,"74,78,187,192",,,,,,,,98,,150,105,,192,"35,68",137
YDL003W,"109,310,391,552,556","2,178",,"52,94,99,552",56,,,,,,"29,192,359,409,413,518","37,175,242,276,314,358,467","54,60,263,354,470,476",,,,483,,"310,500"
YDL004W,"19,57",,"57,131","124,131,132",,,,"124,131",,,133,"4,9,11,21,29","47,50,119",,106,,"131,132",,
YDL005C,31,3,,"29,31",35,,,31,,19,"162,170,175,252,274,287,291,295,296,297",166,"6,9,10,95,212",181,35,,,,
YDL007W,"152,229,234,255,290,417",5,,"14,20,417",396,"214,217,255",215,"22,360",,319,370,"6,7,178,227,305","155,367","208,222","55,264",55,269,"22,217","45,290"
YDL008W,,3,,,,,"53,85",,,,49,,"97,145",,,,,,113
YDL010W,"71,74,196",,"71,80","71,74,80,170,176",105,,,,"53,144",,,180,,142,,,,"6,71,74",80
YDL013W,586,"52,617","463,597,605","597,606",,,"236,596","529,586",,220,"21,271,434","36,182,183,184","29,183,184,191,267,268,273,274,275,402,461,520,588",,,,,"586,597",
YDL014W,"85,109,121,138,150",,,130,239,,,102,85,"12,16,22,26,30,34,40,44,48,52,58,62,66,70,73,81",,"15,33,51,124,149,182,185",,"97,172,195",314,,"85,102,150","150,212,213","109,121,130,138,150,168,169"
YDL015C,,,"30,31,50","10,21,22,31,53",,,,,"21,22",,"38,255","15,59,110",15,,,,"22,193",,
YDL017W,"60,110,138,141,142,370,429,430",,"49,51,56,59,60,77","51,56,138,142,263,379",223,274,,"77,110",,"133,282",268,244,"43,46,483,484,491,492,493","48,214",,,142,60,"56,141,142,263,429,430,465"
YDL018C,"52,54,89,96",204,"89,114,123",,14,,,54,,,,,"122,124",,99,,"52,54,89",,
YDL019C,"183,298,472,477,580,694,972,1025,1091,1133,1134,1137,1259,1266,1270",,"130,183,248,255,418,665,841,843,853,1137,1145,1167","239,272,389,397,398,477,487,587,634,636,644,830,834,1137,1266",1090,,1205,"139,267,272,1095,1137",267,1100,"318,408,453,466,536,673,781,785,1060,1061,1083","427,451,836,1148,1151","261,503,504,506,509,512,515,521,561,680,734,741,783,787","583,1105,1215",1090,1090,"472,821,865","265,487,830,863,865,895,1137","183,589,729,794,972,1266,1270"
YDL021W,"137,148,283",,"287,301","146,296,301",197,,,"41,137,142,146,148",296,286,,,108,,"197,237","55,237","137,142,146,148,176,283,296","115,185","137,142,146,148,296"
YDL022W,"29,33,51,58",,"51,313",,,,,"33,152",,,"9,262,263","38,42","22,23,24,25,27,38,42,149,197,265",293,"150,252","241,354",58,,"36,58"
YDL025C,"3,286,325,412",,"23,30,42,55,109,110,177","23,234,235,236,307,330,440,612",436,,,,300,,"37,169,184,222,343,349","5,9,10,11,12,13,14,16,39,43,116,118,164,165,168,171,172,174,175,313,315","54,58,60,81,116,118,164,165,168,171,172,174,212,213,216,265,268",40,,,300,,"432,440"
YDL027C,"95,227,235,412","4,6","107,120,192,408,412","56,177,182,190,192,313,321,322,408,412,419",,,,"227,412,419",86,,"367,405","191,196","18,191,196,320,414",308,,,"227,235,241","107,113,227","177,182,235,241,353,358,408,412"
YDL028C,"13,694,763",457,"289,323,343,413,414,422,456,458","313,703",,,79,,"128,492,494","448,662","361,615,619","34,47,48,50,162,163,173","16,18,22,28,29,50,185,265,266,275,276,281,332,383,598,602",,,,"141,147,251",408,"396,456"
YDL029W,"79,105,121,231,298,338",,,"252,318,321","220,263",,,,,257,"80,204","101,102",,71,263,,,"97,231,374","79,252"
YDL030W,"462,468,525,526",530,"47,61,137,140,525","115,138,140,466,525,526",,,,"115,526",,,,"158,293","272,275","32,33",,,"107,519,525,526","47,107",
YDL031W,"153,472,672,775,776,778,854,855,864",4,"136,205,529,864,887,921,942,945,954,967,974,981","74,80,85,155,272,586,624,629,672,708,775,778,779,781,854,855,864,954",598,,,"136,844,854,855,884","647,650",,"106,503,506","125,174,382","19,37,39,44,64,65,101,108,125,138,141,392,398,400,640,735,890,893,949","123,561,936",598,,"670,672,854,954","6,8,624,629,945,954,967","670,672,685,837,840,841,843,844,854"
YDL033C,"129,132,135,302",,"213,264,363","264,363","127,229",,123,,,,"189,232,233,329,368,412,413",116,"364,370,377,392",246,"127,229",,213,205,
YDL040C,"41,48,49,108,292,300,349,460,525,601,775",,"8,70,83,150,187,515,516,517,525,541,775","38,41,48,70,125,150,187,292,294,322,328,358,470,515,516,525,549,551,609,613,667,770,771,775,779",,,,"38,108,150,517,601",214,,"161,701,702,792,793","39,774,776","360,627,629,634","76,604","236,308,730",730,"295,517,541,601,771","192,517,525,667","192,358,775"
YDL042C,"335,337",,"12,17,48,118,214","222,230,283,330,537,539,542,548",,,,"50,337,546",,,"61,341","11,13,14,253",,"398,400",,,"7,12,285,542,546",50,455
YDL043C,"144,248","7,94,266","130,139,144,164,173,175","36,65,121,192,194",240,,,"10,11,60,144,147",,,"132,148,158",63,"18,184",,240,,,"196,197,239",144
YDL044C,"9,96,97,99,163",,163,"33,175,244,245,248",,,,"81,237",374,71,"74,162","142,147,189,194","105,164,395,401,402","128,130",,22,81,"96,97,99",
YDL045C,219,,"176,277,282",,,,,39,,,,,,,,,176,,277
YDL045W-A,"59,92",,"69,75",,,,"5,6,11,12,14",,,,,2,,8,"51,61",,,,
YDL046W,,,113,,102,,,,,,51,,,,26,,,,
YDL047W,"25,107,220",2,,,,,,,220,112,,46,,"104,124,263,265",,,,,"107,220"
YDL048C,,,"213,380,381,385,389","377,380,381,385,391,395",,,,483,,,"159,180,182,183,288,342,358,399,404","63,81,82,97,100,212,214,216,217","39,41,60,61,62,63,66,155,161,162,212,214,216,217,221,253,257,258,261,262,263,360,363",,424,485,464,441,
YDL051W,"207,208",,"207,208,240,241","82,152,153,207,208,214,215,251,252",,,,153,,"104,105","172,228",42,"15,19,198",,,,"207,215",,
YDL052C,"215,224,226",,"145,182,226","139,145,146,171,224,226",,,,243,226,,252,"191,193",285,,,99,226,"275,277",139
YDL053C,,,"18,171","39,106,142,171",,,,"142,171,180",,,,"16,20,22,24,78,80,84,93,94,95,148,155,157,161",68,,,,142,142,
YDL055C,"65,66,98,137",,"239,244,305","98,99,239,243",,,,165,299,,"74,295,312","63,290,296",,10,,,"130,137",334,"65,66,137,163"
YDL056W,"65,72,654,658,660,666,676,773",172,"181,654,658,660,666","145,146,156,349,651,654,658,660,676,700,701,765,767",,65,,"654,767,773,774",89,,"35,202,242,243,369,616,738,739,745,746","2,51,189,191,206,212,338,339,343,344","110,133,134,135,189,191,221,313,371,419,572,573,769,770",,,,"30,41,654",818,"29,60,65,156,676"
YDL058W,"111,221,734,831,934,1508,1672,1678,1761,1763",1789,"663,846,902,905,911,1028,1038,1318,1324,1326,1328,1446,1553,1579,1588,1761,1763","60,67,119,599,846,855,856,857,864,888,911,916,926,959,965,1028,1029,1038,1098,1104,1113,1116,1221,1251,1259,1261,1272,1282,1287,1290,1318,1324,1326,1328,1338,1345,1444,1453,1462,1479,1481,1488,1539,1540,1565,1579,1611,1692,1697,1704,1763",,,,"655,667,741,1022,1318","119,1565,1573",,"29,262,265,386,449,450,466,539,759,782,791,823,930,931,978,990,1239,1321,1517,1561","186,563,564,565,567,634,1531,1657,1707","465,468,472,474,478,541,716,783,784,786,787,793,1045,1047,1048,1188,1189,1523,1760,1770,1771","830,1164",,,"666,667,1565","119,836,905,916,1123,1302,1308,1488,1547,1579,1588","67,643,667,673,726,867,1469"
YDL059C,"135,228,233,238",,204,"166,174,223,228,233,238",146,,,"166,233",207,,"72,87,120,162",12,44,,,146,233,"204,205,207,223",27
YDL060W,"231,526,535,671,699,712",,"18,20,24,84,315,317,526,546","20,24,32,34,37,74,129,132,136,308,320,389,526,546,746",656,,,"308,526,546,762",,,"194,595",673,"5,461,520,521",,,243,"79,746,756","543,546","671,678,699"
YDL061C,54,6,,,,,11,,,,,,,,24,"24,42",,,
YDL063C,584,,"318,323,327","28,153,323,327,329,334,590",,,,"36,323",,,"43,87,103,178,217,336,477,478,616,619",317,,,"271,283",,"329,584",,
YDL064W,"31,153",,"74,146","27,30,31,40,146,153",,,"21,65,69,72,73,78","27,30,31,147",,,,,"122,127",,,,"27,30,31,153","27,30,31",48
YDL065C,"156,214,279,281",,"44,99,129,140,151,166","109,151,156,166",,,,,99,,"60,125","131,135","62,297,304","38,226,275",339,,,"93,140,156",214
YDL066W,"19,21,23,41,71,81,82,88,106,109,142,229,234,255",,229,"43,81,82,88,215,220,221,229,234,235,418,422","89,370,398","81,82",,"81,109,142,220,241,253,255,425","81,109",148,"112,117","2,5,10,11,12,158,160",,236,"89,398","89,398","81,82,142,173",23,"21,23,81,82,100,106,109,142,221"
YDL067C,,,,,,,,46,,,,"2,7,9",,48,,,,,
YDL070W,"250,331,416,521,522",,604,"147,150,230,234,321,322,331,477,478,514,521,605,606,609",,,,382,"234,250",,"30,52,103,586,587,595","21,97,601","23,271,273,274,275,435,437,449,516,593,597,598,623,625",,,,"234,303,514",234,"303,380"
YDL072C,40,,,,,,,,"43,179,180",,151,,,,,,,,173
YDL073W,"193,254,271,315,342,348,391,408,578,616",984,"342,348,659","57,60,176,177,179,186,249,250,254,271,314,315","320,876",,,"342,348,606,621",605,,"46,84,359,371,547,622,710,775,783,865,947,977,978",,"48,181,183,188,979","563,848","12,320",,"589,621,831,864","606,771,787","342,348,644"
YDL074C,"8,9,11,300,344,486,494,528,615",698,"148,218,300,402,461,462,480,486,502,510,519,556","191,194,199,290,299,357,358,424,433,443,482,486,510,519,528,566,568,573,600,603,605,612",,,,"117,300,486,656","461,568",622,"122,131,227,338,430,561,562,579,593",124,539,"170,171",,,"191,352,480,482,486","8,9,11,120,566",
YDL075W,"5,18,26,27,61,65,102",23,,"18,27,61,65",,"5,26,27,34",,"5,65","18,26,27",10,,9,,12,,,"5,18,61,65",86,"5,18,26,27,34,37,38"
YDL076C,"83,85,187",3,,,,,124,,,,"66,205,208,211","15,17","157,202",54,,,96,280,289
YDL077C,"188,196,199,750,1018",,"26,32,196,204,922,1027","31,204,214,219,223,224,226,227,922,942,943,947,1027,1037",,,,"31,32,149,653,797,838",,105,"331,360,719","21,798,802,803,804","229,235,238,247,250","130,746,806,921","629,869",,"199,947",,
YDL078C,"43,91,98,106,132,133,136,207,324,342",,"275,332,334","91,133,275,276,332,334,342",,,,"334,342",,,"51,297",10,"312,340,341",,,,"91,98,225,227",167,
YDL081C,,,25,,,,,,,,60,,96,,,,,,
YDL082W,,"24,63,69","45,122","68,122,131",,"64,68",,"5,23,31,32,117,122,131","23,81,117","73,100,101,104",,,,89,,,"31,32,81,117",5,
YDL084W,"155,219,275,403",394,324,"324,413",217,,,"173,179",,368,"46,327,330","183,408,412","2,13,247,249,251",,"104,360",137,"155,161","275,287,296,341,429","70,219,241,275,287,403"
YDL085C-A,19,,,"33,57",,,,,,,,,,,,,,,
YDL087C,"34,46",261,"34,175","62,67",,,,"88,250",,,"242,243,247","74,245,246,249","5,113,193","55,236",108,,250,77,13
YDL089W,"102,193,438",,"90,94,185,375,406,423,445","176,185,193,445,453",,,,"94,185,189",,"216,398",182,"331,336,363,365,369","14,95,101,184,320,322,323,327,329,396,400,446,449,458,470,474","395,427",341,341,"175,185",94,"94,193,353,465"
YDL090C,"23,72,80,130",5,136,"40,47",,,,332,,,426,"139,399,400,403","141,143,385",310,309,342,424,,80
YDL091C,,,"254,269,435",279,,,,,254,,"154,157,280",45,,443,176,,,"351,358",
YDL092W,98,,"62,138,139,141","90,92,98,135,138,139,141,144,145",,,,92,,,,"67,72,91","4,8",,,6,,,
YDL095W,"22,449,450,529,536,780",815,"615,748","264,529,742,780,784",,,,8,"798,809,812",,"390,513,743","127,132,223,562,563,747",,7,,,467,"5,8,22,524,622,809,812",529
YDL097C,"166,167,429",,193,"73,98,285,288,323",210,,,"285,288","166,167",,"248,307,308","2,250","39,45,136",291,210,210,"279,288",,285
YDL098C,155,,"51,55,59,166,171,179","51,55,59,61,164,166,167,171",,,,"42,77","193,194",11,,,32,46,,,,,
YDL099W,262,,,"26,27,32,34,195,264",,,,262,,,"40,71,111,168,224,273,285","274,275,277","51,57,62,63,277",,,,"262,264",127,193
YDL100C,"69,72,353",29,"26,329","72,76,336",317,,,,,,"61,107,108,325,326","32,194",,"306,348",,,329,,"329,336,345"
YDL102W,"419,630,678,794,826,829,986,989,996,1004,1048,1072,1085","707,916,920","53,199,210,419,639,679,753,1013,1018","60,62,100,353,444,452,675,679,745,753,833,1004,1082,1085","324,628",,,"226,276,753,829,833,891,989,996,1004",199,,"152,166,184,244,402,405,536,896,899","6,96,143,148,347,442,443,1025","2,6,30,73,74,95,837","652,808,1040","517,1074","517,628,1012,1027","62,419,776,794,891,1010,1013","13,100,101,430,433,437,1085","419,794,803"
YDL105W,266,,"9,90,95","95,271,299",,,,"145,232,295,298,393",,,"12,187,278,395","2,3,200,231","13,161,168,176,183,284,285,398",,,,"122,352","350,352",266
YDL106C,,,,"85,93,131,393",,"119,131",,109,95,,"70,240,264,265,281,297,322,441","277,418,484,535","222,323,324,346,484,488",,,,,,85
YDL108W,"44,95,97",3,,"36,44",,,"295,296","36,97",254,,,138,"162,163,167",,,284,44,,"39,44,97,131,144"
YDL111C,"104,113,237",,113,"104,118,119,237",,,,104,,,"45,232,235",,17,,58,,,"237,240",
YDL112W,"9,296,551,928,930,979,1063,1099,1107,1239,1275,1276",,"268,979,989,1320,1357","1063,1106,1107,1275,1276,1328",1208,,,"213,424,488,930,1063,1191,1357","612,614,660,940",,"26,396,576,580,644,653",1282,"28,752","64,945,1210","8,1208","8,94","129,202,551,989,997,1187,1201,1357","148,614,1373","551,1355"
YDL113C,"262,384,397,537,544,550,590,631",,"40,47,234,316,391","487,590,593,602",,,,"473,482",372,,"257,258,328,454,526","194,198","39,45,49,114,136,139,194,198,201,361,515,552","110,555",,,"62,550","234,262","62,554,590,593,599"
YDL115C,"120,175,258",,"43,127,136,144,282,287",136,,,,"123,349",,170,"247,351",,"86,91,101,194,201,206,307,313",272,,,,46,144
YDL116W,"172,560,679",,"137,411,566","14,20,23,460,676","156,559",,,"459,460,676,679","201,411,712",552,"205,437","142,333","251,487,572",491,559,,"107,108,172,174",23,679
YDL117W,"132,708,722,853",885,"13,15,91,94,139,339,353,356,360,842","84,124,125,132,135,139,239",522,,"188,191","55,94,339",,,"4,73,260,311,320,366,368,501,583","88,102,167,169,348","75,76,116,117,118,122,129,153,159,209,807,809",208,,,"327,708,722","145,598,647,767",145
YDL119C,,,90,"42,43,48,51",179,,,197,248,61,"10,100,107,151,226","66,70,71,238,239,241,259",,163,179,179,,"7,270",248
YDL121C,,149,"33,35,87,97","93,140,141",,,,,,,,"32,36,37,39",,145,,,,,
YDL122W,"85,95,404,423,444,445",,"174,176,177,178,368,612","263,269,417,488,492",,,,"408,445,611,612",,,"36,74,75,475,489,490,573,636","78,672","183,184,185,192,233,278,530,531,555,593,638,652,653,654,677,755","561,568",340,340,"28,263,444,445,611,612","191,277,492,793","269,445"
YDL123W,,,,,,,"136,137,140",,,,,"61,88,134",134,"74,75",,"2,3,5,7,8",,,
YDL124W,304,312,"72,150","150,152",,,,304,"235,283",,,"97,99,257,258,259,260,266","91,97,99,190",,,,"304,311",95,
YDL126C,"70,119,174,241,246,261,322,396,399,575,624,710",163,575,"70,72,73,75,298,325,785","92,425",261,"256,257","246,575","241,325",596,"270,483","111,259,262,336,340","599,665,674","213,513,527,834","115,219","115,219","298,710","246,496,726","174,261,298,322,399,522"
YDL128W,314,,,,,,,,,,"80,98,155,351",153,,,,,,251,
YDL130W,54,,,,,,,,,,,,"58,96",,,,"46,51",,51
YDL131W,"95,132,158,160,345",438,"384,434,435,437,440","88,95,382,384,385",,,,"101,325,385","184,188,377",353,"229,368,370","14,18,19,20,263",,,"90,233,314","90,202,314","60,384",,"148,184"
YDL132W,"95,213,214,434,709,731,790,799",,"434,441","285,337,449,577,799",774,,,"231,521,616,670,790",294,738,"61,194,395,623","169,193,196,197,312,433,435,436","330,370,427,430,432,457","235,236,335,811",,606,"277,338,616,799","231,261,357,541,611,709","548,574,790,799"
YDL133C-A,,20,,,,4,,,,,,,,,,,,,
YDL134C,55,,,,"256,326",,"46,323",,,175,"29,30,35,63,289,292","78,113,279","14,20,31,65,364","159,187,325,327","256,326,329",,,,
YDL135C,,200,"25,26,93,98,101,103,132,139,152,154","21,25,26,132",,,,"93,103","90,93",,175,,,"31,126,129",,,,,"32,93,154"
YDL136W,"5,73",4,"49,83,103,106","12,14,26,32,71,73,74,78,103",53,,,,,81,,"93,98",,,53,,"25,26,32,35,73,74,78",,
YDL137W,,,,,,,,,,,"60,179","44,45,48,135",,35,,,,,7
YDL139C,"21,79,139,210,211",,"14,29,30,34","21,25,29,30,34,37,148,153,203,210,211,215",,,,"54,59",105,,"144,145,181",3,"156,165,177,183,186,196",,41,,"25,210,211","153,211","79,86"
YDL140C,"49,186,343,419,619,620,705,738,1109,1112","2,622,1066","176,180,317,575,1092","34,49,180,317,323,330,644,688,695,705,728,738,744",,332,"240,1302,1554,1561,1565,1568,1575,1582,1589,1596,1603,1610,1617,1624,1631,1638,1645,1659,1666,1670,1673,1680,1694,1705,1708,1712","180,372,569,1290",738,"189,337,412","273,471,854,1270,1312","40,255,885,1531,1532,1539","203,204,249,251,375,381,449,454,513,1293,1295,1394,1509,1559,1560,1562,1564,1566,1567,1569,1571,1573,1574,1576,1578,1580,1581,1583,1585,1587,1588,1590,1592,1594,1595,1597,1599,1601,1602,1604,1606,1608,1609,1611,1613,1615,1616,1618,1620,1622,1623,1625,1627,1629,1630,1632,1634,1636,1637,1639,1641,1643,1644,1646,1648,1650,1651,1653,1655,1657,1664,1665,1667,1669,1671,1672,1674,1676,1678,1679,1681,1683,1685,1686,1688,1690,1692,1693,1697,1699,1700,1702,1704,1706,1711,1718",1473,"642,764","77,107,110","186,187,738","317,644,1286,1290","403,738,744,752,773,797,830,843,895,984,1092,1093,1102"
YDL141W,"143,338",,,"229,507",,,,"143,208,507",,"423,425","455,553","395,449,452","362,449","133,494",67,,208,"507,586,589",17
YDL143W,"12,22,42,198,199,229,262,359",,359,"4,12,14,42,187,198,199,221,229,277,279,280",399,42,,"4,42,46",49,,8,"123,155,156,157,160,504",203,,"283,399",399,"42,187,199","4,262,265","4,42,46,187,290,406"
YDL145C,"2,242,292,570,580,935,1172,1178,1189",1201,"353,486,570,605,722,1178,1180,1189","15,364,401,521,570,576,610,670,671,935,999",959,,,"284,486,570,610,929","15,1097","425,1200","673,690,743,744","64,114,220,226,228,459,1169,1171","180,357,514,835,840","360,1071","249,584,959","249,584","485,486,520,521,1097","292,446,452,580,929,935,1005","521,570,722,1074,1178,1180,1189"
YDL146W,"205,268,286",,"369,374,471","89,150",386,,"478,479,480,481,482,483,490",358,,,"9,163,164,337,429","166,431","166,170,173,177,489",,,,,"82,83",
YDL147W,"8,108,141,147,283,343",,"18,45,108,202,205,212,251,392,398,406","8,11,147,148,283,291,292",161,,,,,,407,2,,"193,245,356,357,390",,,"8,11","11,18,147,148,152,251,435","217,283"
YDL148C,"83,88,207,212,281,401,408,413,726,741",112,"14,374,408,680","33,204,207,212,217,392,421,449,680,687,690,693,725,726",,,,"10,83,88,372,373,374,424,584,739","404,465",,375,"709,712","173,352",,380,,"10,83,257,372,373,374,404,408,413,424","83,88,609,780","129,690"
YDL149W,"167,266,493,584,608,615,617,701,709,713,854",995,"121,848","177,351,812,821",,,,"449,608,617,874,881,992",515,48,"57,253,254,272,277,278,412,478,509,841,844,923,926,927","131,208,209,571","51,55,56,59,132,135,143,144,250,255,899","93,693,698,849","366,717",366,"617,881,991",713,"713,848,979,987,992"
YDL150W,"51,106,153,156,162,348",365,"29,115,367","33,49,70,344",,,,"29,348",,,"87,88","2,3,234,237,347,352,353","73,89,138,178,181,182,228,232",,,,"258,266,348","49,51,57,115,216,236,322,325",
YDL153C,"32,94,95,126,233,247,546,548",582,"195,514,524,537,546,548,577,607","186,190,195,238,239,409,429,430,435,571,599,600",,,,"35,514",,,"7,187,531","188,189,224","336,339,358,477,483","475,591",,,"95,524",32,"94,95,328,329"
YDL155W,235,423,66,"64,66",,,,,,,"56,59,60,369","38,39","5,7,10,117",314,,,310,,
YDL156W,"105,238,242",,"23,112,114,200,369,507","16,23,24,43,127,322,323,334,335,456",249,,,"9,10,242,456","112,114",356,"142,143,145,503","66,207","57,60,62,64,72,79,123,147,224",192,249,,"323,359,368,369,465","35,121,199,322,432","84,359"
YDL160C,199,,"23,107","31,182,333","145,290,310,339",,482,"301,302",239,,"13,92,162,291,294","82,336",152,"262,308,311,312,418","141,145,273,310,339","145,290,310","44,54",54,"44,182"
YDL160C-A,4,,,,,,,,,,,,"60,65",,,,,,
YDL161W,"10,66,68",,"10,45,125,319","14,125,127,319,385",,,,"66,68,106",,,"25,344,348,442","311,316","134,160,163,175,177,180,311,314,315,316,317,350","194,449",,,,,
YDL164C,"35,37,257,266,295,381,482,524,716",,"266,708","37,224,266,273,277,309,400,495,535","222,359,471",,,"224,230,232,234,300,309,482,716",,,"73,444,453,523,567,749","53,93,260,279,324,491,624","56,58,62,119,123",,383,612,"234,495,716","64,230,495,708","266,309"
YDL165W,,,141,,,,,,,,,"36,40,63,66","55,58,87,88",,,,18,,
YDL167C,"117,133,144,353",,"133,144",,"21,364,574",,"354,356,362,383",597,"679,695",581,"51,636,637,699,714","345,630","145,147,399,459,465,630",,38,21,692,695,
YDL168W,"111,190,223,281,292,341,345,381,386","6,321","254,323,349","21,22,35,124,341,349,386","67,375",292,,"103,105,233,234,323,331","21,331",,,"310,311",,,"12,67,107,115,375","104,107","11,21,254,323,331,341","35,42,341,349,381",331
YDL171C,"69,124,133,476,491,786,896,1020,1064,1337,1338,1544,1552,1610,1665,1674,1677,1705,1712,1865,2139",2145,"471,476,660,679,991,1098,1100,1337,1338,1396,1401,1551,1556,1558,1610,1614,1857,1910,1963","69,140,141,148,197,205,463,464,466,471,476,481,491,509,886,1253,1286,1287,1337,1338,1399,1544,1551,1552,1558,1575,1629,1633,1677,1712,1721,1910","400,967,1504,1775,1797",,"1729,1737","133,134,897,991,1212,1544,1614,1674,1677,1832,1867,1910","660,1034,1064,1756,2139",,"80,158,202,233,234,347,760,1521","930,1386,1604,1606,1608,1612,1668,1672,1688,1781,1784,1947","6,490,1463,1467","860,1873","400,814,967,1775,1936","1775,1797","463,464,466,991,1100,1210,1212,1567,1677,1832,1963","5,108,112,896,897","1014,1020,1064,1540,1544,1552,1665,1910,2136,2139"
YDL173W,169,21,37,"169,170,171,226,233,274",,,,,,"25,67,72,159,238",,"129,131,145,146,147,148","36,93,136,138,146,147,148,249,250,253",,,,"20,171",64,
YDL174C,"168,392,476,477,540,566",536,"81,91,292,296,455","115,296,429,452,470,476,477,558,560,566",530,,,"168,477",115,,"87,124,277,350,373","31,32","97,185,297,298","100,266,268,586",530,"512,530","109,477","289,540,576","429,470"
YDL175C,,,"129,151,286,294","129,294",177,,96,"153,155",,336,"64,65,283,296",,"12,15,16,25,49,214,256,301,331,337",329,,,"53,57",,
YDL176W,"588,695",,"100,595",595,113,,,19,,,"180,181,336,517,521,524,609,616","3,11,282,382","65,67,183,185,382,386,387,389,390,392",,"42,113,229,555",42,"695,703,704","190,703,704,706",19
YDL178W,"59,60,515",440,"324,413","15,60,103,109,324,328",170,,,"464,509",60,,282,,435,,,,"60,328","357,437",528
YDL181W,85,,,,,,,,,,,"26,27","23,27,29,33,35",,,,"41,56,72",41,41
YDL182W,"81,118,144,146,331",,"12,368,370,371,422","74,81,347,368,370,371,403,407",,,6,"87,311,371","170,174,363,388",339,"215,354,356,408",249,410,,"76,219,300","76,188,300","46,267,370,371",,"134,170,404,406,407"
YDL184C,,20,,,,4,,,,,,,,,,,,,
YDL185W,"91,146,309,313,528,842,852,917,941,1040",86,"13,172,431,552,584,924,967,1024","13,313,322,411,536,545,584,623,686,852,1024",261,,"256,691","396,545",,"127,136","359,656,804","264,267,600,770,771,776,777,823,864,866,911,914,916,1039,1045","718,806,858,864,866,872,879","124,331",358,"247,254,532","117,411","117,803","91,1033,1040"
YDL188C,63,,,,"264,334",,331,,,183,"33,297,300","86,121,287","27,34,38,43,372","167,195,333,335","264,334,337",,,"53,69",371
YDL189W,"402,409",134,,"85,91,95,105,106,194,197",,,"360,362,365",,,,"152,196,232,242,393,394","234,243,246,247,392,396,398,399,435,439,441","112,113,114,151,171,210,331",291,,,95,162,95
YDL190C,"332,333,378,406,412,415,580,930",,"370,373,543,659","412,422,423,444,783,863",206,,,"373,415,441,790","52,243,790",,"169,314,536,812","215,374","224,557,794,796","653,891",206,,"362,415,496,746","24,55,825",637
YDL191W,"5,73",4,"49,83,103,106","12,14,26,32,71,73,74,78,103",53,,,,,81,,"93,98",,,53,,"25,26,32,35,73,74,78",,
YDL192W,,,,,,,,,,,"60,179","44,45,48,135",,"35,167",,159,,,7
YDL193W,"47,51,94,150,151","165,371,373","51,56,154,239","6,151",,,,94,,,"74,75",,,"137,230",,,,,"71,72"
YDL195W,"112,307,400,425,428,516,524,556,1232",2,"19,64,112,119,400,408,423,428,516,524,556,562,566,746,760,767,770,930,932,937,1063","425,428,437,524,528,562,566,746,1194,1197",673,,"776,778,781,966,968,1107","119,400,423,425,428,562,746,762,1194,1197","425,428",,"35,83,106,169,221,332,355,356,415,663,689,708,840,843,867,1026,1156,1161","229,570,575,577,747,755,757,758,815,830,833,842,844,845,850,860,862,988,992,996,997,999,1003,1005,1023,1095","200,202,203,358,992,1050,1121,1185,1188",574,,,"524,556,598,661",365,"119,556,746"
YDL197C,"99,101,120,146,220,245,262,263",,"31,38,120,196,210,465","38,47,120,131,152,157,220,228,238,253,262,263,465,489",388,,,"59,354",,,"255,302,350,351",,"29,416,472,474,479,513","139,441,447",388,388,"262,263",99,381
YDL198C,"36,105,106,115,154,160,258,267,272",,"44,106","115,145,267,272",,,,"105,106,118",,,41,"4,9,46,122","43,46,47",,,,"105,106,115,118,254",,"154,254,258,267"
YDL200C,50,,"125,129","49,50,53,169",140,,,171,,138,75,131,182,,151,151,,179,
YDL201W,80,,"44,80,149",,104,,,"44,188",,"51,54,56","34,144,145,257",,59,,"181,251",181,44,,177
YDL202W,"20,44,86,88,93,152,155",11,"126,163,170,180","44,93,155,180,185,190,246,249",,,,155,,,"63,73,74,215,218","25,186,189",,,115,115,126,"88,163,170,190","152,155,180"
YDL203C,"252,344,348,393,525,558,566,600",,"344,348","252,290,296,299,348,358,613",354,,170,"339,358,387,393,558,566,569",,38,"83,125,360,361","67,68,70,71,72,73,74,188,212,214,248","168,380,384,386","173,484,485",,,"244,348,392,442","348,518","348,442"
YDL204W,189,,"241,287,308,347","198,241,381",,,,"206,262,290,297",84,,"2,4,8,10,29,38,136,137,305","207,359,368","242,245",,,,"189,198,202,262",312,206
YDL205C,"59,87,104,260,266,267",,"144,151,165","59,87,266,267,271,315,316","111,251",,,"170,316",,,232,298,,,"175,251,301",251,"104,315,316","30,260",104
YDL208W,"32,52,65",,"37,38,41,42,45,48,49","9,41,42,45,61,65,133,136",94,"54,57,65",,,,,,,,101,,,,,
YDL209C,"185,187,325",,"14,135,309,310,320","133,152,187,236,304,306,307,309,310",,,,"152,179,187,287",187,,"134,201,255,256,257,259,311,316",,"313,318,319,335,336",,"87,111,181","81,82,87,181","286,287",14,
YDL211C,,,,,268,,,,,,"4,75,76,86,94,252,339","12,13,16,18,20,65,66,107,109,364","18,20,299,349",,268,,,,
YDL212W,,,,"185,194",,,,,,,"41,197",,,,,,169,,169
YDL213C,"73,74,210",,196,"7,8,11,12,166,168,170,173,179,225",,,218,147,56,,100,"3,10,197,198,200,205","101,102",,,,,"33,34",
YDL215C,"117,119,144,294,386,882,884,913",,"97,103,237,246,250,284","144,246,250,268,786,790","883,909",,,"119,250,318,801",,,"155,192,371,372,431,438,472,740,743,829,835,985",809,307,302,909,,"488,790","167,284,488,626,790,1019","144,196,318,524,600,879,884,919"
YDL216C,205,,"272,288,417,426","205,281,288,426",,,,"6,9,435",,377,"5,338,348","69,74,291,292",,,78,111,"6,9,302",,205
YDL222C,81,"305,307",81,,,,,,,,73,"270,271","75,76,84,290","219,228",,,,,
YDL223C,"25,40,46,215,496,841,884,921",1031,"62,67,69,130,355,383,473,476,631,632,701,702,708,710,763,802,815,823","62,67,69,624,631,632,637,765,868,878,884,954",,964,,"67,69,702,823",496,,"2,4,19,99,118,180,447,696,924,946,988,989","45,113,114,115,149,194,220,222,230,233,235,237,246,251,263,264,272,273,275,278,280,297,330,331,339,477,479,683,704,707,711,714,716,718,748,793,801,820,925,926,927,935,956","31,33,159,161,166,329,330,331,554,561,583,716,764,766,768,769,775,856,857,959,962,983,997,1005,1039,1044",855,,,"383,637,730,878","376,383,884","455,508,632,637,868,930"
YDL224C,133,,"208,232,624,637,648",56,,,"522,525",110,,609,"6,9,11,289,318,333,398,399,419,455","22,23,24,40,49,254,457,458,490,495,623","49,214,215,236",,"102,485,532",532,,"56,65,167,314",
YDL225W,"75,204",,"57,69,75,82,224,301,306,443","47,57,82,492,500,535",,,,"52,208,536","57,69,208,301",,"59,349,373,458,517","217,355,359,386,440,522","355,416,435,519,521,530,539","400,540",,,75,"426,437,443","208,443,478,488"
YDL226C,"81,115,117,182,184,194",,"103,105","5,19,24,25,194",29,,,"19,24,25,184,195",92,,"265,309,326","138,141,143,144,146,149,151,157,168,170,174,175,206,216","151,157,161,168,170,174,229,230,232,234",188,,29,"182,184",,"81,182,184"
YDL229W,"58,73,87,90,95,128,136,139,140,143,249,250,251,328,364,393,521,530,603,608",606,"136,139,140,497,501,571,573","87,95,130,249,250,251,325,360,497,521,530,538,539,571,597,603",20,"73,128,130,364,521",,"58,87,90,251,328,348,351,538,539,597","328,466",51,"421,438,504","40,42,47,503,611","42,113,115,365,431,434","151,549",,,"58,73,87,90,136,139,191,194,325,328,351,497,501,521,530,538,539,603",573,"58,73,87,90,95,128,143,161,250,251,314,325,328,331,348,351,360,364,393,521"
YDL232W,,,,,,,,,,,,,,,,,,,
YDL233W,449,,,402,,,,191,,,"89,235,328,351,433","114,117,125,127,425","88,91,96,98,125,127,130,132,404,432",,,,313,402,384
YDL234C,"57,60,149,234,377,690,693",745,"57,252,285,287,308,316","287,316,730,731",143,,,"10,184,185",,,"81,87,215,216,302,387,486,487,704","222,226,262,707,708,709,710,712","265,270,335,339,341",,"68,597",,"60,234","60,64,308",
YDL236W,"14,286",,,,162,,224,76,,,"64,65","2,119","142,149",130,162,,"14,68,75,105",85,14
YDL237W,"36,38,107,110,244",,"41,348",97,334,,,"76,110",,,,253,188,"239,240",,334,"36,243",,"36,41"
YDL238C,10,486,"39,144","148,166,202",298,,,"144,148",249,334,"88,89,114,323,475","203,204,207,208","40,71","159,160",298,298,3,,"144,148,169,285"
YDL240W,679,,"43,47,68,464,608,998","33,43,68,464,468,486,513,684,1004",,,"130,163,182","33,47,51,68,70,464,466,467,468,639,652,964",529,,"292,296,324,345,414,688,893","5,10,123,316,461,605,607,641,674,726,794,993","15,416,418,456,726,999",,"63,307,445",,"43,47,541,815","70,320,582,684","70,317,608,836,839"
YDR001C,"69,70,132,589,699",4,"132,211,221,257,258,265,396,561,563,589","69,70,75,132,214,265,440,449,456,458,589,593","231,354,607",,,"214,221,257,265,589,593","211,265,461,501",,"5,54,322,348,710","2,23,30,60,191,400,611,616,618","2,7,20,21,23,56,58,60,66,71,186,213,217,566,567","88,226,646",607,607,"69,132,214,265,393,589","214,258,461,597","249,440,449,589"
YDR002W,"101,104,112,130,133,193",,,"41,92,101,117,186,193,199",135,,,"181,186",188,,,"3,22","3,22,60",,111,111,77,"6,7,13","104,112,147"
YDR004W,,,"277,353,377",407,44,,,"277,407,421",,346,"237,305,361,367","128,129,132,175,282","315,321,328,368,369","82,179,333",,44,,380,454
YDR005C,"185,270",,147,"42,147,270",,,,361,"356,357",,"13,17,62,75,122,123,128,344","80,81","159,180,209,210,388",,,,"2,140",,261
YDR006C,"161,281,282,501,631,679,682,759,764",896,"43,51,61,155,360,831","43,155,520",709,,370,"95,161,520,682","570,682",,"22,118,122,125,126,134,228,330,331,442,491,585,596,598,735,736,790","6,8,11,12,14,37,38,39,40,42,45,46,50,105,245,248,490,838,848","32,37,38,105,132,135,136,203,248,466,738,835,838","184,358,684,689",,,"95,150,434,514,682",139,759
YDR007W,"55,136,214,220",,"55,64,71,210,214,220","210,214",,,,"55,61,64,118,124,220",,,"5,65",,47,,126,126,,,
YDR011W,"50,77,459,460,1410,1447","309,995","492,493,736,1121,1150,1154","47,300,582,584,796,1150,1154","264,408,717",,,"5,460,744,796,1000",236,307,"272,273,334,518,571,730","2,10,11,59,92,545,546,547,548,552,1179,1246","7,20,22,41,43,99,819,1101,1153","374,478,968","155,408,717,991","155,264,408,991","459,460,466,765,796","1154,1160","473,475"
YDR012W,"44,104,108,338,360","6,8,77","118,161,217,342,343,346,350","55,180,183,185,186,308,319,342,343",94,,,"108,180",104,"69,84,95,98",,"122,124,297",341,,94,94,"170,321,332,360",,"104,170,185,217,332"
YDR013W,"8,42",,14,14,85,,,"8,42",,,,,23,,,,,,49
YDR014W,"119,218,554,565",10,"92,204,206,368,628","206,210,218,319,320,324,376,382,383,399,438",,,,,,7,"197,198,299,306,414,493,498,585","67,68,69,70,253,278,280,282,286,287","23,25,30,128,237,367",,542,,,207,218
YDR016C,,,,,,,,,,,"32,46","87,89,91,93","75,77",,,,,,
YDR017C,"35,44,87,259,329,789,852,922,944","836,1048","43,44,96,636,905,997","35,43,44,789,792",84,,,"43,44,816,820,910,944",,918,"141,142,274,275,406,707,711,733,897","89,205,206,289,592,593,597,599","144,214,218,267,277,289,447,471,472,473,583,586,589,592,593,938","209,210,884","30,84,813",84,"43,44,329,820,852,944",259,"391,1003"
YDR019C,"80,202,243",,"172,308,318","17,318,321,322,331,369,370,373",,,,"80,373",,84,"13,54,147,306,307","66,180",346,,,,"172,308,399",,"181,331"
YDR020C,126,,"126,197,208","126,133,134,135,191,197",,,,"126,135",,,"203,204,206",14,58,,,,133,,117
YDR023W,"40,44,70",,"23,44","54,55,58,61,66,68,70,328,456",277,,,"55,58,61,70",40,,"26,372,402,451","146,219,371,374",,,"277,373","277,413,414","70,80,350,351",104,"70,104,328,350,351"
YDR026C,"223,234,268,272,273",,"76,80,176,227,231,258,268","40,43,47,49,80,181,185,268,272,273,321,549,554",,,,"273,484",,443,"99,199,200,201,318,461","9,88,516","58,275,277",,,542,"8,176,185,231,234","138,231,234","176,372"
YDR027C,"10,157,616,821",889,"311,683,684,685","240,311,320,321,330,336,355,540",,,,"336,447",,,"9,96,110,111,349,468,625,805,825","69,72,74,81,83,85","29,31,34,36,59,65,66,69,72,78,585",,354,393,"10,277,336,447","10,418","123,311,472"
YDR028C,"13,87,277,994",,"31,210,267,809,861,873,921,955,959,960,969","65,260,772,874,879,882,957,959,960",,,,"88,270,277,351,693",821,"250,471","21,23,109,110,114,196,345,360,392,393,400,406,409,505,536,678,704,705,799,823,868,917,951,952","266,269,271,429,434,450,451,528,583,865,886,889,966,967,998","25,28,32,37,66,67,73,75,93,111,162,254,259,263,266,349,352,402,421,490,549,550,552,582,583,586,588,590,604,605,614,712,736,740,741,763,767,769,773,775,776,835,852,865,871,889,896,898,972,974,976,977,980","97,480,608,780",,475,"302,804","12,13,308,522,1005","31,87,88,183"
YDR032C,"88,100,197",,,,,,,55,,,,,"170,173,175,177",,,,,,197
YDR033W,17,,284,"307,308,310,311,316",,,,"9,94",,,,"101,102,275,289",289,,,,9,,
YDR034C,"52,146,173,193,480,771,776",787,"19,52,145,146,151,480,567,577,632","173,351,473,480,481,489,577,582,760,776",48,,174,"146,231,351,480,481,563,567,752,771,776",,,"328,438,441,486,640","141,199,200,715,717","22,26,29,133,212,213,214,229,243",,,,"489,563,776","437,606","351,480,481,489"
YDR035W,"252,259,273",111,"20,47,259,260","40,47,252,259,260,264,289,293,296",,,,"141,260,264",114,84,"123,124,195,246,249","175,177",,216,"53,70,164","70,164","94,259,260,264",,
YDR036C,"7,78,276,314,352,483",,"321,323,352","56,57,236,314,321,323,327",,,,"327,378,475",7,,"32,259,290,294,417,420","46,51,154,452,457","261,267",307,,,"57,78,314","57,327","7,14"
YDR037W,"375,406,428",186,"34,45,375,385","29,123,428,429,577","438,499",133,546,241,429,317,390,"30,118",,"185,234","438,499","438,459,537",577,"586,587","123,265,428,429,477"
YDR040C,"117,123,196,217,226,370,453,542,660,661",,"221,226,235,238,378",235,"152,588",,,"117,217,238,378,476,617,660,661","766,1020",,"553,627,653,777,933","5,6,126,127,375,782,1076,1077,1078","126,409,415,931,934,935",,"152,571,588","152,570,588,1045",196,217,"188,378,434"
YDR041W,"77,197",,,"37,97,177,198",,,,,"37,198",,,181,171,,,,,"37,97",77
YDR044W,315,327,38,"100,247,253",193,,2,191,87,,70,,283,,,,"100,180",,"175,253"
YDR045C,,54,,,,,70,,,,,96,,,,,,,
YDR046C,265,480,,"81,87,479",,,,,,,"29,199,203","31,32,316,357","315,316",362,402,604,,,564
YDR049W,"101,321,368,409,501",,"14,47,55,304,352,362","8,14,200,259,264,265,362,393,415,422,452,455,501,576,583,591,592",,,,"5,200,208,264,265,304,467",,,"316,347","7,48,49","10,127,132,144,148,294,307,598","95,190,192",,,"200,440,441","126,397,404,463,467","175,200,368"
YDR050C,"69,89,112,114,134,190,195,237",,55,"17,21,199",,,166,"56,199","195,199",,"14,213,216",,,101,126,,"17,69,84,89,195,221,223",,17
YDR051C,"87,90,101,197",,"39,56",56,,,187,"101,160,189",,,"169,170,301",,104,,,,,,212
YDR052C,"98,117,325,376,379,380,396",2,"186,196,225,321,334,395,600,651,652,656","196,206,334,335,395,396,484,486,522,525,579,604",,,,"93,98,525",,313,"47,48,49,140,353,372,547,634","11,105,226,228,619,620,621","3,5,11,59,84,440,623,625,627,630,631,632,633,636,658,670,682",,"307,481",,"396,572,573","362,432,494",186
YDR054C,,,,,95,,67,151,,,214,"2,3,6,7,9,10,179,180,182","10,195,207,263,268,282",,,,151,,
YDR055W,369,,"28,54,106,143,154,155,160,207,296,299,317,348,357,360,364,368,369,376","154,155,160,317,321,322,326,348,360,368",313,,,"155,317",,,"57,67,190,191,209,216,217,223,310","2,6,7,10,11,13,21,344,345,347,349,351,352,355,386","246,380,386",127,313,313,,"326,368,369","143,144,317"
YDR056C,,,,"131,133",,,,,,,30,,,,,,,72,
YDR057W,122,,"71,77,228","77,89,468",235,,,"122,141,242",,,"29,51,357",161,"63,307",,,,"77,418,424","141,391",
YDR059C,"9,132",148,"132,134,140",,86,,"58,65","5,9,132,140,144",,,"69,78,80,84",72,"21,23",,,,"129,140",,134
YDR060W,"192,244,519,537,552",,"17,21,154,314,315,426,430","28,29,31,140,345,419,426,430,646,649,730,734,868,869,1001,1005",,,,"17,21,250,419,430,612","244,555,724",248,"25,475,595,633,816","204,383,862","73,80,127,128,130,133,156,159,164,323,710,874,878,902,905,915,917,918,919,935,938,941,967,971,972,977,978","260,261,706",,,"244,636,795","95,98,480,537,540,543,696,774,822,842,847,851","98,239,244,430,552"
YDR061W,"51,59,119,252",,,119,"62,520",,,"51,119,375",49,,"148,150","343,409,412",,378,,,"51,89,129,375","129,334",129
YDR062W,208,264,"41,525,530","46,525,530","241,418",,51,"289,525",,258,6,"252,255,260","33,123",558,"175,241,462,498",175,"268,525",205,
YDR064W,"70,76,93,94",150,,94,,"93,94,100",,,140,,,"13,14,46",,128,,,"93,94",,"76,93,94"
YDR065W,"169,296,323,326",,"12,111,247,248,256","49,54,82,86,89,90,212,215,247,248,251,269,326",,,27,"12,49,296,306,308,323,324,326",,,,348,,260,,,"54,251,323,326",,"247,251"
YDR067C,"62,100",,205,"67,205",56,,,,,,"147,201",211,,37,,,,,67
YDR068W,"66,210,214",,"23,271,273,277","49,66,67,92,95,96,165,271,273,277",,,,"95,96,277",,,"84,270",289,"272,276",,,,"49,66,67",,172
YDR069C,"19,67,76,78,151,157,159,900","923,926","42,44,63,67,70,76,118,151,157,159,163,249,604,631,632,639,795,900,902,905,907","42,44,67,70,76,78,151,631,632,639,890,891,905",75,,,"157,159,163,632,731,733,890,891","42,44,151",,"221,348,759,760","331,491,495,496,498","122,363,367,371,404,443,451,491,496,502,630,634,636,762",,735,,"76,157,890,891",116,"44,157,222"
YDR070C,,92,52,"42,43,52,53,76",,,69,67,67,,,,,,,,,,
YDR071C,"139,168,176",,168,,55,,,,70,,,"3,4,5,6,7",,,55,,"69,70,111,116,168,170","70,186",
YDR074W,"189,274,333,508,514,825,826",896,"328,486,523,802,807,825,826,877,881,886","189,323,328,333,508,514,520,540,567,761,868,877",,,,"246,274,340,626,825,826",,"347,352","143,262,286,312,412,414,450,655",127,"32,389,392,416,890",891,440,798,"318,323,587,626,886",486,"189,339,340"
YDR075W,"65,216,225,300,301",,15,"15,225",190,,,"300,301",,"104,109","38,154,155",,,"101,259,261",263,,"6,216",,225
YDR076W,,,"276,278",,291,,,96,,,,"371,372,373,374,375,376",,,146,146,,358,16
YDR077W,,,244,263,,,"179,230",,,,"38,60,74,96,118,134","3,289",,,240,,,,
YDR079C-A,,,51,,12,,,,6,,,,,,12,,,,
YDR080W,"166,239,240,478,521,524,775,960,967,973",,"47,336,342,604,689","244,247,431,439,524,546,547,683,686,696,698,959,960,967","279,905",,,"482,524,546,547,689,857",152,,"5,41,187,351,352,428,670,890,897","43,44,46,48,50,53,354,359,360,364,367,663","28,43,44,46,48,50,118,120,371,571","487,766",51,279,"478,857",,"239,439,468,524,698,967"
YDR081C,"222,388,391,392,832",,"222,227,319,843","58,222,352,861,862,873,877",298,,,"216,392",222,,"117,135,358,422,560,570,574,585,594,630,770","522,571,772,781,786","40,43,95,146,225,242,595,596,597,736,740,791,792,794,871",,446,482,"222,227,252,253,429",463,"216,222,877"
YDR083W,"38,44,85,116,245,359,367",,"12,14,21,116","21,35,38,72,107,108,116,120,226,244,245,325",,,,"14,21,107,309","143,245",,23,"78,264",,,,387,"196,341",108,309
YDR087C,"32,38,93,97,143,144",,"16,237,239","26,32,35,38,143,144,232,237",,,,"38,144,151,152,239",210,,"82,229,230,265",212,"208,263,264,267",,,,"8,144,151,152",239,"38,211"
YDR088C,"171,274,286",,274,"110,153,225,232,233,311,342,349,363,368",125,,,,,,"2,3,4,10,154,155,260","116,118,120,270,355","118,120,205","72,177",,,"232,233,269,274","94,100,104,144,274","180,232,298"
YDR089W,"26,31,249,326,341,706,707",610,"31,252,320,430,706","16,26,30,94,326,458,467,706,707",,,,"106,138,139,463",24,,"9,93,216,231,232,427,431,492,657,689","159,350","233,234,238,241,321,324,327,510,612,622,625,629,656","37,678",537,,,"94,341,463,467",
YDR090C,,310,,,,,,221,,,"251,259",,"283,285,289",305,,214,"31,32,33",,
YDR091C,"126,186,203,547,566",,"360,396,418,421","181,186,192,197,216,425,436,437","16,21,29,38,55,58,61,65,561",,18,"121,126,128,181,186,453,547",361,194,"347,414,567,569",416,"28,376",155,561,65,"15,93,128,197,403","63,64","126,128,169,207,216,255"
YDR093W,"440,499,502,695,835,836,910,916",,"52,75,238,447,502","66,176,490,835,906","785,915",,,"66,440,444,447,835,892,1132","586,587","206,1559","167,200,311,312,330,355,408,595,698,888,1309","2,3,5,42,43,161,494,498,903,1032,1542,1545,1546,1547,1557,1565","70,139,143,187,188,396,403,525,843,1091,1093,1532,1534,1542,1545,1546,1547,1565,1566","393,406","555,727,915","436,727,955,1441","444,447,831,835,906,910,916","322,910,1490",238
YDR096W,680,,"96,104,237,241,332","77,104,241,247,328",882,,,125,450,,"95,165,186,466,484,526,552,614,636,688,726","398,399,400,489,700,822","62,70,337,340,343,346,398,524,525,590,694,696,747,849,852,858",,882,"322,324",,452,241
YDR097C,"36,74,310,316,400,594,641,652,744,818,869,873,944,946",,"159,216,217,218,518,603,734,739,744,835,1174","159,160,162,573,600,603,714,739,744,873",490,,,"62,65,74,336,390,594,657,714,818,1211",,,"114,449,510,511,847,1125","226,227,228,258,567","42,51,145,166,168,201,226,292,855","142,568,1221",416,"812,1010","65,291,400,407,603,714,1047,1174","390,411,574","603,818,873,1208,1211"
YDR098C,"91,168,175",,209,209,176,,215,"156,175",,,,,70,,"108,176",,"175,209",,"175,210"
YDR099W,"51,125,127",53,"90,145",,,"51,217",,"51,145","97,217",,"148,178,229","65,149,163","47,189,235","10,50,123,124,130,133,183,184,216",,194,"51,70,120,125,127",,"51,120,125,127"
YDR101C,"346,349",244,"27,349,381,391","17,81,83,332,346,349,373,381,384,391,413,414,417,477,486,493","236,504,510",,,"121,349,371,384,486",121,,"457,490","93,130,347,491",,,432,236,413,,27
YDR103W,192,,"38,83,675,677","50,228,230,231,235,372,477",480,,280,"321,372,534,677",50,,"90,135,174,518,531,564,820","11,74,75,76,84","20,23,25,27,29,41,43,46,69,91,92,132,134,262,469,577,670,672,789,790,802",,580,"229,724","367,372","603,714,715,739",411
YDR104C,"13,220,235,450,494,549,565,648,770,881,906,1159",,"78,82,90,158,227,229,240,578,770,780","82,87,90,110,220,235,451,642,648,747,752,770,1198,1199",703,,,"82,1199","138,220",1120,"128,284,423,1183,1184,1242","53,250,252,253,256,559,776,1234,1236,1237,1238","147,149,150,184,187,191,221,224,553,696,1203,1234,1236,1240","1113,1165",703,,"138,348,706","892,906,908","348,642"
YDR105C,,,254,,80,,,,,,"64,225,398","33,34","183,188","469,473",,,,,
YDR107C,248,"66,653","135,193,198","102,108,111,164,193",,,,,,218,,494,"174,175,178,238,239","54,146",,,193,"646,652",
YDR108W,"28,236,378",694,"28,101,103,112,386,476,670,676","113,587,590,676",557,,,,28,,"492,688","32,43,96,489,680,695","117,119,121,127,128,360",348,90,,632,476,"28,378,381"
YDR110W,"95,216,315,547",,"97,110,199,203","30,95,97,143,203,206,209,380",,,,337,305,,180,"83,392,394,467,468","33,467,468,476,478,515,540,542,543","249,296,460",,246,95,"380,399",
YDR111C,"16,21,25,28,29,54,301,495,504",,"16,21,25,28,29,37,58,59","25,28,29,37,295,300,305",270,,,436,,"400,473",,48,,"136,385",,,"16,28,240",,"16,21"
YDR115W,,,,,,,,,,,,"45,65","43,45,47",,,,,,
YDR116C,"25,26,137,160",,"33,160,253,260,262,263","46,50,51,127,199,200,253",,,,160,"137,199,200",,99,"38,78,268,270,271,274","69,94,116,228",74,,,"25,26,160,199,200",,"46,137,144,199,200"
YDR117C,"15,295,298,302,307,426,482,551",,"20,21,51,199,311,324,401,465","9,15,20,21,51,292,295,311,324,328,401,407,409,465,469,551",128,302,,"15,21,72,311,426,427,551",,,"194,195,447,448","387,515,516,517,519",52,,128,,"68,70,72,309,311",180,328
YDR118W,"128,131,309,312,414,505,508",652,"95,131,551,556","67,95,312,439,440,542,551,556",269,,,"25,95,312,535,556,633,649",451,,,,"194,523,529,611",590,269,269,"25,196,535,542","227,414,416,556","312,542"
YDR119W,"32,446,696",,114,"114,121,691,701,704",,,,"16,26,32",,,"185,235,369,480,481","151,157,160,168,371,569","27,30,62,66,69,99,205,651",,,,,70,"32,446"
YDR120C,"78,111,282,391,544,559",,"46,49,56,174,289,309,559","19,57,287,289,369,371,501,559,564",76,,,497,"46,49",,28,"322,324,326,327,331,475",,,76,88,"26,56,357,416","10,56,501,524","49,446,501,510"
YDR121W,"51,52",,,"35,57,87,88,180",90,,,57,,,25,18,49,118,90,,,57,
YDR122W,"93,861",,"567,650,708,790,968","635,742,1052",,138,"805,806,808",,1063,"14,804","348,480,543,661,662,701,836,842","96,97,98,100,103,104,105,569,673,896,899,900,901,902,986","46,103,104,105,521,529,561,565,569,572,592,593,595,599,600,612,614,646,652,660,764,826,831,833,849,856,858,972,973,976,977,979,985,986",220,932,932,"161,536,1060,1063","161,169,548,927",271
YDR127W,"223,343,359,445,464,695,1058,1187,1192,1512,1570,1579,1587","2,1585","75,81,220,371,417,425,906,980,983,1261,1358","60,81,340,349,350,358,359,364,445,561,1350,1570,1575,1579","442,490,1100",,,"445,569,695,983,1192,1402,1452,1464,1519","610,622,1153,1579",,"42,45,208,514,545,752,929,1035,1112,1257,1457","378,501,702,704,706,707,708,709,711,750,754,775,1300","229,263,264,317,319,1321",638,"298,382,815,1498",1498,"75,980,983,1350,1352,1570,1575","75,81,180,256,258,803,1187,1251,1570","800,943,1483"
YDR128W,"198,354,359,772,778","164,348","239,354,398,400,646,652,656,743,763,769,770,772,778","198,290,354,448,645,656,666,675,769,770,778,979",1101,,"620,1135,1143",298,1051,,"399,402,423,501,582,779,907,911,949,968","153,154,156,159,341,393,394,452,516,918,922,923,925,927,928,929,931","3,4,414,416,417,913,923,925,927,928,929,1053,1080","319,794","195,1101",1101,"666,675,1051","288,666,998",165
YDR129C,"33,262,266,358,376,458",,"489,553","47,87,118,123,203,204,262,363,462",229,,,"9,61,118,206,262,458,462,553",561,,"187,322,554","108,136,369,466,524",,481,361,,"5,9,47,204,561",400,"47,204,266,358"
YDR130C,"99,194,202,230,243",,"26,220,238","143,192,194,216,230,238",,,,,,,56,"34,40,41,88,116,122","34,36,41,42,68,74,117,223,235,239,285",,,,"26,260",291,
YDR132C,"259,303,304,306,312,329,468",,,"146,263,264,303,304,432,460,464,468",255,,,"30,149,264,306,329,434",323,390,"70,339,483","2,262,267,271,272","64,69","192,199",255,321,"59,60,149,486",251,"60,263,385"
YDR135C,"236,258,388,504,517,520,639,807",1512,"59,261,617,1484","258,261,504,655,749,1264",,,,"504,654,655,1264,1301",1250,,"92,100,249,657,704,1162,1498","219,393,475,1039,1316",1411,,,675,"236,724","270,647,925","236,270,388,495,498,504,647,654,655,807,850,1250,1297,1301"
YDR137W,"51,53,59,549,558",,"264,270,328,334,339,342,382,446,449,501,547,549,553,629","59,155,267,270,549,553,581",,,,"382,383,558,560",187,,"191,194,197,202,230,285,394,459,496","275,310,351,352,354,357,503","357,364,370,418,425,452",,,,"560,629","16,64,109,155,157,334,549",270
YDR138W,171,,"558,699,701","20,171,465,484,489,522,533,596,621,635,699",,,,467,"546,547",,"54,109,112,154,223,239,248,309,310,722,741,744","28,724,740","4,225,227,229,287,315,668,673,675,677","175,280",456,456,"20,171,423,467,489,494,621","540,731","494,621,623"
YDR140W,,,208,"198,208",130,,"3,5,132",38,,,108,,,,,,38,,198
YDR141C,"6,15,221,264,581,720,723,871,1302",,"53,339,639,650,865,899,1231,1381,1386","15,443,450,516,855,865,871,899,1155,1299",558,,,"6,339,443,899,1302,1524","865,1238,1627",66,"571,619,1128,1179,1209,1329,1332,1365,1445,1668","300,335,336,858,863,894,896,987,1377,1632","80,82,84,1091,1092,1094,1095,1099,1137","1678,1686",333,"332,333,558,1483","450,871,1036,1299,1302,1386","6,1381,1383,1386,1627",723
YDR143C,,,148,"139,143,148",,,256,,200,,"41,221,321,324,326,333,336,344,443,444,492,508,518,570,571","210,284,426","12,14,15,60,63,187,193,196,244,538,539",,,,143,,
YDR144C,106,,"96,98,255,332,469,515","35,98,106,110",,,,"98,106",,,"194,197,207,210,264,324","80,86,160,162,164,504,507,509,521,522,523,524,527,529",,"241,288",,,"106,110",,"106,110"
YDR145W,"63,222,351,356,513","424,427","331,371,521,526",73,,,,"44,222,425",,,"94,97,99,289,321,323,338,346,367,392,456","161,365,370,394","58,59,288,290,291","76,225",,"228,462",,"63,207,371","71,73,150,237"
YDR147W,"225,228,229,231,291",,,"132,338,390",250,,,,"228,313",,"4,273,277,299","6,8,10,213","128,129,185",484,"235,519",235,,"105,342,393","340,342"
YDR148C,"336,369",,"12,16,18,55,56,129,133,213,290","39,43,280,285",301,"12,18",,"12,30,56,336,451",,,179,"3,6,8,34,58,65,67,225,227,229,234,236,416,432","181,184,186,203","51,428,433",,,"285,286",161,"290,306"
YDR150W,"151,157,342,343,408,500,514,523,542,766,1093,1157,1221,1363,1468,1473,1499,1507,1627,1656,1672,1675,2186,2444,2473,2627,2662",,"73,283,285,288,289,347,548,550,560,566,1473,1477,1555,1561,1562,1569,1611,1943,2026,2168,2181,2186,2190,2196,2462,2466,2473,2477,2478,2716,2720","69,73,138,147,151,157,166,186,192,276,283,285,289,342,347,398,399,447,499,500,550,560,566,586,652,986,1050,1114,1306,1443,1468,1473,1475,1477,1499,1507,1555,1561,1562,1591,1611,2007,2181,2186,2190,2196,2202,2316,2434,2447,2448,2477,2478,2716","2080,2422",,,"73,129,276,499,500,542,1434,1473,1477,1531,1555,1562,1611,2026,2196,2202,2434,2448,2466,2625,2627,2716","342,343,347,560,566,755,771,826,1082,1146,1210,1532,1835,2036",,"92,98,169,261,395,427,432,1557,2002,2122,2127,2464,2465,2520","64,65,68,253,296,297,299,300,302,779,1495,1496,1978,1985,2125,2442,2468,2469,2471,2474,2486,2521,2522,2523,2525,2526,2528,2529,2532,2535,2545,2715,2717,2719,2723,2725,2728","32,51,58,62,64,65,68,217,218,228,1587,1588,1593,1595,2353,2355,2467,2468,2529,2535,2551,2553,2555,2558,2723,2725,2728,2730,2731,2733,2743","20,582,590,615,679,750,821,949,1013,1077,1141,1205,1269,1333,1417,1782","621,685,756,827,891,955,1019,1083,1147,1211,1275,1339,1789",1511,"560,566,576,586,587,636,700,771,842,906,970,1034,1098,1162,1226,1290,1354,1363,1499,1602,1971,2196,2466,2627","69,399,1884,1887,2466","73,566,586,1611,1636,1966,2163,2186,2196,2627,2706"
YDR152W,,,,"108,180,190",,,,,,,,,161,,"72,156",,,"31,33,39","108,109"
YDR153C,"6,7,136,351",411,"90,346","7,147,182,188",,,,"6,7,93,136,149",55,,"236,237","41,43,49,82,347,350,367,368,373","43,49,289,322,324",406,131,,"6,7,90,93",,
YDR155C,"29,42,74,80,87,88,123,151",8,"138,139","80,151",117,"29,123",,"80,151,158",87,,"69,104,106","142,145,147","142,145,147",134,117,,"21,29,42,80,138,139,151",,"29,42,74,80"
YDR156W,"130,131",,,,,,,,,,81,"54,125,127","15,120",,,,90,,
YDR158W,"135,230,234,276,280",9,"44,45,53",140,259,,,,221,,155,323,"138,237,318",320,"247,259,284",,,71,"53,220,221,234"
YDR159W,"594,941",,"178,183,238,562,563,647,652,797,801,918,1030,1034","178,183,525,526,562,563,901,941,989,1295,1296,1297",,,"1182,1183,1185","238,388,526,810,1034","736,836,837",,"2,25,29,34,42,298,669,740,791,851,898,1041,1053,1174,1247","530,626,655,852,1158,1159,1160,1162,1167,1171","56,69,71,73,568,573,592,600,606,655,659,693,694,1093,1179,1180,1181,1203,1208,1211,1241","219,349",,,"141,178,183,418,526,901,902,942,989","78,131,594,836,837,941,1030,1152,1166","141,146,594,1030,1040"
YDR163W,172,174,104,"38,41",,,,,129,128,121,142,"152,154","20,156",,,140,"43,108",
YDR164C,"26,649",,"330,335,346,606,679,693","161,330,335,486,615,686",,,"236,237",,"129,335",,"50,51,347,558","559,560,710","2,245,623,684,687,689,690,691,700","185,437","179,378",179,649,699,"22,26,542"
YDR165W,137,,"80,85,90,134,312","77,80,85",,,,,,,"56,274,432",,"93,444",,248,,,"423,424",50
YDR166C,"157,228,893",,"160,197,234,427,434,577","109,122,197,209,211,219,227,228,241,244,528",,,"589,590","109,211","234,296",356,"154,270,344,390,391,393,619,678,898,901,940","205,206,452,703","23,25,125,132,138,184,378,581",816,"597,937","597,777,937","211,219,228,234","505,507","53,109,114,164"
YDR167W,110,54,,"110,119,126",,,,"110,126",,,"142,144,145",136,,"7,129",,,126,,"110,126"
YDR168W,"94,158,159,167,193,236,462",,"144,148,157,158,159","34,94,130,133,148,157,158,159,165,167,233,332,334,378,408,414",,,,"7,27,28,32,308","159,217,236",,482,"6,218","14,17,484",5,,,"233,236,462","228,233,338,408",
YDR169C,"27,81,121,240",114,"27,327,332,363,375,384","112,134,332,401",73,,,,,,"229,319,320,390,446,447","15,30,31,32,33,303,304,307,310,311,312,313,314,340,341,348,377,465","2,9,192,194,261,262,340,341,345,348,350,353,354,381,408,415,429,431,438,448",,73,68,,"17,384",
YDR170C,"290,841,843,844,851,852,856,1053,1058,1064,1068,1070,1513,1848,1885",,"238,241,242,429,852,856,1058,1238,1421","238,241,242,248,256,258,513,843,844,852,856,1053,1058,1064,1068,1070,1115,1421,1425,1519,1794,1885","383,834",,,"843,844,856,933,1058,1064,1068,1070,1885","856,1859","686,1991","198,210,216,219,221,701,712,768,1227,1228,1251,1510,1512,1543,1671,1720,1739,1802","6,201,205,206,208,212,214,215,304,431,432,433,434,437,439,687,694,696,736,769,770,771,772,1223,1224,1226,1230,1415,1417,1419,1430,1437,1439,1985","208,212,214,215,334,452,455,460,465,580,777,779,807,809,810,1255,1718,1719,1722,1723,1726,1730,1738,1741,1753,1804",1221,"51,383,739,1116,1507","561,834","256,258,513,852,856,926,1885","32,38,42,429,797,851,852,856,1780,1786,1891","425,825,852,856,1064,1068,1237,1238"
YDR170W-A,"254,381",,"379,381","45,298",,,,430,298,89,"97,161,278","7,373,375,377","3,10,13,16,23,71,145",,43,,,,
YDR171W,"303,312",,"320,336,350",,,,122,,"212,283,285,298","31,38,54",19,,135,"80,86",,,,"283,285,312,320","312,325"
YDR172W,"134,153,159,160,164,289,294,300,317,324,337,394,499",,"145,153,160,456,515,516,526","160,180,289,294,330,508,515,516,628,630,631",464,,632,"134,394,497,499,577",,"98,382","156,229,231,414,426,525","125,223,674","503,511,564,570,571",657,653,653,"330,373","194,209,214","153,219,337"
YDR173C,"31,142",,"133,147,152","142,312,313",,,,,,,,"137,155,157,158,159,160,162,314,315","97,98,305,306,317,319,322",195,,,142,"107,110",
YDR174W,,,"8,84,93","10,13,182,183",,,,150,13,,"28,184","33,139",,178,,,150,"84,93,98","148,150,157,159"
YDR175C,,"3,190",205,"84,199,205,207,214,218,240",,,,81,,,,"18,24,26,31,206","26,176,266,271","160,189,292",,,"81,84,106",,240
YDR176W,"59,171,360,668",,"258,259,260,318,637","9,19,28,51,59,60,214,320,365,416",398,,,"222,259,260","259,677",91,"447,640",233,"27,134,645,674",,398,398,"164,258,259,260,360","164,209,225,416",315
YDR177W,"74,196",,,,88,,"42,43",,215,,"79,138,203,204",,,130,88,88,"5,15,139",,
YDR178W,171,39,30,,,,,,,,,20,174,55,,,,,"29,30"
YDR179C,,,16,,,,,"142,157",,,,,,,,,142,20,
YDR180W,"145,656,892,897,982,1106,1226,1318,1324",1490,"132,133,143,145,1452,1454,1459,1460","145,233,269,662,1123,1226,1324,1325,1382,1452,1454,1459,1460",,,,"6,656,1293","483,655,656,850,939",,"69,91,155,161,234,358,496,612,748,1120,1178,1352,1365,1368,1402","43,67,71,717,718,1019,1069,1179,1180,1182,1183","1407,1467",,"224,1037","1037,1220,1320","656,662,740,1078,1308","76,145,217,1481",656
YDR181C,"136,181,325",481,"231,236,325,333,334,377,392,413","96,199,208,315,319,325,327,377",422,,,"310,315",,"244,247","11,12","330,386,388","226,228,255,256,257,342,405,407,409",253,"422,452",452,"236,310,315","23,140,377,381","231,236"
YDR182W,"330,446,448,457",2,"16,17,21,71,72,171,229,451","16,17",342,,,"330,332,340",,,"215,233,434,461",,"12,13,179,277",,"342,383",,,,
YDR183W,,,20,"73,74,127,161","97,142",,,,,,,"10,14","31,207,222,226",,142,142,74,,"152,161"
YDR186C,"164,212,218,223,550,599,737",,"25,29,212,218,324,326,433,667,668,670,847,851,852","121,164,170,228,598,599,705",,,,"171,218,599,667,670","223,228",54,"106,237,240,257,597,600,663,704,754,755,786,823,842","27,128,219,227,503,635,636,638,639,640,642,659,706,715,841","21,22,23,27,30,33,103,105,128,129,304,309,310,311,327,332,334,401,497,513,515,516,517,521,540,542,564,568,569,574,575,603,605,635,638,787","462,505",,,,"133,670,729,737",223
YDR188W,"54,281,291,311",331,,"54,137,261,268,273,275,276,281","285,376,530",,,"131,409",460,,"22,142,145,237","139,141,255",339,"242,253","285,376,530",530,"9,54,57,131,140,407",44,"40,44,54,291,374,407"
YDR189W,"10,120,149",,"149,152,154,220,385,386,440,534,548,553,554","149,230,360,385,386,440,443,478,553",,,,"312,443",,,"35,37,127,241,243,253,304,365,374,375,501,506,521,570,604","242,578","301,579,640",584,,196,"10,220",,"30,443"
YDR190C,"283,377","209,212","174,177","117,134,174,177,377,450",58,,,294,"8,443",,14,"15,16,18,38,82,83,86,93,278",164,"186,201","58,103,422",422,450,234,"31,134"
YDR194C,"89,95,394,399,482,495,504,542,579,589,621",419,"291,294,300,375,504,653","182,252,291,294,314,323,424","325,481",,,"138,256,323,579",,,"625,655","67,122,189,242","295,613",,432,,"322,394,495,579","138,409,501,504,512","84,89,375,394,398,399,501,504"
YDR195W,"60,498,502",532,"141,204,267,363","141,199,208,255,257,263,267,288,295,365,373,405",454,,529,502,"35,502",511,"10,71,188,489,491","268,269,271,274,275,276,349,353","37,148,243,245,269,274,275,276,334,378,396,398",,,454,70,"35,502",267
YDR196C,75,241,"24,34",199,,,,26,,,"182,183","149,155",149,97,,,"160,198",,81
YDR197W,328,,"55,100,191","268,269,273,282,328,331,363",,,,"108,111,273",283,"198,201",340,189,"196,335","263,267,296","265,360,362",,382,"59,108",
YDR200C,"197,279,490,492","2,211",238,"165,475,485,490,492,500",,,12,"174,181",,,"104,142,168,319,321,348,396,435,550","246,247,350,355,356,460","32,35,76,77,80,130,151,153,465,467",,232,,,,
YDR201W,27,,20,"76,79,147",28,,,,,,,25,"2,107,138",95,,,,,
YDR202C,"81,227",3,,"226,235",,,,"226,227,235",,,"45,75,250,253",,"77,79,261,348",,,196,"16,81",,16
YDR204W,"16,55,204,300",,16,"61,133,300",,,,,,,151,"5,9,10,12","332,333",201,17,276,"164,290",179,16
YDR205W,,,"170,439,440,445,675,676,680","591,592,597",,,695,440,,,"83,241,245,638,649,670,684,697","207,598,604,605,606","624,625",45,,,"132,276,277,680",,
YDR207C,"372,569,617,618,638,717,719",665,"78,262,266,717,719,724,730,732,736,747","617,618,737,813,814",94,,786,,,"308,313","125,132,319,359,364,549,550,592,709,740,741,749,750,755,756","64,70,71,128,129,130,131,196,197,198,199,200,202,204,390,394,396,398,403,404,405,406,408,423,427,428,433,434,454,455,456,459,460,509,537,559,563,564,565,568,769","59,70,71,73,107,109,114,141,229,233,276,292,294,316,318,321,379,394,398,403,475,645,661,664","464,707",,"788,791",490,"119,812",
YDR208W,"259,286,439,441,583",199,"58,59,158,159,197,217,607,614","148,155,441,583,588,607,614,615,616,623,624","444,526",,,"159,609,616",,"372,681","62,63,101,102,109,139,325,326,715","10,17,19,20,21,29,83,87,294,295,296,331,334,728","17,18,19,20,21,29,69,70,71,79,83,91,111,142,207,210,222,339,341,343,617,767","149,470",444,403,"408,439,441,607",,"439,441,583,597,763,775"
YDR210W,,,,,,,,,,,,2,,44,,"55,59,62,64",,,
YDR211W,"4,17,153,338,516",,"261,350,356","261,350,438,517,519,520,613","114,167",,,329,,,"387,388,399,578,679","179,433","336,430,433,435,478,515,518,523,525,528,531,538,707,708,709",530,"114,167,366",,613,,
YDR212W,"19,201,207,211,375,379,410,468,508",,"19,197,201,207,235","193,201,207,211,314,379,468","226,358,371",,,"201,207,211,243,379,468,508",110,"92,331","6,7,225","162,163,165,166,333",,,,358,"379,468","201,488","19,41,119,201,207,410,476"
YDR213W,"31,32,180,406,813","4,93,94,97","100,595,628",31,"78,782","60,65",,,31,89,"190,286,542,693,694,712,716,721,907","129,243,245,409,410,744","107,116,122,197,203,474,476,516,519,521,554,560,584,585,587,591",671,78,,"31,465,865","118,119,155,370","611,619,628"
YDR214W,"60,62","2,3,322","37,39,40,43,45,82,171,183,185","40,124,171,186",,,,"27,62",,329,"164,212,295","191,192,193,194,195,196,200,201,202","46,85",,,,"37,39,40,134","124,254,258,260,280",316
YDR216W,"6,67,81,481,485,992",4,"167,168,175,178,534,1001,1004","81,85,381,388,792,937,992,1004",,1175,"131,133","549,937,992",1175,944,"201,297,339,431,471,515,554,758,878,1025,1039,1044,1195,1243,1260","70,190,212,235,237,325,536,543,544,575,576,801","77,125,127,182,183,212,320,322,323,325,327,517,583,585,588,610,811,817,1057,1062",221,889,"109,799",,"67,388,529",185
YDR217C,"163,166,169,259,379,1112","6,935","121,223,257,259,291,292,293,323,371,718,883,966","75,128,134,220,223,228,678,873,874,875,905,970,971",211,,,"223,636,875,905,1112,1169,1238","902,905","923,927","48,186,324,326,384,385,387,469,1037","83,245,261,595,743,745,748,751,774,777","26,56,133,143,152,298,299,312,315,346,348,350,360,361,573,575,580,584,590,617,618,720,722,729,937,1138,1297,1304","135,359,762,829",,,915,"9,166,167,169,442,591,703,737,905",228
YDR221W,"175,325,465,584",,"378,445,552,553","87,96,161,263,270,289,445,450,458,465,482,484,548,552,645","170,626",,,"80,445,450","371,560,677",,"125,220,338,341,500,505,668,679",,"42,253,259,396,494,681",,"170,667",667,,312,"325,553"
YDR222W,"15,20,242",,"15,25,27,241,242,251,340","8,10,15,21,25,27,242,251",,,,"8,10,232",,,"44,56,121,122,177,234,236,252,287,303","24,305","326,357","19,29",,,"15,20","8,10",251
YDR224C,"4,8,22,23,38,47,61,83,90,112",115,"7,12,17,18,89,90","12,17,18,22,23,31,32,38,47,50,83,89,112,124",,"38,47,50,83,112",,"50,112","22,23,38",,,"27,28,40,52,68,116,119,123","40,42,116","41,44,46",,,"35,38,47,50,89,90,112","47,50,112,124","22,23,38,47,50,61,83,89,90,112,124"
YDR226W,146,,,"56,57",84,,,"19,56,57",,,,49,"4,6",,84,84,"47,102,108,156,176,177",75,195
YDR227W,"6,337,338,344,365,517,551,565,597,658,699,746,798,824,829,1021,1122,1264,1340,1343,1347","1196,1203","15,88,106,114,177,271,344,345,517,581,596,633,654,685,688,798,824,1122,1123,1128,1131,1168","51,101,106,114,230,337,374,493,497,573,596,597,600,625,627,633,654,658,681,685,688,1021,1059,1131,1150,1155,1156,1166,1280,1324,1343",1088,,,"106,210,279","190,1166",,"3,52,315,325,433,508,509,512,540,543,547,580,684,918,968,1180,1218","7,132,135,159,164,165,166,168,270,411,436,438,469,516,545,589,678,679,690,692,698,709,931,942,946,948,953,955,965,1087,1092,1094,1095","7,11,12,22,63,83,93,263,266,270,389,393,395,510,514,516,755,998,1133,1134,1195","288,702",,,"376,482,966,1111,1122,1123,1288","209,1122,1123,1128,1131","106,190,365,497,565,1037,1059"
YDR228C,"137,193,563,614,621,622,626",624,"308,313,322,614,621,622","137,164,174,197,200,332,426,501,503,614,621,622,626","40,167",,,"340,341,420,621,622","322,549",,"37,99,114,116,277,278,295,347,469","28,287,289,290,291,466,470,471,472,473","202,346,349,352,431,433",328,"40,167",,"621,622","435,453,549,621","322,549,585,621"
YDR232W,"88,138,223,273,314,322",,"84,318","101,222,223,318",,,,88,,,11,"4,18,25,46,48,50,51,52,160,463,465","304,308,463,465,469","34,345",300,268,"101,227,322,403",,88
YDR233C,"98,235",,"203,207,216,218,284","106,203,207,247,280,281,284,292",90,,,,207,,,"2,4,8,212,217,219,223,224,225,230,246,265,266,267","8,219",,194,90,"125,198",185,207
YDR234W,"19,258,291,297,298,363,394",,"99,101,109,275,283,317,439,682","92,95,99,101,108,109,258,283,285,388,397,542,682","202,340,356",,"402,404","74,76,101,108,109","674,682",119,"22,96,235","4,5,6,8,10,156,658",,"46,295,444","340,356","340,400","76,101,109,334,644","101,478","76,297,394,533"
YDR235W,"205,450",,"92,205,210,213,324,331","25,205,211,213,434,512",,,,"46,213",197,,"12,19,86,217",41,,407,,,197,324,324
YDR236C,,,,,,,,,,,184,,31,147,,,,33,
YDR237W,"27,37,48,51",,"60,130","27,34,39,51,60,177,184,187,194","23,144",,,"20,177",120,,"225,267","167,227","52,56",107,,,,51,48
YDR238C,"577,613,614,659,679,731",973,"539,583,585,659,671,675,679,791,946","30,34,128,362,363,449,495,583,613,614,659,703,963",737,,,"431,613,659",,,"580,584,589,764",689,"36,586",,"191,737,910","737,910","362,363",,
YDR239C,"33,159,309,591,594,642,646",,"29,309,312,351,452,468,482,545,548,566","309,312,319,596,607,614",,,"152,154","548,642,646","566,582",,"167,168,177,178,252,430,480,485,652,752","35,39,134,135,136,139,160,162,163,164,310,311,462,536,539,540,543,546,554,555,568,702,737,740,754","6,14,70,72,74,149,180,184,189,190,199,356,361,363,364,599,620,683,722,724,751,754,758,761,764","681,729",535,,,468,"642,646,650"
YDR240C,,36,"49,58,59,66,269,394,395,396","58,59,394,395,396",,,,95,16,,"154,156,240,348,451,454","270,277,286",,,85,,"35,95,236",,
YDR243C,"141,283,455",,"61,65,66,163,573,575","16,17,18,123,126,136,276,427,580",311,517,,"18,155,429,458,559",,,"89,505","196,198,204,225","51,53,55,57,142,248",,"289,311",311,"18,121,163","30,61,395","163,256,395"
YDR244W,521,3,,598,479,,,"430,563",607,146,"450,451,503,505,574","97,101,104,105,109,148,149,150",39,,"320,479",,"598,604",81,244
YDR245W,,,"101,109,158,167",158,,,,,35,,,,"92,94",179,,"44,368",,235,
YDR246W,160,,108,"116,210,212,213",,,,"210,212,213",213,,"10,20,23,78,115",51,100,,,,"210,212,213",102,
YDR247W,70,,"41,240,379","79,318,447",253,,,"73,76",,,94,"16,222,231,343,349,351,460","91,385,387,388,389,390,416,427,428,431,460","286,287",,,"41,73,101,355",,"290,350"
YDR251W,372,633,401,"104,151,391",,,,353,,,"35,36,103,147,460,461,465,474,542,662,698,714,753,762,800,801","3,764,809","477,530,533,535,577,590,591,593,659,661,712,823",,,,151,"401,408",
YDR252W,,"3,146",,"13,19,66,67,70",,,,"7,10,13",,,86,,,,85,,,,"13,66"
YDR254W,"117,122,241,288,344,419",452,241,"188,287,288,295,296,334,419,426",,,,296,,,435,233,"170,305",372,,,122,117,344
YDR255C,"283,286,385,386,393","416,419","164,286,386,393","37,41,42,44,49,61,93",,,,"97,286","113,115",,"394,407",337,2,59,"249,379",,"44,97,280,286,339",55,"97,113,115"
YDR257C,"408,476,478,484,488",492,"77,79,416","46,48,49,55,71,149,463,469,478,484",,493,,"49,160,383,384,426,463","149,463,476,478",436,"82,238,397","59,60,63,65,66,67,158,337","24,59,60,63,207,485,486",413,33,,"49,71,77,160,372,463","46,48,49,55,160,426,445","149,256,463"
YDR258C,"7,12,198,256,260,343,386,624,672,746",147,"446,447,455,459,474,680,709","7,12,107,197,198,260,365,366,386,446,447,453,455,672,678,686,740,789","140,246,333","136,324","116,322","107,136,260,408","107,197,198,478,624",319,"104,663","132,150,250,251,283,543,545,548,592",,,"67,140,246",,"187,260,324","260,386,459","7,12,107,136,187,256,324,349,740,746"
YDR260C,,,,,,,,,,,40,"2,140,142",,10,,,,,
YDR261C,,,"497,499","497,506",,,,447,161,,"28,55,64,68,84,198,199,259,263,288,295,300,379,458,517","477,484,485,486,487","3,11,222,486,487,494,498",443,393,,"445,447",,
YDR264C,"96,366,465,550,553",764,"47,479,659,712","366,755",81,,,366,,,"26,185,628,645","239,411,413","42,57,486","307,310",,472,"90,712","484,687",96
YDR265W,315,334,"204,234","9,99,132,135,138,190",149,315,"296,300,318,321",6,,,"269,292",243,244,90,,,190,"9,138",
YDR266C,"129,398",639,"383,405,496,502,516,517","97,98,398,405,517,597,602",,,"78,579","6,170","405,411",474,"23,24,136,435,618","2,4,324,505,507,514,530,533,535","2,4,50,51,52,53,57,362,363,500,503,505,507,560,564,570","262,508",163,"154,163,224,227","6,158,169,170,383","388,516,554",411
YDR267C,302,,37,"35,37",,,,"8,37",59,93,,"70,71,130,199,216,218,221,222",,"120,121",,,,,
YDR270W,"817,822,823,827",1003,"100,394,424,472,473,674,817","80,394,501,507,510,516,732,817",,,592,"501,507,510",644,286,"238,421,790","127,129,130,364,391,395,397,398,399,402,493,494,495,623,977",,"775,809","33,412,680,685,818",16,"424,507,510",702,"394,510,702,707"
YDR275W,"124,233",,122,,,,,"6,9,188",,,"22,112,146,154,170,176","178,180","172,177",,,,188,,"188,220,233"
YDR279W,"172,238,322,323,326,332,340",3,"183,322,323,326,327,332,333,335","151,183,188,238",273,323,,,,,"35,93,104,176","21,152,313",140,,,,,"340,348,350",
YDR280W,"241,250",,,"50,284",104,,,,,,,111,,,124,"104,124,264","241,284","211,226",
YDR283C,"301,513,773,956,968,1049,1053,1104,1254,1421",,"219,1339,1340,1346,1374,1381,1507,1540,1559","102,103,146,149,184,301,308,315,317,457,757,952,991,1196,1264,1274,1512",1428,,1063,"224,850,1104,1111,1280",232,,"195,227,228,295,298,336,432,434,703,706,729,880,1014,1190,1193,1227,1494,1499,1517,1568,1576,1630","245,246,369,533,534,591,633,761,996,1002,1337,1341,1618,1619,1622,1625,1626","547,567,569,571,572,582,676,731,755,802,1032,1207,1472,1473,1519,1522,1523","1078,1101,1628",1428,1428,"991,1111,1280,1512","868,950,952,955,1421","760,850,858,1633"
YDR288W,"20,133",,"20,172,236","139,236,287",,,,23,295,,"6,109,224",,"2,3,8,13,249",256,,,30,,
YDR289C,"85,190,194",,"200,309,310,322","85,104,105,148,353,360",,,,"146,148,194",,,"303,323","294,297","14,136",185,,,"114,336","194,209","114,121,194"
YDR291W,"270,361,466,473,547,928,949,952",,"352,356,366","7,11,164,165,169,175,352,361,366,936,938,952,1003,1064","54,886,923,958",,"980,986","84,854,888,889,952",249,"149,569,577","122,231,234,235,633,634,1049","17,159,313,314,315,316,594,595,626",145,"210,568","886,923","261,958,994","11,19,494",1055,"19,185,1074,1075"
YDR292C,"150,554,613",,"284,312,347,364,385,388,490,493,526","150,189,195,198,304,312,317",,,,,312,,"176,303,307,350","43,206,367,371","43,72,520,523,527",137,,,493,"149,150","304,490,554"
YDR293C,"580,615,897,1102","366,1250","180,192,478,495,512,589,889","1036,1102,1134,1193",,,"239,306","611,671,673,889","536,611,866,868,943,949",39,"4,6,8,9,10,203,320,370,691,718,719,721,891,1061","22,23,455,494,496,893,917,1202,1204,1206","40,42,45,108,112,116,120,154,164,231,286,295,300,319,321,322,325,327,328,430,474,480,481,482,685,751,752,822,823,825,827,828",688,"728,1237",,"975,1037,1131,1134","534,536,673,947","368,611,1199"
YDR294C,"273,301,359,380,386",,"305,334,538,561","298,300,301,305,497,544",,,424,"168,298,300,301,336,386,458,459,498",,,,"559,562,588","120,416",79,,376,"165,168","538,544",
YDR295C,"35,140,177,179,446,469,470,471,476,605,612,613",,"7,192,216,224,577","52,162,166,177,179,446,469,470,471,476,504,542,605,612,613,655",349,,671,"38,498,542,626","38,542",,"207,449","185,195,198,200,201,202,203,204,206,208,209,212,215,416,440","310,313,325,665,666,668,670,674","13,436",,127,"179,438,498,537,586,612","10,38,605","177,179,216,494,498,514,560,613"
YDR296W,"52,143,153,159,160",3,"52,63,153,159,160,208",,130,,,"153,160",,,"4,44","204,225",,,,,,160,
YDR297W,,3,,"333,346",250,,,,300,,"2,6,182",,,,250,,,,"307,308"
YDR298C,"156,162,168,171",,"66,152,156,168,200,203,206","59,65,66,69,149,152,156,162,200,203,206",117,,,206,177,,47,"7,9,12,13,35,38,139,141,142,169","35,159","36,41",117,117,"65,66,149,152,177","168,171,177,181",59
YDR299W,"79,152,159,164,205,287,314",,"71,79,195,314,341,370,449,457","56,64,79,84,159,184,198,205,217,229,265,268,269,287,424,425,449,460",356,,,"79,84,152,198,233,300,316,394,425,463","233,526",,346,174,"95,116,119,121,178,366,372,379","46,466,475",356,,79,"15,64","164,184,198,314,451,452,484"
YDR300C,"25,297",,337,"25,288,297,366,367,396,398",,,,"297,367",269,,"5,142,155,388","18,55,56",,,,,297,"339,367","281,297"
YDR301W,"110,189,193,527,746,789,842","3,516","112,119,265,324,518,527,593,933,1002,1006","112,119,175,184,527,687,813,933,942,946",,,,"527,930,933,1325","211,933",,"221,240,329,330,341,412,415,545,762,824,1042","181,188,244,445,512,513,845,893","71,74,457,594,596,601,893,1165,1206,1238,1243","49,373,374,621,642,1298","75,79,407,904",,"112,175,224,783,1074","875,930,1032,1104","406,440,783"
YDR302W,,,,9,,,,45,,,104,"24,25","14,16,18,46",,,161,,,
YDR303C,"231,246",,"81,798,837","198,199,208,231,232,234,294,775,789,792,830",,,"12,29,53","294,479,792",837,,"116,117,123,150,297,469,531,697,806,846","137,140,375,801,802,805","125,339",807,,,"10,231,232,234,837",,"136,785,873"
YDR304C,"23,85,93,103,134",,,103,128,134,,23,,"79,112","115,117",,,,128,,"85,93,182,186","85,93,186,192",93
YDR306C,"97,228,245,251,272",,"4,33","73,138",446,,,"8,9,11",177,,"3,59,137,202,225,273","26,234,235",81,,446,"415,446",456,"132,167,456",
YDR307W,"377,385",,377,"2,12,373,377,433,436,540,543",451,,,"369,377,385,534",,283,"61,62,127,347,513","382,383,389",383,,"22,451",659,,"419,426,427",436
YDR308C,,,"75,138",,,,,,137,,,,56,,,,"99,100,108",,75
YDR309C,,,"65,66,109,110,227,288,354","109,110,119,120,121,325",,,75,121,265,130,"8,11,207,264,275","106,213,217,219,221,222,223,348,350,353,356,358","74,77,86,258,274,276,277,279,280,282,337,345,348,350,360,367",,,,185,121,120
YDR310C,"68,550,642,880",,"51,111,117,179,232,268,403,442,445,447,452,506,601,603,611,618","43,51,102,105,111,117,268,550,603",,,,"105,259",,"721,1062","4,11,138,176,181,189,192,193,199,245,344,441,460,461,502,794,959,977,1000,1013,1025,1028,1030","224,228,278,279,280,318,366,395,458,511,512,517,621,623,663,665","46,140,194,195,196,200,201,202,203,215,313,315,318,337,392,393,395,397,478,511,512,623,722,735,736,738,859",693,,,550,"259,359,749,873,880,1052",43
YDR311W,"186,300,444,463,587",,"179,238,246,255,267,268,458,501,508,512,515,539","164,171,173,179,193,238,246,276,458,463,587",,,,"173,179,268,581",,,"93,248,250,403,406,529,639","43,236,242",150,"117,314",,,"171,186,246,267,268,279","57,420","83,255,267,498,581"
YDR312W,"24,359,365",,"220,224,226","121,122,125,231,277,359,365",347,,,"45,97",68,,"37,93,228","95,287,320","10,15,281,282,287,292,317,425,429,431,432,438,446,450",254,347,,194,"277,341,350",187
YDR316W,"71,103,125,130,342,349",,,"51,54,71,130,132,174,427,428,429,437,445,452,453",,,,"103,257",349,,40,"469,471",400,149,10,,"103,130,132,213,429,452,453","51,54,459,460,470","103,173,213,349"
YDR318W,"95,189",,"144,146,229",291,,,,"99,229,286",,,360,,"134,138,139,141,153,154",,,,,99,
YDR320C,"118,180,226,227,301,378,380,386,567,577,585",,"13,22,378,380,424,450,452,527,528,537,538,559,560,634","13,15,378,380,386,485,495,502,537,567,582",,,,"380,386,452,620,662","485,644",,"78,244,245,434,540,595,604","2,10,11,24,25,31,35,37,70,77,79,81,111,310,403,416,454,630","2,92,97,264,310,311,312,314,333,343,345,347,351",,,,"226,380,582,585","197,200,538","296,386,577"
YDR320C-A,"68,69",,21,,,,,,,,24,,,,51,,,,
YDR321W,"253,255,321",378,"68,215,339","255,261","12,187",,,"253,335,336",,,"42,307,365","3,5,64,209,216,220",,"241,348","12,48,187",187,120,,321
YDR322C-A,"51,55",,,"32,33,55",,,,55,55,,68,,,,,,55,,55
YDR322W,"10,38,96,190,327,328","361,365","47,100","46,47,353",,,,100,,,"16,93,97,201,238,253,257,330","5,8,9,18,200",65,134,,,47,"14,40,100,101,107",
YDR323C,"154,316",,"49,52,347,356","51,52,62,159,163,356,415,493",,,,,,,"113,249,251,322,449","58,66,208,210,345,349","43,58,59,84,319,389",317,,,456,"159,342,400","356,410"
YDR324C,"54,217,380,459",775,"10,12,54,313,316,371,520,524,630","230,233,235,459,464,716","205,337,547",,,"419,464,479,561,627,767,773",,,"150,162,273,312,427,576,618,642","192,323","63,571,581",294,,547,,718,"449,476,561"
YDR325W,"69,70,296,624",,"296,692,890,958,1005","23,33,39,44,64,69,70,97,98,568","629,630,1035",,,"69,70,695,823,824","680,688",,"234,235,372,373,407,512,522,554,652,737,740,817,887,919,920,935,939,952,953,962,968,994,1006","927,928","191,195,198,207,514,938,1016,1020,1030,1032",101,"267,629,630",,,849,"69,70,688,990"
YDR326C,"19,20,131,644,645,654,714,825,828,838,984,1011,1012,1117,1118,1191,1218,1219",423,"50,129,174,176,181,517,714,715,828,887,910,988,1117,1118,1195,1200,1218,1219,1228,1229,1230,1236,1240,1391","19,174,485,517,644,645,654,910,1126,1218,1219,1353,1403,1412",670,,277,"828,838,902,1118,1195","8,9",,"229,308,376,435,449,457,458,462,464,488,493,508,802,968,969,1029,1030,1120,1121,1176,1179,1223,1277,1309,1373","6,35,37,38,40,44,47,338,411,429,466,468,471,516,603,613,614,840,843,1260,1261,1262,1265,1314","13,40,89,121,183,186,187,188,189,197,317,338,339,387,490,494,505,507,510,511,516,518,545,570,572,574,596,597,598,602,612,613,614,617,1015,1019,1023,1028,1032,1122,1244,1246,1247",544,923,,"176,645,828,972,988,1117,1118,1191,1195","153,415,557,634,1242,1249,1252","415,654,828"
YDR328C,112,2,21,"20,21,112",151,,,,,,43,85,"39,47,49",140,151,,152,,
YDR330W,415,,,,,,"412,413,416",,190,,"374,375,376,477,487","201,419","66,69,259,260",278,,,190,451,221
YDR331W,,,"287,334",337,63,,,,,,"234,323,324",,202,"40,222",,,298,,
YDR332W,"296,299,558,604,627",,"176,429,565","296,313,426,429,565,626,651,654",,,,"89,108,109,296,299,325,525,565,627,654",,,"447,452,476,481,482","2,3,280,281,664","4,589",598,"44,224,553",553,"82,109,176,279,296,299,626,627,654","232,241,313","109,296,299,426"
YDR333C,"147,202,203,528,684",,27,"85,98,107,142,202,203,684",,,,92,,4,599,"445,447,604","30,54,57,58,64,78,119,227,229,230,231,234,553",,,493,"202,684",,"328,678,684"
YDR334W,"74,82,116,148,161,701,912,1019,1027,1030,1031,1064,1077,1138,1238,1437",,"326,335,879,1151,1154","74,81,82,116,127,132,134,156,164,166,233,234,238,239,312,378,379,389,398,426,440,553,879,880,912,916,934,1027,1030,1031,1109,1111,1138,1146,1151,1154,1164,1238",,,,"82,304,379,553,916,1027,1030,1031","166,290,879",,"52,539,712,713,1329,1420","97,98,136,324,682,698,917,1321,1323","42,49,56,223,224,225,226,516,580,581,585,612,733","776,777,950",1245,,"81,304,335,379,971,1027,1030,1031,1083","110,116,1456","116,161,164,312,879,880,1164"
YDR335W,"72,73,212,1167",,,"126,439,632,740,745,1048,1051,1198,1199,1201",,,,430,"632,633,774",,"22,23,153,235,236,297,1069,1071,1072","249,490,491,492,588","21,24,237,835","614,867","195,271",271,"73,430,632,633","400,439,497,740,845",
YDR337W,,4,"63,100,109","36,39,100,109,193,268",,,,,100,,,"25,28,29,32,34",,228,,,"53,63,109",,
YDR339C,"133,149",,"21,35","27,35,108,112,118",101,"3,6",,,133,,,"34,41",,136,101,,,,
YDR341C,"93,138,276,304,310,319,340",604,"45,299,335","13,84,131,138,304,310,312,319,328,331,332,335,426,434,435",,,,"84,310,312,340","45,310,312,340",,502,"129,349,544",237,440,137,,"12,13",428,"131,143,267,304,310"
YDR343C,"56,268,281,423",541,"273,463","104,564",,,,,,,"91,228,231,308",,"2,11",,,,198,"33,560",
YDR345C,"195,561,562",,460,109,,315,,,,,"225,228,416",,"3,4,9","106,525",,,101,,
YDR346C,"3,6,434",,"306,340,346,350,424","306,355,357,434",,,,,,,125,"79,157,305,308","205,354,363,367",,,399,,"110,196,198,199,254,355,357","355,357,397"
YDR347W,"77,78",,"23,78","248,250,314",,,,"250,258",23,,"123,209",282,"103,127",253,55,100,"23,46","77,78,289",39
YDR348C,"226,228,233,342",,"240,291,292,435,490,493,497","42,478,479,484,490,493",,,,,,,"3,5,21,33,43,174,282,414,441,447","6,7,8,9,10,14,23,27,157,195,289,290,293","6,10,14,26,27,47,49,57,59,60,61,64,96,173,195,197,199,202,214,215,217,218,220,304,307,313,316,391,393,401,409,416,418,487,491,498","145,200",,,445,"105,228,328",342
YDR349C,550,,"10,165,175,290,442,443,445,453","453,550",110,,,445,,,"37,84,109,118,121,126,153,286,369,433,456,459,462,527,530","1,2,5,6,7,8,363,496,500,501,504,505,511,528,529,532,533,534,536,543,544,547","93,458,460,536,543,544,547",,230,,"443,445,550",,
YDR350C,300,,45,"73,78,250,268,272,274,625",70,,,430,,,"54,118,283,496,502,550","198,415,437,442,445",37,287,"70,264,541","4,6,472,541",196,52,
YDR351W,"15,57,164,198,497",,"189,459,462,574,575,785","179,497,499,522,553,575,650",161,,431,462,"180,796",370,"8,12,134,280,448,567,646","13,14,56,60,192,195,199,219,225,231,232,234,408,569","62,65,143,146,147,176,185,190,212,216,218,219,259,294,296,365,568,569,571",792,161,,462,"15,20,38,499,734,780",555
YDR352W,,,,,,,,247,,,232,237,"139,299",293,,3,,,
YDR353W,"137,221",2,233,"221,229,232,233","145,167,305",,,"221,255",,72,,7,,"134,268",,,"95,98",,"28,89,155,221"
YDR354W,"68,229,281,306,313,320",,,"138,229,351",,,,68,281,,"119,165","123,129",,,300,,"229,313,320","229,356","68,77,229"
YDR356W,"13,166,379,420,432,587,594,597,599,826",,"26,39,158,212,372,379,382,461,471,473,514,578,587,591,594,597,599","26,145,205,210,212,218,263,295,296,310,379,382,413,432,441,442,444,454,455,461,476,483,491,621,664,671,717,726,730,735,834",,,,"26,379,432,441,444,476,680,814","111,680","891,934","9,28,180,255,256,538,682,683,798,855",116,"32,36,60,64,91,153,156,188,313,406,636","150,186",225,911,"379,432","110,599,635",509
YDR357C,72,,,72,,,,115,72,,4,,"5,6,8,11","33,111",,,,,
YDR359C,"404,406",,"133,415,425,881","63,70,71,240,250,406,412,415,425,504,508,509,713",788,,637,"70,102,404","63,87,238,240,509,792","618,619","317,435,708,957","2,3,6,7,91,153,433,586,683,831,948,949,951,953","115,117,120,201,430,432,433,437,440,611,710,719,739,745,836,837,841,845,948,949,951,963,969,971",,402,"401,402","63,70,71,238,240,415,537","133,509,886",
YDR361C,142,,,132,,,,,,,,,"24,32,33,34,36,205,209,211",192,,152,150,"227,255",246
YDR362C,"225,604",54,"14,178,503,598,632","14,161,169,178,180,186,248,503,632",,,"215,216","218,219,225,230,503,591,634,655","14,36",,"63,231,239,401,592,641,648","504,505","15,73,145,149",286,,,"178,180,230,610",,"604,610"
YDR363W-A,,,,"18,19,20",,,,,,,,,,,,,78,27,
YDR364C,"169,231,239,300,450",154,"61,64,121,152,315,368,374,375,378",,,,,315,,,413,"310,311,312","9,10,13,52,54,249","7,116",454,218,121,,"173,300"
YDR365C,"8,50,569","626,628","23,25,28,30,33,35,42,43,52,55,61,177,460","28,30,33,35,42,43,59,61,354,383,455,460,462,463,465,467,472",,,,"177,385,569",,256,,"167,169,170","107,108,220,223,225,367,369,372,542,600",252,,,"23,354","7,8,177,487","385,397"
YDR367W,"131,214",,,"131,196,198,202,207",,,,,,,,133,,,,216,131,,141
YDR368W,"96,99","300,301","177,186,264,298","186,240,241,276,293,304","129,209",,,"96,231,264",99,,"7,95,290",,"4,8,9,11,182",56,,,,,177
YDR369C,"35,64,73,81,226,240,291,326,541,545,682,727","3,4","35,81,326,357,391,582,617,683,727","35,81,82,85,287,291,431,460,572,617,649,658,686,687,692",540,,,"35,240,432,520,638,641",582,"819,826","58,59,93,527,659,660,806","238,241,542,685,741,755,757,825,828","341,349,461,464,526,529,533,542,548,740,741,771,820,822,823,825,828",678,,187,"424,431","41,64,240,354,466,550,582,624","35,505"
YDR370C,"13,176,429",,"130,131,263,271","48,130,131,133,271,429,431",272,,,"182,228",,,403,189,,,162,"65,223,272",,"133,375,376",271
YDR372C,"48,172,178,191",,"57,315",57,,,,"186,191",57,,,,"14,17",,,,"119,186","191,315",186
YDR373W,"4,7,10,17,32,50,53,154,158",,"4,10","4,7,10,17",38,,,154,,,,"91,92,93",,163,38,,"7,10,17",154,174
YDR377W,"14,19,38",,"14,19,28","19,28,49,58",,,,,,,66,,,89,,,,,14
YDR378C,,,27,,,,,27,,,,,"6,10",,,,,,
YDR379C-A,44,,,,,,,,,,,25,,,,,10,,
YDR379W,"281,327",,"129,281,301,428,429,484,520,530,531,700,747,753,917","109,112,156,446,488,520,629,639,640,641,720",794,,,"18,32,129,130,520,640,641",,,"136,140,234,323,361,362,510,533,535,662,844,845,966","355,358,371,373,375,383,385,402,686,687,689,738","141,160,191,197,226,228,241,304,309,320,324,325,329,330,334,380,383,385,387,402,406,408,412,431,433,435,438,480,523,524,551,574,576,577,579,584,585,586,589,593,671,673,674,677,733,736,737,738,742,750,751,770,772,800,853",255,43,"16,119,122",281,"139,143,149,448,691,855",910
YDR380W,"129,499,503",4,"120,246,255,601","381,391,601","74,173,217,231",,,"161,168",372,,"20,51,137,285,399,405,579",,,,173,"95,173,442","168,499,503,631",432,"313,622"
YDR381C-A,,,"37,88","41,52,104",,,,"37,69",,,,"2,95",,,,,,104,
YDR381W,"17,172,201,217","36,40","165,172,177","79,165,172,177",,7,,"70,177",,29,123,74,211,222,,,"177,217,225,226",17,"90,172"
YDR382W,,,61,61,,,,,49,,,"65,68",100,"3,7",,,"49,61,62",,
YDR383C,237,,230,"148,217",,,,,138,,69,218,"7,9,171,173,176,178,179,180,185,191",67,,,64,,
YDR385W,"32,61,159,317,321,370,375,384,391,422,423,479,509,555,613,769,829,841","2,405","406,410,503,814","50,231,232,237,239,302,308,312,317,326,384,391,422,423,429,503,509,660,750","517,635,735",,,"231,232,422,423,503,632","391,503,509,613",,"21,775","23,47,404,407","57,59,579,763","78,395,744,838,839","366,372,448,517,735","366,448,735","50,61,152,159,267,292,293,308,312,317,321,391,406,429,479,482,496","312,375,582,589","15,231,232,293,370,375,384,422,482,509,632"
YDR388W,"4,8,47,79,137",,"84,259","8,47,54,127,170",,,,8,,,89,"11,295,299,302,318,320,321,323,325,335,346,352","295,299,302,402,406,407,412",32,,,,"283,290",
YDR389W,"156,288",,19,,,,,19,,,"3,4,258,261,262,324,469,581","42,431,432,433,435,440,582,586,590","35,37,38,46,48,49,51,65,66,70,73,80,98,99,489,491,494,495,551,553,554,574,576,579,580,608","71,186,194,388",157,,11,105,11
YDR390C,"17,18,82,396,402,604,605,619,622",27,"168,273,277","82,91,264,273,433,440,619,622",,,436,"172,402",,,"88,89,312,503,506","78,173,178,181,282,284,288,290,292,295,297,603","178,219,284,288,292","236,397",,,"396,567","226,229","240,604,622"
YDR391C,231,,62,"26,62,111,114",169,,,26,231,,25,"38,67",107,81,"51,139",169,"26,114,161",,62
YDR392W,"4,179,213",,,"89,92,210",,,,6,,,"48,187",,"97,269,270",193,199,,"116,117,126,176,190,326",,
YDR394W,"56,76,245,280,337",,"12,17,21","21,245",,337,"266,331",337,,290,"31,35,36,37,228,238,375",355,,"171,198,212",,,"423,428","69,416","69,87,245"
YDR395W,"97,574,918,921,930","253,255","254,397",74,,,,759,544,,"306,307,419","761,762","381,382,869","62,373",,10,"23,401","428,868","756,759"
YDR397C,108,,,"61,97,99,105,107,108",,,,108,,,7,"5,63,101,104,145,146","129,135",,,,"12,108","61,62,108,141",12
YDR398W,"150,271,274,277,278,284,348,553",640,"271,274,278,284,419,420,424,429","233,277,284,288,370,419,420,424,429",549,,,"59,553,555",,,"302,308,336,338","34,340,411,412,430","34,38,39,40,607,626,629,638",597,549,,,,
YDR399W,,,"182,187","135,143,164",,,,"26,52,137,164,182",,,,,,,97,,"29,52",163,
YDR400W,"61,279",,"61,296,301","61,69",,,,,"61,296,335",,"169,202,222,223,305",,,,,166,,151,296
YDR404C,"27,80,83",,,,,,,,,,10,,,,"38,150",38,"80,83","23,164",
YDR405W,"25,74,78,83,106,111,115,141,192",,"64,88","74,88,111",,,,"78,83,111,251",,,"57,132","59,112",101,,"24,200",,"47,67,141",232,"83,106,111,115,251"
YDR406W,"243,405,408,409,441,779,781,835",319,"133,224,227,243,446,472,480,831","165,169,175,178,227,472,480,822,827,828,831,835","335,341,418,1130,1426,1442",,,"169,409,441,446,557",446,35,"65,143,344,558,744","56,207,210,217,220,423,672,975","848,851,1188,1435,1438","34,59,384","335,341,964,1130,1426,1442","335,418,932,1426,1442","446,557",455,"441,446,557"
YDR407C,"618,838,939,1136,1181,1219,1222",1288,"227,365,462,470,763,774,1082,1086,1087,1219,1222,1245","37,842,1081,1082,1086,1087",,,,"1087,1222","37,249",,"265,624,642,713,714,879,958,1234","224,232,233,235,239,240,244,247,352,364,367,369,370,371,373,374,375,379,381,708,709","198,199,239,244,245,247,251,253,258,259,262,391,394,396,477,768,777,780,782,822","792,796,831,1261","454,733,1200","343,454","180,1087",774,"633,1086,1087,1239"
YDR408C,"66,70",,73,,59,,,175,,,,,"13,185",,,,70,,
YDR411C,,7,,,,,,,,330,262,"276,277,297,299",,,,,,231,
YDR412W,"33,182",3,"142,179,182,185","19,23,176,182,185,196,211",,,,"23,185,196","141,142",,,,217,,,,"59,196","179,182",33
YDR416W,"55,360,362,367,372,798",,"244,249,367,419,439,526","158,328,362,367,372,424,439,770,794,802,804,805",,,,"41,192,328,653",362,581,"203,228,240,561,568","333,471,473,723,753,838,840,842,844,845,846","230,233,840,844,845,846,847,849",28,"112,556","100,322","85,362","138,434","367,434"
YDR418W,"11,31,40,41,48,51,54,130",,,"40,41,48,51,54",141,"48,51","2,3,7","40,41,48,51,54,86","4,11",67,,"25,120,124,127,129,135","38,127",,141,141,"40,41,48,86,146","40,41","31,40,41,48,51,86,93,94,96,99,130"
YDR419W,"3,7,125,143,279,487,489,491,554,596,622",,"125,268,278,279,349,366,448,450,487,596","137,140,143,279,349,351,457,464,489,491,546,549,554,563","552,553",,,"278,279,450,489,491,554","182,216,351,376,457",,590,"360,367,442","188,612",494,"146,245,290,552,553","262,553","96,125,182,184,349,351,376,450","351,491","182,343,349,487,489,491"
YDR421W,"163,570,814,826",,"57,153,160,179,378,677","52,56,57,64,116,121,123,153,160,171,183,617,677,684,814,815",,,,"524,570,618,677,826","87,145,163",29,"92,170,199,373,415,579,825,850","2,8,157,158,164,165,749,752,757,829,830,834","94,95,96,110,111,174,182,184,186,187,189,208,209,223,461","231,465,519,520,913",,,"677,693,826","5,116","684,826"
YDR422C,"288,794",,"47,148,344","95,288,373,374,603",,,,,,,"107,113,158,279,285,320,365,447,736,745","299,340,342,367,617,620","33,44,45,73,81,82,99,101,102,131,133,136,143,147,149,181,182,198,200,206,209,211,216,218,220,385,388,391,397,400,431,434,436,438,439,441,442,444,445,617","304,509",787,,95,"289,652",499
YDR423C,"25,30,32,46,392,396",33,"144,294","25,30,32,39,392",,,,,69,,"85,154,158,195,208","135,136,137,140,332","28,148,151,330",,"308,391",,,25,
YDR424C,,,"12,19,21,46,47","19,21,29",,,,,"19,21",,,"2,7,8",2,,,,21,"6,12,21",
YDR425W,"184,387,439,484,492,493",,"179,335,484,492,493","492,493",,,,329,,545,"117,194,274,422,466,574,575,579,589","73,74,77,78,101,103,105,470,472,473,476,525,526,527,529","54,57,58,59,63,64,68,69,70,73,74,77,78,79,80,81,155,258,260,263,501,502,503,505,506,507,508",,566,566,"492,493,538",534,"131,534,538"
YDR427W,87,393,"53,80,87,90,159,160","53,87,90,97,103,113,140,145,155,159,160,276,315,321,379",,,,"53,315",,,"117,244,247",359,,,,,"53,87,90,182",103,271
YDR429C,"29,47,88","224,272","29,31,35,37",,,,,23,,,,"138,178,229,232,239,241","2,206,222",,,,,,
YDR430C,"64,105,272,522,571,887,959","849,986","200,552,775,801,803","105,270,272,280,281,411,767,775,801,852","92,531",,982,"266,887",,694,"168,210,211,553,554,628,681,708,712","560,562,683,684,768","488,530,703,704,981",,531,"474,785,802","64,887","270,272,514","546,767,887,898"
YDR432W,217,,198,"173,181,194,198",211,,"375,407",,,"294,298,302,307,314,321,329,337,344,351,358,363,370,377,384,391",,"230,306,328,336,343,349,362,379,383","349,356,413","340,347,354,373",211,211,194,,
YDR434W,"376,455",,376,,,,,,,,"100,170,228,247,299,506",,,,,,,,
YDR436W,"42,194,208,413,421,431,503",,"34,42,53,219,258,308","24,25,34,413,416,421,431,628",419,,505,431,,,"184,241,519","33,35,40,43,74,105,107,144,145,146","44,46,49,52,55,58,87,93,138,144,145,150,151,152,155,161,203,224,227,252,270,271,275,282,283,298,299,310,312,314,333,334,335,336,338,359,362,364,379,446,448","269,321,645","517,616",534,537,416,"431,488,503,537"
YDR437W,"108,109",,,113,,,,,,,,,,,,,,,"108,113"
YDR439W,"186,298,304",347,"37,42,84,106,215,219,304","42,47,84,90,94,106,114,304,311,318,324",,,,"94,304",,,"209,254",,"120,122,123,137,170,220,222,225,230,306,307,308,329,333,338",,,,"84,90,94,102,243,304","102,104,106","106,195"
YDR441C,"49,58,60",,,,,,,"49,60","55,58",,,,19,,99,99,9,,
YDR443C,"626,628,632,1260",1184,"447,794,796,1020,1024,1180,1260","440,447,632,926,1054,1324,1325","880,1246",,,"89,912,926,1002,1209,1270,1386,1387",,"605,1277","350,351,377,497,500,503,506,700,724,733,771,772,776,808,900,902,1037,1137,1138","252,254,257,260,321,352,419,448,775,1272,1403,1406","86,94,210,352,354,355,359,370,375,444,446,448,450,453,472,475,477,499,501,502,505,508,510,514,521,608,634,654,655,656,667,668,674,746","316,1067,1173","136,164,880,1214,1246,1342",1195,"54,1260,1266,1270","174,372,428,673,1054,1180","311,632,1054"
YDR447C,"10,14,63,72","4,9,66","111,116","10,59,72",,"7,10,14,44,49,63",65,,"59,63",,123,,,,35,35,"23,49,59,63,72,111,116",,
YDR448W,313,,313,252,159,,26,"232,245",,,404,"310,317,318,321,323","331,333,337","107,345",,,,,
YDR449C,"26,407",,"397,404,407","34,35,128,242,353,407",,,,"102,283,290,407",,,122,,,"6,7,394",11,,"288,290,397,404,407,421",229,"21,242,397,420"
YDR450W,"27,80,96",133,,"48,49,56,108",,36,,,"48,49","115,123,134,143,144,145",,"33,34,140",43,30,,,"36,56",,"80,117,118"
YDR452W,"83,86,89,92,123,133,343,660","2,3","18,19,476","83,86,89,92,136,374,382,446","119,141",,,"6,83",,,"11,58,505,511",,"259,263,265,268,396,537",,119,,86,,
YDR453C,"29,31,104","2,5","33,89,97,104,164,185","60,61",,,,"33,104,192","60,118",,"105,165,172",,,,,,132,"104,181,188",
YDR456W,585,,,,,,,,,,"515,549,550,563,567",575,"33,498,499,620,624","332,333",,387,,,
YDR457W,"99,102,442,936,1248,1249,1274,1484,1491,1780,2444,2834,2839,2886,2893,2937,3108",,"273,567,842,940,942,947,1642,2583,2779,2834,2893,2940,3206","12,71,75,79,80,201,238,545,884,887,892,940,947,1072,1592,1594,1751,1780,2258,2265,2270,2287,2530,2583,2586,2592,2593,2646,2839,2860,2910,2931,2937,3103,3108,3114,3199","29,247,439,1271,2670",,,"884,1249,1379,1643,2886","1436,2762,2839,2900,2902","2108,2163,2524","131,230,372,747,783,1037,1105,1525,1634,1774,1869,1870,2142,2164,2292,2548,2582,2643,2684,2989,3158,3159,3164","177,179,363,524,525,1448,1452,1599,1604,1748,1778,2522,2532,2630,2635,2636,2637,2705,2799,2804,3231","454,461,462,463,651,652,656,1078,1890,1920,1921,1967,1968,2012,2014,2015,2017,2024,2051,2099,2103,2193,2365,2418","576,1258,1259,1267,1268,1687","29,82,247,1271,2247","1566,3021","626,699,702,1074,1246,1249,1274,1484,1751,2530,2834,2839,2886,2893,2900,3102","339,342,1379,1643,1815,2287,2834,2902,2940,3206","699,708,1255,1274,2771,2834,2839,2940,3206"
YDR458C,"38,43,63,357,419",,"33,63,70,75,76,81,216","38,43,56,66,70,75,76,79,81,82,91,94,129,258,261,443,444,584,587,592,594,597,598,600",451,,"184,385","38,66",587,,301,"10,50,234","14,50,51,55,109,110,123,141,171,172,208,519",377,350,,"38,43,63,497,498","304,423",
YDR460W,"27,273",,"213,220,235","57,61,65,67,69,94,128,132,217,219,220,226",,,51,192,226,,"93,100,206",,"258,275",,16,42,"192,283",128,"27,132,283"
YDR462W,121,,27,"32,57,60",,,,32,32,,117,,"33,34,36",,,,,,32
YDR463W,"19,113,266",,113,113,,,,"113,346",,,"236,322,323","99,101,368,370","238,239,489",,265,265,337,"107,113,346","228,346"
YDR464W,"633,706,714,873,1052,1071,1074,1080,1124,1126,1133,1216,1219,1220,1285,1291,1294",,"232,236,546,556,557,714,832,933,1010,1071,1126,1133,1139,1250,1285,1336","232,236,238,248,406,543,547,579,591,938,1005,1010,1061,1126,1170,1216,1219,1331,1336,1350,1361,1368,1403,1409",,,,"590,591,938,1133","974,1388",,"108,437,528,825,826,928,965,1119,1176,1184,1321,1325,1379,1380","150,155,156,157,415,548,677,867,944,947,977,978,1053","22,156,325,329,393,551,559,563,564,685,709,710,757,761,897,944,947,954,977,978,1043,1252,1432","419,777",,,"714,722,1133","981,1149,1154","414,1133"
YDR465C,,,,,377,,407,,,122,"64,123",,"181,184,189","398,403,404,405",401,,,"84,198",
YDR468C,,,,81,,,,,,,"2,3,111,115",,127,,,"205,206",,63,
YDR469W,,,"72,75,86","72,75,78",,,,,,,,,,,,,75,"86,104,107",
YDR471W,"3,6,9,21,22,27,69,73,116","12,13,14","55,56,60,64,67,69",,,69,,"6,9,27,34",133,,,,,"49,77,85",,,"111,115,116,126",,"6,9,21,22"
YDR472W,86,,,78,,,,,,,123,"9,38,144,146,149","121,125,130",22,,,,,
YDR473C,"21,298,357,366,390,398,401",467,,"51,100,224,233,261,295,298",389,,"2,3","91,95",229,,"187,286,421,422",,"275,450,469","216,464",369,389,21,"128,132,261,267,271,273",148
YDR475C,"15,18,60,64,252,255,494,579,581,588,795,846","2,3","158,167,795,801,810,820,823,824,833","69,161,252,730,801",73,151,"140,146,147,148","15,18,228,371,420,421,502,795","228,420","589,668","319,544,545,575","85,86,229,234,273,468,662,733,785,787,789,828,829,864","85,132,137,139,144,145,230,312,321,323,352,366,510,546,547,552,592,605,652,672,676,708,709,711,713,749,752,755,803,804,805,806,807","143,529","73,276",,488,824,"226,228,524"
YDR477W,"70,273,387,535",,,"89,93,390",,,215,390,,111,"4,6,36,263,266,389,554,557,559","75,76,224","35,45,65,210,211,214,337,338,403",217,212,,"93,535","93,549",179
YDR478W,"3,8,17,141,147",,"147,148","148,165,181",,,,"3,100",,,"73,135","57,62","87,94,131,138",144,109,101,,118,17
YDR479C,369,,"35,39,40","329,503",,,,,,,"6,10,14,148,151,233,551","47,49,50,56,60,96,97,99,103,332,334,502","17,19,22,42,44,45,47,49,507",,,,90,,
YDR480W,93,,"58,61,241","51,52,58,61,304",,,"175,176,178,181",,93,,"96,128",261,225,,258,,,"61,93,297",
YDR481C,"256,263,309,412",,"30,301,498",301,150,,,"410,412,498",,,"268,401","113,115","3,8,17,115,116,118,226,539",560,"132,150",150,"412,432","426,432,438","297,301,432"
YDR482C,"53,97,98",,,"53,97,98,105",,,,,,,,,"23,26,35,117,118,121",,,,"9,12",12,62
YDR483W,"181,211,377",,"104,122,147,150,151,187,200,211","66,142,174,181,433,435,438,439",,,,"122,135,142,150,211",,,197,41,"70,74,177","143,212,214,419,425",,,"96,135,181,211,433,435",104,"132,174,181"
YDR484W,,,"48,55,138,212","41,43,48,161,337,338,561,562,564",,,,"228,231",101,,"27,90,112,142,148,242,243,358,359,363,379,497,502","29,222,554","51,216,507,508,608",574,380,,"48,99,101,332",25,161
YDR485C,"266,674,675,715",,"46,162,164,437","33,250,258,260,342,343,708,709,715",,,,"315,709",,,"491,522","9,203,211,639,751","2,9,123,124,346,349,380,385,396,463,467,471,472,486,488,490,493,495,498,502,556,559,565,572,579",,710,,"46,53,400,715,746","508,516,691,693","508,715"
YDR486C,,,,"10,11,78,122,127",,,,"10,11,62",,,"21,159",110,"59,160",125,,,10,,132
YDR489W,,291,177,153,"128,255",,,,,,"100,110,120,195,210","25,28,29,30,31,32,155,257",95,53,"72,128,255",128,,,
YDR490C,"58,100,119,168,174,179,420,588,591,723",,"158,166,168,174,272,433,484,507","103,119,149,150,174,179,264,370,680,684,688,693",,,,"217,264,293,664",484,,"3,181,222,312,745","21,61,62,63,135,483,485,486,487,488,491,516,518,519,520,521,671,740","157,296,300,305,483,486,487,513,514,516,678,681,736,737,740,742,743","218,746",653,,"103,119,126",688,"174,251,272"
YDR493W,,,"108,112","72,73,80",42,,,,,,97,109,99,,42,,,6,
YDR494W,"102,302,306,307,311",,"250,306,307,311,314,316,321","36,102,311,314,316,321",350,,,"102,163,306",,,"105,227","10,34,38,172","161,197,229,268",241,,,"43,110,124,302,306,307",,110
YDR495C,"447,550,582,712,749,840",2,"191,194,200,271,411,414,811","191,200,302,435,503,504,507,508,512,607,609,636,704,705,712,755,840,912,994","208,238,282,746",,,"912,994",,,"60,225,239,423,424,777,837,929","241,404,406,408","489,493,850",,"238,490","238,746","194,276,811,912",849,"183,191,194,431,808"
YDR496C,"15,167,179,279,384,417,626,630",,"26,128,638,646,653","11,15,128,285,379,384,461,466,623,626,630,638,646",360,,,"128,372,376,379",576,549,103,"122,463,464,486,648","31,34,35,39,42,49,50,51,52,65",,"160,287,360",,"427,450",,"626,630"
YDR497C,128,,315,"38,41,563",,,,547,"320,326",,"79,309,371,506","12,13,15,482,483","35,37,43,55,289,291,293",273,,,,"210,553",547
YDR498C,"177,257",,207,"22,154,195,201,205,207,257,263",,,,"22,97,205,207",69,215,267,"182,183,184,185,187",,175,79,,207,,
YDR499W,"170,463,522,580,624",6,"177,187,442","187,188,246,703",261,,,522,"238,466",,437,"148,149,150,152","5,10,11,58,136,173,176,182,669",682,,,716,"126,187,188,246,698",
YDR500C,"3,10,14",,43,84,"34,37","10,14",,52,52,"63,65",,5,,,,,,,"3,10"
YDR502C,"3,5,42,63,77,78,86,213,230,274,278,339,340","240,257","274,278","77,86,339",93,"254,292",,"3,77,78,274","77,78,340",,,"62,277,282,363",,"90,276",45,"23,45,93","213,218,230,278,292,301,339,340",230,"5,63,78,213,218,222,278,339"
YDR503C,56,"272,274",,,150,,,56,,,,,,179,,"253,254",,,183
YDR505C,"41,467,685,716,774,781",,"28,33,41,714","28,33,456,632,633,634,677",,,,,19,"331,332","7,30,45,47,48,117,187,281,406,461,531,532,704,705,708,768","197,205,207,367,385,386,387,390,391","46,49,51,520,522,523,684","22,239",739,492,774,"549,732",784
YDR507C,"86,167,247,285,291,369,392,393,422,480,489,508,598,609,630,892",1139,"32,285,299,378,392,422,440,444,449,450,477,480,490,788,888,892,1000,1036,1040,1084,1114,1115","299,344,354,364,415,450,508,515,602,715,788,1007,1040,1051,1114,1115,1121,1124,1125,1136,1142",,,,451,,"849,876","38,59,318,457,664,900,991,1027,1077,1078","271,384,385,387,411,419,424,426,427,429,430,431,434,435,443,459,460,462,483,518,669,673,774,777,778,782","30,189,190,193,254,319,382,384,385,406,409,412,435,453,454,459,460,465,471,483,486,502,506,682,683,685,689,752,801,815,818,854,930,942",756,,,"344,1040,1051",715,"158,167,247,291,939"
YDR508C,"324,550","539,658",122,"132,538",472,,,"465,503",,,,"414,416","29,113,336","31,54,125,320",472,663,465,"122,639",
YDR510W,,,,"38,40,41",,,,,,,,,"2,4",,,,"38,40,41,54,58","11,19",
YDR511W,54,,,,,,,,,,,,98,,,,35,,
YDR513W,,141,"107,129,133",,"61,64",,,,129,,"4,10,92",,"59,123,127",,,,"129,130,133,139","34,107",117
YDR516C,"149,324",140,,"193,266,267,298,486",,,,,"112,149,186",,"48,49,74,218","163,165","50,51,230,231,236,237,242,303","352,355",496,496,8,,110
YDR517W,"125,324",,249,,"120,269",,,,,,"60,62",,"47,355,358",140,,,"125,132",,146
YDR520C,"677,766,767",,"28,211,677","65,66,68,174,226,677,760",,,86,"670,677",,76,"4,6,152,701,726","215,218,219,260,263,264,676,678,684,703,715,716","5,10,50,52,54,167,175,684,690",276,,101,"123,248,427",,
YDR524C,"18,46",,"27,264,447,456","264,265,286",,209,,"10,18,51,282,287",,61,"231,243,244,340,406","17,20,109,149,156,211,216,458","222,267,270,273,325,332,381,442,444,446,450,452,457",,57,,"18,264,265","18,395",
YDR527W,"40,111,118,263,355,359",,46,"40,41",,,,41,"87,111",,"19,21,414","302,340","196,412,416",152,,,"38,41,111",230,"252,256,263,267"
YDR528W,,,"39,101,302,303,307,310","101,126,128,133,307,310","247,322",,"6,7",302,,,370,"43,49,53,59,64,91,193,228,231,232,234,235,238,239,387","10,16,17,28,32,53,55,64,67,69,83,85,123,127,129,144,145,150,234,295,298,300,383",401,"143,420",420,,"185,302,303",
YDR529C,,,"44,95","23,44",,,,,44,,,,"4,7",,,,,,"40,117"
YDR530C,,,"109,247,255,256","31,32,34",,,320,"34,247,256",,,"275,277,295",,,,,,,"53,58",
YDR532C,"79,84,86,125",,79,"56,79,84,86,125,131,155,236,243,263,295",,,,86,,,"273,365,366",214,"210,214,215,217,275",,,,"84,125",155,"79,131,337,362"
YDR539W,"61,182,292,384,453,492",,492,"54,125,370,376,384,385","124,253,464",,,"57,385",57,175,,"116,120,121,126,447,449,450,452",,390,"69,124,253,298,464","69,464","190,376,384,492",252,3
YEL002C,"68,77,81,116,183,235,241",,"65,68,183","68,148",,,,"65,68",185,,"40,312","1,177,180","214,215,252,310,314,316","20,112,302",,,"68,77,401,402",,
YEL003W,"33,41,44,95",109,101,"16,25,33,41,44,95,101,102",,,,,,,,,,,,,"44,87","75,76",
YEL005C,,2,"40,93,155,156,161,272","31,60,92,155,156",181,,,"41,123,124",,,"49,144,145,236,249,262",,"198,200","26,27,53",,,123,"124,161",
YEL007W,"28,30,82,86,121,123,206,634",,"82,162,168,169,206","30,168",201,,,"77,82,198,206",,,"92,94,226,231,234,235,251,323,325,388,394,493,494,495,519,647,650,651,660","118,120,253,258,445,446,447,448,449,464,496,498,499,502,503,532,536,663,664,665","154,204,208,217,258,464,470,472,475",,,,"282,287",8,86
YEL009C,231,278,,180,,,,211,231,,28,"131,132","214,218",,,,,"50,58",
YEL011W,"19,53,60,71,76,161,179,612",368,"53,60,141","60,161,179,186,477",482,,,"60,104,214","9,267",324,"109,669","159,160",,"226,582",482,,"71,76",612,"71,76,102,161,179,214,219,612"
YEL012W,"5,40,71,140",,,145,,,,"140,151",151,,"90,115","2,3,4","162,165,167,176,178,202,207","61,135,152,212",,,,,"35,40,71"
YEL013W,"243,345,453",,"255,268,370","244,367,370,380",,,,244,,460,"186,193,449,450,568","375,520","18,83",,352,"4,5,7,445","345,474",162,
YEL014C,,101,53,,,,,,,,55,,,,,,,,
YEL015W,"22,25,116,117,161,162,167,242",462,"22,25,58,162,269,399,461","43,48,55,58,116,117,124,161,162,242,394",,,,"17,22,25,29,43,68,116,161,162,167,388",,,"216,260,315,349","234,257,261,262,263","97,225,227,229,257,259,261,262,263",,363,363,"17,22,25,242,387,388,394,395",,"100,124,167,447"
YEL017C-A,,,,,,,,,,,,,,,,,,,
YEL017W,"4,124",,"11,21",12,,,,,,,315,123,,30,312,312,"12,32","54,107,136",12
YEL018W,"117,186,195,199,205,208,216",,195,"117,122,186,195,199,205,208,216,258",,,,186,186,,,"159,191",,,,,258,"123,225","208,216"
YEL019C,"20,95,111",266,"88,145","91,95","101,188,226",,,,,,"139,140",,,,"101,188",,"91,95",,111
YEL020C,"42,494",,,,,,,,,,"253,354,418,472,473",259,,"340,375",46,"46,431",125,"167,339,344",
YEL022W,"584,1017,1018,1024,1140,1141,1156,1254",,"584,593,969,1017,1018,1045,1055,1207","648,787,788,969,972,1052,1102,1140,1141,1148,1244,1259,1260,1267,1390,1399,1400,1408,1409,1413",,,,"31,575,576,972,1156,1244","350,1017,1243,1399",373,"21,398,445,1035,1038,1344,1378,1415","780,781,907","296,974,980",,"152,566,844,1123","566,616,670","499,1089,1140,1141,1399","31,264,972","584,1014"
YEL024W,"13,114","212,214",193,138,,,,"13,114",13,192,,"6,7,10,16,18,24",67,,,,"105,110,114",,"31,44,114"
YEL025C,"544,1002,1046,1055,1124,1128,1185",508,"34,221,385,391,394,396,404,507,603","34,221,329,391,394,396,404,438,444,1128",360,,,"34,103,396,437,852,855",631,,"133,146,269,459,531,697,864,865,1021,1140,1154","445,977,983,1142","327,983","964,1053,1175","9,208,248,360,577,702,1014","208,360,846",396,"329,510","603,604"
YEL026W,34,,111,"34,35,42,120",,34,,,,,,"103,104,112",,,,,,,"34,35,42,120"
YEL027W,,"158,159",,,"43,160",,,,,,,,,,"43,160","40,43",,,
YEL029C,"272,274,276",,"246,272,274","163,167,168",,,,133,,,"36,42,71","54,56,124,176,183,184,267",137,,,"27,187",,"101,246",99
YEL031W,"604,893,898,922,929,930",560,"21,26,344,930,1211","156,164,174,554,842,843,893,929,930",291,,,"244,898",797,,"86,106,107,456,835,970","5,8,9,22,103,104,584","145,146,154,318,324,349,583,589,591,594",625,469,983,"619,626","84,898","554,893,898"
YEL032W,"158,355,693,694","968,971","356,723,768","188,664,693","471,510",,,727,"158,477",807,"395,587,641,643,677,682,873","145,148,149,172,412,413,416,427,437,443,494,496,504,505,511,710,781,790,791,793,794,798","85,86,87,167,170,172,223,560,695,698,701,758,761,765,777,779,781,785,786,790,791,794,798,824",753,,,"694,723,727",942,"178,188,287,356,415,499"
YEL034W,"28,35,48,51",,69,35,39,"48,51,56",,"28,40,69",,,,,"2,7,74,77",,,,35,114,"28,48,51"
YEL036C,"74,311,388",,,50,,,,74,"155,388",168,,"164,166,213,415",,"65,70",,86,311,"145,489",74
YEL037C,"13,28,49,55",,"13,49,55,75,79","10,11,13,55",37,,,49,,178,"99,282","47,239,244,284","93,94,100,106,107,116,134,136,138,139",182,37,,49,"13,49","13,49,55"
YEL040W,"63,209,219",,"56,58,63,209,228,326,335,356,357,360,384,388","56,58,63,209,326,388",,14,"11,15",58,58,,"73,167,170,173,210,214,238,241,271,274,287","108,329,330,331,332,333,336,339,340,342,343,344,345,348,363,364,366,367,383,391,392,394,395,396,398,405,406,408,410","55,316",222,,,209,209,
YEL041W,"173,267,382,442",,"35,165,169,442","148,438",463,,,,,425,"162,166,301,450,452",,"70,436",,158,269,"382,438",,
YEL042W,"160,264,310,313,316,436",,"46,160,182","182,310,313,316,321",,,,"160,182,185,493",310,,"41,280,335,338",33,"39,380,459",8,"329,364,498",,182,,"313,340"
YEL043W,"35,43,332,478,480,487",,"35,275,279,285,298,330,372,373,433,478,487,678,891,905,907,909","128,137,275,279,285,291,294,298,401,882",,,,480,"335,424",,"84,85,188,338,341,369,499,500,505,672,675,700,785,815,816,893,896","131,156,158,159,168,175,199,597,599,604,605,607,698,699,706,721,724,725,726,731,732,791,792,901","38,166,168,284,288,522,524,529,542,586,721,724,725,726,757,763,791,792,885,889,912,913,928,929,930",,,,,"285,291,294,433,436,480",285
YEL044W,157,164,"80,122","54,72,80,83,113,114",116,,107,"83,113,114",126,,7,89,,53,,,"80,83",,122
YEL046C,"312,313,316,320",,,"231,232,238,313",92,,,232,,,,,,330,"181,358",,"231,312,313,316",,
YEL047C,"146,156,181,185",436,"25,35,45,146,151,156","76,79,81,145,146,151,156,162,169,185,303,335,421,428","305,454",,,"146,169,334,415,421",151,,,"2,4,437","66,203",,"54,454",54,"334,335",,156
YEL048C,,,,,6,,,,,,41,9,,,6,,,,"131,140"
YEL050C,"138,184,264,340",125,"49,224,233","41,49,75,233,278,282,283,284,375","26,341",,"25,28",,340,"104,373","46,55,66,150,158,186,315","12,14,100,140","48,52,57,354,358,360",,"240,341",,"49,356",,264
YEL051W,,,,"19,48,56",,,,21,,127,"100,212",,,187,,,54,23,
YEL052W,"45,48,101,103,175,263,465,470",504,"71,279","29,32,45,48,470,474,475",354,,,"32,267,475",,,"197,198","447,501,508",35,"108,123,125","258,354",18,304,,"32,465"
YEL053C,"32,34,696",,"127,287,569,688,696","34,287,503,504,506,510,569,695,699",,,,329,,731,"56,57,399,403,544","684,687","265,272,687",673,136,,"40,688","575,616,623,688","325,329"
YEL054C,"11,31,40,41,48,51,54,130",,,"40,41,48,51,54",141,"48,51","2,3,7","40,41,48,51,54,86","4,11",67,,"25,120,124,127,129,135","38,127",,141,141,"40,41,48,86,146","40,41","31,40,41,48,51,86,93,94,96,99,130"
YEL055C,"12,118,258,274,434,521,695,912,928,938",,"316,443,821,912,914,917","12,87,113,243,313,321,434,437,443,521,530,909,912,917,928",407,,,,"206,978",,"262,383,641,642,869,896","828,829","91,718,789,871,874","204,207",,372,"243,344,521,821,914","243,521,587,712,821","118,243,274,434,437,443,530,695"
YEL056W,114,389,,,,,,,397,"123,125","241,242","244,247",,,,,"114,157,397",6,157
YEL058W,"122,420",521,"283,413,420,496,506","283,479",372,,,"19,283,333,479,541",,485,"126,355,439","142,143","65,67,419",470,"149,295,368,372",372,,420,
YEL060C,"280,309,354,376",,"346,441","42,50,103,112,115,118,122,354,530,531,569,570,577",,,,"305,346",402,,"395,566",,"22,30,52,63,66,339,392,393,397,403,434,435,522",,463,,305,"390,577",
YEL061C,"93,423,682,688,693,700,788,882",,"68,255,502,504,534,560,902,974,975","93,210,211,249,341,349,423,524,534,550,562,618,619,777,778,893,927,946,953",465,"378,433",,"93,211,401,513,556,778,953,954","721,777",,"36,73,121,197,201,221,222,280,281,391,407,495,726,794,857,931,934,950,982","52,55,56,81,223,224,225,227,229,265,435,441,446,466,467,843,847,848,904,906,907,908","71,239,242,247,259,261,265,448,453,455,592,728,760,966,969,972",762,465,465,"93,341,401,688,778,816,937","54,975,995,998","378,878,946"
YEL062W,"47,113,508",,"28,186,252,278,370,372","253,515",,,,"116,353,479","281,597,611",,"142,210,352","159,162,163,165,168,169,178,384,385,388,453","79,357,362,364,366,401,402,405,556,557,569",,,437,500,"28,37,127,281","47,53,171,281"
YEL065W,30,,34,,,,,,,555,"7,158,213","36,38,39,40,130,392,521,623",,556,,,260,30,514
YEL071W,"82,85,90,91,212,220,262,346","95,359","19,335","90,266,268,323,329,335,344,448",,,,"17,85,90,91,448",448,,75,237,,"441,443",,,"323,329","268,335","90,323,329,494"
YEL073C,,"2,106",,,,,,,,,"3,6,10,43,50",,,,,,,,
YER001W,"112,168,273,282,286,302,412,414,450,590,646,647",,"213,219,222,450,670","54,55,58,210,213,484,590,596,636,640,641,646,647,649,653",605,,478,"112,238,678,704",295,"472,479","50,53,225,383,386","56,445,446,451,453,745","46,52,79,83,719",,"469,605",,"237,238,364,450,636,640,641,647,649,653,704,740","282,289,590","168,444,450,670,678"
YER002W,"58,66,197","4,131","72,75","66,72,75,197,198",,,,"58,66,204",161,,,,"13,32,61",208,,,"66,123",135,"135,136,203,204"
YER003C,"81,114,118,126,151,278,328,388,393",426,"64,73,216,388","64,197,235,306,308,326,342,388",,,,"114,118,308,328",161,,209,,,321,,,"197,198","73,216,395","104,114,198,308,382"
YER006W,327,3,"45,57,269,278","16,20,21,22,45,309,385",,,,385,,"43,304","247,273,274,468,484","128,236,256,258,259,260,262,457,458,470,471,474","243,250,256",,341,,,"195,293",331
YER007C-A,"30,53,101",180,"25,27","27,30,53,157",,,,"25,85",,97,,6,,,"54,111",111,"17,30,85","17,45,46,53","81,101"
YER007W,"218,222,308,320,371,411,469",,"70,72,122,123,189,198,509,513","122,123,198,411,434,435,509",151,,,"44,67,371",310,,"184,239,260,275,282,285,319,364,507,508","17,404","73,503,510,516,518",,368,171,"25,198,320",,"310,403"
YER008C,"119,309,513,680,1193,1194,1200",,"62,195,204,259,309,472,520,853,1137","149,155,816,1091,1200",,,"125,126,127","149,815,816",,1315,"41,58,64,70,264,268,323,462,530,543,546,701,863,1072,1076,1140,1144,1146,1231,1233","49,50,260,262,263,266,267,269,270,272,275,279,282,285,288,318,1127,1135","3,4,6,14,17,24,34,35,39,43,66,69,72,75,249,254,256,320,523,1109,1115,1141,1142",465,750,,"800,816,1101","136,514,520,613,617,1013","448,723"
YER011W,,,191,,,,,,,,,"122,125,126,127,128,199",186,,,,,,
YER012W,29,,19,"29,170,177",,,,113,,,,17,"39,42,45,76",,,,29,113,
YER013W,"160,203,250,370,470,546,748,816,949,952,1005,1113,1120,1123",548,"80,160,179,330,470,630,896,1110","80,156,160,343,347,370,373,378,381,577,748,1110,1113,1123","205,533,919",546,,"373,470,546","54,373,741",270,"28,32,126,323,397,402,405,460,463,842,974","325,634,635,637,746,750,795,798","74,75,78,292,293,430,435,477,899","528,783,967,1042,1060","205,533,554,919",1014,"73,160,179,370,373,470,1123","86,152,156,160,167,347,382,625,950,952,1123","890,997"
YER014W,"130,255,305,316,409,414",510,"198,203,255,290,293,337,340,344,424","93,102,108,109,210,344,424",,,,"152,409,414,468",293,482,46,"73,124,126,127,128,447","153,538",,"104,435","166,483","93,290,409,414",316,"109,117,414"
YER015W,"52,56,57,655,659,692",,"22,385,409","22,56,57,90,119,404,670,682,723,726",87,,"285,288","30,385,424,595,679,682",,"249,431","200,207,252,460,461,558","303,423","80,81,711,713","28,601",140,,"382,404,409,555,655,659","539,682,740,743","659,692,697"
YER016W,"80,86,91,244,266,267",,,86,,,,67,,,"55,170","128,131,133,137,139,142,143,147,148,149,150","139,147,157,166","44,60",90,"30,72",,,
YER017C,"22,156,160,217,279,308,542,543,671,676,712",,"22,30,154,156,160,312,319,668,671,676","156,160,279,284,288,474,542,543,702,706,712,717",,,,"160,217,275,279,319,398","22,474",370,"90,139,488,675","16,17,19,327,332,378,412,619,697,701,721,749",19,,696,509,"154,217,398,474,542,549,671,702,743","319,668,671","160,279,284,288,315,319,552,743"
YER018C,,,,,,,,,,,79,"78,80","3,96,100,101",,,,,,
YER019C-A,,5,,,,,,,,11,,"30,33,34,44","4,21",,,,,,
YER019W,"66,117,195,260",,,,114,,,,,,"24,27",451,"350,353,354,355",,,,117,,
YER021W,"58,94,101,358,359",,"89,94,350,358,359,366","350,353,358,359,366,368,400,401",,,,"353,359,368,401","36,435",,227,"107,262,265","197,198,493","114,119",,,58,305,"43,161,219,350,358,368"
YER022W,"83,122,280,288,297,324,349,495,598,601",687,"266,267,277,608","78,81,83,280,324,333,387,423,427,555,560,563,598,601,608,618",,,,"258,267,288,608",,328,"33,35,67,175,212,216,285,595",317,"40,42,43,136,415,417,632",443,,,"115,122,377,495,608","266,396,446,447","115,122,288,495,559,598"
YER023W,,,,"178,228,232","245,256",,,"232,241",,,76,,,,"131,256","245,256","216,284,285",68,"140,178"
YER024W,"63,83,198,388,467,622,750","914,918","18,83,198,245,296,492,518,815,896,897","18,369,376,606,750",422,,,539,,182,"103,104,131,162,165,360,458,807","5,883,886,888,889","211,212,577,752,805,809,811,813,871,885,886,888,889,891,892,895","46,210",,,"231,487,750,845","18,153,750","83,251,511,750"
YER025W,"146,264,268,334,365,367,401,498",,"139,146,149,367","46,47,365,367,449",,,"153,156,158,177","149,242,362,365,367",,271,"135,144,221","52,121,202,320,400,445","171,190,488,489",427,"194,370,407",194,"129,146,362,365,367,479",334,"139,146,288"
YER027C,,191,269,,396,,,,,,"22,369","17,21,24,30",,413,,,,,306
YER029C,"19,76",,,"60,65,68,79,116,121,124",48,39,"189,190,191",,"138,145",,,184,,,,,,"68,76",
YER030W,"110,116",,58,"51,53,115,116,123,124",,,,,,,20,"107,127,128","2,17,103","38,41",,,,,
YER031C,60,,127,60,,,,"60,180",26,,126,"22,27,44,45,52,69,79",,"10,75,101",,,"26,63",,
YER032W,"324,751,787,807,852",5,"87,356,526,674,837","339,825,829",583,,,"356,411",,,"41,44,45,95,191,193,196,270,352,382,453,550,699,727","2,153,420,422,423,449,450,533,534,535,611","2,6,10,14,169,172,201,245,254,255,359,360,378,394,398,399,401,450,455,483,485,493,547,552,558,569,577,634,639,641,796,871","263,749","32,650",32,"92,852","92,324,771","324,356,771,823"
YER033C,"252,253,600,601,605,843,944,952",,"155,168,391,467,527,657,664,698,702,769,921","9,10,80,81,381,383,521,524,526,527,561,567,600,601,605",,,"119,120,121,122,124,125,126,129","664,952","168,672",,"23,29,30,73,100,158,196,215,300,376,666,674,675,734,898,965","89,93,94,96,97,98,99,102,201,350,653,693,696,697,766,926,929,930,932,933,934,937,1038,1039,1041","11,12,13,17,39,46,48,82,94,152,161,192,275,310,311,315,364,365,367,374,403,407,535,613,624,676,703,705,766,830,841,900,930,932,933,1038,1039,1045,1058,1060,1065,1067,1068,1071,1072","258,469,747,1057",,,"561,590,600,960","168,395,702,750,960","234,878"
YER035W,"45,46,51,87",145,"10,12","45,46,98",,,,,,,,,18,,,94,,46,
YER036C,"27,167","4,608","351,484","61,225,351,354",,"21,22","2,3",362,,,"487,587","446,510",474,"304,308,463",118,,"300,484",338,
YER037W,"5,142",318,214,"69,109,113,115,151,152,153,154,157,214,268",,,,268,,,231,,,104,,,,"204,214",115
YER038C,"146,190,198",4,"145,146,156,167,172,175,196","145,146,167,175",,,,"145,146,196,198",242,,"73,442,446","161,162,164,223","6,7,57,60,65,66,101,111,151,154,173,177,179",222,243,260,"167,196,198",145,
YER040W,"265,270,281,387,702",,"179,356,357,360,387,393,394,702,714",310,"309,327,330",,,"301,387",9,425,"148,220,221,222,229,238,529,707","86,89,90,156,172,178,188,273,274,275,276,285,287,288,291,376,378,379,380,384,391,489,490,491,535,538,544,619,624,626,641,645,704","257,267,273,274,395,400,402,461,469,576,580,582,583,631,645,647,649,652,656,658,659,698",428,,330,,692,
YER043C,"47,172,177,189,191,405,413","183,187,227",217,"47,207,325,428","153,198,352",189,441,"38,47,175,177,189,191,229,319,428",47,"37,236",,269,"186,188,190,427","196,224","153,198,231","114,198,352","38,47,191,207,319,325,381",38,"47,175,177,189,191,207"
YER044C,,146,,12,,,,,,,,"58,60",,,,,20,,
YER045C,"101,344,379,439",,"198,330,337",337,,,,"242,245,330,406,435",,,"304,319,373,374,457,458","255,348,356,359,485","10,105,107,357",193,254,,,"198,330,344,363,370",
YER047C,"51,220,385,450,457,468,501,511,512,515,532,533,677,684,884,887",,"316,414,422,475,477,480,487,488,532,533,618,836,884","58,456,684,801,802,808,874",,,,"385,393,396,457",,149,"36,128,274,465,483,749,750","6,125,127,130,131,132,172,173,309,310,311,312,313,314,366,367,368,369,395,400,403,405,406,408,423,444,460,485,491,494,498,500,768,773","239,276,304,307,309,310,311,312,313,317,335,397,398,466,536","41,174",,,"163,219,220,385,618","443,538,884,887","58,385,618,651,677"
YER048C,"37,66,72,307,335,355",2,"199,245,336","24,72,153,154,252,265,325,330,335",,29,,"325,330",,,,"59,244,302,303,316","136,137,289","7,8",328,,283,,"14,47,66,199,307"
YER048W-A,"17,60,63,70",,,"60,63",,,2,"17,60,63",,,,,,,,,"17,53,60",,"17,38,53,63"
YER049W,"12,37,72,115,302,451,484",,"27,305,317,620","17,33,37,137","392,494",,,"37,44,115,152,420",27,506,"91,266,267,362",151,"139,141,143",341,"392,494,517,635",494,"305,420","286,305,570","447,451"
YER050C,"14,47,48",,"47,48,51","23,26,39,40,47,48",,,,120,,,,,118,,,,"23,25,120",26,
YER052C,"116,129,265,435,436,491","16,24","61,116,123,129,265,303,328,499","61,71,109,116,122,123,129,206,265",163,,,"61,166,198",129,351,"126,317,340,479,485,506","65,66,354,438","342,507,508","167,286","145,151",,26,,"26,129"
YER053C,"43,153,154,163,183,193",,,"70,71,202,244",,,,"5,9,154,167,193",,175,246,,,"53,195","174,182,225","174,182","154,163,167","5,201","62,163,193,200,201,202"
YER054C,"144,255",,"89,113,179,185,193,315,317,363,374","8,89,179,185,189,193,291,306,315,336,337",435,,,"446,504",,,"102,114,122,243,383,408",,"93,116,117,120,125,137,186,187,192,194,213,219,221,238,274,280",,435,435,"363,446","8,178,270","8,291"
YER055C,213,297,"24,120,200,203,206,213","120,206,213,236,272",,,,"203,206,272",,,,244,"244,251,253",,,,272,113,
YER056C-A,"19,21,24,67,70",5,21,"21,24,102,103,106,113,114,121",81,"70,114,120,121",,24,,"8,9,10,74,80",,"64,66",,,,,"70,99,106",24,"67,70"
YER057C,,,"43,52","52,61",,,,,,,68,,,,,,52,,
YER059W,"174,278",,,117,,,,215,,,,"190,270","61,64,67,69,70,71,72,73,102,106,126,210,218,281,283,299,303,312",21,,244,215,,
YER061C,"62,349,437,438",,"31,52,62",,,,,"52,438","349,437,438",,"116,169,191","2,8,53,56,59,238","21,23,56,80",,"12,187","12,422",299,"52,349",151
YER062C,"39,41,64,89,188",,"98,144",,100,,67,"108,110,173,209","207,209",,,,115,,,100,249,64,
YER063W,170,,"13,18,126,207","18,27,135,136,142",,13,,,170,,"20,70",,,,,,27,"27,128","27,135,136,170"
YER065C,"9,67,491,495,514",555,,"70,141,149,158,335,495",,,,"9,70,141,195,362,428,491,495",551,386,437,"80,82,84,536,538","43,84,159",,,311,"9,335,426,491,495,551",,"495,514,517"
YER067W,,158,,"6,7,10,94,97,102",,,55,,,,,,,,,,94,"4,79",
YER068W,"80,158,161,168,171,177,474,520",,"168,458,459,468,473,474,482","126,473,474",,,"49,51,68,75,243,245,247","158,161,168,226,474",,,"182,183,290,306,358,362,397,510,512,518,540,569","90,285,292,294,295,298,356,370,389,393,394,446,449,523","22,23,26,324,326,330,446,571","81,162,199,219","211,249",,"126,161,168,171,264,458,468","158,161","158,168,458,468,473,474"
YER069W,"205,207,219,474,519,520,669","58,355,863","17,20,27,55,205,207,209,215,371,423,499,519,520,633,663,669","11,17,20,27,219,314,413,414,577,713",825,,,"20,209,219,414,635,768",219,,"14,76,77,277,433,434,438","218,505","194,195,199,340,342,503,509,512,513,521,524,527,530,772","153,293",839,"825,839","265,272,768","580,635","20,265"
YER070W,"10,292,423,475,660,733,737",3,"130,468","10,17,92,128,320,468,469",26,,,"5,10,32,88,111,292,461,468,469,737",,,"266,270,280,281,799","90,234,242,244,257,600,602,686,738,848","559,563,602,807,808,809,812,816,820,822,824,826,848,887","48,155,232,730",218,238,"10,17,32,88,292,461,468,469,723,733,734,737","10,853","88,149,469,594"
YER071C,60,,"52,89","57,107",,,,"99,100",,,85,,"12,15",,,,99,,
YER072W,"13,14",,13,,,,,,,90,,,,,,,,,24
YER073W,"59,402,410",249,"58,169,213,464,467,509","58,92,372,381",,,,"58,59,169,397,458,464,517","59,92,343,381,417","4,6",504,"265,267,268,333,382,389",366,399,183,183,"77,343,402","97,410,417","284,397,402,509"
YER074W,"21,43,83,99",129,"11,123","11,83,84",,,,"11,84",,,34,"2,121",2,94,,,"37,43,49",,"21,52,83,84"
YER075C,"2,83,433,657,836,838",,"55,64,72,167,353,433,530","83,376,401,488,547,548,554,662","7,95,138,815",,,,"64,72,83,85",,"148,185,291,362,398,443,587,681,692,899","132,134,200,461,668","41,45,48,53,57,58,62,150,152,248,308,445,447,454,490,492,512,522,523,860","196,533","7,95,138",138,"366,367,534,838","201,353,554,665,748","387,433"
YER077C,"142,150,176,226,227,261,295,299,534,584,587",,"101,110,132,253,254,385,534","7,13,110,132,142,148,168,176,179,253,261,362,365,519,534,560,584,587,593,612,630",470,,,"122,168,176,185,195,196,362,503,508,538",306,,"16,47,83","252,265,457",618,"311,474",33,,"122,176,185,254,508,519,584",,"84,176,185,226,246,253,254,261,503,546"
YER078C,"151,229,232,285,348,401",,"179,229,236,243,391,395,401","243,395,401",,,,,436,,"375,376,479","80,85,230","24,31,33,35,216,219,222",,291,15,"30,391",502,
YER080W,"19,25,33,39,60,267,290,330,338,560,567","6,14,15","102,128,132,164,267,389,505","80,559,560",26,,,"132,330,338,339,398,583,621",389,,116,"142,143,382","410,519","482,486,521","26,207",441,"46,54,132,157","204,330,612","33,39,80,132,363,479,621"
YER081W,,,"301,304",,,,,,"97,99",,"18,66,68,457","55,151","22,28,29,31,33,37,243",281,,27,"97,99",52,
YER082C,"92,346,454",134,"54,55,454,478,487,491","41,47,92,102,109,117,454,504,513",,,,"131,307",,296,"32,33,121,151,253,321","58,59,93,94,99,107,235","136,314,317,320",,,,"54,534","422,423,487,491,493",342
YER083C,,,"32,217","224,226,233,236",,,,,,,"193,196",,"55,60,65,96","144,213",,,32,69,
YER086W,"51,119,164,407,408,411,490,535,572,575",,21,"21,186,407","11,321",,,"98,407,408,411,490",191,222,"167,520,547","79,82,88,89","40,162",,,"11,189","98,186,191,455",186,"490,572"
YER087W,"393,398,402,405,489",,"195,398","103,106,108,182,189,192,195,402",,,,"59,106,108,393,398","189,192","152,157","21,22,95,96,406",8,26,,"116,327,414,507",327,"345,377","341,345,466","195,390,393,405"
YER088C,"39,181,441",,"66,70,122,125,308,494,499","90,91,95",433,,,,,421,"67,124,199,299,324,379,380,383,454,546,556,578,645","48,58,60,253,407,408,409,411,412,413,414,415,545,551,552,553,587,589,590,593,594,595","281,282,330,364,368,382,384,425,428,431,456,461,487,489,491,495,509,510,517,527,563,569,579,580,584",268,433,,,,
YER089C,"198,202",315,"160,422","160,198,257,346",212,,,202,"160,307,309",,450,,"189,317,376",,212,,"198,202","394,415",
YER090W,393,504,"245,246","67,146",359,,,"146,457",413,"335,400","181,221,489","2,407,409","60,76",,301,,146,6,
YER091C,"37,40,48,51,451,459,730,740,759","2,6","51,264,398,559,718,724,730","29,37,40,51,146,319,364,398,415",,,,"51,179,233,312,323,389,462,740",323,328,"346,374,648","22,106,248,251,255,417,418,546,550,555,557,558,575,626,650,720",,"552,632",657,"571,737","179,232,233,319,323,389,432,462,559,712,718,724",562,
YER092W,,,"12,26,75","12,26,32",,,,,,,120,"69,72","57,59",,,,12,,26
YER094C,,,,77,,,,,,,,"33,37",,,,129,39,39,
YER095W,"131,165",,131,"116,122,128,131,361,362,364",,,,"128,131","128,131",,"18,39","189,192,353",,,159,"202,370","122,131",,"116,122,128,131"
YER098W,"68,251,253,287,538,576",,"12,33,34,36,45,50,177,184,303,310,368,576,727","17,28,33,34,36,310,419,422,423,717,727",,,,"251,253,576",576,107,"190,492,594","48,51,118,728","46,70,189,192,232,313,352,719,747",,,,"419,422,517,599","303,642","235,552"
YER099C,179,318,"179,263","106,179",,,,"179,263",179,,,,295,,274,,,,179
YER100W,,,"132,133",,,,"29,44",,,72,"218,219",,"75,139,178",,,,,,
YER102W,"24,26,37,41",46,142,"24,37,41,53",,"41,53",173,74,,,64,"120,158","14,48,95",,,,"74,128,135","123,124,125,128",41
YER103W,"54,69,75,86,91,95,98,106,110,126,138,157,185,244,317,323,326,346,355,449,456,495,498,505,510,515,524,591",641,"91,326,422,491,495,505","69,75,95,98,110,124,126,138,246,248,249,317,498,505,515,557",304,"124,186,218,515,522,537","616,620,622","86,91,98,106,157,185,186,323,343,346,422,449,498,510,515,524",69,"47,467","29,33,485","35,36,38,43,175,423,428,606","128,349,360,475,586","39,147,181",304,304,"69,75,91,95,98,346,355,421,422,449,456,498,505,510,515,522,524,595","323,422,510,524","54,69,75,86,91,106,110,124,126,157,185,186,189,317,323,326,343,346,422,449,456,498,505,510,515,522,524,537,548,557,559,567"
YER104W,20,119,,,,,,,,,,"34,42,43,44","34,36,39,42,43,44,48,86,87,88",,,,,,
YER105C,"7,8,306,329,435,864,1194,1232,1367,1368,1371",,"298,306,435,447,522,678,1040,1041,1229","56,301,306,394,537,858,860,1232,1367,1368,1371",,,1378,"56,208,394,915,976","252,568,1090,1367",,"42,124,186,187,254,259,289,293,465,494,578,652,1029","457,459,460,461,838,1376","3,445,576,1250","116,492,539,1323",988,,"205,208,522,527,1367","568,676,678","1367,1371"
YER107C,,,,305,100,,,"150,244",23,,"5,8,322","2,7,81,245","79,81",,,"216,251",150,244,
YER110C,"397,725",,"207,397,725,733,879","56,65",814,,,"69,725",,,"493,534,555,759,980,1095,1099","26,28,585","332,646",,"814,984",814,407,397,"407,1076"
YER111C,"864,867,875,909,910,1063,1066",,"157,163,684,700,796,801,842,943,1009,1016,1055,1057,1063","58,91,400,801,875,953,1009,1055,1057,1063,1087",,,,"195,196,607,875,879,1057","119,124,1081,1087",,"70,197,238,253,254,256,275,305,428,429,434,451,464,604,608,758,1028,1059","162,165,166,168,169,179,180,181,182,183,184,186,187,188,271,458,461,465,467,476,687,692,936,946,947,1001,1002,1056,1061","166,173,255,258,380,456,458,814,816","170,810",,,474,"735,867,1087","65,100,470"
YER112W,"65,80",185,,80,,,,80,,72,"37,42,97,98,178",,"180,181",,,,,,65
YER113C,"116,356,634,703",3,"45,327","69,135,435","125,129",,,"116,118,135,173,324",,32,,,,48,125,125,,,"116,118,143"
YER114C,"322,403,486,824,845,872","359,369","21,34,71,117,120,166,371,444,543,693,727,777,778,824,855","697,704,714,717,719,763,828,854,855",564,,"446,449,451,454,455,458,520,522","109,486,748","71,646,734",,"14,461,462,978,983,984","155,158,162,226,228,231,233,488,489,497,584,620,622,624,626,804,805,807,816,831,903,905,907,986","26,28,118,145,149,172,176,178,372,373,375,404,409,447,457,463,465,466,468,495,523,525,565,566,615,635,636,637,639,652,665,666,682,683,700,702,721,959,961,963,1024,1033,1037",,564,,"80,322,326,824","714,727,828,1019,1021",908
YER116C,202,272,,256,,,207,,,,"65,93,94,115,116,235",44,"66,67,96,138,140,142,183",,,,,,"196,202"
YER117W,"10,63,64,106,110","135,136,137","40,110","110,120","25,122","63,64",,110,"106,110",,,133,,,,"25,122","106,110",110,"106,110"
YER120W,"38,40,45,80",,,,"48,81",,,38,,,"29,221",92,"7,18,22,203",24,,,165,"180,181","38,120,122,124,143,181"
YER122C,"21,122,125,188,224,225,233,342,345,410",,"113,115,122,125,130,131,251,367,386","21,102,113,115,122,123,125,130,131,224,225,233,234,244,251,252,255,367,386,412",34,,,"113,115,125,134,410,412",,"377,381","184,200,201,304,305,322,326,416,440,462","159,166,176,182,183,185,186,202,203,205,206,209,210,214,216,217,220,222,340,390,422","153,157,159,162,164,165,166,170,205,214,216,217,220,237,398,442",,,,"115,266,267","266,267","21,115"
YER123W,"60,132,169,262,264,274,417,462,484",16,"375,399","257,264,411,424",38,"202,211",199,262,,149,,"42,66,173,212,214,439,441,443,446,448,450,459,460,461","44,48,49,212,214,216,221,224,380,384,490,502,508",444,38,"510,517,518,519,520,522,523,524","257,418","60,169,272,274",152
YER124C,"5,41,185,188,349,357,358,365","572,573","49,212,365","49,77,119,122,357","308,352",,,"72,218,357,358","70,279,365",,"45,46,232,317,492","201,202,203,220","47,48,52,508,511,514",,477,"352,477","111,316,357,358",218,"120,365"
YER126C,"135,236","258,261","66,108,110,114,117,135,145,180,241","74,110,114,117,124",,66,,"46,48,181,241",,94,"97,98,183,224",104,119,,254,,"12,46,48",167,
YER127W,"52,53,57,133",,"57,64,145,181,182","52,53,57,115,116,123,331,333,344,345",,,,"111,123",,271,"12,65,203,293,298","329,348","91,152,157,163,287,288,337,338",248,,,"115,116,123","115,116",
YER129W,"386,595,599,735,779,1136",,"25,492,500,501,503,508,513,740,748,771,795,800","25,156,162,470,492,500,503,508,586,595,599,735,740,748,757,770,771,774,779,795,800,1024,1061,1109","414,858",,,"156,347,444,513,1048","6,7,128,390,402",,"55,306,344,476,611,787,956,1031,1102","29,33,36,38,88,89,90,94,96,97,98,99,100,120,180,181,184,527,529,530,659,928,1074","30,31,33,36,41,43,57,62,65,313,695,700,701,702,721,754,797,834,835,836,859,948,957,958,961,964,966,1066,1074,1092,1124,1126,1128,1139",,"238,858",,"402,513","444,1024","279,397,492,1048"
YER131W,"70,108",,,,"74,77",19,,,,,,,7,"59,73",77,,"19,66,116,117",70,
YER132C,"418,745,1062,1316,1318,1476,1515,1751",968,"88,671,676,685,745,856,862,868,947,979,1402,1427,1571","30,174,738,856,1402,1410,1479,1571,1581,1584,1585,1586","36,716,1181",,,"81,222,1377,1476,1479,1480,1578,1654",,,"60,65,112,190,267,292,504,515,551,656,800,803,824,879,990,1436,1727","180,514,516,518,522,528,544,546,547,647,649,651,652,661,688,692,693,694,695,697,726,743,751,753,787,809,817,825,881,884,885,888,891,892,894,900,914,1240,1309,1312,1315,1320,1501,1502,1503,1558,1641,1642,1660,1687,1688,1690,1691,1693,1695,1725,1736","118,119,298,304,305,332,462,536,704,709,711,780,781,784,785,787,817,818,877,906,950,953,954,955,1078,1082,1085,1244,1286,1289,1307,1309,1312,1356,1452,1454,1485,1486,1611,1612,1620,1664,1687,1715","959,1113,1213,1230,1234,1497","409,459,716,752,1181",,"79,81,1571","770,1404","130,653,770"
YER133W,"47,110,112,140,146,149,237,259",,296,22,"139,157,170,244",,,"140,146,149,237",,19,,,150,"133,254","126,157,201,244","154,157,170",,300,"22,97,110,112,140,146,149,259"
YER134C,"33,64,92,123,134,135,146,154",178,135,"92,123,132",,,,"134,135","90,168",,127,,,173,,,"64,123,132,134,135",,"132,134,135,168"
YER136W,"40,120,123,145,149,150,270,274,357",,"67,120,123,126,281,286","33,34,40,123,269,270,274,279,281,286,302","221,313",,,"40,281",281,,"187,321","50,52,54,66","412,414","181,227,232,234,237",221,221,"34,40,120,270,274,286",,"34,40,229,269,270,274,281,286"
YER139C,"46,49,96,172,179,180",,"172,179","49,172,179,180",,172,,"179,180","172,180",,92,10,22,,,,"46,96,172",,"172,179,180"
YER140W,"171,280,361,499",,15,"10,14,15,276,277,387,537",522,,,119,,366,,,"22,211,507,509,516,517,519,523,526",548,522,,"119,379,484,499",,
YER141W,"66,142,468,480,484",219,"120,468,480","51,140,232,473,480",,199,,"14,234,282",480,,,"17,19,27,471,476,479",462,,,,,"51,84,389,390","473,480,484"
YER143W,"66,76,268,396",,"66,234,235,343","61,66,234,235,244,410,413",36,,,"234,235,244",,"240,245,251",55,"335,336,338,339,340,341,375,379","57,59,341,346,348,350,351,352,353",,,,"66,244",268,"61,66"
YER146W,,,,,,,,87,,,,,,,,,"86,87",,"14,19,63"
YER147C,"276,281,331,452",622,"94,331,341,379,525","267,331,469,516,525,603,611","278,437,505",,,603,,,"45,251,316,323,595","59,61,335,362","102,385,387","25,513,521","278,448","278,460","611,617",341,"281,331,452,611,617"
YER148W,"110,127,156,218",,"55,127,133,138","11,15,83,120,127,133,138,156","78,164",,,"8,11,47,127,145",8,98,,"53,57,58,111,112,128",,,"78,164",164,127,"11,127,133","83,97,110,127,218"
YER149C,"369,370",,,"300,304,369,370,378,381",,,,"160,264",144,,"125,293,294,297,323,406","281,283,360,362,365","148,149,150,230,296,299,333,351,356,358,360,362,365",,,,"28,157,160,195,369",195,157
YER150W,,2,,,,,85,,,,"22,40",,,,,,,,
YER151C,"516,638,643,745,746,783,845",,"128,187,192,194,336,366,375,567,643,650,687,815","187,192,194,197,292,293,297,302,366,412,413,525,526,544,567,574,576,643,681,683,687,756,766,767,773",,,"24,345","405,412,413",,,"211,365,632,834,835,881","20,173,341,343,351,374,376,379,381,382,570,571,695,837","74,236,238,242,329,337,338,339,341,404,663,883","15,225,636,750",511,,"192,520,567","266,324","525,576"
YER154W,"3,381",,"332,388,390","170,358",,,,394,,,"43,82,293","5,6,10,11,287","335,341,387",,,,,"161,170",
YER155C,"89,153,235,335,624,665,669,725,785,789,960,967,1186,1392,1398,1893,2083",,"158,343,669,713,721,898,954,1011,1074,1391,1392,1567,1571,1577,1705,1868,1954,1957,1959,1963","8,11,89,158,335,441,624,790,795,909,954,967,972,976,981,1083,1186,1315,1320,1392,1398,1399,1577,1591,1702,1703,1705,1749,1752,1963",1973,,1618,"555,561,664,669,713,785,789,960,1591","81,153,725,2073",,"48,135,187,234,246,480,486,487,792,796,892,899,1260,1261,1329,1460,1496,1520,1634,1802,1848,1853","13,14,18,25,28,29,30,32,33,35,36,37,40,41,42,43,45,49,50,92,93,97,113,115,118,168,170,174,177,178,180,181,188,243,247,248,254,260,292,348,924,956,1030,1038,1179,1181,1185,1281,1788,1849,1851,1852","110,113,115,124,129,136,168,170,174,177,178,180,181,220,545,815,826,922,924,1012,1016,1046,1049,1050,1054,1528,1754,1772,1810,1813,1815,1819,1820","621,1113,1114,1115,1561,1956",2044,1615,"152,664,665,713,785,795,1108,1963","1290,1641,1752","549,551,909,960,1074,1591,1641,2073"
YER156C,"92,101,109,115,244","4,7,47",150,"45,53,92,115,230",,,,"92,150",42,,280,283,"21,23,29",,18,241,244,,
YER157W,"37,39,116,117,141,201,325,333,339,578,764",,"141,524,578,633,705,708,714","40,116,117,133,138,141,201,209,239,278,283,287,641",,,,"211,243,658",37,,"64,144,500,616","4,181,182,186","125,170,502,507,515,518,521,698",97,,,"116,117,327,333","201,578","283,287"
YER158C,"153,405,557,567",,"273,281","259,481,483,487",,,,,"519,521",461,"498,534,535,541","84,85,86,87,88,89,92,93,167,226,337,422,424,427,428,444,446,447,451,452,453,454","19,21,22,24,28,30,39,41,42,58,59,65,146,149,155,243,260,262,264",159,,,,"381,540,548,555,557",
YER159C,"60,70,120",,,"59,112,113",,59,,"59,60,113",,,,"72,107",27,,,,,50,"112,113,120"
YER161C,,,"18,171,195","18,28,67,72,74,132,170,171,189",,,,,189,,,"5,8,13,14,177,182,183,203","34,173,224","33,40",,,"28,112",112,"38,123"
YER162C,"45,48,400,404,416,470,474,477,491,598,668","255,387","45,48,119,165,247,477,484,606,668","24,44,45,46,48,400,460,464",,460,,"218,219,346,480,484","7,15",,"663,675","195,196","28,66,73,85,86,92,168,385,533,710,713",721,"286,466",286,"24,400","416,521,598","15,598,668"
YER163C,,,,150,,,,,,213,,,44,98,,,211,,
YER164W,"199,247,336,627,632,1020,1069,1238,1271,1280,1281,1347,1397,1402,1409",,"98,117,122,195,632,657,1044,1088,1101,1126,1423","195,199,599,600,604,609,1077,1080,1088,1090,1095,1101,1126,1280,1281,1397,1402,1406",,,,"632,856,857,1080,1144,1280,1281","632,885,1345,1347",476,"34,95,129,132,323,353,633,1170,1174,1331","125,351,352,356,605,753,1159,1164,1225,1226,1227,1341,1383","36,90,142,149,297,747,753,987,989,1009,1225,1226,1227,1229,1230,1232,1272,1274,1336,1339,1372,1430","32,354,472,634,1142,1192","207,455",,"627,958,1080,1123,1126,1177","734,1095,1101","208,372,1024,1101,1454"
YER165W,"164,166,259,268,274,288,360,362,390",484,"215,252,315,352,520","131,288,296,306,315,377,382,515,516,520",368,"140,360",,"131,164,166,259,318,362,515",,107,"35,100,280,285","77,114,119,165,247,361,370,371,376",231,"83,218,319,563",368,"109,368","105,390,515,516,520,567,568","257,259","123,164,166,224,274,327,360,362,390,504,520"
YER166W,"62,135,392,395,486,650,871,1401","336,340,708,816","399,402,466,541,542,642,1436,1446","300,399,445,756,790,1439,1446","510,870,974",,,"402,790,791,795,820,821,847,1089","324,325,541,542,1039","1517,1524","25,89,90,102,273,274,550,653,1046,1245","53,449,845,989,1521,1559","2,26,27,31,94,104,351,358,535,538,798,807,1463,1466,1500,1551","77,172,361,368,1181","431,510,682,870","682,870,912","790,854,871",795,"790,791,795"
YER168C,"327,377,398,406",261,"29,150,200,398,429","34,57,125,127,150,200,391,429,502",412,,,"376,377,395",,,"232,295,303","19,21",206,,"40,161",412,"185,193,200,376,395,398,539,544","57,255,460",57
YER170W,"187,188,201",,36,"6,27,36,72,177,187,188,194,195",,,,36,,,,"25,56,58,59,80",,"193,203,204",,,"6,36,187,188,194,195,201",55,"6,72,201,205"
YER171W,"180,183,188,281,481",,,"122,125,276,281,372,499,695,752",191,,,"188,490",,,707,"73,75,77,189,227,482",,,"26,72,665",72,364,144,
YER172C,"71,90,204,454,611,659,769,1150,1190,1423,1427,2003,2007",2162,"50,59,82,90,91,257,276,546,769,772,857,1055,1404,1427,1904","12,25,28,31,82,85,91,276,380,390,454,769,772,782,848,857,1051,1158,1315,1316,1376,1896,1904,1907,1948,2009,2115,2116,2121","1206,1675",,1322,"549,720,760,1150,1653,1734,1896","848,1437","18,1389","100,191,342,352,551,765,1326,1363,1534,1579,1713,1972,2058,2059,2139","47,1205,1875","97,397,403,410,854,864,1536,1538,2062,2132","460,475,1533,1658,1789,2017","1152,1206,1670","1116,1144,1206,1514","28,59,71,74,82,152,549,720,1190,1904,1907","782,1437,1441,1529","91,181,304,380,549,1733,1734"
YER173W,"120,237,517",,"48,124","84,86",74,,,278,,,"133,135,180,430,465,479,620","28,29,111,114,117,637","32,33,40,41,52,134,137,352,610,612,648,650","67,504",74,,,"8,373,457,507,522,528",
YER174C,"163,170",,204,,171,,,170,,,"86,110","16,17,18,48",,,"37,171",,"50,99,170",,170
YER175C,"130,261",299,81,"94,102",,,,,,,90,"76,84,92",,14,,,,,102
YER176W,"181,202,203,220,340,341,452,643,648,896,992,1091","170,907","202,234,237,455,471,523,654,712,777","126,183,186,202,203,220,223,234,270,353,357,363,450,600,643,648,772,777,780,782,875","814,926",,,"71,193,223,634,889","223,643",,"153,157,309,326,407,524,525,526,587,594,650,662,762,871,1059","236,238,241,465,604,605,793,798,799,937","28,32,33,392,396,397,401,403","458,1121","744,952","5,68,554","223,889,897,904","202,203,237,383,643,712,889","314,730,875,897,904,992,999"
YER177W,"51,125,127,145",53,145,,,"51,217",,"51,145","97,217",,"148,178,229","65,163","47,189,235","10,50,123,124,130,133,183,184,216",,194,"51,70,120,125,127",,"51,120,125,127"
YER178W,"41,42,103,105,106,264,360,412,413","115,165",412,"105,273,413",,,,"106,413",130,,,"23,25,32,35,39,136,137,251,254,256,257,260","5,11","304,307,309","111,241,242,293",293,264,413,"264,333,341"
YER180C-A,,82,,,,,,,,,"5,50",,"2,7,8,10,12",,,,,,
YER182W,"174,214",,"24,72","164,171,174,181",,,,"212,214",164,,"182,209,223,230",114,"109,114",126,,,"65,214",,
YER183C,,,,,,,,,,,,,,,"78,179",,"112,165",,120
YFL001W,"13,35,143,235,254,265,416",,"25,26,238,265,436","25,35,66,235,238,265,272,409",204,,,"409,416",76,,"32,168,394,395","17,181,270,271","87,178",,,,"25,26,259,409","66,416","229,235"
YFL002C,"184,229,260,522,523,590,592",367,"229,310,522,523,524,526,532,593","184,188,195,215,310,522,523,524,526,531,539,592,593",166,,,"369,532",188,419,"438,515","51,101,181,326,327,372,540","254,517",283,,,"215,369,583","71,80,215,472,565,579",
YFL004W,"16,30,71,84,118,127,130,131,134,190,416,670,676",,"30,130,131,134,138,496,717","26,30,35,42,63,70,71,127,134,138,143,151,333,340,357,358,360,365,366,368,499,500",,,,"71,127,131,500,676",360,,"121,179","88,182,189","80,157,161,385,606,615,616,620","22,160",,,"16,84","297,315,322,323,496","6,16,93,118,127,131,138,143,340"
YFL005W,"67,68,70",,,"67,68,70,183,188",,,,"60,67,68,70",58,,"133,199","2,6,8,10,11,29,34,51,52,86","161,162","89,90",,35,"15,70",,
YFL007W,"24,171,233,516,643,656,848,1330,1850,1851,2104,2119",,"442,947,1048,1320,1857,2046","18,44,165,171,172,356,363,504,510,725,731,1272,1327,1844,1850,1851,1857,2042,2046,2111,2112,2119","1400,1510,1921",,,"233,356,442,504,643,962,1330,2104","1850,1851,1989",110,"17,225,299,500,676,679,779,906,909,1042,1158,1196,1197,1199,1622,1632,1811,1814,1962,2088","445,446,481,2099","29,34,56,62,64,66,857,860,861","89,93,203,334,613,706,1037",1400,,"356,947,1844,2104,2111,2112,2119","363,550",1783
YFL008W,"63,95,100,103,230,295,316,541,764,983,999","5,18,21","120,129,293,295,297,764,766,795,945,983,987","100,103,120,214,219,225,229,230,235,295,305,307,316,369,498,645,765,766,774,885,894,927,983,987,988,990,999,1058",,,,"100,180,267,269,297,331,338,650,1124","180,191,307,644",,"27,805,992,993,1096,1211",,"76,296,345,900,904,905","79,131,182,618",390,537,"63,120,316,851,1124","406,885","120,295,297,307,316,445,746,790,795,1048,1124"
YFL009W,"317,337,344,451",,"90,217,337,478,722,724,748","271,341,344,451,452,460,711",,,,"337,341,344,451,452",,,"44,112,118,463,672","152,153,441,444,484","53,71,74,75,189,193,194,195,216,219,222,227,354,532",63,618,,"271,337,451,452,475",,402
YFL013C,"341,434",,"283,561,570,571,580,668","128,137,283,287,341,570,571,580,591,598,608,609,644,647,648,650,662,668,669",,,,"274,608,609",,,"118,123,180,573","96,478,481,507","27,31,34,36,73,74,446,535,574,575,577",302,,,"184,393,598","484,561","561,608"
YFL014W,"7,86",,"18,36,39,43","12,30,50",,,,43,7,,,2,,,,,"18,23,30,36,39,43",88,
YFL016C,"218,430,484",,"78,79,239,287,333,337,389","60,69,70,78,79,83,86,87,211,218,337,474","288,439","83,86,87,94,117",,"70,79,211,218,337,360,431,454,455","207,211",182,284,"46,47,50,154,157,158,188,209,339,414,415,416,461","65,142,144",,,288,211,351,"45,117,218"
YFL017C,"57,58,70,105,141",,43,,"94,135",,,"58,105",58,,,78,2,62,"94,135",135,"138,141",58,
YFL017W-A,14,,,"8,9,13,14",,,,24,,30,20,,67,,,,,,
YFL018C,"60,102,112,117,249,253,256,257,263,267,272,337,401,408,411",,"102,146,263,411","102,110,112,117,129,136,253,256,257,263,267,272,401,411,421",475,,,"60,256,257,401,411","437,486",,"24,78,79,138","16,265,266,480,482","6,242,348","135,377","65,70,475","54,65,475","131,136,160,168,408,411,421,437","267,337,411",401
YFL021W,"339,395,407",276,"67,278,279,280,284,384,385,395,397,407",,,326,325,"395,397",,,"37,77,84,141,183,245,301,312,452,500","291,294,295,297,300,311,369,373,374,375,388,418,420","262,289,369,394,399,408,418,420",387,313,,385,,
YFL022C,"41,45,50,108,172,206,325,408",358,"60,108,163,164,166","19,41,45,50,100,163,164,166,180,209,211",323,,,"45,108,166,319,325","10,60,164",357,"115,118,147,148,177,383",403,"123,367",502,,323,"164,166,172,206,211,283",100,"45,50,108,180,408"
YFL023W,"411,452,551,552,553,556",,"209,211,325,476,486","13,18,110,180,186,189,191,198,200,203,209,210,211,216,321,325,326,443,444,551,552,553,554,556,560,781",,,,"775,781","105,526,672",687,"280,317,578,601,602","80,160,161,174,449,456,458,623,626","139,190,327,328,580,766","76,266",,,622,"81,93,444,452","543,750"
YFL024C,"79,226,345,648","317,642,650","353,374,376,379,615,616,698,810,821,829","345,514,526,612,615,616,698",311,,308,"345,604,710","496,586,748",,"356,383,474,537,554,730,734,812,823,830","477,478,479,480,485,558,657,661","123,385,442,445,476,495,814","607,718",311,,"75,79,345,616,648,748","296,397,465,616","67,75,367"
YFL026W,"239,387,422",,337,"352,358",,,,,,,"25,32,205","297,382,384,385,386,398",363,,,,,,387
YFL028C,"57,192,259",2,,17,,,,"15,17",17,,,,86,204,,,,,
YFL033C,"22,732,852,1238,1496,1652",,"124,294,785,792,833,1493,1743","294,420,552,559,1001,1438,1441,1448,1743,1744,1748,1752",,933,"1151,1156",,"1691,1738","706,707,1039","286,389,592,687,688,691,781,971,980,998,1123,1348,1350,1384,1401,1419,1482,1485,1553,1571,1708","27,28,30,207,525,526,530,609,611,620,621,622,623,733,736,737,788,790,801,807,816,1158,1342,1360,1462,1463,1464,1565,1568,1572,1573,1574,1576,1577,1580,1651,1660,1663,1709,1710,1711","11,540,545,547,549,555,709,711,723,725,736,737,747,758,760,767,774,786,788,790,1082,1094,1127,1221,1333,1337,1339,1360,1366,1415,1512,1516,1518,1520,1521,1523,1525,1529,1531,1534,1535,1536,1538,1542,1565,1568,1572,1573,1574,1586,1588,1590,1593,1595,1596,1599,1761,1764,1766,1769","40,176,1153","53,117,1640",1659,"421,833,1198,1199,1243,1249,1438,1564,1743,1744","437,439,833,840,1211,1752,1753","798,1230,1238,1438"
YFL034C-A,"35,42,74,77",,"13,42,70,77","74,77,81,82,85",,"77,81,82,85,86",,,35,,,6,80,,,,,,74
YFL034C-B,,,"192,196","107,111,202",,,,266,"280,283",,,"34,35,38,39,65,69,103","34,35,38,39,41,44,51,56,58,59",33,,,111,,
YFL034W,"222,375,452,1000",810,"115,166,226,444,737","222,226,323,870,908,909,1000",502,,"1027,1030","214,898",,614,"190,229,236,280,411,495,726,850","120,234,240,575","2,4,28,32,34,35,88,89,91,94,100,120,126,136,138,170,188,192,197,238,239,240,242,243,244,245,259,424,426,429,435,438,439,617",,1004,"313,315","22,115,908,909",,
YFL036W,"362,488,565,570,577,1045,1081,1094,1230,1247",,"26,29,76,306,307,327,402,483,488,571,711,1085,1094,1239","11,29,296,378,479,483,484,488,565,570,571,577,589,624,626,787,881,996,1002,1005,1094,1097,1237,1239,1258,1273,1274",,,,"570,571,577,626,787,1085,1097,1230","402,996",1044,"290,299,520,642","50,100,103,106,208,268,270,317,424,1084,1264","132,180,181,266,268,270,272,302,309","138,979,1270",,472,"306,565,570,571,577,881","285,553,680,1094","169,453,456,466,1335"
YFL037W,"154,252,297,320,379,390",,,"103,324","12,211","154,297",,392,,,"33,370","8,9,63,136,138,145,178,186,283,285,290","8,9,55,56,79,172,175,283,285,290,335,338","106,208,340",,,"297,324",,"44,103,154,252,297,332,336"
YFL038C,"46,48,55,58,137",,,"48,55,58,126,137",,144,,"48,55,58,137",21,108,"177,179","22,29,74,95,174",,"5,7,33,37,78,133","23,123",23,,,"116,126"
YFL039C,"50,61,84,118,191,213,215,284,326,328,336","30,45,54,247",326,,"17,217","84,118,191,213,215,336",102,"50,61,291,326,328","50,84,326",183,,"33,52,60,89,155,194,239,281,323","323,324","53,91,218,240,362","217,374","17,217","61,213,215,328","84,328","18,50,61,84,113,118,213,215,238,326,328"
YFL041W,"246,248,365",601,365,250,299,,472,,226,122,"6,68,73,97,178,179,182,228,277,345,346,437",,427,148,,,"153,157",,153
YFL042C,"77,282,467,552,576,579",,"263,327,376,378,381,522","319,322,327",,,,606,,,"65,357,361,366,455","67,99,103,106,108,234,510","2,106,108,109,110,112,113,116,140,143,313,386,387","174,502","219,487,559",219,"198,209,376,606","319,467","205,209,381,606"
YFL044C,232,295,,,,,,,"144,152",,,,"74,75,77,80,82,96,97,100",,,,,204,237
YFL045C,209,136,,"121,170",,,,,,,142,,"125,144,240",,199,,"87,169,170",170,
YFL046W,"121,138",6,,"78,132",,,,,,,,,,,,,138,"78,160,165",
YFL048C,"247,278,279",77,"49,268,270,278,279","136,183,247,278,279,346,354,357,364",,,,247,,,,,,365,,,"278,279",142,59
YFL049W,"62,66,67,180,451,500,508,516",,"171,236,439,592","171,216,217,336,491,508",557,,,180,"184,459",,"84,141,219,260,261,390,415,416,420,614","589,594","250,417,418",,,,"180,184,451","398,500","295,425,459,516,518"
YFL062W,"10,108,225",,"18,24,167,172","10,18,24,166,167,172,174,177",,,,"101,166,199,216,219",,,,"111,113","100,104,352,357",,107,"247,256","24,166,167","166,216","199,205"
YFR001W,"39,69",,"51,52,66,67,69","64,66,67,69,73,118,158,159,163,164,165,191,196,198,199",,,,"89,97,98",,,103,,"24,46,71",,,,,"67,69,186",73
YFR002W,"64,172,755,756",,"59,61,68,172,173,181,188,306,312,314,315,321,378,527,756,799","20,61,166,167,172,173,181,304,306,312,314,315,318,357,361,378,755,756",,,,306,"264,517",417,"194,196,223,224,324,540,719,790",,"174,176,177,195,198,761","277,454",,,"64,312,517",117,"188,291,314,315,446"
YFR004W,"36,39,127",,,"218,259,277",,,,211,"259,267",,,"11,15,18,173,174,175","11,15",,,,,,267
YFR005C,"357,446",3,"251,259,261,270,280,284","198,199,204,259,270",,,54,,270,,"90,142,255,312,413,425","51,124",10,122,,126,191,"251,263,266,270,284",
YFR008W,101,,,,,,,95,,,,,,,,,"95,122",,113
YFR009W,"141,167,292",,"63,65,105,148,151,152,155,162,500,501","65,67,75,96,132,141,144,148,151,491,500,501,504,586,751",,,,"476,576,586,625,751","65,656",446,114,"72,192","116,528",444,,,"292,457",,292
YFR010W,"60,165,308,353",,"33,46,50,60,87,242,476","31,50,332,353,355,413,422",,,,"31,33,50,88",50,,"173,401",,295,,263,191,242,"31,33,50,353","31,33,206,283,286"
YFR011C,"165,166",168,"45,130,131","50,54,55,69,125,127,130,131,140,151",,,,"131,142",,,"4,134",6,"19,74,78,81",,,,,,"14,117"
YFR013W,"83,277,278,288,412","58,782","106,107,108,114,121,159,169,174,276,288,292,293,462,469,498","117,276,277,278,293,412,417,418,472,473,491,495,498,695,701",,,,418,,617,"146,220,620","282,283,449","64,345,749,753","66,69",,,"418,487,498,695",487,
YFR014C,"34,36,41,132,259,387,408",,"273,385,434","70,71,74,77,132,190,278,314,322,376,377,385,387,434,436",,,,"34,35,36,132,273,278,335,376,377,408",,126,360,"42,47,362,369,371,372","191,347,349,351,372,375,379","84,343",251,,"187,190,377",443,"34,36,41,77,132,163,172,187,190,278,393"
YFR015C,"289,608",607,"29,31,343,348,349,370,418,426,427","418,422,426,427,559,623,642,645",499,,,"292,326","31,623",,"42,466,529,577,699,708",30,"651,655,660,662,663,667",,499,,,,"370,376,600"
YFR016C,"251,263,542,620,634,760,770,801,938,939",1202,"212,542,812,830,832,877,879","334,343,349,354,617,801,938,946,1069,1070",,,,1191,"754,832,879,1224",,"58,62,200,203,351,488,973,1021","734,791,794,909,1161","49,74,180,333,407,480,502,668,670,673,681,720,750,751,806,1182",802,"918,931",,"251,349,395,614,617,938,939,1070,1137,1195","238,314,483,485,486,650,726,754,758,760,825,830,832,872,877,879,917,1030","263,485,486"
YFR017C,,,,"177,182,183",,,,,145,,114,"8,13,35,37,39,40,132","2,8,12,13,14,16,20,82,83,95,96,113,164,170,174,175",,,,177,"177,183",
YFR019W,"113,553,555,1002,1681,1701,1828,2234",,"73,129,160,225,615,747,770,1002,1412,1414,1421,1426,1496,1643,1646,2104,2226,2232,2234","614,622,869,874,1071,1114,1115,1147,1271,1330,1412,1421,1496,1497,1505,1510,1511,1778,1987,2234","1010,1247,1331",,402,"555,615,1002,1147,1330","917,923,2176",2055,"68,105,147,348,449,458,466,468,478,479,567,604,606,696,935,945,999,1307,1428,1470,1545,1549,1716,2184","2,3,70,75,78,79,80,81,84,86,92,108,118,248,664,736,737,738,741,744,774,873,1561,1564,1588,1597,1604,1606,1713,1769,1770,1808,1809,1811,1946","21,75,138,140,179,183,242,304,305,311,455,627,736,737,738,744,776,852,855,1125,1127,1364,1485,1604,1606,1608,1626,1627,1629,1630,1798,2247,2250",1123,"1010,1331,2023","1010,1632","917,1290,1341,1412,1496,1497,1701,2149","43,146,561,1646,1701,1782,1799,2136","1030,1148,1271,1701,2050"
YFR021W,,,,,,,,29,,286,"9,12,14,101,168,169","2,4,5,129","71,324,330,333,354,360,427,430,433","367,477",,,,183,"38,280"
YFR022W,"12,31,147",,"245,264,267,708","10,11,12,613","282,352,630",,,"10,12",,,"199,256","139,526,528,529,533,535,650,651,653,654,655,690","85,87,133,139,140,141,142,149,150,151,251,420,431,433,473,475,477,479,488,535,537,578,580,584,586,645,648,649,650,651,682,683,684,687,690,717,718",200,"352,630",,,"607,616",264
YFR024C-A,"17,20,423","456,459","17,20",,,,206,"20,160",44,225,"127,187","10,13,62,290,293,300,303,371,375,377,380,381,383,384,387,388,401","189,300,314,315,319,323,325,375,380,381,383,384,387,388,410","274,317",188,,47,,"44,47"
YFR028C,,,"348,459,544,551",,,284,,278,,,476,"202,204,205,346,407,408,412,428","391,407,429,464,467,471,498,536",,,,,,
YFR029W,,,"126,316,336",510,,,,"295,364,365,367,368,501",,,"151,226,229,369,545","131,132,133,135,137,251,352,354,355,357,358,359,360,453,511,563","116,118,127,128,139,141,142,143,144,301,303,354,355,357,358,360,363,408",26,"334,414,486,578,583","57,59,60,273",644,615,
YFR030W,"58,70,393,401,472,628,629,633,904",3,"21,121,390,401,426,469,472,484,654,656,766,871","57,58,62,70,390,393,401,629,633,641,649,656,848,898,904,908",,,,"401,408,649,654,765,959,967","449,633",965,"15,65,95,133,181,192,271,272,601,608,609,697,711","293,299","17,18,510,820",22,,537,"633,765,766,848,959","70,587","401,578,586,628,629,633,967"
YFR031C,"149,206,350,362,762,921,931,1020,1025","3,1155,1166,1167","76,88,157,294,346,598,732,847,1070","68,206,346,350,351,359,362,418,419,429,437,443,453,461,477,480,598,599,639,640,727,732,789,792,797,798,906,914,921,969,1025",,,,"405,407,640,1013,1061","157,378,418,419,599",259,"325,327,510,671,838","98,442,590,591,872,1006,1017","60,61,252,297,666,672,673,675,812,1123","67,239,490,491",547,459,"152,157,245,261,304,405,598,1061","285,322,359","12,152,172,350,639,640,732,1020"
YFR031C-A,"46,60,68,119,145,177,181","4,202,207","119,234","92,93,155,181",,,206,"46,155",198,"6,9,54,200",144,14,249,,,,"46,60,68,155,156",234,
YFR032C-A,"28,33,38",,"28,59","22,25,28,33",,"3,5,15,22,23,25",,,,,"6,11",,,,,,"28,33,52,58,59",,"3,5,15,25,33,58"
YFR033C,92,7,,,,,,,,,,,,114,101,,,,
YFR034C,"25,35",310,"25,146,157,161,188,209",35,,,,"35,292",,,"198,285","103,104,126,128,134,136,137,138,139,140,197,199,207,210,211,212,291","52,221,223,238,242,243",154,,,,251,
YFR036W,,,,43,,,,38,,,,8,"47,50,52,57",,,,36,,
YFR037C,"75,93,162,198,345,413,420,439,467,553","528,531","99,231,232,484,494","231,406,409,413,434,439,443,446,467,477,484,493,494",350,,,"55,175,231,232",,,"107,227,483,490","19,371,379,383","4,229,310,492",,,"286,448","119,553","6,8,207,221,222,231",
YFR039C,"73,319,326,493",,"53,67,73,344","137,257,310,312,319,474",,,,"73,312,319,328,493",,,"81,145,284,297,301,315",110,"169,171,173",354,109,109,"130,312",262,"67,467"
YFR040W,"196,546,548,813",,"115,302","77,548,679",,,,"178,179,548,661",,,"9,11,14,125,159,303,469,839,869","495,668,671","52,53,97,100,105,106,107,220,221,444,449,452,616,618,621,892,893,896",226,,,548,"179,939","548,665,677,679,810,813"
YFR044C,"16,127,191,208,299,344",,"47,183,334,344,364","16,41,45,47,127,131,183,184,364,378,404",197,,,"208,407",283,,"77,434","33,34,86","33,34",316,"197,379",,"11,16","183,184","299,305,340"
YFR046C,313,,54,"47,321",,,,,,,"84,89,127,244",88,"3,81,115,241,245,246",,,,,61,279
YFR048W,"336,411,515,546,552,553,559",168,"140,247,248,253","172,242,248,552,553,556,559",,,,,,,"244,439,565","9,53,60,61","2,9,19,33,78,79,83,86,170,173",,,,"515,532","140,336,347,348",
YFR049W,69,,"18,91",,,,,,,,,"71,77,82",,,50,38,18,69,18
YFR050C,"101,242,243",,,"242,243,251",,,,259,,194,227,7,,109,,,"242,243",,"256,259"
YFR051C,"22,343,348,510",545,369,"14,22,343,355,362,369,371",,,,"14,22,371","196,252,371",,"126,199","195,268,271,272","222,235,240,248,274,275,337,447,449,450,451,453",59,,,"14,22,343,348",252,"53,362,510"
YFR052W,,274,"102,182,191","95,101,104",,,,,182,,"117,118,170,236,237","3,8",3,,,,215,31,131
YFR053C,"13,54,337,372",2,"59,253,428,433,447,478","54,58,329,372,379",,,,"59,284",249,,"102,210","150,156,158","15,293",,"385,398","385,398,404","329,423,428,472,478",372,"198,335,337,423,433"
YGL001C,"44,57",,,"47,237",,,,"47,199,324",,,"74,152,339",238,,96,"84,285",,"237,323,324","323,324","164,199"
YGL002W,185,"192,196","24,35",19,,,,,,,,,69,,,,,,129
YGL003C,"455,464",,"24,28,130",,,,,551,"19,107","56,137","290,291,496","35,36,38,42,47,50,51,60,62,135","14,15,16,44,156,157,169,172,173,176,183,213,216,233,445",,,475,,"439,551","249,399,431"
YGL004C,"161,166",,"40,43","63,70,246",,,,63,,,"413,416",,,,,,"63,166,219,257",247,63
YGL005C,"63,240,244,248",,"106,261,263","59,63,227,261",,,,240,,,"60,130,177,184,185,255",,,"167,168",,,240,222,109
YGL006W,"148,150,184,546,694,822,952,1003",,"67,70,84,89,484,539","33,36,70,178,189,262,471,480,485,530,537,539,546,547,563,643,801","235,776",,,"46,422,627",822,305,"271,523,527,531,652,1149","701,768,839,967,968,971,973","8,533,540,659,662,712",,"235,291,433,443,653","443,538","36,46,67,471,822","36,559,573,643",530
YGL008C,"239,379,385,387,424,444,456,457,615","515,554","362,428,431,435,437,442,746,749","362,416,417,424,431,435,437,444,456,457","221,409,569",356,,"417,428,431,435,456,457",,,848,"9,10,11,12,14,15,17,22,179,343,345","61,641",,"221,569","409,569","99,428,431,456,457,501,643,644,916",,"385,387,416,417,424,442,444,643"
YGL009C,"15,57,88,186,264,270,351,354,407,532,546,583,584,594,696",775,"88,186,354,532,546,746,755,764","7,78,81,88,264,279,398,407,687,755,764,766","360,627,689",,,"7,81,279,351,354,379,398,482,571,575,639,684,687,766","81,348,351,354,774",,"27,322,657,658","142,144,146,314,460,541,769,770,771","349,460,487,488,494,495,503",506,"139,233,360,627","139,360,421,627","81,186,279,321,328,329,397,398,575","88,755,758,764,766","81,88,571,583,584"
YGL011C,"58,62",,"57,230","58,174",50,,21,"48,230",33,"14,24","36,39,123","8,70","17,20,180,219,237","26,30,155","50,114",50,48,98,"33,62"
YGL012W,"8,29",71,364,"3,16,125,452",,,,"3,455,462","32,135",,388,,,,,,"133,455",,
YGL013C,"7,34,225,558,647,657",,"34,37,55,84,88,133,210,214,220,657","84,205,214,220,225,540,625,918","237,294,323,554","51,53,55,59",61,"225,235,293,888",,,"26,224,376,455,622,642,696,794,946,947,979,980,1033","40,43,95,213,342,343,345,346,348,349,352,623,624,627","106,108,163,165,342,343,346,352,355,805,948",743,588,"284,588","133,652",99,"88,214,235,657"
YGL014W,"400,682",,"236,249,281,286,292,297,298","236,249,591",,,"439,440,441,447,448,449",,,,"39,219,220,233,245,291,327,833","42,50,129,130,247,250,252,254,256,272","15,105,106,107,210,212,250,252,254,256,481,483,484","564,856",,,591,"249,407",
YGL017W,"87,151,271,304,323,333,478",,,"111,114,115,333",130,,,"115,151,189",385,,"55,108,388",,,"235,236",,"95,193","115,151","52,300","151,370"
YGL019W,"138,147,151,216",278,,,,,276,219,,251,52,,"77,111,117",9,,,,,
YGL020C,31,,"67,70,74,126","31,40,41,45,94",,,,"31,40,41",,,"56,57","128,129,130,131",216,,,,86,210,31
YGL021W,"228,235,324,349,580,742,750",,"97,98,113,115,168,361,362,370","742,750,757,760",,,,"349,410,604","168,372,555,659,757",,"81,86,87,105,211,398,609,620,622","157,160,162,164,165,166,170,171,172,253,254,257,258,260,262,266,352,353,354,356,394,395,699","47,101,104,145,148,150,151,170,171,172,175,219,251,253,254,257,258,260,318,353,354,356",437,469,,,"709,712","324,472,479,525,534,541,742"
YGL022W,,718,"432,437,441,710","683,684",,,,,556,,"535,536,539,540",475,"164,708",,,7,556,,556
YGL025C,,,,20,,,,212,"10,223","112,114","21,23,171,304,339","134,135,140,141,144,148,149,152,153,155,168,172,173,175,274","144,149,153,191,192,195,197,202",,,,,10,
YGL026C,"249,373","216,414","280,396","266,268,272,280,284,289,401,461,510",528,,,"400,461,507",203,,"458,534,672","285,337,418,428","159,224,227",,"242,321",365,"13,14,272","284,289,290",507
YGL028C,,,"73,276,291,295,376,381,383","289,291,381,383",,,,"291,295,381,383",,,,"142,143,144,145,146,147,148,196,198,200,201,283","15,192,196",269,,,381,,
YGL029W,,"2,36","20,23,26,37,39,40","10,20,23,37,39,40,47,48,50,55",,,,,,,3,,"15,18",,,,26,,
YGL030W,"5,13,19,22,28,53,83",4,"13,28,32,38","5,22,28",,"19,22",,"13,19,22,53",,,,,,"23,27",,,"5,19,22,28,32,66,83","22,32,40","19,22,28"
YGL031C,,"3,53",140,"91,97,129,137,140,144,149",,,,"35,61",,,,"86,130","7,75,83,86",,,,"12,27,35,69,70,91,144",2,
YGL035C,,105,"27,102,181,307","23,25,408",,,"71,193",368,,,"150,292,293,324,326,432","3,108,112,114,115,207,236,240,241,245,370,371,374,377,379,380,381,468,471,472,475","54,61,80,91,108,112,114,116,118,262,264,268,310,311,314,325,328,330,333,334","175,358",,68,,"163,344",254
YGL036W,"422,640",,"68,202,238,649,681,872","68,587,635,636,640,676,678,681,868,874",715,,,,,490,"92,93,95,275,395,412,413,418,419,420,479,714,728,791,801,811,814,816,843,892,893","12,426,700,701,739,740,741,742,746,747,748,751,753,864,865,867,870","18,81,337,338,340,343,344,782,785,847,848,898","671,738,882",4,,"68,640","202,678,681","68,640"
YGL037C,"115,118","213,214",,"118,207",,,,"122,147,151","203,207",128,,,"72,74,77","73,75",,,"122,201,207",203,207
YGL038C,111,,"122,194,220,329,332,405,406","72,73,220,332,398,405,406",,,,,426,,"203,281,341,393","6,51,55,56,57,298","6,228,229","175,309",,,111,"49,220",
YGL039W,"71,174,175,179,260,309",,"41,117,174,292,294,318","175,179,318",263,,,"31,50,175",,,"54,93,107,188,219,239","130,131",,240,"171,263,333",,,,"71,75,174,175,179,252"
YGL040C,,,"72,98,210",76,175,,,"72,76",,,,103,151,,175,175,"72,76",,308
YGL043W,"32,39,54,55,73",,"215,244","39,45,54,55,63,130,135,234,250",231,,,"55,67,209,234",244,,"16,19","37,295",18,282,,271,,,
YGL044C,"90,174,179,183,220",,,"174,179",38,,,59,,,"155,157","58,71,72",,"61,82",219,,"174,256,285",,"59,285,287"
YGL048C,"77,82,83,87,93,100,141,155,209,221,334,359",,"82,83,100","26,37,59,105,108,345,349,392",362,"221,345","242,307,317,319","77,87,93,100,392",100,,336,"193,261,266,271",,"147,188,222","208,353",,,59,"93,105,221,359"
YGL049C,"19,20,149,155,193,294,346,550,551,563,569,700,804",,"155,252,416,420,526,642,877","155,163,164,236,242,294,550,551,557,635,644,816",,700,,"155,300,799,804",890,5,349,"306,308,310,351,449,508,509,535","143,144,185,187,189,196,212,306,308,310,312,314,361,474,868,872,875,876,878","45,694",,,"300,519,563,571,635,669,733,804","149,519,526,877","155,294,799,804,810"
YGL054C,46,,,,,,,46,,,,,,,,,,,46
YGL055W,"68,69,74,374,375,452,490,508",,"74,457,461","69,73,74,399,457,461",,,,"457,461",425,,,"155,157",,,,,,94,
YGL056C,"175,184,372",,"184,188,434,442","166,193",,,474,"184,188",,,"40,199,313,448","326,417","54,55,56,57,58,59,61,62,95,416,430,459,471,476,478",,,,"188,193,372",,"184,188"
YGL057C,"167,239,244,275","2,6","271,273","39,239",,,,275,,,,"125,282,283,286",,,,,33,"39,158","271,273"
YGL058W,,,"139,142",,88,,"67,68",,,,,,"74,128",,,,,,
YGL059W,"99,105,108",491,74,"94,99,105,360,394,435,481,484",,,,99,,,"19,64,228",,,,,,,"108,372",435
YGL060W,,,"15,34,349","27,34,229,272,354",,,546,,"24,27,34",,"122,244,374,457,458,624,627,628",,"100,105","290,293",,,"15,27,267,354",,354
YGL061C,,202,"73,174,215,222","174,177,183",,,,,,,"26,28,29,80","221,231,240,241","2,5,11",,,,,36,
YGL062W,"61,225,227,741",191,"117,145,499,528,741,746,896,902,1123","508,1060,1061,1086",995,,"152,155","21,117,136,227,542,709,710",,"186,189","214,494,555","37,527,533,605","150,154,160,900,1021,1025,1034",716,"217,360",,"19,21,734,902","227,1051",19
YGL064C,"55,57,59,60,63,64,80,81,119,123,146,364,457,470,502,542",23,"33,35,119,123,225,364,367,369,470,472,542,544,548","50,55,57,59,60,63,64,119,123,234,237,364,399,544,548,552,555",391,,,"369,542,548",,,"326,475,477,483","2,318,320,450","2,38,42,127,131,132,138","76,510",,,"119,346,364,514,542,544",,
YGL065C,"4,6,61,181,206,207",403,"301,306","210,292,438,439",,,14,"4,6,230",,218,"170,371,400",314,"184,295",268,51,,6,,"6,181,206,207,237"
YGL066W,"196,428",,,"9,14,214,217",,,,,14,,"29,506,565,585,606,622,633","175,183,202,205,208,507,508,514,515,604,607,608,611,614","164,184,187,190,200,202,205,614","409,652","249,418",243,,"401,516","12,56,448"
YGL068W,"159,166,169,179,181,182",,"16,44,130,137,139","53,56,137,139,141,144,166,169,179,181,182",,,,"159,166,182",182,,34,"30,31,35,36,37,38,39,42,192",113,,,,"169,174,179,181,182",120,"158,159,169"
YGL070C,,,,,,,,,,,,,,34,,,,,
YGL071W,"115,202,674,684,687",,"206,382","111,147,171,253,684,687",,,"283,290",270,677,,"184,311,507,522,561","56,313,314,315,317,318,319,323,325,368,369,375,376,497","13,170,181,183,200,383,385,387,388,389,563",485,,,"111,115,269,270","111,115,687",120
YGL073W,"237,341,425",,"242,425,446,490,622,768,776",776,,,,,219,,"6,11,14,118,293,591,592,624,660,754,755","120,151,401,402,608,770,772,775,778,783","26,89,90,168,447,450,545,546,547,548,795",,,,420,768,"199,271,328,341,446"
YGL075C,73,384,214,161,,,,,29,,"223,272",,"48,134,140,141,147,149,255",27,,,262,,"73,161"
YGL076C,"5,98,128,206,238,241",216,"66,118","14,98,158",,,,"17,241",,,,"8,11",,"133,136,138",,,"53,66,70,118,121",5,"90,101,128,206"
YGL078C,"131,179,180,277,287,406,515,516,518",,"509,515","12,22,25,28,29,31,32,34,35,37,38,40,41,43,361,491,497,498,515,516,518",,,,"344,369",277,,433,"74,136,189,238,316,320",502,258,,"214,215","179,277,344","277,491",509
YGL079W,,,134,"147,154,163,172,173,175",,,,,175,,,133,"41,126",111,218,,142,,142
YGL082W,"222,358","3,379",,"8,152,181,240",,,,"240,358",,,"13,76,78,105,251,363","266,270,273,275",,"147,335",,,,,
YGL086W,"568,598,692",3,"119,223,506,507,616,617","97,105,111,119,125,128,169,193,196,271,286,433,506,507,568,571,574,576,578,579,592,597,606",,,,"97,169,527,578,579",105,,"108,230,350,351,496,536,548,660",,"40,46,50,199,324","78,321",,,"592,597,598",190,"281,286"
YGL087C,"16,19,118,127,132",4,,"19,118","26,64,85",,"5,66,69,72",,,,42,122,122,,64,85,127,3,
YGL090W,"86,164,264,326",,"324,326,330,395","109,280,281,324,330,356",,,,"149,150",,,"170,398",172,"44,46,257,261,271",,"10,117",,,"114,301",
YGL091C,,"325,328","47,86,166,167,257","167,172,173,176","256,274",,,"166,167,235",176,,"67,247",,,,123,256,74,,74
YGL092W,"305,561,562,773,779,788,958",6,"258,301,305,384,421,559,644,653,768,773,809,965,1277,1286","558,559,561,562,565,569,644,648,773,779,1039,1042,1277",493,,,"384,1277,1312","889,1277",,"3,95,96,145,233,376,892,895,959,992,1066","5,8,11,19,21,22,28,29,30,37,38,51,77,87,94,97,98,99,101,180,188,190,191,192,202,203,204,214,249,250,646,1281","17,87,104,149,150,190,191,271,275,277,279,288,306,307,308,387,403,404,456,458,643,657,679,783,968,970",,"493,954","493,723,954,1313","394,779,788,1039,1042,1114,1277","648,653,1277,1288","394,455,648,798"
YGL093W,"51,630,637,645,725,817,820,909",3,"51,104,359,899","51,433,531,607,630,637,645,687,704,719,725,763",,,,568,,,"26,58,276,524,774,849","45,49,65,66,70,246,248,250,251,254,255,355,385,641,851,880,881,886","70,77,83,106,355","350,454",,,"182,568,630,645","240,333,645","182,602,817"
YGL094C,"170,408,563,680,684,1093",1109,"20,128,398,406,408,689,786,987","170,398,406,408,420,575,580,684,768,987,990,1086,1088,1093","121,647,853",,,"19,20,170,680,709,768,779,811",408,439,"105,157,500,501,609,639,641,645,679,705,800,801","245,247,275","415,416,423,578,613,797","473,479,595","121,151,447,726","151,297","19,20,786,811,815,1088","20,768,1114",40
YGL095C,"195,271,281,414",,"20,271,302,309,311,325,330,567","20,265,271,275,281,496",48,,,"265,302,330,336",,,"369,407,408,547,551,552","22,205,562,565",,569,197,197,"265,271,281","183,185","195,281"
YGL097W,220,"2,308","71,152,210,220,366,375,380","210,264,366,375,380,389",,,,"366,375,380,389","220,397",,,"5,211","13,135,136,148,149",374,,,"124,375,380",,375
YGL098W,164,,,"32,210",,,,32,,,,,"81,82,84,88,93",78,,,,,134
YGL099W,"237,243,244,251,300",634,"97,132,360,361,631,633","39,64,229,237,292,306,370,542,544,570,631,633",,,"2,3","361,372",,,"105,257","67,69,363,365,366,367,371,380","172,363,366,367","282,475,498",405,,"274,489","229,349","223,243"
YGL100W,"40,100,108,115,124,198,248,340",,"207,327","34,37,198,201,207","93,127",,,"37,236",,,"105,313","334,336","250,254,257,259,280,282",194,"102,127,174,341",,"207,332",,40
YGL103W,"47,55,63,70,111,115,126","15,145","92,96,111,137","7,10,132",,"24,27,47,55","2,29,50","92,132","47,55,92",12,,"95,98,104",,"48,52,109",,,"55,70,96,111,115,132",,"70,86,111,115"
YGL105W,"15,172,173,218,221,250,301,361,366",375,"86,89,361,366","15,86,89,165,181,277,350,356,361,366",,,,"135,221","298,301",242,,369,,,"245,284",284,"89,147,361",,89
YGL106W,"8,16,95",,"16,82","16,17,24,80,82,88,95",,,,"16,17,24",,,,98,,108,,,"8,16,80,82,88",88,"8,88,95"
YGL108C,"99,102,107,108",,"78,82,108","25,41,46,47,53,102,108",,,,"21,25",,,,"54,55",,,,4,,63,102
YGL110C,"175,182,184,425",,"198,204,400,404,405","154,166,182,184,198,400,404,405,418,499,509,580",,,,"175,418","254,398,400",146,"381,417",531,"377,383",,"118,190",,"154,175,287,289",281,175
YGL111W,"74,344,354,390,393,424",,"174,177,227,344,456,460","91,94,168,169,173,174,177,289,373,451,456",,,,"177,340,354",,,"152,153","6,28,257,274,455","420,435",,7,,"77,168,169",177,"71,169,354"
YGL112C,"71,216,221,360,475,484",,"18,369","60,71,212,221,229,369,444,447,484",,,,"71,98,323,359,360,366",486,158,"100,279,421","95,97,183,184,185,494","220,327,332","82,84,108",,,"360,478,506",360,"71,216"
YGL113W,"111,201,552,604",573,"158,188,194,303,604","15,194,201,254,303,304,416,425,511",,,,418,164,,"255,308,371,436,545,567,568,580,637,640","541,546,548,638,642,643","438,439,452,458,459,463,467,479,482,485,487,493,495,497,514,519,521,524,591,600,607,609,622",153,,,158,"145,627","105,111,188,254"
YGL115W,138,,"29,279",279,,,,,,,,,,"32,272",178,178,103,,24
YGL117W,,264,"15,66","15,58,66",,,,,119,,221,,223,,49,,,147,
YGL120C,"65,70,82,185,189,435,737",,733,"70,562,563,733,737,744,746","145,336",,433,"185,398,400,569","662,663",,"180,184,461,509,635","75,221,247,249,324,376,417",8,,"145,336,603",,70,"70,167","65,70,189"
YGL122C,"329,393,402,410,482,483",214,"257,281,384,391,393,396,401,402",,,424,"266,287,290,292,293,349","322,329,331",,"218,219,222,226,229","231,232,374,379,442","183,207,234,295,357",178,,"415,437",,402,,410
YGL123W,"84,116,119,157,161","36,38,45,101,102","161,185,203","33,203",162,"40,88,119",,"10,33,88",,"11,17,19",,"39,158",238,,162,,"10,33,40,84,119,185,186",,"33,40,84,88,116,119"
YGL124C,"115,116,236,287",643,"14,92,102,236,436,462,476,624","92,102,116,172,182,236,462,467,470,471,476",58,,,"50,92,624",,,"2,4,174,415,582","34,46,67,71,74,75,189,231","64,76,79,82,86",,58,"370,371",,527,236
YGL125W,"2,6,139,176",,455,"6,176",,,,"480,483",483,,,"66,363","361,362",467,,372,"6,176",16,"176,462"
YGL126W,265,"69,380",,,,,,,,,189,"193,214",,363,309,309,,,
YGL127C,59,,,50,,,"67,68",,,,,,"2,4,11",,,,,,
YGL128C,147,,,,,"48,53",,137,,,"156,180,210,211,236",,245,205,,,,181,48
YGL129C,"112,144,207,222,228,243,270,361,376,415,421",,"38,49,88,92,99,102,222,228,231,238,243,250,353,415,420,421","92,99,102,111,112,136,144,206,207,211,214,252,415,420,421",,,,"31,92,231,243","228,396",,"59,62,176,239,249,352,385","7,55,97,149,157,161",20,"367,406",,,"25,136,137,222","197,243,250,252","92,121,144,145,228,231,415,420,421"
YGL130W,"41,179,315,356,372",2,274,"41,114,115,116,212,215,249,341",,,,"198,249",,421,"21,376,389,429","164,166,167,168","46,331","65,101",,,"116,249",,
YGL131C,"39,215,262,266,298,725,927,933,937,963,965,1026",,"39,43,45,69,262,266,270,404,407,445,499,613,697,892,900,947,952,955,993,1014,1312,1314","39,256,374,407,574,704,707,821,884,933,937,947,952,955,965,1007,1079,1080,1088","458,522,583,1227",,,"72,253,256,262,452,499,927,1026,1232","397,1232",,"126,435,755,756,936,985,1034,1035,1166,1206,1209,1218,1234,1330,1361","763,780","98,804,809,1123,1125,1223",258,"512,583,1280","363,366,512,522,1094,1182","3,256,821,933,937","45,508,1312,1314","111,266,567,927,955"
YGL133W,"7,613,615,715,819,1122",,"128,130,418,624,942,1230,1236,1249","77,242,458,530,658,715,942,1180",768,,,"115,615,715",1072,,"178,206,330,331,342,401,548,626,804,906,907,931","221,370,417,420,810,812,953,1055,1255,1256,1258,1260","139,142,143,283,287,288,298,300,328,332,333,810,822,824,826,902,905,1002,1009,1091,1258",608,"411,861",,"77,271,613,615,1160,1161","5,242,250,839,1122","715,922,1247"
YGL134W,"69,295",433,41,"303,305,392",,,,295,,,"6,31,47,136,139,145","189,191,298,307","11,23,60,62,149,156,157,208","124,301",76,,"294,295,303,305",305,
YGL135W,"14,18,39,47,91,92,95,98,101,118,130,133","205,206",47,"39,91,92,95,130,133,147",,"91,92",,"3,18,91,92,101,102,105,106,133",47,,"21,62","139,153","52,154",145,"80,164","58,164","18,91,92,130,147",133,
YGL137W,"62,109,472,562,634,658,731",,"264,629,634","6,7,629",160,,,,790,163,"11,230,256,460","56,114,116,239,245,251","816,828,829,889","189,192,586","160,395",160,"629,634",264,"109,253,261,629"
YGL139W,"283,558,759",,"568,645","568,639",,,,,,,"120,121,167,293,676,679,684","630,631","607,611,681,686,687,734",,12,,,"580,645",
YGL140C,"262,348,558,828,830,931,970,1017,1149",,"286,288,336,345,393,523,553,558,562,831,837,840","254,256,288,345,479,485,486,558,1149",767,,,"251,288,336,352,973,1017,1149",,,"171,210,237,296,519,578,601,966,1004,1022,1040,1111","965,1090,1172,1176,1177,1179,1182,1183","339,363,365,399,1104,1107,1108,1110,1113,1116,1160,1167,1179,1182,1183,1198,1199",1191,"102,389,767,1127","102,919","345,421,428,973","382,432","256,345,970,1015,1017,1079"
YGL141W,"41,384,642,859",,"240,319,377,378,615,736","384,481,489,490,493,750",234,,,404,"378,404,805",627,"3,17,304,335,675,678,703,733,889","164,544","53,59,463,494","285,631,747","234,878","205,878","43,338,615,859","618,758,762",384
YGL143C,"87,195,270,317,319,321",,,"59,260,270",,"284,317,319,321",,"284,319,321",407,280,"39,198,290","30,31,32,33,34,36,38,234,235,237,245,282,352",348,"46,217",73,,"87,284,317,319",,"270,317,319"
YGL145W,"124,155,185,296,381,450,684",,"147,149,493,494,675,681","68,155,185,493,494,681,684",,,,"124,155,681,684,687",,,"38,167,200,378,429,670",,"97,228",693,,,"149,151","124,586,588","68,77,185,381,460"
YGL147C,"47,54,89,106,184",,"21,110,121,122","122,170,174,184",,26,,"26,110",184,,,,,180,,,"36,39,84,87,106",,"21,36,106,174,184"
YGL148W,6,"374,375",116,,,,,,,123,289,2,,,"23,192,221",,335,"84,116",321
YGL150C,"575,904,1107,1260,1261,1482",,"19,28,324,618,794,1082,1261,1482","27,28,61,186,505,515,516,520,523,798,915,937,938,968,1260,1261,1303",954,,,"45,46,324,523,665,938,1112,1261,1303,1310,1350","505,1260",176,"98,100,131,325,608,612,652,655,984,1045,1046,1064,1213,1281,1285,1382,1464","20,21,310,313,327,485,489,497,695,1475","249,420,422,614,616,1166,1283,1284,1290","364,1334,1340","359,704,862,954","510,704,862,954","196,478,523,526,1260,1261,1303","199,938,1112","128,324,526,618,1270,1303"
YGL151W,"124,286,289,1079,1110,1122",,"56,57,274,372","124,223,243,248,274,1004",86,,,880,159,,"67,68,209,388,421,618,667,702,776,1012,1040","66,72,475","268,272,397,952,958,961,1087","265,834,884","120,207",142,"243,418,593,998,1115","409,886,1069,1076","880,886,938"
YGL153W,"26,33,52,55,130,136","4,336","10,33","7,10,26,32,38,45,135,136,144,168,292,301,302",,,,"26,301","7,21,45",9,311,187,,,,,"26,190,301","190,199",
YGL155W,"137,331",,,18,258,,,241,,,"55,266",324,"217,272,330",,,375,,"137,260,283",
YGL156W,"44,313,405,682,758,841,844",,"113,122,435,483,486,597,776","13,40,44,45,236,578,579,607,720,826,992,1051","423,794",,,"715,720,721,844,1051","87,236,597,721,809",915,"375,378,485,693,815,872,1031","144,149,257,473","2,3,433,437,1005",159,"423,653,719",719,,"844,1041",841
YGL157W,"73,74,77,174,178",,"116,125,178,192,291,293","116,117",262,,,"174,251,320",178,,"106,218","129,130",310,,"170,262",,"116,117,178",,"40,73,173,174,178,251"
YGL160W,"2,169,259,396,400",,"57,59,430","2,11,265",,,,"59,343,554",,,"126,236,262,505,527,528,536",305,"479,494,507,520",,127,,,,396
YGL161C,,,,109,,,,,,,"4,5,40,41,52,277,278",,60,,,,,,
YGL166W,,"2,3,71",,,61,,87,,,,185,,,,,,,,
YGL167C,"140,245,372,487,495,520,521,524","253,254,950","403,405,406,516,520,616,626","147,285,405,471,480,482,520,521,524,530,805,938,939",536,706,,"471,480,482,495",,,"4,7,259,433,434","232,256,258,410,419,709","2,9,33,277,282,400",946,"158,496,536",,"285,471,480,482",276,"140,487,495,661"
YGL169W,"336,344",,"93,335,336,344,353","19,281,321",,,,329,"22,288",,198,"161,164,165,201,204,206,209","107,154,155,196,204",,305,423,"344,417","22,269","19,393"
YGL171W,"14,275,358,471",6,"20,22,102,105,194,224,239,241,243,248,249","14,15,55,234,239,241,243,265,338,348","301,496",,,"234,265",131,,107,"59,173,529",43,,"301,496","165,301","188,234,265","15,60,265,478","47,265,273,275,471"
YGL172W,"327,331,332,371,376,382",,"153,317,327,337","327,331,332,337,371,375,376,382,383",,,,331,,,"94,144,254,413","8,9,10,24,57,58,80,82,83,95,98,122,123,152,158,168,184,185,194,195,196,203,206,261,466","184,185",,,,"327,382",317,
YGL173C,"53,114,329,380,381,385,529,1022,1164,1185,1292,1293,1319,1465",384,"154,456,483,690,813,886,1185,1244,1247,1248,1252,1319,1494","53,110,113,333,529,832,839,846,857,1085,1244,1247,1281,1293,1298,1312,1315,1318,1319,1323,1328,1471,1472",,,553,"5,79,846,969,1022,1029,1465",114,"1219,1222","42,157,366,753,778,779,1045,1049,1233,1236,1452,1481,1504","556,781,786,836,1119,1155,1156","239,368,617,664,691,887,889,1269,1271,1275,1307,1310,1513","689,884,981",,,"114,792,839,1013,1022,1144,1292,1465","124,395,456,826,958,959,1022,1185,1292,1293","501,690,1465"
YGL174W,"61,130,146,151,213,217,255",,"35,97,206,213","35,41,66,101,115,136,160,206,213,217,256",,,,"72,115,217",,,18,"67,84,111,207,208",60,,,,"151,160,217","97,244",160
YGL175C,"97,98",2,219,,,,,234,166,344,"141,162,263",,"72,75,76,84,100,134,242,249,265,267","9,229",63,,234,"57,97,98",
YGL178W,"230,231,459,586",,"529,580,586,587,589,591,593,819","539,580",,,,,573,,"86,87,174,189,530,547,679,682,754,761,774,796,832,836","80,88,105,107,167,176,234,681,834","41,47,614,692,725,798",,449,,,,"230,573"
YGL179C,"95,526,559","96,143","29,35,95,318,374","323,327,374",467,,,"35,519",,,"19,23,200,384",159,"371,372,433,437,556",61,,,530,"95,154,249,339",191
YGL180W,"28,208,280,323,752",,"399,408,414,625,847,853","62,414,672,752,766,802,862",228,,,"5,32,54,364,414,752",661,,"23,220,774","34,37,221,304,307,390,494,495,496,497,498,501,683","221,222,365,508,515,517,518,635,647,680,683,776,782,783",788,303,292,"280,364,661",661,"118,174,208,323,847,862,887"
YGL181W,"95,131,138",,"29,233",212,,,38,"126,233",,,177,"55,235,236,237","193,196,258",181,,,"95,126",138,
YGL184C,"138,140,213",,"417,454,461","138,140,425,464",162,,,"140,417",464,,"94,98,242,430","296,462,463","314,368,431","45,47","151,162,204","162,204,387,388","313,397,417,422",,"163,422,425"
YGL185C,"111,277","378,379",174,,20,,,"92,178,198,199,295",321,,238,"77,331","337,344,346,376",255,"61,200,354",282,"160,178,295",,111
YGL186C,458,,"85,257",257,,,,257,,,,171,47,228,,,481,224,
YGL187C,12,,,"84,91",,,,,,,,,,,,,"91,95",,
YGL189C,70,,116,116,"74,77",19,98,"108,116",,,,,7,"59,73",77,,"19,66",70,
YGL190C,"108,111,114,118,169,176",,475,"114,118,121,488",261,,,176,,146,"127,271,356","104,105","124,410,418,456,458","39,306,312","13,261",261,"176,272",,"108,114,118,121,488"
YGL191W,"27,32,34,42,104,113",,,"42,45",,,,"27,34,104",,,,11,,,,,27,,"7,34,104"
YGL194C,"44,298,305",327,103,"95,103,377,378","235,280",,,162,,,"145,326","77,94",328,"7,364",235,169,378,,
YGL195W,"185,250,386,417,464,465,921,954,958,962,1446,1447,1747,1750,1754,2175,2183,2186,2349,2366","2621,2628,2635,2666","202,257,346,394,455,464,818,954,1659,1747,1750,1754,1759,2117,2171,2175,2180,2183,2186,2240,2372","185,198,202,346,383,386,394,455,464,465,790,954,958,1017,1158,1380,1506,1513,1747,2180,2186,2362,2494,2626","513,1077",465,,"417,1158,1747,1750,1754,2117,2175,2494",417,1465,"64,478,479,481,546,607,857,875,1140,1498,1839,2308,2473,2525","18,341,344,356,828,1454,1623,1626","41,729,760,764,789,825,1387,1658,1799,2402,2406,2602",767,"513,716,1391,2548",,"188,386,1158,1379,1447,1513,1750,2175,2186,2203,2349,2354,2366,2488","581,962,1750,2186","257,1447,1747,1750,1754,1759,2183,2186,2480"
YGL197W,,,"148,325,470,492,942,945,1099,1213,1319,1320,1470,1478,1480,1484","85,135,148,149,151,942,1218,1306,1332,1334,1470,1471,1480",560,,2,"731,945,1478,1480",319,,"86,87,138,141,218,255,289,461,605,745","475,495,636,637,639,698,700,716,717,785,786,787,842,844,845,883,884,886,888,900,908,966,969,971,972,1092,1214,1215,1381,1382,1387,1394,1395,1396,1398,1399,1400,1402,1442,1483","22,23,25,132,133,152,155,328,489,495,497,617,618,619,621,698,756,769,770,772,786,787,822,824,827,828,836,883,884,886,907,908,911,912,918,919,920,923,930,934,959,1008,1181,1202,1203,1204,1207,1214,1215,1217,1245,1271,1272,1273,1382","831,897,1010,1127,1226","406,560,879,1078","406,560","151,224,249","128,224,597,1360,1362,1366","135,945"
YGL200C,73,"3,183",,,,,,,,,,,,,12,,,127,
YGL201C,"101,528,601,762,767,963",,"283,428","101,102,110,390,776","572,815",665,20,"762,963",,"382,696","198,224,240,347,698,700,994,995","3,9,11,16,23,24,47,48,49,54,291,293,295,297,298,418,453,582,598,599,662,671","200,206","597,909",815,815,"102,762,767,778","416,545","528,564,601,665,767"
YGL202W,84,,197,"305,480,486",153,,71,"84,131,197,324,415,486",236,,"54,346",,"23,27,56,59,172,271,272",493,77,"28,77","84,371","415,445","129,264,305,480"
YGL203C,"197,338,343,433",,"99,352,359,389,681,683,685,686,688","139,197,685,686,687",293,,,454,8,,"58,437,445","642,644,672","38,46,267,421,422,482,483,487,562,574,644,651,691",,,308,197,,197
YGL205W,"424,580,713","309,361","30,253,541,545","22,28,30,117,370,432,433,435,445,504,505,512,541,641",,,,"22,433,435,505",745,,"156,161,210,417","189,272,312,321,597","40,316,318,572,574,579,610",68,"157,667",667,"22,71,72,124,248,253,351,500,733,745",320,641
YGL206C,"326,433,449,454,457,460,625,640,643,736,770,804,1270,1443",,"140,388,766,1045,1218,1252,1447,1617,1618,1625,1626","96,98,100,189,755,804,1045,1252,1257,1260,1398,1403,1514,1515,1525,1529,1609,1610,1617,1618,1625,1626","463,495",,,"100,454,457,755,1273,1447",1403,,"84,150,152,153,158,192,212,224,226,635,712,726,1229,1465,1466,1613","392,394,395",228,"924,1243","463,509,645","463,495,509,784,1065,1223","640,1215,1218,1390,1447,1610","1136,1443,1447,1609,1610","454,640,770,1210,1269,1353,1447,1455"
YGL207W,"136,142,224,579,583,641,647,668,806,894",,"129,216,220,224,229,265,266","82,86,92,136,220,224,229,266,457,468,502,507,510,631,668,673,752,753,754",,,,"80,82,136,510,533,583,641,754","12,13,224,229,232","481,485","300,359,395,435,580,672,839","344,434,437","78,239,768,772,975,983,986",591,,,"333,641,754,806,894","608,647",333
YGL208W,,,12,,"36,392",,,,,,"198,199",264,"59,66,70,72,127,133,136,137,269,325","323,324",392,,,,281
YGL210W,,,127,60,,,,"60,61,63","26,63",,126,"22,27,45,52,79,203,205","203,205,207","6,8,10,12,75",,"221,222",26,,
YGL211W,,162,17,"12,15,17,224,227,301",250,,,17,,170,340,,"215,218,223",,"47,160,250","47,250","69,78",15,
YGL212W,,6,"16,25","12,155",208,,"65,68",16,,,"124,231","188,191,192,195","33,157,162,228,289","29,62",208,,,187,25
YGL213C,"111,365",4,44,"105,128,321,323,365",,,,121,"111,364,365",,"205,206,231,232,234,300,376","2,275,278,280,281","181,184",,,,321,"54,120,121",44
YGL219C,"32,33,46,71,75,79,424",,"22,32,33,34,39,43,71,300,410,416,425,429","32,39,43,46,71,75,300,356",,,"455,456,457","71,75,79,170",,,"111,112,187","29,243,244,288,294,295,296,298,299,404,418","25,29,31,275,454","283,284,458",,,"79,170",,
YGL220W,117,"119,120",,17,,,,,117,,,,,,,,17,"8,10","17,96"
YGL222C,,,72,"121,128",,,,,,36,"9,143",16,"152,156,157",,,,,"121,128",
YGL223C,"29,67,75,80,153",,44,"67,159,279,281",,,,"40,167",,,"177,207,250,295,328,386","129,132","51,56",234,,,281,,153
YGL225W,212,,82,82,,,,,,,"81,242,245,246,249","6,16,20,92",,281,,,,,
YGL226C-A,,"84,86",,,,,,,,,,,,,,,8,,
YGL226W,"12,44",123,,,,,,79,,,27,,,,,,114,64,114
YGL227W,"382,678,691",,"309,310,382","129,664,673",913,,,310,736,777,"161,334,335,391,521,864,939","64,256,280,289,445,446,461,462,467,468,469,471,526","200,254,363,366,368,369,446,627,630","945,946","788,913",,"77,129,605","678,765","527,678,691,732,736,849"
YGL228W,"81,82,87,280,285,294,296,303,305,306,330,331,382",,,"74,285,294,296,303,306,310,330,331,336,432,434,440,441,444,446,447,455",85,,,"37,66,74,296,331",63,,356,51,"194,195,198,204,205,207,208",,320,31,"54,112,331",,"37,74"
YGL229C,"635,699,786",,"506,565,568,642,699,702","486,489,568,699,758,763",,,,"565,568,702",805,,"32,63,207,288,728",,"65,280,322,536,537,540,541",143,197,,702,"634,702,786","702,786"
YGL231C,125,,"62,72,169",,,,,,,,"39,44","27,53,54,57",,,,,,,131
YGL232W,"88,149,242,268",,"21,109,242,268","18,19,87,88,94,100,108,109,110,153,268,278,281",,,,"130,194,195,198,268",,,232,,81,,168,"120,126","88,94,268",,
YGL233W,"63,133,181,232,249,609",,"148,157,232,340,605","148,149,156,157,161,249,253,350,351,353,604,605,609,658,665,670,837",,,,278,,,"24,25,35,36,421,423,426","384,612,655","38,39",,,"235,561","249,837,905","43,249,253,278,449,609,905",518
YGL234W,"19,151,159",,"28,110,114,119,252,362,365","385,681","767,793",,,"362,619","114,119",,"604,797","253,262,402,404,405,406,451","18,23,25,402","418,431",793,"582,660","19,28,110,151,159,181,230,362,433","151,759","110,114"
YGL240W,168,,,"28,210",,,,,,,83,85,,,,,168,,
YGL241W,"106,478,494,497,979",,"487,497,868","362,478,487,494,497",526,,,"108,497,827",997,54,"287,769",598,"80,541,542,569,952",,526,29,487,"261,909",
YGL244W,"87,171,246,299,418,422",,"42,352,422,457,460","116,376,391,449,457,460,473,530",,,213,"87,246,284,422,460",,,"360,462","282,393,395","2,17,49,153,181,203,354,362,456,464","69,341",,,"87,299,412,439","284,473,474,483","422,483"
YGL245W,"84,233,235,247,442,449,550,616,685,688,703","447,466","41,503,604,606,608,675,688","41,42,89,603,604,606,608",385,,210,"84,116,141,174,235,247,354,550,586",616,,"145,333,353",,"640,646","227,272,276",295,284,"174,175,350,603,604,608,665,688","249,533,608,616","42,84,233,292,449,550"
YGL246C,194,3,,"95,96,138",,,,"22,96",,12,250,,"356,361",47,"77,114",313,22,148,
YGL247W,189,194,127,189,,,,192,,,,,,,,,"189,192",81,189
YGL249W,"522,602",,"32,208,233,369","109,242,369,378,379,443,515,686","60,196",,,"299,643","231,233",,"91,94,321,382,486,542,560,561","373,415,416,488","352,354,367,373,384,423",216,,,"28,81,362,363,369","100,379,679,686",443
YGL252C,"49,181","568,579,583","177,181,552,566,570","286,292,295,298,552,567","90,394,424",,,218,"230,231",240,525,"26,32,179,180,184,357,553,556","2,3,7,9,330,338,341,572,575","61,187,340","424,440","394,424,440","49,77,230,231,548,552","453,528,530",209
YGL253W,"13,54,323,329,335,338,430","2,481","54,58,59,165,335,338,428,430,479","58,111,329,428,430",398,,,479,,,"210,372","156,158,162,396","15,288,293,460",,"268,398","398,404","194,338,430,436,473",,"323,335,338,428,430,452"
YGL254W,"116,122",,,"79,122,195",,52,"41,47","72,79",,,,"27,201","132,134",,,,72,"116,122",
YGL256W,"236,369",,"28,30,33,34,128,129","233,378",,,,"33,34,129,159,161,233","34,161,343",,"77,125,225,256,257,328",79,,,,,"33,34,338,343","106,129,161,343",
YGR001C,177,,,"51,151,187,189,190,194",168,,,177,,,,,"2,4,6,8",,"168,200",,"51,52","107,142,151,190",38
YGR002C,"60,96,99,107,454",95,"66,156,412","66,99,269,350,357,383,391,417,453,462,463",,,,"84,107,401",453,,"86,87,151,193,194,227","25,28,29,71,72,73,410","16,18,20,109,112,284,347",,,,"107,262,263",,"107,263"
YGR003W,"549,692",,"14,60,296,306,619,644,646","60,61,70,402,410,418,431,435",,,,"5,8,61,324,325,435","418,622,623",,"358,359","640,706,711,720","168,171,626,639,706,708,711,713,715",289,,,61,"14,306,325","14,61,426,727"
YGR004W,"256,257",,"23,25,61,360","23,25",,,,"25,257,360",157,,"268,312","155,158,159,169,401","39,52,53,313,314,316,432,434",,,,,"360,419","356,360,385"
YGR005C,"94,206,210,211,296,359","191,399,400","21,23,99,103,286","94,99,148,284,296,297,341,342,356",,,,"99,335,341","126,127,364",,"13,14,48","5,12,15,264","12,291","302,349,355",,,"341,342",,"210,341"
YGR006W,,,"15,16,18",24,,,29,,,,,,"39,53,54,60,64","116,243",30,,10,10,
YGR007W,"146,174,298",,,"36,128,298",176,,,298,,,61,,,155,,256,"40,298",,
YGR008C,17,,,,,33,,"17,39",,,,"4,8",28,,,,,,
YGR009C,"41,52,405,617",,"437,487,492","32,36,37,39,492,497,609,610,617",,,"61,128","41,47,52,609,610",,,"135,188,191,392,500,558,559","208,209,210,211,247,280,285,286,288,294,615","79,96,186,190,192,193,315,325,539,540,632,633","264,272",,,"52,492","430,434,437",
YGR010W,"249,394",,"62,63,208","62,63",,,"3,7",,,,"43,382",4,"89,90,94,98",,,,,,
YGR012W,"95,177,240,243,307",,"60,86,159,240","66,176,177",,,,"60,66,176,177,247",95,,6,,"9,56",,250,"3,364",95,,60
YGR013W,"33,44,198,461",,"20,25,228,231,324,461,467","44,264,291,297,299,300,302,450,461,497,503,554",,,,"302,324",,,"86,87,408,488,585","97,294,527,530",54,"216,401",,,317,"228,479,503","554,588"
YGR019W,"109,113,116,339,344,387,388",,124,"32,113,116,394,395,427,428",,,,"120,280,344,387,388,395,406",287,"155,404",,"16,40,52",,,,,32,18,
YGR020C,4,,,"44,47,53,105",,,,47,,,,,,,,,105,,
YGR024C,"52,120,125,180",,84,"52,59,180,210",134,,,"5,64,66,181",,,161,,,,134,,"5,44,211","44,59","52,59"
YGR026W,"248,252",,"169,172,181","15,16,24,26,247,248,252",,,,,,,"17,68,70,225",,,71,,,,,
YGR027C,"46,85,94",,94,"30,33",,,,52,"4,90",,,,31,,,,"21,46,52,85,94,97",,21
YGR030C,"61,100,107,108,114,121",,,"61,107,108,114",,,,,,71,"39,40",,,,22,,,121,
YGR032W,"424,1256,1889,1895",1552,401,"401,405,1011,1566","677,905,1347",,,"614,689,1018,1234,1256,1807","686,1558",1576,"102,978,1276,1616,1864,1867,1868","113,316,624,756,757,1458,1617,1885,1892,1893","138,139,210,214,216,217,220,284,288,291,357,839,1540,1879","54,1243,1881,1882","677,905,1347",,"459,613,806,1234","311,1157","444,1807"
YGR034W,"37,46,77",,"17,77","37,46,69,89,113,116",,,,"37,69,77",,,,"5,94","21,24,25,32,36",,,,"3,37,46,103,113",,37
YGR037C,"9,51,55,63",2,19,"9,11,19,55",,33,,9,11,,,,,,,,"9,11,19,51,55,63,65",,
YGR040W,"33,223,365",,259,"49,259",155,,,,78,,,221,"6,183,188","24,185,191",155,,,340,145
YGR042W,"19,57,138,145,153,215","258,265","53,60,236","19,21,57,244,245,252",,,,"60,164",193,257,"107,150,157,182,205","50,140,141,147","177,178",228,,10,"19,21,43,60,153",193,"60,153"
YGR043C,"7,8,10,20,129,132,138,200,219,220,310",,"20,123","10,20,281",,,,"129,205",,316,"167,184",,277,,,,"20,21,200,205,219,220","7,8,10,205","20,21,81,99,129,132,138,144"
YGR044C,"13,249,252",277,174,"293,294","4,213",,"209,259",294,,,"136,297,298","84,85","84,85,86,87,88,169,177,266",,4,,,"216,252",
YGR046W,"111,121,235,238,369",4,"241,352,360","32,294,302,319,372",,,,294,111,,"19,85,328","351,353,354","36,37,330",,15,,"32,121,294","238,255","262,268,302"
YGR047C,"156,289,349,379,383,627,631,776,996",,"349,351,864","111,157,241,242,344,349,605,606,607,687,872,950,958",,,,"242,344,345,349,872,950","289,872",,"192,584","72,832","61,311,312,316,578,582,708","34,49,428,611",849,,"156,157,344,345,379,513",530,"156,412,871"
YGR048W,"47,257",,"170,172,211","172,177",,,,"211,257,268",172,,"74,146,150,264","76,80,231,239","3,6,7,320,354","207,244",,27,"39,279","126,254,279","47,211"
YGR052W,"241,300,361",,,"35,37,229,300,361",,,,,,,,,"101,102,104",332,,220,"37,322","160,361","188,234,357"
YGR054W,"373,426,436,632,636,640",,"223,228,232,531,532,591,592","154,157,228,373,426,591,592,629,632,636",,,"510,511,526,527","373,599,632,636","8,426",,"259,277,378,498","2,3,36,37,40,257,393,395,396,462,463,464,470,516,576,577","159,180,560,563,564,567,568",,"61,115,198",,"422,426","154,157,472,623","373,436"
YGR055W,"384,522,526","524,542",,"27,281",,,408,"281,317",541,,32,,,566,,66,,,128
YGR056W,"620,667","2,225,292","115,513,620,697,698,702","61,62,431,513","284,408,447",,,"108,115,333,426,431,444,446",,422,"215,255,256,476,525,606,653,860,861,912","171,624,625,629,664,694,745,748,749,905","189,206,607,608,609,610,670,887","275,276","262,408,471","408,471","14,333,426,431","106,648",
YGR057C,"14,206,218",,"179,181,206,218","179,181",12,,,"173,181",206,,"180,203,210",,"25,182,215",,63,,,,
YGR060W,,4,,96,,,,,,,"6,7",195,,,,,,,
YGR061C,"564,921,985,988,1173,1258,1263,1270",1357,"200,365,367,779,853,880,988,997","200,204,569,880,985,988,1263","521,809,1324",,"342,344","257,367,985,1045,1092,1263,1273",908,"362,699","29,51,312,585,667,841,850,896,982,1017,1021,1212,1232,1287,1297","471,751","195,202,468,471,786,789",1343,"368,422",521,"10,257,1159,1258,1263","322,367,608,880,1005","330,921,985,988,997"
YGR063C,,101,,,,,,,,,,3,,,,,,,
YGR065C,"6,349,398,568",283,398,,,,,"342,349,578",,,"5,31,110,145,146,380,381,405,406",,47,,244,,"84,156,590",,"17,568"
YGR068C,"77,364,487,491",,"60,88,98,100,154,164,356,358","305,307","246,415",,,"356,358,487",,,"89,519","5,6,9,145","23,91,92,95,199,201,202,203,204,206","308,457",,415,364,60,88
YGR070W,"163,284,285,460,492,493,510,1045",,"403,1010,1013","20,22,481,642,646,687,824,927,930,934,940,979,982,1009,1010,1013,1023","82,910,1021",,,"64,927,930,934,940,982,1013,1049","197,1023",,"431,590,698,763,1058","112,114,119,204,367,369,370,371,372,373,374,453,502","23,25,26,27,29,45,119,176,177,180,183,433,535,537",470,"82,410,746,764,1121",910,"978,979,1135,1136","429,671,685,687,695,930","982,1023"
YGR071C,"279,699",,"56,104,106,222,359,469,592","102,106,324,353,585,587,588,592,599,601,829,838",696,,,324,,,"132,136,143,153,154,213,256,300,382,429,465,478,524,659",,"28,32,380,743,747,750,755,760",681,"108,398,696",,106,829,699
YGR072W,"183,189,287,294",4,"16,166,240,369","269,276,277,278,280,284,285,287",,,,"183,189,190,369",141,"18,21","32,45,46,49,53,54,142,154,173,176,351","192,194,195,352,353,357","178,185,204,292",227,,,189,"197,285,287,348","166,183,189,190,196,197"
YGR074W,,4,,111,,,,,9,,,,,,,,,,"8,9"
YGR075C,"152,157",3,,157,,,,213,,,"18,19,43,46",,"21,23,217,222,223",,,,,,
YGR076C,"26,46,101",,"35,137,143,147","93,96,97,101,107,110,114,120,127",,,,57,,,,"28,31,32,33,34","59,64",,,,"4,127,128",,"86,87,101"
YGR077C,"518,519",,366,"275,366,371",393,,,259,,,"107,138,184,187,301,368,369,375","242,243,244,246,248,359",,"35,36",,,41,,
YGR078C,,,,"55,142,143",,,,"55,60",143,,"6,11,100,165",,,,,,144,,
YGR080W,"271,275,300",,"97,263,271","97,159,164,300,322,324",,,,"322,324",,,160,96,332,93,,,"68,271,275",,"68,74,126,138"
YGR081C,146,2,"68,70,161,171","146,151,152",,,,"86,146,152,162,174",,,"123,179",138,"11,14,62,125",,,,"68,146,151,152",152,"86,174"
YGR082W,"109,116",,"119,169","58,62,109",,,,,,,,"2,4,14,15",,,,,,,"109,116"
YGR083C,"32,33,37,361,364,365,370,422,511,547",,"16,133,361","7,361,364,365,370,439",368,,,370,,,"168,215,253,318,389","8,10,15,23,24,25,126,172,174,222,337,339","4,8,10,12,15,131,198,357,358",,"506,507","506,507",361,,"267,370,627"
YGR084C,"77,83,95,152",,"60,268,273","69,199,202",,,,"56,62,77",273,,"112,223,224,260",,,,,191,"45,56,77,83",62,"152,169"
YGR085C,"64,85,87",138,35,85,,"85,87",,"35,64,75,85,87",75,82,"20,95","2,3,41,44",,52,,,"4,75,87,156",35,"13,16,64,75,85,87,164,166"
YGR086C,35,,"157,212","130,157,159",,,,,,,189,"6,10,26,28,112","230,233,237,299","40,241,244",,,"157,159",,
YGR087C,"8,342,345,352,357,478",,"109,342,345,352","228,229,233,342",221,,,8,,,"30,318,396","351,353,556","346,351",,,,"8,304,335,342,345,463,562","228,229,366","342,505,506,529"
YGR088W,"6,7,10,95,241,298,304,393,436,438",3,,"13,283,426","96,390",,,"66,220,283",,,340,"103,109","104,109,111,114","15,85,363,493","96,271",96,"298,491",426,"293,436,438"
YGR089W,"212,376,556,834",,"108,151,376,430,834,837","31,274,277,278,284,820,827,834,837,845,888",,,,837,237,,"281,407,412,727,729,765","512,516,518,520,522,525,740,745","439,512,513,516,518,520,522,930",,,,"31,431,559","274,558,559,720",792
YGR090W,"126,154,156,217,306,626,702,703,732,745,875,963,1003","5,1171","6,19,23,154,156,479,596,598,751,801,803","119,217,306,351,470,479,596,630,732,803,1006,1007,1167,1191",314,,,"179,180,626,703,1007,1109,1158,1191",1158,,"199,333,378,448,514,698,723,817,901,1023,1026,1033,1122","3,4,159,380,481,1013,1054,1110","10,451",428,,624,"347,351,353,851,1006,1007,1187","6,8,123,126,179,180","99,156,180,589,703,745,1151,1158"
YGR091W,"29,30,186",,,"30,184,186,192,365",230,,,"266,334",139,,"148,152,414,467",121,"154,345,349,351,425",,"230,257",257,,30,
YGR092W,"196,197,200,352,359,516,522",,"335,340","85,86,197,200,206,210,211,215,220,342,516,522",,,,,359,,"15,18,37,98,421",51,"5,20,51,53,58,81,83","188,371,381",,,"302,526",302,"311,352"
YGR093W,"108,194,195",,,"22,24,25,259,260,296",,,,,,,"76,421,422,448,475",,"12,14,135,142",,"312,407",272,"108,109,153",109,"108,117,232,296,492,495"
YGR094W,"279,742,744,989",,"178,274,339,342,1045,1069,1075","78,84,245,248,339,342,491,608,729,845,1069","184,1015",,,"96,135,485,491,493,799,922","485,521,688,729,928,955,1031",,"30,191,322,820,952","105,106,109,919,920","73,76,705,707",496,"184,692","19,566","59,69,491,1064",178,"128,493,521,618,928,989"
YGR095C,"64,69","3,222,223",64,64,,,,,,,,"60,75,79",,,"28,202","111,112",,,
YGR097W,"183,184,248,309,356,481,491,648,652,657,1065",,"607,641,999,1041,1091,1092","64,184,190,262,263,277,286,292,352,356,476,484,490,491,716,725",1051,,949,"476,484,652,709","709,1041",120,"239,520,564,717,722,791,792,891,1025,1044,1068,1069,1073,1134,1135,1141","2,6,7,10,14,89,90,91,92,94,177,237,240,241,244,282,468,522,523,524,525,528,529,531,532,535,536,627,841,895,971,972,973,974,975,979,991","299,410,565,566,615,634,893,895,896,991,1020,1021,1023,1095,1097,1098,1101,1146",630,"950,1051",,"302,490,491,648,716","95,110,221,371,422,613,641,716","95,221,652,1065"
YGR099W,"214,401,438,442,460",,"40,54,116,123,378,452,460","116,399,464,559,599",,,,"331,349",460,,"273,310,312","73,291,450","373,413,417,419,537,545",,69,,"116,438,442",,"123,386"
YGR102C,168,,"159,175","116,119,131,137",,,,,65,,134,,,171,,,"116,119,175","35,62,65,168","35,75"
YGR103W,39,,"252,295,351,420,446","24,54,184,251,252,399,400,406,576,577,595,597,600,604,605",,,,"24,342,399,400",,,,"147,152,153,382","330,334,350,354,458","112,237",,435,"24,342,400","285,400,552,555","295,351,514"
YGR104C,"83,279,280",2,,,,,,"68,280",,,"120,123,177,258,269",198,"153,160,179,181,184",,,,,"279,280",97
YGR105W,,3,,69,,,,,,,,,,,,,,,
YGR106C,4,,12,"136,137",,,,,137,,"88,156","3,5",,177,1,,,,"136,137"
YGR108W,"72,160,438,439",,30,159,316,,,"176,461",397,,"40,43,46,86,125,139",76,349,411,"316,383",,"72,350,415","93,100,174,176",176
YGR111W,"81,213,351",,,"327,333",,,,"81,145",,,"364,372,393,394",,,"214,220","98,398","98,107,398","58,81",232,
YGR113W,129,305,307,,,,,,233,,"95,246,247","2,10,13,15,20,23,26,73,232,234,235,292,295,306,314,322",188,,,,"155,156","155,156",129
YGR116W,"288,307,379,430,431,710,715,949,1130,1134,1320",,"229,292,568,576,584,587,591,611,612,616,781,1134,1320,1357,1361,1362,1366,1411","291,293,316,319,504,584,611,715,719,749,819,833,834,1084,1134,1357,1361,1366,1444",755,,,"319,611,612,616,715,719,1134","611,794",,"182,184,338,487,527,628,678,712,893,1197,1377,1441","110,232,1217,1219","28,39,40,134,148,155,206,212","300,394,438,620,943,944,1180,1213",,,"288,319,504,506,710,825,833,834,958",506,"291,307,354,379,691,700,1069,1130,1134,1184,1220"
YGR117C,"242,255,370,383,452",,"112,119,155,158,162,164,168,250","155,158,162,168,250,373,376,446",,,,376,,,"4,102,114,185,217,259",,81,,"260,291",,,115,
YGR118W,"30,31,39,56,78,81,82",17,"56,114","39,62,70,78,81,82,110,114",92,"62,70,78",64,"30,31,78,81,82,114","39,56",19,,"36,61",,,"71,92",92,"30,31",82,"30,31,56,62,78,81,82"
YGR119C,"389,480,529",,"305,529,535,536,538","400,423,471,480,489",,,,471,307,,"140,141,163,212,213,214,302,317,472,539","5,18,19,22,32,35,48,52,72,73,86,90,97,98,100,102,109,115,116,127,128,129,130,142,143,144,145,155,156,184,185,187,188,194,199,200,201,215,417,421","22,155,156,158,184,187",,,,"400,535,536",480,"423,489"
YGR120C,196,,,"144,240",,,,171,,,"37,101,155,250",97,,,208,,,,
YGR122W,"9,10,14,178,181,361",,"14,20,294,317,363,370","9,10,14,181,296,310,311,353,363","36,52,143",,,363,"20,261",,"349,392,393","16,115,116,117",351,"319,343,350",129,,"361,363",,"303,353"
YGR123C,"30,34,74,78,81,179,183,205,446,448",,"108,110,211","26,30,108,110,118,179,183,186,188,211",69,81,,"108,110,134,212,263,446",110,420,"152,189,236,237","5,245",,"320,328",,,"101,110,118,183",110,"78,81,108,110,197,205,318,374"
YGR124W,"128,129,307","485,570",,26,,,,"129,304,307",,,"41,408",251,,209,98,2,"129,397","19,529",
YGR125W,"872,902,967",,"750,817,819,820","700,704,743,750,794",,,,"330,700,708,820",820,,"165,961","152,739,842,845,847","29,37,39,42,101,102,149","139,143,892",,,"700,819,820,869",,700
YGR126W,,,"90,157","108,149,151,157",,,,,,,47,"123,127,161","22,60,77,78,79,84,87,129",,,,,46,
YGR127W,"110,120,138,275",,"48,53,67,75,168,182","182,303,306,309",,,,"67,138,296",53,,"81,82,234",,"289,290,298,300,301",241,154,,111,"138,309,311",
YGR128C,"179,434",,"62,168,170,172,174,378,414","168,170,172,174,179,387,596,600,601","78,347",,,"283,286",434,,"21,41,42,126,130,225,420,421,657,695","5,107,385,386","94,95,148,249,256,257,356",,234,"234,558","286,434","434,484,486,493,596","283,601"
YGR129W,"102,107,151",,"145,148,151","26,148,151,173,187,199,201,206",,,,151,,92,118,"21,24,114,170","45,119,124,125,208",,,,"145,201","145,163","86,159,163,199"
YGR130C,"104,285,312,313,361,549",,"79,91,95,104,107,252","48,50,79,104,107,110,135,137,140,143,144,147,153,252,419,430,446,450,651",,,,79,"410,412",,"557,560,794","20,21,82,84,86,87,299,381,384,385,386,387,390,791","119,194,195,196,325,328,329,337,338,339,342,721,769","36,805,807",,,"76,95,380,410,412,419,424,651","534,644,764",48
YGR132C,"33,130,199,204,232",,"74,85,151","74,76",,,,"154,188",76,,255,77,"212,277",,,,,"48,166","154,204"
YGR134W,"129,747,1047,1094,1100,1103",1118,"39,100,1035,1039,1047,1103","100,1028,1034,1035,1039,1047",,,,"5,211,1039",,,"56,61,108,109,172,235,241,315,409,410,490,674,776","685,750,877","492,721",183,"195,545",,"211,1039","529,747","211,1055,1103"
YGR135W,"100,241,247",,"72,236","72,195,199,218,228,236",,,,,195,18,"156,168","116,196",245,"146,226",,,"236,241","246,247","51,100,231,241,246,247"
YGR136W,"85,214,219",,"75,79,85,108,219","75,85",,,"136,140,174",11,214,,,"119,207","95,116,119",,,,,,219
YGR138C,"463,469",612,"41,44,49","44,605",,,,,,599,"14,113,118","35,45,50,57,58,105,107,349","2,6,9,15,100,119,611",,,,,356,
YGR140W,"240,253,354,398,404,405,636,642",,"124,233,253,672,767","149,156,243,404,405,410,606,633,634,636,642,767,774,806,812",,,,,636,,"171,174,175,177,225,314,526,529,663,875,879","414,415,417,418,635,770","263,328,330,337,411,664,678","706,837",,"349,870","422,696,767,891","118,206,652,767","124,732"
YGR143W,"115,341",,"120,368","368,373",721,,,674,,"186,545","168,213,337,426,513,590,615,743","196,338,340,771","7,27,28,32,35,36,37,103,124,125,176,330,333,334,335,336,339","261,635",,,"115,120,283",,
YGR145W,"4,92,128,139,169,177,266,288,294,298,385,463,475,501,510,518",,"366,384,467,471","31,266,294,384,385,471,475,510,565,656,658,659",,,,"38,169,217,294,298,424,475",656,"95,121,302","20,88,333,387,457",235,"19,122,524,529,634,637,671,672",,71,,"169,177,217,266,275,276,424,507,510","366,510","298,501"
YGR148C,,"3,53","129,140","91,97,127,129,137,140,144,149",,,,"35,61",,,,86,"7,75,83,86",,,,"12,27,35,69,70,91",2,
YGR150C,"42,50,52,62,281,473,532,601,602,758,775,849",,"81,116,415","42,116,260,278,425,482,548,551,553,853","225,358",,,"475,525",,168,"102,104,119,189,322,817",106,"127,590,591,592",626,,14,"62,475,775","272,621","62,246,250,347"
YGR152C,"5,137",7,"209,213,235",176,,,34,,42,,"180,217,249","17,31,35,39,186,190,192,193,197,198",35,40,,269,,,
YGR155W,"27,112,117,206,209,273,375,381,471",,"107,112,117,206,214,235,242,359,375,381,385,435,437,442,443,460,471","31,36,235,335,336,352,375,385,435,437,442,443,460,461,462,465,471,481",,,,"27,28,31,117,273,437,443","147,370,394,409",,"232,234,366,427,482","73,100,197,200,202,356,357,358,379,415,484,488",,,301,,"27,28,31,53,209,335,336","31,242,269,465,471","442,443"
YGR156W,"50,52",,"89,188,219,256","50,52,112,173,219,256",,,,"50,52,173",256,,"152,192,269,270,359,373",69,"276,279,285",,,,"50,52,59,173","50,52","89,382"
YGR157W,"5,36,128,586,813",,"242,577,579,586,719,741,810,813","54,705,746,805,810,813,820,828","4,119",,,"54,810",,,"32,138,463,468,469,788","2,6,7,9,834","318,323,325,327,338","200,342","119,655",4,"168,741,810",658,
YGR158C,30,3,,,244,,,31,,84,"22,40,55,57,126,197","23,75",,,,,,159,
YGR159C,"157,224,257,323",,,"3,6,8,11,12,232,256",241,,,,323,"353,357,362,366,370,375,379,382,386","218,273","263,295,300,304,316","143,405,409","213,312,332",241,,219,"142,160,185,186","224,289"
YGR161C,263,,"189,249,255",15,,,,,263,,"175,239","188,192,195,196,202","64,110,111,147,167,168",240,,,"91,98",255,
YGR162W,"139,603",,"445,844","139,147,591,597,611,831,837,839,844,850,856,857",,,,139,878,"68,72,82,488,491","44,89,92,189,490,500,501,510,634","53,492,495,502,545,575,588,618,905,908,934","128,163,194,195,200,205,276,778,780",,,,"445,463,467,597,603,675","240,266,273,286,290,296,347,372,442,444,445,566,844,927","273,609"
YGR163W,,341,"204,255",,,,,319,334,,"271,299","23,24","2,256,257",,,,"134,204",,134
YGR165W,"40,55,313,316,338","314,317,343","11,130,174,313,316","48,49,55,65,104,130,174,329",,,,"41,55,68,313,316",,,229,"2,6,9,16,17,20,22,239,242","150,231","296,321",,,"55,105,130,206,313,316",,"55,123"
YGR166W,"174,413",557,"166,245,300","238,245,246,411,413,423",,,,"245,246,411,413",342,,"362,435,448,449,452","69,70,156,162,236,237,240,333,334,348,349,350,351,352,355,356,389,390,393,398,399,400,401","344,349,350,351,352,398,479,482","531,532",,,,223,
YGR167W,144,,,"144,225",,,,,,,"107,191",,2,158,,,"29,135,138,143,144,165,181",138,
YGR170W,"189,634,635,747,830,839,965,1073",,"132,181,189,191,778,823,824,847,891,912,1073,1088,1104,1115","55,189,191,635,639,778,823,824,830,838,839,847,917,920,924,925,1093",902,,713,"57,753,818,830,839,880,1133","298,764",,"64,126,128,134,285,342,469,679,938,939,1063,1119","96,107,136,138,142,152,154,155,156,157,159,160,161,728,911,1110","273,274,290,427,433,448,574,1082,1106,1108","206,400,973,974","715,863,959","37,41","189,215","729,925,1099","189,198,410"
YGR171C,"84,159,304,407,544,548,561",,"149,152,155,159,194,204,210,283","159,416,448,553,560,561",68,,,"283,407",,,"51,99,267,447","59,483",,,"68,337","403,404","186,187",,"79,84,159,304,407"
YGR172C,,,,,,,,89,,,"107,149,156,157,164,194,195",,,,,,,,
YGR173W,"6,8,82,331","134,303","189,300",299,,"19,21",,31,262,"130,132","199,292,315,316","317,318","191,193,194,318",,,"245,323","6,8,31,175,181,183,244",,"19,21,162,206,331,333,335"
YGR175C,"179,197,284,289,414,418",,"106,111,114,120,311","120,125,135","32,272,331",,,"40,42,43,189,418",,,"156,159,166",308,302,,331,331,"116,179,189,217,418","111,114,116,385","179,182,197,284,289"
YGR177C,"135,136",,252,"135,136,140,252",,,,"243,344",,452,"42,292,296",,"89,90",,"168,321,494","168,321,494","243,304,314",,"240,243"
YGR178C,"243,433,484,492,498",,"393,409,416,424,428,433,445,530","140,380,505",,,,"243,395","229,393,395",,"33,34,692,715","353,354,355,414,420,466","350,351,353,354,355,378,411,436,446,448,451,453,456,468,469,651,716,717",24,,,"207,243",140,"140,243"
YGR179C,"95,213,290,294,368,371",,"62,350","103,132,216,217,280,284,294,341,350,365,366",,,,294,,,"14,327",343,"30,70,117,329",,,276,294,,"290,294"
YGR180C,"203,204,245,312,318,319",,"79,158,160,318,319,325","73,79,149,319",,,,241,"143,241,266",166,103,259,,"175,223,294",228,,"9,23,50,73,143,149",337,"50,51,149,312,318,319"
YGR183C,8,,,,,,,,,,,,,7,,,,53,
YGR184C,"264,446,929,1008,1010,1029,1083,1182,1281,1525,1529,1532,1782","1391,1766","705,709,711,717,911,974,1008,1083,1525,1529,1532","128,705,709,711,929,974,982,1008,1010,1083,1152,1153,1182,1189,1192,1393,1525,1538",785,,1321,"519,1008,1029,1393,1525,1529,1532,1627,1679",1627,1773,"310,322,407,428,586,732,1283,1328,1599,1738","204,260,774,1163,1499,1676","294,296,300,622,624,713,948,1833,1938","442,874","802,1096",576,"441,446,982,1029,1529,1782","276,305","653,776,1525,1529,1679,1782"
YGR185C,"244,249,303,362,364",,"150,158,362","120,244,248,249,303,309,353,368,370,372,375,381,388",,,,"99,150",393,,,,"318,359,363",,,71,"150,158,209,210,303,353",316,"236,362,388,393"
YGR186W,"108,289,293,340,341,614,621,624,719",,"289,391,614,621,628","400,415,416,536,537,541,567,595,596,621,624,712,719,720,724",,,,"333,391,394,695,712,719,720",,10,"39,42,191,192,216,257,647,648","2,9,202,435,646","43,45,176,179,515,542,549,550,560,562,571,579,581,583,585,652,655",98,,,"293,628,681,712","89,91,446,498,574,575,604,614,719,720","340,341"
YGR187C,"150,250,253",393,,"144,150,154,173,176,250",,,,,,,"74,133",,"14,378",,,,,"176,253",250
YGR188C,"131,307,399,441",,"16,299,652","23,30,136,290,291,299,307,367,368,692,699,700,950",,,,"299,370,634,675,692,699,700,892","131,888",,"37,275,447,495,527,538,764","230,384,392,443,445,446,449,541","8,79,183,185,293,537,539,540,541","306,533",706,,"136,391,399","236,733,845",307
YGR189C,51,,"69,239,240",239,,,,239,,,"95,155,179","131,292,293,295,296,297,299,300,301,303,304,305,307,308,309,311,312,313,315,316,317,319,320,321,353,354,355,356,357,359,360,391","377,378,379,411,445,446,447,448",243,,,,,239
YGR191W,,417,52,,,,2,,,,"82,83,85,350,554","50,51","22,23,50,51,54",,,603,,,
YGR192C,"46,63,108,143,160,184,213,217,225,257,258,261,307,331","2,4,186,326,329","115,116,143,213,217,249,257,258,261,304","63,70,71,192,217,249,257,258,261,269","150,154",225,,"71,108,184,192,213,217","46,137,213,217,225","195,198",147,"120,123,124,125,207,209,235","178,180,182,185,190,302,310",54,"150,154","150,154","63,70,71,101,108,137,192,213,217,246,249,257,258,261,331","184,269","46,63,70,71,115,116,143,160,184,213,217,225,246,249,261,267,269"
YGR193C,"12,85,88,91,220,226,227",56,"12,134,135,187,212,226,227,242,244,252","134,135,157,190,212,220,226,227,396,398",,,,"12,46,53,55,150,227,258","226,280",325,"181,182,382","3,6,9,10,152,222","36,41,152,154,158,320,329",330,,21,"88,91,190,256,258",203,"203,227"
YGR194C,"415,419,426,508,514,515",,"415,560,588","43,94,99,415,419,440,445,508,515,524","231,291,305,455",,,"426,495,508,514,515,524",242,,357,"4,10,14,587,593","179,394,396,397,464,466","66,201","166,291",278,"495,514,515,524","129,132,415,481","192,284,379,588"
YGR195W,110,,83,"54,57",,,,54,,3,"73,77",,"63,82,87",,,,"54,192,238",83,54
YGR196C,"463,469,534,551,564,574,749,814,815,816",6,"48,50,94,125,142,143,251,434,525,534,749,751,776,777","50,574,701,711,751,804,806",,,,50,,,"61,83,300,394,493,496,612,613,617,645,655,671,740,788,790","303,464,542,572,664,666,811","29,36,41,52,56,126,130,132,134,137,139,174,180,237,243,301,302,303,304,338,340,372,377,378,396,406,416,436,440,441,451,452,454,458,464,504,507,664,666,669",98,,,"142,143,668,751,814,815","564,725,777",
YGR197C,505,,,142,,,,"185,270",,,"153,178,190,216,235,283,476","527,531",,"12,33,271,272",,,,,270
YGR198W,"244,254,283,284,286,664,666,741,794,799,802",,"329,377,433,666,738","233,234,244,254,656,664,666",,,9,"254,349,664,734,735,741",15,,"129,130,318,421,430,437,456,457,464,557,562,563,671,746","4,305,545","131,133,136,320,331,743","153,676,728","66,800",103,"254,286,652,656,794","681,689","254,512,681"
YGR199W,"5,285",455,425,5,,,,,410,,"30,156,481","347,350","7,10,11,14,32",,,,,106,
YGR200C,"613,647,650,686",,"27,28,36","49,249,250,469","4,64,444,577",,,"147,148,257,260,619,647,650",,,,"18,223,225,327,328,332,333","244,248,523,575,776",152,"155,222,375,577",155,87,"250,647","56,206,460"
YGR204W,"220,225,252,256,475,696,717,805,865",424,"358,362,662,726","119,252","257,612,875",,,"9,251,252,558",860,"45,585","157,186,559,646,831","165,379,382,894","274,318,322",,875,875,"9,362,475","305,509,726,890","374,752,865"
YGR205W,"91,285",,91,"88,91,285",,,,234,,"96,247",,,,282,,"2,288",88,,"130,133,137,234,285"
YGR206W,"20,69,70",,,"20,69",,,,70,,,56,,"43,91,94,96,101",,,,20,83,
YGR207C,"60,99,109,112,212",258,"22,212,229,237","60,109,117,212",91,,,"4,14,27,229","254,256,259",,"26,59,135,136",,240,,"91,134",91,"22,112,118,237,239",,"14,109,112"
YGR208W,"17,159,221,285",,66,"33,41,42,64,91","231,284",,,64,"25,64",,38,31,"68,288",,8,"8,172,284","25,33",232,"136,166"
YGR209C,"80,83",104,,,,,,"80,83",97,,,,29,,,,"6,80,83,97",,"35,83"
YGR210C,"80,190,241,245,291,358",,"12,126,190,245,250",196,,,,245,"154,296",,"238,346",389,389,181,,,"196,229,237,245","245,266",
YGR211W,"102,109,174,175,184,315","226,485",,"174,175,182,184,427","302,351",,461,330,,,,,"167,481",173,"112,128,189,302",,"174,175,330,429","5,109,122,363,484","109,166"
YGR214W,"52,56",250,,,,,97,,134,179,,,"103,106,108,220",,162,162,,229,"52,56,116"
YGR215W,"83,84",3,40,96,,,,60,,,,"26,30,32",,,,,33,40,
YGR216C,,,530,"599,603",75,,,"60,243",243,572,"115,215",109,109,116,75,"75,431",,603,
YGR217W,"399,420,430,472,1019,1055,1089,1790,1933","91,1173","44,129,725,734,752,1093,1490,1790,1791,1861","78,194,420,726,727,1088,1093,1179,1497,1503,1861,1868,1870",,,,"617,632,757,1933","725,727",487,"257,269,379,559,754,882,900,954,968,1153,1240,1302,1433,1687,1732","7,9,117,464,465,467,468,469,794,795,1176,1181,1439,1442","7,9,16,94,95,100,105,108,110,122,146,148,149,213,244,247,259,261,2032","134,622","642,1318,1369",,"519,725,727,757,1005,1055,1088,1089,1196,1861","209,212,1005,1055,1079,1093,1958","413,526,726"
YGR218W,"188,417,763,764,768,861,1078",,"117,272,298,545","32,117,178,263,541,542,545,548,776",814,,,80,"785,970,1078",778,,"76,244,632",751,420,,,"272,548,1078",,"32,1078"
YGR220C,"14,156,175,249,261,267",171,"143,173,256,267","57,65,66,256,261",59,"173,175,219","216,221","65,66,74,134,161,175",,,43,"2,170",2,165,,,"65,66,175,187,238",143,"74,129,161,173,249"
YGR222W,"16,236",,65,"6,9,16,78,263",,,,"49,50",,,197,144,,277,,,"78,79",,
YGR224W,19,,"43,541,542",545,,,,"375,501,607",,,"45,53,408,468,469",,502,272,,,501,501,542
YGR229C,"213,349",,368,"211,213,360",,,,213,,,109,"193,350,354,355","31,79,345",,,,,"402,405,429,436,442",368
YGR231C,"21,114,233",31,"103,176,279","13,17,21,269,279",,,"32,34",,260,28,"120,166",,,265,,,13,,"13,17,21,250"
YGR232W,221,228,207,"97,102,172",,,,,"221,222",,,,,,110,,,97,"25,221"
YGR233C,"121,415,820,1087",,"107,111,870,928,939,944","25,32,107,111,121,128,129,132,145,154,297,410,415,505,553,710,711,715,717,820,928,931,939,1077,1087","515,1085",145,,"32,132",2,,"144,321,540,554,901","497,502,503,736,745,746,821,822","257,258,259,409,412,502,503,661,663,664,665,670,762,1006","140,877",1085,1085,"25,32,121,410,944",,"145,415,922,928,931,1087,1129"
YGR234W,"91,253","397,399","172,253",217,328,,,"5,247,352","138,139,333",,"44,47","13,59,215","395,396","203,387",,,107,"84,91,225",
YGR235C,"219,225","87,230,232","90,219,225","37,40",,,,,,7,226,,"106,199,200","206,207",,,225,,"211,233"
YGR237C,"9,151,154,233,379,386,388,664",783,"650,747,752,753,781","145,253,328,330,386,388,615",,,,,,,"30,275,285,359,463","8,89,90,91,92,93,123,136,137,465,467,706,708,712,715,716,717,718","6,73,80,81,87,90,91,92,104,111,117,119,127,132,136,137,215,220,222,239,398,400,418,421,539,575,580,582,585,587,588,638,642,699,700,706,708,715,716,717,718,719,720","476,592,630",,,"543,600","5,9,260,379,522,543",154
YGR238C,"5,296,648,701,717,729,746,753,771,791,812",2,"70,77,515,518,704,724","9,70,79,515,546,606,771,784,790,865",,,,"5,518,519,704",,,"35,36,259,282,693",714,"363,455,542,714,785,798",876,,,"166,352,519,583,592,596,704,717,851,858,865,872,873,874","371,818","130,278,729"
YGR239C,"32,208,279",,"29,251,252",,140,,,,,,"22,56,59,81,82,122,242","222,244,245","3,123,124,221,222,224,225,226,229",,,140,"29,284",251,"279,284"
YGR240C,"24,132,135,139,253,256,257,337,555,625,792,793,847,880,883,901,906,913","352,766","132,135,139,546,555,792,974","45,89,132,135,337,555,792,793",,,,"207,546,555,793,883,901,906",555,491,"114,153,154,162,448,449,664,745,930,945","50,87,201,545,605,722,724,843","53,54,56,57,60,143,518,521,523",,,,"24,25,555,807,869,906","256,793,807","793,987"
YGR241C,"114,249",,,"97,249,448",,,,,249,,"131,351","6,13,30,33,93,95,99,284,285,288,289,290,292","144,275,284,456",,117,,,,
YGR244C,"66,72,76,86,121,128,182,183,190,198,202,216,268,286,287,294,296",,"76,198,286,403,407","76,121,182,183,190,216,284,286,287,296,393",,,,"66,67,72,76,86,190,202,286,287","287,419,420","84,153","261,402",276,"207,392","93,288",251,,"67,286,287,393,420","157,286,287,393,407","72,190,223,255,268,287,296,403"
YGR245C,"311,314,315,316,317,318,542,544,685",,476,"22,298,304,305,311,314,315,316,317,354,356,471,474,476,514,515,518,521,661,687,696,706",208,,,"396,476,696,729",,4,"67,76,201,329","639,719,720,721","551,603,605,610",,,"100,411",,304,"121,649"
YGR246C,"166,200,269,517",3,"26,194,269,517,574,579","200,263,266,269,274,403,405,406,408,410,574,579",7,,,269,,,418,"271,375,529,535","242,381,384,529",588,,7,200,504,
YGR248W,"19,92,93",,129,183,"203,255",,,212,,77,116,,,,255,255,"19,24,92,93",24,
YGR250C,"181,230,232,317,324,325,387",,"324,491,570,578,711","181,324,325,678,679,711",163,,"743,744,746,750","42,181,580",324,"506,509,512","95,96,262,364,368,369,454,455,470,472,476,641,688,764","485,606,609","14,19,23,45,133,347,501,503,585,588,589,590,643,644,645,766,773,774,778",,252,"163,252","157,325","38,42,171,491","230,232,381"
YGR252W,"22,51,53,56,126,130,133,168,228",2,207,"126,130,133,388",177,,,,"53,99",,410,,435,,"177,252",177,"87,126,223","25,99,380",121
YGR253C,"170,211,229,235",,52,,76,,,235,,"5,10,20",,,"56,61,63,174,176,251","8,26","76,221",117,"229,235",,"43,211,235"
YGR254W,"5,60,132,255,258,264,270,288,329,337,338","11,114","132,139,141,199,200,258,264,272,329,338,346,358","60,79,85,88,270,272,337,338",,397,,"60,126,195,243,258,264,272,337,338","28,139,258",185,102,"4,10,19,25,119,138,140","37,40,41,159,205,393,398",12,248,,"5,28,60,67,79,85,88,103,105,126,132,139,255,258,264,270,272,337,346,397,409,436","132,258","5,28,60,103,105,126,132,255,258,264,288,338,346"
YGR255C,"21,53,56,166",6,"47,166,467","21,56",,,,"21,357","313,479",216,"259,458","19,22,23,392","205,303",115,,,319,,"21,56"
YGR256W,"249,254,312",5,"52,215","69,249,254,262",463,"185,262",,"40,52,312",223,,"35,477,484",,,,172,,"40,254,312",,"249,254"
YGR257C,,,"13,111,183,185,194,197","183,194,214",,,,,,,"5,8,97,103,207,302,303,310","2,6,7,9,11,119,120,126,188",2,,,,,,
YGR260W,,,"466,468",,,,,526,440,,48,,,,,,286,283,"283,286"
YGR261C,"238,338,481,685,689,742,743",2,"386,692,742","96,98,742,743",,,,380,413,,"89,93,114,404,407,462,536","10,27,28,498,615,639,693,695,696,698,701,704,707,709","269,273,276,695,696,698,773,774,803,804,805",,"277,526",,"16,29,380,413",206,564
YGR262C,,,,"57,235,238,239,241,245",,,,,195,,75,32,"69,258",53,,,"212,216",,
YGR263C,"307,340",317,"219,273,274","149,340,366",,,,,,,"85,283,401,405",354,134,"13,14",,101,,"10,220","10,220"
YGR264C,"107,175,603,607,608,701,737","207,532,534,751","12,142,175,183,185,399,408,411,419,596,603,607,608,669","158,159,603,608",340,,,"267,270,411,608,701","34,603,698,709,737",,"405,463,506,514,574,575","243,414,416,664","166,167,373,379,661,664,666",,"265,340",321,"37,419,596,701",,"192,441,443,603,745"
YGR266W,"97,170,209,256,262,341,696",,"209,262,621","580,587",270,,,"256,333,341","51,616",464,"290,667,670,699",226,27,472,,270,"321,436","202,295","170,331,333"
YGR267C,"90,97","31,41",151,"151,152",132,,,"151,152,158",,,,"62,214,215,216,219","15,22,23,26",25,220,,"151,158","55,152",
YGR270W,"153,491,589,651,927,931,938,1062,1156,1251",,"194,197,926,927,931","43,491,619,658,660,662,671,672,778,899,902,931,958,966,982,1156,1359,1361,1366","471,630,870",,,"672,1066,1305,1361,1366","672,693","3,6,8,9,307,308,310","443,904,1265,1340","36,37,38,40,212,458,461,631,657,664,677,680,681,918,940,941,1178,1180,1290,1362","11,17,36,37,72,94,125,192,193,207,212,227,229,230,259,283,285,367,369,370,380,603,722,723,735,751,1240,1262,1301,1378",1196,1333,,"385,484,508,662,1318,1359","28,530,593,1027,1156,1197,1198","589,593,651,1197,1198"
YGR271C-A,,,"80,81,103","76,80,102,103,105,112",,"80,81",,,"3,7",,,"49,50","9,14,15,19,211,213","137,141",,,112,"44,188",185
YGR271W,"90,135,365,368,369,403,420,422,524,574,612,642,769,1186,1187,1208,1216,1294,1364",,"90,92,193,199,202,262,572,983,1216","44,45,48,99,103,193,369,410,514,547,612,615,642,650,651,849,931,983,990,1207,1208,1847","309,1393,1854,1920",,567,"211,368,369,547,572,574,612,615,651,769,1207,1524,1525",524,,"678,809,1108","400,610,1239,1556,1558,1689","61,247,510,513,1162,1164,1692,1695,1696,1698","1669,1757","309,684,861,930,1092,1393,1854","309,638,684,945,1854","368,612,615,650,651,1208","48,369,1357,1864","99,403,524,615,982,1364,1486,1828"
YGR274C,"9,218,220,223,226,314,337,446,838,1025","593,815,918","210,359,457,507,674,785,833","210,218,220,254,262,452,524,527,559,572,582,674,743,948",821,,,"211,245,246,256,507,572,948",965,,"287,431,440,443,694,795,799,802,846,847,899,902,1014,1033","286,361,463,558,830,831,1058","461,463,478,848,1011,1064","277,859",1053,,"9,262,572,739,946,948,952","246,359,957,965","9,320,359,572,733,743,976"
YGR275W,"12,22,61",,"9,12",61,,,,"9,12,55,102",,,,"5,36,98,99",77,"15,16",,,12,"85,155",85
YGR277C,"186,187",305,,"186,187,189",179,,303,,,,250,"244,292,293","293,295,297,299",,"35,179,224,235",179,,291,
YGR278W,168,,,"300,322,323,331,520",245,,,"314,316",,,"31,265,266,362,368,441,564","2,3,5,187,332,338,340","443,538,540,543,568",111,413,,,12,67
YGR280C,"35,39",,"114,139,224,226,250","9,114,175,176,178,181,182,184,185,187,189,191,192,194,195,198,199,201,202,217,226",,,,,,7,"23,52","19,22,47,53,54,59,147,216,219","54,159,227,228,230,232",,,,61,,35
YGR281W,"189,204,412,552,556,563,605,879,886,1331",5,"17,26,39,74,84,868,1198","282,556,581,588,605,1238,1242,1331,1341",752,,1203,"189,678,1331,1338",412,,"16,295,298,661,759,799,1345,1366,1475","569,574,576,577,599,851","2,4,10,24,28,30,31,576,577","164,833","654,752,1246",1246,"143,412,1331","519,527,556,598,644,868,1289,1331","402,412,605,1231"
YGR282C,"116,235",,"31,78,87,116,133,138,270",,45,,,"18,235",,,179,"262,263","109,114,122,134,136",,,,133,,
YGR283C,"11,18,19,214,216,254,261",,"18,204,257,261,267,269,270","28,91,204,214,216",,"19,21",,"84,204,216",216,,146,"194,198,201","9,208",,,,"204,214,216,261","4,6,11,84,87,261","254,261"
YGR284C,"65,67,201",,184,199,,,,201,308,,"33,165,183,264,269,270,283","23,35,36",,22,,,201,201,44
YGR285C,"94,160,200,201,408","25,29,433","274,363,399,401,408,416,423","126,274,416,423",167,"122,126",,"201,274,399,401,412",,,"16,46,333","112,156,206","18,48,50,361",185,167,,"160,363,408,412,416","287,290",160
YGR286C,"18,167",,"18,26,104","18,129,290",,,,191,"159,188,191,276,290",,"112,137,259","10,11,204,205",,62,"89,103,106,176,236",,226,371,
YGR295C,"7,108,219,225",,"18,24,167,172","18,24,166,167,172,174,177,322,323",,,,"101,166,216,219",,,,111,"100,354,359",,107,,"166,167","7,10,166,216",205
YHL001W,"31,50,101,102",,"83,93","43,50",,,,"43,102",,109,,"80,82",69,,91,,"8,42,43,50,83,84,101,102",,"43,50,101,102"
YHL002W,"19,115,279",,14,"14,115",,,"446,447,448","14,138,140",122,,"88,154,161","174,427","156,157,162,379",270,,,"14,19,115,183","36,122,140",
YHL003C,"17,27",,51,"7,52,55,62,63",,,,"55,205",,,163,215,"2,3,5,8,18,23,24,393,395,397,400,406",126,,236,7,,
YHL004W,"166,172",,172,"59,74,75,105,110,230,234,264",,,,,,"382,387","152,182,223,282","27,28,116","14,20,27,28,30,35,307,311",,,,"264,265",316,"74,75,166,172"
YHL011C,"7,33,267,282",,178,33,"218,273",,,"178,284,285","178,284",186,"78,264,265",171,39,,273,,"7,23,267",,"23,178,267"
YHL013C,"137,165,195",,,"22,25,35,44,49,194,195",,,,168,287,,,,"303,307",,280,,"165,292",60,
YHL014C,"216,357",,380,"164,380",,,,376,,,290,67,96,,,"56,319",402,397,"212,216"
YHL015W,"61,69,77,88",,"52,69","30,32,43,52,53",,,,,,,36,60,,,,,"6,8,43,52,53,77,101","61,64","64,69"
YHL017W,506,,133,,,,,"152,349",,,"132,233,335,438",,89,59,13,,,,19
YHL018W,,,,17,,,,,,,35,43,98,,,,,,
YHL019C,"71,288,318,414,442,447",605,"18,133,139,427,594","18,184,186,187,196,198,200,318,388,396,401,442,447",304,,,"18,288,293",207,,"25,226,329,423,461","422,424,425,426","146,352,482,485,486,490",601,"302,304,379",,"388,594","388,577",18
YHL020C,"227,234",,"125,128,218,394,403","112,119,121,125,128,137,147,156,166",,,,137,,,209,51,"34,38,273,319,321",,,,174,218,
YHL021C,"315,321,465",,"137,206","149,451,455,460","63,345,417,418",,,,,,,"4,10,17,18,19,22,24,25,28,267,377,378","25,431","298,339","63,345","63,417,418","39,108,451,453,455","137,171,175,381",
YHL023C,"472,528,594,607,1104,1130,1131,1138",128,"65,73,85,266,273,277,283,284,310,446,466,467,472,482,483,594,607","260,266,275,472,605,979,1130,1131",,,,311,,"600,669","81,101,102,241,291,294,714,716,732,880,1036","58,69,71,72,74,76,92,94,110,133,139,458,512,865,866","74,76,83,86,89,110,306,308,309,312,314,315,316,326,327,331,335,474,1038",,,,65,"1121,1130",607
YHL025W,133,"3,330",109,"13,162,168",,,,,,,,"67,279,280,289,291","165,170",20,,,"171,216",148,
YHL027W,"195,506,523","2,625","242,257,259","37,47,219,220,222,229,449","317,497",222,,"178,619,622",,57,"9,12,27,33,347,369,374,385","81,112,467,495","46,50,76,79,80,81,83,280,285,286,287,312,318,329,553,586","328,483",60,535,,"195,523",
YHL029C,"127,128,188",,"526,529","594,602",654,,,18,,,"74,271,278,282,284,631","29,30,139,140,141,145,146,632,633","102,108,286,532,535,616,617,625,629,630,632",,,,"18,127,128,423,602","347,547","18,128,602"
YHL030W,"371,433,691,772,926,1033,1221,1224,1263,1314,1464,1483,1653,1706",,"482,575,691,768,772,922,1033,1037,1253,1263,1269,1271,1483,1709","9,11,16,235,486,491,853,854,962,1134,1140,1141,1246,1253,1314,1395,1464,1566","958,990,1189",,,"85,926,1429,1464,1468,1709","1269,1864",999,"128,274,327,564,565,569,885,897,902,946,1580,1741,1742","197,202,206,570,571,573,576,577,628,899,1017,1471,1477,1478","2,4,5,411,494,614,622,1043,1571,1687,1689,1692,1699,1700,1793,1794,1838",425,"990,1813",,"284,1033,1237,1822",1709,"1028,1314"
YHL031C,"44,45,48",,,"13,45,48",,,,48,,163,"122,140","2,3,9,34,35,36,157",,,,,"45,48",179,48
YHL032C,"28,234,361,420,636",,"84,86,398",636,274,,,"114,398","321,546",,"223,237,308","96,97,103,257,304,307","96,97,103,449,610,669,671","45,278","155,261,383,613",155,"636,681","28,128,131,695","28,128,300,636"
YHL033C,"5,6,32,96,128,133,146,149,172,213,225,230,231",7,"6,15","213,225",,51,53,"5,6,15,122,147,149,172","5,6,15,43,230,241",84,45,"16,22,29,30",,"49,177",,,"15,92,96,111,146,147,149,193,225","181,193","92,96,146,147,149,172,181,183,225,230,231"
YHL034C,"115,175",,"83,185","99,105,108,196,199,260",,,,260,"253,258","116,118,141,145,149,153,165",,"230,231,242","31,119",189,,,"92,99","83,196,199","258,260"
YHL036W,517,,"286,290",,,,,,,,,32,,,,,,,517
YHL038C,"235,296,463,521",,"95,96,349,546,607,613,615","92,95,168,305,350,546,547",241,,,"168,264","43,44,235","162,173","29,46,60,484","120,238","294,354,356,610",,"241,309",241,"546,547",127,"83,264"
YHL047C,"259,590,600,611,615",,"46,55","46,49,55,61,62",,,,"62,615",348,,"8,186,222,488",547,"35,36",,,,,590,"259,265"
YHR001W,"126,292,301,351,375,423,430,431,436",124,"276,297,300","182,184,211,297,300,301,431",62,,,"5,77,126,211,214",271,406,"14,188",,"11,18,19","223,326,388",62,62,375,,
YHR001W-A,58,,,58,,,,,,,,,,,,,57,,
YHR003C,,,"147,367","139,307,327,367",263,,,155,"71,73",,"3,4,37,39,108","144,209,362","259,339,359,362,365,366",188,"34,263",,"147,155,316",,307
YHR005C,"43,62,118,398",5,,"118,209,246,253,316,396,398,404","105,288",,,"59,62,118,125,256,299,404,435,467",,,"131,173,197,198,431","4,52,449",30,144,"105,288","3,105,288",178,,"43,54,243,314,316"
YHR006W,"46,534,535",,"87,179","37,180,330,333,534","93,289",,,"534,535",,,"429,472,495","7,8,9,172,327,379,400,403,469,471,474","5,171,172,175,282,287,347,349,426,455,459",442,"93,309",289,,378,378
YHR007C,"164,289,294,298,523",441,,"155,182,298",,,,"155,215,389",136,,"290,367","457,458,500",,,,142,"164,220,274","155,289","164,220"
YHR008C,208,,"12,13,27,150,213","145,150",,,,,4,,165,"5,11,21",,,,,"4,222",,
YHR009C,365,300,"142,150,365",265,"289,352,402",,,"16,350",,307,157,"18,110,112,192,355,363","94,159,162,163,165,166,200,202,204,206,210,212,306,422",125,"289,352",352,,283,316
YHR010W,"3,6,9,21,22,27,69,73,116","12,13,14","55,56,60,61,64,67,69",,,69,,"6,9,27,34",133,,,54,,"77,85",,,"111,115,116,126",,"6,9,21,22"
YHR011W,"84,116,117,123,356,397",,"84,85,87,89,115,116,117","24,25,85,87,89,115,116,117,123,275,292,295,389","378,435",,,"77,117,274,275,295",67,366,"175,377,405","8,10,124,128,374",,93,"378,435",211,"101,355,356","165,218,219","77,368,397"
YHR012W,,,"21,31","21,23,24",,,,"23,24",,,"40,56,57,186","108,207","205,207,212,238,240,247",,,"103,104,154",,,"24,209"
YHR013C,,238,,192,,,,,,,203,9,57,"181,188",,,,"99,195",
YHR015W,"55,73,119,132,195,347,388,390","384,659","39,60,62,67,69,93,97,102,106,109,160,255,256,313,433,646","36,39,60,62,67,69,73,74,93,132,141,160,347,366,367,370,401,407,587,646",371,,,"39,93,97,162,313,318,347,390,400,403,604",62,,"3,7,10,79,173,373,379,441,635","540,654,658",136,156,"231,269,371,450",,"55,60,62,160,162","109,189,318","55,109,256,318,568,604"
YHR016C,"17,20,431,432",467,"20,199,394",,,,,"20,44,47,158,160",,"271,365,371","127,187,217,226,241,351,402","10,62,138,345,360,407","267,268,274,277,279,374,468",373,,,47,,47
YHR018C,"7,71,78,187,448,453",108,"33,36,453","36,43,51,71,290,418",,382,,"7,448,453",36,,"25,131","14,17","199,302","32,35",,,"36,418",,"36,43,107,418,453"
YHR019C,"65,66,76,77,259","128,132","65,127,133,190","65,66,69,108,127,391",,69,554,"127,391",,457,104,"27,101,106,119,124,465,467","101,271",,517,"517,542","45,50,65,66,108","50,195,412,496","118,195,391,451,456,513"
YHR020W,"15,25,75,260,262,314,327","275,509","25,30,32,35,240,437,507,508,548,611,612","30,75,130,140,238,384,386,507,508,586,587,589",657,,,"75,485,486,508,589",,"309,323","59,93,118,418,424,557","411,412","36,38",,"11,396,657,682","657,682","485,486,533,544,548",,"25,303,327,526,533,544"
YHR021C,,,,,40,,,72,72,81,42,,"67,74",,,40,,,36
YHR023W,"192,253,506,557,575,581,770,775,779,884,1144,1351,1368,1370,1522,1562,1563,1607,1608,1614,1657,1674,1676,1751,1821",,"313,316,381,418,424,644,770,775,779,820,914,923,1180,1182,1370,1410,1682,1684,1925","303,308,316,548,557,687,688,690,746,748,752,770,775,779,788,822,864,865,874,884,890,914,923,931,1010,1027,1032,1076,1081,1082,1084,1110,1117,1180,1182,1278,1351,1368,1370,1379,1384,1403,1514,1563,1601,1607,1608,1674,1676,1682,1684,1751,1783,1824","680,755","575,581",,"192,770,775,823,1233,1368,1370,1608,1614,1674,1676,1751,1753","570,581,653,770,1410,1424",1393,"79,474,482,485,565,637,737,915,1210,1430,1542,1597,1622,1768,1823,1848,1850,1886","179,650,651,654,855,856,1136,1141,1604,1810","148,861,901,990,1039,1040,1041,1171,1437,1476,1477,1566,1624,1866,1882,1888","589,808,816",1056,,"192,746,752,1151,1278,1386,1562,1563,1657,1684,1751,1753","24,253,570,779,1151,1370,1419,1607,1608,1676,1682,1684","191,775,779,788,790"
YHR024C,"218,439",,20,,243,,,"193,233,375",416,450,"320,467","11,32,35,121",,,,,70,,"193,358,439"
YHR026W,,,136,,,,,,,,,,,,,,,,
YHR027C,924,2,"76,366,484,707,943","72,318,352,706,709",,,,"944,984,985","72,359",,"77,347","78,79,80,81,83,190,483,953","11,19,24,39,640,967","64,441",,100,359,"630,684,690,691,702,706,707","131,448,630,661"
YHR030C,"21,27,62,168",,,62,"165,170",168,,4,,"7,481","84,465","61,251","186,190,195,206","192,198","38,66,165,170,221,330","165,170","21,27",,"21,27,74,168,305,473"
YHR031C,"547,603,622,713",,"205,245,317,322,713","309,316,317,322,471,472,671,723",,,,246,,,"55,83,84,308","7,28,30,37,39,40,123,129,135,255,261,279,283,285,286,296,297,372","58,64,116,120,121,123,125,127,128,129,133,135,137,138,139,181,183,225,227",,,45,"316,322,471,472,574,671",577,"309,705,713"
YHR034C,"52,183,185,233,330",,"164,239","41,43,52,272,275",152,,,"106,248",239,,,,298,19,,,183,"71,228,233,293","288,330"
YHR036W,"208,252",,"162,248,252,258,439","252,258,448",,,,252,,,"6,124","153,161,281","3,8,28,56,61,114,181,445,446,449,451,452,455,457","243,441",,,,,
YHR037W,"34,42,53,100,107,110,293,298,410,419,507",,"113,114,298,307","110,114,130,410,419,499,507",478,,,"100,307,448,499,509","42,53,55,419,420",,"93,212,331,384,483",,537,311,,,"34,114,413,419,420,499,569",569,"195,410,413,509"
YHR038W,"54,89,103,145,171,223",229,"93,119,194","53,54,60,61,81,89,93,164,171,188,191,194,195,201,208",,,,93,"54,89",,"20,131","62,99,147,152,153","22,24,26",,,,"54,89,103,105,116",,"33,89,93,103,223"
YHR039C,"71,346,449",4,,"71,140,143,454,634","389,534",,,"506,612","96,449",,"15,565,627","74,75,347",422,5,,"304,306","449,454,612",129,"71,140,143,399"
YHR039C-A,41,,,"89,90,91",,,,,,,,9,,,,,"41,47,50,52,55,60",,70
YHR041C,"3,47",,183,47,,,,47,,,94,81,,,198,198,,,
YHR042W,"77,78,648",690,"78,81,384,413,573","78,81,86,165,166,169,384,616,617,623,625",93,169,345,"81,165,166,169,386,563,564,616,617",81,,154,"341,348,350,351","35,282,479","75,588,686",644,93,"165,166,169,181,386,616",219,"81,681"
YHR045W,"350,516,525",,"110,122,131,418","110,122,346,350,402",477,127,,"100,104,134,503,516,525",,,"53,194,301","55,158,161,513","44,425",464,477,,"402,516","502,503",
YHR047C,"118,422,542,560",,"179,415,560,716","415,417,422,457,460,462","142,439",,,"118,457,460,818",729,,"83,172,285,798",,"182,186,243,563,737,785",,"439,653",,"118,176,542","422,477,716",176
YHR051W,112,,122,"39,112,122",,,,,,,"9,13",146,48,,,,"112,114",140,"39,114,122,129"
YHR052W,"8,9,27,46,50,86,111,119,158,197,215,348",,"8,20,93,96,119,122,128,133,158,161,165,282,348","26,27,96,98,133,158,161,165,227,228,355",156,,,"93,98,161,165,201,348",165,,"84,85","5,10,204,205","15,17,357,358,359,365,366,368",,,156,"39,50,86,158,161,197,228",,"134,227"
YHR053C,,,"54,55","54,55",,,"35,45",,,,,,,,,58,,,
YHR055C,,,"54,55","54,55",,,"35,45",,,,,,,,,58,,,
YHR056C,"219,234,612,757",259,"232,681,819,821,826","20,219,229,232,255,256,258,262,471,777,780,826",,22,"12,30","609,790,821",,,"123,124,126,127,128,134,241,248,428,579,632,645,646,647,651,735,771,773,809,810","135,136,137,139,140,270,271,273,274",364,,,,"217,299,821,826",299,784
YHR058C,,3,,,,,,,,,"63,182","206,208,209,211,213","53,287,290,291",,,,,,
YHR059W,"56,104",,"116,118","75,77",,,,"77,107,108",,,,,,,52,,,107,
YHR060W,"80,83,92",,"53,83","83,115,118",,,,"80,83",,,,"141,145","144,145",42,,,"53,80,83",,92
YHR061C,"262,264",,"63,69,119","62,63,69,119",,,,"63,69",,,"174,185,207,210","120,173,176,177,252,253,306,308,309,310,314","43,44,46,273",,,,"62,63","122,161",28
YHR062C,,,"93,115",,,,,"58,66,144",144,75,"44,48",193,"278,288",162,221,,"93,289,292","66,155","99,142"
YHR063C,,,"93,98",205,307,,,"170,354",205,,"53,191,192,313,353,367",,371,,,,98,136,196
YHR064C,"112,307,529,535",534,"270,271,436,460","85,109,112,254,436",,,,"80,158,410",497,,"12,148,275,366,369","2,3,114,269,272,274,277,278","272,477,480","292,301",,,"270,271,435,436,529",467,
YHR066W,"24,359,365",,"220,224,226,275","121,122,125,231,277,283,359,365",347,,,"45,97,275,277,327",68,,"37,93,228","95,281,320","279,281,446,450",254,347,,194,341,187
YHR067W,"18,108,156",,156,"18,32",116,,,32,,,"128,151,169,243","22,31,148",148,145,"99,116",,156,,156
YHR068W,"37,352",385,"352,359","37,202",145,,,,350,,,,,35,"66,145,208,315",,"37,202,203,270","29,350,352","29,37,202"
YHR069C,,119,,"101,125",,,,"101,125",,,"78,212,216,220,249,250","2,247,252,253,256,257,260,264","28,245,247",,,,"125,151,164","101,190",
YHR072W,"177,268,272,319,321,469,617,625,628",,"177,321,327","320,321,327,440","97,283,457",628,,440,268,,"274,611,700",,,710,"175,252,457,619","252,457","320,681",327,"56,268,559"
YHR072W-A,"18,28,40",55,"18,19,28,49","18,28,40,50",,,,,,,,21,36,,,,12,,
YHR073W,"33,41,489,653,717,770,774,829,836,861,936",16,"32,137,171,175,176,279,280,282,848,968","41,175,408,489,496,497,499,717,742,936,941,943,968",,,924,"32,33,489,829","943,968","20,731","8,141,145,167,180,185,188,261,341,420,458,874","196,197,203,206,208,209,210,344,352,354,356,357,359,362","78,91,93,94,95,98,106,108,109,111,194,196,197,206,208,209,357,362,449,452,543,561,573,608,993",107,761,761,"32,33,44,61,401,499,548,789,961,965,968","29,32","69,358"
YHR074W,134,,397,34,342,,,"77,323,474",,,"198,218,251,352,427",,"401,409,562,577,660","229,619","616,700",320,"31,298,692",,"393,615"
YHR076W,"131,331","5,12,342","152,321","70,79,297,325",21,,,"131,161,325","169,230",,"142,326",,"63,143,144,147,150","61,77",,21,"70,79,152,161,166,331",,"152,153,161,166,297,307"
YHR077C,"29,42,50,209,210,255,355,425,520,750,780,781,809,998,1004,1010,1016",,"35,42,58,364,415,790,809,815,993,998,1034,1047","26,28,29,35,45,46,50,58,141,175,179,230,232,266,535,537,538,598,602,790,815,822,990,998,1015,1043,1046,1047",,,,"209,210,232,259,993","345,524,529,993",,"567,717","38,205,294,295,771,777","61,314,886,933,935,1087",1027,,,"520,524,780,781","284,304,790,1010,1016,1071,1073","58,174,179,345,355,520"
YHR079C,"24,298,448,486,487,554,919",,"194,562,1024","23,24,33,648,736,901,969","302,920",,,"24,33,580,747,1008","24,194,200,259",,"88,190,275,374,737","2,7,44,45,185,570,661,662,664,783,784,892","9,80,82,237,471,493,1022,1023","158,484",240,,1008,"24,634","448,655,747,776,960"
YHR081W,,,"89,103,110,112,164,168,169,171","16,22,27,31,81,154,175",,,,"84,89,91","22,27",,,,"100,104",,,,"6,8,84,91,141","6,8,16,22","27,141"
YHR082C,"430,485,833",,"36,111,112,118,463,491,582,915","111,112,118,120,173,259,262,395,430,431,438,997,998",,,,"403,430,431,578,582,899",,,"293,445,612,613,709,747,773,793,921,967","113,385,388,391,392,416,419,450,529,648,657,850,860","2,70,71,79,113,248,450,456,626,677,680,683,689,775,784,845,850,883,884,969,970",,,,"402,403,431,514","402,403,669",209
YHR083W,"136,137,218",2,218,"218,221,226,304,306,314",111,,,,,,,"3,143,147",41,,"111,295",,136,,
YHR084W,"106,107,108,121,616",3,"397,463,608,611,625","106,107,108,616,622,625,631","122,426",,,"622,625,631",589,,425,"177,214,218,219,220,377,378,400,556,557,561,562,563,591,597","177,351,525,530,531,617",,122,122,"625,631",132,"107,108,631"
YHR085W,79,,,"71,79,268,320",,,,,,,"30,192,278","32,34,35,38,40,76,80",,,,,,"71,191,307,313",79
YHR086W,"4,136,137,139,205,211",,"125,139","211,236",,205,,"139,205",287,,"18,32,33,46,89,90,93,94,161,162,173,254,311,312,432,460,467,468,504","2,6,7,11,20,28,115,116,117,201,204,213,215,240,241","76,322,325",207,109,,211,,"205,211"
YHR087W,"6,31,74",4,"31,99,101,108","74,99,101,108",,,,"6,99,101,108","31,90",,92,"93,95",49,,,,65,,6
YHR088W,,,133,"133,275",139,,,133,,,"5,8,11,55,120,143","32,99",136,84,139,139,,"23,26,133,266,268,275,283",
YHR089C,"77,127",,,,,,,59,,"4,8,11,15,19,22,147,154,158,162,165,171,174,180,184,189,193,197,201,204,205",71,"2,178,187,192,196","168,169,177,178,196",,"47,53,94",,,,77
YHR090C,"51,70,73",,"145,146,194","34,41,193,208",,,"259,266",73,,,,"151,152,153,159,168","137,140,142,143,169,178,179,183,185,188,213",,,,194,145,70
YHR094C,423,"541,543",,,464,,,,564,,"36,42,228,231","31,537,539","3,4,9,13,44",528,282,,318,,
YHR096C,"444,592",,"48,289","69,77",,339,,,,,"31,126,249,252","17,19,20,22,24,51,52,55",,,,,,48,
YHR097C,,,"352,358,361","234,345",,,,,,,"2,56,177,178,220,235,326","25,189,221,224,225","60,62,69,156,294,297",70,,,234,"187,345,346",345
YHR098C,"583,655,735,904,907",927,"404,434,846,882","463,470,583,587,589,646,655,899,904,912",651,,,"589,655,840,846",629,,"81,312,390,531,534,615,678,765,770,771,853","101,104,105,428,617,914,915",72,107,"412,437,464,879",,"463,470,471,907",583,
YHR099W,"360,361,747,797,1169,1209,1309,1687,1763,1822,1883,1888,1895,2215,2448,2589,2739,3093,3271,3278,3370,3571,3597,3601","2422,3738","662,1464,1822,2573,3601","130,361,512,654,747,749,1044,1051,1059,1096,1232,1309,1688,1704,1829,1830,2196,2215,2218,2576,2781,2873,3278,3331","292,1176,2963,3723",,,"451,662,2684,3161","60,3477,3478","1210,2790,2791,3439","89,156,695,757,760,907,1038,1048,1116,1121,1124,1126,1130,1316,1457,1488,1614,1700,1719,1805,1808,1977,2040,2047,2049,2050,2174,2354,2408,2409,2646,3074,3427,3566","216,338,667,670,848,999,1037,2585,2588,2782,3431,3694,3716,3729","172,196,199,200,542,667,670,733,2053,2055,2062,3436,3440","307,369,1460,1813","118,292,1176,1294,2963,3338,3723",1625,"451,1169,1612,1687,1883,2448,2990,3175","187,451,1472,1475,1873,3510","1209,1424,1472,1475,1822,2448,2873"
YHR102W,"272,274,346,473,662",1038,"304,306,424,505,508,615,810,897,908","272,274,280",,,183,"236,508,890",,,"81,170,433,442,443,459,517,569,713,751,799,873,956,962","20,244,247,266,284,285,421,441,445,447,507,511,512,613,622,625,627,630,647,665,669,671,692,723,724,726,734,735,875,878,885,923,997,1072","20,21,58,60,172,244,246,247,507,509,511,512,627,645,647,726,734,834,888,901,903,905,910,911",,256,,,"306,356,508,773","33,39,44,146,473,478,481"
YHR103W,"285,526,775,850,851",,"61,241,257,264,388,452,458,630,708","264,290,514,697,699,703",822,,,"103,226,318",,,"117,181,251,252,267,395,404,513,555,731,757,758","47,116,119,122,124,125,130,224,247,248,269,451,454,457,459,460,492","34,45,52,56,58,77,116,118,119,140,141,147,199,201,205,214,217,223,234,238,242,244,295,305,515,517,520,557,560,625,626,761,765","218,393",638,,,722,775
YHR104W,"53,71,117,209,276",,,"25,301","28,158",,324,"25,26,61,138","138,301",,,,,,28,158,"137,138",,301
YHR106W,,,,"96,252","190,328",,,202,,,,30,,,,168,118,,"112,178,244"
YHR107C,"166,180,250,251,343",,,"166,350,358,397,403,407",,,,,"350,391",,274,99,"337,398,404","126,307",,,"26,350,351",350,"26,166,251"
YHR108W,"70,180,284,287",585,"18,180,560,564","170,211,237,246,248",,,,557,,"216,472","265,268,306,366,367,368,370,426,427,429,430,450,566,570","37,444,446,531","372,374,438,439,442,444,446",52,,,"70,148","56,143",287
YHR110W,"90,91","1,186,190,191",,"112,113,114",,,,"6,113,114",,,150,,,,,,,,
YHR111W,"64,66,122,411",,"379,383","378,379,383,389,413",,,"207,214,216,217,218,219","64,297,413",302,,"147,150,256,258,292,401",,,,164,164,"291,297,342,411,413",122,"66,368"
YHR112C,,2,,365,,,,"100,166,314,319,321",321,,"26,63,258",,"152,153,154",228,,,"292,293","53,214",
YHR113W,"66,146,149,152","81,489,490","115,149,152,380,440","49,146,149,152",,,,"64,66,149,152",,176,"27,255,274",,,,429,,"146,374","166,200,204,207","152,200"
YHR114W,"16,264",,"60,254,411,413,414,415,432,497,499,519,559","20,142,152,240,302,411,413,432,497",,,"570,571",254,,,"205,251,357,454,484,491,535,536","69,482,489,553,554,557","54,100,243,463,472,476,479,480,481,576","57,197","161,632",632,"497,499","60,344,346,350,432","131,264,292"
YHR115C,,415,"106,306","306,313",,,"336,368","150,217,300,306,313",,277,"4,54,103,119,132,294","23,24,182,258,259","254,256,257,258,259",,,,"240,306",,"237,240"
YHR117W,"131,141,196,242,246,545,567",,"432,437,625","246,254,437,567",,,,"196,246,545","186,475,545",,"166,205,210,251,266,286,470","265,268,332","55,195,534,535",,,,"246,432","191,196","141,148,186,191,196,246,429,432,501,567"
YHR118C,"30,31,251,377",,"126,206,251,260,264","90,149,152,206,251,257,260",289,,,"30,31,50,92",109,,"34,41,205,309",348,"114,116,146,153,158,176,216","40,306",78,,"206,422,423","21,179",301
YHR119W,"148,156,164,192,194,196,269,273,312,320,449,534,542,549,550,643,656,1008",,"91,92,306,384,390,614,621","162,164,169,306,312,356,357,360,366,369,371,534,538,542,549,550,600,935,937,938",,,"1067,1073","92,148,550,587,848,1007,1008,1029",,"6,7,49,50,98,99,105","82,477,502,507,722,821,1022","68,69,73,74,80,83,97,102,104,107,109,114,586,898,899,900","11,398,401,625,681,682,683,684,685,699,701,705,787,789","24,1052","879,1023","225,1075","91,92,146,148,162,164,169,192,194,196,357,439,534","439,441,521,525,695,696,698,836,848,938,1029,1055","162,196,269,273,274,846,848"
YHR121W,"60,68,91,94,101,149",3,"91,130,134","52,75,76,94,101,102,103",,,,"43,44,94","75,76,91,94,149",,"31,34,35,161",,,,,,,,149
YHR122W,,228,,,214,,,,,,,,"24,76,77,81,86,224",110,214,,,,21
YHR123W,,,"14,17,242",,,,,"14,17,32",,,"107,124,246,253",,,,,39,,,32
YHR127W,,,"15,28,91","26,71",,120,,217,,,"74,94,163,172,179","6,7,8,95,96,199,208,209","95,96,197",243,,,,,
YHR128W,"58,105,123,177","84,216",,177,"79,97,98",,,105,,,,,,"213,214","97,98","79,97,98",,"118,155","77,105,118,123"
YHR129C,"79,230,233,336,338,346",,"336,338","25,203,230,233,234,251,336,338",257,,,"67,224,230,338",301,322,,,,347,"40,257",257,79,"233,234,336","79,336,338"
YHR131C,"226,530,795",,"441,443,703","226,705",28,,,"269,787",20,259,"39,40,151,162,181,372,373,463,495,533","58,67,71,72,114,183,264,267,365,366,368,369,370,400,405,406,425,428,430,432,497,592","96,220,222,337,340,346,354,356,375,380,382,462,464,465,469,511,517,523,616,635,849","146,243,250",733,733,"8,225,226,785,787","226,499,752",765
YHR132C,,120,"319,324","183,184",335,,,141,,,"17,271",,,8,335,300,,,
YHR132W-A,"29,69,70",,"29,75","39,43,47,48,54,69,75",,,,"22,29,70",,58,"82,83",121,"2,6,31,113","60,66",,,"69,70,75",,"22,29,36,69,70"
YHR133C,69,,,"69,143",,,,,,,74,,,,,,,61,
YHR135C,"70,190,222",,"354,368","233,293",,233,"221,377",,"367,368",499,"14,17,521","79,104,223,234,236","39,238,243,246,422,431","241,436",,"537,538",,"98,103,390","190,222,529"
YHR136C,,,,"45,57",,,,,,,,"37,40,81,85,86,88,90","30,37,78,88,90,142,143,148",80,,,69,,106
YHR137W,"220,317,505,512",,"32,68,362","68,76,216,220",,,,"16,181,245",,,"28,144,188,209,368,399,471,476","2,5,12,346","90,92",406,,,"15,16",,505
YHR138C,"28,37",94,"28,29,37,46",81,,,,,"28,29",,,,,,,,,,46
YHR140W,,,"162,238","79,80,81",,,,"156,158",,,62,,,,,,,,
YHR141C,"32,55,60,63,89","2,4",32,"13,15,19,29,32,40,61,63,66,67,76,78,86,98","12,74,77","19,24,29,32,40,46,60,61,66,67",,"32,100","32,40,46,55,60,61",,,26,,,"74,77","74,88","29,32",89,"29,32,55"
YHR142W,,,"22,305",,,,,,,,199,,,,51,51,,,
YHR143W-A,,65,,"37,49,58",51,,,,,,,"10,19",,,,,,,
YHR144C,266,310,,"62,292",,,"216,259",292,"44,289,292",308,"45,49,140","162,198",95,,193,215,,,
YHR146W,,,"40,325,359,424,428,432,435,436","145,148,151,397,411,459,461",,,,"40,231,453",40,,"8,189",,"153,156,182,295,302,390,394,438,440,443,444,445,446",,69,69,40,"251,360",373
YHR147C,"138,143",,62,"143,187,207,211,212,214",,,,"195,197",,,"51,55,85,90","10,33",87,,,,,138,
YHR148W,"81,100",2,"100,165","14,22,91,100",107,129,,"93,100,167,168",,,,"67,89,90","62,67",,,,"167,168",,129
YHR149C,"210,655","165,733","46,655","379,382,383",,,,"433,655",,333,"189,192,217,227,230,291,439,440,442,466,591,730,734","237,264,478,482,567,639,643,646,672,675","160,161,167,169,221,222,251,259,282,284,357,411,567,568,570,572,573,662,668,715,717","327,731",,94,210,"575,579",
YHR150W,"13,440,480",578,"13,17,23,76,96,213,214,217,218","17,23,26,214,217,218,449",,,,"26,178",,,"112,361,411","2,39,43,65,67,100,206,207","6,7,51,381,382",,,,"13,17,77,440,488",,
YHR154W,"378,528,529,736,794,824,873,890,948,976",,"334,420,425,428,431,432,528,529,550,582,589,706,741,824,942,944,982,989,1024,1027,1060","54,220,428,431,432,462,528,529,544,582,583,612,635,696,706,707,711,794,824,887,890,916,917,919,942,944,948,1024",876,,,"547,948,1023,1024,1027","824,944",1032,"159,262,344,456,494,745,936,1035","161,168,178,407,411,558,615,699,700,704,705,735,764","566,569,591,593,720,747,748,800,893","737,1065","363,603,957","363,957","547,706,707,890","217,220,332,334,337,547,583,642,643,730,736","529,707,711,873,887,890,942,948,982,1003"
YHR155W,"287,318,427,1143,1149",1228,"223,226,293,410,420,1090","223,259,466,655,658,936,943,975,976,982,1143,1149,1174","524,895",,386,"140,184,264,658,1006,1143",177,669,"173,304,305,559,633,676,815,816,817,845,1061,1205","160,221,222,415,417,499,500,504,549,550,556,558,560,561,1180","661,732,734,738,747,748,1113,1115","89,485,570,1220",610,895,"140,223,259,287,318,427,439,858,918,982,1143","427,704,1137","476,858,1174"
YHR156C,"139,145,288,292",,"99,219","99,227",,,,,"248,249",,"204,226",113,"26,33,48,50,52,53",296,,,,"99,145","133,139,227"
YHR158C,"13,40,117,725,726,782,966,1051",230,"17,117,411,507,610,725,726,1040","17,50,644,659,797,806,825,891,1068,1069,1142,1153",,,289,"696,698",,52,"92,163,523,530,701,709,846,913,928,946,1150,1151","47,65,66,94,494,566,597,727,755,757","34,35,43,47,55,291,467,477,613,711,742,748,948,1105,1107",110,,,"117,882","40,44,563,577,696,758","782,791,880"
YHR159W,"451,454,481",,"33,239","187,310,445,447,454",,,,,,,"211,459,460,492","19,21,24,94,236","24,27,29,34,40,42,43,53,54,55,91,104,236,244,282,284,286,337,339,348,369,371,435,439,463,502",46,,,,13,223
YHR161C,"242,250,255",,"15,135,245,250,295","13,15,170,255,260",,,,"245,255",,,"49,355,594","296,297,328,329,331,335,367,427,437,466,523,524,586","258,264,483","141,173",,,"15,72,123,135,250",547,
YHR163W,"24,32,96,243,247",,"31,32,90","24,31,32,96","149,196",,,"24,193,243,247",,,162,100,119,,"171,196","171,196","24,166,190,247","24,36",166
YHR164C,"33,60,93,555,1235,1240,1332,1435,1442,1505,1510,1514",,"20,21,41,43,45,60,68,82,90,93,103,225,230,240,247,488,677,826,1096,1154,1442,1503","60,86,90,93,240,246,247,434,439,481,562,814,819,826,1375,1376,1380,1442,1474,1476",1468,,,"38,45,60,93,669,1048,1130","819,941",396,"77,108,296,369,1117,1119,1156,1296,1300,1334","13,15,59,79,81,89,138,141,203,630,825,926,1082,1153,1430,1441,1501,1502,1504","4,11,13,15,17,22,110,116,131,148,158,160,232,236,237,260,261,264,355,356,360,363,485","147,353,406,1151",1238,620,"389,743,1057","101,103,284,1048,1114","38,1057,1137,1514"
YHR165C,"90,98,103,110,141,190,325,333,334,340,384,549,552,684,697,847,1093,1310,1416,1637,1912,2279","1278,2093","159,299,300,333,334,384,519,524,527,544,810,817,1014,1303,1310,1903,2080,2219","89,90,96,103,291,549,555,743,817,910,1093,1209,1310,1311,2191,2192,2285",,,"5,6,7,8,23,24,25,26,78,902","544,546,549,819,1299,1303,1378","187,190,1093,1310,1588,2066,2191,2192","1497,1499,1506","294,437,438,442,487,541,543,907,930,977,1033,1034,1721,1763,1836,2070,2306,2358","111,537,602,604,738,818,1323,1410,2148","105,108,446,618,1599,1696,1697","251,364,754,1001,1101,1542,1813","701,792,1263,1878","701,1878","103,131,334,1303,1310,2149","86,123,131,858,1362,1588,1589,1693","158,159,325,333,334,504,747,817,1014,1100,1589"
YHR166C,"428,429,527,557,561",,520,"19,130,131,233,561",,,,"229,233,429",,396,"165,186,230,327,335,535","141,529","54,59,159","30,384",461,"400,401",357,"233,357","28,357"
YHR167W,205,,240,"52,53,122,130,182,193,197",,,,,,,63,"99,105,106",,,,,"85,122",,"122,193"
YHR169W,"5,11,21,30,382",,"196,391","11,205,382,398","32,42",,,,,40,"254,262","6,10,23,26,127,397",283,,32,,,"5,228",
YHR170W,,,"223,224,261","94,223,224,261,262,265",,,,224,,,"54,269","280,282",225,,,,204,"223,224,400",
YHR172W,"45,254,341,346,396,441,661,705,708,711,716,729",621,39,"39,45,96,711",778,,,"39,45,97,103,441,613,661,716",,,"167,178,206,222,273,274,369,509,607",820,818,"81,150,239",662,,"441,734","45,581,729,734","45,396"
YHR174W,"5,85,255,258,264,288,337,338,423",11,"79,141,199,200,337,338,346,358","85,88,264,270,272,337,338",,397,,"195,258,264,337,338","28,139,141,258",,,"4,10,19,25,138,140","37,40,41,159,205,393,398",12,248,,"5,28,79,85,88,103,105,139,255,258,264,270,337,346,397,409","141,258","5,28,103,105,255,258,264,288,338,346"
YHR178W,"89,621",743,"30,31,80,83","61,89,441",,,37,,,,"137,248,249,567,568,572,693,696","109,172,174,178,182,183,184,185,186,638,642","38,99,105,109,174,178",111,371,"273,274",,,"338,531"
YHR179W,"5,8,19,96,164,172,240,369",338,"172,318",369,,,,"172,179,311,339,363,369",,244,"108,208,209",,,"143,305",,,"5,8,22,164,168,172",369,"100,164,240,363"
YHR181W,,228,,,,,,,,,115,"168,169,170","136,168,169",,,,,,
YHR183W,"246,251","74,127",,"246,251,259,400","287,460","182,259",138,"37,49",,,"32,474,481","125,128,486",,,169,,"37,251,292,300,309",75,"246,251"
YHR186C,"74,123,307,332,885,1057,1076,1191,1192,1202,1209,1246,1256",,"307,328,1038,1100,1105,1106,1191,1201,1256,1479","123,130,234,332,334,475,1056,1105,1256",,,,"146,157,791,1192,1246,1476",123,1412,"317,489,533,657,706,841,951,1030,1141,1180,1198,1207,1208,1445","257,503,692,1084,1094,1095,1097,1098,1276,1323,1473,1506,1511","330,333,506,508,511,512,1043,1045,1133",136,,734,"74,77,122,123","241,955,1159,1192",1256
YHR187W,,,,,,,304,267,,,143,"3,4,5,256,257",248,,,,"100,140",,
YHR188C,"192,199,262,294,564,572",,"564,572","574,577,579",,,,"199,262",,,165,"196,379,383","3,154,157",56,,,,,"192,564"
YHR189W,,,,,81,,,138,,,74,,"44,46",,63,105,,,
YHR190W,365,,,355,265,,,"325,355","150,390",,"47,201,207",,,,42,,,"255,355,401",
YHR191C,112,4,43,"86,87,122",,,54,87,120,,,,"3,53",,,,"93,112",,
YHR192W,264,9,"21,219,220,229","122,123,128,172,180,185,188,189",,,,"219,220,229",,,"53,134","270,272,277","213,214",133,,,,,
YHR193C,"42,70,156",,52,"18,19,42,52",,,,"30,43,151,156",,,"7,9,73,148",,,,,,"15,18,52",,52
YHR195W,"29,209,215",,"29,278",29,,,,,268,,154,"261,263,264,265,270,316","190,298,300,303",315,205,,"139,268","178,189",301
YHR196W,"128,170,279,285",,"39,119,126,129,148,152,162,279,471,473,480","81,126,129,159,162,247,279,377,471,473,476,477,480",,,,"162,279,483",285,,"36,44,156,157,183,398",,,573,,,,"81,83",129
YHR197W,"490,492,685",,559,"676,685,686,721,722","210,343",,,278,,,"643,648,661,664","70,71,74,105,106,109,110,111,350,489,491,494","2,224,226,227,231,497,499,505,697,698,699,700",274,"210,343,575","68,575",685,"685,721,722,728",
YHR198C,"19,201,219,223,231",,"211,223,231,236,311","201,211,214,219,223,231",,,,"11,201,214,231",,,"35,49,152","166,250","304,306",,,300,"170,201,211,214,231",,"219,223"
YHR199C,"6,10,219",,"39,40,43,68,69,86,87,170,198,205","188,193,198,206",13,,,"10,104,265",,,257,,"152,156","25,28","13,108,254",,"205,206,275,281","43,193,210","6,10,237"
YHR200W,,2,,,,,,130,,,212,173,"116,119,175",182,,115,130,,
YHR201C,"6,94,245,251,264,265,373",,"16,66,67,112,248,251,255","94,164,215,251,255,265,268,382",,,,"164,265,268",,,,,,61,169,,265,255,"264,373"
YHR202W,,,"134,317,329,330,332,378","134,268,329",513,,,"138,268",,,"287,479,559,563",327,"497,501","3,444,580",513,,"169,236,308,312",,
YHR203C,"75,122,133,134,174,179","129,196","127,128,161,242","71,75,127,128,133,134,245",,71,,"133,134,198",53,,157,"80,146","237,247","103,138,182",,,"62,71,75,106,155,161,168,174,179,233,240",245,"75,133,155,168"
YHR205W,"451,619",,,"441,451,628,630",208,"653,682","685,686",,,,"31,32,63,310,321,799,800","68,70,72,73,76,118,119,151,157,158,159,434,466,467,469,471","147,251,288,289,290,339,560,570,801,803","536,577",555,,"623,628,630",,"619,630"
YHR206W,"180,186",176,"188,194","149,151,186,188,265",,,,,131,,"7,9,11,18,19,20,24,49,50,72,340,368,369","2,4,5,8,514","227,407,550,553",,401,392,"180,186","144,202,265,398",270
YHR207C,"113,227,485","409,523","144,276,510","169,199,265,311",,,,"265,445,510",468,125,"11,20,24,68,291","134,520","297,301",,,327,117,"106,113",113
YHR208W,"8,11,141,147,218","215,389","271,272,322","147,271",227,,,"29,38,197,271,272",141,110,"76,251,384",,"19,334,339",,"227,361",,299,"8,11","147,387"
YHR216W,"32,141,413,519",,"138,141,143,160,218,458","205,208,209,241,413","335,343",,,488,205,"326,345","65,432","132,331,333","166,516","236,404",,,"205,209",246,
YIL001W,,513,"281,319,321","233,321,326",52,,,,"4,8,158",,,"383,389",145,232,"17,52,68","14,17","233,435",,435
YIL002C,"312,368,487,490,494,525,546,731,773",,"48,256,312,313,318,348,350,362,368,371,430,487,490,494,542,546,640,641,832,889","315,362,368,384,490,494,640,659,687,731,780,831,832",364,,,"480,641,651,691,731,773,780,832","831,832",,"294,333,535,625","207,596,642,657,837","34,40,42,44,46,259,883",923,"20,148",,"362,546,640,641,687,831,832","214,350,356,388","440,490,520,832"
YIL002W-A,,,,30,,,,,,,,,,,,,25,,"25,64,69"
YIL003W,"176,177",,31,273,,,,"115,249",,,"69,87,195",,212,,,,"31,217","83,176,177",183
YIL004C,"70,73",,,"70,78",,,,,,,"33,87,99","2,3",,,,,,,
YIL005W,"103,535,542",,"128,175,238,431,432,503,567,600,602","431,432,458,594,600",,,,"339,431,432,537",,,"58,237,241,272,343,347","95,97,99,102,105,440","30,97,99,122,126","250,257,358",,,"94,431,432,567","55,162,269,525,600","269,431,432,542"
YIL007C,,,152,14,215,,,,180,,167,202,"144,146,202",,,,"148,152,198",152,14
YIL008W,,"2,4",,,,,,,,,70,,,,,,,5,
YIL009W,"55,122,198,350,378,413,555,633,683",,"27,28,81,251,378,489,578,590,674","72,77,81,198,222,248,249,251,255,505,551,674,683",,,,"118,122,195,198,489,545,633","227,413,496",,343,,"2,239,573,575","91,92","349,403,510",,"198,222,350,633","255,683","198,505,541,545,691"
YIL010W,"15,85,123,211,213",,"35,140,144,166","144,166",107,,,"86,203","191,211,213",,79,"8,9,108,197","14,29,30,81,83,108",,107,"107,112",203,"24,139","166,202,203"
YIL013C,"99,235,271,272,332,335,340,763,764,1075","169,172,1411","228,239,364,764","160,161,235,1079,1086,1391","582,1306",,,"84,332,335,340,684",,"170,981","189,197,316,317,595,706,736,755,757,1289,1324,1325,1346","4,230,708,709,710,711,1148","341,699,702,878,880,886,1402,1403","168,331","932,957,1084",134,"160,161,763,1086","228,271,272","152,764"
YIL015W,,157,"365,395,482",,420,,,"380,381",,,"58,60,244,284,374,479,527","33,35,50,51,61,62,63,68,91,115,118,120,246,247,252,367,376,379,387,390,398,403,404,409,411,412,416,417,418,422,428,429,430,432,433,438,442,446,447,452,454,455,456,459,462,465,470,471,475,477,478,488,492,496,499,500,502","2,6,478,510",415,"80,559",,,,"158,273"
YIL016W,"52,53,58,102,146,153,159",,42,"53,55,58,63",,,,,,,76,"11,14,16,17,45",,,,,,,
YIL017C,"11,12,95,103,519",3,"329,336","12,499,578","118,390",,,12,,823,"97,165,251,427,653,657,778,814,895","91,243,488,490,860,900","226,228,229,798,800","27,889",521,118,"11,173",,
YIL019W,"17,115,307,323","311,321","129,323","121,205,269,274,280,281",,,,129,,240,"78,84",40,"44,47,48,55,59,65,69,71,72,76,80,103",8,,,323,"89,251,252","128,129,230"
YIL021W,"146,149,154,160",,,,157,160,,149,,,"54,277,278",301,2,314,145,,,"9,165",199
YIL022W,"89,90,220,221,226",197,"81,89,90,97,355","81,89,90,97,215,239,241,333,379,380,381",,,,"122,130,333","89,90,314,315","424,428",286,"9,10,39,40,126","16,18,199",,369,,333,"110,111","260,418"
YIL026C,"100,120,329,331,453,520,527,529,673,725,769,1048,1050",4,"83,85,314,319,673,729,732","227,319,322,329,330,331,336,340,372,451,513,778,1028,1032,1048,1050,1056,1057",,,,"372,513,782,783,887,1050",725,,"197,335,563,625,626,627,649,970,1080","94,102,259,344,586,737","192,195,325,623,628,672,1102","21,115,125,396",,,"372,673,1048,1050,1086",,"529,571"
YIL027C,"44,47,91,125,127",137,"91,97",,,,,127,,,,,116,,,,,"138,139,141",91
YIL030C,"831,921",3,"100,110,172","251,853,867,918,921,1308",,,,"831,921","110,119",,"8,1152,1197,1257","799,800,833,868","342,345,356,357,358","381,956,1186",,,804,"831,1302","534,1308"
YIL031W,"5,160,168,280,342,351,360,361,663",,"12,105,311,321,351,360,361,369,401,481,508,509,654,873","255,256,258,311,320,321,351,455,650,667,675,837","156,613",,,"509,654",,,"50,51,127,140,233,234,238,308,371,379,381,437,459,512,513,897,899,956,1011,1012","20,23,30,136,137,138,142,295,296,340,364,366,373,529,749,755,756,757,844,903,986,992,993,995,996,999","2,74,92,101,102,109,326,755,788,793,795,843,844,862,886,888,893,894,898,929,936,937,983,986,995",698,156,,552,"280,369,481",968
YIL033C,"193,203,385,394,409",,"55,102,304,313,385,388,394","48,288,289,298,313,394",199,,,"352,388","88,298",82,239,"83,84","4,9,129,130,131,144,145,147,150",,199,,"167,187,361,394","88,298","57,177,187,288,289"
YIL034C,209,,"87,147,148",,,,,"148,209",,,"17,107,149,202","48,49","85,92,96",,,,,,252
YIL035C,"17,45,50,59,69,103,111,116,141,237,295","5,46,54",59,59,,,,"17,267,286",,,,97,"290,331","107,221",,,,"38,84","45,50,59,197,206,208,209,286"
YIL036W,"35,311,547",,"311,330,542,547,573","329,330,336,476",256,,"290,291,294",447,403,,"169,182,190,504,507,510,512,577","29,39,41,43,44,61,65,171,303,321,394,399,401,404,583","59,61,65,86,90,92,96,135,137,140,171,174,175,176,179,266,268,338,394,396,399,401,552,557,559","473,474,551",,,"330,455,538,542","139,461,542,547",547
YIL037C,397,,"295,519","117,392,397,400,405,409,410",,,,"369,397",,,"102,166,167,171,181,209,219,231,264,363,368,379,477,487,509,531,534,542,582,600,603","60,63,89,95,522",,,,,397,295,144
YIL038C,"5,15,333,726,823",836,"96,99,101,156,339,343,413,416","41,43,49,53,54,63,72,109,155,156,157,166,167,268,272,276,686",,290,,,726,638,"105,254,255,260,291,330,809","46,316,362,364,418,419,421,422,423,425,427,428,429,431,433,434,438,439,440,441,442,446,450,454,458,469,473,474,690,691,792","76,305,322,340,341,344,347,348,355,359,361,362,364,450,459,460,461,544,571,580,581,586","497,584",,,"5,110,734,737",,"154,155,156,157,726"
YIL039W,"124,320",,48,"48,55,57,179,390","325,384",,,"48,57,344,391",,188,"38,147,229,266,307",,,178,325,,96,,
YIL040W,33,,,,,,,,,,,,,,16,,,,
YIL042C,,,,387,232,,,387,,,"319,343,344",111,332,48,"89,232",,,71,
YIL043C,102,"281,283","36,110,119,125,234",30,,,,"28,30,86",,,"54,116","91,93,95,96,156,263,271","95,96",,,,36,272,86
YIL044C,"8,60,70,81",,"27,116,120,121,194,238","60,62,70",,46,,,"9,294",,"146,278,280,284","172,176,177,178,193,195,196,197,199,200,202,203,204,237,240,243,245,253,254","178,180,182,183,193",,,,"60,114","8,9,60,62","70,102"
YIL045W,"90,168,206",,"153,157,161,168,173,177,270,346,357,365","147,153,177,179,230,232,285,286,288",,,,"179,365",,,"474,500,504,512",,"134,141,155,160,162,166,169,238,292,296,304",337,,,"317,365",,
YIL046W,"59,60,290,346,540,543",,"393,475","117,346,354,468",439,,431,"59,60,540,543",,,"26,90,206,484","45,567,600,602,604","10,76,107,257,258",,"111,455",,"60,346,540",543,
YIL047C,"81,82",898,"207,435,823","27,81,204,207,217,554,718,719",202,"284,287",,82,,"852,857,858","278,396,397,480,657,701,723,864","156,330,331,332,335","166,168,172,859,860","46,84,267",202,"202,630",81,,
YIL050W,"8,9",,"49,240","75,76,83",201,,,8,,,"42,43","4,7,10,11,13,41,44,45,58,62,64,69","12,13,61,62,64,69,136,139",,,,,,
YIL051C,59,7,"27,59,68,77,92","68,77",,,,,,"15,16",84,"6,10,35,37",,,,,77,,
YIL052C,"19,21,24,67,70",5,21,"21,24,102,103,106","81,84",70,,24,,"8,9,10,74,80,91",,"64,66",119,,,,"70,99,106",24,"67,70"
YIL053W,"39,41,188",,,,100,,"67,83","108,110,124,173,209","124,207,209",,,172,,59,,100,249,64,
YIL056W,319,,"105,219,535","35,319,569","269,321",,,"14,87,491",,,"171,182,226,240,341,422,423,593","184,185,187,189,190,191,228,232,233,234,236,409,541","110,115,128,129,134,136,141,143,401,409,541,585,592",138,81,81,319,438,
YIL057C,"19,96,108",,,"7,9,12,19,25,99,104,108,134,135,137",,,,"19,104",,,,"18,20",,155,,,"72,104","38,156",
YIL061C,"80,125,129,156,195",,"140,142,148","78,80,148",181,156,27,"146,148,166",,"113,206,211,214","2,4,38,40,46","147,221,223,225,243,244,271,273,277,278,290",,106,,181,125,,"125,129,146,148,156"
YIL062C,,154,,79,,,,,79,,99,80,,,,,74,,
YIL063C,"74,75,77,82,94,105,114,115,135,229,233,241,307",,"82,137,278","66,67,74,75,192,196,229,310",,,,"233,241",,,"157,161,162,186,243",104,"31,179",216,,,"244,246","94,105","93,97,105,135,137,156,229,241,288"
YIL066C,"10,17,737",3,785,"10,17,92,320,413,790",,,861,"5,10,88,92,553,556,737",,"483,487","266,270,280,281","90,242,244,257,600,602,686,738","257,602,793,796,798,799,806,810,813,820,827,834,860,866,868",232,,238,"17,88,461,475,733,734,737","785,823,838","17,88,594"
YIL068C,"69,176,187,249,254,568,572",,"62,244,403,504,509,515,516,565,568,572","33,62,164,238,244,403,407,413,509,572,680",,,,572,,223,"59,63,103,302,303,703,713",571,61,"276,524",,345,"403,415,420","396,641","69,273,321,396,515,516,677"
YIL069C,"21,43,83,99",129,"11,123","11,83,84",,,,"11,84",,,34,"2,121",2,94,,,"37,43,49",,"21,52,83,84"
YIL070C,,,85,"62,65,94",38,,,"19,24,36",,,196,"5,11,13",73,,38,38,62,"62,65","85,94"
YIL071C,6,,"126,386","386,388",215,,,6,342,,"229,376,409,410,417",19,"419,420,432,435,437",,,,,251,
YIL074C,"76,139",,"144,301,304",,,,,"76,139","97,99",,"68,445,457","20,31,37,45,108,151,430","31,33,37,243",281,,130,"76,99,115","52,388",
YIL075C,"80,143,244,696,778,794,798",,"67,80,171,173,316,383,798,860,867","126,316,350,383,689,770,850,860,864,867",,,391,"143,146,384,770","376,897",,"315,512,712,870","125,135,393,805,807","431,724","389,788",700,700,"119,126,244,246","401,886","126,858,860,867"
YIL076W,,,"37,39",,"18,109",,,39,,,"135,136,137,147",,157,,,18,240,,"39,55"
YIL077C,"25,154,249",,133,,,,,56,"31,89",,"135,239,266,295,299,318",,272,"136,140",,,56,,"56,305"
YIL078W,"147,263,312,320",732,"13,85,525","14,34,66,85,113,312,313,320,525,532,669,727",110,,,"103,147,312,313",,374,"287,298,708",104,"193,195,199,201","291,547",,110,"13,14,190,242,515,531,532",515,"99,249,280,511,515,585,620"
YIL079C,"124,214",,"265,306,343",,"117,188,205",124,,"133,142,214",,,"78,322","23,296,319","50,193,229,293,296",300,139,"136,139",,"214,222",214
YIL083C,,,"153,252","153,162,164,165,169",,,,153,"153,165",,"89,90,97,200,201,239","14,17,245,248","17,321",68,,,,153,"74,165"
YIL084C,"114,124,271","6,88","5,9,14,24,291","14,108,111,114,124,126,127,280,281,291",,,,"27,111,124",,,"146,196,236,237",,"211,221,226,230",33,,,"124,126,127",126,
YIL088C,,,58,,,,,,,,"68,221,227,228,250,360,485","344,345",,,,,,,
YIL091C,"350,646,692",,"182,184,187,189,192,205,350,705","189,192,242,243,252,342,350,351,353,425,655,705",,,,"176,253,342,350,353",78,706,"449,526,619,682",,"34,38,147,155,490,503",633,,,"342,350,646,649,655","243,253,353","342,599"
YIL093C,160,,"41,84","41,96,158,160",,,,"96,160",,,80,,"256,257,258,259",177,,,"110,158,243",,
YIL094C,"22,82,229,231",,"135,160,236,350","82,133,160,350,357",,,,"43,160","127,152",,,"4,7,10,17,23,101,170,174,178","100,107,348,351",106,,,"85,133,135,155,160,229",152,"82,222,338"
YIL095W,"496,547,694,701,725,728,731,740",810,"496,508,516,518,519,646,652,656,685,694,701,775,776","490,516,518,519,597,599,604,694,725,727,728,731,738",,,,"26,490,518,519",694,,"203,374,375,392,558,768","296,423,425,428,431,484,486,488,489,491,493,537,540,583,584,585,586,587,588,632,650","360,389,391,394,395,431,434,439,444,446,493,494,495,512,514,515,525,529,533,613,617,620,640,642,714,719,770","260,638,693",,,"547,685,738","508,738","160,672,731"
YIL096C,"24,59,64",,"12,147,150,238,239,268,269,326","24,59,147,264,268,269",,,,114,15,,219,,"293,295,327,331,333,335",,,,,,"112,238"
YIL097W,"158,216",,"216,323,333,474,475,477,478,481,484,485","43,46,103,221,297,305,474,475,477,478,481,484,485",,,,"35,158",,,"242,261,327","286,289,328,329","293,316,321,322,399",,395,,35,"35,46,113,116,158,297",35
YIL098C,"92,95",153,143,"25,34,39,61,63,64,95",,,,"34,96",,,,,51,,,,,,"25,92"
YIL101C,"310,481,485,640",,"53,140,149,152,153,492","169,174,217",,,585,,"53,603,642",349,"162,343,401,426,557","136,227,229,271,418,423,424,425,428,500,501,502","144,146,148,156,268,269,277,278,279,502,572,580,581,626,627,629,635","3,560,570,576",,373,169,149,
YIL103W,"89,328,402",,"182,328,332,343","93,186,283,421",,,,"332,421",,,,,,"222,404,408,409,414",239,,332,,"182,292,328,421"
YIL104C,"77,116,120,246,253",,"357,366","211,288,357",,,506,"287,288",,5,,,3,"220,397,499",470,,"70,360",,"167,169,242"
YIL105C,"307,324,334,548",,312,"309,312,319,330,334,341,349,364,506,507,590,595,605",,,,"312,455,483",,,"4,5,122,124,261,529,535,608,609","2,89,90,91,93,94,145,147,149,150,153,280,526,580,583","37,532,533,612,623,624,636,679,686",638,,,334,595,548
YIL106W,,,22,,,,,,,,"44,45,98,280","119,120,207,209","2,10,34,36,38,80,84,85,183",213,"216,221",,,,146
YIL107C,"59,177,238,243,322,329,331,801",827,"143,146,166,168,287,331,338,341,665","59,66,143,168,225,228,233,238,243,322,329,331,338,341,349,632",309,,,"59,228,331,371",,,"208,627,694,695,724,793","31,75,247,248,648,656,667,670,673,674,675,677,680,717,723","22,24,43,96,149,169,170,680,686,688,823,825",362,"593,596",309,"228,238,243,322,329,331",706,"59,66,118,317,322,794,801"
YIL108W,"245,568,659",2,"348,473,518,573","36,473,524",,,,"478,484,518,568",,379,"153,342,356,418,617","347,572,578,581,589,592","111,357,358,361",338,"22,98,235",,"524,566,568",,"484,486"
YIL109C,,,"662,687","191,662,677,687","349,583",,157,"662,746",,,"192,461,467,485,514,577,620,621,665,676,788,910","391,678,899","178,391","526,686",,,"687,688","687,688",539
YIL110W,,,,"87,318,358,364",,,,,,,"106,107,108,195,257",,,37,369,,,87,125
YIL111W,86,148,"25,137","8,21,25",,,,"21,86",,,49,"4,5,146,150",24,,,,"86,129",,135
YIL112W,"891,895",22,"127,308,781,937","60,94,322,536,539,542,754,756,781,851,856",,,,"431,558",558,,"2,21,307,587,593,674,675,676","129,130,299,784,1071,1072,1077,1078","16,17,52,54,99,183,204,206,210,215,223,252,255,260,267,274,275,290,688,690,695,698,700,768,770,773,778,784,1053,1069,1071,1072,1077","808,989",,,891,"937,972","119,558,727,826,891,929,986"
YIL115C,"126,251,515,692,823,829,1372,1429,1432,1454",8,"155,158,475,507,552,698,729,744,830,840,849,851,865,902,908,1198,1292,1387,1435","24,158,744,823,829,830,902,1024,1292,1384,1414,1417,1432,1454",,,,"829,830,851,1191,1294,1387","1292,1417,1429",,"46,135,136,163,424,439,647,694,862,877,881,884,989,995,1000,1208,1357","431,436,437,440,441,444,448,455,480,520,548,554,580,600,622,646,649,651,654,663,664,665,687,696,721,732,735,739,831,852,854,857,861,864,867,868,869,870,874,909,951,955,956,1102,1104,1419,1420,1425","214,217,219,222,402,404,406,407,426,427,500,528,533,536,554,557,559,580,583,585,745,766,797,798,803,805,819,825,827,852,854,886,887,889,940,942,951,1041,1042,1047,1051,1054,1055,1065,1068,1073,1075,1077",938,,,"422,840,849,1292,1294,1397,1429,1454,1460","5,126,752,849,851,918,1151,1152","502,515,902,1191,1367"
YIL119C,"169,176,384",,"21,216,219,286","174,178,286,375",,,,375,,,"83,85,112,113,394",55,"84,86,87,88,89,268,396,397,398,400",,,,9,"127,296",
YIL121W,"368,401,536",541,253,,,,,368,536,,"100,243,247","36,38,40",,,,,401,42,
YIL123W,277,,"81,84,147,242",,312,,,307,,,"404,405","41,45,53,68,69,95,96,97,101,102,103,105,110,140,141,143,144,146,148,149,150,151,152,154,161","121,128,149,151,153,154",280,"276,312",276,277,450,"350,351"
YIL124W,"176,197,235,239",,"277,280,283","223,235,278,280,283,289",,,,"176,283",280,,55,"6,203,204",,206,,,"235,283","67,226",
YIL125W,"87,224,318,358,389,397,547,548,555,974",,"24,30,245,538,610","318,527,529,538,547,548,554,634,891,970",,,,"24,82,970","270,569,976","34,308","25,49,77,80,118,361,367,509,711","86,322,452,453","21,114",901,,,"82,270,547,548,569,970,996","24,318,638,704,882,887","461,529,538,554,555"
YIL126W,"177,246,249,364,608,688,750,938,944,948,997,1163,1212,1231,1280,1313",,"168,170,177,294,375,583,712,1151,1152,1198,1199,1200,1201,1209,1212,1235,1236,1240,1241,1243,1245,1247,1280","77,96,102,106,117,168,170,246,249,253,699,700,704,709,712,715,717,938,944,1084,1201,1231,1235,1236,1284,1313",221,688,,"160,168,170,177,712,746,750,997,1212","106,177",,"85,145,180,533,947,982,1076,1211,1306,1309","10,11,16,18,19,176,179,279,282,300,357,469,1275,1276","51,52,408,410,502,1111,1156,1159,1230,1232","275,448",,,"77,382,704,750,755,804,1308","73,96,717,997,1041,1042,1296","77,177,427,709,717,750,755,1041"
YIL127C,"10,45,94,180",,"120,180","55,75,76,77,80,81,83,100,174",,,189,"45,120",,158,41,"2,3,8,153","197,202,203",,,,180,170,"45,86,148,174"
YIL128W,"328,375,379,563,602",,"244,268,277,446,845,846,848","244,705,748,848,1014",287,,,"232,244,602,705,848","776,815,816",,"25,161,199,278,299,416,667,669","29,204,205,249,392,448,601,842",332,"338,1024","287,388,730",,,"308,375,379,382,385,457","375,379,382,646"
YIL129C,"306,973,1032,1098,1478,1686,2304",,"306,537,1159,1163,1404,1518,1522,2058,2294,2357","390,574,899,900,1100,1253,1514,1518,1728,2052,2054,2058","1003,2147",,,"530,838,1021,1329,2039","159,2338","349,428","288,569,604,605,666,710,711,715,724,773,778,863,920,1004,1400,1498,1511,1595,1600,2150,2175,2300,2344,2353","18,22,138,320,396,398,399,400,607,758,1015,1017,2314,2316,2319,2320,2322","242,273,275,276,277,279,280,281,300,301,302,1797,2346,2348,2350,2352,2355","597,1313","1003,1432,1633,2147","1066,1432","870,1503,1799","234,236,1098,1100,1258,2304,2373","530,1013,1503,1989"
YIL131C,"9,13,97,107,363,366,390",3,"9,390,398,436","13,107,112,363,390",65,359,,"96,97,359,390",,264,"479,480",44,"350,356",17,65,,"13,359",,"9,13,97,359,390"
YIL133C,"12,82,103,114",8,"32,96,170,171","32,51,66,155,159,161,177",,,"109,110,111",,148,"68,78,101","65,182",142,"163,164","167,168",,,"170,171",,"103,148"
YIL135C,,,,,,,"253,254",342,,,"100,214,217,268,278","220,224,267,277,279","59,61,64,87,172,174,175,177,182,189,279,293,294,299,301,303,314,321,325,330,341,347,348,350,354,355,401,409",,,,,338,
YIL136W,"140,141,311,312,333,386,391,392",,"257,258,327,333,360,367,368,373","64,71,80,90,108,140,141,152,162,163,251,312,316,327,329,367,368,373,375,386,391,392",,,,"80,377,386",,,"35,205,206,241,317","2,3,9,226","94,310","173,176,335,369",,,"60,64,373",,"60,152,188,373,375,386"
YIL138C,21,,12,"5,12,21,108,110",,,,,,,"81,83",,45,,,,"49,110",,
YIL142W,"75,82,108,146,224,230,242,249,278","3,83","65,75,170,249,251,426,494","40,44,242,244,249,251","365,406",,,"244,249,426",458,370,"79,235,475,476","206,392,395",,124,54,,"75,158,251",,"40,65,82,224,230,251,257,278,425,426"
YIL143C,624,"4,798","214,472","71,90","388,401",,,"14,624","327,328",,247,"208,217,393,503,504","22,47,76","41,457,628,718,818",,388,"12,14,721","357,405,624,766",357
YIL144W,"140,238,523,527",689,"69,439,445,448,611,613","408,409,439,445,448,527,611,627,632,638",,,,"140,338,522,523,602","140,522,523,527",,"80,203,398,471,484,491,518,543","22,26,49,54","28,37,38,43,79,95,100,473,475,477,667","282,363,507",,,"377,408,409,522",627,439
YIL145C,83,,"208,256,266",218,,,,200,,,,,"272,277,278",,,,83,,
YIL147C,"794,913,961,964,995,999,1129",,"101,271,289,392,467,727,794,795,919,961,964","655,658,733,801,993,999",1119,,,,,,"100,138,141,142,181,272,462,487,494,504,927,978,1084","198,372,396,611,744,753,786,968,969,970,971,974,1071,1194","380,381,384,386,389,390,451,518,753,791,833,933,968,969,970,971,974",,"306,1119","306,1119,1210","8,366,655","440,909","271,711"
YIL148W,"6,29,33,48,83",,27,"27,33,88,93",,"6,11,93","104,105","6,11,29,33,48,63,83,88,93","6,11,63",,,"12,14,55,57,81",,59,91,,"6,27,33,48,63,83","29,63,83","6,11,27,29,33,48,63"
YIL149C,"181,194,200,201,345,430,546,549,681,931,1117,1240,1285,1338,1340,1642,1651",,"52,546,591,712,714,722,724,725,797,842,1177,1269,1271,1338,1531,1534,1651,1666,1668","30,33,43,73,84,147,188,189,194,200,201,242,251,256,259,292,368,376,406,546,563,591,647,651,652,653,663,667,669,734,746,749,772,777,779,781,813,852,856,858,879,934,997,1048,1052,1122,1129,1131,1137,1177,1185,1228,1260,1290,1291,1338,1340,1376,1409,1417,1449,1456,1457,1475,1487,1666",,,,"164,330,553,714,748,781,971,999,1117","362,1331",,"135,139,556,1132,1189,1626,1629,1635,1636","196,197,199,202,729,733,872,1547,1565,1566,1575,1577,1584,1585,1587,1598,1612","357,359,420,478,480,496,497,758,761,771,868,872,1006,1147,1419","221,718,1425",,1121,"259,722,999,1315,1410,1438,1449,1456,1457,1534","879,1285,1340,1668","52,563,734,797,1438"
YIL150C,"147,148,183,189,198,220,361,446,491,506,524,525",547,"69,116,361,497,524,525","122,126,130,147,148,193,361,370,506,527",,,,"183,250,370,372,514,534","525,527",279,"15,78,325,403","111,222,437,438,441,477,488,493,498,499","17,18,66,68,76,322,388,533,560,561,564,566","13,149,256,523",309,309,"183,249,284,372,408,512,513,514","116,220,395,396,491,524,525","148,183,414"
YIL151C,"60,759,765,778,883,931,965,1013,1014,1071,1073",6,"104,241,1108","216,1095,1100,1108",,,,"782,783,1014",104,,"24,130,137,304,585,606,812,918,919,942,944,969,970","84,88,90,92,114,177,179,559,561,565,994,1005","119,125,200,412",167,"380,1097,1116",,"139,210,778,811",1073,"782,811"
YIL153W,236,,,,"98,249",,,243,,,"319,377,382","2,12,237","2,84,341,347",,249,,,,
YIL154C,,,,,273,,,3,,,,"19,22","98,128,211",,325,153,,21,
YIL155C,"252,258,433","4,649","189,195,258,433,434","258,433,553",82,,,"111,189,252,461",252,,"222,227,282","194,196,255,256","299,304,560",,279,82,"98,201,252,258,434",407,"98,108"
YIL156W,"38,372,641,643,748,806,816,920,974,1033",,"950,975","38,101,867,944,1047,1052",820,,"500,504,505,527","443,643","643,920",,"100,118,652,786,898,899,933,936,937,976,977,992,993,1005","849,850,924,925,929,930","155,522,872,918","106,394,397",677,677,"443,974","38,45,48,127,559,560,696,816","38,641,975"
YIL156W-B,25,,,,,,,,,,17,14,"6,9,14",,,,,3,
YIL160C,"9,23,48,51,198",,"214,217","9,23,48,51,55,198,263",379,,,"9,48,51,55,198,202,263,363",219,265,"42,248,272","250,307",253,321,"107,379","182,379","48,51,55,198,202,263,363",,"48,51,198,202,214,217,219,363"
YIL161W,168,,"11,12,130,153","4,11,12,126,129,130,132",,,,197,129,,,"65,135",25,139,118,,,"56,62",62
YIR001C,"85,105,120,130",,"91,139,223","130,132,133,139,219,223,231,247",87,,180,"85,130",,"99,200",207,"103,244","38,42,46","150,199",87,,,"6,10,14,241","48,51,105,120"
YIR002C,"194,430,557,564,565,698,852,932,953,956",508,"29,749,761","26,281,644,650,651,699,703,704,710,807,849,852,956","664,841",,,"335,564,565,761,766","194,466",,"25,231,623,744,773","31,33","3,775,776,791,927,989,991","7,92",,105,"495,564,565","720,846,909","22,557"
YIR003W,211,,"17,118,432,510","117,118,249,252,292,348,357,451,473,474,483,493",,,,108,,,"90,93,94,113,142,537","314,435,437,438,441","14,25,27,36,40,83,84,85,183,185,305,369,370,470,476,477,480,527,567,576,620,623,625,678",662,,585,,"348,514,520",108
YIR004W,"37,178,238,239,375,376,403,404","2,3",375,"28,29,73,161,188,189,191,193,237,375,376,386,403,404",,"28,29",,290,,64,170,172,135,,,,"233,290,312,375,396,403","193,248,409","238,363,375,403,404"
YIR005W,123,,"138,143,144","123,133,138,143",,,,,117,,,132,,"32,34",,,123,"78,112,117,123",123
YIR006C,712,,"351,595,712,719,734,739,770,774,775,778,780,801,980","630,672,688,698,775,778,847,853,874,875,975,1010,1152,1155",,,"1311,1318,1401,1470,1474,1475,1476,1477,1478,1480",257,791,,"117,284,287,364,462,531,590,648,649,802,979,1231,1333","57,170,176,239,241,412,415,421,581,702,703,704,983,986,991,1001,1002,1003,1005,1007,1210,1213,1214,1219,1250,1313,1382,1387,1389,1435,1461","372,373,709,745,750,890,893,894,896,899,1044,1045,1047,1049,1050,1053,1072,1135,1180,1430,1435,1437,1443,1447,1450","1006,1079,1433",,294,"601,712","257,694,698,705,707","616,791"
YIR007W,"4,175,289,311,345,454,458,525,526",,"33,37,330,331,593,683,741","33,182,281,286,289,319,328,330,331,492,499,508","241,323",,,"37,321,331,458",247,,"48,437,551,673","604,607,609,610","590,594,596,600","171,465","218,305,489,637",,328,526,"217,345"
YIR008C,"57,132,155,350",,388,"259,289",,,,"259,260,286",,,33,,61,"17,18,19,23",,,"74,155,260","388,395",
YIR009W,"97,100,105",2,,97,,,,,,,,"106,108",,31,,,105,27,97
YIR010W,"429,430,572,573",,"330,416,442,450,459","99,102,307,309,322,323,325,330,339,450,536",,,,536,"309,330",,"108,117,178,201,280,443","6,20,186,189,324,328,329","64,66,69,240,243,250,254,380,386,489,491,523,546,547,554",58,,,339,"73,325,330,455,459,504,536","536,572"
YIR011C,149,,,,,,,,,"74,82","142,242,308","11,12,15,17,18,20,21",,"136,141,145,211",,,,,89
YIR012W,"348,412",429,,414,,,,414,,,"55,56",,,,,,,414,
YIR014W,"216,220",,,,,,,62,,,,,,,,,,,220
YIR015W,"68,86,91,92",,"75,76,78,86,91,92","68,75,76,78,86",,,,"68,78",78,,,"77,79,80,84",,,,,78,4,68
YIR018W,,45,21,"95,98",,,223,,,,"184,229,232",,54,52,,,"98,103","7,9",124
YIR022W,95,,"116,117,122,124,131",,,,,124,,,,,,,,,124,131,"95,122"
YIR025W,,,,110,,,,16,,6,"125,164,196,204,205,208,209,344","268,269,271,273","9,210,216,222,293","47,182",,,,"16,24",
YIR026C,,362,"188,208,224,234,313","218,224",,,,,224,,"38,279",,,,117,,,192,
YIR033W,"177,217,347,562,647,705",1112,"177,244,656,741,853","134,207,647,656,741",,,,"175,179,493,619,1097","217,218,497,618,656",,"81,82,88,187,233,237,349,350,395,425,426,430,712,731,778,818,834,847,860,897","330,345,346,623","40,255,360,364,365,366,370,371,377,397,499,501,663,685,855,857,858,861,862,906,998,1003,1006","147,732","553,761,775",,1097,"64,179,497","647,1019,1020"
YIR034C,"173,181,184,225,229,264",,"35,173","35,184,348",,,,"27,28,32,177,184,229,348",184,233,,"22,24,307,308","22,158,167,274",,,,"27,28,181,184",,32
YIR035C,"47,74","4,7",227,,,,,42,,12,,,,,,,172,,78
YIR037W,"12,13,43,50,53,129",,"13,111,114,137","12,13,114,134,137",36,,,"6,13,114,129,135,137",135,,,"143,144,146,149",,107,36,,"6,12,13,50,53",114,
YJL001W,"28,109,159",,"140,175","12,13,59,124,183",,,,,,48,111,"37,39,40,41",,"44,130",63,,,,28
YJL002C,,,"392,421",244,,,"5,6",244,,,"314,378","243,257",,"3,387",,,,,
YJL005W,"675,1085,1498,1841",461,"193,210,232,280,329,331,547,553,624,708,727,952,956,993,1040,1110,1532,1881,1947","471,478,541,952,1482,1508,1514,1881",,854,,"675,737,864,1415",1881,68,"122,128,186,196,320,323,344,407,411,515,525,621,712,858,887,995,1041,1074,1075,1138,1195,1199,1200,1255,1267,1272,1275,1292,1296,1333,1462,1593,1616,1909","66,69,73,78,112,119,198,200,201,212,268,290,336,435,451,577,578,579,691,1646,1647","56,60,63,66,69,73,75,78,114,117,119,120,123,124,281,325,327,328,433,435,481,483,486,487,497,502,1428,1646,1647,1652,1900,1905,1944","62,64,65","1187,1390,1473",,"710,1415,1693","101,348,708,710,1208,1638,1951",2019
YJL006C,"38,94,101",,"26,210,215,267","54,100,101,127,215,268",,,,268,,262,211,4,218,"217,289","93,106",,"94,101,267,268",,215
YJL008C,"53,161,164,243,244,246,409,413,418,491,497",,"164,170,246,549","161,170,171,237,243,244,246,326,548,549","252,298",,,"246,409",,554,"112,219,483","65,70,381,382",505,518,"49,252","49,252","153,156,161,164,282,372,497","278,372",436
YJL010C,"216,223,259,617",,"96,99,223","99,223,373,378,381,454,458,595,597,654",,,,"595,597",99,,"220,429,432,503","102,103,221,222","230,233","38,341",464,,"243,595,597",,290
YJL011C,"32,39,70",3,,"25,26,32,114",,,,,,,,,96,,,,,,
YJL012C,"118,129,309,311,597,688",,"26,133","66,133,153,182,320,348,597,688",,"129,132",,"311,597","166,311,574,575",,"32,123,207,360","542,543,546,547,549,555",,,,,"143,256,309,311,564,597","35,182",2
YJL014W,"137,141,152,153,208,227,311",5,488,"184,208,430,432","248,284,352,371,377,451,518",,,"127,152,153,208,221,227,375",137,382,"9,24,479",26,"409,411,413",,"38,248,352,371,377,518",248,"141,153,221,386",386,"221,227,506"
YJL019W,"647,654",,"26,215,534","49,233,236,601,602,608",,,,"23,26,49,50,233,236,602,654","236,649",455,"2,278,303,304","223,263,528,653,659,660,661,662,663,664,670,674","59,107,134,189,190,194,217,218,229","62,111,206",,,492,,"76,77"
YJL020C,"201,261,284,285,287,858,1128",1155,"107,108,162,201,586,637,681,858,1128,1135","153,160,162,192,193,253,499,637,646,1008,1012,1087,1088,1140",,,"125,698,710,713,716,725,749,752,753,755,756,758,759,761,762,764,804","193,424,1012",9,,"211,607,611,658,833,918,960,971","2,344,426,429,487,494,497,503,541,595,631,634,636,787,796,851,854,981","18,77,78,110,112,166,259,541,545,549,565,631,638,640,670,683,711,723,738,754",651,,,"1065,1069,1071","107,108,193,314,318,370,906","192,193"
YJL023C,"2,32,147,153,159,209,214,218,310,335",,"143,146,147,153,169","157,159,205,207,310,312,335",,,,"89,143,147,159","214,218",,"163,171","5,6,9,23,31,36,39,43","43,50,52,241","114,228",,,"84,157,159,335","15,248",
YJL024C,"27,78,158",,166,"18,27,158",,,,,,,,,,"36,80",,,,166,27
YJL025W,91,,201,"457,506",15,,8,"93,415,499",,,"61,65,283,397,430",,"335,339,342,343,344",,249,,,,94
YJL026W,"288,290,345,346,371",,"20,23,47,50,371,378,384","47,50,56,60,346,378",,,,"345,346",,,155,206,"86,157",,281,,"50,60,74,101","345,346,349,387","92,101,345,346,349,365"
YJL029C,"134,135,290,297,553,610,749",,"171,177,179,610","74,101,102,297,301,303,330,331,333,336,469,488,497,543,720,802",,,,"101,102,179,333",,820,"103,190,247,372,405,645",,"647,737,781",,224,,"171,290,303,772","297,301,303,336,359,612,659","297,301,303,809"
YJL030W,"41,42",,"41,42,49",187,,,,42,,,115,"2,4,10,11",,,,81,49,,
YJL033W,"44,244,430,439,444,449,611,727,728",,"36,39,41,44,413,426,599,600,606","36,44,54,413,430,439,444,449,462,464,490,492,515,667,668,672,674,726,727,728",,,,,"27,29",,"184,542,552,608,708","9,10,435","589,692,714,721",,346,,"29,41,244,642","392,422,468","41,407,464,468"
YJL034W,"68,102,117,131,134,143,154,157,158,172,174,184,205,233,281,303,307,346,356,357,360,364,373,374,466,467,494,501,550,576",,"467,536,540,578,584,593,652","123,143,146,157,158,288,291,292,293,346,360,364,373,374,402,403,536,540,576,578,584",,"484,567,584",,"71,154,174,205,233,356,390,467,536,540,550,584,652",360,"95,512,560",,"84,86,91,223,643,650","461,660","87,486,665,676",,,"102,117,174,402,501,550","467,638","71,102,117,134,157,158,172,174,184,205,233,236,346,356,357,360,364,373,374,390,484,501,550,567,593,644"
YJL035C,"131,187","104,250",177,,,,,,,,"43,46,115,132,133",,,138,,,,,
YJL036W,4,,"16,147,316,318,390","4,153,214,217,218,228,369,390,395,396",,,,"4,250,252",318,203,"58,59,65","60,221","44,120,126,135,192,308",109,,,"147,250,252","318,334","4,214,218"
YJL039C,"103,628,1230,1283,1374,1425,1435,1436,1574,1642",,"43,628,895,902,961,964,1649","41,43,53,159,261,264,271,902,1283,1374,1425,1435,1642","446,1279",,,"253,567,568,895","136,892",,"44,45,372,383,550,573,724,725,903,953,1009,1012,1129,1299,1346,1468,1473,1500,1579,1659,1660","346,370,1478","47,49,575,583,1125",,1232,1279,"43,1425","264,964","103,159,303,902,1374"
YJL041W,"308,350,365,369,370,403,445,460,464,465,483,484,517,536,555,574,585,594,660,661,692,822",,"490,613,619,623,628,635,778","384,389,498,503,517,521,635,661",,,,,,,"19,20,21,23,88,130,131,134,136,151,152,162,201,206,226,275,279,351,352,353,446,447,448,634,761,770,771,774,777,810","5,11,14,17,31,86,96,107,114,117,132,133,135,137,138,171,199,228,236,272,273,277,278,280,281,283,285,290,298,299,304,336,391,393,394,399,431,494,497,543,551,570,580,581,589,614,615,617","5,11,214,215,218,304,323,328,342,356,361,366,380,394,399,418,423,437,451,456,461,475,480,494,497,499,513,532,543,546,548,551,554,557,580,581,696",,,,,599,"189,190,207,234,263,289,294,308,313,327,332,338,346,350,365,369,370,376,384,389,403,408,422,427,433,441,445,460,464,465,471,479,483,484,490,503,517,521,522,536,540,541,547,555,579,585,594"
YJL042W,"151,289,573,721,853,884,887,1110",,"284,289,295,304,327,331,1030,1053,1278","4,11,284,289,778,884,887,891,895,1046,1053,1056,1156,1251","17,743",,"267,269","289,327,721,845",659,"602,1158","355,376,400,403,479,618,788,900,903,967,968,1145,1146,1348,1394","98,102,218,220,224,254,255,296,297,299,301,302,378,380,500,606,1001,1002,1012","81,85,111,113,117,120,174,176,178,191,195,213,297,299,301,302,309,311,606,607,608,732,1012,1072,1147,1150,1271,1274","227,228,243,394,1022,1024","17,645,1137","17,743,1127","281,284,887,1262,1308,1309","573,1056","726,1083"
YJL043W,,,,,,,,,,,15,"104,107",,,"48,91,179",,,,
YJL044C,"244,268,273,274,275,374,396",,,"25,138,274,369,374,378,384,416",390,,,,,,99,"98,101,102",457,,390,,"25,35",,138
YJL045W,"77,163,167,320",,485,"163,236,320,485,594","74,290",,,"163,167,344,608",,"340,576","196,197,525","19,20,22,241,318,443","237,495",,"49,74","74,290","163,167,320,508",346,163
YJL047C,"73,243,365,811,841",,"475,819","289,372,463,513,521,738,739,811,819",149,,,"83,384,841",463,,"3,159,255,501,527,584,585,685,730","5,758,760","15,20,757,758,760","274,331,339",714,,"65,611,704,819","8,31,791","95,811"
YJL048C,,,"180,383","128,249",,,,"152,169,183",,,"49,65,176,270,271,315,318,321,359,367,372,376,377","305,314,317,319,346,348","241,260,261,378,380","137,322",,,"152,183",,249
YJL050W,"202,391,416,623,972,981,1036",,"72,74,75,736,978,1051","202,377,382,387,437,569,573,623,624,629,630,787,827,834",160,,,"573,856","355,1015,1036","522,774,1006","369,1047","205,413,415","427,433,769","646,727,1020",1014,,"462,562,569,573,654,792,812,964,987","42,355","202,208,355"
YJL052W,"46,55,63,101,108,137,143,160,184,213,217,225,258,261,269","16,186","115,116,137,143,213,217,249,257,258,261,304","192,217,249,261","150,154","225,261",,"55,108,137,142,143,184,192,213,217,249,257,261,269","213,217,225,258,261,269","195,198","134,147","123,124,125,207,209,235","149,178,180,182,185,190,296,310","43,47,312,318","150,154","150,154","101,108,192,213,217,246,249,257,258,261,331",331,"46,55,63,71,116,142,143,160,184,213,217,225,261,269,307"
YJL053W,"22,153",,"82,92,93,153,199",,256,,,325,,,"32,88,343,347","96,97,98,99,100,101,102,201,202,219,224,238",113,,256,256,"36,153,369",,325
YJL054W,"15,203,232,331,432",,"15,24,165,173,182,428","24,432",403,,,"7,11,56,58,203,222,249","24,58,203",,"160,321","46,162,167,169,170","193,323","115,121,339",409,242,203,"331,471","268,422,432"
YJL055W,218,,,,,,,,,,"139,232","10,11,20,70",,,,,,,218
YJL057C,648,,,,356,,,224,,,"40,41,121,549,572,583,599","424,425,426,427,430,432,433,435","67,261,295,297,299,596",436,,"285,620",,,
YJL061W,"269,274,629",,"274,443,659","569,573,580,586,587,607,617,674,675",,,,"129,269,361,573,587,695",,,"31,58,170,171,198,228,345,346,398,449","4,8,615","236,239,464,470,521,615",,568,"499,503","269,274","269,455,517,711","128,129,274,659"
YJL062W,"223,628,760",,,"223,624,628",,,,"217,358",,,"145,146,184,185,298,506,507","109,111,679",132,,,,"193,217,228",,"624,628"
YJL062W-A,15,2,,15,,,,,"76,77",,,6,,,,,,,
YJL063C,,"3,233,235","215,225,227,228","13,150,172,175,177,224,225,227",,,102,,,,116,,"122,129",,,,,,150
YJL065C,,,,"19,110",,,,,,,"2,3,140",,"17,164",35,,,,30,110
YJL066C,"22,79,84",,"191,192,210,242,244","191,192,204,210,235,242,244",,,,"19,22,84,192",,,,"199,201,202,203,206","154,156,157","44,184",80,,"19,22,215,218,244","120,123,210,215,218,242,244","215,218"
YJL069C,"154,341,475,477",,"219,239,338,341,564","144,170,226,231,232",,,,"142,341",,,"9,141,151,242","140,148,259,265,566","95,128,182,184","160,275",,,,"134,359",341
YJL070C,"149,226,596",4,"26,28,154,220,222,226,328,721","328,340,435,731,737",350,,,"48,321,322,435,474,596,598,830,831",,,"23,27,150,777","20,140,262","34,41,43,178,180,188,189,195,712,751","107,260,373",350,,"172,721,731",831,"154,240"
YJL071W,"11,42,171,368",,"288,362,463","113,319,320,321,395,402,409,417",,551,,"42,363,402,409,417",,,"28,45,210,225,572","281,350","94,397,398",,,"175,177","363,409","33,37,118,248,249,321,368,386","11,407,409,417"
YJL072C,158,,101,,,,,,,42,"46,164,172",107,"201,204",,,,131,,"58,106"
YJL074C,"180,198,629,632,637,655,689,767,910,931,935,1032,1034,1173",1230,"112,125,150,178,180,289,291,387,523,528,551,728,996","158,178,180,184,185,269,279,280,289,291,300,309,318,349,351,354,364,379,386,387,394,396,469,471,619,637,652,699,750,751,767,770,802,810,818,909,910,914,924,925,931,939,940,996,1003,1004,1010,1032,1037,1196",,,,"280,291,551,642,655,770,1004,1066,1173","342,653,802,1003,1004,1010","121,227","16,22,254,255,292,506,508,607,692,774,817,820","39,124,259,363,606,608,609,610,694,945","436,813",53,1183,,"112,113,158,300,339,342,386,387,549,551,620,622,642,1003,1037,1066","530,619,620,622,689,754,1205","198,339,603,718,996,1003,1004"
YJL076W,"140,155,265,266,396,566,571,659,693,749,806,948,1163",,"266,268,393,396,469,566,571,580,648,651,741,749,756,778,790,806,812,960,1037,1098,1103,1163","486,495,504,531,566,651,665,741,806,853,942,948,1045",117,1174,,"140,289,651,692,693,948,950",756,307,"36,58,67,205,562,576,577,856,973,974","48,195,196,197,252,330,439,440,471,473,476,478,700,782,784,785,811,815,819,877,917,1017","224,228,231,242,252,282,288,295,297,302,384,385,388,433,437,439,440,447,452,496,497,500,701,723,724,734,787,858,1055,1056,1082,1084,1085,1158,1161","51,219,403,410",,,"377,380,566,692,693,756","97,366,571,651,665,693,805,812,855,876,1063",876
YJL078C,,,"193,201,469,694,781",,,,,,,,83,"146,148,149,180,181,182,184,185,188,189,191,224,226,227,229,256,267,272,273,274,278,322,323,324,326,327,329,331,332,334,352,355,402,403,405,406,407,474,477,478,479,480,483,485,524,525,547,548,553,581,582,583,586,587,588,589,592,603,613,614,633,702,703,706,707,708,760,764,765,766,767,768,774,783,786,791,807,813,814,815,825,826,831","324,326,327,329,331,332,334,337,401,402,403,405,406,412,573,575,598,670,672,674,690,691",,675,,17,,
YJL079C,,4,,,,,193,,,,,"41,44,61,64,66,83,124",,"268,272",,,,,
YJL080C,"102,248,254,313,322,350,622,920,931,999,1033,1139,1211,1218",,"56,215,263,308,431,544,636,682,845,849,942,951,999,1049,1129,1130,1147,1206","47,149,189,254,258,308,313,321,322,331,461,544,615,618,699,700,707,708,845,920,924,931,942,1130,1195,1206,1211",,,,"48,107,149,189,248,296,622,653,741,951","350,618,622,934,951,996,999,1000,1195",,"212,259,403,546,676,677,694,898,1046","83,85,87,312,314,325,630,655,900,1047,1048,1120,1123","6,10,13,14,50,282,626,630,632,633,635,900,1089,1091",1201,,,"136,313,321,322,924,931,934,942,1142,1195","107,125,248,254,532,700","246,248,263,270,308,322,398,618,622,911,920,934,942,1195"
YJL081C,"46,54,55,72,210,473","470,478","46,178,227,259,343,350","54,55,253,259,326,430,436",,,,"54,55",,"487,489","116,331","258,260,328,349,352,353","340,349,351,352,353",450,,,"195,196,201","54,55,210,213,259","72,267"
YJL082W,"11,516,665",317,"100,109,114,537,538,664,665,718","25,107,109,175,181,408,541,543,563,564",,,,,,549,"13,368,370,376,381",,"7,15,192,195",709,,,"57,516",,400
YJL084C,"97,164",,"164,328,430,445,447,629,631,728,746,747,901,903","447,746,903,912,919",,,,"447,512,631,903",631,,"157,174,183,244,245,273,330,824,827,898,953,1034","79,205,240,855,878,879,881,882,883,884,887,890,891,999","25,153,155,161,162,166,171,172,197,199,200,203,213,254,487,556,560,561,581,582,586,639,646,653,656,657,749,803,805,806,826,829,832,878,882,883,887,931,991,1040","488,894",,529,"189,447","752,903",773
YJL085W,"31,83,317,608",622,"31,35,83,90,355,564,567,574,605","34,222,228,292,317,322,538,540,562,564,567,574,605",,,,"228,409,567",564,,"30,164,395,462,479","39,40,43,44,67,296,358,360,361,404,572,576,579",539,"261,264",389,,292,"34,35,355","75,562"
YJL094C,475,,"537,539,800","532,634",,,,"146,532,537",,,"18,72,145,486,516,555,616,755,757,786","80,81,439,529","441,442",,,,"146,532,537","562,800",
YJL095W,"199,543,584,590,659,757,760,810,843,987,1041,1112,1167,1171,1177,1458,1476",,"193,226,230,232,246,249,322,341,434,536,543,548,549,558,564,579,584,590,664,749,846,1050,1063,1072,1132,1167,1462,1467","37,41,199,216,424,502,511,543,548,549,558,584,590,825,828,843,1104,1162,1164,1167,1449,1455,1458,1467",1317,,"349,482,483,796","532,1462","662,664",305,"65,83,103,459,489,566,597,628,1004,1443,1464,1475","30,31,32,35,63,66,67,69,198,200,202,268,273,275,300,317,411,497,504,505,506,507,586,589,651,652,718,765,768,774,775,921,922,923,947,1070,1076,1077,1079","15,19,227,229,234,236,237,238,240,243,250,259,260,261,263,266,268,270,273,319,324,335,337,338,340,342,344,391,393,410,411,478,480,496,652,663,665,669,746,747,759,815,816,820,822,823,824,1002,1005,1007,1009,1027,1053,1058,1060,1061,1064,1320,1325,1328,1465,1466,1471,1472","185,797","517,1317",,"211,536,885,1167","403,549","532,536,590,644,745,986,987,1072,1177,1233,1305,1449"
YJL096W,125,"133,141","40,43,103",50,,,,"79,81",,,"90,110","30,32,33,35",146,,,,81,,50
YJL098W,"7,32,318,527,708,1050",,455,"156,159,160,902,904",,,,"454,455","767,769",,"44,79,122,416,488","422,635","52,54,57,187,189,374,845,883,886,906,908,941,946,952,954",64,355,,"32,454","7,20,898,902,904,912",454
YJL099W,"217,468,473",,"120,278,507,607",389,,,,"278,468,473,507",,,"57,125,309,361,425,440",709,605,"32,684,691",,,"30,41,89,278,449,468,504,507","389,468","30,507"
YJL104W,47,,,,59,,,"34,91",60,,"39,134,137,143",,,,,,,,34
YJL109C,"149,346,549,591,676,996,999,1174,1631,1664",,"540,676,768,770,1102,1107,1108,1109,1348,1372,1668","292,307,459,460,1107,1108,1109,1611",914,,,"27,321,822,1322,1372,1611",1372,1766,"14,15,51,203,477,480,608,698,709,712,1123,1469,1518,1519,1676,1677","361,368,409,421,425,852,1035,1104","530,532,587,719,725,932,934,1213,1215,1217,1218","630,635","163,901,914,1699","344,418","981,1491",,"460,1379"
YJL111W,"41,221,222,234,422,467",,,"81,202","33,314,374,454",221,,,"71,222","544,546",,"164,416","134,149",226,"33,314,374","33,374",254,"127,202,203,342,434","59,71,81,197,221,222,407,494"
YJL112W,"12,126,675","3,68,709,714","215,603,696","91,143,153,375,603","446,494",,,"96,368,433",,"522,530,594","51,70,73,95,140,174,245,482,686","13,16,17,48,220,519,523,621,623","222,568",695,"446,494,618",,"120,143,144,183,216,324",144,"433,556,694,696"
YJL115W,,,,,,,"164,167",,,,"218,221",278,"232,265","111,117",,,,,
YJL117W,"146,148,156,247,296",3,"146,148,156,266,272","148,156,159,247,270,271,272",,,,,,,"180,181,200",,,,,,"146,148,159,271","148,306,310",156
YJL122W,37,43,"46,51","46,108",,,,"37,102,108",,,"64,68,76",90,,58,,,,11,
YJL123C,300,406,"41,50,80,84,85,169,300,344","27,79,80,84,85,169",,,,"284,285",,,"73,168,193,378,380,425","165,170,190,266,427","142,330,436",227,,,325,5,
YJL124C,,,,"139,145,156",,,,,,99,"4,9,39",,"5,11,27",,,,,,
YJL125C,"238,320,322,328,333,340,346,363",289,,"373,383",,,,,,,"161,188,189,366",,"35,302",,,"228,232",373,"54,65",320
YJL128C,"4,262,267,337,473,476",,"34,176,262,267","13,124,214,252,253,262",522,501,,205,237,,"72,134,305,320,349,373","40,41,112,192,238","17,36,37,38,39,40,66,68,71,74,80,81,83,192,193,283,285,286,287,296,297,300,303,375,499,508,514",43,,,,,476
YJL129C,"44,439,599,612",,"296,299,345,350,352,353,446,486,761","21,181,184,191,345,350,352,353,361,363,367,457,486",,,626,"473,1068",1221,279,"99,100,169,369,501,677,1135","15,153,155,176,276,420,957,1069,1234","6,8,12,153,155,205,208,212,229,230,232,303,307,412,414,445,449,450,490,491,493,534,554,590,592,693,1015,1017","708,715,716",,898,"191,345,352,761,1102",428,"457,636"
YJL130C,"252,791,864,871,880,948,1080,1180,1241,1917,2069,2158,2180",1729,"129,466,489,494,1238,1598,1829,1831,1990,2164","635,739,783,790,791,822,939,1180,1238,1349,1357,1382,1670,1917","330,338,708,780,1477,1964,2003,2132",,,"295,318,320,791,864,865,939,1180,1241,1361,1456,1829,1831,1917","129,469,871,948",,"835,1054,1488,1519,1649,1728,2034","156,764,766,768,769,796,797,1332,1333,1338,1570,1585,1591,1593,1595,1597,1837,1840,1844","741,797,1500,1797,1857,1859,1885","1168,1453","330,338,572,708,1477","330,338,708,1001","205,294,295,417,641,864,865,1174,1180,1917,1989,1990,2180","431,574,885,1151,1180,2180","440,638,641,739,783,790,791,871,948,1174,1241,2158"
YJL131C,"70,121,176,177,239,284,316",4,"114,117,140,177,188,198,201,207,208,216,243,251","3,121,167,177,207,230,239,240,333,338",,,,"140,312,316",,,"33,82",106,,,,,"70,188,239,240,312",,"167,201,284"
YJL136C,"5,16",13,,16,,16,,,,15,,,"68,84,86",,,,"5,38",,
YJL137C,,,,"56,85,94,339",,,,,,,"201,224,260,335","351,352","340,341",,,,,56,
YJL138C,"165,225,226,304",359,284,"225,226,272",267,,,"225,226,272,279,284",226,,,"292,308,310,311,316","2,6",291,124,267,"89,226,304","214,225,226,341,357","272,304"
YJL139C,422,,63,"33,36",225,,,,,,"77,82,92,101,167",,"394,398,403","74,78,185",,,418,422,
YJL140W,201,3,,"78,80,83",,,,"60,201",212,,"2,51,150","159,169",203,,,,,,201
YJL141C,"331,385,602,605,606,801",805,"126,299,643,772",,"505,628",,252,"602,622,639",,"46,135,190,652","2,5,6,18,116,160,215,741,776","28,151,735","19,21,28,31,38,118,127,327,379,659,663",530,521,,622,,
YJL145W,"17,50,143,154,251,261",293,"236,245,261,264","9,16,17,26,143,235,236,263",94,,,"17,26,63,66,97,135,143,236,251","50,55",59,"189,265,266,271,274",,,36,"94,190",94,"16,26,55,143",,"55,63,135,192"
YJL146W,358,,22,22,,,,,,,"62,182","23,27,39,45,70,143,144","23,27,119,122,126,130,176",,,,,383,
YJL147C,"25,29,320",,109,"21,25,29,154,320",,,,"83,84","150,151,154,295,298,299",193,"52,108,216","28,334","56,112,113,119,120,121,317,322,323",,,,"299,320",84,33
YJL148W,66,,"3,31,66,116,120,144,152","45,46,47,66,120,126,135,227,228,230",,,,"68,120,152",,,106,,"5,10,12,14,24,93,97,98,100",8,,,126,"144,167","57,135"
YJL149W,"9,10,11,282,360,628",662,"20,41,43,499,636","133,292,323,326",188,,,"9,10,11,20,43,81,133,134",,300,"94,97,109,182,225,311,416,480,489","160,161,482","525,638","92,625,627",,,323,"41,120",283
YJL153C,"18,22,97,322,394,395,403,473",,"13,208,216,373","22,322,395,462,468",436,,,"22,322,406",,,"210,258,359",31,132,404,"19,399",,"22,231",,"208,238,468"
YJL154C,"122,613,831,834","941,944",,"367,369,374,709,729,827,831,834,915","128,248,656",,469,,,141,"300,375,543,642,643,892","399,400,401,402,488",434,,"490,926",,"15,607,608,831,909",149,
YJL155C,"184,186,241,242,258,259,293,331,407","49,56","407,410,412","241,242,258,259,293,294,298,407,410",308,,,"45,117,241,242,407,412",259,"171,337",272,,151,"154,334","15,308",,407,"242,412","87,325,331"
YJL159W,"309,317",,"51,119,262,317",,,,"4,7,334",,,,,"36,37,38,39,40,42,43,46,47,49,50,68,69,70,72,74,75,77,78,83,93,94,96,97,102,121,126,129,139,144,145,150,160,161,162,168,169,174,184,185,187,188,193,203,204,206,207,212,222,223,225,226,231,241,242,244,245,250,253,261,263,264,268,271,278,279,281,282,284,288",,,,,317,,
YJL164C,"220,225,233,336",,,293,243,225,251,,,209,"260,330",,"37,92,95,97,239,241,245","234,240,248",,,"289,293",,"220,225"
YJL165C,"80,362,539,540,839,841,852",853,"23,147,406,452,455,458,527,539,540","23,27,362,388,455,458,524,527,539",,,,,"388,444,781",,"61,222,225,232,259,271,587,636,639,642,643","10,29,51,54,60,489,494","10,11,17,19,21,63,64,66,68,72,95,97,101,104,110,113,116,217,233,235,236,239,277,324,479,651,656,782","150,846","289,291,667,843","289,842,843",551,,"518,539,540"
YJL166W,,"92,94",,,,,,,,,,,25,"27,81",,,,,
YJL167W,"223,263,320,323,325",118,"188,336","184,220,223,290,297,299,300,306,320,323,325","114,264",,,"184,220,223,325","18,220,223,336",,"24,68,262",,43,311,,,"223,289,290","306,336",323
YJL168C,"25,438,455,538,539,541,663,667,672,675",,"293,428,433,468","130,340,447,468,539,541,607,651,667,672",88,,253,"126,130,468,541",,,"4,198,390","509,679,718,719,722","8,10,522,524,525,526,531,537,725,726,730,731,732,733","119,492,493","50,88,201",,"55,459,460,468,541","228,302,500,541,676","428,433,438"
YJL171C,,,287,,,,,27,,,"31,32,80,103,155,200,230,281,309","82,84,345,346,348",,"6,153,180",,,,,
YJL172W,"62,183,442",,"107,140,359,360,442,449","8,12,359,360,442",63,,,"107,437,438,442","438,544",,"88,175,176,228,381,525",,"60,70,72,79,478,480,481",,,368,442,"65,360",74
YJL173C,,,,,,,,"116,117",,,"47,64",,,,,,,,
YJL176C,"318,529,760,771",,"253,286,461,463,638,742","534,693,697,702,703",,,,"338,402,439,442,706",,"420,677","12,25,370,730,732,754","59,63,68,154,231,413,414,601,625","91,94,110,150,446,447,449,511,662,663",,,,"534,551","220,641,776,810",
YJL177W,"27,46,74,124,138,153",,"13,74","27,80,89",,124,,74,,"126,127,128,131,135",64,"7,8,9,79",,"21,113,139",,,"27,46,74,80,89",,"27,46,124"
YJL178C,"16,147",252,"11,99",16,59,,,,,"213,246",,74,,,"3,52",59,"5,10,11",,16
YJL179W,"57,108",,"40,66","40,41,50,98",,,,"50,57",41,,,,,,,55,"40,41",,66
YJL180C,"68,324",,"49,53,57,66,227,231,232,266","49,53,57,227,232",,,,,,,198,"42,44,48,50,119,120,254",303,,,9,"49,227,266",68,227
YJL183W,"8,28,118,189",,"8,10,290","130,131",,,,"4,8,10,28","130,131",6,,,"19,61,404,407",,"35,408",,8,118,"28,31,118"
YJL184W,16,"5,123",,"51,59",,,,,,,,17,,,,,,51,
YJL186W,"439,449,542,547,549,579,585",,"40,67","52,126,222,439,443,447,449,457,554",,,,"542,547,549",,513,"111,113,136,259,264","115,308,317","71,72,95,305,308,315",,"84,206,538",,"443,447,449,549",7,"216,331,470,549"
YJL189W,,,,,,,22,,,,"32,33",,,,,,,,
YJL190C,"19,22,36,43,71,82",129,88,"19,22,88",72,,,,,,,,,52,72,72,82,60,"32,71"
YJL191W,"37,48,50,83,93",6,,,72,,58,50,73,53,25,"32,44","92,94,120,124,126",59,72,,37,"48,50",83
YJL192C,"6,104",211,,,,,,207,,,"15,33,65,92,95,150",133,,,,,,,
YJL196C,,2,"303,304,308",303,,,,87,,,257,,,,,,,,
YJL197W,"504,505,951",6,"592,750,1121","118,592,597,750,1121,1128","154,967",,,"504,505,1139","444,951,1139",,"197,201,296,518,717,775,776,810,838,1151,1177","363,364,834","748,882,883,1019,1021,1092,1101,1220,1224,1225",220,124,,"504,750,890,1044","46,488,837",
YJL198W,"149,170,272,273,276,655",,"59,238,272,833","65,155,164,243,244,272",,,,"170,173,174,276,379","170,379,735",,"53,327,827,877","52,96,118,740","63,102,117,118,119,121,122,124,125,598,599,602,603,609","384,385",,,"68,149,155,164","332,336","50,160,164,310"
YJL200C,"31,46,59,87,322,442,522,525,584,590,760,767",,"44,46,84,230,234,367,376,401,719,774","44,46,135,330,401,517,525,530,590,594,634,760,762","66,154,448,451,595",,,"46,87,401,522,525,581,584,594,751,762",225,92,"113,177,387,615,619,713","25,404,467,469,472,473,499","354,358,679","390,618","66,281,385,448,451,595","385,448,451","87,225,330,522,530,536,581,584,702,767","31,367,553,561,584,590","37,46,59,405,442,522,627,634"
YJL201W,"231,288,314,322,330,442,564",,"222,322,426,428,507,560,564,570,574","92,285,314,322,536",394,,446,"89,201,202,322,330,332,564,570","41,332",,551,"370,408,413,415,451,553,554,555","364,404,408,410,411,413,415,422,456,481,483,486,490,492,493,494","179,347,414","210,394",,"221,332,564","426,503,507,514","231,570,574"
YJL203W,"13,143,154,155,157,234,263",,154,"20,154,155,157,256,266,279",,,,"105,107,157,183",,75,126,"238,242",,146,,,"97,240","9,13,40,41,51","40,41,116,143"
YJL204C,"145,619,621,791,798",,"40,138,206,304,400,784,787,791","40,44,261,544,548,553,614,615,631,688,733,791",316,,,"138,139,614,615,621,761,763,787,791",787,,"41,333,360,363",,"67,577,676,679","321,396",,,"138,139,145,308,400,619,791,827",327,"138,139,145,206,208,394,614,621,791,827"
YJL207C,"7,8,35,210,219,225,530,890,971,1633,1822,1881",,"134,135,136,219,427,661,796,1197,1362,1483,1485,1550,1561,1621,1740,1969,1973","125,126,129,134,135,177,178,182,210,526,1291,1362,1481,1485,1822,1966,1969,1973","486,952,1637",,,"7,8,210,219,1481,1485,1969",,,"3,378,379,404,573,574,652,674,711,721,788,884,1120,1389,1539,1547,1684,1903","12,425,426,576,577,578,579,897,1186,1364,1504,1505,1977,1978,1979,1981","5,113,119,384,386,1191,1194,1195,1549,1553,1732,1734,1907,1910","137,139,554","905,952",,"219,1550","435,441,949,1298,1561","7,8,1741,1973"
YJL208C,"121,317,320",,317,"108,113,121,202,203,293,297,317",301,,43,"202,203,297",,,261,227,,,301,"2,301",314,,
YJL209W,"178,475,525,532,549,642,643,650",649,"185,186,443,471,531,532,538,546,642,643","43,117,118,177,185,186,521,525,531,532,538,635,642",,,,"36,58,532,569,571,635",67,,"27,95,401,404",391,,541,,389,"117,177,178,185,186,317,531,532,632,635,642,643","177,178","177,178,185,635,643"
YJL210W,"113,199",,"199,207,219",207,,,"223,229,232",219,219,,29,82,268,271,"102,122,225",,,,
YJL212C,"586,774,782,783",,"162,261,398,415,782,788,789","459,462",,,,"175,417",,,"45,46,400,574,634,640,710",,,584,160,160,"478,782",162,415
YJL217W,"35,112",2,"146,147",17,,,,19,,174,,,198,,170,,17,,
YJR002W,"18,192,327,333,447,503,510,569",,"18,25,28,46,407,533,535,538,559,561,569,572,578,581","18,25,28,295,323,327,500,503,510,549,559,572,573,580,592",38,,,"18,559","25,592",,"40,93,486,562,567","2,10,408,462","108,124,128,137,139,146,168,169,176,177,210,537",181,38,,"25,165,242,559,573",45,"18,273,404,407,549,559,561"
YJR005W,"25,26,140",,"35,40,605,607","25,26,28,660,681,685",,,,429,,,"30,293,437",,"378,381,612,641,643,647,652,687,688,694,700",79,132,,"26,87",346,
YJR006W,"45,46,74,454",,"424,457","7,46,70,92,365",,,101,"45,46,74,115,454",7,,"18,35,38,124,221,223,224,329,332,337",207,"20,225","53,54,57,59",260,,115,,"115,317,454,457"
YJR007W,"61,97",,87,"87,137,175",192,80,,80,"146,175",,263,,"52,285,292,294,301",82,,192,170,97,"78,80,87,183"
YJR008W,,"213,335",111,,45,,,116,237,,313,,,212,284,178,,,
YJR009C,"46,63,108,143,160,184,213,217,225,257,258,261,307,331","2,4,16,186,326,329","115,116,143,213,217,249,257,258,261,304","63,192,217,249,257,258,261,269","150,154",225,,"108,184,192,213,217","46,137,213,217,225","195,198",147,"120,123,124,125,207,209,235","178,180,182,185,190,302,310","43,54","150,154","150,154","46,101,108,137,192,213,217,246,249,257,258,261,331",269,"46,63,71,115,116,143,160,184,213,217,225,246,249,261,267,269"
YJR010C-A,,,,,,,,,,,,,,,,,,85,
YJR010W,297,288,"125,218","19,131",,,,131,,190,"124,355,434,435","126,349",,308,,,"125,131",,469
YJR011C,"30,31,219,221",261,"18,31,219","177,229",,,,221,,,"8,45,70,232","7,128,129",,,,,,"80,240",240
YJR013W,53,,,,,,,53,,,,207,54,,,,53,,
YJR014W,"28,71,74,126,127,130,144,148,186,187",,"173,176,179","176,186,187",,,14,"98,130","74,78,173,176,179",,,,96,39,,,"126,127,130,179","98,102,130","126,127,179,198"
YJR015W,185,,,,,,,,,,"138,139,204,215,222,270",250,"71,73,178","13,447",,160,291,,
YJR016C,"21,334,338,420,424,430,456,546,569,572",,"183,380,381","49,50,54,55,109,380,430",,,"69,216,218,558,560","25,87,380,381,424,430","54,200,266,267,281,381,430,477",467,"243,576,579","14,15,422",,"26,28,44,339",176,258,"49,50,420,424","50,91,183,393","6,34,54,452,456"
YJR017C,106,"165,169",24,"106,115",120,,,24,106,125,82,,77,,120,,,24,
YJR019C,"5,318,348",,,"153,160",,,,"72,318",,,,"27,37,162,166","21,23,242","209,339",,,,,"153,160,318"
YJR022W,102,,82,92,,,,47,,,,"4,39",,,22,,6,92,
YJR024C,139,,"133,139,145",146,,,91,"99,100,133",,,,144,,"50,51","185,230",185,179,,146
YJR025C,,,,,,,174,,11,114,,,98,,166,166,167,160,
YJR027W,"307,491,748,752,1226,1441,1448,1453,1632,1637,1739,1744",,"186,289,379,381,396,615,1001,1002,1022,1113,1440,1441,1447,1448,1453,1503","45,652,814,1226,1249,1276,1281,1299,1378,1379,1440,1441,1447,1448,1453,1482,1503,1506,1680,1694,1700,1709,1739","758,1645",,178,"254,515,752,1249,1441,1447,1448,1680","1495,1506,1680",1275,"278,333,369,376,408,445,448,575,616,617,623,743,775,991,1073,1074,1104,1160,1185,1664,1665","40,318,577,760,761,956,1039,1067,1069,1114,1116,1117,1169,1174,1177,1688,1738","7,10,13,16,23,36,71,157,356,365,411,418,420,421,422,809,960,962,964,965,1005,1006,1032,1051,1053,1055,1093,1095,1099,1140,1142,1181,1187,1203,1508","1054,1272,1273","18,43,540,758,788,1645",758,"207,368,379,381,1440","1113,1190,1357,1474","289,368,491,748,752,817,1178,1263,1276,1448,1453,1680"
YJR029W,"307,491,748,752,1226,1730,1731,1739,1744",,"186,289,379,381,396,559,568,569,615,1001,1002,1022,1113,1503,1632,1637","45,652,814,1226,1249,1276,1281,1299,1453,1482,1503,1506,1676,1680,1709,1739","758,1645",,178,"254,515,752,1249,1447","1495,1506,1680",1275,"278,333,369,376,408,445,448,575,616,617,623,743,775,991,1073,1074,1104,1155,1160,1185,1664,1665","40,318,577,760,761,956,1039,1067,1069,1114,1116,1117,1169,1174,1177,1738","7,10,13,16,23,36,71,74,77,79,157,356,411,418,420,421,422,809,960,962,964,965,1005,1006,1032,1051,1053,1055,1093,1095,1099,1140,1142,1181,1187,1203,1508","1054,1272,1273","18,43,540,758,788,1645",758,"207,368,379,381,568,569","1113,1190,1357,1474,1530,1532","289,430,491,568,569,748,752,817,1178,1263,1276"
YJR033C,"164,569,570,612,942,949,955,960,963,1017,1339",1357,"270,317,319,533,688,1210,1326,1329,1339","391,942,955,1342,1344,1345","55,450",,826,"193,569,570",,,"11,24,185,210,211,237,298,299,325,368,369,386,601,617,707,833,1120,1121,1132,1271","161,1231,1237,1272,1273,1274,1275,1277,1281,1282,1283,1284,1288","249,871,1003,1295,1297,1299,1306,1328,1336,1349","545,733,1218","55,1049",,127,"202,488","570,723,948,949,955"
YJR035W,"19,59,128,142,157,282,486,487,638,1068,1071",,"19,34,85,115,150,415,421,570,973","157,421,422,457,462,570,580,709,877,1017,1071",,,,"709,875,945",105,1070,"41,77,78,197,416,504,541,544,719,720,983,1083","79,417,922","199,265,426,848,850,853",,260,627,"105,142,171,176,1061","142,391,570,575","131,142,157,596,1017"
YJR039W,"27,267,273,277,530,714,717,720,724,894",,"267,273,277,497,1093","111,221,267,273,720,803,805,1092,1093,1098,1103","513,674",,,"111,267,581,714,717,720",919,,"139,227,408,484,763,768,771,887,902,905","167,168","800,807","517,1031","574,674,712","427,674,712","273,277,520,759",,"261,267,273,277,1103"
YJR040W,"136,709","6,744,778",192,"660,748",,,,,725,,"295,328,417,515,599,657,669,672","222,223,483,655,694,702",,,,,,136,
YJR041C,"27,37,40,47,239,732",,"27,93,97,823,1091","92,96,97,99,299,1166","288,916,1072",,,"40,821,1166","556,705,710",,"137,172,178,212,476,477,558,572,573,574,590,593,608,648,649,1076,1086,1087","118,208,211",,781,"191,288,886,1072",,"93,192,732,840,841,1159",705,"19,37,732,907"
YJR042W,"68,237,238,536,564",,"85,87,89,231,237,238,297,501","68,70,89,163,307,734,738","264,614",,,,,122,"28,29,141,558","178,180,722,723","440,444,599","173,223",264,,,30,64
YJR043C,"317,325,333,346",,"110,122,301","317,324,325,336,337,350",,,,45,157,,,"274,276,328","313,322,323,340,343",297,59,,,"283,324,325","324,325"
YJR044C,,,,,,,,,,,,,137,,,,,,
YJR045C,"72,98,115,120,123,150,152,161,164,183,211,317,322,344,345,348,377,382,386,544,546",122,"123,344,345,348,514,518,587,596","72,123,514,518,553,579,582",,"242,291,544",,"53,83,115,183,344,345,348,377,445",,,"9,438,479,508,567","63,64,66,71,297,314,451",378,"138,158,173",,,"72,83,98,115,152,161,164,211,268,337,344,345,348,382,386,444,445,546,574,579,582,596",293,"72,98,115,120,123,150,152,161,164,183,211,242,337,348,377,382,544,546,596"
YJR047C,"28,35,48,51",,69,"35,69",39,"48,51,56",,"28,40,69",,,,156,"2,7,74,76,77",,,"23,39",35,,"28,40,48"
YJR048W,"10,11,28,33,78,79,85",,"60,61","10,11,85","23,108",,"77,82","10,11,33,78,79,85","78,79,85",,"68,69",8,75,"52,54",23,"20,23","10,11,33,85,95,105","92,93",28
YJR049C,"168,190,194,288,403",530,"168,171,410","56,168,171,172,260,459,463",,,,"116,168,190,194,516,522",,,89,"58,59,451,519,524,529","59,61,63,66,67,73,74,499,518",,,,"51,194,403","51,459",
YJR050W,126,5,"51,59,61","42,45,106",,,,"90,226,227,228",,,"37,182",22,30,,,,"45,139",104,"121,139"
YJR051W,"120,263,446,499",,"173,174,176,181,395,451,452","56,103,110,174,176,181,263,370,371,403,451,452",486,,,176,66,,"355,358,359","229,469",,,"337,486",,"176,263,403,499",,"263,499"
YJR052W,"142,197,237",,215,"40,185,192,215,219",,,,142,246,,"179,507,533","125,126,166,167","64,66,83,85,87,107,206,207,486,491,562,564",,"244,426",459,"197,215",,"192,450"
YJR053W,"125,155,282,352,446",,"263,264,282,308,460","102,110,272,310,352,365,375,390,391,393",,,,,"308,449,460",,"22,66,214,495,570","161,426","138,161,165,174,453,459,461",,,,125,"159,310,344,527",
YJR055W,,"2,6,162","19,62,72,77","72,75,77",,"17,19,22",21,,22,,"65,71","3,4,29",,83,,,75,,
YJR057W,"6,18,159,161,166,170",,"79,88","27,28,34,155,161,166",22,,,"27,28,37,82,88,166,170",,,,,19,"102,151",,33,161,,"155,159,166"
YJR058C,,,,,,,,,,,,,,"64,67",,,,61,
YJR059W,"279,285,297,453,456,531,634,646,765",,"271,273,531,636,638,640,646,765","279,286,300,304,456,638,640,667,749,757",,,,"20,531","273,636","79,541","28,35,96,766,771,804,808","73,91,263,536,616,700,704,755,758,760,763,764,768,773,774,775,776,817","15,57,69,71,72,73,80,82,169,171,711,722,726,727,729,730,752,755,758,781,784",187,,,,757,"20,757"
YJR063W,"39,68",,"34,39,46,63,64,68,72,73,77","63,68,77",,,,39,,,,,,,,,,,
YJR064W,"62,72,185,191,195,217,225,247,268,402,435","346,439","238,247,256,499,504","38,39,72,160,185,191","274,406,428,514",,,"48,62,280,373,402,413,435","217,314,315",,,"187,426",,295,"165,274,377,406,428",274,389,"33,238","62,160,435"
YJR065C,"275,279,282,286,363,430",449,"229,263","279,374,391,429",,,,"263,279,282,374","279,286",,"13,65,82,83,442","42,44,113",,"110,222,266,432",,,"429,430","137,261,263,282",
YJR066W,"76,86,130,131,1051,1349,1579,2009,2428,2448",,"131,1457,1458,1926,2108,2170,2243","12,15,717,746,1029,1051,1210,1219,1238,1562,1572,1579,1771,2103,2108,2112,2117,2120,2428,2435",280,,2468,"447,746,1103,1714,2112,2435","76,1103,2092",,"157,1191,1214,1223,1359,1373,1507,2148,2214,2411,2415","283,391,724,764,1097,1216,1220,1423,1635,1639,1689,1693,1696,1845,1889,1891","517,519,521,528,2168,2171,2455","360,1861,2019","344,482,618,948",482,"76,791,1029,1230,1238,1485,1487,1491,2154,2435","446,447,1196,1355,1598,1918,1926","122,1579,1598,1606,2009,2195,2311,2448"
YJR067C,123,,95,"88,95",,,,,134,,29,,"11,13,17,104,106",90,,,101,43,"88,95,101"
YJR068W,"50,89,120,292",,"120,186","51,89,190,284",212,,,"50,51,285","284,285",101,"250,335","72,73",21,,,,284,"10,12,120,123","34,240"
YJR069C,"68,175,183,189",143,"58,60","17,58,60,172,183",123,,,"17,68,70,97,141,183",,,"29,30,31",,,"191,193",,,"58,60,68,141","60,175","17,70"
YJR070C,54,,,,,,322,"31,135","28,54,59,60",,"27,154",,169,83,,,7,"54,73,78,236","54,78"
YJR072C,254,,"61,381",298,8,,,"61,62,291",62,,173,"107,337",,336,,8,"62,179,369",,369
YJR074W,,,,189,,,,147,,,"84,115",,,,195,,,"2,5",
YJR075W,392,393,,50,,,,,,,37,384,"4,5,58,64,65,67,108",124,,,,"151,392,396",
YJR076C,"182,185,186",234,186,,43,,,248,,,"281,309,314","319,320,321,322,323,327",,359,,43,,"387,410,412",387
YJR077C,"42,54,61,247",3,244,,"134,300",,,54,99,,243,"209,211",,94,,,,114,99
YJR080C,"57,334,392",6,"57,170,221,334,338,342,343,364","24,32,42,57,334,338",75,,,270,392,,"143,164,261,271","8,31,129,147,176,394","14,16,19,394","300,307",75,,334,,"148,155,221,392"
YJR082C,"12,78",,12,12,,,,,,,51,,66,65,,,"6,12",,
YJR083C,"163,164,189",,,"112,119",,,,,,,"195,228,230","2,61,62,206,208,209,211,212,214,215","49,62,67,68,149,156",,,,,"164,172","16,89"
YJR084W,"17,60,185,415",3,,"30,185",,,,"177,181,185",,,"77,120,200,311",,"374,375",14,7,243,91,"27,30,31",
YJR086W,,,68,,57,,,,,,"62,66",,,,,"106,107",,,
YJR088C,"3,9,219,269,291",,"131,132,137,141,150,219,225,228,269,271,276,280,282","17,141,219,225,228,264,269,271,276",,,,,"282,291",,142,218,147,"74,208,209",,,"219,225,269,271",,
YJR090C,"331,335,364,685,774,803",,278,"165,808",635,,,"179,249,365",240,1106,"5,6,7,9,30,68,394,478,530,554,556,560,585,637,641,663,666,704,717,785,890,1025,1069,1077,1083","94,306,307,309,312,734",,,"424,583,635",424,,"278,498",
YJR091C,"374,402,425,656",,"58,103,188,402,410,593,887,891,961","58,402,656",,,,374,,,"93,94,220,221,362,474,491,510,666,930,966,971,987,989,1032,1047,1048","96,174,176,177,180,181,183,184,191,192,193,225,227,232,233,413,680,848,849,913,915,916,963","95,96,110,129,131,273,275,278,279,306,796,942,943,951,974,976,977","281,556",859,859,564,656,402
YJR092W,"152,441,442,676,896,1171,1343,1401",1191,"142,231,431,691,992,1000,1132,1183,1185,1251,1259,1343","127,152,156,249,394,441,442,667,668,676,678,910,1007,1132,1148,1194,1251,1259,1263,1319,1343,1350",1396,,,"127,676,678,1007,1123,1296,1298,1343","929,1341,1343",,"25,29,61,279,282,283,299,363,399,415,509,610,614,670,962,1224,1228,1369","157,210,214,367,653,656,657,659,660,798,982","34,70,72,75,76,78,81,119,149,163,167,241,242,290,292,294,383,387,391,462,494,500,502,530,531,539,540,613,616,620,643,646,653,695,696,980,982,983,987,989,996,997","164,430,1184,1254","352,1396",,"726,929,1171","396,879,1016,1132,1319","1171,1176,1196,1319,1353"
YJR093C,,,,158,,,"287,288,313",188,,,"196,246","55,86,101,103,150","2,3,4,15,17,27,50,55,244,250,272,277,279,281","13,102",,,,47,
YJR094W-A,"6,7,13,61,62","8,16,90","45,48",13,,"3,6,7,13",,"6,7,13,44,48",,,,"5,11,70,72,73",,14,,"57,59,60",,,"6,7,13"
YJR095W,"57,65,311,312",,"239,244","65,244,246",,,,"57,65,277",,273,192,"247,315",8,299,28,,"51,57,277","4,5,6,167,246,268","311,312"
YJR096W,"62,81,187",2,150,"90,212,244",200,,282,"4,151,215",215,,,,,,,,,72,"62,151"
YJR101W,"5,13",3,,206,,,,"13,201,206",,,"128,180,239,252",,,,,,266,"18,112","5,13,206"
YJR102C,190,"201,202",,195,,,,,,,115,"109,113,114,116,117,118","60,62,63",,,176,"190,195",,
YJR104C,"69,70,106","2,5",97,"97,106",58,,,"70,97",,80,,"71,111,112",55,,58,,"89,97,101,129","19,69,70",
YJR105W,182,,"253,270,278,335,340","182,278",,,,30,,,"129,191,218","126,249,282,283,288",,,121,,"40,103,107,247,253",186,270
YJR109C,"378,383,470,500,547,613,840,905,1116","235,240,401,588","84,135,500,538,721,726,834,1010,1012","135,142,331,375,378,396,500,834,837,858,1023,1047","119,300",396,,"135,184,230,233,378,383,470,500,507,514,840,1015,1020,1047","233,1010,1012",,"75,204,205,459,568,998","2,77,358,360,361,586,935,936,941","276,333,442,444,626","86,87,237,313,907,909",,"170,300",829,1020,"131,135,184,227,230,233,331,375,378,396,538,547,726,875,897,905,906"
YJR111C,"162,246","280,281",106,"99,106",253,,,,,176,"147,192,194",,,,253,,124,,
YJR112W,26,2,13,"26,93",,,,26,,,,,,,,36,,,
YJR113C,"41,221,235",,"175,185","87,89,221",,,,,,,111,"32,35",,,,,,,
YJR116W,,,,,,,,271,,,"2,4",25,,,,,,,277
YJR117W,"233,234,398,399",,71,"40,233,234,398,399,403",407,,,"71,233,234,398,399,403","233,234",,"64,286,331",170,,"430,446",407,407,"40,398,399,450","45,61","257,398,399,403"
YJR118C,,,,,,,,,,,6,163,"163,169,199",,,,,165,
YJR119C,"404,504,659",,"504,658,710,720","89,147,248,492,493,655,659,713,720,725","455,515",,,"93,167,492,493,659",167,728,"132,388,406,531,693","511,610,611","134,139,141,209,212,224,226,228,312,343,663,695",288,383,,"116,118,493,713,720",,
YJR121W,"108,172,185,387,415","2,46,120,174","333,334,475",108,,"172,185,209,387,415,442",355,"16,468,505","196,333,334",,,"8,10,11,21,27,28,35,40,94,100,215,299,310,430,448",373,"180,275,344,378",,,"108,235,415,502,505",,"172,185,387,415,475"
YJR122W,"189,195,205",,"145,198,477,482","74,189,193,198,375",,,,"81,82",145,,"46,52,83","30,150,277,420","29,276,277",385,357,,"65,81,82","195,198,381","65,74"
YJR123W,"212,213,214",162,"54,214","84,106,212,213,214",87,84,,"212,213,214",,"76,156,157",,"146,147","2,4,21,57",,87,87,"212,213,214",203,214
YJR125C,79,,"191,318,327,328,350",,,,,350,,,"28,221,310,364,396","11,40,223,244,333,334,337,338,342","2,6,176,183,196,198,203,212,214,228",60,,,,,
YJR127C,"268,300,310,1284",,"91,127,249,257,262,268,276,645","262,268,276,310,314,861","156,1157,1183",,,"310,1284",338,1247,"219,515,597,598,653,657,713,718,738,1325","215,220,221,222,299,320,322,323,506,520,522,524,550,551,553,624,627,632,676,849,850,1069","226,231,255,332,334,335,339,344,542,544,647,649,664,665",,"14,1286",1286,"106,262",999,"244,249,1121"
YJR129C,,,,165,,,,,,9,,"96,127,130,306,307,308",,51,52,"267,295,302",104,"98,116,118,227",194
YJR131W,"451,491,492",,539,"305,306,491",485,,,492,262,,"96,155,224","4,483,487,544,548",332,,,"471,485",,313,
YJR132W,"63,65",,"131,132,267,272,818","29,33,131,132,267,272,274,275",41,,,"63,65,421","303,514,1010",,"30,531,532,700","165,230,238,964","84,260",1027,,,"132,267,296,1013",,55
YJR133W,54,,,23,,,,,132,,,,,,,,139,,"16,23"
YJR134C,392,,180,"16,167,180,248,606",,,,628,,,"97,116,210,527,573,574",,"15,25,26,27,30,31,33,75,212,213,454,470,532,535,538,576",,,,,340,
YJR135C,,,,"13,22,46",,,,,,,"191,195,234",,,,,,,101,5
YJR136C,,,107,"334,338",,,,101,,,"158,192,197,200,258,288,380","117,121",,,"224,350",399,,115,
YJR137C,"461,747,788,846,1139,1183,1382",,"24,32,138,415,461,585,588,698,747,1125,1277,1284,1389","32,39,342,651,788,795,885,922,958,996,1049,1050,1051,1183,1237,1281,1284,1382,1385,1389",,,,"342,387,1076,1183,1281,1385,1425","352,651,1181,1183",,"440,755,940,1267","29,30,31,141,142,143,653,865,872,989,993",,"514,1442",,,"311,341,342,387,642,1181,1281,1284,1398,1402","312,387,846,854,1139,1183,1389","803,1074,1181,1183,1389"
YJR138W,"150,151,310,313,314,392,580,620,712,721,751,756,770,809,905,933,1099,1242,1246,1249",1582,"64,137,151,168,257,258,340,597,694,721,726,770,777,778,882,1171,1537","69,150,157,164,194,250,258,392,551,568,577,580,581,703,721,756,760,770,816,872,905,1242,1556,1564",1402,,,"151,577,600,721,760,770,809,827,1242,1564",,,"171,652,685,779,916,1230,1327,1397","14,15,18,20,23,24,26,27,608,612,715,720,747,748,804,853,855,859,860,1304,1324,1329","14,27,343,659,660,674,692,697,701,728,737,741,743,794,806,808,821,1119,1290,1291,1293,1304,1306,1358,1543,1544,1545",1080,"1363,1559","571,1559","760,770,933,1242","250,459,585,827","151,392,703,712,751,756,760,1242,1246,1452"
YJR139C,"199,202,296,324",,"118,199,223,263,275,276,315,324,326","193,199,202,203,255,269,296,324",,,,118,"203,304",,92,"3,18,70,111,299",237,,,,"60,117,118,255,290","275,276,326","128,202,203,296"
YJR140C,"355,381,793,866,1158,1304,1558,1565",,"259,262,269,602,866,1151,1157,1158,1190,1270,1437,1615,1623","42,44,48,262,269,362,793,870,874,878,979,1003,1100,1157,1158,1190,1241,1399,1510,1629,1633,1634",,,,"416,1300,1339",,"1185,1639,1641","196,246,250,696,735,948,1279,1475","267,270,413,664,1613,1621","73,74,76,320,712,873,875,993,1107","16,155,1314,1505",,1310,"44,48,473,766","210,212,215,269,1151,1157","766,1117,1190,1510,1518"
YJR143C,"507,508,534,537,544",388,,"28,460,468",,,,"17,537",212,,"305,759",369,"325,328","336,625,704",,,"17,537",460,"529,537"
YJR144W,"72,96,111,116,119,144,209,218,243",,"93,119","47,72,234,243",208,,,"116,234,236",,,"58,90","44,46,80,82,83,164,166,169,170","40,67,76",,"181,208,216,217",208,"63,96","53,133","72,133,171"
YJR145C,"75,122,133,134,174,179","129,196","127,128,161,242","71,75,127,128,133,134,245",,71,,"133,134,198",53,,157,"80,146","237,247","103,138,182",,,"62,71,75,106,155,161,168,174,179,233,240",245,"75,133,155,168"
YJR147W,"145,148,161",,"101,140","136,145,148","121,211",,,"140,148",,,"175,253,321","135,162,316","108,226,311,315,316",,211,,"140,148",,"140,161"
YJR148W,"10,12,21,23,55,130,201",,"254,255,280","251,254,255","198,210",,195,"176,180,202,254,255,305",,93,"59,233,234,367,376","9,14,15,16,20,26,317",,142,"198,210",,137,,
YJR149W,"29,234,360,364,390,391",,,"19,400",,,,"29,78,80,391","258,390",,"143,303,307",,333,,,30,"78,80,390",391,
YJR161C,"10,108,205",,"18,24,167,172","10,18,24,166,167,172,174,177,196",,,,166,,,,,,,,,"24,166,167",166,"199,205"
YKL001C,"69,124,148",,,"76,155",,,,"69,155",,,"4,10,52","35,158",,,,,76,,"76,124"
YKL002W,55,,"55,63","55,63,230",,,,"44,78",,,117,99,"98,99,105,107,110",,,,67,,
YKL003C,"18,30,52,55,87,118",,,"86,87,98,103",,,,,87,,,95,,128,,,"86,87,98,103,118",22,22
YKL004W,336,398,399,,,,,"37,336",,,"132,243,367","11,392,394,395",395,,327,,,,
YKL005C,"269,329",3,"43,45,196,200,397,527,534,536,541,549","30,31,34,35,36,43,45,46,55,180,189,199,236,269,305,314,316,322,329",,,,"314,527","31,261,541",,339,"2,5,148,484,485","49,148,216,407,410,413,422,426","19,263,310,395,544",,,329,"15,357,589","243,261,305,317,329,334,549"
YKL006C-A,,,60,,,,,,,,,2,"63,64",,,,23,,
YKL006W,"31,50,93,101,102",,93,"43,50",,,,"43,102",,109,,"80,82",69,,91,,"8,42,43,50,83,101,102",,"43,50,101,102"
YKL007W,"5,12,70,74,268",244,70,"74,108,112",210,,,,31,,191,253,257,,210,,,,
YKL008C,"27,62,415,416",,"22,27",,,,,,,,"63,103","409,411,412,414","23,24,61,395,397,406,407,409,411,412,414",,,,5,,416
YKL009W,"5,64,69,71,86",,"117,176","17,18,75,80,179,194,204",,,,"17,18,117",,,223,"11,58,59,63",160,"90,186",189,,,,"113,194"
YKL010C,"488,689,738,771,835,975,976,1331",,1018,"556,565,691,738,982,983,1018,1084,1267,1273","330,955,1450",,,"910,1120,1267,1331,1426,1458,1462",1084,495,"4,5,8,89,178,181,354,543,544,570,572,811,887,1078,1240,1276,1302,1306,1309","402,775,776","2,14,16,19,25,42,135,136,637,646,662,1483",,"330,903,1470","330,372,594","691,1227,1267,1331","174,447,606","339,606,771,943"
YKL011C,"8,26,219",,"228,233,236,237,253","21,106,112,113,180,184,236,237","16,17",,,113,,,"36,127,247","182,188","143,149,151,153,154,218",,196,,,112,
YKL012W,"54,75,104,179,203,238,343,451,515",579,"83,372,374","245,263,266,267,268,270,372,374,451,458,513,515,524,533",,,,"5,184,515",451,,"188,199,214,215,351,399,564","11,19,21,50,271","441,576","57,583",403,,"104,184,238,515,550","74,75,238,374,515,550,571,572","8,137,178,363,446,533"
YKL013C,"90,122",,,,,,,,,,"24,42","2,4",,165,,,,,
YKL014C,"78,81,951,957,960,965,1125,1134,1436,1439,1624,1630",,"254,260,506,666,751,752,960,965,970,1090,1509","229,234,459,460,463,471,662,666,751,752,951,965,980,988,994,1198,1370,1630,1635",,,,"116,463,471,662,666,951,957,960,1405,1406","548,1309,1313",,"3,595,619,754,782,983,993,1148,1250,1444,1475,1573,1718","87,89,94,256,257,496,497,499,537,1091,1092,1094","170,1511,1513,1751",,996,"870,1620","116,260,463,471,477,666,951,1406,1630,1634","437,1083,1337","22,88,1406"
YKL015W,"68,171,174,175,434,586,836",2,"94,262,625,845,861,906","67,74,81,429,666",,,"45,49","14,264",630,,"161,162,338,423,426,454,612,613,846","30,31,122,164,688","30,31,36,110,160,164,323,415,920",173,"60,818",491,"375,383","429,845",383
YKL016C,"5,71,80,83,149,156,158",173,"10,15,64,71,149,155,156,158","5,15,80,83,88,113,143,155,156,158,165",,,,,,,65,"6,25,26,28,31,32,57,127",,,,,,"143,149",165
YKL017C,"8,152,304,305,583,584,662",,"79,90,92,96,98,100,304","92,96,102,304,305,310,347,352,355,454,584",,,,"3,8,14,333,340,583,584","3,8,438,543",,"209,262","158,170,196,264,366","105,298,303",,,,,"3,8,14,426,433,438,517","3,8,340,458"
YKL018C-A,,96,,,,,,,,,77,,,91,,,,,
YKL018W,"60,214",,"146,195,214",,72,,,,,,"48,125,278",305,253,,"27,72,296,302",,,,
YKL019W,32,,,,,,,32,,,,"7,43",,31,,284,32,,127
YKL020C,"637,948,949,951",1081,"507,646,909,948,949,1064","128,609,637,951",,,270,240,1060,,"174,199,200,202,315,318,553,584,585,587,695,696,697,702,786,790,812,869,1036","317,319,320,321,451,475,907,908,916,917,919,920,926","16,25,468,475,490,499,586,588,667,668,827,890,971,975,977,978,979",,751,,313,,"637,690"
YKL021C,"184,191","463,465","42,168,171","32,34,42,45,135,137,283,417,418",,,,"137,245",,,"4,247,249","35,38,39,159,161",,,,"396,402,406","191,417,418","21,23,32",200
YKL022C,"32,434,448,458,695",,"23,26,32,439,448,455,458,778,780,785,786,817","23,26,160,439,448,455,458,657,658,664,703,726,778,780,785,786,813,817,823",,,,"434,439,455,458,706",,,"64,88,91,258,261,342,343,345,436,740,741,750,755","63,66,90,447,557,558,669,672,713","44,46,50,59,103,782,788,789,791","97,716,792",,"4,7,8,10,298","430,434,439",,"430,434,448,455,458,556"
YKL023W,"169,175,250",,"160,178","152,162,178,179,180",,,,152,243,,"202,258",,"50,133,216",,,,"58,160","58,199",162
YKL024C,179,,,"29,94,99,157,158,194","33,69",,,"29,35,38,179",,,,"2,5,31","46,146",,"33,69","33,69,130",,,108
YKL025C,"320,584,625",,"27,243,268,269,338,341","3,320,325",,,208,"442,523",,220,"16,37,89,187,194,195,270,306,350,420,485,495","35,38,39,59,71,73,78,86,90,112,133,136,138,141,142,144,145,146,157,159,160,162,163,672",73,"20,222",,,"247,341",,"332,341"
YKL026C,"80,85",,"85,111,117",,152,,,80,,134,,146,,,,"144,152",,,"80,102"
YKL027W,"56,260,387","2,106","216,260,264,265,288,328,371","56,216,221,264,288,373,418,428",131,,,"332,431","371,373",382,,"130,380",,"276,338",131,,"216,280,332,418",431,"56,392,428"
YKL028W,51,482,,166,,295,,223,"295,373",,"50,246,263,340,447","356,422,425,427,451","256,259,266","88,361",,,"80,90",434,
YKL029C,"229,286,287,298,313",277,442,"67,151,156,305,313,316,319,414","96,220",,,"335,415",,"303,422",595,"4,7,9,14,17,36,40,239,443","17,19,21,23,25,68,72,575,582",,"96,220,470,541","96,470",378,"76,156,204,657","58,180,415"
YKL032C,"393,407,408,459",,"387,393,430,488,489,492","342,407,479,488,492",,,,"393,454",466,,"34,199,200,590","3,6,99,105,171,178,180,182,185,186,416",,,,,480,595,"393,400,407,459,489"
YKL033W,"101,135,147,382,391,867,926,934",,"122,523","42,46,126,373,382,738,740",,,,"380,382",,,"219,282,329,330,436","673,863","56,480,484,518,817",,643,,299,"163,276,278,535","126,382,391,926,934"
YKL033W-A,"46,191",,147,"46,48,167,219",,,,151,,,"30,116",125,,,112,,"38,66",48,
YKL034W,"118,719",1,"118,213",219,349,,,,"213,257,315",,"35,53,89,102,159,271,330,569",,"557,564,565",,,,"219,553","208,213",118
YKL035W,"308,409",,"87,280,388,428","39,172,173,329,428","119,364,390",,,"33,39,78,280,308,409,428","39,409,429",369,"97,100,481","389,391","196,202",,"119,390","364,390","39,47,172,173,308,409",87,"39,308,409"
YKL038W,63,,"63,479,484,485,487,489,851","63,89,484,813,1050",,"42,54",,"584,824,988",1080,85,"2,439,440,539,762,795,858,972,1021","138,142,144,292,410,414,416,418,621,996,1042,1043,1098,1101,1117,1118,1135,1136","88,92,94,95,141,142,146,205,208,211,295,410,416,448,451,464,465,468,469,492,493,495,497,498,625,632,753,755,758",223,,,"60,63,987,988","721,993",63
YKL039W,23,,"35,36","2,4,8,35,36",,,,,,,"106,272,468,470,482,483","105,332","492,496",102,,,,,
YKL040C,"7,10,184",,"51,56","237,245,250",199,,,,,,64,,,178,199,199,,,51
YKL041W,66,,,"33,50,55,178",,,,66,,82,43,127,"22,81","69,75",,,"5,6,66",91,"5,6,178"
YKL042W,"99,133,176,235",,"13,123,235","56,64,70,99,105,106,123,124,133,282",,,,"49,56,88,141",99,,"129,179,306","168,178,180,354,357","4,6,11,12,14,15,151,213,217,240,319","22,38,325",,,"141,235",346,"49,64"
YKL043W,"222,228,293,327",,"159,303,325","283,293",,,"82,84",228,,,"146,148,219,225","160,165,167,169,171,172,174","27,42,43,301,304,305,314","2,11,78,278",,,,"303,310,317","222,293"
YKL045W,"13,107,266,390,393,467",,"23,48,107,244","13,48,107,112,345","434,465",,,,,,"96,385","104,164,296","40,41,42,43,44,312,445",431,,,"48,273,390,393",307,
YKL047W,485,,"50,298","453,458",,,,"41,42,299",,,"16,137,374,427,428",288,334,359,,511,,123,207
YKL048C,"223,224,386,457",588,"82,83,112,117,121,600","73,74,455,457,465",,,262,"164,465","82,83,374",,"150,154,416,517,522,566,568,573","36,37,39,40,41,44,45,76,107,394,461,463,464,467,469,596","30,34,372,379,519,524,543,545",,"230,282",230,238,611,"238,245,261,272,275,465"
YKL049C,"155,216",,,"155,163,216",,"215,216",,,,110,,"148,149,166,170,171","22,63",,,,"163,216",,"155,163"
YKL052C,,,,,,,,,,,"27,132,142","3,171,174","155,156,167,290",,31,,,277,
YKL053C-A,17,84,,"82,86","23,42",,,"19,63",,,,,"37,43",,,,"63,80",36,
YKL054C,"23,25,70,141,228,732",,"16,25,57,147,149,171,276,281,630","23,70,71,75,77",,,,,,,"106,107,120,121,158,570","153,157,159,160,161,234,235,237,243,566,581","282,307,486,491,494,497,658,663",,,,,"329,333",
YKL055C,"94,104,189,191",,,27,155,,,"23,94",,14,180,"36,37,124,127,195,196,199,201,255",257,,"31,61","31,102",,,
YKL056C,"80,81,88,111,125",,,"88,92,95,97,111,118,119",,,,"81,97,111",,,,,,28,,,"80,81,88,111,118,119,159",,108
YKL057C,"400,598,599,962,963",,,"598,599",746,,,412,531,,"22,99,285,322,383,480,487,711,836,1020",955,"261,263,265,372","14,15,220","226,746","409,813","188,598",,531
YKL058W,"46,63,119,120",3,"53,59,63",,72,,,"63,119,120",,,,90,"99,102",,,72,,,"46,53,59"
YKL059C,"75,282,305,356,373,374",,"81,90","39,81,206,254,263,305,348,355,356,374",,,"175,176,177,178",,,,"14,100,124,388,389","70,71,274,428,430","70,140,156,364,438",,,"182,185",348,"39,376","49,220"
YKL060C,"27,160,246",3,"85,307,323,326,348","323,345",,,,"30,115,326,327",,,"37,216","347,349,352,355,356,358","147,150,156","294,296,310",112,,"8,10,73,85,115,255,307,308,323,327,340","10,326",
YKL061W,,,,,,,,100,13,,,"29,35",109,,,,,,"6,98"
YKL062W,"135,151,357,359",3,"96,351,359,469,530,555,557","571,574,576,580",,580,,,"108,557",,"51,52,85,89,90,167,212,293,325,494","86,87,91,98,214,317,319,321,322,323,356,360,362,363,369,371,372,373,374,375,502,503,533,535,539,614","49,55,56,178,184,185,346,371,372,381,409,492,495,517,533,535,537,558,560,561,585,594,597,598,614,618",489,,,"16,17",,
YKL063C,60,,60,"16,60,125",,,,,,,,,23,15,,,,65,16
YKL064W,"95,133,134,161,512",,"88,226,378,480,608,777,778,785","217,378",,,,"43,778,834,839,843",,,"201,202,342,346,591,599,603,627,705","16,118,329,602,625,626,628,629,779,782,783,786","19,20,255,457,461,463,621,852",18,,,"839,843","88,95,378,467","512,516"
YKL065C,130,,,"151,152,161,168,169,178,181,190",,,,"130,203,204",,,,"36,37",86,,,,"181,185,190",,
YKL067W,"13,31,32,35,40,43",,136,"35,40",,,,,,"7,19",,,2,53,,,43,"136,137","13,64,137"
YKL068W,"665,671,709,714,717,756,760","249,957","137,517,567,616,938","633,671",867,,,"917,925,932",,,"127,149,150,151,193,194,260,264,410,455,478,479,498,531,558,572,573,574,587,588,785,828,883,918","128,131,140,143,173,199,202,246,325,327,329,331,344,353,354,356,357,370,372,374,376,391,402,403,417,421,426,427,429,431,436,444,457,459,466,470,471,472,474,487,488,499,500,501,502,503,505,514,516,533,534,560,564,565,597,598,609,615,618,622,659,751,758","143,329,402,403,466,471,472,474,564,565,643,758,763,766,920",,,,"930,932",756,"633,938"
YKL071W,245,255,,48,,,,58,,16,2,"27,29,30,33",,9,,,176,,176
YKL072W,"174,270,322,323,357,360,363,527,592,721,728",,"110,174,342,349,353,357,360,534,654,739,740","104,109,110,113,143,146,322,328,331,349,353,359,360,363,457,527,534,643,644,647,652,654,683,684,728,732,733,737",541,,,"272,534,647","363,526,527,677",512,"120,248,475,689","123,275,670","6,18,106,107,167,169,333,695",471,"94,217,247,488,518",518,363,"9,270,272",
YKL073W,"54,307,311,405,440,692,770,857",,"62,311,320,372,438,440,512,519,560","54,99,318,372,405,411,438,576,673,683,692,803",,,,"54,307,311,318,320,770",,447,"128,458,474,488,489,527,844",439,"48,579,581",452,,,"62,307,311,512",,"54,62,69,99,307,311,411"
YKL074C,,,"13,20,346,396","5,13,23,31,48,55,492",,,,,"5,13",,"61,79,339,342,355,357,358","71,72,75,77,78,81,82,359,447","42,49",198,,429,"45,385,391","48,346,436",156
YKL075C,"8,87,93,439",,181,"96,101,269",441,,,3,,,,"15,30,436","116,334,405,411",,,,"292,429","8,266,269","266,429"
YKL077W,"141,276,279",5,"45,187,196,202,206,279","78,79,183,187,273,276,279,348,350,353,356",153,,,145,183,,,"12,13,14,23,27,33,35,41,43,49,58,67,77,85,86,92,95,97,126,134,149,154,159,170,181,193",,,,,196,"18,69","183,273"
YKL078W,"307,561",,"16,17,68,495,728,730,735","65,68,76,126,127,264,269,350,353,431,434",297,,,"41,58,65",644,175,"4,6,12,43,168,462,468,686,707","5,7,198,238,404,409","37,555,624,632",,154,297,,"41,353",264
YKL080W,165,,"156,165,215","165,208,335,339,366",,,,,,,"35,90,95,136,261,336",,"57,342",,,,208,,156
YKL081W,"55,123,124,260,269,403",,"206,210,219,249,252,403,412","123,124,132,206,252,403",,,,"55,90,123,124,181,271",,,154,273,"200,215","7,15,214,372",,,"46,55,58,90,123,124,218,219,269","58,252",260
YKL082C,"32,167,180,415,416",413,"76,180,285,415","51,53,79,180,254,285,290,294,298,302,307,339,345,415,416",,,,"32,79,87,172",,,"12,243,244",179,"219,230,232",,,,"32,339","72,79","32,171,172"
YKL085W,"7,151,153,159,233,326,334","256,331","52,160","52,55,153,159,160,326",,,,"42,326",,,112,"11,12,13,21,66,123","306,307",,,,"52,55,153,159,160,326",278,"7,159,160"
YKL086W,,,,,48,,,9,,,,"2,5,7,11,16,37",,,,,9,,
YKL088W,"143,284,333,355",571,"223,265,270","330,333",419,,,"284,333,454",,,"101,262,277,278,378,380","102,103,264,268,291","35,42,47,54,116,118,228,275",,,,"202,284,303,333,453",568,"330,333,339"
YKL089W,"173,467,493,498","304,353","12,52,173,286","9,12,308,311,363,466,493,498",,,349,"173,311,467,493",,,193,"543,544","40,86,88,144,150,151,154,157,158,160,217,245,275,277,321,325,355","176,352",,,"12,18,466,467","12,311,363,406,411",
YKL090W,322,"188,193,202","114,140","172,328",,,,"27,168,173,305,418",,192,"185,269,280,286",312,2,166,256,256,"168,172,173,418","218,305",53
YKL091C,"27,143,250",,"251,255,265","43,46,255,265",,,,,,,24,"309,310",21,206,,,,,
YKL092C,"32,47,91,568,632,914,1017",378,"113,116,122,553,624,966,1058,1069","91,96,122,148,160,164,332,438,537,548,598,608,610,752,756,757,763,850,985,1001,1006","600,1016",,,"116,1001,1069","537,757,957,958",,"39,40,44,109,235,286,380,383,432,485,597,700,702,708,718,766,808,844,873,874,1008,1009,1032","3,10,569,1000,1030,1031,1066,1068","769,770,772",,"600,930,948,1016",,"91,537","164,332,476,849,850,859,914","122,1006"
YKL093W,"5,9",,133,189,,,,,326,22,"146,147,274","108,116,136,137,138,141,142,143,144,145,148,315",,,83,,,196,124
YKL094W,"105,187,193,227,235,241,312",32,"187,193",193,266,,5,"111,113,139,187,193,227,274",,,"34,37,106",,,,266,,"187,227,261","241,261","7,105,187,261"
YKL095W,253,,259,"9,68,72,74,162,188",,,13,,,4,,"87,250,251,252","40,251,252",15,51,,210,"172,272,275,278",5
YKL096W,"48,104",8,"94,150",,,,,,,,25,"120,130,144,148,149","36,117,118,141,154",,,,,,
YKL096W-A,,,,,,,,,,,,10,"38,40,41,42,44",,,,,,
YKL099C,"3,97,142",,"36,44,75,231,232,239","36,44,117,123,192,193,194,196,199,231,232",,"30,36",,"3,32,142,168",,,"132,153,160,180",,"20,21,46,47,101",64,,,"142,168",,"54,56,97,142"
YKL100C,"60,515",,"519,523,524","267,294,515,518,523,524",,,,,,,"22,23,28,194,217,403,443",263,"26,30,146,390,571,572,577,586,587",,,,"268,501","156,291","60,280"
YKL101W,"82,249,250,322,326,356,365,370,371,440,645,649,672,851,1108,1359,1362,1446,1455,1462,1465","5,78,1046","13,25,370,645,649,710,887,914,916,1047,1106,1108,1111,1118,1216,1488","82,85,249,326,331,356,370,371,379,887,905,917,1312,1314",,,,"116,322,326,788,917,1455,1465",25,,"139,337,574,709,757,792,800,988,995,1043,1088,1096,1158,1200,1201,1343,1344,1348,1410,1411,1422,1479","2,6,48,53,57,61,62,64,86,91,277,282,470,544,547,550,592,595,659,665,832,835,837,948,961,1016,1022,1038,1112,1161,1162,1169,1295","57,61,62,64,151,154,156,273,274,277,282,497,587,599,608,609,610,627,629,632,711,715,718,720,815,817,818,819,832,962,1055,1097,1098,1103,1125,1127,1176,1179,1220,1235,1236,1239","280,631",,1461,"321,322,326,365,370,371,917,1465","905,914,916,917,940,943,1306,1307,1314","241,249,250,356,371,379,543,701,914,1446,1451"
YKL103C,"124,141,294",507,"146,190,440,447","88,146,182,183,184,190,367,368",,,,"184,248","118,488",301,"107,110,448,449","196,197,459","86,144,243,249",,202,,"141,146,184,367",,
YKL104C,"54,63,131,206,210,212,237,244,567,570,712","329,493,714,716","63,125,197,388,549","54,58,134,197,209,210,244,245,299,549,559,560,567",,,,"303,549,553,559,560",212,,,,"199,234,273,278,282,713,715",,"448,491","2,8,652",63,"206,209,210,212,559","125,358,381,664,712"
YKL105C,"29,194,202,227,305,1020,1021",505,"76,132,150,294,502,906","29,115,150,219,227,231,345,388,397,743,963",472,,"859,868","31,149,150,881,1100","800,802",,"88,91,92,122,201,458,459,461,713,827,907,908,948,1007,1010,1012,1056,1062,1064","43,79,80,89,118,124,125,126,127,131,187,190,195,235,236,503,504,507,757,761,762,763,764,787,890,946,1061,1086","5,38,40,41,44,45,60,62,143,190,275,280,285,556,562,808,815,921,922,973,975,980,987,989,990,1061,1066,1119",803,472,,"115,119,149,150,388,1109,1111","329,576,755",305
YKL110C,"73,208,235",,"37,63,73,78,80,183,186,235","63,183",,,,73,,,"103,124,128,130,148,166","12,15,27,195,203,205,244",,,,115,"73,291",,
YKL112W,"28,358,527,537,584,589",430,"412,472,589","186,355,358,537,584",,,,358,29,,"187,233,375,376,378,494,601,602,688","416,465,477,478,481,520,521,531","97,102,184,193,465,467,496,633,720","8,9,11",71,,"179,186,412","186,365",642
YKL113C,"4,24,81,89,94,133,169,317,318,352,354",377,"20,246,270,332,333","24,30,94,100,111,166,317,318,325,332,333,336",83,,,"167,169,246,249,317,336","141,280",,"267,268",,,,83,,336,,"81,89,94,169,354"
YKL114C,"66,67",,,"64,145,148,151,316,320,323,334,335",,,,"16,66,67","67,323",,"231,311","3,4,10","346,350",86,,,"66,67,145,310",328,328
YKL116C,"43,246,478",,"295,483","218,220,225,228",,,,287,,,"149,156,240,450",5,"13,56,82,89,95,132,138,141,143,151,154,166,167,168,169","4,8,503",290,290,,"17,43,356,478","356,483"
YKL117W,,214,"109,118",,,,,97,,,,,176,46,,,"97,118",215,113
YKL119C,"67,88,89,90",,"192,203,206","88,89,90,95",,,,,74,9,,,"61,110,112",103,,,"88,90","76,111","88,90"
YKL120W,"76,81,183,188",,"14,19,22,62","81,85,216,221,261,266",,,,"81,164,188",,,98,,21,"105,212",271,271,"81,261",81,"14,19,22,81,188"
YKL121W,"5,455,488,543,567,694,773",207,"32,36,156,534,773,779","132,133,134,156,471,543",,,,,,,"240,452,511,517,542,555,564,608,630,655,714,781,820","218,220,563,565,566,577,647,789,791,796,797,809,810","58,528,530,545,734,735,736,739,744","60,64,121,127",436,"177,178,179",,"464,465,471,488","3,150"
YKL122C,"91,92",3,"60,62,82,85,90,91,101,102,104,125,131,138","36,40,62",,,,"60,62",82,,59,2,,,,,,,
YKL125W,,"454,461","331,416,417","23,25,83",,,,603,,,"6,66,200,202,210,571","8,366,572,573,574,575,576","298,300,302,561",427,,520,57,"22,23,25,419,563",
YKL126W,5,"664,674","335,366,376,656","20,367,371,376,438,501",,,,,,469,"62,302,329","77,79,137,138,139,387,508,581","28,46,48,357,502,504,508",72,,,,55,
YKL127W,"161,164,168,208,351,372,553",568,"14,155,164,173,283","14,17,173,176,216,218,350,532",,,339,"14,17,28,156,161,164,168,173,373",,346,"268,504","10,337,340,342,513,567","118,120,491","13,332","366,377","355,366","14,17,28,164,168,528,532,533","17,328,532","14,351"
YKL128C,35,,"38,159","97,103",,,,,,,,"158,161",,190,,,103,,159
YKL129C,"190,195,574,583,627,765,816,823,861,968,970,1013,1040",3,"32,214,866,868,943,949,968,970,1013,1035,1040,1048,1052,1056,1060,1062,1066,1067,1202","11,14,34,758,765,823,861,907,908,943,986,1073",261,"520,524",1111,"58,61,861,943,970",524,,"182,183,184,206,209,392,484,609,792,886","349,350,579,938,940,1023,1041,1042,1100,1101,1103,1105,1192,1221,1223","20,27,357,775,777,794,1137,1138,1167,1174,1257",532,"468,791,819",,"94,861",,"242,455"
YKL130C,,,,,,,,5,,,73,120,2,,,,,"3,5",128
YKL134C,"72,189,264,268,487,605,608,771",,"44,71,72,74,79,189,247,251,257,276,370,378,381,730","257,264,268,271,381",,,,"71,251,264,313,345,487","116,370",,"12,61,62,236,359,360,533,575","30,35,142,143,179,187,188","14,17,19,37,38,41,93,96,228","211,337,403","291,546",,"43,44,71,72,199,268,345,370","64,196,199,276","64,735"
YKL135C,"6,9,13,160,331,339,442,691,694",,"21,25,606,685","13,21,48,324,339,347,604,616,685,694",448,,,"9,10,13,25,607",48,,"479,480,553,554,559,682","37,367,704",,,,97,25,,"347,575,614,616,691,694"
YKL138C,"104,105,115,118,121",,"72,111","105,121",,,,"118,121",,,,,"8,9",,,,104,,
YKL138C-A,,,,,,,,,,,,,,,37,,,,
YKL139W,"196,199,424,432",,"18,24,124,127,131,168,201,432","115,124,167,168,199,207,432,434",,,,"24,434",434,,"53,74,75,80,99,136,376,428","172,461,466","43,45,49,61,77,108,338,343","47,79,194,337,346",,,"168,432,434","470,474","145,196,199,201,301,308,321,330"
YKL140W,159,,"159,292,301,307",162,280,,,"129,448",234,,424,"55,311,316,539","466,469",,,,,,
YKL142W,"28,51,137,143,194",,"54,58,59","20,21,28,42,51,54,58,59,134,137,143",,,,137,"191,194",94,178,,"23,46,62",,,,"10,20,21,134,137,143",137,131
YKL143W,"327,462",,"112,113,123,278","52,53,59,61,109,278,453",,,,"43,131,144",113,,42,,"281,288,314,321",406,,,"113,131","112,113,144,162",
YKL144C,,208,91,,,,,,,,69,93,162,,200,92,,159,
YKL145W,"104,107,215,256,282,302,441,445,449,455","284,314","38,64,66,445,449","57,64,66,256,445,449,455,456","411,423","256,282","2,3,368","441,445","4,445",,"265,413","254,257","134,378,459","181,208,283","214,423","259,411","57,220,441,445,449,455,456",144,"38,256,441,445,449"
YKL146W,,355,596,,,,,"229,371",354,,"91,92,586,592",176,"119,121,221,260,269,280,282",,,,,,
YKL148C,"83,158,169,173,326,483,628",637,491,"6,242,326,483,491","80,296,330",,591,"169,483",77,,"35,494,496,531","33,89,247,324,449,544,574,581","243,517,521,523,524",53,"55,80","80,296","45,111,158,169,483,537",,"158,491,616"
YKL149C,"21,129",,241,"196,198,206",,,,"21,390",51,,251,,"269,270,276",110,,,"196,198",390,
YKL150W,"52,74,129,188,190,198,296,301",,"188,219,244,280","52,198,213",,,,,,,"41,140,221","100,107,110",,,,,"138,207","60,190,198","98,198"
YKL151C,"218,223,284",,,"195,196,223,284,287",67,,,"12,105,130,133,174,187,195,196,223",,,53,,"93,235,237",,"301,307","18,307","133,170,187",,146
YKL152C,"47,104,109,221",5,"31,47,57,133","27,31,47,103,104,169",,,,"46,47,96,175","46,47,169",,80,,,49,,,"31,44,46,47,57,71,96,98,103,104,109,133,139,169,175",47,"96,139"
YKL154W,103,,"29,33,177","33,177,183",,,,"97,103,232",192,,154,,,37,153,,,33,
YKL155C,"67,237,353,354,530","154,348,350","67,416,417,419,550,554","67,152,395,398,404,407,416,417,419,540,562,563,566",513,,"372,374,380","160,395,410,419,467,505,541,554",,,"223,360,431,450",,"20,21,210,219,551",109,513,"5,513","110,251,353,554","125,398,417","550,554"
YKL156W,72,,,,40,,,72,,81,42,,"67,74",,,40,,,36
YKL157W,"123,210,214,220,275,276,338,657,907,912,947","4,115","95,272,275,276,574,579,657,697,813,869","85,95,275,276,511,513,589,827,907,912,915","238,750",,,"60,214,275,276,320,799","123,799,827,947",208,"105,713",924,"645,660",,,,"799,802,947","220,267,272,518,731,781","123,276,589,813,901,944,947"
YKL159C,,,,"98,102,169",,,,"169,171",,,"82,84,95,162",,"113,117",,"62,127,180",62,"98,102",,"98,102"
YKL160W,"40,41","132,140",,"10,13,41,50",,,,41,,136,,48,"37,43,82,88,142",,,,,,
YKL162C,144,398,"161,234","134,234",,,,,,,393,"68,69,70","233,235,238,259,312,402",,91,,,"65,72,392",
YKL164C,"237,245",,"42,44,245",,,,"4,7,262","83,126",,,"181,216","37,60,61,63,64,69,79,80,88,112,122,123,131,141,142,144,145,150,160,161,163,164,169,179,180,182,183,188",,,,,245,,
YKL165C,"543,547,914,916,917",,"75,328,360,364","124,127,547",,,,"67,75,914",547,,"89,90,198,202,286,287,312,534","73,123,915,918","42,43,45,234,314,321","93,233,237,238",,,"67,914",,
YKL166C,"19,71,221,226,234,315,316",3,,"120,121,126,315,316","67,244",226,252,19,,210,"261,331","63,98,319","20,22,93,96,98,240,242,246","235,241,249",,,128,"13,19,59,128","19,221,226"
YKL167C,"9,28,29,85",4,"13,28","13,28",,,,"3,9",,,,,,,84,,"3,9,28,29","74,78,80,85","9,104"
YKL168C,"25,204,205,279,282,392,395,460,467,651",13,"189,191,205,272,279,282","191,272,279,282,392,395,436,458,660,675","399,542",,31,"204,205,282",,,345,"36,42,63,98,350","14,19,21,23,33,36,37,50,51,56,63,64,66,75,81,83,111,113,142,168,173,178,211,212,347,348,350,368,443,463","388,423,522","86,252,542",,"205,282,458,460","311,458,460","651,675"
YKL170W,"125,129",137,23,"31,48,65,84,129","69,117",,,129,,120,53,55,29,,"117,131","117,131",65,,65
YKL171W,"265,340",,"74,216,263,327,644,795","590,673,877,878",523,,,"218,328,348",,,"38,123,365,366,389,618,925,926","34,40,104,242,243,245,246,248,267,270,272,368,391,678,684,685,700,702,710,730,788,789,791,792,794,797,800","4,13,16,17,18,20,21,24,32,37,40,66,169,193,195,199,201,203,207,381,384,405,432,742,747,754",,"872,894",523,"75,258","78,582,590",148
YKL172W,"192,262,287,289,299,365,389",,"37,135,410","15,19,22,28,29,53,54,132,135,213,214,248,265,269,289,299,300,330",,382,,"202,316","289,291",,"196,197,320","41,44,399,400,404","104,136,138,140,162,216","71,237",,,"49,199","61,62,379",
YKL173W,"269,790,792",1007,"59,393,565,573,749,955,974","110,111,115,581,587,590,627,893",,,,"110,111,173,362","356,362,627,935",,"194,407,451,623,683,776","95,98,315,316,339,961,963","21,26,54,55,58,85,519,521,524,569","814,818,889",200,,"182,278,583,587,947","166,182,635,749",
YKL175W,,,,,212,,,,,,"134,260,316,359",146,"119,146,279",150,341,,,,
YKL176C,"80,108,774,777",,"82,146,160,454,606","606,611","176,785",,,"241,379,777","9,82",390,"4,8,251,254,255,438,442,529,598,639,648","166,469,497,498,500,545,546,547,548,549,550,555,556,559,561,562,566,583,698,700,703,705","92,166,170,171,292,401,451,464,531,545,546,547,548,549,550,555,559,561,583,600,657","494,715",176,,"606,611","241,734,757",
YKL179C,"51,67,113,189,527,588,590,591",674,"156,204,335,344,346,353,591","33,35,44,52,54,113,116,136,156,160,165,388,430,437,518,520,522,527,529,591,604",,,,204,"136,346",,"78,170,446,461,485","98,555,673","37,42,45,109,110,166,171,304,364,413,468,487,654,655","137,536,569",,,"33,346,418,425,588,591","55,126,156,354,495","597,604"
YKL180W,"27,74,124,138,153",,"13,74","27,80,89",,124,,74,,"126,127,128,131,135,173",64,"7,8,9,79",,"21,113,139",,,"27,74,80,89",,"27,124"
YKL181W,"34,216,349",,"84,176,393,394",207,30,,,"33,34,207,348,349,393,394",369,,,,295,290,"30,407",,394,,
YKL182W,"120,556,557,568,812,819,837,1484,1496,1639,1786,1793,2002,2017,2023","1173,1878","228,395,397,445,453,582,701,818,819,1795,2002,2039","139,395,397,573,576,706,838,877,879,1358,1439,1484,1490,1795,1954,1998",,,"591,595","124,445,573,576,812,819,831,879,1288,2009","445,1288,1475",,"112,316,343,354,390,446,447,572,1186,1188,1226,1415,1461,1523,1716,2013","274,961,963,965,1196,1198,1548,1683,1684,2015","400,742,1625","1357,2030","238,820,824,1052,1610",824,"118,120,445,556,557,838,879,1030,1031,1206,1358,1436,1439,1793,1795,1918,1921,2002,2009","1639,1750,1954,1959","124,556,756,837,2002,2023"
YKL185W,"410,555",586,"59,83,84,154,195,250,263,386,389,391,394","272,332,531",526,,"291,292,295,446,456,508,512,516",,,344,"22,36,40,44,45,227,233,234,298,321,413","3,187,188,191,192,258,323,420,423,424","61,64,68,91,117,149,151,253,262,397,438,440,441,442,455,465,469,473,474,489",449,,"523,526,537","195,338",,
YKL186C,,,,,,,,,,,123,,,,,,183,183,
YKL187C,530,"661,749",190,"58,320,321,614",487,,,,,,"61,115,197,207,228,241,267,268,293,299,312,335,351,371,373,389,519,523,709,714,715,724","137,138,350,352,353,355","734,738","615,656,669,671",,,,,
YKL189W,"56,62,233,237",,"36,252,318","49,328",,,,"21,49,124,289,322","4,6",,,,"246,393,395,398",,,,322,310,
YKL190W,"7,100",175,,,,,,,,88,143,,,,,,,,
YKL191W,"326,333",,,239,,,,,347,,"64,200,488","86,480,481",449,,,,"294,342",,462
YKL192C,"54,58",,,"58,66",,,,42,,,39,"4,9,10,19,29","60,69",,,,"42,58",,
YKL193C,"214,313",,"101,103,111,124,126,129,157,248,258","55,66,101,111,214,216,217,245",,,,"126,129,248",,,"133,270,291,312",,"25,171",,,,,"55,101,313","245,248"
YKL194C,"102,142,143,261,304,313,430,444",,,"97,201,258,306,313",10,,,"258,261",,,414,"22,27,37",,,"10,187",,"97,258,261",193,"258,261,313,444"
YKL195W,"333,343",,"69,155,380,385,386",,330,,297,,,,"149,174,375","321,369,372","35,82,88,89,94,103,114,186,187,190,194,195,214,219,250,254,256,257,355,356",,330,307,,"393,394,402",
YKL196C,184,,184,"15,123,131,175",,,,,15,,,,,5,76,"76,196,197",15,23,175
YKL197C,"160,252,342,349,404,690,695,894,899,963",,"184,192,252,273,333,337,342,349,570,591,695,894,899,904","212,213,245,337,349,373,567,570,579,581,687,690,770,888,894,904,1011","281,755,862,997",,,"273,337,579,581,690,695,894,899",169,"601,806","186,199,327,388,549","170,174,341,343,497,617,692,749,788,978,979,1005,1006",634,614,"726,755,862,997","726,742,917","169,440,581","187,192,440,441,894,899,1001","342,404,763,899,904"
YKL198C,"306,515",,"40,83,92,216,219,515,520,524","241,245",,,"459,578,579,580,581",,"83,524","449,452,454,458,629","6,199","12,17,18,20,134,135,138,139,538,543,619,625","79,80,82,85,87,88,90,91,374,387,393,546,547,559,615,619,622,625,632",,,,524,"62,149,524",
YKL203C,"347,359,734,735,1038,1303,1514,1562,1586,1603,1605,2346",1601,"2089,2093,2096,2174,2247","357,359,362,735,736,1217,1226,1559,1561,1569,1620,1629,2053,2112,2116,2121,2124,2346","291,1302",,2472,"388,455,718,1038,1112,1455,1465,1605,1713,2096,2116","1450,2096",,"169,229,230,410,411,1115,1279,1366,1535,1539,1676,2233,2234","65,887,1117,1572,2083,2086","120,293,561,1216,1428,1650,2172,2175,2459","343,397,400",,"291,1259,1263,1506","94,347,353,459,1038,1100,2247","94,414,2093,2096","7,235,347,359,880,1038,1450,1455,1732,1778,1779,1780,1929,2199,2315"
YKL204W,,,250,"40,43,44,49,294,295",,,454,"40,250",,,"62,512,616","281,282,313,338,344,346","198,263,265,268,270,389,391,396",,,,206,408,
YKL205W,"100,267,512,625,983",,"184,892,903,983","100,267,618,619,625,753,1023",,,,"90,100,403,1018",,,"228,295,298,468,469,477,483,498,654,675,676,757,919,920,972","147,521,883,886,888,889",,"252,995",,,1086,988,"100,618,619,625,634"
YKL206C,206,,"65,242","76,77",,,,235,,,"111,194",,248,32,,210,,,
YKL207W,"74,75,80",,,"80,90",,,,,,,65,97,,,240,,"75,80",,223
YKL209C,"326,1102",,"211,393,752,1048,1112","240,342,684,933,1048,1049,1110,1112",1106,,,"287,1049","1261,1264",1017,"61,308,309,341,361,377,381,413,434,446,1122,1147,1287","371,394,396,399,400,467,468,507,1091,1131,1187,1188,1191","135,629,632,636",,"903,1106,1254","787,903",,"673,888","687,1261,1264"
YKL210W,"45,53,85,90,221,244,250,251,381,436,516,561,572,689,712,854,856,923,926",490,"98,572,745","139,221,683,922,923,926,987,991",,,,"682,683,745,888,926,992",267,"157,861","4,5,493,793,887","587,588,589,596,855,868,869,870,871","909,914","19,24,249,586","503,600,840","503,600,840","244,250,251,712,888","251,888","53,98,221,408,436,572,854"
YKL211C,"376,454,476,477",168,275,"233,266,476",,,,"275,456,457","275,296,456,457",,"196,199,208,425","142,146,148,149,159,160","117,121,210,211,213",140,"125,483",,"275,326,457",457,396
YKL212W,"99,223,459,616",221,"141,459,513","22,467,604,607,613",,,,"459,607",272,219,"121,229,231,488","511,514","509,511,514,611",111,,,,,"99,223,293,459"
YKL213C,"160,163,169,248,361,362,588",,"152,169,336,460,470,554","172,315,554,708","237,663",,,"361,362,546",,,"137,250,357,405,450,563,565,628","452,453","296,304,305,332,462,528",,,,,169,"152,160,169,248,323"
YKL214C,99,,,183,,,,,,162,,"43,47",69,200,,,,,
YKL216W,"46,161,162,283,290",,299,"161,162,299",,,,"46,283,310","8,208",,"11,12,20,130,135","2,4,38,45,49",251,"226,301",,,"161,162,214,216,255,258,293",,283
YKL220C,"548,552,672","6,491","35,66,70,322,431,432,538,548","66,76,77,672",,,,"70,548,672,680",,,"65,88,91,99,100,114,168,321,668",462,196,"684,688","19,79",,"70,297,431,432,548,609",10,672
YKL222C,"2,9,55,386,431,525,639,642",,"31,519","9,228,234,525,639",,33,39,"519,611",,,"57,391,446,449,488,568",,"175,177,179",,588,262,,,
YKR001C,"101,132,199,204,410,486,561,675","701,704","145,149,341,347,348,593,658","131,141,145,558,561,571,651,653,667,675",314,,,"322,486,642,688,689",675,196,"433,696","59,703","599,607","167,205",,,"132,145,199,341,561","339,341","42,675"
YKR002W,"183,342,343,392,407,527","94,565,567","5,174,343,407,546","34,69,183,377,432,448,513",,,,"70,377",,,"26,71,189,315,557,559,568","2,3,14,15,19,122,168,172,548,554","544,548,550","87,90",415,"414,415","70,109,290","24,448,478","183,343,351,441"
YKR003W,"24,125,292,375,381,422,432",124,17,"4,5,211,292","62,389",,315,"77,126,381",,,188,10,"18,19,21,22,299,300","223,326,388,391","62,389","62,389",,,309
YKR006C,"6,166,238,244",,,"56,106,192,238,248,256",,,,"192,201",,,,"196,260",221,,29,,"59,63,190,192,248",,
YKR007W,154,4,154,"151,154,158,159",,,,151,,,"10,78,79",134,,37,,"7,8",,,
YKR008W,"32,82,87,423,468,530","2,3","82,386,534","82,87,172,174,181,188,189,390,530,534",,,,"32,78,82,385,390",72,,"369,557,565,586","396,403,404,467","198,199,538,542",38,,,"172,189","390,399,534","385,390"
YKR009C,"82,316,323,355,712,719,768","755,761","63,64,263,306,323,473,712,792,897","287,306,316,323,513,617,736,738,739",,,,"35,318,864","63,89,212",,"4,164,286,453,584,704","192,390,436,454,455,456,457,458,482,590",6,"25,368",,"321,828","111,181,275,336,489","53,580,617,818","316,617"
YKR010C,"151,181,303,364,370,374,375,384,557,570,576,578,580,589,613,726,731,743","579,586","187,189,190,193,202,210,270,370,374,375,418","177,202,293,298,303,370,374,375,515,524,550,557,576,582,613,726,727,731,762","128,246",,,"419,605,625","105,374",,"47,51,52,643","251,252,253,353,356,357,450,489,494,496,497,553,674,675","32,62,63,66,69,72,73,302,311,312,356,357,361,365,366,397,412,435,438,661,662,690,692,693,755,760,766","317,763","82,128,246",246,"303,500,589","193,214,726","370,374,375,384,474,570"
YKR013W,,,190,,,,224,,,,,"6,8,104,124,159,160,162",43,,,,185,,
YKR014C,183,7,204,"110,161,177,197,198,204",,61,,,,,53,"13,17,18,67",,73,,,"177,183,197,198",16,"25,161,192,197,198"
YKR016W,"100,282,287,352",,"311,318,422","176,177,229,248,285,287,318,422,423",,,,423,,,"185,190,475",22,304,,,,229,"128,318,322",
YKR018C,"3,10,21,173,180,659,660,691","4,318,319","98,112,177,179,180,182,517,656,659,660","27,112,179,180,182,536,538,549,557",,,,,597,,,187,"17,185,187,374,375,377,380,612","211,704",636,,512,508,"23,219"
YKR019C,380,,98,"69,73,445,531",563,,,"380,448",352,,"36,108,163,178,235,283,385,425","49,51,56,66,88,124,180,187,288,466","51,56,62,122,127,132,135,136,140,165,168,170,175,180,186,217,237,240,243,246,251,252,256,275,451",524,45,,380,325,
YKR020W,"9,162",,"18,134","9,18,101,152,154,162",,,,,36,,,,"78,80,88",130,,,113,,109
YKR022C,165,,"85,86,140,145,223,229,254,258,310,312","140,142,225,229,312",,,,8,57,,256,"88,153","13,37,40,118,153,155,159,194,197","82,163",,,,,165
YKR023W,"269,277,389,474,509","387,529",262,"73,74,116,262,269,456,484,485",,,,,,,"94,132,235,238,351,453","87,90,91","219,240,242,243,245,248,426,440,489",506,,,"262,484,485","93,443,449","269,509"
YKR024C,"367,654",551,"72,367,370,377,378","27,370,377,700,715",435,,,511,367,,"10,55,374,411,412,455,635","100,198,200,235","78,79,81,82,499",,"350,473",,"367,370,377,378,654,659,691","23,166","602,654,691"
YKR025W,,"97,282","135,194",266,,,,115,,,"38,190",205,61,,,,"77,180,184,217","51,56",
YKR026C,,,58,"58,106",,,,,"58,301",,5,233,2,,70,,,,
YKR027W,"220,714,716",,"14,16,607,714,761","14,16,117,122,123,125,130,571,714","403,476,636",,,"426,714,716",,214,"369,470,482",2,,"43,252","81,403,436,636","403,476,485","571,716",,49
YKR028W,"28,576,580,666,675,692,699,700",,"145,312,321,525,576,580,584,760,872","28,145,580,584,616,685,686,692,699,700","694,733",,960,686,"146,324",,"361,527,534","909,911","53,54,141,177,562,604,774,782,784,837,850,857,862,864,867,870,962,968,1002",855,"694,733",,"28,324,580,700",146,"28,324"
YKR029C,"23,26,33,334,340,341,345,460,589,628,737,738,739",,"318,606,737","26,260,261,262,285,340,341,426,465,511,519,522,694,737,738,739,748",,,,"519,522,659,690,694",,,"237,244,397,500,501,616,623,658","17,67,69,76,79,189,326,328","208,236,239,242,474,633,635,636,680,682,684,686,711,714,718,719",,343,,,"243,589,621,628,694",334
YKR031C,"157,158,165,166,327,335,645,668,685,856,1059,1061,1062,1150,1177,1183,1227,1351,1361,1401,1514,1638",725,"245,254,616,641,645,651,1006,1140,1273,1277","70,165,245,343,611,614,856,1059,1061,1062,1138,1140,1308,1318,1323,1335,1340,1341,1343,1351,1638","937,1107",,1331,"166,533,641,1138,1187,1336",,"1003,1105","3,49,81,88,410,413,623,947,988,1204,1595,1597,1602","2,5,10,667,680","30,61,76,86,106,120,121,143,144,145,181,291,674,908,1677","544,862","937,1107,1166","957,1226","165,254,520,524,738,1006,1351,1417","641,645,651,1015,1370","166,254,571,641,1059,1061,1191,1361,1520,1634"
YKR035W-A,,,,"21,25,173,191",100,,,71,,,,38,171,,,,,,"71,105,152"
YKR036C,36,522,"15,66,383,541","15,115,140,507",335,,,"372,373,383",,,"153,174,178,305,393","3,301,380","170,187,409,609","43,96,156","416,483",,,,36
YKR037C,"53,169",,,"79,248,249",,,,,,257,"155,183","133,134",,61,,,79,"88,248",65
YKR038C,"34,217,218,266,374",2,"34,40","258,261,266",50,,72,"88,261,374",,198,,,"44,207",,"107,192",,,,"34,218,222"
YKR039W,"51,555",417,,"51,56,60,63,555",,,,,"281,283",483,"3,37","353,354,567",489,,,,16,578,
YKR041W,,25,,86,,,,,,,,,"9,171,177",,109,,,"17,166",
YKR042W,,,,,261,,,306,,,,"37,38,40,41,50,55,56,57,59,61,66,67,68,74,75",182,,"168,204,261",204,"169,172",196,
YKR043C,20,271,,"79,88,118",,,,,,98,58,,"260,266",,,8,79,217,"20,88"
YKR048C,"93,95,127,298",,"90,305","93,95",200,,412,"127,129,349,351",,,"161,175,282,294","2,7,11,24,27,32",177,84,200,,50,,95
YKR049C,"82,116",,,"29,84,133",97,,,,,,,18,,,,97,"82,84,127",76,
YKR052C,161,,"48,199",,,,,,,,"2,158","61,123",4,294,,,,,
YKR054C,"159,528,530,803,952,1356,1560,1681,1716,1789,2039,2469,2476,2522,2979,3048,3077,3078,3117,3522,3799,3857,3863",2984,"146,150,197,803,1172,1306,1369,1599,1999,2469,3036,3040,3805,3812,3919","100,159,415,434,503,504,803,809,868,1141,1363,1369,1434,1475,1484,1553,1686,1689,1695,1696,1730,1737,1999,2020,2032,2039,2111,2174,2476,2800,2801,2809,2859,3006,3040,3041,3048,3050,3077,3078,3081,3234,3556,3558,3560,3591,3592,3600,3805","2037,2486",,,"91,92,197,244,542,556,1172,1477,1520,1681,1686,2750,2801,3560,3592,3805,3808","308,1681,1914,2020,2402,3077,3808",2659,"245,289,292,372,613,842,980,1006,1007,1011,1066,1072,1158,1159,1165,1346,1688,1693,1717,1738,2231,2434,2688,2708,2791,2858,2896,2897,3025,3035,3193,3218,3308,3393,3424,3571,3975,3979","168,615,1175,1177,1179,1370,2024,2081,2269,2315,2422,2425,2467,2631,2762,2764,2767,3097,3727","622,623,656,776,783,810,1167,1915,1920,1923,2009,2790,2793","346,791,1383,2062,2464,2558,3360,3750","518,1428,1626,1718,2372,3499","1254,1626,3652","197,809,1369,1807,1913,1914,1922,1999,2522,3081,3355,3359,3863,4002","2015,3081","630,1520,1547,1553,1730,1802,1807,1992,2032,2232,2402,2411,2476,3023,3030,3297,3311,3359,3808,4002"
YKR057W,"5,16",13,,16,,16,,,,15,,,"68,84,86",,,,"5,38",,
YKR058W,"139,367,561",,299,,"200,201",,,,,,"181,222,391,403,409,436,474,475","498,560","87,382,404,405",,78,"200,201",132,,
YKR059W,"165,225,226,304",359,284,"225,226,272",267,,,"225,226,272,279,284",226,,,"292,308,310,311,316","2,6",291,124,267,"89,226,304","214,225,226,341,357","272,304"
YKR060W,"61,63,98,104,149",2,"9,61,245","66,89,98,111,114,120",,,,149,9,,248,251,"88,270",,196,,"9,45,89,114","149,273","98,273"
YKR062W,"16,18,20,72,73,174,284",328,"16,18,20,72,236,284,294","16,20,137,155,158,164,165,203,208,211,229,236,237,239,284,294,298",,,,"20,29,164,165","229,236",,"36,115",21,"50,52,79,80,84,106",134,,,"34,73,284","64,72,73",
YKR063C,"440,473","491,501",441,"197,383,409",,,,"27,325,409",,,"220,228,317,363,414","194,385,388,466,483","43,319,444,451",,,,473,"27,448,476",
YKR064W,"329,477,805",7,"190,241,250","33,240,250,497,498",474,,,"362,530,534,683",,204,"107,500,504,571,686,812","20,37,73,74,80,533,688","73,74,80,207,243,244,713","112,594,717",726,"321,380,466",,,"358,530,534,691"
YKR065C,"147,172,177,180",,172,,,,,,,,,"9,10,16,19,21,27,28,30,31,36,38,42",38,,,,177,,177
YKR066C,"88,142,324,331,345",5,,"331,335,354",,,,,"88,331",,,"44,45,171","44,45,46,47,204",220,,,"142,190,324,327","141,142,345","331,345"
YKR067W,"164,168,231,324,330,396,682,728",,"157,339,416,481,485,490","217,339,407,408,416,431,478,479,481,485,486,490,492",110,,,"339,342,343,583,584,624",,23,"176,594","2,172,173,215,216,218,554,712,713,723,726","218,645,647,649,650,651,654,657,660,664,668,671",325,,297,"330,396,398,407,408","98,396,434",624
YKR068C,"11,21,85",2,,179,,,,,,,"20,100,104,107",3,,,42,80,,185,
YKR071C,"35,244,264",,"26,86,153","32,33,35,142,148,153,154,177,188",,,,,167,,"88,139","145,147,179,181","186,206,226,227,230,283",327,,"268,311,314",,"75,76,290","72,76,287"
YKR072C,"162,441",,"168,174,251,323,326","39,167,168,169,174,201,284,285",406,,,201,,,"16,61,72,114,142,145,218,219","2,56,58,60,63,64,66,67,147,149,150,153,229,233,238","50,54,56,58,121,155,228,229,250,328,332,336,339,341",,406,,"41,201,210,285,370","201,246,251,441,447",
YKR079C,"33,136,208,214,219,225",,"33,130,398,490","46,123,125,214,219,225,228,831,833,834,836,837",,,,"219,480,749",214,,"62,397,605",168,"41,43,201,352,373","576,645",414,,"160,219,225,358,398,561","130,228","130,136,398,807"
YKR080W,"3,30",,287,"178,240,287",,,,179,"240,241",71,"184,279",,,"176,291","115,150,276",276,,,
YKR081C,"129,130,138,260,261,271,279,284,340",5,216,"53,54,63,261,289,291",,,,129,"53,54",,,,"295,333",,38,,"54,129",,
YKR082W,"243,544,599,1063",,396,"243,246,936,958,965,966,973,1034,1035",,,,"578,856,1035,1142,1144",992,,"23,262,264,357,408,622,668,905,977,1049,1052,1145","552,1135,1136","15,180,436,953",1094,138,,"59,976,1034,1035,1063",532,"470,480,488,912,1063,1072"
YKR083C,,129,,,,,,13,,,"61,62,95",,94,,,,,,20
YKR084C,"137,152,211,547,605",,"424,553,596,605","152,153,162,477,480,555",,,,"152,153,547",211,,"53,92,96,103,195,246","94,98,105,107,149,411","7,124",364,,,"137,547",,
YKR085C,19,6,"34,36,95","93,95,110,136",97,,,34,,,33,"16,30,91,92",,,,,42,141,"19,25"
YKR086W,"15,328,398,415,512,593,594,622,631,633,898,928,1023",,"197,279,667,887,890","32,81,113,122,279,347,593,594,890,904,905,1044,1050","330,443,561",,,"870,887,890",890,,"71,301,723,726,855,856,863","163,399,412,479,504,505,507,534,537,643,644,895,896,909,997","108,117,138,143,337,339","388,392,702,924,953","443,908","656,862,908","15,344","94,347,398,989","197,447,594"
YKR087C,"13,21",,"52,56,62,66","52,56,62",,,,"9,13,56,290",,"43,294","107,216",,170,35,,,"13,85,145",56,52
YKR088C,201,337,,201,,,,,,,"219,220,252",197,,,,,,,
YKR089C,"4,174,180,400,450,748",,"630,678","14,72,174,178,180,189,192,351,353,458,630,654","149,616",,,"44,353,557",,,"73,369,396,403,419,420,526,668,706","461,464,636,641,673,751,753,756,758,759,884,887,890,894,897,898,899,900,904,905,906,907,909","111,669,670,673,675,677,713,715,722,724,725,727,877,884,887,890","186,188,721","577,616",616,"44,174,189,192,348,362,450,453,458","178,180,816",458
YKR090W,"20,81,166,637",,"12,16,20,81,88,351,408,409","20,329","396,559",,,81,"73,229,548",,"114,205,215,294,318,437,506,520,617,684,692,693","30,37,38,43,44,57,63,67,74,77,79,113,116,117,118,121,305,330,335,354","43,44,46,50,53,63,67,102,106,108,113,135,186,254,330,354,356,357,358,363,456,508,531,534,535","2,6,240,365,539","396,590",556,161,"31,329,339,637",
YKR092C,"356,365,369",,,"4,365,369,376",,,,,,"387,391",,"310,311,312,313,314","133,394,396,399",,,,"365,369","4,5,7,294,328","356,365,369"
YKR093W,"224,303,317,319,600",225,227,303,,,,346,340,,"44,50,207,237,556",,"52,54",37,,,"340,346",,319
YKR094C,"6,29,33,48,83",,27,"27,33,88,93",,"6,11,93","104,105","6,11,29,33,48,63,83,88,93","6,11,63",,,"12,14,55,57,81",,59,91,,"6,27,33,48,63,83","29,63,83","6,11,27,29,33,48,63"
YKR095W,"44,82,105,274,334,583,1055,1472,1474",,"62,71,274,663,672,678,681,683,767,772,865,871,949,962,998,1015,1068,1090,1096,1696,1713,1716,1720","44,71,76,77,124,126,134,135,146,153,231,269,274,279,335,351,390,391,395,459,475,498,563,565,566,583,590,678,681,683,704,757,764,767,772,821,871,881,911,913,1086,1283,1284,1465,1466,1472,1474,1477,1619,1640,1641,1642,1648,1673,1827",30,,,"146,359,551,764,767","62,605,1465,1466",,"100,162,163,495,623,657,837,838,915,957,1075,1135,1136,1223,1750,1849,1851","676,685,917,1722,1723,1730,1731,1733,1761,1767","2,6,10,337,365,366,368,519,567,654,655,659,774,839,899,1002,1137,1138,1176,1200,1201,1297,1298,1343,1346,1404,1609,1610,1613,1678,1733,1781,1858","621,716",30,"30,361","146,351,1529,1530,1542,1598","57,82,105,573,583,704,727,741,820,821,1341,1344,1696,1840,1855,1857,1864","274,537,672,694,1015,1716,1840"
YKR095W-A,,,,,,,,,,,,"26,71,72,76","8,12,29,33",,,,,39,
YKR096W,"850,856,1169,1172",127,309,"269,284,288,856,859,1132,1136,1169,1172",967,,,,,1066,"43,47,162,192,372,687,766,934,935,989,990","18,20,130,132,133,139,141,1139,1176","85,133,191,194,472,618,1139,1141,1146","69,514","693,909,967,1193","862,1193",180,"122,180,288",1092
YKR099W,"242,432,439",218,"104,284,290,295,339,429,432,744","228,231,234,284,290,439",,,,432,,,"55,303,422,572","361,364,365,394,395,398,603,604,607,609,640,641,644","18,109,165,354,359,361,512,513,519,523,525,557,706,708","157,510",,,"228,234,432",277,
YLL001W,"104,111,150,152,156,162,293,310,626,627,741,747,748",,"95,156,162,227,605,626","104,152,227,237,300,613,615,616,715,741",739,,,"162,615,616,627,715,718",,,"142,170,275,284,321,361,421,433","58,144","74,77,557,560,584,588",590,,"208,466,481,670","615,718",137,"41,267"
YLL002W,401,,"122,131,132,362","40,124,131,164,210",,,,124,105,,236,"45,142,143,414",168,"118,370",,,124,,164
YLL003W,"3,9,60,538,903",,"358,460,811,868,869","299,397,497,504,506,574,579,581,643,692,697,868",678,,,"9,292,332,358,363,507,624,627",,,"65,357,425","26,45,477,480,487,822,827,875,877,918,920","7,10,43,45,552,816,820,822,876,877,884,892,896,897,918","354,356","215,431,678",,"292,358,506,507,815","35,525","3,9,400"
YLL004W,"119,149,192,197,228",,192,"43,98,249,272,610",,,,610,559,442,"5,11,243,308,309,311,418,421,470,532","161,359",28,541,,,"8,9,119,197","8,9,84,119,163,275","43,192"
YLL006W,"91,367",,"91,233,300,375","63,159,162",,,,"391,392",,,"55,59","40,41,85,88,89,90,93","2,234",,,261,,,
YLL007C,"22,25,28,73,245,425,526",,"22,25,401","25,28,110,245,320,321",,,,"28,73","424,657",,"47,49,280,316","387,388","51,52,542,543,545,548,549,550,641",663,"66,72,124",,"73,425","16,425",
YLL008W,"112,226,253,433,610,735","2,3","6,244,253,422,424,684,687","7,34,38,43,45,47,50,51,105,106,112,433,604,735,736,738,744,745",,,,"424,448,526,598",269,,"167,603","360,450","16,18,20,29,30,145,169,208,514",216,535,,"97,105,106,244","97,547,736",604
YLL010C,"107,111",425,"38,43",111,259,,,,414,47,"101,200,358","15,36,40,44,54,59,61,64,66,67,68,88,89,91,95,97,99,177,181","29,30,52,54","115,119",259,"9,10",,,111
YLL011W,"4,7,49,75,82,143,146,210,333,393,399,424,425",59,361,"126,393,401,430,459",268,,,"43,49,458,459,467","430,459",,"46,96,221,230,293","18,264,388","85,365","13,288,289,468",,139,"56,449","126,127,131,393,467",17
YLL012W,"83,128,463,470","3,6,95","346,458,470,477,547,548","126,128",159,,,,,,"139,140,143,419",336,"42,44,45,142,558,560,564",,,,"118,487",548,"339,470"
YLL013C,"262,355,356,357,358,437,770,790,796,839",879,"473,477,478,483,537,780,787,790,855","483,666,787,790,796,802,839,855",547,,,"604,772,780,787,790,796,855","81,82",,"164,165,208,454,474,479,485,523,531,533,832","89,178,207,234,235,563,684","115,117,119,120,122,128,131,562,856,858,866","107,108,784",547,,"604,612,772,787,790,796","437,748,754","174,229,675,790,796"
YLL014W,22,,,"21,22",,,,"21,22",,,"4,12",,"2,3",,,,,21,
YLL015W,"71,273,966,1305,1503,1539,1559",,"244,266,867,870,924,957,964,1539","71,263,376,473,949,950,954,957,964,1409,1418","28,1277,1329",,,"259,702,1554","244,1409",,"618,619,822,863,864,1011,1306,1452,1455","635,829,831,833,1039,1068,1072,1346,1395","3,649,650,893,895,906,908,910,927,931,934,1434",739,1329,"691,1465,1552",,"655,957,1331","388,1305,1310,1331,1409"
YLL018C,"27,77,145,173,174,403,428,432,437,447",,"72,77,151","27,31,32,35,36,39,43,77,103,145,173,390,396,403",,,,"145,266,393,396",174,381,,,"423,424","297,438,443",,,"27,31,77,145,403,414,432,437",,"72,103,145,265,266,437,447"
YLL021W,"124,321,390,746,748,960,1067,1068,1156,1159,1164,1425,1440,1443,1464",,"43,124,212,398,595,638,675,719,799,804,871,889,898,925,952,960,967,976,1003,1037,1040,1046,1085,1093,1156,1159,1164,1218,1219","381,390,649,721,729,748,796,799,862,872,891,898,925,960,967,976,1068,1117,1159,1164,1170,1344,1345,1443,1447","1405,1441",,"129,550,556","891,898,1156,1159,1164,1345,1385,1425","90,700,967",,"154,164,341,634,661,999,1049,1120,1129,1285","38,235,236,242,243,244,599,646,652,653,655,657,659,709,713,714,933,1062,1063,1121,1122,1398,1448","36,38,52,53,54,60,61,142,145,182,183,274,585,593,646,713,731,756,820,825,828,834,835,838,904,906,910,933,937,1001,1006,1051,1053,1056,1060,1080,1087,1179,1180,1268,1292,1308","1262,1270","1405,1441",1397,"891,918,941,945,960,1093,1094,1159,1164,1344,1345,1425,1428,1447","138,208,212,398,691,700,740,746,752,822,1003,1172,1276,1345","118,925,960,1156,1159,1344,1425"
YLL022C,379,,270,"37,43,54,299,301,306,309",,,,,,,11,"353,356,357,358",356,,,,270,"379,380","321,379"
YLL024C,"54,69,86,91,106,110,124,126,136,157,185,243,316,322,325,345,446,448,455,494,497,504,509,514,523,528",638,"126,136,345,421,490,494,504","91,126,245,247,248,316,322,325,497,504,514,536,567",303,"69,217,268,446,514,521","617,621,625,626","54,157,185,243,316,322,342,345,421,448,497,509,514",126,"47,233,466","29,33,111,484,579","38,118,143,175,422,427,603","359,634","147,181","264,303",303,"54,69,86,91,98,126,247,345,354,420,421,448,455,497,504,509,514,521,528,556","106,421,509,523","54,69,86,91,98,110,124,126,136,157,185,186,188,243,316,322,325,342,345,354,409,421,446,448,455,497,504,509,514,521,523,536,568"
YLL026W,"66,256,258,302,568,714,774,782,803,811,816,850",,"94,380,654","66,67,256,266,480,481,514,515,519,559,778,782,816",209,,185,"67,358,559,560",,,"122,805","306,317,644,647","535,562,564",166,"209,721",,"256,258,302,442,560","258,747,811","94,131,327,337"
YLL027W,"49,108,109,112,234,239",250,"43,49,79,82,85","49,144,167",,,,"43,45,71,234",,25,29,50,"57,59,150",,,,"45,112,152,155,239",,
YLL029W,"293,714",633,"260,311,462,690","254,258,260,302,305,307,311,315,456,462,466,470,680,681,685",,436,,"258,260,315,707",,,"87,104,194,424,538,579,693","2,3,29,151,153","6,7,8,14,16,21,26,27,31,42,49,56,84,404",136,,286,"435,714","293,379,456,462,690,743","111,707,714"
YLL031C,264,,"18,22,410,795","8,18,27,426",,,,4,324,,"66,71,100,182,203,411,681,682,707,742,743","9,622,628,629,632,638","13,14,68,69,415",,,,934,1009,
YLL032C,277,,"50,719,720,729,781","47,53,435,544,546,709,719,720","161,493",,,"283,546",120,,"64,66,625,755","45,93,100,257,725,727,728,730,732,733,735,751,752,772,773","752,757,759,762",704,,,,"475,645",216
YLL033W,"140,143,184,189",,"49,200,203,204,205","27,36,140,143,200,203,204,205",133,,,23,101,,"199,223","5,7,9",41,,"112,133",133,,"59,140,184,189",
YLL034C,"30,94,285,580,585","2,530","3,5,7,8,520,715,803,805","7,8,35,88,89,94,178,179,182,285,286,395,510,606,803,805,811,821,822",,606,,"286,389,759","404,711",,"737,738","150,152,203,296,441,442,444,625,714,722,723","6,10,12,13,14,198,203,441,450",607,427,"374,578","94,554","170,504,711,757","440,580,606,711,735"
YLL035W,,623,"159,299,463","6,159,473",585,,,"473,475,479,612",394,,"68,112,169,171,427","32,34,37,254,302,303",,50,"559,585",,,,"6,190,579"
YLL036C,"198,202,208,272,449,452,453,455",,"72,168,272,275,449,453","107,108,135,139,170,173,193,198,459",466,,,"18,108",,,"74,187,201,358,440,456,493","230,232,233,235,236","16,61",,"3,466",,"193,198",,
YLL040C,"249,521,575,915,964,976,982,1154,1979,2120,2471,2907,2971,2975,3027",,"41,74,456,528,731,733,967,976,1357,1397,1407,1465,1468,1544,2016,2021,2124,2267,2484,2486,2517,2550,2552,2657,2671,2889,2900","41,44,163,255,327,385,387,878,976,982,1465,1468,1475,1979,2398,2408,2888",,,,"378,938,941,1417,1479,1869,2196,2443,2963,2975","964,967,1214,2130,2963","2085,2467","132,209,256,457,458,582,689,860,916,999,1345,1387,1390,1414,1423,1486,1499,1618,1797,1875,1903,1991,2216,2302,2348,2374,2428,2565,2617,2642,2673,2994","127,128,130,785,786,972,1382,1598,1677,1724,1727,2555,2557,2558,3003","228,233,240,282,523,525,826,921,1362,1364,1369,1379,1386,1389,1402,1635,1641,1642,1645,1715,1957,2171,2251,3108","858,957,1201,2476","1437,1932,2840","929,1425,1932","249,1135,1479,2196,2971,3010","1063,1067,1069,1468,1698,1740,1894,2120,2401","1397,1869,2081,2196,2248"
YLL041C,"17,37",,,37,62,,190,9,,,"228,229,241","23,24",,209,,"62,242,246","74,145",,
YLL043W,,"617,668",,"610,611,615",,,,,,,"296,406,540","237,238,313,316,317,596,598","31,32,87,184,569,570,573,596,598,599,601",362,,,"368,369","221,223","249,593,595"
YLL045C,"5,6,32,96,128,133,146,149,171,213,225,230,231",7,"6,21,23,63,146","21,213,225",,51,53,"5,6,122,146,147,149,172","5,6,15,43,230,241",84,45,"29,30,188",,"49,55,177",,,"15,92,96,111,146,147,149,193,225",193,"92,96,146,147,149,181,183,225,230,231"
YLL048C,"540,547,996,1058,1660",,"335,436,441,547,548,790,935,951","104,112,114,117,436,441,540,547,548,814,935,1149,1659",,,,"64,198,1072,1073",,,"6,86,97,445,677,698,769,773,786,971,972,1132,1400","90,431,435,731,733,953,954,968,973,1090","73,74,75,81,944,945,954,1510,1511","434,1479,1621",,,"198,547,559,935","681,996,999,1003","705,831,1399"
YLL050C,20,136,"42,105","20,26,105",,,,"98,105",,,,"87,89",,,,,"20,105","36,42,98,105",
YLL054C,88,,"53,320",,"42,137",,,"8,10","181,233",,"98,110,111,152,163,185,323,615,799,839,842","12,74,76,186","54,56,69,72,508,765,767,801,810","229,366,397,458",489,,"53,769",,"177,181,188"
YLL061W,"392,459,465,540",,,"38,71,459,567",,,,,,,40,"6,7,10,15,20,386","36,42,551","51,243,375",394,,"459,465",559,59
YLR001C,"204,207,210,391,549,710","826,836","210,218,332,540,549,671","95,249,325,549,769","311,481",,,"95,99,210","257,325",,"45,89,129,310,427,498,518,519,546,640,643,656,665","260,263,264,548,551,553,793,795,797,801,837","213,258,260,786","319,812",705,"311,481",210,350,"210,218,316,671,675"
YLR002C,"589,593",,236,"351,360,362,364,542,548,558,562,649",,,,"164,353",,,"65,106,355,402,463,538","235,237,239,370","24,50,67,69,70,233,235,237,239,357,370,655,656,658",58,"163,174",174,169,"20,138",
YLR003C,26,,,"33,34,96,141,213",,,,,105,,,"68,202","2,29,39,59,149",90,,,,"37,157",157
YLR005W,,"26,459","107,108,112,113,258,355","262,417,420",,,458,"81,112,113,315",,,,"116,125,306,394,395","7,9,332,334,337","74,282","132,228,273,406","228,406",,113,
YLR006C,"45,393,401,531,567",,"340,525,534,672,676","185,222,346,356,676",242,,,393,597,,"57,233","103,105,107,108,110,112,115,309,312,587,685","95,168,175,176,183,186,457,460,583,587,589,673,691,693,695,697,703,706",,242,,401,,"393,401"
YLR007W,"81,202,238","3,333,335",276,99,,,,,,,286,,,,,,81,,
YLR008C,"88,144,153,158,163",,"94,158,163","126,127,128,130,135,153,158,163",,135,,144,,,"23,27,118,122",3,,,,,"88,101,107,158","101,107,111,144,163","144,158,163"
YLR009W,"50,53,57,61",,,"50,53,57,116,118,125",,"35,38,50",,,,,,,"154,156,161,172",,,,,,"48,50,53,91"
YLR011W,,"3,10",74,,,,,"37,39",,,,,,,,184,,,37
YLR015W,"145,146,284,285,287,456",,"146,362,366","145,146,249,293,366",,,334,"174,293","362,456",,"225,405","290,291","160,227",49,"127,221",69,"333,366",333,"146,456"
YLR016C,"88,90",204,,94,103,,,,22,75,163,,"116,187",,103,,,138,
YLR017W,"115,317",,,15,"205,250",,97,"5,12,110",,,"229,273,276",,,,205,114,,"181,317",
YLR018C,57,,245,"48,209,217",,,,113,,,"159,199","27,30,34,239,241,244","270,273,276,292,294",288,,,"113,209,217",,"48,217"
YLR021W,,,"12,14,25,57,100",,,,,,,,"19,35,36",,,80,,,,25,
YLR022C,"35,68,118,141,148",,"151,173,192,195","21,25,35,125,126,151",119,25,,"73,118,141,151,164,177","192,195",,"14,59,246,250","131,163,199,200",200,,,,"68,141,151",141,"73,135,141,159,164"
YLR024C,"67,502,680,691,835,981,1005,1015,1018,1288,1308,1594,1818",,"67,709,1288,1416,1426","680,686,709,917,1015,1027,1028,1030,1199,1247,1447,1448,1451,1484","945,1532",,104,"131,373,1288,1416,1417","333,438,1416",,"134,182,547,715,965,1203,1230,1340,1570,1670,1729","396,398,1147,1343,1349,1352,1380,1578,1580","177,181,394,396,712,717,967,1717","991,992,1019,1811,1826","24,527,945,1312,1532","945,1312","680,917,1030,1417,1594","641,917,925,1018","438,641,983,1018"
YLR025W,"115,206",,"60,69,196,206","21,57,60,64,68,69,70,71,79",,,,"71,115",,,,"45,193,201","11,18,20,72,201",,,,35,79,125
YLR026C,158,,"117,118","19,57,151,177",,,,"56,57,102",,,"42,43,47,122,124,127,152,221,222,300",193,,,,,56,"56,57,118",
YLR027C,"46,273,305,309",33,"46,281,290",46,250,,,281,,,"62,67,157","52,285,286,294",109,,,,"46,126,372",,32
YLR028C,"23,96,108,266,407,436,460,471,476,479",,"161,194,200,251,330,360,407","87,161,355,356,357,407",300,,,"67,194,200,266",,"170,172","139,531,532",35,,,"362,433",,"6,90,334",510,"6,23,355,356,357,388,520,529"
YLR029C,"13,93,128","64,66,75,106",,"13,56,170,176,179",,54,45,,,,"181,182",,,"4,6,127,129",,,"5,140,169","77,83","13,14,128"
YLR032W,"518,749,774,1038,1042",,"153,220,586,627,632,634,816,985,992,995,1038","173,220,357,361,363,580,581,749,752,774,776,779,798,816,995,1001,1038,1045,1053",,,958,"221,342,350,412,752,816,827,956,1038","202,656",,"162,608,609,622,665,688,906,1085","446,829,830,988,991,993","22,129,130,204,325,460,610,988,991,1151",,960,,"212,357,408,889,1038,1042","10,27,31,194","408,518,749,1038"
YLR033W,"154,417,440,451,453,457,467",5,"149,326,463,467","417,427,457,464,467",28,,,,"9,200",411,"57,60,186,250,297,395,400,484","192,194,262,443","59,374,377",320,28,,328,"149,211","38,325,326"
YLR034C,232,,430,"179,184,232,233,236",,,,,184,,"87,375",,,,,,236,"233,236",
YLR035C,"119,134,348,637,640,648",,"141,406,408,414,598,599,600,634,637,640","277,340,347,348,352,354,406,408,539,540,549,607,608,640,675,676","53,74,147,553,688",,,"41,298,408,540",334,,"431,586,587","302,524","7,229,457,459,460,465,468,471,568",197,553,553,"277,298,600,640",640,119
YLR035C-A,"148,152,626,841,848,853,1130,1131,1139,1144",,"15,401,402,840,841,847,848,853,903,1032,1037","52,214,626,665,840,841,847,848,853,882,903,906,1076,1080,1109,1139","158,1045",,,"152,649,841,847,848","895,906",694,"16,17,23,143,175,391,474,560,585,1064,1065","160,161,356,439,467,469,569,574,577,1138","209,360,362,364,365,404,405,406,451,453,455,547,581,587,603,908","454,672,673","158,188,1045",158,"665,840","590,757,874,930,932,1080","148,152,217,578,848,853"
YLR038C,,,,,,,,,,,22,,"7,11,82",,"27,59",59,,,
YLR039C,"309,704,739,913",,"299,302,309,310,457,476,869,987","8,12,16,17,18,20,245,246,309,310,313,319,383,457,528,660,733,736,739,859,864,869,968,969,978,986,987,990",814,,,"374,698",,,"166,211,544,1015,1043,1044","6,10","117,121,873,875,896,988",918,"29,66,814,910",,,"969,997","739,927"
YLR043C,"42,86",,"86,96","79,82,86",,,,"79,82,86",96,,,,28,,,,"54,86,96",,"34,66,82"
YLR044C,"8,342,478,505",,"109,342,345","228,232,233,332,554",,,,"8,562","269,273",,"30,131,318,396,402,403",353,"353,362,363",,,221,"8,190,209,228,232,233,269,304,315,342,463,532,554,562","228,345,366",435
YLR045C,"154,235,239,243,467,598,641,647,656,659,665,786,870",,"360,363,598,610,612,647,786,833,860","24,150,151,154,230,235,239,243,330,360,361,363,444,540,586,590,591,665,727,733,795,833",,,,"150,151,154,239,402,404,428,552,659","227,786,795",,"93,96,216,217,368,371,482,512,562,631,632,652,759,834,850","101,118,119,121,123,602,618,621,768,778,780,781,787","277,280,602,603,813,858","9,492,498",400,,"428,659,665,720,870","696,795","239,252,404,711"
YLR048W,"52,56",250,,,,,97,,134,179,,,"103,106,108",,162,162,,229,"52,56,116"
YLR050C,133,,"50,100",42,,,,42,,,,,,,,,,,
YLR051C,"64,98,185",5,,"60,61,64,137,138,197",,,,78,,,,,,,,,156,"64,156",197
YLR052W,"40,95",,,121,,,,27,,,233,"57,59,65,66,68,69,71,73,74,75","97,151,157,211",91,,,27,"27,40",
YLR055C,"301,346",,"121,219",,,,,,,,"29,252,544,589","123,254","85,87,108,261,353,385",,,,346,244,
YLR056W,"362,363",,"32,35","56,324,329",,,,329,,308,"45,283",,,,,,"329,344",32,
YLR058C,"101,203,324,334","264,469","63,150,273,384","270,273,324,327,334,377,384,432,438,441,443",368,,69,"211,316,334",316,402,"46,284,297,343","152,155",,"64,68,73,74,184,465",197,,"29,316,324,327,334","29,384","63,93,101,334"
YLR060W,"8,120,165,382,431,476,479,556",4,"216,382,388,460","323,373,476,479,483,550","267,353",,,"93,436,476,479,483",45,295,"18,139,173","91,92,390,470","3,5,462",,"320,411",411,"436,476,479,483",479,"8,479,483"
YLR061W,"74,77",,"13,42,70,77","81,82,85",,"74,77,81,82,85,86",,,35,,,55,"16,21,80",,,,"13,99",42,"70,74,77"
YLR064W,,3,,,,,,,,"5,7","82,201",,,55,,54,,,
YLR065C,,,,"175,177",,,,,4,7,,42,,,,,,,
YLR066W,134,"5,184",116,69,,,,134,75,,"10,13,89,102,173,182",,,,,,,121,"134,144"
YLR071C,"397,581,584,600,653,668,945,1032",,"350,408,600,604,892,1032,1041","350,599,600,604,653,664,679,1032,1041","649,1057",,,"581,584,653,657,936,945","358,856",,"26,250,444,610,741,893,1044,1078","69,76,434,886,890","18,720,788,871,1011,1013",145,576,,"407,1032","657,679,687","397,599,600,664"
YLR072W,"171,554,562",692,"376,580,582,587","37,39,43,285,658",480,,,,574,,"233,269,298,443","312,313,314,343,347,352,357,503,508,591,593,594","46,52,66,67,74,124,147,321,343,442,594,597,607","246,405","480,553",,"225,467,554,580",286,"43,574,582"
YLR074C,,72,12,"28,33",,,,,,,,109,,22,,,100,,33
YLR075W,"74,101,121,164,169,170,198",,"19,38,145","38,39,40,141,145,169,198,202,203",105,"13,15,74","5,16","38,39,40,74,203",,,,,,34,"8,49,71,105",105,"38,40,101,145,191,198",,170
YLR077W,"47,62,69,108,360,362,426",583,"139,141,171,243,244,537,565","47,139,141,244,371,375,487,489,493,494",,,,"141,326,489,537",,,"121,475,476,480,575","7,9,10,260",,,442,,,"537,561,565,566",
YLR078C,,,,,,,,"24,93",,,"99,100","28,101,103,116",95,,,,93,,
YLR079W,"272,274",,"50,53,177,185","253,254",,,3,"168,216,274",,13,"21,99,190","19,22,45,47,48,49,85,191","2,9,12,33,49,51,76,80,141,144,145,152,198,201",,,,"216,254",84,
YLR080W,"5,9,12,85,93,210,217,244,264,279",,"9,27","5,9,191,317,318,345,358",,,,"39,54,191,279,283",,,,"202,203","30,262",,,,"264,317,341,358","60,318,358","5,210,358"
YLR081W,"141,274,279,423",,"37,44,62,284,287","27,279","194,227",,,"110,274","287,310",,314,238,"48,50,53",268,270,"227,270,395",,469,523
YLR083C,272,644,,111,,,4,,502,,260,"141,485","143,144,374,376",639,"101,478",,643,,
YLR084C,1176,1200,"285,463,578,603,615,619,631,669,1032",591,331,,,,1176,461,"19,21,25,26,49,68,69,103,104,114,125,138,146,151,167,180,218,224,313,345,358,359,412,425,496,501,504,505,593,600,606,620,630,657,684,685,693,701,711,738,772,801,841,864,870,888,903,922,923,936,960,963,991,1004,1011,1049,1051,1078,1104,1106","1116,1123,1125","23,240,428,429,430,431,433,621,708",,331,327,"578,579","360,579",
YLR085C,"24,211,214,215",,"50,153,269,411","23,24,215,411",,,,"34,50,144,215",,,"168,196",,"53,102,104,131",184,,383,228,,"16,153"
YLR086W,"269,296,399,483,556,669,671,793,802,803,813,936,987,1011,1248",,"63,139,261,269,384,413,443,455,545,669,671,774,803,936,999,1112","131,139,287,384,386,406,419,425,433,434,439,443,455,489,495,543,545,590,591,599,618,619,620,625,633,641,643,665,669,671,793,803,936,956,958,960,968,973,980,987,994,996,997,999,1003,1004,1011,1014,1090,1095,1239,1248,1260,1261,1262,1405",,,"110,111,114","57,170,264,457,545,591,625,671,735,980,1374","191,287,545,1031",,"80,265,266,273,546,634,668,838,1047,1050,1052,1361,1416","76,79,81,82,83,84,85,277,278,469,548,664,670,674,1156","7,60,68,128,133,268,319,409,410,493,494,497,499,847,1026,1027,1049,1118,1316,1321,1324","73,846",985,985,"131,264,269,591,681,769,771,830,834,936,980,996","220,253,771,774,1112,1133","139,296,406"
YLR088W,272,,288,,,,,288,,,"87,383",99,"493,522,523,526",116,,275,,"506,510",
YLR089C,"124,515,540,584",,56,"50,52,56,124,144,197,200,205,232",,,,208,"321,521",,"294,295","30,39,40,43,44,45,223,233,267","469,544,553","125,221,590",,"270,548",200,124,"124,197,515"
YLR090W,"40,47,161",,"216,225,349","147,148,150,216,321,325,440",272,"26,31,35,40,210",221,172,,9,"417,418","65,203,397,399,400","176,183","61,455",272,"231,457","26,47,325","53,239,294","31,35,40,47,69,70,325"
YLR091W,214,292,"38,40,192,193","40,48,55",,,,33,,,122,"27,28,29","15,196,211,239,247",,,,40,38,48
YLR093C,"2,188",6,,,,,,,,,"5,118,121,144,148,207",,,,21,,188,,
YLR094C,"164,274,468,472,477",,"106,141,327,349","274,275,332,351,378,379,477,481",152,,,"58,332,397",,,"6,8,65,71,382,480","142,147,160,168,265,266","34,36,38,104,144,147,149,168,247,249,252,288,289,290",342,"21,497",,"477,481","378,379",
YLR095C,,,"114,598,739","388,389,418,421,680",,,"456,809,810","355,675",,,"151,169,276,329,725","597,599,603,605,758,760","371,451,453,455,629,630,634,635,711,713,715","122,123,352",,650,,"251,257,382",
YLR096W,"384,448,731,763",,"334,336,337,369,589,696,699,726,728,731,745,817,1135","148,767,1135",960,117,"2,4","69,767,955",,713,"327,460,546,547,548,732,797,864,877,1095","104,109,580,581,584,586,587,741,884,885,924,927,928,929,930,1004,1005,1007","22,26,146,608,609,611,612,615,616,620,628,641,643,702,704,706,748,1001,1005,1013,1020,1031,1035,1037,1043",887,960,960,339,"148,339",250
YLR097C,"145,149",3,,"12,24,26,149,154",,,,"7,12",,,"79,125,320,323",66,"71,72,325","5,198",,,12,"297,330","149,154"
YLR100W,"218,221,295,309",,"134,273","327,329",,,,"291,295",328,,"57,199",310,,296,,,"172,221,222,291",295,53
YLR102C,"112,124",,,,168,,,,28,,208,105,"36,42,43",91,168,"97,168",,,237
YLR103C,"110,357,599",,"14,471","300,356,357,394",,,,"222,228,517,520",643,,"212,436",9,"147,175,303,305,453,462",399,528,556,,,110
YLR104W,,,51,"85,92",,,"33,46,48",,,,,,,"80,104",,97,85,,
YLR105C,"245,252,254","276,371",94,"154,175",241,,,,,,352,"87,89",,,241,284,"179,254",,
YLR106C,"229,330,492,505,535,603,613,734,738,742,749,1010,1020,1094,1243,1244,1310,1547,1548,1741,2318,2329,2564,2584,2677,2939,3387,3396,3399,3522,3569,3647,3669,3837,3954,3955,3961,3970,4545,4576,4662,4664,4785,4792,4825,4873",883,"499,603,668,693,795,859,1010,1020,1419,1547,1634,2060,2452,2458,2586,2743,2746,2788,2939,3399,3548,3582,3639,3650,3651,3657,3660,3662,3831,3970","492,499,505,519,529,603,794,795,859,1310,1311,1315,1318,1320,1425,2416,2421,2424,2431,2456,2458,2564,2584,2643,2646,2677,2793,2801,3245,3498,3527,3562,3564,3647,3650,3662,3669,3677,3793,3873,3874,3904,3961,3970,4163,4635,4668,4671,4676,4784,4785,4792",1955,,,"492,505,519,603,742,859,866,1419,1548,1634,2646,2746,2793,3522,3657,3662,3955,4662,4792","483,1585,1926,2318,3253,3522,3538,3639,3793",,"233,622,630,678,713,946,947,1412,1606,1633,1653,1654,1720,1762,1766,1772,2126,2379,2382,2639,3084,3090,3225,3427,3707,3848,4023,4764,4848","266,308,309,675,1085,1087,1090,1356,1670,1718,1722,1725,1726,2737,2738,2741,2977,2997,2998,3035,3216,3693,3748,3974,4905","51,509,1026,1029,1253,1259,1609,2172,2174,2869,2872,2962,2964,2977,3171,3198,3199,3567,3731,3911,4050,4123,4168,4263,4298,4302,4353,4411,4413,4473,4555,4579,4588,4593,4625,4629","1034,1326,1327,2139,2496,2828,2829,2924,3557","989,1300,1849,2383,2849,4044","243,876,4729","489,492,794,1005,1043,1103,1243,1600,2416,2424,2564,4459,4664","1320,1422,1585,2318,2458,2586,2793,2801,3067,3161,3166,3293,3334,3564,3907,4635,4664","281,734,742,859,1094,1869,2265,2643,3387,4284,4404,4459,4545,4662,4664,4668,4784,4792"
YLR107W,"121,128,132,138,165,210",,"86,88,113,115,121,128,138","33,39,79,81,86,88,95,113,115,121,354,360",302,,193,"115,132,165","342,392",,"69,142,145,148",346,,80,"209,226",302,210,98,"121,128,227,230"
YLR108C,"13,114,246,314",,"13,158,374,426","343,345,374,381,383","238,425",,"168,169,172,173","5,132,225,345",383,,"261,271,344,421",,,"116,118",,238,"13,132","89,374","132,158"
YLR109W,"7,8,41,79,113",5,"47,48",,"31,120",,,"7,8,47,48,107",,,,"52,103","59,61,63,65",,"31,120",120,"7,8,47,48,107",,
YLR110C,,,,,,,,,,,"63,79","6,8,10,13,14,15,18,20,21,28",,,,,,,
YLR113W,"159,289","135,140",,"56,288,289","156,161","133,159",185,"52,53,56",,,416,"60,113,255",,"176,181,182","156,161",161,"288,289","53,56","146,159,281,288,289"
YLR115W,"45,199,392,511,545,546,687,697,776",,"135,324,511,515,516,576,609,677,701,721,772","178,228,231,235,236,448,545,641,700,807",43,,160,"680,700,858","49,546",216,"24,76,181,186,312,313,599","107,212","582,583,684",40,"43,166",,"697,701","413,419,444,449,776,786","535,545,807"
YLR116W,252,,"151,282",53,217,,"96,97,98","25,53,229",124,,"31,200,263,313,325,329,330,358,359","394,402,403,405,437","18,88,93,95,360,361,378,382,385",100,,,,,
YLR117C,"50,59,306,344,635",,429,"24,25,28,344,352,507,603,608,636,640",,,,429,"679,680,682",60,,349,,"543,625",160,160,59,,"344,462,603"
YLR118C,"162,222",6,,,,,,185,,,,"128,129,131",,,,,,"98,101,109,183",
YLR120C,"4,40,45,284",,"22,58,59,272,275,284,290,359,365,498","22,29,45,58,59,66,275,359",,,,275,,,"95,204,232,242,245,299,358,480,522,532","164,428",,"323,401,402",,,,,"29,275"
YLR127C,660,442,"430,847,851","174,433,441,443,445,450,649,658,660",684,,,"223,327,328,433,528",640,,"69,70,204,424,733,840","72,73,74",87,76,"260,274",,,405,"174,649"
YLR129W,"258,420,779,909","2,942","62,288,315,371,503,513,884","495,513,515,774,779,780,787",82,,,"306,515,787",,,"264,411,798,842","490,590,736","375,376,384,396",,"82,649",82,"306,498,747,909,929","288,503","315,318,381,503,521,780"
YLR131C,"90,112,258,410,504,689,690,697,698,703,704",,"91,112,118,433,508,660,661,703,704,717","508,698",539,,,"410,660,661",,,"133,147,359,360,509,535,536,758,760,765","385,392,408,411,420","19,80,140,245,247,249,253,259,292,303,342,384,392,399,402,420,422,425,428,436,486,501,511,559,574,700,701,705,709,713,714,764",24,,666,"661,717,724",,
YLR132C,"54,176,198",,"38,214,242",214,278,,,168,,,252,206,206,"8,220",278,,242,106,
YLR133W,"223,227,298,454,466,509,510",,227,"223,227,493,509",,,,"223,509",308,"305,431,450","52,259,295","45,87,354,355,359,500,519","12,14,21,23,24,36,37,43,45,48,51,54,85,87,92,95,96,97,98,515,519","13,17","209,427,568",568,227,"227,381,509,510,514","168,223,493"
YLR134W,"342,345,357,478",,"109,342,345,520","228,232,233,274",221,,,209,274,"44,258,352","30,131,318,396","155,156,356,358,359,556",,157,,221,"8,41,209,232,233,274,304,315,532,562","228,366","233,525"
YLR135W,"68,136,202,248,252,257,549,553,556,594,747,748",,"68,156,173,175,207,209,278,479,489,531,590,594","134,156,163,173,248,257,489,531,590,594",,,,"396,489,541",,,"20,78,152,183,416,492,493,520,565,678","75,76,149,390,486,495,498,499,502,510,514,593,596,597,636","59,195,567",192,622,742,"11,236,340,479,631","62,140,340,526,648","271,549,643"
YLR136C,218,,"121,150,276","167,211,255,269,270,271,276,278",,,"185,223","107,108,109",109,265,"47,52,99,249","15,95,262",165,,190,,"276,278",171,"108,109,167"
YLR138W,"714,771,808,965,974",653,"778,974,979,985","156,237,865",,979,,237,979,,"292,751,828","449,453,454,456,457,526,600,684,736,740,768,876,975,980","479,481,487,490,492,544,651,765,874,876,886,978,980",573,,,"156,693",403,
YLR139C,"145,221,600",,"49,84,98,99,221,228,292","228,287,541,549,562,563",,,,"556,600",,,"235,240,302,304,325,326,330,335,565,615","94,101,164,165,175,176,490,491","22,90,94,164,165,167,168,314",,510,,,49,"221,228"
YLR141W,8,,,115,,,,8,,,,"195,197,199,299","197,199,201,239,329,335",,,,,,
YLR143W,"172,321,378,425,668,675",,"253,331","263,331,378",62,,393,378,"378,388",673,"75,78,83,165,260,316,319,580,609",,"334,339,364,582",,"242,398",,"317,321,675",,"321,378,388"
YLR145W,135,,,63,45,,,,,,123,"10,173","33,37,50",,"45,130,132","45,132",63,,143
YLR146C,223,297,223,"223,227",,,,,130,,"3,4",,"134,136,285,286","278,279",,,11,,277
YLR147C,70,,"85,86",,,,"94,98",32,"85,86",,,,,,,,,,
YLR148W,"58,132,198,199,221,223,227,236,354,359,382,837",,"132,193,236,309,422,803,867","97,354,422,430,476,478,484,674,677,873,875,877",,,,"88,143","236,484,492,698,737",,"100,110,456,495,593,594,600,607,750","231,462,602","302,304,393,825","499,608",,,"177,221,373","221,236,309,803","242,354,359,596"
YLR149C,"125,132,154,260,266",,"106,260,505",,,,,504,,,"58,98,168,179,183,270,271,364,460,489,523,568,688,699","533,535,536,554,555,559,626,627","6,9,82,89,465,483,486,621,651","338,629",135,135,"117,435",,
YLR150W,"104,170",,"34,171,192,194,260","104,105,170,171,184,194,199,202",,,,,"104,105",,"29,250","30,32,181,191",,,,,"23,27,83,84,121",,105
YLR153C,"140,205,214,379,388,682",,"215,388,447","16,388",267,,,140,"60,388,637",,"91,537,557","124,133,141,236,238,291","76,539,544,620,635",10,201,,"4,7,140,388",388,"388,622"
YLR154C,,,"46,78",,,,,,33,,,,"50,52,54",,,,33,,
YLR163C,"113,188,196,201,220,407",,"196,201,204,361,364,367,377","188,364,367",,,,"188,196,227,367",,,"82,316,446,452","20,39,243,404","235,237,243,305,307",,,,196,"121,234",
YLR166C,"13,82,208,216,334,460",,"187,334,460,464,470,515","10,82,85,147,153,154,155,216,334,472,474,716,717,718",,,,"460,464,628,714,716,717,718,754",301,,"136,246,247,309,331,531,532,543,544,567,571,632,669","47,207,496,497,498,791","161,186,523,525,527,529,561,564,569,671",,,713,"16,55,66,71,94,118,216,359","16,330,334,723,756","55,94,296,301,714,716,723,754"
YLR168C,"23,24,88,89,205",,197,"48,88,89,158,160,197",,,,,,,"74,97,121,190",,82,,,,"23,24",205,"188,205"
YLR170C,,,"30,32,35",,49,,,"35,47","32,35",,109,"23,26",156,"6,61",49,,35,,
YLR175W,"134,161,267,272,284,383,384","219,355",137,"134,137,267,383,384,438,440,446,447,449,452,458,461,464",280,,,31,54,,145,58,"46,47,221,225,395",56,"85,190,280,328,339","85,101,190,280","50,137","3,9,50,54,161,367","27,161,272,384"
YLR176C,"17,21,241,631,758",811,"211,216,239,241,329,411","616,631",,,134,631,,,"172,238,264,361,401,439,548,643,719","73,80,106,152,197,199,202,205,213,388,391,403,404","87,95,220,222,226,388,389,391,393,412,414,416,418,424,483","162,353,502","745,762",756,631,,"17,232,637"
YLR177W,"33,283,355,448,580",,"24,33,94,292","28,33,41,71,78,81,439,448",,,,,,,"7,29,30,145,260,299,335,511,512,568","84,86,96,99,214,444","84,86",,"274,539","539,563","24,28","28,123,126,366",
YLR178C,"16,17,101,178",197,"178,181,183","56,60,169,172,178,181,183",,,96,"172,181,202",,,,"74,180,195",,"149,168",,,181,,156
YLR180W,"61,68,75,76,84,112,228,272,276","12,238,255","75,272,276","68,75,76,84,176","43,91","252,290",,"68,75,76,112,272","75,76",220,,"60,275,280,361",,"88,274",43,"21,43,91","210,216,228,276,290,299",,"61,112,216,276"
YLR181C,"13,17,60,61,149,152,299,302",8,"160,281,286,293,299,302","109,163,172,250,257,258,281,286,293,322",,,,109,,,"95,102,138",,"67,146,183,195,233",,,,"163,281,286","61,205,257,258,277,317",163
YLR182W,"610,764",,"339,501,543,697","163,164,166,538,541,543,731",,,,360,,,"48,126,136,201,202,270,271,388,568,576","176,178,179,513,519,720,760","160,170,791",534,"404,762",404,"249,697","127,129,164,166,247,249",
YLR183C,34,,"95,114,466","243,265,359,365","27,127",,"15,18,19,25,28",466,,,"123,210,244","2,3,53,58,314","77,78,88,93,94,98,316,470",167,"132,198",,,"265,294",
YLR185W,"3,10,14,52",,43,85,"34,37","10,14",,"32,52","52,54","56,63,65",,"5,87",35,,,,,,"3,10"
YLR186W,"12,64,106",2,"12,17,158","17,164",70,,,"161,177",147,,,149,102,"220,230",203,,,,"78,158"
YLR189C,"93,333,432,464,465,634,674,707,1111,1112,1129,1132,1149",884,"240,325,333,448,741,1129,1140,1144","156,183,325,424,1035,1038,1039,1132,1149,1175",,,,"712,1132",707,"815,822,889","298,343,344,606,688,737,806,810,941","157,170,175,242,746,1126,1172","4,8,10,42,44,56,58,61,70,296,300,304,341,926,1172,1196","418,419,449",,,"427,554,580,1132","332,1175,1176","93,333,424,432,634,1111,1112"
YLR190W,"42,120,121,174,211,420",486,"60,120,121,138,148,211,395,407,475","40,42,142,146,148,184,370,376,377,380,381,419","21,176",,,,71,,,"383,385,386,465","3,5,8,12,16,19,30,37,39,70,76,319,385,427",,"21,176,227",21,146,"98,488,489,491",
YLR191W,209,352,"233,235,242,355","224,233,339,340",,,7,224,,,"46,66,244,298","2,3,4,14,196,300",,,,,235,"235,375",
YLR192C,"244,245",219,,"86,87,147,155,236,244",,,,132,,"218,220",9,158,"11,225",,,,,,118
YLR193C,"138,166",,"57,58,61,67,138",148,,,,140,,,88,"125,156",,,,,"67,140","105,138,140",
YLR194C,,,"46,168,174,180,199,205","168,174",,,,,,,,"23,27,29,30,31,37,51,56,177,182","4,6,12",,,,,,
YLR195C,"63,117,125,130,131,228,291,341","450,452,453","255,430","8,15,32,33,39,255,257,263,265,266,368,371",,,,"6,125,161,257,341","6,8,9",,"114,121,338,339",150,,,,385,"61,117,188",,
YLR196W,536,8,536,"270,275,452,528",,,,"332,413,502,517",,566,"106,333,343","364,370","52,266","122,198,297",429,429,"452,517",,
YLR197W,"103,196,295,349,354,382",,"79,92,93,94,366,370,372","21,103,137,140,224,347,349,457,477,478,480,481,483,484,486,487,489,490,492,493,495,496,498,499,500,501",,340,,"88,94,140,164,349,382",295,,"95,213,324",331,"101,144,228,387",,293,"118,293",140,"103,110,140,226,419,423,448","140,162,164,340,347,349,354,382,405,406"
YLR199C,"91,213,215,229",,81,13,31,,,215,,,110,126,82,,"31,185",263,,35,
YLR200W,,,,"24,102",,,,,,,"104,105","106,109,110",,,,,,,"7,50"
YLR201C,"43,133,191",258,,"37,43,222,224",,,,210,,,"236,237","196,202",119,,,,"210,215","123,215",
YLR203C,"198,306",,292,"126,127,292","85,281",,142,,,,"93,157,160,230",191,"200,203,342,345",421,"85,281",362,,,"216,238"
YLR206W,"10,66,68,482",,"125,438","225,469,482",,,,"66,68",,,"29,112,432",535,"31,33,35,38,495,521,524,526",,,,10,,
YLR207W,"113,324,332",244,"168,170,176,246","689,694",,,,495,,,"81,82,103,122,408,409,591",561,"249,255","304,672",,,"170,189",718,170
YLR208W,83,2,,249,,,,,,,165,"167,175","126,135,136",,,,"83,186,282,288","249,252","34,186,249"
YLR210W,72,,,40,,,,437,,,"424,427","367,392","111,114,115,116,168,177","105,145",,,,31,
YLR211C,,,,"20,27,162,171,172,180,181,183,188,197",,,,,,,43,,"122,124",,,,,"149,154",
YLR212C,"19,164","354,473",,,13,,,"337,400",61,,"206,211,221,379","146,152","58,169,171,271,273",,"13,159","13,159","164,165,337",51,"215,337"
YLR214W,"93,155,465,468",,"90,164,298,407,412","58,67,90,93,94,155,163,164,468,610",,417,,"164,184,468",,,"49,80,104,189,483,625,626","161,165,170",409,,,,"25,163,164,173,184","58,93,94,298",
YLR215C,,,"37,42","42,46,47,169",,,,"46,169",,,"126,139,140,155,158",90,"353,354,356,360","6,69",,,203,110,"124,243"
YLR216C,"38,58,103,134,247,250,259,364",,"50,217,231,232","210,287,361",172,,,"38,223,231,232,309","210,217,231,232",,"80,96,115,117,234,322",6,,235,172,,"31,210","91,103,210","5,206,210,217,241,259,346"
YLR219W,"337,440",2,"99,159,180,409,458","337,537,545,547,711,714,720,723,724",,,,"337,440,458",,,"121,141,148,149,290,429,485","35,40,50,53,60,80,81,82,83,88,89,151,157,161,164,389,390,392,394,396,402","31,35,43,64,71,74,80,81,82,83,120,151,155,157,167,170,172,245,250,367,388,414,434,642,644,646,648,719","101,111,528",,,"458,535","566,567","99,347,353,458"
YLR221C,,,108,"12,16,93,96,100,113",,,,,,,"128,187","112,158","83,88,92",143,,,,,
YLR222C,"91,100,151,255,492,586",,"4,30,141","86,91,235,279,352",,,,"4,8,181,232",,,,"19,20,326,330,331,332,438,508,550,551,552",5,"7,808",246,246,"250,751","8,51,321,715",151
YLR223C,700,1083,"5,26,31,79,81,83,176,530,532,700,702","20,26,30,31,37,169,176,460,532,967",,,,,700,,"86,202,240,311,781,919,920,968","6,10,11,44,46,47,48,245,247,444,445,482,486,487,490,706,707","6,10,11,15,16,36,38,41,44,46,64,67,69,75,187,199,204,208,313,315,318,489,490,491,554,559,600,757,970,972,1034","432,433,557,840",,,256,"210,211,254,256,716,761",
YLR224W,"188,201,334,345,350",,"124,178",69,,,,,,,"2,39,132,296",162,131,35,"65,95,196",196,165,,"116,165"
YLR225C,7,3,"211,243","22,211,246,250,324,332",,,,"7,35",135,,"26,140,150,233",,113,,172,276,"29,250,332","11,129,135,211","202,337"
YLR226W,"12,220,224,274",,"12,394","158,165,173,219,220,224,268,274,308,311,314,366,371,373,378,382",,,,"87,219,220,224,264","220,349,378",,"22,190,193","20,21,24,29,30,238","2,4,5,6,7",80,130,,,"12,224",
YLR227W-B,"307,491,748,752,1271,1441,1448,1453,1632,1637,1739,1744",,"186,289,379,381,396,615,1001,1002,1022,1113,1220,1440,1441,1447,1448,1453,1503","45,652,1249,1271,1276,1281,1299,1378,1379,1440,1441,1447,1448,1453,1482,1503,1506,1680,1694,1700,1709,1739","758,1645",,178,"254,515,752,1249,1441,1447,1448,1676,1680","1495,1506,1680",,"278,333,369,376,408,445,448,575,616,617,623,743,775,991,1060,1073,1074,1104,1160,1185,1664,1665","40,318,577,760,761,956,1039,1067,1069,1114,1116,1117,1169,1174,1177,1688,1738","7,10,13,16,23,36,71,157,356,365,411,418,420,421,422,809,960,962,964,965,1005,1006,1032,1055,1093,1095,1099,1147,1181,1187,1203,1508","1272,1273","18,43,540,758,788,1645",758,"207,368,379,381,1271,1440","1113,1190,1357,1474","289,368,491,748,752,1178,1263,1448,1453,1680"
YLR228C,88,,"28,362,379,390,430,449",39,,,,"62,331,498",,,"101,174,175,178,181,191,192,231,438,676,677,809","381,383,406,408,421,424,464,467,470,480","180,182,222,406,445,447,451,464,467,470,476,477","753,754,760",71,"64,71",355,"100,287",
YLR229C,"123,128,150,153",7,,123,"6,157","150,153",,,,,,"17,35","138,139","23,32,64","6,110,157","6,18,157",166,,
YLR231C,"72,269,272,332,358,361",,"80,277","131,358",,,,272,,,,30,,,65,,272,"272,358",332
YLR234W,"174,611,620",3,630,"9,14,213,217,315,339,612",,,,"100,106,311,571,612",,245,"10,222,224",17,"30,322,323","32,34,149",456,,611,"99,100,106,642",
YLR238W,"57,424",122,"29,47,88","19,334,425,440,444",,,,95,425,,"109,167,312","2,108,165,166,169","15,16,58",24,,,,"95,334",
YLR239C,"71,209,216,325,326","160,166",,"36,71,76,80,89,191,206,209,216,236,237,238,306,311",,,,"80,150,156,236,237,238",,,,"32,38,41,251,252",,,196,"4,192,196","76,130,156,325","36,131","71,76"
YLR240W,"29,33,168,259,324,549,552,659",,"21,23,298,459,575","23,343,549,601",135,,,"138,145,324,329,601","259,309",,"4,5,70,115,194,384,675,700,837,852","255,347,449,555","186,347,386,460,462,463,465,605,656,663",,,,"324,549,552","503,654","459,659"
YLR241W,"217,267",,"242,605,741","27,282,607,609",,,,"217,282",,224,"79,755","34,35,38,254,257,651",,"330,378,742",259,259,"242,351",,217
YLR243W,,"4,6",,"184,185,186",,,,,,,,,,,,20,,,
YLR244C,"131,175,377",,"83,87,89,106,336","69,376,377",,,"379,382","63,261,264,284",83,,"171,232,240,247","2,3,5,6,7,9,10,11,95,194",95,"92,99",27,"292,302","131,132",,
YLR247C,"469,472,1089,1151,1222",4,"48,51,54,275,934,1072,1075,1086,1089,1151,1158,1222","151,160,163,164,173,472,605,949,1111,1148,1151,1158,1228","384,471",,,"275,277,1089,1222,1393,1397","176,457",,"13,25,117,118,199,424,504,808,1123,1200,1223,1292,1324,1459,1460","298,959","152,158,415,514,685,690,806,810,826,827,828,832,1120,1121,1122,1311,1312,1428,1523,1528","517,519,767,903","91,134,384,614,986,1431","471,709,710",,"516,1291","1030,1072,1075,1089,1167"
YLR248W,"168,176,431",,"12,23,27,38,176,184,193,196,201,204,235,333,378","11,12,184,196,201,217,226,235,375,457,494","247,381",,,"193,196,506",,,89,"379,601","46,50,78,124,133,139,140,175,186,187,242,244,342,520",,247,,"193,196","23,27,393","158,164,168,315,457"
YLR249W,"102,104,183,184,187,295,630,631,786,789,967,1012,1013","323,979","289,664","61,295,399,401,409,520,630,631,664,668,859,967,1012,1013,1021","216,467,632",,464,"401,622,631,937","196,786,789",895,"79,447,624,958","198,200,1016","2,4,7,980,1039,1040",1037,632,"216,467,731","9,196,204,289,295,399,401,448,622,630,631,649,660,662,664,668,786,789","187,789,825,990,991","204,350,622,630,631,789,967"
YLR250W,116,126,116,,,,,"46,47",47,,,"92,107",184,,,,"108,116",,
YLR253W,"4,9,210,287,293,516",301,"34,67,276,278",359,,,,"405,408",,,"52,88,259,412,535,538","65,569",35,524,211,"104,108","405,408,516",,"67,210,293,516"
YLR257W,294,2,"136,228","120,194,249",,,,184,,,"185,186,188,266","47,48,49,135","66,68,69,139,229,230,236,238,240","67,154,198",10,,,194,58
YLR258W,"40,292,608",,"29,31,348,349,426,643,645","31,418,422,426,559,608",499,,,"31,292,326",31,"615,616","361,362,529","30,188,386","633,651,655,661,663,664",701,499,,547,,"31,370,600"
YLR259C,"25,28,69,72,93,101,181,189,192,230,233,238,298,384,386,393,459","31,190,297","79,86,247","69,79,86,93,156,238,247,293,298","132,295","189,192,298,393","562,566,569","55,69,72,79,84,86,189,192,247,293,298,393",,"218,390","262,355,423","4,5,9,22,51,110,197,309,377,378,379,381,395,506,508","23,141,357",,"132,295","132,283,295","55,72,156,157,230,233,238,246,247,298,384,386,501",371,"55,69,72,79,93,101,156,157,181,189,192,230,233,293,384,386,393,459"
YLR260W,150,,"191,472,548,577",,401,,,"283,453,454","36,191",53,"58,67,268,565,568,569",,"52,54,55,60,62,63,75,184,201,333,525,529,535,536",155,"387,400,401",401,"36,150","34,240,468,541,546,548",
YLR262C,"57,141,142,144,149,157,163,167,168",,"157,163","142,144,157,163,167,168,171",120,,,"57,96,142,144","141,144",,124,"24,25,28,155,156","126,135,136","39,53",,,141,109,"141,142,149,157,163"
YLR264W,"4,11,14",15,4,"4,14",,"11,14",,"4,11,14",,65,,"3,8",,,,,45,"4,14","11,14"
YLR266C,"29,146,156,567,640,691",,"21,23","36,654,692",,,,"156,640,655",,,"125,333","119,120","30,275",,,319,,"561,567","103,640"
YLR268W,,,35,"121,122,127,128",,,,"33,35",,,,,"47,160",60,72,,35,144,
YLR270W,126,,"28,112","178,332,341",244,,,126,,,308,,,70,,,,102,
YLR271W,"16,22,72",,,16,207,,,,,,63,"209,214","28,169,229",,265,251,,"68,72,78,86,104,194,197","72,232"
YLR272C,"158,286,384,391,398,432,863,869,870,872,930,935",,"86,89,145,148,189,286,398,460,461","148,292,377,384,432,460,461,863,869,870,1137","619,937",,,"286,384,391,432,1050,1175","276,921,1175",,"83,91,95,97,141,149,178,321,322,393,456,497,513,516,634,781,891,946,1095","756,757,983,988,995","5,7,147,151,389,390,401,418,951",,"386,745","386,745","693,930,1175","158,428","276,286,930,1130,1170"
YLR274W,427,775,"304,719","99,757",278,506,525,"285,600",365,"280,564,772","58,273","168,290,371,420,423,439,503,510,511,515,517,518,645,649,727,728","18,105,153,615,669","438,530","278,610",390,"427,665",,"77,422,506,750"
YLR275W,"59,79,80",,,"53,80,82",65,59,,93,,,,"32,40,42,47",,,65,,,10,
YLR276C,"5,242,299,460,469,503,513","373,375,411","164,559","5,6,164,203,379,445,446,460,469,473,503,530,581,583",394,,,"473,561",164,,"93,129,556","69,208,212",163,251,,,"203,379,445,446,469,473,561","337,437,469","5,195,242,246,405"
YLR277C,"10,97,701",,"608,610,614,761",761,398,,,"440,744","10,530",,"5,317,616,650","13,233,234","129,517,613",,"24,398,714",24,,"490,497,503,508,608,610,614,744","614,701,751"
YLR278C,"12,63,67,73,199,200,391,454,587,856,1171,1230,1282",,"454,455,1171,1210","34,35,146,149,173,174,176,286,290,496,513,558,835,836,837,843,848",,,,"149,993",,,"7,25,207,208,248,506,507,531,552,591,729,734,794,973,974,996,1124,1129,1139,1193,1194,1200,1201,1292","81,83,130,131,132,134,150,152,153,209,210,351,352,757,864,866,867,869,888,891,1036,1038,1040,1042,1045,1047,1259","108,109,1142",442,739,"58,61","17,34,146,149,595","102,176,551,895,898",
YLR281C,"40,59",,,,,,,126,,"3,46",,6,"6,12,123",,73,,,,
YLR283W,"34,242",,,"218,231,238",,,,"188,242",,,116,"33,88,97","40,42,52,53,54,57",,235,,,,242
YLR285W,182,,49,,,,,46,,,"135,136,176",,"38,41","255,256",,,,,"49,211"
YLR287C-A,"13,15,20","4,50,62",,"3,13,15,20,23,29",,"3,13",,,,33,46,,,,,,53,20,"3,13,15,20"
YLR290C,,,"102,258","37,145,148,149",,,,37,,,"71,72","246,248",94,,19,19,,,
YLR291C,"370,378,380",,76,"145,147,224,231,232,370",,,,232,232,,"19,137,208,221,222,225","2,3,7",,,,284,"145,224,370","30,224,263",
YLR292C,59,,,"67,72,73",,,,146,,,80,,,,,,67,59,
YLR293C,"25,30,39,40,62,73,101,125,129,144,154,161",,,"132,143,144,154","114,122",144,,"101,143,144",39,31,,"23,68,99","2,23,26,34,152,181","41,148,149,157","114,122","114,122","25,101,129,143,144,154,161","73,161","101,144"
YLR295C,61,,"61,68","44,47",,,,,,,"12,22,24",,99,,,,,,
YLR298C,178,,132,"95,132,135",160,,,"91,132",,,"66,70","181,186","67,68",,,,173,,135
YLR299W,"4,594","6,627","406,418",289,,,,599,,,"87,266,422,488","509,510,513,532,535,536","62,64,141,334,335,336",,,163,"185,252,594,599",,
YLR300W,,"148,336",,79,,,,,,,"141,142,301",,,223,,,,,
YLR304C,"86,137,163,233,310,316,320,462,566,569,574,577,584,707,714,764",,"229,241,246,362,398,406,408,624,630,697,707,733","134,137,233,512,514,569,574,577,584,588,624,625,630,638,698,707,773","94,382,448",,,"577,630,733,742,745","137,588",91,"21,472,609,612","251,412,414,474,475,558","351,356,556,558,559","147,331,387,469","94,122,280,382,445,448,628","382,445,448","64,134,254,398,625,638,697,698,777,778",698,"246,254,320,462,638,714,733,745"
YLR305C,"8,23,164,612,617,1020,1309,1478,1640,1738,1792",,"16,56,598,955,1561,1566","16,189,194,598,610,612,617,843,1070,1183,1226,1607,1614,1625,1628,1634,1795,1799,1886","864,1690",,,"113,1175,1230,1607,1625,1878","1628,1795",,"35,53,183,220,255,262,486,576,718,963,966,1064,1184","4,25,26,593,1044,1045,1066,1311,1536,1667","25,749,755,756,1699,1804,1807","770,976,1170","613,880,1397,1690","136,345,1690","16,688,843,1604,1628,1795,1863","918,926,928,931,1574,1585,1628","688,1886"
YLR309C,"3,10",822,"80,172,174,184,366,382,455,503,580,676,762,818,848,864","42,47,50,74,80,117,121,150,158,159,184,386,419,538,545,549,580,584,630,741,743,762,767,771,791,798,811,911",339,,,"791,792","326,727",,"11,175,218,253,438,500,561,842,843","6,660,695,696,700,825,893","25,27,29,129,131,132,308,316,362,367,604,606,744,747,748,751,802,804,805,825,827,830,838,839,844,855,856,857",,339,,"676,867","138,144,211,428,713","10,741"
YLR310C,"831,1252,1414,1488,1559,1562,1571",,"145,703,753,777,847,1372,1428,1547","357,514,518,521,522,525,822,823,824,831,889,1120,1231,1241,1372,1414,1424,1428,1510,1580,1581",,,,"525,730,810","824,962",801,"5,10,19,96,194,195,223,249,252,485,564,565,594,620,642,725,796,833,834,856,963,1003,1004,1046,1047,1144,1346,1479,1482,1485","2,4,6,11,38,40,50,51,174,176,178,180,237,291,292,294,364,366,368,433,598,629,632,779,780,783,785,788,1281,1282,1283,1284,1287,1288,1375,1550,1556,1558,1560","23,146,150,151,154,158,178,180,373,378,379,609,611,612,629,632,635,638,639,644,649,651,965,967,1065,1069,1073",1115,504,,"550,971,1120,1559,1562","976,977",
YLR312W-A,"94,101,106,125,148,151,156,214",,241,"63,68,106",160,,,"106,156",,,"81,207",119,,,"120,160",,"34,241,243",,"214,223"
YLR313C,"85,333,337,338",474,"88,298,310,313,338,365,383,386,440,447","49,85,88,92,97,435",,,,"276,466",298,398,"139,368,369,495,496,500","407,439,445,488","284,291,380,392,396,407,409,411,413,432,439,488,489,490",429,,,307,"305,307,310,313","310,313"
YLR314C,"265,301,393,422,434",,79,"181,393,422,429,434,443,449,465,486","124,279",,,,,,"45,173,351,371,373","33,288,498","2,9,186,498,501,503,509,513","99,401,404","124,279",279,"4,422","4,11",434
YLR315W,62,,,,,,,,,,,"128,130",128,,,,,,
YLR316C,"10,35,129,176,196,197,199",225,,"62,104,111,112,196,199",,,,"29,102,104","196,199",,298,"105,110,179","171,172,174",,,,62,"129,182",
YLR319C,"110,125,221,551,674,728",5,"195,221,318,325,331,517,519,544","215,225,325,373,383,509,517,551,600,601,602,608",,,,"374,509",740,,"157,197,231,266,359,442,443,525,528,530","198,347,353,477,687","9,12,18,20,21,22,23,82,165,172,173,176,177,187,233,253,327,332,342,347,351,352,353,689",10,,,"551,774","436,446,453,665",
YLR321C,"141,179,193,385",,,"179,341",,,,341,,,"61,64,133,282",306,,,377,,"341,385",,303
YLR323C,245,,"47,203,252","29,73,93,98,100,119,123,186,194,198,203,245,252",,,,"123,198,225,228,229",,,113,,"26,33,105,115",,,,"173,182",,
YLR324W,"14,304,388,394,466","402,523","394,429,491",451,,,,14,,22,"4,26,50","61,362,366,367","42,45,367,424,483,484,485",292,,,"14,73","14,508","363,466,508"
YLR325C,"26,29,30,36",75,"29,64","33,36,42,44",,,,"63,64","63,64",,,15,,52,,,9,,36
YLR327C,44,,64,,,33,,,,34,63,"2,4,5,8","28,69,79",,,,59,,
YLR328W,"267,278",,"27,156","357,394",,,"3,7",,,,43,"4,273",143,109,171,227,,,
YLR330W,167,250,"233,493,613,645,648","73,109,658,669,670,671",177,,,"40,128,133,167",,,"88,316,319,352,435,468","130,131,132,135","225,312,330,334,338,368,400,410,413",,"177,248",177,,"78,367",380
YLR332W,"238,250",4,"164,195,196,238",,,,,,,,,"15,16,19,20,22,47,48,49,50,51,52,54,57,59,60,61,126,128,129,168,347","48,49,50,51,52,54,266,268,347",264,,,,,
YLR333C,"46,85,94",,94,"30,33",,,,52,"4,90",,,,31,,,,"21,46,52,85,94,97",,21
YLR335W,"51,111,262,341,426,466,710,716,717",,"57,62,195,228,315,341,698","57,101,111,136,145,150,235,624,638,639,640,645,710,716",,,,"3,51,262,716","103,111,716,717,720",,"18,277,332,375,379,481,566,579,661","32,242,248,250,251,253,254,268,271,273,279,284,295,322,323,355,358,361,365,368,370,376,377,381,382,387,512,515,516,521,523,525,529,544,547,548,553,561,563,564","14,17,20,25,27,28,76,84,160,161,163,164,165,177,203,205,286,316,317,319,387,399,485,488,492,494,537,538,539,540",15,,,"111,624","262,290,586,700","3,62,280,315,327,366,431,466,467,508,509,615"
YLR336C,"80,514,665,668,672,674,749,751,838,855,866,870",,"73,80,88,166,336,337,344,517,555,613,615,618,665,892","60,80,137,138,143,145,147,203,207,211,336,337,514,517,520,537,665,672,674,807,811,813,820,838,866,867",,,,"336,337",892,498,"68,327,328,339,343,349,562",78,"31,101,102,105,107,113,188,264,291,325,329,330,332,736,738,740",828,,,"202,203,884","299,751,813,835,838","749,751,847,892"
YLR337C,"25,604",,"104,343,457,604,606","25,43,548",,,"5,7,8,9,10,11,14,122,142,311,324,326,327,330,333,354,355,379,398,399,400,401,402,403,405,567,568,570,571,574,575,616,653,658,704,706,707,708",799,,,"212,337,383,784,796","53,63,64,115,182,217,219,225,293,312,313,319,320,328,361,362,364,386,449,456,462,463,466,468,551","64,66,68,69,173,174,210,211,214,217,265,266,552,624,627,676",,,,25,"46,296",
YLR340W,"7,8,23,55,157",,272,,,55,,,8,,32,"254,281","281,282,302",,,,,,55
YLR342W,"258,1190,1237,1334,1870,1876",,745,"413,992,1539","658,886",,102,"999,1215,1237,1788",1539,,"89,240,959,1257,1845,1848,1849","737,738,1439,1866,1868,1873,1874","128,197,820,1521,1529,1860","1224,1862","658,886,1328,1392",1682,"413,440,787,1215,1712",379,1788
YLR344W,"37,46,77",,"17,77","37,46,69,89,113,116",,,,"37,69,77",17,,,"5,94",32,19,,,"3,37,46,103,113",,37
YLR345W,"48,258,380,410,420",,,"123,183",497,,,,,,"480,482",,"6,342","259,423","135,497",497,,,"48,149,269"
YLR347C,93,,"66,76,97,152","72,76","230,728",,,93,,,"346,377,472,738",430,"16,27,653,860",255,,,845,"54,66,213,699",
YLR351C,160,"274,288","5,10,12","10,12,153",,,,"66,128,160,246","121,125",,,"2,4",223,"218,232,235,259",,169,"105,246",,121
YLR352W,"5,7,45,194,456,469,476,771",,,"5,7,92,194,199,469,476,771",,,,"469,476","5,7","460,467","49,57,61,77,126,129,198,265,297,305,333,417,421,517,608,609,638","117,118","166,591,593,627,633,654,691,698",,"179,223,274,549","177,179,549,794","5,45,199,469,502",,
YLR354C,"8,95,129,138,200,208,281,282,310",,"20,219,227,282,287","8,10,281,287",,,,"205,208",,,"13,14,167,266","46,49","2,292",,,,"56,138,200,205,219,220,226,227,246,281,287",,"95,99,138,144,200,231"
YLR355C,"49,136,230",,"158,165","347,353,367,370",316,,,"163,165",,,"77,214,290,348","44,130","355,360","85,90",,316,"70,126,136,163,165,187,197,208,226,336,347,382",40,49
YLR356W,156,,"50,104,107,110",110,96,,,,,,,"143,152,153,155,163",112,,,,,120,
YLR357W,"437,442,783,784",265,"104,111,114,122,124,651","19,23,69,70,114,282,286,290,330,333,338,553",448,,,"114,426,466,471,784,786",,"462,679","6,8,13,239,407,516,658","169,242,243,247,249,638,645,886,888","182,185,190,247,249,663,682,718","142,315,612",448,"448,511","114,124,148,152,442,466,471,784,786","503,873","19,23"
YLR359W,"281,456,471","195,482",18,"273,471","96,302",,,292,479,185,390,"8,9,12,13,17","9,12,331","4,7",,"298,302","273,364",,"471,479"
YLR360W,"157,160,235",,"67,155,157,160,167,174,176","157,160,167,289",,,,34,"75,157",,"20,169,255,259",327,"62,64,69,266,269",,97,,"31,235","157,160,207",
YLR362W,"356,361,413",,"57,212,226,268,408,610","219,268,361",138,,,"131,132,212",335,,558,"211,215,423,425","78,80,315,323,326,384,387,601,605,616,620",,,,"57,132,204",637,"488,573"
YLR363C,"21,102,170",,"15,107","62,71,170",,,,204,,,"97,185,203",,217,,,,"62,170,204",,
YLR363W-A,,,45,"4,10,11,13,34,36,37,38,44,45,47,48",,,,,36,,,,"39,49,50,51",,,,,,
YLR367W,"19,22,36,43,71,82",129,88,"19,22,88",72,,,,,,,,,52,72,72,82,60,71
YLR369W,"11,108,118,130,133,164,195,199,357,361,384,390,395,475,643,650",30,"318,395,494,527,531,591","51,52,108,303,310,318,390,395,587,591,614,631",,199,,"52,118,164,195,199,458","550,587",,"343,350,451,521","499,528,529","396,399,594,649",20,,,"93,118,195,328,330,457,458,587,591,614,617,632","133,458,617","108,118,130,195,199,384,423,643"
YLR370C,63,,,,,,,,,,"104,175","87,88,89,153,154,155",,,,,"58,63,158",58,
YLR371W,"181,189,191,307,379,439,480,656,841,1129,1248",,"128,143,298,307,313,317,379,412,413,1008,1190","307,313,317,429,438,439,647,676,831,882,890,922,1188,1189","605,941,1147",,592,429,"204,427",853,"969,972,1022,1038,1088,1089,1123,1177","105,134,182,183,184,214,223,289,303,369,372,373,374,375,382,403,510,512,513,566,692,794,1018","2,4,76,117,118,122,125,126,144,150,151,154,156,171,206,207,210,212,214,215,216,218,282,284,286,289,291,294,295,296,321,628","16,487,993,1111","605,959","1043,1211,1214","368,821,823,882,1008,1248","439,618,866,880,882,890","181,298,951"
YLR372W,,,"317,334,339,344","312,334,339,344",,,,,,,"2,20,66","322,324,341,342","322,329","158,307",,,,,
YLR373C,457,,"336,623",88,,,,,,,"242,243,291,292,540,669,673,674,721,722","22,23,25,26,28,36,403,769","244,247,267,640,647,650,654,671,675,690,692",123,,"471,774",271,,
YLR376C,,,"199,201,210",210,,,,"5,156,217",,,"62,137,153",18,,,121,121,,,156
YLR378C,"393,396,405,470",,"273,393,464","393,396,405,464,470",,,84,"396,405","209,464",275,,"3,205",,,,,396,405,464
YLR380W,"49,114,143",408,"58,263","51,85,96,97,168,291",,,,,,,"38,39,155,156,163,386,403",,"40,43,44,45",,,,"114,291","96,97,104","138,143,286"
YLR381W,"25,34,36,112,347,365,527,596,659",730,629,"34,329,414",70,,,567,,,"130,454,455,500,501","186,504",733,,558,417,576,,"596,659,688"
YLR382C,"49,156,166,200,250,286,295,318,441,538,547,593,651,849",,"219,232,309,325,478,638,712,718,721","13,219,225,295,318,538,603,705,712,721,829,831","142,506,660",,,"121,123,201,219,603,615,773,832","123,592,593",,"535,751","3,35,338,339,717",717,,288,506,"83,219,538,773","40,634,638","166,200,204,232,318,441,547,612,615,651,712,721"
YLR383W,"160,195,288,419,642,685,710,722,906,931,958,1067,1068",,"201,202,493,731,839,841,965","201,375,492,493,501,710,722,731,760,770,836,839,850,851,852,901,913,916,996,1012,1067","323,972",,,"9,493,685,760,841,913,965,1059",,,"295,301,418,457,458,503,691,696,991,1108,1109","3,4,5,7,113,1062,1075","46,52,137,138,279,297,298,560,1018,1020","81,371,846,847",323,"323,594","375,685,760,827,841,850,851,869","493,642,755","859,860,1059"
YLR384C,"26,28,30,383,875,943,1119","287,621,1347","26,356,827,1223","10,30,198,206,814,818,845,851,1245,1308,1316",,,,"759,818,854,857,874,875,1217","1304,1308",,"439,537,549,626,634,992,1267","853,1215,1218,1221,1227","296,627,628",1311,859,,"30,854,857,1217,1270","323,390,510,1135,1162","28,30,199,1119"
YLR385C,,,,,,,,,26,,,,,,39,,,,4
YLR386W,"3,7,12,321,475",,"311,312,323,475,597,863","16,311,573,576",,,,18,18,214,"171,304,305,349,519,607,817,857,873","310,550,577,587","306,307,308,310,351,358,359,366,369,370,767,772,774,838,841,853,858,859,865,875","165,804",549,,"155,323","181,475",716
YLR387C,400,,"98,115,182,301","98,105,107,196,301,396",,,,301,,,"132,331","2,4,300","119,121,123,165",426,,"8,241","193,418",,
YLR388W,54,6,,,,16,11,33,,,,,28,,24,"24,39,42",,,
YLR390W-A,,,84,,45,,"2,3",,,,,"72,74,76,77,78,80,81,98,105,109,111,116,117,172",74,,,,,,
YLR392C,"189,251,254,263",,"101,104,247,251,254,263","46,104,127,254,303,404",493,,"505,509,510,511","101,104,132",,,"111,128,227,242,267,389","287,288,290,291",287,513,,,431,247,407
YLR393W,"24,42,269,277",,99,99,,,,"42,99,274,277",84,15,182,"29,31,47",,9,224,224,24,,274
YLR395C,,,"41,43","31,41,43,46",,,,,31,,,10,,,,,,,
YLR396C,"8,9,142",,"613,620","142,143,321,324,346,666,667",19,,,346,,,"107,383,569,616,631,682","202,604,612","52,54,55,61,585,587,630",,,"446,451","321,324",,"8,9,134"
YLR397C,"46,150,170,589,752",681,"11,12,13,118","228,481,489,589",,,402,"170,755",,434,"301,304","290,424,431,629,630,631","187,192,212",,561,561,"582,752",,"168,170,235,563,589,752,755"
YLR398C,"165,294,299,300,602,611,612,666,713,844,987,994,997,998,1027,1094,1184",,"106,118,124,299,382,673,987,994,997,1048","45,113,118,299,382,393,537,546,611,612,672,673,994,997,1175","416,1249",,,"602,612,994,997,998",118,"54,565,577,582,587,591,1039","99,130,174,181,371,1261","293,375,378,379,385,552,580,613,635","77,209,255,379,385",,"1054,1249",,"52,188,382,900,987,994,997,998,1017,1020,1027,1100",602,"382,602,612,987,997,1017,1020,1027,1094,1100"
YLR399C,"162,203,297,299,319,326,369,370,417",,"299,501,504,510","249,257,307,326,369,479,480,521,533,547,556,557",,,,326,556,,"88,224,225,561",612,"269,270,298,429,433,435,444,447,449,563,630,659",427,,,"151,249,480","102,103","27,249,417,547,557"
YLR401C,"287,657",507,"197,295,426,432","173,286,287,294,295","98,620",,,"260,287",,,"15,447",,"24,334,345",416,"357,386",386,"286,287","33,241,242,286,287",443
YLR403W,616,,,610,,"610,666,669","597,601",,,,"51,75,76,78,79,230,233,244,253,254,289,290,307,374,382,449,453","19,21,105,141,147,151,153,154,155,157,159,245,246,336,343,347,351,352,354,361,363,390","84,105,136,141,181,183,257,285,329,418,446",588,,,276,"596,599","100,607"
YLR404W,75,5,,75,,,,,,,4,"197,201",143,248,159,,,,
YLR405W,"17,157,159,163",362,,"157,159","234,355",,,163,,,"220,329",,"203,205,206,359,361",,,,,335,
YLR406C,"5,18,26,27,61,65,102",23,,"18,27,61,65",,"5,26,27,34",,"5,65","18,26,27",10,,9,,12,,,"5,18,61,65",86,"5,18,26,27,34,37,38"
YLR407W,"137,188,189",3,"10,14","135,188,189,195",,,,"137,189",,,"100,101","103,105,107,111","38,90,93",,,141,"135,137","7,195",
YLR408C,122,,,60,,,,,,106,"18,48,49","20,33,37",,,,,,15,
YLR409C,"6,141,142",450,"19,22,828","9,19,102,141,148,185,438,502,747",,,,"408,806","6,7","346,598,684","481,532,686","299,302,667,680,681,682,724","270,332,664,665,825",,,471,"7,9,141,142","6,7,9","102,410,918"
YLR410W,"253,256,457,605,607,615,616,773,774,782,783,802,817,874,907,977,1071,1099",379,"189,605,607,615,623,874,878,1126","41,202,259,262,516,517,518,523,524,533,599,607,615,616,623,725,730,732,733,734,736,773,774,782,783,807,817,915",984,,752,"574,605,607,615,616,774,807,810,817,874","259,262,457,822,954","838,1063","62,80,97,99,100,102,381,672,886,887,891,894,1104,1109,1142","167,168,169,171,172,1101,1106,1133,1135,1137,1138,1139,1140","11,54,58,82,86,93,114,143,145,178,430,450,884,888,1041,1101,1106,1107,1111,1117,1121,1123,1133","448,500","472,984,1050","193,472","322,599,607,615,616,627,632,715","5,6,322,523,533,574,783","605,673,783,817,822,907,977"
YLR413W,,,"47,52",,,,,,499,,"49,72,103,142,160,194,215,228,286,299,318,322,358,375,376,405,429,468","105,107,109,342","143,161,163,165,665",,,,,,
YLR414C,,,"105,179",109,16,,,"109,183",,,"74,76,185",32,"4,5,9","8,177,228","1,16",,,,
YLR417W,"38,374,482",,230,"95,100,285,482,491",,,192,38,,,"78,127,160,368,445,521,522,526","50,51,111,140,326,331","63,238,239,241,244,245,246,247,248,249,383,389,456",56,,146,"95,404,479",,
YLR418C,"169,304,361",,"13,136,146,226",13,,,,371,,9,"95,135,228","109,144,247",157,,,,361,236,"169,263"
YLR419W,"24,25,26,28,30,31,61,119,123,185,193,237,297,489,495,496,595,654,656,834,965,985,1245,1403,1422","968,978","51,105,218,297,465,470,486,557,567,803,834,952,965,1025,1149,1151,1167,1178,1188,1317,1412,1422","25,28,31,84,105,173,177,181,185,193,292,293,320,350,356,957,969,1149,1256,1263,1270,1402,1403,1411,1412",,969,,"78,489,656,1144,1412","105,530,1256",673,"298,527,561,562,694,863,885","9,11,20,591,666,955,1169,1170,1231,1232","131,577,811,816,955,1191,1193,1394","1013,1173,1174","659,682,779","779,880","489,828,952,1025,1144,1162","570,803,805,808,1079","24,25,26,489,495,619,1042,1245,1256"
YLR420W,"195,250,350","2,359","58,195,198,199,240,315,354","59,195,239,324,329,330,350",23,,,"166,240",,,,60,,,23,,"198,199,350",,"301,342"
YLR421C,,,,,,,,,,,"130,131",,"132,133,135,140,153",,,,,,124
YLR422W,"58,59,106,224,397,600,606,608,1213,1703,1751,1882","619,621","89,151,240,250,449,450,464,537,542,1219,1226,1491,1689,1846,1847,1899","106,115,123,128,171,248,537,542,603,617,768,973,1226,1434,1500,1689,1846,1847","296,907,1066,1271",,"158,159,161","89,91,240,665,666,1262,1494,1689,1847","537,542","8,568,1535","217,226,422,443,590,624,737,738,866,1256,1455,1485,1556,1621,1678,1715,1734,1861","2,6,12,244,292,325,368,439,526,545,772,773,774,938,1824,1885,1887,1889,1891,1892","304,810,1183,1185,1187,1887,1889,1891,1892,1893,1894,1895,1896","17,30,1620","296,815,923",1066,"59,542,666,1655,1689","115,171,512,532,537,542,666,908,1689","542,734,959,1494"
YLR424W,"57,223,570,644",,"16,57,60,628","82,327,329,339,408,677,678,679",641,,,"57,60,330,570",,,"110,113,138,151,314","47,49,269","4,21,25,116,123,124,611,613","22,24,114,646",,"641,666","60,511","82,457","57,60,78,82"
YLR425W,"536,540,547,551,645,724,725,985,1160,1172,1173",,"26,442,757,927,937,1172,1173","16,95,725,856,927,930,937,985,1173,1265,1267,1268,1270","933,1298",,"106,108,109,227,228,229","540,845,930,937",812,,"48,52,156,236,441,580,679,682,787,1008","75,77,81,87,88,135,225,232,233,234,282,284,287,781,828,830,833,1158","19,23,27,135,140,173,176,180,181,188,801,1163,1166,1168","256,549,723","933,943,944",,"435,495,499,725,930,1078,1081,1265","435,628,1041,1268,1270",
YLR427W,"183,360",146,"49,231,241,242","233,360,363,425,526,550,619",,,,259,,,"23,27,194,356",559,"17,583,585,587,588,595,597,634,638,641,643",,,,"8,104,233","275,550,658",
YLR430W,"399,464,486,793,1073,1087,1430,1436,1481,1809,2029,2031",,"37,885,1017,1090,1330,1334,1387,1402,1403,1495,1959,1960,1961,1986,2036,2100,2110","39,203,399,605,612,714,891,910,1073,1075,1077,1087,1229,1237,1238,1246,1392,1402,1430,1453,1514,1802,1838,1905,1908,1935,1938,1942,1944,1947,1948,2029,2031,2036","732,1209,1420,2002",,,"402,896,1331,1334,1436,1524,2110","1463,1481",1605,"2,167,177,266,269,290,587,590,706,708,801,1139,1187,1267,1336,1379,1393,1396,1635,1645,1772,2143,2211","997,1016,1182,1376,1377,1623,1823,2021,2025,2097,2102,2157,2158,2163,2196,2204,2207,2213,2218,2219,2220","440,581,810,943,945,949,978,979,1332,1394,1395,1397,1870,1951,1953,1954,1955,1956,2040,2042,2047,2113,2114,2116,2119,2122,2123,2177,2207,2209,2220","1470,2091","470,732,1420,1611","154,239,732,1420,1795","256,329,354,486,896,1254,1430,1809,1848,2019","1179,1229,1675,1739,1999,2226","896,914,1087,1251,1745"
YLR432W,"15,413,519","4,151","138,141,208,211,458,488","209,241,413","335,343",,,"211,241,246,488",205,"326,345","65,432","132,331","166,516",404,,,"8,488,495",,32
YLR433C,"14,21,30,42,87,103,299,303,306",,"11,14,21,25,26,30,37,42,55","25,26,30,37,514,517",257,,,30,,,"16,71,95,431,506","98,102,469","275,280","19,125,347",257,"207,208","14,21,26,30,538",359,"37,103,109,111,524"
YLR435W,78,,,78,,,,,,,,183,,132,,,,,
YLR436C,"645,646,647,852,906,1245",,"101,646,647","647,933",,,,1245,694,1050,"50,96,206,295,341,393,396,397,503,509,513,581,582,747,1075,1080,1138,1139,1150,1164,1180","6,31,98,409,410,411,412,416,417,425,426,427,428,433,496,498,499,502,648,650,652,655,656,657,659,660,661,662,847,850,855,856,961,1054,1060,1062,1115,1116,1119","403,409,410,411,412,494,511,627,648,650,652,655,656,942,1053,1054,1056,1060,1062,1065,1068,1069,1071,1077,1079,1082,1128",,"16,902",,"647,1245","852,1173","646,906"
YLR438C-A,,87,,19,63,,,,,,,,,17,63,63,,,
YLR438W,"9,44",,135,"346,373",326,,,"32,34",34,,,11,175,,,379,"200,264",264,226
YLR439W,"178,282",,"21,33,291","236,282,286,291,294,306",278,,,306,,4,,"17,56,57,58","102,108",,278,278,"25,236,282",294,101
YLR440C,"264,541,547,692",706,"23,24,157,682,692","23,24,115,157,264,342,460,471,541","524,654",,,"152,392,541,682",110,,"113,114,287,290,430,431,480,502,691,705,708","98,463,545,546,548",,224,,,"541,547,682",694,"150,152,342"
YLR441C,"27,33,45,50,94,195","3,251,255","55,85","11,14,17,18,55,174,202,214,248",69,,,"50,55,145,166","174,195,248",,"124,194,199","10,25,76",,,,,"33,45,62,174,195,202,248","33,222,243,248","27,33,94"
YLR442C,"3,219,301,348,445,512,682,743,752,753,804,847",39,"310,657,658,660,804","209,219,345,348,473,512,515,721,724,752,815,820,825,847,853,908",177,,,"472,473,474,804,814,907,908",847,,"61,128,159,284,333,422,700,794","212,216,454,799,831","216,251,287,289,307,309,315,322,323,327,382,383,385,386,402,448,454",,177,177,"202,395,474,727,847","227,244,245,247,603,768","111,120,407"
YLR447C,,344,,,"36,165",,,"120,186",,,"32,322",,,,165,,,,
YLR448W,"100,151",,"90,139","113,116,117,143,150,151,156",,"50,100",,143,,,,,,10,,,"19,108,110,131,139,143,150,151","128,131","50,90,143"
YLR449W,"230,234,325,328,330,335","309,314","96,99,165,263,264,267,299,316,325,370","47,56,96,229,230,233,234,235,238,239,263,270,272,316,318,321,325,328,330,335",,,,330,,,170,"30,34","80,82,104,106,109,171,172,174,252",,,,,"47,48,229,230","328,330"
YLR450W,"6,13,153,277,757",,467,"467,633,634,1035","583,712",,,,"625,871,875,888",,"150,158,159,179,428,455,458,613,614,774,885","137,381,548,554,560,732,864","116,471,598,732,762","78,134,294,585","712,788",,"13,474,634,736,770",141,"92,175,277,771"
YLR452C,"136,283,470,482,651",2,"52,294,358,370,482,487,678","46,52,465,474,482,594,603",369,,,"143,345,655",,278,"5,15,21,86,91,282,378,477,529,585,588,590,619,624,638","134,476,478,479,480,481,491","12,13,351","144,423",,,"128,136,678",14,"4,126,128,136,143,495"
YLR454W,"233,384,440,443,449,632,713,719,978,1227,1424,1432,1541,1552,1589,1590,1651,1775,1839,1845,1848,2586",,"58,795,799,879,880,881,885,987,1031,1034,1043,1104,1227,1228,1552,1816,1839,1845,1848,1911,2209,2211,2444","72,79,80,233,243,266,275,438,440,449,688,694,697,885,888,977,978,987,1034,1052,1056,1096,1104,1107,1110,1133,1136,1137,1227,1482,1483,1848,1911,1924,1928,1931,1951,1954,1955,1958,2182,2204,2540,2544,2604","1761,1847",,,"275,440,443,719,741,1090,1096,1273,1451,1721,1839,1845,1848,1928,1931,2360","339,615,1896,2125,2360,2597",2004,"34,278,371,406,418,735,817,828,996,1185,1383,1407,1536,1866,1913,2033,2058,2112,2188,2338,2344,2348,2415,2549,2552,2564","78,83,664,665,666,734,798,922,923,1029,1360,1366,1368,1369,1539,2448","726,730,785,801,804,811,813,815,816,819,821,947,1142,1144,1146,1172,1669,1671,1825,1835,1901,2060,2063,2505,2609,2610,2616,2617","2618,2621","436,1761,2064","436,463","249,257,394,543,1848,1931,2001","1442,1590,1721,1753,2444","233,255,257,394,443,478,1207,1418,1424,1451,1832,1839,1848"
YLR455W,126,141,"117,121,152,252","121,145,252,261,264",,,,,,,,,"150,161",239,,"13,47","117,121","121,152,167",245
YLR456W,9,"201,204","19,100,101,106",101,,,,,,,"95,127,192,193",,,,,,"2,9",,
YLR457C,"144,244",5,"41,137,147,244",,,,,,,,"95,204,207","49,263,264,297,300","73,84,141,232,234,251,253,287,292","24,171",,,"10,247","244,247",244
YML001W,"32,38,48,127,140",,"56,134,140","48,134,140","84,85",,,,"32,38,135",70,"93,203,204","22,23,40,51,73,92,95,96",,"33,37",,"84,85","32,140",10,38
YML004C,"31,176,182,191,282,291,297,304,310",,"140,297","52,73,138,140,141,176","27,237",,,"52,304","140,282",,"24,126,181,184","123,178,233",,,"119,129",,"38,47",,310
YML005W,"94,98,315",460,"24,42,319","19,22,24,42,325,438",,,,,,,"130,131,233,324,419",165,86,,,,319,"24,42,45",
YML006C,706,,"64,168,250,699,706,719","168,536,706,745",,,,"65,758",,,"56,57,207,240,371,387,492,609,670,675,693,694","158,160,186,349,664,667,669,671,672,673,674,677,725","195,197,199,200,203,412,616,619,622,640,642,762",405,108,,,"65,536",
YML007W,59,3,"7,152","58,59,94,125,126,305,319",,,,,,,"133,179,217,249,352,526,557","2,4,66,219,374","2,14,158,160,165,240,323,528,532,533",,598,,"276,278",,368
YML008C,"24,25,114",130,"45,157,159,163","24,34,163,164,335",143,,,"114,159,265",,,"35,36",29,"358,375,378,382",231,198,198,"24,56,96,114",25,"157,159,163,164,367"
YML009C,44,2,"5,7,12","7,29,53",,,,"28,29",,,,"26,35",,21,,,"44,50",,
YML010W,"424,531,551,826,834,842",,"38,525,526,559,675,681,687,826","118,308,317,318,319,531,765,770,826,834,836",,,,"307,308,525,826,834,836","262,675","313,864,865,867,872,1008","45,238,330,375,979,1023,1041,1050,1057","626,636,640,680,879,886,988,1009,1025,1026","2,5,7,10,188,240,241,431,896","272,847,848,877",,,"376,466,525,526,531,765,820,826","117,118","341,391,396,511,531,559,826"
YML012W,,50,,"116,118",15,,,118,,,"152,156,161",,,,,,,,"110,116"
YML013W,"260,359,381,404",3,"179,185","265,380,381,404",,,,"373,381",215,,"358,406,563","318,320,323",,,,,"215,373","215,228,359","212,215"
YML014W,"16,180","52,274,275","172,174,176",,,,,239,"9,16",247,102,26,"217,219",18,,,,,31
YML015C,"66,68,71",,"66,153,154,214",68,,,,"153,154,304",,323,"148,161",163,158,247,,,"46,153,154",,"125,297"
YML016C,"156,158,369,378,396,468",,"36,39,42,208","11,378,381,593",384,,470,"381,386,589",664,,"148,149,218,329,484","53,54,56,108,125,281","142,163,164,171,198,201,235,237,239,260,302,314,690",610,"384,482",499,"378,502,584","358,359,381","369,378,396,453,468"
YML017W,"165,169,227,290,295,296,351,356,365",,"165,183,209,214,216,222,252,295,296,330,331,337","165,216,222,245,295,296,330,331,337,389",,,,,237,"77,79,423,425,440,443,447,569,572,575","4,5,8,9,10,24,44,47,76,326,429,530,585,586","153,156,238,243,249,506,509,510,512,516,571","300,333,336,340,383,392",,,,"165,169,216,222,227,290,389","147,209,252,348,394","55,165,169,216,295,296"
YML018C,"4,73,183",2,4,,,,,"73,345",,,,"157,161","93,95,98",,,,73,,
YML019W,,,226,,,,,,,,151,,3,,,,,,95
YML020W,"94,181,184,185,279,280,306,454,626",,,"116,181,184,185,321,648,651,661",,,,,"181,552","121,618","146,147,373,374","91,539,557,561","13,16,17,18,19,20,26,148",,616,616,280,"249,465","338,574"
YML021C,"43,115,245",,"62,66,72,80,85","31,41,66,72,85,121,123,245",,,180,"20,85,123,128,192",121,,"86,222","30,33,283,305,307",186,,,,"80,85,237","58,62,66,195",85
YML022W,"100,105",,,"90,93",,,,"93,100,105,116,169",,,,,,,98,,100,,105
YML023C,"517,527",553,"158,343","106,145,148,337,343","338,467",,,459,,,"94,168,266,406,441",,"8,95,99,344",165,"191,467",305,,,"337,400"
YML024W,"10,14,63,72","4,9,66,136","111,116","10,59,72",,"7,10,14,44,49,63",65,,"59,63",,123,,,,35,35,"23,49,59,63,72,111,116",,
YML025C,"4,217,219,227,240",,40,"164,234,240,242,248",,,107,"164,219,227",,,,"13,96,228","121,123,179",,,,,,248
YML026C,"27,80,96",133,,"48,49,56,108",,36,,,"48,49","115,123,134,143,144,145",,"33,34,140",43,30,,,"36,56",,"80,117,118"
YML027W,"117,166,169,203,320,321,327,376",370,"117,118,126,127,203,240,320,321,327","117,126,127,166,169,364,368",,218,,"147,321","117,267",41,"73,96","2,34,35,51,52,58,61,135,346","52,58,61,89,92,93,97,98,101,105,112,116,122,124,125,183,184,185,189,252,260,264,284,289,328,340,344,346,353,356,358",,198,,376,"6,118,127,166,169,320,321",376
YML028W,"7,29,31,132","2,5",164,"29,60,61",,,,"7,33",196,154,"105,165,172",183,,190,,,"7,13,14,132,164,188",7,
YML029W,"179,311,730",,"288,451","168,179,680,723,730",739,,,332,202,386,"323,512,513","69,383,455","64,120,374,376,379",212,"90,292",,"179,680",483,"651,730"
YML031W,"138,283,313,339",,"313,420,421,507,508,541",459,,,,,"313,536",,"266,490,653",,"425,426,479,482,592,597",296,23,,,"361,536,541",
YML032C,"24,27,28,36,151,356,364,366",457,"216,246,251","24,27,28,36,126,151,161,246,251,356,366,378,382,389,393",,,"164,427","27,28,125,126,366",364,428,"16,242,245,417","180,183,353,361,369,370,374,412","18,110,187,226,229,243,244,302,452,453","341,376",147,147,"28,36,125","220,461","24,27,28,36,206,356"
YML034W,"244,401,405,671",,"39,96,106,197,214,216,217,219,236,240,295,305","49,106,214,216,217,219,244,249,297,555,562,580",,,"518,520,521,527","51,297,580","49,405",,"159,229,285,363,425,796,797,799,803","67,99,262,265,567,740","85,89,97,99,115,181,185,187,189,203,204,206,290,294,299,301,353,376,377,381,390",603,"485,586",,"73,580","131,177,240,244,538","572,782"
YML035C,"285,389,396,425,433,437,497,506,619,804,810","626,745","150,169,240,458","160,396,433,437,467,765",631,,"228,229,230,231,233,629","248,396,437,458,761",497,,"70,701","148,151,241,776","6,50,58,61,66,130,136,138,140,210","278,299,300,585",368,631,"389,425,433,437,527,761",765,"433,437,526,527,810"
YML036W,"23,94,98,108,152",181,"23,26,31",23,,,,,,,87,127,,,106,,155,"98,161","98,118"
YML037C,"5,183,189,236,265",,"189,232","173,183",,,,"173,189,193",251,139,,"106,107,114,115,125,131,132","60,61,120,122,255,274,276",32,147,,173,"80,117,129,183,241",
YML038C,,442,63,,,,,,,,"2,99,434","390,391",,373,,,385,242,
YML039W,"307,491,748,752,1226,1441,1448,1453,1739,1744",,"186,289,379,381,396,559,568,569,615,1001,1002,1022,1113,1440,1441,1447,1448,1453,1503,1632,1637","45,652,814,1226,1249,1276,1281,1299,1440,1441,1447,1448,1453,1482,1503,1506,1680,1694,1700,1709,1739","758,1645",,178,"254,515,752,1249,1441,1447,1448,1680","1495,1506,1680",1275,"278,333,369,376,408,445,448,575,616,617,623,743,775,991,1073,1074,1104,1160,1185,1664,1665","40,318,577,760,761,956,1039,1067,1069,1114,1116,1117,1169,1174,1177,1688,1738","7,10,13,16,23,36,71,157,356,365,411,418,420,421,422,809,960,962,964,965,1005,1006,1032,1051,1053,1055,1093,1095,1099,1140,1142,1181,1187,1203,1508","1054,1272,1273","18,43,540,758,788,1645",758,"207,368,379,381,568,569,1440","1113,1190,1357,1474","289,368,491,568,569,748,752,817,1178,1263,1276,1448,1453,1680"
YML041C,"2,156",,"81,188,190,199,200","190,199,200,205",,,,270,160,,"50,109,273","134,139,142","21,80,83,85,91","18,230",,,"136,168",,
YML042W,"13,408,458,461,465",,"179,543","13,264,443",348,,,"88,252,433,461",,356,"219,369,586","41,185,411,413,414,415","8,10,84,319","254,459",97,,"488,550",195,"195,443"
YML043C,,,36,"130,172",,,,,,,"223,228,260,263,463","192,200,201,202,203","46,50,67,114,121,200,201,202,203,501,505,506",,180,,"167,185,388,421","163,164",149
YML046W,"209,261,268,298,302,303,486",172,156,"212,326,610",,,137,"204,239,565,610","61,204",,"6,66,138,255,304,349,352,429,481,483,555",,"24,227,384,388,397,398",,,374,564,"106,237,239",204
YML048W,"28,252",,"28,30,31,36,212,240,252,270","28,31,36,337,400,401",,,,252,,306,"173,233,234,235",245,"61,135,137,221,311","263,362",,,240,"57,165,367,395,396","28,240,367"
YML049C,"112,221,462,766,963,1007,1149,1176,1184",,"352,458,533,621,1056",1012,"213,979,1323",,,"87,282,283,842","36,462,1339",,"48,156,305,362,461,474,518,530,546,547","308,496,502,579,1067,1070,1072","91,567,572,704,904,1063,1065","286,1258","213,997,1323","213,997,1323",,347,
YML051W,"286,347,417",23,162,"286,287",,,,"256,304",137,,"71,426,429","59,60","7,8,10,11,193","198,343,353",,,,,
YML052W,105,"2,300,302",,,,,,,,,,275,"87,221",,,,,,
YML055W,102,100,"137,141,143","102,107,115,141",,,,"95,107,115",,,151,"2,97",,123,,,,"5,113,115","115,118"
YML056C,"9,10,16,139,161,206,520",,"16,65,66,187,199,209,212,233,459","199,206,209,210,212,242,408,414","251,336,344",,,"65,66,187,194,199,210,212,242,247",199,"327,346",433,"133,168,332","2,167,168",,"158,482","158,482","9,10,16,21,113,114,116,199,408","66,144,212","16,199,520"
YML057W,"74,310,396,533,571",,"36,74,477,584","109,571,584,585,589,593",,,,533,,101,"21,44,601","23,35,38,79,178,478,481,486,487,516","487,489,494",,282,,"17,217,533","109,401","571,593"
YML058W,91,99,,,,,,,98,,,"25,27",27,"7,9",,,,84,91
YML058W-A,,53,42,,24,,,,,56,"31,65,68",,,,,24,42,,
YML059C,"133,497,775,1151,1237,1266,1464",,"182,491,629,1104,1324,1430,1604,1606","133,182,183,187,226,493,497,518,524,534,822,825,826,946,1104,1317,1324,1331",415,,,"628,629,775,822,826,1317,1324",1628,,"5,9,10,12,27,30,192,386,473,512,541,599,621,622,708,711,785,849,853,1000,1117,1207,1321,1336,1481,1484,1518","352,499,501,582,589,670,678,739,855,941,943,945,949,1103,1106,1108,1109,1110,1112,1333","272,274,300,302,303,499,501,618,624,627,631,632,634,648,670,735,739,803,995,1678","937,1235,1348,1349","415,1218",,"813,822,826,838,1324,1464,1606","427,431,550,813","775,812,1324"
YML060W,"4,84,180,191,277,344,349",,,"109,180,295","16,72",,,"109,191,295,296","204,374",,"11,135,136,208",,41,,245,148,349,49,105
YML061C,"110,276,478,511,574,781,782",,"150,230,564,595,599,604,796,798,800","98,158,394,400,403,595,599,653,716,725,772,782,784,792,794",,,,"276,363,478,725,784","194,195,662,781",,"30,176,177,533","39,206,262,265,287,289,290,344,701,808,810,811,813","47,70,72,147,169,170,180,210,584,589,597",,236,,"276,312,423,478,500,599,626",516,"56,312,394"
YML062C,"6,123,157,165,170,200",391,"33,106,174","33,65,82,83,99,104,106,111,116,157,174,181,200,226,242",,,,106,,,"43,48,60,206",378,"51,62,297,371,372","189,264,301",92,,"157,174,181,182,197,200",55,"26,157,174,182"
YML063W,"17,19,27,33,45,50,94,195","3,251,255","55,85","13,14,17,18,19,55,62,83,202,214,248",69,,,"50,145,166","195,248","8,11","49,56,124,178,194,199",10,,,,,"33,45,62,85,187,195,202,248","33,222,248","27,33,94"
YML065W,"3,49,193,218,415,427,428,494,881,893",,"216,363,695","42,121,193,197,198,217,218,221,227,363,369,370,371,380,415,555,557,695,708,711,814,885,893","349,524",370,,"428,695",,"32,33","397,431,581,584,644,665,783,787,836,856,895","233,237,498","302,304,322,542,545",476,177,,"36,162,193,198,711","121,380,436,441","209,415,425,427,428,732,881,885"
YML067C,"5,12,267",,182,"18,19,20,23,182,191,272,275,347",162,,,"12,191,247,267",,,,254,121,257,162,,"5,12,247,267,272","5,12","5,12,267,335"
YML069W,"67,455","101,551","14,29,352","71,271,346,468,473",,,,"376,378",,"7,62","11,141,142,144,149,187,421","32,33,36","485,489,491,529,534,540,546",,386,382,,"130,190,191",90
YML070W,"4,178,401,530,534,552",145,"17,43,178,286,292,438,488,534,537,552","178,203,252,488",126,,,"198,530",544,,"13,94,104,296,322","394,546","48,52,57,407",,418,,"245,252","82,258,401","435,530"
YML071C,"508,509,548",,"175,273","96,538",,,,,,,"74,139,265,289,372,408,439,443","41,267,270","33,502",39,,565,,389,603
YML072C,"23,152,184,190,340,549,997,1267,1490",,"73,76,86,90,124,328,333,336,340,343,370,374,383,406,810,890,893,903,1170,1228","24,32,90,133,152,159,340,541,549,563,626,673,697,699,810,896,995,997,1005,1167,1170,1174,1175,1176,1334","564,1041",,,"333,336,541,563,723,727,903,1187","156,810,1314,1317",,"60,546,554,594,713,848,924,1062,1107,1363,1381","65,72,139,142,376,380,384,724,1121","140,295,596,680,684,987,1079,1247,1256,1340,1404",,,,"90,152,333,340","333,336,406,411,622,889,890,1073,1077,1187","32,152,563,697,896,1267"
YML073C,"100,143,150,151",,"90,139","56,113,116,117,143,150,151,156",,"50,100",,"143,151",56,,,2,,,,,"108,110,131,139,143,150,151","128,131","5,8,50,90"
YML074C,"163,263,289,292,339,343,348,353",327,"339,343,348,388","94,96,98,251,253,254,256,257,259,263,268,270,271,273,278,279,334,336,339,343,348,353",,,,348,,,344,,"89,104,134,140,186,192,286",184,,,322,"48,242,246,250,274,278,279",348
YML075C,"154,278,475,565,1045",,"145,154,389,392,540,541,549,558,565,567,619,879,1045","154,541,558,567,637,638,879,1045,1053","716,1051",,,"270,541","876,879,892,1053",,"181,452,490,557,778","382,383,388,551,552,736,868,1031","542,544,551,552,568,570,571,574,575,577,736,1054",,"682,716,760,792,1051",,"130,389,392,541,596,597,619,638,740,774,775","472,535,540,541","278,637,638,761,775"
YML077W,,,"60,64",64,,,,,,,,,,,,,64,64,
YML078W,"34,49,62,67,94,100,108,109,112,143,152",146,"22,23,158",109,137,"49,143",,"67,100",,,"31,124,126","5,10",,,137,,"49,67,100,108,109",94,"62,67,94,100,108,109,112"
YML079W,"49,94,97,193",,,186,,,,"94,97",,,77,,,84,,,"49,126",,
YML080W,151,421,"265,302,407","16,391,404,407",,293,,"154,267,362",,,,,,57,167,121,"154,284","127,128,354,404","25,154,362"
YML081C-A,"51,54","56,58",,38,,,,"51,54",,,,,,,,,"51,54",,
YML081W,"7,40,48,163,164,596,597,1031,1131","1248,1251","48,124,144,226,383,397,545,551,936","7,12,169,176,541,545,551,597,1131","884,1125",,,"157,224,541,545,1031","224,226",,"198,398,407,408,421,422,431,433,436,893,1051,1171","2,3,18,150,309,342,370,548,554,555,560,563,615,616,1150,1208,1210","2,67,127,180,182,219,223,225,232,373,424,428,432,521,523,527,548,554,559,560,561","396,923","322,1041,1125",876,"7,12,596,655,1031","7,224,477,597","545,936,1031"
YML082W,"41,545,584,587","2,647","201,202","197,201,202,207,545",300,"87,96",81,"532,535,536",,,"74,331,335,366,513,541,594",342,"340,341,342","518,580","126,446",,"113,177,536,584,587","120,170,545","536,545"
YML085C,"61,85,97,167,305,312,337,340,395,402","4,410",167,,"14,20,296,317,348","97,312,402","64,83,90,262,299",,215,106,381,"95,110,146,148,179,258,420","179,272,350,420,440","84,104,109,173,211,263,273,400,409,433,441","296,317,348",377,"337,340,395,402","44,167,395,402","61,85,97,305,312,339,340,402"
YML088W,"93,175,422,425",,"456,463,465","418,422,425,456,457",329,,,93,425,,"179,473,568,607","58,59,63,65,624","495,514",,329,147,,,"49,180,422"
YML091C,"4,10,497,849,938,1186",,"20,103,342,348,430,514,657,846,945,946","311,348,377,513,800,810,882,884,939,945,946,950",180,,,"348,805,849,884,1059",,,"96,137,182,287,289,302,306,493,558,836,857,1004,1006","123,130,147,150,151,154,208,341,934","510,848","30,162","578,815,867",,"377,513,514","245,660,1059","348,698,846,849,893,979,1105,1162"
YML092C,"38,49,50,88,98,160,237",,29,"91,237",,,,166,108,,,,,,,,98,,"17,108,172"
YML093W,"367,531,686,838","815,816","209,211,214,266,516,618,680,686,690,730,841","209,211,266,367,449,516,518,521,686,690,697,807,813,818,820,834,837,838,841",,,789,"266,838,886,895","203,264,841,895,899",,33,,"34,35,62,79,85,151,239,423,424,488,498,500,562,567,582,585,588,668,673,678,679,738,786","118,735",,,"624,680,686,690,895","772,838,841","95,341,730,782,838,886"
YML094W,"5,43",,"63,107","5,10,43,82,111,114",47,,,43,,,,"2,3,9",,"92,93",,,"10,43,107,108","5,10","5,10"
YML095C,,,"21,100,109",21,,,83,100,109,,"2,3,96,173",98,"54,177,182",149,,,100,"65,100",
YML098W,7,,"150,153","7,13,62,69,74,90,153,156,160,163,164,166,167",,,,69,,,,,"146,149",,,,,,
YML099C,"129,134,135,144,147,303,461,622",853,"134,348,502,570,629,660,665,669,801,802","134,135,144,147,191,199,296,303,570,574",,,"36,47","144,147,303","500,502,714",,"80,128,221,222,224,544,594,659","17,19,74,299,344,549,592,593,596","84,254,581",,281,490,"147,574",,"144,303,310"
YML100W,"119,123,418,452,467,561,826",,"126,226,327,329,402,404,753,913","318,467,561,761,769,816,913",,,,"404,470,471,1063",,617,"50,51,105,109,179,189,190,223,286,396,672,711,754,783,784,925","75,77,79,85,86,142,195,208,215,216,219,220,225","53,56,161,186,194,215,216,219,229,234,235,237,238,242,277,278,279,281,282,283,288,303,1025,1029",636,609,,"318,359,422,426,452,816,908,968","467,628","318,422,426,628,761,913"
YML101C,,,26,,,,,,,,,32,54,,,,,,
YML102W,"447,448","132,466","29,232,306,317,318,432",235,"240,289",,,,,209,253,"120,121,264",427,,"240,289","240,289,451",,,"29,339"
YML103C,"980,990,991,1000,1046,1048,1057,1073,1276,1610",1655,"500,522,610,684,687,991,1035,1038,1273,1297,1304,1530,1540,1604","406,423,429,525,527,869,991,1000,1035,1038,1046,1048,1051,1052,1057,1131,1549,1645",,,,"35,402,1046,1071,1073,1304,1596,1604,1610","610,1038,1289",,"47,50,56,61,228,418,436,677,829,849,850,1059,1088,1119","63,64,65,396,523,1545,1546,1619,1620","233,236,237,238,340,1002,1007,1008",,,1362,"35,605,981,1038,1070,1071,1073,1131,1276","990,991,1035,1178,1184","423,424,838,869,1071,1610"
YML105C,"34,80,130,194","270,271","34,80,89,224,227,253","77,80,89,90,182,194,218,219,224,227,262",150,,,"34,90,187,194",,,109,"26,29,36,84,245,247,255","26,29,36,42",,"104,143",,194,"177,179",89
YML106W,214,,"184,185,214",,,,,,,,,,,,86,,"28,30",,185
YML107C,"27,175,317",,19,"11,19,22,27,317,326",,,,22,"162,237",,95,"124,126,316",,,292,,"233,237,317",,317
YML109W,"42,158,301,309,637,697,821,829","2,175","67,70,263,309,317,584,594,636,651,656,660,679,680,683,684,687,688,689","47,57,67,301,309,325,650,651,656,660,663,665,680,683,684,687,688,689",,,,,829,,"18,360,374,526,527,531,538,541,545,573,740,901,904,931","40,166,167,168,169,170,171,172,176,277,304,315,423,619,629,880","58,73,76,94,96,97,99,100,103,107,166,242,265,267,273,277,280,423,425,426,454,455,459,467,468,472,491,493,555,653,715,716,718,720,722,807,808,810,936","95,470,551",,,309,"88,636,637,821",637
YML110C,"65,159,278",307,"63,65,283","63,159,166,169,208,283,287",,,,,,,"108,202","4,5,10,11","37,40,41",50,,"22,299","155,159,169",,"49,283,287"
YML111W,"18,648,799,870",,"620,621","444,446,485,734,735","88,375,398,411",,"130,386","243,583,585","504,917",191,"167,168,188,275,430,434,584,587,679,680","2,189,190,192,825,826","19,22,41,42,45,53,89,138,142,146,217,533,553",628,"88,375,411",893,"455,457",643,"504,870"
YML112W,"199,277,284",,"284,291","182,193,198,199",,,,,,195,101,"24,27,152,153",,,136,,"193,281,284",,
YML114C,280,,"205,224,307","205,299",,,,"302,327",262,,"81,221,223,411,412,467,474","2,3,230,231","2,5,6,8,12,14,89,92,212,230,231,233,404,436,488,496,497",,,,262,"202,205,206,210,292",
YML115C,"48,302,312,468,492,495",,14,"13,312",196,,,"14,274,278",,,"215,251",,"30,106,323",,,,"274,278,312,466",,"159,492"
YML116W,493,541,,"493,497",,,,,,,"3,471",418,"27,45",537,,,,,55
YML117W,"841,847,863,869",,"106,108,232,368,369,432,457,869,875,878","368,369,370,378,665,766,767,841","274,670,690",,,"426,847","106,108",1049,"129,154,158,172,261,410,495,496,595,598,637,808,949,951,983,1062","2,4,6,58,85,267,448,449,467,829,1017","359,448,449,459,464,469,576,581,611,771,773,972,973,976,988,991,992,993,1001,1003,1011,1013,1016,1017,1018,1020,1024","142,424,454,1044",690,"198,310,670","682,767","1025,1029",841
YML119W,"224,265,357",,"128,187,283","156,188,275",253,,,"64,188",,,"22,130,139,295","163,165,166,167,289,292","61,72,97,136,137,176,178,180,182,203,289,324,335",19,,,,,
YML120C,"44,440,506",,"10,76,299,308,424","214,220,257,283,284,352,353,418,424,426",,,,"76,119,214,220,463","44,105,440",,"78,121,295,358,419","14,15,16,18,24,25,27,28,33,38",18,77,,,"214,220","319,324",409
YML121W,"251,259,261",,,"110,114,251,254,259,261,303,304,306",,,,"7,245",,,"29,54,185","15,17,20,21",,,180,,,,"241,245"
YML123C,,,"385,386","381,385,386,548",,243,,548,,,464,"110,111,191,192,490","52,302,303",,241,335,6,548,"546,548"
YML124C,"61,85,97,164,165,167,279,280,305,310,312,337,395,402","4,111,410","167,279",,"14,20,296,317,348,377","85,97,402","64,90,262,299","85,312",,106,"157,381","146,148,258,272,420","272,341,350,420","24,104,109,173,211,263,273,400,409,433,441","296,348,377",377,"165,395,402","44,167,395,402","61,85,97,279,280,310,312,339,402"
YML125C,"85,147,150,259,292",311,"62,147,150,164","85,93,95,292,297",,,,"147,150",,,"175,215","187,301",,,,,,224,85
YML127W,477,,"103,358,465,504,518","110,194,434,470,477,504","147,197",,,,,418,"142,211,251,377,444,447,501","75,493,503","8,488,493,503,507,513","107,113,257","197,332",402,"98,102,103,477",,
YML130C,"57,62,176,222,478",,"461,464","136,228,231,426",337,,,"176,430,481",298,,"17,111,112,324,407,438,440,450,473",,"33,121,293","529,540",,,"228,323","202,315",
YMR001C,"40,69,100,496,509,610","200,702,704","114,118,496,672","7,12,26,110,398,502",,118,"677,680","125,428",428,,"231,540,541","238,417,465,647","128,233,238,242,417,419,503,657",245,,,"509,594,692","7,12,114,469","19,509,516"
YMR002W,,,,,,,,,,9,"103,124","14,17","21,23,24",,,,,,
YMR003W,"78,138",,"108,109,129,138,145","75,82,87,132,133,138",,82,,"41,75,78,129,133,145",,,146,"101,131",,,,,"41,138",,
YMR005W,"312,313,324,331,335,381",245,"30,39,312,331","107,111,112,113,115,284,290",,,,313,,,"163,167,302","15,17,25,46,49,80,82,83,210","36,44,82,208,210,293,374,380",,,,349,"30,324",
YMR008C,456,,294,"43,290,456,457","463,532",,,457,,,"4,5,11,30,56,70,73,101,138,148,193,253,255,285,288,323,437,467,489,491,519,543,560",2,"28,343,346,368,600",,532,"463,529,532",,457,
YMR010W,,403,380,"129,136,377",,,,,,,"139,349,384",404,"2,3,4,10,383,387,389","337,338",,,,,136
YMR011W,257,538,"264,269,272,524","269,272",,,,,272,192,"82,299","2,533","7,11,16,29",,,212,,"26,37",
YMR012W,"100,183,185,578,826",630,"14,18,21,331,822,830,940,946,1142","39,100,115,311,312,502,505,546,547,550,556,558,712,790,791,940,945,946",,,,"269,301,505,571,766,826","5,183,185,639,766",,"10,24,199,263,266,560,686,1080","119,717,1048","318,320,350,355,356,877","742,1147",,,"4,5,9,505,740,766,940","4,5,9,90,100,106,629,858,1235,1240,1246","204,311,571,578,639"
YMR014W,"38,45,53,162,354,499",,"100,104,106,110,177,180","28,48,50,53,61,99,100,104,106,110,112,235,386,387,388,505,508,510,514,515,517",,,,"38,45,46,50,53",,395,"101,160,161,175,212,247,369",285,"84,87,113,115,279,285,341,343,371,402",255,,,499,,53
YMR015C,"97,99,132,157,291,527",536,"67,75,412,424,463,464","67,68,164,172,266,458,528",,,,"67,68,132,192,265,511,528",235,,"15,419",417,"417,421",,"278,300",471,"92,99,164,283,394,527,528",412,"97,132,135"
YMR021C,"249,364,366,368",,"131,186,189,364","135,148,155,156,186,373",,,"272,325,326",,,,"215,217,328",,"133,141,192",,,,189,,
YMR022W,,,57,,"89,141",,,11,,,,,,,,141,57,,
YMR024W,"6,72,94,248,318,322","4,388,389,390","72,81,136,169,356,359","62,94,239,322,356,359",311,,,"74,322,356",,,"18,233,234,237,249","117,321,346",,,"119,122,311","119,122","6,218,318,322,356,359",218,248
YMR025W,"148,151,231,294",,,174,,,,"151,204,222",,,"82,186,187,212,213,214",,146,"44,268",,,"130,151",151,
YMR026C,"383,387",,"242,339","239,242,383",369,,,387,,101,"95,252",232,"154,171,172",,"337,379",379,,,
YMR027W,"48,333,363",,"214,230,237,339,389,444","43,48,56,57,60,214,230,237",422,,447,,"81,296",,"192,201,226,360",,,,279,,"56,60","56,57,60,94,95,222,437","230,237"
YMR028W,"136,162,164,273",,241,"100,136,154,164,174,241,286,344",,,,"106,136,268,273,274",,,280,,"23,28,251,256,257",147,,,,154,"293,352"
YMR029C,"189,232,306",,"180,189,196,232,233,435","77,127,134,170,172,180,232,233,299,512","206,353",,,"189,412",,,"184,307","177,443","69,132,176,177,336,344,439,441",,,,"77,140","155,396","189,308"
YMR031C,"36,106,116,149,209,217,286,687",,"32,46,66,216,274,275,280,283,286,394,580","62,66,209,216,217,266,272,274,283,286,296,502,524,628,630,687",,,,"116,203,209,216,217,286,582","314,394,695",,"98,113,129,195,429,659,708,778,807","119,130,132,133,135,136,138,139,161,163,175,177,179,181,182,204,444,451,452,453,752,753","18,19,23,25,26,27,29,30,34,130,132,133,148,185,471,584,838",586,,,603,"286,582,732,733","209,694,695"
YMR032W,"58,192,411,570",,"84,358","58,61,133,134,135,142,176,301,311,317",,,,"61,135,570",,"530,534","73,269,355","30,56,344,364,428,430,449,490,492,512,516,517,518","327,337,341,444,447,478,480,501,630",556,,,"46,106,227,267","333,400","106,300,333"
YMR033W,"227,293,453",465,"58,272,346","58,66,374",,,,,,94,"195,308,311",,316,53,,,444,"61,66","214,346"
YMR036C,"31,32",,"66,140,186,190","26,31,32,33,48",222,,,,,235,"168,193,197,200","430,431,432,435,436","24,27,126,128,137,306,460,463,466,479",,"12,218,222,372","12,218,222",31,48,
YMR037C,,,"45,113,581",,395,657,,392,,,"181,325,327,331,341,391,430,431,480,497,597,598,605","80,85,86,87,332,335,482,548","183,186,193,194,201,306,397,398,426,441,625,627,629,632,633,638,639,655,659,668,671,686,688,692,697",444,,,,"316,466,645",
YMR038C,"75,95,167",,"29,95,96,173","95,96,226,234",159,,,"75,95,96",,,"4,77,112",,,,,,"75,95,96,234",152,"95,96,167"
YMR039C,"75,93",115,170,,,,,75,,,"192,261",160,"13,112,119,263,268,269,289",88,,,45,253,
YMR042W,,,,,,"107,108",,108,,102,"90,157","58,60,61,69,72,73,76,136","5,9,10,11,34,35,37,135,159,161,165,167,168,174",,155,,,,
YMR043W,,34,,29,93,"40,45,46",,24,,,28,,"2,8,10","277,286",,,,"159,163",
YMR044W,"108,275",473,"38,100,265,267,268,324","139,252,259,265,268,324,325,329,330,334,339,418","354,358",,,"100,103,317",,424,"104,398,399",134,"65,73,96,214,242",95,"354,358",117,"100,103","339,368,467,472",
YMR047C,"121,806,814,915,951",4,"253,753,952,1086,1091","778,796,798,806,852,856,951,952,1086",,,,"796,798,856",,"6,313","36,59,87,88,99,100,113,150,172,194,195,196,270,273,274,417,466,467,534,544,620,625,639,645,672,689,702,703,707,800","14,37,43,46,48,49,114,115,118,119,141,187,198,199,200,202,203,213,218,220,231,244,256,257,283,364,379,380,387,392,415,419,443,479,480,491,493,530,535,570,576,579,581,608,612,614,634,644,646,647,660,687,690,691,693,705,706,708,709,715,755,757,759","256,816,891","148,946,971",1031,,"796,798,810","129,790,810,814,885,897",883
YMR048W,"58,63,109,113,120",208,"53,58,63,70,81,180","63,113,120",,,,"109,113,120",,"205,207,212","13,215",,"79,156,175",,,,"63,109,264",,58
YMR049C,"178,278,577,581,585,599,605,637,769",377,"127,137,218,278,404,420,569,570,577,774","263,437,570,577,637,717,724,733,768,769,774",,,348,"370,376,581",577,"110,691","5,6,215,618",257,"20,23,62,63,64,72,76,146,149,233,236,347,418","125,128,144",588,,"577,674","115,404,734","127,218,226"
YMR052W,"165,191",,53,"42,140,158,159,165,172,181",,,,"38,42",,,63,72,"16,69,72","93,146",23,,,,
YMR054W,,,"310,555,611,646","298,301,310,373,555,556","126,286",,,"310,365,556",,,"221,755",29,"139,219,223,228,735","673,717",,,,611,
YMR058W,,,280,248,27,,,,,,"53,54,56,67,92,173,174,177,223,271,279,337,338,360,361",351,,432,,,,,
YMR059W,,,,,,,,,,,73,,"61,62,83",,,,,,
YMR060C,274,2,"11,14,290","89,92",,,,,,,"50,51,67","192,194",,"96,221",,,143,,89
YMR061W,"176,470,525",,,384,150,,,"149,262,385",,,"243,246,363,601,619,622","670,673,674,676","367,369","400,406,478",,417,176,36,624
YMR064W,"10,39,42,46,102,104,113,189,337,488,497",119,"39,81,82,89,344,386,391","39,81,82,89,95,102,104,303,334,403,404,410,488",,,,"29,30,81,82,89,104,311,337",501,,"208,218,300,418,451,509",,131,,195,371,"89,104,410,488,501",,"30,102,104,113,303,500,501"
YMR066W,"3,51,56,239,320,339,450,620,766",532,"109,110,115,320,324,567,716,726","99,103,109,110,115,450,454,566,567,569,603,613,616,618,620,624,819",,,,"324,454","559,895,897",,"40,94,118,124,142,260,345,350,500,652,709,710,810,828","187,188,675",812,278,"52,735",93,"207,237,369,450,553,559,612","369,569","51,324,553,560,754,758,766"
YMR067C,"238,239,242,273",,"73,82,238,239,242,247","238,239,371",,,,"242,270,273",145,"261,287","20,148,167,168,396","376,394",,,,,,"145,258","137,145,239"
YMR069W,,5,86,94,,,,,,,58,251,"251,256,258","6,11",208,208,,,91
YMR070W,"406,474",,474,"474,478",,,"232,234,236,238,239",396,"406,407",,"41,44,59,98,126,128,139","55,60,61,62,180,183",124,,,,,,474
YMR071C,,,,,,,,,,,22,,,,,,,,
YMR072W,"75,80,162",,"75,97,170","30,40,80,105,107,148,171",,,,,,,,"3,5,8,10,67",,,,,"162,164,170",,"75,80,153"
YMR074C,"77,78",,,17,,,,"77,78",,,"18,19,83,84,109,110",82,126,,,,"78,112,118",,"78,118"
YMR075W,"49,95,245,298,309,328,458,463,465,628,665",,"95,107,227,229,237,328,365,548,617,623","95,117,124,207,229,328,473,494,563,623,665",,,,"117,413,501",90,,"16,140,141,193,221,241,251,252,388,421,580,612,681","13,15,17,18,19,21,22,23,24,238,239,240","23,24,26,28,40,142,149,683","505,506",466,,490,"64,107,117,122,124,548",229
YMR076C,"365,392,499,521,614,684,747,763,938,1139,1148,1171,1248",,"54,684,845,852,938","3,8,10,63,68,365,606,614,677,719,722,725,769,772,862,938,1010,1011,1139,1247,1248,1256",,,,"10,684,719,752,756,763,852,1128,1129","8,10,615,715,903,1011",,"160,210,251,252,393,396,548,617,646,649,655,658,659,705,707,1001,1066,1203,1204,1244","135,839,1013","536,609,1206,1218,1233","400,1238","78,918","78,79","329,684,695,747,763","747,830,1171","684,763,1171"
YMR077C,29,,12,"21,29,57,107,114,115,173",,,,118,,,141,"5,6,11",145,,,,,,12
YMR078C,"109,151,268,717,721",2,"52,57,102,109,198,380,401","109,268,276,277,279,280,282,283,284,409,507,645,689",312,,,"124,133,268,638",,,"62,208,228,429,431,458,593,631,713,733","103,104,191,321,323,324","375,376,378,521,535",,"312,359",,309,"268,309,668","124,156,309,380"
YMR079W,"81,84,100,105",2,"249,253",253,,,,"35,73,84,267",,,,3,"25,302",,"79,174","79,162","73,274",,"73,100"
YMR080C,"200,247,372,471,478,485,530,588,591,715,751",2,"200,372,373,508,518","366,367,372,373,436,485,508,512,538,565,610","152,582",770,731,"189,200,204,373,512,610",,"505,736","88,410,696,746","439,574,575,714","13,54,838,963",742,"148,458,777,833",845,"512,722","247,920","189,382,471,508,512,518,560,565"
YMR083W,"35,43,45,188,346",,"32,35,49,108,111,319,346,355","32,188,191,196,234,362",,,,"35,111,188,191,319,362,364","45,49,239,240",,"122,272","4,5,6,9,26,27",,217,,290,"49,319","253,305","111,191,314,319,342,362,364"
YMR086W,"154,271,486,495,496,585,888,889",,"59,77,104,210,324,344,362,365,516,519,524,581,585,586,636,862,888,889,892,893","154,262,372,486,495,496,503,556,585,586,744,888,892,951,953,954",,,,"272,372,893",,,"300,417,418,445,491,530,793,795,839,877","17,24,56,175,467,509,513,532,535,537,574,751,758,880","6,7,36,43,46,48,50,91,97,100,103,116,117,118,215,217,220,235,238,241,248,299,301,302,304,306,310,352,379,447,448,450,452,459,461,582,624,626,628,630,634,638,639,645,654,656,658,675,724,752,810,811,816,818,822,870,874,895,898,939,941",,,,"94,154,495,805,909",496,
YMR089C,"113,214,344,434,502,518,580,600,608",713,"85,223,379","75,214,268,335,336,344,346,348,458,545,691,763,770,771",,"454,502",165,"94,99,218,223,241,348,518,600","99,346,348",323,"45,86,87,138,149,228","88,387,392,435,471,668,674,681,728,731","330,332,599",,620,564,"241,336,348","113,233,525,598,600,607","30,344,346,348,607,608"
YMR091C,"159,227,232,238,259,267,430",,"16,259,397","99,101,102,259,267",,,,"102,163,199,238",227,,"74,96,195,200","2,251,312","2,4,10,20,21,62",245,,,"227,238,259",399,"227,232,238"
YMR092C,"237,578","134,612,613","382,441,484,490,533","402,578",,,,578,,,19,"60,68,269,381,413","171,176,377,447","324,355","45,82,233",,237,109,402
YMR093W,"12,75,396",,"243,253","12,138,243,244",305,,,,,,121,"2,3,10,11,60,61,186,201,311,324",222,85,"97,305",,75,353,"94,138,243,244"
YMR094W,"148,357,388,393",477,,"54,354,362,381,384,388,393,398,401",,,,,381,,"164,174,444","185,220,227,229","3,236,238,241,243",,,,393,393,354
YMR097C,"84,98,103",5,"35,40","35,40,43",243,,,"10,123","358,360",74,"14,122","13,16,17,200,201,207,208","16,17,200,201","22,27",243,,"40,84",105,
YMR098C,"309,313,317,400,453",,"106,127,138,194,407,440","46,106,127,128,156,309,313,317,341,349,406,407",,,,"3,46,406,407",,,"47,369,552,578,598",325,"293,294",,5,"5,146,584","106,313,341,400,406,407",,"309,313,337"
YMR099C,"228,278",,,"78,278,279,288,292",,,,220,,,"70,87,145,208",,,189,,,"35,37,186",54,"186,288"
YMR100W,"95,332,462,464",,"101,372,478","370,372,378,462",,"534,537,542,546",524,370,,,"31,49,184,367,368,514,593,601","11,17,19,20,21,68,72,217,268,580","4,253,323,448,565,568,569,570,574","23,426",393,517,"101,131,181,206",,"372,462,464"
YMR102C,"180,741",,"13,94,167,186,309,535,644,755,761","690,725",,,,"52,131,180,193,196,201,761",725,,"20,23,72,83,85,492,708,803","166,173,192,235,762,771,778,781","16,21,22,25,205,214,215,218,531,536,538,540,541,542,710,715,719,722,726,765,771,775,777,778",262,338,323,230,302,"174,180,251,309,374,462,468"
YMR104C,383,172,"120,125,142,332,335,605","99,363,364,498","384,503",,506,,,466,"62,64,326,588","63,86,134,135,188,366,578","101,103,104,176,354,499,501,505,669,671,675",,384,,,621,
YMR106C,"243,251,598",,"38,42,207,310,429,563,572,573,578,598","173,178,259,462,463,514,520,572,573,578,586,587,590,592,598,605,614",,,,"88,310,429,565",178,,"19,20,21,35,292,548","76,77,78,80,225,227,456","620,623,627",336,,"241,434",,"243,251,425,462,463,521,614",315
YMR108W,"53,387,433",,"155,251,300,321,387,478","221,321,387,472,478,479,615,620,621,628,630",,,,648,,"393,400","384,485,554","52,153,238,239,277,324,518,519","45,47,60,340,409,469","43,44,149",,213,"615,621",137,"300,433,453"
YMR109W,"190,195,520,524,542,583,586,627,943,1127",,"32,159,393,607,612,949,971,972","24,547,765,823,912,926,929",,"520,524","1015,1016","393,765,925,926,929,943","34,57",,"62,182,183,184,206,209,392,484,609,792,938","579,741,919,982,983,984,987,992,1001,1024,1027,1033,1034,1036,1040,1045,1048,1051,1058","20,777,806,976,977,983,984,987,992,1045,1048,1054,1058,1099,1101,1103,1116,1121,1139,1205","532,1094",791,,"18,214","222,354,797,861,899",943
YMR110C,"7,73,121,288,291,320,321,333,488,497",,"259,320,321,333","44,250",422,,,"43,44,126,228,321","321,389",,"3,85,327,330","6,111,113,114,329,337,443,444","2,6,337,340,343,345",58,233,,320,"34,250,367",79
YMR112C,,,,"77,104,105",,,,"77,105",,74,"14,57",,130,,,,"104,105","7,11",
YMR115W,"69,122,212,218,302,418",,496,"113,205,212,218,397",,,,"461,493","493,496,497",,294,438,"56,60,62",153,141,,"218,246,428","246,302","212,293,428"
YMR116C,"46,53",58,"117,118","53,62",,,,,,,,130,,305,,,"40,46,107,161,228,229",,46
YMR117C,"42,161,205",,"51,55,90,95,135,139","42,51,55,95,117,123,135",,,,,123,,"196,197",,"149,152",,,,90,"42,123","123,203,205"
YMR119W,261,,"383,392,399,539","392,393,539",,,582,,,,"2,9,19,29,200,201,323","345,445,447,526,527,540,545,603","4,302,305,379,386,445,447,449,453,467,468,473,483,487",99,342,,392,59,261
YMR120C,"96,266,407,460,511,517",481,"6,251,360,557","356,357,407",300,,,"67,266,360",,"170,172","3,408,533","7,35",337,,433,300,6,,330
YMR121C,"93,128","64,66,75,106",,"13,56,170,176,179",,54,45,,,,"181,182",16,,"4,6,127,129",,,"5,140,169","77,83","13,128"
YMR124W,"560,563,601,778",,"249,472,563,752","249,414,419,464,560,563,660,877",,,,"202,238,483,485,700,701",,281,"119,223,226,250,291,432,443,609,643,662,682,684,693,764,854,855,908","289,300,393,426,581,724,733","346,348,350,433,436,492,493,625,686,747,879,880",,,,"563,700,701","286,419,483,485,563",
YMR125W,"307,506,509,515,671",861,,"264,265,515,662,671",,,,"264,265,525,603,662","621,833",327,"139,490,492,498,605,606,743",811,"318,534,545","16,250,657",,,662,"506,621","307,509"
YMR127C,,,136,"28,76,84,134,136,146",,,,,,,167,"4,6,8,10",239,,,262,136,136,
YMR128W,"71,72,77,106,116,219,233,612,687,749,892,1192",801,"121,219,237,240,484,986","93,94,95,99,111,121,131,140,141,145,237,240,243,244,319,327,328,488,490,544,646,647,650,653,661,689,980,989,996,999,1240",1171,,442,"77,237,653,1033","116,121,131,1184,1264,1266,1267",,"366,368,570,601,788,791,1052,1057,1108,1162,1163","125,128,457,511,559,561,568","657,660,838,1201,1205,1207","441,1015,1210",757,"413,1131","653,661,749,1105","145,346,351,839,980,981,1105,1192","258,259,488,490,653,661,1264"
YMR129W,"317,321,322,356,357,362,566,654,709,833,858,860,978,979,985,1044",,"81,90,307,308,311,321,322,362,476,480,483,503,704,714,836,838,848,875,885,888,985,1004","89,90,307,308,362,363,565,566,661,666,881,885,985,1188","260,628,804,902,1049,1127,1216",,,"308,654,1044,1226","444,483,502,774,860",,"37,280,1099","29,31,32,339,440,448","23,25,29,32,45,58,60,63,64,66,69,73,436,440,441,443,446,448,496,508,529,531,534,678,680,841,1091,1275",,"734,804,1049,1216",1049,"356,476,480,566,654,704,709,781,875,1044,1226,1298","704,774,833,1186","307,308,317,356,357,444,651,654,781,858,860,870,1104"
YMR130W,"69,79",,79,"53,134",44,,,,"79,84,131,134",,"266,267",,"268,271",,44,"44,212",71,"71,179,220","68,69,71,79,263"
YMR131C,"322,480",511,"269,357,363",,342,,,,,,"320,321,388","160,323,339","46,51,448","255,413",494,,,"216,357,363",
YMR134W,"92,111,115,175,202,207",,207,"13,202,207",,,,4,,,64,,147,,,,92,185,92
YMR135C,"25,31,32,36,40,45,63,120",453,"237,269,322","31,32,36,285",,,,"25,32,120,322",,,"8,55,67,167,214,308,309,310,327,337,340,397",,,419,,33,"21,25,36,120","237,269",312
YMR138W,35,,35,,187,,,,,,,,172,,187,"146,187",158,,"139,158"
YMR139W,290,,"362,363,364,368","74,77",201,,208,,"331,340",,"2,10,196,216","41,42,49,193,198","5,8,12,198,202","199,204,205",,"316,318",,"191,280,290","166,188,331"
YMR142C,,"24,63,69",45,"68,122,131",,"64,68",,"5,23,31,32,117,122,131","23,81,117","73,100,101,104",,,,89,,,"31,32,81,117",5,122
YMR143W,"12,13,14,23,30,59",4,"14,102,106,107,127,128","95,132",,,,,106,114,,,"15,121",,,,"12,13,14,23,30,47,87,95,102",,"23,30,102,107"
YMR144W,"182,310",,"204,211","5,182,211,232",,,,,,,"33,270,286","230,234,236,237,238,239","58,68,70,73,103,219,322,330,332,333",,,,,"5,10,245,310",233
YMR145C,"60,303,310,343,390,395,451,452,455,462",279,"22,30,50,60,69,164,199,201,205,313,353,354,363,481","50,69,260,303,349,353,354,363,395,467",,,284,"451,452,455","8,340",,"13,195","54,55,257,265","120,263,265","77,235",426,,"451,452,455,467","50,60,343,395,410","44,451"
YMR146C,"232,233,272,280,330",,"164,166,173,176,232","146,173,176,335",,,,"166,173,176,179,272",,,,,191,,,,173,"330,335","146,166,173,340"
YMR147W,"85,87,91",,"212,221,225","91,225,231,331,332,336,404,408",,,"132,134","12,13,91,336",,,"25,156","133,360,363,366,371,379,389,400,401","88,133,341,366",,,,331,85,
YMR148W,,,,"67,68,72,140,144",,,,72,,,,"96,99,102,107,115,125,136,137","77,102",,,,67,,
YMR149W,"16,23,86,91",19,,91,,,,23,,,,"9,12,13,33,37,117,122,124","108,110,122",,,,98,"23,86,158,258","23,98"
YMR153W,"284,304,319,366,376,415,449",,"84,315,319,324,357,366,383,390,392,399,406,449,450,456,458","223,284,288,292,296,324,357,358,366,376,383,390,392,394,399,406,409,415,423,449,450,456",,,,"376,406,409",,,"9,15,120,121,190,194,293,336,364,365","114,116,160,167,168,196,202,204,206,214,215,225,227,231,368,374,375,398","99,101,105,204,206,295,299,355,367,368,369,371,372,374,375,379",,,,"319,383,406,415,423",376,"6,213,390,392"
YMR157C,"172,173",107,"48,52,55,205","48,52,55,84,130,236,244",,,,201,101,39,,8,"32,120,122,238","155,171,174,246",,20,201,,"88,172,201,244"
YMR158W,"58,107,108",154,90,"83,90,145","110,152",,,"83,90",,,"15,67",,,,"10,152",10,,90,145
YMR159C,,,"86,116","76,121",,,,,"10,11",,,,96,,,,38,,
YMR160W,"429,430,725",813,171,"419,421,429,430,503,510,725",,,34,"421,429,430",,,"45,148,193,640","88,251","67,68,70,264,270,279,402,407,413,447","98,272,441,665",500,297,419,645,"421,437"
YMR161W,52,,,"27,31,38,39,43,47,57",,"38,43,47,52",,63,19,"30,96,103,128,174",,"95,100","109,145,150,155",,,,63,,"43,63,77"
YMR162C,"21,136,222,297,298,480,575,1549",,"254,432,657,1068,1583,1591,1592,1604,1607,1612,1617,1627","124,297,348,439,646,665,857,866,869,955,958,967,1068,1633","139,837,1200,1201",,,"289,348,359,480,1627","665,944","8,10,851","269,391,394,619,667,748,1454,1455,1623","443,1619","43,45,47,658,690,694,697,896,900,902,908,1547,1552,1556,1558,1561,1613,1615,1616,1619,1636","810,1260,1527",584,"584,837","136,665,1549","222,359,657,857,1068","287,575,1059,1617"
YMR163C,"170,173,354,359",,"349,354","93,210,251,349,354,359,362,614,624,654,662",608,,,"173,311,328,354","624,698",,"275,343,344,379,517,569,703","3,347,428,432,677","547,567,594,617,648","329,333","330,608",,354,274,"170,173,349"
YMR164C,,,"94,173,683",679,,,,"49,718",49,,"87,130,220,478,566,589,660","528,643,645,648,649,652,653,654,655,656,658,663","270,641,693,711,715,728",,,,,,102
YMR165C,"265,685,731,785,786",4,"257,260,265,328,331,345,679,682,685,768,791","68,192,200,201,726,785,786,791",41,,,"13,378,786","260,726",38,"151,248,362,368,463,605,709,765,803,825","14,16,17,537,602,730,774,779,788,790,827","203,250,253,254,277,281,307,308,309,311,313,315,319,320,322,597,602,648,651,655,662,671,677,680,744,748,762,773,774,810,814,816,818,823,836,847","270,739",41,,"239,490,782,785,786,791","257,260","68,265"
YMR167W,"6,15,67,137,185,244,516",,"137,254,370,434,489,504,648,650,657","6,253,254,344,391,398,408,489,515,645,648,650,657","74,769",,,"6,408",344,,"40,198,218,437,510,590","135,340,342,346,347,349,350,381,414,415,416,424,436,439,441,460","424,426,431,707,708,711,713",170,"74,246,769","74,246,738","6,496,648",645,"6,67,613,615,740"
YMR168C,503,,23,"47,516,570",,,,47,,353,"3,151,339,360,394,395","50,511",575,,,"209,297,299",47,,
YMR169C,"62,240,327,328,335",220,248,"323,327,328,365",343,,,"62,210,358",,,"196,461,464","78,79,242,244,246,247,313",,"5,130,131,432,492",431,,323,"230,335,369,476","77,335,416,425"
YMR170C,"62,240,327,328,335",,"137,140","323,327,328",343,,,"62,210,358",,,"196,301,461,464,501,506","78,79,242,244,246,247,313,375",,"5,309,432",431,,323,335,"77,335,416,425"
YMR171C,"278,315,446","5,321","362,363,368",368,,,"377,433,441",446,,2,"89,182,189,199,235,274",485,"69,91,378,390,402,406,463,465",522,,,120,,
YMR172W,"120,582,644",,"644,649","206,649,658,697",,,,644,,,"82,130,135,256,317,323,328,340,342,423,426,464,479,480,577,581","100,129,410,520,523,529","146,148,155,319,410,413,560,561",,,10,,608,660
YMR173W,,,"45,127,178,204,246,309,335,361,396","45,47",,,,,,,18,"180,209,214,282,340,345,398,401,402",68,"181,430",,,"8,47",,
YMR174C,"31,32,59",,"18,31,32","16,24,41",,,,"31,32,61",,,,27,,,,,16,7,"7,32"
YMR175W,"7,11,72,78,79",,,,,,,7,,,,,,,,,78,,72
YMR176W,"239,240,677,742,1080,1161,1226,1396",,"203,386,476,540,552,616,1002,1173,1185,1187,1361","126,390,552,561,1073,1080,1086,1087,1161,1185,1194,1226","804,1374",,,"106,126,175,215,239,240,386,390,742,1073,1191","552,741,742,1147",76,"466,467,470,504,783,864,1167,1378","52,55,257,258,260,262,265,392,1215","46,208,212,468,469,575,576,582,785",947,"804,1374",1374,"126,239,240,646,1086,1087,1390","126,239,384,386,390,1158","390,552,1080"
YMR178W,"167,174,175",,"205,240,246,268","174,175,213,239,246",92,,,"167,175,181",240,,24,,"270,274",,"92,98",,"174,175",,"174,175,202"
YMR179W,"228,234,336,396,398,656,688",,"31,234,367,391,398,559,568,597,631","357,391,403,407",413,,,,,28,"17,20,155,166,196,202,203,206,603,638,651,723","40,44,226,229,231,246,247,249,253,255,274,276,364,648,660,664,667,728,733,734,747,748","40,44,70,163,165,168,255,454,456,457,554,670,692,693",,695,,,367,
YMR183C,206,,,103,,,,128,,,50,,73,,,,141,"99,141",
YMR186W,"27,44,98,178,195,224,225,249,254,303,331,338,383,386,465,488,548,551,590,623",704,"445,476,480,490,560,566,606,614,622,623","334,445,476,480,548,551",,,,"98,331,332,333,334,338,383,419,422,480","268,270,422,590,607",,"37,267,373,442","347,415","198,269,274,375,443,446,452,529,608,612,615","24,602",,,"27,54,86,178,188,257,321,331,334,338,383,480,488,490,541,551,560,566,590,606,614,619,636","238,257","27,44,73,86,98,102,215,334,338,422,465,476,480,488,490,541,590"
YMR188C,"27,31,32,35,142,199",,70,"31,32,35,103,105,110,117,178,220,221",,,,,178,,,"12,122,123",,,,,"27,32",148,27
YMR189W,"58,233,234,270,905",,"137,139,144,371,376,815","233,240,263,474,509,611,619,701,896,1002","277,445",,"163,171","84,376,865,896","611,896",,"201,220,424,442,451,515,582,1031",32,,642,"400,445,767","277,689","137,240,896","110,234,949",905
YMR190C,"127,175,675,717,881,882,944,1346,1416",2,"213,243,598,648,654,720,1173,1346,1416,1428","190,194,213,241,243,244,249,253,884,1027,1033,1261,1346,1347,1384",891,,,"748,1094,1261,1346",,"383,1243,1433,1434,1437,1440,1444,1446","88,145,157,227,277,284,305,308,309,316,583,650,688,871,874,900,996,1043,1163,1164,1262,1411","122,193,279,280,283,286,287,288,289,291,292,294,492,493,495,541,652,750,754,1199,1414","50,159,209,348,358,470,475,477,478,480,492,550,615,617,626,628,1202,1203,1204,1205,1206,1221,1268,1349,1350",1247,"891,1041",891,"295,303,884,1384","26,175,303,619,706,828,831,1179","882,1180,1384,1394,1410"
YMR192W,"220,422,518,569,574,655,663,720",718,"142,153,641,642","518,544,553,633,634,635,640,655,662,663",,,129,655,,,"57,65,183,692,694","123,187,192,197,198,199,490","541,548,557",46,243,,"353,401",498,"114,220,574,655"
YMR193W,"71,121,128,223,228,229","158,258","67,145,185","50,53,59,102,103,113,128,145,223",,,,"34,103,128",71,"12,25","83,84","11,119,150","115,195","187,188",,,"34,71,128,145",,"59,223,228,229"
YMR194W,"4,13,75","3,72","16,25,67","13,16,67",,,,16,,,35,"5,21,51",,,,,"15,16",,
YMR195W,100,,,,,,,,,,36,101,7,,105,93,,,
YMR196W,"137,366,672,1064,1085",150,"137,339,366,371,980,1059,1064,1068","141,142,147,309,366,672,1051,1055,1057,1061,1064","261,947",,,"339,360,366,749","117,631,681",,"207,249,252,429,595,987","766,953,956,957,960,961,963,964","776,780,901,902,946,953,956,957,960,961,963,964,966,981,984,1010,1016,1017,1088",847,"341,947","341,947","137,142,309,366,748,762",793,147
YMR198W,"79,195,274,321,462",,"90,93","79,164,246,247,252,255",511,,,"348,349,461,462,576","321,576",300,"2,3,16,17","51,54,448,453","40,500,506,589",,"290,447",,"203,216,319,320,321,462","8,255,523","195,203,356,576"
YMR199W,7,,"15,514","54,380",208,,,111,,,"2,137,138,222,223,459","385,386,405,406,408,410,411,413,414,416,417,419","235,237,238,241,244,250,532,533,535",,208,,,"54,458","274,276,281"
YMR200W,,,"38,204,205,226","204,205",,,,,,,"103,107,113,139","187,196,197",,,,,,,
YMR202W,"80,220,221",,,214,40,,,"80,162",,,,,,,,,,,
YMR203W,,,"25,190","68,323,331",326,,,,190,,"149,349","93,103,337","2,5,20,23,27",,326,326,240,,
YMR205C,"76,83,248,641,815",958,"144,180,190,415,464,825","66,69,83,529,536,539,548,551,825",,,,"69,83,539,825,874,880",180,"436,484,493,649","9,39,46,52,98,822","36,82,84,142,143,181,184,716,820,821","41,510,511,514,516","172,177,623,928","271,341",760,180,144,"83,197,880"
YMR206W,"305,310",,"54,55,60","161,305,310",,,50,"161,305",309,,"68,119","190,250,251,252,258","46,49,51,70,73,75,77",,,,154,99,
YMR207C,"6,112,369,387,392,446,531,535,746,891,893,1224,1230,1427,2047,2099",1773,"932,1349,1377,1386,1680,1793","169,361,364,369,387,693,786,794,876,891,932,951,952,954,1032,1035,1075,1136,1139,1141,1205,1230,1305,1332,1386,1556,1963,2037,2045","84,906,981",,366,"167,169,392,514,518,932,1136,1224,1359,1420,1935,2002","169,361,507,518,1647",190,"141,144,237,474,566,1342,1429,2042","114,115,116,121,261,263,624,1064,1067,1652,1655,1794","620,624,626,1060,1064,1112,1124,1208,1378,1380","847,1860","84,158,372,375,502,581,590,906","157,158,372,375","186,596,693,786,787,1141,1224,1343,1556,1562,2002","364,392,438,629,1224,1359,1729","6,297,361,364,455,535,629,786,787,1349,1556"
YMR209C,"123,129,179,382",,"63,74,348","129,132,179,181,326,397",,,,"42,129,132,326,348",146,"98,409,414",71,"73,254",,220,,173,247,,"63,129,326"
YMR210W,91,,"35,314,341","306,311,314,315","410,439",,,347,,133,,272,"135,138,272,273,277,327","134,136,137,280,339,340",410,"410,439",,"25,150",
YMR212C,"201,280,431,645,777",,"52,399,551,659","49,52,59,350,395,547,550,551,664,683",436,,,"15,59,201,550,551,653",,60,"177,256,264,688","650,655,660,734,735,737,740","55,276,577,679,681","56,502,596","287,362,436",,"15,59,350,395,518",518,"32,201,350,518,751"
YMR213W,"149,202,305,308","4,8","35,43,294,313,454","238,239,240,247,251,259,262,263,267,268,270,308,312,313,314,318,321,500,516,526",,,"2,3,5","240,247,296,305",293,"235,406","57,61","310,328,330,489","108,111,209,300,342,385","398,564",,,"180,201,308","296,444,454",149
YMR214W,"19,328,353",,"205,210,211,214","33,353",167,"27,28,33,59,60,61","57,80,83",217,61,"115,170,266",,,,51,,,298,"301,353","59,61,298,353"
YMR215W,172,,"13,129,328,336,389,420",328,,,,"7,172,408",,,"180,248,329,363,364,383,386,401,483","20,331,334,335,338,362,366,369,392,437,439,440,441,443,444,445,447,452,456,468,470,471","18,39,40,46,48,52,440,449,452","119,346",205,,"172,408",,
YMR216C,"57,59,149,154",331,"91,373","91,94,96,154,673,677",555,,730,59,677,,"74,180,181,532","66,67,71,76,81,82,83,85,362,366,396,397,398","89,338,342,343,572","144,153,557",555,,"50,51,673","149,154",68
YMR217W,"117,141,418","103,522","55,150,302,436,437,455","108,117,150,293,302,303,328,371,436",43,,,"295,371,418,426,437","127,150,437",,130,"158,231,240",,431,161,,"270,271,436,437",,"55,117,190,381,418"
YMR218C,"248,279,378,658,662,749,850",,"90,388,850,927","185,419,518,523,662,749,759,856,900,909,918",868,,,"378,607,658,748,749,902,909,942",759,,"342,558,924,1019","178,256,257,259,754","67,583,805,920","813,905",957,957,,"235,352,654,658,749","378,658,662,850"
YMR219W,"5,14,16,558,742,743,1363,1368",1656,"139,332,617,879,905,966,1205,1475","14,139,338,774,920,921,925,1108",,,,"451,743,1061,1368","451,921",,"267,270,362,487,498,574,641,642,664,799,803,809,828,831,992,1083,1084,1086,1193,1196,1235,1236,1324,1330,1514","2,63,150,317,321,520,636,1208,1209,1513","2,18,67,69,70,80,213,219,223,224,226,231,245,301,351,380,405,406,408,410,412,420,433,435,532,583,708,783,865,866,911,937,940,956,1006,1176,1178,1397,1403,1527,1528,1574,1590,1591","210,249,1017,1025,1300",756,756,"57,451,742,743,1363","427,429,432,458,678,1564",
YMR221C,"268,278,281,282,293",,293,,,,,278,,,"183,443","2,3,4",262,,,,,282,
YMR223W,"22,315",,399,"181,261,269",,,,"37,39,315",,,"32,42,70,295,340,370,443","200,204,205,206,207,208,209,210","165,167,171,178",,"4,49,185",49,,,"22,261"
YMR224C,"62,151,157,190,477,514,521","396,399","65,66,157,159,420,597,598,599,654,656,679,689","157,159,167,345,347,456,477,480",85,,,"157,159,171,307,689",159,,"113,215,424,570","294,578,582,583,685","500,525,529,558,560,564,637,680,685",,,79,"66,167,477,514",159,"65,472,473"
YMR225C,"8,51,61,63,64",,"51,53","63,64",,,,"53,57,63","63,64",,,,,,,,"18,21",,
YMR226C,218,,190,"52,58,184,190",,,,"13,14,218,222",,,"127,133",,,"168,221",,,218,,"58,218,222"
YMR227C,"68,257,298,301,313,472","3,272","33,40,86,472","31,51,53,59,61,62,66,72,73,79,80,184,257,460,462,465,472,480,481,484",,344,,"31,33,252,465,472",472,,174,,"101,104,383,388,429,431",99,,,,"330,343,344","257,262"
YMR229C,"114,220,229,230,234,287,322,742,743,769,793,964,1215,1218,1219,1222,1562,1565,1571","2,562","91,229,230,232,234,307,322,323,325,356,403,561,563,604,606,609,686,899,901,903,906,907,938,945,946,951,961,964,971,974,1152,1153,1175,1254,1257,1263,1318,1328,1329,1581,1712,1714","86,114,197,229,495,555,557,609,769,777,778,793,854,857,863,866,901,903,938,995,1190,1254,1263,1328,1439,1571,1576,1581,1610,1666,1668,1669,1670,1682",261,1575,,"220,325,381,563,769,857,946,1219,1323,1328,1329,1571","769,1153,1257,1302","40,548,738","118,147,221,304,366,398,473,765,841,1011,1012,1038,1041,1081,1289,1473","20,21,25,26,27,28,222,223,969,973,976,981,1083,1146,1157,1162,1397,1398,1504","25,44,60,168,178,374,748,861,876,1031,1040,1043,1170,1197,1376,1378,1380,1423,1724","185,447,449","261,390,395,1234",438,"325,774,807,1631","555,557,774,777,863,866,974","580,857,887,961,964,974,1097,1208,1263,1273,1571"
YMR230W,"10,24,25,31,38,52,56",,56,"24,25,31",,"52,56",,"10,25",,,,,,,,,"31,38,52",31,"24,25,38"
YMR231W,"219,387,388,520,803",,"528,770,905","108,395,396,400,553,971",801,,,"309,388,556",421,1019,"126,127,203,208,333,633,741,742,749,925","557,737,740,883","118,378,959","171,406,736","226,566,801","226,801","387,388",770,"400,425,860"
YMR232W,"149,151,182,192,230",671,"43,80,140,452,619,636","58,59,63,140,149,182,188,192,368,441,448,534,536,538,545,554,614,615,619",,,,"447,448,536,538,555",555,,"16,339,369,372,407,623,627",410,"20,84,88,100,106,280,304,312,314,341,625,629",83,,643,"26,182,188,192,536,538","538,562","201,205,324,447,452,499,619"
YMR233W,"68,171,191",,"30,107,108,110","107,123,132,161,171,191",,,,"123,191",84,,"218,223",142,"136,209,220,225",,,,,"171,215",132
YMR235C,"21,24,158",,"24,32,167",253,65,,,172,,,"114,187",,"244,360",,,,"208,259","24,32",21
YMR236W,155,,,147,,,,,,,,,"13,24,25",77,,,11,111,
YMR237W,363,,,"293,596",,,,128,294,,"716,719,724","43,46,47,48,49,50,51,52,56,259,391","331,332,629",254,610,610,111,"11,363",
YMR238W,"258,264",,264,"264,318,326",,,,,,,"63,112,182,205,209,219,244,247,391",,,,328,,,,"264,406"
YMR240C,"53,131,167,191,245,419","44,434","53,341,347","48,50,58,61,64,201,202,226,245,246",,,,"64,253","202,226",,,414,"104,112,114,133",432,"165,265",,"58,61,64,179,180,245",58,"179,180,245"
YMR241W,"61,164,259,262",311,262,"173,202,206,212,245",,,,"173,262,313","164,165",66,"30,53,254","19,141,145,147,154,306,309","145,147",,134,134,"173,271",,"173,212,271,313"
YMR242C,"5,71,73,149",,"136,141","53,146",,,,"5,73","47,50",,,"16,18",,107,,,"5,23,92,141,146,166",161,"141,146"
YMR243C,"67,353",,,67,,,,,,,"205,327","298,300,301,422,423","183,184,188",419,,,,,
YMR246W,"198,633,683",,"27,72,81,186,198,219,588,674,683","72,76,81,83,186,192,219,505,551,555,625,626,633",403,,,"541,545","227,229,248,249,251,496",,,"273,276",,,"403,510",,"541,590,683",27,"186,251,541,633"
YMR251W-A,,,"10,23",,,,,,,,,,,,,,,,
YMR253C,,5,,139,,,,305,,335,"13,14,24,53","32,33,34,36,42","15,20,33,34,36,38,42,44,295,393",64,,,139,7,"62,390"
YMR255W,123,,46,"77,123",,,,,,,39,"90,92,99,103,106,122,126","92,106",,,,,,
YMR256C,,,,17,,,,,,,,,,,,,,,10
YMR258C,"51,77,81,266,359",,"160,161,266","249,266,343,372,377,381,459,465",,160,,"249,266",,,340,,,,,417,59,,51
YMR259C,"85,86,245,318,451,939",,"318,341,740,742,1170,1250,1309","85,86,97,318,397,400,451,456,461,678,871","306,384,584,650,804,1311",,,"140,400,666,678,742,1149,1344,1347",961,,"228,439,579,842,884,926,1164,1165,1261,1263",1155,"1153,1156","259,310","306,635","74,650,1032","318,408,456,468","468,1170",
YMR260C,"23,56",,104,"7,10,11,16,23,104",51,,,,104,,"17,116",6,39,"28,35",51,51,56,"23,29",
YMR261C,"217,287,310",,"203,281,327,367,389,427,707","427,789,878",,,,,1010,,"108,323,553,638,677,855","51,52,53,55,56,85,140,163,164,171,199,916,957,960,962,965,968,970,972,973,974,975","51,52,53,55,58,128,140,148,150,159,164,191,192,193,195,204,265,267,732,970,972,973,974,975",1026,,680,"287,296,337,340,367,878","367,983","217,393,427"
YMR263W,,5,,146,,,,,,,"28,126",136,,,,,,,
YMR264W,"191,196",,196,"169,177,186,191,196",,,116,,,,165,,35,,,,,,169
YMR265C,"114,178,180,211,234",,"123,223,319,328",,,,,,,,"252,332,333","63,335,337","28,107","190,191,306,311",458,"29,31,277,458","10,380",429,262
YMR266W,"214,259,309,314,715",953,"258,309,513,703,715,719,725,728","259,261,262,300,301,309,314,715,719,725,727,728",,,,"214,220",214,,"2,5,8,17,414,622,896,902","18,470,711,884","57,271,273,330,713,730","141,429,476",,,"84,214,220,258,513,715,727,728","309,727","65,66,309,715,719"
YMR267W,"42,49,89,235,251,264",310,"20,109,264,274","264,274",145,,130,"89,235",,,250,10,"10,15",50,145,,89,,42
YMR269W,24,,"98,112,159","36,112,139,149,150,158,174,176,195,197",,13,42,,,,"69,70","83,86,90,120,121",,6,,,103,103,
YMR270C,"261,303",,"90,293,306","75,192,195,288,293,303,306,313",,,,195,306,,"92,120","25,28,29,30,31,316,326",349,,238,,154,,195
YMR271C,215,,,99,,,,,,,43,174,"2,4,5,6,7",,"22,89,161",,223,113,
YMR273C,"17,263,405,464,580,810,867",,"45,121,123,132,140,147,148,263,270,272,287,662,665","17,131,132,140,272,577,662,665,810,817,818",,,,"123,542,821",,"220,224,365","3,6,95,96,120,213,214,217,353,424,467,563,564,893","71,72,76,78,567,568,569,572,704,706","51,54,136,138,180,223,235,236,240,242,307,356,362,366,385,413,422,426,427,430,660,663,691,693,695,712",325,,,132,"66,123,390,398,405,412",
YMR275C,"13,689,707,779,955",,"13,15,260,319,321,323,327,475,612,614,616,653,662,664,667,842,843,885","319,467,707,789,843,849,908","395,431",,"406,407",612,"707,708,712",,"164,165,235,295,367,368,450,454,615,618,624,630,866","26,29,111,469,530,597,878,881,882,883,884,938,970","54,56,58,91,92,94,106,111,174,175,179,182,184,191,193,194,195,196,197,258,443,447,452,456,542,546,549,551,857","574,798","395,431",942,"419,424,664,667","15,271,811,955","279,779,789"
YMR276W,"49,52",373,,"33,49",,,,"33,49,52",,43,"86,87,251","47,79,81,248",281,,,,,"49,52","28,52"
YMR277W,"259,394,397,589","247,249",563,307,,,,"446,563,589",,6,,"550,692,696,701","47,59,63,66,70,374,377,655,657,718,720",,,,"307,449",,"307,563"
YMR280C,"259,351,366,380,728,729",,"488,1238","110,137,256,259,333,342,351,372,631,634,635,637,638,728,729,770,771,906,1005,1210",612,,,"728,729,916,917","256,259,478,906",,"3,4,5,31,171,181,357,444,445,454,513,706,766,813,832,1020,1025,1052,1055,1164,1165,1168,1186,1227,1260,1290,1354,1422","18,53,55,57,61,145,147,151,152,153,156,235,329,1223,1224,1226,1228,1229,1307,1308,1341,1345","203,262,329,330,347,437,626,647,773,779,795,796,801,802,803,804,941,943,946,1302,1308,1349,1352",481,"97,612",844,"351,729,1209,1210","259,480,906,957,1127","335,351"
YMR282C,"20,28,358,401,424,425,437,462,463,478",,"218,302,311,312,491","89,93,184,311,312,498,501,531",198,,,"184,312,424,425",93,,"38,83","24,26,127,289","24,26,29,236,427,428,565",,,537,"89,184,311,312,491",,89
YMR283C,"54,192,195,202,362,410",2,"132,133,195,353,365,404,411,414","92,133,185,195,410,494",,,71,"133,195,202,203,488,494",353,,,,334,168,146,80,"183,195","353,369","195,202,203"
YMR284W,"109,246,251,315,500",4,"330,333,410,411,557","161,246,251,317,413,471,557",,,,"333,422",393,,"104,343,584",,"11,46,47,164,433,435,436,463,527,586","95,303,377",,,"166,251,300,551,557","588,591,592","383,578,579"
YMR285C,"42,43,44,46,47,52,62,329,348,452",,,"30,52,249","87,119,343,460",,,"138,249,250,254",,,"23,188","2,219,221,223,224,226,228","37,51,377","411,415",343,,,,
YMR286W,"20,24,30",,"20,30,37,38","30,37,38",,,,"20,24",,,,,"64,66",,,,"20,24",55,24
YMR287C,"75,132,403,406,548,617,661,763,772,792,793,950","2,3","105,240,623,640","82,267,271,278,279,307,312,317,494,497,501,617,623,640,650,653,661,701,792,793,798,800,895,899",,,,"271,278,279,406,653,693,772,792,793,855,895,896","514,515","62,522","241,244,810,860,884","185,186,628","34,673,676,679,728,731,733",,952,770,"68,271,653,661,772,899","82,91,97,145,855",
YMR288W,"150,158,174,410,454,486,736,771",492,98,"35,98,151,158,463","464,515,624",,716,,151,"227,496,849","9,11,12,268,295,747,867","54,260,297,436","165,167,524","23,292","464,515,624,728","624,728","35,223",72,"150,151,223,771"
YMR290C,"183,389,467,472,494",,"59,467,472,475","183,188,431",345,,,"163,183,467",444,,"113,258,486","3,50,64,66,67,90,93,171,230,488","9,12,14,15","415,437","40,271,345","40,345",444,"48,389,494","188,191,467"
YMR291W,"72,197,561",,"231,236,343,352,481","71,480","136,500",,,"37,343,346",,,"49,368,467","357,358,363,379,380,381,383,386,507,509,513,516,518","379,380,381,383,386,389,443,447,449,451,452,518,543,570,578,583",,,,,,"182,231,343,346"
YMR293C,"37,38,82,85,326,395",,41,"4,38,41,52",160,,,"37,38,41,85,353",,,296,"35,62,63,66,163,216","6,10,399,410",,"47,160",64,8,,"236,326,332,353,356"
YMR294W,"102,250",3,"149,150,178","174,178,182,250,251,259,265,298,333,340",,,,"174,203,208,251",,,"80,117",,"91,98",,84,,,114,"174,250,274,340,341"
YMR295C,,,,,82,,,,32,,,"8,11","39,41,71,130",,,,,,
YMR296C,"85,169,173,279,558",,"169,173,398","276,279,415,418",553,,,"120,169,173,401",490,,,"11,124,134,136",429,453,"462,542,553","552,553","173,474",480,
YMR297W,"71,72",,,"61,63,69,71,72,79",353,,,"71,72",,,"104,176,178,257,259,459",,388,386,,315,"72,97,476",,
YMR298W,"82,86",,86,,,,,11,,,,"2,5",,,75,,,,
YMR299C,,,275,"275,284",233,,,231,,,"14,19,73,178",,"277,278","74,202","210,233",,,,275
YMR300C,"224,383",,"229,390,396","288,295","24,319,438,452,453",,,"333,368,383","229,295,298,367,368",43,"221,239,426,492","80,84","96,128,130,132",478,"24,40,315,453","24,40,453",383,"460,497",420
YMR302C,"27,52,135,320,415,813,818,821,840,846",,"152,320,636,821,830,840","152,418,460,467,491,605,607,636,802,803,809,813,818,821","18,413",,,"135,729,809,813",783,21,"10,102,284,379,380,832,835,847","198,199,342,584","186,626,628,632","124,599,601,602,774","413,841","18,413","135,415,491,604,605,607,783,802,803,821","129,334,504,636,733,840","393,467,576,792,813,821"
YMR303C,"18,22,315",64,"22,319",161,,,62,,"18,192",,"95,245,263",,213,,"44,277",,"81,84,224,226,315,319,332,335",,"18,164"
YMR304W,"320,508,652,778,927,1069,1072,1127,1157,1163",,"434,1169","324,430,434,622,628,637,732,739,759,778,885,976,1051,1072,1157",,,,"324,434,435,628,732,1055,1163",628,,"174,245,612,658,673,770",,"2,22,25,305,421,1220,1221",533,,,"434,628,652,778,1069,1072,1157","200,649","318,320,324,444,628"
YMR306W,"41,164,173,176,299,309,315,328,496,753,927,1148,1440","119,1784","225,228,264,319,753,830,1432,1450,1611,1614","175,176,253,256,299,309,618,778,830,1450,1452",,,"1047,1050","176,632,1150,1440,1614","164,256",,"844,874,1002,1170,1360,1488,1496,1579,1760,1761","622,674","220,229,370,677,793,1458","608,1137,1716","772,1241",,"176,315,1150",175,"149,267,309,1440"
YMR307W,"167,315","3,537","167,171,292,306,315,392,445,480,512","171,315,504,505","194,212,399",,235,61,,,"17,18,35,73,127,142,143,146,261,298,299,387","311,314,316,318,320,321,322,471,472,494,495,496,498,502,503","219,308,310,318,321,436",222,399,,218,,292
YMR308C,"83,1002",,"32,840,973","215,548,554,1058,1059",398,,,"77,108,1059",,608,"9,90,801,839,960,966,1018,1019,1028","284,841","337,1020",,"300,610,785",,,,"77,527"
YMR309C,"118,470,796",,"187,189,470,641,650","116,199,204,267,268,470,650,786,796,799,802",,,,"189,650",514,,"179,180,196,309,591,594,595",197,"17,18,24,25,26,33,34,35,36,93,94,98,99,103,222,589,592,597","11,96",,,500,"76,77,641,643",786
YMR310C,110,,"70,71,187","8,9,12,162,187",,,,,225,,"34,53","135,180,183","15,17,21","195,233",,"32,295",,164,
YMR311C,215,91,37,"45,208",,,,,,,,,"12,118,158,184,224,225",,,,,"55,215",45
YMR312W,"132,225",4,,97,239,,,225,,240,249,,,,"178,239",,269,132,
YMR313C,"72,133,275,319",,398,"154,158,542","142,363,378",,,542,,,"182,183,506,522","364,564","473,476,477,478,480,486,590,592,594",,142,248,"317,631",445,
YMR314W,"61,115",,,191,,,,"115,118",,18,"93,152,210",35,,,113,113,169,65,232
YMR315W,"139,164,335,339",209,"56,91,94,100,228,245,254,266,271,273,313","42,48,271,273",,,,"228,266,313",114,,"154,255",,277,316,,,"42,48,100","94,173",48
YMR316W,98,,,"10,17,231",,,,,,,"153,158","31,166,169",78,,,92,,"23,30",
YMR318C,"29,86,356",87,"19,76,80,312",29,114,,112,"76,80,181,182,342",267,,,"120,325",99,"125,129,135,138",114,,"317,320",39,"73,76,116"
YMR319C,73,547,,"80,267,268,417",437,,15,,,,"60,62,418","220,256","48,50,53,54,166,172,174,175",453,"157,183",,,,"73,85"
YNL001W,"64,66,68,187,200,201",,"13,200,271,348","44,45,46,50,56,57,58,64,66,68,139,176,183,187,190,193,200,201,271",370,,,"2,7,8,193,200,201","183,187,190,193",,,,,83,"134,155",134,"77,82,84,187,190,200","77,167","82,84,190,193"
YNL002C,217,,"54,97,178,188,210","87,210",246,,,"178,181",,,88,"2,4,298,302","278,302,306",,,246,181,198,"181,217"
YNL003C,45,,35,"82,143",,,,,,,"128,221","209,223,229",126,,,"107,109",,,
YNL004W,"320,363","22,100","312,334,336","50,266",444,,85,,363,"65,136","158,161,167",125,"2,8,133,149,343,355","139,159,321",,,154,412,
YNL005C,"70,103,185,302",,150,"50,142,155,160,178,206,239,246,288,296,298,302,306,339,342",,"50,70",,"105,175,178,298,326",40,67,"27,255","37,38,42,58,59,69",,96,,309,"40,142,178,185,223","223,326","70,342"
YNL006W,220,"298,303",45,,225,,,,,,"77,190","2,98,216,217",,,,,,241,"44,45"
YNL007C,"214,234,247",2,"230,331,333","37,198,202,206",,"24,28,32,37,60","58,81,84,94","230,234,331,333",6,,,,"169,171,172,173,175",,,,333,,60
YNL008C,"453,456,461,487","438,676","25,348,349,354,456","348,349,354,440,453,465",,,638,"631,668",,,"24,34,46,66,111,539","54,430","44,110,112,498,500,510",,,"645,663","348,349","38,348,461,465,598,602","426,457,461,465"
YNL010W,"68,72,73,150,196,199,206",,159,"36,72,73,106,150,158,159,160,166,196,199,206,207","190,205",,,"160,196,199,206,207",207,,,,,,205,205,"36,46,141,196,199","141,160","141,188,207"
YNL014W,"142,295,786,789,1013","320,417","112,115,520,551","61,63,204,295,409,520,660,662,789,967,1013","274,632,691",,,"204,315,622,1013","786,789,807",895,"447,624,958","22,23,25,94,191,192,193,260,1016","2,802,1015,1039,1040","613,1037",910,"216,731,910","204,289,295,401,448,660,662,786,789","789,825,990,991","204,789,967,970"
YNL015W,"19,20",,,"10,11,19,20",,,,"10,11,20",,,,74,,,,,,,54
YNL016W,382,,,,,,,,,,,,24,,"378,379","378,379",,113,
YNL020C,"272,625",,"258,384,474,475,489,490,495,603,605,606","551,555,586,591,596",304,,,518,,,"49,100,204,266,320,348,358,441,442,567","497,499,500,501,502","211,443,476,478,481,483,484,569,572","196,375",304,,"518,555,596",63,"518,525"
YNL021W,625,,"39,160","26,230","61,440",,,"230,426","19,21,39,160,186,363,628",,"167,168,250,296,298,447,495,651,652,660",335,"34,36,54","53,165","61,178",61,"7,8,156,230","7,8,50,327",230
YNL022C,"67,99,101,220",437,"256,434","63,66,67,76,80,127,220,378","232,250,404","397,398",,"80,223,281,311,317,319",,,"272,273,301",,,,"232,404",,369,"369,434","107,178,183,281,311,317"
YNL023C,802,,"122,136,244,245,248,274,358,361,649,802","265,268,560,563,605,649,656,802,822,825,836,848","297,371,519",,"130,140,213,227,348,350,359,368,405,461,479,483,513,546,547,555,582,620,622,630,633","190,202,825",557,,"23,155,253,463,694,695","351,354,537,800","46,308,428,432,537,540,544,627,789,951,958,965","52,53,778",306,"306,399","274,343",690,"274,818"
YNL025C,,,246,57,,,,,,,"213,263","54,249",,"77,79",,33,,,
YNL026W,,,312,"66,145,149,150,153","292,430",,,"73,309",,,"342,424,429,458",441,"306,344,345,348",140,"76,252,292,430",292,402,,
YNL030W,"6,9,13,17,21,32,45,92",44,,"6,32,78,80,92",,"17,32,45,92",33,"9,32","13,17,21,32,78,92","4,56",,"2,31,48","2,31,48,81,83,84",89,,,"32,80,92","6,9,13,17,21,32,78,80,92","21,32,80,92"
YNL031C,"5,10,15,19,24,28,37,38,43,57,65,80,123","36,47",,"5,10,15,19,24,28,43,57,80",,"15,19,24,37,38,43,57,65,80,122,123",44,57,"5,10,15,19,24,28,37,57,65,80","9,18,41",,"4,7,11,12,29,32,33,46,58,81","4,7,11,12,29,32,33,58,59,81",42,,,"15,24,57,65,80","5,15,19,24,57,80","5,10,15,19,24,28,37,38,43,57,65,80"
YNL032W,"174,268,273",,,"7,39",,,,174,,,121,,,"92,262","214,223",,76,,"268,273"
YNL035C,,,,"63,378",,,,,,,,,,,,"265,269","205,277",229,"323,338"
YNL036W,,,217,,,,,174,,,133,219,,,,,,,
YNL037C,"82,89,182,183,194,199",,"82,187","23,24,89,125,187",,,,89,,,229,"5,10,13","32,103","75,115",,,"183,199,324",,"8,187"
YNL039W,"7,187,190,197,215,322,329,501,568",,"169,172,173,215,251,257,258","7,251,253,257,258,322,385,452,455,457,568",,203,,"169,490",,413,"6,110,157,273","2,3,136,159,180,250,421","26,28,33,164,165,167,178,180,211,586",,,,30,"114,187,365,457,556","394,396"
YNL041C,"46,482,636,816",,"119,125,135,145,554","166,169,175,209,271,478,482,534,547,631,636",,,,,,,"28,56,57,112,136,151,152,245,248,296,419,477","128,131,133,213","17,82,106,110,114,128,230,238,239,244","116,190,561",662,,"219,534,816","219,346","184,314,482,487"
YNL042W,"133,136,236,385,391",174,"199,212,220,385,391",345,,,,,,,"22,35,70,114,115,328,394","6,8,13,17,81,160,161,209,327","102,103,131,134,144,153,170,172,180,209,211,213,216,223,299,301,321,323,372,373,374,384,388",,,,385,"136,199,220,221",391
YNL044W,23,176,,32,,,,50,,,16,,18,,,,"46,47,50","23,50",47
YNL046W,6,4,,"24,27",,,,45,,,63,"5,8,19,75,76,80",,54,,,,,
YNL047C,"283,295,432,504,505,562,564",,"263,288,396,574,576,578","285,288,295,300,310,317,325,396,564",,,,"306,310,460",295,,"94,313,417,580,582,617,622,631","47,50,98,101","85,95,96,98,101,315,555,583,584,586,588,649,653","18,34","298,497",,,"432,484",
YNL049C,"124,377,385,392,412",,"120,124,133,392,397,643,787","120,124,356,364,365,377,385,643,644",539,385,,644,"643,644",,"486,491,533,621,738","95,97,402,543,686,851",308,289,"660,860",860,"435,643",,618
YNL050C,266,,,"5,10,188",,,,"5,10,252,260",,,,,"56,65,100,101,102",23,179,,,73,
YNL051W,"310,339,346,360",,187,"218,220,326,374",,,,"345,346","181,345,346",354,"35,36,37,84,99,252,298,301,309","156,157,158,159,254,256,257,303,305","150,195,322,325,329,331",320,,213,,,346
YNL052W,97,150,139,"122,126",,,,,,"3,8",,"7,148,152",,,,,"126,131",89,137
YNL053W,313,,"110,348,350","155,157,160,162,348,350",80,,"82,88,90,91","7,296,350",348,,"33,111,418,424","89,92,94,98,117,120,122,123,124,126,139,197,307,399,400,401,402,404,406,407,409","12,14,22,25,62,89,98,113,115,117,120,151,153,168,170,172,177,178,430,434,468",103,,,296,"19,249",
YNL054W,"338,502,503,596,674,1047,1053,1071",,"150,170,171,172,206,274,276,338,395,502,503,592,596,605,716,1053,1071,1140","274,276,502,592,596,665,1046,1047,1053,1116,1121,1150",,,,502,,,"27,61,216,217,281,456,521,522,647,809,846,847,1100","177,182,183,200,201,202,205,218,282,612,613,614,615,616,670,671,673,814","46,122,406,415,418,420,435,443,445,448,576,593,640,644,646,648,649,653,654,659,1074,1077",,623,,"674,715,716,1047,1053","248,274,558,715,716,1053,1150","274,276"
YNL054W-B,"45,307,491,748,752,1220,1265,1435,1442,1447,1489,1626,1631,1733,1738",,"45,186,289,379,381,396,559,568,569,615,995,996,1434,1435,1441,1442,1447","45,652,814,1220,1243,1259,1265,1270,1275,1434,1435,1441,1442,1447,1481,1489,1594,1674,1688,1694,1703,1733","758,1639",,178,"254,515,752,1243,1435,1441,1442,1500,1670,1674",1674,,"278,333,369,376,408,445,448,575,616,617,623,743,775,1068,1154,1179,1658,1659","7,38,47,48,52,318,577,760,761,950,987,994,1033,1061,1063,1163,1168,1171,1682,1732","3,10,13,16,23,71,74,77,79,157,356,411,418,420,421,422,809,936,954,956,958,959,987,998,999,1000,1045,1047,1049,1141,1175,1181,1197,1502","1048,1266,1267","18,540,758,788,1639",758,"207,368,379,381,568,569,1434","1184,1351,1499,1500","289,430,491,568,569,748,752,817,1172,1257,1442,1447,1674"
YNL055C,40,,"40,205,234,236","50,61",,,,236,,,113,"33,72,261,262",,6,,130,"19,46,50",,
YNL056W,"104,106",,,,,,,,,,29,,"181,185,187,189,192",96,,,,,
YNL058C,,,44,,,,,,,,"90,130,134,274","22,23,24,25,26,31,35,36,39,50,51,52,55,56,57,72,285,287,288,290,291,292","143,144,145,148,166,180,256,266,276,277",,,,133,217,
YNL059C,"210,344,362,681,746",,,"361,362,372,373,448,726,731,732,751",251,,,751,,,"78,84,107,109,181,697,701","2,9,98","24,32,661",363,189,,"361,681,686","343,344,509","676,681,732"
YNL061W,"453,500,510",,"443,562,599","25,50,57,58,61,510,519,605","424,478",,,"380,384,500",510,"224,230","196,379","216,288,435,458",383,362,"372,424",,"151,152,570,599","61,495,500","432,596,599"
YNL062C,"75,77,82,283,322,332,333,467,474",,"28,160,171","91,160,322,329,474,475,477",,,,"77,267",,,"30,170,286,458",,"65,66,72,87","174,179",,,"28,155,322","23,28,322,329","155,467"
YNL063W,206,,"11,151","151,156,158,202,273",78,,,"58,253",,,"101,102,134","203,204","5,6,7",,78,,"151,206,253,281",,
YNL064C,"28,46,117,139,144,168,214,225,233,314,320","2,220","152,202,363","24,28,32,139,157,233,314",370,"28,32,37,62,129,225",84,364,,"149,387",381,,"386,394",392,29,370,"225,233,309","114,117,214","214,233,330"
YNL066W,218,395,"38,68,72",,,,2,393,,,373,"110,117","71,75,76,79,80,86,88,93,95,96,97",,217,217,218,,
YNL067W,"47,54,89,106,184",,"21,63,110,121,122","122,170,174",,26,,"26,110",,,,,,180,,,"36,39,84,87,106",21,"21,36,54,106,174"
YNL068C,"427,550",433,"79,238,316,435,856","122,686,846",,396,"341,342",,,547,"517,608,609,811","15,17,283,286,287,289,534,665,791","229,230,387,393,611,613,708,712,717,799,832,833",677,601,,"381,795,805","117,805,828","396,846"
YNL069C,"11,24,81,102",,"31,169,170,176","50,65,154,160,170",,81,"108,109,110",11,147,"67,73,77,100","41,64",141,,167,,,"11,24,169,170",,"11,31,102,147"
YNL071W,"113,147,214,217,365",,"104,113,132,136,164,181,187,192,214,217,282,287,290,304","113,136,163,164,192,214,313,320,379,385,462",362,,,"113,164,304,340,375,462",,,296,"18,20,30,165,190,216,219,220,222,223","127,129,131,133,134",211,,,"113,120,123,205,214,217,320,462","123,156,164,192,205,214","120,205,340"
YNL072W,"89,166,180,181,230,266",294,"16,224,230,260",260,,,,,,,232,"15,88","5,9,12,20,24",,,,89,"118,266",76
YNL073W,"51,257,296,412,417,477","3,541","116,163,402,408,412","108,210,212,287,378,387,402,408,416,417,486",,,,"239,416,417,486",412,244,"124,131,153,222,517",37,"30,521,523","29,56,57,166,528,530",,"556,569","51,168",535,"287,378,416,417"
YNL074C,"252,263",,"72,285,435","429,435,436,437",,,,437,,,"7,9,10,206,207","36,38,40,41,61,63,87,88,90,92,94,95,96,97,173,246,247,271,272,273,274,276,277,278,280,286,287,375,392,393,394,411","74,78,79,87,90,92,94,95,96,97,98,121,125,160,180,201,293,297,306,320,350,351,353,431","227,229,295",,,437,,
YNL075W,"44,132,133,207",,"33,108","16,40,44,108,216",,,,"40,44,133",,227,181,"91,92,93,97,101",,77,204,,133,40,44
YNL076W,"15,176,431,532",,"97,208,255,284,286,348,368,431","207,284,334,339,348",,,,"18,64,68,208,339",542,,"56,143,145,148,232","116,117,146,162,164,165,166,167,171,346,399,401,404,405","128,235,237,238,239,241,247,250,251,264,290,291,453,518,546,548",,,,"18,181",255,334
YNL077W,"45,47,180,184,188,272,275,363,366,421,430",,"23,366,420,512","59,188,194,224,304,339,390,420,430","52,223","23,32,37",,"47,188,257,259,275,421,430","363,420","64,175","4,12,120,128,135,139,140,150,201,505,506","127,241",,528,185,265,47,433,59
YNL078W,292,,"64,146,151,256,292,308",,,,,154,,244,"95,97,220,280,356","144,145,229,236,260,268,283,285,286,288,302","74,99,123,125,127,141,145,150,170,254,396,400,403,404",,,,,,
YNL079C,"12,21",,12,12,,,,,,,121,,"112,117",22,,,153,"12,181",153
YNL081C,129,"2,3",17,29,,,,"23,29",84,,,"30,31",,,,139,"23,29",,"23,29"
YNL082W,"83,134,240,259,297,380,618,673,825,869",,"473,587,591,724","83,141,196,287,468,473,500,618,628,690",,,,"199,263,380,638",,,"414,424,435,438,485,486,489,494,614,838","204,216,217,471,774,775","403,405,408,415,416,462,463,464,466,471,474,476,555,556,558,566,580,590,639,722","125,568,594,871","104,298",,"380,668,672,756","263,377,380,468,473,649,756,768","80,83,506,673"
YNL084C,"3,10,11,117,121,167",,"157,161,167,172,271,300,306","20,104,107,167,221,222,236,273,296,297,300",,,,"161,273",273,,"79,164",230,"315,317","138,274",141,,"296,297","296,297,337","157,161,167"
YNL085W,"4,356,357,454,458,488,736,815",,392,"357,388,392,396,458,807",,,,"244,458","466,589,602",,"25,26,116,162,306,535","121,123,167,364,365,367,368,369,371,374,375,377","121,123,640,643,646",,,,"4,244,454,815","309,516,523","232,454,458,464,602,807"
YNL086W,75,,,75,,,,,,,,,,64,,,,,
YNL087W,"28,32,258,421,539,540,588,593,626,670,945,954,955,1028,1126,1157,1164,1165","58,63","28,32,160,271,412,416,418,421,457,458,531,558,593,670,676,764,887,986,990,1068,1155,1157,1164","32,229,383,385,399,421,457,458,531,676,747,790,919,923,954,1027,1164,1165",929,,,"52,421,588,658,1028,1157,1164,1165",,,"4,429,699,813,1035,1063",678,"991,1023,1062,1065",571,260,"878,929","229,505,670,747,1022,1115","38,421,479,558,1115","28,38,398,487,531,790"
YNL088W,"75,98,111,147,196,200,240,491,586,700,1022,1028,1191,1234,1238,1331","223,1350","196,240,248,256,337,338,367,434,1062,1215,1234,1281,1288,1292,1294,1295,1302,1330,1331,1335,1348","14,23,136,196,200,256,260,261,390,413,414,420,438,508,509,603,644,645,646,651,700,712,713,716,720,789,957,965,1139,1152,1215,1218,1220,1224,1234,1238,1247,1249,1281,1292,1294,1295","149,471",,,"190,428,434,603,957,985,986,1065","393,986,1065,1152",,"53,176,227,1325","567,569,607,608,673,1211,1212,1305","561,567,569,772,989,1086,1087,1094,1099,1205,1387,1388,1405,1408,1423","637,803","443,471",381,"491,700,705,1281","135,136,514,986,1218,1220,1224,1244,1246,1247,1249,1257,1277,1278","75,98,102,200,337,341,367,598,600,700,705"
YNL091W,"202,273,334,335,363,391,400,789",,"202,279,393","223,390,393,400,412,413","443,942",,"2,3","390,391,393,426",363,,"233,238,252,276,905,912,913,1031,1032,1067,1075,1181,1182","206,208,280,283,284,387,389,441,604,801,837,949,950,1004,1009,1012,1026,1077,1078,1079,1216,1219,1220,1236,1237,1240","29,239,240,254,255,264,266,275,530,535,541,781,837,839,959,960,979,981,1077,1078,1079,1214,1219,1220,1224","155,159",,,"279,287,334,393","75,76,119,834","273,287,390,391,424,426"
YNL094W,"54,133,387",,214,201,,,"117,354,469,470,471,472","201,387","200,201,216",,"46,79,248","9,10,11,12,16,17,52,65,100,109,373","157,169,170",532,,,"214,287,387,547","237,246",214
YNL095C,,2,"262,267,426","425,426",,,,,,"315,318","116,194,327,344,385,412","187,196,201,243,245,250,400,418","177,198,201,206,293,294,296,297,300,303,309,310,313,319,321,400,403,404",,341,459,564,229,
YNL096C,"55,56,76,138,148,165",,"76,148","35,76,83,84,151,157,165,175",,,,"138,151,157",,,,"2,3","2,10,30,115,117",,,,"35,44,138,157,165,179","35,56,165","44,55,56,72"
YNL097C,"52,55,56,60",,,"55,56,60,144,148,327,328",39,,280,56,113,,"201,202,204","242,253,255","90,91","188,277",39,39,"55,56","154,273",
YNL098C,"177,180",,"239,286",,,155,41,286,49,48,"4,7,179,233,283,284,306","42,65,202","42,46,152,235,238","39,47,71,115",,"318,319",,,"177,180"
YNL099C,,193,"223,226","223,226,228",118,,,,,198,,,,"8,45",74,"74,118","223,226,228",,
YNL100W,"67,72,187,194",2,"99,194","99,204,218",,,,,,195,"26,85,174",,,,,,204,99,
YNL101W,"150,599,680","2,713","98,178,300","158,294,300,595,599","58,355",,,436,,,"95,117,136,168,207","44,115,118,119,121,122,180,359","34,35,39,44,48,50,51,53,130,135,138,139,165,170,209",,355,,"150,153,294","153,158","592,595"
YNL102W,"43,456,840,842,973,1135,1138",,"13,129,133,162,208,840,842,1126,1135,1403","4,7,10,13,218,223,426,456,1379,1383","495,583,691,697,711,1372",,,"531,729,842,1138,1144,1246",375,"677,1377","363,364,509,524,566,757,818,1059,1061","170,300,303,309,454,457,458,461,528,529,530","88,93,170,206,240,274,284,321,323,328,330,571,1361",209,"495,513,711,1372","953,1372","43,246,375,605,1135,1138,1144,1246,1247,1383,1447","132,196,197,199,553,925,1048,1246,1247","132,133,839,1069,1216"
YNL103W,"581,662,663,668,671",,"324,553,555,556,656","545,606,643,656",,,,643,"668,671",,"262,281,282,304,311,336,337,344","210,436","60,61,62,206,307,320,326,328,447,448,449,451,549,564","212,563,571",,,,"2,581,582,586,587",
YNL104C,"29,347,458,464,567","2,496,575","33,149,178,464","25,40,46,178,382,383,458,464,467","129,301,345",,,"29,40,46,150,188,191,374,419",,62,"72,169,537","37,190,618",37,"407,554","129,301",363,"40,191,401,458,464,567",,"90,97,464"
YNL106C,"91,229,257,692,886,891,893",600,"81,363,414,512,518,520,699,700,758,875,982,1019,1120,1171,1178","269,512,692,699,700,886,891,893,905,943,1019,1093,1161",,,988,"83,414,545,547",,851,"90,105,106,173,751,1132","330,332,336,528,936,1016,1043,1045","35,36,56,135,140,141,143,144,147,148,149,150,199,732,736,845,1000,1007,1014,1031,1032,1053,1054,1081,1082,1083,1142,1144,1146,1148","424,881",37,449,"229,699,886,899","584,875,1120,1140","269,692,699,891"
YNL107W,"7,10",,"25,26,31",,,,,,"26,107,164,205",,"134,177,224",168,"6,11",,182,,60,"26,31,219",219
YNL108C,186,153,,,,,,,53,,"198,230,241",,,,,,81,,
YNL110C,"109,118,175,178,180,187,191,213,219",,"3,7,118,180,181,187","3,7,11,79,81,83,84,118,126,127,191,194,210,213",,105,,213,213,,,,"15,35,61,63",,,,,172,109
YNL111C,,4,,79,,,,,,,94,"85,91,92",55,"7,28",,,,,34
YNL112W,"135,226,255,259,283,303,306,350,370,394,492",,,"362,370",,,,"255,283",,"18,23,26,36,43,49,504,509,512,517,518,532,534",,"13,28,32,50,102,104,164,166,218,237,262,356,417",88,"221,263",,,"226,283,344,350,370",,"69,75,97,255,303,306"
YNL113W,"82,134",,,,89,,,,,,,,15,,,,,"8,9",
YNL115C,609,,"300,575,582,586,587,609","412,415,417,540,609,624",,,495,417,,,"151,204,205,220,225,227,230,338","492,556,557,580,581","242,244,246,251","310,382",,,"412,415,491,582",540,609
YNL116W,,,,"256,323,343,412",,,442,"258,323,406",,,"22,30,172,175,176,224,400","9,17,18,20,21,33,76,77,87,88,90,174,177,179,183,189,386","17,46,479",341,,,,,"343,346"
YNL117W,"64,163,215,218,226,484,492,495,510,512","2,4","163,492,495,510,512,518,545,553","63,163,356,484,503,518,545,553",,,,"52,356,492,503,512","484,492,495,545",,98,"547,549,552","157,161,552",,448,,"10,63,64,356,484,495,503","495,528","10,484,492,495"
YNL118C,"98,201,465,596,604",,"216,451,465,497,498,509,698,701,703,706,821,825,832,877","498,504,825,832,833",,,,"216,825",,469,"11,114,380,582,606,680,684,791,834,868,887,906,929,940","347,414,423,433,607,691,742,743,744,746,747","436,438,597,598,600,601,656,679,682,686,754,889,893,894,924,930,931",221,145,,"178,201","192,242,451","201,825"
YNL119W,"22,263,408",,372,"42,58,117,362",,,,"22,58,352",,,"95,96,112,151,192,193,321,470,473,475","15,18,354,358","195,197,201,479,489",,262,,42,,"398,461"
YNL121C,"103,105,114,120,167,418,545,603",,"95,97,157,424","50,53,57,103,113,120,150,157,213,220,292,300,328,483,536,602,603,610",,,465,"97,103,105,167,603",,,"8,137,377,395,396",69,"166,234",502,450,,"95,97,103,105","162,167,460","103,120,129,157,167,307,343,388,545"
YNL122C,"73,109",,"29,80",106,,,,"80,92",,,"17,44,45",,,,,,109,,
YNL123W,"157,161,164,167,631,649,860,983",,"10,15,30,164,167,169,174,179,515,527,532,860",179,"594,742,900",,,"631,731",,,"58,59,60,506,979",306,"61,235,236,238,636","582,969","385,900,947","140,275,385","9,10,580,631,750","339,532,976","161,860,948"
YNL124W,"114,209",,"134,297,303","201,202,209,264,267,268",,,"370,372",,"8,209,289",,,"40,337","255,285",,,171,"201,202","8,114","8,202"
YNL125C,651,673,"59,158,174","74,170,174,198,629,644,646",,,,174,651,,"110,197,230,471,492","5,33,35,38,46,50,51,53,57,61,63,122,124,125,126,130","115,406,631,635,637","254,633",45,,"626,629",662,198
YNL126W,"240,401,407,427,467,630",,"103,107,240,281","615,616,709,712,810",,,,107,,,"263,371,458,461,534,539,685,686,744","151,159,523","124,130,133,136,144,148,151,152,504,531,535,536","132,162,379",,,"595,602,606,820","396,698","251,427,810"
YNL127W,"306,453",,"23,91,689","23,29,33,35,175,254,333,435,453,602,695,824,865",753,,,435,29,,"25,84,641,787,823,937","39,40,428,479,480,598","16,18,26,27,48,50,109,110,119,258,520,524,543,546,556,795,927,938,939,940","187,843",,"552,753","33,35,256,311,435,771","10,647",23
YNL129W,"43,68,72,78,82,86",154,24,"140,163,210",,,,,,,"134,135",85,,,,14,"78,82","72,213","53,72,78,113"
YNL130C,,,"250,256,263",,,,,17,,,"124,260","246,248,249","253,255",,,,,,
YNL131W,"66,73",2,,,,,,,,61,55,,"44,46",,,,145,8,29
YNL132W,"21,60,425,689,694,703,953,1018,1024,1027,1028,1033",,"109,214,675,680,685,689,694,698,1016,1018,1024,1027,1028","452,685,689,694,698,703,900,1009,1016,1018,1024,1027,1028",122,289,,"62,425,689,984,1016,1033",,"285,287,658","276,434,435,907","252,282,683","469,815,844,1001","415,644",491,"122,491","109,694","352,698,1016","703,779,810"
YNL133C,"134,145,149",,"92,99,145,149,152,157,159,161","19,92,94,99,100,102,111,118,119,157,159,165,166,170",,,,"111,120,152",94,,,"154,155","153,154,155",,,,"94,111",41,
YNL134C,"238,280,283,328","98,374",138,"370,376","65,249,262",,,,,,290,"102,145",,109,,249,"211,348,362","22,280,283","238,239,325,328"
YNL135C,42,"4,68",78,72,,,,,112,,101,,"51,74",87,,,10,,
YNL136W,"43,55,236,341,343,375",2,"68,122,181,401","55,58,63,178,181,236,353,355,359,360,375",,,,,,,"182,235","61,237","200,225,396",,,,"51,63","181,248,254",
YNL137C,"22,37,39,45,49,176,293,333,378,381,387,408,418,426",,"136,138,145,156,333,387,397,418,419","30,31,37,39,45,70,72,164,194,199,200,206,247,257,333,375,378,381,387,397,400,408",,,,"22,138,164,165,293,381",72,428,"321,353",,"346,366,369,432",,239,,"30,31,39,138,153,164,165,187,194,199,200,333,381,387,408",165,"37,39,49,63,72,138,156,164,387"
YNL138W,"205,220,243,244,516,518",,233,"5,129,229,243,325,326,405,414,416,516,518",77,,284,233,518,,"319,386,452","264,342,343,344,346,347","264,265,342,343,347,459","163,166,480",77,,"219,220","41,129","5,46,150,229"
YNL139C,"425,559,644,653,878,880,960,967,1149,1238,1297,1370,1415,1437,1509,1587",1592,"16,634,640,682,1005,1287,1370,1375,1379,1445,1513","166,215,634,640,644,653,853,967,1014,1103,1244,1250,1260,1415,1523,1539,1547",1022,,,"152,548","376,548,644",,"198,229,262,281,359,501,920,1249,1345,1380,1491","104,650,1261,1286,1289,1290,1291,1382,1389,1390,1391,1392,1511,1512,1550,1556,1559","357,361,684,795,1251,1319,1526,1528","1119,1229,1517",,,"967,1197,1335,1547",1503,"1403,1509"
YNL141W,"128,197",2,"200,318","45,53,120,128,329",152,,,"93,120,128,322,329,331",154,276,,346,"264,266",,"142,152",126,120,,197
YNL147W,"32,34,84",,88,"17,32,34,37,46,88",,,,88,,,78,,,112,,,11,"7,18","32,84"
YNL148C,22,2,,"52,58",,,,145,,"29,140",,166,"64,233,238,250",63,,,145,,58
YNL149C,72,94,,"56,58,64,88,89",,,,,109,,,,119,,,,,,
YNL151C,"50,57,63,111,145,146",,,"144,145,152",,,245,"63,146",,"5,9",,"2,189",189,,,,66,91,50
YNL153C,27,,,,,,,,,,"10,11",,,,,,,,"21,27"
YNL154C,"77,197,229,488,524,542",,375,"240,286,300",,240,228,542,,,"36,55","2,6,9,11,86,230,241,243,469,470","245,250,253,328,455","248,457",,"545,546","117,286","105,110,117","197,229"
YNL155W,"118,122,125,149,157,158,234,236,257",96,"149,157,158","82,118,122,125,149,157,158,161,234,236",,,,"125,157",,,223,"2,9,75,184,226","62,65,67,69,73,74","80,209,244",,,"110,118,257","61,161","110,199"
YNL157W,"53,71",,"84,94,101","40,44,48,49,94",107,60,,"60,94","53,60",,"3,5,9,119","105,106,109,110,112,113","2,7,10,11,16,29,32,105,106,109,110,112,165",,107,,37,,"30,58,60,71"
YNL160W,,,"13,18,166,327",,,,,,,,"21,28,31,34,39,42,46,68,75,81,87,93,99,153,267","106,180","1,142,210","76,144,306",,,13,,
YNL161W,"299,376,511",,"282,289,335","282,334,335,371,372,376,390",,,95,,,,"158,258,259,264,531","164,651","63,66,326,330,331,337,354,570,571,574,702,711","378,569,577",,,"289,390,667,734","282,287,289,299,391,398","289,360,381,477,667"
YNL162W,"32,55,60,63,89","2,4",32,"13,15,19,29,32,40,61,63,66,67,76,78,86,98","12,74,77","19,24,29,32,40,46,60,61,66,67",,"32,100","32,40,46,55,60,61",,,26,,,"74,77","74,88","29,32",89,"29,32,55"
YNL163C,"10,249,275,328,693,699,1096",652,"53,278,283,286,323,328,478,661,808","254,258,278,323,328,795,857,1033,1103","502,610,707","277,278",2,"323,395,398,402,475,654,693,857,859","249,320,323,812",,469,"354,382,384,590,592,736","430,431,882",,"637,707,721,870",637,"275,277,278,320,323,328,398,468,475,478,609,654,693,699",,"275,328"
YNL164C,"67,78",,261,39,,,,,,,"5,12,328",42,"70,86,88,122,125",102,,,,,67
YNL166C,"55,223,229,281,400,415,416",,"55,286","139,141,223,400,408,415,416,418",,,,"308,420",418,,"95,206,207,268","90,314,318","13,97,179,263,274,278,339,346",344,,,,"343,420",
YNL167C,"431,433",,"31,32,251,255,391,397,415,567,585,586,597",,,,,,211,543,"52,53,134,185,208,217,309,357,418,419","3,7,14,15,59,62,147,149,151,159,188,258,294,304,305,307,308,310,311,314,328,329,330,382,384,385,386,389,402,403,496,497,558,568,641","7,11,12,14,15,35,44,50,54,55,56,57,59,62,65,66,68,71,108,113,380,421",,,536,31,567,
YNL168C,,,"132,158,163","103,132,133,134,163,173",,,253,"7,133,134",,,100,"41,42,43,46,55,202,205",,,,,"132,133,134",105,"32,103"
YNL172W,"101,149,237,397,399,1097,1189,1674",,"172,228,237,238,503,828,855,856,993,1024,1025,1605","228,237,238,249,503,511,797,843,848,993,1272,1276,1598,1659,1661,1666",490,1024,,"74,399,1040","1040,1272,1276","315,1342","33,36,181,287,290,361,504,546,690,713,849,1667,1679,1707,1708","3,6,7,222,226,232,234,264,285,295,302,308,323,329,341,346,387,392,817,822,825,917,934,1345,1430,1431,1433","261,264,269,272,499,500,502,506,510,514,517,851,1451,1588,1647",1206,"109,533,1591","644,1591",1272,"237,238,573,1040,1659,1661,1674",1272
YNL173C,"36,172,248,279,353",,"142,205,294,299,303","142,283,299,314,359,360",,,,74,,,"97,168","287,288,290,291,313","160,164",,,,,210,
YNL175C,"8,22,60,148,257,278,398,399,401","330,400","50,51,53,69,325,326","14,15,22,23,30,31,33,60,69,75,150,298,304,401",,,368,"23,60,278,280,360,401",280,387,"131,219,245,329,333,334,373,374","276,294,372,376,378,379,384,389,395","336,378",359,,,"75,148,150,156","60,377","69,75,288"
YNL177C,"139,201,202,297","245,306",287,"139,201,213,216,220,224",,,,"213,216",,,"35,36","15,33,75,114,303","85,87,114","164,307",,,"117,139,213",117,139
YNL178W,"10,132,141,185,187",2,,"8,10,148,185,187,194",134,"132,185,187",,"108,132",,"27,146",,,207,225,134,134,"7,8,10,132,200,212",,"8,132,141,185,187"
YNL181W,"16,24,25,112,351,355",,"24,25,337","224,342,351","113,347",,,"54,342",,,268,"68,69","126,163",,113,347,24,154,"337,364,365"
YNL182C,"144,203,445",,"152,261,308,492,498,503,516","203,232,234,246",37,376,,445,,407,"10,159","216,369",319,139,183,,445,,
YNL183C,"309,435,439,462,467,472,652",,"44,219,366,367,462","219,645","567,612",,,"435,439,652",,147,"181,182,185,205,206,297,299,302,407,475,692,693","19,31,47,73,132,149,150,153,154,155,156,158,159,326,328,347,349,353,356,459,668,670","20,23,24,79,216,217,238,249,316,317,357,369",334,"490,660,729",539,"439,453","13,362",
YNL185C,"32,35,41,118,125,127,128","156,157",150,35,40,,,"32,35",35,,,109,2,,,40,"32,35,118",,118
YNL186W,"81,82,350,525",,"267,268,350,355,404,416,417,424,428,438,501,524,606,612,615,621,775","81,360,417,438,612,781,784",,,,,,,"28,31,32,33,41,53,54,56,277,326,344,429,538,642,751","6,85,370,543,544,545,546,547,548,549,553,556,558,559,560,561,575,578,737","114,122,204,208,209,221,222,223,225,226,315,317,319,530,533,585","241,726,730",665,,"70,103,350,355,438,591","70,757","350,360,438,480,600"
YNL189W,"246,359,398,400,401,431,496",,47,"24,45,47,463","243,404",,,"354,358,359,400,401",,,"3,367","184,226","28,38,67,226",,,,"398,400",354,"358,359,398,400,401,496"
YNL190W,136,,,,,,,136,,,"35,44,55,64,75,84,95,104,115,124,135","37,141,142","22,23,24,25,160",,,,,138,138
YNL191W,"8,171,198,336",353,"171,332","165,171,172,322",65,,,"8,10,87,171,172,293","171,172",,"76,78","80,316,351",,,65,65,"87,172,202,336",139,171
YNL192W,"314,474,525,637,641,735",,"351,1083,1084","377,474,478,479,480,641,981,1083","423,628",,,"532,728,735,1083,1084","1083,1084",,"5,6,10,50,151,432,545,548,762,983","2,179,182,342,343,344,1019,1021,1024","34,35,47,318,649","241,265,267,323,1036,1119",423,423,"474,981,1018,1083,1084","17,655,1018,1084",1032
YNL197C,99,629,"99,105,135,136,222,624,660","135,136",,,"525,527,530",,,"52,636","62,65,90,185,209,279,296,357,497,498,506","27,42,44,285,286,310,311,385,419,610,611,613,614,621,623","36,37,138,139,140,141,143,144,217,228,246,250,337,455,479,490,639",,537,537,,,
YNL199C,,,245,"236,245,342,493",,,,"138,141","141,483",,"20,106,144,241,282,283,320,428,456,457","83,85,89,118,123,290,315,364","35,83,87,89,156,157,158,161,239,242,243,244,247,249,348,353,409,429",359,,,,,493
YNL201C,"42,615",,"211,522","211,214,266,387,390,395,822",,,4,,"586,605",,"129,177,185,523,745,746,747,750,805","348,386,657","6,8,12,72,154,548,549,829",676,667,661,"95,587,605,822",469,"271,276"
YNL206C,,452,170,"315,317,319",,,,,,,"178,206,270","14,19,309","309,350,364,367,370,374,375,450","117,454",,,,"3,398,426",16
YNL207W,,,"58,115","111,115,305,312",247,,,"58,175,333",,,,"49,54","5,354,359,387,388,392","70,95",,,"58,69,312,332","283,285,289,305,312,316","105,316"
YNL208W,,,"61,68",,,,164,,,,,"47,53,60,63",,,,,,,
YNL209W,"58,73,87,90,95,128,136,139,140,143,249,250,251,328,364,393,521,530,603,608",606,"136,139,140,428,497,501,571,573","87,95,130,249,250,251,325,360,497,521,530,538,539,571,597,603",20,"73,128,130,364,521",,"58,87,90,251,328,348,351,538,539,597","328,466",51,"421,438,504","40,42,47,503,611","113,115,365","151,549",,,"58,73,87,90,136,139,191,194,325,328,351,497,501,521,530,538,539,603",573,"58,73,87,90,95,128,143,161,250,251,314,325,328,331,348,351,360,364,393,521"
YNL212W,"53,350,467,522,553,560,565,649,752,759,764,768",,"34,543,551,553,560,585,649,658,678,752,764,768","91,677,678,684,752,759",,,,"5,6,560,746,752,759",,593,"42,43,302,307,420,429,430,460,567","90,282,422","71,84,87,88,165,166,168,170,220,222,383,384,386,390,559",41,,"156,332","467,473,752","444,496,637,746","175,539,560,565"
YNL213C,"29,30,208",,"29,30,33,43,48,109,166,203","29,30,43,54,60,61,63,199",,,,"33,63",63,,"131,132","10,121,164,173","171,175",,16,"13,16",,37,109
YNL214W,,197,"20,21",,,,,21,21,,"141,176",,108,62,,,21,21,
YNL215W,"41,64,232,295","51,55",64,"232,248,250,261",,,,,,,"205,251","39,104,107","82,84",170,,,"144,232",,"230,231,232"
YNL216W,"70,413,423,437,439",,169,"439,805,808",741,,,,575,,"179,182,340,397,494,576,579,601,749","2,3,288,289,290,292,357,444","450,588,594,603,604,794,797","561,683",757,741,,246,"423,426"
YNL217W,108,,"108,235,308","239,240,244,290,298,306,308",296,,,290,,,90,,"38,42",,192,,"51,235,308",,184
YNL218W,"315,524,533,536,562,566,576",,"39,71,379","55,58,228,562,566,576",,,,"536,545",524,"409,435,439","158,380,381,384,414,561","2,6,13,42,46,48,49,101,102,107,184,185,191,193,195,196,197,198","81,83,93,370","432,531,535,537",,316,"230,231","80,94",183
YNL219C,317,,"397,416,417","321,423",373,,,,145,,"142,224,345,346,453","131,136,137,139",,124,,,428,397,
YNL220W,"15,17,126,401,402,430,433","2,4,5,272,279,415,418","136,145,392","88,91,136,145",,273,,"136,223,358,359","345,392,405",,334,"133,134,247,249,426",,187,32,,"25,80,204",,"15,17,88,222,389"
YNL221C,"12,13,203,616,711",875,"22,43,138,232,299,301,468,617,645,688","130,138,145,316,326,460,468,511,627,637,639,687,688,737,787,806","415,495",,,"270,617,639","130,639",,"303,463,529","40,41,42,44,161,163,411,509,622","40,41,42,44,46,100,102,211,472,503,650",782,"415,767","415,702,767","43,301,423,737,787",,
YNL222W,"132,135",,,152,,,,10,,,"18,19,20,35",51,25,,,,145,"145,152",
YNL224C,"270,514,531,538,754",,"88,261,270,273,452,458,654,656,657,659,706,745,757","39,93,118,521,526,531,533,535,536,538,558,561,569,571,573,659,754,756,757",227,734,,"270,273,633",,443,"49,144,258,272,358,625,646,664","50,51,525,527,530,565","105,178,190,221,291,292,294,485,499","82,103,130,408,409,413,466,665",354,,"270,521","93,222,383,458,573,601",526
YNL225C,"215,390,415,542",,"211,220,222,291,433,456","211,241,246,326,362,365,407,409,433,541,542",155,,,"102,111,362,365,542",,,"59,83,125,232,248,288,351,357,448","210,352,428","20,72,74,89,103,559",410,308,308,,"392,409,516","379,542"
YNL227C,"133,192,196,210,254,360,364,513,577",585,130,"27,133,140,261,265,354,360,364,463,464,465,466,516,523,524,530",,"26,27,35",,"133,247,348",133,63,"171,243,377,384",58,"327,386,393,397,423,424,425,429,478,504,512","54,121,162,215",,,"133,196,210,577","144,483","133,210"
YNL229C,191,,,,,,,,,,"3,27,66,175","283,286,287,290",,282,,,,"328,336",194
YNL230C,"133,217",350,"31,47,181,273,296","36,196,199",,,,"175,199,209,287,345",,,"15,256","269,294,297,302,307,317,328,364","48,233,234,235,242,269,276,278,280",173,8,8,"199,209","44,47,237,238,244,249",
YNL231C,"53,215,276,280,292,294",351,"26,130,209,215",69,,,,"294,345",67,,"68,140","111,346,348,349,350",321,,,,"46,61","75,345","53,276"
YNL232W,,,104,"116,119,122",,,,,,,172,183,"85,90,94",,,,225,,116
YNL233W,"293,790,793",,"267,343,358,511,514,563","202,262,267,464,793",,,,267,"343,790",,"15,85,131,132,572,699,798","272,281,364,418,719,721,723,786,813","2,4,6,8,10,11,43,247,271,276,277,278,281,287,294,297,336,361,362,364,500,503,507,509,510,516,517,520,524,526,549,550,554,556,559,570,574,618,641,645,769,786,788,800,804,806","19,472,730",,,"9,413,599,715,790","193,219,241",599
YNL234W,"210,410",,"49,90,341,389",,,,,,"132,210,239",,"38,318,342,348,422",80,"9,85,96,99,372,376,377,381",,,,,"49,242",
YNL236W,"171,173,236,469,562,754,761",932,"262,387,611,761,898,922,924,943","276,387,616",,,"504,505","244,305,589","616,922,924",,"104,129,187,306,315,317,319,413,414,548,675,676,771,894","81,338,340,619,620,896,897,940,941,948","66,68,69,71,72,73,75,79,490",227,"294,910",517,"889,922","352,821",352
YNL238W,"33,267,268,272,281,428,546,548,586","211,274","281,576","53,56,267,268,272,281,423,472",248,272,,"272,550","33,646",39,"19,139,140,379,381,457","488,751","58,59,186,192,362,433,498,499,500,648,649,703,704,733,735,736,737,757","45,344",248,,"33,267,268,272","550,646","267,576"
YNL241C,"157,349,385,476,481",,"86,138,141,357","46,70,71",,476,,"27,171,195,296,389",276,105,"208,346,395,403","2,15",28,145,,,"62,365","7,10,80,86,171,349","80,157"
YNL242W,"401,427,489,610,1051,1278,1280",,"167,230,497,692,695,1066,1073,1093,1126,1401,1431","167,177,699,764,771,775,843,845,908,1051,1059,1062,1066,1093,1126,1142,1249,1278,1281,1397,1401,1504","380,935",,,"167,401,425,699,754,1051,1059,1327,1336,1337","658,1397","637,1533","156,163,222,335,403,404,475,634,647,760,873,1094,1095,1156,1162,1588","409,779,1487,1563,1565","236,269,356,360,362,364,371,624,629,977,978,981,1018,1478,1479,1590","744,745,982",,469,"489,924,1059,1586","427,699,774,1382","152,504,754,1059,1142,1272,1327,1389,1584,1586"
YNL243W,"10,13,14,515,535",,"14,875","10,13,14,49,279,501,505,756,875,881,885,891,952",,,,"13,14,759",,,"127,128","313,508,761,835,836,924","284,286,308,313,316,317,318,319,842,843,850",663,889,889,,277,274
YNL244C,"56,59,60",,,"52,56,59,60",64,,,37,,,,,2,25,64,,"52,56,59,60",,"37,56,59,60"
YNL245C,"168,172",,131,"72,73,96,97,98",,,,98,,,55,"86,143","58,101,102,154",,,,89,"132,133,138,146,172",
YNL246W,192,264,,"41,163",,,,"41,78",,,,186,"253,258,259",,,,,87,
YNL247W,"18,23,37,335,336,444,630,674,687",,"46,138,159","130,222,443,669,679,687,689,690,733,742,746",,,357,"37,140,336,491,503","37,630",,"102,127,132,148,150","198,546,551,552","16,71,370,505,593,597","11,39,68,282,284,762",,,"37,213,430,433,711,735",558,"109,335,345,433,509"
YNL248C,"45,48,99,245,246,393",3,"106,153,241,245,280","44,45,48,86,92,99,106,135,136,138,139,170,223,227,230,245,246",,,,"138,139,170,359,372","92,135,136,138,314",,"238,239,279","219,220,388",2,"65,318",,,"42,43,44,45,48",116,"48,99"
YNL250W,"69,174,195,196,355,375,478,481,544,710,914,1012,1140,1145",,"81,270,275,278,286,331,428,533,626,768,770,807,814,878,1183","74,81,110,183,186,192,195,196,203,206,213,256,259,266,270,275,278,311,316,331,419,441,442,446,459,481,523,538,539,544,550,554,700,702,708,710,717,755,759,761,765,770,785,814,878,892,924,926,927,936,938,1012,1073,1081,1140,1145,1170,1181",,,,"173,174,270,693,710,1073,1181,1183","60,1158",,"120,121,308,422,557,696,824,844","524,869,1076","339,469",,1204,1204,"192,259,270,275,355,597,665,710,717,720,785,927,938,1073,1181","936,938,1291,1293","316,419,428,938,985,1112"
YNL251C,"21,435,436,471,476",408,"18,21,30,31,321,471,476,490,493","18,21,30,175,221,471,476",,,,"21,31,175,221",,,"85,156,157,188,190,261,311,371,372","54,222,225,227,228,231,239,241,274,474,479","163,167",,,,"30,175",436,476
YNL252C,8,3,"26,38,90","84,111,173,178",,,,"78,90","70,71",9,"225,272,281","13,15,17,19,20",117,51,,,173,"8,38","178,268"
YNL253W,"26,151,190,237,260",,"26,43,151,160,190,333","151,160,190,191,248","197,246",,,"34,43,162",,51,"36,133,200,359","16,17,22,24,30,31,62","198,202,205",,246,,"26,190,191,339,345,368","260,368","26,180,237"
YNL257C,"58,60,268,445,545,687,785,820,822,849,937,1097,1137",3,"167,227,258,268,269,277,297,545,547,548,659,660,737,785,827","58,60,219,268,269,547,548,596,617,737,937,974,977",,70,1227,"227,297,376,547,548,617,1097","60,232,359,548",1102,"91,394,476,564,914,1206,1212","2,285,292","27,303,309,733","139,160,435,1115",,949,"60,268,269,319,766,767,822","615,727","359,1145"
YNL258C,"313,320,487,691,697",,"195,230","69,313,367,487,623",,,,691,"66,304,368",,"24,30,205,290,291,325,393,672,673","381,385,387","298,301","561,745",,,"17,195,691",,"313,487,574"
YNL261W,"48,49,148,151",3,"43,48,49,84","151,158,161",214,,,"86,151",161,,"2,423,469","39,41","294,295,445","375,443","17,214",,"86,151,268,439",,
YNL262W,"299,571,620,680,785,789,792,959,1054,1057,1063,1083,1213,1372,1378,1457,1872,2009,2090",868,"440,446,606,717,792,1063,1237,1277,1378,2171","157,158,165,440,446,575,718,785,789,987,1054,1057,1063,1156,1183,1187,1190,1192,1198,1204,1213,1370,1378,1457,1633,2013,2017,2020,2077,2081,2090,2095",1047,,"344,673","263,266,789,792,797,803,959,1083,1085,1090,1204,1372,1542,1872,2081","575,614,620,982,1450,2095","989,1863","39,224,228,389,600,706,794,1049,1319,1348,1413,1524,1708,1714,1722,1723,1738,1742,1838,1916","12,512,1064,1066,1103,1299,1300,1389,1390,1574,1577,1578,2068",1127,"17,23,1059,1546,1548,1879","163,422,907,2181","422,907","575,614,797,1057,1085,1533,2090,2197","440,571,575,660,1457,1542,1943,1973","446,575,620,775,1533,1542,2090,2095,2197"
YNL263C,,,,93,,,,,,34,"128,132,240",,,,,,,,
YNL264C,"18,24,129,132,139,267",349,,"111,132",22,,,"24,111,132",,,"73,144",215,,,227,,"115,132,269",,63
YNL265C,"29,35,157,158",,"178,186,239,255",258,,,,,178,,197,,"206,244",,,,"29,129","248,255,258,259,264",178
YNL267W,"219,305,324,491,492,494,497,772,871,974,975,985",,"19,218,219,245,287,305,318,324,542,778","8,9,18,180,247,254,284,707,860,861,981,985",791,,,"728,985",975,,"28,141,208,411,568,631","143,231,232,233,236,312,377,378,379,381,382,384,459,571,573,574,577,579,580,584,600,601,603,605,607,608,613","5,6,7,10,227,231,232,233,235,236,312,314,377,378,379,381,382,384,388,459,713",327,,,"19,203,207,212,247,305,324,856,892,974,975","151,750","19,212"
YNL271C,"299,300,590,929,949,963,1209,1378,1381,1389,1397,1683,1911,1921",,"170,297,300,307,832,837,855,1151,1218,1554,1679,1683,1815,1823","220,228,297,299,300,307,308,477,673,729,792,837,847,848,855,856,912,914,921,963,964,969,1015,1019,1020,1260,1262,1263,1389,1397,1554,1590,1679,1683,1741,1742,1835",,,"1280,1285,1287","349,477,478,747,837,1020,1381,1405,1683","356,1188,1381",,"18,34,160,256,322,323,398,408,670,687,824,828,1103,1174,1580,1667,1882","36,65,66,67,111,112,117,234,235,236,237,238,239,241,244,247,287,289,327,421,474,860,1100,1141,1178,1334,1337,1816,1916,1940","33,36,38,60,75,77,78,79,80,127,131,132,135,139,234,235,311,325,575,993,1069,1071,1076,1079,1082,1085,1137,1141,1233,1871,1883,1884,1924","1009,1144,1740",,,"228,1020,1188,1209,1397,1417,1683,1694,1741","220,615,851,855,856,904,921,1125,1128,1270,1590,1694","163,308,949,1125,1389,1683"
YNL272C,"99,415,506",,"37,46,191,247,410,437,701","37,89,152,155,156,240,247,363,410,415,421,424,534,538,624,627,652,712,720",,,,123,"56,415",,"36,163,169,170,265,295,303,407,584,697,722","11,146,160,165,166,168,179,181,187,188,430","160,181,183,184,187,188,325,515,640,699,700,740",204,384,"236,373",,"240,456","363,506"
YNL273W,"56,157,231,391,396,397,400,524,692,1026,1082",,"230,231,386,425,499,750,983,999,1004,1007","157,158,164,165,230,386,391,396,397,400,404,499,751,990,999,1004,1007,1226",905,,,"63,107,174,616,622,925,1007","609,632",,"319,525,787,995,1072","330,1110,1133","255,554,555,626,631,1051,1056,1058,1166,1213,1236","153,737,791",905,51,"118,188,616,983,990",386,"386,692,925,1225,1226"
YNL278W,"41,42,43,224,281,631",,"9,35,41,42,132,316,322,426,471,542,547,562,631,890","140,224,236,374,574,580,590,598,603,632,768,776",127,,"825,895,999,1001,1004,1057","35,132,133,135,224,267,268,590",,"221,905","37,45,90,91,145,167,170,435,439,658,834","524,526,529,532,535,552,576,675,840,842,891,909,1051,1053,1054","48,51,463,467,491,492,493,494,501,503,505,510,529,538,628,634,677,812,817,842,845,847,871,881,885,907","540,679,1024,1058",127,"127,206","322,325,374","43,135,603","133,236,369,374"
YNL279W,"168,397,405",,"168,171,222,230,246,397,405,407,578,583","171,175,222,407",545,,,"171,175,249",,,"135,145,188,231,252,255,272,280,490,505,512,513,531,573",588,"181,338,342,344,345,347,348,351",335,545,545,,"222,249,409",578
YNL280C,213,2,"182,352,356","342,347,352,356",,,,182,356,,,,,,,,,,
YNL282W,"191,192,195",,"10,11,14","10,126,152",,,,"151,152,183,191",,,,184,,64,,,126,183,
YNL284C,"128,131,171,209",,"94,97,103,119,171,205,313","94,136,171,266,277",,,,"162,198,205,209,318",,76,,"252,291","104,216","57,172,214,215",,,"159,162,171,198,205,209,253,266,272","253,313",171
YNL287W,"39,118,248,608,709,907,910",,"142,373,585,682,898","431,433,615,620,622,915,919","343,465,738,868",,,,142,,"11,176,234,235,352,355,357,374,721,724,733,785,831,865","143,147,550","30,34,38,489,638",361,,,"431,521,541","7,142,630,891,919","7,8,39,709"
YNL288W,,,335,335,,,,,,,"80,83,168,169,172,233",,,,"175,183",183,,,
YNL290W,"98,186,188","336,340",265,"10,188,195",144,,,"10,39,188",,88,"74,77,333","60,61,62",,75,,144,186,,"18,312"
YNL292W,"34,294,304","63,403","92,102,130,237","28,138,163,190",,,,"67,197","276,399",,278,"51,56",254,"155,202",368,,"163,237,355,356,359","163,276",
YNL295W,"37,63,65,227,238,333,491",,307,"55,63,65,227,236,238,241,323,333,345,348,356,359,417,422,424",,,,"89,333,348,482,491",175,,"25,281,304","27,487","301,302","290,376,400",,31,"328,333,348,491","359,367",424
YNL297C,"39,208,530,843,1007,1121,1347,1354,1433,1617",,"198,395,475,577,995,1291,1299,1328,1338,1354,1356","138,139,208,759,762,800,1104,1111,1114,1294,1302,1354,1356,1567",,,,"411,1533","45,185,843",,"327,405,425,445,469,538,539,544,549,562,600,783,848,962,964,990,1039,1090,1096,1115,1116,1139,1140,1178,1187,1265,1421,1588","49,87,90,94,280,281,282,286,287,291,547,670,671,1135,1158,1615","23,26,31,32,37,49,90,447,451,452,565,567,603,652,655,808,820,934,1000,1304,1357,1360,1362","265,1555","1119,1496","81,137,143,144","39,1111,1328,1338,1509,1617","522,1247","39,960,1114,1338"
YNL298W,"99,217,421,534,535,708,721","729,739","62,64,71,162,217,276,299,323","62,63,64,99,214,217,285,535,789",545,,737,"534,535,547",,,"36,228,229,279,443,474,783","2,52,61,112,191,271,308,311,314,316,322,326,329,456,463,471,557","51,52,54,300,301,306,308,351,353,398,400,402,404,425,428,429,431,445,447,657,661,663,666,710,727,731","419,733",545,"178,805",,,695
YNL299W,"279,303,438,441,464,530,638",334,"403,575","442,469,477,543,545,551",,,"159,189,556,560","441,442,469",,,"42,98,99,198,427,428,429,518,586","625,630","84,85,86,94,95,100,111,113,114,118,143,190,431,434,553,557,596,602,611,613,619","252,529",,,"438,469,530",,
YNL301C,"20,116,159,161","83,150,186",,"133,159",121,,,"50,56",50,92,78,,,25,121,121,"20,72,98",,"20,50,98,113,116,133"
YNL302C,"27,75,110","4,6,88",38,78,,,,78,,,,,125,,,,"27,56,78",27,110
YNL306W,"75,98,102,104,197,203",,"193,194,197,203","104,156,205",,,,"84,104,197,203",,,"23,46,61,85,86,109","51,52,55,58,60,127,128",,,130,,"68,75,104,197,203",70,84
YNL307C,"58,59,69,291",,58,"59,68,69,77","117,182",,208,"69,139",,85,"25,28,29",371,,"199,205",182,182,"133,291",,"166,180"
YNL308C,"112,121,345,353,461",,"40,88,91,94,345,346,353,574,576","91,94,194,195,201,202,323,421,423,424,426,427,461",,"584,586,590,591",,,"4,5,9,333",,"89,90","24,26,28,31,32,108","34,35,37,38,52,177,184,185,402",482,,,101,512,"94,256"
YNL309W,"75,76,248,417",,259,"42,44,75,76",,,,,,"214,220","202,282,283,318,354,372","36,40,41,47,48,72,124,250,252,253,307,312,314,355,374,378","53,72,99,102,122,124,125,204,205,209,217,218,311,312,314,413",,,,,417,75
YNL310C,"12,55,56,88,128",,159,"55,56,159",103,,,"12,156,159",,,"160,161,164",7,61,,,,,,
YNL311C,"150,160,185,266,267,288,291,408,710,738",,"150,163,167,179,185,208,296,304,483","54,150,185,188,189,208,267,304,658",,,,,"189,270",,"166,235,347,432,559,612,613,645,646,661,677","126,490,491,492",486,453,703,"59,335","270,287,291","160,163","160,270,291,296"
YNL312W,"141,147,182,220",,"141,146,147,155","45,51,146,219",,,,,,,"77,202","11,12,43","88,102",120,,"251,252","141,219,220",,141
YNL313C,"356,359,594,683,704,707,867,883",,"29,30,110,599,624","29,30,482,484,594,695",,,,"29,30,53,299,484,554","588,867",,"100,101,441,566,618,627,676","133,239,294,397,410,414,415,457,458",744,"605,762","269,545","729,866","29,30,554,867","245,359","19,594,695"
YNL314W,"165,177,254",,180,"222,231",,,,231,,,"129,130","103,106","74,132,133,175",,,,,,
YNL315C,,,74,"42,45,46,53,79,121,131,137",,,,"46,299",,,98,"5,10,114,162","109,240,284",,,,,"46,299","63,131,137"
YNL316C,,,82,,,,,,,,"45,49,62,215","85,216",85,309,271,320,,,
YNL317W,"223,296,442,443",,91,266,,,,,261,"76,381","121,165",196,"36,37",388,"253,352",,,442,
YNL321W,339,217,"3,21,69,277",,,,,,,,"4,5,12,68,179,196,456,792","26,28,29,30,32,108,110,116","26,28,29,30,32,33,76,78,105,108,110,181,182,183,185,187,220",,,,"45,277",45,
YNL322C,256,2,"79,252",257,,,,,,,,"4,27,69,88,89,90,92,93,120,121,122,124,125,126,128,129,130,132",,,,,,,
YNL323W,"217,325,356","2,9","221,271,277,331","54,274,331",,,,"18,221,226,325,356,357",,,"113,240,255,256,279,298,301",,"36,71,212",205,159,,"134,357",,"262,325"
YNL325C,"32,167,277,623,837",280,"155,761","49,283,383,701,710,716,720",208,,,692,491,754,"250,337","16,633,638,665,715","695,735",770,,,"151,167,716","151,607,858","99,100,167,833,837"
YNL326C,,,,"286,289",,,114,,,,"217,237",306,"6,8,64,239,305",,94,126,,,
YNL327W,,,"113,118,435,597,698,755,862,900",,23,,,"862,900",,,"45,83,141,155,156,229,312,415,445,465,486,506,524,615,616,637","2,14,75,241,311,313,314,316,375,379,380,382,383,385,386,388,431,432,438,487,488,490,493,494,496,498,505,508,510,529,539,545,546,592,593,595,674,675,679,680,681,731,734,737,740,743,745,753,999","545,546,548,549,655,656,657,707,786,943",702,951,,,,
YNL329C,"129,489,778,932,985",,"71,283,532,993","29,343,708,712,819,993","212,291,826,934",819,,"570,690,691,965",,,"174,412,420,466,475,728,788,976","418,419,422,521,522,676,680,682,689,779","372,430,571,973,1009,1011,1013","192,805,1020","47,150,212,934",,"570,690,997","839,989,993,997,1003","179,283,753,778,918,985"
YNL330C,"103,210,415",29,,"67,71,98,412,415",271,,,,,,285,388,,"55,346,433",,,,103,103
YNR001C,"64,65,69,234,237,336,341,406,467,469,473",360,"46,147,234,237,249,401,404,406","56,65,195,234,237,461,467,469,473,474,478",,,,"88,195,203,331,336,404,406","195,234,331,336",15,280,"2,7,137,241,274",,81,,,"88,461",461,"227,234,237,401"
YNR002C,,234,,,,,,,,,,,"22,37",,,,,,
YNR003C,"58,62,65,203,204,255",,"135,138,203,204","62,65,71,108,135,138,141,204",,,,"83,204,255",204,,214,32,,,"244,260",,"65,204,255",213,"58,62,65,135,203,204"
YNR004W,58,,"25,45,50",91,,,,,,,6,,,,,,83,101,
YNR006W,"53,86,126,151",3,"136,147,165,272,393","46,136,140,147,272",,265,,182,"140,406",,436,"270,494,495,497,498,594","106,254,255,280,347,351,485,494,505,539,547,548,549,552,561,613",578,,,,"290,294,307,607",265
YNR007C,"156,161,218",,218,"161,218",,,,66,,,192,,"111,118,119,124,127,128","168,169,172",234,,218,,"19,161,218"
YNR008W,,,,430,,,,,601,298,"144,439,440,453,461,469,594",,"14,16,24,432","528,630",526,,,,161
YNR010W,146,,112,31,,,,,,,"81,82",60,"116,118,120",144,,,,117,52
YNR011C,"52,83,91,101,102,211,316,320,384,385,560,632,870","546,556","91,101,102,128,130,763","52,60,83,84,87,101,113,128,130,133,221,229,385,610,756","494,541,647",,,756,,,"110,806","276,284,285,371,377,378,431,676,801,802","47,108",,"494,541,643,647","494,643,647",229,"45,113,454","101,102,113,195,221,229,316,320,632"
YNR012W,"125,217,220,225,228,232,258,262",,"69,75,232","225,376","211,500",,,376,228,,"244,249,380","8,54,65,67,70,71","12,14",,"126,192,211,310,369,500",126,,220,225
YNR013C,"34,36,82,237,240,244,370,373",,"26,244,289,370,373","18,26,27,34,36,82,83,212,244,369,370,373",,,,,,144,"231,384,596,846","189,283,366,504,750","150,151,295,297,311,312,375,376,377,392,504,617,618,622",,,,"26,27,34,541",,"26,27,244"
YNR016C,"186,243,347,631,636,987,1073,1149,1464,1524,1667,2034,2187,2190,2225,2227","1877,2031","606,631,964,974,978,1453,1461,1464,1813,2185,2187","80,347,599,606,631,636,677,797,801,964,994,1016,1063,1464,1470,1474,2111,2185,2187,2190,2200,2225,2227,2230,2233",583,,448,"241,243,631,1311,1461,1474,2039","776,898,960,964,1063",,"20,311,647,823,1255,1286,1445,1446,2060","188,189,190,341,539,1098,1212,1421,1485,1677,1757,1871","2,5,9,10,44,285,705,707,882,1157,1159,1191,1485,1625,2062,2072,2140","1163,1323","457,583","231,232,1704","80,243,964,1461,1464,1470,1572,2039",2190,"327,898,1049,1461,1464,1470,1671,2137"
YNR017W,"25,190",,172,,,,,,,,163,"2,9,11",,,,,,,196
YNR018W,,,"46,116,118,220","46,107",,,,,,,,,212,,,,,,
YNR019W,"5,246",,"109,358,363,365","18,98,102,107,146,363,372",,,,"146,363,365,372",,,"60,214,242,402,403,615","151,192,193","29,31,175,176,182,389,559",,,,"5,26,146,161,363,365",,"144,146"
YNR021W,,,,"182,352,368",,,,375,,,98,175,354,,,,375,,200
YNR022C,25,,,"20,25,111",,,,,"120,133",,,,,,,,"20,25,34","110,111",
YNR023W,"25,253,284,451,513",,"33,40,262,380,479,485,506","15,18,31,32,33,40,192,254,262,505,506",293,,,,"31,32,513",,"42,43,131,153,234,243,244,362,411,453,454",301,343,,"293,518",,"477,547","218,262",18
YNR024W,"22,67,104",,"50,52,67,71,72,76,78,79,87,104,169","19,22,50,67,71,72,76,78,79,162,165,169,170,171,172",,,,,,,,,"13,119,122,124",,,,67,"104,128",
YNR027W,"171,175,179,227,311",,"81,114",,107,,,"9,10,311",,,"49,200",8,,,107,,"9,10,175",311,"171,290,293"
YNR029C,"98,142,147,407,413,417",352,"47,53,84,90,115,417",398,,,,,"413,417,426",,"57,121,124,227,306","58,59,74",,392,,,"98,257",,"47,94,147,333"
YNR031C,"408,502,506,568,578,605,724,872,990,1065,1166,1247,1250,1313,1524",,"134,157,158,406,408,721,724,987,990,1034,1035,1065,1071,1072,1250,1475","150,576,578,608,717,721,1035,1042,1071,1192,1247,1413,1414,1524,1533","680,878",,,"250,344,990,1247,1250,1414,1524",,266,"45,185,188,197,200,229,443,552,614,849,887,888,982,986,1062,1261,1417,1418","37,39,44,46,47,53,54,57,209,211,217,227,230,324,325,326,335,505,507,1027,1030,1178,1276,1544","39,44,113,118,149,151,153,290,1570,1571,1572,1573,1575","259,271,272,1251","567,878",1172,"249,395,398,506,568,721,724,821,1240,1247,1524","10,506,688,778,921,990,1313","802,921,1295,1392,1448,1475,1545"
YNR032W,,,,29,,,,29,,108,,"43,46","204,211,218,308,317,319,336,338,343","271,273",272,,29,,302
YNR034W,"119,154,184",,37,"34,83,143,145,184,308",250,,,"145,184,264,269",,,318,,"76,320",,,,"145,264,269,312",,"154,308"
YNR034W-A,,94,"34,38,47",,,,,38,47,,,4,,"57,60",,,"38,47",,
YNR035C,"59,307",341,,"51,59,61,238,307",,,,307,,,,,324,42,,,"24,245,307",,"245,307"
YNR036C,"35,69,71,72",67,149,72,55,"69,71,72","70,73","59,69",,114,,26,"47,48","94,109",115,,122,,"69,71,72,122"
YNR037C,57,,,,,72,,81,,,,"9,11,28",,,,,"29,72",,
YNR038W,"333,336,363,397,399,403",556,"389,500,504","98,300,304,366,403,426,500,504,505",,,,,,575,"192,213,217,222,348,497,498,509,624,625","102,238,283,380,382,474,567","38,40,618,626","612,622",,,"98,300,403","86,399,593","132,328,333,336"
YNR039C,"103,105",,"391,396,398,508,511",532,596,,"125,127",511,,604,"27,52,72,73,155,358,362,364,558","152,167,170,171,397","16,23,32,33,35,131,137,170,171,174,496,498",,,,532,,542
YNR040W,"31,155,157,160",253,"37,157,160",,,,,,7,,"74,125,223","145,228,238",,,,,37,,
YNR043W,"18,244",,"22,92,151","335,395",,,,,,,"32,275,315,353",,91,,,,244,"26,203,204,251",244
YNR044W,,,"256,359,437,483",,,,,503,,,,"152,154,155,158,159,160,161,255,257,258,259,261,262,263,264,312,313,314,316,326,329,330,331,332,352,353,354,639,671","83,349,350,352,353,354,360,469,471,472,473,474",325,,,,,
YNR046W,,135,122,,,,72,,,,,,,,,,,,
YNR047W,"773,805",,"40,47,91,395,406,647,650,655,810,872","516,517,525,529,534,537,650,747,751,752,756,760,765,772,778,779,810,811",,756,686,"91,525,591",,,"55,107,210,211,276,301,386,721,723,728,757,880","27,28,30,33,35,37,78,131,180,185,244,278,285,287,288,426,657,755,759","80,108,112,303,335,339,341,344,345,347,349,388,392,394,414,435,438,439,462,466,483,543,676,876,879","254,619,875",,,,"731,872","525,805"
YNR048W,,,,24,"82,179",,,290,,,"78,123,187,202,213,240,291","14,15,22,28,29",,239,,,,"286,290",168
YNR049C,73,5,,"20,81",,,,,108,,"45,179","3,6,8,12,128,131,142,144,146,148,153,154,157,160,174,175,177",111,,,,,"36,39,108",
YNR050C,"148,433",445,"49,91,282,292,384,412,433","44,49,190,193,288,292,302,306",,,,"85,441","430,435",,28,"90,97,290,291,377,378,390",52,"99,209,212,215,232,388,436",,219,"292,302,306,433,441",,
YNR051C,"229,355,404,405,439,443",,"75,232,268,277,279,404,405,406,414,462,470,485,488","271,382,406,414,432,473",481,,,"406,439,443",439,,"127,258,290,291,333,367,368,396,501","33,151,204,228,231,241,242,369,370,378","156,163,165,187,191,199,203,204,209,210,211,335",,481,,50,318,"58,366"
YNR052C,355,"6,42,54",,"72,74,355",,,,412,,46,"144,320,415","97,100,258,259,261","39,261,268",210,,,412,"253,254,274",
YNR053C,"18,25,37,46,52,199",,"18,25,34,52,112,199,337,339","46,52,101,112,148,170,240,247,248,434,440",341,,,"25,46,101",,,,"9,43,374","60,126,155,195",137,,"239,341","25,101","247,328",
YNR054C,166,,"30,34,40,41,110,255","28,29,30,34,40,104,146,147,166",,,,"255,261",,,,"85,238,290","2,7,13,14,18,32,33,47,51","117,167",,,34,"4,146,147",
YNR055C,"34,351,355,358,573","580,586","36,37,334,341","34,36,37,295",,,,341,"36,37",,"57,400,520,521",,"287,288",,136,,"37,341",285,"346,351,355"
YNR056C,"157,402,409,419,420",4,409,"416,419,420",,,,"409,420",,30,"107,274,279,369,415,539","32,314","128,425",,,560,409,,
YNR060W,"67,169,506",,"201,426,427,473,589,596,604","63,169,489,562,604",561,,,"175,318,563",,,"33,62,83,95,109,117,378,629,653,657,678",537,"591,592","312,313,315,316,694","38,76,561",,"67,169,292",,"6,67,562"
YNR067C,894,,"56,93,115,208,821,868",794,,,,,986,,"207,243,264,287,291,870","95,106,124,202,203,351,354,357,359,362,363,1018,1021,1022","44,47,49,52,54,60,62,66,69,231,509,514,516,927,928,929,1018,1021,1022,1026",778,,,894,198,
YOL001W,"146,281,288,291",,"211,237,275","185,187,188",152,,,"57,188",,,"74,79,176","212,266","203,205,212,238,265,267,270",204,"30,135,180",,281,,
YOL004W,"232,846,936,940,1235,1238,1354,1531,1534",,"150,962,963,1037,1413,1417,1434,1468,1473","159,469,800,899,901,936,940,941,946,956,1251,1271,1281,1413,1417,1473","177,748",,,"731,896,962,963,1435","1333,1335,1356",47,"312,313,314,552,658,659,840,1274,1404","112,113,114,115,132,137,141,155,226,475,601,1003,1169,1174,1176,1177,1340","209,303,1046,1080,1380",1002,,292,"222,1261","468,469,760,1112,1325","150,936,1235,1434,1435"
YOL005C,"37,88,97",,102,"18,20,26,88",,,,20,88,,,,,,,,88,"20,26","20,84"
YOL006C,"29,86,227,256,286,596,614,622,672,690,697,738,739,746",763,"62,63,65,320,368,374,375,541,657","92,98,368,374,375,378,588,596,647,657,662,672,746",,,"163,289","544,588,746","544,675,692","294,296,494","317,364,520,549","73,399,716,719,722","14,15,34,39,49,54,57,61,71,72,73,76,722","47,727","232,435,436,556",435,"368,544,697,738,739,746","31,59,65,88,89,91,92,103,104,596,600,601,604,647","256,514,746"
YOL007C,"31,37",,"24,31,37,50,53,138,179,182,296,297","11,31",,,,,,,"44,71,72,103,183,184,203,204,229,230,238,270,275","5,7,8,9,10","169,171,174,177,245,247,277,280,302",243,,,,,287
YOL008W,"20,83,90,199,203",,,20,76,,,90,203,,"38,110",58,202,,76,,90,90,
YOL010W,"29,32,214",,32,"213,330,331",149,,,"32,35,217","35,94",,"61,224,361","2,3,189,192",,,221,277,,"7,29,32,35",331
YOL012C,80,,83,"80,83,85",,"39,43,80",,121,121,,,"24,50,112",88,,,,121,"126,129",
YOL013C,267,2,,373,,,,546,,,137,452,"473,474,475",501,,,,,
YOL016C,"33,142,173,341,415",,"312,324","288,389,390,400,402,407",,415,,"341,402,407,415","400,402",,"43,277,369","52,57,310,317","164,367",353,,,"200,407",,"142,173,197,200,312"
YOL017W,"15,76,88,258,497",,"97,110,402,492,509","20,110,209,390,393,397,402,492,497,502","522,683",,157,,46,,"57,106,189,243,312,473,589",602,"55,58,59,63,398,404,405,560,561,567,610,611,612,617,622,646,650,690","620,648","81,522",231,"16,20,402","16,72,76,492",
YOL018C,"128,134,168,185,189,193,218,229",,"99,189,193,198,297,301,305","95,99,137,168,185,189,193,297,301,305,311",,,,"95,137,189",60,"250,259","19,63,346,357,361",171,"204,307,381,388","227,287",,,189,317,
YOL020W,"543,551",102,20,"29,31,79,298,461,465,543,548,551,575",,,,"298,514,551",10,,190,337,"35,36,37,38,41,43,72,75,76",577,263,592,"10,461,465,514,551","10,568",551
YOL021C,"124,305,385,515,524,719,874,969","3,25,404","124,391,447","524,530,532,558,993","55,502",,,"124,524,558","741,876","9,42","123,163,167,355,356,361,735,775,909,910,943","20,206,211,452,455,459,761","18,698,707,709,843,844",832,"502,793,850",,"375,515,524,876,887","297,515",719
YOL023W,"52,53,158,436",,"195,285,359,409,415,420","133,139,143,377,415,416,420,545,568,573,574,592,608,635",,,,"84,191,194,195,369,371,600,607","568,608",541,"21,59,64,93,118,216,430",122,324,667,"368,500","363,599","139,377,568,607","56,359,409,573,574","139,143,377,409"
YOL027C,"22,80,327,369,475,566,572",,"62,86,217,377","321,377,378,418,533",,,,"22,189,289,321",,,"96,366","52,57,58,61,63,65,71,72,73,452,456,460,461,463,507,508","258,372",300,,315,"287,289,327,369,475,519","369,434,436,440,448,454,475,519,526,527,533","369,381,411"
YOL028C,13,,"49,52,182,187,197","15,18,52,182",,,,"172,237","18,67",,39,,"112,119",,,,15,"15,172,229",
YOL030W,,,"156,310,426","163,164",246,,,,,,"5,41,147,150,280,324,325","427,430,432","104,416,418",326,110,,297,,"294,297"
YOL031C,,,,"81,333,334,378",,,,"337,378","205,333,334,337",,"162,196,214,296,314",230,"6,9,370,374","146,228",,,"337,378","203,205","333,334,337"
YOL032W,152,,,"84,91,92",,,,,,,"47,127,128,162,163,177",89,112,,,,,"69,147",
YOL033W,"178,228,368",,"16,19,28,33,34,36,228,353,357,405,408","28,36,228,296,305,353,357,362,444,522",,,"159,160",460,219,46,"397,449","8,10,13","24,47,193,300,302",,"142,413",,"89,219,305",,"116,219,228,290,368,448"
YOL034W,"31,286,581,598,599,845,847",947,"31,111,233,235,293,452,598,674,1030","111,233,235,259,260,293,301,303,304,327,335,337,367,368,377,531,574,612,674,770,773,777,819,845,847,850,854,909,915,979",,,,"97,98,117,356,368,574,598,599,764","337,344,847,872",,"121,508,860,862,1040,1089","14,20,200,396,435,446,448,588,636,721","252,541,544,588,593,692,696","127,155","577,1065",,"98,773","31,89,104,445,624,667,928","452,531,581,684,915"
YOL036W,"285,286,362,484,541,624,745",,"124,285,286,341,345,351,430,494,527,541,613,618,624","171,351,494,527,613,618,624,632,633,739",683,,,286,,,"23,100,102,174,210,227,230,233,248,254,266,438,511,538,539,670","37,38,40,41,42,44,106,267,289,371,398,440,442,444,509,588,620","6,7,33,35,37,38,39,66,67,75,77,78,82,104,106,226,229,234,235,237,242,244,256,257,260,312,314,316,355,440,442,448,468,469,470,521,535,565,572,601",,"683,725,728","725,728",731,"124,541","285,694"
YOL038W,177,,66,"63,88","46,191",,,"39,88,169",,6,,,,"120,156","41,46,191",46,177,146,146
YOL039W,,,"21,23",21,,,,,37,,,,"79,96",7,,,48,,
YOL040C,72,,,,,,,,,18,,"134,135,136",,,,,72,,72
YOL041C,"23,49,50,145,320,345,355,400",442,"38,40,167,400,444","23,40,167,170,171,249,320,328,335,342,345,355,399,422,423,431",29,,,"49,227,320","16,450,451",,243,"125,130,131,346,354,358,437,439,443",74,"101,324",,,139,345,"134,145,320"
YOL047C,,,319,277,,,,273,,,,349,"19,329",,182,,273,42,
YOL049W,"355,363,378",,"56,197,201,345,346","137,201,244,248,355,363",57,,,"135,136,137,201,269,355,363",,,"40,471,474",205,39,,,484,"135,136",,"207,235,244,355"
YOL051W,"50,59,180,217,321,509,590,780,781,975",,"59,180,515,523,755,760,766,780,781,813,942,946,948,1028","9,19,59,64,229,856,870,1001","591,903",,,942,951,137,"389,390,409,754,914,953,1075,1076","702,746,750,752,769,773,774,777,778,783,785,789,793,798,800,803,804,807,1034","80,163,307,505,729,730,746,810,816,820,828,831,933,1003,1008,1034",66,,903,,"9,895,948,1031","44,50,59,217,221,348,509"
YOL052C,"44,50,133,135,174",,174,"75,76,78,361",,,,"133,135,174,245",,59,"356,366",73,,,,,"50,174",374,
YOL052C-A,,,,,,,,,,,,,,,,,,,
YOL054W,"17,106",399,"106,111,124,133","105,111,133",,,,106,,209,"82,249",,"135,143,191,212,213,310,322,329,341,344,353,357,358,359,361,365,403","190,332",71,,"17,106,111","111,113","106,133"
YOL055C,"112,189,322,358,435",,"68,77,140,185,192,319,322,437,480,482","89,97,318,319,402,428","164,309",,,"92,166,189,192,437,482","89,189","454,455",234,"35,191","71,75,258",432,"93,278,309",278,"286,428,480",482,"149,166,192,199"
YOL057W,"102,108,272,507,570,573,648",500,"31,232,410","276,311,499,616,620,628,670",,,,"272,276,616,620",,,"280,415",,"52,131,132,135,137,314","163,683","113,626",639,"102,272,628","18,600","28,31,648,689,693"
YOL059W,"100,327,369",4,"369,372","337,372,379",225,,,"369,372",,,"130,311,312",91,"70,72,75,87",,199,403,327,125,"327,337"
YOL060C,"248,590,597",44,"72,73,76,467,473,474,540,590","76,184,185,429,590",,,,590,,,"422,423,466,564,617,651","442,448,494,526,529,659,660","401,402,408,484,486,489,490,494,499,503,537,538,539,541,545,591",571,,,,603,248
YOL061W,"114,116,414",,"360,411,414","145,414","95,473",,,"114,116,290,414",,,"66,118,197,200,345,374","123,127,130,131,165,168,169,171,322,342,343,347,367,368,369,370,372,381","123,127,130,132,146,183,185,332,352",119,473,"62,473","116,414",,
YOL062C,"284,471,476,479","5,489","232,373,471",369,300,,,,,,256,"157,158,159,160,161,163,164,165,242,348,350,351","27,29,176,179,180,181,277,325",,"300,305,388,397",,"209,268",21,197
YOL063C,"102,418,419,513,678,685,947",,"101,102,423,685,930","102,418,419,423,572,685","32,359,880",,2,"102,388,390,418,419,513,631,678,930","928,930",940,"45,63,67,193,216,219,540,588,595,624,629,695",511,"89,90,221,279,696,704,733,735",292,"394,827,834,880",,"337,678","101,102,109,513,732,737","102,285,678"
YOL064C,229,,329,"32,68,219,229",,,,,,,255,"26,30,36,38","209,243",,349,,"99,102,103,219",,"39,99,102,103"
YOL066C,"24,46,222,283,444,558,590",244,"27,125,260,558","18,24,27,46,551",275,,,"46,64,65,241",,,"41,552","73,511","4,287,561",70,"275,303,449,498,526",,"24,46,241,426,444","64,65,248",119
YOL067C,"18,76,113",,79,"71,76,79,82",,,,,,,"53,132",,"59,163","46,170",,,,,
YOL068C,"49,60,66,165,168,281,283,472,473,478,479",,"60,62,176","66,74,168,172,176,472,473,479",,,,"60,62,66,74,172,176,281,283,489",,,"127,129,360,483",128,"40,155","344,346","56,410,484",454,,,"66,118"
YOL069W,,,,"201,204,270,271,281,366,375",,,,271,46,,"32,62,65,107,312",,68,,,,201,"113,375,388",
YOL070C,,,"122,127,164,182,419,420","122,181,182,190,200,223,369,408,410,411,414,419,420,421,489,493,496",,,,170,190,186,"78,85,149,382","41,42","21,26,61,66,111,112,117,147,151,152,154,156,188,321,322,403,407",119,,,"170,369",369,460
YOL071W,"51,131,160",,"121,124","56,65,75,131,139",,,,"124,131",124,,,58,,,,,124,"56,150",136
YOL072W,"362,427,428,445",,,"35,362",,,,"427,428",,,"15,22,162,263,298",117,,214,,417,"205,283",,"35,445"
YOL076W,"19,24,30,53,58,255,281,410,412,413,729,732,736,761,775,783",793,"67,129,136,171,285,383,385,723,725,775,780,783,791","48,53,238,241,248,412,413,636,645,723,729,770,775,780",399,,,"48,53,241,385,732,783","255,259",,"658,659","712,715",498,"137,309",399,741,"383,385,490,714,720","171,775,780,783","24,136,775"
YOL077C,"6,11,103",,"13,235,240","61,64,69",83,,,,,,"15,124,128","2,3",,242,,,"69,240",131,69
YOL077W-A,"38,40",,38,"45,49,53,60,61,65",,,,"38,61",,,,,,58,,,,45,
YOL078W,"25,280,330,337,452,601,646,742,919,920",697,"158,320,328,337,539,550,581,626,636,689,696,931,935,975,979,981,982,986,988","94,337,342,581,584,634,636,696,876,881,913,919,920,929,931,936,979",,,,"320,330,634,636",584,,"138,362,377,403,523,556,737,738,808,838,902,1038","325,326,407,414,415,448,490,492,496,543,545,547,552,554,555,586,653,694,695,998,999","65,123,182,215,216,229,273,299,301,334,407,448,453,470,562,763,941,944,996,997,998,999,1002,1023,1024,1026,1027,1047,1050","450,503,630",,,330,"330,337,342,584,1112","452,891,895"
YOL080C,"68,72,116,190,191,233,239,277",,"34,35,38,77,89,190,244,245","52,75,180,186,190,191,233,237,239,244,252,277",,,,"190,191",191,,"91,113","43,44,45,46,92,93,94,95",,,,,"180,186,190,191",,"159,191"
YOL081W,"558,643,655,656,672,864,1353,1500,1502,1667,1672,1772,2194,2232,2500",,"648,655,665,808,813,865,930,960,1011,1217,1354,1667,2150,3046","10,655,656,665,666,669,864,1311,1354,1362,1526,1529,1672,1733,1772,1773,1883,2194,2525,2534,2814,2817,2857",1407,,,"655,656,1875,2338,2683,2972","2338,2683",1016,"43,253,317,494,610,729,741,742,751,1127,1261,1415,1622,1717,1887,1890,1894,2058,2127,2129,2135,2296,2297,2441,2802,2828,2838,2938","264,270,319,391,399,452,453,455,459,463,464,504,511,529,536,635,873,878,963,964,966,999,1000,1748,1750,2494,3031,3039,3040,3041","370,429,531,533,629,630,631,635,659,870,871,882,885,889,894,924,927,928,933,1007,1358,1735,1752,2302,2305,2871,3026",1212,1407,186,"720,808,1024,1672,1905,2273,2338,3065","163,868,1494,1787,1997","316,1672,1905,1909,2176"
YOL082W,"56,292,299,318",,"238,248","169,176",,,,"290,292",101,,"3,7,11,103,148,279,280,282","13,156","6,124,136,141,232,362,365,368,372",93,,90,216,251,
YOL087C,"124,125,507,510,661,739,931,1027",,"312,313,385,387,510,558,563,570,594,600,661,678,818,821","37,510,558,569,570,676,743,808,812,818,821,962,1050",,,,"125,510,808,1040","125,519,821",1046,"212,232,347,611,719,755,756,863","63,280,285,349,350,748,754,804,806,1022","566,575,577,619,623,684,704,748,764,767,771,772,773","8,389,894",136,,"124,125,507,510,1027,1050","510,698,743,821,931","931,1050"
YOL088C,"122,184",3,"88,92,193","88,184,221,224,226",35,,40,,,,"17,19",,"247,248,249",,,,"26,184,213",,"51,52"
YOL089C,"154,252,339,394,431,577,660,785,786",,"230,240,273,277,290,361,402,446","129,130,154,240,241,269,277,435,511,791,867",,134,,"269,290,867","642,798",131,"645,649,650,740,841","35,157,422,544,962,965","35,41,43,314,513,952,955,979,982,986,990","395,396,514,832,958,1020","688,694","159,166,534","252,787","272,273,511,577,578,865,867","402,785,865,949"
YOL090W,"283,292,296,466,527,528,867",,"22,28,29,111,114,556,893","28,29,32,75,235,296,527,528,556,817,875,883,890,891,893","220,222",,,"9,75,117,292,296,408","9,296,680",,,"2,3,4,11,324,570","24,33","167,557","222,265",220,"292,296,408,830,870,950","9,296,489,498,530,867,927","75,117,283,290,572"
YOL091W,"292,336,547",,"71,124,134,285,296,309,318,320,322,329,330,417,442,459,463","89,124,250,255,276,285,318,329,330,332,336,351,352,354,442,452,459,547",,,,"292,322,442,547","80,332,336,352",,"340,389,425,446,523,524,528","70,72,150,287,414","30,65,67,70,81,119,143,221,448,450,531,532,533",289,,,"354,418",,"401,404,547"
YOL092W,,,,,,,,,,,"9,189",,108,,,,,,
YOL093W,,,145,"36,145,193,224,276,282",,,,"145,215",,"72,121",89,"150,270","91,93,285,286,287",,,,136,65,136
YOL094C,"149,165,173,180",,,"165,173,180",,,,"149,165,238",,84,"136,145,148",6,"4,164,167",71,61,,"173,237",,
YOL096C,"163,168",,,"32,63,163,167,168","158,180",,,"167,168",,,"65,272",,"34,37",,,20,"63,168",,251
YOL097C,"101,147,151,160,168",,168,"23,57,65,151,160,377,411","255,266",,254,"52,153,160,277,312,317,320",92,,216,56,,,,255,"160,168","18,272,274","57,81,101,151,153,160,360,367"
YOL100W,"97,107,158,422,426,444,449,465,492,839,942,948,1033,1072",,"173,202,219,220,222,228,233,326,456,469,492,630,672,839,842,938,942,957,983,1018,1056,1077,1079","21,29,30,107,180,208,228,421,422,426,456,484,831,841,906,908,938,957,960,968,1033",279,,"634,635,638,639,642,643","212,271,677,1033",,,"332,333,362,682,731,805","8,344,489,579,582,585,586,587,588,590,591,593,600,623,628,658,766,768,771,773,847,848,935,955,975,990","45,49,348,352,357,500,502,503,505,522,523,525,528,560,562,566,600,608,609,610,611,686,733,746,855,856,860,976,987,988,990,992,999,1001,1003,1009,1011,1013,1016,1019,1022,1023,1081","272,355,656,663",,,"62,66,212,426,444,831","32,143,147,149,158,729","107,180,270,271,326,347,780,938,957"
YOL101C,265,2,,"40,41,50,233",,,,"50,53",,,"23,57,62,127,198,270","3,5,97,98,253","5,6,10,312",,14,,265,13,
YOL103W-B,"307,491,748,752,1226,1441,1448,1453,1739,1744",,"186,379,381,396,559,568,569,615,1001,1002,1022,1113,1440,1441,1447,1448,1453,1503,1632,1637","45,652,814,1226,1249,1276,1281,1299,1440,1441,1447,1448,1453,1482,1503,1506,1680,1694,1700,1709,1739","758,1645",,178,"254,515,752,1249,1441,1447,1448,1680","1495,1506,1680",1275,"278,333,369,376,408,445,448,575,616,617,623,743,775,991,1073,1074,1104,1160,1185,1664,1665","40,318,577,760,761,956,1039,1067,1069,1114,1116,1117,1169,1174,1177,1688,1738","23,36,71,157,356,365,411,418,420,421,422,809,960,962,964,965,1005,1006,1032,1051,1053,1055,1093,1095,1099,1140,1142,1181,1187,1203,1508","1054,1272,1273","18,43,540,758,788,1645",758,"207,368,379,381,568,569,1440","1113,1190,1357,1474","368,491,568,569,748,752,817,1178,1263,1276,1448,1453,1680"
YOL109W,91,,81,"23,29,34,91",,,,,,,,85,,,,,"7,18,29,34,45,91,102","56,57",7
YOL111C,"33,36",,36,,,,,"36,61",,,,"21,23,39","30,32",,,,,,
YOL113W,"170,381,535","4,133,135,141,398,543","230,328","6,230,286,287,290,381,392,610",67,,581,"204,381",,297,"57,79,195,301,302,427,596,597","92,95,99,100,130,256,272,275,276","81,85,205,221,223,477,545",,529,,"41,170,243,381","201,204,381","328,509,610"
YOL115W,"275,282,306,508",337,"480,489,559","27,472,480,484,489",,,,445,,,"201,432","5,250,525,526","39,129,193,565,568,583","537,566",,,"4,262,472,489",154,"36,262,275,406"
YOL117W,"64,83,117",,"266,421,595","219,222,592,595,603",549,,,307,,159,448,,"2,14,21,43,105,106,109,350,600,604,617",,,,"83,595",83,83
YOL121C,"27,75,110","4,6,88",38,78,,,,78,,,,,125,,,,"27,56,78",27,110
YOL122C,428,"2,4",532,,,,,,,,"22,95,152,300,463","52,53,54,488,492","24,313,315,316",,,,,"312,323,487,491",
YOL123W,"209,226,257",,"226,231,312","151,189,192,226,231,304,309,312,316",,,,226,,"200,513,516,519,525","61,62,444","186,196,199,206,211,212,283,290,293,391","2,3,432,435,439,441",,,,"189,192,309","16,24,25,95,209","181,209"
YOL124C,"258,259,301,314,394",,,"184,306,334,335",388,,,"158,259",,,"28,173,410","152,161",,,388,388,"58,301,306","179,258,259,335","81,158,323"
YOL125W,"107,161,166",,"256,263,269","51,93,94,97,287",335,,,"166,448",27,,"62,323,359",268,,,,"21,43,348,352",52,"107,280,287",287
YOL126C,"254,360",,,"360,365",,,207,"360,361,365",,,94,"13,75,78,80","80,81,83,377",,,,,,
YOL127W,"21,22,74",,"11,16,21,25","21,25,49,97,120",,6,,,"100,109",,117,,"31,127","123,130",,,"74,75,96,97,100",61,
YOL129W,,,,24,,,,,,,52,"91,105",,,,,,,
YOL130W,"146,151,386,630",286,"64,69,168,180,183,204,207,210,230,816,846","235,825,828",,,462,"630,816,835",,,"322,662,668,669,770","15,17,26,85,88,113,155,157,158,159,160,162,172,173,174,176,220,229,428,617,673,682,683,813,850,853,856","53,176,184,185,188,212,214,215,216,217,220,221,233,255,267,270,349,351,355,357,850",77,636,"459,461,469","630,634",,69
YOL135C,"21,115",,"35,37,38","30,33,37",,,"14,15,16,17,18,67,68,69",,,,107,,"212,214,216,220",,,,,,
YOL136C,,,171,"170,171",,,,,257,,"19,156,200,237,247,319,366","147,149","157,158,159",273,"119,327",,"166,171",,
YOL137W,,,"55,63,65,336",63,,,,,,,420,,"33,37,41,46",,,,139,,
YOL138C,"199,796,1040,1261",1338,"30,101,109,113,115,136,139,146,202,208,216,292,294,446,448,450,622,726,965,1093,1151","127,136,139,363,364,481,570,954,955,987,1145,1146,1152,1162,1163,1166",255,595,1336,"101,450,1145,1152,1166",,,"9,24,40,41,187,230,231,291,297,426,427,528,532,716,737,745,781,782,896,1255","125,128,129,183,186,188,189,423,460,530,618,620,621,623,814,815,817,818,996,1003,1005,1089,1095,1096,1115","2,26,27,103,128,129,134,135,183,210,211,296,814,815,817,818,1026,1028,1030,1036,1053,1057,1123,1129,1133,1292","91,99,133,332,339","255,374",,"136,139,336,340,450,810,999,1145,1162","363,364","216,314"
YOL139C,"42,181",100,162,181,,,,"8,9,114,168,172","8,9",,13,"57,59",,,,,"36,42,49,111,114",172,
YOL140W,"43,107,137,142,334",,"203,341","107,136,142,334,335",,,,"43,105,107,335",377,,,"7,8,9,10,11,57,87,388",16,45,35,,"43,334,335",203,"232,233,330,355,377"
YOL141W,"2,38,298,321,322,326,695",,"154,166,174,609","267,589,603",210,,,"21,484,589",,83,"32,198,370,519,579","541,640,664","278,282,606,616",,384,"382,384","8,38,274,589,603","12,326",
YOL142W,"183,217,224,232",237,20,"47,49,224,232",27,,,224,232,,"104,109,218",,,56,,215,"47,62,224,228","108,238",
YOL144W,"61,70,72,77,217","4,91","77,166,213","61,70,72,77,82,106,108,109,110,213,217,312",,,,"61,64,72,77","61,72",,"148,154,156,237,300,457",,"65,234,239,264,268,274,370,423","194,296",,,"64,77",,"184,217"
YOL145C,"107,999",,"277,419,427,525,530,799,1008","274,375,424,427,440,450,487,525,528,530,534,583,689,759,793,799,813,847,889,999",,,,"239,274,277,443,677",,,"251,269,272,402,428,539","110,112,115,429,430,886,887,890","560,566,587,595,974,977,1013,1015,1017,1036,1039,1046,1056",754,,,"274,277,525,915,955","496,528,889,1026","116,479,799,854"
YOL146W,"89,185",,"43,185","174,178,179,185,188",,,,,,,,180,,,,,,89,
YOL148C,,,"230,573","180,271,574",149,,,479,180,188,"176,241,242,243,324,406","424,425,432,433,434,435,436,438,440,467,510,575,596,599,600,601","21,27,30,52,244,438,512,516,575,577,579",310,,,180,,
YOL149W,35,,167,53,,,,"33,35",,,"93,101,121,127",,76,,,,"33,52,119,130",,"52,53"
YOL151W,"22,26,70,169,170,174,210,211,337",5,"26,36,287","36,112,113,211,312,314,320,325",86,,,"36,113,170,210,211","174,287,337",,"39,214","30,127","227,266",,"86,166",,"36,113,210,211",337,"247,315"
YOL155C,"340,904",,"423,742,873,884,894,904",,,,,,,,"5,470,615","18,20,291,293,294,296,298,397,570,580,722,723,725,727,728,764,812,814,817,829,830,871,874,876,877,879,880,883,886,887,889,890,893,896,897,900,901,903,905,912,913","43,74,76,77,86,87,89,90,249,252,254,255,257,258,282,732,766,768,879,880",,849,,,,367
YOL158C,"579,589,591",603,"30,108,523","30,261,530",,,,"507,530,579",,,,"84,583",,,,,530,,
YOR001W,"40,121,155,658,660,691,725,732",,"43,131,135,137,153,385,559,563,593,629,634,659,676,683","40,43,45,121,127,137,593,595,669,676,727,732",553,,,"343,574",683,36,"122,556,567","163,165,566,568,569","412,417,707,708,709,711","406,416,432",,,"32,131,343,356,660","43,70,587,593,595,629,634","269,683"
YOR004W,"21,188,193,200",,166,"166,169,200,209,212,221,223,228,230,231",,,,"169,200",,,"39,40,42,90,108,248","152,153","182,186,215",,,64,"82,97,169",160,178
YOR006C,,,80,"65,73,212","95,196",65,,,,,240,197,"256,281",144,95,"95,152",,,
YOR007C,"150,180,185,209,216,217",,"22,124,157,218","106,185,216,217,218",,,,"116,185",,,"203,310",304,"245,335,339","138,139,152",,,"80,81,116,216,217,218","99,101","23,101,106,111,116,124,185,194,195"
YOR011W,"99,330","172,1392","239,308,699,764","34,235,368,369,376,841,1033,1034,1076","848,1296",,,"368,369,686,1382",94,170,"189,197,297,300,673,674,755,757,768,1336","2,4,678,706,708,710,711,712,713","100,102,301,345,346,706,708,710,711,712,713,714,715,724,726,886","6,85,618","105,607,848,957","134,260,586,1323",667,"293,1033,1034",686
YOR014W,"82,441,721",,"42,43,118,164","82,119,124,130,721",,,,,,,"190,546","37,38,39,40,41,46,48,49,50,51,54,55,57,95,96,98,99,100,101,102,103,104,189,233,234,434","54,55,57,58,60,61,62,64,66,67,186,262,321,739,743,754",,,,493,727,"164,707,721"
YOR016C,,188,"92,99,101,110","63,101",81,,,131,71,,,3,"55,66,109",,81,81,131,64,128
YOR017W,"99,103,104,110,247,442,672,677",,"158,256,295,487,495,672","99,103,104,300,393,493,552,555,655,717,722,727,740",,,,247,,,"70,201,303,356,411,412,461,547,644,699,760","119,601","44,203,230,232,233,238,244,291,353,357,360,366",365,,,"247,672,741","359,557,561,567","93,99,239,247,722"
YOR018W,"132,411,647",,"116,122,132,134,153,696,702","305,628",354,,,10,,,"466,575,719,732,733,739,741,759,767,793","402,403,421,625,626,713,762,763","138,139,141,225,315,326,371,428,429,436,445,452,553,559,608,617,619,622,623,624,625,720,722,803,805,806,807,810,813,815,823",,354,,"153,301,305","401,548,628,647",122
YOR020C,"9,62,102,105",,"28,38,62","9,24,28,38",,,,9,,17,,,,,,,"6,9,38,42",,"9,28,102"
YOR022C,"52,53,55,165,250",,"158,240,271,274,275,382,389,639","53,55,160,165,232,240,247,250,264,274,275,381,382,389,620,634,639,640,643",,,,"275,382,516",,108,"181,223,261,281,290,292,386,478,647,656,704","234,235,236,238,239,242,243,244,245","50,58,62,267,395,635,636",,,352,485,"55,135",485
YOR023C,"101,367,369,370,414,548",,"224,232,377,388,558","60,121,224,359,367,369,370,377,407,414,441,548",,,,"121,367,369,370",,562,"153,156,158,181,280,331,394,398","223,225,227,231,234,237,241,243,316,471,473","3,37,213,282,283,391,457,458,460,465,505,508,509,510,537",379,285,318,"369,370",295,"114,367,377"
YOR026W,"109,152",,"23,140,148,150,193","148,150",,,,,,,"143,145,146,159,168,169,184,231,329",,,,,"105,108",152,152,193
YOR027W,"9,54,68,75,246,271,333,354,395,404,512,575",,"98,238,353,354,361,404","54,146,150,156,266,271,274,353,361,380,383,395,409",453,,,"9,75,111,146,147,274,337","574,575",,"45,202,235,499",578,"245,248","297,306,390,510,511",,,"9,19,98,99,146,147,150,333,337,409,512",266,"23,30,68,75,98,264,266,271,287,293,308,337,348,353,354,361,404,459"
YOR032C,"6,301,302",,"24,188,227,244,285,324","244,301,302,327,333",,,,"28,302",,,"45,102,103,376,421,422","9,12,218,222","169,170,182,191,242,247,248,374,377,378",105,303,,28,"200,201,246",188
YOR034C,441,745,67,"290,722",259,,748,"256,342",293,,"534,696",,,,"259,448",347,,,
YOR035C,"25,28,163",789,"345,433","28,54,163,253,256,257,321,760,768",484,,,"28,163,707","701,707",,"350,385,423,494,744,747,764","232,766","29,384,599,600,602,603",552,"4,324",4,"28,760","28,345,361,433,788",453
YOR038C,"155,507,538",,"254,395,507,840","284,366,373,840,848,849","117,654,741",,,"472,473,622",166,"494,496","194,238,239,489,650,700,715,732","258,261,460,462","717,719,726","277,577","267,654,854",,,"56,377,395,457",200
YOR039W,"132,252,257",8,"246,252","126,242,246,252","139,144",,168,,252,,93,,258,,"52,139,144",,252,,"70,216,224,238"
YOR040W,"14,133,211",,211,60,149,,129,"193,202,211",193,279,204,265,"51,55",200,234,"161,234","191,193",,"59,60,220"
YOR043W,"137,404",485,"212,340,371,444,445","249,250","174,263",,,,,,"85,145,146,275,295,330","211,283,337,339,347,352,356,370,390","147,378,381",51,,174,304,,
YOR045W,,,,,,,,,,,,,,,,,,,
YOR046C,"111,114,187,190,433,443,474,477,481",,"39,45,49,76","21,34,39,45,111,114,258,263,283,284,312,349",,,,"203,205",,,,381,"2,4,14",455,167,,"111,351","16,45,53,60","92,111,114"
YOR048C,"16,488,825,915",3,"455,806,815","153,478,488,497,500,510,787,815","368,828",,654,"363,497,500,909,915","497,815","607,767,971,1005","224,271,445,499,502,886,888","199,496,985","120,154,157,161,164","83,957","61,545",,"267,363,473,500,909","777,909","153,282,471"
YOR051C,"393,401",405,330,"24,25,128,182,184,323,338,341,342,351,393,396,401",,,,342,131,,"204,375",,"33,38,41,231,238",,,,,351,"303,349,393"
YOR054C,144,,"8,12,64,147,178,179,248,370,371,372,378","147,370,371,372",,,,"372,522",,284,"68,170,171,357,596","2,18,43,63,90,92,94,219,221,225,229,334,384,385,386,388,406,411,418,420,422,423","16,18,49,55,56,57,59,61,63,65,90,92,94,100,108,117,118,124,173,174,181,192,195,196,198,214,216,219,223,224,229",,487,,"178,179,521",,144
YOR056C,351,,"74,80,351,375,380","51,125,448",,,,"116,320,440",351,,"4,228,453",,"207,370",,,,"45,74,402,405",405,
YOR057W,"5,8,12,32,102,115,250",3,"112,113,148,152,259,260,274,275,292,318,345","73,137,138,140,141,143,259,260,267,274,275,318,319,320,355",,,392,"5,8,12,73,115,255,320",115,81,"37,163,164","315,317","34,36,156,166,168,171,177,182,217,227,384",228,,,"8,12,18,115","32,174,250,259","134,267"
YOR060C,"135,213,228",,142,164,,,,"81,213",,,"9,185","32,69,70,71",152,"47,172","6,118",6,135,"126,168",
YOR061W,"55,60,75,128,240,245,332,335,337",,,"245,332,335",,,,,245,,,66,62,"50,61,193",,,"289,290",,"55,60,169,181,326"
YOR062C,"89,160",,"11,12,150,159,160,167","150,159,167,169",,,,143,,,"19,22,208",,"2,3,7,10,62,64,177,181,228",,,,"11,143,159,160,167,169",,
YOR063W,"115,120,126,127,128,132,136,153,191,318,325,340,357,364,367,376,384,385",285,"34,136,340","34,39,132,136,174,236,237,241,325,333,340,357,364,367,376","251,327","222,248,318,325",,,248,62,345,"44,45,54,221,263,346,347","306,355","154,314,343",251,251,"136,174,175,281,287,384,385",,"115,318,325,357,364,376"
YOR064C,,,"90,100,102,131,203","100,123,131,200,203",,,,,112,,"91,93,98,162","135,136,138","9,11,133,135,136,138",111,185,,112,42,
YOR065W,146,,"28,31,35,150,296",,"101,104",35,,35,,,,"3,13,20,21,23,27,38",84,,,,,,
YOR069W,"67,230,262,265,271,277,282,286,586,592,629,631",,"67,147,156,286,397,629","262,398,471,480,484,531,620,621,629",,,,621,480,,"144,249,409,514,617","72,142,145,146,451,453,535,536","141,146,182,184,535,536,540,541",,,,631,"286,397,586,629,631",338
YOR070C,"148,154,302",3,"28,257,542",265,,,,"263,265",407,,"137,138,141,453","99,101,102,212,539,541","60,99,101,104,107,130,186,188,193,195,197,213,517,519,520,528,530,536,539,541,546","90,95,218",,,,,"78,265,542"
YOR074C,149,"110,214,304",,"59,60,106,109,277",,,,109,151,27,94,162,,117,201,201,"8,102,106","109,273,277,283",151
YOR075W,,,"270,316","70,142,312",,,,,,,"41,193,269",178,"50,83",,,,,,
YOR076C,104,,"29,53,56,61,63,65,87,94,97,238,241,242,407,482,484,486,585,635","44,51,53,56,63,65,86,87,94,97,104,111,113,234,238,241,419,585",,,,"16,56,160,635",619,,"144,267,473,475,479,594,595,679,701","24,26,27","24,88,90,110,114,235,249,307",134,,193,160,"476,484,486","362,436"
YOR077W,"82,88",222,,"12,34,82,226",,,,"69,88",,97,,,"45,53,56",188,,,186,"8,193",88
YOR078W,"193,194",,"193,202","168,172",,,,87,,,100,"13,189","13,39,40,41,45,144",,,,,,
YOR081C,"31,301,357,535",,"52,53,78,537,590","357,359,535,537",521,,,"357,590","611,631,642",,"270,289,297,304,320,321,474,680,714,742,743,749","21,134,377,622","253,618,620,625,626,632,633,635,639,645,647,666,697,716","86,551",521,,"351,357",631,
YOR083W,,103,,,,,"61,63,157",,,,,"2,5,156,164,275,276","2,5,9,11,12,79,113,115,142,143,154,156,170,215",130,,,,,
YOR085W,"8,12,15,96",,"12,15,16,21","15,96",,,,,,,,,"23,324",,,,"117,282",282,
YOR086C,"3,162,514,599,627,630,634,692,698,765,825,913,954,1035,1036,1041,1116,1125,1136,1175","66,594,595,902","396,399,461,463,465,566,621,917,926,1085,1128,1129,1136","12,150,358,396,399,513,514,599,621,627,630,666,749,755,763,808,815,821,822,825,917,1035,1036,1041",,,,"3,266,487,495,566,627,630,634,692,903,917,1036,1160,1161",917,,382,"6,9,290,1146,1147","401,402,403,1000","579,1019,1020","683,725",,"621,903,913,917","32,34,162,168,487,749,750","513,514,675,684"
YOR087W,"327,335",2,"48,327,403,623","48,327,622,648,673",61,,,"84,86","667,671,673,674",,"413,656",,625,"473,493,631",343,343,"70,73",,327
YOR089C,"103,111",,174,"103,145",,"57,145",,,57,,2,"22,55,63",,,,,,,"103,145"
YOR090C,"19,29,79,245",,"319,368,370,515","15,19,207,245,370,375",308,,107,"19,461,567",,,"128,227,267,268,289,292,315,481,482,554",300,"96,104",400,,,"375,461","131,385,453,458,461",108
YOR091W,"15,36,39,122,157,162,165,257",77,,"33,36,39,48,106,157,165,207,257",,,183,"257,314,338",4,,134,221,,,,101,"314,337,338","121,122",
YOR093C,"196,471,472,474,745,1029,1101,1153,1336",,"291,316,471,472,736,1036,1101,1134,1140,1144,1153,1290,1292,1293,1300","25,32,196,316,319,471,472,474,481,736,745,827,835,1110,1271,1290,1455,1468",,,,"307,316,474,953,1037,1127,1129,1204,1455","318,441,471,472,474,1466",57,"28,98,128,151,209,288,644,881,917,992,995,1198,1211,1212,1301,1302,1447,1472,1473,1488,1565,1597,1634","80,147,367,1023,1041,1342","58,72,73,76,77,79,105,114,967,970","314,435,874,937,944,1329","479,483,487,1491,1540,1585","276,479,483,487,861,1540,1551,1555,1585","307,728,1159,1204","319,585,886,951,1466,1468","44,196,745"
YOR094W,"7,27,62","68,180",36,41,,,,131,,,"176,177,179","4,6,48",,35,,155,,,"104,135"
YOR095C,"22,35,130,137","253,255","137,195","22,130,151",,,,,,,240,46,,,75,,"65,195",,"35,195"
YOR096W,"55,56,76,83,124,148,165",,148,"35,44,76,83,84,151,157,165,175",,,,"138,151,157",,,,,"2,115",,,,"35,44,138,157,165,179",165,"55,72"
YOR098C,"423,488,595",,"16,24,32,33,38,39,191,283,288,324,347,352,375,507,588,644,654,797","33,38,39,326,348,352,362,481,502,653",,,703,"24,224,630,764","362,423,426",,"4,165,261,385,391,686,716,717,793,808,811,815,828,835,930,934,935,974,986","3,59,292,293,297,333,354,355,356,376,381,383,387,393,399,402,403,404,412,414,416,417,419,427,443,444,449,480,489,534,535,539,540,544,550,554,556,559,561,564,586,602,603,606,639,662,664,665,672,685,687,688,690,692,719,721,722,723,726,728,734,737,738,741,746,791,794,795,796,798,810,816,817,818,820,876,902,904,905,917,918,970,1018,1035,1036,1037,1043","10,11,18,20,21,22,25,28,54,59,159,161,249,250,252,293,308,311,313,315,344,346,349,350,475,522,602,603,606,646,647,650,685,687,688",,,,,633,"230,426,442,452,547,567,568,581,588,630,633,701"
YOR099W,"10,221,244,384",,"45,57,131","65,92,220,381,384",,,,3,161,,120,"43,47,48","40,43,47,48,51,52,54","46,56,58",,,,,60
YOR101W,177,,,,,155,41,,49,48,"4,208,209,266,292","7,42,46,65,72,90,134,293,294","42,46,152,153,286","39,47,71,178",,"305,306,309",,,
YOR103C,40,,,,,,,,,,,,,,,,,,40
YOR104W,,23,,,,,"261,263,275",5,,,"91,92,132,276","162,255","176,204",,,,131,274,140
YOR106W,119,,"63,90,99,101,152","46,50,96,99",,,,"96,99,101,119",,,"71,234","120,123","114,120,123,126,127",,72,,,"63,119",
YOR107W,"50,53,86",,200,"159,276",,,,53,,43,"79,92,109,167,177,217,220","234,235,250","81,83,179,180,181,243",,108,,"158,159",176,
YOR108W,"346,457,463","2,575","54,58,177","58,177,447,457",300,,"348,350,351,354","28,84,148,187,190,373,488",28,61,"71,168,536,555",189,541,"406,512","128,300",,"190,400,457",463,"84,89,96,457,463,466"
YOR109W,"44,48,49,144,232,321,325,537,559,586,667,733,1001",,"25,34,48,338,346,349,580,581,622,664,667,674,675,830","34,48,49,53,244,487,664,667,674,675,859,866",88,674,"965,966,967,968,969,977,979","83,408,464,580,581,667,675,804,866",,"717,725","148,409,901","305,503,928,948,951,952,991,992,993,995,997,998,1021,1026","172,174,175,177,345,822,952,954,956,973,980,981,982,986,988,991,992,993,995,997,1039,1061,1100","548,812","37,88","37,88","580,733,866","34,44,49,487","244,552,581,804"
YOR110W,,"2,432","99,206,313,424",,,,,,,,"370,403","378,382","128,216,265,360,365,367","23,67",202,,,,"132,306"
YOR112W,"67,672",739,"65,378,474,515,524,687,699,719,725,730,741,742","50,231,471,742",,,,"471,474,524",,"170,736","55,61,320,544,595,622,713","305,456,457,587,683,684,688,692,693,696,703,712,714,715,717,718,720,721,723,726,729,733","313,543,587,653,754",175,,,"50,231,471,474,524",,231
YOR113W,,,"472,749","415,418,470,472,473,550,582,745,754",626,,"2,3,4,676","675,680,686",,125,"17,21,43,59,185,246,249,250,269,284,340,495,506,552,562,685,845,868","92,93,94,104,110,111,112,113,114,155,163,165,167,168,191,240,241,631,638,689,847,848,852,856,862","61,110,111,112,113,114,187,191,195,435,436,439,614,638,644,650,833,834","65,434,479",,,418,"299,473,481,510,571",
YOR115C,"89,166,171",,,116,,,,166,,,73,,"6,15,21,198",,,,"110,149,171",,"110,166,171"
YOR116C,"2,216,348,371,491,673,726,727,737,765,878,891,1069,1227,1290,1429,1439","4,373","194,400,629,1134","44,49,57,348,407,637,673,837,1077,1240,1242,1249,1432,1439","239,756,781","358,360,1107,1127",262,"143,400,407,631,1077,1216,1242,1405","358,538,1240,1432","363,365","109,367,386,805,936,944,1118,1340,1435","296,559,561,1054,1055,1057,1133,1245","7,9,286,484,844,851",,"218,503,505,756,1446","110,354,505","11,14,149,150,216,305,407,435,631,985,1077,1240,1242,1249,1405,1429,1432","348,985","142,400,726,727,878,1107,1227,1290"
YOR117W,"115,175,208,289,295",430,"115,120","202,295,426",,216,,"35,120",,,"24,240","177,179,181,226,229,304","427,429,431","153,180",235,235,"139,141,208,271,428","115,120,175,411","175,271,273,289,392"
YOR118W,"25,124,126,400,404,446,451",,"451,455","25,320",,,,,124,,"281,461","4,97,327","149,152",406,,,404,"126,373",
YOR119C,"166,375",,"31,33,46,208","31,33,441,442,446,449,450,453,457,474,479",81,"478,481",,"33,161",314,,"318,319","34,38,68","2,34,354",,81,81,"33,282","31,86,375",
YOR120W,"67,99,123,133",,"37,264,298","133,134,240,241,276",,,,264,,,"289,290",,"129,282","36,56",,,177,123,
YOR122C,18,124,"15,18",,89,,,"15,18",,81,,,,,,,"15,18",,"15,18"
YOR123C,192,,302,"305,337",253,,,305,,,"24,129,130,160,259","293,294,295","2,32,34,78,80,83,85,87,120,164,339,358","119,124",,,,142,
YOR124C,"97,540,618,1140,1141,1154,1268",,"93,266,312,399,402,405,604,610,679,1132,1140,1141,1145","93,146,266,402,405,566,995,1094,1132,1140",,,,"97,566,569,618,684","604,1268,1272",,"88,450,526,531,612,671,711,899","72,73,870,987","278,282,284,396,401,403,438,440,468,825,901,907,912,913,917,1019,1142",626,621,,"569,574","97,248,267,275,281,519,995,1145","369,682,684,972,1065"
YOR125C,22,"5,7",,,41,,,,,,43,"3,6,12,16,19,20",,,,,,"9,203",
YOR128C,"148,163",,"82,87,90,92,459",237,,,,"87,92,148,235,237",65,,"305,517,518","3,5,149,231,380,383","99,447","223,537,567",422,,"92,148",540,"61,82,148,184,394"
YOR130C,"5,6,7,28,38,100",,"146,148,151","38,148,151,157,198",,,,"5,6,134,157",,,"19,84,103,228",105,"105,202",,,,,"5,7","38,157"
YOR131C,"77,94,99,115",,,62,175,,,77,,,,120,217,,175,,"3,11",,
YOR132W,"308,451,503,510",290,"111,232,234,373","104,105,111,147,150,151,371,451",134,,,234,234,,"56,231,483,484","181,228,233,235,238,485,536","481,487,514,522",252,134,134,390,234,
YOR133W,"32,61,159,317,321,370,375,384,391,422,423,479,509,555,613,769,829,841","2,405","406,410,503,814","50,231,232,237,239,302,308,312,317,326,384,391,422,423,429,503,509,660,750","517,635,735",,,"231,232,422,423,503,632","391,503,509,613",,"21,775","23,47,404,407","57,59,579,763","78,395,744,838,839","366,372,448,517,735","366,448,735","50,61,152,159,267,292,293,308,312,317,321,391,406,429,479,482,496","312,375,582,589","15,231,232,293,370,375,384,422,482,509,632"
YOR136W,"19,100",18,"53,56,220","53,100,132,138",165,,,"19,29,56,57,100,132","36,138,224",,"115,347","11,282,355,362",,"141,157",,,"109,220",19,
YOR137C,"85,87,154,157,602",,"83,85,87",435,,,,157,,,98,515,"281,283,515",612,,,"87,129",157,529
YOR138C,"197,205,504",,"457,489,499","251,499,571,573,574","72,298,602",,,"197,251,489","381,504",,"108,458,515","69,110,111,126,263,264,621","69,88","281,373","72,575,602",,"187,499,574","64,183,187,320,573,574",
YOR140W,"52,185,193,547,756",764,"203,341,343,547,614,752","180,185,193,341,342,343,752,756",653,,16,,614,,"111,210,211,219,259,260,267,268","388,391,399,400,401,402,425,426,427,428,429,439,520,615,616,618","2,8,208,212,213,216,220,221,488,489,576,579,580,581,582,590,595,598,599,604,733","569,736",,,,731,108
YOR141C,"122,139,149,172,175,202,556,697",,"136,181,210,211,284,449","149,150,175,211,441,459,769,775",512,,,"144,150,172,175,176,460,556,566,567","172,175,176,599",404,"48,203,226,227,228,568,627,713",,"50,53,60,62,65,67,320,360",,512,"489,512","210,211,327,411,595,599,697","150,327","144,149,150,279,444,459,793"
YOR142W,"26,29,171,177",280,"29,35,90","35,38,47,90,299",153,,154,"29,38,47,71,171",,,256,"4,5,7,10,37,267","67,292",189,153,153,"26,29,38",29,"29,35,38,171,177"
YOR143C,,284,269,"65,263,273",,,,107,,,"38,212,233",281,,78,,"247,251",,47,"65,88,273"
YOR144C,73,,"15,17,128,213,397,679","391,462,463,522,689",485,,,"144,234,251,650",397,,"55,105,236,324,745","8,240,345,349,529,530,531,727","6,8,27,96,99,215,446",,"106,218,427,438,485","438,485","234,463,650","144,665,714,726,736","258,494"
YOR145C,"8,9,69,78,86,93,98,115,125,135,144,154,213,230",2,"9,78","78,86,135,144,208,211,213",,208,,"69,135,144,154,213",,,"29,30,49,218","5,11,16",33,181,,,"69,78,115,144,191",230,"160,191"
YOR147W,"46,68,72,370,598,603",,"283,334,523,537,598","68,72,83,98,114,363,449,537,603",,,,,,,"233,235,240,250,261,315,341,342,432,515,519,534,562","19,20,43,47,48,74,508,524,529","302,368,369,513","169,381",452,,"90,98",,"46,105,413"
YOR148C,"3,11,14,15,74,82,151",,"11,14,15,19,20,22,23,24,68,74,82","20,22,23,24,29,52,74,82,83,171,176,181,182",,,,"154,171",,,"16,137",,"76,123",,,,"171,176",74,171
YOR150W,"4,25,75,99",,"71,107","70,71,75,106,107,115,117",,"106,115",,"4,94,99,115","106,107,155",,139,"33,38,110",,,,,"4,94,99,106,107","75,163","94,99,106,107"
YOR151C,"193,344,451,458,470,471,507,510,622,625,801,886,892,914,965,972,979,987","522,968",277,"133,418,422,423,507,625,965,972,979","179,533,544","979,987",759,"87,193,625,972,979,987","445,458,775",,"83,103,121,206,538,842","871,873,906","2,7,232,474,475,489,490,491,493,498,500,764,768,882,919,1213","16,798","179,388,523,533,544,1029","388,533,829",813,"270,277,344","358,451,458,470,510,622,914,972,979,987,1057,1102"
YOR153W,"232,233,328,399,431,445,458,462,486,547,769,1114",309,"220,233,352,399","155,158,232,462,769","325,331,408,1411",,,"398,399,547,802,1055","399,435,547","728,1201","57,64,101,133,334,734,1313,1447","51,197,200,201,410,420,443,662,664,960","54,58,737,849,850,854,856,1170,1172","400,406","325,331,408,722,949,1115,1411","129,325,408,722,917","232,233,458,547",1089,"547,825"
YOR154W,"238,394",,30,"97,99,167,494",,,,199,,,"357,360,387,427,465","37,398","6,33,34,37,38,40,43,72,76,110,351,422",,,,"51,97,315,320,378","252,315","162,499"
YOR156C,"79,690",,"66,189,196,199,202,243,246,308,446","56,65,66,109,196,243,246,247,299,305,308",,,,"66,74,170,173",173,178,"104,234,249,253,422,463,559,560,564,593,596,610,675,701,711","63,111,487,489,508,562","318,474,477,478,487,508,510,514,521,522,523,635,639,677,724,725","535,679",81,,"47,308","109,446",
YOR157C,,,182,,,,,58,,236,,"19,21,26,27,28,30,50,176,221",221,,,,,,
YOR158W,"3,7,11,23,286",,"28,37,42,94,142,248,286,289,294,298","28,77,86,94,99,127,134,286,289,294,298",,,,"7,28,65,94,177,195,289",,,"89,167,183,240,254,290,313,314,317","17,20","26,27,30,169,228",,,,,"23,57","3,7,11"
YOR159C,73,,,,,,,,,,86,,,,16,,,83,79
YOR161C,,539,"55,315",,,,"10,11,13,14,15,19,23",,330,,"259,262","365,366,367",63,7,,,,,
YOR164C,"23,25,228,231",2,,,,,,"15,25",,,"120,121",35,,,,,"15,260",,
YOR165W,"237,346,672",,"514,516,520","237,243,244,338,346,394,402,430,454,469,470,520,530,748",279,,,470,"430,431",,"87,160,423,506,665",,"736,762,769","354,359",,,"260,514,746","121,302,580,770",
YOR167C,"4,11,14",15,,"4,14",,"11,14",,"4,11,14",,65,,,,,,,45,"4,11,14","11,14"
YOR168W,"19,20,29,49,93,96,153,156,159,393,395,498,508,651,655,660,693,771,804",4,"20,22,26,28,29,36,39,203,204,500,651,660,682,794,804","19,26,28,29,36,39,96,104,143,153,156,159,176,181,360,500,561,651,655,768",,,"257,258,260,365,598","19,20,251,342,395,500,655,682",,141,"48,283,452,490,583",,"2,3,165,364,411,548,585,593,600","278,706","286,346,348",,"39,159,167,297,342,508,655,804",,"36,39,176,181,251,500,508,613,651,655,711,804"
YOR171C,"90,148,277,420,523","2,3,87,492","83,90,136,137,139,143,148,243,249,469,514,520,523","83,90,139,143,249,580","259,443",,,"5,6,83,90,243,411,412,485",411,,"71,226,465,466","129,550","104,158,460,467,468,473",84,"259,358,443","43,46","6,137,139,243,485",580,"83,96,143"
YOR173W,"26,216,234,323,326,334",278,237,"216,235,323,326,334",,,,237,,,,"340,341",,"166,179",,,"184,216,334",235,331
YOR174W,"7,64,172",,172,"102,165,234,239",,,,"147,162","64,162,172",,149,"2,12,18,20,31","6,237,240,242",94,,,7,,"85,239"
YOR175C,"258,263,313,316,490,561,612",359,"316,361,553,603","263,362,365",,,,"425,495","365,548",,,"424,595,597","513,607",,,560,"156,587","521,523,528,617","258,263"
YOR176W,"121,139,147,151",277,"74,77,81,130,147,155,332","121,147,151,155,215,216,332,334",123,,,"81,139,156,215,216",147,,"212,342","5,11,169",3,95,123,,"151,155,156,215","90,139",
YOR178C,"326,471,474",,"59,183,188,471,639,645,648","188,679",64,,,476,48,,"123,266,291,293,297,299,327,334,345,432,452,464,526,530,555,565,621,622,628,629,641,647,652,740,741","50,56,184,185,189,196,298,382,389,399,403,405,411,653,654,655,776,778,779,780","5,8,10,26,60,65,66,101,105,155,415,418,424,638,729","348,420,421",208,,,"59,675","133,244,365"
YOR179C,137,,"104,137,141","5,149,151,170",,,,,151,,"18,19,46","20,22,175",175,,,,,,
YOR180C,"65,71,209,260",,"65,83,86,209","65,203,209,218,224,232,234",,,,260,,,"135,244",89,92,,,,,260,
YOR181W,"9,13,22,38","152,621","9,13,18,135","13,18,22,135,142,143,149,566,569,574",,,"185,323,325,326,327,328,329,346,347,348,352,354,355,356,387,389,390,505,514,525,526,602","18,22,135",,"383,556","5,207,410,411,413","179,180,364,394","176,225,337,364,366,369,586,588",171,,,"9,22,135",,22
YOR182C,"13,15,20","4,50,62",,"3,13,15,20,23,29",,"3,13",,,,33,46,,,,,,53,20,"3,13,15,20"
YOR184W,"98,122,135,141,144",,"98,101,144","58,236,330,338,339,348,378",327,,,"330,359","359,393",,"168,237,266,267",239,2,,166,,"58,122",,"101,135,304,306,348"
YOR185C,"26,31,40,41,63,74,102,126,130,145,155,162",,,"133,144,145,155","115,123",145,,"102,144,145",40,32,,"24,69,100","24,27,35,153,182","42,149,150,158","115,123","115,123","26,102,130,144,145,155,162","74,162","102,145"
YOR187W,"15,19,61,88,126,334",270,"70,334,339,343","15,19","118,213",126,,334,15,262,,"10,28,30,32,34,35,36,37,62,69,100,101,108,264,294,429",433,"83,106","118,213",,"247,334",303,"61,126,277,353"
YOR188W,"173,522,523,573",,"25,26,29,215,328,485,552","128,173,174,292,370,371,380,447,448,559,573,668,760",,,"7,9,1050","371,390,395,573,1125","298,824",1076,"255,256,411,716,738,740,804,987,988,991","495,518,736,737,739,742,785,789,792,854,872,874,996","13,21,23,30,33,382,385,488,489,492,494,514,516,538,673,1034","862,1070","187,408,743","150,408",497,"395,448,497","36,161,522,523,573"
YOR189W,"46,51,89,108",68,46,"36,84,93,94",,,,"46,51",,,59,,"2,24,116",,,,,,
YOR193W,119,376,"43,52,57,76,291,296,304,311,359","39,43,90,110,233,296,298,304,311",,,,"298,311,338",291,87,"7,9,47,51,146,215,312,313","79,81,82,83,84,85,88,235","68,71,95,235,301",,,,52,43,110
YOR194C,,"281,286",,"44,50,208,255",,,,,,,"126,135,164",,"166,167,225,232",,260,,263,"89,149,153",
YOR196C,,"6,8,11","243,245,247","101,118,119,358,362",273,,156,"101,109,136,138",,,"52,58","21,312,315",,366,"185,188,273,345","185,387","109,138",310,"101,142"
YOR197W,,333,"291,295,411,415",,,,"62,66,67,76",415,,72,"109,210,365",419,,10,132,,334,415,
YOR198C,"55,56,99,158,206,240,377",,"99,171,276,305,307,308,326,339,433","9,18,19,28,29,72,105,148,158,164,199,266,272,281,307,308,437",,,,"7,9,105,138,145,148,240,308,377","240,377,433,437,450",,47,"122,278",,,,,"90,92,113,240,308,339","7,305,307,308,326,403,450,451","199,206,373"
YOR201C,"36,106,110,173,330,367",67,"234,286","28,30,93,97,238,239",277,,,"47,93,238,239",,,"276,325,357,396","278,281,285","25,32,33,278,281,287,288,289",,,,"238,239",193,173
YOR204W,"92,164,170,246,247,301",,"246,377,386,387,558,588",,"185,276,327",,,"164,294",223,"61,62","373,467","84,166,172,239,282,563,569,570,572","369,535,539,543,572","21,125,302,380","185,257,276","185,276","158,246,247,386,387",164,"164,170"
YOR205C,"38,44,46,83,85,166,168,174,180,184,193,241,385,451",,"44,160,166,168,193,241,243,249,335,525","21,166,173,174,241,243,249,517,522,525",,,550,"325,378,381,409,548",,404,"192,202,204,214,394","66,172,338,345,528","37,246,252",538,406,,"85,166,249,337,381,409","85,243","180,193"
YOR206W,"214,253","4,255","9,253,256,275,426,533,609","6,9,10,14,40,67,248,253,256,422,423,426,530,533,534,557,600,609,617",,"3,6,9,10",,"214,248,426",384,,"266,344,418,638,647,652","5,7,8,268,271,272,357,360,361","51,113,464,529,535,612,613,677,695,698,708","125,221,223",,,120,628,"77,116,120,214,351,359,367,533,534"
YOR207C,"145,160,170,202,239,243,364,445,512,796,911,919,983,1026,1028",2,"212,213,230,236,239,243,408,482","30,32,33,75,78,102,103,109,202,212,400,405,408,409,482,748,845","508,609,922",911,,"30,78,212,213,236,239,531,1028","78,482,927,1026,1028",369,"188,275,427,428,558,754,774,800,844,970,997","219,221,222,223,224,430,439,475,480,492,849,851,864,1051,1055",431,"111,416,842","118,161,508,703,922,1110","508,609","26,30,32,212,236,479,570","173,202,212,213,408,927","145,160,170,173,236,239,243,393,394,512,911,983,989"
YOR208W,"28,137,165,175,176,295,362,372,377,561,562,742",,"103,209,251,358,367,370,372,377","208,209,244,251,295,323,324,325,346",607,,91,"251,252,362",,424,"34,74,75,197,221,223,240,277,459,530,535,569,691,700,723","430,437","36,38,261,307,333,430","138,414,420,472","163,548",,,,118
YOR210W,12,"3,5",,,,,,,,,,"9,37",,,10,,,,
YOR212W,"79,83","215,394","77,79,83,89,94",57,182,,321,94,,,"13,14,156,157,238,269",,"76,320,335,341,342,343,399,400",323,,,,"83,386",
YOR213C,64,,,"216,220,224,237,242",,,,"220,237",,,"219,221","228,232",,,,,,220,
YOR217W,"10,12,13,84,182,301,767",2,"13,75,77,84,89,90,92,96,124,128,182,190,195,296,385,545,629,630,843,845","12,13,68,69,75,84,92,132,182,209,214,217,219,227,273,274,336,340,495,550,711,760,830,833,838,855,856",620,,,"124,336,550,630","77,336,340",,"103,398,571,665,673","5,14,18,189,193,194,196,197,278,281,622,786,788,789","14,17,18,29,38,40,44,61,63,79,80,447,448,540,694,695","596,774","444,455,470,620","444,470","128,550","266,267,462,550,830,831","132,227,393,550"
YOR219C,"274,533,615,616",928,"147,152,162,340,401,465,491,624,657,691,692","152,340,615,624,657",,,,"616,624,692,765","505,540,651,657",,"377,814","149,621","13,21,22,84,166,642","389,509,511",,,"340,465,615,616",,"268,443,616,624,765"
YOR220W,"24,31,223",,181,,,,,,165,,,"174,183,185,186,187,188","102,104,105,150,186,187,188,189,190,193,197,198,200,201",,,,,,"24,31"
YOR221C,,,"83,196",94,334,,,,316,,"148,236,277",136,,"141,248,250",,334,,,
YOR222W,"162,165",,,"67,68,71,72,105,205,207",280,,,"165,278","165,207",80,114,"2,3,5,241",83,,159,"159,255","72,108,165,273","8,165",174
YOR224C,22,,,,24,,,,,,,78,88,,,,,,
YOR226C,"12,24,30,82,84,112,144",41,"120,144",120,"61,88",,,"84,140","84,112,114",103,72,,,35,61,88,"12,30,112",,"30,82,112"
YOR227W,"135,168,450,511,837,927,942,1181,1245",,"44,57,79,86,149,150,167,168,198,370,373,376,416,501,599,936,1079,1171,1187","300,307,373,376,501,503,592,705,709,710,922,927,1156,1169,1171,1181,1187,1229,1230,1233",,,,"4,370,416,1233","373,564,922,1079",,"24,353,363,587,605,725,728,987,990,1051,1083,1182,1205","50,51,58,88,141,159,160,161,184,215,217,218,219,221,222,224,225,228,495,928,1008,1118","26,28,31,32,34,35,38,58,61,67,95,98,100,102,104,120,124,155,156,157,159,160,161,169,173,180,181,182,184,215,270,271,277,280,282,283,893,1081,1082,1084,1118,1128,1130,1202,1204,1207,1211,1239","741,1194","484,485",485,"149,150,373,376,383,394,416","330,394","373,778,975,1181,1229"
YOR229W,130,,226,130,,,,410,58,"233,463",158,"6,7,183,186,187,190,192,450","4,6,146,190,327,420,421,429",185,,,,"130,279","279,288"
YOR230W,,,"100,265,384,391","268,384,391",,,,"48,49",,,"50,51,94,128,183","9,223,224",397,"365,429,432",,,"48,49,210","100,210,384",210
YOR231W,"116,312,419",,"12,99,189","312,426,470,471",,364,90,,,,"40,150,272","3,61,64,66,71,73,74,76,91,138,140,141,144,147,149,151,152,153,184,186","17,371","195,283",422,,"116,328,494",,"213,312,351"
YOR232W,"15,33,85,110,171",223,"68,69,110,142,144","69,77,79,85,103,104,108,110,116,144",,,174,"77,79,104,110,224",144,23,,"5,8,12,13,24,28,30,78,82","28,50,61",,,,"85,103,104,110",224,"116,119,144"
YOR233W,"6,403,407,427,600,605","4,800","605,662,667,668,692,731,732","89,407,600,605,659,662,663,667,668",,,,,,7,"558,559,632,680,708,721,768","50,51,65,70,86,192,348,349,351,352,353,355,356,358,383,384,388,456,463,466,472,475,572,690,691,699,700,704,707,748,758","209,210,213,348,349,351,352,353,355,356,378,383,384,388,395,402,456,472,514,521,565,573,622,649,650,653,657,715","10,357","211,420",,"407,479","208,308",177
YOR234C,"12,47,63,70",71,31,31,,70,,,,"48,54",26,"72,74",,44,,,"12,47",10,"47,70"
YOR236W,,,67,"46,50,51",190,,,51,,,,,"43,45",,190,,"46,84,162","84,182",
YOR239W,"73,380,389,476,591,592,598","3,626",102,"32,380,591,592,598",,,,"538,542",,,"25,169,199,345",,"162,166,178,180,201,312","548,551",,,"8,9,430,542","542,598","591,592,598"
YOR241W,"119,208,277,282,292",547,"66,131,359,484","20,21,66,282,309,482,484",,,,"21,282,359,378,421,422,484",,,"336,363,458",,,"82,155",253,,"20,36,181,484",,"181,282,292,388,491"
YOR243C,"25,77,84,103,149,154,269,403,642",672,"84,269,632","144,149,154,269,386,619,622,632",409,,,"511,636","486,546",,"200,206,279,289,291,609,610",2,"5,8,187,385",,409,,"368,369,511",10,"77,332,403,511"
YOR244W,"174,256,262,339",,"330,333","82,92,333,339",304,,"223,224",6,147,442,138,153,"336,342","175,233","252,304",252,147,"135,330","76,84"
YOR246C,"206,291",,"298,301","65,287",212,,,"287,291",,,282,"22,26,170,271","75,76,84","9,10,292",68,,"110,291","192,291",291
YOR249C,"93,545,549,609,618",,"439,491,495,545","181,190,197,439,495,554",122,,,"89,157","439,618",,"412,653","433,440,494,497",321,"328,617","122,626","122,577",181,"529,534,665,666","181,491,495,518"
YOR250C,"39,43,47,290,292,293,321",,98,321,,,,30,"290,292,293",,"93,100","132,134,137,138",,,,,39,43,
YOR252W,"5,62,143,169",3,"12,17","5,9",,,,19,,,"13,20","4,6,8","4,6,15",,136,136,,131,131
YOR253W,77,,48,"48,50,51,55,56",,,,105,,,,,,,,,81,,
YOR254C,"147,151,159,166,251,534,538,544",,"251,432,461,572","60,117,142,524,534,538,544,549,552",,"142,147,151",,"159,410,524",,,"256,261,416,474","48,82,492","182,258,623,652,654,661",450,"369,514,515","369,514,515",410,,"60,147,156,159,394,432"
YOR257W,116,,,123,,46,,116,3,135,4,,,,,,,91,"116,123"
YOR259C,"96,120,254,421","131,135","116,120","55,120,141,367,369,370,417,421,426,427,436","276,394","213,216,426",340,"55,120","120,417",,169,"226,238","2,122,123","117,127,221,434",394,394,"116,202",,"55,116,254,367"
YOR260W,"147,157",,"40,147,157,202,345,362","147,157",356,,,"346,362,412,494,496",344,,"130,265,357,388","33,146,243,248,296,300,306,337","37,207,208,294,296,300,371,543",,438,,"157,346,511","345,346",
YOR261C,"105,111,112,195",,307,"195,198,203,205,263",,,,,217,,"42,222","2,266,269","2,150",,,,"111,195,198",,203
YOR262W,129,346,"220,226",,,,,220,,,,"13,16",,"18,261",,49,,,"181,307"
YOR264W,"237,267",,"120,121,130,172","12,67,68,120,130","234,253,363",,2,"96,377,414",,,214,"341,344","72,131,136,138,175,275,281,282,299,308,320,321,324,326,327,328",,,,,"82,83,139,241,242",45
YOR265W,"41,49,50",,,"9,11,14,18,41,49,50,59",,,,41,,,,,105,,,,"49,50",11,"49,50"
YOR267C,"244,322,506",759,"146,544,548","45,250,256,544,548,708,709",,,,733,,,"68,103,547,599,666",228,"47,50,53,56,57,150,152,156,158,159,522,536",293,"267,435",,"118,758","506,544,548","61,219,709"
YOR269W,"15,20,31,235",491,217,,,,,,,,"70,74,132,186,210,213,218","129,130,131,134,135,274,403,475","72,73,352",42,"150,373",373,,,
YOR270C,385,,"82,279,333,491","276,279",394,,,"247,276",485,70,"113,324","833,835,836,837,839,840",,223,,,226,226,"82,325,333"
YOR271C,"70,313,316,320",,60,"70,71,302,310,311,313,316,320",,,,"71,178",,,"122,126,135","3,52,131",,,,,"70,71,302",264,"70,71"
YOR272W,"423,428",,"74,423,428","74,75",,,,9,208,,,"6,399","281,354",140,322,,"17,365,423",208,375
YOR273C,,659,,,,,,"287,288",,409,"28,60,85","290,300,301,303,586,589,592,593,606,608,614","41,44,46,195,232,608,614",348,,,548,,
YOR274W,"7,163,277,302,365,392",,"52,60,136,384","136,184,185,270,277,301,351,359,365,384,392,408",156,,,"184,185",52,,"11,326","22,28",,,281,,"181,184,270,365,366,418","184,185,270,345,351","163,184,185"
YOR276W,141,,"120,124",,,,,,89,,"125,129",,"58,59,154",,82,,,"41,118,120",
YOR279C,"69,270,303",298,"274,277","49,52,53",,,,"52,53,69",285,,"93,166","94,95,96,97,98,99,100,101,105,292","5,82,83,103,105,106,110,112,115,134,142,146,149,215,247,251,289,292",114,,,"28,52,53,69,76",,69
YOR281C,"109,118",267,"118,264","50,118,119,255",,,,"109,119",,,"210,211",,"14,35,37,62",,186,186,"254,255","26,248",
YOR283W,"53,67,74,85,118,122,134,159",211,204,"74,201",,,6,"32,33,88",53,"61,230",191,"71,87,94,95,97,98",,,76,76,"32,33,53",134,"33,134,201"
YOR284W,116,,,"35,36,107,113,116,148,150,151",,,,190,5,,109,111,"15,20,90,96,100,102,103",,162,,"5,36",,
YOR285W,"92,102",,,"31,102",,,,,36,,"7,10,18,118",,,,,98,31,,
YOR287C,"55,56,74,75,116,132,133,166,175,186",,"55,132,133","55,56,74,75,162,166,175,199",,,142,"166,292",56,,"30,247",,"41,42,48,50,85,92,96,111",,,,"6,220","6,9,33,203",6
YOR288C,"16,72,162,246,277",,"162,171,223,277,280,281,284,285","50,53,104,105,137,162",,,36,"20,70,72,77,162",,,26,,"6,11,14,17,45,46,195,200,258,260",275,"38,41",,"70,72,162,165,233","104,225","16,72,251"
YOR290C,"435,587,705,756,757,985,1001,1227,1228,1234,1314,1336,1646","1455,1703","669,756,855,857,1234,1320,1494,1498,1650","264,650,653,660,669,675,702,996,997,1001,1006,1009,1228,1234,1240,1454,1456,1498,1650,1651",,,,"570,1009,1549,1552",1028,,"144,147,182,319,320,332,337,370,395,400,409,457,1243,1419,1420","379,381,386,636,638,680,833,1536","138,377,383,850,1375,1460,1463,1474,1478,1480,1542",1533,,,"570,610,1314,1320","423,1014,1336,1405",1336
YOR291W,"717,757,759,997,1001,1101,1112","1010,1472","180,187,1009,1106,1109,1112","723,1040,1109,1112","828,968,994,1072,1224",,,"688,759","349,672",154,"47,48,406,581,643,646,1115,1116,1125,1156,1221","25,27,28,29,31,32,33,215,217,218,611,1035,1288,1290","80,83,84,95,97,103,104,110,158,161,162,165,166,181,203,217,218,248,251,252,254,257,259,830,1117","52,284","551,763,968,994","763,828,994","1101,1112",1033,"354,359,476,683,808,1040"
YOR292C,,,,,,,,,,,"19,121",44,"141,152,155,156,158",,,266,,,"249,255"
YOR293W,"10,24,25,31,38,52,56",,56,"24,25,31",,"52,56",101,"10,25",,,,,,,,,"5,31,38,52",31,"24,25,38"
YOR294W,"7,152,153",,15,,,113,,,,,,"72,73",,134,,,,7,"107,144"
YOR295W,171,,"90,110,111,123","49,53,116,123,128,163,171",202,153,,,,,75,"113,127,132,194","218,220,223,225",36,,,"53,59",171,
YOR297C,,,"47,79,86",,,,,,79,,"12,53",,,187,,,,"47,86",176
YOR298C-A,"46,47,127",,"47,92,102","46,47,135",,,,97,,"13,137",,95,"8,143",,,,127,,
YOR299W,"121,520",,"42,440",,,,,647,358,,"93,96,290,293,311,361,362,364,400","48,50,57,91,92,95,128,538","81,454",,,"432,639,682,683,743",320,"11,123,370,545",541
YOR303W,"318,403,406",409,"171,380,393",403,11,,,"170,171,183,372",,,"207,400",28,398,,"11,191,239,300","191,239",,,322
YOR304C-A,,,,,,,,,44,,18,,2,,,,"47,54",5,
YOR304W,"77,117,180,183,334,402,407,559,725,729,730,734,886,893,961",,"77,183,446,692,699,816","80,82,84,92,108,113,117,120,128,402,623,671,687,688,692,699,710,886,915,916,921,955,959,961,1008,1015",,606,,"69,113,117,462,623,961",435,,"716,1084","130,322,516,917,1040,1050","124,135,137,138,139,140,177,378,649,653,767,769,771,831,1072,1079,1090,1091","758,759,840,1017",974,903,"77,82,183,623,646,931","446,865,1021","407,462,554,666,671,784,880,886"
YOR305W,"223,229,231",,,130,,,,,,,"155,176,177","150,217","91,98",,162,,105,,
YOR308C,"53,135,496,498,535",,"157,158,165,256,281,375","284,306,486,496,498,542,551",,,,,,,"2,70,420,421,474,475,578","119,247,249,254,549,555,557","118,119,122,125,126,127,155,214,263,268,331,332,385,567,580",,,,"496,535,542",528,"158,251,535"
YOR310C,"74,100,138,151,153,185,197,333",,"16,20,21,24,40,43,83,393,418","24,37,40,74,81,83,84,93,100,331,411,460,468,474,477,478,501,502,504,505,507,511",,,,74,"81,83,84",279,,"308,370","25,26,27,155,216,219,221,224,305,383,442","188,275",,,"80,81","24,83,84,338","151,153,324"
YOR312C,"5,71,73,149",,"136,141","53,146",,,,"5,73","47,50",,,"16,18",,107,,,"5,23,92,141,146,166",161,"141,146"
YOR316C,,,411,,,,,,,,336,"211,213,215,217,218,219,307,310,390,412","213,215,217,309,390",,,,,,
YOR317W,644,2,"387,592,644,681,690,692","72,76,77,81,128,245,418,608,611,612,619,633,644,683,690,692",585,,,"54,418,549,559,608,611,612,636,644","636,692",,,"465,466,530",435,218,"349,484",,"122,611,612,683,690,692","283,357,519",612
YOR319W,"39,42,133,166,193",,"42,82,101,185","166,204,208",,,,"44,130,189,193",,,"71,72,88,98",,,,,,,,"160,166"
YOR320C,"82,310,363,451",491,"82,130,171","49,121,169,171,255,259,263,358,359,363,370",,,,"43,245,255",,,"136,140,177,187","174,236",,"56,73,433",489,,358,"43,115,259,451,458","49,62,342"
YOR322C,"86,91,156,343",,"89,91","354,360,362",,,,174,91,,"80,161,404,464,465,624,627","77,79,82,85,106,122,126,216,325,623,649,672,709,710,714,763,764,765","92,93,109,110,115,240,241,244,245,251,332,599,619,688,722,764,765,770,771,774,795,813",,,,"300,486","308,335",
YOR323C,"66,292,295,301,307,370,373,452",,"13,19,56,66,146,242,301,370,373","56,66,72,75,242,244,251,295,301,307,370",,,,"19,146,149,215,219,370,373",,,"131,163,279,383","309,342,344","20,455",,"258,314",258,"9,66,292,295,301","242,244,251","146,149,301,307,442,447,452"
YOR324C,"196,464","125,159","40,384,563","42,142,377,384,563",,,,,,25,"304,361,401,402,452,560,564,565","65,67,68,69,266,267,281,307,321,322,323,331,332,545","34,69,133,134,163,179,182,222,223,227,228,231,363,414,418,420",166,16,,"142,181","181,397,442,508",464
YOR326W,"155,175,385,386,610,732,758,765,1039,1195,1425",5,"56,312,385,386,394,549,629,630,1128,1320","131,394,613,614,619,620,629,630,670,756,758,778,931,937,959,990,1320,1450,1500,1501","702,835",,,"385,756,758,819,1541",1276,"255,257","157,400,598,659,1152,1416","163,166,171,173,545,886,893,1131,1132,1134","171,173,357,530,541,545,547,552,1121,1131","176,539,799,804,1483","835,1435","432,702,1424","312,385","490,732,733,734,1500,1501","733,812,937,1002"
YOR327C,74,,,48,,,,48,,,26,,,,,94,,,
YOR329C,159,,"258,557,585","210,272,273",,,,140,,,"74,77,155,294,295,398,399,519,536,760,805,806,843,846","60,62,248,414,416,418,450,452,479,490,492,731,732,735,739,741,783","217,277,312,582,608,612",193,,,,585,"240,557"
YOR330C,"72,115,386,417,425,431,450,455,578,781,786,842,879,1118",690,"79,89,90,450,455,458,479,483,523,636,669,678,736,781,792,1070,1073,1089,1204,1205,1219,1222,1227,1228","78,79,82,89,90,115,380,450,458,483,578,781,782,786,984,1070,1073,1086,1118,1142,1143,1228",,,"463,685","78,79,82,523,786,879,984","82,781,782,786",,"177,298,395,563,595,959,1009,1111","442,791,1213","108,627,631,819,825,848,852,956,980,1211,1213,1214,1215,1226","401,788,1048","366,381,509,743,1168","617,833,1168","32,64,72,417,425,431,749,786",582,"89,90,275,423,578,582,781,782,786"
YOR332W,"26,140",,"67,68","26,31,63,65,67,104,106,140",,,,68,208,,"53,56,192,200,201",,228,43,,,"63,67,68,153","77,106,153",
YOR334W,"427,434,437,468",,"255,364,390,427,434","164,221,229,255,437,452",,,,"48,54,400",,,"42,103,166,261,429","9,167,230,391,392",,"136,227",,12,221,,
YOR336W,"117,221,499,570,573,574,727,1255,1310,1311",,"119,126,220,277,298,489,494,499,526,716,721,727,921,1051","119,298,489,499,570,574,581,589,718,721,726,727,1051",,,,"119,220,221,292,428,574,1012,1017","119,428,1055",,"96,209,274,500,504,851,1071,1072,1077,1176","287,881,1098,1101","584,930,1061","640,1066",,1019,"109,117,119,573,574",778,"220,221"
YOR337W,"236,648,649",,"17,78,133,256,260,296,303","111,128,133,238,256,260,296,297,648,649,708,709",,,85,"242,303,565,648,649",,,"13,88,163,355,504,517,652,657,732","35,176,269","15,21,22,36,41,43,44,45,168,228,230,383,755",246,96,,"648,649","9,186,399","114,675"
YOR340C,206,,"22,293","22,31,97,106",,,,22,,,"32,154,211","263,265,269",,260,,,"21,88,97","103,106",
YOR341W,"195,450,457,463,604,612,711,841,877,964,983,991,1143",7,"30,450,752,754,756,899,964,1099,1100,1119,1126,1551","250,259,276,283,405,408,410,442,450,457,462,463,910,919,1143,1150,1153,1156,1164,1334,1335,1379","945,999,1255",474,"82,370","225,226,245,259,405,408,410,756,1173","182,184",201,"26,344,567,886,887,939,1214,1357,1361,1429","305,306,448,506,569,621,659,708,904,905,941,962,965,974,1228,1230,1273,1401,1402","143,167,175,202,209,313,412,447,563,565,566,570,572,664,1109,1135,1340,1401,1402","188,657,1120,1384","699,778,999,1022,1507","62,922,999,1255","30,111,217,218,225,245,351,450,612,841,848,964,983","612,752,754,756,762,964,970,1119","245,250,752,756,762,1012,1119,1551"
YOR342C,,,"268,271",281,,,,,,,"8,74,92","209,210","2,266,309,310",,,308,149,"149,281",281
YOR346W,"43,202,203,396,584,667,843,891,906,913,917",985,"225,237,338,584,795,797","125,126,139,216,217,258,259,279,282,576,584,777,852,913","310,403,510",,,"43,155,164,413,796,797,843",843,,"74,75,77,89,246,530,536,635,658,879","76,79,622","18,23,31,34,105,110,117,119,378,567,570,624",612,"283,403,510",,"525,584,615,752,906","155,667","609,615,746,752,777"
YOR347C,"13,199,463","458,502",,"228,238,283,284","36,289,298",,,"88,288",,,"53,121,134","313,378,379,380,381,383,419,496","16,24,186,318,374",174,"36,298","36,420","32,88,196,199,283,284","71,398,488","238,242"
YOR349W,"32,271,501,607,608,639,748,923",,"83,137,748","80,83,137,553,555,563,789,943,958,965","151,546,999",,,"80,83,501,555,860,967",,,"117,136,166,254,374,416,456,630",,"13,17,373,375,377,503,604",71,"57,341,646",,"137,860,943,951,958,965",501,"83,943"
YOR350C,"15,108,112,175,499",,"52,153,175","15,139,148,353,583",240,,,"15,18",,,"111,217,310,452,500","325,330,340,343","48,50,347",654,313,240,583,,15
YOR352W,289,,"162,289",,,,72,,,,"79,82,83,102,122,251,295","104,105,108,109,111,284,285,286","131,133",69,204,204,,,283
YOR353C,"343,349,401,493",,"48,75,156,163,493,716","343,716,723,725",,,,"343,349",,,"25,147,148,251,286,292,548,574,601,604,606,607","4,22,29,333,474,475,482,483,484,485,489,668,676,786","27,29,36,43,79,214,482,483,500,503,505,527,547,550,551,576,578",438,,,349,"7,173,176,194,224",
YOR354C,"401,428,514,599,602,604,614",,"49,324,333,351,370,428,514,517,558,620","83,85,301,436,438,537,620",,,,620,680,220,"122,328,371","23,24,27,237,627",73,,"526,682","417,526","83,85,221,620","69,428","65,391,514,674,680"
YOR355W,"74,173",,"158,166,172,173,176,179,272,379","77,79,80,86,87,96,158,166,172,179,351,354,416",,,,"166,408",176,,"154,267","76,362,386,388,392,393,395,398","112,313,334,357,359,362,363,368,369,371,421,422,423,451,452,453,472",,,,"80,86,87","106,240",96
YOR356W,"3,144,148,211,216,348,354,456,583,586",582,"216,222,402,456,471,618","43,144,151,153,222,225,253,258,263,604,609","66,355",,,"43,216,395,514,567",,,"45,86",,"87,591",475,"247,355,574,603,606","355,574,600,603","227,253,395,557,586",,"43,51,136,348,354,456,491,501,512,514,520,618"
YOR358W,"127,176",,,156,190,"170,176,188",183,,,,,,"2,17",,190,,,176,176
YOR359W,491,,445,"227,229,454,491",,,,"451,491,504",,,"187,203,301,331,333,385,392,410,439","111,113,114,115,135,149,309,391,394,397,425,462","14,19,30,33,34,60,123,128,149,306,309,311,318,319,342","5,282",,,,"227,229,490,491",
YOR360C,"81,506",,453,"239,506",441,,,357,239,,"88,165,327,403,465",,,140,,425,,,
YOR361C,"91,97,105,371",,"91,96,97,335,486,536,546,648,674,675","96,97,105,138,139,142,147,371,462,531,536",451,,,"97,124,529","374,632,648,761",,"18,19,230,274,411,438,612","100,101,104,286,288,289,505,520,551,553",301,67,451,"131,451",161,"36,49,632","389,486,529,638"
YOR362C,"100,101,104,161,194,229",,57,"57,161",76,,,,,,"33,276",56,"263,264","8,78","42,76",42,232,,232
YOR369C,"50,95,105",123,"85,90,95,114","85,90",,,,"95,105",,,,,2,,,,"95,105",,"95,105"
YOR370C,341,598,"307,331","303,316,325,472,513",,,4,514,472,,501,"116,146","9,16,126,335,443,470",264,"292,404",292,,180,
YOR371C,"408,557,825",,"197,581,645","80,196,825","384,610,820",,"375,376,377",631,,792,"255,263,420,421,432,674,675","95,527","240,483,485,671,692,706",,"610,709","609,610,820,824","197,631",325,325
YOR372C,"178,326,327,369,373",,"219,373,521,523,535","182,223,350,469",,,,,,,"78,303,338,364","12,13,51,179,183,189,230,254,341,342,360,411,416,420,424,425,448","25,129,131,183,189,224,234,236,260,261,263,265,525,527,530",,,,373,350,
YOR373W,"349,356,357,365,478,481,674",,"124,137,176,212,281,356,357,365,465,478,481,662,674","357,401,407,481,682,787",640,,,"212,357,365,481","357,740",,"16,50,303,327,331,402,506,556,572,593,612,613,665","71,85,88,93,94,362,364,460,463,464","18,21,272,274,276,278,385,388,415,417,419,672,676,681",,,,"35,212,349,365,490",,"356,357,365,375,682"
YOR374W,"345,352,383,399,412",,"215,262,463","161,345,352,433",,260,,"352,383","345,419",,"59,97,491","11,208,211,256,272,279,455,456",,"23,478",185,185,"161,404,412,419","404,412","374,383,399,404,412"
YOR375C,"70,74,110,250,404,426",453,"31,169,218,271,275,291,333,419,420,423,426,433","70,423,426,433","252,414",,,"426,433","275,325",,84,"221,223,359",,130,313,313,"53,70,118,404",,"70,74,423"
YOR385W,"166,220,222",,,61,,,,,,,"66,204",242,"5,244,247",162,,,166,,
YOR386W,"15,62,248,249,316,478",,"248,383,425","322,373,516,517",302,,,"55,517,562",425,,"73,182,239,276,375,451","8,76,323,324",169,12,"363,427",,"516,517",517,"170,425"
YPL001W,"113,284,346",,"70,326,328,334","211,212,298,301",,,,371,"123,371",,"116,319,370","10,368",,,107,,93,"7,86,93",334
YPL002C,"16,22,48,63",196,,"22,49,126,136",146,,,"48,49",,,21,106,52,17,,,,,16
YPL004C,,,"35,157","44,130,157,165",,,,"35,148",,,189,30,"14,87,230,233","241,244",,,,,
YPL005W,"69,391,485,495,527,528,587,594","603,606","46,485,571,581","41,42,46,62,109,116,119,195,495,587,594,595","304,347",,537,20,"41,157,502",,"225,558","8,12,14,50,52,53,54,55,355,488,491,493","50,52,53,54,55,488,491",,"535,542",420,587,"69,76,395,485,551","157,381,485"
YPL006W,"50,59,310,444,448",,"13,636,854","171,444,448,801,854,1066,1067","22,860",,"861,862,865","59,227,265",,,"104,159,382,494,881,921","106,446,522,954,955,956",,"148,947",860,"22,95,454,461,1097",59,"107,110,1066",310
YPL007C,"18,46,124,315,357",,"113,116,228,312","46,315,543",,,,,233,,"19,20,106,108,126,201,202,223,254,286,396,405,443,524,525",526,256,,"243,545,581",,"12,59",,466
YPL009C,"42,45,49,207,238,288,421,424,541,549,663,749,963,965",,"173,282,288,297,428,429,447,451,457,651,930,953,955,962,1022,1025","42,45,207,428,444,447,489,544,549,559,566,567,810,921,925,962,1025","251,642",,,"42,241,288,544,559,810,953,955",,,"161,266,334,460,505,517,778,813","72,74,493,964,966,976","158,159,163,167,456,461,462,463,563,982,984",,642,642,"288,810,998,1001","173,388,684,955","45,173,222,288"
YPL010W,"25,48,52",,,"45,46,48",,,,,,,,,,,,,"48,60",118,
YPL011C,"21,214",,"161,164","155,157",,,,,,,"264,268",,"201,237,306,308,310",,59,,,,
YPL012W,"113,122,543,609,689,767,772,1083,1138,1142",1170,"122,543,684,689,759,767,801","15,18,106,113,225,228,454,457,546,684,689,835,840,1083,1138,1142,1181,1214,1217,1218",265,,,"106,122,225,228,233,349,699,715,716,1138,1142","113,405,684,689",310,"148,149,221,237,615","239,385,669,773,897,1043","150,156,583,1067,1186",308,"117,605,851,953","117,134",233,,"106,113,684,689,840,1083,1138"
YPL013C,"63,66,88",6,,63,,,,"88,92",,,,"42,48",,21,,,66,"52,66",
YPL016W,"665,688",,"167,572,657,665,739,744,1064,1080,1083,1206","601,603,654,1064,1306",,,552,"665,1268","892,1267,1268",,"45,46,111,192,240,241,248,296,300,301,302,303,316,317,762,773,805,806,927,933,934,961,965,1215,1216,1238","212,242,305,311,315,318,319,320,457,459,559,570,573,576","140,160,567,570,808,810,814,920,1218,1219",444,,420,911,"504,651,890,892,901",
YPL018W,346,,254,"91,253,254","341,358",,,,,,"275,276",,,245,,"341,361",,,
YPL019C,"30,129,130,133,193,209,597,681,682,688,772",833,"90,129,130,133,186,193,315,640,688","26,27,30,70,86,90,93,100,142,315,590,597,605,639,640,649,767,772",,,,"27,30,284,597,772",772,,"120,155,156,351,423,655,659,811","592,814,817","87,96,198,347,589,621,622,627",664,,,"206,209,340,772","93,340,372","16,142,372,694"
YPL020C,"16,54,55,78,325,372,602",,"54,212,214,250,257,315","55,78,86,257,301,307,315,317,342,344,345,372,375,386,393,394,395,400,602",,,572,"54,214,299,372,375,525","372,375",,"58,148,224,225,450",186,"29,48,179,181,182,183,186,187,190,193,197,200,330","238,551",,,"7,86,375,410","110,285,317,362","279,282,410,417"
YPL022W,"150,460,565,586,671,987,1037",1100,"158,320,325,460,794,997,1009,1034","294,315,392,396,460,516,517,543,788,799,802,1000,1007,1027,1028",,,,"396,997",114,,"250,311,314,501,512,515,554,558,627,701,773,816,993,1004","26,209,214,217","10,244,252,579,613,765,780,932,1071,1072,1078","6,840",498,,"150,392,997","30,32,75,460,758,1064","434,460,939,1009"
YPL023C,"86,128,138,389,460,520",,"438,440,512","375,520",96,,21,"440,545",,,"383,505","299,396","301,305,311,312,344,348,421","424,430,524",,,543,"390,438",449
YPL024W,"83,106,107,222",,"75,143,147","83,85,89,90,92",,,,"53,75",,,"70,131,132,134,135,136",,"16,21,23,133",108,,,,,52
YPL026C,43,,43,"53,467",,,189,212,277,,"58,236,442,443,486","13,222,223","424,466",,,,"43,470",,
YPL028W,"41,241,275,334,337,342",394,"41,241,275","241,272,275,281,334,337,342",358,,,"208,213,275,337,342","267,270,272,306,342,397",132,243,"2,9,10,79,216,219,245",,,384,"358,384","213,275,337","197,342","208,275"
YPL029W,"40,45,115,125,252,392,411,624,628,719",,"45,104,109,252,392,400,416,418,588","88,97,104,109,115,125,389,396,409,410,411,416,418,421,522,525,588,617,624","283,403","392,493",,"125,367,410,411,529",392,725,"66,68,73,74,175,176,465,658","632,724","133,385,508","119,121","283,403",,"115,125,389,400,617","59,411","383,426,539"
YPL030W,"97,239,250","470,504","348,417,472,487","97,242,250",,,"450,455","242,250,350,510",,,"64,66,103,105,155,460,484,528","128,399,517,518","107,193,195",,158,,"77,90,350,507,510","98,114,510",317
YPL031C,"8,12,143,241",,,"12,23,27,143",124,148,,,,,"15,26,229","95,97,101","42,46,48,49,166,167",18,,,8,,"8,12,36,135,143,148"
YPL032C,"153,385,506,806",,"99,170,364",,,,,"347,364",,"673,675","36,204,268,368,440,644,729,730,734,753,754,755","172,475,589,655,656,773,774,775,777","365,450,452,475,491,492,542,662,665,667,676,679,774,777,780,783,787","165,468",,,"28,170",170,506
YPL036W,"408,414,416,473,485,486,644","305,544","391,457,464,466,471,778","54,391,445,446,453,464,466,473,485,486","250,438,598",385,,"128,446,464,485,486",,,"28,29,138,877","3,30,33,34,35,37,38,45,46,47,208,210,372,374","64,66,670",,"250,598","438,598","485,486,530,672,673,945",,"107,414,416,445,446,453,457,471,473,672"
YPL037C,"13,66,70",156,13,"13,19,29,39,43,50",,,,"7,10,13,19",,,86,,,,,,,"43,70","13,66"
YPL042C,"34,114,183,189,552",,"91,502","64,173,183,184,189,366,371,375,376",205,,,481,,18,"104,503,504,543","37,121,127,128,149,156",161,"164,409","205,299",,"34,414,481",,"288,375,405"
YPL043W,"59,80,102,196,212,226,325,399,404,409,484,564,664,665",422,"53,212,217,325,331,349,539,545","26,209,212,217,226,233,325,331,453,476,503,515",,564,,"59,148,165,166,209,212,217,331,476,479,564",,,14,"4,61,65,72,118,194,435,548,552,656,657,659","117,118,121,122,157,247","318,555",606,,"26,503","479,545,652","212,233,234,671"
YPL045W,"12,82,92,95,209,524,690,698,699",,"88,155","2,92,155,212,670,677,678,680,684,690,692,698,699",,,,749,372,,"240,531,624,625,653,792","298,305",712,"567,720",,,"286,573,699,766,768,774","74,79,127,252","155,331,698,699,768,774"
YPL046C,,,,47,,,,,,,,,,16,,,41,,
YPL047W,,,,,,,,,,,53,,,,,,,,
YPL048W,"22,29,56,126,127,206,272,274,412",413,"406,415","56,119,126,127,206,209,213",,,,"25,59,126,127,274",406,,"149,157",,216,"7,69",,,"25,206,209,272","119,213","202,263"
YPL049C,35,"3,101","35,264,282","90,334",,,,,94,,"106,172","10,148,275,277,280,283,286,290,333,337,339,340,341,342,343,344,347,383","37,38,40,45,164,165,257,259,269,272,275,277,280,283,286,290,293,294,297,298,354","241,270",,430,,43,
YPL050C,"161,162,168,169,252,272",,,"76,78,161,162,168,169,174,175,255,271",,,,78,,,,155,"183,189,191",61,,,"161,168",,271
YPL055C,,,,296,,,,,296,"18,20,27,30,39,48","7,8,183,228,231,267,268","2,5,10,13,14,181,188,189,194,198","2,13,14,110,189,195,285","45,49,53,79,80,216,221",,,,,
YPL057C,"64,374",,"304,357,361","347,357,361",,,,304,,120,"224,295,298,370,379,380",,"161,332","88,365",,,,,369
YPL059W,"5,52",,,,"60,117",,,59,,10,,"121,122",,,"60,117",60,"52,59,148",,"52,59"
YPL060W,"169,246,403",,"84,91,111,114","98,108,114,169,173,238,239,246,403",,,,"239,276",303,,202,406,85,366,,,"98,169,173,245,403","42,84,91,169","169,303,403"
YPL061W,"33,36,41,244,288,335,378,382,446",473,"117,267,366,371","36,41,300,335,366,367,371,378,416",306,,,"3,36,41,214,267,268,371,378,382,416,474","366,367,402",,156,"237,248,251",,"384,461,487,490","71,166,306",166,"3,142,267,268,288,289,474",,"36,335,371,378"
YPL063W,277,,"288,435","53,63,271,277,281",,,"183,184",277,,,,"3,8,21,25","97,103,104,105",,,,"71,271,277,348","63,108","271,277,281"
YPL064C,"53,119,187,289",,190,"179,180,186,187,190",,,,,56,,66,,267,,,,,"195,272,278",155
YPL065W,151,,,"76,79,87,151",,,,"76,79","34,201",,"105,198","122,128,129,130,131,132,135",,,,,,,
YPL066W,"97,98,139,142,413,416","5,475,477","97,258,416","139,142,319,335",331,,,"319,335,462",,,"38,39,67,68,189,192,214,215,231,232,277,372,428,429","69,70,72,78,81,286,327,470",350,,149,,462,"9,44,132,412","142,409"
YPL067C,,,"109,183",119,,,,,,,,,"36,40",86,,,,,
YPL068C,,293,"40,246,247,254","97,104,163,165,176",,,,"40,112,165,271","163,165",,"98,257,258,283,284","48,160,238","81,82,152",,,,"176,177,250",,116
YPL069C,,,,,,,,,273,,"19,69,168,243","21,119,265,266",313,,,,,,
YPL070W,"248,250,253,288,442,585,586",262,"427,493,577,586","72,104,384,577,578,582,585,586,591",,,,"577,578",,170,"18,27,55,65,194,197,424,503,504","7,11,157,241,287,434,435,441,471,473,522","20,24,57,199,203,269,473,505,506,512,513,526,530,534,535,544","476,497","285,331",,"208,261","66,72,104,248,386","220,591"
YPL072W,"12,290,292,357,384",2,"103,106,112,123,182,281,290,295,296,353,419,420,422","295,296",325,,,"182,281,328","174,180",,"80,206","440,441,443,444","81,82,84,204","451,456,457",244,"181,325","7,296",384,"277,281,328"
YPL074W,"50,268,379,731,741",,"40,43,71,76,77,264,268,275,379,384,741","40,43,50,53,71,77,207,275,350,439,444,663,665,693,731,732",454,,,,"444,498,714",,"11,318,529,584,613,752","285,291,296,371,376,429","262,272,278,362,401","48,644,650,655",,,"71,76,77,444,665",,"71,480,484,731,732,741"
YPL075W,"438,441,445,619,625,626,629,637,728,761",,"227,312,410,459,665,666","265,445,625,626,629,639",292,,,"629,704",221,,"100,128,130,235,236,505,595,601,644,746","131,132,136,138,140,313,318,319,320,427,429,437,460,474,477,479,607,609,612,616,617,618","268,275,437,447,449,451,462,463,513,532,533,534,564",436,,292,,"312,438,619",629
YPL076W,,,"43,162","43,162",,,,,,,"19,65","107,108",40,,,,13,"7,13",
YPL078C,"113,223",,"65,121,122,133","113,121,122,223",,,,"113,122,209,223","242,244",8,128,"21,28,64,66",232,,,,"113,122,209",49,"17,223,227"
YPL079W,"50,55,60,129",64,"3,43","50,55,60,87,97",,,,120,,12,"45,66",,,"57,65",,,"35,43,60,129",50,"50,69,87"
YPL081W,"10,16,100,115,120,154",172,,"16,37,39,90,91",,,,,,"107,108",,"161,162","7,9,11,13,14,21,22","12,95",,,"37,39,40,90,91,92,115",92,"29,115,120"
YPL082C,"57,229,544,549,864,950,971,1596,1694,1765,1771,1773,1838",,"533,908,1141,1324,1419,1836","101,166,195,322,323,332,581,796,882,886,1086,1260,1263,1269,1274,1419,1471,1544,1549,1596,1669,1765",,,,"1003,1086,1263,1541,1544","1003,1005,1544",,"189,236,239,459,484,485,878,879,973,1124,1398,1716,1804","624,627,1330,1335,1758","93,150,246,266,344,346,557,677,679,681,682,683,685,1077,1633,1675,1682",870,,"987,1703","549,581,875,887,1471,1541,1836","101,107,109,169,174,256,267,781,944,950,1630,1631","229,235,864,872,1086"
YPL083C,"271,273,274,389",,"289,305,369,374","6,53,249,271,273,274,306,394,395",,,,"99,274","210,211",,"69,151","8,81,85,86,89,196,204,396,399","46,120,359",,,,"99,287,289","88,155,194,203,306",273
YPL084W,"9,11,15,19,20,27,208,340,523,524,548,594,655",,"19,20,27,201,334,340,481,486,488,655,706,761","2,9,11,15,19,20,27,42,107,141,201,240,307,308,310,314,340,481,520,523,548,554,557,594,611,647,649,655,661,666",,,,"27,28,208,240,523","141,661",,"146,573",763,"72,575,711,712,740,782,800,825","203,828,839",214,,"2,9,11,20,27,42,141,208,314,548",,"27,42,524,588,841"
YPL085W,"557,801,1037,1061,1415,1969,2032,2055,2062","2188,2190","609,614,645,676,1037,1043,1055,1056,1057,1061,1096,1329,1367,1432,1495,1756,1943,1969,2022,2038,2092,2126,2157","1055,1057,1061,1096,1370,1371,1401,1411,1427,1431,1432,1433,1556,1557,1943,1944,1950,1969,2000,2003,2013,2032,2037,2041,2043,2157,2158",,,,"1371,1401,1415,1557,2032",,"657,756","51,76,94,333,334,539,542,575,616,879,1073,1097,1220,1221,1377,1445,1492,1632,1776,2153","59,61,67,68,69,70,192,674,701,759,762,765,766,840,869,870,880,881,884,886,888,889,964,968,970,1439,1442,1443,1598,1614,1633,1634,1678,1680,1681,1860,1875,1935,1952,2127,2150","78,96,102,216,254,293,300,373,374,498,499,500,509,523,607,674,678,696,697,699,701,704,706,759,806,808,824,828,968,969,1069,1071,1439,1442,1511,1515,1562,1611,1614,1615,1617,1763,1769,1770,1952,1956,1961,1962,1986,1992,1993,2127,2130","710,789",,,"627,628,833,1053,1399,1401,1943,1944,1950,2031,2055,2157","60,557,649,982,1329,1370,1371,1557","325,1885,2055,2057"
YPL086C,"53,88,104,284,347,555",,"57,59,61,84,86,88,289,528","12,59",,,,"79,555",188,"150,399",,10,,"260,327,546,552","108,407",,"78,165,401",,"88,165"
YPL087W,122,,,"126,288",,,,,,,,116,,,,,,"122,125,126,128",
YPL089C,80,,"313,317,372","30,153,161,313",,"30,31",,,,,"52,213,248,332,365,454,520,556,557,559,562,625,628,662,672","166,203,205,259,261,266,270,273,274,276,341,379,481,482,483,503","93,157,164,166,273,276,319,374,377,379,381",,,,5,"196,278",
YPL090C,"58,64,79,131,143,171,174",97,164,"136,167,174,220,228",83,"93,136",62,"64,149,214",95,,"4,10,80",,,"84,169",83,,"2,51,131,149,164,214",,"46,51,58,64,174"
YPL091W,"69,70,235,257,260,263,351,390,395,425",480,"48,131,151,260,390,395,398","125,395,398,402","66,468",,,"70,151,257,398,425","129,131,390,395",,154,8,,"24,26","61,66,428","66,468","48,131,366,398,402",,"250,366,395,398,462"
YPL093W,"60,275,386,387,397,638","559,641","92,102,347,349,360,490,492,638","92,334,338,511",173,,,"102,141,142,338,360,387","126,129",,"23,280,288","31,169,522,644","25,29,162,342,471,525,527","205,442",173,173,"117,419,643","387,492","126,129,383,386,397,417,452"
YPL094C,"79,85,240",4,79,"103,104,111,240",,,69,"103,104,119",,,,261,,,,,,,64
YPL096W,"86,90,94,254,263,271,341,355,363",,"32,126,332,341","24,30,32,33,94,263,271,298,355",,,127,"24,90,126","7,22",,"130,135,139,170","331,333,337","141,145",104,258,293,"33,122,355",285,"7,86,271"
YPL097W,"79,185",,"61,306,352,353","360,407,413,414","412,437",,,"413,414","61,353",,"12,255,268,347,436,463","24,70,297,298,300,363,404","187,361,363",,175,,414,,"85,360,407,433"
YPL101W,"5,204,207,211,213,399",,213,"54,55,63,162,169,173,176,177,186,207,211,213,218",,,,"55,410",186,"13,18,23","191,193","71,78,81,82,195","78,222,232",,,,,"218,448,449,451",
YPL104W,"229,239,498,501,504",,"42,49,65,90,173,281,302,498,501,502,504,636","26,27,33,39,42,133,134,142,173,210,215,229,281,292,293,502,532,535",439,,,"160,434","239,528",,"85,129,312,386,387,389","5,11,209,627","111,178,224",,"439,441,516,540","246,439,441","109,166,167","42,109,498,652","239,428,652"
YPL105C,"242,244,316,585,705,807,808",841,"244,299,555,565,600,603,686,725,730","466,529,530,555,565,575,585,590,594,610,621,628,631,632",,,738,555,,,"94,95,131,169,315,348,532,541,655,658,683,740","110,113,119,120,238,240,301,304,308,309,310,311,312,314,559,566,568,570,644,646,648,650,651,652,667,687,696,704,712,717,718","27,29,31,239,304,327,332,340,395,404,408,644,646,648,650,696","688,792",,,"621,807,808","362,417,512,529,581,585,590","413,424"
YPL106C,"86,91,98,110,222,230,311,323,329,529,530,553,571,598,600,621,627",,"54,56,62,131,351,530,598,623,627","91,98,99,131,222,262,273,275,276,522,523,526,529,530,545,546,553,598",,,,"56,62,230,276,323,600","311,481,546",22,"11,12,13,33,137,434","52,59,279,282,353,355,363,364,527","35,36,686","579,589",228,,"45,54,56,62,98,99,131,262,311,522,529,530,545,546,600,645","86,99,254,351,393","195,262,323,329,351,393,546,571,650"
YPL107W,178,248,"69,70,121,123,126","69,111,126,154,155",,,"80,83","53,123",,,,,"59,203,207",,,"86,87","53,178","53,154",
YPL108W,101,,,59,,,,107,,,,"32,34",,"102,158",,117,"16,35,101",150,84
YPL109C,"342,424,524,537,609,613",,"81,342","81,222,225,380,533,613,617",388,,,"146,258,266,342,379,380,463,524",258,,"54,151,204","283,598",517,,,,"449,609,613","524,530","258,524"
YPL110C,"2,5,30,680,810",,"197,367,674,680","27,104,149,197,198,201,202,313,1025,1029","317,727",,,"674,680","2,5","960,1033","46,223,329,689,690,701,736,809,818,823,833,886,1193","16,17,152,312,504,506,703,811,813,814","70,155,255,256,331,811,813,827,965,983,987,990","291,772","480,727,1061",,189,"149,887","202,229"
YPL111W,"209,210,213",,"90,185","36,40,90","165,180",,,"194,195",,,,23,270,103,"180,321,326","321,326","73,90,194,195,209,210","68,70","88,90,100,108"
YPL112C,"91,101,155,231,236,329,332,386",,"91,308,363","68,108,127,201,202,308,329,332,335,386",,,,"108,189,192",,,"72,110,128,188,235,352","36,384,385,388","47,51,289,302,304",239,193,,,"329,332","108,270,393"
YPL115C,"314,413,919,1023,1072",1128,"123,187,221,225,228,413,416,417,493,500,564,883,884","123,225,282,319,328,647,709,849,967",1105,,,"123,849,967","479,555",,"4,97,160,363,652,774,893,977,1053","185,192,206,212,288,289,291,292,293,360,361,365,374,377,379,380,388,391,392,396,460,463,464,466,469,471,472,494,585,770,780","48,185,192,194,195,197,201,210,219,222,227,229,237,261,302,306,308,324,327,365,374,377,379,388,391,392,396,421,460,463,464,472,583,585,587,757,759,761,876,880,882",,,,"123,282,353,417,493","221,709,1120","672,967"
YPL116W,"102,266,349",,"41,135,175,294,509,559,561,639,688","102,349,400",126,,,"298,340",135,,"299,597,601","79,83,383,388,389,504,511,516,517,518","104,259,260,378,530,533,582,583,629,671,673",,"406,424",,"66,157,340,450","251,273,349",266
YPL117C,"100,158,186,235,243,252",,"158,219",243,92,,,"100,158,160",,,221,15,"44,46,47,49,50,54",,92,,158,219,"235,243"
YPL118W,"121,158,304",328,"51,59","20,27,28,182,186,187,191,194,215",,,,"126,195",182,,288,,"10,327",,,,"121,144,194,236,304","39,129",121
YPL120W,"242,372,375,391,435",,"80,552","72,77,118,219,228,432,435",53,,,394,319,,"30,31,98,324,403,404,483","122,124,125,235,455,459,460,542,544,546,553,555","122,124,125,128,129,130,142,468,469,544,546",,,6,,,"72,77"
YPL122C,"64,71,415,418,419",,"162,168,262,326,330","71,162,171,330,415,418,419,495,506",,,,"330,489",,,"90,177,265","2,11","2,5,287,289",,,,,419,"162,238,427"
YPL123C,"198,199,235",,208,"198,278,279,283,287,299,374,423,428","241,356",,286,"236,374","76,287",,"37,70,103,122,123,409",39,"333,384,411,415,422","112,113,348","27,241,368",241,"198,279,287",,"118,208,283,341"
YPL124W,82,123,69,"24,74,76,127",,,"96,97,98,105,106",,"13,245",,"37,41,157,196,237","4,9,11,100,101","42,43,58,59,65,67,70,189,239,240,249",,,,"48,49","13,69",
YPL125W,"345,352,945",,"357,867,871","29,75,87,90,146,345,346,452,867,871",241,,,"312,346,352,763",871,,"54,497,499,634,635,699,751,752,787,936,939,981",590,"167,318",1004,"228,889",,"312,529",,312
YPL126W,182,,"32,130,421,422,423,583","130,133,140,158,163,639,640,648",713,,,"124,133","183,753",,"23,24,70,71,84,85,200,204,236,363,364,366,375,393,535,537,540,542,756","404,415,416,554,558,809,815,817",,258,"212,344,713",,"158,163,182,183",,"133,544"
YPL127C,"117,118,119,157,248",,"13,146,157,158,161,163,170,171,203,204,213,215,253,255","62,95,96,117,153,162,170,186,195,203,204,207,213,229,230",,74,,"74,96,186,207,248",,,,"138,139,141,143","120,130,173,174",222,,,"39,45,107,207,215",,"153,157,163"
YPL128C,"405,443,457",5,"178,188,490,493","449,457,459,472,480,487,490",,,,457,178,,"7,8,9,38,167,168,380,450,546","11,319,322,356,548,552","235,239,242,244,498,501",467,,34,,472,
YPL129W,,2,"163,166,174,181","100,166,181",,,,,"44,181,188",,"66,155",153,"169,212",,,,174,,181
YPL131W,"8,48,112,164,254,262",159,279,"8,271,276",,,,259,164,,,"28,67,167,261",,,,,"8,27,254,258,259,262,270,271",,"8,27,34,43,112,164,262"
YPL132W,131,,,131,,,,179,,,180,,"49,294",,,111,,277,131
YPL133C,"29,260,267,273,399",,,"21,399,402",345,,,"260,267,273,291,399,402",,,"91,111,165,287","83,151,152,155,290",102,"269,432","345,364,408,422","343,345,408,421,422",267,"233,296",72
YPL135W,"32,38,54,55,90,92,152,155",,"38,128,152","92,128","69,96",,,"55,148","90,92",,80,,61,,69,96,"38,54,55,122,152",,"32,38,120,122"
YPL137C,"342,389,397,1079,1084",,"22,26,59,152,194,196,206,217,218,236,246,335,342,349,351,586,593,595,929,936,939,941,942,946,1173,1237","236,275,283,351,397,401,495,586,593,595,894,929,936,939,941,942,946,1033,1186,1188,1237",,,,"307,351,595,936,976",,253,"48,53,86,105,129,161,188,230,331,433,552,581,671,724,727,785,821,1154,1155,1267","50,55,157,158,163,166,167,177,178,180,227,264,392,399,415,435,489,668,669,1235","66,68,92,99,103,107,109,141,142,143,191,198,202,205,208,209,210,211,215,249,250,258,260,302,304,415,1025,1028,1029,1032,1131",1044,1253,641,"246,1079,1186,1188","218,595,845","985,1079"
YPL138C,"90,150",,,"94,204,205,239,243,248,251",274,,"30,105","260,338",,"135,351",,,,,"266,274","102,274","140,150,152,153",,
YPL139C,"132,197,447",448,"13,222,442",,,,,415,13,228,"56,61,151,194,211,274","48,51,202","40,45,229",,,,236,"11,13,122,126",242
YPL141C,"6,540,635,637,819,859",,"341,528,569,571,635,637,656,706,818","83,300,305,635,637,699,784",354,,548,"148,637",571,,"62,65,68,272,331,332,824","45,46,192,353,355,395,509,510,575,849","2,209,210,213,356,357,358,361,395,414,416,419,439,441,483,523,526,578,584,684,845,850","281,756",,,784,"96,114,177,185,699","105,177"
YPL143W,"12,47,63,70",71,31,31,,70,,,,54,26,"72,74",,44,,,"12,47",10,"47,70"
YPL144W,"137,143",3,,,112,,,,,,51,"9,39",,,,,,,
YPL146C,"146,170,176,182,225,232,257,259,455",,"82,88,95,99,146,165,168,181,225,232,307,371,377,428,444","22,26,79,115,125,126,139,151,165,170,232,341,373,376,377,379,382,386,408,422,428",,,,"121,125,126,225",191,,"5,108","17,96,193,194,195,196,198","31,218,226,300,302","387,417",,,"125,126,146,225,341","176,397,428","146,225,240"
YPL148C,31,,,,38,,,,,,,,140,,,"92,93,94",,31,
YPL149W,,,,,,,,,,,156,"206,207,209,210,219,221",292,,,,289,,
YPL150W,"45,54,74,254,409,508,803","2,5","377,427,434,442,509,516,556,618,654,660,666,769,865","74,250,313,315,335,434,762,803,813,860",,,,"74,254,315,325,852",313,,"548,549,637,649,650","439,441,450,456,521,530,695,698,699,701,702,703,704","51,194,195,371,374,402,406,408,452,456,460,469,526,528,546,550,551,557,591,612,614,620,630,701,707,708,710,788,789,790,864,867,869,872,875,876","27,799","134,182",182,"9,325,335,736","9,16,167,243,250,587,660,736","42,45,159,167,172"
YPL151C,"16,204,213,266,379,409,421,424",,,"88,173",,,,"67,213,266,299,302",,413,"160,445","199,241,431,436",,,"327,404",327,"66,383,427",427,"421,424,427"
YPL153C,"190,528,533,669",234,"57,168,172,467,533,785","152,159,214,581,724,813",74,,,152,431,422,"3,80,107,169,189,348,561,655,697","5,8,170,175,181,182,185,358,424,543,547","354,473,743,745,746,791",379,"38,74,609,611",38,,118,"118,344,669"
YPL154C,"38,232,234,381","2,377",,,,,,296,,,"122,323",,150,261,105,,296,"1,4,6,9",38
YPL155C,644,"114,121","71,409,499,553","304,553,556,577,579,585,589,638",370,491,,"331,358,579",545,,"91,96,359,435,535,538,548","36,57,58,59,61,63,72,98,100,102,335,353,361,362,364,365,368,459,546,547","6,13,21,26,28,33,36,61,63,67,88,93,139,361,362,364,365,366,368,375,415,419,546,547,550,551,697",,"313,370",313,409,"545,638",585
YPL157W,"37,151,156,247,253,293,296",,"37,45,151,156,166,168","196,233,242,247",,,177,233,,,,9,"206,211,274,278,279,285,286",,,106,"240,247",,37
YPL158C,"209,214,367,380,387,389",,"119,190,334,367,377,380,387,491","377,378,380,387,389,702",,,,"377,380",,,"26,91,95,107,131,156,173,420,451,612,618","67,70,71,72,73,75,77,79,191,192,193,195,200,201,250,260,317,383,386,428,431,433,435,457,585,717,720,722","109,113,114,115,117,120,238,245,255,257,258,260,262,363,365,366,368,407,411,413,419,421,422,501,513,514,519,523,526,527,711,717,720,722,725","281,282,508,583",,,605,"209,325,399,503,747",
YPL159C,137,,"83,94,95,96","83,217,231,235,238",,,,,139,89,"38,77,216","13,101,108,109,110,115,118","101,108,109",,,,,152,
YPL160W,"21,22,244,358,381,452,459,465,466,499,936",1086,"381,459,465,471,473,480,502,511,947,1035,1073","126,157,381,459,465,466,473,499,502,604,980,981,992",562,,,"452,1002","459,746",,"353,726,727,888","2,3,274,371,387,403,406,901,972,975,999,1021",360,"334,495,498","105,113,262,411,562,963","206,411","358,367,429,465,466,480,481,499,502,732,980,981,989","118,139,306,307,830,1009","746,1002"
YPL161C,616,,"475,514,553,590","137,234,509,510,514,590,592,616",,,,592,,,"15,208,282,298,341,345,348,350,465","91,474,479,481,482","135,138,141",122,"158,338",,117,,
YPL163C,,,14,,,,,,,,230,"8,10,13,66,90,91,121,159","8,10,13,15,17,19,21,60",,,,,,
YPL168W,"50,61,71,73,75","3,28,368","58,92,96,97,199,297,299","58,61,71,92,96,97,199,231,232,395",184,,,"61,97","149,151",32,344,,"29,33,237","5,65",,,61,"37,271,391","58,61"
YPL169C,554,597,424,"75,113,120,366,408,415,416",,,,,,,"32,340,433,500,502",140,"342,346,349,355",115,,,,408,
YPL171C,"153,172,275,278",4,"172,281","164,275,278",,,,"5,172,209,339",5,244,,297,,"83,359",,,"164,168,172",,
YPL173W,"84,102,141,167,221,232,234,293,295",,"56,88,175,232,241","35,36,43,47,52,167,232,241",,,,,,,157,"4,9,125","4,38,85,142,148",,,,"43,47,62","36,52,56","102,108,245"
YPL174C,"116,160,360,379,382,383,552,687,868","6,863","135,333,347,561,602,687","31,54,116,157,160,163,356,367,478,556,595,601,602,687,694,703,739,746,753,859,868",,,,"54,71,157,160,552,556,687,718,800","157,556,561",,"253,254,530,616,641,741,742,804","310,349,352,688","625,628,629,631,633,781,860,865",848,,,"31,70,556,739","123,126,128,718","84,85,347,360,383,665,718"
YPL175W,"186,226",48,,,,,,,347,,"131,377,444",352,379,,"153,158",,45,186,347
YPL178W,73,"165,206",115,"16,111",,68,,,10,162,52,"45,46,47",,205,,96,,,
YPL179W,"220,221,352,425,499",549,"126,183,192,199,220,221,261,262",53,,,159,"54,384",183,,366,"119,120,121,130,133,134,136,169,170,173,175,176,178,179,180,184,185,188,197,202,207,208,210,211,218,219","29,30,32,46,48,51,80,189,193,208","228,492",,,466,"99,421,498","335,369,384,425"
YPL180W,"27,72,174",2,"80,299,354,539,572,665,709","70,72,80,299,381,391",,,,"313,314","313,314,625",,"18,66,87,118,303,420,733,735,741","120,122,124,126,411,496,497,499,500,569","34,82,84,102,104,107,112,115,119,120,136,138,139,141,144,151,154,203,332,355,358,361,367,444,512,516,541,546,549,602,678,737,738,739","702,791",,,,,"314,572,581,727"
YPL181W,413,"7,381","145,152,160,202,372,379,383,387",372,,,,,,,"288,290,478,500,501","321,400","170,174,175,177,216,266,321,325,342,343,344,346,394,396,397,398,400",,,,,53,
YPL183C,"149,359,391",,"353,359,459,792,922,926,975,976","359,362,401,459,461,922,975,976",423,,,"353,461,559,700","568,926",201,"186,189,329,389,390,469,526,596,599,695,696,703,760,761","198,439,584,750,759,762,895,897,954","510,983,985,990,997","138,538","122,448,474",474,"304,916","79,80,398,401,916,926","80,143,149,362,369"
YPL183W-A,"18,63,64",,,"57,63,64",66,"63,64",,64,,,,"20,23,25,29",20,,,,,,
YPL188W,"32,35,74,75,315,319,373","5,383","32,35,37,319","26,37,189,200,364,373",,,,"75,213,214",,,"139,217,401",,"47,52,112,117,411",,,,"74,75","32,37",189
YPL190C,"187,188,340,344,425,488",,,340,,,"600,601,602,609,645,765",,,638,"248,341,512,516,555,556,751","272,276,285","15,19,24,34,148,451,453,557",,383,,"180,344,551",,340
YPL191C,240,,"317,339","8,11,334,335",,,,8,,,"105,261",4,"149,342,343",228,,,,,207
YPL193W,"10,311",,39,"39,276",,,,289,10,,"91,97,109,371,376","42,285","25,27,94,143,352,353","22,30",,,,"39,191",283
YPL195W,"133,412",,"370,414","25,32,133,179,791,865",,,,180,385,,"440,539,587","361,366,369,700,702,703","36,264,680,684,687,700,702,703,754,770,773,775,779,888,890,918,930","704,730,731",,,"133,744","881,884","43,133,343,506,881"
YPL198W,"5,98,128,206",216,"66,118","98,158",,,,,,,,,,"133,136,138",,,"53,66,70,118,121",5,"15,90,101,128,206"
YPL203W,"272,281",4,276,"57,62,64",,208,234,64,,192,243,80,"51,75,78,80","231,376",,,"276,281","108,110","62,64,208,335"
YPL204W,"263,343",5,,"217,221,222,224,231,335",,,,"297,337,343,356",,,"170,234,324,328","17,19,143,144,172,174,176,181,184,323,325,326","181,184,321,438",51,255,,"259,263,352,356",,"130,256,259,263"
YPL206C,"224,246","2,5","264,265","224,249",251,,,265,130,,,270,,,"232,251",,,,
YPL207W,"228,406,425,429,433,613,699","173,179","75,76,98,102,112,135,154,175,181,218,221,414,419,425,429,433,601,605,606","53,58,61,62,68,69,75,165,181,182,218,228,406,414,419,429,433,601,605,606,790","444,694",,,"182,345,429,433","135,190,228",,197,,"50,246,379","432,653","486,575",694,"221,298,419,425,429,433,536",668,"228,414,419,425,429,433"
YPL208W,"62,85,104,146",581,"48,102,276,516","104,433,436,440,447,451",427,,,"104,433,436,451","302,528",,90,"130,131,136,409,444","112,567,571,572,573,574,575,578","178,182,418,423",336,224,"85,102,104,276","48,319,458,469","436,466"
YPL210C,"56,59,73,112,131,140,252,341,359,457,532,539",,"355,440,457,532,539,548,551,553","56,65,66,73,248,252,440,445,446,532,542,564,577,612,613",,,,,,,"5,193,348,406,417,490","171,575,576",181,281,,47,"252,359,482,532","252,415,612","532,577"
YPL211W,"10,15,31,72,75,100",,53,78,,,,"53,75,120",15,,23,"57,146,149,150,151,153",5,,69,69,41,,
YPL213W,"22,52,216",238,232,52,,,,27,165,,"100,105,106,126,132,158,189",,42,,135,,,,
YPL214C,200,,"66,117,391","147,150,151,381,383,391,528,531,537",446,,,"66,67,223",322,,"242,243,279,305,352,353,367","249,250,259,388,389,392",,13,"174,194,368",192,"66,67",,"117,146"
YPL215W,"57,64,177,203,285,287,297,301,319,322",4,"57,64,68,73,287,319,322","64,73,80,85,90,125,215,319,322",,,,301,215,,,79,"44,51","81,314",,,215,"57,287,294,297,301","301,322"
YPL217C,"29,38,464,551,602,610,620,632,795,802,840,933,940,943,1075",,"538,539,602,807,977,1115","536,539,543,544,598,602,940,977,1030,1075,1107,1108,1115",308,,,"378,784,933,1013,1107,1108,1115","378,451",,"222,421,502,645","542,861,862,863,865,867,1125,1133","42,46,438,454,478,484,578,678,682,759","483,1054",308,,"95,602,626,784,795,840,977,1071,1107,1108","464,1071,1080,1107","624,626,632,802,940,943,967,1056"
YPL218W,,,,,,,,,123,,153,,,,171,,,,
YPL219W,"78,153,216,218",,"109,110,153,216,218,223","110,147,153,352,410,449",,,,,,,"58,191,244,245,250",270,"17,19,21,99,105,107,108,161,166,173,193,196,226,228,252,253,298,314",,,,218,"9,78",
YPL220W,"14,18,39,47,91,92,95,98,101,118,130,133","205,206",47,"39,91,92,95,130,133,147",,"91,92",,"3,18,91,92,101,102,105,106,133",47,,"21,62","139,153","52,154",145,"80,164","58,164","18,91,92,130,147",133,
YPL221W,"259,566,679",80,"259,265,577,668","569,673",13,,,763,"99,763",,"121,122,168,260","752,753","659,671,675,681,692,693,750,752,753",264,13,"78,326","259,566,577","613,763","259,645"
YPL222W,"21,478,518,520",,"21,99,105,518,601,602","21,22,145,462,470,518,559",483,,,429,,,"43,579",164,"205,316",,"463,686","219,483","143,145","271,409","156,602"
YPL225W,"69,70,95",143,,"46,69,70",,,,,"69,70",,,,,52,,,63,,
YPL226W,"7,105,190,322,513,762,813,869,941,976",974,"132,193,280,322,327,781,813","193,195,331,916",496,,,"4,105,327,767,872,895,969,1013,1110","7,1132",,"173,391,395,413","124,684,818,1032,1118,1181","25,110,114,116,118,122,123,127,128,397,398,399,400,1140,1146,1180,1181,1185,1191",,"151,496","634,752,844","459,466,546,561,767,941","45,499,976","327,453,459,466,561,777,872,976"
YPL227C,"198,201,261",154,"182,189,198","182,189",,,,"133,314",182,,83,"192,294",,,,227,"100,133",,
YPL228W,250,,"184,212,240,264,427,456","139,264",,,,,"264,267",,"38,46,52,464,508,511,526",,"15,90,99,121,124,149,151,447,449,452,528,536",539,,,"212,264,399","139,196,197,399",
YPL231W,"64,105,173,607,642,807,1145,1423,1578,1724,1736,1761,1821,1826,1844,1857","1453,1764","170,179,397,398,491,495,500,505,619,624,728,996,1002,1068,1079,1081,1166,1413,1471,1632,1816,1821,1826","161,223,495,560,607,611,642,643,674,810,945,1087,1726,1736,1826",1305,,1421,"491,643,676,742,942,1092,1423,1632,1701,1826,1844,1856,1857","200,333,580,1081,1726,1727,1826",1258,"441,508,618,1245,1549,1552,1758,1783","52,169,242,244,620,623,707,708,827,958,1366,1370,1371,1372,1554,1628","50,52,116,196,197,244,961,1164,1440,1479","90,349,490,839",,,"83,86,173,351,491,495,500,505,560,937,945,1002,1079,1081,1087,1514,1547,1551,1632,1736,1741,1826,1835,1844","100,173,284,462,1087,1090,1092,1266,1437,1585,1632","86,173,642,1835,1844"
YPL232W,"99,202",,49,99,,,,,,,,249,,,,,,"95,99,137",
YPL233W,"7,8,207",,,"7,37,38,198",,,,"7,8,81,207",,,134,2,,,,,8,,81
YPL234C,58,,,,,,,,,,,,,,,,,,58
YPL235W,"123,157,198,276",,"194,198,201,424","123,128,130,181,183,194,198,201",224,,,201,"285,414",,"9,63,415,416,443","12,78,79,89,390","205,209",212,224,,"59,181,281","123,128,130,414","181,183,194,389"
YPL237W,"171,209,214,216,220,281",279,"98,102","19,98,171,209,214,220,240,272",,,,"98,220,260",,,120,"235,264","40,80,116,154",,,165,"49,50,220",,"209,220"
YPL239W,"139,194",,83,,,,,,83,,90,,78,,,,,83,"148,149"
YPL240C,"27,44,98,178,195,224,225,229,253,307,335,342,387,390,423,426,469,492,552,555,594,627,644",708,"44,48,449,480,484,494,564,570,610,618,626,627","48,338,449,480,484,552,555,637,644",,,,"98,335,336,337,338,342,387,423,426,484","274,426,594,611",,"37,271,377,446","351,419,422","278,379,447,450,456,533,612,616,619,703","24,606,647",,,"27,44,86,178,188,215,325,335,338,342,387,484,492,494,545,555,564,570,594,610,618,623,640","243,261","27,44,73,86,98,102,338,342,426,469,480,484,492,494,545,594,640,644"
YPL242C,"40,69,70,77,79,89,146,239,246,247,281,334,564,710,752,1015,1131,1138,1247,1249,1351,1378,1382",,"56,69,70,89,273,357,359,531,811,824,1262,1404,1457,1463","200,239,246,247,273,334,490,525,811,826,1054,1058,1064,1262,1338,1342,1344,1351,1358,1362,1382,1412","133,586,743",,,"89,246,281,285,334,336,359,971,1015,1191,1249,1342,1344","89,256,1376,1382",,"61,303,308,358,602,658,759,902,1162,1258,1477,1478","30,38,39,43,44,49,51,55,57,58,60,62,63,68,73,74,315,720,1219,1220","264,268,305,348,350,354,360,395,608,955,956,1352,1444","363,364,374,392,403,469,540,945,948,1115","510,743","245,618,639,1010","246,247,336,359,809,811,850,1048,1188,1191,1338,1342,1344,1382,1397","285,1138,1463","525,605,809,811,1131,1138,1397,1457"
YPL243W,"27,48,51,56,58,104,108",,"56,58,159,255,511,516","31,48,51,56,58,108,115,116,159,161,245,255,298,373,515,516,525",,,,"93,246,375,494,503",,,"69,126,182,364,383",5,,"151,550",,,"31,34,51,229,246,375","229,246","27,58,245,246,503,515,516"
YPL245W,46,,"17,137,261,271,280,282,416","133,176,280","276,292",,,,,,"33,37,58","29,136,138,139","28,136","125,326,327,440","276,292",292,"63,123,137,406,407",,"34,46"
YPL246C,,,198,,,,,"4,211",211,,97,235,,,,,,,
YPL247C,,"512,520,522",,,123,,,192,9,"44,201","217,425,472,473,474,491,497","47,247,248,305","61,65,87,92,96,436,440","73,74",123,,,,
YPL249C,,892,"142,146,879","63,152,368,884",,,,,,,"74,244,267,769","6,832","30,268,269,346","43,727,741",,,"146,152",,
YPL249C-A,"4,13,75","3,72","25,67",67,,,,16,,,35,"5,51",,,,,"15,16",,
YPL254W,"201,205,349,367",,"182,234",,,,,,,193,"48,49,151,373,374","20,87,228","187,324,332,462","16,326,327",,211,201,460,
YPL255W,"170,186,198,259,321",,"182,186,275,295","182,186,191,291,294,295,329",,,,295,56,,"52,59","54,65,69,285,375,378,382,383","112,115,139,143,150,194,197",206,,,"170,186",,191
YPL259C,"142,218,290,300,423,429",,"142,148,149,254,377,423,451","133,142,149,266,267,276,446,455",,,,"267,423,451",,,"152,411","256,258,259,260,417","146,209,212,293,345,347",470,280,,,"254,365","206,290"
YPL260W,393,,"153,243","181,182,184,238,239,243,300,302,380,381,388,393,402",,,,35,,,"37,131,134,261,262","49,82","68,71,137,142,264,522,525,542,546","276,548",,,"35,199,238",,"467,509"
YPL262W,"44,110,151,270,282,289,448,451",,"147,282,451,461","94,201,208,277,282,289,455","311,329",451,"341,347",97,,,"85,160,166","53,87,164,165,353,435,463",,"17,443","311,329,412","7,9","58,97","58,270","44,264,282,289,448"
YPL263C,"29,60,108,184,291,299,300,305,325,646",,"127,128,278,282,291,369,377","6,9,13,184,241,278,282,284,291,299,300,305,307,310,492,604,607",,,,"184,278,284,310",,,"123,293,327","131,139,140","47,329,406,436,445,517,551,553",,255,,,184,"291,305"
YPL265W,"6,7,270,280,282,356,412",,"354,419,558","419,488,490,555,558",,,,"356,490",270,264,"52,443","10,12,58,60,61,62,353,357","11,12,13,17,18,19,22,29,59,60,61,62,64,69",272,,,"412,490",,"270,412,415"
YPL266W,"29,40,106,270,278,280",,,"96,243,278,280,286",,,,,51,,"69,184",95,,,"125,173",,"40,280,286","106,116","7,280,286"
YPL269W,"402,408,462,473,499,501,579,594",,"238,243,244,251,381,398,402,408,413,414,415,418,473,499,501,562,579,581,584,594,602","243,244,251,338,393,402,462,464,465,468,473,579",,,,"71,341,393,564,579",,,"40,181,183,268,271,450,455,554","218,220,221,406,429,480,481,598,601,604,605,608","32,197,221,229,530,598,601,632,641,643",,,,"71,76",,473
YPL270W,"440,465",435,"85,148","113,751,762",,,,"465,518",669,,"67,625,710,745","46,75,76,97,99,452,488,489,638,678,679,682,770","432,434,694,738,741",,,478,"245,345,758,762","428,706","449,552,591,669,671"
YPL271W,,,,,,,,6,,,"37,50","28,52,55,58,61","32,34,39",,,,,,
YPL273W,"7,293,322",,"34,275,276",34,,,,"7,312,322",,,231,,,,"115,125",134,"7,155,312",,"7,275,276"
YPR002W,"165,340",,"19,46,54","54,162,170,343,346,349,498",,,,46,,"237,361",391,"69,93,250,355",,,,,"170,333,340,346","20,54,488","46,54,87,343"
YPR003C,"274,437",754,"437,615,630",681,,,63,681,,"10,12","4,55,65,78,79,197,402,557,668,698,699,702,738,750",486,"17,18,26,34,91,442,572",564,,,437,"24,41,361",
YPR004C,"146,235,331,339,342,344",122,"63,66,72,149,171,195",72,140,,,"16,63,66,146,171","331,342",,"119,205",,"43,150",,"140,267",140,"66,146,235,237",171,242
YPR006C,"27,213,282,389,390,477",,"20,186","13,19,20,27,282,477,526",,,,"93,170,216,221",,,"6,7,61,81,459,465","249,288,308","565,569,571,573",,533,,"40,170,446,449,477",,"19,389,390,477"
YPR008W,,,"172,302,425",245,,,,172,,,"24,195,215,217,222,318,375,376,637","267,271,320,321,322,324,327,504","40,41,42,182,184,185,189,239,241,274,276,304,345,489,504,505,534,574,577,663,664",174,,,,"268,419",245
YPR010C,"32,71,77,184,416,441,443,460,513,740,916","4,1060,1071","71,77,94,106","30,32,120,314,315,513,1139,1140,1144,1150",927,916,,"740,805,870,872","32,513,723","219,225,609,796,817","322,790,867,1171","109,552,559","707,712,749,1099,1116","1014,1027,1032,1033",529,529,"66,314,364,513,612,805",872,"71,77,513,872,916,924,1043"
YPR013C,,,251,"254,261",289,,"207,208,214",,,,"2,123,182,233","4,15,20,22,143,224,267,268,271,277,285","20,22,143,145,162,168,226,264,267,268,271",,"28,199,289",,,,
YPR016C,,,,93,"109,152",,,93,,,,"51,52",166,113,152,"109,110,152",,,
YPR017C,35,,,,,,,,,,"39,90",67,,,107,"104,107",,,35
YPR018W,"15,16,120,247,252,467,499,583",585,"16,30,37,39,270,280,282,442,499,568,577,583,587","15,16,17,80,81,87,92,129,280,282,553,560,583,587",,,,"92,273,560,568","315,317",,461,"7,21,28,238,240,272,375,493,494,495,498,566,603","77,121,123,124,125,128,378,386,404,429,433,501,503,509,513,515",91,,,"6,15,16,235,247,560,564,568","60,273,474,521","260,568"
YPR019W,"324,468,537,594,812,814,834,854",933,"722,844","299,302,467,468,472,554,594,789,834,841,854",,658,,"207,329,454,458,554,583,834,841,844","814,915","428,432,440","13,14,54,184,217,218,549","69,76,77,118,119,120,121,122,160,171,573,575,655,670",,590,567,"427,567","458,554,722,814,834,844","299,302","324,537,538,594,658,722,810,814,834,844"
YPR020W,"28,35",110,15,77,,,,35,52,,7,"9,10,70",,"8,38",,,40,,
YPR022C,"111,628",1133,"413,423,430,463,957,1033,1035","423,430,437",,,,"409,430",,,"22,75,234,239,335,425,448,449,718,719,1023,1098","275,276,277,840,842,1126","24,49,128,367,427,428,440,441,444,450,619,840,842,954,1001",897,"836,1115,1127",,"430,772,773",,592
YPR023C,"26,54,143","2,92",171,"54,315,318",,,,130,145,,389,"35,148,150,155,157,158,159,161,164,165","172,175,176,179,184,266,271,274,276","238,387","282,292",,,57,"29,36"
YPR024W,"113,388,431,458,462,559,608",3,"71,262,269,305,312,392","269,275,279,312,392,398,559,680,681,716",595,,,"305,312,392,681","305,668",,"2,257,610,643,647","4,14,167,180,188,191,325,328,371,434,526,530","116,117,148,645","156,695",,,"60,305","315,738,740","305,312,315,441,535,549,711"
YPR025C,"62,390",,331,"22,188,196,356,360,389",346,,,,347,,92,320,"44,289,320",40,346,,62,"196,389,390,392",99
YPR028W,,179,,"18,142",,,,"158,161",,,"30,33","159,175,178",,4,,,"158,161",36,161
YPR029C,"164,583,630,770,773",,"355,621,763","10,16,27,31,35,156,157,355,630,670,763,770,773,796",191,,,,"452,670,827",,"352,353,480,481,501,542,615,786,814",,,"320,356",191,,"156,157",447,"345,378,630"
YPR031W,"16,95,483",,"69,170,331,581,594,595,601","64,86,93,95,102,104,105,170,580,581,601,623",94,,,"86,105,487,640",149,,"43,113,157,366,482,544,545","5,161,162,163,164,232,484,586,588","159,536,728,734",252,"94,109","94,435,523","69,85,86",85,"102,104,105,149,679"
YPR033C,"8,50,85,105,232,249,497",449,"14,50,232,239,271,277","47,56,59,62,84,214,232,239,242,249,465,472,501",482,,,"62,84,232,239,451,472",232,,"273,288,292","3,5,11,12,15,16,22,23,25,29,30,33,417","54,57",,"124,482","124,482","56,59,62","14,249,250",232
YPR034W,"114,287,293,457",,"288,338,339","241,293,297,338,339,348,464,468",29,339,,"37,288,457",457,,"4,12,296,371,378,477",476,"277,279,473","68,460",,29,"202,338,339,457",259,"259,457"
YPR035W,"166,238,324","203,322","45,77","46,265,273",,,"152,154,157","241,256,324",,,252,234,287,"15,75,158,177,327,329","180,206","98,180,206",324,324,"232,238"
YPR036W,216,,"45,53,54","45,53,54",297,,,"53,54",163,,455,"18,62,63,222","86,324",,,"290,297,298","53,54","75,414",329
YPR037C,"2,6,130,134,190",,,,,,,,,,,"139,140,141,143",,,,,,"76,79",
YPR040W,"202,314,321,331",,"104,202,212,221","229,314",,,"64,67","212,314",121,"33,34","180,183","2,6","11,12,55",296,351,,,,
YPR041W,"24,113,322",164,,"33,122,126","289,294","375,379",,24,"275,322","28,165",,"159,161,366,368,369,378","212,394,397",,6,289,"274,275",,"113,274,275"
YPR042C,"615,624,635,760,764,768,773",,"60,91,277,390,829","49,60,353,624,764,768",,,,"615,764",,,"3,8,10,13,109,142,160,338,457,462,466,600,603,625,736,978,981","47,118,119,123,126,137,139,146,244,246,255,389,395,459,839,904,1014","56,236,244,246,566,894,902,904,905,908,915,1012,1014,1016","202,260","378,771",378,"768,795",615,760
YPR043W,"6,7,13,61,62","8,16,90","45,48",13,,"3,6,7,13",,"6,7,13,44,48",,,,"5,11,70,72,73",,14,,"57,59,60",,,"6,7,13"
YPR045C,"298,299,443","126,134",438,"179,185,438,443,463,470",240,,,"327,369",,31,"3,10,11,422,429","153,157,295,300,302",13,,"193,240,373,450",240,198,133,"362,443,460"
YPR046W,"7,127",,,,,,,134,,,"3,176",2,,,,,,,
YPR047W,"71,80,186,373,459,462",183,"207,257,369,416","211,257,258,264,425","132,457",,,"257,258,266,425,429,462",,"355,469","40,116,138,443","42,44",110,14,132,"306,457","264,425,462",,"135,459,462"
YPR048W,"166,227,250,256,463",,607,"212,217,235,514",272,,,"250,530,610","166,227",444,"284,297,598",341,,,"325,509",,"120,514","186,294,496,530","217,227,548"
YPR049C,"78,104,248,251,438,444,445,807,956,1000","1138,1178","621,627,630,745,954,963,971","377,438,627,630,634,635,745,839,954,963,971,1000,1007,1008,1011,1014,1016,1134","252,514",,,"1000,1132",379,,"83,254,305,604,605,686,777,981","8,21,22,100,103,106,739,1018,1050,1053","124,166,290,307,531,533,534,607,617,728,771,775,779,789,1053,1055,1057,1071,1072,1080,1083,1084","7,94,802","215,252,436,514","223,436","661,956,1125,1128,1134","297,299,492,794,948","948,954,956,1128,1132"
YPR051W,"20,139",,,,,,,,,,53,,,145,"64,67,163","67,163",20,6,21
YPR055W,"139,436,921,1020,1024,1032",,"368,824,918,921,1024","129,134,139,360,374,439,820,823,824,891,921,1008,1016,1020,1024,1032,1038,1042",,,,"824,924",824,13,"29,196,197,237,240,247,466,500,591,742,743,947,956,958","112,113,361,362","16,19,21,141,538,1011,1013,1014,1034","75,914",,,"511,515,737,824","380,535,737","134,814,921,1032"
YPR056W,,,"95,102,137,138,165",,,,"300,306","165,207",,,101,"164,167,169,170,171,174,218,221,222",,"115,159","181,276",181,"137,187,323",219,"137,138,165"
YPR057W,"290,291",,"181,190","179,181",137,,,,"75,189,190",,319,,"80,82",,137,,"181,189,190",,181
YPR063C,17,,"17,22",17,,,,,,,36,,2,,,,,,
YPR067W,"48,53,135",,"48,77",135,,,,,172,,"58,95,149,150,168","40,62,151",116,"73,129",,,"135,143",41,"41,143"
YPR069C,50,,255,"40,255",118,,,"42,91,216,217,250",50,,,6,,,,118,"265,275","31,34","40,42"
YPR070W,"115,458,552,556,560",,"78,110,214","115,326,327",,,,,,,"30,220,242,247,250,266","107,380,382,383,505","172,414,416,419,423,425","216,375",,"183,184",,161,"187,214,326,327,514"
YPR072W,"103,107,117,124,538,539",,"452,454,455","44,50,54,103,107,117,241,247,454,455",,,,"5,539",298,,"38,301,320,433,436,437,439","47,302,303","239,245,256,258,262,322",488,546,,"5,293",,"107,499,539"
YPR074C,"276,278,314,544,671,677",113,"268,276,314,352,544,579,668,671","276,285,311,352,668,671,677",,,104,"268,273,276,278,579,668,671",205,,"149,387,406","350,354,471,522",,"184,294",,,"303,321,322,352,579,582,641,647,662,668,671,677",,"276,278,544,579,582"
YPR075C,,,"6,216,220,226","220,226",,,40,,,,185,"2,3,4,5,8,10,11,12,14,15,16,18,19,20,21,22,136,188,190,191,192,194,197,340,344","15,16,18,340,341,344,346,348",,,,353,131,"131,309"
YPR080W,"20,30,36,41,44,51,55,62,64,84,154,170,177,178,184,214,217,222,242,253,271,311,316,390,393,401,437","260,262,265,301,431","178,441,444,447","44,154,170,177,178,242,390",409,"44,51,55,62,64,100,129,154,178,253,288,311,316,457,458",,"177,178,328,393,437","3,5,30,36,51,55,62,64,79,271,316,454,457,458",245,"312,339","38,72,104,106,107,133,185,192,259,285,289","38,173,185,284,285,314,438","56,252,355,416",409,409,"36,41,44,154,159,170,177,178,210,214,217,242,253,271,393,401,441","44,224","44,51,55,62,64,170,177,178,184,288,311"
YPR081C,"85,181,364,365,373,375,530,608",616,"206,364,365,373","117,206,364,365,392,397,399,401,403,530,617",,,,"95,364,365,403,536",411,,"247,293","211,223,410,413,452","609,610,614",,"432,482",482,"117,546","181,324,617","78,117,181,314,316,391,608"
YPR082C,,"4,142",,,,,,128,,,,,,"135,137",,,,,
YPR085C,"25,207,210,318",,"35,318,362","121,324,362,364",,,,,,,"120,155","38,40,309,310","15,388",,,,331,185,296
YPR086W,"98,151,155,201,205,262,264,344",,"33,267","108,112,116,122,151,155,161,199,201,344,345",137,,,"147,155,205","217,272,314","105,182","90,91,235",175,167,,137,,"98,108,112,121,122,147,151,166,205,211,224,314,322",211,"98,314,322"
YPR088C,"82,178,296,342,414",2,"100,325,333","69,77,78,82,178,292,325,333,335,342,343",,,455,"78,82,333,335,343",,263,"65,223","71,72,123,124,125,247,248,269,274,276,300","269,294,297",,,,"77,325",292,"82,178,292"
YPR089W,"17,69,76,647,654,747",4,"323,730,736,750","27,32,76,319,321,323,437,445,730,734,736,737,742,744,747,805",,,,"323,736,737",,,"152,331,593,844","814,816,821,824,869,870,871","169,172,214,265,491,529,583,696,718","304,797,832",,,"323,386","188,297",321
YPR091C,"71,79,83,186,609,703,735",,"37,203,381,473,604,683,708,712","37,41,42,68,79,110,127,128,186,194,203,338,342,344,559,560,564,683,712,735",,,512,"473,475",,,"263,267,279,300,304,391,528,529,595,620,700","576,577,578,591","367,368,375,570,574,591,592,593,622,640,646,714,716,720,739",,,,"71,145,290","68,71,656","79,475,481,678,757"
YPR094W,,107,40,,,,31,,,"3,99",,,,,,,,,
YPR095C,"158,166,171,363,378,484,587,598,666,812,897",,"166,226,286,291,549,673,812","124,171,812,1112,1114,1115,1132,1175","463,554",,,"12,286,1092,1132",,,"2,393,398,581,616,744,760,764,801,961,988","32,33,146,147,148,211,214,215,216,225,356,358,402,726,728,730,731,738,957,959,960,962,963,966,967,968","185,204,207,208,209,210,211,214,275,277,297,447,669,676,979,980,1015",797,,,"99,666,778,804,812,1134","124,363,464,469",
YPR097W,"180,242,334,335,463,513,621,700,766,845,1027",,"41,229,237,341,347,375,766,955","180,217,291,334,341,471,545,551,576,672,675,684,832,841,946,955,956,964,965,970,972,976,1063",,,,"559,621","242,249,252,832",,"10,59,60,195,256,257,260,706,773,895,989","227,230,231,233,234,235,238,243,275,278","63,451",,349,,"672,675,700,766","18,341,432,943,946","508,559,796,972,976"
YPR100W,,"2,3",97,"47,97,102",,,,,,,,,"120,123",,,23,,,
YPR101W,25,,,"25,26,32",,,,,9,,106,,"55,76",,,,"9,11,17,32","25,32",
YPR102C,"64,85,87",138,35,85,,"85,87",,"35,64,75,85,87",75,82,"20,95","41,44",2,52,,,"4,75,87,156",35,"13,16,64,75,85,87,164,166"
YPR103W,"69,71,166","275,285",156,,177,,,"71,107,108,182",166,,,"150,155",,163,177,177,"16,233",276,"16,71"
YPR105C,"52,128,165,166,174,175,287,295,663,666",,"147,174,539,544,703,737","55,165,166,174,531,539,655,663","242,292",,,"55,128,166,287,295,296,531,663,746",,,"7,81,121,136,259,384,469,535,696,837","256,554,556","256,349,352,356,442,446,448,549,551,552,554,556,563,566","149,709","242,292","242,798","128,166,663","304,544","41,122,128,165,166,174,175,539,663,666"
YPR107C,"10,14,64,178",208,,"54,55,145",34,145,47,"10,14,55",,,,,,,"81,110",,14,"14,91,182",14
YPR108W,"156,160,225,375","2,4,429","152,156,160,267,351","37,109,111,152,156,160,267,269,346,405,413,416",,,,"225,336,375",152,,378,17,"159,163","99,213",,319,53,"53,55,190","44,190,405"
YPR109W,76,294,24,,,,,,,,"3,11,87,88,114,211,215,271,275","89,181,184,186","116,293",,,,,,
YPR110C,"148,168,195,316",,154,"35,154,268,272,290,322",,,,"38,148","37,38,290",,"14,43,87,88","176,177,178,220,223,224,226",,,208,250,,240,
YPR111W,"188,508",,77,"122,198,334,508,514,518",,,,189,,,"15,136,413,552",48,"30,31,431,520,526,562","363,373,496",,,,518,"167,531"
YPR112C,"7,47,121,169,280,288,340,357,508,513,519,524,643",,"519,623,701,757,760,761,764,797","159,169,280,288,386,440,441,443,513,519,524,586,701,738,796,797,800",,,,"513,537,768,800","513,800",3,"36,78,83,342,488,618,619,669,671,676,678","56,94,380,385,675,708,718","220,749",224,,,"267,280,357,524,537,593","182,319,320,697,701","280,288,363,424,513,519,524,768"
YPR113W,126,,130,130,,,,,,,4,"2,3",,,,,,"130,211",
YPR114W,,310,"63,303","75,76,220,302,303,312",,,,92,,,"231,232","133,134,136",,93,,,,28,
YPR115W,"220,224,225,350,489,664,713,714,850,1018,1034",,"36,336,536,541,574,577,580,909,991,1034,1044,1045,1062","119,212,281,282,311,318,367,369,376,503,541,543,577,580,673,683,1028,1034",,,,"220,714",,,"726,733,981,985,1008","25,217,219,263,289,338,339,423,570,658,665,666,774,776,777,778,780,781,901,907,1048,1074,1078,1079,1081,1082","2,27,28,29,40,44,45,105,136,238,329,535,537,540,628,650,652,655,658,757,758,761,774,776,777,778,780,781,784,847,851,875,906,907,910,911,914,915,918,989,1046,1048","485,1040,1047","464,849,995",,"713,1028","9,70,92,239,536,713","100,710"
YPR116W,"5,9,10,22,106,208",,"89,125,128","29,106",,,,"9,10,208",,,,218,,123,204,,"29,208",51,
YPR117W,"93,97,107,217,402,593,829,830,877,1149,1285,1451,1464,1614,1903,2354,2378",,"217,220,588,747,864,1021,1031,1036,1441,1444,1641,1679,1730,2288,2301","107,217,285,290,291,601,602,747,864,867,877,928,934,936,1013,1195,1196,1260,1451,1464,1467,1912,1913,2102,2301","896,2170",,,"217,238,602,747,1285,1441,1444,1451,1614,2028,2378,2419","322,602,1036","1960,1961","191,210,310,311,452,467,468,605,636,638,663,789,981,1255,1404,1476,1978,2189,2279","102,105,640,1448,1471,2261,2262,2263,2264,2265,2268,2269,2270,2276,2482,2483","470,472,706,744,745,748,1022,1023,1527,1531,1733,1831,2249,2254,2438,2460","1130,1232","211,617,1112,1601",,"107,213,928,929,1013,1282,1912,1913,2058,2331","173,265,1021,1564,1852,2244","877,936,1202,1233,1279,1282,1309,1451,1458,1912,1913"
YPR118W,273,283,"19,120,124,130,208,211","124,130,168,203,208,211",,,,168,,,"15,111,319,349,355","37,268","209,214","244,248",,,"168,203",364,273
YPR119W,"184,295,342",,"38,117,350","50,57,58,85,93,197,198,248",336,,,"50,200",346,,"29,30,33,126","67,175,177,189","15,16,83,181,324,330,332,369",,336,,"58,200,350,370","145,247",
YPR120C,320,,"73,80,83,394","234,239",383,,,190,261,,"42,361",,15,,383,,"187,190",307,"36,394"
YPR122W,"205,331,337,401,753,1056,1109,1114,1115",,"246,248,252,277,284,287,337,743,1114,1115","201,203,205,241,246,248,252,277,284,287,331,337,753,988,1064",760,,,"241,603,753","487,492,1121,1205",,"21,95,96,160,220,290,567,701,754,827,828,829,874,875,891,985,1012,1185,1186","186,1080,1081","257,1073,1080",,760,309,"236,241,248,331,337,538",492,"236,287,753,1056,1109,1114,1115"
YPR124W,"20,290,345",,200,,365,,305,302,,,"113,148,149","21,193,196",208,191,"363,365",363,371,,
YPR129W,,347,"65,72",216,,,,,,"284,310",67,"126,139,247,254",215,"61,326",,,,,"245,246"
YPR131C,95,193,,162,97,,,,70,,,60,,,,,"156,162","66,70",131
YPR132W,"30,31,39,56,78,81,82",17,"56,114","39,62,70,78,81,82,110,114",92,"62,70,78",64,"30,31,78,81,82,114","39,56",19,,"36,61",,,"71,92",92,"30,31",82,"30,31,56,62,78,81,82"
YPR133C,"194,318,325",140,136,"198,205,314,317,318,328,330,332",,,,"194,198,270",,,"38,393,394","319,365,366,390,391","85,86,89,204,323,390",,,,"198,272","130,162,257","192,198"
YPR134W,95,266,48,,,,,11,,127,,"94,103,123",,,,,,,"29,95"
YPR135W,"130,317,326,473,864,900",,"32,259,265,275,568,648,709,890,900","32,37,265,326,912,913","28,248",,,"319,900,912,913",,,"24,25,270,391,565","269,467,471,579,580,584,612,613,820,830","268,269,377,379,484,804",426,248,"226,232,248,874","7,259,785","134,423,425,550",550
YPR137W,"14,114,192,198,523",,"75,146,198,212,215,523","75,122,146,198",336,,,"146,430,431,523,545",,,"155,156,555",,"29,32,33,276,308","199,250",299,299,"122,350,431,545","75,122",97
YPR139C,271,,"221,248,284","80,209,218,221,271,273,278",,,,"190,246,248,273,289",,,"6,10,100",198,,,,,241,"80,209","190,248,271"
YPR140W,"349,355,368",134,"169,170","170,287,297,326",,,332,,170,,"257,344",,,,,,287,297,"56,282,287"
YPR141C,"43,48,165,191,226,269,301,368,546",726,"78,89,99,299,306,353,583,613","116,130,132,139,165,184,301",,,,"48,336,509","233,346",,"106,562,634,650,708","58,61,590,592,636","3,7,9,13,14,66,68,96,189","85,310,686",,,78,"149,157,165,171,172,285,286,360,368,538,546,567",226
YPR143W,"151,152,153,234,236",,"220,226","17,132,138,144,145,178,182,188,210,226",,,,"182,192,236,242","225,236",,215,"134,184","61,69,134,213",117,,,"182,210,234,236","207,210,220,222,225,226","234,236,242"
YPR144C,"84,353",550,,"13,78,514",,,,,183,,"39,145,249","76,77",,"338,342,354",,,,,"50,84,436"
YPR145W,308,,,,,,,"187,305,308",,,"41,409",251,,209,"98,169",2,398,"19,467,530",
YPR148C,"226,241,246,256",,"67,127","77,84,87,133,134,246,256,257,263,264,305",,,,,,,"310,384","16,93,147,187,303","44,47,318,320,321",,"159,161",,"49,241,245,246,257,300",327,
YPR149W,,"165,167,173",,,,,,,,,"99,100",110,,103,,,,,
YPR152C,"15,137",,330,"29,33,34,43,79,330,336",,,,230,,,,"10,25,45,86,99,238","86,150,158,272",327,"129,415",363,"79,137,318,321",240,"9,14,15,79"
YPR154W,"36,41,76,188,193",211,"36,41","36,41",96,,"149,153",41,,,"7,35",137,52,,96,,,,
YPR155C,"168,514",,"173,174,305","168,173,174,179,183,192,214,450,467,469",,,,"168,469,484,544",,,541,,388,,,,"168,484",378,
YPR158C-D,"307,491,748,752,1226,1441,1448,1453,1730,1731,1739,1744",,"186,289,379,381,396,615,1001,1002,1022,1113,1440,1441,1447,1448,1453,1503,1632,1637","45,652,1226,1249,1265,1299,1378,1379,1440,1441,1447,1448,1453,1482,1503,1506,1676,1680,1709,1739","758,1645",,178,"254,515,752,1249,1441,1447,1448","1495,1506",,"278,333,369,376,408,445,448,575,616,617,623,743,775,991,1060,1073,1074,1104,1160,1185,1664,1665","7,40,318,577,760,761,956,1039,1067,1069,1114,1116,1117,1169,1174,1177,1738","23,36,71,157,356,365,411,418,420,421,422,809,960,962,964,965,1005,1006,1032,1055,1093,1095,1099,1147,1181,1187,1203,1508","1272,1273","18,43,540,758,788,1645",758,"207,368,379,381,1265,1440","1113,1190,1357,1474,1680","289,368,491,748,752,1178,1448,1453"
YPR159W,"104,316",329,"98,104","247,316,710,715",,,,104,,493,"5,11,43,140,181,374,538,563,691","45,116,117,122","22,112","106,221",,,"98,104,243,247",,316
YPR160W,"154,156,315,322,531,579,584,588,589,594,598,606,679,828","629,901",672,"39,48,113,293,322,588,598,606,607,657","86,195",,,"113,162,348,546,588,589,657,667,668,672,679",584,,"108,389,427,534,537,720,784","738,739","333,480,486","123,124,285",195,,"348,521,579,584,606,607,657",143,"409,421,471,516,573,588,594,630"
YPR161C,"41,65,389,392,421,431,432",,"17,19,22,24,238,421,431,523,526","19,22,24,34,41,44,97,431,432,630,631,636",,,"224,477,607,613","24,97,286,421,523",97,485,"489,490,500,519,542,592","94,320,398,400,405,472,492,498,501","2,6,25,26,240,241,245,398,400,417,624","391,469",,170,"97,286,414,421","12,375,630","190,210,421"
YPR162C,,,"93,453,454","453,454,457",,,,,124,,"306,374,375,480","109,333","2,4,89","523,524","78,250,355","78,355,361",,,
YPR163C,"165,170,352,435,436","191,433",379,"147,155,352,357,361,369,376,379",,,,147,,,"58,59,61,62,167,172","65,194,370,371","14,25,76,387","93,177",,,155,"10,376,379","165,170,407,435"
YPR164W,"24,273,399,457,512,513,756,1037,1114,1138",,"468,698,951,1037,1039,1049,1165","465,512,513,517,520,579,582,759,953,954,960,983,993,1037,1039,1049,1361","575,665",,,"954,1039",1114,84,"293,294,304,311,360,556,560,617,620,675,711,747,904,905,906,1099,1100,1206,1207,1398,1402","551,553,765,766,1284","134,144,475,503,527,566,567,996,1146,1147,1148,1149,1152,1288,1294,1324","1241,1297","278,370,575,1176",,"898,1361","169,1387","169,273,525,858"
YPR165W,167,5,,"195,202",,,,,,57,,"24,42,65,82",,"39,71,161,162,170","21,112,122","21,112",,,
YPR166C,39,,,104,78,,,"39,42",,,,,,,78,,"104,111,112",,
YPR168W,,,"62,145","62,128",,,,,,,"2,4,7,8,152",,,,,,145,,
YPR169W,"80,120,162,360,449",132,"155,162,165,166,357,360","5,6,129,154,155,162,165,166,178,179,182,360,449,479,487,488",,,,"155,166,360,479",,,168,"461,463","274,412",,"51,331",,"162,165,166,260,478,487,488","6,140,260,311","487,488"
YPR171W,"278,414,433,542",576,"23,32,227,363,478,511,552","259,262,264,421,423,426,468,492,493,495,552",63,,,426,,,"132,329,438,439,561,563","184,191,210,218,223,243,245,246,328,332,333,358","39,43,46,77,79,83,86,88,104,106,265,268,318,320,378,379,381,437,440,444,462,480,518,526",284,,,,"227,278,393,402,403",16
YPR172W,"19,197",,"46,154",68,,,,"165,171","151,154",,"89,90,182,188,190","97,99",,,,,"68,73,154,171",,68
YPR173C,"127,154,160,212,321,344",,53,"9,51,146,353,411",,154,,"59,146,215,361,408",,,"191,265","2,3","85,87,356,365,370,374,377,389,412",295,"317,376",,,"114,127,424","9,16,146,154,179,361"
YPR174C,198,,,"12,15",88,,,,,,,"169,185,186","82,175,185",,,,"198,201",,
YPR175W,"28,162,381,514,515,518,521",,"34,518,595","28,153,162,171,384,518,521",,,,"419,604",,221,"136,174,291,295,451,474,478,560",35,"122,182,263,264,269,456,678",,,,153,"157,162",85
YPR178W,403,,,"176,408,409",413,,,,,,"22,126,447,448","349,354","111,114",,,,,,
YPR179C,"253,254,257,348,594,599,604,644",655,"378,491,518,594,644","168,170,190,194,518,520,525,585,588,594,599",,,,"170,381",465,,"26,80,187,265,345,404,407,479,630","9,38","624,632",,,,"381,462,465,520,594","334,520,525,588,594,608","465,604,608"
YPR180W,"138,145,288,297",,,"206,207,260,262",,,,299,,18,190,"182,183,189,229,249","9,265",,,,"7,93,200,270",35,7
YPR181C,"323,324,327,562",,,,69,,59,"327,562",397,739,"75,431,579","198,714","246,310","395,734",35,35,"558,562,568","305,413,425,688,695",
YPR182W,,,,,,,,"16,20",,,34,36,,,75,,,,
YPR183W,,,183,,172,,,222,,,,"141,159,220",,,172,,,"15,19",
YPR184W,"75,501,506,829,1113,1221,1289",,"23,271,336,344,350,735,737,852,853,892,999,1358","78,81,82,458,832,837,1204,1295,1355,1358",,,,"39,167,520,779,1113,1358,1468","287,554",1216,"2,228,265,326,352,796,805,1508","386,888,1098","4,183,325,330,366,386,389,391,392,395,638,723,724,726,728,730,895,896,898,901,1331","190,408,1173,1242,1336","19,667","1020,1021","39,458,776,779,829,1355,1358",,"39,501,837,839,1322"
YPR185W,"206,211,218,425,642",2,"364,447,642","240,241,248,447,450",,,,"112,113,206,241,364",,565,"229,267,268,270,391,492,558,569,733","196,348,351,379,392,393,427,428,442,494,560,573,675","37,38,344,346,348,351,355,379,427,428,429,454,461,483,484,506,531,533,570,571,572,573,577,581",,,,,,
YPR186C,429,5,317,"87,115","56,85,113,141,372",,"193,225",,,,"371,405","20,36,37,38,61,64,118,119","26,28,29,101,103,105,111,271,275,310",,"141,258",,147,17,
YPR187W,"46,87,128,129",153,,"87,128",,87,,"123,128,129",,"92,136",,,"2,24,28",29,,,"123,128,129",,"76,128,129"
YPR188C,,,42,"42,49",,,,,,,"63,87",,,,,,,,"49,58"
YPR189W,"32,511,921,1168,1335,1337,1357,1392,1400",,"195,206,335,690,842,903,935","9,12,195,197,342,470,522,573,597,1033,1392,1400",,,,"310,311,422,514,757,835","29,32,1088",,"56,915,984,1353,1421","631,632,927","2,54,1214,1216,1217",,1431,,"5,9,12,32,311,331,573,1131,1335,1348","32,119,195,197,331,605,1130,1131","29,132,1372"
YPR190C,"105,242,246,251,403,404,406",,"242,246,268,384,389,390,472,482","92,237,242,251,322,325,529,604,612",,,,"242,246,251,294,301,529",,,"13,469,523","277,279,281,302,308,508","63,230,233,323,392,394,430,545",,,,"242,529","404,406",
YPR191W,"34,213,222,302,303,309",,"34,182,275,278,302,303,309,310,312","44,173,178,182,213,302,303,309,310,322",,,,312,182,,329,"207,208,214","63,214,268,315",131,137,,"79,302,303,309,310,312",,"34,173,178,182"
