name,_wkshell,_wks_percentile_bucket
AT1G27290,1091.0,95.0
AT2G06850,599.0,80.0
AT2G07678,20.0,10.0
AT1G29060,1364.0,95.0
AT1G45145,1080.0,95.0
AT2G07690,137.0,40.0
AT1G19570,983.0,90.0
AT1G21240,1264.0,95.0
AT5G04920,56.0,25.0
AT5G22950,175.0,50.0
AT1G21870,681.0,85.0
AT1G78380,599.0,85.0
AT2G01680,1025.0,95.0
AT2G10950,45.0,20.0
AT2G11520,89.0,35.0
AT2G24940,773.0,85.0
AT2G07698,599.0,80.0
AT1G68220,196.0,50.0
AT1G70490,232.0,55.0
AT3G03800,4.0,0.0
AT2G09990,1320.0,95.0
AT2G13150,74.0,30.0
AT3G48890,1173.0,95.0
AT4G05370,1117.0,95.0
AT2G13290,82.0,30.0
AT3G14415,209.0,55.0
AT3G01500,599.0,85.0
AT2G11810,127.0,40.0
AT2G28110,5.0,0.0
AT3G08930,1042.0,95.0
AT3G26110,1020.0,90.0
AT2G12290,45.0,20.0
AT5G11890,1333.0,95.0
AT2G13540,88.0,35.0
AT2G13560,88.0,35.0
AT5G14020,48.0,25.0
AT5G47180,1084.0,95.0
AT2G15430,1184.0,95.0
AT4G37445,599.0,85.0
AT4G39890,474.0,70.0
AT2G13370,117.0,40.0
AT4G38160,55.0,25.0
AT5G05170,1025.0,95.0
AT1G05690,14.0,10.0
AT1G05700,971.0,90.0
AT4G08700,15.0,10.0
AT2G14050,83.0,30.0
AT1G09970,991.0,90.0
AT2G18850,116.0,40.0
AT5G64560,1025.0,90.0
AT1G05680,25.0,15.0
AT3G23430,58.0,25.0
AT3G24290,15.0,10.0
AT3G45840,1.0,0.0
AT3G13065,553.0,75.0
AT3G28450,852.0,90.0
AT5G60880,14.0,10.0
AT2G14830,154.0,45.0
AT1G50610,1033.0,95.0
AT2G14120,140.0,45.0
AT4G33650,191.0,50.0
AT1G60800,1025.0,95.0
AT1G64210,1025.0,95.0
AT2G14255,1.0,0.0
AT4G29180,974.0,90.0
AT2G15240,193.0,50.0
AT5G42650,22.0,15.0
AT4G34220,1025.0,90.0
AT4G39270,391.0,70.0
AT2G15350,153.0,45.0
AT3G49670,1004.0,90.0
AT4G20940,1025.0,95.0
AT2G14860,199.0,50.0
AT2G15080,8.0,5.0
AT4G26540,922.0,90.0
AT1G13260,390.0,70.0
AT1G18400,422.0,70.0
AT2G15960,19.0,10.0
AT4G16980,231.0,55.0
AT1G21000,405.0,70.0
AT3G52090,621.0,85.0
AT5G45840,692.0,85.0
AT5G65700,1123.0,95.0
AT5G09920,336.0,65.0
AT5G52640,789.0,85.0
AT2G16365,259.0,60.0
AT1G74930,338.0,65.0
AT2G18350,346.0,70.0
AT4G16250,120.0,40.0
AT4G18130,102.0,35.0
AT1G35560,1257.0,95.0
AT5G53280,249.0,60.0
AT2G16280,84.0,30.0
AT1G54060,939.0,90.0
AT1G72740,327.0,65.0
AT5G10480,109.0,35.0
AT3G53370,109.0,40.0
AT2G16600,329.0,65.0
AT2G26500,53.0,25.0
AT3G57800,453.0,70.0
AT5G56840,348.0,70.0
AT2G28900,173.0,50.0
AT2G45800,169.0,50.0
AT3G04670,249.0,60.0
AT2G16370,77.0,30.0
AT2G16530,87.0,30.0
AT3G29035,393.0,70.0
AT1G05760,1.0,0.0
AT3G58350,1.0,0.0
AT2G48020,33.0,20.0
AT3G02730,107.0,35.0
AT1G05785,102.0,35.0
AT2G34420,374.0,70.0
AT5G65100,20.0,10.0
AT1G05730,31.0,15.0
AT2G44650,103.0,35.0
AT2G45180,102.0,35.0
AT3G28940,53.0,25.0
AT1G51140,453.0,70.0
AT2G32700,508.0,75.0
AT3G63410,599.0,80.0
AT4G01900,215.0,55.0
AT4G26450,961.0,90.0
AT3G08580,1025.0,95.0
AT3G21055,175.0,50.0
AT1G05805,343.0,65.0
AT1G35460,481.0,70.0
AT3G26740,33.0,20.0
AT4G09180,264.0,60.0
AT4G28660,33.0,20.0
AT4G30950,159.0,45.0
AT4G10600,608.0,85.0
AT5G47220,345.0,65.0
AT4G38460,203.0,55.0
AT2G35605,262.0,60.0
AT2G42280,777.0,85.0
AT4G05180,599.0,80.0
AT4G25570,232.0,55.0
AT3G49530,252.0,60.0
AT1G05880,,
AT1G10010,112.0,40.0
AT5G66120,63.0,25.0
AT2G31660,599.0,80.0
AT1G15880,162.0,45.0
AT5G08650,65.0,25.0
AT1G05860,215.0,55.0
AT5G44090,176.0,50.0
AT5G52840,33.0,20.0
AT5G54770,172.0,50.0
AT4G28270,8.0,5.0
AT5G03730,77.0,30.0
AT5G27150,117.0,40.0
AT2G16760,70.0,30.0
AT2G16880,18.0,10.0
AT1G66760,542.0,75.0
AT3G18710,77.0,30.0
AT3G19950,599.0,75.0
AT2G20780,246.0,60.0
AT2G26300,890.0,90.0
AT3G60300,7.0,5.0
AT1G76510,221.0,55.0
AT3G53060,250.0,60.0
AT2G17040,136.0,40.0
AT2G17410,235.0,55.0
AT2G40260,968.0,90.0
AT4G24700,19.0,10.0
AT1G06040,599.0,80.0
AT1G14920,1227.0,95.0
AT2G16930,54.0,25.0
AT3G21840,281.0,65.0
AT1G32230,438.0,70.0
AT4G36240,59.0,25.0
AT5G54470,522.0,75.0
AT2G17250,75.0,30.0
AT2G17260,11.0,5.0
AT1G06070,264.0,60.0
AT3G04460,8.0,5.0
AT3G17609,361.0,70.0
AT3G21150,722.0,85.0
AT2G26590,259.0,60.0
AT5G23820,11.0,5.0
AT2G17520,96.0,35.0
AT1G20140,1015.0,90.0
AT5G42190,1235.0,95.0
AT5G24360,2.0,0.0
AT2G17670,195.0,50.0
AT1G43700,386.0,70.0
AT5G27100,166.0,50.0
AT2G17390,599.0,80.0
AT2G04038,719.0,85.0
AT1G06110,115.0,40.0
AT4G35970,13.0,10.0
AT1G06170,254.0,60.0
AT5G15700,154.0,45.0
AT2G17760,67.0,25.0
AT2G33610,1254.0,95.0
AT4G21330,69.0,25.0
AT5G03840,8.0,5.0
AT1G06130,33.0,20.0
AT1G06160,177.0,50.0
AT4G26810,5.0,0.0
AT2G17730,2.0,0.0
AT1G25540,325.0,65.0
AT2G04630,471.0,70.0
AT5G51940,161.0,45.0
AT2G36170,36.0,20.0
AT2G37220,27.0,15.0
AT1G06225,1025.0,90.0
AT2G17820,41.0,20.0
AT4G34990,528.0,75.0
AT1G06180,16.0,10.0
AT3G25800,782.0,85.0
AT2G35860,22.0,15.0
AT3G46780,175.0,50.0
AT1G06290,599.0,75.0
AT5G65940,173.0,50.0
AT3G49910,1334.0,95.0
AT3G53460,37.0,20.0
AT4G12950,1038.0,95.0
AT3G03920,114.0,40.0
AT3G09690,83.0,30.0
AT4G14690,598.0,75.0
AT1G06270,72.0,30.0
AT3G16470,599.0,80.0
AT3G11150,13.0,10.0
AT5G05210,22.0,15.0
AT5G11200,599.0,80.0
AT3G54030,259.0,60.0
AT3G60200,108.0,35.0
AT5G13590,79.0,30.0
AT1G06390,212.0,55.0
AT1G50990,259.0,60.0
AT4G10970,52.0,25.0
AT4G23890,22.0,15.0
AT2G30340,259.0,60.0
AT5G41260,388.0,70.0
AT5G59010,259.0,60.0
AT5G65260,54.0,25.0
AT2G17880,102.0,35.0
AT1G06400,599.0,80.0
AT5G23230,22.0,15.0
AT4G00710,599.0,85.0
AT4G35230,599.0,85.0
AT5G37850,160.0,45.0
AT5G60980,134.0,40.0
AT5G05680,175.0,50.0
AT5G21160,32.0,15.0
AT1G06460,185.0,50.0
AT2G30120,274.0,65.0
AT3G24820,264.0,60.0
AT2G23070,599.0,85.0
AT2G17890,2.0,0.0
AT2G17972,225.0,55.0
AT4G17720,259.0,60.0
AT1G06450,246.0,60.0
AT2G17990,5.0,0.0
AT1G54770,282.0,65.0
AT2G18162,40.0,20.0
AT2G40740,198.0,50.0
AT1G72050,368.0,70.0
AT2G32840,435.0,70.0
AT2G46500,104.0,35.0
AT2G24860,411.0,70.0
AT4G35250,402.0,70.0
AT4G17570,114.0,40.0
AT5G39860,198.0,50.0
AT1G32580,161.0,45.0
AT3G15360,146.0,45.0
AT3G17668,258.0,60.0
AT4G18950,291.0,65.0
AT4G36250,599.0,80.0
AT3G49240,95.0,35.0
AT3G23310,326.0,65.0
AT2G38310,348.0,70.0
AT2G42260,362.0,70.0
AT3G25840,51.0,25.0
AT4G09450,233.0,55.0
AT3G62800,20.0,10.0
AT3G58840,1.0,0.0
AT1G06620,26.0,15.0
AT4G33260,75.0,30.0
AT4G33270,313.0,65.0
AT4G20300,327.0,65.0
AT4G39160,51.0,25.0
AT5G58730,105.0,35.0
AT5G02470,489.0,70.0
AT1G06530,1.0,0.0
AT3G57860,243.0,55.0
AT1G67700,129.0,40.0
AT2G18465,38.0,20.0
AT2G18470,41.0,20.0
AT3G03380,21.0,10.0
AT4G11660,259.0,60.0
AT2G37430,225.0,55.0
AT1G18570,764.0,85.0
AT1G06680,155.0,45.0
AT4G10090,3.0,0.0
AT2G18450,154.0,45.0
AT1G21250,18.0,10.0
AT1G06740,236.0,55.0
AT1G52240,415.0,70.0
AT2G28800,101.0,35.0
AT2G39630,10.0,5.0
AT3G44720,225.0,55.0
AT2G18500,28.0,15.0
AT1G06700,599.0,85.0
AT3G25250,198.0,50.0
AT2G18700,16.0,10.0
AT2G18710,154.0,45.0
AT2G42400,108.0,35.0
AT1G06770,6.0,5.0
AT1G06790,313.0,65.0
AT5G48300,599.0,80.0
AT4G00570,4.0,0.0
AT1G06760,58.0,25.0
AT2G18730,227.0,55.0
AT2G18750,131.0,40.0
AT4G02390,20.0,10.0
AT5G04560,201.0,50.0
AT2G26190,31.0,15.0
AT5G62950,62.0,25.0
AT2G19270,49.0,25.0
AT5G42920,1002.0,90.0
AT1G06830,19.0,10.0
AT1G06840,776.0,85.0
AT2G19450,145.0,45.0
AT1G11430,599.0,80.0
AT2G33430,218.0,55.0
AT2G19170,31.0,15.0
AT2G19260,120.0,40.0
AT4G20020,117.0,40.0
AT1G72460,787.0,85.0
AT2G16250,1025.0,95.0
AT4G40040,168.0,50.0
AT5G10400,165.0,45.0
AT2G26330,1025.0,90.0
AT2G19460,49.0,25.0
AT1G07560,1025.0,95.0
AT1G51810,553.0,75.0
AT2G45860,46.0,20.0
AT4G15880,13.0,10.0
AT3G54760,18.0,10.0
AT3G08680,1025.0,90.0
AT3G13380,849.0,90.0
AT4G29730,128.0,40.0
AT2G19540,55.0,25.0
AT2G27060,1025.0,90.0
AT2G42940,194.0,50.0
AT3G09670,88.0,35.0
AT2G45340,1081.0,95.0
AT3G02880,1128.0,95.0
AT3G48190,138.0,40.0
AT3G42880,607.0,85.0
AT3G10650,918.0,90.0
AT5G61290,4.0,0.0
AT3G50230,858.0,90.0
AT4G03390,801.0,85.0
AT3G01360,94.0,35.0
AT3G14350,1059.0,95.0
AT3G17840,1096.0,95.0
AT2G19560,55.0,25.0
AT3G06290,17.0,10.0
AT3G20190,1122.0,95.0
AT4G22730,1025.0,95.0
AT4G23740,1077.0,95.0
AT2G19670,50.0,25.0
AT2G19760,7.0,5.0
AT5G06820,1025.0,95.0
AT3G55030,126.0,40.0
AT4G20140,1025.0,95.0
AT4G22130,1025.0,95.0
AT5G44550,363.0,70.0
AT2G19640,49.0,25.0
AT3G14190,22.0,15.0
AT5G53320,841.0,90.0
AT5G56040,1025.0,90.0
AT2G20060,68.0,25.0
AT2G29980,213.0,55.0
AT5G07180,654.0,85.0
AT2G19810,29.0,15.0
AT4G32760,338.0,65.0
AT5G16590,1157.0,95.0
AT5G51560,1026.0,95.0
AT2G20000,247.0,60.0
AT1G27280,153.0,45.0
AT2G20190,259.0,60.0
AT2G20260,154.0,45.0
AT1G31760,178.0,50.0
AT1G63820,253.0,60.0
AT5G09830,59.0,25.0
AT5G63710,1111.0,95.0
AT1G10170,228.0,55.0
AT5G01430,221.0,55.0
AT5G45390,301.0,65.0
AT1G19860,818.0,90.0
AT3G15210,910.0,90.0
AT3G15790,158.0,45.0
AT2G20380,32.0,15.0
AT2G20430,12.0,5.0
AT3G56970,191.0,50.0
AT5G17560,59.0,25.0
AT2G36000,463.0,70.0
AT2G38340,114.0,40.0
AT2G20310,4.0,0.0
AT3G07040,158.0,45.0
AT2G21830,226.0,55.0
AT5G45710,256.0,60.0
AT1G06890,956.0,90.0
AT3G45610,382.0,70.0
AT4G14900,173.0,50.0
AT3G58070,531.0,75.0
AT2G20450,1246.0,95.0
AT2G20530,170.0,50.0
AT4G37850,189.0,50.0
AT5G14170,1205.0,95.0
AT2G20560,83.0,30.0
AT1G19700,352.0,70.0
AT2G20585,75.0,30.0
AT2G20610,1.0,0.0
AT1G23380,329.0,65.0
AT1G62990,485.0,70.0
AT5G37478,1.0,0.0
AT1G06910,217.0,55.0
AT3G43810,1207.0,95.0
AT4G34430,810.0,90.0
AT2G20580,1293.0,95.0
AT1G06920,320.0,65.0
AT4G30410,298.0,65.0
AT4G32040,418.0,70.0
AT2G20970,25.0,15.0
AT3G27785,133.0,40.0
AT4G34610,320.0,65.0
AT2G20670,25.0,15.0
AT1G75410,373.0,70.0
AT2G33860,778.0,85.0
AT2G20760,405.0,70.0
AT3G58220,2.0,0.0
AT2G21280,25.0,15.0
AT5G16620,61.0,25.0
AT1G07000,47.0,25.0
AT5G60100,194.0,50.0
AT2G21385,1.0,0.0
AT4G36870,241.0,55.0
AT2G21185,86.0,30.0
AT3G55950,14.0,10.0
AT5G41410,740.0,85.0
AT1G06950,146.0,45.0
AT2G21270,259.0,60.0
AT3G63080,328.0,65.0
AT2G21500,6.0,5.0
AT2G21580,760.0,85.0
AT5G57910,120.0,40.0
AT5G67130,178.0,50.0
AT2G21590,5.0,0.0
AT1G29640,120.0,40.0
AT3G07680,746.0,85.0
AT2G48120,1.0,0.0
AT2G21390,1171.0,95.0
AT3G52450,599.0,80.0
AT1G07050,326.0,65.0
AT1G08970,1092.0,95.0
AT2G21860,121.0,40.0
AT5G09420,121.0,40.0
AT3G10590,172.0,50.0
AT2G21630,92.0,35.0
AT1G07010,2.0,0.0
AT4G17030,30.0,15.0
AT2G21710,36.0,20.0
AT2G40930,98.0,35.0
AT3G19130,6.0,5.0
AT4G09680,24.0,15.0
AT1G07140,70.0,30.0
AT3G56860,142.0,45.0
AT2G22125,599.0,80.0
AT5G27910,1064.0,95.0
AT5G40930,169.0,50.0
AT2G22030,59.0,25.0
AT1G07130,54.0,25.0
AT2G05210,676.0,85.0
AT2G32780,12.0,5.0
AT1G07160,850.0,90.0
AT5G64740,782.0,85.0
AT2G22190,10.0,5.0
AT2G04800,5.0,0.0
AT1G07210,122.0,40.0
AT2G22240,80.0,30.0
AT5G20010,599.0,80.0
AT5G20020,599.0,80.0
AT4G32410,367.0,70.0
AT5G19780,132.0,40.0
AT5G55190,599.0,80.0
AT1G07340,80.0,30.0
AT1G18350,179.0,50.0
AT3G60620,484.0,70.0
AT5G65310,71.0,30.0
AT1G07350,63.0,25.0
AT4G39800,80.0,30.0
AT1G07310,175.0,50.0
AT3G29160,1083.0,95.0
AT3G10960,561.0,75.0
AT3G15358,208.0,55.0
AT3G23910,7.0,5.0
AT3G61860,102.0,35.0
AT5G42820,250.0,60.0
AT2G22680,99.0,35.0
AT3G05420,57.0,25.0
AT1G16610,599.0,80.0
AT2G22475,259.0,60.0
AT2G31270,59.0,25.0
AT2G40650,354.0,70.0
AT3G50670,599.0,80.0
AT3G54710,9.0,5.0
AT5G42520,444.0,70.0
AT5G10210,46.0,20.0
AT5G57740,31.0,15.0
AT5G61380,843.0,90.0
AT1G07370,737.0,85.0
AT2G42140,33.0,20.0
AT1G07360,764.0,85.0
AT2G33710,1035.0,95.0
AT5G46570,30.0,15.0
AT4G10920,129.0,40.0
AT4G04885,788.0,85.0
AT5G09790,259.0,60.0
AT5G22750,246.0,60.0
AT3G22160,11.0,5.0
AT3G58000,36.0,20.0
AT5G24330,38.0,20.0
AT2G44340,39.0,20.0
AT2G29570,637.0,85.0
AT5G03240,1379.0,95.0
AT2G47260,109.0,40.0
AT3G18690,138.0,40.0
AT2G23090,29.0,15.0
AT1G31160,45.0,20.0
AT2G07738,5.0,0.0
AT5G10930,141.0,45.0
AT5G49690,92.0,35.0
AT5G44740,38.0,20.0
AT2G23050,2.0,0.0
AT3G54880,17.0,10.0
AT1G07400,71.0,30.0
AT1G07740,8.0,5.0
AT2G23080,599.0,85.0
AT1G30270,218.0,55.0
AT2G23320,22.0,15.0
AT2G27030,113.0,40.0
AT1G73000,182.0,50.0
AT2G22760,451.0,70.0
AT2G23350,599.0,80.0
AT3G61060,299.0,65.0
AT5G58575,148.0,45.0
AT5G58950,226.0,55.0
AT5G07730,288.0,65.0
AT5G59720,55.0,25.0
AT2G40330,719.0,85.0
AT3G06610,193.0,50.0
AT3G15450,20.0,10.0
AT3G26420,17.0,10.0
AT4G01026,232.0,55.0
AT3G23980,259.0,60.0
AT2G25090,246.0,60.0
AT2G26040,155.0,45.0
AT3G03650,17.0,10.0
AT3G06330,17.0,10.0
AT5G35430,17.0,10.0
AT4G30960,332.0,65.0
AT5G05440,317.0,65.0
AT5G52970,17.0,10.0
AT2G23580,1.0,0.0
AT4G14720,448.0,70.0
AT3G55260,17.0,10.0
AT3G58730,197.0,50.0
AT4G17870,599.0,80.0
AT4G27920,232.0,55.0
AT4G14060,180.0,50.0
AT5G45870,263.0,60.0
AT4G37150,6.0,5.0
AT2G23680,32.0,15.0
AT5G53160,602.0,85.0
AT1G07440,3.0,0.0
AT2G23690,154.0,45.0
AT5G35410,615.0,85.0
AT5G45830,83.0,30.0
AT5G58310,1.0,0.0
AT2G23600,2.0,0.0
AT5G45860,217.0,55.0
AT2G29320,12.0,10.0
AT1G07480,154.0,45.0
AT2G23910,37.0,20.0
AT4G40010,31.0,15.0
AT4G24440,2.0,0.0
AT2G23770,167.0,50.0
AT2G29310,17.0,10.0
AT1G07450,12.0,10.0
AT2G23780,26.0,15.0
AT4G15780,24.0,15.0
AT4G24100,259.0,60.0
AT5G37780,1233.0,95.0
AT1G07540,41.0,20.0
AT5G08000,7.0,5.0
AT2G24030,4.0,0.0
AT1G07500,104.0,35.0
AT3G07210,7.0,5.0
AT3G47080,11.0,5.0
AT1G07530,259.0,60.0
AT3G12250,297.0,65.0
AT3G54960,344.0,65.0
AT2G41820,1131.0,95.0
AT2G24200,86.0,30.0
AT5G48360,584.0,75.0
AT3G06470,1025.0,90.0
AT3G23750,648.0,85.0
AT2G24290,221.0,55.0
AT4G33945,259.0,60.0
AT1G07550,1025.0,95.0
AT5G35620,42.0,20.0
AT2G24090,153.0,45.0
AT2G38110,332.0,65.0
AT5G58050,1025.0,90.0
AT5G59670,1025.0,90.0
AT2G24500,82.0,30.0
AT2G24550,244.0,55.0
AT5G62710,1091.0,95.0
AT2G24400,6.0,5.0
AT3G28040,1025.0,95.0
AT5G07340,1073.0,95.0
AT4G27280,2.0,0.0
AT2G24420,599.0,80.0
AT3G05640,168.0,50.0
AT2G19190,1025.0,95.0
AT2G19210,500.0,70.0
AT4G01580,24.0,15.0
AT2G24840,291.0,65.0
AT1G35710,393.0,70.0
AT2G35155,25.0,15.0
AT2G24580,6.0,5.0
AT1G48480,720.0,85.0
AT1G67720,687.0,85.0
AT2G24610,599.0,75.0
AT4G28650,845.0,90.0
AT5G15450,599.0,80.0
AT2G25010,1.0,0.0
AT5G01890,726.0,85.0
AT5G10290,1052.0,95.0
AT4G13260,1.0,0.0
AT3G03210,467.0,70.0
AT4G20270,852.0,90.0
AT5G64870,538.0,75.0
AT2G25730,329.0,65.0
AT4G22756,722.0,85.0
AT5G53890,858.0,90.0
AT1G07570,172.0,50.0
AT2G25250,61.0,25.0
AT2G25280,5.0,0.0
AT1G07590,154.0,45.0
AT2G25140,599.0,80.0
AT5G25930,844.0,90.0
AT5G42980,602.0,85.0
AT2G25170,819.0,90.0
AT2G44130,175.0,50.0
AT2G25560,105.0,35.0
AT1G54540,157.0,45.0
AT1G56130,515.0,75.0
AT3G21350,290.0,65.0
AT3G51880,151.0,45.0
AT1G07640,139.0,45.0
AT4G34710,2.0,0.0
AT2G29540,812.0,90.0
AT1G07650,1025.0,95.0
AT1G34470,1025.0,90.0
AT2G46900,20.0,10.0
AT3G24240,494.0,70.0
AT2G45770,101.0,35.0
AT5G14280,35.0,20.0
AT3G56100,465.0,70.0
AT4G31250,1036.0,95.0
AT5G41340,599.0,80.0
AT1G67510,1076.0,95.0
AT1G68400,1025.0,95.0
AT5G03210,50.0,25.0
AT2G25625,3.0,0.0
AT3G19700,348.0,70.0
AT4G31120,599.0,80.0
AT3G53630,29.0,15.0
AT4G18380,32.0,15.0
AT5G53840,32.0,15.0
AT1G07770,1320.0,95.0
AT2G29820,32.0,15.0
AT5G45780,1108.0,95.0
AT1G07660,786.0,85.0
AT3G03030,102.0,35.0
AT3G60710,32.0,15.0
AT2G40080,240.0,55.0
AT3G24660,942.0,90.0
AT1G07810,112.0,40.0
AT2G25980,407.0,70.0
AT2G26000,1.0,0.0
AT1G07780,37.0,20.0
AT5G56420,32.0,15.0
AT2G25840,92.0,35.0
AT1G07790,148.0,45.0
AT1G07795,25.0,15.0
AT2G25910,4.0,0.0
AT1G08890,1025.0,90.0
AT2G26110,25.0,15.0
AT2G26140,4.0,0.0
AT1G09380,1025.0,90.0
AT1G10660,1025.0,90.0
AT2G26150,94.0,35.0
AT1G07840,79.0,30.0
AT5G61330,36.0,20.0
AT2G42160,1.0,0.0
AT2G26080,599.0,80.0
AT1G08590,1031.0,95.0
AT1G11915,1025.0,90.0
AT1G12500,836.0,90.0
AT2G41870,474.0,70.0
AT2G44490,621.0,85.0
AT1G14670,1016.0,90.0
AT4G15802,19.0,10.0
AT1G11450,1025.0,95.0
AT1G11540,1025.0,90.0
AT5G16820,22.0,15.0
AT2G26170,12.0,5.0
AT3G22060,574.0,75.0
AT1G18520,1025.0,90.0
AT1G19770,815.0,90.0
AT3G25620,474.0,70.0
AT3G55130,637.0,85.0
AT1G15150,1025.0,90.0
AT2G45870,544.0,75.0
AT3G07525,568.0,75.0
AT1G15690,899.0,90.0
AT1G16560,997.0,90.0
AT3G11010,480.0,70.0
AT1G23080,1025.0,90.0
AT5G25250,484.0,70.0
AT5G47570,491.0,70.0
AT1G24400,1025.0,95.0
AT1G27190,1029.0,95.0
AT5G52320,479.0,70.0
AT1G21890,760.0,85.0
AT1G21940,1025.0,90.0
AT3G61260,640.0,85.0
AT4G19380,544.0,75.0
AT1G22710,952.0,90.0
AT1G31130,1025.0,90.0
AT1G33080,1025.0,90.0
AT2G26210,8.0,5.0
AT2G26230,88.0,35.0
AT1G36050,1025.0,90.0
AT5G53760,258.0,60.0
AT1G29330,1025.0,90.0
AT1G30840,1025.0,90.0
AT5G63770,324.0,65.0
AT5G66660,241.0,55.0
AT2G27820,29.0,15.0
AT1G49230,1025.0,90.0
AT1G49510,1025.0,90.0
AT2G46240,29.0,15.0
AT3G52570,29.0,15.0
AT1G44100,834.0,90.0
AT2G26270,83.0,30.0
AT2G26290,42.0,20.0
AT1G45010,341.0,65.0
AT1G47670,1025.0,90.0
AT3G08850,1105.0,95.0
AT1G51880,1025.0,90.0
AT4G33060,51.0,25.0
AT5G13430,599.0,80.0
AT1G52290,1007.0,90.0
AT1G52600,1025.0,90.0
AT5G13440,599.0,80.0
AT1G50290,999.0,90.0
AT1G51460,1025.0,95.0
AT4G00752,259.0,60.0
AT4G27630,29.0,15.0
AT1G51500,1025.0,90.0
AT1G57980,231.0,55.0
AT1G61250,729.0,85.0
AT3G03490,6.0,5.0
AT2G26540,,
AT1G62200,1025.0,90.0
AT5G14660,47.0,25.0
AT1G55230,1025.0,90.0
AT1G57550,1025.0,90.0
AT5G24620,66.0,25.0
AT2G26350,138.0,40.0
AT4G33000,49.0,25.0
AT1G69640,961.0,90.0
AT1G69850,1025.0,90.0
AT2G26670,1.0,0.0
AT5G20140,1.0,0.0
AT1G64820,870.0,90.0
AT4G35620,275.0,65.0
AT4G27230,176.0,50.0
AT1G66340,1025.0,90.0
AT1G68390,264.0,60.0
AT2G26640,16.0,10.0
AT1G71940,1025.0,90.0
AT3G51000,1.0,0.0
AT2G26760,27.0,15.0
AT1G72300,1025.0,95.0
AT1G75500,865.0,90.0
AT2G26770,43.0,20.0
AT1G69970,1025.0,90.0
AT1G71110,1025.0,90.0
AT2G26700,5.0,0.0
AT2G26740,1.0,0.0
AT1G71330,1025.0,90.0
AT2G02020,1025.0,90.0
AT2G02040,1025.0,90.0
AT2G26930,92.0,35.0
AT2G26975,91.0,35.0
AT2G03620,1025.0,90.0
AT2G32450,599.0,75.0
AT1G77380,1025.0,90.0
AT1G78490,1007.0,90.0
AT2G26850,94.0,35.0
AT2G26920,259.0,60.0
AT2G40030,558.0,75.0
AT2G24630,959.0,90.0
AT2G25310,1025.0,90.0
AT5G04290,58.0,25.0
AT5G44200,45.0,20.0
AT2G04360,999.0,90.0
AT2G27020,1184.0,95.0
AT5G28650,6.0,5.0
AT2G20300,1025.0,90.0
AT2G24170,997.0,90.0
AT2G27040,29.0,15.0
AT2G28960,1101.0,95.0
AT2G27330,25.0,15.0
AT2G27550,6.0,5.0
AT2G29650,1025.0,90.0
AT2G31090,453.0,70.0
AT4G24370,7.0,5.0
AT2G25890,1025.0,90.0
AT2G26900,1025.0,90.0
AT2G27210,259.0,60.0
AT5G43250,51.0,25.0
AT2G27940,528.0,75.0
AT2G34390,1025.0,90.0
AT2G35910,1025.0,90.0
AT4G14310,220.0,55.0
AT2G46640,56.0,25.0
AT2G37330,1025.0,90.0
AT5G04850,24.0,15.0
AT2G33250,1025.0,95.0
AT2G34190,118.0,40.0
AT2G27680,92.0,35.0
AT5G43320,8.0,5.0
AT3G56980,116.0,40.0
AT2G38510,1025.0,90.0
AT2G39290,921.0,90.0
AT4G04920,534.0,75.0
AT5G04150,115.0,40.0
AT2G38120,1025.0,90.0
AT3G19030,16.0,10.0
AT5G67310,41.0,20.0
AT2G38150,118.0,40.0
AT2G38330,1025.0,90.0
AT2G28080,78.0,30.0
AT2G41050,860.0,90.0
AT2G28190,160.0,45.0
AT2G28240,12.0,5.0
AT2G41610,1025.0,95.0
AT2G45560,761.0,85.0
AT4G32450,2.0,0.0
AT2G39510,1018.0,90.0
AT2G39530,666.0,85.0
AT5G51780,188.0,50.0
AT2G28180,49.0,25.0
AT2G40316,806.0,85.0
AT3G01550,1025.0,95.0
AT3G05360,1025.0,95.0
AT2G28510,78.0,30.0
AT2G37260,216.0,55.0
AT3G06170,917.0,90.0
AT5G15830,296.0,65.0
AT2G46800,808.0,85.0
AT2G48070,1025.0,90.0
AT2G28380,291.0,65.0
AT2G28450,147.0,45.0
AT2G28740,843.0,90.0
AT3G16180,525.0,75.0
AT3G16510,1000.0,90.0
AT3G01460,88.0,35.0
AT5G09740,35.0,20.0
AT3G11810,1025.0,90.0
AT5G49010,19.0,10.0
AT2G28560,1.0,0.0
AT3G12090,1025.0,90.0
AT3G13950,1025.0,90.0
AT2G45280,1.0,0.0
AT3G21640,1025.0,90.0
AT2G28830,132.0,40.0
AT2G28880,38.0,20.0
AT3G21690,962.0,90.0
AT3G23560,1025.0,90.0
AT5G41500,52.0,25.0
AT3G20510,522.0,75.0
AT3G20570,532.0,75.0
AT5G56740,168.0,50.0
AT5G03940,170.0,50.0
AT3G21090,1025.0,90.0
AT3G30180,700.0,85.0
AT3G42640,1025.0,90.0
AT2G29390,199.0,50.0
AT2G29400,18.0,10.0
AT3G46900,876.0,90.0
AT2G29330,6.0,5.0
AT3G27200,705.0,85.0
AT3G27770,1025.0,95.0
AT5G06060,10.0,5.0
AT2G29340,25.0,15.0
AT2G46700,15.0,10.0
AT3G52850,1025.0,90.0
AT3G53210,931.0,90.0
AT2G29630,26.0,15.0
AT3G18660,16.0,10.0
AT3G47430,167.0,50.0
AT4G30940,87.0,30.0
AT4G11100,41.0,20.0
AT3G49190,1010.0,90.0
AT3G52640,1025.0,90.0
AT2G29530,33.0,20.0
AT3G55740,1025.0,90.0
AT2G29900,7.0,5.0
AT2G29910,599.0,80.0
AT3G59090,1025.0,95.0
AT3G60720,1025.0,95.0
AT5G66440,8.0,5.0
AT3G53510,1033.0,95.0
AT3G54020,1025.0,90.0
AT2G29680,599.0,80.0
AT2G29890,9.0,5.0
AT3G54140,1025.0,90.0
AT3G63380,1025.0,90.0
AT4G01450,1025.0,90.0
AT2G30140,31.0,15.0
AT2G39750,6.0,5.0
AT4G04860,1025.0,90.0
AT2G30040,,
AT3G61460,647.0,85.0
AT3G63310,1025.0,90.0
AT2G30060,70.0,30.0
AT5G61920,13.0,10.0
AT3G15300,26.0,15.0
AT4G14480,1025.0,90.0
AT4G15380,1025.0,90.0
AT3G60090,33.0,20.0
AT4G20000,33.0,20.0
AT4G11490,1001.0,90.0
AT3G12140,4.0,0.0
AT2G33780,33.0,20.0
AT4G13266,1025.0,90.0
AT4G14420,1025.0,90.0
AT2G41010,75.0,30.0
AT4G20390,1025.0,90.0
AT2G30270,12.0,5.0
AT2G30330,242.0,55.0
AT4G21680,1025.0,90.0
AT4G22690,599.0,85.0
AT5G49550,4.0,0.0
AT4G16620,1025.0,90.0
AT4G16850,410.0,70.0
AT4G39720,33.0,20.0
AT5G53830,26.0,15.0
AT4G19645,1025.0,90.0
AT4G28210,1025.0,90.0
AT4G29140,961.0,90.0
AT5G66280,259.0,60.0
AT2G30530,180.0,50.0
AT4G31330,1024.0,90.0
AT2G30350,11.0,5.0
AT4G26580,1025.0,90.0
AT4G26770,1025.0,95.0
AT2G30410,20.0,10.0
AT2G30520,291.0,65.0
AT4G13540,44.0,20.0
AT4G35080,1025.0,90.0
AT4G37220,997.0,90.0
AT2G30620,4.0,0.0
AT2G30740,599.0,85.0
AT4G31840,1025.0,95.0
AT5G01970,12.0,5.0
AT2G30570,75.0,30.0
AT4G32600,1025.0,90.0
AT4G34440,1025.0,90.0
AT2G40620,38.0,20.0
AT5G05820,894.0,90.0
AT2G30920,50.0,25.0
AT2G30960,16.0,10.0
AT5G10020,936.0,90.0
AT5G10840,1025.0,90.0
AT4G18890,17.0,10.0
AT5G01180,1025.0,90.0
AT5G01960,949.0,90.0
AT2G30790,96.0,35.0
AT2G30910,4.0,0.0
AT5G02620,1025.0,90.0
AT5G12860,1025.0,90.0
AT5G13400,1025.0,90.0
AT5G41090,195.0,50.0
AT2G31190,3.0,0.0
AT5G14210,1025.0,90.0
AT5G65300,8.0,5.0
AT5G11870,1025.0,95.0
AT5G12480,1025.0,90.0
AT2G30990,259.0,60.0
AT3G51060,302.0,65.0
AT3G53750,15.0,10.0
AT5G20650,831.0,90.0
AT5G24130,968.0,90.0
AT3G02400,69.0,25.0
AT3G05380,75.0,30.0
AT5G15500,1025.0,95.0
AT4G26620,259.0,60.0
AT2G31200,25.0,15.0
AT5G19130,1025.0,90.0
AT5G20230,1033.0,95.0
AT3G12110,170.0,50.0
AT5G47410,1025.0,90.0
AT5G54640,599.0,80.0
AT5G61420,198.0,50.0
AT5G47530,1025.0,95.0
AT5G47610,1025.0,90.0
AT5G65910,153.0,45.0
AT5G27210,1025.0,90.0
AT5G27350,1025.0,90.0
AT4G31615,113.0,40.0
AT5G42700,172.0,50.0
AT5G38990,956.0,90.0
AT5G51060,999.0,90.0
AT5G51160,1025.0,95.0
AT3G46820,115.0,40.0
AT4G11240,16.0,10.0
AT5G54800,962.0,90.0
AT3G58460,215.0,55.0
AT5G49130,1025.0,95.0
AT5G50440,1025.0,90.0
AT5G15160,188.0,50.0
AT3G05580,9.0,5.0
AT4G11860,259.0,60.0
AT5G57345,1009.0,90.0
AT5G57940,1025.0,90.0
AT2G31530,1.0,0.0
AT4G38490,1.0,0.0
AT5G55290,1025.0,90.0
AT5G27840,98.0,35.0
AT5G59160,5.0,0.0
AT5G55630,1025.0,90.0
AT5G55930,1025.0,90.0
AT3G02290,26.0,15.0
AT5G63050,1025.0,90.0
AT2G31870,36.0,20.0
AT5G43980,772.0,85.0
AT5G67610,856.0,90.0
AT1G07870,104.0,35.0
AT5G55650,32.0,15.0
AT5G58560,1025.0,95.0
AT5G59500,728.0,85.0
AT2G31610,1320.0,95.0
AT5G12320,156.0,45.0
AT5G60750,995.0,90.0
AT1G48410,599.0,85.0
AT3G21630,1025.0,95.0
AT2G32280,2.0,0.0
AT3G09070,259.0,60.0
AT4G19360,6.0,5.0
AT2G32080,49.0,25.0
AT1G07880,4.0,0.0
AT1G07890,599.0,85.0
AT2G32100,252.0,60.0
AT2G32180,145.0,45.0
AT2G32580,232.0,55.0
AT1G07940,599.0,80.0
AT1G07960,26.0,15.0
AT2G32670,12.0,5.0
AT4G25520,11.0,5.0
AT1G07900,157.0,45.0
AT2G32340,40.0,20.0
AT2G32400,80.0,30.0
AT1G07930,39.0,20.0
AT1G77550,2.0,0.0
AT2G32550,68.0,25.0
AT4G14540,405.0,70.0
AT4G20870,5.0,0.0
AT4G36220,599.0,75.0
AT5G47640,629.0,85.0
AT5G47670,496.0,70.0
AT5G47120,312.0,65.0
AT1G07980,405.0,70.0
AT2G27470,821.0,90.0
AT5G22880,49.0,25.0
AT2G34770,5.0,0.0
AT4G02720,258.0,60.0
AT1G08010,39.0,20.0
AT3G45170,113.0,40.0
AT4G27430,259.0,60.0
AT5G24630,35.0,20.0
AT4G25900,3.0,0.0
AT5G38600,40.0,20.0
AT1G08000,258.0,60.0
AT3G11200,599.0,80.0
AT2G32930,49.0,25.0
AT3G20050,1165.0,95.0
AT5G64920,62.0,25.0
AT5G55160,238.0,55.0
AT1G08070,154.0,45.0
AT2G33210,1154.0,95.0
AT2G33220,184.0,50.0
AT1G08060,238.0,55.0
AT5G35840,119.0,40.0
AT5G37190,38.0,20.0
AT3G04240,305.0,65.0
AT4G26840,1219.0,95.0
AT5G41790,599.0,80.0
AT1G08100,4.0,0.0
AT2G33330,445.0,70.0
AT4G31590,167.0,50.0
AT1G08110,33.0,20.0
AT1G08140,666.0,85.0
AT2G40750,72.0,30.0
AT5G17790,212.0,55.0
AT1G08090,4.0,0.0
AT3G55770,599.0,80.0
AT4G00232,185.0,50.0
AT5G50200,20.0,10.0
AT3G57880,24.0,15.0
AT4G18780,599.0,80.0
AT2G33540,18.0,10.0
AT4G12610,6.0,5.0
AT1G08200,185.0,50.0
AT2G33450,278.0,65.0
AT2G25600,99.0,35.0
AT2G40890,77.0,30.0
AT2G33510,6.0,5.0
AT2G33520,9.0,5.0
AT3G61950,191.0,50.0
AT1G22570,78.0,30.0
AT1G28220,130.0,40.0
AT4G16280,177.0,50.0
AT4G36740,152.0,45.0
AT3G18130,599.0,85.0
AT2G33560,84.0,30.0
AT3G25980,372.0,70.0
AT1G08230,64.0,25.0
AT1G22550,25.0,15.0
AT2G35700,76.0,30.0
AT1G08280,3.0,0.0
AT2G33700,5.0,0.0
AT3G62690,100.0,35.0
AT3G61500,487.0,70.0
AT1G08290,231.0,55.0
AT4G06634,135.0,40.0
AT4G18220,235.0,55.0
AT4G23180,141.0,45.0
AT4G38170,112.0,40.0
AT5G58010,199.0,50.0
AT5G58060,599.0,80.0
AT1G22070,699.0,85.0
AT1G62120,51.0,25.0
AT2G33730,202.0,55.0
AT2G33770,3.0,0.0
AT1G68810,502.0,70.0
AT4G22360,216.0,55.0
AT4G15560,144.0,45.0
AT1G08320,820.0,90.0
AT2G33720,51.0,25.0
AT3G44785,16.0,10.0
AT2G33830,2.0,0.0
AT3G02000,237.0,55.0
AT3G23690,298.0,65.0
AT3G03530,26.0,15.0
AT3G09735,23.0,15.0
AT1G77920,722.0,85.0
AT2G33793,2.0,0.0
AT2G33810,35.0,20.0
AT2G41090,1149.0,95.0
AT2G41940,745.0,85.0
AT2G33820,40.0,20.0
AT5G09460,592.0,75.0
AT3G54826,218.0,55.0
AT2G34050,49.0,25.0
AT5G14070,514.0,75.0
AT5G21274,1161.0,95.0
AT3G20680,46.0,20.0
AT3G51920,1192.0,95.0
AT4G14640,1072.0,95.0
AT5G41650,19.0,10.0
AT3G18380,278.0,65.0
AT5G06960,599.0,85.0
AT1G26110,259.0,60.0
AT3G13300,599.0,80.0
AT2G34340,45.0,20.0
AT2G34380,54.0,25.0
AT4G33200,16.0,10.0
AT2G34160,43.0,20.0
AT1G08360,1314.0,95.0
AT1G17580,5.0,0.0
AT2G34180,52.0,25.0
AT2G34260,37.0,20.0
AT2G34590,493.0,70.0
AT4G33430,1043.0,95.0
AT1G08430,1025.0,90.0
AT5G05770,9.0,5.0
AT2G34620,168.0,50.0
AT5G20490,599.0,80.0
AT2G35310,74.0,30.0
AT2G34480,1155.0,95.0
AT5G43900,14.0,10.0
AT1G08420,599.0,80.0
AT2G34585,54.0,25.0
AT5G52050,997.0,90.0
AT2G34660,16.0,10.0
AT2G34680,259.0,60.0
AT1G08460,2.0,0.0
AT2G46040,27.0,15.0
AT5G65930,6.0,5.0
AT2G12400,1025.0,90.0
AT2G29090,414.0,70.0
AT4G20130,325.0,65.0
AT5G54490,18.0,10.0
AT3G17440,1025.0,90.0
AT5G14240,290.0,65.0
AT1G08500,9.0,5.0
AT3G12930,110.0,40.0
AT2G34860,6.0,5.0
AT4G36410,317.0,65.0
AT2G34710,35.0,20.0
AT1G08480,145.0,45.0
AT1G14340,439.0,70.0
AT4G10500,14.0,10.0
AT2G34750,4.0,0.0
AT2G35100,2.0,0.0
AT4G35760,46.0,20.0
AT1G08560,862.0,90.0
AT5G44930,17.0,10.0
AT2G35110,599.0,80.0
AT1G08530,95.0,35.0
AT2G34960,8.0,5.0
AT2G34970,1061.0,95.0
AT1G08540,24.0,15.0
AT1G08550,34.0,20.0
AT2G34980,40.0,20.0
AT1G08580,53.0,25.0
AT5G36250,84.0,30.0
AT2G35160,100.0,35.0
AT2G19480,511.0,75.0
AT4G26110,658.0,85.0
AT5G24860,29.0,15.0
AT1G13890,14.0,10.0
AT5G07880,14.0,10.0
AT2G46225,13.0,10.0
AT5G22650,50.0,25.0
AT5G61210,259.0,60.0
AT1G31420,1045.0,95.0
AT1G54410,599.0,80.0
AT2G35470,3.0,0.0
AT2G35510,30.0,15.0
AT1G64720,133.0,40.0
AT2G35170,37.0,20.0
AT5G55100,177.0,50.0
AT5G56950,598.0,75.0
AT4G14740,289.0,65.0
AT2G35320,6.0,5.0
AT4G23930,148.0,45.0
AT2G26730,1025.0,90.0
AT2G29360,36.0,20.0
AT2G35830,,
AT2G35840,599.0,75.0
AT1G79040,309.0,65.0
AT3G28050,232.0,55.0
AT4G25240,328.0,65.0
AT2G02780,922.0,90.0
AT2G13790,406.0,70.0
AT2G35640,154.0,45.0
AT2G37660,181.0,50.0
AT4G02930,123.0,40.0
AT5G55280,99.0,35.0
AT3G17630,666.0,85.0
AT3G22890,599.0,80.0
AT5G20740,45.0,20.0
AT2G31710,33.0,20.0
AT2G34430,239.0,55.0
AT2G36100,225.0,55.0
AT3G52750,22.0,15.0
AT2G36570,113.0,40.0
AT3G47470,685.0,85.0
AT3G54890,396.0,70.0
AT5G60690,85.0,30.0
AT5G40300,28.0,15.0
AT3G60245,1302.0,95.0
AT5G42900,153.0,45.0
AT3G29240,33.0,20.0
AT3G44010,33.0,20.0
AT5G67360,166.0,50.0
AT2G36307,3.0,0.0
AT2G36420,16.0,10.0
AT5G04990,123.0,40.0
AT5G16000,1031.0,95.0
AT2G36450,84.0,30.0
AT2G36485,180.0,50.0
AT4G16780,795.0,85.0
AT5G16540,47.0,25.0
AT2G36410,5.0,0.0
AT4G30520,1027.0,95.0
AT4G35310,599.0,80.0
AT2G38860,2.0,0.0
AT1G08800,259.0,60.0
AT2G36590,33.0,20.0
AT2G36620,1158.0,95.0
AT2G22100,83.0,30.0
AT2G35500,333.0,65.0
AT5G61200,80.0,30.0
AT5G19120,33.0,20.0
AT5G24100,953.0,90.0
AT3G48425,4.0,0.0
AT5G56350,599.0,80.0
AT1G08620,132.0,40.0
AT5G53140,129.0,40.0
AT5G60410,293.0,65.0
AT2G36880,388.0,70.0
AT2G36900,199.0,50.0
AT1G08650,85.0,30.0
AT2G36640,37.0,20.0
AT3G53690,5.0,0.0
AT5G42480,15.0,10.0
AT2G47770,285.0,65.0
AT2G36840,8.0,5.0
AT2G37080,12.0,5.0
AT1G08700,26.0,15.0
AT2G31440,599.0,80.0
AT3G52050,146.0,45.0
AT3G61430,599.0,85.0
AT2G23950,880.0,90.0
AT5G20930,8.0,5.0
AT5G67570,4.0,0.0
AT2G31880,1034.0,95.0
AT3G56370,880.0,90.0
AT3G15180,220.0,55.0
AT5G13530,140.0,45.0
AT2G37560,46.0,20.0
AT2G37570,31.0,15.0
AT1G57943,516.0,75.0
AT1G70520,1025.0,90.0
AT2G37590,74.0,30.0
AT5G09310,25.0,15.0
AT1G08710,132.0,40.0
AT5G20990,599.0,80.0
AT2G37250,43.0,20.0
AT1G75950,1234.0,95.0
AT3G24500,208.0,55.0
AT3G47220,708.0,85.0
AT2G37750,29.0,15.0
AT2G38000,261.0,60.0
AT3G48040,612.0,85.0
AT5G59890,6.0,5.0
AT2G21237,1025.0,90.0
AT2G39180,330.0,65.0
AT3G57520,14.0,10.0
AT5G48470,141.0,45.0
AT2G38230,599.0,80.0
AT5G40640,1004.0,90.0
AT5G47910,993.0,90.0
AT3G16050,147.0,45.0
AT5G01410,599.0,80.0
AT4G04500,695.0,85.0
AT2G38170,64.0,25.0
AT3G51860,94.0,35.0
AT4G10850,1025.0,90.0
AT4G33400,266.0,65.0
AT2G38185,180.0,50.0
AT5G43850,167.0,50.0
AT5G02320,234.0,55.0
AT5G16480,3.0,0.0
AT1G08830,599.0,80.0
AT1G71050,118.0,40.0
AT3G17980,65.0,25.0
AT3G24650,403.0,70.0
AT1G08810,307.0,65.0
AT5G60540,203.0,55.0
AT2G39200,17.0,10.0
AT1G08820,642.0,85.0
AT5G48380,1076.0,95.0
AT1G08880,188.0,50.0
AT2G41180,15.0,10.0
AT3G56710,23.0,15.0
AT2G33835,900.0,90.0
AT2G38400,229.0,55.0
AT3G14990,599.0,80.0
AT1G08860,37.0,20.0
AT2G38410,599.0,80.0
AT5G45970,13.0,10.0
AT4G38230,599.0,80.0
AT5G03910,47.0,25.0
AT1G08930,40.0,20.0
AT2G38540,136.0,40.0
AT2G38560,5.0,0.0
AT3G54260,183.0,50.0
AT3G18680,8.0,5.0
AT5G02050,105.0,35.0
AT1G08920,825.0,90.0
AT4G23030,124.0,40.0
AT3G48990,599.0,80.0
AT1G32210,790.0,85.0
AT3G61130,126.0,40.0
AT2G38660,15.0,10.0
AT4G03600,1025.0,90.0
AT5G66680,946.0,90.0
AT2G38760,371.0,70.0
AT5G53550,106.0,35.0
AT1G08960,349.0,70.0
AT2G38580,169.0,50.0
AT2G38650,126.0,40.0
AT1G30080,1025.0,95.0
AT1G21970,405.0,70.0
AT1G25440,232.0,55.0
AT2G38870,10.0,5.0
AT5G06070,91.0,35.0
AT1G28050,405.0,70.0
AT2G38810,7.0,5.0
AT1G09030,599.0,85.0
AT1G17590,707.0,85.0
AT2G38830,45.0,20.0
AT4G21560,137.0,40.0
AT2G47850,20.0,10.0
AT1G72830,226.0,55.0
AT1G73870,284.0,65.0
AT5G62200,154.0,45.0
AT2G39090,228.0,55.0
AT1G30500,638.0,85.0
AT2G38910,7.0,5.0
AT5G24030,8.0,5.0
AT1G49130,190.0,50.0
AT1G54160,327.0,65.0
AT5G43350,407.0,70.0
AT2G33500,444.0,70.0
AT5G17810,8.0,5.0
AT2G39130,9.0,5.0
AT2G34720,742.0,85.0
AT2G38880,405.0,70.0
AT5G62130,13.0,10.0
AT2G20570,968.0,90.0
AT2G24790,599.0,85.0
AT4G27600,109.0,35.0
AT4G11890,204.0,55.0
AT2G30424,231.0,55.0
AT2G47810,368.0,70.0
AT3G02380,319.0,65.0
AT2G39440,1.0,0.0
AT4G20325,1.0,0.0
AT3G03450,824.0,90.0
AT2G39220,25.0,15.0
AT2G46670,217.0,55.0
AT2G46790,599.0,80.0
AT5G17240,136.0,40.0
AT3G50360,17.0,10.0
AT4G28300,53.0,25.0
AT3G20910,635.0,85.0
AT3G21175,759.0,85.0
AT3G63150,135.0,40.0
AT3G23700,22.0,15.0
AT3G05690,558.0,75.0
AT2G39450,13.0,10.0
AT2G39480,342.0,65.0
AT3G12890,284.0,65.0
AT3G14020,612.0,85.0
AT2G39725,4.0,0.0
AT4G18960,603.0,85.0
AT4G27870,22.0,15.0
AT5G06270,22.0,15.0
AT4G24470,456.0,70.0
AT5G12840,208.0,55.0
AT5G14440,22.0,15.0
AT3G21880,162.0,45.0
AT3G53340,456.0,70.0
AT3G54320,74.0,30.0
AT4G14160,356.0,70.0
AT4G14713,405.0,70.0
AT1G18370,7.0,5.0
AT1G71880,259.0,60.0
AT3G28100,2.0,0.0
AT3G04610,13.0,10.0
AT1G09010,148.0,45.0
AT5G25340,22.0,15.0
AT5G59570,566.0,75.0
AT1G09000,7.0,5.0
AT2G39800,59.0,25.0
AT3G25930,4.0,0.0
AT5G47700,281.0,65.0
AT1G58270,599.0,80.0
AT1G73390,34.0,20.0
AT2G40060,437.0,70.0
AT3G01780,863.0,90.0
AT1G13740,317.0,65.0
AT4G40100,4.0,0.0
AT2G39930,11.0,5.0
AT1G16640,640.0,85.0
AT1G53170,966.0,90.0
AT2G39970,,
AT2G22430,401.0,70.0
AT2G40180,240.0,55.0
AT5G51190,182.0,50.0
AT2G29670,93.0,35.0
AT2G30360,602.0,85.0
AT4G29120,34.0,20.0
AT1G76210,267.0,65.0
AT1G77450,933.0,90.0
AT2G40120,,
AT2G40160,199.0,50.0
AT1G78070,128.0,40.0
AT2G39050,154.0,45.0
AT2G40000,150.0,45.0
AT2G40410,2.0,0.0
AT2G40430,11.0,5.0
AT2G46150,34.0,20.0
AT2G40360,294.0,65.0
AT2G38940,193.0,50.0
AT2G39030,239.0,55.0
AT5G14520,12.0,5.0
AT3G53610,232.0,55.0
AT3G21490,86.0,30.0
AT3G22420,271.0,65.0
AT3G23100,38.0,20.0
AT2G40630,2.0,0.0
AT5G10110,13.0,10.0
AT2G46450,104.0,35.0
AT2G40490,177.0,50.0
AT2G40550,177.0,50.0
AT3G04620,126.0,40.0
AT3G16150,151.0,45.0
AT2G40590,1320.0,95.0
AT3G59050,144.0,45.0
AT2G47800,2.0,0.0
AT3G56660,10.0,5.0
AT3G59400,65.0,25.0
AT3G62960,135.0,40.0
AT5G19660,8.0,5.0
AT3G44450,151.0,45.0
AT3G48510,792.0,85.0
AT5G24110,54.0,25.0
AT2G40880,10.0,5.0
AT3G55840,71.0,30.0
AT4G16670,345.0,65.0
AT4G17670,71.0,30.0
AT2G48010,291.0,65.0
AT3G12200,291.0,65.0
AT4G23570,264.0,60.0
AT2G40970,34.0,20.0
AT4G09030,93.0,35.0
AT4G12280,34.0,20.0
AT2G41020,15.0,10.0
AT2G45790,150.0,45.0
AT3G30260,381.0,70.0
AT4G34000,442.0,70.0
AT5G09470,46.0,20.0
AT3G50310,291.0,65.0
AT3G61160,276.0,65.0
AT4G25160,537.0,75.0
AT3G12350,176.0,50.0
AT3G13320,269.0,65.0
AT4G25670,206.0,55.0
AT4G28703,111.0,40.0
AT3G20110,291.0,65.0
AT5G45630,126.0,40.0
AT4G14340,295.0,65.0
AT4G16410,176.0,50.0
AT5G52310,259.0,60.0
AT5G53590,71.0,30.0
AT4G17080,291.0,65.0
AT5G14760,710.0,85.0
AT5G40590,268.0,65.0
AT4G02410,291.0,65.0
AT4G13020,295.0,65.0
AT5G43520,320.0,65.0
AT1G51970,186.0,50.0
AT1G56170,405.0,70.0
AT4G37870,599.0,80.0
AT5G20810,291.0,65.0
AT1G78080,268.0,65.0
AT4G23170,318.0,65.0
AT5G54230,616.0,85.0
AT5G58787,34.0,20.0
AT4G26070,294.0,65.0
AT4G34380,291.0,65.0
AT5G56890,269.0,65.0
AT5G50470,349.0,70.0
AT5G50480,357.0,70.0
AT5G64400,176.0,50.0
AT5G66790,296.0,65.0
AT2G25620,914.0,90.0
AT5G39670,291.0,65.0
AT5G47810,291.0,65.0
AT2G28610,356.0,70.0
AT4G25400,192.0,50.0
AT5G53450,291.0,65.0
AT1G09060,394.0,70.0
AT3G57130,29.0,15.0
AT2G41410,25.0,15.0
AT1G09070,264.0,60.0
AT1G64060,34.0,20.0
AT2G41475,154.0,45.0
AT5G50490,226.0,55.0
AT5G63470,570.0,75.0
AT2G41120,19.0,10.0
AT2G41370,48.0,25.0
AT5G67580,252.0,60.0
AT1G09100,1223.0,95.0
AT1G45000,1209.0,95.0
AT4G34120,31.0,15.0
AT2G41700,45.0,20.0
AT4G29130,321.0,65.0
AT2G41560,18.0,10.0
AT1G09080,10.0,5.0
AT3G08970,26.0,15.0
AT5G09380,11.0,5.0
AT5G23710,19.0,10.0
AT2G41720,45.0,20.0
AT2G29210,45.0,20.0
AT5G04280,166.0,50.0
AT2G41760,11.0,5.0
AT2G41840,1302.0,95.0
AT5G23940,191.0,50.0
AT5G45770,640.0,85.0
AT2G41710,14.0,10.0
AT1G09140,164.0,45.0
AT1G60650,129.0,40.0
AT3G56900,112.0,40.0
AT5G61570,925.0,90.0
AT2G41970,3.0,0.0
AT4G13000,17.0,10.0
AT1G09180,599.0,80.0
AT1G47260,908.0,90.0
AT5G44050,76.0,30.0
AT5G52040,301.0,65.0
AT5G52530,9.0,5.0
AT2G41900,259.0,60.0
AT5G40190,15.0,10.0
AT1G09160,9.0,5.0
AT5G01640,194.0,50.0
AT5G02040,266.0,65.0
AT2G42500,599.0,85.0
AT2G42540,52.0,25.0
AT1G09200,154.0,45.0
AT3G49470,241.0,55.0
AT2G40380,258.0,60.0
AT4G25680,217.0,55.0
AT4G10480,335.0,65.0
AT2G45420,157.0,45.0
AT3G14400,25.0,15.0
AT1G09230,3.0,0.0
AT1G73030,33.0,20.0
AT3G24830,1181.0,95.0
AT3G26450,599.0,80.0
AT4G32830,7.0,5.0
AT2G42560,599.0,80.0
AT3G02740,25.0,15.0
AT5G55390,7.0,5.0
AT1G09210,405.0,70.0
AT3G10985,25.0,15.0
AT5G25160,835.0,90.0
AT4G14440,25.0,15.0
AT4G37110,25.0,15.0
AT5G62610,619.0,85.0
AT1G09270,599.0,80.0
AT5G03230,25.0,15.0
AT1G09250,286.0,65.0
AT2G47620,1139.0,95.0
AT3G62120,409.0,70.0
AT4G14130,25.0,15.0
AT3G47710,183.0,50.0
AT2G42580,729.0,85.0
AT1G09330,213.0,55.0
AT5G55090,25.0,15.0
AT2G42600,599.0,80.0
AT4G30260,43.0,20.0
AT5G11670,371.0,70.0
AT1G31350,226.0,55.0
AT5G10710,227.0,55.0
AT5G37660,25.0,15.0
AT5G38530,599.0,80.0
AT2G42780,2.0,0.0
AT1G47240,384.0,70.0
AT2G21160,371.0,70.0
AT5G59140,180.0,50.0
AT3G58740,236.0,55.0
AT1G09340,227.0,55.0
AT4G03415,52.0,25.0
AT4G26660,19.0,10.0
AT1G10522,6.0,5.0
AT1G34350,212.0,55.0
AT3G23600,19.0,10.0
AT5G49890,270.0,65.0
AT4G34190,200.0,50.0
AT2G43650,33.0,15.0
AT1G09420,7.0,5.0
AT4G03520,23.0,15.0
AT4G39690,96.0,35.0
AT3G52070,745.0,85.0
AT1G09415,509.0,75.0
AT4G17760,22.0,15.0
AT5G25440,77.0,30.0
AT3G25790,565.0,75.0
AT1G80840,387.0,70.0
AT2G34640,282.0,65.0
AT3G58850,19.0,10.0
AT2G43030,774.0,85.0
AT2G46260,220.0,55.0
AT2G42910,599.0,75.0
AT5G35790,599.0,80.0
AT1G09570,311.0,65.0
AT4G38800,34.0,20.0
AT5G64780,110.0,40.0
AT2G43290,284.0,65.0
AT1G09540,137.0,40.0
AT2G02950,193.0,50.0
AT2G43350,59.0,25.0
AT5G60780,273.0,65.0
AT3G18520,99.0,35.0
AT5G48560,53.0,25.0
AT2G43210,83.0,30.0
AT4G31800,379.0,70.0
AT4G37710,234.0,55.0
AT2G43260,14.0,10.0
AT3G33520,74.0,30.0
AT3G49100,106.0,35.0
AT2G43680,599.0,80.0
AT4G08920,252.0,60.0
AT5G37055,220.0,55.0
AT2G43710,401.0,70.0
AT2G37680,17.0,10.0
AT2G42810,114.0,40.0
AT2G43610,154.0,45.0
AT2G43640,31.0,15.0
AT2G46370,45.0,20.0
AT1G09590,1320.0,95.0
AT1G09630,26.0,15.0
AT5G54390,98.0,35.0
AT2G43760,1.0,0.0
AT2G23420,382.0,70.0
AT5G62890,8.0,5.0
AT5G63310,599.0,85.0
AT1G09580,606.0,85.0
AT2G43750,599.0,80.0
AT3G13110,599.0,80.0
AT3G06110,178.0,50.0
AT2G03170,984.0,90.0
AT1G09660,292.0,65.0
AT3G10330,109.0,35.0
AT3G12145,125.0,40.0
AT1G09650,66.0,25.0
AT4G10100,1.0,0.0
AT3G01080,109.0,35.0
AT1G10230,673.0,85.0
AT2G03160,378.0,70.0
AT3G05545,109.0,35.0
AT3G15160,121.0,40.0
AT3G46130,109.0,35.0
AT3G50260,109.0,35.0
AT5G54580,129.0,40.0
AT5G64350,141.0,45.0
AT3G55270,109.0,35.0
AT2G38610,185.0,50.0
AT2G39100,251.0,60.0
AT3G16280,114.0,40.0
AT3G44200,174.0,50.0
AT2G39740,64.0,25.0
AT2G21620,599.0,80.0
AT3G18035,193.0,50.0
AT4G14770,133.0,40.0
AT4G18880,178.0,50.0
AT3G22490,29.0,15.0
AT3G60460,200.0,50.0
AT1G28520,259.0,60.0
AT1G50670,259.0,60.0
AT4G12470,178.0,50.0
AT4G13480,178.0,50.0
AT4G29680,599.0,80.0
AT5G14370,9.0,5.0
AT5G41070,103.0,35.0
AT4G32840,109.0,35.0
AT5G05090,218.0,55.0
AT3G58380,47.0,25.0
AT4G21830,233.0,55.0
AT4G26650,178.0,50.0
AT4G19200,9.0,5.0
AT4G21670,129.0,40.0
AT4G27880,168.0,50.0
AT1G09770,705.0,85.0
AT5G10510,178.0,50.0
AT5G11050,178.0,50.0
AT1G09810,93.0,35.0
AT1G09840,599.0,80.0
AT5G14340,138.0,40.0
AT1G09710,225.0,55.0
AT1G09760,237.0,55.0
AT5G07260,218.0,55.0
AT5G08520,277.0,65.0
AT2G30260,340.0,65.0
AT4G26090,300.0,65.0
AT1G09850,49.0,25.0
AT2G44020,26.0,15.0
AT2G44030,42.0,20.0
AT1G09860,23.0,15.0
AT5G16470,109.0,35.0
AT1G30790,241.0,55.0
AT3G49810,113.0,40.0
AT5G63080,109.0,35.0
AT2G43880,21.0,10.0
AT2G44090,207.0,55.0
AT2G24762,336.0,65.0
AT3G18930,580.0,75.0
AT4G22880,7.0,5.0
AT5G04230,599.0,80.0
AT1G09960,339.0,65.0
AT4G18650,197.0,50.0
AT5G01810,112.0,40.0
AT1G26340,14.0,10.0
AT2G02860,236.0,55.0
AT5G13930,200.0,50.0
AT1G29720,451.0,70.0
AT2G44190,80.0,30.0
AT2G44200,11.0,5.0
AT1G34420,785.0,85.0
AT1G51790,828.0,90.0
AT4G35910,22.0,15.0
AT5G61520,14.0,10.0
AT1G14390,1057.0,95.0
AT5G08640,19.0,10.0
AT5G42800,21.0,10.0
AT1G17750,814.0,90.0
AT1G53440,383.0,70.0
AT1G56120,578.0,75.0
AT2G44360,10.0,5.0
AT2G44530,847.0,90.0
AT1G62950,858.0,90.0
AT2G44280,145.0,45.0
AT1G51820,852.0,90.0
AT1G53420,315.0,65.0
AT2G44310,17.0,10.0
AT2G44350,341.0,65.0
AT2G44670,88.0,35.0
AT2G13800,793.0,85.0
AT3G03770,1004.0,90.0
AT2G44680,101.0,35.0
AT4G18600,55.0,25.0
AT1G63430,654.0,85.0
AT2G44620,2.0,0.0
AT4G04320,96.0,35.0
AT1G72180,1025.0,90.0
AT1G73080,632.0,85.0
AT2G44630,89.0,35.0
AT4G29450,1025.0,95.0
AT3G10970,325.0,65.0
AT4G15545,599.0,80.0
AT4G39400,780.0,85.0
AT5G07280,720.0,85.0
AT5G11030,599.0,80.0
AT3G47580,820.0,90.0
AT4G18640,525.0,75.0
AT2G44830,40.0,20.0
AT3G05000,27.0,15.0
AT4G20450,800.0,85.0
AT5G41180,615.0,85.0
AT5G46330,1025.0,90.0
AT2G45040,180.0,50.0
AT2G45060,2.0,0.0
AT5G49760,1025.0,95.0
AT2G44970,60.0,25.0
AT5G20480,619.0,85.0
AT5G37450,559.0,75.0
AT2G45000,288.0,65.0
AT5G53480,599.0,85.0
AT2G45080,54.0,25.0
AT5G65710,1025.0,95.0
AT1G09980,40.0,20.0
AT2G45140,282.0,65.0
AT5G02100,3.0,0.0
AT5G49780,494.0,70.0
AT3G25140,14.0,10.0
AT4G27780,74.0,30.0
AT5G58300,419.0,70.0
AT5G59680,751.0,85.0
AT5G66850,259.0,60.0
AT1G10040,39.0,20.0
AT2G45440,599.0,80.0
AT2G45510,154.0,45.0
AT1G10070,163.0,45.0
AT3G14230,399.0,70.0
AT2G45530,19.0,10.0
AT1G09995,29.0,15.0
AT1G19450,291.0,65.0
AT4G30790,22.0,15.0
AT2G45430,27.0,15.0
AT4G30360,759.0,85.0
AT3G55360,121.0,40.0
AT5G08139,3.0,0.0
AT4G22950,41.0,20.0
AT5G04600,96.0,35.0
AT2G27930,372.0,70.0
AT2G45580,3.0,0.0
AT1G10090,33.0,20.0
AT2G47930,64.0,25.0
AT3G15800,23.0,15.0
AT3G49180,299.0,65.0
AT4G12080,46.0,20.0
AT3G16160,873.0,90.0
AT1G15360,79.0,30.0
AT2G45880,25.0,15.0
AT2G45890,43.0,20.0
AT1G10180,54.0,25.0
AT2G45740,6.0,5.0
AT3G44620,71.0,30.0
AT1G10200,599.0,80.0
AT1G20900,305.0,65.0
AT5G23750,96.0,35.0
AT1G30480,276.0,65.0
AT3G19580,84.0,30.0
AT3G30210,84.0,30.0
AT1G47870,299.0,65.0
AT1G53670,79.0,30.0
AT3G55730,84.0,30.0
AT1G15720,140.0,45.0
AT1G17460,318.0,65.0
AT5G19560,13.0,10.0
AT2G46400,294.0,65.0
AT1G28310,227.0,55.0
AT1G56300,195.0,50.0
AT1G59810,334.0,65.0
AT2G46090,8.0,5.0
AT2G46250,11.0,5.0
AT1G63100,309.0,65.0
AT4G21440,84.0,30.0
AT1G54290,129.0,40.0
AT1G54760,204.0,55.0
AT5G07680,84.0,30.0
AT5G38620,188.0,50.0
AT2G46535,49.0,25.0
AT1G68690,111.0,40.0
AT1G69490,221.0,55.0
AT4G20780,2.0,0.0
AT2G46690,56.0,25.0
AT1G63910,367.0,70.0
AT4G01550,117.0,40.0
AT2G46280,683.0,85.0
AT1G64620,301.0,65.0
AT1G65370,139.0,45.0
AT3G51850,12.0,5.0
AT1G75460,282.0,65.0
AT3G17730,97.0,35.0
AT3G42860,22.0,15.0
AT1G76540,621.0,85.0
AT1G79020,307.0,65.0
AT5G61700,274.0,65.0
AT1G71450,266.0,65.0
AT1G72010,384.0,70.0
AT2G46710,12.0,5.0
AT3G01330,76.0,30.0
AT1G74740,357.0,70.0
AT2G05260,299.0,65.0
AT2G07180,79.0,30.0
AT2G47130,5.0,0.0
AT4G31660,28.0,15.0
AT2G16910,83.0,30.0
AT2G46820,35.0,20.0
AT1G79840,241.0,55.0
AT2G01430,213.0,55.0
AT5G55760,10.0,5.0
AT2G47030,145.0,45.0
AT3G47800,9.0,5.0
AT2G26960,378.0,70.0
AT2G27230,451.0,70.0
AT5G04430,36.0,20.0
AT5G57170,3.0,0.0
AT2G17950,777.0,85.0
AT2G47220,,
AT2G47270,11.0,5.0
AT2G18380,599.0,85.0
AT2G26695,273.0,65.0
AT2G47380,33.0,15.0
AT2G36890,99.0,35.0
AT3G11930,5.0,0.0
AT3G58450,5.0,0.0
AT2G37710,261.0,60.0
AT2G38250,587.0,75.0
AT3G26520,599.0,75.0
AT2G28930,94.0,35.0
AT2G34440,253.0,60.0
AT5G07500,39.0,20.0
AT2G47630,216.0,55.0
AT2G35800,258.0,60.0
AT2G41630,599.0,80.0
AT2G42300,85.0,30.0
AT3G26790,43.0,20.0
AT3G46530,43.0,20.0
AT2G44840,296.0,65.0
AT2G47870,19.0,10.0
AT2G38300,599.0,85.0
AT2G40290,618.0,85.0
AT2G48100,74.0,30.0
AT3G01050,231.0,55.0
AT5G52740,79.0,30.0
AT3G05840,246.0,60.0
AT3G06380,200.0,50.0
AT5G60550,43.0,20.0
AT3G01130,3.0,0.0
AT2G45910,217.0,55.0
AT4G11350,43.0,20.0
AT5G03680,112.0,40.0
AT3G01530,299.0,65.0
AT3G02550,434.0,70.0
AT5G24230,128.0,40.0
AT3G20530,334.0,65.0
AT3G01290,451.0,70.0
AT3G01300,106.0,35.0
AT3G21510,565.0,75.0
AT3G29020,261.0,60.0
AT3G21430,8.0,5.0
AT3G09600,253.0,60.0
AT3G12730,259.0,60.0
AT4G31570,599.0,80.0
AT5G23405,35.0,20.0
AT3G13890,308.0,65.0
AT3G52440,143.0,45.0
AT3G54340,296.0,65.0
AT3G16230,4.0,0.0
AT3G01370,126.0,40.0
AT3G54430,276.0,65.0
AT3G46590,12.0,5.0
AT3G45240,306.0,65.0
AT3G47870,354.0,70.0
AT4G32620,8.0,5.0
AT5G13820,15.0,10.0
AT5G67480,21.0,10.0
AT4G00330,288.0,65.0
AT4G01680,259.0,60.0
AT3G01510,92.0,35.0
AT3G01570,599.0,80.0
AT3G57390,458.0,70.0
AT3G01400,8.0,5.0
AT5G25080,5.0,0.0
AT3G63210,325.0,65.0
AT4G00210,296.0,65.0
AT3G01440,70.0,30.0
AT4G17695,411.0,70.0
AT5G54190,599.0,80.0
AT3G01820,110.0,40.0
AT4G22680,235.0,55.0
AT4G23150,682.0,85.0
AT3G01860,54.0,25.0
AT4G04830,165.0,45.0
AT4G09960,294.0,65.0
AT3G01610,196.0,50.0
AT3G01680,10.0,5.0
AT4G10130,79.0,30.0
AT4G26500,227.0,55.0
AT4G28530,368.0,70.0
AT3G61920,271.0,65.0
AT4G16760,599.0,85.0
AT4G28540,287.0,65.0
AT3G01920,15.0,10.0
AT4G25490,263.0,60.0
AT4G26270,361.0,70.0
AT3G15640,122.0,40.0
AT3G55690,121.0,40.0
AT3G02170,3.0,0.0
AT4G33450,491.0,70.0
AT4G33540,316.0,65.0
AT3G55000,259.0,60.0
AT3G02190,33.0,15.0
AT4G29020,122.0,40.0
AT4G34740,281.0,65.0
AT4G35770,327.0,65.0
AT4G30610,79.0,30.0
AT4G32800,79.0,30.0
AT5G42470,274.0,65.0
AT5G01900,254.0,60.0
AT3G02280,3.0,0.0
AT5G18400,259.0,60.0
AT5G04640,296.0,65.0
AT5G06510,204.0,55.0
AT3G02330,16.0,10.0
AT4G34680,393.0,70.0
AT4G35030,79.0,30.0
AT3G02230,599.0,80.0
AT3G02260,599.0,80.0
AT4G37780,369.0,70.0
AT5G10940,266.0,65.0
AT5G13790,820.0,90.0
AT3G22950,30.0,15.0
AT4G23070,12.0,5.0
AT5G19450,214.0,55.0
AT3G02360,599.0,85.0
AT5G08141,232.0,55.0
AT5G10520,384.0,70.0
AT3G04530,12.0,5.0
AT3G10290,23.0,15.0
AT3G02470,8.0,5.0
AT5G35550,493.0,70.0
AT5G42380,209.0,55.0
AT3G02480,37.0,20.0
AT4G27900,29.0,15.0
AT5G19790,254.0,60.0
AT5G15400,85.0,30.0
AT5G66650,538.0,75.0
AT5G26580,140.0,45.0
AT5G27640,1044.0,95.0
AT3G02460,119.0,40.0
AT5G47660,227.0,55.0
AT3G02700,9.0,5.0
AT3G02780,38.0,20.0
AT5G52260,156.0,45.0
AT5G56110,235.0,55.0
AT3G02800,3.0,0.0
AT5G42630,357.0,70.0
AT5G47370,676.0,85.0
AT3G02530,1126.0,95.0
AT3G02570,51.0,25.0
AT5G47390,300.0,65.0
AT5G60200,235.0,55.0
AT5G61600,256.0,60.0
AT3G02885,24.0,15.0
AT3G03050,379.0,70.0
AT5G66320,139.0,45.0
AT3G02810,12.0,5.0
AT5G57520,199.0,50.0
AT5G59430,296.0,65.0
AT3G02850,2.0,0.0
AT5G37500,80.0,30.0
AT5G49620,2.0,0.0
AT1G23390,250.0,60.0
AT1G47340,241.0,55.0
AT3G25650,44.0,20.0
AT5G25580,25.0,15.0
AT1G11270,51.0,25.0
AT3G03180,12.0,5.0
AT3G03200,14.0,10.0
AT1G18150,755.0,85.0
AT1G21410,241.0,55.0
AT3G03270,599.0,75.0
AT1G76830,87.0,30.0
AT3G03630,38.0,20.0
AT3G03773,14.0,10.0
AT2G07140,25.0,15.0
AT2G14710,188.0,50.0
AT3G03780,249.0,60.0
AT1G53790,241.0,55.0
AT1G60570,87.0,30.0
AT5G59450,25.0,15.0
AT4G39850,10.0,5.0
AT1G70590,241.0,55.0
AT3G03360,340.0,65.0
AT3G04660,226.0,55.0
AT3G03990,18.0,10.0
AT3G04000,1.0,0.0
AT3G06240,243.0,55.0
AT3G03890,49.0,25.0
AT2G16220,66.0,25.0
AT2G25490,541.0,75.0
AT3G17510,229.0,55.0
AT3G03980,75.0,30.0
AT4G03340,39.0,20.0
AT3G13830,241.0,55.0
AT3G16580,241.0,55.0
AT3G04200,6.0,5.0
AT3G04300,5.0,0.0
AT3G08750,55.0,25.0
AT4G13180,1.0,0.0
AT3G04030,,
AT3G10430,55.0,25.0
AT3G13820,220.0,55.0
AT3G04100,294.0,65.0
AT3G21130,220.0,55.0
AT5G28500,123.0,40.0
AT5G20820,20.0,10.0
AT3G22940,40.0,20.0
AT3G23880,127.0,40.0
AT3G04840,1320.0,95.0
AT3G17490,42.0,20.0
AT3G17540,188.0,50.0
AT3G04430,176.0,50.0
AT3G04550,123.0,40.0
AT3G18320,25.0,15.0
AT3G54460,25.0,15.0
AT3G57580,241.0,55.0
AT3G04940,9.0,5.0
AT3G05040,6.0,5.0
AT3G58940,48.0,25.0
AT3G04910,19.0,10.0
AT3G24580,194.0,50.0
AT3G24760,66.0,25.0
AT3G04930,91.0,35.0
AT5G28040,186.0,50.0
AT4G31500,254.0,60.0
AT4G12560,250.0,60.0
AT4G19930,55.0,25.0
AT3G05190,16.0,10.0
AT3G05210,50.0,25.0
AT3G61590,241.0,55.0
AT3G05050,159.0,45.0
AT3G05100,93.0,35.0
AT3G63060,226.0,55.0
AT4G05460,298.0,65.0
AT3G10870,15.0,10.0
AT5G41490,57.0,25.0
AT3G05270,19.0,10.0
AT3G05400,58.0,25.0
AT5G45360,298.0,65.0
AT5G49000,198.0,50.0
AT4G26100,32.0,15.0
AT4G19940,241.0,55.0
AT4G39760,40.0,20.0
AT3G05240,8.0,5.0
AT3G05250,89.0,35.0
AT5G21040,276.0,65.0
AT1G80000,327.0,65.0
AT4G00980,235.0,55.0
AT5G19680,6.0,5.0
AT5G52200,2.0,0.0
AT4G25380,10.0,5.0
AT5G27630,25.0,15.0
AT5G49610,241.0,55.0
AT1G10240,343.0,65.0
AT3G05430,75.0,30.0
AT3G05500,29.0,15.0
AT3G05935,23.0,15.0
AT1G23900,599.0,80.0
AT1G59610,506.0,75.0
AT3G06030,64.0,25.0
AT3G48690,12.0,5.0
AT1G10270,41.0,20.0
AT3G05760,43.0,20.0
AT3G05860,57.0,25.0
AT2G15400,1156.0,95.0
AT1G10290,506.0,75.0
AT3G05920,49.0,25.0
AT1G17190,25.0,15.0
AT5G35210,18.0,10.0
AT5G44180,18.0,10.0
AT1G10430,599.0,85.0
AT5G53000,653.0,85.0
AT3G06410,122.0,40.0
AT4G18060,763.0,85.0
AT1G10350,128.0,40.0
AT3G06260,5.0,0.0
AT4G37010,19.0,10.0
AT1G10360,3.0,0.0
AT3G57670,249.0,60.0
AT5G39340,513.0,75.0
AT3G06540,31.0,15.0
AT3G07410,4.0,0.0
AT1G10480,637.0,85.0
AT5G06710,107.0,35.0
AT3G12620,13.0,10.0
AT3G29350,700.0,85.0
AT3G06490,254.0,60.0
AT4G27090,1252.0,95.0
AT3G06640,89.0,35.0
AT5G15210,935.0,90.0
AT5G25190,495.0,70.0
AT3G20650,131.0,40.0
AT4G08910,46.0,20.0
AT1G69120,938.0,90.0
AT4G18800,599.0,80.0
AT5G47520,12.0,5.0
AT4G02670,376.0,70.0
AT4G12210,219.0,55.0
AT3G06550,40.0,20.0
AT1G10530,35.0,20.0
AT4G28590,10.0,5.0
AT3G06780,180.0,50.0
AT3G26030,58.0,25.0
AT3G26340,1156.0,95.0
AT3G06810,20.0,10.0
AT5G26930,160.0,45.0
AT1G10520,30.0,15.0
AT4G32520,599.0,80.0
AT5G19150,62.0,25.0
AT5G57160,138.0,40.0
AT1G52890,357.0,70.0
AT1G65390,187.0,50.0
AT5G49020,2.0,0.0
AT3G07020,75.0,30.0
AT1G75080,1100.0,95.0
AT5G46030,2.0,0.0
AT1G22190,360.0,70.0
AT1G52880,287.0,65.0
AT3G06850,358.0,70.0
AT3G06930,599.0,75.0
AT3G07110,1186.0,95.0
AT2G28160,448.0,70.0
AT2G33380,241.0,55.0
AT3G07170,3.0,0.0
AT3G07200,73.0,30.0
AT1G80110,237.0,55.0
AT3G07030,154.0,45.0
AT4G25230,17.0,10.0
AT2G17740,71.0,30.0
AT2G21900,74.0,30.0
AT5G51450,17.0,10.0
AT3G61890,360.0,70.0
AT3G07330,39.0,20.0
AT3G07440,135.0,40.0
AT4G05100,345.0,65.0
AT4G27410,320.0,65.0
AT3G07550,72.0,30.0
AT2G47460,444.0,70.0
AT3G51660,198.0,50.0
AT4G00390,204.0,55.0
AT3G07300,600.0,85.0
AT3G56090,599.0,80.0
AT5G46410,320.0,65.0
AT5G52830,259.0,60.0
AT4G22790,47.0,25.0
AT5G25810,26.0,15.0
AT1G10586,345.0,65.0
AT3G07650,103.0,35.0
AT4G29190,263.0,60.0
AT5G46295,31.0,15.0
AT3G26190,40.0,20.0
AT3G26590,14.0,10.0
AT3G07800,5.0,0.0
AT1G10610,172.0,50.0
AT1G22490,737.0,85.0
AT3G08020,49.0,25.0
AT3G08030,154.0,45.0
AT3G60670,233.0,55.0
AT3G07760,3.0,0.0
AT4G31170,259.0,60.0
AT1G10590,62.0,25.0
AT1G63970,599.0,80.0
AT5G11450,66.0,25.0
AT1G10740,34.0,20.0
AT3G56720,51.0,25.0
AT4G35420,51.0,25.0
AT4G14716,301.0,65.0
AT1G10760,599.0,80.0
AT5G30490,65.0,25.0
AT1G36060,263.0,60.0
AT1G10650,164.0,45.0
AT3G08040,146.0,45.0
AT4G27240,72.0,30.0
AT1G10690,268.0,65.0
AT4G34210,1113.0,95.0
AT4G34470,1046.0,95.0
AT3G08730,317.0,65.0
AT4G15410,259.0,60.0
AT1G10790,796.0,85.0
AT5G66470,120.0,40.0
AT1G71260,276.0,65.0
AT1G10780,198.0,50.0
AT3G08630,72.0,30.0
AT3G08720,75.0,30.0
AT5G61960,42.0,20.0
AT3G11280,321.0,65.0
AT4G39250,144.0,45.0
AT3G08880,16.0,10.0
AT3G09000,259.0,60.0
AT1G10820,61.0,25.0
AT3G08740,133.0,40.0
AT3G08770,35.0,20.0
AT2G21650,162.0,45.0
AT2G38090,209.0,55.0
AT3G08820,154.0,45.0
AT3G56150,1171.0,95.0
AT3G09100,75.0,30.0
AT3G09130,22.0,15.0
AT4G11420,969.0,90.0
AT1G10940,599.0,80.0
AT3G09320,180.0,50.0
AT5G01200,97.0,35.0
AT5G04760,17.0,10.0
AT3G09030,167.0,50.0
AT3G09085,225.0,55.0
AT5G58900,12.0,10.0
AT1G10960,180.0,50.0
AT1G10990,12.0,10.0
AT4G31730,599.0,80.0
AT5G38770,9.0,5.0
AT3G16670,749.0,85.0
AT3G09390,105.0,35.0
AT3G44460,324.0,65.0
AT4G38810,33.0,20.0
AT3G09650,,
AT3G30725,16.0,10.0
AT3G09910,5.0,0.0
AT2G04050,575.0,75.0
AT3G19300,61.0,25.0
AT3G09922,11.0,5.0
AT3G09960,154.0,45.0
AT5G42220,599.0,80.0
AT3G09820,599.0,80.0
AT3G27310,64.0,25.0
AT1G15740,14.0,10.0
AT1G65380,131.0,40.0
AT3G09860,75.0,30.0
AT4G18205,859.0,90.0
AT3G10190,35.0,20.0
AT3G10250,19.0,10.0
AT4G28630,37.0,20.0
AT4G32150,599.0,80.0
AT3G55600,225.0,55.0
AT3G63420,259.0,60.0
AT4G08470,26.0,15.0
AT3G10020,22.0,15.0
AT3G10120,4.0,0.0
AT4G12730,246.0,60.0
AT5G60320,901.0,90.0
AT5G67330,225.0,55.0
AT4G08230,225.0,55.0
AT4G36480,156.0,45.0
AT1G11050,397.0,70.0
AT3G59500,83.0,30.0
AT4G35300,95.0,35.0
AT5G14870,287.0,65.0
AT3G61300,14.0,10.0
AT4G01150,109.0,35.0
AT5G15600,11.0,5.0
AT2G07040,1025.0,90.0
AT2G15300,739.0,85.0
AT3G10390,16.0,10.0
AT3G10420,37.0,20.0
AT3G61930,3.0,0.0
AT5G43670,130.0,40.0
AT3G10270,11.0,5.0
AT1G11310,439.0,70.0
AT1G74720,86.0,30.0
AT3G10690,599.0,85.0
AT5G16220,61.0,25.0
AT3G10525,177.0,50.0
AT3G10540,,
AT5G59940,18.0,10.0
AT5G63930,1025.0,90.0
AT3G10580,181.0,50.0
AT3G51740,324.0,65.0
AT4G10925,17.0,10.0
AT4G20400,90.0,35.0
AT4G36290,67.0,25.0
AT5G14030,474.0,70.0
AT1G11240,22.0,15.0
AT1G11260,371.0,70.0
AT4G12980,161.0,45.0
AT4G22660,272.0,65.0
AT3G18480,806.0,85.0
AT3G20320,447.0,70.0
AT1G11210,879.0,90.0
AT1G11230,25.0,15.0
AT3G56110,284.0,65.0
AT3G60330,644.0,85.0
AT3G10670,3.0,0.0
AT3G02130,1025.0,95.0
AT4G35950,595.0,75.0
AT3G10760,120.0,40.0
AT3G10860,154.0,45.0
AT5G65280,297.0,65.0
AT4G25710,381.0,70.0
AT5G38210,389.0,70.0
AT2G25700,903.0,90.0
AT1G48270,284.0,65.0
AT3G10660,2.0,0.0
AT1G62260,30.0,15.0
AT3G16270,259.0,60.0
AT3G11170,3.0,0.0
AT1G72530,55.0,25.0
AT2G20540,30.0,15.0
AT3G11220,2.0,0.0
AT1G11330,1025.0,90.0
AT1G11350,275.0,65.0
AT3G11050,12.0,5.0
AT3G11110,12.0,5.0
AT1G11380,888.0,90.0
AT3G15000,217.0,55.0
AT4G01690,30.0,15.0
AT3G11470,1.0,0.0
AT4G25050,1.0,0.0
AT4G18520,30.0,15.0
AT3G11397,169.0,50.0
AT2G35240,129.0,40.0
AT3G06790,217.0,55.0
AT3G11430,156.0,45.0
AT4G16845,119.0,40.0
AT3G20820,599.0,80.0
AT5G43380,18.0,10.0
AT2G28315,1074.0,95.0
AT3G25660,92.0,35.0
AT3G45140,170.0,50.0
AT5G44780,55.0,25.0
AT3G17740,18.0,10.0
AT5G53310,18.0,10.0
AT5G52630,30.0,15.0
AT1G11440,3.0,0.0
AT3G14930,599.0,80.0
AT5G27370,1025.0,90.0
AT3G52150,159.0,45.0
AT3G53580,599.0,85.0
AT5G41800,1025.0,90.0
AT1G11480,259.0,60.0
AT3G54050,599.0,80.0
AT2G34610,33.0,20.0
AT3G50220,861.0,90.0
AT3G47520,599.0,80.0
AT3G50820,206.0,55.0
AT4G12250,342.0,65.0
AT3G07260,531.0,75.0
AT3G28730,686.0,85.0
AT3G63490,397.0,70.0
AT4G00490,92.0,35.0
AT4G17980,128.0,40.0
AT3G55800,599.0,80.0
AT1G11490,79.0,30.0
AT1G11510,117.0,40.0
AT3G57050,92.0,35.0
AT3G60750,599.0,80.0
AT4G16155,599.0,80.0
AT1G11650,706.0,85.0
AT1G31750,62.0,25.0
AT4G18440,220.0,55.0
AT4G20360,599.0,85.0
AT5G19650,245.0,60.0
AT4G03200,599.0,80.0
AT4G09040,92.0,35.0
AT5G45130,232.0,55.0
AT5G63030,575.0,75.0
AT4G11010,599.0,80.0
AT5G51120,135.0,40.0
AT4G30910,116.0,40.0
AT4G31180,349.0,70.0
AT1G11680,31.0,15.0
AT1G11720,148.0,45.0
AT4G33030,130.0,40.0
AT4G24500,36.0,20.0
AT5G10350,176.0,50.0
AT4G27520,92.0,35.0
AT4G30310,92.0,35.0
AT5G44500,599.0,85.0
AT1G11760,16.0,10.0
AT3G27420,130.0,40.0
AT5G03350,92.0,35.0
AT5G04140,599.0,80.0
AT4G20150,94.0,35.0
AT4G33500,92.0,35.0
AT1G11730,3.0,0.0
AT5G55950,70.0,30.0
AT4G39730,92.0,35.0
AT4G39980,599.0,80.0
AT5G19220,92.0,35.0
AT1G68300,2.0,0.0
AT1G11810,91.0,35.0
AT5G22800,92.0,35.0
AT5G46290,125.0,40.0
AT5G03200,121.0,40.0
AT5G06290,1078.0,95.0
AT5G11520,599.0,80.0
AT1G11790,29.0,15.0
AT1G11800,121.0,40.0
AT5G14910,92.0,35.0
AT1G11910,599.0,80.0
AT5G51820,123.0,40.0
AT5G56500,902.0,90.0
AT4G32980,546.0,75.0
AT1G14990,817.0,90.0
AT5G61410,92.0,35.0
AT1G11850,183.0,50.0
AT1G11890,879.0,90.0
AT5G49910,582.0,75.0
AT5G50920,92.0,35.0
AT5G03545,470.0,70.0
AT2G15970,1025.0,90.0
AT3G05150,1025.0,90.0
AT3G11710,599.0,80.0
AT3G11850,50.0,25.0
AT3G47780,997.0,90.0
AT5G62790,154.0,45.0
AT3G55990,54.0,25.0
AT2G01210,1025.0,90.0
AT5G65220,250.0,60.0
AT5G66190,183.0,50.0
AT3G12170,20.0,10.0
AT4G36850,1025.0,90.0
AT1G11950,599.0,80.0
AT3G14850,270.0,65.0
AT3G18450,631.0,85.0
AT4G13510,1025.0,95.0
AT5G27540,391.0,70.0
AT3G11900,58.0,25.0
AT4G15620,1009.0,90.0
AT4G24460,335.0,65.0
AT3G11960,16.0,10.0
AT1G25510,119.0,40.0
AT4G34930,268.0,65.0
AT4G36970,300.0,65.0
AT1G71140,784.0,85.0
AT2G17290,365.0,70.0
AT3G12260,75.0,30.0
AT1G12000,599.0,80.0
AT1G12050,148.0,45.0
AT3G61320,429.0,70.0
AT4G13220,270.0,65.0
AT1G12110,999.0,90.0
AT3G26830,32.0,15.0
AT5G41990,83.0,30.0
AT4G27040,38.0,20.0
AT3G12470,4.0,0.0
AT1G12120,147.0,45.0
AT5G22220,159.0,45.0
AT2G31280,703.0,85.0
AT2G40540,797.0,85.0
AT5G58230,1099.0,95.0
AT3G12380,130.0,40.0
AT3G12660,15.0,10.0
AT1G12240,199.0,50.0
AT1G12250,6.0,5.0
AT3G12680,3.0,0.0
AT3G12690,5.0,0.0
AT1G12200,599.0,80.0
AT3G12500,75.0,30.0
AT3G12510,10.0,5.0
AT1G12220,154.0,45.0
AT1G12230,223.0,55.0
AT5G26870,2.0,0.0
AT3G12580,596.0,75.0
AT3G12830,61.0,25.0
AT3G56220,6.0,5.0
AT1G12310,259.0,60.0
AT1G74690,81.0,30.0
AT3G12960,37.0,20.0
AT1G12260,4.0,0.0
AT1G71930,35.0,20.0
AT3G54560,7.0,5.0
AT3G12820,89.0,35.0
AT1G12270,352.0,70.0
AT5G62070,108.0,35.0
AT1G71820,232.0,55.0
AT3G13220,512.0,75.0
AT3G25150,25.0,15.0
AT1G15760,71.0,30.0
AT3G13160,97.0,35.0
AT3G19960,259.0,60.0
AT3G49260,259.0,60.0
AT3G14770,252.0,60.0
AT3G13200,79.0,30.0
AT3G13310,82.0,30.0
AT3G12130,206.0,55.0
AT5G66730,577.0,75.0
AT3G23300,8.0,5.0
AT5G11070,8.0,5.0
AT2G27080,90.0,35.0
AT4G23680,599.0,80.0
AT3G13225,83.0,30.0
AT1G12410,167.0,50.0
AT1G12440,174.0,50.0
AT3G13227,34.0,20.0
AT2G28990,1025.0,95.0
AT3G13490,38.0,20.0
AT3G13580,1326.0,95.0
AT3G21340,779.0,85.0
AT3G46330,719.0,85.0
AT3G55050,10.0,5.0
AT1G12460,539.0,75.0
AT1G51800,720.0,85.0
AT3G13460,259.0,60.0
AT3G13470,892.0,90.0
AT2G02220,820.0,90.0
AT4G04720,365.0,70.0
AT4G04740,37.0,20.0
AT5G23400,10.0,5.0
AT5G48655,79.0,30.0
AT4G33950,783.0,85.0
AT4G10140,10.0,5.0
AT3G46350,522.0,75.0
AT1G12480,89.0,35.0
AT4G27970,23.0,15.0
AT4G30010,10.0,5.0
AT3G53710,259.0,60.0
AT5G18100,599.0,75.0
AT5G24680,6.0,5.0
AT4G34030,121.0,40.0
AT3G13790,49.0,25.0
AT4G30240,216.0,55.0
AT5G63370,203.0,55.0
AT3G13690,54.0,25.0
AT1G12520,21.0,10.0
AT2G31955,33.0,20.0
AT3G13845,51.0,25.0
AT1G12650,103.0,35.0
AT3G13970,2.0,0.0
AT5G61500,13.0,10.0
AT2G46550,247.0,60.0
AT1G12670,5.0,0.0
AT5G09240,134.0,40.0
AT1G12620,45.0,20.0
AT1G12630,4.0,0.0
AT3G13810,154.0,45.0
AT3G13860,497.0,70.0
AT3G04380,258.0,60.0
AT3G17620,530.0,75.0
AT1G12750,231.0,55.0
AT3G14210,235.0,55.0
AT3G58040,80.0,30.0
AT1G12780,2.0,0.0
AT3G53250,7.0,5.0
AT1G12680,269.0,65.0
AT1G12740,82.0,30.0
AT3G14120,355.0,70.0
AT3G14160,49.0,25.0
AT3G14410,174.0,50.0
AT1G12810,137.0,40.0
AT1G12840,599.0,85.0
AT3G14440,21.0,10.0
AT3G14580,154.0,45.0
AT4G23920,28.0,15.0
AT3G14240,154.0,45.0
AT3G14290,1184.0,95.0
AT1G12790,1.0,0.0
AT5G52290,1.0,0.0
AT5G05160,47.0,25.0
AT4G37130,545.0,75.0
AT4G12030,11.0,5.0
AT3G14940,599.0,80.0
AT5G17290,138.0,40.0
AT5G27060,232.0,55.0
AT5G13270,9.0,5.0
AT1G77760,261.0,60.0
AT1G79070,19.0,10.0
AT3G14710,4.0,0.0
AT3G54360,43.0,20.0
AT3G14760,47.0,25.0
AT3G06120,167.0,50.0
AT3G24140,1175.0,95.0
AT3G15280,55.0,25.0
AT3G15353,75.0,30.0
AT3G27050,125.0,40.0
AT3G15010,171.0,50.0
AT1G12860,259.0,60.0
AT2G39810,358.0,70.0
AT3G15090,14.0,10.0
AT5G15920,104.0,35.0
AT4G08770,75.0,30.0
AT3G06220,19.0,10.0
AT5G09750,1010.0,90.0
AT4G21400,34.0,20.0
AT3G15580,7.0,5.0
AT5G53210,28.0,15.0
AT3G15356,64.0,25.0
AT3G19550,4.0,0.0
AT1G12890,320.0,65.0
AT1G73410,531.0,75.0
AT5G43830,21.0,10.0
AT2G42790,599.0,85.0
AT3G15670,37.0,20.0
AT5G15350,29.0,15.0
AT3G58750,599.0,85.0
AT1G12940,4.0,0.0
AT5G45095,61.0,25.0
AT1G12900,599.0,80.0
AT1G12910,39.0,20.0
AT3G15650,81.0,30.0
AT3G61530,43.0,20.0
AT1G12920,599.0,80.0
AT4G18710,1377.0,95.0
AT1G13030,64.0,25.0
AT4G18770,198.0,50.0
AT5G42530,19.0,10.0
AT2G06050,4.0,0.0
AT5G15880,154.0,45.0
AT5G08130,697.0,85.0
AT1G13020,259.0,60.0
AT3G15780,9.0,5.0
AT3G15820,231.0,55.0
AT3G29320,599.0,80.0
AT1G13140,871.0,90.0
AT1G13180,82.0,30.0
AT3G53320,8.0,5.0
AT3G57540,180.0,50.0
AT4G04620,59.0,25.0
AT3G15950,599.0,80.0
AT3G16090,40.0,20.0
AT1G13120,96.0,35.0
AT3G53110,154.0,45.0
AT4G29960,2.0,0.0
AT3G27000,37.0,20.0
AT3G22070,221.0,55.0
AT3G51390,37.0,20.0
AT1G13195,16.0,10.0
AT1G14900,55.0,25.0
AT3G57010,37.0,20.0
AT1G29170,259.0,60.0
AT2G22640,141.0,45.0
AT5G25790,39.0,20.0
AT3G16200,185.0,50.0
AT2G40220,259.0,60.0
AT3G50500,358.0,70.0
AT4G15090,151.0,45.0
AT5G18850,102.0,35.0
AT3G16350,124.0,40.0
AT4G23210,1025.0,90.0
AT4G16840,163.0,45.0
AT2G22200,315.0,65.0
AT2G31370,386.0,70.0
AT5G07250,199.0,50.0
AT5G12880,232.0,55.0
AT5G55180,154.0,45.0
AT1G13270,43.0,20.0
AT1G13300,8.0,5.0
AT3G16800,10.0,5.0
AT3G16840,27.0,15.0
AT4G25330,11.0,5.0
AT3G16460,599.0,80.0
AT3G16650,80.0,30.0
AT5G19000,269.0,65.0
AT5G66880,348.0,70.0
AT3G16740,88.0,35.0
AT1G50370,637.0,85.0
AT3G16950,599.0,80.0
AT4G35780,22.0,15.0
AT2G45950,317.0,65.0
AT3G08780,347.0,70.0
AT3G17040,,
AT2G34450,367.0,70.0
AT1G13320,766.0,85.0
AT5G44800,220.0,55.0
AT3G28430,9.0,5.0
AT1G29195,188.0,50.0
AT1G13370,142.0,45.0
AT1G13400,302.0,65.0
AT3G17240,124.0,40.0
AT3G17280,154.0,45.0
AT1G13440,599.0,85.0
AT3G17090,7.0,5.0
AT3G26020,87.0,30.0
AT1G13350,94.0,35.0
AT4G38850,7.0,5.0
AT5G18020,7.0,5.0
AT3G17520,37.0,20.0
AT1G76710,80.0,30.0
AT1G77570,294.0,65.0
AT3G45100,12.0,5.0
AT4G32120,12.0,5.0
AT3G04120,599.0,80.0
AT3G17310,187.0,50.0
AT3G17420,13.0,10.0
AT4G35790,371.0,70.0
AT5G15090,376.0,70.0
AT4G16450,121.0,40.0
AT3G23240,333.0,65.0
AT3G17820,599.0,80.0
AT3G24530,39.0,20.0
AT3G24490,762.0,85.0
AT3G53440,45.0,20.0
AT3G17880,40.0,20.0
AT2G17560,200.0,50.0
AT2G30580,362.0,70.0
AT5G63000,34.0,20.0
AT5G64280,12.0,5.0
AT2G42660,269.0,65.0
AT4G37180,873.0,90.0
AT5G03790,204.0,55.0
AT3G18040,115.0,40.0
AT3G20830,17.0,10.0
AT5G64610,290.0,65.0
AT3G17970,98.0,35.0
AT3G60400,24.0,15.0
AT4G18450,34.0,20.0
AT5G56000,741.0,85.0
AT3G18000,154.0,45.0
AT5G09650,130.0,40.0
AT1G13520,135.0,40.0
AT1G14830,599.0,85.0
AT5G14430,17.0,10.0
AT5G65780,25.0,15.0
AT5G65080,345.0,65.0
AT3G53990,599.0,80.0
AT3G56410,259.0,60.0
AT1G13460,44.0,20.0
AT4G19850,2.0,0.0
AT5G06110,261.0,60.0
AT5G56630,111.0,40.0
AT3G18360,16.0,10.0
AT3G22220,7.0,5.0
AT1G13560,223.0,55.0
AT1G13570,241.0,55.0
AT5G59790,12.0,5.0
AT1G70410,599.0,80.0
AT2G42490,134.0,40.0
AT3G18190,1146.0,95.0
AT3G18240,103.0,35.0
AT4G29220,112.0,40.0
AT1G13580,183.0,50.0
AT2G33170,153.0,45.0
AT3G18640,126.0,40.0
AT3G18700,154.0,45.0
AT4G31100,39.0,20.0
AT3G18430,28.0,15.0
AT3G21850,586.0,75.0
AT3G60010,1065.0,95.0
AT4G20370,148.0,45.0
AT4G25140,599.0,80.0
AT3G18980,7.0,5.0
AT1G68880,602.0,85.0
AT1G75390,269.0,65.0
AT3G18990,104.0,35.0
AT5G27944,145.0,45.0
AT5G55380,278.0,65.0
AT4G26700,9.0,5.0
AT3G18830,165.0,45.0
AT1G13600,298.0,65.0
AT1G44830,278.0,65.0
AT3G18910,7.0,5.0
AT5G38800,864.0,90.0
AT4G14220,13.0,10.0
AT4G10610,11.0,5.0
AT5G49450,384.0,70.0
AT1G13690,358.0,70.0
AT3G19360,129.0,40.0
AT3G30530,269.0,65.0
AT3G62420,324.0,65.0
AT5G63790,117.0,40.0
AT3G19140,154.0,45.0
AT4G34590,201.0,50.0
AT1G13730,21.0,10.0
AT3G13990,599.0,80.0
AT3G19570,18.0,10.0
AT3G19670,94.0,35.0
AT5G48650,99.0,35.0
AT3G19370,259.0,60.0
AT3G23610,229.0,55.0
AT4G39410,6.0,5.0
AT3G19540,10.0,5.0
AT3G19553,88.0,35.0
AT3G23210,9.0,5.0
AT5G57810,233.0,55.0
AT1G13870,2.0,0.0
AT3G20060,599.0,75.0
AT3G20250,599.0,80.0
AT1G13750,46.0,20.0
AT3G19770,1.0,0.0
AT4G19640,1.0,0.0
AT2G19580,1025.0,90.0
AT5G38660,757.0,85.0
AT3G19840,17.0,10.0
AT1G13980,46.0,20.0
AT3G20390,201.0,55.0
AT3G20600,9.0,5.0
AT2G29960,2.0,0.0
AT1G13990,8.0,5.0
AT3G20620,37.0,20.0
AT2G18410,3.0,0.0
AT1G13900,8.0,5.0
AT3G20260,15.0,10.0
AT3G20290,36.0,20.0
AT1G13930,259.0,60.0
AT1G52155,1000.0,90.0
AT1G54320,1025.0,90.0
AT3G21160,16.0,10.0
AT3G21210,2.0,0.0
AT1G69460,768.0,85.0
AT3G20720,19.0,10.0
AT1G14000,46.0,20.0
AT1G19800,1025.0,90.0
AT3G20860,3.0,0.0
AT3G20865,145.0,45.0
AT5G46190,19.0,10.0
AT3G22845,110.0,40.0
AT3G46370,724.0,85.0
AT3G21270,89.0,35.0
AT3G21310,25.0,15.0
AT2G01770,906.0,90.0
AT4G15530,599.0,75.0
AT4G03120,9.0,5.0
AT2G42770,1025.0,90.0
AT3G22840,1025.0,90.0
AT4G13850,39.0,20.0
AT3G59730,890.0,90.0
AT3G21520,74.0,30.0
AT3G26840,35.0,20.0
AT3G62400,981.0,90.0
AT4G03820,999.0,90.0
AT3G51895,104.0,35.0
AT3G46890,725.0,85.0
AT3G53190,877.0,90.0
AT3G21400,2.0,0.0
AT3G21460,19.0,10.0
AT3G56010,509.0,75.0
AT4G39030,1025.0,90.0
AT5G06530,920.0,90.0
AT5G11720,35.0,20.0
AT5G12960,35.0,20.0
AT5G47420,973.0,90.0
AT4G04780,35.0,20.0
AT4G30660,1025.0,90.0
AT4G36820,274.0,65.0
AT4G37450,36.0,20.0
AT5G07530,599.0,80.0
AT5G20500,35.0,20.0
AT1G49475,112.0,40.0
AT1G49720,495.0,70.0
AT5G24770,35.0,20.0
AT5G50030,35.0,20.0
AT5G50520,1025.0,90.0
AT5G15140,35.0,20.0
AT5G15960,259.0,60.0
AT5G50630,1025.0,90.0
AT5G55330,475.0,70.0
AT5G19510,77.0,30.0
AT4G00416,159.0,45.0
AT3G21865,1.0,0.0
AT5G25760,1.0,0.0
AT4G37670,153.0,45.0
AT5G01380,577.0,75.0
AT3G22320,1058.0,95.0
AT1G53910,320.0,65.0
AT2G02540,1082.0,95.0
AT5G51280,151.0,45.0
AT5G54270,599.0,80.0
AT2G44150,462.0,70.0
AT5G44190,441.0,70.0
AT5G47140,83.0,30.0
AT5G18660,9.0,5.0
AT3G22560,20.0,10.0
AT1G14250,2.0,0.0
AT3G22370,3.0,0.0
AT5G03720,453.0,70.0
AT5G22380,247.0,60.0
AT5G55560,75.0,30.0
AT3G22430,25.0,15.0
AT3G22810,5.0,0.0
AT1G14280,259.0,60.0
AT1G14290,12.0,10.0
AT3G22930,156.0,45.0
AT4G18020,152.0,45.0
AT4G32900,10.0,5.0
AT3G22640,95.0,35.0
AT3G22680,42.0,20.0
AT1G14260,925.0,90.0
AT1G32320,725.0,85.0
AT3G22750,172.0,50.0
AT1G14330,72.0,30.0
AT5G14390,30.0,15.0
AT5G05200,16.0,10.0
AT3G54190,37.0,20.0
AT1G56330,599.0,85.0
AT3G23290,79.0,30.0
AT1G14320,1319.0,95.0
AT3G25560,521.0,75.0
AT3G26990,18.0,10.0
AT3G56130,126.0,40.0
AT5G05800,72.0,30.0
AT2G33390,234.0,55.0
AT2G34460,76.0,30.0
AT3G23450,49.0,25.0
AT3G23660,599.0,80.0
AT2G40765,184.0,50.0
AT3G23325,617.0,85.0
AT1G67865,169.0,50.0
AT1G71480,149.0,45.0
AT5G03990,3.0,0.0
AT3G23380,12.0,5.0
AT4G33520,240.0,55.0
AT3G50110,72.0,30.0
AT3G53180,104.0,35.0
AT5G65640,57.0,25.0
AT5G66250,114.0,40.0
AT2G47750,58.0,25.0
AT3G23820,16.0,10.0
AT3G23870,12.0,5.0
AT3G01660,164.0,45.0
AT3G11730,127.0,40.0
AT3G23990,1160.0,95.0
AT5G06240,72.0,30.0
AT3G24430,132.0,40.0
AT5G57380,80.0,30.0
AT5G06370,180.0,50.0
AT5G16840,259.0,60.0
AT4G17770,599.0,75.0
AT3G59920,599.0,80.0
AT4G02080,599.0,80.0
AT3G24250,199.0,50.0
AT3G24310,10.0,5.0
AT4G30490,229.0,55.0
AT5G47310,175.0,50.0
AT5G51180,145.0,45.0
AT3G28340,25.0,15.0
AT5G16920,25.0,15.0
AT5G55200,90.0,35.0
AT3G24550,599.0,85.0
AT5G27970,55.0,25.0
AT5G37680,43.0,20.0
AT3G24620,14.0,10.0
AT5G20910,10.0,5.0
AT5G48570,47.0,25.0
AT5G65925,133.0,40.0
AT5G66110,65.0,25.0
AT3G59350,35.0,20.0
AT5G55000,3.0,0.0
AT5G57300,47.0,25.0
AT3G24730,81.0,30.0
AT4G38740,243.0,55.0
AT5G58750,184.0,50.0
AT5G60860,31.0,15.0
AT3G25230,259.0,60.0
AT2G01820,787.0,85.0
AT5G18960,44.0,20.0
AT3G26050,13.0,10.0
AT2G31360,1025.0,90.0
AT2G36330,947.0,90.0
AT3G26580,75.0,30.0
AT1G14345,35.0,20.0
AT1G15900,983.0,90.0
AT3G25585,217.0,55.0
AT3G25900,7.0,5.0
AT1G64850,453.0,70.0
AT3G23410,962.0,90.0
AT4G30845,431.0,70.0
AT3G47300,75.0,30.0
AT3G49120,75.0,30.0
AT5G43750,796.0,85.0
AT3G32980,75.0,30.0
AT2G45070,693.0,85.0
AT3G19100,587.0,75.0
AT3G43190,599.0,80.0
AT3G46080,75.0,30.0
AT3G51840,75.0,30.0
AT1G34110,957.0,90.0
AT1G49100,733.0,85.0
AT3G55430,75.0,30.0
AT3G56840,75.0,30.0
AT5G66480,114.0,40.0
AT3G49290,75.0,30.0
AT3G50030,75.0,30.0
AT1G14370,269.0,65.0
AT1G25320,345.0,65.0
AT3G51280,75.0,30.0
AT1G69990,733.0,85.0
AT4G10330,75.0,30.0
AT4G11840,75.0,30.0
AT1G79620,679.0,85.0
AT2G23300,769.0,85.0
AT4G16690,75.0,30.0
AT1G53430,594.0,75.0
AT1G56140,556.0,75.0
AT3G62920,75.0,30.0
AT4G08950,75.0,30.0
AT1G66830,842.0,90.0
AT2G35620,1025.0,95.0
AT2G42290,648.0,85.0
AT4G22930,75.0,30.0
AT4G24660,75.0,30.0
AT3G46340,692.0,85.0
AT4G16970,75.0,30.0
AT2G24230,945.0,90.0
AT2G25790,787.0,85.0
AT4G17230,75.0,30.0
AT4G17280,327.0,65.0
AT4G32320,75.0,30.0
AT5G67280,751.0,85.0
AT1G14400,599.0,80.0
AT5G14180,75.0,30.0
AT5G15680,91.0,35.0
AT4G36180,1025.0,90.0
AT4G29590,75.0,30.0
AT4G29780,75.0,30.0
AT4G37250,1025.0,90.0
AT5G01950,537.0,75.0
AT4G32285,259.0,60.0
AT1G69600,300.0,65.0
AT5G38650,75.0,30.0
AT5G46490,75.0,30.0
AT1G75240,188.0,50.0
AT2G36610,187.0,50.0
AT5G47780,75.0,30.0
AT3G13550,286.0,65.0
AT1G14410,123.0,40.0
AT5G20830,599.0,80.0
AT5G22790,75.0,30.0
AT1G14440,145.0,45.0
AT5G39760,663.0,85.0
AT5G65410,252.0,60.0
AT5G65650,75.0,30.0
AT4G38790,14.0,10.0
AT1G14450,11.0,5.0
AT5G51890,75.0,30.0
AT3G28917,372.0,70.0
AT3G50890,430.0,70.0
AT5G64120,75.0,30.0
AT5G64620,75.0,30.0
AT3G26560,76.0,30.0
AT3G58630,548.0,75.0
AT5G44280,36.0,20.0
AT3G26700,10.0,5.0
AT3G26710,21.0,10.0
AT1G14500,12.0,10.0
AT5G18290,104.0,35.0
AT3G50760,4.0,0.0
AT1G14510,599.0,80.0
AT2G02470,89.0,35.0
AT5G05750,4.0,0.0
AT1G18730,536.0,75.0
AT4G03080,259.0,60.0
AT5G13720,9.0,5.0
AT1G14620,26.0,15.0
AT4G05400,103.0,35.0
AT3G27090,6.0,5.0
AT1G14570,39.0,20.0
AT3G09840,1162.0,95.0
AT3G26730,7.0,5.0
AT3G26910,259.0,60.0
AT1G14590,8.0,5.0
AT1G17810,31.0,15.0
AT5G40780,66.0,25.0
AT5G41910,34.0,20.0
AT3G27540,180.0,50.0
AT1G28710,146.0,45.0
AT3G27100,5.0,0.0
AT1G14660,74.0,30.0
AT1G17260,599.0,85.0
AT3G27240,285.0,65.0
AT3G27350,18.0,10.0
AT4G03280,71.0,30.0
AT3G22660,48.0,25.0
AT3G55150,290.0,65.0
AT4G37230,8.0,5.0
AT3G53560,38.0,20.0
AT3G21580,1033.0,95.0
AT5G17410,7.0,5.0
AT3G27620,94.0,35.0
AT5G51480,12.0,10.0
AT2G02560,599.0,85.0
AT3G27850,599.0,75.0
AT1G22150,1004.0,90.0
AT4G26910,943.0,90.0
AT4G31875,65.0,25.0
AT1G30360,990.0,90.0
AT1G44960,1025.0,95.0
AT4G32470,357.0,70.0
AT4G36690,599.0,85.0
AT5G42780,346.0,65.0
AT3G56290,65.0,25.0
AT4G11600,43.0,20.0
AT1G18720,847.0,90.0
AT1G57680,1025.0,90.0
AT1G58200,848.0,90.0
AT5G20250,599.0,80.0
AT3G28007,25.0,15.0
AT1G59560,1025.0,90.0
AT4G34700,123.0,40.0
AT1G47530,1025.0,90.0
AT1G51930,952.0,90.0
AT5G03040,259.0,60.0
AT5G09770,79.0,30.0
AT3G28900,1248.0,95.0
AT1G69430,242.0,55.0
AT1G70300,906.0,90.0
AT3G28930,29.0,15.0
AT3G48530,88.0,35.0
AT1G61370,943.0,90.0
AT3G28300,599.0,75.0
AT3G28670,93.0,35.0
AT1G61560,894.0,90.0
AT1G61610,1025.0,90.0
AT3G28710,599.0,85.0
AT2G19130,62.0,25.0
AT3G51510,231.0,55.0
AT4G13345,215.0,55.0
AT2G23093,1025.0,90.0
AT2G23200,67.0,25.0
AT5G49820,50.0,25.0
AT1G74200,560.0,75.0
AT1G79670,242.0,55.0
AT3G52180,42.0,20.0
AT5G65040,42.0,20.0
AT2G01275,830.0,90.0
AT2G33670,897.0,90.0
AT2G36830,829.0,90.0
AT3G29370,25.0,15.0
AT3G29770,24.0,15.0
AT2G37050,1025.0,95.0
AT5G50590,39.0,20.0
AT2G23450,678.0,85.0
AT2G23980,1000.0,90.0
AT5G50690,39.0,20.0
AT5G58782,39.0,20.0
AT3G42433,6.0,5.0
AT2G45980,796.0,85.0
AT3G01516,646.0,85.0
AT3G42630,45.0,20.0
AT3G42660,40.0,20.0
AT2G39060,1025.0,90.0
AT3G30340,2.0,0.0
AT3G32930,8.0,5.0
AT2G40460,219.0,55.0
AT2G43330,1025.0,90.0
AT3G42050,599.0,85.0
AT3G27170,956.0,90.0
AT4G28706,129.0,40.0
AT5G06560,64.0,25.0
AT3G45430,148.0,45.0
AT3G50120,1025.0,90.0
AT5G26950,196.0,50.0
AT3G03870,62.0,25.0
AT3G17690,861.0,90.0
AT3G42800,16.0,10.0
AT3G42960,,
AT3G26350,1025.0,90.0
AT4G04750,1025.0,90.0
AT4G13770,907.0,90.0
AT3G44630,38.0,20.0
AT3G44716,40.0,20.0
AT4G23220,1025.0,90.0
AT3G43980,22.0,15.0
AT3G59740,1025.0,90.0
AT4G04540,79.0,30.0
AT3G44130,105.0,35.0
AT3G44610,5.0,0.0
AT5G49630,33.0,15.0
AT5G10530,280.0,65.0
AT5G12420,638.0,85.0
AT3G44940,26.0,15.0
AT3G45080,154.0,45.0
AT4G23270,1025.0,90.0
AT5G09680,259.0,60.0
AT3G44730,599.0,75.0
AT4G31110,718.0,85.0
AT5G01540,1025.0,90.0
AT3G44900,4.0,0.0
AT5G39040,855.0,90.0
AT3G45620,62.0,25.0
AT4G08250,216.0,55.0
AT5G49770,785.0,85.0
AT5G49950,594.0,75.0
AT5G07160,157.0,45.0
AT5G14570,169.0,50.0
AT5G16900,1025.0,90.0
AT4G18040,212.0,55.0
AT3G45190,259.0,60.0
AT5G24010,1025.0,90.0
AT1G14730,329.0,65.0
AT1G14740,36.0,20.0
AT5G62930,252.0,60.0
AT5G65590,206.0,55.0
AT3G07780,517.0,75.0
AT5G11510,147.0,45.0
AT5G57100,997.0,90.0
AT5G59700,808.0,85.0
AT5G40360,167.0,50.0
AT5G46310,206.0,55.0
AT3G46050,42.0,20.0
AT1G14870,437.0,70.0
AT1G19210,179.0,50.0
AT3G46160,19.0,10.0
AT4G32250,50.0,25.0
AT3G63500,141.0,45.0
AT3G45860,27.0,15.0
AT4G21910,5.0,0.0
AT4G24240,346.0,65.0
AT5G48160,94.0,35.0
AT3G46010,39.0,20.0
AT1G60670,105.0,35.0
AT3G46460,599.0,75.0
AT4G39990,8.0,5.0
AT1G63650,395.0,70.0
AT1G68920,196.0,50.0
AT5G54650,9.0,5.0
AT1G22160,134.0,40.0
AT1G30120,599.0,85.0
AT3G46320,758.0,85.0
AT5G38110,30.0,15.0
AT1G53510,423.0,70.0
AT2G02080,269.0,65.0
AT2G21470,191.0,50.0
AT4G12670,17.0,10.0
AT3G46740,154.0,45.0
AT2G22750,204.0,55.0
AT5G66750,140.0,45.0
AT1G69810,445.0,70.0
AT1G70000,296.0,65.0
AT4G13620,91.0,35.0
AT3G46630,25.0,15.0
AT3G46940,5.0,0.0
AT2G33880,269.0,65.0
AT2G36990,133.0,40.0
AT3G46980,40.0,20.0
AT4G00400,38.0,20.0
AT2G28910,126.0,40.0
AT5G14600,87.0,30.0
AT4G21650,6.0,5.0
AT2G31210,72.0,30.0
AT2G31380,243.0,55.0
AT5G59030,6.0,5.0
AT3G05120,254.0,60.0
AT3G50770,180.0,50.0
AT4G09980,234.0,55.0
AT3G05625,126.0,40.0
AT3G10480,313.0,65.0
AT4G12460,190.0,50.0
AT2G39840,148.0,45.0
AT2G42880,277.0,65.0
AT3G47440,12.0,5.0
AT3G47610,94.0,35.0
AT2G43000,238.0,55.0
AT3G15510,70.0,30.0
AT3G16250,360.0,70.0
AT4G30750,180.0,50.0
AT5G03850,199.0,50.0
AT3G16770,294.0,65.0
AT4G22610,180.0,50.0
AT3G13040,159.0,45.0
AT3G15270,134.0,40.0
AT4G24880,180.0,50.0
AT4G25440,215.0,55.0
AT5G60590,180.0,50.0
AT3G50700,602.0,85.0
AT3G51260,1187.0,95.0
AT3G47690,2.0,0.0
AT3G47820,13.0,10.0
AT3G21330,550.0,75.0
AT5G25170,180.0,50.0
AT5G25410,180.0,50.0
AT3G27920,142.0,45.0
AT3G50330,385.0,70.0
AT5G50350,180.0,50.0
AT3G63010,320.0,65.0
AT3G48080,18.0,10.0
AT3G52430,12.0,5.0
AT4G00050,93.0,35.0
AT4G04890,159.0,45.0
AT5G14930,12.0,5.0
AT3G54620,196.0,50.0
AT3G57600,537.0,75.0
AT3G47910,81.0,30.0
AT3G48000,599.0,80.0
AT3G60530,321.0,65.0
AT4G21040,136.0,40.0
AT4G21750,134.0,40.0
AT5G46430,1252.0,95.0
AT5G48500,44.0,20.0
AT4G24210,278.0,65.0
AT4G16890,23.0,15.0
AT4G16750,112.0,40.0
AT4G17460,639.0,85.0
AT5G45250,11.0,5.0
AT4G34670,1320.0,95.0
AT4G00380,2.0,0.0
AT5G06839,305.0,65.0
AT5G10030,281.0,65.0
AT3G48700,10.0,5.0
AT5G23660,64.0,25.0
AT4G24940,168.0,50.0
AT3G48210,7.0,5.0
AT4G38830,86.0,30.0
AT4G36060,132.0,40.0
AT4G36930,445.0,70.0
AT3G48570,4.0,0.0
AT5G29000,599.0,80.0
AT4G04910,599.0,85.0
AT5G07450,54.0,25.0
AT5G48170,226.0,55.0
AT5G49510,174.0,50.0
AT5G40460,251.0,60.0
AT5G16320,317.0,65.0
AT5G23290,181.0,50.0
AT3G60550,54.0,25.0
AT3G63120,75.0,30.0
AT5G27320,220.0,55.0
AT5G54070,273.0,65.0
AT5G65790,77.0,30.0
AT3G49010,1317.0,95.0
AT3G49060,81.0,30.0
AT5G67110,391.0,70.0
AT5G61650,54.0,25.0
AT5G50670,571.0,75.0
AT5G53950,764.0,85.0
AT3G48870,43.0,20.0
AT4G25370,113.0,40.0
AT5G23570,1.0,0.0
AT1G54840,54.0,25.0
AT1G24580,255.0,60.0
AT4G13980,135.0,40.0
AT4G26310,42.0,20.0
AT1G14950,4.0,0.0
AT4G35160,51.0,25.0
AT3G49350,40.0,20.0
AT5G57860,30.0,15.0
AT1G14960,599.0,75.0
AT3G49500,1.0,0.0
AT2G20880,231.0,55.0
AT3G49750,54.0,25.0
AT3G49800,92.0,35.0
AT5G18560,444.0,70.0
AT5G47790,223.0,55.0
AT3G50080,72.0,30.0
AT1G24590,403.0,70.0
AT1G34390,310.0,65.0
AT4G28200,42.0,20.0
AT5G39400,46.0,20.0
AT1G56650,947.0,90.0
AT1G15100,10.0,5.0
AT1G15110,40.0,20.0
AT3G50560,2.0,0.0
AT5G64930,27.0,15.0
AT5G56210,60.0,25.0
AT3G55005,259.0,60.0
AT5G66350,522.0,75.0
AT1G15080,232.0,55.0
AT3G50410,4.0,0.0
AT3G50440,599.0,75.0
AT3G63130,112.0,40.0
AT4G16144,149.0,45.0
AT5G13860,98.0,35.0
AT5G44420,106.0,35.0
AT3G50930,132.0,40.0
AT1G15130,599.0,80.0
AT3G50780,5.0,0.0
AT3G50860,4.0,0.0
AT1G48790,599.0,75.0
AT3G12400,259.0,60.0
AT5G43810,599.0,80.0
AT5G41940,125.0,40.0
AT5G26710,837.0,90.0
AT5G62690,599.0,80.0
AT1G15170,7.0,5.0
AT1G15200,213.0,55.0
AT5G62700,599.0,80.0
AT5G64430,259.0,60.0
AT3G11660,863.0,90.0
AT3G50940,10.0,5.0
AT3G50950,29.0,15.0
AT4G24310,276.0,65.0
AT4G11130,22.0,15.0
AT1G15260,66.0,25.0
AT3G51240,3.0,0.0
AT3G55340,12.0,10.0
AT1G22760,123.0,40.0
AT3G51030,3.0,0.0
AT1G15215,138.0,40.0
AT3G42670,69.0,25.0
AT3G51130,259.0,60.0
AT3G51160,599.0,80.0
AT5G22400,12.0,5.0
AT1G32330,150.0,45.0
AT1G15350,17.0,10.0
AT5G60210,12.0,5.0
AT3G51370,3.0,0.0
AT2G05250,153.0,45.0
AT4G03100,12.0,5.0
AT4G13240,14.0,10.0
AT1G15290,259.0,60.0
AT1G15340,47.0,25.0
AT4G28560,12.0,5.0
AT1G15430,75.0,30.0
AT3G51800,248.0,60.0
AT3G51820,154.0,45.0
AT1G15500,455.0,70.0
AT1G15550,311.0,65.0
AT5G37770,2.0,0.0
AT1G15370,57.0,25.0
AT1G15385,132.0,40.0
AT5G64160,5.0,0.0
AT3G51780,25.0,15.0
AT3G14780,4.0,0.0
AT1G66750,668.0,85.0
AT1G73690,314.0,65.0
AT3G52120,155.0,45.0
AT3G52340,7.0,5.0
AT2G18050,25.0,15.0
AT3G51830,13.0,10.0
AT2G37630,599.0,85.0
AT1G64180,27.0,15.0
AT4G18290,20.0,10.0
AT5G11620,60.0,25.0
AT4G24560,27.0,15.0
AT3G54180,765.0,85.0
AT4G17680,729.0,85.0
AT5G43990,96.0,35.0
AT5G38560,88.0,35.0
AT2G23430,452.0,70.0
AT3G52420,10.0,5.0
AT5G64840,7.0,5.0
AT2G38620,600.0,85.0
AT3G12720,107.0,35.0
AT5G38895,5.0,0.0
AT5G63610,442.0,70.0
AT3G52960,599.0,80.0
AT3G53030,6.0,5.0
AT1G35540,81.0,30.0
AT2G13960,252.0,60.0
AT3G53040,37.0,20.0
AT4G28230,285.0,65.0
AT5G20030,64.0,25.0
AT3G52920,358.0,70.0
AT5G03690,6.0,5.0
AT5G57210,38.0,20.0
AT5G49980,132.0,40.0
AT5G61590,663.0,85.0
AT3G53390,70.0,25.0
AT5G65660,3.0,0.0
AT3G03330,184.0,50.0
AT5G42810,4.0,0.0
AT4G30080,304.0,65.0
AT4G31580,354.0,70.0
AT3G53150,154.0,45.0
AT3G53300,8.0,5.0
AT3G53670,3.0,0.0
AT2G25180,206.0,55.0
AT2G37040,599.0,80.0
AT3G53790,,
AT4G09010,89.0,35.0
AT5G21920,589.0,75.0
AT4G11850,389.0,70.0
AT5G39650,197.0,50.0
AT5G23320,33.0,20.0
AT1G15670,175.0,50.0
AT4G02820,3.0,0.0
AT1G15700,38.0,20.0
AT3G53980,10.0,5.0
AT5G28290,58.0,25.0
AT1G15710,52.0,25.0
AT1G66430,180.0,50.0
AT3G54110,154.0,45.0
AT3G10340,599.0,80.0
AT3G53260,599.0,80.0
AT5G10060,599.0,80.0
AT3G53950,94.0,35.0
AT2G39805,9.0,5.0
AT1G33240,341.0,65.0
AT4G15248,416.0,70.0
AT5G19140,599.0,80.0
AT5G56670,1039.0,95.0
AT4G39820,164.0,45.0
AT5G05690,88.0,35.0
AT3G15420,50.0,25.0
AT4G22720,329.0,65.0
AT3G56190,210.0,55.0
AT4G10760,123.0,40.0
AT3G54290,10.0,5.0
AT1G19000,210.0,55.0
AT1G19350,609.0,85.0
AT5G23310,21.0,10.0
AT4G11175,70.0,30.0
AT5G54810,599.0,80.0
AT3G57400,25.0,15.0
AT4G37650,22.0,15.0
AT1G15730,96.0,35.0
AT1G18330,599.0,80.0
AT5G24740,34.0,20.0
AT1G28300,84.0,30.0
AT3G54400,154.0,45.0
AT3G54590,154.0,45.0
AT1G28360,783.0,85.0
AT1G28370,241.0,55.0
AT4G32070,599.0,80.0
AT1G22640,378.0,70.0
AT1G25560,273.0,65.0
AT4G37280,39.0,20.0
AT5G54750,48.0,25.0
AT1G27730,259.0,60.0
AT1G53030,84.0,30.0
AT1G61900,84.0,30.0
AT3G54810,2.0,0.0
AT3G63460,599.0,85.0
AT1G66140,227.0,55.0
AT4G40030,233.0,55.0
AT1G50640,292.0,65.0
AT1G51120,476.0,70.0
AT5G51850,17.0,10.0
AT3G54630,19.0,10.0
AT5G09995,24.0,15.0
AT2G16720,292.0,65.0
AT2G16770,161.0,45.0
AT3G55120,10.0,5.0
AT4G30780,9.0,5.0
AT1G77850,233.0,55.0
AT5G10810,12.0,5.0
AT3G54830,22.0,15.0
AT1G79950,84.0,30.0
AT1G80610,101.0,35.0
AT4G39470,10.0,5.0
AT2G33550,294.0,65.0
AT3G56030,45.0,20.0
AT3G56060,29.0,15.0
AT2G36080,101.0,35.0
AT2G38950,159.0,45.0
AT3G56230,229.0,55.0
AT2G17180,122.0,40.0
AT2G19520,517.0,75.0
AT3G55380,599.0,75.0
AT3G55605,4.0,0.0
AT2G30540,250.0,60.0
AT2G46870,175.0,50.0
AT2G47070,150.0,45.0
AT5G12900,259.0,60.0
AT3G56400,3.0,0.0
AT3G03680,101.0,35.0
AT4G16100,3.0,0.0
AT2G44410,132.0,40.0
AT2G45660,599.0,85.0
AT4G28150,3.0,0.0
AT3G56360,45.0,20.0
AT3G56880,16.0,10.0
AT3G13360,84.0,30.0
AT3G15760,101.0,35.0
AT3G56910,599.0,80.0
AT4G01540,56.0,25.0
AT3G05670,238.0,55.0
AT3G56490,599.0,80.0
AT5G63870,36.0,20.0
AT3G10490,90.0,35.0
AT3G11260,546.0,75.0
AT3G56820,6.0,5.0
AT3G23060,133.0,40.0
AT3G57710,8.0,5.0
AT3G57720,119.0,40.0
AT3G24150,220.0,55.0
AT3G24440,164.0,45.0
AT3G57730,61.0,25.0
AT3G17900,169.0,50.0
AT3G20310,362.0,70.0
AT5G44520,9.0,5.0
AT3G57560,5.0,0.0
AT3G22275,101.0,35.0
AT3G47980,154.0,45.0
AT3G50000,599.0,85.0
AT4G25730,83.0,30.0
AT4G35730,259.0,60.0
AT3G56160,84.0,30.0
AT3G62600,169.0,50.0
AT3G29575,89.0,35.0
AT3G43575,84.0,30.0
AT4G08900,83.0,30.0
AT4G19020,132.0,40.0
AT5G17270,83.0,30.0
AT3G61970,200.0,50.0
AT4G00540,133.0,40.0
AT5G24350,83.0,30.0
AT5G27700,83.0,30.0
AT3G56250,84.0,30.0
AT4G36980,83.0,30.0
AT5G05010,599.0,80.0
AT3G58820,84.0,30.0
AT3G59150,350.0,70.0
AT5G10200,132.0,40.0
AT4G27330,864.0,90.0
AT5G58490,599.0,80.0
AT5G60390,132.0,40.0
AT4G31620,161.0,45.0
AT4G32295,325.0,65.0
AT5G60930,128.0,40.0
AT4G03560,250.0,60.0
AT4G15700,356.0,70.0
AT5G50150,132.0,40.0
AT5G51040,169.0,50.0
AT4G19540,84.0,30.0
AT4G35610,192.0,50.0
AT4G35700,231.0,55.0
AT3G59020,599.0,80.0
AT3G59080,145.0,45.0
AT4G36920,222.0,55.0
AT5G67500,599.0,80.0
AT4G34370,133.0,40.0
AT4G35280,101.0,35.0
AT4G03510,5.0,0.0
AT3G58500,599.0,80.0
AT5G40280,4.0,0.0
AT4G38620,188.0,50.0
AT5G02810,599.0,80.0
AT3G59600,610.0,85.0
AT3G61220,259.0,60.0
AT4G36990,238.0,55.0
AT4G27130,77.0,30.0
AT5G13450,202.0,55.0
AT4G37940,795.0,85.0
AT4G38130,599.0,85.0
AT5G42850,12.0,5.0
AT5G06250,192.0,50.0
AT4G00940,89.0,35.0
AT4G01130,89.0,35.0
AT5G11530,162.0,45.0
AT5G24470,586.0,75.0
AT4G01250,191.0,50.0
AT5G03570,84.0,30.0
AT5G04340,167.0,50.0
AT3G59760,97.0,35.0
AT5G56760,599.0,80.0
AT5G04550,599.0,80.0
AT5G44210,599.0,85.0
AT5G47110,84.0,30.0
AT4G26170,89.0,35.0
AT4G30930,103.0,35.0
AT5G49300,228.0,55.0
AT4G01280,89.0,35.0
AT5G24800,468.0,70.0
AT5G36870,84.0,30.0
AT4G10250,599.0,80.0
AT4G21030,89.0,35.0
AT5G35170,89.0,35.0
AT5G63350,223.0,55.0
AT5G67420,235.0,55.0
AT5G44290,89.0,35.0
AT5G46750,259.0,60.0
AT5G55040,108.0,35.0
AT4G31950,89.0,35.0
AT4G36960,98.0,35.0
AT5G57340,84.0,30.0
AT5G59340,84.0,30.0
AT5G06550,197.0,50.0
AT1G15810,105.0,35.0
AT3G59850,16.0,10.0
AT4G02310,42.0,20.0
AT4G08520,599.0,80.0
AT1G15820,230.0,55.0
AT4G17200,182.0,50.0
AT4G09580,232.0,55.0
AT4G14950,232.0,55.0
AT5G60050,89.0,35.0
AT5G62320,89.0,35.0
AT5G56020,199.0,50.0
AT4G12000,329.0,65.0
AT5G40670,401.0,70.0
AT3G60080,22.0,15.0
AT3G60130,54.0,25.0
AT1G15910,2.0,0.0
AT4G29370,42.0,20.0
AT3G27925,293.0,65.0
AT2G35890,4.0,0.0
AT4G39290,42.0,20.0
AT5G51250,42.0,20.0
AT5G16600,54.0,25.0
AT1G15930,220.0,55.0
AT1G16000,718.0,85.0
AT5G23575,199.0,50.0
AT5G46110,599.0,80.0
AT3G48670,3.0,0.0
AT3G60370,6.0,5.0
AT3G60590,194.0,50.0
AT1G15920,6.0,5.0
AT3G58560,67.0,25.0
AT4G22540,259.0,60.0
AT5G10450,705.0,85.0
AT3G60890,3.0,0.0
AT3G61070,123.0,40.0
AT1G16030,599.0,80.0
AT1G16060,22.0,15.0
AT3G61110,604.0,85.0
AT1G16920,94.0,35.0
AT4G35860,599.0,85.0
AT5G25280,63.0,25.0
AT3G60660,123.0,40.0
AT5G39730,105.0,35.0
AT1G57990,968.0,90.0
AT2G39890,952.0,90.0
AT5G61900,139.0,45.0
AT3G61230,147.0,45.0
AT4G04525,333.0,65.0
AT3G61180,30.0,15.0
AT5G19330,405.0,70.0
AT1G16150,907.0,90.0
AT3G61190,8.0,5.0
AT5G07300,21.0,10.0
AT3G61710,98.0,35.0
AT1G16330,192.0,50.0
AT1G20930,460.0,70.0
AT4G02940,13.0,10.0
AT5G04320,13.0,10.0
AT4G16480,218.0,55.0
AT3G61250,3.0,0.0
AT4G30340,2.0,0.0
AT1G16250,72.0,30.0
AT1G16260,25.0,15.0
AT3G61580,21.0,10.0
AT4G19865,148.0,45.0
AT5G07400,196.0,50.0
AT5G07690,140.0,45.0
AT5G07320,2.0,0.0
AT1G16410,303.0,65.0
AT5G19310,407.0,70.0
AT5G03415,448.0,70.0
AT1G16340,,
AT5G48430,68.0,25.0
AT4G24060,109.0,35.0
AT1G16380,15.0,10.0
AT1G16470,1180.0,95.0
AT1G16490,2.0,0.0
AT3G62300,,
AT3G62460,31.0,15.0
AT1G51190,51.0,25.0
AT5G65320,133.0,40.0
AT1G16420,49.0,25.0
AT1G16430,25.0,15.0
AT3G61960,,
AT3G62190,74.0,30.0
AT3G62870,1320.0,95.0
AT1G16530,173.0,50.0
AT3G19260,979.0,90.0
AT3G62930,20.0,10.0
AT3G62950,19.0,10.0
AT1G16500,34.0,20.0
AT3G62590,12.0,5.0
AT3G62630,11.0,5.0
AT3G14100,262.0,60.0
AT5G22360,191.0,50.0
AT5G20320,599.0,80.0
AT2G24700,85.0,30.0
AT4G16447,9.0,5.0
AT3G63180,38.0,20.0
AT2G28060,401.0,70.0
AT2G42410,294.0,65.0
AT4G32000,4.0,0.0
AT1G27650,599.0,80.0
AT1G55310,92.0,35.0
AT4G29700,29.0,15.0
AT4G36800,63.0,25.0
AT1G77180,283.0,65.0
AT5G18000,14.0,10.0
AT1G16680,40.0,20.0
AT4G00060,13.0,10.0
AT4G00100,1320.0,95.0
AT1G16705,84.0,30.0
AT3G63300,3.0,0.0
AT3G61600,102.0,35.0
AT4G12620,119.0,40.0
AT5G13300,259.0,60.0
AT5G39930,4.0,0.0
AT4G36530,8.0,5.0
AT1G16890,599.0,80.0
AT1G23260,9.0,5.0
AT4G00500,29.0,15.0
AT4G00550,199.0,50.0
AT1G16790,234.0,55.0
AT5G27690,16.0,10.0
AT5G10860,599.0,80.0
AT2G31260,26.0,15.0
AT1G16860,259.0,60.0
AT4G30580,8.0,5.0
AT4G23450,10.0,5.0
AT5G08410,33.0,15.0
AT4G00990,94.0,35.0
AT5G15790,33.0,20.0
AT1G16900,145.0,45.0
AT4G24250,64.0,25.0
AT1G28120,175.0,50.0
AT1G70660,162.0,45.0
AT4G00670,264.0,60.0
AT4G00830,13.0,10.0
AT2G36060,9.0,5.0
AT1G16960,13.0,10.0
AT1G16970,273.0,65.0
AT4G01200,2.0,0.0
AT4G01260,204.0,55.0
AT1G48050,302.0,65.0
AT4G27585,203.0,55.0
AT3G13530,436.0,70.0
AT1G16950,231.0,55.0
AT5G02170,30.0,15.0
AT5G46860,1021.0,90.0
AT5G05130,599.0,80.0
AT5G52750,6.0,5.0
AT1G17090,3.0,0.0
AT5G58380,55.0,25.0
AT4G11680,20.0,10.0
AT5G01840,302.0,65.0
AT4G01310,1212.0,95.0
AT4G08480,84.0,30.0
AT1G17050,2.0,0.0
AT5G09820,3.0,0.0
AT5G03780,138.0,45.0
AT1G17120,94.0,35.0
AT4G01700,41.0,20.0
AT4G01710,4.0,0.0
AT1G17140,599.0,80.0
AT1G47550,28.0,15.0
AT4G01750,93.0,35.0
AT1G17100,22.0,15.0
AT1G17110,599.0,80.0
AT4G01470,7.0,5.0
AT5G02780,4.0,0.0
AT4G05320,308.0,65.0
AT1G17147,33.0,20.0
AT2G22880,219.0,55.0
AT4G02260,1.0,0.0
AT5G18570,1.0,0.0
AT2G38470,406.0,70.0
AT5G64850,259.0,60.0
AT3G11460,4.0,0.0
AT1G17145,12.0,10.0
AT4G02100,50.0,25.0
AT5G57120,76.0,30.0
AT5G49830,28.0,15.0
AT1G17200,4.0,0.0
AT1G48210,195.0,50.0
AT4G02425,8.0,5.0
AT4G02485,81.0,30.0
AT1G17180,22.0,15.0
AT4G02280,,
AT4G02350,203.0,55.0
AT2G29420,25.0,15.0
AT2G29490,33.0,20.0
AT5G12370,264.0,60.0
AT1G17240,8.0,5.0
AT5G15802,57.0,25.0
AT5G45620,1210.0,95.0
AT5G26250,37.0,20.0
AT1G17840,967.0,90.0
AT4G02600,16.0,10.0
AT1G17230,393.0,70.0
AT1G53730,940.0,90.0
AT4G28750,599.0,80.0
AT4G25315,18.0,10.0
AT5G48740,487.0,70.0
AT1G32410,909.0,90.0
AT1G33490,1025.0,90.0
AT5G19480,11.0,5.0
AT5G28060,1318.0,95.0
AT1G49200,1025.0,90.0
AT5G58080,50.0,25.0
AT1G26700,875.0,90.0
AT1G29390,856.0,90.0
AT4G02680,80.0,30.0
AT4G02710,11.0,5.0
AT4G02840,742.0,85.0
AT1G58520,595.0,75.0
AT1G60050,776.0,85.0
AT4G20440,547.0,75.0
AT4G02890,6.0,5.0
AT1G50740,702.0,85.0
AT5G38720,11.0,5.0
AT5G47800,11.0,5.0
AT1G55190,781.0,85.0
AT1G57540,888.0,90.0
AT5G49400,35.0,20.0
AT1G64090,536.0,75.0
AT4G02980,2.0,0.0
AT4G02990,99.0,35.0
AT1G64150,1025.0,90.0
AT1G68680,587.0,75.0
AT4G03020,37.0,20.0
AT1G61420,673.0,85.0
AT1G62320,451.0,70.0
AT4G39370,2.0,0.0
AT5G56340,599.0,80.0
AT1G63900,795.0,85.0
AT1G71900,871.0,90.0
AT1G75810,882.0,90.0
AT4G03290,4.0,0.0
AT4G03410,223.0,55.0
AT1G79680,674.0,85.0
AT4G03240,2.0,0.0
AT1G70610,894.0,90.0
AT1G71190,1025.0,90.0
AT5G65720,599.0,75.0
AT5G45680,64.0,25.0
AT5G40690,13.0,10.0
AT2G07773,957.0,90.0
AT2G24220,830.0,90.0
AT4G34090,599.0,75.0
AT4G34890,599.0,75.0
AT1G79780,1004.0,90.0
AT4G03550,319.0,65.0
AT5G47960,2.0,0.0
AT1G80300,965.0,90.0
AT2G04080,1025.0,90.0
AT4G04490,33.0,15.0
AT2G35190,508.0,75.0
AT4G05110,17.0,10.0
AT4G28450,37.0,20.0
AT2G36910,713.0,85.0
AT2G39360,1000.0,90.0
AT4G29830,306.0,65.0
AT2G25810,964.0,90.0
AT2G29250,1025.0,90.0
AT4G04980,154.0,45.0
AT4G05050,3.0,0.0
AT2G33580,905.0,90.0
AT2G45200,481.0,70.0
AT3G02420,961.0,90.0
AT5G58760,37.0,20.0
AT4G05450,28.0,15.0
AT3G07540,874.0,90.0
AT4G35050,62.0,25.0
AT2G42360,1025.0,90.0
AT2G43700,1010.0,90.0
AT5G12920,41.0,20.0
AT5G13480,209.0,55.0
AT4G07940,29.0,15.0
AT3G09770,836.0,90.0
AT3G18215,792.0,85.0
AT5G50580,102.0,35.0
AT5G50680,102.0,35.0
AT3G08600,961.0,90.0
AT4G05520,82.0,30.0
AT4G05553,40.0,20.0
AT3G08710,576.0,75.0
AT3G09740,1025.0,90.0
AT4G07820,49.0,25.0
AT3G30390,776.0,85.0
AT4G08590,,
AT4G35640,166.0,45.0
AT3G44230,452.0,70.0
AT3G45440,699.0,85.0
AT4G35650,229.0,55.0
AT3G19930,1025.0,90.0
AT3G23150,912.0,90.0
AT5G59730,216.0,55.0
AT5G54590,33.0,15.0
AT3G26170,840.0,90.0
AT3G59030,917.0,90.0
AT3G61750,809.0,85.0
AT5G43330,268.0,65.0
AT5G18550,7.0,5.0
AT4G00350,1025.0,90.0
AT5G16570,599.0,80.0
AT3G46280,1025.0,90.0
AT3G53810,1025.0,90.0
AT5G17330,115.0,40.0
AT5G27420,264.0,60.0
AT4G09830,6.0,5.0
AT4G13530,951.0,90.0
AT4G21390,517.0,75.0
AT4G19110,14.0,10.0
AT4G10160,93.0,35.0
AT4G04510,490.0,70.0
AT4G09550,21.0,10.0
AT5G21940,16.0,10.0
AT4G08300,983.0,90.0
AT4G10080,943.0,90.0
AT5G43210,16.0,10.0
AT4G23190,773.0,85.0
AT4G10960,2.0,0.0
AT4G11080,10.0,5.0
AT4G28370,547.0,75.0
AT4G28700,712.0,85.0
AT5G54300,14.0,10.0
AT4G21500,761.0,85.0
AT4G22200,722.0,85.0
AT5G23930,72.0,30.0
AT4G10800,6.0,5.0
AT4G22890,898.0,90.0
AT5G07510,840.0,90.0
AT5G10610,830.0,90.0
AT5G39700,74.0,30.0
AT5G46630,1313.0,95.0
AT5G11650,694.0,85.0
AT5G13310,3.0,0.0
AT4G39350,1025.0,90.0
AT5G07490,1025.0,90.0
AT4G11260,164.0,45.0
AT5G51700,109.0,35.0
AT5G55480,328.0,65.0
AT5G17010,950.0,90.0
AT5G17600,570.0,75.0
AT5G61240,6.0,5.0
AT5G67050,6.0,5.0
AT5G11800,871.0,90.0
AT4G13810,11.0,5.0
AT4G11570,5.0,0.0
AT5G13170,1010.0,90.0
AT5G13580,952.0,90.0
AT4G34560,6.0,5.0
AT5G23550,982.0,90.0
AT4G12510,29.0,15.0
AT5G58003,88.0,35.0
AT5G35870,952.0,90.0
AT5G37060,999.0,90.0
AT4G13500,225.0,55.0
AT5G19060,716.0,85.0
AT5G19410,907.0,90.0
AT5G46640,8.0,5.0
AT4G12120,40.0,20.0
AT5G22910,955.0,90.0
AT5G38280,799.0,85.0
AT5G38970,992.0,90.0
AT4G27670,18.0,10.0
AT4G13760,154.0,45.0
AT5G40420,1025.0,90.0
AT4G20470,24.0,15.0
AT5G37810,1025.0,90.0
AT5G38030,599.0,85.0
AT4G13520,126.0,40.0
AT4G39710,20.0,10.0
AT4G14103,13.0,10.0
AT5G49990,378.0,70.0
AT5G57685,848.0,90.0
AT5G38380,5.0,0.0
AT5G03960,12.0,5.0
AT5G42440,840.0,90.0
AT4G13830,9.0,5.0
AT4G13930,375.0,70.0
AT5G43420,1025.0,90.0
AT5G44650,956.0,90.0
AT5G10850,3.0,0.0
AT2G01930,432.0,70.0
AT4G14605,94.0,35.0
AT4G21470,41.0,20.0
AT2G32030,140.0,45.0
AT1G17345,20.0,10.0
AT5G40540,41.0,20.0
AT5G58150,1010.0,90.0
AT1G17310,144.0,45.0
AT4G14430,2.0,0.0
AT4G14520,11.0,5.0
AT1G69560,606.0,85.0
AT3G02090,599.0,80.0
AT4G00870,734.0,85.0
AT4G14840,33.0,15.0
AT4G14960,599.0,80.0
AT4G17880,453.0,70.0
AT4G14700,55.0,25.0
AT3G04580,77.0,30.0
AT2G46510,241.0,55.0
AT4G20930,11.0,5.0
AT4G33910,11.0,5.0
AT5G38490,106.0,35.0
AT1G67800,196.0,50.0
AT1G27720,90.0,35.0
AT4G15270,45.0,20.0
AT4G15470,4.0,0.0
AT5G46760,420.0,70.0
AT4G15120,9.0,5.0
AT4G15130,9.0,5.0
AT5G46830,191.0,50.0
AT1G17420,88.0,35.0
AT4G15160,599.0,80.0
AT5G58470,72.0,30.0
AT5G55810,9.0,5.0
AT5G66055,9.0,5.0
AT1G17520,296.0,65.0
AT1G49120,116.0,40.0
AT5G15290,13.0,10.0
AT1G32750,95.0,35.0
AT1G50300,280.0,65.0
AT4G26780,9.0,5.0
AT5G23490,9.0,5.0
AT5G25150,402.0,70.0
AT5G15040,225.0,55.0
AT1G17615,3.0,0.0
AT5G61865,3.0,0.0
AT5G14140,8.0,5.0
AT1G17650,69.0,25.0
AT4G15690,19.0,10.0
AT1G65360,376.0,70.0
AT3G62610,202.0,55.0
AT4G15735,10.0,5.0
AT4G15770,269.0,65.0
AT5G07830,29.0,15.0
AT1G17720,599.0,85.0
AT5G11090,175.0,50.0
AT5G15950,29.0,15.0
AT5G43150,29.0,15.0
AT3G01990,159.0,45.0
AT4G16240,56.0,25.0
AT5G01730,41.0,20.0
AT1G17690,3.0,0.0
AT1G22500,425.0,70.0
AT4G26720,43.0,20.0
AT1G17745,182.0,50.0
AT4G16500,31.0,15.0
AT4G16860,18.0,10.0
AT4G34200,599.0,80.0
AT1G34210,662.0,85.0
AT4G17370,154.0,45.0
AT5G37550,167.0,50.0
AT1G17730,20.0,10.0
AT5G19440,599.0,80.0
AT5G62900,16.0,10.0
AT5G44560,781.0,85.0
AT3G47090,420.0,70.0
AT5G20690,206.0,55.0
AT4G32020,22.0,15.0
AT4G24770,599.0,80.0
AT1G17760,198.0,50.0
AT4G17500,138.0,40.0
AT1G60630,768.0,85.0
AT1G78980,558.0,75.0
AT4G17600,2.0,0.0
AT4G24400,319.0,65.0
AT5G39410,121.0,40.0
AT5G43620,414.0,70.0
AT5G58040,599.0,80.0
AT5G59105,29.0,15.0
AT5G62360,29.0,15.0
AT1G28200,65.0,25.0
AT5G01800,44.0,20.0
AT5G13190,42.0,20.0
AT1G66500,74.0,30.0
AT1G71800,37.0,20.0
AT5G18050,29.0,15.0
AT4G27420,378.0,70.0
AT5G18090,92.0,35.0
AT5G60890,33.0,15.0
AT1G17860,225.0,55.0
AT3G11440,333.0,65.0
AT4G17895,22.0,15.0
AT1G17790,9.0,5.0
AT5G17860,9.0,5.0
AT5G64140,128.0,40.0
AT5G23450,162.0,45.0
AT1G31770,9.0,5.0
AT1G17970,250.0,60.0
AT3G09630,1340.0,95.0
AT4G21410,12.0,5.0
AT4G28140,12.0,5.0
AT3G13672,80.0,30.0
AT5G42950,259.0,60.0
AT4G36020,185.0,50.0
AT4G38960,526.0,75.0
AT4G18100,1255.0,95.0
AT4G18160,98.0,35.0
AT4G18480,52.0,25.0
AT4G32850,65.0,25.0
AT1G20610,438.0,70.0
AT4G39680,802.0,85.0
AT5G05970,259.0,60.0
AT3G22260,34.0,20.0
AT5G63450,25.0,15.0
AT4G18372,61.0,25.0
AT3G62310,599.0,80.0
AT1G17980,129.0,40.0
AT5G56900,4.0,0.0
AT1G49620,466.0,70.0
AT4G18740,13.0,10.0
AT5G44030,84.0,30.0
AT1G80370,234.0,55.0
AT2G27960,756.0,85.0
AT5G49720,88.0,35.0
AT1G44110,248.0,60.0
AT1G47210,113.0,40.0
AT5G18230,259.0,60.0
AT5G18610,259.0,60.0
AT1G47230,466.0,70.0
AT2G36010,441.0,70.0
AT3G11520,192.0,50.0
AT5G08335,199.0,50.0
AT5G11740,199.0,50.0
AT3G19150,437.0,70.0
AT4G31130,225.0,55.0
AT2G27970,765.0,85.0
AT2G32710,650.0,85.0
AT4G31600,199.0,50.0
AT4G39900,225.0,55.0
AT5G67210,232.0,55.0
AT4G28980,489.0,70.0
AT4G37630,513.0,75.0
AT4G19170,11.0,5.0
AT4G19230,29.0,15.0
AT3G24810,344.0,65.0
AT5G15260,93.0,35.0
AT5G26667,225.0,55.0
AT3G50630,650.0,85.0
AT4G03270,334.0,65.0
AT5G56540,225.0,55.0
AT5G43080,361.0,70.0
AT4G19600,23.0,15.0
AT4G27070,599.0,80.0
AT5G48820,513.0,75.0
AT5G65420,425.0,70.0
AT5G22270,9.0,5.0
AT5G11300,301.0,65.0
AT5G25380,301.0,65.0
AT4G19420,2.0,0.0
AT4G37690,599.0,75.0
AT5G27620,641.0,85.0
AT1G20010,599.0,85.0
AT1G20220,148.0,45.0
AT4G19960,72.0,30.0
AT5G44700,247.0,60.0
AT1G20620,599.0,80.0
AT4G30370,96.0,35.0
AT1G18210,148.0,45.0
AT1G18500,599.0,80.0
AT4G19840,1.0,0.0
AT5G62630,1.0,0.0
AT4G28760,7.0,5.0
AT1G27070,599.0,80.0
AT1G28080,148.0,45.0
AT4G21800,1.0,0.0
AT5G22370,1.0,0.0
AT1G20840,168.0,50.0
AT5G28680,147.0,45.0
AT4G21020,37.0,20.0
AT1G23100,148.0,45.0
AT1G25570,148.0,45.0
AT4G21620,199.0,50.0
AT1G29910,593.0,75.0
AT5G06410,4.0,0.0
AT4G22235,10.0,5.0
AT1G29930,344.0,65.0
AT1G30690,467.0,70.0
AT5G22620,8.0,5.0
AT1G28330,148.0,45.0
AT1G29700,148.0,45.0
AT5G52860,98.0,35.0
AT4G22214,199.0,50.0
AT1G29880,599.0,80.0
AT1G31650,148.0,45.0
AT1G34010,148.0,45.0
AT4G23130,6.0,5.0
AT4G23140,33.0,20.0
AT1G35340,148.0,45.0
AT4G22780,49.0,25.0
AT1G31230,599.0,80.0
AT1G31330,599.0,85.0
AT5G13700,5.0,0.0
AT5G13800,47.0,25.0
AT4G23600,,
AT1G49240,599.0,80.0
AT1G50575,246.0,60.0
AT4G35000,48.0,25.0
AT4G23910,61.0,25.0
AT1G42970,342.0,65.0
AT5G40020,13.0,10.0
AT4G23290,71.0,30.0
AT1G47128,599.0,80.0
AT1G47380,148.0,45.0
AT4G23430,79.0,30.0
AT1G52230,216.0,55.0
AT4G24780,599.0,80.0
AT4G24510,599.0,80.0
AT1G52420,148.0,45.0
AT1G53450,148.0,45.0
AT4G37930,599.0,80.0
AT1G50840,148.0,45.0
AT1G51660,526.0,75.0
AT4G24020,24.0,15.0
AT4G24730,31.0,15.0
AT1G51670,148.0,45.0
AT1G59840,324.0,65.0
AT1G60780,599.0,80.0
AT4G26590,154.0,45.0
AT4G31990,599.0,80.0
AT1G60950,336.0,65.0
AT5G15080,34.0,20.0
AT1G54040,148.0,45.0
AT1G55670,398.0,70.0
AT4G24750,199.0,50.0
AT4G24972,15.0,10.0
AT5G16440,154.0,45.0
AT1G65260,189.0,50.0
AT1G66900,148.0,45.0
AT5G19760,478.0,70.0
AT5G33320,154.0,45.0
AT1G61520,741.0,85.0
AT4G34050,213.0,55.0
AT5G07570,154.0,45.0
AT1G64230,599.0,80.0
AT1G64770,185.0,50.0
AT5G10360,1317.0,95.0
AT1G72880,148.0,45.0
AT5G45290,154.0,45.0
AT5G64940,154.0,45.0
AT1G73060,175.0,50.0
AT1G73330,148.0,45.0
AT4G37890,45.0,20.0
AT1G68560,185.0,50.0
AT1G70600,570.0,75.0
AT5G35530,1320.0,95.0
AT5G40100,154.0,45.0
AT1G72160,599.0,85.0
AT1G75510,148.0,45.0
AT1G76080,222.0,55.0
AT4G25390,49.0,25.0
AT4G25600,40.0,20.0
AT1G76450,148.0,45.0
AT5G13260,45.0,20.0
AT1G73350,148.0,45.0
AT1G73500,220.0,55.0
AT5G51590,3.0,0.0
AT5G51070,8.0,5.0
AT5G43950,33.0,15.0
AT2G01330,148.0,45.0
AT2G04790,170.0,50.0
AT5G33280,80.0,30.0
AT4G25910,138.0,40.0
AT1G78370,599.0,80.0
AT5G04740,33.0,15.0
AT5G16250,33.0,15.0
AT1G78570,361.0,70.0
AT2G01140,208.0,55.0
AT5G24990,33.0,15.0
AT2G14290,148.0,45.0
AT5G64390,3.0,0.0
AT5G45820,43.0,20.0
AT2G14890,148.0,45.0
AT2G16870,599.0,80.0
AT5G28150,4.0,0.0
AT2G04900,202.0,55.0
AT2G06010,148.0,45.0
AT4G35335,2.0,0.0
AT4G25950,4.0,0.0
AT2G10940,243.0,55.0
AT2G19730,599.0,85.0
AT2G20920,170.0,50.0
AT5G42030,12.0,5.0
AT5G60460,185.0,50.0
AT2G21045,148.0,45.0
AT4G31985,599.0,80.0
AT2G18510,301.0,65.0
AT2G18860,148.0,45.0
AT5G26720,19.0,10.0
AT5G19990,1220.0,95.0
AT4G26760,3.0,0.0
AT2G25080,148.0,45.0
AT2G26250,150.0,45.0
AT5G04460,128.0,40.0
AT5G08450,72.0,30.0
AT2G21330,599.0,80.0
AT4G34840,11.0,5.0
AT4G26630,1299.0,95.0
AT2G23610,148.0,45.0
AT2G24270,167.0,50.0
AT5G46780,39.0,20.0
AT2G29190,259.0,60.0
AT4G27160,599.0,80.0
AT4G27180,1.0,0.0
AT2G30020,698.0,85.0
AT2G30050,599.0,85.0
AT5G54670,1.0,0.0
AT2G26280,259.0,60.0
AT2G27450,171.0,50.0
AT5G46280,166.0,50.0
AT4G27000,99.0,35.0
AT2G27860,599.0,80.0
AT2G32810,148.0,45.0
AT2G35680,148.0,45.0
AT4G27450,259.0,60.0
AT4G27460,38.0,20.0
AT2G39340,148.0,45.0
AT4G27270,2.0,0.0
AT2G30105,148.0,45.0
AT2G31750,148.0,45.0
AT5G58800,11.0,5.0
AT4G27350,2.0,0.0
AT4G28830,11.0,5.0
AT2G44500,148.0,45.0
AT2G46000,148.0,45.0
AT4G37880,169.0,50.0
AT4G39140,40.0,20.0
AT2G43130,599.0,80.0
AT4G28160,10.0,5.0
AT4G28610,14.0,10.0
AT2G43560,148.0,45.0
AT2G44120,1329.0,95.0
AT5G65130,36.0,20.0
AT3G01910,599.0,80.0
AT5G67440,40.0,20.0
AT4G33380,9.0,5.0
AT3G03790,148.0,45.0
AT3G04790,187.0,50.0
AT5G19950,5.0,0.0
AT2G47090,599.0,80.0
AT2G47590,165.0,45.0
AT5G27390,40.0,20.0
AT5G28330,40.0,20.0
AT3G01280,170.0,50.0
AT3G07565,180.0,50.0
AT3G07900,148.0,45.0
AT4G30450,3.0,0.0
AT5G05580,3.0,0.0
AT3G08690,599.0,80.0
AT4G29660,10.0,5.0
AT3G05200,190.0,50.0
AT3G06700,148.0,45.0
AT4G30100,19.0,10.0
AT5G02760,114.0,40.0
AT4G33925,28.0,15.0
AT3G12120,148.0,45.0
AT3G12300,148.0,45.0
AT4G36030,28.0,15.0
AT5G50230,118.0,40.0
AT3G09260,220.0,55.0
AT4G31300,1177.0,95.0
AT4G31690,100.0,35.0
AT3G10910,148.0,45.0
AT3G11070,148.0,45.0
AT5G65540,9.0,5.0
AT3G15690,185.0,50.0
AT5G66460,33.0,15.0
AT4G32530,23.0,15.0
AT3G16530,148.0,45.0
AT3G16850,148.0,45.0
AT5G08290,81.0,30.0
AT3G12780,599.0,80.0
AT3G13750,599.0,80.0
AT5G55620,28.0,15.0
AT5G54661,23.0,15.0
AT3G14420,599.0,80.0
AT3G19800,148.0,45.0
AT3G21190,148.0,45.0
AT5G64180,81.0,30.0
AT4G32590,23.0,15.0
AT3G21220,279.0,65.0
AT5G22480,81.0,30.0
AT3G17390,599.0,85.0
AT3G18780,599.0,80.0
AT5G43820,81.0,30.0
AT5G47830,81.0,30.0
AT4G32810,24.0,15.0
AT3G26650,599.0,80.0
AT3G27430,1160.0,95.0
AT4G33040,19.0,10.0
AT5G05510,17.0,10.0
AT3G22942,225.0,55.0
AT4G32720,86.0,30.0
AT4G32730,118.0,40.0
AT3G23390,729.0,85.0
AT3G23400,599.0,80.0
AT5G63640,599.0,75.0
AT3G49430,599.0,80.0
AT4G33790,20.0,10.0
AT5G09800,10.0,5.0
AT3G49680,148.0,45.0
AT3G50800,148.0,45.0
AT5G19520,200.0,50.0
AT3G27690,599.0,80.0
AT3G27830,599.0,80.0
AT4G33360,599.0,80.0
AT5G12230,9.0,5.0
AT3G44110,599.0,85.0
AT3G52300,599.0,80.0
AT3G52930,599.0,80.0
AT4G34450,1178.0,95.0
AT5G01010,49.0,25.0
AT3G53470,148.0,45.0
AT5G39360,26.0,15.0
AT3G51420,148.0,45.0
AT3G51730,148.0,45.0
AT4G34260,94.0,35.0
AT5G20635,3.0,0.0
AT5G40730,49.0,25.0
AT3G58170,232.0,55.0
AT3G59210,152.0,45.0
AT5G51770,49.0,25.0
AT5G59550,49.0,25.0
AT3G54200,187.0,50.0
AT5G08510,49.0,25.0
AT5G10920,49.0,25.0
AT3G55980,554.0,75.0
AT3G56940,185.0,50.0
AT5G27330,49.0,25.0
AT4G04640,599.0,80.0
AT5G45260,23.0,15.0
AT5G45270,22.0,15.0
AT4G08350,166.0,50.0
AT4G08500,224.0,55.0
AT5G03290,54.0,25.0
AT3G62030,599.0,80.0
AT3G62410,148.0,45.0
AT5G66180,49.0,25.0
AT5G26960,40.0,20.0
AT4G01850,268.0,65.0
AT4G09800,1320.0,95.0
AT4G12040,148.0,45.0
AT4G35530,199.0,50.0
AT5G01075,199.0,50.0
AT4G12720,166.0,50.0
AT5G58240,13.0,10.0
AT4G08870,148.0,45.0
AT4G09650,190.0,50.0
AT5G17770,599.0,80.0
AT5G43400,4.0,0.0
AT5G45040,6.0,5.0
AT4G14660,437.0,70.0
AT4G15000,1345.0,95.0
AT5G53490,6.0,5.0
AT5G64550,2.0,0.0
AT4G12800,385.0,70.0
AT5G07960,199.0,50.0
AT5G63780,199.0,50.0
AT4G13505,148.0,45.0
AT4G13940,599.0,80.0
AT4G37200,6.0,5.0
AT4G20860,148.0,45.0
AT5G17230,7.0,5.0
AT4G36900,18.0,10.0
AT4G20890,599.0,85.0
AT4G21190,148.0,45.0
AT5G56160,19.0,10.0
AT4G19710,148.0,45.0
AT4G20170,148.0,45.0
AT5G62040,6.0,5.0
AT4G36680,22.0,15.0
AT4G20362,148.0,45.0
AT4G23820,148.0,45.0
AT4G24570,148.0,45.0
AT5G27720,127.0,40.0
AT4G37560,,
AT4G24740,148.0,45.0
AT5G58510,19.0,10.0
AT4G23470,361.0,70.0
AT4G23730,238.0,55.0
AT5G10300,2.0,0.0
AT5G25510,246.0,60.0
AT4G38510,599.0,80.0
AT4G27960,599.0,80.0
AT4G28030,148.0,45.0
AT4G38520,19.0,10.0
AT4G38550,259.0,60.0
AT4G25100,599.0,80.0
AT4G37770,164.0,45.0
AT4G37910,36.0,20.0
AT4G27340,148.0,45.0
AT4G27750,148.0,45.0
AT5G48030,3.0,0.0
AT4G36808,148.0,45.0
AT4G39260,599.0,80.0
AT4G39330,31.0,15.0
AT4G38970,599.0,80.0
AT4G39200,798.0,85.0
AT5G42750,21.0,10.0
AT4G30270,148.0,45.0
AT4G32940,599.0,80.0
AT5G44070,599.0,75.0
AT4G38770,12.0,5.0
AT4G34620,247.0,60.0
AT5G02960,1311.0,95.0
AT5G04710,165.0,45.0
AT5G01340,7.0,5.0
AT5G01370,9.0,5.0
AT5G04750,148.0,45.0
AT4G39460,145.0,45.0
AT4G39960,148.0,45.0
AT5G01670,148.0,45.0
AT5G17550,3.0,0.0
AT5G13960,9.0,5.0
AT5G02490,599.0,85.0
AT5G06360,185.0,50.0
AT5G06860,148.0,45.0
AT5G11170,599.0,80.0
AT5G02550,94.0,35.0
AT5G05100,187.0,50.0
AT5G05540,4.0,0.0
AT5G02270,2.0,0.0
AT5G06130,148.0,45.0
AT5G06340,148.0,45.0
AT5G02450,1320.0,95.0
AT5G13280,198.0,50.0
AT5G14620,599.0,80.0
AT5G50870,599.0,75.0
AT5G13650,599.0,80.0
AT5G13770,148.0,45.0
AT5G59300,599.0,75.0
AT5G07070,148.0,45.0
AT5G09620,259.0,60.0
AT5G02770,7.0,5.0
AT5G02820,,
AT5G11500,259.0,60.0
AT5G15650,185.0,50.0
AT5G16710,201.0,55.0
AT5G12140,259.0,60.0
AT5G16130,599.0,85.0
AT5G18170,160.0,45.0
AT5G03300,4.0,0.0
AT5G14780,599.0,80.0
AT5G15130,336.0,65.0
AT5G03430,,
AT5G03530,2.0,0.0
AT5G54310,259.0,60.0
AT5G22640,203.0,55.0
AT5G23740,1332.0,95.0
AT5G62575,105.0,35.0
AT5G47750,5.0,0.0
AT5G19240,148.0,45.0
AT5G35910,213.0,55.0
AT5G44310,37.0,20.0
AT5G20290,1321.0,95.0
AT5G20630,599.0,80.0
AT5G52440,37.0,20.0
AT5G26280,599.0,85.0
AT5G43610,123.0,40.0
AT5G46370,33.0,15.0
AT5G35360,599.0,80.0
AT5G35630,599.0,80.0
AT5G65020,599.0,80.0
AT5G24520,668.0,85.0
AT5G24780,212.0,55.0
AT5G47760,5.0,0.0
AT5G26240,33.0,15.0
AT5G25610,166.0,50.0
AT5G42990,148.0,45.0
AT5G43960,259.0,60.0
AT5G20350,55.0,25.0
AT5G05360,11.0,5.0
AT5G44340,599.0,80.0
AT5G52230,102.0,35.0
AT5G38430,345.0,65.0
AT5G41770,231.0,55.0
AT5G65050,99.0,35.0
AT5G09870,25.0,15.0
AT5G11930,19.0,10.0
AT5G48180,148.0,45.0
AT5G52430,259.0,60.0
AT5G18600,19.0,10.0
AT5G07900,6.0,5.0
AT5G45113,148.0,45.0
AT5G05730,32.0,15.0
AT5G20885,354.0,70.0
AT5G47210,384.0,70.0
AT5G47230,262.0,60.0
AT5G06740,154.0,45.0
AT5G57560,205.0,55.0
AT5G09860,1203.0,95.0
AT5G19910,3.0,0.0
AT5G58220,200.0,50.0
AT5G59310,148.0,45.0
AT5G10180,199.0,50.0
AT5G53300,599.0,80.0
AT5G53850,148.0,45.0
AT5G67220,20.0,10.0
AT5G09660,13.0,10.0
AT5G54430,599.0,80.0
AT5G61640,148.0,45.0
AT5G64040,174.0,50.0
AT5G11040,105.0,35.0
AT5G57150,23.0,15.0
AT5G64070,148.0,45.0
AT5G45190,23.0,15.0
AT5G59320,148.0,45.0
AT5G59820,152.0,45.0
AT5G41210,599.0,75.0
AT5G10820,4.0,0.0
AT5G64360,4.0,0.0
AT5G66570,185.0,50.0
AT2G31390,599.0,80.0
AT5G11700,10.0,5.0
AT5G40210,17.0,10.0
AT5G64290,177.0,50.0
AT5G19320,5.0,0.0
AT5G43070,138.0,40.0
AT5G65270,148.0,45.0
AT5G65950,148.0,45.0
AT5G11490,599.0,75.0
AT5G38860,287.0,65.0
AT5G14050,115.0,40.0
AT5G54960,599.0,80.0
AT5G39610,255.0,60.0
AT5G53200,362.0,70.0
AT5G15550,74.0,30.0
AT2G43980,22.0,15.0
AT4G12350,387.0,70.0
AT5G63590,6.0,5.0
AT5G63600,10.0,5.0
AT4G35600,382.0,70.0
AT5G35080,41.0,20.0
AT1G18335,173.0,50.0
AT5G14950,1.0,0.0
AT5G55500,1.0,0.0
AT2G41240,159.0,45.0
AT5G14690,154.0,45.0
AT1G18160,259.0,60.0
AT1G18260,41.0,20.0
AT5G14700,2.0,0.0
AT5G48930,599.0,80.0
AT5G16720,259.0,60.0
AT4G33880,351.0,70.0
AT5G41920,455.0,70.0
AT5G27120,823.0,90.0
AT5G35680,49.0,25.0
AT2G34650,29.0,15.0
AT5G14970,38.0,20.0
AT5G16510,9.0,5.0
AT1G25330,33.0,20.0
AT4G30180,183.0,50.0
AT5G45100,57.0,25.0
AT3G12810,308.0,65.0
AT5G61670,2.0,0.0
AT5G63670,72.0,30.0
AT1G18470,440.0,70.0
AT1G57870,617.0,85.0
AT5G17640,154.0,45.0
AT5G63090,522.0,75.0
AT1G18440,75.0,30.0
AT5G25110,36.0,20.0
AT5G16950,145.0,45.0
AT1G18450,1196.0,95.0
AT1G52150,26.0,15.0
AT1G75940,26.0,15.0
AT5G19400,48.0,25.0
AT5G47010,2.0,0.0
AT1G79280,230.0,55.0
AT5G67100,16.0,10.0
AT1G21170,26.0,15.0
AT1G28210,26.0,15.0
AT5G39950,3.0,0.0
AT5G19050,,
AT5G57035,4.0,0.0
AT3G11690,26.0,15.0
AT3G12920,72.0,30.0
AT5G20700,29.0,15.0
AT5G49280,29.0,15.0
AT2G39795,26.0,15.0
AT5G19430,4.0,0.0
AT5G19590,13.0,10.0
AT3G02910,26.0,15.0
AT3G09700,26.0,15.0
AT5G20050,145.0,45.0
AT3G53620,259.0,60.0
AT5G53030,145.0,45.0
AT5G54980,145.0,45.0
AT3G57550,26.0,15.0
AT4G00180,452.0,70.0
AT5G67540,145.0,45.0
AT3G24800,26.0,15.0
AT3G45900,26.0,15.0
AT5G22340,145.0,45.0
AT5G42240,145.0,45.0
AT3G49570,26.0,15.0
AT4G26930,53.0,25.0
AT5G17920,599.0,85.0
AT5G23030,18.0,10.0
AT5G23170,71.0,30.0
AT5G25480,26.0,15.0
AT5G67630,1236.0,95.0
AT4G17240,31.0,15.0
AT4G17330,260.0,60.0
AT5G22580,154.0,45.0
AT5G22990,24.0,15.0
AT5G24170,72.0,30.0
AT5G48545,26.0,15.0
AT5G48610,29.0,15.0
AT5G63320,18.0,10.0
AT5G24710,772.0,85.0
AT5G25757,1144.0,95.0
AT5G23220,2.0,0.0
AT5G23630,31.0,15.0
AT5G26190,26.0,15.0
AT5G33290,26.0,15.0
AT5G23730,9.0,5.0
AT5G62090,225.0,55.0
AT5G26000,599.0,80.0
AT5G58180,15.0,10.0
AT5G63200,203.0,55.0
AT1G18610,3.0,0.0
AT5G42200,9.0,5.0
AT5G51200,174.0,50.0
AT5G53120,31.0,15.0
AT5G24760,,
AT5G25100,57.0,25.0
AT5G60340,263.0,60.0
AT1G18640,4.0,0.0
AT5G47590,154.0,45.0
AT5G50320,96.0,35.0
AT5G40500,24.0,15.0
AT1G18660,483.0,70.0
AT5G27600,10.0,5.0
AT1G76110,19.0,10.0
AT1G18630,180.0,50.0
AT5G28020,9.0,5.0
AT5G28050,599.0,80.0
AT5G52410,22.0,15.0
AT4G32175,303.0,65.0
AT1G18710,113.0,40.0
AT5G62740,319.0,65.0
AT5G37360,12.0,5.0
AT1G21840,14.0,10.0
AT5G35580,20.0,10.0
AT5G35740,154.0,45.0
AT2G37190,1243.0,95.0
AT3G63000,13.0,10.0
AT5G42060,22.0,15.0
AT1G53290,8.0,5.0
AT5G39420,,
AT5G50130,4.0,0.0
AT1G66860,21.0,10.0
AT1G69910,8.0,5.0
AT5G50790,6.0,5.0
AT3G54130,184.0,50.0
AT1G19310,23.0,15.0
AT5G58940,71.0,30.0
AT5G62570,71.0,30.0
AT1G27120,8.0,5.0
AT5G35715,8.0,5.0
AT1G18750,197.0,50.0
AT5G62390,599.0,80.0
AT5G46170,72.0,30.0
AT1G46408,309.0,65.0
AT5G40380,72.0,30.0
AT2G30070,8.0,5.0
AT3G09800,108.0,35.0
AT5G41370,138.0,45.0
AT5G67520,3.0,0.0
AT5G43690,3.0,0.0
AT1G18780,126.0,40.0
AT2G47190,259.0,60.0
AT5G48140,154.0,45.0
AT5G61780,485.0,70.0
AT2G46770,638.0,85.0
AT5G50450,72.0,30.0
AT5G42760,94.0,35.0
AT1G18760,25.0,15.0
AT1G33760,241.0,55.0
AT5G44040,3.0,0.0
AT1G18860,231.0,55.0
ATCG00020,422.0,70.0
ATCG00470,599.0,80.0
AT1G65790,36.0,20.0
AT3G19820,599.0,85.0
ATCG00780,154.0,45.0
AT1G18800,135.0,40.0
AT5G09315,238.0,55.0
AT5G64110,154.0,45.0
AT5G65160,154.0,45.0
AT5G09320,238.0,55.0
AT4G14830,30.0,15.0
AT1G18950,18.0,10.0
AT5G61530,11.0,5.0
AT5G47650,,
AT3G06400,821.0,90.0
ATMG01190,154.0,45.0
AT1G18890,143.0,45.0
AT3G19290,547.0,75.0
AT5G45890,4.0,0.0
AT5G57110,319.0,65.0
AT5G60770,4.0,0.0
AT5G06780,153.0,45.0
AT1G19040,346.0,65.0
AT5G66330,99.0,35.0
AT5G50960,,
AT2G15740,60.0,25.0
AT5G48230,599.0,80.0
AT5G48330,94.0,35.0
AT5G27810,220.0,55.0
AT1G19010,119.0,40.0
AT5G49230,3.0,0.0
AT5G08720,96.0,35.0
AT5G54900,147.0,45.0
AT5G57840,9.0,5.0
AT5G42020,596.0,75.0
AT5G43170,152.0,45.0
AT5G62810,259.0,60.0
AT1G68790,24.0,15.0
AT1G79690,12.0,10.0
AT5G52250,9.0,5.0
AT5G58030,24.0,15.0
AT2G31160,45.0,20.0
AT3G44930,99.0,35.0
AT1G19100,13.0,10.0
AT5G63460,9.0,5.0
AT5G65630,9.0,5.0
AT3G49250,173.0,50.0
AT5G60920,31.0,15.0
AT5G48630,25.0,15.0
AT1G19090,15.0,10.0
AT5G56790,,
AT5G58550,599.0,80.0
AT1G02910,13.0,10.0
AT3G14080,104.0,35.0
AT3G20770,141.0,45.0
AT1G05385,13.0,10.0
AT3G15095,259.0,60.0
AT2G27110,653.0,85.0
AT5G64060,,
AT5G66930,115.0,40.0
AT2G39940,327.0,65.0
AT3G11830,1112.0,95.0
AT5G66000,8.0,5.0
AT5G63110,599.0,80.0
ATCG00130,4.0,0.0
ATCG00140,4.0,0.0
AT1G19200,79.0,30.0
AT1G19510,269.0,65.0
ATCG00270,304.0,65.0
AT3G26744,599.0,85.0
AT3G27810,599.0,85.0
ATCG00120,599.0,80.0
ATCG00480,599.0,80.0
AT5G40350,144.0,45.0
AT1G53320,264.0,60.0
AT1G56010,147.0,45.0
ATCG00490,214.0,55.0
ATCG00720,56.0,25.0
AT1G62010,122.0,40.0
ATCG00280,476.0,70.0
AT1G32070,220.0,55.0
AT1G32510,120.0,40.0
ATCG00340,407.0,70.0
ATCG00350,447.0,70.0
AT1G63270,1.0,0.0
AT2G02740,189.0,50.0
AT2G04240,259.0,60.0
ATMG00110,1.0,0.0
AT1G14640,599.0,80.0
AT1G67030,291.0,65.0
ATCG00730,123.0,40.0
ATCG00800,306.0,65.0
AT1G68030,259.0,60.0
AT2G01818,346.0,65.0
ATCG00810,84.0,30.0
AT2G32020,237.0,55.0
AT2G27720,1166.0,95.0
AT3G09200,1317.0,95.0
AT2G34140,387.0,70.0
AT2G41130,243.0,55.0
AT3G11250,1315.0,95.0
AT2G18160,310.0,65.0
AT2G18328,147.0,45.0
AT2G06160,154.0,45.0
AT2G27710,1174.0,95.0
AT2G20825,147.0,45.0
AT2G43060,264.0,60.0
AT3G02310,290.0,65.0
AT5G40770,452.0,70.0
AT1G01183,13.0,10.0
AT3G02790,189.0,50.0
AT1G01170,48.0,25.0
AT2G42040,128.0,40.0
AT2G42680,252.0,60.0
AT3G27280,444.0,70.0
AT5G14300,444.0,70.0
AT1G57820,2.0,0.0
AT3G44750,124.0,40.0
AT3G48600,270.0,65.0
AT1G76400,453.0,70.0
AT2G01720,446.0,70.0
AT3G03550,230.0,55.0
AT1G01290,115.0,40.0
AT1G01320,599.0,80.0
AT3G06590,511.0,75.0
AT3G19184,155.0,45.0
AT1G01370,5.0,0.0
AT4G26030,153.0,45.0
AT1G01940,3.0,0.0
AT2G38730,97.0,35.0
AT4G26640,327.0,65.0
AT4G28500,73.0,30.0
AT1G01960,599.0,75.0
AT3G53310,379.0,70.0
AT4G13040,159.0,45.0
AT2G47000,599.0,85.0
AT1G01740,12.0,5.0
AT4G22700,184.0,50.0
AT5G05330,281.0,65.0
AT5G07100,230.0,55.0
AT1G02080,599.0,80.0
AT3G12850,147.0,45.0
AT5G18680,220.0,55.0
AT1G01970,11.0,5.0
AT4G35570,193.0,50.0
AT4G37540,325.0,65.0
AT1G01990,96.0,35.0
AT1G02065,107.0,35.0
AT4G13430,81.0,30.0
AT5G61620,219.0,55.0
AT5G62165,333.0,65.0
AT1G02520,599.0,85.0
AT1G02530,599.0,75.0
AT5G46915,159.0,45.0
AT1G02130,599.0,75.0
AT5G23210,23.0,15.0
AT5G60130,69.0,25.0
AT5G60480,256.0,60.0
AT1G02330,259.0,60.0
AT5G67180,587.0,75.0
AT4G12060,89.0,35.0
AT4G17040,50.0,25.0
AT5G67411,208.0,55.0
AT1G19240,25.0,15.0
AT1G02640,7.0,5.0
AT5G64340,331.0,65.0
AT5G66270,138.0,40.0
AT1G09130,167.0,50.0
AT1G11750,32.0,15.0
AT5G67060,270.0,65.0
AT2G44910,387.0,70.0
AT1G19300,7.0,5.0
AT1G09690,1320.0,95.0
AT1G15250,1237.0,95.0
AT5G26790,746.0,85.0
AT1G02750,259.0,60.0
AT5G03180,173.0,50.0
AT1G19270,602.0,85.0
AT1G02830,1319.0,95.0
AT1G07070,1317.0,95.0
AT1G33850,1281.0,95.0
AT2G45640,599.0,80.0
AT3G44680,38.0,20.0
AT1G52300,1238.0,95.0
AT1G57860,1320.0,95.0
AT2G16740,103.0,35.0
AT1G18540,1320.0,95.0
AT1G27400,1323.0,95.0
AT1G19320,21.0,10.0
AT1G19330,19.0,10.0
AT1G33120,1317.0,95.0
AT1G69010,147.0,45.0
AT1G74270,1317.0,95.0
AT2G17360,1332.0,95.0
AT1G71030,368.0,70.0
AT1G77300,127.0,40.0
AT2G19740,1270.0,95.0
AT5G15020,12.0,10.0
AT5G61070,3.0,0.0
AT1G61580,1331.0,95.0
AT1G66580,1317.0,95.0
AT1G32130,31.0,15.0
AT3G28910,599.0,80.0
AT3G48430,79.0,30.0
AT2G37270,1307.0,95.0
AT2G37600,1320.0,95.0
AT5G03470,76.0,30.0
AT2G27530,1315.0,95.0
AT2G42620,241.0,55.0
AT3G09880,119.0,40.0
AT2G32220,1341.0,95.0
AT2G36160,1302.0,95.0
AT2G40510,1320.0,95.0
AT3G54840,84.0,30.0
AT1G19490,224.0,55.0
AT2G42740,1310.0,95.0
AT2G47570,1320.0,95.0
AT5G04240,16.0,10.0
AT2G39390,1303.0,95.0
AT2G39460,1320.0,95.0
AT5G56030,881.0,90.0
AT1G77690,72.0,30.0
AT2G39590,1320.0,95.0
AT1G19530,46.0,20.0
AT3G04920,1320.0,95.0
AT3G05590,1327.0,95.0
AT1G52550,512.0,75.0
AT2G31790,26.0,15.0
AT3G09680,1308.0,95.0
AT1G70030,309.0,65.0
AT1G19520,91.0,35.0
AT3G02080,1298.0,95.0
AT3G04230,1320.0,95.0
AT1G60080,359.0,70.0
AT1G19670,69.0,25.0
AT5G56100,37.0,20.0
AT3G22230,1343.0,95.0
AT3G25520,1305.0,95.0
AT1G19680,60.0,25.0
AT3G10950,1301.0,95.0
AT3G59780,773.0,85.0
AT4G16444,660.0,85.0
AT3G11940,1306.0,95.0
AT3G16080,1238.0,95.0
AT3G51190,1320.0,95.0
AT1G47655,107.0,35.0
AT2G30400,352.0,70.0
AT3G52580,1302.0,95.0
AT3G53740,1320.0,95.0
AT3G22960,590.0,75.0
AT3G46040,1320.0,95.0
AT3G48930,1336.0,95.0
AT5G22355,344.0,65.0
AT1G30590,96.0,35.0
AT3G48960,1317.0,95.0
AT5G18450,378.0,70.0
AT3G58700,1304.0,95.0
AT3G60770,1320.0,95.0
AT1G19730,35.0,20.0
AT1G19740,1.0,0.0
AT4G03330,960.0,90.0
AT4G03400,16.0,10.0
AT4G18830,203.0,55.0
AT3G55170,1302.0,95.0
AT3G55280,1320.0,95.0
AT5G04830,87.0,30.0
AT1G27840,50.0,25.0
AT4G05420,1047.0,95.0
AT4G18730,1304.0,95.0
AT4G26230,1275.0,95.0
AT2G18120,548.0,75.0
AT4G10450,1317.0,95.0
AT3G59300,1.0,0.0
AT1G19750,50.0,25.0
AT4G16720,1325.0,95.0
AT4G17390,1323.0,95.0
AT5G07090,1324.0,95.0
AT1G19830,123.0,40.0
AT1G80650,30.0,15.0
AT5G09490,1281.0,95.0
AT5G09500,1282.0,95.0
AT4G36260,611.0,85.0
AT4G30800,1329.0,95.0
AT4G36130,1320.0,95.0
AT5G07580,55.0,25.0
AT5G12330,459.0,70.0
AT5G02610,1302.0,95.0
AT1G31140,389.0,70.0
AT5G15520,1295.0,95.0
AT5G18380,1320.0,95.0
AT2G22800,424.0,70.0
AT3G27650,411.0,70.0
AT5G22440,1312.0,95.0
AT1G19835,259.0,60.0
AT1G34310,192.0,50.0
AT5G09510,1283.0,95.0
AT5G15200,1320.0,95.0
AT1G22590,246.0,60.0
AT4G04450,599.0,85.0
AT5G03500,194.0,50.0
AT5G39850,1320.0,95.0
AT5G43640,1282.0,95.0
AT5G04820,492.0,70.0
AT5G23900,1317.0,95.0
AT3G52540,276.0,65.0
AT4G01720,440.0,70.0
AT5G27770,1320.0,95.0
AT5G39740,1303.0,95.0
AT5G59240,1320.0,95.0
AT1G19980,106.0,35.0
AT2G32980,55.0,25.0
AT5G61170,1296.0,95.0
AT5G67510,1328.0,95.0
AT5G10570,446.0,70.0
AT5G45775,1304.0,95.0
AT5G56710,1270.0,95.0
AT5G41030,384.0,70.0
AT5G60910,345.0,65.0
AT5G58420,1322.0,95.0
AT4G11960,219.0,55.0
AT1G58684,1296.0,95.0
AT1G59359,1296.0,95.0
AT1G20090,68.0,25.0
AT2G33460,59.0,25.0
AT1G77940,1247.0,95.0
AT3G50960,43.0,20.0
AT1G20020,146.0,45.0
AT1G36240,1252.0,95.0
AT1G58380,1297.0,95.0
AT3G18890,9.0,5.0
AT3G53350,61.0,25.0
AT4G16340,600.0,85.0
AT3G53430,1240.0,95.0
AT3G57490,1296.0,95.0
AT5G18410,29.0,15.0
AT2G33370,1206.0,95.0
AT2G38440,136.0,40.0
AT2G44100,599.0,80.0
AT3G04400,1206.0,95.0
AT3G16780,1317.0,95.0
AT3G53500,599.0,80.0
AT4G34660,29.0,15.0
AT1G21760,241.0,55.0
AT5G10800,5.0,0.0
AT1G03090,599.0,75.0
AT1G20110,599.0,80.0
AT4G02230,1317.0,95.0
AT4G16030,1317.0,95.0
AT2G45170,22.0,15.0
AT4G19690,599.0,75.0
AT5G60670,1239.0,95.0
AT1G51550,241.0,55.0
AT4G24820,1196.0,95.0
AT4G30820,102.0,35.0
AT1G55000,207.0,55.0
AT1G56610,37.0,20.0
AT1G19120,50.0,25.0
AT1G22220,226.0,55.0
AT1G23780,241.0,55.0
AT1G18340,6.0,5.0
AT4G17020,34.0,20.0
AT1G30950,251.0,60.0
AT1G66310,124.0,40.0
AT1G67190,241.0,55.0
AT2G43810,65.0,25.0
AT2G07110,258.0,60.0
AT1G67340,182.0,50.0
AT1G21190,65.0,25.0
AT1G57790,241.0,55.0
AT1G61340,246.0,60.0
AT1G65700,65.0,25.0
AT1G76860,65.0,25.0
AT3G60500,221.0,55.0
AT1G78760,124.0,40.0
AT2G01620,241.0,55.0
AT4G27490,411.0,70.0
AT5G38840,195.0,50.0
AT1G69630,65.0,25.0
AT2G25355,264.0,60.0
AT3G12990,203.0,55.0
AT1G76920,241.0,55.0
AT1G78100,241.0,55.0
AT3G46210,258.0,60.0
AT2G17030,250.0,60.0
AT1G14810,599.0,85.0
AT1G20380,42.0,20.0
AT2G18915,599.0,85.0
AT2G26860,65.0,25.0
AT1G63770,213.0,55.0
AT2G02230,241.0,55.0
AT2G04230,124.0,40.0
AT1G03380,259.0,60.0
AT1G03475,599.0,80.0
AT2G04550,599.0,80.0
AT3G26000,220.0,55.0
AT3G26010,241.0,55.0
AT3G57610,441.0,70.0
AT3G60100,212.0,55.0
AT3G48880,241.0,55.0
AT1G76140,42.0,20.0
AT3G15430,175.0,50.0
AT3G19560,241.0,55.0
AT3G10920,211.0,55.0
AT3G48730,599.0,85.0
AT5G58330,58.0,25.0
AT3G59000,65.0,25.0
AT3G59160,65.0,25.0
AT1G03780,46.0,20.0
AT1G07510,40.0,20.0
AT3G52030,207.0,55.0
AT4G33680,376.0,70.0
AT5G36210,283.0,65.0
AT3G54480,241.0,55.0
AT3G58930,124.0,40.0
AT5G41970,192.0,50.0
AT4G02440,241.0,55.0
AT2G42230,171.0,50.0
AT3G57890,599.0,80.0
AT4G10400,128.0,40.0
AT4G26340,65.0,25.0
AT1G04010,44.0,20.0
AT3G59200,226.0,55.0
AT3G59250,124.0,40.0
AT1G19580,447.0,70.0
AT1G03870,319.0,65.0
AT3G62230,65.0,25.0
AT5G02930,37.0,20.0
AT5G03970,241.0,55.0
AT1G04160,17.0,10.0
AT3G05710,972.0,90.0
AT5G39450,37.0,20.0
AT1G04080,213.0,55.0
AT4G27050,65.0,25.0
AT4G39753,101.0,35.0
AT1G18830,122.0,40.0
AT5G19350,123.0,40.0
AT5G01940,107.0,35.0
AT5G67140,220.0,55.0
AT1G20200,1196.0,95.0
AT5G05470,490.0,70.0
AT1G04190,14.0,10.0
AT5G44980,65.0,25.0
AT3G07920,107.0,35.0
AT3G24350,1182.0,95.0
AT5G57360,442.0,70.0
AT5G65495,194.0,50.0
AT4G39520,205.0,55.0
AT1G20260,599.0,85.0
AT1G04220,196.0,50.0
AT1G68530,58.0,25.0
AT1G20330,108.0,35.0
AT4G24190,969.0,90.0
AT3G10610,1189.0,95.0
AT1G64750,107.0,35.0
AT5G45010,115.0,40.0
AT4G16210,53.0,25.0
AT1G04210,599.0,75.0
AT5G62440,176.0,50.0
AT5G18260,245.0,60.0
AT1G20450,259.0,60.0
AT3G03940,37.0,20.0
AT5G18190,27.0,15.0
AT1G20490,12.0,10.0
AT5G04800,1189.0,95.0
AT1G20340,164.0,45.0
AT1G20360,4.0,0.0
AT1G04390,96.0,35.0
AT2G25760,27.0,15.0
AT3G15020,599.0,85.0
AT5G13840,486.0,70.0
AT5G67260,362.0,70.0
AT5G17310,245.0,60.0
AT3G59540,985.0,90.0
AT1G20540,4.0,0.0
AT1G53240,599.0,85.0
AT2G20420,307.0,65.0
AT4G31160,148.0,45.0
AT4G11920,447.0,70.0
AT3G03250,307.0,65.0
AT1G20640,599.0,75.0
AT1G73910,1174.0,95.0
AT1G80070,1071.0,95.0
AT1G64530,8.0,5.0
AT1G20693,150.0,45.0
AT2G16200,1162.0,95.0
AT4G09320,599.0,80.0
AT1G20630,182.0,50.0
AT1G04510,1008.0,90.0
AT1G06220,1269.0,95.0
AT5G67530,89.0,35.0
AT1G68190,112.0,40.0
AT2G18670,271.0,65.0
AT2G46290,629.0,85.0
AT3G02270,1048.0,95.0
AT2G40350,231.0,55.0
AT2G38770,1099.0,95.0
AT1G20696,31.0,15.0
AT1G63840,203.0,55.0
AT2G39990,1154.0,95.0
AT2G40660,595.0,75.0
AT3G60830,1165.0,95.0
AT5G45580,235.0,55.0
AT1G20770,146.0,45.0
AT4G18300,1053.0,95.0
AT4G38780,1023.0,90.0
AT3G11090,297.0,65.0
AT3G11270,1196.0,95.0
AT3G18790,1142.0,95.0
AT4G00850,275.0,65.0
AT5G27880,132.0,40.0
AT3G49830,1230.0,95.0
AT4G24050,6.0,5.0
AT5G25754,1148.0,95.0
AT5G52490,1218.0,95.0
AT5G03050,103.0,35.0
AT1G20780,22.0,15.0
AT5G56130,1075.0,95.0
AT1G24764,79.0,30.0
AT3G06530,229.0,55.0
AT5G05780,1196.0,95.0
AT5G25230,1260.0,95.0
AT4G02620,155.0,45.0
AT1G20810,74.0,30.0
AT1G20850,9.0,5.0
AT1G16700,447.0,70.0
AT3G03100,599.0,80.0
AT1G65150,2.0,0.0
AT1G04530,259.0,60.0
AT2G20110,367.0,70.0
AT4G21380,238.0,55.0
AT1G04600,88.0,35.0
AT1G04630,149.0,45.0
AT1G13060,1156.0,95.0
AT3G14980,670.0,85.0
AT5G59800,202.0,55.0
AT1G49015,1017.0,90.0
AT1G53750,1268.0,95.0
AT2G43120,9.0,5.0
AT5G25450,341.0,65.0
AT1G04680,599.0,75.0
AT3G01340,599.0,80.0
AT1G20870,46.0,20.0
AT1G04810,1230.0,95.0
AT3G10850,599.0,80.0
AT1G62020,1160.0,95.0
AT1G67760,1153.0,95.0
AT3G14050,75.0,30.0
AT3G42658,9.0,5.0
AT1G79210,1178.0,95.0
AT1G20880,44.0,20.0
AT1G63480,299.0,65.0
AT1G53780,1265.0,95.0
AT1G53850,1184.0,95.0
AT3G05560,1320.0,95.0
AT4G35390,24.0,15.0
AT5G10980,135.0,40.0
AT3G27415,1156.0,95.0
AT3G53230,1154.0,95.0
AT5G39580,9.0,5.0
AT3G22110,1160.0,95.0
AT4G14465,45.0,20.0
AT4G17800,94.0,35.0
AT3G22630,1154.0,95.0
AT3G22860,1154.0,95.0
AT4G19006,1208.0,95.0
AT1G55950,148.0,45.0
AT2G22540,490.0,70.0
AT4G20850,1089.0,95.0
AT4G28470,1288.0,95.0
AT5G54970,9.0,5.0
AT4G08140,1286.0,95.0
AT4G08640,1154.0,95.0
AT5G58990,9.0,5.0
AT5G61890,47.0,25.0
AT4G14800,1154.0,95.0
AT3G52250,32.0,15.0
AT5G20000,1213.0,95.0
AT5G23540,1202.0,95.0
AT3G61740,88.0,35.0
AT4G08455,142.0,45.0
AT5G25780,1017.0,90.0
AT2G22740,20.0,10.0
AT2G36720,20.0,10.0
AT5G03340,1154.0,95.0
AT5G09900,1209.0,95.0
AT3G10595,269.0,65.0
AT1G20920,138.0,40.0
AT3G21870,84.0,30.0
AT5G42790,1168.0,95.0
AT5G43010,1202.0,95.0
AT4G37490,185.0,50.0
AT5G26360,1143.0,95.0
AT4G11400,186.0,50.0
AT5G05700,263.0,60.0
AT5G35590,1184.0,95.0
AT5G42040,1198.0,95.0
AT2G41620,869.0,90.0
AT1G20960,1070.0,95.0
AT1G20970,117.0,40.0
AT4G30840,1290.0,95.0
AT1G11475,887.0,90.0
AT5G06150,402.0,70.0
AT5G61790,980.0,90.0
AT5G64760,1209.0,95.0
AT1G20950,599.0,80.0
AT2G29480,36.0,20.0
AT1G04820,599.0,80.0
AT4G31430,59.0,25.0
AT1G61700,887.0,90.0
AT2G17930,736.0,85.0
AT1G21200,309.0,65.0
AT1G76870,309.0,65.0
AT2G47980,891.0,90.0
AT1G20980,282.0,65.0
AT1G21010,5.0,0.0
AT1G29940,887.0,90.0
AT1G32730,679.0,85.0
AT1G21140,4.0,0.0
AT1G21230,4.0,0.0
AT1G22750,641.0,85.0
AT4G31900,812.0,90.0
AT4G36080,736.0,85.0
AT1G44920,759.0,85.0
AT3G06010,405.0,70.0
AT2G12646,419.0,70.0
AT3G60820,1185.0,95.0
AT3G16680,1049.0,95.0
AT3G57660,663.0,85.0
AT1G05150,599.0,80.0
AT2G36650,674.0,85.0
AT2G44110,512.0,75.0
AT1G05160,89.0,35.0
AT1G05180,81.0,30.0
AT1G47220,884.0,90.0
AT5G06830,44.0,20.0
AT1G05010,599.0,75.0
AT1G77655,671.0,85.0
AT2G32240,778.0,85.0
AT1G05140,32.0,15.0
AT3G52160,599.0,85.0
AT5G19180,58.0,25.0
AT1G07320,289.0,65.0
AT3G58970,708.0,85.0
AT4G11460,697.0,85.0
AT1G35680,1151.0,95.0
AT3G05330,282.0,65.0
AT3G12060,336.0,65.0
AT1G74040,599.0,80.0
AT5G06460,498.0,70.0
AT3G50190,809.0,90.0
AT5G14110,852.0,90.0
AT5G19930,480.0,70.0
AT5G54600,599.0,85.0
AT1G05460,6.0,5.0
AT5G24190,708.0,85.0
AT3G25920,1159.0,95.0
AT4G23640,888.0,90.0
AT5G09400,708.0,85.0
AT3G44890,309.0,65.0
AT5G40950,599.0,85.0
AT1G05520,599.0,80.0
AT3G17205,129.0,40.0
AT4G19045,2.0,0.0
AT3G07100,599.0,80.0
AT3G44340,599.0,80.0
AT5G59260,796.0,85.0
AT1G05470,3.0,0.0
AT1G05490,15.0,10.0
AT5G61630,282.0,65.0
AT1G21280,7.0,5.0
AT1G63020,588.0,75.0
AT5G64810,260.0,60.0
AT1G05670,9.0,5.0
AT5G44635,280.0,65.0
AT1G21326,26.0,15.0
AT1G21340,24.0,15.0
AT4G14300,8.0,5.0
AT4G19050,2.0,0.0
AT1G21320,33.0,20.0
AT4G32640,599.0,80.0
AT1G05620,22.0,15.0
AT2G30250,227.0,55.0
AT1G21450,161.0,45.0
AT1G21460,645.0,85.0
AT2G05830,599.0,80.0
AT4G33090,599.0,85.0
AT3G16690,661.0,85.0
AT1G05740,8.0,5.0
AT1G21400,154.0,45.0
AT1G21440,19.0,10.0
AT1G06000,599.0,75.0
AT1G06020,150.0,45.0
AT1G56110,742.0,85.0
AT5G50800,85.0,30.0
AT1G21560,169.0,50.0
AT2G07360,599.0,85.0
AT2G32730,1224.0,95.0
AT3G48740,213.0,55.0
AT1G06030,150.0,45.0
AT1G06210,259.0,60.0
AT4G15920,116.0,40.0
AT5G50090,8.0,5.0
AT1G24706,806.0,85.0
AT3G29090,17.0,10.0
AT2G44070,954.0,90.0
AT3G02200,794.0,85.0
AT1G25250,204.0,55.0
AT1G27740,168.0,50.0
AT3G02950,1202.0,95.0
AT1G21590,36.0,20.0
AT1G21690,187.0,50.0
AT2G33340,1011.0,90.0
AT2G42270,1017.0,90.0
AT1G77470,17.0,10.0
AT1G46768,204.0,55.0
AT1G49770,163.0,45.0
AT3G18165,404.0,70.0
AT3G23620,944.0,90.0
AT1G74080,224.0,55.0
AT3G05060,857.0,90.0
AT1G28420,250.0,60.0
AT1G31640,246.0,60.0
AT3G12860,693.0,85.0
AT3G18090,887.0,90.0
AT4G17590,701.0,85.0
AT2G21230,190.0,50.0
AT2G22770,191.0,50.0
AT4G26600,701.0,85.0
AT4G32910,583.0,75.0
AT1G78420,82.0,30.0
AT3G23780,898.0,90.0
AT3G50590,608.0,85.0
AT1G80580,82.0,30.0
AT2G18550,187.0,50.0
AT3G55070,649.0,85.0
AT3G01770,298.0,65.0
AT5G16790,1202.0,95.0
AT5G27140,802.0,85.0
AT3G01890,1177.0,95.0
AT3G02830,124.0,40.0
AT5G28740,588.0,75.0
AT2G23660,161.0,45.0
AT2G26940,100.0,35.0
AT5G02560,178.0,50.0
AT5G15610,794.0,85.0
AT2G32460,338.0,65.0
AT3G11540,351.0,70.0
AT3G13850,82.0,30.0
AT1G06410,599.0,80.0
AT1G06430,9.0,5.0
AT3G21890,444.0,70.0
AT5G43500,1095.0,95.0
AT3G07340,293.0,65.0
AT3G10000,157.0,45.0
AT5G55920,742.0,85.0
AT5G59870,195.0,50.0
AT1G06590,172.0,50.0
AT3G28470,270.0,65.0
AT3G46640,228.0,55.0
AT1G06650,259.0,60.0
AT1G06720,123.0,40.0
AT3G24860,318.0,65.0
AT5G42270,599.0,75.0
AT1G06475,89.0,35.0
AT3G27010,742.0,85.0
AT3G27220,200.0,50.0
AT1G06515,4.0,0.0
AT3G60630,184.0,50.0
AT4G15570,472.0,70.0
AT5G45140,359.0,70.0
AT4G02810,168.0,50.0
AT4G09820,338.0,65.0
AT5G60040,471.0,70.0
AT3G49940,688.0,85.0
AT3G50650,358.0,70.0
AT3G28956,28.0,15.0
AT3G49000,377.0,70.0
AT3G58190,202.0,55.0
AT4G37730,252.0,60.0
AT5G06800,204.0,55.0
AT1G06960,216.0,55.0
AT1G10580,258.0,60.0
AT5G10280,259.0,60.0
AT1G06820,138.0,40.0
AT4G17780,154.0,45.0
AT4G35040,204.0,55.0
AT3G16620,43.0,20.0
AT3G23710,9.0,5.0
AT3G07590,678.0,85.0
AT5G26660,380.0,70.0
AT5G35900,481.0,70.0
AT3G62840,147.0,45.0
AT4G13170,1159.0,95.0
AT5G11190,157.0,45.0
AT1G20580,599.0,80.0
AT1G76300,210.0,55.0
AT5G12870,235.0,55.0
AT5G14960,250.0,60.0
AT2G47640,210.0,55.0
AT5G52020,282.0,65.0
AT1G07110,259.0,60.0
AT1G49630,157.0,45.0
AT5G57660,258.0,60.0
AT5G60830,168.0,50.0
AT3G19170,332.0,65.0
AT5G43175,157.0,45.0
AT5G43840,308.0,65.0
AT4G14320,573.0,75.0
AT5G48760,1159.0,95.0
AT5G51990,170.0,50.0
AT5G66700,260.0,60.0
AT1G21750,151.0,45.0
AT1G07220,88.0,35.0
AT1G07270,8.0,5.0
AT3G19390,199.0,50.0
AT5G28840,194.0,50.0
AT5G62470,210.0,55.0
AT5G65230,157.0,45.0
AT1G07170,57.0,25.0
AT5G64270,235.0,55.0
AT1G72330,260.0,60.0
AT1G21780,20.0,10.0
AT1G55760,2.0,0.0
AT2G42120,25.0,15.0
AT3G20630,599.0,80.0
AT3G28270,19.0,10.0
AT1G17290,260.0,60.0
AT1G17880,754.0,85.0
AT4G11310,225.0,55.0
AT5G43060,77.0,30.0
AT1G32880,684.0,85.0
AT4G33905,98.0,35.0
AT5G03070,22.0,15.0
AT5G49310,689.0,85.0
AT1G21810,27.0,15.0
AT1G49840,49.0,25.0
AT5G52000,684.0,85.0
AT1G69670,59.0,25.0
AT2G25520,100.0,35.0
AT3G48390,345.0,65.0
AT4G24800,599.0,85.0
AT4G19370,74.0,30.0
AT1G21910,107.0,35.0
AT3G28130,106.0,35.0
AT1G75600,135.0,40.0
AT3G27360,135.0,40.0
AT3G12480,174.0,50.0
AT5G63960,43.0,20.0
AT1G66680,2.0,0.0
AT5G24000,602.0,85.0
AT4G28510,98.0,35.0
AT1G19890,135.0,40.0
AT1G07670,115.0,40.0
AT1G28480,305.0,65.0
AT3G18210,134.0,40.0
AT1G07750,93.0,35.0
AT4G35830,599.0,85.0
AT1G21980,150.0,45.0
AT5G10390,135.0,40.0
AT5G12910,135.0,40.0
AT1G22050,122.0,40.0
AT5G41700,599.0,80.0
AT5G65350,192.0,50.0
AT4G15670,101.0,35.0
AT1G07820,758.0,85.0
AT1G07830,6.0,5.0
AT5G11010,43.0,20.0
AT5G27560,17.0,10.0
AT5G55140,68.0,25.0
AT3G27560,83.0,30.0
AT3G57480,250.0,60.0
AT2G19750,1055.0,95.0
AT4G29390,1037.0,95.0
AT4G12100,91.0,35.0
AT1G78000,451.0,70.0
AT4G17900,59.0,25.0
AT1G08050,26.0,15.0
AT1G08130,5.0,0.0
AT4G24960,111.0,40.0
AT1G07920,599.0,80.0
AT1G69540,77.0,30.0
AT2G03060,7.0,5.0
AT1G07990,259.0,60.0
AT1G08005,30.0,15.0
AT3G23940,283.0,65.0
AT3G26470,3.0,0.0
AT1G22300,1129.0,95.0
AT3G62510,93.0,35.0
AT4G17830,150.0,45.0
AT5G48240,179.0,50.0
AT1G08160,189.0,50.0
AT1G08180,118.0,40.0
AT1G22270,45.0,20.0
AT1G22280,57.0,25.0
AT1G77510,93.0,35.0
AT3G13682,74.0,30.0
AT1G08380,599.0,75.0
AT1G08400,599.0,75.0
AT1G22430,75.0,30.0
AT1G22440,319.0,65.0
AT1G08410,259.0,60.0
AT1G35580,599.0,85.0
AT5G61060,149.0,45.0
AT5G49970,115.0,40.0
AT1G68910,259.0,60.0
AT1G22310,142.0,45.0
AT2G41450,223.0,55.0
AT4G20970,118.0,40.0
AT4G29840,599.0,85.0
AT5G12040,312.0,65.0
AT4G01840,23.0,15.0
AT1G08450,36.0,20.0
AT1G22450,22.0,15.0
AT1G22460,29.0,15.0
AT3G56450,38.0,20.0
AT2G05990,599.0,80.0
AT1G08600,259.0,60.0
AT3G19520,179.0,50.0
AT4G01920,356.0,70.0
AT1G08680,259.0,60.0
AT1G69400,336.0,65.0
AT2G46530,54.0,25.0
AT5G13420,188.0,50.0
AT1G08490,599.0,75.0
AT1G22630,254.0,60.0
AT1G27030,599.0,75.0
AT1G08520,85.0,30.0
AT3G03950,28.0,15.0
AT5G48960,6.0,5.0
AT1G09150,9.0,5.0
AT3G14010,259.0,60.0
AT1G22770,599.0,85.0
AT5G11900,92.0,35.0
AT1G22700,154.0,45.0
AT1G22730,9.0,5.0
AT3G22480,83.0,30.0
AT2G31970,377.0,70.0
AT2G37150,105.0,35.0
AT2G25930,493.0,70.0
AT1G22780,1320.0,95.0
AT2G28520,4.0,0.0
AT3G63140,599.0,80.0
AT1G22790,54.0,25.0
AT1G12530,11.0,5.0
AT1G27360,16.0,10.0
AT1G68050,599.0,85.0
AT3G45930,758.0,85.0
AT5G59690,758.0,85.0
AT5G22130,43.0,20.0
AT4G17490,266.0,60.0
AT1G22840,193.0,50.0
AT1G29965,1133.0,95.0
AT1G29970,1133.0,95.0
AT1G22800,1.0,0.0
AT5G26780,89.0,35.0
AT1G09400,599.0,75.0
AT4G35905,1.0,0.0
AT1G26610,88.0,35.0
AT1G09430,22.0,15.0
AT4G23950,50.0,25.0
AT4G28390,894.0,90.0
AT5G13490,926.0,90.0
AT5G44920,33.0,20.0
AT1G24625,644.0,85.0
AT1G09620,263.0,60.0
AT1G22882,63.0,25.0
AT1G71360,63.0,25.0
AT3G14600,1136.0,95.0
AT3G54210,718.0,85.0
AT3G10730,78.0,30.0
AT1G49860,78.0,30.0
AT1G51560,599.0,80.0
AT1G68420,12.0,5.0
AT1G70980,599.0,75.0
AT1G52510,137.0,40.0
AT1G17960,163.0,45.0
AT1G26740,95.0,35.0
AT1G30070,260.0,60.0
AT1G18130,163.0,45.0
AT1G25350,599.0,80.0
AT4G13780,599.0,80.0
AT1G53000,238.0,55.0
AT1G61590,170.0,50.0
AT4G26870,599.0,85.0
AT5G02680,166.0,45.0
AT1G52540,80.0,30.0
AT3G02760,92.0,35.0
AT3G09350,62.0,25.0
AT1G52695,197.0,50.0
AT1G52760,148.0,45.0
AT3G30805,220.0,55.0
AT1G66980,78.0,30.0
AT5G38750,12.0,5.0
AT5G56680,599.0,75.0
AT1G73790,125.0,40.0
AT1G74500,111.0,40.0
AT1G09640,394.0,70.0
AT1G65000,78.0,30.0
AT1G65480,242.0,55.0
AT5G10880,306.0,65.0
AT5G19720,157.0,45.0
AT1G66820,120.0,40.0
AT2G02050,78.0,30.0
AT2G03680,78.0,30.0
AT4G22380,87.0,30.0
AT1G09780,315.0,65.0
AT2G03870,147.0,45.0
AT5G12110,27.0,15.0
AT1G76405,78.0,30.0
AT2G01290,152.0,45.0
AT1G09750,123.0,40.0
AT4G12600,87.0,30.0
AT3G02870,77.0,30.0
AT2G32160,302.0,65.0
AT2G38140,94.0,35.0
AT3G06350,27.0,15.0
AT3G22460,161.0,45.0
AT2G21660,127.0,40.0
AT1G31180,299.0,65.0
AT1G72810,245.0,60.0
AT2G24850,78.0,30.0
AT2G30950,149.0,45.0
AT2G21170,599.0,80.0
AT3G13440,182.0,50.0
AT5G08300,296.0,65.0
AT5G10540,599.0,85.0
AT3G15840,80.0,30.0
AT3G16440,78.0,30.0
AT5G23250,296.0,65.0
AT2G41730,327.0,65.0
AT2G42395,89.0,35.0
AT3G58610,599.0,85.0
AT4G11120,50.0,25.0
AT3G03000,362.0,70.0
AT3G20420,268.0,65.0
AT3G22231,90.0,35.0
AT5G48480,54.0,25.0
AT1G09870,599.0,75.0
AT3G23280,80.0,30.0
AT5G65620,599.0,85.0
AT3G16980,799.0,85.0
AT3G19220,124.0,40.0
AT1G09830,149.0,45.0
AT4G23100,599.0,80.0
AT1G10155,85.0,30.0
AT3G48240,171.0,50.0
AT3G52155,90.0,35.0
AT1G10300,123.0,40.0
AT1G10320,88.0,35.0
AT3G25545,193.0,50.0
AT1G10060,80.0,30.0
AT1G79870,63.0,25.0
AT3G44260,94.0,35.0
AT3G45210,149.0,45.0
AT1G10140,259.0,60.0
AT3G59840,95.0,35.0
AT5G27740,63.0,25.0
AT2G24410,7.0,5.0
AT3G62790,133.0,40.0
AT4G00231,104.0,35.0
AT5G16830,986.0,90.0
AT3G53410,89.0,35.0
AT3G55240,97.0,35.0
AT1G10390,112.0,40.0
AT1G10490,138.0,40.0
AT3G58670,78.0,30.0
AT4G07950,78.0,30.0
AT4G10040,79.0,30.0
AT4G16660,5.0,0.0
AT1G10730,216.0,55.0
AT4G23895,78.0,30.0
AT1G10630,148.0,45.0
AT4G00780,83.0,30.0
AT4G04800,278.0,65.0
AT1G10670,599.0,80.0
AT1G10700,89.0,35.0
AT4G23460,599.0,80.0
AT4G36910,95.0,35.0
AT4G37240,293.0,65.0
AT4G35410,147.0,45.0
AT5G06970,370.0,70.0
AT4G25740,1127.0,95.0
AT1G23935,62.0,25.0
AT1G60070,62.0,25.0
AT4G33770,78.0,30.0
AT4G34920,89.0,35.0
AT2G17380,147.0,45.0
AT5G07840,174.0,50.0
AT4G33250,627.0,85.0
AT5G06000,503.0,75.0
AT5G13080,397.0,70.0
AT5G16060,78.0,30.0
AT5G37475,498.0,70.0
AT4G38060,78.0,30.0
AT4G38930,127.0,40.0
AT5G22780,599.0,80.0
AT4G20980,608.0,85.0
AT5G01750,120.0,40.0
AT5G18800,83.0,30.0
AT5G20060,78.0,30.0
AT1G11180,599.0,75.0
AT1G11410,54.0,25.0
AT5G20240,463.0,70.0
AT5G44320,521.0,75.0
AT5G16490,78.0,30.0
AT5G17060,78.0,30.0
AT1G10950,28.0,15.0
AT2G27510,11.0,5.0
AT3G25940,113.0,40.0
AT5G28690,125.0,40.0
AT5G38410,322.0,65.0
AT4G16265,588.0,75.0
AT4G21710,819.0,90.0
AT5G20920,687.0,85.0
AT1G20065,113.0,40.0
AT1G44835,359.0,70.0
AT5G24314,78.0,30.0
AT5G25490,219.0,55.0
AT1G54250,598.0,75.0
AT5G51170,78.0,30.0
AT1G11560,24.0,15.0
AT1G11580,599.0,75.0
AT5G52210,78.0,30.0
AT5G52960,599.0,80.0
AT1G11590,7.0,5.0
AT5G42300,83.0,30.0
AT5G45440,78.0,30.0
AT5G59180,474.0,70.0
AT1G11520,7.0,5.0
AT5G45490,78.0,30.0
AT5G56360,104.0,35.0
AT1G22970,599.0,80.0
AT3G55610,327.0,65.0
AT4G16390,91.0,35.0
AT3G16360,149.0,45.0
AT1G11630,7.0,5.0
AT5G53400,276.0,65.0
AT5G55640,78.0,30.0
AT1G26750,88.0,35.0
AT1G16720,21.0,10.0
AT5G61020,21.0,10.0
AT3G63260,276.0,65.0
AT5G55910,119.0,40.0
AT5G65010,21.0,10.0
ATCG00170,31.0,15.0
AT3G54350,122.0,40.0
AT4G34980,21.0,10.0
AT5G43780,599.0,80.0
AT1G22990,25.0,15.0
AT1G23040,4.0,0.0
AT5G46580,21.0,10.0
AT1G78870,22.0,15.0
AT1G11860,193.0,50.0
AT1G16080,124.0,40.0
AT1G23290,357.0,70.0
AT1G23300,57.0,25.0
AT2G39080,10.0,5.0
AT1G23090,826.0,90.0
AT3G60210,60.0,25.0
ATCG00740,649.0,85.0
AT1G11660,158.0,45.0
AT1G23190,599.0,85.0
AT2G27220,290.0,65.0
AT5G02030,278.0,65.0
AT5G08280,229.0,55.0
AT5G36880,599.0,80.0
AT2G03190,364.0,70.0
AT1G76550,599.0,80.0
AT1G23320,,
AT2G16400,306.0,65.0
AT1G12030,88.0,35.0
AT1G12160,599.0,75.0
AT5G14900,91.0,35.0
AT1G23460,21.0,10.0
AT1G23490,599.0,80.0
AT5G16240,89.0,35.0
AT1G12280,599.0,80.0
AT1G49010,302.0,65.0
AT2G47250,91.0,35.0
AT3G02630,89.0,35.0
AT4G01500,387.0,70.0
AT5G04390,166.0,45.0
AT3G19480,127.0,40.0
AT5G14740,599.0,80.0
AT3G28155,12.0,5.0
AT3G56790,12.0,5.0
AT1G23750,4.0,0.0
AT1G23770,198.0,50.0
AT1G12430,259.0,60.0
AT2G37550,259.0,60.0
AT1G23730,67.0,25.0
AT1G12380,101.0,35.0
AT2G35630,12.0,5.0
AT1G79470,9.0,5.0
AT1G70310,88.0,35.0
AT1G23850,225.0,55.0
AT1G12960,88.0,35.0
AT1G21720,1094.0,95.0
AT4G32660,102.0,35.0
AT1G12470,599.0,75.0
AT1G23810,110.0,40.0
AT1G23820,88.0,35.0
AT5G42400,2.0,0.0
AT1G12850,259.0,60.0
AT1G13280,599.0,75.0
AT1G23980,154.0,45.0
AT1G24020,118.0,40.0
AT1G54450,115.0,40.0
AT5G28850,115.0,40.0
AT1G23880,163.0,45.0
AT1G13100,599.0,75.0
AT1G13190,259.0,60.0
AT2G34040,26.0,15.0
AT5G11710,259.0,60.0
AT1G13210,319.0,65.0
AT5G54920,8.0,5.0
AT1G13430,599.0,75.0
AT1G13630,30.0,15.0
AT1G24120,5.0,0.0
AT5G66030,82.0,30.0
AT1G13950,89.0,35.0
AT1G24040,172.0,50.0
AT4G26990,15.0,10.0
AT1G13330,5.0,0.0
AT1G13380,88.0,35.0
AT4G30330,259.0,60.0
AT5G56600,43.0,20.0
AT1G24190,32.0,15.0
AT2G39470,9.0,5.0
AT1G14170,5.0,0.0
AT1G24250,163.0,45.0
AT1G13960,70.0,25.0
AT1G24150,9.0,5.0
AT4G29350,599.0,80.0
AT1G14070,599.0,75.0
AT1G14150,7.0,5.0
AT3G42790,21.0,10.0
AT2G42830,599.0,85.0
AT2G45650,375.0,70.0
AT5G26210,100.0,35.0
AT1G14610,599.0,75.0
AT1G24260,418.0,70.0
AT1G14300,599.0,75.0
AT1G14380,123.0,40.0
AT1G26310,147.0,45.0
AT1G43850,599.0,80.0
AT5G55860,791.0,85.0
AT1G24265,17.0,10.0
AT1G48030,599.0,80.0
AT4G03205,209.0,55.0
AT1G24280,80.0,30.0
AT1G24310,119.0,40.0
AT5G52220,89.0,35.0
AT3G58780,599.0,85.0
AT4G24540,345.0,65.0
AT1G14650,61.0,25.0
AT1G14720,138.0,40.0
AT5G23260,393.0,70.0
AT3G55520,169.0,50.0
AT4G12590,279.0,65.0
AT1G14930,599.0,75.0
AT1G14980,115.0,40.0
AT1G24440,2.0,0.0
AT1G14850,180.0,50.0
AT1G24350,14.0,10.0
AT1G24360,225.0,55.0
AT3G04500,10.0,5.0
AT4G31360,55.0,25.0
AT5G20420,18.0,10.0
AT3G03960,1165.0,95.0
AT5G20890,1067.0,95.0
AT1G15310,3.0,0.0
AT1G24490,50.0,25.0
AT2G24765,22.0,15.0
AT1G15140,9.0,5.0
AT2G32520,7.0,5.0
AT1G24450,83.0,30.0
AT1G24510,1162.0,95.0
AT1G15210,599.0,85.0
AT2G42750,12.0,10.0
AT3G21540,60.0,25.0
AT3G26480,765.0,85.0
AT3G56270,386.0,70.0
AT4G11070,299.0,65.0
AT4G04940,40.0,20.0
AT2G46160,15.0,10.0
AT4G00238,194.0,50.0
AT1G15440,63.0,25.0
AT2G18900,765.0,85.0
AT1G68590,47.0,25.0
AT1G24610,159.0,45.0
AT1G24650,820.0,90.0
AT1G15772,34.0,20.0
AT1G15780,34.0,20.0
AT1G78300,1266.0,95.0
AT5G16970,599.0,75.0
AT4G18630,221.0,55.0
AT5G48335,69.0,25.0
AT1G15770,34.0,20.0
AT3G09180,49.0,25.0
AT2G42710,26.0,15.0
AT1G24996,188.0,50.0
AT1G25220,5.0,0.0
AT3G18760,88.0,35.0
AT3G49080,84.0,30.0
AT2G26980,216.0,55.0
AT1G16870,98.0,35.0
AT1G52370,67.0,25.0
AT3G24300,1348.0,95.0
AT3G53540,4.0,0.0
AT1G64880,64.0,25.0
AT1G25310,235.0,55.0
AT5G56940,85.0,30.0
AT1G15850,3.0,0.0
AT1G64625,309.0,65.0
AT3G54010,109.0,35.0
AT1G15870,89.0,35.0
AT1G25260,599.0,85.0
AT1G25275,199.0,50.0
AT4G21460,70.0,30.0
AT4G28360,67.0,25.0
AT1G25280,241.0,55.0
AT1G25380,1.0,0.0
AT2G39350,1.0,0.0
AT1G16180,32.0,15.0
AT1G16290,88.0,35.0
AT1G25420,34.0,20.0
AT1G15890,599.0,75.0
AT5G06100,19.0,10.0
AT1G25340,122.0,40.0
AT1G15980,57.0,25.0
AT1G16130,599.0,75.0
AT2G43770,599.0,80.0
AT1G31870,138.0,45.0
AT1G32380,891.0,90.0
AT1G16690,17.0,10.0
AT2G20360,184.0,50.0
AT1G25470,64.0,25.0
AT5G23810,6.0,5.0
AT1G16350,599.0,75.0
AT4G26290,55.0,25.0
AT1G30260,67.0,25.0
AT1G16520,259.0,60.0
AT1G73590,187.0,50.0
AT5G11560,402.0,70.0
AT5G11770,599.0,80.0
AT2G17860,75.0,30.0
AT2G19430,599.0,85.0
AT5G40810,228.0,55.0
AT1G51520,54.0,25.0
AT1G66070,478.0,70.0
AT2G21410,245.0,55.0
AT4G39080,599.0,85.0
AT1G70940,259.0,60.0
AT3G02140,320.0,65.0
AT3G48090,423.0,70.0
AT5G64670,192.0,50.0
AT1G16760,89.0,35.0
AT3G62550,75.0,30.0
AT5G46800,433.0,70.0
AT2G35900,87.0,30.0
AT2G47960,54.0,25.0
AT1G16740,24.0,15.0
AT3G17465,96.0,35.0
AT3G08560,68.0,25.0
AT4G29800,187.0,50.0
AT5G16310,130.0,40.0
AT4G11150,464.0,70.0
AT1G80620,98.0,35.0
AT4G15415,106.0,35.0
AT1G16780,98.0,35.0
AT1G16820,152.0,45.0
AT4G24900,196.0,50.0
AT4G28180,59.0,25.0
AT1G64200,599.0,80.0
AT5G51760,547.0,75.0
AT1G17170,13.0,10.0
AT1G17220,123.0,40.0
AT5G57090,165.0,45.0
AT5G57950,55.0,25.0
AT1G74920,52.0,25.0
AT5G17710,283.0,65.0
AT5G25475,187.0,50.0
AT1G16880,123.0,40.0
AT1G17160,24.0,15.0
AT5G45810,138.0,40.0
AT5G64813,220.0,55.0
AT1G55600,12.0,10.0
AT1G17370,259.0,60.0
AT1G17455,18.0,10.0
AT2G15530,12.0,10.0
AT3G48170,78.0,30.0
AT5G58140,264.0,60.0
AT5G62290,81.0,30.0
AT1G17340,8.0,5.0
AT1G17360,259.0,60.0
AT1G50480,74.0,30.0
AT3G23230,139.0,45.0
AT4G34040,12.0,10.0
AT2G12200,74.0,30.0
AT2G12280,599.0,80.0
AT2G26950,12.0,10.0
AT1G17470,2.0,0.0
AT1G51730,3.0,0.0
AT2G31230,12.0,10.0
AT3G23220,89.0,35.0
AT1G17500,599.0,75.0
AT3G01970,736.0,85.0
AT2G41220,599.0,80.0
AT2G44160,138.0,40.0
AT2G45810,8.0,5.0
AT4G29510,112.0,40.0
AT3G59970,121.0,40.0
AT4G34410,112.0,40.0
AT4G39070,366.0,70.0
AT1G17665,89.0,35.0
AT1G36280,155.0,45.0
AT5G10140,357.0,70.0
AT1G26150,4.0,0.0
AT3G52890,21.0,10.0
AT1G28350,51.0,25.0
AT2G33840,51.0,25.0
AT1G26180,474.0,70.0
AT1G17770,599.0,75.0
AT4G34230,599.0,80.0
AT5G13570,36.0,20.0
AT5G13850,313.0,65.0
AT1G17890,599.0,80.0
AT1G18270,599.0,75.0
AT2G27580,174.0,50.0
AT2G33290,793.0,85.0
AT1G54390,286.0,65.0
AT3G24870,66.0,25.0
AT1G26220,43.0,20.0
AT1G18070,259.0,60.0
AT1G18180,189.0,50.0
AT1G26270,22.0,15.0
AT1G26300,31.0,15.0
AT1G18200,599.0,75.0
AT1G26480,345.0,65.0
AT4G10670,662.0,85.0
AT4G10710,711.0,85.0
AT4G03150,232.0,55.0
AT1G26550,75.0,30.0
AT4G14385,186.0,50.0
AT2G26070,48.0,25.0
AT1G26460,57.0,25.0
AT3G24880,66.0,25.0
AT3G57300,296.0,65.0
AT4G35850,24.0,15.0
AT1G26590,114.0,40.0
AT1G26620,83.0,30.0
AT1G54220,605.0,85.0
AT3G13930,564.0,75.0
AT1G26630,467.0,70.0
AT5G13950,51.0,25.0
AT1G26570,89.0,35.0
AT5G39320,2.0,0.0
AT2G32410,74.0,30.0
AT3G25880,74.0,30.0
AT4G36280,2.0,0.0
AT3G13680,282.0,65.0
AT1G26660,89.0,35.0
AT1G19110,371.0,70.0
AT1G19150,140.0,45.0
AT1G26640,6.0,5.0
AT1G18550,88.0,35.0
AT1G18690,115.0,40.0
AT5G62380,119.0,40.0
AT1G26650,37.0,20.0
AT1G18850,211.0,55.0
AT1G26670,232.0,55.0
AT1G19550,599.0,75.0
AT5G44140,599.0,80.0
AT2G43160,599.0,80.0
AT5G26980,963.0,90.0
AT5G54100,102.0,35.0
AT1G29990,121.0,40.0
AT5G18010,14.0,10.0
AT5G02850,30.0,15.0
AT5G62270,66.0,25.0
AT5G18030,4.0,0.0
AT2G27300,148.0,45.0
AT1G26800,16.0,10.0
AT1G19920,599.0,75.0
AT1G20050,371.0,70.0
AT1G31340,50.0,25.0
AT1G19650,599.0,75.0
AT1G26730,29.0,15.0
AT1G26780,777.0,85.0
AT1G27695,23.0,15.0
AT1G19870,352.0,70.0
AT3G16170,8.0,5.0
AT3G48360,130.0,40.0
AT3G51770,24.0,15.0
AT1G20410,89.0,35.0
AT1G20440,29.0,15.0
AT2G26990,197.0,50.0
AT5G64370,505.0,75.0
AT1G20225,17.0,10.0
AT3G06190,98.0,35.0
AT3G43100,14.0,10.0
AT1G78900,607.0,85.0
AT5G48510,204.0,55.0
AT2G14285,58.0,25.0
AT2G23930,163.0,45.0
AT5G63160,86.0,30.0
AT1G26850,231.0,55.0
AT3G11500,163.0,45.0
AT4G37610,36.0,20.0
AT5G13060,59.0,25.0
AT1G20480,24.0,15.0
AT1G20550,30.0,15.0
AT5G20570,197.0,50.0
AT1G71840,599.0,80.0
AT1G26930,132.0,40.0
AT2G06210,237.0,55.0
AT1G20760,259.0,60.0
AT1G26960,187.0,50.0
AT1G20590,68.0,25.0
AT1G26880,1252.0,95.0
AT1G26910,1317.0,95.0
AT4G19210,599.0,80.0
AT1G56290,25.0,15.0
AT4G04040,13.0,10.0
AT1G55610,529.0,75.0
AT1G71830,739.0,85.0
AT4G08876,13.0,10.0
AT1G32490,55.0,25.0
AT1G27020,599.0,75.0
AT3G22310,212.0,55.0
AT1G20940,88.0,35.0
AT1G27040,145.0,45.0
AT1G27100,599.0,80.0
AT1G50200,599.0,80.0
AT1G27210,13.0,10.0
AT3G49601,79.0,30.0
AT1G21080,189.0,50.0
AT1G28490,291.0,65.0
AT1G33110,225.0,55.0
AT1G21100,319.0,65.0
AT2G20850,872.0,90.0
AT5G62230,904.0,90.0
AT1G80930,79.0,30.0
AT2G36130,95.0,35.0
AT1G27200,145.0,45.0
AT1G48140,231.0,55.0
AT1G50430,285.0,65.0
AT1G21350,88.0,35.0
AT1G21380,259.0,60.0
AT1G73190,230.0,55.0
AT1G21130,599.0,75.0
AT1G33230,225.0,55.0
AT1G33800,232.0,55.0
AT1G21160,36.0,20.0
AT5G49930,599.0,80.0
AT1G21900,35.0,20.0
AT2G16070,160.0,45.0
AT2G16800,231.0,55.0
AT5G58670,4.0,0.0
AT1G22080,88.0,35.0
AT2G02810,232.0,55.0
AT1G21630,259.0,60.0
AT1G21660,259.0,60.0
AT2G03120,328.0,65.0
AT2G14835,259.0,60.0
AT3G24170,115.0,40.0
AT2G44270,119.0,40.0
AT2G10450,599.0,85.0
AT3G51810,6.0,5.0
AT2G46890,232.0,55.0
AT2G47840,148.0,45.0
AT1G53520,135.0,40.0
AT2G30390,599.0,80.0
AT2G31040,106.0,35.0
AT1G22275,80.0,30.0
AT1G22290,328.0,65.0
AT2G39960,492.0,70.0
AT3G13520,232.0,55.0
AT3G16240,599.0,80.0
AT1G78940,44.0,20.0
AT2G07732,236.0,55.0
AT3G17930,221.0,55.0
AT1G54100,599.0,80.0
AT3G02690,199.0,50.0
AT3G05280,86.0,30.0
AT1G64190,599.0,85.0
AT1G70830,599.0,80.0
AT3G18490,44.0,20.0
AT3G44220,183.0,50.0
AT3G50830,200.0,50.0
AT3G25960,44.0,20.0
AT3G27160,112.0,40.0
AT3G18280,183.0,50.0
AT2G30200,599.0,80.0
AT3G11770,59.0,25.0
AT3G22570,232.0,55.0
AT3G26085,221.0,55.0
AT3G14067,44.0,20.0
AT3G59530,183.0,50.0
AT4G28520,599.0,80.0
AT5G08020,44.0,20.0
AT3G60800,64.0,25.0
AT3G61870,232.0,55.0
AT5G08670,203.0,55.0
AT3G50920,244.0,55.0
AT3G51450,177.0,50.0
AT4G15390,135.0,40.0
AT4G27170,44.0,20.0
AT3G57280,199.0,50.0
AT4G01430,231.0,55.0
AT4G02725,721.0,85.0
AT5G49190,44.0,20.0
AT5G49460,599.0,80.0
AT4G10430,232.0,55.0
AT5G15490,599.0,80.0
AT3G63200,231.0,55.0
AT4G00370,232.0,55.0
AT5G22000,44.0,20.0
AT5G39190,44.0,20.0
AT1G22410,599.0,80.0
AT4G28780,160.0,45.0
AT4G32140,231.0,55.0
AT1G22530,599.0,85.0
AT1G67080,65.0,25.0
AT4G17340,379.0,70.0
AT5G57655,599.0,80.0
AT5G63840,599.0,80.0
AT4G17486,273.0,65.0
AT4G28720,232.0,55.0
AT1G22360,599.0,75.0
AT5G08080,1079.0,95.0
AT3G09940,227.0,55.0
AT3G52880,245.0,55.0
AT5G12390,199.0,50.0
AT5G17170,231.0,55.0
AT5G03630,232.0,55.0
AT4G38250,231.0,55.0
AT4G40042,258.0,60.0
AT1G23170,154.0,45.0
AT3G08590,599.0,85.0
AT5G04160,200.0,50.0
AT5G19750,177.0,50.0
AT5G20130,215.0,55.0
AT4G01190,22.0,10.0
AT1G23560,96.0,35.0
AT5G38170,217.0,55.0
AT5G19550,246.0,60.0
AT5G17630,804.0,85.0
AT5G17700,232.0,55.0
AT1G23310,599.0,80.0
AT1G23410,356.0,70.0
AT4G24620,355.0,70.0
AT5G61340,232.0,55.0
AT5G65990,124.0,40.0
AT1G24160,259.0,60.0
AT1G24180,148.0,45.0
AT5G39510,290.0,65.0
AT1G23710,259.0,60.0
AT1G23740,123.0,40.0
AT5G43970,221.0,55.0
AT5G45420,232.0,55.0
AT1G23800,16.0,10.0
AT2G24050,55.0,25.0
AT3G09810,129.0,40.0
AT1G24290,16.0,10.0
AT1G27380,12.0,10.0
AT1G27390,29.0,15.0
AT1G24300,259.0,60.0
AT1G27310,14.0,10.0
AT5G43560,11.0,5.0
AT2G46505,69.0,25.0
AT2G47510,599.0,80.0
AT1G27340,222.0,55.0
AT3G54660,243.0,55.0
AT5G51050,33.0,20.0
AT4G00620,198.0,50.0
AT4G05530,107.0,35.0
AT1G27440,224.0,55.0
AT2G17630,599.0,80.0
AT2G21870,209.0,55.0
AT3G20000,154.0,45.0
AT3G12290,301.0,65.0
AT4G00600,198.0,50.0
AT3G04740,315.0,65.0
AT5G11160,8.0,5.0
AT1G27530,49.0,25.0
AT1G24909,599.0,75.0
AT1G80750,68.0,25.0
AT3G22360,631.0,85.0
AT4G35630,599.0,80.0
AT1G24460,15.0,10.0
AT1G27450,123.0,40.0
AT4G22570,8.0,5.0
AT1G45233,67.0,25.0
AT2G16940,88.0,35.0
AT3G58660,21.0,10.0
AT3G23145,643.0,85.0
AT5G46710,132.0,40.0
AT1G27690,6.0,5.0
AT4G10320,717.0,85.0
AT1G27600,12.0,10.0
AT1G27630,23.0,15.0
AT2G42650,21.0,10.0
AT3G07050,13.0,10.0
AT5G64960,373.0,70.0
AT1G51740,43.0,20.0
AT2G28290,690.0,85.0
AT5G02740,6.0,5.0
AT1G26470,17.0,10.0
AT1G27890,75.0,30.0
AT4G33470,54.0,25.0
AT3G07120,8.0,5.0
AT5G42940,80.0,30.0
AT1G26160,12.0,5.0
AT1G26230,96.0,35.0
AT1G27090,123.0,40.0
AT2G21320,250.0,60.0
AT1G28060,37.0,20.0
AT1G27160,5.0,0.0
AT1G27430,259.0,60.0
AT1G27910,9.0,5.0
AT2G42610,6.0,0.0
AT3G05810,7.0,5.0
AT1G27960,29.0,15.0
AT1G27970,599.0,80.0
AT5G26800,7.0,5.0
AT3G25500,259.0,60.0
AT1G27680,5.0,0.0
AT1G65410,8.0,5.0
AT4G29820,223.0,55.0
AT3G03720,15.0,10.0
AT3G06960,3.0,0.0
AT1G28135,21.0,10.0
AT2G24020,102.0,35.0
AT1G27595,123.0,40.0
AT1G27660,259.0,60.0
AT1G28140,145.0,45.0
AT1G28230,681.0,85.0
AT3G23000,91.0,35.0
AT1G27940,188.0,50.0
AT1G62870,101.0,35.0
AT1G28250,211.0,55.0
AT1G27750,85.0,30.0
AT3G10600,7.0,5.0
AT3G52400,1025.0,95.0
AT1G27752,88.0,35.0
AT1G27850,259.0,60.0
AT5G08620,104.0,35.0
AT1G32540,261.0,60.0
AT1G77770,29.0,15.0
AT1G28410,599.0,75.0
AT1G79590,64.0,25.0
AT1G28280,33.0,20.0
AT1G28130,599.0,75.0
AT1G28180,13.0,10.0
AT1G28320,1.0,0.0
AT3G29000,1.0,0.0
AT1G28290,599.0,75.0
AT5G18620,810.0,90.0
AT1G29030,599.0,75.0
AT4G31480,948.0,90.0
AT1G28450,128.0,40.0
AT1G28470,99.0,35.0
AT1G29200,10.0,5.0
AT2G44740,132.0,40.0
AT4G26000,37.0,20.0
AT1G28760,5.0,0.0
AT1G28960,259.0,60.0
AT1G28390,291.0,65.0
AT1G28695,25.0,15.0
AT1G29040,21.0,10.0
AT1G29310,599.0,75.0
AT1G29690,599.0,75.0
AT1G49730,172.0,50.0
AT1G32310,205.0,55.0
AT4G39940,99.0,35.0
AT1G28610,14.0,10.0
AT1G29220,16.0,10.0
AT1G29250,599.0,75.0
AT2G36390,599.0,80.0
AT2G15280,834.0,90.0
AT2G38050,231.0,55.0
AT3G18860,599.0,80.0
AT5G03650,599.0,80.0
AT1G54350,796.0,85.0
AT1G29870,108.0,35.0
AT2G35040,599.0,80.0
AT1G75020,707.0,85.0
AT1G80830,571.0,75.0
AT4G24830,599.0,80.0
AT3G53720,637.0,85.0
AT1G30470,259.0,60.0
AT1G30510,30.0,15.0
AT4G11480,580.0,75.0
AT4G18197,407.0,70.0
AT1G30630,727.0,85.0
AT2G40270,518.0,75.0
AT3G47960,674.0,85.0
AT1G68750,197.0,50.0
AT1G30240,6.0,0.0
AT3G52190,745.0,85.0
AT5G43890,178.0,50.0
AT5G53390,532.0,75.0
AT1G50380,134.0,40.0
AT1G80600,220.0,55.0
AT1G29120,82.0,30.0
AT1G60970,599.0,80.0
AT5G22540,149.0,45.0
AT5G24080,332.0,65.0
AT1G79990,268.0,65.0
AT1G30960,96.0,35.0
AT1G31260,188.0,50.0
AT3G02990,119.0,40.0
AT1G30825,11.0,5.0
AT1G68830,129.0,40.0
AT2G33040,271.0,65.0
AT3G01670,232.0,55.0
AT2G37500,38.0,20.0
AT5G42740,599.0,80.0
AT5G53060,129.0,40.0
AT2G35930,599.0,80.0
AT1G31220,4.0,0.0
AT1G29240,54.0,25.0
AT1G31730,599.0,75.0
AT1G73430,83.0,30.0
AT3G23340,20.0,10.0
AT2G33150,599.0,85.0
AT5G16300,83.0,30.0
AT1G60430,85.0,30.0
AT2G44690,73.0,30.0
AT2G40100,599.0,85.0
AT3G08940,385.0,70.0
AT1G29230,35.0,20.0
AT1G29280,89.0,35.0
AT1G29350,37.0,20.0
AT1G71350,22.0,10.0
AT4G03430,11.0,5.0
AT4G17430,470.0,70.0
AT5G51430,599.0,80.0
AT3G07560,12.0,10.0
AT3G46060,232.0,55.0
AT1G31910,599.0,75.0
AT1G31970,200.0,50.0
AT5G10780,1.0,0.0
AT1G29670,169.0,50.0
AT2G31985,323.0,65.0
AT5G01920,21.0,10.0
AT1G43800,599.0,75.0
AT1G29400,259.0,60.0
AT5G22320,11.0,5.0
AT1G32050,189.0,50.0
AT1G29630,128.0,40.0
AT5G55170,1216.0,95.0
AT1G32080,1.0,0.0
AT1G29750,165.0,45.0
AT4G21530,183.0,50.0
AT5G05560,202.0,55.0
AT1G29800,8.0,5.0
AT1G29810,38.0,20.0
AT5G13030,599.0,80.0
AT1G29730,619.0,85.0
AT1G69270,619.0,85.0
AT1G80480,10.0,5.0
AT4G16130,599.0,80.0
AT2G14510,672.0,85.0
AT1G29900,599.0,80.0
AT3G27740,599.0,80.0
AT1G33410,299.0,65.0
AT3G47460,211.0,55.0
AT1G29920,397.0,70.0
AT5G24690,10.0,5.0
AT1G29850,33.0,20.0
AT1G29890,40.0,20.0
AT1G32470,599.0,75.0
AT1G32480,599.0,75.0
AT1G33320,6.0,0.0
AT5G50010,451.0,70.0
AT1G29951,100.0,35.0
AT1G35470,325.0,65.0
AT4G09200,325.0,65.0
AT1G44575,122.0,40.0
AT5G27670,285.0,65.0
AT5G48600,104.0,35.0
AT2G47450,397.0,70.0
AT1G29950,100.0,35.0
AT5G62410,211.0,55.0
AT1G29980,17.0,10.0
AT1G33520,259.0,60.0
AT1G33590,53.0,25.0
AT3G25710,326.0,65.0
AT5G17990,599.0,80.0
AT1G78820,59.0,25.0
AT1G29960,12.0,10.0
AT2G40210,76.0,30.0
AT4G09250,325.0,65.0
AT4G09310,325.0,65.0
AT5G38740,294.0,65.0
AT3G06435,151.0,45.0
AT1G70340,17.0,10.0
AT5G08260,53.0,25.0
AT1G33600,53.0,25.0
AT3G21140,599.0,80.0
AT1G78830,59.0,25.0
AT2G18240,148.0,45.0
AT2G23150,55.0,25.0
AT1G78850,67.0,25.0
AT4G29010,599.0,80.0
AT1G34140,47.0,20.0
AT1G30200,72.0,30.0
AT1G30210,652.0,85.0
AT1G34245,49.0,25.0
AT1G80080,188.0,50.0
AT5G17840,13.0,10.0
AT1G33612,53.0,25.0
AT1G33670,53.0,25.0
AT1G69310,42.0,20.0
AT1G30160,12.0,10.0
AT1G33790,31.0,15.0
AT2G37620,169.0,50.0
AT2G22690,143.0,45.0
AT4G09300,285.0,65.0
AT1G30320,601.0,85.0
AT5G23060,290.0,65.0
AT5G43920,9.0,5.0
AT1G65620,353.0,70.0
AT1G30230,135.0,40.0
AT1G35220,25.0,15.0
AT1G35350,88.0,35.0
AT2G26650,302.0,65.0
AT1G30440,599.0,75.0
AT3G45780,259.0,60.0
AT1G36160,599.0,80.0
AT5G19855,43.0,20.0
AT2G25850,43.0,20.0
AT2G33800,599.0,85.0
AT1G30380,599.0,80.0
AT1G30400,16.0,10.0
AT5G13510,258.0,60.0
AT1G35780,259.0,60.0
AT5G65750,20.0,10.0
AT3G66652,54.0,25.0
AT4G25550,251.0,60.0
AT1G39030,76.0,30.0
AT1G42440,35.0,20.0
AT2G38130,614.0,85.0
AT1G36180,599.0,80.0
AT2G47390,599.0,80.0
AT3G04680,94.0,35.0
AT3G06560,88.0,35.0
AT3G55410,20.0,10.0
AT1G30475,4.0,0.0
AT1G43190,599.0,75.0
AT1G43690,259.0,60.0
AT1G48450,37.0,20.0
AT2G20820,3.0,0.0
AT1G44446,4.0,0.0
AT5G23880,348.0,70.0
AT5G51660,250.0,60.0
AT5G03455,66.0,25.0
AT1G42550,259.0,60.0
AT5G60940,39.0,20.0
AT3G52770,43.0,20.0
AT3G60390,448.0,70.0
AT1G45201,599.0,75.0
AT1G45332,599.0,75.0
AT5G61270,421.0,70.0
AT3G04600,199.0,50.0
AT2G02070,212.0,55.0
AT3G46090,53.0,25.0
AT1G44900,24.0,15.0
AT1G44980,7.0,5.0
AT1G56410,599.0,85.0
AT2G20160,220.0,55.0
AT3G21830,281.0,65.0
AT1G52730,599.0,80.0
AT1G71380,114.0,40.0
AT1G30530,599.0,80.0
AT3G55400,22.0,10.0
AT1G45688,25.0,15.0
AT1G30580,247.0,60.0
AT1G30730,45.0,20.0
AT1G46840,21.0,10.0
AT5G14640,44.0,20.0
AT5G54440,105.0,35.0
AT1G47560,17.0,10.0
AT5G26751,39.0,20.0
AT4G14147,37.0,20.0
AT1G47600,599.0,75.0
AT3G21860,319.0,65.0
AT3G60020,298.0,65.0
AT4G34150,51.0,25.0
AT3G49920,51.0,25.0
AT4G00720,120.0,40.0
AT2G38490,196.0,50.0
AT2G47610,1320.0,95.0
AT1G48325,88.0,35.0
AT1G48350,95.0,35.0
AT3G06430,547.0,75.0
AT5G25460,130.0,40.0
AT2G13650,428.0,70.0
AT2G01250,1335.0,95.0
AT1G48020,98.0,35.0
AT1G48120,6.0,0.0
AT1G76310,82.0,30.0
AT5G22890,226.0,55.0
AT5G38220,599.0,80.0
AT1G48570,48.0,25.0
AT1G48600,189.0,50.0
AT3G06980,77.0,30.0
AT2G27880,599.0,80.0
AT1G48440,154.0,45.0
AT3G19120,242.0,55.0
AT5G09810,199.0,50.0
AT1G48510,9.0,5.0
AT5G61850,112.0,40.0
AT1G48620,88.0,35.0
AT2G32910,123.0,40.0
AT1G30970,460.0,70.0
AT2G22370,14.0,10.0
AT2G42520,73.0,30.0
AT5G58530,34.0,20.0
AT1G30880,19.0,10.0
AT1G48610,7.0,5.0
AT5G59330,2.0,0.0
AT1G30920,222.0,55.0
AT4G02560,599.0,80.0
AT4G24680,276.0,65.0
AT4G13340,7.0,5.0
AT1G48635,34.0,20.0
AT5G22330,1202.0,95.0
AT3G24480,7.0,5.0
AT3G19590,269.0,65.0
AT4G00650,186.0,50.0
AT3G58570,204.0,55.0
AT4G00660,88.0,35.0
AT1G48970,77.0,30.0
AT1G31170,92.0,35.0
AT1G31190,13.0,10.0
AT1G49040,85.0,30.0
AT1G49250,5.0,0.0
AT5G49880,48.0,25.0
AT3G44740,108.0,35.0
AT1G48860,56.0,25.0
AT1G31080,36.0,20.0
AT1G31120,51.0,25.0
AT4G26900,11.0,5.0
AT1G31310,109.0,35.0
AT1G49435,188.0,50.0
AT1G49470,88.0,35.0
AT2G40470,379.0,70.0
AT2G42430,89.0,35.0
AT1G74260,93.0,35.0
AT1G31240,194.0,50.0
AT1G31280,599.0,75.0
AT1G49400,6.0,0.0
AT5G15220,13.0,10.0
AT1G31300,41.0,20.0
AT4G10840,599.0,85.0
AT1G31360,1.0,0.0
AT1G79190,88.0,35.0
AT1G50090,115.0,40.0
AT4G13870,1.0,0.0
AT5G58590,46.0,20.0
AT3G26620,505.0,75.0
AT4G00220,412.0,70.0
AT1G49710,143.0,45.0
AT1G49980,88.0,35.0
AT2G41740,80.0,30.0
AT1G31440,259.0,60.0
AT4G12780,259.0,60.0
AT3G57410,190.0,50.0
AT2G28360,259.0,60.0
AT2G36020,75.0,30.0
AT1G50100,154.0,45.0
AT1G50140,88.0,35.0
AT3G49700,60.0,25.0
AT5G65800,227.0,55.0
AT1G50180,599.0,75.0
AT3G57920,372.0,70.0
AT5G64050,148.0,45.0
AT1G50570,259.0,60.0
AT4G36590,197.0,50.0
AT5G27960,141.0,45.0
AT1G50940,1.0,0.0
AT1G31460,3.0,0.0
AT1G31540,180.0,50.0
AT1G50390,60.0,25.0
AT3G25530,599.0,80.0
AT2G03710,515.0,75.0
AT5G65330,202.0,55.0
AT1G31720,13.0,10.0
AT2G47910,47.0,20.0
AT4G37925,21.0,10.0
AT2G33410,50.0,25.0
AT5G43430,1.0,0.0
AT5G58890,149.0,45.0
AT5G60440,103.0,35.0
AT1G50970,89.0,35.0
AT1G51030,154.0,45.0
AT1G51310,88.0,35.0
AT3G60150,13.0,10.0
AT1G31810,22.0,15.0
AT1G51320,115.0,40.0
AT1G51410,26.0,15.0
AT2G47580,7.0,5.0
AT5G20935,43.0,20.0
AT5G52100,8.0,5.0
AT1G31780,152.0,45.0
AT3G24120,215.0,55.0
AT5G58260,8.0,5.0
AT3G24460,282.0,65.0
AT1G54270,599.0,85.0
AT2G39820,8.0,5.0
AT5G10420,569.0,75.0
AT1G31820,34.0,20.0
AT3G55620,15.0,10.0
AT1G42560,402.0,70.0
AT1G68170,82.0,30.0
AT1G56190,599.0,80.0
AT1G51470,599.0,75.0
AT3G19460,630.0,85.0
AT1G37130,599.0,85.0
AT1G51100,234.0,55.0
AT5G27470,102.0,35.0
AT1G51720,34.0,20.0
AT1G54200,93.0,35.0
AT1G51540,54.0,25.0
AT1G31830,8.0,5.0
AT3G47120,121.0,40.0
AT1G66530,79.0,30.0
AT4G26300,79.0,30.0
AT1G51850,115.0,40.0
AT1G76070,49.0,25.0
AT2G24570,277.0,65.0
AT1G51900,89.0,35.0
AT3G16890,69.0,25.0
AT1G54490,259.0,60.0
AT1G72660,2.0,0.0
AT1G51760,599.0,75.0
AT1G56450,1184.0,95.0
AT1G66160,133.0,40.0
AT1G51830,371.0,70.0
AT2G44745,599.0,80.0
AT1G52120,88.0,35.0
AT1G52200,319.0,65.0
AT3G11400,680.0,85.0
AT3G16560,49.0,25.0
AT5G23535,39.0,20.0
AT2G27840,50.0,25.0
AT2G32960,49.0,25.0
AT1G52000,9.0,5.0
AT1G52030,599.0,75.0
AT2G35010,49.0,25.0
AT3G28715,731.0,85.0
AT4G08460,59.0,25.0
AT2G36690,30.0,15.0
AT2G46320,30.0,15.0
AT4G14020,49.0,25.0
AT1G55040,152.0,45.0
AT3G18295,49.0,25.0
AT3G27580,199.0,50.0
AT1G77800,30.0,15.0
AT1G79920,599.0,80.0
AT3G20040,30.0,15.0
AT4G30860,185.0,50.0
AT4G31050,49.0,25.0
AT4G17910,30.0,15.0
AT4G20260,455.0,70.0
AT4G21660,49.0,25.0
AT3G03340,599.0,80.0
AT3G13210,174.0,50.0
AT4G21720,49.0,25.0
AT4G26610,49.0,25.0
AT3G15970,36.0,20.0
AT5G05190,417.0,70.0
AT5G03360,30.0,15.0
AT5G28823,30.0,15.0
AT5G10160,49.0,25.0
AT5G11460,49.0,25.0
AT5G44870,30.0,15.0
AT4G39540,318.0,65.0
AT5G03740,271.0,65.0
AT4G27940,30.0,15.0
AT4G30000,30.0,15.0
AT5G04190,68.0,25.0
AT5G18110,147.0,45.0
AT5G19340,49.0,25.0
AT1G52490,101.0,35.0
AT1G52530,2.0,0.0
AT5G23120,231.0,55.0
AT5G46920,30.0,15.0
AT5G16080,285.0,65.0
AT5G16400,599.0,80.0
AT5G53100,98.0,35.0
AT5G66380,30.0,15.0
AT1G53050,259.0,60.0
AT5G58960,49.0,25.0
AT5G59250,49.0,25.0
AT1G53060,8.0,5.0
AT2G18230,599.0,75.0
AT5G23130,119.0,40.0
AT1G52570,85.0,30.0
AT1G52670,123.0,40.0
AT5G42050,59.0,25.0
AT5G50180,175.0,50.0
AT1G52930,8.0,5.0
AT1G32060,599.0,80.0
AT2G35690,599.0,80.0
AT1G53280,19.0,10.0
AT1G32100,250.0,60.0
AT5G47435,4.0,0.0
AT4G33070,599.0,80.0
AT5G59490,194.0,50.0
AT1G31990,3.0,0.0
AT1G53070,8.0,5.0
AT1G53080,96.0,35.0
AT2G38290,196.0,50.0
AT2G35530,119.0,40.0
AT1G32870,18.0,10.0
AT1G53500,599.0,80.0
AT1G53570,259.0,60.0
AT2G01980,36.0,20.0
AT5G01320,88.0,35.0
AT1G65440,246.0,60.0
AT1G32150,15.0,10.0
AT5G01330,88.0,35.0
AT1G53350,599.0,75.0
AT4G34910,315.0,65.0
AT3G11020,37.0,20.0
AT3G43590,24.0,15.0
AT1G53880,48.0,25.0
AT1G54020,68.0,25.0
AT2G40340,65.0,25.0
AT1G53580,599.0,75.0
AT1G53625,32.0,15.0
AT3G04060,112.0,40.0
AT3G04710,26.0,15.0
AT1G53830,599.0,75.0
AT5G11270,196.0,50.0
AT1G54340,599.0,80.0
AT1G54445,89.0,35.0
AT5G48250,18.0,10.0
AT5G54680,37.0,20.0
AT1G54780,8.0,5.0
AT4G09060,147.0,45.0
AT5G03760,18.0,10.0
AT3G44530,261.0,60.0
AT5G16270,324.0,65.0
AT5G09330,31.0,15.0
AT1G32350,415.0,70.0
AT1G32360,126.0,40.0
AT1G54960,138.0,40.0
AT1G55020,138.0,40.0
AT2G15310,36.0,20.0
AT1G54850,27.0,15.0
AT1G32240,35.0,20.0
AT4G28190,150.0,45.0
AT1G76440,2.0,0.0
AT1G54920,259.0,60.0
AT1G55210,123.0,40.0
AT1G32440,56.0,25.0
AT1G32450,16.0,10.0
AT1G55250,599.0,75.0
AT1G55550,88.0,30.0
AT1G32400,49.0,25.0
AT1G55130,36.0,20.0
AT1G55205,88.0,35.0
AT4G21790,2.0,0.0
AT1G36980,10.0,5.0
AT1G55207,88.0,30.0
AT4G29170,67.0,25.0
AT5G14040,447.0,70.0
AT1G55800,96.0,35.0
AT5G48720,3.0,0.0
AT4G18470,206.0,55.0
AT1G55810,599.0,75.0
AT2G33480,321.0,65.0
AT5G50820,453.0,70.0
AT1G55660,599.0,75.0
AT3G48850,386.0,70.0
AT1G32530,599.0,80.0
AT2G27050,281.0,65.0
AT3G07350,81.0,30.0
AT1G56000,5.0,0.0
AT5G02220,148.0,45.0
AT3G22380,259.0,60.0
AT1G55820,259.0,60.0
AT1G32585,39.0,20.0
AT1G59970,27.0,15.0
AT1G55850,319.0,65.0
AT1G55860,599.0,75.0
AT4G25340,175.0,50.0
AT5G36220,27.0,15.0
AT5G58600,27.0,15.0
AT5G05420,148.0,45.0
AT5G63550,148.0,45.0
AT3G25890,476.0,70.0
AT1G56040,32.0,15.0
AT1G56080,6.0,0.0
AT4G36730,259.0,60.0
AT5G01880,27.0,15.0
AT1G56100,599.0,75.0
AT1G55520,252.0,60.0
AT1G56420,29.0,15.0
AT1G56440,259.0,60.0
AT1G73960,25.0,15.0
AT3G13445,16.0,10.0
AT1G56540,29.0,15.0
AT1G32700,152.0,45.0
AT1G32740,7.0,5.0
AT4G32208,139.0,45.0
AT5G09590,170.0,50.0
AT1G55300,78.0,30.0
AT3G13350,231.0,55.0
AT3G54730,223.0,55.0
AT1G58390,599.0,75.0
AT1G58602,599.0,75.0
AT4G04030,223.0,55.0
AT1G58265,96.0,35.0
AT5G54260,562.0,75.0
AT2G28200,108.0,35.0
AT2G16360,698.0,85.0
AT4G34555,670.0,85.0
AT1G59780,599.0,80.0
AT5G39790,70.0,30.0
AT1G32990,599.0,80.0
AT1G59820,599.0,75.0
AT1G59910,259.0,60.0
AT5G06650,418.0,70.0
AT1G59660,599.0,80.0
AT1G59690,89.0,35.0
AT5G49490,361.0,70.0
AT1G32900,80.0,30.0
AT1G59760,16.0,10.0
AT1G33050,259.0,60.0
AT1G63210,243.0,55.0
AT5G19485,482.0,70.0
AT1G33055,49.0,25.0
AT1G33060,49.0,25.0
AT1G60710,26.0,15.0
AT5G53920,3.0,0.0
AT1G33040,76.0,30.0
AT1G59980,89.0,35.0
AT5G30510,599.0,80.0
AT5G12190,70.0,30.0
AT3G17020,380.0,70.0
AT1G33140,1317.0,95.0
AT2G34840,727.0,85.0
AT1G61310,599.0,80.0
AT1G33170,145.0,45.0
AT1G60770,24.0,15.0
AT2G16595,80.0,30.0
AT3G06600,428.0,70.0
AT1G60810,115.0,40.0
AT1G60890,599.0,75.0
AT1G62170,80.0,30.0
AT1G33280,20.0,10.0
AT3G13540,402.0,70.0
AT1G62390,36.0,20.0
AT1G62410,3.0,0.0
AT1G76880,261.0,60.0
AT3G16140,24.0,15.0
AT1G61570,6.0,0.0
AT3G46580,227.0,55.0
AT1G33250,19.0,10.0
AT1G61790,281.0,65.0
AT2G31180,332.0,65.0
AT1G62810,599.0,75.0
AT1G62850,152.0,45.0
AT5G02840,384.0,70.0
AT1G33810,36.0,20.0
AT1G62980,96.0,35.0
AT1G33430,33.0,20.0
AT1G33470,57.0,25.0
AT1G62670,88.0,30.0
AT1G62750,599.0,75.0
AT1G47760,227.0,55.0
AT1G34170,599.0,80.0
AT1G34180,31.0,15.0
AT3G24340,15.0,10.0
AT4G15950,26.0,15.0
AT2G26010,199.0,50.0
AT2G30280,15.0,10.0
AT1G34000,150.0,45.0
AT1G34030,1320.0,95.0
AT2G41340,15.0,10.0
AT3G22900,15.0,10.0
AT1G63310,599.0,75.0
AT1G34340,40.0,20.0
AT5G17210,175.0,50.0
AT1G63500,371.0,70.0
AT1G63660,599.0,75.0
AT3G57830,619.0,85.0
AT5G41010,26.0,15.0
AT3G57940,115.0,40.0
AT1G34320,43.0,20.0
AT4G25920,271.0,65.0
AT1G63180,57.0,25.0
AT2G47400,93.0,35.0
AT3G04260,227.0,55.0
AT3G48500,220.0,55.0
AT3G18140,1134.0,95.0
AT3G25860,392.0,70.0
AT2G28680,55.0,25.0
AT1G34370,126.0,40.0
AT3G17590,736.0,85.0
AT1G63680,158.0,45.0
AT1G74850,174.0,50.0
AT2G45920,78.0,30.0
AT1G48390,33.0,20.0
AT1G73640,17.0,10.0
AT1G64070,29.0,15.0
AT3G01390,43.0,20.0
AT2G17350,113.0,40.0
AT3G54470,599.0,80.0
AT5G15190,9.0,5.0
AT5G55220,170.0,50.0
AT1G63780,5.0,0.0
AT3G18600,5.0,0.0
AT1G64510,152.0,45.0
AT2G26560,22.0,15.0
AT1G65985,753.0,85.0
AT1G64550,88.0,30.0
AT1G64560,88.0,30.0
AT3G53380,17.0,10.0
AT4G23710,22.0,10.0
AT1G64350,164.0,45.0
AT5G67620,167.0,50.0
AT1G34570,17.0,10.0
AT1G64500,259.0,60.0
AT4G27435,183.0,50.0
AT1G65020,8.0,5.0
AT1G65280,32.0,15.0
AT4G30120,117.0,40.0
AT5G10190,327.0,65.0
AT1G65350,2.0,0.0
AT2G33110,525.0,75.0
AT2G43690,633.0,85.0
AT1G64710,599.0,75.0
AT1G64790,599.0,75.0
AT3G45700,137.0,40.0
AT3G13410,494.0,70.0
AT1G34770,19.0,10.0
AT1G66120,599.0,75.0
AT1G66270,98.0,35.0
AT2G04030,684.0,85.0
AT5G50375,110.0,40.0
AT1G34670,264.0,60.0
AT1G34760,329.0,65.0
AT1G65920,599.0,75.0
AT1G65960,26.0,15.0
AT3G21280,46.0,20.0
AT4G35900,172.0,50.0
AT1G35210,21.0,10.0
AT5G26680,11.0,5.0
AT1G66740,6.0,0.0
AT1G34780,163.0,45.0
AT1G66280,144.0,45.0
AT1G66360,96.0,35.0
AT1G34790,50.0,25.0
AT1G35160,612.0,85.0
AT2G22250,11.0,5.0
AT1G35430,50.0,25.0
AT5G08690,62.0,25.0
AT1G66950,98.0,35.0
AT3G02860,245.0,60.0
AT1G62975,302.0,65.0
AT1G67060,88.0,30.0
AT1G68140,17.0,10.0
AT2G30980,391.0,70.0
AT1G78770,201.0,50.0
AT4G36490,88.0,35.0
AT1G35230,10.0,5.0
AT1G75710,191.0,50.0
AT1G79220,192.0,50.0
AT5G66530,1.0,0.0
AT1G67310,138.0,40.0
AT2G05900,145.0,45.0
AT5G48375,5.0,0.0
AT1G66810,705.0,85.0
AT1G74120,303.0,65.0
AT1G67210,9.0,5.0
AT1G67280,1.0,0.0
AT1G67590,259.0,60.0
AT3G43430,179.0,50.0
AT3G49690,261.0,60.0
AT1G67650,3.0,0.0
AT5G61970,61.0,25.0
AT2G36026,492.0,70.0
AT1G67540,10.0,5.0
AT2G26430,23.0,15.0
AT3G12280,540.0,75.0
AT3G23130,453.0,70.0
AT2G46610,33.0,15.0
AT4G38910,226.0,55.0
AT4G13840,31.0,15.0
AT1G67750,599.0,75.0
AT4G39780,249.0,60.0
AT5G22570,346.0,65.0
AT1G67970,259.0,60.0
AT3G49760,376.0,70.0
AT3G51910,294.0,65.0
AT1G67680,3.0,0.0
AT3G23840,89.0,35.0
AT4G00150,451.0,70.0
AT5G50570,565.0,75.0
AT5G57390,81.0,30.0
AT1G68310,22.0,10.0
AT1G68800,599.0,75.0
AT1G35520,139.0,45.0
AT1G68010,599.0,80.0
AT5G27130,453.0,70.0
AT5G44080,333.0,65.0
AT1G68020,599.0,75.0
AT4G02480,142.0,45.0
AT1G69510,259.0,60.0
AT1G68480,355.0,70.0
AT1G69570,591.0,75.0
AT1G70200,599.0,75.0
AT1G70290,599.0,75.0
AT1G50600,93.0,35.0
AT1G69220,259.0,60.0
AT1G69250,57.0,25.0
AT1G64520,1209.0,95.0
AT1G68360,698.0,85.0
AT3G10180,8.0,5.0
AT2G39250,305.0,65.0
AT1G70580,599.0,75.0
AT1G70710,141.0,45.0
AT2G46130,638.0,85.0
AT3G14720,173.0,50.0
AT1G70770,599.0,85.0
AT1G75520,734.0,85.0
AT1G80340,105.0,35.0
AT1G70530,26.0,15.0
AT1G70570,7.0,5.0
AT2G30590,550.0,75.0
AT4G00240,303.0,65.0
AT4G24390,599.0,85.0
AT1G71300,3.0,0.0
AT1G71310,20.0,10.0
AT4G29810,599.0,80.0
AT1G70840,599.0,75.0
AT3G15150,152.0,45.0
AT3G50870,444.0,70.0
AT1G71220,599.0,80.0
AT1G71280,599.0,75.0
AT1G71370,599.0,75.0
AT3G09920,6.0,5.0
AT5G16050,940.0,90.0
AT1G71410,42.0,20.0
AT1G71500,599.0,80.0
AT4G37460,445.0,70.0
AT4G33370,7.0,5.0
AT5G10010,7.0,5.0
AT5G54360,736.0,85.0
AT3G02520,875.0,90.0
AT5G64910,7.0,5.0
AT1G65290,18.0,10.0
AT1G71920,8.0,5.0
AT3G14390,28.0,15.0
AT1G65650,68.0,25.0
AT1G74470,75.0,30.0
AT5G11880,599.0,80.0
AT1G35620,193.0,50.0
AT1G52740,104.0,35.0
AT1G71530,57.0,25.0
AT1G71697,599.0,75.0
AT1G56280,135.0,40.0
AT2G31500,18.0,10.0
AT2G32750,18.0,10.0
AT1G72410,259.0,60.0
AT1G72550,599.0,80.0
AT3G22530,28.0,15.0
AT1G72230,319.0,65.0
AT2G20890,96.0,35.0
AT2G22910,28.0,15.0
AT1G72270,21.0,10.0
AT1G72280,599.0,75.0
AT5G67590,599.0,75.0
AT5G27850,1330.0,95.0
AT5G41670,315.0,65.0
AT3G22520,21.0,10.0
AT1G73240,96.0,35.0
AT3G26510,28.0,15.0
AT4G39280,599.0,75.0
AT1G72680,599.0,75.0
AT5G07240,259.0,60.0
AT5G27760,18.0,10.0
AT1G72700,599.0,75.0
AT2G38750,599.0,85.0
AT1G73460,259.0,60.0
AT1G73550,123.0,40.0
AT3G61480,95.0,35.0
AT1G35830,33.0,20.0
AT1G73650,371.0,70.0
AT5G52550,18.0,10.0
AT5G59880,599.0,80.0
AT1G73250,57.0,25.0
AT1G73450,259.0,60.0
AT5G65360,599.0,80.0
AT1G78220,11.0,5.0
AT2G37210,14.0,10.0
AT1G73940,28.0,15.0
AT5G08565,49.0,25.0
AT5G18930,19.0,10.0
AT1G73670,259.0,60.0
AT4G31420,22.0,15.0
AT3G11530,16.0,10.0
AT1G73840,259.0,60.0
AT1G73850,89.0,35.0
AT1G74680,88.0,30.0
AT1G51450,12.0,10.0
AT2G40950,16.0,10.0
AT5G66760,320.0,65.0
AT1G74960,599.0,80.0
AT1G41880,247.0,60.0
AT1G74030,8.0,5.0
AT3G60880,599.0,75.0
AT1G42540,21.0,10.0
AT1G42990,137.0,40.0
AT1G74310,599.0,80.0
AT5G11590,147.0,45.0
AT3G11910,599.0,80.0
AT4G00740,53.0,25.0
AT5G19280,201.0,50.0
AT1G43000,63.0,25.0
AT4G16150,44.0,20.0
AT2G41835,349.0,70.0
AT3G10800,185.0,50.0
AT3G15190,215.0,55.0
AT2G38670,44.0,20.0
AT3G49660,16.0,10.0
AT1G43160,266.0,60.0
AT1G43170,1344.0,95.0
AT5G47500,44.0,20.0
AT1G75210,599.0,75.0
AT1G43640,36.0,20.0
AT5G06600,599.0,80.0
AT1G43080,166.0,45.0
AT3G07090,599.0,80.0
AT5G19770,44.0,20.0
AT5G26670,44.0,20.0
AT1G75300,5.0,0.0
AT4G38900,192.0,50.0
AT1G43790,35.0,20.0
AT1G75310,259.0,60.0
AT2G05120,173.0,50.0
AT1G43670,,
AT1G75790,8.0,5.0
AT1G75280,5.0,0.0
AT2G42380,140.0,45.0
AT3G58120,386.0,70.0
AT1G75290,5.0,0.0
AT4G11910,4.0,0.0
AT1G75680,25.0,15.0
AT3G47810,599.0,80.0
AT2G43570,11.0,5.0
AT4G16190,133.0,40.0
AT1G75920,88.0,30.0
AT4G32551,259.0,60.0
AT1G43860,96.0,35.0
AT3G57350,112.0,40.0
AT5G40480,180.0,50.0
AT1G43890,20.0,10.0
AT4G22910,490.0,70.0
AT1G44414,199.0,50.0
AT2G28330,3.0,0.0
AT3G05310,260.0,60.0
AT1G44750,93.0,35.0
AT1G76010,599.0,80.0
AT5G61820,88.0,35.0
AT1G70210,256.0,60.0
AT1G76090,115.0,40.0
AT1G76170,22.0,10.0
AT1G76720,36.0,20.0
AT3G54220,306.0,65.0
AT5G13730,7.0,5.0
AT1G76790,599.0,75.0
AT1G76810,599.0,80.0
AT1G44800,223.0,55.0
AT5G19690,393.0,70.0
AT3G49520,20.0,10.0
AT1G44810,85.0,30.0
AT4G00250,66.0,25.0
AT1G76660,259.0,60.0
AT1G79380,69.0,25.0
AT1G78150,259.0,60.0
AT2G07560,232.0,55.0
AT5G63970,69.0,25.0
AT2G35710,524.0,75.0
AT2G19110,80.0,30.0
AT1G44910,17.0,10.0
AT4G35800,711.0,85.0
AT1G76820,36.0,20.0
AT1G77880,8.0,5.0
AT1G45050,599.0,80.0
AT4G11470,261.0,60.0
AT4G33940,113.0,40.0
AT2G33270,80.0,30.0
AT2G42010,599.0,80.0
AT5G05350,408.0,70.0
AT2G24120,80.0,30.0
AT3G45870,402.0,70.0
AT4G04480,259.0,60.0
AT2G30770,80.0,30.0
AT2G31900,80.0,30.0
AT3G28030,599.0,80.0
AT1G45170,27.0,15.0
AT1G45230,35.0,20.0
AT3G28200,599.0,80.0
AT3G46710,152.0,45.0
AT5G43760,181.0,50.0
AT3G14470,80.0,30.0
AT3G20330,599.0,80.0
AT5G59740,402.0,70.0
AT5G62770,110.0,40.0
AT3G25810,80.0,30.0
AT1G45976,13.0,10.0
AT3G53760,599.0,80.0
AT3G57260,80.0,30.0
AT3G28360,354.0,70.0
AT4G11250,422.0,70.0
AT4G00360,80.0,30.0
AT3G57530,361.0,70.0
AT4G25480,254.0,60.0
AT3G48340,80.0,30.0
AT3G53570,80.0,30.0
AT1G45474,27.0,15.0
AT5G27070,367.0,70.0
AT5G27580,78.0,30.0
AT4G37520,80.0,30.0
AT4G37530,80.0,30.0
AT5G40120,361.0,70.0
AT4G14610,80.0,30.0
AT5G26880,133.0,40.0
AT5G27050,352.0,70.0
AT4G32180,599.0,80.0
AT4G33010,599.0,80.0
AT5G27000,80.0,30.0
AT1G47710,7.0,5.0
AT1G72290,7.0,5.0
AT5G45050,80.0,30.0
AT5G48400,599.0,80.0
AT5G40220,191.0,50.0
AT5G04930,371.0,70.0
AT5G05340,80.0,30.0
AT2G45160,99.0,35.0
AT5G14750,334.0,65.0
AT5G26860,599.0,80.0
AT1G67580,295.0,65.0
AT5G50950,80.0,30.0
AT5G55300,599.0,80.0
AT5G06170,97.0,35.0
AT1G47250,1171.0,95.0
AT1G78440,599.0,75.0
AT1G47200,148.0,45.0
AT5G11390,112.0,40.0
AT5G49060,80.0,30.0
AT5G49500,599.0,80.0
AT5G25070,12.0,10.0
AT3G43230,124.0,40.0
AT3G48160,330.0,65.0
AT1G78880,259.0,60.0
AT1G79060,32.0,15.0
AT3G48680,679.0,85.0
AT1G78610,259.0,60.0
AT3G07480,116.0,40.0
AT3G20970,58.0,25.0
AT2G26380,53.0,25.0
AT4G29710,15.0,10.0
AT2G14260,2.0,0.0
AT5G07110,155.0,45.0
AT5G09450,120.0,40.0
AT5G19900,9.0,5.0
AT1G79890,599.0,75.0
AT3G54120,266.0,65.0
AT1G79090,259.0,60.0
AT1G79440,2.0,0.0
AT4G33350,246.0,60.0
AT4G35320,31.0,15.0
AT2G14170,8.0,5.0
AT5G50100,143.0,45.0
AT1G80360,599.0,75.0
AT2G18720,212.0,55.0
AT5G63510,540.0,75.0
AT1G47270,207.0,55.0
AT4G18330,186.0,50.0
AT5G12010,58.0,25.0
AT5G16880,259.0,60.0
AT1G79970,42.0,20.0
AT1G80020,599.0,75.0
AT5G18910,31.0,15.0
AT1G47420,135.0,40.0
AT1G47490,89.0,35.0
AT2G11405,96.0,35.0
AT2G16750,96.0,35.0
AT1G47510,28.0,15.0
AT1G80460,599.0,75.0
AT1G47290,199.0,50.0
AT1G47330,63.0,25.0
AT1G80500,8.0,5.0
AT1G80660,599.0,80.0
AT2G35760,96.0,35.0
AT5G03540,259.0,60.0
AT1G47580,1.0,0.0
AT2G40480,100.0,35.0
AT3G03305,162.0,45.0
AT3G26280,73.0,30.0
AT2G22780,136.0,40.0
AT2G24060,96.0,35.0
AT5G07520,158.0,45.0
AT1G47540,37.0,20.0
AT2G30480,96.0,35.0
AT2G02960,704.0,85.0
AT3G13770,96.0,35.0
AT3G17170,96.0,35.0
AT2G04480,282.0,65.0
AT2G37940,929.0,90.0
AT3G19190,96.0,35.0
AT2G45350,1.0,0.0
AT1G54730,521.0,75.0
AT3G07160,371.0,70.0
AT3G07790,259.0,60.0
AT1G72200,681.0,85.0
AT4G30770,321.0,65.0
AT5G01550,826.0,90.0
AT4G15110,96.0,35.0
AT4G17610,96.0,35.0
AT5G24920,776.0,85.0
AT3G19810,96.0,35.0
AT3G17650,747.0,85.0
AT4G18195,467.0,70.0
AT3G59170,96.0,35.0
AT4G02630,96.0,35.0
AT5G16020,96.0,35.0
AT4G29658,182.0,50.0
AT1G47730,64.0,25.0
AT5G18750,96.0,35.0
AT5G18820,136.0,40.0
AT5G41610,581.0,75.0
AT4G33630,599.0,80.0
AT5G01260,96.0,35.0
AT5G53190,465.0,70.0
AT5G54630,252.0,60.0
AT5G10170,136.0,40.0
AT1G47820,75.0,30.0
AT5G34830,96.0,35.0
AT5G45060,96.0,35.0
AT1G47830,134.0,40.0
AT4G11380,599.0,85.0
AT5G60580,96.0,35.0
AT1G47740,48.0,25.0
AT1G47750,6.0,5.0
AT5G25590,96.0,35.0
AT5G27890,96.0,35.0
AT5G54067,325.0,65.0
AT1G62830,98.0,35.0
AT3G43240,121.0,40.0
AT2G01320,6.0,0.0
AT2G01470,371.0,70.0
AT4G40060,74.0,30.0
AT2G37990,13.0,10.0
AT1G77000,188.0,50.0
AT2G22490,463.0,70.0
AT2G45290,166.0,50.0
AT2G01240,88.0,30.0
AT5G04940,15.0,10.0
AT5G27090,124.0,40.0
AT5G66980,140.0,45.0
AT2G02130,39.0,20.0
AT2G02140,138.0,40.0
AT5G08190,281.0,65.0
AT2G01490,599.0,75.0
AT2G01520,599.0,85.0
AT5G13910,264.0,60.0
AT5G19490,298.0,65.0
AT4G31880,6.0,0.0
AT1G53160,141.0,45.0
AT3G55540,3.0,0.0
AT2G03800,599.0,75.0
AT1G60880,116.0,40.0
AT1G60920,152.0,45.0
AT2G03820,29.0,15.0
AT1G48040,247.0,60.0
AT3G07500,224.0,55.0
AT2G03110,5.0,0.0
AT2G03510,371.0,70.0
AT1G48110,91.0,35.0
AT1G68840,194.0,50.0
AT1G71692,206.0,55.0
AT2G04410,259.0,60.0
AT3G26618,8.0,5.0
AT1G75530,197.0,50.0
AT5G07350,465.0,70.0
AT1G61980,170.0,50.0
AT1G62085,150.0,45.0
AT2G04170,39.0,20.0
AT2G04280,139.0,45.0
AT2G05380,89.0,35.0
AT2G16210,125.0,40.0
AT2G21060,239.0,55.0
AT2G05720,137.0,40.0
AT3G59480,60.0,25.0
AT1G80400,188.0,50.0
AT2G04780,319.0,65.0
AT2G04880,115.0,40.0
AT2G05330,199.0,50.0
AT2G15660,250.0,60.0
AT2G38020,599.0,80.0
AT3G18870,209.0,55.0
AT3G47833,81.0,30.0
AT2G06255,18.0,10.0
AT3G18960,157.0,45.0
AT3G19510,264.0,60.0
AT2G06990,599.0,80.0
AT2G21400,229.0,55.0
AT2G26580,379.0,70.0
AT2G05920,124.0,40.0
AT2G46390,40.0,20.0
AT3G09290,229.0,55.0
AT3G55210,202.0,55.0
AT3G55530,114.0,40.0
AT2G07667,599.0,75.0
AT2G41500,137.0,40.0
AT3G56380,196.0,50.0
AT5G57460,459.0,70.0
AT3G45880,235.0,55.0
AT3G55080,209.0,55.0
AT2G07600,88.0,30.0
AT2G07660,599.0,75.0
AT2G07727,5.0,0.0
AT4G01060,228.0,55.0
AT4G12850,264.0,60.0
AT2G07734,599.0,75.0
AT2G07750,138.0,40.0
AT3G61120,166.0,45.0
AT5G14800,115.0,40.0
AT5G08680,16.0,10.0
AT3G62260,147.0,45.0
AT4G00130,197.0,50.0
AT5G09230,229.0,55.0
AT5G06500,150.0,45.0
AT5G47930,579.0,75.0
AT2G10780,599.0,75.0
AT5G11340,187.0,50.0
AT5G15060,173.0,50.0
AT2G13440,122.0,40.0
AT4G21080,174.0,50.0
AT4G22820,161.0,45.0
AT2G45710,579.0,75.0
AT3G61111,579.0,75.0
AT4G26150,201.0,50.0
AT5G25470,170.0,50.0
AT5G35770,299.0,65.0
AT4G22420,66.0,25.0
AT2G13820,599.0,75.0
AT5G39810,393.0,70.0
AT4G22285,66.0,25.0
AT5G18300,260.0,60.0
AT5G24120,111.0,40.0
AT4G22290,66.0,25.0
AT4G22350,66.0,25.0
AT2G14920,599.0,75.0
AT5G66770,321.0,65.0
AT1G48175,6.0,5.0
AT2G16390,177.0,50.0
AT2G15630,42.0,20.0
AT5G40710,176.0,50.0
AT5G47720,138.0,40.0
AT2G14740,1.0,0.0
AT5G51860,88.0,35.0
AT5G51980,248.0,60.0
AT5G60360,1.0,0.0
AT1G48240,199.0,50.0
AT2G15920,599.0,75.0
AT3G42170,599.0,80.0
AT1G48260,40.0,20.0
AT5G40620,8.0,5.0
AT5G43630,37.0,20.0
AT5G24670,117.0,40.0
AT3G12270,18.0,10.0
AT2G15690,19.0,10.0
AT2G15860,259.0,60.0
AT2G40900,11.0,5.0
AT1G48370,16.0,10.0
AT1G50260,13.0,10.0
AT2G16950,599.0,80.0
AT5G19820,599.0,75.0
AT2G32560,13.0,10.0
AT3G57080,20.0,10.0
AT1G48280,80.0,30.0
AT1G48320,26.0,15.0
AT2G16570,48.0,25.0
AT3G18880,6.0,0.0
AT2G17130,599.0,80.0
AT5G56010,727.0,85.0
AT1G48420,599.0,80.0
AT2G17370,599.0,75.0
AT2G17440,285.0,65.0
AT3G02750,13.0,10.0
AT5G27080,107.0,35.0
AT2G16960,2.0,0.0
AT3G16640,172.0,50.0
AT5G25270,80.0,30.0
AT2G17110,259.0,60.0
AT5G49660,230.0,55.0
AT2G17680,85.0,30.0
AT2G17700,42.0,20.0
AT1G48520,9.0,5.0
AT1G48560,18.0,10.0
AT2G17790,14.0,10.0
AT1G48470,15.0,10.0
AT5G37600,190.0,50.0
AT2G17510,13.0,10.0
AT2G17550,259.0,60.0
AT3G53420,1365.0,95.0
AT2G29080,28.0,15.0
AT4G35470,399.0,70.0
AT2G18330,16.0,10.0
AT3G27380,77.0,30.0
AT1G48760,34.0,20.0
AT2G17980,39.0,20.0
AT1G48605,,
AT1G48630,599.0,80.0
AT5G24510,567.0,75.0
AT2G18140,98.0,35.0
AT2G18640,229.0,55.0
AT1G48870,19.0,10.0
AT1G48900,599.0,75.0
AT2G18760,599.0,75.0
AT5G60600,599.0,80.0
AT2G06530,77.0,30.0
AT5G40650,97.0,35.0
AT5G65165,148.0,45.0
AT1G48830,324.0,65.0
AT1G48850,243.0,55.0
AT2G18620,89.0,35.0
AT5G65687,3.0,0.0
AT2G47990,37.0,20.0
AT4G05410,182.0,50.0
AT1G75640,682.0,85.0
AT3G14840,907.0,90.0
AT4G21130,182.0,50.0
AT1G48920,237.0,55.0
AT1G48930,13.0,10.0
AT5G65090,31.0,15.0
AT2G18880,9.0,5.0
AT1G49030,290.0,65.0
AT5G48940,222.0,55.0
AT5G61480,648.0,85.0
AT3G27860,18.0,10.0
AT5G02950,18.0,10.0
AT1G49140,4.0,0.0
AT5G11240,133.0,40.0
AT4G08850,539.0,75.0
AT5G35390,445.0,70.0
AT5G16750,40.0,20.0
AT2G19490,138.0,40.0
AT2G19710,259.0,60.0
AT1G49410,31.0,15.0
AT1G49480,6.0,5.0
AT2G19870,89.0,35.0
AT2G19920,89.0,35.0
AT1G49180,118.0,40.0
AT5G27650,18.0,10.0
AT5G40340,88.0,35.0
AT3G18060,44.0,20.0
AT1G49300,13.0,10.0
AT2G19590,599.0,75.0
AT1G49560,117.0,40.0
AT2G20280,6.0,0.0
AT5G08530,7.0,5.0
AT1G49580,36.0,20.0
AT2G29550,599.0,80.0
AT2G20550,259.0,60.0
AT3G12360,83.0,30.0
AT4G34390,54.0,25.0
AT2G20030,138.0,40.0
AT2G20208,88.0,30.0
AT1G49520,49.0,25.0
AT4G24710,42.0,20.0
AT1G49600,25.0,15.0
AT2G21130,115.0,40.0
AT2G43090,53.0,25.0
AT2G22010,108.0,35.0
AT2G20800,16.0,10.0
AT3G46810,44.0,20.0
AT1G49590,122.0,40.0
AT2G20875,44.0,20.0
AT2G20960,259.0,60.0
AT2G22170,11.0,5.0
AT1G49700,19.0,10.0
AT5G23580,48.0,25.0
AT3G06860,599.0,80.0
AT2G22270,599.0,75.0
AT3G50070,361.0,70.0
AT2G21300,123.0,40.0
AT2G21600,98.0,35.0
AT5G10440,361.0,70.0
AT1G49670,107.0,35.0
AT2G21940,89.0,35.0
AT4G14270,13.0,10.0
AT2G22480,599.0,75.0
AT3G55190,16.0,10.0
AT1G49820,599.0,80.0
AT4G23860,492.0,70.0
AT5G02420,112.0,40.0
AT1G49760,126.0,40.0
AT2G41430,22.0,15.0
AT2G22300,112.0,40.0
AT2G22420,138.0,40.0
AT2G43970,88.0,35.0
AT4G08790,17.0,10.0
AT4G10470,73.0,30.0
AT2G22660,599.0,80.0
AT2G22950,98.0,35.0
AT5G56250,50.0,25.0
AT5G12380,16.0,10.0
AT2G27480,3.0,0.0
AT2G19650,226.0,55.0
AT5G13110,599.0,75.0
AT5G60790,599.0,75.0
AT2G23170,138.0,40.0
AT2G17540,12.0,10.0
AT3G49850,167.0,50.0
AT2G23520,259.0,60.0
AT2G23820,12.0,5.0
AT1G49870,49.0,25.0
AT4G36430,13.0,10.0
AT2G23120,259.0,60.0
AT1G49880,,
AT1G49950,47.0,25.0
AT2G23140,259.0,60.0
AT3G15040,78.0,30.0
AT3G23810,599.0,80.0
AT5G07440,77.0,30.0
AT3G49590,45.0,20.0
AT1G50170,6.0,5.0
AT2G24330,98.0,35.0
AT1G49970,213.0,55.0
AT1G50010,599.0,80.0
AT2G23940,188.0,50.0
AT3G03910,37.0,20.0
AT1G50030,127.0,40.0
AT3G43210,5.0,0.0
AT4G14150,2.0,0.0
AT3G52630,5.0,0.0
AT4G18590,5.0,0.0
AT1G50250,387.0,70.0
AT2G24360,259.0,60.0
AT1G50240,5.0,0.0
AT3G23670,2.0,0.0
AT2G24370,85.0,30.0
AT2G24440,11.0,5.0
AT2G25110,599.0,75.0
AT1G50310,33.0,20.0
AT1G50320,187.0,50.0
AT2G25160,371.0,70.0
AT3G52140,599.0,80.0
AT2G20140,1317.0,95.0
AT5G62350,5.0,0.0
AT2G24800,599.0,75.0
AT4G29040,1368.0,95.0
AT1G50280,4.0,0.0
AT2G24820,4.0,0.0
AT3G45260,55.0,25.0
AT2G25430,352.0,70.0
AT2G25450,599.0,75.0
AT4G22220,80.0,30.0
AT5G03150,55.0,25.0
AT2G25670,57.0,25.0
AT5G63980,599.0,80.0
AT1G50410,60.0,25.0
AT2G25210,599.0,80.0
AT2G25300,599.0,75.0
AT1G76030,599.0,85.0
AT1G50460,166.0,45.0
AT5G02500,795.0,85.0
AT2G26120,89.0,35.0
AT2G26260,9.0,5.0
AT1G50500,259.0,60.0
AT2G25950,259.0,60.0
AT5G44160,105.0,35.0
AT1G50450,17.0,10.0
AT2G25970,259.0,60.0
AT2G26060,22.0,10.0
AT2G26780,599.0,75.0
AT2G20350,18.0,10.0
AT5G67000,28.0,15.0
AT2G26890,599.0,75.0
AT2G27070,599.0,75.0
AT1G71270,22.0,15.0
AT2G26510,319.0,65.0
AT2G26530,259.0,60.0
AT4G19490,3.0,0.0
AT3G19895,125.0,40.0
AT5G16690,8.0,5.0
AT2G19230,800.0,85.0
AT5G62530,3.0,0.0
AT4G26701,22.0,10.0
AT1G50700,6.0,5.0
AT1G50710,81.0,30.0
AT5G55310,22.0,10.0
AT1G51890,751.0,85.0
AT1G53130,33.0,20.0
AT2G27170,2.0,0.0
AT3G54670,70.0,30.0
AT1G75820,449.0,70.0
AT5G37610,55.0,25.0
AT1G50820,8.0,5.0
AT5G57290,281.0,65.0
AT2G27936,88.0,30.0
AT1G50900,38.0,20.0
AT2G27700,36.0,20.0
AT1G50730,14.0,10.0
AT2G44790,319.0,65.0
AT4G00810,281.0,65.0
AT4G25890,281.0,65.0
AT5G02110,167.0,50.0
AT1G51070,22.0,15.0
AT3G18290,12.0,10.0
AT2G43140,53.0,25.0
AT3G47930,599.0,75.0
AT2G37020,45.0,20.0
AT2G31862,26.0,15.0
AT2G31920,50.0,25.0
AT1G50950,14.0,10.0
AT1G50960,7.0,5.0
AT3G53880,26.0,15.0
AT1G51170,46.0,20.0
AT2G28540,88.0,30.0
AT2G28605,88.0,30.0
AT2G47060,599.0,80.0
AT1G51200,45.0,20.0
AT2G28760,599.0,75.0
AT4G14410,44.0,20.0
AT1G51090,175.0,50.0
AT2G28120,85.0,30.0
AT2G28150,259.0,60.0
AT2G44050,195.0,50.0
AT1G51355,47.0,25.0
AT3G61150,80.0,30.0
AT3G46560,3.0,0.0
AT2G29880,115.0,40.0
AT4G33510,259.0,60.0
AT2G28790,599.0,75.0
AT1G51290,36.0,20.0
AT1G51340,25.0,15.0
AT2G29140,259.0,60.0
AT2G29200,259.0,60.0
AT2G30695,123.0,40.0
AT3G13224,6.0,5.0
AT3G55290,14.0,10.0
AT2G30750,319.0,65.0
AT2G30860,599.0,75.0
AT1G51370,15.0,10.0
AT2G30000,57.0,25.0
AT4G32580,59.0,25.0
AT1G51400,26.0,15.0
AT1G51580,379.0,70.0
AT2G30320,188.0,50.0
AT2G19500,25.0,15.0
AT2G31080,599.0,75.0
AT2G31082,88.0,30.0
AT3G17060,25.0,15.0
AT4G03420,28.0,15.0
AT2G31170,599.0,75.0
AT1G51590,1.0,0.0
AT4G38240,1.0,0.0
AT2G30870,138.0,40.0
AT2G30970,190.0,50.0
AT1G54380,29.0,15.0
AT5G61660,25.0,15.0
AT1G51630,83.0,30.0
AT2G31810,599.0,75.0
AT2G32680,32.0,15.0
AT1G51650,143.0,45.0
AT2G31865,13.0,10.0
AT5G04470,128.0,40.0
AT5G55132,25.0,15.0
AT2G31725,8.0,5.0
AT2G31800,114.0,40.0
AT2G32170,88.0,30.0
AT1G51710,599.0,80.0
AT2G41110,39.0,20.0
AT3G27600,61.0,25.0
AT4G16200,61.0,25.0
AT2G43410,110.0,40.0
AT3G61650,167.0,50.0
AT2G32010,3.0,0.0
AT1G51680,45.0,20.0
AT1G51690,599.0,80.0
AT2G32060,152.0,45.0
AT1G51980,599.0,80.0
AT2G32640,599.0,75.0
AT2G32850,259.0,60.0
AT1G52040,599.0,80.0
AT3G12630,41.0,20.0
AT2G32900,8.0,5.0
AT1G79630,14.0,10.0
AT3G18800,114.0,40.0
AT5G06890,61.0,25.0
AT5G12280,61.0,25.0
AT5G65240,212.0,55.0
AT5G01210,599.0,80.0
AT2G24250,175.0,50.0
AT4G25180,166.0,45.0
AT5G23180,76.0,30.0
AT4G11370,205.0,55.0
AT2G42700,6.0,0.0
AT1G52070,15.0,10.0
AT1G52100,2.0,0.0
AT3G47700,8.0,5.0
AT4G26970,599.0,80.0
AT2G34470,599.0,75.0
AT3G16120,162.0,45.0
AT3G61310,68.0,25.0
AT2G34560,189.0,50.0
AT2G34810,13.0,10.0
AT1G52190,94.0,35.0
AT2G33620,30.0,15.0
AT2G33790,7.0,5.0
AT2G30160,46.0,20.0
AT1G76850,259.0,60.0
AT2G33980,88.0,30.0
AT4G35020,59.0,25.0
AT2G34940,112.0,40.0
AT5G17380,599.0,80.0
AT5G19920,18.0,10.0
AT1G52280,225.0,55.0
AT5G27380,599.0,80.0
AT4G08240,14.0,10.0
AT4G19003,67.0,25.0
AT5G09440,6.0,0.0
AT2G34830,138.0,40.0
AT4G32960,40.0,20.0
AT2G20900,2.0,0.0
AT4G33460,15.0,10.0
AT2G35880,114.0,40.0
AT3G45030,652.0,85.0
AT1G52360,154.0,45.0
AT2G35050,259.0,60.0
AT4G34640,606.0,85.0
AT1G52340,57.0,25.0
AT2G35370,599.0,75.0
AT5G14590,42.0,20.0
AT2G36460,599.0,80.0
AT3G18730,172.0,50.0
AT1G62560,3.0,0.0
AT2G36480,259.0,60.0
AT4G26390,13.0,10.0
AT1G52380,913.0,90.0
AT2G36290,599.0,75.0
AT2G36310,22.0,10.0
AT1G52400,599.0,80.0
AT1G52410,19.0,10.0
AT2G36380,371.0,70.0
AT1G52560,190.0,50.0
AT2G36780,599.0,75.0
AT2G36810,88.0,30.0
AT3G26900,65.0,25.0
AT1G52630,40.0,20.0
AT2G36850,319.0,65.0
AT2G20790,23.0,15.0
AT2G22930,9.0,5.0
AT5G08570,13.0,10.0
AT5G63680,599.0,80.0
AT5G56980,9.0,5.0
AT1G52770,18.0,10.0
AT3G07270,9.0,5.0
AT2G37520,88.0,30.0
AT4G39230,5.0,0.0
AT1G52825,145.0,45.0
AT2G37160,70.0,25.0
AT5G06570,3.0,0.0
AT4G37550,4.0,0.0
AT2G37230,4.0,0.0
AT4G02430,20.0,10.0
AT3G54860,599.0,75.0
AT1G53020,94.0,35.0
AT2G30110,599.0,85.0
AT2G38040,599.0,80.0
AT2G38070,259.0,60.0
AT1G52870,170.0,50.0
AT2G37690,89.0,35.0
AT2G37970,259.0,60.0
AT2G01150,10.0,5.0
AT1G52920,29.0,15.0
AT2G38010,98.0,35.0
AT1G53090,227.0,55.0
AT2G38380,319.0,65.0
AT3G03060,16.0,10.0
AT1G66390,153.0,45.0
AT3G15354,228.0,55.0
AT4G18030,16.0,10.0
AT2G47110,228.0,55.0
AT3G62250,159.0,45.0
AT2G38210,599.0,80.0
AT2G38240,259.0,60.0
AT1G53025,30.0,15.0
AT1G68510,29.0,15.0
AT2G45190,677.0,85.0
AT2G39435,88.0,30.0
AT2G39730,599.0,80.0
AT1G66370,254.0,60.0
AT2G39310,199.0,50.0
AT4G11110,229.0,55.0
AT4G21100,923.0,90.0
AT2G39330,133.0,40.0
AT2G39420,259.0,60.0
AT3G54540,599.0,80.0
AT1G74360,633.0,85.0
AT4G32880,70.0,30.0
AT2G40300,599.0,75.0
AT2G43945,7.0,5.0
AT1G66380,225.0,55.0
AT2G39910,48.0,25.0
AT3G54490,14.0,10.0
AT1G53310,599.0,80.0
AT1G53400,25.0,15.0
AT2G40070,259.0,60.0
AT1G53650,15.0,10.0
AT5G08180,54.0,25.0
AT3G06650,193.0,50.0
AT1G71770,599.0,80.0
AT3G19350,15.0,10.0
AT2G40980,599.0,75.0
AT5G04170,33.0,20.0
AT5G23720,16.0,10.0
AT3G59870,7.0,5.0
AT2G40580,4.0,0.0
AT1G53560,199.0,50.0
AT5G64200,68.0,25.0
AT3G53590,551.0,75.0
AT3G02820,29.0,15.0
AT3G22790,29.0,15.0
AT1G53760,5.0,0.0
AT2G41210,229.0,55.0
AT4G34110,109.0,35.0
AT4G25500,599.0,80.0
AT2G41530,599.0,80.0
AT2G41550,152.0,45.0
AT2G41640,89.0,35.0
AT2G25880,64.0,25.0
AT2G44040,16.0,10.0
AT3G10350,31.0,15.0
AT3G62530,48.0,25.0
AT5G66830,226.0,55.0
AT3G46730,29.0,15.0
AT3G49790,29.0,15.0
AT4G27060,155.0,45.0
AT1G53900,58.0,25.0
AT4G14370,29.0,15.0
AT1G54010,183.0,50.0
AT5G47190,241.0,55.0
ATCG00380,157.0,45.0
AT1G54030,183.0,50.0
AT5G25980,599.0,80.0
ATCG00500,599.0,80.0
AT3G10040,7.0,5.0
AT4G21450,188.0,50.0
AT5G24490,599.0,80.0
AT5G36700,134.0,40.0
AT1G54000,57.0,25.0
AT1G58070,67.0,25.0
AT1G70350,31.0,15.0
AT2G42100,163.0,45.0
AT2G42370,216.0,55.0
AT1G79350,198.0,50.0
ATCG00640,31.0,15.0
AT4G23810,459.0,70.0
AT1G57620,226.0,55.0
ATCG00650,297.0,65.0
ATCG00770,522.0,75.0
AT5G14610,20.0,10.0
AT1G01010,516.0,75.0
AT1G10030,712.0,85.0
AT2G29125,31.0,15.0
AT2G39705,31.0,15.0
AT3G52990,599.0,80.0
AT2G43150,599.0,75.0
AT1G12390,232.0,55.0
AT2G02570,35.0,20.0
AT2G42480,88.0,30.0
AT3G01540,259.0,60.0
AT2G16890,31.0,15.0
AT2G28710,62.0,25.0
AT3G06480,20.0,10.0
AT4G32260,141.0,45.0
AT4G21110,33.0,15.0
AT2G43910,259.0,60.0
AT1G21790,260.0,60.0
AT1G54330,1125.0,95.0
AT4G33666,31.0,15.0
AT4G36515,35.0,20.0
AT2G43950,26.0,15.0
AT1G14360,1091.0,95.0
AT3G15395,31.0,15.0
AT3G47675,57.0,25.0
AT2G43360,98.0,35.0
AT2G43480,138.0,40.0
AT1G16240,260.0,60.0
AT1G17080,232.0,55.0
AT4G17270,31.0,15.0
AT1G76670,239.0,55.0
AT5G17450,68.0,25.0
AT5G41520,1141.0,95.0
AT4G11820,319.0,65.0
AT2G44580,4.0,0.0
AT1G77350,456.0,70.0
AT2G02990,231.0,55.0
AT5G50335,53.0,25.0
AT2G44170,599.0,75.0
AT1G62880,232.0,55.0
AT1G65910,473.0,70.0
AT5G02870,1342.0,95.0
AT5G05550,290.0,65.0
AT2G44175,7.0,5.0
AT2G45300,28.0,15.0
AT1G75630,259.0,60.0
AT2G45220,57.0,25.0
AT2G32380,509.0,75.0
AT2G33120,526.0,75.0
AT1G54120,37.0,20.0
AT4G23770,302.0,65.0
AT2G45240,138.0,40.0
AT2G45470,138.0,40.0
AT2G43510,231.0,55.0
AT5G60160,82.0,30.0
AT2G44640,133.0,40.0
AT2G44860,20.0,10.0
AT2G20740,225.0,55.0
AT2G31490,232.0,55.0
AT5G62030,31.0,15.0
AT1G54080,6.0,5.0
AT2G45030,3.0,0.0
AT2G29660,192.0,50.0
AT2G45690,3.0,0.0
AT2G45730,123.0,40.0
AT3G14740,259.0,60.0
AT3G25190,189.0,50.0
AT2G30432,346.0,65.0
AT2G32250,122.0,40.0
AT5G19110,8.0,5.0
AT2G44080,416.0,70.0
AT1G54130,91.0,35.0
AT1G54170,259.0,60.0
AT2G45540,599.0,75.0
AT2G45620,259.0,60.0
AT3G07950,232.0,55.0
AT3G10260,455.0,70.0
AT1G54310,75.0,30.0
AT3G57090,232.0,55.0
AT3G10113,61.0,25.0
AT3G16870,264.0,60.0
AT3G13870,319.0,65.0
AT3G15980,189.0,50.0
AT4G14730,225.0,55.0
AT4G28040,232.0,55.0
AT3G27940,283.0,65.0
AT3G01420,319.0,65.0
AT3G28080,200.0,50.0
AT3G29034,267.0,65.0
AT2G37120,229.0,55.0
AT3G09230,186.0,50.0
AT3G06390,319.0,65.0
AT3G07570,371.0,70.0
AT3G43520,232.0,55.0
AT3G25610,599.0,80.0
AT5G43460,859.0,90.0
AT5G51010,266.0,65.0
AT5G42910,537.0,75.0
AT5G51790,264.0,60.0
AT3G27390,371.0,70.0
AT3G28345,319.0,65.0
AT5G65210,1300.0,95.0
AT3G56770,188.0,50.0
AT3G20370,371.0,70.0
AT3G20410,386.0,70.0
AT5G05760,1073.0,95.0
AT5G19875,232.0,55.0
AT4G34400,225.0,55.0
AT5G14000,227.0,55.0
AT3G25290,319.0,65.0
AT1G54370,599.0,80.0
AT3G47200,319.0,65.0
AT3G47950,599.0,85.0
AT3G17600,970.0,90.0
AT3G54390,716.0,85.0
AT5G48870,74.0,30.0
AT1G54440,258.0,60.0
AT3G53480,319.0,65.0
AT1G01030,150.0,45.0
AT2G20630,259.0,60.0
AT2G43070,8.0,5.0
AT3G29250,599.0,80.0
AT3G44330,371.0,70.0
AT1G15750,1279.0,95.0
AT1G23420,966.0,90.0
AT1G54360,885.0,90.0
AT2G27100,599.0,80.0
AT1G54570,216.0,55.0
AT1G54580,26.0,15.0
AT3G62360,371.0,70.0
AT4G01820,189.0,50.0
AT3G20550,226.0,55.0
AT4G15900,433.0,70.0
AT1G54610,291.0,65.0
AT3G58550,319.0,65.0
AT1G01040,50.0,25.0
AT1G07705,4.0,0.0
AT3G60220,358.0,70.0
AT5G64210,10.0,5.0
AT3G60190,599.0,80.0
AT3G61050,386.0,70.0
AT1G09700,216.0,55.0
AT4G17530,319.0,65.0
AT1G01050,599.0,80.0
AT2G01760,1050.0,95.0
AT1G54870,37.0,20.0
AT1G54990,36.0,20.0
AT4G22666,319.0,65.0
AT4G23700,371.0,70.0
AT4G01480,599.0,80.0
AT1G54690,5.0,0.0
AT4G02050,319.0,65.0
AT4G12420,371.0,70.0
AT4G20910,13.0,10.0
AT5G59710,26.0,15.0
AT3G05850,258.0,60.0
AT1G54820,154.0,45.0
AT4G15610,371.0,70.0
AT1G55160,33.0,20.0
AT4G27860,371.0,70.0
AT4G29900,599.0,85.0
AT1G48000,873.0,90.0
AT1G59530,506.0,75.0
AT5G50370,2.0,0.0
AT1G55180,12.0,10.0
AT4G30530,189.0,50.0
AT5G65683,541.0,75.0
AT1G55050,109.0,35.0
AT1G55090,37.0,20.0
AT4G23850,599.0,80.0
AT4G26690,319.0,65.0
AT1G01060,283.0,65.0
AT1G04880,117.0,40.0
AT1G55150,138.0,45.0
AT3G22170,81.0,30.0
AT5G10730,38.0,20.0
AT1G55200,,
AT5G19230,371.0,70.0
AT5G19250,319.0,65.0
AT3G54500,37.0,20.0
AT3G60250,109.0,40.0
AT1G55270,17.0,10.0
AT4G35060,371.0,70.0
AT2G37000,668.0,85.0
AT2G46830,379.0,70.0
AT2G30880,217.0,55.0
AT2G34690,49.0,25.0
AT4G37070,371.0,70.0
AT4G37410,371.0,70.0
AT3G18650,450.0,70.0
AT5G47770,319.0,65.0
AT4G18390,1263.0,95.0
AT4G25610,140.0,45.0
AT1G55350,88.0,35.0
AT1G55460,83.0,30.0
AT5G47990,599.0,85.0
AT5G48000,189.0,50.0
AT5G53360,46.0,20.0
AT1G55290,5.0,0.0
AT5G23980,285.0,65.0
AT5G23990,285.0,65.0
AT3G61910,1338.0,95.0
AT4G10180,264.0,60.0
AT5G39250,222.0,55.0
AT1G55325,2.0,0.0
AT5G37640,371.0,70.0
AT3G22550,82.0,30.0
AT5G60660,599.0,85.0
AT5G62670,599.0,85.0
AT1G31812,1274.0,95.0
AT2G26180,1376.0,95.0
AT2G16060,8.0,5.0
AT2G46680,384.0,70.0
AT5G64410,599.0,85.0
AT5G64170,37.0,20.0
AT5G18830,13.0,10.0
AT1G55490,970.0,90.0
AT5G49270,189.0,50.0
AT5G50000,358.0,70.0
AT5G67380,599.0,85.0
AT1G01070,554.0,75.0
AT2G28000,918.0,90.0
AT1G01090,376.0,70.0
AT4G35540,72.0,30.0
AT1G55535,148.0,45.0
AT2G46440,599.0,75.0
AT2G46520,599.0,75.0
AT3G11630,1291.0,95.0
AT5G50850,57.0,25.0
AT1G55540,259.0,60.0
AT5G66200,189.0,50.0
AT3G12180,1378.0,95.0
AT3G55440,750.0,85.0
AT3G01470,246.0,60.0
AT4G17750,306.0,65.0
AT2G46030,599.0,75.0
AT2G46110,90.0,35.0
AT4G38690,1103.0,95.0
AT2G47020,70.0,25.0
AT3G44590,1172.0,95.0
AT1G01120,175.0,50.0
AT1G55805,59.0,25.0
AT2G20270,59.0,25.0
AT2G47040,599.0,75.0
AT2G47160,599.0,75.0
AT1G60600,303.0,65.0
AT1G55590,72.0,30.0
AT5G17020,599.0,80.0
AT2G46620,4.0,0.0
AT1G01100,281.0,65.0
AT2G40010,1316.0,95.0
AT1G55740,6.0,5.0
AT1G55750,274.0,65.0
AT3G22620,164.0,45.0
AT1G55880,24.0,15.0
AT2G47730,599.0,80.0
AT2G47970,89.0,35.0
AT4G11220,361.0,70.0
AT4G18430,259.0,60.0
AT1G55890,102.0,35.0
AT4G24690,599.0,80.0
AT3G01120,6.0,0.0
AT1G73920,395.0,70.0
AT3G54900,168.0,50.0
AT4G04950,599.0,85.0
AT2G47170,599.0,75.0
AT5G37830,599.0,75.0
AT2G01950,1114.0,95.0
AT3G13720,884.0,90.0
AT4G28730,203.0,55.0
AT1G31880,1121.0,95.0
AT4G14880,599.0,85.0
AT5G13180,190.0,50.0
AT3G01790,8.0,5.0
AT3G02490,7.0,5.0
AT1G64480,59.0,25.0
AT2G23290,1053.0,95.0
AT1G56050,132.0,40.0
AT3G01480,123.0,40.0
AT4G35450,599.0,80.0
AT1G01140,425.0,70.0
AT1G55910,199.0,50.0
AT1G55920,16.0,10.0
AT3G01490,259.0,60.0
AT3G01560,259.0,60.0
AT1G05410,259.0,60.0
AT3G58110,259.0,60.0
AT4G00340,65.0,25.0
AT4G01400,88.0,35.0
AT1G56145,291.0,65.0
AT1G56150,102.0,35.0
AT5G18180,98.0,35.0
AT3G03070,599.0,75.0
AT4G01420,105.0,35.0
AT1G56070,478.0,70.0
AT3G02560,272.0,65.0
AT3G02650,70.0,25.0
AT2G34090,82.0,30.0
AT3G53900,135.0,40.0
AT1G56090,29.0,15.0
AT3G47110,532.0,75.0
AT3G02710,10.0,5.0
AT1G56220,259.0,60.0
AT3G03600,12.0,10.0
AT3G03710,34.0,20.0
AT4G26560,89.0,35.0
AT4G26570,246.0,60.0
AT1G56250,6.0,5.0
AT5G44110,3.0,0.0
AT4G30920,38.0,20.0
AT4G08150,1183.0,95.0
AT5G10500,5.0,0.0
AT1G56160,90.0,35.0
AT3G03140,123.0,40.0
AT3G18160,34.0,20.0
AT4G16350,52.0,25.0
AT4G17615,313.0,65.0
AT1G73730,120.0,40.0
AT5G22310,499.0,70.0
AT2G47470,190.0,50.0
AT5G43470,599.0,80.0
AT5G12940,16.0,10.0
AT3G04770,599.0,80.0
AT5G24270,248.0,60.0
AT5G47100,282.0,65.0
AT1G56345,20.0,10.0
AT3G04250,32.0,15.0
AT4G28640,1063.0,95.0
AT4G37260,1193.0,95.0
AT2G20130,898.0,90.0
AT1G56340,478.0,70.0
AT3G04470,35.0,20.0
AT3G04590,9.0,5.0
AT4G39050,609.0,85.0
AT3G05090,259.0,60.0
AT5G61010,823.0,90.0
AT1G01160,602.0,85.0
AT2G39000,228.0,55.0
AT4G00480,263.0,60.0
AT3G05130,599.0,75.0
AT3G05230,154.0,45.0
AT1G20700,994.0,90.0
AT1G56430,36.0,20.0
AT3G04830,154.0,45.0
AT3G04870,599.0,75.0
AT5G55990,248.0,60.0
AT5G58720,489.0,70.0
AT1G56580,166.0,45.0
AT1G56590,130.0,40.0
AT5G22060,220.0,55.0
AT4G38180,466.0,70.0
AT5G04420,9.0,5.0
AT3G05680,599.0,75.0
AT1G68320,379.0,70.0
AT1G69690,1358.0,95.0
AT5G15770,178.0,50.0
AT5G26805,32.0,15.0
AT3G12030,128.0,40.0
AT1G32770,361.0,70.0
AT4G11880,258.0,60.0
AT4G25470,129.0,40.0
AT4G04200,102.0,35.0
AT4G36760,45.0,20.0
AT1G48150,1284.0,95.0
AT1G58100,1109.0,95.0
AT4G31550,89.0,35.0
AT2G36400,412.0,70.0
AT1G56710,32.0,15.0
AT3G05070,41.0,20.0
AT5G55660,142.0,45.0
AT4G16630,32.0,15.0
AT2G45480,137.0,40.0
AT3G02540,599.0,80.0
AT4G18230,9.0,5.0
AT4G28250,151.0,45.0
AT2G06200,204.0,55.0
AT2G22840,545.0,75.0
AT1G56660,132.0,40.0
AT1G56680,45.0,20.0
AT4G29520,188.0,50.0
AT5G54110,81.0,30.0
AT2G31070,1256.0,95.0
AT3G06740,98.0,35.0
AT3G47620,1370.0,95.0
AT3G52910,432.0,70.0
AT1G57720,599.0,85.0
AT2G18110,27.0,15.0
AT3G06820,123.0,40.0
AT3G07010,599.0,75.0
AT4G15250,1125.0,95.0
AT4G27580,23.0,15.0
AT3G05970,599.0,75.0
AT3G06050,115.0,40.0
AT3G13960,805.0,85.0
AT3G15030,1350.0,95.0
AT1G57560,217.0,55.0
AT1G57660,1320.0,95.0
AT3G06510,26.0,15.0
AT5G23000,520.0,75.0
AT3G07770,18.0,10.0
AT3G07960,599.0,75.0
AT4G37740,730.0,85.0
AT5G01160,322.0,65.0
AT5G60960,91.0,35.0
AT1G58150,40.0,20.0
AT3G08670,259.0,60.0
AT4G24150,88.0,35.0
AT1G57760,60.0,25.0
AT5G50840,120.0,40.0
AT5G46070,109.0,35.0
AT3G07660,599.0,80.0
AT4G33690,210.0,55.0
AT4G35550,1251.0,95.0
AT1G73805,169.0,50.0
AT2G38360,102.0,35.0
AT1G58290,16.0,10.0
AT3G09250,261.0,60.0
AT3G57570,42.0,20.0
AT4G01990,42.0,20.0
AT2G42390,1025.0,90.0
AT1G01210,149.0,45.0
AT3G14110,3.0,0.0
AT5G10240,599.0,75.0
AT5G23280,1194.0,95.0
AT5G53660,88.0,35.0
AT1G58220,43.0,20.0
AT1G58230,154.0,45.0
AT3G10410,114.0,40.0
AT3G51460,599.0,80.0
AT1G01200,102.0,35.0
AT5G42390,77.0,30.0
AT1G01225,95.0,35.0
AT4G32010,851.0,90.0
AT1G58470,11.0,5.0
AT1G58983,1296.0,95.0
AT3G08900,2.0,0.0
AT3G08943,162.0,45.0
AT4G32570,1261.0,95.0
AT3G21200,3.0,0.0
AT4G28480,599.0,80.0
AT4G37190,42.0,20.0
AT1G10210,1258.0,95.0
AT1G22920,1249.0,95.0
AT1G58330,2.0,0.0
AT5G26340,309.0,65.0
AT5G01770,77.0,30.0
AT1G72570,459.0,70.0
AT3G09470,98.0,35.0
AT3G09550,88.0,30.0
AT1G13770,656.0,85.0
AT1G17280,1375.0,95.0
AT4G02640,468.0,70.0
AT1G66230,293.0,65.0
AT3G09790,85.0,30.0
AT1G01230,1025.0,95.0
AT4G02220,114.0,40.0
AT2G45010,147.0,45.0
AT3G08947,9.0,5.0
AT3G16420,12.0,10.0
AT1G07860,1352.0,95.0
AT1G11940,1030.0,95.0
AT3G09980,58.0,25.0
AT1G62330,252.0,60.0
AT2G44930,195.0,50.0
AT2G45410,180.0,50.0
AT3G10370,599.0,75.0
AT4G32780,5.0,0.0
AT1G64900,76.0,30.0
AT1G69880,136.0,40.0
AT3G11030,254.0,60.0
AT4G14400,47.0,20.0
AT1G27300,1197.0,95.0
AT1G34640,1346.0,95.0
AT1G67530,280.0,65.0
AT1G80030,599.0,80.0
AT3G10010,166.0,45.0
AT3G10360,259.0,60.0
AT1G47640,1366.0,95.0
AT4G22970,32.0,15.0
AT2G29020,1025.0,95.0
AT2G41705,1355.0,95.0
AT3G50510,69.0,25.0
AT3G58710,296.0,65.0
AT4G32360,32.0,15.0
AT5G18420,32.0,15.0
AT3G08510,767.0,85.0
AT3G20100,190.0,50.0
AT3G29190,32.0,15.0
AT3G47720,32.0,15.0
AT1G76185,998.0,90.0
AT2G27290,1204.0,95.0
AT3G20130,599.0,80.0
AT3G27290,172.0,50.0
AT4G17560,169.0,50.0
AT4G28110,323.0,65.0
AT3G11340,599.0,75.0
AT3G15520,599.0,80.0
AT3G17611,114.0,40.0
AT3G26370,1119.0,95.0
AT5G42070,246.0,60.0
AT5G49650,599.0,80.0
AT3G26060,170.0,50.0
AT3G13175,1214.0,95.0
AT3G63280,121.0,40.0
AT4G08170,214.0,55.0
AT3G22200,21.0,10.0
AT5G26170,17.0,10.0
AT3G17000,1357.0,95.0
AT3G17210,997.0,90.0
AT4G21050,69.0,25.0
AT3G59900,709.0,85.0
AT5G63400,118.0,40.0
AT5G42080,599.0,85.0
AT3G63170,123.0,40.0
AT4G15510,123.0,40.0
AT3G62560,931.0,90.0
AT3G66654,1374.0,95.0
AT1G59620,154.0,45.0
AT3G55250,123.0,40.0
AT3G28220,1195.0,95.0
AT3G29270,1060.0,95.0
AT5G51020,136.0,40.0
AT5G57620,69.0,25.0
AT3G55330,123.0,40.0
AT3G56650,123.0,40.0
AT3G51790,696.0,85.0
AT3G11745,599.0,75.0
AT4G27610,916.0,90.0
AT4G29330,1025.0,95.0
AT1G59720,6.0,5.0
AT3G61570,9.0,5.0
AT3G11750,599.0,75.0
AT3G11760,15.0,10.0
AT4G30500,1259.0,95.0
AT1G59640,44.0,20.0
AT4G29670,123.0,40.0
AT5G04590,599.0,80.0
AT4G19030,1292.0,95.0
AT4G23400,1163.0,95.0
AT1G59670,42.0,20.0
AT1G59710,33.0,20.0
AT5G63890,599.0,80.0
AT1G76650,117.0,40.0
AT3G12020,259.0,60.0
AT3G55760,48.0,25.0
AT4G37680,1367.0,95.0
AT5G03345,1147.0,95.0
AT1G80440,115.0,40.0
AT2G24540,261.0,60.0
AT4G05390,30.0,15.0
AT4G30850,1369.0,95.0
AT1G59830,599.0,85.0
AT1G59860,10.0,5.0
AT4G29410,177.0,50.0
AT3G11964,599.0,80.0
AT4G35580,1280.0,95.0
AT4G37370,1118.0,95.0
AT1G59870,678.0,85.0
AT5G25940,745.0,85.0
AT3G56800,126.0,40.0
AT3G59940,175.0,50.0
AT3G12915,599.0,80.0
AT3G12980,138.0,40.0
AT5G41600,599.0,85.0
AT5G45750,599.0,85.0
AT4G22300,109.0,35.0
AT4G11650,2.0,0.0
AT5G06320,1372.0,95.0
AT5G22290,1361.0,95.0
AT2G41100,321.0,65.0
AT2G46600,18.0,10.0
AT3G12590,48.0,25.0
AT3G12640,259.0,60.0
AT5G25752,1200.0,95.0
AT3G13235,259.0,60.0
AT2G22510,199.0,50.0
AT3G27080,258.0,60.0
AT1G59890,7.0,5.0
AT1G59900,296.0,65.0
AT3G13290,259.0,60.0
AT3G13330,599.0,75.0
AT3G60360,482.0,70.0
AT5G58350,30.0,15.0
AT3G13060,259.0,60.0
AT3G13090,166.0,45.0
AT5G49540,1371.0,95.0
AT1G01240,111.0,40.0
AT5G58700,18.0,10.0
AT5G67080,18.0,10.0
AT3G13120,599.0,80.0
AT1G59990,35.0,20.0
AT3G13772,36.0,20.0
AT3G14172,259.0,60.0
AT5G01820,822.0,90.0
AT5G18150,232.0,55.0
AT3G53020,1169.0,95.0
AT1G60010,139.0,45.0
AT5G10330,8.0,5.0
AT4G09460,372.0,70.0
AT2G40450,29.0,15.0
AT5G48990,79.0,30.0
AT3G13640,12.0,5.0
AT3G13674,599.0,75.0
AT4G34720,81.0,30.0
AT4G38920,106.0,35.0
AT5G53880,9.0,5.0
AT5G19010,1003.0,90.0
AT5G59210,359.0,70.0
AT1G60160,599.0,75.0
AT4G31270,21.0,10.0
AT5G06450,21.0,10.0
AT5G41200,700.0,85.0
AT1G01260,499.0,70.0
AT1G60220,70.0,30.0
AT3G14790,21.0,10.0
AT1G01250,220.0,55.0
AT1G19220,1222.0,95.0
AT1G68520,199.0,50.0
AT2G02160,188.0,50.0
AT3G14810,259.0,60.0
AT3G14870,85.0,30.0
AT4G11330,1241.0,95.0
AT3G15370,115.0,40.0
AT1G17380,533.0,75.0
AT1G19180,828.0,90.0
AT3G18010,170.0,50.0
AT3G54990,185.0,50.0
AT3G15460,8.0,5.0
AT3G15610,599.0,75.0
AT1G30135,599.0,75.0
AT1G79000,499.0,70.0
AT5G07030,129.0,40.0
AT3G15110,9.0,5.0
AT1G08465,162.0,45.0
AT1G14030,987.0,90.0
AT1G80730,80.0,30.0
AT2G14210,206.0,55.0
AT3G15220,259.0,60.0
AT1G60380,167.0,50.0
AT3G16340,599.0,75.0
AT3G16400,599.0,75.0
AT1G72450,546.0,75.0
AT1G74950,586.0,75.0
AT1G60410,42.0,20.0
AT4G23610,2.0,0.0
AT3G16410,599.0,75.0
AT1G48500,457.0,70.0
AT1G60350,8.0,5.0
AT3G66656,96.0,35.0
AT3G16060,259.0,60.0
AT3G16130,88.0,30.0
AT1G51600,818.0,90.0
AT1G70700,586.0,75.0
AT5G08630,165.0,45.0
AT3G62240,192.0,50.0
AT1G60440,,
AT1G60490,20.0,10.0
AT3G17220,599.0,75.0
AT5G64650,15.0,10.0
AT4G02770,641.0,85.0
AT4G03250,1215.0,95.0
AT4G29380,2.0,0.0
AT3G16430,599.0,80.0
AT3G17860,886.0,90.0
AT3G25882,527.0,75.0
AT1G60420,216.0,55.0
AT2G34150,212.0,55.0
AT3G16450,599.0,80.0
AT3G16760,259.0,60.0
AT3G43440,496.0,70.0
AT3G45630,48.0,25.0
AT5G13220,499.0,70.0
AT5G20900,453.0,70.0
AT4G36570,118.0,40.0
AT1G60850,1208.0,95.0
AT3G48470,48.0,25.0
AT3G50370,259.0,60.0
AT5G28640,1217.0,95.0
AT1G60620,1208.0,95.0
AT3G17750,259.0,60.0
AT3G17810,599.0,75.0
AT4G16430,368.0,70.0
AT5G12980,1349.0,95.0
AT2G44710,35.0,20.0
AT1G60660,3.0,0.0
AT3G17850,259.0,60.0
AT3G09150,21.0,10.0
AT4G34570,48.0,25.0
AT5G08360,48.0,25.0
AT1G01340,555.0,75.0
AT1G02510,599.0,75.0
AT1G61010,38.0,20.0
AT1G61150,296.0,65.0
AT5G35980,259.0,60.0
AT5G35330,466.0,70.0
AT1G60940,599.0,80.0
AT2G17770,20.0,10.0
AT3G53930,259.0,60.0
AT3G62010,599.0,80.0
AT1G01300,6.0,5.0
AT4G31920,224.0,55.0
AT2G05620,73.0,30.0
AT1G55730,18.0,10.0
AT1G61180,224.0,55.0
AT1G61210,71.0,30.0
AT3G18524,229.0,55.0
AT3G57000,11.0,5.0
AT1G58340,1025.0,90.0
AT1G77210,232.0,55.0
AT1G61270,33.0,20.0
AT5G43870,48.0,25.0
AT1G04310,214.0,55.0
AT1G05940,159.0,45.0
AT4G09340,88.0,35.0
AT1G61170,174.0,50.0
AT5G53460,599.0,80.0
AT5G60250,48.0,25.0
AT1G53270,752.0,85.0
AT3G18940,152.0,45.0
AT2G18790,928.0,90.0
AT2G18960,599.0,85.0
AT1G61620,40.0,20.0
AT3G24010,166.0,45.0
AT3G19050,89.0,35.0
AT3G19090,7.0,5.0
AT2G28070,246.0,60.0
AT1G61490,4.0,0.0
AT5G15980,15.0,10.0
AT5G07060,44.0,20.0
AT1G79940,599.0,85.0
AT2G05630,153.0,45.0
AT1G73660,259.0,60.0
AT2G21380,79.0,30.0
AT3G45300,599.0,80.0
AT5G42640,35.0,20.0
AT3G19450,599.0,75.0
AT4G10110,9.0,5.0
AT3G06100,250.0,60.0
AT3G17700,176.0,50.0
AT5G66940,557.0,75.0
AT1G61690,599.0,80.0
AT5G51600,9.0,5.0
AT2G38460,64.0,25.0
AT3G51950,129.0,40.0
AT4G03170,67.0,25.0
AT3G19280,98.0,35.0
AT3G19420,259.0,60.0
AT2G47600,598.0,75.0
AT3G05350,85.0,30.0
AT4G17810,231.0,55.0
AT4G21120,66.0,25.0
AT1G61795,12.0,10.0
AT1G61800,529.0,75.0
AT3G20780,123.0,40.0
AT5G28590,9.0,5.0
AT4G28490,679.0,85.0
AT4G30190,1025.0,95.0
AT3G46830,213.0,55.0
AT3G19870,70.0,25.0
AT3G55090,1025.0,95.0
AT4G00900,116.0,40.0
AT3G63030,186.0,50.0
AT1G61740,46.0,20.0
AT3G20010,4.0,0.0
AT5G37340,6.0,0.0
AT4G01010,665.0,85.0
AT3G21500,599.0,75.0
AT5G04770,419.0,70.0
AT5G15240,200.0,50.0
AT1G62070,16.0,10.0
AT3G51080,548.0,75.0
AT3G48830,16.0,10.0
AT3G22120,599.0,75.0
AT5G16150,816.0,90.0
AT1G61870,50.0,25.0
AT3G20940,599.0,75.0
AT3G21295,152.0,45.0
AT4G30560,1025.0,90.0
AT4G37640,201.0,50.0
AT1G61970,68.0,25.0
AT1G62040,7.0,5.0
AT3G21370,98.0,35.0
AT1G62300,410.0,70.0
AT3G22425,599.0,75.0
AT3G22910,115.0,40.0
AT5G63850,232.0,55.0
AT5G65970,73.0,30.0
AT1G62360,408.0,70.0
AT5G08120,9.0,5.0
AT5G40870,599.0,80.0
AT5G40890,232.0,55.0
AT5G67450,2.0,0.0
AT1G62150,22.0,15.0
AT3G22142,599.0,75.0
AT3G22190,259.0,60.0
AT5G53130,113.0,40.0
AT5G55470,118.0,40.0
AT1G65720,261.0,60.0
AT1G07430,461.0,70.0
AT1G62520,66.0,25.0
AT5G41350,28.0,15.0
AT3G23540,259.0,60.0
AT3G23715,599.0,75.0
AT1G12980,159.0,45.0
AT1G17550,105.0,35.0
AT1G62660,3.0,0.0
AT3G23070,89.0,35.0
AT1G01350,2.0,0.0
AT4G31060,8.0,5.0
AT1G62380,599.0,80.0
AT1G62480,89.0,35.0
AT4G39880,39.0,20.0
AT3G23490,,
AT1G01360,867.0,90.0
AT4G14030,599.0,80.0
AT1G25490,1165.0,95.0
AT1G53230,1068.0,95.0
AT1G62740,338.0,65.0
AT1G62780,599.0,80.0
AT4G15520,57.0,25.0
AT4G15760,57.0,25.0
AT1G54830,459.0,70.0
AT3G24570,380.0,70.0
AT3G23800,599.0,75.0
AT3G27180,88.0,35.0
AT1G21600,155.0,45.0
AT1G23220,101.0,35.0
AT1G62700,33.0,20.0
AT1G62710,29.0,15.0
AT4G02450,259.0,60.0
AT5G58360,79.0,30.0
AT4G25290,57.0,25.0
AT4G30720,57.0,25.0
AT1G72770,348.0,70.0
AT2G26800,175.0,50.0
AT1G63000,599.0,80.0
AT1G63050,4.0,0.0
AT5G07720,57.0,25.0
AT1G68130,285.0,65.0
AT2G27350,3.0,0.0
AT1G62960,212.0,55.0
AT4G20960,57.0,25.0
AT4G22670,57.0,25.0
AT1G72210,1014.0,90.0
AT1G72340,88.0,35.0
AT3G52525,213.0,55.0
AT3G02150,1351.0,95.0
AT2G32040,355.0,70.0
AT3G14860,162.0,45.0
AT5G55240,57.0,25.0
AT5G56460,259.0,60.0
AT3G07740,775.0,85.0
AT3G11410,895.0,90.0
AT3G56950,698.0,85.0
AT5G13710,259.0,60.0
AT2G29380,229.0,55.0
AT2G30470,254.0,60.0
AT3G26200,91.0,35.0
AT1G63090,200.0,50.0
AT5G41880,57.0,25.0
AT5G53330,599.0,80.0
AT2G45680,1201.0,95.0
AT5G42570,115.0,40.0
AT3G50060,595.0,75.0
AT3G51630,254.0,60.0
AT1G63240,83.0,30.0
AT1G63360,7.0,5.0
AT5G42580,115.0,40.0
AT5G55940,115.0,40.0
AT3G58030,24.0,15.0
AT5G47450,37.0,20.0
AT5G64570,57.0,25.0
AT3G24180,88.0,30.0
AT3G18550,1066.0,95.0
AT3G49580,1097.0,95.0
AT1G63130,3.0,0.0
AT1G63160,43.0,20.0
AT5G20660,115.0,40.0
AT1G63470,45.0,20.0
AT4G24340,39.0,20.0
AT5G26260,599.0,80.0
AT4G23050,640.0,85.0
AT4G26080,978.0,90.0
AT4G17950,167.0,50.0
AT4G25320,16.0,10.0
AT3G24503,599.0,80.0
AT4G18620,356.0,70.0
AT1G63440,6.0,5.0
AT2G31650,24.0,15.0
AT5G57350,599.0,80.0
AT4G24330,39.0,20.0
AT4G22070,599.0,80.0
AT4G22250,144.0,45.0
AT3G56240,26.0,15.0
AT5G41560,156.0,45.0
AT3G27190,115.0,40.0
AT3G53730,762.0,85.0
AT3G25690,259.0,60.0
AT3G49990,16.0,10.0
AT5G49330,62.0,25.0
AT5G51440,64.0,25.0
AT3G53890,17.0,10.0
AT3G24690,4.0,0.0
AT4G26455,1006.0,90.0
AT5G02150,149.0,45.0
AT1G72370,599.0,85.0
AT2G18020,1339.0,95.0
AT3G25510,88.0,30.0
AT3G25590,259.0,60.0
AT5G08330,1231.0,95.0
AT5G41190,16.0,10.0
AT5G59220,599.0,85.0
AT5G60120,1120.0,95.0
AT5G57890,10.0,5.0
AT1G63580,24.0,15.0
AT4G21280,3.0,0.0
AT3G26100,89.0,35.0
AT5G67300,612.0,85.0
AT4G14342,588.0,75.0
AT4G21860,16.0,10.0
AT4G35740,16.0,10.0
AT5G51910,1140.0,95.0
AT5G57050,599.0,85.0
AT4G21960,81.0,30.0
AT5G10830,10.0,5.0
AT4G38440,16.0,10.0
AT1G63690,31.0,15.0
AT3G26600,259.0,60.0
AT3G26720,599.0,75.0
AT2G43790,1337.0,95.0
AT3G59790,1287.0,95.0
AT1G63700,259.0,60.0
AT1G63800,14.0,10.0
AT3G26780,25.0,15.0
AT1G01380,296.0,65.0
AT2G46410,22.0,15.0
AT4G38600,22.0,15.0
AT3G26310,599.0,75.0
AT3G26400,259.0,60.0
AT1G59580,1221.0,95.0
AT2G18170,1130.0,95.0
AT5G40330,218.0,55.0
AT1G31050,234.0,55.0
AT1G63930,34.0,20.0
AT1G63940,599.0,80.0
AT5G37510,599.0,80.0
AT3G27440,599.0,75.0
AT1G49850,533.0,75.0
AT1G67090,599.0,85.0
AT2G15620,599.0,80.0
AT3G26935,259.0,60.0
AT4G01370,1278.0,95.0
AT5G41315,299.0,65.0
AT4G14490,11.0,5.0
AT1G63850,259.0,60.0
AT4G00860,48.0,25.0
AT3G27320,259.0,60.0
AT1G01440,336.0,65.0
AT3G27980,7.0,5.0
AT2G45360,13.0,10.0
AT2G47700,927.0,90.0
AT5G08480,37.0,20.0
AT1G64040,12.0,10.0
AT3G28380,138.0,40.0
AT3G28390,98.0,35.0
AT3G21215,187.0,50.0
AT2G36580,599.0,85.0
AT3G27530,599.0,80.0
AT3G27660,599.0,80.0
AT1G76760,364.0,70.0
AT2G28550,586.0,75.0
AT4G28440,68.0,25.0
AT1G64000,27.0,15.0
AT3G27670,13.0,10.0
AT4G23630,75.0,30.0
AT3G29100,599.0,75.0
AT3G29170,88.0,30.0
AT3G61790,379.0,70.0
AT4G01090,565.0,75.0
AT3G18250,151.0,45.0
AT1G66150,691.0,85.0
AT3G29220,89.0,35.0
AT3G22440,202.0,55.0
AT2G31305,37.0,20.0
AT5G21326,102.0,35.0
AT3G28500,68.0,25.0
AT3G29070,599.0,75.0
AT3G51180,505.0,75.0
AT3G56680,41.0,20.0
AT2G23640,25.0,15.0
AT5G38420,668.0,85.0
AT4G24990,199.0,50.0
AT5G15460,34.0,20.0
AT3G30775,98.0,35.0
AT3G30841,2.0,0.0
AT5G38640,1028.0,95.0
AT5G48385,274.0,65.0
AT5G64150,34.0,20.0
AT3G29360,54.0,25.0
AT4G21705,18.0,10.0
AT5G10270,362.0,70.0
AT1G77870,34.0,20.0
AT3G26980,55.0,25.0
AT3G29800,16.0,10.0
AT3G30320,88.0,30.0
AT5G16560,726.0,85.0
AT3G43670,88.0,30.0
AT5G38480,1360.0,95.0
AT1G01500,5.0,0.0
AT1G64590,1.0,0.0
AT5G25570,1.0,0.0
AT3G56070,229.0,55.0
AT3G43920,10.0,5.0
AT1G59520,91.0,35.0
AT1G64330,78.0,30.0
AT5G11810,3.0,0.0
AT3G41762,88.0,30.0
AT1G01470,78.0,30.0
AT1G01480,138.0,40.0
AT1G64460,133.0,40.0
AT2G17150,198.0,50.0
AT3G43300,599.0,75.0
AT1G64740,5.0,0.0
AT3G44320,98.0,35.0
AT3G44690,26.0,15.0
AT5G17420,655.0,85.0
AT1G01520,109.0,40.0
AT4G14330,5.0,0.0
AT1G75990,1198.0,95.0
AT3G45580,599.0,75.0
AT1G01510,259.0,60.0
AT1G64630,2.0,0.0
AT1G64690,2.0,0.0
AT3G44300,152.0,45.0
AT3G44310,599.0,80.0
AT1G11130,748.0,85.0
AT5G15170,4.0,0.0
AT2G02480,259.0,60.0
AT1G65300,148.0,45.0
AT1G64780,599.0,85.0
AT1G64840,178.0,50.0
AT3G46290,259.0,60.0
AT3G46440,599.0,80.0
AT1G65330,133.0,40.0
AT5G26650,737.0,85.0
AT1G64860,19.0,10.0
AT3G45770,599.0,80.0
AT4G15930,97.0,35.0
AT1G01530,41.0,20.0
AT4G00020,20.0,10.0
AT5G01630,20.0,10.0
AT3G45970,599.0,80.0
AT3G45980,6.0,0.0
AT1G31630,521.0,75.0
AT3G47210,259.0,60.0
AT5G45410,1272.0,95.0
AT5G56580,180.0,50.0
AT4G26530,3.0,0.0
AT1G65010,259.0,60.0
AT3G47290,70.0,25.0
AT3G47830,88.0,30.0
AT1G01580,2.0,0.0
AT1G67840,19.0,10.0
AT3G46490,89.0,35.0
AT3G46960,89.0,35.0
AT1G01560,154.0,45.0
AT1G08780,139.0,45.0
AT1G64870,42.0,20.0
AT1G64990,29.0,15.0
AT3G46970,599.0,75.0
AT3G44990,1.0,0.0
AT3G48350,599.0,75.0
AT3G48560,599.0,75.0
AT1G59730,1170.0,95.0
AT1G63120,872.0,90.0
AT5G13290,22.0,15.0
AT1G65430,22.0,15.0
AT3G48860,259.0,60.0
AT5G10220,28.0,15.0
AT1G65030,62.0,25.0
AT1G65090,599.0,80.0
AT3G48010,599.0,75.0
AT3G48200,259.0,60.0
AT1G01610,50.0,25.0
AT1G01620,1056.0,95.0
AT1G65310,1.0,0.0
AT1G77110,1025.0,90.0
AT2G18876,209.0,55.0
AT4G25530,599.0,80.0
AT3G49490,259.0,60.0
AT3G49720,25.0,15.0
AT1G78920,991.0,90.0
AT2G01175,371.0,70.0
AT5G06850,34.0,20.0
AT3G48950,599.0,75.0
AT1G65690,1244.0,95.0
AT1G68380,1025.0,90.0
AT1G65470,3.0,0.0
AT3G44600,40.0,20.0
AT4G01590,9.0,5.0
AT3G49110,599.0,75.0
AT1G70760,930.0,90.0
AT5G11410,3.0,0.0
AT2G16850,623.0,85.0
AT2G24180,493.0,70.0
AT3G59700,372.0,70.0
AT1G65740,79.0,30.0
AT3G51050,88.0,30.0
AT3G51110,67.0,25.0
AT2G36305,983.0,90.0
AT1G65580,89.0,35.0
AT3G49840,5.0,0.0
AT3G49870,599.0,75.0
AT2G01420,1033.0,95.0
AT2G16030,1032.0,95.0
AT5G51230,188.0,50.0
AT1G65640,84.0,30.0
AT5G61220,37.0,20.0
AT3G46510,79.0,30.0
AT3G52380,152.0,45.0
AT5G12250,599.0,80.0
AT2G41490,961.0,90.0
AT2G43420,1033.0,95.0
AT5G65200,18.0,10.0
AT1G65800,20.0,10.0
AT5G17820,229.0,55.0
AT2G37170,523.0,75.0
AT2G23380,331.0,65.0
AT1G65770,198.0,50.0
AT3G51600,599.0,80.0
AT3G52310,138.0,40.0
AT2G37180,599.0,85.0
AT2G39010,437.0,70.0
AT3G07360,18.0,10.0
AT3G06360,710.0,85.0
AT2G39830,599.0,80.0
AT3G04070,170.0,50.0
AT4G10750,123.0,40.0
AT4G11670,123.0,40.0
AT3G15710,1025.0,95.0
AT3G53130,257.0,60.0
AT4G36860,599.0,80.0
AT3G53530,229.0,55.0
AT2G45960,1373.0,95.0
AT2G46330,913.0,90.0
AT1G65820,371.0,70.0
AT2G36340,177.0,50.0
AT3G53680,115.0,40.0
AT3G61760,599.0,80.0
AT3G02410,896.0,90.0
AT5G22010,123.0,40.0
AT4G00430,599.0,85.0
AT4G14455,1356.0,95.0
AT1G66240,2.0,0.0
AT5G44790,98.0,35.0
AT5G52520,599.0,80.0
AT5G67240,123.0,40.0
AT4G23010,1132.0,95.0
AT1G65930,599.0,80.0
AT4G23690,123.0,40.0
AT5G02890,123.0,40.0
AT3G54820,487.0,70.0
AT3G57650,469.0,70.0
AT1G65980,154.0,45.0
AT1G66200,599.0,80.0
AT5G15530,123.0,40.0
AT5G57710,140.0,45.0
AT3G54440,599.0,75.0
AT3G54720,599.0,75.0
AT4G39950,99.0,35.0
AT5G07475,1025.0,95.0
AT3G58650,6.0,5.0
AT1G66410,153.0,45.0
AT3G54930,115.0,40.0
AT4G23090,1025.0,90.0
AT2G31320,22.0,15.0
AT1G66300,32.0,15.0
AT4G19410,7.0,5.0
AT5G45280,599.0,75.0
AT4G24090,235.0,55.0
AT4G35100,1025.0,95.0
AT1G76900,199.0,50.0
AT5G27490,991.0,90.0
AT3G61880,276.0,65.0
AT5G43940,599.0,80.0
AT3G55940,88.0,30.0
AT3G56350,599.0,75.0
AT5G35460,1005.0,90.0
AT1G01630,226.0,55.0
AT5G57010,128.0,40.0
AT3G55010,166.0,45.0
AT5G16530,1025.0,90.0
AT5G19570,807.0,85.0
AT3G09710,77.0,30.0
AT3G29310,77.0,30.0
AT3G55320,259.0,60.0
AT3G55370,138.0,40.0
AT5G20270,403.0,70.0
AT3G58140,599.0,75.0
AT2G23790,67.0,25.0
AT2G25650,535.0,75.0
AT1G66560,9.0,5.0
AT1G66570,67.0,25.0
AT3G58600,259.0,60.0
AT3G58640,259.0,60.0
AT2G44950,714.0,85.0
AT1G66420,93.0,35.0
AT3G56690,9.0,5.0
AT3G56830,599.0,75.0
AT1G30860,572.0,75.0
AT1G68060,259.0,60.0
AT1G66480,41.0,20.0
AT2G26570,259.0,60.0
AT3G56960,138.0,40.0
AT5G40260,216.0,55.0
AT3G59770,259.0,60.0
AT3G60110,85.0,30.0
AT4G21570,1025.0,90.0
AT4G32190,586.0,75.0
AT1G66870,180.0,50.0
AT1G66920,4.0,0.0
AT3G60240,259.0,60.0
AT3G11590,513.0,75.0
AT1G66650,88.0,35.0
AT1G66670,89.0,35.0
AT3G58810,599.0,75.0
AT3G59510,6.0,0.0
AT3G54850,356.0,70.0
AT4G15730,179.0,50.0
AT1G66770,51.0,25.0
AT3G52560,48.0,25.0
AT3G47600,218.0,55.0
AT1G67180,73.0,30.0
AT3G61440,599.0,75.0
AT4G27590,13.0,10.0
AT4G02570,738.0,85.0
AT1G01650,7.0,5.0
AT1G67230,76.0,30.0
AT3G60860,599.0,75.0
AT5G53180,7.0,5.0
AT1G01640,42.0,20.0
AT5G56270,19.0,10.0
AT1G67170,201.0,50.0
AT3G61080,115.0,40.0
AT3G61240,19.0,10.0
AT1G26830,310.0,65.0
AT3G62770,259.0,60.0
AT1G75840,223.0,55.0
AT5G62880,244.0,55.0
AT2G46980,4.0,0.0
AT1G67430,1320.0,95.0
AT3G62830,,
AT3G63090,599.0,75.0
AT1G01720,191.0,50.0
AT1G67320,599.0,80.0
AT3G61820,599.0,75.0
AT3G62170,138.0,40.0
AT3G15500,281.0,65.0
AT1G01700,14.0,10.0
AT1G67360,39.0,20.0
AT1G67370,92.0,35.0
AT3G62700,172.0,50.0
AT1G75690,6.0,5.0
AT4G01290,599.0,80.0
AT4G01930,89.0,35.0
AT1G76180,259.0,60.0
AT3G01090,1090.0,95.0
AT1G67730,336.0,65.0
AT1G67820,143.0,45.0
AT4G02580,2.0,0.0
AT1G09020,977.0,90.0
AT1G67470,9.0,5.0
AT2G41060,17.0,10.0
AT4G00090,599.0,75.0
AT4G01070,599.0,75.0
AT1G10585,932.0,90.0
AT1G51805,861.0,90.0
AT5G50020,145.0,45.0
AT5G21170,847.0,90.0
AT1G67890,20.0,10.0
AT1G67930,120.0,40.0
AT4G22030,22.0,10.0
AT4G25860,22.0,10.0
AT1G01760,,
AT1G01780,261.0,60.0
AT1G67940,18.0,10.0
AT4G03930,7.0,5.0
AT3G59380,599.0,80.0
AT4G16360,833.0,90.0
AT4G26550,30.0,15.0
AT5G47200,225.0,55.0
AT4G04210,259.0,60.0
AT4G04420,599.0,75.0
AT4G18340,341.0,65.0
AT4G05470,138.0,40.0
AT2G35550,141.0,45.0
AT3G46600,1086.0,95.0
AT1G68120,268.0,65.0
AT3G21810,276.0,65.0
AT4G06474,88.0,30.0
AT4G06477,88.0,30.0
AT4G17785,1102.0,95.0
AT3G47500,28.0,15.0
AT5G48120,40.0,20.0
AT5G54050,22.0,10.0
AT1G13450,889.0,90.0
AT1G22810,159.0,45.0
AT5G08590,24.0,15.0
AT1G68070,308.0,65.0
AT4G05150,259.0,60.0
AT1G70800,74.0,30.0
AT4G11830,115.0,40.0
AT4G15215,166.0,45.0
AT1G01790,493.0,70.0
AT2G22180,771.0,85.0
AT1G70810,599.0,80.0
AT1G76520,190.0,50.0
AT4G20410,166.0,45.0
AT4G38680,170.0,50.0
AT1G68160,159.0,45.0
AT3G57070,490.0,70.0
AT4G07400,98.0,35.0
AT4G08800,7.0,5.0
AT5G50915,623.0,85.0
AT5G66160,683.0,85.0
AT1G69830,169.0,50.0
AT3G19720,73.0,30.0
AT2G01690,91.0,35.0
AT2G07707,74.0,30.0
AT4G34860,115.0,40.0
AT4G36720,115.0,40.0
AT1G01880,40.0,20.0
AT1G15570,513.0,75.0
AT2G20990,400.0,70.0
AT4G21270,599.0,80.0
AT1G01800,21.0,10.0
AT5G52650,1145.0,95.0
AT1G77270,132.0,40.0
AT2G01350,169.0,50.0
AT4G25960,115.0,40.0
AT4G27260,115.0,40.0
AT1G01820,6.0,5.0
AT5G16990,599.0,80.0
AT1G10510,37.0,20.0
AT1G17285,22.0,15.0
AT2G28305,74.0,30.0
AT2G32600,354.0,70.0
AT5G22410,166.0,45.0
AT5G34930,115.0,40.0
AT1G71950,22.0,15.0
AT2G22360,202.0,55.0
AT5G06390,115.0,40.0
AT5G14380,115.0,40.0
AT1G01910,563.0,75.0
AT1G05575,22.0,15.0
AT2G25510,152.0,45.0
AT2G26910,74.0,30.0
AT5G16390,115.0,40.0
AT2G36530,599.0,80.0
AT5G61740,115.0,40.0
AT5G64300,166.0,45.0
AT2G24693,99.0,35.0
AT2G30490,599.0,85.0
AT2G40840,169.0,50.0
AT2G41540,166.0,45.0
AT4G09510,599.0,75.0
AT1G75750,48.0,25.0
AT2G33600,166.0,45.0
AT2G35390,847.0,90.0
AT5G48945,115.0,40.0
AT5G56970,115.0,40.0
AT1G80890,1025.0,90.0
AT2G05520,163.0,45.0
AT2G35635,107.0,35.0
AT3G20470,22.0,15.0
AT3G06660,169.0,50.0
AT3G07880,169.0,50.0
AT4G10530,599.0,75.0
AT4G10730,259.0,60.0
AT3G25220,232.0,55.0
AT3G44280,22.0,15.0
AT3G09440,599.0,85.0
AT4G09520,2.0,0.0
AT2G41280,137.0,40.0
AT3G08950,22.0,15.0
AT2G44060,599.0,80.0
AT3G06450,192.0,50.0
AT4G10020,89.0,35.0
AT4G10520,599.0,75.0
AT3G18510,22.0,15.0
AT4G11790,259.0,60.0
AT4G00585,576.0,75.0
AT4G07990,22.0,15.0
AT3G47370,659.0,85.0
AT3G47836,74.0,30.0
AT4G11810,88.0,30.0
AT4G11845,88.0,30.0
AT4G13195,22.0,15.0
AT3G09500,1305.0,95.0
AT4G10780,138.0,40.0
AT4G11393,88.0,30.0
AT3G45160,99.0,35.0
AT3G59930,22.0,15.0
AT3G14000,108.0,35.0
AT3G22970,131.0,40.0
AT4G11740,259.0,60.0
AT3G54920,166.0,45.0
AT4G12390,2.0,0.0
AT4G12640,259.0,60.0
AT4G27140,79.0,30.0
AT4G28020,24.0,15.0
AT3G55480,132.0,40.0
AT3G58050,132.0,40.0
AT4G12650,599.0,75.0
AT4G18510,22.0,15.0
AT3G47890,132.0,40.0
AT3G52200,373.0,70.0
AT5G25210,15.0,10.0
AT4G12050,88.0,30.0
AT4G19810,22.0,15.0
AT4G22212,225.0,55.0
AT3G53870,1320.0,95.0
AT5G09480,33.0,20.0
AT4G16420,259.0,60.0
AT4G18670,76.0,30.0
AT4G13660,599.0,75.0
AT4G13710,98.0,35.0
AT5G14920,48.0,25.0
AT5G15230,67.0,25.0
AT4G23670,599.0,80.0
AT4G12770,259.0,60.0
AT4G29240,39.0,20.0
AT4G31830,71.0,30.0
AT3G61380,74.0,30.0
AT3G63190,211.0,55.0
AT4G13350,259.0,60.0
AT4G13360,89.0,35.0
AT5G05670,22.0,15.0
AT5G65460,259.0,60.0
AT5G44565,93.0,35.0
AT5G44580,22.0,15.0
AT4G27500,371.0,70.0
AT4G27980,132.0,40.0
AT4G14350,259.0,60.0
AT4G14670,599.0,75.0
AT5G52240,1015.0,90.0
AT4G24280,596.0,75.0
AT4G14200,259.0,60.0
AT4G14230,88.0,30.0
AT5G22280,22.0,15.0
AT5G44020,139.0,45.0
AT4G25080,128.0,40.0
AT4G25630,1229.0,95.0
AT4G14305,85.0,30.0
AT4G34140,128.0,40.0
AT4G14790,599.0,75.0
AT4G14910,599.0,75.0
AT5G64260,49.0,25.0
AT1G01920,305.0,65.0
AT4G34870,371.0,70.0
AT4G38710,259.0,60.0
AT4G14930,1.0,0.0
AT5G53470,148.0,45.0
AT4G29060,190.0,50.0
AT4G30200,100.0,35.0
AT4G14680,599.0,75.0
AT4G14760,88.0,30.0
AT5G58650,199.0,50.0
AT5G60530,22.0,15.0
AT4G31210,132.0,40.0
AT3G16500,989.0,90.0
AT5G10550,76.0,30.0
AT5G11790,106.0,35.0
AT4G15420,599.0,75.0
AT4G15960,88.0,30.0
AT3G28920,513.0,75.0
AT4G01460,795.0,85.0
AT5G21960,88.0,35.0
AT5G18070,1.0,0.0
AT1G58110,661.0,85.0
AT2G18090,424.0,70.0
AT5G01530,599.0,85.0
AT5G05270,190.0,50.0
AT4G15093,599.0,75.0
AT4G15230,138.0,40.0
AT3G07220,1013.0,90.0
AT4G17090,259.0,60.0
AT1G18080,1363.0,95.0
AT1G02040,227.0,55.0
AT5G28540,649.0,85.0
AT5G40160,158.0,45.0
AT4G17140,88.0,30.0
AT5G09390,46.0,20.0
AT2G36270,1104.0,95.0
AT5G26740,74.0,30.0
AT4G16330,259.0,60.0
AT4G16550,85.0,30.0
AT5G17800,1051.0,95.0
AT1G02010,148.0,45.0
AT5G26742,248.0,60.0
AT5G26830,281.0,65.0
AT4G16910,599.0,75.0
AT5G48485,91.0,35.0
AT4G18465,1.0,0.0
AT5G22100,1.0,0.0
AT1G10840,823.0,90.0
AT1G29150,1191.0,95.0
AT5G55070,996.0,90.0
AT5G58270,599.0,80.0
AT4G18490,599.0,75.0
AT5G24590,578.0,75.0
AT5G45510,173.0,50.0
AT5G47690,599.0,80.0
AT4G17690,138.0,40.0
AT4G17890,259.0,60.0
AT5G43540,252.0,60.0
AT1G02090,346.0,65.0
AT5G47890,166.0,45.0
AT3G27060,11.0,5.0
AT5G62300,669.0,85.0
AT5G63530,128.0,40.0
AT4G28080,259.0,60.0
AT4G28400,259.0,60.0
AT3G57290,1154.0,95.0
AT3G61140,599.0,85.0
AT5G66140,1184.0,95.0
AT4G18820,259.0,60.0
AT1G71230,983.0,90.0
AT3G06580,599.0,75.0
AT5G59970,762.0,85.0
AT5G62190,173.0,50.0
AT4G22150,259.0,60.0
AT4G25620,259.0,60.0
AT3G23580,11.0,5.0
AT4G36520,259.0,60.0
AT4G30620,11.0,5.0
AT5G14250,251.0,60.0
AT3G01030,17.0,10.0
AT3G52080,544.0,75.0
AT4G37120,259.0,60.0
AT4G37300,259.0,60.0
AT5G42970,373.0,70.0
AT5G67270,154.0,45.0
AT4G29440,259.0,60.0
AT4G33580,259.0,60.0
AT4G14110,272.0,65.0
AT4G26430,104.0,35.0
AT2G17800,28.0,15.0
AT2G28920,190.0,50.0
AT4G36470,259.0,60.0
AT4G26440,3.0,0.0
AT5G02240,259.0,60.0
AT5G02600,259.0,60.0
AT1G51510,204.0,55.0
AT1G66260,151.0,45.0
AT5G41570,22.0,15.0
AT1G68490,48.0,25.0
AT5G06260,259.0,60.0
AT5G56280,599.0,80.0
AT4G36830,313.0,65.0
AT1G68410,17.0,10.0
AT4G39320,259.0,60.0
AT4G39860,259.0,60.0
AT1G02140,599.0,80.0
AT1G15280,44.0,20.0
AT1G68450,34.0,20.0
AT5G02530,150.0,45.0
AT3G05530,1226.0,95.0
AT3G13050,7.0,5.0
AT5G07980,259.0,60.0
AT5G08010,259.0,60.0
AT5G19960,447.0,70.0
AT5G22120,259.0,60.0
AT5G12080,7.0,5.0
AT5G07910,259.0,60.0
AT3G13920,599.0,85.0
AT3G19760,210.0,55.0
AT1G68550,8.0,5.0
AT1G68640,70.0,30.0
AT5G07940,259.0,60.0
AT5G07970,259.0,60.0
AT4G25200,1085.0,95.0
AT5G12350,259.0,60.0
AT5G59950,36.0,20.0
AT1G02150,37.0,20.0
AT4G25410,27.0,15.0
AT1G68990,17.0,10.0
AT5G12850,259.0,60.0
AT5G14540,259.0,60.0
AT5G04200,1054.0,95.0
AT3G25990,136.0,40.0
AT5G08660,259.0,60.0
AT5G09960,259.0,60.0
AT5G37720,180.0,50.0
AT5G56290,288.0,65.0
AT4G09100,168.0,50.0
AT1G68850,154.0,45.0
AT5G10740,259.0,60.0
AT2G41140,259.0,60.0
AT5G16760,259.0,60.0
AT5G17910,259.0,60.0
AT1G35490,1271.0,95.0
AT2G35430,499.0,70.0
AT3G46790,3.0,0.0
AT5G15800,491.0,70.0
AT5G18590,259.0,60.0
AT1G02160,78.0,30.0
AT2G21530,557.0,75.0
AT1G69040,24.0,15.0
AT5G14720,259.0,60.0
AT5G15970,259.0,60.0
AT1G02170,418.0,70.0
AT1G24210,298.0,65.0
AT2G01590,3.0,0.0
AT1G02205,91.0,35.0
AT1G69180,440.0,70.0
AT5G48890,185.0,50.0
AT5G24940,259.0,60.0
AT5G26760,599.0,80.0
AT1G68185,1242.0,95.0
AT2G32720,48.0,25.0
AT1G69200,211.0,55.0
AT5G20200,259.0,60.0
AT3G24520,626.0,85.0
AT4G29100,637.0,85.0
AT2G40200,26.0,15.0
AT3G53600,133.0,40.0
AT5G23510,259.0,60.0
AT5G24460,259.0,60.0
AT5G49420,793.0,85.0
AT5G43310,259.0,60.0
AT5G53560,341.0,65.0
AT5G57800,4.0,0.0
AT1G69340,15.0,10.0
AT1G69390,1.0,0.0
AT5G43880,259.0,60.0
AT5G45330,259.0,60.0
AT1G02210,128.0,40.0
AT3G06730,185.0,50.0
AT5G39590,259.0,60.0
AT5G41100,259.0,60.0
AT2G46650,18.0,10.0
AT5G48810,47.0,25.0
AT3G54090,123.0,40.0
AT4G13670,20.0,10.0
AT5G41620,259.0,60.0
AT1G69530,197.0,50.0
AT5G58440,259.0,60.0
AT5G61040,259.0,60.0
AT2G13570,1022.0,90.0
AT4G34530,700.0,85.0
AT2G22850,492.0,70.0
AT1G69550,94.0,35.0
AT5G61350,259.0,60.0
AT4G36620,346.0,65.0
AT5G24020,1.0,0.0
AT1G69410,36.0,20.0
AT5G47710,259.0,60.0
AT5G53620,599.0,80.0
AT5G08790,325.0,65.0
AT1G02220,109.0,40.0
AT1G69420,25.0,15.0
AT5G38140,507.0,75.0
AT4G38580,67.0,25.0
AT4G39700,12.0,10.0
AT5G67470,259.0,60.0
AT4G18910,138.0,40.0
AT5G44260,326.0,65.0
AT1G02280,88.0,35.0
AT1G69620,1250.0,95.0
AT5G63905,259.0,60.0
AT5G23090,374.0,70.0
AT1G02230,200.0,50.0
AT2G18196,41.0,20.0
AT4G08570,16.0,10.0
AT5G64130,259.0,60.0
AT5G66620,259.0,60.0
AT4G36540,891.0,90.0
AT4G19570,89.0,35.0
AT4G02510,783.0,85.0
AT4G09570,504.0,75.0
AT3G58510,371.0,70.0
AT4G14980,271.0,65.0
AT4G19985,89.0,35.0
AT4G20830,138.0,40.0
AT5G21990,259.0,60.0
AT2G34600,306.0,65.0
AT4G19400,36.0,20.0
AT4G19510,599.0,75.0
AT1G05000,301.0,65.0
AT1G35670,602.0,85.0
AT3G20080,238.0,55.0
AT3G57750,274.0,65.0
AT4G19530,85.0,30.0
AT5G17180,133.0,40.0
AT4G22010,85.0,30.0
AT4G22080,599.0,75.0
AT1G30460,924.0,90.0
AT1G68240,565.0,75.0
AT5G50600,185.0,50.0
AT5G50700,133.0,40.0
AT4G22710,599.0,75.0
AT1G02340,448.0,70.0
AT4G36110,314.0,65.0
AT4G36750,371.0,70.0
AT4G21600,599.0,75.0
AT4G21690,599.0,75.0
AT1G09530,595.0,75.0
AT1G26945,80.0,30.0
AT4G36780,164.0,45.0
AT2G37678,93.0,35.0
AT5G66410,175.0,50.0
AT1G69740,599.0,80.0
AT4G26140,1.0,0.0
AT4G30510,1.0,0.0
AT2G43010,444.0,70.0
AT2G46340,311.0,65.0
AT1G69770,88.0,35.0
AT4G23560,88.0,30.0
AT2G20180,383.0,70.0
AT2G29580,933.0,90.0
AT5G51100,599.0,85.0
AT5G66240,303.0,65.0
AT4G24220,599.0,75.0
AT4G24520,599.0,80.0
AT2G32950,809.0,90.0
AT4G31350,88.0,30.0
AT3G19860,387.0,70.0
AT3G59060,199.0,50.0
AT1G69840,95.0,35.0
AT3G10980,13.0,10.0
AT4G31370,88.0,30.0
AT4G36370,88.0,30.0
AT4G17640,24.0,15.0
AT3G51470,100.0,35.0
AT4G26260,599.0,75.0
AT4G27010,88.0,30.0
AT2G46970,477.0,70.0
AT3G11100,1017.0,90.0
AT5G40660,10.0,5.0
AT5G63860,227.0,55.0
AT4G30020,88.0,30.0
AT4G08960,9.0,5.0
AT5G06300,88.0,30.0
AT5G06620,88.0,30.0
AT5G18037,1179.0,95.0
AT5G39660,497.0,70.0
AT5G36110,36.0,20.0
AT3G46070,12.0,10.0
AT5G08540,88.0,30.0
AT4G25560,308.0,65.0
AT1G69930,7.0,5.0
AT1G69935,49.0,25.0
AT5G01570,88.0,30.0
AT5G03880,88.0,30.0
AT5G02200,45.0,20.0
AT5G11260,657.0,85.0
AT1G69960,599.0,85.0
AT1G02410,20.0,10.0
AT5G15480,10.0,5.0
AT5G24050,188.0,50.0
AT5G37790,88.0,30.0
AT5G44220,88.0,30.0
AT3G01690,215.0,55.0
AT1G02450,246.0,60.0
AT5G56200,10.0,5.0
AT5G14460,88.0,30.0
AT5G47080,24.0,15.0
AT1G02380,63.0,25.0
AT1G77250,27.0,15.0
AT3G10470,10.0,5.0
AT5G17680,88.0,30.0
AT5G20080,88.0,30.0
AT1G14020,1138.0,95.0
AT5G55700,88.0,30.0
AT2G43220,361.0,70.0
AT5G45110,303.0,65.0
AT1G70280,174.0,50.0
AT1G70320,599.0,80.0
AT5G58170,88.0,30.0
AT5G61770,88.0,30.0
AT1G02500,287.0,65.0
AT1G70100,18.0,10.0
AT5G53150,88.0,30.0
AT5G54140,88.0,30.0
AT1G24230,128.0,40.0
AT1G64280,293.0,65.0
AT1G70140,9.0,5.0
AT3G46520,259.0,60.0
AT5G55580,88.0,30.0
AT1G79960,43.0,20.0
AT4G26740,89.0,35.0
AT4G26920,70.0,25.0
AT3G07370,225.0,55.0
AT1G02580,55.0,25.0
AT2G27990,157.0,45.0
AT1G70690,33.0,20.0
AT5G03860,70.0,25.0
AT3G51550,599.0,85.0
AT2G36680,85.0,30.0
AT1G70440,154.0,45.0
AT5G62560,88.0,30.0
AT5G66450,88.0,30.0
AT4G09000,1347.0,95.0
AT1G02560,599.0,80.0
AT1G70460,4.0,0.0
AT1G02610,4.0,0.0
AT1G70780,2.0,0.0
AT3G19640,3.0,0.0
AT4G27320,599.0,75.0
AT4G27530,599.0,75.0
AT2G42590,109.0,40.0
AT1G02650,84.0,30.0
AT1G70890,92.0,35.0
AT5G46500,70.0,25.0
AT1G02680,152.0,45.0
AT3G20740,129.0,40.0
AT1G70730,401.0,70.0
AT1G70750,259.0,60.0
AT5G49360,599.0,80.0
AT5G52300,70.0,25.0
AT5G49160,49.0,25.0
AT4G28990,599.0,75.0
AT3G10070,128.0,40.0
AT4G02020,142.0,45.0
AT2G01660,140.0,45.0
AT4G35500,140.0,45.0
AT4G29270,152.0,45.0
AT5G40450,152.0,45.0
AT4G20280,315.0,65.0
AT1G70910,45.0,20.0
AT4G27640,599.0,75.0
AT4G27680,6.0,0.0
AT1G17440,152.0,45.0
AT2G18000,202.0,55.0
AT1G70920,228.0,55.0
AT3G19980,549.0,75.0
AT5G15750,2.0,0.0
AT1G71090,145.0,45.0
AT4G29540,599.0,75.0
AT4G29770,85.0,30.0
AT5G43130,265.0,60.0
AT5G45600,315.0,65.0
AT4G21940,527.0,75.0
AT2G14750,38.0,20.0
AT4G30110,599.0,75.0
AT4G31720,202.0,55.0
AT5G13160,80.0,30.0
AT5G47070,7.0,5.0
AT4G29430,138.0,40.0
AT4G29490,16.0,10.0
AT4G34340,90.0,35.0
AT5G20280,599.0,80.0
AT3G49160,116.0,40.0
AT1G06510,238.0,55.0
AT2G47880,173.0,50.0
AT3G10030,212.0,55.0
AT4G31510,89.0,35.0
AT4G31520,89.0,35.0
AT1G18040,513.0,75.0
AT1G34430,258.0,60.0
AT3G14395,36.0,20.0
AT4G30160,599.0,75.0
AT1G02690,732.0,85.0
AT1G04250,1128.0,95.0
AT2G39770,599.0,80.0
AT2G40940,76.0,30.0
AT4G30400,98.0,35.0
AT4G30830,89.0,35.0
AT1G04550,910.0,90.0
AT5G51210,89.0,35.0
AT2G25000,613.0,85.0
AT2G29350,40.0,20.0
AT5G07010,50.0,25.0
AT5G11550,160.0,45.0
AT4G30890,,
AT4G31710,599.0,75.0
AT2G31410,142.0,45.0
AT3G25580,42.0,20.0
AT5G09410,89.0,35.0
AT5G22450,89.0,35.0
AT1G67860,184.0,50.0
AT2G16900,117.0,40.0
AT4G08040,138.0,45.0
AT4G12020,92.0,35.0
AT5G44120,599.0,80.0
AT5G54940,100.0,35.0
AT4G32605,40.0,20.0
AT4G32610,5.0,0.0
AT3G14180,663.0,85.0
AT3G15540,988.0,90.0
AT5G63130,230.0,55.0
AT2G44610,75.0,30.0
AT4G33120,599.0,75.0
AT2G41350,217.0,55.0
AT5G24530,36.0,20.0
AT5G38890,280.0,65.0
AT4G32300,599.0,75.0
AT4G32500,172.0,50.0
AT2G45820,467.0,70.0
AT3G13710,809.0,85.0
AT5G50810,38.0,20.0
AT3G59470,206.0,55.0
AT2G26030,20.0,10.0
AT2G36760,20.0,10.0
AT4G34250,98.0,35.0
AT4G35680,599.0,75.0
AT4G00120,229.0,55.0
AT4G04020,229.0,55.0
AT5G44960,33.0,20.0
AT5G40270,7.0,5.0
AT3G48550,245.0,60.0
AT3G51960,100.0,35.0
AT4G02030,13.0,10.0
AT2G07340,130.0,40.0
AT5G40290,7.0,5.0
AT4G33760,599.0,75.0
AT3G54230,599.0,80.0
AT5G23670,4.0,0.0
AT4G20730,77.0,30.0
AT4G22240,147.0,45.0
AT1G71730,17.0,10.0
AT5G11440,13.0,10.0
AT4G36600,85.0,30.0
AT4G37800,599.0,75.0
AT4G25660,916.0,90.0
AT1G71430,180.0,50.0
AT4G35785,599.0,75.0
AT4G36390,138.0,40.0
AT4G04330,101.0,35.0
AT4G17220,435.0,70.0
AT4G38150,5.0,0.0
AT1G71520,89.0,35.0
AT4G36400,599.0,75.0
AT1G71865,45.0,20.0
AT4G38140,599.0,75.0
AT4G38220,599.0,75.0
AT5G01600,272.0,65.0
AT5G05410,159.0,45.0
AT2G18060,211.0,55.0
AT4G36160,12.0,10.0
AT4G39660,599.0,75.0
AT4G29160,370.0,70.0
AT1G79910,52.0,25.0
AT3G10380,599.0,85.0
AT4G37980,599.0,75.0
AT4G38050,26.0,15.0
AT4G30220,163.0,45.0
AT4G32200,118.0,40.0
AT1G71860,178.0,50.0
AT5G20720,599.0,85.0
AT4G21150,631.0,85.0
AT1G71970,122.0,40.0
AT5G01610,599.0,75.0
AT5G02920,138.0,40.0
AT5G22630,55.0,25.0
AT5G37890,179.0,50.0
AT1G71990,3.0,0.0
AT4G40070,98.0,35.0
AT5G09250,348.0,70.0
AT5G16850,1019.0,90.0
AT5G52380,4.0,0.0
AT5G66300,147.0,45.0
AT5G01240,98.0,35.0
AT5G01400,10.0,5.0
AT5G17690,426.0,70.0
AT5G12200,599.0,75.0
AT5G46840,134.0,40.0
AT5G51110,218.0,55.0
AT1G72170,14.0,10.0
AT1G72175,16.0,10.0
AT5G12470,599.0,75.0
AT5G13130,599.0,75.0
AT5G53800,53.0,25.0
AT2G30370,88.0,35.0
AT5G06690,599.0,75.0
AT5G07210,599.0,75.0
AT5G45030,76.0,30.0
AT5G46690,168.0,50.0
AT5G47860,5.0,0.0
AT1G72150,421.0,70.0
AT5G07990,599.0,75.0
AT5G51150,226.0,55.0
AT5G14670,599.0,75.0
AT5G15860,599.0,75.0
AT1G02780,1318.0,95.0
AT4G25030,1267.0,95.0
AT2G36740,480.0,70.0
AT4G16610,173.0,50.0
AT5G16980,599.0,75.0
AT5G56260,25.0,15.0
AT4G38270,599.0,80.0
AT5G20520,80.0,30.0
AT5G13520,599.0,75.0
AT5G14080,599.0,75.0
AT1G02740,120.0,40.0
AT5G15840,1187.0,95.0
AT5G39990,25.0,15.0
AT4G37470,483.0,70.0
AT1G72350,177.0,50.0
AT5G55690,143.0,45.0
AT5G20960,599.0,75.0
AT5G24300,599.0,75.0
AT1G02820,227.0,55.0
AT1G02840,599.0,80.0
AT1G72360,8.0,5.0
AT5G17440,599.0,75.0
AT1G02810,2.0,0.0
AT3G14310,599.0,80.0
AT5G58340,195.0,50.0
AT1G72310,175.0,50.0
AT5G18700,599.0,75.0
AT5G19290,599.0,75.0
AT1G02816,13.0,10.0
AT5G26320,599.0,75.0
AT2G37340,599.0,80.0
AT2G43370,513.0,75.0
AT2G18220,1.0,0.0
AT1G74480,79.0,30.0
AT5G26570,599.0,75.0
AT5G31087,599.0,75.0
AT3G13570,145.0,45.0
AT1G72390,132.0,40.0
AT5G24400,599.0,75.0
AT5G24880,599.0,75.0
AT1G23860,599.0,85.0
AT1G53720,164.0,45.0
AT1G72430,20.0,10.0
AT1G72440,1.0,0.0
AT5G25880,599.0,75.0
AT5G22240,38.0,20.0
AT5G37760,599.0,75.0
AT5G38100,599.0,75.0
AT5G18810,127.0,40.0
AT5G62600,599.0,80.0
AT1G72630,27.0,15.0
AT1G72670,61.0,25.0
AT5G38520,599.0,75.0
AT3G55460,246.0,60.0
AT3G46420,414.0,70.0
AT1G72470,12.0,5.0
AT5G36790,599.0,75.0
AT5G36890,599.0,75.0
AT3G63400,43.0,20.0
AT4G32420,62.0,25.0
AT1G72520,92.0,35.0
AT1G02900,7.0,5.0
AT1G72730,599.0,80.0
AT5G57870,259.0,60.0
AT5G40390,599.0,75.0
AT5G42590,599.0,75.0
AT1G02920,2.0,0.0
AT1G02930,3.0,0.0
AT1G72750,24.0,15.0
AT5G38830,599.0,75.0
AT1G02870,61.0,25.0
AT2G41680,916.0,90.0
AT1G72710,259.0,60.0
AT2G27770,9.0,5.0
AT5G39490,599.0,75.0
AT5G39570,599.0,75.0
AT4G34460,1124.0,95.0
AT5G48900,599.0,75.0
AT3G48750,1176.0,95.0
AT3G54650,222.0,55.0
AT4G00026,4.0,0.0
AT5G46790,162.0,45.0
AT5G49030,599.0,75.0
AT5G49900,599.0,75.0
AT5G25060,123.0,40.0
AT2G37410,23.0,15.0
AT5G44240,599.0,75.0
AT5G47040,599.0,75.0
AT5G38550,2.0,0.0
AT1G02970,101.0,35.0
AT2G42210,4.0,0.0
AT3G16480,36.0,20.0
AT5G47870,599.0,75.0
AT1G72930,154.0,45.0
AT5G54380,599.0,75.0
AT5G54510,599.0,75.0
AT4G08980,460.0,70.0
AT1G03000,7.0,5.0
AT2G27600,212.0,55.0
AT4G26750,259.0,60.0
AT5G56120,599.0,75.0
AT5G57900,175.0,50.0
AT1G72800,13.0,10.0
AT1G72900,71.0,30.0
AT5G51970,599.0,75.0
AT5G53820,599.0,75.0
AT1G02980,21.0,10.0
AT4G02740,241.0,55.0
AT1G72920,31.0,15.0
AT5G06950,628.0,85.0
AT2G01710,294.0,65.0
AT5G09540,6.0,5.0
AT5G56870,599.0,75.0
AT5G57440,599.0,75.0
AT1G03040,934.0,90.0
AT1G05710,811.0,90.0
AT1G73150,9.0,5.0
AT5G56310,599.0,75.0
AT3G10572,145.0,45.0
AT4G21980,47.0,25.0
AT2G39660,156.0,45.0
AT5G64900,12.0,5.0
AT5G56510,599.0,75.0
AT5G56650,599.0,75.0
AT1G03020,19.0,10.0
AT5G59920,599.0,75.0
AT1G49830,326.0,65.0
AT1G51060,387.0,70.0
AT1G73230,689.0,85.0
AT4G35260,599.0,80.0
AT5G61140,599.0,75.0
AT5G61580,599.0,75.0
AT1G53800,232.0,55.0
AT1G73180,259.0,60.0
AT5G57450,599.0,75.0
AT5G58770,599.0,75.0
AT1G14685,305.0,65.0
AT1G21700,1273.0,95.0
AT1G73210,3.0,0.0
AT3G56320,180.0,50.0
AT5G59290,599.0,75.0
AT2G31310,29.0,15.0
AT5G66510,599.0,75.0
AT5G66631,599.0,75.0
AT2G04890,893.0,90.0
AT2G14760,253.0,60.0
AT4G31680,14.0,10.0
AT3G01180,282.0,65.0
AT5G04410,138.0,40.0
AT1G61660,795.0,85.0
AT1G73340,40.0,20.0
AT1G73360,39.0,20.0
AT5G63620,599.0,75.0
AT5G64710,599.0,75.0
AT1G66470,282.0,65.0
AT1G72030,226.0,55.0
AT4G17710,137.0,40.0
AT2G33350,273.0,65.0
AT4G17250,4.0,0.0
AT4G31670,4.0,0.0
AT5G06910,138.0,40.0
AT5G47880,3.0,0.0
AT2G42870,248.0,60.0
AT2G46020,1277.0,95.0
AT1G73720,407.0,70.0
AT5G05660,38.0,20.0
AT2G20100,160.0,45.0
AT2G24260,243.0,55.0
AT3G28860,599.0,85.0
AT3G50740,4.0,0.0
AT5G06120,85.0,30.0
AT5G06520,98.0,35.0
AT2G31730,491.0,70.0
AT5G57020,7.0,5.0
AT3G11580,542.0,75.0
AT3G14700,153.0,45.0
AT5G05620,66.0,25.0
AT5G06680,34.0,20.0
AT5G13550,138.0,40.0
AT5G21150,6.0,0.0
AT3G19070,1232.0,95.0
AT2G24100,31.0,15.0
AT5G08430,98.0,35.0
AT5G11150,30.0,15.0
AT2G47890,394.0,70.0
AT3G01435,120.0,40.0
AT2G26460,11.0,5.0
AT4G10930,180.0,50.0
AT5G57015,7.0,5.0
AT3G48520,36.0,20.0
AT5G16780,28.0,15.0
AT5G17890,85.0,30.0
AT3G47640,617.0,85.0
AT3G57230,853.0,90.0
AT5G01990,21.0,10.0
AT5G20150,201.0,50.0
AT5G19890,98.0,35.0
AT3G19500,49.0,25.0
AT2G04100,184.0,50.0
AT2G04350,75.0,30.0
AT5G15760,4.0,0.0
AT5G16280,2.0,0.0
AT3G20640,309.0,65.0
AT3G45150,1069.0,95.0
AT2G18340,15.0,10.0
AT4G30980,264.0,60.0
AT1G74060,1320.0,95.0
AT1G74350,154.0,45.0
AT5G27680,11.0,5.0
AT5G34940,98.0,35.0
AT5G11980,529.0,75.0
AT5G15330,137.0,40.0
AT1G74380,24.0,15.0
AT5G22610,20.0,10.0
AT4G02590,599.0,85.0
AT4G05170,209.0,55.0
AT5G52570,15.0,10.0
AT1G74050,1320.0,95.0
AT5G65960,85.0,30.0
AT5G35940,6.0,0.0
AT4G21340,379.0,70.0
AT5G65770,138.0,40.0
AT5G21120,460.0,70.0
AT5G37800,269.0,65.0
AT4G02500,35.0,20.0
AT4G21060,21.0,10.0
AT5G66040,138.0,40.0
AT5G66130,172.0,50.0
AT5G53290,744.0,85.0
AT2G03220,107.0,35.0
AT5G37650,11.0,5.0
AT5G47000,138.0,40.0
AT5G17300,905.0,90.0
AT5G18580,204.0,55.0
AT2G20370,34.0,20.0
AT3G62720,35.0,20.0
AT5G58390,138.0,40.0
AT3G05800,3.0,0.0
AT5G45990,67.0,25.0
AT5G49570,85.0,30.0
AT1G03070,997.0,90.0
AT1G16170,1098.0,95.0
AT1G74520,145.0,45.0
AT1G74560,135.0,40.0
AT5G64520,85.0,30.0
AT5G59990,891.0,90.0
AT1G74410,22.0,15.0
AT4G36810,7.0,5.0
AT5G41360,98.0,35.0
AT5G43340,98.0,35.0
AT1G03060,19.0,10.0
AT1G08370,60.0,25.0
AT1G74490,31.0,15.0
AT4G01410,1135.0,95.0
AT1G74660,48.0,25.0
AT1G74770,4.0,0.0
ATCG00680,784.0,85.0
ATCG00710,203.0,55.0
AT4G25360,1262.0,95.0
AT5G11680,326.0,65.0
AT1G74810,32.0,15.0
AT5G48640,13.0,10.0
AT1G23890,39.0,20.0
AT2G22425,1294.0,95.0
AT1G74650,3.0,0.0
AT3G56520,136.0,40.0
AT5G60740,98.0,35.0
ATCG00580,407.0,70.0
AT3G10640,1359.0,95.0
ATCG00750,125.0,40.0
AT1G52220,194.0,50.0
AT2G16640,905.0,90.0
AT1G74910,599.0,80.0
AT2G04650,7.0,5.0
ATCG00790,297.0,65.0
ATCG00820,225.0,55.0
AT3G08530,1228.0,95.0
AT4G25210,136.0,40.0
ATCG00150,599.0,75.0
ATCG00160,141.0,45.0
AT5G52420,1245.0,95.0
AT1G03130,529.0,75.0
AT5G52600,104.0,35.0
AT1G74880,75.0,30.0
ATCG00330,599.0,80.0
AT1G74970,599.0,85.0
ATMG00070,149.0,45.0
ATCG00420,21.0,10.0
AT5G32440,233.0,55.0
AT5G37670,148.0,45.0
AT1G75000,20.0,10.0
AT1G75010,8.0,5.0
ATCG00430,21.0,10.0
AT3G48150,1096.0,95.0
AT3G03540,3.0,0.0
AT1G74940,599.0,80.0
ATCG00180,26.0,15.0
ATCG00190,337.0,65.0
AT4G19700,728.0,85.0
AT4G29930,362.0,70.0
AT3G04420,165.0,45.0
AT5G66560,16.0,10.0
AT1G75060,38.0,20.0
AT2G19990,44.0,20.0
ATCG01020,3.0,0.0
ATCG01060,35.0,20.0
AT1G03150,80.0,30.0
AT2G31220,1167.0,95.0
AT2G20330,44.0,20.0
ATCG00540,4.0,0.0
AT1G03140,128.0,40.0
AT4G35110,169.0,50.0
AT2G36250,44.0,20.0
AT3G19180,599.0,75.0
ATCG00570,123.0,40.0
ATCG00670,599.0,80.0
AT5G13810,454.0,70.0
ATMG00160,599.0,75.0
AT1G63110,968.0,90.0
AT3G57220,588.0,75.0
AT5G13120,166.0,45.0
AT5G41580,198.0,50.0
ATMG00280,156.0,45.0
ATMG00450,138.0,40.0
AT4G20790,1362.0,95.0
AT3G12490,44.0,20.0
ATCG01090,21.0,10.0
ATCG01110,599.0,80.0
AT5G15850,842.0,90.0
AT1G03160,566.0,75.0
AT3G21650,113.0,40.0
AT4G00610,78.0,30.0
ATMG00090,80.0,30.0
AT2G36430,49.0,25.0
AT1G03230,94.0,35.0
AT1G03250,74.0,30.0
AT1G75180,16.0,10.0
AT2G07749,496.0,70.0
AT5G59650,1354.0,95.0
AT1G75100,259.0,60.0
AT1G75110,8.0,5.0
ATMG01090,138.0,40.0
AT1G03190,172.0,50.0
AT1G05055,6.0,5.0
AT1G75140,56.0,25.0
AT1G03330,91.0,35.0
AT1G75330,599.0,80.0
AT1G75340,345.0,65.0
AT1G03350,259.0,60.0
AT1G32640,862.0,90.0
AT1G75350,92.0,35.0
AT3G01410,56.0,25.0
AT1G03290,17.0,10.0
AT1G75220,213.0,55.0
AT1G75250,115.0,40.0
AT3G54610,508.0,75.0
AT3G07750,612.0,85.0
AT3G61620,339.0,65.0
AT2G36050,47.0,25.0
AT1G75420,31.0,15.0
AT1G03430,443.0,70.0
AT1G75370,7.0,5.0
AT1G74840,336.0,65.0
AT1G03360,258.0,60.0
AT1G75380,4.0,0.0
AT1G75400,106.0,35.0
AT5G66080,13.0,10.0
AT1G27320,110.0,40.0
AT1G59940,328.0,65.0
AT1G75540,209.0,55.0
AT5G47060,40.0,20.0
AT1G10470,172.0,50.0
AT1G75440,39.0,20.0
AT5G19080,58.0,25.0
AT1G19050,354.0,70.0
AT1G22985,354.0,70.0
AT1G75490,192.0,50.0
AT2G01830,599.0,85.0
AT4G32750,200.0,50.0
AT1G75780,599.0,80.0
AT2G03590,128.0,40.0
AT2G40670,269.0,65.0
AT2G27250,11.0,5.0
AT1G67710,293.0,65.0
AT1G71130,511.0,75.0
AT1G75580,22.0,15.0
AT1G75880,221.0,55.0
AT1G74890,599.0,80.0
AT2G47430,94.0,35.0
AT3G02065,138.0,40.0
AT4G38430,69.0,25.0
AT1G75850,18.0,10.0
AT3G04280,57.0,25.0
AT3G59420,11.0,5.0
AT2G41310,274.0,65.0
AT2G46310,249.0,60.0
AT2G28250,14.0,10.0
AT3G05140,9.0,5.0
AT5G24290,75.0,30.0
AT3G61630,511.0,75.0
AT4G11140,354.0,70.0
AT2G02320,198.0,50.0
AT2G02350,72.0,30.0
AT3G16857,599.0,80.0
AT4G27690,111.0,40.0
AT5G53530,32.0,15.0
AT3G48100,583.0,75.0
AT3G57040,312.0,65.0
AT1G75860,75.0,30.0
AT4G27950,346.0,65.0
AT2G17020,207.0,55.0
AT2G17690,132.0,40.0
AT5G10720,96.0,35.0
AT5G35750,675.0,85.0
AT2G18280,194.0,50.0
AT4G14815,708.0,85.0
AT4G16110,312.0,65.0
AT2G02360,198.0,50.0
AT2G02870,132.0,40.0
AT4G23750,206.0,55.0
AT3G26940,40.0,20.0
AT5G02800,7.0,5.0
AT3G18720,222.0,55.0
AT3G59910,132.0,40.0
AT1G03457,25.0,15.0
AT2G21950,72.0,30.0
AT5G62920,372.0,70.0
AT1G03445,81.0,30.0
AT2G41170,198.0,50.0
AT2G47900,252.0,60.0
AT4G21510,132.0,40.0
AT1G71020,140.0,45.0
AT1G03530,89.0,35.0
AT4G38940,151.0,45.0
AT4G39240,163.0,45.0
AT2G22090,162.0,45.0
AT3G61350,72.0,30.0
AT3G62430,207.0,55.0
AT3G13222,259.0,60.0
AT1G03520,7.0,5.0
AT3G63220,72.0,30.0
AT5G28900,402.0,70.0
AT5G23340,132.0,40.0
AT5G25350,241.0,55.0
AT1G03630,599.0,85.0
AT1G04340,232.0,55.0
AT5G42350,599.0,80.0
AT1G03590,17.0,10.0
AT1G03600,156.0,45.0
AT5G15620,198.0,50.0
AT5G15710,222.0,55.0
AT3G27960,1021.0,90.0
AT3G60600,1150.0,95.0
AT4G27440,222.0,55.0
AT5G63520,222.0,55.0
AT5G67250,250.0,60.0
AT1G03660,168.0,50.0
AT5G52120,207.0,55.0
AT1G27700,1025.0,90.0
AT3G16310,1025.0,95.0
AT5G52470,1225.0,95.0
AT5G52880,222.0,55.0
AT1G76230,22.0,15.0
AT3G51040,1025.0,90.0
AT4G22830,1025.0,90.0
AT1G76260,131.0,40.0
AT1G76270,60.0,25.0
AT1G74370,1025.0,95.0
AT1G76150,22.0,15.0
AT5G51300,2.0,0.0
AT2G01970,1025.0,95.0
AT2G35520,1033.0,95.0
AT2G39550,37.0,20.0
AT5G14260,74.0,30.0
AT3G15170,22.0,15.0
AT1G76430,345.0,65.0
AT5G56750,913.0,90.0
AT1G03687,40.0,20.0
AT2G05220,1189.0,95.0
AT4G28330,1025.0,90.0
AT5G42370,1025.0,95.0
AT1G76320,123.0,40.0
AT1G76420,267.0,65.0
AT1G03680,599.0,80.0
AT1G13680,84.0,30.0
AT2G45670,827.0,90.0
AT2G43020,22.0,15.0
AT2G43460,1012.0,90.0
AT4G04570,467.0,70.0
AT2G05510,22.0,15.0
AT4G28910,1062.0,95.0
AT1G03730,561.0,75.0
AT2G38530,39.0,20.0
AT2G41230,22.0,15.0
AT4G12400,171.0,50.0
AT5G62430,303.0,65.0
AT1G03760,154.0,45.0
AT4G15910,22.0,15.0
AT4G16440,33.0,20.0
AT1G03740,259.0,60.0
AT3G11510,1302.0,95.0
AT3G18740,1253.0,95.0
AT1G03750,12.0,10.0
AT4G39100,259.0,60.0
AT3G56340,1319.0,95.0
AT2G17600,451.0,70.0
AT4G31700,1317.0,95.0
AT4G35750,22.0,15.0
AT5G58620,543.0,75.0
AT1G03800,883.0,90.0
AT5G01870,22.0,15.0
AT1G03790,179.0,50.0
AT1G17950,387.0,70.0
AT4G17660,22.0,15.0
AT4G27080,22.0,15.0
AT1G60040,422.0,70.0
AT1G31320,291.0,65.0
AT1G48195,350.0,70.0
AT5G47920,22.0,15.0
AT5G55250,22.0,15.0
AT1G55650,247.0,60.0
AT5G05950,22.0,15.0
AT1G04100,988.0,90.0
AT1G30810,140.0,45.0
AT5G20160,99.0,35.0
AT5G42110,22.0,15.0
AT1G76600,5.0,0.0
AT1G73100,252.0,60.0
AT1G73830,238.0,55.0
AT1G76680,4.0,0.0
AT5G10380,151.0,45.0
AT1G61730,180.0,50.0
AT2G17620,45.0,20.0
AT3G28180,37.0,20.0
AT1G67100,246.0,60.0
AT1G68150,587.0,75.0
AT4G34160,256.0,60.0
AT1G79430,362.0,70.0
AT5G28300,240.0,55.0
AT1G76890,61.0,25.0
AT2G02060,976.0,90.0
AT2G02090,111.0,40.0
AT5G04840,16.0,10.0
AT1G76590,400.0,70.0
AT1G77080,402.0,70.0
AT2G16710,16.0,10.0
AT5G52010,220.0,55.0
AT1G79180,237.0,55.0
AT2G18490,134.0,40.0
AT2G24590,360.0,70.0
AT1G77120,61.0,25.0
AT1G77130,145.0,45.0
AT2G30420,223.0,55.0
AT2G47210,634.0,85.0
AT2G14880,191.0,50.0
AT2G18300,637.0,85.0
AT5G03510,72.0,30.0
AT5G17510,847.0,90.0
AT1G79730,438.0,70.0
AT3G03750,168.0,50.0
AT3G07670,182.0,50.0
AT1G77200,55.0,25.0
AT3G01320,116.0,40.0
AT2G37060,405.0,70.0
AT1G77140,67.0,25.0
AT4G02195,723.0,85.0
AT2G37740,264.0,60.0
AT2G46735,568.0,75.0
AT1G77145,291.0,65.0
AT3G20810,406.0,70.0
AT1G77390,47.0,25.0
AT1G77400,133.0,40.0
AT3G23140,214.0,55.0
AT3G28857,245.0,60.0
AT1G77440,1088.0,95.0
AT3G09370,358.0,70.0
AT3G19210,102.0,35.0
AT1G77370,22.0,15.0
AT5G08160,599.0,80.0
AT3G20670,175.0,50.0
AT4G14225,198.0,50.0
AT4G37790,448.0,70.0
AT1G77580,7.0,5.0
AT1G77610,54.0,25.0
AT5G05790,589.0,75.0
AT2G23060,231.0,55.0
AT4G10240,880.0,90.0
AT4G12240,95.0,35.0
AT2G24430,125.0,40.0
AT2G41690,626.0,85.0
AT5G56220,35.0,20.0
AT5G51870,245.0,60.0
AT5G56860,250.0,60.0
AT2G34900,116.0,40.0
AT1G77950,134.0,40.0
AT5G09780,156.0,45.0
AT1G77710,77.0,30.0
AT1G77740,2.0,0.0
AT5G13780,599.0,80.0
AT5G39750,362.0,70.0
AT5G03520,10.0,5.0
AT3G49950,153.0,45.0
AT3G43700,83.0,30.0
AT5G21010,88.0,35.0
AT5G05120,1137.0,95.0
AT1G03850,19.0,10.0
AT1G78140,33.0,20.0
AT1G03840,213.0,55.0
AT1G50420,413.0,70.0
AT1G78020,79.0,30.0
AT3G03740,53.0,25.0
AT2G01570,1093.0,95.0
AT1G03900,124.0,40.0
AT1G79270,153.0,45.0
AT1G78290,30.0,15.0
AT4G11280,229.0,55.0
AT1G03910,26.0,15.0
AT3G18570,43.0,20.0
AT1G03860,129.0,40.0
AT5G17490,819.0,90.0
AT1G78240,25.0,15.0
AT1G78280,7.0,5.0
AT5G46350,30.0,15.0
AT1G33100,1025.0,90.0
AT1G68090,510.0,75.0
AT1G78340,96.0,35.0
AT3G17410,599.0,80.0
AT5G63440,2.0,0.0
AT4G18700,243.0,55.0
AT4G26200,80.0,30.0
AT1G03950,377.0,70.0
AT1G21210,770.0,85.0
AT1G78310,106.0,35.0
AT2G29180,1025.0,95.0
AT3G16630,259.0,60.0
AT1G78510,4.0,0.0
AT2G29410,1025.0,90.0
AT2G34250,1025.0,95.0
AT1G78590,,
AT1G69330,11.0,5.0
AT2G04040,1025.0,90.0
AT1G78410,39.0,20.0
AT1G78430,12.0,10.0
AT2G19830,220.0,55.0
AT4G31340,1025.0,95.0
AT5G01690,708.0,85.0
AT1G78700,44.0,20.0
AT1G78720,33.0,20.0
AT5G08050,151.0,45.0
AT1G78630,599.0,85.0
AT2G37360,1025.0,90.0
AT3G42725,1025.0,90.0
AT1G78670,75.0,30.0
AT1G78680,18.0,10.0
AT2G23310,83.0,30.0
AT5G45800,625.0,85.0
AT5G63880,81.0,30.0
AT5G42000,91.0,35.0
AT1G78970,88.0,35.0
AT5G09260,102.0,35.0
AT1G78860,154.0,45.0
AT3G01650,4.0,0.0
AT5G19700,806.0,85.0
AT5G25260,886.0,90.0
AT5G14420,9.0,5.0
AT2G41070,162.0,45.0
AT1G79010,451.0,70.0
AT3G13940,12.0,5.0
AT2G46270,162.0,45.0
AT3G56850,246.0,60.0
AT1G79110,57.0,25.0
AT1G03960,138.0,40.0
AT1G03970,227.0,55.0
AT1G78995,61.0,25.0
AT5G47560,30.0,15.0
AT2G17900,40.0,20.0
AT4G21070,1.0,0.0
AT1G04050,188.0,50.0
AT5G52660,50.0,25.0
AT1G79250,5.0,0.0
AT1G06850,651.0,85.0
AT1G79130,7.0,5.0
AT4G01120,264.0,60.0
AT1G04020,1.0,0.0
AT4G33920,57.0,25.0
AT1G79160,19.0,10.0
AT1G79390,44.0,20.0
AT1G15050,1053.0,95.0
AT1G15580,988.0,90.0
AT1G79420,10.0,5.0
AT5G40880,27.0,15.0
AT3G52590,169.0,50.0
AT5G04510,35.0,20.0
AT4G32690,259.0,60.0
AT1G04240,1021.0,90.0
AT1G14687,552.0,75.0
AT5G56150,26.0,15.0
AT1G30490,958.0,90.0
AT1G79530,23.0,15.0
AT1G79550,599.0,80.0
AT1G51950,911.0,90.0
AT1G52830,910.0,90.0
AT1G79560,83.0,30.0
AT1G19850,880.0,90.0
AT1G25550,622.0,85.0
AT1G79500,56.0,25.0
AT1G79510,31.0,15.0
AT1G30330,880.0,90.0
AT2G01200,910.0,90.0
AT2G22670,964.0,90.0
AT5G06140,43.0,20.0
AT1G79650,50.0,25.0
AT2G33310,911.0,90.0
AT1G79570,259.0,60.0
AT1G80390,919.0,90.0
AT1G80490,894.0,90.0
AT1G79580,14.0,10.0
AT1G79610,599.0,75.0
AT1G79750,599.0,75.0
AT3G07420,30.0,15.0
AT3G15880,648.0,85.0
AT2G19900,30.0,15.0
AT3G07310,38.0,20.0
AT2G39760,631.0,85.0
AT4G38630,1106.0,95.0
AT5G16630,18.0,10.0
AT2G46990,964.0,90.0
AT3G04730,964.0,90.0
AT5G61150,56.0,25.0
AT3G61830,835.0,90.0
AT2G17200,53.0,25.0
AT1G79830,88.0,35.0
AT3G62100,846.0,90.0
AT4G00270,488.0,70.0
AT1G79850,182.0,50.0
AT3G16830,893.0,90.0
AT3G23030,948.0,90.0
AT1G79810,188.0,50.0
AT2G17190,157.0,45.0
AT3G23050,915.0,90.0
AT4G20380,764.0,85.0
AT4G21610,251.0,60.0
AT2G21050,599.0,80.0
AT3G45060,33.0,20.0
AT4G23980,866.0,90.0
AT1G79860,16.0,10.0
AT4G14550,880.0,90.0
AT4G14560,964.0,90.0
AT1G79930,599.0,80.0
AT1G80510,32.0,15.0
AT5G66720,285.0,65.0
AT5G27030,1040.0,95.0
AT5G37020,839.0,90.0
AT1G80050,6.0,5.0
AT1G80100,4.0,0.0
AT4G29080,937.0,90.0
AT2G03500,365.0,70.0
AT2G45850,281.0,65.0
AT5G20730,868.0,90.0
AT5G25890,970.0,90.0
AT1G80040,7.0,5.0
AT5G60450,846.0,90.0
AT1G80170,199.0,50.0
AT1G80190,3.0,0.0
AT5G62000,735.0,85.0
AT5G65670,914.0,90.0
AT3G12530,2.0,0.0
AT5G43700,933.0,90.0
AT5G57420,933.0,90.0
AT1G80120,269.0,65.0
AT1G80150,3.0,0.0
AT5G60142,566.0,75.0
AT1G18880,1025.0,90.0
AT3G61340,4.0,0.0
AT1G80350,13.0,10.0
AT5G10470,259.0,60.0
AT5G62850,1025.0,90.0
AT3G60910,2.0,0.0
AT1G04120,593.0,75.0
AT1G14700,1211.0,95.0
AT1G80210,19.0,10.0
AT1G80270,599.0,80.0
AT2G36490,114.0,40.0
AT3G54170,1353.0,95.0
AT1G09500,109.0,40.0
AT3G14890,7.0,5.0
AT3G62670,4.0,0.0
AT1G04130,10.0,5.0
AT5G23430,99.0,35.0
AT1G80410,599.0,85.0
AT1G04170,465.0,70.0
AT1G04230,123.0,40.0
AT1G80420,7.0,5.0
AT2G38270,265.0,60.0
AT4G32030,27.0,15.0
AT4G32890,138.0,40.0
AT3G15440,100.0,35.0
AT3G15660,250.0,60.0
AT5G17430,139.0,45.0
AT1G45249,547.0,75.0
AT1G66350,664.0,85.0
AT1G80450,36.0,20.0
AT4G30935,142.0,45.0
AT2G25820,120.0,40.0
AT4G02150,783.0,85.0
AT4G03190,309.0,65.0
AT1G80590,109.0,35.0
AT1G80640,86.0,30.0
AT5G52547,203.0,55.0
AT5G46590,180.0,50.0
AT3G26810,402.0,70.0
AT3G62980,585.0,75.0
AT1G80560,315.0,65.0
AT5G14200,315.0,65.0
AT1G80670,1312.0,95.0
AT1G20910,362.0,70.0
AT1G35240,387.0,70.0
AT1G80700,501.0,70.0
AT1G80720,118.0,40.0
AT5G57180,597.0,75.0
AT2G22230,30.0,15.0
AT2G22810,13.0,10.0
AT5G64750,468.0,70.0
AT1G19790,597.0,75.0
AT4G32440,92.0,35.0
AT1G78930,217.0,55.0
AT4G37580,56.0,25.0
AT5G13630,140.0,45.0
AT2G17870,636.0,85.0
AT2G28350,334.0,65.0
AT1G80900,35.0,20.0
AT1G59750,421.0,70.0
AT1G67260,700.0,85.0
AT1G80760,12.0,5.0
AT1G80780,8.0,5.0
AT1G68670,592.0,75.0
AT3G12910,667.0,85.0
AT3G23250,403.0,70.0
AT4G14040,599.0,80.0
AT2G01060,60.0,25.0
AT3G48590,854.0,90.0
AT1G80910,366.0,70.0
AT2G31720,288.0,65.0
AT3G08505,193.0,50.0
AT1G80940,28.0,15.0
AT2G01050,89.0,35.0
AT2G01190,105.0,35.0
AT4G22745,288.0,65.0
AT4G32280,547.0,75.0
AT2G01280,89.0,35.0
AT2G01300,29.0,15.0
AT4G06746,252.0,60.0
AT2G01070,126.0,40.0
AT2G01120,45.0,20.0
AT4G13640,468.0,70.0
AT4G16143,1152.0,95.0
AT2G01180,276.0,65.0
AT5G18240,178.0,50.0
AT2G41190,84.0,30.0
AT3G03520,32.0,15.0
AT5G26630,178.0,50.0
AT5G39820,300.0,65.0
AT4G04700,32.0,15.0
AT4G36710,517.0,75.0
AT5G06770,223.0,55.0
AT2G01340,32.0,15.0
AT2G01370,22.0,15.0
AT5G13330,262.0,60.0
AT5G61470,102.0,35.0
AT1G04270,1285.0,95.0
AT3G12390,321.0,65.0
AT2G01540,27.0,15.0
AT1G76500,838.0,90.0
AT4G40045,32.0,15.0
AT5G48670,387.0,70.0
AT5G59380,532.0,75.0
AT2G01450,,
AT2G01530,599.0,80.0
AT4G24650,43.0,20.0
AT1G12950,23.0,15.0
AT1G21270,87.0,30.0
AT5G62260,68.0,25.0
AT2G01580,86.0,30.0
AT4G17730,853.0,90.0
AT3G13740,106.0,35.0
AT3G62090,156.0,45.0
AT1G04290,4.0,0.0
AT1G24050,259.0,60.0
AT4G04770,46.0,20.0
AT3G06370,24.0,15.0
AT2G01730,33.0,20.0
AT2G02100,40.0,20.0
AT3G45290,1025.0,90.0
AT4G25760,620.0,85.0
AT2G45450,41.0,20.0
AT1G69870,1025.0,90.0
AT2G18480,88.0,35.0
AT2G01650,107.0,35.0
AT4G28580,61.0,25.0
AT2G29100,599.0,85.0
AT5G04870,941.0,90.0
AT5G23860,599.0,80.0
AT5G27860,44.0,20.0
AT5G37740,98.0,35.0
AT1G04330,287.0,65.0
AT2G47710,599.0,80.0
AT5G03260,48.0,25.0
AT5G03280,338.0,65.0
AT3G46230,45.0,20.0
AT4G31860,44.0,20.0
AT2G38280,61.0,25.0
AT1G04360,599.0,80.0
AT1G08720,98.0,35.0
AT2G47950,16.0,10.0
AT4G15630,16.0,10.0
AT3G45640,1289.0,95.0
AT5G43280,96.0,35.0
AT5G49710,40.0,20.0
AT3G50910,509.0,75.0
AT4G00355,200.0,50.0
AT2G05070,599.0,80.0
AT2G36930,164.0,45.0
AT5G58090,16.0,10.0
AT5G59613,31.0,15.0
AT1G04400,252.0,60.0
AT1G26260,287.0,65.0
AT5G59850,1320.0,95.0
AT3G25805,521.0,75.0
AT3G48260,519.0,75.0
AT5G16070,1115.0,95.0
AT5G28490,23.0,15.0
AT1G04370,69.0,25.0
AT4G28880,57.0,25.0
AT1G04410,599.0,85.0
AT2G01890,7.0,5.0
AT2G21240,75.0,30.0
AT5G60640,599.0,85.0
AT5G60570,16.0,10.0
AT3G13670,297.0,65.0
AT4G28860,88.0,35.0
AT2G01860,49.0,25.0
AT2G01880,6.0,5.0
AT2G28840,46.0,20.0
AT1G50680,343.0,65.0
AT1G60250,1110.0,95.0
AT2G31570,86.0,30.0
AT2G37130,46.0,20.0
AT5G65430,1309.0,95.0
AT2G13360,599.0,80.0
AT2G19940,82.0,30.0
AT1G04430,599.0,80.0
AT1G04445,432.0,70.0
AT2G28100,46.0,20.0
AT2G39020,218.0,55.0
AT3G14220,46.0,20.0
AT3G16370,46.0,20.0
AT3G01220,935.0,90.0
AT3G25730,9.0,5.0
AT3G21720,599.0,80.0
AT2G23760,830.0,90.0
AT2G30130,522.0,75.0
AT3G04720,46.0,20.0
AT3G10530,46.0,20.0
AT2G35940,749.0,85.0
AT1G04450,12.0,10.0
AT3G51300,190.0,50.0
AT4G12880,46.0,20.0
AT4G17170,599.0,80.0
AT1G04480,1212.0,95.0
AT3G43850,46.0,20.0
AT4G27310,235.0,55.0
AT5G06160,1087.0,95.0
AT3G56460,52.0,25.0
AT3G62290,599.0,80.0
AT4G33210,46.0,20.0
AT5G62520,109.0,40.0
AT1G04620,49.0,25.0
AT4G33840,46.0,20.0
AT4G34100,46.0,20.0
AT1G12820,353.0,70.0
AT4G26940,46.0,20.0
AT4G30150,46.0,20.0
AT2G36145,53.0,25.0
AT5G41380,333.0,65.0
AT4G31490,917.0,90.0
AT4G10340,447.0,70.0
AT5G17190,46.0,20.0
AT5G43190,100.0,35.0
AT4G13250,47.0,25.0
AT4G22920,49.0,25.0
AT5G46250,48.0,25.0
AT1G44000,47.0,25.0
AT3G44880,47.0,25.0
AT4G35090,195.0,50.0
AT4G36360,46.0,20.0
AT3G61470,213.0,55.0
AT1G04635,4.0,0.0
AT5G59980,190.0,50.0
AT5G65440,46.0,20.0
AT2G24040,148.0,45.0
AT1G04650,108.0,35.0
AT5G54160,599.0,85.0
AT4G37000,47.0,25.0
AT5G04900,47.0,25.0
AT5G63190,427.0,70.0
AT5G63570,599.0,85.0
AT5G17850,49.0,25.0
AT1G04690,599.0,80.0
AT4G23650,803.0,85.0
AT2G39900,126.0,40.0
AT3G17010,246.0,60.0
AT3G22880,182.0,50.0
AT2G43850,167.0,50.0
AT3G60640,48.0,25.0
AT3G27120,15.0,10.0
AT5G20850,26.0,15.0
AT4G02520,599.0,80.0
AT1G04750,311.0,65.0
AT3G12560,70.0,30.0
AT2G02170,338.0,65.0
AT1G12360,599.0,80.0
AT2G23830,26.0,15.0
AT2G02300,224.0,55.0
AT5G46240,229.0,55.0
AT1G04710,10.0,5.0
AT4G16141,40.0,20.0
AT5G56780,141.0,45.0
AT1G29260,447.0,70.0
AT5G58430,55.0,25.0
AT1G04760,76.0,30.0
AT2G02510,94.0,35.0
AT3G62340,47.0,25.0
AT1G11000,624.0,85.0
AT2G02410,96.0,35.0
AT3G11820,1107.0,95.0
AT4G32650,879.0,90.0
AT5G05610,259.0,60.0
AT5G20510,89.0,35.0
AT4G26850,2.0,0.0
AT1G69780,560.0,75.0
AT1G04870,218.0,55.0
AT5G55120,2.0,0.0
AT2G02760,599.0,75.0
AT1G04830,24.0,15.0
AT2G19080,79.0,30.0
AT5G46210,365.0,70.0
AT5G28770,813.0,90.0
AT1G04850,146.0,45.0
AT2G02710,3.0,0.0
AT1G04930,106.0,35.0
AT5G43020,120.0,40.0
AT2G02800,144.0,45.0
AT4G24840,690.0,85.0
AT5G24660,668.0,85.0
AT2G02820,259.0,60.0
AT3G57870,1276.0,95.0
AT1G22130,410.0,70.0
AT2G24130,297.0,65.0
AT3G47570,141.0,45.0
AT1G77980,63.0,25.0
AT4G05630,310.0,65.0
AT1G04960,130.0,40.0
AT4G04760,14.0,10.0
AT2G36960,196.0,50.0
AT1G34750,3.0,0.0
AT2G17430,44.0,20.0
AT1G04950,819.0,90.0
AT1G54140,887.0,90.0
AT3G05165,10.0,5.0
AT3G56200,23.0,15.0
AT2G03070,599.0,80.0
AT1G04990,296.0,65.0
AT1G46480,936.0,90.0
AT2G03140,8.0,5.0
AT2G03150,259.0,60.0
AT3G54300,73.0,30.0
AT5G64330,259.0,60.0
AT2G03050,208.0,55.0
AT1G04970,23.0,15.0
AT4G34790,9.0,5.0
AT5G45300,298.0,65.0
AT1G35720,452.0,70.0
AT2G43270,36.0,20.0
AT3G16210,50.0,25.0
AT2G26400,599.0,80.0
AT3G15730,253.0,60.0
AT4G39550,69.0,25.0
AT3G56570,173.0,50.0
AT1G09310,88.0,35.0
AT3G62440,16.0,10.0
AT2G31470,36.0,20.0
AT1G20100,80.0,30.0
AT4G14710,40.0,20.0
AT5G05000,121.0,40.0
AT2G03430,87.0,30.0
AT5G58290,1320.0,95.0
AT5G19620,44.0,20.0
AT5G42430,50.0,25.0
AT3G26090,1245.0,95.0
AT3G59220,284.0,65.0
AT4G11590,15.0,10.0
AT2G03340,157.0,45.0
AT2G03640,21.0,10.0
AT5G22770,178.0,50.0
AT1G05060,148.0,45.0
AT2G03670,138.0,40.0
AT2G18440,75.0,30.0
AT1G05020,65.0,25.0
AT2G03440,259.0,60.0
AT2G03505,199.0,50.0
AT2G15270,14.0,10.0
AT3G11130,1188.0,95.0
AT5G09690,35.0,20.0
AT1G05190,599.0,85.0
AT5G62500,10.0,5.0
AT2G03760,599.0,75.0
AT1G05200,945.0,90.0
AT2G24720,196.0,50.0
AT2G03780,10.0,5.0
AT1G05070,200.0,50.0
AT1G05100,4.0,0.0
AT4G16520,599.0,80.0
AT5G14320,1164.0,95.0
AT5G40440,249.0,60.0
AT3G07520,166.0,50.0
AT3G51480,63.0,25.0
AT2G15790,66.0,25.0
AT5G42420,297.0,65.0
AT4G35290,166.0,50.0
AT2G18740,259.0,60.0
AT2G29120,82.0,30.0
AT3G04110,878.0,90.0
AT3G59810,104.0,35.0
AT2G03890,29.0,15.0
AT2G04520,205.0,55.0
AT1G35515,252.0,60.0
AT2G01940,477.0,70.0
AT2G46070,14.0,10.0
AT3G58680,271.0,65.0
AT5G48410,652.0,85.0
AT5G10580,19.0,10.0
AT2G04390,1190.0,95.0
AT1G05230,379.0,70.0
AT1G29160,264.0,60.0
AT2G04450,17.0,10.0
AT3G01140,587.0,75.0
AT2G04660,251.0,60.0
AT2G18290,313.0,65.0
AT3G44350,453.0,70.0
AT4G18170,391.0,70.0
AT3G05870,87.0,30.0
AT2G02450,743.0,85.0
AT2G22630,285.0,65.0
AT2G04620,1.0,0.0
AT3G12100,1.0,0.0
AT2G40140,586.0,75.0
AT5G26749,968.0,90.0
AT5G43290,203.0,55.0
AT2G04740,147.0,45.0
AT2G04830,8.0,5.0
AT5G60970,1109.0,95.0
AT3G16320,55.0,25.0
AT5G08070,873.0,90.0
AT5G25390,402.0,70.0
AT2G04690,227.0,55.0
AT2G04700,33.0,20.0
AT2G05100,599.0,80.0
AT3G04860,126.0,40.0
AT3G06720,1116.0,95.0
AT2G05160,126.0,40.0
AT2G05170,81.0,30.0
AT1G05260,46.0,20.0
AT2G04845,107.0,35.0
AT5G07310,218.0,55.0
AT1G62180,139.0,45.0
AT2G32650,104.0,35.0
AT5G48150,77.0,30.0
AT4G19660,418.0,70.0
AT3G12210,57.0,25.0
AT3G18580,55.0,25.0
AT4G21990,138.0,40.0
AT5G49210,290.0,65.0
AT3G22990,1188.0,95.0
AT3G10140,37.0,20.0
AT3G24740,251.0,60.0
AT2G16440,127.0,40.0
AT3G03460,832.0,90.0
AT4G12450,226.0,55.0
AT1G05420,207.0,55.0
AT1G69170,715.0,85.0
AT5G08560,203.0,55.0
AT5G38470,599.0,80.0
AT1G70510,241.0,55.0
AT3G57150,174.0,50.0
AT5G61230,242.0,55.0
AT5G65400,86.0,30.0
AT4G02060,129.0,40.0
AT4G11060,56.0,25.0
AT2G05230,12.0,5.0
AT5G25220,1041.0,95.0
AT5G37260,1199.0,95.0
AT2G05310,154.0,45.0
AT5G60140,82.0,30.0
AT2G25900,410.0,70.0
AT5G51570,302.0,65.0
AT5G57630,42.0,20.0
AT5G11060,263.0,60.0
AT5G24930,599.0,80.0
AT5G67385,259.0,60.0
AT4G26410,321.0,65.0
AT2G05710,315.0,65.0
AT2G05755,8.0,5.0
AT1G05510,599.0,80.0
AT1G29680,180.0,50.0
AT2G05840,1184.0,95.0
AT1G05450,5.0,0.0
AT4G18240,55.0,25.0
AT5G45900,20.0,10.0
AT5G65480,21.0,10.0
AT1G05500,319.0,65.0
AT1G05580,21.0,10.0
AT1G05600,5.0,0.0
AT4G21160,2.0,0.0
AT5G43650,174.0,50.0
AT1G08640,44.0,20.0
AT5G40580,1160.0,95.0
AT4G18010,599.0,75.0
AT1G05560,12.0,10.0
AT2G05940,12.0,5.0
AT3G25070,344.0,65.0
AT2G06520,53.0,25.0
AT1G15610,1025.0,95.0
AT1G16010,364.0,70.0
AT3G53120,259.0,60.0
AT4G05000,59.0,25.0
AT1G05630,22.0,15.0
AT2G06510,5.0,0.0
AT2G24490,40.0,20.0
AT1G05640,1042.0,95.0
AT1G08770,975.0,90.0
AT3G02920,2.0,0.0
