CUDA is available
Current GPU device index: 0
GPU Name: NVIDIA RTX 6000 Ada Generation
Attempting prediction for AT1G01040
Prediction skipped for AT1G01040:
has_verified_seq       = True
DeepTMHMM_class         = GLOB
final_structure_path    = nan
final_structure_source  = None

Attempting prediction for AT1G01050
Done with ΔG prediction for: AT1G01050
Structure used: 0-download-inputs/data-files/AF-Q93V56-F1-model_v6.pdb
DeepTMHMM_class: GLOB
Structure source: EBI-selected-UniProt

Attempting prediction for AT1G01060
Done with ΔG prediction for: AT1G01060
Structure used: 0-download-inputs/data-files/AF-Q6R0H1-F1-model_v6.pdb
DeepTMHMM_class: GLOB
Structure source: EBI-selected-UniProt

Attempting prediction for AT1G01090
Done with ΔG prediction for: AT1G01090
Structure used: 0-download-inputs/data-files/AF-O24457-F1-model_v6.pdb
DeepTMHMM_class: GLOB
Structure source: EBI-selected-UniProt

Attempting prediction for AT1G01100
Done with ΔG prediction for: AT1G01100
Structure used: 0-download-inputs/data-files/AF-Q8LCW9-F1-model_v6.pdb
DeepTMHMM_class: GLOB
Structure source: EBI-selected-UniProt

Attempting prediction for AT1G01120
Prediction skipped for AT1G01120:
has_verified_seq       = True
DeepTMHMM_class         = TM
final_structure_path    = 0-download-inputs/data-files/AF-Q9MAM3-F1-model_v6.pdb
final_structure_source  = EBI-selected-UniProt

Attempting prediction for AT1G01140
Prediction skipped for AT1G01140:
has_verified_seq       = True
DeepTMHMM_class         = GLOB
final_structure_path    = nan
final_structure_source  = None

Attempting prediction for AT1G01160
Prediction skipped for AT1G01160:
has_verified_seq       = True
DeepTMHMM_class         = GLOB
final_structure_path    = nan
final_structure_source  = None

Attempting prediction for AT1G01200
Done with ΔG prediction for: AT1G01200
Structure used: 0-download-inputs/data-files/AF-Q9LNK1-F1-model_v6.pdb
DeepTMHMM_class: GLOB
Structure source: EBI-selected-UniProt

Attempting prediction for AT1G01230
Prediction skipped for AT1G01230:
has_verified_seq       = True
DeepTMHMM_class         = TM
final_structure_path    = nan
final_structure_source  = None

Attempting prediction for AT1G01340
Prediction skipped for AT1G01340:
has_verified_seq       = True
DeepTMHMM_class         = TM
final_structure_path    = 0-download-inputs/data-files/AF-Q9LNJ0-F1-model_v6.pdb
final_structure_source  = EBI-selected-UniProt

Attempting prediction for AT1G01360
Done with ΔG prediction for: AT1G01360
Structure used: 0-download-inputs/data-files/AF-Q84MC7-F1-model_v6.pdb
DeepTMHMM_class: GLOB
Structure source: EBI-selected-UniProt

Attempting prediction for AT1G01510
Prediction skipped for AT1G01510:
has_verified_seq       = True
DeepTMHMM_class         = GLOB
final_structure_path    = nan
final_structure_source  = None

Attempting prediction for AT1G01560
Done with ΔG prediction for: AT1G01560
Structure used: 0-download-inputs/data-files/AF-Q9LMM5-F1-model_v6.pdb
DeepTMHMM_class: GLOB
Structure source: EBI-selected-UniProt

Attempting prediction for AT1G01610
Done with ΔG prediction for: AT1G01610
Structure used: 0-download-inputs/data-files/AF-Q9LMM0-F1-model_v6.pdb
DeepTMHMM_class: GLOB
Structure source: EBI-selected-UniProt

Attempting prediction for AT1G01620
Prediction skipped for AT1G01620:
has_verified_seq       = True
DeepTMHMM_class         = TM
final_structure_path    = 0-download-inputs/data-files/AF-Q08733-F1-model_v6.pdb
final_structure_source  = EBI-selected-UniProt

Attempting prediction for AT1G01820
Done with ΔG prediction for: AT1G01820
Structure used: 0-download-inputs/data-files/AF-Q9LQ73-F1-model_v6.pdb
DeepTMHMM_class: GLOB
Structure source: EBI-selected-UniProt

Attempting prediction for AT1G01880
Done with ΔG prediction for: AT1G01880
Structure used: 0-download-inputs/data-files/AF-Q9LPD2-F1-model_v6.pdb
DeepTMHMM_class: GLOB
Structure source: EBI-selected-UniProt

Attempting prediction for AT1G02090
Done with ΔG prediction for: AT1G02090
Structure used: 0-download-inputs/data-files/AF-Q94JU3-F1-model_v6.pdb
DeepTMHMM_class: GLOB
Structure source: EBI-selected-UniProt

Attempting prediction for AT1G02140
Done with ΔG prediction for: AT1G02140
Structure used: 0-download-inputs/data-files/AF-O23676-F1-model_v6.pdb
DeepTMHMM_class: GLOB
Structure source: EBI-selected-UniProt

Attempting prediction for AT1G02280
Done with ΔG prediction for: AT1G02280
Structure used: 0-download-inputs/data-files/AF-O23680-F1-model_v6.pdb
DeepTMHMM_class: GLOB
Structure source: EBI-selected-UniProt

Attempting prediction for AT1G02340
Done with ΔG prediction for: AT1G02340
Structure used: 0-download-inputs/data-files/AF-Q9FE22-F1-model_v6.pdb
DeepTMHMM_class: GLOB
Structure source: EBI-selected-UniProt

Attempting prediction for AT1G02450
Done with ΔG prediction for: AT1G02450
Structure used: 0-download-inputs/data-files/AF-Q9FNZ5-F1-model_v6.pdb
DeepTMHMM_class: GLOB
Structure source: EBI-selected-UniProt

Attempting prediction for AT1G02500
Done with ΔG prediction for: AT1G02500
Structure used: 0-download-inputs/data-files/AF-P23686-F1-model_v6.pdb
DeepTMHMM_class: GLOB
Structure source: EBI-selected-UniProt

Attempting prediction for AT1G02510
Prediction skipped for AT1G02510:
has_verified_seq       = True
DeepTMHMM_class         = TM
final_structure_path    = 0-download-inputs/data-files/AF-Q9FWX6-F1-model_v6.pdb
final_structure_source  = EBI-selected-UniProt

Attempting prediction for AT1G02560
Done with ΔG prediction for: AT1G02560
Structure used: 0-download-inputs/data-files/AF-Q9S834-F1-model_v6.pdb
DeepTMHMM_class: GLOB
Structure source: EBI-selected-UniProt

Attempting prediction for AT1G02580
Done with ΔG prediction for: AT1G02580
Structure used: 0-download-inputs/data-files/AF-O65312-F1-model_v6.pdb
DeepTMHMM_class: GLOB
Structure source: EBI-selected-UniProt

Attempting prediction for AT1G02690
Done with ΔG prediction for: AT1G02690
Structure used: 0-download-inputs/data-files/AF-Q9FWY7-F1-model_v6.pdb
DeepTMHMM_class: GLOB
Structure source: EBI-selected-UniProt

Attempting prediction for AT1G02740
Done with ΔG prediction for: AT1G02740
Structure used: 0-download-inputs/data-files/AF-Q4V3E2-F1-model_v6.pdb
DeepTMHMM_class: GLOB
Structure source: EBI-selected-UniProt

Attempting prediction for AT1G02780
Done with ΔG prediction for: AT1G02780
Structure used: 0-download-inputs/data-files/AF-Q9SRX2-F1-model_v6.pdb
DeepTMHMM_class: GLOB
Structure source: EBI-selected-UniProt

Attempting prediction for AT1G02840
Prediction skipped for AT1G02840:
has_verified_seq       = True
DeepTMHMM_class         = GLOB
final_structure_path    = nan
final_structure_source  = None

Attempting prediction for AT1G02970
Done with ΔG prediction for: AT1G02970
Structure used: 0-download-inputs/data-files/AF-Q8L4H0-F1-model_v6.pdb
DeepTMHMM_class: GLOB
Structure source: EBI-selected-UniProt

Attempting prediction for AT1G03060
Prediction skipped for AT1G03060:
has_verified_seq       = True
DeepTMHMM_class         = GLOB
final_structure_path    = nan
final_structure_source  = None

Attempting prediction for AT1G03130
Done with ΔG prediction for: AT1G03130
Structure used: 0-download-inputs/data-files/AF-Q9SA56-F1-model_v6.pdb
DeepTMHMM_class: GLOB
Structure source: EBI-selected-UniProt

Attempting prediction for AT1G03190
Done with ΔG prediction for: AT1G03190
Structure used: 0-download-inputs/data-files/AF-Q8W4M7-F1-model_v6.pdb
DeepTMHMM_class: GLOB
Structure source: EBI-selected-UniProt

Attempting prediction for AT1G03330
Done with ΔG prediction for: AT1G03330
Structure used: 0-download-inputs/data-files/AF-Q1H595-F1-model_v6.pdb
DeepTMHMM_class: GLOB
Structure source: EBI-selected-UniProt

Attempting prediction for AT1G03350
Done with ΔG prediction for: AT1G03350
Structure used: 0-download-inputs/data-files/AF-Q9ZVT6-F1-model_v6.pdb
DeepTMHMM_class: GLOB
Structure source: EBI-selected-UniProt

Attempting prediction for AT1G03360
Done with ΔG prediction for: AT1G03360
Structure used: 0-download-inputs/data-files/AF-Q9ZVT7-F1-model_v6.pdb
DeepTMHMM_class: GLOB
Structure source: EBI-selected-UniProt

Attempting prediction for AT1G03445
Done with ΔG prediction for: AT1G03445
Structure used: 0-download-inputs/data-files/AF-Q9LR78-F1-model_v6.pdb
DeepTMHMM_class: GLOB
Structure source: EBI-selected-UniProt

Attempting prediction for AT1G03600
Done with ΔG prediction for: AT1G03600
Structure used: 0-download-inputs/data-files/AF-Q9LR64-F1-model_v6.pdb
DeepTMHMM_class: GLOB
Structure source: EBI-selected-UniProt

Attempting prediction for AT1G03630
Done with ΔG prediction for: AT1G03630
Structure used: 0-download-inputs/data-files/AF-O48741-F1-model_v6.pdb
DeepTMHMM_class: GLOB
Structure source: EBI-selected-UniProt

Attempting prediction for AT1G03680
Done with ΔG prediction for: AT1G03680
Structure used: 0-download-inputs/data-files/AF-O48737-F1-model_v6.pdb
DeepTMHMM_class: GLOB
Structure source: EBI-selected-UniProt

Attempting prediction for AT1G03740
Done with ΔG prediction for: AT1G03740
Structure used: 0-download-inputs/data-files/AF-Q9LR53-F1-model_v6.pdb
DeepTMHMM_class: GLOB
Structure source: EBI-selected-UniProt

Attempting prediction for AT1G03760
Prediction skipped for AT1G03760:
has_verified_seq       = True
DeepTMHMM_class         = GLOB
final_structure_path    = nan
final_structure_source  = None

Attempting prediction for AT1G03860
Prediction skipped for AT1G03860:
has_verified_seq       = True
DeepTMHMM_class         = TM
final_structure_path    = 0-download-inputs/data-files/AF-Q9ZNT7-F1-model_v6.pdb
final_structure_source  = EBI-selected-UniProt

Attempting prediction for AT1G03910
Done with ΔG prediction for: AT1G03910
Structure used: 0-download-inputs/data-files/AF-F4I2J8-F1-model_v6.pdb
DeepTMHMM_class: GLOB
Structure source: EBI-selected-UniProt

Attempting prediction for AT1G03960
Done with ΔG prediction for: AT1G03960
Structure used: 0-download-inputs/data-files/AF-Q84JI6-F1-model_v6.pdb
DeepTMHMM_class: GLOB
Structure source: EBI-selected-UniProt

Attempting prediction for AT1G04050
Done with ΔG prediction for: AT1G04050
Structure used: 0-download-inputs/data-files/AF-Q946J2-F1-model_v6.pdb
DeepTMHMM_class: GLOB
Structure source: EBI-selected-UniProt

Attempting prediction for AT1G04170
Done with ΔG prediction for: AT1G04170
Structure used: 0-download-inputs/data-files/AF-O64490-F1-model_v6.pdb
DeepTMHMM_class: GLOB
Structure source: EBI-selected-UniProt

Attempting prediction for AT1G04240
Prediction skipped for AT1G04240:
has_verified_seq       = True
DeepTMHMM_class         = GLOB
final_structure_path    = nan
final_structure_source  = None

Attempting prediction for AT1G04250
Prediction skipped for AT1G04250:
has_verified_seq       = True
DeepTMHMM_class         = GLOB
final_structure_path    = nan
final_structure_source  = None

Attempting prediction for AT1G04270
Done with ΔG prediction for: AT1G04270
Structure used: 0-download-inputs/data-files/AF-Q08112-F1-model_v6.pdb
DeepTMHMM_class: GLOB
Structure source: EBI-selected-UniProt

Attempting prediction for AT1G04310
Prediction skipped for AT1G04310:
has_verified_seq       = True
DeepTMHMM_class         = SP+TM
final_structure_path    = 0-download-inputs/data-files/AF-P93825-F1-model_v6-cleaved.pdb
final_structure_source  = EBI-selected-UniProt-cleaved

Attempting prediction for AT1G04360
Prediction skipped for AT1G04360:
has_verified_seq       = True
DeepTMHMM_class         = TM
final_structure_path    = 0-download-inputs/data-files/AF-P93823-F1-model_v6.pdb
final_structure_source  = EBI-selected-UniProt

Attempting prediction for AT1G04400
Done with ΔG prediction for: AT1G04400
Structure used: 0-download-inputs/data-files/AF-Q96524-F1-model_v6.pdb
DeepTMHMM_class: GLOB
Structure source: EBI-selected-UniProt

Attempting prediction for AT1G04410
Done with ΔG prediction for: AT1G04410
Structure used: 0-download-inputs/data-files/AF-P93819-F1-model_v6.pdb
DeepTMHMM_class: GLOB
Structure source: EBI-selected-UniProt

Attempting prediction for AT1G04430
Prediction skipped for AT1G04430:
has_verified_seq       = True
DeepTMHMM_class         = TM
final_structure_path    = 0-download-inputs/data-files/AF-Q940J9-F1-model_v6.pdb
final_structure_source  = EBI-selected-UniProt

Attempting prediction for AT1G04480
Done with ΔG prediction for: AT1G04480
Structure used: 0-download-inputs/data-files/AF-P49690-F1-model_v6.pdb
DeepTMHMM_class: GLOB
Structure source: EBI-selected-UniProt

Attempting prediction for AT1G04550
Done with ΔG prediction for: AT1G04550
Structure used: 0-download-inputs/data-files/AF-Q38830-F1-model_v6.pdb
DeepTMHMM_class: GLOB
Structure source: EBI-selected-UniProt

Attempting prediction for AT1G04650
Done with ΔG prediction for: AT1G04650
Structure used: 0-download-inputs/data-files/AF-F4I5R5-F1-model_v6.pdb
DeepTMHMM_class: GLOB
Structure source: EBI-selected-UniProt

Attempting prediction for AT1G04690
Done with ΔG prediction for: AT1G04690
Structure used: 0-download-inputs/data-files/AF-O23016-F1-model_v6.pdb
DeepTMHMM_class: GLOB
Structure source: EBI-selected-UniProt

Attempting prediction for AT1G04750
Prediction skipped for AT1G04750:
has_verified_seq       = True
DeepTMHMM_class         = TM
final_structure_path    = 0-download-inputs/data-files/AF-Q9ZTW3-F1-model_v6.pdb
final_structure_source  = EBI-selected-UniProt

Attempting prediction for AT1G04870
Done with ΔG prediction for: AT1G04870
Structure used: 0-download-inputs/data-files/AF-Q9MAT5-F1-model_v6.pdb
DeepTMHMM_class: GLOB
Structure source: EBI-selected-UniProt

Attempting prediction for AT1G04950
Done with ΔG prediction for: AT1G04950
Structure used: 0-download-inputs/data-files/AF-Q9MAU3-F1-model_v6.pdb
DeepTMHMM_class: GLOB
Structure source: EBI-selected-UniProt

Attempting prediction for AT1G05000
Prediction skipped for AT1G05000:
has_verified_seq       = True
DeepTMHMM_class         = GLOB
final_structure_path    = nan
final_structure_source  = None

Attempting prediction for AT1G05055
Done with ΔG prediction for: AT1G05055
Structure used: 0-download-inputs/data-files/AF-Q9ZVN9-F1-model_v6.pdb
DeepTMHMM_class: GLOB
Structure source: EBI-selected-UniProt

Attempting prediction for AT1G05190
Done with ΔG prediction for: AT1G05190
Structure used: 0-download-inputs/data-files/AF-O23049-F1-model_v6.pdb
DeepTMHMM_class: GLOB
Structure source: EBI-selected-UniProt

Attempting prediction for AT1G05200
Prediction skipped for AT1G05200:
has_verified_seq       = True
DeepTMHMM_class         = SP+TM
final_structure_path    = nan
final_structure_source  = None

Attempting prediction for AT1G05385
Done with ΔG prediction for: AT1G05385
Structure used: 0-download-inputs/data-files/AF-Q9ZVZ9-F1-model_v6.pdb
DeepTMHMM_class: GLOB
Structure source: EBI-selected-UniProt

Attempting prediction for AT1G05500
Prediction skipped for AT1G05500:
has_verified_seq       = True
DeepTMHMM_class         = TM
final_structure_path    = 0-download-inputs/data-files/AF-Q8L706-F1-model_v6.pdb
final_structure_source  = EBI-selected-UniProt

Attempting prediction for AT1G05510
Done with ΔG prediction for: AT1G05510
Structure used: 0-download-inputs/data-files/AF-Q9ZVY7-F1-model_v6.pdb
DeepTMHMM_class: GLOB
Structure source: EBI-selected-UniProt

Attempting prediction for AT1G05730
Prediction skipped for AT1G05730:
has_verified_seq       = True
DeepTMHMM_class         = GLOB
final_structure_path    = nan
final_structure_source  = None

Attempting prediction for AT1G05805
Prediction skipped for AT1G05805:
has_verified_seq       = True
DeepTMHMM_class         = GLOB
final_structure_path    = nan
final_structure_source  = None

Attempting prediction for AT1G06040
Done with ΔG prediction for: AT1G06040
Structure used: 0-download-inputs/data-files/AF-Q96288-F1-model_v6.pdb
DeepTMHMM_class: GLOB
Structure source: EBI-selected-UniProt

Attempting prediction for AT1G06070
Prediction skipped for AT1G06070:
has_verified_seq       = True
DeepTMHMM_class         = GLOB
final_structure_path    = nan
final_structure_source  = None

Attempting prediction for AT1G06110
Done with ΔG prediction for: AT1G06110
Structure used: 0-download-inputs/data-files/AF-Q9LND7-F1-model_v6.pdb
DeepTMHMM_class: GLOB
Structure source: EBI-selected-UniProt

Attempting prediction for AT1G06290
Done with ΔG prediction for: AT1G06290
Structure used: 0-download-inputs/data-files/AF-P0CZ23-F1-model_v6.pdb
DeepTMHMM_class: GLOB
Structure source: EBI-selected-UniProt

Attempting prediction for AT1G06400
Done with ΔG prediction for: AT1G06400
Structure used: 0-download-inputs/data-files/AF-P28185-F1-model_v6.pdb
DeepTMHMM_class: GLOB
Structure source: EBI-selected-UniProt

Attempting prediction for AT1G06460
Prediction skipped for AT1G06460:
has_verified_seq       = True
DeepTMHMM_class         = GLOB
final_structure_path    = nan
final_structure_source  = None

Attempting prediction for AT1G06530
Done with ΔG prediction for: AT1G06530
Structure used: 0-download-inputs/data-files/AF-Q9SHJ6-F1-model_v6.pdb
DeepTMHMM_class: GLOB
Structure source: EBI-selected-UniProt

Attempting prediction for AT1G06680
Done with ΔG prediction for: AT1G06680
Structure used: 0-download-inputs/data-files/AF-Q42029-F1-model_v6.pdb
DeepTMHMM_class: GLOB
Structure source: EBI-selected-UniProt

Attempting prediction for AT1G06700
Done with ΔG prediction for: AT1G06700
Structure used: 0-download-inputs/data-files/AF-Q8H1G6-F1-model_v6.pdb
DeepTMHMM_class: GLOB
Structure source: EBI-selected-UniProt

Attempting prediction for AT1G06790
Done with ΔG prediction for: AT1G06790
Structure used: 0-download-inputs/data-files/AF-Q9M9Y6-F1-model_v6.pdb
DeepTMHMM_class: GLOB
Structure source: EBI-selected-UniProt

Attempting prediction for AT1G06840
Prediction skipped for AT1G06840:
has_verified_seq       = True
DeepTMHMM_class         = SP+TM
final_structure_path    = 0-download-inputs/data-files/AF-C0LGD7-F1-model_v6-cleaved.pdb
final_structure_source  = EBI-selected-UniProt-cleaved

Attempting prediction for AT1G06950
Done with ΔG prediction for: AT1G06950
Structure used: 0-download-inputs/data-files/AF-Q8LPR9-F1-model_v6.pdb
DeepTMHMM_class: GLOB
Structure source: EBI-selected-UniProt

Attempting prediction for AT1G07000
Done with ΔG prediction for: AT1G07000
Structure used: 0-download-inputs/data-files/AF-Q9LMJ4-F1-model_v6.pdb
DeepTMHMM_class: GLOB
Structure source: EBI-selected-UniProt

Attempting prediction for AT1G07130
Done with ΔG prediction for: AT1G07130
Structure used: 0-download-inputs/data-files/AF-Q9LMK5-F1-model_v6.pdb
DeepTMHMM_class: GLOB
Structure source: EBI-selected-UniProt

Attempting prediction for AT1G07140
Done with ΔG prediction for: AT1G07140
Structure used: 0-download-inputs/data-files/AF-Q9LMK7-F1-model_v6.pdb
DeepTMHMM_class: GLOB
Structure source: EBI-selected-UniProt

Attempting prediction for AT1G07310
Done with ΔG prediction for: AT1G07310
Structure used: 0-download-inputs/data-files/AF-Q9LNV0-F1-model_v6.pdb
DeepTMHMM_class: GLOB
Structure source: EBI-selected-UniProt

Attempting prediction for AT1G07360
Done with ΔG prediction for: AT1G07360
Structure used: 0-download-inputs/data-files/AF-Q9LNV5-F1-model_v6.pdb
DeepTMHMM_class: GLOB
Structure source: EBI-selected-UniProt

Attempting prediction for AT1G07370
Done with ΔG prediction for: AT1G07370
Structure used: 0-download-inputs/data-files/AF-Q9M7Q7-F1-model_v6.pdb
DeepTMHMM_class: GLOB
Structure source: EBI-selected-UniProt

Attempting prediction for AT1G07400
Done with ΔG prediction for: AT1G07400
Structure used: 0-download-inputs/data-files/AF-Q9LNW0-F1-model_v6.pdb
DeepTMHMM_class: GLOB
Structure source: EBI-selected-UniProt

Attempting prediction for AT1G07480
Prediction skipped for AT1G07480:
has_verified_seq       = True
DeepTMHMM_class         = GLOB
final_structure_path    = nan
final_structure_source  = None

Attempting prediction for AT1G07500
Done with ΔG prediction for: AT1G07500
Structure used: 0-download-inputs/data-files/AF-Q9LNX4-F1-model_v6.pdb
DeepTMHMM_class: GLOB
Structure source: EBI-selected-UniProt

Attempting prediction for AT1G07530
Done with ΔG prediction for: AT1G07530
Structure used: 0-download-inputs/data-files/AF-Q9XE58-F1-model_v6.pdb
DeepTMHMM_class: GLOB
Structure source: EBI-selected-UniProt

Attempting prediction for AT1G07570
Prediction skipped for AT1G07570:
has_verified_seq       = True
DeepTMHMM_class         = GLOB
final_structure_path    = nan
final_structure_source  = None

Attempting prediction for AT1G07590
Prediction skipped for AT1G07590:
has_verified_seq       = True
DeepTMHMM_class         = GLOB
final_structure_path    = nan
final_structure_source  = None

Attempting prediction for AT1G07650
Prediction skipped for AT1G07650:
has_verified_seq       = True
DeepTMHMM_class         = SP+TM
final_structure_path    = nan
final_structure_source  = None

Attempting prediction for AT1G07660
Done with ΔG prediction for: AT1G07660
Structure used: 0-download-inputs/data-files/AF-P59259-F1-model_v6.pdb
DeepTMHMM_class: GLOB
Structure source: EBI-selected-UniProt

Attempting prediction for AT1G07770
Done with ΔG prediction for: AT1G07770
Structure used: 0-download-inputs/data-files/AF-P42798-F1-model_v6.pdb
DeepTMHMM_class: GLOB
Structure source: EBI-selected-UniProt

Attempting prediction for AT1G07810
Prediction skipped for AT1G07810:
has_verified_seq       = True
DeepTMHMM_class         = TM
final_structure_path    = 0-download-inputs/data-files/AF-P92939-F1-model_v6.pdb
final_structure_source  = EBI-selected-UniProt

Attempting prediction for AT1G07890
Done with ΔG prediction for: AT1G07890
Structure used: 0-download-inputs/data-files/AF-Q05431-F1-model_v6.pdb
DeepTMHMM_class: GLOB
Structure source: EBI-selected-UniProt

Attempting prediction for AT1G07930
Done with ΔG prediction for: AT1G07930
Structure used: 0-download-inputs/data-files/AF-Q8W4H7-F1-model_v6.pdb
DeepTMHMM_class: GLOB
Structure source: EBI-selected-UniProt

Attempting prediction for AT1G07940
Done with ΔG prediction for: AT1G07940
Structure used: 0-download-inputs/data-files/AF-P0DH99-F1-model_v6.pdb
DeepTMHMM_class: GLOB
Structure source: EBI-selected-UniProt

Attempting prediction for AT1G07980
Done with ΔG prediction for: AT1G07980
Structure used: 0-download-inputs/data-files/AF-Q9LN09-F1-model_v6.pdb
DeepTMHMM_class: GLOB
Structure source: EBI-selected-UniProt

Attempting prediction for AT1G08070
Prediction skipped for AT1G08070:
has_verified_seq       = True
DeepTMHMM_class         = GLOB
final_structure_path    = nan
final_structure_source  = None

Attempting prediction for AT1G08140
Prediction skipped for AT1G08140:
has_verified_seq       = True
DeepTMHMM_class         = TM
final_structure_path    = 0-download-inputs/data-files/AF-Q8GX92-F1-model_v6.pdb
final_structure_source  = EBI-selected-UniProt

Attempting prediction for AT1G08200
Done with ΔG prediction for: AT1G08200
Structure used: 0-download-inputs/data-files/AF-Q9SGE0-F1-model_v6.pdb
DeepTMHMM_class: GLOB
Structure source: EBI-selected-UniProt

Attempting prediction for AT1G08290
Done with ΔG prediction for: AT1G08290
Structure used: 0-download-inputs/data-files/AF-Q9SGD1-F1-model_v6.pdb
DeepTMHMM_class: GLOB
Structure source: EBI-selected-UniProt

Attempting prediction for AT1G08360
Done with ΔG prediction for: AT1G08360
Structure used: 0-download-inputs/data-files/AF-Q8VZB9-F1-model_v6.pdb
DeepTMHMM_class: GLOB
Structure source: EBI-selected-UniProt

Attempting prediction for AT1G08370
Prediction skipped for AT1G08370:
has_verified_seq       = True
DeepTMHMM_class         = GLOB
final_structure_path    = nan
final_structure_source  = None

Attempting prediction for AT1G08420
Done with ΔG prediction for: AT1G08420
Structure used: 0-download-inputs/data-files/AF-Q9SJF0-F1-model_v6.pdb
DeepTMHMM_class: GLOB
Structure source: EBI-selected-UniProt

Attempting prediction for AT1G08460
Done with ΔG prediction for: AT1G08460
Structure used: 0-download-inputs/data-files/AF-Q94EJ2-F1-model_v6.pdb
DeepTMHMM_class: GLOB
Structure source: EBI-selected-UniProt

Attempting prediction for AT1G08480
Prediction skipped for AT1G08480:
has_verified_seq       = True
DeepTMHMM_class         = TM
final_structure_path    = 0-download-inputs/data-files/AF-Q941A6-F1-model_v6.pdb
final_structure_source  = EBI-selected-UniProt

Attempting prediction for AT1G08560
Prediction skipped for AT1G08560:
has_verified_seq       = True
DeepTMHMM_class         = TM
final_structure_path    = 0-download-inputs/data-files/AF-Q42374-F1-model_v6.pdb
final_structure_source  = EBI-selected-UniProt

Attempting prediction for AT1G08720
Done with ΔG prediction for: AT1G08720
Structure used: 0-download-inputs/data-files/AF-Q9FPR3-F1-model_v6.pdb
DeepTMHMM_class: GLOB
Structure source: EBI-selected-UniProt

Attempting prediction for AT1G08780
Done with ΔG prediction for: AT1G08780
Structure used: 0-download-inputs/data-files/AF-Q9M4B5-F1-model_v6.pdb
DeepTMHMM_class: GLOB
Structure source: EBI-selected-UniProt

Attempting prediction for AT1G08800
Done with ΔG prediction for: AT1G08800
Structure used: 0-download-inputs/data-files/AF-F4HXQ7-F1-model_v6.pdb
DeepTMHMM_class: GLOB
Structure source: EBI-selected-UniProt

Attempting prediction for AT1G08820
Prediction skipped for AT1G08820:
has_verified_seq       = True
DeepTMHMM_class         = TM
final_structure_path    = 0-download-inputs/data-files/AF-B9DHD7-F1-model_v6.pdb
final_structure_source  = EBI-selected-UniProt

Attempting prediction for AT1G08830
Done with ΔG prediction for: AT1G08830
Structure used: 0-download-inputs/data-files/AF-P24704-F1-model_v6.pdb
DeepTMHMM_class: GLOB
Structure source: EBI-selected-UniProt

Attempting prediction for AT1G08970
Done with ΔG prediction for: AT1G08970
Structure used: 0-download-inputs/data-files/AF-Q8L4B2-F1-model_v6.pdb
DeepTMHMM_class: GLOB
Structure source: EBI-selected-UniProt

Attempting prediction for AT1G09000
Done with ΔG prediction for: AT1G09000
Structure used: 0-download-inputs/data-files/AF-O22040-F1-model_v6.pdb
DeepTMHMM_class: GLOB
Structure source: EBI-selected-UniProt

Attempting prediction for AT1G09020
Done with ΔG prediction for: AT1G09020
Structure used: 0-download-inputs/data-files/AF-Q944A6-F1-model_v6.pdb
DeepTMHMM_class: GLOB
Structure source: EBI-selected-UniProt

Attempting prediction for AT1G09030
Done with ΔG prediction for: AT1G09030
Structure used: 0-download-inputs/data-files/AF-O04027-F1-model_v6.pdb
DeepTMHMM_class: GLOB
Structure source: EBI-selected-UniProt

Attempting prediction for AT1G09060
Prediction skipped for AT1G09060:
has_verified_seq       = True
DeepTMHMM_class         = GLOB
final_structure_path    = nan
final_structure_source  = None

Attempting prediction for AT1G09070
Done with ΔG prediction for: AT1G09070
Structure used: 0-download-inputs/data-files/AF-O04023-F1-model_v6.pdb
DeepTMHMM_class: GLOB
Structure source: EBI-selected-UniProt

Attempting prediction for AT1G09080
Prediction skipped for AT1G09080:
has_verified_seq       = True
DeepTMHMM_class         = SP
final_structure_path    = nan
final_structure_source  = None

Attempting prediction for AT1G09100
Done with ΔG prediction for: AT1G09100
Structure used: 0-download-inputs/data-files/AF-O04019-F1-model_v6.pdb
DeepTMHMM_class: GLOB
Structure source: EBI-selected-UniProt

Attempting prediction for AT1G09140
Done with ΔG prediction for: AT1G09140
Structure used: 0-download-inputs/data-files/AF-Q9XFR5-F1-model_v6.pdb
DeepTMHMM_class: GLOB
Structure source: EBI-selected-UniProt

Attempting prediction for AT1G09180
Done with ΔG prediction for: AT1G09180
Structure used: 0-download-inputs/data-files/AF-O80489-F1-model_v6.pdb
DeepTMHMM_class: GLOB
Structure source: EBI-selected-UniProt

Attempting prediction for AT1G09200
Done with ΔG prediction for: AT1G09200
Structure used: 0-download-inputs/data-files/AF-P59226-F1-model_v6.pdb
DeepTMHMM_class: GLOB
Structure source: EBI-selected-UniProt

Attempting prediction for AT1G09210
Done with ΔG prediction for: AT1G09210
Structure used: 0-download-inputs/data-files/AF-Q38858-F1-model_v6-cleaved.pdb
DeepTMHMM_class: SP
Structure source: EBI-selected-UniProt-cleaved

Attempting prediction for AT1G09270
Done with ΔG prediction for: AT1G09270
Structure used: 0-download-inputs/data-files/AF-O80480-F1-model_v6.pdb
DeepTMHMM_class: GLOB
Structure source: EBI-selected-UniProt

Attempting prediction for AT1G09330
Prediction skipped for AT1G09330:
has_verified_seq       = True
DeepTMHMM_class         = TM
final_structure_path    = 0-download-inputs/data-files/AF-Q8LEK2-F1-model_v6.pdb
final_structure_source  = EBI-selected-UniProt

Attempting prediction for AT1G09340
Done with ΔG prediction for: AT1G09340
Structure used: 0-download-inputs/data-files/AF-Q9SA52-F1-model_v6.pdb
DeepTMHMM_class: GLOB
Structure source: EBI-selected-UniProt

Attempting prediction for AT1G09530
Done with ΔG prediction for: AT1G09530
Structure used: 0-download-inputs/data-files/AF-O80536-F1-model_v6.pdb
DeepTMHMM_class: GLOB
Structure source: EBI-selected-UniProt

Attempting prediction for AT1G09570
Done with ΔG prediction for: AT1G09570
Structure used: 0-download-inputs/data-files/AF-P14712-F1-model_v6.pdb
DeepTMHMM_class: GLOB
Structure source: EBI-selected-UniProt

Attempting prediction for AT1G09590
Done with ΔG prediction for: AT1G09590
Structure used: 0-download-inputs/data-files/AF-Q43291-F1-model_v6.pdb
DeepTMHMM_class: GLOB
Structure source: EBI-selected-UniProt

Attempting prediction for AT1G09630
Done with ΔG prediction for: AT1G09630
Structure used: 0-download-inputs/data-files/AF-O04486-F1-model_v6.pdb
DeepTMHMM_class: GLOB
Structure source: EBI-selected-UniProt

Attempting prediction for AT1G09700
Done with ΔG prediction for: AT1G09700
Structure used: 0-download-inputs/data-files/AF-O04492-F1-model_v6.pdb
DeepTMHMM_class: GLOB
Structure source: EBI-selected-UniProt

Attempting prediction for AT1G09760
Done with ΔG prediction for: AT1G09760
Structure used: 0-download-inputs/data-files/AF-P43333-F1-model_v6.pdb
DeepTMHMM_class: GLOB
Structure source: EBI-selected-UniProt

Attempting prediction for AT1G09770
Done with ΔG prediction for: AT1G09770
Structure used: 0-download-inputs/data-files/AF-P92948-F1-model_v6.pdb
DeepTMHMM_class: GLOB
Structure source: EBI-selected-UniProt

Attempting prediction for AT1G09840
Done with ΔG prediction for: AT1G09840
Structure used: 0-download-inputs/data-files/AF-Q39019-F1-model_v6.pdb
DeepTMHMM_class: GLOB
Structure source: EBI-selected-UniProt

Attempting prediction for AT1G09960
Prediction skipped for AT1G09960:
has_verified_seq       = True
DeepTMHMM_class         = TM
final_structure_path    = 0-download-inputs/data-files/AF-Q9FE59-F1-model_v6.pdb
final_structure_source  = EBI-selected-UniProt

Attempting prediction for AT1G09970
Prediction skipped for AT1G09970:
has_verified_seq       = True
DeepTMHMM_class         = SP+TM
final_structure_path    = nan
final_structure_source  = None

Attempting prediction for AT1G10070
Done with ΔG prediction for: AT1G10070
Structure used: 0-download-inputs/data-files/AF-Q9M439-F1-model_v6.pdb
DeepTMHMM_class: GLOB
Structure source: EBI-selected-UniProt

Attempting prediction for AT1G10180
Prediction skipped for AT1G10180:
has_verified_seq       = True
DeepTMHMM_class         = GLOB
final_structure_path    = nan
final_structure_source  = None

Attempting prediction for AT1G10200
Done with ΔG prediction for: AT1G10200
Structure used: 0-download-inputs/data-files/AF-Q94JX5-F1-model_v6.pdb
DeepTMHMM_class: GLOB
Structure source: EBI-selected-UniProt

Attempting prediction for AT1G10290
Done with ΔG prediction for: AT1G10290
Structure used: 0-download-inputs/data-files/AF-Q9SE83-F1-model_v6.pdb
DeepTMHMM_class: GLOB
Structure source: EBI-selected-UniProt

Attempting prediction for AT1G10350
Done with ΔG prediction for: AT1G10350
Structure used: 0-download-inputs/data-files/AF-Q9SY77-F1-model_v6.pdb
DeepTMHMM_class: GLOB
Structure source: EBI-selected-UniProt

Attempting prediction for AT1G10430
Done with ΔG prediction for: AT1G10430
Structure used: 0-download-inputs/data-files/AF-Q07098-F1-model_v6.pdb
DeepTMHMM_class: GLOB
Structure source: EBI-selected-UniProt

Attempting prediction for AT1G10470
Done with ΔG prediction for: AT1G10470
Structure used: 0-download-inputs/data-files/AF-O82798-F1-model_v6.pdb
DeepTMHMM_class: GLOB
Structure source: EBI-selected-UniProt

Attempting prediction for AT1G10480
Done with ΔG prediction for: AT1G10480
Structure used: 0-download-inputs/data-files/AF-Q39264-F1-model_v6.pdb
DeepTMHMM_class: GLOB
Structure source: EBI-selected-UniProt

Attempting prediction for AT1G10520
Done with ΔG prediction for: AT1G10520
Structure used: 0-download-inputs/data-files/AF-Q9FNY4-F1-model_v6.pdb
DeepTMHMM_class: GLOB
Structure source: EBI-selected-UniProt

Attempting prediction for AT1G10522
Done with ΔG prediction for: AT1G10522
Structure used: 0-download-inputs/data-files/AF-Q9XIK0-F1-model_v6.pdb
DeepTMHMM_class: GLOB
Structure source: EBI-selected-UniProt

Attempting prediction for AT1G10590
Prediction skipped for AT1G10590:
has_verified_seq       = True
DeepTMHMM_class         = GLOB
final_structure_path    = nan
final_structure_source  = None

Attempting prediction for AT1G10690
Done with ΔG prediction for: AT1G10690
Structure used: 0-download-inputs/data-files/AF-Q9SAD3-F1-model_v6.pdb
DeepTMHMM_class: GLOB
Structure source: EBI-selected-UniProt

Attempting prediction for AT1G10760
Done with ΔG prediction for: AT1G10760
Structure used: 0-download-inputs/data-files/AF-Q9SAC6-F1-model_v6.pdb
DeepTMHMM_class: GLOB
Structure source: EBI-selected-UniProt

Attempting prediction for AT1G10790
Prediction skipped for AT1G10790:
has_verified_seq       = True
DeepTMHMM_class         = TM
final_structure_path    = 0-download-inputs/data-files/AF-Q9S701-F1-model_v6.pdb
final_structure_source  = EBI-selected-UniProt

Attempting prediction for AT1G10820
Prediction skipped for AT1G10820:
has_verified_seq       = True
DeepTMHMM_class         = GLOB
final_structure_path    = nan
final_structure_source  = None

Attempting prediction for AT1G10840
Done with ΔG prediction for: AT1G10840
Structure used: 0-download-inputs/data-files/AF-Q9C5Z2-F1-model_v6.pdb
DeepTMHMM_class: GLOB
Structure source: EBI-selected-UniProt

Attempting prediction for AT1G10940
Done with ΔG prediction for: AT1G10940
Structure used: 0-download-inputs/data-files/AF-P43291-F1-model_v6.pdb
DeepTMHMM_class: GLOB
Structure source: EBI-selected-UniProt

Attempting prediction for AT1G10960
Done with ΔG prediction for: AT1G10960
Structure used: 0-download-inputs/data-files/AF-O04090-F1-model_v6.pdb
DeepTMHMM_class: GLOB
Structure source: EBI-selected-UniProt

Attempting prediction for AT1G11130
Prediction skipped for AT1G11130:
has_verified_seq       = True
DeepTMHMM_class         = SP+TM
final_structure_path    = 0-download-inputs/data-files/AF-Q8RWZ1-F1-model_v6-cleaved.pdb
final_structure_source  = EBI-selected-UniProt-cleaved

Attempting prediction for AT1G11260
Prediction skipped for AT1G11260:
has_verified_seq       = True
DeepTMHMM_class         = TM
final_structure_path    = 0-download-inputs/data-files/AF-P23586-F1-model_v6.pdb
final_structure_source  = EBI-selected-UniProt

Attempting prediction for AT1G11310
Prediction skipped for AT1G11310:
has_verified_seq       = True
DeepTMHMM_class         = TM
final_structure_path    = 0-download-inputs/data-files/AF-Q9SXB6-F1-model_v6.pdb
final_structure_source  = EBI-selected-UniProt

Attempting prediction for AT1G11330
Prediction skipped for AT1G11330:
has_verified_seq       = True
DeepTMHMM_class         = SP+TM
final_structure_path    = nan
final_structure_source  = None

Attempting prediction for AT1G11430
Done with ΔG prediction for: AT1G11430
Structure used: 0-download-inputs/data-files/AF-Q9LPZ1-F1-model_v6.pdb
DeepTMHMM_class: GLOB
Structure source: EBI-selected-UniProt

Attempting prediction for AT1G11480
Prediction skipped for AT1G11480:
has_verified_seq       = True
DeepTMHMM_class         = GLOB
final_structure_path    = nan
final_structure_source  = None

Attempting prediction for AT1G11650
Done with ΔG prediction for: AT1G11650
Structure used: 0-download-inputs/data-files/AF-Q9SAB3-F1-model_v6.pdb
DeepTMHMM_class: GLOB
Structure source: EBI-selected-UniProt

Attempting prediction for AT1G11850
Done with ΔG prediction for: AT1G11850
Structure used: 0-download-inputs/data-files/AF-O65397-F1-model_v6-cleaved.pdb
DeepTMHMM_class: SP
Structure source: EBI-selected-UniProt-cleaved

Attempting prediction for AT1G11910
Done with ΔG prediction for: AT1G11910
Structure used: 0-download-inputs/data-files/AF-O65390-F1-model_v6-cleaved.pdb
DeepTMHMM_class: SP
Structure source: EBI-selected-UniProt-cleaved

Attempting prediction for AT1G11950
Done with ΔG prediction for: AT1G11950
Structure used: 0-download-inputs/data-files/AF-C0SUU8-F1-model_v6.pdb
DeepTMHMM_class: GLOB
Structure source: EBI-selected-UniProt

Attempting prediction for AT1G12000
Done with ΔG prediction for: AT1G12000
Structure used: 0-download-inputs/data-files/AF-Q8W4M5-F1-model_v6.pdb
DeepTMHMM_class: GLOB
Structure source: EBI-selected-UniProt

Attempting prediction for AT1G12050
Prediction skipped for AT1G12050:
has_verified_seq       = True
DeepTMHMM_class         = GLOB
final_structure_path    = nan
final_structure_source  = None

Attempting prediction for AT1G12110
Prediction skipped for AT1G12110:
has_verified_seq       = True
DeepTMHMM_class         = TM
final_structure_path    = 0-download-inputs/data-files/AF-Q05085-F1-model_v6.pdb
final_structure_source  = EBI-selected-UniProt

Attempting prediction for AT1G12200
Done with ΔG prediction for: AT1G12200
Structure used: 0-download-inputs/data-files/AF-Q9FWW9-F1-model_v6.pdb
DeepTMHMM_class: GLOB
Structure source: EBI-selected-UniProt

Attempting prediction for AT1G12220
Done with ΔG prediction for: AT1G12220
Structure used: 0-download-inputs/data-files/AF-O64973-F1-model_v6.pdb
DeepTMHMM_class: GLOB
Structure source: EBI-selected-UniProt

Attempting prediction for AT1G12230
Done with ΔG prediction for: AT1G12230
Structure used: 0-download-inputs/data-files/AF-Q9FWX0-F1-model_v6.pdb
DeepTMHMM_class: GLOB
Structure source: EBI-selected-UniProt

Attempting prediction for AT1G12270
Done with ΔG prediction for: AT1G12270
Structure used: 0-download-inputs/data-files/AF-Q9LNB6-F1-model_v6.pdb
DeepTMHMM_class: GLOB
Structure source: EBI-selected-UniProt

Attempting prediction for AT1G12310
Done with ΔG prediction for: AT1G12310
Structure used: 0-download-inputs/data-files/AF-Q94AZ4-F1-model_v6.pdb
DeepTMHMM_class: GLOB
Structure source: EBI-selected-UniProt

Attempting prediction for AT1G12360
Prediction skipped for AT1G12360:
has_verified_seq       = True
DeepTMHMM_class         = GLOB
final_structure_path    = nan
final_structure_source  = None

Attempting prediction for AT1G12410
Done with ΔG prediction for: AT1G12410
Structure used: 0-download-inputs/data-files/AF-Q9XJ36-F1-model_v6.pdb
DeepTMHMM_class: GLOB
Structure source: EBI-selected-UniProt

Attempting prediction for AT1G12440
Done with ΔG prediction for: AT1G12440
Structure used: 0-download-inputs/data-files/AF-Q6NNI8-F1-model_v6.pdb
DeepTMHMM_class: GLOB
Structure source: EBI-selected-UniProt

Attempting prediction for AT1G12480
Prediction skipped for AT1G12480:
has_verified_seq       = True
DeepTMHMM_class         = TM
final_structure_path    = 0-download-inputs/data-files/AF-Q9LD83-F1-model_v6.pdb
final_structure_source  = EBI-selected-UniProt

Attempting prediction for AT1G12840
Done with ΔG prediction for: AT1G12840
Structure used: 0-download-inputs/data-files/AF-Q9SDS7-F1-model_v6.pdb
DeepTMHMM_class: GLOB
Structure source: EBI-selected-UniProt

Attempting prediction for AT1G12860
Done with ΔG prediction for: AT1G12860
Structure used: 0-download-inputs/data-files/AF-Q9LPW3-F1-model_v6.pdb
DeepTMHMM_class: GLOB
Structure source: EBI-selected-UniProt

Attempting prediction for AT1G12900
Prediction skipped for AT1G12900:
has_verified_seq       = True
DeepTMHMM_class         = GLOB
final_structure_path    = nan
final_structure_source  = None

Attempting prediction for AT1G12910
Done with ΔG prediction for: AT1G12910
Structure used: 0-download-inputs/data-files/AF-Q9LPV9-F1-model_v6.pdb
DeepTMHMM_class: GLOB
Structure source: EBI-selected-UniProt

Attempting prediction for AT1G12920
Done with ΔG prediction for: AT1G12920
Structure used: 0-download-inputs/data-files/AF-Q9LPV8-F1-model_v6.pdb
DeepTMHMM_class: GLOB
Structure source: EBI-selected-UniProt

Attempting prediction for AT1G12980
Done with ΔG prediction for: AT1G12980
Structure used: 0-download-inputs/data-files/AF-Q9SAD4-F1-model_v6.pdb
DeepTMHMM_class: GLOB
Structure source: EBI-selected-UniProt

Attempting prediction for AT1G13020
Done with ΔG prediction for: AT1G13020
Structure used: 0-download-inputs/data-files/AF-Q9SAD7-F1-model_v6.pdb
DeepTMHMM_class: GLOB
Structure source: EBI-selected-UniProt

Attempting prediction for AT1G13120
Done with ΔG prediction for: AT1G13120
Structure used: 0-download-inputs/data-files/AF-Q0WPZ7-F1-model_v6.pdb
DeepTMHMM_class: GLOB
Structure source: EBI-selected-UniProt

Attempting prediction for AT1G13180
Done with ΔG prediction for: AT1G13180
Structure used: 0-download-inputs/data-files/AF-Q9SAF1-F1-model_v6.pdb
DeepTMHMM_class: GLOB
Structure source: EBI-selected-UniProt

Attempting prediction for AT1G13260
Done with ΔG prediction for: AT1G13260
Structure used: 0-download-inputs/data-files/AF-Q9ZWM9-F1-model_v6.pdb
DeepTMHMM_class: GLOB
Structure source: EBI-selected-UniProt

Attempting prediction for AT1G13320
Done with ΔG prediction for: AT1G13320
Structure used: 0-download-inputs/data-files/AF-Q38951-F1-model_v6.pdb
DeepTMHMM_class: GLOB
Structure source: EBI-selected-UniProt

Attempting prediction for AT1G13370
Done with ΔG prediction for: AT1G13370
Structure used: 0-download-inputs/data-files/AF-Q9FX60-F1-model_v6.pdb
DeepTMHMM_class: GLOB
Structure source: EBI-selected-UniProt

Attempting prediction for AT1G13440
Done with ΔG prediction for: AT1G13440
Structure used: 0-download-inputs/data-files/AF-Q9FX54-F1-model_v6.pdb
DeepTMHMM_class: GLOB
Structure source: EBI-selected-UniProt

Attempting prediction for AT1G13460
Done with ΔG prediction for: AT1G13460
Structure used: 0-download-inputs/data-files/AF-Q8LF36-F1-model_v6.pdb
DeepTMHMM_class: GLOB
Structure source: EBI-selected-UniProt

Attempting prediction for AT1G13570
Done with ΔG prediction for: AT1G13570
Structure used: 0-download-inputs/data-files/AF-Q9FZ70-F1-model_v6.pdb
DeepTMHMM_class: GLOB
Structure source: EBI-selected-UniProt

Attempting prediction for AT1G13690
Prediction skipped for AT1G13690:
has_verified_seq       = True
DeepTMHMM_class         = GLOB
final_structure_path    = nan
final_structure_source  = None

Attempting prediction for AT1G13930
Done with ΔG prediction for: AT1G13930
Structure used: 0-download-inputs/data-files/AF-Q9XI93-F1-model_v6.pdb
DeepTMHMM_class: GLOB
Structure source: EBI-selected-UniProt

Attempting prediction for AT1G13980
Done with ΔG prediction for: AT1G13980
Structure used: 0-download-inputs/data-files/AF-Q42510-F1-model_v6.pdb
DeepTMHMM_class: GLOB
Structure source: EBI-selected-UniProt

Attempting prediction for AT1G14000
Done with ΔG prediction for: AT1G14000
Structure used: 0-download-inputs/data-files/AF-Q9XI87-F1-model_v6.pdb
DeepTMHMM_class: GLOB
Structure source: EBI-selected-UniProt

Attempting prediction for AT1G14030
Done with ΔG prediction for: AT1G14030
Structure used: 0-download-inputs/data-files/AF-Q9XI84-F1-model_v6.pdb
DeepTMHMM_class: GLOB
Structure source: EBI-selected-UniProt

Attempting prediction for AT1G14280
Done with ΔG prediction for: AT1G14280
Structure used: 0-download-inputs/data-files/AF-Q9M9T4-F1-model_v6.pdb
DeepTMHMM_class: GLOB
Structure source: EBI-selected-UniProt

Attempting prediction for AT1G14320
Done with ΔG prediction for: AT1G14320
Structure used: 0-download-inputs/data-files/AF-Q93VT9-F1-model_v6.pdb
DeepTMHMM_class: GLOB
Structure source: EBI-selected-UniProt

Attempting prediction for AT1G14390
Prediction skipped for AT1G14390:
has_verified_seq       = True
DeepTMHMM_class         = SP+TM
final_structure_path    = 0-download-inputs/data-files/AF-Q9M9S4-F1-model_v6-cleaved.pdb
final_structure_source  = EBI-selected-UniProt-cleaved

Attempting prediction for AT1G14410
Done with ΔG prediction for: AT1G14410
Structure used: 0-download-inputs/data-files/AF-Q9M9S3-F1-model_v6.pdb
DeepTMHMM_class: GLOB
Structure source: EBI-selected-UniProt

Attempting prediction for AT1G14510
Done with ΔG prediction for: AT1G14510
Structure used: 0-download-inputs/data-files/AF-Q8LA16-F1-model_v6.pdb
DeepTMHMM_class: GLOB
Structure source: EBI-selected-UniProt

Attempting prediction for AT1G14620
Prediction skipped for AT1G14620:
has_verified_seq       = True
DeepTMHMM_class         = GLOB
final_structure_path    = nan
final_structure_source  = None

Attempting prediction for AT1G14640
Done with ΔG prediction for: AT1G14640
Structure used: 0-download-inputs/data-files/AF-F4HW92-F1-model_v6.pdb
DeepTMHMM_class: GLOB
Structure source: EBI-selected-UniProt

Attempting prediction for AT1G14730
Prediction skipped for AT1G14730:
has_verified_seq       = True
DeepTMHMM_class         = TM
final_structure_path    = 0-download-inputs/data-files/AF-Q67ZF6-F1-model_v6.pdb
final_structure_source  = EBI-selected-UniProt

Attempting prediction for AT1G14740
Done with ΔG prediction for: AT1G14740
Structure used: 0-download-inputs/data-files/AF-Q94B71-F1-model_v6.pdb
DeepTMHMM_class: GLOB
Structure source: EBI-selected-UniProt

Attempting prediction for AT1G14830
Done with ΔG prediction for: AT1G14830
Structure used: 0-download-inputs/data-files/AF-Q8LF21-F1-model_v6.pdb
DeepTMHMM_class: GLOB
Structure source: EBI-selected-UniProt

Attempting prediction for AT1G14870
Done with ΔG prediction for: AT1G14870
Structure used: 0-download-inputs/data-files/AF-Q9LQU4-F1-model_v6.pdb
DeepTMHMM_class: GLOB
Structure source: EBI-selected-UniProt

Attempting prediction for AT1G14900
Done with ΔG prediction for: AT1G14900
Structure used: 0-download-inputs/data-files/AF-Q43386-F1-model_v6.pdb
DeepTMHMM_class: GLOB
Structure source: EBI-selected-UniProt

Attempting prediction for AT1G14920
Done with ΔG prediction for: AT1G14920
Structure used: 0-download-inputs/data-files/AF-Q9LQT8-F1-model_v6.pdb
DeepTMHMM_class: GLOB
Structure source: EBI-selected-UniProt

Attempting prediction for AT1G14960
Done with ΔG prediction for: AT1G14960
Structure used: 0-download-inputs/data-files/AF-Q93WB5-F1-model_v6.pdb
DeepTMHMM_class: GLOB
Structure source: EBI-selected-UniProt

Attempting prediction for AT1G15130
Done with ΔG prediction for: AT1G15130
Structure used: 0-download-inputs/data-files/AF-F4HXZ1-F1-model_v6.pdb
DeepTMHMM_class: GLOB
Structure source: EBI-selected-UniProt

Attempting prediction for AT1G15200
Prediction skipped for AT1G15200:
has_verified_seq       = True
DeepTMHMM_class         = GLOB
final_structure_path    = nan
final_structure_source  = None

Attempting prediction for AT1G15215
Prediction skipped for AT1G15215:
has_verified_seq       = True
DeepTMHMM_class         = GLOB
final_structure_path    = nan
final_structure_source  = None

Attempting prediction for AT1G15290
Prediction skipped for AT1G15290:
has_verified_seq       = True
DeepTMHMM_class         = GLOB
final_structure_path    = nan
final_structure_source  = None

Attempting prediction for AT1G15570
Done with ΔG prediction for: AT1G15570
Structure used: 0-download-inputs/data-files/AF-Q38819-F1-model_v6.pdb
DeepTMHMM_class: GLOB
Structure source: EBI-selected-UniProt

Attempting prediction for AT1G15690
Prediction skipped for AT1G15690:
has_verified_seq       = True
DeepTMHMM_class         = TM
final_structure_path    = 0-download-inputs/data-files/AF-P31414-F1-model_v6.pdb
final_structure_source  = EBI-selected-UniProt

Attempting prediction for AT1G15730
Done with ΔG prediction for: AT1G15730
Structure used: 0-download-inputs/data-files/AF-Q9LMR1-F1-model_v6.pdb
DeepTMHMM_class: GLOB
Structure source: EBI-selected-UniProt

Attempting prediction for AT1G15750
Done with ΔG prediction for: AT1G15750
Structure used: 0-download-inputs/data-files/AF-Q94AI7-F1-model_v6.pdb
DeepTMHMM_class: GLOB
Structure source: EBI-selected-UniProt

Attempting prediction for AT1G15810
Prediction skipped for AT1G15810:
has_verified_seq       = True
DeepTMHMM_class         = GLOB
final_structure_path    = nan
final_structure_source  = None

Attempting prediction for AT1G15820
Prediction skipped for AT1G15820:
has_verified_seq       = True
DeepTMHMM_class         = TM
final_structure_path    = nan
final_structure_source  = None

Attempting prediction for AT1G15910
Done with ΔG prediction for: AT1G15910
Structure used: 0-download-inputs/data-files/AF-Q9S9P3-F1-model_v6.pdb
DeepTMHMM_class: GLOB
Structure source: EBI-selected-UniProt

Attempting prediction for AT1G15930
Done with ΔG prediction for: AT1G15930
Structure used: 0-download-inputs/data-files/AF-Q9S9P1-F1-model_v6.pdb
DeepTMHMM_class: GLOB
Structure source: EBI-selected-UniProt

Attempting prediction for AT1G16000
Prediction skipped for AT1G16000:
has_verified_seq       = True
DeepTMHMM_class         = TM
final_structure_path    = nan
final_structure_source  = None

Attempting prediction for AT1G16030
Done with ΔG prediction for: AT1G16030
Structure used: 0-download-inputs/data-files/AF-Q9S9N1-F1-model_v6.pdb
DeepTMHMM_class: GLOB
Structure source: EBI-selected-UniProt

Attempting prediction for AT1G16240
Prediction skipped for AT1G16240:
has_verified_seq       = True
DeepTMHMM_class         = TM
final_structure_path    = 0-download-inputs/data-files/AF-Q9SA23-F1-model_v6.pdb
final_structure_source  = EBI-selected-UniProt

Attempting prediction for AT1G16330
Prediction skipped for AT1G16330:
has_verified_seq       = True
DeepTMHMM_class         = GLOB
final_structure_path    = nan
final_structure_source  = None

Attempting prediction for AT1G16470
Done with ΔG prediction for: AT1G16470
Structure used: 0-download-inputs/data-files/AF-O23708-F1-model_v6.pdb
DeepTMHMM_class: GLOB
Structure source: EBI-selected-UniProt

Attempting prediction for AT1G16530
Done with ΔG prediction for: AT1G16530
Structure used: 0-download-inputs/data-files/AF-Q9SA51-F1-model_v6.pdb
DeepTMHMM_class: GLOB
Structure source: EBI-selected-UniProt

Attempting prediction for AT1G16610
Prediction skipped for AT1G16610:
has_verified_seq       = True
DeepTMHMM_class         = GLOB
final_structure_path    = nan
final_structure_source  = None

Attempting prediction for AT1G16790
Prediction skipped for AT1G16790:
has_verified_seq       = True
DeepTMHMM_class         = TM
final_structure_path    = nan
final_structure_source  = None

Attempting prediction for AT1G16860
Prediction skipped for AT1G16860:
has_verified_seq       = True
DeepTMHMM_class         = TM
final_structure_path    = 0-download-inputs/data-files/AF-Q9FZ45-F1-model_v6.pdb
final_structure_source  = EBI-selected-UniProt

Attempting prediction for AT1G16970
Done with ΔG prediction for: AT1G16970
Structure used: 0-download-inputs/data-files/AF-Q9FQ08-F1-model_v6.pdb
DeepTMHMM_class: GLOB
Structure source: EBI-selected-UniProt

Attempting prediction for AT1G17050
Done with ΔG prediction for: AT1G17050
Structure used: 0-download-inputs/data-files/AF-Q76FS5-F1-model_v6.pdb
DeepTMHMM_class: GLOB
Structure source: EBI-selected-UniProt

Attempting prediction for AT1G17110
Prediction skipped for AT1G17110:
has_verified_seq       = True
DeepTMHMM_class         = TM
final_structure_path    = 0-download-inputs/data-files/AF-Q9FPS9-F1-model_v6.pdb
final_structure_source  = EBI-selected-UniProt

Attempting prediction for AT1G17140
Done with ΔG prediction for: AT1G17140
Structure used: 0-download-inputs/data-files/AF-Q8LE98-F1-model_v6.pdb
DeepTMHMM_class: GLOB
Structure source: EBI-selected-UniProt

Attempting prediction for AT1G17180
Done with ΔG prediction for: AT1G17180
Structure used: 0-download-inputs/data-files/AF-Q9SHH7-F1-model_v6.pdb
DeepTMHMM_class: GLOB
Structure source: EBI-selected-UniProt

Attempting prediction for AT1G17260
Prediction skipped for AT1G17260:
has_verified_seq       = True
DeepTMHMM_class         = TM
final_structure_path    = 0-download-inputs/data-files/AF-Q43128-F1-model_v6.pdb
final_structure_source  = EBI-selected-UniProt

Attempting prediction for AT1G17420
Done with ΔG prediction for: AT1G17420
Structure used: 0-download-inputs/data-files/AF-Q9LNR3-F1-model_v6.pdb
DeepTMHMM_class: GLOB
Structure source: EBI-selected-UniProt

Attempting prediction for AT1G17550
Done with ΔG prediction for: AT1G17550
Structure used: 0-download-inputs/data-files/AF-Q9LNP9-F1-model_v6.pdb
DeepTMHMM_class: GLOB
Structure source: EBI-selected-UniProt

Attempting prediction for AT1G17590
Done with ΔG prediction for: AT1G17590
Structure used: 0-download-inputs/data-files/AF-Q9LNP6-F1-model_v6.pdb
DeepTMHMM_class: GLOB
Structure source: EBI-selected-UniProt

Attempting prediction for AT1G17615
Prediction skipped for AT1G17615:
has_verified_seq       = True
DeepTMHMM_class         = GLOB
final_structure_path    = nan
final_structure_source  = None

Attempting prediction for AT1G17650
Done with ΔG prediction for: AT1G17650
Structure used: 0-download-inputs/data-files/AF-F4I907-F1-model_v6.pdb
DeepTMHMM_class: GLOB
Structure source: EBI-selected-UniProt

Attempting prediction for AT1G17720
Prediction skipped for AT1G17720:
has_verified_seq       = True
DeepTMHMM_class         = GLOB
final_structure_path    = nan
final_structure_source  = None

Attempting prediction for AT1G17730
Done with ΔG prediction for: AT1G17730
Structure used: 0-download-inputs/data-files/AF-Q8LE58-F1-model_v6.pdb
DeepTMHMM_class: GLOB
Structure source: EBI-selected-UniProt

Attempting prediction for AT1G17745
Done with ΔG prediction for: AT1G17745
Structure used: 0-download-inputs/data-files/AF-O04130-F1-model_v6.pdb
DeepTMHMM_class: GLOB
Structure source: EBI-selected-UniProt

Attempting prediction for AT1G17760
Done with ΔG prediction for: AT1G17760
Structure used: 0-download-inputs/data-files/AF-Q8GUP1-F1-model_v6.pdb
DeepTMHMM_class: GLOB
Structure source: EBI-selected-UniProt

Attempting prediction for AT1G17840
Prediction skipped for AT1G17840:
has_verified_seq       = True
DeepTMHMM_class         = TM
final_structure_path    = 0-download-inputs/data-files/AF-Q8RXN0-F1-model_v6.pdb
final_structure_source  = EBI-selected-UniProt

Attempting prediction for AT1G17860
Done with ΔG prediction for: AT1G17860
Structure used: 0-download-inputs/data-files/AF-Q9LMU2-F1-model_v6-cleaved.pdb
DeepTMHMM_class: SP
Structure source: EBI-selected-UniProt-cleaved

Attempting prediction for AT1G17980
Done with ΔG prediction for: AT1G17980
Structure used: 0-download-inputs/data-files/AF-Q9LMT2-F1-model_v6.pdb
DeepTMHMM_class: GLOB
Structure source: EBI-selected-UniProt

Attempting prediction for AT1G18040
Done with ΔG prediction for: AT1G18040
Structure used: 0-download-inputs/data-files/AF-Q9LMT0-F1-model_v6.pdb
DeepTMHMM_class: GLOB
Structure source: EBI-selected-UniProt

Attempting prediction for AT1G18080
Done with ΔG prediction for: AT1G18080
Structure used: 0-download-inputs/data-files/AF-O24456-F1-model_v6.pdb
DeepTMHMM_class: GLOB
Structure source: EBI-selected-UniProt

Attempting prediction for AT1G18150
Done with ΔG prediction for: AT1G18150
Structure used: 0-download-inputs/data-files/AF-Q9LM33-F1-model_v6.pdb
DeepTMHMM_class: GLOB
Structure source: EBI-selected-UniProt

Attempting prediction for AT1G18160
Done with ΔG prediction for: AT1G18160
Structure used: 0-download-inputs/data-files/AF-F4IAN2-F1-model_v6.pdb
DeepTMHMM_class: GLOB
Structure source: EBI-selected-UniProt

Attempting prediction for AT1G18260
Prediction skipped for AT1G18260:
has_verified_seq       = True
DeepTMHMM_class         = SP+TM
final_structure_path    = 0-download-inputs/data-files/AF-Q9LM25-F1-model_v6-cleaved.pdb
final_structure_source  = EBI-selected-UniProt-cleaved

Attempting prediction for AT1G18330
Prediction skipped for AT1G18330:
has_verified_seq       = True
DeepTMHMM_class         = GLOB
final_structure_path    = nan
final_structure_source  = None

Attempting prediction for AT1G18370
Done with ΔG prediction for: AT1G18370
Structure used: 0-download-inputs/data-files/AF-Q8S905-F1-model_v6.pdb
DeepTMHMM_class: GLOB
Structure source: EBI-selected-UniProt

Attempting prediction for AT1G18450
Done with ΔG prediction for: AT1G18450
Structure used: 0-download-inputs/data-files/AF-Q84M92-F1-model_v6.pdb
DeepTMHMM_class: GLOB
Structure source: EBI-selected-UniProt

Attempting prediction for AT1G18500
Done with ΔG prediction for: AT1G18500
Structure used: 0-download-inputs/data-files/AF-Q9LPR4-F1-model_v6.pdb
DeepTMHMM_class: GLOB
Structure source: EBI-selected-UniProt

Attempting prediction for AT1G18660
Prediction skipped for AT1G18660:
has_verified_seq       = True
DeepTMHMM_class         = GLOB
final_structure_path    = nan
final_structure_source  = None

Attempting prediction for AT1G18800
Done with ΔG prediction for: AT1G18800
Structure used: 0-download-inputs/data-files/AF-Q8LC68-F1-model_v6.pdb
DeepTMHMM_class: GLOB
Structure source: EBI-selected-UniProt

Attempting prediction for AT1G19100
Done with ΔG prediction for: AT1G19100
Structure used: 0-download-inputs/data-files/AF-Q56Y74-F1-model_v6.pdb
DeepTMHMM_class: GLOB
Structure source: EBI-selected-UniProt

Attempting prediction for AT1G19180
Done with ΔG prediction for: AT1G19180
Structure used: 0-download-inputs/data-files/AF-Q9LMA8-F1-model_v6.pdb
DeepTMHMM_class: GLOB
Structure source: EBI-selected-UniProt

Attempting prediction for AT1G19270
Prediction skipped for AT1G19270:
has_verified_seq       = True
DeepTMHMM_class         = GLOB
final_structure_path    = nan
final_structure_source  = None

Attempting prediction for AT1G19350
Prediction skipped for AT1G19350:
has_verified_seq       = True
DeepTMHMM_class         = GLOB
final_structure_path    = nan
final_structure_source  = None

Attempting prediction for AT1G19520
Prediction skipped for AT1G19520:
has_verified_seq       = True
DeepTMHMM_class         = GLOB
final_structure_path    = nan
final_structure_source  = None

Attempting prediction for AT1G19570
Done with ΔG prediction for: AT1G19570
Structure used: 0-download-inputs/data-files/AF-Q9FWR4-F1-model_v6.pdb
DeepTMHMM_class: GLOB
Structure source: EBI-selected-UniProt

Attempting prediction for AT1G19750
Prediction skipped for AT1G19750:
has_verified_seq       = True
DeepTMHMM_class         = GLOB
final_structure_path    = nan
final_structure_source  = None

Attempting prediction for AT1G19800
Prediction skipped for AT1G19800:
has_verified_seq       = True
DeepTMHMM_class         = TM
final_structure_path    = 0-download-inputs/data-files/AF-Q8L4R0-F1-model_v6.pdb
final_structure_source  = EBI-selected-UniProt

Attempting prediction for AT1G19835
Done with ΔG prediction for: AT1G19835
Structure used: 0-download-inputs/data-files/AF-Q0WSY2-F1-model_v6.pdb
DeepTMHMM_class: GLOB
Structure source: EBI-selected-UniProt

Attempting prediction for AT1G19850
Done with ΔG prediction for: AT1G19850
Structure used: 0-download-inputs/data-files/AF-P93024-F1-model_v6.pdb
DeepTMHMM_class: GLOB
Structure source: EBI-selected-UniProt

Attempting prediction for AT1G19860
Done with ΔG prediction for: AT1G19860
Structure used: 0-download-inputs/data-files/AF-Q56XU4-F1-model_v6.pdb
DeepTMHMM_class: GLOB
Structure source: EBI-selected-UniProt

Attempting prediction for AT1G20010
Done with ΔG prediction for: AT1G20010
Structure used: 0-download-inputs/data-files/AF-P29513-F1-model_v6.pdb
DeepTMHMM_class: GLOB
Structure source: EBI-selected-UniProt

Attempting prediction for AT1G20020
Done with ΔG prediction for: AT1G20020
Structure used: 0-download-inputs/data-files/AF-Q8W493-F1-model_v6.pdb
DeepTMHMM_class: GLOB
Structure source: EBI-selected-UniProt

Attempting prediction for AT1G20090
Done with ΔG prediction for: AT1G20090
Structure used: 0-download-inputs/data-files/AF-Q38919-F1-model_v6.pdb
DeepTMHMM_class: GLOB
Structure source: EBI-selected-UniProt

Attempting prediction for AT1G20110
Done with ΔG prediction for: AT1G20110
Structure used: 0-download-inputs/data-files/AF-Q9ASS2-F1-model_v6.pdb
DeepTMHMM_class: GLOB
Structure source: EBI-selected-UniProt

Attempting prediction for AT1G20140
Done with ΔG prediction for: AT1G20140
Structure used: 0-download-inputs/data-files/AF-Q9LNT9-F1-model_v6.pdb
DeepTMHMM_class: GLOB
Structure source: EBI-selected-UniProt

Attempting prediction for AT1G20200
Done with ΔG prediction for: AT1G20200
Structure used: 0-download-inputs/data-files/AF-Q9LNU4-F1-model_v6.pdb
DeepTMHMM_class: GLOB
Structure source: EBI-selected-UniProt

Attempting prediction for AT1G20220
Prediction skipped for AT1G20220:
has_verified_seq       = True
DeepTMHMM_class         = GLOB
final_structure_path    = nan
final_structure_source  = None

Attempting prediction for AT1G20260
Done with ΔG prediction for: AT1G20260
Structure used: 0-download-inputs/data-files/AF-Q8W4E2-F1-model_v6.pdb
DeepTMHMM_class: GLOB
Structure source: EBI-selected-UniProt

Attempting prediction for AT1G20330
Done with ΔG prediction for: AT1G20330
Structure used: 0-download-inputs/data-files/AF-Q39227-F1-model_v6.pdb
DeepTMHMM_class: GLOB
Structure source: EBI-selected-UniProt

Attempting prediction for AT1G20340
Done with ΔG prediction for: AT1G20340
Structure used: 0-download-inputs/data-files/AF-P42699-F1-model_v6.pdb
DeepTMHMM_class: GLOB
Structure source: EBI-selected-UniProt

Attempting prediction for AT1G20450
Done with ΔG prediction for: AT1G20450
Structure used: 0-download-inputs/data-files/AF-P42759-F1-model_v6.pdb
DeepTMHMM_class: GLOB
Structure source: EBI-selected-UniProt

Attempting prediction for AT1G20540
Prediction skipped for AT1G20540:
has_verified_seq       = True
DeepTMHMM_class         = GLOB
final_structure_path    = nan
final_structure_source  = None

Attempting prediction for AT1G20610
Done with ΔG prediction for: AT1G20610
Structure used: 0-download-inputs/data-files/AF-Q9LDM4-F1-model_v6.pdb
DeepTMHMM_class: GLOB
Structure source: EBI-selected-UniProt

Attempting prediction for AT1G20620
Prediction skipped for AT1G20620:
has_verified_seq       = True
DeepTMHMM_class         = GLOB
final_structure_path    = nan
final_structure_source  = None

Attempting prediction for AT1G20630
Done with ΔG prediction for: AT1G20630
Structure used: 0-download-inputs/data-files/AF-Q96528-F1-model_v6.pdb
DeepTMHMM_class: GLOB
Structure source: EBI-selected-UniProt

Attempting prediction for AT1G20640
Prediction skipped for AT1G20640:
has_verified_seq       = True
DeepTMHMM_class         = GLOB
final_structure_path    = nan
final_structure_source  = None

Attempting prediction for AT1G20700
Prediction skipped for AT1G20700:
has_verified_seq       = True
DeepTMHMM_class         = GLOB
final_structure_path    = nan
final_structure_source  = None

Attempting prediction for AT1G20840
Prediction skipped for AT1G20840:
has_verified_seq       = True
DeepTMHMM_class         = TM
final_structure_path    = 0-download-inputs/data-files/AF-Q96290-F1-model_v6.pdb
final_structure_source  = EBI-selected-UniProt

Attempting prediction for AT1G20850
Done with ΔG prediction for: AT1G20850
Structure used: 0-download-inputs/data-files/AF-Q9LM66-F1-model_v6-cleaved.pdb
DeepTMHMM_class: SP
Structure source: EBI-selected-UniProt-cleaved

Attempting prediction for AT1G20870
Done with ΔG prediction for: AT1G20870
Structure used: 0-download-inputs/data-files/AF-Q9SYQ0-F1-model_v6.pdb
DeepTMHMM_class: GLOB
Structure source: EBI-selected-UniProt

Attempting prediction for AT1G20920
Done with ΔG prediction for: AT1G20920
Structure used: 0-download-inputs/data-files/AF-Q8H0U8-F1-model_v6.pdb
DeepTMHMM_class: GLOB
Structure source: EBI-selected-UniProt

Attempting prediction for AT1G20930
Done with ΔG prediction for: AT1G20930
Structure used: 0-download-inputs/data-files/AF-Q8LG64-F1-model_v6.pdb
DeepTMHMM_class: GLOB
Structure source: EBI-selected-UniProt

Attempting prediction for AT1G20950
Done with ΔG prediction for: AT1G20950
Structure used: 0-download-inputs/data-files/AF-Q9SYP2-F1-model_v6.pdb
DeepTMHMM_class: GLOB
Structure source: EBI-selected-UniProt

Attempting prediction for AT1G20960
Done with ΔG prediction for: AT1G20960
Structure used: 0-download-inputs/data-files/AF-Q9SYP1-F1-model_v6.pdb
DeepTMHMM_class: GLOB
Structure source: EBI-selected-UniProt

Attempting prediction for AT1G20970
Prediction skipped for AT1G20970:
has_verified_seq       = True
DeepTMHMM_class         = TM
final_structure_path    = 0-download-inputs/data-files/AF-F4HWC3-F1-model_v6.pdb
final_structure_source  = EBI-selected-UniProt

Attempting prediction for AT1G21250
Prediction skipped for AT1G21250:
has_verified_seq       = True
DeepTMHMM_class         = SP+TM
final_structure_path    = 0-download-inputs/data-files/AF-Q39191-F1-model_v6-cleaved.pdb
final_structure_source  = EBI-selected-UniProt-cleaved

Attempting prediction for AT1G21270
Prediction skipped for AT1G21270:
has_verified_seq       = True
DeepTMHMM_class         = SP+TM
final_structure_path    = 0-download-inputs/data-files/AF-Q9LMP1-F1-model_v6-cleaved.pdb
final_structure_source  = EBI-selected-UniProt-cleaved

Attempting prediction for AT1G21400
Prediction skipped for AT1G21400:
has_verified_seq       = True
DeepTMHMM_class         = GLOB
final_structure_path    = nan
final_structure_source  = None

Attempting prediction for AT1G21410
Done with ΔG prediction for: AT1G21410
Structure used: 0-download-inputs/data-files/AF-Q9LPL4-F1-model_v6.pdb
DeepTMHMM_class: GLOB
Structure source: EBI-selected-UniProt

Attempting prediction for AT1G21560
Done with ΔG prediction for: AT1G21560
Structure used: 0-download-inputs/data-files/AF-Q9LPK4-F1-model_v6.pdb
DeepTMHMM_class: GLOB
Structure source: EBI-selected-UniProt

Attempting prediction for AT1G21690
Done with ΔG prediction for: AT1G21690
Structure used: 0-download-inputs/data-files/AF-Q93ZX1-F1-model_v6.pdb
DeepTMHMM_class: GLOB
Structure source: EBI-selected-UniProt

Attempting prediction for AT1G21700
Done with ΔG prediction for: AT1G21700
Structure used: 0-download-inputs/data-files/AF-Q9XI07-F1-model_v6.pdb
DeepTMHMM_class: GLOB
Structure source: EBI-selected-UniProt

Attempting prediction for AT1G21750
Done with ΔG prediction for: AT1G21750
Structure used: 0-download-inputs/data-files/AF-Q9XI01-F1-model_v6-cleaved.pdb
DeepTMHMM_class: SP
Structure source: EBI-selected-UniProt-cleaved

Attempting prediction for AT1G21780
Done with ΔG prediction for: AT1G21780
Structure used: 0-download-inputs/data-files/AF-Q9XHZ8-F1-model_v6.pdb
DeepTMHMM_class: GLOB
Structure source: EBI-selected-UniProt

Attempting prediction for AT1G21980
Done with ΔG prediction for: AT1G21980
Structure used: 0-download-inputs/data-files/AF-Q56YP2-F1-model_v6.pdb
DeepTMHMM_class: GLOB
Structure source: EBI-selected-UniProt

Attempting prediction for AT1G22150
Prediction skipped for AT1G22150:
has_verified_seq       = True
DeepTMHMM_class         = TM
final_structure_path    = 0-download-inputs/data-files/AF-Q9FEP7-F1-model_v6.pdb
final_structure_source  = EBI-selected-UniProt

Attempting prediction for AT1G22280
Done with ΔG prediction for: AT1G22280
Structure used: 0-download-inputs/data-files/AF-Q9LME4-F1-model_v6.pdb
DeepTMHMM_class: GLOB
Structure source: EBI-selected-UniProt

Attempting prediction for AT1G22300
Done with ΔG prediction for: AT1G22300
Structure used: 0-download-inputs/data-files/AF-P48347-F1-model_v6.pdb
DeepTMHMM_class: GLOB
Structure source: EBI-selected-UniProt

Attempting prediction for AT1G22440
Done with ΔG prediction for: AT1G22440
Structure used: 0-download-inputs/data-files/AF-Q9SK87-F1-model_v6.pdb
DeepTMHMM_class: GLOB
Structure source: EBI-selected-UniProt

Attempting prediction for AT1G22700
Prediction skipped for AT1G22700:
has_verified_seq       = True
DeepTMHMM_class         = TM
final_structure_path    = nan
final_structure_source  = None

Attempting prediction for AT1G22710
Prediction skipped for AT1G22710:
has_verified_seq       = True
DeepTMHMM_class         = TM
final_structure_path    = 0-download-inputs/data-files/AF-Q39231-F1-model_v6.pdb
final_structure_source  = EBI-selected-UniProt

Attempting prediction for AT1G22760
Done with ΔG prediction for: AT1G22760
Structure used: 0-download-inputs/data-files/AF-O64380-F1-model_v6.pdb
DeepTMHMM_class: GLOB
Structure source: EBI-selected-UniProt

Attempting prediction for AT1G22770
Done with ΔG prediction for: AT1G22770
Structure used: 0-download-inputs/data-files/AF-Q9SQI2-F1-model_v6.pdb
DeepTMHMM_class: GLOB
Structure source: EBI-selected-UniProt

Attempting prediction for AT1G22780
Done with ΔG prediction for: AT1G22780
Structure used: 0-download-inputs/data-files/AF-P34788-F1-model_v6.pdb
DeepTMHMM_class: GLOB
Structure source: EBI-selected-UniProt

Attempting prediction for AT1G22840
Done with ΔG prediction for: AT1G22840
Structure used: 0-download-inputs/data-files/AF-O23138-F1-model_v6.pdb
DeepTMHMM_class: GLOB
Structure source: EBI-selected-UniProt

Attempting prediction for AT1G22920
Done with ΔG prediction for: AT1G22920
Structure used: 0-download-inputs/data-files/AF-Q8LAZ7-F1-model_v6.pdb
DeepTMHMM_class: GLOB
Structure source: EBI-selected-UniProt

Attempting prediction for AT1G22970
Done with ΔG prediction for: AT1G22970
Structure used: 0-download-inputs/data-files/AF-O23126-F1-model_v6.pdb
DeepTMHMM_class: GLOB
Structure source: EBI-selected-UniProt

Attempting prediction for AT1G23080
Prediction skipped for AT1G23080:
has_verified_seq       = True
DeepTMHMM_class         = TM
final_structure_path    = nan
final_structure_source  = None

Attempting prediction for AT1G23190
Done with ΔG prediction for: AT1G23190
Structure used: 0-download-inputs/data-files/AF-O49299-F1-model_v6.pdb
DeepTMHMM_class: GLOB
Structure source: EBI-selected-UniProt

Attempting prediction for AT1G23290
Done with ΔG prediction for: AT1G23290
Structure used: 0-download-inputs/data-files/AF-Q9LR33-F1-model_v6.pdb
DeepTMHMM_class: GLOB
Structure source: EBI-selected-UniProt

Attempting prediction for AT1G23490
Prediction skipped for AT1G23490:
has_verified_seq       = True
DeepTMHMM_class         = GLOB
final_structure_path    = nan
final_structure_source  = None

Attempting prediction for AT1G23820
Prediction skipped for AT1G23820:
has_verified_seq       = True
DeepTMHMM_class         = GLOB
final_structure_path    = nan
final_structure_source  = None

Attempting prediction for AT1G23860
Done with ΔG prediction for: AT1G23860
Structure used: 0-download-inputs/data-files/AF-O81127-F1-model_v6.pdb
DeepTMHMM_class: GLOB
Structure source: EBI-selected-UniProt

Attempting prediction for AT1G23900
Done with ΔG prediction for: AT1G23900
Structure used: 0-download-inputs/data-files/AF-Q84K16-F1-model_v6.pdb
DeepTMHMM_class: GLOB
Structure source: EBI-selected-UniProt

Attempting prediction for AT1G23980
Prediction skipped for AT1G23980:
has_verified_seq       = True
DeepTMHMM_class         = TM
final_structure_path    = 0-download-inputs/data-files/AF-Q8GW38-F1-model_v6.pdb
final_structure_source  = EBI-selected-UniProt

Attempting prediction for AT1G24020
Done with ΔG prediction for: AT1G24020
Structure used: 0-download-inputs/data-files/AF-Q93VR4-F1-model_v6.pdb
DeepTMHMM_class: GLOB
Structure source: EBI-selected-UniProt

Attempting prediction for AT1G24050
Prediction skipped for AT1G24050:
has_verified_seq       = True
DeepTMHMM_class         = GLOB
final_structure_path    = nan
final_structure_source  = None

Attempting prediction for AT1G24190
Prediction skipped for AT1G24190:
has_verified_seq       = True
DeepTMHMM_class         = GLOB
final_structure_path    = nan
final_structure_source  = None

Attempting prediction for AT1G24260
Prediction skipped for AT1G24260:
has_verified_seq       = True
DeepTMHMM_class         = GLOB
final_structure_path    = nan
final_structure_source  = None

Attempting prediction for AT1G24280
Done with ΔG prediction for: AT1G24280
Structure used: 0-download-inputs/data-files/AF-Q8L743-F1-model_v6.pdb
DeepTMHMM_class: GLOB
Structure source: EBI-selected-UniProt

Attempting prediction for AT1G24310
Done with ΔG prediction for: AT1G24310
Structure used: 0-download-inputs/data-files/AF-Q8GYF7-F1-model_v6.pdb
DeepTMHMM_class: GLOB
Structure source: EBI-selected-UniProt

Attempting prediction for AT1G24360
Done with ΔG prediction for: AT1G24360
Structure used: 0-download-inputs/data-files/AF-P33207-F1-model_v6.pdb
DeepTMHMM_class: GLOB
Structure source: EBI-selected-UniProt

Attempting prediction for AT1G24510
Done with ΔG prediction for: AT1G24510
Structure used: 0-download-inputs/data-files/AF-O04450-F1-model_v6.pdb
DeepTMHMM_class: GLOB
Structure source: EBI-selected-UniProt

Attempting prediction for AT1G24590
Done with ΔG prediction for: AT1G24590
Structure used: 0-download-inputs/data-files/AF-Q9FYK5-F1-model_v6.pdb
DeepTMHMM_class: GLOB
Structure source: EBI-selected-UniProt

Attempting prediction for AT1G25260
Prediction skipped for AT1G25260:
has_verified_seq       = True
DeepTMHMM_class         = GLOB
final_structure_path    = nan
final_structure_source  = None

Attempting prediction for AT1G25280
Done with ΔG prediction for: AT1G25280
Structure used: 0-download-inputs/data-files/AF-Q9FRH7-F1-model_v6.pdb
DeepTMHMM_class: GLOB
Structure source: EBI-selected-UniProt

Attempting prediction for AT1G25310
Prediction skipped for AT1G25310:
has_verified_seq       = True
DeepTMHMM_class         = GLOB
final_structure_path    = nan
final_structure_source  = None

Attempting prediction for AT1G25490
Done with ΔG prediction for: AT1G25490
Structure used: 0-download-inputs/data-files/AF-Q38845-F1-model_v6.pdb
DeepTMHMM_class: GLOB
Structure source: EBI-selected-UniProt

Attempting prediction for AT1G25540
Done with ΔG prediction for: AT1G25540
Structure used: 0-download-inputs/data-files/AF-Q7XYY2-F1-model_v6.pdb
DeepTMHMM_class: GLOB
Structure source: EBI-selected-UniProt

Attempting prediction for AT1G26110
Done with ΔG prediction for: AT1G26110
Structure used: 0-download-inputs/data-files/AF-Q9C658-F1-model_v6.pdb
DeepTMHMM_class: GLOB
Structure source: EBI-selected-UniProt

Attempting prediction for AT1G26260
Done with ΔG prediction for: AT1G26260
Structure used: 0-download-inputs/data-files/AF-Q9C670-F1-model_v6.pdb
DeepTMHMM_class: GLOB
Structure source: EBI-selected-UniProt

Attempting prediction for AT1G26460
Done with ΔG prediction for: AT1G26460
Structure used: 0-download-inputs/data-files/AF-Q9FZD1-F1-model_v6.pdb
DeepTMHMM_class: GLOB
Structure source: EBI-selected-UniProt

Attempting prediction for AT1G26480
Done with ΔG prediction for: AT1G26480
Structure used: 0-download-inputs/data-files/AF-Q9C5W6-F1-model_v6.pdb
DeepTMHMM_class: GLOB
Structure source: EBI-selected-UniProt

Attempting prediction for AT1G26550
Prediction skipped for AT1G26550:
has_verified_seq       = True
DeepTMHMM_class         = GLOB
final_structure_path    = nan
final_structure_source  = None

Attempting prediction for AT1G26570
Done with ΔG prediction for: AT1G26570
Structure used: 0-download-inputs/data-files/AF-Q9FZE1-F1-model_v6.pdb
DeepTMHMM_class: GLOB
Structure source: EBI-selected-UniProt

Attempting prediction for AT1G26630
Done with ΔG prediction for: AT1G26630
Structure used: 0-download-inputs/data-files/AF-Q93VP3-F1-model_v6.pdb
DeepTMHMM_class: GLOB
Structure source: EBI-selected-UniProt

Attempting prediction for AT1G26670
Prediction skipped for AT1G26670:
has_verified_seq       = True
DeepTMHMM_class         = TM
final_structure_path    = 0-download-inputs/data-files/AF-Q9SEL5-F1-model_v6.pdb
final_structure_source  = EBI-selected-UniProt

Attempting prediction for AT1G26830
Done with ΔG prediction for: AT1G26830
Structure used: 0-download-inputs/data-files/AF-Q9ZVH4-F1-model_v6.pdb
DeepTMHMM_class: GLOB
Structure source: EBI-selected-UniProt

Attempting prediction for AT1G26850
Prediction skipped for AT1G26850:
has_verified_seq       = True
DeepTMHMM_class         = TM
final_structure_path    = 0-download-inputs/data-files/AF-B9DFI7-F1-model_v6.pdb
final_structure_source  = EBI-selected-UniProt

Attempting prediction for AT1G26880
Done with ΔG prediction for: AT1G26880
Structure used: 0-download-inputs/data-files/AF-Q42351-F1-model_v6.pdb
DeepTMHMM_class: GLOB
Structure source: EBI-selected-UniProt

Attempting prediction for AT1G26910
Prediction skipped for AT1G26910:
has_verified_seq       = True
DeepTMHMM_class         = GLOB
final_structure_path    = nan
final_structure_source  = None

Attempting prediction for AT1G26960
Done with ΔG prediction for: AT1G26960
Structure used: 0-download-inputs/data-files/AF-Q8LFD3-F1-model_v6.pdb
DeepTMHMM_class: GLOB
Structure source: EBI-selected-UniProt

Attempting prediction for AT1G27020
Done with ΔG prediction for: AT1G27020
Structure used: 0-download-inputs/data-files/AF-O04551-F1-model_v6.pdb
DeepTMHMM_class: GLOB
Structure source: EBI-selected-UniProt

Attempting prediction for AT1G27030
Done with ΔG prediction for: AT1G27030
Structure used: 0-download-inputs/data-files/AF-Q9LFY3-F1-model_v6.pdb
DeepTMHMM_class: GLOB
Structure source: EBI-selected-UniProt

Attempting prediction for AT1G27070
Done with ΔG prediction for: AT1G27070
Structure used: 0-download-inputs/data-files/AF-Q9LFY0-F1-model_v6.pdb
DeepTMHMM_class: GLOB
Structure source: EBI-selected-UniProt

Attempting prediction for AT1G27100
Prediction skipped for AT1G27100:
has_verified_seq       = True
DeepTMHMM_class         = GLOB
final_structure_path    = nan
final_structure_source  = None

Attempting prediction for AT1G27190
Prediction skipped for AT1G27190:
has_verified_seq       = True
DeepTMHMM_class         = SP+TM
final_structure_path    = 0-download-inputs/data-files/AF-O04567-F1-model_v6-cleaved.pdb
final_structure_source  = EBI-selected-UniProt-cleaved

Attempting prediction for AT1G27310
Done with ΔG prediction for: AT1G27310
Structure used: 0-download-inputs/data-files/AF-Q9FZK4-F1-model_v6.pdb
DeepTMHMM_class: GLOB
Structure source: EBI-selected-UniProt

Attempting prediction for AT1G27450
Prediction skipped for AT1G27450:
has_verified_seq       = True
DeepTMHMM_class         = GLOB
final_structure_path    = nan
final_structure_source  = None

Attempting prediction for AT1G27630
Done with ΔG prediction for: AT1G27630
Structure used: 0-download-inputs/data-files/AF-Q8LBC0-F1-model_v6.pdb
DeepTMHMM_class: GLOB
Structure source: EBI-selected-UniProt

Attempting prediction for AT1G27650
Done with ΔG prediction for: AT1G27650
Structure used: 0-download-inputs/data-files/AF-Q9S709-F1-model_v6.pdb
DeepTMHMM_class: GLOB
Structure source: EBI-selected-UniProt

Attempting prediction for AT1G27840
Done with ΔG prediction for: AT1G27840
Structure used: 0-download-inputs/data-files/AF-Q93ZG3-F1-model_v6.pdb
DeepTMHMM_class: GLOB
Structure source: EBI-selected-UniProt

Attempting prediction for AT1G27970
Done with ΔG prediction for: AT1G27970
Structure used: 0-download-inputs/data-files/AF-Q9C7F5-F1-model_v6.pdb
DeepTMHMM_class: GLOB
Structure source: EBI-selected-UniProt

Attempting prediction for AT1G28060
Done with ΔG prediction for: AT1G28060
Structure used: 0-download-inputs/data-files/AF-Q9C7E7-F1-model_v6.pdb
DeepTMHMM_class: GLOB
Structure source: EBI-selected-UniProt

Attempting prediction for AT1G28120
Done with ΔG prediction for: AT1G28120
Structure used: 0-download-inputs/data-files/AF-Q8LG98-F1-model_v6.pdb
DeepTMHMM_class: GLOB
Structure source: EBI-selected-UniProt

Attempting prediction for AT1G28200
Done with ΔG prediction for: AT1G28200
Structure used: 0-download-inputs/data-files/AF-Q9SE96-F1-model_v6.pdb
DeepTMHMM_class: GLOB
Structure source: EBI-selected-UniProt

Attempting prediction for AT1G28420
Done with ΔG prediction for: AT1G28420
Structure used: 0-download-inputs/data-files/AF-F4HY56-F1-model_v6.pdb
DeepTMHMM_class: GLOB
Structure source: EBI-selected-UniProt

Attempting prediction for AT1G28480
Done with ΔG prediction for: AT1G28480
Structure used: 0-download-inputs/data-files/AF-Q9SGP6-F1-model_v6.pdb
DeepTMHMM_class: GLOB
Structure source: EBI-selected-UniProt

Attempting prediction for AT1G28490
Prediction skipped for AT1G28490:
has_verified_seq       = True
DeepTMHMM_class         = TM
final_structure_path    = nan
final_structure_source  = None

Attempting prediction for AT1G29150
Done with ΔG prediction for: AT1G29150
Structure used: 0-download-inputs/data-files/AF-Q9LP45-F1-model_v6.pdb
DeepTMHMM_class: GLOB
Structure source: EBI-selected-UniProt

Attempting prediction for AT1G29170
Done with ΔG prediction for: AT1G29170
Structure used: 0-download-inputs/data-files/AF-Q9LP46-F1-model_v6.pdb
DeepTMHMM_class: GLOB
Structure source: EBI-selected-UniProt

Attempting prediction for AT1G29260
Done with ΔG prediction for: AT1G29260
Structure used: 0-download-inputs/data-files/AF-Q9XF57-F1-model_v6.pdb
DeepTMHMM_class: GLOB
Structure source: EBI-selected-UniProt

Attempting prediction for AT1G29330
Prediction skipped for AT1G29330:
has_verified_seq       = True
DeepTMHMM_class         = TM
final_structure_path    = 0-download-inputs/data-files/AF-P35402-F1-model_v6.pdb
final_structure_source  = EBI-selected-UniProt

Attempting prediction for AT1G29400
Done with ΔG prediction for: AT1G29400
Structure used: 0-download-inputs/data-files/AF-Q8VWF5-F1-model_v6.pdb
DeepTMHMM_class: GLOB
Structure source: EBI-selected-UniProt

Attempting prediction for AT1G29670
Prediction skipped for AT1G29670:
has_verified_seq       = True
DeepTMHMM_class         = TM
final_structure_path    = nan
final_structure_source  = None

Attempting prediction for AT1G29880
Done with ΔG prediction for: AT1G29880
Structure used: 0-download-inputs/data-files/AF-O23627-F1-model_v6.pdb
DeepTMHMM_class: GLOB
Structure source: EBI-selected-UniProt

Attempting prediction for AT1G29900
Done with ΔG prediction for: AT1G29900
Structure used: 0-download-inputs/data-files/AF-Q42601-F1-model_v6.pdb
DeepTMHMM_class: GLOB
Structure source: EBI-selected-UniProt

Attempting prediction for AT1G29910
Prediction skipped for AT1G29910:
has_verified_seq       = True
DeepTMHMM_class         = TM
final_structure_path    = 0-download-inputs/data-files/AF-Q8VZ87-F1-model_v6.pdb
final_structure_source  = EBI-selected-UniProt

Attempting prediction for AT1G29920
Prediction skipped for AT1G29920:
has_verified_seq       = True
DeepTMHMM_class         = TM
final_structure_path    = 0-download-inputs/data-files/AF-P0CJ48-F1-model_v6.pdb
final_structure_source  = EBI-selected-UniProt

Attempting prediction for AT1G29930
Prediction skipped for AT1G29930:
has_verified_seq       = True
DeepTMHMM_class         = TM
final_structure_path    = 0-download-inputs/data-files/AF-P04778-F1-model_v6.pdb
final_structure_source  = EBI-selected-UniProt

Attempting prediction for AT1G29990
Done with ΔG prediction for: AT1G29990
Structure used: 0-download-inputs/data-files/AF-Q2HIK4-F1-model_v6.pdb
DeepTMHMM_class: GLOB
Structure source: EBI-selected-UniProt

Attempting prediction for AT1G30070
Prediction skipped for AT1G30070:
has_verified_seq       = True
DeepTMHMM_class         = GLOB
final_structure_path    = nan
final_structure_source  = None

Attempting prediction for AT1G30120
Done with ΔG prediction for: AT1G30120
Structure used: 0-download-inputs/data-files/AF-Q9C6Z3-F1-model_v6.pdb
DeepTMHMM_class: GLOB
Structure source: EBI-selected-UniProt

Attempting prediction for AT1G30210
Done with ΔG prediction for: AT1G30210
Structure used: 0-download-inputs/data-files/AF-Q9C758-F1-model_v6.pdb
DeepTMHMM_class: GLOB
Structure source: EBI-selected-UniProt

Attempting prediction for AT1G30230
Done with ΔG prediction for: AT1G30230
Structure used: 0-download-inputs/data-files/AF-P48006-F1-model_v6.pdb
DeepTMHMM_class: GLOB
Structure source: EBI-selected-UniProt

Attempting prediction for AT1G30270
Done with ΔG prediction for: AT1G30270
Structure used: 0-download-inputs/data-files/AF-Q93VD3-F1-model_v6.pdb
DeepTMHMM_class: GLOB
Structure source: EBI-selected-UniProt

Attempting prediction for AT1G30320
Done with ΔG prediction for: AT1G30320
Structure used: 0-download-inputs/data-files/AF-Q9C8G3-F1-model_v6.pdb
DeepTMHMM_class: GLOB
Structure source: EBI-selected-UniProt

Attempting prediction for AT1G30330
Prediction skipped for AT1G30330:
has_verified_seq       = True
DeepTMHMM_class         = GLOB
final_structure_path    = nan
final_structure_source  = None

Attempting prediction for AT1G30360
Prediction skipped for AT1G30360:
has_verified_seq       = True
DeepTMHMM_class         = TM
final_structure_path    = 0-download-inputs/data-files/AF-Q9C8G5-F1-model_v6.pdb
final_structure_source  = EBI-selected-UniProt

Attempting prediction for AT1G30380
Prediction skipped for AT1G30380:
has_verified_seq       = True
DeepTMHMM_class         = TM
final_structure_path    = 0-download-inputs/data-files/AF-Q9SUI5-F1-model_v6.pdb
final_structure_source  = EBI-selected-UniProt

Attempting prediction for AT1G30400
Prediction skipped for AT1G30400:
has_verified_seq       = True
DeepTMHMM_class         = TM
final_structure_path    = 0-download-inputs/data-files/AF-Q9C8G9-F1-model_v6.pdb
final_structure_source  = EBI-selected-UniProt

Attempting prediction for AT1G30440
Done with ΔG prediction for: AT1G30440
Structure used: 0-download-inputs/data-files/AF-Q9S9Q9-F1-model_v6.pdb
DeepTMHMM_class: GLOB
Structure source: EBI-selected-UniProt

Attempting prediction for AT1G30460
Done with ΔG prediction for: AT1G30460
Structure used: 0-download-inputs/data-files/AF-A9LNK9-F1-model_v6.pdb
DeepTMHMM_class: GLOB
Structure source: EBI-selected-UniProt

Attempting prediction for AT1G30480
Done with ΔG prediction for: AT1G30480
Structure used: 0-download-inputs/data-files/AF-P42698-F1-model_v6.pdb
DeepTMHMM_class: GLOB
Structure source: EBI-selected-UniProt

Attempting prediction for AT1G30490
Done with ΔG prediction for: AT1G30490
Structure used: 0-download-inputs/data-files/AF-O04292-F1-model_v6.pdb
DeepTMHMM_class: GLOB
Structure source: EBI-selected-UniProt

Attempting prediction for AT1G30530
Done with ΔG prediction for: AT1G30530
Structure used: 0-download-inputs/data-files/AF-Q9S9P6-F1-model_v6.pdb
DeepTMHMM_class: GLOB
Structure source: EBI-selected-UniProt

Attempting prediction for AT1G30580
Done with ΔG prediction for: AT1G30580
Structure used: 0-download-inputs/data-files/AF-Q9SA73-F1-model_v6.pdb
DeepTMHMM_class: GLOB
Structure source: EBI-selected-UniProt

Attempting prediction for AT1G30690
Done with ΔG prediction for: AT1G30690
Structure used: 0-download-inputs/data-files/AF-Q94C59-F1-model_v6.pdb
DeepTMHMM_class: GLOB
Structure source: EBI-selected-UniProt

Attempting prediction for AT1G30860
Prediction skipped for AT1G30860:
has_verified_seq       = True
DeepTMHMM_class         = GLOB
final_structure_path    = nan
final_structure_source  = None

Attempting prediction for AT1G30950
Done with ΔG prediction for: AT1G30950
Structure used: 0-download-inputs/data-files/AF-Q39090-F1-model_v6.pdb
DeepTMHMM_class: GLOB
Structure source: EBI-selected-UniProt

Attempting prediction for AT1G30970
Done with ΔG prediction for: AT1G30970
Structure used: 0-download-inputs/data-files/AF-Q9C5G0-F1-model_v6.pdb
DeepTMHMM_class: GLOB
Structure source: EBI-selected-UniProt

Attempting prediction for AT1G31190
Done with ΔG prediction for: AT1G31190
Structure used: 0-download-inputs/data-files/AF-Q94F00-F1-model_v6.pdb
DeepTMHMM_class: GLOB
Structure source: EBI-selected-UniProt

Attempting prediction for AT1G31230
Done with ΔG prediction for: AT1G31230
Structure used: 0-download-inputs/data-files/AF-Q9SA18-F1-model_v6.pdb
DeepTMHMM_class: GLOB
Structure source: EBI-selected-UniProt

Attempting prediction for AT1G31280
Done with ΔG prediction for: AT1G31280
Structure used: 0-download-inputs/data-files/AF-Q9SHF3-F1-model_v6.pdb
DeepTMHMM_class: GLOB
Structure source: EBI-selected-UniProt

Attempting prediction for AT1G31330
Prediction skipped for AT1G31330:
has_verified_seq       = True
DeepTMHMM_class         = TM
final_structure_path    = 0-download-inputs/data-files/AF-Q9SHE8-F1-model_v6.pdb
final_structure_source  = EBI-selected-UniProt

Attempting prediction for AT1G31340
Done with ΔG prediction for: AT1G31340
Structure used: 0-download-inputs/data-files/AF-Q9SHE7-F1-model_v6.pdb
DeepTMHMM_class: GLOB
Structure source: EBI-selected-UniProt

Attempting prediction for AT1G31420
Prediction skipped for AT1G31420:
has_verified_seq       = True
DeepTMHMM_class         = SP+TM
final_structure_path    = nan
final_structure_source  = None

Attempting prediction for AT1G31440
Done with ΔG prediction for: AT1G31440
Structure used: 0-download-inputs/data-files/AF-Q9C865-F1-model_v6.pdb
DeepTMHMM_class: GLOB
Structure source: EBI-selected-UniProt

Attempting prediction for AT1G31760
Done with ΔG prediction for: AT1G31760
Structure used: 0-download-inputs/data-files/AF-Q9C504-F1-model_v6.pdb
DeepTMHMM_class: GLOB
Structure source: EBI-selected-UniProt

Attempting prediction for AT1G31770
Prediction skipped for AT1G31770:
has_verified_seq       = True
DeepTMHMM_class         = TM
final_structure_path    = 0-download-inputs/data-files/AF-Q9C6W5-F1-model_v6.pdb
final_structure_source  = EBI-selected-UniProt

Attempting prediction for AT1G31780
Done with ΔG prediction for: AT1G31780
Structure used: 0-download-inputs/data-files/AF-Q6NMI3-F1-model_v6.pdb
DeepTMHMM_class: GLOB
Structure source: EBI-selected-UniProt

Attempting prediction for AT1G32060
Done with ΔG prediction for: AT1G32060
Structure used: 0-download-inputs/data-files/AF-P25697-F1-model_v6.pdb
DeepTMHMM_class: GLOB
Structure source: EBI-selected-UniProt

Attempting prediction for AT1G32100
Done with ΔG prediction for: AT1G32100
Structure used: 0-download-inputs/data-files/AF-Q9FVQ6-F1-model_v6.pdb
DeepTMHMM_class: GLOB
Structure source: EBI-selected-UniProt

Attempting prediction for AT1G32230
Done with ΔG prediction for: AT1G32230
Structure used: 0-download-inputs/data-files/AF-Q8RY59-F1-model_v6.pdb
DeepTMHMM_class: GLOB
Structure source: EBI-selected-UniProt

Attempting prediction for AT1G32350
Done with ΔG prediction for: AT1G32350
Structure used: 0-download-inputs/data-files/AF-Q8LEE7-F1-model_v6.pdb
DeepTMHMM_class: GLOB
Structure source: EBI-selected-UniProt

Attempting prediction for AT1G32360
Done with ΔG prediction for: AT1G32360
Structure used: 0-download-inputs/data-files/AF-Q9LQM3-F1-model_v6.pdb
DeepTMHMM_class: GLOB
Structure source: EBI-selected-UniProt

Attempting prediction for AT1G32380
Done with ΔG prediction for: AT1G32380
Structure used: 0-download-inputs/data-files/AF-Q42583-F1-model_v6.pdb
DeepTMHMM_class: GLOB
Structure source: EBI-selected-UniProt

Attempting prediction for AT1G32440
Done with ΔG prediction for: AT1G32440
Structure used: 0-download-inputs/data-files/AF-Q93Z53-F1-model_v6.pdb
DeepTMHMM_class: GLOB
Structure source: EBI-selected-UniProt

Attempting prediction for AT1G32530
Done with ΔG prediction for: AT1G32530
Structure used: 0-download-inputs/data-files/AF-Q8RX22-F1-model_v6.pdb
DeepTMHMM_class: GLOB
Structure source: EBI-selected-UniProt

Attempting prediction for AT1G32580
Done with ΔG prediction for: AT1G32580
Structure used: 0-download-inputs/data-files/AF-Q9C7Y2-F1-model_v6.pdb
DeepTMHMM_class: GLOB
Structure source: EBI-selected-UniProt

Attempting prediction for AT1G32640
Done with ΔG prediction for: AT1G32640
Structure used: 0-download-inputs/data-files/AF-Q39204-F1-model_v6.pdb
DeepTMHMM_class: GLOB
Structure source: EBI-selected-UniProt

Attempting prediction for AT1G32900
Done with ΔG prediction for: AT1G32900
Structure used: 0-download-inputs/data-files/AF-Q9MAQ0-F1-model_v6.pdb
DeepTMHMM_class: GLOB
Structure source: EBI-selected-UniProt

Attempting prediction for AT1G32990
Done with ΔG prediction for: AT1G32990
Structure used: 0-download-inputs/data-files/AF-Q9MAP3-F1-model_v6.pdb
DeepTMHMM_class: GLOB
Structure source: EBI-selected-UniProt

Attempting prediction for AT1G33040
Done with ΔG prediction for: AT1G33040
Structure used: 0-download-inputs/data-files/AF-Q8LGC6-F1-model_v6.pdb
DeepTMHMM_class: GLOB
Structure source: EBI-selected-UniProt

Attempting prediction for AT1G33050
Prediction skipped for AT1G33050:
has_verified_seq       = True
DeepTMHMM_class         = GLOB
final_structure_path    = nan
final_structure_source  = None

Attempting prediction for AT1G33140
Done with ΔG prediction for: AT1G33140
Structure used: 0-download-inputs/data-files/AF-P49209-F1-model_v6.pdb
DeepTMHMM_class: GLOB
Structure source: EBI-selected-UniProt

Attempting prediction for AT1G33810
Prediction skipped for AT1G33810:
has_verified_seq       = True
DeepTMHMM_class         = GLOB
final_structure_path    = nan
final_structure_source  = None

Attempting prediction for AT1G34030
Done with ΔG prediction for: AT1G34030
Structure used: 0-download-inputs/data-files/AF-P34788-F1-model_v6.pdb
DeepTMHMM_class: GLOB
Structure source: EBI-selected-UniProt

Attempting prediction for AT1G34170
Prediction skipped for AT1G34170:
has_verified_seq       = True
DeepTMHMM_class         = GLOB
final_structure_path    = nan
final_structure_source  = None

Attempting prediction for AT1G34430
Done with ΔG prediction for: AT1G34430
Structure used: 0-download-inputs/data-files/AF-Q9C8P0-F1-model_v6.pdb
DeepTMHMM_class: GLOB
Structure source: EBI-selected-UniProt

Attempting prediction for AT1G34470
Prediction skipped for AT1G34470:
has_verified_seq       = True
DeepTMHMM_class         = TM
final_structure_path    = 0-download-inputs/data-files/AF-Q9LNK7-F1-model_v6.pdb
final_structure_source  = EBI-selected-UniProt

Attempting prediction for AT1G34760
Done with ΔG prediction for: AT1G34760
Structure used: 0-download-inputs/data-files/AF-Q9S9Z8-F1-model_v6.pdb
DeepTMHMM_class: GLOB
Structure source: EBI-selected-UniProt

Attempting prediction for AT1G34790
Done with ΔG prediction for: AT1G34790
Structure used: 0-download-inputs/data-files/AF-Q8VWG3-F1-model_v6.pdb
DeepTMHMM_class: GLOB
Structure source: EBI-selected-UniProt

Attempting prediction for AT1G35160
Prediction skipped for AT1G35160:
has_verified_seq       = True
DeepTMHMM_class         = GLOB
final_structure_path    = nan
final_structure_source  = None

Attempting prediction for AT1G35460
Done with ΔG prediction for: AT1G35460
Structure used: 0-download-inputs/data-files/AF-Q9C8P8-F1-model_v6.pdb
DeepTMHMM_class: GLOB
Structure source: EBI-selected-UniProt

Attempting prediction for AT1G35520
Done with ΔG prediction for: AT1G35520
Structure used: 0-download-inputs/data-files/AF-Q9LQE3-F1-model_v6.pdb
DeepTMHMM_class: GLOB
Structure source: EBI-selected-UniProt

Attempting prediction for AT1G35580
Done with ΔG prediction for: AT1G35580
Structure used: 0-download-inputs/data-files/AF-Q9LQF2-F1-model_v6.pdb
DeepTMHMM_class: GLOB
Structure source: EBI-selected-UniProt

Attempting prediction for AT1G35670
Prediction skipped for AT1G35670:
has_verified_seq       = True
DeepTMHMM_class         = GLOB
final_structure_path    = nan
final_structure_source  = None

Attempting prediction for AT1G35720
Done with ΔG prediction for: AT1G35720
Structure used: 0-download-inputs/data-files/AF-Q9SYT0-F1-model_v6.pdb
DeepTMHMM_class: GLOB
Structure source: EBI-selected-UniProt

Attempting prediction for AT1G37130
Done with ΔG prediction for: AT1G37130
Structure used: 0-download-inputs/data-files/AF-P11035-F1-model_v6.pdb
DeepTMHMM_class: GLOB
Structure source: EBI-selected-UniProt

Attempting prediction for AT1G41880
Done with ΔG prediction for: AT1G41880
Structure used: 0-download-inputs/data-files/AF-Q9FZH0-F1-model_v6.pdb
DeepTMHMM_class: GLOB
Structure source: EBI-selected-UniProt

Attempting prediction for AT1G42560
Prediction skipped for AT1G42560:
has_verified_seq       = True
DeepTMHMM_class         = TM
final_structure_path    = 0-download-inputs/data-files/AF-Q94KB4-F1-model_v6.pdb
final_structure_source  = EBI-selected-UniProt

Attempting prediction for AT1G42970
Done with ΔG prediction for: AT1G42970
Structure used: 0-download-inputs/data-files/AF-P25857-F1-model_v6.pdb
DeepTMHMM_class: GLOB
Structure source: EBI-selected-UniProt

Attempting prediction for AT1G43170
Done with ΔG prediction for: AT1G43170
Structure used: 0-download-inputs/data-files/AF-P17094-F1-model_v6.pdb
DeepTMHMM_class: GLOB
Structure source: EBI-selected-UniProt

Attempting prediction for AT1G43700
Done with ΔG prediction for: AT1G43700
Structure used: 0-download-inputs/data-files/AF-Q9MA75-F1-model_v6.pdb
DeepTMHMM_class: GLOB
Structure source: EBI-selected-UniProt

Attempting prediction for AT1G43790
Prediction skipped for AT1G43790:
has_verified_seq       = True
DeepTMHMM_class         = TM
final_structure_path    = 0-download-inputs/data-files/AF-Q8LBX7-F1-model_v6.pdb
final_structure_source  = EBI-selected-UniProt

Attempting prediction for AT1G43850
Done with ΔG prediction for: AT1G43850
Structure used: 0-download-inputs/data-files/AF-Q8W234-F1-model_v6.pdb
DeepTMHMM_class: GLOB
Structure source: EBI-selected-UniProt

Attempting prediction for AT1G43860
Done with ΔG prediction for: AT1G43860
Structure used: 0-download-inputs/data-files/AF-Q9MAR2-F1-model_v6.pdb
DeepTMHMM_class: GLOB
Structure source: EBI-selected-UniProt

Attempting prediction for AT1G44000
Done with ΔG prediction for: AT1G44000
Structure used: 0-download-inputs/data-files/AF-Q94AQ9-F1-model_v6.pdb
DeepTMHMM_class: GLOB
Structure source: EBI-selected-UniProt

Attempting prediction for AT1G44110
Done with ΔG prediction for: AT1G44110
Structure used: 0-download-inputs/data-files/AF-Q9C6Y3-F1-model_v6.pdb
DeepTMHMM_class: GLOB
Structure source: EBI-selected-UniProt

Attempting prediction for AT1G44575
Prediction skipped for AT1G44575:
has_verified_seq       = True
DeepTMHMM_class         = TM
final_structure_path    = 0-download-inputs/data-files/AF-Q9XF91-F1-model_v6.pdb
final_structure_source  = EBI-selected-UniProt

Attempting prediction for AT1G45000
Done with ΔG prediction for: AT1G45000
Structure used: 0-download-inputs/data-files/AF-Q9MAK9-F1-model_v6.pdb
DeepTMHMM_class: GLOB
Structure source: EBI-selected-UniProt

Attempting prediction for AT1G45170
Done with ΔG prediction for: AT1G45170
Structure used: 0-download-inputs/data-files/AF-Q1H5C9-F1-model_v6.pdb
DeepTMHMM_class: GLOB
Structure source: EBI-selected-UniProt

Attempting prediction for AT1G45249
Done with ΔG prediction for: AT1G45249
Structure used: 0-download-inputs/data-files/AF-Q9M7Q4-F1-model_v6.pdb
DeepTMHMM_class: GLOB
Structure source: EBI-selected-UniProt

Attempting prediction for AT1G45474
Prediction skipped for AT1G45474:
has_verified_seq       = True
DeepTMHMM_class         = TM
final_structure_path    = 0-download-inputs/data-files/AF-Q9C639-F1-model_v6.pdb
final_structure_source  = EBI-selected-UniProt

Attempting prediction for AT1G46480
Done with ΔG prediction for: AT1G46480
Structure used: 0-download-inputs/data-files/AF-Q6X7J9-F1-model_v6.pdb
DeepTMHMM_class: GLOB
Structure source: EBI-selected-UniProt

Attempting prediction for AT1G47128
Done with ΔG prediction for: AT1G47128
Structure used: 0-download-inputs/data-files/AF-P43297-F1-model_v6-cleaved.pdb
DeepTMHMM_class: SP
Structure source: EBI-selected-UniProt-cleaved

Attempting prediction for AT1G47200
Done with ΔG prediction for: AT1G47200
Structure used: 0-download-inputs/data-files/AF-Q9C500-F1-model_v6.pdb
DeepTMHMM_class: GLOB
Structure source: EBI-selected-UniProt

Attempting prediction for AT1G47220
Prediction skipped for AT1G47220:
has_verified_seq       = True
DeepTMHMM_class         = GLOB
final_structure_path    = nan
final_structure_source  = None

Attempting prediction for AT1G47230
Done with ΔG prediction for: AT1G47230
Structure used: 0-download-inputs/data-files/AF-Q3ECW2-F1-model_v6.pdb
DeepTMHMM_class: GLOB
Structure source: EBI-selected-UniProt

Attempting prediction for AT1G47250
Done with ΔG prediction for: AT1G47250
Structure used: 0-download-inputs/data-files/AF-O23712-F1-model_v6.pdb
DeepTMHMM_class: GLOB
Structure source: EBI-selected-UniProt

Attempting prediction for AT1G47260
Done with ΔG prediction for: AT1G47260
Structure used: 0-download-inputs/data-files/AF-Q9C6B3-F1-model_v6.pdb
DeepTMHMM_class: GLOB
Structure source: EBI-selected-UniProt

Attempting prediction for AT1G47290
Prediction skipped for AT1G47290:
has_verified_seq       = True
DeepTMHMM_class         = TM
final_structure_path    = 0-download-inputs/data-files/AF-Q9FX01-F1-model_v6.pdb
final_structure_source  = EBI-selected-UniProt

Attempting prediction for AT1G47380
Done with ΔG prediction for: AT1G47380
Structure used: 0-download-inputs/data-files/AF-Q9FX08-F1-model_v6.pdb
DeepTMHMM_class: GLOB
Structure source: EBI-selected-UniProt

Attempting prediction for AT1G47420
Done with ΔG prediction for: AT1G47420
Structure used: 0-download-inputs/data-files/AF-Q9SX77-F1-model_v6.pdb
DeepTMHMM_class: GLOB
Structure source: EBI-selected-UniProt

Attempting prediction for AT1G47550
Prediction skipped for AT1G47550:
has_verified_seq       = True
DeepTMHMM_class         = GLOB
final_structure_path    = nan
final_structure_source  = None

Attempting prediction for AT1G47710
Prediction skipped for AT1G47710:
has_verified_seq       = True
DeepTMHMM_class         = GLOB
final_structure_path    = nan
final_structure_source  = None

Attempting prediction for AT1G47830
Done with ΔG prediction for: AT1G47830
Structure used: 0-download-inputs/data-files/AF-Q84WL9-F1-model_v6.pdb
DeepTMHMM_class: GLOB
Structure source: EBI-selected-UniProt

Attempting prediction for AT1G47870
Done with ΔG prediction for: AT1G47870
Structure used: 0-download-inputs/data-files/AF-Q9FV70-F1-model_v6.pdb
DeepTMHMM_class: GLOB
Structure source: EBI-selected-UniProt

Attempting prediction for AT1G48050
Done with ΔG prediction for: AT1G48050
Structure used: 0-download-inputs/data-files/AF-Q9FQ09-F1-model_v6.pdb
DeepTMHMM_class: GLOB
Structure source: EBI-selected-UniProt

Attempting prediction for AT1G48110
Prediction skipped for AT1G48110:
has_verified_seq       = True
DeepTMHMM_class         = GLOB
final_structure_path    = nan
final_structure_source  = None

Attempting prediction for AT1G48175
Done with ΔG prediction for: AT1G48175
Structure used: 0-download-inputs/data-files/AF-Q6IDB6-F1-model_v6.pdb
DeepTMHMM_class: GLOB
Structure source: EBI-selected-UniProt

Attempting prediction for AT1G48210
Done with ΔG prediction for: AT1G48210
Structure used: 0-download-inputs/data-files/AF-F4HWU0-F1-model_v6.pdb
DeepTMHMM_class: GLOB
Structure source: EBI-selected-UniProt

Attempting prediction for AT1G48270
Prediction skipped for AT1G48270:
has_verified_seq       = True
DeepTMHMM_class         = TM
final_structure_path    = 0-download-inputs/data-files/AF-O04714-F1-model_v6.pdb
final_structure_source  = EBI-selected-UniProt

Attempting prediction for AT1G48410
Done with ΔG prediction for: AT1G48410
Structure used: 0-download-inputs/data-files/AF-O04379-F1-model_v6.pdb
DeepTMHMM_class: GLOB
Structure source: EBI-selected-UniProt

Attempting prediction for AT1G48420
Done with ΔG prediction for: AT1G48420
Structure used: 0-download-inputs/data-files/AF-F4HYF3-F1-model_v6.pdb
DeepTMHMM_class: GLOB
Structure source: EBI-selected-UniProt

Attempting prediction for AT1G48480
Prediction skipped for AT1G48480:
has_verified_seq       = True
DeepTMHMM_class         = SP+TM
final_structure_path    = 0-download-inputs/data-files/AF-Q9LP77-F1-model_v6-cleaved.pdb
final_structure_source  = EBI-selected-UniProt-cleaved

Attempting prediction for AT1G48500
Done with ΔG prediction for: AT1G48500
Structure used: 0-download-inputs/data-files/AF-Q58G47-F1-model_v6.pdb
DeepTMHMM_class: GLOB
Structure source: EBI-selected-UniProt

Attempting prediction for AT1G48520
Done with ΔG prediction for: AT1G48520
Structure used: 0-download-inputs/data-files/AF-Q9FV81-F1-model_v6.pdb
DeepTMHMM_class: GLOB
Structure source: EBI-selected-UniProt

Attempting prediction for AT1G48560
Done with ΔG prediction for: AT1G48560
Structure used: 0-download-inputs/data-files/AF-Q9LP68-F1-model_v6.pdb
DeepTMHMM_class: GLOB
Structure source: EBI-selected-UniProt

Attempting prediction for AT1G48630
Done with ΔG prediction for: AT1G48630
Structure used: 0-download-inputs/data-files/AF-Q9C4Z6-F1-model_v6.pdb
DeepTMHMM_class: GLOB
Structure source: EBI-selected-UniProt

Attempting prediction for AT1G48760
Done with ΔG prediction for: AT1G48760
Structure used: 0-download-inputs/data-files/AF-Q9C744-F1-model_v6.pdb
DeepTMHMM_class: GLOB
Structure source: EBI-selected-UniProt

Attempting prediction for AT1G48830
Done with ΔG prediction for: AT1G48830
Structure used: 0-download-inputs/data-files/AF-Q9C514-F1-model_v6.pdb
DeepTMHMM_class: GLOB
Structure source: EBI-selected-UniProt

Attempting prediction for AT1G48850
Done with ΔG prediction for: AT1G48850
Structure used: 0-download-inputs/data-files/AF-P57720-F1-model_v6.pdb
DeepTMHMM_class: GLOB
Structure source: EBI-selected-UniProt

Attempting prediction for AT1G48900
Done with ΔG prediction for: AT1G48900
Structure used: 0-download-inputs/data-files/AF-P49967-F1-model_v6.pdb
DeepTMHMM_class: GLOB
Structure source: EBI-selected-UniProt

Attempting prediction for AT1G48920
Done with ΔG prediction for: AT1G48920
Structure used: 0-download-inputs/data-files/AF-Q9FVQ1-F1-model_v6.pdb
DeepTMHMM_class: GLOB
Structure source: EBI-selected-UniProt

Attempting prediction for AT1G49240
Done with ΔG prediction for: AT1G49240
Structure used: 0-download-inputs/data-files/AF-Q96293-F1-model_v6.pdb
DeepTMHMM_class: GLOB
Structure source: EBI-selected-UniProt

Attempting prediction for AT1G49480
Done with ΔG prediction for: AT1G49480
Structure used: 0-download-inputs/data-files/AF-Q9XIB5-F1-model_v6.pdb
DeepTMHMM_class: GLOB
Structure source: EBI-selected-UniProt

Attempting prediction for AT1G49620
Prediction skipped for AT1G49620:
has_verified_seq       = True
DeepTMHMM_class         = GLOB
final_structure_path    = nan
final_structure_source  = None

Attempting prediction for AT1G49670
Done with ΔG prediction for: AT1G49670
Structure used: 0-download-inputs/data-files/AF-Q9FX95-F1-model_v6.pdb
DeepTMHMM_class: GLOB
Structure source: EBI-selected-UniProt

Attempting prediction for AT1G49720
Done with ΔG prediction for: AT1G49720
Structure used: 0-download-inputs/data-files/AF-Q9M7Q5-F1-model_v6.pdb
DeepTMHMM_class: GLOB
Structure source: EBI-selected-UniProt

Attempting prediction for AT1G49760
Done with ΔG prediction for: AT1G49760
Structure used: 0-download-inputs/data-files/AF-Q9FXA2-F1-model_v6.pdb
DeepTMHMM_class: GLOB
Structure source: EBI-selected-UniProt

Attempting prediction for AT1G49820
Done with ΔG prediction for: AT1G49820
Structure used: 0-download-inputs/data-files/AF-Q9C6D2-F1-model_v6.pdb
DeepTMHMM_class: GLOB
Structure source: EBI-selected-UniProt

Attempting prediction for AT1G49970
Done with ΔG prediction for: AT1G49970
Structure used: 0-download-inputs/data-files/AF-Q9XJ35-F1-model_v6.pdb
DeepTMHMM_class: GLOB
Structure source: EBI-selected-UniProt

Attempting prediction for AT1G50010
Done with ΔG prediction for: AT1G50010
Structure used: 0-download-inputs/data-files/AF-B9DGT7-F1-model_v6.pdb
DeepTMHMM_class: GLOB
Structure source: EBI-selected-UniProt

Attempting prediction for AT1G50030
Done with ΔG prediction for: AT1G50030
Structure used: 0-download-inputs/data-files/AF-Q9FR53-F1-model_v6.pdb
DeepTMHMM_class: GLOB
Structure source: EBI-selected-UniProt

Attempting prediction for AT1G50250
Prediction skipped for AT1G50250:
has_verified_seq       = True
DeepTMHMM_class         = TM
final_structure_path    = 0-download-inputs/data-files/AF-Q39102-F1-model_v6.pdb
final_structure_source  = EBI-selected-UniProt

Attempting prediction for AT1G50320
Done with ΔG prediction for: AT1G50320
Structure used: 0-download-inputs/data-files/AF-Q8LD49-F1-model_v6.pdb
DeepTMHMM_class: GLOB
Structure source: EBI-selected-UniProt

Attempting prediction for AT1G50370
Prediction skipped for AT1G50370:
has_verified_seq       = True
DeepTMHMM_class         = GLOB
final_structure_path    = nan
final_structure_source  = None

Attempting prediction for AT1G50410
Done with ΔG prediction for: AT1G50410
Structure used: 0-download-inputs/data-files/AF-Q94BR5-F1-model_v6.pdb
DeepTMHMM_class: GLOB
Structure source: EBI-selected-UniProt

Attempting prediction for AT1G50420
Done with ΔG prediction for: AT1G50420
Structure used: 0-download-inputs/data-files/AF-Q9LPR8-F1-model_v6.pdb
DeepTMHMM_class: GLOB
Structure source: EBI-selected-UniProt

Attempting prediction for AT1G50430
Prediction skipped for AT1G50430:
has_verified_seq       = True
DeepTMHMM_class         = TM
final_structure_path    = 0-download-inputs/data-files/AF-Q9LDU6-F1-model_v6.pdb
final_structure_source  = EBI-selected-UniProt

Attempting prediction for AT1G50460
Done with ΔG prediction for: AT1G50460
Structure used: 0-download-inputs/data-files/AF-Q9LPS1-F1-model_v6.pdb
DeepTMHMM_class: GLOB
Structure source: EBI-selected-UniProt

Attempting prediction for AT1G50500
Prediction skipped for AT1G50500:
has_verified_seq       = True
DeepTMHMM_class         = GLOB
final_structure_path    = nan
final_structure_source  = None

Attempting prediction for AT1G50600
Prediction skipped for AT1G50600:
has_verified_seq       = True
DeepTMHMM_class         = GLOB
final_structure_path    = nan
final_structure_source  = None

Attempting prediction for AT1G50670
Done with ΔG prediction for: AT1G50670
Structure used: 0-download-inputs/data-files/AF-Q9LPT6-F1-model_v6.pdb
DeepTMHMM_class: GLOB
Structure source: EBI-selected-UniProt

Attempting prediction for AT1G50740
Prediction skipped for AT1G50740:
has_verified_seq       = True
DeepTMHMM_class         = TM
final_structure_path    = 0-download-inputs/data-files/AF-Q9C6T7-F1-model_v6.pdb
final_structure_source  = EBI-selected-UniProt

Attempting prediction for AT1G51070
Done with ΔG prediction for: AT1G51070
Structure used: 0-download-inputs/data-files/AF-Q9C682-F1-model_v6.pdb
DeepTMHMM_class: GLOB
Structure source: EBI-selected-UniProt

Attempting prediction for AT1G51090
Prediction skipped for AT1G51090:
has_verified_seq       = True
DeepTMHMM_class         = GLOB
final_structure_path    = nan
final_structure_source  = None

Attempting prediction for AT1G51100
Done with ΔG prediction for: AT1G51100
Structure used: 0-download-inputs/data-files/AF-Q9C685-F1-model_v6.pdb
DeepTMHMM_class: GLOB
Structure source: EBI-selected-UniProt

Attempting prediction for AT1G51460
Prediction skipped for AT1G51460:
has_verified_seq       = True
DeepTMHMM_class         = TM
final_structure_path    = 0-download-inputs/data-files/AF-Q9C8J8-F1-model_v6.pdb
final_structure_source  = EBI-selected-UniProt

Attempting prediction for AT1G51500
Prediction skipped for AT1G51500:
has_verified_seq       = True
DeepTMHMM_class         = TM
final_structure_path    = 0-download-inputs/data-files/AF-Q9C8K2-F1-model_v6.pdb
final_structure_source  = EBI-selected-UniProt

Attempting prediction for AT1G51510
Done with ΔG prediction for: AT1G51510
Structure used: 0-download-inputs/data-files/AF-F4I9J7-F1-model_v6.pdb
DeepTMHMM_class: GLOB
Structure source: EBI-selected-UniProt

Attempting prediction for AT1G51560
Done with ΔG prediction for: AT1G51560
Structure used: 0-download-inputs/data-files/AF-Q9C8K8-F1-model_v6.pdb
DeepTMHMM_class: GLOB
Structure source: EBI-selected-UniProt

Attempting prediction for AT1G51590
Prediction skipped for AT1G51590:
has_verified_seq       = True
DeepTMHMM_class         = TM
final_structure_path    = 0-download-inputs/data-files/AF-Q9C512-F1-model_v6.pdb
final_structure_source  = EBI-selected-UniProt

Attempting prediction for AT1G51600
Done with ΔG prediction for: AT1G51600
Structure used: 0-download-inputs/data-files/AF-Q8H1G0-F1-model_v6.pdb
DeepTMHMM_class: GLOB
Structure source: EBI-selected-UniProt

Attempting prediction for AT1G51650
Done with ΔG prediction for: AT1G51650
Structure used: 0-download-inputs/data-files/AF-Q96253-F1-model_v6.pdb
DeepTMHMM_class: GLOB
Structure source: EBI-selected-UniProt

Attempting prediction for AT1G51660
Done with ΔG prediction for: AT1G51660
Structure used: 0-download-inputs/data-files/AF-O80397-F1-model_v6.pdb
DeepTMHMM_class: GLOB
Structure source: EBI-selected-UniProt

Attempting prediction for AT1G51690
Prediction skipped for AT1G51690:
has_verified_seq       = True
DeepTMHMM_class         = GLOB
final_structure_path    = nan
final_structure_source  = None

Attempting prediction for AT1G51710
Done with ΔG prediction for: AT1G51710
Structure used: 0-download-inputs/data-files/AF-Q949Y0-F1-model_v6.pdb
DeepTMHMM_class: GLOB
Structure source: EBI-selected-UniProt

Attempting prediction for AT1G51800
Prediction skipped for AT1G51800:
has_verified_seq       = True
DeepTMHMM_class         = SP+TM
final_structure_path    = 0-download-inputs/data-files/AF-Q9C8I6-F1-model_v6-cleaved.pdb
final_structure_source  = EBI-selected-UniProt-cleaved

Attempting prediction for AT1G51950
Prediction skipped for AT1G51950:
has_verified_seq       = True
DeepTMHMM_class         = GLOB
final_structure_path    = nan
final_structure_source  = None

Attempting prediction for AT1G51980
Done with ΔG prediction for: AT1G51980
Structure used: 0-download-inputs/data-files/AF-Q9ZU25-F1-model_v6.pdb
DeepTMHMM_class: GLOB
Structure source: EBI-selected-UniProt

Attempting prediction for AT1G52040
Done with ΔG prediction for: AT1G52040
Structure used: 0-download-inputs/data-files/AF-Q9SAV0-F1-model_v6.pdb
DeepTMHMM_class: GLOB
Structure source: EBI-selected-UniProt

Attempting prediction for AT1G52230
Prediction skipped for AT1G52230:
has_verified_seq       = True
DeepTMHMM_class         = TM
final_structure_path    = 0-download-inputs/data-files/AF-Q9SUI6-F1-model_v6.pdb
final_structure_source  = EBI-selected-UniProt

Attempting prediction for AT1G52240
Done with ΔG prediction for: AT1G52240
Structure used: 0-download-inputs/data-files/AF-Q9M811-F1-model_v6.pdb
DeepTMHMM_class: GLOB
Structure source: EBI-selected-UniProt

Attempting prediction for AT1G52360
Prediction skipped for AT1G52360:
has_verified_seq       = True
DeepTMHMM_class         = GLOB
final_structure_path    = nan
final_structure_source  = None

Attempting prediction for AT1G52380
Done with ΔG prediction for: AT1G52380
Structure used: 0-download-inputs/data-files/AF-Q9C829-F1-model_v6.pdb
DeepTMHMM_class: GLOB
Structure source: EBI-selected-UniProt

Attempting prediction for AT1G52400
Done with ΔG prediction for: AT1G52400
Structure used: 0-download-inputs/data-files/AF-Q9SE50-F1-model_v6-cleaved.pdb
DeepTMHMM_class: SP
Structure source: EBI-selected-UniProt-cleaved

Attempting prediction for AT1G52410
Prediction skipped for AT1G52410:
has_verified_seq       = True
DeepTMHMM_class         = SP
final_structure_path    = nan
final_structure_source  = None

Attempting prediction for AT1G52510
Prediction skipped for AT1G52510:
has_verified_seq       = True
DeepTMHMM_class         = GLOB
final_structure_path    = nan
final_structure_source  = None

Attempting prediction for AT1G52560
Prediction skipped for AT1G52560:
has_verified_seq       = True
DeepTMHMM_class         = GLOB
final_structure_path    = nan
final_structure_source  = None

Attempting prediction for AT1G52600
Prediction skipped for AT1G52600:
has_verified_seq       = True
DeepTMHMM_class         = TM
final_structure_path    = 0-download-inputs/data-files/AF-Q9SSR2-F1-model_v6.pdb
final_structure_source  = EBI-selected-UniProt

Attempting prediction for AT1G52740
Done with ΔG prediction for: AT1G52740
Structure used: 0-download-inputs/data-files/AF-Q9C944-F1-model_v6.pdb
DeepTMHMM_class: GLOB
Structure source: EBI-selected-UniProt

Attempting prediction for AT1G52760
Done with ΔG prediction for: AT1G52760
Structure used: 0-download-inputs/data-files/AF-Q9C942-F1-model_v6.pdb
DeepTMHMM_class: GLOB
Structure source: EBI-selected-UniProt

Attempting prediction for AT1G52920
Done with ΔG prediction for: AT1G52920
Structure used: 0-download-inputs/data-files/AF-F4IEM5-F1-model_v6.pdb
DeepTMHMM_class: GLOB
Structure source: EBI-selected-UniProt

Attempting prediction for AT1G53020
Prediction skipped for AT1G53020:
has_verified_seq       = False
DeepTMHMM_class         = nan
final_structure_path    = nan
final_structure_source  = None

Attempting prediction for AT1G53090
Done with ΔG prediction for: AT1G53090
Structure used: 0-download-inputs/data-files/AF-Q94BM7-F1-model_v6.pdb
DeepTMHMM_class: GLOB
Structure source: EBI-selected-UniProt

Attempting prediction for AT1G53230
Done with ΔG prediction for: AT1G53230
Structure used: 0-download-inputs/data-files/AF-Q9MAH8-F1-model_v6.pdb
DeepTMHMM_class: GLOB
Structure source: EBI-selected-UniProt

Attempting prediction for AT1G53310
Done with ΔG prediction for: AT1G53310
Structure used: 0-download-inputs/data-files/AF-Q9MAH0-F1-model_v6.pdb
DeepTMHMM_class: GLOB
Structure source: EBI-selected-UniProt

Attempting prediction for AT1G53320
Done with ΔG prediction for: AT1G53320
Structure used: 0-download-inputs/data-files/AF-Q93VI8-F1-model_v6.pdb
DeepTMHMM_class: GLOB
Structure source: EBI-selected-UniProt

Attempting prediction for AT1G53430
Prediction skipped for AT1G53430:
has_verified_seq       = True
DeepTMHMM_class         = SP+TM
final_structure_path    = 0-download-inputs/data-files/AF-C0LGG8-F1-model_v6-cleaved.pdb
final_structure_source  = EBI-selected-UniProt-cleaved

Attempting prediction for AT1G53440
Prediction skipped for AT1G53440:
has_verified_seq       = True
DeepTMHMM_class         = SP+TM
final_structure_path    = 0-download-inputs/data-files/AF-C0LGG9-F1-model_v6-cleaved.pdb
final_structure_source  = EBI-selected-UniProt-cleaved

Attempting prediction for AT1G53720
Done with ΔG prediction for: AT1G53720
Structure used: 0-download-inputs/data-files/AF-Q6Q151-F1-model_v6.pdb
DeepTMHMM_class: GLOB
Structure source: EBI-selected-UniProt

Attempting prediction for AT1G53900
Prediction skipped for AT1G53900:
has_verified_seq       = True
DeepTMHMM_class         = GLOB
final_structure_path    = nan
final_structure_source  = None

Attempting prediction for AT1G54000
Done with ΔG prediction for: AT1G54000
Structure used: 0-download-inputs/data-files/AF-Q1H583-F1-model_v6-cleaved.pdb
DeepTMHMM_class: SP
Structure source: EBI-selected-UniProt-cleaved

Attempting prediction for AT1G54010
Done with ΔG prediction for: AT1G54010
Structure used: 0-download-inputs/data-files/AF-Q8W4H8-F1-model_v6-cleaved.pdb
DeepTMHMM_class: SP
Structure source: EBI-selected-UniProt-cleaved

Attempting prediction for AT1G54030
Done with ΔG prediction for: AT1G54030
Structure used: 0-download-inputs/data-files/AF-Q7XA74-F1-model_v6.pdb
DeepTMHMM_class: SP
Structure source: EBI-selected-UniProt

Attempting prediction for AT1G54040
Done with ΔG prediction for: AT1G54040
Structure used: 0-download-inputs/data-files/AF-Q8RY71-F1-model_v6.pdb
DeepTMHMM_class: GLOB
Structure source: EBI-selected-UniProt

Attempting prediction for AT1G54140
Done with ΔG prediction for: AT1G54140
Structure used: 0-download-inputs/data-files/AF-Q9SYH2-F1-model_v6.pdb
DeepTMHMM_class: GLOB
Structure source: EBI-selected-UniProt

Attempting prediction for AT1G54170
Done with ΔG prediction for: AT1G54170
Structure used: 0-download-inputs/data-files/AF-Q8L793-F1-model_v6.pdb
DeepTMHMM_class: GLOB
Structure source: EBI-selected-UniProt

Attempting prediction for AT1G54320
Prediction skipped for AT1G54320:
has_verified_seq       = True
DeepTMHMM_class         = TM
final_structure_path    = 0-download-inputs/data-files/AF-Q9SLK2-F1-model_v6.pdb
final_structure_source  = EBI-selected-UniProt

Attempting prediction for AT1G54360
Prediction skipped for AT1G54360:
has_verified_seq       = True
DeepTMHMM_class         = GLOB
final_structure_path    = nan
final_structure_source  = None

Attempting prediction for AT1G54370
Prediction skipped for AT1G54370:
has_verified_seq       = True
DeepTMHMM_class         = TM
final_structure_path    = 0-download-inputs/data-files/AF-Q8S396-F1-model_v6.pdb
final_structure_source  = EBI-selected-UniProt

Attempting prediction for AT1G54410
Done with ΔG prediction for: AT1G54410
Structure used: 0-download-inputs/data-files/AF-Q9SLJ2-F1-model_v6.pdb
DeepTMHMM_class: GLOB
Structure source: EBI-selected-UniProt

Attempting prediction for AT1G54440
Prediction skipped for AT1G54440:
has_verified_seq       = True
DeepTMHMM_class         = GLOB
final_structure_path    = nan
final_structure_source  = None

Attempting prediction for AT1G54490
Done with ΔG prediction for: AT1G54490
Structure used: 0-download-inputs/data-files/AF-Q9FQ04-F1-model_v6.pdb
DeepTMHMM_class: GLOB
Structure source: EBI-selected-UniProt

Attempting prediction for AT1G54610
Done with ΔG prediction for: AT1G54610
Structure used: 0-download-inputs/data-files/AF-Q9ZVM9-F1-model_v6.pdb
DeepTMHMM_class: GLOB
Structure source: EBI-selected-UniProt

Attempting prediction for AT1G54820
Prediction skipped for AT1G54820:
has_verified_seq       = True
DeepTMHMM_class         = TM
final_structure_path    = 0-download-inputs/data-files/AF-F4HYK7-F1-model_v6.pdb
final_structure_source  = EBI-selected-UniProt

Attempting prediction for AT1G54830
Done with ΔG prediction for: AT1G54830
Structure used: 0-download-inputs/data-files/AF-Q9ZVL3-F1-model_v6.pdb
DeepTMHMM_class: GLOB
Structure source: EBI-selected-UniProt

Attempting prediction for AT1G54840
Done with ΔG prediction for: AT1G54840
Structure used: 0-download-inputs/data-files/AF-Q8RWL4-F1-model_v6.pdb
DeepTMHMM_class: GLOB
Structure source: EBI-selected-UniProt

Attempting prediction for AT1G55150
Prediction skipped for AT1G55150:
has_verified_seq       = True
DeepTMHMM_class         = GLOB
final_structure_path    = nan
final_structure_source  = None

Attempting prediction for AT1G55300
Prediction skipped for AT1G55300:
has_verified_seq       = True
DeepTMHMM_class         = GLOB
final_structure_path    = nan
final_structure_source  = None

Attempting prediction for AT1G55310
Prediction skipped for AT1G55310:
has_verified_seq       = True
DeepTMHMM_class         = GLOB
final_structure_path    = nan
final_structure_source  = None

Attempting prediction for AT1G55350
Prediction skipped for AT1G55350:
has_verified_seq       = True
DeepTMHMM_class         = TM
final_structure_path    = 0-download-inputs/data-files/AF-Q8RVL2-F1-model_v6.pdb
final_structure_source  = EBI-selected-UniProt

Attempting prediction for AT1G55460
Done with ΔG prediction for: AT1G55460
Structure used: 0-download-inputs/data-files/AF-Q9ZVU5-F1-model_v6.pdb
DeepTMHMM_class: GLOB
Structure source: EBI-selected-UniProt

Attempting prediction for AT1G55490
Done with ΔG prediction for: AT1G55490
Structure used: 0-download-inputs/data-files/AF-P21240-F1-model_v6.pdb
DeepTMHMM_class: GLOB
Structure source: EBI-selected-UniProt

Attempting prediction for AT1G55540
Prediction skipped for AT1G55540:
has_verified_seq       = True
DeepTMHMM_class         = GLOB
final_structure_path    = nan
final_structure_source  = None

Attempting prediction for AT1G55610
Prediction skipped for AT1G55610:
has_verified_seq       = True
DeepTMHMM_class         = SP+TM
final_structure_path    = 0-download-inputs/data-files/AF-Q9ZWC8-F1-model_v6-cleaved.pdb
final_structure_source  = EBI-selected-UniProt-cleaved

Attempting prediction for AT1G55670
Prediction skipped for AT1G55670:
has_verified_seq       = True
DeepTMHMM_class         = TM
final_structure_path    = 0-download-inputs/data-files/AF-Q9S7N7-F1-model_v6.pdb
final_structure_source  = EBI-selected-UniProt

Attempting prediction for AT1G55750
Prediction skipped for AT1G55750:
has_verified_seq       = True
DeepTMHMM_class         = GLOB
final_structure_path    = nan
final_structure_source  = None

Attempting prediction for AT1G55890
Done with ΔG prediction for: AT1G55890
Structure used: 0-download-inputs/data-files/AF-Q9LG23-F1-model_v6.pdb
DeepTMHMM_class: GLOB
Structure source: EBI-selected-UniProt

Attempting prediction for AT1G56070
Prediction skipped for AT1G56070:
has_verified_seq       = True
DeepTMHMM_class         = GLOB
final_structure_path    = nan
final_structure_source  = None

Attempting prediction for AT1G56220
Prediction skipped for AT1G56220:
has_verified_seq       = True
DeepTMHMM_class         = GLOB
final_structure_path    = nan
final_structure_source  = None

Attempting prediction for AT1G56330
Done with ΔG prediction for: AT1G56330
Structure used: 0-download-inputs/data-files/AF-Q01474-F1-model_v6.pdb
DeepTMHMM_class: GLOB
Structure source: EBI-selected-UniProt

Attempting prediction for AT1G56340
Done with ΔG prediction for: AT1G56340
Structure used: 0-download-inputs/data-files/AF-O04151-F1-model_v6-cleaved.pdb
DeepTMHMM_class: SP
Structure source: EBI-selected-UniProt-cleaved

Attempting prediction for AT1G56450
Done with ΔG prediction for: AT1G56450
Structure used: 0-download-inputs/data-files/AF-Q7DLR9-F1-model_v6.pdb
DeepTMHMM_class: GLOB
Structure source: EBI-selected-UniProt

Attempting prediction for AT1G56580
Done with ΔG prediction for: AT1G56580
Structure used: 0-download-inputs/data-files/AF-Q9FXB0-F1-model_v6.pdb
DeepTMHMM_class: GLOB
Structure source: EBI-selected-UniProt

Attempting prediction for AT1G56650
Done with ΔG prediction for: AT1G56650
Structure used: 0-download-inputs/data-files/AF-Q9FE25-F1-model_v6.pdb
DeepTMHMM_class: GLOB
Structure source: EBI-selected-UniProt

Attempting prediction for AT1G57660
Done with ΔG prediction for: AT1G57660
Structure used: 0-download-inputs/data-files/AF-Q9FDZ9-F1-model_v6.pdb
DeepTMHMM_class: GLOB
Structure source: EBI-selected-UniProt

Attempting prediction for AT1G57720
Done with ΔG prediction for: AT1G57720
Structure used: 0-download-inputs/data-files/AF-Q9FVT2-F1-model_v6.pdb
DeepTMHMM_class: GLOB
Structure source: EBI-selected-UniProt

Attempting prediction for AT1G58100
Done with ΔG prediction for: AT1G58100
Structure used: 0-download-inputs/data-files/AF-Q9C518-F1-model_v6.pdb
DeepTMHMM_class: GLOB
Structure source: EBI-selected-UniProt

Attempting prediction for AT1G58230
Prediction skipped for AT1G58230:
has_verified_seq       = True
DeepTMHMM_class         = GLOB
final_structure_path    = nan
final_structure_source  = None

Attempting prediction for AT1G58270
Prediction skipped for AT1G58270:
has_verified_seq       = True
DeepTMHMM_class         = GLOB
final_structure_path    = nan
final_structure_source  = None

Attempting prediction for AT1G58983
Done with ΔG prediction for: AT1G58983
Structure used: 0-download-inputs/data-files/AF-Q93VB8-F1-model_v6.pdb
DeepTMHMM_class: GLOB
Structure source: EBI-selected-UniProt

Attempting prediction for AT1G59580
Done with ΔG prediction for: AT1G59580
Structure used: 0-download-inputs/data-files/AF-Q39022-F1-model_v6.pdb
DeepTMHMM_class: GLOB
Structure source: EBI-selected-UniProt

Attempting prediction for AT1G59610
Done with ΔG prediction for: AT1G59610
Structure used: 0-download-inputs/data-files/AF-Q9LQ55-F1-model_v6.pdb
DeepTMHMM_class: GLOB
Structure source: EBI-selected-UniProt

Attempting prediction for AT1G59620
Prediction skipped for AT1G59620:
has_verified_seq       = True
DeepTMHMM_class         = GLOB
final_structure_path    = nan
final_structure_source  = None

Attempting prediction for AT1G59750
Prediction skipped for AT1G59750:
has_verified_seq       = True
DeepTMHMM_class         = GLOB
final_structure_path    = nan
final_structure_source  = None

Attempting prediction for AT1G59830
Done with ΔG prediction for: AT1G59830
Structure used: 0-download-inputs/data-files/AF-Q07099-F1-model_v6.pdb
DeepTMHMM_class: GLOB
Structure source: EBI-selected-UniProt

Attempting prediction for AT1G59870
Prediction skipped for AT1G59870:
has_verified_seq       = True
DeepTMHMM_class         = TM
final_structure_path    = 0-download-inputs/data-files/AF-Q9XIE2-F1-model_v6.pdb
final_structure_source  = EBI-selected-UniProt

Attempting prediction for AT1G59900
Done with ΔG prediction for: AT1G59900
Structure used: 0-download-inputs/data-files/AF-P52901-F1-model_v6.pdb
DeepTMHMM_class: GLOB
Structure source: EBI-selected-UniProt

Attempting prediction for AT1G59990
Done with ΔG prediction for: AT1G59990
Structure used: 0-download-inputs/data-files/AF-Q944S1-F1-model_v6.pdb
DeepTMHMM_class: GLOB
Structure source: EBI-selected-UniProt

Attempting prediction for AT1G60080
Done with ΔG prediction for: AT1G60080
Structure used: 0-download-inputs/data-files/AF-Q9ZUI4-F1-model_v6.pdb
DeepTMHMM_class: GLOB
Structure source: EBI-selected-UniProt

Attempting prediction for AT1G60160
Prediction skipped for AT1G60160:
has_verified_seq       = True
DeepTMHMM_class         = TM
final_structure_path    = 0-download-inputs/data-files/AF-O80739-F1-model_v6.pdb
final_structure_source  = EBI-selected-UniProt

Attempting prediction for AT1G60220
Done with ΔG prediction for: AT1G60220
Structure used: 0-download-inputs/data-files/AF-Q2PS26-F1-model_v6.pdb
DeepTMHMM_class: GLOB
Structure source: EBI-selected-UniProt

Attempting prediction for AT1G60420
Done with ΔG prediction for: AT1G60420
Structure used: 0-download-inputs/data-files/AF-O80763-F1-model_v6.pdb
DeepTMHMM_class: GLOB
Structure source: EBI-selected-UniProt

Attempting prediction for AT1G60620
Prediction skipped for AT1G60620:
has_verified_seq       = True
DeepTMHMM_class         = GLOB
final_structure_path    = nan
final_structure_source  = None

Attempting prediction for AT1G60650
Prediction skipped for AT1G60650:
has_verified_seq       = True
DeepTMHMM_class         = GLOB
final_structure_path    = nan
final_structure_source  = None

Attempting prediction for AT1G60780
Done with ΔG prediction for: AT1G60780
Structure used: 0-download-inputs/data-files/AF-O22715-F1-model_v6.pdb
DeepTMHMM_class: GLOB
Structure source: EBI-selected-UniProt

Attempting prediction for AT1G60850
Done with ΔG prediction for: AT1G60850
Structure used: 0-download-inputs/data-files/AF-Q9C6C2-F1-model_v6.pdb
DeepTMHMM_class: GLOB
Structure source: EBI-selected-UniProt

Attempting prediction for AT1G60940
Done with ΔG prediction for: AT1G60940
Structure used: 0-download-inputs/data-files/AF-Q9C958-F1-model_v6.pdb
DeepTMHMM_class: GLOB
Structure source: EBI-selected-UniProt

Attempting prediction for AT1G60950
Done with ΔG prediction for: AT1G60950
Structure used: 0-download-inputs/data-files/AF-P16972-F1-model_v6.pdb
DeepTMHMM_class: GLOB
Structure source: EBI-selected-UniProt

Attempting prediction for AT1G61010
Done with ΔG prediction for: AT1G61010
Structure used: 0-download-inputs/data-files/AF-Q9C952-F1-model_v6.pdb
DeepTMHMM_class: GLOB
Structure source: EBI-selected-UniProt

Attempting prediction for AT1G61150
Done with ΔG prediction for: AT1G61150
Structure used: 0-download-inputs/data-files/AF-Q84WK5-F1-model_v6.pdb
DeepTMHMM_class: GLOB
Structure source: EBI-selected-UniProt

Attempting prediction for AT1G61170
Done with ΔG prediction for: AT1G61170
Structure used: 0-download-inputs/data-files/AF-O22729-F1-model_v6.pdb
DeepTMHMM_class: GLOB
Structure source: EBI-selected-UniProt

Attempting prediction for AT1G61210
Prediction skipped for AT1G61210:
has_verified_seq       = True
DeepTMHMM_class         = GLOB
final_structure_path    = nan
final_structure_source  = None

Attempting prediction for AT1G61250
Prediction skipped for AT1G61250:
has_verified_seq       = True
DeepTMHMM_class         = TM
final_structure_path    = 0-download-inputs/data-files/AF-Q9M5P2-F1-model_v6.pdb
final_structure_source  = EBI-selected-UniProt

Attempting prediction for AT1G61520
Prediction skipped for AT1G61520:
has_verified_seq       = True
DeepTMHMM_class         = TM
final_structure_path    = 0-download-inputs/data-files/AF-Q9SY97-F1-model_v6.pdb
final_structure_source  = EBI-selected-UniProt

Attempting prediction for AT1G61560
Prediction skipped for AT1G61560:
has_verified_seq       = True
DeepTMHMM_class         = TM
final_structure_path    = 0-download-inputs/data-files/AF-Q94KB7-F1-model_v6.pdb
final_structure_source  = EBI-selected-UniProt

Attempting prediction for AT1G61690
Prediction skipped for AT1G61690:
has_verified_seq       = True
DeepTMHMM_class         = GLOB
final_structure_path    = nan
final_structure_source  = None

Attempting prediction for AT1G61730
Done with ΔG prediction for: AT1G61730
Structure used: 0-download-inputs/data-files/AF-Q9SYA9-F1-model_v6.pdb
DeepTMHMM_class: GLOB
Structure source: EBI-selected-UniProt

Attempting prediction for AT1G61870
Done with ΔG prediction for: AT1G61870
Structure used: 0-download-inputs/data-files/AF-Q8LE47-F1-model_v6.pdb
DeepTMHMM_class: GLOB
Structure source: EBI-selected-UniProt

Attempting prediction for AT1G61980
Done with ΔG prediction for: AT1G61980
Structure used: 0-download-inputs/data-files/AF-O80703-F1-model_v6.pdb
DeepTMHMM_class: GLOB
Structure source: EBI-selected-UniProt

Attempting prediction for AT1G62180
Done with ΔG prediction for: AT1G62180
Structure used: 0-download-inputs/data-files/AF-P92981-F1-model_v6.pdb
DeepTMHMM_class: GLOB
Structure source: EBI-selected-UniProt

Attempting prediction for AT1G62300
Done with ΔG prediction for: AT1G62300
Structure used: 0-download-inputs/data-files/AF-Q9C519-F1-model_v6.pdb
DeepTMHMM_class: GLOB
Structure source: EBI-selected-UniProt

Attempting prediction for AT1G62360
Done with ΔG prediction for: AT1G62360
Structure used: 0-download-inputs/data-files/AF-Q38874-F1-model_v6.pdb
DeepTMHMM_class: GLOB
Structure source: EBI-selected-UniProt

Attempting prediction for AT1G62380
Done with ΔG prediction for: AT1G62380
Structure used: 0-download-inputs/data-files/AF-Q41931-F1-model_v6.pdb
DeepTMHMM_class: GLOB
Structure source: EBI-selected-UniProt

Attempting prediction for AT1G62740
Done with ΔG prediction for: AT1G62740
Structure used: 0-download-inputs/data-files/AF-Q5XEP2-F1-model_v6.pdb
DeepTMHMM_class: GLOB
Structure source: EBI-selected-UniProt

Attempting prediction for AT1G62780
Prediction skipped for AT1G62780:
has_verified_seq       = True
DeepTMHMM_class         = GLOB
final_structure_path    = nan
final_structure_source  = None

Attempting prediction for AT1G62830
Done with ΔG prediction for: AT1G62830
Structure used: 0-download-inputs/data-files/AF-Q8VXV7-F1-model_v6.pdb
DeepTMHMM_class: GLOB
Structure source: EBI-selected-UniProt

Attempting prediction for AT1G62960
Done with ΔG prediction for: AT1G62960
Structure used: 0-download-inputs/data-files/AF-Q9LQ10-F1-model_v6.pdb
DeepTMHMM_class: GLOB
Structure source: EBI-selected-UniProt

Attempting prediction for AT1G63000
Done with ΔG prediction for: AT1G63000
Structure used: 0-download-inputs/data-files/AF-Q9LQ04-F1-model_v6.pdb
DeepTMHMM_class: GLOB
Structure source: EBI-selected-UniProt

Attempting prediction for AT1G63160
Done with ΔG prediction for: AT1G63160
Structure used: 0-download-inputs/data-files/AF-Q9CAM7-F1-model_v6.pdb
DeepTMHMM_class: GLOB
Structure source: EBI-selected-UniProt

Attempting prediction for AT1G63700
Done with ΔG prediction for: AT1G63700
Structure used: 0-download-inputs/data-files/AF-Q9CAD5-F1-model_v6.pdb
DeepTMHMM_class: GLOB
Structure source: EBI-selected-UniProt

Attempting prediction for AT1G63850
Done with ΔG prediction for: AT1G63850
Structure used: 0-download-inputs/data-files/AF-Q9CAJ9-F1-model_v6.pdb
DeepTMHMM_class: GLOB
Structure source: EBI-selected-UniProt

Attempting prediction for AT1G63940
Done with ΔG prediction for: AT1G63940
Structure used: 0-download-inputs/data-files/AF-P92947-F1-model_v6.pdb
DeepTMHMM_class: GLOB
Structure source: EBI-selected-UniProt

Attempting prediction for AT1G63970
Done with ΔG prediction for: AT1G63970
Structure used: 0-download-inputs/data-files/AF-Q9CAK8-F1-model_v6.pdb
DeepTMHMM_class: GLOB
Structure source: EBI-selected-UniProt

Attempting prediction for AT1G64040
Done with ΔG prediction for: AT1G64040
Structure used: 0-download-inputs/data-files/AF-P48483-F1-model_v6.pdb
DeepTMHMM_class: GLOB
Structure source: EBI-selected-UniProt

Attempting prediction for AT1G64060
Prediction skipped for AT1G64060:
has_verified_seq       = True
DeepTMHMM_class         = TM
final_structure_path    = 0-download-inputs/data-files/AF-O48538-F1-model_v6.pdb
final_structure_source  = EBI-selected-UniProt

Attempting prediction for AT1G64230
Done with ΔG prediction for: AT1G64230
Structure used: 0-download-inputs/data-files/AF-Q94F47-F1-model_v6.pdb
DeepTMHMM_class: GLOB
Structure source: EBI-selected-UniProt

Attempting prediction for AT1G64280
Done with ΔG prediction for: AT1G64280
Structure used: 0-download-inputs/data-files/AF-P93002-F1-model_v6.pdb
DeepTMHMM_class: GLOB
Structure source: EBI-selected-UniProt

Attempting prediction for AT1G64330
Done with ΔG prediction for: AT1G64330
Structure used: 0-download-inputs/data-files/AF-Q9C7V7-F1-model_v6.pdb
DeepTMHMM_class: GLOB
Structure source: EBI-selected-UniProt

Attempting prediction for AT1G64520
Done with ΔG prediction for: AT1G64520
Structure used: 0-download-inputs/data-files/AF-Q9SGW3-F1-model_v6.pdb
DeepTMHMM_class: GLOB
Structure source: EBI-selected-UniProt

Attempting prediction for AT1G64750
Done with ΔG prediction for: AT1G64750
Structure used: 0-download-inputs/data-files/AF-Q9XIR8-F1-model_v6.pdb
DeepTMHMM_class: GLOB
Structure source: EBI-selected-UniProt

Attempting prediction for AT1G64770
Done with ΔG prediction for: AT1G64770
Structure used: 0-download-inputs/data-files/AF-Q94AQ8-F1-model_v6.pdb
DeepTMHMM_class: GLOB
Structure source: EBI-selected-UniProt

Attempting prediction for AT1G64780
Prediction skipped for AT1G64780:
has_verified_seq       = True
DeepTMHMM_class         = TM
final_structure_path    = 0-download-inputs/data-files/AF-Q9ZPJ8-F1-model_v6.pdb
final_structure_source  = EBI-selected-UniProt

Attempting prediction for AT1G64840
Done with ΔG prediction for: AT1G64840
Structure used: 0-download-inputs/data-files/AF-Q9XIR1-F1-model_v6.pdb
DeepTMHMM_class: GLOB
Structure source: EBI-selected-UniProt

Attempting prediction for AT1G64990
Prediction skipped for AT1G64990:
has_verified_seq       = True
DeepTMHMM_class         = TM
final_structure_path    = 0-download-inputs/data-files/AF-Q9XIP7-F1-model_v6.pdb
final_structure_source  = EBI-selected-UniProt

Attempting prediction for AT1G65010
Done with ΔG prediction for: AT1G65010
Structure used: 0-download-inputs/data-files/AF-F4I8B9-F1-model_v6.pdb
DeepTMHMM_class: GLOB
Structure source: EBI-selected-UniProt

Attempting prediction for AT1G65030
Prediction skipped for AT1G65030:
has_verified_seq       = True
DeepTMHMM_class         = GLOB
final_structure_path    = nan
final_structure_source  = None

Attempting prediction for AT1G65090
Prediction skipped for AT1G65090:
has_verified_seq       = True
DeepTMHMM_class         = GLOB
final_structure_path    = nan
final_structure_source  = None

Attempting prediction for AT1G65260
Done with ΔG prediction for: AT1G65260
Structure used: 0-download-inputs/data-files/AF-O80796-F1-model_v6.pdb
DeepTMHMM_class: GLOB
Structure source: EBI-selected-UniProt

Attempting prediction for AT1G65310
Prediction skipped for AT1G65310:
has_verified_seq       = True
DeepTMHMM_class         = SP
final_structure_path    = nan
final_structure_source  = None

Attempting prediction for AT1G65360
Done with ΔG prediction for: AT1G65360
Structure used: 0-download-inputs/data-files/AF-O80807-F1-model_v6.pdb
DeepTMHMM_class: GLOB
Structure source: EBI-selected-UniProt

Attempting prediction for AT1G65380
Prediction skipped for AT1G65380:
has_verified_seq       = True
DeepTMHMM_class         = SP+TM
final_structure_path    = 0-download-inputs/data-files/AF-O80809-F1-model_v6-cleaved.pdb
final_structure_source  = EBI-selected-UniProt-cleaved

Attempting prediction for AT1G65440
Done with ΔG prediction for: AT1G65440
Structure used: 0-download-inputs/data-files/AF-A8MS85-F1-model_v6.pdb
DeepTMHMM_class: GLOB
Structure source: EBI-selected-UniProt

Attempting prediction for AT1G65480
Prediction skipped for AT1G65480:
has_verified_seq       = True
DeepTMHMM_class         = GLOB
final_structure_path    = nan
final_structure_source  = None

Attempting prediction for AT1G65620
Done with ΔG prediction for: AT1G65620
Structure used: 0-download-inputs/data-files/AF-O04479-F1-model_v6.pdb
DeepTMHMM_class: GLOB
Structure source: EBI-selected-UniProt

Attempting prediction for AT1G65650
Done with ΔG prediction for: AT1G65650
Structure used: 0-download-inputs/data-files/AF-O04482-F1-model_v6.pdb
DeepTMHMM_class: GLOB
Structure source: EBI-selected-UniProt

Attempting prediction for AT1G65740
Done with ΔG prediction for: AT1G65740
Structure used: 0-download-inputs/data-files/AF-Q9SHY1-F1-model_v6.pdb
DeepTMHMM_class: GLOB
Structure source: EBI-selected-UniProt

Attempting prediction for AT1G65820
Prediction skipped for AT1G65820:
has_verified_seq       = True
DeepTMHMM_class         = TM
final_structure_path    = nan
final_structure_source  = None

Attempting prediction for AT1G65930
Done with ΔG prediction for: AT1G65930
Structure used: 0-download-inputs/data-files/AF-Q9SRZ6-F1-model_v6.pdb
DeepTMHMM_class: GLOB
Structure source: EBI-selected-UniProt

Attempting prediction for AT1G65980
Done with ΔG prediction for: AT1G65980
Structure used: 0-download-inputs/data-files/AF-Q9XEX2-F1-model_v6.pdb
DeepTMHMM_class: GLOB
Structure source: EBI-selected-UniProt

Attempting prediction for AT1G66070
Done with ΔG prediction for: AT1G66070
Structure used: 0-download-inputs/data-files/AF-Q9C8D8-F1-model_v6.pdb
DeepTMHMM_class: GLOB
Structure source: EBI-selected-UniProt

Attempting prediction for AT1G66150
Prediction skipped for AT1G66150:
has_verified_seq       = True
DeepTMHMM_class         = SP+TM
final_structure_path    = 0-download-inputs/data-files/AF-P43298-F1-model_v6-cleaved.pdb
final_structure_source  = EBI-selected-UniProt-cleaved

Attempting prediction for AT1G66200
Prediction skipped for AT1G66200:
has_verified_seq       = True
DeepTMHMM_class         = GLOB
final_structure_path    = nan
final_structure_source  = None

Attempting prediction for AT1G66260
Done with ΔG prediction for: AT1G66260
Structure used: 0-download-inputs/data-files/AF-Q94EH8-F1-model_v6.pdb
DeepTMHMM_class: GLOB
Structure source: EBI-selected-UniProt

Attempting prediction for AT1G66340
Prediction skipped for AT1G66340:
has_verified_seq       = True
DeepTMHMM_class         = TM
final_structure_path    = 0-download-inputs/data-files/AF-P49333-F1-model_v6.pdb
final_structure_source  = EBI-selected-UniProt

Attempting prediction for AT1G66350
Done with ΔG prediction for: AT1G66350
Structure used: 0-download-inputs/data-files/AF-Q9C8Y3-F1-model_v6.pdb
DeepTMHMM_class: GLOB
Structure source: EBI-selected-UniProt

Attempting prediction for AT1G66390
Done with ΔG prediction for: AT1G66390
Structure used: 0-download-inputs/data-files/AF-Q9ZTC3-F1-model_v6.pdb
DeepTMHMM_class: GLOB
Structure source: EBI-selected-UniProt

Attempting prediction for AT1G66410
Done with ΔG prediction for: AT1G66410
Structure used: 0-download-inputs/data-files/AF-P0DH96-F1-model_v6.pdb
DeepTMHMM_class: GLOB
Structure source: EBI-selected-UniProt

Attempting prediction for AT1G66670
Done with ΔG prediction for: AT1G66670
Structure used: 0-download-inputs/data-files/AF-Q9SXJ6-F1-model_v6.pdb
DeepTMHMM_class: GLOB
Structure source: EBI-selected-UniProt

Attempting prediction for AT1G66750
Done with ΔG prediction for: AT1G66750
Structure used: 0-download-inputs/data-files/AF-Q9C9M7-F1-model_v6.pdb
DeepTMHMM_class: GLOB
Structure source: EBI-selected-UniProt

Attempting prediction for AT1G67090
Done with ΔG prediction for: AT1G67090
Structure used: 0-download-inputs/data-files/AF-P10795-F1-model_v6.pdb
DeepTMHMM_class: GLOB
Structure source: EBI-selected-UniProt

Attempting prediction for AT1G67230
Done with ΔG prediction for: AT1G67230
Structure used: 0-download-inputs/data-files/AF-F4HRT5-F1-model_v6.pdb
DeepTMHMM_class: GLOB
Structure source: EBI-selected-UniProt

Attempting prediction for AT1G67320
Done with ΔG prediction for: AT1G67320
Structure used: 0-download-inputs/data-files/AF-Q84WJ2-F1-model_v6.pdb
DeepTMHMM_class: GLOB
Structure source: EBI-selected-UniProt

Attempting prediction for AT1G67430
Prediction skipped for AT1G67430:
has_verified_seq       = True
DeepTMHMM_class         = GLOB
final_structure_path    = nan
final_structure_source  = None

Attempting prediction for AT1G67580
Done with ΔG prediction for: AT1G67580
Structure used: 0-download-inputs/data-files/AF-Q9CAG1-F1-model_v6.pdb
DeepTMHMM_class: GLOB
Structure source: EBI-selected-UniProt

Attempting prediction for AT1G67700
Done with ΔG prediction for: AT1G67700
Structure used: 0-download-inputs/data-files/AF-Q8LDL0-F1-model_v6.pdb
DeepTMHMM_class: GLOB
Structure source: EBI-selected-UniProt

Attempting prediction for AT1G67720
Prediction skipped for AT1G67720:
has_verified_seq       = True
DeepTMHMM_class         = SP+TM
final_structure_path    = 0-download-inputs/data-files/AF-C0LGI2-F1-model_v6-cleaved.pdb
final_structure_source  = EBI-selected-UniProt-cleaved

Attempting prediction for AT1G67730
Prediction skipped for AT1G67730:
has_verified_seq       = True
DeepTMHMM_class         = TM
final_structure_path    = 0-download-inputs/data-files/AF-Q8L9C4-F1-model_v6.pdb
final_structure_source  = EBI-selected-UniProt

Attempting prediction for AT1G67930
Done with ΔG prediction for: AT1G67930
Structure used: 0-download-inputs/data-files/AF-Q9C9V9-F1-model_v6.pdb
DeepTMHMM_class: GLOB
Structure source: EBI-selected-UniProt

Attempting prediction for AT1G68050
Done with ΔG prediction for: AT1G68050
Structure used: 0-download-inputs/data-files/AF-Q9C9W9-F1-model_v6.pdb
DeepTMHMM_class: GLOB
Structure source: EBI-selected-UniProt

Attempting prediction for AT1G68060
Done with ΔG prediction for: AT1G68060
Structure used: 0-download-inputs/data-files/AF-Q9C9X0-F1-model_v6.pdb
DeepTMHMM_class: GLOB
Structure source: EBI-selected-UniProt

Attempting prediction for AT1G68090
Done with ΔG prediction for: AT1G68090
Structure used: 0-download-inputs/data-files/AF-Q9C9X3-F1-model_v6.pdb
DeepTMHMM_class: GLOB
Structure source: EBI-selected-UniProt

Attempting prediction for AT1G68360
Done with ΔG prediction for: AT1G68360
Structure used: 0-download-inputs/data-files/AF-Q9C9H1-F1-model_v6.pdb
DeepTMHMM_class: GLOB
Structure source: EBI-selected-UniProt

Attempting prediction for AT1G68520
Done with ΔG prediction for: AT1G68520
Structure used: 0-download-inputs/data-files/AF-Q8LG76-F1-model_v6.pdb
DeepTMHMM_class: GLOB
Structure source: EBI-selected-UniProt

Attempting prediction for AT1G68590
Done with ΔG prediction for: AT1G68590
Structure used: 0-download-inputs/data-files/AF-Q9SX22-F1-model_v6.pdb
DeepTMHMM_class: GLOB
Structure source: EBI-selected-UniProt

Attempting prediction for AT1G68680
Prediction skipped for AT1G68680:
has_verified_seq       = True
DeepTMHMM_class         = TM
final_structure_path    = nan
final_structure_source  = None

Attempting prediction for AT1G68810
Done with ΔG prediction for: AT1G68810
Structure used: 0-download-inputs/data-files/AF-Q9S7Y1-F1-model_v6.pdb
DeepTMHMM_class: GLOB
Structure source: EBI-selected-UniProt

Attempting prediction for AT1G68840
Done with ΔG prediction for: AT1G68840
Structure used: 0-download-inputs/data-files/AF-P82280-F1-model_v6.pdb
DeepTMHMM_class: GLOB
Structure source: EBI-selected-UniProt

Attempting prediction for AT1G68850
Done with ΔG prediction for: AT1G68850
Structure used: 0-download-inputs/data-files/AF-Q96519-F1-model_v6-cleaved.pdb
DeepTMHMM_class: SP
Structure source: EBI-selected-UniProt-cleaved

Attempting prediction for AT1G69120
Done with ΔG prediction for: AT1G69120
Structure used: 0-download-inputs/data-files/AF-P35631-F1-model_v6.pdb
DeepTMHMM_class: GLOB
Structure source: EBI-selected-UniProt

Attempting prediction for AT1G69200
Prediction skipped for AT1G69200:
has_verified_seq       = True
DeepTMHMM_class         = GLOB
final_structure_path    = nan
final_structure_source  = None

Attempting prediction for AT1G69490
Done with ΔG prediction for: AT1G69490
Structure used: 0-download-inputs/data-files/AF-O49255-F1-model_v6.pdb
DeepTMHMM_class: GLOB
Structure source: EBI-selected-UniProt

Attempting prediction for AT1G69530
Done with ΔG prediction for: AT1G69530
Structure used: 0-download-inputs/data-files/AF-Q9C554-F1-model_v6-cleaved.pdb
DeepTMHMM_class: SP
Structure source: EBI-selected-UniProt-cleaved

Attempting prediction for AT1G69620
Prediction skipped for AT1G69620:
has_verified_seq       = True
DeepTMHMM_class         = GLOB
final_structure_path    = nan
final_structure_source  = None

Attempting prediction for AT1G69690
Done with ΔG prediction for: AT1G69690
Structure used: 0-download-inputs/data-files/AF-Q9C9L2-F1-model_v6.pdb
DeepTMHMM_class: GLOB
Structure source: EBI-selected-UniProt

Attempting prediction for AT1G69740
Prediction skipped for AT1G69740:
has_verified_seq       = True
DeepTMHMM_class         = GLOB
final_structure_path    = nan
final_structure_source  = None

Attempting prediction for AT1G69770
Done with ΔG prediction for: AT1G69770
Structure used: 0-download-inputs/data-files/AF-Q94F88-F1-model_v6.pdb
DeepTMHMM_class: GLOB
Structure source: EBI-selected-UniProt

Attempting prediction for AT1G69830
Prediction skipped for AT1G69830:
has_verified_seq       = True
DeepTMHMM_class         = TM
final_structure_path    = 0-download-inputs/data-files/AF-Q94A41-F1-model_v6.pdb
final_structure_source  = EBI-selected-UniProt

Attempting prediction for AT1G69840
Done with ΔG prediction for: AT1G69840
Structure used: 0-download-inputs/data-files/AF-Q9CAR7-F1-model_v6.pdb
DeepTMHMM_class: GLOB
Structure source: EBI-selected-UniProt

Attempting prediction for AT1G69960
Done with ΔG prediction for: AT1G69960
Structure used: 0-download-inputs/data-files/AF-O04951-F1-model_v6.pdb
DeepTMHMM_class: GLOB
Structure source: EBI-selected-UniProt

Attempting prediction for AT1G70300
Prediction skipped for AT1G70300:
has_verified_seq       = True
DeepTMHMM_class         = TM
final_structure_path    = 0-download-inputs/data-files/AF-Q8W4I4-F1-model_v6.pdb
final_structure_source  = EBI-selected-UniProt

Attempting prediction for AT1G70310
Done with ΔG prediction for: AT1G70310
Structure used: 0-download-inputs/data-files/AF-O48661-F1-model_v6.pdb
DeepTMHMM_class: GLOB
Structure source: EBI-selected-UniProt

Attempting prediction for AT1G70320
Prediction skipped for AT1G70320:
has_verified_seq       = True
DeepTMHMM_class         = GLOB
final_structure_path    = nan
final_structure_source  = None

Attempting prediction for AT1G70410
Done with ΔG prediction for: AT1G70410
Structure used: 0-download-inputs/data-files/AF-Q94CE4-F1-model_v6.pdb
DeepTMHMM_class: GLOB
Structure source: EBI-selected-UniProt

Attempting prediction for AT1G70440
Done with ΔG prediction for: AT1G70440
Structure used: 0-download-inputs/data-files/AF-O64592-F1-model_v6.pdb
DeepTMHMM_class: GLOB
Structure source: EBI-selected-UniProt

Attempting prediction for AT1G70490
Done with ΔG prediction for: AT1G70490
Structure used: 0-download-inputs/data-files/AF-P0DH91-F1-model_v6.pdb
DeepTMHMM_class: GLOB
Structure source: EBI-selected-UniProt

Attempting prediction for AT1G70520
Prediction skipped for AT1G70520:
has_verified_seq       = True
DeepTMHMM_class         = SP+TM
final_structure_path    = 0-download-inputs/data-files/AF-Q9CAL3-F1-model_v6-cleaved.pdb
final_structure_source  = EBI-selected-UniProt-cleaved

Attempting prediction for AT1G70600
Done with ΔG prediction for: AT1G70600
Structure used: 0-download-inputs/data-files/AF-P49637-F1-model_v6.pdb
DeepTMHMM_class: GLOB
Structure source: EBI-selected-UniProt

Attempting prediction for AT1G70700
Prediction skipped for AT1G70700:
has_verified_seq       = True
DeepTMHMM_class         = GLOB
final_structure_path    = nan
final_structure_source  = None

Attempting prediction for AT1G70730
Done with ΔG prediction for: AT1G70730
Structure used: 0-download-inputs/data-files/AF-Q9SGC1-F1-model_v6.pdb
DeepTMHMM_class: GLOB
Structure source: EBI-selected-UniProt

Attempting prediction for AT1G70750
Done with ΔG prediction for: AT1G70750
Structure used: 0-download-inputs/data-files/AF-Q9CAC4-F1-model_v6.pdb
DeepTMHMM_class: GLOB
Structure source: EBI-selected-UniProt

Attempting prediction for AT1G70810
Done with ΔG prediction for: AT1G70810
Structure used: 0-download-inputs/data-files/AF-Q9SSL1-F1-model_v6.pdb
DeepTMHMM_class: GLOB
Structure source: EBI-selected-UniProt

Attempting prediction for AT1G70940
Prediction skipped for AT1G70940:
has_verified_seq       = True
DeepTMHMM_class         = TM
final_structure_path    = 0-download-inputs/data-files/AF-Q9S7Z8-F1-model_v6.pdb
final_structure_source  = EBI-selected-UniProt

Attempting prediction for AT1G71020
Done with ΔG prediction for: AT1G71020
Structure used: 0-download-inputs/data-files/AF-Q9C9A6-F1-model_v6.pdb
DeepTMHMM_class: GLOB
Structure source: EBI-selected-UniProt

Attempting prediction for AT1G71030
Done with ΔG prediction for: AT1G71030
Structure used: 0-download-inputs/data-files/AF-Q9C9A5-F1-model_v6.pdb
DeepTMHMM_class: GLOB
Structure source: EBI-selected-UniProt

Attempting prediction for AT1G71230
Done with ΔG prediction for: AT1G71230
Structure used: 0-download-inputs/data-files/AF-Q9FVU9-F1-model_v6.pdb
DeepTMHMM_class: GLOB
Structure source: EBI-selected-UniProt

Attempting prediction for AT1G71270
Done with ΔG prediction for: AT1G71270
Structure used: 0-download-inputs/data-files/AF-Q94KD3-F1-model_v6.pdb
DeepTMHMM_class: GLOB
Structure source: EBI-selected-UniProt

Attempting prediction for AT1G71770
Done with ΔG prediction for: AT1G71770
Structure used: 0-download-inputs/data-files/AF-Q05196-F1-model_v6.pdb
DeepTMHMM_class: GLOB
Structure source: EBI-selected-UniProt

Attempting prediction for AT1G71820
Done with ΔG prediction for: AT1G71820
Structure used: 0-download-inputs/data-files/AF-Q94AI6-F1-model_v6.pdb
DeepTMHMM_class: GLOB
Structure source: EBI-selected-UniProt

Attempting prediction for AT1G71830
Prediction skipped for AT1G71830:
has_verified_seq       = True
DeepTMHMM_class         = SP+TM
final_structure_path    = 0-download-inputs/data-files/AF-Q94AG2-F1-model_v6-cleaved.pdb
final_structure_source  = EBI-selected-UniProt-cleaved

Attempting prediction for AT1G71840
Prediction skipped for AT1G71840:
has_verified_seq       = True
DeepTMHMM_class         = GLOB
final_structure_path    = nan
final_structure_source  = None

Attempting prediction for AT1G71880
Prediction skipped for AT1G71880:
has_verified_seq       = True
DeepTMHMM_class         = TM
final_structure_path    = 0-download-inputs/data-files/AF-Q39232-F1-model_v6.pdb
final_structure_source  = EBI-selected-UniProt

Attempting prediction for AT1G72010
Done with ΔG prediction for: AT1G72010
Structure used: 0-download-inputs/data-files/AF-Q9C7G4-F1-model_v6.pdb
DeepTMHMM_class: GLOB
Structure source: EBI-selected-UniProt

Attempting prediction for AT1G72150
Done with ΔG prediction for: AT1G72150
Structure used: 0-download-inputs/data-files/AF-Q56WK6-F1-model_v6.pdb
DeepTMHMM_class: GLOB
Structure source: EBI-selected-UniProt

Attempting prediction for AT1G72160
Done with ΔG prediction for: AT1G72160
Structure used: 0-download-inputs/data-files/AF-Q56Z59-F1-model_v6.pdb
DeepTMHMM_class: GLOB
Structure source: EBI-selected-UniProt

Attempting prediction for AT1G72290
Done with ΔG prediction for: AT1G72290
Structure used: 0-download-inputs/data-files/AF-Q9C7S6-F1-model_v6-cleaved.pdb
DeepTMHMM_class: SP
Structure source: EBI-selected-UniProt-cleaved

Attempting prediction for AT1G72340
Prediction skipped for AT1G72340:
has_verified_seq       = True
DeepTMHMM_class         = GLOB
final_structure_path    = nan
final_structure_source  = None

Attempting prediction for AT1G72370
Done with ΔG prediction for: AT1G72370
Structure used: 0-download-inputs/data-files/AF-Q08682-F1-model_v6.pdb
DeepTMHMM_class: GLOB
Structure source: EBI-selected-UniProt

Attempting prediction for AT1G72390
Done with ΔG prediction for: AT1G72390
Structure used: 0-download-inputs/data-files/AF-F4IDB2-F1-model_v6.pdb
DeepTMHMM_class: GLOB
Structure source: EBI-selected-UniProt

Attempting prediction for AT1G72430
Done with ΔG prediction for: AT1G72430
Structure used: 0-download-inputs/data-files/AF-Q9C9E1-F1-model_v6.pdb
DeepTMHMM_class: GLOB
Structure source: EBI-selected-UniProt

Attempting prediction for AT1G72450
Done with ΔG prediction for: AT1G72450
Structure used: 0-download-inputs/data-files/AF-Q9C9E3-F1-model_v6.pdb
DeepTMHMM_class: GLOB
Structure source: EBI-selected-UniProt

Attempting prediction for AT1G72530
Prediction skipped for AT1G72530:
has_verified_seq       = True
DeepTMHMM_class         = GLOB
final_structure_path    = nan
final_structure_source  = None

Attempting prediction for AT1G72630
Prediction skipped for AT1G72630:
has_verified_seq       = True
DeepTMHMM_class         = GLOB
final_structure_path    = nan
final_structure_source  = None

Attempting prediction for AT1G72710
Done with ΔG prediction for: AT1G72710
Structure used: 0-download-inputs/data-files/AF-Q9CAI5-F1-model_v6.pdb
DeepTMHMM_class: GLOB
Structure source: EBI-selected-UniProt

Attempting prediction for AT1G72730
Done with ΔG prediction for: AT1G72730
Structure used: 0-download-inputs/data-files/AF-Q9CAI7-F1-model_v6.pdb
DeepTMHMM_class: GLOB
Structure source: EBI-selected-UniProt

Attempting prediction for AT1G72750
Done with ΔG prediction for: AT1G72750
Structure used: 0-download-inputs/data-files/AF-Q38820-F1-model_v6.pdb
DeepTMHMM_class: GLOB
Structure source: EBI-selected-UniProt

Attempting prediction for AT1G72770
Done with ΔG prediction for: AT1G72770
Structure used: 0-download-inputs/data-files/AF-Q9CAJ0-F1-model_v6.pdb
DeepTMHMM_class: GLOB
Structure source: EBI-selected-UniProt

Attempting prediction for AT1G72900
Prediction skipped for AT1G72900:
has_verified_seq       = True
DeepTMHMM_class         = GLOB
final_structure_path    = nan
final_structure_source  = None

Attempting prediction for AT1G72930
Done with ΔG prediction for: AT1G72930
Structure used: 0-download-inputs/data-files/AF-Q9SSN3-F1-model_v6.pdb
DeepTMHMM_class: GLOB
Structure source: EBI-selected-UniProt

Attempting prediction for AT1G73000
Done with ΔG prediction for: AT1G73000
Structure used: 0-download-inputs/data-files/AF-Q9SSM7-F1-model_v6.pdb
DeepTMHMM_class: GLOB
Structure source: EBI-selected-UniProt

Attempting prediction for AT1G73030
Done with ΔG prediction for: AT1G73030
Structure used: 0-download-inputs/data-files/AF-Q9SSM4-F1-model_v6.pdb
DeepTMHMM_class: GLOB
Structure source: EBI-selected-UniProt

Attempting prediction for AT1G73080
Prediction skipped for AT1G73080:
has_verified_seq       = True
DeepTMHMM_class         = SP+TM
final_structure_path    = 0-download-inputs/data-files/AF-Q9SSL9-F1-model_v6-cleaved.pdb
final_structure_source  = EBI-selected-UniProt-cleaved

Attempting prediction for AT1G73100
Done with ΔG prediction for: AT1G73100
Structure used: 0-download-inputs/data-files/AF-Q9C5P4-F1-model_v6.pdb
DeepTMHMM_class: GLOB
Structure source: EBI-selected-UniProt

Attempting prediction for AT1G73180
Done with ΔG prediction for: AT1G73180
Structure used: 0-download-inputs/data-files/AF-Q9CAT3-F1-model_v6.pdb
DeepTMHMM_class: GLOB
Structure source: EBI-selected-UniProt

Attempting prediction for AT1G73230
Done with ΔG prediction for: AT1G73230
Structure used: 0-download-inputs/data-files/AF-Q9CAT7-F1-model_v6.pdb
DeepTMHMM_class: GLOB
Structure source: EBI-selected-UniProt

Attempting prediction for AT1G73590
Prediction skipped for AT1G73590:
has_verified_seq       = True
DeepTMHMM_class         = TM
final_structure_path    = 0-download-inputs/data-files/AF-Q9C6B8-F1-model_v6.pdb
final_structure_source  = EBI-selected-UniProt

Attempting prediction for AT1G73660
Done with ΔG prediction for: AT1G73660
Structure used: 0-download-inputs/data-files/AF-Q9C9U5-F1-model_v6.pdb
DeepTMHMM_class: GLOB
Structure source: EBI-selected-UniProt

Attempting prediction for AT1G73690
Done with ΔG prediction for: AT1G73690
Structure used: 0-download-inputs/data-files/AF-Q9C9U2-F1-model_v6.pdb
DeepTMHMM_class: GLOB
Structure source: EBI-selected-UniProt

Attempting prediction for AT1G73720
Done with ΔG prediction for: AT1G73720
Structure used: 0-download-inputs/data-files/AF-Q8W117-F1-model_v6.pdb
DeepTMHMM_class: GLOB
Structure source: EBI-selected-UniProt

Attempting prediction for AT1G73960
Done with ΔG prediction for: AT1G73960
Structure used: 0-download-inputs/data-files/AF-Q8LPF0-F1-model_v6.pdb
DeepTMHMM_class: GLOB
Structure source: EBI-selected-UniProt

Attempting prediction for AT1G74050
Done with ΔG prediction for: AT1G74050
Structure used: 0-download-inputs/data-files/AF-Q9C9C5-F1-model_v6.pdb
DeepTMHMM_class: GLOB
Structure source: EBI-selected-UniProt

Attempting prediction for AT1G74060
Done with ΔG prediction for: AT1G74060
Structure used: 0-download-inputs/data-files/AF-Q9C9C6-F1-model_v6.pdb
DeepTMHMM_class: GLOB
Structure source: EBI-selected-UniProt

Attempting prediction for AT1G74350
Done with ΔG prediction for: AT1G74350
Structure used: 0-download-inputs/data-files/AF-Q9CA78-F1-model_v6.pdb
DeepTMHMM_class: GLOB
Structure source: EBI-selected-UniProt

Attempting prediction for AT1G74380
Prediction skipped for AT1G74380:
has_verified_seq       = True
DeepTMHMM_class         = TM
final_structure_path    = 0-download-inputs/data-files/AF-Q9CA75-F1-model_v6.pdb
final_structure_source  = EBI-selected-UniProt

Attempting prediction for AT1G74470
Done with ΔG prediction for: AT1G74470
Structure used: 0-download-inputs/data-files/AF-Q9CA67-F1-model_v6.pdb
DeepTMHMM_class: GLOB
Structure source: EBI-selected-UniProt

Attempting prediction for AT1G74490
Prediction skipped for AT1G74490:
has_verified_seq       = True
DeepTMHMM_class         = GLOB
final_structure_path    = nan
final_structure_source  = None

Attempting prediction for AT1G74500
Done with ΔG prediction for: AT1G74500
Structure used: 0-download-inputs/data-files/AF-Q9CA64-F1-model_v6.pdb
DeepTMHMM_class: GLOB
Structure source: EBI-selected-UniProt

Attempting prediction for AT1G74560
Done with ΔG prediction for: AT1G74560
Structure used: 0-download-inputs/data-files/AF-Q9CA59-F1-model_v6.pdb
DeepTMHMM_class: GLOB
Structure source: EBI-selected-UniProt

Attempting prediction for AT1G74740
Done with ΔG prediction for: AT1G74740
Structure used: 0-download-inputs/data-files/AF-Q9SSF8-F1-model_v6.pdb
DeepTMHMM_class: GLOB
Structure source: EBI-selected-UniProt

Attempting prediction for AT1G74880
Done with ΔG prediction for: AT1G74880
Structure used: 0-download-inputs/data-files/AF-Q9S829-F1-model_v6.pdb
DeepTMHMM_class: GLOB
Structure source: EBI-selected-UniProt

Attempting prediction for AT1G74890
Done with ΔG prediction for: AT1G74890
Structure used: 0-download-inputs/data-files/AF-Q7G8V2-F1-model_v6.pdb
DeepTMHMM_class: GLOB
Structure source: EBI-selected-UniProt

Attempting prediction for AT1G74910
Done with ΔG prediction for: AT1G74910
Structure used: 0-download-inputs/data-files/AF-Q9C9P3-F1-model_v6.pdb
DeepTMHMM_class: GLOB
Structure source: EBI-selected-UniProt

Attempting prediction for AT1G74940
Done with ΔG prediction for: AT1G74940
Structure used: 0-download-inputs/data-files/AF-Q8GRN0-F1-model_v6.pdb
DeepTMHMM_class: GLOB
Structure source: EBI-selected-UniProt

Attempting prediction for AT1G74950
Done with ΔG prediction for: AT1G74950
Structure used: 0-download-inputs/data-files/AF-Q9S7M2-F1-model_v6.pdb
DeepTMHMM_class: GLOB
Structure source: EBI-selected-UniProt

Attempting prediction for AT1G74970
Done with ΔG prediction for: AT1G74970
Structure used: 0-download-inputs/data-files/AF-Q9XJ27-F1-model_v6.pdb
DeepTMHMM_class: GLOB
Structure source: EBI-selected-UniProt

Attempting prediction for AT1G75060
Done with ΔG prediction for: AT1G75060
Structure used: 0-download-inputs/data-files/AF-A8MR31-F1-model_v6.pdb
DeepTMHMM_class: GLOB
Structure source: EBI-selected-UniProt

Attempting prediction for AT1G75080
Done with ΔG prediction for: AT1G75080
Structure used: 0-download-inputs/data-files/AF-Q8S307-F1-model_v6.pdb
DeepTMHMM_class: GLOB
Structure source: EBI-selected-UniProt

Attempting prediction for AT1G75100
Done with ΔG prediction for: AT1G75100
Structure used: 0-download-inputs/data-files/AF-Q9C9Q4-F1-model_v6.pdb
DeepTMHMM_class: GLOB
Structure source: EBI-selected-UniProt

Attempting prediction for AT1G75240
Done with ΔG prediction for: AT1G75240
Structure used: 0-download-inputs/data-files/AF-Q9FRL5-F1-model_v6.pdb
DeepTMHMM_class: GLOB
Structure source: EBI-selected-UniProt

Attempting prediction for AT1G75330
Done with ΔG prediction for: AT1G75330
Structure used: 0-download-inputs/data-files/AF-O50039-F1-model_v6.pdb
DeepTMHMM_class: GLOB
Structure source: EBI-selected-UniProt

Attempting prediction for AT1G75340
Prediction skipped for AT1G75340:
has_verified_seq       = True
DeepTMHMM_class         = GLOB
final_structure_path    = nan
final_structure_source  = None

Attempting prediction for AT1G75490
Done with ΔG prediction for: AT1G75490
Structure used: 0-download-inputs/data-files/AF-Q9LQZ2-F1-model_v6.pdb
DeepTMHMM_class: GLOB
Structure source: EBI-selected-UniProt

Attempting prediction for AT1G75540
Done with ΔG prediction for: AT1G75540
Structure used: 0-download-inputs/data-files/AF-Q9LQZ7-F1-model_v6.pdb
DeepTMHMM_class: GLOB
Structure source: EBI-selected-UniProt

Attempting prediction for AT1G75750
Done with ΔG prediction for: AT1G75750
Structure used: 0-download-inputs/data-files/AF-P46689-F1-model_v6-cleaved.pdb
DeepTMHMM_class: SP
Structure source: EBI-selected-UniProt-cleaved

Attempting prediction for AT1G75780
Done with ΔG prediction for: AT1G75780
Structure used: 0-download-inputs/data-files/AF-P12411-F1-model_v6.pdb
DeepTMHMM_class: GLOB
Structure source: EBI-selected-UniProt

Attempting prediction for AT1G75820
Prediction skipped for AT1G75820:
has_verified_seq       = True
DeepTMHMM_class         = SP+TM
final_structure_path    = 0-download-inputs/data-files/AF-Q9SYQ8-F1-model_v6-cleaved.pdb
final_structure_source  = EBI-selected-UniProt-cleaved

Attempting prediction for AT1G75840
Done with ΔG prediction for: AT1G75840
Structure used: 0-download-inputs/data-files/AF-Q38937-F1-model_v6.pdb
DeepTMHMM_class: GLOB
Structure source: EBI-selected-UniProt

Attempting prediction for AT1G75850
Done with ΔG prediction for: AT1G75850
Structure used: 0-download-inputs/data-files/AF-F4I0P8-F1-model_v6.pdb
DeepTMHMM_class: GLOB
Structure source: EBI-selected-UniProt

Attempting prediction for AT1G75950
Done with ΔG prediction for: AT1G75950
Structure used: 0-download-inputs/data-files/AF-Q39255-F1-model_v6.pdb
DeepTMHMM_class: GLOB
Structure source: EBI-selected-UniProt

Attempting prediction for AT1G75990
Done with ΔG prediction for: AT1G75990
Structure used: 0-download-inputs/data-files/AF-Q9LQR8-F1-model_v6.pdb
DeepTMHMM_class: GLOB
Structure source: EBI-selected-UniProt

Attempting prediction for AT1G76030
Done with ΔG prediction for: AT1G76030
Structure used: 0-download-inputs/data-files/AF-P11574-F1-model_v6.pdb
DeepTMHMM_class: GLOB
Structure source: EBI-selected-UniProt

Attempting prediction for AT1G76080
Done with ΔG prediction for: AT1G76080
Structure used: 0-download-inputs/data-files/AF-Q9SGS4-F1-model_v6.pdb
DeepTMHMM_class: GLOB
Structure source: EBI-selected-UniProt

Attempting prediction for AT1G76180
Done with ΔG prediction for: AT1G76180
Structure used: 0-download-inputs/data-files/AF-P42763-F1-model_v6.pdb
DeepTMHMM_class: GLOB
Structure source: EBI-selected-UniProt

Attempting prediction for AT1G76260
Done with ΔG prediction for: AT1G76260
Structure used: 0-download-inputs/data-files/AF-Q6NPN9-F1-model_v6.pdb
DeepTMHMM_class: GLOB
Structure source: EBI-selected-UniProt

Attempting prediction for AT1G76420
Done with ΔG prediction for: AT1G76420
Structure used: 0-download-inputs/data-files/AF-Q9S851-F1-model_v6.pdb
DeepTMHMM_class: GLOB
Structure source: EBI-selected-UniProt

Attempting prediction for AT1G76540
Done with ΔG prediction for: AT1G76540
Structure used: 0-download-inputs/data-files/AF-Q8LF80-F1-model_v6.pdb
DeepTMHMM_class: GLOB
Structure source: EBI-selected-UniProt

Attempting prediction for AT1G76850
Done with ΔG prediction for: AT1G76850
Structure used: 0-download-inputs/data-files/AF-Q8S3U9-F1-model_v6.pdb
DeepTMHMM_class: GLOB
Structure source: EBI-selected-UniProt

Attempting prediction for AT1G77000
Done with ΔG prediction for: AT1G77000
Structure used: 0-download-inputs/data-files/AF-O49286-F1-model_v6.pdb
DeepTMHMM_class: GLOB
Structure source: EBI-selected-UniProt

Attempting prediction for AT1G77080
Prediction skipped for AT1G77080:
has_verified_seq       = True
DeepTMHMM_class         = GLOB
final_structure_path    = nan
final_structure_source  = None

Attempting prediction for AT1G77140
Done with ΔG prediction for: AT1G77140
Structure used: 0-download-inputs/data-files/AF-O49048-F1-model_v6.pdb
DeepTMHMM_class: GLOB
Structure source: EBI-selected-UniProt

Attempting prediction for AT1G77180
Done with ΔG prediction for: AT1G77180
Structure used: 0-download-inputs/data-files/AF-O80653-F1-model_v6.pdb
DeepTMHMM_class: GLOB
Structure source: EBI-selected-UniProt

Attempting prediction for AT1G77210
Prediction skipped for AT1G77210:
has_verified_seq       = True
DeepTMHMM_class         = TM
final_structure_path    = 0-download-inputs/data-files/AF-Q8GW61-F1-model_v6.pdb
final_structure_source  = EBI-selected-UniProt

Attempting prediction for AT1G77300
Prediction skipped for AT1G77300:
has_verified_seq       = True
DeepTMHMM_class         = GLOB
final_structure_path    = nan
final_structure_source  = None

Attempting prediction for AT1G77440
Done with ΔG prediction for: AT1G77440
Structure used: 0-download-inputs/data-files/AF-O81153-F1-model_v6.pdb
DeepTMHMM_class: GLOB
Structure source: EBI-selected-UniProt

Attempting prediction for AT1G77470
Done with ΔG prediction for: AT1G77470
Structure used: 0-download-inputs/data-files/AF-Q9CAQ8-F1-model_v6.pdb
DeepTMHMM_class: GLOB
Structure source: EBI-selected-UniProt

Attempting prediction for AT1G77760
Done with ΔG prediction for: AT1G77760
Structure used: 0-download-inputs/data-files/AF-P11832-F1-model_v6.pdb
DeepTMHMM_class: GLOB
Structure source: EBI-selected-UniProt

Attempting prediction for AT1G78000
Prediction skipped for AT1G78000:
has_verified_seq       = True
DeepTMHMM_class         = TM
final_structure_path    = 0-download-inputs/data-files/AF-Q9MAX3-F1-model_v6.pdb
final_structure_source  = EBI-selected-UniProt

Attempting prediction for AT1G78290
Done with ΔG prediction for: AT1G78290
Structure used: 0-download-inputs/data-files/AF-Q9M9E9-F1-model_v6.pdb
DeepTMHMM_class: GLOB
Structure source: EBI-selected-UniProt

Attempting prediction for AT1G78300
Prediction skipped for AT1G78300:
has_verified_seq       = True
DeepTMHMM_class         = GLOB
final_structure_path    = nan
final_structure_source  = None

Attempting prediction for AT1G78310
Done with ΔG prediction for: AT1G78310
Structure used: 0-download-inputs/data-files/AF-Q9M9F0-F1-model_v6.pdb
DeepTMHMM_class: GLOB
Structure source: EBI-selected-UniProt

Attempting prediction for AT1G78340
Done with ΔG prediction for: AT1G78340
Structure used: 0-download-inputs/data-files/AF-Q8GYM1-F1-model_v6.pdb
DeepTMHMM_class: GLOB
Structure source: EBI-selected-UniProt

Attempting prediction for AT1G78370
Done with ΔG prediction for: AT1G78370
Structure used: 0-download-inputs/data-files/AF-Q8L7C9-F1-model_v6.pdb
DeepTMHMM_class: GLOB
Structure source: EBI-selected-UniProt

Attempting prediction for AT1G78380
Done with ΔG prediction for: AT1G78380
Structure used: 0-download-inputs/data-files/AF-Q9ZRW8-F1-model_v6.pdb
DeepTMHMM_class: GLOB
Structure source: EBI-selected-UniProt

Attempting prediction for AT1G78510
Done with ΔG prediction for: AT1G78510
Structure used: 0-download-inputs/data-files/AF-Q8S948-F1-model_v6.pdb
DeepTMHMM_class: GLOB
Structure source: EBI-selected-UniProt

Attempting prediction for AT1G78570
Done with ΔG prediction for: AT1G78570
Structure used: 0-download-inputs/data-files/AF-Q9SYM5-F1-model_v6.pdb
DeepTMHMM_class: GLOB
Structure source: EBI-selected-UniProt

Attempting prediction for AT1G78630
Done with ΔG prediction for: AT1G78630
Structure used: 0-download-inputs/data-files/AF-Q9SYL9-F1-model_v6.pdb
DeepTMHMM_class: GLOB
Structure source: EBI-selected-UniProt

Attempting prediction for AT1G78860
Done with ΔG prediction for: AT1G78860
Structure used: 0-download-inputs/data-files/AF-Q9ZVA5-F1-model_v6-cleaved.pdb
DeepTMHMM_class: SP
Structure source: EBI-selected-UniProt-cleaved

Attempting prediction for AT1G78920
Prediction skipped for AT1G78920:
has_verified_seq       = True
DeepTMHMM_class         = TM
final_structure_path    = 0-download-inputs/data-files/AF-Q56ZN6-F1-model_v6.pdb
final_structure_source  = EBI-selected-UniProt

Attempting prediction for AT1G78970
Done with ΔG prediction for: AT1G78970
Structure used: 0-download-inputs/data-files/AF-Q9C5M3-F1-model_v6.pdb
DeepTMHMM_class: GLOB
Structure source: EBI-selected-UniProt

Attempting prediction for AT1G79000
Prediction skipped for AT1G79000:
has_verified_seq       = True
DeepTMHMM_class         = GLOB
final_structure_path    = nan
final_structure_source  = None

Attempting prediction for AT1G79010
Done with ΔG prediction for: AT1G79010
Structure used: 0-download-inputs/data-files/AF-Q42599-F1-model_v6.pdb
DeepTMHMM_class: GLOB
Structure source: EBI-selected-UniProt

Attempting prediction for AT1G79020
Prediction skipped for AT1G79020:
has_verified_seq       = True
DeepTMHMM_class         = GLOB
final_structure_path    = nan
final_structure_source  = None

Attempting prediction for AT1G79040
Prediction skipped for AT1G79040:
has_verified_seq       = True
DeepTMHMM_class         = TM
final_structure_path    = 0-download-inputs/data-files/AF-P27202-F1-model_v6.pdb
final_structure_source  = EBI-selected-UniProt

Attempting prediction for AT1G79280
Done with ΔG prediction for: AT1G79280
Structure used: 0-download-inputs/data-files/AF-A4GSN8-F1-model_v6.pdb
DeepTMHMM_class: GLOB
Structure source: EBI-selected-UniProt

Attempting prediction for AT1G79380
Done with ΔG prediction for: AT1G79380
Structure used: 0-download-inputs/data-files/AF-Q9SAL0-F1-model_v6.pdb
DeepTMHMM_class: GLOB
Structure source: EBI-selected-UniProt

Attempting prediction for AT1G79530
Done with ΔG prediction for: AT1G79530
Structure used: 0-download-inputs/data-files/AF-Q9SAJ6-F1-model_v6.pdb
DeepTMHMM_class: GLOB
Structure source: EBI-selected-UniProt

Attempting prediction for AT1G79550
Done with ΔG prediction for: AT1G79550
Structure used: 0-download-inputs/data-files/AF-Q9SAJ4-F1-model_v6.pdb
DeepTMHMM_class: GLOB
Structure source: EBI-selected-UniProt

Attempting prediction for AT1G79570
Done with ΔG prediction for: AT1G79570
Structure used: 0-download-inputs/data-files/AF-Q9SAJ2-F1-model_v6.pdb
DeepTMHMM_class: GLOB
Structure source: EBI-selected-UniProt

Attempting prediction for AT1G79610
Prediction skipped for AT1G79610:
has_verified_seq       = True
DeepTMHMM_class         = TM
final_structure_path    = 0-download-inputs/data-files/AF-Q8RWU6-F1-model_v6.pdb
final_structure_source  = EBI-selected-UniProt

Attempting prediction for AT1G79650
Prediction skipped for AT1G79650:
has_verified_seq       = True
DeepTMHMM_class         = GLOB
final_structure_path    = nan
final_structure_source  = None

Attempting prediction for AT1G79690
Done with ΔG prediction for: AT1G79690
Structure used: 0-download-inputs/data-files/AF-Q8L831-F1-model_v6.pdb
DeepTMHMM_class: GLOB
Structure source: EBI-selected-UniProt

Attempting prediction for AT1G79730
Done with ΔG prediction for: AT1G79730
Structure used: 0-download-inputs/data-files/AF-F4HQA1-F1-model_v6.pdb
DeepTMHMM_class: GLOB
Structure source: EBI-selected-UniProt

Attempting prediction for AT1G79750
Done with ΔG prediction for: AT1G79750
Structure used: 0-download-inputs/data-files/AF-Q9CA83-F1-model_v6.pdb
DeepTMHMM_class: GLOB
Structure source: EBI-selected-UniProt

Attempting prediction for AT1G79830
Prediction skipped for AT1G79830:
has_verified_seq       = True
DeepTMHMM_class         = GLOB
final_structure_path    = nan
final_structure_source  = None

Attempting prediction for AT1G79850
Done with ΔG prediction for: AT1G79850
Structure used: 0-download-inputs/data-files/AF-P16180-F1-model_v6.pdb
DeepTMHMM_class: GLOB
Structure source: EBI-selected-UniProt

Attempting prediction for AT1G79930
Done with ΔG prediction for: AT1G79930
Structure used: 0-download-inputs/data-files/AF-Q9S7C0-F1-model_v6.pdb
DeepTMHMM_class: GLOB
Structure source: EBI-selected-UniProt

Attempting prediction for AT1G79940
Prediction skipped for AT1G79940:
has_verified_seq       = True
DeepTMHMM_class         = TM
final_structure_path    = 0-download-inputs/data-files/AF-Q0WT48-F1-model_v6.pdb
final_structure_source  = EBI-selected-UniProt

Attempting prediction for AT1G80030
Prediction skipped for AT1G80030:
has_verified_seq       = True
DeepTMHMM_class         = GLOB
final_structure_path    = nan
final_structure_source  = None

Attempting prediction for AT1G80210
Prediction skipped for AT1G80210:
has_verified_seq       = True
DeepTMHMM_class         = GLOB
final_structure_path    = nan
final_structure_source  = None

Attempting prediction for AT1G80270
Done with ΔG prediction for: AT1G80270
Structure used: 0-download-inputs/data-files/AF-Q9C977-F1-model_v6.pdb
DeepTMHMM_class: GLOB
Structure source: EBI-selected-UniProt

Attempting prediction for AT1G80350
Done with ΔG prediction for: AT1G80350
Structure used: 0-download-inputs/data-files/AF-Q9SEX2-F1-model_v6.pdb
DeepTMHMM_class: GLOB
Structure source: EBI-selected-UniProt

Attempting prediction for AT1G80410
Done with ΔG prediction for: AT1G80410
Structure used: 0-download-inputs/data-files/AF-Q8VZM1-F1-model_v6.pdb
DeepTMHMM_class: GLOB
Structure source: EBI-selected-UniProt

Attempting prediction for AT1G80440
Done with ΔG prediction for: AT1G80440
Structure used: 0-download-inputs/data-files/AF-Q9M8L2-F1-model_v6.pdb
DeepTMHMM_class: GLOB
Structure source: EBI-selected-UniProt

Attempting prediction for AT1G80490
Prediction skipped for AT1G80490:
has_verified_seq       = True
DeepTMHMM_class         = GLOB
final_structure_path    = nan
final_structure_source  = None

Attempting prediction for AT1G80560
Done with ΔG prediction for: AT1G80560
Structure used: 0-download-inputs/data-files/AF-P93832-F1-model_v6.pdb
DeepTMHMM_class: GLOB
Structure source: EBI-selected-UniProt

Attempting prediction for AT1G80670
Done with ΔG prediction for: AT1G80670
Structure used: 0-download-inputs/data-files/AF-Q38942-F1-model_v6.pdb
DeepTMHMM_class: GLOB
Structure source: EBI-selected-UniProt

Attempting prediction for AT1G80720
Prediction skipped for AT1G80720:
has_verified_seq       = True
DeepTMHMM_class         = GLOB
final_structure_path    = nan
final_structure_source  = None

Attempting prediction for AT1G80840
Done with ΔG prediction for: AT1G80840
Structure used: 0-download-inputs/data-files/AF-Q9SAH7-F1-model_v6.pdb
DeepTMHMM_class: GLOB
Structure source: EBI-selected-UniProt

Attempting prediction for AT2G01050
Done with ΔG prediction for: AT2G01050
Structure used: 0-download-inputs/data-files/AF-Q9SJW1-F1-model_v6.pdb
DeepTMHMM_class: GLOB
Structure source: EBI-selected-UniProt

Attempting prediction for AT2G01140
Done with ΔG prediction for: AT2G01140
Structure used: 0-download-inputs/data-files/AF-Q9ZU52-F1-model_v6.pdb
DeepTMHMM_class: GLOB
Structure source: EBI-selected-UniProt

Attempting prediction for AT2G01180
Prediction skipped for AT2G01180:
has_verified_seq       = True
DeepTMHMM_class         = TM
final_structure_path    = nan
final_structure_source  = None

Attempting prediction for AT2G01210
Prediction skipped for AT2G01210:
has_verified_seq       = True
DeepTMHMM_class         = SP+TM
final_structure_path    = 0-download-inputs/data-files/AF-Q9ZU46-F1-model_v6-cleaved.pdb
final_structure_source  = EBI-selected-UniProt-cleaved

Attempting prediction for AT2G01250
Done with ΔG prediction for: AT2G01250
Structure used: 0-download-inputs/data-files/AF-P60040-F1-model_v6.pdb
DeepTMHMM_class: GLOB
Structure source: EBI-selected-UniProt

Attempting prediction for AT2G01290
Done with ΔG prediction for: AT2G01290
Structure used: 0-download-inputs/data-files/AF-Q9ZU38-F1-model_v6.pdb
DeepTMHMM_class: GLOB
Structure source: EBI-selected-UniProt

Attempting prediction for AT2G01350
Done with ΔG prediction for: AT2G01350
Structure used: 0-download-inputs/data-files/AF-Q9ZU32-F1-model_v6.pdb
DeepTMHMM_class: GLOB
Structure source: EBI-selected-UniProt

Attempting prediction for AT2G01420
Prediction skipped for AT2G01420:
has_verified_seq       = True
DeepTMHMM_class         = TM
final_structure_path    = nan
final_structure_source  = None

Attempting prediction for AT2G01430
Done with ΔG prediction for: AT2G01430
Structure used: 0-download-inputs/data-files/AF-Q8S9N6-F1-model_v6.pdb
DeepTMHMM_class: GLOB
Structure source: EBI-selected-UniProt

Attempting prediction for AT2G01530
Done with ΔG prediction for: AT2G01530
Structure used: 0-download-inputs/data-files/AF-Q9ZVF2-F1-model_v6.pdb
DeepTMHMM_class: GLOB
Structure source: EBI-selected-UniProt

Attempting prediction for AT2G01570
Done with ΔG prediction for: AT2G01570
Structure used: 0-download-inputs/data-files/AF-Q9SLH3-F1-model_v6.pdb
DeepTMHMM_class: GLOB
Structure source: EBI-selected-UniProt

Attempting prediction for AT2G01710
Done with ΔG prediction for: AT2G01710
Structure used: 0-download-inputs/data-files/AF-A0A1P8B2U5-F1-model_v6.pdb
DeepTMHMM_class: GLOB
Structure source: EBI-selected-UniProt

Attempting prediction for AT2G01730
Done with ΔG prediction for: AT2G01730
Structure used: 0-download-inputs/data-files/AF-Q8GUU3-F1-model_v6.pdb
DeepTMHMM_class: GLOB
Structure source: EBI-selected-UniProt

Attempting prediction for AT2G01770
Prediction skipped for AT2G01770:
has_verified_seq       = True
DeepTMHMM_class         = TM
final_structure_path    = 0-download-inputs/data-files/AF-Q9ZUA5-F1-model_v6.pdb
final_structure_source  = EBI-selected-UniProt

Attempting prediction for AT2G01830
Prediction skipped for AT2G01830:
has_verified_seq       = True
DeepTMHMM_class         = TM
final_structure_path    = 0-download-inputs/data-files/AF-Q9C5U0-F1-model_v6.pdb
final_structure_source  = EBI-selected-UniProt

Attempting prediction for AT2G01950
Prediction skipped for AT2G01950:
has_verified_seq       = True
DeepTMHMM_class         = SP+TM
final_structure_path    = 0-download-inputs/data-files/AF-Q9ZPS9-F1-model_v6.pdb
final_structure_source  = EBI-selected-UniProt

Attempting prediction for AT2G02090
Done with ΔG prediction for: AT2G02090
Structure used: 0-download-inputs/data-files/AF-Q9ZUL5-F1-model_v6.pdb
DeepTMHMM_class: GLOB
Structure source: EBI-selected-UniProt

Attempting prediction for AT2G02170
Done with ΔG prediction for: AT2G02170
Structure used: 0-download-inputs/data-files/AF-Q9ZUM1-F1-model_v6.pdb
DeepTMHMM_class: GLOB
Structure source: EBI-selected-UniProt

Attempting prediction for AT2G02470
Done with ΔG prediction for: AT2G02470
Structure used: 0-download-inputs/data-files/AF-Q8S8M9-F1-model_v6.pdb
DeepTMHMM_class: GLOB
Structure source: EBI-selected-UniProt

Attempting prediction for AT2G02480
Done with ΔG prediction for: AT2G02480
Structure used: 0-download-inputs/data-files/AF-O64728-F1-model_v6.pdb
DeepTMHMM_class: GLOB
Structure source: EBI-selected-UniProt

Attempting prediction for AT2G02560
Done with ΔG prediction for: AT2G02560
Structure used: 0-download-inputs/data-files/AF-Q8L5Y6-F1-model_v6.pdb
DeepTMHMM_class: GLOB
Structure source: EBI-selected-UniProt

Attempting prediction for AT2G02950
Done with ΔG prediction for: AT2G02950
Structure used: 0-download-inputs/data-files/AF-Q9SWI1-F1-model_v6.pdb
DeepTMHMM_class: GLOB
Structure source: EBI-selected-UniProt

Attempting prediction for AT2G03070
Done with ΔG prediction for: AT2G03070
Structure used: 0-download-inputs/data-files/AF-Q4V3C1-F1-model_v6.pdb
DeepTMHMM_class: GLOB
Structure source: EBI-selected-UniProt

Attempting prediction for AT2G03120
Prediction skipped for AT2G03120:
has_verified_seq       = True
DeepTMHMM_class         = TM
final_structure_path    = nan
final_structure_source  = None

Attempting prediction for AT2G03150
Done with ΔG prediction for: AT2G03150
Structure used: 0-download-inputs/data-files/AF-F4IS91-F1-model_v6.pdb
DeepTMHMM_class: GLOB
Structure source: EBI-selected-UniProt

Attempting prediction for AT2G03220
Prediction skipped for AT2G03220:
has_verified_seq       = True
DeepTMHMM_class         = TM
final_structure_path    = 0-download-inputs/data-files/AF-Q9SWH5-F1-model_v6.pdb
final_structure_source  = EBI-selected-UniProt

Attempting prediction for AT2G03340
Done with ΔG prediction for: AT2G03340
Structure used: 0-download-inputs/data-files/AF-Q9ZQ70-F1-model_v6.pdb
DeepTMHMM_class: GLOB
Structure source: EBI-selected-UniProt

Attempting prediction for AT2G03440
Done with ΔG prediction for: AT2G03440
Structure used: 0-download-inputs/data-files/AF-Q9ZQ80-F1-model_v6.pdb
DeepTMHMM_class: GLOB
Structure source: EBI-selected-UniProt

Attempting prediction for AT2G03640
Prediction skipped for AT2G03640:
has_verified_seq       = True
DeepTMHMM_class         = GLOB
final_structure_path    = nan
final_structure_source  = None

Attempting prediction for AT2G03680
Done with ΔG prediction for: AT2G03680
Structure used: 0-download-inputs/data-files/AF-Q9SJW3-F1-model_v6.pdb
DeepTMHMM_class: GLOB
Structure source: EBI-selected-UniProt

Attempting prediction for AT2G03760
Done with ΔG prediction for: AT2G03760
Structure used: 0-download-inputs/data-files/AF-P52839-F1-model_v6.pdb
DeepTMHMM_class: GLOB
Structure source: EBI-selected-UniProt

Attempting prediction for AT2G03780
Prediction skipped for AT2G03780:
has_verified_seq       = True
DeepTMHMM_class         = GLOB
final_structure_path    = nan
final_structure_source  = None

Attempting prediction for AT2G03870
Prediction skipped for AT2G03870:
has_verified_seq       = True
DeepTMHMM_class         = GLOB
final_structure_path    = nan
final_structure_source  = None

Attempting prediction for AT2G03890
Done with ΔG prediction for: AT2G03890
Structure used: 0-download-inputs/data-files/AF-Q9SI52-F1-model_v6.pdb
DeepTMHMM_class: GLOB
Structure source: EBI-selected-UniProt

Attempting prediction for AT2G04030
Done with ΔG prediction for: AT2G04030
Structure used: 0-download-inputs/data-files/AF-Q9SIF2-F1-model_v6.pdb
DeepTMHMM_class: GLOB
Structure source: EBI-selected-UniProt

Attempting prediction for AT2G04390
Done with ΔG prediction for: AT2G04390
Structure used: 0-download-inputs/data-files/AF-P49205-F1-model_v6.pdb
DeepTMHMM_class: GLOB
Structure source: EBI-selected-UniProt

Attempting prediction for AT2G04520
Done with ΔG prediction for: AT2G04520
Structure used: 0-download-inputs/data-files/AF-Q9SJB9-F1-model_v6.pdb
DeepTMHMM_class: GLOB
Structure source: EBI-selected-UniProt

Attempting prediction for AT2G04550
Prediction skipped for AT2G04550:
has_verified_seq       = True
DeepTMHMM_class         = GLOB
final_structure_path    = nan
final_structure_source  = None

Attempting prediction for AT2G04630
Done with ΔG prediction for: AT2G04630
Structure used: 0-download-inputs/data-files/AF-Q9SJ96-F1-model_v6.pdb
DeepTMHMM_class: GLOB
Structure source: EBI-selected-UniProt

Attempting prediction for AT2G04660
Done with ΔG prediction for: AT2G04660
Structure used: 0-download-inputs/data-files/AF-Q8H1U5-F1-model_v6.pdb
DeepTMHMM_class: GLOB
Structure source: EBI-selected-UniProt

Attempting prediction for AT2G04790
Prediction skipped for AT2G04790:
has_verified_seq       = True
DeepTMHMM_class         = GLOB
final_structure_path    = nan
final_structure_source  = None

Attempting prediction for AT2G05070
Prediction skipped for AT2G05070:
has_verified_seq       = True
DeepTMHMM_class         = TM
final_structure_path    = 0-download-inputs/data-files/AF-Q9S7J7-F1-model_v6.pdb
final_structure_source  = EBI-selected-UniProt

Attempting prediction for AT2G05100
Prediction skipped for AT2G05100:
has_verified_seq       = True
DeepTMHMM_class         = TM
final_structure_path    = nan
final_structure_source  = None

Attempting prediction for AT2G05170
Done with ΔG prediction for: AT2G05170
Structure used: 0-download-inputs/data-files/AF-Q9SJ40-F1-model_v6.pdb
DeepTMHMM_class: GLOB
Structure source: EBI-selected-UniProt

Attempting prediction for AT2G05210
Done with ΔG prediction for: AT2G05210
Structure used: 0-download-inputs/data-files/AF-Q56Y52-F1-model_v6.pdb
DeepTMHMM_class: GLOB
Structure source: EBI-selected-UniProt

Attempting prediction for AT2G05220
Done with ΔG prediction for: AT2G05220
Structure used: 0-download-inputs/data-files/AF-Q9SJ36-F1-model_v6.pdb
DeepTMHMM_class: GLOB
Structure source: EBI-selected-UniProt

Attempting prediction for AT2G05310
Prediction skipped for AT2G05310:
has_verified_seq       = True
DeepTMHMM_class         = TM
final_structure_path    = 0-download-inputs/data-files/AF-Q9SJ31-F1-model_v6.pdb
final_structure_source  = EBI-selected-UniProt

Attempting prediction for AT2G05520
Done with ΔG prediction for: AT2G05520
Structure used: 0-download-inputs/data-files/AF-Q9SL15-F1-model_v6-cleaved.pdb
DeepTMHMM_class: SP
Structure source: EBI-selected-UniProt-cleaved

Attempting prediction for AT2G05620
Done with ΔG prediction for: AT2G05620
Structure used: 0-download-inputs/data-files/AF-Q9SL05-F1-model_v6.pdb
DeepTMHMM_class: GLOB
Structure source: EBI-selected-UniProt

Attempting prediction for AT2G05710
Done with ΔG prediction for: AT2G05710
Structure used: 0-download-inputs/data-files/AF-Q9SIB9-F1-model_v6.pdb
DeepTMHMM_class: GLOB
Structure source: EBI-selected-UniProt

Attempting prediction for AT2G05840
Done with ΔG prediction for: AT2G05840
Structure used: 0-download-inputs/data-files/AF-O81147-F1-model_v6.pdb
DeepTMHMM_class: GLOB
Structure source: EBI-selected-UniProt

Attempting prediction for AT2G05900
Done with ΔG prediction for: AT2G05900
Structure used: 0-download-inputs/data-files/AF-Q3EC60-F1-model_v6.pdb
DeepTMHMM_class: GLOB
Structure source: EBI-selected-UniProt

Attempting prediction for AT2G05940
Done with ΔG prediction for: AT2G05940
Structure used: 0-download-inputs/data-files/AF-Q9ZUF4-F1-model_v6.pdb
DeepTMHMM_class: GLOB
Structure source: EBI-selected-UniProt

Attempting prediction for AT2G06160
Prediction skipped for AT2G06160:
has_verified_seq       = False
DeepTMHMM_class         = nan
final_structure_path    = nan
final_structure_source  = None

Attempting prediction for AT2G06510
Done with ΔG prediction for: AT2G06510
Structure used: 0-download-inputs/data-files/AF-Q9SKI4-F1-model_v6.pdb
DeepTMHMM_class: GLOB
Structure source: EBI-selected-UniProt

Attempting prediction for AT2G06530
Done with ΔG prediction for: AT2G06530
Structure used: 0-download-inputs/data-files/AF-Q9SKI2-F1-model_v6.pdb
DeepTMHMM_class: GLOB
Structure source: EBI-selected-UniProt

Attempting prediction for AT2G06850
Done with ΔG prediction for: AT2G06850
Structure used: 0-download-inputs/data-files/AF-Q39099-F1-model_v6-cleaved.pdb
DeepTMHMM_class: SP
Structure source: EBI-selected-UniProt-cleaved

Attempting prediction for AT2G07340
Prediction skipped for AT2G07340:
has_verified_seq       = True
DeepTMHMM_class         = GLOB
final_structure_path    = nan
final_structure_source  = None

Attempting prediction for AT2G07690
Done with ΔG prediction for: AT2G07690
Structure used: 0-download-inputs/data-files/AF-O80786-F1-model_v6.pdb
DeepTMHMM_class: GLOB
Structure source: EBI-selected-UniProt

Attempting prediction for AT2G07698
Prediction skipped for AT2G07698:
has_verified_seq       = False
DeepTMHMM_class         = nan
final_structure_path    = nan
final_structure_source  = None

Attempting prediction for AT2G09990
Done with ΔG prediction for: AT2G09990
Structure used: 0-download-inputs/data-files/AF-Q9SK22-F1-model_v6.pdb
DeepTMHMM_class: GLOB
Structure source: EBI-selected-UniProt

Attempting prediction for AT2G10940
Done with ΔG prediction for: AT2G10940
Structure used: 0-download-inputs/data-files/AF-Q9SKI0-F1-model_v6-cleaved.pdb
DeepTMHMM_class: SP
Structure source: EBI-selected-UniProt-cleaved

Attempting prediction for AT2G13360
Done with ΔG prediction for: AT2G13360
Structure used: 0-download-inputs/data-files/AF-Q56YA5-F1-model_v6.pdb
DeepTMHMM_class: GLOB
Structure source: EBI-selected-UniProt

Attempting prediction for AT2G13370
Done with ΔG prediction for: AT2G13370
Structure used: 0-download-inputs/data-files/AF-F4IV99-F1-model_v6.pdb
DeepTMHMM_class: GLOB
Structure source: EBI-selected-UniProt

Attempting prediction for AT2G13540
Done with ΔG prediction for: AT2G13540
Structure used: 0-download-inputs/data-files/AF-Q9SIU2-F1-model_v6.pdb
DeepTMHMM_class: GLOB
Structure source: EBI-selected-UniProt

Attempting prediction for AT2G13560
Done with ΔG prediction for: AT2G13560
Structure used: 0-download-inputs/data-files/AF-Q9SIU0-F1-model_v6.pdb
DeepTMHMM_class: GLOB
Structure source: EBI-selected-UniProt

Attempting prediction for AT2G14120
Prediction skipped for AT2G14120:
has_verified_seq       = True
DeepTMHMM_class         = GLOB
final_structure_path    = nan
final_structure_source  = None

Attempting prediction for AT2G14510
Prediction skipped for AT2G14510:
has_verified_seq       = True
DeepTMHMM_class         = SP+TM
final_structure_path    = nan
final_structure_source  = None

Attempting prediction for AT2G14830
Done with ΔG prediction for: AT2G14830
Structure used: 0-download-inputs/data-files/AF-F4IHD7-F1-model_v6.pdb
DeepTMHMM_class: GLOB
Structure source: EBI-selected-UniProt

Attempting prediction for AT2G14835
Prediction skipped for AT2G14835:
has_verified_seq       = True
DeepTMHMM_class         = TM
final_structure_path    = nan
final_structure_source  = None

Attempting prediction for AT2G15400
Done with ΔG prediction for: AT2G15400
Structure used: 0-download-inputs/data-files/AF-Q39212-F1-model_v6.pdb
DeepTMHMM_class: GLOB
Structure source: EBI-selected-UniProt

Attempting prediction for AT2G15430
Done with ΔG prediction for: AT2G15430
Structure used: 0-download-inputs/data-files/AF-Q39211-F1-model_v6.pdb
DeepTMHMM_class: GLOB
Structure source: EBI-selected-UniProt

Attempting prediction for AT2G15620
Done with ΔG prediction for: AT2G15620
Structure used: 0-download-inputs/data-files/AF-Q39161-F1-model_v6.pdb
DeepTMHMM_class: GLOB
Structure source: EBI-selected-UniProt

Attempting prediction for AT2G16280
Prediction skipped for AT2G16280:
has_verified_seq       = True
DeepTMHMM_class         = TM
final_structure_path    = 0-download-inputs/data-files/AF-Q9SIX1-F1-model_v6.pdb
final_structure_source  = EBI-selected-UniProt

Attempting prediction for AT2G16365
Done with ΔG prediction for: AT2G16365
Structure used: 0-download-inputs/data-files/AF-Q84V03-F1-model_v6.pdb
DeepTMHMM_class: GLOB
Structure source: EBI-selected-UniProt

Attempting prediction for AT2G16370
Done with ΔG prediction for: AT2G16370
Structure used: 0-download-inputs/data-files/AF-Q05762-F1-model_v6.pdb
DeepTMHMM_class: GLOB
Structure source: EBI-selected-UniProt

Attempting prediction for AT2G16440
Done with ΔG prediction for: AT2G16440
Structure used: 0-download-inputs/data-files/AF-Q0WVF5-F1-model_v6.pdb
DeepTMHMM_class: GLOB
Structure source: EBI-selected-UniProt

Attempting prediction for AT2G16600
Done with ΔG prediction for: AT2G16600
Structure used: 0-download-inputs/data-files/AF-Q38900-F1-model_v6.pdb
DeepTMHMM_class: GLOB
Structure source: EBI-selected-UniProt

Attempting prediction for AT2G16640
Done with ΔG prediction for: AT2G16640
Structure used: 0-download-inputs/data-files/AF-Q9SLF3-F1-model_v6.pdb
DeepTMHMM_class: GLOB
Structure source: EBI-selected-UniProt

Attempting prediction for AT2G16760
Done with ΔG prediction for: AT2G16760
Structure used: 0-download-inputs/data-files/AF-Q9SLE2-F1-model_v6.pdb
DeepTMHMM_class: SP
Structure source: EBI-selected-UniProt

Attempting prediction for AT2G16850
Prediction skipped for AT2G16850:
has_verified_seq       = True
DeepTMHMM_class         = TM
final_structure_path    = nan
final_structure_source  = None

Attempting prediction for AT2G16870
Done with ΔG prediction for: AT2G16870
Structure used: 0-download-inputs/data-files/AF-Q9ZVX6-F1-model_v6.pdb
DeepTMHMM_class: GLOB
Structure source: EBI-selected-UniProt

Attempting prediction for AT2G16900
Done with ΔG prediction for: AT2G16900
Structure used: 0-download-inputs/data-files/AF-Q9ZVX3-F1-model_v6.pdb
DeepTMHMM_class: GLOB
Structure source: EBI-selected-UniProt

Attempting prediction for AT2G16930
Prediction skipped for AT2G16930:
has_verified_seq       = True
DeepTMHMM_class         = GLOB
final_structure_path    = nan
final_structure_source  = None

Attempting prediction for AT2G16940
Prediction skipped for AT2G16940:
has_verified_seq       = True
DeepTMHMM_class         = GLOB
final_structure_path    = nan
final_structure_source  = None

Attempting prediction for AT2G17150
Done with ΔG prediction for: AT2G17150
Structure used: 0-download-inputs/data-files/AF-Q8H111-F1-model_v6.pdb
DeepTMHMM_class: GLOB
Structure source: EBI-selected-UniProt

Attempting prediction for AT2G17190
Done with ΔG prediction for: AT2G17190
Structure used: 0-download-inputs/data-files/AF-Q9SII9-F1-model_v6.pdb
DeepTMHMM_class: GLOB
Structure source: EBI-selected-UniProt

Attempting prediction for AT2G17200
Done with ΔG prediction for: AT2G17200
Structure used: 0-download-inputs/data-files/AF-Q9SII8-F1-model_v6.pdb
DeepTMHMM_class: GLOB
Structure source: EBI-selected-UniProt

Attempting prediction for AT2G17290
Done with ΔG prediction for: AT2G17290
Structure used: 0-download-inputs/data-files/AF-Q38872-F1-model_v6.pdb
DeepTMHMM_class: GLOB
Structure source: EBI-selected-UniProt

Attempting prediction for AT2G17350
Prediction skipped for AT2G17350:
has_verified_seq       = True
DeepTMHMM_class         = GLOB
final_structure_path    = nan
final_structure_source  = None

Attempting prediction for AT2G17390
Done with ΔG prediction for: AT2G17390
Structure used: 0-download-inputs/data-files/AF-Q29Q26-F1-model_v6.pdb
DeepTMHMM_class: GLOB
Structure source: EBI-selected-UniProt

Attempting prediction for AT2G17410
Done with ΔG prediction for: AT2G17410
Structure used: 0-download-inputs/data-files/AF-Q940Y3-F1-model_v6.pdb
DeepTMHMM_class: GLOB
Structure source: EBI-selected-UniProt

Attempting prediction for AT2G17520
Prediction skipped for AT2G17520:
has_verified_seq       = True
DeepTMHMM_class         = SP+TM
final_structure_path    = 0-download-inputs/data-files/AF-Q9C5S2-F1-model_v6-cleaved.pdb
final_structure_source  = EBI-selected-UniProt-cleaved

Attempting prediction for AT2G17560
Done with ΔG prediction for: AT2G17560
Structure used: 0-download-inputs/data-files/AF-Q42344-F1-model_v6.pdb
DeepTMHMM_class: GLOB
Structure source: EBI-selected-UniProt

Attempting prediction for AT2G17670
Done with ΔG prediction for: AT2G17670
Structure used: 0-download-inputs/data-files/AF-Q84J71-F1-model_v6.pdb
DeepTMHMM_class: GLOB
Structure source: EBI-selected-UniProt

Attempting prediction for AT2G17800
Prediction skipped for AT2G17800:
has_verified_seq       = True
DeepTMHMM_class         = GLOB
final_structure_path    = nan
final_structure_source  = None

Attempting prediction for AT2G17950
Done with ΔG prediction for: AT2G17950
Structure used: 0-download-inputs/data-files/AF-Q9SB92-F1-model_v6.pdb
DeepTMHMM_class: GLOB
Structure source: EBI-selected-UniProt

Attempting prediction for AT2G18000
Done with ΔG prediction for: AT2G18000
Structure used: 0-download-inputs/data-files/AF-F4IPK2-F1-model_v6.pdb
DeepTMHMM_class: GLOB
Structure source: EBI-selected-UniProt

Attempting prediction for AT2G18020
Done with ΔG prediction for: AT2G18020
Structure used: 0-download-inputs/data-files/AF-P46286-F1-model_v6.pdb
DeepTMHMM_class: GLOB
Structure source: EBI-selected-UniProt

Attempting prediction for AT2G18110
Prediction skipped for AT2G18110:
has_verified_seq       = True
DeepTMHMM_class         = GLOB
final_structure_path    = nan
final_structure_source  = None

Attempting prediction for AT2G18170
Done with ΔG prediction for: AT2G18170
Structure used: 0-download-inputs/data-files/AF-Q39027-F1-model_v6.pdb
DeepTMHMM_class: GLOB
Structure source: EBI-selected-UniProt

Attempting prediction for AT2G18290
Done with ΔG prediction for: AT2G18290
Structure used: 0-download-inputs/data-files/AF-Q9ZPW2-F1-model_v6.pdb
DeepTMHMM_class: GLOB
Structure source: EBI-selected-UniProt

Attempting prediction for AT2G18380
Done with ΔG prediction for: AT2G18380
Structure used: 0-download-inputs/data-files/AF-Q9ZPX0-F1-model_v6.pdb
DeepTMHMM_class: GLOB
Structure source: EBI-selected-UniProt

Attempting prediction for AT2G18450
Done with ΔG prediction for: AT2G18450
Structure used: 0-download-inputs/data-files/AF-Q9ZPX5-F1-model_v6.pdb
DeepTMHMM_class: GLOB
Structure source: EBI-selected-UniProt

Attempting prediction for AT2G18510
Done with ΔG prediction for: AT2G18510
Structure used: 0-download-inputs/data-files/AF-Q9ZU66-F1-model_v6.pdb
DeepTMHMM_class: GLOB
Structure source: EBI-selected-UniProt

Attempting prediction for AT2G18710
Prediction skipped for AT2G18710:
has_verified_seq       = True
DeepTMHMM_class         = TM
final_structure_path    = 0-download-inputs/data-files/AF-Q38885-F1-model_v6.pdb
final_structure_source  = EBI-selected-UniProt

Attempting prediction for AT2G18740
Done with ΔG prediction for: AT2G18740
Structure used: 0-download-inputs/data-files/AF-Q9ZV45-F1-model_v6.pdb
DeepTMHMM_class: GLOB
Structure source: EBI-selected-UniProt

Attempting prediction for AT2G18750
Done with ΔG prediction for: AT2G18750
Structure used: 0-download-inputs/data-files/AF-C0SV51-F1-model_v6.pdb
DeepTMHMM_class: GLOB
Structure source: EBI-selected-UniProt

Attempting prediction for AT2G18790
Done with ΔG prediction for: AT2G18790
Structure used: 0-download-inputs/data-files/AF-P14713-F1-model_v6.pdb
DeepTMHMM_class: GLOB
Structure source: EBI-selected-UniProt

Attempting prediction for AT2G18915
Done with ΔG prediction for: AT2G18915
Structure used: 0-download-inputs/data-files/AF-Q8W420-F1-model_v6.pdb
DeepTMHMM_class: GLOB
Structure source: EBI-selected-UniProt

Attempting prediction for AT2G18960
Prediction skipped for AT2G18960:
has_verified_seq       = True
DeepTMHMM_class         = TM
final_structure_path    = 0-download-inputs/data-files/AF-P20649-F1-model_v6.pdb
final_structure_source  = EBI-selected-UniProt

Attempting prediction for AT2G19190
Prediction skipped for AT2G19190:
has_verified_seq       = True
DeepTMHMM_class         = SP+TM
final_structure_path    = 0-download-inputs/data-files/AF-O64483-F1-model_v6-cleaved.pdb
final_structure_source  = EBI-selected-UniProt-cleaved

Attempting prediction for AT2G19430
Done with ΔG prediction for: AT2G19430
Structure used: 0-download-inputs/data-files/AF-Q8L4M1-F1-model_v6.pdb
DeepTMHMM_class: GLOB
Structure source: EBI-selected-UniProt

Attempting prediction for AT2G19480
Done with ΔG prediction for: AT2G19480
Structure used: 0-download-inputs/data-files/AF-Q9ZUP3-F1-model_v6.pdb
DeepTMHMM_class: GLOB
Structure source: EBI-selected-UniProt

Attempting prediction for AT2G19520
Done with ΔG prediction for: AT2G19520
Structure used: 0-download-inputs/data-files/AF-O22607-F1-model_v6.pdb
DeepTMHMM_class: GLOB
Structure source: EBI-selected-UniProt

Attempting prediction for AT2G19540
Done with ΔG prediction for: AT2G19540
Structure used: 0-download-inputs/data-files/AF-Q9ZUN8-F1-model_v6.pdb
DeepTMHMM_class: GLOB
Structure source: EBI-selected-UniProt

Attempting prediction for AT2G19730
Done with ΔG prediction for: AT2G19730
Structure used: 0-download-inputs/data-files/AF-O82204-F1-model_v6.pdb
DeepTMHMM_class: GLOB
Structure source: EBI-selected-UniProt

Attempting prediction for AT2G19900
Done with ΔG prediction for: AT2G19900
Structure used: 0-download-inputs/data-files/AF-O82191-F1-model_v6.pdb
DeepTMHMM_class: GLOB
Structure source: EBI-selected-UniProt

Attempting prediction for AT2G19940
Done with ΔG prediction for: AT2G19940
Structure used: 0-download-inputs/data-files/AF-Q93Z70-F1-model_v6.pdb
DeepTMHMM_class: GLOB
Structure source: EBI-selected-UniProt

Attempting prediction for AT2G20000
Done with ΔG prediction for: AT2G20000
Structure used: 0-download-inputs/data-files/AF-Q8LGU6-F1-model_v6.pdb
DeepTMHMM_class: GLOB
Structure source: EBI-selected-UniProt

Attempting prediction for AT2G20060
Prediction skipped for AT2G20060:
has_verified_seq       = True
DeepTMHMM_class         = GLOB
final_structure_path    = nan
final_structure_source  = None

Attempting prediction for AT2G20140
Done with ΔG prediction for: AT2G20140
Structure used: 0-download-inputs/data-files/AF-Q9SL67-F1-model_v6.pdb
DeepTMHMM_class: GLOB
Structure source: EBI-selected-UniProt

Attempting prediction for AT2G20180
Done with ΔG prediction for: AT2G20180
Structure used: 0-download-inputs/data-files/AF-Q8GZM7-F1-model_v6.pdb
DeepTMHMM_class: GLOB
Structure source: EBI-selected-UniProt

Attempting prediction for AT2G20190
Prediction skipped for AT2G20190:
has_verified_seq       = True
DeepTMHMM_class         = GLOB
final_structure_path    = nan
final_structure_source  = None

Attempting prediction for AT2G20260
Done with ΔG prediction for: AT2G20260
Structure used: 0-download-inputs/data-files/AF-Q9S714-F1-model_v6.pdb
DeepTMHMM_class: GLOB
Structure source: EBI-selected-UniProt

Attempting prediction for AT2G20370
Prediction skipped for AT2G20370:
has_verified_seq       = True
DeepTMHMM_class         = TM
final_structure_path    = 0-download-inputs/data-files/AF-Q7XJ98-F1-model_v6.pdb
final_structure_source  = EBI-selected-UniProt

Attempting prediction for AT2G20450
Prediction skipped for AT2G20450:
has_verified_seq       = True
DeepTMHMM_class         = GLOB
final_structure_path    = nan
final_structure_source  = None

Attempting prediction for AT2G20530
Prediction skipped for AT2G20530:
has_verified_seq       = True
DeepTMHMM_class         = TM
final_structure_path    = 0-download-inputs/data-files/AF-Q9SIL6-F1-model_v6.pdb
final_structure_source  = EBI-selected-UniProt

Attempting prediction for AT2G20580
Done with ΔG prediction for: AT2G20580
Structure used: 0-download-inputs/data-files/AF-Q9SIV2-F1-model_v6.pdb
DeepTMHMM_class: GLOB
Structure source: EBI-selected-UniProt

Attempting prediction for AT2G20630
Prediction skipped for AT2G20630:
has_verified_seq       = True
DeepTMHMM_class         = GLOB
final_structure_path    = nan
final_structure_source  = None

Attempting prediction for AT2G20760
Done with ΔG prediction for: AT2G20760
Structure used: 0-download-inputs/data-files/AF-Q9SKU1-F1-model_v6.pdb
DeepTMHMM_class: GLOB
Structure source: EBI-selected-UniProt

Attempting prediction for AT2G20780
Prediction skipped for AT2G20780:
has_verified_seq       = True
DeepTMHMM_class         = TM
final_structure_path    = 0-download-inputs/data-files/AF-Q0WUU6-F1-model_v6.pdb
final_structure_source  = EBI-selected-UniProt

Attempting prediction for AT2G20890
Done with ΔG prediction for: AT2G20890
Structure used: 0-download-inputs/data-files/AF-Q9SKT0-F1-model_v6.pdb
DeepTMHMM_class: GLOB
Structure source: EBI-selected-UniProt

Attempting prediction for AT2G20990
Prediction skipped for AT2G20990:
has_verified_seq       = True
DeepTMHMM_class         = TM
final_structure_path    = nan
final_structure_source  = None

Attempting prediction for AT2G21050
Prediction skipped for AT2G21050:
has_verified_seq       = True
DeepTMHMM_class         = TM
final_structure_path    = 0-download-inputs/data-files/AF-Q9S836-F1-model_v6.pdb
final_structure_source  = EBI-selected-UniProt

Attempting prediction for AT2G21060
Done with ΔG prediction for: AT2G21060
Structure used: 0-download-inputs/data-files/AF-Q38896-F1-model_v6.pdb
DeepTMHMM_class: GLOB
Structure source: EBI-selected-UniProt

Attempting prediction for AT2G21160
Prediction skipped for AT2G21160:
has_verified_seq       = True
DeepTMHMM_class         = SP+TM
final_structure_path    = 0-download-inputs/data-files/AF-P45434-F1-model_v6-cleaved.pdb
final_structure_source  = EBI-selected-UniProt-cleaved

Attempting prediction for AT2G21270
Prediction skipped for AT2G21270:
has_verified_seq       = True
DeepTMHMM_class         = GLOB
final_structure_path    = nan
final_structure_source  = None

Attempting prediction for AT2G21330
Done with ΔG prediction for: AT2G21330
Structure used: 0-download-inputs/data-files/AF-Q9SJU4-F1-model_v6.pdb
DeepTMHMM_class: GLOB
Structure source: EBI-selected-UniProt

Attempting prediction for AT2G21380
Done with ΔG prediction for: AT2G21380
Structure used: 0-download-inputs/data-files/AF-Q9SJU0-F1-model_v6.pdb
DeepTMHMM_class: GLOB
Structure source: EBI-selected-UniProt

Attempting prediction for AT2G21390
Done with ΔG prediction for: AT2G21390
Structure used: 0-download-inputs/data-files/AF-Q9SJT9-F1-model_v6.pdb
DeepTMHMM_class: GLOB
Structure source: EBI-selected-UniProt

Attempting prediction for AT2G21470
Done with ΔG prediction for: AT2G21470
Structure used: 0-download-inputs/data-files/AF-Q9SJT1-F1-model_v6.pdb
DeepTMHMM_class: GLOB
Structure source: EBI-selected-UniProt

Attempting prediction for AT2G21580
Done with ΔG prediction for: AT2G21580
Structure used: 0-download-inputs/data-files/AF-Q9SIK2-F1-model_v6.pdb
DeepTMHMM_class: GLOB
Structure source: EBI-selected-UniProt

Attempting prediction for AT2G21620
Prediction skipped for AT2G21620:
has_verified_seq       = True
DeepTMHMM_class         = GLOB
final_structure_path    = nan
final_structure_source  = None

Attempting prediction for AT2G21630
Done with ΔG prediction for: AT2G21630
Structure used: 0-download-inputs/data-files/AF-Q9SIJ7-F1-model_v6.pdb
DeepTMHMM_class: GLOB
Structure source: EBI-selected-UniProt

Attempting prediction for AT2G21660
Prediction skipped for AT2G21660:
has_verified_seq       = True
DeepTMHMM_class         = GLOB
final_structure_path    = nan
final_structure_source  = None

Attempting prediction for AT2G21870
Done with ΔG prediction for: AT2G21870
Structure used: 0-download-inputs/data-files/AF-Q9SJ12-F1-model_v6.pdb
DeepTMHMM_class: GLOB
Structure source: EBI-selected-UniProt

Attempting prediction for AT2G22125
Done with ΔG prediction for: AT2G22125
Structure used: 0-download-inputs/data-files/AF-F4IIM1-F1-model_v6.pdb
DeepTMHMM_class: GLOB
Structure source: EBI-selected-UniProt

Attempting prediction for AT2G22230
Done with ΔG prediction for: AT2G22230
Structure used: 0-download-inputs/data-files/AF-Q9SIE3-F1-model_v6.pdb
DeepTMHMM_class: GLOB
Structure source: EBI-selected-UniProt

Attempting prediction for AT2G22240
Done with ΔG prediction for: AT2G22240
Structure used: 0-download-inputs/data-files/AF-Q38862-F1-model_v6.pdb
DeepTMHMM_class: GLOB
Structure source: EBI-selected-UniProt

Attempting prediction for AT2G22360
Done with ΔG prediction for: AT2G22360
Structure used: 0-download-inputs/data-files/AF-Q9SJZ7-F1-model_v6.pdb
DeepTMHMM_class: GLOB
Structure source: EBI-selected-UniProt

Attempting prediction for AT2G22370
Done with ΔG prediction for: AT2G22370
Structure used: 0-download-inputs/data-files/AF-Q9SJZ6-F1-model_v6.pdb
DeepTMHMM_class: GLOB
Structure source: EBI-selected-UniProt

Attempting prediction for AT2G22430
Done with ΔG prediction for: AT2G22430
Structure used: 0-download-inputs/data-files/AF-P46668-F1-model_v6.pdb
DeepTMHMM_class: GLOB
Structure source: EBI-selected-UniProt

Attempting prediction for AT2G22475
Done with ΔG prediction for: AT2G22475
Structure used: 0-download-inputs/data-files/AF-Q8S8F8-F1-model_v6.pdb
DeepTMHMM_class: GLOB
Structure source: EBI-selected-UniProt

Attempting prediction for AT2G22490
Done with ΔG prediction for: AT2G22490
Structure used: 0-download-inputs/data-files/AF-P42752-F1-model_v6.pdb
DeepTMHMM_class: GLOB
Structure source: EBI-selected-UniProt

Attempting prediction for AT2G22540
Prediction skipped for AT2G22540:
has_verified_seq       = True
DeepTMHMM_class         = GLOB
final_structure_path    = nan
final_structure_source  = None

Attempting prediction for AT2G22800
Done with ΔG prediction for: AT2G22800
Structure used: 0-download-inputs/data-files/AF-P46603-F1-model_v6.pdb
DeepTMHMM_class: GLOB
Structure source: EBI-selected-UniProt

Attempting prediction for AT2G23070
Done with ΔG prediction for: AT2G23070
Structure used: 0-download-inputs/data-files/AF-O64816-F1-model_v6.pdb
DeepTMHMM_class: GLOB
Structure source: EBI-selected-UniProt

Attempting prediction for AT2G23080
Done with ΔG prediction for: AT2G23080
Structure used: 0-download-inputs/data-files/AF-O64817-F1-model_v6.pdb
DeepTMHMM_class: GLOB
Structure source: EBI-selected-UniProt

Attempting prediction for AT2G23090
Done with ΔG prediction for: AT2G23090
Structure used: 0-download-inputs/data-files/AF-O64818-F1-model_v6.pdb
DeepTMHMM_class: GLOB
Structure source: EBI-selected-UniProt

Attempting prediction for AT2G23350
Done with ΔG prediction for: AT2G23350
Structure used: 0-download-inputs/data-files/AF-O22173-F1-model_v6.pdb
DeepTMHMM_class: GLOB
Structure source: EBI-selected-UniProt

Attempting prediction for AT2G23380
Done with ΔG prediction for: AT2G23380
Structure used: 0-download-inputs/data-files/AF-P93831-F1-model_v6.pdb
DeepTMHMM_class: GLOB
Structure source: EBI-selected-UniProt

Attempting prediction for AT2G23430
Done with ΔG prediction for: AT2G23430
Structure used: 0-download-inputs/data-files/AF-Q67Y93-F1-model_v6.pdb
DeepTMHMM_class: GLOB
Structure source: EBI-selected-UniProt

Attempting prediction for AT2G23690
Prediction skipped for AT2G23690:
has_verified_seq       = True
DeepTMHMM_class         = GLOB
final_structure_path    = nan
final_structure_source  = None

Attempting prediction for AT2G23770
Prediction skipped for AT2G23770:
has_verified_seq       = True
DeepTMHMM_class         = SP+TM
final_structure_path    = 0-download-inputs/data-files/AF-O64825-F1-model_v6-cleaved.pdb
final_structure_source  = EBI-selected-UniProt-cleaved

Attempting prediction for AT2G23980
Prediction skipped for AT2G23980:
has_verified_seq       = True
DeepTMHMM_class         = TM
final_structure_path    = 0-download-inputs/data-files/AF-O82226-F1-model_v6.pdb
final_structure_source  = EBI-selected-UniProt

Attempting prediction for AT2G24090
Done with ΔG prediction for: AT2G24090
Structure used: 0-download-inputs/data-files/AF-Q8VZ55-F1-model_v6.pdb
DeepTMHMM_class: GLOB
Structure source: EBI-selected-UniProt

Attempting prediction for AT2G24170
Prediction skipped for AT2G24170:
has_verified_seq       = True
DeepTMHMM_class         = SP+TM
final_structure_path    = 0-download-inputs/data-files/AF-Q8RWW1-F1-model_v6-cleaved.pdb
final_structure_source  = EBI-selected-UniProt-cleaved

Attempting prediction for AT2G24200
Done with ΔG prediction for: AT2G24200
Structure used: 0-download-inputs/data-files/AF-P30184-F1-model_v6.pdb
DeepTMHMM_class: GLOB
Structure source: EBI-selected-UniProt

Attempting prediction for AT2G24270
Prediction skipped for AT2G24270:
has_verified_seq       = True
DeepTMHMM_class         = GLOB
final_structure_path    = nan
final_structure_source  = None

Attempting prediction for AT2G24420
Prediction skipped for AT2G24420:
has_verified_seq       = True
DeepTMHMM_class         = SP+TM
final_structure_path    = 0-download-inputs/data-files/AF-Q9ZQ26-F1-model_v6-cleaved.pdb
final_structure_source  = EBI-selected-UniProt-cleaved

Attempting prediction for AT2G24490
Done with ΔG prediction for: AT2G24490
Structure used: 0-download-inputs/data-files/AF-Q9ZQ19-F1-model_v6.pdb
DeepTMHMM_class: GLOB
Structure source: EBI-selected-UniProt

Attempting prediction for AT2G24590
Done with ΔG prediction for: AT2G24590
Structure used: 0-download-inputs/data-files/AF-Q9SJA6-F1-model_v6.pdb
DeepTMHMM_class: GLOB
Structure source: EBI-selected-UniProt

Attempting prediction for AT2G24610
Prediction skipped for AT2G24610:
has_verified_seq       = True
DeepTMHMM_class         = TM
final_structure_path    = nan
final_structure_source  = None

Attempting prediction for AT2G24720
Prediction skipped for AT2G24720:
has_verified_seq       = True
DeepTMHMM_class         = SP+TM
final_structure_path    = 0-download-inputs/data-files/AF-Q9SHV1-F1-model_v6-cleaved.pdb
final_structure_source  = EBI-selected-UniProt-cleaved

Attempting prediction for AT2G24790
Done with ΔG prediction for: AT2G24790
Structure used: 0-download-inputs/data-files/AF-Q9SK53-F1-model_v6.pdb
DeepTMHMM_class: GLOB
Structure source: EBI-selected-UniProt

Attempting prediction for AT2G25000
Done with ΔG prediction for: AT2G25000
Structure used: 0-download-inputs/data-files/AF-Q9SK33-F1-model_v6.pdb
DeepTMHMM_class: GLOB
Structure source: EBI-selected-UniProt

Attempting prediction for AT2G25140
Done with ΔG prediction for: AT2G25140
Structure used: 0-download-inputs/data-files/AF-Q8VYJ7-F1-model_v6.pdb
DeepTMHMM_class: GLOB
Structure source: EBI-selected-UniProt

Attempting prediction for AT2G25170
Prediction skipped for AT2G25170:
has_verified_seq       = True
DeepTMHMM_class         = GLOB
final_structure_path    = nan
final_structure_source  = None

Attempting prediction for AT2G25180
Done with ΔG prediction for: AT2G25180
Structure used: 0-download-inputs/data-files/AF-P62598-F1-model_v6.pdb
DeepTMHMM_class: GLOB
Structure source: EBI-selected-UniProt

Attempting prediction for AT2G25620
Prediction skipped for AT2G25620:
has_verified_seq       = True
DeepTMHMM_class         = GLOB
final_structure_path    = nan
final_structure_source  = None

Attempting prediction for AT2G25625
Done with ΔG prediction for: AT2G25625
Structure used: 0-download-inputs/data-files/AF-Q8S8K8-F1-model_v6.pdb
DeepTMHMM_class: GLOB
Structure source: EBI-selected-UniProt

Attempting prediction for AT2G25730
Done with ΔG prediction for: AT2G25730
Structure used: 0-download-inputs/data-files/AF-F4ISN0-F1-model_v6.pdb
DeepTMHMM_class: GLOB
Structure source: EBI-selected-UniProt

Attempting prediction for AT2G25930
Done with ΔG prediction for: AT2G25930
Structure used: 0-download-inputs/data-files/AF-O82804-F1-model_v6.pdb
DeepTMHMM_class: GLOB
Structure source: EBI-selected-UniProt

Attempting prediction for AT2G25980
Done with ΔG prediction for: AT2G25980
Structure used: 0-download-inputs/data-files/AF-O80998-F1-model_v6.pdb
DeepTMHMM_class: GLOB
Structure source: EBI-selected-UniProt

Attempting prediction for AT2G26000
Done with ΔG prediction for: AT2G26000
Structure used: 0-download-inputs/data-files/AF-O80996-F1-model_v6.pdb
DeepTMHMM_class: GLOB
Structure source: EBI-selected-UniProt

Attempting prediction for AT2G26070
Prediction skipped for AT2G26070:
has_verified_seq       = True
DeepTMHMM_class         = TM
final_structure_path    = 0-download-inputs/data-files/AF-F4ITL6-F1-model_v6.pdb
final_structure_source  = EBI-selected-UniProt

Attempting prediction for AT2G26080
Done with ΔG prediction for: AT2G26080
Structure used: 0-download-inputs/data-files/AF-O80988-F1-model_v6.pdb
DeepTMHMM_class: GLOB
Structure source: EBI-selected-UniProt

Attempting prediction for AT2G26190
Done with ΔG prediction for: AT2G26190
Structure used: 0-download-inputs/data-files/AF-O64851-F1-model_v6.pdb
DeepTMHMM_class: GLOB
Structure source: EBI-selected-UniProt

Attempting prediction for AT2G26230
Done with ΔG prediction for: AT2G26230
Structure used: 0-download-inputs/data-files/AF-O04420-F1-model_v6.pdb
DeepTMHMM_class: GLOB
Structure source: EBI-selected-UniProt

Attempting prediction for AT2G26280
Done with ΔG prediction for: AT2G26280
Structure used: 0-download-inputs/data-files/AF-O64843-F1-model_v6.pdb
DeepTMHMM_class: GLOB
Structure source: EBI-selected-UniProt

Attempting prediction for AT2G26300
Done with ΔG prediction for: AT2G26300
Structure used: 0-download-inputs/data-files/AF-P18064-F1-model_v6.pdb
DeepTMHMM_class: GLOB
Structure source: EBI-selected-UniProt

Attempting prediction for AT2G26330
Prediction skipped for AT2G26330:
has_verified_seq       = True
DeepTMHMM_class         = SP+TM
final_structure_path    = 0-download-inputs/data-files/AF-Q42371-F1-model_v6-cleaved.pdb
final_structure_source  = EBI-selected-UniProt-cleaved

Attempting prediction for AT2G26350
Done with ΔG prediction for: AT2G26350
Structure used: 0-download-inputs/data-files/AF-Q9SYU4-F1-model_v6.pdb
DeepTMHMM_class: GLOB
Structure source: EBI-selected-UniProt

Attempting prediction for AT2G26400
Prediction skipped for AT2G26400:
has_verified_seq       = True
DeepTMHMM_class         = GLOB
final_structure_path    = nan
final_structure_source  = None

Attempting prediction for AT2G26570
Done with ΔG prediction for: AT2G26570
Structure used: 0-download-inputs/data-files/AF-O48724-F1-model_v6.pdb
DeepTMHMM_class: GLOB
Structure source: EBI-selected-UniProt

Attempting prediction for AT2G26590
Done with ΔG prediction for: AT2G26590
Structure used: 0-download-inputs/data-files/AF-O48726-F1-model_v6.pdb
DeepTMHMM_class: GLOB
Structure source: EBI-selected-UniProt

Attempting prediction for AT2G26650
Prediction skipped for AT2G26650:
has_verified_seq       = True
DeepTMHMM_class         = TM
final_structure_path    = 0-download-inputs/data-files/AF-Q38998-F1-model_v6.pdb
final_structure_source  = EBI-selected-UniProt

Attempting prediction for AT2G26760
Done with ΔG prediction for: AT2G26760
Structure used: 0-download-inputs/data-files/AF-O48790-F1-model_v6.pdb
DeepTMHMM_class: GLOB
Structure source: EBI-selected-UniProt

Attempting prediction for AT2G26920
Done with ΔG prediction for: AT2G26920
Structure used: 0-download-inputs/data-files/AF-O81015-F1-model_v6.pdb
DeepTMHMM_class: GLOB
Structure source: EBI-selected-UniProt

Attempting prediction for AT2G26980
Prediction skipped for AT2G26980:
has_verified_seq       = True
DeepTMHMM_class         = GLOB
final_structure_path    = nan
final_structure_source  = None

Attempting prediction for AT2G26990
Done with ΔG prediction for: AT2G26990
Structure used: 0-download-inputs/data-files/AF-Q8W207-F1-model_v6.pdb
DeepTMHMM_class: GLOB
Structure source: EBI-selected-UniProt

Attempting prediction for AT2G27020
Prediction skipped for AT2G27020:
has_verified_seq       = True
DeepTMHMM_class         = GLOB
final_structure_path    = nan
final_structure_source  = None

Attempting prediction for AT2G27030
Prediction skipped for AT2G27030:
has_verified_seq       = True
DeepTMHMM_class         = GLOB
final_structure_path    = nan
final_structure_source  = None

Attempting prediction for AT2G27040
Done with ΔG prediction for: AT2G27040
Structure used: 0-download-inputs/data-files/AF-Q9ZVD5-F1-model_v6.pdb
DeepTMHMM_class: GLOB
Structure source: EBI-selected-UniProt

Attempting prediction for AT2G27050
Done with ΔG prediction for: AT2G27050
Structure used: 0-download-inputs/data-files/AF-Q9SLH0-F1-model_v6.pdb
DeepTMHMM_class: GLOB
Structure source: EBI-selected-UniProt

Attempting prediction for AT2G27060
Prediction skipped for AT2G27060:
has_verified_seq       = True
DeepTMHMM_class         = SP+TM
final_structure_path    = 0-download-inputs/data-files/AF-F4IVP3-F1-model_v6-cleaved.pdb
final_structure_source  = EBI-selected-UniProt-cleaved

Attempting prediction for AT2G27100
Done with ΔG prediction for: AT2G27100
Structure used: 0-download-inputs/data-files/AF-Q9ZVD0-F1-model_v6.pdb
DeepTMHMM_class: GLOB
Structure source: EBI-selected-UniProt

Attempting prediction for AT2G27110
Prediction skipped for AT2G27110:
has_verified_seq       = True
DeepTMHMM_class         = GLOB
final_structure_path    = nan
final_structure_source  = None

Attempting prediction for AT2G27210
Done with ΔG prediction for: AT2G27210
Structure used: 0-download-inputs/data-files/AF-Q9SHS7-F1-model_v6.pdb
DeepTMHMM_class: GLOB
Structure source: EBI-selected-UniProt

Attempting prediction for AT2G27450
Done with ΔG prediction for: AT2G27450
Structure used: 0-download-inputs/data-files/AF-Q8VYF5-F1-model_v6.pdb
DeepTMHMM_class: GLOB
Structure source: EBI-selected-UniProt

Attempting prediction for AT2G27470
Done with ΔG prediction for: AT2G27470
Structure used: 0-download-inputs/data-files/AF-Q9ZQH2-F1-model_v6.pdb
DeepTMHMM_class: GLOB
Structure source: EBI-selected-UniProt

Attempting prediction for AT2G27840
Done with ΔG prediction for: AT2G27840
Structure used: 0-download-inputs/data-files/AF-Q9M4T3-F1-model_v6.pdb
DeepTMHMM_class: GLOB
Structure source: EBI-selected-UniProt

Attempting prediction for AT2G27860
Done with ΔG prediction for: AT2G27860
Structure used: 0-download-inputs/data-files/AF-Q9ZUY6-F1-model_v6.pdb
DeepTMHMM_class: GLOB
Structure source: EBI-selected-UniProt

Attempting prediction for AT2G27960
Done with ΔG prediction for: AT2G27960
Structure used: 0-download-inputs/data-files/AF-O23249-F1-model_v6.pdb
DeepTMHMM_class: GLOB
Structure source: EBI-selected-UniProt

Attempting prediction for AT2G27970
Done with ΔG prediction for: AT2G27970
Structure used: 0-download-inputs/data-files/AF-Q9SJJ5-F1-model_v6.pdb
DeepTMHMM_class: GLOB
Structure source: EBI-selected-UniProt

Attempting prediction for AT2G28000
Done with ΔG prediction for: AT2G28000
Structure used: 0-download-inputs/data-files/AF-P21238-F1-model_v6.pdb
DeepTMHMM_class: GLOB
Structure source: EBI-selected-UniProt

Attempting prediction for AT2G28070
Prediction skipped for AT2G28070:
has_verified_seq       = True
DeepTMHMM_class         = TM
final_structure_path    = 0-download-inputs/data-files/AF-Q9ZUU9-F1-model_v6.pdb
final_structure_source  = EBI-selected-UniProt

Attempting prediction for AT2G28080
Done with ΔG prediction for: AT2G28080
Structure used: 0-download-inputs/data-files/AF-Q9ZUV0-F1-model_v6.pdb
DeepTMHMM_class: GLOB
Structure source: EBI-selected-UniProt

Attempting prediction for AT2G28190
Done with ΔG prediction for: AT2G28190
Structure used: 0-download-inputs/data-files/AF-O78310-F1-model_v6.pdb
DeepTMHMM_class: GLOB
Structure source: EBI-selected-UniProt

Attempting prediction for AT2G28290
Prediction skipped for AT2G28290:
has_verified_seq       = True
DeepTMHMM_class         = GLOB
final_structure_path    = nan
final_structure_source  = None

Attempting prediction for AT2G28380
Done with ΔG prediction for: AT2G28380
Structure used: 0-download-inputs/data-files/AF-Q9SKN2-F1-model_v6.pdb
DeepTMHMM_class: GLOB
Structure source: EBI-selected-UniProt

Attempting prediction for AT2G28450
Done with ΔG prediction for: AT2G28450
Structure used: 0-download-inputs/data-files/AF-Q8L7S3-F1-model_v6.pdb
DeepTMHMM_class: GLOB
Structure source: EBI-selected-UniProt

Attempting prediction for AT2G28550
Done with ΔG prediction for: AT2G28550
Structure used: 0-download-inputs/data-files/AF-Q9SK03-F1-model_v6.pdb
DeepTMHMM_class: GLOB
Structure source: EBI-selected-UniProt

Attempting prediction for AT2G28740
Done with ΔG prediction for: AT2G28740
Structure used: 0-download-inputs/data-files/AF-P59259-F1-model_v6.pdb
DeepTMHMM_class: GLOB
Structure source: EBI-selected-UniProt

Attempting prediction for AT2G28800
Prediction skipped for AT2G28800:
has_verified_seq       = True
DeepTMHMM_class         = TM
final_structure_path    = 0-download-inputs/data-files/AF-Q8LBP4-F1-model_v6.pdb
final_structure_source  = EBI-selected-UniProt

Attempting prediction for AT2G28830
Done with ΔG prediction for: AT2G28830
Structure used: 0-download-inputs/data-files/AF-Q9ZV31-F1-model_v6.pdb
DeepTMHMM_class: GLOB
Structure source: EBI-selected-UniProt

Attempting prediction for AT2G28900
Done with ΔG prediction for: AT2G28900
Structure used: 0-download-inputs/data-files/AF-Q9ZV24-F1-model_v6.pdb
DeepTMHMM_class: GLOB
Structure source: EBI-selected-UniProt

Attempting prediction for AT2G29080
Prediction skipped for AT2G29080:
has_verified_seq       = True
DeepTMHMM_class         = TM
final_structure_path    = 0-download-inputs/data-files/AF-Q84WU8-F1-model_v6.pdb
final_structure_source  = EBI-selected-UniProt

Attempting prediction for AT2G29100
Prediction skipped for AT2G29100:
has_verified_seq       = True
DeepTMHMM_class         = SP+TM
final_structure_path    = nan
final_structure_source  = None

Attempting prediction for AT2G29190
Done with ΔG prediction for: AT2G29190
Structure used: 0-download-inputs/data-files/AF-Q9ZW06-F1-model_v6.pdb
DeepTMHMM_class: GLOB
Structure source: EBI-selected-UniProt

Attempting prediction for AT2G29400
Done with ΔG prediction for: AT2G29400
Structure used: 0-download-inputs/data-files/AF-P30366-F1-model_v6.pdb
DeepTMHMM_class: GLOB
Structure source: EBI-selected-UniProt

Attempting prediction for AT2G29530
Done with ΔG prediction for: AT2G29530
Structure used: 0-download-inputs/data-files/AF-Q9ZW33-F1-model_v6.pdb
DeepTMHMM_class: GLOB
Structure source: EBI-selected-UniProt

Attempting prediction for AT2G29540
Prediction skipped for AT2G29540:
has_verified_seq       = True
DeepTMHMM_class         = GLOB
final_structure_path    = nan
final_structure_source  = None

Attempting prediction for AT2G29550
Done with ΔG prediction for: AT2G29550
Structure used: 0-download-inputs/data-files/AF-P29515-F1-model_v6.pdb
DeepTMHMM_class: GLOB
Structure source: EBI-selected-UniProt

Attempting prediction for AT2G29570
Done with ΔG prediction for: AT2G29570
Structure used: 0-download-inputs/data-files/AF-Q9ZW35-F1-model_v6.pdb
DeepTMHMM_class: GLOB
Structure source: EBI-selected-UniProt

Attempting prediction for AT2G29580
Done with ΔG prediction for: AT2G29580
Structure used: 0-download-inputs/data-files/AF-Q9ZW36-F1-model_v6.pdb
DeepTMHMM_class: GLOB
Structure source: EBI-selected-UniProt

Attempting prediction for AT2G29680
Done with ΔG prediction for: AT2G29680
Structure used: 0-download-inputs/data-files/AF-O82387-F1-model_v6.pdb
DeepTMHMM_class: GLOB
Structure source: EBI-selected-UniProt

Attempting prediction for AT2G29910
Prediction skipped for AT2G29910:
has_verified_seq       = True
DeepTMHMM_class         = GLOB
final_structure_path    = nan
final_structure_source  = None

Attempting prediction for AT2G29960
Done with ΔG prediction for: AT2G29960
Structure used: 0-download-inputs/data-files/AF-Q8LDP4-F1-model_v6-cleaved.pdb
DeepTMHMM_class: SP
Structure source: EBI-selected-UniProt-cleaved

Attempting prediction for AT2G29980
Prediction skipped for AT2G29980:
has_verified_seq       = True
DeepTMHMM_class         = TM
final_structure_path    = 0-download-inputs/data-files/AF-P48623-F1-model_v6.pdb
final_structure_source  = EBI-selected-UniProt

Attempting prediction for AT2G30020
Done with ΔG prediction for: AT2G30020
Structure used: 0-download-inputs/data-files/AF-O80871-F1-model_v6.pdb
DeepTMHMM_class: GLOB
Structure source: EBI-selected-UniProt

Attempting prediction for AT2G30050
Done with ΔG prediction for: AT2G30050
Structure used: 0-download-inputs/data-files/AF-O64740-F1-model_v6.pdb
DeepTMHMM_class: GLOB
Structure source: EBI-selected-UniProt

Attempting prediction for AT2G30060
Done with ΔG prediction for: AT2G30060
Structure used: 0-download-inputs/data-files/AF-Q8RWG8-F1-model_v6.pdb
DeepTMHMM_class: GLOB
Structure source: EBI-selected-UniProt

Attempting prediction for AT2G30110
Done with ΔG prediction for: AT2G30110
Structure used: 0-download-inputs/data-files/AF-P93028-F1-model_v6.pdb
DeepTMHMM_class: GLOB
Structure source: EBI-selected-UniProt

Attempting prediction for AT2G30120
Prediction skipped for AT2G30120:
has_verified_seq       = True
DeepTMHMM_class         = GLOB
final_structure_path    = nan
final_structure_source  = None

Attempting prediction for AT2G30250
Done with ΔG prediction for: AT2G30250
Structure used: 0-download-inputs/data-files/AF-O22921-F1-model_v6.pdb
DeepTMHMM_class: GLOB
Structure source: EBI-selected-UniProt

Attempting prediction for AT2G30260
Done with ΔG prediction for: AT2G30260
Structure used: 0-download-inputs/data-files/AF-O22922-F1-model_v6.pdb
DeepTMHMM_class: GLOB
Structure source: EBI-selected-UniProt

Attempting prediction for AT2G30330
Done with ΔG prediction for: AT2G30330
Structure used: 0-download-inputs/data-files/AF-O22929-F1-model_v6.pdb
DeepTMHMM_class: GLOB
Structure source: EBI-selected-UniProt

Attempting prediction for AT2G30360
Done with ΔG prediction for: AT2G30360
Structure used: 0-download-inputs/data-files/AF-O22932-F1-model_v6.pdb
DeepTMHMM_class: GLOB
Structure source: EBI-selected-UniProt

Attempting prediction for AT2G30390
Prediction skipped for AT2G30390:
has_verified_seq       = True
DeepTMHMM_class         = TM
final_structure_path    = 0-download-inputs/data-files/AF-O04921-F1-model_v6.pdb
final_structure_source  = EBI-selected-UniProt

Attempting prediction for AT2G30410
Done with ΔG prediction for: AT2G30410
Structure used: 0-download-inputs/data-files/AF-O04350-F1-model_v6.pdb
DeepTMHMM_class: GLOB
Structure source: EBI-selected-UniProt

Attempting prediction for AT2G30470
Done with ΔG prediction for: AT2G30470
Structure used: 0-download-inputs/data-files/AF-Q8W4L5-F1-model_v6.pdb
DeepTMHMM_class: GLOB
Structure source: EBI-selected-UniProt

Attempting prediction for AT2G30490
Done with ΔG prediction for: AT2G30490
Structure used: 0-download-inputs/data-files/AF-P92994-F1-model_v6.pdb
DeepTMHMM_class: GLOB
Structure source: EBI-selected-UniProt

Attempting prediction for AT2G30520
Prediction skipped for AT2G30520:
has_verified_seq       = True
DeepTMHMM_class         = GLOB
final_structure_path    = nan
final_structure_source  = None

Attempting prediction for AT2G30740
Done with ΔG prediction for: AT2G30740
Structure used: 0-download-inputs/data-files/AF-O49339-F1-model_v6.pdb
DeepTMHMM_class: GLOB
Structure source: EBI-selected-UniProt

Attempting prediction for AT2G30790
Done with ΔG prediction for: AT2G30790
Structure used: 0-download-inputs/data-files/AF-O49344-F1-model_v6.pdb
DeepTMHMM_class: GLOB
Structure source: EBI-selected-UniProt

Attempting prediction for AT2G30950
Prediction skipped for AT2G30950:
has_verified_seq       = True
DeepTMHMM_class         = TM
final_structure_path    = nan
final_structure_source  = None

Attempting prediction for AT2G30980
Done with ΔG prediction for: AT2G30980
Structure used: 0-download-inputs/data-files/AF-Q39010-F1-model_v6.pdb
DeepTMHMM_class: GLOB
Structure source: EBI-selected-UniProt

Attempting prediction for AT2G30990
Prediction skipped for AT2G30990:
has_verified_seq       = True
DeepTMHMM_class         = GLOB
final_structure_path    = nan
final_structure_source  = None

Attempting prediction for AT2G31270
Done with ΔG prediction for: AT2G31270
Structure used: 0-download-inputs/data-files/AF-Q9SJW9-F1-model_v6.pdb
DeepTMHMM_class: GLOB
Structure source: EBI-selected-UniProt

Attempting prediction for AT2G31305
Done with ΔG prediction for: AT2G31305
Structure used: 0-download-inputs/data-files/AF-Q8S8F7-F1-model_v6.pdb
DeepTMHMM_class: GLOB
Structure source: EBI-selected-UniProt

Attempting prediction for AT2G31320
Done with ΔG prediction for: AT2G31320
Structure used: 0-download-inputs/data-files/AF-Q9ZP54-F1-model_v6.pdb
DeepTMHMM_class: GLOB
Structure source: EBI-selected-UniProt

Attempting prediction for AT2G31390
Done with ΔG prediction for: AT2G31390
Structure used: 0-download-inputs/data-files/AF-Q9SID0-F1-model_v6.pdb
DeepTMHMM_class: GLOB
Structure source: EBI-selected-UniProt

Attempting prediction for AT2G31440
Prediction skipped for AT2G31440:
has_verified_seq       = True
DeepTMHMM_class         = TM
final_structure_path    = 0-download-inputs/data-files/AF-Q8L9G7-F1-model_v6.pdb
final_structure_source  = EBI-selected-UniProt

Attempting prediction for AT2G31500
Prediction skipped for AT2G31500:
has_verified_seq       = True
DeepTMHMM_class         = GLOB
final_structure_path    = nan
final_structure_source  = None

Attempting prediction for AT2G31530
Prediction skipped for AT2G31530:
has_verified_seq       = True
DeepTMHMM_class         = TM
final_structure_path    = 0-download-inputs/data-files/AF-F4IQV7-F1-model_v6.pdb
final_structure_source  = EBI-selected-UniProt

Attempting prediction for AT2G31610
Done with ΔG prediction for: AT2G31610
Structure used: 0-download-inputs/data-files/AF-Q9SIP7-F1-model_v6.pdb
DeepTMHMM_class: GLOB
Structure source: EBI-selected-UniProt

Attempting prediction for AT2G31660
Prediction skipped for AT2G31660:
has_verified_seq       = True
DeepTMHMM_class         = GLOB
final_structure_path    = nan
final_structure_source  = None

Attempting prediction for AT2G31870
Prediction skipped for AT2G31870:
has_verified_seq       = True
DeepTMHMM_class         = GLOB
final_structure_path    = nan
final_structure_source  = None

Attempting prediction for AT2G31880
Prediction skipped for AT2G31880:
has_verified_seq       = True
DeepTMHMM_class         = SP+TM
final_structure_path    = 0-download-inputs/data-files/AF-Q9SKB2-F1-model_v6-cleaved.pdb
final_structure_source  = EBI-selected-UniProt-cleaved

Attempting prediction for AT2G32080
Prediction skipped for AT2G32080:
has_verified_seq       = True
DeepTMHMM_class         = GLOB
final_structure_path    = nan
final_structure_source  = None

Attempting prediction for AT2G32180
Done with ΔG prediction for: AT2G32180
Structure used: 0-download-inputs/data-files/AF-Q9SKY2-F1-model_v6.pdb
DeepTMHMM_class: GLOB
Structure source: EBI-selected-UniProt

Attempting prediction for AT2G32240
Prediction skipped for AT2G32240:
has_verified_seq       = True
DeepTMHMM_class         = TM
final_structure_path    = 0-download-inputs/data-files/AF-F4ISU2-F1-model_v6.pdb
final_structure_source  = EBI-selected-UniProt

Attempting prediction for AT2G32400
Prediction skipped for AT2G32400:
has_verified_seq       = True
DeepTMHMM_class         = SP+TM
final_structure_path    = 0-download-inputs/data-files/AF-Q9SDQ4-F1-model_v6.pdb
final_structure_source  = EBI-selected-UniProt

Attempting prediction for AT2G32450
Done with ΔG prediction for: AT2G32450
Structure used: 0-download-inputs/data-files/AF-Q8S8L9-F1-model_v6.pdb
DeepTMHMM_class: GLOB
Structure source: EBI-selected-UniProt

Attempting prediction for AT2G32560
Done with ΔG prediction for: AT2G32560
Structure used: 0-download-inputs/data-files/AF-Q8RY82-F1-model_v6-cleaved.pdb
DeepTMHMM_class: GLOB
Structure source: EBI-selected-UniProt-cleaved

Attempting prediction for AT2G32600
Done with ΔG prediction for: AT2G32600
Structure used: 0-download-inputs/data-files/AF-O80897-F1-model_v6.pdb
DeepTMHMM_class: GLOB
Structure source: EBI-selected-UniProt

Attempting prediction for AT2G32700
Done with ΔG prediction for: AT2G32700
Structure used: 0-download-inputs/data-files/AF-O48847-F1-model_v6.pdb
DeepTMHMM_class: GLOB
Structure source: EBI-selected-UniProt

Attempting prediction for AT2G32710
Done with ΔG prediction for: AT2G32710
Structure used: 0-download-inputs/data-files/AF-Q8GYJ3-F1-model_v6.pdb
DeepTMHMM_class: GLOB
Structure source: EBI-selected-UniProt

Attempting prediction for AT2G32950
Done with ΔG prediction for: AT2G32950
Structure used: 0-download-inputs/data-files/AF-P43254-F1-model_v6.pdb
DeepTMHMM_class: GLOB
Structure source: EBI-selected-UniProt

Attempting prediction for AT2G33120
Prediction skipped for AT2G33120:
has_verified_seq       = True
DeepTMHMM_class         = TM
final_structure_path    = 0-download-inputs/data-files/AF-P47192-F1-model_v6.pdb
final_structure_source  = EBI-selected-UniProt

Attempting prediction for AT2G33150
Done with ΔG prediction for: AT2G33150
Structure used: 0-download-inputs/data-files/AF-Q56WD9-F1-model_v6.pdb
DeepTMHMM_class: GLOB
Structure source: EBI-selected-UniProt

Attempting prediction for AT2G33210
Done with ΔG prediction for: AT2G33210
Structure used: 0-download-inputs/data-files/AF-Q8L7B5-F1-model_v6.pdb
DeepTMHMM_class: GLOB
Structure source: EBI-selected-UniProt

Attempting prediction for AT2G33220
Prediction skipped for AT2G33220:
has_verified_seq       = True
DeepTMHMM_class         = TM
final_structure_path    = 0-download-inputs/data-files/AF-O49313-F1-model_v6.pdb
final_structure_source  = EBI-selected-UniProt

Attempting prediction for AT2G33250
Prediction skipped for AT2G33250:
has_verified_seq       = True
DeepTMHMM_class         = TM
final_structure_path    = nan
final_structure_source  = None

Attempting prediction for AT2G33380
Prediction skipped for AT2G33380:
has_verified_seq       = True
DeepTMHMM_class         = GLOB
final_structure_path    = nan
final_structure_source  = None

Attempting prediction for AT2G33410
Done with ΔG prediction for: AT2G33410
Structure used: 0-download-inputs/data-files/AF-O22791-F1-model_v6.pdb
DeepTMHMM_class: GLOB
Structure source: EBI-selected-UniProt

Attempting prediction for AT2G33430
Done with ΔG prediction for: AT2G33430
Structure used: 0-download-inputs/data-files/AF-O22793-F1-model_v6.pdb
DeepTMHMM_class: GLOB
Structure source: EBI-selected-UniProt

Attempting prediction for AT2G33450
Done with ΔG prediction for: AT2G33450
Structure used: 0-download-inputs/data-files/AF-O22795-F1-model_v6.pdb
DeepTMHMM_class: GLOB
Structure source: EBI-selected-UniProt

Attempting prediction for AT2G33460
Done with ΔG prediction for: AT2G33460
Structure used: 0-download-inputs/data-files/AF-F4IVV0-F1-model_v6.pdb
DeepTMHMM_class: GLOB
Structure source: EBI-selected-UniProt

Attempting prediction for AT2G33500
Prediction skipped for AT2G33500:
has_verified_seq       = True
DeepTMHMM_class         = GLOB
final_structure_path    = nan
final_structure_source  = None

Attempting prediction for AT2G33510
Done with ΔG prediction for: AT2G33510
Structure used: 0-download-inputs/data-files/AF-Q5HZ54-F1-model_v6.pdb
DeepTMHMM_class: GLOB
Structure source: EBI-selected-UniProt

Attempting prediction for AT2G33550
Prediction skipped for AT2G33550:
has_verified_seq       = True
DeepTMHMM_class         = GLOB
final_structure_path    = nan
final_structure_source  = None

Attempting prediction for AT2G33560
Done with ΔG prediction for: AT2G33560
Structure used: 0-download-inputs/data-files/AF-O22806-F1-model_v6.pdb
DeepTMHMM_class: GLOB
Structure source: EBI-selected-UniProt

Attempting prediction for AT2G33580
Prediction skipped for AT2G33580:
has_verified_seq       = True
DeepTMHMM_class         = SP+TM
final_structure_path    = 0-download-inputs/data-files/AF-O22808-F1-model_v6-cleaved.pdb
final_structure_source  = EBI-selected-UniProt-cleaved

Attempting prediction for AT2G33600
Done with ΔG prediction for: AT2G33600
Structure used: 0-download-inputs/data-files/AF-O22810-F1-model_v6.pdb
DeepTMHMM_class: GLOB
Structure source: EBI-selected-UniProt

Attempting prediction for AT2G33610
Done with ΔG prediction for: AT2G33610
Structure used: 0-download-inputs/data-files/AF-Q84JG2-F1-model_v6.pdb
DeepTMHMM_class: GLOB
Structure source: EBI-selected-UniProt

Attempting prediction for AT2G33730
Done with ΔG prediction for: AT2G33730
Structure used: 0-download-inputs/data-files/AF-P93008-F1-model_v6.pdb
DeepTMHMM_class: GLOB
Structure source: EBI-selected-UniProt

Attempting prediction for AT2G34140
Done with ΔG prediction for: AT2G34140
Structure used: 0-download-inputs/data-files/AF-O22967-F1-model_v6.pdb
DeepTMHMM_class: GLOB
Structure source: EBI-selected-UniProt

Attempting prediction for AT2G34150
Done with ΔG prediction for: AT2G34150
Structure used: 0-download-inputs/data-files/AF-Q6AWX6-F1-model_v6.pdb
DeepTMHMM_class: GLOB
Structure source: EBI-selected-UniProt

Attempting prediction for AT2G34160
Done with ΔG prediction for: AT2G34160
Structure used: 0-download-inputs/data-files/AF-O22969-F1-model_v6.pdb
DeepTMHMM_class: GLOB
Structure source: EBI-selected-UniProt

Attempting prediction for AT2G34250
Prediction skipped for AT2G34250:
has_verified_seq       = True
DeepTMHMM_class         = TM
final_structure_path    = 0-download-inputs/data-files/AF-O80774-F1-model_v6.pdb
final_structure_source  = EBI-selected-UniProt

Attempting prediction for AT2G34420
Prediction skipped for AT2G34420:
has_verified_seq       = True
DeepTMHMM_class         = TM
final_structure_path    = 0-download-inputs/data-files/AF-Q39141-F1-model_v6.pdb
final_structure_source  = EBI-selected-UniProt

Attempting prediction for AT2G34430
Prediction skipped for AT2G34430:
has_verified_seq       = True
DeepTMHMM_class         = TM
final_structure_path    = nan
final_structure_source  = None

Attempting prediction for AT2G34480
Prediction skipped for AT2G34480:
has_verified_seq       = True
DeepTMHMM_class         = GLOB
final_structure_path    = nan
final_structure_source  = None

Attempting prediction for AT2G34590
Done with ΔG prediction for: AT2G34590
Structure used: 0-download-inputs/data-files/AF-O64688-F1-model_v6.pdb
DeepTMHMM_class: GLOB
Structure source: EBI-selected-UniProt

Attempting prediction for AT2G34640
Done with ΔG prediction for: AT2G34640
Structure used: 0-download-inputs/data-files/AF-F4IHY7-F1-model_v6.pdb
DeepTMHMM_class: GLOB
Structure source: EBI-selected-UniProt

Attempting prediction for AT2G34650
Done with ΔG prediction for: AT2G34650
Structure used: 0-download-inputs/data-files/AF-O64682-F1-model_v6.pdb
DeepTMHMM_class: GLOB
Structure source: EBI-selected-UniProt

Attempting prediction for AT2G34680
Done with ΔG prediction for: AT2G34680
Structure used: 0-download-inputs/data-files/AF-F4IIU4-F1-model_v6.pdb
DeepTMHMM_class: GLOB
Structure source: EBI-selected-UniProt

Attempting prediction for AT2G34690
Done with ΔG prediction for: AT2G34690
Structure used: 0-download-inputs/data-files/AF-O64587-F1-model_v6.pdb
DeepTMHMM_class: GLOB
Structure source: EBI-selected-UniProt

Attempting prediction for AT2G34720
Done with ΔG prediction for: AT2G34720
Structure used: 0-download-inputs/data-files/AF-Q8VY64-F1-model_v6.pdb
DeepTMHMM_class: GLOB
Structure source: EBI-selected-UniProt

Attempting prediction for AT2G34970
Done with ΔG prediction for: AT2G34970
Structure used: 0-download-inputs/data-files/AF-O64760-F1-model_v6.pdb
DeepTMHMM_class: GLOB
Structure source: EBI-selected-UniProt

Attempting prediction for AT2G35100
Done with ΔG prediction for: AT2G35100
Structure used: 0-download-inputs/data-files/AF-Q6DBG8-F1-model_v6.pdb
DeepTMHMM_class: SP
Structure source: EBI-selected-UniProt

Attempting prediction for AT2G35110
Prediction skipped for AT2G35110:
has_verified_seq       = True
DeepTMHMM_class         = GLOB
final_structure_path    = nan
final_structure_source  = None

Attempting prediction for AT2G35190
Prediction skipped for AT2G35190:
has_verified_seq       = True
DeepTMHMM_class         = TM
final_structure_path    = 0-download-inputs/data-files/AF-Q944A9-F1-model_v6.pdb
final_structure_source  = EBI-selected-UniProt

Attempting prediction for AT2G35240
Done with ΔG prediction for: AT2G35240
Structure used: 0-download-inputs/data-files/AF-O82169-F1-model_v6.pdb
DeepTMHMM_class: GLOB
Structure source: EBI-selected-UniProt

Attempting prediction for AT2G35390
Done with ΔG prediction for: AT2G35390
Structure used: 0-download-inputs/data-files/AF-Q42581-F1-model_v6.pdb
DeepTMHMM_class: GLOB
Structure source: EBI-selected-UniProt

Attempting prediction for AT2G35620
Prediction skipped for AT2G35620:
has_verified_seq       = True
DeepTMHMM_class         = SP+TM
final_structure_path    = 0-download-inputs/data-files/AF-C0LGL9-F1-model_v6-cleaved.pdb
final_structure_source  = EBI-selected-UniProt-cleaved

Attempting prediction for AT2G35635
Done with ΔG prediction for: AT2G35635
Structure used: 0-download-inputs/data-files/AF-Q8RUC6-F1-model_v6.pdb
DeepTMHMM_class: GLOB
Structure source: EBI-selected-UniProt

Attempting prediction for AT2G35840
Done with ΔG prediction for: AT2G35840
Structure used: 0-download-inputs/data-files/AF-Q9SJ66-F1-model_v6.pdb
DeepTMHMM_class: GLOB
Structure source: EBI-selected-UniProt

Attempting prediction for AT2G35940
Done with ΔG prediction for: AT2G35940
Structure used: 0-download-inputs/data-files/AF-Q9SJ56-F1-model_v6.pdb
DeepTMHMM_class: GLOB
Structure source: EBI-selected-UniProt

Attempting prediction for AT2G36010
Done with ΔG prediction for: AT2G36010
Structure used: 0-download-inputs/data-files/AF-Q9FNY0-F1-model_v6.pdb
DeepTMHMM_class: GLOB
Structure source: EBI-selected-UniProt

Attempting prediction for AT2G36170
Prediction skipped for AT2G36170:
has_verified_seq       = True
DeepTMHMM_class         = GLOB
final_structure_path    = nan
final_structure_source  = None

Attempting prediction for AT2G36250
Done with ΔG prediction for: AT2G36250
Structure used: 0-download-inputs/data-files/AF-O82533-F1-model_v6.pdb
DeepTMHMM_class: GLOB
Structure source: EBI-selected-UniProt

Attempting prediction for AT2G36270
Done with ΔG prediction for: AT2G36270
Structure used: 0-download-inputs/data-files/AF-Q9SJN0-F1-model_v6.pdb
DeepTMHMM_class: GLOB
Structure source: EBI-selected-UniProt

Attempting prediction for AT2G36400
Done with ΔG prediction for: AT2G36400
Structure used: 0-download-inputs/data-files/AF-Q9SJR5-F1-model_v6.pdb
DeepTMHMM_class: GLOB
Structure source: EBI-selected-UniProt

Attempting prediction for AT2G36490
Done with ΔG prediction for: AT2G36490
Structure used: 0-download-inputs/data-files/AF-Q9SJQ6-F1-model_v6.pdb
DeepTMHMM_class: GLOB
Structure source: EBI-selected-UniProt

Attempting prediction for AT2G36530
Prediction skipped for AT2G36530:
has_verified_seq       = True
DeepTMHMM_class         = GLOB
final_structure_path    = nan
final_structure_source  = None

Attempting prediction for AT2G36580
Done with ΔG prediction for: AT2G36580
Structure used: 0-download-inputs/data-files/AF-Q9SJQ0-F1-model_v6.pdb
DeepTMHMM_class: GLOB
Structure source: EBI-selected-UniProt

Attempting prediction for AT2G36620
Done with ΔG prediction for: AT2G36620
Structure used: 0-download-inputs/data-files/AF-Q42347-F1-model_v6.pdb
DeepTMHMM_class: GLOB
Structure source: EBI-selected-UniProt

Attempting prediction for AT2G36680
Done with ΔG prediction for: AT2G36680
Structure used: 0-download-inputs/data-files/AF-Q3EBL9-F1-model_v6.pdb
DeepTMHMM_class: GLOB
Structure source: EBI-selected-UniProt

Attempting prediction for AT2G36740
Done with ΔG prediction for: AT2G36740
Structure used: 0-download-inputs/data-files/AF-F4IP06-F1-model_v6.pdb
DeepTMHMM_class: GLOB
Structure source: EBI-selected-UniProt

Attempting prediction for AT2G36880
Done with ΔG prediction for: AT2G36880
Structure used: 0-download-inputs/data-files/AF-Q9SJL8-F1-model_v6.pdb
DeepTMHMM_class: GLOB
Structure source: EBI-selected-UniProt

Attempting prediction for AT2G36890
Prediction skipped for AT2G36890:
has_verified_seq       = True
DeepTMHMM_class         = GLOB
final_structure_path    = nan
final_structure_source  = None

Attempting prediction for AT2G36910
Prediction skipped for AT2G36910:
has_verified_seq       = True
DeepTMHMM_class         = TM
final_structure_path    = 0-download-inputs/data-files/AF-Q9ZR72-F1-model_v6.pdb
final_structure_source  = EBI-selected-UniProt

Attempting prediction for AT2G36990
Done with ΔG prediction for: AT2G36990
Structure used: 0-download-inputs/data-files/AF-Q9LD95-F1-model_v6.pdb
DeepTMHMM_class: GLOB
Structure source: EBI-selected-UniProt

Attempting prediction for AT2G37000
Done with ΔG prediction for: AT2G37000
Structure used: 0-download-inputs/data-files/AF-Q9SJK7-F1-model_v6.pdb
DeepTMHMM_class: GLOB
Structure source: EBI-selected-UniProt

Attempting prediction for AT2G37020
Done with ΔG prediction for: AT2G37020
Structure used: 0-download-inputs/data-files/AF-A0A178W0K0-F1-model_v6.pdb
DeepTMHMM_class: GLOB
Structure source: EBI-selected-UniProt

Attempting prediction for AT2G37040
Done with ΔG prediction for: AT2G37040
Structure used: 0-download-inputs/data-files/AF-P35510-F1-model_v6.pdb
DeepTMHMM_class: GLOB
Structure source: EBI-selected-UniProt

Attempting prediction for AT2G37050
Prediction skipped for AT2G37050:
has_verified_seq       = True
DeepTMHMM_class         = SP+TM
final_structure_path    = nan
final_structure_source  = None

Attempting prediction for AT2G37170
Prediction skipped for AT2G37170:
has_verified_seq       = True
DeepTMHMM_class         = TM
final_structure_path    = nan
final_structure_source  = None

Attempting prediction for AT2G37180
Prediction skipped for AT2G37180:
has_verified_seq       = True
DeepTMHMM_class         = TM
final_structure_path    = 0-download-inputs/data-files/AF-P30302-F1-model_v6.pdb
final_structure_source  = EBI-selected-UniProt

Attempting prediction for AT2G37190
Done with ΔG prediction for: AT2G37190
Structure used: 0-download-inputs/data-files/AF-P50883-F1-model_v6.pdb
DeepTMHMM_class: GLOB
Structure source: EBI-selected-UniProt

Attempting prediction for AT2G37250
Done with ΔG prediction for: AT2G37250
Structure used: 0-download-inputs/data-files/AF-Q9ZUU1-F1-model_v6.pdb
DeepTMHMM_class: GLOB
Structure source: EBI-selected-UniProt

Attempting prediction for AT2G37340
Done with ΔG prediction for: AT2G37340
Structure used: 0-download-inputs/data-files/AF-Q8VYA5-F1-model_v6.pdb
DeepTMHMM_class: GLOB
Structure source: EBI-selected-UniProt

Attempting prediction for AT2G37360
Prediction skipped for AT2G37360:
has_verified_seq       = True
DeepTMHMM_class         = TM
final_structure_path    = 0-download-inputs/data-files/AF-Q9ZUT0-F1-model_v6.pdb
final_structure_source  = EBI-selected-UniProt

Attempting prediction for AT2G37550
Done with ΔG prediction for: AT2G37550
Structure used: 0-download-inputs/data-files/AF-O80925-F1-model_v6.pdb
DeepTMHMM_class: GLOB
Structure source: EBI-selected-UniProt

Attempting prediction for AT2G37620
Done with ΔG prediction for: AT2G37620
Structure used: 0-download-inputs/data-files/AF-P0CJ46-F1-model_v6.pdb
DeepTMHMM_class: GLOB
Structure source: EBI-selected-UniProt

Attempting prediction for AT2G37630
Done with ΔG prediction for: AT2G37630
Structure used: 0-download-inputs/data-files/AF-O80931-F1-model_v6.pdb
DeepTMHMM_class: GLOB
Structure source: EBI-selected-UniProt

Attempting prediction for AT2G37660
Done with ΔG prediction for: AT2G37660
Structure used: 0-download-inputs/data-files/AF-O80934-F1-model_v6.pdb
DeepTMHMM_class: GLOB
Structure source: EBI-selected-UniProt

Attempting prediction for AT2G37678
Done with ΔG prediction for: AT2G37678
Structure used: 0-download-inputs/data-files/AF-Q8S4Q6-F1-model_v6.pdb
DeepTMHMM_class: GLOB
Structure source: EBI-selected-UniProt

Attempting prediction for AT2G37680
Prediction skipped for AT2G37680:
has_verified_seq       = True
DeepTMHMM_class         = GLOB
final_structure_path    = nan
final_structure_source  = None

Attempting prediction for AT2G38170
Prediction skipped for AT2G38170:
has_verified_seq       = True
DeepTMHMM_class         = TM
final_structure_path    = 0-download-inputs/data-files/AF-Q39253-F1-model_v6.pdb
final_structure_source  = EBI-selected-UniProt

Attempting prediction for AT2G38230
Done with ΔG prediction for: AT2G38230
Structure used: 0-download-inputs/data-files/AF-O80448-F1-model_v6.pdb
DeepTMHMM_class: GLOB
Structure source: EBI-selected-UniProt

Attempting prediction for AT2G38280
Done with ΔG prediction for: AT2G38280
Structure used: 0-download-inputs/data-files/AF-O80452-F1-model_v6.pdb
DeepTMHMM_class: GLOB
Structure source: EBI-selected-UniProt

Attempting prediction for AT2G38300
Prediction skipped for AT2G38300:
has_verified_seq       = True
DeepTMHMM_class         = GLOB
final_structure_path    = nan
final_structure_source  = None

Attempting prediction for AT2G38310
Done with ΔG prediction for: AT2G38310
Structure used: 0-download-inputs/data-files/AF-O80920-F1-model_v6.pdb
DeepTMHMM_class: GLOB
Structure source: EBI-selected-UniProt

Attempting prediction for AT2G38400
Prediction skipped for AT2G38400:
has_verified_seq       = True
DeepTMHMM_class         = GLOB
final_structure_path    = nan
final_structure_source  = None

Attempting prediction for AT2G38410
Done with ΔG prediction for: AT2G38410
Structure used: 0-download-inputs/data-files/AF-O80910-F1-model_v6.pdb
DeepTMHMM_class: GLOB
Structure source: EBI-selected-UniProt

Attempting prediction for AT2G38440
Done with ΔG prediction for: AT2G38440
Structure used: 0-download-inputs/data-files/AF-Q5XPJ9-F1-model_v6.pdb
DeepTMHMM_class: GLOB
Structure source: EBI-selected-UniProt

Attempting prediction for AT2G38470
Done with ΔG prediction for: AT2G38470
Structure used: 0-download-inputs/data-files/AF-Q8S8P5-F1-model_v6.pdb
DeepTMHMM_class: GLOB
Structure source: EBI-selected-UniProt

Attempting prediction for AT2G38540
Done with ΔG prediction for: AT2G38540
Structure used: 0-download-inputs/data-files/AF-Q42589-F1-model_v6-cleaved.pdb
DeepTMHMM_class: SP
Structure source: EBI-selected-UniProt-cleaved

Attempting prediction for AT2G38580
Prediction skipped for AT2G38580:
has_verified_seq       = True
DeepTMHMM_class         = GLOB
final_structure_path    = nan
final_structure_source  = None

Attempting prediction for AT2G38620
Done with ΔG prediction for: AT2G38620
Structure used: 0-download-inputs/data-files/AF-Q2V419-F1-model_v6.pdb
DeepTMHMM_class: GLOB
Structure source: EBI-selected-UniProt

Attempting prediction for AT2G38650
Prediction skipped for AT2G38650:
has_verified_seq       = True
DeepTMHMM_class         = TM
final_structure_path    = 0-download-inputs/data-files/AF-Q9ZVI7-F1-model_v6.pdb
final_structure_source  = EBI-selected-UniProt

Attempting prediction for AT2G38750
Done with ΔG prediction for: AT2G38750
Structure used: 0-download-inputs/data-files/AF-Q9ZVJ6-F1-model_v6.pdb
DeepTMHMM_class: GLOB
Structure source: EBI-selected-UniProt

Attempting prediction for AT2G38760
Done with ΔG prediction for: AT2G38760
Structure used: 0-download-inputs/data-files/AF-Q9SE45-F1-model_v6.pdb
DeepTMHMM_class: GLOB
Structure source: EBI-selected-UniProt

Attempting prediction for AT2G38910
Done with ΔG prediction for: AT2G38910
Structure used: 0-download-inputs/data-files/AF-Q9ZV15-F1-model_v6.pdb
DeepTMHMM_class: GLOB
Structure source: EBI-selected-UniProt

Attempting prediction for AT2G38940
Prediction skipped for AT2G38940:
has_verified_seq       = True
DeepTMHMM_class         = TM
final_structure_path    = 0-download-inputs/data-files/AF-Q96303-F1-model_v6.pdb
final_structure_source  = EBI-selected-UniProt

Attempting prediction for AT2G39010
Prediction skipped for AT2G39010:
has_verified_seq       = True
DeepTMHMM_class         = TM
final_structure_path    = nan
final_structure_source  = None

Attempting prediction for AT2G39050
Prediction skipped for AT2G39050:
has_verified_seq       = True
DeepTMHMM_class         = GLOB
final_structure_path    = nan
final_structure_source  = None

Attempting prediction for AT2G39090
Done with ΔG prediction for: AT2G39090
Structure used: 0-download-inputs/data-files/AF-Q8VY89-F1-model_v6.pdb
DeepTMHMM_class: GLOB
Structure source: EBI-selected-UniProt

Attempting prediction for AT2G39130
Prediction skipped for AT2G39130:
has_verified_seq       = True
DeepTMHMM_class         = TM
final_structure_path    = 0-download-inputs/data-files/AF-F4IUW3-F1-model_v6.pdb
final_structure_source  = EBI-selected-UniProt

Attempting prediction for AT2G39480
Prediction skipped for AT2G39480:
has_verified_seq       = True
DeepTMHMM_class         = TM
final_structure_path    = 0-download-inputs/data-files/AF-Q8LPT1-F1-model_v6.pdb
final_structure_source  = EBI-selected-UniProt

Attempting prediction for AT2G39660
Done with ΔG prediction for: AT2G39660
Structure used: 0-download-inputs/data-files/AF-O48814-F1-model_v6.pdb
DeepTMHMM_class: GLOB
Structure source: EBI-selected-UniProt

Attempting prediction for AT2G39770
Done with ΔG prediction for: AT2G39770
Structure used: 0-download-inputs/data-files/AF-O22287-F1-model_v6.pdb
DeepTMHMM_class: GLOB
Structure source: EBI-selected-UniProt

Attempting prediction for AT2G39800
Done with ΔG prediction for: AT2G39800
Structure used: 0-download-inputs/data-files/AF-P54887-F1-model_v6.pdb
DeepTMHMM_class: GLOB
Structure source: EBI-selected-UniProt

Attempting prediction for AT2G39810
Done with ΔG prediction for: AT2G39810
Structure used: 0-download-inputs/data-files/AF-Q84JU6-F1-model_v6.pdb
DeepTMHMM_class: GLOB
Structure source: EBI-selected-UniProt

Attempting prediction for AT2G39830
Prediction skipped for AT2G39830:
has_verified_seq       = True
DeepTMHMM_class         = GLOB
final_structure_path    = nan
final_structure_source  = None

Attempting prediction for AT2G39840
Done with ΔG prediction for: AT2G39840
Structure used: 0-download-inputs/data-files/AF-P48484-F1-model_v6.pdb
DeepTMHMM_class: GLOB
Structure source: EBI-selected-UniProt

Attempting prediction for AT2G39940
Done with ΔG prediction for: AT2G39940
Structure used: 0-download-inputs/data-files/AF-O04197-F1-model_v6.pdb
DeepTMHMM_class: GLOB
Structure source: EBI-selected-UniProt

Attempting prediction for AT2G39960
Prediction skipped for AT2G39960:
has_verified_seq       = True
DeepTMHMM_class         = TM
final_structure_path    = 0-download-inputs/data-files/AF-P58684-F1-model_v6.pdb
final_structure_source  = EBI-selected-UniProt

Attempting prediction for AT2G40010
Done with ΔG prediction for: AT2G40010
Structure used: 0-download-inputs/data-files/AF-O04204-F1-model_v6.pdb
DeepTMHMM_class: GLOB
Structure source: EBI-selected-UniProt

Attempting prediction for AT2G40030
Done with ΔG prediction for: AT2G40030
Structure used: 0-download-inputs/data-files/AF-Q5D869-F1-model_v6.pdb
DeepTMHMM_class: GLOB
Structure source: EBI-selected-UniProt

Attempting prediction for AT2G40060
Done with ΔG prediction for: AT2G40060
Structure used: 0-download-inputs/data-files/AF-O04209-F1-model_v6.pdb
DeepTMHMM_class: GLOB
Structure source: EBI-selected-UniProt

Attempting prediction for AT2G40080
Done with ΔG prediction for: AT2G40080
Structure used: 0-download-inputs/data-files/AF-O04211-F1-model_v6.pdb
DeepTMHMM_class: GLOB
Structure source: EBI-selected-UniProt

Attempting prediction for AT2G40290
Done with ΔG prediction for: AT2G40290
Structure used: 0-download-inputs/data-files/AF-Q9SIZ2-F1-model_v6.pdb
DeepTMHMM_class: GLOB
Structure source: EBI-selected-UniProt

Attempting prediction for AT2G40330
Done with ΔG prediction for: AT2G40330
Structure used: 0-download-inputs/data-files/AF-Q8S8E3-F1-model_v6.pdb
DeepTMHMM_class: GLOB
Structure source: EBI-selected-UniProt

Attempting prediction for AT2G40360
Prediction skipped for AT2G40360:
has_verified_seq       = True
DeepTMHMM_class         = GLOB
final_structure_path    = nan
final_structure_source  = None

Attempting prediction for AT2G40470
Done with ΔG prediction for: AT2G40470
Structure used: 0-download-inputs/data-files/AF-Q8L5T5-F1-model_v6.pdb
DeepTMHMM_class: GLOB
Structure source: EBI-selected-UniProt

Attempting prediction for AT2G40490
Done with ΔG prediction for: AT2G40490
Structure used: 0-download-inputs/data-files/AF-O22886-F1-model_v6.pdb
DeepTMHMM_class: GLOB
Structure source: EBI-selected-UniProt

Attempting prediction for AT2G40550
Done with ΔG prediction for: AT2G40550
Structure used: 0-download-inputs/data-files/AF-Q501D5-F1-model_v6.pdb
DeepTMHMM_class: GLOB
Structure source: EBI-selected-UniProt

Attempting prediction for AT2G40590
Done with ΔG prediction for: AT2G40590
Structure used: 0-download-inputs/data-files/AF-P49206-F1-model_v6.pdb
DeepTMHMM_class: GLOB
Structure source: EBI-selected-UniProt

Attempting prediction for AT2G40650
Done with ΔG prediction for: AT2G40650
Structure used: 0-download-inputs/data-files/AF-Q8LB54-F1-model_v6.pdb
DeepTMHMM_class: GLOB
Structure source: EBI-selected-UniProt

Attempting prediction for AT2G40840
Done with ΔG prediction for: AT2G40840
Structure used: 0-download-inputs/data-files/AF-Q8RXD9-F1-model_v6.pdb
DeepTMHMM_class: GLOB
Structure source: EBI-selected-UniProt

Attempting prediction for AT2G40930
Done with ΔG prediction for: AT2G40930
Structure used: 0-download-inputs/data-files/AF-O22207-F1-model_v6.pdb
DeepTMHMM_class: GLOB
Structure source: EBI-selected-UniProt

Attempting prediction for AT2G40940
Prediction skipped for AT2G40940:
has_verified_seq       = True
DeepTMHMM_class         = TM
final_structure_path    = 0-download-inputs/data-files/AF-Q38846-F1-model_v6.pdb
final_structure_source  = EBI-selected-UniProt

Attempting prediction for AT2G41070
Prediction skipped for AT2G41070:
has_verified_seq       = True
DeepTMHMM_class         = GLOB
final_structure_path    = nan
final_structure_source  = None

Attempting prediction for AT2G41090
Done with ΔG prediction for: AT2G41090
Structure used: 0-download-inputs/data-files/AF-P30187-F1-model_v6.pdb
DeepTMHMM_class: GLOB
Structure source: EBI-selected-UniProt

Attempting prediction for AT2G41100
Prediction skipped for AT2G41100:
has_verified_seq       = True
DeepTMHMM_class         = GLOB
final_structure_path    = nan
final_structure_source  = None

Attempting prediction for AT2G41110
Done with ΔG prediction for: AT2G41110
Structure used: 0-download-inputs/data-files/AF-P0DH97-F1-model_v6.pdb
DeepTMHMM_class: GLOB
Structure source: EBI-selected-UniProt

Attempting prediction for AT2G41140
Done with ΔG prediction for: AT2G41140
Structure used: 0-download-inputs/data-files/AF-O80673-F1-model_v6.pdb
DeepTMHMM_class: GLOB
Structure source: EBI-selected-UniProt

Attempting prediction for AT2G41475
Done with ΔG prediction for: AT2G41475
Structure used: 0-download-inputs/data-files/AF-Q681K2-F1-model_v6-cleaved.pdb
DeepTMHMM_class: SP
Structure source: EBI-selected-UniProt-cleaved

Attempting prediction for AT2G41540
Done with ΔG prediction for: AT2G41540
Structure used: 0-download-inputs/data-files/AF-O22216-F1-model_v6.pdb
DeepTMHMM_class: GLOB
Structure source: EBI-selected-UniProt

Attempting prediction for AT2G41630
Done with ΔG prediction for: AT2G41630
Structure used: 0-download-inputs/data-files/AF-P48512-F1-model_v6.pdb
DeepTMHMM_class: GLOB
Structure source: EBI-selected-UniProt

Attempting prediction for AT2G41680
Prediction skipped for AT2G41680:
has_verified_seq       = True
DeepTMHMM_class         = GLOB
final_structure_path    = nan
final_structure_source  = None

Attempting prediction for AT2G41840
Done with ΔG prediction for: AT2G41840
Structure used: 0-download-inputs/data-files/AF-P49688-F1-model_v6.pdb
DeepTMHMM_class: GLOB
Structure source: EBI-selected-UniProt

Attempting prediction for AT2G41900
Done with ΔG prediction for: AT2G41900
Structure used: 0-download-inputs/data-files/AF-P93755-F1-model_v6.pdb
DeepTMHMM_class: GLOB
Structure source: EBI-selected-UniProt

Attempting prediction for AT2G42160
Done with ΔG prediction for: AT2G42160
Structure used: 0-download-inputs/data-files/AF-E5KGE0-F1-model_v6.pdb
DeepTMHMM_class: GLOB
Structure source: EBI-selected-UniProt

Attempting prediction for AT2G42210
Done with ΔG prediction for: AT2G42210
Structure used: 0-download-inputs/data-files/AF-O48528-F1-model_v6.pdb
DeepTMHMM_class: GLOB
Structure source: EBI-selected-UniProt

Attempting prediction for AT2G42260
Done with ΔG prediction for: AT2G42260
Structure used: 0-download-inputs/data-files/AF-O48533-F1-model_v6.pdb
DeepTMHMM_class: GLOB
Structure source: EBI-selected-UniProt

Attempting prediction for AT2G42280
Done with ΔG prediction for: AT2G42280
Structure used: 0-download-inputs/data-files/AF-Q66GR3-F1-model_v6.pdb
DeepTMHMM_class: GLOB
Structure source: EBI-selected-UniProt

Attempting prediction for AT2G42360
Prediction skipped for AT2G42360:
has_verified_seq       = True
DeepTMHMM_class         = TM
final_structure_path    = 0-download-inputs/data-files/AF-Q9SLC3-F1-model_v6.pdb
final_structure_source  = EBI-selected-UniProt

Attempting prediction for AT2G42400
Done with ΔG prediction for: AT2G42400
Structure used: 0-download-inputs/data-files/AF-Q9SLB9-F1-model_v6.pdb
DeepTMHMM_class: GLOB
Structure source: EBI-selected-UniProt

Attempting prediction for AT2G42500
Done with ΔG prediction for: AT2G42500
Structure used: 0-download-inputs/data-files/AF-Q07100-F1-model_v6.pdb
DeepTMHMM_class: GLOB
Structure source: EBI-selected-UniProt

Attempting prediction for AT2G42560
Done with ΔG prediction for: AT2G42560
Structure used: 0-download-inputs/data-files/AF-Q9SIN3-F1-model_v6.pdb
DeepTMHMM_class: GLOB
Structure source: EBI-selected-UniProt

Attempting prediction for AT2G42580
Done with ΔG prediction for: AT2G42580
Structure used: 0-download-inputs/data-files/AF-Q9SIN1-F1-model_v6.pdb
DeepTMHMM_class: GLOB
Structure source: EBI-selected-UniProt

Attempting prediction for AT2G42590
Done with ΔG prediction for: AT2G42590
Structure used: 0-download-inputs/data-files/AF-Q96299-F1-model_v6.pdb
DeepTMHMM_class: GLOB
Structure source: EBI-selected-UniProt

Attempting prediction for AT2G42600
Done with ΔG prediction for: AT2G42600
Structure used: 0-download-inputs/data-files/AF-Q5GM68-F1-model_v6.pdb
DeepTMHMM_class: GLOB
Structure source: EBI-selected-UniProt

Attempting prediction for AT2G42620
Done with ΔG prediction for: AT2G42620
Structure used: 0-download-inputs/data-files/AF-Q9SIM9-F1-model_v6.pdb
DeepTMHMM_class: GLOB
Structure source: EBI-selected-UniProt

Attempting prediction for AT2G42790
Done with ΔG prediction for: AT2G42790
Structure used: 0-download-inputs/data-files/AF-Q9SJH7-F1-model_v6.pdb
DeepTMHMM_class: GLOB
Structure source: EBI-selected-UniProt

Attempting prediction for AT2G42810
Prediction skipped for AT2G42810:
has_verified_seq       = True
DeepTMHMM_class         = GLOB
final_structure_path    = nan
final_structure_source  = None

Attempting prediction for AT2G42830
Prediction skipped for AT2G42830:
has_verified_seq       = True
DeepTMHMM_class         = GLOB
final_structure_path    = nan
final_structure_source  = None

Attempting prediction for AT2G42870
Done with ΔG prediction for: AT2G42870
Structure used: 0-download-inputs/data-files/AF-Q9SJH0-F1-model_v6.pdb
DeepTMHMM_class: GLOB
Structure source: EBI-selected-UniProt

Attempting prediction for AT2G42910
Done with ΔG prediction for: AT2G42910
Structure used: 0-download-inputs/data-files/AF-Q680A5-F1-model_v6.pdb
DeepTMHMM_class: GLOB
Structure source: EBI-selected-UniProt

Attempting prediction for AT2G42940
Done with ΔG prediction for: AT2G42940
Structure used: 0-download-inputs/data-files/AF-Q9SJG4-F1-model_v6.pdb
DeepTMHMM_class: GLOB
Structure source: EBI-selected-UniProt

Attempting prediction for AT2G43000
Done with ΔG prediction for: AT2G43000
Structure used: 0-download-inputs/data-files/AF-Q9SK55-F1-model_v6.pdb
DeepTMHMM_class: GLOB
Structure source: EBI-selected-UniProt

Attempting prediction for AT2G43010
Prediction skipped for AT2G43010:
has_verified_seq       = True
DeepTMHMM_class         = GLOB
final_structure_path    = nan
final_structure_source  = None

Attempting prediction for AT2G43030
Done with ΔG prediction for: AT2G43030
Structure used: 0-download-inputs/data-files/AF-Q9SKX4-F1-model_v6.pdb
DeepTMHMM_class: GLOB
Structure source: EBI-selected-UniProt

Attempting prediction for AT2G43120
Prediction skipped for AT2G43120:
has_verified_seq       = True
DeepTMHMM_class         = GLOB
final_structure_path    = nan
final_structure_source  = None

Attempting prediction for AT2G43130
Done with ΔG prediction for: AT2G43130
Structure used: 0-download-inputs/data-files/AF-P28187-F1-model_v6.pdb
DeepTMHMM_class: GLOB
Structure source: EBI-selected-UniProt

Attempting prediction for AT2G43160
Prediction skipped for AT2G43160:
has_verified_seq       = True
DeepTMHMM_class         = GLOB
final_structure_path    = nan
final_structure_source  = None

Attempting prediction for AT2G43410
Prediction skipped for AT2G43410:
has_verified_seq       = True
DeepTMHMM_class         = GLOB
final_structure_path    = nan
final_structure_source  = None

Attempting prediction for AT2G43460
Done with ΔG prediction for: AT2G43460
Structure used: 0-download-inputs/data-files/AF-O22860-F1-model_v6.pdb
DeepTMHMM_class: GLOB
Structure source: EBI-selected-UniProt

Attempting prediction for AT2G43610
Done with ΔG prediction for: AT2G43610
Structure used: 0-download-inputs/data-files/AF-O22842-F1-model_v6-cleaved.pdb
DeepTMHMM_class: SP
Structure source: EBI-selected-UniProt-cleaved

Attempting prediction for AT2G43640
Done with ΔG prediction for: AT2G43640
Structure used: 0-download-inputs/data-files/AF-O04421-F1-model_v6.pdb
DeepTMHMM_class: GLOB
Structure source: EBI-selected-UniProt

Attempting prediction for AT2G43680
Prediction skipped for AT2G43680:
has_verified_seq       = True
DeepTMHMM_class         = GLOB
final_structure_path    = nan
final_structure_source  = None

Attempting prediction for AT2G43710
Done with ΔG prediction for: AT2G43710
Structure used: 0-download-inputs/data-files/AF-O22832-F1-model_v6.pdb
DeepTMHMM_class: GLOB
Structure source: EBI-selected-UniProt

Attempting prediction for AT2G43750
Done with ΔG prediction for: AT2G43750
Structure used: 0-download-inputs/data-files/AF-P47999-F1-model_v6.pdb
DeepTMHMM_class: GLOB
Structure source: EBI-selected-UniProt

Attempting prediction for AT2G43790
Done with ΔG prediction for: AT2G43790
Structure used: 0-download-inputs/data-files/AF-Q39026-F1-model_v6.pdb
DeepTMHMM_class: GLOB
Structure source: EBI-selected-UniProt

Attempting prediction for AT2G43970
Done with ΔG prediction for: AT2G43970
Structure used: 0-download-inputs/data-files/AF-O80567-F1-model_v6.pdb
DeepTMHMM_class: GLOB
Structure source: EBI-selected-UniProt

Attempting prediction for AT2G44060
Prediction skipped for AT2G44060:
has_verified_seq       = True
DeepTMHMM_class         = TM
final_structure_path    = nan
final_structure_source  = None

Attempting prediction for AT2G44100
Done with ΔG prediction for: AT2G44100
Structure used: 0-download-inputs/data-files/AF-Q96254-F1-model_v6.pdb
DeepTMHMM_class: GLOB
Structure source: EBI-selected-UniProt

Attempting prediction for AT2G44120
Done with ΔG prediction for: AT2G44120
Structure used: 0-download-inputs/data-files/AF-P60039-F1-model_v6.pdb
DeepTMHMM_class: GLOB
Structure source: EBI-selected-UniProt

Attempting prediction for AT2G44190
Done with ΔG prediction for: AT2G44190
Structure used: 0-download-inputs/data-files/AF-O80588-F1-model_v6.pdb
DeepTMHMM_class: GLOB
Structure source: EBI-selected-UniProt

Attempting prediction for AT2G44270
Done with ΔG prediction for: AT2G44270
Structure used: 0-download-inputs/data-files/AF-O64862-F1-model_v6.pdb
DeepTMHMM_class: GLOB
Structure source: EBI-selected-UniProt

Attempting prediction for AT2G44350
Prediction skipped for AT2G44350:
has_verified_seq       = True
DeepTMHMM_class         = GLOB
final_structure_path    = nan
final_structure_source  = None

Attempting prediction for AT2G44490
Prediction skipped for AT2G44490:
has_verified_seq       = True
DeepTMHMM_class         = SP+TM
final_structure_path    = 0-download-inputs/data-files/AF-O64883-F1-model_v6.pdb
final_structure_source  = EBI-selected-UniProt

Attempting prediction for AT2G44530
Done with ΔG prediction for: AT2G44530
Structure used: 0-download-inputs/data-files/AF-O64888-F1-model_v6.pdb
DeepTMHMM_class: GLOB
Structure source: EBI-selected-UniProt

Attempting prediction for AT2G44650
Done with ΔG prediction for: AT2G44650
Structure used: 0-download-inputs/data-files/AF-O80504-F1-model_v6.pdb
DeepTMHMM_class: GLOB
Structure source: EBI-selected-UniProt

Attempting prediction for AT2G44670
Done with ΔG prediction for: AT2G44670
Structure used: 0-download-inputs/data-files/AF-O80506-F1-model_v6.pdb
DeepTMHMM_class: GLOB
Structure source: EBI-selected-UniProt

Attempting prediction for AT2G44680
Prediction skipped for AT2G44680:
has_verified_seq       = True
DeepTMHMM_class         = GLOB
final_structure_path    = nan
final_structure_source  = None

Attempting prediction for AT2G44710
Prediction skipped for AT2G44710:
has_verified_seq       = True
DeepTMHMM_class         = GLOB
final_structure_path    = nan
final_structure_source  = None

Attempting prediction for AT2G44745
Done with ΔG prediction for: AT2G44745
Structure used: 0-download-inputs/data-files/AF-Q93WY4-F1-model_v6.pdb
DeepTMHMM_class: GLOB
Structure source: EBI-selected-UniProt

Attempting prediction for AT2G44790
Done with ΔG prediction for: AT2G44790
Structure used: 0-download-inputs/data-files/AF-O80517-F1-model_v6-cleaved.pdb
DeepTMHMM_class: SP
Structure source: EBI-selected-UniProt-cleaved

Attempting prediction for AT2G45000
Done with ΔG prediction for: AT2G45000
Structure used: 0-download-inputs/data-files/AF-Q8L7F7-F1-model_v6.pdb
DeepTMHMM_class: GLOB
Structure source: EBI-selected-UniProt

Attempting prediction for AT2G45140
Prediction skipped for AT2G45140:
has_verified_seq       = True
DeepTMHMM_class         = TM
final_structure_path    = 0-download-inputs/data-files/AF-Q9SHC8-F1-model_v6.pdb
final_structure_source  = EBI-selected-UniProt

Attempting prediction for AT2G45160
Done with ΔG prediction for: AT2G45160
Structure used: 0-download-inputs/data-files/AF-Q7XJM8-F1-model_v6.pdb
DeepTMHMM_class: GLOB
Structure source: EBI-selected-UniProt

Attempting prediction for AT2G45170
Done with ΔG prediction for: AT2G45170
Structure used: 0-download-inputs/data-files/AF-Q8S926-F1-model_v6.pdb
DeepTMHMM_class: GLOB
Structure source: EBI-selected-UniProt

Attempting prediction for AT2G45180
Done with ΔG prediction for: AT2G45180
Structure used: 0-download-inputs/data-files/AF-Q42044-F1-model_v6-cleaved.pdb
DeepTMHMM_class: SP
Structure source: EBI-selected-UniProt-cleaved

Attempting prediction for AT2G45440
Done with ΔG prediction for: AT2G45440
Structure used: 0-download-inputs/data-files/AF-Q9FVC8-F1-model_v6.pdb
DeepTMHMM_class: GLOB
Structure source: EBI-selected-UniProt

Attempting prediction for AT2G45480
Done with ΔG prediction for: AT2G45480
Structure used: 0-download-inputs/data-files/AF-Q8S9M3-F1-model_v6.pdb
DeepTMHMM_class: GLOB
Structure source: EBI-selected-UniProt

Attempting prediction for AT2G45510
Done with ΔG prediction for: AT2G45510
Structure used: 0-download-inputs/data-files/AF-O64631-F1-model_v6.pdb
DeepTMHMM_class: GLOB
Structure source: EBI-selected-UniProt

Attempting prediction for AT2G45640
Done with ΔG prediction for: AT2G45640
Structure used: 0-download-inputs/data-files/AF-O64644-F1-model_v6.pdb
DeepTMHMM_class: GLOB
Structure source: EBI-selected-UniProt

Attempting prediction for AT2G45660
Done with ΔG prediction for: AT2G45660
Structure used: 0-download-inputs/data-files/AF-O64645-F1-model_v6.pdb
DeepTMHMM_class: GLOB
Structure source: EBI-selected-UniProt

Attempting prediction for AT2G45740
Done with ΔG prediction for: AT2G45740
Structure used: 0-download-inputs/data-files/AF-O80845-F1-model_v6.pdb
DeepTMHMM_class: GLOB
Structure source: EBI-selected-UniProt

Attempting prediction for AT2G45770
Done with ΔG prediction for: AT2G45770
Structure used: 0-download-inputs/data-files/AF-O80842-F1-model_v6.pdb
DeepTMHMM_class: GLOB
Structure source: EBI-selected-UniProt

Attempting prediction for AT2G45790
Done with ΔG prediction for: AT2G45790
Structure used: 0-download-inputs/data-files/AF-O80840-F1-model_v6.pdb
DeepTMHMM_class: GLOB
Structure source: EBI-selected-UniProt

Attempting prediction for AT2G45810
Done with ΔG prediction for: AT2G45810
Structure used: 0-download-inputs/data-files/AF-Q94BV4-F1-model_v6.pdb
DeepTMHMM_class: GLOB
Structure source: EBI-selected-UniProt

Attempting prediction for AT2G45820
Done with ΔG prediction for: AT2G45820
Structure used: 0-download-inputs/data-files/AF-O80837-F1-model_v6.pdb
DeepTMHMM_class: GLOB
Structure source: EBI-selected-UniProt

Attempting prediction for AT2G45890
Done with ΔG prediction for: AT2G45890
Structure used: 0-download-inputs/data-files/AF-Q0WNP7-F1-model_v6.pdb
DeepTMHMM_class: GLOB
Structure source: EBI-selected-UniProt

Attempting prediction for AT2G45960
Prediction skipped for AT2G45960:
has_verified_seq       = True
DeepTMHMM_class         = TM
final_structure_path    = nan
final_structure_source  = None

Attempting prediction for AT2G45980
Done with ΔG prediction for: AT2G45980
Structure used: 0-download-inputs/data-files/AF-O82775-F1-model_v6.pdb
DeepTMHMM_class: GLOB
Structure source: EBI-selected-UniProt

Attempting prediction for AT2G46020
Done with ΔG prediction for: AT2G46020
Structure used: 0-download-inputs/data-files/AF-Q6EVK6-F1-model_v6.pdb
DeepTMHMM_class: GLOB
Structure source: EBI-selected-UniProt

Attempting prediction for AT2G46040
Done with ΔG prediction for: AT2G46040
Structure used: 0-download-inputs/data-files/AF-Q84JT7-F1-model_v6.pdb
DeepTMHMM_class: GLOB
Structure source: EBI-selected-UniProt

Attempting prediction for AT2G46130
Done with ΔG prediction for: AT2G46130
Structure used: 0-download-inputs/data-files/AF-Q8GY11-F1-model_v6.pdb
DeepTMHMM_class: GLOB
Structure source: EBI-selected-UniProt

Attempting prediction for AT2G46280
Done with ΔG prediction for: AT2G46280
Structure used: 0-download-inputs/data-files/AF-Q38884-F1-model_v6.pdb
DeepTMHMM_class: GLOB
Structure source: EBI-selected-UniProt

Attempting prediction for AT2G46340
Prediction skipped for AT2G46340:
has_verified_seq       = True
DeepTMHMM_class         = GLOB
final_structure_path    = nan
final_structure_source  = None

Attempting prediction for AT2G46370
Done with ΔG prediction for: AT2G46370
Structure used: 0-download-inputs/data-files/AF-Q9SKE2-F1-model_v6.pdb
DeepTMHMM_class: GLOB
Structure source: EBI-selected-UniProt

Attempting prediction for AT2G46500
Done with ΔG prediction for: AT2G46500
Structure used: 0-download-inputs/data-files/AF-Q9ZPY9-F1-model_v6.pdb
DeepTMHMM_class: GLOB
Structure source: EBI-selected-UniProt

Attempting prediction for AT2G46510
Done with ΔG prediction for: AT2G46510
Structure used: 0-download-inputs/data-files/AF-Q9ZPY8-F1-model_v6.pdb
DeepTMHMM_class: GLOB
Structure source: EBI-selected-UniProt

Attempting prediction for AT2G46700
Done with ΔG prediction for: AT2G46700
Structure used: 0-download-inputs/data-files/AF-Q9ZUZ2-F1-model_v6.pdb
DeepTMHMM_class: GLOB
Structure source: EBI-selected-UniProt

Attempting prediction for AT2G46790
Done with ΔG prediction for: AT2G46790
Structure used: 0-download-inputs/data-files/AF-Q8L500-F1-model_v6.pdb
DeepTMHMM_class: GLOB
Structure source: EBI-selected-UniProt

Attempting prediction for AT2G46800
Prediction skipped for AT2G46800:
has_verified_seq       = True
DeepTMHMM_class         = TM
final_structure_path    = 0-download-inputs/data-files/AF-Q9ZT63-F1-model_v6.pdb
final_structure_source  = EBI-selected-UniProt

Attempting prediction for AT2G46830
Done with ΔG prediction for: AT2G46830
Structure used: 0-download-inputs/data-files/AF-P92973-F1-model_v6.pdb
DeepTMHMM_class: GLOB
Structure source: EBI-selected-UniProt

Attempting prediction for AT2G46970
Done with ΔG prediction for: AT2G46970
Structure used: 0-download-inputs/data-files/AF-Q8L5W8-F1-model_v6.pdb
DeepTMHMM_class: GLOB
Structure source: EBI-selected-UniProt

Attempting prediction for AT2G47060
Prediction skipped for AT2G47060:
has_verified_seq       = True
DeepTMHMM_class         = GLOB
final_structure_path    = nan
final_structure_source  = None

Attempting prediction for AT2G47090
Done with ΔG prediction for: AT2G47090
Structure used: 0-download-inputs/data-files/AF-F4IK69-F1-model_v6.pdb
DeepTMHMM_class: GLOB
Structure source: EBI-selected-UniProt

Attempting prediction for AT2G47110
Done with ΔG prediction for: AT2G47110
Structure used: 0-download-inputs/data-files/AF-P59232-F1-model_v6.pdb
DeepTMHMM_class: GLOB
Structure source: EBI-selected-UniProt

Attempting prediction for AT2G47210
Done with ΔG prediction for: AT2G47210
Structure used: 0-download-inputs/data-files/AF-Q8VZL6-F1-model_v6.pdb
DeepTMHMM_class: GLOB
Structure source: EBI-selected-UniProt

Attempting prediction for AT2G47430
Prediction skipped for AT2G47430:
has_verified_seq       = True
DeepTMHMM_class         = TM
final_structure_path    = 0-download-inputs/data-files/AF-O22267-F1-model_v6.pdb
final_structure_source  = EBI-selected-UniProt

Attempting prediction for AT2G47450
Done with ΔG prediction for: AT2G47450
Structure used: 0-download-inputs/data-files/AF-O22265-F1-model_v6.pdb
DeepTMHMM_class: GLOB
Structure source: EBI-selected-UniProt

Attempting prediction for AT2G47470
Done with ΔG prediction for: AT2G47470
Structure used: 0-download-inputs/data-files/AF-O22263-F1-model_v6-cleaved.pdb
DeepTMHMM_class: SP
Structure source: EBI-selected-UniProt-cleaved

Attempting prediction for AT2G47610
Done with ΔG prediction for: AT2G47610
Structure used: 0-download-inputs/data-files/AF-P49692-F1-model_v6.pdb
DeepTMHMM_class: GLOB
Structure source: EBI-selected-UniProt

Attempting prediction for AT2G47620
Done with ΔG prediction for: AT2G47620
Structure used: 0-download-inputs/data-files/AF-Q8W475-F1-model_v6.pdb
DeepTMHMM_class: GLOB
Structure source: EBI-selected-UniProt

Attempting prediction for AT2G47710
Done with ΔG prediction for: AT2G47710
Structure used: 0-download-inputs/data-files/AF-O82240-F1-model_v6.pdb
DeepTMHMM_class: GLOB
Structure source: EBI-selected-UniProt

Attempting prediction for AT2G47750
Done with ΔG prediction for: AT2G47750
Structure used: 0-download-inputs/data-files/AF-O82243-F1-model_v6.pdb
DeepTMHMM_class: GLOB
Structure source: EBI-selected-UniProt

Attempting prediction for AT2G47770
Prediction skipped for AT2G47770:
has_verified_seq       = True
DeepTMHMM_class         = TM
final_structure_path    = 0-download-inputs/data-files/AF-O82245-F1-model_v6.pdb
final_structure_source  = EBI-selected-UniProt

Attempting prediction for AT2G47900
Done with ΔG prediction for: AT2G47900
Structure used: 0-download-inputs/data-files/AF-Q8VY21-F1-model_v6.pdb
DeepTMHMM_class: GLOB
Structure source: EBI-selected-UniProt

Attempting prediction for AT3G01050
Prediction skipped for AT3G01050:
has_verified_seq       = True
DeepTMHMM_class         = GLOB
final_structure_path    = nan
final_structure_source  = None

Attempting prediction for AT3G01090
Done with ΔG prediction for: AT3G01090
Structure used: 0-download-inputs/data-files/AF-Q38997-F1-model_v6.pdb
DeepTMHMM_class: GLOB
Structure source: EBI-selected-UniProt

Attempting prediction for AT3G01180
Done with ΔG prediction for: AT3G01180
Structure used: 0-download-inputs/data-files/AF-Q9MAC8-F1-model_v6.pdb
DeepTMHMM_class: GLOB
Structure source: EBI-selected-UniProt

Attempting prediction for AT3G01280
Prediction skipped for AT3G01280:
has_verified_seq       = True
DeepTMHMM_class         = BETA
final_structure_path    = 0-download-inputs/data-files/AF-Q9SRH5-F1-model_v6.pdb
final_structure_source  = EBI-selected-UniProt

Attempting prediction for AT3G01290
Done with ΔG prediction for: AT3G01290
Structure used: 0-download-inputs/data-files/AF-Q9SRH6-F1-model_v6.pdb
DeepTMHMM_class: GLOB
Structure source: EBI-selected-UniProt

Attempting prediction for AT3G01330
Done with ΔG prediction for: AT3G01330
Structure used: 0-download-inputs/data-files/AF-Q8RWL0-F1-model_v6.pdb
DeepTMHMM_class: GLOB
Structure source: EBI-selected-UniProt

Attempting prediction for AT3G01340
Done with ΔG prediction for: AT3G01340
Structure used: 0-download-inputs/data-files/AF-Q9SRI1-F1-model_v6.pdb
DeepTMHMM_class: GLOB
Structure source: EBI-selected-UniProt

Attempting prediction for AT3G01440
Done with ΔG prediction for: AT3G01440
Structure used: 0-download-inputs/data-files/AF-Q9SGH4-F1-model_v6.pdb
DeepTMHMM_class: GLOB
Structure source: EBI-selected-UniProt

Attempting prediction for AT3G01460
Done with ΔG prediction for: AT3G01460
Structure used: 0-download-inputs/data-files/AF-Q9SGH2-F1-model_v6.pdb
DeepTMHMM_class: GLOB
Structure source: EBI-selected-UniProt

Attempting prediction for AT3G01470
Done with ΔG prediction for: AT3G01470
Structure used: 0-download-inputs/data-files/AF-Q02283-F1-model_v6.pdb
DeepTMHMM_class: GLOB
Structure source: EBI-selected-UniProt

Attempting prediction for AT3G01500
Done with ΔG prediction for: AT3G01500
Structure used: 0-download-inputs/data-files/AF-P27140-F1-model_v6.pdb
DeepTMHMM_class: GLOB
Structure source: EBI-selected-UniProt

Attempting prediction for AT3G01570
Prediction skipped for AT3G01570:
has_verified_seq       = True
DeepTMHMM_class         = TM
final_structure_path    = 0-download-inputs/data-files/AF-Q9SS98-F1-model_v6.pdb
final_structure_source  = EBI-selected-UniProt

Attempting prediction for AT3G01610
Done with ΔG prediction for: AT3G01610
Structure used: 0-download-inputs/data-files/AF-Q9SS94-F1-model_v6.pdb
DeepTMHMM_class: GLOB
Structure source: EBI-selected-UniProt

Attempting prediction for AT3G01780
Done with ΔG prediction for: AT3G01780
Structure used: 0-download-inputs/data-files/AF-F4J8D3-F1-model_v6.pdb
DeepTMHMM_class: GLOB
Structure source: EBI-selected-UniProt

Attempting prediction for AT3G01890
Prediction skipped for AT3G01890:
has_verified_seq       = True
DeepTMHMM_class         = GLOB
final_structure_path    = nan
final_structure_source  = None

Attempting prediction for AT3G01910
Done with ΔG prediction for: AT3G01910
Structure used: 0-download-inputs/data-files/AF-Q9S850-F1-model_v6.pdb
DeepTMHMM_class: GLOB
Structure source: EBI-selected-UniProt

Attempting prediction for AT3G02000
Done with ΔG prediction for: AT3G02000
Structure used: 0-download-inputs/data-files/AF-Q96305-F1-model_v6.pdb
DeepTMHMM_class: GLOB
Structure source: EBI-selected-UniProt

Attempting prediction for AT3G02065
Done with ΔG prediction for: AT3G02065
Structure used: 0-download-inputs/data-files/AF-Q3EBD3-F1-model_v6.pdb
DeepTMHMM_class: GLOB
Structure source: EBI-selected-UniProt

Attempting prediction for AT3G02090
Done with ΔG prediction for: AT3G02090
Structure used: 0-download-inputs/data-files/AF-Q42290-F1-model_v6.pdb
DeepTMHMM_class: GLOB
Structure source: EBI-selected-UniProt

Attempting prediction for AT3G02130
Prediction skipped for AT3G02130:
has_verified_seq       = True
DeepTMHMM_class         = SP+TM
final_structure_path    = 0-download-inputs/data-files/AF-Q9S7I6-F1-model_v6-cleaved.pdb
final_structure_source  = EBI-selected-UniProt-cleaved

Attempting prediction for AT3G02170
Done with ΔG prediction for: AT3G02170
Structure used: 0-download-inputs/data-files/AF-Q9S823-F1-model_v6.pdb
DeepTMHMM_class: GLOB
Structure source: EBI-selected-UniProt

Attempting prediction for AT3G02230
Done with ΔG prediction for: AT3G02230
Structure used: 0-download-inputs/data-files/AF-Q9SRT9-F1-model_v6.pdb
DeepTMHMM_class: GLOB
Structure source: EBI-selected-UniProt

Attempting prediction for AT3G02260
Prediction skipped for AT3G02260:
has_verified_seq       = True
DeepTMHMM_class         = GLOB
final_structure_path    = nan
final_structure_source  = None

Attempting prediction for AT3G02360
Done with ΔG prediction for: AT3G02360
Structure used: 0-download-inputs/data-files/AF-Q9FWA3-F1-model_v6.pdb
DeepTMHMM_class: GLOB
Structure source: EBI-selected-UniProt

Attempting prediction for AT3G02420
Prediction skipped for AT3G02420:
has_verified_seq       = True
DeepTMHMM_class         = TM
final_structure_path    = 0-download-inputs/data-files/AF-Q9M898-F1-model_v6.pdb
final_structure_source  = EBI-selected-UniProt

Attempting prediction for AT3G02520
Done with ΔG prediction for: AT3G02520
Structure used: 0-download-inputs/data-files/AF-Q96300-F1-model_v6.pdb
DeepTMHMM_class: GLOB
Structure source: EBI-selected-UniProt

Attempting prediction for AT3G02530
Done with ΔG prediction for: AT3G02530
Structure used: 0-download-inputs/data-files/AF-Q9M888-F1-model_v6.pdb
DeepTMHMM_class: GLOB
Structure source: EBI-selected-UniProt

Attempting prediction for AT3G02540
Done with ΔG prediction for: AT3G02540
Structure used: 0-download-inputs/data-files/AF-Q84L31-F1-model_v6.pdb
DeepTMHMM_class: GLOB
Structure source: EBI-selected-UniProt

Attempting prediction for AT3G02550
Done with ΔG prediction for: AT3G02550
Structure used: 0-download-inputs/data-files/AF-Q9M886-F1-model_v6.pdb
DeepTMHMM_class: GLOB
Structure source: EBI-selected-UniProt

Attempting prediction for AT3G02860
Prediction skipped for AT3G02860:
has_verified_seq       = True
DeepTMHMM_class         = GLOB
final_structure_path    = nan
final_structure_source  = None

Attempting prediction for AT3G02880
Prediction skipped for AT3G02880:
has_verified_seq       = True
DeepTMHMM_class         = SP+TM
final_structure_path    = 0-download-inputs/data-files/AF-Q9M8T0-F1-model_v6-cleaved.pdb
final_structure_source  = EBI-selected-UniProt-cleaved

Attempting prediction for AT3G03000
Done with ΔG prediction for: AT3G03000
Structure used: 0-download-inputs/data-files/AF-Q9M8U1-F1-model_v6.pdb
DeepTMHMM_class: GLOB
Structure source: EBI-selected-UniProt

Attempting prediction for AT3G03270
Prediction skipped for AT3G03270:
has_verified_seq       = True
DeepTMHMM_class         = GLOB
final_structure_path    = nan
final_structure_source  = None

Attempting prediction for AT3G03450
Done with ΔG prediction for: AT3G03450
Structure used: 0-download-inputs/data-files/AF-Q8GXW1-F1-model_v6.pdb
DeepTMHMM_class: GLOB
Structure source: EBI-selected-UniProt

Attempting prediction for AT3G03460
Done with ΔG prediction for: AT3G03460
Structure used: 0-download-inputs/data-files/AF-Q9SRQ0-F1-model_v6.pdb
DeepTMHMM_class: GLOB
Structure source: EBI-selected-UniProt

Attempting prediction for AT3G03490
Done with ΔG prediction for: AT3G03490
Structure used: 0-download-inputs/data-files/AF-Q9SRQ3-F1-model_v6.pdb
DeepTMHMM_class: GLOB
Structure source: EBI-selected-UniProt

Attempting prediction for AT3G03530
Done with ΔG prediction for: AT3G03530
Structure used: 0-download-inputs/data-files/AF-Q9SRQ7-F1-model_v6.pdb
DeepTMHMM_class: GLOB
Structure source: EBI-selected-UniProt

Attempting prediction for AT3G03550
Prediction skipped for AT3G03550:
has_verified_seq       = True
DeepTMHMM_class         = TM
final_structure_path    = 0-download-inputs/data-files/AF-Q9SRQ8-F1-model_v6.pdb
final_structure_source  = EBI-selected-UniProt

Attempting prediction for AT3G03780
Done with ΔG prediction for: AT3G03780
Structure used: 0-download-inputs/data-files/AF-Q9SRV5-F1-model_v6.pdb
DeepTMHMM_class: GLOB
Structure source: EBI-selected-UniProt

Attempting prediction for AT3G03920
Done with ΔG prediction for: AT3G03920
Structure used: 0-download-inputs/data-files/AF-Q8VZT0-F1-model_v6.pdb
DeepTMHMM_class: GLOB
Structure source: EBI-selected-UniProt

Attempting prediction for AT3G03960
Done with ΔG prediction for: AT3G03960
Structure used: 0-download-inputs/data-files/AF-Q94K05-F1-model_v6.pdb
DeepTMHMM_class: GLOB
Structure source: EBI-selected-UniProt

Attempting prediction for AT3G04120
Done with ΔG prediction for: AT3G04120
Structure used: 0-download-inputs/data-files/AF-P25858-F1-model_v6.pdb
DeepTMHMM_class: GLOB
Structure source: EBI-selected-UniProt

Attempting prediction for AT3G04240
Done with ΔG prediction for: AT3G04240
Structure used: 0-download-inputs/data-files/AF-Q9M8Y0-F1-model_v6.pdb
DeepTMHMM_class: GLOB
Structure source: EBI-selected-UniProt

Attempting prediction for AT3G04380
Prediction skipped for AT3G04380:
has_verified_seq       = True
DeepTMHMM_class         = GLOB
final_structure_path    = nan
final_structure_source  = None

Attempting prediction for AT3G04550
Done with ΔG prediction for: AT3G04550
Structure used: 0-download-inputs/data-files/AF-Q9SR19-F1-model_v6.pdb
DeepTMHMM_class: GLOB
Structure source: EBI-selected-UniProt

Attempting prediction for AT3G04580
Prediction skipped for AT3G04580:
has_verified_seq       = True
DeepTMHMM_class         = SP+TM
final_structure_path    = 0-download-inputs/data-files/AF-Q9ZTP3-F1-model_v6-cleaved.pdb
final_structure_source  = EBI-selected-UniProt-cleaved

Attempting prediction for AT3G04610
Done with ΔG prediction for: AT3G04610
Structure used: 0-download-inputs/data-files/AF-Q9SR13-F1-model_v6.pdb
DeepTMHMM_class: GLOB
Structure source: EBI-selected-UniProt

Attempting prediction for AT3G04680
Done with ΔG prediction for: AT3G04680
Structure used: 0-download-inputs/data-files/AF-Q9SR06-F1-model_v6.pdb
DeepTMHMM_class: GLOB
Structure source: EBI-selected-UniProt

Attempting prediction for AT3G04710
Done with ΔG prediction for: AT3G04710
Structure used: 0-download-inputs/data-files/AF-F4J4V4-F1-model_v6.pdb
DeepTMHMM_class: GLOB
Structure source: EBI-selected-UniProt

Attempting prediction for AT3G04790
Done with ΔG prediction for: AT3G04790
Structure used: 0-download-inputs/data-files/AF-Q9S726-F1-model_v6.pdb
DeepTMHMM_class: GLOB
Structure source: EBI-selected-UniProt

Attempting prediction for AT3G04840
Done with ΔG prediction for: AT3G04840
Structure used: 0-download-inputs/data-files/AF-Q9CAV0-F1-model_v6.pdb
DeepTMHMM_class: GLOB
Structure source: EBI-selected-UniProt

Attempting prediction for AT3G04930
Done with ΔG prediction for: AT3G04930
Structure used: 0-download-inputs/data-files/AF-Q9CAV7-F1-model_v6.pdb
DeepTMHMM_class: GLOB
Structure source: EBI-selected-UniProt

Attempting prediction for AT3G04940
Done with ΔG prediction for: AT3G04940
Structure used: 0-download-inputs/data-files/AF-Q9S6Z7-F1-model_v6.pdb
DeepTMHMM_class: GLOB
Structure source: EBI-selected-UniProt

Attempting prediction for AT3G05000
Done with ΔG prediction for: AT3G05000
Structure used: 0-download-inputs/data-files/AF-Q9CAW4-F1-model_v6.pdb
DeepTMHMM_class: GLOB
Structure source: EBI-selected-UniProt

Attempting prediction for AT3G05120
Done with ΔG prediction for: AT3G05120
Structure used: 0-download-inputs/data-files/AF-Q9MAA7-F1-model_v6.pdb
DeepTMHMM_class: GLOB
Structure source: EBI-selected-UniProt

Attempting prediction for AT3G05150
Prediction skipped for AT3G05150:
has_verified_seq       = True
DeepTMHMM_class         = TM
final_structure_path    = 0-download-inputs/data-files/AF-Q0WQ63-F1-model_v6.pdb
final_structure_source  = EBI-selected-UniProt

Attempting prediction for AT3G05190
Done with ΔG prediction for: AT3G05190
Structure used: 0-download-inputs/data-files/AF-Q8W0Z7-F1-model_v6.pdb
DeepTMHMM_class: GLOB
Structure source: EBI-selected-UniProt

Attempting prediction for AT3G05200
Prediction skipped for AT3G05200:
has_verified_seq       = True
DeepTMHMM_class         = SP+TM
final_structure_path    = 0-download-inputs/data-files/AF-Q8RXX9-F1-model_v6-cleaved.pdb
final_structure_source  = EBI-selected-UniProt-cleaved

Attempting prediction for AT3G05250
Prediction skipped for AT3G05250:
has_verified_seq       = True
DeepTMHMM_class         = GLOB
final_structure_path    = nan
final_structure_source  = None

Attempting prediction for AT3G05350
Done with ΔG prediction for: AT3G05350
Structure used: 0-download-inputs/data-files/AF-Q8RY11-F1-model_v6.pdb
DeepTMHMM_class: GLOB
Structure source: EBI-selected-UniProt

Attempting prediction for AT3G05420
Prediction skipped for AT3G05420:
has_verified_seq       = True
DeepTMHMM_class         = GLOB
final_structure_path    = nan
final_structure_source  = None

Attempting prediction for AT3G05430
Done with ΔG prediction for: AT3G05430
Structure used: 0-download-inputs/data-files/AF-Q9MA56-F1-model_v6.pdb
DeepTMHMM_class: GLOB
Structure source: EBI-selected-UniProt

Attempting prediction for AT3G05530
Done with ΔG prediction for: AT3G05530
Structure used: 0-download-inputs/data-files/AF-Q9SEI2-F1-model_v6.pdb
DeepTMHMM_class: GLOB
Structure source: EBI-selected-UniProt

Attempting prediction for AT3G05560
Done with ΔG prediction for: AT3G05560
Structure used: 0-download-inputs/data-files/AF-Q9M9W1-F1-model_v6.pdb
DeepTMHMM_class: GLOB
Structure source: EBI-selected-UniProt

Attempting prediction for AT3G05580
Done with ΔG prediction for: AT3G05580
Structure used: 0-download-inputs/data-files/AF-Q9M9W3-F1-model_v6.pdb
DeepTMHMM_class: GLOB
Structure source: EBI-selected-UniProt

Attempting prediction for AT3G05670
Done with ΔG prediction for: AT3G05670
Structure used: 0-download-inputs/data-files/AF-Q9M9X2-F1-model_v6.pdb
DeepTMHMM_class: GLOB
Structure source: EBI-selected-UniProt

Attempting prediction for AT3G05690
Done with ΔG prediction for: AT3G05690
Structure used: 0-download-inputs/data-files/AF-Q9M9X4-F1-model_v6.pdb
DeepTMHMM_class: GLOB
Structure source: EBI-selected-UniProt

Attempting prediction for AT3G05800
Done with ΔG prediction for: AT3G05800
Structure used: 0-download-inputs/data-files/AF-Q9M9L6-F1-model_v6.pdb
DeepTMHMM_class: GLOB
Structure source: EBI-selected-UniProt

Attempting prediction for AT3G05840
Done with ΔG prediction for: AT3G05840
Structure used: 0-download-inputs/data-files/AF-P43289-F1-model_v6.pdb
DeepTMHMM_class: GLOB
Structure source: EBI-selected-UniProt

Attempting prediction for AT3G05870
Prediction skipped for AT3G05870:
has_verified_seq       = True
DeepTMHMM_class         = GLOB
final_structure_path    = nan
final_structure_source  = None

Attempting prediction for AT3G06240
Done with ΔG prediction for: AT3G06240
Structure used: 0-download-inputs/data-files/AF-Q8GXC7-F1-model_v6.pdb
DeepTMHMM_class: GLOB
Structure source: EBI-selected-UniProt

Attempting prediction for AT3G06400
Done with ΔG prediction for: AT3G06400
Structure used: 0-download-inputs/data-files/AF-Q8RWY3-F1-model_v6.pdb
DeepTMHMM_class: GLOB
Structure source: EBI-selected-UniProt

Attempting prediction for AT3G06450
Prediction skipped for AT3G06450:
has_verified_seq       = True
DeepTMHMM_class         = TM
final_structure_path    = 0-download-inputs/data-files/AF-Q93Z13-F1-model_v6.pdb
final_structure_source  = EBI-selected-UniProt

Attempting prediction for AT3G06530
Prediction skipped for AT3G06530:
has_verified_seq       = True
DeepTMHMM_class         = GLOB
final_structure_path    = nan
final_structure_source  = None

Attempting prediction for AT3G06560
Done with ΔG prediction for: AT3G06560
Structure used: 0-download-inputs/data-files/AF-Q56XM9-F1-model_v6.pdb
DeepTMHMM_class: GLOB
Structure source: EBI-selected-UniProt

Attempting prediction for AT3G06580
Done with ΔG prediction for: AT3G06580
Structure used: 0-download-inputs/data-files/AF-Q9SEE5-F1-model_v6.pdb
DeepTMHMM_class: GLOB
Structure source: EBI-selected-UniProt

Attempting prediction for AT3G06590
Done with ΔG prediction for: AT3G06590
Structure used: 0-download-inputs/data-files/AF-Q9C8Z9-F1-model_v6.pdb
DeepTMHMM_class: GLOB
Structure source: EBI-selected-UniProt

Attempting prediction for AT3G06610
Done with ΔG prediction for: AT3G06610
Structure used: 0-download-inputs/data-files/AF-Q9C901-F1-model_v6.pdb
DeepTMHMM_class: GLOB
Structure source: EBI-selected-UniProt

Attempting prediction for AT3G06660
Prediction skipped for AT3G06660:
has_verified_seq       = True
DeepTMHMM_class         = GLOB
final_structure_path    = nan
final_structure_source  = None

Attempting prediction for AT3G06720
Done with ΔG prediction for: AT3G06720
Structure used: 0-download-inputs/data-files/AF-Q96321-F1-model_v6.pdb
DeepTMHMM_class: GLOB
Structure source: EBI-selected-UniProt

Attempting prediction for AT3G06730
Done with ΔG prediction for: AT3G06730
Structure used: 0-download-inputs/data-files/AF-Q9M7X9-F1-model_v6.pdb
DeepTMHMM_class: GLOB
Structure source: EBI-selected-UniProt

Attempting prediction for AT3G06790
Done with ΔG prediction for: AT3G06790
Structure used: 0-download-inputs/data-files/AF-Q84JZ6-F1-model_v6.pdb
DeepTMHMM_class: GLOB
Structure source: EBI-selected-UniProt

Attempting prediction for AT3G06810
Prediction skipped for AT3G06810:
has_verified_seq       = True
DeepTMHMM_class         = GLOB
final_structure_path    = nan
final_structure_source  = None

Attempting prediction for AT3G06850
Done with ΔG prediction for: AT3G06850
Structure used: 0-download-inputs/data-files/AF-Q9M7Z1-F1-model_v6.pdb
DeepTMHMM_class: GLOB
Structure source: EBI-selected-UniProt

Attempting prediction for AT3G06930
Prediction skipped for AT3G06930:
has_verified_seq       = True
DeepTMHMM_class         = GLOB
final_structure_path    = nan
final_structure_source  = None

Attempting prediction for AT3G07030
Prediction skipped for AT3G07030:
has_verified_seq       = True
DeepTMHMM_class         = GLOB
final_structure_path    = nan
final_structure_source  = None

Attempting prediction for AT3G07040
Done with ΔG prediction for: AT3G07040
Structure used: 0-download-inputs/data-files/AF-Q39214-F1-model_v6.pdb
DeepTMHMM_class: GLOB
Structure source: EBI-selected-UniProt

Attempting prediction for AT3G07090
Done with ΔG prediction for: AT3G07090
Structure used: 0-download-inputs/data-files/AF-Q9SFT9-F1-model_v6.pdb
DeepTMHMM_class: GLOB
Structure source: EBI-selected-UniProt

Attempting prediction for AT3G07110
Done with ΔG prediction for: AT3G07110
Structure used: 0-download-inputs/data-files/AF-Q9SFU1-F1-model_v6.pdb
DeepTMHMM_class: GLOB
Structure source: EBI-selected-UniProt

Attempting prediction for AT3G07300
Prediction skipped for AT3G07300:
has_verified_seq       = True
DeepTMHMM_class         = GLOB
final_structure_path    = nan
final_structure_source  = None

Attempting prediction for AT3G07370
Done with ΔG prediction for: AT3G07370
Structure used: 0-download-inputs/data-files/AF-Q9SRS9-F1-model_v6.pdb
DeepTMHMM_class: GLOB
Structure source: EBI-selected-UniProt

Attempting prediction for AT3G07520
Prediction skipped for AT3G07520:
has_verified_seq       = True
DeepTMHMM_class         = SP+TM
final_structure_path    = nan
final_structure_source  = None

Attempting prediction for AT3G07560
Done with ΔG prediction for: AT3G07560
Structure used: 0-download-inputs/data-files/AF-Q9SRR0-F1-model_v6.pdb
DeepTMHMM_class: GLOB
Structure source: EBI-selected-UniProt

Attempting prediction for AT3G07680
Prediction skipped for AT3G07680:
has_verified_seq       = True
DeepTMHMM_class         = SP+TM
final_structure_path    = 0-download-inputs/data-files/AF-Q9S7M9-F1-model_v6-cleaved.pdb
final_structure_source  = EBI-selected-UniProt-cleaved

Attempting prediction for AT3G07750
Prediction skipped for AT3G07750:
has_verified_seq       = True
DeepTMHMM_class         = GLOB
final_structure_path    = nan
final_structure_source  = None

Attempting prediction for AT3G07780
Done with ΔG prediction for: AT3G07780
Structure used: 0-download-inputs/data-files/AF-Q9S736-F1-model_v6.pdb
DeepTMHMM_class: GLOB
Structure source: EBI-selected-UniProt

Attempting prediction for AT3G07880
Done with ΔG prediction for: AT3G07880
Structure used: 0-download-inputs/data-files/AF-Q9SFC6-F1-model_v6.pdb
DeepTMHMM_class: GLOB
Structure source: EBI-selected-UniProt

Attempting prediction for AT3G08030
Done with ΔG prediction for: AT3G08030
Structure used: 0-download-inputs/data-files/AF-Q9SFB1-F1-model_v6-cleaved.pdb
DeepTMHMM_class: SP
Structure source: EBI-selected-UniProt-cleaved

Attempting prediction for AT3G08505
Done with ΔG prediction for: AT3G08505
Structure used: 0-download-inputs/data-files/AF-Q6IDS6-F1-model_v6.pdb
DeepTMHMM_class: GLOB
Structure source: EBI-selected-UniProt

Attempting prediction for AT3G08510
Done with ΔG prediction for: AT3G08510
Structure used: 0-download-inputs/data-files/AF-Q39033-F1-model_v6.pdb
DeepTMHMM_class: GLOB
Structure source: EBI-selected-UniProt

Attempting prediction for AT3G08530
Done with ΔG prediction for: AT3G08530
Structure used: 0-download-inputs/data-files/AF-Q0WLB5-F1-model_v6.pdb
DeepTMHMM_class: GLOB
Structure source: EBI-selected-UniProt

Attempting prediction for AT3G08580
Prediction skipped for AT3G08580:
has_verified_seq       = True
DeepTMHMM_class         = TM
final_structure_path    = 0-download-inputs/data-files/AF-P31167-F1-model_v6.pdb
final_structure_source  = EBI-selected-UniProt

Attempting prediction for AT3G08680
Prediction skipped for AT3G08680:
has_verified_seq       = True
DeepTMHMM_class         = SP+TM
final_structure_path    = nan
final_structure_source  = None

Attempting prediction for AT3G08720
Done with ΔG prediction for: AT3G08720
Structure used: 0-download-inputs/data-files/AF-Q39030-F1-model_v6.pdb
DeepTMHMM_class: GLOB
Structure source: EBI-selected-UniProt

Attempting prediction for AT3G08730
Done with ΔG prediction for: AT3G08730
Structure used: 0-download-inputs/data-files/AF-P42818-F1-model_v6.pdb
DeepTMHMM_class: GLOB
Structure source: EBI-selected-UniProt

Attempting prediction for AT3G08740
Prediction skipped for AT3G08740:
has_verified_seq       = True
DeepTMHMM_class         = GLOB
final_structure_path    = nan
final_structure_source  = None

Attempting prediction for AT3G08780
Prediction skipped for AT3G08780:
has_verified_seq       = True
DeepTMHMM_class         = GLOB
final_structure_path    = nan
final_structure_source  = None

Attempting prediction for AT3G08820
Done with ΔG prediction for: AT3G08820
Structure used: 0-download-inputs/data-files/AF-Q9SR82-F1-model_v6.pdb
DeepTMHMM_class: GLOB
Structure source: EBI-selected-UniProt

Attempting prediction for AT3G08850
Done with ΔG prediction for: AT3G08850
Structure used: 0-download-inputs/data-files/AF-Q93YQ1-F1-model_v6.pdb
DeepTMHMM_class: GLOB
Structure source: EBI-selected-UniProt

Attempting prediction for AT3G08970
Done with ΔG prediction for: AT3G08970
Structure used: 0-download-inputs/data-files/AF-Q9SR96-F1-model_v6-cleaved.pdb
DeepTMHMM_class: SP
Structure source: EBI-selected-UniProt-cleaved

Attempting prediction for AT3G09000
Done with ΔG prediction for: AT3G09000
Structure used: 0-download-inputs/data-files/AF-Q9S7V5-F1-model_v6.pdb
DeepTMHMM_class: GLOB
Structure source: EBI-selected-UniProt

Attempting prediction for AT3G09260
Done with ΔG prediction for: AT3G09260
Structure used: 0-download-inputs/data-files/AF-Q9SR37-F1-model_v6-cleaved.pdb
DeepTMHMM_class: SP
Structure source: EBI-selected-UniProt-cleaved

Attempting prediction for AT3G09370
Prediction skipped for AT3G09370:
has_verified_seq       = True
DeepTMHMM_class         = GLOB
final_structure_path    = nan
final_structure_source  = None

Attempting prediction for AT3G09440
Done with ΔG prediction for: AT3G09440
Structure used: 0-download-inputs/data-files/AF-O65719-F1-model_v6.pdb
DeepTMHMM_class: GLOB
Structure source: EBI-selected-UniProt

Attempting prediction for AT3G09500
Done with ΔG prediction for: AT3G09500
Structure used: 0-download-inputs/data-files/AF-Q9SF53-F1-model_v6.pdb
DeepTMHMM_class: GLOB
Structure source: EBI-selected-UniProt

Attempting prediction for AT3G09630
Prediction skipped for AT3G09630:
has_verified_seq       = True
DeepTMHMM_class         = GLOB
final_structure_path    = nan
final_structure_source  = None

Attempting prediction for AT3G09670
Done with ΔG prediction for: AT3G09670
Structure used: 0-download-inputs/data-files/AF-Q9SF36-F1-model_v6.pdb
DeepTMHMM_class: GLOB
Structure source: EBI-selected-UniProt

Attempting prediction for AT3G09740
Prediction skipped for AT3G09740:
has_verified_seq       = True
DeepTMHMM_class         = TM
final_structure_path    = 0-download-inputs/data-files/AF-Q9SF29-F1-model_v6.pdb
final_structure_source  = EBI-selected-UniProt

Attempting prediction for AT3G09770
Done with ΔG prediction for: AT3G09770
Structure used: 0-download-inputs/data-files/AF-Q9S752-F1-model_v6.pdb
DeepTMHMM_class: GLOB
Structure source: EBI-selected-UniProt

Attempting prediction for AT3G09800
Prediction skipped for AT3G09800:
has_verified_seq       = True
DeepTMHMM_class         = GLOB
final_structure_path    = nan
final_structure_source  = None

Attempting prediction for AT3G09820
Done with ΔG prediction for: AT3G09820
Structure used: 0-download-inputs/data-files/AF-Q9SF85-F1-model_v6.pdb
DeepTMHMM_class: GLOB
Structure source: EBI-selected-UniProt

Attempting prediction for AT3G09840
Done with ΔG prediction for: AT3G09840
Structure used: 0-download-inputs/data-files/AF-P54609-F1-model_v6.pdb
DeepTMHMM_class: GLOB
Structure source: EBI-selected-UniProt

Attempting prediction for AT3G09880
Done with ΔG prediction for: AT3G09880
Structure used: 0-download-inputs/data-files/AF-O04376-F1-model_v6.pdb
DeepTMHMM_class: GLOB
Structure source: EBI-selected-UniProt

Attempting prediction for AT3G09920
Done with ΔG prediction for: AT3G09920
Structure used: 0-download-inputs/data-files/AF-Q8L850-F1-model_v6.pdb
DeepTMHMM_class: GLOB
Structure source: EBI-selected-UniProt

Attempting prediction for AT3G09960
Done with ΔG prediction for: AT3G09960
Structure used: 0-download-inputs/data-files/AF-Q8LEC0-F1-model_v6.pdb
DeepTMHMM_class: GLOB
Structure source: EBI-selected-UniProt

Attempting prediction for AT3G09980
Prediction skipped for AT3G09980:
has_verified_seq       = True
DeepTMHMM_class         = GLOB
final_structure_path    = nan
final_structure_source  = None

Attempting prediction for AT3G10340
Done with ΔG prediction for: AT3G10340
Structure used: 0-download-inputs/data-files/AF-Q9SS45-F1-model_v6.pdb
DeepTMHMM_class: GLOB
Structure source: EBI-selected-UniProt

Attempting prediction for AT3G10380
Done with ΔG prediction for: AT3G10380
Structure used: 0-download-inputs/data-files/AF-Q93YU5-F1-model_v6.pdb
DeepTMHMM_class: GLOB
Structure source: EBI-selected-UniProt

Attempting prediction for AT3G10390
Prediction skipped for AT3G10390:
has_verified_seq       = True
DeepTMHMM_class         = GLOB
final_structure_path    = nan
final_structure_source  = None

Attempting prediction for AT3G10480
Prediction skipped for AT3G10480:
has_verified_seq       = True
DeepTMHMM_class         = GLOB
final_structure_path    = nan
final_structure_source  = None

Attempting prediction for AT3G10490
Prediction skipped for AT3G10490:
has_verified_seq       = True
DeepTMHMM_class         = GLOB
final_structure_path    = nan
final_structure_source  = None

Attempting prediction for AT3G10525
Done with ΔG prediction for: AT3G10525
Structure used: 0-download-inputs/data-files/AF-Q9LPP4-F1-model_v6.pdb
DeepTMHMM_class: GLOB
Structure source: EBI-selected-UniProt

Attempting prediction for AT3G10572
Done with ΔG prediction for: AT3G10572
Structure used: 0-download-inputs/data-files/AF-Q8W4B2-F1-model_v6.pdb
DeepTMHMM_class: GLOB
Structure source: EBI-selected-UniProt

Attempting prediction for AT3G10640
Done with ΔG prediction for: AT3G10640
Structure used: 0-download-inputs/data-files/AF-Q9LPN5-F1-model_v6.pdb
DeepTMHMM_class: GLOB
Structure source: EBI-selected-UniProt

Attempting prediction for AT3G10650
Done with ΔG prediction for: AT3G10650
Structure used: 0-download-inputs/data-files/AF-Q9CAF4-F1-model_v6.pdb
DeepTMHMM_class: GLOB
Structure source: EBI-selected-UniProt

Attempting prediction for AT3G10690
Done with ΔG prediction for: AT3G10690
Structure used: 0-download-inputs/data-files/AF-Q9CAF6-F1-model_v6.pdb
DeepTMHMM_class: GLOB
Structure source: EBI-selected-UniProt

Attempting prediction for AT3G10730
Prediction skipped for AT3G10730:
has_verified_seq       = True
DeepTMHMM_class         = TM
final_structure_path    = 0-download-inputs/data-files/AF-Q9SG79-F1-model_v6.pdb
final_structure_source  = EBI-selected-UniProt

Attempting prediction for AT3G10800
Prediction skipped for AT3G10800:
has_verified_seq       = True
DeepTMHMM_class         = TM
final_structure_path    = 0-download-inputs/data-files/AF-Q9SG86-F1-model_v6.pdb
final_structure_source  = EBI-selected-UniProt

Attempting prediction for AT3G10850
Done with ΔG prediction for: AT3G10850
Structure used: 0-download-inputs/data-files/AF-O24496-F1-model_v6.pdb
DeepTMHMM_class: GLOB
Structure source: EBI-selected-UniProt

Attempting prediction for AT3G10860
Prediction skipped for AT3G10860:
has_verified_seq       = True
DeepTMHMM_class         = TM
final_structure_path    = nan
final_structure_source  = None

Attempting prediction for AT3G10960
Prediction skipped for AT3G10960:
has_verified_seq       = True
DeepTMHMM_class         = TM
final_structure_path    = 0-download-inputs/data-files/AF-Q9SRK7-F1-model_v6.pdb
final_structure_source  = EBI-selected-UniProt

Attempting prediction for AT3G11130
Done with ΔG prediction for: AT3G11130
Structure used: 0-download-inputs/data-files/AF-Q0WNJ6-F1-model_v6.pdb
DeepTMHMM_class: GLOB
Structure source: EBI-selected-UniProt

Attempting prediction for AT3G11200
Done with ΔG prediction for: AT3G11200
Structure used: 0-download-inputs/data-files/AF-Q9SRM4-F1-model_v6.pdb
DeepTMHMM_class: GLOB
Structure source: EBI-selected-UniProt

Attempting prediction for AT3G11260
Done with ΔG prediction for: AT3G11260
Structure used: 0-download-inputs/data-files/AF-Q8H1D2-F1-model_v6.pdb
DeepTMHMM_class: GLOB
Structure source: EBI-selected-UniProt

Attempting prediction for AT3G11280
Done with ΔG prediction for: AT3G11280
Structure used: 0-download-inputs/data-files/AF-Q9C773-F1-model_v6.pdb
DeepTMHMM_class: GLOB
Structure source: EBI-selected-UniProt

Attempting prediction for AT3G11400
Done with ΔG prediction for: AT3G11400
Structure used: 0-download-inputs/data-files/AF-Q9SSJ0-F1-model_v6.pdb
DeepTMHMM_class: GLOB
Structure source: EBI-selected-UniProt

Attempting prediction for AT3G11410
Done with ΔG prediction for: AT3G11410
Structure used: 0-download-inputs/data-files/AF-P49598-F1-model_v6.pdb
DeepTMHMM_class: GLOB
Structure source: EBI-selected-UniProt

Attempting prediction for AT3G11430
Prediction skipped for AT3G11430:
has_verified_seq       = True
DeepTMHMM_class         = TM
final_structure_path    = 0-download-inputs/data-files/AF-Q9CAY3-F1-model_v6.pdb
final_structure_source  = EBI-selected-UniProt

Attempting prediction for AT3G11510
Done with ΔG prediction for: AT3G11510
Structure used: 0-download-inputs/data-files/AF-Q9CAX6-F1-model_v6.pdb
DeepTMHMM_class: GLOB
Structure source: EBI-selected-UniProt

Attempting prediction for AT3G11520
Done with ΔG prediction for: AT3G11520
Structure used: 0-download-inputs/data-files/AF-Q39069-F1-model_v6.pdb
DeepTMHMM_class: GLOB
Structure source: EBI-selected-UniProt

Attempting prediction for AT3G11540
Done with ΔG prediction for: AT3G11540
Structure used: 0-download-inputs/data-files/AF-Q96301-F1-model_v6.pdb
DeepTMHMM_class: GLOB
Structure source: EBI-selected-UniProt

Attempting prediction for AT3G11630
Done with ΔG prediction for: AT3G11630
Structure used: 0-download-inputs/data-files/AF-Q96291-F1-model_v6.pdb
DeepTMHMM_class: GLOB
Structure source: EBI-selected-UniProt

Attempting prediction for AT3G11710
Done with ΔG prediction for: AT3G11710
Structure used: 0-download-inputs/data-files/AF-Q9ZPI1-F1-model_v6.pdb
DeepTMHMM_class: GLOB
Structure source: EBI-selected-UniProt

Attempting prediction for AT3G11820
Prediction skipped for AT3G11820:
has_verified_seq       = True
DeepTMHMM_class         = TM
final_structure_path    = nan
final_structure_source  = None

Attempting prediction for AT3G11830
Done with ΔG prediction for: AT3G11830
Structure used: 0-download-inputs/data-files/AF-Q9SF16-F1-model_v6.pdb
DeepTMHMM_class: GLOB
Structure source: EBI-selected-UniProt

Attempting prediction for AT3G12110
Done with ΔG prediction for: AT3G12110
Structure used: 0-download-inputs/data-files/AF-P53496-F1-model_v6.pdb
DeepTMHMM_class: GLOB
Structure source: EBI-selected-UniProt

Attempting prediction for AT3G12145
Done with ΔG prediction for: AT3G12145
Structure used: 0-download-inputs/data-files/AF-Q9LH52-F1-model_v6-cleaved.pdb
DeepTMHMM_class: SP
Structure source: EBI-selected-UniProt-cleaved

Attempting prediction for AT3G12210
Done with ΔG prediction for: AT3G12210
Structure used: 0-download-inputs/data-files/AF-Q9C7D5-F1-model_v6.pdb
DeepTMHMM_class: GLOB
Structure source: EBI-selected-UniProt

Attempting prediction for AT3G12280
Prediction skipped for AT3G12280:
has_verified_seq       = True
DeepTMHMM_class         = GLOB
final_structure_path    = nan
final_structure_source  = None

Attempting prediction for AT3G12380
Done with ΔG prediction for: AT3G12380
Structure used: 0-download-inputs/data-files/AF-Q940Z2-F1-model_v6.pdb
DeepTMHMM_class: GLOB
Structure source: EBI-selected-UniProt

Attempting prediction for AT3G12390
Done with ΔG prediction for: AT3G12390
Structure used: 0-download-inputs/data-files/AF-Q9LHG9-F1-model_v6.pdb
DeepTMHMM_class: GLOB
Structure source: EBI-selected-UniProt

Attempting prediction for AT3G12400
Prediction skipped for AT3G12400:
has_verified_seq       = True
DeepTMHMM_class         = GLOB
final_structure_path    = nan
final_structure_source  = None

Attempting prediction for AT3G12480
Done with ΔG prediction for: AT3G12480
Structure used: 0-download-inputs/data-files/AF-Q9LHG0-F1-model_v6.pdb
DeepTMHMM_class: GLOB
Structure source: EBI-selected-UniProt

Attempting prediction for AT3G12490
Done with ΔG prediction for: AT3G12490
Structure used: 0-download-inputs/data-files/AF-Q8H0X6-F1-model_v6-cleaved.pdb
DeepTMHMM_class: SP
Structure source: EBI-selected-UniProt-cleaved

Attempting prediction for AT3G12500
Done with ΔG prediction for: AT3G12500
Structure used: 0-download-inputs/data-files/AF-P19171-F1-model_v6-cleaved.pdb
DeepTMHMM_class: SP
Structure source: EBI-selected-UniProt-cleaved

Attempting prediction for AT3G12580
Done with ΔG prediction for: AT3G12580
Structure used: 0-download-inputs/data-files/AF-Q9LHA8-F1-model_v6.pdb
DeepTMHMM_class: GLOB
Structure source: EBI-selected-UniProt

Attempting prediction for AT3G12630
Done with ΔG prediction for: AT3G12630
Structure used: 0-download-inputs/data-files/AF-Q9LHJ8-F1-model_v6.pdb
DeepTMHMM_class: GLOB
Structure source: EBI-selected-UniProt

Attempting prediction for AT3G12780
Done with ΔG prediction for: AT3G12780
Structure used: 0-download-inputs/data-files/AF-Q9LD57-F1-model_v6.pdb
DeepTMHMM_class: GLOB
Structure source: EBI-selected-UniProt

Attempting prediction for AT3G12810
Prediction skipped for AT3G12810:
has_verified_seq       = True
DeepTMHMM_class         = GLOB
final_structure_path    = nan
final_structure_source  = None

Attempting prediction for AT3G13110
Done with ΔG prediction for: AT3G13110
Structure used: 0-download-inputs/data-files/AF-Q39218-F1-model_v6.pdb
DeepTMHMM_class: GLOB
Structure source: EBI-selected-UniProt

Attempting prediction for AT3G13160
Done with ΔG prediction for: AT3G13160
Structure used: 0-download-inputs/data-files/AF-Q9LK57-F1-model_v6.pdb
DeepTMHMM_class: GLOB
Structure source: EBI-selected-UniProt

Attempting prediction for AT3G13200
Done with ΔG prediction for: AT3G13200
Structure used: 0-download-inputs/data-files/AF-Q9LK52-F1-model_v6.pdb
DeepTMHMM_class: GLOB
Structure source: EBI-selected-UniProt

Attempting prediction for AT3G13220
Prediction skipped for AT3G13220:
has_verified_seq       = True
DeepTMHMM_class         = TM
final_structure_path    = 0-download-inputs/data-files/AF-Q9LK50-F1-model_v6.pdb
final_structure_source  = EBI-selected-UniProt

Attempting prediction for AT3G13300
Done with ΔG prediction for: AT3G13300
Structure used: 0-download-inputs/data-files/AF-Q9LTT8-F1-model_v6.pdb
DeepTMHMM_class: GLOB
Structure source: EBI-selected-UniProt

Attempting prediction for AT3G13320
Prediction skipped for AT3G13320:
has_verified_seq       = True
DeepTMHMM_class         = TM
final_structure_path    = 0-download-inputs/data-files/AF-Q39254-F1-model_v6.pdb
final_structure_source  = EBI-selected-UniProt

Attempting prediction for AT3G13360
Prediction skipped for AT3G13360:
has_verified_seq       = True
DeepTMHMM_class         = TM
final_structure_path    = nan
final_structure_source  = None

Attempting prediction for AT3G13380
Prediction skipped for AT3G13380:
has_verified_seq       = True
DeepTMHMM_class         = SP+TM
final_structure_path    = 0-download-inputs/data-files/AF-Q9LJF3-F1-model_v6-cleaved.pdb
final_structure_source  = EBI-selected-UniProt-cleaved

Attempting prediction for AT3G13460
Done with ΔG prediction for: AT3G13460
Structure used: 0-download-inputs/data-files/AF-Q9LJE5-F1-model_v6.pdb
DeepTMHMM_class: GLOB
Structure source: EBI-selected-UniProt

Attempting prediction for AT3G13470
Done with ΔG prediction for: AT3G13470
Structure used: 0-download-inputs/data-files/AF-Q9LJE4-F1-model_v6.pdb
DeepTMHMM_class: GLOB
Structure source: EBI-selected-UniProt

Attempting prediction for AT3G13530
Done with ΔG prediction for: AT3G13530
Structure used: 0-download-inputs/data-files/AF-Q9LJD8-F1-model_v6.pdb
DeepTMHMM_class: GLOB
Structure source: EBI-selected-UniProt

Attempting prediction for AT3G13550
Done with ΔG prediction for: AT3G13550
Structure used: 0-download-inputs/data-files/AF-Q9LJD7-F1-model_v6.pdb
DeepTMHMM_class: GLOB
Structure source: EBI-selected-UniProt

Attempting prediction for AT3G13570
Done with ΔG prediction for: AT3G13570
Structure used: 0-download-inputs/data-files/AF-Q9LHP2-F1-model_v6.pdb
DeepTMHMM_class: GLOB
Structure source: EBI-selected-UniProt

Attempting prediction for AT3G13580
Done with ΔG prediction for: AT3G13580
Structure used: 0-download-inputs/data-files/AF-Q9LHP1-F1-model_v6.pdb
DeepTMHMM_class: GLOB
Structure source: EBI-selected-UniProt

Attempting prediction for AT3G13670
Done with ΔG prediction for: AT3G13670
Structure used: 0-download-inputs/data-files/AF-Q9LID3-F1-model_v6.pdb
DeepTMHMM_class: GLOB
Structure source: EBI-selected-UniProt

Attempting prediction for AT3G13750
Done with ΔG prediction for: AT3G13750
Structure used: 0-download-inputs/data-files/AF-Q9SCW1-F1-model_v6-cleaved.pdb
DeepTMHMM_class: SP
Structure source: EBI-selected-UniProt-cleaved

Attempting prediction for AT3G13810
Done with ΔG prediction for: AT3G13810
Structure used: 0-download-inputs/data-files/AF-Q9LRW7-F1-model_v6.pdb
DeepTMHMM_class: GLOB
Structure source: EBI-selected-UniProt

Attempting prediction for AT3G13860
Done with ΔG prediction for: AT3G13860
Structure used: 0-download-inputs/data-files/AF-Q93ZM7-F1-model_v6.pdb
DeepTMHMM_class: GLOB
Structure source: EBI-selected-UniProt

Attempting prediction for AT3G13920
Done with ΔG prediction for: AT3G13920
Structure used: 0-download-inputs/data-files/AF-P41376-F1-model_v6.pdb
DeepTMHMM_class: GLOB
Structure source: EBI-selected-UniProt

Attempting prediction for AT3G13960
Done with ΔG prediction for: AT3G13960
Structure used: 0-download-inputs/data-files/AF-Q8L8A6-F1-model_v6.pdb
DeepTMHMM_class: GLOB
Structure source: EBI-selected-UniProt

Attempting prediction for AT3G13990
Prediction skipped for AT3G13990:
has_verified_seq       = True
DeepTMHMM_class         = GLOB
final_structure_path    = nan
final_structure_source  = None

Attempting prediction for AT3G14000
Done with ΔG prediction for: AT3G14000
Structure used: 0-download-inputs/data-files/AF-Q8GYL9-F1-model_v6.pdb
DeepTMHMM_class: GLOB
Structure source: EBI-selected-UniProt

Attempting prediction for AT3G14010
Done with ΔG prediction for: AT3G14010
Structure used: 0-download-inputs/data-files/AF-Q94AM9-F1-model_v6.pdb
DeepTMHMM_class: GLOB
Structure source: EBI-selected-UniProt

Attempting prediction for AT3G14080
Done with ΔG prediction for: AT3G14080
Structure used: 0-download-inputs/data-files/AF-Q8LFL8-F1-model_v6.pdb
DeepTMHMM_class: GLOB
Structure source: EBI-selected-UniProt

Attempting prediction for AT3G14100
Done with ΔG prediction for: AT3G14100
Structure used: 0-download-inputs/data-files/AF-Q9LJH8-F1-model_v6.pdb
DeepTMHMM_class: GLOB
Structure source: EBI-selected-UniProt

Attempting prediction for AT3G14120
Prediction skipped for AT3G14120:
has_verified_seq       = True
DeepTMHMM_class         = GLOB
final_structure_path    = nan
final_structure_source  = None

Attempting prediction for AT3G14210
Done with ΔG prediction for: AT3G14210
Structure used: 0-download-inputs/data-files/AF-Q9LJG3-F1-model_v6-cleaved.pdb
DeepTMHMM_class: SP
Structure source: EBI-selected-UniProt-cleaved

Attempting prediction for AT3G14240
Done with ΔG prediction for: AT3G14240
Structure used: 0-download-inputs/data-files/AF-Q9LUM3-F1-model_v6-cleaved.pdb
DeepTMHMM_class: SP
Structure source: EBI-selected-UniProt-cleaved

Attempting prediction for AT3G14290
Done with ΔG prediction for: AT3G14290
Structure used: 0-download-inputs/data-files/AF-Q42134-F1-model_v6.pdb
DeepTMHMM_class: GLOB
Structure source: EBI-selected-UniProt

Attempting prediction for AT3G14310
Prediction skipped for AT3G14310:
has_verified_seq       = True
DeepTMHMM_class         = TM
final_structure_path    = 0-download-inputs/data-files/AF-O49006-F1-model_v6.pdb
final_structure_source  = EBI-selected-UniProt

Attempting prediction for AT3G14350
Prediction skipped for AT3G14350:
has_verified_seq       = True
DeepTMHMM_class         = SP+TM
final_structure_path    = 0-download-inputs/data-files/AF-Q9LUL4-F1-model_v6-cleaved.pdb
final_structure_source  = EBI-selected-UniProt-cleaved

Attempting prediction for AT3G14415
Done with ΔG prediction for: AT3G14415
Structure used: 0-download-inputs/data-files/AF-Q9LRS0-F1-model_v6.pdb
DeepTMHMM_class: GLOB
Structure source: EBI-selected-UniProt

Attempting prediction for AT3G14420
Done with ΔG prediction for: AT3G14420
Structure used: 0-download-inputs/data-files/AF-Q9LRR9-F1-model_v6.pdb
DeepTMHMM_class: GLOB
Structure source: EBI-selected-UniProt

Attempting prediction for AT3G14580
Done with ΔG prediction for: AT3G14580
Structure used: 0-download-inputs/data-files/AF-Q9LUD6-F1-model_v6.pdb
DeepTMHMM_class: GLOB
Structure source: EBI-selected-UniProt

Attempting prediction for AT3G14840
Prediction skipped for AT3G14840:
has_verified_seq       = True
DeepTMHMM_class         = SP+TM
final_structure_path    = 0-download-inputs/data-files/AF-C0LGN2-F1-model_v6-cleaved.pdb
final_structure_source  = EBI-selected-UniProt-cleaved

Attempting prediction for AT3G14930
Done with ΔG prediction for: AT3G14930
Structure used: 0-download-inputs/data-files/AF-Q93ZB6-F1-model_v6.pdb
DeepTMHMM_class: GLOB
Structure source: EBI-selected-UniProt

Attempting prediction for AT3G14940
Done with ΔG prediction for: AT3G14940
Structure used: 0-download-inputs/data-files/AF-Q84VW9-F1-model_v6.pdb
DeepTMHMM_class: GLOB
Structure source: EBI-selected-UniProt

Attempting prediction for AT3G14980
Done with ΔG prediction for: AT3G14980
Structure used: 0-download-inputs/data-files/AF-F4IXE7-F1-model_v6.pdb
DeepTMHMM_class: GLOB
Structure source: EBI-selected-UniProt

Attempting prediction for AT3G14990
Done with ΔG prediction for: AT3G14990
Structure used: 0-download-inputs/data-files/AF-Q9FPF0-F1-model_v6.pdb
DeepTMHMM_class: GLOB
Structure source: EBI-selected-UniProt

Attempting prediction for AT3G15000
Done with ΔG prediction for: AT3G15000
Structure used: 0-download-inputs/data-files/AF-Q9LKA5-F1-model_v6.pdb
DeepTMHMM_class: GLOB
Structure source: EBI-selected-UniProt

Attempting prediction for AT3G15030
Done with ΔG prediction for: AT3G15030
Structure used: 0-download-inputs/data-files/AF-Q8LPR5-F1-model_v6.pdb
DeepTMHMM_class: GLOB
Structure source: EBI-selected-UniProt

Attempting prediction for AT3G15040
Done with ΔG prediction for: AT3G15040
Structure used: 0-download-inputs/data-files/AF-Q9LKA1-F1-model_v6.pdb
DeepTMHMM_class: GLOB
Structure source: EBI-selected-UniProt

Attempting prediction for AT3G15095
Done with ΔG prediction for: AT3G15095
Structure used: 0-download-inputs/data-files/AF-Q9LIM5-F1-model_v6.pdb
DeepTMHMM_class: GLOB
Structure source: EBI-selected-UniProt

Attempting prediction for AT3G15180
Prediction skipped for AT3G15180:
has_verified_seq       = True
DeepTMHMM_class         = GLOB
final_structure_path    = nan
final_structure_source  = None

Attempting prediction for AT3G15210
Done with ΔG prediction for: AT3G15210
Structure used: 0-download-inputs/data-files/AF-O80340-F1-model_v6.pdb
DeepTMHMM_class: GLOB
Structure source: EBI-selected-UniProt

Attempting prediction for AT3G15280
Done with ΔG prediction for: AT3G15280
Structure used: 0-download-inputs/data-files/AF-Q9LDN8-F1-model_v6.pdb
DeepTMHMM_class: GLOB
Structure source: EBI-selected-UniProt

Attempting prediction for AT3G15354
Done with ΔG prediction for: AT3G15354
Structure used: 0-download-inputs/data-files/AF-Q9LJR3-F1-model_v6.pdb
DeepTMHMM_class: GLOB
Structure source: EBI-selected-UniProt

Attempting prediction for AT3G15356
Done with ΔG prediction for: AT3G15356
Structure used: 0-download-inputs/data-files/AF-Q9LJR2-F1-model_v6-cleaved.pdb
DeepTMHMM_class: SP
Structure source: EBI-selected-UniProt-cleaved

Attempting prediction for AT3G15540
Done with ΔG prediction for: AT3G15540
Structure used: 0-download-inputs/data-files/AF-O24409-F1-model_v6.pdb
DeepTMHMM_class: GLOB
Structure source: EBI-selected-UniProt

Attempting prediction for AT3G15660
Done with ΔG prediction for: AT3G15660
Structure used: 0-download-inputs/data-files/AF-Q8LBK6-F1-model_v6.pdb
DeepTMHMM_class: GLOB
Structure source: EBI-selected-UniProt

Attempting prediction for AT3G15690
Prediction skipped for AT3G15690:
has_verified_seq       = True
DeepTMHMM_class         = GLOB
final_structure_path    = nan
final_structure_source  = None

Attempting prediction for AT3G15730
Done with ΔG prediction for: AT3G15730
Structure used: 0-download-inputs/data-files/AF-Q38882-F1-model_v6.pdb
DeepTMHMM_class: GLOB
Structure source: EBI-selected-UniProt

Attempting prediction for AT3G15880
Done with ΔG prediction for: AT3G15880
Structure used: 0-download-inputs/data-files/AF-Q27GK7-F1-model_v6.pdb
DeepTMHMM_class: GLOB
Structure source: EBI-selected-UniProt

Attempting prediction for AT3G15950
Done with ΔG prediction for: AT3G15950
Structure used: 0-download-inputs/data-files/AF-Q9LSB4-F1-model_v6-cleaved.pdb
DeepTMHMM_class: SP
Structure source: EBI-selected-UniProt-cleaved

Attempting prediction for AT3G16050
Done with ΔG prediction for: AT3G16050
Structure used: 0-download-inputs/data-files/AF-Q9ZNR6-F1-model_v6.pdb
DeepTMHMM_class: GLOB
Structure source: EBI-selected-UniProt

Attempting prediction for AT3G16090
Prediction skipped for AT3G16090:
has_verified_seq       = True
DeepTMHMM_class         = TM
final_structure_path    = 0-download-inputs/data-files/AF-Q9LW77-F1-model_v6.pdb
final_structure_source  = EBI-selected-UniProt

Attempting prediction for AT3G16200
Prediction skipped for AT3G16200:
has_verified_seq       = True
DeepTMHMM_class         = TM
final_structure_path    = 0-download-inputs/data-files/AF-Q9LU25-F1-model_v6.pdb
final_structure_source  = EBI-selected-UniProt

Attempting prediction for AT3G16240
Prediction skipped for AT3G16240:
has_verified_seq       = True
DeepTMHMM_class         = TM
final_structure_path    = 0-download-inputs/data-files/AF-Q41951-F1-model_v6.pdb
final_structure_source  = EBI-selected-UniProt

Attempting prediction for AT3G16270
Done with ΔG prediction for: AT3G16270
Structure used: 0-download-inputs/data-files/AF-Q9C5H4-F1-model_v6.pdb
DeepTMHMM_class: GLOB
Structure source: EBI-selected-UniProt

Attempting prediction for AT3G16320
Prediction skipped for AT3G16320:
has_verified_seq       = True
DeepTMHMM_class         = GLOB
final_structure_path    = nan
final_structure_source  = None

Attempting prediction for AT3G16460
Done with ΔG prediction for: AT3G16460
Structure used: 0-download-inputs/data-files/AF-O04310-F1-model_v6.pdb
DeepTMHMM_class: GLOB
Structure source: EBI-selected-UniProt

Attempting prediction for AT3G16470
Done with ΔG prediction for: AT3G16470
Structure used: 0-download-inputs/data-files/AF-O04309-F1-model_v6.pdb
DeepTMHMM_class: GLOB
Structure source: EBI-selected-UniProt

Attempting prediction for AT3G16480
Done with ΔG prediction for: AT3G16480
Structure used: 0-download-inputs/data-files/AF-O04308-F1-model_v6.pdb
DeepTMHMM_class: GLOB
Structure source: EBI-selected-UniProt

Attempting prediction for AT3G16630
Done with ΔG prediction for: AT3G16630
Structure used: 0-download-inputs/data-files/AF-Q940B8-F1-model_v6.pdb
DeepTMHMM_class: GLOB
Structure source: EBI-selected-UniProt

Attempting prediction for AT3G16640
Done with ΔG prediction for: AT3G16640
Structure used: 0-download-inputs/data-files/AF-P31265-F1-model_v6.pdb
DeepTMHMM_class: GLOB
Structure source: EBI-selected-UniProt

Attempting prediction for AT3G16650
Done with ΔG prediction for: AT3G16650
Structure used: 0-download-inputs/data-files/AF-Q39190-F1-model_v6.pdb
DeepTMHMM_class: GLOB
Structure source: EBI-selected-UniProt

Attempting prediction for AT3G16670
Done with ΔG prediction for: AT3G16670
Structure used: 0-download-inputs/data-files/AF-Q9LUR6-F1-model_v6-cleaved.pdb
DeepTMHMM_class: SP
Structure source: EBI-selected-UniProt-cleaved

Attempting prediction for AT3G16770
Done with ΔG prediction for: AT3G16770
Structure used: 0-download-inputs/data-files/AF-P42736-F1-model_v6.pdb
DeepTMHMM_class: GLOB
Structure source: EBI-selected-UniProt

Attempting prediction for AT3G16830
Done with ΔG prediction for: AT3G16830
Structure used: 0-download-inputs/data-files/AF-Q9LRZ0-F1-model_v6.pdb
DeepTMHMM_class: GLOB
Structure source: EBI-selected-UniProt

Attempting prediction for AT3G16857
Done with ΔG prediction for: AT3G16857
Structure used: 0-download-inputs/data-files/AF-Q940D0-F1-model_v6.pdb
DeepTMHMM_class: GLOB
Structure source: EBI-selected-UniProt

Attempting prediction for AT3G16950
Done with ΔG prediction for: AT3G16950
Structure used: 0-download-inputs/data-files/AF-A8MS68-F1-model_v6.pdb
DeepTMHMM_class: GLOB
Structure source: EBI-selected-UniProt

Attempting prediction for AT3G16980
Done with ΔG prediction for: AT3G16980
Structure used: 0-download-inputs/data-files/AF-Q6NLH0-F1-model_v6.pdb
DeepTMHMM_class: GLOB
Structure source: EBI-selected-UniProt

Attempting prediction for AT3G17020
Done with ΔG prediction for: AT3G17020
Structure used: 0-download-inputs/data-files/AF-Q9LSP5-F1-model_v6.pdb
DeepTMHMM_class: GLOB
Structure source: EBI-selected-UniProt

Attempting prediction for AT3G17210
Done with ΔG prediction for: AT3G17210
Structure used: 0-download-inputs/data-files/AF-Q9LUV2-F1-model_v6.pdb
DeepTMHMM_class: GLOB
Structure source: EBI-selected-UniProt

Attempting prediction for AT3G17240
Done with ΔG prediction for: AT3G17240
Structure used: 0-download-inputs/data-files/AF-Q9M5K2-F1-model_v6.pdb
DeepTMHMM_class: GLOB
Structure source: EBI-selected-UniProt

Attempting prediction for AT3G17280
Done with ΔG prediction for: AT3G17280
Structure used: 0-download-inputs/data-files/AF-Q9LUU3-F1-model_v6.pdb
DeepTMHMM_class: GLOB
Structure source: EBI-selected-UniProt

Attempting prediction for AT3G17310
Done with ΔG prediction for: AT3G17310
Structure used: 0-download-inputs/data-files/AF-Q8H1E8-F1-model_v6.pdb
DeepTMHMM_class: GLOB
Structure source: EBI-selected-UniProt

Attempting prediction for AT3G17390
Done with ΔG prediction for: AT3G17390
Structure used: 0-download-inputs/data-files/AF-Q9LUT2-F1-model_v6.pdb
DeepTMHMM_class: GLOB
Structure source: EBI-selected-UniProt

Attempting prediction for AT3G17410
Done with ΔG prediction for: AT3G17410
Structure used: 0-download-inputs/data-files/AF-Q9LUT0-F1-model_v6.pdb
DeepTMHMM_class: GLOB
Structure source: EBI-selected-UniProt

Attempting prediction for AT3G17440
Prediction skipped for AT3G17440:
has_verified_seq       = True
DeepTMHMM_class         = TM
final_structure_path    = 0-download-inputs/data-files/AF-Q9LRP1-F1-model_v6.pdb
final_structure_source  = EBI-selected-UniProt

Attempting prediction for AT3G17510
Done with ΔG prediction for: AT3G17510
Structure used: 0-download-inputs/data-files/AF-Q8RWC9-F1-model_v6.pdb
DeepTMHMM_class: GLOB
Structure source: EBI-selected-UniProt

Attempting prediction for AT3G17590
Prediction skipped for AT3G17590:
has_verified_seq       = True
DeepTMHMM_class         = GLOB
final_structure_path    = nan
final_structure_source  = None

Attempting prediction for AT3G17600
Done with ΔG prediction for: AT3G17600
Structure used: 0-download-inputs/data-files/AF-Q8H174-F1-model_v6.pdb
DeepTMHMM_class: GLOB
Structure source: EBI-selected-UniProt

Attempting prediction for AT3G17609
Done with ΔG prediction for: AT3G17609
Structure used: 0-download-inputs/data-files/AF-Q8W191-F1-model_v6.pdb
DeepTMHMM_class: GLOB
Structure source: EBI-selected-UniProt

Attempting prediction for AT3G17690
Prediction skipped for AT3G17690:
has_verified_seq       = True
DeepTMHMM_class         = TM
final_structure_path    = 0-download-inputs/data-files/AF-Q9LDR2-F1-model_v6.pdb
final_structure_source  = EBI-selected-UniProt

Attempting prediction for AT3G17820
Done with ΔG prediction for: AT3G17820
Structure used: 0-download-inputs/data-files/AF-Q9LVI8-F1-model_v6.pdb
DeepTMHMM_class: GLOB
Structure source: EBI-selected-UniProt

Attempting prediction for AT3G17840
Prediction skipped for AT3G17840:
has_verified_seq       = True
DeepTMHMM_class         = SP+TM
final_structure_path    = 0-download-inputs/data-files/AF-Q9LVI6-F1-model_v6-cleaved.pdb
final_structure_source  = EBI-selected-UniProt-cleaved

Attempting prediction for AT3G17860
Prediction skipped for AT3G17860:
has_verified_seq       = True
DeepTMHMM_class         = GLOB
final_structure_path    = nan
final_structure_source  = None

Attempting prediction for AT3G17900
Prediction skipped for AT3G17900:
has_verified_seq       = True
DeepTMHMM_class         = GLOB
final_structure_path    = nan
final_structure_source  = None

Attempting prediction for AT3G17930
Prediction skipped for AT3G17930:
has_verified_seq       = True
DeepTMHMM_class         = TM
final_structure_path    = nan
final_structure_source  = None

Attempting prediction for AT3G17970
Done with ΔG prediction for: AT3G17970
Structure used: 0-download-inputs/data-files/AF-Q9LVH5-F1-model_v6.pdb
DeepTMHMM_class: GLOB
Structure source: EBI-selected-UniProt

Attempting prediction for AT3G17980
Done with ΔG prediction for: AT3G17980
Structure used: 0-download-inputs/data-files/AF-Q9LVH4-F1-model_v6.pdb
DeepTMHMM_class: GLOB
Structure source: EBI-selected-UniProt

Attempting prediction for AT3G18000
Done with ΔG prediction for: AT3G18000
Structure used: 0-download-inputs/data-files/AF-Q9FR44-F1-model_v6.pdb
DeepTMHMM_class: GLOB
Structure source: EBI-selected-UniProt

Attempting prediction for AT3G18035
Done with ΔG prediction for: AT3G18035
Structure used: 0-download-inputs/data-files/AF-Q9LSK7-F1-model_v6.pdb
DeepTMHMM_class: GLOB
Structure source: EBI-selected-UniProt

Attempting prediction for AT3G18040
Prediction skipped for AT3G18040:
has_verified_seq       = True
DeepTMHMM_class         = GLOB
final_structure_path    = nan
final_structure_source  = None

Attempting prediction for AT3G18130
Done with ΔG prediction for: AT3G18130
Structure used: 0-download-inputs/data-files/AF-Q9LV28-F1-model_v6.pdb
DeepTMHMM_class: GLOB
Structure source: EBI-selected-UniProt

Attempting prediction for AT3G18140
Done with ΔG prediction for: AT3G18140
Structure used: 0-download-inputs/data-files/AF-Q9LV27-F1-model_v6.pdb
DeepTMHMM_class: GLOB
Structure source: EBI-selected-UniProt

Attempting prediction for AT3G18190
Done with ΔG prediction for: AT3G18190
Structure used: 0-download-inputs/data-files/AF-Q9LV21-F1-model_v6.pdb
DeepTMHMM_class: GLOB
Structure source: EBI-selected-UniProt

Attempting prediction for AT3G18240
Prediction skipped for AT3G18240:
has_verified_seq       = True
DeepTMHMM_class         = GLOB
final_structure_path    = nan
final_structure_source  = None

Attempting prediction for AT3G18480
Prediction skipped for AT3G18480:
has_verified_seq       = True
DeepTMHMM_class         = TM
final_structure_path    = 0-download-inputs/data-files/AF-Q9LS42-F1-model_v6.pdb
final_structure_source  = EBI-selected-UniProt

Attempting prediction for AT3G18520
Done with ΔG prediction for: AT3G18520
Structure used: 0-download-inputs/data-files/AF-Q8GXJ1-F1-model_v6.pdb
DeepTMHMM_class: GLOB
Structure source: EBI-selected-UniProt

Attempting prediction for AT3G18580
Done with ΔG prediction for: AT3G18580
Structure used: 0-download-inputs/data-files/AF-Q9LII1-F1-model_v6.pdb
DeepTMHMM_class: GLOB
Structure source: EBI-selected-UniProt

Attempting prediction for AT3G18690
Done with ΔG prediction for: AT3G18690
Structure used: 0-download-inputs/data-files/AF-Q8LGD5-F1-model_v6.pdb
DeepTMHMM_class: GLOB
Structure source: EBI-selected-UniProt

Attempting prediction for AT3G18700
Done with ΔG prediction for: AT3G18700
Structure used: 0-download-inputs/data-files/AF-F4J8U4-F1-model_v6.pdb
DeepTMHMM_class: GLOB
Structure source: EBI-selected-UniProt

Attempting prediction for AT3G18730
Done with ΔG prediction for: AT3G18730
Structure used: 0-download-inputs/data-files/AF-Q6Q4D0-F1-model_v6.pdb
DeepTMHMM_class: GLOB
Structure source: EBI-selected-UniProt

Attempting prediction for AT3G18740
Done with ΔG prediction for: AT3G18740
Structure used: 0-download-inputs/data-files/AF-Q9LSA3-F1-model_v6.pdb
DeepTMHMM_class: GLOB
Structure source: EBI-selected-UniProt

Attempting prediction for AT3G18780
Done with ΔG prediction for: AT3G18780
Structure used: 0-download-inputs/data-files/AF-Q96292-F1-model_v6.pdb
DeepTMHMM_class: GLOB
Structure source: EBI-selected-UniProt

Attempting prediction for AT3G18830
Prediction skipped for AT3G18830:
has_verified_seq       = True
DeepTMHMM_class         = TM
final_structure_path    = 0-download-inputs/data-files/AF-Q8VZ80-F1-model_v6.pdb
final_structure_source  = EBI-selected-UniProt

Attempting prediction for AT3G18990
Done with ΔG prediction for: AT3G18990
Structure used: 0-download-inputs/data-files/AF-Q8L3W1-F1-model_v6.pdb
DeepTMHMM_class: GLOB
Structure source: EBI-selected-UniProt

Attempting prediction for AT3G19140
Done with ΔG prediction for: AT3G19140
Structure used: 0-download-inputs/data-files/AF-Q9LJL6-F1-model_v6.pdb
DeepTMHMM_class: GLOB
Structure source: EBI-selected-UniProt

Attempting prediction for AT3G19150
Done with ΔG prediction for: AT3G19150
Structure used: 0-download-inputs/data-files/AF-Q0WNX9-F1-model_v6.pdb
DeepTMHMM_class: GLOB
Structure source: EBI-selected-UniProt

Attempting prediction for AT3G19180
Prediction skipped for AT3G19180:
has_verified_seq       = True
DeepTMHMM_class         = GLOB
final_structure_path    = nan
final_structure_source  = None

Attempting prediction for AT3G19210
Done with ΔG prediction for: AT3G19210
Structure used: 0-download-inputs/data-files/AF-Q0PCS3-F1-model_v6.pdb
DeepTMHMM_class: GLOB
Structure source: EBI-selected-UniProt

Attempting prediction for AT3G19360
Done with ΔG prediction for: AT3G19360
Structure used: 0-download-inputs/data-files/AF-Q9LT81-F1-model_v6.pdb
DeepTMHMM_class: GLOB
Structure source: EBI-selected-UniProt

Attempting prediction for AT3G19370
Prediction skipped for AT3G19370:
has_verified_seq       = True
DeepTMHMM_class         = GLOB
final_structure_path    = nan
final_structure_source  = None

Attempting prediction for AT3G19390
Done with ΔG prediction for: AT3G19390
Structure used: 0-download-inputs/data-files/AF-Q9LT78-F1-model_v6-cleaved.pdb
DeepTMHMM_class: SP
Structure source: EBI-selected-UniProt-cleaved

Attempting prediction for AT3G19510
Done with ΔG prediction for: AT3G19510
Structure used: 0-download-inputs/data-files/AF-Q04996-F1-model_v6.pdb
DeepTMHMM_class: GLOB
Structure source: EBI-selected-UniProt

Attempting prediction for AT3G19553
Prediction skipped for AT3G19553:
has_verified_seq       = True
DeepTMHMM_class         = TM
final_structure_path    = 0-download-inputs/data-files/AF-Q9LH39-F1-model_v6.pdb
final_structure_source  = EBI-selected-UniProt

Attempting prediction for AT3G19590
Done with ΔG prediction for: AT3G19590
Structure used: 0-download-inputs/data-files/AF-Q9LJN8-F1-model_v6.pdb
DeepTMHMM_class: GLOB
Structure source: EBI-selected-UniProt

Attempting prediction for AT3G19640
Prediction skipped for AT3G19640:
has_verified_seq       = True
DeepTMHMM_class         = GLOB
final_structure_path    = nan
final_structure_source  = None

Attempting prediction for AT3G19720
Prediction skipped for AT3G19720:
has_verified_seq       = True
DeepTMHMM_class         = GLOB
final_structure_path    = nan
final_structure_source  = None

Attempting prediction for AT3G19760
Done with ΔG prediction for: AT3G19760
Structure used: 0-download-inputs/data-files/AF-Q94A52-F1-model_v6.pdb
DeepTMHMM_class: GLOB
Structure source: EBI-selected-UniProt

Attempting prediction for AT3G19820
Done with ΔG prediction for: AT3G19820
Structure used: 0-download-inputs/data-files/AF-Q39085-F1-model_v6.pdb
DeepTMHMM_class: GLOB
Structure source: EBI-selected-UniProt

Attempting prediction for AT3G19930
Prediction skipped for AT3G19930:
has_verified_seq       = True
DeepTMHMM_class         = TM
final_structure_path    = 0-download-inputs/data-files/AF-Q39228-F1-model_v6.pdb
final_structure_source  = EBI-selected-UniProt

Attempting prediction for AT3G19950
Prediction skipped for AT3G19950:
has_verified_seq       = True
DeepTMHMM_class         = GLOB
final_structure_path    = nan
final_structure_source  = None

Attempting prediction for AT3G19960
Done with ΔG prediction for: AT3G19960
Structure used: 0-download-inputs/data-files/AF-Q9LHE9-F1-model_v6.pdb
DeepTMHMM_class: GLOB
Structure source: EBI-selected-UniProt

Attempting prediction for AT3G19980
Done with ΔG prediction for: AT3G19980
Structure used: 0-download-inputs/data-files/AF-Q9LHE7-F1-model_v6.pdb
DeepTMHMM_class: GLOB
Structure source: EBI-selected-UniProt

Attempting prediction for AT3G20000
Prediction skipped for AT3G20000:
has_verified_seq       = True
DeepTMHMM_class         = BETA
final_structure_path    = 0-download-inputs/data-files/AF-Q9LHE5-F1-model_v6.pdb
final_structure_source  = EBI-selected-UniProt

Attempting prediction for AT3G20050
Done with ΔG prediction for: AT3G20050
Structure used: 0-download-inputs/data-files/AF-P28769-F1-model_v6.pdb
DeepTMHMM_class: GLOB
Structure source: EBI-selected-UniProt

Attempting prediction for AT3G20130
Done with ΔG prediction for: AT3G20130
Structure used: 0-download-inputs/data-files/AF-Q9LJY5-F1-model_v6.pdb
DeepTMHMM_class: GLOB
Structure source: EBI-selected-UniProt

Attempting prediction for AT3G20250
Done with ΔG prediction for: AT3G20250
Structure used: 0-download-inputs/data-files/AF-Q9LJX4-F1-model_v6.pdb
DeepTMHMM_class: GLOB
Structure source: EBI-selected-UniProt

Attempting prediction for AT3G20310
Done with ΔG prediction for: AT3G20310
Structure used: 0-download-inputs/data-files/AF-Q9LDE4-F1-model_v6.pdb
DeepTMHMM_class: GLOB
Structure source: EBI-selected-UniProt

Attempting prediction for AT3G20320
Prediction skipped for AT3G20320:
has_verified_seq       = True
DeepTMHMM_class         = TM
final_structure_path    = 0-download-inputs/data-files/AF-Q9LTR2-F1-model_v6.pdb
final_structure_source  = EBI-selected-UniProt

Attempting prediction for AT3G20390
Prediction skipped for AT3G20390:
has_verified_seq       = True
DeepTMHMM_class         = GLOB
final_structure_path    = nan
final_structure_source  = None

Attempting prediction for AT3G20550
Done with ΔG prediction for: AT3G20550
Structure used: 0-download-inputs/data-files/AF-Q8W4D8-F1-model_v6.pdb
DeepTMHMM_class: GLOB
Structure source: EBI-selected-UniProt

Attempting prediction for AT3G20600
Prediction skipped for AT3G20600:
has_verified_seq       = True
DeepTMHMM_class         = TM
final_structure_path    = 0-download-inputs/data-files/AF-O48915-F1-model_v6.pdb
final_structure_source  = EBI-selected-UniProt

Attempting prediction for AT3G20650
Done with ΔG prediction for: AT3G20650
Structure used: 0-download-inputs/data-files/AF-Q9LHQ7-F1-model_v6.pdb
DeepTMHMM_class: GLOB
Structure source: EBI-selected-UniProt

Attempting prediction for AT3G20740
Done with ΔG prediction for: AT3G20740
Structure used: 0-download-inputs/data-files/AF-Q9LT47-F1-model_v6.pdb
DeepTMHMM_class: GLOB
Structure source: EBI-selected-UniProt

Attempting prediction for AT3G20770
Done with ΔG prediction for: AT3G20770
Structure used: 0-download-inputs/data-files/AF-O24606-F1-model_v6.pdb
DeepTMHMM_class: GLOB
Structure source: EBI-selected-UniProt

Attempting prediction for AT3G20820
Done with ΔG prediction for: AT3G20820
Structure used: 0-download-inputs/data-files/AF-Q9LT39-F1-model_v6-cleaved.pdb
DeepTMHMM_class: SP
Structure source: EBI-selected-UniProt-cleaved

Attempting prediction for AT3G20860
Prediction skipped for AT3G20860:
has_verified_seq       = True
DeepTMHMM_class         = GLOB
final_structure_path    = nan
final_structure_source  = None

Attempting prediction for AT3G21055
Done with ΔG prediction for: AT3G21055
Structure used: 0-download-inputs/data-files/AF-Q39195-F1-model_v6.pdb
DeepTMHMM_class: GLOB
Structure source: EBI-selected-UniProt

Attempting prediction for AT3G21140
Prediction skipped for AT3G21140:
has_verified_seq       = True
DeepTMHMM_class         = GLOB
final_structure_path    = nan
final_structure_source  = None

Attempting prediction for AT3G21150
Done with ΔG prediction for: AT3G21150
Structure used: 0-download-inputs/data-files/AF-Q9LJB7-F1-model_v6.pdb
DeepTMHMM_class: GLOB
Structure source: EBI-selected-UniProt

Attempting prediction for AT3G21175
Done with ΔG prediction for: AT3G21175
Structure used: 0-download-inputs/data-files/AF-Q8GXL7-F1-model_v6.pdb
DeepTMHMM_class: GLOB
Structure source: EBI-selected-UniProt

Attempting prediction for AT3G21220
Done with ΔG prediction for: AT3G21220
Structure used: 0-download-inputs/data-files/AF-Q8RXG3-F1-model_v6.pdb
DeepTMHMM_class: GLOB
Structure source: EBI-selected-UniProt

Attempting prediction for AT3G21350
Prediction skipped for AT3G21350:
has_verified_seq       = True
DeepTMHMM_class         = GLOB
final_structure_path    = nan
final_structure_source  = None

Attempting prediction for AT3G21510
Done with ΔG prediction for: AT3G21510
Structure used: 0-download-inputs/data-files/AF-Q9ZNV9-F1-model_v6.pdb
DeepTMHMM_class: GLOB
Structure source: EBI-selected-UniProt

Attempting prediction for AT3G21630
Prediction skipped for AT3G21630:
has_verified_seq       = True
DeepTMHMM_class         = SP+TM
final_structure_path    = 0-download-inputs/data-files/AF-A8R7E6-F1-model_v6-cleaved.pdb
final_structure_source  = EBI-selected-UniProt-cleaved

Attempting prediction for AT3G21640
Done with ΔG prediction for: AT3G21640
Structure used: 0-download-inputs/data-files/AF-Q9LDC0-F1-model_v6.pdb
DeepTMHMM_class: GLOB
Structure source: EBI-selected-UniProt

Attempting prediction for AT3G21650
Done with ΔG prediction for: AT3G21650
Structure used: 0-download-inputs/data-files/AF-Q9LVE2-F1-model_v6.pdb
DeepTMHMM_class: GLOB
Structure source: EBI-selected-UniProt

Attempting prediction for AT3G21720
Done with ΔG prediction for: AT3G21720
Structure used: 0-download-inputs/data-files/AF-P28297-F1-model_v6.pdb
DeepTMHMM_class: GLOB
Structure source: EBI-selected-UniProt

Attempting prediction for AT3G21830
Done with ΔG prediction for: AT3G21830
Structure used: 0-download-inputs/data-files/AF-Q9LSY1-F1-model_v6.pdb
DeepTMHMM_class: GLOB
Structure source: EBI-selected-UniProt

Attempting prediction for AT3G21840
Done with ΔG prediction for: AT3G21840
Structure used: 0-download-inputs/data-files/AF-Q9LSY0-F1-model_v6.pdb
DeepTMHMM_class: GLOB
Structure source: EBI-selected-UniProt

Attempting prediction for AT3G21850
Done with ΔG prediction for: AT3G21850
Structure used: 0-download-inputs/data-files/AF-Q9LSX9-F1-model_v6.pdb
DeepTMHMM_class: GLOB
Structure source: EBI-selected-UniProt

Attempting prediction for AT3G21860
Done with ΔG prediction for: AT3G21860
Structure used: 0-download-inputs/data-files/AF-Q9LSX8-F1-model_v6.pdb
DeepTMHMM_class: GLOB
Structure source: EBI-selected-UniProt

Attempting prediction for AT3G22170
Prediction skipped for AT3G22170:
has_verified_seq       = True
DeepTMHMM_class         = GLOB
final_structure_path    = nan
final_structure_source  = None

Attempting prediction for AT3G22231
Done with ΔG prediction for: AT3G22231
Structure used: 0-download-inputs/data-files/AF-Q94C26-F1-model_v6.pdb
DeepTMHMM_class: GLOB
Structure source: EBI-selected-UniProt

Attempting prediction for AT3G22320
Done with ΔG prediction for: AT3G22320
Structure used: 0-download-inputs/data-files/AF-O81098-F1-model_v6.pdb
DeepTMHMM_class: GLOB
Structure source: EBI-selected-UniProt

Attempting prediction for AT3G22370
Done with ΔG prediction for: AT3G22370
Structure used: 0-download-inputs/data-files/AF-Q39219-F1-model_v6.pdb
DeepTMHMM_class: GLOB
Structure source: EBI-selected-UniProt

Attempting prediction for AT3G22380
Prediction skipped for AT3G22380:
has_verified_seq       = True
DeepTMHMM_class         = GLOB
final_structure_path    = nan
final_structure_source  = None

Attempting prediction for AT3G22640
Done with ΔG prediction for: AT3G22640
Structure used: 0-download-inputs/data-files/AF-Q9LUJ7-F1-model_v6-cleaved.pdb
DeepTMHMM_class: SP
Structure source: EBI-selected-UniProt-cleaved

Attempting prediction for AT3G22660
Done with ΔG prediction for: AT3G22660
Structure used: 0-download-inputs/data-files/AF-Q9LUJ5-F1-model_v6.pdb
DeepTMHMM_class: GLOB
Structure source: EBI-selected-UniProt

Attempting prediction for AT3G22680
Done with ΔG prediction for: AT3G22680
Structure used: 0-download-inputs/data-files/AF-Q9LUJ3-F1-model_v6.pdb
DeepTMHMM_class: GLOB
Structure source: EBI-selected-UniProt

Attempting prediction for AT3G22880
Done with ΔG prediction for: AT3G22880
Structure used: 0-download-inputs/data-files/AF-Q39009-F1-model_v6.pdb
DeepTMHMM_class: GLOB
Structure source: EBI-selected-UniProt

Attempting prediction for AT3G22890
Prediction skipped for AT3G22890:
has_verified_seq       = True
DeepTMHMM_class         = GLOB
final_structure_path    = nan
final_structure_source  = None

Attempting prediction for AT3G22960
Done with ΔG prediction for: AT3G22960
Structure used: 0-download-inputs/data-files/AF-Q9LIK0-F1-model_v6.pdb
DeepTMHMM_class: GLOB
Structure source: EBI-selected-UniProt

Attempting prediction for AT3G22970
Done with ΔG prediction for: AT3G22970
Structure used: 0-download-inputs/data-files/AF-Q9LIJ8-F1-model_v6.pdb
DeepTMHMM_class: GLOB
Structure source: EBI-selected-UniProt

Attempting prediction for AT3G22990
Done with ΔG prediction for: AT3G22990
Structure used: 0-download-inputs/data-files/AF-Q9LS90-F1-model_v6.pdb
DeepTMHMM_class: GLOB
Structure source: EBI-selected-UniProt

Attempting prediction for AT3G23000
Done with ΔG prediction for: AT3G23000
Structure used: 0-download-inputs/data-files/AF-Q9XIW0-F1-model_v6.pdb
DeepTMHMM_class: GLOB
Structure source: EBI-selected-UniProt

Attempting prediction for AT3G23050
Done with ΔG prediction for: AT3G23050
Structure used: 0-download-inputs/data-files/AF-Q38825-F1-model_v6.pdb
DeepTMHMM_class: GLOB
Structure source: EBI-selected-UniProt

Attempting prediction for AT3G23150
Prediction skipped for AT3G23150:
has_verified_seq       = True
DeepTMHMM_class         = SP+TM
final_structure_path    = 0-download-inputs/data-files/AF-Q0WPQ2-F1-model_v6-cleaved.pdb
final_structure_source  = EBI-selected-UniProt-cleaved

Attempting prediction for AT3G23310
Done with ΔG prediction for: AT3G23310
Structure used: 0-download-inputs/data-files/AF-Q9LW66-F1-model_v6.pdb
DeepTMHMM_class: GLOB
Structure source: EBI-selected-UniProt

Attempting prediction for AT3G23325
Done with ΔG prediction for: AT3G23325
Structure used: 0-download-inputs/data-files/AF-Q9LW64-F1-model_v6.pdb
DeepTMHMM_class: GLOB
Structure source: EBI-selected-UniProt

Attempting prediction for AT3G23390
Done with ΔG prediction for: AT3G23390
Structure used: 0-download-inputs/data-files/AF-O23290-F1-model_v6.pdb
DeepTMHMM_class: GLOB
Structure source: EBI-selected-UniProt

Attempting prediction for AT3G23400
Done with ΔG prediction for: AT3G23400
Structure used: 0-download-inputs/data-files/AF-Q9LW57-F1-model_v6.pdb
DeepTMHMM_class: GLOB
Structure source: EBI-selected-UniProt

Attempting prediction for AT3G23580
Done with ΔG prediction for: AT3G23580
Structure used: 0-download-inputs/data-files/AF-P50651-F1-model_v6.pdb
DeepTMHMM_class: GLOB
Structure source: EBI-selected-UniProt

Attempting prediction for AT3G23660
Done with ΔG prediction for: AT3G23660
Structure used: 0-download-inputs/data-files/AF-Q9LUG1-F1-model_v6.pdb
DeepTMHMM_class: GLOB
Structure source: EBI-selected-UniProt

Attempting prediction for AT3G23750
Prediction skipped for AT3G23750:
has_verified_seq       = True
DeepTMHMM_class         = SP+TM
final_structure_path    = 0-download-inputs/data-files/AF-Q9LK43-F1-model_v6-cleaved.pdb
final_structure_source  = EBI-selected-UniProt-cleaved

Attempting prediction for AT3G23980
Done with ΔG prediction for: AT3G23980
Structure used: 0-download-inputs/data-files/AF-Q9LIQ9-F1-model_v6.pdb
DeepTMHMM_class: GLOB
Structure source: EBI-selected-UniProt

Attempting prediction for AT3G23990
Done with ΔG prediction for: AT3G23990
Structure used: 0-download-inputs/data-files/AF-P29197-F1-model_v6.pdb
DeepTMHMM_class: GLOB
Structure source: EBI-selected-UniProt

Attempting prediction for AT3G24140
Done with ΔG prediction for: AT3G24140
Structure used: 0-download-inputs/data-files/AF-Q56YJ8-F1-model_v6.pdb
DeepTMHMM_class: GLOB
Structure source: EBI-selected-UniProt

Attempting prediction for AT3G24150
Prediction skipped for AT3G24150:
has_verified_seq       = True
DeepTMHMM_class         = GLOB
final_structure_path    = nan
final_structure_source  = None

Attempting prediction for AT3G24240
Prediction skipped for AT3G24240:
has_verified_seq       = True
DeepTMHMM_class         = SP+TM
final_structure_path    = 0-download-inputs/data-files/AF-Q9LHP4-F1-model_v6-cleaved.pdb
final_structure_source  = EBI-selected-UniProt-cleaved

Attempting prediction for AT3G24300
Prediction skipped for AT3G24300:
has_verified_seq       = True
DeepTMHMM_class         = TM
final_structure_path    = 0-download-inputs/data-files/AF-Q9SQH9-F1-model_v6.pdb
final_structure_source  = EBI-selected-UniProt

Attempting prediction for AT3G24430
Done with ΔG prediction for: AT3G24430
Structure used: 0-download-inputs/data-files/AF-Q6STH5-F1-model_v6.pdb
DeepTMHMM_class: GLOB
Structure source: EBI-selected-UniProt

Attempting prediction for AT3G24440
Prediction skipped for AT3G24440:
has_verified_seq       = True
DeepTMHMM_class         = GLOB
final_structure_path    = nan
final_structure_source  = None

Attempting prediction for AT3G24550
Prediction skipped for AT3G24550:
has_verified_seq       = True
DeepTMHMM_class         = TM
final_structure_path    = 0-download-inputs/data-files/AF-Q9LV48-F1-model_v6.pdb
final_structure_source  = EBI-selected-UniProt

Attempting prediction for AT3G24650
Done with ΔG prediction for: AT3G24650
Structure used: 0-download-inputs/data-files/AF-Q01593-F1-model_v6.pdb
DeepTMHMM_class: GLOB
Structure source: EBI-selected-UniProt

Attempting prediction for AT3G24810
Done with ΔG prediction for: AT3G24810
Structure used: 0-download-inputs/data-files/AF-Q9LRY0-F1-model_v6.pdb
DeepTMHMM_class: GLOB
Structure source: EBI-selected-UniProt

Attempting prediction for AT3G24830
Done with ΔG prediction for: AT3G24830
Structure used: 0-download-inputs/data-files/AF-Q9LRX8-F1-model_v6.pdb
DeepTMHMM_class: GLOB
Structure source: EBI-selected-UniProt

Attempting prediction for AT3G25070
Prediction skipped for AT3G25070:
has_verified_seq       = True
DeepTMHMM_class         = GLOB
final_structure_path    = nan
final_structure_source  = None

Attempting prediction for AT3G25220
Done with ΔG prediction for: AT3G25220
Structure used: 0-download-inputs/data-files/AF-Q38935-F1-model_v6-cleaved.pdb
DeepTMHMM_class: SP
Structure source: EBI-selected-UniProt-cleaved

Attempting prediction for AT3G25230
Prediction skipped for AT3G25230:
has_verified_seq       = True
DeepTMHMM_class         = GLOB
final_structure_path    = nan
final_structure_source  = None

Attempting prediction for AT3G25250
Done with ΔG prediction for: AT3G25250
Structure used: 0-download-inputs/data-files/AF-Q9LSF1-F1-model_v6.pdb
DeepTMHMM_class: GLOB
Structure source: EBI-selected-UniProt

Attempting prediction for AT3G25500
Prediction skipped for AT3G25500:
has_verified_seq       = True
DeepTMHMM_class         = SP+TM
final_structure_path    = 0-download-inputs/data-files/AF-Q9SE97-F1-model_v6-cleaved.pdb
final_structure_source  = EBI-selected-UniProt-cleaved

Attempting prediction for AT3G25545
Done with ΔG prediction for: AT3G25545
Structure used: 0-download-inputs/data-files/AF-Q9LSU9-F1-model_v6.pdb
DeepTMHMM_class: GLOB
Structure source: EBI-selected-UniProt

Attempting prediction for AT3G25660
Done with ΔG prediction for: AT3G25660
Structure used: 0-download-inputs/data-files/AF-Q9LI77-F1-model_v6.pdb
DeepTMHMM_class: GLOB
Structure source: EBI-selected-UniProt

Attempting prediction for AT3G25800
Done with ΔG prediction for: AT3G25800
Structure used: 0-download-inputs/data-files/AF-Q38950-F1-model_v6.pdb
DeepTMHMM_class: GLOB
Structure source: EBI-selected-UniProt

Attempting prediction for AT3G25860
Done with ΔG prediction for: AT3G25860
Structure used: 0-download-inputs/data-files/AF-Q9SQI8-F1-model_v6.pdb
DeepTMHMM_class: GLOB
Structure source: EBI-selected-UniProt

Attempting prediction for AT3G25980
Done with ΔG prediction for: AT3G25980
Structure used: 0-download-inputs/data-files/AF-Q9LU93-F1-model_v6.pdb
DeepTMHMM_class: GLOB
Structure source: EBI-selected-UniProt

Attempting prediction for AT3G25990
Done with ΔG prediction for: AT3G25990
Structure used: 0-download-inputs/data-files/AF-Q9LU92-F1-model_v6.pdb
DeepTMHMM_class: GLOB
Structure source: EBI-selected-UniProt

Attempting prediction for AT3G26020
Prediction skipped for AT3G26020:
has_verified_seq       = True
DeepTMHMM_class         = GLOB
final_structure_path    = nan
final_structure_source  = None

Attempting prediction for AT3G26030
Done with ΔG prediction for: AT3G26030
Structure used: 0-download-inputs/data-files/AF-Q9ZQY6-F1-model_v6.pdb
DeepTMHMM_class: GLOB
Structure source: EBI-selected-UniProt

Attempting prediction for AT3G26340
Done with ΔG prediction for: AT3G26340
Structure used: 0-download-inputs/data-files/AF-Q9LIP2-F1-model_v6.pdb
DeepTMHMM_class: GLOB
Structure source: EBI-selected-UniProt

Attempting prediction for AT3G26450
Done with ΔG prediction for: AT3G26450
Structure used: 0-download-inputs/data-files/AF-Q9LIN0-F1-model_v6.pdb
DeepTMHMM_class: GLOB
Structure source: EBI-selected-UniProt

Attempting prediction for AT3G26470
Done with ΔG prediction for: AT3G26470
Structure used: 0-download-inputs/data-files/AF-Q9LIM8-F1-model_v6.pdb
DeepTMHMM_class: GLOB
Structure source: EBI-selected-UniProt

Attempting prediction for AT3G26520
Prediction skipped for AT3G26520:
has_verified_seq       = True
DeepTMHMM_class         = TM
final_structure_path    = 0-download-inputs/data-files/AF-Q41963-F1-model_v6.pdb
final_structure_source  = EBI-selected-UniProt

Attempting prediction for AT3G26560
Done with ΔG prediction for: AT3G26560
Structure used: 0-download-inputs/data-files/AF-Q38953-F1-model_v6.pdb
DeepTMHMM_class: GLOB
Structure source: EBI-selected-UniProt

Attempting prediction for AT3G26650
Done with ΔG prediction for: AT3G26650
Structure used: 0-download-inputs/data-files/AF-P25856-F1-model_v6.pdb
DeepTMHMM_class: GLOB
Structure source: EBI-selected-UniProt

Attempting prediction for AT3G26744
Done with ΔG prediction for: AT3G26744
Structure used: 0-download-inputs/data-files/AF-Q9LSE2-F1-model_v6.pdb
DeepTMHMM_class: GLOB
Structure source: EBI-selected-UniProt

Attempting prediction for AT3G26910
Prediction skipped for AT3G26910:
has_verified_seq       = True
DeepTMHMM_class         = GLOB
final_structure_path    = nan
final_structure_source  = None

Attempting prediction for AT3G26940
Done with ΔG prediction for: AT3G26940
Structure used: 0-download-inputs/data-files/AF-Q9LSE1-F1-model_v6.pdb
DeepTMHMM_class: GLOB
Structure source: EBI-selected-UniProt

Attempting prediction for AT3G27120
Done with ΔG prediction for: AT3G27120
Structure used: 0-download-inputs/data-files/AF-F4JEX5-F1-model_v6.pdb
DeepTMHMM_class: GLOB
Structure source: EBI-selected-UniProt

Attempting prediction for AT3G27170
Prediction skipped for AT3G27170:
has_verified_seq       = True
DeepTMHMM_class         = TM
final_structure_path    = 0-download-inputs/data-files/AF-P92942-F1-model_v6.pdb
final_structure_source  = EBI-selected-UniProt

Attempting prediction for AT3G27190
Done with ΔG prediction for: AT3G27190
Structure used: 0-download-inputs/data-files/AF-Q9LK34-F1-model_v6.pdb
DeepTMHMM_class: GLOB
Structure source: EBI-selected-UniProt

Attempting prediction for AT3G27240
Prediction skipped for AT3G27240:
has_verified_seq       = True
DeepTMHMM_class         = TM
final_structure_path    = 0-download-inputs/data-files/AF-Q9LK29-F1-model_v6.pdb
final_structure_source  = EBI-selected-UniProt

Attempting prediction for AT3G27310
Done with ΔG prediction for: AT3G27310
Structure used: 0-download-inputs/data-files/AF-Q9LK22-F1-model_v6.pdb
DeepTMHMM_class: GLOB
Structure source: EBI-selected-UniProt

Attempting prediction for AT3G27420
Prediction skipped for AT3G27420:
has_verified_seq       = True
DeepTMHMM_class         = GLOB
final_structure_path    = nan
final_structure_source  = None

Attempting prediction for AT3G27430
Done with ΔG prediction for: AT3G27430
Structure used: 0-download-inputs/data-files/AF-O23710-F1-model_v6.pdb
DeepTMHMM_class: GLOB
Structure source: EBI-selected-UniProt

Attempting prediction for AT3G27690
Prediction skipped for AT3G27690:
has_verified_seq       = True
DeepTMHMM_class         = TM
final_structure_path    = 0-download-inputs/data-files/AF-Q9XF87-F1-model_v6.pdb
final_structure_source  = EBI-selected-UniProt

Attempting prediction for AT3G27740
Done with ΔG prediction for: AT3G27740
Structure used: 0-download-inputs/data-files/AF-Q9LVW7-F1-model_v6.pdb
DeepTMHMM_class: GLOB
Structure source: EBI-selected-UniProt

Attempting prediction for AT3G27810
Done with ΔG prediction for: AT3G27810
Structure used: 0-download-inputs/data-files/AF-Q9LK95-F1-model_v6.pdb
DeepTMHMM_class: GLOB
Structure source: EBI-selected-UniProt

Attempting prediction for AT3G27830
Done with ΔG prediction for: AT3G27830
Structure used: 0-download-inputs/data-files/AF-P36210-F1-model_v6.pdb
DeepTMHMM_class: GLOB
Structure source: EBI-selected-UniProt

Attempting prediction for AT3G27850
Done with ΔG prediction for: AT3G27850
Structure used: 0-download-inputs/data-files/AF-P36212-F1-model_v6.pdb
DeepTMHMM_class: GLOB
Structure source: EBI-selected-UniProt

Attempting prediction for AT3G27920
Done with ΔG prediction for: AT3G27920
Structure used: 0-download-inputs/data-files/AF-P27900-F1-model_v6.pdb
DeepTMHMM_class: GLOB
Structure source: EBI-selected-UniProt

Attempting prediction for AT3G27925
Prediction skipped for AT3G27925:
has_verified_seq       = True
DeepTMHMM_class         = GLOB
final_structure_path    = nan
final_structure_source  = None

Attempting prediction for AT3G28220
Done with ΔG prediction for: AT3G28220
Structure used: 0-download-inputs/data-files/AF-Q9LHA6-F1-model_v6.pdb
DeepTMHMM_class: GLOB
Structure source: EBI-selected-UniProt

Attempting prediction for AT3G28270
Done with ΔG prediction for: AT3G28270
Structure used: 0-download-inputs/data-files/AF-Q9LHD9-F1-model_v6.pdb
DeepTMHMM_class: GLOB
Structure source: EBI-selected-UniProt

Attempting prediction for AT3G28300
Done with ΔG prediction for: AT3G28300
Structure used: 0-download-inputs/data-files/AF-P0DI79-F1-model_v6.pdb
DeepTMHMM_class: GLOB
Structure source: EBI-selected-UniProt

Attempting prediction for AT3G28360
Prediction skipped for AT3G28360:
has_verified_seq       = True
DeepTMHMM_class         = TM
final_structure_path    = 0-download-inputs/data-files/AF-Q9LSJ8-F1-model_v6.pdb
final_structure_source  = EBI-selected-UniProt

Attempting prediction for AT3G28450
Prediction skipped for AT3G28450:
has_verified_seq       = True
DeepTMHMM_class         = SP+TM
final_structure_path    = 0-download-inputs/data-files/AF-Q9LSI9-F1-model_v6-cleaved.pdb
final_structure_source  = EBI-selected-UniProt-cleaved

Attempting prediction for AT3G28710
Done with ΔG prediction for: AT3G28710
Structure used: 0-download-inputs/data-files/AF-Q9LJI5-F1-model_v6.pdb
DeepTMHMM_class: GLOB
Structure source: EBI-selected-UniProt

Attempting prediction for AT3G28715
Done with ΔG prediction for: AT3G28715
Structure used: 0-download-inputs/data-files/AF-Q9LHA4-F1-model_v6.pdb
DeepTMHMM_class: GLOB
Structure source: EBI-selected-UniProt

Attempting prediction for AT3G28730
Done with ΔG prediction for: AT3G28730
Structure used: 0-download-inputs/data-files/AF-Q05153-F1-model_v6.pdb
DeepTMHMM_class: GLOB
Structure source: EBI-selected-UniProt

Attempting prediction for AT3G28860
Prediction skipped for AT3G28860:
has_verified_seq       = True
DeepTMHMM_class         = TM
final_structure_path    = 0-download-inputs/data-files/AF-Q9LJX0-F1-model_v6.pdb
final_structure_source  = EBI-selected-UniProt

Attempting prediction for AT3G28900
Done with ΔG prediction for: AT3G28900
Structure used: 0-download-inputs/data-files/AF-Q9LJW6-F1-model_v6.pdb
DeepTMHMM_class: GLOB
Structure source: EBI-selected-UniProt

Attempting prediction for AT3G28910
Done with ΔG prediction for: AT3G28910
Structure used: 0-download-inputs/data-files/AF-Q9SCU7-F1-model_v6.pdb
DeepTMHMM_class: GLOB
Structure source: EBI-selected-UniProt

Attempting prediction for AT3G29160
Done with ΔG prediction for: AT3G29160
Structure used: 0-download-inputs/data-files/AF-P92958-F1-model_v6.pdb
DeepTMHMM_class: GLOB
Structure source: EBI-selected-UniProt

Attempting prediction for AT3G29320
Done with ΔG prediction for: AT3G29320
Structure used: 0-download-inputs/data-files/AF-Q9LIB2-F1-model_v6.pdb
DeepTMHMM_class: GLOB
Structure source: EBI-selected-UniProt

Attempting prediction for AT3G33520
Done with ΔG prediction for: AT3G33520
Structure used: 0-download-inputs/data-files/AF-Q8LGE3-F1-model_v6.pdb
DeepTMHMM_class: GLOB
Structure source: EBI-selected-UniProt

Attempting prediction for AT3G42050
Done with ΔG prediction for: AT3G42050
Structure used: 0-download-inputs/data-files/AF-Q9LX65-F1-model_v6.pdb
DeepTMHMM_class: GLOB
Structure source: EBI-selected-UniProt

Attempting prediction for AT3G42640
Prediction skipped for AT3G42640:
has_verified_seq       = True
DeepTMHMM_class         = TM
final_structure_path    = 0-download-inputs/data-files/AF-Q9M2A0-F1-model_v6.pdb
final_structure_source  = EBI-selected-UniProt

Attempting prediction for AT3G42670
Done with ΔG prediction for: AT3G42670
Structure used: 0-download-inputs/data-files/AF-Q9M297-F1-model_v6.pdb
DeepTMHMM_class: GLOB
Structure source: EBI-selected-UniProt

Attempting prediction for AT3G43190
Done with ΔG prediction for: AT3G43190
Structure used: 0-download-inputs/data-files/AF-Q9LXL5-F1-model_v6.pdb
DeepTMHMM_class: GLOB
Structure source: EBI-selected-UniProt

Attempting prediction for AT3G43440
Done with ΔG prediction for: AT3G43440
Structure used: 0-download-inputs/data-files/AF-Q9M246-F1-model_v6.pdb
DeepTMHMM_class: GLOB
Structure source: EBI-selected-UniProt

Attempting prediction for AT3G43810
Done with ΔG prediction for: AT3G43810
Structure used: 0-download-inputs/data-files/AF-P59220-F1-model_v6.pdb
DeepTMHMM_class: GLOB
Structure source: EBI-selected-UniProt

Attempting prediction for AT3G44110
Done with ΔG prediction for: AT3G44110
Structure used: 0-download-inputs/data-files/AF-Q94AW8-F1-model_v6.pdb
DeepTMHMM_class: GLOB
Structure source: EBI-selected-UniProt

Attempting prediction for AT3G44200
Done with ΔG prediction for: AT3G44200
Structure used: 0-download-inputs/data-files/AF-Q0WPH8-F1-model_v6.pdb
DeepTMHMM_class: GLOB
Structure source: EBI-selected-UniProt

Attempting prediction for AT3G44460
Done with ΔG prediction for: AT3G44460
Structure used: 0-download-inputs/data-files/AF-Q8RYD6-F1-model_v6.pdb
DeepTMHMM_class: GLOB
Structure source: EBI-selected-UniProt

Attempting prediction for AT3G44590
Done with ΔG prediction for: AT3G44590
Structure used: 0-download-inputs/data-files/AF-Q9LXM8-F1-model_v6.pdb
DeepTMHMM_class: GLOB
Structure source: EBI-selected-UniProt

Attempting prediction for AT3G44600
Done with ΔG prediction for: AT3G44600
Structure used: 0-download-inputs/data-files/AF-Q8W4D0-F1-model_v6.pdb
DeepTMHMM_class: GLOB
Structure source: EBI-selected-UniProt

Attempting prediction for AT3G44620
Done with ΔG prediction for: AT3G44620
Structure used: 0-download-inputs/data-files/AF-F4J355-F1-model_v6.pdb
DeepTMHMM_class: GLOB
Structure source: EBI-selected-UniProt

Attempting prediction for AT3G44730
Prediction skipped for AT3G44730:
has_verified_seq       = True
DeepTMHMM_class         = GLOB
final_structure_path    = nan
final_structure_source  = None

Attempting prediction for AT3G44750
Done with ΔG prediction for: AT3G44750
Structure used: 0-download-inputs/data-files/AF-Q9FVE6-F1-model_v6.pdb
DeepTMHMM_class: GLOB
Structure source: EBI-selected-UniProt

Attempting prediction for AT3G44880
Done with ΔG prediction for: AT3G44880
Structure used: 0-download-inputs/data-files/AF-Q9FYC2-F1-model_v6.pdb
DeepTMHMM_class: GLOB
Structure source: EBI-selected-UniProt

Attempting prediction for AT3G44990
Done with ΔG prediction for: AT3G44990
Structure used: 0-download-inputs/data-files/AF-P93046-F1-model_v6-cleaved.pdb
DeepTMHMM_class: SP
Structure source: EBI-selected-UniProt-cleaved

Attempting prediction for AT3G45080
Done with ΔG prediction for: AT3G45080
Structure used: 0-download-inputs/data-files/AF-Q9M1V1-F1-model_v6.pdb
DeepTMHMM_class: GLOB
Structure source: EBI-selected-UniProt

Attempting prediction for AT3G45140
Done with ΔG prediction for: AT3G45140
Structure used: 0-download-inputs/data-files/AF-P38418-F1-model_v6.pdb
DeepTMHMM_class: GLOB
Structure source: EBI-selected-UniProt

Attempting prediction for AT3G45190
Done with ΔG prediction for: AT3G45190
Structure used: 0-download-inputs/data-files/AF-F4J5I0-F1-model_v6.pdb
DeepTMHMM_class: GLOB
Structure source: EBI-selected-UniProt

Attempting prediction for AT3G45620
Done with ΔG prediction for: AT3G45620
Structure used: 0-download-inputs/data-files/AF-Q9M1E5-F1-model_v6.pdb
DeepTMHMM_class: GLOB
Structure source: EBI-selected-UniProt

Attempting prediction for AT3G45640
Done with ΔG prediction for: AT3G45640
Structure used: 0-download-inputs/data-files/AF-Q39023-F1-model_v6.pdb
DeepTMHMM_class: GLOB
Structure source: EBI-selected-UniProt

Attempting prediction for AT3G45780
Done with ΔG prediction for: AT3G45780
Structure used: 0-download-inputs/data-files/AF-O48963-F1-model_v6.pdb
DeepTMHMM_class: GLOB
Structure source: EBI-selected-UniProt

Attempting prediction for AT3G45860
Prediction skipped for AT3G45860:
has_verified_seq       = True
DeepTMHMM_class         = SP+TM
final_structure_path    = 0-download-inputs/data-files/AF-Q9LZU4-F1-model_v6-cleaved.pdb
final_structure_source  = EBI-selected-UniProt-cleaved

Attempting prediction for AT3G45900
Prediction skipped for AT3G45900:
has_verified_seq       = True
DeepTMHMM_class         = GLOB
final_structure_path    = nan
final_structure_source  = None

Attempting prediction for AT3G46010
Done with ΔG prediction for: AT3G46010
Structure used: 0-download-inputs/data-files/AF-Q39250-F1-model_v6.pdb
DeepTMHMM_class: GLOB
Structure source: EBI-selected-UniProt

Attempting prediction for AT3G46060
Done with ΔG prediction for: AT3G46060
Structure used: 0-download-inputs/data-files/AF-P28186-F1-model_v6.pdb
DeepTMHMM_class: GLOB
Structure source: EBI-selected-UniProt

Attempting prediction for AT3G46320
Done with ΔG prediction for: AT3G46320
Structure used: 0-download-inputs/data-files/AF-P59259-F1-model_v6.pdb
DeepTMHMM_class: GLOB
Structure source: EBI-selected-UniProt

Attempting prediction for AT3G46510
Done with ΔG prediction for: AT3G46510
Structure used: 0-download-inputs/data-files/AF-Q9SNC6-F1-model_v6.pdb
DeepTMHMM_class: GLOB
Structure source: EBI-selected-UniProt

Attempting prediction for AT3G46520
Done with ΔG prediction for: AT3G46520
Structure used: 0-download-inputs/data-files/AF-P53497-F1-model_v6.pdb
DeepTMHMM_class: GLOB
Structure source: EBI-selected-UniProt

Attempting prediction for AT3G46580
Done with ΔG prediction for: AT3G46580
Structure used: 0-download-inputs/data-files/AF-Q9SNC0-F1-model_v6.pdb
DeepTMHMM_class: GLOB
Structure source: EBI-selected-UniProt

Attempting prediction for AT3G46640
Done with ΔG prediction for: AT3G46640
Structure used: 0-download-inputs/data-files/AF-Q9SNB4-F1-model_v6.pdb
DeepTMHMM_class: GLOB
Structure source: EBI-selected-UniProt

Attempting prediction for AT3G46740
Done with ΔG prediction for: AT3G46740
Structure used: 0-download-inputs/data-files/AF-Q9STE8-F1-model_v6.pdb
DeepTMHMM_class: GLOB
Structure source: EBI-selected-UniProt

Attempting prediction for AT3G46780
Done with ΔG prediction for: AT3G46780
Structure used: 0-download-inputs/data-files/AF-Q9STF2-F1-model_v6.pdb
DeepTMHMM_class: GLOB
Structure source: EBI-selected-UniProt

Attempting prediction for AT3G46820
Done with ΔG prediction for: AT3G46820
Structure used: 0-download-inputs/data-files/AF-P48485-F1-model_v6.pdb
DeepTMHMM_class: GLOB
Structure source: EBI-selected-UniProt

Attempting prediction for AT3G46830
Done with ΔG prediction for: AT3G46830
Structure used: 0-download-inputs/data-files/AF-Q96283-F1-model_v6.pdb
DeepTMHMM_class: GLOB
Structure source: EBI-selected-UniProt

Attempting prediction for AT3G46900
Prediction skipped for AT3G46900:
has_verified_seq       = True
DeepTMHMM_class         = TM
final_structure_path    = 0-download-inputs/data-files/AF-Q9STG2-F1-model_v6.pdb
final_structure_source  = EBI-selected-UniProt

Attempting prediction for AT3G47370
Done with ΔG prediction for: AT3G47370
Structure used: 0-download-inputs/data-files/AF-Q9STY6-F1-model_v6.pdb
DeepTMHMM_class: GLOB
Structure source: EBI-selected-UniProt

Attempting prediction for AT3G47430
Done with ΔG prediction for: AT3G47430
Structure used: 0-download-inputs/data-files/AF-Q9STY0-F1-model_v6.pdb
DeepTMHMM_class: GLOB
Structure source: EBI-selected-UniProt

Attempting prediction for AT3G47470
Prediction skipped for AT3G47470:
has_verified_seq       = True
DeepTMHMM_class         = TM
final_structure_path    = 0-download-inputs/data-files/AF-P27521-F1-model_v6.pdb
final_structure_source  = EBI-selected-UniProt

Attempting prediction for AT3G47520
Done with ΔG prediction for: AT3G47520
Structure used: 0-download-inputs/data-files/AF-Q9SN86-F1-model_v6.pdb
DeepTMHMM_class: GLOB
Structure source: EBI-selected-UniProt

Attempting prediction for AT3G47620
Done with ΔG prediction for: AT3G47620
Structure used: 0-download-inputs/data-files/AF-Q93Z00-F1-model_v6.pdb
DeepTMHMM_class: GLOB
Structure source: EBI-selected-UniProt

Attempting prediction for AT3G47780
Prediction skipped for AT3G47780:
has_verified_seq       = True
DeepTMHMM_class         = TM
final_structure_path    = nan
final_structure_source  = None

Attempting prediction for AT3G48000
Done with ΔG prediction for: AT3G48000
Structure used: 0-download-inputs/data-files/AF-Q9SU63-F1-model_v6.pdb
DeepTMHMM_class: GLOB
Structure source: EBI-selected-UniProt

Attempting prediction for AT3G48080
Done with ΔG prediction for: AT3G48080
Structure used: 0-download-inputs/data-files/AF-Q9SU71-F1-model_v6.pdb
DeepTMHMM_class: GLOB
Structure source: EBI-selected-UniProt

Attempting prediction for AT3G48090
Done with ΔG prediction for: AT3G48090
Structure used: 0-download-inputs/data-files/AF-Q9SU72-F1-model_v6.pdb
DeepTMHMM_class: GLOB
Structure source: EBI-selected-UniProt

Attempting prediction for AT3G48150
Done with ΔG prediction for: AT3G48150
Structure used: 0-download-inputs/data-files/AF-Q9STS3-F1-model_v6.pdb
DeepTMHMM_class: GLOB
Structure source: EBI-selected-UniProt

Attempting prediction for AT3G48160
Done with ΔG prediction for: AT3G48160
Structure used: 0-download-inputs/data-files/AF-Q8LSZ4-F1-model_v6.pdb
DeepTMHMM_class: GLOB
Structure source: EBI-selected-UniProt

Attempting prediction for AT3G48190
Prediction skipped for AT3G48190:
has_verified_seq       = True
DeepTMHMM_class         = GLOB
final_structure_path    = nan
final_structure_source  = None

Attempting prediction for AT3G48240
Done with ΔG prediction for: AT3G48240
Structure used: 0-download-inputs/data-files/AF-Q9STK4-F1-model_v6.pdb
DeepTMHMM_class: GLOB
Structure source: EBI-selected-UniProt

Attempting prediction for AT3G48430
Done with ΔG prediction for: AT3G48430
Structure used: 0-download-inputs/data-files/AF-Q9STM3-F1-model_v6.pdb
DeepTMHMM_class: GLOB
Structure source: EBI-selected-UniProt

Attempting prediction for AT3G48590
Done with ΔG prediction for: AT3G48590
Structure used: 0-download-inputs/data-files/AF-Q9SMP0-F1-model_v6.pdb
DeepTMHMM_class: GLOB
Structure source: EBI-selected-UniProt

Attempting prediction for AT3G48670
Done with ΔG prediction for: AT3G48670
Structure used: 0-download-inputs/data-files/AF-Q8VZ79-F1-model_v6.pdb
DeepTMHMM_class: GLOB
Structure source: EBI-selected-UniProt

Attempting prediction for AT3G48680
Done with ΔG prediction for: AT3G48680
Structure used: 0-download-inputs/data-files/AF-Q9SMN1-F1-model_v6.pdb
DeepTMHMM_class: GLOB
Structure source: EBI-selected-UniProt

Attempting prediction for AT3G48750
Done with ΔG prediction for: AT3G48750
Structure used: 0-download-inputs/data-files/AF-P24100-F1-model_v6.pdb
DeepTMHMM_class: GLOB
Structure source: EBI-selected-UniProt

Attempting prediction for AT3G48870
Prediction skipped for AT3G48870:
has_verified_seq       = True
DeepTMHMM_class         = GLOB
final_structure_path    = nan
final_structure_source  = None

Attempting prediction for AT3G48890
Prediction skipped for AT3G48890:
has_verified_seq       = True
DeepTMHMM_class         = TM
final_structure_path    = 0-download-inputs/data-files/AF-Q9M2Z4-F1-model_v6.pdb
final_structure_source  = EBI-selected-UniProt

Attempting prediction for AT3G48990
Done with ΔG prediction for: AT3G48990
Structure used: 0-download-inputs/data-files/AF-Q9SMT7-F1-model_v6.pdb
DeepTMHMM_class: GLOB
Structure source: EBI-selected-UniProt

Attempting prediction for AT3G49010
Done with ΔG prediction for: AT3G49010
Structure used: 0-download-inputs/data-files/AF-P41127-F1-model_v6.pdb
DeepTMHMM_class: GLOB
Structure source: EBI-selected-UniProt

Attempting prediction for AT3G49100
Done with ΔG prediction for: AT3G49100
Structure used: 0-download-inputs/data-files/AF-Q9SMU7-F1-model_v6.pdb
DeepTMHMM_class: GLOB
Structure source: EBI-selected-UniProt

Attempting prediction for AT3G49180
Done with ΔG prediction for: AT3G49180
Structure used: 0-download-inputs/data-files/AF-Q9M3B4-F1-model_v6.pdb
DeepTMHMM_class: GLOB
Structure source: EBI-selected-UniProt

Attempting prediction for AT3G49240
Done with ΔG prediction for: AT3G49240
Structure used: 0-download-inputs/data-files/AF-Q9M3A8-F1-model_v6.pdb
DeepTMHMM_class: GLOB
Structure source: EBI-selected-UniProt

Attempting prediction for AT3G49250
Done with ΔG prediction for: AT3G49250
Structure used: 0-download-inputs/data-files/AF-Q94A79-F1-model_v6.pdb
DeepTMHMM_class: GLOB
Structure source: EBI-selected-UniProt

Attempting prediction for AT3G49260
Prediction skipped for AT3G49260:
has_verified_seq       = True
DeepTMHMM_class         = GLOB
final_structure_path    = nan
final_structure_source  = None

Attempting prediction for AT3G49430
Done with ΔG prediction for: AT3G49430
Structure used: 0-download-inputs/data-files/AF-A2RVS6-F1-model_v6.pdb
DeepTMHMM_class: GLOB
Structure source: EBI-selected-UniProt

Attempting prediction for AT3G49470
Done with ΔG prediction for: AT3G49470
Structure used: 0-download-inputs/data-files/AF-Q94JX9-F1-model_v6.pdb
DeepTMHMM_class: GLOB
Structure source: EBI-selected-UniProt

Attempting prediction for AT3G49500
Done with ΔG prediction for: AT3G49500
Structure used: 0-download-inputs/data-files/AF-Q9SG02-F1-model_v6.pdb
DeepTMHMM_class: GLOB
Structure source: EBI-selected-UniProt

Attempting prediction for AT3G49590
Done with ΔG prediction for: AT3G49590
Structure used: 0-download-inputs/data-files/AF-Q9SCK0-F1-model_v6.pdb
DeepTMHMM_class: GLOB
Structure source: EBI-selected-UniProt

Attempting prediction for AT3G49670
Prediction skipped for AT3G49670:
has_verified_seq       = True
DeepTMHMM_class         = SP+TM
final_structure_path    = 0-download-inputs/data-files/AF-Q9M2Z1-F1-model_v6-cleaved.pdb
final_structure_source  = EBI-selected-UniProt-cleaved

Attempting prediction for AT3G49680
Done with ΔG prediction for: AT3G49680
Structure used: 0-download-inputs/data-files/AF-Q9M401-F1-model_v6.pdb
DeepTMHMM_class: GLOB
Structure source: EBI-selected-UniProt

Attempting prediction for AT3G49750
Prediction skipped for AT3G49750:
has_verified_seq       = True
DeepTMHMM_class         = SP
final_structure_path    = nan
final_structure_source  = None

Attempting prediction for AT3G49910
Done with ΔG prediction for: AT3G49910
Structure used: 0-download-inputs/data-files/AF-P51414-F1-model_v6.pdb
DeepTMHMM_class: GLOB
Structure source: EBI-selected-UniProt

Attempting prediction for AT3G50000
Done with ΔG prediction for: AT3G50000
Structure used: 0-download-inputs/data-files/AF-Q08466-F1-model_v6-cleaved.pdb
DeepTMHMM_class: GLOB
Structure source: EBI-selected-UniProt-cleaved

Attempting prediction for AT3G50060
Done with ΔG prediction for: AT3G50060
Structure used: 0-download-inputs/data-files/AF-Q9SN12-F1-model_v6.pdb
DeepTMHMM_class: GLOB
Structure source: EBI-selected-UniProt

Attempting prediction for AT3G50070
Done with ΔG prediction for: AT3G50070
Structure used: 0-download-inputs/data-files/AF-Q9SN11-F1-model_v6.pdb
DeepTMHMM_class: GLOB
Structure source: EBI-selected-UniProt

Attempting prediction for AT3G50310
Done with ΔG prediction for: AT3G50310
Structure used: 0-download-inputs/data-files/AF-Q9SND6-F1-model_v6.pdb
DeepTMHMM_class: GLOB
Structure source: EBI-selected-UniProt

Attempting prediction for AT3G50440
Done with ΔG prediction for: AT3G50440
Structure used: 0-download-inputs/data-files/AF-Q8S9K8-F1-model_v6.pdb
DeepTMHMM_class: GLOB
Structure source: EBI-selected-UniProt

Attempting prediction for AT3G50500
Done with ΔG prediction for: AT3G50500
Structure used: 0-download-inputs/data-files/AF-Q39192-F1-model_v6.pdb
DeepTMHMM_class: GLOB
Structure source: EBI-selected-UniProt

Attempting prediction for AT3G50630
Done with ΔG prediction for: AT3G50630
Structure used: 0-download-inputs/data-files/AF-Q9SCR2-F1-model_v6.pdb
DeepTMHMM_class: GLOB
Structure source: EBI-selected-UniProt

Attempting prediction for AT3G50670
Done with ΔG prediction for: AT3G50670
Structure used: 0-download-inputs/data-files/AF-Q42404-F1-model_v6.pdb
DeepTMHMM_class: GLOB
Structure source: EBI-selected-UniProt

Attempting prediction for AT3G50820
Prediction skipped for AT3G50820:
has_verified_seq       = True
DeepTMHMM_class         = TM
final_structure_path    = 0-download-inputs/data-files/AF-Q9S841-F1-model_v6.pdb
final_structure_source  = EBI-selected-UniProt

Attempting prediction for AT3G50930
Done with ΔG prediction for: AT3G50930
Structure used: 0-download-inputs/data-files/AF-Q8VZG2-F1-model_v6.pdb
DeepTMHMM_class: GLOB
Structure source: EBI-selected-UniProt

Attempting prediction for AT3G50950
Done with ΔG prediction for: AT3G50950
Structure used: 0-download-inputs/data-files/AF-Q38834-F1-model_v6.pdb
DeepTMHMM_class: GLOB
Structure source: EBI-selected-UniProt

Attempting prediction for AT3G51130
Done with ΔG prediction for: AT3G51130
Structure used: 0-download-inputs/data-files/AF-Q9SD33-F1-model_v6.pdb
DeepTMHMM_class: GLOB
Structure source: EBI-selected-UniProt

Attempting prediction for AT3G51160
Done with ΔG prediction for: AT3G51160
Structure used: 0-download-inputs/data-files/AF-P93031-F1-model_v6.pdb
DeepTMHMM_class: GLOB
Structure source: EBI-selected-UniProt

Attempting prediction for AT3G51260
Done with ΔG prediction for: AT3G51260
Structure used: 0-download-inputs/data-files/AF-P30186-F1-model_v6.pdb
DeepTMHMM_class: GLOB
Structure source: EBI-selected-UniProt

Attempting prediction for AT3G51550
Prediction skipped for AT3G51550:
has_verified_seq       = True
DeepTMHMM_class         = SP+TM
final_structure_path    = 0-download-inputs/data-files/AF-Q9SCZ4-F1-model_v6-cleaved.pdb
final_structure_source  = EBI-selected-UniProt-cleaved

Attempting prediction for AT3G51770
Prediction skipped for AT3G51770:
has_verified_seq       = True
DeepTMHMM_class         = GLOB
final_structure_path    = nan
final_structure_source  = None

Attempting prediction for AT3G51800
Done with ΔG prediction for: AT3G51800
Structure used: 0-download-inputs/data-files/AF-Q96327-F1-model_v6.pdb
DeepTMHMM_class: GLOB
Structure source: EBI-selected-UniProt

Attempting prediction for AT3G51820
Prediction skipped for AT3G51820:
has_verified_seq       = True
DeepTMHMM_class         = TM
final_structure_path    = 0-download-inputs/data-files/AF-Q38833-F1-model_v6.pdb
final_structure_source  = EBI-selected-UniProt

Attempting prediction for AT3G51840
Done with ΔG prediction for: AT3G51840
Structure used: 0-download-inputs/data-files/AF-Q96329-F1-model_v6.pdb
DeepTMHMM_class: GLOB
Structure source: EBI-selected-UniProt

Attempting prediction for AT3G51860
Prediction skipped for AT3G51860:
has_verified_seq       = True
DeepTMHMM_class         = TM
final_structure_path    = nan
final_structure_source  = None

Attempting prediction for AT3G51895
Prediction skipped for AT3G51895:
has_verified_seq       = True
DeepTMHMM_class         = TM
final_structure_path    = nan
final_structure_source  = None

Attempting prediction for AT3G51920
Done with ΔG prediction for: AT3G51920
Structure used: 0-download-inputs/data-files/AF-Q9S744-F1-model_v6.pdb
DeepTMHMM_class: GLOB
Structure source: EBI-selected-UniProt

Attempting prediction for AT3G51950
Prediction skipped for AT3G51950:
has_verified_seq       = True
DeepTMHMM_class         = GLOB
final_structure_path    = nan
final_structure_source  = None

Attempting prediction for AT3G52050
Prediction skipped for AT3G52050:
has_verified_seq       = True
DeepTMHMM_class         = GLOB
final_structure_path    = nan
final_structure_source  = None

Attempting prediction for AT3G52090
Done with ΔG prediction for: AT3G52090
Structure used: 0-download-inputs/data-files/AF-Q38859-F1-model_v6.pdb
DeepTMHMM_class: GLOB
Structure source: EBI-selected-UniProt

Attempting prediction for AT3G52120
Prediction skipped for AT3G52120:
has_verified_seq       = True
DeepTMHMM_class         = GLOB
final_structure_path    = nan
final_structure_source  = None

Attempting prediction for AT3G52150
Done with ΔG prediction for: AT3G52150
Structure used: 0-download-inputs/data-files/AF-Q8VYM4-F1-model_v6.pdb
DeepTMHMM_class: GLOB
Structure source: EBI-selected-UniProt

Attempting prediction for AT3G52200
Done with ΔG prediction for: AT3G52200
Structure used: 0-download-inputs/data-files/AF-Q0WQF7-F1-model_v6.pdb
DeepTMHMM_class: GLOB
Structure source: EBI-selected-UniProt

Attempting prediction for AT3G52300
Prediction skipped for AT3G52300:
has_verified_seq       = True
DeepTMHMM_class         = GLOB
final_structure_path    = nan
final_structure_source  = None

Attempting prediction for AT3G52400
Prediction skipped for AT3G52400:
has_verified_seq       = True
DeepTMHMM_class         = TM
final_structure_path    = 0-download-inputs/data-files/AF-Q9SVC2-F1-model_v6.pdb
final_structure_source  = EBI-selected-UniProt

Attempting prediction for AT3G52420
Done with ΔG prediction for: AT3G52420
Structure used: 0-download-inputs/data-files/AF-Q9SVC4-F1-model_v6.pdb
DeepTMHMM_class: GLOB
Structure source: EBI-selected-UniProt

Attempting prediction for AT3G52430
Done with ΔG prediction for: AT3G52430
Structure used: 0-download-inputs/data-files/AF-Q9S745-F1-model_v6.pdb
DeepTMHMM_class: GLOB
Structure source: EBI-selected-UniProt

Attempting prediction for AT3G52450
Done with ΔG prediction for: AT3G52450
Structure used: 0-download-inputs/data-files/AF-Q9SVC6-F1-model_v6.pdb
DeepTMHMM_class: GLOB
Structure source: EBI-selected-UniProt

Attempting prediction for AT3G52560
Done with ΔG prediction for: AT3G52560
Structure used: 0-download-inputs/data-files/AF-Q9SVD7-F1-model_v6.pdb
DeepTMHMM_class: GLOB
Structure source: EBI-selected-UniProt

Attempting prediction for AT3G52590
Prediction skipped for AT3G52590:
has_verified_seq       = True
DeepTMHMM_class         = GLOB
final_structure_path    = nan
final_structure_source  = None

Attempting prediction for AT3G52850
Prediction skipped for AT3G52850:
has_verified_seq       = True
DeepTMHMM_class         = SP+TM
final_structure_path    = 0-download-inputs/data-files/AF-P93026-F1-model_v6-cleaved.pdb
final_structure_source  = EBI-selected-UniProt-cleaved

Attempting prediction for AT3G52890
Done with ΔG prediction for: AT3G52890
Structure used: 0-download-inputs/data-files/AF-Q9LFA2-F1-model_v6.pdb
DeepTMHMM_class: GLOB
Structure source: EBI-selected-UniProt

Attempting prediction for AT3G52910
Done with ΔG prediction for: AT3G52910
Structure used: 0-download-inputs/data-files/AF-Q8L8A7-F1-model_v6.pdb
DeepTMHMM_class: GLOB
Structure source: EBI-selected-UniProt

Attempting prediction for AT3G52920
Prediction skipped for AT3G52920:
has_verified_seq       = True
DeepTMHMM_class         = GLOB
final_structure_path    = nan
final_structure_source  = None

Attempting prediction for AT3G52930
Done with ΔG prediction for: AT3G52930
Structure used: 0-download-inputs/data-files/AF-Q9LF98-F1-model_v6.pdb
DeepTMHMM_class: GLOB
Structure source: EBI-selected-UniProt

Attempting prediction for AT3G52960
Done with ΔG prediction for: AT3G52960
Structure used: 0-download-inputs/data-files/AF-Q949U7-F1-model_v6.pdb
DeepTMHMM_class: GLOB
Structure source: EBI-selected-UniProt

Attempting prediction for AT3G53020
Done with ΔG prediction for: AT3G53020
Structure used: 0-download-inputs/data-files/AF-P38666-F1-model_v6.pdb
DeepTMHMM_class: GLOB
Structure source: EBI-selected-UniProt

Attempting prediction for AT3G53060
Done with ΔG prediction for: AT3G53060
Structure used: 0-download-inputs/data-files/AF-Q1PEF6-F1-model_v6.pdb
DeepTMHMM_class: GLOB
Structure source: EBI-selected-UniProt

Attempting prediction for AT3G53110
Done with ΔG prediction for: AT3G53110
Structure used: 0-download-inputs/data-files/AF-Q93ZG7-F1-model_v6.pdb
DeepTMHMM_class: GLOB
Structure source: EBI-selected-UniProt

Attempting prediction for AT3G53120
Done with ΔG prediction for: AT3G53120
Structure used: 0-download-inputs/data-files/AF-Q9SCP9-F1-model_v6.pdb
DeepTMHMM_class: GLOB
Structure source: EBI-selected-UniProt

Attempting prediction for AT3G53150
Prediction skipped for AT3G53150:
has_verified_seq       = True
DeepTMHMM_class         = GLOB
final_structure_path    = nan
final_structure_source  = None

Attempting prediction for AT3G53180
Done with ΔG prediction for: AT3G53180
Structure used: 0-download-inputs/data-files/AF-F4J9A0-F1-model_v6.pdb
DeepTMHMM_class: GLOB
Structure source: EBI-selected-UniProt

Attempting prediction for AT3G53260
Done with ΔG prediction for: AT3G53260
Structure used: 0-download-inputs/data-files/AF-P45724-F1-model_v6.pdb
DeepTMHMM_class: GLOB
Structure source: EBI-selected-UniProt

Attempting prediction for AT3G53390
Done with ΔG prediction for: AT3G53390
Structure used: 0-download-inputs/data-files/AF-F4JAE0-F1-model_v6.pdb
DeepTMHMM_class: GLOB
Structure source: EBI-selected-UniProt

Attempting prediction for AT3G53420
Prediction skipped for AT3G53420:
has_verified_seq       = True
DeepTMHMM_class         = TM
final_structure_path    = 0-download-inputs/data-files/AF-P43286-F1-model_v6.pdb
final_structure_source  = EBI-selected-UniProt

Attempting prediction for AT3G53460
Done with ΔG prediction for: AT3G53460
Structure used: 0-download-inputs/data-files/AF-Q43349-F1-model_v6.pdb
DeepTMHMM_class: GLOB
Structure source: EBI-selected-UniProt

Attempting prediction for AT3G53510
Prediction skipped for AT3G53510:
has_verified_seq       = True
DeepTMHMM_class         = TM
final_structure_path    = 0-download-inputs/data-files/AF-Q9LFG8-F1-model_v6.pdb
final_structure_source  = EBI-selected-UniProt

Attempting prediction for AT3G53580
Done with ΔG prediction for: AT3G53580
Structure used: 0-download-inputs/data-files/AF-Q9LFG2-F1-model_v6.pdb
DeepTMHMM_class: GLOB
Structure source: EBI-selected-UniProt

Attempting prediction for AT3G53620
Done with ΔG prediction for: AT3G53620
Structure used: 0-download-inputs/data-files/AF-Q9LFF9-F1-model_v6.pdb
DeepTMHMM_class: GLOB
Structure source: EBI-selected-UniProt

Attempting prediction for AT3G53710
Done with ΔG prediction for: AT3G53710
Structure used: 0-download-inputs/data-files/AF-Q9M354-F1-model_v6.pdb
DeepTMHMM_class: GLOB
Structure source: EBI-selected-UniProt

Attempting prediction for AT3G53730
Done with ΔG prediction for: AT3G53730
Structure used: 0-download-inputs/data-files/AF-P59259-F1-model_v6.pdb
DeepTMHMM_class: GLOB
Structure source: EBI-selected-UniProt

Attempting prediction for AT3G53870
Done with ΔG prediction for: AT3G53870
Structure used: 0-download-inputs/data-files/AF-Q9M339-F1-model_v6.pdb
DeepTMHMM_class: GLOB
Structure source: EBI-selected-UniProt

Attempting prediction for AT3G53990
Done with ΔG prediction for: AT3G53990
Structure used: 0-download-inputs/data-files/AF-Q9M328-F1-model_v6.pdb
DeepTMHMM_class: GLOB
Structure source: EBI-selected-UniProt

Attempting prediction for AT3G54010
Prediction skipped for AT3G54010:
has_verified_seq       = True
DeepTMHMM_class         = TM
final_structure_path    = 0-download-inputs/data-files/AF-Q7DMA9-F1-model_v6.pdb
final_structure_source  = EBI-selected-UniProt

Attempting prediction for AT3G54050
Done with ΔG prediction for: AT3G54050
Structure used: 0-download-inputs/data-files/AF-P25851-F1-model_v6.pdb
DeepTMHMM_class: GLOB
Structure source: EBI-selected-UniProt

Attempting prediction for AT3G54090
Done with ΔG prediction for: AT3G54090
Structure used: 0-download-inputs/data-files/AF-Q9M394-F1-model_v6.pdb
DeepTMHMM_class: GLOB
Structure source: EBI-selected-UniProt

Attempting prediction for AT3G54110
Done with ΔG prediction for: AT3G54110
Structure used: 0-download-inputs/data-files/AF-O81845-F1-model_v6.pdb
DeepTMHMM_class: GLOB
Structure source: EBI-selected-UniProt

Attempting prediction for AT3G54130
Done with ΔG prediction for: AT3G54130
Structure used: 0-download-inputs/data-files/AF-Q9M391-F1-model_v6.pdb
DeepTMHMM_class: GLOB
Structure source: EBI-selected-UniProt

Attempting prediction for AT3G54140
Prediction skipped for AT3G54140:
has_verified_seq       = True
DeepTMHMM_class         = TM
final_structure_path    = 0-download-inputs/data-files/AF-Q9M390-F1-model_v6.pdb
final_structure_source  = EBI-selected-UniProt

Attempting prediction for AT3G54170
Done with ΔG prediction for: AT3G54170
Structure used: 0-download-inputs/data-files/AF-Q9ZSZ8-F1-model_v6.pdb
DeepTMHMM_class: GLOB
Structure source: EBI-selected-UniProt

Attempting prediction for AT3G54180
Done with ΔG prediction for: AT3G54180
Structure used: 0-download-inputs/data-files/AF-P25859-F1-model_v6.pdb
DeepTMHMM_class: GLOB
Structure source: EBI-selected-UniProt

Attempting prediction for AT3G54230
Prediction skipped for AT3G54230:
has_verified_seq       = True
DeepTMHMM_class         = GLOB
final_structure_path    = nan
final_structure_source  = None

Attempting prediction for AT3G54300
Prediction skipped for AT3G54300:
has_verified_seq       = True
DeepTMHMM_class         = TM
final_structure_path    = 0-download-inputs/data-files/AF-Q9M376-F1-model_v6.pdb
final_structure_source  = EBI-selected-UniProt

Attempting prediction for AT3G54320
Done with ΔG prediction for: AT3G54320
Structure used: 0-download-inputs/data-files/AF-Q6X5Y6-F1-model_v6.pdb
DeepTMHMM_class: GLOB
Structure source: EBI-selected-UniProt

Attempting prediction for AT3G54340
Done with ΔG prediction for: AT3G54340
Structure used: 0-download-inputs/data-files/AF-P35632-F1-model_v6.pdb
DeepTMHMM_class: GLOB
Structure source: EBI-selected-UniProt

Attempting prediction for AT3G54360
Done with ΔG prediction for: AT3G54360
Structure used: 0-download-inputs/data-files/AF-Q9M2V1-F1-model_v6.pdb
DeepTMHMM_class: GLOB
Structure source: EBI-selected-UniProt

Attempting prediction for AT3G54400
Done with ΔG prediction for: AT3G54400
Structure used: 0-download-inputs/data-files/AF-Q9M2U7-F1-model_v6-cleaved.pdb
DeepTMHMM_class: SP
Structure source: EBI-selected-UniProt-cleaved

Attempting prediction for AT3G54590
Prediction skipped for AT3G54590:
has_verified_seq       = True
DeepTMHMM_class         = SP
final_structure_path    = nan
final_structure_source  = None

Attempting prediction for AT3G54610
Done with ΔG prediction for: AT3G54610
Structure used: 0-download-inputs/data-files/AF-Q9AR19-F1-model_v6.pdb
DeepTMHMM_class: GLOB
Structure source: EBI-selected-UniProt

Attempting prediction for AT3G54650
Done with ΔG prediction for: AT3G54650
Structure used: 0-download-inputs/data-files/AF-Q8W104-F1-model_v6.pdb
DeepTMHMM_class: GLOB
Structure source: EBI-selected-UniProt

Attempting prediction for AT3G54660
Done with ΔG prediction for: AT3G54660
Structure used: 0-download-inputs/data-files/AF-P42770-F1-model_v6.pdb
DeepTMHMM_class: GLOB
Structure source: EBI-selected-UniProt

Attempting prediction for AT3G54760
Prediction skipped for AT3G54760:
has_verified_seq       = True
DeepTMHMM_class         = GLOB
final_structure_path    = nan
final_structure_source  = None

Attempting prediction for AT3G54890
Prediction skipped for AT3G54890:
has_verified_seq       = True
DeepTMHMM_class         = TM
final_structure_path    = 0-download-inputs/data-files/AF-Q01667-F1-model_v6.pdb
final_structure_source  = EBI-selected-UniProt

Attempting prediction for AT3G54920
Done with ΔG prediction for: AT3G54920
Structure used: 0-download-inputs/data-files/AF-Q93Z04-F1-model_v6-cleaved.pdb
DeepTMHMM_class: SP
Structure source: EBI-selected-UniProt-cleaved

Attempting prediction for AT3G54960
Done with ΔG prediction for: AT3G54960
Structure used: 0-download-inputs/data-files/AF-Q8VX13-F1-model_v6-cleaved.pdb
DeepTMHMM_class: SP
Structure source: EBI-selected-UniProt-cleaved

Attempting prediction for AT3G55000
Prediction skipped for AT3G55000:
has_verified_seq       = True
DeepTMHMM_class         = GLOB
final_structure_path    = nan
final_structure_source  = None

Attempting prediction for AT3G55005
Done with ΔG prediction for: AT3G55005
Structure used: 0-download-inputs/data-files/AF-Q9FQ24-F1-model_v6.pdb
DeepTMHMM_class: GLOB
Structure source: EBI-selected-UniProt

Attempting prediction for AT3G55130
Prediction skipped for AT3G55130:
has_verified_seq       = True
DeepTMHMM_class         = TM
final_structure_path    = 0-download-inputs/data-files/AF-Q9M3D6-F1-model_v6.pdb
final_structure_source  = EBI-selected-UniProt

Attempting prediction for AT3G55360
Prediction skipped for AT3G55360:
has_verified_seq       = True
DeepTMHMM_class         = TM
final_structure_path    = 0-download-inputs/data-files/AF-Q9M2U2-F1-model_v6.pdb
final_structure_source  = EBI-selected-UniProt

Attempting prediction for AT3G55440
Done with ΔG prediction for: AT3G55440
Structure used: 0-download-inputs/data-files/AF-P48491-F1-model_v6.pdb
DeepTMHMM_class: GLOB
Structure source: EBI-selected-UniProt

Attempting prediction for AT3G55460
Done with ΔG prediction for: AT3G55460
Structure used: 0-download-inputs/data-files/AF-Q8L3X8-F1-model_v6.pdb
DeepTMHMM_class: GLOB
Structure source: EBI-selected-UniProt

Attempting prediction for AT3G55770
Done with ΔG prediction for: AT3G55770
Structure used: 0-download-inputs/data-files/AF-Q9M047-F1-model_v6.pdb
DeepTMHMM_class: GLOB
Structure source: EBI-selected-UniProt

Attempting prediction for AT3G55800
Done with ΔG prediction for: AT3G55800
Structure used: 0-download-inputs/data-files/AF-P46283-F1-model_v6.pdb
DeepTMHMM_class: GLOB
Structure source: EBI-selected-UniProt

Attempting prediction for AT3G56090
Done with ΔG prediction for: AT3G56090
Structure used: 0-download-inputs/data-files/AF-Q9LYN2-F1-model_v6.pdb
DeepTMHMM_class: GLOB
Structure source: EBI-selected-UniProt

Attempting prediction for AT3G56130
Prediction skipped for AT3G56130:
has_verified_seq       = True
DeepTMHMM_class         = GLOB
final_structure_path    = nan
final_structure_source  = None

Attempting prediction for AT3G56150
Done with ΔG prediction for: AT3G56150
Structure used: 0-download-inputs/data-files/AF-O49160-F1-model_v6.pdb
DeepTMHMM_class: GLOB
Structure source: EBI-selected-UniProt

Attempting prediction for AT3G56190
Done with ΔG prediction for: AT3G56190
Structure used: 0-download-inputs/data-files/AF-Q9SPE6-F1-model_v6.pdb
DeepTMHMM_class: GLOB
Structure source: EBI-selected-UniProt

Attempting prediction for AT3G56340
Done with ΔG prediction for: AT3G56340
Structure used: 0-download-inputs/data-files/AF-Q9LYK9-F1-model_v6.pdb
DeepTMHMM_class: GLOB
Structure source: EBI-selected-UniProt

Attempting prediction for AT3G56410
Done with ΔG prediction for: AT3G56410
Structure used: 0-download-inputs/data-files/AF-Q9LXZ9-F1-model_v6.pdb
DeepTMHMM_class: GLOB
Structure source: EBI-selected-UniProt

Attempting prediction for AT3G56460
Done with ΔG prediction for: AT3G56460
Structure used: 0-download-inputs/data-files/AF-Q9LXZ4-F1-model_v6.pdb
DeepTMHMM_class: GLOB
Structure source: EBI-selected-UniProt

Attempting prediction for AT3G56490
Done with ΔG prediction for: AT3G56490
Structure used: 0-download-inputs/data-files/AF-Q8GUN2-F1-model_v6.pdb
DeepTMHMM_class: GLOB
Structure source: EBI-selected-UniProt

Attempting prediction for AT3G56710
Done with ΔG prediction for: AT3G56710
Structure used: 0-download-inputs/data-files/AF-Q9LDH1-F1-model_v6.pdb
DeepTMHMM_class: GLOB
Structure source: EBI-selected-UniProt

Attempting prediction for AT3G56800
Done with ΔG prediction for: AT3G56800
Structure used: 0-download-inputs/data-files/AF-P0DH98-F1-model_v6.pdb
DeepTMHMM_class: GLOB
Structure source: EBI-selected-UniProt

Attempting prediction for AT3G56860
Done with ΔG prediction for: AT3G56860
Structure used: 0-download-inputs/data-files/AF-Q9LES2-F1-model_v6.pdb
DeepTMHMM_class: GLOB
Structure source: EBI-selected-UniProt

Attempting prediction for AT3G56900
Done with ΔG prediction for: AT3G56900
Structure used: 0-download-inputs/data-files/AF-Q8GWR1-F1-model_v6.pdb
DeepTMHMM_class: GLOB
Structure source: EBI-selected-UniProt

Attempting prediction for AT3G56910
Done with ΔG prediction for: AT3G56910
Structure used: 0-download-inputs/data-files/AF-Q9LER7-F1-model_v6.pdb
DeepTMHMM_class: GLOB
Structure source: EBI-selected-UniProt

Attempting prediction for AT3G56940
Done with ΔG prediction for: AT3G56940
Structure used: 0-download-inputs/data-files/AF-Q9M591-F1-model_v6.pdb
DeepTMHMM_class: GLOB
Structure source: EBI-selected-UniProt

Attempting prediction for AT3G57150
Done with ΔG prediction for: AT3G57150
Structure used: 0-download-inputs/data-files/AF-Q9LD90-F1-model_v6.pdb
DeepTMHMM_class: GLOB
Structure source: EBI-selected-UniProt

Attempting prediction for AT3G57290
Done with ΔG prediction for: AT3G57290
Structure used: 0-download-inputs/data-files/AF-Q9C5Z3-F1-model_v6.pdb
DeepTMHMM_class: GLOB
Structure source: EBI-selected-UniProt

Attempting prediction for AT3G57390
Done with ΔG prediction for: AT3G57390
Structure used: 0-download-inputs/data-files/AF-Q9M2K8-F1-model_v6.pdb
DeepTMHMM_class: GLOB
Structure source: EBI-selected-UniProt

Attempting prediction for AT3G57530
Done with ΔG prediction for: AT3G57530
Structure used: 0-download-inputs/data-files/AF-Q6NLQ6-F1-model_v6.pdb
DeepTMHMM_class: GLOB
Structure source: EBI-selected-UniProt

Attempting prediction for AT3G57560
Done with ΔG prediction for: AT3G57560
Structure used: 0-download-inputs/data-files/AF-Q9SCL7-F1-model_v6.pdb
DeepTMHMM_class: GLOB
Structure source: EBI-selected-UniProt

Attempting prediction for AT3G57650
Prediction skipped for AT3G57650:
has_verified_seq       = True
DeepTMHMM_class         = TM
final_structure_path    = 0-download-inputs/data-files/AF-Q8LG50-F1-model_v6.pdb
final_structure_source  = EBI-selected-UniProt

Attempting prediction for AT3G57670
Done with ΔG prediction for: AT3G57670
Structure used: 0-download-inputs/data-files/AF-Q9SVY1-F1-model_v6.pdb
DeepTMHMM_class: GLOB
Structure source: EBI-selected-UniProt

Attempting prediction for AT3G57750
Done with ΔG prediction for: AT3G57750
Structure used: 0-download-inputs/data-files/AF-Q8LGB6-F1-model_v6.pdb
DeepTMHMM_class: GLOB
Structure source: EBI-selected-UniProt

Attempting prediction for AT3G57860
Done with ΔG prediction for: AT3G57860
Structure used: 0-download-inputs/data-files/AF-Q9M2R1-F1-model_v6.pdb
DeepTMHMM_class: GLOB
Structure source: EBI-selected-UniProt

Attempting prediction for AT3G57870
Done with ΔG prediction for: AT3G57870
Structure used: 0-download-inputs/data-files/AF-Q42551-F1-model_v6.pdb
DeepTMHMM_class: GLOB
Structure source: EBI-selected-UniProt

Attempting prediction for AT3G58040
Prediction skipped for AT3G58040:
has_verified_seq       = True
DeepTMHMM_class         = GLOB
final_structure_path    = nan
final_structure_source  = None

Attempting prediction for AT3G58500
Done with ΔG prediction for: AT3G58500
Structure used: 0-download-inputs/data-files/AF-P48578-F1-model_v6.pdb
DeepTMHMM_class: GLOB
Structure source: EBI-selected-UniProt

Attempting prediction for AT3G58510
Done with ΔG prediction for: AT3G58510
Structure used: 0-download-inputs/data-files/AF-Q8LA13-F1-model_v6.pdb
DeepTMHMM_class: GLOB
Structure source: EBI-selected-UniProt

Attempting prediction for AT3G58730
Done with ΔG prediction for: AT3G58730
Structure used: 0-download-inputs/data-files/AF-Q9XGM1-F1-model_v6.pdb
DeepTMHMM_class: GLOB
Structure source: EBI-selected-UniProt

Attempting prediction for AT3G58740
Done with ΔG prediction for: AT3G58740
Structure used: 0-download-inputs/data-files/AF-Q9LXS7-F1-model_v6.pdb
DeepTMHMM_class: GLOB
Structure source: EBI-selected-UniProt

Attempting prediction for AT3G58750
Done with ΔG prediction for: AT3G58750
Structure used: 0-download-inputs/data-files/AF-Q9LXS6-F1-model_v6.pdb
DeepTMHMM_class: GLOB
Structure source: EBI-selected-UniProt

Attempting prediction for AT3G58780
Prediction skipped for AT3G58780:
has_verified_seq       = True
DeepTMHMM_class         = GLOB
final_structure_path    = nan
final_structure_source  = None

Attempting prediction for AT3G58840
Done with ΔG prediction for: AT3G58840
Structure used: 0-download-inputs/data-files/AF-Q9LXR8-F1-model_v6.pdb
DeepTMHMM_class: GLOB
Structure source: EBI-selected-UniProt

Attempting prediction for AT3G59020
Done with ΔG prediction for: AT3G59020
Structure used: 0-download-inputs/data-files/AF-F4J738-F1-model_v6.pdb
DeepTMHMM_class: GLOB
Structure source: EBI-selected-UniProt

Attempting prediction for AT3G59060
Prediction skipped for AT3G59060:
has_verified_seq       = True
DeepTMHMM_class         = GLOB
final_structure_path    = nan
final_structure_source  = None

Attempting prediction for AT3G59150
Prediction skipped for AT3G59150:
has_verified_seq       = True
DeepTMHMM_class         = GLOB
final_structure_path    = nan
final_structure_source  = None

Attempting prediction for AT3G59220
Done with ΔG prediction for: AT3G59220
Structure used: 0-download-inputs/data-files/AF-Q9LX49-F1-model_v6.pdb
DeepTMHMM_class: GLOB
Structure source: EBI-selected-UniProt

Attempting prediction for AT3G59380
Prediction skipped for AT3G59380:
has_verified_seq       = True
DeepTMHMM_class         = GLOB
final_structure_path    = nan
final_structure_source  = None

Attempting prediction for AT3G59600
Done with ΔG prediction for: AT3G59600
Structure used: 0-download-inputs/data-files/AF-Q9M1A8-F1-model_v6.pdb
DeepTMHMM_class: GLOB
Structure source: EBI-selected-UniProt

Attempting prediction for AT3G59760
Done with ΔG prediction for: AT3G59760
Structure used: 0-download-inputs/data-files/AF-Q43725-F1-model_v6.pdb
DeepTMHMM_class: GLOB
Structure source: EBI-selected-UniProt

Attempting prediction for AT3G59810
Done with ΔG prediction for: AT3G59810
Structure used: 0-download-inputs/data-files/AF-Q9M1Z3-F1-model_v6.pdb
DeepTMHMM_class: GLOB
Structure source: EBI-selected-UniProt

Attempting prediction for AT3G59920
Done with ΔG prediction for: AT3G59920
Structure used: 0-download-inputs/data-files/AF-O24653-F1-model_v6.pdb
DeepTMHMM_class: GLOB
Structure source: EBI-selected-UniProt

Attempting prediction for AT3G60010
Done with ΔG prediction for: AT3G60010
Structure used: 0-download-inputs/data-files/AF-Q9M1X5-F1-model_v6.pdb
DeepTMHMM_class: GLOB
Structure source: EBI-selected-UniProt

Attempting prediction for AT3G60020
Done with ΔG prediction for: AT3G60020
Structure used: 0-download-inputs/data-files/AF-Q9M1X4-F1-model_v6.pdb
DeepTMHMM_class: GLOB
Structure source: EBI-selected-UniProt

Attempting prediction for AT3G60210
Done with ΔG prediction for: AT3G60210
Structure used: 0-download-inputs/data-files/AF-Q9M1C2-F1-model_v6.pdb
DeepTMHMM_class: GLOB
Structure source: EBI-selected-UniProt

Attempting prediction for AT3G60245
Done with ΔG prediction for: AT3G60245
Structure used: 0-download-inputs/data-files/AF-Q8RXU5-F1-model_v6.pdb
DeepTMHMM_class: GLOB
Structure source: EBI-selected-UniProt

Attempting prediction for AT3G60250
Prediction skipped for AT3G60250:
has_verified_seq       = True
DeepTMHMM_class         = GLOB
final_structure_path    = nan
final_structure_source  = None

Attempting prediction for AT3G60330
Prediction skipped for AT3G60330:
has_verified_seq       = True
DeepTMHMM_class         = TM
final_structure_path    = 0-download-inputs/data-files/AF-Q9LY32-F1-model_v6.pdb
final_structure_source  = EBI-selected-UniProt

Attempting prediction for AT3G60600
Prediction skipped for AT3G60600:
has_verified_seq       = True
DeepTMHMM_class         = TM
final_structure_path    = 0-download-inputs/data-files/AF-Q8VZ95-F1-model_v6.pdb
final_structure_source  = EBI-selected-UniProt

Attempting prediction for AT3G60630
Done with ΔG prediction for: AT3G60630
Structure used: 0-download-inputs/data-files/AF-Q9M000-F1-model_v6.pdb
DeepTMHMM_class: GLOB
Structure source: EBI-selected-UniProt

Attempting prediction for AT3G60660
Done with ΔG prediction for: AT3G60660
Structure used: 0-download-inputs/data-files/AF-Q9LZZ7-F1-model_v6.pdb
DeepTMHMM_class: GLOB
Structure source: EBI-selected-UniProt

Attempting prediction for AT3G60750
Done with ΔG prediction for: AT3G60750
Structure used: 0-download-inputs/data-files/AF-Q8RWV0-F1-model_v6.pdb
DeepTMHMM_class: GLOB
Structure source: EBI-selected-UniProt

Attempting prediction for AT3G60820
Done with ΔG prediction for: AT3G60820
Structure used: 0-download-inputs/data-files/AF-P42742-F1-model_v6.pdb
DeepTMHMM_class: GLOB
Structure source: EBI-selected-UniProt

Attempting prediction for AT3G61070
Done with ΔG prediction for: AT3G61070
Structure used: 0-download-inputs/data-files/AF-Q84JW1-F1-model_v6.pdb
DeepTMHMM_class: GLOB
Structure source: EBI-selected-UniProt

Attempting prediction for AT3G61110
Done with ΔG prediction for: AT3G61110
Structure used: 0-download-inputs/data-files/AF-Q9M2F1-F1-model_v6.pdb
DeepTMHMM_class: GLOB
Structure source: EBI-selected-UniProt

Attempting prediction for AT3G61130
Prediction skipped for AT3G61130:
has_verified_seq       = True
DeepTMHMM_class         = TM
final_structure_path    = 0-download-inputs/data-files/AF-Q9LE59-F1-model_v6.pdb
final_structure_source  = EBI-selected-UniProt

Attempting prediction for AT3G61140
Done with ΔG prediction for: AT3G61140
Structure used: 0-download-inputs/data-files/AF-P45432-F1-model_v6.pdb
DeepTMHMM_class: GLOB
Structure source: EBI-selected-UniProt

Attempting prediction for AT3G61150
Done with ΔG prediction for: AT3G61150
Structure used: 0-download-inputs/data-files/AF-Q9M2E8-F1-model_v6.pdb
DeepTMHMM_class: GLOB
Structure source: EBI-selected-UniProt

Attempting prediction for AT3G61160
Prediction skipped for AT3G61160:
has_verified_seq       = True
DeepTMHMM_class         = GLOB
final_structure_path    = nan
final_structure_source  = None

Attempting prediction for AT3G61220
Prediction skipped for AT3G61220:
has_verified_seq       = True
DeepTMHMM_class         = GLOB
final_structure_path    = nan
final_structure_source  = None

Attempting prediction for AT3G61260
Done with ΔG prediction for: AT3G61260
Structure used: 0-download-inputs/data-files/AF-Q9M2D8-F1-model_v6.pdb
DeepTMHMM_class: GLOB
Structure source: EBI-selected-UniProt

Attempting prediction for AT3G61430
Prediction skipped for AT3G61430:
has_verified_seq       = True
DeepTMHMM_class         = TM
final_structure_path    = 0-download-inputs/data-files/AF-P61837-F1-model_v6.pdb
final_structure_source  = EBI-selected-UniProt

Attempting prediction for AT3G61470
Prediction skipped for AT3G61470:
has_verified_seq       = True
DeepTMHMM_class         = TM
final_structure_path    = 0-download-inputs/data-files/AF-Q9SYW8-F1-model_v6.pdb
final_structure_source  = EBI-selected-UniProt

Attempting prediction for AT3G61530
Done with ΔG prediction for: AT3G61530
Structure used: 0-download-inputs/data-files/AF-Q9M315-F1-model_v6.pdb
DeepTMHMM_class: GLOB
Structure source: EBI-selected-UniProt

Attempting prediction for AT3G61620
Done with ΔG prediction for: AT3G61620
Structure used: 0-download-inputs/data-files/AF-Q9SP08-F1-model_v6.pdb
DeepTMHMM_class: GLOB
Structure source: EBI-selected-UniProt

Attempting prediction for AT3G61710
Done with ΔG prediction for: AT3G61710
Structure used: 0-download-inputs/data-files/AF-Q9M367-F1-model_v6.pdb
DeepTMHMM_class: GLOB
Structure source: EBI-selected-UniProt

Attempting prediction for AT3G61830
Done with ΔG prediction for: AT3G61830
Structure used: 0-download-inputs/data-files/AF-Q9C5W9-F1-model_v6.pdb
DeepTMHMM_class: GLOB
Structure source: EBI-selected-UniProt

Attempting prediction for AT3G61860
Done with ΔG prediction for: AT3G61860
Structure used: 0-download-inputs/data-files/AF-P92964-F1-model_v6.pdb
DeepTMHMM_class: GLOB
Structure source: EBI-selected-UniProt

Attempting prediction for AT3G61870
Prediction skipped for AT3G61870:
has_verified_seq       = True
DeepTMHMM_class         = TM
final_structure_path    = 0-download-inputs/data-files/AF-Q9M277-F1-model_v6.pdb
final_structure_source  = EBI-selected-UniProt

Attempting prediction for AT3G62030
Done with ΔG prediction for: AT3G62030
Structure used: 0-download-inputs/data-files/AF-P34791-F1-model_v6.pdb
DeepTMHMM_class: GLOB
Structure source: EBI-selected-UniProt

Attempting prediction for AT3G62120
Done with ΔG prediction for: AT3G62120
Structure used: 0-download-inputs/data-files/AF-Q9M1R2-F1-model_v6.pdb
DeepTMHMM_class: GLOB
Structure source: EBI-selected-UniProt

Attempting prediction for AT3G62240
Done with ΔG prediction for: AT3G62240
Structure used: 0-download-inputs/data-files/AF-Q9M1Q0-F1-model_v6.pdb
DeepTMHMM_class: GLOB
Structure source: EBI-selected-UniProt

Attempting prediction for AT3G62250
Done with ΔG prediction for: AT3G62250
Structure used: 0-download-inputs/data-files/AF-P59233-F1-model_v6.pdb
DeepTMHMM_class: GLOB
Structure source: EBI-selected-UniProt

Attempting prediction for AT3G62290
Prediction skipped for AT3G62290:
has_verified_seq       = True
DeepTMHMM_class         = GLOB
final_structure_path    = nan
final_structure_source  = None

Attempting prediction for AT3G62310
Done with ΔG prediction for: AT3G62310
Structure used: 0-download-inputs/data-files/AF-Q9LZQ9-F1-model_v6.pdb
DeepTMHMM_class: GLOB
Structure source: EBI-selected-UniProt

Attempting prediction for AT3G62560
Prediction skipped for AT3G62560:
has_verified_seq       = True
DeepTMHMM_class         = GLOB
final_structure_path    = nan
final_structure_source  = None

Attempting prediction for AT3G62600
Done with ΔG prediction for: AT3G62600
Structure used: 0-download-inputs/data-files/AF-Q9LZK5-F1-model_v6-cleaved.pdb
DeepTMHMM_class: SP
Structure source: EBI-selected-UniProt-cleaved

Attempting prediction for AT3G62800
Prediction skipped for AT3G62800:
has_verified_seq       = True
DeepTMHMM_class         = GLOB
final_structure_path    = nan
final_structure_source  = None

Attempting prediction for AT3G62870
Done with ΔG prediction for: AT3G62870
Structure used: 0-download-inputs/data-files/AF-Q9LZH9-F1-model_v6.pdb
DeepTMHMM_class: GLOB
Structure source: EBI-selected-UniProt

Attempting prediction for AT3G62930
Done with ΔG prediction for: AT3G62930
Structure used: 0-download-inputs/data-files/AF-Q9LYC8-F1-model_v6.pdb
DeepTMHMM_class: GLOB
Structure source: EBI-selected-UniProt

Attempting prediction for AT3G62980
Done with ΔG prediction for: AT3G62980
Structure used: 0-download-inputs/data-files/AF-Q570C0-F1-model_v6.pdb
DeepTMHMM_class: GLOB
Structure source: EBI-selected-UniProt

Attempting prediction for AT3G63010
Done with ΔG prediction for: AT3G63010
Structure used: 0-download-inputs/data-files/AF-Q9LYC1-F1-model_v6.pdb
DeepTMHMM_class: GLOB
Structure source: EBI-selected-UniProt

Attempting prediction for AT3G63130
Done with ΔG prediction for: AT3G63130
Structure used: 0-download-inputs/data-files/AF-Q9LE82-F1-model_v6.pdb
DeepTMHMM_class: GLOB
Structure source: EBI-selected-UniProt

Attempting prediction for AT3G63190
Done with ΔG prediction for: AT3G63190
Structure used: 0-download-inputs/data-files/AF-Q9M1X0-F1-model_v6.pdb
DeepTMHMM_class: GLOB
Structure source: EBI-selected-UniProt

Attempting prediction for AT3G63260
Prediction skipped for AT3G63260:
has_verified_seq       = True
DeepTMHMM_class         = GLOB
final_structure_path    = nan
final_structure_source  = None

Attempting prediction for AT3G63280
Done with ΔG prediction for: AT3G63280
Structure used: 0-download-inputs/data-files/AF-Q8RXT4-F1-model_v6.pdb
DeepTMHMM_class: GLOB
Structure source: EBI-selected-UniProt

Attempting prediction for AT3G63410
Done with ΔG prediction for: AT3G63410
Structure used: 0-download-inputs/data-files/AF-Q9LY74-F1-model_v6.pdb
DeepTMHMM_class: GLOB
Structure source: EBI-selected-UniProt

Attempting prediction for AT3G63460
Prediction skipped for AT3G63460:
has_verified_seq       = True
DeepTMHMM_class         = GLOB
final_structure_path    = nan
final_structure_source  = None

Attempting prediction for AT3G63490
Done with ΔG prediction for: AT3G63490
Structure used: 0-download-inputs/data-files/AF-Q9LY66-F1-model_v6.pdb
DeepTMHMM_class: GLOB
Structure source: EBI-selected-UniProt

Attempting prediction for AT3G63500
Done with ΔG prediction for: AT3G63500
Structure used: 0-download-inputs/data-files/AF-Q84TI3-F1-model_v6.pdb
DeepTMHMM_class: GLOB
Structure source: EBI-selected-UniProt

Attempting prediction for AT4G00020
Prediction skipped for AT4G00020:
has_verified_seq       = True
DeepTMHMM_class         = GLOB
final_structure_path    = nan
final_structure_source  = None

Attempting prediction for AT4G00100
Done with ΔG prediction for: AT4G00100
Structure used: 0-download-inputs/data-files/AF-P59224-F1-model_v6.pdb
DeepTMHMM_class: GLOB
Structure source: EBI-selected-UniProt

Attempting prediction for AT4G00130
Prediction skipped for AT4G00130:
has_verified_seq       = True
DeepTMHMM_class         = GLOB
final_structure_path    = nan
final_structure_source  = None

Attempting prediction for AT4G00238
Done with ΔG prediction for: AT4G00238
Structure used: 0-download-inputs/data-files/AF-Q8LG05-F1-model_v6.pdb
DeepTMHMM_class: GLOB
Structure source: EBI-selected-UniProt

Attempting prediction for AT4G00355
Done with ΔG prediction for: AT4G00355
Structure used: 0-download-inputs/data-files/AF-Q8VY98-F1-model_v6.pdb
DeepTMHMM_class: GLOB
Structure source: EBI-selected-UniProt

Attempting prediction for AT4G00380
Done with ΔG prediction for: AT4G00380
Structure used: 0-download-inputs/data-files/AF-F4JH53-F1-model_v6.pdb
DeepTMHMM_class: GLOB
Structure source: EBI-selected-UniProt

Attempting prediction for AT4G00400
Prediction skipped for AT4G00400:
has_verified_seq       = True
DeepTMHMM_class         = TM
final_structure_path    = nan
final_structure_source  = None

Attempting prediction for AT4G00430
Prediction skipped for AT4G00430:
has_verified_seq       = True
DeepTMHMM_class         = TM
final_structure_path    = 0-download-inputs/data-files/AF-Q39196-F1-model_v6.pdb
final_structure_source  = EBI-selected-UniProt

Attempting prediction for AT4G00650
Done with ΔG prediction for: AT4G00650
Structure used: 0-download-inputs/data-files/AF-Q67Z93-F1-model_v6.pdb
DeepTMHMM_class: GLOB
Structure source: EBI-selected-UniProt

Attempting prediction for AT4G00670
Prediction skipped for AT4G00670:
has_verified_seq       = True
DeepTMHMM_class         = GLOB
final_structure_path    = nan
final_structure_source  = None

Attempting prediction for AT4G00710
Done with ΔG prediction for: AT4G00710
Structure used: 0-download-inputs/data-files/AF-Q8W4L3-F1-model_v6.pdb
DeepTMHMM_class: GLOB
Structure source: EBI-selected-UniProt

Attempting prediction for AT4G00720
Done with ΔG prediction for: AT4G00720
Structure used: 0-download-inputs/data-files/AF-Q96287-F1-model_v6.pdb
DeepTMHMM_class: GLOB
Structure source: EBI-selected-UniProt

Attempting prediction for AT4G00752
Done with ΔG prediction for: AT4G00752
Structure used: 0-download-inputs/data-files/AF-Q4V3D3-F1-model_v6.pdb
DeepTMHMM_class: GLOB
Structure source: EBI-selected-UniProt

Attempting prediction for AT4G00850
Done with ΔG prediction for: AT4G00850
Structure used: 0-download-inputs/data-files/AF-Q93VH6-F1-model_v6.pdb
DeepTMHMM_class: GLOB
Structure source: EBI-selected-UniProt

Attempting prediction for AT4G00900
Prediction skipped for AT4G00900:
has_verified_seq       = True
DeepTMHMM_class         = TM
final_structure_path    = 0-download-inputs/data-files/AF-O23087-F1-model_v6.pdb
final_structure_source  = EBI-selected-UniProt

Attempting prediction for AT4G01026
Done with ΔG prediction for: AT4G01026
Structure used: 0-download-inputs/data-files/AF-Q1ECF1-F1-model_v6.pdb
DeepTMHMM_class: GLOB
Structure source: EBI-selected-UniProt

Attempting prediction for AT4G01260
Done with ΔG prediction for: AT4G01260
Structure used: 0-download-inputs/data-files/AF-O04608-F1-model_v6.pdb
DeepTMHMM_class: GLOB
Structure source: EBI-selected-UniProt

Attempting prediction for AT4G01310
Done with ΔG prediction for: AT4G01310
Structure used: 0-download-inputs/data-files/AF-O04603-F1-model_v6.pdb
DeepTMHMM_class: GLOB
Structure source: EBI-selected-UniProt

Attempting prediction for AT4G01370
Done with ΔG prediction for: AT4G01370
Structure used: 0-download-inputs/data-files/AF-Q39024-F1-model_v6.pdb
DeepTMHMM_class: GLOB
Structure source: EBI-selected-UniProt

Attempting prediction for AT4G01400
Done with ΔG prediction for: AT4G01400
Structure used: 0-download-inputs/data-files/AF-Q8LDU5-F1-model_v6.pdb
DeepTMHMM_class: GLOB
Structure source: EBI-selected-UniProt

Attempting prediction for AT4G01480
Done with ΔG prediction for: AT4G01480
Structure used: 0-download-inputs/data-files/AF-O82597-F1-model_v6.pdb
DeepTMHMM_class: GLOB
Structure source: EBI-selected-UniProt

Attempting prediction for AT4G01700
Done with ΔG prediction for: AT4G01700
Structure used: 0-download-inputs/data-files/AF-Q9ZSI6-F1-model_v6-cleaved.pdb
DeepTMHMM_class: SP
Structure source: EBI-selected-UniProt-cleaved

Attempting prediction for AT4G01720
Done with ΔG prediction for: AT4G01720
Structure used: 0-download-inputs/data-files/AF-Q9ZSI7-F1-model_v6.pdb
DeepTMHMM_class: GLOB
Structure source: EBI-selected-UniProt

Attempting prediction for AT4G01850
Done with ΔG prediction for: AT4G01850
Structure used: 0-download-inputs/data-files/AF-P17562-F1-model_v6.pdb
DeepTMHMM_class: GLOB
Structure source: EBI-selected-UniProt

Attempting prediction for AT4G01900
Done with ΔG prediction for: AT4G01900
Structure used: 0-download-inputs/data-files/AF-Q9ZST4-F1-model_v6.pdb
DeepTMHMM_class: GLOB
Structure source: EBI-selected-UniProt

Attempting prediction for AT4G02020
Done with ΔG prediction for: AT4G02020
Structure used: 0-download-inputs/data-files/AF-Q9ZSM8-F1-model_v6.pdb
DeepTMHMM_class: GLOB
Structure source: EBI-selected-UniProt

Attempting prediction for AT4G02030
Done with ΔG prediction for: AT4G02030
Structure used: 0-download-inputs/data-files/AF-Q0WQ75-F1-model_v6.pdb
DeepTMHMM_class: GLOB
Structure source: EBI-selected-UniProt

Attempting prediction for AT4G02060
Done with ΔG prediction for: AT4G02060
Structure used: 0-download-inputs/data-files/AF-P43299-F1-model_v6.pdb
DeepTMHMM_class: GLOB
Structure source: EBI-selected-UniProt

Attempting prediction for AT4G02080
Done with ΔG prediction for: AT4G02080
Structure used: 0-download-inputs/data-files/AF-O04834-F1-model_v6.pdb
DeepTMHMM_class: GLOB
Structure source: EBI-selected-UniProt

Attempting prediction for AT4G02150
Done with ΔG prediction for: AT4G02150
Structure used: 0-download-inputs/data-files/AF-O04294-F1-model_v6.pdb
DeepTMHMM_class: GLOB
Structure source: EBI-selected-UniProt

Attempting prediction for AT4G02195
Prediction skipped for AT4G02195:
has_verified_seq       = True
DeepTMHMM_class         = TM
final_structure_path    = nan
final_structure_source  = None

Attempting prediction for AT4G02350
Prediction skipped for AT4G02350:
has_verified_seq       = True
DeepTMHMM_class         = GLOB
final_structure_path    = nan
final_structure_source  = None

Attempting prediction for AT4G02390
Done with ΔG prediction for: AT4G02390
Structure used: 0-download-inputs/data-files/AF-Q11207-F1-model_v6.pdb
DeepTMHMM_class: GLOB
Structure source: EBI-selected-UniProt

Attempting prediction for AT4G02500
Prediction skipped for AT4G02500:
has_verified_seq       = True
DeepTMHMM_class         = TM
final_structure_path    = 0-download-inputs/data-files/AF-O22775-F1-model_v6.pdb
final_structure_source  = EBI-selected-UniProt

Attempting prediction for AT4G02510
Done with ΔG prediction for: AT4G02510
Structure used: 0-download-inputs/data-files/AF-O81283-F1-model_v6.pdb
DeepTMHMM_class: GLOB
Structure source: EBI-selected-UniProt

Attempting prediction for AT4G02520
Done with ΔG prediction for: AT4G02520
Structure used: 0-download-inputs/data-files/AF-P46422-F1-model_v6.pdb
DeepTMHMM_class: GLOB
Structure source: EBI-selected-UniProt

Attempting prediction for AT4G02560
Done with ΔG prediction for: AT4G02560
Structure used: 0-download-inputs/data-files/AF-Q38796-F1-model_v6.pdb
DeepTMHMM_class: GLOB
Structure source: EBI-selected-UniProt

Attempting prediction for AT4G02570
Prediction skipped for AT4G02570:
has_verified_seq       = True
DeepTMHMM_class         = GLOB
final_structure_path    = nan
final_structure_source  = None

Attempting prediction for AT4G02620
Done with ΔG prediction for: AT4G02620
Structure used: 0-download-inputs/data-files/AF-Q9ZQX4-F1-model_v6.pdb
DeepTMHMM_class: GLOB
Structure source: EBI-selected-UniProt

Attempting prediction for AT4G02680
Done with ΔG prediction for: AT4G02680
Structure used: 0-download-inputs/data-files/AF-Q9ZQX6-F1-model_v6.pdb
DeepTMHMM_class: GLOB
Structure source: EBI-selected-UniProt

Attempting prediction for AT4G02770
Done with ΔG prediction for: AT4G02770
Structure used: 0-download-inputs/data-files/AF-Q9S7H1-F1-model_v6.pdb
DeepTMHMM_class: GLOB
Structure source: EBI-selected-UniProt

Attempting prediction for AT4G02840
Done with ΔG prediction for: AT4G02840
Structure used: 0-download-inputs/data-files/AF-Q9SY09-F1-model_v6.pdb
DeepTMHMM_class: GLOB
Structure source: EBI-selected-UniProt

Attempting prediction for AT4G02890
Done with ΔG prediction for: AT4G02890
Structure used: 0-download-inputs/data-files/AF-Q3E7T8-F1-model_v6.pdb
DeepTMHMM_class: GLOB
Structure source: EBI-selected-UniProt

Attempting prediction for AT4G02930
Done with ΔG prediction for: AT4G02930
Structure used: 0-download-inputs/data-files/AF-Q9ZT91-F1-model_v6.pdb
DeepTMHMM_class: GLOB
Structure source: EBI-selected-UniProt

Attempting prediction for AT4G02980
Done with ΔG prediction for: AT4G02980
Structure used: 0-download-inputs/data-files/AF-P33487-F1-model_v6-cleaved.pdb
DeepTMHMM_class: SP
Structure source: EBI-selected-UniProt-cleaved

Attempting prediction for AT4G03080
Done with ΔG prediction for: AT4G03080
Structure used: 0-download-inputs/data-files/AF-Q8L7U5-F1-model_v6.pdb
DeepTMHMM_class: GLOB
Structure source: EBI-selected-UniProt

Attempting prediction for AT4G03200
Prediction skipped for AT4G03200:
has_verified_seq       = True
DeepTMHMM_class         = GLOB
final_structure_path    = nan
final_structure_source  = None

Attempting prediction for AT4G03270
Prediction skipped for AT4G03270:
has_verified_seq       = True
DeepTMHMM_class         = GLOB
final_structure_path    = nan
final_structure_source  = None

Attempting prediction for AT4G03280
Prediction skipped for AT4G03280:
has_verified_seq       = True
DeepTMHMM_class         = TM
final_structure_path    = 0-download-inputs/data-files/AF-Q9ZR03-F1-model_v6.pdb
final_structure_source  = EBI-selected-UniProt

Attempting prediction for AT4G03520
Done with ΔG prediction for: AT4G03520
Structure used: 0-download-inputs/data-files/AF-Q9SEU8-F1-model_v6.pdb
DeepTMHMM_class: GLOB
Structure source: EBI-selected-UniProt

Attempting prediction for AT4G03550
Prediction skipped for AT4G03550:
has_verified_seq       = True
DeepTMHMM_class         = TM
final_structure_path    = 0-download-inputs/data-files/AF-Q9ZT82-F1-model_v6.pdb
final_structure_source  = EBI-selected-UniProt

Attempting prediction for AT4G04020
Done with ΔG prediction for: AT4G04020
Structure used: 0-download-inputs/data-files/AF-O81439-F1-model_v6.pdb
DeepTMHMM_class: GLOB
Structure source: EBI-selected-UniProt

Attempting prediction for AT4G04320
Prediction skipped for AT4G04320:
has_verified_seq       = True
DeepTMHMM_class         = GLOB
final_structure_path    = nan
final_structure_source  = None

Attempting prediction for AT4G04330
Done with ΔG prediction for: AT4G04330
Structure used: 0-download-inputs/data-files/AF-Q94AU9-F1-model_v6.pdb
DeepTMHMM_class: GLOB
Structure source: EBI-selected-UniProt

Attempting prediction for AT4G04450
Done with ΔG prediction for: AT4G04450
Structure used: 0-download-inputs/data-files/AF-Q9XEC3-F1-model_v6.pdb
DeepTMHMM_class: GLOB
Structure source: EBI-selected-UniProt

Attempting prediction for AT4G04490
Prediction skipped for AT4G04490:
has_verified_seq       = True
DeepTMHMM_class         = SP+TM
final_structure_path    = 0-download-inputs/data-files/AF-Q9XEC6-F1-model_v6-cleaved.pdb
final_structure_source  = EBI-selected-UniProt-cleaved

Attempting prediction for AT4G04640
Done with ΔG prediction for: AT4G04640
Structure used: 0-download-inputs/data-files/AF-Q01908-F1-model_v6.pdb
DeepTMHMM_class: GLOB
Structure source: EBI-selected-UniProt

Attempting prediction for AT4G04720
Done with ΔG prediction for: AT4G04720
Structure used: 0-download-inputs/data-files/AF-Q9ZSA2-F1-model_v6.pdb
DeepTMHMM_class: GLOB
Structure source: EBI-selected-UniProt

Attempting prediction for AT4G04740
Prediction skipped for AT4G04740:
has_verified_seq       = True
DeepTMHMM_class         = GLOB
final_structure_path    = nan
final_structure_source  = None

Attempting prediction for AT4G04800
Done with ΔG prediction for: AT4G04800
Structure used: 0-download-inputs/data-files/AF-Q9M0Z6-F1-model_v6-cleaved.pdb
DeepTMHMM_class: GLOB
Structure source: EBI-selected-UniProt-cleaved

Attempting prediction for AT4G04885
Done with ΔG prediction for: AT4G04885
Structure used: 0-download-inputs/data-files/AF-Q0WPF2-F1-model_v6.pdb
DeepTMHMM_class: GLOB
Structure source: EBI-selected-UniProt

Attempting prediction for AT4G04890
Done with ΔG prediction for: AT4G04890
Structure used: 0-download-inputs/data-files/AF-Q93V99-F1-model_v6.pdb
DeepTMHMM_class: GLOB
Structure source: EBI-selected-UniProt

Attempting prediction for AT4G04910
Done with ΔG prediction for: AT4G04910
Structure used: 0-download-inputs/data-files/AF-Q9M0Y8-F1-model_v6.pdb
DeepTMHMM_class: GLOB
Structure source: EBI-selected-UniProt

Attempting prediction for AT4G04920
Prediction skipped for AT4G04920:
has_verified_seq       = True
DeepTMHMM_class         = GLOB
final_structure_path    = nan
final_structure_source  = None

Attempting prediction for AT4G04950
Done with ΔG prediction for: AT4G04950
Structure used: 0-download-inputs/data-files/AF-Q9ZPH2-F1-model_v6.pdb
DeepTMHMM_class: GLOB
Structure source: EBI-selected-UniProt

Attempting prediction for AT4G04980
Prediction skipped for AT4G04980:
has_verified_seq       = True
DeepTMHMM_class         = GLOB
final_structure_path    = nan
final_structure_source  = None

Attempting prediction for AT4G05180
Done with ΔG prediction for: AT4G05180
Structure used: 0-download-inputs/data-files/AF-Q41932-F1-model_v6.pdb
DeepTMHMM_class: GLOB
Structure source: EBI-selected-UniProt

Attempting prediction for AT4G05320
Done with ΔG prediction for: AT4G05320
Structure used: 0-download-inputs/data-files/AF-Q8H159-F1-model_v6.pdb
DeepTMHMM_class: GLOB
Structure source: EBI-selected-UniProt

Attempting prediction for AT4G05420
Done with ΔG prediction for: AT4G05420
Structure used: 0-download-inputs/data-files/AF-Q9M0V3-F1-model_v6.pdb
DeepTMHMM_class: GLOB
Structure source: EBI-selected-UniProt

Attempting prediction for AT4G05520
Done with ΔG prediction for: AT4G05520
Structure used: 0-download-inputs/data-files/AF-B3LF48-F1-model_v6.pdb
DeepTMHMM_class: GLOB
Structure source: EBI-selected-UniProt

Attempting prediction for AT4G06634
Done with ΔG prediction for: AT4G06634
Structure used: 0-download-inputs/data-files/AF-Q2V3L3-F1-model_v6.pdb
DeepTMHMM_class: GLOB
Structure source: EBI-selected-UniProt

Attempting prediction for AT4G08150
Done with ΔG prediction for: AT4G08150
Structure used: 0-download-inputs/data-files/AF-P46639-F1-model_v6.pdb
DeepTMHMM_class: GLOB
Structure source: EBI-selected-UniProt

Attempting prediction for AT4G08350
Done with ΔG prediction for: AT4G08350
Structure used: 0-download-inputs/data-files/AF-Q9STN3-F1-model_v6.pdb
DeepTMHMM_class: GLOB
Structure source: EBI-selected-UniProt

Attempting prediction for AT4G08480
Prediction skipped for AT4G08480:
has_verified_seq       = True
DeepTMHMM_class         = GLOB
final_structure_path    = nan
final_structure_source  = None

Attempting prediction for AT4G08500
Prediction skipped for AT4G08500:
has_verified_seq       = True
DeepTMHMM_class         = GLOB
final_structure_path    = nan
final_structure_source  = None

Attempting prediction for AT4G08520
Done with ΔG prediction for: AT4G08520
Structure used: 0-download-inputs/data-files/AF-Q8H1F4-F1-model_v6.pdb
DeepTMHMM_class: GLOB
Structure source: EBI-selected-UniProt

Attempting prediction for AT4G08850
Prediction skipped for AT4G08850:
has_verified_seq       = True
DeepTMHMM_class         = SP+TM
final_structure_path    = 0-download-inputs/data-files/AF-Q8VZG8-F1-model_v6.pdb
final_structure_source  = EBI-selected-UniProt

Attempting prediction for AT4G08900
Done with ΔG prediction for: AT4G08900
Structure used: 0-download-inputs/data-files/AF-P46637-F1-model_v6.pdb
DeepTMHMM_class: GLOB
Structure source: EBI-selected-UniProt

Attempting prediction for AT4G08920
Prediction skipped for AT4G08920:
has_verified_seq       = True
DeepTMHMM_class         = GLOB
final_structure_path    = nan
final_structure_source  = None

Attempting prediction for AT4G09000
Done with ΔG prediction for: AT4G09000
Structure used: 0-download-inputs/data-files/AF-P42643-F1-model_v6.pdb
DeepTMHMM_class: GLOB
Structure source: EBI-selected-UniProt

Attempting prediction for AT4G09010
Prediction skipped for AT4G09010:
has_verified_seq       = True
DeepTMHMM_class         = GLOB
final_structure_path    = nan
final_structure_source  = None

Attempting prediction for AT4G09320
Done with ΔG prediction for: AT4G09320
Structure used: 0-download-inputs/data-files/AF-P39207-F1-model_v6.pdb
DeepTMHMM_class: GLOB
Structure source: EBI-selected-UniProt

Attempting prediction for AT4G09340
Prediction skipped for AT4G09340:
has_verified_seq       = True
DeepTMHMM_class         = GLOB
final_structure_path    = nan
final_structure_source  = None

Attempting prediction for AT4G09550
Done with ΔG prediction for: AT4G09550
Structure used: 0-download-inputs/data-files/AF-Q9M0N8-F1-model_v6.pdb
DeepTMHMM_class: GLOB
Structure source: EBI-selected-UniProt

Attempting prediction for AT4G09800
Done with ΔG prediction for: AT4G09800
Structure used: 0-download-inputs/data-files/AF-P34788-F1-model_v6.pdb
DeepTMHMM_class: GLOB
Structure source: EBI-selected-UniProt

Attempting prediction for AT4G09980
Prediction skipped for AT4G09980:
has_verified_seq       = True
DeepTMHMM_class         = GLOB
final_structure_path    = nan
final_structure_source  = None

Attempting prediction for AT4G10180
Done with ΔG prediction for: AT4G10180
Structure used: 0-download-inputs/data-files/AF-P48732-F1-model_v6.pdb
DeepTMHMM_class: GLOB
Structure source: EBI-selected-UniProt

Attempting prediction for AT4G10250
Done with ΔG prediction for: AT4G10250
Structure used: 0-download-inputs/data-files/AF-Q38806-F1-model_v6-cleaved.pdb
DeepTMHMM_class: GLOB
Structure source: EBI-selected-UniProt-cleaved

Attempting prediction for AT4G10340
Prediction skipped for AT4G10340:
has_verified_seq       = True
DeepTMHMM_class         = TM
final_structure_path    = 0-download-inputs/data-files/AF-Q9XF89-F1-model_v6.pdb
final_structure_source  = EBI-selected-UniProt

Attempting prediction for AT4G10480
Done with ΔG prediction for: AT4G10480
Structure used: 0-download-inputs/data-files/AF-Q9SZY1-F1-model_v6.pdb
DeepTMHMM_class: GLOB
Structure source: EBI-selected-UniProt

Attempting prediction for AT4G10760
Done with ΔG prediction for: AT4G10760
Structure used: 0-download-inputs/data-files/AF-O82486-F1-model_v6.pdb
DeepTMHMM_class: GLOB
Structure source: EBI-selected-UniProt

Attempting prediction for AT4G10840
Done with ΔG prediction for: AT4G10840
Structure used: 0-download-inputs/data-files/AF-O81629-F1-model_v6.pdb
DeepTMHMM_class: GLOB
Structure source: EBI-selected-UniProt

Attempting prediction for AT4G10920
Done with ΔG prediction for: AT4G10920
Structure used: 0-download-inputs/data-files/AF-O65155-F1-model_v6.pdb
DeepTMHMM_class: GLOB
Structure source: EBI-selected-UniProt

Attempting prediction for AT4G10970
Prediction skipped for AT4G10970:
has_verified_seq       = True
DeepTMHMM_class         = GLOB
final_structure_path    = nan
final_structure_source  = None

Attempting prediction for AT4G11010
Done with ΔG prediction for: AT4G11010
Structure used: 0-download-inputs/data-files/AF-O49203-F1-model_v6.pdb
DeepTMHMM_class: GLOB
Structure source: EBI-selected-UniProt

Attempting prediction for AT4G11060
Done with ΔG prediction for: AT4G11060
Structure used: 0-download-inputs/data-files/AF-Q84J78-F1-model_v6.pdb
DeepTMHMM_class: GLOB
Structure source: EBI-selected-UniProt

Attempting prediction for AT4G11110
Done with ΔG prediction for: AT4G11110
Structure used: 0-download-inputs/data-files/AF-Q9T014-F1-model_v6.pdb
DeepTMHMM_class: GLOB
Structure source: EBI-selected-UniProt

Attempting prediction for AT4G11130
Done with ΔG prediction for: AT4G11130
Structure used: 0-download-inputs/data-files/AF-O82504-F1-model_v6.pdb
DeepTMHMM_class: GLOB
Structure source: EBI-selected-UniProt

Attempting prediction for AT4G11220
Prediction skipped for AT4G11220:
has_verified_seq       = True
DeepTMHMM_class         = TM
final_structure_path    = 0-download-inputs/data-files/AF-Q9SUT9-F1-model_v6.pdb
final_structure_source  = EBI-selected-UniProt

Attempting prediction for AT4G11240
Done with ΔG prediction for: AT4G11240
Structure used: 0-download-inputs/data-files/AF-P48486-F1-model_v6.pdb
DeepTMHMM_class: GLOB
Structure source: EBI-selected-UniProt

Attempting prediction for AT4G11260
Done with ΔG prediction for: AT4G11260
Structure used: 0-download-inputs/data-files/AF-Q9SUT5-F1-model_v6.pdb
DeepTMHMM_class: GLOB
Structure source: EBI-selected-UniProt

Attempting prediction for AT4G11280
Done with ΔG prediction for: AT4G11280
Structure used: 0-download-inputs/data-files/AF-Q9SAR0-F1-model_v6.pdb
DeepTMHMM_class: GLOB
Structure source: EBI-selected-UniProt

Attempting prediction for AT4G11380
Done with ΔG prediction for: AT4G11380
Structure used: 0-download-inputs/data-files/AF-Q9SUS3-F1-model_v6.pdb
DeepTMHMM_class: GLOB
Structure source: EBI-selected-UniProt

Attempting prediction for AT4G11420
Done with ΔG prediction for: AT4G11420
Structure used: 0-download-inputs/data-files/AF-Q9LD55-F1-model_v6.pdb
DeepTMHMM_class: GLOB
Structure source: EBI-selected-UniProt

Attempting prediction for AT4G11600
Done with ΔG prediction for: AT4G11600
Structure used: 0-download-inputs/data-files/AF-O48646-F1-model_v6.pdb
DeepTMHMM_class: GLOB
Structure source: EBI-selected-UniProt

Attempting prediction for AT4G11660
Done with ΔG prediction for: AT4G11660
Structure used: 0-download-inputs/data-files/AF-Q9T0D3-F1-model_v6.pdb
DeepTMHMM_class: GLOB
Structure source: EBI-selected-UniProt

Attempting prediction for AT4G11850
Done with ΔG prediction for: AT4G11850
Structure used: 0-download-inputs/data-files/AF-Q9T053-F1-model_v6.pdb
DeepTMHMM_class: GLOB
Structure source: EBI-selected-UniProt

Attempting prediction for AT4G11860
Prediction skipped for AT4G11860:
has_verified_seq       = True
DeepTMHMM_class         = GLOB
final_structure_path    = nan
final_structure_source  = None

Attempting prediction for AT4G11890
Prediction skipped for AT4G11890:
has_verified_seq       = True
DeepTMHMM_class         = GLOB
final_structure_path    = nan
final_structure_source  = None

Attempting prediction for AT4G11920
Done with ΔG prediction for: AT4G11920
Structure used: 0-download-inputs/data-files/AF-Q8VZS9-F1-model_v6.pdb
DeepTMHMM_class: GLOB
Structure source: EBI-selected-UniProt

Attempting prediction for AT4G11960
Prediction skipped for AT4G11960:
has_verified_seq       = True
DeepTMHMM_class         = TM
final_structure_path    = 0-download-inputs/data-files/AF-Q8GYC7-F1-model_v6.pdb
final_structure_source  = EBI-selected-UniProt

Attempting prediction for AT4G12020
Prediction skipped for AT4G12020:
has_verified_seq       = True
DeepTMHMM_class         = GLOB
final_structure_path    = nan
final_structure_source  = None

Attempting prediction for AT4G12400
Done with ΔG prediction for: AT4G12400
Structure used: 0-download-inputs/data-files/AF-Q9STH1-F1-model_v6.pdb
DeepTMHMM_class: GLOB
Structure source: EBI-selected-UniProt

Attempting prediction for AT4G12460
Prediction skipped for AT4G12460:
has_verified_seq       = True
DeepTMHMM_class         = GLOB
final_structure_path    = nan
final_structure_source  = None

Attempting prediction for AT4G12470
Done with ΔG prediction for: AT4G12470
Structure used: 0-download-inputs/data-files/AF-Q9SU35-F1-model_v6-cleaved.pdb
DeepTMHMM_class: SP
Structure source: EBI-selected-UniProt-cleaved

Attempting prediction for AT4G12560
Done with ΔG prediction for: AT4G12560
Structure used: 0-download-inputs/data-files/AF-Q9SU30-F1-model_v6.pdb
DeepTMHMM_class: GLOB
Structure source: EBI-selected-UniProt

Attempting prediction for AT4G12730
Done with ΔG prediction for: AT4G12730
Structure used: 0-download-inputs/data-files/AF-Q9SU13-F1-model_v6-cleaved.pdb
DeepTMHMM_class: SP
Structure source: EBI-selected-UniProt-cleaved

Attempting prediction for AT4G12780
Prediction skipped for AT4G12780:
has_verified_seq       = True
DeepTMHMM_class         = GLOB
final_structure_path    = nan
final_structure_source  = None

Attempting prediction for AT4G12800
Prediction skipped for AT4G12800:
has_verified_seq       = True
DeepTMHMM_class         = TM
final_structure_path    = 0-download-inputs/data-files/AF-Q9SUI4-F1-model_v6.pdb
final_structure_source  = EBI-selected-UniProt

Attempting prediction for AT4G13250
Done with ΔG prediction for: AT4G13250
Structure used: 0-download-inputs/data-files/AF-Q93ZA0-F1-model_v6.pdb
DeepTMHMM_class: GLOB
Structure source: EBI-selected-UniProt

Attempting prediction for AT4G13510
Prediction skipped for AT4G13510:
has_verified_seq       = True
DeepTMHMM_class         = TM
final_structure_path    = 0-download-inputs/data-files/AF-P54144-F1-model_v6.pdb
final_structure_source  = EBI-selected-UniProt

Attempting prediction for AT4G13520
Done with ΔG prediction for: AT4G13520
Structure used: 0-download-inputs/data-files/AF-Q9T0H2-F1-model_v6.pdb
DeepTMHMM_class: GLOB
Structure source: EBI-selected-UniProt

Attempting prediction for AT4G13670
Done with ΔG prediction for: AT4G13670
Structure used: 0-download-inputs/data-files/AF-A1A6M1-F1-model_v6.pdb
DeepTMHMM_class: GLOB
Structure source: EBI-selected-UniProt

Attempting prediction for AT4G13760
Done with ΔG prediction for: AT4G13760
Structure used: 0-download-inputs/data-files/AF-F4JTS9-F1-model_v6-cleaved.pdb
DeepTMHMM_class: SP
Structure source: EBI-selected-UniProt-cleaved

Attempting prediction for AT4G13770
Done with ΔG prediction for: AT4G13770
Structure used: 0-download-inputs/data-files/AF-P48421-F1-model_v6.pdb
DeepTMHMM_class: GLOB
Structure source: EBI-selected-UniProt

Attempting prediction for AT4G13830
Done with ΔG prediction for: AT4G13830
Structure used: 0-download-inputs/data-files/AF-Q9SDN0-F1-model_v6.pdb
DeepTMHMM_class: GLOB
Structure source: EBI-selected-UniProt

Attempting prediction for AT4G13850
Done with ΔG prediction for: AT4G13850
Structure used: 0-download-inputs/data-files/AF-Q9SVM8-F1-model_v6.pdb
DeepTMHMM_class: GLOB
Structure source: EBI-selected-UniProt

Attempting prediction for AT4G13930
Done with ΔG prediction for: AT4G13930
Structure used: 0-download-inputs/data-files/AF-O23254-F1-model_v6.pdb
DeepTMHMM_class: GLOB
Structure source: EBI-selected-UniProt

Attempting prediction for AT4G13940
Done with ΔG prediction for: AT4G13940
Structure used: 0-download-inputs/data-files/AF-O23255-F1-model_v6.pdb
DeepTMHMM_class: GLOB
Structure source: EBI-selected-UniProt

Attempting prediction for AT4G14040
Done with ΔG prediction for: AT4G14040
Structure used: 0-download-inputs/data-files/AF-Q93WN0-F1-model_v6.pdb
DeepTMHMM_class: GLOB
Structure source: EBI-selected-UniProt

Attempting prediction for AT4G14110
Done with ΔG prediction for: AT4G14110
Structure used: 0-download-inputs/data-files/AF-P43255-F1-model_v6.pdb
DeepTMHMM_class: GLOB
Structure source: EBI-selected-UniProt

Attempting prediction for AT4G14147
Done with ΔG prediction for: AT4G14147
Structure used: 0-download-inputs/data-files/AF-F4JUL9-F1-model_v6.pdb
DeepTMHMM_class: GLOB
Structure source: EBI-selected-UniProt

Attempting prediction for AT4G14160
Done with ΔG prediction for: AT4G14160
Structure used: 0-download-inputs/data-files/AF-Q8VXX0-F1-model_v6.pdb
DeepTMHMM_class: GLOB
Structure source: EBI-selected-UniProt

Attempting prediction for AT4G14310
Prediction skipped for AT4G14310:
has_verified_seq       = True
DeepTMHMM_class         = GLOB
final_structure_path    = nan
final_structure_source  = None

Attempting prediction for AT4G14340
Done with ΔG prediction for: AT4G14340
Structure used: 0-download-inputs/data-files/AF-Q39050-F1-model_v6.pdb
DeepTMHMM_class: GLOB
Structure source: EBI-selected-UniProt

Attempting prediction for AT4G14342
Done with ΔG prediction for: AT4G14342
Structure used: 0-download-inputs/data-files/AF-P58728-F1-model_v6.pdb
DeepTMHMM_class: GLOB
Structure source: EBI-selected-UniProt

Attempting prediction for AT4G14410
Prediction skipped for AT4G14410:
has_verified_seq       = True
DeepTMHMM_class         = GLOB
final_structure_path    = nan
final_structure_source  = None

Attempting prediction for AT4G14540
Done with ΔG prediction for: AT4G14540
Structure used: 0-download-inputs/data-files/AF-O23310-F1-model_v6.pdb
DeepTMHMM_class: GLOB
Structure source: EBI-selected-UniProt

Attempting prediction for AT4G14550
Done with ΔG prediction for: AT4G14550
Structure used: 0-download-inputs/data-files/AF-Q38832-F1-model_v6.pdb
DeepTMHMM_class: GLOB
Structure source: EBI-selected-UniProt

Attempting prediction for AT4G14560
Done with ΔG prediction for: AT4G14560
Structure used: 0-download-inputs/data-files/AF-P49677-F1-model_v6.pdb
DeepTMHMM_class: GLOB
Structure source: EBI-selected-UniProt

Attempting prediction for AT4G14660
Done with ΔG prediction for: AT4G14660
Structure used: 0-download-inputs/data-files/AF-A6QRA1-F1-model_v6.pdb
DeepTMHMM_class: GLOB
Structure source: EBI-selected-UniProt

Attempting prediction for AT4G14700
Done with ΔG prediction for: AT4G14700
Structure used: 0-download-inputs/data-files/AF-Q710E8-F1-model_v6.pdb
DeepTMHMM_class: GLOB
Structure source: EBI-selected-UniProt

Attempting prediction for AT4G14713
Done with ΔG prediction for: AT4G14713
Structure used: 0-download-inputs/data-files/AF-Q7XA73-F1-model_v6.pdb
DeepTMHMM_class: GLOB
Structure source: EBI-selected-UniProt

Attempting prediction for AT4G14720
Prediction skipped for AT4G14720:
has_verified_seq       = True
DeepTMHMM_class         = GLOB
final_structure_path    = nan
final_structure_source  = None

Attempting prediction for AT4G14840
Done with ΔG prediction for: AT4G14840
Structure used: 0-download-inputs/data-files/AF-O23339-F1-model_v6.pdb
DeepTMHMM_class: GLOB
Structure source: EBI-selected-UniProt

Attempting prediction for AT4G14880
Done with ΔG prediction for: AT4G14880
Structure used: 0-download-inputs/data-files/AF-P47998-F1-model_v6.pdb
DeepTMHMM_class: GLOB
Structure source: EBI-selected-UniProt

Attempting prediction for AT4G14960
Done with ΔG prediction for: AT4G14960
Structure used: 0-download-inputs/data-files/AF-P29511-F1-model_v6.pdb
DeepTMHMM_class: GLOB
Structure source: EBI-selected-UniProt

Attempting prediction for AT4G15000
Done with ΔG prediction for: AT4G15000
Structure used: 0-download-inputs/data-files/AF-P51419-F1-model_v6.pdb
DeepTMHMM_class: GLOB
Structure source: EBI-selected-UniProt

Attempting prediction for AT4G15090
Done with ΔG prediction for: AT4G15090
Structure used: 0-download-inputs/data-files/AF-Q9SWG3-F1-model_v6.pdb
DeepTMHMM_class: GLOB
Structure source: EBI-selected-UniProt

Attempting prediction for AT4G15160
Prediction skipped for AT4G15160:
has_verified_seq       = True
DeepTMHMM_class         = SP
final_structure_path    = nan
final_structure_source  = None

Attempting prediction for AT4G15410
Done with ΔG prediction for: AT4G15410
Structure used: 0-download-inputs/data-files/AF-Q7Y175-F1-model_v6.pdb
DeepTMHMM_class: GLOB
Structure source: EBI-selected-UniProt

Attempting prediction for AT4G15415
Done with ΔG prediction for: AT4G15415
Structure used: 0-download-inputs/data-files/AF-Q8RW96-F1-model_v6.pdb
DeepTMHMM_class: GLOB
Structure source: EBI-selected-UniProt

Attempting prediction for AT4G15530
Prediction skipped for AT4G15530:
has_verified_seq       = True
DeepTMHMM_class         = GLOB
final_structure_path    = nan
final_structure_source  = None

Attempting prediction for AT4G15545
Done with ΔG prediction for: AT4G15545
Structure used: 0-download-inputs/data-files/AF-Q93W28-F1-model_v6.pdb
DeepTMHMM_class: GLOB
Structure source: EBI-selected-UniProt

Attempting prediction for AT4G15560
Prediction skipped for AT4G15560:
has_verified_seq       = True
DeepTMHMM_class         = GLOB
final_structure_path    = nan
final_structure_source  = None

Attempting prediction for AT4G15770
Prediction skipped for AT4G15770:
has_verified_seq       = True
DeepTMHMM_class         = GLOB
final_structure_path    = nan
final_structure_source  = None

Attempting prediction for AT4G15900
Done with ΔG prediction for: AT4G15900
Structure used: 0-download-inputs/data-files/AF-Q42384-F1-model_v6.pdb
DeepTMHMM_class: GLOB
Structure source: EBI-selected-UniProt

Attempting prediction for AT4G16143
Prediction skipped for AT4G16143:
has_verified_seq       = True
DeepTMHMM_class         = GLOB
final_structure_path    = nan
final_structure_source  = None

Attempting prediction for AT4G16144
Prediction skipped for AT4G16144:
has_verified_seq       = True
DeepTMHMM_class         = GLOB
final_structure_path    = nan
final_structure_source  = None

Attempting prediction for AT4G16155
Prediction skipped for AT4G16155:
has_verified_seq       = True
DeepTMHMM_class         = GLOB
final_structure_path    = nan
final_structure_source  = None

Attempting prediction for AT4G16250
Done with ΔG prediction for: AT4G16250
Structure used: 0-download-inputs/data-files/AF-P42497-F1-model_v6.pdb
DeepTMHMM_class: GLOB
Structure source: EBI-selected-UniProt

Attempting prediction for AT4G16280
Done with ΔG prediction for: AT4G16280
Structure used: 0-download-inputs/data-files/AF-O04425-F1-model_v6.pdb
DeepTMHMM_class: GLOB
Structure source: EBI-selected-UniProt

Attempting prediction for AT4G16340
Done with ΔG prediction for: AT4G16340
Structure used: 0-download-inputs/data-files/AF-Q8SAB7-F1-model_v6.pdb
DeepTMHMM_class: GLOB
Structure source: EBI-selected-UniProt

Attempting prediction for AT4G16360
Done with ΔG prediction for: AT4G16360
Structure used: 0-download-inputs/data-files/AF-Q9SCY5-F1-model_v6.pdb
DeepTMHMM_class: GLOB
Structure source: EBI-selected-UniProt

Attempting prediction for AT4G16420
Done with ΔG prediction for: AT4G16420
Structure used: 0-download-inputs/data-files/AF-Q9ATB4-F1-model_v6.pdb
DeepTMHMM_class: GLOB
Structure source: EBI-selected-UniProt

Attempting prediction for AT4G16430
Done with ΔG prediction for: AT4G16430
Structure used: 0-download-inputs/data-files/AF-O23487-F1-model_v6.pdb
DeepTMHMM_class: GLOB
Structure source: EBI-selected-UniProt

Attempting prediction for AT4G16440
Done with ΔG prediction for: AT4G16440
Structure used: 0-download-inputs/data-files/AF-Q94CL6-F1-model_v6.pdb
DeepTMHMM_class: GLOB
Structure source: EBI-selected-UniProt

Attempting prediction for AT4G16520
Done with ΔG prediction for: AT4G16520
Structure used: 0-download-inputs/data-files/AF-Q8VYK7-F1-model_v6.pdb
DeepTMHMM_class: GLOB
Structure source: EBI-selected-UniProt

Attempting prediction for AT4G16760
Done with ΔG prediction for: AT4G16760
Structure used: 0-download-inputs/data-files/AF-O65202-F1-model_v6.pdb
DeepTMHMM_class: GLOB
Structure source: EBI-selected-UniProt

Attempting prediction for AT4G16845
Done with ΔG prediction for: AT4G16845
Structure used: 0-download-inputs/data-files/AF-Q8W5B1-F1-model_v6.pdb
DeepTMHMM_class: GLOB
Structure source: EBI-selected-UniProt

Attempting prediction for AT4G16860
Done with ΔG prediction for: AT4G16860
Structure used: 0-download-inputs/data-files/AF-F4JNA9-F1-model_v6.pdb
DeepTMHMM_class: GLOB
Structure source: EBI-selected-UniProt

Attempting prediction for AT4G16890
Done with ΔG prediction for: AT4G16890
Structure used: 0-download-inputs/data-files/AF-O23530-F1-model_v6.pdb
DeepTMHMM_class: GLOB
Structure source: EBI-selected-UniProt

Attempting prediction for AT4G17170
Done with ΔG prediction for: AT4G17170
Structure used: 0-download-inputs/data-files/AF-P92963-F1-model_v6.pdb
DeepTMHMM_class: GLOB
Structure source: EBI-selected-UniProt

Attempting prediction for AT4G17280
Prediction skipped for AT4G17280:
has_verified_seq       = True
DeepTMHMM_class         = SP+TM
final_structure_path    = 0-download-inputs/data-files/AF-Q8VYH6-F1-model_v6-cleaved.pdb
final_structure_source  = EBI-selected-UniProt-cleaved

Attempting prediction for AT4G17330
Done with ΔG prediction for: AT4G17330
Structure used: 0-download-inputs/data-files/AF-F4JP43-F1-model_v6.pdb
DeepTMHMM_class: GLOB
Structure source: EBI-selected-UniProt

Attempting prediction for AT4G17370
Prediction skipped for AT4G17370:
has_verified_seq       = True
DeepTMHMM_class         = GLOB
final_structure_path    = nan
final_structure_source  = None

Attempting prediction for AT4G17500
Done with ΔG prediction for: AT4G17500
Structure used: 0-download-inputs/data-files/AF-O80337-F1-model_v6.pdb
DeepTMHMM_class: GLOB
Structure source: EBI-selected-UniProt

Attempting prediction for AT4G17615
Prediction skipped for AT4G17615:
has_verified_seq       = True
DeepTMHMM_class         = GLOB
final_structure_path    = nan
final_structure_source  = None

Attempting prediction for AT4G17720
Prediction skipped for AT4G17720:
has_verified_seq       = True
DeepTMHMM_class         = GLOB
final_structure_path    = nan
final_structure_source  = None

Attempting prediction for AT4G17730
Prediction skipped for AT4G17730:
has_verified_seq       = True
DeepTMHMM_class         = GLOB
final_structure_path    = nan
final_structure_source  = None

Attempting prediction for AT4G17750
Done with ΔG prediction for: AT4G17750
Structure used: 0-download-inputs/data-files/AF-P41151-F1-model_v6.pdb
DeepTMHMM_class: GLOB
Structure source: EBI-selected-UniProt

Attempting prediction for AT4G17760
Prediction skipped for AT4G17760:
has_verified_seq       = True
DeepTMHMM_class         = GLOB
final_structure_path    = nan
final_structure_source  = None

Attempting prediction for AT4G17770
Done with ΔG prediction for: AT4G17770
Structure used: 0-download-inputs/data-files/AF-O23617-F1-model_v6.pdb
DeepTMHMM_class: GLOB
Structure source: EBI-selected-UniProt

Attempting prediction for AT4G17870
Done with ΔG prediction for: AT4G17870
Structure used: 0-download-inputs/data-files/AF-O49686-F1-model_v6.pdb
DeepTMHMM_class: GLOB
Structure source: EBI-selected-UniProt

Attempting prediction for AT4G17880
Done with ΔG prediction for: AT4G17880
Structure used: 0-download-inputs/data-files/AF-O49687-F1-model_v6.pdb
DeepTMHMM_class: GLOB
Structure source: EBI-selected-UniProt

Attempting prediction for AT4G17950
Done with ΔG prediction for: AT4G17950
Structure used: 0-download-inputs/data-files/AF-Q940I0-F1-model_v6.pdb
DeepTMHMM_class: GLOB
Structure source: EBI-selected-UniProt

Attempting prediction for AT4G18010
Prediction skipped for AT4G18010:
has_verified_seq       = True
DeepTMHMM_class         = GLOB
final_structure_path    = nan
final_structure_source  = None

Attempting prediction for AT4G18040
Done with ΔG prediction for: AT4G18040
Structure used: 0-download-inputs/data-files/AF-O23252-F1-model_v6.pdb
DeepTMHMM_class: GLOB
Structure source: EBI-selected-UniProt

Attempting prediction for AT4G18060
Done with ΔG prediction for: AT4G18060
Structure used: 0-download-inputs/data-files/AF-Q8L7W0-F1-model_v6.pdb
DeepTMHMM_class: GLOB
Structure source: EBI-selected-UniProt

Attempting prediction for AT4G18100
Done with ΔG prediction for: AT4G18100
Structure used: 0-download-inputs/data-files/AF-P49211-F1-model_v6.pdb
DeepTMHMM_class: GLOB
Structure source: EBI-selected-UniProt

Attempting prediction for AT4G18130
Prediction skipped for AT4G18130:
has_verified_seq       = True
DeepTMHMM_class         = GLOB
final_structure_path    = nan
final_structure_source  = None

Attempting prediction for AT4G18160
Prediction skipped for AT4G18160:
has_verified_seq       = True
DeepTMHMM_class         = TM
final_structure_path    = 0-download-inputs/data-files/AF-Q9SVV6-F1-model_v6.pdb
final_structure_source  = EBI-selected-UniProt

Attempting prediction for AT4G18390
Done with ΔG prediction for: AT4G18390
Structure used: 0-download-inputs/data-files/AF-Q93V43-F1-model_v6.pdb
DeepTMHMM_class: GLOB
Structure source: EBI-selected-UniProt

Attempting prediction for AT4G18430
Done with ΔG prediction for: AT4G18430
Structure used: 0-download-inputs/data-files/AF-O49513-F1-model_v6.pdb
DeepTMHMM_class: GLOB
Structure source: EBI-selected-UniProt

Attempting prediction for AT4G18440
Prediction skipped for AT4G18440:
has_verified_seq       = True
DeepTMHMM_class         = GLOB
final_structure_path    = nan
final_structure_source  = None

Attempting prediction for AT4G18480
Done with ΔG prediction for: AT4G18480
Structure used: 0-download-inputs/data-files/AF-P16127-F1-model_v6.pdb
DeepTMHMM_class: GLOB
Structure source: EBI-selected-UniProt

Attempting prediction for AT4G18620
Done with ΔG prediction for: AT4G18620
Structure used: 0-download-inputs/data-files/AF-Q9SN51-F1-model_v6.pdb
DeepTMHMM_class: GLOB
Structure source: EBI-selected-UniProt

Attempting prediction for AT4G18670
Done with ΔG prediction for: AT4G18670
Structure used: 0-download-inputs/data-files/AF-Q9SN46-F1-model_v6-cleaved.pdb
DeepTMHMM_class: SP
Structure source: EBI-selected-UniProt-cleaved

Attempting prediction for AT4G18710
Done with ΔG prediction for: AT4G18710
Structure used: 0-download-inputs/data-files/AF-Q39011-F1-model_v6.pdb
DeepTMHMM_class: GLOB
Structure source: EBI-selected-UniProt

Attempting prediction for AT4G18770
Done with ΔG prediction for: AT4G18770
Structure used: 0-download-inputs/data-files/AF-Q9S7L2-F1-model_v6.pdb
DeepTMHMM_class: GLOB
Structure source: EBI-selected-UniProt

Attempting prediction for AT4G18780
Prediction skipped for AT4G18780:
has_verified_seq       = True
DeepTMHMM_class         = TM
final_structure_path    = 0-download-inputs/data-files/AF-Q8LPK5-F1-model_v6.pdb
final_structure_source  = EBI-selected-UniProt

Attempting prediction for AT4G18800
Done with ΔG prediction for: AT4G18800
Structure used: 0-download-inputs/data-files/AF-Q9SN35-F1-model_v6.pdb
DeepTMHMM_class: GLOB
Structure source: EBI-selected-UniProt

Attempting prediction for AT4G18880
Done with ΔG prediction for: AT4G18880
Structure used: 0-download-inputs/data-files/AF-O49403-F1-model_v6.pdb
DeepTMHMM_class: GLOB
Structure source: EBI-selected-UniProt

Attempting prediction for AT4G18960
Prediction skipped for AT4G18960:
has_verified_seq       = True
DeepTMHMM_class         = GLOB
final_structure_path    = nan
final_structure_source  = None

Attempting prediction for AT4G19170
Done with ΔG prediction for: AT4G19170
Structure used: 0-download-inputs/data-files/AF-O49675-F1-model_v6.pdb
DeepTMHMM_class: GLOB
Structure source: EBI-selected-UniProt

Attempting prediction for AT4G19690
Prediction skipped for AT4G19690:
has_verified_seq       = True
DeepTMHMM_class         = SP+TM
final_structure_path    = 0-download-inputs/data-files/AF-Q38856-F1-model_v6-cleaved.pdb
final_structure_source  = EBI-selected-UniProt-cleaved

Attempting prediction for AT4G19700
Done with ΔG prediction for: AT4G19700
Structure used: 0-download-inputs/data-files/AF-O81851-F1-model_v6.pdb
DeepTMHMM_class: GLOB
Structure source: EBI-selected-UniProt

Attempting prediction for AT4G20020
Prediction skipped for AT4G20020:
has_verified_seq       = True
DeepTMHMM_class         = GLOB
final_structure_path    = nan
final_structure_source  = None

Attempting prediction for AT4G20130
Done with ΔG prediction for: AT4G20130
Structure used: 0-download-inputs/data-files/AF-Q84JF5-F1-model_v6.pdb
DeepTMHMM_class: GLOB
Structure source: EBI-selected-UniProt

Attempting prediction for AT4G20270
Prediction skipped for AT4G20270:
has_verified_seq       = True
DeepTMHMM_class         = SP+TM
final_structure_path    = nan
final_structure_source  = None

Attempting prediction for AT4G20360
Done with ΔG prediction for: AT4G20360
Structure used: 0-download-inputs/data-files/AF-P17745-F1-model_v6.pdb
DeepTMHMM_class: GLOB
Structure source: EBI-selected-UniProt

Attempting prediction for AT4G20380
Prediction skipped for AT4G20380:
has_verified_seq       = True
DeepTMHMM_class         = GLOB
final_structure_path    = nan
final_structure_source  = None

Attempting prediction for AT4G20390
Prediction skipped for AT4G20390:
has_verified_seq       = True
DeepTMHMM_class         = TM
final_structure_path    = 0-download-inputs/data-files/AF-Q9SUP0-F1-model_v6.pdb
final_structure_source  = EBI-selected-UniProt

Attempting prediction for AT4G20400
Prediction skipped for AT4G20400:
has_verified_seq       = True
DeepTMHMM_class         = GLOB
final_structure_path    = nan
final_structure_source  = None

Attempting prediction for AT4G20440
Done with ΔG prediction for: AT4G20440
Structure used: 0-download-inputs/data-files/AF-Q9SUN5-F1-model_v6.pdb
DeepTMHMM_class: GLOB
Structure source: EBI-selected-UniProt

Attempting prediction for AT4G20890
Prediction skipped for AT4G20890:
has_verified_seq       = True
DeepTMHMM_class         = GLOB
final_structure_path    = nan
final_structure_source  = None

Attempting prediction for AT4G20940
Prediction skipped for AT4G20940:
has_verified_seq       = True
DeepTMHMM_class         = SP+TM
final_structure_path    = 0-download-inputs/data-files/AF-C0LGQ9-F1-model_v6-cleaved.pdb
final_structure_source  = EBI-selected-UniProt-cleaved

Attempting prediction for AT4G21100
Done with ΔG prediction for: AT4G21100
Structure used: 0-download-inputs/data-files/AF-O49552-F1-model_v6.pdb
DeepTMHMM_class: GLOB
Structure source: EBI-selected-UniProt

Attempting prediction for AT4G21150
Prediction skipped for AT4G21150:
has_verified_seq       = True
DeepTMHMM_class         = SP+TM
final_structure_path    = 0-download-inputs/data-files/AF-Q93Z16-F1-model_v6-cleaved.pdb
final_structure_source  = EBI-selected-UniProt-cleaved

Attempting prediction for AT4G21450
Prediction skipped for AT4G21450:
has_verified_seq       = True
DeepTMHMM_class         = GLOB
final_structure_path    = nan
final_structure_source  = None

Attempting prediction for AT4G21560
Done with ΔG prediction for: AT4G21560
Structure used: 0-download-inputs/data-files/AF-O65421-F1-model_v6.pdb
DeepTMHMM_class: GLOB
Structure source: EBI-selected-UniProt

Attempting prediction for AT4G21660
Prediction skipped for AT4G21660:
has_verified_seq       = True
DeepTMHMM_class         = GLOB
final_structure_path    = nan
final_structure_source  = None

Attempting prediction for AT4G21670
Done with ΔG prediction for: AT4G21670
Structure used: 0-download-inputs/data-files/AF-Q5YDB6-F1-model_v6.pdb
DeepTMHMM_class: GLOB
Structure source: EBI-selected-UniProt

Attempting prediction for AT4G21750
Done with ΔG prediction for: AT4G21750
Structure used: 0-download-inputs/data-files/AF-Q8RWU4-F1-model_v6.pdb
DeepTMHMM_class: GLOB
Structure source: EBI-selected-UniProt

Attempting prediction for AT4G21980
Prediction skipped for AT4G21980:
has_verified_seq       = True
DeepTMHMM_class         = GLOB
final_structure_path    = nan
final_structure_source  = None

Attempting prediction for AT4G21990
Done with ΔG prediction for: AT4G21990
Structure used: 0-download-inputs/data-files/AF-P92980-F1-model_v6.pdb
DeepTMHMM_class: GLOB
Structure source: EBI-selected-UniProt

Attempting prediction for AT4G22070
Prediction skipped for AT4G22070:
has_verified_seq       = True
DeepTMHMM_class         = GLOB
final_structure_path    = nan
final_structure_source  = None

Attempting prediction for AT4G22130
Prediction skipped for AT4G22130:
has_verified_seq       = True
DeepTMHMM_class         = SP+TM
final_structure_path    = 0-download-inputs/data-files/AF-Q6R2J8-F1-model_v6-cleaved.pdb
final_structure_source  = EBI-selected-UniProt-cleaved

Attempting prediction for AT4G22200
Prediction skipped for AT4G22200:
has_verified_seq       = True
DeepTMHMM_class         = TM
final_structure_path    = 0-download-inputs/data-files/AF-Q38898-F1-model_v6.pdb
final_structure_source  = EBI-selected-UniProt

Attempting prediction for AT4G22220
Done with ΔG prediction for: AT4G22220
Structure used: 0-download-inputs/data-files/AF-O49627-F1-model_v6.pdb
DeepTMHMM_class: GLOB
Structure source: EBI-selected-UniProt

Attempting prediction for AT4G22540
Done with ΔG prediction for: AT4G22540
Structure used: 0-download-inputs/data-files/AF-Q940Y1-F1-model_v6.pdb
DeepTMHMM_class: GLOB
Structure source: EBI-selected-UniProt

Attempting prediction for AT4G22690
Done with ΔG prediction for: AT4G22690
Structure used: 0-download-inputs/data-files/AF-F4JLY4-F1-model_v6.pdb
DeepTMHMM_class: GLOB
Structure source: EBI-selected-UniProt

Attempting prediction for AT4G22890
Prediction skipped for AT4G22890:
has_verified_seq       = True
DeepTMHMM_class         = TM
final_structure_path    = 0-download-inputs/data-files/AF-Q8H112-F1-model_v6.pdb
final_structure_source  = EBI-selected-UniProt

Attempting prediction for AT4G22910
Done with ΔG prediction for: AT4G22910
Structure used: 0-download-inputs/data-files/AF-Q8L3Z8-F1-model_v6.pdb
DeepTMHMM_class: GLOB
Structure source: EBI-selected-UniProt

Attempting prediction for AT4G22920
Done with ΔG prediction for: AT4G22920
Structure used: 0-download-inputs/data-files/AF-O82741-F1-model_v6.pdb
DeepTMHMM_class: GLOB
Structure source: EBI-selected-UniProt

Attempting prediction for AT4G23140
Prediction skipped for AT4G23140:
has_verified_seq       = True
DeepTMHMM_class         = SP+TM
final_structure_path    = 0-download-inputs/data-files/AF-Q9C5S9-F1-model_v6-cleaved.pdb
final_structure_source  = EBI-selected-UniProt-cleaved

Attempting prediction for AT4G23220
Prediction skipped for AT4G23220:
has_verified_seq       = True
DeepTMHMM_class         = SP+TM
final_structure_path    = 0-download-inputs/data-files/AF-Q8H199-F1-model_v6-cleaved.pdb
final_structure_source  = EBI-selected-UniProt-cleaved

Attempting prediction for AT4G23400
Prediction skipped for AT4G23400:
has_verified_seq       = True
DeepTMHMM_class         = TM
final_structure_path    = 0-download-inputs/data-files/AF-Q8LAA6-F1-model_v6.pdb
final_structure_source  = EBI-selected-UniProt

Attempting prediction for AT4G23430
Done with ΔG prediction for: AT4G23430
Structure used: 0-download-inputs/data-files/AF-A2RVM0-F1-model_v6.pdb
DeepTMHMM_class: GLOB
Structure source: EBI-selected-UniProt

Attempting prediction for AT4G23470
Prediction skipped for AT4G23470:
has_verified_seq       = True
DeepTMHMM_class         = GLOB
final_structure_path    = nan
final_structure_source  = None

Attempting prediction for AT4G23570
Done with ΔG prediction for: AT4G23570
Structure used: 0-download-inputs/data-files/AF-Q9SUR9-F1-model_v6.pdb
DeepTMHMM_class: GLOB
Structure source: EBI-selected-UniProt

Attempting prediction for AT4G23630
Prediction skipped for AT4G23630:
has_verified_seq       = True
DeepTMHMM_class         = TM
final_structure_path    = 0-download-inputs/data-files/AF-Q9SUR3-F1-model_v6.pdb
final_structure_source  = EBI-selected-UniProt

Attempting prediction for AT4G23650
Done with ΔG prediction for: AT4G23650
Structure used: 0-download-inputs/data-files/AF-Q42479-F1-model_v6.pdb
DeepTMHMM_class: GLOB
Structure source: EBI-selected-UniProt

Attempting prediction for AT4G23670
Done with ΔG prediction for: AT4G23670
Structure used: 0-download-inputs/data-files/AF-Q9SUR0-F1-model_v6.pdb
DeepTMHMM_class: GLOB
Structure source: EBI-selected-UniProt

Attempting prediction for AT4G23680
Done with ΔG prediction for: AT4G23680
Structure used: 0-download-inputs/data-files/AF-Q9SUQ9-F1-model_v6.pdb
DeepTMHMM_class: GLOB
Structure source: EBI-selected-UniProt

Attempting prediction for AT4G23730
Done with ΔG prediction for: AT4G23730
Structure used: 0-download-inputs/data-files/AF-Q9SUQ4-F1-model_v6.pdb
DeepTMHMM_class: GLOB
Structure source: EBI-selected-UniProt

Attempting prediction for AT4G23810
Done with ΔG prediction for: AT4G23810
Structure used: 0-download-inputs/data-files/AF-Q9SUP6-F1-model_v6.pdb
DeepTMHMM_class: GLOB
Structure source: EBI-selected-UniProt

Attempting prediction for AT4G23920
Done with ΔG prediction for: AT4G23920
Structure used: 0-download-inputs/data-files/AF-Q9T0A7-F1-model_v6.pdb
DeepTMHMM_class: GLOB
Structure source: EBI-selected-UniProt

Attempting prediction for AT4G23980
Done with ΔG prediction for: AT4G23980
Structure used: 0-download-inputs/data-files/AF-Q9XED8-F1-model_v6.pdb
DeepTMHMM_class: GLOB
Structure source: EBI-selected-UniProt

Attempting prediction for AT4G24100
Done with ΔG prediction for: AT4G24100
Structure used: 0-download-inputs/data-files/AF-A0A1P8B4A5-F1-model_v6.pdb
DeepTMHMM_class: GLOB
Structure source: EBI-selected-UniProt

Attempting prediction for AT4G24190
Prediction skipped for AT4G24190:
has_verified_seq       = True
DeepTMHMM_class         = SP+TM
final_structure_path    = 0-download-inputs/data-files/AF-Q9STX5-F1-model_v6-cleaved.pdb
final_structure_source  = EBI-selected-UniProt-cleaved

Attempting prediction for AT4G24210
Done with ΔG prediction for: AT4G24210
Structure used: 0-download-inputs/data-files/AF-Q9STX3-F1-model_v6.pdb
DeepTMHMM_class: GLOB
Structure source: EBI-selected-UniProt

Attempting prediction for AT4G24280
Done with ΔG prediction for: AT4G24280
Structure used: 0-download-inputs/data-files/AF-Q9STW6-F1-model_v6.pdb
DeepTMHMM_class: GLOB
Structure source: EBI-selected-UniProt

Attempting prediction for AT4G24390
Done with ΔG prediction for: AT4G24390
Structure used: 0-download-inputs/data-files/AF-Q8RWQ8-F1-model_v6.pdb
DeepTMHMM_class: GLOB
Structure source: EBI-selected-UniProt

Attempting prediction for AT4G24400
Done with ΔG prediction for: AT4G24400
Structure used: 0-download-inputs/data-files/AF-Q9STV4-F1-model_v6.pdb
DeepTMHMM_class: GLOB
Structure source: EBI-selected-UniProt

Attempting prediction for AT4G24510
Done with ΔG prediction for: AT4G24510
Structure used: 0-download-inputs/data-files/AF-Q39048-F1-model_v6.pdb
DeepTMHMM_class: GLOB
Structure source: EBI-selected-UniProt

Attempting prediction for AT4G24560
Prediction skipped for AT4G24560:
has_verified_seq       = True
DeepTMHMM_class         = SP+TM
final_structure_path    = 0-download-inputs/data-files/AF-Q9SB51-F1-model_v6.pdb
final_structure_source  = EBI-selected-UniProt

Attempting prediction for AT4G24660
Done with ΔG prediction for: AT4G24660
Structure used: 0-download-inputs/data-files/AF-Q9SB61-F1-model_v6.pdb
DeepTMHMM_class: GLOB
Structure source: EBI-selected-UniProt

Attempting prediction for AT4G24680
Prediction skipped for AT4G24680:
has_verified_seq       = True
DeepTMHMM_class         = GLOB
final_structure_path    = nan
final_structure_source  = None

Attempting prediction for AT4G24690
Prediction skipped for AT4G24690:
has_verified_seq       = True
DeepTMHMM_class         = GLOB
final_structure_path    = nan
final_structure_source  = None

Attempting prediction for AT4G24710
Prediction skipped for AT4G24710:
has_verified_seq       = True
DeepTMHMM_class         = GLOB
final_structure_path    = nan
final_structure_source  = None

Attempting prediction for AT4G24750
Prediction skipped for AT4G24750:
has_verified_seq       = True
DeepTMHMM_class         = TM
final_structure_path    = 0-download-inputs/data-files/AF-Q0WWT7-F1-model_v6.pdb
final_structure_source  = EBI-selected-UniProt

Attempting prediction for AT4G24770
Done with ΔG prediction for: AT4G24770
Structure used: 0-download-inputs/data-files/AF-Q04836-F1-model_v6.pdb
DeepTMHMM_class: GLOB
Structure source: EBI-selected-UniProt

Attempting prediction for AT4G24780
Done with ΔG prediction for: AT4G24780
Structure used: 0-download-inputs/data-files/AF-Q9C5M8-F1-model_v6-cleaved.pdb
DeepTMHMM_class: SP
Structure source: EBI-selected-UniProt-cleaved

Attempting prediction for AT4G24840
Done with ΔG prediction for: AT4G24840
Structure used: 0-download-inputs/data-files/AF-F4JRR1-F1-model_v6.pdb
DeepTMHMM_class: GLOB
Structure source: EBI-selected-UniProt

Attempting prediction for AT4G24940
Done with ΔG prediction for: AT4G24940
Structure used: 0-download-inputs/data-files/AF-Q8VY78-F1-model_v6.pdb
DeepTMHMM_class: GLOB
Structure source: EBI-selected-UniProt

Attempting prediction for AT4G24972
Prediction skipped for AT4G24972:
has_verified_seq       = True
DeepTMHMM_class         = SP
final_structure_path    = nan
final_structure_source  = None

Attempting prediction for AT4G24990
Done with ΔG prediction for: AT4G24990
Structure used: 0-download-inputs/data-files/AF-Q9SW27-F1-model_v6.pdb
DeepTMHMM_class: GLOB
Structure source: EBI-selected-UniProt

Attempting prediction for AT4G25030
Prediction skipped for AT4G25030:
has_verified_seq       = True
DeepTMHMM_class         = TM
final_structure_path    = 0-download-inputs/data-files/AF-Q9SW23-F1-model_v6.pdb
final_structure_source  = EBI-selected-UniProt

Attempting prediction for AT4G25080
Done with ΔG prediction for: AT4G25080
Structure used: 0-download-inputs/data-files/AF-Q9SW18-F1-model_v6.pdb
DeepTMHMM_class: GLOB
Structure source: EBI-selected-UniProt

Attempting prediction for AT4G25100
Done with ΔG prediction for: AT4G25100
Structure used: 0-download-inputs/data-files/AF-P21276-F1-model_v6.pdb
DeepTMHMM_class: GLOB
Structure source: EBI-selected-UniProt

Attempting prediction for AT4G25140
Prediction skipped for AT4G25140:
has_verified_seq       = True
DeepTMHMM_class         = TM
final_structure_path    = 0-download-inputs/data-files/AF-P29525-F1-model_v6.pdb
final_structure_source  = EBI-selected-UniProt

Attempting prediction for AT4G25210
Done with ΔG prediction for: AT4G25210
Structure used: 0-download-inputs/data-files/AF-Q9SB42-F1-model_v6.pdb
DeepTMHMM_class: GLOB
Structure source: EBI-selected-UniProt

Attempting prediction for AT4G25240
Done with ΔG prediction for: AT4G25240
Structure used: 0-download-inputs/data-files/AF-Q8VXX5-F1-model_v6-cleaved.pdb
DeepTMHMM_class: SP
Structure source: EBI-selected-UniProt-cleaved

Attempting prediction for AT4G25370
Done with ΔG prediction for: AT4G25370
Structure used: 0-download-inputs/data-files/AF-Q93WL3-F1-model_v6.pdb
DeepTMHMM_class: GLOB
Structure source: EBI-selected-UniProt

Attempting prediction for AT4G25500
Prediction skipped for AT4G25500:
has_verified_seq       = True
DeepTMHMM_class         = GLOB
final_structure_path    = nan
final_structure_source  = None

Attempting prediction for AT4G25530
Done with ΔG prediction for: AT4G25530
Structure used: 0-download-inputs/data-files/AF-Q9FVI6-F1-model_v6.pdb
DeepTMHMM_class: GLOB
Structure source: EBI-selected-UniProt

Attempting prediction for AT4G25550
Done with ΔG prediction for: AT4G25550
Structure used: 0-download-inputs/data-files/AF-Q8GXS3-F1-model_v6.pdb
DeepTMHMM_class: GLOB
Structure source: EBI-selected-UniProt

Attempting prediction for AT4G25560
Done with ΔG prediction for: AT4G25560
Structure used: 0-download-inputs/data-files/AF-Q9M0K4-F1-model_v6.pdb
DeepTMHMM_class: GLOB
Structure source: EBI-selected-UniProt

Attempting prediction for AT4G25630
Done with ΔG prediction for: AT4G25630
Structure used: 0-download-inputs/data-files/AF-Q94AH9-F1-model_v6.pdb
DeepTMHMM_class: GLOB
Structure source: EBI-selected-UniProt

Attempting prediction for AT4G25670
Prediction skipped for AT4G25670:
has_verified_seq       = True
DeepTMHMM_class         = GLOB
final_structure_path    = nan
final_structure_source  = None

Attempting prediction for AT4G25740
Done with ΔG prediction for: AT4G25740
Structure used: 0-download-inputs/data-files/AF-Q9SW09-F1-model_v6.pdb
DeepTMHMM_class: GLOB
Structure source: EBI-selected-UniProt

Attempting prediction for AT4G25910
Done with ΔG prediction for: AT4G25910
Structure used: 0-download-inputs/data-files/AF-Q84RQ7-F1-model_v6.pdb
DeepTMHMM_class: GLOB
Structure source: EBI-selected-UniProt

Attempting prediction for AT4G25920
Prediction skipped for AT4G25920:
has_verified_seq       = True
DeepTMHMM_class         = GLOB
final_structure_path    = nan
final_structure_source  = None

Attempting prediction for AT4G26080
Done with ΔG prediction for: AT4G26080
Structure used: 0-download-inputs/data-files/AF-P49597-F1-model_v6.pdb
DeepTMHMM_class: GLOB
Structure source: EBI-selected-UniProt

Attempting prediction for AT4G26090
Done with ΔG prediction for: AT4G26090
Structure used: 0-download-inputs/data-files/AF-Q42484-F1-model_v6.pdb
DeepTMHMM_class: GLOB
Structure source: EBI-selected-UniProt

Attempting prediction for AT4G26100
Done with ΔG prediction for: AT4G26100
Structure used: 0-download-inputs/data-files/AF-P42158-F1-model_v6.pdb
DeepTMHMM_class: GLOB
Structure source: EBI-selected-UniProt

Attempting prediction for AT4G26110
Done with ΔG prediction for: AT4G26110
Structure used: 0-download-inputs/data-files/AF-Q9SZI2-F1-model_v6.pdb
DeepTMHMM_class: GLOB
Structure source: EBI-selected-UniProt

Attempting prediction for AT4G26200
Done with ΔG prediction for: AT4G26200
Structure used: 0-download-inputs/data-files/AF-Q9STR4-F1-model_v6.pdb
DeepTMHMM_class: GLOB
Structure source: EBI-selected-UniProt

Attempting prediction for AT4G26450
Done with ΔG prediction for: AT4G26450
Structure used: 0-download-inputs/data-files/AF-P0CB21-F1-model_v6.pdb
DeepTMHMM_class: GLOB
Structure source: EBI-selected-UniProt

Attempting prediction for AT4G26455
Prediction skipped for AT4G26455:
has_verified_seq       = True
DeepTMHMM_class         = TM
final_structure_path    = 0-download-inputs/data-files/AF-Q8GXA4-F1-model_v6.pdb
final_structure_source  = EBI-selected-UniProt

Attempting prediction for AT4G26570
Done with ΔG prediction for: AT4G26570
Structure used: 0-download-inputs/data-files/AF-Q8LEM7-F1-model_v6.pdb
DeepTMHMM_class: GLOB
Structure source: EBI-selected-UniProt

Attempting prediction for AT4G26590
Prediction skipped for AT4G26590:
has_verified_seq       = True
DeepTMHMM_class         = TM
final_structure_path    = 0-download-inputs/data-files/AF-Q9SUA4-F1-model_v6.pdb
final_structure_source  = EBI-selected-UniProt

Attempting prediction for AT4G26630
Done with ΔG prediction for: AT4G26630
Structure used: 0-download-inputs/data-files/AF-Q9SUA1-F1-model_v6.pdb
DeepTMHMM_class: GLOB
Structure source: EBI-selected-UniProt

Attempting prediction for AT4G26720
Done with ΔG prediction for: AT4G26720
Structure used: 0-download-inputs/data-files/AF-P48529-F1-model_v6.pdb
DeepTMHMM_class: GLOB
Structure source: EBI-selected-UniProt

Attempting prediction for AT4G26750
Done with ΔG prediction for: AT4G26750
Structure used: 0-download-inputs/data-files/AF-Q9SZ15-F1-model_v6.pdb
DeepTMHMM_class: GLOB
Structure source: EBI-selected-UniProt

Attempting prediction for AT4G26840
Done with ΔG prediction for: AT4G26840
Structure used: 0-download-inputs/data-files/AF-P55852-F1-model_v6.pdb
DeepTMHMM_class: GLOB
Structure source: EBI-selected-UniProt

Attempting prediction for AT4G26910
Prediction skipped for AT4G26910:
has_verified_seq       = True
DeepTMHMM_class         = GLOB
final_structure_path    = nan
final_structure_source  = None

Attempting prediction for AT4G27060
Done with ΔG prediction for: AT4G27060
Structure used: 0-download-inputs/data-files/AF-Q9T041-F1-model_v6.pdb
DeepTMHMM_class: GLOB
Structure source: EBI-selected-UniProt

Attempting prediction for AT4G27070
Done with ΔG prediction for: AT4G27070
Structure used: 0-download-inputs/data-files/AF-P25269-F1-model_v6.pdb
DeepTMHMM_class: GLOB
Structure source: EBI-selected-UniProt

Attempting prediction for AT4G27090
Done with ΔG prediction for: AT4G27090
Structure used: 0-download-inputs/data-files/AF-Q9T043-F1-model_v6.pdb
DeepTMHMM_class: GLOB
Structure source: EBI-selected-UniProt

Attempting prediction for AT4G27160
Done with ΔG prediction for: AT4G27160
Structure used: 0-download-inputs/data-files/AF-P15459-F1-model_v6-cleaved.pdb
DeepTMHMM_class: SP
Structure source: EBI-selected-UniProt-cleaved

Attempting prediction for AT4G27420
Prediction skipped for AT4G27420:
has_verified_seq       = True
DeepTMHMM_class         = TM
final_structure_path    = 0-download-inputs/data-files/AF-Q9SZR9-F1-model_v6.pdb
final_structure_source  = EBI-selected-UniProt

Attempting prediction for AT4G27430
Done with ΔG prediction for: AT4G27430
Structure used: 0-download-inputs/data-files/AF-O80386-F1-model_v6.pdb
DeepTMHMM_class: GLOB
Structure source: EBI-selected-UniProt

Attempting prediction for AT4G27440
Done with ΔG prediction for: AT4G27440
Structure used: 0-download-inputs/data-files/AF-P21218-F1-model_v6.pdb
DeepTMHMM_class: GLOB
Structure source: EBI-selected-UniProt

Attempting prediction for AT4G27450
Prediction skipped for AT4G27450:
has_verified_seq       = True
DeepTMHMM_class         = GLOB
final_structure_path    = nan
final_structure_source  = None

Attempting prediction for AT4G27500
Prediction skipped for AT4G27500:
has_verified_seq       = True
DeepTMHMM_class         = TM
final_structure_path    = 0-download-inputs/data-files/AF-O23144-F1-model_v6.pdb
final_structure_source  = EBI-selected-UniProt

Attempting prediction for AT4G27585
Prediction skipped for AT4G27585:
has_verified_seq       = True
DeepTMHMM_class         = GLOB
final_structure_path    = nan
final_structure_source  = None

Attempting prediction for AT4G27630
Prediction skipped for AT4G27630:
has_verified_seq       = True
DeepTMHMM_class         = TM
final_structure_path    = 0-download-inputs/data-files/AF-Q0WQG8-F1-model_v6.pdb
final_structure_source  = EBI-selected-UniProt

Attempting prediction for AT4G27670
Done with ΔG prediction for: AT4G27670
Structure used: 0-download-inputs/data-files/AF-P31170-F1-model_v6.pdb
DeepTMHMM_class: GLOB
Structure source: EBI-selected-UniProt

Attempting prediction for AT4G27690
Done with ΔG prediction for: AT4G27690
Structure used: 0-download-inputs/data-files/AF-Q9T091-F1-model_v6.pdb
DeepTMHMM_class: GLOB
Structure source: EBI-selected-UniProt

Attempting prediction for AT4G27920
Done with ΔG prediction for: AT4G27920
Structure used: 0-download-inputs/data-files/AF-Q8H1R0-F1-model_v6.pdb
DeepTMHMM_class: GLOB
Structure source: EBI-selected-UniProt

Attempting prediction for AT4G27960
Done with ΔG prediction for: AT4G27960
Structure used: 0-download-inputs/data-files/AF-P35132-F1-model_v6.pdb
DeepTMHMM_class: GLOB
Structure source: EBI-selected-UniProt

Attempting prediction for AT4G28230
Done with ΔG prediction for: AT4G28230
Structure used: 0-download-inputs/data-files/AF-Q9M0I4-F1-model_v6.pdb
DeepTMHMM_class: GLOB
Structure source: EBI-selected-UniProt

Attempting prediction for AT4G28270
Prediction skipped for AT4G28270:
has_verified_seq       = True
DeepTMHMM_class         = TM
final_structure_path    = 0-download-inputs/data-files/AF-P93030-F1-model_v6.pdb
final_structure_source  = EBI-selected-UniProt

Attempting prediction for AT4G28370
Prediction skipped for AT4G28370:
has_verified_seq       = True
DeepTMHMM_class         = TM
final_structure_path    = 0-download-inputs/data-files/AF-Q5PP23-F1-model_v6-cleaved.pdb
final_structure_source  = EBI-selected-UniProt-cleaved

Attempting prediction for AT4G28440
Done with ΔG prediction for: AT4G28440
Structure used: 0-download-inputs/data-files/AF-O49453-F1-model_v6.pdb
DeepTMHMM_class: GLOB
Structure source: EBI-selected-UniProt

Attempting prediction for AT4G28450
Prediction skipped for AT4G28450:
has_verified_seq       = True
DeepTMHMM_class         = GLOB
final_structure_path    = nan
final_structure_source  = None

Attempting prediction for AT4G28590
Done with ΔG prediction for: AT4G28590
Structure used: 0-download-inputs/data-files/AF-F4JLC1-F1-model_v6.pdb
DeepTMHMM_class: GLOB
Structure source: EBI-selected-UniProt

Attempting prediction for AT4G28610
Done with ΔG prediction for: AT4G28610
Structure used: 0-download-inputs/data-files/AF-Q94CL7-F1-model_v6.pdb
DeepTMHMM_class: GLOB
Structure source: EBI-selected-UniProt

Attempting prediction for AT4G28650
Prediction skipped for AT4G28650:
has_verified_seq       = True
DeepTMHMM_class         = SP+TM
final_structure_path    = 0-download-inputs/data-files/AF-Q9M0G7-F1-model_v6-cleaved.pdb
final_structure_source  = EBI-selected-UniProt-cleaved

Attempting prediction for AT4G28750
Done with ΔG prediction for: AT4G28750
Structure used: 0-download-inputs/data-files/AF-Q9S831-F1-model_v6.pdb
DeepTMHMM_class: GLOB
Structure source: EBI-selected-UniProt

Attempting prediction for AT4G28780
Done with ΔG prediction for: AT4G28780
Structure used: 0-download-inputs/data-files/AF-Q9SVU5-F1-model_v6-cleaved.pdb
DeepTMHMM_class: SP
Structure source: EBI-selected-UniProt-cleaved

Attempting prediction for AT4G28910
Done with ΔG prediction for: AT4G28910
Structure used: 0-download-inputs/data-files/AF-Q9SV55-F1-model_v6.pdb
DeepTMHMM_class: GLOB
Structure source: EBI-selected-UniProt

Attempting prediction for AT4G28980
Done with ΔG prediction for: AT4G28980
Structure used: 0-download-inputs/data-files/AF-O80345-F1-model_v6.pdb
DeepTMHMM_class: GLOB
Structure source: EBI-selected-UniProt

Attempting prediction for AT4G29040
Done with ΔG prediction for: AT4G29040
Structure used: 0-download-inputs/data-files/AF-Q9SZD4-F1-model_v6.pdb
DeepTMHMM_class: GLOB
Structure source: EBI-selected-UniProt

Attempting prediction for AT4G29060
Done with ΔG prediction for: AT4G29060
Structure used: 0-download-inputs/data-files/AF-Q9SZD6-F1-model_v6.pdb
DeepTMHMM_class: GLOB
Structure source: EBI-selected-UniProt

Attempting prediction for AT4G29130
Done with ΔG prediction for: AT4G29130
Structure used: 0-download-inputs/data-files/AF-Q42525-F1-model_v6.pdb
DeepTMHMM_class: GLOB
Structure source: EBI-selected-UniProt

Attempting prediction for AT4G29160
Done with ΔG prediction for: AT4G29160
Structure used: 0-download-inputs/data-files/AF-Q9SZE4-F1-model_v6.pdb
DeepTMHMM_class: GLOB
Structure source: EBI-selected-UniProt

Attempting prediction for AT4G29170
Prediction skipped for AT4G29170:
has_verified_seq       = True
DeepTMHMM_class         = GLOB
final_structure_path    = nan
final_structure_source  = None

Attempting prediction for AT4G29330
Prediction skipped for AT4G29330:
has_verified_seq       = True
DeepTMHMM_class         = TM
final_structure_path    = 0-download-inputs/data-files/AF-Q8VZU9-F1-model_v6.pdb
final_structure_source  = EBI-selected-UniProt

Attempting prediction for AT4G29350
Prediction skipped for AT4G29350:
has_verified_seq       = True
DeepTMHMM_class         = GLOB
final_structure_path    = nan
final_structure_source  = None

Attempting prediction for AT4G29510
Done with ΔG prediction for: AT4G29510
Structure used: 0-download-inputs/data-files/AF-Q9SU94-F1-model_v6.pdb
DeepTMHMM_class: GLOB
Structure source: EBI-selected-UniProt

Attempting prediction for AT4G29680
Prediction skipped for AT4G29680:
has_verified_seq       = True
DeepTMHMM_class         = TM
final_structure_path    = 0-download-inputs/data-files/AF-Q9SU83-F1-model_v6.pdb
final_structure_source  = EBI-selected-UniProt

Attempting prediction for AT4G29700
Done with ΔG prediction for: AT4G29700
Structure used: 0-download-inputs/data-files/AF-Q9SU81-F1-model_v6-cleaved.pdb
DeepTMHMM_class: SP
Structure source: EBI-selected-UniProt-cleaved

Attempting prediction for AT4G29730
Done with ΔG prediction for: AT4G29730
Structure used: 0-download-inputs/data-files/AF-Q9SU78-F1-model_v6.pdb
DeepTMHMM_class: GLOB
Structure source: EBI-selected-UniProt

Attempting prediction for AT4G29810
Done with ΔG prediction for: AT4G29810
Structure used: 0-download-inputs/data-files/AF-Q9S7U9-F1-model_v6.pdb
DeepTMHMM_class: GLOB
Structure source: EBI-selected-UniProt

Attempting prediction for AT4G29830
Done with ΔG prediction for: AT4G29830
Structure used: 0-download-inputs/data-files/AF-Q9SZQ5-F1-model_v6.pdb
DeepTMHMM_class: GLOB
Structure source: EBI-selected-UniProt

Attempting prediction for AT4G29960
Prediction skipped for AT4G29960:
has_verified_seq       = True
DeepTMHMM_class         = TM
final_structure_path    = 0-download-inputs/data-files/AF-Q9SZR6-F1-model_v6.pdb
final_structure_source  = EBI-selected-UniProt

Attempting prediction for AT4G30120
Prediction skipped for AT4G30120:
has_verified_seq       = True
DeepTMHMM_class         = TM
final_structure_path    = 0-download-inputs/data-files/AF-P0CW77-F1-model_v6.pdb
final_structure_source  = EBI-selected-UniProt

Attempting prediction for AT4G30190
Prediction skipped for AT4G30190:
has_verified_seq       = True
DeepTMHMM_class         = TM
final_structure_path    = 0-download-inputs/data-files/AF-P19456-F1-model_v6.pdb
final_structure_source  = EBI-selected-UniProt

Attempting prediction for AT4G30200
Prediction skipped for AT4G30200:
has_verified_seq       = True
DeepTMHMM_class         = GLOB
final_structure_path    = nan
final_structure_source  = None

Attempting prediction for AT4G30220
Done with ΔG prediction for: AT4G30220
Structure used: 0-download-inputs/data-files/AF-Q9SUM2-F1-model_v6.pdb
DeepTMHMM_class: GLOB
Structure source: EBI-selected-UniProt

Attempting prediction for AT4G30330
Prediction skipped for AT4G30330:
has_verified_seq       = True
DeepTMHMM_class         = GLOB
final_structure_path    = nan
final_structure_source  = None

Attempting prediction for AT4G30370
Done with ΔG prediction for: AT4G30370
Structure used: 0-download-inputs/data-files/AF-Q9M0C3-F1-model_v6.pdb
DeepTMHMM_class: GLOB
Structure source: EBI-selected-UniProt

Attempting prediction for AT4G30910
Prediction skipped for AT4G30910:
has_verified_seq       = True
DeepTMHMM_class         = GLOB
final_structure_path    = nan
final_structure_source  = None

Attempting prediction for AT4G30930
Done with ΔG prediction for: AT4G30930
Structure used: 0-download-inputs/data-files/AF-Q8L9A0-F1-model_v6.pdb
DeepTMHMM_class: GLOB
Structure source: EBI-selected-UniProt

Attempting prediction for AT4G30935
Done with ΔG prediction for: AT4G30935
Structure used: 0-download-inputs/data-files/AF-P59583-F1-model_v6.pdb
DeepTMHMM_class: GLOB
Structure source: EBI-selected-UniProt

Attempting prediction for AT4G30960
Done with ΔG prediction for: AT4G30960
Structure used: 0-download-inputs/data-files/AF-O65554-F1-model_v6.pdb
DeepTMHMM_class: GLOB
Structure source: EBI-selected-UniProt

Attempting prediction for AT4G31120
Done with ΔG prediction for: AT4G31120
Structure used: 0-download-inputs/data-files/AF-Q8GWT4-F1-model_v6.pdb
DeepTMHMM_class: GLOB
Structure source: EBI-selected-UniProt

Attempting prediction for AT4G31160
Done with ΔG prediction for: AT4G31160
Structure used: 0-download-inputs/data-files/AF-Q9M086-F1-model_v6.pdb
DeepTMHMM_class: GLOB
Structure source: EBI-selected-UniProt

Attempting prediction for AT4G31170
Done with ΔG prediction for: AT4G31170
Structure used: 0-download-inputs/data-files/AF-Q9M085-F1-model_v6.pdb
DeepTMHMM_class: GLOB
Structure source: EBI-selected-UniProt

Attempting prediction for AT4G31180
Done with ΔG prediction for: AT4G31180
Structure used: 0-download-inputs/data-files/AF-Q9M084-F1-model_v6.pdb
DeepTMHMM_class: GLOB
Structure source: EBI-selected-UniProt

Attempting prediction for AT4G31300
Done with ΔG prediction for: AT4G31300
Structure used: 0-download-inputs/data-files/AF-Q8LD27-F1-model_v6.pdb
DeepTMHMM_class: GLOB
Structure source: EBI-selected-UniProt

Attempting prediction for AT4G31340
Prediction skipped for AT4G31340:
has_verified_seq       = True
DeepTMHMM_class         = SP+TM
final_structure_path    = nan
final_structure_source  = None

Attempting prediction for AT4G31490
Done with ΔG prediction for: AT4G31490
Structure used: 0-download-inputs/data-files/AF-Q9SV20-F1-model_v6.pdb
DeepTMHMM_class: GLOB
Structure source: EBI-selected-UniProt

Attempting prediction for AT4G31500
Done with ΔG prediction for: AT4G31500
Structure used: 0-download-inputs/data-files/AF-O65782-F1-model_v6.pdb
DeepTMHMM_class: GLOB
Structure source: EBI-selected-UniProt

Attempting prediction for AT4G31570
Prediction skipped for AT4G31570:
has_verified_seq       = True
DeepTMHMM_class         = TM
final_structure_path    = nan
final_structure_source  = None

Attempting prediction for AT4G31580
Done with ΔG prediction for: AT4G31580
Structure used: 0-download-inputs/data-files/AF-O81126-F1-model_v6.pdb
DeepTMHMM_class: GLOB
Structure source: EBI-selected-UniProt

Attempting prediction for AT4G31700
Done with ΔG prediction for: AT4G31700
Structure used: 0-download-inputs/data-files/AF-O48549-F1-model_v6.pdb
DeepTMHMM_class: GLOB
Structure source: EBI-selected-UniProt

Attempting prediction for AT4G31720
Done with ΔG prediction for: AT4G31720
Structure used: 0-download-inputs/data-files/AF-O04173-F1-model_v6.pdb
DeepTMHMM_class: GLOB
Structure source: EBI-selected-UniProt

Attempting prediction for AT4G31730
Prediction skipped for AT4G31730:
has_verified_seq       = True
DeepTMHMM_class         = TM
final_structure_path    = 0-download-inputs/data-files/AF-O81775-F1-model_v6.pdb
final_structure_source  = EBI-selected-UniProt

Attempting prediction for AT4G31800
Done with ΔG prediction for: AT4G31800
Structure used: 0-download-inputs/data-files/AF-Q9C5T4-F1-model_v6.pdb
DeepTMHMM_class: GLOB
Structure source: EBI-selected-UniProt

Attempting prediction for AT4G31985
Done with ΔG prediction for: AT4G31985
Structure used: 0-download-inputs/data-files/AF-P51424-F1-model_v6.pdb
DeepTMHMM_class: GLOB
Structure source: EBI-selected-UniProt

Attempting prediction for AT4G31990
Done with ΔG prediction for: AT4G31990
Structure used: 0-download-inputs/data-files/AF-P46248-F1-model_v6.pdb
DeepTMHMM_class: GLOB
Structure source: EBI-selected-UniProt

Attempting prediction for AT4G32010
Done with ΔG prediction for: AT4G32010
Structure used: 0-download-inputs/data-files/AF-Q5CCK4-F1-model_v6.pdb
DeepTMHMM_class: GLOB
Structure source: EBI-selected-UniProt

Attempting prediction for AT4G32040
Done with ΔG prediction for: AT4G32040
Structure used: 0-download-inputs/data-files/AF-P48002-F1-model_v6.pdb
DeepTMHMM_class: GLOB
Structure source: EBI-selected-UniProt

Attempting prediction for AT4G32070
Done with ΔG prediction for: AT4G32070
Structure used: 0-download-inputs/data-files/AF-F4JTI1-F1-model_v6.pdb
DeepTMHMM_class: GLOB
Structure source: EBI-selected-UniProt

Attempting prediction for AT4G32150
Prediction skipped for AT4G32150:
has_verified_seq       = True
DeepTMHMM_class         = TM
final_structure_path    = 0-download-inputs/data-files/AF-O49377-F1-model_v6.pdb
final_structure_source  = EBI-selected-UniProt

Attempting prediction for AT4G32175
Prediction skipped for AT4G32175:
has_verified_seq       = True
DeepTMHMM_class         = GLOB
final_structure_path    = nan
final_structure_source  = None

Attempting prediction for AT4G32250
Done with ΔG prediction for: AT4G32250
Structure used: 0-download-inputs/data-files/AF-Q8RWX4-F1-model_v6.pdb
DeepTMHMM_class: GLOB
Structure source: EBI-selected-UniProt

Attempting prediction for AT4G32260
Prediction skipped for AT4G32260:
has_verified_seq       = True
DeepTMHMM_class         = TM
final_structure_path    = 0-download-inputs/data-files/AF-Q42139-F1-model_v6.pdb
final_structure_source  = EBI-selected-UniProt

Attempting prediction for AT4G32285
Done with ΔG prediction for: AT4G32285
Structure used: 0-download-inputs/data-files/AF-Q8S9J8-F1-model_v6.pdb
DeepTMHMM_class: GLOB
Structure source: EBI-selected-UniProt

Attempting prediction for AT4G32295
Prediction skipped for AT4G32295:
has_verified_seq       = True
DeepTMHMM_class         = GLOB
final_structure_path    = nan
final_structure_source  = None

Attempting prediction for AT4G32410
Prediction skipped for AT4G32410:
has_verified_seq       = True
DeepTMHMM_class         = TM
final_structure_path    = 0-download-inputs/data-files/AF-O48946-F1-model_v6.pdb
final_structure_source  = EBI-selected-UniProt

Attempting prediction for AT4G32470
Done with ΔG prediction for: AT4G32470
Structure used: 0-download-inputs/data-files/AF-Q9SUU5-F1-model_v6.pdb
DeepTMHMM_class: GLOB
Structure source: EBI-selected-UniProt

Attempting prediction for AT4G32520
Done with ΔG prediction for: AT4G32520
Structure used: 0-download-inputs/data-files/AF-Q94JQ3-F1-model_v6.pdb
DeepTMHMM_class: GLOB
Structure source: EBI-selected-UniProt

Attempting prediction for AT4G32551
Prediction skipped for AT4G32551:
has_verified_seq       = True
DeepTMHMM_class         = GLOB
final_structure_path    = nan
final_structure_source  = None

Attempting prediction for AT4G32570
Done with ΔG prediction for: AT4G32570
Structure used: 0-download-inputs/data-files/AF-Q84MB2-F1-model_v6.pdb
DeepTMHMM_class: GLOB
Structure source: EBI-selected-UniProt

Attempting prediction for AT4G32650
Prediction skipped for AT4G32650:
has_verified_seq       = True
DeepTMHMM_class         = TM
final_structure_path    = nan
final_structure_source  = None

Attempting prediction for AT4G32690
Done with ΔG prediction for: AT4G32690
Structure used: 0-download-inputs/data-files/AF-Q67XG0-F1-model_v6.pdb
DeepTMHMM_class: GLOB
Structure source: EBI-selected-UniProt

Attempting prediction for AT4G32720
Done with ΔG prediction for: AT4G32720
Structure used: 0-download-inputs/data-files/AF-Q93ZV7-F1-model_v6.pdb
DeepTMHMM_class: GLOB
Structure source: EBI-selected-UniProt

Attempting prediction for AT4G32760
Prediction skipped for AT4G32760:
has_verified_seq       = True
DeepTMHMM_class         = GLOB
final_structure_path    = nan
final_structure_source  = None

Attempting prediction for AT4G32940
Done with ΔG prediction for: AT4G32940
Structure used: 0-download-inputs/data-files/AF-Q39119-F1-model_v6-cleaved.pdb
DeepTMHMM_class: SP
Structure source: EBI-selected-UniProt-cleaved

Attempting prediction for AT4G33000
Prediction skipped for AT4G33000:
has_verified_seq       = True
DeepTMHMM_class         = GLOB
final_structure_path    = nan
final_structure_source  = None

Attempting prediction for AT4G33030
Done with ΔG prediction for: AT4G33030
Structure used: 0-download-inputs/data-files/AF-O48917-F1-model_v6.pdb
DeepTMHMM_class: GLOB
Structure source: EBI-selected-UniProt

Attempting prediction for AT4G33060
Done with ΔG prediction for: AT4G33060
Structure used: 0-download-inputs/data-files/AF-Q6Q152-F1-model_v6.pdb
DeepTMHMM_class: GLOB
Structure source: EBI-selected-UniProt

Attempting prediction for AT4G33200
Done with ΔG prediction for: AT4G33200
Structure used: 0-download-inputs/data-files/AF-Q0WPU1-F1-model_v6.pdb
DeepTMHMM_class: GLOB
Structure source: EBI-selected-UniProt

Attempting prediction for AT4G33270
Done with ΔG prediction for: AT4G33270
Structure used: 0-download-inputs/data-files/AF-Q9SZA4-F1-model_v6.pdb
DeepTMHMM_class: GLOB
Structure source: EBI-selected-UniProt

Attempting prediction for AT4G33360
Prediction skipped for AT4G33360:
has_verified_seq       = True
DeepTMHMM_class         = GLOB
final_structure_path    = nan
final_structure_source  = None

Attempting prediction for AT4G33400
Done with ΔG prediction for: AT4G33400
Structure used: 0-download-inputs/data-files/AF-Q9SZB7-F1-model_v6.pdb
DeepTMHMM_class: GLOB
Structure source: EBI-selected-UniProt

Attempting prediction for AT4G33430
Prediction skipped for AT4G33430:
has_verified_seq       = True
DeepTMHMM_class         = SP+TM
final_structure_path    = 0-download-inputs/data-files/AF-Q94F62-F1-model_v6-cleaved.pdb
final_structure_source  = EBI-selected-UniProt-cleaved

Attempting prediction for AT4G33510
Done with ΔG prediction for: AT4G33510
Structure used: 0-download-inputs/data-files/AF-Q00218-F1-model_v6.pdb
DeepTMHMM_class: GLOB
Structure source: EBI-selected-UniProt

Attempting prediction for AT4G33520
Prediction skipped for AT4G33520:
has_verified_seq       = True
DeepTMHMM_class         = TM
final_structure_path    = 0-download-inputs/data-files/AF-Q9SZC9-F1-model_v6.pdb
final_structure_source  = EBI-selected-UniProt

Attempting prediction for AT4G33650
Prediction skipped for AT4G33650:
has_verified_seq       = True
DeepTMHMM_class         = GLOB
final_structure_path    = nan
final_structure_source  = None

Attempting prediction for AT4G33945
Prediction skipped for AT4G33945:
has_verified_seq       = True
DeepTMHMM_class         = GLOB
final_structure_path    = nan
final_structure_source  = None

Attempting prediction for AT4G33950
Done with ΔG prediction for: AT4G33950
Structure used: 0-download-inputs/data-files/AF-Q940H6-F1-model_v6.pdb
DeepTMHMM_class: GLOB
Structure source: EBI-selected-UniProt

Attempting prediction for AT4G34000
Prediction skipped for AT4G34000:
has_verified_seq       = True
DeepTMHMM_class         = GLOB
final_structure_path    = nan
final_structure_source  = None

Attempting prediction for AT4G34030
Done with ΔG prediction for: AT4G34030
Structure used: 0-download-inputs/data-files/AF-Q9LDD8-F1-model_v6.pdb
DeepTMHMM_class: GLOB
Structure source: EBI-selected-UniProt

Attempting prediction for AT4G34050
Prediction skipped for AT4G34050:
has_verified_seq       = True
DeepTMHMM_class         = GLOB
final_structure_path    = nan
final_structure_source  = None

Attempting prediction for AT4G34090
Done with ΔG prediction for: AT4G34090
Structure used: 0-download-inputs/data-files/AF-Q94JY0-F1-model_v6.pdb
DeepTMHMM_class: GLOB
Structure source: EBI-selected-UniProt

Attempting prediction for AT4G34110
Done with ΔG prediction for: AT4G34110
Structure used: 0-download-inputs/data-files/AF-P42731-F1-model_v6.pdb
DeepTMHMM_class: GLOB
Structure source: EBI-selected-UniProt

Attempting prediction for AT4G34140
Prediction skipped for AT4G34140:
has_verified_seq       = True
DeepTMHMM_class         = GLOB
final_structure_path    = nan
final_structure_source  = None

Attempting prediction for AT4G34160
Done with ΔG prediction for: AT4G34160
Structure used: 0-download-inputs/data-files/AF-P42753-F1-model_v6.pdb
DeepTMHMM_class: GLOB
Structure source: EBI-selected-UniProt

Attempting prediction for AT4G34200
Done with ΔG prediction for: AT4G34200
Structure used: 0-download-inputs/data-files/AF-O49485-F1-model_v6.pdb
DeepTMHMM_class: GLOB
Structure source: EBI-selected-UniProt

Attempting prediction for AT4G34210
Done with ΔG prediction for: AT4G34210
Structure used: 0-download-inputs/data-files/AF-O49484-F1-model_v6.pdb
DeepTMHMM_class: GLOB
Structure source: EBI-selected-UniProt

Attempting prediction for AT4G34230
Done with ΔG prediction for: AT4G34230
Structure used: 0-download-inputs/data-files/AF-O49482-F1-model_v6.pdb
DeepTMHMM_class: GLOB
Structure source: EBI-selected-UniProt

Attempting prediction for AT4G34390
Done with ΔG prediction for: AT4G34390
Structure used: 0-download-inputs/data-files/AF-C6KIE6-F1-model_v6.pdb
DeepTMHMM_class: GLOB
Structure source: EBI-selected-UniProt

Attempting prediction for AT4G34400
Done with ΔG prediction for: AT4G34400
Structure used: 0-download-inputs/data-files/AF-Q9SZ05-F1-model_v6.pdb
DeepTMHMM_class: GLOB
Structure source: EBI-selected-UniProt

Attempting prediction for AT4G34430
Done with ΔG prediction for: AT4G34430
Structure used: 0-download-inputs/data-files/AF-Q8VY05-F1-model_v6.pdb
DeepTMHMM_class: GLOB
Structure source: EBI-selected-UniProt

Attempting prediction for AT4G34450
Done with ΔG prediction for: AT4G34450
Structure used: 0-download-inputs/data-files/AF-Q0WW26-F1-model_v6.pdb
DeepTMHMM_class: GLOB
Structure source: EBI-selected-UniProt

Attempting prediction for AT4G34460
Done with ΔG prediction for: AT4G34460
Structure used: 0-download-inputs/data-files/AF-P49177-F1-model_v6.pdb
DeepTMHMM_class: GLOB
Structure source: EBI-selected-UniProt

Attempting prediction for AT4G34470
Done with ΔG prediction for: AT4G34470
Structure used: 0-download-inputs/data-files/AF-O65674-F1-model_v6.pdb
DeepTMHMM_class: GLOB
Structure source: EBI-selected-UniProt

Attempting prediction for AT4G34530
Done with ΔG prediction for: AT4G34530
Structure used: 0-download-inputs/data-files/AF-Q8GY61-F1-model_v6.pdb
DeepTMHMM_class: GLOB
Structure source: EBI-selected-UniProt

Attempting prediction for AT4G34620
Done with ΔG prediction for: AT4G34620
Structure used: 0-download-inputs/data-files/AF-O65686-F1-model_v6.pdb
DeepTMHMM_class: GLOB
Structure source: EBI-selected-UniProt

Attempting prediction for AT4G34660
Done with ΔG prediction for: AT4G34660
Structure used: 0-download-inputs/data-files/AF-Q8VWF1-F1-model_v6.pdb
DeepTMHMM_class: GLOB
Structure source: EBI-selected-UniProt

Attempting prediction for AT4G34670
Done with ΔG prediction for: AT4G34670
Structure used: 0-download-inputs/data-files/AF-Q42262-F1-model_v6.pdb
DeepTMHMM_class: GLOB
Structure source: EBI-selected-UniProt

Attempting prediction for AT4G34700
Done with ΔG prediction for: AT4G34700
Structure used: 0-download-inputs/data-files/AF-Q945M1-F1-model_v6.pdb
DeepTMHMM_class: GLOB
Structure source: EBI-selected-UniProt

Attempting prediction for AT4G34740
Done with ΔG prediction for: AT4G34740
Structure used: 0-download-inputs/data-files/AF-Q9STG9-F1-model_v6.pdb
DeepTMHMM_class: GLOB
Structure source: EBI-selected-UniProt

Attempting prediction for AT4G34840
Done with ΔG prediction for: AT4G34840
Structure used: 0-download-inputs/data-files/AF-Q7XA67-F1-model_v6.pdb
DeepTMHMM_class: GLOB
Structure source: EBI-selected-UniProt

Attempting prediction for AT4G34870
Done with ΔG prediction for: AT4G34870
Structure used: 0-download-inputs/data-files/AF-Q42406-F1-model_v6.pdb
DeepTMHMM_class: GLOB
Structure source: EBI-selected-UniProt

Attempting prediction for AT4G34890
Done with ΔG prediction for: AT4G34890
Structure used: 0-download-inputs/data-files/AF-Q8GUQ8-F1-model_v6.pdb
DeepTMHMM_class: GLOB
Structure source: EBI-selected-UniProt

Attempting prediction for AT4G35000
Done with ΔG prediction for: AT4G35000
Structure used: 0-download-inputs/data-files/AF-Q42564-F1-model_v6.pdb
DeepTMHMM_class: GLOB
Structure source: EBI-selected-UniProt

Attempting prediction for AT4G35020
Done with ΔG prediction for: AT4G35020
Structure used: 0-download-inputs/data-files/AF-Q38912-F1-model_v6.pdb
DeepTMHMM_class: GLOB
Structure source: EBI-selected-UniProt

Attempting prediction for AT4G35050
Done with ΔG prediction for: AT4G35050
Structure used: 0-download-inputs/data-files/AF-O22469-F1-model_v6.pdb
DeepTMHMM_class: GLOB
Structure source: EBI-selected-UniProt

Attempting prediction for AT4G35090
Done with ΔG prediction for: AT4G35090
Structure used: 0-download-inputs/data-files/AF-P25819-F1-model_v6.pdb
DeepTMHMM_class: GLOB
Structure source: EBI-selected-UniProt

Attempting prediction for AT4G35100
Prediction skipped for AT4G35100:
has_verified_seq       = True
DeepTMHMM_class         = TM
final_structure_path    = 0-download-inputs/data-files/AF-P93004-F1-model_v6.pdb
final_structure_source  = EBI-selected-UniProt

Attempting prediction for AT4G35230
Done with ΔG prediction for: AT4G35230
Structure used: 0-download-inputs/data-files/AF-Q944A7-F1-model_v6.pdb
DeepTMHMM_class: GLOB
Structure source: EBI-selected-UniProt

Attempting prediction for AT4G35250
Done with ΔG prediction for: AT4G35250
Structure used: 0-download-inputs/data-files/AF-O65502-F1-model_v6.pdb
DeepTMHMM_class: GLOB
Structure source: EBI-selected-UniProt

Attempting prediction for AT4G35260
Done with ΔG prediction for: AT4G35260
Structure used: 0-download-inputs/data-files/AF-Q8LFC0-F1-model_v6.pdb
DeepTMHMM_class: GLOB
Structure source: EBI-selected-UniProt

Attempting prediction for AT4G35310
Done with ΔG prediction for: AT4G35310
Structure used: 0-download-inputs/data-files/AF-Q38871-F1-model_v6.pdb
DeepTMHMM_class: GLOB
Structure source: EBI-selected-UniProt

Attempting prediction for AT4G35450
Done with ΔG prediction for: AT4G35450
Structure used: 0-download-inputs/data-files/AF-Q9SAR5-F1-model_v6.pdb
DeepTMHMM_class: GLOB
Structure source: EBI-selected-UniProt

Attempting prediction for AT4G35470
Done with ΔG prediction for: AT4G35470
Structure used: 0-download-inputs/data-files/AF-Q9SVW8-F1-model_v6.pdb
DeepTMHMM_class: GLOB
Structure source: EBI-selected-UniProt

Attempting prediction for AT4G35570
Done with ΔG prediction for: AT4G35570
Structure used: 0-download-inputs/data-files/AF-O49597-F1-model_v6.pdb
DeepTMHMM_class: GLOB
Structure source: EBI-selected-UniProt

Attempting prediction for AT4G35600
Prediction skipped for AT4G35600:
has_verified_seq       = True
DeepTMHMM_class         = GLOB
final_structure_path    = nan
final_structure_source  = None

Attempting prediction for AT4G35620
Done with ΔG prediction for: AT4G35620
Structure used: 0-download-inputs/data-files/AF-Q39070-F1-model_v6.pdb
DeepTMHMM_class: GLOB
Structure source: EBI-selected-UniProt

Attempting prediction for AT4G35640
Done with ΔG prediction for: AT4G35640
Structure used: 0-download-inputs/data-files/AF-Q8W2B8-F1-model_v6.pdb
DeepTMHMM_class: GLOB
Structure source: EBI-selected-UniProt

Attempting prediction for AT4G35650
Done with ΔG prediction for: AT4G35650
Structure used: 0-download-inputs/data-files/AF-O81796-F1-model_v6.pdb
DeepTMHMM_class: GLOB
Structure source: EBI-selected-UniProt

Attempting prediction for AT4G35730
Done with ΔG prediction for: AT4G35730
Structure used: 0-download-inputs/data-files/AF-F4JNS8-F1-model_v6.pdb
DeepTMHMM_class: GLOB
Structure source: EBI-selected-UniProt

Attempting prediction for AT4G35790
Prediction skipped for AT4G35790:
has_verified_seq       = True
DeepTMHMM_class         = GLOB
final_structure_path    = nan
final_structure_source  = None

Attempting prediction for AT4G35800
Done with ΔG prediction for: AT4G35800
Structure used: 0-download-inputs/data-files/AF-P18616-F1-model_v6.pdb
DeepTMHMM_class: GLOB
Structure source: EBI-selected-UniProt

Attempting prediction for AT4G35850
Done with ΔG prediction for: AT4G35850
Structure used: 0-download-inputs/data-files/AF-Q8VYR5-F1-model_v6.pdb
DeepTMHMM_class: GLOB
Structure source: EBI-selected-UniProt

Attempting prediction for AT4G35860
Done with ΔG prediction for: AT4G35860
Structure used: 0-download-inputs/data-files/AF-Q38922-F1-model_v6.pdb
DeepTMHMM_class: GLOB
Structure source: EBI-selected-UniProt

Attempting prediction for AT4G35900
Prediction skipped for AT4G35900:
has_verified_seq       = True
DeepTMHMM_class         = GLOB
final_structure_path    = nan
final_structure_source  = None

Attempting prediction for AT4G35910
Done with ΔG prediction for: AT4G35910
Structure used: 0-download-inputs/data-files/AF-O65628-F1-model_v6.pdb
DeepTMHMM_class: GLOB
Structure source: EBI-selected-UniProt

Attempting prediction for AT4G35950
Done with ΔG prediction for: AT4G35950
Structure used: 0-download-inputs/data-files/AF-Q9SBJ6-F1-model_v6.pdb
DeepTMHMM_class: GLOB
Structure source: EBI-selected-UniProt

Attempting prediction for AT4G36020
Done with ΔG prediction for: AT4G36020
Structure used: 0-download-inputs/data-files/AF-O65639-F1-model_v6.pdb
DeepTMHMM_class: GLOB
Structure source: EBI-selected-UniProt

Attempting prediction for AT4G36220
Done with ΔG prediction for: AT4G36220
Structure used: 0-download-inputs/data-files/AF-Q42600-F1-model_v6.pdb
DeepTMHMM_class: GLOB
Structure source: EBI-selected-UniProt

Attempting prediction for AT4G36250
Done with ΔG prediction for: AT4G36250
Structure used: 0-download-inputs/data-files/AF-Q70E96-F1-model_v6.pdb
DeepTMHMM_class: GLOB
Structure source: EBI-selected-UniProt

Attempting prediction for AT4G36290
Done with ΔG prediction for: AT4G36290
Structure used: 0-download-inputs/data-files/AF-Q84WV6-F1-model_v6.pdb
DeepTMHMM_class: GLOB
Structure source: EBI-selected-UniProt

Attempting prediction for AT4G36480
Prediction skipped for AT4G36480:
has_verified_seq       = True
DeepTMHMM_class         = TM
final_structure_path    = 0-download-inputs/data-files/AF-Q94IB8-F1-model_v6.pdb
final_structure_source  = EBI-selected-UniProt

Attempting prediction for AT4G36690
Done with ΔG prediction for: AT4G36690
Structure used: 0-download-inputs/data-files/AF-O23212-F1-model_v6.pdb
DeepTMHMM_class: GLOB
Structure source: EBI-selected-UniProt

Attempting prediction for AT4G36710
Done with ΔG prediction for: AT4G36710
Structure used: 0-download-inputs/data-files/AF-O23210-F1-model_v6.pdb
DeepTMHMM_class: GLOB
Structure source: EBI-selected-UniProt

Attempting prediction for AT4G36730
Done with ΔG prediction for: AT4G36730
Structure used: 0-download-inputs/data-files/AF-P42774-F1-model_v6.pdb
DeepTMHMM_class: GLOB
Structure source: EBI-selected-UniProt

Attempting prediction for AT4G36750
Done with ΔG prediction for: AT4G36750
Structure used: 0-download-inputs/data-files/AF-O23207-F1-model_v6.pdb
DeepTMHMM_class: GLOB
Structure source: EBI-selected-UniProt

Attempting prediction for AT4G36800
Done with ΔG prediction for: AT4G36800
Structure used: 0-download-inputs/data-files/AF-Q9SDY5-F1-model_v6.pdb
DeepTMHMM_class: GLOB
Structure source: EBI-selected-UniProt

Attempting prediction for AT4G36810
Done with ΔG prediction for: AT4G36810
Structure used: 0-download-inputs/data-files/AF-P34802-F1-model_v6.pdb
DeepTMHMM_class: GLOB
Structure source: EBI-selected-UniProt

Attempting prediction for AT4G36860
Done with ΔG prediction for: AT4G36860
Structure used: 0-download-inputs/data-files/AF-Q8W4F0-F1-model_v6.pdb
DeepTMHMM_class: GLOB
Structure source: EBI-selected-UniProt

Attempting prediction for AT4G37000
Done with ΔG prediction for: AT4G37000
Structure used: 0-download-inputs/data-files/AF-Q8LDU4-F1-model_v6.pdb
DeepTMHMM_class: GLOB
Structure source: EBI-selected-UniProt

Attempting prediction for AT4G37130
Done with ΔG prediction for: AT4G37130
Structure used: 0-download-inputs/data-files/AF-Q8RWH9-F1-model_v6.pdb
DeepTMHMM_class: GLOB
Structure source: EBI-selected-UniProt

Attempting prediction for AT4G37260
Done with ΔG prediction for: AT4G37260
Structure used: 0-download-inputs/data-files/AF-O23160-F1-model_v6.pdb
DeepTMHMM_class: GLOB
Structure source: EBI-selected-UniProt

Attempting prediction for AT4G37280
Done with ΔG prediction for: AT4G37280
Structure used: 0-download-inputs/data-files/AF-Q94C32-F1-model_v6.pdb
DeepTMHMM_class: GLOB
Structure source: EBI-selected-UniProt

Attempting prediction for AT4G37460
Done with ΔG prediction for: AT4G37460
Structure used: 0-download-inputs/data-files/AF-F4JS25-F1-model_v6.pdb
DeepTMHMM_class: GLOB
Structure source: EBI-selected-UniProt

Attempting prediction for AT4G37490
Done with ΔG prediction for: AT4G37490
Structure used: 0-download-inputs/data-files/AF-P30183-F1-model_v6.pdb
DeepTMHMM_class: GLOB
Structure source: EBI-selected-UniProt

Attempting prediction for AT4G37630
Done with ΔG prediction for: AT4G37630
Structure used: 0-download-inputs/data-files/AF-Q2V3B2-F1-model_v6.pdb
DeepTMHMM_class: GLOB
Structure source: EBI-selected-UniProt

Attempting prediction for AT4G37640
Prediction skipped for AT4G37640:
has_verified_seq       = True
DeepTMHMM_class         = TM
final_structure_path    = 0-download-inputs/data-files/AF-O81108-F1-model_v6.pdb
final_structure_source  = EBI-selected-UniProt

Attempting prediction for AT4G37690
Prediction skipped for AT4G37690:
has_verified_seq       = True
DeepTMHMM_class         = TM
final_structure_path    = 0-download-inputs/data-files/AF-Q9SZG1-F1-model_v6.pdb
final_structure_source  = EBI-selected-UniProt

Attempting prediction for AT4G37710
Done with ΔG prediction for: AT4G37710
Structure used: 0-download-inputs/data-files/AF-Q9SZG3-F1-model_v6.pdb
DeepTMHMM_class: GLOB
Structure source: EBI-selected-UniProt

Attempting prediction for AT4G37770
Done with ΔG prediction for: AT4G37770
Structure used: 0-download-inputs/data-files/AF-Q9T065-F1-model_v6.pdb
DeepTMHMM_class: GLOB
Structure source: EBI-selected-UniProt

Attempting prediction for AT4G37870
Done with ΔG prediction for: AT4G37870
Structure used: 0-download-inputs/data-files/AF-Q9T074-F1-model_v6.pdb
DeepTMHMM_class: GLOB
Structure source: EBI-selected-UniProt

Attempting prediction for AT4G37880
Done with ΔG prediction for: AT4G37880
Structure used: 0-download-inputs/data-files/AF-Q9T075-F1-model_v6.pdb
DeepTMHMM_class: GLOB
Structure source: EBI-selected-UniProt

Attempting prediction for AT4G37910
Done with ΔG prediction for: AT4G37910
Structure used: 0-download-inputs/data-files/AF-Q8GUM2-F1-model_v6.pdb
DeepTMHMM_class: GLOB
Structure source: EBI-selected-UniProt

Attempting prediction for AT4G37930
Done with ΔG prediction for: AT4G37930
Structure used: 0-download-inputs/data-files/AF-Q9SZJ5-F1-model_v6.pdb
DeepTMHMM_class: GLOB
Structure source: EBI-selected-UniProt

Attempting prediction for AT4G38130
Done with ΔG prediction for: AT4G38130
Structure used: 0-download-inputs/data-files/AF-O22446-F1-model_v6.pdb
DeepTMHMM_class: GLOB
Structure source: EBI-selected-UniProt

Attempting prediction for AT4G38230
Done with ΔG prediction for: AT4G38230
Structure used: 0-download-inputs/data-files/AF-Q9SZM3-F1-model_v6.pdb
DeepTMHMM_class: GLOB
Structure source: EBI-selected-UniProt

Attempting prediction for AT4G38240
Prediction skipped for AT4G38240:
has_verified_seq       = True
DeepTMHMM_class         = TM
final_structure_path    = 0-download-inputs/data-files/AF-Q9XGM8-F1-model_v6.pdb
final_structure_source  = EBI-selected-UniProt

Attempting prediction for AT4G38270
Done with ΔG prediction for: AT4G38270
Structure used: 0-download-inputs/data-files/AF-Q0WQD2-F1-model_v6-cleaved.pdb
DeepTMHMM_class: SP
Structure source: EBI-selected-UniProt-cleaved

Attempting prediction for AT4G38430
Done with ΔG prediction for: AT4G38430
Structure used: 0-download-inputs/data-files/AF-Q93ZY2-F1-model_v6.pdb
DeepTMHMM_class: GLOB
Structure source: EBI-selected-UniProt

Attempting prediction for AT4G38490
Prediction skipped for AT4G38490:
has_verified_seq       = True
DeepTMHMM_class         = TM
final_structure_path    = nan
final_structure_source  = None

Attempting prediction for AT4G38510
Done with ΔG prediction for: AT4G38510
Structure used: 0-download-inputs/data-files/AF-Q9SZN1-F1-model_v6.pdb
DeepTMHMM_class: GLOB
Structure source: EBI-selected-UniProt

Attempting prediction for AT4G38550
Prediction skipped for AT4G38550:
has_verified_seq       = True
DeepTMHMM_class         = GLOB
final_structure_path    = nan
final_structure_source  = None

Attempting prediction for AT4G38580
Done with ΔG prediction for: AT4G38580
Structure used: 0-download-inputs/data-files/AF-Q9SZN7-F1-model_v6.pdb
DeepTMHMM_class: GLOB
Structure source: EBI-selected-UniProt

Attempting prediction for AT4G38630
Done with ΔG prediction for: AT4G38630
Structure used: 0-download-inputs/data-files/AF-P55034-F1-model_v6.pdb
DeepTMHMM_class: GLOB
Structure source: EBI-selected-UniProt

Attempting prediction for AT4G38710
Done with ΔG prediction for: AT4G38710
Structure used: 0-download-inputs/data-files/AF-Q9SZP8-F1-model_v6.pdb
DeepTMHMM_class: GLOB
Structure source: EBI-selected-UniProt

Attempting prediction for AT4G38740
Done with ΔG prediction for: AT4G38740
Structure used: 0-download-inputs/data-files/AF-P34790-F1-model_v6.pdb
DeepTMHMM_class: GLOB
Structure source: EBI-selected-UniProt

Attempting prediction for AT4G38900
Done with ΔG prediction for: AT4G38900
Structure used: 0-download-inputs/data-files/AF-Q8H1F0-F1-model_v6.pdb
DeepTMHMM_class: GLOB
Structure source: EBI-selected-UniProt

Attempting prediction for AT4G38930
Prediction skipped for AT4G38930:
has_verified_seq       = True
DeepTMHMM_class         = GLOB
final_structure_path    = nan
final_structure_source  = None

Attempting prediction for AT4G38960
Prediction skipped for AT4G38960:
has_verified_seq       = True
DeepTMHMM_class         = GLOB
final_structure_path    = nan
final_structure_source  = None

Attempting prediction for AT4G38970
Done with ΔG prediction for: AT4G38970
Structure used: 0-download-inputs/data-files/AF-Q944G9-F1-model_v6.pdb
DeepTMHMM_class: GLOB
Structure source: EBI-selected-UniProt

Attempting prediction for AT4G39070
Done with ΔG prediction for: AT4G39070
Structure used: 0-download-inputs/data-files/AF-Q0IGM7-F1-model_v6.pdb
DeepTMHMM_class: GLOB
Structure source: EBI-selected-UniProt

Attempting prediction for AT4G39100
Prediction skipped for AT4G39100:
has_verified_seq       = True
DeepTMHMM_class         = GLOB
final_structure_path    = nan
final_structure_source  = None

Attempting prediction for AT4G39200
Done with ΔG prediction for: AT4G39200
Structure used: 0-download-inputs/data-files/AF-Q9T029-F1-model_v6.pdb
DeepTMHMM_class: GLOB
Structure source: EBI-selected-UniProt

Attempting prediction for AT4G39260
Done with ΔG prediction for: AT4G39260
Structure used: 0-download-inputs/data-files/AF-Q03251-F1-model_v6.pdb
DeepTMHMM_class: GLOB
Structure source: EBI-selected-UniProt

Attempting prediction for AT4G39400
Prediction skipped for AT4G39400:
has_verified_seq       = True
DeepTMHMM_class         = SP+TM
final_structure_path    = 0-download-inputs/data-files/AF-O22476-F1-model_v6-cleaved.pdb
final_structure_source  = EBI-selected-UniProt-cleaved

Attempting prediction for AT4G39680
Done with ΔG prediction for: AT4G39680
Structure used: 0-download-inputs/data-files/AF-O65655-F1-model_v6.pdb
DeepTMHMM_class: GLOB
Structure source: EBI-selected-UniProt

Attempting prediction for AT4G39690
Done with ΔG prediction for: AT4G39690
Structure used: 0-download-inputs/data-files/AF-Q9ASV5-F1-model_v6.pdb
DeepTMHMM_class: GLOB
Structure source: EBI-selected-UniProt

Attempting prediction for AT4G39710
Done with ΔG prediction for: AT4G39710
Structure used: 0-download-inputs/data-files/AF-Q9SCY3-F1-model_v6.pdb
DeepTMHMM_class: GLOB
Structure source: EBI-selected-UniProt

Attempting prediction for AT4G39730
Done with ΔG prediction for: AT4G39730
Structure used: 0-download-inputs/data-files/AF-O65660-F1-model_v6-cleaved.pdb
DeepTMHMM_class: SP
Structure source: EBI-selected-UniProt-cleaved

Attempting prediction for AT4G39800
Done with ΔG prediction for: AT4G39800
Structure used: 0-download-inputs/data-files/AF-P42801-F1-model_v6.pdb
DeepTMHMM_class: GLOB
Structure source: EBI-selected-UniProt

Attempting prediction for AT4G39850
Prediction skipped for AT4G39850:
has_verified_seq       = True
DeepTMHMM_class         = TM
final_structure_path    = 0-download-inputs/data-files/AF-Q94FB9-F1-model_v6.pdb
final_structure_source  = EBI-selected-UniProt

Attempting prediction for AT4G39960
Prediction skipped for AT4G39960:
has_verified_seq       = True
DeepTMHMM_class         = GLOB
final_structure_path    = nan
final_structure_source  = None

Attempting prediction for AT4G39980
Done with ΔG prediction for: AT4G39980
Structure used: 0-download-inputs/data-files/AF-P29976-F1-model_v6.pdb
DeepTMHMM_class: GLOB
Structure source: EBI-selected-UniProt

Attempting prediction for AT4G40030
Prediction skipped for AT4G40030:
has_verified_seq       = True
DeepTMHMM_class         = GLOB
final_structure_path    = nan
final_structure_source  = None

Attempting prediction for AT4G40040
Done with ΔG prediction for: AT4G40040
Structure used: 0-download-inputs/data-files/AF-P59169-F1-model_v6.pdb
DeepTMHMM_class: GLOB
Structure source: EBI-selected-UniProt

Attempting prediction for AT5G01210
Done with ΔG prediction for: AT5G01210
Structure used: 0-download-inputs/data-files/AF-Q9LFB5-F1-model_v6.pdb
DeepTMHMM_class: GLOB
Structure source: EBI-selected-UniProt

Attempting prediction for AT5G01410
Done with ΔG prediction for: AT5G01410
Structure used: 0-download-inputs/data-files/AF-Q8L940-F1-model_v6.pdb
DeepTMHMM_class: GLOB
Structure source: EBI-selected-UniProt

Attempting prediction for AT5G01530
Prediction skipped for AT5G01530:
has_verified_seq       = True
DeepTMHMM_class         = TM
final_structure_path    = 0-download-inputs/data-files/AF-Q07473-F1-model_v6.pdb
final_structure_source  = EBI-selected-UniProt

Attempting prediction for AT5G01540
Prediction skipped for AT5G01540:
has_verified_seq       = True
DeepTMHMM_class         = SP+TM
final_structure_path    = 0-download-inputs/data-files/AF-Q9M021-F1-model_v6-cleaved.pdb
final_structure_source  = EBI-selected-UniProt-cleaved

Attempting prediction for AT5G01630
Done with ΔG prediction for: AT5G01630
Structure used: 0-download-inputs/data-files/AF-Q7Y1C4-F1-model_v6.pdb
DeepTMHMM_class: GLOB
Structure source: EBI-selected-UniProt

Attempting prediction for AT5G01810
Done with ΔG prediction for: AT5G01810
Structure used: 0-download-inputs/data-files/AF-P92937-F1-model_v6.pdb
DeepTMHMM_class: GLOB
Structure source: EBI-selected-UniProt

Attempting prediction for AT5G01820
Done with ΔG prediction for: AT5G01820
Structure used: 0-download-inputs/data-files/AF-Q9LZW4-F1-model_v6.pdb
DeepTMHMM_class: GLOB
Structure source: EBI-selected-UniProt

Attempting prediction for AT5G01840
Done with ΔG prediction for: AT5G01840
Structure used: 0-download-inputs/data-files/AF-Q9LZW2-F1-model_v6.pdb
DeepTMHMM_class: GLOB
Structure source: EBI-selected-UniProt

Attempting prediction for AT5G02030
Done with ΔG prediction for: AT5G02030
Structure used: 0-download-inputs/data-files/AF-Q9LZM8-F1-model_v6.pdb
DeepTMHMM_class: GLOB
Structure source: EBI-selected-UniProt

Attempting prediction for AT5G02040
Prediction skipped for AT5G02040:
has_verified_seq       = True
DeepTMHMM_class         = TM
final_structure_path    = 0-download-inputs/data-files/AF-Q9LZM7-F1-model_v6.pdb
final_structure_source  = EBI-selected-UniProt

Attempting prediction for AT5G02050
Done with ΔG prediction for: AT5G02050
Structure used: 0-download-inputs/data-files/AF-Q9LZM6-F1-model_v6.pdb
DeepTMHMM_class: GLOB
Structure source: EBI-selected-UniProt

Attempting prediction for AT5G02150
Done with ΔG prediction for: AT5G02150
Structure used: 0-download-inputs/data-files/AF-Q9LZL7-F1-model_v6.pdb
DeepTMHMM_class: GLOB
Structure source: EBI-selected-UniProt

Attempting prediction for AT5G02200
Done with ΔG prediction for: AT5G02200
Structure used: 0-download-inputs/data-files/AF-A8MR65-F1-model_v6.pdb
DeepTMHMM_class: GLOB
Structure source: EBI-selected-UniProt

Attempting prediction for AT5G02450
Done with ΔG prediction for: AT5G02450
Structure used: 0-download-inputs/data-files/AF-Q9LZ57-F1-model_v6.pdb
DeepTMHMM_class: GLOB
Structure source: EBI-selected-UniProt

Attempting prediction for AT5G02470
Done with ΔG prediction for: AT5G02470
Structure used: 0-download-inputs/data-files/AF-Q9FNY3-F1-model_v6.pdb
DeepTMHMM_class: GLOB
Structure source: EBI-selected-UniProt

Attempting prediction for AT5G02490
Done with ΔG prediction for: AT5G02490
Structure used: 0-download-inputs/data-files/AF-P22954-F1-model_v6.pdb
DeepTMHMM_class: GLOB
Structure source: EBI-selected-UniProt

Attempting prediction for AT5G02500
Done with ΔG prediction for: AT5G02500
Structure used: 0-download-inputs/data-files/AF-P22953-F1-model_v6.pdb
DeepTMHMM_class: GLOB
Structure source: EBI-selected-UniProt

Attempting prediction for AT5G02530
Done with ΔG prediction for: AT5G02530
Structure used: 0-download-inputs/data-files/AF-Q8L719-F1-model_v6.pdb
DeepTMHMM_class: GLOB
Structure source: EBI-selected-UniProt

Attempting prediction for AT5G02760
Done with ΔG prediction for: AT5G02760
Structure used: 0-download-inputs/data-files/AF-Q501F9-F1-model_v6.pdb
DeepTMHMM_class: GLOB
Structure source: EBI-selected-UniProt

Attempting prediction for AT5G02810
Prediction skipped for AT5G02810:
has_verified_seq       = True
DeepTMHMM_class         = GLOB
final_structure_path    = nan
final_structure_source  = None

Attempting prediction for AT5G02870
Done with ΔG prediction for: AT5G02870
Structure used: 0-download-inputs/data-files/AF-P49691-F1-model_v6.pdb
DeepTMHMM_class: GLOB
Structure source: EBI-selected-UniProt

Attempting prediction for AT5G02960
Done with ΔG prediction for: AT5G02960
Structure used: 0-download-inputs/data-files/AF-P49201-F1-model_v6.pdb
DeepTMHMM_class: GLOB
Structure source: EBI-selected-UniProt

Attempting prediction for AT5G03040
Done with ΔG prediction for: AT5G03040
Structure used: 0-download-inputs/data-files/AF-Q93ZH7-F1-model_v6.pdb
DeepTMHMM_class: GLOB
Structure source: EBI-selected-UniProt

Attempting prediction for AT5G03240
Done with ΔG prediction for: AT5G03240
Structure used: 0-download-inputs/data-files/AF-Q1EC66-F1-model_v6.pdb
DeepTMHMM_class: GLOB
Structure source: EBI-selected-UniProt

Attempting prediction for AT5G03280
Prediction skipped for AT5G03280:
has_verified_seq       = True
DeepTMHMM_class         = TM
final_structure_path    = 0-download-inputs/data-files/AF-Q9S814-F1-model_v6.pdb
final_structure_source  = EBI-selected-UniProt

Attempting prediction for AT5G03290
Done with ΔG prediction for: AT5G03290
Structure used: 0-download-inputs/data-files/AF-Q945K7-F1-model_v6.pdb
DeepTMHMM_class: GLOB
Structure source: EBI-selected-UniProt

Attempting prediction for AT5G03415
Done with ΔG prediction for: AT5G03415
Structure used: 0-download-inputs/data-files/AF-Q9FNY2-F1-model_v6.pdb
DeepTMHMM_class: GLOB
Structure source: EBI-selected-UniProt

Attempting prediction for AT5G03470
Done with ΔG prediction for: AT5G03470
Structure used: 0-download-inputs/data-files/AF-O04375-F1-model_v6.pdb
DeepTMHMM_class: GLOB
Structure source: EBI-selected-UniProt

Attempting prediction for AT5G03540
Done with ΔG prediction for: AT5G03540
Structure used: 0-download-inputs/data-files/AF-Q9LZD3-F1-model_v6.pdb
DeepTMHMM_class: GLOB
Structure source: EBI-selected-UniProt

Attempting prediction for AT5G03730
Done with ΔG prediction for: AT5G03730
Structure used: 0-download-inputs/data-files/AF-Q05609-F1-model_v6.pdb
DeepTMHMM_class: GLOB
Structure source: EBI-selected-UniProt

Attempting prediction for AT5G03740
Done with ΔG prediction for: AT5G03740
Structure used: 0-download-inputs/data-files/AF-Q9LZR5-F1-model_v6.pdb
DeepTMHMM_class: GLOB
Structure source: EBI-selected-UniProt

Attempting prediction for AT5G03850
Done with ΔG prediction for: AT5G03850
Structure used: 0-download-inputs/data-files/AF-Q9SR73-F1-model_v6.pdb
DeepTMHMM_class: GLOB
Structure source: EBI-selected-UniProt

Attempting prediction for AT5G03940
Done with ΔG prediction for: AT5G03940
Structure used: 0-download-inputs/data-files/AF-P37107-F1-model_v6.pdb
DeepTMHMM_class: GLOB
Structure source: EBI-selected-UniProt

Attempting prediction for AT5G04140
Done with ΔG prediction for: AT5G04140
Structure used: 0-download-inputs/data-files/AF-Q9ZNZ7-F1-model_v6.pdb
DeepTMHMM_class: GLOB
Structure source: EBI-selected-UniProt

Attempting prediction for AT5G04230
Done with ΔG prediction for: AT5G04230
Structure used: 0-download-inputs/data-files/AF-P45725-F1-model_v6.pdb
DeepTMHMM_class: GLOB
Structure source: EBI-selected-UniProt

Attempting prediction for AT5G04280
Done with ΔG prediction for: AT5G04280
Structure used: 0-download-inputs/data-files/AF-Q8RWN5-F1-model_v6.pdb
DeepTMHMM_class: GLOB
Structure source: EBI-selected-UniProt

Attempting prediction for AT5G04290
Prediction skipped for AT5G04290:
has_verified_seq       = True
DeepTMHMM_class         = GLOB
final_structure_path    = nan
final_structure_source  = None

Attempting prediction for AT5G04340
Done with ΔG prediction for: AT5G04340
Structure used: 0-download-inputs/data-files/AF-O22533-F1-model_v6.pdb
DeepTMHMM_class: GLOB
Structure source: EBI-selected-UniProt

Attempting prediction for AT5G04470
Done with ΔG prediction for: AT5G04470
Structure used: 0-download-inputs/data-files/AF-Q9LZ78-F1-model_v6.pdb
DeepTMHMM_class: GLOB
Structure source: EBI-selected-UniProt

Attempting prediction for AT5G04550
Done with ΔG prediction for: AT5G04550
Structure used: 0-download-inputs/data-files/AF-Q9LZ71-F1-model_v6.pdb
DeepTMHMM_class: GLOB
Structure source: EBI-selected-UniProt

Attempting prediction for AT5G04560
Prediction skipped for AT5G04560:
has_verified_seq       = True
DeepTMHMM_class         = GLOB
final_structure_path    = nan
final_structure_source  = None

Attempting prediction for AT5G04640
Done with ΔG prediction for: AT5G04640
Structure used: 0-download-inputs/data-files/AF-Q9LZ61-F1-model_v6.pdb
DeepTMHMM_class: GLOB
Structure source: EBI-selected-UniProt

Attempting prediction for AT5G04870
Done with ΔG prediction for: AT5G04870
Structure used: 0-download-inputs/data-files/AF-Q06850-F1-model_v6.pdb
DeepTMHMM_class: GLOB
Structure source: EBI-selected-UniProt

Attempting prediction for AT5G04900
Prediction skipped for AT5G04900:
has_verified_seq       = True
DeepTMHMM_class         = GLOB
final_structure_path    = nan
final_structure_source  = None

Attempting prediction for AT5G04990
Prediction skipped for AT5G04990:
has_verified_seq       = True
DeepTMHMM_class         = TM
final_structure_path    = 0-download-inputs/data-files/AF-Q9FF75-F1-model_v6.pdb
final_structure_source  = EBI-selected-UniProt

Attempting prediction for AT5G05000
Done with ΔG prediction for: AT5G05000
Structure used: 0-download-inputs/data-files/AF-Q38906-F1-model_v6.pdb
DeepTMHMM_class: GLOB
Structure source: EBI-selected-UniProt

Attempting prediction for AT5G05010
Done with ΔG prediction for: AT5G05010
Structure used: 0-download-inputs/data-files/AF-Q93Y22-F1-model_v6.pdb
DeepTMHMM_class: GLOB
Structure source: EBI-selected-UniProt

Attempting prediction for AT5G05130
Done with ΔG prediction for: AT5G05130
Structure used: 0-download-inputs/data-files/AF-Q9FF61-F1-model_v6.pdb
DeepTMHMM_class: GLOB
Structure source: EBI-selected-UniProt

Attempting prediction for AT5G05170
Prediction skipped for AT5G05170:
has_verified_seq       = True
DeepTMHMM_class         = TM
final_structure_path    = 0-download-inputs/data-files/AF-Q941L0-F1-model_v6.pdb
final_structure_source  = EBI-selected-UniProt

Attempting prediction for AT5G05190
Done with ΔG prediction for: AT5G05190
Structure used: 0-download-inputs/data-files/AF-Q9FHK4-F1-model_v6.pdb
DeepTMHMM_class: GLOB
Structure source: EBI-selected-UniProt

Attempting prediction for AT5G05270
Done with ΔG prediction for: AT5G05270
Structure used: 0-download-inputs/data-files/AF-Q8VZW3-F1-model_v6.pdb
DeepTMHMM_class: GLOB
Structure source: EBI-selected-UniProt

Attempting prediction for AT5G05410
Done with ΔG prediction for: AT5G05410
Structure used: 0-download-inputs/data-files/AF-O82132-F1-model_v6.pdb
DeepTMHMM_class: GLOB
Structure source: EBI-selected-UniProt

Attempting prediction for AT5G05440
Done with ΔG prediction for: AT5G05440
Structure used: 0-download-inputs/data-files/AF-Q9FLB1-F1-model_v6.pdb
DeepTMHMM_class: GLOB
Structure source: EBI-selected-UniProt

Attempting prediction for AT5G05620
Done with ΔG prediction for: AT5G05620
Structure used: 0-download-inputs/data-files/AF-P38558-F1-model_v6.pdb
DeepTMHMM_class: GLOB
Structure source: EBI-selected-UniProt

Attempting prediction for AT5G05680
Done with ΔG prediction for: AT5G05680
Structure used: 0-download-inputs/data-files/AF-Q9FFK6-F1-model_v6.pdb
DeepTMHMM_class: GLOB
Structure source: EBI-selected-UniProt

Attempting prediction for AT5G05700
Done with ΔG prediction for: AT5G05700
Structure used: 0-download-inputs/data-files/AF-Q9ZT48-F1-model_v6.pdb
DeepTMHMM_class: GLOB
Structure source: EBI-selected-UniProt

Attempting prediction for AT5G05760
Prediction skipped for AT5G05760:
has_verified_seq       = True
DeepTMHMM_class         = TM
final_structure_path    = 0-download-inputs/data-files/AF-Q9FFK1-F1-model_v6.pdb
final_structure_source  = EBI-selected-UniProt

Attempting prediction for AT5G05800
Done with ΔG prediction for: AT5G05800
Structure used: 0-download-inputs/data-files/AF-Q9FFJ8-F1-model_v6.pdb
DeepTMHMM_class: GLOB
Structure source: EBI-selected-UniProt

Attempting prediction for AT5G05970
Done with ΔG prediction for: AT5G05970
Structure used: 0-download-inputs/data-files/AF-B3H5K9-F1-model_v6.pdb
DeepTMHMM_class: GLOB
Structure source: EBI-selected-UniProt

Attempting prediction for AT5G06110
Done with ΔG prediction for: AT5G06110
Structure used: 0-download-inputs/data-files/AF-Q9LHS5-F1-model_v6.pdb
DeepTMHMM_class: GLOB
Structure source: EBI-selected-UniProt

Attempting prediction for AT5G06150
Done with ΔG prediction for: AT5G06150
Structure used: 0-download-inputs/data-files/AF-Q39067-F1-model_v6.pdb
DeepTMHMM_class: GLOB
Structure source: EBI-selected-UniProt

Attempting prediction for AT5G06160
Done with ΔG prediction for: AT5G06160
Structure used: 0-download-inputs/data-files/AF-Q9FG01-F1-model_v6.pdb
DeepTMHMM_class: GLOB
Structure source: EBI-selected-UniProt

Attempting prediction for AT5G06290
Done with ΔG prediction for: AT5G06290
Structure used: 0-download-inputs/data-files/AF-Q9C5R8-F1-model_v6.pdb
DeepTMHMM_class: GLOB
Structure source: EBI-selected-UniProt

Attempting prediction for AT5G06320
Prediction skipped for AT5G06320:
has_verified_seq       = True
DeepTMHMM_class         = TM
final_structure_path    = 0-download-inputs/data-files/AF-Q9FNH6-F1-model_v6.pdb
final_structure_source  = EBI-selected-UniProt

Attempting prediction for AT5G06360
Done with ΔG prediction for: AT5G06360
Structure used: 0-download-inputs/data-files/AF-Q9FNH2-F1-model_v6.pdb
DeepTMHMM_class: GLOB
Structure source: EBI-selected-UniProt

Attempting prediction for AT5G06410
Done with ΔG prediction for: AT5G06410
Structure used: 0-download-inputs/data-files/AF-Q8L7K4-F1-model_v6.pdb
DeepTMHMM_class: GLOB
Structure source: EBI-selected-UniProt

Attempting prediction for AT5G06680
Done with ΔG prediction for: AT5G06680
Structure used: 0-download-inputs/data-files/AF-Q9FG37-F1-model_v6.pdb
DeepTMHMM_class: GLOB
Structure source: EBI-selected-UniProt

Attempting prediction for AT5G06740
Prediction skipped for AT5G06740:
has_verified_seq       = True
DeepTMHMM_class         = SP+TM
final_structure_path    = nan
final_structure_source  = None

Attempting prediction for AT5G06850
Prediction skipped for AT5G06850:
has_verified_seq       = True
DeepTMHMM_class         = TM
final_structure_path    = 0-download-inputs/data-files/AF-Q9FL59-F1-model_v6.pdb
final_structure_source  = EBI-selected-UniProt

Attempting prediction for AT5G06950
Done with ΔG prediction for: AT5G06950
Structure used: 0-download-inputs/data-files/AF-P43273-F1-model_v6.pdb
DeepTMHMM_class: GLOB
Structure source: EBI-selected-UniProt

Attempting prediction for AT5G06960
Prediction skipped for AT5G06960:
has_verified_seq       = True
DeepTMHMM_class         = GLOB
final_structure_path    = nan
final_structure_source  = None

Attempting prediction for AT5G07240
Prediction skipped for AT5G07240:
has_verified_seq       = True
DeepTMHMM_class         = GLOB
final_structure_path    = nan
final_structure_source  = None

Attempting prediction for AT5G07280
Prediction skipped for AT5G07280:
has_verified_seq       = True
DeepTMHMM_class         = SP+TM
final_structure_path    = 0-download-inputs/data-files/AF-Q9LYN8-F1-model_v6-cleaved.pdb
final_structure_source  = EBI-selected-UniProt-cleaved

Attempting prediction for AT5G07300
Done with ΔG prediction for: AT5G07300
Structure used: 0-download-inputs/data-files/AF-Q5S1W2-F1-model_v6.pdb
DeepTMHMM_class: GLOB
Structure source: EBI-selected-UniProt

Attempting prediction for AT5G07310
Done with ΔG prediction for: AT5G07310
Structure used: 0-download-inputs/data-files/AF-Q9LY29-F1-model_v6.pdb
DeepTMHMM_class: GLOB
Structure source: EBI-selected-UniProt

Attempting prediction for AT5G07340
Prediction skipped for AT5G07340:
has_verified_seq       = True
DeepTMHMM_class         = SP+TM
final_structure_path    = 0-download-inputs/data-files/AF-Q38798-F1-model_v6-cleaved.pdb
final_structure_source  = EBI-selected-UniProt-cleaved

Attempting prediction for AT5G07400
Prediction skipped for AT5G07400:
has_verified_seq       = True
DeepTMHMM_class         = GLOB
final_structure_path    = nan
final_structure_source  = None

Attempting prediction for AT5G07530
Prediction skipped for AT5G07530:
has_verified_seq       = True
DeepTMHMM_class         = GLOB
final_structure_path    = nan
final_structure_source  = None

Attempting prediction for AT5G07570
Prediction skipped for AT5G07570:
has_verified_seq       = True
DeepTMHMM_class         = GLOB
final_structure_path    = nan
final_structure_source  = None

Attempting prediction for AT5G08080
Prediction skipped for AT5G08080:
has_verified_seq       = True
DeepTMHMM_class         = TM
final_structure_path    = 0-download-inputs/data-files/AF-Q8VZU2-F1-model_v6.pdb
final_structure_source  = EBI-selected-UniProt

Attempting prediction for AT5G08130
Prediction skipped for AT5G08130:
has_verified_seq       = True
DeepTMHMM_class         = GLOB
final_structure_path    = nan
final_structure_source  = None

Attempting prediction for AT5G08160
Prediction skipped for AT5G08160:
has_verified_seq       = True
DeepTMHMM_class         = GLOB
final_structure_path    = nan
final_structure_source  = None

Attempting prediction for AT5G08190
Prediction skipped for AT5G08190:
has_verified_seq       = True
DeepTMHMM_class         = GLOB
final_structure_path    = nan
final_structure_source  = None

Attempting prediction for AT5G08330
Done with ΔG prediction for: AT5G08330
Structure used: 0-download-inputs/data-files/AF-Q9FTA2-F1-model_v6.pdb
DeepTMHMM_class: GLOB
Structure source: EBI-selected-UniProt

Attempting prediction for AT5G08450
Prediction skipped for AT5G08450:
has_verified_seq       = True
DeepTMHMM_class         = GLOB
final_structure_path    = nan
final_structure_source  = None

Attempting prediction for AT5G08560
Done with ΔG prediction for: AT5G08560
Structure used: 0-download-inputs/data-files/AF-Q9FNN2-F1-model_v6.pdb
DeepTMHMM_class: GLOB
Structure source: EBI-selected-UniProt

Attempting prediction for AT5G08630
Done with ΔG prediction for: AT5G08630
Structure used: 0-download-inputs/data-files/AF-F4KB54-F1-model_v6.pdb
DeepTMHMM_class: GLOB
Structure source: EBI-selected-UniProt

Attempting prediction for AT5G08790
Done with ΔG prediction for: AT5G08790
Structure used: 0-download-inputs/data-files/AF-Q9C598-F1-model_v6.pdb
DeepTMHMM_class: GLOB
Structure source: EBI-selected-UniProt

Attempting prediction for AT5G09240
Prediction skipped for AT5G09240:
has_verified_seq       = True
DeepTMHMM_class         = GLOB
final_structure_path    = nan
final_structure_source  = None

Attempting prediction for AT5G09250
Prediction skipped for AT5G09250:
has_verified_seq       = True
DeepTMHMM_class         = GLOB
final_structure_path    = nan
final_structure_source  = None

Attempting prediction for AT5G09400
Prediction skipped for AT5G09400:
has_verified_seq       = True
DeepTMHMM_class         = TM
final_structure_path    = 0-download-inputs/data-files/AF-Q9FY75-F1-model_v6.pdb
final_structure_source  = EBI-selected-UniProt

Attempting prediction for AT5G09420
Done with ΔG prediction for: AT5G09420
Structure used: 0-download-inputs/data-files/AF-F4KCL7-F1-model_v6.pdb
DeepTMHMM_class: GLOB
Structure source: EBI-selected-UniProt

Attempting prediction for AT5G09620
Done with ΔG prediction for: AT5G09620
Structure used: 0-download-inputs/data-files/AF-Q9LXC6-F1-model_v6.pdb
DeepTMHMM_class: GLOB
Structure source: EBI-selected-UniProt

Attempting prediction for AT5G09650
Done with ΔG prediction for: AT5G09650
Structure used: 0-download-inputs/data-files/AF-Q9LXC9-F1-model_v6.pdb
DeepTMHMM_class: GLOB
Structure source: EBI-selected-UniProt

Attempting prediction for AT5G09680
Prediction skipped for AT5G09680:
has_verified_seq       = True
DeepTMHMM_class         = GLOB
final_structure_path    = nan
final_structure_source  = None

Attempting prediction for AT5G09740
Done with ΔG prediction for: AT5G09740
Structure used: 0-download-inputs/data-files/AF-Q9LXD7-F1-model_v6.pdb
DeepTMHMM_class: GLOB
Structure source: EBI-selected-UniProt

Attempting prediction for AT5G09770
Prediction skipped for AT5G09770:
has_verified_seq       = True
DeepTMHMM_class         = GLOB
final_structure_path    = nan
final_structure_source  = None

Attempting prediction for AT5G09810
Done with ΔG prediction for: AT5G09810
Structure used: 0-download-inputs/data-files/AF-P53492-F1-model_v6.pdb
DeepTMHMM_class: GLOB
Structure source: EBI-selected-UniProt

Attempting prediction for AT5G09820
Done with ΔG prediction for: AT5G09820
Structure used: 0-download-inputs/data-files/AF-Q5M755-F1-model_v6.pdb
DeepTMHMM_class: GLOB
Structure source: EBI-selected-UniProt

Attempting prediction for AT5G09830
Done with ΔG prediction for: AT5G09830
Structure used: 0-download-inputs/data-files/AF-Q9FIC3-F1-model_v6.pdb
DeepTMHMM_class: GLOB
Structure source: EBI-selected-UniProt

Attempting prediction for AT5G09860
Done with ΔG prediction for: AT5G09860
Structure used: 0-download-inputs/data-files/AF-Q93VM9-F1-model_v6.pdb
DeepTMHMM_class: GLOB
Structure source: EBI-selected-UniProt

Attempting prediction for AT5G09920
Done with ΔG prediction for: AT5G09920
Structure used: 0-download-inputs/data-files/AF-O48890-F1-model_v6.pdb
DeepTMHMM_class: GLOB
Structure source: EBI-selected-UniProt

Attempting prediction for AT5G10060
Prediction skipped for AT5G10060:
has_verified_seq       = True
DeepTMHMM_class         = GLOB
final_structure_path    = nan
final_structure_source  = None

Attempting prediction for AT5G10140
Done with ΔG prediction for: AT5G10140
Structure used: 0-download-inputs/data-files/AF-Q9S7Q7-F1-model_v6.pdb
DeepTMHMM_class: GLOB
Structure source: EBI-selected-UniProt

Attempting prediction for AT5G10160
Done with ΔG prediction for: AT5G10160
Structure used: 0-download-inputs/data-files/AF-Q9LX13-F1-model_v6.pdb
DeepTMHMM_class: GLOB
Structure source: EBI-selected-UniProt

Attempting prediction for AT5G10180
Prediction skipped for AT5G10180:
has_verified_seq       = True
DeepTMHMM_class         = TM
final_structure_path    = nan
final_structure_source  = None

Attempting prediction for AT5G10200
Prediction skipped for AT5G10200:
has_verified_seq       = True
DeepTMHMM_class         = GLOB
final_structure_path    = nan
final_structure_source  = None

Attempting prediction for AT5G10270
Done with ΔG prediction for: AT5G10270
Structure used: 0-download-inputs/data-files/AF-Q9LFT8-F1-model_v6.pdb
DeepTMHMM_class: GLOB
Structure source: EBI-selected-UniProt

Attempting prediction for AT5G10290
Prediction skipped for AT5G10290:
has_verified_seq       = True
DeepTMHMM_class         = SP+TM
final_structure_path    = 0-download-inputs/data-files/AF-C0LGT1-F1-model_v6-cleaved.pdb
final_structure_source  = EBI-selected-UniProt-cleaved

Attempting prediction for AT5G10360
Done with ΔG prediction for: AT5G10360
Structure used: 0-download-inputs/data-files/AF-P51430-F1-model_v6.pdb
DeepTMHMM_class: GLOB
Structure source: EBI-selected-UniProt

Attempting prediction for AT5G10400
Done with ΔG prediction for: AT5G10400
Structure used: 0-download-inputs/data-files/AF-P59226-F1-model_v6.pdb
DeepTMHMM_class: GLOB
Structure source: EBI-selected-UniProt

Attempting prediction for AT5G10440
Done with ΔG prediction for: AT5G10440
Structure used: 0-download-inputs/data-files/AF-Q0WQN9-F1-model_v6.pdb
DeepTMHMM_class: GLOB
Structure source: EBI-selected-UniProt

Attempting prediction for AT5G10450
Done with ΔG prediction for: AT5G10450
Structure used: 0-download-inputs/data-files/AF-P48349-F1-model_v6.pdb
DeepTMHMM_class: GLOB
Structure source: EBI-selected-UniProt

Attempting prediction for AT5G10470
Done with ΔG prediction for: AT5G10470
Structure used: 0-download-inputs/data-files/AF-Q9LX99-F1-model_v6.pdb
DeepTMHMM_class: GLOB
Structure source: EBI-selected-UniProt

Attempting prediction for AT5G10480
Prediction skipped for AT5G10480:
has_verified_seq       = True
DeepTMHMM_class         = TM
final_structure_path    = 0-download-inputs/data-files/AF-Q8VZB2-F1-model_v6.pdb
final_structure_source  = EBI-selected-UniProt

Attempting prediction for AT5G10550
Done with ΔG prediction for: AT5G10550
Structure used: 0-download-inputs/data-files/AF-Q9LXA7-F1-model_v6.pdb
DeepTMHMM_class: GLOB
Structure source: EBI-selected-UniProt

Attempting prediction for AT5G10720
Done with ΔG prediction for: AT5G10720
Structure used: 0-download-inputs/data-files/AF-Q3S4A7-F1-model_v6.pdb
DeepTMHMM_class: GLOB
Structure source: EBI-selected-UniProt

Attempting prediction for AT5G10840
Prediction skipped for AT5G10840:
has_verified_seq       = True
DeepTMHMM_class         = SP+TM
final_structure_path    = 0-download-inputs/data-files/AF-F4KIB2-F1-model_v6-cleaved.pdb
final_structure_source  = EBI-selected-UniProt-cleaved

Attempting prediction for AT5G10860
Done with ΔG prediction for: AT5G10860
Structure used: 0-download-inputs/data-files/AF-Q9LEV3-F1-model_v6.pdb
DeepTMHMM_class: GLOB
Structure source: EBI-selected-UniProt

Attempting prediction for AT5G10930
Done with ΔG prediction for: AT5G10930
Structure used: 0-download-inputs/data-files/AF-Q9LEU7-F1-model_v6.pdb
DeepTMHMM_class: GLOB
Structure source: EBI-selected-UniProt

Attempting prediction for AT5G10980
Done with ΔG prediction for: AT5G10980
Structure used: 0-download-inputs/data-files/AF-P59169-F1-model_v6.pdb
DeepTMHMM_class: GLOB
Structure source: EBI-selected-UniProt

Attempting prediction for AT5G11010
Done with ΔG prediction for: AT5G11010
Structure used: 0-download-inputs/data-files/AF-Q8VYP6-F1-model_v6.pdb
DeepTMHMM_class: GLOB
Structure source: EBI-selected-UniProt

Attempting prediction for AT5G11030
Prediction skipped for AT5G11030:
has_verified_seq       = True
DeepTMHMM_class         = GLOB
final_structure_path    = nan
final_structure_source  = None

Attempting prediction for AT5G11040
Done with ΔG prediction for: AT5G11040
Structure used: 0-download-inputs/data-files/AF-Q9FY61-F1-model_v6.pdb
DeepTMHMM_class: GLOB
Structure source: EBI-selected-UniProt

Attempting prediction for AT5G11060
Done with ΔG prediction for: AT5G11060
Structure used: 0-download-inputs/data-files/AF-P48001-F1-model_v6.pdb
DeepTMHMM_class: GLOB
Structure source: EBI-selected-UniProt

Attempting prediction for AT5G11170
Done with ΔG prediction for: AT5G11170
Structure used: 0-download-inputs/data-files/AF-Q56XG6-F1-model_v6.pdb
DeepTMHMM_class: GLOB
Structure source: EBI-selected-UniProt

Attempting prediction for AT5G11200
Prediction skipped for AT5G11200:
has_verified_seq       = True
DeepTMHMM_class         = GLOB
final_structure_path    = nan
final_structure_source  = None

Attempting prediction for AT5G11260
Done with ΔG prediction for: AT5G11260
Structure used: 0-download-inputs/data-files/AF-O24646-F1-model_v6.pdb
DeepTMHMM_class: GLOB
Structure source: EBI-selected-UniProt

Attempting prediction for AT5G11300
Done with ΔG prediction for: AT5G11300
Structure used: 0-download-inputs/data-files/AF-Q147G5-F1-model_v6.pdb
DeepTMHMM_class: GLOB
Structure source: EBI-selected-UniProt

Attempting prediction for AT5G11390
Prediction skipped for AT5G11390:
has_verified_seq       = True
DeepTMHMM_class         = TM
final_structure_path    = 0-download-inputs/data-files/AF-Q8L7E5-F1-model_v6.pdb
final_structure_source  = EBI-selected-UniProt

Attempting prediction for AT5G11490
Done with ΔG prediction for: AT5G11490
Structure used: 0-download-inputs/data-files/AF-Q9LDK9-F1-model_v6.pdb
DeepTMHMM_class: GLOB
Structure source: EBI-selected-UniProt

Attempting prediction for AT5G11500
Done with ΔG prediction for: AT5G11500
Structure used: 0-download-inputs/data-files/AF-Q9LYE1-F1-model_v6.pdb
DeepTMHMM_class: GLOB
Structure source: EBI-selected-UniProt

Attempting prediction for AT5G11510
Done with ΔG prediction for: AT5G11510
Structure used: 0-download-inputs/data-files/AF-Q94FL9-F1-model_v6.pdb
DeepTMHMM_class: GLOB
Structure source: EBI-selected-UniProt

Attempting prediction for AT5G11520
Done with ΔG prediction for: AT5G11520
Structure used: 0-download-inputs/data-files/AF-P46644-F1-model_v6.pdb
DeepTMHMM_class: GLOB
Structure source: EBI-selected-UniProt

Attempting prediction for AT5G11670
Done with ΔG prediction for: AT5G11670
Structure used: 0-download-inputs/data-files/AF-Q9LYG3-F1-model_v6.pdb
DeepTMHMM_class: GLOB
Structure source: EBI-selected-UniProt

Attempting prediction for AT5G11710
Done with ΔG prediction for: AT5G11710
Structure used: 0-download-inputs/data-files/AF-Q8VY07-F1-model_v6.pdb
DeepTMHMM_class: GLOB
Structure source: EBI-selected-UniProt

Attempting prediction for AT5G11870
Prediction skipped for AT5G11870:
has_verified_seq       = True
DeepTMHMM_class         = TM
final_structure_path    = 0-download-inputs/data-files/AF-F4JZD5-F1-model_v6.pdb
final_structure_source  = EBI-selected-UniProt

Attempting prediction for AT5G11980
Done with ΔG prediction for: AT5G11980
Structure used: 0-download-inputs/data-files/AF-Q84K25-F1-model_v6.pdb
DeepTMHMM_class: GLOB
Structure source: EBI-selected-UniProt

Attempting prediction for AT5G12140
Done with ΔG prediction for: AT5G12140
Structure used: 0-download-inputs/data-files/AF-Q945Q1-F1-model_v6.pdb
DeepTMHMM_class: GLOB
Structure source: EBI-selected-UniProt

Attempting prediction for AT5G12370
Done with ΔG prediction for: AT5G12370
Structure used: 0-download-inputs/data-files/AF-X5JA13-F1-model_v6.pdb
DeepTMHMM_class: GLOB
Structure source: EBI-selected-UniProt

Attempting prediction for AT5G12390
Done with ΔG prediction for: AT5G12390
Structure used: 0-download-inputs/data-files/AF-Q94CK3-F1-model_v6.pdb
DeepTMHMM_class: GLOB
Structure source: EBI-selected-UniProt

Attempting prediction for AT5G12860
Prediction skipped for AT5G12860:
has_verified_seq       = True
DeepTMHMM_class         = TM
final_structure_path    = 0-download-inputs/data-files/AF-Q9LXV3-F1-model_v6.pdb
final_structure_source  = EBI-selected-UniProt

Attempting prediction for AT5G12900
Done with ΔG prediction for: AT5G12900
Structure used: 0-download-inputs/data-files/AF-Q9LXU9-F1-model_v6.pdb
DeepTMHMM_class: GLOB
Structure source: EBI-selected-UniProt

Attempting prediction for AT5G12920
Prediction skipped for AT5G12920:
has_verified_seq       = True
DeepTMHMM_class         = GLOB
final_structure_path    = nan
final_structure_source  = None

Attempting prediction for AT5G12980
Done with ΔG prediction for: AT5G12980
Structure used: 0-download-inputs/data-files/AF-Q9LXU1-F1-model_v6.pdb
DeepTMHMM_class: GLOB
Structure source: EBI-selected-UniProt

Attempting prediction for AT5G13060
Done with ΔG prediction for: AT5G13060
Structure used: 0-download-inputs/data-files/AF-B7U179-F1-model_v6.pdb
DeepTMHMM_class: GLOB
Structure source: EBI-selected-UniProt

Attempting prediction for AT5G13120
Done with ΔG prediction for: AT5G13120
Structure used: 0-download-inputs/data-files/AF-Q9ASS6-F1-model_v6.pdb
DeepTMHMM_class: GLOB
Structure source: EBI-selected-UniProt

Attempting prediction for AT5G13160
Done with ΔG prediction for: AT5G13160
Structure used: 0-download-inputs/data-files/AF-Q9FE20-F1-model_v6.pdb
DeepTMHMM_class: GLOB
Structure source: EBI-selected-UniProt

Attempting prediction for AT5G13220
Prediction skipped for AT5G13220:
has_verified_seq       = True
DeepTMHMM_class         = GLOB
final_structure_path    = nan
final_structure_source  = None

Attempting prediction for AT5G13270
Done with ΔG prediction for: AT5G13270
Structure used: 0-download-inputs/data-files/AF-Q9LYU9-F1-model_v6.pdb
DeepTMHMM_class: GLOB
Structure source: EBI-selected-UniProt

Attempting prediction for AT5G13290
Prediction skipped for AT5G13290:
has_verified_seq       = True
DeepTMHMM_class         = SP+TM
final_structure_path    = 0-download-inputs/data-files/AF-Q9LYU7-F1-model_v6.pdb
final_structure_source  = EBI-selected-UniProt

Attempting prediction for AT5G13300
Done with ΔG prediction for: AT5G13300
Structure used: 0-download-inputs/data-files/AF-Q5W7F2-F1-model_v6.pdb
DeepTMHMM_class: GLOB
Structure source: EBI-selected-UniProt

Attempting prediction for AT5G13330
Done with ΔG prediction for: AT5G13330
Structure used: 0-download-inputs/data-files/AF-Q9LYU3-F1-model_v6.pdb
DeepTMHMM_class: GLOB
Structure source: EBI-selected-UniProt

Attempting prediction for AT5G13430
Done with ΔG prediction for: AT5G13430
Structure used: 0-download-inputs/data-files/AF-Q94JS0-F1-model_v6.pdb
DeepTMHMM_class: GLOB
Structure source: EBI-selected-UniProt

Attempting prediction for AT5G13440
Done with ΔG prediction for: AT5G13440
Structure used: 0-download-inputs/data-files/AF-Q9LYR2-F1-model_v6.pdb
DeepTMHMM_class: GLOB
Structure source: EBI-selected-UniProt

Attempting prediction for AT5G13450
Done with ΔG prediction for: AT5G13450
Structure used: 0-download-inputs/data-files/AF-Q96251-F1-model_v6.pdb
DeepTMHMM_class: GLOB
Structure source: EBI-selected-UniProt

Attempting prediction for AT5G13480
Prediction skipped for AT5G13480:
has_verified_seq       = True
DeepTMHMM_class         = GLOB
final_structure_path    = nan
final_structure_source  = None

Attempting prediction for AT5G13530
Done with ΔG prediction for: AT5G13530
Structure used: 0-download-inputs/data-files/AF-Q9FY48-F1-model_v6.pdb
DeepTMHMM_class: GLOB
Structure source: EBI-selected-UniProt

Attempting prediction for AT5G13570
Done with ΔG prediction for: AT5G13570
Structure used: 0-download-inputs/data-files/AF-Q8GW31-F1-model_v6.pdb
DeepTMHMM_class: GLOB
Structure source: EBI-selected-UniProt

Attempting prediction for AT5G13590
Prediction skipped for AT5G13590:
has_verified_seq       = True
DeepTMHMM_class         = GLOB
final_structure_path    = nan
final_structure_source  = None

Attempting prediction for AT5G13630
Done with ΔG prediction for: AT5G13630
Structure used: 0-download-inputs/data-files/AF-Q9FNB0-F1-model_v6.pdb
DeepTMHMM_class: GLOB
Structure source: EBI-selected-UniProt

Attempting prediction for AT5G13650
Prediction skipped for AT5G13650:
has_verified_seq       = True
DeepTMHMM_class         = GLOB
final_structure_path    = nan
final_structure_source  = None

Attempting prediction for AT5G13780
Done with ΔG prediction for: AT5G13780
Structure used: 0-download-inputs/data-files/AF-Q9FKI4-F1-model_v6.pdb
DeepTMHMM_class: GLOB
Structure source: EBI-selected-UniProt

Attempting prediction for AT5G13790
Done with ΔG prediction for: AT5G13790
Structure used: 0-download-inputs/data-files/AF-Q38847-F1-model_v6.pdb
DeepTMHMM_class: GLOB
Structure source: EBI-selected-UniProt

Attempting prediction for AT5G13800
Done with ΔG prediction for: AT5G13800
Structure used: 0-download-inputs/data-files/AF-Q9FFZ1-F1-model_v6.pdb
DeepTMHMM_class: GLOB
Structure source: EBI-selected-UniProt

Attempting prediction for AT5G13840
Done with ΔG prediction for: AT5G13840
Structure used: 0-download-inputs/data-files/AF-Q8LPL5-F1-model_v6.pdb
DeepTMHMM_class: GLOB
Structure source: EBI-selected-UniProt

Attempting prediction for AT5G13860
Done with ΔG prediction for: AT5G13860
Structure used: 0-download-inputs/data-files/AF-Q9FFY6-F1-model_v6.pdb
DeepTMHMM_class: GLOB
Structure source: EBI-selected-UniProt

Attempting prediction for AT5G13930
Done with ΔG prediction for: AT5G13930
Structure used: 0-download-inputs/data-files/AF-P13114-F1-model_v6.pdb
DeepTMHMM_class: GLOB
Structure source: EBI-selected-UniProt

Attempting prediction for AT5G14050
Done with ΔG prediction for: AT5G14050
Structure used: 0-download-inputs/data-files/AF-Q9FMU5-F1-model_v6.pdb
DeepTMHMM_class: GLOB
Structure source: EBI-selected-UniProt

Attempting prediction for AT5G14170
Done with ΔG prediction for: AT5G14170
Structure used: 0-download-inputs/data-files/AF-Q9FMT4-F1-model_v6.pdb
DeepTMHMM_class: GLOB
Structure source: EBI-selected-UniProt

Attempting prediction for AT5G14200
Done with ΔG prediction for: AT5G14200
Structure used: 0-download-inputs/data-files/AF-Q9FMT1-F1-model_v6.pdb
DeepTMHMM_class: GLOB
Structure source: EBI-selected-UniProt

Attempting prediction for AT5G14240
Done with ΔG prediction for: AT5G14240
Structure used: 0-download-inputs/data-files/AF-Q9LYA5-F1-model_v6.pdb
DeepTMHMM_class: GLOB
Structure source: EBI-selected-UniProt

Attempting prediction for AT5G14250
Done with ΔG prediction for: AT5G14250
Structure used: 0-download-inputs/data-files/AF-Q8W575-F1-model_v6.pdb
DeepTMHMM_class: GLOB
Structure source: EBI-selected-UniProt

Attempting prediction for AT5G14320
Done with ΔG prediction for: AT5G14320
Structure used: 0-download-inputs/data-files/AF-P42732-F1-model_v6.pdb
DeepTMHMM_class: GLOB
Structure source: EBI-selected-UniProt

Attempting prediction for AT5G14620
Prediction skipped for AT5G14620:
has_verified_seq       = True
DeepTMHMM_class         = GLOB
final_structure_path    = nan
final_structure_source  = None

Attempting prediction for AT5G14690
Done with ΔG prediction for: AT5G14690
Structure used: 0-download-inputs/data-files/AF-Q9LYJ1-F1-model_v6.pdb
DeepTMHMM_class: GLOB
Structure source: EBI-selected-UniProt

Attempting prediction for AT5G14740
Prediction skipped for AT5G14740:
has_verified_seq       = True
DeepTMHMM_class         = GLOB
final_structure_path    = nan
final_structure_source  = None

Attempting prediction for AT5G14780
Prediction skipped for AT5G14780:
has_verified_seq       = True
DeepTMHMM_class         = GLOB
final_structure_path    = nan
final_structure_source  = None

Attempting prediction for AT5G14870
Prediction skipped for AT5G14870:
has_verified_seq       = True
DeepTMHMM_class         = TM
final_structure_path    = 0-download-inputs/data-files/AF-Q9LEQ3-F1-model_v6.pdb
final_structure_source  = EBI-selected-UniProt

Attempting prediction for AT5G14930
Done with ΔG prediction for: AT5G14930
Structure used: 0-download-inputs/data-files/AF-Q4F883-F1-model_v6.pdb
DeepTMHMM_class: GLOB
Structure source: EBI-selected-UniProt

Attempting prediction for AT5G14960
Prediction skipped for AT5G14960:
has_verified_seq       = True
DeepTMHMM_class         = GLOB
final_structure_path    = nan
final_structure_source  = None

Attempting prediction for AT5G15090
Prediction skipped for AT5G15090:
has_verified_seq       = True
DeepTMHMM_class         = BETA
final_structure_path    = 0-download-inputs/data-files/AF-Q9SMX3-F1-model_v6.pdb
final_structure_source  = EBI-selected-UniProt

Attempting prediction for AT5G15210
Done with ΔG prediction for: AT5G15210
Structure used: 0-download-inputs/data-files/AF-Q9LXG0-F1-model_v6.pdb
DeepTMHMM_class: GLOB
Structure source: EBI-selected-UniProt

Attempting prediction for AT5G15400
Prediction skipped for AT5G15400:
has_verified_seq       = True
DeepTMHMM_class         = GLOB
final_structure_path    = nan
final_structure_source  = None

Attempting prediction for AT5G15450
Done with ΔG prediction for: AT5G15450
Structure used: 0-download-inputs/data-files/AF-Q9LF37-F1-model_v6.pdb
DeepTMHMM_class: GLOB
Structure source: EBI-selected-UniProt

Attempting prediction for AT5G15550
Done with ΔG prediction for: AT5G15550
Structure used: 0-download-inputs/data-files/AF-Q9LF27-F1-model_v6.pdb
DeepTMHMM_class: GLOB
Structure source: EBI-selected-UniProt

Attempting prediction for AT5G15650
Done with ΔG prediction for: AT5G15650
Structure used: 0-download-inputs/data-files/AF-Q9LFW1-F1-model_v6.pdb
DeepTMHMM_class: GLOB
Structure source: EBI-selected-UniProt

Attempting prediction for AT5G15680
Done with ΔG prediction for: AT5G15680
Structure used: 0-download-inputs/data-files/AF-F4KB73-F1-model_v6.pdb
DeepTMHMM_class: GLOB
Structure source: EBI-selected-UniProt

Attempting prediction for AT5G15700
Done with ΔG prediction for: AT5G15700
Structure used: 0-download-inputs/data-files/AF-Q9LFV6-F1-model_v6.pdb
DeepTMHMM_class: GLOB
Structure source: EBI-selected-UniProt

Attempting prediction for AT5G15840
Prediction skipped for AT5G15840:
has_verified_seq       = True
DeepTMHMM_class         = GLOB
final_structure_path    = nan
final_structure_source  = None

Attempting prediction for AT5G15850
Done with ΔG prediction for: AT5G15850
Structure used: 0-download-inputs/data-files/AF-O50055-F1-model_v6.pdb
DeepTMHMM_class: GLOB
Structure source: EBI-selected-UniProt

Attempting prediction for AT5G15880
Prediction skipped for AT5G15880:
has_verified_seq       = True
DeepTMHMM_class         = TM
final_structure_path    = 0-download-inputs/data-files/AF-Q9LFT2-F1-model_v6.pdb
final_structure_source  = EBI-selected-UniProt

Attempting prediction for AT5G15920
Done with ΔG prediction for: AT5G15920
Structure used: 0-download-inputs/data-files/AF-Q9LFS8-F1-model_v6.pdb
DeepTMHMM_class: GLOB
Structure source: EBI-selected-UniProt

Attempting prediction for AT5G15960
Done with ΔG prediction for: AT5G15960
Structure used: 0-download-inputs/data-files/AF-P18612-F1-model_v6.pdb
DeepTMHMM_class: GLOB
Structure source: EBI-selected-UniProt

Attempting prediction for AT5G16000
Prediction skipped for AT5G16000:
has_verified_seq       = True
DeepTMHMM_class         = SP+TM
final_structure_path    = 0-download-inputs/data-files/AF-Q9LFS4-F1-model_v6-cleaved.pdb
final_structure_source  = EBI-selected-UniProt-cleaved

Attempting prediction for AT5G16050
Done with ΔG prediction for: AT5G16050
Structure used: 0-download-inputs/data-files/AF-P42645-F1-model_v6.pdb
DeepTMHMM_class: GLOB
Structure source: EBI-selected-UniProt

Attempting prediction for AT5G16070
Done with ΔG prediction for: AT5G16070
Structure used: 0-download-inputs/data-files/AF-Q8L7N0-F1-model_v6.pdb
DeepTMHMM_class: GLOB
Structure source: EBI-selected-UniProt

Attempting prediction for AT5G16130
Done with ΔG prediction for: AT5G16130
Structure used: 0-download-inputs/data-files/AF-Q8LD03-F1-model_v6.pdb
DeepTMHMM_class: GLOB
Structure source: EBI-selected-UniProt

Attempting prediction for AT5G16220
Done with ΔG prediction for: AT5G16220
Structure used: 0-download-inputs/data-files/AF-Q9LF06-F1-model_v6.pdb
DeepTMHMM_class: GLOB
Structure source: EBI-selected-UniProt

Attempting prediction for AT5G16310
Done with ΔG prediction for: AT5G16310
Structure used: 0-download-inputs/data-files/AF-Q9FFF2-F1-model_v6.pdb
DeepTMHMM_class: GLOB
Structure source: EBI-selected-UniProt

Attempting prediction for AT5G16400
Done with ΔG prediction for: AT5G16400
Structure used: 0-download-inputs/data-files/AF-Q9XFH9-F1-model_v6.pdb
DeepTMHMM_class: GLOB
Structure source: EBI-selected-UniProt

Attempting prediction for AT5G16440
Done with ΔG prediction for: AT5G16440
Structure used: 0-download-inputs/data-files/AF-Q38929-F1-model_v6.pdb
DeepTMHMM_class: GLOB
Structure source: EBI-selected-UniProt

Attempting prediction for AT5G16510
Done with ΔG prediction for: AT5G16510
Structure used: 0-download-inputs/data-files/AF-Q9FFD2-F1-model_v6.pdb
DeepTMHMM_class: GLOB
Structure source: EBI-selected-UniProt

Attempting prediction for AT5G16570
Done with ΔG prediction for: AT5G16570
Structure used: 0-download-inputs/data-files/AF-Q9FMD9-F1-model_v6.pdb
DeepTMHMM_class: GLOB
Structure source: EBI-selected-UniProt

Attempting prediction for AT5G16590
Prediction skipped for AT5G16590:
has_verified_seq       = True
DeepTMHMM_class         = SP+TM
final_structure_path    = 0-download-inputs/data-files/AF-Q9FMD7-F1-model_v6-cleaved.pdb
final_structure_source  = EBI-selected-UniProt-cleaved

Attempting prediction for AT5G16620
Done with ΔG prediction for: AT5G16620
Structure used: 0-download-inputs/data-files/AF-Q9FMD5-F1-model_v6.pdb
DeepTMHMM_class: GLOB
Structure source: EBI-selected-UniProt

Attempting prediction for AT5G16710
Done with ΔG prediction for: AT5G16710
Structure used: 0-download-inputs/data-files/AF-Q8LE52-F1-model_v6.pdb
DeepTMHMM_class: GLOB
Structure source: EBI-selected-UniProt

Attempting prediction for AT5G16720
Done with ΔG prediction for: AT5G16720
Structure used: 0-download-inputs/data-files/AF-Q0WNW4-F1-model_v6.pdb
DeepTMHMM_class: GLOB
Structure source: EBI-selected-UniProt

Attempting prediction for AT5G16820
Done with ΔG prediction for: AT5G16820
Structure used: 0-download-inputs/data-files/AF-O81821-F1-model_v6.pdb
DeepTMHMM_class: GLOB
Structure source: EBI-selected-UniProt

Attempting prediction for AT5G16840
Done with ΔG prediction for: AT5G16840
Structure used: 0-download-inputs/data-files/AF-Q9LFD5-F1-model_v6.pdb
DeepTMHMM_class: GLOB
Structure source: EBI-selected-UniProt

Attempting prediction for AT5G16850
Done with ΔG prediction for: AT5G16850
Structure used: 0-download-inputs/data-files/AF-Q9SPU7-F1-model_v6.pdb
DeepTMHMM_class: GLOB
Structure source: EBI-selected-UniProt

Attempting prediction for AT5G16880
Done with ΔG prediction for: AT5G16880
Structure used: 0-download-inputs/data-files/AF-Q9LFL3-F1-model_v6.pdb
DeepTMHMM_class: GLOB
Structure source: EBI-selected-UniProt

Attempting prediction for AT5G17290
Done with ΔG prediction for: AT5G17290
Structure used: 0-download-inputs/data-files/AF-Q9FFI2-F1-model_v6.pdb
DeepTMHMM_class: GLOB
Structure source: EBI-selected-UniProt

Attempting prediction for AT5G17330
Done with ΔG prediction for: AT5G17330
Structure used: 0-download-inputs/data-files/AF-Q42521-F1-model_v6.pdb
DeepTMHMM_class: GLOB
Structure source: EBI-selected-UniProt

Attempting prediction for AT5G17410
Prediction skipped for AT5G17410:
has_verified_seq       = True
DeepTMHMM_class         = GLOB
final_structure_path    = nan
final_structure_source  = None

Attempting prediction for AT5G17420
Prediction skipped for AT5G17420:
has_verified_seq       = True
DeepTMHMM_class         = TM
final_structure_path    = nan
final_structure_source  = None

Attempting prediction for AT5G17490
Done with ΔG prediction for: AT5G17490
Structure used: 0-download-inputs/data-files/AF-Q9LF53-F1-model_v6.pdb
DeepTMHMM_class: GLOB
Structure source: EBI-selected-UniProt

Attempting prediction for AT5G17510
Prediction skipped for AT5G17510:
has_verified_seq       = True
DeepTMHMM_class         = GLOB
final_structure_path    = nan
final_structure_source  = None

Attempting prediction for AT5G17600
Prediction skipped for AT5G17600:
has_verified_seq       = True
DeepTMHMM_class         = TM
final_structure_path    = 0-download-inputs/data-files/AF-Q9LF64-F1-model_v6.pdb
final_structure_source  = EBI-selected-UniProt

Attempting prediction for AT5G17640
Done with ΔG prediction for: AT5G17640
Structure used: 0-download-inputs/data-files/AF-Q9LF60-F1-model_v6.pdb
DeepTMHMM_class: GLOB
Structure source: EBI-selected-UniProt

Attempting prediction for AT5G17690
Done with ΔG prediction for: AT5G17690
Structure used: 0-download-inputs/data-files/AF-Q946J8-F1-model_v6.pdb
DeepTMHMM_class: GLOB
Structure source: EBI-selected-UniProt

Attempting prediction for AT5G17710
Prediction skipped for AT5G17710:
has_verified_seq       = True
DeepTMHMM_class         = GLOB
final_structure_path    = nan
final_structure_source  = None

Attempting prediction for AT5G17770
Done with ΔG prediction for: AT5G17770
Structure used: 0-download-inputs/data-files/AF-Q9ZNT1-F1-model_v6.pdb
DeepTMHMM_class: GLOB
Structure source: EBI-selected-UniProt

Attempting prediction for AT5G17790
Done with ΔG prediction for: AT5G17790
Structure used: 0-download-inputs/data-files/AF-Q8S9K3-F1-model_v6.pdb
DeepTMHMM_class: GLOB
Structure source: EBI-selected-UniProt

Attempting prediction for AT5G17800
Done with ΔG prediction for: AT5G17800
Structure used: 0-download-inputs/data-files/AF-Q6R053-F1-model_v6.pdb
DeepTMHMM_class: GLOB
Structure source: EBI-selected-UniProt

Attempting prediction for AT5G17920
Done with ΔG prediction for: AT5G17920
Structure used: 0-download-inputs/data-files/AF-O50008-F1-model_v6.pdb
DeepTMHMM_class: GLOB
Structure source: EBI-selected-UniProt

Attempting prediction for AT5G17990
Done with ΔG prediction for: AT5G17990
Structure used: 0-download-inputs/data-files/AF-Q02166-F1-model_v6.pdb
DeepTMHMM_class: GLOB
Structure source: EBI-selected-UniProt

Attempting prediction for AT5G18010
Done with ΔG prediction for: AT5G18010
Structure used: 0-download-inputs/data-files/AF-Q9FJG1-F1-model_v6.pdb
DeepTMHMM_class: GLOB
Structure source: EBI-selected-UniProt

Attempting prediction for AT5G18100
Prediction skipped for AT5G18100:
has_verified_seq       = True
DeepTMHMM_class         = GLOB
final_structure_path    = nan
final_structure_source  = None

Attempting prediction for AT5G18110
Done with ΔG prediction for: AT5G18110
Structure used: 0-download-inputs/data-files/AF-Q9FK59-F1-model_v6.pdb
DeepTMHMM_class: GLOB
Structure source: EBI-selected-UniProt

Attempting prediction for AT5G18170
Done with ΔG prediction for: AT5G18170
Structure used: 0-download-inputs/data-files/AF-Q43314-F1-model_v6.pdb
DeepTMHMM_class: GLOB
Structure source: EBI-selected-UniProt

Attempting prediction for AT5G18230
Prediction skipped for AT5G18230:
has_verified_seq       = True
DeepTMHMM_class         = GLOB
final_structure_path    = nan
final_structure_source  = None

Attempting prediction for AT5G18400
Done with ΔG prediction for: AT5G18400
Structure used: 0-download-inputs/data-files/AF-Q8L7Z3-F1-model_v6.pdb
DeepTMHMM_class: GLOB
Structure source: EBI-selected-UniProt

Attempting prediction for AT5G18610
Done with ΔG prediction for: AT5G18610
Structure used: 0-download-inputs/data-files/AF-Q1PDV6-F1-model_v6.pdb
DeepTMHMM_class: GLOB
Structure source: EBI-selected-UniProt

Attempting prediction for AT5G18620
Done with ΔG prediction for: AT5G18620
Structure used: 0-download-inputs/data-files/AF-F4JY24-F1-model_v6.pdb
DeepTMHMM_class: GLOB
Structure source: EBI-selected-UniProt

Attempting prediction for AT5G18830
Prediction skipped for AT5G18830:
has_verified_seq       = True
DeepTMHMM_class         = TM
final_structure_path    = nan
final_structure_source  = None

Attempting prediction for AT5G19000
Prediction skipped for AT5G19000:
has_verified_seq       = True
DeepTMHMM_class         = GLOB
final_structure_path    = nan
final_structure_source  = None

Attempting prediction for AT5G19140
Prediction skipped for AT5G19140:
has_verified_seq       = True
DeepTMHMM_class         = GLOB
final_structure_path    = nan
final_structure_source  = None

Attempting prediction for AT5G19220
Done with ΔG prediction for: AT5G19220
Structure used: 0-download-inputs/data-files/AF-P55229-F1-model_v6.pdb
DeepTMHMM_class: GLOB
Structure source: EBI-selected-UniProt

Attempting prediction for AT5G19280
Done with ΔG prediction for: AT5G19280
Structure used: 0-download-inputs/data-files/AF-P46014-F1-model_v6.pdb
DeepTMHMM_class: GLOB
Structure source: EBI-selected-UniProt

Attempting prediction for AT5G19310
Done with ΔG prediction for: AT5G19310
Structure used: 0-download-inputs/data-files/AF-F4K128-F1-model_v6.pdb
DeepTMHMM_class: GLOB
Structure source: EBI-selected-UniProt

Attempting prediction for AT5G19320
Done with ΔG prediction for: AT5G19320
Structure used: 0-download-inputs/data-files/AF-Q9M651-F1-model_v6.pdb
DeepTMHMM_class: GLOB
Structure source: EBI-selected-UniProt

Attempting prediction for AT5G19400
Done with ΔG prediction for: AT5G19400
Structure used: 0-download-inputs/data-files/AF-A9QM73-F1-model_v6.pdb
DeepTMHMM_class: GLOB
Structure source: EBI-selected-UniProt

Attempting prediction for AT5G19440
Prediction skipped for AT5G19440:
has_verified_seq       = True
DeepTMHMM_class         = GLOB
final_structure_path    = nan
final_structure_source  = None

Attempting prediction for AT5G19450
Done with ΔG prediction for: AT5G19450
Structure used: 0-download-inputs/data-files/AF-Q42438-F1-model_v6.pdb
DeepTMHMM_class: GLOB
Structure source: EBI-selected-UniProt

Attempting prediction for AT5G19510
Done with ΔG prediction for: AT5G19510
Structure used: 0-download-inputs/data-files/AF-Q9SCX3-F1-model_v6.pdb
DeepTMHMM_class: GLOB
Structure source: EBI-selected-UniProt

Attempting prediction for AT5G19520
Prediction skipped for AT5G19520:
has_verified_seq       = True
DeepTMHMM_class         = TM
final_structure_path    = 0-download-inputs/data-files/AF-Q84M97-F1-model_v6.pdb
final_structure_source  = EBI-selected-UniProt

Attempting prediction for AT5G19620
Prediction skipped for AT5G19620:
has_verified_seq       = True
DeepTMHMM_class         = BETA
final_structure_path    = 0-download-inputs/data-files/AF-Q9C5J8-F1-model_v6.pdb
final_structure_source  = EBI-selected-UniProt

Attempting prediction for AT5G19660
Prediction skipped for AT5G19660:
has_verified_seq       = True
DeepTMHMM_class         = SP+TM
final_structure_path    = 0-download-inputs/data-files/AF-Q0WUG6-F1-model_v6.pdb
final_structure_source  = EBI-selected-UniProt

Attempting prediction for AT5G19760
Done with ΔG prediction for: AT5G19760
Structure used: 0-download-inputs/data-files/AF-Q9C5M0-F1-model_v6.pdb
DeepTMHMM_class: GLOB
Structure source: EBI-selected-UniProt

Attempting prediction for AT5G19780
Done with ΔG prediction for: AT5G19780
Structure used: 0-download-inputs/data-files/AF-B9DHQ0-F1-model_v6.pdb
DeepTMHMM_class: GLOB
Structure source: EBI-selected-UniProt

Attempting prediction for AT5G19990
Done with ΔG prediction for: AT5G19990
Structure used: 0-download-inputs/data-files/AF-Q9C5U3-F1-model_v6.pdb
DeepTMHMM_class: GLOB
Structure source: EBI-selected-UniProt

Attempting prediction for AT5G20010
Done with ΔG prediction for: AT5G20010
Structure used: 0-download-inputs/data-files/AF-P41916-F1-model_v6.pdb
DeepTMHMM_class: GLOB
Structure source: EBI-selected-UniProt

Attempting prediction for AT5G20020
Done with ΔG prediction for: AT5G20020
Structure used: 0-download-inputs/data-files/AF-P41917-F1-model_v6.pdb
DeepTMHMM_class: GLOB
Structure source: EBI-selected-UniProt

Attempting prediction for AT5G20150
Done with ΔG prediction for: AT5G20150
Structure used: 0-download-inputs/data-files/AF-Q8LBH4-F1-model_v6.pdb
DeepTMHMM_class: GLOB
Structure source: EBI-selected-UniProt

Attempting prediction for AT5G20160
Prediction skipped for AT5G20160:
has_verified_seq       = True
DeepTMHMM_class         = GLOB
final_structure_path    = nan
final_structure_source  = None

Attempting prediction for AT5G20240
Prediction skipped for AT5G20240:
has_verified_seq       = True
DeepTMHMM_class         = GLOB
final_structure_path    = nan
final_structure_source  = None

Attempting prediction for AT5G20250
Prediction skipped for AT5G20250:
has_verified_seq       = True
DeepTMHMM_class         = GLOB
final_structure_path    = nan
final_structure_source  = None

Attempting prediction for AT5G20280
Done with ΔG prediction for: AT5G20280
Structure used: 0-download-inputs/data-files/AF-Q94BT0-F1-model_v6.pdb
DeepTMHMM_class: GLOB
Structure source: EBI-selected-UniProt

Attempting prediction for AT5G20290
Done with ΔG prediction for: AT5G20290
Structure used: 0-download-inputs/data-files/AF-Q93VG5-F1-model_v6.pdb
DeepTMHMM_class: GLOB
Structure source: EBI-selected-UniProt

Attempting prediction for AT5G20320
Done with ΔG prediction for: AT5G20320
Structure used: 0-download-inputs/data-files/AF-P84634-F1-model_v6.pdb
DeepTMHMM_class: GLOB
Structure source: EBI-selected-UniProt

Attempting prediction for AT5G20350
Prediction skipped for AT5G20350:
has_verified_seq       = True
DeepTMHMM_class         = TM
final_structure_path    = 0-download-inputs/data-files/AF-Q52T38-F1-model_v6.pdb
final_structure_source  = EBI-selected-UniProt

Attempting prediction for AT5G20480
Prediction skipped for AT5G20480:
has_verified_seq       = True
DeepTMHMM_class         = SP+TM
final_structure_path    = 0-download-inputs/data-files/AF-C0LGT6-F1-model_v6-cleaved.pdb
final_structure_source  = EBI-selected-UniProt-cleaved

Attempting prediction for AT5G20490
Done with ΔG prediction for: AT5G20490
Structure used: 0-download-inputs/data-files/AF-F4K5J1-F1-model_v6.pdb
DeepTMHMM_class: GLOB
Structure source: EBI-selected-UniProt

Attempting prediction for AT5G20510
Done with ΔG prediction for: AT5G20510
Structure used: 0-download-inputs/data-files/AF-Q5XEM9-F1-model_v6.pdb
DeepTMHMM_class: GLOB
Structure source: EBI-selected-UniProt

Attempting prediction for AT5G20570
Done with ΔG prediction for: AT5G20570
Structure used: 0-download-inputs/data-files/AF-Q940X7-F1-model_v6.pdb
DeepTMHMM_class: GLOB
Structure source: EBI-selected-UniProt

Attempting prediction for AT5G20630
Done with ΔG prediction for: AT5G20630
Structure used: 0-download-inputs/data-files/AF-P94072-F1-model_v6-cleaved.pdb
DeepTMHMM_class: SP
Structure source: EBI-selected-UniProt-cleaved

Attempting prediction for AT5G20720
Done with ΔG prediction for: AT5G20720
Structure used: 0-download-inputs/data-files/AF-O65282-F1-model_v6.pdb
DeepTMHMM_class: GLOB
Structure source: EBI-selected-UniProt

Attempting prediction for AT5G20730
Done with ΔG prediction for: AT5G20730
Structure used: 0-download-inputs/data-files/AF-P93022-F1-model_v6.pdb
DeepTMHMM_class: GLOB
Structure source: EBI-selected-UniProt

Attempting prediction for AT5G20810
Done with ΔG prediction for: AT5G20810
Structure used: 0-download-inputs/data-files/AF-Q2V359-F1-model_v6.pdb
DeepTMHMM_class: GLOB
Structure source: EBI-selected-UniProt

Attempting prediction for AT5G20820
Done with ΔG prediction for: AT5G20820
Structure used: 0-download-inputs/data-files/AF-Q29PU2-F1-model_v6.pdb
DeepTMHMM_class: GLOB
Structure source: EBI-selected-UniProt

Attempting prediction for AT5G20830
Prediction skipped for AT5G20830:
has_verified_seq       = True
DeepTMHMM_class         = GLOB
final_structure_path    = nan
final_structure_source  = None

Attempting prediction for AT5G20850
Prediction skipped for AT5G20850:
has_verified_seq       = True
DeepTMHMM_class         = GLOB
final_structure_path    = nan
final_structure_source  = None

Attempting prediction for AT5G20890
Done with ΔG prediction for: AT5G20890
Structure used: 0-download-inputs/data-files/AF-Q940P8-F1-model_v6.pdb
DeepTMHMM_class: GLOB
Structure source: EBI-selected-UniProt

Attempting prediction for AT5G20900
Done with ΔG prediction for: AT5G20900
Structure used: 0-download-inputs/data-files/AF-Q9C5K8-F1-model_v6.pdb
DeepTMHMM_class: GLOB
Structure source: EBI-selected-UniProt

Attempting prediction for AT5G20910
Done with ΔG prediction for: AT5G20910
Structure used: 0-download-inputs/data-files/AF-Q8RXD3-F1-model_v6.pdb
DeepTMHMM_class: GLOB
Structure source: EBI-selected-UniProt

Attempting prediction for AT5G20920
Prediction skipped for AT5G20920:
has_verified_seq       = True
DeepTMHMM_class         = GLOB
final_structure_path    = nan
final_structure_source  = None

Attempting prediction for AT5G20990
Done with ΔG prediction for: AT5G20990
Structure used: 0-download-inputs/data-files/AF-Q39054-F1-model_v6.pdb
DeepTMHMM_class: GLOB
Structure source: EBI-selected-UniProt

Attempting prediction for AT5G21160
Done with ΔG prediction for: AT5G21160
Structure used: 0-download-inputs/data-files/AF-Q940X9-F1-model_v6.pdb
DeepTMHMM_class: GLOB
Structure source: EBI-selected-UniProt

Attempting prediction for AT5G21170
Prediction skipped for AT5G21170:
has_verified_seq       = True
DeepTMHMM_class         = GLOB
final_structure_path    = nan
final_structure_source  = None

Attempting prediction for AT5G21274
Done with ΔG prediction for: AT5G21274
Structure used: 0-download-inputs/data-files/AF-Q03509-F1-model_v6.pdb
DeepTMHMM_class: GLOB
Structure source: EBI-selected-UniProt

Attempting prediction for AT5G21326
Done with ΔG prediction for: AT5G21326
Structure used: 0-download-inputs/data-files/AF-Q84VQ3-F1-model_v6.pdb
DeepTMHMM_class: GLOB
Structure source: EBI-selected-UniProt

Attempting prediction for AT5G21990
Prediction skipped for AT5G21990:
has_verified_seq       = True
DeepTMHMM_class         = TM
final_structure_path    = 0-download-inputs/data-files/AF-B7ZWR6-F1-model_v6.pdb
final_structure_source  = EBI-selected-UniProt

Attempting prediction for AT5G22120
Done with ΔG prediction for: AT5G22120
Structure used: 0-download-inputs/data-files/AF-Q9C576-F1-model_v6.pdb
DeepTMHMM_class: GLOB
Structure source: EBI-selected-UniProt

Attempting prediction for AT5G22220
Done with ΔG prediction for: AT5G22220
Structure used: 0-download-inputs/data-files/AF-Q9FV71-F1-model_v6.pdb
DeepTMHMM_class: GLOB
Structure source: EBI-selected-UniProt

Attempting prediction for AT5G22330
Done with ΔG prediction for: AT5G22330
Structure used: 0-download-inputs/data-files/AF-Q9FMR9-F1-model_v6.pdb
DeepTMHMM_class: GLOB
Structure source: EBI-selected-UniProt

Attempting prediction for AT5G22360
Prediction skipped for AT5G22360:
has_verified_seq       = True
DeepTMHMM_class         = TM
final_structure_path    = 0-download-inputs/data-files/AF-Q9FMR5-F1-model_v6.pdb
final_structure_source  = EBI-selected-UniProt

Attempting prediction for AT5G22480
Done with ΔG prediction for: AT5G22480
Structure used: 0-download-inputs/data-files/AF-F4K9W6-F1-model_v6.pdb
DeepTMHMM_class: GLOB
Structure source: EBI-selected-UniProt

Attempting prediction for AT5G22580
Done with ΔG prediction for: AT5G22580
Structure used: 0-download-inputs/data-files/AF-Q9FK81-F1-model_v6.pdb
DeepTMHMM_class: GLOB
Structure source: EBI-selected-UniProt

Attempting prediction for AT5G22640
Done with ΔG prediction for: AT5G22640
Structure used: 0-download-inputs/data-files/AF-Q8LPR8-F1-model_v6.pdb
DeepTMHMM_class: GLOB
Structure source: EBI-selected-UniProt

Attempting prediction for AT5G22650
Done with ΔG prediction for: AT5G22650
Structure used: 0-download-inputs/data-files/AF-Q56WH4-F1-model_v6.pdb
DeepTMHMM_class: GLOB
Structure source: EBI-selected-UniProt

Attempting prediction for AT5G22750
Done with ΔG prediction for: AT5G22750
Structure used: 0-download-inputs/data-files/AF-Q9FNI6-F1-model_v6.pdb
DeepTMHMM_class: GLOB
Structure source: EBI-selected-UniProt

Attempting prediction for AT5G22770
Done with ΔG prediction for: AT5G22770
Structure used: 0-download-inputs/data-files/AF-Q8LPL6-F1-model_v6.pdb
DeepTMHMM_class: GLOB
Structure source: EBI-selected-UniProt

Attempting prediction for AT5G22880
Done with ΔG prediction for: AT5G22880
Structure used: 0-download-inputs/data-files/AF-Q9FFC0-F1-model_v6.pdb
DeepTMHMM_class: GLOB
Structure source: EBI-selected-UniProt

Attempting prediction for AT5G23060
Done with ΔG prediction for: AT5G23060
Structure used: 0-download-inputs/data-files/AF-Q9FN48-F1-model_v6.pdb
DeepTMHMM_class: GLOB
Structure source: EBI-selected-UniProt

Attempting prediction for AT5G23120
Prediction skipped for AT5G23120:
has_verified_seq       = True
DeepTMHMM_class         = GLOB
final_structure_path    = nan
final_structure_source  = None

Attempting prediction for AT5G23290
Done with ΔG prediction for: AT5G23290
Structure used: 0-download-inputs/data-files/AF-P57742-F1-model_v6.pdb
DeepTMHMM_class: GLOB
Structure source: EBI-selected-UniProt

Attempting prediction for AT5G23310
Done with ΔG prediction for: AT5G23310
Structure used: 0-download-inputs/data-files/AF-Q9FMX0-F1-model_v6.pdb
DeepTMHMM_class: GLOB
Structure source: EBI-selected-UniProt

Attempting prediction for AT5G23430
Done with ΔG prediction for: AT5G23430
Structure used: 0-download-inputs/data-files/AF-Q8H0T9-F1-model_v6.pdb
DeepTMHMM_class: GLOB
Structure source: EBI-selected-UniProt

Attempting prediction for AT5G23570
Done with ΔG prediction for: AT5G23570
Structure used: 0-download-inputs/data-files/AF-Q9LDX1-F1-model_v6.pdb
DeepTMHMM_class: GLOB
Structure source: EBI-selected-UniProt

Attempting prediction for AT5G23730
Done with ΔG prediction for: AT5G23730
Structure used: 0-download-inputs/data-files/AF-Q9FFA7-F1-model_v6.pdb
DeepTMHMM_class: GLOB
Structure source: EBI-selected-UniProt

Attempting prediction for AT5G23740
Done with ΔG prediction for: AT5G23740
Structure used: 0-download-inputs/data-files/AF-P42733-F1-model_v6.pdb
DeepTMHMM_class: GLOB
Structure source: EBI-selected-UniProt

Attempting prediction for AT5G23750
Done with ΔG prediction for: AT5G23750
Structure used: 0-download-inputs/data-files/AF-Q9FFA5-F1-model_v6.pdb
DeepTMHMM_class: GLOB
Structure source: EBI-selected-UniProt

Attempting prediction for AT5G23860
Done with ΔG prediction for: AT5G23860
Structure used: 0-download-inputs/data-files/AF-P29516-F1-model_v6.pdb
DeepTMHMM_class: GLOB
Structure source: EBI-selected-UniProt

Attempting prediction for AT5G23880
Prediction skipped for AT5G23880:
has_verified_seq       = True
DeepTMHMM_class         = GLOB
final_structure_path    = nan
final_structure_source  = None

Attempting prediction for AT5G23940
Done with ΔG prediction for: AT5G23940
Structure used: 0-download-inputs/data-files/AF-Q9FF86-F1-model_v6.pdb
DeepTMHMM_class: GLOB
Structure source: EBI-selected-UniProt

Attempting prediction for AT5G24010
Prediction skipped for AT5G24010:
has_verified_seq       = True
DeepTMHMM_class         = SP+TM
final_structure_path    = 0-download-inputs/data-files/AF-Q9FLW0-F1-model_v6-cleaved.pdb
final_structure_source  = EBI-selected-UniProt-cleaved

Attempting prediction for AT5G24230
Prediction skipped for AT5G24230:
has_verified_seq       = True
DeepTMHMM_class         = GLOB
final_structure_path    = nan
final_structure_source  = None

Attempting prediction for AT5G24270
Done with ΔG prediction for: AT5G24270
Structure used: 0-download-inputs/data-files/AF-O81223-F1-model_v6.pdb
DeepTMHMM_class: GLOB
Structure source: EBI-selected-UniProt

Attempting prediction for AT5G24330
Done with ΔG prediction for: AT5G24330
Structure used: 0-download-inputs/data-files/AF-Q9FNE9-F1-model_v6.pdb
DeepTMHMM_class: GLOB
Structure source: EBI-selected-UniProt

Attempting prediction for AT5G24350
Done with ΔG prediction for: AT5G24350
Structure used: 0-download-inputs/data-files/AF-Q9FIN7-F1-model_v6.pdb
DeepTMHMM_class: GLOB
Structure source: EBI-selected-UniProt

Attempting prediction for AT5G24470
Prediction skipped for AT5G24470:
has_verified_seq       = True
DeepTMHMM_class         = GLOB
final_structure_path    = nan
final_structure_source  = None

Attempting prediction for AT5G24520
Done with ΔG prediction for: AT5G24520
Structure used: 0-download-inputs/data-files/AF-Q9XGN1-F1-model_v6.pdb
DeepTMHMM_class: GLOB
Structure source: EBI-selected-UniProt

Attempting prediction for AT5G24630
Prediction skipped for AT5G24630:
has_verified_seq       = True
DeepTMHMM_class         = GLOB
final_structure_path    = nan
final_structure_source  = None

Attempting prediction for AT5G24670
Prediction skipped for AT5G24670:
has_verified_seq       = True
DeepTMHMM_class         = GLOB
final_structure_path    = nan
final_structure_source  = None

Attempting prediction for AT5G24710
Done with ΔG prediction for: AT5G24710
Structure used: 0-download-inputs/data-files/AF-F4KIH8-F1-model_v6.pdb
DeepTMHMM_class: GLOB
Structure source: EBI-selected-UniProt

Attempting prediction for AT5G24780
Done with ΔG prediction for: AT5G24780
Structure used: 0-download-inputs/data-files/AF-O49195-F1-model_v6-cleaved.pdb
DeepTMHMM_class: SP
Structure source: EBI-selected-UniProt-cleaved

Attempting prediction for AT5G24930
Done with ΔG prediction for: AT5G24930
Structure used: 0-download-inputs/data-files/AF-Q940T9-F1-model_v6.pdb
DeepTMHMM_class: GLOB
Structure source: EBI-selected-UniProt

Attempting prediction for AT5G25060
Done with ΔG prediction for: AT5G25060
Structure used: 0-download-inputs/data-files/AF-Q9C5J3-F1-model_v6.pdb
DeepTMHMM_class: GLOB
Structure source: EBI-selected-UniProt

Attempting prediction for AT5G25100
Prediction skipped for AT5G25100:
has_verified_seq       = True
DeepTMHMM_class         = SP+TM
final_structure_path    = 0-download-inputs/data-files/AF-Q9C5N2-F1-model_v6-cleaved.pdb
final_structure_source  = EBI-selected-UniProt-cleaved

Attempting prediction for AT5G25150
Done with ΔG prediction for: AT5G25150
Structure used: 0-download-inputs/data-files/AF-Q6S7B0-F1-model_v6.pdb
DeepTMHMM_class: GLOB
Structure source: EBI-selected-UniProt

Attempting prediction for AT5G25220
Done with ΔG prediction for: AT5G25220
Structure used: 0-download-inputs/data-files/AF-P48000-F1-model_v6.pdb
DeepTMHMM_class: GLOB
Structure source: EBI-selected-UniProt

Attempting prediction for AT5G25260
Done with ΔG prediction for: AT5G25260
Structure used: 0-download-inputs/data-files/AF-Q4V3D6-F1-model_v6.pdb
DeepTMHMM_class: GLOB
Structure source: EBI-selected-UniProt

Attempting prediction for AT5G25380
Prediction skipped for AT5G25380:
has_verified_seq       = True
DeepTMHMM_class         = GLOB
final_structure_path    = nan
final_structure_source  = None

Attempting prediction for AT5G25440
Done with ΔG prediction for: AT5G25440
Structure used: 0-download-inputs/data-files/AF-Q8L617-F1-model_v6.pdb
DeepTMHMM_class: GLOB
Structure source: EBI-selected-UniProt

Attempting prediction for AT5G25470
Done with ΔG prediction for: AT5G25470
Structure used: 0-download-inputs/data-files/AF-Q1PDT6-F1-model_v6.pdb
DeepTMHMM_class: GLOB
Structure source: EBI-selected-UniProt

Attempting prediction for AT5G25475
Done with ΔG prediction for: AT5G25475
Structure used: 0-download-inputs/data-files/AF-Q680D9-F1-model_v6.pdb
DeepTMHMM_class: GLOB
Structure source: EBI-selected-UniProt

Attempting prediction for AT5G25510
Done with ΔG prediction for: AT5G25510
Structure used: 0-download-inputs/data-files/AF-Q93YV6-F1-model_v6.pdb
DeepTMHMM_class: GLOB
Structure source: EBI-selected-UniProt

Attempting prediction for AT5G25610
Done with ΔG prediction for: AT5G25610
Structure used: 0-download-inputs/data-files/AF-Q08298-F1-model_v6-cleaved.pdb
DeepTMHMM_class: SP
Structure source: EBI-selected-UniProt-cleaved

Attempting prediction for AT5G25752
Prediction skipped for AT5G25752:
has_verified_seq       = True
DeepTMHMM_class         = TM
final_structure_path    = 0-download-inputs/data-files/AF-Q84MB5-F1-model_v6.pdb
final_structure_source  = EBI-selected-UniProt

Attempting prediction for AT5G25757
Done with ΔG prediction for: AT5G25757
Structure used: 0-download-inputs/data-files/AF-F4JY76-F1-model_v6.pdb
DeepTMHMM_class: GLOB
Structure source: EBI-selected-UniProt

Attempting prediction for AT5G25980
Done with ΔG prediction for: AT5G25980
Structure used: 0-download-inputs/data-files/AF-Q9C5C2-F1-model_v6-cleaved.pdb
DeepTMHMM_class: SP
Structure source: EBI-selected-UniProt-cleaved

Attempting prediction for AT5G26000
Done with ΔG prediction for: AT5G26000
Structure used: 0-download-inputs/data-files/AF-P37702-F1-model_v6-cleaved.pdb
DeepTMHMM_class: SP
Structure source: EBI-selected-UniProt-cleaved

Attempting prediction for AT5G26280
Done with ΔG prediction for: AT5G26280
Structure used: 0-download-inputs/data-files/AF-A0A1P8BA53-F1-model_v6-cleaved.pdb
DeepTMHMM_class: SP
Structure source: EBI-selected-UniProt-cleaved

Attempting prediction for AT5G26340
Prediction skipped for AT5G26340:
has_verified_seq       = True
DeepTMHMM_class         = TM
final_structure_path    = 0-download-inputs/data-files/AF-Q94AZ2-F1-model_v6.pdb
final_structure_source  = EBI-selected-UniProt

Attempting prediction for AT5G26710
Done with ΔG prediction for: AT5G26710
Structure used: 0-download-inputs/data-files/AF-O82462-F1-model_v6.pdb
DeepTMHMM_class: GLOB
Structure source: EBI-selected-UniProt

Attempting prediction for AT5G26742
Prediction skipped for AT5G26742:
has_verified_seq       = True
DeepTMHMM_class         = GLOB
final_structure_path    = nan
final_structure_source  = None

Attempting prediction for AT5G26830
Done with ΔG prediction for: AT5G26830
Structure used: 0-download-inputs/data-files/AF-O04630-F1-model_v6.pdb
DeepTMHMM_class: GLOB
Structure source: EBI-selected-UniProt

Attempting prediction for AT5G26980
Prediction skipped for AT5G26980:
has_verified_seq       = True
DeepTMHMM_class         = TM
final_structure_path    = 0-download-inputs/data-files/AF-O65359-F1-model_v6.pdb
final_structure_source  = EBI-selected-UniProt

Attempting prediction for AT5G27030
Done with ΔG prediction for: AT5G27030
Structure used: 0-download-inputs/data-files/AF-Q84JM4-F1-model_v6.pdb
DeepTMHMM_class: GLOB
Structure source: EBI-selected-UniProt

Attempting prediction for AT5G27050
Prediction skipped for AT5G27050:
has_verified_seq       = True
DeepTMHMM_class         = GLOB
final_structure_path    = nan
final_structure_source  = None

Attempting prediction for AT5G27100
Prediction skipped for AT5G27100:
has_verified_seq       = True
DeepTMHMM_class         = SP+TM
final_structure_path    = nan
final_structure_source  = None

Attempting prediction for AT5G27120
Done with ΔG prediction for: AT5G27120
Structure used: 0-download-inputs/data-files/AF-O04658-F1-model_v6.pdb
DeepTMHMM_class: GLOB
Structure source: EBI-selected-UniProt

Attempting prediction for AT5G27150
Prediction skipped for AT5G27150:
has_verified_seq       = True
DeepTMHMM_class         = TM
final_structure_path    = 0-download-inputs/data-files/AF-Q68KI4-F1-model_v6.pdb
final_structure_source  = EBI-selected-UniProt

Attempting prediction for AT5G27420
Prediction skipped for AT5G27420:
has_verified_seq       = True
DeepTMHMM_class         = SP+TM
final_structure_path    = 0-download-inputs/data-files/AF-Q8LGA5-F1-model_v6-cleaved.pdb
final_structure_source  = EBI-selected-UniProt-cleaved

Attempting prediction for AT5G27540
Done with ΔG prediction for: AT5G27540
Structure used: 0-download-inputs/data-files/AF-Q8RXF8-F1-model_v6.pdb
DeepTMHMM_class: GLOB
Structure source: EBI-selected-UniProt

Attempting prediction for AT5G27600
Done with ΔG prediction for: AT5G27600
Structure used: 0-download-inputs/data-files/AF-Q8LKS5-F1-model_v6.pdb
DeepTMHMM_class: GLOB
Structure source: EBI-selected-UniProt

Attempting prediction for AT5G27620
Prediction skipped for AT5G27620:
has_verified_seq       = True
DeepTMHMM_class         = GLOB
final_structure_path    = nan
final_structure_source  = None

Attempting prediction for AT5G27630
Prediction skipped for AT5G27630:
has_verified_seq       = True
DeepTMHMM_class         = GLOB
final_structure_path    = nan
final_structure_source  = None

Attempting prediction for AT5G27640
Done with ΔG prediction for: AT5G27640
Structure used: 0-download-inputs/data-files/AF-Q9C5Z1-F1-model_v6.pdb
DeepTMHMM_class: GLOB
Structure source: EBI-selected-UniProt

Attempting prediction for AT5G27720
Done with ΔG prediction for: AT5G27720
Structure used: 0-download-inputs/data-files/AF-F4K4E3-F1-model_v6.pdb
DeepTMHMM_class: GLOB
Structure source: EBI-selected-UniProt

Attempting prediction for AT5G27840
Prediction skipped for AT5G27840:
has_verified_seq       = True
DeepTMHMM_class         = GLOB
final_structure_path    = nan
final_structure_source  = None

Attempting prediction for AT5G27850
Done with ΔG prediction for: AT5G27850
Structure used: 0-download-inputs/data-files/AF-Q940B0-F1-model_v6.pdb
DeepTMHMM_class: GLOB
Structure source: EBI-selected-UniProt

Attempting prediction for AT5G27910
Prediction skipped for AT5G27910:
has_verified_seq       = True
DeepTMHMM_class         = GLOB
final_structure_path    = nan
final_structure_source  = None

Attempting prediction for AT5G28020
Done with ΔG prediction for: AT5G28020
Structure used: 0-download-inputs/data-files/AF-Q9SXS7-F1-model_v6.pdb
DeepTMHMM_class: GLOB
Structure source: EBI-selected-UniProt

Attempting prediction for AT5G28050
Prediction skipped for AT5G28050:
has_verified_seq       = True
DeepTMHMM_class         = GLOB
final_structure_path    = nan
final_structure_source  = None

Attempting prediction for AT5G28060
Done with ΔG prediction for: AT5G28060
Structure used: 0-download-inputs/data-files/AF-Q8LC83-F1-model_v6.pdb
DeepTMHMM_class: GLOB
Structure source: EBI-selected-UniProt

Attempting prediction for AT5G28290
Done with ΔG prediction for: AT5G28290
Structure used: 0-download-inputs/data-files/AF-Q8RX66-F1-model_v6.pdb
DeepTMHMM_class: GLOB
Structure source: EBI-selected-UniProt

Attempting prediction for AT5G28500
Done with ΔG prediction for: AT5G28500
Structure used: 0-download-inputs/data-files/AF-Q9LKR8-F1-model_v6.pdb
DeepTMHMM_class: GLOB
Structure source: EBI-selected-UniProt

Attempting prediction for AT5G28540
Done with ΔG prediction for: AT5G28540
Structure used: 0-download-inputs/data-files/AF-Q9LKR3-F1-model_v6-cleaved.pdb
DeepTMHMM_class: SP
Structure source: EBI-selected-UniProt-cleaved

Attempting prediction for AT5G28640
Done with ΔG prediction for: AT5G28640
Structure used: 0-download-inputs/data-files/AF-Q8L8A5-F1-model_v6.pdb
DeepTMHMM_class: GLOB
Structure source: EBI-selected-UniProt

Attempting prediction for AT5G28900
Done with ΔG prediction for: AT5G28900
Structure used: 0-download-inputs/data-files/AF-Q8VZQ4-F1-model_v6.pdb
DeepTMHMM_class: GLOB
Structure source: EBI-selected-UniProt

Attempting prediction for AT5G29000
Prediction skipped for AT5G29000:
has_verified_seq       = True
DeepTMHMM_class         = GLOB
final_structure_path    = nan
final_structure_source  = None

Attempting prediction for AT5G33280
Prediction skipped for AT5G33280:
has_verified_seq       = True
DeepTMHMM_class         = TM
final_structure_path    = 0-download-inputs/data-files/AF-P60300-F1-model_v6.pdb
final_structure_source  = EBI-selected-UniProt

Attempting prediction for AT5G33320
Prediction skipped for AT5G33320:
has_verified_seq       = True
DeepTMHMM_class         = TM
final_structure_path    = 0-download-inputs/data-files/AF-Q8RXN3-F1-model_v6.pdb
final_structure_source  = EBI-selected-UniProt

Attempting prediction for AT5G35080
Done with ΔG prediction for: AT5G35080
Structure used: 0-download-inputs/data-files/AF-Q8GWH3-F1-model_v6-cleaved.pdb
DeepTMHMM_class: SP
Structure source: EBI-selected-UniProt-cleaved

Attempting prediction for AT5G35360
Done with ΔG prediction for: AT5G35360
Structure used: 0-download-inputs/data-files/AF-O04983-F1-model_v6.pdb
DeepTMHMM_class: GLOB
Structure source: EBI-selected-UniProt

Attempting prediction for AT5G35410
Done with ΔG prediction for: AT5G35410
Structure used: 0-download-inputs/data-files/AF-Q9LDI3-F1-model_v6.pdb
DeepTMHMM_class: GLOB
Structure source: EBI-selected-UniProt

Attempting prediction for AT5G35530
Done with ΔG prediction for: AT5G35530
Structure used: 0-download-inputs/data-files/AF-Q9FJA6-F1-model_v6.pdb
DeepTMHMM_class: GLOB
Structure source: EBI-selected-UniProt

Attempting prediction for AT5G35620
Done with ΔG prediction for: AT5G35620
Structure used: 0-download-inputs/data-files/AF-O04663-F1-model_v6.pdb
DeepTMHMM_class: GLOB
Structure source: EBI-selected-UniProt

Attempting prediction for AT5G35630
Done with ΔG prediction for: AT5G35630
Structure used: 0-download-inputs/data-files/AF-Q43127-F1-model_v6.pdb
DeepTMHMM_class: GLOB
Structure source: EBI-selected-UniProt

Attempting prediction for AT5G35680
Prediction skipped for AT5G35680:
has_verified_seq       = True
DeepTMHMM_class         = GLOB
final_structure_path    = nan
final_structure_source  = None

Attempting prediction for AT5G35740
Done with ΔG prediction for: AT5G35740
Structure used: 0-download-inputs/data-files/AF-Q9FKH4-F1-model_v6-cleaved.pdb
DeepTMHMM_class: SP
Structure source: EBI-selected-UniProt-cleaved

Attempting prediction for AT5G35770
Done with ΔG prediction for: AT5G35770
Structure used: 0-download-inputs/data-files/AF-Q9FKH1-F1-model_v6.pdb
DeepTMHMM_class: GLOB
Structure source: EBI-selected-UniProt

Attempting prediction for AT5G35790
Done with ΔG prediction for: AT5G35790
Structure used: 0-download-inputs/data-files/AF-Q43727-F1-model_v6.pdb
DeepTMHMM_class: GLOB
Structure source: EBI-selected-UniProt

Attempting prediction for AT5G35840
Done with ΔG prediction for: AT5G35840
Structure used: 0-download-inputs/data-files/AF-P14714-F1-model_v6.pdb
DeepTMHMM_class: GLOB
Structure source: EBI-selected-UniProt

Attempting prediction for AT5G35910
Done with ΔG prediction for: AT5G35910
Structure used: 0-download-inputs/data-files/AF-A9LLI7-F1-model_v6.pdb
DeepTMHMM_class: GLOB
Structure source: EBI-selected-UniProt

Attempting prediction for AT5G37020
Prediction skipped for AT5G37020:
has_verified_seq       = True
DeepTMHMM_class         = GLOB
final_structure_path    = nan
final_structure_source  = None

Attempting prediction for AT5G37055
Done with ΔG prediction for: AT5G37055
Structure used: 0-download-inputs/data-files/AF-Q9FHW2-F1-model_v6.pdb
DeepTMHMM_class: GLOB
Structure source: EBI-selected-UniProt

Attempting prediction for AT5G37500
Prediction skipped for AT5G37500:
has_verified_seq       = True
DeepTMHMM_class         = TM
final_structure_path    = 0-download-inputs/data-files/AF-Q94A76-F1-model_v6.pdb
final_structure_source  = EBI-selected-UniProt

Attempting prediction for AT5G37600
Done with ΔG prediction for: AT5G37600
Structure used: 0-download-inputs/data-files/AF-Q56WN1-F1-model_v6.pdb
DeepTMHMM_class: GLOB
Structure source: EBI-selected-UniProt

Attempting prediction for AT5G37610
Prediction skipped for AT5G37610:
has_verified_seq       = True
DeepTMHMM_class         = BETA
final_structure_path    = 0-download-inputs/data-files/AF-Q9FHQ9-F1-model_v6.pdb
final_structure_source  = EBI-selected-UniProt

Attempting prediction for AT5G37720
Done with ΔG prediction for: AT5G37720
Structure used: 0-download-inputs/data-files/AF-Q6NQ72-F1-model_v6.pdb
DeepTMHMM_class: GLOB
Structure source: EBI-selected-UniProt

Attempting prediction for AT5G37740
Done with ΔG prediction for: AT5G37740
Structure used: 0-download-inputs/data-files/AF-Q9FHP6-F1-model_v6.pdb
DeepTMHMM_class: GLOB
Structure source: EBI-selected-UniProt

Attempting prediction for AT5G37770
Done with ΔG prediction for: AT5G37770
Structure used: 0-download-inputs/data-files/AF-P25070-F1-model_v6.pdb
DeepTMHMM_class: GLOB
Structure source: EBI-selected-UniProt

Attempting prediction for AT5G37780
Done with ΔG prediction for: AT5G37780
Structure used: 0-download-inputs/data-files/AF-P0DH95-F1-model_v6.pdb
DeepTMHMM_class: GLOB
Structure source: EBI-selected-UniProt

Attempting prediction for AT5G37850
Done with ΔG prediction for: AT5G37850
Structure used: 0-download-inputs/data-files/AF-Q8W1X2-F1-model_v6.pdb
DeepTMHMM_class: GLOB
Structure source: EBI-selected-UniProt

Attempting prediction for AT5G38220
Done with ΔG prediction for: AT5G38220
Structure used: 0-download-inputs/data-files/AF-Q9FF34-F1-model_v6.pdb
DeepTMHMM_class: GLOB
Structure source: EBI-selected-UniProt

Attempting prediction for AT5G38410
Prediction skipped for AT5G38410:
has_verified_seq       = True
DeepTMHMM_class         = GLOB
final_structure_path    = nan
final_structure_source  = None

Attempting prediction for AT5G38420
Prediction skipped for AT5G38420:
has_verified_seq       = True
DeepTMHMM_class         = GLOB
final_structure_path    = nan
final_structure_source  = None

Attempting prediction for AT5G38430
Prediction skipped for AT5G38430:
has_verified_seq       = True
DeepTMHMM_class         = GLOB
final_structure_path    = nan
final_structure_source  = None

Attempting prediction for AT5G38470
Done with ΔG prediction for: AT5G38470
Structure used: 0-download-inputs/data-files/AF-Q84L30-F1-model_v6.pdb
DeepTMHMM_class: GLOB
Structure source: EBI-selected-UniProt

Attempting prediction for AT5G38480
Done with ΔG prediction for: AT5G38480
Structure used: 0-download-inputs/data-files/AF-P42644-F1-model_v6.pdb
DeepTMHMM_class: GLOB
Structure source: EBI-selected-UniProt

Attempting prediction for AT5G38530
Done with ΔG prediction for: AT5G38530
Structure used: 0-download-inputs/data-files/AF-Q9FFW8-F1-model_v6.pdb
DeepTMHMM_class: GLOB
Structure source: EBI-selected-UniProt

Attempting prediction for AT5G38560
Prediction skipped for AT5G38560:
has_verified_seq       = True
DeepTMHMM_class         = TM
final_structure_path    = 0-download-inputs/data-files/AF-Q9FFW5-F1-model_v6.pdb
final_structure_source  = EBI-selected-UniProt

Attempting prediction for AT5G38640
Done with ΔG prediction for: AT5G38640
Structure used: 0-download-inputs/data-files/AF-Q9FFV8-F1-model_v6.pdb
DeepTMHMM_class: GLOB
Structure source: EBI-selected-UniProt

Attempting prediction for AT5G38660
Prediction skipped for AT5G38660:
has_verified_seq       = True
DeepTMHMM_class         = TM
final_structure_path    = nan
final_structure_source  = None

Attempting prediction for AT5G38890
Prediction skipped for AT5G38890:
has_verified_seq       = True
DeepTMHMM_class         = GLOB
final_structure_path    = nan
final_structure_source  = None

Attempting prediction for AT5G38970
Prediction skipped for AT5G38970:
has_verified_seq       = True
DeepTMHMM_class         = SP+TM
final_structure_path    = 0-download-inputs/data-files/AF-Q9FMA5-F1-model_v6.pdb
final_structure_source  = EBI-selected-UniProt

Attempting prediction for AT5G39410
Done with ΔG prediction for: AT5G39410
Structure used: 0-download-inputs/data-files/AF-Q8LGI2-F1-model_v6.pdb
DeepTMHMM_class: GLOB
Structure source: EBI-selected-UniProt

Attempting prediction for AT5G39510
Prediction skipped for AT5G39510:
has_verified_seq       = True
DeepTMHMM_class         = GLOB
final_structure_path    = nan
final_structure_source  = None

Attempting prediction for AT5G39660
Done with ΔG prediction for: AT5G39660
Structure used: 0-download-inputs/data-files/AF-Q93ZL5-F1-model_v6.pdb
DeepTMHMM_class: GLOB
Structure source: EBI-selected-UniProt

Attempting prediction for AT5G39670
Done with ΔG prediction for: AT5G39670
Structure used: 0-download-inputs/data-files/AF-Q93Z27-F1-model_v6.pdb
DeepTMHMM_class: GLOB
Structure source: EBI-selected-UniProt

Attempting prediction for AT5G40100
Done with ΔG prediction for: AT5G40100
Structure used: 0-download-inputs/data-files/AF-F4KFY5-F1-model_v6.pdb
DeepTMHMM_class: GLOB
Structure source: EBI-selected-UniProt

Attempting prediction for AT5G40160
Done with ΔG prediction for: AT5G40160
Structure used: 0-download-inputs/data-files/AF-Q9SQK3-F1-model_v6.pdb
DeepTMHMM_class: GLOB
Structure source: EBI-selected-UniProt

Attempting prediction for AT5G40280
Prediction skipped for AT5G40280:
has_verified_seq       = True
DeepTMHMM_class         = GLOB
final_structure_path    = nan
final_structure_source  = None

Attempting prediction for AT5G40420
Prediction skipped for AT5G40420:
has_verified_seq       = True
DeepTMHMM_class         = TM
final_structure_path    = 0-download-inputs/data-files/AF-Q39165-F1-model_v6.pdb
final_structure_source  = EBI-selected-UniProt

Attempting prediction for AT5G40460
Done with ΔG prediction for: AT5G40460
Structure used: 0-download-inputs/data-files/AF-Q29Q81-F1-model_v6.pdb
DeepTMHMM_class: GLOB
Structure source: EBI-selected-UniProt

Attempting prediction for AT5G40580
Done with ΔG prediction for: AT5G40580
Structure used: 0-download-inputs/data-files/AF-Q7DLS1-F1-model_v6.pdb
DeepTMHMM_class: GLOB
Structure source: EBI-selected-UniProt

Attempting prediction for AT5G41180
Prediction skipped for AT5G41180:
has_verified_seq       = True
DeepTMHMM_class         = SP+TM
final_structure_path    = 0-download-inputs/data-files/AF-Q9FLL2-F1-model_v6-cleaved.pdb
final_structure_source  = EBI-selected-UniProt-cleaved

Attempting prediction for AT5G41210
Done with ΔG prediction for: AT5G41210
Structure used: 0-download-inputs/data-files/AF-Q9ZRT5-F1-model_v6.pdb
DeepTMHMM_class: GLOB
Structure source: EBI-selected-UniProt

Attempting prediction for AT5G41260
Done with ΔG prediction for: AT5G41260
Structure used: 0-download-inputs/data-files/AF-Q9FHD7-F1-model_v6.pdb
DeepTMHMM_class: GLOB
Structure source: EBI-selected-UniProt

Attempting prediction for AT5G41315
Prediction skipped for AT5G41315:
has_verified_seq       = True
DeepTMHMM_class         = GLOB
final_structure_path    = nan
final_structure_source  = None

Attempting prediction for AT5G41370
Prediction skipped for AT5G41370:
has_verified_seq       = True
DeepTMHMM_class         = GLOB
final_structure_path    = nan
final_structure_source  = None

Attempting prediction for AT5G41520
Done with ΔG prediction for: AT5G41520
Structure used: 0-download-inputs/data-files/AF-Q9FFS8-F1-model_v6.pdb
DeepTMHMM_class: GLOB
Structure source: EBI-selected-UniProt

Attempting prediction for AT5G41560
Done with ΔG prediction for: AT5G41560
Structure used: 0-download-inputs/data-files/AF-Q9FFS4-F1-model_v6.pdb
DeepTMHMM_class: GLOB
Structure source: EBI-selected-UniProt

Attempting prediction for AT5G41670
Done with ΔG prediction for: AT5G41670
Structure used: 0-download-inputs/data-files/AF-Q9FFR3-F1-model_v6.pdb
DeepTMHMM_class: GLOB
Structure source: EBI-selected-UniProt

Attempting prediction for AT5G41700
Done with ΔG prediction for: AT5G41700
Structure used: 0-download-inputs/data-files/AF-P35131-F1-model_v6.pdb
DeepTMHMM_class: GLOB
Structure source: EBI-selected-UniProt

Attempting prediction for AT5G41770
Done with ΔG prediction for: AT5G41770
Structure used: 0-download-inputs/data-files/AF-F4JZX8-F1-model_v6.pdb
DeepTMHMM_class: GLOB
Structure source: EBI-selected-UniProt

Attempting prediction for AT5G41790
Done with ΔG prediction for: AT5G41790
Structure used: 0-download-inputs/data-files/AF-F4JZY1-F1-model_v6.pdb
DeepTMHMM_class: GLOB
Structure source: EBI-selected-UniProt

Attempting prediction for AT5G41940
Prediction skipped for AT5G41940:
has_verified_seq       = True
DeepTMHMM_class         = GLOB
final_structure_path    = nan
final_structure_source  = None

Attempting prediction for AT5G42000
Prediction skipped for AT5G42000:
has_verified_seq       = True
DeepTMHMM_class         = TM
final_structure_path    = nan
final_structure_source  = None

Attempting prediction for AT5G42020
Done with ΔG prediction for: AT5G42020
Structure used: 0-download-inputs/data-files/AF-Q39043-F1-model_v6-cleaved.pdb
DeepTMHMM_class: SP
Structure source: EBI-selected-UniProt-cleaved

Attempting prediction for AT5G42080
Done with ΔG prediction for: AT5G42080
Structure used: 0-download-inputs/data-files/AF-P42697-F1-model_v6.pdb
DeepTMHMM_class: GLOB
Structure source: EBI-selected-UniProt

Attempting prediction for AT5G42190
Done with ΔG prediction for: AT5G42190
Structure used: 0-download-inputs/data-files/AF-Q9FHW7-F1-model_v6.pdb
DeepTMHMM_class: GLOB
Structure source: EBI-selected-UniProt

Attempting prediction for AT5G42220
Prediction skipped for AT5G42220:
has_verified_seq       = True
DeepTMHMM_class         = GLOB
final_structure_path    = nan
final_structure_source  = None

Attempting prediction for AT5G42350
Done with ΔG prediction for: AT5G42350
Structure used: 0-download-inputs/data-files/AF-Q9FII2-F1-model_v6.pdb
DeepTMHMM_class: GLOB
Structure source: EBI-selected-UniProt

Attempting prediction for AT5G42470
Prediction skipped for AT5G42470:
has_verified_seq       = True
DeepTMHMM_class         = GLOB
final_structure_path    = nan
final_structure_source  = None

Attempting prediction for AT5G42750
Done with ΔG prediction for: AT5G42750
Structure used: 0-download-inputs/data-files/AF-Q9FMZ0-F1-model_v6.pdb
DeepTMHMM_class: GLOB
Structure source: EBI-selected-UniProt

Attempting prediction for AT5G42920
Done with ΔG prediction for: AT5G42920
Structure used: 0-download-inputs/data-files/AF-F4K4J0-F1-model_v6.pdb
DeepTMHMM_class: GLOB
Structure source: EBI-selected-UniProt

Attempting prediction for AT5G42950
Done with ΔG prediction for: AT5G42950
Structure used: 0-download-inputs/data-files/AF-Q9FMM3-F1-model_v6.pdb
DeepTMHMM_class: GLOB
Structure source: EBI-selected-UniProt

Attempting prediction for AT5G42970
Done with ΔG prediction for: AT5G42970
Structure used: 0-download-inputs/data-files/AF-Q8L5U0-F1-model_v6.pdb
DeepTMHMM_class: GLOB
Structure source: EBI-selected-UniProt

Attempting prediction for AT5G42980
Done with ΔG prediction for: AT5G42980
Structure used: 0-download-inputs/data-files/AF-Q42403-F1-model_v6.pdb
DeepTMHMM_class: GLOB
Structure source: EBI-selected-UniProt

Attempting prediction for AT5G43070
Done with ΔG prediction for: AT5G43070
Structure used: 0-download-inputs/data-files/AF-Q9FMH6-F1-model_v6.pdb
DeepTMHMM_class: GLOB
Structure source: EBI-selected-UniProt

Attempting prediction for AT5G43080
Done with ΔG prediction for: AT5G43080
Structure used: 0-download-inputs/data-files/AF-Q9FMH5-F1-model_v6.pdb
DeepTMHMM_class: GLOB
Structure source: EBI-selected-UniProt

Attempting prediction for AT5G43130
Prediction skipped for AT5G43130:
has_verified_seq       = True
DeepTMHMM_class         = GLOB
final_structure_path    = nan
final_structure_source  = None

Attempting prediction for AT5G43280
Prediction skipped for AT5G43280:
has_verified_seq       = True
DeepTMHMM_class         = GLOB
final_structure_path    = nan
final_structure_source  = None

Attempting prediction for AT5G43330
Done with ΔG prediction for: AT5G43330
Structure used: 0-download-inputs/data-files/AF-P57106-F1-model_v6.pdb
DeepTMHMM_class: GLOB
Structure source: EBI-selected-UniProt

Attempting prediction for AT5G43350
Prediction skipped for AT5G43350:
has_verified_seq       = True
DeepTMHMM_class         = TM
final_structure_path    = 0-download-inputs/data-files/AF-Q8VYM2-F1-model_v6.pdb
final_structure_source  = EBI-selected-UniProt

Attempting prediction for AT5G43380
Done with ΔG prediction for: AT5G43380
Structure used: 0-download-inputs/data-files/AF-O82733-F1-model_v6.pdb
DeepTMHMM_class: GLOB
Structure source: EBI-selected-UniProt

Attempting prediction for AT5G43470
Done with ΔG prediction for: AT5G43470
Structure used: 0-download-inputs/data-files/AF-Q8W4J9-F1-model_v6.pdb
DeepTMHMM_class: GLOB
Structure source: EBI-selected-UniProt

Attempting prediction for AT5G43610
Prediction skipped for AT5G43610:
has_verified_seq       = True
DeepTMHMM_class         = TM
final_structure_path    = 0-download-inputs/data-files/AF-Q6A329-F1-model_v6.pdb
final_structure_source  = EBI-selected-UniProt

Attempting prediction for AT5G43700
Done with ΔG prediction for: AT5G43700
Structure used: 0-download-inputs/data-files/AF-P33077-F1-model_v6.pdb
DeepTMHMM_class: GLOB
Structure source: EBI-selected-UniProt

Attempting prediction for AT5G43810
Done with ΔG prediction for: AT5G43810
Structure used: 0-download-inputs/data-files/AF-Q9XGW1-F1-model_v6.pdb
DeepTMHMM_class: GLOB
Structure source: EBI-selected-UniProt

Attempting prediction for AT5G43940
Done with ΔG prediction for: AT5G43940
Structure used: 0-download-inputs/data-files/AF-Q96533-F1-model_v6.pdb
DeepTMHMM_class: GLOB
Structure source: EBI-selected-UniProt

Attempting prediction for AT5G43960
Done with ΔG prediction for: AT5G43960
Structure used: 0-download-inputs/data-files/AF-Q9FND0-F1-model_v6.pdb
DeepTMHMM_class: GLOB
Structure source: EBI-selected-UniProt

Attempting prediction for AT5G43980
Prediction skipped for AT5G43980:
has_verified_seq       = True
DeepTMHMM_class         = SP+TM
final_structure_path    = 0-download-inputs/data-files/AF-Q8GXV7-F1-model_v6-cleaved.pdb
final_structure_source  = EBI-selected-UniProt-cleaved

Attempting prediction for AT5G43990
Prediction skipped for AT5G43990:
has_verified_seq       = True
DeepTMHMM_class         = GLOB
final_structure_path    = nan
final_structure_source  = None

Attempting prediction for AT5G44020
Done with ΔG prediction for: AT5G44020
Structure used: 0-download-inputs/data-files/AF-Q9FNC4-F1-model_v6-cleaved.pdb
DeepTMHMM_class: SP
Structure source: EBI-selected-UniProt-cleaved

Attempting prediction for AT5G44030
Prediction skipped for AT5G44030:
has_verified_seq       = True
DeepTMHMM_class         = TM
final_structure_path    = nan
final_structure_source  = None

Attempting prediction for AT5G44070
Done with ΔG prediction for: AT5G44070
Structure used: 0-download-inputs/data-files/AF-Q9S7Z3-F1-model_v6.pdb
DeepTMHMM_class: GLOB
Structure source: EBI-selected-UniProt

Attempting prediction for AT5G44090
Done with ΔG prediction for: AT5G44090
Structure used: 0-download-inputs/data-files/AF-Q9XGR4-F1-model_v6.pdb
DeepTMHMM_class: GLOB
Structure source: EBI-selected-UniProt

Attempting prediction for AT5G44180
Done with ΔG prediction for: AT5G44180
Structure used: 0-download-inputs/data-files/AF-Q9FFH1-F1-model_v6.pdb
DeepTMHMM_class: GLOB
Structure source: EBI-selected-UniProt

Attempting prediction for AT5G44200
Done with ΔG prediction for: AT5G44200
Structure used: 0-download-inputs/data-files/AF-Q9XFD1-F1-model_v6.pdb
DeepTMHMM_class: GLOB
Structure source: EBI-selected-UniProt

Attempting prediction for AT5G44210
Done with ΔG prediction for: AT5G44210
Structure used: 0-download-inputs/data-files/AF-Q9FE67-F1-model_v6.pdb
DeepTMHMM_class: GLOB
Structure source: EBI-selected-UniProt

Attempting prediction for AT5G44280
Done with ΔG prediction for: AT5G44280
Structure used: 0-download-inputs/data-files/AF-Q9FKW0-F1-model_v6.pdb
DeepTMHMM_class: GLOB
Structure source: EBI-selected-UniProt

Attempting prediction for AT5G44340
Done with ΔG prediction for: AT5G44340
Structure used: 0-download-inputs/data-files/AF-P24636-F1-model_v6.pdb
DeepTMHMM_class: GLOB
Structure source: EBI-selected-UniProt

Attempting prediction for AT5G44500
Done with ΔG prediction for: AT5G44500
Structure used: 0-download-inputs/data-files/AF-Q9FI15-F1-model_v6.pdb
DeepTMHMM_class: GLOB
Structure source: EBI-selected-UniProt

Attempting prediction for AT5G44550
Prediction skipped for AT5G44550:
has_verified_seq       = True
DeepTMHMM_class         = TM
final_structure_path    = 0-download-inputs/data-files/AF-Q9FI10-F1-model_v6.pdb
final_structure_source  = EBI-selected-UniProt

Attempting prediction for AT5G44560
Done with ΔG prediction for: AT5G44560
Structure used: 0-download-inputs/data-files/AF-Q0WTY4-F1-model_v6.pdb
DeepTMHMM_class: GLOB
Structure source: EBI-selected-UniProt

Attempting prediction for AT5G44790
Prediction skipped for AT5G44790:
has_verified_seq       = True
DeepTMHMM_class         = TM
final_structure_path    = 0-download-inputs/data-files/AF-Q9S7J8-F1-model_v6.pdb
final_structure_source  = EBI-selected-UniProt

Attempting prediction for AT5G44800
Done with ΔG prediction for: AT5G44800
Structure used: 0-download-inputs/data-files/AF-F4KBP5-F1-model_v6.pdb
DeepTMHMM_class: GLOB
Structure source: EBI-selected-UniProt

Attempting prediction for AT5G44930
Done with ΔG prediction for: AT5G44930
Structure used: 0-download-inputs/data-files/AF-Q9FLA5-F1-model_v6.pdb
DeepTMHMM_class: SP
Structure source: EBI-selected-UniProt

Attempting prediction for AT5G45010
Done with ΔG prediction for: AT5G45010
Structure used: 0-download-inputs/data-files/AF-Q9FL96-F1-model_v6.pdb
DeepTMHMM_class: GLOB
Structure source: EBI-selected-UniProt

Attempting prediction for AT5G45250
Done with ΔG prediction for: AT5G45250
Structure used: 0-download-inputs/data-files/AF-Q9XGM3-F1-model_v6.pdb
DeepTMHMM_class: GLOB
Structure source: EBI-selected-UniProt

Attempting prediction for AT5G45260
Prediction skipped for AT5G45260:
has_verified_seq       = True
DeepTMHMM_class         = GLOB
final_structure_path    = nan
final_structure_source  = None

Attempting prediction for AT5G45290
Prediction skipped for AT5G45290:
has_verified_seq       = True
DeepTMHMM_class         = GLOB
final_structure_path    = nan
final_structure_source  = None

Attempting prediction for AT5G45390
Done with ΔG prediction for: AT5G45390
Structure used: 0-download-inputs/data-files/AF-Q94B60-F1-model_v6.pdb
DeepTMHMM_class: GLOB
Structure source: EBI-selected-UniProt

Attempting prediction for AT5G45410
Prediction skipped for AT5G45410:
has_verified_seq       = True
DeepTMHMM_class         = TM
final_structure_path    = 0-download-inputs/data-files/AF-Q9FHJ5-F1-model_v6.pdb
final_structure_source  = EBI-selected-UniProt

Attempting prediction for AT5G45510
Prediction skipped for AT5G45510:
has_verified_seq       = True
DeepTMHMM_class         = GLOB
final_structure_path    = nan
final_structure_source  = None

Attempting prediction for AT5G45600
Done with ΔG prediction for: AT5G45600
Structure used: 0-download-inputs/data-files/AF-Q9FH40-F1-model_v6.pdb
DeepTMHMM_class: GLOB
Structure source: EBI-selected-UniProt

Attempting prediction for AT5G45620
Done with ΔG prediction for: AT5G45620
Structure used: 0-download-inputs/data-files/AF-Q8RWF0-F1-model_v6.pdb
DeepTMHMM_class: GLOB
Structure source: EBI-selected-UniProt

Attempting prediction for AT5G45750
Done with ΔG prediction for: AT5G45750
Structure used: 0-download-inputs/data-files/AF-Q9FK68-F1-model_v6.pdb
DeepTMHMM_class: GLOB
Structure source: EBI-selected-UniProt

Attempting prediction for AT5G45900
Done with ΔG prediction for: AT5G45900
Structure used: 0-download-inputs/data-files/AF-Q94CD5-F1-model_v6.pdb
DeepTMHMM_class: GLOB
Structure source: EBI-selected-UniProt

Attempting prediction for AT5G46110
Prediction skipped for AT5G46110:
has_verified_seq       = True
DeepTMHMM_class         = TM
final_structure_path    = nan
final_structure_source  = None

Attempting prediction for AT5G46210
Done with ΔG prediction for: AT5G46210
Structure used: 0-download-inputs/data-files/AF-Q8LGH4-F1-model_v6.pdb
DeepTMHMM_class: GLOB
Structure source: EBI-selected-UniProt

Attempting prediction for AT5G46240
Prediction skipped for AT5G46240:
has_verified_seq       = True
DeepTMHMM_class         = TM
final_structure_path    = 0-download-inputs/data-files/AF-Q39128-F1-model_v6.pdb
final_structure_source  = EBI-selected-UniProt

Attempting prediction for AT5G46280
Done with ΔG prediction for: AT5G46280
Structure used: 0-download-inputs/data-files/AF-Q9FL33-F1-model_v6.pdb
DeepTMHMM_class: GLOB
Structure source: EBI-selected-UniProt

Attempting prediction for AT5G46290
Prediction skipped for AT5G46290:
has_verified_seq       = True
DeepTMHMM_class         = GLOB
final_structure_path    = nan
final_structure_source  = None

Attempting prediction for AT5G46330
Prediction skipped for AT5G46330:
has_verified_seq       = True
DeepTMHMM_class         = SP+TM
final_structure_path    = 0-download-inputs/data-files/AF-Q9FL28-F1-model_v6-cleaved.pdb
final_structure_source  = EBI-selected-UniProt-cleaved

Attempting prediction for AT5G46350
Done with ΔG prediction for: AT5G46350
Structure used: 0-download-inputs/data-files/AF-Q9FL26-F1-model_v6.pdb
DeepTMHMM_class: GLOB
Structure source: EBI-selected-UniProt

Attempting prediction for AT5G46430
Done with ΔG prediction for: AT5G46430
Structure used: 0-download-inputs/data-files/AF-Q9FHG2-F1-model_v6.pdb
DeepTMHMM_class: GLOB
Structure source: EBI-selected-UniProt

Attempting prediction for AT5G46570
Done with ΔG prediction for: AT5G46570
Structure used: 0-download-inputs/data-files/AF-Q9LS26-F1-model_v6.pdb
DeepTMHMM_class: GLOB
Structure source: EBI-selected-UniProt

Attempting prediction for AT5G46630
Prediction skipped for AT5G46630:
has_verified_seq       = True
DeepTMHMM_class         = GLOB
final_structure_path    = nan
final_structure_source  = None

Attempting prediction for AT5G46640
Done with ΔG prediction for: AT5G46640
Structure used: 0-download-inputs/data-files/AF-Q9FIR1-F1-model_v6.pdb
DeepTMHMM_class: GLOB
Structure source: EBI-selected-UniProt

Attempting prediction for AT5G46750
Done with ΔG prediction for: AT5G46750
Structure used: 0-download-inputs/data-files/AF-Q9FIQ0-F1-model_v6.pdb
DeepTMHMM_class: GLOB
Structure source: EBI-selected-UniProt

Attempting prediction for AT5G46760
Done with ΔG prediction for: AT5G46760
Structure used: 0-download-inputs/data-files/AF-Q9FIP9-F1-model_v6.pdb
DeepTMHMM_class: GLOB
Structure source: EBI-selected-UniProt

Attempting prediction for AT5G46780
Done with ΔG prediction for: AT5G46780
Structure used: 0-download-inputs/data-files/AF-Q9FIP7-F1-model_v6.pdb
DeepTMHMM_class: GLOB
Structure source: EBI-selected-UniProt

Attempting prediction for AT5G46790
Done with ΔG prediction for: AT5G46790
Structure used: 0-download-inputs/data-files/AF-Q8VZS8-F1-model_v6.pdb
DeepTMHMM_class: GLOB
Structure source: EBI-selected-UniProt

Attempting prediction for AT5G46830
Done with ΔG prediction for: AT5G46830
Structure used: 0-download-inputs/data-files/AF-Q9LUK7-F1-model_v6.pdb
DeepTMHMM_class: GLOB
Structure source: EBI-selected-UniProt

Attempting prediction for AT5G46860
Prediction skipped for AT5G46860:
has_verified_seq       = True
DeepTMHMM_class         = TM
final_structure_path    = 0-download-inputs/data-files/AF-P93654-F1-model_v6.pdb
final_structure_source  = EBI-selected-UniProt

Attempting prediction for AT5G47100
Done with ΔG prediction for: AT5G47100
Structure used: 0-download-inputs/data-files/AF-Q9LTB8-F1-model_v6.pdb
DeepTMHMM_class: GLOB
Structure source: EBI-selected-UniProt

Attempting prediction for AT5G47120
Prediction skipped for AT5G47120:
has_verified_seq       = True
DeepTMHMM_class         = TM
final_structure_path    = 0-download-inputs/data-files/AF-Q9LD45-F1-model_v6.pdb
final_structure_source  = EBI-selected-UniProt

Attempting prediction for AT5G47200
Done with ΔG prediction for: AT5G47200
Structure used: 0-download-inputs/data-files/AF-Q9FPJ4-F1-model_v6.pdb
DeepTMHMM_class: GLOB
Structure source: EBI-selected-UniProt

Attempting prediction for AT5G47210
Done with ΔG prediction for: AT5G47210
Structure used: 0-download-inputs/data-files/AF-Q9LVT8-F1-model_v6.pdb
DeepTMHMM_class: GLOB
Structure source: EBI-selected-UniProt

Attempting prediction for AT5G47560
Prediction skipped for AT5G47560:
has_verified_seq       = True
DeepTMHMM_class         = TM
final_structure_path    = 0-download-inputs/data-files/AF-Q8LG88-F1-model_v6.pdb
final_structure_source  = EBI-selected-UniProt

Attempting prediction for AT5G47590
Done with ΔG prediction for: AT5G47590
Structure used: 0-download-inputs/data-files/AF-Q9FGJ8-F1-model_v6.pdb
DeepTMHMM_class: GLOB
Structure source: EBI-selected-UniProt

Attempting prediction for AT5G47640
Done with ΔG prediction for: AT5G47640
Structure used: 0-download-inputs/data-files/AF-Q9FGJ3-F1-model_v6.pdb
DeepTMHMM_class: GLOB
Structure source: EBI-selected-UniProt

Attempting prediction for AT5G47690
Prediction skipped for AT5G47690:
has_verified_seq       = True
DeepTMHMM_class         = GLOB
final_structure_path    = nan
final_structure_source  = None

Attempting prediction for AT5G47700
Done with ΔG prediction for: AT5G47700
Structure used: 0-download-inputs/data-files/AF-Q8LEQ0-F1-model_v6.pdb
DeepTMHMM_class: GLOB
Structure source: EBI-selected-UniProt

Attempting prediction for AT5G47890
Done with ΔG prediction for: AT5G47890
Structure used: 0-download-inputs/data-files/AF-Q9FIJ2-F1-model_v6.pdb
DeepTMHMM_class: GLOB
Structure source: EBI-selected-UniProt

Attempting prediction for AT5G47910
Prediction skipped for AT5G47910:
has_verified_seq       = True
DeepTMHMM_class         = TM
final_structure_path    = 0-download-inputs/data-files/AF-Q9FIJ0-F1-model_v6.pdb
final_structure_source  = EBI-selected-UniProt

Attempting prediction for AT5G48030
Done with ΔG prediction for: AT5G48030
Structure used: 0-download-inputs/data-files/AF-Q8GWW8-F1-model_v6.pdb
DeepTMHMM_class: GLOB
Structure source: EBI-selected-UniProt

Attempting prediction for AT5G48140
Done with ΔG prediction for: AT5G48140
Structure used: 0-download-inputs/data-files/AF-Q9LUB8-F1-model_v6-cleaved.pdb
DeepTMHMM_class: SP
Structure source: EBI-selected-UniProt-cleaved

Attempting prediction for AT5G48160
Done with ΔG prediction for: AT5G48160
Structure used: 0-download-inputs/data-files/AF-Q9LUB7-F1-model_v6.pdb
DeepTMHMM_class: GLOB
Structure source: EBI-selected-UniProt

Attempting prediction for AT5G48170
Done with ΔG prediction for: AT5G48170
Structure used: 0-download-inputs/data-files/AF-Q9LUB6-F1-model_v6.pdb
DeepTMHMM_class: GLOB
Structure source: EBI-selected-UniProt

Attempting prediction for AT5G48230
Done with ΔG prediction for: AT5G48230
Structure used: 0-download-inputs/data-files/AF-Q8S4Y1-F1-model_v6.pdb
DeepTMHMM_class: GLOB
Structure source: EBI-selected-UniProt

Attempting prediction for AT5G48300
Done with ΔG prediction for: AT5G48300
Structure used: 0-download-inputs/data-files/AF-P55228-F1-model_v6.pdb
DeepTMHMM_class: GLOB
Structure source: EBI-selected-UniProt

Attempting prediction for AT5G48380
Prediction skipped for AT5G48380:
has_verified_seq       = True
DeepTMHMM_class         = SP+TM
final_structure_path    = 0-download-inputs/data-files/AF-Q9ASS4-F1-model_v6-cleaved.pdb
final_structure_source  = EBI-selected-UniProt-cleaved

Attempting prediction for AT5G48570
Done with ΔG prediction for: AT5G48570
Structure used: 0-download-inputs/data-files/AF-Q9FJL3-F1-model_v6.pdb
DeepTMHMM_class: GLOB
Structure source: EBI-selected-UniProt

Attempting prediction for AT5G48630
Done with ΔG prediction for: AT5G48630
Structure used: 0-download-inputs/data-files/AF-Q9FJK7-F1-model_v6.pdb
DeepTMHMM_class: GLOB
Structure source: EBI-selected-UniProt

Attempting prediction for AT5G48650
Prediction skipped for AT5G48650:
has_verified_seq       = True
DeepTMHMM_class         = GLOB
final_structure_path    = nan
final_structure_source  = None

Attempting prediction for AT5G48820
Done with ΔG prediction for: AT5G48820
Structure used: 0-download-inputs/data-files/AF-Q9FKB5-F1-model_v6.pdb
DeepTMHMM_class: GLOB
Structure source: EBI-selected-UniProt

Attempting prediction for AT5G48870
Done with ΔG prediction for: AT5G48870
Structure used: 0-download-inputs/data-files/AF-Q9FKB0-F1-model_v6.pdb
DeepTMHMM_class: GLOB
Structure source: EBI-selected-UniProt

Attempting prediction for AT5G48930
Done with ΔG prediction for: AT5G48930
Structure used: 0-download-inputs/data-files/AF-Q9FI78-F1-model_v6.pdb
DeepTMHMM_class: GLOB
Structure source: EBI-selected-UniProt

Attempting prediction for AT5G49020
Done with ΔG prediction for: AT5G49020
Structure used: 0-download-inputs/data-files/AF-A3KPF2-F1-model_v6.pdb
DeepTMHMM_class: GLOB
Structure source: EBI-selected-UniProt

Attempting prediction for AT5G49160
Done with ΔG prediction for: AT5G49160
Structure used: 0-download-inputs/data-files/AF-P34881-F1-model_v6.pdb
DeepTMHMM_class: GLOB
Structure source: EBI-selected-UniProt

Attempting prediction for AT5G49210
Prediction skipped for AT5G49210:
has_verified_seq       = True
DeepTMHMM_class         = GLOB
final_structure_path    = nan
final_structure_source  = None

Attempting prediction for AT5G49230
Prediction skipped for AT5G49230:
has_verified_seq       = True
DeepTMHMM_class         = GLOB
final_structure_path    = nan
final_structure_source  = None

Attempting prediction for AT5G49510
Done with ΔG prediction for: AT5G49510
Structure used: 0-download-inputs/data-files/AF-P57741-F1-model_v6.pdb
DeepTMHMM_class: GLOB
Structure source: EBI-selected-UniProt

Attempting prediction for AT5G49650
Done with ΔG prediction for: AT5G49650
Structure used: 0-download-inputs/data-files/AF-Q949W8-F1-model_v6.pdb
DeepTMHMM_class: GLOB
Structure source: EBI-selected-UniProt

Attempting prediction for AT5G49660
Prediction skipped for AT5G49660:
has_verified_seq       = True
DeepTMHMM_class         = SP+TM
final_structure_path    = 0-download-inputs/data-files/AF-Q9FGL5-F1-model_v6-cleaved.pdb
final_structure_source  = EBI-selected-UniProt-cleaved

Attempting prediction for AT5G49720
Prediction skipped for AT5G49720:
has_verified_seq       = True
DeepTMHMM_class         = TM
final_structure_path    = 0-download-inputs/data-files/AF-Q38890-F1-model_v6.pdb
final_structure_source  = EBI-selected-UniProt

Attempting prediction for AT5G49760
Prediction skipped for AT5G49760:
has_verified_seq       = True
DeepTMHMM_class         = SP+TM
final_structure_path    = 0-download-inputs/data-files/AF-Q8GZ99-F1-model_v6-cleaved.pdb
final_structure_source  = EBI-selected-UniProt-cleaved

Attempting prediction for AT5G49830
Done with ΔG prediction for: AT5G49830
Structure used: 0-download-inputs/data-files/AF-Q9LTB0-F1-model_v6.pdb
DeepTMHMM_class: GLOB
Structure source: EBI-selected-UniProt

Attempting prediction for AT5G49880
Done with ΔG prediction for: AT5G49880
Structure used: 0-download-inputs/data-files/AF-Q9LTY1-F1-model_v6.pdb
DeepTMHMM_class: GLOB
Structure source: EBI-selected-UniProt

Attempting prediction for AT5G49910
Done with ΔG prediction for: AT5G49910
Structure used: 0-download-inputs/data-files/AF-Q9LTX9-F1-model_v6.pdb
DeepTMHMM_class: GLOB
Structure source: EBI-selected-UniProt

Attempting prediction for AT5G50150
Done with ΔG prediction for: AT5G50150
Structure used: 0-download-inputs/data-files/AF-Q9FG96-F1-model_v6.pdb
DeepTMHMM_class: SP
Structure source: EBI-selected-UniProt

Attempting prediction for AT5G50230
Done with ΔG prediction for: AT5G50230
Structure used: 0-download-inputs/data-files/AF-Q6NNP0-F1-model_v6.pdb
DeepTMHMM_class: GLOB
Structure source: EBI-selected-UniProt

Attempting prediction for AT5G50320
Done with ΔG prediction for: AT5G50320
Structure used: 0-download-inputs/data-files/AF-Q93ZR1-F1-model_v6.pdb
DeepTMHMM_class: GLOB
Structure source: EBI-selected-UniProt

Attempting prediction for AT5G50470
Done with ΔG prediction for: AT5G50470
Structure used: 0-download-inputs/data-files/AF-Q9FGP8-F1-model_v6.pdb
DeepTMHMM_class: GLOB
Structure source: EBI-selected-UniProt

Attempting prediction for AT5G50480
Done with ΔG prediction for: AT5G50480
Structure used: 0-download-inputs/data-files/AF-Q9FGP7-F1-model_v6.pdb
DeepTMHMM_class: GLOB
Structure source: EBI-selected-UniProt

Attempting prediction for AT5G50490
Done with ΔG prediction for: AT5G50490
Structure used: 0-download-inputs/data-files/AF-Q9FGP6-F1-model_v6.pdb
DeepTMHMM_class: GLOB
Structure source: EBI-selected-UniProt

Attempting prediction for AT5G50580
Done with ΔG prediction for: AT5G50580
Structure used: 0-download-inputs/data-files/AF-P0DI12-F1-model_v6.pdb
DeepTMHMM_class: GLOB
Structure source: EBI-selected-UniProt

Attempting prediction for AT5G50600
Done with ΔG prediction for: AT5G50600
Structure used: 0-download-inputs/data-files/AF-P0DKC5-F1-model_v6.pdb
DeepTMHMM_class: GLOB
Structure source: EBI-selected-UniProt

Attempting prediction for AT5G50680
Done with ΔG prediction for: AT5G50680
Structure used: 0-download-inputs/data-files/AF-P0DI13-F1-model_v6.pdb
DeepTMHMM_class: GLOB
Structure source: EBI-selected-UniProt

Attempting prediction for AT5G50810
Done with ΔG prediction for: AT5G50810
Structure used: 0-download-inputs/data-files/AF-Q9XGY4-F1-model_v6.pdb
DeepTMHMM_class: GLOB
Structure source: EBI-selected-UniProt

Attempting prediction for AT5G50850
Done with ΔG prediction for: AT5G50850
Structure used: 0-download-inputs/data-files/AF-Q38799-F1-model_v6.pdb
DeepTMHMM_class: GLOB
Structure source: EBI-selected-UniProt

Attempting prediction for AT5G51040
Done with ΔG prediction for: AT5G51040
Structure used: 0-download-inputs/data-files/AF-Q9FI44-F1-model_v6.pdb
DeepTMHMM_class: GLOB
Structure source: EBI-selected-UniProt

Attempting prediction for AT5G51100
Prediction skipped for AT5G51100:
has_verified_seq       = True
DeepTMHMM_class         = GLOB
final_structure_path    = nan
final_structure_source  = None

Attempting prediction for AT5G51110
Done with ΔG prediction for: AT5G51110
Structure used: 0-download-inputs/data-files/AF-Q9LU63-F1-model_v6.pdb
DeepTMHMM_class: GLOB
Structure source: EBI-selected-UniProt

Attempting prediction for AT5G51180
Prediction skipped for AT5G51180:
has_verified_seq       = True
DeepTMHMM_class         = GLOB
final_structure_path    = nan
final_structure_source  = None

Attempting prediction for AT5G51200
Prediction skipped for AT5G51200:
has_verified_seq       = True
DeepTMHMM_class         = GLOB
final_structure_path    = nan
final_structure_source  = None

Attempting prediction for AT5G51230
Prediction skipped for AT5G51230:
has_verified_seq       = True
DeepTMHMM_class         = GLOB
final_structure_path    = nan
final_structure_source  = None

Attempting prediction for AT5G51280
Done with ΔG prediction for: AT5G51280
Structure used: 0-download-inputs/data-files/AF-Q9LU46-F1-model_v6.pdb
DeepTMHMM_class: GLOB
Structure source: EBI-selected-UniProt

Attempting prediction for AT5G51570
Done with ΔG prediction for: AT5G51570
Structure used: 0-download-inputs/data-files/AF-Q9FHM7-F1-model_v6.pdb
DeepTMHMM_class: GLOB
Structure source: EBI-selected-UniProt

Attempting prediction for AT5G51660
Done with ΔG prediction for: AT5G51660
Structure used: 0-download-inputs/data-files/AF-Q9FGR0-F1-model_v6.pdb
DeepTMHMM_class: GLOB
Structure source: EBI-selected-UniProt

Attempting prediction for AT5G51700
Prediction skipped for AT5G51700:
has_verified_seq       = True
DeepTMHMM_class         = GLOB
final_structure_path    = nan
final_structure_source  = None

Attempting prediction for AT5G51820
Done with ΔG prediction for: AT5G51820
Structure used: 0-download-inputs/data-files/AF-Q9SCY0-F1-model_v6.pdb
DeepTMHMM_class: GLOB
Structure source: EBI-selected-UniProt

Attempting prediction for AT5G51940
Done with ΔG prediction for: AT5G51940
Structure used: 0-download-inputs/data-files/AF-Q9FJ98-F1-model_v6.pdb
DeepTMHMM_class: GLOB
Structure source: EBI-selected-UniProt

Attempting prediction for AT5G52040
Prediction skipped for AT5G52040:
has_verified_seq       = True
DeepTMHMM_class         = GLOB
final_structure_path    = nan
final_structure_source  = None

Attempting prediction for AT5G52240
Prediction skipped for AT5G52240:
has_verified_seq       = True
DeepTMHMM_class         = TM
final_structure_path    = 0-download-inputs/data-files/AF-Q9XFM6-F1-model_v6.pdb
final_structure_source  = EBI-selected-UniProt

Attempting prediction for AT5G52250
Done with ΔG prediction for: AT5G52250
Structure used: 0-download-inputs/data-files/AF-Q9LTJ6-F1-model_v6.pdb
DeepTMHMM_class: GLOB
Structure source: EBI-selected-UniProt

Attempting prediction for AT5G52310
Done with ΔG prediction for: AT5G52310
Structure used: 0-download-inputs/data-files/AF-Q06738-F1-model_v6.pdb
DeepTMHMM_class: GLOB
Structure source: EBI-selected-UniProt

Attempting prediction for AT5G52430
Done with ΔG prediction for: AT5G52430
Structure used: 0-download-inputs/data-files/AF-Q9FHB7-F1-model_v6.pdb
DeepTMHMM_class: GLOB
Structure source: EBI-selected-UniProt

Attempting prediction for AT5G52470
Done with ΔG prediction for: AT5G52470
Structure used: 0-download-inputs/data-files/AF-Q9FEF8-F1-model_v6.pdb
DeepTMHMM_class: GLOB
Structure source: EBI-selected-UniProt

Attempting prediction for AT5G52640
Prediction skipped for AT5G52640:
has_verified_seq       = True
DeepTMHMM_class         = GLOB
final_structure_path    = nan
final_structure_source  = None

Attempting prediction for AT5G52650
Done with ΔG prediction for: AT5G52650
Structure used: 0-download-inputs/data-files/AF-Q9LTF2-F1-model_v6.pdb
DeepTMHMM_class: GLOB
Structure source: EBI-selected-UniProt

Attempting prediction for AT5G52830
Done with ΔG prediction for: AT5G52830
Structure used: 0-download-inputs/data-files/AF-Q9FLX8-F1-model_v6.pdb
DeepTMHMM_class: GLOB
Structure source: EBI-selected-UniProt

Attempting prediction for AT5G52860
Prediction skipped for AT5G52860:
has_verified_seq       = True
DeepTMHMM_class         = TM
final_structure_path    = nan
final_structure_source  = None

Attempting prediction for AT5G52960
Done with ΔG prediction for: AT5G52960
Structure used: 0-download-inputs/data-files/AF-Q9LVV6-F1-model_v6.pdb
DeepTMHMM_class: GLOB
Structure source: EBI-selected-UniProt

Attempting prediction for AT5G53000
Done with ΔG prediction for: AT5G53000
Structure used: 0-download-inputs/data-files/AF-Q8LDQ4-F1-model_v6.pdb
DeepTMHMM_class: GLOB
Structure source: EBI-selected-UniProt

Attempting prediction for AT5G53060
Done with ΔG prediction for: AT5G53060
Structure used: 0-download-inputs/data-files/AF-Q8W4B1-F1-model_v6.pdb
DeepTMHMM_class: GLOB
Structure source: EBI-selected-UniProt

Attempting prediction for AT5G53120
Done with ΔG prediction for: AT5G53120
Structure used: 0-download-inputs/data-files/AF-Q94BN2-F1-model_v6.pdb
DeepTMHMM_class: GLOB
Structure source: EBI-selected-UniProt

Attempting prediction for AT5G53140
Done with ΔG prediction for: AT5G53140
Structure used: 0-download-inputs/data-files/AF-Q94AT1-F1-model_v6.pdb
DeepTMHMM_class: GLOB
Structure source: EBI-selected-UniProt

Attempting prediction for AT5G53160
Done with ΔG prediction for: AT5G53160
Structure used: 0-download-inputs/data-files/AF-Q9FGM1-F1-model_v6.pdb
DeepTMHMM_class: GLOB
Structure source: EBI-selected-UniProt

Attempting prediction for AT5G53400
Done with ΔG prediction for: AT5G53400
Structure used: 0-download-inputs/data-files/AF-Q9LV09-F1-model_v6.pdb
DeepTMHMM_class: GLOB
Structure source: EBI-selected-UniProt

Attempting prediction for AT5G53480
Done with ΔG prediction for: AT5G53480
Structure used: 0-download-inputs/data-files/AF-Q9FJD4-F1-model_v6.pdb
DeepTMHMM_class: GLOB
Structure source: EBI-selected-UniProt

Attempting prediction for AT5G53530
Done with ΔG prediction for: AT5G53530
Structure used: 0-download-inputs/data-files/AF-Q9FJD0-F1-model_v6.pdb
DeepTMHMM_class: GLOB
Structure source: EBI-selected-UniProt

Attempting prediction for AT5G53560
Prediction skipped for AT5G53560:
has_verified_seq       = True
DeepTMHMM_class         = TM
final_structure_path    = 0-download-inputs/data-files/AF-Q42342-F1-model_v6.pdb
final_structure_source  = EBI-selected-UniProt

Attempting prediction for AT5G53660
Done with ΔG prediction for: AT5G53660
Structure used: 0-download-inputs/data-files/AF-Q9FJB8-F1-model_v6.pdb
DeepTMHMM_class: GLOB
Structure source: EBI-selected-UniProt

Attempting prediction for AT5G53850
Done with ΔG prediction for: AT5G53850
Structure used: 0-download-inputs/data-files/AF-Q9FN41-F1-model_v6.pdb
DeepTMHMM_class: GLOB
Structure source: EBI-selected-UniProt

Attempting prediction for AT5G54160
Done with ΔG prediction for: AT5G54160
Structure used: 0-download-inputs/data-files/AF-Q9FK25-F1-model_v6.pdb
DeepTMHMM_class: GLOB
Structure source: EBI-selected-UniProt

Attempting prediction for AT5G54190
Done with ΔG prediction for: AT5G54190
Structure used: 0-download-inputs/data-files/AF-Q42536-F1-model_v6.pdb
DeepTMHMM_class: GLOB
Structure source: EBI-selected-UniProt

Attempting prediction for AT5G54260
Done with ΔG prediction for: AT5G54260
Structure used: 0-download-inputs/data-files/AF-Q9XGM2-F1-model_v6.pdb
DeepTMHMM_class: GLOB
Structure source: EBI-selected-UniProt

Attempting prediction for AT5G54270
Prediction skipped for AT5G54270:
has_verified_seq       = True
DeepTMHMM_class         = TM
final_structure_path    = 0-download-inputs/data-files/AF-Q9S7M0-F1-model_v6.pdb
final_structure_source  = EBI-selected-UniProt

Attempting prediction for AT5G54310
Done with ΔG prediction for: AT5G54310
Structure used: 0-download-inputs/data-files/AF-Q9FL69-F1-model_v6.pdb
DeepTMHMM_class: GLOB
Structure source: EBI-selected-UniProt

Attempting prediction for AT5G54390
Done with ΔG prediction for: AT5G54390
Structure used: 0-download-inputs/data-files/AF-Q38945-F1-model_v6.pdb
DeepTMHMM_class: GLOB
Structure source: EBI-selected-UniProt

Attempting prediction for AT5G54430
Done with ΔG prediction for: AT5G54430
Structure used: 0-download-inputs/data-files/AF-Q8VYN9-F1-model_v6.pdb
DeepTMHMM_class: GLOB
Structure source: EBI-selected-UniProt

Attempting prediction for AT5G54590
Prediction skipped for AT5G54590:
has_verified_seq       = True
DeepTMHMM_class         = TM
final_structure_path    = 0-download-inputs/data-files/AF-Q9FIU5-F1-model_v6.pdb
final_structure_source  = EBI-selected-UniProt

Attempting prediction for AT5G54640
Done with ΔG prediction for: AT5G54640
Structure used: 0-download-inputs/data-files/AF-Q9LD28-F1-model_v6.pdb
DeepTMHMM_class: GLOB
Structure source: EBI-selected-UniProt

Attempting prediction for AT5G54661
Prediction skipped for AT5G54661:
has_verified_seq       = False
DeepTMHMM_class         = nan
final_structure_path    = nan
final_structure_source  = None

Attempting prediction for AT5G54680
Done with ΔG prediction for: AT5G54680
Structure used: 0-download-inputs/data-files/AF-Q9FH37-F1-model_v6.pdb
DeepTMHMM_class: GLOB
Structure source: EBI-selected-UniProt

Attempting prediction for AT5G54750
Done with ΔG prediction for: AT5G54750
Structure used: 0-download-inputs/data-files/AF-Q9FFV2-F1-model_v6.pdb
DeepTMHMM_class: GLOB
Structure source: EBI-selected-UniProt

Attempting prediction for AT5G54770
Done with ΔG prediction for: AT5G54770
Structure used: 0-download-inputs/data-files/AF-Q38814-F1-model_v6.pdb
DeepTMHMM_class: GLOB
Structure source: EBI-selected-UniProt

Attempting prediction for AT5G54810
Done with ΔG prediction for: AT5G54810
Structure used: 0-download-inputs/data-files/AF-P14671-F1-model_v6.pdb
DeepTMHMM_class: GLOB
Structure source: EBI-selected-UniProt

Attempting prediction for AT5G54900
Done with ΔG prediction for: AT5G54900
Structure used: 0-download-inputs/data-files/AF-Q9FPJ8-F1-model_v6.pdb
DeepTMHMM_class: GLOB
Structure source: EBI-selected-UniProt

Attempting prediction for AT5G54960
Done with ΔG prediction for: AT5G54960
Structure used: 0-download-inputs/data-files/AF-Q9FFT4-F1-model_v6.pdb
DeepTMHMM_class: GLOB
Structure source: EBI-selected-UniProt

Attempting prediction for AT5G55070
Done with ΔG prediction for: AT5G55070
Structure used: 0-download-inputs/data-files/AF-Q9FLQ4-F1-model_v6.pdb
DeepTMHMM_class: GLOB
Structure source: EBI-selected-UniProt

Attempting prediction for AT5G55100
Prediction skipped for AT5G55100:
has_verified_seq       = True
DeepTMHMM_class         = GLOB
final_structure_path    = nan
final_structure_source  = None

Attempting prediction for AT5G55160
Done with ΔG prediction for: AT5G55160
Structure used: 0-download-inputs/data-files/AF-Q9FLP6-F1-model_v6.pdb
DeepTMHMM_class: GLOB
Structure source: EBI-selected-UniProt

Attempting prediction for AT5G55170
Done with ΔG prediction for: AT5G55170
Structure used: 0-download-inputs/data-files/AF-Q9FLP5-F1-model_v6.pdb
DeepTMHMM_class: GLOB
Structure source: EBI-selected-UniProt

Attempting prediction for AT5G55180
Prediction skipped for AT5G55180:
has_verified_seq       = True
DeepTMHMM_class         = SP
final_structure_path    = nan
final_structure_source  = None

Attempting prediction for AT5G55190
Done with ΔG prediction for: AT5G55190
Structure used: 0-download-inputs/data-files/AF-Q8H156-F1-model_v6.pdb
DeepTMHMM_class: GLOB
Structure source: EBI-selected-UniProt

Attempting prediction for AT5G55220
Done with ΔG prediction for: AT5G55220
Structure used: 0-download-inputs/data-files/AF-Q8S9L5-F1-model_v6.pdb
DeepTMHMM_class: GLOB
Structure source: EBI-selected-UniProt

Attempting prediction for AT5G55280
Done with ΔG prediction for: AT5G55280
Structure used: 0-download-inputs/data-files/AF-Q42545-F1-model_v6.pdb
DeepTMHMM_class: GLOB
Structure source: EBI-selected-UniProt

Attempting prediction for AT5G55480
Done with ΔG prediction for: AT5G55480
Structure used: 0-download-inputs/data-files/AF-Q9FJ62-F1-model_v6-cleaved.pdb
DeepTMHMM_class: SP
Structure source: EBI-selected-UniProt-cleaved

Attempting prediction for AT5G55630
Prediction skipped for AT5G55630:
has_verified_seq       = True
DeepTMHMM_class         = TM
final_structure_path    = 0-download-inputs/data-files/AF-Q8LBL1-F1-model_v6.pdb
final_structure_source  = EBI-selected-UniProt

Attempting prediction for AT5G55990
Done with ΔG prediction for: AT5G55990
Structure used: 0-download-inputs/data-files/AF-Q8LAS7-F1-model_v6.pdb
DeepTMHMM_class: GLOB
Structure source: EBI-selected-UniProt

Attempting prediction for AT5G56000
Done with ΔG prediction for: AT5G56000
Structure used: 0-download-inputs/data-files/AF-O03986-F1-model_v6.pdb
DeepTMHMM_class: GLOB
Structure source: EBI-selected-UniProt

Attempting prediction for AT5G56010
Done with ΔG prediction for: AT5G56010
Structure used: 0-download-inputs/data-files/AF-P51818-F1-model_v6.pdb
DeepTMHMM_class: GLOB
Structure source: EBI-selected-UniProt

Attempting prediction for AT5G56030
Done with ΔG prediction for: AT5G56030
Structure used: 0-download-inputs/data-files/AF-P55737-F1-model_v6.pdb
DeepTMHMM_class: GLOB
Structure source: EBI-selected-UniProt

Attempting prediction for AT5G56210
Prediction skipped for AT5G56210:
has_verified_seq       = True
DeepTMHMM_class         = TM
final_structure_path    = 0-download-inputs/data-files/AF-Q9FH18-F1-model_v6.pdb
final_structure_source  = EBI-selected-UniProt

Attempting prediction for AT5G56280
Done with ΔG prediction for: AT5G56280
Structure used: 0-download-inputs/data-files/AF-Q8W206-F1-model_v6.pdb
DeepTMHMM_class: GLOB
Structure source: EBI-selected-UniProt

Attempting prediction for AT5G56290
Done with ΔG prediction for: AT5G56290
Structure used: 0-download-inputs/data-files/AF-Q9FMA3-F1-model_v6.pdb
DeepTMHMM_class: GLOB
Structure source: EBI-selected-UniProt

Attempting prediction for AT5G56350
Done with ΔG prediction for: AT5G56350
Structure used: 0-download-inputs/data-files/AF-Q9FM97-F1-model_v6.pdb
DeepTMHMM_class: GLOB
Structure source: EBI-selected-UniProt

Attempting prediction for AT5G56360
Done with ΔG prediction for: AT5G56360
Structure used: 0-download-inputs/data-files/AF-Q9FM96-F1-model_v6-cleaved.pdb
DeepTMHMM_class: SP
Structure source: EBI-selected-UniProt-cleaved

Attempting prediction for AT5G56500
Done with ΔG prediction for: AT5G56500
Structure used: 0-download-inputs/data-files/AF-C0Z361-F1-model_v6.pdb
DeepTMHMM_class: GLOB
Structure source: EBI-selected-UniProt

Attempting prediction for AT5G56600
Done with ΔG prediction for: AT5G56600
Structure used: 0-download-inputs/data-files/AF-Q9FE63-F1-model_v6.pdb
DeepTMHMM_class: GLOB
Structure source: EBI-selected-UniProt

Attempting prediction for AT5G56670
Done with ΔG prediction for: AT5G56670
Structure used: 0-download-inputs/data-files/AF-P49689-F1-model_v6.pdb
DeepTMHMM_class: GLOB
Structure source: EBI-selected-UniProt

Attempting prediction for AT5G56740
Done with ΔG prediction for: AT5G56740
Structure used: 0-download-inputs/data-files/AF-Q9FJT8-F1-model_v6.pdb
DeepTMHMM_class: GLOB
Structure source: EBI-selected-UniProt

Attempting prediction for AT5G56750
Prediction skipped for AT5G56750:
has_verified_seq       = True
DeepTMHMM_class         = GLOB
final_structure_path    = nan
final_structure_source  = None

Attempting prediction for AT5G56760
Done with ΔG prediction for: AT5G56760
Structure used: 0-download-inputs/data-files/AF-Q42538-F1-model_v6.pdb
DeepTMHMM_class: GLOB
Structure source: EBI-selected-UniProt

Attempting prediction for AT5G56950
Done with ΔG prediction for: AT5G56950
Structure used: 0-download-inputs/data-files/AF-Q94K07-F1-model_v6.pdb
DeepTMHMM_class: GLOB
Structure source: EBI-selected-UniProt

Attempting prediction for AT5G57050
Done with ΔG prediction for: AT5G57050
Structure used: 0-download-inputs/data-files/AF-O04719-F1-model_v6.pdb
DeepTMHMM_class: GLOB
Structure source: EBI-selected-UniProt

Attempting prediction for AT5G57090
Prediction skipped for AT5G57090:
has_verified_seq       = True
DeepTMHMM_class         = TM
final_structure_path    = 0-download-inputs/data-files/AF-Q9LU77-F1-model_v6.pdb
final_structure_source  = EBI-selected-UniProt

Attempting prediction for AT5G57110
Prediction skipped for AT5G57110:
has_verified_seq       = True
DeepTMHMM_class         = TM
final_structure_path    = 0-download-inputs/data-files/AF-Q9LF79-F1-model_v6.pdb
final_structure_source  = EBI-selected-UniProt

Attempting prediction for AT5G57160
Done with ΔG prediction for: AT5G57160
Structure used: 0-download-inputs/data-files/AF-Q9LL84-F1-model_v6.pdb
DeepTMHMM_class: GLOB
Structure source: EBI-selected-UniProt

Attempting prediction for AT5G57180
Done with ΔG prediction for: AT5G57180
Structure used: 0-download-inputs/data-files/AF-Q9LU68-F1-model_v6.pdb
DeepTMHMM_class: GLOB
Structure source: EBI-selected-UniProt

Attempting prediction for AT5G57360
Done with ΔG prediction for: AT5G57360
Structure used: 0-download-inputs/data-files/AF-Q94BT6-F1-model_v6.pdb
DeepTMHMM_class: GLOB
Structure source: EBI-selected-UniProt

Attempting prediction for AT5G57380
Done with ΔG prediction for: AT5G57380
Structure used: 0-download-inputs/data-files/AF-Q9FIE3-F1-model_v6.pdb
DeepTMHMM_class: GLOB
Structure source: EBI-selected-UniProt

Attempting prediction for AT5G57710
Done with ΔG prediction for: AT5G57710
Structure used: 0-download-inputs/data-files/AF-Q9FHH2-F1-model_v6.pdb
DeepTMHMM_class: GLOB
Structure source: EBI-selected-UniProt

Attempting prediction for AT5G57870
Done with ΔG prediction for: AT5G57870
Structure used: 0-download-inputs/data-files/AF-Q93ZT6-F1-model_v6.pdb
DeepTMHMM_class: GLOB
Structure source: EBI-selected-UniProt

Attempting prediction for AT5G57940
Prediction skipped for AT5G57940:
has_verified_seq       = True
DeepTMHMM_class         = TM
final_structure_path    = 0-download-inputs/data-files/AF-Q8RWS9-F1-model_v6.pdb
final_structure_source  = EBI-selected-UniProt

Attempting prediction for AT5G58003
Done with ΔG prediction for: AT5G58003
Structure used: 0-download-inputs/data-files/AF-Q00IB6-F1-model_v6.pdb
DeepTMHMM_class: GLOB
Structure source: EBI-selected-UniProt

Attempting prediction for AT5G58030
Done with ΔG prediction for: AT5G58030
Structure used: 0-download-inputs/data-files/AF-Q9FGU1-F1-model_v6.pdb
DeepTMHMM_class: GLOB
Structure source: EBI-selected-UniProt

Attempting prediction for AT5G58040
Prediction skipped for AT5G58040:
has_verified_seq       = True
DeepTMHMM_class         = GLOB
final_structure_path    = nan
final_structure_source  = None

Attempting prediction for AT5G58060
Done with ΔG prediction for: AT5G58060
Structure used: 0-download-inputs/data-files/AF-Q9ZRD6-F1-model_v6.pdb
DeepTMHMM_class: GLOB
Structure source: EBI-selected-UniProt

Attempting prediction for AT5G58140
Done with ΔG prediction for: AT5G58140
Structure used: 0-download-inputs/data-files/AF-P93025-F1-model_v6.pdb
DeepTMHMM_class: GLOB
Structure source: EBI-selected-UniProt

Attempting prediction for AT5G58150
Prediction skipped for AT5G58150:
has_verified_seq       = True
DeepTMHMM_class         = SP+TM
final_structure_path    = 0-download-inputs/data-files/AF-Q9LVN2-F1-model_v6-cleaved.pdb
final_structure_source  = EBI-selected-UniProt-cleaved

Attempting prediction for AT5G58220
Prediction skipped for AT5G58220:
has_verified_seq       = True
DeepTMHMM_class         = GLOB
final_structure_path    = nan
final_structure_source  = None

Attempting prediction for AT5G58230
Done with ΔG prediction for: AT5G58230
Structure used: 0-download-inputs/data-files/AF-O22467-F1-model_v6.pdb
DeepTMHMM_class: GLOB
Structure source: EBI-selected-UniProt

Attempting prediction for AT5G58270
Prediction skipped for AT5G58270:
has_verified_seq       = True
DeepTMHMM_class         = TM
final_structure_path    = 0-download-inputs/data-files/AF-Q9LVM1-F1-model_v6.pdb
final_structure_source  = EBI-selected-UniProt

Attempting prediction for AT5G58290
Done with ΔG prediction for: AT5G58290
Structure used: 0-download-inputs/data-files/AF-Q9SEI4-F1-model_v6.pdb
DeepTMHMM_class: GLOB
Structure source: EBI-selected-UniProt

Attempting prediction for AT5G58430
Done with ΔG prediction for: AT5G58430
Structure used: 0-download-inputs/data-files/AF-Q9FGH9-F1-model_v6.pdb
DeepTMHMM_class: GLOB
Structure source: EBI-selected-UniProt

Attempting prediction for AT5G58470
Done with ΔG prediction for: AT5G58470
Structure used: 0-download-inputs/data-files/AF-Q94KD0-F1-model_v6.pdb
DeepTMHMM_class: GLOB
Structure source: EBI-selected-UniProt

Attempting prediction for AT5G58490
Done with ΔG prediction for: AT5G58490
Structure used: 0-download-inputs/data-files/AF-Q9FGH3-F1-model_v6.pdb
DeepTMHMM_class: GLOB
Structure source: EBI-selected-UniProt

Attempting prediction for AT5G58550
Prediction skipped for AT5G58550:
has_verified_seq       = True
DeepTMHMM_class         = GLOB
final_structure_path    = nan
final_structure_source  = None

Attempting prediction for AT5G58900
Done with ΔG prediction for: AT5G58900
Structure used: 0-download-inputs/data-files/AF-Q9FIL9-F1-model_v6.pdb
DeepTMHMM_class: GLOB
Structure source: EBI-selected-UniProt

Attempting prediction for AT5G59160
Done with ΔG prediction for: AT5G59160
Structure used: 0-download-inputs/data-files/AF-P48482-F1-model_v6.pdb
DeepTMHMM_class: GLOB
Structure source: EBI-selected-UniProt

Attempting prediction for AT5G59310
Done with ΔG prediction for: AT5G59310
Structure used: 0-download-inputs/data-files/AF-Q9LLR6-F1-model_v6-cleaved.pdb
DeepTMHMM_class: SP
Structure source: EBI-selected-UniProt-cleaved

Attempting prediction for AT5G59320
Done with ΔG prediction for: AT5G59320
Structure used: 0-download-inputs/data-files/AF-Q9LLR7-F1-model_v6-cleaved.pdb
DeepTMHMM_class: SP
Structure source: EBI-selected-UniProt-cleaved

Attempting prediction for AT5G59380
Done with ΔG prediction for: AT5G59380
Structure used: 0-download-inputs/data-files/AF-Q9LTJ1-F1-model_v6.pdb
DeepTMHMM_class: GLOB
Structure source: EBI-selected-UniProt

Attempting prediction for AT5G59570
Done with ΔG prediction for: AT5G59570
Structure used: 0-download-inputs/data-files/AF-Q9LTH4-F1-model_v6.pdb
DeepTMHMM_class: GLOB
Structure source: EBI-selected-UniProt

Attempting prediction for AT5G59700
Prediction skipped for AT5G59700:
has_verified_seq       = True
DeepTMHMM_class         = SP+TM
final_structure_path    = 0-download-inputs/data-files/AF-Q9FN92-F1-model_v6-cleaved.pdb
final_structure_source  = EBI-selected-UniProt-cleaved

Attempting prediction for AT5G59730
Done with ΔG prediction for: AT5G59730
Structure used: 0-download-inputs/data-files/AF-Q9FN91-F1-model_v6.pdb
DeepTMHMM_class: GLOB
Structure source: EBI-selected-UniProt

Attempting prediction for AT5G59800
Done with ΔG prediction for: AT5G59800
Structure used: 0-download-inputs/data-files/AF-Q9FJF4-F1-model_v6.pdb
DeepTMHMM_class: GLOB
Structure source: EBI-selected-UniProt

Attempting prediction for AT5G59850
Done with ΔG prediction for: AT5G59850
Structure used: 0-download-inputs/data-files/AF-P42798-F1-model_v6.pdb
DeepTMHMM_class: GLOB
Structure source: EBI-selected-UniProt

Attempting prediction for AT5G59880
Done with ΔG prediction for: AT5G59880
Structure used: 0-download-inputs/data-files/AF-Q9ZSK4-F1-model_v6.pdb
DeepTMHMM_class: GLOB
Structure source: EBI-selected-UniProt

Attempting prediction for AT5G59950
Prediction skipped for AT5G59950:
has_verified_seq       = True
DeepTMHMM_class         = GLOB
final_structure_path    = nan
final_structure_source  = None

Attempting prediction for AT5G59970
Done with ΔG prediction for: AT5G59970
Structure used: 0-download-inputs/data-files/AF-P59259-F1-model_v6.pdb
DeepTMHMM_class: GLOB
Structure source: EBI-selected-UniProt

Attempting prediction for AT5G59980
Prediction skipped for AT5G59980:
has_verified_seq       = True
DeepTMHMM_class         = GLOB
final_structure_path    = nan
final_structure_source  = None

Attempting prediction for AT5G60100
Done with ΔG prediction for: AT5G60100
Structure used: 0-download-inputs/data-files/AF-Q9LVG4-F1-model_v6.pdb
DeepTMHMM_class: GLOB
Structure source: EBI-selected-UniProt

Attempting prediction for AT5G60120
Done with ΔG prediction for: AT5G60120
Structure used: 0-download-inputs/data-files/AF-Q9LVG2-F1-model_v6.pdb
DeepTMHMM_class: GLOB
Structure source: EBI-selected-UniProt

Attempting prediction for AT5G60160
Done with ΔG prediction for: AT5G60160
Structure used: 0-download-inputs/data-files/AF-Q9LST0-F1-model_v6.pdb
DeepTMHMM_class: GLOB
Structure source: EBI-selected-UniProt

Attempting prediction for AT5G60390
Done with ΔG prediction for: AT5G60390
Structure used: 0-download-inputs/data-files/AF-Q8GTY0-F1-model_v6.pdb
DeepTMHMM_class: GLOB
Structure source: EBI-selected-UniProt

Attempting prediction for AT5G60410
Prediction skipped for AT5G60410:
has_verified_seq       = True
DeepTMHMM_class         = GLOB
final_structure_path    = nan
final_structure_source  = None

Attempting prediction for AT5G60450
Prediction skipped for AT5G60450:
has_verified_seq       = True
DeepTMHMM_class         = GLOB
final_structure_path    = nan
final_structure_source  = None

Attempting prediction for AT5G60540
Prediction skipped for AT5G60540:
has_verified_seq       = True
DeepTMHMM_class         = GLOB
final_structure_path    = nan
final_structure_source  = None

Attempting prediction for AT5G60640
Done with ΔG prediction for: AT5G60640
Structure used: 0-download-inputs/data-files/AF-Q9FF55-F1-model_v6-cleaved.pdb
DeepTMHMM_class: SP
Structure source: EBI-selected-UniProt-cleaved

Attempting prediction for AT5G60910
Done with ΔG prediction for: AT5G60910
Structure used: 0-download-inputs/data-files/AF-Q38876-F1-model_v6.pdb
DeepTMHMM_class: GLOB
Structure source: EBI-selected-UniProt

Attempting prediction for AT5G60930
Done with ΔG prediction for: AT5G60930
Structure used: 0-download-inputs/data-files/AF-F4K0J3-F1-model_v6.pdb
DeepTMHMM_class: GLOB
Structure source: EBI-selected-UniProt

Attempting prediction for AT5G60960
Done with ΔG prediction for: AT5G60960
Structure used: 0-download-inputs/data-files/AF-Q9FME4-F1-model_v6.pdb
DeepTMHMM_class: GLOB
Structure source: EBI-selected-UniProt

Attempting prediction for AT5G60980
Done with ΔG prediction for: AT5G60980
Structure used: 0-download-inputs/data-files/AF-Q9FME2-F1-model_v6.pdb
DeepTMHMM_class: GLOB
Structure source: EBI-selected-UniProt

Attempting prediction for AT5G61060
Done with ΔG prediction for: AT5G61060
Structure used: 0-download-inputs/data-files/AF-Q8RX28-F1-model_v6.pdb
DeepTMHMM_class: GLOB
Structure source: EBI-selected-UniProt

Attempting prediction for AT5G61150
Prediction skipped for AT5G61150:
has_verified_seq       = True
DeepTMHMM_class         = GLOB
final_structure_path    = nan
final_structure_source  = None

Attempting prediction for AT5G61210
Done with ΔG prediction for: AT5G61210
Structure used: 0-download-inputs/data-files/AF-Q9S7P9-F1-model_v6.pdb
DeepTMHMM_class: GLOB
Structure source: EBI-selected-UniProt

Attempting prediction for AT5G61270
Done with ΔG prediction for: AT5G61270
Structure used: 0-download-inputs/data-files/AF-Q570R7-F1-model_v6.pdb
DeepTMHMM_class: GLOB
Structure source: EBI-selected-UniProt

Attempting prediction for AT5G61380
Done with ΔG prediction for: AT5G61380
Structure used: 0-download-inputs/data-files/AF-Q9LKL2-F1-model_v6.pdb
DeepTMHMM_class: GLOB
Structure source: EBI-selected-UniProt

Attempting prediction for AT5G61500
Done with ΔG prediction for: AT5G61500
Structure used: 0-download-inputs/data-files/AF-Q0WWQ1-F1-model_v6.pdb
DeepTMHMM_class: GLOB
Structure source: EBI-selected-UniProt

Attempting prediction for AT5G61600
Done with ΔG prediction for: AT5G61600
Structure used: 0-download-inputs/data-files/AF-Q9FKG1-F1-model_v6.pdb
DeepTMHMM_class: GLOB
Structure source: EBI-selected-UniProt

Attempting prediction for AT5G61780
Done with ΔG prediction for: AT5G61780
Structure used: 0-download-inputs/data-files/AF-Q9FLT0-F1-model_v6.pdb
DeepTMHMM_class: GLOB
Structure source: EBI-selected-UniProt

Attempting prediction for AT5G61850
Prediction skipped for AT5G61850:
has_verified_seq       = True
DeepTMHMM_class         = GLOB
final_structure_path    = nan
final_structure_source  = None

Attempting prediction for AT5G61900
Done with ΔG prediction for: AT5G61900
Structure used: 0-download-inputs/data-files/AF-Q941L3-F1-model_v6.pdb
DeepTMHMM_class: GLOB
Structure source: EBI-selected-UniProt

Attempting prediction for AT5G61920
Done with ΔG prediction for: AT5G61920
Structure used: 0-download-inputs/data-files/AF-Q9FH51-F1-model_v6.pdb
DeepTMHMM_class: GLOB
Structure source: EBI-selected-UniProt

Attempting prediction for AT5G62000
Done with ΔG prediction for: AT5G62000
Structure used: 0-download-inputs/data-files/AF-Q94JM3-F1-model_v6.pdb
DeepTMHMM_class: GLOB
Structure source: EBI-selected-UniProt

Attempting prediction for AT5G62090
Done with ΔG prediction for: AT5G62090
Structure used: 0-download-inputs/data-files/AF-Q94BP0-F1-model_v6.pdb
DeepTMHMM_class: GLOB
Structure source: EBI-selected-UniProt

Attempting prediction for AT5G62190
Done with ΔG prediction for: AT5G62190
Structure used: 0-download-inputs/data-files/AF-Q39189-F1-model_v6.pdb
DeepTMHMM_class: GLOB
Structure source: EBI-selected-UniProt

Attempting prediction for AT5G62200
Done with ΔG prediction for: AT5G62200
Structure used: 0-download-inputs/data-files/AF-Q6NPM5-F1-model_v6-cleaved.pdb
DeepTMHMM_class: SP
Structure source: EBI-selected-UniProt-cleaved

Attempting prediction for AT5G62230
Prediction skipped for AT5G62230:
has_verified_seq       = True
DeepTMHMM_class         = SP+TM
final_structure_path    = 0-download-inputs/data-files/AF-C0LGW6-F1-model_v6-cleaved.pdb
final_structure_source  = EBI-selected-UniProt-cleaved

Attempting prediction for AT5G62300
Done with ΔG prediction for: AT5G62300
Structure used: 0-download-inputs/data-files/AF-P49200-F1-model_v6.pdb
DeepTMHMM_class: GLOB
Structure source: EBI-selected-UniProt

Attempting prediction for AT5G62390
Done with ΔG prediction for: AT5G62390
Structure used: 0-download-inputs/data-files/AF-Q9LVA0-F1-model_v6.pdb
DeepTMHMM_class: GLOB
Structure source: EBI-selected-UniProt

Attempting prediction for AT5G62430
Done with ΔG prediction for: AT5G62430
Structure used: 0-download-inputs/data-files/AF-Q8W1E3-F1-model_v6.pdb
DeepTMHMM_class: GLOB
Structure source: EBI-selected-UniProt

Attempting prediction for AT5G62440
Done with ΔG prediction for: AT5G62440
Structure used: 0-download-inputs/data-files/AF-Q8L557-F1-model_v6.pdb
DeepTMHMM_class: GLOB
Structure source: EBI-selected-UniProt

Attempting prediction for AT5G62500
Done with ΔG prediction for: AT5G62500
Structure used: 0-download-inputs/data-files/AF-Q9FJJ5-F1-model_v6.pdb
DeepTMHMM_class: GLOB
Structure source: EBI-selected-UniProt

Attempting prediction for AT5G62575
Prediction skipped for AT5G62575:
has_verified_seq       = True
DeepTMHMM_class         = TM
final_structure_path    = 0-download-inputs/data-files/AF-Q3E870-F1-model_v6.pdb
final_structure_source  = EBI-selected-UniProt

Attempting prediction for AT5G62600
Done with ΔG prediction for: AT5G62600
Structure used: 0-download-inputs/data-files/AF-Q8GUL2-F1-model_v6.pdb
DeepTMHMM_class: GLOB
Structure source: EBI-selected-UniProt

Attempting prediction for AT5G62690
Done with ΔG prediction for: AT5G62690
Structure used: 0-download-inputs/data-files/AF-Q56YW9-F1-model_v6.pdb
DeepTMHMM_class: GLOB
Structure source: EBI-selected-UniProt

Attempting prediction for AT5G62700
Done with ΔG prediction for: AT5G62700
Structure used: 0-download-inputs/data-files/AF-Q9ASR0-F1-model_v6.pdb
DeepTMHMM_class: GLOB
Structure source: EBI-selected-UniProt

Attempting prediction for AT5G62740
Done with ΔG prediction for: AT5G62740
Structure used: 0-download-inputs/data-files/AF-Q9FM19-F1-model_v6.pdb
DeepTMHMM_class: GLOB
Structure source: EBI-selected-UniProt

Attempting prediction for AT5G62790
Done with ΔG prediction for: AT5G62790
Structure used: 0-download-inputs/data-files/AF-Q9XFS9-F1-model_v6.pdb
DeepTMHMM_class: GLOB
Structure source: EBI-selected-UniProt

Attempting prediction for AT5G62810
Done with ΔG prediction for: AT5G62810
Structure used: 0-download-inputs/data-files/AF-Q9FXT6-F1-model_v6.pdb
DeepTMHMM_class: GLOB
Structure source: EBI-selected-UniProt

Attempting prediction for AT5G62880
Done with ΔG prediction for: AT5G62880
Structure used: 0-download-inputs/data-files/AF-O82481-F1-model_v6.pdb
DeepTMHMM_class: GLOB
Structure source: EBI-selected-UniProt

Attempting prediction for AT5G62950
Prediction skipped for AT5G62950:
has_verified_seq       = True
DeepTMHMM_class         = GLOB
final_structure_path    = nan
final_structure_source  = None

Attempting prediction for AT5G63110
Done with ΔG prediction for: AT5G63110
Structure used: 0-download-inputs/data-files/AF-Q9FML2-F1-model_v6.pdb
DeepTMHMM_class: GLOB
Structure source: EBI-selected-UniProt

Attempting prediction for AT5G63190
Done with ΔG prediction for: AT5G63190
Structure used: 0-download-inputs/data-files/AF-Q94BR1-F1-model_v6.pdb
DeepTMHMM_class: GLOB
Structure source: EBI-selected-UniProt

Attempting prediction for AT5G63310
Done with ΔG prediction for: AT5G63310
Structure used: 0-download-inputs/data-files/AF-O64903-F1-model_v6.pdb
DeepTMHMM_class: GLOB
Structure source: EBI-selected-UniProt

Attempting prediction for AT5G63370
Prediction skipped for AT5G63370:
has_verified_seq       = True
DeepTMHMM_class         = GLOB
final_structure_path    = nan
final_structure_source  = None

Attempting prediction for AT5G63470
Done with ΔG prediction for: AT5G63470
Structure used: 0-download-inputs/data-files/AF-Q9FMV5-F1-model_v6.pdb
DeepTMHMM_class: GLOB
Structure source: EBI-selected-UniProt

Attempting prediction for AT5G63510
Prediction skipped for AT5G63510:
has_verified_seq       = True
DeepTMHMM_class         = GLOB
final_structure_path    = nan
final_structure_source  = None

Attempting prediction for AT5G63530
Done with ΔG prediction for: AT5G63530
Structure used: 0-download-inputs/data-files/AF-Q9C5D3-F1-model_v6.pdb
DeepTMHMM_class: GLOB
Structure source: EBI-selected-UniProt

Attempting prediction for AT5G63570
Done with ΔG prediction for: AT5G63570
Structure used: 0-download-inputs/data-files/AF-P42799-F1-model_v6.pdb
DeepTMHMM_class: GLOB
Structure source: EBI-selected-UniProt

Attempting prediction for AT5G63610
Done with ΔG prediction for: AT5G63610
Structure used: 0-download-inputs/data-files/AF-Q84TI6-F1-model_v6.pdb
DeepTMHMM_class: GLOB
Structure source: EBI-selected-UniProt

Attempting prediction for AT5G63670
Prediction skipped for AT5G63670:
has_verified_seq       = True
DeepTMHMM_class         = GLOB
final_structure_path    = nan
final_structure_source  = None

Attempting prediction for AT5G63860
Done with ΔG prediction for: AT5G63860
Structure used: 0-download-inputs/data-files/AF-Q9FN03-F1-model_v6.pdb
DeepTMHMM_class: GLOB
Structure source: EBI-selected-UniProt

Attempting prediction for AT5G63870
Done with ΔG prediction for: AT5G63870
Structure used: 0-download-inputs/data-files/AF-Q9FN02-F1-model_v6.pdb
DeepTMHMM_class: GLOB
Structure source: EBI-selected-UniProt

Attempting prediction for AT5G63970
Prediction skipped for AT5G63970:
has_verified_seq       = True
DeepTMHMM_class         = GLOB
final_structure_path    = nan
final_structure_source  = None

Attempting prediction for AT5G63980
Prediction skipped for AT5G63980:
has_verified_seq       = True
DeepTMHMM_class         = GLOB
final_structure_path    = nan
final_structure_source  = None

Attempting prediction for AT5G64040
Done with ΔG prediction for: AT5G64040
Structure used: 0-download-inputs/data-files/AF-P49107-F1-model_v6.pdb
DeepTMHMM_class: GLOB
Structure source: EBI-selected-UniProt

Attempting prediction for AT5G64070
Done with ΔG prediction for: AT5G64070
Structure used: 0-download-inputs/data-files/AF-Q9FMJ0-F1-model_v6.pdb
DeepTMHMM_class: GLOB
Structure source: EBI-selected-UniProt

Attempting prediction for AT5G64110
Done with ΔG prediction for: AT5G64110
Structure used: 0-download-inputs/data-files/AF-Q9FMI7-F1-model_v6-cleaved.pdb
DeepTMHMM_class: SP
Structure source: EBI-selected-UniProt-cleaved

Attempting prediction for AT5G64140
Done with ΔG prediction for: AT5G64140
Structure used: 0-download-inputs/data-files/AF-P34789-F1-model_v6.pdb
DeepTMHMM_class: GLOB
Structure source: EBI-selected-UniProt

Attempting prediction for AT5G64260
Done with ΔG prediction for: AT5G64260
Structure used: 0-download-inputs/data-files/AF-Q9FE06-F1-model_v6-cleaved.pdb
DeepTMHMM_class: SP
Structure source: EBI-selected-UniProt-cleaved

Attempting prediction for AT5G64330
Prediction skipped for AT5G64330:
has_verified_seq       = True
DeepTMHMM_class         = GLOB
final_structure_path    = nan
final_structure_source  = None

Attempting prediction for AT5G64430
Done with ΔG prediction for: AT5G64430
Structure used: 0-download-inputs/data-files/AF-Q9FGF3-F1-model_v6.pdb
DeepTMHMM_class: GLOB
Structure source: EBI-selected-UniProt

Attempting prediction for AT5G64610
Done with ΔG prediction for: AT5G64610
Structure used: 0-download-inputs/data-files/AF-Q9FLF7-F1-model_v6.pdb
DeepTMHMM_class: GLOB
Structure source: EBI-selected-UniProt

Attempting prediction for AT5G64740
Prediction skipped for AT5G64740:
has_verified_seq       = True
DeepTMHMM_class         = TM
final_structure_path    = 0-download-inputs/data-files/AF-Q94JQ6-F1-model_v6.pdb
final_structure_source  = EBI-selected-UniProt

Attempting prediction for AT5G64850
Prediction skipped for AT5G64850:
has_verified_seq       = True
DeepTMHMM_class         = GLOB
final_structure_path    = nan
final_structure_source  = None

Attempting prediction for AT5G64930
Prediction skipped for AT5G64930:
has_verified_seq       = True
DeepTMHMM_class         = TM
final_structure_path    = 0-download-inputs/data-files/AF-Q9LV85-F1-model_v6.pdb
final_structure_source  = EBI-selected-UniProt

Attempting prediction for AT5G64940
Prediction skipped for AT5G64940:
has_verified_seq       = True
DeepTMHMM_class         = TM
final_structure_path    = nan
final_structure_source  = None

Attempting prediction for AT5G64960
Done with ΔG prediction for: AT5G64960
Structure used: 0-download-inputs/data-files/AF-Q8W4P1-F1-model_v6.pdb
DeepTMHMM_class: GLOB
Structure source: EBI-selected-UniProt

Attempting prediction for AT5G65020
Done with ΔG prediction for: AT5G65020
Structure used: 0-download-inputs/data-files/AF-Q9XEE2-F1-model_v6.pdb
DeepTMHMM_class: GLOB
Structure source: EBI-selected-UniProt

Attempting prediction for AT5G65160
Done with ΔG prediction for: AT5G65160
Structure used: 0-download-inputs/data-files/AF-Q9FJQ0-F1-model_v6.pdb
DeepTMHMM_class: GLOB
Structure source: EBI-selected-UniProt

Attempting prediction for AT5G65220
Done with ΔG prediction for: AT5G65220
Structure used: 0-download-inputs/data-files/AF-Q9FJP3-F1-model_v6.pdb
DeepTMHMM_class: GLOB
Structure source: EBI-selected-UniProt

Attempting prediction for AT5G65360
Done with ΔG prediction for: AT5G65360
Structure used: 0-download-inputs/data-files/AF-P59226-F1-model_v6.pdb
DeepTMHMM_class: GLOB
Structure source: EBI-selected-UniProt

Attempting prediction for AT5G65410
Done with ΔG prediction for: AT5G65410
Structure used: 0-download-inputs/data-files/AF-Q9FKP8-F1-model_v6.pdb
DeepTMHMM_class: GLOB
Structure source: EBI-selected-UniProt

Attempting prediction for AT5G65420
Done with ΔG prediction for: AT5G65420
Structure used: 0-download-inputs/data-files/AF-Q8LGA1-F1-model_v6.pdb
DeepTMHMM_class: GLOB
Structure source: EBI-selected-UniProt

Attempting prediction for AT5G65430
Prediction skipped for AT5G65430:
has_verified_seq       = True
DeepTMHMM_class         = GLOB
final_structure_path    = nan
final_structure_source  = None

Attempting prediction for AT5G65700
Prediction skipped for AT5G65700:
has_verified_seq       = True
DeepTMHMM_class         = SP+TM
final_structure_path    = 0-download-inputs/data-files/AF-O49545-F1-model_v6-cleaved.pdb
final_structure_source  = EBI-selected-UniProt-cleaved

Attempting prediction for AT5G65720
Done with ΔG prediction for: AT5G65720
Structure used: 0-download-inputs/data-files/AF-O49543-F1-model_v6.pdb
DeepTMHMM_class: GLOB
Structure source: EBI-selected-UniProt

Attempting prediction for AT5G65780
Done with ΔG prediction for: AT5G65780
Structure used: 0-download-inputs/data-files/AF-Q9FYA6-F1-model_v6.pdb
DeepTMHMM_class: GLOB
Structure source: EBI-selected-UniProt

Attempting prediction for AT5G65800
Done with ΔG prediction for: AT5G65800
Structure used: 0-download-inputs/data-files/AF-Q37001-F1-model_v6.pdb
DeepTMHMM_class: GLOB
Structure source: EBI-selected-UniProt

Attempting prediction for AT5G65930
Done with ΔG prediction for: AT5G65930
Structure used: 0-download-inputs/data-files/AF-Q9FHN8-F1-model_v6.pdb
DeepTMHMM_class: GLOB
Structure source: EBI-selected-UniProt

Attempting prediction for AT5G65950
Done with ΔG prediction for: AT5G65950
Structure used: 0-download-inputs/data-files/AF-F4JXM9-F1-model_v6.pdb
DeepTMHMM_class: GLOB
Structure source: EBI-selected-UniProt

Attempting prediction for AT5G66030
Done with ΔG prediction for: AT5G66030
Structure used: 0-download-inputs/data-files/AF-Q8S2T0-F1-model_v6.pdb
DeepTMHMM_class: GLOB
Structure source: EBI-selected-UniProt

Attempting prediction for AT5G66120
Done with ΔG prediction for: AT5G66120
Structure used: 0-download-inputs/data-files/AF-Q8VYV7-F1-model_v6.pdb
DeepTMHMM_class: GLOB
Structure source: EBI-selected-UniProt

Attempting prediction for AT5G66140
Done with ΔG prediction for: AT5G66140
Structure used: 0-download-inputs/data-files/AF-O24616-F1-model_v6.pdb
DeepTMHMM_class: GLOB
Structure source: EBI-selected-UniProt

Attempting prediction for AT5G66190
Done with ΔG prediction for: AT5G66190
Structure used: 0-download-inputs/data-files/AF-Q9FKW6-F1-model_v6.pdb
DeepTMHMM_class: GLOB
Structure source: EBI-selected-UniProt

Attempting prediction for AT5G66240
Prediction skipped for AT5G66240:
has_verified_seq       = True
DeepTMHMM_class         = GLOB
final_structure_path    = nan
final_structure_source  = None

Attempting prediction for AT5G66280
Done with ΔG prediction for: AT5G66280
Structure used: 0-download-inputs/data-files/AF-Q9SNY3-F1-model_v6.pdb
DeepTMHMM_class: GLOB
Structure source: EBI-selected-UniProt

Attempting prediction for AT5G66470
Done with ΔG prediction for: AT5G66470
Structure used: 0-download-inputs/data-files/AF-Q8VZ74-F1-model_v6.pdb
DeepTMHMM_class: GLOB
Structure source: EBI-selected-UniProt

Attempting prediction for AT5G66570
Prediction skipped for AT5G66570:
has_verified_seq       = True
DeepTMHMM_class         = TM
final_structure_path    = 0-download-inputs/data-files/AF-P23321-F1-model_v6.pdb
final_structure_source  = EBI-selected-UniProt

Attempting prediction for AT5G66680
Prediction skipped for AT5G66680:
has_verified_seq       = True
DeepTMHMM_class         = SP+TM
final_structure_path    = 0-download-inputs/data-files/AF-Q944K2-F1-model_v6-cleaved.pdb
final_structure_source  = EBI-selected-UniProt-cleaved

Attempting prediction for AT5G66750
Done with ΔG prediction for: AT5G66750
Structure used: 0-download-inputs/data-files/AF-Q9XFH4-F1-model_v6.pdb
DeepTMHMM_class: GLOB
Structure source: EBI-selected-UniProt

Attempting prediction for AT5G66790
Prediction skipped for AT5G66790:
has_verified_seq       = True
DeepTMHMM_class         = SP+TM
final_structure_path    = 0-download-inputs/data-files/AF-Q8GYF5-F1-model_v6-cleaved.pdb
final_structure_source  = EBI-selected-UniProt-cleaved

Attempting prediction for AT5G66850
Done with ΔG prediction for: AT5G66850
Structure used: 0-download-inputs/data-files/AF-Q9C5H5-F1-model_v6.pdb
DeepTMHMM_class: GLOB
Structure source: EBI-selected-UniProt

Attempting prediction for AT5G66880
Done with ΔG prediction for: AT5G66880
Structure used: 0-download-inputs/data-files/AF-Q39193-F1-model_v6.pdb
DeepTMHMM_class: GLOB
Structure source: EBI-selected-UniProt

Attempting prediction for AT5G66930
Done with ΔG prediction for: AT5G66930
Structure used: 0-download-inputs/data-files/AF-F4K265-F1-model_v6.pdb
DeepTMHMM_class: GLOB
Structure source: EBI-selected-UniProt

Attempting prediction for AT5G67100
Done with ΔG prediction for: AT5G67100
Structure used: 0-download-inputs/data-files/AF-Q9FHA3-F1-model_v6.pdb
DeepTMHMM_class: GLOB
Structure source: EBI-selected-UniProt

Attempting prediction for AT5G67250
Done with ΔG prediction for: AT5G67250
Structure used: 0-download-inputs/data-files/AF-Q9FE83-F1-model_v6.pdb
DeepTMHMM_class: GLOB
Structure source: EBI-selected-UniProt

Attempting prediction for AT5G67260
Done with ΔG prediction for: AT5G67260
Structure used: 0-download-inputs/data-files/AF-Q9FGQ7-F1-model_v6.pdb
DeepTMHMM_class: GLOB
Structure source: EBI-selected-UniProt

Attempting prediction for AT5G67270
Done with ΔG prediction for: AT5G67270
Structure used: 0-download-inputs/data-files/AF-Q9FGQ6-F1-model_v6.pdb
DeepTMHMM_class: GLOB
Structure source: EBI-selected-UniProt

Attempting prediction for AT5G67360
Done with ΔG prediction for: AT5G67360
Structure used: 0-download-inputs/data-files/AF-O65351-F1-model_v6-cleaved.pdb
DeepTMHMM_class: SP
Structure source: EBI-selected-UniProt-cleaved

Attempting prediction for AT5G67380
Done with ΔG prediction for: AT5G67380
Structure used: 0-download-inputs/data-files/AF-Q08467-F1-model_v6.pdb
DeepTMHMM_class: GLOB
Structure source: EBI-selected-UniProt

Attempting prediction for AT5G67385
Prediction skipped for AT5G67385:
has_verified_seq       = True
DeepTMHMM_class         = GLOB
final_structure_path    = nan
final_structure_source  = None

Attempting prediction for AT5G67500
Prediction skipped for AT5G67500:
has_verified_seq       = True
DeepTMHMM_class         = BETA
final_structure_path    = 0-download-inputs/data-files/AF-Q9FJX3-F1-model_v6.pdb
final_structure_source  = EBI-selected-UniProt

Attempting prediction for AT5G67570
Done with ΔG prediction for: AT5G67570
Structure used: 0-download-inputs/data-files/AF-Q9FJW6-F1-model_v6.pdb
DeepTMHMM_class: GLOB
Structure source: EBI-selected-UniProt

Attempting prediction for AT5G67610
Prediction skipped for AT5G67610:
has_verified_seq       = True
DeepTMHMM_class         = SP+TM
final_structure_path    = 0-download-inputs/data-files/AF-Q9FJW2-F1-model_v6-cleaved.pdb
final_structure_source  = EBI-selected-UniProt-cleaved

Attempting prediction for AT5G67630
Prediction skipped for AT5G67630:
has_verified_seq       = True
DeepTMHMM_class         = GLOB
final_structure_path    = nan
final_structure_source  = None

Attempting prediction for ATCG00020
Prediction skipped for ATCG00020:
has_verified_seq       = False
DeepTMHMM_class         = nan
final_structure_path    = nan
final_structure_source  = None

Attempting prediction for ATCG00120
Prediction skipped for ATCG00120:
has_verified_seq       = False
DeepTMHMM_class         = nan
final_structure_path    = nan
final_structure_source  = None

Attempting prediction for ATCG00270
Prediction skipped for ATCG00270:
has_verified_seq       = False
DeepTMHMM_class         = nan
final_structure_path    = nan
final_structure_source  = None

Attempting prediction for ATCG00280
Prediction skipped for ATCG00280:
has_verified_seq       = False
DeepTMHMM_class         = nan
final_structure_path    = nan
final_structure_source  = None

Attempting prediction for ATCG00340
Prediction skipped for ATCG00340:
has_verified_seq       = False
DeepTMHMM_class         = nan
final_structure_path    = nan
final_structure_source  = None

Attempting prediction for ATCG00350
Prediction skipped for ATCG00350:
has_verified_seq       = False
DeepTMHMM_class         = nan
final_structure_path    = nan
final_structure_source  = None

Attempting prediction for ATCG00470
Prediction skipped for ATCG00470:
has_verified_seq       = False
DeepTMHMM_class         = nan
final_structure_path    = nan
final_structure_source  = None

Attempting prediction for ATCG00480
Prediction skipped for ATCG00480:
has_verified_seq       = False
DeepTMHMM_class         = nan
final_structure_path    = nan
final_structure_source  = None

Attempting prediction for ATCG00490
Prediction skipped for ATCG00490:
has_verified_seq       = False
DeepTMHMM_class         = nan
final_structure_path    = nan
final_structure_source  = None

Attempting prediction for ATCG00720
Prediction skipped for ATCG00720:
has_verified_seq       = False
DeepTMHMM_class         = nan
final_structure_path    = nan
final_structure_source  = None

Attempting prediction for ATCG00730
Prediction skipped for ATCG00730:
has_verified_seq       = False
DeepTMHMM_class         = nan
final_structure_path    = nan
final_structure_source  = None

Attempting prediction for ATCG00780
Prediction skipped for ATCG00780:
has_verified_seq       = False
DeepTMHMM_class         = nan
final_structure_path    = nan
final_structure_source  = None

Attempting prediction for ATCG00800
Prediction skipped for ATCG00800:
has_verified_seq       = False
DeepTMHMM_class         = nan
final_structure_path    = nan
final_structure_source  = None

Attempting prediction for ATCG00810
Prediction skipped for ATCG00810:
has_verified_seq       = False
DeepTMHMM_class         = nan
final_structure_path    = nan
final_structure_source  = None

Attempting prediction for ATMG01190
Prediction skipped for ATMG01190:
has_verified_seq       = False
DeepTMHMM_class         = nan
final_structure_path    = nan
final_structure_source  = None

Total execution time is: 0:10:54.547503
