node,homodimer,homotrimer,homotetramer,heterodimer,heterotrimer,heterotetramer,heteropentamer,heterohexamer,heteroheptamer,heterooctamer,heterononamer,heterodecamer,in_complex,complex_partners,complex_count_unknown,complex_count
YKL063C,0,0,0,0,0,0,0,0,0,0,0,0,0,,0,0
YDL223C,0,0,0,0,0,0,0,0,0,0,0,0,0,,0,0
YPL036W,0,0,0,0,0,0,0,0,0,0,0,0,0,,0,0
YPL050C,0,0,0,1,0,0,0,0,0,0,0,0,1,YDR245W;YEL036C;YJL183W;YJR075W;YML115C,1,2
YJR148W,0,0,0,0,0,0,0,0,0,0,0,0,0,,0,0
YHR208W,0,0,0,0,0,0,0,0,0,0,0,0,0,,0,0
YBR035C,0,0,0,0,0,0,0,0,0,0,0,0,0,,0,0
YPR008W,0,0,0,0,0,0,0,0,0,0,0,0,0,,0,0
YKL024C,0,0,0,0,0,0,0,0,0,0,0,0,0,,0,0
YBR286W,0,0,0,0,0,0,0,0,0,0,0,0,0,,0,0
YLR420W,0,0,0,0,0,0,0,0,0,0,0,0,0,,0,0
YKR066C,0,0,0,0,0,0,0,0,0,0,0,0,0,,0,0
YNL117W,0,0,0,0,0,0,0,0,0,0,0,0,0,,0,0
YNL015W,0,0,0,0,0,0,0,0,0,0,0,0,1,YGR209C;YLR043C,2,2
YOR285W,0,0,0,0,0,0,0,0,0,0,0,0,0,,0,0
YOR239W,0,0,0,0,0,0,0,0,0,0,0,0,0,,0,0
YJL055W,0,0,0,0,0,0,0,0,0,0,0,0,0,,0,0
YJL066C,0,0,0,0,0,0,0,0,0,0,0,0,0,,0,0
YGR027W-A;YGR038C-A;YJR026W;YLR227W-A;YML040W,0,0,0,0,0,0,0,0,0,0,0,0,0,,0,0
YGL087C,0,0,0,1,0,0,0,0,0,0,0,0,1,YDR092W,0,1
YNL134C,0,0,0,0,0,0,0,0,0,0,0,0,0,,0,0
YNR034W-A,0,0,0,0,0,0,0,0,0,0,0,0,0,,0,0
YPL111W,0,0,0,0,0,0,0,1,0,0,0,0,1,YJL088W,0,1
YIR037W,0,0,0,0,0,0,0,0,0,0,0,0,0,,0,0
YML022W,0,0,0,0,0,0,0,0,0,0,0,0,0,,0,0
YNL104C,0,0,0,0,0,0,0,0,0,0,0,0,0,,0,0
YEL060C,0,0,0,0,0,0,0,0,0,0,0,0,0,,0,0
YOR168W,0,0,0,0,0,0,0,0,0,0,0,0,0,,0,0
YER175C,0,0,0,0,0,0,0,0,0,0,0,0,0,,0,0
YEL071W,0,0,0,0,0,0,0,0,0,0,0,0,0,,0,0
YBR222C,0,0,0,0,0,0,0,0,0,0,0,0,0,,0,0
YOR323C,0,0,0,0,0,0,0,0,0,0,0,0,0,,0,0
YBL037W,0,0,0,0,0,0,0,0,0,0,0,0,1,YJR005W;YJR058C;YOL062C,1,1
YOL062C,0,0,0,0,0,0,0,0,0,0,0,0,1,YBL037W;YJR005W;YJR058C,1,1
YJR005W,0,0,0,0,0,0,0,0,0,0,0,0,1,YBL037W;YJR058C;YOL062C,1,1
YLR352W,0,0,0,0,0,0,1,0,0,0,0,0,1,YDL132W;YDR054C;YDR328C;YOL133W,0,1
YNL059C,0,0,0,0,0,0,0,0,0,0,0,0,1,YDL002C;YDR190C;YEL044W;YER092W;YFL013C;YFL039C;YGL150C;YJL081C;YLR052W;YNL215W;YOR141C;YOR189W;YPL129W;YPL235W,0,1
YBL024W,0,0,0,0,0,0,0,0,0,0,0,0,0,,0,0
YDR356W,0,0,0,0,0,0,0,0,0,0,0,0,1,YBR109C;YKL042W;YPL124W,1,1
YBR149W,0,0,0,0,0,0,0,0,0,0,0,0,0,,0,0
YDR037W,0,0,0,0,0,0,0,0,0,0,0,0,0,,0,0
YLR421C,0,0,0,0,0,0,0,0,0,0,0,0,1,YBL041W;YDL007W;YDL097C;YDL147W;YDR363W-A;YDR394W;YDR427W;YER012W;YER021W;YER094C;YFR004W;YFR050C;YFR052W;YGL011C;YGL048C;YGR135W;YGR253C;YHR027C;YHR200W;YIL075C;YJL001W;YKL145W;YML092C;YMR314W;YOL038W;YOR117W;YOR157C;YOR259C;YOR261C;YOR362C;YPR103W;YPR108W,0,1
YFL048C,0,0,0,0,0,0,0,0,0,0,0,0,0,,0,0
YDR270W,0,0,0,0,0,0,0,0,0,0,0,0,0,,0,0
YKL042W,0,0,0,0,0,0,0,0,0,0,0,0,1,YBR109C;YDR356W;YNL225C;YPL124W,2,2
YHR019C,0,0,0,0,0,0,0,0,0,0,0,0,0,,0,0
YLL018C,0,0,0,0,0,0,0,0,0,0,0,0,0,,0,0
YKL103C,0,0,0,0,0,0,0,0,0,0,0,0,0,,0,0
YLR080W,0,0,0,0,0,0,0,0,0,0,0,0,0,,0,0
YLR072W,0,0,0,0,0,0,0,0,0,0,0,0,0,,0,0
YNL225C,0,0,0,0,0,0,0,0,0,0,0,0,1,YKL042W,1,1
YLR250W,0,0,0,0,0,0,0,0,0,0,0,0,0,,0,0
YOL158C,0,0,0,0,0,0,0,0,0,0,0,0,0,,0,0
YNL231C,1,0,0,0,0,0,0,0,0,0,0,0,1,,0,1
YOR373W,0,0,0,0,0,0,0,0,0,0,0,0,0,,0,0
YPL124W,0,0,0,0,0,0,0,0,0,0,0,0,1,YBR109C;YDR356W;YKL042W,1,1
YDL201W,0,0,0,1,0,0,0,0,0,0,0,0,1,YDR165W,0,1
YDL195W,0,0,0,0,0,0,0,0,0,0,0,0,1,YIL109C;YLR208W;YPL218W;YPR181C,1,1
YDR091C,0,0,0,0,0,0,0,0,0,0,0,0,0,,0,0
YEL034W,0,0,0,0,0,0,0,0,0,0,0,0,0,,0,0
YDR388W,0,0,0,1,0,0,0,0,0,0,0,0,1,YCR009C,0,1
YER007C-A,0,0,0,0,0,0,0,0,0,0,0,0,0,,0,0
YEL065W,0,0,0,0,0,0,0,0,0,0,0,0,0,,0,0
YER178W,0,0,0,0,0,0,0,0,0,0,0,0,1,YBR221C;YFL018C;YGR193C;YNL071W,0,1
YER048C,0,0,0,0,0,0,0,0,0,0,0,0,0,,0,0
YGL245W,0,0,0,0,1,0,0,0,0,0,0,0,1,YGL105W;YGR264C,0,1
YFR009W,0,0,0,0,0,0,0,0,0,0,0,0,1,YGL195W,1,1
YHR020W,0,0,0,0,0,0,0,0,0,0,0,0,0,,0,0
YJR014W,0,0,0,0,0,0,0,0,0,0,0,0,0,,0,0
YNL247W,0,0,0,0,0,0,0,0,0,0,0,0,0,,0,0
YLR244C,0,0,0,0,0,0,0,0,0,0,0,0,0,,0,0
YOL111C,0,0,0,0,0,0,0,0,0,0,0,0,1,YBR137W;YLL026W;YOR007C;YOR164C,1,1
YOR187W,0,0,0,0,0,0,0,0,0,0,0,0,0,,0,0
YPL048W,0,0,0,0,0,0,0,1,0,0,0,0,1,YAL003W;YPR080W,0,1
YPR163C,0,0,0,0,0,0,0,0,0,0,0,0,0,,0,0
YDR406W,0,0,0,0,0,0,0,0,0,0,0,0,0,,0,0
YMR058W,0,0,0,0,0,0,0,0,0,0,0,0,1,YER145C,1,1
YPR154W,0,0,0,0,0,0,0,0,0,0,0,0,0,,0,0
YGR185C,0,0,0,0,0,0,0,0,0,0,0,0,0,,0,0
YDL182W,0,0,0,0,0,0,0,0,0,0,0,0,0,,0,0
YGR054W,0,0,0,0,0,0,0,0,0,0,0,0,0,,0,0
YGR285C,0,0,0,1,0,0,0,0,0,0,0,0,1,YHR064C,0,1
YHR064C,0,0,0,1,0,0,0,0,0,0,0,0,1,YGR285C,0,1
YJR047C,0,0,0,0,0,0,0,0,0,0,0,0,0,,0,0
YIL078W,0,0,0,0,0,0,0,0,0,0,0,0,0,,0,0
YPL160W,0,0,0,0,0,0,0,0,0,0,0,0,0,,0,0
YPR033C,0,0,0,0,0,0,0,0,0,0,0,0,0,,0,0
YCL001W,0,0,0,0,0,0,0,0,0,0,0,0,0,,0,0
YDL072C,0,0,0,0,0,0,0,0,0,0,0,0,0,,0,0
YDL015C,0,0,0,0,0,0,0,0,0,0,0,0,0,,0,0
YDR144C,0,0,0,0,0,0,0,0,0,0,0,0,0,,0,0
YDR245W,0,0,0,0,0,0,0,0,0,0,0,0,1,YEL036C;YJL183W;YJR075W;YPL050C,1,1
YEL036C,0,0,0,0,0,0,0,0,0,0,0,0,1,YDR245W;YJL183W;YJR075W;YPL050C,1,1
YGL105W,0,0,0,0,1,0,0,0,0,0,0,0,1,YGL245W;YGR264C,0,1
YFR024C-A,0,0,0,0,0,0,0,0,0,0,0,0,0,,0,0
YJL171C,0,0,0,0,0,0,0,0,0,0,0,0,0,,0,0
YGL200C,0,0,0,0,0,0,0,0,0,0,0,0,1,YAL007C;YAR002C-A;YML012W,1,1
YKL065C,0,0,0,0,0,0,0,0,0,0,0,0,0,,0,0
YKL165C,0,0,0,0,0,0,0,0,0,0,0,0,0,,0,0
YLR386W,0,0,0,0,0,0,0,0,0,0,0,0,1,YFR019W;YFR021W;YNL054W;YNL325C,1,1
YML115C,0,0,0,1,0,0,0,0,0,0,0,0,1,YPL050C,0,1
YML067C,0,0,0,0,0,0,0,0,0,0,0,0,1,YAL042W,1,1
YNL121C,0,0,0,0,0,0,0,0,0,0,0,0,1,YGR082W;YMR203W;YNL070W;YNL131W;YOR045W;YPR133W-A,1,1
YMR008C,0,0,0,0,0,0,0,0,0,0,0,0,0,,0,0
YOR153W,0,0,0,0,0,0,0,0,0,0,0,0,0,,0,0
YOR016C,0,0,0,0,0,0,0,0,0,0,0,0,0,,0,0
YGR094W,0,0,0,0,0,0,0,0,0,0,0,0,0,,0,0
YJL080C,0,0,0,0,0,0,0,0,0,0,0,0,0,,0,0
YKL081W,0,0,0,0,0,0,0,1,0,0,0,0,1,YAL003W;YPR080W,0,1
YBR025C,0,0,0,0,0,0,0,0,0,0,0,0,0,,0,0
YLR109W,0,0,0,0,0,0,0,0,0,0,0,0,0,,0,0
YOL082W,0,0,0,0,0,0,0,0,0,0,0,0,0,,0,0
YGL156W,0,0,0,0,0,0,0,0,0,0,0,0,0,,0,0
YAL042W,0,0,0,0,0,0,0,0,0,0,0,0,1,YML067C,1,1
YAL007C,0,0,0,0,0,0,0,0,0,0,0,0,1,YAR002C-A;YGL200C;YML012W,1,1
YBR187W,0,0,0,0,0,0,0,0,0,0,0,0,0,,0,0
YAR002C-A,0,0,0,0,0,0,0,0,0,0,0,0,1,YAL007C;YGL200C;YML012W,1,1
YGL167C,0,0,0,0,0,0,0,0,0,0,0,0,0,,0,0
YBR205W,0,0,0,0,0,0,0,0,0,0,0,0,0,,0,0
YHR034C,0,0,0,0,0,0,0,0,0,0,0,0,1,YCR060W;YDR190C;YPL235W,1,1
YMR038C,1,0,0,1,0,0,0,0,0,0,0,0,1,YJR104C,0,2
YNL208W,0,0,0,0,0,0,0,0,0,0,0,0,0,,0,0
YBR096W,0,0,0,0,0,0,0,0,0,0,0,0,0,,0,0
YGL125W,0,0,0,0,0,0,0,0,0,0,0,0,0,,0,0
YBR145W,0,0,0,0,0,0,0,0,0,0,0,0,0,,0,0
YJR109C,0,0,0,1,0,0,0,0,0,0,0,0,1,YOR303W,0,1
YGL140C,0,0,0,0,0,0,0,0,0,0,0,0,0,,0,0
YOR222W,0,0,0,0,0,0,0,0,0,0,0,0,0,,0,0
YLR216C,0,0,0,0,0,0,0,0,0,0,0,0,0,,0,0
YMR260C,0,0,0,0,0,0,0,0,0,0,0,0,0,,0,0
YPR080W,0,0,0,0,0,0,0,1,0,0,0,0,1,YAL003W;YKL081W;YPL048W,0,2
YLR247C,0,0,0,0,0,0,0,0,0,0,0,0,0,,0,0
YDR172W,0,0,0,1,0,0,0,0,0,0,0,0,1,YBR143C,0,1
YJL001W,0,0,0,0,0,0,0,0,0,0,0,0,1,YBL041W;YDL007W;YDL097C;YDL147W;YDR363W-A;YDR394W;YDR427W;YER012W;YER021W;YER094C;YFR004W;YFR050C;YFR052W;YGL011C;YGL048C;YGR135W;YGR253C;YHR027C;YHR200W;YIL075C;YKL145W;YLR421C;YML092C;YMR314W;YOL038W;YOR117W;YOR157C;YOR259C;YOR261C;YOR362C;YPR103W;YPR108W,0,1
YER094C,0,0,0,0,0,0,0,0,0,0,0,0,1,YBL041W;YDL007W;YDL097C;YDL147W;YDR363W-A;YDR394W;YDR427W;YER012W;YER021W;YFR004W;YFR050C;YFR052W;YGL011C;YGL048C;YGR135W;YGR253C;YHR027C;YHR200W;YIL075C;YJL001W;YKL145W;YLR421C;YML092C;YMR314W;YOL038W;YOR117W;YOR157C;YOR259C;YOR261C;YOR362C;YPR103W;YPR108W,0,1
YPR131C,0,0,0,0,0,0,0,0,0,0,0,0,1,YOL076W,1,1
YHL034C,0,0,0,0,0,0,0,0,0,0,0,0,0,,0,0
YJL063C,0,0,0,0,0,0,0,0,0,0,0,0,1,YBL038W;YBR122C;YBR268W;YBR282W;YCR003W;YCR046C;YCR071C;YDL202W;YDR115W;YDR116C;YDR237W;YDR296W;YDR322W;YDR405W;YDR462W;YEL050C;YGL068W;YGR076C;YGR220C;YHR147C;YJL096W;YKL138C;YKL167C;YKL170W;YKR006C;YKR085C;YLR312W-A;YLR439W;YML009C;YML025C;YMR024W;YMR193W;YMR225C;YMR286W;YNL005C;YNL122C;YNL177C;YNL185C;YNL252C;YNL284C;YNR022C;YOR150W;YPL173W;YPL183W-A;YPR100W,0,1
YDR237W,0,0,0,0,0,0,0,0,0,0,0,0,1,YBL038W;YBR122C;YBR268W;YBR282W;YCR003W;YCR046C;YCR071C;YDL202W;YDR115W;YDR116C;YDR296W;YDR322W;YDR405W;YDR462W;YEL050C;YGL068W;YGR076C;YGR220C;YHR147C;YJL063C;YJL096W;YKL138C;YKL167C;YKL170W;YKR006C;YKR085C;YLR312W-A;YLR439W;YML009C;YML025C;YMR024W;YMR193W;YMR225C;YMR286W;YNL005C;YNL122C;YNL177C;YNL185C;YNL252C;YNL284C;YNR022C;YOR150W;YPL173W;YPL183W-A;YPR100W,0,1
YJR145C;YHR203C,0,0,0,0,0,0,0,0,0,0,0,0,0,,0,0
YJL096W,0,0,0,0,0,0,0,0,0,0,0,0,1,YBL038W;YBR122C;YBR268W;YBR282W;YCR003W;YCR046C;YCR071C;YDL202W;YDR115W;YDR116C;YDR237W;YDR296W;YDR322W;YDR405W;YDR462W;YEL050C;YGL068W;YGR076C;YGR220C;YHR147C;YJL063C;YKL138C;YKL167C;YKL170W;YKR006C;YKR085C;YLR312W-A;YLR439W;YML009C;YML025C;YMR024W;YMR193W;YMR225C;YMR286W;YNL005C;YNL122C;YNL177C;YNL185C;YNL252C;YNL284C;YNR022C;YOR150W;YPL173W;YPL183W-A;YPR100W,0,1
YKL170W,0,0,0,0,0,0,0,0,0,0,0,0,1,YBL038W;YBR122C;YBR268W;YBR282W;YCR003W;YCR046C;YCR071C;YDL202W;YDR115W;YDR116C;YDR237W;YDR296W;YDR322W;YDR405W;YDR462W;YEL050C;YGL068W;YGR076C;YGR220C;YHR147C;YJL063C;YJL096W;YKL138C;YKL167C;YKR006C;YKR085C;YLR312W-A;YLR439W;YML009C;YML025C;YMR024W;YMR193W;YMR225C;YMR286W;YNL005C;YNL122C;YNL177C;YNL185C;YNL252C;YNL284C;YNR022C;YOR150W;YPL173W;YPL183W-A;YPR100W,0,1
YKL138C,0,0,0,0,0,0,0,0,0,0,0,1,1,YBL038W;YBR122C;YBR268W;YBR282W;YCR003W;YCR046C;YCR071C;YDL202W;YDR115W;YDR116C;YDR237W;YDR296W;YDR322W;YDR405W;YDR462W;YEL050C;YGL068W;YGR076C;YGR220C;YHR147C;YJL063C;YJL096W;YKL167C;YKL170W;YKR006C;YKR085C;YLR312W-A;YLR439W;YML009C;YML025C;YMR024W;YMR193W;YMR225C;YMR286W;YNL005C;YNL122C;YNL177C;YNL185C;YNL252C;YNL284C;YNR022C;YOR150W;YPL173W;YPL183W-A;YPR100W,0,1
YKR085C,0,0,0,0,0,0,0,0,0,0,0,0,1,YBL038W;YBR122C;YBR268W;YBR282W;YCR003W;YCR046C;YCR071C;YDL202W;YDR115W;YDR116C;YDR237W;YDR296W;YDR322W;YDR405W;YDR462W;YEL050C;YGL068W;YGR076C;YGR220C;YHR147C;YJL063C;YJL096W;YKL138C;YKL167C;YKL170W;YKR006C;YLR312W-A;YLR439W;YML009C;YML025C;YMR024W;YMR193W;YMR225C;YMR286W;YNL005C;YNL122C;YNL177C;YNL185C;YNL252C;YNL284C;YNR022C;YOR150W;YPL173W;YPL183W-A;YPR100W,0,1
YKR006C,0,0,0,0,0,0,0,0,0,0,0,0,1,YBL038W;YBR122C;YBR268W;YBR282W;YCR003W;YCR046C;YCR071C;YDL202W;YDR115W;YDR116C;YDR237W;YDR296W;YDR322W;YDR405W;YDR462W;YEL050C;YGL068W;YGR076C;YGR220C;YHR147C;YJL063C;YJL096W;YKL138C;YKL167C;YKL170W;YKR085C;YLR312W-A;YLR439W;YML009C;YML025C;YMR024W;YMR193W;YMR225C;YMR286W;YNL005C;YNL122C;YNL177C;YNL185C;YNL252C;YNL284C;YNR022C;YOR150W;YPL173W;YPL183W-A;YPR100W,0,1
YML009C,0,0,0,0,0,0,0,0,0,0,0,0,1,YBL038W;YBR122C;YBR268W;YBR282W;YCR003W;YCR046C;YCR071C;YDL202W;YDR115W;YDR116C;YDR237W;YDR296W;YDR322W;YDR405W;YDR462W;YEL050C;YGL068W;YGR076C;YGR220C;YHR147C;YJL063C;YJL096W;YKL138C;YKL167C;YKL170W;YKR006C;YKR085C;YLR312W-A;YLR439W;YML025C;YMR024W;YMR193W;YMR225C;YMR286W;YNL005C;YNL122C;YNL177C;YNL185C;YNL252C;YNL284C;YNR022C;YOR150W;YPL173W;YPL183W-A;YPR100W,0,1
YLR196W,0,0,0,0,0,0,0,0,0,0,0,0,0,,0,0
YMR024W,0,0,0,0,0,0,0,0,0,0,0,0,1,YBL038W;YBR122C;YBR268W;YBR282W;YCR003W;YCR046C;YCR071C;YDL202W;YDR115W;YDR116C;YDR237W;YDR296W;YDR322W;YDR405W;YDR462W;YEL050C;YGL068W;YGR076C;YGR220C;YHR147C;YJL063C;YJL096W;YKL138C;YKL167C;YKL170W;YKR006C;YKR085C;YLR312W-A;YLR439W;YML009C;YML025C;YMR193W;YMR225C;YMR286W;YNL005C;YNL122C;YNL177C;YNL185C;YNL252C;YNL284C;YNR022C;YOR150W;YPL173W;YPL183W-A;YPR100W,0,1
YML025C,0,0,0,0,0,0,0,0,0,0,0,0,1,YBL038W;YBR122C;YBR268W;YBR282W;YCR003W;YCR046C;YCR071C;YDL202W;YDR115W;YDR116C;YDR237W;YDR296W;YDR322W;YDR405W;YDR462W;YEL050C;YGL068W;YGR076C;YGR220C;YHR147C;YJL063C;YJL096W;YKL138C;YKL167C;YKL170W;YKR006C;YKR085C;YLR312W-A;YLR439W;YML009C;YMR024W;YMR193W;YMR225C;YMR286W;YNL005C;YNL122C;YNL177C;YNL185C;YNL252C;YNL284C;YNR022C;YOR150W;YPL173W;YPL183W-A;YPR100W,0,1
YNL005C,0,0,0,0,0,0,0,0,0,0,0,0,1,YBL038W;YBR122C;YBR268W;YBR282W;YCR003W;YCR046C;YCR071C;YDL202W;YDR115W;YDR116C;YDR237W;YDR296W;YDR322W;YDR405W;YDR462W;YEL050C;YGL068W;YGR076C;YGR220C;YHR147C;YJL063C;YJL096W;YKL138C;YKL167C;YKL170W;YKR006C;YKR085C;YLR312W-A;YLR439W;YML009C;YML025C;YMR024W;YMR193W;YMR225C;YMR286W;YNL122C;YNL177C;YNL185C;YNL252C;YNL284C;YNR022C;YOR150W;YPL173W;YPL183W-A;YPR100W,0,1
YMR286W,0,0,0,0,0,0,0,0,0,0,0,0,1,YBL038W;YBR122C;YBR268W;YBR282W;YCR003W;YCR046C;YCR071C;YDL202W;YDR115W;YDR116C;YDR237W;YDR296W;YDR322W;YDR405W;YDR462W;YEL050C;YGL068W;YGR076C;YGR220C;YHR147C;YJL063C;YJL096W;YKL138C;YKL167C;YKL170W;YKR006C;YKR085C;YLR312W-A;YLR439W;YML009C;YML025C;YMR024W;YMR193W;YMR225C;YNL005C;YNL122C;YNL177C;YNL185C;YNL252C;YNL284C;YNR022C;YOR150W;YPL173W;YPL183W-A;YPR100W,0,1
YNL252C,0,0,0,0,0,0,0,0,0,0,0,0,1,YBL038W;YBR122C;YBR268W;YBR282W;YCR003W;YCR046C;YCR071C;YDL202W;YDR115W;YDR116C;YDR237W;YDR296W;YDR322W;YDR405W;YDR462W;YEL050C;YGL068W;YGR076C;YGR220C;YHR147C;YJL063C;YJL096W;YKL138C;YKL167C;YKL170W;YKR006C;YKR085C;YLR312W-A;YLR439W;YML009C;YML025C;YMR024W;YMR193W;YMR225C;YMR286W;YNL005C;YNL122C;YNL177C;YNL185C;YNL284C;YNR022C;YOR150W;YPL173W;YPL183W-A;YPR100W,0,1
YNL177C,0,0,0,0,0,0,0,0,0,0,0,0,1,YBL038W;YBR122C;YBR268W;YBR282W;YCR003W;YCR046C;YCR071C;YDL202W;YDR115W;YDR116C;YDR237W;YDR296W;YDR322W;YDR405W;YDR462W;YEL050C;YGL068W;YGR076C;YGR220C;YHR147C;YJL063C;YJL096W;YKL138C;YKL167C;YKL170W;YKR006C;YKR085C;YLR312W-A;YLR439W;YML009C;YML025C;YMR024W;YMR193W;YMR225C;YMR286W;YNL005C;YNL122C;YNL185C;YNL252C;YNL284C;YNR022C;YOR150W;YPL173W;YPL183W-A;YPR100W,0,1
YNR022C,0,0,0,0,0,0,0,0,0,0,0,0,1,YBL038W;YBR122C;YBR268W;YBR282W;YCR003W;YCR046C;YCR071C;YDL202W;YDR115W;YDR116C;YDR237W;YDR296W;YDR322W;YDR405W;YDR462W;YEL050C;YGL068W;YGR076C;YGR220C;YHR147C;YJL063C;YJL096W;YKL138C;YKL167C;YKL170W;YKR006C;YKR085C;YLR312W-A;YLR439W;YML009C;YML025C;YMR024W;YMR193W;YMR225C;YMR286W;YNL005C;YNL122C;YNL177C;YNL185C;YNL252C;YNL284C;YOR150W;YPL173W;YPL183W-A;YPR100W,0,1
YNL284C,0,0,0,0,0,0,0,0,0,0,0,0,1,YBL038W;YBR122C;YBR268W;YBR282W;YCR003W;YCR046C;YCR071C;YDL202W;YDR115W;YDR116C;YDR237W;YDR296W;YDR322W;YDR405W;YDR462W;YEL050C;YGL068W;YGR076C;YGR220C;YHR147C;YJL063C;YJL096W;YKL138C;YKL167C;YKL170W;YKR006C;YKR085C;YLR312W-A;YLR439W;YML009C;YML025C;YMR024W;YMR193W;YMR225C;YMR286W;YNL005C;YNL122C;YNL177C;YNL185C;YNL252C;YNR022C;YOR150W;YPL173W;YPL183W-A;YPR100W,0,1
YOR017W,0,0,0,0,0,0,0,0,0,0,0,0,0,,0,0
YOL041C,0,0,0,0,0,0,0,0,0,0,0,0,0,,0,0
YPL173W,0,0,0,0,0,0,0,0,0,0,0,0,1,YBL038W;YBR122C;YBR268W;YBR282W;YCR003W;YCR046C;YCR071C;YDL202W;YDR115W;YDR116C;YDR237W;YDR296W;YDR322W;YDR405W;YDR462W;YEL050C;YGL068W;YGR076C;YGR220C;YHR147C;YJL063C;YJL096W;YKL138C;YKL167C;YKL170W;YKR006C;YKR085C;YLR312W-A;YLR439W;YML009C;YML025C;YMR024W;YMR193W;YMR225C;YMR286W;YNL005C;YNL122C;YNL177C;YNL185C;YNL252C;YNL284C;YNR022C;YOR150W;YPL183W-A;YPR100W,0,1
YOR150W,0,0,0,0,0,0,0,0,0,0,0,0,1,YBL038W;YBR122C;YBR268W;YBR282W;YCR003W;YCR046C;YCR071C;YDL202W;YDR115W;YDR116C;YDR237W;YDR296W;YDR322W;YDR405W;YDR462W;YEL050C;YGL068W;YGR076C;YGR220C;YHR147C;YJL063C;YJL096W;YKL138C;YKL167C;YKL170W;YKR006C;YKR085C;YLR312W-A;YLR439W;YML009C;YML025C;YMR024W;YMR193W;YMR225C;YMR286W;YNL005C;YNL122C;YNL177C;YNL185C;YNL252C;YNL284C;YNR022C;YPL173W;YPL183W-A;YPR100W,0,1
YER165W,0,0,0,0,0,0,0,0,0,0,0,0,0,,0,0
YGL049C,0,0,0,0,1,0,0,0,0,0,0,0,1,YKR059W;YOL139C,0,1
YGR162W,0,0,0,0,1,0,0,0,0,0,0,0,1,YKR059W;YOL139C,0,1
YGL094C,0,0,0,0,1,0,0,0,0,0,0,0,1,YKL025C,0,1
YJL186W,0,0,0,0,0,0,0,0,0,0,0,0,0,,0,0
YJL002C,0,0,0,0,0,0,0,0,0,1,0,0,1,YDL232W;YEL002C;YGL022W;YGL226C-A;YML019W;YMR149W;YOR085W;YOR103C,0,2
YMR193W,0,0,0,0,0,0,0,0,0,0,0,0,1,YBL038W;YBR122C;YBR268W;YBR282W;YCR003W;YCR046C;YCR071C;YDL202W;YDR115W;YDR116C;YDR237W;YDR296W;YDR322W;YDR405W;YDR462W;YEL050C;YGL068W;YGR076C;YGR220C;YHR147C;YJL063C;YJL096W;YKL138C;YKL167C;YKL170W;YKR006C;YKR085C;YLR312W-A;YLR439W;YML009C;YML025C;YMR024W;YMR225C;YMR286W;YNL005C;YNL122C;YNL177C;YNL185C;YNL252C;YNL284C;YNR022C;YOR150W;YPL173W;YPL183W-A;YPR100W,0,1
YKL025C,0,0,0,0,1,0,0,0,0,0,0,0,1,YGL094C,0,1
YGR076C,0,0,0,0,0,0,0,0,0,0,0,0,1,YBL038W;YBR122C;YBR268W;YBR282W;YCR003W;YCR046C;YCR071C;YDL202W;YDR115W;YDR116C;YDR237W;YDR296W;YDR322W;YDR405W;YDR462W;YEL050C;YGL068W;YGR220C;YHR147C;YJL063C;YJL096W;YKL138C;YKL167C;YKL170W;YKR006C;YKR085C;YLR312W-A;YLR439W;YML009C;YML025C;YMR024W;YMR193W;YMR225C;YMR286W;YNL005C;YNL122C;YNL177C;YNL185C;YNL252C;YNL284C;YNR022C;YOR150W;YPL173W;YPL183W-A;YPR100W,0,1
YGL068W,0,0,0,0,0,0,0,0,0,0,0,0,1,YBL038W;YBR122C;YBR268W;YBR282W;YCR003W;YCR046C;YCR071C;YDL202W;YDR115W;YDR116C;YDR237W;YDR296W;YDR322W;YDR405W;YDR462W;YEL050C;YGR076C;YGR220C;YHR147C;YJL063C;YJL096W;YKL138C;YKL167C;YKL170W;YKR006C;YKR085C;YLR312W-A;YLR439W;YML009C;YML025C;YMR024W;YMR193W;YMR225C;YMR286W;YNL005C;YNL122C;YNL177C;YNL185C;YNL252C;YNL284C;YNR022C;YOR150W;YPL173W;YPL183W-A;YPR100W,0,1
YGR220C,0,0,0,0,0,0,0,0,0,0,0,0,1,YBL038W;YBR122C;YBR268W;YBR282W;YCR003W;YCR046C;YCR071C;YDL202W;YDR115W;YDR116C;YDR237W;YDR296W;YDR322W;YDR405W;YDR462W;YEL050C;YGL068W;YGR076C;YHR147C;YJL063C;YJL096W;YKL138C;YKL167C;YKL170W;YKR006C;YKR085C;YLR312W-A;YLR439W;YML009C;YML025C;YMR024W;YMR193W;YMR225C;YMR286W;YNL005C;YNL122C;YNL177C;YNL185C;YNL252C;YNL284C;YNR022C;YOR150W;YPL173W;YPL183W-A;YPR100W,0,1
YMR098C,0,0,0,0,0,0,0,0,0,0,0,0,0,,0,0
YNL185C,0,0,0,0,0,0,0,0,0,0,0,0,1,YBL038W;YBR122C;YBR268W;YBR282W;YCR003W;YCR046C;YCR071C;YDL202W;YDR115W;YDR116C;YDR237W;YDR296W;YDR322W;YDR405W;YDR462W;YEL050C;YGL068W;YGR076C;YGR220C;YHR147C;YJL063C;YJL096W;YKL138C;YKL167C;YKL170W;YKR006C;YKR085C;YLR312W-A;YLR439W;YML009C;YML025C;YMR024W;YMR193W;YMR225C;YMR286W;YNL005C;YNL122C;YNL177C;YNL252C;YNL284C;YNR022C;YOR150W;YPL173W;YPL183W-A;YPR100W,0,1
YBR082C,0,0,0,0,0,0,0,0,0,0,0,0,0,,0,0
YDR214W,0,0,0,0,0,0,0,0,0,0,0,0,0,,0,0
YCR093W,0,0,0,0,0,0,0,0,0,0,0,0,1,YAL021C;YDL165W;YER068W;YGR134W;YIL038C;YNL288W;YNR052C;YPR072W,1,1
YER168C,0,0,0,0,0,0,0,0,0,0,0,0,0,,0,0
YER068W,0,0,0,0,0,0,0,0,0,0,0,0,1,YAL021C;YCR093W;YDL165W;YGR134W;YIL038C;YNL288W;YNR052C;YPR072W,1,1
YMR235C,0,0,0,0,0,0,0,0,0,0,0,0,0,,0,0
YKL010C,0,0,0,0,0,0,0,0,0,0,0,0,0,,0,0
YKR059W,0,0,0,0,1,0,0,0,0,0,0,0,1,YGL049C;YGR162W;YOL139C,0,2
YJL138C,0,0,0,0,0,0,0,0,0,0,0,0,0,,0,0
YDL084W,0,0,0,0,0,0,0,0,0,0,0,0,1,YDR138W;YDR381W;YHR167W;YML062C;YNL139C;YNL253W,1,1
YDL140C,0,0,0,0,0,0,0,0,0,0,0,0,1,YBR154C;YDR404C;YGL070C;YHR143W-A;YIL021W;YJL140W;YOL005C;YOR151C;YOR210W;YOR224C;YPR187W,0,1
YOR046C,0,0,0,0,0,0,0,0,0,0,0,0,0,,0,0
YKL190W,0,0,0,1,0,0,0,0,0,0,0,0,1,YLR433C;YML057W,0,2
YBR022W,0,0,0,0,0,0,0,0,0,0,0,0,0,,0,0
YBR017C,0,0,0,0,0,0,0,0,0,0,0,0,0,,0,0
YBR080C,0,0,0,0,0,0,0,0,0,0,0,0,0,,0,0
YBR214W,0,0,0,0,0,0,0,0,0,0,0,0,0,,0,0
YBR143C,0,0,0,1,0,0,0,0,0,0,0,0,1,YDR172W,0,1
YDL160C,0,0,0,0,0,0,0,0,0,0,0,0,1,,0,0
YDL022W,0,0,0,0,0,0,0,0,0,0,0,0,0,,0,0
YDL192W,0,0,0,0,0,0,0,0,0,0,0,0,0,,0,0
YDR408C,0,0,0,0,0,0,0,0,0,0,0,0,0,,0,0
YDR341C,0,0,0,0,0,0,0,0,0,0,0,0,0,,0,0
YER086W,0,0,0,0,0,0,0,0,0,0,0,0,0,,0,0
YGR173W,0,0,0,0,0,0,0,0,0,0,0,0,0,,0,0
YFL037W,0,0,0,1,0,0,0,0,0,0,0,0,1,YML085C;YML124C,0,2
YHL011C,0,0,0,0,0,0,0,0,0,0,0,0,0,,0,0
YGR175C,0,0,0,0,0,0,0,0,0,0,0,0,0,,0,0
YIL094C,0,0,0,0,0,0,0,0,0,0,0,0,0,,0,0
YKL196C,0,0,0,0,0,1,0,0,0,0,0,0,1,YAL014C;YDR468C;YGL212W;YHL031C;YKL006C-A;YLR026C;YMR197C;YOR036W;YOR106W,0,4
YJR072C,0,0,0,0,0,0,0,0,0,0,0,0,0,,0,0
YKR080W,0,0,0,0,0,0,0,0,0,0,0,0,0,,0,0
YLR113W,0,0,0,0,0,0,0,0,0,0,0,0,0,,0,0
YLL026W,0,0,0,0,0,0,0,0,0,0,0,0,1,YBR137W;YOL111C;YOR007C;YOR164C,1,1
YLR270W,1,0,0,1,0,0,0,0,0,0,0,0,1,YOR173W,0,2
YLR180W,0,0,0,0,0,0,0,0,0,0,0,0,1,YAL038W;YDR502C;YER081W;YIL074C;YLR058C;YLR153C,1,1
YMR186W,0,0,0,0,0,0,0,0,0,0,0,0,1,YAL005C;YCL037C;YLL024C;YLR256W;YNL064C;YPL240C,1,1
YNL129W,0,0,0,0,0,0,0,0,0,0,0,0,0,,0,0
YNL016W,0,0,0,0,0,0,0,0,0,0,0,0,0,,0,0
YPL010W,0,0,0,0,0,0,0,0,0,0,0,0,1,YDL145C;YDR238C;YFR051C;YGL137W;YIL076W;YNL287W,1,1
YNL307C,0,0,0,0,0,0,0,0,0,0,0,0,0,,0,0
YPL240C,0,0,0,0,0,0,0,0,0,0,0,0,1,YAL005C;YCL037C;YLL024C;YLR256W;YMR186W;YNL064C,1,1
YPL218W,0,0,0,0,0,0,0,0,0,0,0,0,1,YDL195W;YIL109C;YLR208W;YPR181C,1,1
YOL142W,0,0,0,0,0,0,0,0,0,0,0,1,1,YCR035C;YDL111C;YDR280W;YGR095C;YGR158C;YGR195W;YHR069C;YNL232W;YOL021C;YOR001W,0,2
YHR103W,0,0,0,0,0,0,0,0,0,0,0,0,0,,0,0
YER073W,0,0,0,0,0,0,0,0,0,0,0,0,0,,0,0
YJR024C,0,0,0,0,0,0,0,0,0,0,0,0,0,,0,0
YLR089C,0,0,0,0,0,0,0,0,0,0,0,0,0,,0,0
YKL120W,0,0,0,0,0,0,0,0,0,0,0,0,0,,0,0
YMR108W,0,0,0,0,0,1,0,0,0,0,0,0,1,YCL009C,0,1
YOL096C,0,0,0,0,0,0,0,0,0,0,0,0,1,YDR204W;YGR255C;YLR201C;YML110C;YOR125C,1,1
YOR136W,0,0,0,0,0,0,0,0,0,1,0,0,1,YNL037C,0,1
YKL126W,0,0,0,0,0,0,0,0,0,0,0,0,0,,0,0
YNL064C,0,0,0,0,0,0,0,0,0,0,0,0,1,YAL005C;YCL037C;YLL024C;YLR256W;YMR186W;YPL240C,2,3
YPL225W,0,0,0,0,0,0,0,0,0,0,0,0,0,,0,0
YDL190C,0,0,0,0,0,0,0,0,0,0,0,0,1,YDL126C;YEL037C,1,1
YEL022W,0,0,0,0,0,0,0,0,0,0,0,0,0,,0,0
YDR129C,0,0,0,0,0,0,0,0,0,0,0,0,0,,0,0
YGR218W,0,0,0,0,0,0,0,0,0,0,0,0,0,,0,0
YIL156W-B,0,0,0,0,0,0,0,0,0,0,0,0,0,,0,0
YLR268W,0,0,0,0,0,1,0,0,0,0,0,0,1,YDR498C;YGL098W;YIL004C;YLR026C;YLR078C;YOR075W,0,2
YJR077C,0,0,0,0,0,0,0,0,0,0,0,0,0,,0,0
YMR145C,0,0,0,0,0,0,0,0,0,0,0,0,0,,0,0
YOR075W,0,0,0,0,0,1,0,0,0,0,0,0,1,YDR498C;YGL098W;YLR268W,0,1
YPL063W,0,0,0,0,0,0,0,0,0,0,0,0,1,YGR033C;YIL022W;YJL104W;YJL143W;YJR045C;YKR065C;YLR008C;YNR017W;YOR232W;YPL098C,2,2
YBR122C,0,0,0,0,0,0,0,0,0,0,0,0,1,YBL038W;YBR268W;YBR282W;YCR003W;YCR046C;YCR071C;YDL202W;YDR115W;YDR116C;YDR237W;YDR296W;YDR322W;YDR405W;YDR462W;YEL050C;YGL068W;YGR076C;YGR220C;YHR147C;YJL063C;YJL096W;YKL138C;YKL167C;YKL170W;YKR006C;YKR085C;YLR312W-A;YLR439W;YML009C;YML025C;YMR024W;YMR193W;YMR225C;YMR286W;YNL005C;YNL122C;YNL177C;YNL185C;YNL252C;YNL284C;YNR022C;YOR150W;YPL173W;YPL183W-A;YPR100W,0,1
YBL038W,0,0,0,0,0,0,0,0,0,0,0,0,1,YBR122C;YBR268W;YBR282W;YCR003W;YCR046C;YCR071C;YDL202W;YDR115W;YDR116C;YDR237W;YDR296W;YDR322W;YDR405W;YDR462W;YEL050C;YGL068W;YGR076C;YGR220C;YHR147C;YJL063C;YJL096W;YKL138C;YKL167C;YKL170W;YKR006C;YKR085C;YLR312W-A;YLR439W;YML009C;YML025C;YMR024W;YMR193W;YMR225C;YMR286W;YNL005C;YNL122C;YNL177C;YNL185C;YNL252C;YNL284C;YNR022C;YOR150W;YPL173W;YPL183W-A;YPR100W,0,1
YDR041W,0,0,0,0,0,0,0,0,0,0,0,0,1,Q0140;YBL090W;YBR146W;YBR251W;YDL045W-A;YDR036C;YDR175C;YDR337W;YDR347W;YDR494W;YER050C;YGL129C;YGR084C;YGR165W;YGR215W;YHL004W;YHR059W;YIL093C;YJR101W;YJR113C;YKL003C;YLR204W;YMR158W;YMR188C;YNL081C;YNL137C;YNL306W;YNR036C;YNR037C;YOR158W;YPL013C;YPL118W;YPR166C,0,1
YCR071C,0,0,0,0,0,0,0,0,0,0,0,0,1,YBL038W;YBR122C;YBR268W;YBR282W;YCR003W;YCR046C;YDL202W;YDR115W;YDR116C;YDR237W;YDR296W;YDR322W;YDR405W;YDR462W;YEL050C;YGL068W;YGR076C;YGR220C;YHR147C;YJL063C;YJL096W;YKL138C;YKL167C;YKL170W;YKR006C;YKR085C;YLR312W-A;YLR439W;YML009C;YML025C;YMR024W;YMR193W;YMR225C;YMR286W;YNL005C;YNL122C;YNL177C;YNL185C;YNL252C;YNL284C;YNR022C;YOR150W;YPL173W;YPL183W-A;YPR100W,0,1
YDR116C,0,0,0,0,0,0,0,0,0,0,0,0,1,YBL038W;YBR122C;YBR268W;YBR282W;YCR003W;YCR046C;YCR071C;YDL202W;YDR115W;YDR237W;YDR296W;YDR322W;YDR405W;YDR462W;YEL050C;YGL068W;YGR076C;YGR220C;YHR147C;YJL063C;YJL096W;YKL138C;YKL167C;YKL170W;YKR006C;YKR085C;YLR312W-A;YLR439W;YML009C;YML025C;YMR024W;YMR193W;YMR225C;YMR286W;YNL005C;YNL122C;YNL177C;YNL185C;YNL252C;YNL284C;YNR022C;YOR150W;YPL173W;YPL183W-A;YPR100W,0,1
YDR322W,0,0,0,0,0,0,0,0,0,0,0,0,1,YBL038W;YBR122C;YBR268W;YBR282W;YCR003W;YCR046C;YCR071C;YDL202W;YDR115W;YDR116C;YDR237W;YDR296W;YDR405W;YDR462W;YEL050C;YGL068W;YGR076C;YGR220C;YHR147C;YJL063C;YJL096W;YKL138C;YKL167C;YKL170W;YKR006C;YKR085C;YLR312W-A;YLR439W;YML009C;YML025C;YMR024W;YMR193W;YMR225C;YMR286W;YNL005C;YNL122C;YNL177C;YNL185C;YNL252C;YNL284C;YNR022C;YOR150W;YPL173W;YPL183W-A;YPR100W,0,1
YDR296W,0,0,0,0,0,0,0,0,0,0,0,0,1,YBL038W;YBR122C;YBR268W;YBR282W;YCR003W;YCR046C;YCR071C;YDL202W;YDR115W;YDR116C;YDR237W;YDR322W;YDR405W;YDR462W;YEL050C;YGL068W;YGR076C;YGR220C;YHR147C;YJL063C;YJL096W;YKL138C;YKL167C;YKL170W;YKR006C;YKR085C;YLR312W-A;YLR439W;YML009C;YML025C;YMR024W;YMR193W;YMR225C;YMR286W;YNL005C;YNL122C;YNL177C;YNL185C;YNL252C;YNL284C;YNR022C;YOR150W;YPL173W;YPL183W-A;YPR100W,0,1
YEL050C,0,0,0,0,0,0,0,0,0,0,0,0,1,YBL038W;YBR122C;YBR268W;YBR282W;YCR003W;YCR046C;YCR071C;YDL202W;YDR115W;YDR116C;YDR237W;YDR296W;YDR322W;YDR405W;YDR462W;YGL068W;YGR076C;YGR220C;YHR147C;YJL063C;YJL096W;YKL138C;YKL167C;YKL170W;YKR006C;YKR085C;YLR312W-A;YLR439W;YML009C;YML025C;YMR024W;YMR193W;YMR225C;YMR286W;YNL005C;YNL122C;YNL177C;YNL185C;YNL252C;YNL284C;YNR022C;YOR150W;YPL173W;YPL183W-A;YPR100W,0,1
YDR462W,0,0,0,0,0,0,0,0,0,0,0,0,1,YBL038W;YBR122C;YBR268W;YBR282W;YCR003W;YCR046C;YCR071C;YDL202W;YDR115W;YDR116C;YDR237W;YDR296W;YDR322W;YDR405W;YEL050C;YGL068W;YGR076C;YGR220C;YHR147C;YJL063C;YJL096W;YKL138C;YKL167C;YKL170W;YKR006C;YKR085C;YLR312W-A;YLR439W;YML009C;YML025C;YMR024W;YMR193W;YMR225C;YMR286W;YNL005C;YNL122C;YNL177C;YNL185C;YNL252C;YNL284C;YNR022C;YOR150W;YPL173W;YPL183W-A;YPR100W,0,1
YLR312W-A,0,0,0,0,0,0,0,0,0,0,0,0,1,YBL038W;YBR122C;YBR268W;YBR282W;YCR003W;YCR046C;YCR071C;YDL202W;YDR115W;YDR116C;YDR237W;YDR296W;YDR322W;YDR405W;YDR462W;YEL050C;YGL068W;YGR076C;YGR220C;YHR147C;YJL063C;YJL096W;YKL138C;YKL167C;YKL170W;YKR006C;YKR085C;YLR439W;YML009C;YML025C;YMR024W;YMR193W;YMR225C;YMR286W;YNL005C;YNL122C;YNL177C;YNL185C;YNL252C;YNL284C;YNR022C;YOR150W;YPL173W;YPL183W-A;YPR100W,0,1
YNL047C,0,0,0,0,0,0,0,0,0,0,0,0,0,,0,0
YNR039C,0,0,0,0,0,0,0,0,0,0,0,0,0,,0,0
YFR033C,0,0,0,0,0,0,0,0,0,0,0,1,1,Q0105;YBL045C;YDR529C;YEL024W;YGR183C;YHR001W-A;YJL166W;YOR065W;YPR191W,0,1
Q0250,0,0,0,0,0,0,0,0,0,0,0,0,0,,0,0
YLR298C,0,0,0,0,0,0,0,0,0,0,0,0,1,YBR119W;YBR237W;YDL087C;YDR235W;YDR240C;YER029C;YFL017W-A;YGR013W;YGR074W;YHR086W;YIL061C;YKL012W;YKL074C;YLR116W;YLR147C;YLR275W;YML046W;YOR159C;YPR182W,2,2
YGL191W,0,0,0,0,0,0,0,0,0,0,0,0,0,,0,0
YGL187C,0,0,0,0,0,0,0,0,0,0,0,0,0,,0,0
YHR001W-A,0,0,0,0,0,0,0,0,0,0,0,1,1,Q0105;YBL045C;YDR529C;YEL024W;YFR033C;YGR183C;YJL166W;YOR065W;YPR191W,0,1
YGR132C,0,0,0,0,0,0,0,0,0,0,0,0,1,YGR231C,1,1
YIL111W,0,0,0,0,0,0,0,0,0,0,0,0,0,,0,0
YHR051W,0,0,0,0,0,0,0,0,0,0,0,0,0,,0,0
YKR016W,0,0,0,0,0,0,0,0,0,0,0,0,1,YBR262C;YCL057C-A;YFR011C;YGR235C;YNL100W,1,1
YJL166W,0,0,0,0,0,0,0,0,0,0,0,1,1,Q0105;YBL045C;YDR529C;YEL024W;YFR033C;YGR183C;YHR001W-A;YOR065W;YPR191W,0,1
YLR356W,0,0,0,0,0,0,0,0,0,0,0,0,0,,0,0
YLR038C,0,0,0,0,0,0,0,0,0,0,0,0,1,Q0045;Q0275;YMR256C,0,2
YNL052W,0,0,0,0,0,0,0,0,0,0,0,0,0,,0,0
YMR089C,0,0,0,0,0,0,0,0,0,0,0,0,1,YER017C,1,1
YNR018W,0,0,0,0,0,0,0,0,0,0,0,0,0,,0,0
YNL055C,0,0,0,0,0,0,0,0,0,0,0,0,0,,0,0
YPR191W,0,0,0,0,0,0,0,0,0,0,0,1,1,Q0105;YBL045C;YDR529C;YEL024W;YFR033C;YGR183C;YHR001W-A;YJL166W;YOR065W,0,1
YOR065W,0,0,0,0,0,0,0,0,0,0,0,1,1,Q0105;YBL045C;YDR529C;YEL024W;YFR033C;YGR183C;YHR001W-A;YJL166W;YPR191W,0,1
YDR529C,0,0,0,0,0,0,0,0,0,0,0,1,1,Q0105;YBL045C;YEL024W;YFR033C;YGR183C;YHR001W-A;YJL166W;YOR065W;YPR191W,0,1
YCL057C-A,0,0,0,0,0,0,0,0,0,0,0,0,1,YBR262C;YFR011C;YGR235C;YKR016W;YNL100W,1,1
YEL024W,0,0,0,0,0,0,0,0,0,0,0,1,1,Q0105;YBL045C;YDR529C;YFR033C;YGR183C;YHR001W-A;YJL166W;YOR065W;YPR191W,0,1
YDL067C,0,0,0,0,0,0,0,0,0,0,0,0,0,,0,0
YGR012W,0,0,0,0,0,0,0,0,0,0,0,0,0,,0,0
YGR231C,0,0,0,0,0,0,0,0,0,0,0,0,1,YGR132C,1,1
YHR003C,0,0,0,0,0,0,0,0,0,0,0,0,0,,0,0
YJL207C,0,0,0,0,0,0,0,0,0,0,0,0,0,,0,0
YMR203W,0,0,0,0,0,0,0,0,0,0,0,0,1,YGR082W;YNL070W;YNL121C;YNL131W;YOR045W;YPR133W-A,1,2
YER017C,0,0,0,0,0,0,0,0,0,0,0,0,1,YMR089C,1,1
YBL030C,0,0,0,0,0,0,0,0,0,0,0,0,0,,0,0
YPL078C,0,0,0,0,0,0,0,0,0,0,0,0,1,Q0080;Q0085;Q0130;YBL099W;YBR039W;YDL004W;YDR298C;YDR322C-A;YDR377W;YJR121W;YKL016C;YLR295C;YML081C-A;YOL077W-A;YPL271W;YPR020W,0,1
YKL016C,0,0,0,0,0,0,0,0,0,0,0,0,1,Q0080;Q0085;Q0130;YBL099W;YBR039W;YDL004W;YDR298C;YDR322C-A;YDR377W;YJR121W;YLR295C;YML081C-A;YOL077W-A;YPL078C;YPL271W;YPR020W,0,1
Q0045,0,0,0,0,0,0,0,0,0,0,0,0,1,Q0275;YLR038C;YMR256C,0,2
YOR271C,0,0,0,0,0,0,0,0,0,0,0,0,0,,0,0
YBR039W,0,0,0,0,0,0,0,0,0,0,0,0,1,Q0080;Q0085;Q0130;YBL099W;YDL004W;YDR298C;YDR322C-A;YDR377W;YJR121W;YKL016C;YLR295C;YML081C-A;YOL077W-A;YPL078C;YPL271W;YPR020W,0,1
Q0085,0,0,0,0,0,0,0,0,0,0,0,0,1,Q0080;Q0130;YBL099W;YBR039W;YDL004W;YDR298C;YDR322C-A;YDR377W;YJR121W;YKL016C;YLR295C;YML081C-A;YOL077W-A;YPL078C;YPL271W;YPR020W,0,1
YDL004W,0,0,0,0,0,0,0,0,0,0,0,0,1,Q0080;Q0085;Q0130;YBL099W;YBR039W;YDR298C;YDR322C-A;YDR377W;YJR121W;YKL016C;YLR295C;YML081C-A;YOL077W-A;YPL078C;YPL271W;YPR020W,0,1
YDR298C,0,0,0,0,0,0,0,0,0,0,0,0,1,Q0080;Q0085;Q0130;YBL099W;YBR039W;YDL004W;YDR322C-A;YDR377W;YJR121W;YKL016C;YLR295C;YML081C-A;YOL077W-A;YPL078C;YPL271W;YPR020W,0,1
YDL181W,0,0,0,0,0,0,0,0,0,0,0,0,0,,0,0
YDR322C-A,0,0,0,0,0,0,0,0,0,0,0,0,1,Q0080;Q0085;Q0130;YBL099W;YBR039W;YDL004W;YDR298C;YDR377W;YJR121W;YKL016C;YLR295C;YML081C-A;YOL077W-A;YPL078C;YPL271W;YPR020W,0,1
YFR011C,0,0,0,0,0,0,0,0,0,0,0,0,1,YBR262C;YCL057C-A;YGR235C;YKR016W;YNL100W,1,1
YJR121W,0,0,0,0,0,0,0,0,0,0,0,0,1,Q0080;Q0085;Q0130;YBL099W;YBR039W;YDL004W;YDR298C;YDR322C-A;YDR377W;YKL016C;YLR295C;YML081C-A;YOL077W-A;YPL078C;YPL271W;YPR020W,0,1
YKR049C,0,0,0,0,0,0,0,0,0,0,0,0,0,,0,0
YLR295C,0,0,0,0,0,0,0,0,0,0,0,0,1,Q0080;Q0085;Q0130;YBL099W;YBR039W;YDL004W;YDR298C;YDR322C-A;YDR377W;YJR121W;YKL016C;YML081C-A;YOL077W-A;YPL078C;YPL271W;YPR020W,0,1
YML081C-A,0,0,0,0,0,0,0,0,0,0,0,0,1,Q0080;Q0085;Q0130;YBL099W;YBR039W;YDL004W;YDR298C;YDR322C-A;YDR377W;YJR121W;YKL016C;YLR295C;YOL077W-A;YPL078C;YPL271W;YPR020W,0,1
YMR003W,0,0,0,0,0,0,0,0,0,0,0,0,0,,0,0
YNL131W,0,0,0,0,0,0,0,0,0,0,0,0,1,YGR082W;YMR203W;YNL070W;YNL121C;YOR045W;YPR133W-A,1,2
YOL077W-A,0,0,0,0,0,0,0,0,0,0,0,0,1,Q0080;Q0085;Q0130;YBL099W;YBR039W;YDL004W;YDR298C;YDR322C-A;YDR377W;YJR121W;YKL016C;YLR295C;YML081C-A;YPL078C;YPL271W;YPR020W,0,1
YPR020W,0,0,0,0,0,0,0,0,0,0,0,0,1,Q0080;Q0085;Q0130;YBL099W;YBR039W;YDL004W;YDR298C;YDR322C-A;YDR377W;YJR121W;YKL016C;YLR295C;YML081C-A;YOL077W-A;YPL078C;YPL271W,0,1
YPL271W,0,0,0,0,0,0,0,0,0,0,0,0,1,Q0080;Q0085;Q0130;YBL099W;YBR039W;YDL004W;YDR298C;YDR322C-A;YDR377W;YJR121W;YKL016C;YLR295C;YML081C-A;YOL077W-A;YPL078C;YPR020W,0,1
YDL174C,0,0,0,0,0,0,0,0,0,0,0,0,0,,0,0
YHR079C,1,0,0,0,0,0,0,0,0,0,0,0,1,,0,1
YIL077C,0,0,0,0,0,0,0,0,0,0,0,0,0,,0,0
YLR090W,0,0,0,0,0,0,0,0,0,0,0,0,0,,0,0
YAL010C,0,0,0,0,0,0,0,0,0,0,0,0,1,YAL048C;YGL219C;YLL006W;YOL009C,1,1
YER154W,0,0,0,0,0,0,0,0,0,0,0,0,0,,0,0
YKL027W,0,0,0,0,0,0,0,0,0,0,0,0,0,,0,0
YDR430C,0,0,0,0,0,0,0,0,0,0,0,0,0,,0,0
YHR147C,0,0,0,0,0,0,0,0,0,0,0,0,1,YBL038W;YBR122C;YBR268W;YBR282W;YCR003W;YCR046C;YCR071C;YDL202W;YDR115W;YDR116C;YDR237W;YDR296W;YDR322W;YDR405W;YDR462W;YEL050C;YGL068W;YGR076C;YGR220C;YJL063C;YJL096W;YKL138C;YKL167C;YKL170W;YKR006C;YKR085C;YLR312W-A;YLR439W;YML009C;YML025C;YMR024W;YMR193W;YMR225C;YMR286W;YNL005C;YNL122C;YNL177C;YNL185C;YNL252C;YNL284C;YNR022C;YOR150W;YPL173W;YPL183W-A;YPR100W,0,1
YGR207C,0,0,0,0,0,0,0,0,0,0,0,0,0,,0,0
YJR080C,0,0,0,0,0,0,0,0,0,0,0,0,0,,0,0
YJR045C,1,0,0,0,0,0,0,0,0,0,0,0,1,YIL022W;YJL062W-A;YJL104W;YJL143W;YKR065C;YLR008C;YLR203C;YML129C;YNR017W;YOR232W;YPL063W,2,3
YLR355C,0,0,0,0,0,0,0,0,0,0,0,0,0,,0,0
YMR083W,0,0,0,0,0,0,0,0,0,0,0,0,0,,0,0
YOR125C,0,0,0,0,0,0,0,0,0,0,0,0,1,YDR204W;YGR255C;YLR201C;YML110C;YOL096C,1,1
YMR241W,0,0,0,0,0,0,0,0,0,0,0,0,0,,0,0
YLR259C,0,0,0,0,0,0,0,0,0,0,0,0,0,,0,0
YCL044C,0,0,0,0,0,0,0,0,0,0,0,0,1,YMR115W;YPR024W,1,1
YGL153W,0,0,0,0,0,0,0,0,0,0,0,0,1,YLR191W;YNL214W,1,1
YKL148C,0,0,0,0,0,1,0,0,0,0,0,0,1,YDR178W;YKL141W;YLL041C,0,1
YIL125W,0,0,0,0,0,0,0,0,0,0,0,0,1,YDR148C;YFL018C;YFR049W,1,1
YLL041C,0,0,0,0,0,1,0,0,0,0,0,0,1,YDR178W;YKL141W;YKL148C,0,1
YPL132W,0,0,0,0,0,0,0,0,0,0,0,0,0,,0,0
YDR075W,0,0,0,0,0,0,0,0,0,0,0,0,1,YBL046W;YNL201C,1,1
YNL201C,0,0,0,0,0,0,0,0,0,0,0,0,1,YBL046W;YDR075W,1,1
YOR390W;YPL279C,0,0,0,0,0,0,0,0,0,0,0,0,0,,0,0
YBL046W,0,0,0,0,0,0,0,0,0,0,0,0,1,YDR075W;YNL201C,1,1
YBL047C,0,0,0,0,0,0,0,0,0,0,0,0,0,,0,0
YCR030C,1,0,0,0,0,0,0,0,0,0,0,0,1,,0,1
YHR047C,0,0,0,0,0,0,0,0,0,0,0,0,0,,0,0
YBL051C,0,0,0,0,0,0,0,0,0,0,0,0,0,,0,0
YLR064W,0,0,0,0,0,0,0,0,0,0,0,0,0,,0,0
YBL055C,0,0,0,0,0,0,0,0,0,0,0,0,0,,0,0
YMR198W,0,0,0,0,0,0,0,0,0,0,0,0,0,,0,0
YDR207C,0,0,0,0,0,0,0,0,0,0,0,0,1,YJR094C,1,1
YNL007C,0,0,0,0,0,0,0,0,0,0,0,0,0,,0,0
YPR018W,0,0,0,0,1,0,0,0,0,0,0,0,1,YBR195C;YML102W,0,1
YNL091W,0,0,0,0,0,0,0,0,0,0,0,0,0,,0,0
YBL056W,0,0,0,0,0,0,0,0,0,0,0,0,0,,0,0
YGL210W,0,0,0,0,0,0,0,0,0,0,0,0,0,,0,0
YDR071C,0,0,0,0,0,0,0,0,0,0,0,0,0,,0,0
YGR205W,0,0,0,0,0,0,0,0,0,0,0,0,0,,0,0
YBL057C,0,0,0,0,0,0,0,0,0,0,0,0,0,,0,0
YDL126C,0,0,0,0,0,0,0,0,1,1,0,0,1,YBL058W;YBR170C;YDL190C;YDR049W;YDR333C;YEL037C;YGR048W;YMR247C;YPL009C,3,5
YBR273C,0,0,0,0,0,0,0,0,0,0,0,0,0,,0,0
YBR179C,0,0,0,0,0,0,0,0,0,0,0,0,1,YDR470C;YOR211C,1,1
YDL091C,0,0,0,0,0,0,0,0,0,0,0,0,1,YKL034W;YOL073C;YOR223W,1,1
YBR280C,0,0,0,0,0,0,1,0,0,0,0,0,1,YDL132W;YDR054C;YDR328C;YOL133W,0,1
YDR049W,0,0,0,0,0,0,0,0,0,0,0,0,1,YBR170C;YDL126C,1,1
YDL132W,0,0,0,0,0,0,1,0,0,0,0,0,1,YBR280C;YDR054C;YDR131C;YDR328C;YFL009W;YIL046W;YJL149W;YJR090C;YLR097C;YLR352W;YLR368W;YML088W;YOL133W;YOR080W,0,11
YDR328C,0,0,0,0,0,0,1,1,0,0,0,0,1,YBR280C;YDL132W;YDR054C;YDR131C;YDR202C;YFL009W;YGR140W;YIL046W;YJL149W;YJR033C;YJR090C;YLR097C;YLR352W;YLR368W;YML088W;YMR094W;YMR168C;YOL133W;YOR080W,1,13
YDR057W,0,0,0,0,0,0,0,0,0,0,0,0,1,YBR201W;YJL034W;YLR207W;YML013W;YML029W;YOL013C,2,2
YER065C,0,0,0,0,0,0,0,0,0,0,0,0,0,,0,0
YDR330W,0,0,0,0,0,0,0,0,0,0,0,0,0,,0,0
YFL044C,0,0,0,0,0,0,0,0,0,0,0,0,0,,0,0
YER100W,0,0,0,0,0,0,0,0,0,0,0,0,0,,0,0
YGR048W,0,0,0,0,0,0,0,0,0,1,0,0,1,YBR170C;YDL126C;YDR333C;YMR247C;YPL009C,1,2
YIL030C,0,0,0,0,0,0,0,0,0,0,0,0,1,YML013W,1,1
YGR119C,0,0,0,0,0,0,0,0,0,0,0,0,1,YAR002W;YBL079W;YDL088C;YDL116W;YDL207W;YDR192C;YDR424C;YER105C;YER107C;YFR002W;YGL100W;YGL172W;YIL115C;YIL149C;YJL039C;YJL041W;YJL061W;YJR042W;YKL057C;YKL068W;YKR082W;YKR095W;YLR018C;YLR208W;YLR335W;YML031W;YML103C;YMR047C;YMR129W;YMR153W;YOR098C,1,1
YJR092W,0,0,0,0,0,0,0,0,0,0,0,0,0,,0,0
YJR090C,0,0,0,0,0,0,1,0,0,0,0,0,1,YDL132W;YDR054C;YDR328C;YOL133W,0,1
YLL039C;YLR167W,0,0,0,0,0,0,0,0,0,0,0,0,0,,0,0
YKL100C,0,0,0,0,0,0,0,0,0,0,0,0,0,,0,0
YLR207W,0,0,0,0,0,0,0,0,0,0,0,0,1,YBR201W;YDR057W;YJL034W;YML013W;YML029W;YOL013C,2,2
YLR088W,0,0,0,0,0,0,0,0,0,0,0,1,1,YDR331W;YDR434W;YHR188C;YLR459W,0,1
YML029W,0,0,0,0,0,0,0,0,0,0,0,0,1,YBR201W;YDR057W;YLR207W;YML013W;YOL013C,1,1
YML013W,0,0,0,0,0,0,0,0,0,0,0,0,1,YBR201W;YDR057W;YIL030C;YLR207W;YML029W;YOL013C,2,2
YMR067C,0,0,0,0,0,0,0,0,0,0,0,0,0,,0,0
YML088W,0,0,0,0,0,0,1,0,0,0,0,0,1,YDL132W;YDR054C;YDR328C;YOL133W,0,1
YMR119W,0,0,0,0,0,0,0,0,0,0,0,0,1,YNL008C;YNL159C,1,1
YNL141W,0,0,0,0,0,0,0,0,0,0,0,0,0,,0,0
YNL085W,0,0,0,0,0,0,0,0,0,0,0,0,1,YGR178C,1,1
YOR375C,0,0,0,0,0,0,0,0,0,0,0,0,0,,0,0
YOL013C,0,0,0,0,0,0,0,0,0,0,0,0,1,YBR201W;YDR057W;YLR207W;YML013W;YML029W,1,1
YOR157C,0,0,0,0,0,0,0,0,0,0,0,0,1,YBL041W;YDL007W;YDL097C;YDL147W;YDR363W-A;YDR394W;YDR427W;YER012W;YER021W;YER094C;YFR004W;YFR050C;YFR052W;YGL011C;YGL048C;YGR135W;YGR253C;YHR027C;YHR200W;YIL075C;YJL001W;YKL145W;YLR421C;YML092C;YMR314W;YOL038W;YOR117W;YOR259C;YOR261C;YOR362C;YPR103W;YPR108W,0,1
YBL058W,0,0,0,0,0,0,0,0,1,0,0,0,1,YDL126C,0,1
YBR170C,0,0,0,0,0,0,0,0,0,1,0,0,1,YDL126C;YDR049W;YDR333C;YGR048W;YMR247C;YPL009C,2,3
YBR056W,0,0,0,0,0,0,0,0,0,0,0,0,0,,0,0
YHR132W-A,0,0,0,0,0,0,0,0,0,0,0,0,0,,0,0
YOR048C,0,0,0,0,0,0,0,0,0,0,0,0,1,YGL246C;YKR063C;YLL035W,2,2
YBL059C-A,0,0,0,0,0,0,0,0,0,0,0,0,0,,0,0
YBL063W,0,0,0,0,0,0,0,0,0,0,0,0,0,,0,0
YBL036C,0,0,0,0,0,0,0,0,0,0,0,0,0,,0,0
YDR036C,0,0,0,0,0,0,0,0,0,0,0,0,1,Q0140;YBL090W;YBR146W;YBR251W;YDL045W-A;YDR041W;YDR175C;YDR337W;YDR347W;YDR494W;YER050C;YGL129C;YGR084C;YGR165W;YGR215W;YHL004W;YHR059W;YIL093C;YJR101W;YJR113C;YKL003C;YLR204W;YMR158W;YMR188C;YNL081C;YNL137C;YNL306W;YNR036C;YNR037C;YOR158W;YPL013C;YPL118W;YPR166C,0,1
YER136W,0,0,0,0,0,0,0,0,0,0,0,0,0,,0,0
YDR304C,0,0,0,0,0,0,0,0,0,0,0,0,0,,0,0
YBL060W,0,0,0,0,0,0,0,0,0,0,0,0,0,,0,0
YBL064C,0,0,0,0,0,0,0,0,0,0,0,0,0,,0,0
YPL059W,1,0,0,1,0,0,0,0,0,0,0,0,1,YAL044W-A;YAL046C,0,3
YJR016C,0,0,0,0,0,0,0,0,0,0,0,0,0,,0,0
YOR108W,0,0,0,0,0,0,0,0,0,0,0,0,0,,0,0
YER080W,0,0,0,0,0,0,0,0,0,0,0,0,0,,0,0
YER170W,0,0,0,0,0,0,0,0,0,0,0,0,0,,0,0
YML107C,0,0,0,0,0,0,0,0,0,0,0,0,0,,0,0
YAL044W-A,0,0,0,1,0,0,0,0,0,0,0,0,1,YPL059W,0,1
YGR244C,0,0,0,0,0,0,0,0,0,0,0,0,1,YOR142W,1,1
YAL046C,0,0,0,1,0,0,0,0,0,0,0,0,1,YPL059W,0,1
YDR148C,0,0,0,0,0,0,0,0,0,0,0,0,1,YFL018C;YFR049W;YIL125W,1,1
YGR193C,0,0,0,0,0,0,0,0,0,0,0,0,1,YBR221C;YER178W;YFL018C;YNL071W,0,1
YHL021C,0,0,0,0,0,0,0,0,0,0,0,0,0,,0,0
YKL085W,0,0,0,0,0,0,0,0,0,0,0,0,0,,0,0
YLR304C,0,0,0,0,0,0,0,0,0,0,0,0,0,,0,0
YNL071W,0,0,0,0,0,0,0,0,0,0,0,0,1,YBR221C;YER178W;YFL018C;YGR193C,0,1
YOR232W,0,0,0,0,0,0,0,0,0,0,0,0,1,YIL022W;YJL104W;YJL143W;YJR045C;YKR065C;YLR008C;YNR017W;YPL063W,1,1
YPR004C,0,0,0,0,0,0,0,0,0,0,0,0,0,,0,0
YBL068W,0,0,0,0,0,0,0,0,0,0,0,0,0,,0,0
YOL061W,0,0,0,0,0,0,0,0,0,0,0,0,0,,0,0
YBL067C,0,0,0,0,0,0,0,0,0,0,0,0,0,,0,0
YBL071W-A,0,0,0,0,0,0,0,0,0,0,0,0,0,,0,0
YAL020C,0,0,0,0,0,0,0,0,0,0,0,0,0,,0,0
YGR200C,0,0,0,0,0,0,0,0,0,0,0,0,1,YHR187W;YLR384C;YMR312W;YPL086C;YPL101W,0,1
YER055C,0,0,0,0,0,0,0,0,0,0,0,0,0,,0,0
YKL110C,0,0,0,0,0,0,0,0,0,0,0,0,0,,0,0
YIL103W,0,0,0,0,0,0,0,0,0,0,0,0,1,YKL191W,1,1
YLR384C,0,0,0,0,0,0,0,0,0,0,0,0,1,YGR200C;YHR187W;YMR312W;YPL086C;YPL101W,0,1
YKL191W,0,0,0,0,0,0,0,0,0,0,0,0,1,YIL103W,1,1
YPL086C,0,0,0,0,0,0,0,0,0,0,0,0,1,YGR200C;YHR187W;YLR384C;YMR312W;YPL101W,0,1
YBL072C,0,0,0,0,0,0,0,0,0,0,0,0,0,,0,0
YBR084W,0,0,0,0,0,0,0,0,0,0,0,0,0,,0,0
YBL072C;YER102W,0,0,0,0,0,0,0,0,0,0,0,0,0,,0,0
YCR031C,0,0,0,0,0,0,0,0,0,0,0,0,0,,0,0
YBR189W,0,0,0,0,0,0,0,0,0,0,0,0,0,,0,0
YDL040C,0,0,0,0,0,0,0,0,0,0,0,0,1,YHR013C;YOR253W,1,1
YCR047C,0,0,0,1,0,0,0,0,0,0,0,0,1,YNR046W,0,1
YDR025W;YBR048W,0,0,0,0,0,0,0,0,0,0,0,0,0,,0,0
YDL060W,0,0,0,0,0,0,0,0,0,0,0,0,0,,0,0
YDR117C,0,0,0,0,0,0,0,0,0,0,0,0,0,,0,0
YDR064W,0,0,0,0,0,0,0,0,0,0,0,0,1,YGL123W;YHL015W;YJR123W;YLR167W;YMR116C;YNL178W;YOL040C;YOR369C,0,1
YER074W;YIL069C,0,0,0,0,0,0,0,0,0,0,0,0,0,,0,0
YDR450W;YML026C,0,0,0,0,0,0,0,0,0,0,0,0,0,,0,0
YGR027C,0,0,0,0,0,0,0,0,0,0,0,0,0,,0,0
YGL123W,0,0,0,0,0,0,0,0,0,0,0,0,1,YDR064W;YHL015W;YJR123W;YLR167W;YMR116C;YNL178W;YOL040C;YOR369C,0,1
YGR214W,0,0,0,0,0,0,0,0,0,0,0,0,0,,0,0
YGR118W;YPR132W,0,0,0,0,0,0,0,0,0,0,0,0,0,,0,0
YHL015W,0,0,0,0,0,0,0,0,0,0,0,0,1,YDR064W;YGL123W;YJR123W;YLR167W;YMR116C;YNL178W;YOL040C;YOR369C,0,1
YHL013C,0,0,0,0,0,0,0,0,0,0,0,0,0,,0,0
YJL136C,0,0,0,0,0,0,0,0,0,0,0,0,0,,0,0
YHR013C,0,0,0,0,0,0,0,0,0,0,0,0,1,YDL040C;YOR253W,1,1
YJR123W,0,0,0,0,0,0,0,0,0,0,0,0,1,YDR064W;YGL123W;YHL015W;YLR167W;YMR116C;YNL178W;YOL040C;YOR369C,0,1
YJL190C;YLR367W,0,0,0,0,0,0,0,0,0,0,0,0,0,,0,0
YKL156W;YHR021C,0,0,0,0,0,0,0,0,0,0,0,0,0,,0,0
YLR048W,0,0,0,0,0,0,0,0,0,0,0,0,0,,0,0
YKR057W,0,0,0,0,0,0,0,0,0,0,0,0,0,,0,0
YLR287C-A;YOR182C,0,0,0,0,0,0,0,0,0,0,0,0,0,,0,0
YLR150W,0,0,0,0,0,0,0,0,0,0,0,0,0,,0,0
YLR419W,0,0,0,0,0,0,0,0,0,0,0,0,0,,0,0
YLR388W,0,0,0,0,0,0,0,0,0,0,0,0,0,,0,0
YML024W;YDR447C,0,0,0,0,0,0,0,0,0,0,0,0,0,,0,0
YLR441C,0,0,0,0,0,0,0,0,0,0,0,0,0,,0,0
YMR116C,0,0,0,0,0,0,0,0,0,0,0,0,1,YDR064W;YGL123W;YHL015W;YJR123W;YLR167W;YNL178W;YOL040C;YOR369C,0,1
YML063W,0,0,0,0,0,0,0,0,0,0,0,0,0,,0,0
YMR143W;YDL083C,0,0,0,0,0,0,0,0,0,0,0,0,0,,0,0
YNL112W,0,0,0,0,0,0,0,0,0,0,0,0,0,,0,0
YNL096C,0,0,0,0,0,0,0,0,0,0,0,0,0,,0,0
YNL207W,0,0,0,0,0,0,0,0,0,0,0,0,0,,0,0
YNL178W,0,0,0,0,0,0,0,0,0,0,0,0,1,YDR064W;YGL123W;YHL015W;YJR123W;YLR167W;YMR116C;YOL040C;YOR369C,0,1
YOL040C,0,0,0,0,0,0,0,0,0,0,0,0,1,YDR064W;YGL123W;YHL015W;YJR123W;YLR167W;YMR116C;YNL178W;YOR369C,0,1
YNL302C,0,0,0,0,0,0,0,0,0,0,0,0,0,,0,0
YOR096W,0,0,0,0,0,0,0,0,0,0,0,0,0,,0,0
YOL121C,0,0,0,0,0,0,0,0,0,0,0,0,0,,0,0
YOR198C,0,0,0,0,0,0,0,0,0,0,0,0,0,,0,0
YOR119C,0,0,0,0,0,0,0,0,0,0,0,0,0,,0,0
YPL090C;YBR181C,0,0,0,0,0,0,0,0,0,0,0,0,0,,0,0
YOR369C,0,0,0,0,0,0,0,0,0,0,0,0,1,YDR064W;YGL123W;YHL015W;YJR123W;YLR167W;YMR116C;YNL178W;YOL040C,0,1
YOR133W,0,0,0,0,0,0,0,0,0,0,0,0,0,,0,0
YKR038C,0,0,0,0,0,0,1,0,0,0,0,0,1,YGR262C;YJL184W;YKR095W-A;YML036W,0,1
YDL075W,0,0,0,0,0,0,0,0,0,0,0,0,0,,0,0
YJL191W,0,0,0,0,0,0,0,0,0,0,0,0,0,,0,0
YIL161W,0,0,0,0,0,0,0,0,0,0,0,0,0,,0,0
YLR260W,0,0,0,0,0,0,0,0,0,0,0,0,0,,0,0
YNL073W,0,0,0,0,0,0,0,0,0,0,0,0,0,,0,0
YNL023C,0,0,0,0,0,0,0,0,0,0,0,0,0,,0,0
YOR253W,0,0,0,0,0,0,0,0,0,0,0,0,1,YDL040C;YHR013C,1,1
YER131W,0,0,0,0,0,0,0,0,0,0,0,0,0,,0,0
YKL032C,0,0,0,0,0,0,0,0,0,0,0,0,0,,0,0
YLR264W,0,0,0,0,0,0,0,0,0,0,0,0,0,,0,0
YNL050C,0,0,0,0,0,0,0,0,0,0,0,0,0,,0,0
YOL080C,0,0,0,0,0,0,0,0,0,0,0,0,0,,0,0
YPL032C,0,0,0,0,0,0,0,0,0,0,0,0,0,,0,0
YDL061C,0,0,0,0,0,0,0,0,0,0,0,0,0,,0,0
YPL081W,0,0,0,0,0,0,0,0,0,0,0,0,0,,0,0
YKL143W,0,0,0,0,0,0,0,0,0,0,0,0,1,YBR077C;YGR163W;YKR007W;YML121W,1,1
YNR046W,0,0,0,1,0,0,0,0,0,0,0,0,1,YCR047C;YDR140W;YML014W;YOL124C,1,4
YNL224C,0,0,0,0,0,0,0,0,0,0,0,0,0,,0,0
YGR081C,0,0,0,0,0,0,0,0,0,0,0,0,0,,0,0
YLR398C,0,0,0,0,0,1,0,0,0,0,0,0,1,YGL213C;YPR189W,0,1
YNL314W,0,0,0,0,0,0,0,0,0,0,0,0,0,,0,0
YPL204W,0,0,0,0,0,0,0,0,0,0,0,0,1,YCR086W;YDR439W;YER106W,1,1
YPL012W,0,0,0,0,0,0,0,0,0,0,0,0,0,,0,0
YGL189C,0,0,0,0,0,0,0,0,0,0,0,0,0,,0,0
YPL266W,0,0,0,0,0,0,0,0,0,0,0,0,0,,0,0
YNR051C,0,0,0,0,0,1,0,0,0,0,0,0,1,YER151C,0,1
YLR327C,0,0,0,0,0,0,0,0,0,0,0,0,0,,0,0
YNL054W-B,0,0,0,0,0,0,0,0,0,0,0,0,0,,0,0
YLR325C,0,0,0,0,0,0,0,0,0,0,0,0,1,YBL092W;YFR032C-A;YGL030W;YGL103W;YJL189W;YLR075W;YLR340W;YOR063W;YPL131W,0,1
YOR359W,0,0,0,0,0,0,0,0,0,0,0,0,0,,0,0
YAL035W,0,0,0,0,0,0,0,0,0,0,0,0,0,,0,0
YAL036C,0,0,0,0,0,0,0,0,0,0,0,0,0,,0,0
YBR263W,0,0,0,0,0,0,0,0,0,0,0,0,0,,0,0
YDL053C,0,0,0,0,0,0,0,0,0,0,0,0,0,,0,0
YDL051W,0,0,0,0,0,0,0,0,0,0,0,0,0,,0,0
YDL213C,0,0,0,0,0,0,0,0,0,0,0,0,0,,0,0
YDR381W,0,0,0,0,0,0,0,0,0,0,0,0,1,YDL084W;YDR138W;YHR167W;YML062C;YNL139C;YNL253W,1,1
YDR412W,0,0,0,0,0,0,0,0,0,0,0,0,0,,0,0
YER176W,0,0,0,0,0,0,0,0,0,0,0,0,0,,0,0
YGL205W,0,0,0,0,0,0,0,0,0,0,0,0,0,,0,0
YHL038C,0,0,0,0,0,0,0,0,0,0,0,0,0,,0,0
YIL148W;YKR094C,0,0,0,0,0,0,0,0,0,0,0,0,0,,0,0
YIL127C,0,0,0,0,0,0,0,0,0,0,0,0,0,,0,0
YKL122C,0,0,0,0,0,0,0,1,0,0,0,0,1,YDL092W;YML105C;YPL210C;YPL243W;YPR088C,0,1
YLR061W,0,0,0,0,0,0,0,0,0,0,0,0,0,,0,0
YLR278C,0,0,0,0,0,0,0,0,0,0,0,0,0,,0,0
YOR091W,0,0,0,0,0,0,0,0,0,0,0,0,0,,0,0
YOR293W;YMR230W,0,0,0,0,0,0,0,0,0,0,0,0,0,,0,0
YPL127C,0,0,0,0,0,0,0,0,0,0,0,0,0,,0,0
YPL123C,0,0,0,0,0,0,0,0,0,0,0,0,0,,0,0
YPL210C,0,0,0,0,0,0,0,1,0,0,0,0,1,YDL092W;YKL122C;YML105C;YPL243W;YPR088C,0,1
YIL061C,0,0,0,0,0,0,0,0,0,0,0,0,1,YBR119W;YBR237W;YDL087C;YDR235W;YDR240C;YER029C;YFL017W-A;YGR013W;YGR074W;YHR086W;YKL012W;YKL074C;YLR116W;YLR147C;YLR275W;YLR298C;YML046W;YOR159C;YPR182W,2,2
YDR266C,0,0,0,0,0,0,0,0,0,0,0,0,0,,0,0
YPL037C,0,0,0,1,0,0,0,0,0,0,0,0,1,YHR193C,0,1
YBL075C,0,0,0,0,0,0,0,0,0,0,0,0,0,,0,0
YML078W,0,0,0,0,0,0,0,0,0,0,0,0,0,,0,0
YBL074C,0,0,0,0,0,0,0,0,0,0,0,0,1,YER029C;YFL017W-A;YGR074W;YHR165C;YKL173W;YLR147C;YLR275W;YOR159C;YPR182W,1,1
YKL173W,0,0,0,0,0,0,0,0,0,0,0,0,1,YAL032C;YBL026W;YBL074C;YBR055C;YBR065C;YBR152W;YBR188C;YCR063W;YDL030W;YDL043C;YDL098C;YDL209C;YDR088C;YDR163W;YDR243C;YDR364C;YDR378C;YDR416W;YDR473C;YDR482C;YEL026W;YER013W;YER029C;YER112W;YER146W;YER172C;YFL017W-A;YFR005C;YGL128C;YGL174W;YGR074W;YGR075C;YGR091W;YGR129W;YGR278W;YHR156C;YHR165C;YIR005W;YIR009W;YJL203W;YJR022W;YJR050W;YKL095W;YLL036C;YLR117C;YLR147C;YLR275W;YLR323C;YLR438C-A;YML049C;YMR213W;YMR240C;YMR288W;YNL147W;YNL245C;YOR148C;YOR159C;YOR308C;YPL064C;YPL151C;YPL213W;YPR082C;YPR101W;YPR178W;YPR182W,4,4
YHR165C,0,0,0,0,0,0,0,0,0,0,0,0,1,YAL032C;YBL026W;YBL074C;YBR055C;YBR065C;YBR152W;YBR188C;YCR063W;YDL030W;YDL043C;YDL098C;YDL209C;YDR088C;YDR163W;YDR243C;YDR364C;YDR378C;YDR416W;YDR473C;YDR482C;YEL026W;YER013W;YER029C;YER112W;YER146W;YER172C;YFL017W-A;YFR005C;YGL128C;YGL174W;YGR074W;YGR075C;YGR091W;YGR129W;YGR278W;YHR156C;YIR005W;YIR009W;YJL203W;YJR022W;YJR050W;YKL095W;YKL173W;YLL036C;YLR117C;YLR147C;YLR275W;YLR323C;YLR438C-A;YML049C;YMR213W;YMR240C;YMR288W;YNL147W;YNL245C;YOR148C;YOR159C;YOR308C;YPL064C;YPL151C;YPL213W;YPR082C;YPR101W;YPR178W;YPR182W,4,4
YKR018C,0,0,0,0,0,0,0,0,0,0,0,0,0,,0,0
YLR347C,0,0,0,1,0,0,0,0,0,0,0,0,1,YNL189W,0,1
YBL076C,0,0,0,0,0,0,0,0,0,0,0,0,0,,0,0
YDR035W,0,0,0,0,0,0,0,0,0,0,0,0,0,,0,0
YHR087W,0,0,0,0,0,0,0,0,0,0,0,0,0,,0,0
YNL137C,0,0,0,0,0,0,0,0,0,0,0,0,1,Q0140;YBL090W;YBR146W;YBR251W;YDL045W-A;YDR036C;YDR041W;YDR175C;YDR337W;YDR347W;YDR494W;YER050C;YGL129C;YGR084C;YGR165W;YGR215W;YHL004W;YHR059W;YIL093C;YJR101W;YJR113C;YKL003C;YLR204W;YMR158W;YMR188C;YNL081C;YNL306W;YNR036C;YNR037C;YOR158W;YPL013C;YPL118W;YPR166C,0,1
YDR050C,0,0,0,0,0,0,0,0,0,0,0,0,0,,0,0
YBR196C,0,0,0,0,0,0,0,0,0,0,0,0,0,,0,0
YPR074C,0,0,0,0,0,0,0,0,0,0,0,0,0,,0,0
YFR053C,0,0,0,0,0,0,0,0,0,0,0,0,0,,0,0
YGL117W,0,0,0,0,0,0,0,0,0,0,0,0,0,,0,0
YBL098W,0,0,0,0,0,0,0,0,0,0,0,0,0,,0,0
YGR138C,0,0,0,0,0,0,0,0,0,0,0,0,0,,0,0
Q0140,0,0,0,0,0,0,0,0,0,0,0,0,1,YBL090W;YBR146W;YBR251W;YDL045W-A;YDR036C;YDR041W;YDR175C;YDR337W;YDR347W;YDR494W;YER050C;YGL129C;YGR084C;YGR165W;YGR215W;YHL004W;YHR059W;YIL093C;YJR101W;YJR113C;YKL003C;YLR204W;YMR158W;YMR188C;YNL081C;YNL137C;YNL306W;YNR036C;YNR037C;YOR158W;YPL013C;YPL118W;YPR166C,0,1
YDR494W,0,0,0,0,0,0,0,0,0,0,0,0,1,Q0140;YBL090W;YBR146W;YBR251W;YDL045W-A;YDR036C;YDR041W;YDR175C;YDR337W;YDR347W;YER050C;YGL129C;YGR084C;YGR165W;YGR215W;YHL004W;YHR059W;YIL093C;YJR101W;YJR113C;YKL003C;YLR204W;YMR158W;YMR188C;YNL081C;YNL137C;YNL306W;YNR036C;YNR037C;YOR158W;YPL013C;YPL118W;YPR166C,0,1
YBR146W,0,0,0,0,0,0,0,0,0,0,0,0,1,Q0140;YBL090W;YBR251W;YDL045W-A;YDR036C;YDR041W;YDR175C;YDR337W;YDR347W;YDR494W;YER050C;YGL129C;YGR084C;YGR165W;YGR215W;YHL004W;YHR059W;YIL093C;YJR101W;YJR113C;YKL003C;YLR204W;YMR158W;YMR188C;YNL081C;YNL137C;YNL306W;YNR036C;YNR037C;YOR158W;YPL013C;YPL118W;YPR166C,0,1
YGR150C,0,0,0,0,0,0,0,0,0,0,0,0,0,,0,0
YER050C,0,0,0,0,0,0,0,0,0,0,0,0,1,Q0140;YBL090W;YBR146W;YBR251W;YDL045W-A;YDR036C;YDR041W;YDR175C;YDR337W;YDR347W;YDR494W;YGL129C;YGR084C;YGR165W;YGR215W;YHL004W;YHR059W;YIL093C;YJR101W;YJR113C;YKL003C;YLR204W;YMR158W;YMR188C;YNL081C;YNL137C;YNL306W;YNR036C;YNR037C;YOR158W;YPL013C;YPL118W;YPR166C,0,1
YNL306W,0,0,0,0,0,0,0,0,0,0,0,0,1,Q0140;YBL090W;YBR146W;YBR251W;YDL045W-A;YDR036C;YDR041W;YDR175C;YDR337W;YDR347W;YDR494W;YER050C;YGL129C;YGR084C;YGR165W;YGR215W;YHL004W;YHR059W;YIL093C;YJR101W;YJR113C;YKL003C;YLR204W;YMR158W;YMR188C;YNL081C;YNL137C;YNR036C;YNR037C;YOR158W;YPL013C;YPL118W;YPR166C,0,1
YMR158W,0,0,0,0,0,0,0,0,0,0,0,0,1,Q0140;YBL090W;YBR146W;YBR251W;YDL045W-A;YDR036C;YDR041W;YDR175C;YDR337W;YDR347W;YDR494W;YER050C;YGL129C;YGR084C;YGR165W;YGR215W;YHL004W;YHR059W;YIL093C;YJR101W;YJR113C;YKL003C;YLR204W;YMR188C;YNL081C;YNL137C;YNL306W;YNR036C;YNR037C;YOR158W;YPL013C;YPL118W;YPR166C,0,1
YOR158W,0,0,0,0,0,0,0,0,0,0,0,0,1,Q0140;YBL090W;YBR146W;YBR251W;YDL045W-A;YDR036C;YDR041W;YDR175C;YDR337W;YDR347W;YDR494W;YER050C;YGL129C;YGR084C;YGR165W;YGR215W;YHL004W;YHR059W;YIL093C;YJR101W;YJR113C;YKL003C;YLR204W;YMR158W;YMR188C;YNL081C;YNL137C;YNL306W;YNR036C;YNR037C;YPL013C;YPL118W;YPR166C,0,1
YNR037C,0,0,0,0,0,0,0,0,0,0,0,0,1,Q0140;YBL090W;YBR146W;YBR251W;YDL045W-A;YDR036C;YDR041W;YDR175C;YDR337W;YDR347W;YDR494W;YER050C;YGL129C;YGR084C;YGR165W;YGR215W;YHL004W;YHR059W;YIL093C;YJR101W;YJR113C;YKL003C;YLR204W;YMR158W;YMR188C;YNL081C;YNL137C;YNL306W;YNR036C;YOR158W;YPL013C;YPL118W;YPR166C,0,1
YPL013C,0,0,0,0,0,0,0,0,0,0,0,0,1,Q0140;YBL090W;YBR146W;YBR251W;YDL045W-A;YDR036C;YDR041W;YDR175C;YDR337W;YDR347W;YDR494W;YER050C;YGL129C;YGR084C;YGR165W;YGR215W;YHL004W;YHR059W;YIL093C;YJR101W;YJR113C;YKL003C;YLR204W;YMR158W;YMR188C;YNL081C;YNL137C;YNL306W;YNR036C;YNR037C;YOR158W;YPL118W;YPR166C,0,1
YOR205C,0,0,0,0,0,0,0,0,0,0,0,0,0,,0,0
YPR166C,0,0,0,0,0,0,0,0,0,0,0,0,1,Q0140;YBL090W;YBR146W;YBR251W;YDL045W-A;YDR036C;YDR041W;YDR175C;YDR337W;YDR347W;YDR494W;YER050C;YGL129C;YGR084C;YGR165W;YGR215W;YHL004W;YHR059W;YIL093C;YJR101W;YJR113C;YKL003C;YLR204W;YMR158W;YMR188C;YNL081C;YNL137C;YNL306W;YNR036C;YNR037C;YOR158W;YPL013C;YPL118W,0,1
YPL118W,0,0,0,0,0,0,0,0,0,0,0,0,1,Q0140;YBL090W;YBR146W;YBR251W;YDL045W-A;YDR036C;YDR041W;YDR175C;YDR337W;YDR347W;YDR494W;YER050C;YGL129C;YGR084C;YGR165W;YGR215W;YHL004W;YHR059W;YIL093C;YJR101W;YJR113C;YKL003C;YLR204W;YMR158W;YMR188C;YNL081C;YNL137C;YNL306W;YNR036C;YNR037C;YOR158W;YPL013C;YPR166C,0,1
YNR036C,0,0,0,0,0,0,0,0,0,0,0,0,1,Q0140;YBL090W;YBR146W;YBR251W;YDL045W-A;YDR036C;YDR041W;YDR175C;YDR337W;YDR347W;YDR494W;YER050C;YGL129C;YGR084C;YGR165W;YGR215W;YHL004W;YHR059W;YIL093C;YJR101W;YJR113C;YKL003C;YLR204W;YMR158W;YMR188C;YNL081C;YNL137C;YNL306W;YNR037C;YOR158W;YPL013C;YPL118W;YPR166C,0,1
YNL292W,0,0,0,0,0,0,0,0,0,0,0,0,0,,0,0
YER105C,0,0,0,0,0,0,0,0,0,0,0,0,1,YAR002W;YBL079W;YDL088C;YDL116W;YDL207W;YDR192C;YDR424C;YER107C;YFR002W;YGL100W;YGL172W;YGR119C;YIL115C;YIL149C;YJL039C;YJL041W;YJL061W;YJR042W;YKL057C;YKL068W;YKR082W;YKR095W;YLR018C;YLR208W;YLR335W;YML031W;YML103C;YMR047C;YMR129W;YMR153W;YOR098C,1,1
YGL092W,0,0,0,0,0,0,0,0,0,0,0,0,0,,0,0
YFR002W,0,0,0,0,0,0,0,0,0,0,0,0,1,YAR002W;YBL079W;YDL088C;YDL116W;YDL207W;YDR192C;YDR424C;YER105C;YER107C;YGL100W;YGL172W;YGR119C;YIL115C;YIL149C;YJL039C;YJL041W;YJL061W;YJR042W;YKL057C;YKL068W;YKR082W;YKR095W;YLR018C;YLR208W;YLR335W;YML031W;YML103C;YMR047C;YMR129W;YMR153W;YOR098C,1,1
YKL057C,0,0,0,0,0,0,0,0,0,0,0,0,1,YAR002W;YBL079W;YDL088C;YDL116W;YDL207W;YDR192C;YDR424C;YER105C;YER107C;YFR002W;YGL100W;YGL172W;YGR119C;YIL115C;YIL149C;YJL039C;YJL041W;YJL061W;YJR042W;YKL068W;YKR082W;YKR095W;YLR018C;YLR208W;YLR335W;YML031W;YML103C;YMR047C;YMR129W;YMR153W;YOR098C,1,1
YLR018C,0,0,0,0,0,0,0,0,0,0,0,0,1,YAR002W;YBL079W;YDL088C;YDL116W;YDL207W;YDR192C;YDR424C;YER105C;YER107C;YFR002W;YGL100W;YGL172W;YGR119C;YIL115C;YIL149C;YJL039C;YJL041W;YJL061W;YJR042W;YKL057C;YKL068W;YKR082W;YKR095W;YLR208W;YLR335W;YML031W;YML103C;YMR047C;YMR129W;YMR153W;YOR098C,1,1
YKR082W,0,0,0,0,0,0,0,0,0,0,0,0,1,YAR002W;YBL079W;YDL088C;YDL116W;YDL207W;YDR192C;YDR424C;YER105C;YER107C;YFR002W;YGL100W;YGL172W;YGR119C;YIL115C;YIL149C;YJL039C;YJL041W;YJL061W;YJR042W;YKL057C;YKL068W;YKR095W;YLR018C;YLR208W;YLR335W;YML031W;YML103C;YMR047C;YMR129W;YMR153W;YOR098C,1,1
YML103C,0,0,0,0,0,0,0,0,0,0,0,0,1,YAR002W;YBL079W;YDL088C;YDL116W;YDL207W;YDR192C;YDR424C;YER105C;YER107C;YFR002W;YGL100W;YGL172W;YGR119C;YIL115C;YIL149C;YJL039C;YJL041W;YJL061W;YJR042W;YKL057C;YKL068W;YKR082W;YKR095W;YLR018C;YLR208W;YLR335W;YML031W;YMR047C;YMR129W;YMR153W;YOR098C,1,1
YML031W,0,0,0,0,0,0,0,0,0,0,0,0,1,YAR002W;YBL079W;YDL088C;YDL116W;YDL207W;YDR192C;YDR424C;YER105C;YER107C;YFR002W;YGL100W;YGL172W;YGR119C;YIL115C;YIL149C;YJL039C;YJL041W;YJL061W;YJR042W;YKL057C;YKL068W;YKR082W;YKR095W;YLR018C;YLR208W;YLR335W;YML103C;YMR047C;YMR129W;YMR153W;YOR098C,1,1
YMR153W,0,0,0,0,0,0,0,0,0,0,0,0,1,YAR002W;YBL079W;YDL088C;YDL116W;YDL207W;YDR192C;YDR424C;YER105C;YER107C;YFR002W;YGL100W;YGL172W;YGR119C;YIL115C;YIL149C;YJL039C;YJL041W;YJL061W;YJR042W;YKL057C;YKL068W;YKR082W;YKR095W;YLR018C;YLR208W;YLR335W;YML031W;YML103C;YMR047C;YMR129W;YOR098C,1,1
YMR129W,0,0,0,0,0,0,0,0,0,0,0,0,1,YAR002W;YBL079W;YDL088C;YDL116W;YDL207W;YDR192C;YDR424C;YER105C;YER107C;YFR002W;YGL100W;YGL172W;YGR119C;YIL115C;YIL149C;YJL039C;YJL041W;YJL061W;YJR042W;YKL057C;YKL068W;YKR082W;YKR095W;YLR018C;YLR208W;YLR335W;YML031W;YML103C;YMR047C;YMR153W;YOR098C,1,1
YHR024C,0,0,0,1,0,0,0,0,0,0,0,0,1,YLR163C,0,1
YLR163C,0,0,0,1,0,0,0,0,0,0,0,0,1,YHR024C,0,1
YJL041W,0,0,0,0,0,0,0,0,0,0,0,0,1,YAR002W;YBL079W;YDL088C;YDL116W;YDL207W;YDR192C;YDR424C;YER105C;YER107C;YFR002W;YGL100W;YGL172W;YGR119C;YIL115C;YIL149C;YJL039C;YJL061W;YJR042W;YKL057C;YKL068W;YKR082W;YKR095W;YLR018C;YLR208W;YLR335W;YML031W;YML103C;YMR047C;YMR129W;YMR153W;YOR098C,1,1
YBL079W,0,0,0,0,0,0,0,0,0,0,0,0,1,YAR002W;YDL088C;YDL116W;YDL207W;YDR192C;YDR424C;YER105C;YER107C;YFR002W;YGL100W;YGL172W;YGR119C;YIL115C;YIL149C;YJL039C;YJL041W;YJL061W;YJR042W;YKL057C;YKL068W;YKR082W;YKR095W;YLR018C;YLR208W;YLR335W;YML031W;YML103C;YMR047C;YMR129W;YMR153W;YOR098C,1,1
YDL116W,0,0,0,0,0,0,0,0,0,0,0,0,1,YAR002W;YBL079W;YDL088C;YDL207W;YDR192C;YDR424C;YER105C;YER107C;YFR002W;YGL100W;YGL172W;YGR119C;YIL115C;YIL149C;YJL039C;YJL041W;YJL061W;YJR042W;YKL057C;YKL068W;YKR082W;YKR095W;YLR018C;YLR208W;YLR335W;YML031W;YML103C;YMR047C;YMR129W;YMR153W;YOR098C,1,1
YJL008C,0,0,0,0,0,0,0,0,0,0,0,0,1,YDL143W;YDR188W;YDR212W;YIL142W;YJL014W;YJL111W;YJR064W,0,1
YAL026C,0,0,0,0,0,0,0,0,0,0,0,0,1,YCR094W,1,1
YJR042W,0,0,0,0,0,0,0,0,0,0,0,0,1,YAR002W;YBL079W;YDL088C;YDL116W;YDL207W;YDR192C;YDR424C;YER105C;YER107C;YFR002W;YGL100W;YGL172W;YGR119C;YIL115C;YIL149C;YJL039C;YJL041W;YJL061W;YKL057C;YKL068W;YKR082W;YKR095W;YLR018C;YLR208W;YLR335W;YML031W;YML103C;YMR047C;YMR129W;YMR153W;YOR098C,1,1
YLR208W,0,0,0,0,0,0,0,0,0,0,0,0,1,YAR002W;YBL079W;YBL104C;YDL088C;YDL116W;YDL195W;YDL207W;YDR128W;YDR192C;YDR424C;YEL062W;YER105C;YER107C;YFR002W;YGL100W;YGL172W;YGR119C;YHL023C;YIL109C;YIL115C;YIL149C;YJL039C;YJL041W;YJL061W;YJR042W;YJR138W;YKL057C;YKL068W;YKR082W;YKR095W;YLR018C;YLR335W;YML031W;YML103C;YMR047C;YMR129W;YMR153W;YOL138C;YOR098C;YPL218W;YPR181C,2,3
YPL169C,0,0,0,1,0,0,0,0,0,0,0,0,1,YKL186C,0,1
YGL172W,0,0,0,0,0,0,0,0,0,0,0,0,1,YAR002W;YBL079W;YDL088C;YDL116W;YDL207W;YDR192C;YDR424C;YER105C;YER107C;YFR002W;YGL100W;YGR119C;YIL115C;YIL149C;YJL039C;YJL041W;YJL061W;YJR042W;YKL057C;YKL068W;YKR082W;YKR095W;YLR018C;YLR208W;YLR335W;YML031W;YML103C;YMR047C;YMR129W;YMR153W;YOR098C,1,1
YJL061W,0,0,0,0,0,0,0,0,0,0,0,0,1,YAR002W;YBL079W;YDL088C;YDL116W;YDL207W;YDR192C;YDR424C;YER105C;YER107C;YFR002W;YGL100W;YGL172W;YGR119C;YIL115C;YIL149C;YJL039C;YJL041W;YJR042W;YKL057C;YKL068W;YKR082W;YKR095W;YLR018C;YLR208W;YLR335W;YML031W;YML103C;YMR047C;YMR129W;YMR153W;YOR098C,1,1
YBL080C,0,0,0,0,0,0,0,0,0,0,0,0,1,YGR102C;YMR293C,1,1
YDR061W,0,0,0,0,0,0,0,0,0,0,0,0,0,,0,0
YMR293C,0,0,0,0,0,0,0,0,0,0,0,0,1,YBL080C;YGR102C,1,1
YBL084C,0,0,0,0,0,0,0,0,0,0,0,0,1,YDL008W;YDR118W;YDR260C;YFR036W;YGL003C;YGL116W;YGL240W;YGR225W;YHR166C;YIR025W;YKL022C;YLR102C;YLR127C;YNL172W;YOR249C,4,4
YDR260C,0,0,0,0,0,0,0,0,0,0,0,0,1,YBL084C;YDL008W;YDR118W;YFR036W;YGL003C;YGL116W;YGL240W;YGR225W;YHR166C;YIR025W;YKL022C;YLR102C;YLR127C;YNL172W;YOR249C,4,4
YDR118W,0,0,0,0,0,0,0,0,0,0,0,0,1,YBL084C;YDL008W;YDR260C;YFR036W;YGL003C;YGL116W;YGL240W;YGR225W;YHR166C;YIR025W;YKL022C;YLR102C;YLR127C;YNL172W;YOR249C,4,4
YGL240W,0,0,0,0,0,0,0,0,0,0,0,0,1,YBL084C;YDL008W;YDR118W;YDR260C;YFR036W;YGL003C;YGL116W;YGR225W;YHR166C;YIR025W;YKL022C;YLR102C;YLR127C;YNL172W;YOR249C,4,4
YFR036W,0,0,0,0,0,0,0,0,0,0,0,0,1,YBL084C;YDL008W;YDR118W;YDR260C;YGL003C;YGL116W;YGL240W;YGR225W;YHR166C;YIR025W;YKL022C;YLR102C;YLR127C;YNL172W;YOR249C,4,4
YIR025W,0,0,0,0,0,0,0,0,0,0,0,0,1,YBL084C;YDL008W;YDR118W;YDR260C;YFR036W;YGL003C;YGL116W;YGL240W;YGR225W;YHR166C;YKL022C;YLR102C;YLR127C;YNL172W;YOR249C,4,4
YHR166C,0,0,0,0,0,0,0,0,0,0,0,0,1,YBL084C;YDL008W;YDR118W;YDR260C;YFR036W;YGL003C;YGL116W;YGL240W;YGR225W;YIR025W;YKL022C;YLR102C;YLR127C;YNL172W;YOR249C,4,4
YLR102C,0,0,0,0,0,0,0,0,0,0,0,0,1,YBL084C;YDL008W;YDR118W;YDR260C;YFR036W;YGL003C;YGL116W;YGL240W;YGR225W;YHR166C;YIR025W;YKL022C;YLR127C;YNL172W;YOR249C,4,4
YKL022C,0,0,0,0,0,0,0,0,0,0,0,0,1,YBL084C;YDL008W;YDR118W;YDR260C;YFR036W;YGL003C;YGL116W;YGL240W;YGR225W;YHR166C;YIR025W;YLR102C;YLR127C;YNL172W;YOR249C,4,4
YNL172W,0,0,0,0,0,0,0,0,0,0,0,0,1,YBL084C;YDL008W;YDR118W;YDR260C;YFR036W;YGL003C;YGL116W;YGL240W;YGR225W;YHR166C;YIR025W;YKL022C;YLR102C;YLR127C;YOR249C,4,4
YLR127C,0,0,0,0,0,0,0,0,0,0,0,0,1,YBL084C;YDL008W;YDR118W;YDR260C;YFR036W;YGL003C;YGL116W;YGL240W;YGR225W;YHR166C;YIR025W;YKL022C;YLR102C;YNL172W;YOR249C,4,4
YDL008W,0,0,0,0,0,0,0,0,0,0,0,0,1,YBL084C;YDR118W;YDR260C;YFR036W;YGL003C;YGL116W;YGL240W;YGR225W;YHR166C;YIR025W;YKL022C;YLR102C;YLR127C;YNL172W;YOR249C,4,4
YOR249C,0,0,0,0,0,0,0,0,0,0,0,0,1,YBL084C;YDL008W;YDR118W;YDR260C;YFR036W;YGL003C;YGL116W;YGL240W;YGR225W;YHR166C;YIR025W;YKL022C;YLR102C;YLR127C;YNL172W,4,4
YBL082C,0,0,0,0,0,0,0,0,0,0,0,0,0,,0,0
YDR135C,0,0,0,0,0,0,0,0,0,0,0,0,0,,0,0
YGL003C,0,0,0,0,0,0,0,0,0,0,0,0,1,YBL084C;YDL008W;YDR118W;YDR260C;YFR036W;YGL240W;YHR166C;YIR025W;YKL022C;YLR102C;YLR127C;YNL172W;YOR249C,1,1
YJL053W,0,0,0,0,0,0,0,0,0,0,0,0,1,YHR012W;YJL154C;YOR069W;YOR132W,1,1
YJL154C,0,0,0,0,0,0,0,0,0,0,0,0,1,YHR012W;YJL053W;YOR069W;YOR132W,1,1
YBL085W,0,0,0,0,0,0,0,0,0,0,0,0,0,,0,0
YIR006C,0,0,0,0,0,0,0,0,0,0,0,0,1,YBL007C;YNL084C,1,1
YOL070C,0,0,0,0,0,0,0,0,0,0,0,0,0,,0,0
YDR208W,0,0,0,0,0,0,0,0,0,0,0,0,0,,0,0
YBL066C,0,0,0,0,0,0,0,0,0,0,0,0,0,,0,0
YHR097C,0,0,0,0,0,0,0,0,0,0,0,0,0,,0,0
YGR237C,0,0,0,0,0,0,0,0,0,0,0,0,0,,0,0
YJR019C,0,0,0,0,0,0,0,0,0,0,0,0,0,,0,0
YIL154C,0,0,0,0,0,0,0,0,0,0,0,0,0,,0,0
YPR115W,0,0,0,0,0,0,0,0,0,0,0,0,0,,0,0
YGR280C,0,0,0,0,0,0,0,0,0,0,0,0,0,,0,0
YBL086C,0,0,0,0,0,0,0,0,0,0,0,0,0,,0,0
YIL002C,0,0,0,0,0,0,0,0,0,0,0,0,0,,0,0
YJL084C,0,0,0,0,0,0,0,0,0,0,0,0,0,,0,0
YKR092C,0,0,0,0,0,0,0,0,0,0,0,0,0,,0,0
YKL193C,0,0,0,1,0,0,0,0,0,0,0,0,1,YER133W;YFR003C,1,2
YMR269W,0,0,0,0,0,0,0,0,0,0,0,0,0,,0,0
YDR389W,0,0,0,0,0,0,0,0,0,0,0,0,0,,0,0
YDR348C,0,0,0,0,0,0,0,0,0,0,0,0,0,,0,0
YLR425W,0,0,0,0,0,0,0,0,0,0,0,0,0,,0,0
YGR068C,0,0,0,0,0,0,0,0,0,0,0,0,0,,0,0
YMR273C,0,0,0,0,0,0,0,0,0,0,0,0,0,,0,0
YMR070W,0,0,0,0,0,0,0,0,0,0,0,0,0,,0,0
YDR475C,0,0,0,0,0,0,0,0,0,0,0,0,0,,0,0
YDR040C,0,0,0,0,0,0,0,0,0,0,0,0,0,,0,0
YGR024C,0,0,0,0,0,0,0,0,0,0,0,0,0,,0,0
YGL229C,0,0,0,0,0,0,0,0,0,0,0,0,0,,0,0
YDR452W,0,0,0,0,0,0,0,0,0,0,0,0,0,,0,0
YNR002C,0,0,0,0,0,0,0,0,0,0,0,0,0,,0,0
YLR454W,0,0,0,0,0,0,0,0,0,0,0,0,0,,0,0
YNR008W,0,0,0,0,0,0,0,0,0,0,0,0,0,,0,0
YPR117W,0,0,0,0,0,0,0,0,0,0,0,0,0,,0,0
YBL087C,0,0,0,0,0,0,0,0,0,0,0,0,0,,0,0
YKL021C,0,0,0,0,0,0,0,0,0,0,0,0,0,,0,0
YDR361C,0,0,0,0,0,0,0,0,0,0,0,0,0,,0,0
YPL208W,0,0,0,0,0,0,0,0,0,0,0,0,0,,0,0
YAL025C,0,0,0,0,0,0,0,0,0,0,0,0,0,,0,0
YKL082C,0,0,0,0,0,0,0,0,0,0,0,0,0,,0,0
YHR088W,0,0,0,0,0,0,0,0,0,0,0,0,0,,0,0
YLL008W,0,0,0,0,0,0,0,0,0,0,0,0,0,,0,0
YKR081C,0,0,0,0,0,0,0,0,0,0,0,0,0,,0,0
YLR276C,0,0,0,0,0,0,0,0,0,0,0,0,0,,0,0
YLR009W,0,0,0,0,0,0,0,0,0,0,0,0,0,,0,0
YNL061W,0,0,0,0,0,0,0,0,0,0,0,0,0,,0,0
YMR049C,0,0,0,0,0,0,0,0,0,0,0,0,1,YGR103W;YOR272W,1,1
YOR294W,0,0,0,0,0,0,0,0,0,0,0,0,0,,0,0
YOR272W,0,0,0,0,0,0,0,0,0,0,0,0,1,YGR103W;YMR049C,1,1
YPL093W,0,0,0,0,0,0,0,0,0,0,0,0,0,,0,0
YPR143W,0,0,0,0,0,0,0,0,0,0,0,0,0,,0,0
YPL211W,0,0,0,0,0,0,0,0,0,0,0,0,0,,0,0
YDL031W,0,0,0,0,0,0,0,0,0,0,0,0,0,,0,0
YCL054W,0,0,0,0,0,0,0,0,0,0,0,0,0,,0,0
YLR002C,0,0,0,0,0,0,0,0,0,0,0,0,1,YOR206W,1,1
YKL172W,0,0,0,0,0,0,0,0,0,0,0,0,0,,0,0
YML074C,0,0,0,0,0,0,0,0,0,0,0,0,0,,0,0
YLR449W,0,0,0,0,0,0,0,0,0,0,0,0,0,,0,0
YNL002C,0,0,0,0,0,0,0,0,0,0,0,0,0,,0,0
YMR290C,0,0,0,0,0,0,0,0,0,0,0,0,0,,0,0
YOL077C,0,0,0,0,0,0,0,0,0,0,0,0,0,,0,0
YNL110C,0,0,0,0,0,0,0,0,0,0,0,0,0,,0,0
YPL043W,0,0,0,0,0,0,0,0,0,0,0,0,0,,0,0
YOR206W,0,0,0,0,0,0,0,0,0,0,0,0,1,YDR060W;YLR002C,2,2
YBL090W,0,0,0,0,0,0,0,0,0,0,0,0,1,Q0140;YBR146W;YBR251W;YDL045W-A;YDR036C;YDR041W;YDR175C;YDR337W;YDR347W;YDR494W;YER050C;YGL129C;YGR084C;YGR165W;YGR215W;YHL004W;YHR059W;YIL093C;YJR101W;YJR113C;YKL003C;YLR204W;YMR158W;YMR188C;YNL081C;YNL137C;YNL306W;YNR036C;YNR037C;YOR158W;YPL013C;YPL118W;YPR166C,0,1
YDL045W-A,0,0,0,0,0,0,0,0,0,0,0,0,1,Q0140;YBL090W;YBR146W;YBR251W;YDR036C;YDR041W;YDR175C;YDR337W;YDR347W;YDR494W;YER050C;YGL129C;YGR084C;YGR165W;YGR215W;YHL004W;YHR059W;YIL093C;YJR101W;YJR113C;YKL003C;YLR204W;YMR158W;YMR188C;YNL081C;YNL137C;YNL306W;YNR036C;YNR037C;YOR158W;YPL013C;YPL118W;YPR166C,0,1
YBR251W,0,0,0,0,0,0,0,0,0,0,0,0,1,Q0140;YBL090W;YBR146W;YDL045W-A;YDR036C;YDR041W;YDR175C;YDR337W;YDR347W;YDR494W;YER050C;YGL129C;YGR084C;YGR165W;YGR215W;YHL004W;YHR059W;YIL093C;YJR101W;YJR113C;YKL003C;YLR204W;YMR158W;YMR188C;YNL081C;YNL137C;YNL306W;YNR036C;YNR037C;YOR158W;YPL013C;YPL118W;YPR166C,0,1
YDR337W,0,0,0,0,0,0,0,0,0,0,0,0,1,Q0140;YBL090W;YBR146W;YBR251W;YDL045W-A;YDR036C;YDR041W;YDR175C;YDR347W;YDR494W;YER050C;YGL129C;YGR084C;YGR165W;YGR215W;YHL004W;YHR059W;YIL093C;YJR101W;YJR113C;YKL003C;YLR204W;YMR158W;YMR188C;YNL081C;YNL137C;YNL306W;YNR036C;YNR037C;YOR158W;YPL013C;YPL118W;YPR166C,0,1
YDR175C,0,0,0,0,0,0,0,0,0,0,0,0,1,Q0140;YBL090W;YBR146W;YBR251W;YDL045W-A;YDR036C;YDR041W;YDR337W;YDR347W;YDR494W;YER050C;YGL129C;YGR084C;YGR165W;YGR215W;YHL004W;YHR059W;YIL093C;YJR101W;YJR113C;YKL003C;YLR204W;YMR158W;YMR188C;YNL081C;YNL137C;YNL306W;YNR036C;YNR037C;YOR158W;YPL013C;YPL118W;YPR166C,0,1
YDR347W,0,0,0,0,0,0,0,0,0,0,0,0,1,Q0140;YBL090W;YBR146W;YBR251W;YDL045W-A;YDR036C;YDR041W;YDR175C;YDR337W;YDR494W;YER050C;YGL129C;YGR084C;YGR165W;YGR215W;YHL004W;YHR059W;YIL093C;YJR101W;YJR113C;YKL003C;YLR204W;YMR158W;YMR188C;YNL081C;YNL137C;YNL306W;YNR036C;YNR037C;YOR158W;YPL013C;YPL118W;YPR166C,0,1
YGL129C,0,0,0,0,0,0,0,0,0,0,0,0,1,Q0140;YBL090W;YBR146W;YBR251W;YDL045W-A;YDR036C;YDR041W;YDR175C;YDR337W;YDR347W;YDR494W;YER050C;YGR084C;YGR165W;YGR215W;YHL004W;YHR059W;YIL093C;YJR101W;YJR113C;YKL003C;YLR204W;YMR158W;YMR188C;YNL081C;YNL137C;YNL306W;YNR036C;YNR037C;YOR158W;YPL013C;YPL118W;YPR166C,0,1
YGR165W,0,0,0,0,0,0,0,0,0,0,0,0,1,Q0140;YBL090W;YBR146W;YBR251W;YDL045W-A;YDR036C;YDR041W;YDR175C;YDR337W;YDR347W;YDR494W;YER050C;YGL129C;YGR084C;YGR215W;YHL004W;YHR059W;YIL093C;YJR101W;YJR113C;YKL003C;YLR204W;YMR158W;YMR188C;YNL081C;YNL137C;YNL306W;YNR036C;YNR037C;YOR158W;YPL013C;YPL118W;YPR166C,0,1
YGR084C,0,0,0,0,0,0,0,0,0,0,0,0,1,Q0140;YBL090W;YBR146W;YBR251W;YDL045W-A;YDR036C;YDR041W;YDR175C;YDR337W;YDR347W;YDR494W;YER050C;YGL129C;YGR165W;YGR215W;YHL004W;YHR059W;YIL093C;YJR101W;YJR113C;YKL003C;YLR204W;YMR158W;YMR188C;YNL081C;YNL137C;YNL306W;YNR036C;YNR037C;YOR158W;YPL013C;YPL118W;YPR166C,0,1
YHL004W,0,0,0,0,0,0,0,0,0,0,0,0,1,Q0140;YBL090W;YBR146W;YBR251W;YDL045W-A;YDR036C;YDR041W;YDR175C;YDR337W;YDR347W;YDR494W;YER050C;YGL129C;YGR084C;YGR165W;YGR215W;YHR059W;YIL093C;YJR101W;YJR113C;YKL003C;YLR204W;YMR158W;YMR188C;YNL081C;YNL137C;YNL306W;YNR036C;YNR037C;YOR158W;YPL013C;YPL118W;YPR166C,0,1
YGR215W,0,0,0,0,0,0,0,0,0,0,0,0,1,Q0140;YBL090W;YBR146W;YBR251W;YDL045W-A;YDR036C;YDR041W;YDR175C;YDR337W;YDR347W;YDR494W;YER050C;YGL129C;YGR084C;YGR165W;YHL004W;YHR059W;YIL093C;YJR101W;YJR113C;YKL003C;YLR204W;YMR158W;YMR188C;YNL081C;YNL137C;YNL306W;YNR036C;YNR037C;YOR158W;YPL013C;YPL118W;YPR166C,0,1
YIL093C,0,0,0,0,0,0,0,0,0,0,0,0,1,Q0140;YBL090W;YBR146W;YBR251W;YDL045W-A;YDR036C;YDR041W;YDR175C;YDR337W;YDR347W;YDR494W;YER050C;YGL129C;YGR084C;YGR165W;YGR215W;YHL004W;YHR059W;YJR101W;YJR113C;YKL003C;YLR204W;YMR158W;YMR188C;YNL081C;YNL137C;YNL306W;YNR036C;YNR037C;YOR158W;YPL013C;YPL118W;YPR166C,0,1
YHR059W,0,0,0,0,0,0,0,0,0,0,0,0,1,Q0140;YBL090W;YBR146W;YBR251W;YDL045W-A;YDR036C;YDR041W;YDR175C;YDR337W;YDR347W;YDR494W;YER050C;YGL129C;YGR084C;YGR165W;YGR215W;YHL004W;YIL093C;YJR101W;YJR113C;YKL003C;YLR204W;YMR158W;YMR188C;YNL081C;YNL137C;YNL306W;YNR036C;YNR037C;YOR158W;YPL013C;YPL118W;YPR166C,0,1
YJR101W,0,0,0,0,0,0,0,0,0,0,0,0,1,Q0140;YBL090W;YBR146W;YBR251W;YDL045W-A;YDR036C;YDR041W;YDR175C;YDR337W;YDR347W;YDR494W;YER050C;YGL129C;YGR084C;YGR165W;YGR215W;YHL004W;YHR059W;YIL093C;YJR113C;YKL003C;YLR204W;YMR158W;YMR188C;YNL081C;YNL137C;YNL306W;YNR036C;YNR037C;YOR158W;YPL013C;YPL118W;YPR166C,0,1
YJL131C,0,0,0,0,0,0,0,0,0,0,0,0,0,,0,0
YKL003C,0,0,0,0,0,0,0,0,0,0,0,0,1,Q0140;YBL090W;YBR146W;YBR251W;YDL045W-A;YDR036C;YDR041W;YDR175C;YDR337W;YDR347W;YDR494W;YER050C;YGL129C;YGR084C;YGR165W;YGR215W;YHL004W;YHR059W;YIL093C;YJR101W;YJR113C;YLR204W;YMR158W;YMR188C;YNL081C;YNL137C;YNL306W;YNR036C;YNR037C;YOR158W;YPL013C;YPL118W;YPR166C,0,1
YJR113C,0,0,0,0,0,0,0,0,0,0,0,0,1,Q0140;YBL090W;YBR146W;YBR251W;YDL045W-A;YDR036C;YDR041W;YDR175C;YDR337W;YDR347W;YDR494W;YER050C;YGL129C;YGR084C;YGR165W;YGR215W;YHL004W;YHR059W;YIL093C;YJR101W;YKL003C;YLR204W;YMR158W;YMR188C;YNL081C;YNL137C;YNL306W;YNR036C;YNR037C;YOR158W;YPL013C;YPL118W;YPR166C,0,1
YKL155C,0,0,0,0,0,0,0,0,0,0,0,0,0,,0,0
YNL081C,0,0,0,0,0,0,0,0,0,0,0,0,1,Q0140;YBL090W;YBR146W;YBR251W;YDL045W-A;YDR036C;YDR041W;YDR175C;YDR337W;YDR347W;YDR494W;YER050C;YGL129C;YGR084C;YGR165W;YGR215W;YHL004W;YHR059W;YIL093C;YJR101W;YJR113C;YKL003C;YLR204W;YMR158W;YMR188C;YNL137C;YNL306W;YNR036C;YNR037C;YOR158W;YPL013C;YPL118W;YPR166C,0,1
YMR188C,0,0,0,0,0,0,0,0,0,0,0,0,1,Q0140;YBL090W;YBR146W;YBR251W;YDL045W-A;YDR036C;YDR041W;YDR175C;YDR337W;YDR347W;YDR494W;YER050C;YGL129C;YGR084C;YGR165W;YGR215W;YHL004W;YHR059W;YIL093C;YJR101W;YJR113C;YKL003C;YLR204W;YMR158W;YNL081C;YNL137C;YNL306W;YNR036C;YNR037C;YOR158W;YPL013C;YPL118W;YPR166C,0,1
YBR221C,0,0,0,0,0,0,0,0,0,0,0,0,1,YER178W;YFL018C;YGR193C;YNL071W,0,1
YFL018C,0,0,0,0,0,0,0,0,0,0,0,0,1,YAL044C;YBR221C;YDR019C;YDR148C;YER178W;YFR049W;YGR193C;YIL125W;YMR189W;YNL071W,2,3
YER190W;YGR296W;YNL339C;YPL283C;YEL077C;YLL066C;YLL067C;YML133C;YPR204W,0,0,0,0,0,0,0,0,0,0,0,0,0,,0,0
YBL023C,0,0,0,0,0,0,0,1,0,0,0,0,1,YBR202W;YBR278W;YDR013W;YDR121W;YDR489W;YEL032W;YGL201C;YJL072C;YLR103C;YLR274W;YNL262W;YOL146W;YPR019W;YPR175W,2,3
YLR074C,0,0,0,0,0,0,0,0,0,0,0,0,0,,0,0
YDR190C,0,0,0,0,0,0,0,0,0,0,0,0,1,YAL011W;YBR231C;YCR060W;YDL002C;YDR334W;YDR485C;YEL044W;YER092W;YFL013C;YFL039C;YGL150C;YGR002C;YHR034C;YJL081C;YLR052W;YLR085C;YLR385C;YLR399C;YML041C;YNL059C;YNL107W;YNL215W;YOR141C;YOR189W;YPL129W;YPL235W,2,3
YDL002C,0,0,0,0,0,0,0,0,0,0,0,0,1,YDR190C;YEL044W;YER092W;YFL013C;YFL039C;YGL150C;YJL081C;YLR052W;YNL059C;YNL215W;YOR141C;YOR189W;YPL129W;YPL235W,0,1
YER092W,0,0,0,0,0,0,0,0,0,0,0,0,1,YDL002C;YDR190C;YEL044W;YFL013C;YFL039C;YGL150C;YJL081C;YLR052W;YNL059C;YNL215W;YOR141C;YOR189W;YPL129W;YPL235W,0,1
YEL044W,0,0,0,0,0,0,0,0,0,0,0,0,1,YDL002C;YDR190C;YER092W;YFL013C;YFL039C;YGL150C;YJL081C;YLR052W;YNL059C;YNL215W;YOR141C;YOR189W;YPL129W;YPL235W,0,1
YGL150C,0,0,0,0,0,0,0,0,0,0,0,0,1,YDL002C;YDR190C;YEL044W;YER092W;YFL013C;YFL039C;YJL081C;YLR052W;YNL059C;YNL215W;YOR141C;YOR189W;YPL129W;YPL235W,0,1
YFL013C,0,0,0,0,0,0,0,0,0,0,0,0,1,YDL002C;YDR190C;YEL044W;YER092W;YFL039C;YGL150C;YJL081C;YLR052W;YNL059C;YNL215W;YOR141C;YOR189W;YPL129W;YPL235W,0,1
YKL204W,0,0,0,0,0,0,0,0,0,0,0,0,0,,0,0
YJL081C,0,0,0,0,0,0,0,0,0,0,0,0,1,YAL011W;YBR231C;YDL002C;YDR190C;YDR334W;YDR359C;YDR485C;YEL018W;YEL044W;YER092W;YFL013C;YFL024C;YFL039C;YGL150C;YGR002C;YHR090C;YHR099W;YJR082C;YLR052W;YLR085C;YLR385C;YLR399C;YML041C;YNL059C;YNL107W;YNL136W;YNL215W;YOR141C;YOR189W;YOR244W;YPL129W;YPL235W;YPR023C,2,3
YLR052W,0,0,0,0,0,0,0,0,0,0,0,0,1,YDL002C;YDR190C;YEL044W;YER092W;YFL013C;YFL039C;YGL150C;YJL081C;YNL059C;YNL215W;YOR141C;YOR189W;YPL129W;YPL235W,0,1
YOR141C,0,0,0,0,0,0,0,0,0,0,0,0,1,YDL002C;YDR190C;YEL044W;YER092W;YFL013C;YFL039C;YGL150C;YJL081C;YLR052W;YNL059C;YNL215W;YOR189W;YPL129W;YPL235W,0,1
YNL215W,0,0,0,0,0,0,0,0,0,0,0,0,1,YDL002C;YDR190C;YEL044W;YER092W;YFL013C;YFL039C;YGL150C;YJL081C;YLR052W;YNL059C;YOR141C;YOR189W;YPL129W;YPL235W,0,1
YPL235W,0,0,0,0,0,0,0,0,0,0,0,0,1,YAL011W;YBR231C;YCR060W;YDL002C;YDR190C;YDR334W;YDR485C;YEL044W;YER092W;YFL013C;YFL039C;YGL150C;YGR002C;YHR034C;YJL081C;YLR052W;YLR085C;YLR385C;YLR399C;YML041C;YNL059C;YNL107W;YNL215W;YOR141C;YOR189W;YPL129W,2,3
YPL129W,0,0,0,0,0,0,0,0,0,0,0,0,1,YBL052C;YBR198C;YBR289W;YCR042C;YDL002C;YDR073W;YDR145W;YDR167W;YDR190C;YEL044W;YER092W;YER148W;YFL013C;YFL039C;YFL049W;YGL112C;YGL150C;YGR005C;YGR186W;YGR274C;YGR275W;YHL025W;YJL081C;YJL176C;YJR082C;YLR052W;YML015C;YML098W;YML114C;YMR005W;YMR033W;YMR227C;YMR236W;YNL059C;YNL215W;YNR023W;YOR064C;YOR141C;YOR189W;YOR290C;YPL011C;YPL016W;YPL235W;YPR031W;YPR034W,3,5
YBR279W,0,0,0,0,0,0,0,0,0,0,0,0,1,YGL244W;YLR418C;YOL145C;YOR123C,1,1
YGR140W,0,0,0,0,0,0,0,1,0,0,0,0,1,YDR328C;YMR094W;YMR168C,0,1
YJL124C,0,0,0,0,0,0,0,0,1,1,0,0,1,YBL026W;YCR077C;YDR378C;YER112W;YER146W;YLR438C-A;YNL147W,0,2
YIR001C,0,0,0,0,0,0,0,0,0,0,0,0,0,,0,0
YER112W,0,0,0,0,0,0,0,0,1,1,0,0,1,YBL026W;YBR055C;YBR152W;YCR077C;YDL098C;YDR243C;YDR378C;YDR473C;YEL026W;YER029C;YER146W;YER172C;YFL017W-A;YFR005C;YGR074W;YGR075C;YGR091W;YHR165C;YJL124C;YJR022W;YKL173W;YLR147C;YLR275W;YLR438C-A;YMR268C;YNL147W;YOR159C;YOR308C;YPR082C;YPR178W;YPR182W,3,7
YLR182W,0,0,0,1,0,0,0,0,0,0,0,0,1,YDL056W;YER111C,1,2
YOR265W,0,0,0,0,0,0,0,0,0,0,0,0,0,,0,0
YDR138W,0,0,0,0,0,0,1,0,0,0,0,0,1,YDL084W;YDR381W;YHR167W;YML062C;YNL139C;YNL253W,1,2
YLR382C,0,0,0,0,0,0,0,0,0,0,0,0,1,Q0120,1,1
YDR194C,0,0,0,0,0,0,0,0,0,0,0,0,0,,0,0
YDL081C,0,0,0,0,0,0,0,0,0,0,0,0,0,,0,0
YGL079W,0,0,0,0,0,0,0,0,0,0,0,0,1,YDR357C;YEL005C;YKL061W;YLR408C;YNL086W,1,1
YDL143W,0,0,0,0,0,0,0,0,0,0,0,0,1,YDR188W;YDR212W;YIL142W;YJL008C;YJL014W;YJL111W;YJR064W,0,1
YDR188W,0,0,0,0,0,0,0,0,0,0,0,0,1,YDL143W;YDR212W;YIL142W;YJL008C;YJL014W;YJL111W;YJR064W,0,1
YIL142W,0,0,0,0,0,0,0,0,0,0,0,0,1,YDL143W;YDR188W;YDR212W;YJL008C;YJL014W;YJL111W;YJR064W,0,1
YDR212W,0,0,0,0,0,0,0,0,0,0,0,0,1,YDL143W;YDR188W;YIL142W;YJL008C;YJL014W;YJL111W;YJR064W,0,1
YJL014W,0,0,0,0,0,0,0,0,0,0,0,0,1,YDL143W;YDR188W;YDR212W;YIL142W;YJL008C;YJL111W;YJR064W,0,1
YJR064W,0,0,0,0,0,0,0,0,0,0,0,0,1,YDL143W;YDR188W;YDR212W;YIL142W;YJL008C;YJL014W;YJL111W,0,1
YJL111W,0,0,0,0,0,0,0,0,0,0,0,0,1,YDL143W;YDR188W;YDR212W;YIL142W;YJL008C;YJL014W;YJR064W,0,1
YBL093C,0,0,0,0,0,0,0,0,0,0,0,0,1,YBR193C;YBR253W;YDL005C;YDR308C;YER022W;YGL025C;YGL127C;YGL151W;YGR104C;YHR041C;YHR058C;YLR071C;YMR112C;YNL236W;YNR010W;YOL051W;YOL135C;YOR174W;YPR070W;YPR168W,1,1
YBR193C,0,0,0,0,0,0,0,0,0,0,0,0,1,YBL093C;YBR253W;YDL005C;YDR308C;YER022W;YGL025C;YGL127C;YGL151W;YGR104C;YHR041C;YHR058C;YLR071C;YMR112C;YNL236W;YNR010W;YOL051W;YOL135C;YOR174W;YPR070W;YPR168W,1,1
YCR081W,0,0,0,0,0,0,0,0,0,0,0,0,1,YDR443C;YNL025C;YPL042C,1,1
YBR253W,0,0,0,0,0,0,0,0,0,0,0,0,1,YBL093C;YBR193C;YDL005C;YDR308C;YER022W;YGL025C;YGL127C;YGL151W;YGR104C;YHR041C;YHR058C;YLR071C;YMR112C;YNL236W;YNR010W;YOL051W;YOL135C;YOR174W;YPR070W;YPR168W,1,1
YDR308C,0,0,0,0,0,0,0,0,0,0,0,0,1,YBL093C;YBR193C;YBR253W;YDL005C;YER022W;YGL025C;YGL127C;YGL151W;YGR104C;YHR041C;YHR058C;YLR071C;YMR112C;YNL236W;YNR010W;YOL051W;YOL135C;YOR174W;YPR070W;YPR168W,1,1
YDL005C,0,0,0,0,0,0,0,0,0,0,0,0,1,YBL093C;YBR193C;YBR253W;YDR308C;YER022W;YGL025C;YGL127C;YGL151W;YGR104C;YHR041C;YHR058C;YLR071C;YMR112C;YNL236W;YNR010W;YOL051W;YOL135C;YOR174W;YPR070W;YPR168W,1,1
YER022W,0,0,0,0,0,0,0,0,0,0,0,0,1,YBL093C;YBR193C;YBR253W;YDL005C;YDR308C;YGL025C;YGL127C;YGL151W;YGR104C;YHR041C;YHR058C;YLR071C;YMR112C;YNL236W;YNR010W;YOL051W;YOL135C;YOR174W;YPR070W;YPR168W,1,1
YDR443C,0,0,0,0,0,0,0,0,0,0,0,0,1,YCR081W;YNL025C;YPL042C,1,1
YGL151W,0,0,0,0,0,0,0,0,0,0,0,0,1,YBL093C;YBR193C;YBR253W;YDL005C;YDR308C;YER022W;YGL025C;YGL127C;YGR104C;YHR041C;YHR058C;YLR071C;YMR112C;YNL236W;YNR010W;YOL051W;YOL135C;YOR174W;YPR070W;YPR168W,1,1
YGL025C,0,0,0,0,0,0,0,0,0,0,0,0,1,YBL093C;YBR193C;YBR253W;YDL005C;YDR308C;YER022W;YGL127C;YGL151W;YGR104C;YHR041C;YHR058C;YLR071C;YMR112C;YNL236W;YNR010W;YOL051W;YOL135C;YOR174W;YPR070W;YPR168W,1,1
YHR041C,0,0,0,0,0,0,0,0,0,0,0,0,1,YBL093C;YBR193C;YBR253W;YDL005C;YDR308C;YER022W;YGL025C;YGL127C;YGL151W;YGR104C;YHR058C;YLR071C;YMR112C;YNL236W;YNR010W;YOL051W;YOL135C;YOR174W;YPR070W;YPR168W,1,1
YGR104C,0,0,0,0,0,0,0,0,0,0,0,0,1,YBL093C;YBR193C;YBR253W;YDL005C;YDR308C;YER022W;YGL025C;YGL127C;YGL151W;YHR041C;YHR058C;YLR071C;YMR112C;YNL236W;YNR010W;YOL051W;YOL135C;YOR174W;YPR070W;YPR168W,1,1
YLR071C,0,0,0,0,0,0,0,0,0,0,0,0,1,YBL093C;YBR193C;YBR253W;YDL005C;YDR308C;YER022W;YGL025C;YGL127C;YGL151W;YGR104C;YHR041C;YHR058C;YMR112C;YNL236W;YNR010W;YOL051W;YOL135C;YOR174W;YPR070W;YPR168W,1,1
YHR058C,0,0,0,0,0,0,0,0,0,0,0,0,1,YBL093C;YBR193C;YBR253W;YDL005C;YDR308C;YER022W;YGL025C;YGL127C;YGL151W;YGR104C;YHR041C;YLR071C;YMR112C;YNL236W;YNR010W;YOL051W;YOL135C;YOR174W;YPR070W;YPR168W,1,1
YNL025C,0,0,0,0,0,0,0,0,0,0,0,0,1,YCR081W;YDR443C;YPL042C,1,1
YMR112C,0,0,0,0,0,0,0,0,0,0,0,0,1,YBL093C;YBR193C;YBR253W;YDL005C;YDR308C;YER022W;YGL025C;YGL127C;YGL151W;YGR104C;YHR041C;YHR058C;YLR071C;YNL236W;YNR010W;YOL051W;YOL135C;YOR174W;YPR070W;YPR168W,1,1
YNR010W,0,0,0,0,0,0,0,0,0,0,0,0,1,YBL093C;YBR193C;YBR253W;YDL005C;YDR308C;YER022W;YGL025C;YGL127C;YGL151W;YGR104C;YHR041C;YHR058C;YLR071C;YMR112C;YNL236W;YOL051W;YOL135C;YOR174W;YPR070W;YPR168W,1,1
YNL236W,0,0,0,0,0,0,0,0,0,0,0,0,1,YBL093C;YBR193C;YBR253W;YDL005C;YDR308C;YER022W;YGL025C;YGL127C;YGL151W;YGR104C;YHR041C;YHR058C;YLR071C;YMR112C;YNR010W;YOL051W;YOL135C;YOR174W;YPR070W;YPR168W,1,1
YOL135C,0,0,0,0,0,0,0,0,0,0,0,0,1,YBL093C;YBR193C;YBR253W;YDL005C;YDR308C;YER022W;YGL025C;YGL127C;YGL151W;YGR104C;YHR041C;YHR058C;YLR071C;YMR112C;YNL236W;YNR010W;YOL051W;YOR174W;YPR070W;YPR168W,1,1
YOL051W,0,0,0,0,0,0,0,0,0,0,0,0,1,YBL093C;YBR193C;YBR253W;YDL005C;YDR308C;YER022W;YGL025C;YGL127C;YGL151W;YGR104C;YHR041C;YHR058C;YLR071C;YMR112C;YNL236W;YNR010W;YOL135C;YOR174W;YPR070W;YPR168W,1,1
YPL042C,0,0,0,0,0,0,0,0,0,0,0,0,1,YCR081W;YDR443C;YNL025C,1,1
YOR174W,0,0,0,0,0,0,0,0,0,0,0,0,1,YBL093C;YBR193C;YBR253W;YDL005C;YDR308C;YER022W;YGL025C;YGL127C;YGL151W;YGR104C;YHR041C;YHR058C;YLR071C;YMR112C;YNL236W;YNR010W;YOL051W;YOL135C;YPR070W;YPR168W,1,1
YPR168W,0,0,0,0,0,0,0,0,0,0,0,0,1,YBL093C;YBR193C;YBR253W;YDL005C;YDR308C;YER022W;YGL025C;YGL127C;YGL151W;YGR104C;YHR041C;YHR058C;YLR071C;YMR112C;YNL236W;YNR010W;YOL051W;YOL135C;YOR174W;YPR070W,1,1
YPR070W,0,0,0,0,0,0,0,0,0,0,0,0,1,YBL093C;YBR193C;YBR253W;YDL005C;YDR308C;YER022W;YGL025C;YGL127C;YGL151W;YGR104C;YHR041C;YHR058C;YLR071C;YMR112C;YNL236W;YNR010W;YOL051W;YOL135C;YOR174W;YPR168W,1,1
YKR095W-A,0,0,0,0,0,0,1,0,0,0,0,0,1,YGR262C;YJL184W;YKR038C;YML036W,0,1
YJL184W,0,0,0,0,0,0,1,0,0,0,0,0,1,YGR262C;YKR038C;YKR095W-A;YML036W,0,1
YML036W,0,0,0,0,0,0,1,0,0,0,0,0,1,YGR262C;YJL184W;YKR038C;YKR095W-A,0,1
YML059C,0,0,0,0,0,0,0,0,0,0,0,0,0,,0,0
YJL209W,0,0,0,0,0,0,0,0,0,0,0,0,0,,0,0
YNL271C,0,0,0,0,0,0,0,0,0,0,0,0,1,YER149C;YLL021W;YLR319C;YNL293W;YOL112W,1,1
YIL066C,0,0,0,0,0,1,0,0,0,0,0,0,1,YER070W;YGR180C;YJL026W,0,1
YDL122W,0,0,0,0,0,0,0,0,0,0,0,0,0,,0,0
YDR055W,0,0,0,0,0,0,0,0,0,0,0,0,0,,0,0
YJL200C,0,0,0,0,0,0,0,0,0,0,0,0,0,,0,0
YDR325W,0,0,0,0,0,0,1,0,0,0,0,0,1,YBL097W;YFR031C;YLR086W;YLR272C,0,1
YFR031C,0,0,0,0,0,0,1,0,0,0,0,0,1,YBL097W;YDR325W;YLR086W;YLR272C,0,1
YLR086W,0,0,0,0,0,0,1,0,0,0,0,0,1,YBL097W;YDR325W;YFR031C;YLR272C,0,1
YLR272C,0,0,0,0,0,0,1,0,0,0,0,0,1,YBL097W;YDR325W;YFR031C;YLR086W,0,1
YBL097W,0,0,0,0,0,0,1,0,0,0,0,0,1,YDR325W;YFR031C;YLR086W;YLR272C,0,1
YML092C,0,0,0,0,0,0,0,0,0,0,0,0,1,YBL041W;YDL007W;YDL097C;YDL147W;YDR363W-A;YDR394W;YDR427W;YER012W;YER021W;YER094C;YFR004W;YFR050C;YFR052W;YGL011C;YGL048C;YGR135W;YGR253C;YHR027C;YHR200W;YIL075C;YJL001W;YKL145W;YLR421C;YMR314W;YOL038W;YOR117W;YOR157C;YOR259C;YOR261C;YOR362C;YPR103W;YPR108W,0,1
YBL041W,0,0,0,0,0,0,0,0,0,0,0,0,1,YDL007W;YDL097C;YDL147W;YDR363W-A;YDR394W;YDR427W;YER012W;YER021W;YER094C;YFR004W;YFR050C;YFR052W;YGL011C;YGL048C;YGR135W;YGR253C;YHR027C;YHR200W;YIL075C;YJL001W;YKL145W;YLR421C;YML092C;YMR314W;YOL038W;YOR117W;YOR157C;YOR259C;YOR261C;YOR362C;YPR103W;YPR108W,0,1
YDL007W,0,0,0,0,0,0,0,0,0,0,0,0,1,YBL041W;YDL097C;YDL147W;YDR363W-A;YDR394W;YDR427W;YER012W;YER021W;YER094C;YFR004W;YFR050C;YFR052W;YGL011C;YGL048C;YGR135W;YGR253C;YHR027C;YHR200W;YIL075C;YJL001W;YKL145W;YLR421C;YML092C;YMR314W;YOL038W;YOR117W;YOR157C;YOR259C;YOR261C;YOR362C;YPR103W;YPR108W,0,1
YCR076C,0,0,0,0,0,0,0,0,0,0,0,0,0,,0,0
YER012W,0,0,0,0,0,0,0,0,0,0,0,0,1,YBL041W;YDL007W;YDL097C;YDL147W;YDR363W-A;YDR394W;YDR427W;YER021W;YER094C;YFR004W;YFR050C;YFR052W;YGL011C;YGL048C;YGR135W;YGR253C;YHR027C;YHR200W;YIL075C;YJL001W;YKL145W;YLR421C;YML092C;YMR314W;YOL038W;YOR117W;YOR157C;YOR259C;YOR261C;YOR362C;YPR103W;YPR108W,0,1
YDR120C,0,0,0,0,0,0,0,0,0,0,0,0,0,,0,0
YMR314W,0,0,0,0,0,0,0,0,0,0,0,0,1,YBL041W;YDL007W;YDL097C;YDL147W;YDR363W-A;YDR394W;YDR427W;YER012W;YER021W;YER094C;YFR004W;YFR050C;YFR052W;YGL011C;YGL048C;YGR135W;YGR253C;YHR027C;YHR200W;YIL075C;YJL001W;YKL145W;YLR421C;YML092C;YOL038W;YOR117W;YOR157C;YOR259C;YOR261C;YOR362C;YPR103W;YPR108W,0,1
YOR117W,0,0,0,0,0,0,0,0,0,0,0,0,1,YBL041W;YDL007W;YDL097C;YDL147W;YDR363W-A;YDR394W;YDR427W;YER012W;YER021W;YER094C;YFR004W;YFR050C;YFR052W;YGL011C;YGL048C;YGR135W;YGR253C;YHR027C;YHR200W;YIL075C;YJL001W;YKL145W;YLR421C;YML092C;YMR314W;YOL038W;YOR157C;YOR259C;YOR261C;YOR362C;YPR103W;YPR108W,0,1
YOL038W,0,0,0,0,0,0,0,0,0,0,0,0,1,YBL041W;YDL007W;YDL097C;YDL147W;YDR363W-A;YDR394W;YDR427W;YER012W;YER021W;YER094C;YFR004W;YFR050C;YFR052W;YGL011C;YGL048C;YGR135W;YGR253C;YHR027C;YHR200W;YIL075C;YJL001W;YKL145W;YLR421C;YML092C;YMR314W;YOR117W;YOR157C;YOR259C;YOR261C;YOR362C;YPR103W;YPR108W,0,1
YOR259C,0,0,0,0,0,0,0,0,0,0,0,0,1,YBL041W;YDL007W;YDL097C;YDL147W;YDR363W-A;YDR394W;YDR427W;YER012W;YER021W;YER094C;YFR004W;YFR050C;YFR052W;YGL011C;YGL048C;YGR135W;YGR253C;YHR027C;YHR200W;YIL075C;YJL001W;YKL145W;YLR421C;YML092C;YMR314W;YOL038W;YOR117W;YOR157C;YOR261C;YOR362C;YPR103W;YPR108W,0,1
YOR362C,0,0,0,0,0,0,0,0,0,0,0,0,1,YBL041W;YDL007W;YDL097C;YDL147W;YDR363W-A;YDR394W;YDR427W;YER012W;YER021W;YER094C;YFR004W;YFR050C;YFR052W;YGL011C;YGL048C;YGR135W;YGR253C;YHR027C;YHR200W;YIL075C;YJL001W;YKL145W;YLR421C;YML092C;YMR314W;YOL038W;YOR117W;YOR157C;YOR259C;YOR261C;YPR103W;YPR108W,0,1
YOR261C,0,0,0,0,0,0,0,0,0,0,0,0,1,YBL041W;YDL007W;YDL097C;YDL147W;YDR363W-A;YDR394W;YDR427W;YER012W;YER021W;YER094C;YFR004W;YFR050C;YFR052W;YGL011C;YGL048C;YGR135W;YGR253C;YHR027C;YHR200W;YIL075C;YJL001W;YKL145W;YLR421C;YML092C;YMR314W;YOL038W;YOR117W;YOR157C;YOR259C;YOR362C;YPR103W;YPR108W,0,1
YPR108W,0,0,0,0,0,0,0,0,0,0,0,0,1,YBL041W;YDL007W;YDL097C;YDL147W;YDR363W-A;YDR394W;YDR427W;YER012W;YER021W;YER094C;YFR004W;YFR050C;YFR052W;YGL011C;YGL048C;YGR135W;YGR253C;YHR027C;YHR200W;YIL075C;YJL001W;YKL145W;YLR421C;YML092C;YMR314W;YOL038W;YOR117W;YOR157C;YOR259C;YOR261C;YOR362C;YPR103W,0,1
YPR103W,0,0,0,0,0,0,0,0,0,0,0,0,1,YBL041W;YDL007W;YDL097C;YDL147W;YDR363W-A;YDR394W;YDR427W;YER012W;YER021W;YER094C;YFR004W;YFR050C;YFR052W;YGL011C;YGL048C;YGR135W;YGR253C;YHR027C;YHR200W;YIL075C;YJL001W;YKL145W;YLR421C;YML092C;YMR314W;YOL038W;YOR117W;YOR157C;YOR259C;YOR261C;YOR362C;YPR108W,0,1
YER099C,0,0,0,0,0,0,0,0,0,0,0,0,0,,0,0
YGR260W,0,0,0,0,0,0,0,0,0,0,0,0,0,,0,0
YKR093W,0,0,0,0,0,0,0,0,0,0,0,0,0,,0,0
YKR035W-A,0,0,0,0,0,0,0,0,0,0,0,0,0,,0,0
YLR025W,0,0,0,0,0,0,0,0,0,0,0,0,1,YKL002W;YKL041W;YMR077C,1,1
YBL022C,0,0,0,0,0,0,0,0,0,0,0,0,0,,0,0
YBR026C,0,0,0,0,0,0,0,0,0,0,0,0,0,,0,0
YCL009C,0,0,0,0,0,1,0,0,0,0,0,0,1,YMR108W,0,1
YBR176W,0,0,0,0,0,0,0,0,0,0,0,0,0,,0,0
YCL064C,0,0,0,0,0,0,0,0,0,0,0,0,0,,0,0
YCL057W,0,0,0,0,0,0,0,0,0,0,0,0,0,,0,0
YCR046C,0,0,0,0,0,0,0,0,0,0,0,0,1,YBL038W;YBR122C;YBR268W;YBR282W;YCR003W;YCR071C;YDL202W;YDR115W;YDR116C;YDR237W;YDR296W;YDR322W;YDR405W;YDR462W;YEL050C;YGL068W;YGR076C;YGR220C;YHR147C;YJL063C;YJL096W;YKL138C;YKL167C;YKL170W;YKR006C;YKR085C;YLR312W-A;YLR439W;YML009C;YML025C;YMR024W;YMR193W;YMR225C;YMR286W;YNL005C;YNL122C;YNL177C;YNL185C;YNL252C;YNL284C;YNR022C;YOR150W;YPL173W;YPL183W-A;YPR100W,0,1
YCR024C,0,0,0,0,0,0,0,0,0,0,0,0,0,,0,0
YDL066W,0,0,0,0,0,0,0,0,0,0,0,0,0,,0,0
YDL178W,0,0,0,0,0,0,0,0,0,0,0,0,0,,0,0
YDR019C,0,0,0,0,0,0,0,0,0,0,0,0,1,YAL044C;YFL018C;YMR189W,1,1
YDR065W,0,0,0,0,0,0,0,0,0,0,0,0,0,,0,0
YDR204W,0,0,0,0,0,0,0,0,0,0,0,0,1,YGR255C;YLR201C;YML110C;YOL096C;YOR125C,1,1
YDR234W,0,0,0,0,0,0,0,0,0,0,0,0,0,,0,0
YER014W,0,0,0,0,0,0,0,0,0,0,0,0,0,,0,0
YER087W,0,0,0,0,0,0,0,0,0,0,0,0,0,,0,0
YFL016C,0,0,0,0,0,0,0,0,0,0,0,0,0,,0,0
YGL143C,0,0,0,0,0,0,0,0,0,0,0,0,0,,0,0
YGL256W,0,0,0,0,0,0,0,0,0,0,0,0,0,,0,0
YHL014C,0,0,0,0,0,0,0,0,0,0,0,0,0,,0,0
YHL018W,0,0,0,0,0,0,0,0,0,0,0,0,0,,0,0
YHR008C,0,0,0,0,0,0,0,0,0,0,0,0,0,,0,0
YIL051C,0,0,0,0,0,0,0,0,0,0,0,0,0,,0,0
YJL071W,0,0,0,0,0,0,0,0,0,0,0,0,1,,1,1
YJR122W,0,0,0,0,0,0,0,0,0,0,0,0,1,YLL027W;YPR067W,1,1
YKL134C,0,0,0,0,0,0,0,0,0,0,0,0,0,,0,0
YLR192C,0,0,0,0,0,0,0,0,0,0,0,0,0,,0,0
YLR290C,0,0,0,0,0,0,0,0,0,0,0,0,0,,0,0
YLR393W,0,0,0,0,0,0,0,0,0,0,0,0,0,,0,0
YLR369W,0,0,0,0,0,0,0,0,0,0,0,0,0,,0,0
YML110C,0,0,0,0,0,0,0,0,0,0,0,0,1,YDR204W;YGR255C;YLR201C;YOL096C;YOR125C,1,1
YMR072W,0,0,0,0,0,0,0,0,0,0,0,0,0,,0,0
YNL168C,0,0,0,0,0,0,0,0,0,0,0,0,0,,0,0
YOL008W,0,0,0,0,0,0,0,0,0,0,0,0,0,,0,0
YOR022C,0,0,0,0,0,0,0,0,0,0,0,0,0,,0,0
YOR142W,0,0,0,0,0,0,0,0,0,0,0,0,1,YGR244C,1,1
YOR356W,0,0,0,0,0,0,0,0,0,0,0,0,0,,0,0
YPL104W,0,0,0,0,0,0,0,0,0,0,0,0,0,,0,0
YPL188W,0,0,0,0,0,0,0,0,0,0,0,0,0,,0,0
YPL135W,0,0,0,0,0,0,0,0,0,0,0,0,1,YCL017C;YDL120W;YER048W-A;YKL192C;YPL252C,0,1
YPR116W,0,0,0,0,0,0,0,0,0,0,0,0,0,,0,0
YDR280W,0,0,0,0,0,0,0,0,0,0,0,1,1,YCR035C;YDL111C;YGR095C;YGR158C;YGR195W;YHR069C;YNL232W;YOL021C;YOL142W;YOR001W,0,2
YGR111W,0,0,0,0,0,0,0,0,0,0,0,0,0,,0,0
YBL101C,0,0,0,0,0,0,0,0,0,0,0,0,0,,0,0
YPL183C,0,0,0,0,0,0,0,0,0,0,0,0,0,,0,0
YBL102W,0,0,0,0,0,0,0,0,0,0,0,0,0,,0,0
YPR100W,0,0,0,0,0,0,0,0,0,0,0,0,1,YBL038W;YBR122C;YBR268W;YBR282W;YCR003W;YCR046C;YCR071C;YDL202W;YDR115W;YDR116C;YDR237W;YDR296W;YDR322W;YDR405W;YDR462W;YEL050C;YGL068W;YGR076C;YGR220C;YHR147C;YJL063C;YJL096W;YKL138C;YKL167C;YKL170W;YKR006C;YKR085C;YLR312W-A;YLR439W;YML009C;YML025C;YMR024W;YMR193W;YMR225C;YMR286W;YNL005C;YNL122C;YNL177C;YNL185C;YNL252C;YNL284C;YNR022C;YOR150W;YPL173W;YPL183W-A,0,1
YKL067W,0,0,0,0,0,0,0,0,0,0,0,0,0,,0,0
YBL103C,0,0,0,1,0,0,0,0,0,0,0,0,1,YOL067C,0,1
YOL067C,0,0,0,1,0,0,0,0,0,0,0,0,1,YBL103C,0,1
YBL104C,0,0,0,0,0,0,0,0,0,0,0,0,1,YDR128W;YEL062W;YGL100W;YHL023C;YJR138W;YLR208W;YOL138C,0,1
YDR128W,0,0,0,0,0,0,0,0,0,0,0,0,1,YBL104C;YEL062W;YGL100W;YHL023C;YJR138W;YLR208W;YOL138C,0,1
YGL100W,0,0,0,0,0,0,0,0,0,0,0,0,1,YAR002W;YBL079W;YBL104C;YDL088C;YDL116W;YDL207W;YDR128W;YDR192C;YDR424C;YEL062W;YER105C;YER107C;YFR002W;YGL172W;YGR119C;YHL023C;YIL115C;YIL149C;YJL039C;YJL041W;YJL061W;YJR042W;YJR138W;YKL057C;YKL068W;YKR082W;YKR095W;YLR018C;YLR208W;YLR335W;YML031W;YML103C;YMR047C;YMR129W;YMR153W;YOL138C;YOR098C,1,2
YEL062W,0,0,0,0,0,0,0,0,0,0,0,0,1,YBL104C;YDR128W;YGL100W;YHL023C;YJR138W;YLR208W;YOL138C,0,1
YJR138W,0,0,0,0,0,0,0,0,0,0,0,0,1,YBL104C;YDR128W;YEL062W;YGL100W;YHL023C;YLR208W;YOL138C,0,1
YHL023C,0,0,0,0,0,0,0,0,0,0,0,0,1,YBL104C;YDR128W;YEL062W;YGL100W;YJR138W;YLR208W;YOL138C,0,1
YOL138C,0,0,0,0,0,0,0,0,0,0,0,0,1,YBL104C;YDR128W;YEL062W;YGL100W;YHL023C;YJR138W;YLR208W,0,1
YHR073W,0,0,0,0,0,0,0,0,0,0,0,0,0,,0,0
YLR310C,0,0,0,0,0,0,0,0,0,0,0,0,0,,0,0
YMR210W,0,0,0,0,0,0,0,0,0,0,0,0,0,,0,0
YEL020C,0,0,0,0,0,0,0,0,0,0,0,0,0,,0,0
YDR283C,0,0,0,0,0,0,0,0,0,0,0,0,0,,0,0
YBR001C,0,0,0,0,0,0,0,0,0,0,0,0,0,,0,0
YMR298W,0,0,0,0,0,1,0,0,0,0,0,0,1,YHL003C;YKL008C,0,1
YBL105C,0,0,0,0,0,0,0,0,0,0,0,0,0,,0,0
YBR002C,0,0,0,0,0,0,0,0,0,0,0,0,1,YDL193W,1,1
YKR067W,0,0,0,0,0,0,0,0,0,0,0,0,0,,0,0
YDL193W,0,0,0,0,0,0,0,0,0,0,0,0,1,YBR002C;YMR101C,2,2
YBR006W,0,0,0,0,0,0,0,0,0,0,0,0,0,,0,0
YPL061W,0,0,0,0,0,0,0,0,0,0,0,0,0,,0,0
YDL150W,0,0,0,0,0,0,0,0,0,0,0,0,1,YBR154C;YDR045C;YHR143W-A;YJL011C;YKL144C;YKR025W;YNL113W;YNL151C;YNR003C;YOR116C;YOR207C;YOR210W;YOR224C;YPR110C;YPR187W;YPR190C,0,1
YBL039C,0,0,0,0,0,0,0,0,0,0,0,0,0,,0,0
YAL005C,0,0,0,0,0,0,0,0,0,0,0,0,1,YCL037C;YLL024C;YLR256W;YMR186W;YNL064C;YPL240C,1,2
YDL137W,0,0,0,0,0,0,0,0,0,0,0,0,0,,0,0
YDR502C,0,0,0,0,0,0,0,0,0,0,0,0,1,YAL038W;YER081W;YIL074C;YLR058C;YLR153C;YLR180W,1,1
YDR391C,0,0,0,0,0,0,0,0,0,0,0,0,0,,0,0
YGL001C,0,0,0,0,0,0,0,0,0,0,0,0,0,,0,0
YER103W,0,0,0,0,0,0,0,0,0,0,0,0,0,,0,0
YHR113W,0,0,0,0,0,0,0,0,0,0,0,0,0,,0,0
YGL201C,0,0,0,0,0,0,0,1,0,0,0,0,1,YBL023C;YBR202W;YBR278W;YDR013W;YDR121W;YDR489W;YEL032W;YJL072C;YLR103C;YLR274W;YNL262W;YOL146W;YPR019W;YPR175W,2,3
YJL173C,0,0,0,0,1,0,0,0,0,0,0,0,1,YAR007C;YNL312W,0,1
YKL094W,0,0,0,0,0,0,0,0,0,0,0,0,0,,0,0
YLL024C,0,0,0,0,0,0,0,0,0,0,0,0,1,YAL005C;YCL037C;YLR256W;YMR186W;YNL064C;YPL240C,2,2
YML004C,0,0,0,0,0,0,0,0,0,0,0,0,0,,0,0
YMR246W,0,0,0,0,0,0,0,0,0,0,0,0,0,,0,0
YLL050C,0,0,0,0,0,0,0,0,0,0,0,0,0,,0,0
YPL262W,0,0,0,0,0,0,0,0,0,0,0,0,0,,0,0
YJL115W,0,0,0,1,0,0,0,0,0,0,0,0,1,YPL153C,0,1
YBR215W,0,0,0,0,0,0,0,1,0,0,0,0,1,YBL008W;YJR140C;YOR038C,0,1
YBL008W,0,0,0,0,0,0,0,1,0,0,0,0,1,YBR215W;YJR140C;YOR038C,0,1
YJR140C,0,0,0,0,0,0,0,1,0,0,0,0,1,YBL008W;YBR215W;YOR038C,0,1
YPL153C,0,0,0,1,0,0,0,0,0,0,0,0,1,YJL115W,0,1
YOR038C,0,0,0,0,0,0,0,1,0,0,0,0,1,YBL008W;YBR215W;YJR140C,0,1
YDR087C,0,0,0,0,0,0,0,0,0,0,0,0,0,,0,0
YBR010W,0,0,0,0,0,0,0,0,0,1,0,0,1,YBL002W;YBL003C;YBL025W;YBR009C;YDR224C;YDR225W;YLR141W;YMR270C;YOL012C;YOR295W,1,7
YBL028C,0,0,0,0,0,0,0,0,0,0,0,0,0,,0,0
YDR312W,0,0,0,0,0,0,0,0,0,0,0,0,0,,0,0
YDR224C;YBL002W,0,0,0,0,0,0,0,0,0,0,0,0,0,,0,0
YDR496C,0,0,0,0,0,0,0,0,0,0,0,0,0,,0,0
YER006W,0,0,0,0,0,0,0,0,0,0,0,0,0,,0,0
YER002W,0,0,0,0,0,0,0,0,0,0,0,0,0,,0,0
YER164W,0,0,0,0,0,0,0,0,0,0,0,0,1,YBR081C;YBR111W-A;YBR198C;YCL010C;YDR145W;YDR167W;YDR176W;YDR392W;YDR448W;YGL066W;YGL112C;YGR252W;YHR099W;YLR055C;YMR223W;YMR236W;YOL148C;YPL047W;YPL254W,2,2
YER126C,0,0,0,0,0,0,0,0,0,0,0,0,0,,0,0
YGL111W,0,0,0,0,0,0,0,0,0,0,0,0,0,,0,0
YFR001W,0,0,0,0,0,0,0,0,0,0,0,0,0,,0,0
YHR052W,0,0,0,0,0,0,0,0,0,0,0,0,0,,0,0
YGR103W,0,0,0,0,0,0,0,0,0,0,0,0,1,YMR049C;YOR272W,1,1
YHR066W,0,0,0,0,0,0,0,0,0,0,0,0,0,,0,0
YKL009W,0,0,0,0,0,0,0,0,0,0,0,0,0,,0,0
YMR131C,0,0,0,0,0,0,0,0,0,0,0,0,0,,0,0
YNL022C,0,0,0,0,0,0,0,0,0,0,0,0,0,,0,0
YNL031C,0,0,0,0,0,0,0,0,0,0,0,0,0,,0,0
YNL030W,0,0,0,0,0,0,0,0,0,0,0,0,0,,0,0
YNR053C,0,0,0,0,0,0,0,0,0,0,0,0,0,,0,0
YPL146C,0,0,0,0,0,0,0,0,0,0,0,0,0,,0,0
YFL002C,0,0,0,0,0,0,0,0,0,0,0,0,0,,0,0
YPR169W,0,0,0,0,0,0,0,0,0,0,0,0,0,,0,0
YLL022C,0,0,0,0,0,0,0,0,0,0,0,0,1,YEL056W;YPL001W,1,1
YEL056W,0,0,0,0,0,0,0,0,0,0,0,0,1,YLL022C;YPL001W,1,1
YPL001W,0,0,0,0,0,0,0,0,0,0,0,0,1,YEL056W;YLL022C,1,1
YOR061W,0,0,0,0,0,1,0,0,0,0,0,0,1,YCL031C;YGL019W;YGR090W;YIL035C;YLR223C;YOR039W,4,6
YDR334W,0,0,0,0,0,0,0,0,0,0,0,0,1,YAL011W;YBR231C;YDR190C;YDR485C;YFL039C;YGR002C;YJL081C;YLR085C;YLR385C;YLR399C;YML041C;YNL107W;YPL235W,1,1
YIL035C,0,0,0,0,0,1,0,0,0,0,0,0,1,YCL031C;YGL019W;YGR090W;YLR223C;YOR039W;YOR061W,4,6
YER003C,0,0,0,0,0,0,0,0,0,0,0,0,0,,0,0
YJL129C,0,0,0,0,0,0,0,0,0,0,0,0,0,,0,0
YHR131C,0,0,0,0,0,0,0,0,0,0,0,0,0,,0,0
YLR399C,0,0,0,0,0,0,0,0,0,0,0,0,1,YAL011W;YBR231C;YDR190C;YDR334W;YDR485C;YFL039C;YGR002C;YJL081C;YLR085C;YLR385C;YML041C;YNL107W;YPL235W,1,1
YLR223C,0,0,0,0,0,0,0,0,0,0,0,0,1,YCL031C;YGL019W;YGR090W;YIL035C;YOR039W;YOR061W,3,3
YMR172W,0,0,0,0,0,0,0,0,0,0,0,0,0,,0,0
YOR039W,0,0,0,0,0,1,0,0,0,0,0,0,1,YCL031C;YGL019W;YGR090W;YIL035C;YLR223C;YOR061W,6,9
YBR011C,0,0,0,0,0,0,0,0,0,0,0,0,0,,0,0
YGR070W,0,0,0,0,0,0,0,0,0,0,0,0,0,,0,0
YDL203C,0,0,0,0,0,0,0,0,0,0,0,0,0,,0,0
YLR371W,0,0,0,0,0,0,0,0,0,0,0,0,0,,0,0
YMR037C,0,0,0,0,0,0,0,0,0,0,0,0,0,,0,0
YPL066W,0,0,0,0,0,0,0,0,0,0,0,0,0,,0,0
YMR267W,0,0,0,0,0,0,0,0,0,0,0,0,0,,0,0
YPR133C,0,0,0,0,0,0,0,0,0,0,0,0,0,,0,0
YPR187W,0,0,0,0,0,0,0,0,0,0,0,0,1,YBR154C;YDL140C;YDL150W;YDR045C;YDR156W;YDR404C;YGL070C;YHR143W-A;YIL021W;YJL011C;YJL140W;YJL148W;YJR063W;YKL144C;YKR025W;YNL113W;YNL151C;YNL248C;YNR003C;YOL005C;YOR116C;YOR151C;YOR207C;YOR210W;YOR224C;YOR340C;YOR341W;YPR010C;YPR110C;YPR190C,0,3
YGR005C,0,0,0,0,0,0,0,0,0,0,0,0,1,YGR186W;YPL129W,1,1
YBR083W,0,0,0,0,0,0,0,0,0,0,0,0,1,YHR084W;YPL049C,1,1
YOR303W,0,0,0,1,0,0,0,0,0,0,0,0,1,YJR109C,0,1
YDL198C,0,0,0,0,0,0,0,0,0,0,0,0,0,,0,0
YNR001C,0,0,0,0,0,0,0,0,0,0,0,0,0,,0,0
YOR189W,0,0,0,0,0,0,0,0,0,0,0,0,1,YDL002C;YDR190C;YEL044W;YER092W;YFL013C;YFL039C;YGL150C;YJL081C;YLR052W;YNL059C;YNL215W;YOR141C;YPL129W;YPL235W,0,1
YBR014C,1,0,0,0,0,0,0,0,0,0,0,0,1,,0,1
YFL039C,0,0,0,0,0,0,0,0,0,0,0,0,1,YAL011W;YBR231C;YDL002C;YDR190C;YDR334W;YDR359C;YDR485C;YEL018W;YEL044W;YER092W;YFL013C;YFL024C;YGL150C;YGR002C;YHR090C;YHR099W;YJL081C;YJR082C;YLR052W;YLR085C;YLR385C;YLR399C;YML041C;YNL059C;YNL107W;YNL136W;YNL215W;YOR141C;YOR189W;YOR244W;YPL129W;YPL235W;YPR023C,2,3
YPR184W,0,0,0,0,0,0,0,0,0,0,0,0,0,,0,0
YGR010W,0,0,0,0,0,0,0,0,0,0,0,0,0,,0,0
YKL011C,0,0,0,0,0,0,0,0,0,0,0,0,0,,0,0
YOR006C,0,0,0,0,0,0,0,0,0,0,0,0,0,,0,0
YER032W,0,0,0,0,0,0,0,0,0,0,0,0,0,,0,0
YDR069C,0,0,0,0,0,0,0,0,0,0,0,0,0,,0,0
YDR395W,0,0,0,0,0,0,0,0,0,0,0,0,0,,0,0
YER110C,0,0,0,0,0,0,0,0,0,0,0,0,0,,0,0
YHR007C,0,0,0,0,0,0,0,0,0,0,0,0,0,,0,0
YMR308C,0,0,0,0,0,0,0,0,0,0,0,0,0,,0,0
YKL209C,0,0,0,0,0,0,0,0,0,0,0,0,0,,0,0
YGR032W,0,0,0,0,0,0,0,0,0,0,0,0,1,YPR165W,1,1
YNL323W,0,0,0,0,0,0,0,0,0,0,0,0,1,YDR093W;YER166W,2,2
YPL265W,0,0,0,0,0,0,0,0,0,0,0,0,0,,0,0
YOR327C,0,0,0,0,1,1,0,0,0,0,0,0,1,YAL014C;YDR468C;YGR009C;YMR017W;YMR183C;YMR197C;YOL018C;YOR036W;YPL232W,1,6
YDR264C,0,0,0,0,0,0,0,0,0,0,0,0,0,,0,0
YBL050W,0,0,0,0,0,0,0,0,0,0,0,0,0,,0,0
YER001W,0,0,0,0,0,0,0,0,0,0,0,0,0,,0,0
YEL042W,0,0,0,0,0,0,0,0,0,0,0,0,0,,0,0
YGL160W,0,0,0,0,0,0,0,0,0,0,0,0,0,,0,0
YHL031C,0,0,0,0,0,1,0,0,0,0,0,0,1,YKL006C-A;YKL196C;YLR026C,0,1
YGL203C,0,0,0,0,0,0,0,0,0,0,0,0,0,,0,0
YIL005W,0,0,0,0,0,0,0,0,0,0,0,0,0,,0,0
YHR042W,0,0,0,0,0,0,0,0,0,0,0,0,0,,0,0
YJR086W,0,0,0,1,1,0,0,0,0,0,0,0,1,YAL041W;YHR005C;YJL157C;YOR212W,1,3
YJL198W,0,0,0,0,0,0,0,0,0,0,0,0,0,,0,0
YMR054W,0,0,0,0,0,0,0,0,0,0,0,0,1,YBR127C;YCL005W-A;YDL185W;YEL027W;YEL051W;YGR020C;YGR106C;YHR026W;YHR039C-A;YKL080W;YLR447C;YOR332W;YPL234C;YPR036W;YPR170W-B,0,1
YOR320C,0,0,0,0,0,0,0,0,0,0,0,0,0,,0,0
YOR212W,0,0,0,1,1,0,0,0,0,0,0,0,1,YAL041W;YHR005C;YJL157C;YJR086W,1,3
YDR508C,0,0,0,0,0,0,0,0,0,0,0,0,0,,0,0
YDR182W,0,0,0,0,0,0,0,0,0,0,0,0,0,,0,0
YKL039W,0,0,0,0,0,0,0,0,0,0,0,0,0,,0,0
YHL017W,0,0,0,0,0,0,0,0,0,0,0,0,0,,0,0
YPR037C,0,0,0,0,0,0,0,0,0,0,0,0,0,,0,0
YMR071C,0,0,0,0,0,0,0,0,0,0,0,0,0,,0,0
YDR292C,0,0,0,1,0,0,0,0,0,0,0,0,1,YKL154W,0,1
YHR107C,0,0,0,0,0,0,0,0,0,0,0,0,1,YCR002C;YDL225W;YDR507C;YJR076C;YKR048C;YLR314C;YNL166C,2,2
YMR109W,0,0,0,0,0,0,0,0,0,0,0,0,1,YBR109C,1,1
YNL244C,0,0,0,0,0,0,0,0,0,0,0,0,0,,0,0
YPL263C,0,0,0,0,0,0,0,0,0,0,0,0,0,,0,0
YPL226W,0,0,0,0,0,0,0,0,0,0,0,0,0,,0,0
YPR041W,0,0,0,0,0,0,0,0,0,0,0,0,0,,0,0
YBR079C,0,0,0,0,0,0,1,0,0,0,0,0,1,YDR429C;YMR146C;YMR309C;YOR361C,0,1
YJL128C,0,0,0,0,0,0,0,0,0,0,0,0,0,,0,0
YOR361C,0,0,0,0,0,0,1,0,0,0,0,0,1,YBR079C;YDR429C;YMR146C;YMR309C,0,1
YMR309C,0,0,0,0,0,0,1,0,0,0,0,0,1,YBR079C;YDR429C;YMR146C;YOR361C,0,1
R0020C,0,0,0,0,0,0,0,0,0,0,0,0,0,,0,0
YAL003W,0,0,0,0,0,0,0,1,0,0,0,0,1,YKL081W;YPL048W;YPR080W,0,2
YFL001W,0,0,0,0,0,0,0,0,0,0,0,0,0,,0,0
YMR214W,0,0,0,0,0,0,0,0,0,0,0,0,0,,0,0
YLR104W,0,0,0,0,0,0,0,0,0,0,0,0,0,,0,0
R0040C,0,0,0,0,0,0,0,0,0,0,0,0,0,,0,0
YER025W,0,0,0,0,1,0,0,0,0,0,0,0,1,YJR007W;YPL237W,0,1
YDR258C,0,0,0,0,0,0,0,0,0,0,0,0,0,,0,0
YJR007W,0,0,0,0,1,0,0,0,0,0,0,0,1,YER025W;YPL237W,0,1
YMR146C,0,0,0,0,0,0,1,0,0,0,0,0,1,YBR079C;YDR429C;YMR309C;YOR361C,0,1
YPL237W,0,0,0,0,1,0,0,0,0,0,0,0,1,YER025W;YJR007W,0,1
YBR097W,0,0,0,0,0,1,0,0,0,0,0,0,1,YBR128C;YLR211C;YLR240W;YLR360W;YPL120W,1,2
YKL192C,0,0,0,0,0,0,0,0,0,0,0,0,1,YCL017C;YDL120W;YER048W-A;YPL135W;YPL252C,0,1
YDL073W,0,0,0,0,0,0,0,0,0,0,0,0,0,,0,0
YPR135W,0,0,0,0,0,0,0,0,0,0,0,0,1,YJL047C;YLR320W;YOL133W;YPR164W,1,1
YBR094W,0,0,0,0,0,0,0,0,0,0,0,0,0,,0,0
YGR167W,0,0,0,0,0,0,0,1,0,0,0,0,1,YGL206C,0,1
YFL014W,0,0,0,0,0,0,0,0,0,0,0,0,0,,0,0
YPL143W,0,0,0,0,0,0,0,0,0,0,0,0,0,,0,0
YKL121W,0,0,0,0,0,0,0,0,0,0,0,0,0,,0,0
YER061C,0,0,0,0,0,0,0,0,0,0,0,0,0,,0,0
YBL099W,0,0,0,0,0,0,0,0,0,0,0,0,1,Q0080;Q0085;Q0130;YBR039W;YDL004W;YDR298C;YDR322C-A;YDR377W;YJR121W;YKL016C;YLR295C;YML081C-A;YOL077W-A;YPL078C;YPL271W;YPR020W,0,1
YJL180C,0,0,0,0,0,0,0,0,0,0,0,0,0,,0,0
YPL270W,0,0,0,0,0,0,0,0,0,0,0,0,0,,0,0
YBR028C,0,0,0,0,0,0,0,0,0,0,0,0,0,,0,0
YHR086W,0,0,0,0,0,0,0,0,0,0,0,0,1,YBR119W;YBR237W;YDL087C;YDR235W;YDR240C;YER029C;YFL017W-A;YGR013W;YGR074W;YIL061C;YKL012W;YKL074C;YLR116W;YLR147C;YLR275W;YLR298C;YML046W;YOR159C;YPR182W,2,2
YKL012W,0,0,0,0,0,0,0,0,0,0,0,0,1,YBR119W;YBR237W;YDL087C;YDR235W;YDR240C;YER029C;YFL017W-A;YGR013W;YGR074W;YHR086W;YIL061C;YKL074C;YLR116W;YLR147C;YLR275W;YLR298C;YML046W;YOR159C;YPR182W,2,2
YLR275W,0,0,0,0,0,0,0,0,1,0,0,0,1,YAL032C;YBL026W;YBL074C;YBR055C;YBR065C;YBR119W;YBR152W;YBR188C;YBR237W;YCR063W;YDL030W;YDL043C;YDL087C;YDL098C;YDL209C;YDR088C;YDR163W;YDR235W;YDR240C;YDR243C;YDR364C;YDR378C;YDR416W;YDR473C;YDR482C;YEL026W;YER013W;YER029C;YER112W;YER146W;YER172C;YFL017W-A;YFR005C;YGL128C;YGL174W;YGR013W;YGR074W;YGR075C;YGR091W;YGR129W;YGR278W;YHR086W;YHR156C;YHR165C;YIL061C;YIR005W;YIR009W;YJL203W;YJR022W;YJR050W;YKL012W;YKL074C;YKL095W;YKL173W;YLL036C;YLR016C;YLR116W;YLR117C;YLR147C;YLR298C;YLR323C;YLR438C-A;YML046W;YML049C;YMR213W;YMR240C;YMR288W;YNL138W-A;YNL147W;YNL245C;YNL286W;YOR148C;YOR159C;YOR308C;YOR319W;YPL064C;YPL151C;YPL213W;YPR082C;YPR094W;YPR101W;YPR178W;YPR182W,9,10
YPR182W,0,0,0,0,0,0,0,0,1,0,0,0,1,YAL032C;YBL026W;YBL074C;YBR055C;YBR065C;YBR119W;YBR152W;YBR188C;YBR237W;YCR063W;YDL030W;YDL043C;YDL087C;YDL098C;YDL209C;YDR088C;YDR163W;YDR235W;YDR240C;YDR243C;YDR364C;YDR378C;YDR416W;YDR473C;YDR482C;YEL026W;YER013W;YER029C;YER112W;YER146W;YER172C;YFL017W-A;YFR005C;YGL128C;YGL174W;YGR013W;YGR074W;YGR075C;YGR091W;YGR129W;YGR278W;YHR086W;YHR156C;YHR165C;YIL061C;YIR005W;YIR009W;YJL203W;YJR022W;YJR050W;YKL012W;YKL074C;YKL095W;YKL173W;YLL036C;YLR016C;YLR116W;YLR117C;YLR147C;YLR275W;YLR298C;YLR323C;YLR438C-A;YML046W;YML049C;YMR213W;YMR240C;YMR288W;YNL138W-A;YNL147W;YNL245C;YNL286W;YOR148C;YOR159C;YOR308C;YOR319W;YPL064C;YPL151C;YPL213W;YPR082C;YPR094W;YPR101W;YPR178W,9,10
YML046W,0,0,0,0,0,0,0,0,0,0,0,0,1,YBR119W;YBR237W;YDL087C;YDR235W;YDR240C;YER029C;YFL017W-A;YGR013W;YGR074W;YHR086W;YIL061C;YKL012W;YKL074C;YLR116W;YLR147C;YLR275W;YLR298C;YOR159C;YPR182W,2,2
YMR125W,0,0,0,1,0,0,0,0,0,0,0,0,1,YPL178W,0,1
YLR147C,0,0,0,0,0,0,0,0,1,0,0,0,1,YAL032C;YBL026W;YBL074C;YBR055C;YBR065C;YBR119W;YBR152W;YBR188C;YBR237W;YCR063W;YDL030W;YDL043C;YDL087C;YDL098C;YDL209C;YDR088C;YDR163W;YDR235W;YDR240C;YDR243C;YDR364C;YDR378C;YDR416W;YDR473C;YDR482C;YEL026W;YER013W;YER029C;YER112W;YER146W;YER172C;YFL017W-A;YFR005C;YGL128C;YGL174W;YGR013W;YGR074W;YGR075C;YGR091W;YGR129W;YGR278W;YHR086W;YHR156C;YHR165C;YIL061C;YIR005W;YIR009W;YJL203W;YJR022W;YJR050W;YKL012W;YKL074C;YKL095W;YKL173W;YLL036C;YLR016C;YLR116W;YLR117C;YLR275W;YLR298C;YLR323C;YLR438C-A;YML046W;YML049C;YMR213W;YMR240C;YMR288W;YNL138W-A;YNL147W;YNL245C;YNL286W;YOR148C;YOR159C;YOR308C;YOR319W;YPL064C;YPL151C;YPL213W;YPR082C;YPR094W;YPR101W;YPR178W;YPR182W,9,10
YMR240C,0,0,0,0,0,0,0,0,0,0,0,0,1,YAL032C;YBR065C;YBR188C;YCR063W;YDL030W;YDL043C;YDL209C;YDR088C;YDR163W;YDR364C;YDR416W;YDR482C;YER013W;YER029C;YER172C;YFL017W-A;YGL128C;YGL174W;YGR074W;YGR129W;YGR278W;YHR165C;YIR005W;YIR009W;YJL203W;YJR050W;YKL095W;YKL173W;YLL036C;YLR016C;YLR117C;YLR147C;YLR275W;YLR323C;YML049C;YMR213W;YMR288W;YNL138W-A;YNL245C;YNL286W;YOR148C;YOR159C;YOR319W;YPL064C;YPL151C;YPL213W;YPR094W;YPR101W;YPR182W,3,3
YOR159C,0,0,0,0,0,0,0,0,1,0,0,0,1,YBL026W;YBL074C;YBR055C;YBR119W;YBR152W;YBR237W;YDL030W;YDL043C;YDL087C;YDL098C;YDR235W;YDR240C;YDR243C;YDR378C;YDR473C;YEL026W;YER029C;YER112W;YER146W;YER172C;YFL017W-A;YFR005C;YGL174W;YGR013W;YGR074W;YGR075C;YGR091W;YHR086W;YHR156C;YHR165C;YIL061C;YIR005W;YIR009W;YJL203W;YJR022W;YKL012W;YKL074C;YKL173W;YLR016C;YLR116W;YLR147C;YLR275W;YLR298C;YLR438C-A;YML046W;YML049C;YMR240C;YMR288W;YNL138W-A;YNL147W;YNL286W;YOR308C;YOR319W;YPL213W;YPR082C;YPR094W;YPR178W;YPR182W,8,9
YBR248C,0,0,0,0,0,0,0,0,0,0,0,0,0,,0,0
YPL148C,0,0,0,0,0,0,0,0,0,0,0,0,0,,0,0
YBR030W,0,0,0,0,0,0,0,0,0,0,0,0,0,,0,0
YCR028C-A,0,0,0,0,0,0,0,0,0,0,0,0,0,,0,0
YOR374W,0,0,0,0,0,0,0,0,0,0,0,0,0,,0,0
YDR171W,0,0,0,0,0,0,0,0,0,0,0,0,0,,0,0
YFR016C,0,0,0,0,0,0,0,0,0,0,0,0,0,,0,0
YGL103W,0,0,0,0,0,0,0,0,0,0,0,0,1,YBL092W;YFR032C-A;YGL030W;YJL189W;YLR075W;YLR325C;YLR340W;YOR063W;YPL131W,0,1
YBR073W,0,0,0,0,0,0,0,0,0,0,0,0,0,,0,0
YAL059W,0,0,0,0,0,0,0,0,0,0,0,0,0,,0,0
YGL013C,0,0,0,0,0,0,0,0,0,0,0,0,0,,0,0
YDR333C,0,0,0,0,0,0,0,0,0,0,0,0,1,YBR170C;YDL126C;YGR048W;YMR247C;YPL009C,1,1
YLR029C,0,0,0,0,0,0,0,0,0,0,0,0,0,,0,0
YHR146W,0,0,0,0,0,0,0,0,0,0,0,0,0,,0,0
YNL067W,0,0,0,0,0,0,0,0,0,0,0,0,0,,0,0
YLR340W,0,0,0,0,0,0,0,0,0,0,0,0,1,YBL092W;YFR032C-A;YGL030W;YGL103W;YJL189W;YLR075W;YLR325C;YOR063W;YPL131W,0,1
YOL127W,0,0,0,0,0,0,0,0,0,0,0,0,0,,0,0
YDR119W,0,0,0,0,0,0,0,0,0,0,0,0,0,,0,0
YBR074W,0,0,0,0,0,0,0,0,0,0,0,0,0,,0,0
YNR013C,0,0,0,0,0,0,0,0,0,0,0,0,0,,0,0
YDL001W,0,0,0,0,0,0,0,0,0,0,0,0,0,,0,0
YCR011C,0,0,0,0,0,0,0,0,0,0,0,0,0,,0,0
YGR125W,0,0,0,0,0,0,0,0,0,0,0,0,0,,0,0
YFR048W,0,0,0,0,0,0,0,0,0,0,0,0,0,,0,0
YIL047C,0,0,0,0,0,0,0,0,0,0,0,0,0,,0,0
YHR039C-A,0,0,0,0,0,0,0,0,0,0,0,0,1,YBR127C;YCL005W-A;YDL185W;YEL027W;YEL051W;YGR020C;YGR106C;YHR026W;YKL080W;YLR447C;YMR054W;YOR270C;YOR332W;YPL234C;YPR036W;YPR170W-B,0,2
YNL321W,0,0,0,0,0,0,0,0,0,0,0,0,0,,0,0
YLR093C,0,0,0,0,1,1,0,0,0,0,0,0,1,YGL212W;YGR009C;YMR197C;YOR106W;YPL232W,0,2
YOR270C,0,0,0,0,0,0,0,0,0,0,0,0,1,YBR127C;YCL005W-A;YDL185W;YEL027W;YEL051W;YGR020C;YGR106C;YHR026W;YHR039C-A;YKL080W;YLR447C;YOR332W;YPL234C;YPR036W;YPR170W-B,0,1
YOR087W,0,0,0,0,0,0,0,0,0,0,0,0,0,,0,0
YOR332W,0,0,0,0,0,0,0,0,0,0,0,0,1,YBR127C;YCL005W-A;YDL185W;YEL027W;YEL051W;YGR020C;YGR106C;YHR026W;YHR039C-A;YKL080W;YLR447C;YMR054W;YOR270C;YPL234C;YPR036W;YPR170W-B,0,2
YOR291W,0,0,0,0,0,0,0,0,0,0,0,0,0,,0,0
YBR036C,0,0,0,0,0,0,0,0,0,0,0,0,1,YBR161W;YPL057C,2,2
YPL057C,0,0,0,0,0,0,0,0,0,0,0,0,1,YBR036C,1,1
YPL082C,0,0,0,0,0,0,0,0,0,0,0,0,1,YER148W,1,1
YBR043C,0,0,0,0,0,0,0,0,0,0,0,0,0,,0,0
YBR042C,0,0,0,0,0,0,0,0,0,0,0,0,0,,0,0
YBR046C,0,0,0,0,0,0,0,0,0,0,0,0,0,,0,0
YOL036W,0,0,0,0,0,0,0,0,0,0,0,0,0,,0,0
YBR048W,0,0,0,0,0,0,0,0,0,0,0,0,0,,0,0
YGR189C,0,0,0,0,0,0,0,0,0,0,0,0,0,,0,0
YBR029C,0,0,0,0,0,0,0,0,0,0,0,0,0,,0,0
YBR044C,0,0,0,0,0,0,0,0,0,0,0,0,0,,0,0
YBR049C,0,0,0,0,0,0,0,0,0,0,0,0,0,,0,0
YLR433C,0,0,0,1,0,0,0,0,0,0,0,0,1,YKL190W,0,1
YBR109C,0,0,0,0,0,0,0,0,0,0,0,0,1,YAL029C;YDR356W;YGL106W;YKL042W;YKL129C;YMR109W;YOR326W;YPL124W,3,5
YML057W,0,0,0,1,0,0,0,0,0,0,0,0,1,YKL190W,0,1
YCR004C,0,0,0,0,0,0,0,0,0,0,0,0,0,,0,0
YDR032C,0,0,0,0,0,0,0,0,0,0,0,0,0,,0,0
YPL004C,0,0,0,0,0,0,0,0,0,0,0,0,0,,0,0
YBR052C,0,0,0,0,0,0,0,0,0,0,0,0,0,,0,0
YBR152W,0,0,0,0,0,0,0,0,0,0,0,0,1,YBL026W;YBR055C;YDL098C;YDR243C;YDR378C;YDR473C;YEL026W;YER029C;YER112W;YER146W;YER172C;YFL017W-A;YFR005C;YGR074W;YGR075C;YGR091W;YHR165C;YJR022W;YKL173W;YLR147C;YLR275W;YLR438C-A;YNL147W;YOR159C;YOR308C;YPR082C;YPR178W;YPR182W,1,1
YDL098C,0,0,0,0,0,0,0,0,0,0,0,0,1,YBL026W;YBR055C;YBR152W;YDR243C;YDR378C;YDR473C;YEL026W;YER029C;YER112W;YER146W;YER172C;YFL017W-A;YFR005C;YGR074W;YGR075C;YGR091W;YHR165C;YJR022W;YKL173W;YLR147C;YLR275W;YLR438C-A;YNL147W;YOR159C;YOR308C;YPR082C;YPR178W;YPR182W,1,1
YER029C,0,0,0,0,0,0,0,0,1,0,0,0,1,YAL032C;YBL026W;YBL074C;YBR055C;YBR065C;YBR119W;YBR152W;YBR188C;YBR237W;YCR063W;YDL030W;YDL043C;YDL087C;YDL098C;YDL209C;YDR088C;YDR163W;YDR235W;YDR240C;YDR243C;YDR364C;YDR378C;YDR416W;YDR473C;YDR482C;YEL026W;YER013W;YER112W;YER146W;YER172C;YFL017W-A;YFR005C;YGL128C;YGL174W;YGR013W;YGR074W;YGR075C;YGR091W;YGR129W;YGR278W;YHR086W;YHR156C;YHR165C;YIL061C;YIR005W;YIR009W;YJL203W;YJR022W;YJR050W;YKL012W;YKL074C;YKL095W;YKL173W;YLL036C;YLR016C;YLR116W;YLR117C;YLR147C;YLR275W;YLR298C;YLR323C;YLR438C-A;YML046W;YML049C;YMR213W;YMR240C;YMR288W;YNL138W-A;YNL147W;YNL245C;YNL286W;YOR148C;YOR159C;YOR308C;YOR319W;YPL064C;YPL151C;YPL213W;YPR082C;YPR094W;YPR101W;YPR178W;YPR182W,9,10
YDR473C,0,0,0,0,0,0,0,0,0,0,0,0,1,YBL026W;YBR055C;YBR152W;YDL098C;YDR243C;YDR378C;YEL026W;YER029C;YER112W;YER146W;YER172C;YFL017W-A;YFR005C;YGR074W;YGR075C;YGR091W;YHR165C;YJR022W;YKL173W;YLR147C;YLR275W;YLR438C-A;YNL147W;YOR159C;YOR308C;YPR082C;YPR178W;YPR182W,3,3
YGR074W,0,0,0,0,0,0,0,0,1,0,0,0,1,YAL032C;YBL026W;YBL074C;YBR055C;YBR065C;YBR119W;YBR152W;YBR188C;YBR237W;YCR063W;YDL030W;YDL043C;YDL087C;YDL098C;YDL209C;YDR088C;YDR163W;YDR235W;YDR240C;YDR243C;YDR364C;YDR378C;YDR416W;YDR473C;YDR482C;YEL026W;YER013W;YER029C;YER112W;YER146W;YER172C;YFL017W-A;YFR005C;YGL128C;YGL174W;YGR013W;YGR075C;YGR091W;YGR129W;YGR278W;YHR086W;YHR156C;YHR165C;YIL061C;YIR005W;YIR009W;YJL203W;YJR022W;YJR050W;YKL012W;YKL074C;YKL095W;YKL173W;YLL036C;YLR016C;YLR116W;YLR117C;YLR147C;YLR275W;YLR298C;YLR323C;YLR438C-A;YML046W;YML049C;YMR213W;YMR240C;YMR288W;YNL138W-A;YNL147W;YNL245C;YNL286W;YOR148C;YOR159C;YOR308C;YOR319W;YPL064C;YPL151C;YPL213W;YPR082C;YPR094W;YPR101W;YPR178W;YPR182W,9,10
YER172C,0,0,0,0,0,0,0,0,0,0,0,0,1,YAL032C;YBL026W;YBR055C;YBR065C;YBR152W;YBR188C;YCR063W;YDL030W;YDL043C;YDL098C;YDL209C;YDR088C;YDR163W;YDR243C;YDR364C;YDR378C;YDR416W;YDR473C;YDR482C;YEL026W;YER013W;YER029C;YER112W;YER146W;YFL017W-A;YFR005C;YGL128C;YGL174W;YGR074W;YGR075C;YGR091W;YGR129W;YGR278W;YHR156C;YHR165C;YIR005W;YIR009W;YJL203W;YJR022W;YJR050W;YKL095W;YKL173W;YLL036C;YLR117C;YLR147C;YLR275W;YLR323C;YLR438C-A;YML049C;YMR213W;YMR240C;YMR288W;YNL147W;YNL245C;YOR148C;YOR159C;YOR308C;YPL064C;YPL151C;YPL213W;YPR082C;YPR101W;YPR178W;YPR182W,3,3
YGR091W,0,0,0,0,0,0,0,0,0,0,0,0,1,YBL026W;YBR055C;YBR152W;YDL098C;YDR243C;YDR378C;YDR473C;YEL026W;YER029C;YER112W;YER146W;YER172C;YFL017W-A;YFR005C;YGR074W;YGR075C;YHR165C;YJR022W;YKL173W;YLR147C;YLR275W;YLR438C-A;YNL147W;YOR159C;YOR308C;YPR082C;YPR178W;YPR182W,2,2
YGR075C,0,0,0,0,0,0,0,0,0,0,0,0,1,YBL026W;YBR055C;YBR152W;YDL098C;YDR243C;YDR378C;YDR473C;YEL026W;YER029C;YER112W;YER146W;YER172C;YFL017W-A;YFR005C;YGR074W;YGR091W;YHR165C;YJR022W;YKL173W;YLR147C;YLR275W;YLR438C-A;YNL147W;YOR159C;YOR308C;YPR082C;YPR178W;YPR182W,1,1
YJR022W,0,0,0,0,0,0,0,0,1,1,0,0,1,YBL026W;YBR055C;YBR152W;YDL098C;YDR243C;YDR378C;YDR473C;YEL026W;YER029C;YER112W;YER146W;YER172C;YFL017W-A;YFR005C;YGR074W;YGR075C;YGR091W;YHR165C;YKL173W;YLR147C;YLR275W;YLR438C-A;YMR268C;YNL147W;YOR159C;YOR308C;YPR082C;YPR178W;YPR182W,2,4
YOR308C,0,0,0,0,0,0,0,0,0,0,0,0,1,YBL026W;YBR055C;YBR152W;YDL098C;YDR243C;YDR378C;YDR473C;YEL026W;YER029C;YER112W;YER146W;YER172C;YFL017W-A;YFR005C;YGR074W;YGR075C;YGR091W;YHR165C;YJR022W;YKL173W;YLR147C;YLR275W;YLR438C-A;YNL147W;YOR159C;YPR082C;YPR178W;YPR182W,1,1
YPR178W,0,0,0,0,0,0,0,0,0,0,0,0,1,YBL026W;YBR055C;YBR152W;YDL098C;YDR243C;YDR378C;YDR473C;YEL026W;YER029C;YER112W;YER146W;YER172C;YFL017W-A;YFR005C;YGR074W;YGR075C;YGR091W;YHR165C;YJR022W;YKL173W;YLR147C;YLR275W;YLR438C-A;YNL147W;YOR159C;YOR308C;YPR082C;YPR182W,3,3
YPR082C,0,0,0,0,0,0,0,0,0,0,0,0,1,YBL026W;YBR055C;YBR152W;YDL098C;YDR243C;YDR378C;YDR473C;YEL026W;YER029C;YER112W;YER146W;YER172C;YFL017W-A;YFR005C;YGR074W;YGR075C;YGR091W;YHR156C;YHR165C;YJR022W;YKL173W;YLR147C;YLR275W;YLR438C-A;YNL147W;YOR159C;YOR308C;YPR178W;YPR182W,2,2
YKR022C,0,0,0,0,0,0,0,0,0,0,0,0,1,YGL120C;YLR424W,1,1
YGR196C,0,0,0,0,0,0,0,0,0,0,0,0,0,,0,0
YDR239C,0,0,0,0,0,0,0,0,0,0,0,0,0,,0,0
YBR057C,0,0,0,0,0,0,0,0,0,0,0,0,1,YCL055W;YGL036W;YGL192W;YNL196C,1,1
YGL036W,0,0,0,0,0,0,0,0,0,0,0,0,1,YBR057C;YCL055W;YGL192W;YNL196C,1,1
YBR058C-A,0,0,0,0,0,0,0,0,0,0,0,0,1,YDR062W;YGR038W;YKL212W;YLR350W;YMR296C,1,1
YDR062W,0,0,0,0,0,0,0,0,0,0,0,0,1,YBR058C-A;YGR038W;YKL212W;YLR350W;YMR296C,1,1
YMR296C,0,0,0,0,0,0,0,0,0,0,0,0,1,YBR058C-A;YDR062W;YGR038W;YKL212W;YLR350W,1,1
YKR089C,0,0,0,0,0,0,0,0,0,0,0,0,0,,0,0
YGL141W,0,0,0,0,0,0,0,0,0,0,0,0,0,,0,0
YBR059C,0,0,0,0,0,0,0,0,0,0,0,0,0,,0,0
YOR128C,0,0,0,0,0,0,0,0,0,0,0,0,0,,0,0
YMR259C,0,0,0,0,0,0,0,0,0,0,0,0,0,,0,0
YDL112W,0,0,0,0,0,0,0,0,0,0,0,0,0,,0,0
YBR067C,0,0,0,0,0,0,0,0,0,0,0,0,0,,0,0
YBR066C,0,0,0,0,0,0,0,0,0,0,0,0,0,,0,0
YBR069C,0,0,0,0,0,0,0,0,0,0,0,0,0,,0,0
YEL040W,0,0,0,0,0,0,0,0,0,0,0,0,0,,0,0
YML042W,0,0,0,0,0,0,0,0,0,0,0,0,0,,0,0
YLR214W,0,0,0,0,0,0,0,0,0,0,0,0,0,,0,0
YLR138W,0,0,0,0,0,0,0,0,0,0,0,0,0,,0,0
YGR281W,0,0,0,0,0,0,0,0,0,0,0,0,0,,0,0
YMR266W,0,0,0,0,0,0,0,0,0,0,0,0,0,,0,0
YLR413W,0,0,0,0,0,0,0,0,0,0,0,0,0,,0,0
YNL149C,0,0,0,0,0,0,0,0,0,0,0,0,0,,0,0
YBR070C,0,0,0,1,0,0,0,0,0,0,0,0,1,YGL047W,0,1
YCL019W;YDR034C-D;YFL002W-A;YGR161W-B,0,0,0,0,0,0,0,0,0,0,0,0,0,,0,0
YMR011W,0,0,0,0,0,0,0,0,0,0,0,0,0,,0,0
YKR031C,0,0,0,0,0,0,0,0,0,0,0,0,0,,0,0
YPL221W,0,0,0,0,0,0,0,0,0,0,0,0,0,,0,0
YBR023C,0,0,0,0,0,0,0,0,0,0,0,0,0,,0,0
YPL232W,0,0,0,0,1,0,0,0,0,0,0,0,1,YAL030W;YGR009C;YLR093C;YMR017W;YOR327C,2,5
YHR096C,0,0,0,0,0,0,0,0,0,0,0,0,0,,0,0
YDL222C,0,0,0,0,0,0,0,0,0,0,0,0,0,,0,0
YBR077C,0,0,0,0,0,0,0,0,0,0,0,0,1,YCR075W-A;YGR163W;YKL143W;YKR007W;YML121W,2,2
YGR163W,0,0,0,0,0,0,0,0,0,0,0,0,1,YBR077C;YCR075W-A;YKL143W;YKR007W;YML121W,2,2
YCR075W-A,0,0,0,0,0,0,0,0,0,0,0,0,1,YBR077C;YGR163W;YKR007W;YML121W,1,1
YML121W,0,0,0,0,0,0,0,0,0,0,0,0,1,YBR077C;YCR075W-A;YGR163W;YKL143W;YKR007W,2,2
YKR007W,0,0,0,0,0,0,0,0,0,0,0,0,1,YBR077C;YCR075W-A;YGR163W;YKL143W;YML121W,2,2
YER098W,0,0,0,0,0,0,0,0,0,0,0,0,0,,0,0
YKL062W,0,0,0,0,0,0,0,0,0,0,0,0,0,,0,0
YGR083C,0,0,0,0,0,0,0,0,0,0,0,1,1,YDR211W;YKR026C;YLR291C;YOR260W,0,1
YKR026C,0,0,0,0,0,0,0,0,0,0,0,1,1,YDR211W;YGR083C;YLR291C;YOR260W,0,1
YMR311C,0,0,0,0,0,0,0,0,0,0,0,0,0,,0,0
YLR291C,0,0,0,0,0,0,0,0,0,0,0,1,1,YDR211W;YGR083C;YKR026C;YOR260W,0,1
YOR260W,0,0,0,0,0,0,0,0,0,0,0,1,1,YDR211W;YGR083C;YKR026C;YLR291C,0,1
YBL015W,0,0,0,0,0,0,0,0,0,0,0,0,0,,0,0
YOR204W,0,0,0,0,0,0,0,0,0,0,0,0,0,,0,0
YDR429C,0,0,0,0,0,0,1,0,0,0,0,0,1,YBR079C;YMR146C;YMR309C;YOR361C,0,1
YGL097W,0,0,0,0,0,0,0,0,0,0,0,0,0,,0,0
YLR293C,0,0,0,0,0,0,0,0,0,0,0,0,0,,0,0
YGR270W,0,0,0,0,0,0,0,0,0,0,0,0,0,,0,0
YGR009C,0,0,0,0,1,0,0,0,0,0,0,0,1,YAL030W;YLR093C;YMR183C;YOR327C;YPL232W,0,5
YDR164C,0,0,0,0,0,0,0,0,0,0,0,0,0,,0,0
YNR049C,0,0,0,0,0,0,0,0,0,0,0,0,0,,0,0
YAR007C,0,0,0,0,1,0,0,0,0,0,0,0,1,YJL173C;YNL312W,0,1
YBR111W-A,0,0,0,0,0,0,0,0,0,0,0,0,1,YBR081C;YBR198C;YCL010C;YDR145W;YDR159W;YDR167W;YDR176W;YDR363W-A;YDR392W;YDR448W;YER164W;YGL066W;YGL112C;YGR252W;YHR099W;YLR055C;YMR223W;YMR236W;YOL072W;YOL148C;YOR257W;YPL047W;YPL254W,3,3
YHR099W,0,0,0,0,0,0,0,0,0,0,0,0,1,YBR081C;YBR111W-A;YBR198C;YCL010C;YDR145W;YDR167W;YDR176W;YDR359C;YDR392W;YDR448W;YEL018W;YER164W;YFL024C;YFL039C;YGL066W;YGL112C;YGR002C;YGR252W;YHR090C;YJL081C;YJR082C;YLR055C;YMR223W;YMR236W;YNL107W;YNL136W;YOL148C;YOR244W;YPL047W;YPL254W;YPR023C,3,3
YBR081C,0,0,0,0,0,0,0,0,0,0,0,0,1,YBR111W-A;YBR198C;YCL010C;YDR145W;YDR167W;YDR176W;YDR392W;YDR448W;YER164W;YGL066W;YGL112C;YGR252W;YHR099W;YLR055C;YMR223W;YMR236W;YOL148C;YPL047W;YPL254W,2,2
YCL010C,0,0,0,0,0,0,0,0,0,0,0,0,1,YBR081C;YBR111W-A;YBR198C;YCR082W;YDR145W;YDR167W;YDR176W;YDR392W;YDR448W;YER164W;YGL066W;YGL112C;YGR252W;YHR099W;YLR055C;YMR223W;YMR236W;YOL148C;YOR023C;YPL047W;YPL254W,3,3
YBR198C,0,0,0,0,0,0,0,0,0,0,0,0,1,YBR081C;YBR111W-A;YCL010C;YCR042C;YDR145W;YDR167W;YDR176W;YDR392W;YDR448W;YER148W;YER164W;YGL066W;YGL112C;YGR252W;YGR274C;YHR099W;YLR055C;YML015C;YML098W;YML114C;YMR005W;YMR223W;YMR227C;YMR236W;YOL148C;YPL011C;YPL047W;YPL129W;YPL254W,2,3
YDR176W,0,0,0,0,0,0,0,0,0,0,0,0,1,YBR081C;YBR111W-A;YBR198C;YCL010C;YCR082W;YDR145W;YDR167W;YDR392W;YDR448W;YER164W;YGL066W;YGL112C;YGR252W;YHR099W;YLR055C;YMR223W;YMR236W;YOL148C;YOR023C;YPL047W;YPL254W,3,3
YDR145W,0,0,0,0,0,0,0,0,0,0,0,0,1,YBR081C;YBR111W-A;YBR198C;YCL010C;YCR042C;YDR167W;YDR176W;YDR392W;YDR448W;YER148W;YER164W;YGL066W;YGL112C;YGR252W;YGR274C;YHR099W;YLR055C;YML015C;YML098W;YML114C;YMR005W;YMR223W;YMR227C;YMR236W;YOL148C;YPL011C;YPL047W;YPL129W;YPL254W,2,3
YDR448W,0,0,0,0,0,0,0,0,0,0,0,0,1,YBR081C;YBR111W-A;YBR198C;YCL010C;YCR082W;YDR145W;YDR167W;YDR176W;YDR392W;YER164W;YGL066W;YGL112C;YGR252W;YHR099W;YLR055C;YMR223W;YMR236W;YOL148C;YOR023C;YPL047W;YPL254W,3,3
YDR392W,0,0,0,0,0,0,0,0,0,0,0,0,1,YBR081C;YBR111W-A;YBR198C;YCL010C;YDR145W;YDR167W;YDR176W;YDR448W;YER164W;YGL066W;YGL112C;YGR252W;YHR099W;YLR055C;YMR223W;YMR236W;YOL148C;YPL047W;YPL254W,2,2
YGL112C,0,0,0,0,0,0,0,0,0,0,0,0,1,YBR081C;YBR111W-A;YBR198C;YCL010C;YCR042C;YDR145W;YDR167W;YDR176W;YDR392W;YDR448W;YER148W;YER164W;YGL066W;YGR252W;YGR274C;YHR099W;YLR055C;YML015C;YML098W;YML114C;YMR005W;YMR223W;YMR227C;YMR236W;YOL148C;YPL011C;YPL047W;YPL129W;YPL254W,2,3
YGL066W,0,0,0,0,0,0,0,0,0,0,0,0,1,YBR081C;YBR111W-A;YBR198C;YCL010C;YDR145W;YDR167W;YDR176W;YDR392W;YDR448W;YER164W;YGL112C;YGR252W;YHR099W;YLR055C;YMR223W;YMR236W;YOL148C;YPL047W;YPL254W,2,2
YGR252W,0,0,0,0,0,0,0,0,0,0,0,0,1,YBR081C;YBR111W-A;YBR198C;YCL010C;YCR082W;YDR145W;YDR167W;YDR176W;YDR392W;YDR448W;YER164W;YGL066W;YGL112C;YHR099W;YLR055C;YMR223W;YMR236W;YOL148C;YOR023C;YPL047W;YPL254W,3,3
YGR061C,0,0,0,0,0,0,0,0,0,0,0,0,0,,0,0
YLR055C,0,0,0,0,0,0,0,0,0,0,0,0,1,YBR081C;YBR111W-A;YBR198C;YCL010C;YDR145W;YDR167W;YDR176W;YDR392W;YDR448W;YER164W;YGL066W;YGL112C;YGR252W;YHR099W;YMR223W;YMR236W;YOL148C;YPL047W;YPL254W,1,1
YMR236W,0,0,0,0,0,0,0,0,0,0,0,0,1,YBR081C;YBR111W-A;YBR198C;YCL010C;YCR042C;YDR145W;YDR167W;YDR176W;YDR392W;YDR448W;YER148W;YER164W;YGL066W;YGL112C;YGR252W;YGR274C;YHR099W;YLR055C;YML015C;YML098W;YML114C;YMR005W;YMR223W;YMR227C;YOL148C;YPL011C;YPL047W;YPL129W;YPL254W,2,3
YMR223W,0,0,0,0,0,0,0,0,0,0,0,0,1,YBR081C;YBR111W-A;YBR198C;YCL010C;YDR145W;YDR167W;YDR176W;YDR392W;YDR448W;YER164W;YGL066W;YGL112C;YGR252W;YHR099W;YLR055C;YMR236W;YOL148C;YPL047W;YPL254W,2,2
YPL254W,0,0,0,0,0,0,0,0,0,0,0,0,1,YBR081C;YBR111W-A;YBR198C;YCL010C;YDR145W;YDR167W;YDR176W;YDR392W;YDR448W;YER164W;YGL066W;YGL112C;YGR252W;YHR099W;YLR055C;YMR223W;YMR236W;YOL148C;YPL047W,2,2
YOL148C,0,0,0,0,0,0,0,0,0,0,0,0,1,YBR081C;YBR111W-A;YBR198C;YCL010C;YDR145W;YDR167W;YDR176W;YDR392W;YDR448W;YER164W;YGL066W;YGL112C;YGR252W;YHR099W;YLR055C;YMR223W;YMR236W;YPL047W;YPL254W,2,2
YML098W,0,0,0,0,0,0,0,0,0,0,0,0,1,YBR198C;YCR042C;YDR145W;YDR167W;YER148W;YGL112C;YGR274C;YML015C;YML114C;YMR005W;YMR227C;YMR236W;YPL011C;YPL129W,0,1
YDR167W,0,0,0,0,0,0,0,0,0,0,0,0,1,YBR081C;YBR111W-A;YBR198C;YCL010C;YCR042C;YDR145W;YDR176W;YDR392W;YDR448W;YER148W;YER164W;YGL066W;YGL112C;YGR252W;YGR274C;YHR099W;YLR055C;YML015C;YML098W;YML114C;YMR005W;YMR223W;YMR227C;YMR236W;YOL148C;YPL011C;YPL047W;YPL129W;YPL254W,2,3
YPL047W,0,0,0,0,0,0,0,0,0,0,0,0,1,YBR081C;YBR111W-A;YBR198C;YCL010C;YDR145W;YDR167W;YDR176W;YDR392W;YDR448W;YER164W;YGL066W;YGL112C;YGR252W;YHR099W;YLR055C;YMR223W;YMR236W;YOL148C;YPL254W,2,2
YCR042C,0,0,0,0,0,0,0,0,0,0,0,0,1,YBR198C;YDR145W;YDR167W;YER148W;YGL112C;YGR274C;YML015C;YML098W;YML114C;YMR005W;YMR227C;YMR236W;YPL011C;YPL129W,0,1
YGR274C,0,0,0,0,0,0,0,0,0,0,0,0,1,YBR198C;YCR042C;YDR145W;YDR167W;YER148W;YGL112C;YML015C;YML098W;YML114C;YMR005W;YMR227C;YMR236W;YPL011C;YPL129W,0,1
YML015C,0,0,0,0,0,0,0,0,0,0,0,0,1,YBR198C;YCR042C;YDR145W;YDR167W;YER148W;YGL112C;YGR274C;YML098W;YML114C;YMR005W;YMR227C;YMR236W;YPL011C;YPL129W,0,1
YMR005W,0,0,0,0,0,0,0,0,0,0,0,0,1,YBR198C;YCR042C;YDR145W;YDR167W;YER148W;YGL112C;YGR274C;YML015C;YML098W;YML114C;YMR227C;YMR236W;YPL011C;YPL129W,0,1
YML114C,0,0,0,0,0,0,0,0,0,0,0,0,1,YBR198C;YCR042C;YDR145W;YDR167W;YER148W;YGL112C;YGR274C;YML015C;YML098W;YMR005W;YMR227C;YMR236W;YPL011C;YPL129W,0,1
YMR227C,0,0,0,0,0,0,0,0,0,0,0,0,1,YBR198C;YCR042C;YDR145W;YDR167W;YER148W;YGL112C;YGR274C;YML015C;YML098W;YML114C;YMR005W;YMR236W;YPL011C;YPL129W,0,1
YPL011C,0,0,0,0,0,0,0,0,0,0,0,0,1,YBR198C;YCR042C;YDR145W;YDR167W;YER148W;YGL112C;YGR274C;YML015C;YML098W;YML114C;YMR005W;YMR227C;YMR236W;YPL129W,0,1
YCR072C,0,0,0,0,0,0,0,0,0,0,0,0,0,,0,0
YER148W,0,0,0,0,0,0,0,0,0,0,0,0,1,YBR198C;YCR042C;YDR145W;YDR167W;YGL112C;YGR246C;YGR274C;YML015C;YML098W;YML114C;YMR005W;YMR227C;YMR236W;YNL039W;YPL011C;YPL082C;YPL129W,2,3
YOR023C,0,0,0,0,0,0,0,0,0,0,0,0,1,YCL010C;YCR082W;YDR176W;YDR448W;YGR252W,1,1
YJL039C,0,0,0,0,0,0,0,0,0,0,0,0,1,YAR002W;YBL079W;YDL088C;YDL116W;YDL207W;YDR192C;YDR424C;YER105C;YER107C;YFR002W;YGL100W;YGL172W;YGR119C;YIL115C;YIL149C;YJL041W;YJL061W;YJR042W;YKL057C;YKL068W;YKR082W;YKR095W;YLR018C;YLR208W;YLR335W;YML031W;YML103C;YMR047C;YMR129W;YMR153W;YOR098C,1,1
YDR321W,0,0,0,0,0,0,0,0,0,0,0,0,0,,0,0
YPL091W,0,0,0,0,0,0,0,0,0,0,0,0,0,,0,0
YHR084W,0,0,0,0,0,0,0,0,0,0,0,0,1,YBR083W;YDR480W;YPL049C,2,2
YPL049C,0,0,0,0,0,0,0,0,0,0,0,0,1,YBR083W;YDR480W;YHR084W,2,2
YER151C,0,0,0,0,0,1,0,0,0,0,0,0,1,YNR051C,0,1
YDL092W,0,0,0,0,0,0,0,1,0,0,0,0,1,YKL122C;YML105C;YPL210C;YPL243W;YPR088C,0,1
YCR087C-A,0,0,0,0,0,0,0,0,0,0,0,0,0,,0,0
YGR178C,0,0,0,0,0,0,0,0,0,0,0,0,1,YNL085W,1,1
YGR148C,0,0,0,0,0,0,0,0,0,0,0,0,0,,0,0
YHR121W,0,0,0,0,0,0,0,0,0,0,0,0,0,,0,0
YLR075W,0,0,0,0,0,0,0,0,0,0,0,0,1,YBL092W;YFR032C-A;YGL030W;YGL103W;YJL189W;YLR325C;YLR340W;YOR063W;YPL131W,0,1
YBR084C-A,0,0,0,0,0,0,0,0,0,0,0,0,0,,0,0
YBL092W,0,0,0,0,0,0,0,0,0,0,0,0,1,YFR032C-A;YGL030W;YGL103W;YJL189W;YLR075W;YLR325C;YLR340W;YOR063W;YPL131W,0,1
YBR084C-A;YBL027W,0,0,0,0,0,0,0,0,0,0,0,0,0,,0,0
YBR031W,0,0,0,0,0,0,0,0,0,0,0,0,0,,0,0
YBR191W,0,0,0,0,0,0,0,0,0,0,0,0,0,,0,0
YDR101C,0,0,0,0,0,0,0,0,0,0,0,0,0,,0,0
YDL191W;YDL136W,0,0,0,0,0,0,0,0,0,0,0,0,0,,0,0
YDR382W,0,0,0,0,0,0,0,0,0,0,0,0,0,,0,0
YER056C-A,0,0,0,0,0,0,0,0,0,0,0,0,0,,0,0
YEL054C;YDR418W,0,0,0,0,0,0,0,0,0,0,0,0,0,,0,0
YFL034C-A,0,0,0,0,0,0,0,0,0,0,0,0,0,,0,0
YGL031C,0,0,0,0,0,0,0,0,0,0,0,0,0,,0,0
YFR031C-A;YIL018W,0,0,0,0,0,0,0,0,0,0,0,0,0,,0,0
YGL099W,0,0,0,0,0,0,0,0,0,0,0,0,0,,0,0
YGL076C,0,0,0,0,0,0,0,0,0,0,0,0,0,,0,0
YGL246C,0,0,0,0,0,0,0,0,0,0,0,0,1,YKR063C;YLL035W;YOR048C,2,2
YGL147C,0,0,0,0,0,0,0,0,0,0,0,0,0,,0,0
YGR034W,0,0,0,0,0,0,0,0,0,0,0,0,0,,0,0
YHL001W,0,0,0,0,0,0,0,0,0,0,0,0,0,,0,0
YHR010W;YDR471W,0,0,0,0,0,0,0,0,0,0,0,0,0,,0,0
YHL033C,0,0,0,0,0,0,0,0,0,0,0,0,0,,0,0
YIL133C,0,0,0,0,0,0,0,0,0,0,0,0,0,,0,0
YIL052C,0,0,0,0,0,0,0,0,0,0,0,0,0,,0,0
YJL189W,0,0,0,0,0,0,0,0,0,0,0,0,1,YBL092W;YFR032C-A;YGL030W;YGL103W;YLR075W;YLR325C;YLR340W;YOR063W;YPL131W,0,1
YJL177W,0,0,0,0,0,0,0,0,0,0,0,0,0,,0,0
YKL180W,0,0,0,0,0,0,0,0,0,0,0,0,0,,0,0
YKL006W,0,0,0,0,0,0,0,0,0,0,0,0,0,,0,0
YLL045C,0,0,0,0,0,0,0,0,0,0,0,0,0,,0,0
YMR242C;YOR312C,0,0,0,0,0,0,0,0,0,0,0,0,0,,0,0
YNL162W;YHR141C,0,0,0,0,0,0,0,0,0,0,0,0,0,,0,0
YNL069C,0,0,0,0,0,0,0,0,0,0,0,0,0,,0,0
YNL227C,0,0,0,0,0,0,0,0,0,0,0,0,0,,0,0
YOL120C;YNL301C,0,0,0,0,0,0,0,0,0,0,0,0,0,,0,0
YOL039W,0,0,0,0,0,0,0,0,0,0,0,0,0,,0,0
YOR063W,0,0,0,0,0,0,0,0,0,0,0,0,1,YBL092W;YFR032C-A;YGL030W;YGL103W;YJL189W;YLR075W;YLR325C;YLR340W;YPL131W,0,1
YPL009C,0,0,0,0,0,0,0,0,0,0,0,0,1,YBR170C;YDL126C;YDR333C;YGR048W;YMR247C,1,1
YPL131W,0,0,0,0,0,0,0,0,0,0,0,0,1,YBL092W;YFR032C-A;YGL030W;YGL103W;YJL189W;YLR075W;YLR325C;YLR340W;YOR063W,0,1
YPR043W;YJR094W-A,0,0,0,0,0,0,0,0,0,0,0,0,0,,0,0
YPL220W;YGL135W,0,0,0,0,0,0,0,0,0,0,0,0,0,,0,0
YPR102C;YGR085C,0,0,0,0,0,0,0,0,0,0,0,0,0,,0,0
YHR016C,0,0,0,0,0,0,0,0,0,0,0,0,0,,0,0
YEL046C,0,0,0,0,0,0,0,0,0,0,0,0,0,,0,0
YCR053W,0,0,0,0,0,0,0,0,0,0,0,0,0,,0,0
YML017W,0,0,0,0,0,0,0,0,0,0,0,0,0,,0,0
YPR189W,0,0,0,0,0,1,0,0,0,0,0,0,1,YGL213C;YLR398C,0,1
YOR076C,0,0,0,0,0,0,0,0,0,0,0,0,0,,0,0
YDR480W,0,0,0,0,0,0,0,0,0,0,0,0,1,YHR084W;YPL049C,1,1
YBR085C-A,0,0,0,0,0,0,0,0,0,0,0,0,0,,0,0
YKL116C,0,0,0,0,0,0,0,0,0,0,0,0,0,,0,0
YGR090W,0,0,0,0,0,0,0,0,0,0,0,0,1,YBL004W;YBR247C;YCL031C;YCL059C;YCR057C;YDL014W;YDL148C;YDL153C;YDR324C;YDR339C;YDR398W;YDR449C;YEL026W;YER082C;YER127W;YGL019W;YGR128C;YGR145W;YHR148W;YHR196W;YIL019W;YIL035C;YJL069C;YJL109C;YJR002W;YKL099C;YKR060W;YLL011W;YLR051C;YLR129W;YLR186W;YLR197W;YLR222C;YLR223C;YLR409C;YML093W;YMR093W;YMR128W;YMR229C;YNL075W;YNL132W;YOL010W;YOR039W;YOR061W;YOR078W;YOR145C;YOR310C;YPL126W;YPL217C;YPR137W;YPR144C,7,7
YBR086C,0,0,0,0,0,0,0,0,0,0,0,0,0,,0,0
YBR106W,0,0,0,0,0,0,0,0,0,0,0,0,0,,0,0
YBR078W,0,0,0,0,0,0,0,0,0,0,0,0,0,,0,0
YDR011W,0,0,0,0,0,0,0,0,0,0,0,0,0,,0,0
YDL121C,0,0,0,0,0,0,0,0,0,0,0,0,0,,0,0
YDR261C,0,0,0,0,0,0,0,0,0,0,0,0,0,,0,0
YDR033W,0,0,0,0,0,0,0,0,0,0,0,0,0,,0,0
YIL121W,0,0,0,0,0,0,0,0,0,0,0,0,0,,0,0
YGL008C,0,0,0,0,0,0,0,0,0,0,0,0,0,,0,0
YKL129C,0,0,0,0,0,0,0,0,0,0,0,0,1,YBR109C,1,1
YKL077W,0,0,0,0,0,0,0,0,0,0,0,0,0,,0,0
YMR215W,0,0,0,0,0,0,0,0,0,0,0,0,0,,0,0
YMR086W,0,0,0,0,0,0,0,0,0,0,0,0,0,,0,0
YMR307W,0,0,0,0,0,0,0,0,0,0,0,0,0,,0,0
YOL030W,0,0,0,0,0,0,0,0,0,0,0,0,0,,0,0
YPL154C,0,0,0,0,0,0,0,0,0,0,0,0,0,,0,0
YGR086C,0,0,0,0,0,0,0,0,0,0,0,0,0,,0,0
YHR094C,0,0,0,0,0,0,0,0,0,0,0,0,0,,0,0
YML125C,0,0,0,0,0,0,0,0,0,0,0,0,0,,0,0
YMR183C,0,0,0,0,1,0,0,0,0,0,0,0,1,YAL030W;YGR009C;YOR327C,0,2
YDR051C,0,0,0,0,0,0,0,0,0,0,0,0,0,,0,0
YLR066W,0,0,0,0,0,0,0,0,0,0,0,0,1,YIR022W;YJR010C-A;YML055W,1,1
YNR050C,0,0,0,0,0,0,0,0,0,0,0,0,0,,0,0
YPR055W,0,0,0,0,0,0,0,0,0,0,0,0,1,YBR102C;YDR166C;YER008C;YGL233W;YIL068C;YJL085W;YLR166C,1,1
YPL110C,0,0,0,0,0,0,0,0,0,0,0,0,0,,0,0
YDR468C,0,0,0,0,0,1,0,0,0,0,0,0,1,YAL030W;YKL196C;YMR197C;YOL018C;YOR036W;YOR327C,0,5
YDR107C,0,0,0,0,0,0,0,0,0,0,0,0,0,,0,0
YJR040W,0,0,0,0,0,0,0,0,0,0,0,0,0,,0,0
YLR083C,0,0,0,0,0,0,0,0,0,0,0,0,0,,0,0
YOL018C,0,0,0,0,0,1,0,0,0,0,0,0,1,YAL030W;YDR468C;YMR197C;YOR327C,0,2
YKL150W,0,0,0,0,0,0,0,0,0,0,0,0,0,,0,0
YKL073W,0,0,0,0,0,0,0,0,0,0,0,0,0,,0,0
YAL031C,0,0,0,0,0,0,0,0,0,0,0,0,0,,0,0
YHL003C,0,0,0,0,0,1,0,0,0,0,0,0,1,YKL008C;YMR298W,0,1
YIL016W,0,0,0,0,0,0,0,0,0,0,0,0,0,,0,0
YKL105C,0,0,0,0,0,0,0,0,0,0,0,0,0,,0,0
YKL142W,0,0,0,0,0,0,0,0,0,0,0,0,0,,0,0
YHR077C,0,0,0,0,0,0,0,0,0,0,0,0,1,YGR072W;YMR080C,1,1
YMR202W,0,0,0,0,0,0,0,0,0,0,0,0,0,,0,0
YER173W,0,0,0,0,0,0,0,0,0,0,0,0,1,YBR087W;YJR068W;YNL290W;YOL094C,1,1
YJR068W,0,0,0,0,0,0,1,0,0,0,0,0,1,YBR087W;YCL016C;YER173W;YHR191C;YMR078C;YNL290W;YOL094C;YOR144C;YOR217W,2,4
YOL094C,0,0,0,0,0,0,1,0,0,0,0,0,1,YBR087W;YCL016C;YER173W;YHR191C;YJR068W;YMR078C;YNL290W;YOR144C;YOR217W,2,4
YNL290W,0,0,0,0,0,0,1,0,0,0,0,0,1,YBR087W;YCL016C;YER173W;YHR191C;YJR068W;YMR078C;YOL094C;YOR144C;YOR217W,2,4
YCL016C,0,0,0,0,0,0,0,0,0,0,0,0,1,YBR087W;YHR191C;YJR068W;YMR078C;YNL290W;YOL094C,1,1
YHR191C,0,0,0,0,0,0,0,0,0,0,0,0,1,YBR087W;YCL016C;YJR068W;YMR078C;YNL290W;YOL094C,1,1
YMR078C,0,0,0,0,0,0,0,0,0,0,0,0,1,YBR087W;YCL016C;YHR191C;YJR068W;YNL290W;YOL094C,1,1
YOR144C,0,0,0,0,0,0,1,0,0,0,0,0,1,YBR087W;YJR068W;YNL290W;YOL094C,0,1
YGR253C,0,0,0,0,0,0,0,0,0,0,0,0,1,YBL041W;YDL007W;YDL097C;YDL147W;YDR363W-A;YDR394W;YDR427W;YER012W;YER021W;YER094C;YFR004W;YFR050C;YFR052W;YGL011C;YGL048C;YGR135W;YHR027C;YHR200W;YIL075C;YJL001W;YKL145W;YLR421C;YML092C;YMR314W;YOL038W;YOR117W;YOR157C;YOR259C;YOR261C;YOR362C;YPR103W;YPR108W,0,1
YHL030W,0,0,0,0,0,0,0,0,0,0,0,0,0,,0,0
YHR200W,0,0,0,0,0,0,0,0,0,0,0,0,1,YBL041W;YDL007W;YDL097C;YDL147W;YDR363W-A;YDR394W;YDR427W;YER012W;YER021W;YER094C;YFR004W;YFR050C;YFR052W;YGL011C;YGL048C;YGR135W;YGR253C;YHR027C;YIL075C;YJL001W;YKL145W;YLR421C;YML092C;YMR314W;YOL038W;YOR117W;YOR157C;YOR259C;YOR261C;YOR362C;YPR103W;YPR108W,0,1
YHR027C,0,0,0,0,0,0,0,0,0,0,0,0,1,YBL041W;YDL007W;YDL097C;YDL147W;YDR363W-A;YDR394W;YDR427W;YER012W;YER021W;YER094C;YFR004W;YFR050C;YFR052W;YGL011C;YGL048C;YGR135W;YGR253C;YHR200W;YIL075C;YJL001W;YKL145W;YLR421C;YML092C;YMR314W;YOL038W;YOR117W;YOR157C;YOR259C;YOR261C;YOR362C;YPR103W;YPR108W,0,1
YIL075C,0,0,0,0,0,0,0,0,0,0,0,0,1,YBL041W;YDL007W;YDL097C;YDL147W;YDR363W-A;YDR394W;YDR427W;YER012W;YER021W;YER094C;YFR004W;YFR050C;YFR052W;YGL011C;YGL048C;YGR135W;YGR253C;YHR027C;YHR200W;YJL001W;YKL145W;YLR421C;YML092C;YMR314W;YOL038W;YOR117W;YOR157C;YOR259C;YOR261C;YOR362C;YPR103W;YPR108W,0,1
YKL206C,0,0,0,1,0,0,0,0,0,0,0,0,1,YLR199C,0,1
YKL145W,0,0,0,0,0,0,0,0,0,0,0,0,1,YBL041W;YDL007W;YDL097C;YDL147W;YDR363W-A;YDR394W;YDR427W;YER012W;YER021W;YER094C;YFR004W;YFR050C;YFR052W;YGL011C;YGL048C;YGR135W;YGR253C;YHR027C;YHR200W;YIL075C;YJL001W;YLR421C;YML092C;YMR314W;YOL038W;YOR117W;YOR157C;YOR259C;YOR261C;YOR362C;YPR103W;YPR108W,0,1
YLR199C,0,0,0,1,0,0,0,0,0,0,0,0,1,YKL206C,0,1
YCR016W,0,0,0,0,0,0,0,0,0,0,0,0,0,,0,0
YGR283C,0,0,0,0,0,0,0,0,0,0,0,0,0,,0,0
YNL175C,0,0,0,0,0,0,0,0,0,0,0,0,0,,0,0
YDL208W,0,0,0,0,0,0,0,0,0,0,0,0,1,YHR072W-A;YHR089C;YLR175W,1,1
YBR090C,0,0,0,0,0,0,0,0,0,0,0,0,0,,0,0
YBR093C,0,0,0,0,0,0,0,0,0,0,0,0,0,,0,0
YIL119C,0,0,0,0,0,0,0,0,0,0,0,0,0,,0,0
YBR092C,0,0,0,0,0,0,0,0,0,0,0,0,0,,0,0
YGL155W,0,0,0,1,0,0,0,0,0,0,0,0,1,YKL019W,0,1
YKL019W,0,0,0,1,0,0,0,0,0,0,0,0,1,YDL090C;YGL155W,0,2
YAL013W,0,0,0,0,0,0,0,0,0,0,0,0,1,YBR095C;YDL076C;YIL084C;YMR263W;YNL097C;YNL330C;YOL004W;YPL139C;YPL181W,1,1
YKL185W,0,0,0,0,0,0,0,0,0,0,0,0,0,,0,0
YBR095C,0,0,0,0,0,0,0,0,0,0,0,0,1,YAL013W;YDL076C;YIL084C;YMR263W;YNL097C;YNL330C;YOL004W;YPL139C;YPL181W,1,1
YDL076C,0,0,0,0,0,0,0,0,0,0,0,0,1,YAL013W;YBR095C;YIL084C;YMR263W;YNL097C;YNL330C;YOL004W;YPL139C;YPL181W,1,1
YIL084C,0,0,0,0,0,0,0,0,0,0,0,0,1,YAL013W;YBR095C;YDL076C;YMR263W;YNL097C;YNL330C;YOL004W;YPL139C;YPL181W,1,1
YNL097C,0,0,0,0,0,0,0,0,0,0,0,0,1,YAL013W;YBR095C;YDL076C;YIL084C;YMR263W;YNL330C;YOL004W;YPL139C;YPL181W,1,1
YMR263W,0,0,0,0,0,0,0,0,0,0,0,0,1,YAL013W;YBR095C;YDL076C;YIL084C;YNL097C;YNL330C;YOL004W;YPL139C;YPL181W,1,1
YOL004W,0,0,0,0,0,0,0,0,0,0,0,0,1,YAL013W;YBR095C;YDL076C;YIL084C;YMR075W;YMR263W;YNL097C;YNL330C;YPL139C;YPL181W;YPR023C,2,2
YNL330C,0,0,0,0,0,0,0,0,0,0,0,0,1,YAL013W;YBR095C;YDL076C;YGL131C;YIL084C;YMR075W;YMR176W;YMR263W;YNL097C;YOL004W;YPL139C;YPL181W;YPR023C,3,3
YPL181W,0,0,0,0,0,0,0,0,0,0,0,0,1,YAL013W;YBR095C;YDL076C;YIL084C;YMR263W;YNL097C;YNL330C;YOL004W;YPL139C,1,1
YPL139C,0,0,0,0,0,0,0,0,0,0,0,0,1,YAL013W;YBR095C;YDL076C;YIL084C;YMR075W;YMR263W;YNL097C;YNL330C;YOL004W;YPL181W;YPR023C,2,2
YLR183C,0,0,0,0,0,0,0,0,0,0,0,0,0,,0,0
YPR023C,0,0,0,0,0,0,0,0,0,0,0,0,1,YDR359C;YEL018W;YFL024C;YFL039C;YGR002C;YHR090C;YHR099W;YJL081C;YJR082C;YMR075W;YNL107W;YNL136W;YNL330C;YOL004W;YOR244W;YPL139C,3,3
YAL034C,0,0,0,0,0,0,0,0,0,0,0,0,0,,0,0
YHR001W,0,0,0,0,0,0,0,0,0,0,0,1,1,,0,0
YLR360W,0,0,0,0,0,1,0,0,0,0,0,0,1,YBR097W;YLR240W;YPL120W,0,1
YPL120W,0,0,0,0,0,1,0,0,0,0,0,0,1,YBR097W;YBR128C;YLR211C;YLR240W;YLR360W,1,2
YLR240W,0,0,0,0,0,1,0,0,0,0,0,0,1,YBR097W;YBR128C;YLR211C;YLR360W;YPL120W,1,2
YBR296C,0,0,0,0,0,0,0,0,0,0,0,0,0,,0,0
YER081W,0,0,0,0,0,0,0,0,0,0,0,0,1,YAL038W;YDR502C;YIL074C;YLR058C;YLR153C;YLR180W,1,1
YJR127C,0,0,0,0,0,0,0,0,0,0,0,0,0,,0,0
YNL229C,0,0,0,0,0,0,0,0,0,0,0,0,0,,0,0
YCL025C,0,0,0,0,0,0,0,0,0,0,0,0,0,,0,0
YBR208C,0,0,0,0,0,0,0,0,0,0,0,0,0,,0,0
YBR150C,0,0,0,0,0,0,0,0,0,0,0,0,0,,0,0
YNL250W,0,0,0,0,0,0,0,0,0,0,0,0,1,YDR369C;YMR224C,1,1
YKR025W,0,0,0,0,0,0,0,0,0,0,0,0,1,YBR154C;YDL150W;YDR045C;YHR143W-A;YJL011C;YKL144C;YNL113W;YNL151C;YNR003C;YOR116C;YOR207C;YOR210W;YOR224C;YPR110C;YPR187W;YPR190C,0,1
YBR154C,0,0,0,0,0,0,0,0,0,0,0,0,1,YDL140C;YDL150W;YDR045C;YDR156W;YDR404C;YGL070C;YHR143W-A;YIL021W;YJL011C;YJL140W;YJL148W;YJR063W;YKL144C;YKR025W;YNL113W;YNL151C;YNL248C;YNR003C;YOL005C;YOR116C;YOR151C;YOR207C;YOR210W;YOR224C;YOR340C;YOR341W;YPR010C;YPR110C;YPR187W;YPR190C,0,3
YHR143W-A,0,0,0,0,0,0,0,0,0,0,0,0,1,YBR154C;YDL140C;YDL150W;YDR045C;YDR156W;YDR404C;YGL070C;YIL021W;YJL011C;YJL140W;YJL148W;YJR063W;YKL144C;YKR025W;YNL113W;YNL151C;YNL248C;YNR003C;YOL005C;YOR116C;YOR151C;YOR207C;YOR210W;YOR224C;YOR340C;YOR341W;YPR010C;YPR110C;YPR187W;YPR190C,0,3
YNL039W,0,0,0,0,0,0,0,0,0,0,0,0,1,YER148W;YGR246C,1,1
YKL144C,0,0,0,0,0,0,0,0,0,0,0,0,1,YBR154C;YDL150W;YDR045C;YHR143W-A;YJL011C;YKR025W;YNL113W;YNL151C;YNR003C;YOR116C;YOR207C;YOR210W;YOR224C;YPR110C;YPR187W;YPR190C,0,1
YNL151C,0,0,0,0,0,0,0,0,0,0,0,0,1,YBR154C;YDL150W;YDR045C;YHR143W-A;YJL011C;YKL144C;YKR025W;YNL113W;YNR003C;YOR116C;YOR207C;YOR210W;YOR224C;YPR110C;YPR187W;YPR190C,0,1
YNL113W,0,0,0,0,0,0,0,0,0,0,0,0,1,YBR154C;YDL150W;YDR045C;YDR156W;YHR143W-A;YJL011C;YJL148W;YJR063W;YKL144C;YKR025W;YNL151C;YNL248C;YNR003C;YOR116C;YOR207C;YOR210W;YOR224C;YOR340C;YOR341W;YPR010C;YPR110C;YPR187W;YPR190C,0,2
YOR116C,0,0,0,0,0,0,0,0,0,0,0,0,1,YBR154C;YDL150W;YDR045C;YHR143W-A;YJL011C;YKL144C;YKR025W;YNL113W;YNL151C;YNR003C;YOR207C;YOR210W;YOR224C;YPR110C;YPR187W;YPR190C,0,1
YNR003C,0,0,0,0,0,0,0,0,0,0,0,0,1,YBR154C;YDL150W;YDR045C;YHR143W-A;YJL011C;YKL144C;YKR025W;YNL113W;YNL151C;YOR116C;YOR207C;YOR210W;YOR224C;YPR110C;YPR187W;YPR190C,0,1
YOR210W,0,0,0,0,0,0,0,0,0,0,0,0,1,YBR154C;YDL140C;YDL150W;YDR045C;YDR156W;YDR404C;YGL070C;YHR143W-A;YIL021W;YJL011C;YJL140W;YJL148W;YJR063W;YKL144C;YKR025W;YNL113W;YNL151C;YNL248C;YNR003C;YOL005C;YOR116C;YOR151C;YOR207C;YOR224C;YOR340C;YOR341W;YPR010C;YPR110C;YPR187W;YPR190C,0,3
YOR207C,0,0,0,0,0,0,0,0,0,0,0,0,1,YBR154C;YDL150W;YDR045C;YHR143W-A;YJL011C;YKL144C;YKR025W;YNL113W;YNL151C;YNR003C;YOR116C;YOR210W;YOR224C;YPR110C;YPR187W;YPR190C,0,1
YPR110C,0,0,0,0,0,0,0,0,0,0,0,0,1,YBR154C;YDL150W;YDR045C;YDR156W;YHR143W-A;YJL011C;YJL148W;YJR063W;YKL144C;YKR025W;YNL113W;YNL151C;YNL248C;YNR003C;YOR116C;YOR207C;YOR210W;YOR224C;YOR340C;YOR341W;YPR010C;YPR187W;YPR190C,0,2
YOR224C,0,0,0,0,0,0,0,0,0,0,0,0,1,YBR154C;YDL140C;YDL150W;YDR045C;YDR156W;YDR404C;YGL070C;YHR143W-A;YIL021W;YJL011C;YJL140W;YJL148W;YJR063W;YKL144C;YKR025W;YNL113W;YNL151C;YNL248C;YNR003C;YOL005C;YOR116C;YOR151C;YOR207C;YOR210W;YOR340C;YOR341W;YPR010C;YPR110C;YPR187W;YPR190C,0,3
YPR190C,0,0,0,0,0,0,0,0,0,0,0,0,1,YBR154C;YDL150W;YDR045C;YHR143W-A;YJL011C;YKL144C;YKR025W;YNL113W;YNL151C;YNR003C;YOR116C;YOR207C;YOR210W;YOR224C;YPR110C;YPR187W,0,1
YDR045C,0,0,0,0,0,0,0,0,0,0,0,0,1,YBR154C;YDL150W;YHR143W-A;YJL011C;YKL144C;YKR025W;YNL113W;YNL151C;YNR003C;YOR116C;YOR207C;YOR210W;YOR224C;YPR110C;YPR187W;YPR190C,0,1
YCL028W,0,0,0,0,0,0,0,0,0,0,0,0,0,,0,0
YDR166C,0,0,0,0,0,0,0,0,0,0,0,0,1,YBR102C;YER008C;YGL233W;YIL068C;YJL085W;YLR166C;YPR055W,1,1
YGL233W,0,0,0,0,0,0,0,0,0,0,0,0,1,YBR102C;YDR166C;YER008C;YIL068C;YJL085W;YLR166C;YPR055W,1,1
YER008C,0,0,0,0,0,0,0,0,0,0,0,0,1,YBR102C;YDR166C;YGL233W;YIL068C;YJL085W;YLR166C;YPR055W,1,1
YJL085W,0,0,0,0,0,0,0,0,0,0,0,0,1,YBR102C;YDR166C;YER008C;YGL233W;YIL068C;YLR166C;YPR055W,1,1
YIL068C,0,0,0,0,0,0,0,0,0,0,0,0,1,YBR102C;YDR166C;YER008C;YGL233W;YJL085W;YLR166C;YPR055W,1,1
YLR166C,0,0,0,0,0,0,0,0,0,0,0,0,1,YBR102C;YDR166C;YER008C;YGL233W;YIL068C;YJL085W;YPR055W,1,1
YBR102C,0,0,0,0,0,0,0,0,0,0,0,0,1,YDR166C;YER008C;YGL233W;YIL068C;YJL085W;YLR166C;YPR055W,1,1
YBR103W,0,0,0,0,0,0,0,0,0,0,0,0,1,YCR033W;YDR155C;YGL194C;YIL112W;YKR029C;YOL068C,1,1
YDR155C,0,0,0,0,0,0,0,0,0,0,0,0,1,YBR103W;YCR033W;YGL194C;YIL112W;YKR029C;YOL068C,1,1
YCR033W,0,0,0,0,0,0,0,0,0,0,0,0,1,YBR103W;YDR155C;YGL194C;YIL112W;YKR029C;YOL068C,1,1
YIL112W,0,0,0,0,0,0,0,0,0,0,0,0,1,YBR103W;YCR033W;YDR155C;YGL194C;YKR029C;YOL068C,1,1
YGL194C,0,0,0,0,0,0,0,0,0,0,0,0,1,YBR103W;YCR033W;YDR155C;YIL112W;YKR029C;YOL068C,1,1
YOL068C,0,0,0,0,0,0,0,0,0,0,0,0,1,YBR103W;YCR033W;YDR155C;YDR310C;YGL194C;YIL112W;YKR029C;YOR279C,2,2
YKR029C,0,0,0,0,0,0,0,0,0,0,0,0,1,YBR103W;YCR033W;YDR155C;YGL194C;YIL112W;YOL068C,1,1
YDL215C,0,0,0,0,0,0,0,0,0,0,0,0,0,,0,0
YBR105C,0,0,0,0,0,0,0,0,1,0,0,0,1,YCL039W;YDR255C;YGL227W;YIL017C;YIL097W;YMR135C,0,1
YDL176W,0,0,0,0,0,0,0,0,0,0,0,0,0,,0,0
YDR310C,0,0,0,0,0,0,0,0,0,0,0,0,1,YOL068C;YOR279C,1,1
YOL091W,0,0,0,0,0,0,0,0,0,0,0,0,0,,0,0
YOR279C,0,0,0,0,0,0,0,0,0,0,0,0,1,YDR310C;YOL068C,1,1
YDR407C,0,0,0,0,0,0,0,0,0,0,0,0,1,YBR254C;YDR246W;YDR472W;YEL048C;YGR166W;YKR068C;YML077W;YMR218C;YOR115C,0,1
YDR472W,0,0,0,0,0,0,0,0,1,1,0,0,1,YBR254C;YDR108W;YDR246W;YDR407C;YEL048C;YGR166W;YKR068C;YML077W;YMR218C;YOR115C,0,3
YGR166W,0,0,0,0,0,0,0,0,0,0,0,0,1,YBR254C;YDR246W;YDR407C;YDR472W;YEL048C;YKR068C;YML077W;YMR218C;YOR115C,0,1
YMR218C,0,0,0,0,0,0,0,0,0,0,0,0,1,YBR254C;YDR246W;YDR407C;YDR472W;YEL048C;YGR166W;YKR068C;YML077W;YOR115C,0,1
YKR068C,0,0,0,0,0,0,0,0,1,1,0,0,1,YBR254C;YDR108W;YDR246W;YDR407C;YDR472W;YEL048C;YGR166W;YML077W;YMR218C;YOR115C,0,3
YML077W,0,0,0,0,0,0,0,0,1,1,0,0,1,YBR254C;YDR108W;YDR246W;YDR407C;YDR472W;YEL048C;YGR166W;YKR068C;YMR218C;YOR115C,0,3
YOR115C,0,0,0,0,0,0,0,0,1,1,0,0,1,YBR254C;YDR108W;YDR246W;YDR407C;YDR472W;YEL048C;YGR166W;YKR068C;YML077W;YMR218C,0,3
YNL014W,0,0,0,0,0,0,0,0,0,0,0,0,0,,0,0
YGL227W,0,0,0,0,0,0,0,0,1,0,0,0,1,YBR105C;YCL039W;YDR255C;YGR066C;YIL017C;YIL097W;YLR149C;YMR135C,0,3
YDR255C,0,0,0,0,0,0,0,0,1,0,0,0,1,YBR105C;YCL039W;YGL227W;YGR066C;YIL017C;YIL097W;YLR149C;YMR135C,0,3
YIL097W,0,0,0,0,0,0,0,0,1,0,0,0,1,YBR105C;YCL039W;YDR255C;YGL227W;YGR066C;YIL017C;YLR149C;YMR135C,0,3
YIL017C,0,0,0,0,0,0,0,0,1,0,0,0,1,YBR105C;YCL039W;YDR255C;YGL227W;YGR066C;YIL097W;YLR149C;YMR135C,0,3
YMR135C,0,0,0,0,0,0,0,0,1,0,0,0,1,YBR105C;YCL039W;YDR255C;YGL227W;YGR066C;YIL017C;YIL097W;YLR149C,0,3
YDL052C,0,0,0,0,0,0,0,0,0,0,0,0,0,,0,0
YGL195W,0,0,0,0,0,0,0,0,0,0,0,0,1,YFR009W,1,1
YML075C,0,0,0,0,0,0,0,0,0,0,0,0,0,,0,0
YBR171W,0,0,0,0,0,1,0,0,1,0,0,0,1,YDR086C;YER087C-B;YLR292C;YLR378C;YOR254C;YPL094C,0,2
YGL012W,0,0,0,0,0,0,0,0,0,0,0,0,0,,0,0
YHR133C,0,0,0,0,0,0,0,0,0,0,0,0,0,,0,0
YGL054C,0,0,0,0,0,0,0,0,0,0,0,0,0,,0,0
YLR372W,0,0,0,0,0,0,0,0,0,0,0,0,0,,0,0
YIL043C,0,0,0,0,0,0,0,0,0,0,0,0,0,,0,0
YMR110C,0,0,0,0,0,0,0,0,0,0,0,0,0,,0,0
YPL207W,0,0,0,0,0,0,0,0,0,0,0,0,0,,0,0
YGL038C,0,0,0,0,0,0,0,0,0,0,0,0,0,,0,0
YJL183W,0,0,0,0,0,0,0,0,0,0,0,0,1,YDR245W;YEL036C;YJR075W;YPL050C,1,1
YKL004W,0,0,0,0,0,0,0,0,0,0,0,0,1,YDR367W,1,1
YJR075W,0,0,0,0,0,0,0,0,0,0,0,0,1,YDR245W;YEL036C;YJL183W;YPL050C,1,1
YOR099W,0,0,0,0,0,0,0,0,0,0,0,0,0,,0,0
YJR117W,0,0,0,0,0,0,0,0,0,0,0,0,0,,0,0
YBR283C,0,0,0,0,1,0,0,0,0,0,0,0,1,YDR086C;YER019C-A,0,1
YCL045C,0,0,0,0,0,0,0,0,0,0,0,0,1,YGL231C;YIL027C;YJR088C;YKL207W;YLL014W,1,1
YMR161W,0,0,0,0,0,0,0,0,0,0,0,0,0,,0,0
YOR254C,0,0,0,0,0,1,0,0,1,0,0,0,1,YBR171W;YDR086C;YER087C-B;YLR292C;YLR378C;YPL094C,0,2
YPL085W,0,0,0,0,0,0,0,0,0,0,0,0,0,,0,0
YEL017W,0,0,0,0,0,0,0,0,0,0,0,0,0,,0,0
YBL005W-B,0,0,0,0,0,0,0,0,0,0,0,0,0,,0,0
YER015W,0,0,0,0,0,0,0,0,0,0,0,0,0,,0,0
YCR010C,0,0,0,0,0,0,0,0,0,0,0,0,0,,0,0
YLR450W,0,0,0,0,0,0,0,0,0,0,0,0,0,,0,0
YMR149W,0,0,0,0,0,0,0,0,0,1,0,0,1,YDL232W;YEL002C;YGL022W;YGL226C-A;YJL002C;YML019W;YOR085W;YOR103C,0,2
YPR124W,0,0,0,0,0,0,0,0,0,0,0,0,0,,0,0
YOL129W,0,0,0,0,0,0,0,0,0,0,0,0,1,YJR044C,1,1
YJR049C,0,0,0,0,0,0,0,0,0,0,0,0,0,,0,0
YBR211C,0,0,0,0,0,1,0,0,0,0,0,0,1,YAL034W-A;YBR107C;YDL160C-A;YDR254W;YDR318W;YDR374W-A;YDR383C;YFR046C;YGR179C;YJR135C;YKL089W;YLR315W;YLR381W;YOL086W-A;YPL018W;YPR046W,2,3
YDR201W,0,0,0,0,0,0,0,0,0,0,0,1,1,YBR233W-A;YDR016C;YDR320C-A;YGL061C;YGR113W;YKL052C;YKL138C-A;YKR037C;YKR083C,0,1
YDR383C,0,0,0,0,0,0,0,0,0,0,0,0,1,YAL034W-A;YBR107C;YBR211C;YDL160C-A;YDR254W;YDR318W;YDR374W-A;YFR046C;YGR179C;YJR135C;YKL089W;YLR315W;YLR381W;YOL086W-A;YPL018W;YPR046W,2,2
YDR318W,0,0,0,0,0,1,0,0,0,0,0,0,1,YAL034W-A;YBR107C;YBR211C;YDL160C-A;YDR254W;YDR374W-A;YDR383C;YFR046C;YGR179C;YJR135C;YKL089W;YLR315W;YLR381W;YOL086W-A;YPL018W;YPR046W,2,3
YGR113W,0,0,0,0,0,0,0,0,0,0,0,1,1,YBR233W-A;YDR016C;YDR201W;YDR320C-A;YGL061C;YKL052C;YKL138C-A;YKR037C;YKR083C,0,1
YIL144W,0,0,0,0,0,0,0,0,0,0,0,0,1,YER018C;YMR117C;YOL069W,1,1
YGR179C,0,0,0,0,0,1,0,0,0,0,0,0,1,YAL034W-A;YBR107C;YBR211C;YDL160C-A;YDR254W;YDR318W;YDR374W-A;YDR383C;YFR046C;YJR135C;YKL089W;YLR315W;YLR381W;YOL086W-A;YPL018W;YPR046W,2,3
YJR112W,0,0,0,0,0,1,0,0,0,0,0,0,1,YAL034W-A;YIR010W;YPL233W,0,1
YIR010W,0,0,0,0,0,1,0,0,0,0,0,0,1,YAL034W-A;YJR112W;YPL233W,0,1
YOL069W,0,0,0,0,0,0,0,0,0,0,0,0,1,YER018C;YIL144W;YMR117C,1,1
YPL233W,0,0,0,0,0,1,0,0,0,0,0,0,1,YAL034W-A;YIR010W;YJR112W,0,1
YPL018W,0,0,0,0,0,1,0,0,0,0,0,0,1,YAL034W-A;YBR107C;YBR211C;YDL160C-A;YDR254W;YDR318W;YDR374W-A;YDR383C;YFR046C;YGR179C;YJR135C;YKL089W;YLR315W;YLR381W;YOL086W-A;YPR046W,2,3
YBR107C,0,0,0,0,0,0,0,0,0,0,0,0,1,YAL034W-A;YBR211C;YDL160C-A;YDR254W;YDR318W;YDR374W-A;YDR383C;YFR046C;YGR179C;YJR135C;YKL089W;YLR315W;YLR381W;YOL086W-A;YPL018W;YPR046W,2,2
YDR432W,0,0,0,0,0,0,0,0,0,0,0,0,0,,0,0
YHR127W,0,0,0,0,0,0,0,0,0,0,0,0,0,,0,0
YJL122W,0,0,0,0,0,0,0,0,0,0,0,0,0,,0,0
YHR193C,0,0,0,1,0,0,0,0,0,0,0,0,1,YDR252W;YPL037C,0,2
YLR024C,0,0,0,0,0,0,0,0,0,0,0,0,1,YGL058W;YMR100W,2,2
YDR254W,0,0,0,0,0,0,0,0,0,0,0,0,1,YAL034W-A;YBR107C;YBR211C;YDL160C-A;YDR318W;YDR374W-A;YDR383C;YFR046C;YGR179C;YJR135C;YKL089W;YLR315W;YLR381W;YOL086W-A;YPL018W;YPR046W,2,2
YPR046W,0,0,0,0,0,0,0,0,0,0,0,0,1,YAL034W-A;YBR107C;YBR211C;YDL160C-A;YDR254W;YDR318W;YDR374W-A;YDR383C;YFR046C;YGR179C;YJR135C;YKL089W;YLR315W;YLR381W;YOL086W-A;YPL018W,2,2
YOL151W,0,0,0,0,0,0,0,0,0,0,0,0,0,,0,0
YKL159C,0,0,0,0,0,0,0,0,0,0,0,0,0,,0,0
YLR134W,0,0,0,0,0,0,0,0,0,0,0,0,0,,0,0
YFL005W,0,0,0,0,0,0,0,0,0,0,0,0,0,,0,0
YBR110W,0,0,0,0,0,0,0,0,0,0,0,0,0,,0,0
YJR132W,0,0,0,0,0,0,0,0,0,0,0,0,0,,0,0
YBR111C,0,0,0,0,0,0,0,0,0,0,0,0,0,,0,0
YBR112C,0,0,0,0,0,0,1,0,0,0,0,0,1,YCR084C,0,1
YCR084C,0,0,0,0,0,0,1,0,0,0,0,0,1,YBR112C,0,1
YLR178C,0,0,0,0,0,0,0,0,0,0,0,0,0,,0,0
YDR481C,0,0,0,0,0,0,0,0,0,0,0,0,0,,0,0
YFL004W,0,0,0,0,0,0,1,0,0,0,0,0,1,YER072W;YJL012C,0,1
YER072W,0,0,0,0,0,0,1,0,0,0,0,0,1,YFL004W;YJL012C;YPL019C,0,2
YJL012C,0,0,0,0,0,0,1,0,0,0,0,0,1,YER072W;YFL004W;YPL019C,0,2
YPL019C,0,0,0,0,0,0,1,0,0,0,0,0,1,YER072W;YJL012C,0,1
YBR117C,0,0,0,0,0,0,0,0,0,0,0,0,0,,0,0
YMR297W,0,0,0,0,0,0,0,0,0,0,0,0,0,,0,0
YBR118W,0,0,0,0,0,0,0,0,0,0,0,0,0,,0,0
YBR121C,0,0,0,0,0,0,0,0,0,0,0,0,0,,0,0
YER036C,0,0,0,0,0,0,0,0,0,0,0,0,0,,0,0
YPR081C,0,0,0,0,0,0,0,0,0,0,0,0,0,,0,0
YBR119W,0,0,0,0,0,0,0,0,0,0,0,0,1,YBR237W;YDL087C;YDR235W;YDR240C;YER029C;YFL017W-A;YGR013W;YGR074W;YHR086W;YIL061C;YKL012W;YKL074C;YLR116W;YLR147C;YLR275W;YLR298C;YML046W;YOR159C;YPR182W,2,2
YDR235W,0,0,0,0,0,0,0,0,0,0,0,0,1,YBR119W;YBR237W;YDL087C;YDR240C;YER029C;YFL017W-A;YGR013W;YGR074W;YHR086W;YIL061C;YKL012W;YKL074C;YLR116W;YLR147C;YLR275W;YLR298C;YML046W;YOR159C;YPR182W,2,2
YDL087C,0,0,0,0,0,0,0,0,0,0,0,0,1,YBR119W;YBR237W;YDR235W;YDR240C;YER029C;YFL017W-A;YGR013W;YGR074W;YHR086W;YIL061C;YKL012W;YKL074C;YLR116W;YLR147C;YLR275W;YLR298C;YML046W;YOR159C;YPR182W,2,2
YDR240C,0,0,0,0,0,0,0,0,0,0,0,0,1,YBR119W;YBR237W;YDL087C;YDR235W;YER029C;YFL017W-A;YGR013W;YGR074W;YHR086W;YIL061C;YKL012W;YKL074C;YLR116W;YLR147C;YLR275W;YLR298C;YML046W;YOR159C;YPR182W,2,2
YGR013W,0,0,0,0,0,0,0,0,0,0,0,0,1,YBR119W;YBR237W;YDL087C;YDR235W;YDR240C;YER029C;YFL017W-A;YGR074W;YHR086W;YIL061C;YKL012W;YKL074C;YLR116W;YLR147C;YLR275W;YLR298C;YML046W;YOR159C;YPR182W,2,2
YER007W,0,0,0,0,0,0,0,0,0,0,0,0,0,,0,0
YPL178W,0,0,0,1,0,0,0,0,0,0,0,0,1,YMR125W,0,1
YBR120C,0,0,0,0,0,0,0,0,0,0,0,0,1,YPL215W,1,1
YPL215W,0,0,0,0,0,0,0,0,0,0,0,0,1,YBR120C,1,1
YOR011W,0,0,0,0,0,0,0,0,0,0,0,0,0,,0,0
YNL077W,0,0,0,0,0,0,0,0,0,0,0,0,0,,0,0
YLR299W,0,0,0,0,0,0,0,0,0,0,0,0,0,,0,0
YHR138C,0,0,0,0,0,0,0,0,0,0,0,0,0,,0,0
YDR186C,0,0,0,0,0,0,0,0,0,0,0,0,0,,0,0
YBR125C,0,0,0,0,0,0,0,0,0,0,0,0,0,,0,0
YDR247W,0,0,0,0,0,0,0,0,0,0,0,0,0,,0,0
YBR126C,0,0,0,0,0,0,0,0,0,0,0,0,1,YDR074W;YML100W;YMR261C,2,2
YDR074W,0,0,0,0,0,0,0,0,0,0,0,0,1,YBR126C;YML100W;YMR261C,2,2
YML100W,0,0,0,0,0,0,0,0,0,0,0,0,1,YBR126C;YDR074W,1,1
YMR261C,0,0,0,0,0,0,0,0,0,0,0,0,1,YBR126C;YDR074W,1,1
YJL054W,0,0,0,0,0,0,0,0,0,0,0,0,1,YBR091C;YDL217C;YEL020W-A;YHR005C-A;YOR297C,1,1
YDL185W,0,0,0,0,0,0,0,0,0,0,0,0,1,YBR127C;YCL005W-A;YEL027W;YEL051W;YGR020C;YGR106C;YHR026W;YHR039C-A;YKL080W;YLR447C;YMR054W;YOR270C;YOR332W;YPL234C;YPR036W;YPR170W-B,0,2
YDR202C,0,0,0,0,0,0,0,0,0,0,0,0,1,YDR328C;YJR033C,1,1
YEL051W,0,0,0,0,0,0,0,0,0,0,0,0,1,YBR127C;YCL005W-A;YDL185W;YEL027W;YGR020C;YGR106C;YHR026W;YHR039C-A;YKL080W;YLR447C;YMR054W;YOR270C;YOR332W;YPL234C;YPR036W;YPR170W-B,0,2
YGR020C,0,0,0,0,0,0,0,0,0,0,0,0,1,YBR127C;YCL005W-A;YDL185W;YEL027W;YEL051W;YGR106C;YHR026W;YHR039C-A;YKL080W;YLR447C;YMR054W;YOR270C;YOR332W;YPL234C;YPR036W;YPR170W-B,0,2
YKL080W,0,0,0,0,0,0,0,0,0,0,0,0,1,YBR127C;YCL005W-A;YDL185W;YEL027W;YEL051W;YGR020C;YGR106C;YHR026W;YHR039C-A;YLR447C;YMR054W;YOR270C;YOR332W;YPL234C;YPR036W;YPR170W-B,0,2
YJR033C,0,0,0,0,0,0,0,0,0,0,0,0,1,YDR202C;YDR328C,1,1
YLR447C,0,0,0,0,0,0,0,0,0,0,0,0,1,YBR127C;YCL005W-A;YDL185W;YEL027W;YEL051W;YGR020C;YGR106C;YHR026W;YHR039C-A;YKL080W;YMR054W;YOR270C;YOR332W;YPL234C;YPR036W;YPR170W-B,0,2
YPL234C,0,0,0,0,0,0,0,0,0,0,0,0,1,YBR127C;YCL005W-A;YDL185W;YEL027W;YEL051W;YGR020C;YGR106C;YHR026W;YHR039C-A;YKL080W;YLR447C;YMR054W;YOR270C;YOR332W;YPR036W;YPR170W-B,0,2
YPR036W,0,0,0,0,0,0,0,0,0,0,0,0,1,YBR127C;YCL005W-A;YDL185W;YEL027W;YEL051W;YGR020C;YGR106C;YHR026W;YHR039C-A;YKL080W;YLR447C;YMR054W;YOR270C;YOR332W;YPL234C;YPR170W-B,0,2
YDL128W,0,0,0,0,0,0,0,0,0,0,0,0,0,,0,0
YER123W,0,0,0,0,0,0,0,0,0,0,0,0,0,,0,0
YLL015W,0,0,0,0,0,0,0,0,0,0,0,0,0,,0,0
YLR034C,0,0,0,0,0,0,0,0,0,0,0,0,0,,0,0
YLL048C,0,0,0,0,0,0,0,0,0,0,0,0,0,,0,0
YLR241W,0,0,0,0,0,0,0,0,0,0,0,0,0,,0,0
YOR118W,0,0,0,0,0,0,0,0,0,0,0,0,0,,0,0
YBR127C,0,0,0,0,0,0,0,0,0,0,0,0,1,YCL005W-A;YDL185W;YEL027W;YEL051W;YGR020C;YGR106C;YHR026W;YHR039C-A;YKL080W;YLR447C;YMR054W;YOR270C;YOR332W;YPL234C;YPR036W;YPR170W-B,0,2
YGR117C,0,0,0,0,0,0,0,0,0,0,0,0,0,,0,0
YDR089W,0,0,0,0,0,0,0,0,0,0,0,0,0,,0,0
YIL002W-A,0,0,0,0,0,0,0,0,0,0,0,0,0,,0,0
YPL006W,0,0,0,0,0,0,0,0,0,0,0,0,0,,0,0
YIL088C,0,0,0,0,0,0,0,0,0,0,0,0,0,,0,0
YKL146W,0,0,0,0,0,0,0,0,0,0,0,0,0,,0,0
YMR221C,0,0,0,0,0,0,0,0,0,0,0,0,0,,0,0
YNL101W,0,0,0,0,0,0,0,0,0,0,0,0,0,,0,0
YHR026W,0,0,0,0,0,0,0,0,0,0,0,0,1,YBR127C;YCL005W-A;YDL185W;YEL027W;YEL051W;YGR020C;YGR106C;YHR039C-A;YKL080W;YLR447C;YMR054W;YOR270C;YOR332W;YPL234C;YPR036W;YPR170W-B,0,2
YOR316C,0,0,0,0,0,0,0,0,0,0,0,0,0,,0,0
YEL013W,0,0,0,0,0,1,0,0,0,0,0,0,1,YCL063W;YHR195W;YOR326W,1,2
YKL175W,0,0,0,0,0,0,0,0,0,0,0,0,0,,0,0
YJR039W,0,0,0,0,0,0,0,0,0,0,0,0,0,,0,0
YHL047C,0,0,0,0,0,0,0,0,0,0,0,0,0,,0,0
YBR131W,0,0,0,0,0,0,0,0,0,0,0,0,1,YGL124C,1,1
YGL124C,0,0,0,0,0,0,0,0,0,0,0,0,1,YBR131W,1,1
YGR186W,0,0,0,0,0,0,0,0,0,0,0,0,1,YGR005C;YPL129W,1,1
YIL021W,0,0,0,0,0,0,0,0,0,0,0,0,1,YBR154C;YDL140C;YDR404C;YGL070C;YHR143W-A;YJL140W;YOL005C;YOR151C;YOR210W;YOR224C;YPR187W,0,1
YJL140W,0,0,0,1,0,0,0,0,0,0,0,0,1,YBR154C;YDL140C;YDR404C;YGL070C;YHR143W-A;YIL021W;YOL005C;YOR151C;YOR210W;YOR224C;YPR187W,0,2
YOR151C,0,0,0,0,0,0,0,0,0,0,0,0,1,YBR154C;YDL140C;YDR404C;YGL070C;YHR143W-A;YIL021W;YJL140W;YOL005C;YOR210W;YOR224C;YPR187W,0,1
YOL005C,0,0,0,0,0,0,0,0,0,0,0,0,1,YBR154C;YDL140C;YDR404C;YGL070C;YHR143W-A;YIL021W;YJL140W;YOR151C;YOR210W;YOR224C;YPR187W,0,1
YPR086W,0,0,0,0,0,0,0,0,0,0,0,0,0,,0,0
YBR133C,0,0,0,0,0,0,0,0,0,0,0,0,0,,0,0
YBR160W,0,0,0,0,0,0,0,0,0,0,0,0,1,YAL040C;YBR135W;YDL155W;YGR108W;YGR109C;YLR210W;YMR199W;YPL256C;YPR119W;YPR120C,9,9
YDL155W,0,0,0,0,0,0,0,0,0,0,0,0,1,YBR160W,1,1
YLR079W,0,0,0,0,0,0,0,0,0,0,0,0,0,,0,0
YLR131C,0,0,0,0,0,0,0,0,0,0,0,0,0,,0,0
YMR199W,0,0,0,0,0,0,0,0,0,0,0,0,1,YBR135W;YBR160W,1,1
YMR102C,0,0,0,0,0,0,0,0,0,0,0,0,0,,0,0
YPR120C,0,0,0,0,0,0,0,0,0,0,0,0,1,YBR160W,1,1
YPR119W,0,0,0,0,0,0,0,0,0,0,0,0,1,YBR160W,1,1
YBR135W,0,0,0,0,0,0,0,0,0,0,0,0,1,YAL040C;YBR160W;YMR199W;YPL256C,3,3
YBR137W,0,0,0,0,0,0,0,0,0,0,0,0,1,YLL026W;YOL111C;YOR007C;YOR164C,1,1
YOR007C,0,0,0,0,0,0,0,0,0,0,0,0,1,YBR137W;YLL026W;YOL111C;YOR164C,1,1
YBR138C,0,0,0,0,0,0,0,0,0,0,0,0,0,,0,0
YBR169C,0,0,0,0,0,0,0,0,0,0,0,0,0,,0,0
YHR111W,0,0,0,0,0,0,0,0,0,0,0,0,0,,0,0
YOR164C,0,0,0,0,0,0,0,0,0,0,0,0,1,YBR137W;YLL026W;YOL111C;YOR007C,1,1
YOL081W,0,0,0,0,0,0,0,0,0,0,0,0,0,,0,0
YOR371C,0,0,0,0,0,0,0,0,0,0,0,0,0,,0,0
YAL056W,0,0,0,0,0,0,0,0,0,0,0,0,0,,0,0
YBR140C,0,0,0,0,0,0,0,0,0,0,0,0,0,,0,0
YKR008W,0,0,0,0,0,0,0,0,0,0,0,0,1,YBL006C;YCR020W-B;YCR052W;YDR303C;YFR037C;YGR056W;YGR275W;YHR056C;YIL126W;YLR033W;YLR321C;YLR357W;YML127W;YMR033W;YMR091C;YPR034W,2,2
YDR060W,0,0,0,0,0,0,0,0,0,0,0,0,1,YOR206W,1,1
YMR229C,0,0,0,0,0,0,0,0,0,0,0,0,1,YBL004W;YBR247C;YCL031C;YCL059C;YCR057C;YDL014W;YDL148C;YDL153C;YDR324C;YDR339C;YDR398W;YDR449C;YEL026W;YER082C;YER127W;YGR090W;YGR128C;YGR145W;YHR148W;YHR196W;YIL019W;YJL069C;YJL109C;YJR002W;YKL099C;YKR060W;YLL011W;YLR051C;YLR129W;YLR186W;YLR197W;YLR222C;YLR409C;YML093W;YMR093W;YMR128W;YNL075W;YNL132W;YOL010W;YOR078W;YOR145C;YOR310C;YPL126W;YPL217C;YPR137W;YPR144C,1,1
YBR142W,0,0,0,0,0,0,0,0,0,0,0,0,0,,0,0
YLR175W,0,0,0,0,0,0,0,0,0,0,0,0,1,YDL208W;YHR072W-A;YHR089C,1,1
YHR108W,0,0,0,0,0,0,0,0,0,0,0,0,0,,0,0
YLR380W,0,0,0,0,0,0,0,0,0,0,0,0,0,,0,0
YNL220W,0,0,0,0,0,0,0,0,0,0,0,0,0,,0,0
YNL189W,0,0,0,1,0,0,0,0,0,0,0,0,1,YLR347C,0,1
YKL117W,0,0,0,0,0,0,0,0,0,0,0,0,0,,0,0
YLR058C,0,0,0,0,0,0,0,0,0,0,0,0,1,YAL038W;YDR502C;YER081W;YIL074C;YLR153C;YLR180W,1,1
YMR276W,0,0,0,0,0,0,0,0,0,0,0,0,0,,0,0
YIR034C,0,0,0,0,0,0,0,0,0,0,0,0,0,,0,0
YGL106W,0,0,0,0,0,0,0,1,0,0,0,0,1,YAL029C;YBR109C;YHR023W;YMR032W;YOR326W;YPL242C;YPR188C,1,4
YOL076W,0,0,0,0,0,0,0,0,0,0,0,0,1,YPR131C,1,1
YOR326W,0,0,0,0,0,0,0,0,0,0,0,0,1,YBR109C;YCL063W;YEL013W;YGL106W,1,2
YOR284W,0,0,0,0,0,0,0,0,0,0,0,0,0,,0,0
YBR151W,0,0,0,0,0,0,0,0,0,0,0,0,0,,0,0
YDL167C,0,0,0,0,0,0,0,0,0,0,0,0,0,,0,0
YBL081W,0,0,0,0,0,0,0,0,0,0,0,0,0,,0,0
YMR275C,0,0,0,0,0,0,0,0,0,0,0,0,1,YER125W,1,1
YGR187C,0,0,0,0,0,0,0,0,0,0,0,0,0,,0,0
YBR155W,0,0,0,0,0,0,0,0,0,0,0,0,0,,0,0
YIL150C,0,0,0,0,0,0,0,0,0,0,0,0,0,,0,0
YBR156C,0,0,0,0,0,0,0,0,0,0,0,0,1,YHR199C-A;YJR089W;YPL209C,1,1
YOR178C,0,0,0,0,0,0,0,0,0,0,0,0,1,YER133W,1,1
YER019C-A,0,0,0,0,1,0,0,0,0,0,0,0,1,YBR283C;YDR086C,0,1
YBR162C,0,0,0,0,0,0,0,0,0,0,0,0,0,,0,0
YBL100W-A;YCL020W;YDR034C-C;YFL002W-B;YGR161W-A;YLR410W-A;YLR424C-B;YOR343W-A,0,0,0,0,0,0,0,0,0,0,0,0,0,,0,0
YBR164C,0,0,0,0,0,0,0,0,0,0,0,0,1,YDR141C;YIL048W;YNL297C,1,1
YBR163W,0,0,0,0,0,0,0,0,0,0,0,0,0,,0,0
YBR168W,0,0,0,0,0,0,0,0,0,0,0,0,0,,0,0
YHR150W,0,0,0,0,0,0,0,0,0,0,0,0,0,,0,0
YLR324W,0,0,0,0,0,0,0,0,0,0,0,0,0,,0,0
YML056C,0,0,0,0,0,0,0,0,0,0,0,0,0,,0,0
YBR172C,0,0,0,0,0,0,0,0,0,0,0,0,0,,0,0
YDR216W,0,0,0,0,0,0,0,0,0,0,0,0,0,,0,0
YLR292C,0,0,0,0,0,1,0,0,1,0,0,0,1,YBR171W;YDR086C;YER087C-B;YLR378C;YOR254C;YPL094C,0,2
YLR378C,0,0,0,0,0,0,0,0,1,0,0,0,1,YBR171W;YDR086C;YER087C-B;YLR292C;YOR254C;YPL094C,1,2
YPL094C,0,0,0,0,0,1,0,0,1,0,0,0,1,YBR171W;YDR086C;YER087C-B;YLR292C;YLR378C;YOR254C,0,2
YBR173C,0,0,0,0,0,0,0,0,0,0,0,0,0,,0,0
YFL007W,0,0,0,0,0,0,0,0,0,0,0,0,0,,0,0
YGL011C,0,0,0,0,0,0,0,0,0,0,0,0,1,YBL041W;YDL007W;YDL097C;YDL147W;YDR363W-A;YDR394W;YDR427W;YER012W;YER021W;YER094C;YFR004W;YFR050C;YFR052W;YGL048C;YGR135W;YGR253C;YHR027C;YHR200W;YIL075C;YJL001W;YKL145W;YLR421C;YML092C;YMR314W;YOL038W;YOR117W;YOR157C;YOR259C;YOR261C;YOR362C;YPR103W;YPR108W,0,1
YFR050C,0,0,0,0,0,0,0,0,0,0,0,0,1,YBL041W;YDL007W;YDL097C;YDL147W;YDR363W-A;YDR394W;YDR427W;YER012W;YER021W;YER094C;YFR004W;YFR052W;YGL011C;YGL048C;YGR135W;YGR253C;YHR027C;YHR200W;YIL075C;YJL001W;YKL145W;YLR421C;YML092C;YMR314W;YOL038W;YOR117W;YOR157C;YOR259C;YOR261C;YOR362C;YPR103W;YPR108W,0,1
YGR135W,0,0,0,0,0,0,0,0,0,0,0,0,1,YBL041W;YDL007W;YDL097C;YDL147W;YDR363W-A;YDR394W;YDR427W;YER012W;YER021W;YER094C;YFR004W;YFR050C;YFR052W;YGL011C;YGL048C;YGR253C;YHR027C;YHR200W;YIL075C;YJL001W;YKL145W;YLR421C;YML092C;YMR314W;YOL038W;YOR117W;YOR157C;YOR259C;YOR261C;YOR362C;YPR103W;YPR108W,0,1
YFR052W,0,0,0,0,0,0,0,0,0,0,0,0,1,YBL041W;YDL007W;YDL097C;YDL147W;YDR363W-A;YDR394W;YDR427W;YER012W;YER021W;YER094C;YFR004W;YFR050C;YGL011C;YGL048C;YGR135W;YGR253C;YHR027C;YHR200W;YIL075C;YJL001W;YKL145W;YLR421C;YML092C;YMR314W;YOL038W;YOR117W;YOR157C;YOR259C;YOR261C;YOR362C;YPR103W;YPR108W,0,1
YGL048C,0,0,0,0,0,0,0,0,0,0,0,0,1,YBL041W;YDL007W;YDL097C;YDL147W;YDR363W-A;YDR394W;YDR427W;YER012W;YER021W;YER094C;YFR004W;YFR050C;YFR052W;YGL011C;YGR135W;YGR253C;YHR027C;YHR200W;YIL075C;YJL001W;YKL145W;YLR421C;YML092C;YMR314W;YOL038W;YOR117W;YOR157C;YOR259C;YOR261C;YOR362C;YPR103W;YPR108W,0,1
YBR061C,0,0,0,0,0,0,0,0,0,0,0,0,0,,0,0
YBR181C,0,0,0,0,0,0,0,0,0,0,0,0,0,,0,0
YDR404C,0,0,0,1,0,0,0,0,0,0,0,0,1,YBR154C;YDL140C;YGL070C;YHR143W-A;YIL021W;YJL140W;YOL005C;YOR151C;YOR210W;YOR224C;YPR187W,0,2
YLR336C,0,0,0,0,0,0,0,0,0,0,0,0,1,YDR021W,1,1
YER082C,0,0,0,0,0,0,0,0,0,0,0,0,1,YBL004W;YBR247C;YCL031C;YCL059C;YCR057C;YDL014W;YDL148C;YDL153C;YDR324C;YDR339C;YDR398W;YDR449C;YEL026W;YER127W;YGR090W;YGR128C;YGR145W;YHR148W;YHR196W;YIL019W;YJL069C;YJL109C;YJR002W;YKL099C;YKR060W;YLL011W;YLR051C;YLR129W;YLR186W;YLR197W;YLR222C;YLR409C;YML093W;YMR093W;YMR128W;YMR229C;YNL075W;YNL132W;YOL010W;YOR078W;YOR145C;YOR310C;YPL126W;YPL217C;YPR137W;YPR144C,1,1
YGR145W,0,0,0,0,0,0,0,0,0,0,0,0,1,YBL004W;YBR247C;YCL031C;YCL059C;YCR057C;YDL014W;YDL148C;YDL153C;YDR324C;YDR339C;YDR398W;YDR449C;YEL026W;YER082C;YER127W;YGR090W;YGR128C;YHR148W;YHR196W;YIL019W;YJL069C;YJL109C;YJR002W;YKL099C;YKR060W;YLL011W;YLR051C;YLR129W;YLR186W;YLR197W;YLR222C;YLR409C;YML093W;YMR093W;YMR128W;YMR229C;YNL075W;YNL132W;YOL010W;YOR078W;YOR145C;YOR310C;YPL126W;YPL217C;YPR137W;YPR144C,1,1
YGL171W,0,0,0,0,0,0,0,0,0,0,0,0,0,,0,0
YPL217C,0,0,0,1,0,0,0,0,0,0,0,0,1,YBL004W;YBR247C;YCL031C;YCL059C;YCR057C;YDL014W;YDL148C;YDL153C;YDR324C;YDR339C;YDR398W;YDR449C;YEL026W;YER082C;YER127W;YGR090W;YGR128C;YGR145W;YHR148W;YHR196W;YIL019W;YJL069C;YJL109C;YJR002W;YKL099C;YKR060W;YLL011W;YLR051C;YLR129W;YLR186W;YLR197W;YLR222C;YLR409C;YML093W;YMR093W;YMR128W;YMR229C;YNL075W;YNL132W;YOL010W;YOR078W;YOR145C;YOR310C;YPL126W;YPR137W;YPR144C,1,2
YOL124C,0,0,0,1,0,0,0,0,0,0,0,0,1,YNR046W,0,1
YGR065C,0,0,0,0,0,0,0,0,0,0,0,0,0,,0,0
YLR404W,0,0,0,0,0,0,0,0,0,0,0,0,1,YCL005W,1,1
YJR118C,0,0,0,0,0,0,0,0,0,0,0,0,0,,0,0
YLR435W,0,0,0,0,0,0,0,0,0,0,0,0,0,,0,0
YHR009C,0,0,0,0,0,0,0,0,0,0,0,0,0,,0,0
YDR165W,0,0,0,1,0,0,0,0,0,0,0,0,1,YDL201W,0,1
YBL025W,0,0,0,0,0,0,0,0,0,0,0,0,1,YBR009C;YBR010W;YLR141W;YMR270C;YOR295W,1,1
YMR121C,0,0,0,0,0,0,0,0,0,0,0,0,0,,0,0
YNL262W,0,0,0,0,0,1,0,0,0,0,0,0,1,YBL023C;YBR202W;YBR278W;YDR013W;YDR121W;YDR489W;YEL032W;YGL201C;YJL072C;YLR103C;YLR274W;YOL146W;YPR019W;YPR175W,1,2
YLL034C,0,0,0,0,0,0,0,0,0,0,0,0,0,,0,0
YJL010C,0,0,0,0,0,0,0,0,0,0,0,0,0,,0,0
YDR012W,0,0,0,0,0,0,0,0,0,0,0,0,0,,0,0
YDR174W,0,0,0,0,0,0,0,0,0,0,0,0,0,,0,0
YER047C,0,0,0,0,0,0,0,0,0,0,0,0,0,,0,0
YHR170W,0,0,0,0,0,0,0,0,0,0,0,0,0,,0,0
YCR035C,0,0,0,0,0,0,0,0,0,0,0,1,1,YDL111C;YDR280W;YGR095C;YGR158C;YGR195W;YHR069C;YNL232W;YOL021C;YOL142W;YOR001W,0,2
YJL050W,0,0,0,0,0,0,0,0,0,0,0,0,1,YDL175C;YIL079C;YJR036C;YNL299W;YOL115W,3,3
YLR397C,0,0,0,0,0,0,0,0,0,0,0,0,0,,0,0
YNR024W,0,0,0,0,0,0,0,0,0,0,0,0,0,,0,0
YOR001W,0,0,0,0,0,0,0,0,0,0,0,0,1,YCR035C;YDL111C;YDR280W;YGR095C;YGR158C;YGR195W;YHR069C;YNL232W;YOL021C;YOL142W,0,1
YKR024C,0,0,0,0,0,0,0,0,0,0,0,0,0,,0,0
YBR194W,0,0,0,0,0,0,0,0,0,0,0,0,0,,0,0
YPR152C,0,0,0,0,0,0,0,0,0,0,0,0,0,,0,0
YBR195C,0,0,0,0,1,0,0,0,0,0,0,0,1,YML102W;YPR018W,0,1
YML102W,0,0,0,0,1,0,0,0,0,0,0,0,1,YBR195C;YPR018W,0,1
YCL043C,0,0,0,0,0,0,0,0,0,0,0,0,1,YHR204W,1,1
YER031C,0,0,0,0,0,0,0,0,0,0,0,0,0,,0,0
YCR012W,0,0,0,0,0,0,0,0,0,0,0,0,0,,0,0
YDR226W,0,0,0,0,0,0,0,0,0,0,0,0,0,,0,0
YKL152C,0,0,0,0,0,0,0,0,0,0,0,0,0,,0,0
YKL060C,0,0,0,0,0,0,0,0,0,0,0,0,0,,0,0
YLR044C,0,0,0,0,0,0,0,0,0,0,0,0,0,,0,0
YOR020C,0,0,0,0,0,0,0,0,0,0,0,0,0,,0,0
YLR354C,0,0,0,0,0,0,0,0,0,0,0,0,0,,0,0
YPL106C,0,0,0,0,0,0,0,0,0,0,0,0,0,,0,0
YPL089C,0,0,0,0,0,0,0,0,0,0,0,0,0,,0,0
YER091C,0,0,0,0,0,0,0,0,0,0,0,0,0,,0,0
YBR238C,0,0,0,0,0,0,0,0,0,0,0,0,0,,0,0
YGR192C,0,0,0,0,0,0,0,0,0,0,0,0,0,,0,0
YER043C,0,0,0,0,0,0,0,0,0,0,0,0,0,,0,0
YFL028C,0,0,0,0,0,0,0,0,0,0,0,0,0,,0,0
YJL052W,0,0,0,0,0,0,0,0,0,0,0,0,0,,0,0
YGL253W,0,0,0,0,0,0,0,0,0,0,0,0,0,,0,0
YDL025C,0,0,0,0,0,0,0,0,0,0,0,0,0,,0,0
YGR254W,0,0,0,0,0,0,0,0,0,0,0,0,0,,0,0
YER023W,0,0,0,0,0,0,0,0,0,0,0,0,0,,0,0
YHR174W,0,0,0,0,0,0,0,0,0,0,0,0,0,,0,0
YJR104C,1,0,0,1,0,0,0,0,0,0,0,0,1,YMR038C,0,2
YJR009C,0,0,0,0,0,0,0,0,0,0,0,0,0,,0,0
YKL056C,0,0,0,0,0,0,0,0,0,0,0,0,0,,0,0
YOL109W,0,0,0,0,0,0,0,0,0,0,0,0,0,,0,0
YGR180C,0,0,0,0,0,1,0,0,0,0,0,0,1,YER070W;YIL066C;YJL026W,0,2
YJL026W,0,0,0,0,0,1,0,0,0,0,0,0,1,YER070W;YGR180C;YIL066C,0,2
YNL160W,0,0,0,0,0,0,0,0,0,0,0,0,0,,0,0
YML058W-A,0,0,0,0,0,0,0,0,0,0,0,0,0,,0,0
YOR230W,0,0,0,0,0,0,0,0,0,0,0,0,0,,0,0
YOR229W,0,0,0,0,0,0,0,0,0,0,0,0,0,,0,0
YOR283W,0,0,0,0,0,0,0,0,0,0,0,0,0,,0,0
YHR179W,0,0,0,0,0,0,0,0,0,0,0,0,0,,0,0
YPL171C,0,0,0,0,0,0,0,0,0,0,0,0,0,,0,0
YGR204W,0,0,0,0,0,0,0,0,0,0,0,0,0,,0,0
YJR139C,0,0,0,0,0,0,0,0,0,0,0,0,0,,0,0
YLR028C,0,0,0,0,0,0,0,0,0,0,0,0,0,,0,0
YMR120C,0,0,0,0,0,0,0,0,0,0,0,0,0,,0,0
YNL273W,0,0,0,0,0,0,0,0,0,0,0,0,1,YMR048W,1,1
YLR274W,0,0,0,0,0,0,0,1,0,0,0,0,1,YBL023C;YBR202W;YBR278W;YDR013W;YDR121W;YDR489W;YEL032W;YGL201C;YJL072C;YLR103C;YNL262W;YOL146W;YPR019W;YPR175W,2,3
YEL032W,0,0,0,0,0,0,0,1,0,0,0,0,1,YBL023C;YBR202W;YBR278W;YDR013W;YDR121W;YDR489W;YGL201C;YJL072C;YLR103C;YLR274W;YNL262W;YOL146W;YPR019W;YPR175W,2,3
YKL179C,0,0,0,0,0,0,0,0,0,0,0,0,0,,0,0
YBR207W,0,0,0,0,0,0,0,0,0,0,0,0,1,YFL041W,1,1
YFL041W,0,0,0,0,0,0,0,0,0,0,0,0,1,YBR207W,1,1
YMR318C,0,0,0,0,0,0,0,0,0,0,0,0,0,,0,0
YGR095C,0,0,0,0,0,0,0,0,0,0,0,1,1,YCR035C;YDL111C;YDR280W;YGR158C;YGR195W;YHR069C;YNL232W;YOL021C;YOL142W;YOR001W,0,2
YJR135C,0,0,0,0,0,0,0,0,0,0,0,0,1,YAL034W-A;YBR107C;YBR211C;YDL160C-A;YDR254W;YDR318W;YDR374W-A;YDR383C;YFR046C;YGR179C;YKL089W;YLR315W;YLR381W;YOL086W-A;YPL018W;YPR046W,2,2
YDR320C-A,0,0,0,0,0,0,0,0,0,0,0,1,1,YBR233W-A;YDR016C;YDR201W;YGL061C;YGR113W;YKL052C;YKL138C-A;YKR037C;YKR083C,0,1
YGL061C,0,0,0,0,0,0,0,0,0,0,0,1,1,YBR233W-A;YDR016C;YDR201W;YDR320C-A;YGR113W;YKL052C;YKL138C-A;YKR037C;YKR083C,0,1
YKL138C-A,0,0,0,0,0,0,0,0,0,0,0,1,1,YBR233W-A;YDR016C;YDR201W;YDR320C-A;YGL061C;YGR113W;YKL052C;YKR037C;YKR083C,0,1
YKL052C,0,0,0,0,0,0,0,0,0,0,0,1,1,YBR233W-A;YDR016C;YDR201W;YDR320C-A;YGL061C;YGR113W;YKL138C-A;YKR037C;YKR083C,0,1
YKR083C,0,0,0,0,0,0,0,0,0,0,0,1,1,YBR233W-A;YDR016C;YDR201W;YDR320C-A;YGL061C;YGR113W;YKL052C;YKL138C-A;YKR037C,0,1
YKR037C,0,0,0,0,0,0,0,0,0,0,0,1,1,YBR233W-A;YDR016C;YDR201W;YDR320C-A;YGL061C;YGR113W;YKL052C;YKL138C-A;YKR083C,0,1
YBR233W-A,0,0,0,0,0,0,0,0,0,0,0,1,1,YDR016C;YDR201W;YDR320C-A;YGL061C;YGR113W;YKL052C;YKL138C-A;YKR037C;YKR083C,0,1
YMR117C,0,0,0,0,0,0,0,0,0,0,0,0,1,YER018C;YIL144W;YOL069W,1,1
YGL062W,0,0,0,0,0,0,0,0,0,0,0,0,0,,0,0
YFR049W,0,0,0,0,0,0,0,0,0,0,0,0,1,YDR148C;YFL018C;YIL125W,1,1
YJR010C-A,0,0,0,0,0,0,0,0,0,0,0,0,1,YIR022W;YLR066W;YML055W,1,1
YLR457C,0,0,0,0,0,0,0,0,0,0,0,0,0,,0,0
YBR223C,0,0,0,0,0,0,0,0,0,0,0,0,0,,0,0
YER132C,0,0,0,0,0,0,0,0,0,0,0,0,0,,0,0
YGL021W,0,0,0,0,0,0,0,0,0,0,0,0,0,,0,0
YDR422C,0,0,0,0,1,0,0,0,0,0,0,0,1,YDR477W;YGL115W,0,1
YNL042W,0,0,0,0,0,0,0,0,0,0,0,0,0,,0,0
YLR096W,0,0,0,0,0,0,0,0,0,0,0,0,0,,0,0
YOR233W,0,0,0,0,0,0,0,0,0,0,0,0,0,,0,0
YBR225W,0,0,0,0,0,0,0,0,0,0,0,0,0,,0,0
YGL197W,0,0,0,0,0,0,0,0,0,0,0,0,0,,0,0
YPL070W,0,0,0,0,0,0,0,0,0,0,0,0,0,,0,0
YKL203C,0,0,0,0,0,0,0,0,0,0,0,0,1,YER093C;YHR186C;YJL058C;YMR068W;YNL006W;YOL078W;YPL180W,2,2
YIL124W,0,0,0,0,0,0,0,0,0,0,0,0,0,,0,0
YIL108W,0,0,0,0,0,0,0,0,0,0,0,0,0,,0,0
YIL156W,0,0,0,0,0,0,0,0,0,0,0,0,0,,0,0
YGL078C,0,0,0,0,0,0,0,0,0,0,0,0,0,,0,0
YGR266W,0,0,0,0,0,0,0,0,0,0,0,0,0,,0,0
YGR240C,0,0,0,0,0,0,0,0,0,1,0,0,1,YMR205C,0,1
YGL206C,0,0,0,0,0,0,0,1,0,0,0,0,1,YGR167W,0,1
YNL243W,0,0,0,0,0,0,0,0,0,0,0,0,0,,0,0
YIL062C,0,0,0,0,0,0,0,0,1,0,0,0,1,YBR234C;YDL029W;YJR065C;YKL013C;YLR370C;YNR035C,0,1
YDL029W,0,0,0,0,0,0,0,0,1,0,0,0,1,YBR234C;YIL062C;YJR065C;YKL013C;YLR370C;YNR035C,0,1
YJR065C,0,0,0,0,0,0,0,0,1,0,0,0,1,YBR234C;YDL029W;YIL062C;YKL013C;YLR370C;YNR035C,0,1
YLR206W,0,0,0,0,0,0,0,0,0,0,0,0,0,,0,0
YKL013C,0,0,0,0,0,0,0,0,1,0,0,0,1,YBR234C;YDL029W;YIL062C;YJR065C;YLR370C;YNR035C,0,1
YNL084C,0,0,0,0,0,0,0,0,0,0,0,0,1,YBL007C;YIR006C,1,1
YLR370C,0,0,0,0,0,0,0,0,1,0,0,0,1,YBR234C;YDL029W;YIL062C;YJR065C;YKL013C;YNR035C,0,1
YNR035C,0,0,0,0,0,0,0,0,1,0,0,0,1,YBR234C;YDL029W;YIL062C;YJR065C;YKL013C;YLR370C,0,1
YGL181W,0,0,0,0,0,0,0,0,0,0,0,0,0,,0,0
YDL204W,0,0,0,0,0,0,0,0,0,0,0,0,0,,0,0
YCL037C,0,0,0,0,0,0,0,0,0,0,0,0,1,YAL005C;YLL024C;YLR256W;YMR186W;YNL064C;YPL240C,2,3
YBR236C,0,0,0,0,0,0,0,0,0,0,0,0,0,,0,0
YBR239C,0,0,0,0,0,0,0,0,0,0,0,0,0,,0,0
YDR170C,0,0,0,0,0,0,0,0,0,0,0,0,0,,0,0
YER129W,0,0,0,0,0,0,0,0,0,0,0,0,0,,0,0
YGR130C,0,0,0,0,0,0,0,0,0,0,0,0,0,,0,0
YNL272C,0,0,0,0,0,0,0,0,0,0,0,0,0,,0,0
YGR159C,0,0,0,0,0,0,0,0,0,0,0,0,0,,0,0
YOL017W,0,0,0,0,0,0,0,0,0,0,0,0,0,,0,0
YDR365C,0,0,0,0,0,0,0,0,0,0,0,0,0,,0,0
YDL153C,0,0,0,0,0,0,0,0,0,0,0,0,1,YBL004W;YBR247C;YCL031C;YCL059C;YCR057C;YDL014W;YDL148C;YDR324C;YDR339C;YDR398W;YDR449C;YEL026W;YER082C;YER127W;YGR090W;YGR128C;YGR145W;YHR148W;YHR196W;YIL019W;YJL069C;YJL109C;YJR002W;YKL099C;YKR060W;YLL011W;YLR051C;YLR129W;YLR186W;YLR197W;YLR222C;YLR409C;YML093W;YMR093W;YMR128W;YMR229C;YNL075W;YNL132W;YOL010W;YOR078W;YOR145C;YOR310C;YPL126W;YPL217C;YPR137W;YPR144C,1,1
YDL148C,0,0,0,0,0,0,0,0,0,0,0,0,1,YBL004W;YBR247C;YCL031C;YCL059C;YCR057C;YDL014W;YDL153C;YDR324C;YDR339C;YDR398W;YDR449C;YEL026W;YER082C;YER127W;YGR090W;YGR128C;YGR145W;YHR148W;YHR196W;YIL019W;YJL069C;YJL109C;YJR002W;YKL099C;YKR060W;YLL011W;YLR051C;YLR129W;YLR186W;YLR197W;YLR222C;YLR409C;YML093W;YMR093W;YMR128W;YMR229C;YNL075W;YNL132W;YOL010W;YOR078W;YOR145C;YOR310C;YPL126W;YPL217C;YPR137W;YPR144C,2,2
YDR324C,0,0,0,0,0,0,0,0,0,0,0,0,1,YBL004W;YBR247C;YCL031C;YCL059C;YCR057C;YDL014W;YDL148C;YDL153C;YDR339C;YDR398W;YDR449C;YEL026W;YER082C;YER127W;YGR090W;YGR128C;YGR145W;YHR148W;YHR196W;YIL019W;YJL069C;YJL109C;YJR002W;YKL099C;YKR060W;YLL011W;YLR051C;YLR129W;YLR186W;YLR197W;YLR222C;YLR409C;YML093W;YMR093W;YMR128W;YMR229C;YNL075W;YNL132W;YOL010W;YOR078W;YOR145C;YOR310C;YPL126W;YPL217C;YPR137W;YPR144C,2,2
YDR083W,0,0,0,0,0,0,0,0,0,0,0,0,0,,0,0
YDR398W,0,0,0,0,0,0,0,0,0,0,0,0,1,YBL004W;YBR247C;YCL031C;YCL059C;YCR057C;YDL014W;YDL148C;YDL153C;YDR324C;YDR339C;YDR449C;YEL026W;YER082C;YER127W;YGR090W;YGR128C;YGR145W;YHR148W;YHR196W;YIL019W;YJL069C;YJL109C;YJR002W;YKL099C;YKR060W;YLL011W;YLR051C;YLR129W;YLR186W;YLR197W;YLR222C;YLR409C;YML093W;YMR093W;YMR128W;YMR229C;YNL075W;YNL132W;YOL010W;YOR078W;YOR145C;YOR310C;YPL126W;YPL217C;YPR137W;YPR144C,2,2
YDR339C,0,0,0,0,0,0,0,0,0,0,0,0,1,YBL004W;YBR247C;YCL031C;YCL059C;YCR057C;YDL014W;YDL148C;YDL153C;YDR324C;YDR398W;YDR449C;YEL026W;YER082C;YER127W;YGR090W;YGR128C;YGR145W;YHR148W;YHR196W;YIL019W;YJL069C;YJL109C;YJR002W;YKL099C;YKR060W;YLL011W;YLR051C;YLR129W;YLR186W;YLR197W;YLR222C;YLR409C;YML093W;YMR093W;YMR128W;YMR229C;YNL075W;YNL132W;YOL010W;YOR078W;YOR145C;YOR310C;YPL126W;YPL217C;YPR137W;YPR144C,1,1
YDR449C,0,0,0,0,0,0,0,0,0,0,0,0,1,YBL004W;YBR247C;YCL031C;YCL059C;YCR057C;YDL014W;YDL148C;YDL153C;YDR324C;YDR339C;YDR398W;YEL026W;YER082C;YER127W;YGR090W;YGR128C;YGR145W;YHR148W;YHR196W;YIL019W;YJL069C;YJL109C;YJR002W;YKL099C;YKR060W;YLL011W;YLR051C;YLR129W;YLR186W;YLR197W;YLR222C;YLR409C;YML093W;YMR093W;YMR128W;YMR229C;YNL075W;YNL132W;YOL010W;YOR078W;YOR145C;YOR310C;YPL126W;YPL217C;YPR137W;YPR144C,2,2
YER127W,0,0,0,0,0,0,0,0,0,0,0,0,1,YBL004W;YBR247C;YCL031C;YCL059C;YCR057C;YDL014W;YDL148C;YDL153C;YDR324C;YDR339C;YDR398W;YDR449C;YEL026W;YER082C;YGR090W;YGR128C;YGR145W;YHR148W;YHR196W;YIL019W;YJL069C;YJL109C;YJR002W;YKL099C;YKR060W;YLL011W;YLR051C;YLR129W;YLR186W;YLR197W;YLR222C;YLR409C;YML093W;YMR093W;YMR128W;YMR229C;YNL075W;YNL132W;YOL010W;YOR078W;YOR145C;YOR310C;YPL126W;YPL217C;YPR137W;YPR144C,1,1
YGR128C,0,0,0,0,0,0,0,0,0,0,0,0,1,YBL004W;YBR247C;YCL031C;YCL059C;YCR057C;YDL014W;YDL148C;YDL153C;YDR324C;YDR339C;YDR398W;YDR449C;YEL026W;YER082C;YER127W;YGR090W;YGR145W;YHR148W;YHR196W;YIL019W;YJL069C;YJL109C;YJR002W;YKL099C;YKR060W;YLL011W;YLR051C;YLR129W;YLR186W;YLR197W;YLR222C;YLR409C;YML093W;YMR093W;YMR128W;YMR229C;YNL075W;YNL132W;YOL010W;YOR078W;YOR145C;YOR310C;YPL126W;YPL217C;YPR137W;YPR144C,2,2
YHR196W,0,0,0,0,0,0,0,0,0,0,0,0,1,YBL004W;YBR247C;YCL031C;YCL059C;YCR057C;YDL014W;YDL148C;YDL153C;YDR324C;YDR339C;YDR398W;YDR449C;YEL026W;YER082C;YER127W;YGR090W;YGR128C;YGR145W;YHR148W;YIL019W;YJL069C;YJL109C;YJR002W;YKL099C;YKR060W;YLL011W;YLR051C;YLR129W;YLR186W;YLR197W;YLR222C;YLR409C;YML093W;YMR093W;YMR128W;YMR229C;YNL075W;YNL132W;YOL010W;YOR078W;YOR145C;YOR310C;YPL126W;YPL217C;YPR137W;YPR144C,2,2
YHR169W,0,0,0,0,0,0,0,0,0,0,0,0,0,,0,0
YIL091C,0,0,0,0,0,0,0,0,0,0,0,0,0,,0,0
YIL019W,0,0,0,0,0,0,0,0,0,0,0,0,1,YBL004W;YBR247C;YCL031C;YCL059C;YCR057C;YDL014W;YDL148C;YDL153C;YDR324C;YDR339C;YDR398W;YDR449C;YEL026W;YER082C;YER127W;YGR090W;YGR128C;YGR145W;YHR148W;YHR196W;YJL069C;YJL109C;YJR002W;YKL099C;YKR060W;YLL011W;YLR051C;YLR129W;YLR186W;YLR197W;YLR222C;YLR409C;YML093W;YMR093W;YMR128W;YMR229C;YNL075W;YNL132W;YOL010W;YOR078W;YOR145C;YOR310C;YPL126W;YPL217C;YPR137W;YPR144C,1,1
YJL033W,0,0,0,0,0,0,0,0,0,0,0,0,0,,0,0
YJL109C,0,0,0,0,0,0,0,0,0,0,0,0,1,YBL004W;YBR247C;YCL031C;YCL059C;YCR057C;YDL014W;YDL148C;YDL153C;YDR324C;YDR339C;YDR398W;YDR449C;YEL026W;YER082C;YER127W;YGR090W;YGR128C;YGR145W;YHR148W;YHR196W;YIL019W;YJL069C;YJR002W;YKL099C;YKR060W;YLL011W;YLR051C;YLR129W;YLR186W;YLR197W;YLR222C;YLR409C;YML093W;YMR093W;YMR128W;YMR229C;YNL075W;YNL132W;YOL010W;YOR078W;YOR145C;YOR310C;YPL126W;YPL217C;YPR137W;YPR144C,2,2
YJL069C,0,0,0,0,0,0,0,0,0,0,0,0,1,YBL004W;YBR247C;YCL031C;YCL059C;YCR057C;YDL014W;YDL148C;YDL153C;YDR324C;YDR339C;YDR398W;YDR449C;YEL026W;YER082C;YER127W;YGR090W;YGR128C;YGR145W;YHR148W;YHR196W;YIL019W;YJL109C;YJR002W;YKL099C;YKR060W;YLL011W;YLR051C;YLR129W;YLR186W;YLR197W;YLR222C;YLR409C;YML093W;YMR093W;YMR128W;YMR229C;YNL075W;YNL132W;YOL010W;YOR078W;YOR145C;YOR310C;YPL126W;YPL217C;YPR137W;YPR144C,2,2
YKL099C,0,0,0,0,0,0,0,0,0,0,0,0,1,YBL004W;YBR247C;YCL031C;YCL059C;YCR057C;YDL014W;YDL148C;YDL153C;YDR324C;YDR339C;YDR398W;YDR449C;YEL026W;YER082C;YER127W;YGR090W;YGR128C;YGR145W;YHR148W;YHR196W;YIL019W;YJL069C;YJL109C;YJR002W;YKR060W;YLL011W;YLR051C;YLR129W;YLR186W;YLR197W;YLR222C;YLR409C;YML093W;YMR093W;YMR128W;YMR229C;YNL075W;YNL132W;YOL010W;YOR078W;YOR145C;YOR310C;YPL126W;YPL217C;YPR137W;YPR144C,1,1
YJR002W,0,0,0,0,0,0,0,0,0,0,0,0,1,YBL004W;YBR247C;YCL031C;YCL059C;YCR057C;YDL014W;YDL148C;YDL153C;YDR324C;YDR339C;YDR398W;YDR449C;YEL026W;YER082C;YER127W;YGR090W;YGR128C;YGR145W;YHR148W;YHR196W;YIL019W;YJL069C;YJL109C;YKL099C;YKR060W;YLL011W;YLR051C;YLR129W;YLR186W;YLR197W;YLR222C;YLR409C;YML093W;YMR093W;YMR128W;YMR229C;YNL075W;YNL132W;YOL010W;YOR078W;YOR145C;YOR310C;YPL126W;YPL217C;YPR137W;YPR144C,2,2
YLL011W,0,0,0,0,0,0,0,0,0,0,0,0,1,YBL004W;YBR247C;YCL031C;YCL059C;YCR057C;YDL014W;YDL148C;YDL153C;YDR324C;YDR339C;YDR398W;YDR449C;YEL026W;YER082C;YER127W;YGR090W;YGR128C;YGR145W;YHR148W;YHR196W;YIL019W;YJL069C;YJL109C;YJR002W;YKL099C;YKR060W;YLR051C;YLR129W;YLR186W;YLR197W;YLR222C;YLR409C;YML093W;YMR093W;YMR128W;YMR229C;YNL075W;YNL132W;YOL010W;YOR078W;YOR145C;YOR310C;YPL126W;YPL217C;YPR137W;YPR144C,1,1
YKR060W,0,0,0,0,0,0,0,0,0,0,0,0,1,YBL004W;YBR247C;YCL031C;YCL059C;YCR057C;YDL014W;YDL148C;YDL153C;YDR324C;YDR339C;YDR398W;YDR449C;YEL026W;YER082C;YER127W;YGR090W;YGR128C;YGR145W;YHR148W;YHR196W;YIL019W;YJL069C;YJL109C;YJR002W;YKL099C;YLL011W;YLR051C;YLR129W;YLR186W;YLR197W;YLR222C;YLR409C;YML093W;YMR093W;YMR128W;YMR229C;YNL075W;YNL132W;YOL010W;YOR078W;YOR145C;YOR310C;YPL126W;YPL217C;YPR137W;YPR144C,1,1
YLR129W,0,0,0,0,0,0,0,0,0,0,0,0,1,YBL004W;YBR247C;YCL031C;YCL059C;YCR057C;YDL014W;YDL148C;YDL153C;YDR324C;YDR339C;YDR398W;YDR449C;YEL026W;YER082C;YER127W;YGR090W;YGR128C;YGR145W;YHR148W;YHR196W;YIL019W;YJL069C;YJL109C;YJR002W;YKL099C;YKR060W;YLL011W;YLR051C;YLR186W;YLR197W;YLR222C;YLR409C;YML093W;YMR093W;YMR128W;YMR229C;YNL075W;YNL132W;YOL010W;YOR078W;YOR145C;YOR310C;YPL126W;YPL217C;YPR137W;YPR144C,2,2
YLR051C,0,0,0,0,0,0,0,0,0,0,0,0,1,YBL004W;YBR247C;YCL031C;YCL059C;YCR057C;YDL014W;YDL148C;YDL153C;YDR324C;YDR339C;YDR398W;YDR449C;YEL026W;YER082C;YER127W;YGR090W;YGR128C;YGR145W;YHR148W;YHR196W;YIL019W;YJL069C;YJL109C;YJR002W;YKL099C;YKR060W;YLL011W;YLR129W;YLR186W;YLR197W;YLR222C;YLR409C;YML093W;YMR093W;YMR128W;YMR229C;YNL075W;YNL132W;YOL010W;YOR078W;YOR145C;YOR310C;YPL126W;YPL217C;YPR137W;YPR144C,1,1
YLR222C,0,0,0,0,0,0,0,0,0,0,0,0,1,YBL004W;YBR247C;YCL031C;YCL059C;YCR057C;YDL014W;YDL148C;YDL153C;YDR324C;YDR339C;YDR398W;YDR449C;YEL026W;YER082C;YER127W;YGR090W;YGR128C;YGR145W;YHR148W;YHR196W;YIL019W;YJL069C;YJL109C;YJR002W;YKL099C;YKR060W;YLL011W;YLR051C;YLR129W;YLR186W;YLR197W;YLR409C;YML093W;YMR093W;YMR128W;YMR229C;YNL075W;YNL132W;YOL010W;YOR078W;YOR145C;YOR310C;YPL126W;YPL217C;YPR137W;YPR144C,2,2
YLR186W,0,0,0,0,0,0,0,0,0,0,0,0,1,YBL004W;YBR247C;YCL031C;YCL059C;YCR057C;YDL014W;YDL148C;YDL153C;YDR324C;YDR339C;YDR398W;YDR449C;YEL026W;YER082C;YER127W;YGR090W;YGR128C;YGR145W;YHR148W;YHR196W;YIL019W;YJL069C;YJL109C;YJR002W;YKL099C;YKR060W;YLL011W;YLR051C;YLR129W;YLR197W;YLR222C;YLR409C;YML093W;YMR093W;YMR128W;YMR229C;YNL075W;YNL132W;YOL010W;YOR078W;YOR145C;YOR310C;YPL126W;YPL217C;YPR137W;YPR144C,1,1
YML093W,0,0,0,0,0,0,0,0,0,0,0,0,1,YBL004W;YBR247C;YCL031C;YCL059C;YCR057C;YDL014W;YDL148C;YDL153C;YDR324C;YDR339C;YDR398W;YDR449C;YEL026W;YER082C;YER127W;YGR090W;YGR128C;YGR145W;YHR148W;YHR196W;YIL019W;YJL069C;YJL109C;YJR002W;YKL099C;YKR060W;YLL011W;YLR051C;YLR129W;YLR186W;YLR197W;YLR222C;YLR409C;YMR093W;YMR128W;YMR229C;YNL075W;YNL132W;YOL010W;YOR078W;YOR145C;YOR310C;YPL126W;YPL217C;YPR137W;YPR144C,1,1
YLR409C,0,0,0,0,0,0,0,0,0,0,0,0,1,YBL004W;YBR247C;YCL031C;YCL059C;YCR057C;YDL014W;YDL148C;YDL153C;YDR324C;YDR339C;YDR398W;YDR449C;YEL026W;YER082C;YER127W;YGR090W;YGR128C;YGR145W;YHR148W;YHR196W;YIL019W;YJL069C;YJL109C;YJR002W;YKL099C;YKR060W;YLL011W;YLR051C;YLR129W;YLR186W;YLR197W;YLR222C;YML093W;YMR093W;YMR128W;YMR229C;YNL075W;YNL132W;YOL010W;YOR078W;YOR145C;YOR310C;YPL126W;YPL217C;YPR137W;YPR144C,2,2
YMR128W,0,0,0,0,0,0,0,0,0,0,0,0,1,YBL004W;YBR247C;YCL031C;YCL059C;YCR057C;YDL014W;YDL148C;YDL153C;YDR324C;YDR339C;YDR398W;YDR449C;YEL026W;YER082C;YER127W;YGR090W;YGR128C;YGR145W;YHR148W;YHR196W;YIL019W;YJL069C;YJL109C;YJR002W;YKL099C;YKR060W;YLL011W;YLR051C;YLR129W;YLR186W;YLR197W;YLR222C;YLR409C;YML093W;YMR093W;YMR229C;YNL075W;YNL132W;YOL010W;YOR078W;YOR145C;YOR310C;YPL126W;YPL217C;YPR137W;YPR144C,1,1
YMR093W,0,0,0,0,0,0,0,0,0,0,0,0,1,YBL004W;YBR247C;YCL031C;YCL059C;YCR057C;YDL014W;YDL148C;YDL153C;YDR324C;YDR339C;YDR398W;YDR449C;YEL026W;YER082C;YER127W;YGR090W;YGR128C;YGR145W;YHR148W;YHR196W;YIL019W;YJL069C;YJL109C;YJR002W;YKL099C;YKR060W;YLL011W;YLR051C;YLR129W;YLR186W;YLR197W;YLR222C;YLR409C;YML093W;YMR128W;YMR229C;YNL075W;YNL132W;YOL010W;YOR078W;YOR145C;YOR310C;YPL126W;YPL217C;YPR137W;YPR144C,2,2
YNL075W,0,0,0,0,0,0,0,0,0,0,0,0,1,YBL004W;YBR247C;YCL031C;YCL059C;YCR057C;YDL014W;YDL148C;YDL153C;YDR324C;YDR339C;YDR398W;YDR449C;YEL026W;YER082C;YER127W;YGR090W;YGR128C;YGR145W;YHR148W;YHR196W;YIL019W;YJL069C;YJL109C;YJR002W;YKL099C;YKR060W;YLL011W;YLR051C;YLR129W;YLR186W;YLR197W;YLR222C;YLR409C;YML093W;YMR093W;YMR128W;YMR229C;YNL132W;YOL010W;YOR078W;YOR145C;YOR310C;YPL126W;YPL217C;YPR137W;YPR144C,2,2
YNR054C,0,0,0,0,0,0,0,0,0,0,0,0,0,,0,0
YNL132W,0,0,0,0,0,0,0,0,0,0,0,0,1,YBL004W;YBR247C;YCL031C;YCL059C;YCR057C;YDL014W;YDL148C;YDL153C;YDR324C;YDR339C;YDR398W;YDR449C;YEL026W;YER082C;YER127W;YGR090W;YGR128C;YGR145W;YHR148W;YHR196W;YIL019W;YJL069C;YJL109C;YJR002W;YKL099C;YKR060W;YLL011W;YLR051C;YLR129W;YLR186W;YLR197W;YLR222C;YLR409C;YML093W;YMR093W;YMR128W;YMR229C;YNL075W;YOL010W;YOR078W;YOR145C;YOR310C;YPL126W;YPL217C;YPR137W;YPR144C,1,1
YOR078W,0,0,0,0,0,0,0,0,0,0,0,0,1,YBL004W;YBR247C;YCL031C;YCL059C;YCR057C;YDL014W;YDL148C;YDL153C;YDR324C;YDR339C;YDR398W;YDR449C;YEL026W;YER082C;YER127W;YGR090W;YGR128C;YGR145W;YHR148W;YHR196W;YIL019W;YJL069C;YJL109C;YJR002W;YKL099C;YKR060W;YLL011W;YLR051C;YLR129W;YLR186W;YLR197W;YLR222C;YLR409C;YML093W;YMR093W;YMR128W;YMR229C;YNL075W;YNL132W;YOL010W;YOR145C;YOR310C;YPL126W;YPL217C;YPR137W;YPR144C,1,1
YOL010W,0,0,0,1,0,0,0,0,0,0,0,0,1,YBL004W;YBR247C;YCL031C;YCL059C;YCR057C;YDL014W;YDL148C;YDL153C;YDR324C;YDR339C;YDR398W;YDR449C;YEL026W;YER082C;YER127W;YGR090W;YGR128C;YGR145W;YHR148W;YHR196W;YIL019W;YJL069C;YJL109C;YJR002W;YKL099C;YKR060W;YLL011W;YLR051C;YLR129W;YLR186W;YLR197W;YLR222C;YLR409C;YML093W;YMR093W;YMR128W;YMR229C;YNL075W;YNL132W;YOR078W;YOR145C;YOR310C;YPL126W;YPL217C;YPR137W;YPR144C,1,2
YPL126W,0,0,0,0,0,0,0,0,0,0,0,0,1,YBL004W;YBR247C;YCL031C;YCL059C;YCR057C;YDL014W;YDL148C;YDL153C;YDR324C;YDR339C;YDR398W;YDR449C;YEL026W;YER082C;YER127W;YGR090W;YGR128C;YGR145W;YHR148W;YHR196W;YIL019W;YJL069C;YJL109C;YJR002W;YKL099C;YKR060W;YLL011W;YLR051C;YLR129W;YLR186W;YLR197W;YLR222C;YLR409C;YML093W;YMR093W;YMR128W;YMR229C;YNL075W;YNL132W;YOL010W;YOR078W;YOR145C;YOR310C;YPL217C;YPR137W;YPR144C,2,2
YOR287C,0,0,0,0,0,0,0,0,0,0,0,0,0,,0,0
YPR112C,0,0,0,0,0,0,0,0,0,0,0,0,0,,0,0
YPR144C,0,0,0,0,0,0,0,0,0,0,0,0,1,YBL004W;YBR247C;YCL031C;YCL059C;YCR057C;YDL014W;YDL148C;YDL153C;YDR324C;YDR339C;YDR398W;YDR449C;YEL026W;YER082C;YER127W;YGR090W;YGR128C;YGR145W;YHR148W;YHR196W;YIL019W;YJL069C;YJL109C;YJR002W;YKL099C;YKR060W;YLL011W;YLR051C;YLR129W;YLR186W;YLR197W;YLR222C;YLR409C;YML093W;YMR093W;YMR128W;YMR229C;YNL075W;YNL132W;YOL010W;YOR078W;YOR145C;YOR310C;YPL126W;YPL217C;YPR137W,2,2
YPR137W,0,0,0,0,0,0,0,0,0,0,0,0,1,YBL004W;YBR247C;YCL031C;YCL059C;YCR057C;YDL014W;YDL148C;YDL153C;YDR324C;YDR339C;YDR398W;YDR449C;YEL026W;YER082C;YER127W;YGR090W;YGR128C;YGR145W;YHR148W;YHR196W;YIL019W;YJL069C;YJL109C;YJR002W;YKL099C;YKR060W;YLL011W;YLR051C;YLR129W;YLR186W;YLR197W;YLR222C;YLR409C;YML093W;YMR093W;YMR128W;YMR229C;YNL075W;YNL132W;YOL010W;YOR078W;YOR145C;YOR310C;YPL126W;YPL217C;YPR144C,1,1
YBR230C,0,0,0,0,0,0,0,0,0,0,0,0,0,,0,0
YLR007W,0,0,0,0,0,0,0,0,0,0,0,0,1,YDL105W;YDR288W;YEL019C;YER038C;YLR383W;YML023C;YOL034W,1,1
YDR299W,0,0,0,0,0,0,0,0,0,0,0,0,0,,0,0
YLR003C,0,0,0,0,0,0,0,0,0,0,0,0,0,,0,0
YLR197W,0,0,0,0,0,0,0,1,0,0,0,0,1,YBL004W;YBR247C;YCL031C;YCL059C;YCR057C;YDL014W;YDL148C;YDL153C;YDR324C;YDR339C;YDR398W;YDR449C;YEL026W;YER082C;YER127W;YGR090W;YGR128C;YGR145W;YHR148W;YHR196W;YIL019W;YJL069C;YJL109C;YJR002W;YKL099C;YKR060W;YLL011W;YLR051C;YLR129W;YLR186W;YLR222C;YLR409C;YML093W;YMR093W;YMR128W;YMR229C;YNL075W;YNL132W;YOL010W;YOR078W;YOR145C;YOR310C;YPL126W;YPL217C;YPR137W;YPR144C,1,2
YOR310C,0,0,0,0,0,0,0,1,0,0,0,0,1,YBL004W;YBR247C;YCL031C;YCL059C;YCR057C;YDL014W;YDL148C;YDL153C;YDR324C;YDR339C;YDR398W;YDR449C;YEL026W;YER082C;YER127W;YGR090W;YGR128C;YGR145W;YHR148W;YHR196W;YIL019W;YJL069C;YJL109C;YJR002W;YKL099C;YKR060W;YLL011W;YLR051C;YLR129W;YLR186W;YLR197W;YLR222C;YLR409C;YML093W;YMR093W;YMR128W;YMR229C;YNL075W;YNL132W;YOL010W;YOR078W;YOR145C;YPL126W;YPL217C;YPR137W;YPR144C,1,2
YHR069C,0,0,0,0,0,0,0,0,0,0,0,1,1,YCR035C;YDL111C;YDR280W;YGR095C;YGR158C;YGR195W;YNL232W;YOL021C;YOL142W;YOR001W,0,2
YHR081W,0,0,0,0,0,0,0,0,0,0,0,0,0,,0,0
YNL232W,0,0,0,0,0,0,0,0,0,0,0,1,1,YCR035C;YDL111C;YDR280W;YGR095C;YGR158C;YGR195W;YHR069C;YOL021C;YOL142W;YOR001W,0,2
YKR096W,0,0,0,0,0,0,0,0,0,0,0,0,0,,0,0
YIL151C,0,0,0,0,0,0,0,0,0,0,0,0,0,,0,0
YML091C,0,0,0,0,0,0,0,0,0,0,0,0,1,,1,1
YBR249C,0,0,0,0,0,0,0,0,0,0,0,0,0,,0,0
YDR108W,0,0,0,0,0,0,0,0,0,1,0,0,1,YBR254C;YDR246W;YDR472W;YKR068C;YML077W;YOR115C,0,1
YDR246W,0,0,0,0,0,0,0,0,1,1,0,0,1,YBR254C;YDR108W;YDR407C;YDR472W;YEL048C;YGR166W;YKR068C;YML077W;YMR218C;YOR115C,0,3
YBR254C,0,0,0,0,0,0,0,0,1,1,0,0,1,YDR108W;YDR246W;YDR407C;YDR472W;YEL048C;YGR166W;YKR068C;YML077W;YMR218C;YOR115C,0,3
YBR255W,0,0,0,0,0,0,0,0,0,0,0,0,0,,0,0
YOR324C,0,0,0,0,0,0,0,0,0,0,0,0,0,,0,0
YBR259W,0,0,0,0,0,0,0,0,0,0,0,0,0,,0,0
YJL098W,0,0,0,0,0,0,0,0,0,0,0,0,1,YDL047W,1,1
YDL047W,0,0,0,0,0,0,0,0,0,0,0,0,1,YFR040W;YIL153W;YJL098W;YKR028W;YMR028W,4,4
YBR261C,0,0,0,0,0,0,0,0,0,0,0,0,0,,0,0
YIR026C,0,0,0,0,0,0,0,0,0,0,0,0,0,,0,0
YOR252W,0,0,0,0,0,0,0,0,0,0,0,0,0,,0,0
YOR201C,0,0,0,0,0,0,0,0,0,0,0,0,0,,0,0
YBR269C,0,0,0,0,0,0,0,0,0,0,0,0,0,,0,0
YPL190C,0,0,0,0,0,0,0,0,0,0,0,0,1,YLR430W;YNL251C,1,1
YNL155W,0,0,0,0,0,0,0,0,0,0,0,0,0,,0,0
YBR272C,0,0,0,0,0,0,0,0,0,0,0,0,0,,0,0
YGL004C,0,0,0,0,0,0,0,0,0,0,0,0,0,,0,0
YGR232W,0,0,0,0,0,0,0,0,0,0,0,0,0,,0,0
YIL007C,0,0,0,0,0,0,0,0,0,0,0,0,0,,0,0
YMR219W,0,0,0,0,0,0,0,0,0,0,0,0,0,,0,0
YKR090W,0,0,0,0,0,0,0,0,0,0,0,0,0,,0,0
YMR100W,0,0,0,0,0,0,0,0,0,0,0,0,1,YGL058W;YLR024C,1,1
YBR278W,0,0,0,0,0,1,0,0,0,0,0,0,1,YBL023C;YBR202W;YDR013W;YDR121W;YDR489W;YEL032W;YGL201C;YJL072C;YLR103C;YLR274W;YNL262W;YOL146W;YPR019W;YPR175W,1,2
YDR121W,0,0,0,0,0,1,0,0,0,0,0,0,1,YBL023C;YBR202W;YBR278W;YDR013W;YDR489W;YEL032W;YGL133W;YGL201C;YJL065C;YJL072C;YLR103C;YLR274W;YNL262W;YOL146W;YOR304W;YPR019W;YPR175W,2,3
YPR175W,0,0,0,0,0,1,0,0,0,0,0,0,1,YBL023C;YBR202W;YBR278W;YDR013W;YDR121W;YDR489W;YEL032W;YGL201C;YJL072C;YLR103C;YLR274W;YNL262W;YOL146W;YPR019W,1,2
YGL133W,0,0,0,0,0,0,0,0,0,0,0,0,1,YDR121W;YJL065C;YOR304W,2,2
YOR304W,0,0,0,0,0,0,0,0,0,0,0,0,1,YDR121W;YGL133W;YJL065C,2,2
YGL244W,0,0,0,0,0,0,0,0,0,0,0,0,1,YBR279W;YLR418C;YOL145C;YOR123C,1,1
YGL207W,0,0,0,1,0,0,0,0,0,0,0,0,1,YML069W,0,1
YLR418C,0,0,0,0,0,0,0,0,0,0,0,0,1,YBR279W;YGL244W;YOL145C;YOR123C,1,1
YOR123C,0,0,0,0,0,0,0,0,0,0,0,0,1,YBR279W;YGL244W;YLR418C;YOL145C,1,1
YOL145C,0,0,0,0,0,0,0,0,0,0,0,0,1,YBR279W;YGL244W;YLR418C;YOR123C,1,1
YGR116W,0,0,0,0,0,0,0,0,0,0,0,0,0,,0,0
YGR063C,0,0,0,1,0,0,0,0,0,0,0,0,1,YML010W,0,1
YBR281C,0,0,0,0,0,1,0,0,0,0,0,0,1,YNL191W,0,1
YNL191W,0,0,0,0,0,1,0,0,0,0,0,0,1,YBR281C,0,1
YBR288C,0,0,0,0,0,0,0,0,0,0,0,0,1,YGR261C;YJL024C;YPL195W,1,1
YGR261C,0,0,0,0,0,0,0,0,0,0,0,0,1,YBR288C;YJL024C;YPL195W,1,1
YPL195W,0,0,0,0,0,0,0,0,0,0,0,0,1,YBR288C;YGR261C;YJL024C,1,1
YJL024C,0,0,0,0,0,0,0,0,0,0,0,0,1,YBR288C;YGR261C;YPL195W,1,1
YBR289W,0,0,0,0,0,0,0,0,0,0,0,0,1,YDR073W;YFL049W;YGR275W;YHL025W;YJL176C;YMR033W;YNR023W;YOR290C;YPL016W;YPL129W;YPR034W,1,1
YFL049W,0,0,0,0,0,0,0,0,0,0,0,0,1,YBR289W;YDR073W;YGR275W;YHL025W;YJL176C;YMR033W;YNR023W;YOR290C;YPL016W;YPL129W;YPR034W,1,1
YCR037C,0,0,0,0,0,0,0,0,0,0,0,0,0,,0,0
YHL025W,0,0,0,0,0,0,0,0,0,0,0,0,1,YBR289W;YDR073W;YFL049W;YGR275W;YJL176C;YMR033W;YNR023W;YOR290C;YPL016W;YPL129W;YPR034W,1,1
YGR275W,0,0,0,0,0,0,0,0,0,0,0,0,1,YBL006C;YBR289W;YCR020W-B;YCR052W;YDR073W;YDR303C;YFL049W;YFR037C;YGR056W;YHL025W;YHR056C;YIL126W;YJL176C;YKR008W;YLR033W;YLR321C;YLR357W;YML127W;YMR033W;YMR091C;YNR023W;YOR290C;YPL016W;YPL129W;YPR034W,3,3
YKL216W,0,0,0,0,0,0,0,0,0,0,0,0,0,,0,0
YJL176C,0,0,0,0,0,0,0,0,0,0,0,0,1,YBR289W;YDR073W;YFL049W;YGR275W;YHL025W;YMR033W;YNR023W;YOR290C;YPL016W;YPL129W;YPR034W,1,1
YMR033W,0,0,0,0,0,0,0,0,0,0,0,0,1,YBL006C;YBR289W;YCR020W-B;YCR052W;YDR073W;YDR303C;YFL049W;YFR037C;YGR056W;YGR275W;YHL025W;YHR056C;YIL126W;YJL176C;YKR008W;YLR033W;YLR321C;YLR357W;YML127W;YMR091C;YNR023W;YOR290C;YPL016W;YPL129W;YPR034W,3,3
YOR290C,0,0,0,0,0,0,0,0,0,0,0,0,1,YBR289W;YDR073W;YFL049W;YGR275W;YHL025W;YJL176C;YMR033W;YNR023W;YPL016W;YPL129W;YPR034W,1,1
YNR023W,0,0,0,0,0,0,0,0,0,0,0,0,1,YBR289W;YDR073W;YFL049W;YGR275W;YHL025W;YJL176C;YMR033W;YOR290C;YPL016W;YPL129W;YPR034W,1,1
YPR034W,0,0,0,0,0,0,0,0,0,0,0,0,1,YBL006C;YBR289W;YCR020W-B;YCR052W;YDR073W;YDR303C;YFL049W;YFR037C;YGR056W;YGR275W;YHL025W;YHR056C;YIL126W;YJL176C;YKR008W;YLR033W;YLR321C;YLR357W;YML127W;YMR033W;YMR091C;YNR023W;YOR290C;YPL016W;YPL129W,3,3
YPL016W,0,0,0,0,0,0,0,0,0,0,0,0,1,YBR289W;YDR073W;YFL049W;YGR275W;YHL025W;YJL176C;YMR033W;YNR023W;YOR290C;YPL129W;YPR034W,1,1
YGR191W,0,0,0,0,0,0,0,0,0,0,0,0,0,,0,0
YLL061W,0,0,0,0,0,0,0,0,0,0,0,0,0,,0,0
YML111W,0,0,0,0,0,0,0,0,0,0,0,0,1,YER125W,1,1
YBR302C,0,0,0,0,0,0,0,0,0,0,0,0,0,,0,0
YBR291C,0,0,0,0,0,0,0,0,0,0,0,0,0,,0,0
YCL005W,0,0,0,0,0,0,0,0,0,0,0,0,1,YLR404W,1,1
YKL029C,0,0,0,0,0,0,0,0,0,0,0,0,0,,0,0
YHR167W,0,0,0,0,0,0,1,0,0,0,0,0,1,YDL084W;YDR138W;YDR381W;YML062C;YNL139C;YNL253W,1,2
YNL139C,0,0,0,0,0,0,1,0,0,0,0,0,1,YDL084W;YDR138W;YDR381W;YHR167W;YML062C;YNL253W,1,2
YML062C,0,0,0,0,0,0,1,0,0,0,0,0,1,YDL084W;YDR138W;YDR381W;YHR167W;YNL139C;YNL253W,1,2
YNL253W,0,0,0,0,0,0,1,0,0,0,0,0,1,YDL084W;YDR138W;YDR381W;YHR167W;YML062C;YNL139C,1,2
YCL011C,0,0,0,0,0,0,0,0,0,0,0,0,0,,0,0
YNL166C,0,0,0,0,0,0,0,0,0,0,0,0,1,YCR002C;YDL225W;YDR507C;YHR107C;YJR076C;YKR048C;YLR314C,1,1
YLR314C,0,0,0,0,0,0,0,0,0,0,0,0,1,YCR002C;YDL225W;YDR507C;YHR107C;YJR076C;YKR048C;YNL166C,2,2
YCL014W,0,0,0,0,0,0,0,0,0,0,0,0,0,,0,0
YER048W-A,0,0,0,0,0,0,0,0,0,0,0,0,1,YCL017C;YDL120W;YKL192C;YPL135W;YPL252C,0,1
YOL021C,0,0,0,0,0,0,0,0,0,0,0,1,1,YCR035C;YDL111C;YDR280W;YGR095C;YGR158C;YGR195W;YHR069C;YNL232W;YOL142W;YOR001W,0,2
YOR226C,0,0,0,0,0,0,0,0,0,0,0,0,0,,0,0
YCL017C,0,0,0,0,0,0,0,0,0,0,0,0,1,YDL120W;YER048W-A;YKL192C;YPL135W;YPL252C,0,1
YKL220C,0,0,0,0,0,0,0,0,0,0,0,0,0,,0,0
YCL024W,0,0,0,0,0,0,0,0,0,0,0,0,0,,0,0
YKR048C,0,0,0,0,0,0,0,0,0,0,0,0,1,YCR002C;YDL225W;YDR507C;YHR107C;YJR076C;YLR314C;YNL166C,1,1
YCL026C-A,0,0,0,0,0,0,0,0,0,0,0,0,0,,0,0
YDL212W,0,0,0,0,0,0,0,0,0,0,0,0,0,,0,0
YGL019W,0,0,0,0,0,1,0,0,0,0,0,0,1,YCL031C;YGR090W;YIL035C;YLR223C;YOR039W;YOR061W,6,9
YCL026C-B,0,0,0,0,0,0,0,0,0,0,0,0,0,,0,0
YBR055C,0,0,0,0,0,0,0,0,0,0,0,0,1,YBL026W;YBR152W;YDL098C;YDR243C;YDR378C;YDR473C;YEL026W;YER029C;YER112W;YER146W;YER172C;YFL017W-A;YFR005C;YGR074W;YGR075C;YGR091W;YHR156C;YHR165C;YJR022W;YKL173W;YLR147C;YLR275W;YLR438C-A;YNL147W;YOR159C;YOR308C;YPR082C;YPR178W;YPR182W,2,2
YCL032W,0,0,0,0,0,0,0,0,0,0,0,0,0,,0,0
YLR362W,0,0,0,0,0,0,0,0,0,0,0,0,0,,0,0
YER090W,0,0,0,1,0,0,0,0,0,0,0,0,1,YKL211C,0,1
YLR328W,0,0,0,0,0,0,0,0,0,0,0,0,0,,0,0
YGL115W,0,0,0,0,1,0,0,0,0,0,0,0,1,YDR422C;YDR477W;YER027C;YGL208W,0,3
YDR436W,0,0,0,0,0,0,0,0,0,0,0,0,0,,0,0
YPL179W,0,0,0,0,0,0,0,0,0,0,0,0,0,,0,0
YER158C,0,0,0,0,0,0,0,0,0,0,0,0,0,,0,0
YMR031C,0,0,0,0,0,0,0,0,0,0,0,0,0,,0,0
YPR149W,0,0,0,0,0,0,0,0,0,0,0,0,0,,0,0
YNL325C,0,0,0,0,0,0,0,0,0,0,0,0,1,YFR019W;YFR021W;YLR386W;YNL054W,1,1
YNR004W,0,0,0,0,0,0,0,0,0,0,0,0,0,,0,0
YPR174C,0,0,0,0,0,0,0,0,0,0,0,0,0,,0,0
YDL014W,0,0,0,0,0,0,0,1,0,0,0,0,1,YBL004W;YBR247C;YCL031C;YCL059C;YCR057C;YDL148C;YDL153C;YDR324C;YDR339C;YDR398W;YDR449C;YEL026W;YER082C;YER127W;YGR090W;YGR128C;YGR145W;YHR148W;YHR196W;YIL019W;YJL069C;YJL109C;YJR002W;YKL099C;YKR060W;YLL011W;YLR051C;YLR129W;YLR186W;YLR197W;YLR222C;YLR409C;YML093W;YMR093W;YMR128W;YMR229C;YNL075W;YNL132W;YOL010W;YOR078W;YOR145C;YOR310C;YPL126W;YPL217C;YPR137W;YPR144C,1,2
YDL042C,0,0,0,0,1,0,0,0,0,0,0,0,1,YDR227W;YFR028C;YJL076W;YLR442C,1,2
YKR010C,0,0,0,0,0,0,0,0,0,0,0,0,0,,0,0
YNL308C,0,0,0,0,0,0,0,0,0,0,0,0,0,,0,0
YJL076W,0,0,0,0,0,0,0,0,0,0,0,0,1,YDL042C;YFR028C,1,1
YCL040W,0,0,0,0,0,0,0,0,0,0,0,0,0,,0,0
YDR516C,0,0,0,0,0,0,0,0,0,0,0,0,0,,0,0
YOR347C,0,0,0,0,0,0,0,0,0,0,0,0,0,,0,0
YCL039W,0,0,0,0,0,0,0,0,1,0,0,0,1,YBR105C;YDR255C;YGL227W;YGR066C;YIL017C;YIL097W;YLR149C;YMR135C,0,3
YPR024W,0,0,0,0,0,0,0,0,0,0,0,0,1,YCL044C;YMR115W,1,1
YOL059W,0,0,0,0,0,0,0,0,0,0,0,0,0,,0,0
YDR056C,0,0,0,0,0,0,0,0,0,0,0,0,0,,0,0
YGL231C,0,0,0,0,0,0,0,0,0,0,0,0,1,YCL045C;YIL027C;YJR088C;YKL207W;YLL014W,1,1
YJL192C,0,0,0,0,0,0,0,0,0,0,0,0,0,,0,0
YIL027C,0,0,0,0,0,0,0,0,0,0,0,0,1,YCL045C;YGL231C;YJR088C;YKL207W;YLL014W,1,1
YKL207W,0,0,0,0,0,0,0,0,0,0,0,0,1,YCL045C;YGL231C;YIL027C;YJR088C;YLL014W,1,1
YJR088C,0,0,0,0,0,0,0,0,0,0,0,0,1,YCL045C;YGL231C;YIL027C;YKL207W;YLL014W,1,1
YML101C,0,0,0,0,0,0,0,0,0,0,0,0,0,,0,0
YMR115W,0,0,0,0,0,0,0,0,0,0,0,0,1,YCL044C;YPR024W,1,1
YCL052C,0,0,0,0,0,0,0,0,0,0,0,0,1,YJR013W,1,1
YDL045C,0,0,0,0,0,0,0,0,0,0,0,0,0,,0,0
YMR315W,0,0,0,0,0,0,0,0,0,0,0,0,0,,0,0
YCL055W,0,0,0,0,0,0,0,0,0,0,0,0,1,YBR057C;YGL036W;YGL192W;YNL196C,1,1
YEL026W,0,0,0,0,0,0,0,1,0,0,0,0,1,YBL004W;YBL026W;YBR055C;YBR152W;YBR247C;YCL031C;YCL059C;YCR057C;YDL014W;YDL098C;YDL148C;YDL153C;YDR243C;YDR324C;YDR339C;YDR378C;YDR398W;YDR449C;YDR473C;YER029C;YER082C;YER112W;YER127W;YER146W;YER172C;YFL017W-A;YFR005C;YGR074W;YGR075C;YGR090W;YGR091W;YGR128C;YGR145W;YHR148W;YHR165C;YHR196W;YIL019W;YJL069C;YJL109C;YJR002W;YJR022W;YKL099C;YKL173W;YKR060W;YLL011W;YLR051C;YLR129W;YLR147C;YLR186W;YLR197W;YLR222C;YLR275W;YLR409C;YLR438C-A;YML093W;YMR093W;YMR128W;YMR229C;YNL075W;YNL132W;YNL147W;YOL010W;YOR078W;YOR145C;YOR159C;YOR308C;YOR310C;YPL126W;YPL217C;YPR082C;YPR137W;YPR144C;YPR178W;YPR182W,4,5
YDL202W,0,0,0,0,0,0,0,0,0,0,0,0,1,YBL038W;YBR122C;YBR268W;YBR282W;YCR003W;YCR046C;YCR071C;YDR115W;YDR116C;YDR237W;YDR296W;YDR322W;YDR405W;YDR462W;YEL050C;YGL068W;YGR076C;YGR220C;YHR147C;YJL063C;YJL096W;YKL138C;YKL167C;YKL170W;YKR006C;YKR085C;YLR312W-A;YLR439W;YML009C;YML025C;YMR024W;YMR193W;YMR225C;YMR286W;YNL005C;YNL122C;YNL177C;YNL185C;YNL252C;YNL284C;YNR022C;YOR150W;YPL173W;YPL183W-A;YPR100W,0,1
YHR037W,0,0,0,0,0,0,0,0,0,0,0,0,0,,0,0
YLR417W,0,0,0,0,0,1,0,0,0,0,0,0,1,YJR102C;YPL002C,0,1
YDL225W,0,0,0,0,0,0,0,0,0,0,0,0,1,YCR002C;YDR507C;YHR107C;YJR076C;YKR048C;YLR314C;YNL166C,2,2
YDR507C,0,0,0,0,0,0,0,0,0,0,0,0,1,YCR002C;YDL225W;YHR107C;YJR076C;YKR048C;YLR314C;YNL166C,1,1
YJR076C,0,0,0,0,0,0,0,0,0,0,0,0,1,YCR002C;YDL225W;YDR507C;YHR107C;YKR048C;YLR314C;YNL166C,2,2
YCR002C,0,0,0,0,0,0,0,0,0,0,0,0,1,YDL225W;YDR507C;YHR107C;YJR076C;YKR048C;YLR314C;YNL166C,2,2
YKL101W,0,0,0,0,0,0,0,0,0,0,0,0,0,,0,0
YCR009C,0,0,0,1,0,0,0,0,0,0,0,0,1,YDR388W,0,1
YCR005C,0,0,0,0,0,0,0,0,0,0,0,0,0,,0,0
YJR066W,0,0,0,0,0,0,0,0,0,0,0,0,1,YHR186C;YNL006W;YPL180W,1,1
YLR332W,0,0,0,0,0,0,0,0,0,0,0,0,0,,0,0
YGR060W,0,0,0,0,0,0,0,0,0,0,0,0,0,,0,0
YNL111C,0,0,0,0,0,0,0,0,0,0,0,0,0,,0,0
YJR051W,0,0,0,0,0,0,0,0,0,0,0,0,0,,0,0
YAR014C,0,0,0,0,0,0,1,0,0,0,0,0,1,YER133W;YGR238C;YHR158C,1,2
YIR022W,0,0,0,0,0,0,0,0,0,0,0,0,1,YJR010C-A;YLR066W;YML055W,1,1
YGR250C,0,0,0,0,0,0,0,0,0,0,0,0,0,,0,0
YML055W,0,0,0,0,0,0,0,0,0,0,0,0,1,YIR022W;YJR010C-A;YLR066W,1,1
YOR165W,0,0,0,0,0,0,0,0,0,0,0,0,0,,0,0
YNL008C,0,0,0,0,0,0,0,0,0,0,0,0,1,YMR119W;YNL159C,1,1
YGR155W,0,0,0,0,0,0,0,0,0,0,0,0,0,,0,0
YDR023W,0,0,0,0,0,0,0,0,0,0,0,0,0,,0,0
YGR239C,0,0,0,0,0,0,0,0,0,0,0,0,1,YDR142C,1,1
YGL017W,0,0,0,0,0,0,0,0,0,0,0,0,0,,0,0
YER057C,0,0,0,0,0,0,0,0,0,0,0,0,0,,0,0
YHR183W,0,0,0,0,0,0,0,0,0,0,0,0,0,,0,0
YFR044C,0,0,0,0,0,0,0,0,0,0,0,0,0,,0,0
YGR256W,0,0,0,0,0,0,0,0,0,0,0,0,0,,0,0
YHR072W-A,0,0,0,0,0,0,0,0,0,0,0,0,1,YDL208W;YHR089C;YLR175W,1,1
YKL014C,0,0,0,0,0,0,0,0,0,0,0,0,1,YJR041C;YLR221C;YNR038W;YOL144W,1,1
YHR089C,0,0,0,0,0,0,0,0,0,0,0,0,1,YDL208W;YHR072W-A;YLR175W,1,1
YOL144W,0,0,0,0,0,0,0,0,0,0,0,0,1,YJR041C;YKL014C;YLR221C;YNR038W,1,1
YMR310C,0,0,0,0,0,0,0,0,0,0,0,0,0,,0,0
YBL054W,0,0,0,0,0,0,0,0,0,0,0,0,0,,0,0
YNL124W,0,0,0,0,0,0,0,0,0,0,0,0,0,,0,0
YOR004W,0,0,0,0,0,0,0,0,0,0,0,0,0,,0,0
YGL120C,0,0,0,0,0,0,0,0,0,0,0,0,1,YKR022C;YLR424W,1,1
YLR221C,0,0,0,0,0,0,0,0,0,0,0,0,1,YJR041C;YKL014C;YNR038W;YOL144W,1,1
YCR024C-A,0,0,0,0,0,0,0,0,0,0,0,0,0,,0,0
YDR141C,0,0,0,0,0,0,0,0,0,0,0,0,1,YBR164C;YIL048W;YNL297C,1,1
YCR020W-B,0,0,0,0,0,0,0,0,0,0,0,0,1,YBL006C;YCR052W;YDR303C;YFR037C;YGR056W;YGR275W;YHR056C;YIL126W;YKR008W;YLR033W;YLR321C;YLR357W;YML127W;YMR033W;YMR091C;YPR034W,2,2
YBL006C,0,0,0,0,0,0,0,0,0,0,0,0,1,YCR020W-B;YCR052W;YDR303C;YFR037C;YGR056W;YGR275W;YHR056C;YIL126W;YKR008W;YLR033W;YLR321C;YLR357W;YML127W;YMR033W;YMR091C;YPR034W,2,2
YBR245C,0,0,0,1,1,0,0,0,0,0,0,0,1,YFR013W;YLR095C;YMR044W,0,2
YBR009C,0,0,0,0,0,0,0,0,0,1,0,0,1,YBL002W;YBL003C;YBL025W;YBR010W;YDR224C;YDR225W;YLR141W;YMR270C;YOL012C;YOR295W,1,7
YCR052W,0,0,0,0,0,0,0,0,0,0,0,0,1,YBL006C;YCR020W-B;YDR303C;YFR037C;YGR056W;YGR275W;YHR056C;YIL126W;YKR008W;YLR033W;YLR321C;YLR357W;YML127W;YMR033W;YMR091C;YPR034W,2,2
YDR303C,0,0,0,0,0,0,0,0,0,0,0,0,1,YBL006C;YCR020W-B;YCR052W;YFR037C;YGR056W;YGR275W;YHR056C;YIL126W;YKR008W;YLR033W;YLR321C;YLR357W;YML127W;YMR033W;YMR091C;YPR034W,2,2
YDR225W;YBL003C,0,0,0,0,0,0,0,0,0,0,0,0,0,,0,0
YFR037C,0,0,0,0,0,0,0,0,0,0,0,0,1,YBL006C;YCR020W-B;YCR052W;YDR303C;YGR056W;YGR275W;YHR056C;YIL126W;YKR008W;YLR033W;YLR321C;YLR357W;YML127W;YMR033W;YMR091C;YPR034W,2,2
YGR056W,0,0,0,0,0,0,0,0,0,0,0,0,1,YBL006C;YCR020W-B;YCR052W;YDR303C;YFR037C;YGR275W;YHR056C;YIL126W;YKR008W;YLR033W;YLR321C;YML127W;YMR033W;YMR091C;YPR034W,1,1
YIL070C,0,0,0,0,0,0,0,0,0,0,0,0,0,,0,0
YHR056C,0,0,0,0,0,0,0,0,0,0,0,0,1,YBL006C;YCR020W-B;YCR052W;YDR303C;YFR037C;YGR056W;YGR275W;YIL126W;YKR008W;YLR033W;YLR321C;YLR357W;YML127W;YMR033W;YMR091C;YPR034W,2,2
YIL126W,0,0,0,0,0,0,0,0,0,0,0,0,1,YBL006C;YCR020W-B;YCR052W;YDR303C;YFR037C;YGR056W;YGR275W;YHR056C;YKR008W;YLR033W;YLR321C;YLR357W;YML127W;YMR033W;YMR091C;YPR034W,2,2
YLR095C,0,0,0,0,1,0,0,0,0,0,0,0,1,YBR245C;YMR044W,0,1
YLR033W,0,0,0,0,0,0,0,0,0,0,0,0,1,YBL006C;YCR020W-B;YCR052W;YDR303C;YFR037C;YGR056W;YGR275W;YHR056C;YIL126W;YKR008W;YLR321C;YLR357W;YML127W;YMR033W;YMR091C;YPR034W,2,2
YLR357W,0,0,0,0,0,0,0,0,0,0,0,0,1,YBL006C;YCR020W-B;YCR052W;YDR303C;YFR037C;YGR275W;YHR056C;YIL126W;YKR008W;YLR033W;YLR321C;YML127W;YMR033W;YMR091C;YPR034W,1,1
YLR321C,0,0,0,0,0,0,0,0,0,0,0,0,1,YBL006C;YCR020W-B;YCR052W;YDR303C;YFR037C;YGR056W;YGR275W;YHR056C;YIL126W;YKR008W;YLR033W;YLR357W;YML127W;YMR033W;YMR091C;YPR034W,2,2
YLR455W,0,0,0,0,0,0,0,0,0,0,0,0,0,,0,0
YML127W,0,0,0,0,0,0,0,0,0,0,0,0,1,YBL006C;YCR020W-B;YCR052W;YDR303C;YFR037C;YGR056W;YGR275W;YHR056C;YIL126W;YKR008W;YLR033W;YLR321C;YLR357W;YMR033W;YMR091C;YPR034W,2,2
YMR091C,0,0,0,0,0,0,0,0,0,0,0,0,1,YBL006C;YCR020W-B;YCR052W;YDR303C;YFR037C;YGR056W;YGR275W;YHR056C;YIL126W;YKR008W;YLR033W;YLR321C;YLR357W;YML127W;YMR033W;YPR034W,2,2
YPL116W,0,0,0,0,0,0,0,0,0,0,0,0,0,,0,0
YNL088W,0,0,0,0,0,0,0,0,0,0,0,0,0,,0,0
YIL155C,0,0,0,0,0,0,0,0,0,0,0,0,0,,0,0
YNL297C,0,0,0,0,0,0,0,0,0,0,0,0,1,YBR164C;YDR141C;YIL048W,1,1
YKR063C,0,0,0,0,0,0,0,0,0,0,0,0,1,YGL246C;YLL035W;YOR048C,1,1
YLL035W,0,0,0,0,0,0,0,0,0,0,0,0,1,YGL246C;YKR063C;YOR048C,1,1
YCR027C,0,0,0,0,0,0,0,0,0,0,0,0,0,,0,0
YCR092C,0,0,0,1,0,0,0,0,0,0,0,0,1,YOL090W,0,1
YOL090W,0,0,0,1,0,0,0,0,0,0,0,0,1,YCR092C;YDR097C,0,2
YOR330C,0,0,0,0,0,0,0,0,0,0,0,0,0,,0,0
YCR034W,0,0,0,0,0,0,0,0,0,0,0,0,0,,0,0
YGL020C,0,0,0,0,0,0,0,1,0,0,0,0,1,YDL100C;YER083C,0,1
YPR072W,0,0,0,0,0,0,0,0,0,0,0,0,1,YAL021C;YCR093W;YDL165W;YER068W;YGR134W;YIL038C;YNL288W;YNR052C,1,1
YCR028C,0,0,0,0,0,0,0,0,0,0,0,0,0,,0,0
YCR036W,0,0,0,0,0,0,0,0,0,0,0,0,0,,0,0
YGL030W,0,0,0,0,0,0,0,0,0,0,0,0,1,YBL092W;YFR032C-A;YGL103W;YJL189W;YLR075W;YLR325C;YLR340W;YOR063W;YPL131W,0,1
YLR185W,0,0,0,0,0,0,0,0,0,0,0,0,0,,0,0
YMR142C,0,0,0,0,0,0,0,0,0,0,0,0,0,,0,0
YLR249W,0,0,0,0,0,0,0,0,0,0,0,0,0,,0,0
YCR043C,0,0,0,0,0,0,0,0,0,0,0,0,0,,0,0
YDL010W,1,0,0,0,0,0,0,0,0,0,0,0,1,,0,1
YBR220C,0,0,0,0,0,0,0,0,0,0,0,0,0,,0,0
YER113C,0,0,0,0,0,0,0,0,0,0,0,0,0,,0,0
YPL105C,0,0,0,0,0,0,0,0,0,0,0,0,0,,0,0
YPR042C,0,0,0,0,0,0,0,0,0,0,0,0,0,,0,0
YCR054C,0,0,0,0,0,0,0,0,0,0,0,0,0,,0,0
YCR059C,0,0,0,0,0,0,0,0,0,0,0,0,0,,0,0
YBR088C,0,1,0,0,0,0,0,0,0,0,0,0,1,,0,1
YCR061W,0,0,0,0,0,0,0,0,0,0,0,0,0,,0,0
YCR060W,0,0,0,0,0,0,0,0,0,0,0,0,1,YDR190C;YHR034C;YPL235W,1,1
YCR067C,0,0,0,0,0,0,0,0,0,0,0,0,0,,0,0
YCR073W-A,0,0,0,0,0,0,0,0,0,0,0,0,0,,0,0
YNL209W,0,0,0,0,0,0,0,0,0,0,0,0,0,,0,0
YCR082W,0,0,0,0,0,0,0,0,0,0,0,0,1,YCL010C;YDR176W;YDR448W;YGR252W;YOR023C,1,1
YNR034W,0,0,0,0,0,0,0,0,0,0,0,0,0,,0,0
YCR083W,0,0,0,0,0,0,0,0,0,0,0,0,0,,0,0
YGR088W,0,0,0,0,0,0,0,0,0,0,0,0,0,,0,0
YNL020C,0,0,0,0,0,0,0,0,0,0,0,0,0,,0,0
YNL106C,0,0,0,0,0,0,0,0,0,0,0,0,0,,0,0
YIL038C,0,0,0,0,0,0,0,0,0,0,0,0,1,YAL021C;YCR093W;YDL165W;YER068W;YGR134W;YNL288W;YNR052C;YPR072W,1,1
YAL021C,0,0,0,0,0,0,0,0,0,0,0,0,1,YCR093W;YDL165W;YER068W;YGR134W;YIL038C;YNL288W;YNR052C;YPR072W,1,1
YNR052C,0,0,0,0,0,0,0,0,0,0,0,0,1,YAL021C;YCR093W;YDL165W;YER068W;YGR134W;YIL038C;YNL288W;YPR072W,1,1
YPR171W,0,0,0,0,0,0,0,0,0,0,0,0,0,,0,0
YDR067C,0,0,0,0,0,0,0,0,0,0,0,0,0,,0,0
YNL032W,0,0,0,0,0,0,0,0,0,0,0,0,0,,0,0
YHL029C,0,0,0,0,0,0,0,0,0,0,0,0,0,,0,0
YNL056W,0,0,0,0,0,0,0,0,0,0,0,0,0,,0,0
YCR095C,0,0,0,0,0,0,0,0,0,0,0,0,0,,0,0
YFL008W,0,0,0,0,0,0,0,0,0,0,0,0,1,YDL003W;YIL026C;YJL074C;YPR007C,2,2
YIL026C,0,0,0,0,0,0,0,0,0,0,0,0,1,YDL003W;YFL008W;YJL074C;YPR007C,2,2
YJL074C,0,0,0,0,0,0,0,0,0,0,0,0,1,YDL003W;YFL008W;YIL026C;YPR007C,2,2
YDL003W,0,0,0,0,0,0,0,0,0,0,0,0,1,YFL008W;YIL026C;YJL074C,1,1
YMR001C,0,0,0,0,0,0,0,0,0,0,0,0,0,,0,0
YFL036W,0,0,0,1,0,0,0,0,0,0,0,0,1,YMR228W,0,1
YOR208W,0,0,0,0,0,0,0,0,0,0,0,0,0,,0,0
YLR094C,0,0,0,0,0,0,0,0,0,0,0,0,0,,0,0
YOR132W,0,0,0,0,0,0,0,0,0,0,0,0,1,YHR012W;YJL053W;YJL154C;YOR069W,1,1
YOR069W,0,0,0,0,0,0,0,0,0,0,0,0,1,YHR012W;YJL053W;YJL154C;YOR132W,1,1
YDL017W,0,0,0,0,0,0,0,0,0,0,0,0,1,YDR052C,1,1
YDR052C,0,0,0,0,0,0,0,0,0,0,0,0,1,YDL017W,1,1
YHR154W,0,0,0,0,0,0,0,0,0,0,0,0,1,YBR228W;YJL047C;YLR135W;YLR320W;YOL133W;YPR164W,2,2
YLR135W,0,0,0,0,1,0,0,0,0,0,0,0,1,YBR228W;YHR154W;YML095C;YPL022W,2,3
YOL034W,0,0,0,0,0,0,0,0,0,0,0,0,1,YDL105W;YDR288W;YEL019C;YER038C;YLR007W;YLR383W;YML023C,1,1
YDL018C,0,0,0,0,0,0,0,0,0,0,0,0,0,,0,0
YHR110W,0,0,0,0,0,0,0,0,0,0,0,0,0,,0,0
YGL037C,0,0,0,0,0,0,0,0,0,0,0,0,0,,0,0
YGR072W,0,0,0,0,0,0,0,0,0,0,0,0,1,YHR077C;YMR080C,1,1
YNL035C,0,0,0,0,0,0,0,0,0,0,0,0,0,,0,0
YNR017W,0,0,0,0,0,0,0,0,0,0,0,0,1,YGR033C;YIL022W;YJL104W;YJL143W;YJR045C;YKR065C;YLR008C;YOR232W;YPL063W;YPL098C,2,2
YDL021W,0,0,0,0,0,0,0,0,0,0,0,0,0,,0,0
YNR029C,0,0,0,0,0,0,0,0,0,0,0,0,0,,0,0
YFR029W,0,0,0,0,0,0,0,0,0,0,0,0,0,,0,0
YER067W,0,0,0,0,0,0,0,0,0,0,0,0,0,,0,0
YLR373C,0,0,0,0,0,0,0,0,0,0,0,0,0,,0,0
YMR104C,0,0,0,0,0,0,0,0,0,0,0,0,0,,0,0
YNL183C,0,0,0,0,0,0,0,0,0,0,0,0,0,,0,0
YNL161W,0,0,0,0,0,0,0,0,0,0,0,0,1,YFL034C-B,1,1
YOR276W,0,0,0,0,0,0,0,0,0,0,0,0,0,,0,0
YOL139C,0,0,0,0,1,0,0,0,0,0,0,0,1,YGL049C;YGR162W;YKR059W,0,2
YPL180W,0,0,0,0,0,0,0,0,0,0,0,0,1,YHR186C;YJR066W;YKL203C;YNL006W,2,2
YPL260W,0,0,0,0,0,0,0,0,0,0,0,0,0,,0,0
YOR093C,0,0,0,0,0,0,0,0,0,0,0,0,0,,0,0
YJL165C,0,0,0,0,0,0,0,0,0,0,0,0,0,,0,0
YPL055C,0,0,0,0,0,0,0,0,0,0,0,0,0,,0,0
YJR041C,0,0,0,0,0,0,0,0,0,0,0,0,1,YKL014C;YLR221C;YNR038W;YOL144W,1,1
YDL028C,0,0,0,0,0,0,0,0,0,0,0,0,0,,0,0
YPL158C,0,0,0,0,0,0,0,0,0,0,0,0,0,,0,0
YDL027C,0,0,0,0,0,0,0,0,0,0,0,0,0,,0,0
YDL033C,0,0,0,0,0,0,0,0,0,0,0,0,0,,0,0
YDR227W,0,0,0,0,1,0,0,0,0,0,0,0,1,YDL042C;YLR442C,0,1
YFR028C,0,0,0,0,0,0,0,0,0,0,0,0,1,YDL042C;YJL076W,1,1
YJL148W,0,0,0,0,0,0,0,0,0,0,0,0,1,YBR154C;YDR156W;YHR143W-A;YJR063W;YNL113W;YNL248C;YOR210W;YOR224C;YOR340C;YOR341W;YPR010C;YPR110C;YPR187W,0,1
YJR063W,0,0,0,0,0,0,0,0,0,0,0,0,1,YBR154C;YDR156W;YHR143W-A;YJL148W;YNL113W;YNL248C;YOR210W;YOR224C;YOR340C;YOR341W;YPR010C;YPR110C;YPR187W,0,1
YMR270C,0,0,0,0,0,0,0,0,0,0,0,0,1,YBL025W;YBR009C;YBR010W;YLR141W;YOR295W,1,1
YNL248C,0,0,0,0,0,0,0,0,0,0,0,0,1,YBR154C;YDR156W;YHR143W-A;YJL148W;YJR063W;YNL113W;YOR210W;YOR224C;YOR340C;YOR341W;YPR010C;YPR110C;YPR187W,0,1
YOR341W,0,0,0,0,0,0,0,0,0,0,0,0,1,YBR154C;YDR156W;YHR143W-A;YJL148W;YJR063W;YNL113W;YNL248C;YOR210W;YOR224C;YOR340C;YPR010C;YPR110C;YPR187W,0,1
YOR340C,0,0,0,0,0,0,0,0,0,0,0,0,1,YBR154C;YDR156W;YHR143W-A;YJL148W;YJR063W;YNL113W;YNL248C;YOR210W;YOR224C;YOR341W;YPR010C;YPR110C;YPR187W,0,1
YPR010C,0,0,0,0,0,0,0,0,0,0,0,0,1,YBR154C;YDR156W;YHR143W-A;YJL148W;YJR063W;YNL113W;YNL248C;YOR210W;YOR224C;YOR340C;YOR341W;YPR110C;YPR187W,0,1
YDL044C,0,0,0,0,0,0,0,0,0,0,0,0,0,,0,0
YLR139C,0,0,0,0,0,0,0,0,0,0,0,0,0,,0,0
YDR110W,0,0,0,0,0,0,0,0,0,0,0,0,0,,0,0
YDL046W,0,0,0,0,0,0,0,0,0,0,0,0,0,,0,0
YFR040W,0,0,0,0,0,0,0,0,0,0,0,0,1,YDL047W,1,1
YKL195W,0,0,0,0,0,0,0,0,0,0,0,0,0,,0,0
YMR028W,0,0,0,0,0,0,0,0,0,0,0,0,1,YDL047W;YDL134C;YDL188C;YIL153W;YPL152W,3,3
YBR234C,0,0,0,0,0,0,0,0,1,0,0,0,1,YDL029W;YIL062C;YJR065C;YKL013C;YLR370C;YNR035C,0,1
YDL048C,0,0,0,0,0,0,0,0,0,0,0,0,0,,0,0
YKL154W,0,0,0,1,0,0,0,0,0,0,0,0,1,YDR292C,0,1
YAR002W,0,0,0,0,0,0,0,0,0,0,0,0,1,YBL079W;YDL088C;YDL116W;YDL207W;YDR192C;YDR424C;YER105C;YER107C;YFR002W;YGL100W;YGL172W;YGR119C;YIL115C;YIL149C;YJL039C;YJL041W;YJL061W;YJR042W;YKL057C;YKL068W;YKR082W;YKR095W;YLR018C;YLR208W;YLR335W;YML031W;YML103C;YMR047C;YMR129W;YMR153W;YOR098C,1,1
YBR264C,0,0,0,0,0,0,0,0,0,0,0,0,0,,0,0
YBR159W,0,0,0,0,0,0,0,0,0,0,0,0,0,,0,0
YER182W,0,0,0,0,0,0,0,0,0,0,0,0,0,,0,0
YJL178C,0,0,0,0,0,0,0,0,0,0,0,0,0,,0,0
YJL082W,0,0,0,0,0,0,0,0,0,0,0,0,0,,0,0
YJR095W,0,0,0,0,0,0,0,0,0,0,0,0,0,,0,0
YKR001C,0,0,0,0,0,0,0,0,0,0,0,0,0,,0,0
YLR211C,0,0,0,0,0,0,0,0,0,0,0,0,1,YBR097W;YBR128C;YLR240W;YPL120W,1,1
YLR335W,0,0,0,0,0,0,0,0,0,0,0,0,1,YAR002W;YBL079W;YDL088C;YDL116W;YDL207W;YDR192C;YDR424C;YER105C;YER107C;YFR002W;YGL100W;YGL172W;YGR119C;YIL115C;YIL149C;YJL039C;YJL041W;YJL061W;YJR042W;YKL057C;YKL068W;YKR082W;YKR095W;YLR018C;YLR208W;YML031W;YML103C;YMR047C;YMR129W;YMR153W;YOR098C,1,1
YMR015C,0,0,0,0,0,0,0,0,0,0,0,0,0,,0,0
YMR209C,0,0,0,0,0,0,0,0,0,0,0,0,0,,0,0
YOR219C,0,0,0,0,0,0,0,0,0,0,0,0,0,,0,0
YPR114W,0,0,0,0,0,0,0,0,0,0,0,0,0,,0,0
YGL035C,0,0,0,0,0,0,0,0,0,0,0,0,0,,0,0
YML117W,0,0,0,0,0,0,0,0,0,0,0,0,0,,0,0
YDR098C,1,0,0,1,0,0,0,0,0,0,0,0,1,YGL220W,0,2
YER174C,1,0,0,1,0,0,0,0,0,0,0,0,1,YGL220W,0,2
YKR071C,0,0,0,0,0,0,0,0,0,0,0,0,1,YPR048W,1,1
YDL055C,0,0,0,0,0,0,0,0,0,0,0,0,0,,0,0
YBL016W,0,0,0,0,0,0,0,0,0,0,0,0,0,,0,0
YCR088W,0,0,0,0,0,0,0,0,0,0,0,0,0,,0,0
YGR040W,0,0,0,0,0,0,0,0,0,0,0,0,0,,0,0
YMR316W,0,0,0,0,0,0,0,0,0,0,0,0,0,,0,0
YOR122C,0,0,0,0,0,0,0,0,0,0,0,0,0,,0,0
YNL222W,0,0,0,0,0,0,0,0,0,0,0,0,1,YAL043C;YDR195W;YDR301W;YER133W;YGR156W;YJR093C;YKL018W;YKL059C;YKR002W;YLR115W;YLR277C;YNL317W;YOR179C;YPR107C,1,1
YML028W,0,0,0,0,0,0,0,0,0,0,0,0,0,,0,0
YDL058W,0,0,0,0,0,0,0,0,0,0,0,0,0,,0,0
YDR326C,0,0,0,0,0,0,0,0,0,0,0,0,0,,0,0
YDL056W,0,0,0,0,0,0,0,0,0,0,0,0,1,YLR182W,1,1
YDL059C,0,0,0,0,0,0,0,0,0,0,0,0,0,,0,0
YML032C,0,0,0,0,0,0,0,0,0,0,0,0,0,,0,0
YDL064W,0,0,0,0,0,0,0,0,0,0,0,0,0,,0,0
YDR510W,0,0,0,0,0,0,0,0,0,0,0,0,0,,0,0
YDL063C,0,0,0,0,0,0,0,0,0,0,0,0,0,,0,0
YDL065C,0,0,0,0,0,0,0,0,0,0,0,0,0,,0,0
YDR424C,0,0,0,0,0,0,0,0,0,0,0,0,1,YAR002W;YBL079W;YDL088C;YDL116W;YDL207W;YDR192C;YDR488C;YER105C;YER107C;YFR002W;YGL100W;YGL172W;YGR119C;YIL115C;YIL149C;YJL039C;YJL041W;YJL061W;YJR042W;YKL057C;YKL068W;YKR054C;YKR082W;YKR095W;YLR018C;YLR208W;YLR335W;YML031W;YML103C;YMR047C;YMR129W;YMR153W;YMR299C;YOR098C,2,2
YMR163C,0,0,0,0,0,0,0,0,0,0,0,0,0,,0,0
YIL115C,0,0,0,0,0,0,0,0,0,0,0,0,1,YAR002W;YBL079W;YDL088C;YDL116W;YDL207W;YDR192C;YDR424C;YER105C;YER107C;YFR002W;YGL100W;YGL172W;YGR119C;YIL149C;YJL039C;YJL041W;YJL061W;YJR042W;YKL057C;YKL068W;YKR082W;YKR095W;YLR018C;YLR208W;YLR335W;YML031W;YML103C;YMR047C;YMR129W;YMR153W;YOR098C,1,1
YDL074C,0,0,0,0,0,0,0,0,0,0,0,0,1,YGL058W,2,2
YDL078C,0,0,0,0,0,0,0,0,0,0,0,0,0,,0,0
YGL043W,0,0,0,0,0,0,0,0,0,0,0,0,0,,0,0
YGR208W,0,0,0,0,0,0,0,0,0,0,0,0,0,,0,0
YDL175C,0,0,0,0,0,0,0,0,0,0,0,0,1,YJL050W;YJR036C;YOL115W,1,1
YOL115W,0,0,0,0,0,0,0,0,0,0,0,0,1,YDL175C;YIL079C;YJL050W;YJR036C,2,2
YDL082W,0,0,0,0,0,0,0,0,0,0,0,0,0,,0,0
YBL045C,0,0,0,0,0,0,0,0,0,0,0,1,1,Q0105;YDR529C;YEL024W;YFR033C;YGR183C;YHR001W-A;YJL166W;YOR065W;YPR191W,0,1
YGL222C,0,0,0,0,0,0,0,0,0,0,0,0,0,,0,0
YIL009W,0,0,0,0,0,0,0,0,0,0,0,0,0,,0,0
YNL186W,0,0,0,0,0,0,0,0,0,0,0,0,0,,0,0
YGL234W,0,0,0,0,0,0,0,0,0,0,0,0,0,,0,0
YHR030C,0,0,0,0,0,0,0,0,0,0,0,0,0,,0,0
YPR088C,0,0,0,0,0,0,0,1,0,0,0,0,1,YDL092W;YKL122C;YML105C;YPL210C;YPL243W,0,1
YGR234W,0,0,0,0,0,0,0,0,0,0,0,0,0,,0,0
YLR056W,0,0,0,0,0,0,0,0,0,0,0,0,0,,0,0
YML120C,0,0,0,0,0,0,0,0,0,0,0,0,0,,0,0
YNR060W,0,0,0,0,0,0,0,0,0,0,0,0,0,,0,0
YFL023W,0,0,0,0,0,0,0,0,0,0,0,0,0,,0,0
YER139C,0,0,0,0,0,0,0,0,0,0,0,0,0,,0,0
YLR243W,0,0,0,0,0,0,0,0,0,0,0,0,0,,0,0
YOR262W,0,0,0,0,0,0,0,0,0,0,0,0,0,,0,0
YKL181W,0,0,0,0,0,0,0,0,0,0,0,0,0,,0,0
YPL155C,0,0,0,0,0,0,0,0,0,0,0,0,0,,0,0
YOR188W,0,0,0,0,0,0,0,0,0,0,0,0,0,,0,0
YLR248W,0,0,0,0,0,0,0,0,0,0,0,0,0,,0,0
YOR173W,0,0,0,1,0,0,0,0,0,0,0,0,1,YLR270W,0,1
YMR205C,0,0,0,0,0,0,0,0,0,1,0,0,1,YGR240C,0,1
YDL085C-A,0,0,0,0,0,0,0,0,0,0,0,0,0,,0,0
YGR082W,0,0,0,0,0,0,0,0,0,0,0,0,1,YMR203W;YNL070W;YNL121C;YNL131W;YOR045W;YPR133W-A,1,1
YDL089W,0,0,0,0,0,0,0,0,0,0,0,0,0,,0,0
YML034W,0,0,0,0,0,0,0,0,0,0,0,0,0,,0,0
YDL090C,0,0,0,1,0,0,0,0,0,0,0,0,1,YKL019W,0,1
YPR109W,0,0,0,0,0,0,0,0,0,0,0,0,0,,0,0
YKL034W,0,0,0,0,0,0,0,0,0,0,0,0,1,YDL091C;YOL073C;YOR223W,1,1
YML105C,0,0,0,0,0,0,0,1,0,0,0,0,1,YDL092W;YKL122C;YPL210C;YPL243W;YPR088C,0,1
YPL243W,0,0,0,0,0,0,0,1,0,0,0,0,1,YDL092W;YKL122C;YML105C;YPL210C;YPR088C,0,1
YMR029C,0,0,0,0,0,0,0,0,0,0,0,0,1,YDR200C;YFR008W;YLR238W;YMR052W;YNL127W,1,1
YNL212W,0,0,0,0,0,0,0,0,0,0,0,0,0,,0,0
YDL097C,0,0,0,0,0,0,0,0,0,0,0,0,1,YBL041W;YDL007W;YDL147W;YDR363W-A;YDR394W;YDR427W;YER012W;YER021W;YER094C;YFR004W;YFR050C;YFR052W;YGL011C;YGL048C;YGR135W;YGR253C;YHR027C;YHR200W;YIL075C;YJL001W;YKL145W;YLR421C;YML092C;YMR314W;YOL038W;YOR117W;YOR157C;YOR259C;YOR261C;YOR362C;YPR103W;YPR108W,0,1
YDR363W-A,0,0,0,0,0,0,0,0,0,0,0,0,1,YBL041W;YBR111W-A;YDL007W;YDL097C;YDL147W;YDR159W;YDR394W;YDR427W;YER012W;YER021W;YER094C;YFR004W;YFR050C;YFR052W;YGL011C;YGL048C;YGR135W;YGR253C;YHR027C;YHR200W;YIL075C;YJL001W;YKL145W;YLR421C;YML092C;YMR314W;YOL038W;YOL072W;YOR117W;YOR157C;YOR257W;YOR259C;YOR261C;YOR362C;YPR103W;YPR108W,1,2
YDL147W,0,0,0,0,0,0,0,0,0,0,0,0,1,YBL041W;YDL007W;YDL097C;YDR363W-A;YDR394W;YDR427W;YER012W;YER021W;YER094C;YFR004W;YFR050C;YFR052W;YGL011C;YGL048C;YGR135W;YGR253C;YHR027C;YHR200W;YIL075C;YJL001W;YKL145W;YLR421C;YML092C;YMR314W;YOL038W;YOR117W;YOR157C;YOR259C;YOR261C;YOR362C;YPR103W;YPR108W,0,1
YDR427W,0,0,0,0,0,0,0,0,0,0,0,0,1,YBL041W;YDL007W;YDL097C;YDL147W;YDR363W-A;YDR394W;YER012W;YER021W;YER094C;YFR004W;YFR050C;YFR052W;YGL011C;YGL048C;YGR135W;YGR253C;YHR027C;YHR200W;YIL075C;YJL001W;YKL145W;YLR421C;YML092C;YMR314W;YOL038W;YOR117W;YOR157C;YOR259C;YOR261C;YOR362C;YPR103W;YPR108W,0,1
YDR394W,0,0,0,0,0,0,0,0,0,0,0,0,1,YBL041W;YDL007W;YDL097C;YDL147W;YDR363W-A;YDR427W;YER012W;YER021W;YER094C;YFR004W;YFR050C;YFR052W;YGL011C;YGL048C;YGR135W;YGR253C;YHR027C;YHR200W;YIL075C;YJL001W;YKL145W;YLR421C;YML092C;YMR314W;YOL038W;YOR117W;YOR157C;YOR259C;YOR261C;YOR362C;YPR103W;YPR108W,0,1
YEL037C,0,0,0,1,0,0,0,0,0,0,0,0,1,YDL126C;YDL190C;YER162C;YPL096W,1,3
YFR004W,0,0,0,0,0,0,0,0,0,0,0,0,1,YBL041W;YDL007W;YDL097C;YDL147W;YDR363W-A;YDR394W;YDR427W;YER012W;YER021W;YER094C;YFR050C;YFR052W;YGL011C;YGL048C;YGR135W;YGR253C;YHR027C;YHR200W;YIL075C;YJL001W;YKL145W;YLR421C;YML092C;YMR314W;YOL038W;YOR117W;YOR157C;YOR259C;YOR261C;YOR362C;YPR103W;YPR108W,0,1
YER021W,0,0,0,0,0,0,0,0,0,0,0,0,1,YBL041W;YDL007W;YDL097C;YDL147W;YDR363W-A;YDR394W;YDR427W;YER012W;YER094C;YFR004W;YFR050C;YFR052W;YGL011C;YGL048C;YGR135W;YGR253C;YHR027C;YHR200W;YIL075C;YJL001W;YKL145W;YLR421C;YML092C;YMR314W;YOL038W;YOR117W;YOR157C;YOR259C;YOR261C;YOR362C;YPR103W;YPR108W,0,1
YFR010W,0,0,0,0,0,0,0,0,0,0,0,0,0,,0,0
YDR159W,0,0,0,0,0,0,0,0,0,0,0,0,1,YBR111W-A;YDR363W-A;YOL072W;YOR257W,2,2
YJR084W,0,0,0,0,0,0,0,0,0,0,0,0,1,YDL216C;YDR179C;YIL071C;YMR025W;YOL117W,1,1
YDL216C,0,0,0,0,0,0,0,0,0,0,0,0,1,YDR179C;YIL071C;YJR084W;YMR025W;YOL117W,1,1
YDR179C,0,0,0,0,0,0,0,0,0,0,0,0,1,YDL216C;YIL071C;YJR084W;YMR025W;YOL117W,1,1
YER180C-A,0,0,0,0,0,0,0,0,0,0,0,0,0,,0,0
YMR025W,0,0,0,0,0,0,0,0,0,0,0,0,1,YDL216C;YDR179C;YIL071C;YJR084W;YOL117W,1,1
YOL117W,0,0,0,0,0,0,0,0,0,0,0,0,1,YDL216C;YDR179C;YIL071C;YJR084W;YMR025W,1,1
YNL026W,0,0,0,0,0,0,0,0,0,0,0,0,1,YHR083W;YMR060C,1,1
YER162C,0,0,0,1,0,0,0,0,0,0,0,0,1,YEL037C,0,1
YPL096W,0,0,0,1,0,0,0,0,0,0,0,0,1,YEL037C,0,1
YMR178W,0,0,0,0,0,0,0,0,0,0,0,0,0,,0,0
YNL181W,0,0,0,0,0,0,0,0,0,0,0,0,0,,0,0
YLR430W,0,0,0,0,0,0,0,0,0,0,0,0,1,YNL251C;YPL190C,1,1
YGR156W,0,0,0,0,0,0,0,0,0,0,0,0,1,YAL043C;YDR195W;YDR301W;YER133W;YJR093C;YKL018W;YKL059C;YKR002W;YLR115W;YLR277C;YNL222W;YNL317W;YOR179C;YPR107C,1,1
YML080W,0,0,0,0,0,0,0,0,0,0,0,0,0,,0,0
YDR517W,0,0,0,0,0,0,0,0,0,0,0,0,1,YDL099W,1,1
YPR181C,0,0,0,0,0,0,0,0,0,0,0,0,1,YDL195W;YHR098C;YIL109C;YLR208W;YPL218W,2,2
YDL099W,0,0,0,0,0,0,0,0,0,0,0,0,1,YDR517W,1,1
YER083C,0,0,0,0,0,0,0,1,0,0,0,0,1,YDL100C;YGL020C,0,1
YDL100C,0,0,0,0,0,0,0,1,0,0,0,0,1,YER083C;YGL020C,0,1
YDL102W,0,0,0,0,1,0,0,0,0,0,0,0,1,YJR006W;YJR043C,0,1
YOR109W,0,0,0,0,0,0,0,0,0,0,0,0,0,,0,0
YLR189C,0,0,0,0,0,0,0,0,0,0,0,0,0,,0,0
YJR006W,0,0,0,0,1,0,1,0,0,0,0,0,1,YDL102W;YIL139C;YJR043C;YPL167C,0,2
YJR043C,0,0,0,0,1,0,1,0,0,0,0,0,1,YDL102W;YIL139C;YJR006W;YPL167C,0,2
YDR288W,0,0,0,0,0,0,0,0,0,0,0,0,1,YDL105W;YEL019C;YER038C;YLR007W;YLR383W;YML023C;YOL034W,1,1
YER038C,0,0,0,0,0,0,0,0,0,0,0,0,1,YDL105W;YDR288W;YEL019C;YLR007W;YLR383W;YML023C;YOL034W,1,1
YLR383W,0,0,0,0,0,0,0,0,0,0,0,0,1,YDL105W;YDR288W;YEL019C;YER038C;YLR007W;YML023C;YOL034W,1,1
YDL105W,0,0,0,0,0,0,0,0,0,0,0,0,1,YDR288W;YEL019C;YER038C;YLR007W;YLR383W;YML023C;YOL034W,1,1
YEL019C,0,0,0,0,0,0,0,0,0,0,0,0,1,YDL105W;YDR288W;YER038C;YLR007W;YLR383W;YML023C;YOL034W,1,1
YML023C,0,0,0,0,0,0,0,0,0,0,0,0,1,YDL105W;YDR288W;YEL019C;YER038C;YLR007W;YLR383W;YOL034W,1,1
YDL106C,0,0,0,0,0,0,0,0,0,0,0,0,0,,0,0
YDR311W,0,0,0,0,0,0,0,0,0,0,0,0,1,YDL108W;YDR079C-A;YDR460W;YER171W;YIL143C;YLR005W;YOR352W;YPL122C;YPR025C;YPR056W,1,1
YER171W,0,0,0,0,0,0,0,0,0,0,0,0,1,YDL108W;YDR079C-A;YDR311W;YDR460W;YIL143C;YLR005W;YOR352W;YPL122C;YPR025C;YPR056W,1,1
YDR460W,0,0,0,0,0,0,0,0,0,0,0,0,1,YDL108W;YDR079C-A;YDR311W;YER171W;YIL143C;YLR005W;YOR352W;YPL122C;YPR025C;YPR056W,2,2
YIL143C,0,0,0,0,0,0,0,0,0,0,0,0,1,YDL108W;YDR079C-A;YDR311W;YDR460W;YER171W;YLR005W;YOR352W;YPL122C;YPR025C;YPR056W,1,1
YLR005W,0,0,0,0,0,0,0,0,0,0,0,0,1,YDL108W;YDR079C-A;YDR311W;YDR460W;YER171W;YIL143C;YOR352W;YPL122C;YPR025C;YPR056W,1,1
YKR062W,0,0,0,0,0,1,0,0,0,0,0,0,1,YKL028W,0,1
YPR056W,0,0,0,0,0,0,0,0,0,0,0,0,1,YDL108W;YDR079C-A;YDR311W;YDR460W;YER171W;YIL143C;YLR005W;YOR352W;YPL122C;YPR025C,1,1
YPL122C,0,0,0,0,0,0,0,0,0,0,0,0,1,YDL108W;YDR079C-A;YDR311W;YDR460W;YER171W;YIL143C;YLR005W;YOR352W;YPR025C;YPR056W,1,1
YPR025C,0,0,0,0,0,0,0,0,0,0,0,0,1,YDL108W;YDR079C-A;YDR311W;YDR460W;YER171W;YIL143C;YLR005W;YOR352W;YPL122C;YPR056W,2,2
YDL108W,0,0,0,0,0,0,0,0,0,0,0,0,1,YDR079C-A;YDR311W;YDR460W;YER171W;YIL143C;YLR005W;YOR352W;YPL122C;YPR025C;YPR056W,2,2
YOR352W,0,0,0,0,0,0,0,0,0,0,0,0,1,YDL108W;YDR079C-A;YDR311W;YDR460W;YER171W;YIL143C;YLR005W;YPL122C;YPR025C;YPR056W,1,1
YHR135C,0,0,0,0,0,0,0,0,0,0,0,0,0,,0,0
YDL113C,0,0,0,0,0,0,0,0,0,0,0,0,1,YJL036W,1,1
YJL036W,0,0,0,0,0,0,0,0,0,0,0,0,1,YDL113C;YDR425W,2,2
YDL115C,0,0,0,0,0,0,0,0,0,0,0,0,0,,0,0
YGL130W,0,0,0,0,0,1,0,0,0,0,0,0,1,YPL228W,0,1
YGL070C,0,0,0,0,0,0,0,0,0,0,0,0,1,YBR154C;YDL140C;YDR404C;YHR143W-A;YIL021W;YJL140W;YOL005C;YOR151C;YOR210W;YOR224C;YPR187W,0,1
YJL168C,0,0,0,0,0,0,0,0,0,0,0,0,0,,0,0
YML010W,0,0,0,1,0,0,0,0,0,0,0,0,1,YGR063C,0,1
YPL228W,0,0,0,0,0,1,0,0,0,0,0,0,1,YGL130W,0,1
YLR200W,0,0,0,0,0,0,0,1,0,0,0,0,1,YEL003W;YGR078C;YJL179W;YML094W;YNL153C,0,1
YJL011C,0,0,0,0,0,0,0,0,0,0,0,0,1,YBR154C;YDL150W;YDR045C;YHR143W-A;YKL144C;YKR025W;YNL113W;YNL151C;YNR003C;YOR116C;YOR207C;YOR210W;YOR224C;YPR110C;YPR187W;YPR190C,0,1
YJR059W,0,0,0,0,0,0,0,0,0,0,0,0,0,,0,0
YGR080W,0,0,0,0,0,0,0,0,0,0,0,0,0,,0,0
YML069W,0,0,0,1,0,0,0,0,0,0,0,0,1,YGL207W,0,1
YPR165W,0,0,0,0,0,0,0,0,0,0,0,0,1,YGR032W;YLR342W;YMR306W,3,3
YOR220W,0,0,0,0,0,0,0,0,0,0,0,0,0,,0,0
YDL117W,0,0,0,0,0,0,0,0,0,0,0,0,1,YER118C;YMR032W;YNL152W,1,1
YDL119C,0,0,0,0,0,0,0,0,0,0,0,0,0,,0,0
YDL123W,0,0,0,0,0,0,0,0,0,0,0,0,0,,0,0
YDL124W,0,0,0,0,0,0,0,0,0,0,0,0,0,,0,0
YDR054C,0,0,0,0,0,0,1,0,0,0,0,0,1,YBR280C;YDL132W;YDR131C;YDR328C;YFL009W;YIL046W;YJL149W;YJR090C;YLR097C;YLR352W;YLR368W;YML088W;YOL133W;YOR080W,0,11
YDR306C,0,0,0,0,0,0,0,0,0,0,0,0,0,,0,0
YFL009W,0,0,0,0,0,0,1,0,0,0,0,0,1,YDL132W;YDR054C;YDR328C;YOL133W,0,1
YJL149W,0,0,0,0,0,0,1,0,0,0,0,0,1,YDL132W;YDR054C;YDR328C;YOL133W,0,1
YIL046W,0,0,0,0,0,0,1,0,0,0,0,0,1,YDL132W;YDR054C;YDR328C;YOL133W,0,1
YML082W,0,0,0,0,0,0,0,0,0,0,0,0,0,,0,0
YMR258C,0,0,0,0,0,0,0,0,0,0,0,0,0,,0,0
YDL131W,0,0,0,0,0,0,0,0,0,0,0,0,0,,0,0
YJL047C,0,0,0,0,0,0,0,0,0,0,0,0,1,YDR363W;YHR154W;YLR320W;YNL261W;YOL133W;YPR135W;YPR164W,4,4
YOL063C,0,0,0,0,0,0,0,0,0,0,0,0,0,,0,0
YPR164W,0,0,0,0,0,0,0,0,0,0,0,0,1,YDR363W;YHR154W;YJL047C;YLR320W;YNL261W;YOL133W;YPR135W,4,4
YDL224C,0,0,0,0,0,0,0,0,0,0,0,0,0,,0,0
YCL051W,0,0,0,0,0,0,0,0,0,0,0,0,0,,0,0
YFR030W,0,0,0,0,0,1,0,0,0,0,0,0,1,YJR137C,0,1
YJR010W,0,0,0,0,0,0,0,0,0,0,0,0,0,,0,0
YIL109C,0,0,0,0,0,0,0,0,0,0,0,0,1,YDL195W;YLR208W;YPL218W;YPR181C,1,1
YJR137C,0,0,0,0,0,1,0,0,0,0,0,0,1,YFR030W,0,1
YKL054C,0,0,0,0,0,0,0,0,0,0,0,0,1,YJR035W,1,1
YKL001C,0,0,0,0,0,0,0,0,0,0,0,0,0,,0,0
YKR042W,0,0,0,0,0,0,0,0,0,0,0,0,0,,0,0
YDL133C-A,0,0,0,0,0,0,0,0,0,0,0,0,0,,0,0
YDL130W,0,0,0,0,0,0,0,0,0,0,0,0,0,,0,0
YPL023C,0,0,0,0,0,0,0,0,0,0,0,0,0,,0,0
YDL134C,0,0,0,0,1,0,0,0,0,0,0,0,1,YAL016W;YGL190C;YMR028W;YOR014W;YPL152W,1,3
YDL188C,0,0,0,0,1,0,0,0,0,0,0,0,1,YAL016W;YGL190C;YMR028W;YOR014W;YPL152W,1,3
YDL135C,0,0,0,0,0,0,0,0,0,0,0,0,0,,0,0
YLR229C,0,0,0,0,0,0,0,0,0,0,0,0,0,,0,0
YDL136W,0,0,0,0,0,0,0,0,0,0,0,0,0,,0,0
YGR271W,0,0,0,0,0,0,0,0,0,0,0,0,1,YGL110C;YKR023W,1,1
YPL249C-A,0,0,0,0,0,0,0,0,0,0,0,0,0,,0,0
YMR264W,0,0,0,1,0,0,0,0,0,0,0,0,1,YMR022W,0,1
YKR023W,0,0,0,0,0,0,0,0,0,0,0,0,1,YGL110C;YGR271W,1,1
YDL139C,0,0,0,0,0,0,0,0,0,0,0,0,0,,0,0
YDL141W,0,0,0,0,0,0,0,0,0,0,0,0,0,,0,0
YER070W,0,0,0,0,0,1,0,0,0,0,0,0,1,YGR180C;YIL066C;YJL026W,0,2
YNR012W,0,0,0,0,0,0,0,0,0,0,0,0,0,,0,0
YML085C,0,0,0,1,0,0,0,0,0,0,0,0,1,YFL037W,0,1
YER024W,0,0,0,0,0,0,0,0,0,0,0,0,0,,0,0
YHR128W,0,0,0,0,0,0,0,0,0,0,0,0,0,,0,0
YKL064W,0,0,0,0,0,0,0,0,0,0,0,0,0,,0,0
YJR025C,0,0,0,0,0,0,0,0,0,0,0,0,0,,0,0
YML124C,0,0,0,1,0,0,0,0,0,0,0,0,1,YFL037W,0,1
YKL104C,0,0,0,0,0,0,0,0,0,0,0,0,0,,0,0
YLL029W,0,0,0,0,0,0,0,0,0,0,0,0,0,,0,0
YMR300C,0,0,0,0,0,0,0,0,0,0,0,0,0,,0,0
YDL145C,0,0,0,0,0,0,0,0,0,0,0,0,1,YDR238C;YFR051C;YGL137W;YIL076W;YNL287W;YPL010W,1,1
YAR035W,0,0,0,0,0,0,0,0,0,0,0,0,0,,0,0
YEL061C,0,0,0,0,0,0,0,0,0,0,0,0,0,,0,0
YDR238C,0,0,0,0,0,0,0,0,0,0,0,0,1,YDL145C;YFR051C;YGL137W;YIL076W;YNL287W;YPL010W,1,1
YFR051C,0,0,0,0,0,0,0,0,0,0,0,0,1,YDL145C;YDR238C;YGL137W;YIL076W;YNL287W;YPL010W,1,1
YER122C,0,0,0,0,0,0,0,0,0,0,0,0,0,,0,0
YIL076W,0,0,0,0,0,0,0,0,0,0,0,0,1,YDL145C;YDR238C;YFR051C;YGL137W;YNL287W;YPL010W,1,1
YGL137W,0,0,0,0,0,0,0,0,0,0,0,0,1,YDL145C;YDR238C;YFR051C;YIL076W;YNL287W;YPL010W,1,1
YMR014W,0,0,0,0,0,0,0,0,0,0,0,0,0,,0,0
YMR165C,0,0,0,0,0,0,0,0,0,0,0,0,0,,0,0
YNL287W,0,0,0,0,0,0,0,0,0,0,0,0,1,YDL145C;YDR238C;YFR051C;YGL137W;YIL076W;YPL010W,1,1
YNL258C,0,0,0,0,0,0,0,0,0,0,0,0,1,YGL145W;YLR440C,1,1
YFL042C,0,0,0,0,0,0,0,0,0,0,0,0,0,,0,0
YOR112W,0,0,0,0,0,0,0,0,0,0,0,0,0,,0,0
YBR229C,0,0,0,0,0,0,0,0,0,0,0,0,1,YDR221W,1,1
YDR122W,0,0,0,0,0,0,0,0,0,0,0,0,0,,0,0
YDL146W,0,0,0,0,0,0,0,0,0,0,0,0,0,,0,0
YDR189W,0,0,0,0,0,0,0,0,0,0,0,0,0,,0,0
YDR005C,0,0,0,0,0,0,0,0,0,0,0,0,0,,0,0
YLR227W-B,0,0,0,0,0,0,0,0,0,0,0,0,0,,0,0
YGR246C,0,0,0,0,0,0,0,0,0,0,0,0,1,YER148W;YNL039W,1,1
YKL164C,0,0,0,0,0,0,0,0,0,0,0,0,0,,0,0
YDL152W,0,0,0,0,0,0,0,0,0,0,0,0,0,,0,0
YKR099W,0,0,0,0,0,0,0,0,0,0,0,0,0,,0,0
YDR354W,0,0,0,0,0,0,0,0,0,0,0,0,0,,0,0
YDL168W,0,0,0,0,0,0,0,0,0,0,0,0,0,,0,0
YDL164C,0,0,0,0,0,0,0,0,0,0,0,0,0,,0,0
YDL173W,0,0,0,0,0,0,0,0,0,0,0,0,0,,0,0
YGR121C;YPR138C,0,0,0,0,0,0,0,0,0,0,0,0,0,,0,0
YDR320C,0,0,0,0,0,0,0,0,0,0,0,1,1,,0,0
YNL299W,0,0,0,0,0,0,0,0,0,0,0,0,1,YIL079C;YJL050W,1,1
YDR222W,0,0,0,0,0,0,0,0,0,0,0,0,0,,0,0
YDL184C,0,0,0,0,0,0,0,0,0,0,0,0,0,,0,0
YDL189W,0,0,0,0,0,0,0,0,0,0,0,0,0,,0,0
YCR008W,0,0,0,0,0,0,0,0,0,0,0,0,0,,0,0
YDL191W,0,0,0,0,0,0,0,0,0,0,0,0,0,,0,0
YLR022C,0,0,0,0,0,0,0,0,0,0,0,0,0,,0,0
YNL251C,0,0,0,0,0,0,0,0,0,0,0,0,1,YLR430W;YPL190C,1,1
YOR051C,0,0,0,0,0,0,0,0,0,0,0,0,0,,0,0
YPL101W,0,0,0,0,0,0,0,0,0,0,0,0,1,YGR200C;YHR187W;YLR384C;YMR312W;YPL086C,0,1
YNL163C,0,0,0,0,0,0,0,0,0,0,0,0,0,,0,0
YDL197C,0,0,0,0,0,0,0,0,0,0,0,0,0,,0,0
YLR442C,0,0,0,0,1,0,0,0,0,0,0,0,1,YDL042C;YDR227W,0,1
YDR233C,0,0,0,0,0,0,0,0,0,0,0,0,0,,0,0
YDL205C,0,0,0,0,0,0,0,0,0,0,0,0,0,,0,0
YHR039C,0,0,0,0,0,0,0,0,0,0,0,0,1,,0,0
YNL219C,0,0,0,0,0,0,0,0,0,0,0,0,0,,0,0
YPR028W,0,0,0,0,0,0,0,0,0,0,0,0,0,,0,0
YPR183W,0,0,0,0,0,0,0,0,0,0,0,0,0,,0,0
YPR091C,0,0,0,0,0,0,0,0,0,0,0,0,0,,0,0
YIL104C,0,0,0,0,0,0,0,0,0,0,0,0,0,,0,0
YCL061C,0,0,0,0,0,0,0,0,0,0,0,0,0,,0,0
YBL026W,0,0,0,0,0,0,0,0,1,1,0,0,1,YBR055C;YBR152W;YCR077C;YDL098C;YDR243C;YDR378C;YDR473C;YEL026W;YER029C;YER112W;YER146W;YER172C;YFL017W-A;YFR005C;YGR074W;YGR075C;YGR091W;YHR165C;YJL124C;YJR022W;YKL173W;YLR147C;YLR275W;YLR438C-A;YMR268C;YNL147W;YOR159C;YOR308C;YPR082C;YPR178W;YPR182W,3,7
YBR282W,0,0,0,0,0,0,0,0,0,0,0,0,1,YBL038W;YBR122C;YBR268W;YCR003W;YCR046C;YCR071C;YDL202W;YDR115W;YDR116C;YDR237W;YDR296W;YDR322W;YDR405W;YDR462W;YEL050C;YGL068W;YGR076C;YGR220C;YHR147C;YJL063C;YJL096W;YKL138C;YKL167C;YKL170W;YKR006C;YKR085C;YLR312W-A;YLR439W;YML009C;YML025C;YMR024W;YMR193W;YMR225C;YMR286W;YNL005C;YNL122C;YNL177C;YNL185C;YNL252C;YNL284C;YNR022C;YOR150W;YPL173W;YPL183W-A;YPR100W,0,1
YBR268W,0,0,0,0,0,0,0,0,0,0,0,0,1,YBL038W;YBR122C;YBR282W;YCR003W;YCR046C;YCR071C;YDL202W;YDR115W;YDR116C;YDR237W;YDR296W;YDR322W;YDR405W;YDR462W;YEL050C;YGL068W;YGR076C;YGR220C;YHR147C;YJL063C;YJL096W;YKL138C;YKL167C;YKL170W;YKR006C;YKR085C;YLR312W-A;YLR439W;YML009C;YML025C;YMR024W;YMR193W;YMR225C;YMR286W;YNL005C;YNL122C;YNL177C;YNL185C;YNL252C;YNL284C;YNR022C;YOR150W;YPL173W;YPL183W-A;YPR100W,0,1
YCR003W,0,0,0,0,0,0,0,0,0,0,0,0,1,YBL038W;YBR122C;YBR268W;YBR282W;YCR046C;YCR071C;YDL202W;YDR115W;YDR116C;YDR237W;YDR296W;YDR322W;YDR405W;YDR462W;YEL050C;YGL068W;YGR076C;YGR220C;YHR147C;YJL063C;YJL096W;YKL138C;YKL167C;YKL170W;YKR006C;YKR085C;YLR312W-A;YLR439W;YML009C;YML025C;YMR024W;YMR193W;YMR225C;YMR286W;YNL005C;YNL122C;YNL177C;YNL185C;YNL252C;YNL284C;YNR022C;YOR150W;YPL173W;YPL183W-A;YPR100W,0,1
YCR077C,0,0,0,0,0,0,0,0,0,1,0,0,1,YBL026W;YDR378C;YER112W;YER146W;YJL124C;YLR438C-A;YNL147W,0,1
YDR405W,0,0,0,0,0,0,0,0,0,0,0,0,1,YBL038W;YBR122C;YBR268W;YBR282W;YCR003W;YCR046C;YCR071C;YDL202W;YDR115W;YDR116C;YDR237W;YDR296W;YDR322W;YDR462W;YEL050C;YGL068W;YGR076C;YGR220C;YHR147C;YJL063C;YJL096W;YKL138C;YKL167C;YKL170W;YKR006C;YKR085C;YLR312W-A;YLR439W;YML009C;YML025C;YMR024W;YMR193W;YMR225C;YMR286W;YNL005C;YNL122C;YNL177C;YNL185C;YNL252C;YNL284C;YNR022C;YOR150W;YPL173W;YPL183W-A;YPR100W,0,1
YGL173C,0,0,0,0,0,0,0,0,0,0,0,0,0,,0,0
YKL167C,0,0,0,0,0,0,0,0,0,0,0,0,1,YBL038W;YBR122C;YBR268W;YBR282W;YCR003W;YCR046C;YCR071C;YDL202W;YDR115W;YDR116C;YDR237W;YDR296W;YDR322W;YDR405W;YDR462W;YEL050C;YGL068W;YGR076C;YGR220C;YHR147C;YJL063C;YJL096W;YKL138C;YKL170W;YKR006C;YKR085C;YLR312W-A;YLR439W;YML009C;YML025C;YMR024W;YMR193W;YMR225C;YMR286W;YNL005C;YNL122C;YNL177C;YNL185C;YNL252C;YNL284C;YNR022C;YOR150W;YPL173W;YPL183W-A;YPR100W,0,1
YLR439W,0,0,0,0,0,0,0,0,0,0,0,0,1,YBL038W;YBR122C;YBR268W;YBR282W;YCR003W;YCR046C;YCR071C;YDL202W;YDR115W;YDR116C;YDR237W;YDR296W;YDR322W;YDR405W;YDR462W;YEL050C;YGL068W;YGR076C;YGR220C;YHR147C;YJL063C;YJL096W;YKL138C;YKL167C;YKL170W;YKR006C;YKR085C;YLR312W-A;YML009C;YML025C;YMR024W;YMR193W;YMR225C;YMR286W;YNL005C;YNL122C;YNL177C;YNL185C;YNL252C;YNL284C;YNR022C;YOR150W;YPL173W;YPL183W-A;YPR100W,0,1
YNL122C,0,0,0,0,0,0,0,0,0,0,0,0,1,YBL038W;YBR122C;YBR268W;YBR282W;YCR003W;YCR046C;YCR071C;YDL202W;YDR115W;YDR116C;YDR237W;YDR296W;YDR322W;YDR405W;YDR462W;YEL050C;YGL068W;YGR076C;YGR220C;YHR147C;YJL063C;YJL096W;YKL138C;YKL167C;YKL170W;YKR006C;YKR085C;YLR312W-A;YLR439W;YML009C;YML025C;YMR024W;YMR193W;YMR225C;YMR286W;YNL005C;YNL177C;YNL185C;YNL252C;YNL284C;YNR022C;YOR150W;YPL173W;YPL183W-A;YPR100W,0,1
YNR038W,0,0,0,0,0,0,0,0,0,0,0,0,1,YJR041C;YKL014C;YLR221C;YOL144W,1,1
YLR424W,0,0,0,0,0,0,0,0,0,0,0,0,1,YGL120C;YKR022C,1,1
YDL211C,0,0,0,0,0,0,0,0,0,0,0,0,0,,0,0
YMR294W,0,0,0,0,0,0,0,0,0,0,0,0,1,YDR106W;YHR129C;YLL049W;YPL174C,1,1
YHR129C,0,0,0,0,0,0,0,0,0,0,0,0,1,YDR106W;YLL049W;YMR294W;YPL174C,1,1
YPL174C,0,0,0,0,0,0,0,0,0,0,0,0,1,YDR106W;YHR129C;YLL049W;YMR294W,1,1
YKL171W,0,0,0,0,0,0,0,0,0,0,0,0,0,,0,0
YBR157C,0,0,0,0,0,0,0,0,0,0,0,0,0,,0,0
YNL197C,0,0,0,0,0,0,0,0,0,0,0,0,0,,0,0
YDL232W,0,0,0,0,0,0,0,0,0,1,0,0,1,YEL002C;YGL022W;YGL226C-A;YJL002C;YML019W;YMR149W;YOR085W;YOR103C,0,2
YGL022W,0,0,0,0,0,0,0,0,0,1,0,0,1,YDL232W;YEL002C;YGL226C-A;YJL002C;YML019W;YMR149W;YOR085W;YOR103C,0,2
YEL002C,0,0,0,0,0,0,0,0,0,1,0,0,1,YDL232W;YGL022W;YGL226C-A;YJL002C;YML019W;YMR149W;YOR085W;YOR103C,0,2
YML019W,0,0,0,0,0,0,0,0,0,1,0,0,1,YDL232W;YEL002C;YGL022W;YGL226C-A;YJL002C;YMR149W;YOR103C,0,1
YOR085W,0,0,0,0,0,0,0,0,0,1,0,0,1,YDL232W;YEL002C;YGL022W;YGL226C-A;YJL002C;YMR149W;YOR103C,0,1
YOR103C,0,0,0,0,0,0,0,0,0,1,0,0,1,YDL232W;YEL002C;YGL022W;YGL226C-A;YJL002C;YML019W;YMR149W;YOR085W,0,2
YMR092C,0,0,0,0,0,0,0,0,0,0,0,0,0,,0,0
YDL234C,0,0,0,0,0,0,0,0,0,0,0,0,0,,0,0
YDL233W,0,0,0,0,0,0,0,0,0,0,0,0,0,,0,0
YDL236W,0,0,0,0,0,0,0,0,0,0,0,0,0,,0,0
YDL240W,0,0,0,0,0,0,0,0,0,0,0,0,0,,0,0
YDL238C,0,0,0,0,0,0,0,0,0,0,0,0,0,,0,0
YDR099W,0,0,0,0,0,0,0,0,0,0,0,0,0,,0,0
YBR007C,0,0,0,0,0,0,0,0,0,0,0,0,0,,0,0
YDR017C,0,0,0,0,0,0,0,0,0,0,0,0,0,,0,0
YDR006C,0,0,0,0,0,0,0,0,0,0,0,0,0,,0,0
YDR309C,0,0,0,0,0,0,0,0,0,0,0,0,0,,0,0
YDR379W,0,0,0,0,0,0,0,0,0,0,0,0,0,,0,0
YDR351W,0,0,0,0,0,0,0,0,0,0,0,0,0,,0,0
YDR505C,0,0,0,0,0,0,0,0,0,0,0,0,0,,0,0
YER075C,0,0,0,0,0,0,0,0,0,0,0,0,0,,0,0
YER177W,0,0,0,0,0,0,0,0,0,0,0,0,0,,0,0
YER114C,0,0,0,0,0,0,0,0,0,0,0,0,0,,0,0
YFL033C,0,0,0,0,0,0,0,0,0,0,0,0,0,,0,0
YFL021W,0,0,0,0,0,0,0,0,0,0,0,0,0,,0,0
YFR022W,0,0,0,0,0,0,0,0,0,0,0,0,0,,0,0
YGL252C,0,0,0,0,0,0,0,0,0,0,0,0,0,,0,0
YIL036W,0,0,0,0,0,0,0,0,0,0,0,0,0,,0,0
YHR082C,0,0,0,0,0,0,0,0,0,0,0,0,0,,0,0
YIL107C,0,0,0,0,0,0,0,0,0,0,0,0,0,,0,0
YIL045W,0,0,0,0,0,0,0,0,0,0,0,0,0,,0,0
YIR003W,0,0,0,0,0,0,0,0,0,0,0,0,1,YER071C,1,1
YIL135C,0,0,0,0,0,0,0,0,0,0,0,0,0,,0,0
YJR091C,0,0,0,0,0,0,0,0,0,0,0,0,0,,0,0
YKL168C,0,0,0,0,0,0,0,0,0,0,0,0,0,,0,0
YKL140W,0,0,0,0,0,0,0,0,0,0,0,0,0,,0,0
YKL198C,0,0,0,0,0,0,0,0,0,0,0,0,0,,0,0
YLL013C,0,0,0,0,0,0,0,0,0,0,0,0,0,,0,0
YLR219W,0,0,0,0,0,0,0,0,0,0,0,0,0,,0,0
YLR149C,0,0,0,0,0,0,0,0,1,0,0,0,1,YCL039W;YDR255C;YGL227W;YIL017C;YIL097W;YMR135C,0,1
YNL074C,0,0,0,0,0,0,0,0,0,0,0,0,0,,0,0
YMR291W,0,0,0,0,0,0,0,0,0,0,0,0,0,,0,0
YNL199C,0,0,0,0,0,0,0,0,0,0,0,0,1,YNL216W;YPL075W,1,1
YNL076W,0,0,0,0,0,0,0,0,0,0,0,0,0,,0,0
YNR047W,0,0,0,0,0,0,0,0,0,0,0,0,0,,0,0
YNL267W,0,0,0,0,0,0,0,0,0,0,0,0,0,,0,0
YOR018W,0,0,0,0,0,0,0,0,0,0,0,0,0,,0,0
YPL141C,0,0,0,0,0,0,0,0,0,0,0,0,0,,0,0
YPL255W,0,0,0,0,0,0,0,0,0,0,0,0,1,YGL075C,1,1
YPR095C,0,0,0,0,0,0,0,0,0,0,0,0,0,,0,0
YPR185W,0,0,0,0,0,0,0,0,0,0,0,1,1,YDR022C;YGL180W;YLR423C;YPL166W,0,1
YDR001C,0,0,0,0,0,0,0,0,0,0,0,0,0,,0,0
YAL017W,0,0,0,0,0,0,0,0,0,0,0,0,0,,0,0
YBL031W,0,0,0,0,0,0,0,0,0,0,0,0,0,,0,0
YCL063W,0,0,0,0,0,0,0,0,0,0,0,0,1,YEL013W;YOR326W,1,1
YCR091W,0,0,0,0,0,0,0,0,0,0,0,0,0,,0,0
YDR251W,0,0,0,0,0,0,0,0,0,0,0,0,0,,0,0
YER054C,0,0,0,0,0,0,0,0,0,0,0,0,0,,0,0
YER071C,0,0,0,0,0,0,0,0,0,0,0,0,1,YIR003W,1,1
YGR161C,0,0,0,0,0,0,0,0,0,0,0,0,0,,0,0
YIL095W,0,0,0,0,0,0,0,0,0,0,0,0,0,,0,0
YJL201W,0,0,0,0,0,0,0,0,0,0,0,0,0,,0,0
YJL042W,0,0,0,0,0,0,0,0,0,0,0,0,0,,0,0
YML081W,0,0,0,0,0,0,0,0,0,0,0,0,0,,0,0
YMR124W,0,0,0,0,0,0,0,0,0,0,0,0,0,,0,0
YOR140W,0,0,0,0,0,0,0,0,0,0,0,0,0,,0,0
YDR004W,0,0,0,1,0,0,0,0,0,0,0,0,1,YDR076W,0,1
YDR076W,0,0,0,1,0,0,0,0,0,0,0,0,1,YDR004W,0,1
YJL146W,0,0,0,0,0,0,0,0,0,0,0,0,0,,0,0
YDR007W,0,0,0,0,0,0,0,0,0,0,0,0,0,,0,0
YIL074C,0,0,0,0,0,0,0,0,0,0,0,0,1,YAL038W;YDR502C;YER081W;YLR058C;YLR153C;YLR180W,1,1
YDR490C,0,0,0,0,0,0,0,0,0,0,0,0,0,,0,0
YDR016C,0,0,0,0,0,0,0,0,0,0,0,1,1,YBR233W-A;YDR201W;YDR320C-A;YGL061C;YGR113W;YKL052C;YKL138C-A;YKR037C;YKR083C,0,1
YDR020C,0,0,0,0,0,0,0,0,0,0,0,0,0,,0,0
YDR027C,0,0,0,0,0,0,0,0,0,0,0,0,1,YDR484W;YJL029C;YKR020W,1,1
YDR484W,0,0,0,0,0,0,0,0,0,0,0,0,1,YDR027C;YJL029C;YKR020W,1,1
YKR020W,0,0,0,0,0,0,0,0,0,0,0,0,1,YDR027C;YDR484W;YJL029C,1,1
YJL029C,0,0,0,0,0,0,0,0,0,0,0,0,1,YDR027C;YDR484W;YKR020W,1,1
YDR026C,0,0,0,0,0,0,0,0,0,0,0,0,0,,0,0
YDR028C,0,0,0,0,0,0,0,0,0,0,0,0,1,YER133W,1,1
YDR477W,0,0,0,0,1,0,0,0,0,0,0,0,1,YDR422C;YER027C;YGL115W;YGL208W,0,3
YER027C,0,0,0,0,1,0,0,0,0,0,0,0,1,YDR477W;YGL115W,0,1
YER133W,0,0,0,1,0,0,0,0,0,0,0,0,1,YAL043C;YAR014C;YBR050C;YDR028C;YDR195W;YDR301W;YFR003C;YGR156W;YJR093C;YKL018W;YKL059C;YKL193C;YKR002W;YLR115W;YLR277C;YNL222W;YNL233W;YNL317W;YOR178C;YOR179C;YPR107C,7,8
YML006C,0,0,0,0,0,0,0,0,0,0,0,0,0,,0,0
YGL208W,0,0,0,0,1,0,0,0,0,0,0,0,1,YDR477W;YGL115W,0,1
YAL043C,0,0,0,0,0,0,0,0,0,0,0,0,1,YDR195W;YDR301W;YER133W;YGR156W;YJR093C;YKL018W;YKL059C;YKR002W;YLR115W;YLR277C;YNL222W;YNL317W;YOR179C;YPR107C,1,1
YBR275C,0,0,0,0,0,0,0,0,0,0,0,0,1,YLR453C;YNL216W,1,1
YDL070W,0,0,0,0,0,0,0,0,0,0,0,0,0,,0,0
YDR080W,0,0,0,0,0,0,0,0,0,0,0,0,1,YDL077C;YLR148W;YLR396C;YMR231W;YPL045W,1,1
YDL077C,0,0,0,0,0,0,0,0,0,0,0,0,1,YDR080W;YLR148W;YLR396C;YMR231W;YPL045W,1,1
YDR195W,0,0,0,0,0,0,0,0,0,0,0,0,1,YAL043C;YDR301W;YER133W;YGR156W;YJR093C;YKL018W;YKL059C;YKR002W;YLR115W;YLR277C;YNL222W;YNL317W;YOR179C;YPR107C,1,1
YDR130C,0,0,0,0,0,0,0,0,0,0,0,0,0,,0,0
YDR301W,0,0,0,0,0,0,0,0,0,0,0,0,1,YAL043C;YDR195W;YER133W;YGR156W;YJR093C;YKL018W;YKL059C;YKR002W;YLR115W;YLR277C;YNL222W;YNL317W;YOR179C;YPR107C,1,1
YER107C,0,0,0,0,0,0,0,0,0,0,0,0,1,YAR002W;YBL079W;YDL088C;YDL116W;YDL207W;YDR192C;YDR424C;YER105C;YFR002W;YGL100W;YGL172W;YGR119C;YIL115C;YIL149C;YJL039C;YJL041W;YJL061W;YJR042W;YKL057C;YKL068W;YKR082W;YKR095W;YLR018C;YLR208W;YLR335W;YML031W;YML103C;YMR047C;YMR129W;YMR153W;YOR098C,1,1
YER155C,0,0,0,0,0,0,0,0,0,0,0,0,0,,0,0
YGR004W,0,0,0,0,0,0,0,0,0,0,0,0,0,,0,0
YHR207C,0,0,0,0,0,0,0,0,0,0,0,0,0,,0,0
YKL018W,0,0,0,0,0,0,0,0,0,0,0,0,1,YAL043C;YAR003W;YBR175W;YBR258C;YDR195W;YDR301W;YDR469W;YER133W;YGR156W;YHR119W;YJR093C;YKL059C;YKR002W;YLR015W;YLR115W;YLR277C;YNL222W;YNL317W;YOR179C;YPL138C;YPR107C,1,2
YJR093C,0,0,0,0,0,0,0,0,0,0,0,0,1,YAL043C;YDR195W;YDR301W;YER133W;YGR156W;YKL018W;YKL059C;YKR002W;YLR115W;YLR277C;YNL222W;YNL317W;YOR179C;YPR107C,1,1
YKL059C,0,0,0,0,0,0,0,0,0,0,0,0,1,YAL043C;YDR195W;YDR301W;YER133W;YGR156W;YJR093C;YKL018W;YKR002W;YLR115W;YLR277C;YNL222W;YNL317W;YOR179C;YPR107C,1,1
YKL035W,0,0,0,0,0,0,0,0,0,0,0,0,0,,0,0
YKR002W,0,0,0,0,0,0,0,0,0,0,0,0,1,YAL043C;YDR195W;YDR301W;YER133W;YGR156W;YJR093C;YKL018W;YKL059C;YLR115W;YLR277C;YNL222W;YNL317W;YOR179C;YPR107C,1,1
YLR115W,0,0,0,0,0,0,0,0,0,0,0,0,1,YAL043C;YDR195W;YDR301W;YER133W;YGR156W;YJR093C;YKL018W;YKL059C;YKR002W;YLR277C;YNL222W;YNL317W;YOR179C;YPR107C,1,1
YLR277C,0,0,0,0,0,0,0,0,0,0,0,0,1,YAL043C;YDR195W;YDR301W;YER133W;YGR156W;YJR093C;YKL018W;YKL059C;YKR002W;YLR115W;YNL222W;YNL317W;YOR179C;YPR107C,1,1
YLR148W,0,0,0,0,0,0,0,0,0,0,0,0,1,YAL002W;YDL077C;YDR080W;YDR495C;YLR396C;YMR231W;YPL045W,2,2
YNL317W,0,0,0,0,0,0,0,0,0,0,0,0,1,YAL043C;YDR195W;YDR301W;YER133W;YGR156W;YJR093C;YKL018W;YKL059C;YKR002W;YLR115W;YLR277C;YNL222W;YOR179C;YPR107C,1,1
YNL233W,0,0,0,0,0,0,0,0,0,0,0,0,1,YER133W,1,1
YOR227W,0,0,0,0,0,0,0,0,0,0,0,0,0,,0,0
YPL137C,0,0,0,0,0,0,0,0,0,0,0,0,0,,0,0
YOR329C,0,0,0,0,0,0,0,0,0,0,0,0,0,,0,0
YPR107C,0,0,0,0,0,0,0,0,0,0,0,0,1,YAL043C;YDR195W;YDR301W;YER133W;YGR156W;YJR093C;YKL018W;YKL059C;YKR002W;YLR115W;YLR277C;YNL222W;YNL317W;YOR179C,1,1
YJL172W,0,0,0,0,0,0,0,0,0,0,0,0,0,,0,0
YDR034C,0,0,0,0,0,0,0,0,0,0,0,0,0,,0,0
YDR039C;YDR038C,0,0,0,0,0,0,0,0,0,0,0,0,0,,0,0
YDR046C,0,0,0,0,0,0,0,0,0,0,0,0,0,,0,0
YDR044W,0,0,0,0,0,0,0,0,0,0,0,0,0,,0,0
YLL040C,0,0,0,0,0,0,0,0,0,0,0,0,0,,0,0
YDR104C,0,0,0,0,0,0,0,0,0,0,0,0,0,,0,0
YLR027C,0,0,0,0,0,0,0,0,0,0,0,0,0,,0,0
YDR158W,0,0,0,0,0,0,0,0,0,0,0,0,0,,0,0
YDR059C,0,0,0,0,0,0,0,0,0,0,0,0,0,,0,0
YJL023C,0,0,0,0,0,0,0,0,0,0,0,0,0,,0,0
YLL033W,0,0,0,0,0,0,0,0,0,0,0,0,0,,0,0
YDR070C,0,0,0,0,0,0,0,0,0,0,0,0,0,,0,0
YDR077W,0,0,0,0,0,0,0,0,0,0,0,0,0,,0,0
YER156C,0,0,0,0,0,0,0,0,0,0,0,0,0,,0,0
YNL049C,0,0,0,0,0,0,0,0,0,0,0,0,0,,0,0
YDR079C-A,0,0,0,0,0,0,0,0,0,0,0,0,1,YDL108W;YDR311W;YDR460W;YER171W;YIL143C;YLR005W;YOR352W;YPL122C;YPR025C;YPR056W,1,1
YDR081C,0,0,0,0,0,0,0,0,0,0,0,0,0,,0,0
YDR096W,0,0,0,0,0,0,0,0,0,0,0,0,0,,0,0
YDR090C,0,0,0,0,0,0,0,0,0,0,0,0,0,,0,0
YPL007C,0,0,0,0,0,0,0,0,0,0,0,0,1,YAL001C;YBR123C;YDR362C;YGR047C;YOR110W,1,1
YGL071W,0,0,0,0,0,0,0,0,0,0,0,0,0,,0,0
YPR048W,0,0,0,0,0,0,0,0,0,0,0,0,1,YKR071C,1,1
YHR186C,0,0,0,0,0,0,0,0,0,0,0,0,1,YJR066W;YKL203C;YNL006W;YPL180W,2,2
YKR058W,0,0,0,0,0,0,0,0,0,0,0,0,0,,0,0
YER045C,0,0,0,0,0,0,0,0,0,0,0,0,0,,0,0
YOR043W,0,0,0,0,0,0,0,0,0,0,0,0,1,YLL010C;YLR019W,2,2
YLL010C,0,0,0,0,0,0,0,0,0,0,0,0,1,YOR043W,1,1
YJL020C,0,0,0,0,0,0,0,0,0,0,0,0,0,,0,0
YKL007W,0,0,0,1,0,0,0,0,0,0,0,0,1,YIL034C,0,1
YOR264W,0,0,0,0,0,0,0,0,0,0,0,0,0,,0,0
YCL030C,0,0,0,0,0,0,0,0,0,0,0,0,0,,0,0
YGL075C,0,0,0,0,0,0,0,0,0,0,0,0,1,YPL255W,1,1
YDR105C,0,0,0,0,0,0,0,0,0,0,0,0,0,,0,0
YDR111C,0,0,0,0,0,0,0,0,0,0,0,0,0,,0,0
YDR127W,0,0,0,0,0,0,0,0,0,0,0,0,0,,0,0
YOL130W,0,0,0,0,0,0,0,0,0,0,0,0,0,,0,0
YDR137W,0,0,0,0,0,0,0,0,0,0,0,0,1,YLR039C,1,1
YLR039C,0,0,0,0,0,0,0,0,0,0,0,0,1,YDR137W,1,1
YDR132C,0,0,0,0,0,0,0,0,0,0,0,0,0,,0,0
YNL004W,0,0,0,0,0,0,0,0,0,0,0,0,0,,0,0
YDR140W,0,0,0,1,0,0,0,0,0,0,0,0,1,YNR046W,0,1
YDR147W,0,0,0,0,0,0,0,0,0,0,0,0,0,,0,0
YDR150W,0,0,0,0,0,0,0,0,0,0,0,0,1,YPR083W,1,1
YGR097W,0,0,0,0,0,0,0,0,0,0,0,0,0,,0,0
YNL154C,0,0,0,0,0,0,0,0,0,0,0,0,0,,0,0
YDR152W,0,0,0,0,0,0,0,0,0,0,0,0,0,,0,0
YPR029C,0,0,0,0,0,0,0,0,0,0,0,0,1,YHL019C;YKL135C;YLR170C;YPL259C,2,2
YLR170C,0,0,0,0,0,0,0,0,0,0,0,0,1,YHL019C;YKL135C;YPL259C;YPR029C,2,2
YDR153C,0,0,0,0,0,0,0,0,0,0,0,0,0,,0,0
YJR027W,0,0,0,0,0,0,0,0,0,0,0,0,0,,0,0
YJR029W,0,0,0,0,0,0,0,0,0,0,0,0,0,,0,0
YOL103W-B,0,0,0,0,0,0,0,0,0,0,0,0,0,,0,0
YML039W,0,0,0,0,0,0,0,0,0,0,0,0,0,,0,0
YPR158C-D,0,0,0,0,0,0,0,0,0,0,0,0,0,,0,0
YHR149C,0,0,0,0,0,0,0,0,0,0,0,0,0,,0,0
YIL056W,0,0,0,0,0,0,0,0,0,0,0,0,0,,0,0
YLR256W-B,0,0,0,0,0,0,0,0,0,0,0,0,0,,0,0
YDR156W,0,0,0,0,0,0,0,0,0,0,0,0,1,YBR154C;YHR143W-A;YJL148W;YJR063W;YNL113W;YNL248C;YOR210W;YOR224C;YOR340C;YOR341W;YPR010C;YPR110C;YPR187W,0,1
YDR169C,0,0,0,0,0,0,0,0,0,0,0,0,0,,0,0
YDR168W,0,0,0,0,0,0,0,0,0,0,0,0,0,,0,0
YJR083C,0,0,0,0,0,0,0,0,0,0,0,0,0,,0,0
YDR170W-A,0,0,0,0,0,0,0,0,0,0,0,0,0,,0,0
YDR177W,0,0,0,0,0,0,0,0,0,0,0,0,0,,0,0
YDR178W,0,0,0,0,0,1,0,0,0,0,0,0,1,YKL141W;YKL148C;YLL041C,0,1
YDR180W,0,0,0,1,0,0,0,0,0,0,0,0,1,YER147C,0,1
YER147C,0,0,0,1,0,0,0,0,0,0,0,0,1,YDR180W,0,1
YKL040C,0,0,0,0,0,0,0,0,0,0,0,0,0,,0,0
YJL045W,0,0,0,0,0,0,0,0,0,0,0,0,0,,0,0
YLR078C,0,0,0,0,0,1,0,0,0,0,0,0,1,YIL004C;YLR026C;YLR268W,0,1
YLR026C,0,0,0,0,0,1,0,0,0,0,0,0,1,YHL031C;YIL004C;YKL006C-A;YKL196C;YLR078C;YLR268W,0,2
YDR183W,0,0,0,0,0,0,0,0,0,0,0,0,0,,0,0
YDR196C,0,0,0,0,0,0,0,0,0,0,0,0,1,YGR277C;YIL083C;YKL088W,1,1
YPR019W,0,0,0,0,0,0,0,1,0,0,0,0,1,YBL023C;YBR202W;YBR278W;YDR013W;YDR121W;YDR489W;YEL032W;YGL201C;YJL072C;YLR103C;YLR274W;YNL262W;YOL146W;YPR175W,2,3
YLR201C,0,0,0,0,0,0,0,0,0,0,0,0,1,YDR204W;YGR255C;YML110C;YOL096C;YOR125C,1,1
YDR197W,0,0,0,0,0,0,0,0,0,0,0,0,0,,0,0
YDR205W,0,0,0,0,0,0,0,0,0,0,0,0,0,,0,0
YAL041W,0,0,0,0,0,0,0,0,0,0,0,0,1,YBR200W;YJL157C;YJR086W;YNL298W;YOR212W,2,2
YER033C,0,0,0,0,0,0,0,0,0,0,0,0,0,,0,0
YER088C,0,0,0,0,0,0,0,0,0,0,0,0,0,,0,0
YDR211W,0,0,0,0,0,0,0,0,0,0,0,1,1,YGR083C;YKR026C;YLR291C;YOR260W,0,1
YDR210W,0,0,0,0,0,0,0,0,0,0,0,0,0,,0,0
YER052C,0,0,0,0,0,0,0,0,0,0,0,0,0,,0,0
YGL009C,0,0,0,0,0,0,0,0,0,0,0,0,0,,0,0
YDR213W,0,0,0,0,0,0,0,0,0,0,0,0,0,,0,0
YDR221W,0,0,0,0,0,0,0,0,0,0,0,0,1,YBR229C,1,1
YDR217C,0,0,0,0,0,0,0,0,0,0,0,0,0,,0,0
YDR224C,0,0,0,0,0,0,0,0,0,1,0,0,1,YBL003C;YBR009C;YBR010W;YDR225W;YOL012C,0,3
YAL011W,0,0,0,0,0,0,0,0,0,0,0,0,1,YBR231C;YDR190C;YDR334W;YDR485C;YFL039C;YGR002C;YJL081C;YLR085C;YLR385C;YLR399C;YML041C;YNL107W;YPL235W,1,1
YBL052C,0,0,0,0,0,0,0,0,0,0,0,0,1,YJR082C;YOR064C;YPL129W;YPR031W,1,1
YBR060C,0,0,0,0,0,0,0,0,0,0,0,0,1,YHR118C;YLL004W;YML065W;YNL261W;YPR162C,1,1
YBR087W,0,0,0,0,0,0,1,0,0,0,0,0,1,YCL016C;YER173W;YHR191C;YJR068W;YMR078C;YNL290W;YOL094C;YOR144C;YOR217W,2,4
YBR114W,0,0,0,0,0,0,0,0,0,0,0,0,1,YGR003W;YJR052W;YKL112W;YPL046C,2,2
YBR231C,0,0,0,0,0,0,0,0,0,0,0,0,1,YAL011W;YDR190C;YDR334W;YDR485C;YFL039C;YGR002C;YJL081C;YLR085C;YLR385C;YLR399C;YML041C;YNL107W;YPL235W,1,1
YDL156W,0,0,0,0,0,0,0,0,0,0,0,0,0,,0,0
YDR485C,0,0,0,0,0,0,0,0,0,0,0,0,1,YAL011W;YBR231C;YDR190C;YDR334W;YFL039C;YGR002C;YJL081C;YLR085C;YLR385C;YLR399C;YML041C;YNL107W;YPL235W,1,1
YFR013W,0,0,0,1,0,0,0,0,0,0,0,0,1,YBR245C,0,1
YGL241W,0,0,0,0,0,0,0,0,0,0,0,0,0,,0,0
YGR245C,0,0,0,0,0,0,0,0,0,0,0,0,0,,0,0
YHR118C,0,0,0,0,0,0,0,0,0,0,0,0,1,YBR060C;YLL004W;YML065W;YNL261W;YPR162C,1,1
YKL005C,0,0,0,0,0,0,0,0,0,0,0,0,0,,0,0
YJR144W,0,0,0,0,0,0,0,0,0,0,0,0,0,,0,0
YKL089W,0,0,0,0,0,0,0,0,0,0,0,0,1,YBR107C;YBR211C;YDL160C-A;YDR254W;YDR318W;YDR374W-A;YDR383C;YFR046C;YGR179C;YJR135C;YLR315W;YLR381W;YOL086W-A;YPL018W;YPR046W,1,1
YKL114C,0,0,0,0,0,0,0,0,0,0,0,0,0,,0,0
YLL004W,0,0,0,0,0,0,0,0,0,0,0,0,1,YBR060C;YHR118C;YML065W;YNL261W;YPR162C,1,1
YLR085C,0,0,0,0,0,0,0,0,0,0,0,0,1,YAL011W;YBR231C;YDR190C;YDR334W;YDR485C;YFL039C;YGR002C;YJL081C;YLR385C;YLR399C;YML041C;YNL107W;YPL235W,1,1
YLR385C,0,0,0,0,0,0,0,0,0,0,0,0,1,YAL011W;YBR231C;YDR190C;YDR334W;YDR485C;YFL039C;YGR002C;YJL081C;YLR085C;YLR399C;YML041C;YNL107W;YPL235W,1,1
YML041C,0,0,0,0,0,0,0,0,0,0,0,0,1,YAL011W;YBR231C;YDR190C;YDR334W;YDR485C;YFL039C;YGR002C;YJL081C;YLR085C;YLR385C;YLR399C;YNL107W;YPL235W,1,1
YML065W,0,0,0,0,0,0,0,0,0,0,0,0,1,YBR060C;YHR118C;YLL004W;YNL261W;YPR162C,1,1
YMR044W,0,0,0,0,1,0,0,0,0,0,0,0,1,YBR245C;YLR095C,0,1
YMR075W,0,0,0,0,0,0,0,0,0,0,0,0,1,YNL330C;YOL004W;YPL139C;YPR023C,1,1
YNL107W,0,0,0,0,0,0,0,0,0,0,0,0,1,YAL011W;YBR231C;YDR190C;YDR334W;YDR359C;YDR485C;YEL018W;YFL024C;YFL039C;YGR002C;YHR090C;YHR099W;YJL081C;YJR082C;YLR085C;YLR385C;YLR399C;YML041C;YNL136W;YOR244W;YPL235W;YPR023C,2,2
YNL206C,0,0,0,0,0,0,0,0,0,0,0,0,0,,0,0
YNL261W,0,0,0,0,0,0,0,0,0,0,0,0,1,YBR060C;YHR118C;YJL047C;YLL004W;YML065W;YOL133W;YPR162C;YPR164W,2,2
YOL012C,0,0,0,0,0,0,0,0,0,1,0,0,1,YBL002W;YBR009C;YBR010W;YDR224C,0,2
YOL054W,0,0,0,0,0,0,0,0,0,0,0,0,0,,0,0
YOR217W,0,0,0,0,0,0,1,0,0,0,0,0,1,YBR087W;YJR068W;YNL290W;YOL094C,0,1
YOR386W,0,0,0,0,0,0,0,0,0,0,0,0,0,,0,0
YPR031W,0,0,0,0,0,0,0,0,0,0,0,0,1,YBL052C;YJR082C;YOR064C;YPL129W,1,1
YPR162C,0,0,0,0,0,0,0,0,0,0,0,0,1,YBR060C;YHR118C;YLL004W;YML065W;YNL261W,1,1
YDR228C,0,0,0,0,0,0,0,1,0,0,0,0,1,YGL044C;YMR061W;YOL123W;YOR250C,1,2
YGL044C,0,0,0,0,0,0,0,1,0,0,0,0,1,YDR228C;YMR061W;YOL123W;YOR250C,1,2
YOR250C,0,0,0,0,0,0,0,1,0,0,0,0,1,YDR228C;YGL044C;YMR061W;YOL123W,1,2
YMR061W,0,0,0,0,0,0,0,1,0,0,0,0,1,YDR228C;YGL044C;YOL123W;YOR250C,1,2
YGR136W,0,0,0,0,0,0,0,0,0,0,0,0,0,,0,0
YDR232W,0,0,0,0,0,0,0,0,0,0,0,0,0,,0,0
YHR117W,0,0,0,0,0,0,0,0,0,0,0,0,0,,0,0
YGR235C,0,0,0,0,0,0,0,0,0,0,0,0,1,YBR262C;YCL057C-A;YFR011C;YKR016W;YNL100W,1,1
YDR236C,0,0,0,0,0,0,0,0,0,0,0,0,0,,0,0
YDR244W,0,0,0,0,0,0,0,0,0,0,0,0,0,,0,0
YDR243C,0,0,0,0,0,0,0,0,0,0,0,0,1,YBL026W;YBR055C;YBR152W;YDL098C;YDR378C;YDR473C;YEL026W;YER029C;YER112W;YER146W;YER172C;YFL017W-A;YFR005C;YGR074W;YGR075C;YGR091W;YHR156C;YHR165C;YJR022W;YKL173W;YLR147C;YLR275W;YLR438C-A;YNL147W;YOR159C;YOR308C;YPR082C;YPR178W;YPR182W,2,2
YLR191W,0,0,0,0,0,0,0,0,0,0,0,0,1,YGL153W;YNL214W,1,1
YNL214W,0,0,0,0,0,0,0,0,0,0,0,0,1,YGL153W;YLR191W,1,1
YMR026C,0,0,0,0,0,0,0,0,0,0,0,0,1,YDR265W;YJL210W,1,1
YDR257C,0,0,0,0,0,0,0,0,0,0,0,0,0,,0,0
YER049W,0,0,0,0,0,0,0,0,0,0,0,0,0,,0,0
YGL039W,0,0,0,0,0,0,0,0,0,0,0,0,0,,0,0
YJL145W,0,0,0,0,0,0,0,0,0,0,0,0,0,,0,0
YNL001W,0,0,0,1,0,0,0,0,0,0,0,0,1,YKR084C,0,1
YJR102C,0,0,0,0,0,1,0,0,0,0,0,0,1,YLR417W;YPL002C,0,1
YPL002C,0,0,0,0,0,1,0,0,0,0,0,0,1,YJR102C;YLR417W,0,1
YDR265W,0,0,0,0,0,0,0,0,0,0,0,0,1,YJL210W;YMR026C,1,1
YDR267C,0,0,0,0,0,0,0,0,0,0,0,0,1,YHR122W;YIL128W,1,1
YHR122W,0,0,0,0,0,0,0,0,0,0,0,0,1,YDR267C;YIL128W,1,1
YMR313C,0,0,0,0,0,0,0,0,0,0,0,0,0,,0,0
YOR081C,0,0,0,0,0,0,0,0,0,0,0,0,0,,0,0
YDR275W,0,0,0,0,0,0,0,0,0,0,0,0,0,,0,0
YLR154C,0,0,0,0,0,0,0,0,0,0,0,0,1,YDR279W;YNL072W,1,1
YNL072W,0,0,0,0,0,0,0,0,0,0,0,0,1,YDR279W;YLR154C,1,1
YDR279W,0,0,0,0,0,0,0,0,0,0,0,0,1,YLR154C;YNL072W,1,1
YDR291W,0,0,0,0,0,0,0,0,0,0,0,0,0,,0,0
YDR293C,0,0,0,0,0,0,0,0,0,0,0,0,0,,0,0
YIL129C,0,0,0,0,0,0,0,0,0,0,0,0,0,,0,0
YDR294C,0,0,0,0,0,0,0,0,0,0,0,0,0,,0,0
YNL021W,0,0,0,0,0,1,0,0,0,0,0,0,1,YDR295C;YPR179C,0,1
YPR179C,0,0,0,0,0,1,0,0,0,0,0,0,1,YDR295C;YNL021W,0,1
YDR295C,0,0,0,0,0,1,0,0,0,0,0,0,1,YNL021W;YPR179C,0,1
YDR300C,0,0,0,0,0,0,0,0,0,0,0,0,0,,0,0
YJL062W,0,0,0,0,0,0,0,0,0,0,0,0,1,YDR302W,1,1
YDR302W,0,0,0,0,0,0,0,0,0,0,0,0,1,YJL062W;YLL031C,2,2
YPL138C,0,0,0,0,0,0,0,0,0,0,0,0,1,YAR003W;YBR175W;YBR258C;YDR469W;YHR119W;YKL018W;YLR015W,0,1
YLL031C,0,0,0,0,0,0,0,0,0,0,0,0,1,YDR302W,1,1
YDR307W,0,0,0,0,0,0,0,0,0,0,0,0,0,,0,0
YGR199W,0,0,0,0,0,0,0,0,0,0,0,0,0,,0,0
YDR316W,0,0,0,0,0,0,0,0,0,0,0,0,0,,0,0
YGR019W,0,0,0,0,0,0,0,0,0,0,0,0,0,,0,0
YDR381C-A,0,0,0,0,0,0,0,0,0,0,0,0,0,,0,0
YLR381W,0,0,0,0,0,0,0,0,0,0,0,0,1,YAL034W-A;YBR107C;YBR211C;YDL160C-A;YDR254W;YDR318W;YDR374W-A;YDR383C;YFR046C;YGR179C;YJR135C;YKL089W;YLR315W;YOL086W-A;YPL018W;YPR046W,2,2
YDR323C,0,0,0,0,0,0,0,0,0,0,0,0,0,,0,0
YGL095C,0,0,0,0,0,0,0,0,0,0,0,0,0,,0,0
YDR434W,0,0,0,0,0,0,0,0,0,0,0,1,1,YDR331W;YHR188C;YLR088W;YLR459W,0,1
YHR188C,0,0,0,0,0,0,0,0,0,0,0,1,1,YDR331W;YDR434W;YLR088W;YLR459W,0,1
YJL139C,0,0,0,0,0,0,0,0,0,0,0,0,0,,0,0
YDR331W,0,0,0,0,0,0,0,0,0,0,0,1,1,YDR434W;YHR188C;YLR088W;YLR459W,0,1
YDR335W,0,0,0,0,0,0,0,0,0,0,0,0,0,,0,0
YDR332W,0,0,0,0,0,0,0,0,0,0,0,0,0,,0,0
YDR345C,0,0,0,0,0,0,0,0,0,0,0,0,0,,0,0
YDR343C,0,0,0,0,0,0,0,0,0,0,0,0,0,,0,0
YJL019W,0,0,0,0,0,0,0,0,0,0,0,0,0,,0,0
YDR346C,0,0,0,0,0,0,0,0,0,0,0,0,0,,0,0
YDR349C,0,0,0,0,0,0,0,0,0,0,0,0,0,,0,0
YIL147C,0,0,0,0,0,0,0,0,0,0,0,0,0,,0,0
YDR350C,0,0,0,0,0,0,0,0,0,0,0,0,0,,0,0
YDR352W,0,0,0,0,0,0,0,0,0,0,0,0,0,,0,0
YNL054W,0,0,0,0,0,0,0,0,0,0,0,0,1,YFR019W;YFR021W;YLR386W;YNL325C,1,1
YHR106W,0,0,0,0,0,0,0,0,0,0,0,0,0,,0,0
YDR353W,0,0,0,0,0,0,0,0,0,0,0,0,0,,0,0
YPR045C,0,0,0,0,0,0,0,0,0,0,0,0,0,,0,0
YDR367W,0,0,0,0,0,0,0,0,0,0,0,0,1,YKL004W,1,1
YIR009W,0,0,0,0,0,0,0,0,0,0,0,0,1,YAL032C;YBR065C;YBR188C;YCR063W;YDL030W;YDL043C;YDL209C;YDR088C;YDR163W;YDR364C;YDR416W;YDR482C;YER013W;YER029C;YER172C;YFL017W-A;YGL128C;YGL174W;YGR074W;YGR129W;YGR278W;YHR165C;YIR005W;YJL203W;YJR050W;YKL095W;YKL173W;YLL036C;YLR016C;YLR117C;YLR147C;YLR275W;YLR323C;YML049C;YMR213W;YMR240C;YMR288W;YNL138W-A;YNL245C;YNL286W;YOR148C;YOR159C;YOR319W;YPL064C;YPL151C;YPL213W;YPR094W;YPR101W;YPR182W,2,2
YPL213W,0,0,0,0,0,0,0,0,0,0,0,0,1,YAL032C;YBR065C;YBR188C;YCR063W;YDL030W;YDL043C;YDL209C;YDR088C;YDR163W;YDR364C;YDR416W;YDR482C;YER013W;YER029C;YER172C;YFL017W-A;YGL128C;YGL174W;YGR074W;YGR129W;YGR278W;YHR165C;YIR005W;YIR009W;YJL203W;YJR050W;YKL095W;YKL173W;YLL036C;YLR016C;YLR117C;YLR147C;YLR275W;YLR323C;YML049C;YMR213W;YMR240C;YMR288W;YNL138W-A;YNL245C;YNL286W;YOR148C;YOR159C;YOR319W;YPL064C;YPL151C;YPR094W;YPR101W;YPR182W,2,2
YDR368W,0,0,0,0,0,0,0,0,0,0,0,0,0,,0,0
YDR369C,0,0,0,0,0,0,0,0,0,0,0,0,1,YMR224C;YNL250W,1,1
YMR224C,0,0,0,0,0,0,0,0,0,0,0,0,1,YDR369C;YNL250W,1,1
YDR370C,0,0,0,0,0,0,0,0,0,0,0,0,0,,0,0
YDR373W,0,0,0,0,0,0,0,0,0,0,0,0,0,,0,0
YDR379C-A,0,0,0,0,0,0,0,0,0,0,0,0,0,,0,0
YDR377W,0,0,0,0,0,0,0,0,0,0,0,0,1,Q0080;Q0085;Q0130;YBL099W;YBR039W;YDL004W;YDR298C;YDR322C-A;YJR121W;YKL016C;YLR295C;YML081C-A;YOL077W-A;YPL078C;YPL271W;YPR020W,0,1
YGL064C,0,0,0,0,0,0,0,0,0,0,0,0,0,,0,0
YMR039C,0,0,0,0,0,0,0,0,0,0,0,0,0,,0,0
YKL157W,0,0,0,0,0,0,0,0,0,0,0,0,0,,0,0
YIL079C,0,0,0,0,0,0,0,0,0,0,0,0,1,YJL050W;YJR036C;YNL299W;YOL115W,2,2
YLR432W,0,0,0,0,0,0,0,0,0,0,0,0,0,,0,0
YDR390C,0,0,0,1,0,0,0,0,0,0,0,0,1,YPR180W,0,1
YPR180W,0,0,0,1,0,0,0,0,0,0,0,0,1,YDR390C,0,1
YKR019C,0,0,0,0,0,0,0,0,0,0,0,0,0,,0,0
YDR399W,0,0,0,0,0,0,0,0,0,0,0,0,0,,0,0
YDR411C,0,0,0,0,0,0,0,0,0,0,0,0,0,,0,0
YDR400W,0,0,0,0,0,0,0,0,0,0,0,0,0,,0,0
YDR419W,0,0,0,0,0,0,0,0,0,0,0,0,0,,0,0
YDR418W,0,0,0,0,0,0,0,0,0,0,0,0,0,,0,0
YER063W,0,0,0,0,0,0,0,0,0,0,0,0,0,,0,0
YLR448W,0,0,0,0,0,0,0,0,0,0,0,0,0,,0,0
YML073C,0,0,0,0,0,0,0,0,0,0,0,0,0,,0,0
YDR421W,0,0,0,0,0,0,0,0,0,0,0,0,0,,0,0
YOR101W,0,0,0,0,0,0,0,0,0,0,0,0,0,,0,0
YDR425W,0,0,0,0,0,0,0,0,0,0,0,0,1,YJL036W,1,1
YML106W,0,0,0,0,0,0,0,0,0,0,0,0,0,,0,0
YKR072C,0,0,0,0,1,0,0,0,0,0,0,0,1,YKL088W;YOR054C,0,1
YML016C,0,0,0,0,0,0,0,0,0,0,0,0,0,,0,0
YOR054C,0,0,0,0,1,0,0,0,0,0,0,0,1,YKL088W;YKR072C,0,1
YKL088W,0,0,0,0,1,0,0,0,0,0,0,0,1,YDR196C;YGR277C;YIL083C;YKR072C;YOR054C,1,2
YDR437W,0,0,0,0,0,0,0,0,0,0,0,0,1,YGR216C;YNL038W;YPL076W;YPL096C-A;YPL175W,1,1
YGR216C,0,0,0,0,0,0,0,0,0,0,0,0,1,YDR437W;YNL038W;YPL076W;YPL096C-A;YPL175W,1,1
YDR439W,0,0,0,0,0,0,0,0,0,0,0,0,1,YCR086W;YER106W;YPL204W,1,1
YDR441C,0,0,0,0,0,0,0,0,0,0,0,0,0,,0,0
YDR450W,0,0,0,0,0,0,0,0,0,0,0,0,0,,0,0
YDR447C,0,0,0,0,0,0,0,0,0,0,0,0,0,,0,0
YDR385W,0,0,0,0,0,0,0,0,0,0,0,0,0,,0,0
YDR453C,0,0,0,0,0,0,0,0,0,0,0,0,0,,0,0
YDR456W,0,0,0,0,0,0,0,0,0,0,0,0,0,,0,0
YDR464W,0,0,0,0,0,0,0,0,0,0,0,0,0,,0,0
YDR463W,0,0,0,0,0,0,0,0,0,0,0,0,0,,0,0
YDR471W,0,0,0,0,0,0,0,0,0,0,0,0,0,,0,0
YDR465C,0,0,0,0,0,0,0,0,0,0,0,0,0,,0,0
YDR479C,0,0,0,0,0,0,0,0,0,0,0,0,0,,0,0
YNL118C,0,0,0,0,0,0,0,0,0,0,0,0,1,YOL149W,1,1
YLR181C,0,0,0,0,0,0,0,0,0,0,0,0,0,,0,0
YDR486C,0,0,0,0,0,0,0,0,0,0,0,0,0,,0,0
YKL041W,0,0,0,0,0,0,0,0,0,0,0,0,1,YKL002W;YLR025W;YMR077C,1,1
YDR493W,0,0,0,0,0,0,0,0,0,0,0,0,0,,0,0
YDR497C,0,0,0,0,0,0,0,0,0,0,0,0,0,,0,0
YDR498C,0,0,0,0,0,1,0,0,0,0,0,0,1,YGL098W;YLR268W;YOR075W,0,1
YGL098W,0,0,0,0,0,1,0,0,0,0,0,0,1,YDR498C;YLR268W;YOR075W,0,1
YGL145W,0,0,0,0,0,0,0,0,0,0,0,0,1,YLR440C;YNL258C,1,1
YLR440C,0,0,0,0,0,0,0,0,0,0,0,0,1,YGL145W;YNL258C,1,1
YDR500C,0,0,0,0,0,0,0,0,0,0,0,0,0,,0,0
YLR344W,0,0,0,0,0,0,0,0,0,0,0,0,0,,0,0
YOR056C,0,0,0,0,0,0,0,0,0,0,0,0,0,,0,0
YDR503C,0,0,0,0,0,0,0,0,0,0,0,0,0,,0,0
YDR513W,0,0,0,0,0,0,0,0,0,0,0,0,0,,0,0
YAL033W,0,0,0,0,0,0,0,0,0,0,1,0,1,YBL018C;YBR167C;YBR257W;YDR478W;YGR030C;YHR062C;YIR015W;YLR145W;YNL221C;YNL282W,0,2
YBR167C,0,0,0,0,0,0,0,0,0,0,1,0,1,YAL033W;YBL018C;YBR257W;YDR478W;YGR030C;YHR062C;YIR015W;YLR145W;YNL221C;YNL282W,0,2
YBL018C,0,0,0,0,0,0,0,0,0,0,1,0,1,YAL033W;YBR167C;YBR257W;YDR478W;YGR030C;YHR062C;YIR015W;YLR145W;YNL221C;YNL282W,0,2
YGR030C,0,0,0,0,0,0,0,0,0,0,1,0,1,YAL033W;YBL018C;YBR167C;YBR257W;YDR478W;YHR062C;YIR015W;YLR145W;YNL221C;YNL282W,0,2
YBR257W,0,0,0,0,0,0,0,0,0,0,1,0,1,YAL033W;YBL018C;YBR167C;YDR478W;YGR030C;YHR062C;YIR015W;YLR145W;YNL221C;YNL282W,0,2
YNL221C,0,0,0,0,0,0,0,0,0,0,1,0,1,YAL033W;YBL018C;YBR167C;YBR257W;YDR478W;YGR030C;YHR062C;YIR015W;YLR145W;YNL282W,0,2
YHR062C,0,0,0,0,0,0,0,0,0,0,1,0,1,YAL033W;YBL018C;YBR167C;YBR257W;YDR478W;YGR030C;YIR015W;YLR145W;YNL221C;YNL282W,0,2
YDR511W,0,0,0,0,0,0,0,0,0,0,0,0,0,,0,0
YDR527W,0,0,0,0,0,0,0,0,0,0,0,0,0,,0,0
YDR520C,0,0,0,0,0,0,0,0,0,0,0,0,0,,0,0
YDR528W,0,0,0,0,0,0,0,0,0,0,0,0,0,,0,0
YDR530C,0,0,0,0,0,0,0,0,0,0,0,0,0,,0,0
YGL093W,0,0,0,0,0,0,0,0,0,0,0,0,1,YDR532C,1,1
YDR532C,0,0,0,0,0,0,0,0,0,0,0,0,1,YGL093W,1,1
YDR539W,0,0,0,0,0,0,0,0,0,0,0,0,0,,0,0
YGL226C-A,0,0,0,0,0,0,0,0,0,1,0,0,1,YDL232W;YEL002C;YGL022W;YJL002C;YML019W;YMR149W;YOR085W;YOR103C,0,2
YEL003W,0,0,0,0,0,0,0,1,0,0,0,0,1,YGR078C;YJL179W;YLR200W;YML094W;YNL153C,0,1
YGR078C,0,0,0,0,0,0,0,1,0,0,0,0,1,YEL003W;YJL179W;YLR200W;YML094W;YNL153C,0,1
YML094W,0,0,0,0,0,0,0,1,0,0,0,0,1,YEL003W;YGR078C;YJL179W;YLR200W;YNL153C,0,1
YJL179W,0,0,0,0,0,0,0,1,0,0,0,0,1,YEL003W;YGR078C;YLR200W;YML094W;YNL153C,0,1
YNL153C,0,0,0,0,0,0,0,1,0,0,0,0,1,YEL003W;YGR078C;YJL179W;YLR200W;YML094W,0,1
YJR131W,0,0,0,0,0,0,0,0,0,0,0,0,0,,0,0
YEL005C,0,0,0,0,0,0,0,0,0,0,0,0,1,YDR357C;YGL079W;YKL061W;YLR408C;YNL086W,1,1
YHR163W,0,0,0,0,0,0,0,0,0,0,0,0,0,,0,0
YEL009C,0,0,0,0,0,0,0,0,0,0,0,0,0,,0,0
YLR258W,0,0,0,0,0,0,0,0,0,0,0,0,0,,0,0
YJL137C,0,0,0,0,0,0,0,0,0,0,0,0,0,,0,0
YEL011W,0,0,0,0,0,0,0,0,0,0,0,0,0,,0,0
YEL012W,0,0,0,0,0,0,0,0,0,0,0,0,0,,0,0
YGL211W,0,0,0,0,0,0,0,0,0,0,0,0,0,,0,0
YNL119W,0,0,0,0,0,0,0,0,0,0,0,0,0,,0,0
YEL014C,0,0,0,0,0,0,0,0,0,0,0,0,0,,0,0
YEL015W,0,0,0,0,0,0,0,0,0,0,0,0,0,,0,0
YOL149W,0,0,0,0,0,0,0,0,0,0,0,0,1,YNL118C,1,1
YEL017C-A,0,0,0,0,0,0,0,0,0,0,0,0,0,,0,0
YDR359C,0,0,0,0,0,0,0,0,0,0,0,0,1,YEL018W;YFL024C;YFL039C;YGR002C;YHR090C;YHR099W;YJL081C;YJR082C;YNL107W;YNL136W;YOR244W;YPR023C,1,1
YEL018W,0,0,0,0,0,0,0,0,0,0,0,0,1,YDR359C;YFL024C;YFL039C;YGR002C;YHR090C;YHR099W;YJL081C;YJR082C;YNL107W;YNL136W;YOR244W;YPR023C,2,2
YEL025C,0,0,0,0,0,0,0,0,0,0,0,0,0,,0,0
YFL038C,0,0,0,0,0,0,0,0,0,0,0,0,0,,0,0
YEL027W,0,0,0,0,0,0,0,0,0,0,0,0,1,YBR127C;YCL005W-A;YDL185W;YEL051W;YGR020C;YGR106C;YHR026W;YHR039C-A;YKL080W;YLR447C;YMR054W;YOR270C;YOR332W;YPL234C;YPR036W;YPR170W-B,0,2
YNR027W,0,0,0,0,0,0,0,0,0,0,0,0,0,,0,0
YEL029C,0,0,0,0,0,0,0,0,0,0,0,0,0,,0,0
YML048W,0,0,0,0,0,0,0,0,0,0,0,0,0,,0,0
YHR190W,0,0,0,0,0,0,0,0,0,0,0,0,0,,0,0
YEL043W,0,0,0,0,0,0,0,0,0,0,0,0,0,,0,0
YGR089W,0,0,0,0,0,0,0,0,0,0,0,0,0,,0,0
YPL028W,0,0,0,0,0,0,0,0,0,0,0,0,0,,0,0
YEL048C,0,0,0,0,0,0,0,0,0,0,0,0,1,YBR254C;YDR246W;YDR407C;YDR472W;YGR166W;YKR068C;YML077W;YMR218C;YOR115C,0,1
YIL031W,0,0,0,0,0,0,0,0,0,0,0,0,0,,0,0
YEL053C,0,0,0,0,0,0,0,0,0,0,0,0,1,YCR020C-A;YPR051W,1,1
YPR051W,0,0,0,0,0,0,0,0,0,0,0,0,1,YCR020C-A;YEL053C,1,1
YEL052W,0,0,0,0,0,0,0,0,0,0,0,0,0,,0,0
YCR020C-A,0,0,0,0,0,0,0,0,0,0,0,0,1,YEL053C;YPR051W,1,1
YGR106C,0,0,0,0,0,0,0,0,0,0,0,0,1,YBR127C;YCL005W-A;YDL185W;YEL027W;YEL051W;YGR020C;YHR026W;YHR039C-A;YKL080W;YLR447C;YMR054W;YOR270C;YOR332W;YPL234C;YPR036W;YPR170W-B,0,2
YJR053W,0,0,0,0,0,0,0,0,0,0,0,0,1,YMR055C,1,1
YOL122C,0,0,0,0,0,0,0,0,0,0,0,0,0,,0,0
YEL055C,0,0,0,0,0,0,0,0,0,0,0,0,0,,0,0
YKL210W,0,0,0,0,0,0,0,0,0,0,0,0,0,,0,0
YEL054C,0,0,0,0,0,0,0,0,0,0,0,0,0,,0,0
YEL058W,0,0,0,0,0,0,0,0,0,0,0,0,0,,0,0
YOR184W,0,0,0,0,0,0,0,0,0,0,0,0,0,,0,0
YEL073C,0,0,0,0,0,0,0,0,0,0,0,0,0,,0,0
YER011W,0,0,0,0,0,0,0,0,0,0,0,0,0,,0,0
YER018C,0,0,0,0,0,0,0,0,0,0,0,0,1,YIL144W;YMR117C;YOL069W,1,1
YFR008W,0,0,0,0,0,0,0,0,0,0,0,0,1,YDR200C;YLR238W;YMR029C;YMR052W;YNL127W,1,1
YLR238W,0,0,0,0,0,0,0,0,0,0,0,0,1,YDR200C;YFR008W;YMR029C;YMR052W;YNL127W,1,1
YNL127W,0,0,0,0,0,0,0,0,0,0,0,0,1,YDR200C;YFR008W;YLR238W;YMR029C;YMR052W,1,1
YER030W,0,0,0,0,0,0,0,0,0,0,0,0,0,,0,0
YER035W,0,0,0,0,0,0,0,0,0,0,0,0,0,,0,0
YPL128C,0,0,0,0,0,0,0,0,0,0,0,0,0,,0,0
YER037W,0,0,0,0,0,0,0,0,0,0,0,0,0,,0,0
YER040W,0,0,0,0,0,0,0,0,0,0,0,0,0,,0,0
YER053C,0,0,0,0,0,0,0,0,0,0,0,0,0,,0,0
YER059W,0,0,0,1,0,0,0,0,0,0,0,0,1,YPL031C,0,1
YPL031C,0,0,0,1,0,0,0,0,0,0,0,0,1,YDL127W;YDL179W;YER059W;YGL134W;YGL215W;YHR071W;YIL050W;YNL289W;YOL001W;YPL219W,0,10
YPL219W,0,0,0,1,0,0,0,0,0,0,0,0,1,YPL031C,0,1
YHL032C,0,0,0,0,0,0,0,0,0,0,0,0,0,,0,0
YER062C,0,0,0,0,0,0,0,0,0,0,0,0,0,,0,0
YER069W,0,0,0,0,0,0,0,0,0,0,0,0,0,,0,0
YIL034C,0,0,0,1,0,0,0,0,0,0,0,0,1,YKL007W,0,1
YER074W,0,0,0,0,0,0,0,0,0,0,0,0,0,,0,0
YKL211C,0,0,0,1,0,0,0,0,0,0,0,0,1,YER090W,0,1
YER095W,0,0,0,0,0,0,0,0,0,0,0,0,0,,0,0
YER104W,0,0,0,0,0,0,0,0,0,0,0,0,0,,0,0
YER102W,0,0,0,0,0,0,0,0,0,0,0,0,0,,0,0
YMR047C,0,0,0,0,0,0,0,0,0,0,0,0,1,YAR002W;YBL079W;YDL088C;YDL116W;YDL207W;YDR192C;YDR424C;YER105C;YER107C;YFR002W;YGL100W;YGL172W;YGR119C;YIL115C;YIL149C;YJL039C;YJL041W;YJL061W;YJR042W;YKL057C;YKL068W;YKR082W;YKR095W;YLR018C;YLR208W;YLR335W;YML031W;YML103C;YMR129W;YMR153W;YOR098C,1,1
YDL149W,0,0,0,0,0,0,0,0,0,0,0,0,0,,0,0
YER111C,0,0,0,1,0,0,0,0,0,0,0,0,1,YLR182W,0,1
YER117W,0,0,0,0,0,0,0,0,0,0,0,0,0,,0,0
YER116C,0,0,0,1,0,0,0,0,0,0,0,0,1,YDL013W,0,1
YDL013W,0,0,0,1,0,0,0,0,0,0,0,0,1,YER116C,0,1
YER120W,0,0,0,0,0,0,0,0,0,0,0,0,0,,0,0
YAR042W,0,0,0,0,0,0,0,0,0,0,0,0,0,,0,0
YHL020C,0,0,0,0,0,0,0,0,0,0,0,0,0,,0,0
YER124C,0,0,0,0,0,0,0,0,0,0,0,0,0,,0,0
YBR071W,0,0,0,0,0,0,0,0,0,0,0,0,0,,0,0
YLR410W,0,0,0,0,0,0,0,0,0,0,0,0,0,,0,0
YLR396C,0,0,0,0,0,0,0,0,0,0,0,0,1,YAL002W;YDL077C;YDR080W;YDR495C;YLR148W;YMR231W;YPL045W,2,2
YMR231W,0,0,0,0,0,0,0,0,0,0,0,0,1,YAL002W;YDL077C;YDR080W;YDR495C;YLR148W;YLR396C;YPL045W,2,2
YPL045W,0,0,0,0,0,0,0,0,0,0,0,0,1,YAL002W;YDL077C;YDR080W;YDR495C;YLR148W;YLR396C;YMR231W,2,2
YML001W,0,0,0,0,0,0,0,0,0,0,0,0,0,,0,0
YER134C,0,0,0,0,0,0,0,0,0,0,0,0,0,,0,0
YER140W,0,0,0,0,0,0,0,0,0,0,0,0,0,,0,0
YOR154W,0,0,0,0,0,0,0,0,0,0,0,0,0,,0,0
YER141W,0,0,0,0,0,0,0,0,0,0,0,0,0,,0,0
YER149C,0,0,0,0,0,0,0,0,0,0,0,0,1,YLL021W;YLR319C;YNL271C;YNL293W;YOL112W,1,1
YLL021W,0,0,0,0,0,0,0,0,0,0,0,0,1,YER149C;YLR319C;YNL271C;YNL293W;YOL112W,1,1
YER143W,0,0,0,0,0,0,0,0,0,0,0,0,0,,0,0
YER150W,0,0,0,0,0,0,0,0,0,0,0,0,0,,0,0
YGL005C,0,0,0,0,0,0,0,0,0,0,0,0,1,YER157W;YGL223C;YGR120C;YML071C;YNL041C;YNL051W;YPR105C,1,1
YNL051W,0,0,0,0,0,0,0,0,0,0,0,0,1,YER157W;YGL005C;YGL223C;YGR120C;YML071C;YNL041C;YPR105C,1,1
YGL223C,0,0,0,0,0,0,0,0,0,0,0,0,1,YER157W;YGL005C;YGR120C;YML071C;YNL041C;YNL051W;YPR105C,1,1
YPR105C,0,0,0,0,0,0,0,0,0,0,0,0,1,YER157W;YGL005C;YGL223C;YGR120C;YML071C;YNL041C;YNL051W,1,1
YNL041C,0,0,0,0,0,0,0,0,0,0,0,0,1,YER157W;YGL005C;YGL223C;YGR120C;YML071C;YNL051W;YPR105C,1,1
YML071C,0,0,0,0,0,0,0,0,0,0,0,0,1,YER157W;YGL005C;YGL223C;YGR120C;YNL041C;YNL051W;YPR105C,1,1
YER157W,0,0,0,0,0,0,0,0,0,0,0,0,1,YGL005C;YGL223C;YGR120C;YML071C;YNL041C;YNL051W;YPR105C,1,1
YGR120C,0,0,0,0,0,0,0,0,0,0,0,0,1,YER157W;YGL005C;YGL223C;YML071C;YNL041C;YNL051W;YPR105C,1,1
YER163C,0,0,0,0,0,0,0,0,0,0,0,0,0,,0,0
YER161C,0,0,0,0,0,0,0,0,0,0,0,0,0,,0,0
YLR342W,0,0,0,0,0,0,0,0,0,0,0,0,1,YPR165W,1,1
YAL030W,0,0,0,0,1,1,0,0,0,0,0,0,1,YAL014C;YDR468C;YGR009C;YMR017W;YMR183C;YMR197C;YOL018C;YOR036W;YPL232W,1,6
YDR093W,0,0,0,0,0,0,0,0,0,0,0,0,1,YNL323W,1,1
YBL007C,0,0,0,0,0,0,0,0,0,0,0,0,1,YIR006C;YNL084C;YOR181W,2,2
YER183C,0,0,0,0,0,0,0,0,0,0,0,0,0,,0,0
YOR298C-A,0,0,0,0,0,0,0,0,0,0,0,0,0,,0,0
YFL017W-A,0,0,0,0,0,0,0,0,1,0,0,0,1,YBL026W;YBL074C;YBR055C;YBR119W;YBR152W;YBR237W;YDL030W;YDL043C;YDL087C;YDL098C;YDR235W;YDR240C;YDR243C;YDR378C;YDR473C;YEL026W;YER029C;YER112W;YER146W;YER172C;YFR005C;YGL174W;YGR013W;YGR074W;YGR075C;YGR091W;YHR086W;YHR156C;YHR165C;YIL061C;YIR005W;YIR009W;YJL203W;YJR022W;YKL012W;YKL074C;YKL173W;YLR016C;YLR116W;YLR147C;YLR275W;YLR298C;YLR438C-A;YML046W;YML049C;YMR240C;YMR288W;YNL138W-A;YNL147W;YNL286W;YOR159C;YOR308C;YOR319W;YPL213W;YPR082C;YPR094W;YPR178W;YPR182W,8,9
YAL032C,0,0,0,0,0,0,0,0,0,0,0,0,1,YBR065C;YBR188C;YCR063W;YDL030W;YDL043C;YDL209C;YDR088C;YDR163W;YDR364C;YDR416W;YDR482C;YER013W;YER029C;YER172C;YGL128C;YGL174W;YGR074W;YGR129W;YGR278W;YHR165C;YIR005W;YIR009W;YJL203W;YJR050W;YKL095W;YKL173W;YLL036C;YLR117C;YLR147C;YLR275W;YLR323C;YML049C;YMR213W;YMR240C;YMR288W;YNL245C;YOR148C;YPL064C;YPL151C;YPL213W;YPR101W;YPR182W,1,1
YBR065C,0,0,0,0,0,0,0,0,0,0,0,0,1,YAL032C;YBR188C;YCR063W;YDL030W;YDL043C;YDL209C;YDR088C;YDR163W;YDR364C;YDR416W;YDR482C;YER013W;YER029C;YER172C;YGL128C;YGL174W;YGR074W;YGR129W;YGR278W;YHR165C;YIR005W;YIR009W;YJL203W;YJR050W;YKL095W;YKL173W;YLL036C;YLR117C;YLR147C;YLR275W;YLR323C;YML049C;YMR213W;YMR240C;YMR288W;YNL245C;YOR148C;YPL064C;YPL151C;YPL213W;YPR101W;YPR182W,1,1
YDL030W,0,0,0,0,1,0,0,0,0,0,0,0,1,YAL032C;YBR065C;YBR188C;YCR063W;YDL043C;YDL209C;YDR088C;YDR163W;YDR364C;YDR416W;YDR482C;YER013W;YER029C;YER172C;YFL017W-A;YGL128C;YGL174W;YGR074W;YGR129W;YGR278W;YHR165C;YIR005W;YIR009W;YJL203W;YJR050W;YKL095W;YKL173W;YLL036C;YLR016C;YLR117C;YLR147C;YLR275W;YLR323C;YML049C;YMR213W;YMR240C;YMR288W;YNL138W-A;YNL245C;YNL286W;YOR148C;YOR159C;YOR319W;YPL064C;YPL151C;YPL213W;YPR094W;YPR101W;YPR182W,2,3
YCR063W,0,0,0,0,0,0,0,0,0,0,0,0,1,YAL032C;YBR065C;YBR188C;YDL030W;YDL043C;YDL209C;YDR088C;YDR163W;YDR364C;YDR416W;YDR482C;YER013W;YER029C;YER172C;YGL128C;YGL174W;YGR074W;YGR129W;YGR278W;YHR165C;YIR005W;YIR009W;YJL203W;YJR050W;YKL095W;YKL173W;YLL036C;YLR117C;YLR147C;YLR275W;YLR323C;YML049C;YMR213W;YMR240C;YMR288W;YNL245C;YOR148C;YPL064C;YPL151C;YPL213W;YPR101W;YPR182W,1,1
YDL043C,0,0,0,0,1,0,0,0,0,0,0,0,1,YAL032C;YBR065C;YBR188C;YCR063W;YDL030W;YDL209C;YDR088C;YDR163W;YDR364C;YDR416W;YDR482C;YER013W;YER029C;YER172C;YFL017W-A;YGL128C;YGL174W;YGR074W;YGR129W;YGR278W;YHR165C;YIR005W;YIR009W;YJL203W;YJR050W;YKL095W;YKL173W;YLL036C;YLR016C;YLR117C;YLR147C;YLR275W;YLR323C;YML049C;YMR213W;YMR240C;YMR288W;YNL138W-A;YNL245C;YNL286W;YOR148C;YOR159C;YOR319W;YPL064C;YPL151C;YPL213W;YPR094W;YPR101W;YPR182W,2,3
YDL209C,0,0,0,0,0,0,0,0,0,0,0,0,1,YAL032C;YBR065C;YBR188C;YCR063W;YDL030W;YDL043C;YDR088C;YDR163W;YDR364C;YDR416W;YDR482C;YER013W;YER029C;YER172C;YGL128C;YGL174W;YGR074W;YGR129W;YGR278W;YHR165C;YIR005W;YIR009W;YJL203W;YJR050W;YKL095W;YKL173W;YLL036C;YLR117C;YLR147C;YLR275W;YLR323C;YML049C;YMR213W;YMR240C;YMR288W;YNL245C;YOR148C;YPL064C;YPL151C;YPL213W;YPR101W;YPR182W,1,1
YDR163W,0,0,0,0,0,0,0,0,0,0,0,0,1,YAL032C;YBR065C;YBR188C;YCR063W;YDL030W;YDL043C;YDL209C;YDR088C;YDR364C;YDR416W;YDR482C;YER013W;YER029C;YER172C;YGL128C;YGL174W;YGR074W;YGR129W;YGR278W;YHR165C;YIR005W;YIR009W;YJL203W;YJR050W;YKL095W;YKL173W;YLL036C;YLR117C;YLR147C;YLR275W;YLR323C;YML049C;YMR213W;YMR240C;YMR288W;YNL245C;YOR148C;YPL064C;YPL151C;YPL213W;YPR101W;YPR182W,1,1
YDR364C,0,0,0,0,0,0,0,0,0,0,0,0,1,YAL032C;YBR065C;YBR188C;YCR063W;YDL030W;YDL043C;YDL209C;YDR088C;YDR163W;YDR416W;YDR482C;YER013W;YER029C;YER172C;YGL128C;YGL174W;YGR074W;YGR129W;YGR278W;YHR165C;YIR005W;YIR009W;YJL203W;YJR050W;YKL095W;YKL173W;YLL036C;YLR117C;YLR147C;YLR275W;YLR323C;YML049C;YMR213W;YMR240C;YMR288W;YNL245C;YOR148C;YPL064C;YPL151C;YPL213W;YPR101W;YPR182W,1,1
YDR416W,0,0,0,0,0,0,0,0,0,0,0,0,1,YAL032C;YBR065C;YBR188C;YCR063W;YDL030W;YDL043C;YDL209C;YDR088C;YDR163W;YDR364C;YDR482C;YER013W;YER029C;YER172C;YGL128C;YGL174W;YGR074W;YGR129W;YGR278W;YHR165C;YIR005W;YIR009W;YJL203W;YJR050W;YKL095W;YKL173W;YLL036C;YLR117C;YLR147C;YLR275W;YLR323C;YML049C;YMR213W;YMR240C;YMR288W;YNL245C;YOR148C;YPL064C;YPL151C;YPL213W;YPR101W;YPR182W,2,2
YGR129W,0,0,0,0,0,0,0,0,0,0,0,0,1,YAL032C;YBR065C;YBR188C;YCR063W;YDL030W;YDL043C;YDL209C;YDR088C;YDR163W;YDR364C;YDR416W;YDR482C;YER013W;YER029C;YER172C;YGL128C;YGL174W;YGR074W;YGR278W;YHR165C;YIR005W;YIR009W;YJL203W;YJR050W;YKL095W;YKL173W;YLL036C;YLR117C;YLR147C;YLR275W;YLR323C;YML049C;YMR213W;YMR240C;YMR288W;YNL245C;YOR148C;YPL064C;YPL151C;YPL213W;YPR101W;YPR182W,2,2
YHR156C,0,0,0,0,0,0,0,0,0,0,0,0,1,YBR055C;YDR243C;YER029C;YER172C;YFL017W-A;YGR074W;YHR165C;YKL173W;YLR147C;YLR275W;YOR159C;YPR082C;YPR182W,1,1
YJL203W,0,0,0,0,1,0,0,0,0,0,0,0,1,YAL032C;YBR065C;YBR188C;YCR063W;YDL030W;YDL043C;YDL209C;YDR088C;YDR163W;YDR364C;YDR416W;YDR482C;YER013W;YER029C;YER172C;YFL017W-A;YGL128C;YGL174W;YGR074W;YGR129W;YGR278W;YHR165C;YIR005W;YIR009W;YJR050W;YKL095W;YKL173W;YLL036C;YLR016C;YLR117C;YLR147C;YLR275W;YLR323C;YML049C;YMR213W;YMR240C;YMR288W;YNL138W-A;YNL245C;YNL286W;YOR148C;YOR159C;YOR319W;YPL064C;YPL151C;YPL213W;YPR094W;YPR101W;YPR182W,2,3
YJR050W,0,0,0,0,0,0,0,0,0,0,0,0,1,YAL032C;YBR065C;YBR188C;YCR063W;YDL030W;YDL043C;YDL209C;YDR088C;YDR163W;YDR364C;YDR416W;YDR482C;YER013W;YER029C;YER172C;YGL128C;YGL174W;YGR074W;YGR129W;YGR278W;YHR165C;YIR005W;YIR009W;YJL203W;YKL095W;YKL173W;YLL036C;YLR117C;YLR147C;YLR275W;YLR323C;YML049C;YMR213W;YMR240C;YMR288W;YNL245C;YOR148C;YPL064C;YPL151C;YPL213W;YPR101W;YPR182W,2,2
YKL095W,0,0,0,0,0,0,0,0,0,0,0,0,1,YAL032C;YBR065C;YBR188C;YCR063W;YDL030W;YDL043C;YDL209C;YDR088C;YDR163W;YDR364C;YDR416W;YDR482C;YER013W;YER029C;YER172C;YGL128C;YGL174W;YGR074W;YGR129W;YGR278W;YHR165C;YIR005W;YIR009W;YJL203W;YJR050W;YKL173W;YLL036C;YLR117C;YLR147C;YLR275W;YLR323C;YML049C;YMR213W;YMR240C;YMR288W;YNL245C;YOR148C;YPL064C;YPL151C;YPL213W;YPR101W;YPR182W,1,1
YLL036C,0,0,0,0,0,0,0,0,0,0,0,0,1,YAL032C;YBR065C;YBR188C;YCR063W;YDL030W;YDL043C;YDL209C;YDR088C;YDR163W;YDR364C;YDR416W;YDR482C;YER013W;YER029C;YER172C;YGL128C;YGL174W;YGR074W;YGR129W;YGR278W;YHR165C;YIR005W;YIR009W;YJL203W;YJR050W;YKL095W;YKL173W;YLR117C;YLR147C;YLR275W;YLR323C;YML049C;YMR213W;YMR240C;YMR288W;YNL245C;YOR148C;YPL064C;YPL151C;YPL213W;YPR101W;YPR182W,2,2
YLR117C,0,0,0,0,0,0,0,0,0,0,0,0,1,YAL032C;YBR065C;YBR188C;YCR063W;YDL030W;YDL043C;YDL209C;YDR088C;YDR163W;YDR364C;YDR416W;YDR482C;YER013W;YER029C;YER172C;YGL128C;YGL174W;YGR074W;YGR129W;YGR278W;YHR165C;YIR005W;YIR009W;YJL203W;YJR050W;YKL095W;YKL173W;YLL036C;YLR147C;YLR275W;YLR323C;YML049C;YMR213W;YMR240C;YMR288W;YNL245C;YOR148C;YPL064C;YPL151C;YPL213W;YPR101W;YPR182W,2,2
YML049C,0,0,0,0,0,0,0,0,0,0,0,0,1,YAL032C;YBR065C;YBR188C;YCR063W;YDL030W;YDL043C;YDL209C;YDR088C;YDR163W;YDR364C;YDR416W;YDR482C;YER013W;YER029C;YER172C;YFL017W-A;YGL128C;YGL174W;YGR074W;YGR129W;YGR278W;YHR165C;YIR005W;YIR009W;YJL203W;YJR050W;YKL095W;YKL173W;YLL036C;YLR016C;YLR117C;YLR147C;YLR275W;YLR323C;YMR213W;YMR240C;YMR288W;YNL138W-A;YNL245C;YNL286W;YOR148C;YOR159C;YOR319W;YPL064C;YPL151C;YPL213W;YPR094W;YPR101W;YPR182W,3,3
YMR288W,0,0,0,0,0,0,0,0,0,0,0,0,1,YAL032C;YBR065C;YBR188C;YCR063W;YDL030W;YDL043C;YDL209C;YDR088C;YDR163W;YDR364C;YDR416W;YDR482C;YER013W;YER029C;YER172C;YFL017W-A;YGL128C;YGL174W;YGR074W;YGR129W;YGR278W;YHR165C;YIR005W;YIR009W;YJL203W;YJR050W;YKL095W;YKL173W;YLL036C;YLR016C;YLR117C;YLR147C;YLR275W;YLR323C;YML049C;YMR213W;YMR240C;YNL138W-A;YNL245C;YNL286W;YOR148C;YOR159C;YOR319W;YPL064C;YPL151C;YPL213W;YPR094W;YPR101W;YPR182W,3,3
YOR319W,0,0,0,0,0,0,0,0,0,0,0,0,1,YDL030W;YDL043C;YER029C;YFL017W-A;YGL174W;YGR074W;YIR005W;YIR009W;YJL203W;YLR016C;YLR147C;YLR275W;YML049C;YMR240C;YMR288W;YNL138W-A;YNL286W;YOR159C;YPL213W;YPR094W;YPR182W,2,2
YPL151C,0,0,0,0,0,0,0,0,0,0,0,0,1,YAL032C;YBR065C;YBR188C;YCR063W;YDL030W;YDL043C;YDL209C;YDR088C;YDR163W;YDR364C;YDR416W;YDR482C;YER013W;YER029C;YER172C;YGL128C;YGL174W;YGR074W;YGR129W;YGR278W;YHR165C;YIR005W;YIR009W;YJL203W;YJR050W;YKL095W;YKL173W;YLL036C;YLR117C;YLR147C;YLR275W;YLR323C;YML049C;YMR213W;YMR240C;YMR288W;YNL245C;YOR148C;YPL064C;YPL213W;YPR101W;YPR182W,1,1
YPR094W,0,0,0,0,0,0,0,0,0,0,0,0,1,YDL030W;YDL043C;YER029C;YFL017W-A;YGL174W;YGR074W;YIR005W;YIR009W;YJL203W;YLR016C;YLR147C;YLR275W;YML049C;YMR240C;YMR288W;YNL138W-A;YNL286W;YOR159C;YOR319W;YPL213W;YPR182W,2,2
YPR101W,0,0,0,0,0,0,0,0,0,0,0,0,1,YAL032C;YBR065C;YBR188C;YCR063W;YDL030W;YDL043C;YDL209C;YDR088C;YDR163W;YDR364C;YDR416W;YDR482C;YER013W;YER029C;YER172C;YGL128C;YGL174W;YGR074W;YGR129W;YGR278W;YHR165C;YIR005W;YIR009W;YJL203W;YJR050W;YKL095W;YKL173W;YLL036C;YLR117C;YLR147C;YLR275W;YLR323C;YML049C;YMR213W;YMR240C;YMR288W;YNL245C;YOR148C;YPL064C;YPL151C;YPL213W;YPR182W,2,2
YFL017C,0,0,0,0,0,0,0,0,0,0,0,0,0,,0,0
YFL024C,0,0,0,0,0,0,0,0,0,0,0,0,1,YDR359C;YEL018W;YFL039C;YGR002C;YHR090C;YHR099W;YJL081C;YJR082C;YNL107W;YNL136W;YOR244W;YPR023C,2,2
YGR002C,0,0,0,0,0,0,0,0,0,0,0,0,1,YAL011W;YBR231C;YDR190C;YDR334W;YDR359C;YDR485C;YEL018W;YFL024C;YFL039C;YHR090C;YHR099W;YJL081C;YJR082C;YLR085C;YLR385C;YLR399C;YML041C;YNL107W;YNL136W;YOR244W;YPL235W;YPR023C,2,2
YOR244W,0,0,0,0,0,0,0,0,0,0,0,0,1,YDR359C;YEL018W;YFL024C;YFL039C;YGR002C;YHR090C;YHR099W;YJL081C;YJR082C;YNL107W;YNL136W;YPR023C,2,2
YFL026W,0,0,0,0,0,0,0,0,0,0,0,0,0,,0,0
YFL034W,0,0,0,0,0,0,0,0,0,0,0,0,0,,0,0
YHL019C,0,0,0,0,0,0,0,0,0,0,0,0,1,YKL135C;YLR170C;YPR029C,1,1
YFL034C-B,0,0,0,0,0,0,0,0,0,0,0,0,1,YNL161W,1,1
YKL135C,0,0,0,0,0,0,0,0,0,0,0,0,1,YHL019C;YLR170C;YPL259C;YPR029C,2,2
YJL034W,0,0,0,0,0,0,0,0,0,0,0,0,1,YDR057W;YLR207W,1,1
YLR110C,0,0,0,0,0,0,0,0,0,0,0,0,0,,0,0
YML130C,0,0,0,0,0,0,0,0,0,0,0,0,0,,0,0
YIL015W,0,0,0,0,0,0,0,0,0,0,0,0,0,,0,0
YFL046W,0,0,0,0,0,0,0,0,0,0,0,0,0,,0,0
YGR264C,0,0,0,0,1,0,0,0,0,0,0,0,1,YGL105W;YGL245W,0,1
YFL062W,0,0,0,0,0,0,0,0,0,0,0,0,0,,0,0
YFR005C,0,0,0,0,0,0,0,0,0,0,0,0,1,YBL026W;YBR055C;YBR152W;YDL098C;YDR243C;YDR378C;YDR473C;YEL026W;YER029C;YER112W;YER146W;YER172C;YFL017W-A;YGR074W;YGR075C;YGR091W;YHR165C;YJR022W;YKL173W;YLR147C;YLR275W;YLR438C-A;YNL147W;YOR159C;YOR308C;YPR082C;YPR178W;YPR182W,1,1
YMR238W,0,0,0,0,0,0,0,0,0,0,0,0,0,,0,0
YFR014C,0,0,0,0,0,0,0,0,0,0,0,0,0,,0,0
YFR015C,0,0,0,0,0,0,0,0,0,0,0,0,0,,0,0
YFR019W,0,0,0,0,0,0,0,0,0,0,0,0,1,YFR021W;YLR386W;YNL054W;YNL325C,1,1
YFR017C,0,0,0,0,0,0,0,0,0,0,0,0,0,,0,0
YFR021W,0,0,0,0,0,0,0,0,0,0,0,0,1,YFR019W;YLR386W;YNL054W;YNL242W;YNL325C,2,2
YNL242W,0,0,0,0,0,0,0,0,0,0,0,0,1,YFR021W,1,1
YFR032C-A,0,0,0,0,0,0,0,0,0,0,0,0,1,YBL092W;YGL030W;YGL103W;YJL189W;YLR075W;YLR325C;YLR340W;YOR063W;YPL131W,0,1
YFR031C-A,0,0,0,0,0,0,0,0,0,0,0,0,0,,0,0
YLR427W,0,0,0,0,0,0,0,0,0,0,0,0,0,,0,0
YLR387C,0,0,0,0,0,0,0,0,0,0,0,0,0,,0,0
YFR034C,0,0,0,0,0,0,0,0,0,0,0,0,0,,0,0
YGR044C,0,0,0,0,0,0,0,0,0,0,0,0,0,,0,0
YFR039C,0,0,0,0,0,0,0,0,0,0,0,0,0,,0,0
YGL228W,0,0,0,0,0,0,0,0,0,0,0,0,0,,0,0
YFR046C,0,0,0,0,0,0,0,0,0,0,0,0,1,YBR107C;YBR211C;YDL160C-A;YDR254W;YDR318W;YDR374W-A;YDR383C;YGR179C;YJR135C;YKL089W;YLR315W;YLR381W;YOL086W-A;YPL018W;YPR046W,1,1
YGL006W,0,0,0,0,0,0,0,0,0,0,0,0,0,,0,0
YGL014W,0,0,0,0,0,0,0,0,0,0,0,0,0,,0,0
YGL026C,0,0,0,0,0,0,0,0,0,0,0,0,0,,0,0
YGL028C,0,0,0,0,0,0,0,0,0,0,0,0,0,,0,0
YGL029W,0,0,0,0,0,0,0,0,0,0,0,0,0,,0,0
YHR085W,0,0,0,0,0,0,0,0,0,0,0,0,1,YHR197W;YNL182C,1,1
YIL096C,0,0,0,0,0,0,0,0,0,0,0,0,0,,0,0
YHR197W,0,0,0,0,0,0,0,0,0,0,0,0,1,YHR085W;YNL182C,1,1
YLR106C,0,0,0,0,0,0,0,0,0,0,0,0,0,,0,0
YNL182C,0,0,0,0,0,0,0,0,0,0,0,0,1,YHR085W;YHR197W,1,1
YGL040C,0,0,0,0,0,0,0,0,0,0,0,0,0,,0,0
YGL056C,0,0,0,0,0,0,0,0,0,0,0,0,0,,0,0
YCR066W,0,0,0,1,0,0,0,0,0,0,0,0,1,YGL058W,0,1
YGL058W,0,0,0,1,0,0,0,0,0,0,0,0,1,YCR066W;YDL074C;YGR184C;YLR024C;YMR100W,4,5
YGR184C,0,0,0,0,0,0,0,0,0,0,0,0,1,YGL058W,1,1
YGL060W,0,0,0,0,0,0,0,0,0,0,0,0,0,,0,0
YGR271C-A,0,0,0,0,0,0,0,0,0,0,0,0,0,,0,0
YKL078W,0,0,0,0,0,0,0,0,0,0,0,0,0,,0,0
YKL075C,0,0,0,0,0,0,0,0,0,0,0,0,0,,0,0
YNL164C,0,0,0,0,0,0,0,0,0,0,0,0,0,,0,0
YNL173C,0,0,0,0,0,0,0,0,0,0,0,0,0,,0,0
YGL086W,0,0,0,0,0,1,0,0,0,0,0,0,1,YGR188C;YJL030W;YOR026W,1,2
YJL030W,0,0,0,0,0,1,0,0,0,0,0,0,1,YGL086W;YGL116W;YGR188C;YJL013C;YOR026W,3,4
YGL082W,0,0,0,0,0,0,0,0,0,0,0,0,0,,0,0
YGL091C,0,0,0,0,0,1,0,0,0,0,0,0,1,YIL003W,0,1
YIL003W,0,0,0,0,0,1,0,0,0,0,0,0,1,YGL091C,0,1
YGL090W,0,0,0,0,1,0,0,0,0,0,0,0,1,YOR005C,0,1
YGL110C,0,0,0,0,0,0,0,0,0,0,0,0,1,YGR271W;YKR023W,1,1
YGL113W,0,0,0,0,0,0,0,0,0,0,0,0,1,YJL090C;YKL108W,1,1
YMR255W,0,0,0,0,0,0,0,0,0,0,0,0,0,,0,0
YGL126W,0,0,0,0,0,0,0,0,0,0,0,0,0,,0,0
YMR282C,0,0,0,0,0,0,0,0,0,0,0,0,0,,0,0
YGL128C,0,0,0,0,0,0,0,0,0,0,0,0,1,YAL032C;YBR065C;YBR188C;YCR063W;YDL030W;YDL043C;YDL209C;YDR088C;YDR163W;YDR364C;YDR416W;YDR482C;YER013W;YER029C;YER172C;YGL174W;YGR074W;YGR129W;YGR278W;YHR165C;YIR005W;YIR009W;YJL203W;YJR050W;YKL095W;YKL173W;YLL036C;YLR117C;YLR147C;YLR275W;YLR323C;YML049C;YMR213W;YMR240C;YMR288W;YNL245C;YOR148C;YPL064C;YPL151C;YPL213W;YPR101W;YPR182W,1,1
YGL127C,0,0,0,0,0,0,0,0,0,0,0,0,1,YBL093C;YBR193C;YBR253W;YDL005C;YDR308C;YER022W;YGL025C;YGL151W;YGR104C;YHR041C;YHR058C;YLR071C;YMR112C;YNL236W;YNR010W;YOL051W;YOL135C;YOR174W;YPR070W;YPR168W,1,1
YGL131C,0,0,0,0,0,0,0,0,0,0,0,0,1,YMR176W;YNL330C,1,1
YMR176W,0,0,0,0,0,0,0,0,0,0,0,0,1,YGL131C;YNL330C,1,1
YGL134W,0,0,0,1,0,0,0,0,0,0,0,0,1,YPL031C,0,1
YIL010W,0,0,0,0,0,0,0,0,0,0,0,0,0,,0,0
YJR057W,0,0,0,0,0,0,0,0,0,0,0,0,0,,0,0
YGL135W,0,0,0,0,0,0,0,0,0,0,0,0,0,,0,0
YBR197C,0,0,0,0,0,0,0,0,0,0,0,0,0,,0,0
YGL139W,0,0,0,0,0,0,0,0,0,0,0,0,0,,0,0
YGL157W,0,0,0,0,0,0,0,0,0,0,0,0,0,,0,0
YOL057W,0,0,0,0,0,0,0,0,0,0,0,0,0,,0,0
YGL166W,0,0,0,0,0,0,0,0,0,0,0,0,0,,0,0
YGL161C,0,0,0,0,0,0,0,0,0,0,0,0,0,,0,0
YGL169W,0,0,0,0,0,0,0,0,0,0,0,0,0,,0,0
YMR080C,0,0,0,0,0,0,0,0,0,0,0,0,1,YGR072W;YHR077C,1,1
YKL023W,0,0,0,0,0,0,0,0,0,0,0,0,0,,0,0
YGL178W,0,0,0,0,0,0,0,0,0,0,0,0,0,,0,0
YGL180W,0,0,0,0,0,0,0,0,0,0,0,1,1,YDR022C;YLR423C;YPL166W;YPR185W,0,1
YGL186C,0,0,0,0,0,0,0,0,0,0,0,0,0,,0,0
YLR319C,0,0,0,0,0,0,0,0,0,0,0,0,1,YER149C;YLL021W;YNL271C;YNL293W;YOL112W,1,1
YGL185C,0,0,0,0,0,0,0,0,0,0,0,0,0,,0,0
YOR304C-A,0,0,0,0,0,0,0,0,0,0,0,0,0,,0,0
YGL212W,0,0,0,0,0,1,0,0,0,0,0,0,1,YKL196C;YLR093C;YMR197C;YOR106W,0,2
YOR106W,0,0,0,0,0,1,0,0,0,0,0,0,1,YGL212W;YKL196C;YLR093C;YMR197C,0,2
YOL006C,0,0,0,0,0,0,0,0,0,0,0,0,0,,0,0
YGL213C,0,0,0,0,0,1,0,0,0,0,0,0,1,YLR398C;YPR189W,0,1
YGL219C,0,0,0,0,0,0,0,0,0,0,0,0,1,YAL010C;YAL048C;YLL006W;YOL009C,1,1
YAL048C,0,0,0,0,0,0,0,0,0,0,0,0,1,YAL010C;YGL219C;YLL006W;YOL009C,1,1
YLL006W,0,0,0,0,0,0,0,0,0,0,0,0,1,YAL010C;YAL048C;YGL219C;YOL009C,1,1
YGL220W,0,0,0,1,0,0,0,0,0,0,0,0,1,YDR098C;YER174C,0,2
YGL232W,0,0,0,0,0,0,0,0,0,0,0,0,0,,0,0
YGL225W,0,0,0,0,0,0,0,0,0,0,0,0,0,,0,0
YGL249W,0,0,0,1,0,0,0,0,0,0,0,0,1,YHR153C;YIL073C;YLR394W,2,3
YGL247W,0,0,0,0,0,0,0,0,0,0,0,0,0,,0,0
YGR001C,0,0,0,0,0,0,0,0,0,0,0,0,0,,0,0
YGL254W,0,0,0,0,0,0,0,0,0,0,0,0,0,,0,0
YGR003W,0,0,0,0,0,0,0,0,0,0,0,0,1,YBR114W;YJR052W;YNL230C;YOL133W;YPL046C,2,2
YIL001W,0,0,0,0,0,0,0,0,0,0,0,0,0,,0,0
YNL230C,0,0,0,0,0,0,0,0,0,0,0,0,1,YGR003W;YOL133W;YPL046C,1,1
YJR082C,0,0,0,0,0,0,0,0,0,0,0,0,1,YBL052C;YDR359C;YEL018W;YFL024C;YFL039C;YGR002C;YHR090C;YHR099W;YJL081C;YNL107W;YNL136W;YOR064C;YOR244W;YPL129W;YPR023C;YPR031W,2,2
YHR137W,0,0,0,0,0,0,0,0,0,0,0,0,0,,0,0
YGR008C,0,0,0,0,0,0,0,0,0,0,0,0,0,,0,0
YGR007W,0,0,0,0,0,0,0,0,0,0,0,0,0,,0,0
YML072C,0,0,0,0,0,0,0,0,0,0,0,0,0,,0,0
YNL087W,0,0,0,0,0,0,0,0,0,0,0,0,0,,0,0
YOR086C,0,0,0,0,0,0,0,0,0,0,0,0,0,,0,0
YGR026W,0,0,0,0,0,0,0,0,0,0,0,0,0,,0,0
YGR042W,0,0,0,0,0,0,0,0,0,0,0,0,0,,0,0
YIR002C,0,0,0,0,0,0,0,0,0,0,0,0,0,,0,0
YGR092W,0,0,0,1,0,0,0,0,0,0,0,0,1,YIL106W,0,1
YGR037C,0,0,0,0,0,0,0,0,0,0,0,0,0,,0,0
YGR043C,0,0,0,0,0,0,0,0,0,0,0,0,0,,0,0
YIL106W,0,0,0,1,0,0,0,0,0,0,0,0,1,YGR092W;YPR111W,0,2
YGR052W,0,0,0,0,0,0,0,0,0,0,0,0,0,,0,0
YGR046W,0,0,0,0,0,0,0,0,0,0,0,0,0,,0,0
YGR055W,0,0,0,0,0,0,0,0,0,0,0,0,0,,0,0
YGR071C,0,0,0,0,0,0,0,0,0,0,0,0,0,,0,0
YGR085C,0,0,0,0,0,0,0,0,0,0,0,0,0,,0,0
YGR087C,0,0,0,0,0,0,0,0,0,0,0,0,0,,0,0
YGR093W,0,0,0,0,0,0,0,0,0,0,0,0,0,,0,0
YKL149C,0,0,0,0,0,0,0,0,0,0,0,0,0,,0,0
YPR111W,0,0,0,1,0,0,0,0,0,0,0,0,1,YIL106W,0,1
YGR102C,0,0,0,0,0,0,0,0,0,0,0,0,1,YBL080C;YMR293C,1,1
YGR105W,0,0,0,0,0,0,0,0,0,0,0,0,0,,0,0
YGR118W,0,0,0,0,0,0,0,0,0,0,0,0,0,,0,0
YMR157C,0,0,0,0,0,0,0,0,0,0,0,0,0,,0,0
YGR108W,0,0,0,0,0,0,0,0,0,0,0,0,1,YBR160W,1,1
YGR122W,0,0,0,0,0,0,0,0,0,0,0,0,0,,0,0
YGR124W,0,0,0,0,0,0,0,0,0,0,0,0,0,,0,0
YPR145W,0,0,0,0,0,0,0,0,0,0,0,0,0,,0,0
YGR123C,0,0,0,0,0,0,0,0,0,0,0,0,0,,0,0
YOR197W,0,0,0,0,0,0,0,0,0,0,0,0,0,,0,0
YGR126W,0,0,0,0,0,0,0,0,0,0,0,0,0,,0,0
YGR151C,0,0,0,0,0,0,0,0,0,0,0,0,0,,0,0
YGR152C,0,0,0,0,0,0,0,0,0,0,0,0,0,,0,0
YGR157W,0,0,0,0,0,0,0,0,0,0,0,0,0,,0,0
YGR171C,0,0,0,0,0,0,0,0,0,0,0,0,0,,0,0
YGR177C,0,0,0,0,0,0,0,0,0,0,0,0,0,,0,0
YGR183C,0,0,0,0,0,0,0,0,0,0,0,1,1,Q0105;YBL045C;YDR529C;YEL024W;YFR033C;YHR001W-A;YJL166W;YOR065W;YPR191W,0,1
YGR198W,0,0,0,0,0,0,0,0,0,0,0,0,0,,0,0
YMR212C,0,0,0,0,0,0,0,0,0,0,0,0,0,,0,0
YLR305C,0,0,0,0,0,0,0,0,0,0,0,0,0,,0,0
YGR194C,0,0,0,0,0,0,0,0,0,0,0,0,0,,0,0
YMR312W,0,0,0,0,0,0,0,0,0,0,0,0,1,YGR200C;YHR187W;YLR384C;YPL086C;YPL101W,0,1
YHR187W,0,0,0,0,0,0,0,0,0,0,0,0,1,YGR200C;YLR384C;YMR312W;YPL086C;YPL101W,0,1
YGR206W,0,0,0,0,0,1,0,0,0,0,0,0,1,YCL008C;YLR119W;YPL065W,0,1
YPL065W,0,0,0,0,0,1,0,0,0,0,0,0,1,YCL008C;YGR206W;YLR119W,0,1
YCL008C,0,0,0,0,0,1,0,0,0,0,0,0,1,YGR206W;YLR119W;YPL065W,0,1
YGR209C,0,0,0,0,0,0,0,0,0,0,0,0,1,YNL015W,1,1
YLR043C,0,0,0,0,0,0,0,0,0,0,0,0,1,YNL015W,1,1
YGR211W,0,0,0,0,0,0,0,0,0,0,0,0,0,,0,0
YGR222W,0,0,0,0,0,0,0,0,0,0,0,0,0,,0,0
YOR350C,0,0,0,0,0,0,0,0,0,0,0,0,0,,0,0
YPR134W,0,0,0,0,0,0,0,0,0,0,0,0,0,,0,0
YGR219W,0,0,0,0,0,0,0,0,0,0,0,0,0,,0,0
YGR233C,0,0,0,0,0,0,0,0,0,0,0,0,0,,0,0
YOL001W,0,0,0,1,0,0,0,0,0,0,0,0,1,YPL031C,0,1
YGR229C,0,0,0,0,0,0,0,0,0,0,0,0,0,,0,0
YGR238C,0,0,0,0,0,0,1,0,0,0,0,0,1,YAR014C;YHR158C,0,1
YHR158C,0,0,0,0,0,0,1,0,0,0,0,0,1,YAR014C;YGR238C,0,1
YGR248W,0,0,0,0,0,0,0,0,0,0,0,0,0,,0,0
YGR255C,0,0,0,0,0,0,0,0,0,0,0,0,1,YDR204W;YLR201C;YML110C;YOL096C;YOR125C,1,1
YGR257C,0,0,0,0,0,0,0,0,0,0,0,0,0,,0,0
YGR262C,0,0,0,0,0,0,1,0,0,0,0,0,1,YJL184W;YKR038C;YKR095W-A;YML036W,0,1
YGR263C,0,0,0,0,0,0,0,0,0,0,0,0,0,,0,0
YGR269W,0,0,0,0,0,0,0,0,0,0,0,0,0,,0,0
YGR267C,0,0,0,0,0,0,0,0,0,0,0,0,0,,0,0
YGR277C,0,0,0,0,0,0,0,0,0,0,0,0,1,YDR196C;YIL083C;YKL088W,1,1
YGR195W,0,0,0,0,0,0,0,0,0,0,0,1,1,YCR035C;YDL111C;YDR280W;YGR095C;YGR158C;YHR069C;YNL232W;YOL021C;YOL142W;YOR001W,0,2
YGR282C,0,0,0,0,0,0,0,0,0,0,0,0,0,,0,0
YLR390W-A,0,0,0,0,0,0,0,0,0,0,0,0,0,,0,0
YGR295C,0,0,0,0,0,0,0,0,0,0,0,0,0,,0,0
YNL336W;YGR295C,0,0,0,0,0,0,0,0,0,0,0,0,0,,0,0
YGR286C,0,0,0,0,0,0,0,0,0,0,0,0,0,,0,0
YNR006W,0,0,0,0,0,0,0,0,0,0,0,0,1,YHL002W,1,1
YOR171C,0,0,0,0,0,0,0,0,0,0,0,0,0,,0,0
YHL002W,0,0,0,0,0,0,0,0,0,0,0,0,1,YNR006W,1,1
YPL259C,0,0,0,0,0,0,0,0,0,0,0,0,1,YKL135C;YLR170C;YPR029C,1,1
YHL036W,0,0,0,0,0,0,0,0,0,0,0,0,0,,0,0
YMR012W,0,0,0,0,0,0,0,0,0,0,0,0,0,,0,0
YMR216C,0,0,0,0,0,0,0,0,0,0,0,0,0,,0,0
YHL027W,0,0,0,0,0,0,0,0,0,0,0,0,0,,0,0
YHR005C,0,0,0,0,1,0,0,1,0,0,0,0,1,YJR086W;YOR212W,0,1
YHR010W,0,0,0,0,0,0,0,0,0,0,0,0,0,,0,0
YHR006W,0,0,0,0,0,0,0,0,0,0,0,0,0,,0,0
YHR012W,0,0,0,0,0,0,0,0,0,0,0,0,1,YJL053W;YJL154C;YOR069W;YOR132W,1,1
YHR011W,0,0,0,0,0,0,0,0,0,0,0,0,0,,0,0
YHR018C,0,0,0,0,0,0,0,0,0,0,0,0,0,,0,0
YHR015W,0,0,0,0,0,0,0,0,0,0,0,0,0,,0,0
YHR023W,0,0,0,0,0,0,0,1,0,0,0,0,1,YGL106W;YPR188C,0,1
YDL171C,0,0,0,0,0,0,0,0,0,0,0,0,0,,0,0
YPR188C,0,0,0,0,0,0,0,1,0,0,0,0,1,YGL106W;YHR023W,0,1
YHR021C,0,0,0,0,0,0,0,0,0,0,0,0,0,,0,0
YHR036W,0,0,0,0,0,0,0,0,0,0,0,0,0,,0,0
YHR031C,0,0,0,0,0,0,0,0,0,0,0,0,0,,0,0
YOL097C,0,0,0,0,0,0,0,0,0,0,0,0,0,,0,0
YHR038W,0,0,0,0,0,0,0,0,0,0,0,0,0,,0,0
YHR045W,0,0,0,0,0,0,0,0,0,0,0,0,0,,0,0
YHR053C,0,0,0,0,0,0,0,0,0,0,0,0,0,,0,0
YHR060W,0,0,0,0,0,0,0,0,0,0,0,0,0,,0,0
YKL119C,0,0,0,0,0,0,0,0,0,0,0,0,0,,0,0
YHR055C,0,0,0,0,0,0,0,0,0,0,0,0,0,,0,0
YHR061C,0,0,0,0,0,0,0,0,0,0,0,0,0,,0,0
YHR063C,0,0,0,0,0,0,0,0,0,0,0,0,0,,0,0
YHR068W,0,0,0,0,0,0,0,0,0,0,0,0,0,,0,0
YHR067W,0,0,0,0,0,0,0,0,0,0,0,0,0,,0,0
YHR072W,0,0,0,0,0,0,0,0,0,0,0,0,1,,0,0
YLR100W,0,0,0,0,0,0,0,0,0,0,0,0,0,,0,0
YHR074W,0,0,0,0,0,0,0,0,0,0,0,0,0,,0,0
YHR083W,0,0,0,0,0,0,0,0,0,0,0,0,1,YMR060C;YNL026W,1,1
YMR060C,0,0,0,0,0,0,0,0,0,0,0,0,1,YHR083W;YNL026W,1,1
YHR098C,0,0,0,0,0,0,0,0,0,0,0,0,1,YPR181C,1,1
YHR090C,0,0,0,0,0,0,0,0,0,0,0,0,1,YDR359C;YEL018W;YFL024C;YFL039C;YGR002C;YHR099W;YJL081C;YJR082C;YNL107W;YNL136W;YOR244W;YPR023C,2,2
YHR102W,0,0,0,0,0,0,0,0,0,0,0,0,0,,0,0
YOR353C,0,0,0,0,0,0,0,0,0,0,0,0,0,,0,0
YJR125C,0,0,0,0,0,0,0,0,0,0,0,0,0,,0,0
YHR104W,0,0,0,0,0,0,0,0,0,0,0,0,0,,0,0
YIL008W,0,0,0,0,0,0,0,0,0,0,0,0,0,,0,0
YHR115C,0,0,0,0,0,0,0,0,0,0,0,0,0,,0,0
YNL116W,0,0,0,0,0,0,0,0,0,0,0,0,0,,0,0
YHR114W,0,0,0,0,0,0,0,0,0,0,0,0,0,,0,0
YNL311C,0,0,0,0,0,0,0,0,0,0,0,0,0,,0,0
YHR136C,0,0,0,0,0,0,0,0,0,0,0,0,0,,0,0
YHR132C,0,0,0,0,0,0,0,0,0,0,0,0,0,,0,0
YHR141C,0,0,0,0,0,0,0,0,0,0,0,0,0,,0,0
YIL057C,0,0,0,0,0,0,0,0,0,0,0,0,0,,0,0
YHR140W,0,0,0,0,0,0,0,0,0,0,0,0,0,,0,0
YHR142W,0,0,0,0,0,0,0,0,0,0,0,0,0,,0,0
YHR144C,0,0,0,0,0,0,0,0,0,0,0,0,0,,0,0
YHR161C,0,0,0,0,0,0,0,0,0,0,0,0,0,,0,0
YHR159W,0,0,0,0,0,0,0,0,0,0,0,0,0,,0,0
YHR178W,0,0,0,0,0,0,0,0,0,0,0,0,0,,0,0
YHR181W,0,0,0,0,0,0,0,0,0,0,0,0,0,,0,0
YBL040C,0,0,0,0,0,0,0,0,0,0,0,0,0,,0,0
YHR189W,0,0,0,0,0,0,0,0,0,0,0,0,0,,0,0
YMR271C,0,0,0,0,0,0,0,0,0,0,0,0,0,,0,0
YHR198C,0,0,0,0,0,0,0,0,0,0,0,0,0,,0,0
YHR195W,0,0,0,0,0,1,0,0,0,0,0,0,1,YEL013W,0,1
YHR201C,0,0,0,0,0,0,0,0,0,0,0,0,0,,0,0
YHR199C,0,0,0,0,0,0,0,0,0,0,0,0,1,,0,0
YHR203C,0,0,0,0,0,0,0,0,0,0,0,0,0,,0,0
YLR406C,0,0,0,0,0,0,0,0,0,0,0,0,0,,0,0
YHR202W,0,0,0,0,0,0,0,0,0,0,0,0,0,,0,0
YHR206W,0,0,0,0,0,0,0,0,0,0,0,0,0,,0,0
YHR205W,0,0,0,0,0,0,0,0,0,0,0,0,0,,0,0
YHR216W,0,0,0,0,0,0,0,0,0,0,0,0,0,,0,0
YIL004C,0,0,0,0,0,1,0,0,0,0,0,0,1,YLR026C;YLR078C;YLR268W,0,1
YGL148W,0,0,0,0,0,0,0,0,0,0,0,0,0,,0,0
YIL022W,0,0,0,0,0,0,0,0,0,0,0,0,1,YJL104W;YJL143W;YJR045C;YKR065C;YLR008C;YNR017W;YOR232W;YPL063W,1,1
YIL033C,0,0,0,0,0,1,0,0,0,0,0,0,1,YJL164C;YKL166C;YPL203W,0,6
YJL164C,0,0,0,0,0,1,0,0,0,0,0,0,1,YIL033C;YKL166C;YPL203W,0,3
YPL203W,0,0,0,0,0,1,0,0,0,0,0,0,1,YIL033C;YJL164C;YKL166C,0,3
YKL166C,0,0,0,0,0,1,0,0,0,0,0,0,1,YIL033C;YJL164C;YPL203W,0,3
YIL039W,0,0,0,0,0,0,0,0,0,0,0,0,0,,0,0
YIL037C,0,0,0,0,0,0,0,0,0,0,0,0,0,,0,0
YIL042C,0,0,0,0,0,0,0,0,0,0,0,0,0,,0,0
YGL059W,0,0,0,0,0,0,0,0,0,0,0,0,0,,0,0
YIL040W,0,0,0,0,0,0,0,0,0,0,0,0,0,,0,0
YBL017C,0,0,0,0,0,0,0,0,0,0,0,0,0,,0,0
YIL050W,0,0,0,1,0,0,0,0,0,0,0,0,1,YPL031C,0,1
YIL063C,0,0,0,0,0,0,0,0,0,0,0,0,0,,0,0
YIL071C,0,0,0,0,0,0,0,0,0,0,0,0,1,YDL216C;YDR179C;YJR084W;YMR025W;YOL117W,1,1
YIL069C,0,0,0,0,0,0,0,0,0,0,0,0,0,,0,0
YIL083C,0,0,0,0,0,0,0,0,0,0,0,0,1,YDR196C;YGR277C;YKL088W,1,1
YIL098C,0,0,0,0,0,0,0,0,0,0,0,0,0,,0,0
YIL101C,0,0,0,0,0,0,0,0,0,0,0,0,0,,0,0
YHR155W,0,0,0,0,0,0,0,0,0,0,0,0,0,,0,0
YIL105C,0,0,0,0,0,0,0,0,0,0,0,0,0,,0,0
YIL123W,0,0,0,0,0,0,0,0,0,0,0,0,0,,0,0
YIL131C,0,0,0,0,0,0,0,0,0,0,0,0,0,,0,0
YIL128W,0,0,0,0,0,0,0,0,0,0,0,0,1,YDR267C;YHR122W,1,1
YIL145C,0,0,0,0,0,0,0,0,0,0,0,0,0,,0,0
YIL138C,0,0,0,0,0,0,0,0,0,0,0,0,0,,0,0
YNL079C,0,0,0,0,0,0,0,0,0,0,0,0,0,,0,0
YBR130C,0,0,0,0,0,0,0,0,0,0,0,0,0,,0,0
YIL149C,0,0,0,0,0,0,0,0,0,0,0,0,1,YAR002W;YBL079W;YDL088C;YDL116W;YDL207W;YDR192C;YDR424C;YER105C;YER107C;YFR002W;YGL100W;YGL172W;YGR119C;YIL115C;YJL039C;YJL041W;YJL061W;YJR042W;YKL057C;YKL068W;YKR082W;YKR095W;YLR018C;YLR208W;YLR335W;YML031W;YML103C;YMR047C;YMR129W;YMR153W;YOR098C,1,1
YIL148W,0,0,0,0,0,0,0,0,0,0,0,0,0,,0,0
YIL153W,0,0,0,0,0,0,0,0,0,0,0,0,1,YDL047W;YMR028W,1,1
YIL160C,0,0,0,0,0,0,0,0,0,0,0,0,0,,0,0
YIR004W,0,0,0,0,0,0,0,0,0,0,0,0,0,,0,0
YNL135C,0,0,0,0,0,0,0,0,0,0,0,0,0,,0,0
YIR011C,0,0,0,0,0,0,0,0,0,0,0,0,0,,0,0
YIR007W,0,0,0,0,0,0,0,0,0,0,0,0,0,,0,0
YIR015W,0,0,0,0,0,0,0,0,0,0,1,0,1,YAL033W;YBL018C;YBR167C;YBR257W;YGR030C;YHR062C;YNL221C;YNL282W,0,1
YIR014W,0,0,0,0,0,0,0,0,0,0,0,0,0,,0,0
YIR018W,0,0,0,0,0,0,0,0,0,0,0,0,0,,0,0
YJL005W,0,0,0,0,0,0,0,0,0,0,0,0,1,YNL138W,1,1
YNL138W,0,0,0,0,0,0,0,0,0,0,0,0,1,YJL005W,1,1
YJL006C,0,0,0,0,0,0,0,0,0,0,0,0,1,YKL139W;YML112W,1,1
YKL139W,0,0,0,0,0,0,0,0,0,0,0,0,1,YJL006C;YML112W,1,1
YML112W,0,0,0,0,0,0,0,0,0,0,0,0,1,YJL006C;YKL139W,1,1
YDL229W,0,0,0,0,0,0,0,0,0,0,0,0,0,,0,0
YJL035C,0,0,0,1,0,0,0,0,0,0,0,0,1,YLR316C,0,1
YLR316C,0,0,0,1,0,0,0,0,0,0,0,0,1,YJL035C,0,1
YJL044C,0,0,0,0,0,0,0,0,0,0,0,0,0,,0,0
YJL043W,0,0,0,0,0,0,0,0,0,0,0,0,0,,0,0
YJL057C,0,0,0,0,0,0,0,0,0,0,0,0,0,,0,0
YJL048C,0,0,0,0,0,0,0,0,0,0,0,0,0,,0,0
YJL065C,0,0,0,0,0,0,0,0,0,0,0,0,1,YDR121W;YGL133W;YOR304W,1,1
YJL062W-A,0,0,0,0,0,0,0,0,0,0,0,0,1,YJR045C;YLR203C;YML129C,1,1
YJL070C,0,0,0,0,0,0,0,0,0,0,0,0,0,,0,0
YML035C,0,0,0,0,0,0,0,0,0,0,0,0,0,,0,0
YJL078C,0,0,0,0,0,0,0,0,0,0,0,0,0,,0,0
YJL079C,0,0,0,0,0,0,0,0,0,0,0,0,0,,0,0
YMR237W,0,0,0,0,0,0,0,0,0,0,0,0,1,YJL099W;YKR027W;YLR330W;YOR299W,1,1
YJL099W,0,0,0,0,0,0,0,0,0,0,0,0,1,YKR027W;YLR330W;YMR237W;YOR299W,1,1
YLR330W,0,0,0,0,0,0,0,0,0,0,0,0,1,YJL099W;YKR027W;YMR237W;YOR299W,1,1
YJL104W,0,0,0,0,0,0,0,0,0,0,0,0,1,YIL022W;YJL143W;YJR045C;YKR065C;YLR008C;YNR017W;YOR232W;YPL063W,1,1
YLR008C,0,0,0,0,0,0,0,0,0,0,0,0,1,YIL022W;YJL104W;YJL143W;YJR045C;YKR065C;YNR017W;YOR232W;YPL063W,1,1
YJL112W,0,0,0,0,0,0,0,0,0,0,0,0,0,,0,0
YJL123C,0,0,0,0,0,0,0,0,0,0,0,0,0,,0,0
YJL125C,0,0,0,0,0,1,0,0,0,0,0,0,1,YNL062C,0,1
YNL062C,0,0,0,0,0,1,0,0,0,0,0,0,1,YJL125C,0,1
YJL130C,0,0,0,0,0,0,0,0,0,0,0,0,0,,0,0
YLR153C,0,0,0,0,0,0,0,0,0,0,0,0,1,YAL038W;YDR502C;YER081W;YIL074C;YLR058C;YLR180W,1,1
YLR363C,0,0,0,0,0,0,0,0,0,0,0,0,0,,0,0
YNL037C,0,0,0,0,0,0,0,0,0,1,0,0,1,YOR136W,0,1
YNR016C,0,0,0,0,0,0,0,0,0,0,0,0,0,,0,0
YKR028W,0,0,0,0,0,0,0,0,0,0,0,0,1,YDL047W,1,1
YJL147C,0,0,0,0,0,0,0,0,0,0,0,0,0,,0,0
YJL155C,0,0,0,0,0,0,0,0,0,0,0,0,0,,0,0
YLR345W,0,0,0,0,0,0,0,0,0,0,0,0,0,,0,0
YJL153C,0,0,0,0,0,0,0,0,0,0,0,0,0,,0,0
YJL169W,0,0,0,0,0,0,0,0,0,0,0,0,0,,0,0
YJL196C,0,0,0,0,0,0,0,0,0,0,0,0,0,,0,0
YBR126W-A,0,0,0,0,0,0,0,0,0,0,0,0,0,,0,0
YJL190C,0,0,0,0,0,0,0,0,0,0,0,0,0,,0,0
YBL004W,0,0,0,0,0,0,0,0,0,0,0,0,1,YBR247C;YCL031C;YCL059C;YCR057C;YDL014W;YDL148C;YDL153C;YDR324C;YDR339C;YDR398W;YDR449C;YEL026W;YER082C;YER127W;YGR090W;YGR128C;YGR145W;YHR148W;YHR196W;YIL019W;YJL069C;YJL109C;YJR002W;YKL099C;YKR060W;YLL011W;YLR051C;YLR129W;YLR186W;YLR197W;YLR222C;YLR409C;YML093W;YMR093W;YMR128W;YMR229C;YNL075W;YNL132W;YOL010W;YOR078W;YOR145C;YOR310C;YPL126W;YPL217C;YPR137W;YPR144C,1,1
YCL059C,0,0,0,0,0,0,0,0,0,0,0,0,1,YBL004W;YBR247C;YCL031C;YCR057C;YDL014W;YDL148C;YDL153C;YDR324C;YDR339C;YDR398W;YDR449C;YEL026W;YER082C;YER127W;YGR090W;YGR128C;YGR145W;YHR148W;YHR196W;YIL019W;YJL069C;YJL109C;YJR002W;YKL099C;YKR060W;YLL011W;YLR051C;YLR129W;YLR186W;YLR197W;YLR222C;YLR409C;YML093W;YMR093W;YMR128W;YMR229C;YNL075W;YNL132W;YOL010W;YOR078W;YOR145C;YOR310C;YPL126W;YPL217C;YPR137W;YPR144C,1,1
YBR247C,0,0,0,0,0,0,0,0,0,0,0,0,1,YBL004W;YCL031C;YCL059C;YCR057C;YDL014W;YDL148C;YDL153C;YDR324C;YDR339C;YDR398W;YDR449C;YEL026W;YER082C;YER127W;YGR090W;YGR128C;YGR145W;YHR148W;YHR196W;YIL019W;YJL069C;YJL109C;YJR002W;YKL099C;YKR060W;YLL011W;YLR051C;YLR129W;YLR186W;YLR197W;YLR222C;YLR409C;YML093W;YMR093W;YMR128W;YMR229C;YNL075W;YNL132W;YOL010W;YOR078W;YOR145C;YOR310C;YPL126W;YPL217C;YPR137W;YPR144C,1,1
YCR057C,0,0,0,0,0,0,0,0,0,0,0,0,1,YBL004W;YBR247C;YCL031C;YCL059C;YDL014W;YDL148C;YDL153C;YDR324C;YDR339C;YDR398W;YDR449C;YEL026W;YER082C;YER127W;YGR090W;YGR128C;YGR145W;YHR148W;YHR196W;YIL019W;YJL069C;YJL109C;YJR002W;YKL099C;YKR060W;YLL011W;YLR051C;YLR129W;YLR186W;YLR197W;YLR222C;YLR409C;YML093W;YMR093W;YMR128W;YMR229C;YNL075W;YNL132W;YOL010W;YOR078W;YOR145C;YOR310C;YPL126W;YPL217C;YPR137W;YPR144C,2,2
YOR145C,0,0,0,0,0,0,0,0,0,0,0,0,1,YBL004W;YBR247C;YCL031C;YCL059C;YCR057C;YDL014W;YDL148C;YDL153C;YDR324C;YDR339C;YDR398W;YDR449C;YEL026W;YER082C;YER127W;YGR090W;YGR128C;YGR145W;YHR148W;YHR196W;YIL019W;YJL069C;YJL109C;YJR002W;YKL099C;YKR060W;YLL011W;YLR051C;YLR129W;YLR186W;YLR197W;YLR222C;YLR409C;YML093W;YMR093W;YMR128W;YMR229C;YNL075W;YNL132W;YOL010W;YOR078W;YOR310C;YPL126W;YPL217C;YPR137W;YPR144C,1,1
YJL197W,0,0,0,0,0,0,0,0,0,0,0,0,0,,0,0
YJL208C,0,0,0,0,0,0,0,0,0,0,0,0,0,,0,0
YJL204C,0,0,0,0,0,0,0,0,0,0,0,0,0,,0,0
YJL212C,0,0,0,0,0,0,0,0,0,0,0,0,0,,0,0
YJL210W,0,0,0,0,0,0,0,0,0,0,0,0,1,YDR265W;YMR026C,1,1
YJR008W,0,0,0,0,0,0,0,0,0,0,0,0,0,,0,0
YJR015W,0,0,0,0,0,0,0,0,0,0,0,0,0,,0,0
YJR013W,0,0,0,0,0,0,0,0,0,0,0,0,1,YCL052C,1,1
YJR044C,0,0,0,0,0,0,0,0,0,0,0,0,1,YOL129W,1,1
YJR035W,0,0,0,0,0,0,0,0,0,0,0,0,1,YKL054C,1,1
YJR048W,0,0,0,0,0,0,0,0,0,0,0,0,0,,0,0
YIL013C,0,0,0,0,0,0,0,0,0,0,0,0,0,,0,0
YJR052W,0,0,0,0,0,0,0,0,0,0,0,0,1,YBR114W;YGR003W;YKL112W;YPL046C,2,2
YPL046C,0,0,0,0,0,0,0,0,0,0,0,0,1,YBR114W;YGR003W;YJR052W;YNL230C;YOL133W,2,2
YPL193W,0,0,0,0,0,0,0,0,0,0,0,0,0,,0,0
YJR055W,0,0,0,0,0,0,0,0,0,0,0,0,0,,0,0
YJR067C,0,0,0,0,0,0,0,0,0,0,0,0,0,,0,0
YJR058C,0,0,0,0,0,0,0,0,0,0,0,0,1,YBL037W;YJR005W;YOL062C,1,1
YJR074W,0,0,0,0,0,0,0,0,0,0,0,0,0,,0,0
YNL036W,0,0,0,0,0,0,0,0,0,0,0,0,0,,0,0
YJR096W,0,0,0,0,0,0,0,0,0,0,0,0,0,,0,0
YJR094W-A,0,0,0,0,0,0,0,0,0,0,0,0,0,,0,0
YJR111C,0,0,0,0,0,0,0,0,0,0,0,0,0,,0,0
YJR105W,0,0,0,0,0,0,0,0,0,0,0,0,0,,0,0
YJR116W,0,0,0,0,0,0,0,0,0,0,0,0,0,,0,0
YJR129C,0,0,0,0,0,0,0,0,0,0,0,0,0,,0,0
YJR119C,0,0,0,0,0,0,0,0,0,0,0,0,0,,0,0
YJR133W,0,0,0,0,0,0,0,0,0,0,0,0,0,,0,0
YBR235W,0,0,0,0,0,0,0,0,0,0,0,0,0,,0,0
YJR134C,0,0,0,0,0,0,0,0,0,0,0,0,0,,0,0
YKL033W,0,0,0,0,0,0,0,0,0,0,0,0,1,YGR099W;YJR136C,1,1
YGR099W,0,0,0,0,0,0,0,0,0,0,0,0,1,YJR136C;YKL033W,1,1
YPR085C,0,0,0,0,0,0,0,0,0,0,0,0,0,,0,0
YJR136C,0,0,0,0,0,0,0,0,0,0,0,0,1,YGR099W;YKL033W,1,1
YJR147W,0,0,0,0,0,0,0,0,0,0,0,0,0,,0,0
YJR145C,0,0,0,0,0,0,0,0,0,0,0,0,0,,0,0
YJR161C,0,0,0,0,0,0,0,0,0,0,0,0,0,,0,0
YJR149W,0,0,0,0,0,0,0,0,0,0,0,0,0,,0,0
YKL002W,0,0,0,0,0,0,0,0,0,0,0,0,1,YKL041W;YLR025W;YMR077C,1,1
YPR017C,0,0,0,0,0,0,0,0,0,0,0,0,0,,0,0
YKL006C-A,0,0,0,0,0,1,0,0,0,0,0,0,1,YHL031C;YKL196C;YLR026C,0,1
YKL018C-A,0,0,0,0,0,0,0,0,0,0,0,0,0,,0,0
YKL017C,0,0,0,0,0,0,0,0,0,0,0,0,0,,0,0
YKL020C,0,0,0,0,0,0,0,0,0,0,0,0,0,,0,0
YIR033W,0,0,0,0,0,0,0,0,0,0,0,0,0,,0,0
YKL028W,0,0,0,0,0,1,0,0,0,0,0,0,1,YKR062W,0,1
YKL026C,0,0,0,0,0,0,0,0,0,0,0,0,0,,0,0
YKL043W,0,0,0,0,0,0,0,0,0,0,0,0,0,,0,0
YKL038W,0,0,0,0,0,0,0,0,0,0,0,0,0,,0,0
YKL048C,0,0,0,0,0,0,0,0,0,0,0,0,0,,0,0
YKL047W,0,0,0,0,0,0,0,0,0,0,0,0,0,,0,0
YKL049C,0,0,0,0,0,0,0,0,0,0,0,0,0,,0,0
YKL058W,0,0,0,1,0,0,0,0,0,0,0,0,1,YOR194C,0,1
YOR194C,0,0,0,1,0,0,0,0,0,0,0,0,1,YKL058W,0,1
YKL055C,0,0,0,0,0,0,0,0,0,0,0,0,0,,0,0
YKL061W,0,0,0,0,0,0,0,0,0,0,0,0,1,YDR357C;YEL005C;YGL079W;YLR408C;YNL086W,1,1
YDR357C,0,0,0,0,0,0,0,0,0,0,0,0,1,YEL005C;YGL079W;YKL061W;YLR408C;YNL086W,1,1
YLR408C,0,0,0,0,0,0,0,0,0,0,0,0,1,YDR357C;YEL005C;YGL079W;YKL061W;YNL086W,1,1
YKL068W,0,0,0,0,0,0,0,0,0,0,0,0,1,YAR002W;YBL079W;YDL088C;YDL116W;YDL207W;YDR192C;YDR424C;YER105C;YER107C;YFR002W;YGL100W;YGL172W;YGR119C;YIL115C;YIL149C;YJL039C;YJL041W;YJL061W;YJR042W;YKL057C;YKR082W;YKR095W;YLR018C;YLR208W;YLR335W;YML031W;YML103C;YMR047C;YMR129W;YMR153W;YOR098C,1,1
YKL072W,0,0,0,0,0,0,0,0,0,0,0,0,0,,0,0
YKL071W,0,0,0,0,0,0,0,0,0,0,0,0,0,,0,0
YKL074C,0,0,0,1,0,0,0,0,0,0,0,0,1,YBR119W;YBR237W;YDL087C;YDR235W;YDR240C;YER029C;YFL017W-A;YGR013W;YGR074W;YHR086W;YIL061C;YKL012W;YLR116W;YLR147C;YLR275W;YLR298C;YML046W;YOR159C;YPR182W,1,2
YLR116W,0,0,0,1,0,0,0,0,0,0,0,0,1,YBR119W;YBR237W;YDL087C;YDR235W;YDR240C;YER029C;YFL017W-A;YGR013W;YGR074W;YHR086W;YIL061C;YKL012W;YKL074C;YLR147C;YLR275W;YLR298C;YML046W;YOR159C;YPR182W,1,2
YKL086W,0,0,0,0,0,0,0,0,0,0,0,0,0,,0,0
YKL092C,0,0,0,0,0,0,0,0,0,0,0,0,0,,0,0
YKL091C,0,0,0,0,0,0,0,0,0,0,0,0,0,,0,0
YKL096W-A,0,0,0,0,0,0,0,0,0,0,0,0,0,,0,0
YKL113C,0,0,0,0,0,0,0,0,0,0,0,0,0,,0,0
YKL112W,0,0,0,0,0,0,0,0,0,0,0,0,1,YBR114W;YJR052W,1,1
YKL127W,0,0,0,0,0,0,0,0,0,0,0,0,0,,0,0
YKL125W,0,0,0,0,0,0,0,0,0,0,0,0,0,,0,0
YOR124C,0,0,0,0,0,0,0,0,0,0,0,0,0,,0,0
YOR138C,0,0,0,0,0,0,0,0,0,0,0,0,0,,0,0
YKL156W,0,0,0,0,0,0,0,0,0,0,0,0,0,,0,0
YKL151C,0,0,0,0,0,0,0,0,0,0,0,0,0,,0,0
YKL162C,0,0,0,0,0,0,0,0,0,0,0,0,0,,0,0
YOR385W,0,0,0,0,0,0,0,0,0,0,0,0,0,,0,0
YKL160W,0,0,0,0,0,0,0,0,0,0,0,0,0,,0,0
YKL176C,0,0,0,0,0,0,0,0,0,0,0,0,0,,0,0
YGR057C,0,0,0,0,0,0,0,0,0,0,0,0,0,,0,0
YPL231W,0,0,0,0,0,0,0,0,0,0,0,0,1,YKL182W,0,1
YKL182W,0,0,0,0,0,0,0,0,0,0,0,0,1,YPL231W,0,1
YIR012W,0,0,0,0,0,0,0,0,0,0,0,0,0,,0,0
YKL187C,0,0,0,0,0,0,0,0,0,0,0,0,0,,0,0
YKL186C,0,0,0,1,0,0,0,0,0,0,0,0,1,YPL169C,0,1
YKL189W,0,0,0,0,0,0,0,0,0,0,0,0,0,,0,0
YKL197C,0,0,0,0,0,0,0,0,0,0,0,0,1,YNL329C;YOL044W,1,1
YNL329C,0,0,0,0,0,0,0,0,0,0,0,0,1,YKL197C;YOL044W,1,1
YKL194C,0,0,0,0,0,0,0,0,0,0,0,0,0,,0,0
YKL205W,0,0,0,0,0,0,0,0,0,0,0,0,0,,0,0
YKL212W,0,0,0,0,0,0,0,0,0,0,0,0,1,YBR058C-A;YDR062W;YGR038W;YLR350W;YMR296C,1,1
YKL214C,0,0,0,0,0,0,0,0,0,0,0,0,0,,0,0
YKL213C,0,0,0,0,0,0,0,0,0,0,0,0,0,,0,0
YKR003W,0,0,0,0,0,0,0,0,0,0,0,0,0,,0,0
YKL222C,0,0,0,0,0,0,0,0,0,0,0,0,0,,0,0
YNL316C,0,0,0,0,0,0,0,0,0,0,0,0,0,,0,0
YKR027W,0,0,0,0,0,0,0,0,0,0,0,0,1,YJL099W;YLR330W;YMR237W;YOR299W,1,1
YKR013W,0,0,0,0,0,0,0,0,0,0,0,0,0,,0,0
YPR173C,0,0,0,0,0,0,0,0,0,0,0,0,1,,1,1
YNL265C,0,0,0,0,0,0,0,0,0,0,0,0,0,,0,0
YKR039W,0,0,0,0,0,0,0,0,0,0,0,0,0,,0,0
YKR036C,0,0,0,0,0,0,0,0,0,0,0,0,0,,0,0
YLR323C,0,0,0,0,0,0,0,0,0,0,0,0,1,YAL032C;YBR065C;YBR188C;YCR063W;YDL030W;YDL043C;YDL209C;YDR088C;YDR163W;YDR364C;YDR416W;YDR482C;YER013W;YER029C;YER172C;YGL128C;YGL174W;YGR074W;YGR129W;YGR278W;YHR165C;YIR005W;YIR009W;YJL203W;YJR050W;YKL095W;YKL173W;YLL036C;YLR117C;YLR147C;YLR275W;YML049C;YMR213W;YMR240C;YMR288W;YNL245C;YOR148C;YPL064C;YPL151C;YPL213W;YPR101W;YPR182W,1,1
YKR041W,0,0,0,0,0,0,0,0,0,0,0,0,0,,0,0
YPL064C,0,0,0,0,0,0,0,0,0,0,0,0,1,YAL032C;YBR065C;YBR188C;YCR063W;YDL030W;YDL043C;YDL209C;YDR088C;YDR163W;YDR364C;YDR416W;YDR482C;YER013W;YER029C;YER172C;YGL128C;YGL174W;YGR074W;YGR129W;YGR278W;YHR165C;YIR005W;YIR009W;YJL203W;YJR050W;YKL095W;YKL173W;YLL036C;YLR117C;YLR147C;YLR275W;YLR323C;YML049C;YMR213W;YMR240C;YMR288W;YNL245C;YOR148C;YPL151C;YPL213W;YPR101W;YPR182W,1,1
YNL078W,0,0,0,0,0,0,0,0,0,0,0,0,0,,0,0
YKR052C,0,0,0,0,0,0,0,0,0,0,0,0,0,,0,0
YKR054C,0,0,0,0,0,0,0,0,0,0,0,0,1,YDR424C;YDR488C;YMR299C,1,1
YKR065C,0,0,0,0,0,0,0,0,0,0,0,0,1,YIL022W;YJL104W;YJL143W;YJR045C;YLR008C;YNR017W;YOR232W;YPL063W,1,1
YKR064W,0,0,0,0,0,0,0,0,0,0,0,0,0,,0,0
YKR079C,0,0,0,0,0,0,0,0,0,0,0,0,0,,0,0
YKR086W,0,0,0,0,0,0,0,0,0,0,0,0,0,,0,0
YKR088C,0,0,0,0,0,0,0,0,0,0,0,0,0,,0,0
YKR087C,0,0,0,0,0,0,0,0,0,0,0,0,0,,0,0
YPL157W,0,0,0,0,0,0,0,0,0,0,0,0,0,,0,0
YKR095W,0,0,0,0,0,0,1,0,0,0,0,0,1,YAR002W;YBL079W;YDL088C;YDL116W;YDL207W;YDR192C;YDR424C;YER105C;YER107C;YFR002W;YGL100W;YGL172W;YGR119C;YIL115C;YIL149C;YJL039C;YJL041W;YJL061W;YJR042W;YKL057C;YKL068W;YKR082W;YLR018C;YLR208W;YLR335W;YML031W;YML103C;YMR047C;YMR129W;YMR153W;YOR098C,1,1
YKR094C,0,0,0,0,0,0,0,0,0,0,0,0,0,,0,0
YNL246W,0,0,0,0,0,1,0,0,0,0,0,0,1,YLL002W,0,1
YOR257W,0,0,0,0,0,0,0,0,0,0,0,0,1,YBR111W-A;YDR159W;YDR363W-A;YOL072W,1,1
YGL175C,0,0,0,0,0,0,0,0,0,0,0,0,0,,0,0
YLL003W,0,0,0,0,0,0,0,0,0,0,0,0,0,,0,0
YLR422W,0,0,0,0,0,0,0,0,0,0,0,0,0,,0,0
YNL234W,0,0,0,0,0,0,0,0,0,0,0,0,0,,0,0
YLL007C,0,0,0,0,0,0,0,0,0,0,0,0,0,,0,0
YLL012W,0,0,0,0,0,0,0,0,0,0,0,0,0,,0,0
YLL014W,0,0,0,0,0,0,0,0,0,0,0,0,1,YCL045C;YGL231C;YIL027C;YJR088C;YKL207W,1,1
YMR226C,0,0,0,0,0,0,0,0,0,0,0,0,0,,0,0
YPR160W,0,0,0,0,0,0,0,0,0,0,0,0,0,,0,0
YLL032C,0,0,0,0,0,0,0,0,0,0,0,0,0,,0,0
YML119W,0,0,0,0,0,0,0,0,0,0,0,0,0,,0,0
YLL027W,0,0,0,0,0,0,0,0,0,0,0,0,1,YJR122W;YPR067W,1,1
YLL054C,0,0,0,0,0,0,0,0,0,0,0,0,0,,0,0
YLL043W,0,0,0,0,0,0,0,0,0,0,0,0,0,,0,0
YLR001C,0,0,0,0,0,0,0,0,0,0,0,0,0,,0,0
YCR068W,0,0,0,0,0,0,0,0,0,0,0,0,0,,0,0
YLR006C,0,0,0,0,0,0,0,0,0,0,0,0,0,,0,0
YNR031C,0,0,0,0,0,0,0,0,0,0,0,0,0,,0,0
YLR011W,0,0,0,0,0,0,0,0,0,0,0,0,0,,0,0
YLR017W,0,0,0,0,0,0,0,0,0,0,0,0,0,,0,0
YLR016C,0,0,0,0,0,0,0,0,0,0,0,0,1,YDL030W;YDL043C;YER029C;YFL017W-A;YGL174W;YGR074W;YIR005W;YIR009W;YJL203W;YLR147C;YLR275W;YML049C;YMR240C;YMR288W;YNL138W-A;YNL286W;YOR159C;YOR319W;YPL213W;YPR094W;YPR182W,2,2
YIR005W,0,0,0,0,0,0,0,0,0,0,0,0,1,YAL032C;YBR065C;YBR188C;YCR063W;YDL030W;YDL043C;YDL209C;YDR088C;YDR163W;YDR364C;YDR416W;YDR482C;YER013W;YER029C;YER172C;YFL017W-A;YGL128C;YGL174W;YGR074W;YGR129W;YGR278W;YHR165C;YIR009W;YJL203W;YJR050W;YKL095W;YKL173W;YLL036C;YLR016C;YLR117C;YLR147C;YLR275W;YLR323C;YML049C;YMR213W;YMR240C;YMR288W;YNL138W-A;YNL245C;YNL286W;YOR148C;YOR159C;YOR319W;YPL064C;YPL151C;YPL213W;YPR094W;YPR101W;YPR182W,3,3
YGL174W,0,0,0,0,0,0,0,0,0,0,0,0,1,YAL032C;YBR065C;YBR188C;YCR063W;YDL030W;YDL043C;YDL209C;YDR088C;YDR163W;YDR364C;YDR416W;YDR482C;YER013W;YER029C;YER172C;YFL017W-A;YGL128C;YGR074W;YGR129W;YGR278W;YHR165C;YIR005W;YIR009W;YJL203W;YJR050W;YKL095W;YKL173W;YLL036C;YLR016C;YLR117C;YLR147C;YLR275W;YLR323C;YML049C;YMR213W;YMR240C;YMR288W;YNL138W-A;YNL245C;YNL286W;YOR148C;YOR159C;YOR319W;YPL064C;YPL151C;YPL213W;YPR094W;YPR101W;YPR182W,3,3
YLR032W,0,0,0,0,0,0,0,0,0,0,0,0,0,,0,0
YBR218C,0,0,0,0,0,0,0,0,0,0,0,0,0,,0,0
YLR035C,0,0,0,0,0,0,0,0,0,0,0,0,1,YMR167W,1,1
YLR035C-A,0,0,0,0,0,0,0,0,0,0,0,0,0,,0,0
YLR050C,0,0,0,0,0,0,0,0,0,0,0,0,0,,0,0
YLR045C,0,0,0,0,0,0,0,0,0,0,0,0,0,,0,0
YLR065C,0,0,0,0,0,0,0,0,0,0,0,0,0,,0,0
YLR060W,0,0,0,0,0,1,0,0,0,0,0,0,1,YFL022C,0,1
YFL022C,0,0,0,0,0,1,0,0,0,0,0,0,1,YLR060W,0,1
YLR084C,0,0,0,0,0,0,0,0,0,0,0,0,0,,0,0
YLR091W,0,0,0,0,0,0,0,0,0,0,0,0,0,,0,0
YLR105C,0,0,0,0,0,1,0,0,0,0,0,0,1,YAR008W;YMR059W;YPL083C,0,1
YAR008W,0,0,0,0,0,1,0,0,0,0,0,0,1,YLR105C;YMR059W;YPL083C,0,1
YPL083C,0,0,0,0,0,1,0,0,0,0,0,0,1,YAR008W;YLR105C;YMR059W,0,1
YLR107W,0,0,0,0,0,0,0,0,0,0,0,0,0,,0,0
YLR108C,0,0,0,0,0,0,0,0,0,0,0,0,0,,0,0
YLR132C,0,0,0,0,0,0,0,0,0,0,0,0,0,,0,0
YLR120C,0,0,0,0,0,0,0,0,0,0,0,0,0,,0,0
YLR141W,0,0,0,0,0,0,0,0,0,0,0,0,1,YBL025W;YBR009C;YBR010W;YMR270C;YOR295W,1,1
YLR136C,0,0,0,0,0,0,0,0,0,0,0,0,0,,0,0
YLR146C,0,0,0,0,0,0,0,0,0,0,0,0,0,,0,0
YPR069C,0,0,0,0,0,0,0,0,0,0,0,0,0,,0,0
YLR143W,0,0,0,0,0,0,0,0,0,0,0,0,0,,0,0
YLR168C,0,0,0,0,0,0,0,0,0,0,0,0,0,,0,0
YKL053C-A,0,0,0,0,0,0,0,0,0,0,0,0,0,,0,0
YLR176C,0,0,0,0,0,0,0,0,0,0,0,0,0,,0,0
YLR193C,0,0,0,0,0,0,0,0,0,0,0,0,0,,0,0
YLR190W,0,0,0,0,0,0,0,0,0,0,0,0,0,,0,0
YLR203C,0,0,0,0,0,0,0,0,0,0,0,0,1,YJL062W-A;YJR045C;YML129C,1,1
YLR194C,0,0,0,0,0,0,0,0,0,0,0,0,0,,0,0
YLR215C,0,0,0,0,0,0,0,0,0,0,0,0,0,,0,0
YLR210W,0,0,0,0,0,0,0,0,0,0,0,0,1,YBR160W,1,1
YLR226W,0,0,0,0,0,0,0,0,0,0,0,0,1,YPR161C,1,1
YPR161C,0,0,0,0,0,0,0,0,0,0,0,0,1,YLR226W,1,1
YLR231C,0,0,0,0,0,0,0,0,0,0,0,0,0,,0,0
YLR228C,0,0,0,0,0,0,0,0,0,0,0,0,0,,0,0
YLR234W,0,0,0,0,0,0,0,0,0,0,0,0,1,YMR190C;YPL024W,1,1
YMR190C,0,0,0,0,0,0,0,0,0,0,0,0,1,YLR234W;YPL024W,1,1
YLR262C,0,0,0,0,0,0,0,0,0,0,0,0,0,,0,0
YLR253W,0,0,0,0,0,0,0,0,0,0,0,0,0,,0,0
YLR271W,0,0,0,0,0,0,0,0,0,0,0,0,0,,0,0
YLR266C,0,0,0,0,0,0,0,0,0,0,0,0,0,,0,0
YLR283W,0,0,0,0,0,0,0,0,0,0,0,0,0,,0,0
YLR281C,0,0,0,0,0,0,0,0,0,0,0,0,0,,0,0
YLR287C-A,0,0,0,0,0,0,0,0,0,0,0,0,0,,0,0
YLR285W,0,0,0,0,0,0,0,0,0,0,0,0,0,,0,0
YLR300W,0,0,0,0,0,0,0,0,0,0,0,0,0,,0,0
YLR313C,0,0,0,0,0,0,0,0,0,0,0,0,0,,0,0
YLR309C,0,0,0,0,0,0,0,0,0,0,0,0,0,,0,0
YLR315W,0,0,0,0,0,0,0,0,0,0,0,0,1,YAL034W-A;YBR107C;YBR211C;YDL160C-A;YDR254W;YDR318W;YDR374W-A;YDR383C;YFR046C;YGR179C;YJR135C;YKL089W;YLR381W;YOL086W-A;YPL018W;YPR046W,2,2
YLR333C,0,0,0,0,0,0,0,0,0,0,0,0,0,,0,0
YOR299W,0,0,0,0,0,0,0,0,0,0,0,0,1,YJL099W;YKR027W;YLR330W;YMR237W,1,1
YLR351C,0,0,0,0,0,0,0,0,0,0,0,0,0,,0,0
YLR363W-A,0,0,0,0,0,0,0,0,0,0,0,0,0,,0,0
YLR367W,0,0,0,0,0,0,0,0,0,0,0,0,0,,0,0
YNR021W,0,0,0,0,0,0,0,0,0,0,0,0,0,,0,0
YPR063C,0,0,0,0,0,0,0,0,0,0,0,0,0,,0,0
YLR376C,0,0,0,0,0,1,0,0,0,0,0,0,1,YDR078C;YHL006C;YIL132C,0,1
YNL190W,0,0,0,0,0,0,0,0,0,0,0,0,0,,0,0
YLR392C,0,0,0,0,0,0,0,0,0,0,0,0,0,,0,0
YLR401C,0,0,0,0,0,0,0,0,0,0,0,0,0,,0,0
YLR395C,0,0,0,0,0,0,0,0,0,0,0,0,0,,0,0
YLR405W,0,0,0,0,0,0,0,0,0,0,0,0,0,,0,0
YPL108W,0,0,0,0,0,0,0,0,0,0,0,0,0,,0,0
YLR403W,0,0,0,0,0,0,0,0,0,0,0,0,0,,0,0
YLR407W,0,0,0,0,0,0,0,0,0,0,0,0,0,,0,0
YLR414C,0,0,0,0,0,0,0,0,0,0,0,0,0,,0,0
YDR014W,0,0,0,0,0,0,0,0,0,0,0,0,0,,0,0
YMR304W,0,0,0,0,0,0,0,0,0,0,0,0,0,,0,0
YLR436C,0,0,0,0,0,0,0,0,0,0,0,0,0,,0,0
YLR438W,0,0,0,0,0,0,0,0,0,0,0,0,0,,0,0
YLR438C-A,0,0,0,0,0,0,0,0,1,1,0,0,1,YBL026W;YBR055C;YBR152W;YCR077C;YDL098C;YDR243C;YDR378C;YDR473C;YEL026W;YER029C;YER112W;YER146W;YER172C;YFL017W-A;YFR005C;YGR074W;YGR075C;YGR091W;YHR165C;YJL124C;YJR022W;YKL173W;YLR147C;YLR275W;YMR268C;YNL147W;YOR159C;YOR308C;YPR082C;YPR178W;YPR182W,3,7
YDR378C,0,0,0,0,0,0,0,0,1,1,0,0,1,YBL026W;YBR055C;YBR152W;YCR077C;YDL098C;YDR243C;YDR473C;YEL026W;YER029C;YER112W;YER146W;YER172C;YFL017W-A;YFR005C;YGR074W;YGR075C;YGR091W;YHR165C;YJL124C;YJR022W;YKL173W;YLR147C;YLR275W;YLR438C-A;YMR268C;YNL147W;YOR159C;YOR308C;YPR082C;YPR178W;YPR182W,3,7
YER146W,0,0,0,0,0,0,0,0,1,1,0,0,1,YBL026W;YBR055C;YBR152W;YCR077C;YDL098C;YDR243C;YDR378C;YDR473C;YEL026W;YER029C;YER112W;YER172C;YFL017W-A;YFR005C;YGR074W;YGR075C;YGR091W;YHR165C;YJL124C;YJR022W;YKL173W;YLR147C;YLR275W;YLR438C-A;YMR268C;YNL147W;YOR159C;YOR308C;YPR082C;YPR178W;YPR182W,3,7
YNL147W,0,0,0,0,0,0,0,0,1,1,0,0,1,YBL026W;YBR055C;YBR152W;YCR077C;YDL098C;YDR243C;YDR378C;YDR473C;YEL026W;YER029C;YER112W;YER146W;YER172C;YFL017W-A;YFR005C;YGR074W;YGR075C;YGR091W;YHR165C;YJL124C;YJR022W;YKL173W;YLR147C;YLR275W;YLR438C-A;YMR268C;YOR159C;YOR308C;YPR082C;YPR178W;YPR182W,3,7
YLR452C,0,0,0,0,0,0,0,0,0,0,0,0,0,,0,0
YMR099C,0,0,0,0,0,0,0,0,0,0,0,0,0,,0,0
YML007W,0,0,0,0,0,0,0,0,0,0,0,0,0,,0,0
YML005W,0,0,0,0,0,0,0,0,0,0,0,0,0,,0,0
YML014W,0,0,0,0,0,0,0,0,0,0,0,0,1,YNR046W,1,1
YML008C,0,0,0,0,0,0,0,0,0,0,0,0,0,,0,0
YML020W,0,0,0,0,0,0,0,0,0,0,0,0,0,,0,0
YML018C,0,0,0,0,0,0,0,0,0,0,0,0,0,,0,0
YML024W,0,0,0,0,0,0,0,0,0,0,0,0,0,,0,0
YML021C,0,0,0,0,0,0,0,0,0,0,0,0,0,,0,0
YML027W,0,0,0,0,0,0,0,0,0,0,0,0,0,,0,0
YML026C,0,0,0,0,0,0,0,0,0,0,0,0,0,,0,0
YML038C,0,0,0,0,0,0,0,0,0,0,0,0,0,,0,0
YML037C,0,0,0,0,0,0,0,0,0,0,0,0,0,,0,0
YML051W,0,0,0,0,0,1,0,0,0,0,0,0,1,YBR020W;YDR009W;YPL248C,0,3
YLR081W,0,0,0,0,0,0,0,0,0,0,0,0,0,,0,0
YML058W,0,0,0,0,0,0,0,0,0,0,0,0,0,,0,0
YML052W,0,0,0,0,0,0,0,0,0,0,0,0,0,,0,0
YML060W,0,0,0,0,0,0,0,0,0,0,0,0,0,,0,0
YMR148W,0,0,0,0,0,0,0,0,0,0,0,0,0,,0,0
YMR147W,0,0,0,0,0,0,0,0,0,0,0,0,0,,0,0
YML070W,0,0,0,0,0,0,0,0,0,0,0,0,0,,0,0
YML079W,0,0,0,0,0,0,0,0,0,0,0,0,0,,0,0
YML116W,0,0,0,0,0,0,0,0,0,0,0,0,0,,0,0
YMR010W,0,0,0,0,0,0,0,0,0,0,0,0,0,,0,0
YMR002W,0,0,0,0,0,0,0,0,0,0,0,0,0,,0,0
YMR022W,0,0,0,1,0,0,0,0,0,0,0,0,1,YMR264W,0,1
YMR021C,0,0,0,0,0,0,0,0,0,0,0,0,0,,0,0
YMR032W,0,0,0,0,0,0,0,0,0,0,0,0,1,YDL117W;YER118C;YGL106W;YNL152W;YPL242C,2,2
YMR319C,0,0,0,0,0,0,0,0,0,0,0,0,0,,0,0
YMR027W,0,0,0,0,0,0,0,0,0,0,0,0,0,,0,0
YMR042W,0,0,0,0,0,0,0,0,0,0,0,0,1,YDR173C;YML099C;YMR043W,1,1
YML099C,0,0,0,0,0,0,0,0,0,0,0,0,1,YDR173C;YMR042W;YMR043W,1,1
YMR036C,0,0,0,0,0,0,0,0,0,0,0,0,0,,0,0
YMR048W,0,0,0,0,0,0,0,0,0,0,0,0,1,YNL273W,1,1
YBR072W,0,0,0,0,0,0,0,0,0,0,0,0,0,,0,0
YMR043W,0,0,0,0,0,1,0,0,0,0,0,0,1,YCR039C;YCR040W;YDR173C;YML099C;YMR042W,1,3
YDR173C,0,0,0,0,0,0,0,0,0,0,0,0,1,YML099C;YMR042W;YMR043W,1,1
YMR064W,0,0,0,0,0,0,0,0,0,0,0,0,0,,0,0
YMR059W,0,0,0,0,0,1,0,0,0,0,0,0,1,YAR008W;YLR105C;YPL083C,0,1
YMR069W,0,0,0,0,0,0,0,0,0,0,0,0,0,,0,0
YMR066W,0,0,0,0,0,0,0,0,0,0,0,0,0,,0,0
YMR076C,0,0,0,0,0,0,0,0,0,0,0,0,0,,0,0
YMR074C,0,0,0,0,0,0,0,0,0,0,0,0,0,,0,0
YMR079W,0,0,0,0,0,0,0,0,0,0,0,0,0,,0,0
YHR076W,0,0,0,0,0,0,0,0,0,0,0,0,0,,0,0
YMR077C,0,0,0,0,0,0,0,0,0,0,0,0,1,YKL002W;YKL041W;YLR025W,1,1
YMR097C,0,0,0,0,0,0,0,0,0,0,0,0,0,,0,0
YMR106C,0,0,0,1,0,0,0,0,0,0,0,0,1,YMR284W,0,1
YMR284W,0,0,0,1,0,0,0,0,0,0,0,0,1,YMR106C,0,1
YGL202W,0,0,0,0,0,0,0,0,0,0,0,0,0,,0,0
YMR127C,0,0,0,0,1,0,0,0,0,0,0,0,1,YDR181C;YOR213C,0,1
YDR181C,0,0,0,0,1,0,0,0,0,0,0,0,1,YMR127C;YOR213C,0,1
YMR138W,0,0,0,0,0,0,0,0,0,0,0,0,0,,0,0
YNL148C,0,0,0,0,0,0,0,0,0,0,0,0,0,,0,0
YOR349W,0,0,0,0,0,0,0,0,0,0,0,0,0,,0,0
YMR143W,0,0,0,0,0,0,0,0,0,0,0,0,0,,0,0
YMR139W,0,0,0,0,0,0,0,0,0,0,0,0,0,,0,0
YPR035W,0,0,0,0,0,0,0,0,0,0,0,0,0,,0,0
YMR159C,0,0,0,0,0,0,0,0,0,0,0,0,1,YBR217W;YPL149W,0,1
YPL149W,0,0,0,1,0,0,0,0,0,0,0,0,1,YBR217W;YMR159C,0,2
YMR144W,0,0,0,0,0,0,0,0,0,0,0,0,0,,0,0
YMR160W,0,0,0,0,0,0,0,0,0,0,0,0,0,,0,0
YNR048W,0,0,0,0,0,0,0,0,0,0,0,0,1,YMR162C,1,1
YMR162C,0,0,0,0,0,0,0,0,0,0,0,0,1,YNR048W,1,1
YMR167W,0,0,0,1,0,0,0,0,0,0,0,0,1,YLR035C;YNL082W;YPL164C,2,3
YMR164C,0,0,0,0,0,0,0,0,0,0,0,0,0,,0,0
YMR168C,0,0,0,0,0,0,0,1,0,0,0,0,1,YDR328C;YGR140W;YMR094W,0,1
YMR094W,0,0,0,0,0,0,0,1,0,0,0,0,1,YDR328C;YGR140W;YMR168C,0,1
YMR169C,0,0,0,0,0,0,0,0,0,0,0,0,0,,0,0
YMR170C,0,0,0,0,0,0,0,0,0,0,0,0,0,,0,0
YMR173W,0,0,0,0,0,0,0,0,0,0,0,0,0,,0,0
YMR171C,0,0,0,0,0,0,0,0,0,0,0,0,0,,0,0
YMR175W,0,0,0,0,0,0,0,0,0,0,0,0,0,,0,0
YMR306W,0,0,0,0,0,0,0,0,0,0,0,0,1,YPR165W,1,1
YMR174C,0,0,0,0,0,0,0,0,0,0,0,0,0,,0,0
YMR192W,0,0,0,0,0,0,0,0,0,0,0,0,0,,0,0
YPL249C,0,0,0,0,0,0,0,0,0,0,0,0,0,,0,0
YMR179W,0,0,0,0,0,0,0,0,0,0,0,0,0,,0,0
YMR194W,0,0,0,0,0,0,0,0,0,0,0,0,0,,0,0
YMR196W,0,0,0,0,0,0,0,0,0,0,0,0,0,,0,0
YMR195W,0,0,0,0,0,0,0,0,0,0,0,0,0,,0,0
YPR159W,0,0,0,0,0,0,0,0,0,0,0,0,0,,0,0
YMR200W,0,0,0,0,0,0,0,0,0,0,0,0,0,,0,0
YMR207C,0,0,0,0,0,0,0,0,0,0,0,0,0,,0,0
YMR225C,0,0,0,0,0,0,0,0,0,0,0,0,1,YBL038W;YBR122C;YBR268W;YBR282W;YCR003W;YCR046C;YCR071C;YDL202W;YDR115W;YDR116C;YDR237W;YDR296W;YDR322W;YDR405W;YDR462W;YEL050C;YGL068W;YGR076C;YGR220C;YHR147C;YJL063C;YJL096W;YKL138C;YKL167C;YKL170W;YKR006C;YKR085C;YLR312W-A;YLR439W;YML009C;YML025C;YMR024W;YMR193W;YMR286W;YNL005C;YNL122C;YNL177C;YNL185C;YNL252C;YNL284C;YNR022C;YOR150W;YPL173W;YPL183W-A;YPR100W,0,1
YMR232W,0,0,0,0,0,0,0,0,0,0,0,0,0,,0,0
YMR230W,0,0,0,0,0,0,0,0,0,0,0,0,0,,0,0
YMR242C,0,0,0,0,0,0,0,0,0,0,0,0,0,,0,0
YPL206C,0,0,0,0,0,0,0,0,0,0,0,0,0,,0,0
YMR243C,0,0,0,0,0,0,0,0,0,0,0,0,0,,0,0
YMR253C,0,0,0,0,0,0,0,0,0,0,0,0,0,,0,0
YMR251W-A,0,0,0,0,0,0,0,0,0,0,0,0,0,,0,0
YJR070C,0,0,0,0,0,0,0,0,0,0,0,0,0,,0,0
YMR256C,0,0,0,0,0,0,0,0,0,0,0,0,1,Q0045;Q0275;YLR038C,0,2
YMR280C,0,0,0,0,0,0,0,0,0,0,0,0,0,,0,0
YMR277W,0,0,0,0,0,0,0,0,0,0,0,0,0,,0,0
YMR285C,0,0,0,0,0,0,0,0,0,0,0,0,0,,0,0
YMR283C,0,0,0,0,0,0,0,0,0,0,0,0,0,,0,0
YPL029W,0,0,0,1,0,0,0,0,0,0,0,0,1,YMR287C,0,1
YMR287C,0,0,0,1,0,0,0,0,0,0,0,0,1,YPL029W,0,1
YAR019C,0,0,0,0,0,0,0,0,0,0,0,0,0,,0,0
YMR295C,0,0,0,0,0,0,0,0,0,0,0,0,0,,0,0
YER166W,0,0,0,0,0,0,0,0,0,0,0,0,1,YNL323W,1,1
YMR302C,0,0,0,0,0,0,0,0,0,0,0,0,0,,0,0
YMR299C,0,0,0,0,0,0,0,0,0,0,0,0,1,YDR424C;YDR488C;YKR054C,1,1
YNL003C,0,0,0,0,0,0,0,0,0,0,0,0,0,,0,0
YNL006W,0,0,0,0,0,0,0,0,0,0,0,0,1,YER093C;YHR186C;YJL058C;YJR066W;YKL203C;YMR068W;YOL078W;YPL180W,3,3
YNL010W,0,0,0,0,0,0,0,0,0,0,0,0,0,,0,0
YNL044W,0,0,0,0,0,0,0,0,0,0,0,0,0,,0,0
YNL046W,0,0,0,0,0,0,0,0,0,0,0,0,0,,0,0
YNL058C,0,0,0,0,0,0,0,0,0,0,0,0,0,,0,0
YNL053W,0,0,0,0,0,0,0,0,0,0,0,0,0,,0,0
YNL066W,0,0,0,0,0,0,0,0,0,0,0,0,0,,0,0
YNL063W,0,0,0,0,0,0,0,0,0,0,0,0,0,,0,0
YNL082W,0,0,0,1,0,0,0,0,0,0,0,0,1,YMR167W,0,1
YNL068C,0,0,0,0,0,0,0,0,0,0,0,0,0,,0,0
YNL095C,0,0,0,0,0,0,0,0,0,0,0,0,0,,0,0
YNL086W,0,0,0,0,0,0,0,0,0,0,0,0,1,YDR357C;YEL005C;YGL079W;YKL061W;YLR408C,1,1
YNL099C,0,0,0,0,0,0,0,0,0,0,0,0,0,,0,0
YNL098C,0,0,0,0,0,0,0,0,0,0,0,0,0,,0,0
YNL103W,0,0,0,0,0,0,0,0,0,0,0,0,1,YDR253C;YIR017C;YJR060W;YPL038W,3,3
YNL100W,0,0,0,0,0,0,0,0,0,0,0,0,1,YBR262C;YCL057C-A;YFR011C;YGR235C;YKR016W,1,1
YNL115C,0,0,0,0,0,0,0,0,0,0,0,0,0,,0,0
YNL108C,0,0,0,0,0,0,0,0,0,0,0,0,0,,0,0
YNL123W,0,0,0,0,0,0,0,0,0,0,0,0,0,,0,0
YNL125C,0,0,0,0,0,0,0,0,0,0,0,0,0,,0,0
YLR177W,0,0,0,0,0,0,0,0,0,0,0,0,0,,0,0
YNL136W,0,0,0,0,0,0,0,0,0,0,0,0,1,YDR359C;YEL018W;YFL024C;YFL039C;YGR002C;YHR090C;YHR099W;YJL081C;YJR082C;YNL107W;YOR244W;YPR023C,2,2
YNL130C,0,0,0,0,0,0,0,0,0,0,0,0,0,,0,0
YHR123W,0,0,0,0,0,0,0,0,0,0,0,0,0,,0,0
YNL167C,0,0,0,0,0,0,0,0,0,0,0,0,0,,0,0
YNL162W,0,0,0,0,0,0,0,0,0,0,0,0,0,,0,0
YNL216W,0,0,0,0,0,0,0,0,0,0,0,0,1,YBR275C;YLR453C;YNL199C;YPL075W,3,3
YNL198C,0,0,0,0,0,0,0,0,0,0,0,0,0,,0,0
YNL218W,0,0,0,0,0,0,0,0,0,0,0,0,0,,0,0
YNL217W,0,0,0,0,0,0,0,0,0,0,0,0,0,,0,0
YOL031C,0,0,0,0,0,0,0,0,0,0,0,0,0,,0,0
YNL238W,0,0,0,0,0,0,0,0,0,0,0,0,0,,0,0
YNL264C,0,0,0,0,0,0,0,0,0,0,0,0,1,YGR170W,1,1
YGR170W,0,0,0,0,0,0,0,0,0,0,0,0,1,YNL264C,1,1
YNL257C,0,0,0,0,0,0,0,0,0,0,0,0,0,,0,0
YNL278W,0,0,0,0,0,0,0,0,0,0,0,0,0,,0,0
YNL280C,0,0,0,0,0,0,0,0,0,0,0,0,0,,0,0
YDR458C,0,0,0,0,0,0,0,0,0,0,0,0,0,,0,0
YER044C,0,0,0,0,0,0,0,0,0,0,0,0,1,,0,0
YNL279W,0,0,0,0,0,0,0,0,0,0,0,0,0,,0,0
YNL298W,0,0,0,0,0,0,0,0,0,0,0,0,1,YAL041W;YBR200W,1,1
YNL282W,0,0,0,0,0,0,0,0,0,0,1,0,1,YAL033W;YBL018C;YBR167C;YBR257W;YDR478W;YGR030C;YHR062C;YIR015W;YLR145W;YNL221C,0,2
YDR478W,0,0,0,0,0,0,0,0,0,0,0,0,1,YAL033W;YBL018C;YBR167C;YBR257W;YGR030C;YHR062C;YLR145W;YNL221C;YNL282W,0,1
YNL309W,0,0,0,0,0,0,0,0,0,0,0,0,0,,0,0
YNL301C,0,0,0,0,0,0,0,0,0,0,0,0,0,,0,0
YNL315C,0,0,0,0,0,0,0,0,0,0,0,0,0,,0,0
YNL310C,0,0,0,0,0,0,0,0,0,0,0,0,0,,0,0
YNL322C,0,0,0,0,0,0,0,0,0,0,0,0,0,,0,0
YOL088C,0,0,0,0,0,0,0,0,0,0,0,0,0,,0,0
YGR143W,0,0,0,0,0,0,0,0,0,0,0,0,0,,0,0
YOR137C,0,0,0,0,0,0,0,0,0,0,0,0,0,,0,0
YNL327W,0,0,0,0,0,0,0,0,0,0,0,0,0,,0,0
YNL326C,0,0,0,0,0,0,0,0,0,0,0,0,0,,0,0
YLR224W,0,0,0,0,0,0,0,0,0,0,0,0,0,,0,0
YOR034C,0,0,0,0,0,0,0,0,0,0,0,0,0,,0,0
YNR007C,0,0,0,0,0,0,0,0,0,0,0,0,0,,0,0
YBL078C,0,0,0,0,0,0,0,0,0,0,0,0,0,,0,0
YNR043W,0,0,0,0,0,0,0,0,0,0,0,0,0,,0,0
YOL052C,0,0,0,0,0,0,0,0,0,0,0,0,0,,0,0
YNR044W,0,0,0,1,0,0,0,0,0,0,0,0,1,YGL032C,0,1
YNR056C,0,0,0,0,0,0,0,0,0,0,0,0,0,,0,0
YNR055C,0,0,0,0,0,0,0,0,0,0,0,0,0,,0,0
YOL007C,0,0,0,0,0,0,0,0,0,0,0,0,0,,0,0
YNR067C,0,0,0,0,0,0,0,0,0,0,0,0,0,,0,0
YOL020W,0,0,0,0,0,0,0,0,0,0,0,0,0,,0,0
YOL016C,0,0,0,0,0,0,0,0,0,0,0,0,0,,0,0
YOL027C,0,0,0,0,0,0,0,0,0,0,0,0,0,,0,0
YOL023W,0,0,0,0,0,0,0,0,0,0,0,0,0,,0,0
YOL033W,0,0,0,0,0,0,0,0,0,0,0,0,0,,0,0
YOL028C,0,0,0,0,0,0,0,0,0,0,0,0,0,,0,0
YBR177C,0,0,0,0,0,0,0,0,0,0,0,0,0,,0,0
YOL049W,0,0,0,0,0,0,0,0,0,0,0,0,0,,0,0
YOL047C,0,0,0,0,0,0,0,0,0,0,0,0,0,,0,0
YOL055C,0,0,0,0,0,0,0,0,0,0,0,0,0,,0,0
YOL052C-A,0,0,0,0,0,0,0,0,0,0,0,0,0,,0,0
YOL064C,0,0,0,0,0,0,0,0,0,0,0,0,0,,0,0
YOL060C,0,0,0,0,0,0,0,0,0,0,0,0,0,,0,0
YOL071W,0,0,0,0,0,0,0,0,0,0,0,0,0,,0,0
YOL066C,0,0,0,0,0,0,0,0,0,0,0,0,0,,0,0
YOL072W,0,0,0,0,0,0,0,0,0,0,0,0,1,YBR111W-A;YDR159W;YDR363W-A;YOR257W,2,2
YOL087C,0,0,0,0,0,0,0,0,0,0,0,0,0,,0,0
YOL092W,0,0,0,0,0,0,0,0,0,0,0,0,0,,0,0
YOL089C,0,0,0,0,0,0,0,0,0,0,0,0,0,,0,0
YOL101C,0,0,0,0,0,0,0,0,0,0,0,0,0,,0,0
YOL100W,0,0,0,0,0,0,0,0,0,0,0,0,0,,0,0
YOL113W,0,0,0,0,0,0,0,0,0,0,0,0,0,,0,0
YOL125W,0,0,0,0,0,0,0,0,0,0,0,0,0,,0,0
YOL123W,0,0,0,0,0,0,0,0,0,0,0,0,1,YDR228C;YGL044C;YMR061W;YOR250C,1,1
YOL126C,0,0,0,0,0,0,0,0,0,0,0,0,0,,0,0
YDL200C,0,0,0,0,0,0,0,0,0,0,0,0,0,,0,0
YGL184C,0,0,0,0,0,0,0,0,0,0,0,0,0,,0,0
YGL179C,0,0,0,0,0,0,0,0,0,0,0,0,0,,0,0
YGR127W,0,0,0,0,0,0,0,0,0,0,0,0,0,,0,0
YGR077C,0,0,0,0,0,0,0,0,0,0,0,0,0,,0,0
YKR009C,0,0,0,0,0,0,0,0,0,0,0,0,0,,0,0
YKL128C,0,0,0,0,0,0,0,0,0,0,0,0,0,,0,0
YOR090C,0,0,0,0,0,0,0,0,0,0,0,0,0,,0,0
YOR180C,0,0,0,0,0,0,0,0,0,0,0,0,0,,0,0
YOL137W,0,0,0,0,0,0,0,0,0,0,0,0,0,,0,0
YOL136C,0,0,0,0,0,0,0,0,0,0,0,0,0,,0,0
YOL141W,0,0,0,0,0,0,0,0,0,0,0,0,0,,0,0
YOL140W,0,0,0,0,0,0,0,0,0,0,0,0,0,,0,0
YOR026W,0,0,0,1,0,1,0,0,0,0,0,0,1,YGL086W;YGL116W;YGR188C;YJL013C;YJL030W,1,3
YGR188C,0,0,0,1,0,1,0,0,0,0,0,0,1,YGL086W;YJL030W;YOR026W,0,2
YOR040W,0,0,0,0,0,0,0,0,0,0,0,0,0,,0,0
YOR035C,0,0,0,0,0,0,0,0,0,0,0,0,0,,0,0
YAL029C,0,0,0,0,0,0,0,0,0,0,0,0,1,YBR109C;YGL106W,0,1
YOR060C,0,0,0,0,0,0,0,0,0,0,0,0,0,,0,0
YOR045W,0,0,0,0,0,0,0,0,0,0,0,0,1,YGR082W;YMR203W;YNL070W;YNL121C;YNL131W;YPR133W-A,1,2
YOR064C,0,0,0,0,0,0,0,0,0,0,0,0,1,YBL052C;YJR082C;YPL129W;YPR031W,1,1
YOR062C,0,0,0,0,0,0,0,0,0,0,0,0,0,,0,0
YOR074C,0,0,0,0,0,0,0,0,0,0,0,0,0,,0,0
YOR070C,0,0,0,0,0,0,0,0,0,0,0,0,0,,0,0
YOR077W,0,0,0,0,0,0,0,0,0,0,0,0,0,,0,0
YER019W,0,0,0,0,0,0,0,0,0,0,0,0,0,,0,0
YGR224W,0,0,0,0,0,0,0,0,0,0,0,0,0,,0,0
YGR197C,0,0,0,0,0,0,0,0,0,0,0,0,0,,0,0
YOR083W,0,0,0,0,0,0,0,0,0,0,0,0,0,,0,0
YOR094W,0,0,0,0,0,0,0,0,0,0,0,0,0,,0,0
YOR107W,0,0,0,0,0,0,0,0,0,0,0,0,0,,0,0
YAL054C,0,0,0,0,0,0,0,0,0,0,0,0,0,,0,0
YOR104W,0,0,0,0,0,0,0,0,0,0,0,0,0,,0,0
YOR120W,0,0,0,0,0,0,0,0,0,0,0,0,0,,0,0
YOR113W,0,0,0,0,0,0,0,0,0,0,0,0,0,,0,0
YOR143C,0,0,0,0,0,0,0,0,0,0,0,0,0,,0,0
YOR130C,0,0,0,0,0,0,0,0,0,0,0,0,0,,0,0
YOR156C,0,0,0,0,0,0,0,0,0,0,0,0,0,,0,0
YOR147W,0,0,0,0,0,0,0,0,0,0,0,0,0,,0,0
YOR167C,0,0,0,0,0,0,0,0,0,0,0,0,0,,0,0
YOR161C,0,0,0,0,0,0,0,0,0,0,0,0,0,,0,0
YOR179C,0,0,0,0,0,0,0,0,0,0,0,0,1,YAL043C;YDR195W;YDR301W;YER133W;YGR156W;YJR093C;YKL018W;YKL059C;YKR002W;YLR115W;YLR277C;YNL222W;YNL317W;YPR107C,1,1
YOR176W,0,0,0,0,0,0,0,0,0,0,0,0,0,,0,0
YOR185C,0,0,0,0,0,0,0,0,0,0,0,0,0,,0,0
YOR182C,0,0,0,0,0,0,0,0,0,0,0,0,0,,0,0
YOR199W,0,0,0,0,0,0,0,0,0,0,0,0,0,,0,0
YGL065C,0,0,0,0,0,0,0,0,0,0,0,0,0,,0,0
YGR284C,0,0,0,0,0,0,0,0,0,0,0,0,0,,0,0
YOR193W,0,0,0,0,0,0,0,0,0,0,0,0,0,,0,0
YOR221C,0,0,0,0,0,0,0,0,0,0,0,0,0,,0,0
YOR213C,0,0,0,0,1,0,0,0,0,0,0,0,1,YDR181C;YMR127C,0,1
YOR234C,0,0,0,0,0,0,0,0,0,0,0,0,0,,0,0
YOR231W,0,0,0,0,0,0,0,0,0,0,0,0,0,,0,0
YOR236W,0,0,0,0,0,0,0,0,0,0,0,0,0,,0,0
YOR246C,0,0,0,0,0,0,0,0,0,0,0,0,0,,0,0
YOR243C,0,0,0,0,0,0,0,0,0,0,0,0,0,,0,0
YOR269W,0,0,0,0,0,0,0,0,0,0,0,0,0,,0,0
YOR267C,0,0,0,0,0,0,0,0,0,0,0,0,0,,0,0
YOR274W,0,0,0,0,0,0,0,0,0,0,0,0,0,,0,0
YOR273C,0,0,0,0,0,0,0,0,0,0,0,0,0,,0,0
YOR288C,0,0,0,0,0,0,0,0,0,0,0,0,0,,0,0
YOR281C,0,0,0,0,0,0,0,0,0,0,0,0,0,,0,0
YOR293W,0,0,0,0,0,0,0,0,0,0,0,0,0,,0,0
YOR292C,0,0,0,0,0,0,0,0,0,0,0,0,0,,0,0
YOR297C,0,0,0,0,0,0,0,0,0,0,0,0,1,YBR091C;YDL217C;YEL020W-A;YHR005C-A;YJL054W,1,1
YOR295W,0,0,0,0,0,0,0,0,0,0,0,0,1,YBL025W;YBR009C;YBR010W;YLR141W;YMR270C,1,1
YOR312C,0,0,0,0,0,0,0,0,0,0,0,0,0,,0,0
YMR233W,0,0,0,0,0,0,0,0,0,0,0,0,0,,0,0
YOR305W,0,0,0,0,0,0,0,0,0,0,0,0,0,,0,0
YOR322C,0,0,0,0,0,0,0,0,0,0,0,0,0,,0,0
YOR317W,0,0,0,0,0,0,0,0,0,0,0,0,0,,0,0
YOR336W,0,0,0,0,0,0,0,0,0,0,0,0,0,,0,0
YOR342C,0,0,0,0,0,0,0,0,0,0,0,0,0,,0,0
YOR337W,0,0,0,0,0,0,0,0,0,0,0,0,0,,0,0
YOR354C,0,0,0,0,0,0,0,0,0,0,0,0,0,,0,0
YOR346W,0,0,0,0,0,0,0,0,0,0,0,0,0,,0,0
YOR358W,0,0,0,0,0,1,0,0,0,0,0,0,1,YBL021C;YGL237C;YKL109W,0,1
YOR355W,0,0,0,0,0,0,0,0,0,0,0,0,0,,0,0
YOR370C,0,0,0,0,0,0,0,0,0,0,0,0,1,YJL031C;YPR176C,1,1
YOR360C,0,0,0,0,0,0,0,0,0,0,0,0,0,,0,0
YOR372C,0,0,0,0,0,0,0,0,0,0,0,0,0,,0,0
YPL005W,0,0,0,0,0,0,0,0,0,0,0,0,0,,0,0
YPL024W,0,0,0,0,0,0,0,0,0,0,0,0,1,YLR234W;YMR190C,1,1
YPL030W,0,0,0,0,0,0,0,0,0,0,0,0,0,,0,0
YPL026C,0,0,0,0,0,0,0,0,0,0,0,0,0,,0,0
YPL067C,0,0,0,0,0,0,0,0,0,0,0,0,0,,0,0
YPL060W,0,0,0,0,0,0,0,0,0,0,0,0,0,,0,0
YOR334W,0,0,0,0,0,0,0,0,0,0,0,0,0,,0,0
YPL069C,0,0,0,0,0,0,0,0,0,0,0,0,0,,0,0
YPL068C,0,0,0,0,0,0,0,0,0,0,0,0,0,,0,0
YPL074W,0,0,0,0,0,0,0,0,0,0,0,0,0,,0,0
YPL072W,0,0,0,0,0,0,0,0,0,0,0,0,0,,0,0
YPL076W,0,0,0,0,0,0,0,0,0,0,0,0,1,YDR437W;YGR216C;YNL038W;YPL096C-A;YPL175W,1,1
YPL075W,0,0,0,0,0,0,0,0,0,0,0,0,1,YNL199C;YNL216W,2,2
YPL245W,0,0,0,0,0,0,0,0,0,0,0,0,0,,0,0
YPL087W,0,0,0,0,0,0,0,0,0,0,0,0,0,,0,0
YPL084W,0,0,0,0,0,0,0,0,0,0,0,0,0,,0,0
YPL097W,0,0,0,0,0,0,0,0,0,0,0,0,0,,0,0
YPL090C,0,0,0,0,0,0,0,0,0,0,0,0,0,,0,0
YPL109C,0,0,0,0,0,0,0,0,0,0,0,0,0,,0,0
YPL107W,0,0,0,0,0,0,0,0,0,0,0,0,0,,0,0
YPL115C,0,0,0,0,0,0,0,0,0,0,0,0,0,,0,0
YPL112C,0,0,0,0,0,0,0,0,0,0,0,0,0,,0,0
YPL125W,0,0,0,0,0,0,0,0,0,0,0,0,0,,0,0
YPL117C,0,0,0,0,0,0,0,0,0,0,0,0,0,,0,0
YPL144W,0,0,0,1,0,0,0,0,0,0,0,0,1,YLR021W,0,1
YLR021W,0,0,0,1,0,0,0,0,0,0,0,0,1,YPL144W,0,1
YPL133C,0,0,0,0,0,0,0,0,0,0,0,0,0,,0,0
YPL161C,0,0,0,0,0,0,0,0,0,0,0,0,0,,0,0
YPL168W,0,0,0,0,0,0,0,0,0,0,0,0,0,,0,0
YPL163C,0,0,0,0,0,0,0,0,0,0,0,0,0,,0,0
YPL183W-A,0,0,0,0,0,0,0,0,0,0,0,0,1,YBL038W;YBR122C;YBR268W;YBR282W;YCR003W;YCR046C;YCR071C;YDL202W;YDR115W;YDR116C;YDR237W;YDR296W;YDR322W;YDR405W;YDR462W;YEL050C;YGL068W;YGR076C;YGR220C;YHR147C;YJL063C;YJL096W;YKL138C;YKL167C;YKL170W;YKR006C;YKR085C;YLR312W-A;YLR439W;YML009C;YML025C;YMR024W;YMR193W;YMR225C;YMR286W;YNL005C;YNL122C;YNL177C;YNL185C;YNL252C;YNL284C;YNR022C;YOR150W;YPL173W;YPR100W,0,1
YPL175W,0,0,0,0,0,0,0,0,0,0,0,0,1,YDR437W;YGR216C;YNL038W;YPL076W;YPL096C-A,1,1
YPL198W,0,0,0,0,0,0,0,0,0,0,0,0,0,,0,0
YPL191C,0,0,0,0,0,0,0,0,0,0,0,0,0,,0,0
YPL220W,0,0,0,0,0,0,0,0,0,0,0,0,0,,0,0
YPL214C,0,0,0,0,0,0,0,0,0,0,0,0,0,,0,0
YPL222W,0,0,0,0,0,0,0,0,0,0,0,0,0,,0,0
YPL242C,0,0,0,0,0,0,0,0,0,0,0,0,1,YGL106W;YMR032W,1,1
YPL239W,0,0,0,0,0,0,0,0,0,0,0,0,0,,0,0
YPL247C,0,0,0,0,0,0,0,0,0,0,0,0,0,,0,0
YJL141C,0,0,0,0,0,0,0,0,0,0,0,0,0,,0,0
YPL246C,0,0,0,0,0,0,0,0,0,0,0,0,0,,0,0
YGR172C,0,0,0,0,0,0,0,0,0,0,0,0,0,,0,0
YPL273W,0,0,0,0,0,0,0,0,0,0,0,0,0,,0,0
YPL269W,0,0,0,0,0,0,0,0,0,0,0,0,0,,0,0
YER016W,0,0,0,0,0,0,0,0,0,0,0,0,0,,0,0
YPR003C,0,0,0,0,0,0,0,0,0,0,0,0,0,,0,0
YPR002W,0,0,0,0,0,0,0,0,0,0,0,0,0,,0,0
YPR013C,0,0,0,0,0,0,0,0,0,0,0,0,0,,0,0
YPR006C,0,0,0,0,0,0,0,0,0,0,0,0,0,,0,0
YPR022C,0,0,0,0,0,0,0,0,0,0,0,0,0,,0,0
YPR016C,0,0,0,0,0,0,0,0,0,0,0,0,0,,0,0
YPR040W,0,0,0,0,0,0,0,0,0,0,0,0,0,,0,0
YPR047W,0,0,0,0,0,0,0,0,0,0,0,0,0,,0,0
YPR043W,0,0,0,0,0,0,0,0,0,0,0,0,0,,0,0
YPR057W,0,0,0,0,0,0,0,0,0,0,0,0,0,,0,0
YPR097W,0,0,0,0,0,0,0,0,0,0,0,0,0,,0,0
YPR067W,0,0,0,0,0,0,0,0,0,0,0,0,1,YJR122W;YLL027W,1,1
YPR102C,0,0,0,0,0,0,0,0,0,0,0,0,0,,0,0
YPR129W,0,0,0,0,0,0,0,0,0,0,0,0,0,,0,0
YPR122W,0,0,0,0,0,0,0,0,0,0,0,0,0,,0,0
YPR140W,0,0,0,0,0,0,0,0,0,0,0,0,0,,0,0
YPR132W,0,0,0,0,0,0,0,0,0,0,0,0,0,,0,0
YPR148C,0,0,0,0,0,0,0,0,0,0,0,0,0,,0,0
YPR141C,0,0,0,0,0,0,0,0,0,0,0,0,0,,0,0
YPR155C,0,0,0,0,0,0,0,0,0,0,0,0,0,,0,0
YPR186C,0,0,0,0,0,0,0,0,0,0,0,0,0,,0,0
YLR133W,0,0,0,0,0,0,0,0,0,0,0,0,0,,0,0
YML123C,0,0,0,0,0,0,0,0,0,0,0,0,0,,0,0
YNL192W,0,0,0,0,0,0,0,0,0,0,0,0,0,,0,0
YBR123C,0,0,0,0,0,0,0,0,0,0,0,0,1,YAL001C;YDR362C;YGR047C;YOR110W;YPL007C,1,1
YDR362C,0,0,0,0,0,0,0,0,0,0,0,0,1,YAL001C;YBR123C;YGR047C;YOR110W;YPL007C,1,1
YGR047C,0,0,0,0,0,0,0,0,0,0,0,0,1,YAL001C;YBR123C;YDR362C;YOR110W;YPL007C,1,1
YOR110W,0,0,0,0,0,0,0,0,0,0,0,0,1,YAL001C;YBR123C;YDR362C;YGR047C;YPL007C,1,1
YAL001C,0,0,0,0,0,0,0,0,0,0,0,0,1,YBR123C;YDR362C;YGR047C;YOR110W;YPL007C,1,1
YAL002W,0,0,0,0,0,0,0,0,0,0,0,0,1,YDR495C;YLR148W;YLR396C;YMR231W;YPL045W,1,1
YDR495C,0,0,0,0,0,0,0,0,0,0,0,0,1,YAL002W;YLR148W;YLR396C;YMR231W;YPL045W,1,1
YCL050C,0,0,0,0,0,0,0,0,0,0,0,0,0,,0,0
YBR101C,0,0,0,0,0,0,0,0,0,0,0,0,0,,0,0
YDL226C,0,0,0,0,0,0,0,0,0,0,0,0,0,,0,0
YDR068W,0,0,0,0,0,0,0,0,0,0,0,0,0,,0,0
YEL007W,0,0,0,0,0,0,0,0,0,0,0,0,0,,0,0
YDR103W,0,0,0,0,0,0,0,0,0,0,0,0,0,,0,0
YGL073W,0,0,0,0,0,0,0,0,0,0,0,0,0,,0,0
YIL044C,0,0,0,0,0,0,0,0,0,0,0,0,0,,0,0
YLR257W,0,0,0,0,0,0,0,0,0,0,0,0,0,,0,0
YNL241C,0,0,0,0,0,0,0,0,0,0,0,0,0,,0,0
YOL032W,0,0,0,0,0,0,0,0,0,0,0,0,0,,0,0
YAL038W,0,0,0,0,0,0,0,0,0,0,0,0,1,YDR502C;YER081W;YIL074C;YLR058C;YLR153C;YLR180W,1,1
YOR027W,0,0,0,0,0,0,0,0,0,0,0,0,0,,0,0
YDR289C,0,0,0,0,0,0,0,0,0,0,0,0,0,,0,0
YJR017C,0,0,0,0,0,0,0,0,0,0,0,0,0,,0,0
YOR032C,0,0,0,0,0,0,0,0,0,0,0,0,0,,0,0
YDR483W,0,0,0,0,0,0,0,0,0,0,0,0,0,,0,0
YBL032W,0,0,0,0,0,0,0,0,0,0,0,0,0,,0,0
YIR035C,0,0,0,0,0,0,0,0,0,0,0,0,0,,0,0
YIL110W,0,0,0,0,0,0,0,0,0,0,0,0,0,,0,0
YLL001W,0,0,0,0,0,0,0,0,0,0,0,0,0,,0,0
YLR118C,0,0,0,0,0,0,0,0,0,0,0,0,0,,0,0
YMR130W,0,0,0,0,0,0,0,0,0,0,0,0,0,,0,0
YMR217W,0,0,0,0,0,0,0,0,0,0,0,0,0,,0,0
YOR131C,0,0,0,0,0,0,0,0,0,0,0,0,0,,0,0
YOR241W,0,0,0,0,0,0,0,0,0,0,0,0,0,,0,0
YPR118W,0,0,0,0,0,0,0,0,0,0,0,0,0,,0,0
YPR089W,0,0,0,0,0,0,0,0,0,0,0,0,0,,0,0
YDR372C,0,0,0,0,0,0,0,0,0,0,0,0,0,,0,0
YJL159W,0,0,0,0,0,0,0,0,0,0,0,0,0,,0,0
YNL157W,0,0,0,0,0,0,0,0,0,0,0,0,0,,0,0
YKR084C,0,0,0,1,0,0,0,0,0,0,0,0,1,YNL001W,0,1
YLR225C,0,0,0,0,0,0,0,0,0,0,0,0,0,,0,0
YLR195C,0,0,0,0,0,0,0,0,0,0,0,0,0,,0,0
YOR057W,0,0,0,0,0,0,0,0,0,0,0,0,0,,0,0
YDR545W;YLR466W;YLR467W;YOR396W;YIL177C;YJL225C,0,0,0,0,0,0,0,0,0,0,0,0,0,,0,0
YLR359W,0,0,0,0,0,0,0,0,0,0,0,0,0,,0,0
YMR206W,0,0,0,0,0,0,0,0,0,0,0,0,0,,0,0
YFL045C,0,0,0,0,0,0,0,0,0,0,0,0,0,,0,0
YIL053W,0,0,0,0,0,0,0,0,0,0,0,0,0,,0,0
YKR014C,0,0,0,0,0,0,0,0,0,0,0,0,0,,0,0
YJL217W,0,0,0,0,0,0,0,0,0,0,0,0,0,,0,0
YNL313C,0,0,0,0,0,0,0,0,0,0,0,0,0,,0,0
YLR097C,0,0,0,0,0,0,1,0,0,0,0,0,1,YDL132W;YDR054C;YDR328C;YOL133W,0,1
YKL090W,0,0,0,0,0,0,0,0,0,0,0,0,0,,0,0
YNL263C,0,0,0,0,0,0,0,0,0,0,0,0,0,,0,0
YGL002W,0,0,0,0,0,0,0,0,0,0,0,0,0,,0,0
YML012W,0,0,0,0,0,0,0,0,0,0,0,0,1,YAL007C;YAR002C-A;YGL200C,1,1
YAL023C,0,0,0,1,0,0,0,0,0,0,0,0,1,YDL093W;YDL095W,0,2
YDL095W,0,0,0,1,0,0,0,0,0,0,0,0,1,YAL023C;YOR321W,0,2
YKL096W,0,0,0,0,0,0,0,0,0,0,0,0,0,,0,0
YPR113W,0,0,0,0,0,0,0,0,0,0,0,0,0,,0,0
YCR017C,0,0,0,0,0,0,0,0,0,0,0,0,0,,0,0
YEL031W,0,0,0,0,0,0,0,0,0,0,0,0,0,,0,0
YDR297W,0,0,0,0,0,0,0,0,0,0,0,0,0,,0,0
YGL055W,0,0,0,0,0,0,0,0,0,0,0,0,0,,0,0
YJR143C,1,0,0,0,0,0,0,0,0,0,0,0,1,,0,1
YJL117W,0,0,0,0,0,0,0,0,0,0,0,0,0,,0,0
YKL008C,0,0,0,0,0,1,0,0,0,0,0,0,1,YHL003C;YMR298W,0,1
YNR019W,0,0,0,0,0,0,0,0,0,0,0,0,0,,0,0
YAL012W,0,0,0,0,0,0,0,0,0,0,0,0,0,,0,0
YHR112C,0,0,0,0,0,0,0,0,0,0,0,0,0,,0,0
YAL016W,0,0,0,0,1,0,0,0,0,0,0,0,1,YDL134C;YDL188C;YGL190C;YOR014W,0,4
YGL190C,0,0,0,0,1,0,0,0,0,0,0,0,1,YAL016W;YDL134C;YDL188C,0,2
YDR200C,0,0,0,0,0,0,0,0,0,0,0,0,1,YFR008W;YLR238W;YMR029C;YMR052W;YNL127W,1,1
YMR052W,0,0,0,0,0,0,0,0,0,0,0,0,1,YDR200C;YFR008W;YLR238W;YMR029C;YNL127W,1,1
YML109W,0,0,0,0,0,0,0,0,0,0,0,0,0,,0,0
YNR032W,0,0,0,0,0,0,0,0,0,0,0,0,0,,0,0
YOR014W,0,0,0,0,1,0,0,0,0,0,0,0,1,YAL016W;YDL134C;YDL188C,0,2
YAL019W,1,0,0,0,0,0,0,0,0,0,0,0,1,,0,1
YDR252W,0,0,0,1,0,0,0,0,0,0,0,0,1,YHR193C,0,1
YDL165W,0,0,0,0,0,0,0,0,0,0,0,0,1,YAL021C;YCR093W;YER068W;YGR134W;YIL038C;YNL288W;YNR052C;YPR072W,1,1
YNL288W,0,0,0,0,0,0,0,0,0,0,0,0,1,YAL021C;YCR093W;YDL165W;YER068W;YGR134W;YIL038C;YNR052C;YPR072W,1,1
YGR134W,0,0,0,0,0,0,0,0,0,0,0,0,1,YAL021C;YCR093W;YDL165W;YER068W;YIL038C;YNL288W;YNR052C;YPR072W,1,1
YJR011C,0,0,0,0,0,0,0,0,0,0,0,0,0,,0,0
YOR175C,0,0,0,0,0,0,0,0,0,0,0,0,0,,0,0
YMR134W,0,0,0,0,0,0,0,0,0,0,0,0,0,,0,0
YIL136W,0,0,0,0,0,0,0,0,0,0,0,0,0,,0,0
YOL155C,0,0,0,0,0,0,0,0,0,0,0,0,0,,0,0
YHR192W,0,0,0,0,0,0,0,0,0,0,0,0,0,,0,0
YPR139C,0,0,0,0,0,0,0,0,0,0,0,0,0,,0,0
YAL053W,0,0,0,0,0,0,0,0,0,0,0,0,0,,0,0
YCR094W,0,0,0,0,0,0,0,0,0,0,0,0,1,YAL026C,1,1
YGR217W,0,0,0,0,0,0,0,0,0,0,0,0,0,,0,0
YDL237W,0,0,0,0,0,0,0,0,0,0,0,0,0,,0,0
YAL027W,0,0,0,0,0,0,0,0,0,0,0,0,1,YML095C;YPL022W,1,1
YPL022W,0,0,0,0,1,0,0,0,0,0,0,0,1,YAL027W;YLR135W;YML095C;YMR201C,2,3
YML095C,0,0,0,0,1,0,0,0,0,0,0,0,1,YAL027W;YLR135W;YMR201C;YPL022W,2,3
YKL130C,0,0,0,0,0,0,0,0,0,0,0,0,0,,0,0
YDR088C,0,0,0,0,0,0,0,0,0,0,0,0,1,YAL032C;YBR065C;YBR188C;YCR063W;YDL030W;YDL043C;YDL209C;YDR163W;YDR364C;YDR416W;YDR482C;YER013W;YER029C;YER172C;YGL128C;YGL174W;YGR074W;YGR129W;YGR278W;YHR165C;YIR005W;YIR009W;YJL203W;YJR050W;YKL095W;YKL173W;YLL036C;YLR117C;YLR147C;YLR275W;YLR323C;YML049C;YMR213W;YMR240C;YMR288W;YNL245C;YOR148C;YPL064C;YPL151C;YPL213W;YPR101W;YPR182W,1,1
YDR482C,0,0,0,0,0,0,0,0,0,0,0,0,1,YAL032C;YBR065C;YBR188C;YCR063W;YDL030W;YDL043C;YDL209C;YDR088C;YDR163W;YDR364C;YDR416W;YER013W;YER029C;YER172C;YGL128C;YGL174W;YGR074W;YGR129W;YGR278W;YHR165C;YIR005W;YIR009W;YJL203W;YJR050W;YKL095W;YKL173W;YLL036C;YLR117C;YLR147C;YLR275W;YLR323C;YML049C;YMR213W;YMR240C;YMR288W;YNL245C;YOR148C;YPL064C;YPL151C;YPL213W;YPR101W;YPR182W,1,1
YGR278W,0,0,0,0,0,0,0,0,0,0,0,0,1,YAL032C;YBR065C;YBR188C;YCR063W;YDL030W;YDL043C;YDL209C;YDR088C;YDR163W;YDR364C;YDR416W;YDR482C;YER013W;YER029C;YER172C;YGL128C;YGL174W;YGR074W;YGR129W;YHR165C;YIR005W;YIR009W;YJL203W;YJR050W;YKL095W;YKL173W;YLL036C;YLR117C;YLR147C;YLR275W;YLR323C;YML049C;YMR213W;YMR240C;YMR288W;YNL245C;YOR148C;YPL064C;YPL151C;YPL213W;YPR101W;YPR182W,1,1
YNL245C,0,0,0,0,0,0,0,0,0,0,0,0,1,YAL032C;YBR065C;YBR188C;YCR063W;YDL030W;YDL043C;YDL209C;YDR088C;YDR163W;YDR364C;YDR416W;YDR482C;YER013W;YER029C;YER172C;YGL128C;YGL174W;YGR074W;YGR129W;YGR278W;YHR165C;YIR005W;YIR009W;YJL203W;YJR050W;YKL095W;YKL173W;YLL036C;YLR117C;YLR147C;YLR275W;YLR323C;YML049C;YMR213W;YMR240C;YMR288W;YOR148C;YPL064C;YPL151C;YPL213W;YPR101W;YPR182W,1,1
YMR213W,0,0,0,0,0,0,0,0,0,0,0,0,1,YAL032C;YBR065C;YBR188C;YCR063W;YDL030W;YDL043C;YDL209C;YDR088C;YDR163W;YDR364C;YDR416W;YDR482C;YER013W;YER029C;YER172C;YGL128C;YGL174W;YGR074W;YGR129W;YGR278W;YHR165C;YIR005W;YIR009W;YJL203W;YJR050W;YKL095W;YKL173W;YLL036C;YLR117C;YLR147C;YLR275W;YLR323C;YML049C;YMR240C;YMR288W;YNL245C;YOR148C;YPL064C;YPL151C;YPL213W;YPR101W;YPR182W,2,2
YOR148C,0,0,0,0,0,0,0,0,0,0,0,0,1,YAL032C;YBR065C;YBR188C;YCR063W;YDL030W;YDL043C;YDL209C;YDR088C;YDR163W;YDR364C;YDR416W;YDR482C;YER013W;YER029C;YER172C;YGL128C;YGL174W;YGR074W;YGR129W;YGR278W;YHR165C;YIR005W;YIR009W;YJL203W;YJR050W;YKL095W;YKL173W;YLL036C;YLR117C;YLR147C;YLR275W;YLR323C;YML049C;YMR213W;YMR240C;YMR288W;YNL245C;YPL064C;YPL151C;YPL213W;YPR101W;YPR182W,1,1
YBR188C,0,0,0,0,0,0,0,0,0,0,0,0,1,YAL032C;YBR065C;YCR063W;YDL030W;YDL043C;YDL209C;YDR088C;YDR163W;YDR364C;YDR416W;YDR482C;YER013W;YER029C;YER172C;YGL128C;YGL174W;YGR074W;YGR129W;YGR278W;YHR165C;YIR005W;YIR009W;YJL203W;YJR050W;YKL095W;YKL173W;YLL036C;YLR117C;YLR147C;YLR275W;YLR323C;YML049C;YMR213W;YMR240C;YMR288W;YNL245C;YOR148C;YPL064C;YPL151C;YPL213W;YPR101W;YPR182W,2,2
YNR011C,0,0,0,0,0,0,0,0,0,0,0,0,0,,0,0
YGR006W,0,0,0,0,0,0,0,0,0,0,0,0,0,,0,0
YER013W,0,0,0,0,0,0,0,0,0,0,0,0,1,YAL032C;YBR065C;YBR188C;YCR063W;YDL030W;YDL043C;YDL209C;YDR088C;YDR163W;YDR364C;YDR416W;YDR482C;YER029C;YER172C;YGL128C;YGL174W;YGR074W;YGR129W;YGR278W;YHR165C;YIR005W;YIR009W;YJL203W;YJR050W;YKL095W;YKL173W;YLL036C;YLR117C;YLR147C;YLR275W;YLR323C;YML049C;YMR213W;YMR240C;YMR288W;YNL245C;YOR148C;YPL064C;YPL151C;YPL213W;YPR101W;YPR182W,1,1
YNL133C,0,0,0,0,0,0,0,0,0,0,0,0,0,,0,0
YJR069C,0,0,0,0,0,0,0,0,0,0,0,0,0,,0,0
YER159C,0,0,0,0,0,0,0,0,0,0,0,0,1,YDR397C,1,1
YDR397C,0,0,0,0,0,0,0,0,0,0,0,0,1,YER159C,1,1
YLR145W,0,0,0,0,0,0,0,0,0,0,0,0,1,YAL033W;YBL018C;YBR167C;YBR257W;YDR478W;YGR030C;YHR062C;YNL221C;YNL282W,0,1
YAL034W-A,0,0,0,0,0,1,0,0,0,0,0,0,1,YBR107C;YBR211C;YDR254W;YDR318W;YDR383C;YGR179C;YIR010W;YJR112W;YJR135C;YLR315W;YLR381W;YPL018W;YPL233W;YPR046W,1,2
YBR200W,0,0,0,0,0,0,0,0,0,0,0,0,1,YAL041W;YNL298W,1,1
YDR423C,0,0,0,0,0,0,0,0,0,0,0,0,0,,0,0
YPL079W,0,0,0,0,0,0,0,0,0,0,0,0,0,,0,0
YMR265C,0,0,0,0,0,0,0,0,0,0,0,0,0,,0,0
YOL093W,0,0,0,0,0,0,0,0,0,0,0,0,0,,0,0
YBL087C;YER117W,0,0,0,0,0,0,0,0,0,0,0,0,0,,0,0
YNL102W,0,0,0,0,0,1,0,0,0,0,0,0,1,YBL035C;YIR008C;YKL045W,0,1
YGR210C,0,0,0,0,0,0,0,0,0,0,0,0,0,,0,0
YGL122C,0,0,0,0,0,0,0,0,0,0,0,0,0,,0,0
YBR108W,0,0,0,0,0,0,0,0,0,0,0,0,0,,0,0
YNL094W,0,0,0,0,0,0,0,0,0,0,0,0,0,,0,0
YER089C,0,0,0,0,0,0,0,0,0,0,0,0,0,,0,0
YOL078W,0,0,0,0,0,0,0,0,0,0,0,0,1,YER093C;YJL058C;YKL203C;YMR068W;YNL006W,1,1
Q0160,0,0,0,0,0,0,0,0,0,0,0,0,0,,0,0
YMR303C,0,0,0,0,0,0,0,0,0,0,0,0,0,,0,0
YCR021C,0,0,0,0,0,0,0,0,0,0,0,0,0,,0,0
YGL108C,0,0,0,0,0,0,0,0,0,0,0,0,0,,0,0
YDR316W-B;YPR158W-B,0,0,0,0,0,0,0,0,0,0,0,0,0,,0,0
YER138C;YAR009C,0,0,0,0,0,0,0,0,0,0,0,0,0,,0,0
YLR337C,0,0,0,0,0,0,0,0,0,0,0,0,0,,0,0
YER078C,0,0,0,0,0,0,0,0,0,0,0,0,0,,0,0
YOR393W;YPL281C;YMR323W,0,0,0,0,0,0,0,0,0,0,0,0,0,,0,0
YDR143C,0,0,0,0,0,0,0,0,0,0,0,0,0,,0,0
YAL039C,0,0,0,0,0,0,0,0,0,0,0,0,0,,0,0
YAL062W,0,0,0,0,0,0,0,0,0,0,0,0,0,,0,0
YAL044C,0,0,0,0,0,0,0,0,0,0,0,0,1,YDR019C;YFL018C;YMR189W,1,1
YOR196C,0,0,0,0,0,0,0,0,0,0,0,0,0,,0,0
YLR239C,0,0,0,0,0,0,0,0,0,0,0,0,0,,0,0
YMR189W,0,0,0,0,0,0,0,0,0,0,0,0,1,YAL044C;YDR019C;YFL018C,1,1
YAL047C,0,0,0,0,0,0,0,0,0,0,0,0,0,,0,0
YHR172W,0,0,0,0,0,1,0,0,0,0,0,0,1,YLR212C;YNL126W,0,1
YNL126W,0,0,0,0,0,1,0,0,0,0,0,0,1,YHR172W;YLR212C,0,1
YLR212C,0,0,0,0,0,1,0,0,0,0,0,0,1,YHR172W;YNL126W,0,1
YEL047C,0,0,0,0,0,0,0,0,0,0,0,0,0,,0,0
YAL049C,0,0,0,0,0,0,0,0,0,0,0,0,0,,0,0
YEL041W,0,0,0,0,0,0,0,0,0,0,0,0,0,,0,0
YNR040W,0,0,0,0,0,0,0,0,0,0,0,0,0,,0,0
YAL060W,0,0,0,0,0,0,0,0,0,0,0,0,0,,0,0
YAL061W,0,0,0,0,0,0,0,0,0,0,0,0,0,,0,0
YOR098C,0,0,0,0,0,0,0,0,0,0,0,0,1,YAR002W;YBL079W;YDL088C;YDL116W;YDL207W;YDR192C;YDR424C;YER105C;YER107C;YFR002W;YGL100W;YGL172W;YGR119C;YIL115C;YIL149C;YJL039C;YJL041W;YJL061W;YJR042W;YKL057C;YKL068W;YKR082W;YKR095W;YLR018C;YLR208W;YLR335W;YML031W;YML103C;YMR047C;YMR129W;YMR153W,1,1
YPL020C,0,0,0,0,0,0,0,0,0,0,0,0,0,,0,0
YDL019C,0,0,0,0,0,0,0,0,0,0,0,0,0,,0,0
YDR002W,0,0,0,0,0,0,0,0,0,0,0,0,0,,0,0
YPL227C,0,0,0,0,0,0,0,0,0,0,0,0,0,,0,0
YBR175W,0,0,0,0,0,0,0,0,0,0,0,0,1,YAR003W;YBR258C;YDR469W;YHR119W;YKL018W;YLR015W;YPL138C,0,1
YHR119W,0,0,0,0,0,0,0,0,0,0,0,0,1,YAR003W;YBR175W;YBR258C;YDR469W;YKL018W;YLR015W;YPL138C,0,1
YBR258C,0,0,0,0,0,0,0,0,0,0,0,0,1,YAR003W;YBR175W;YDR469W;YHR119W;YKL018W;YLR015W;YPL138C,0,1
YDR469W,0,0,0,0,0,0,0,0,0,0,0,0,1,YAR003W;YBR175W;YBR258C;YHR119W;YKL018W;YLR015W;YPL138C,0,1
YLR015W,0,0,0,0,0,0,0,0,0,0,0,0,1,YAR003W;YBR175W;YBR258C;YDR469W;YHR119W;YKL018W;YPL138C,0,1
YAR003W,0,0,0,0,0,0,0,0,0,0,0,0,1,YBR175W;YBR258C;YDR469W;YHR119W;YKL018W;YLR015W;YPL138C,0,1
YBL035C,0,0,0,0,0,1,0,0,0,0,0,0,1,YIR008C;YKL045W;YNL102W,0,1
YDL160C-A,0,0,0,0,0,0,0,0,0,0,0,0,1,YBR107C;YBR211C;YDR254W;YDR318W;YDR374W-A;YDR383C;YFR046C;YGR179C;YJR135C;YKL089W;YLR315W;YLR381W;YOL086W-A;YPL018W;YPR046W,1,1
YDR489W,0,0,0,0,0,1,0,0,0,0,0,0,1,YBL023C;YBR202W;YBR278W;YDR013W;YDR121W;YEL032W;YGL201C;YJL072C;YLR103C;YLR274W;YNL262W;YOL146W;YPR019W;YPR175W,2,3
YBR136W,0,0,0,0,0,1,0,0,0,0,0,0,1,YDR499W,0,1
YHR164C,0,0,0,0,0,0,0,0,0,0,0,0,0,,0,0
YDR499W,0,0,0,0,0,1,0,0,0,0,0,0,1,YBR136W,0,1
YLR103C,0,0,0,0,0,0,0,0,0,0,0,0,1,YBL023C;YBR202W;YBR278W;YDR013W;YDR121W;YDR489W;YEL032W;YGL201C;YJL072C;YLR274W;YNL262W;YOL146W;YPR019W;YPR175W,2,2
YNL312W,0,0,0,0,1,0,0,0,0,0,0,0,1,YAR007C;YJL173C,0,1
YML061C,0,0,0,0,0,0,0,0,0,0,0,0,0,,0,0
YIR008C,0,0,0,0,0,1,0,0,0,0,0,0,1,YBL035C;YKL045W;YNL102W,0,1
YKL045W,0,0,0,0,0,1,0,0,0,0,0,0,1,YBL035C;YIR008C;YNL102W,0,1
YOL146W,0,0,0,0,0,1,0,0,0,0,0,0,1,YBL023C;YBR202W;YBR278W;YDR013W;YDR121W;YDR489W;YEL032W;YGL201C;YJL072C;YLR103C;YLR274W;YNL262W;YPR019W;YPR175W,2,3
YDR013W,0,0,0,0,0,1,0,0,0,0,0,0,1,YBL023C;YBR202W;YBR278W;YDR121W;YDR489W;YEL032W;YGL201C;YJL072C;YLR103C;YLR274W;YNL262W;YOL146W;YPR019W;YPR175W,2,3
YAR028W,0,0,0,0,0,0,0,0,0,0,0,0,0,,0,0
YBL002W,0,0,0,0,0,0,0,0,0,1,0,0,1,YBL003C;YBR009C;YBR010W;YDR225W;YOL012C,0,3
YDR097C,0,0,0,1,0,0,0,0,0,0,0,0,1,YOL090W,0,1
YER077C,0,0,0,0,0,0,0,0,0,0,0,0,0,,0,0
YNL213C,0,0,0,0,0,0,0,0,0,0,0,0,0,,0,0
YDR115W,0,0,0,0,0,0,0,0,0,0,0,0,1,YBL038W;YBR122C;YBR268W;YBR282W;YCR003W;YCR046C;YCR071C;YDL202W;YDR116C;YDR237W;YDR296W;YDR322W;YDR405W;YDR462W;YEL050C;YGL068W;YGR076C;YGR220C;YHR147C;YJL063C;YJL096W;YKL138C;YKL167C;YKL170W;YKR006C;YKR085C;YLR312W-A;YLR439W;YML009C;YML025C;YMR024W;YMR193W;YMR225C;YMR286W;YNL005C;YNL122C;YNL177C;YNL185C;YNL252C;YNL284C;YNR022C;YOR150W;YPL173W;YPL183W-A;YPR100W,0,1
YBR141C,0,0,0,0,0,0,0,0,0,0,0,0,0,,0,0
YPL159C,0,0,0,0,0,0,0,0,0,0,0,0,0,,0,0
YNL295W,0,0,0,0,0,0,0,0,0,0,0,0,0,,0,0
YJL095W,0,0,0,0,0,0,0,0,0,0,0,0,0,,0,0
YPL150W,0,0,0,0,0,0,0,0,0,0,0,0,0,,0,0
YKL093W,0,0,0,0,0,0,0,0,0,0,0,0,0,,0,0
YBR202W,0,0,0,0,0,0,0,1,0,0,0,0,1,YBL023C;YBR278W;YDR013W;YDR121W;YDR489W;YEL032W;YGL201C;YJL072C;YLR103C;YLR274W;YNL262W;YOL146W;YPR019W;YPR175W,2,3
YBL003C,0,0,0,0,0,0,0,0,0,1,0,0,1,YBL002W;YBR009C;YBR010W;YDR224C,0,2
YPR049C,0,0,0,0,0,0,0,0,0,0,0,0,0,,0,0
YAL024C,0,0,0,0,0,0,0,0,0,0,0,0,0,,0,0
YHR148W,0,0,0,0,0,0,0,0,0,0,0,0,1,YBL004W;YBR247C;YCL031C;YCL059C;YCR057C;YDL014W;YDL148C;YDL153C;YDR324C;YDR339C;YDR398W;YDR449C;YEL026W;YER082C;YER127W;YGR090W;YGR128C;YGR145W;YHR196W;YIL019W;YJL069C;YJL109C;YJR002W;YKL099C;YKR060W;YLL011W;YLR051C;YLR129W;YLR186W;YLR197W;YLR222C;YLR409C;YML093W;YMR093W;YMR128W;YMR229C;YNL075W;YNL132W;YOL010W;YOR078W;YOR145C;YOR310C;YPL126W;YPL217C;YPR137W;YPR144C,2,2
YCL031C,0,0,0,0,0,0,0,0,0,0,0,0,1,YBL004W;YBR247C;YCL059C;YCR057C;YDL014W;YDL148C;YDL153C;YDR324C;YDR339C;YDR398W;YDR449C;YEL026W;YER082C;YER127W;YGL019W;YGR090W;YGR128C;YGR145W;YHR148W;YHR196W;YIL019W;YIL035C;YJL069C;YJL109C;YJR002W;YKL099C;YKR060W;YLL011W;YLR051C;YLR129W;YLR186W;YLR197W;YLR222C;YLR223C;YLR409C;YML093W;YMR093W;YMR128W;YMR229C;YNL075W;YNL132W;YOL010W;YOR039W;YOR061W;YOR078W;YOR145C;YOR310C;YPL126W;YPL217C;YPR137W;YPR144C,7,7
YDL111C,0,0,0,0,0,0,0,0,0,0,0,1,1,YCR035C;YDR280W;YGR095C;YGR158C;YGR195W;YHR069C;YNL232W;YOL021C;YOL142W;YOR001W,0,2
YDR457W,0,0,0,0,0,0,0,0,0,0,0,0,0,,0,0
YGR158C,0,0,0,0,0,0,0,0,0,0,0,1,1,YCR035C;YDL111C;YDR280W;YGR095C;YGR195W;YHR069C;YNL232W;YOL021C;YOL142W;YOR001W,0,2
YCL035C,0,0,0,0,0,0,0,0,0,0,0,0,0,,0,0
YCL033C,0,0,0,0,0,0,0,0,0,0,0,0,0,,0,0
YKL015W,0,0,0,0,0,0,0,0,0,0,0,0,0,,0,0
YBR038W,0,0,0,0,0,0,0,0,0,0,0,0,0,,0,0
YDL161W,0,0,0,0,0,0,0,0,0,0,0,0,0,,0,0
YJL094C,0,0,0,0,0,0,0,0,0,0,0,0,0,,0,0
YOR181W,0,0,0,0,0,0,0,0,0,0,0,0,1,YBL007C,1,1
YGR241C,0,0,0,0,0,0,0,0,0,0,0,0,0,,0,0
YBL010C,0,0,0,0,0,0,0,0,0,0,0,0,0,,0,0
YBL013W,0,0,0,0,0,0,0,0,0,0,0,0,0,,0,0
YBL011W,0,0,0,0,0,0,0,0,0,0,0,0,0,,0,0
YML043C,0,0,0,0,0,0,0,0,0,0,0,0,1,YBL014C;YJL025W,1,1
YBL014C,0,0,0,0,0,0,0,0,0,0,0,0,1,YJL025W;YML043C,1,1
YJL025W,0,0,0,0,0,0,0,0,0,0,0,0,1,YBL014C;YML043C,1,1
YJL072C,0,0,0,0,0,1,0,0,0,0,0,0,1,YBL023C;YBR202W;YBR278W;YDR013W;YDR121W;YDR489W;YEL032W;YGL201C;YLR103C;YLR274W;YNL262W;YOL146W;YPR019W;YPR175W,2,3
YBR260C,0,0,0,0,0,0,0,0,0,0,0,0,0,,0,0
YDR524C,0,0,0,0,0,0,0,0,0,0,0,0,0,,0,0
YDR380W,0,0,0,0,0,0,0,0,0,0,0,0,0,,0,0
YPR075C,0,0,0,0,0,0,0,0,0,0,0,0,1,YGR014W,1,1
YBL027W,0,0,0,0,0,0,0,0,0,0,0,0,0,,0,0
YBL091C,0,0,0,0,0,0,0,0,0,0,0,0,0,,0,0
YBR267W,0,0,0,0,0,0,0,0,0,0,0,0,0,,0,0
YLR077W,0,0,0,0,0,0,0,0,0,0,0,0,0,,0,0
YKR043C,0,0,0,0,0,0,0,0,0,0,0,0,0,,0,0
YGL057C,0,0,0,0,0,0,0,0,0,0,0,0,0,,0,0
YGL226W,0,0,0,0,0,0,0,0,0,0,0,0,0,,0,0
YOR095C,0,0,0,0,0,0,0,0,0,0,0,0,0,,0,0
YBR276C,0,0,0,0,0,0,0,0,0,0,0,0,0,,0,0
YLL002W,0,0,0,0,0,1,0,0,0,0,0,0,1,YNL246W,0,1
YPR172W,0,0,0,0,0,0,0,0,0,0,0,0,0,,0,0
YLR456W,0,0,0,0,0,0,0,0,0,0,0,0,0,,0,0
YBL033C,0,0,0,0,0,0,0,0,0,0,0,0,0,,0,0
YJL167W,0,0,0,0,0,0,0,0,0,0,0,0,0,,0,0
YOR089C,0,0,0,0,0,0,0,0,0,0,0,0,0,,0,0
YKL033W-A,0,0,0,0,0,0,0,0,0,0,0,0,0,,0,0
